row_idx,smiles,solvent,empeakwavs_max
8123,COc1ccc(-c2c3ccccc3c(-c3ccc(OC)cc3)c3cc4sc(C)cc4cc23)cc1,ClCCl,469.0
7706,COc1cc(-c2cc(-c3ccccc3)c(-c3ccccc3)c(-c3ccccc3)c2-c2ccccc2)c(OC)cc1-c1ccc(N(C)C)cc1,ClC(Cl)Cl,396.0
5618,CN(C)c1ccc(-c2ccc(-c3cc(-c4ccccc4)c(-c4ccccc4)c(-c4ccccc4)c3-c3ccccc3)cc2)cc1,ClC(Cl)Cl,373.0
3354,CCCCCCN1C(=O)c2cccc3c(-c4ccc(-c5cc(-c6cccc7ccccc67)nn5-c5ccccc5)s4)ccc(c23)C1=O,ClCCl,515.0
975,CC(C)(C)c1ccc(-c2nc3c4ccc(-c5cc6ccccc6c6ccccc56)cc4c4cc(-c5cc6ccccc6c6ccccc56)ccc4c3n2-c2ccc(C(C)(C)C)cc2)cc1,C1CCOC1,388.0
976,CC(C)(C)c1ccc(-c2nc3c4ccc(-c5cc6ccccc6c6ccccc56)cc4c4cc(-c5cc6ccccc6c6ccccc56)ccc4c3n2-c2ccc(C(C)(C)C)cc2)cc1,C1COCCO1,386.0
977,CC(C)(C)c1ccc(-c2nc3c4ccc(-c5cc6ccccc6c6ccccc56)cc4c4cc(-c5cc6ccccc6c6ccccc56)ccc4c3n2-c2ccc(C(C)(C)C)cc2)cc1,CC#N,405.0
978,CC(C)(C)c1ccc(-c2nc3c4ccc(-c5cc6ccccc6c6ccccc56)cc4c4cc(-c5cc6ccccc6c6ccccc56)ccc4c3n2-c2ccc(C(C)(C)C)cc2)cc1,CCCCCC,382.0
979,CC(C)(C)c1ccc(-c2nc3c4ccc(-c5cc6ccccc6c6ccccc56)cc4c4cc(-c5cc6ccccc6c6ccccc56)ccc4c3n2-c2ccc(C(C)(C)C)cc2)cc1,CCCCOCCCC,384.0
980,CC(C)(C)c1ccc(-c2nc3c4ccc(-c5cc6ccccc6c6ccccc56)cc4c4cc(-c5cc6ccccc6c6ccccc56)ccc4c3n2-c2ccc(C(C)(C)C)cc2)cc1,CCN(CC)CC,384.0
981,CC(C)(C)c1ccc(-c2nc3c4ccc(-c5cc6ccccc6c6ccccc56)cc4c4cc(-c5cc6ccccc6c6ccccc56)ccc4c3n2-c2ccc(C(C)(C)C)cc2)cc1,CCOC(C)=O,388.0
982,CC(C)(C)c1ccc(-c2nc3c4ccc(-c5cc6ccccc6c6ccccc56)cc4c4cc(-c5cc6ccccc6c6ccccc56)ccc4c3n2-c2ccc(C(C)(C)C)cc2)cc1,CCOCC,384.0
983,CC(C)(C)c1ccc(-c2nc3c4ccc(-c5cc6ccccc6c6ccccc56)cc4c4cc(-c5cc6ccccc6c6ccccc56)ccc4c3n2-c2ccc(C(C)(C)C)cc2)cc1,CN(C)C=O,404.0
984,CC(C)(C)c1ccc(-c2nc3c4ccc(-c5cc6ccccc6c6ccccc56)cc4c4cc(-c5cc6ccccc6c6ccccc56)ccc4c3n2-c2ccc(C(C)(C)C)cc2)cc1,Cc1ccccc1,385.0
985,CC(C)(C)c1ccc(-c2nc3c4ccc(-c5cc6ccccc6c6ccccc56)cc4c4cc(-c5cc6ccccc6c6ccccc56)ccc4c3n2-c2ccc(C(C)(C)C)cc2)cc1,ClC=C(Cl)Cl,388.0
986,CC(C)(C)c1ccc(-c2nc3c4ccc(-c5cc6ccccc6c6ccccc56)cc4c4cc(-c5cc6ccccc6c6ccccc56)ccc4c3n2-c2ccc(C(C)(C)C)cc2)cc1,ClCCl,404.0
15105,c1ccc2c(-c3ccc(-c4nnc(-c5ccc(-c6nnc(-c7ccc(-c8cccc9ccccc89)s7)o6)cc5)o4)s3)cccc2c1,C1COCCO1,434.0
15106,c1ccc2c(-c3ccc(-c4nnc(-c5ccc(-c6nnc(-c7ccc(-c8cccc9ccccc89)s7)o6)cc5)o4)s3)cccc2c1,CC#N,458.0
15107,c1ccc2c(-c3ccc(-c4nnc(-c5ccc(-c6nnc(-c7ccc(-c8cccc9ccccc89)s7)o6)cc5)o4)s3)cccc2c1,CC(=O)N(C)C,462.0
15108,c1ccc2c(-c3ccc(-c4nnc(-c5ccc(-c6nnc(-c7ccc(-c8cccc9ccccc89)s7)o6)cc5)o4)s3)cccc2c1,CCCCCCCCCCO,440.0
15109,c1ccc2c(-c3ccc(-c4nnc(-c5ccc(-c6nnc(-c7ccc(-c8cccc9ccccc89)s7)o6)cc5)o4)s3)cccc2c1,CCCCCCCCO,442.0
15110,c1ccc2c(-c3ccc(-c4nnc(-c5ccc(-c6nnc(-c7ccc(-c8cccc9ccccc89)s7)o6)cc5)o4)s3)cccc2c1,CCCCCCO,445.0
15111,c1ccc2c(-c3ccc(-c4nnc(-c5ccc(-c6nnc(-c7ccc(-c8cccc9ccccc89)s7)o6)cc5)o4)s3)cccc2c1,CCCCO,451.0
15112,c1ccc2c(-c3ccc(-c4nnc(-c5ccc(-c6nnc(-c7ccc(-c8cccc9ccccc89)s7)o6)cc5)o4)s3)cccc2c1,CCO,459.0
15113,c1ccc2c(-c3ccc(-c4nnc(-c5ccc(-c6nnc(-c7ccc(-c8cccc9ccccc89)s7)o6)cc5)o4)s3)cccc2c1,CS(C)=O,468.0
15114,c1ccc2c(-c3ccc(-c4nnc(-c5ccc(-c6nnc(-c7ccc(-c8cccc9ccccc89)s7)o6)cc5)o4)s3)cccc2c1,Cc1ccccc1,434.0
15115,c1ccc2c(-c3ccc(-c4nnc(-c5ccc(-c6nnc(-c7ccc(-c8cccc9ccccc89)s7)o6)cc5)o4)s3)cccc2c1,ClC(Cl)Cl,410.0
14619,c1ccc(-c2ccc(-c3ccccc3)s2)cc1,C1CCOC1,389.0
13495,O=Cc1ccc(-c2cccc(-c3nc4ccccc4s3)c2O)o1,CCO,567.0
13496,O=Cc1ccc(-c2cccc(-c3nc4ccccc4s3)c2O)o1,ClCCl,565.0
13497,O=Cc1ccc(-c2cccc(-c3nc4ccccc4s3)c2O)o1,O,585.0
14124,Oc1c(-c2ccco2)cccc1-c1nc2ccccc2s1,CCO,575.0
14180,Oc1ccc(-c2ccco2)cc1-c1nc2ccccc2s1,CCO,435.0
14181,Oc1ccc(-c2ccco2)cc1-c1nc2ccccc2s1,ClCCl,406.0
13488,O=Cc1ccc(-c2ccc(O)c(-c3nc4ccccc4s3)c2)o1,CCO,550.0
14125,Oc1c(-c2ccco2)cccc1-c1nc2ccccc2s1,ClCCl,577.0
14182,Oc1ccc(-c2ccco2)cc1-c1nc2ccccc2s1,O,577.0
11784,N#CC(C#N)=Cc1ccc(-c2ccc(O)c(-c3nc4ccccc4s3)c2)o1,CCO,632.0
11785,N#CC(C#N)=Cc1ccc(-c2ccc(O)c(-c3nc4ccccc4s3)c2)o1,ClCCl,612.0
11786,N#CC(C#N)=Cc1ccc(-c2ccc(O)c(-c3nc4ccccc4s3)c2)o1,O,652.0
13489,O=Cc1ccc(-c2ccc(O)c(-c3nc4ccccc4s3)c2)o1,ClCCl,553.0
14126,Oc1c(-c2ccco2)cccc1-c1nc2ccccc2s1,O,569.0
11790,N#CC(C#N)=Cc1ccc(-c2cccc(-c3nc4ccccc4s3)c2O)o1,CCO,631.0
11791,N#CC(C#N)=Cc1ccc(-c2cccc(-c3nc4ccccc4s3)c2O)o1,ClCCl,605.0
11792,N#CC(C#N)=Cc1ccc(-c2cccc(-c3nc4ccccc4s3)c2O)o1,O,635.0
13490,O=Cc1ccc(-c2ccc(O)c(-c3nc4ccccc4s3)c2)o1,O,564.0
7260,COC(=O)[C@@H]1C(=O)Oc2ccccc2[C@H]1c1c[nH]c2ccccc12,CS(C)=O,376.0
9784,Cc1cc(-c2ccc(N(c3ccccc3)c3ccccc3)cc2)c2nsnc2c1-c1ccc(N(c2ccccc2)c2ccccc2)cc1,ClCCl,577.0
14969,c1ccc(N(c2ccccc2)c2ccc(-c3ccc(-c4ccc(N(c5ccccc5)c5ccccc5)cc4)c4nsnc34)cc2)cc1,ClCCl,639.0
10635,Cc1ccc(N(c2ccc(C)cc2)c2ccc(-c3ccc(-c4ccc(N(c5ccc(C)cc5)c5ccc(C)cc5)cc4)c4nsnc34)cc2)cc1,Cc1ccccc1,628.0
10636,Cc1ccc(N(c2ccc(C)cc2)c2ccc(-c3ccc(-c4ccc(N(c5ccc(C)cc5)c5ccc(C)cc5)cc4)c4nsnc34)cc2)cc1,ClCCl,609.0
1600,CC1(C)CC(/C=C/c2cn(-c3ccccc3)nc2-c2ccccc2)=CC(=C(C#N)C#N)C1,C1COCCO1,548.0
1601,CC1(C)CC(/C=C/c2cn(-c3ccccc3)nc2-c2ccccc2)=CC(=C(C#N)C#N)C1,CCO,564.0
1602,CC1(C)CC(/C=C/c2cn(-c3ccccc3)nc2-c2ccccc2)=CC(=C(C#N)C#N)C1,CCOC(C)=O,564.0
1603,CC1(C)CC(/C=C/c2cn(-c3ccccc3)nc2-c2ccccc2)=CC(=C(C#N)C#N)C1,CN(C)C=O,565.0
1604,CC1(C)CC(/C=C/c2cn(-c3ccccc3)nc2-c2ccccc2)=CC(=C(C#N)C#N)C1,CO,561.0
1605,CC1(C)CC(/C=C/c2cn(-c3ccccc3)nc2-c2ccccc2)=CC(=C(C#N)C#N)C1,CS(C)=O,578.0
1606,CC1(C)CC(/C=C/c2cn(-c3ccccc3)nc2-c2ccccc2)=CC(=C(C#N)C#N)C1,Cc1ccccc1,542.0
1607,CC1(C)CC(/C=C/c2cn(-c3ccccc3)nc2-c2ccccc2)=CC(=C(C#N)C#N)C1,ClC(Cl)Cl,550.0
1608,CC1(C)CC(/C=C/c2cn(-c3ccccc3)nc2-c2ccccc2)=CC(=C(C#N)C#N)C1,ClCCl,550.0
1599,CC1(C)CC(/C=C/c2cn(-c3ccccc3)nc2-c2ccccc2)=CC(=C(C#N)C#N)C1,C1CCOC1,556.0
14357,S=P1(c2ccccc2)c2cccc3c4c5ccccc5c5ccccc5c4c4ccc1n4c23,ClCCl,493.0
2487,CCC12C(=C3C(=C4c5ccc(-c6ccc(C(C)=O)cc6)cc5S(=O)(=O)C41CC)C(F)(F)C(F)(F)C3(F)F)c1ccc(-c3ccc(C(C)=O)cc3)cc1S2(=O)=O,C1COCCO1,561.954262
2496,CCC12C(=C3C(=C4c5ccc(-c6ccc(CO)cc6)cc5S(=O)(=O)C41CC)C(F)(F)C(F)(F)C3(F)F)c1ccc(-c3ccc(CO)cc3)cc1S2(=O)=O,C1COCCO1,538.5654886
2497,CCC12C(=C3C(=C4c5ccc(-c6ccccc6)cc5S(=O)(=O)C41CC)C(F)(F)C(F)(F)C3(F)F)c1ccc(-c3ccccc3)cc1S2(=O)=O,C1COCCO1,561.3832853
14360,[BH3-][P+]1(c2ccccc2)c2ccccc2-c2sc3ccccc3c21,C1CCCCC1,395.0
14361,[BH3-][P+]1(c2ccccc2)c2ccccc2-c2sc3ccccc3c21,CC#N,401.0
14362,[BH3-][P+]1(c2ccccc2)c2ccccc2-c2sc3ccccc3c21,CCO,400.0
14363,[BH3-][P+]1(c2ccccc2)c2ccccc2-c2sc3ccccc3c21,ClCCl,400.0
9563,C[P+]1(c2ccccc2)c2ccccc2-c2sc3ccccc3c21,CC#N,442.0
9564,C[P+]1(c2ccccc2)c2ccccc2-c2sc3ccccc3c21,CCO,442.0
9565,C[P+]1(c2ccccc2)c2ccccc2-c2sc3ccccc3c21,ClCCl,445.0
13980,O=c1ccc2cc3ccoc3cc2o1,CC(C)O,460.0
13981,O=c1ccc2cc3ccoc3cc2o1,CCO,460.0
13982,O=c1ccc2cc3ccoc3cc2o1,CCOCC,393.0
13983,O=c1ccc2cc3ccoc3cc2o1,CO,465.0
13984,O=c1ccc2cc3ccoc3cc2o1,O,505.0
14243,Oc1ccc2ccccc2c1/C=N/c1ccccc1/N=C/c1c(O)ccc2ccccc12,CC#N,496.0
6573,CN(C)c1ccc2ccc3oc(=O)c(-c4ccccc4)nc3c2c1,c1ccccc1,608.0
14009,O=c1oc2ccc3ccc(O)cc3c2nc1-c1ccccc1,c1ccccc1,486.0
9235,COc1ccc2ccc3oc(=O)c(-c4ccccc4)nc3c2c1,c1ccccc1,488.0
14011,O=c1oc2ccc3ccccc3c2nc1-c1ccc(Cl)cc1,c1ccccc1,465.0
14012,O=c1oc2ccc3ccccc3c2nc1-c1ccccc1,CC#N,475.0
14013,O=c1oc2ccc3ccccc3c2nc1-c1ccccc1,CCCCCC,453.0
8344,COc1ccc(-c2nc3c(ccc4ccccc43)oc2=O)cc1,c1ccccc1,480.0
14014,O=c1oc2ccc3ccccc3c2nc1-c1ccccc1,CO,476.0
14015,O=c1oc2ccc3ccccc3c2nc1-c1ccccc1,c1ccccc1,463.5
13993,O=c1oc2cc(S(=O)(=O)O)c3ccccc3c2nc1-c1ccccc1,CC#N,480.0
15249,c1ccc2c(c1)sc1c3ccccc3c3ncncc3c21,ClCCl,412.0
1245,CC(C)(C)c1ccc2c(c1)c1ncncc1c1c3ccccc3sc21,ClCCl,414.0
8083,COc1cc2c3sc4ccccc4c3c3cncnc3c2c(OC)c1OC,ClCCl,426.0
7386,COC(=O)c1ccc(C2=C3C(C)=CC(C)=[N+]3[B-](F)(F)n3c(/C=C/c4c[nH]cn4)cc(C)c32)cc1,ClC(Cl)Cl,589.0
156,C(/C=C/c1ccc(-n2c3ccccc3c3ccccc32)cc1)=C\c1ccncc1,C1COCCO1,436.0
157,C(/C=C/c1ccc(-n2c3ccccc3c3ccccc32)cc1)=C\c1ccncc1,CC#N,492.0
158,C(/C=C/c1ccc(-n2c3ccccc3c3ccccc32)cc1)=C\c1ccncc1,CCCCCCC,382.0
159,C(/C=C/c1ccc(-n2c3ccccc3c3ccccc32)cc1)=C\c1ccncc1,CO,496.0
1529,CC1(C)C(/C=C/C2=C(Oc3ccc(CCN=C=S)cc3)/C(=C/C=C3/N(CCCS(=O)(=O)[O-])c4ccccc4C3(C)C)CCC2)=[N+](CCCS(=O)(=O)[O-])c2ccccc21,CO,794.0
1530,CC1(C)C(/C=C/C2=C(Oc3ccc(CCN=C=S)cc3Br)/C(=C/C=C3/N(CCCS(=O)(=O)[O-])c4ccccc4C3(C)C)CCC2)=[N+](CCCS(=O)(=O)[O-])c2ccccc21,CO,798.0
1531,CC1(C)C(/C=C/C2=C(Oc3ccc(CCN=C=S)cc3Cl)/C(=C/C=C3/N(CCCS(=O)(=O)[O-])c4ccccc4C3(C)C)CCC2)=[N+](CCCS(=O)(=O)[O-])c2ccccc21,CO,797.0
1532,CC1(C)C(/C=C/C2=C(Oc3ccc(CCN=C=S)cc3F)/C(=C/C=C3/N(CCCS(=O)(=O)[O-])c4ccccc4C3(C)C)CCC2)=[N+](CCCS(=O)(=O)[O-])c2ccccc21,CO,797.0
1533,CC1(C)C(/C=C/C2=C(Oc3ccc(CCN=C=S)cc3I)/C(=C/C=C3/N(CCCS(=O)(=O)[O-])c4ccccc4C3(C)C)CCC2)=[N+](CCCS(=O)(=O)[O-])c2ccccc21,CO,796.0
3774,CCCCc1ccc(N(c2ccc(CCCC)cc2)c2ccc3c(c2)S(=O)(=O)c2cc(N(c4ccc(CCCC)cc4)c4ccc(CCCC)cc4)ccc2-3)cc1,Cc1ccccc1,482.0
3775,CCCCc1ccc(N(c2ccc(CCCC)cc2)c2ccc3c(c2)S(=O)(=O)c2cc(N(c4ccc(CCCC)cc4)c4ccc(CCCC)cc4)ccc2-3)cc1,ClC(Cl)Cl,516.0
12500,Nc1ccc(/C=C/c2cccnc2)cc1,CC#N,446.0
12501,Nc1ccc(/C=C/c2cccnc2)cc1,CCCCCC,390.0
10645,Cc1ccc(N(c2ccc(C)cc2)c2ccc3c4cccc5c(N(c6ccc(C)cc6)c6ccc(C)cc6)ccc(c6cccc2c63)c54)cc1,C1CCCCC1,546.0
10646,Cc1ccc(N(c2ccc(C)cc2)c2ccc3c4cccc5c(N(c6ccc(C)cc6)c6ccc(C)cc6)ccc(c6cccc2c63)c54)cc1,C1CCOC1,551.0
10647,Cc1ccc(N(c2ccc(C)cc2)c2ccc3c4cccc5c(N(c6ccc(C)cc6)c6ccc(C)cc6)ccc(c6cccc2c63)c54)cc1,CC#N,574.0
10648,Cc1ccc(N(c2ccc(C)cc2)c2ccc3c4cccc5c(N(c6ccc(C)cc6)c6ccc(C)cc6)ccc(c6cccc2c63)c54)cc1,Cc1ccccc1,548.0
10649,Cc1ccc(N(c2ccc(C)cc2)c2ccc3c4cccc5c(N(c6ccc(C)cc6)c6ccc(C)cc6)ccc(c6cccc2c63)c54)cc1,ClCCl,568.0
12197,N#Cc1ccc(N(c2ccc(C#N)cc2)c2ccc3c4cccc5c(N(c6ccc(C#N)cc6)c6ccc(C#N)cc6)ccc(c6cccc2c63)c54)cc1,C1CCCCC1,494.0
12198,N#Cc1ccc(N(c2ccc(C#N)cc2)c2ccc3c4cccc5c(N(c6ccc(C#N)cc6)c6ccc(C#N)cc6)ccc(c6cccc2c63)c54)cc1,C1CCOC1,531.0
12199,N#Cc1ccc(N(c2ccc(C#N)cc2)c2ccc3c4cccc5c(N(c6ccc(C#N)cc6)c6ccc(C#N)cc6)ccc(c6cccc2c63)c54)cc1,CC#N,535.0
12200,N#Cc1ccc(N(c2ccc(C#N)cc2)c2ccc3c4cccc5c(N(c6ccc(C#N)cc6)c6ccc(C#N)cc6)ccc(c6cccc2c63)c54)cc1,Cc1ccccc1,513.0
12201,N#Cc1ccc(N(c2ccc(C#N)cc2)c2ccc3c4cccc5c(N(c6ccc(C#N)cc6)c6ccc(C#N)cc6)ccc(c6cccc2c63)c54)cc1,ClCCl,522.0
15028,c1ccc(N(c2ccccc2)c2ccc3c4cccc5c(N(c6ccccc6)c6ccccc6)ccc(c6cccc2c63)c54)cc1,C1CCCCC1,531.0
15029,c1ccc(N(c2ccccc2)c2ccc3c4cccc5c(N(c6ccccc6)c6ccccc6)ccc(c6cccc2c63)c54)cc1,C1CCOC1,545.0
15030,c1ccc(N(c2ccccc2)c2ccc3c4cccc5c(N(c6ccccc6)c6ccccc6)ccc(c6cccc2c63)c54)cc1,CC#N,548.0
15031,c1ccc(N(c2ccccc2)c2ccc3c4cccc5c(N(c6ccccc6)c6ccccc6)ccc(c6cccc2c63)c54)cc1,Cc1ccccc1,541.0
15032,c1ccc(N(c2ccccc2)c2ccc3c4cccc5c(N(c6ccccc6)c6ccccc6)ccc(c6cccc2c63)c54)cc1,ClCCl,547.0
8919,COc1ccc(N(c2ccc(OC)cc2)c2ccc3c4cccc5c(N(c6ccc(OC)cc6)c6ccc(OC)cc6)ccc(c6cccc2c63)c54)cc1,C1CCCCC1,551.0
8920,COc1ccc(N(c2ccc(OC)cc2)c2ccc3c4cccc5c(N(c6ccc(OC)cc6)c6ccc(OC)cc6)ccc(c6cccc2c63)c54)cc1,C1CCOC1,583.0
8921,COc1ccc(N(c2ccc(OC)cc2)c2ccc3c4cccc5c(N(c6ccc(OC)cc6)c6ccc(OC)cc6)ccc(c6cccc2c63)c54)cc1,CC#N,598.0
8922,COc1ccc(N(c2ccc(OC)cc2)c2ccc3c4cccc5c(N(c6ccc(OC)cc6)c6ccc(OC)cc6)ccc(c6cccc2c63)c54)cc1,Cc1ccccc1,574.0
8923,COc1ccc(N(c2ccc(OC)cc2)c2ccc3c4cccc5c(N(c6ccc(OC)cc6)c6ccc(OC)cc6)ccc(c6cccc2c63)c54)cc1,ClCCl,591.0
11612,Fc1ccc(N(c2ccc(F)cc2)c2ccc3c4cccc5c(N(c6ccc(F)cc6)c6ccc(F)cc6)ccc(c6cccc2c63)c54)cc1,C1CCCCC1,529.0
11613,Fc1ccc(N(c2ccc(F)cc2)c2ccc3c4cccc5c(N(c6ccc(F)cc6)c6ccc(F)cc6)ccc(c6cccc2c63)c54)cc1,C1CCOC1,544.0
11614,Fc1ccc(N(c2ccc(F)cc2)c2ccc3c4cccc5c(N(c6ccc(F)cc6)c6ccc(F)cc6)ccc(c6cccc2c63)c54)cc1,CC#N,548.0
11615,Fc1ccc(N(c2ccc(F)cc2)c2ccc3c4cccc5c(N(c6ccc(F)cc6)c6ccc(F)cc6)ccc(c6cccc2c63)c54)cc1,Cc1ccccc1,540.0
11616,Fc1ccc(N(c2ccc(F)cc2)c2ccc3c4cccc5c(N(c6ccc(F)cc6)c6ccc(F)cc6)ccc(c6cccc2c63)c54)cc1,ClCCl,546.0
4788,CCOC(=O)CN1C(=O)C2=C(c3ccc(N4CCCCC4)cc3)N(CC(=O)OCC)C(=O)C2=C1c1ccc(N2CCCCC2)cc1,CC#N,590.0
4789,CCOC(=O)CN1C(=O)C2=C(c3ccc(N4CCCCC4)cc3)N(CC(=O)OCC)C(=O)C2=C1c1ccc(N2CCCCC2)cc1,CS(C)=O,603.0
4790,CCOC(=O)CN1C(=O)C2=C(c3ccc(N4CCCCC4)cc3)N(CC(=O)OCC)C(=O)C2=C1c1ccc(N2CCCCC2)cc1,Cc1ccccc1,575.0
1552,CC1(C)C(/C=C/c2cc3ccc(O)cc3oc2=O)=[N+](CCCS(=O)(=O)[O-])c2ccc(S(=O)(=O)O)cc21,CCO,648.0
1553,CC1(C)C(/C=C/c2cc3ccc(O)cc3oc2=O)=[N+](CCCS(=O)(=O)[O-])c2ccc(S(=O)(=O)O)cc21,CS(C)=O,604.0
1554,CC1(C)C(/C=C/c2cc3ccc(O)cc3oc2=O)=[N+](CCCS(=O)(=O)[O-])c2ccc(S(=O)(=O)O)cc21,O,636.0
1558,CC1(C)C(/C=C/c2cc3ccc(O)cc3oc2=O)=[N+](CCCS(=O)(=O)[O-])c2ccccc21,CCO,642.0
1559,CC1(C)C(/C=C/c2cc3ccc(O)cc3oc2=O)=[N+](CCCS(=O)(=O)[O-])c2ccccc21,CS(C)=O,649.0
1560,CC1(C)C(/C=C/c2cc3ccc(O)cc3oc2=O)=[N+](CCCS(=O)(=O)[O-])c2ccccc21,O,620.0
13172,O=C1OC(c2ccccc2)=N/C1=C\c1ccc(N(c2ccc(/C=C3\N=C(c4ccccc4)OC3=O)cc2)c2ccc(/C=C3/N=C(c4ccccc4)OC3=O)cc2)cc1,CCCCOCCCC,533.0
13173,O=C1OC(c2ccccc2)=N/C1=C\c1ccc(N(c2ccc(/C=C3\N=C(c4ccccc4)OC3=O)cc2)c2ccc(/C=C3/N=C(c4ccccc4)OC3=O)cc2)cc1,CCOC(C)=O,573.2
13174,O=C1OC(c2ccccc2)=N/C1=C\c1ccc(N(c2ccc(/C=C3\N=C(c4ccccc4)OC3=O)cc2)c2ccc(/C=C3/N=C(c4ccccc4)OC3=O)cc2)cc1,CCOCC,545.0
13175,O=C1OC(c2ccccc2)=N/C1=C\c1ccc(N(c2ccc(/C=C3\N=C(c4ccccc4)OC3=O)cc2)c2ccc(/C=C3/N=C(c4ccccc4)OC3=O)cc2)cc1,CN(C)C=O,640.6
13176,O=C1OC(c2ccccc2)=N/C1=C\c1ccc(N(c2ccc(/C=C3\N=C(c4ccccc4)OC3=O)cc2)c2ccc(/C=C3/N=C(c4ccccc4)OC3=O)cc2)cc1,CS(C)=O,650.0
13177,O=C1OC(c2ccccc2)=N/C1=C\c1ccc(N(c2ccc(/C=C3\N=C(c4ccccc4)OC3=O)cc2)c2ccc(/C=C3/N=C(c4ccccc4)OC3=O)cc2)cc1,Cc1ccccc1,541.6
13178,O=C1OC(c2ccccc2)=N/C1=C\c1ccc(N(c2ccc(/C=C3\N=C(c4ccccc4)OC3=O)cc2)c2ccc(/C=C3/N=C(c4ccccc4)OC3=O)cc2)cc1,ClC(Cl)Cl,577.8
13162,O=C1OC(c2ccccc2)=N/C1=C\c1ccc(N(c2ccc(/C=C3\N=C(c4ccccc4)OC3=O)cc2)c2ccc(/C=C3/N=C(c4ccccc4)OC3=O)cc2)cc1,C1CCCCC1,511.0
13163,O=C1OC(c2ccccc2)=N/C1=C\c1ccc(N(c2ccc(/C=C3\N=C(c4ccccc4)OC3=O)cc2)c2ccc(/C=C3/N=C(c4ccccc4)OC3=O)cc2)cc1,C1CCOC1,582.0
13164,O=C1OC(c2ccccc2)=N/C1=C\c1ccc(N(c2ccc(/C=C3\N=C(c4ccccc4)OC3=O)cc2)c2ccc(/C=C3/N=C(c4ccccc4)OC3=O)cc2)cc1,C1COCCO1,553.0
13165,O=C1OC(c2ccccc2)=N/C1=C\c1ccc(N(c2ccc(/C=C3\N=C(c4ccccc4)OC3=O)cc2)c2ccc(/C=C3/N=C(c4ccccc4)OC3=O)cc2)cc1,CC#N,635.6
13166,O=C1OC(c2ccccc2)=N/C1=C\c1ccc(N(c2ccc(/C=C3\N=C(c4ccccc4)OC3=O)cc2)c2ccc(/C=C3/N=C(c4ccccc4)OC3=O)cc2)cc1,CC(C)=O,619.8
13167,O=C1OC(c2ccccc2)=N/C1=C\c1ccc(N(c2ccc(/C=C3\N=C(c4ccccc4)OC3=O)cc2)c2ccc(/C=C3/N=C(c4ccccc4)OC3=O)cc2)cc1,CC(C)CC(C)(C)C,507.0
13168,O=C1OC(c2ccccc2)=N/C1=C\c1ccc(N(c2ccc(/C=C3\N=C(c4ccccc4)OC3=O)cc2)c2ccc(/C=C3/N=C(c4ccccc4)OC3=O)cc2)cc1,CC1CCCCC1,511.6
13169,O=C1OC(c2ccccc2)=N/C1=C\c1ccc(N(c2ccc(/C=C3\N=C(c4ccccc4)OC3=O)cc2)c2ccc(/C=C3/N=C(c4ccccc4)OC3=O)cc2)cc1,CCCCC,504.0
13170,O=C1OC(c2ccccc2)=N/C1=C\c1ccc(N(c2ccc(/C=C3\N=C(c4ccccc4)OC3=O)cc2)c2ccc(/C=C3/N=C(c4ccccc4)OC3=O)cc2)cc1,CCCCCC,506.0
13171,O=C1OC(c2ccccc2)=N/C1=C\c1ccc(N(c2ccc(/C=C3\N=C(c4ccccc4)OC3=O)cc2)c2ccc(/C=C3/N=C(c4ccccc4)OC3=O)cc2)cc1,CCCCCCC,508.0
11178,Cn1c(=O)cc(C(=O)c2ccccc2)c2sc(-c3ccc(C(F)(F)F)cc3)cc21,CC#N,517.0
11179,Cn1c(=O)cc(C(=O)c2ccccc2)c2sc(-c3ccc(C(F)(F)F)cc3)cc21,ClCCl,511.0
11182,Cn1c(=O)cc(C(=O)c2ccccc2)c2sc(-c3ccc(OC(F)(F)F)cc3)cc21,CC#N,526.0
11183,Cn1c(=O)cc(C(=O)c2ccccc2)c2sc(-c3ccc(OC(F)(F)F)cc3)cc21,ClCCl,518.0
5716,CN(C)c1ccc(-c2nc3nc4ccccc4nc3n2-c2ccc(C(C)(C)C)cc2)cc1,CC#N,529.0
5717,CN(C)c1ccc(-c2nc3nc4ccccc4nc3n2-c2ccccc2)cc1,CC#N,528.0
14806,c1ccc(-c2nc3nc4ccccc4nc3n2-c2ccccc2)cc1,CC#N,409.0
3847,CCCCn1cc(/C=C/c2cc(=O)oc3cc(C)ccc23)c2ccccc21,CS(C)=O,532.0
3848,CCCCn1cc(/C=C/c2cc(=O)oc3cc(C)ccc23)c2ccccc21,ClC(Cl)Cl,474.0
317,C(=C/c1cnc2ccccc2n1)\c1ccc(-c2ccc(N(c3ccccc3)c3ccccc3)cc2)cc1,ClCCl,632.0
15247,c1ccc2c(c1)oc1nc3oc4ccc(-n5c6ccccc6c6cc(-n7c8ccccc8c8ccccc87)ccc65)cc4c3cc12,ClC(Cl)Cl,489.0
14650,c1ccc(-c2nc(-c3ccc(-c4ccc(-c5nc(-c6ccccc6)c(-c6ccccc6)o5)cc4)cc3)oc2-c2ccccc2)cc1,C1COCCO1,428.0
3695,CCCCOc1ccc(-c2oc3c(-c4ccc(OCCCC)cc4)c4n(c3c2-c2ccc(OCCCC)cc2)[B-](F)(F)[N+]2=Cc3c(-c5ccc(OCCCC)cc5)c5oc(-c6ccc(OCCCC)cc6)c(-c6ccc(OCCCC)cc6)c5n3[B-](F)(F)[N+]2=C4)cc1,C1CCOC1,663.0
3696,CCCCOc1ccc(-c2oc3c(-c4ccc(OCCCC)cc4)c4n(c3c2-c2ccc(OCCCC)cc2)[B-](F)(F)[N+]2=Cc3c(-c5ccc(OCCCC)cc5)c5oc(-c6ccc(OCCCC)cc6)c(-c6ccc(OCCCC)cc6)c5n3[B-](F)(F)[N+]2=C4)cc1,CN(C)C=O,672.0
3697,CCCCOc1ccc(-c2oc3c(-c4ccc(OCCCC)cc4)c4n(c3c2-c2ccc(OCCCC)cc2)[B-](F)(F)[N+]2=Cc3c(-c5ccc(OCCCC)cc5)c5oc(-c6ccc(OCCCC)cc6)c(-c6ccc(OCCCC)cc6)c5n3[B-](F)(F)[N+]2=C4)cc1,CS(C)=O,676.0
3698,CCCCOc1ccc(-c2oc3c(-c4ccc(OCCCC)cc4)c4n(c3c2-c2ccc(OCCCC)cc2)[B-](F)(F)[N+]2=Cc3c(-c5ccc(OCCCC)cc5)c5oc(-c6ccc(OCCCC)cc6)c(-c6ccc(OCCCC)cc6)c5n3[B-](F)(F)[N+]2=C4)cc1,Cc1ccccc1,668.0
3699,CCCCOc1ccc(-c2oc3c(-c4ccc(OCCCC)cc4)c4n(c3c2-c2ccc(OCCCC)cc2)[B-](F)(F)[N+]2=Cc3c(-c5ccc(OCCCC)cc5)c5oc(-c6ccc(OCCCC)cc6)c(-c6ccc(OCCCC)cc6)c5n3[B-](F)(F)[N+]2=C4)cc1,ClC(Cl)Cl,666.0
3700,CCCCOc1ccc(-c2oc3c(-c4ccc(OCCCC)cc4)c4n(c3c2-c2ccc(OCCCC)cc2)[B-](F)(F)[N+]2=Cc3c(-c5ccc(OCCCC)cc5)c5oc(-c6ccc(OCCCC)cc6)c(-c6ccc(OCCCC)cc6)c5n3[B-](F)(F)[N+]2=C4)cc1,ClCCl,667.0
5904,CN(C)c1ccc(/C=C/c2cc(/C=C/c3ccc(N(C)C)cc3)nc(/C=C/c3ccc(C(F)(F)F)cc3)n2)cc1,C1CCOC1,533.0
5905,CN(C)c1ccc(/C=C/c2cc(/C=C/c3ccc(N(C)C)cc3)nc(/C=C/c3ccc(C(F)(F)F)cc3)n2)cc1,CC#N,587.0
5906,CN(C)c1ccc(/C=C/c2cc(/C=C/c3ccc(N(C)C)cc3)nc(/C=C/c3ccc(C(F)(F)F)cc3)n2)cc1,CC(C)=O,565.0
5907,CN(C)c1ccc(/C=C/c2cc(/C=C/c3ccc(N(C)C)cc3)nc(/C=C/c3ccc(C(F)(F)F)cc3)n2)cc1,CCCCCCC,456.0
5908,CN(C)c1ccc(/C=C/c2cc(/C=C/c3ccc(N(C)C)cc3)nc(/C=C/c3ccc(C(F)(F)F)cc3)n2)cc1,CS(C)=O,592.0
5909,CN(C)c1ccc(/C=C/c2cc(/C=C/c3ccc(N(C)C)cc3)nc(/C=C/c3ccc(C(F)(F)F)cc3)n2)cc1,Cc1ccccc1,486.0
5910,CN(C)c1ccc(/C=C/c2cc(/C=C/c3ccc(N(C)C)cc3)nc(/C=C/c3ccc(C(F)(F)F)cc3)n2)cc1,ClCCl,545.0
5911,CN(C)c1ccc(/C=C/c2cc(/C=C/c3ccc(N(C)C)cc3)nc(/C=C/c3ccc(N(C)C)cc3)n2)cc1,C1CCOC1,521.0
5912,CN(C)c1ccc(/C=C/c2cc(/C=C/c3ccc(N(C)C)cc3)nc(/C=C/c3ccc(N(C)C)cc3)n2)cc1,CC#N,577.0
5913,CN(C)c1ccc(/C=C/c2cc(/C=C/c3ccc(N(C)C)cc3)nc(/C=C/c3ccc(N(C)C)cc3)n2)cc1,CC(C)=O,558.0
5914,CN(C)c1ccc(/C=C/c2cc(/C=C/c3ccc(N(C)C)cc3)nc(/C=C/c3ccc(N(C)C)cc3)n2)cc1,CCCCCCC,450.0
5915,CN(C)c1ccc(/C=C/c2cc(/C=C/c3ccc(N(C)C)cc3)nc(/C=C/c3ccc(N(C)C)cc3)n2)cc1,CS(C)=O,601.0
5916,CN(C)c1ccc(/C=C/c2cc(/C=C/c3ccc(N(C)C)cc3)nc(/C=C/c3ccc(N(C)C)cc3)n2)cc1,Cc1ccccc1,479.0
5917,CN(C)c1ccc(/C=C/c2cc(/C=C/c3ccc(N(C)C)cc3)nc(/C=C/c3ccc(N(C)C)cc3)n2)cc1,ClCCl,536.0
5925,CN(C)c1ccc(/C=C/c2cc(/C=C/c3ccc(N(C)C)cc3)nc(/C=C/c3ccccc3)n2)cc1,C1CCOC1,526.0
5926,CN(C)c1ccc(/C=C/c2cc(/C=C/c3ccc(N(C)C)cc3)nc(/C=C/c3ccccc3)n2)cc1,CC#N,587.0
5927,CN(C)c1ccc(/C=C/c2cc(/C=C/c3ccc(N(C)C)cc3)nc(/C=C/c3ccccc3)n2)cc1,CC(C)=O,563.0
5928,CN(C)c1ccc(/C=C/c2cc(/C=C/c3ccc(N(C)C)cc3)nc(/C=C/c3ccccc3)n2)cc1,CCCCCCC,453.0
5929,CN(C)c1ccc(/C=C/c2cc(/C=C/c3ccc(N(C)C)cc3)nc(/C=C/c3ccccc3)n2)cc1,CS(C)=O,601.0
5930,CN(C)c1ccc(/C=C/c2cc(/C=C/c3ccc(N(C)C)cc3)nc(/C=C/c3ccccc3)n2)cc1,Cc1ccccc1,483.0
5931,CN(C)c1ccc(/C=C/c2cc(/C=C/c3ccc(N(C)C)cc3)nc(/C=C/c3ccccc3)n2)cc1,ClCCl,537.0
8514,COc1ccc(/C=C/c2cc(/C=C/c3ccc(OC)cc3)nc(/C=C/c3ccc(C(F)(F)F)cc3)n2)cc1,C1CCOC1,436.0
8515,COc1ccc(/C=C/c2cc(/C=C/c3ccc(OC)cc3)nc(/C=C/c3ccc(C(F)(F)F)cc3)n2)cc1,CC#N,463.0
8516,COc1ccc(/C=C/c2cc(/C=C/c3ccc(OC)cc3)nc(/C=C/c3ccc(C(F)(F)F)cc3)n2)cc1,CC(C)=O,452.0
8517,COc1ccc(/C=C/c2cc(/C=C/c3ccc(OC)cc3)nc(/C=C/c3ccc(C(F)(F)F)cc3)n2)cc1,CCCCCCC,398.0
8518,COc1ccc(/C=C/c2cc(/C=C/c3ccc(OC)cc3)nc(/C=C/c3ccc(C(F)(F)F)cc3)n2)cc1,CS(C)=O,475.0
8519,COc1ccc(/C=C/c2cc(/C=C/c3ccc(OC)cc3)nc(/C=C/c3ccc(C(F)(F)F)cc3)n2)cc1,Cc1ccccc1,411.0
8520,COc1ccc(/C=C/c2cc(/C=C/c3ccc(OC)cc3)nc(/C=C/c3ccc(C(F)(F)F)cc3)n2)cc1,ClCCl,441.0
8527,COc1ccc(/C=C/c2cc(/C=C/c3ccc(OC)cc3)nc(/C=C/c3ccc(OC)cc3)n2)cc1,C1CCOC1,432.0
8528,COc1ccc(/C=C/c2cc(/C=C/c3ccc(OC)cc3)nc(/C=C/c3ccc(OC)cc3)n2)cc1,CC#N,453.0
8529,COc1ccc(/C=C/c2cc(/C=C/c3ccc(OC)cc3)nc(/C=C/c3ccc(OC)cc3)n2)cc1,CC(C)=O,440.0
8530,COc1ccc(/C=C/c2cc(/C=C/c3ccc(OC)cc3)nc(/C=C/c3ccc(OC)cc3)n2)cc1,CCCCCCC,402.0
8531,COc1ccc(/C=C/c2cc(/C=C/c3ccc(OC)cc3)nc(/C=C/c3ccc(OC)cc3)n2)cc1,CS(C)=O,461.0
8532,COc1ccc(/C=C/c2cc(/C=C/c3ccc(OC)cc3)nc(/C=C/c3ccc(OC)cc3)n2)cc1,Cc1ccccc1,410.0
8533,COc1ccc(/C=C/c2cc(/C=C/c3ccc(OC)cc3)nc(/C=C/c3ccc(OC)cc3)n2)cc1,ClCCl,439.0
8541,COc1ccc(/C=C/c2cc(/C=C/c3ccc(OC)cc3)nc(/C=C/c3ccccc3)n2)cc1,C1CCOC1,432.0
8542,COc1ccc(/C=C/c2cc(/C=C/c3ccc(OC)cc3)nc(/C=C/c3ccccc3)n2)cc1,CC#N,470.0
8543,COc1ccc(/C=C/c2cc(/C=C/c3ccc(OC)cc3)nc(/C=C/c3ccccc3)n2)cc1,CC(C)=O,450.0
8544,COc1ccc(/C=C/c2cc(/C=C/c3ccc(OC)cc3)nc(/C=C/c3ccccc3)n2)cc1,CCCCCCC,397.0
8545,COc1ccc(/C=C/c2cc(/C=C/c3ccc(OC)cc3)nc(/C=C/c3ccccc3)n2)cc1,CS(C)=O,471.0
8546,COc1ccc(/C=C/c2cc(/C=C/c3ccc(OC)cc3)nc(/C=C/c3ccccc3)n2)cc1,Cc1ccccc1,408.0
8576,COc1ccc(/C=C/c2nc(/C=C/c3ccc(N(C)C)cc3)cc(/C=C/c3ccc(N(C)C)cc3)n2)cc1,C1CCOC1,522.0
8577,COc1ccc(/C=C/c2nc(/C=C/c3ccc(N(C)C)cc3)cc(/C=C/c3ccc(N(C)C)cc3)n2)cc1,CC#N,581.0
8578,COc1ccc(/C=C/c2nc(/C=C/c3ccc(N(C)C)cc3)cc(/C=C/c3ccc(N(C)C)cc3)n2)cc1,CC(C)=O,559.0
8579,COc1ccc(/C=C/c2nc(/C=C/c3ccc(N(C)C)cc3)cc(/C=C/c3ccc(N(C)C)cc3)n2)cc1,CCCCCCC,450.0
8580,COc1ccc(/C=C/c2nc(/C=C/c3ccc(N(C)C)cc3)cc(/C=C/c3ccc(N(C)C)cc3)n2)cc1,CS(C)=O,598.0
8581,COc1ccc(/C=C/c2nc(/C=C/c3ccc(N(C)C)cc3)cc(/C=C/c3ccc(N(C)C)cc3)n2)cc1,Cc1ccccc1,480.0
8582,COc1ccc(/C=C/c2nc(/C=C/c3ccc(N(C)C)cc3)cc(/C=C/c3ccc(N(C)C)cc3)n2)cc1,ClCCl,533.0
14966,c1ccc(N(c2ccccc2)c2ccc(-c3ccc(-c4cc(-c5ccccn5)nc(-c5ccccn5)c4)cc3)cc2)cc1,ClCCl,489.0
8089,COc1cc2cc(-c3ccc(C(=O)OCOC(C)=O)cc3C(=O)OCOC(C)=O)oc2cc1N1CCOCCOCCN(c2cc3oc(-c4ccc(C(=O)OCOC(C)=O)cc4C(=O)OCOC(C)=O)cc3cc2OC)CCOCCOCC1,O,546.0
4756,CCOC(=O)CC[N+]1=c2cc3c(cc2CCC1)=Cc1c(c2cc4c5c(c2oc1=O)CCCN5CCC4)O3,CC#N,687.0
4757,CCOC(=O)CC[N+]1=c2cc3c(cc2CCC1)=Cc1c(c2cc4c5c(c2oc1=O)CCCN5CCC4)O3,CO,681.0
12769,O=C(O)CC[N+]1=c2cc3c(cc2CCC1)=Cc1c(c2cc4c5c(c2oc1=O)CCCN5CCC4)O3,CC#N,683.0
4758,CCOC(=O)CC[N+]1=c2cc3c(cc2CCC1)=Cc1c(c2cc4c5c(c2oc1=O)CCCN5CCC4)O3,ClCCl,676.0
4759,CCOC(=O)CC[N+]1=c2cc3c(cc2CCC1)=Cc1c(c2cc4c5c(c2oc1=O)CCCN5CCC4)O3,O,688.0
12770,O=C(O)CC[N+]1=c2cc3c(cc2CCC1)=Cc1c(c2cc4c5c(c2oc1=O)CCCN5CCC4)O3,CO,679.0
12771,O=C(O)CC[N+]1=c2cc3c(cc2CCC1)=Cc1c(c2cc4c5c(c2oc1=O)CCCN5CCC4)O3,ClCCl,675.0
12772,O=C(O)CC[N+]1=c2cc3c(cc2CCC1)=Cc1c(c2cc4c5c(c2oc1=O)CCCN5CCC4)O3,O,684.0
3812,CCCCn1c2ccc(-c3ccc4c(c3)c3c5c(ccc6ccccc65)ccc3n4CCCC)cc2c2c3c(ccc4ccccc43)ccc21,ClCCl,437.0
13866,O=c1c(N(c2ccccc2)c2ccc3ccccc3c2)c([O-])/c1=[N+](\c1ccccc1)c1ccc2ccccc2c1,CN(C)C=O,510.0
2463,CCC1(CC)c2ccccc2-c2c1c1c(c3c2C(CC)(CC)c2cc(B(c4c(C)cc(C)cc4C)c4c(C)cc(C)cc4C)ccc2-3)C(CC)(CC)c2cc(B(c3c(C)cc(C)cc3C)c3c(C)cc(C)cc3C)ccc2-1,C1CCOC1,387.0
2464,CCC1(CC)c2ccccc2-c2c1c1c(c3c2C(CC)(CC)c2cc(B(c4c(C)cc(C)cc4C)c4c(C)cc(C)cc4C)ccc2-3)C(CC)(CC)c2cc(B(c3c(C)cc(C)cc3C)c3c(C)cc(C)cc3C)ccc2-1,CC#N,398.0
2465,CCC1(CC)c2ccccc2-c2c1c1c(c3c2C(CC)(CC)c2cc(B(c4c(C)cc(C)cc4C)c4c(C)cc(C)cc4C)ccc2-3)C(CC)(CC)c2cc(B(c3c(C)cc(C)cc3C)c3c(C)cc(C)cc3C)ccc2-1,CC(C)=O,394.0
2466,CCC1(CC)c2ccccc2-c2c1c1c(c3c2C(CC)(CC)c2cc(B(c4c(C)cc(C)cc4C)c4c(C)cc(C)cc4C)ccc2-3)C(CC)(CC)c2cc(B(c3c(C)cc(C)cc3C)c3c(C)cc(C)cc3C)ccc2-1,CCCCCC,378.0
2467,CCC1(CC)c2ccccc2-c2c1c1c(c3c2C(CC)(CC)c2cc(B(c4c(C)cc(C)cc4C)c4c(C)cc(C)cc4C)ccc2-3)C(CC)(CC)c2cc(B(c3c(C)cc(C)cc3C)c3c(C)cc(C)cc3C)ccc2-1,ClC(Cl)Cl,387.0
13661,O=S(=O)([O-])c1ccc(/C=C/c2ccc(-c3nnc(-c4ccc(/C=C/c5ccc(S(=O)(=O)[O-])cc5S(=O)(=O)[O-])cc4)o3)cc2)c(S(=O)(=O)[O-])c1,C1CCOC1,416.0
13662,O=S(=O)([O-])c1ccc(/C=C/c2ccc(-c3nnc(-c4ccc(/C=C/c5ccc(S(=O)(=O)[O-])cc5S(=O)(=O)[O-])cc4)o3)cc2)c(S(=O)(=O)[O-])c1,CC(C)=O,415.0
13663,O=S(=O)([O-])c1ccc(/C=C/c2ccc(-c3nnc(-c4ccc(/C=C/c5ccc(S(=O)(=O)[O-])cc5S(=O)(=O)[O-])cc4)o3)cc2)c(S(=O)(=O)[O-])c1,CN(C)C=O,430.0
13677,O=S(=O)([O-])c1ccccc1/C=C/c1ccc(-c2nnc(-c3ccc(/C=C/c4ccccc4S(=O)(=O)[O-])cc3)o2)cc1,C1CCOC1,415.0
13678,O=S(=O)([O-])c1ccccc1/C=C/c1ccc(-c2nnc(-c3ccc(/C=C/c4ccccc4S(=O)(=O)[O-])cc3)o2)cc1,CC(C)=O,416.0
13679,O=S(=O)([O-])c1ccccc1/C=C/c1ccc(-c2nnc(-c3ccc(/C=C/c4ccccc4S(=O)(=O)[O-])cc3)o2)cc1,CN(C)C=O,422.0
3838,CCCCn1c2ccc3ccc4ccccc4c3c2c2c3c(ccc4ccccc43)ccc21,ClCCl,430.0
1367,CC(C)[Si](C#Cc1c2ccccc2c(C#C[Si](C(C)C)(C(C)C)C(C)C)c2nc3c4ccccc4c(=O)c4ccccc4c3nc12)(C(C)C)C(C)C,ClCCl,544.0
9928,Cc1cc(C)c(B(c2ccc(-c3cc4ccc5cccc6ccc(c3)c4c56)cc2)c2c(C)cc(C)cc2C)c(C)c1,Cc1ccccc1,414.0
5147,CC[n+]1nc2cc3c4c(c2c2cc(C)ccc21)CCCN4CCC3,O,571.0
5148,CC[n+]1nc2cc3c4c(c2c2cc(F)ccc21)CCCN4CCC3,O,564.0
10787,Cc1ccc2nc3[nH]c(=O)[nH]c(=O)c3nc2c1,CC#N,443.0
10788,Cc1ccc2nc3[nH]c(=O)[nH]c(=O)c3nc2c1,ClCCCl,442.0
10789,Cc1ccc2nc3[nH]c(=O)[nH]c(=O)c3nc2c1C,CC#N,469.0
10790,Cc1ccc2nc3c(=O)[nH]c(=O)[nH]c3nc2c1,CC#N,426.0
10791,Cc1ccc2nc3c(=O)[nH]c(=O)[nH]c3nc2c1,ClCCCl,425.0
10792,Cc1ccc2nc3c(=O)[nH]c(=O)[nH]c3nc2c1C,CC#N,461.0
10034,Cc1cc(C)c2nc3[nH]c(=O)[nH]c(=O)c3nc2c1,CC#N,463.0
10035,Cc1cc(C)c2nc3c(=O)[nH]c(=O)[nH]c3nc2c1,CC#N,461.0
10203,Cc1cc2nc3[nH]c(=O)[nH]c(=O)c3nc2cc1C,CC#N,437.0
10204,Cc1cc2nc3[nH]c(=O)n(C)c(=O)c3nc2cc1C,CC#N,436.0
10205,Cc1cc2nc3c(=O)[nH]c(=O)n(C)c3nc2cc1C,CC#N,437.0
10207,Cc1cc2nc3c(=O)n(C)c(=O)n(C)c3nc2cc1C,CC#N,437.0
12259,N#Cc1ccc2nc3[nH]c(=O)[nH]c(=O)c3nc2c1,ClCCCl,420.0
12260,N#Cc1ccc2nc3c(=O)[nH]c(=O)[nH]c3nc2c1,ClCCCl,430.0
10479,Cc1ccc(C)c2nc3c(=O)[nH]c(=O)[nH]c3nc12,CC#N,491.0
10883,Cc1cccc2nc3[nH]c(=O)[nH]c(=O)c3nc12,CC#N,452.0
10884,Cc1cccc2nc3c(=O)[nH]c(=O)[nH]c3nc12,C1COCCO1,437.0
10885,Cc1cccc2nc3c(=O)[nH]c(=O)[nH]c3nc12,CC#N,449.0
10886,Cc1cccc2nc3c(=O)[nH]c(=O)[nH]c3nc12,CCO,465.0
10887,Cc1cccc2nc3c(=O)[nH]c(=O)[nH]c3nc12,CO,469.0
10888,Cc1cccc2nc3c(=O)[nH]c(=O)[nH]c3nc12,ClCCCl,450.0
10889,Cc1cccc2nc3c(=O)[nH]c(=O)[nH]c3nc12,O,495.0
13840,O=c1[nH]c(=O)c2nc3ccccc3nc2[nH]1,CC#N,432.0
3265,CCCCCCCCOc1ccc(/C=N/c2ccc3[nH]c(OCCCCCC)nc3c2)c(O)c1,ClC(Cl)Cl,506.0
3166,CCCCCCCCCCCCOc1ccc(/C=N/c2ccc3[nH]c(OCCCCCC)nc3c2)c(O)c1,ClC(Cl)Cl,508.0
3167,CCCCCCCCCCCCOc1ccc(/C=N/c2ccc3[nH]c(OCCCCCCCCCCCC)nc3c2)c(O)c1,ClC(Cl)Cl,508.0
3176,CCCCCCCCCCCCOc1nc2cc(/N=C/c3ccc(OCCCCCCCC)cc3O)ccc2[nH]1,ClC(Cl)Cl,510.0
6124,CN(C)c1ccc(/C=C/c2ncc3ccccc3n2)cc1,C1CCCCC1,443.0
6125,CN(C)c1ccc(/C=C/c2ncc3ccccc3n2)cc1,C1CCOC1,520.0
6126,CN(C)c1ccc(/C=C/c2ncc3ccccc3n2)cc1,CC#N,582.0
6127,CN(C)c1ccc(/C=C/c2ncc3ccccc3n2)cc1,CS(C)=O,594.0
6128,CN(C)c1ccc(/C=C/c2ncc3ccccc3n2)cc1,ClCCl,536.0
12188,N#Cc1ccc(C2=Cc3cc4ccccc4cc3P2(=O)c2ccccc2)cc1,ClCCl,434.0
8841,COc1ccc(C2=Cc3cc4ccccc4cc3P2(=O)c2ccccc2)cc1,ClCCl,448.0
13594,O=P1(c2ccccc2)C(c2ccccc2)=Cc2cc3ccccc3cc21,ClCCl,428.0
10279,Cc1ccc(-c2cc(/C=C/c3ccc(N(c4ccccc4)c4ccccc4)cc3)c(C#N)c(N3CCCCC3)c2)cc1,CS(C)=O,523.0
8168,COc1ccc(-c2cc(/C=C/c3ccc(N(c4ccccc4)c4ccccc4)cc3)c(C#N)c(N3CCCCC3)c2)cc1,CS(C)=O,520.0
11950,N#Cc1c(/C=C/c2ccc(N(c3ccccc3)c3ccccc3)cc2)cc(-c2ccccc2)cc1N1CCCCC1,CS(C)=O,520.0
11987,N#Cc1c(N2CCCCC2)cc(-c2ccccc2)c2c1-c1ccccc1C2,C1CCOC1,453.0
5279,CCn1c2ccc(-c3cccs3)cc2c2cc(-c3cccs3)ccc21,ClCCl,392.0
6705,CN(CCO)c1ccc(/C=C/C2=CC(=C(C#N)C#N)CC(C)(C)C2)cc1,CC#N,651.0
6706,CN(CCO)c1ccc(/C=C/C2=CC(=C(C#N)C#N)CC(C)(C)C2)cc1,CC(C)=O,648.0
6707,CN(CCO)c1ccc(/C=C/C2=CC(=C(C#N)C#N)CC(C)(C)C2)cc1,CCCCO,649.0
6708,CN(CCO)c1ccc(/C=C/C2=CC(=C(C#N)C#N)CC(C)(C)C2)cc1,ClC(Cl)Cl,612.0
6709,CN(CCO)c1ccc(/C=C/C2=CC(=C(C#N)C#N)CC(C)(C)C2)cc1,ClCCl,634.0
6710,CN(CCO)c1ccc(/C=C/C2=CC(=C(C#N)C#N)CC(C)(C)C2)cc1,c1ccccc1,588.0
1312,CC(C)CCCC(C)CCN1C(=O)c2ccc3c(-c4ccccc4)c4c5ccc6c7c(ccc(c(-c8ccccc8)c4c4ccc(c2c34)C1=O)c75)C(=O)N(CCC(C)CCCC(C)C)C6=O,ClCCl,704.0
7578,COCCOCCOCN1C(=O)c2ccc3c(-c4ccccc4)c4c5ccc6c7c(ccc(c(-c8ccccc8)c4c4ccc(c2c34)C1=O)c75)C(=O)N(COCCOCCOC)C6=O,ClCCl,695.0
8700,COc1ccc(C#Cc2nc3ccccc3nc2-c2csc(OC)c2)cc1,ClCCl,508.0
10381,Cc1ccc(/C2=c3\cc/c(o3)=C(\c3ccc(C)cc3)c3ccc([nH]3)-c3ccc4n3[B-](F)(F)[N+]3=C(C=CC3=C4c3ccco3)c3ccc2[nH]3)cc1,ClC(Cl)Cl,731.0
3825,CCCCn1c2ccc(C#Cc3cccs3)cc2c2c1c1c3ccc(C#Cc4cccs4)cc3n(CCCC)c1c1c3ccc(C#Cc4cccs4)cc3n(CCCC)c21,C1CCOC1,430.0
14462,c1cc2c3cc1c1ccc4c(c1)c1cc(ccc1[C@]15OCCO[C@]41OCCO5)c1ccc4c(c1)c1cc(ccc1[C@]15OCCO[C@]41OCCO5)c1ccc(c3c1)[C@]13OCCO[C@]21OCCO3,Cc1ccccc1,343.0
4063,CCN(CC)c1ccc(/C=C2\CC/C(=C\c3ccc(N(c4ccccc4)c4ccc(/C=C5\CC/C(=C\c6ccc(N(CC)CC)cc6)C5=C(C#N)C#N)cc4)cc3)C2=C(C#N)C#N)cc1,CN(C)C=O,722.0
10075,Cc1cc(C2(c3cc(C)c(O)c(Br)c3)OS(=O)(=O)c3ccccc32)cc(Br)c1O,C1CCOC1,492.0
10076,Cc1cc(C2(c3cc(C)c(O)c(Br)c3)OS(=O)(=O)c3ccccc32)cc(Br)c1O,C1COCCO1,450.0
10077,Cc1cc(C2(c3cc(C)c(O)c(Br)c3)OS(=O)(=O)c3ccccc32)cc(Br)c1O,CC#N,497.0
10078,Cc1cc(C2(c3cc(C)c(O)c(Br)c3)OS(=O)(=O)c3ccccc32)cc(Br)c1O,CC(C)(C)O,473.0
10079,Cc1cc(C2(c3cc(C)c(O)c(Br)c3)OS(=O)(=O)c3ccccc32)cc(Br)c1O,CC(C)=O,490.0
10080,Cc1cc(C2(c3cc(C)c(O)c(Br)c3)OS(=O)(=O)c3ccccc32)cc(Br)c1O,CC(C)O,498.0
10081,Cc1cc(C2(c3cc(C)c(O)c(Br)c3)OS(=O)(=O)c3ccccc32)cc(Br)c1O,CCCCCO,485.0
10082,Cc1cc(C2(c3cc(C)c(O)c(Br)c3)OS(=O)(=O)c3ccccc32)cc(Br)c1O,CCCO,505.0
10083,Cc1cc(C2(c3cc(C)c(O)c(Br)c3)OS(=O)(=O)c3ccccc32)cc(Br)c1O,CCO,507.0
10084,Cc1cc(C2(c3cc(C)c(O)c(Br)c3)OS(=O)(=O)c3ccccc32)cc(Br)c1O,CCOC(C)=O,478.0
10085,Cc1cc(C2(c3cc(C)c(O)c(Br)c3)OS(=O)(=O)c3ccccc32)cc(Br)c1O,CCOCC,476.0
10086,Cc1cc(C2(c3cc(C)c(O)c(Br)c3)OS(=O)(=O)c3ccccc32)cc(Br)c1O,CO,502.0
6052,CN(C)c1ccc(/C=C/c2cnc(-c3ccncc3)o2)cc1,ClCCl,550.0
11345,F[B-]1(F)Oc2ccc3ccccc3c2-c2c3c(c4c([n+]21)CCc1ccccc1-4)CCc1ccccc1-3,ClCCl,476.0
7205,COC(=O)C(NC(=O)OC(C)(C)C)c1ccc2oc(-c3ccc(OC(=O)c4ccccc4)cc3O)nc2c1,CO,405.0
7203,COC(=O)C(NC(=O)OC(C)(C)C)c1ccc2oc(-c3ccc(OC(=O)c4ccccc4)cc3O)nc2c1,CC#N,471.0
7204,COC(=O)C(NC(=O)OC(C)(C)C)c1ccc2oc(-c3ccc(OC(=O)c4ccccc4)cc3O)nc2c1,CC1CCCCC1,480.0
470,C1=C(c2ccccc2)C(c2ccccc2)=CC1c1ccccc1,C1CCOC1,345.0
3529,CCCCN(CCCC)c1ccc(/C=C/c2ccc(-c3ccc(/C=C/c4ccc(N(CCCC)CCCC)cc4)cc3)cc2)cc1,CS(C)=O,545.7
3530,CCCCN(CCCC)c1ccc(/C=C/c2ccc(-c3ccc(/C=C/c4ccc(N(CCCC)CCCC)cc4)cc3)cc2)cc1,Cc1ccccc1,455.4
10535,Cc1ccc(C2=C3C=CC(C#Cc4ccccc4)=[N+]3[B-](F)(F)n3c(C#Cc4ccccc4)ccc32)cc1,C1CCCCC1,626.0
10536,Cc1ccc(C2=C3C=CC(C#Cc4ccccc4)=[N+]3[B-](F)(F)n3c(C#Cc4ccccc4)ccc32)cc1,C1CCOC1,625.0
10537,Cc1ccc(C2=C3C=CC(C#Cc4ccccc4)=[N+]3[B-](F)(F)n3c(C#Cc4ccccc4)ccc32)cc1,C1COCCO1,626.0
10538,Cc1ccc(C2=C3C=CC(C#Cc4ccccc4)=[N+]3[B-](F)(F)n3c(C#Cc4ccccc4)ccc32)cc1,CCOC(C)=O,621.0
10539,Cc1ccc(C2=C3C=CC(C#Cc4ccccc4)=[N+]3[B-](F)(F)n3c(C#Cc4ccccc4)ccc32)cc1,CO,622.0
10540,Cc1ccc(C2=C3C=CC(C#Cc4ccccc4)=[N+]3[B-](F)(F)n3c(C#Cc4ccccc4)ccc32)cc1,Cc1ccccc1,629.0
10541,Cc1ccc(C2=C3C=CC(C#Cc4ccccc4)=[N+]3[B-](F)(F)n3c(C#Cc4ccccc4)ccc32)cc1,ClC(Cl)Cl,628.0
10542,Cc1ccc(C2=C3C=CC(C#Cc4ccccc4)=[N+]3[B-](F)(F)n3c(C#Cc4ccccc4)ccc32)cc1,ClCCl,628.0
8239,COc1ccc(-c2ccc3c(c2)[Si](C)(C)c2cc(-c4ccc(OC)cc4)ccc2C=C3)cc1,ClCCl,424.0
9632,C[Si]1(C)c2cc(-c3ccccc3)ccc2C=Cc2ccc(-c3ccccc3)cc21,ClCCl,413.0
14448,c1cc2c3c(c1)-c1cccc4ccn(c14)B3n1ccc3cccc-2c31,C1CCOC1,387.0
11979,N#Cc1c(N2CCCCC2)cc(-c2ccc3ccccc3c2)c2c1-c1ccccc1C2,C1CCOC1,462.0
3544,CCCCN(CCCC)c1ccc(C#Cc2cc(C#Cc3c(F)c(F)c(F)c(F)c3F)c(C#Cc3c(F)c(F)c(F)c(F)c3F)cc2C#Cc2ccc(N(CCCC)CCCC)cc2)cc1,ClCCl,556.0
3545,CCCCN(CCCC)c1ccc(C#Cc2cc(C#Cc3c(F)c(F)c(F)c(F)c3F)c(C#Cc3c(F)c(F)c(F)c(F)c3F)cc2C#Cc2ccc(N(CCCC)CCCC)cc2)cc1,c1ccccc1,505.0
3546,CCCCN(CCCC)c1ccc(C#Cc2cc(C#Cc3c(F)c(F)c(F)c(F)c3F)c(C#Cc3ccc(N(CCCC)CCCC)cc3)cc2C#Cc2c(F)c(F)c(F)c(F)c2F)cc1,ClCCl,563.0
3547,CCCCN(CCCC)c1ccc(C#Cc2cc(C#Cc3c(F)c(F)c(F)c(F)c3F)c(C#Cc3ccc(N(CCCC)CCCC)cc3)cc2C#Cc2c(F)c(F)c(F)c(F)c2F)cc1,c1ccccc1,534.0
3548,CCCCN(CCCC)c1ccc(C#Cc2cc(C#Cc3cc(C(F)(F)F)cc(C(F)(F)F)c3)c(C#Cc3ccc(N(CCCC)CCCC)cc3)cc2C#Cc2cc(C(F)(F)F)cc(C(F)(F)F)c2)cc1,ClCCl,561.0
3549,CCCCN(CCCC)c1ccc(C#Cc2cc(C#Cc3cc(C(F)(F)F)cc(C(F)(F)F)c3)c(C#Cc3ccc(N(CCCC)CCCC)cc3)cc2C#Cc2cc(C(F)(F)F)cc(C(F)(F)F)c2)cc1,c1ccccc1,531.0
3550,CCCCN(CCCC)c1ccc(C#Cc2cc(C#Cc3ccc(C#N)cc3)c(C#Cc3ccc(C#N)cc3)cc2C#Cc2ccc(N(CCCC)CCCC)cc2)cc1,ClCCl,563.0
3551,CCCCN(CCCC)c1ccc(C#Cc2cc(C#Cc3ccc(C#N)cc3)c(C#Cc3ccc(C#N)cc3)cc2C#Cc2ccc(N(CCCC)CCCC)cc2)cc1,c1ccccc1,508.0
3552,CCCCN(CCCC)c1ccc(C#Cc2cc(C#Cc3ccc(C#N)cc3)c(C#Cc3ccc(N(CCCC)CCCC)cc3)cc2C#Cc2ccc(C#N)cc2)cc1,ClCCl,563.0
3553,CCCCN(CCCC)c1ccc(C#Cc2cc(C#Cc3ccc(C#N)cc3)c(C#Cc3ccc(N(CCCC)CCCC)cc3)cc2C#Cc2ccc(C#N)cc2)cc1,c1ccccc1,530.0
3554,CCCCN(CCCC)c1ccc(C#Cc2cc(C#Cc3ccc(C(F)(F)F)cc3)c(C#Cc3ccc(C(F)(F)F)cc3)cc2C#Cc2ccc(N(CCCC)CCCC)cc2)cc1,ClCCl,544.0
3555,CCCCN(CCCC)c1ccc(C#Cc2cc(C#Cc3ccc(C(F)(F)F)cc3)c(C#Cc3ccc(C(F)(F)F)cc3)cc2C#Cc2ccc(N(CCCC)CCCC)cc2)cc1,c1ccccc1,490.0
3556,CCCCN(CCCC)c1ccc(C#Cc2cc(C#Cc3ccc(C(F)(F)F)cc3)c(C#Cc3ccc(N(CCCC)CCCC)cc3)cc2C#Cc2ccc(C(F)(F)F)cc2)cc1,ClCCl,546.0
3557,CCCCN(CCCC)c1ccc(C#Cc2cc(C#Cc3ccc(C(F)(F)F)cc3)c(C#Cc3ccc(N(CCCC)CCCC)cc3)cc2C#Cc2ccc(C(F)(F)F)cc2)cc1,c1ccccc1,506.0
3558,CCCCN(CCCC)c1ccc(C#Cc2cc(C#Cc3ccc(N(CCCC)CCCC)cc3)c(C#Cc3c(F)c(F)c(F)c(F)c3F)cc2C#Cc2c(F)c(F)c(F)c(F)c2F)cc1,ClCCl,555.0
3559,CCCCN(CCCC)c1ccc(C#Cc2cc(C#Cc3ccc(N(CCCC)CCCC)cc3)c(C#Cc3c(F)c(F)c(F)c(F)c3F)cc2C#Cc2c(F)c(F)c(F)c(F)c2F)cc1,c1ccccc1,512.0
3560,CCCCN(CCCC)c1ccc(C#Cc2cc(C#Cc3ccc(N(CCCC)CCCC)cc3)c(C#Cc3cc(C(F)(F)F)cc(C(F)(F)F)c3)cc2C#Cc2cc(C(F)(F)F)cc(C(F)(F)F)c2)cc1,ClCCl,552.0
3561,CCCCN(CCCC)c1ccc(C#Cc2cc(C#Cc3ccc(N(CCCC)CCCC)cc3)c(C#Cc3cc(C(F)(F)F)cc(C(F)(F)F)c3)cc2C#Cc2cc(C(F)(F)F)cc(C(F)(F)F)c2)cc1,c1ccccc1,514.0
3562,CCCCN(CCCC)c1ccc(C#Cc2cc(C#Cc3ccc(N(CCCC)CCCC)cc3)c(C#Cc3ccc(C#N)cc3)cc2C#Cc2ccc(C#N)cc2)cc1,ClCCl,557.0
3563,CCCCN(CCCC)c1ccc(C#Cc2cc(C#Cc3ccc(N(CCCC)CCCC)cc3)c(C#Cc3ccc(C#N)cc3)cc2C#Cc2ccc(C#N)cc2)cc1,c1ccccc1,512.0
3564,CCCCN(CCCC)c1ccc(C#Cc2cc(C#Cc3ccc(N(CCCC)CCCC)cc3)c(C#Cc3ccc(C(F)(F)F)cc3)cc2C#Cc2ccc(C(F)(F)F)cc2)cc1,ClCCl,541.0
3565,CCCCN(CCCC)c1ccc(C#Cc2cc(C#Cc3ccc(N(CCCC)CCCC)cc3)c(C#Cc3ccc(C(F)(F)F)cc3)cc2C#Cc2ccc(C(F)(F)F)cc2)cc1,c1ccccc1,493.0
3566,CCCCN(CCCC)c1ccc(C#Cc2cc(C#Cc3ccc(N(CCCC)CCCC)cc3)c(C#Cc3ccc([N+](=O)[O-])cc3)cc2C#Cc2ccc([N+](=O)[O-])cc2)cc1,ClCCl,552.0
3567,CCCCN(CCCC)c1ccc(C#Cc2cc(C#Cc3ccc([N+](=O)[O-])cc3)c(C#Cc3ccc(N(CCCC)CCCC)cc3)cc2C#Cc2ccc([N+](=O)[O-])cc2)cc1,ClCCl,557.0
3568,CCCCN(CCCC)c1ccc(C#Cc2cc(C#Cc3ccc([N+](=O)[O-])cc3)c(C#Cc3ccc([N+](=O)[O-])cc3)cc2C#Cc2ccc(N(CCCC)CCCC)cc2)cc1,ClCCl,563.0
14914,c1ccc(-n2nc(-c3ccc(N4c5ccccc5Sc5ccccc54)cc3)nc2-c2ccccn2)cc1,ClCCl,468.0
15082,c1ccc([B-]2(c3ccccc3)Oc3ccc4ccccc4c3-c3c4ccccc4cc[n+]32)cc1,Cc1ccccc1,522.0
8230,COc1ccc(-c2ccc(-c3ccc(OC)cc3)c3nc(-c4ccccc4)c(-c4ccccc4)nc23)cc1,Cc1ccccc1,492.0
8226,COc1ccc(-c2ccc(-c3ccc(OC)cc3)c3nc(-c4ccccc4)c(-c4ccccc4)nc23)cc1,C1CCOC1,504.0
8227,COc1ccc(-c2ccc(-c3ccc(OC)cc3)c3nc(-c4ccccc4)c(-c4ccccc4)nc23)cc1,CC#N,512.0
5633,CN(C)c1ccc(-c2ccc(-c3ccc(N(C)C)cc3)c3nc(-c4ccccc4)c(-c4ccccc4)nc23)cc1,C1CCOC1,601.0
5634,CN(C)c1ccc(-c2ccc(-c3ccc(N(C)C)cc3)c3nc(-c4ccccc4)c(-c4ccccc4)nc23)cc1,CC#N,646.0
5635,CN(C)c1ccc(-c2ccc(-c3ccc(N(C)C)cc3)c3nc(-c4ccccc4)c(-c4ccccc4)nc23)cc1,CCCCCC,538.0
5636,CN(C)c1ccc(-c2ccc(-c3ccc(N(C)C)cc3)c3nc(-c4ccccc4)c(-c4ccccc4)nc23)cc1,CN(C)C=O,648.0
5637,CN(C)c1ccc(-c2ccc(-c3ccc(N(C)C)cc3)c3nc(-c4ccccc4)c(-c4ccccc4)nc23)cc1,Cc1ccccc1,577.0
5638,CN(C)c1ccc(-c2ccc(-c3ccc(N(C)C)cc3)c3nc(-c4ccccc4)c(-c4ccccc4)nc23)cc1,ClC(Cl)Cl,597.0
8228,COc1ccc(-c2ccc(-c3ccc(OC)cc3)c3nc(-c4ccccc4)c(-c4ccccc4)nc23)cc1,CCCCCC,477.0
8229,COc1ccc(-c2ccc(-c3ccc(OC)cc3)c3nc(-c4ccccc4)c(-c4ccccc4)nc23)cc1,CN(C)C=O,514.0
8231,COc1ccc(-c2ccc(-c3ccc(OC)cc3)c3nc(-c4ccccc4)c(-c4ccccc4)nc23)cc1,ClC(Cl)Cl,502.0
6483,CN(C)c1ccc2c(c1)C(C)(C)C1=CC(=[N+](C)C)C=CC1=C2C#Cc1ccccc1,O,708.0
6482,CN(C)c1ccc2c(c1)C(C)(C)C1=CC(=[N+](C)C)C=CC1=C2C#Cc1ccccc1,CO,705.0
12058,N#Cc1cc(N2c3ccccc3Sc3ccccc32)cc(N2c3ccccc3Sc3ccccc32)c1,Cc1ccccc1,536.0
3051,CCCCCCCCC1(CCCCCCCC)c2cc3c(cc2-c2sc(-c4ccc(/C=C5\SC(=S)N(CC)C5=O)c5nsnc45)cc21)C(CCCCCCCC)(CCCCCCCC)c1cc(-c2ccc(/C=C4\SC(=S)N(CC)C4=O)c4nsnc24)sc1-3,ClC(Cl)Cl,728.0
8345,COc1ccc(-c2nc3ccccc3nc2-c2ccc(OC)cc2)cc1,C1CCOC1,432.0
8346,COc1ccc(-c2nc3ccccc3nc2-c2ccc(OC)cc2)cc1,CC#N,435.0
8347,COc1ccc(-c2nc3ccccc3nc2-c2ccc(OC)cc2)cc1,CCCCCC,423.0
8348,COc1ccc(-c2nc3ccccc3nc2-c2ccc(OC)cc2)cc1,CN(C)C=O,432.0
8349,COc1ccc(-c2nc3ccccc3nc2-c2ccc(OC)cc2)cc1,Cc1ccccc1,426.0
8350,COc1ccc(-c2nc3ccccc3nc2-c2ccc(OC)cc2)cc1,ClC(Cl)Cl,430.0
14800,c1ccc(-c2nc3ccccc3nc2-c2ccccc2)cc1,C1CCOC1,401.0
14801,c1ccc(-c2nc3ccccc3nc2-c2ccccc2)cc1,CC#N,399.0
14802,c1ccc(-c2nc3ccccc3nc2-c2ccccc2)cc1,CCCCCC,396.0
14803,c1ccc(-c2nc3ccccc3nc2-c2ccccc2)cc1,CN(C)C=O,403.0
14804,c1ccc(-c2nc3ccccc3nc2-c2ccccc2)cc1,Cc1ccccc1,400.0
14805,c1ccc(-c2nc3ccccc3nc2-c2ccccc2)cc1,ClC(Cl)Cl,398.0
14925,c1ccc(B2Nc3cc4c(cc3-c3sc5ccccc5c32)NB(c2ccccc2)c2c-4sc3ccccc23)cc1,ClCCl,418.0
3637,CCCCN1C(=O)C2=C(c3ccc(-c4ccccc4)cc3)[N-]C(=O)C2=C1c1ccc(-c2ccccc2)cc1,ClCCl,630.0
11344,F[B-]1(F)Oc2ccc(Br)cc2-c2c3c(c4c([n+]21)CCc1ccccc1-4)CCc1ccccc1-3,ClCCl,450.0
11346,F[B-]1(F)Oc2ccccc2-c2c3c(c4c([n+]21)CCc1ccccc1-4)CCc1ccccc1-3,ClCCl,442.0
5038,CCOc1cccc2c1O[B-](F)(F)[n+]1c3c(c4c(c1-2)-c1ccccc1CC4)-c1ccccc1CC3,ClCCl,483.0
13836,O=[N+]([O-])c1ccc2c(c1)-c1c3c(c4c([n+]1[B-](F)(F)O2)CCc1ccccc1-4)CCc1ccccc1-3,ClCCl,531.0
12072,N#Cc1cc2ccc(cc2)c2cccc3cccc(c4ccc(cc4)cc(C#N)c4ccc(cc4)c4cccc5cccc(c6ccc1cc6)c54)c32,Cc1ccccc1,496.0
414,C(S/C=C/c1ccc(/C=C/SC=C2CCCCCCC2)cc1)=C1CCCCCCC1,ClCCl,424.0
896,CC(C)(C)c1cc2c3c(c1)c1cc(C(C)(C)C)cc4c1n3B1c3c-2cccc3-c2cc(C(C)(C)C)cc3c5cc(C(C)(C)C)cc-4c5n1c23,C1CCOC1,450.0
1859,CC1(C)c2ccccc2N(c2ccc3c(c2)c2ccccc2n2c4ccccc4nc32)c2ccccc21,Cc1ccccc1,437.0
1860,CC1(C)c2ccccc2N(c2ccc3c(c2)c2ccccc2n2c4ccccc4nc32)c2ccccc21,O=P(c1ccccc1)(c1ccccc1)c1ccccc1Oc1ccccc1P(=O)(c1ccccc1)c1ccccc1,447.0588235
1851,CC1(C)c2ccccc2N(c2ccc3c(c2)c2cc(N4c5ccccc5C(C)(C)c5ccccc54)ccc2c2nc(C#N)c(C#N)nc32)c2ccccc21,C1COCCO1,753.649635
1852,CC1(C)c2ccccc2N(c2ccc3c(c2)c2cc(N4c5ccccc5C(C)(C)c5ccccc54)ccc2c2nc(C#N)c(C#N)nc32)c2ccccc21,CCCCCC,572.4452555
1853,CC1(C)c2ccccc2N(c2ccc3c(c2)c2cc(N4c5ccccc5C(C)(C)c5ccccc54)ccc2c2nc(C#N)c(C#N)nc32)c2ccccc21,Cc1ccccc1,678.0
1854,CC1(C)c2ccccc2N(c2ccc3c(c2)c2cc(N4c5ccccc5C(C)(C)c5ccccc54)ccc2c2nc(C#N)c(C#N)nc32)c2ccccc21,O=P(c1ccccc1)(c1ccccc1)c1cccc(-c2cc(-n3c4ccccc4c4ccccc43)cc(-n3c4ccccc4c4ccccc43)c2)n1,618.0
11453,F[B-]1(F)n2c(ccc2-c2cccs2)C(c2ccc(Br)cc2)=C2C=CC(c3cccs3)=[N+]21,ClC(Cl)Cl,643.0
3027,CCCCCCCCC1(CCCCCCCC)c2cc(-c3ccc(C#N)cc3)ccc2-c2ccc(-c3ccc(C#N)cc3)cc21,ClC(Cl)Cl,385.0
2735,CCCC1(CCC)c2cc(-c3ccc(C(C)(C)CC)cc3)ccc2-c2ccc(-c3ccc(C(C)(C)CC)cc3)cc21,C1CCCCC1,368.0
3028,CCCCCCCCC1(CCCCCCCC)c2cc(-c3ccc(C(=O)OC)cc3)ccc2-c2ccc(-c3ccc(C(=O)OC)cc3)cc21,ClC(Cl)Cl,388.0
7513,COCCC1(CCOC)c2cc(-c3ccc(OC)cc3)ccc2-c2ccc(-c3ccc(OC)cc3)cc21,C1CCCCC1,371.0
2739,CCCC1(CCC)c2cc(-c3cccc(C)c3)ccc2-c2ccc(-c3cccc(C)c3)cc21,C1CCCCC1,363.0
3035,CCCCCCCCC1(CCCCCCCC)c2cc(-c3ccc([N+](=O)[O-])cc3)ccc2-c2ccc(-c3ccc([N+](=O)[O-])cc3)cc21,CN(C)C=O,569.0
3036,CCCCCCCCC1(CCCCCCCC)c2cc(-c3ccc([N+](=O)[O-])cc3)ccc2-c2ccc(-c3ccc([N+](=O)[O-])cc3)cc21,CS(C)=O,589.0
3037,CCCCCCCCC1(CCCCCCCC)c2cc(-c3ccc([N+](=O)[O-])cc3)ccc2-c2ccc(-c3ccc([N+](=O)[O-])cc3)cc21,ClC(Cl)Cl,538.0
3038,CCCCCCCCC1(CCCCCCCC)c2cc(-c3ccc([Si](C)(C)C)cc3)ccc2-c2ccc(-c3ccc([Si](C)(C)C)cc3)cc21,ClC(Cl)Cl,368.0
3039,CCCCCCCCC1(CCCCCCCC)c2cc(-c3ccccc3)ccc2-c2ccc(-c3ccccc3)cc21,ClC(Cl)Cl,361.0
3799,CCCCn1c2c(-c3ccc(N(c4ccccc4)c4ccccc4)cc3)cc(C#N)cc2c2cc(C#N)cc(-c3ccc(N(c4ccccc4)c4ccccc4)cc3)c21,C1CCCCC1,404.0
3800,CCCCn1c2c(-c3ccc(N(c4ccccc4)c4ccccc4)cc3)cc(C#N)cc2c2cc(C#N)cc(-c3ccc(N(c4ccccc4)c4ccccc4)cc3)c21,C1CCOC1,449.0
3801,CCCCn1c2c(-c3ccc(N(c4ccccc4)c4ccccc4)cc3)cc(C#N)cc2c2cc(C#N)cc(-c3ccc(N(c4ccccc4)c4ccccc4)cc3)c21,CC#N,476.0
3802,CCCCn1c2c(-c3ccc(N(c4ccccc4)c4ccccc4)cc3)cc(C#N)cc2c2cc(C#N)cc(-c3ccc(N(c4ccccc4)c4ccccc4)cc3)c21,CCCCOCCCC,419.0
3803,CCCCn1c2c(-c3ccc(N(c4ccccc4)c4ccccc4)cc3)cc(C#N)cc2c2cc(C#N)cc(-c3ccc(N(c4ccccc4)c4ccccc4)cc3)c21,CCN(CC)CC,415.0
3804,CCCCn1c2c(-c3ccc(N(c4ccccc4)c4ccccc4)cc3)cc(C#N)cc2c2cc(C#N)cc(-c3ccc(N(c4ccccc4)c4ccccc4)cc3)c21,CCOC(C)=O,443.0
3805,CCCCn1c2c(-c3ccc(N(c4ccccc4)c4ccccc4)cc3)cc(C#N)cc2c2cc(C#N)cc(-c3ccc(N(c4ccccc4)c4ccccc4)cc3)c21,CCOCC,430.0
3806,CCCCn1c2c(-c3ccc(N(c4ccccc4)c4ccccc4)cc3)cc(C#N)cc2c2cc(C#N)cc(-c3ccc(N(c4ccccc4)c4ccccc4)cc3)c21,CN(C)C=O,476.0
3807,CCCCn1c2c(-c3ccc(N(c4ccccc4)c4ccccc4)cc3)cc(C#N)cc2c2cc(C#N)cc(-c3ccc(N(c4ccccc4)c4ccccc4)cc3)c21,Cc1ccccc1,415.0
3808,CCCCn1c2c(-c3ccc(N(c4ccccc4)c4ccccc4)cc3)cc(C#N)cc2c2cc(C#N)cc(-c3ccc(N(c4ccccc4)c4ccccc4)cc3)c21,ClC=C(Cl)Cl,424.0
3809,CCCCn1c2c(-c3ccc(N(c4ccccc4)c4ccccc4)cc3)cc(C#N)cc2c2cc(C#N)cc(-c3ccc(N(c4ccccc4)c4ccccc4)cc3)c21,ClCCl,452.0
8180,COc1ccc(-c2cc3c(ccc4sc5ccc6sccc6c5c43)s2)cc1,ClCCl,409.0
9524,C[C@@]12SC(Cl)=CC1=c1nc(-c3ccc(Cl)cc3)[nH]c1=C1C=C(Cl)S[C@]12C,CC#N,449.0
9525,C[C@@]12SC(Cl)=CC1=c1nc(-c3ccccc3)[nH]c1=C1C=C(Cl)S[C@]12C,CC#N,452.0
8326,COc1ccc(-c2nc3c([nH]2)=C2C=C(Cl)S[C@@]2(C)[C@]2(C)SC(Cl)=CC=32)cc1,CC#N,378.0
14604,c1ccc(-c2ccc(-c3ccc(-c4ccccc4)cc3)cc2)cc1,C1CCOC1,368.0
14605,c1ccc(-c2ccc(-c3ccc(-c4ccccc4)cc3)cc2)cc1,C1COCCO1,369.0
10290,Cc1ccc(-c2ccc(/C=C/c3ccc(C#N)cc3)cn2)nc1,CC#N,403.0
10291,Cc1ccc(-c2ccc(/C=C/c3ccc(Cl)cc3)cn2)nc1,CC#N,392.0
10292,Cc1ccc(-c2ccc(/C=C/c3ccc(F)cc3)cn2)nc1,CC#N,391.0
10293,Cc1ccc(-c2ccc(/C=C/c3ccc(N(C)C)cc3)cn2)nc1,CC#N,532.0
10294,Cc1ccc(-c2ccc(/C=C/c3ccc([N+](=O)[O-])cc3)cn2)nc1,CC#N,551.0
10295,Cc1ccc(-c2ccc(/C=C/c3ccccc3)cn2)nc1,CC#N,392.0
8548,COc1ccc(/C=C/c2ccc(-c3ccc(C)cn3)nc2)cc1,CC#N,431.0
9714,Cc1c2c(c(C)c3ccccc13)-c1cc3nc4ccccc4nc3cc1-2,ClC(Cl)Cl,454.0
6412,CN(C)c1ccc(C2=Nc3scc(-c4ccc(C#N)cc4)[n+]3[B-](F)(F)O2)cc1,C1CCOC1,462.0
6413,CN(C)c1ccc(C2=Nc3scc(-c4ccc(C#N)cc4)[n+]3[B-](F)(F)O2)cc1,CC#N,477.0
6414,CN(C)c1ccc(C2=Nc3scc(-c4ccc(C#N)cc4)[n+]3[B-](F)(F)O2)cc1,Cc1ccccc1,448.0
6415,CN(C)c1ccc(C2=Nc3scc(-c4ccc(C#N)cc4)[n+]3[B-](F)(F)O2)cc1,ClCCl,456.0
6416,CN(C)c1ccc(C2=Nc3scc(-c4ccc(N(C)C)cc4)[n+]3[B-](F)(F)O2)cc1,C1CCOC1,616.0
6417,CN(C)c1ccc(C2=Nc3scc(-c4ccc(N(C)C)cc4)[n+]3[B-](F)(F)O2)cc1,Cc1ccccc1,518.0
6418,CN(C)c1ccc(C2=Nc3scc(-c4ccc(N(C)C)cc4)[n+]3[B-](F)(F)O2)cc1,ClCCl,590.0
6419,CN(C)c1ccc(C2=Nc3scc(-c4ccc([N+](=O)[O-])cc4)[n+]3[B-](F)(F)O2)cc1,C1CCOC1,454.0
6420,CN(C)c1ccc(C2=Nc3scc(-c4ccc([N+](=O)[O-])cc4)[n+]3[B-](F)(F)O2)cc1,CC#N,453.0
6421,CN(C)c1ccc(C2=Nc3scc(-c4ccc([N+](=O)[O-])cc4)[n+]3[B-](F)(F)O2)cc1,Cc1ccccc1,447.0
6422,CN(C)c1ccc(C2=Nc3scc(-c4ccc([N+](=O)[O-])cc4)[n+]3[B-](F)(F)O2)cc1,ClCCl,454.0
6423,CN(C)c1ccc(C2=Nc3scc(-c4ccccc4)[n+]3[B-](F)(F)O2)cc1,C1CCOC1,456.0
6424,CN(C)c1ccc(C2=Nc3scc(-c4ccccc4)[n+]3[B-](F)(F)O2)cc1,CC#N,471.0
6425,CN(C)c1ccc(C2=Nc3scc(-c4ccccc4)[n+]3[B-](F)(F)O2)cc1,Cc1ccccc1,444.0
6426,CN(C)c1ccc(C2=Nc3scc(-c4ccccc4)[n+]3[B-](F)(F)O2)cc1,ClCCl,454.0
14596,c1ccc(-c2cc3c(oc4ccccc43)c(-c3ccccc3)[o+]2)cc1,CC#N,450.0
14597,c1ccc(-c2cc3c(oc4ccccc43)c(-c3ccccc3)[o+]2)cc1,ClCCCl,451.0
10180,Cc1cc2cc(C)c3c4ccccc4[nH]c3c2o1,ClCCl,338.0
15159,c1ccc2c(c1)-c1ccccc1C21c2ccccc2-c2sc3c(c21)C1(c2ccccc2-c2ccccc21)c1ccccc1-3,C1CCOC1,403.0
3124,CCCCCCCCCCCCN1C(=O)c2c(c3ccc4cc(-c5cccs5)c(OC)cc4c3c3c2ccc2cc(-c4cccs4)c(OC)cc23)C1=O,ClCCl,545.0
15086,c1ccc([B-]23Oc4ccccc4-c4c5[n+]6c(c([n+]42)-c2ccccc2O3)-c2ccccc2O[B-]6(c2ccccc2)Oc2ccccc2-5)cc1,ClCCl,653.0
15098,c1ccc2c(-c3cc(-c4nccs4)nc(-c4nccs4)c3)cccc2c1,CC#N,386.0
15099,c1ccc2c(-c3cc(-c4nccs4)nc(-c4nccs4)c3)cccc2c1,CCCCCC,359.0
15100,c1ccc2c(-c3cc(-c4nccs4)nc(-c4nccs4)c3)cccc2c1,CO,422.0
15101,c1ccc2c(-c3cc(-c4nccs4)nc(-c4nccs4)c3)cccc2c1,ClC(Cl)Cl,377.0
10708,Cc1ccc(Sc2cc3cccc4ccc5cccc2c5c43)cc1,ClCCl,416.0
13228,O=C1c2ccc(-c3ccc(N(c4ccccc4)c4ccccc4)cc3)cc2C(=O)c2ccc(-c3ccc(N(c4ccccc4)c4ccccc4)cc3)cc21,Cc1ccccc1,597.0
13229,O=C1c2ccc(-c3ccc(N(c4ccccc4)c4ccccc4)cc3)cc2C(=O)c2ccc(-c3ccc(N(c4ccccc4)c4ccccc4)cc3)cc21,c1ccc2c(c1)c1ccccc1n2-c1ccc(-c2ccc(-n3c4ccccc4c4ccccc43)cc2)cc1,594.0
5258,CCn1c(-c2ccc(-c3ccc4c(c3)C(c3ccccc3)(c3ccccc3)c3ccccc3-4)cc2)c(-c2ccc3ccccc3c2)c(-c2ccc3ccccc3c2)c1-c1ccc(-c2ccc3c(c2)C(c2ccccc2)(c2ccccc2)c2ccccc2-3)cc1,CCOC(C)=O,441.0
8114,COc1ccc(-c2c3cc4ccccc4cc3c(C#Cc3ccccc3)c3cc4cc(C)sc4cc23)cc1,ClCCl,620.0
5772,CN(C)c1ccc(/C=C/C=C/C=C/c2ccc(B(O)O)cc2)cc1,C1CCCCC1,470.0
5773,CN(C)c1ccc(/C=C/C=C/C=C/c2ccc(N(C)C)cc2)cc1,C1CCOC1,482.0
5774,CN(C)c1ccc(/C=C/C=C/C=C/c2ccc(N(C)C)cc2)cc1,C1COCCO1,480.0
5775,CN(C)c1ccc(/C=C/C=C/C=C/c2ccc(N(C)C)cc2)cc1,CC#N,497.0
5776,CN(C)c1ccc(/C=C/C=C/C=C/c2ccc(N(C)C)cc2)cc1,CC(C)=O,488.0
5777,CN(C)c1ccc(/C=C/C=C/C=C/c2ccc(N(C)C)cc2)cc1,CC1CCCCC1,465.0
5778,CN(C)c1ccc(/C=C/C=C/C=C/c2ccc(N(C)C)cc2)cc1,CCCCCC,461.0
5779,CN(C)c1ccc(/C=C/C=C/C=C/c2ccc(N(C)C)cc2)cc1,CCOCC,471.0
5780,CN(C)c1ccc(/C=C/C=C/C=C/c2ccc(N(C)C)cc2)cc1,CN(C)C=O,500.0
5781,CN(C)c1ccc(/C=C/C=C/C=C/c2ccc(N(C)C)cc2)cc1,CO,499.0
5782,CN(C)c1ccc(/C=C/C=C/C=C/c2ccc(N(C)C)cc2)cc1,Cc1ccccc1,480.0
5783,CN(C)c1ccc(/C=C/C=C/C=C/c2ccc(N(C)C)cc2)cc1,ClC(Cl)(Cl)Cl,475.0
5784,CN(C)c1ccc(/C=C/C=C/C=C/c2ccc(N(C)C)cc2)cc1,ClC(Cl)Cl,489.0
5785,CN(C)c1ccc(/C=C/C=C/C=C/c2ccc(N(C)C)cc2)cc1,ClCCl,488.0
5018,CCOc1ccc(/C=C/C=C/C=C/c2ccc([N+](=O)[O-])cc2)cc1,CC#N,740.0
5019,CCOc1ccc(/C=C/C=C/C=C/c2ccc([N+](=O)[O-])cc2)cc1,CC1CCCCC1,488.0
5020,CCOc1ccc(/C=C/C=C/C=C/c2ccc([N+](=O)[O-])cc2)cc1,Cc1ccccc1,541.0
5021,CCOc1ccc(/C=C/C=C/C=C/c2ccc([N+](=O)[O-])cc2)cc1,ClCCl,694.0
6437,CN(C)c1ccc(C=C/C=C/C=C/c2ccc(C#N)cc2)cc1,C1CCOC1,609.0
6438,CN(C)c1ccc(C=C/C=C/C=C/c2ccc(C#N)cc2)cc1,CC#N,658.0
6439,CN(C)c1ccc(C=C/C=C/C=C/c2ccc(C#N)cc2)cc1,CCCC#N,640.0
6440,CN(C)c1ccc(C=C/C=C/C=C/c2ccc(C#N)cc2)cc1,CCCCCC,467.0
6441,CN(C)c1ccc(C=C/C=C/C=C/c2ccc(C#N)cc2)cc1,CCCCOCCCC,541.0
6442,CN(C)c1ccc(C=C/C=C/C=C/c2ccc(C#N)cc2)cc1,CCO,637.0
6443,CN(C)c1ccc(C=C/C=C/C=C/c2ccc(C#N)cc2)cc1,CCOCC,567.0
8498,COc1ccc(/C=C/C=C/C=C/c2ccc([N+](=O)[O-])cc2)cc1,C1CCOC1,611.0
8499,COc1ccc(/C=C/C=C/C=C/c2ccc([N+](=O)[O-])cc2)cc1,C1COCCO1,565.0
8500,COc1ccc(/C=C/C=C/C=C/c2ccc([N+](=O)[O-])cc2)cc1,CC#N,740.0
8501,COc1ccc(/C=C/C=C/C=C/c2ccc([N+](=O)[O-])cc2)cc1,CC1CCCCC1,485.0
8502,COc1ccc(/C=C/C=C/C=C/c2ccc([N+](=O)[O-])cc2)cc1,CO,690.0
8503,COc1ccc(/C=C/C=C/C=C/c2ccc([N+](=O)[O-])cc2)cc1,CS(C)=O,744.0
8504,COc1ccc(/C=C/C=C/C=C/c2ccc([N+](=O)[O-])cc2)cc1,Cc1ccccc1,541.0
8505,COc1ccc(/C=C/C=C/C=C/c2ccc([N+](=O)[O-])cc2)cc1,ClC(Cl)Cl,681.0
8506,COc1ccc(/C=C/C=C/C=C/c2ccc([N+](=O)[O-])cc2)cc1,ClCCl,694.0
3900,CCCOc1ccc(/C=C/C=C/C=C/c2ccc([N+](=O)[O-])cc2)cc1,CC#N,747.0
3901,CCCOc1ccc(/C=C/C=C/C=C/c2ccc([N+](=O)[O-])cc2)cc1,CC1CCCCC1,488.0
3902,CCCOc1ccc(/C=C/C=C/C=C/c2ccc([N+](=O)[O-])cc2)cc1,Cc1ccccc1,546.0
3903,CCCOc1ccc(/C=C/C=C/C=C/c2ccc([N+](=O)[O-])cc2)cc1,ClCCl,699.0
3708,CCCCOc1ccc(/C=C/C=C/C=C/c2ccc([N+](=O)[O-])cc2)cc1,CC#N,740.0
3709,CCCCOc1ccc(/C=C/C=C/C=C/c2ccc([N+](=O)[O-])cc2)cc1,CC1CCCCC1,488.0
3710,CCCCOc1ccc(/C=C/C=C/C=C/c2ccc([N+](=O)[O-])cc2)cc1,Cc1ccccc1,546.0
3711,CCCCOc1ccc(/C=C/C=C/C=C/c2ccc([N+](=O)[O-])cc2)cc1,ClCCl,701.0
9089,COc1ccc2c(c1)c1cc(OC)ccc1c1c2c2c(C(=O)NC(C)(C)C)ccc(C(=O)NC(C)(C)C)c2c2c3ccc(OC)cc3c3cc(OC)ccc3c21,ClCCl,498.0
838,CC(C)(C)NC(=O)c1ccc(C(=O)NC(C)(C)C)c2c1c1c3ccc(Cl)cc3c3cc(Cl)ccc3c1c1c3ccc(Cl)cc3c3cc(Cl)ccc3c21,ClCCl,476.0
839,CC(C)(C)NC(=O)c1ccc(C(=O)NC(C)(C)C)c2c1c1c3ccccc3c3ccccc3c1c1c3ccccc3c3ccccc3c21,ClCCl,476.0
6027,CN(C)c1ccc(/C=C/c2ccccn2)cc1,C1COCCO1,438.0
6028,CN(C)c1ccc(/C=C/c2ccccn2)cc1,CC#N,473.0
6029,CN(C)c1ccc(/C=C/c2ccccn2)cc1,CC(C)O,465.0
6030,CN(C)c1ccc(/C=C/c2ccccn2)cc1,CCCCCC,416.0
6031,CN(C)c1ccc(/C=C/c2ccccn2)cc1,CCCCCCC,417.0
6032,CN(C)c1ccc(/C=C/c2ccccn2)cc1,CCCCO,465.0
6033,CN(C)c1ccc(/C=C/c2ccccn2)cc1,CCO,476.0
6034,CN(C)c1ccc(/C=C/c2ccccn2)cc1,CCOC(C)=O,449.0
6035,CN(C)c1ccc(/C=C/c2ccccn2)cc1,CCOCC,429.0
6036,CN(C)c1ccc(/C=C/c2ccccn2)cc1,CN(C)C=O,469.0
6037,CN(C)c1ccc(/C=C/c2ccccn2)cc1,CO,482.0
6038,CN(C)c1ccc(/C=C/c2ccccn2)cc1,CS(C)=O,478.0
6039,CN(C)c1ccc(/C=C/c2ccccn2)cc1,O,512.0
6025,CN(C)c1ccc(/C=C/c2ccccn2)cc1,C1CCCCC1,418.0
6026,CN(C)c1ccc(/C=C/c2ccccn2)cc1,C1CCOC1,453.0
15208,c1ccc2c(c1)[nH]c1ncccc12,CCCCCC,338.0
15207,c1ccc2c(c1)[nH]c1ncccc12,CC#N,351.0
5945,CN(C)c1ccc(/C=C/c2cc[n+](CCCCC[n+]3ccc(/C=C/c4ccc(N(C)C)cc4)cc3)cc2)cc1,CC#N,605.0009378
5946,CN(C)c1ccc(/C=C/c2cc[n+](CCCCC[n+]3ccc(/C=C/c4ccc(N(C)C)cc4)cc3)cc2)cc1,CC(C)=O,603.9996859
5947,CN(C)c1ccc(/C=C/c2cc[n+](CCCCC[n+]3ccc(/C=C/c4ccc(N(C)C)cc4)cc3)cc2)cc1,CC(C)O,593.0002253
5948,CN(C)c1ccc(/C=C/c2cc[n+](CCCCC[n+]3ccc(/C=C/c4ccc(N(C)C)cc4)cc3)cc2)cc1,CC1COC(=O)O1,603.0017427
5949,CN(C)c1ccc(/C=C/c2cc[n+](CCCCC[n+]3ccc(/C=C/c4ccc(N(C)C)cc4)cc3)cc2)cc1,CCO,598.000287
5950,CN(C)c1ccc(/C=C/c2cc[n+](CCCCC[n+]3ccc(/C=C/c4ccc(N(C)C)cc4)cc3)cc2)cc1,CN(C)C=O,606.998695
5951,CN(C)c1ccc(/C=C/c2cc[n+](CCCCC[n+]3ccc(/C=C/c4ccc(N(C)C)cc4)cc3)cc2)cc1,CO,599.9988
5952,CN(C)c1ccc(/C=C/c2cc[n+](CCCCC[n+]3ccc(/C=C/c4ccc(N(C)C)cc4)cc3)cc2)cc1,CS(C)=O,610.001586
5953,CN(C)c1ccc(/C=C/c2cc[n+](CCCCC[n+]3ccc(/C=C/c4ccc(N(C)C)cc4)cc3)cc2)cc1,ClC(Cl)Cl,574.0000918
5954,CN(C)c1ccc(/C=C/c2cc[n+](CCCCC[n+]3ccc(/C=C/c4ccc(N(C)C)cc4)cc3)cc2)cc1,O,597.0006686
5955,CN(C)c1ccc(/C=C/c2cc[n+](CCCCC[n+]3ccc(/C=C/c4ccc(N(C)C)cc4)cc3)cc2)cc1,c1ccncc1,596.0008344
9970,Cc1cc(C)c(C2=C(c3c(C)sc(-c4ccc(-c5nc(-c6ccccc6)c(-c6ccccc6)[nH]5)cc4)c3C)C(F)(F)C(F)(F)C2(F)F)s1,C1CCOC1,393.0
11843,N#CC1=CC=CC(C#N)=P1(c1ccccc1)c1ccccc1,ClC(Cl)Cl,491.0
11839,N#CC1=CC(Br)=CC(C#N)=P1(c1ccccc1)c1ccccc1,ClC(Cl)Cl,519.0
11841,N#CC1=CC(C=O)=CC(C#N)=P1(c1ccccc1)c1ccccc1,ClC(Cl)Cl,463.0
3613,CCCCN1C(=O)C(=C/C=C/C=C/C=C2N(CCCC)c3ccccc3N2CCCC)C(=O)N(CCCC)C1=S,CC#N,688.0
3614,CCCCN1C(=O)C(=C/C=C/C=C/C=C2N(CCCC)c3ccccc3N2CCCC)C(=O)N(CCCC)C1=S,CCCCCC,707.0
3615,CCCCN1C(=O)C(=C/C=C/C=C/C=C2N(CCCC)c3ccccc3N2CCCC)C(=O)N(CCCC)C1=S,CCO,685.0
3616,CCCCN1C(=O)C(=C/C=C/C=C/C=C2N(CCCC)c3ccccc3N2CCCC)C(=O)N(CCCC)C1=S,CN(C)C=O,690.0
3617,CCCCN1C(=O)C(=C/C=C/C=C/C=C2N(CCCC)c3ccccc3N2CCCC)C(=O)N(CCCC)C1=S,CO,682.0
3618,CCCCN1C(=O)C(=C/C=C/C=C/C=C2N(CCCC)c3ccccc3N2CCCC)C(=O)N(CCCC)C1=S,Cc1ccccc1,715.0
3619,CCCCN1C(=O)C(=C/C=C/C=C/C=C2N(CCCC)c3ccccc3N2CCCC)C(=O)N(CCCC)C1=S,ClC(Cl)Cl,702.0
3620,CCCCN1C(=O)C(=C/C=C/C=C/C=C2N(CCCC)c3ccccc3N2CCCC)C(=O)N(CCCC)C1=S,ClCCl,697.0
3621,CCCCN1C(=O)C(=C/C=C/C=C/C=C2N(CCCC)c3ccccc3N2CCCC)C(=O)N(CCCC)C1=S,OCC(F)(F)F,663.0
11361,F[B-]1(F)n2c(-c3ccccc3)cc(-c3cccs3)c2N=C2C(c3cccs3)=CC(c3ccccc3)=[N+]21,ClCCl,725.0
11840,N#CC1=CC(C#Cc2ccccc2)=CC(C#N)=P1(c1ccccc1)c1ccccc1,ClC(Cl)Cl,538.0
1072,CC(C)(C)c1ccc(C(C)(C)C)c(N2C(=O)c3cccc4c(-c5ccc(-c6ccc(N(c7ccccc7)c7ccccc7)cc6)s5)ccc(c34)C2=O)c1,Cc1ccccc1,575.0
960,CC(C)(C)c1ccc(-c2nc(-c3ccc(-n4c5ccccc5c5c6oc7ccccc7c6ccc54)cc3)nc(-c3ccc(C(C)(C)C)cc3)n2)cc1,C1CCOC1,415.1960784
961,CC(C)(C)c1ccc(-c2nc(-c3ccc(C(C)(C)C)cc3)nc(-c3cc(C#N)c(-n4c5ccccc5c5c6oc7ccccc7c6ccc54)c(C#N)c3)n2)cc1,C1CCOC1,504.6568627
962,CC(C)(C)c1ccc(-c2nc(-c3ccc(C(C)(C)C)cc3)nc(-c3ccc(-n4c5ccccc5c5c6oc7ccccc7c6ccc54)c(C#N)c3)n2)cc1,C1CCOC1,450.7352941
4629,CCOC(=O)/C(C)=C/C1=C(c2ccc(C)cc2)C2=Nc3c(-c4ccc(C)cc4)c(Br)c(-c4ccc(C)cc4)n3[B-](F)(F)[N+]2=C1c1ccc(C)cc1,ClC(Cl)Cl,702.0
4630,CCOC(=O)/C=C/C1=C(c2ccc(C)cc2)C2=Nc3c(-c4ccc(C)cc4)c(Br)c(-c4ccc(C)cc4)n3[B-](F)(F)[N+]2=C1c1ccc(C)cc1,ClC(Cl)Cl,703.0
4631,CCOC(=O)/C=C/C1=C(c2ccc(C)cc2)C2=Nc3c(-c4ccc(C)cc4)cc(-c4ccc(C)cc4)n3[B-](F)(F)[N+]2=C1c1ccc(C)cc1,ClC(Cl)Cl,700.0
8865,COc1ccc(C2=[N+]3C(=Nc4c(-c5cc(OC)c(OC)c(OC)c5)c(Br)c(-c5ccc(OC)cc5)n4[B-]3(F)F)C(c3cc(OC)c(OC)c(OC)c3)=C2Br)cc1,Cc1ccccc1,723.0
8866,COc1ccc(C2=[N+]3C(=Nc4c(-c5cc(OC)c(OC)c(OC)c5)cc(-c5ccc(OC)cc5)n4[B-]3(F)F)C(c3cc(OC)c(OC)c(OC)c3)=C2)cc1,Cc1ccccc1,724.0
6431,CN(C)c1ccc(C2=[N+]3C(=Nc4c(-c5ccc(O)cc5)cc(-c5ccc(N(C)C)cc5)n4[B-]3(F)F)C(c3ccc(O)cc3)=C2)cc1,C1CCOC1,815.0
6432,CN(C)c1ccc(C2=[N+]3C(=Nc4c(-c5ccc(O)cc5)cc(-c5ccc(N(C)C)cc5)n4[B-]3(F)F)C(c3ccc(O)cc3)=C2)cc1,CS(C)=O,832.0
6433,CN(C)c1ccc(C2=[N+]3C(=Nc4c(-c5ccc(O)cc5)cc(-c5ccc(N(C)C)cc5)n4[B-]3(F)F)C(c3ccc(O)cc3)=C2)cc1,Cc1ccccc1,813.0
6434,CN(C)c1ccc(C2=[N+]3C(=Nc4c(-c5ccc(OCCCCS(=O)(=O)[O-])cc5)cc(-c5ccc(N(C)C)cc5)n4[B-]3(F)F)C(c3ccc(OCCCCS(=O)(=O)[O-])cc3)=C2)cc1,CS(C)=O,826.0
6435,CN(C)c1ccc(C2=[N+]3C(=Nc4c(-c5ccccc5)cc(-c5ccc(N(C)C)cc5)n4[B-]3(F)F)C(c3ccccc3)=C2)cc1,ClC(Cl)Cl,823.0
8870,COc1ccc(C2=[N+]3C(=Nc4c(-c5ccccc5)c(Br)c(-c5ccc(OC)cc5)n4[B-]3(F)F)C(c3ccccc3)=C2Br)cc1,ClC(Cl)Cl,714.0
8871,COc1ccc(C2=[N+]3C(=Nc4c(-c5ccccc5)c(Br)c(-c5ccc(OC)cc5)n4[B-]3(F)F)C(c3ccccc3)=C2Br)cc1,ClCCl,714.0
8873,COc1ccc(C2=[N+]3C(=Nc4c(-c5ccccc5)cc(-c5ccc(OC)cc5)n4[B-]3(F)F)C(c3ccccc3)=C2)cc1,ClC(Cl)Cl,715.0
8874,COc1ccc(C2=[N+]3C(=Nc4c(-c5ccccc5)cc(-c5ccc(OC)cc5)n4[B-]3(F)F)C(c3ccccc3)=C2)cc1,ClCCl,715.0
8753,COc1ccc(C2=C(Br)C(c3ccccc3)=[N+]3C2=Nc2c(-c4ccc(OC)cc4)c(Br)c(-c4ccccc4)n2[B-]3(F)F)cc1,Cc1ccccc1,691.0
9409,COc1ccccc1C1=[N+]2C(=Nc3c(-c4ccccc4)cc(-c4ccccc4OC)n3[B-]2(F)F)C(c2ccccc2)=C1,Cc1ccccc1,688.0
54,C#CCOc1ccc(-c2cc(-c3ccccc3)c3n2[B-](F)(F)[N+]2=C(c4ccc(OCCCS(=O)(=O)[O-])cc4)C=C(c4ccccc4)C2=N3)cc1,O,720.0
6345,CN(C)c1ccc(C2=CC(c3ccccc3)=[N+]3C2=Nc2c(-c4ccc(N(C)C)cc4)cc(-c4ccccc4)n2[B-]3(F)F)cc1,Cc1ccccc1,822.0
62,C#CCOc1ccc(C2=[N+]3C(=Nc4c(-c5ccccc5)cc(-c5ccc(O)cc5)n4[B-]3(F)F)C(c3ccccc3)=C2)cc1,CO,716.0
64,C#CCOc1ccc(C2=[N+]3C(=Nc4c(-c5ccccc5)cc(-c5ccc(O)cc5)n4[B-]3(F)F)C(c3ccccc3)=C2)cc1,ClC(Cl)Cl,708.0
1089,CC(C)(C)c1ccc(C2=CC(c3ccccc3)=[N+]3C2=Nc2c(-c4ccc(C(C)(C)C)cc4)cc(-c4ccccc4)n2[B-]3(F)F)cc1,C1CCOC1,681.0
1090,CC(C)(C)c1ccc(C2=CC(c3ccccc3)=[N+]3C2=Nc2c(-c4ccc(C(C)(C)C)cc4)cc(-c4ccccc4)n2[B-]3(F)F)cc1,Cc1ccccc1,683.0
1091,CC(C)(C)c1ccc(C2=CC(c3ccccc3)=[N+]3C2=Nc2c(-c4ccc(C(C)(C)C)cc4)cc(-c4ccccc4)n2[B-]3(F)F)cc1,ClC(Cl)Cl,680.0
63,C#CCOc1ccc(C2=[N+]3C(=Nc4c(-c5ccccc5)cc(-c5ccc(O)cc5)n4[B-]3(F)F)C(c3ccccc3)=C2)cc1,Cc1ccccc1,711.0
11358,F[B-]1(F)n2c(-c3ccccc3)cc(-c3ccccc3)c2N=C2C(c3ccccc3)=CC(c3ccccc3)=[N+]21,CC#N,673.0
11359,F[B-]1(F)n2c(-c3ccccc3)cc(-c3ccccc3)c2N=C2C(c3ccccc3)=CC(c3ccccc3)=[N+]21,ClC(Cl)Cl,672.0
10591,Cc1ccc(C2=CC(c3ccc(C)cc3)=[N+]3C2=Nc2c(-c4ccc(C)cc4)cc(-c4ccc(C)cc4)n2[B-]3(F)F)cc1,ClC(Cl)Cl,697.0
8833,COc1ccc(C2=CC(c3ccccc3)=[N+]3C2=Nc2c(-c4ccc(OC)cc4)cc(-c4ccccc4)n2[B-]3(F)F)cc1,Cc1ccccc1,697.0
8834,COc1ccc(C2=CC(c3ccccc3)=[N+]3C2=Nc2c(-c4ccc(OC)cc4)cc(-c4ccccc4)n2[B-]3(F)F)cc1,ClC(Cl)Cl,695.0
7631,COc1c(-c2ccc(N(C)C)cc2)oc2ccccc2c1=O,C1CCCCC1,413.8888889
7632,COc1c(-c2ccc(N(C)C)cc2)oc2ccccc2c1=O,CC#N,490.4761905
7633,COc1c(-c2ccc(N(C)C)cc2)oc2ccccc2c1=O,CCOC(C)=O,468.6507937
5600,CN(C)c1ccc(-c2cc(=O)c3ccccc3o2)cc1,C1CCCCC1,382.3529412
5603,CN(C)c1ccc(-c2cc(=O)c3ccccc3o2)cc1,Cc1ccccc1,417.0
5578,CN(C)c1cc2sc3cc(N(C)C)c(F)cc3c(=O)c2cc1F,CCO,477.0
1341,CC(C)Nc1cc2sc3cc(NC(C)C)c(F)cc3c(=O)c2cc1F,CCO,446.0
13897,O=c1c2cc(F)c(O)cc2sc2cc(O)c(F)cc12,CCO,465.0
8101,COc1cc2sc3cc(OC)c(F)cc3c(=O)c2cc1F,CS(C)=O,416.0
859,CC(C)(C)Nc1cc2sc3cc(NC(C)(C)C)c(F)cc3c(=O)c2cc1F,CCO,432.0
3974,CCN(CC)c1cc2sc3cc(N(CC)CC)c(F)cc3c(=O)c2cc1F,CCO,475.0
10071,Cc1cc(C)n2c1C=[N+]1[N+](=C3C=NC=CN3[B-]1(F)F)[B-]2(F)F,ClCCl,490.0
4075,CCN(CC)c1ccc(/C=N/Nc2ccc(C#N)cc2)c(O)c1,CC#N,418.0
4076,CCN(CC)c1ccc(/C=N/Nc2ccc(C#N)cc2)c(O)c1,CCCCCC,403.0
4077,CCN(CC)c1ccc(/C=N/Nc2ccc(C#N)cc2)c(O)c1,CO,430.0
4078,CCN(CC)c1ccc(/C=N/Nc2ccc(C#N)cc2)c(O)c1,CS(C)=O,422.0
4079,CCN(CC)c1ccc(/C=N/Nc2ccc(C#N)cc2)c(O)c1,ClC(Cl)Cl,410.0
6767,CN1/C(=C/C=C/C2=[N+](C)c3c(F)c(F)c4c(F)c(F)c(F)c(F)c4c3C2(C)C)C(C)(C)c2c1c(F)c(F)c1c(F)c(F)c(F)c(F)c21,ClCCl,597.0
6768,CN1/C(=C/C=C/C2=[N+](C)c3ccc4ccccc4c3C2(C)C)C(C)(C)c2c1ccc1ccccc21,ClCCl,612.0
9189,COc1ccc2cc(/C=C/C3=C4CCc5ccccc5C4=[O+][B-](F)(F)O3)ccc2c1,ClCCl,564.0
2744,CCCC1(CCC)c2cc(C=C(C#Cc3ccccc3)C#Cc3ccccc3)ccc2-c2ccc(C=C(C#Cc3ccccc3)C#Cc3ccccc3)cc21,ClC(Cl)Cl,473.0
14740,c1ccc(-c2nc(-c3ccccc3)nc(-c3ccc(-n4c5ccccc5c5cc(-c6ccc7oc8ccccc8c7c6)ccc54)cc3)n2)cc1,CCOC(C)=O,470.0
14741,c1ccc(-c2nc(-c3ccccc3)nc(-c3ccc(-n4c5ccccc5c5cc(-c6ccc7oc8ccccc8c7c6)ccc54)cc3)n2)cc1,CN(C)C=O,526.0
14742,c1ccc(-c2nc(-c3ccccc3)nc(-c3ccc(-n4c5ccccc5c5cc(-c6ccc7oc8ccccc8c7c6)ccc54)cc3)n2)cc1,Cc1ccccc1,433.0
1199,CC(C)(C)c1ccc2c(c1)c1cc(C(C)(C)C)ccc1n2-c1cccc(-c2nc(-c3cccc(-n4c5ccc(C(C)(C)C)cc5c5cc(C(C)(C)C)ccc54)c3)nc(-c3cccc(P(=O)(c4ccccc4)c4ccccc4)c3)n2)c1,C1CCOC1,514.4050104
1200,CC(C)(C)c1ccc2c(c1)c1cc(C(C)(C)C)ccc1n2-c1cccc(-c2nc(-c3cccc(-n4c5ccc(C(C)(C)C)cc5c5cc(C(C)(C)C)ccc54)c3)nc(-c3cccc(P(=O)(c4ccccc4)c4ccccc4)c3)n2)c1,CC#N,572.1294363
1201,CC(C)(C)c1ccc2c(c1)c1cc(C(C)(C)C)ccc1n2-c1cccc(-c2nc(-c3cccc(-n4c5ccc(C(C)(C)C)cc5c5cc(C(C)(C)C)ccc54)c3)nc(-c3cccc(P(=O)(c4ccccc4)c4ccccc4)c3)n2)c1,CC(C)=O,552.2964509
1202,CC(C)(C)c1ccc2c(c1)c1cc(C(C)(C)C)ccc1n2-c1cccc(-c2nc(-c3cccc(-n4c5ccc(C(C)(C)C)cc5c5cc(C(C)(C)C)ccc54)c3)nc(-c3cccc(P(=O)(c4ccccc4)c4ccccc4)c3)n2)c1,CN(C)C=O,532.9853862
1203,CC(C)(C)c1ccc2c(c1)c1cc(C(C)(C)C)ccc1n2-c1cccc(-c2nc(-c3cccc(-n4c5ccc(C(C)(C)C)cc5c5cc(C(C)(C)C)ccc54)c3)nc(-c3cccc(P(=O)(c4ccccc4)c4ccccc4)c3)n2)c1,Cc1ccccc1,481.2108559
1204,CC(C)(C)c1ccc2c(c1)c1cc(C(C)(C)C)ccc1n2-c1cccc(-c2nc(-c3cccc(-n4c5ccc(C(C)(C)C)cc5c5cc(C(C)(C)C)ccc54)c3)nc(-c3cccc(P(=O)(c4ccccc4)c4ccccc4)c3)n2)c1,ClC(Cl)Cl,511.4822547
1205,CC(C)(C)c1ccc2c(c1)c1cc(C(C)(C)C)ccc1n2-c1cccc(-c2nc(-c3cccc(-n4c5ccc(C(C)(C)C)cc5c5cc(C(C)(C)C)ccc54)c3)nc(-c3cccc(P(=O)(c4ccccc4)c4ccccc4)c3)n2)c1,ClCCl,532.9853862
1206,CC(C)(C)c1ccc2c(c1)c1cc(C(C)(C)C)ccc1n2-c1cccc(-c2nc(-c3cccc(-n4c5ccc(C(C)(C)C)cc5c5cc(C(C)(C)C)ccc54)c3)nc(-c3cccc(P(=O)(c4ccccc4)c4ccccc4)c3)n2)c1,O=P(c1ccccc1)(c1ccccc1)c1ccccc1Oc1ccccc1P(=O)(c1ccccc1)c1ccccc1,484.0
3479,CCCCCCn1c(=O)c2c3oc4ccccc4sc3c3c(=O)n(CCCCCC)c(=O)c3c2c1=O,ClCCl,522.0
13940,O=c1c2ccccc2nc2ccccn12,ClCCl,442.0
1107,CC(C)(C)c1ccc2c(c1)Sc1cc(C(C)(C)C)ccc1N2c1ccc2c(ccc3nc4ccc5cc(N6c7ccc(C(C)(C)C)cc7Sc7cc(C(C)(C)C)ccc76)ccc5c4nc32)c1,C1CCCCC1,575.0
1108,CC(C)(C)c1ccc2c(c1)Sc1cc(C(C)(C)C)ccc1N2c1ccc2c(ccc3nc4ccc5cc(N6c7ccc(C(C)(C)C)cc7Sc7cc(C(C)(C)C)ccc76)ccc5c4nc32)c1,Cc1ccccc1,682.0
15190,c1ccc2c(c1)Sc1ccccc1N2c1ccc2c(ccc3nc4ccc5cc(N6c7ccccc7Sc7ccccc76)ccc5c4nc32)c1,C1CCCCC1,543.0
15191,c1ccc2c(c1)Sc1ccccc1N2c1ccc2c(ccc3nc4ccc5cc(N6c7ccccc7Sc7ccccc76)ccc5c4nc32)c1,Cc1ccccc1,657.0
15328,c1cncc(-c2cccc3c2-c2ccccc2C32c3ccccc3-c3ccccc32)c1,C1CCCCC1,363.0
4131,CCN(CC)c1ccc2c(-c3ccccc3C(=O)O)c3c([o+]c2c1)/C(=C/c1nc(C)n2ccccc12)CCC3,ClCCl,735.0
514,C1=Cc2ccccc2Cc2ccccc21,CC#N,383.0
515,C1=Cc2ccccc2Cc2ccccc21,CO,380.0
6869,CNCCCC1c2ccccc2C=Cc2ccccc21,CC#N,358.0
6870,CNCCCC1c2ccccc2C=Cc2ccccc21,CO,358.0
6871,CNCCCC1c2ccccc2C=Cc2ccccc21,O,360.0
3869,CCCN1/C(=C/C=C(/C=C/c2sc3ccccc3[n+]2CCC)c2ccc([N+](=O)[O-])cc2)C(C)(C)c2ccccc21,CO,659.0
3870,CCCN1/C(=C/C=C(/C=C/c2sc3ccccc3[n+]2CCC)c2ccc([N+](=O)[O-])cc2)C(C)(C)c2ccccc21,CS(C)=O,666.0
3871,CCCN1/C(=C/C=C(/C=C/c2sc3ccccc3[n+]2CCC)c2ccc([N+](=O)[O-])cc2)C(C)(C)c2ccccc21,O,662.0
5312,CCn1c2ccccc2c2cc(-c3cc(-c4ccc5c(c4)c4ccccc4n5CC)nc(N4CCCCC4)n3)ccc21,C1CCOC1,408.0
5313,CCn1c2ccccc2c2cc(-c3cc(-c4ccc5c(c4)c4ccccc4n5CC)nc(N4CCCCC4)n3)ccc21,CCOC(C)=O,409.0
5314,CCn1c2ccccc2c2cc(-c3cc(-c4ccc5c(c4)c4ccccc4n5CC)nc(N4CCCCC4)n3)ccc21,CN(C)C=O,417.0
5315,CCn1c2ccccc2c2cc(-c3cc(-c4ccc5c(c4)c4ccccc4n5CC)nc(N4CCCCC4)n3)ccc21,Cc1ccccc1,406.0
5316,CCn1c2ccccc2c2cc(-c3cc(-c4ccc5c(c4)c4ccccc4n5CC)nc(N4CCCCC4)n3)ccc21,ClCCl,414.0
2317,CC1CC(C)(C)N(C)c2ccc(/C=C/c3ccc(/C=C(\C#N)C(=O)O)s3)cc21,ClCCl,712.0
5431,CCn1ncc2c3c(C#N)c4c5ccccc5n(C)c4nc3ccc21,CCOC(C)=O,473.0
11233,Cn1ncc2c3c(C#N)c4c5ccccc5n(C)c4nc3ccc21,CCOC(C)=O,478.0
5287,CCn1c2ccccc2c2c(C#N)c3c(ccc4c3cnn4C)nc21,CCOC(C)=O,476.0
5432,CCn1ncc2c3c(C#N)c4c5ccccc5n(CC)c4nc3ccc21,CCOC(C)=O,476.0
6219,CN(C)c1ccc(C#Cc2ccc(-c3nc(C#N)c(C#N)n3C)cc2)cc1,ClC(Cl)Cl,479.0
6216,CN(C)c1ccc(C#Cc2ccc(-c3nc(C#N)c(C#N)n3C)cc2)cc1,C1CCCCC1,406.0
6217,CN(C)c1ccc(C#Cc2ccc(-c3nc(C#N)c(C#N)n3C)cc2)cc1,CC#N,514.0
6218,CN(C)c1ccc(C#Cc2ccc(-c3nc(C#N)c(C#N)n3C)cc2)cc1,CO,489.0
6802,CN1C(=O)/C(=C/c2ccncc2)N=C1c1ccccc1,C1COCCO1,471.0
6803,CN1C(=O)/C(=C/c2ccncc2)N=C1c1ccccc1,CC#N,475.0
6804,CN1C(=O)/C(=C/c2ccncc2)N=C1c1ccccc1,CCO,477.0
6805,CN1C(=O)/C(=C/c2ccncc2)N=C1c1ccccc1,CCOC(C)=O,472.0
6806,CN1C(=O)/C(=C/c2ccncc2)N=C1c1ccccc1,O,477.0
9556,C[N+]1=c2cc3c(cc2C(C)(C)CC1)=C(c1ccccc1C(=O)O)c1cc2c(cc1O3)Oc1cc3c(cc1=C2c1ccccc1C(=O)O)C(C)(C)CC[N+]=3C,ClC(Cl)Cl,612.0
15040,c1ccc(N2c3ccc4ccccc4c3-c3c4ccccc4nc[n+]3[B-]2(c2ccccc2)c2ccccc2)cc1,C1CCC2CCCCC2C1,642.0
15041,c1ccc(N2c3ccc4ccccc4c3-c3c4ccccc4nc[n+]3[B-]2(c2ccccc2)c2ccccc2)cc1,C1CCCCC1,640.0
15042,c1ccc(N2c3ccc4ccccc4c3-c3c4ccccc4nc[n+]3[B-]2(c2ccccc2)c2ccccc2)cc1,C1CCOC1,665.0
15043,c1ccc(N2c3ccc4ccccc4c3-c3c4ccccc4nc[n+]3[B-]2(c2ccccc2)c2ccccc2)cc1,CC#N,677.0
15044,c1ccc(N2c3ccc4ccccc4c3-c3c4ccccc4nc[n+]3[B-]2(c2ccccc2)c2ccccc2)cc1,CC(C)=O,675.0
15045,c1ccc(N2c3ccc4ccccc4c3-c3c4ccccc4nc[n+]3[B-]2(c2ccccc2)c2ccccc2)cc1,CCCCCC,641.0
15046,c1ccc(N2c3ccc4ccccc4c3-c3c4ccccc4nc[n+]3[B-]2(c2ccccc2)c2ccccc2)cc1,CCOC(C)=O,665.0
15047,c1ccc(N2c3ccc4ccccc4c3-c3c4ccccc4nc[n+]3[B-]2(c2ccccc2)c2ccccc2)cc1,CN(C)C=O,680.0
15048,c1ccc(N2c3ccc4ccccc4c3-c3c4ccccc4nc[n+]3[B-]2(c2ccccc2)c2ccccc2)cc1,Cc1ccccc1,654.0
15049,c1ccc(N2c3ccc4ccccc4c3-c3c4ccccc4nc[n+]3[B-]2(c2ccccc2)c2ccccc2)cc1,ClC(Cl)Cl,676.0
7630,COc1c(-c2c(OC)c3cccc4ccc5oc(=O)cc2c5c43)c2cc(=O)oc3ccc4cccc1c4c32,CC1CCCO1,543.0
13968,O=c1cc2c(-c3c(O)c4cccc5ccc6oc(=O)cc3c6c54)c(O)c3cccc4ccc(o1)c2c43,CC1CCCO1,552.0
14860,c1ccc(-n2c(-c3c(-n4c5ccccc5c5ccccc54)cccc3-n3c4ccccc4c4ccccc43)nc3ccccc32)cc1,C1CCOC1,418.0
10191,Cc1cc2ccc(-c3cccc4cccc(-c5ccc6cc(C)c(=O)oc6c5)c34)cc2oc1=O,CO,452.0
10192,Cc1cc2ccc(-c3cccc4cccc(-c5ccc6cc(C)c(=O)oc6c5)c34)cc2oc1=O,c1ccccc1,398.0
10185,Cc1cc2ccc(-c3cccc4cccc(-c5ccc6cc(C)c(=O)oc6c5)c34)cc2oc1=O,C1CCCCC1,392.0
10186,Cc1cc2ccc(-c3cccc4cccc(-c5ccc6cc(C)c(=O)oc6c5)c34)cc2oc1=O,C1COCCO1,399.0
10187,Cc1cc2ccc(-c3cccc4cccc(-c5ccc6cc(C)c(=O)oc6c5)c34)cc2oc1=O,CC#N,420.0
10188,Cc1cc2ccc(-c3cccc4cccc(-c5ccc6cc(C)c(=O)oc6c5)c34)cc2oc1=O,CCO,442.0
10189,Cc1cc2ccc(-c3cccc4cccc(-c5ccc6cc(C)c(=O)oc6c5)c34)cc2oc1=O,CCOC(C)=O,403.0
10190,Cc1cc2ccc(-c3cccc4cccc(-c5ccc6cc(C)c(=O)oc6c5)c34)cc2oc1=O,CN(C)C=O,417.0
3872,CCCN1/C(=C/C=C(/C=C/c2sc3ccccc3[n+]2CCC)c2ccc([N+](=O)[O-])cc2)Sc2ccccc21,CO,663.0
3873,CCCN1/C(=C/C=C(/C=C/c2sc3ccccc3[n+]2CCC)c2ccc([N+](=O)[O-])cc2)Sc2ccccc21,CS(C)=O,673.0
3874,CCCN1/C(=C/C=C(/C=C/c2sc3ccccc3[n+]2CCC)c2ccc([N+](=O)[O-])cc2)Sc2ccccc21,O,669.0
6747,CN1/C(=C/C=C(/C=C/c2sc3ccccc3[n+]2C)c2cc(F)cc(F)c2)Sc2ccccc21,CCO,670.0
6748,CN1/C(=C/C=C(/C=C/c2sc3ccccc3[n+]2C)c2cc(F)cc(F)c2)Sc2ccccc21,CO,668.0
6749,CN1/C(=C/C=C(/C=C/c2sc3ccccc3[n+]2C)c2cc(F)cc(F)c2)Sc2ccccc21,CS(C)=O,675.0
6750,CN1/C(=C/C=C(/C=C/c2sc3ccccc3[n+]2C)c2cc(F)cc(F)c2)Sc2ccccc21,O,671.0
6751,CN1/C(=C/C=C(/C=C/c2sc3ccccc3[n+]2C)c2ccc(C(F)(F)F)cc2)Sc2ccccc21,CCO,678.0
6752,CN1/C(=C/C=C(/C=C/c2sc3ccccc3[n+]2C)c2ccc(C(F)(F)F)cc2)Sc2ccccc21,CO,676.0
6753,CN1/C(=C/C=C(/C=C/c2sc3ccccc3[n+]2C)c2ccc(C(F)(F)F)cc2)Sc2ccccc21,CS(C)=O,668.0
6754,CN1/C(=C/C=C(/C=C/c2sc3ccccc3[n+]2C)c2ccc(C(F)(F)F)cc2)Sc2ccccc21,O,659.0
6755,CN1/C(=C/C=C(/C=C/c2sc3ccccc3[n+]2C)c2ccc(F)cc2)Sc2ccccc21,CCO,674.0
6756,CN1/C(=C/C=C(/C=C/c2sc3ccccc3[n+]2C)c2ccc(F)cc2)Sc2ccccc21,CO,674.0
6757,CN1/C(=C/C=C(/C=C/c2sc3ccccc3[n+]2C)c2ccc(F)cc2)Sc2ccccc21,CS(C)=O,681.0
6758,CN1/C(=C/C=C(/C=C/c2sc3ccccc3[n+]2C)c2ccc(F)cc2)Sc2ccccc21,O,669.0
6759,CN1/C(=C/C=C(/C=C/c2sc3ccccc3[n+]2C)c2cccc(C(F)(F)F)c2)Sc2ccccc21,CCO,665.0
6760,CN1/C(=C/C=C(/C=C/c2sc3ccccc3[n+]2C)c2cccc(C(F)(F)F)c2)Sc2ccccc21,CO,661.0
6761,CN1/C(=C/C=C(/C=C/c2sc3ccccc3[n+]2C)c2cccc(C(F)(F)F)c2)Sc2ccccc21,CS(C)=O,665.0
6762,CN1/C(=C/C=C(/C=C/c2sc3ccccc3[n+]2C)c2cccc(C(F)(F)F)c2)Sc2ccccc21,O,659.0
6763,CN1/C(=C/C=C(/C=C/c2sc3ccccc3[n+]2C)c2ccccc2)Sc2ccccc21,CCO,676.0
6764,CN1/C(=C/C=C(/C=C/c2sc3ccccc3[n+]2C)c2ccccc2)Sc2ccccc21,CO,679.0
6765,CN1/C(=C/C=C(/C=C/c2sc3ccccc3[n+]2C)c2ccccc2)Sc2ccccc21,CS(C)=O,683.0
6766,CN1/C(=C/C=C(/C=C/c2sc3ccccc3[n+]2C)c2ccccc2)Sc2ccccc21,O,673.0
2318,CC1CC=C(c2ccc(-c3ccc(C#N)s3)s2)CC1,C1CCOC1,443.0
2319,CC1CC=C(c2ccc(-c3ccc(C#N)s3)s2)CC1,CC#N,448.0
2320,CC1CC=C(c2ccc(-c3ccc(C#N)s3)s2)CC1,CCCCCC,427.0
2321,CC1CC=C(c2ccc(-c3ccc(C#N)s3)s2)CC1,CCO,443.0
2322,CC1CC=C(c2ccc(-c3ccc(C#N)s3)s2)CC1,OCCOCCO,451.0
2323,CC1CC=C(c2ccc(-c3ccc(C#N)s3)s2)CC1,c1ccncc1,452.0
2324,CC1CC=C(c2ccc(-c3ccc(C=O)s3)s2)CC1,C1CCOC1,467.0
2325,CC1CC=C(c2ccc(-c3ccc(C=O)s3)s2)CC1,CC#N,482.0
2326,CC1CC=C(c2ccc(-c3ccc(C=O)s3)s2)CC1,CCCCCC,445.0
2327,CC1CC=C(c2ccc(-c3ccc(C=O)s3)s2)CC1,CCO,500.0
2328,CC1CC=C(c2ccc(-c3ccc(C=O)s3)s2)CC1,OCCOCCO,508.0
2329,CC1CC=C(c2ccc(-c3ccc(C=O)s3)s2)CC1,c1ccncc1,483.0
2330,CC1CC=C(c2ccc(-c3cccs3)s2)CC1,C1CCOC1,412.0
2331,CC1CC=C(c2ccc(-c3cccs3)s2)CC1,CC#N,404.0
2332,CC1CC=C(c2ccc(-c3cccs3)s2)CC1,CCCCCC,408.0
2333,CC1CC=C(c2ccc(-c3cccs3)s2)CC1,CCO,411.0
2334,CC1CC=C(c2ccc(-c3cccs3)s2)CC1,OCCOCCO,414.0
2335,CC1CC=C(c2ccc(-c3cccs3)s2)CC1,c1ccncc1,417.0
13482,O=Cc1ccc(-c2ccc(C3=CCCCC3)s2)s1,C1CCOC1,467.0
13483,O=Cc1ccc(-c2ccc(C3=CCCCC3)s2)s1,CC#N,485.0
13484,O=Cc1ccc(-c2ccc(C3=CCCCC3)s2)s1,CCCCCC,444.0
13485,O=Cc1ccc(-c2ccc(C3=CCCCC3)s2)s1,CCO,498.0
13486,O=Cc1ccc(-c2ccc(C3=CCCCC3)s2)s1,OCCOCCO,508.0
13487,O=Cc1ccc(-c2ccc(C3=CCCCC3)s2)s1,c1ccncc1,483.0
12109,N#Cc1ccc(-c2ccc(C3=CCCCC3)s2)s1,C1CCOC1,441.0
12110,N#Cc1ccc(-c2ccc(C3=CCCCC3)s2)s1,CC#N,448.0
12111,N#Cc1ccc(-c2ccc(C3=CCCCC3)s2)s1,CCCCCC,427.0
12112,N#Cc1ccc(-c2ccc(C3=CCCCC3)s2)s1,CCO,436.0
12113,N#Cc1ccc(-c2ccc(C3=CCCCC3)s2)s1,OCCOCCO,449.0
12114,N#Cc1ccc(-c2ccc(C3=CCCCC3)s2)s1,c1ccncc1,448.0
463,C1=C(c2ccc(-c3cccs3)s2)CCCC1,C1CCOC1,423.0
464,C1=C(c2ccc(-c3cccs3)s2)CCCC1,CC#N,415.0
465,C1=C(c2ccc(-c3cccs3)s2)CCCC1,CCCCCC,411.0
466,C1=C(c2ccc(-c3cccs3)s2)CCCC1,CCO,445.0
467,C1=C(c2ccc(-c3cccs3)s2)CCCC1,OCCOCCO,446.0
468,C1=C(c2ccc(-c3cccs3)s2)CCCC1,c1ccncc1,423.0
9655,C[n+]1ccc(/C=C/c2ccc(N(c3ccccc3)c3ccc(/C=C/c4cc[n+](C)cc4)cc3)cc2)cc1,OCC(O)CO,649.0
9653,C[n+]1ccc(/C=C/c2ccc(N(c3ccccc3)c3ccc(/C=C/c4cc[n+](C)cc4)cc3)cc2)cc1,ClCCl,502.0
9654,C[n+]1ccc(/C=C/c2ccc(N(c3ccccc3)c3ccc(/C=C/c4cc[n+](C)cc4)cc3)cc2)cc1,O,656.0
3537,CCCCN(CCCC)c1ccc(/C=C/c2ccc3nc(/C=C/c4ccc(N(C)C)cc4)c(-c4ccccc4)nc3c2)cc1,CC#N,661.0
3538,CCCCN(CCCC)c1ccc(/C=C/c2ccc3nc(/C=C/c4ccc(N(C)C)cc4)c(-c4ccccc4)nc3c2)cc1,ClCCl,615.0
3536,CCCCN(CCCC)c1ccc(/C=C/c2ccc3nc(/C=C/c4ccc(N(C)C)cc4)c(-c4ccccc4)nc3c2)cc1,C1COCCO1,549.0
14924,c1ccc(B2Nc3cc4c(cc3-c3occc32)NB(c2ccccc2)c2ccoc2-4)cc1,ClCCl,393.0
11675,N#C/C(=C\c1ccc(C=C(c2ccccc2)c2ccccc2)cc1)c1ccc([N+](=O)[O-])cc1,C1CCOC1,552.0
11676,N#C/C(=C\c1ccc(C=C(c2ccccc2)c2ccccc2)cc1)c1ccccc1,C1CCOC1,468.0
12159,N#Cc1ccc(/C=C/c2ccc(C=C(c3ccccc3)c3ccccc3)cc2)cc1,C1CCOC1,456.0
8702,COc1ccc(C(=Cc2ccc(/C=C(\C#N)c3ccc([N+](=O)[O-])cc3)cc2)c2ccc(OC)cc2)cc1,C1CCOC1,643.0
8703,COc1ccc(C(=Cc2ccc(/C=C(\C#N)c3ccccc3)cc2)c2ccc(OC)cc2)cc1,C1CCOC1,510.0
8704,COc1ccc(C(=Cc2ccc(/C=C/c3ccc(C#N)cc3)cc2)c2ccc(OC)cc2)cc1,C1CCOC1,467.0
6307,CN(C)c1ccc(C(=Cc2ccc(/C=C(\C#N)c3ccccc3)cc2)c2ccc(N(C)C)cc2)cc1,C1CCOC1,616.0
6308,CN(C)c1ccc(C(=Cc2ccc(/C=C/c3ccc(C#N)cc3)cc2)c2ccc(N(C)C)cc2)cc1,C1CCOC1,481.0
11763,N#CC(C#N)=C(c1ccc(-n2ccc3ccccc32)cc1)c1ccc(-n2ccc3ccccc32)cc1,Cc1ccccc1,536.0
10312,Cc1ccc(-c2cnc3ccc4ccccc4n23)cc1,ClCCl,424.0
10824,Cc1cccc(-c2cnc3ccc4ccccc4n23)c1,ClCCl,425.0
9590,C[Si](C)(C)c1ccc(-c2ccc(-c3ccc(-c4ccc(-c5ccc([Si](C)(C)C)cc5)s4)c4nsnc34)s2)cc1,C1CCOC1,620.0
171,C(=C/c1c2ccccc2cc2ccccc12)\c1ccc(Oc2ccc3ccccc3c2-c2c(Oc3ccc(/C=C/c4c5ccccc5cc5ccccc45)cc3)ccc3ccccc23)cc1,ClCCl,486.0
9605,C[Si](C)(C)c1sc([Si](C)(C)C)c2c1sc1c3sc4c(sc5c4sc4c([Si](C)(C)C)sc([Si](C)(C)C)c45)c3sc12,ClC(Cl)Cl,442.0
202,C(=C/c1cc[n+]2ccc(/C=C/c3ccsc3)cc2c1)\c1ccsc1,CO,529.0
6719,CN(c1ccccc1)c1ccc(/C=C2\C(=O)c3ccccc3S2(=O)=O)cc1,C1CCOC1,532.0
6720,CN(c1ccccc1)c1ccc(/C=C2\C(=O)c3ccccc3S2(=O)=O)cc1,C1COCCO1,542.0
6721,CN(c1ccccc1)c1ccc(/C=C2\C(=O)c3ccccc3S2(=O)=O)cc1,CC#N,511.0
6722,CN(c1ccccc1)c1ccc(/C=C2\C(=O)c3ccccc3S2(=O)=O)cc1,CC(C)=O,537.0
6723,CN(c1ccccc1)c1ccc(/C=C2\C(=O)c3ccccc3S2(=O)=O)cc1,CCOC(C)=O,533.0
6724,CN(c1ccccc1)c1ccc(/C=C2\C(=O)c3ccccc3S2(=O)=O)cc1,CN(C)C=O,524.0
6725,CN(c1ccccc1)c1ccc(/C=C2\C(=O)c3ccccc3S2(=O)=O)cc1,CO,525.0
6726,CN(c1ccccc1)c1ccc(/C=C2\C(=O)c3ccccc3S2(=O)=O)cc1,CS(C)=O,552.0
6727,CN(c1ccccc1)c1ccc(/C=C2\C(=O)c3ccccc3S2(=O)=O)cc1,Cc1ccccc1,576.0
6728,CN(c1ccccc1)c1ccc(/C=C2\C(=O)c3ccccc3S2(=O)=O)cc1,ClC(Cl)Cl,532.0
6729,CN(c1ccccc1)c1ccc(/C=C2\C(=O)c3ccccc3S2(=O)=O)cc1,ClCCl,547.0
11964,N#Cc1c(N2CCCCC2)cc(-c2ccc(O)cc2)c2c1-c1cccc3cccc-2c13,C1CCCCC1,527.0
11965,N#Cc1c(N2CCCCC2)cc(-c2ccc(O)cc2)c2c1-c1cccc3cccc-2c13,C1COCCO1,540.0
11966,N#Cc1c(N2CCCCC2)cc(-c2ccc(O)cc2)c2c1-c1cccc3cccc-2c13,CC#N,569.0
11967,N#Cc1c(N2CCCCC2)cc(-c2ccc(O)cc2)c2c1-c1cccc3cccc-2c13,CCO,548.0
11968,N#Cc1c(N2CCCCC2)cc(-c2ccc(O)cc2)c2c1-c1cccc3cccc-2c13,CN(C)C=O,573.0
7707,COc1cc(-c2cc(N3CCCCC3)c(C#N)c3c2-c2cccc4cccc-3c24)cc(OC)c1OC,O,545.0
11969,N#Cc1c(N2CCCCC2)cc(-c2ccc(O)cc2)c2c1-c1cccc3cccc-2c13,CO,554.0
11970,N#Cc1c(N2CCCCC2)cc(-c2ccc(O)cc2)c2c1-c1cccc3cccc-2c13,CS(C)=O,580.0
11971,N#Cc1c(N2CCCCC2)cc(-c2ccc(O)cc2)c2c1-c1cccc3cccc-2c13,Cc1ccccc1,530.0
11972,N#Cc1c(N2CCCCC2)cc(-c2ccc(O)cc2)c2c1-c1cccc3cccc-2c13,ClCCl,545.0
11973,N#Cc1c(N2CCCCC2)cc(-c2ccc(O)cc2)c2c1-c1cccc3cccc-2c13,O,550.0
5576,CN(C)c1cc2c(cc1F)c(=O)c1cc(F)c(N3CCCCC3)cc1n2C,CCO,443.0
3687,CCCCOc1cc2ccccc2c2c1oc1cc3ccccc3cc12,C1CCOC1,381.0
9967,Cc1cc(C)c(C)c(-c2ccc3cc(C)c(=O)oc3c2)c1C,CO,394.0
9965,Cc1cc(C)c(C)c(-c2ccc3cc(C)c(=O)oc3c2)c1C,C1CCCCC1,383.0
9966,Cc1cc(C)c(C)c(-c2ccc3cc(C)c(=O)oc3c2)c1C,CC#N,388.0
3,BrC1=CN2C[n+]3cc(Br)cc(Br)c3N=C2C(Br)=C1,CS(C)=O,494.0
4,BrC1=CN2C[n+]3cc(Br)ccc3N=C2C=C1,CO,476.0
486,C1=CC2=Nc3cccc[n+]3CN2C=C1,CO,448.0
11062,ClC1=CN2C[n+]3cc(Cl)ccc3N=C2C=C1,CO,473.0
1993,CC1=CC(Br)=CN2C[n+]3cc(Br)cc(C)c3N=C12,CO,502.0
449,C1#Cc2ccccc2OCc2cccc(c2)COc2ccccc21,ClCCl,350.0
9763,Cc1cc(-c2ccc(-c3ccccc3)cc2)cc(C)[o+]1,ClCCl,501.0
8319,COc1ccc(-c2nc(C)cc(-c3ccc(-n4c5ccccc5c5ccccc54)cc3)n2)cc1,ClC(Cl)Cl,421.0
8316,COc1ccc(-c2nc(C)cc(-c3ccc(-n4c5ccccc5c5ccccc54)cc3)n2)cc1,C1CCOC1,418.0
8317,COc1ccc(-c2nc(C)cc(-c3ccc(-n4c5ccccc5c5ccccc54)cc3)n2)cc1,CN(C)C=O,453.0
8318,COc1ccc(-c2nc(C)cc(-c3ccc(-n4c5ccccc5c5ccccc54)cc3)n2)cc1,Cc1ccccc1,390.0
5176,CCc1c(C)c2n(c1C)[B-](F)(F)[N+]1=C(C=C3c4ccccc4-c4ccccc43)C=CC1=C2C,C1CCCCC1,612.0
5292,CCn1c2ccccc2c2cc(-c3cc(-c4ccc5c(c4)c4ccccc4n5CC)nc(-c4ccc(C#N)cc4)n3)ccc21,C1CCOC1,408.0
5293,CCn1c2ccccc2c2cc(-c3cc(-c4ccc5c(c4)c4ccccc4n5CC)nc(-c4ccc(C#N)cc4)n3)ccc21,CCOC(C)=O,408.0
5294,CCn1c2ccccc2c2cc(-c3cc(-c4ccc5c(c4)c4ccccc4n5CC)nc(-c4ccc(C#N)cc4)n3)ccc21,CN(C)C=O,422.0
5295,CCn1c2ccccc2c2cc(-c3cc(-c4ccc5c(c4)c4ccccc4n5CC)nc(-c4ccc(C#N)cc4)n3)ccc21,Cc1ccccc1,388.0
5296,CCn1c2ccccc2c2cc(-c3cc(-c4ccc5c(c4)c4ccccc4n5CC)nc(-c4ccc(C#N)cc4)n3)ccc21,ClCCl,417.0
5297,CCn1c2ccccc2c2cc(-c3cc(-c4ccc5c(c4)c4ccccc4n5CC)nc(-c4ccc(OC)cc4)n3)ccc21,C1CCOC1,385.0
5298,CCn1c2ccccc2c2cc(-c3cc(-c4ccc5c(c4)c4ccccc4n5CC)nc(-c4ccc(OC)cc4)n3)ccc21,CCOC(C)=O,384.0
5299,CCn1c2ccccc2c2cc(-c3cc(-c4ccc5c(c4)c4ccccc4n5CC)nc(-c4ccc(OC)cc4)n3)ccc21,CN(C)C=O,414.0
5300,CCn1c2ccccc2c2cc(-c3cc(-c4ccc5c(c4)c4ccccc4n5CC)nc(-c4ccc(OC)cc4)n3)ccc21,Cc1ccccc1,379.0
5301,CCn1c2ccccc2c2cc(-c3cc(-c4ccc5c(c4)c4ccccc4n5CC)nc(-c4ccc(OC)cc4)n3)ccc21,ClCCl,404.0
5302,CCn1c2ccccc2c2cc(-c3cc(-c4ccc5c(c4)c4ccccc4n5CC)nc(-c4ccccc4)n3)ccc21,C1CCOC1,391.0
5303,CCn1c2ccccc2c2cc(-c3cc(-c4ccc5c(c4)c4ccccc4n5CC)nc(-c4ccccc4)n3)ccc21,CCOC(C)=O,389.0
5304,CCn1c2ccccc2c2cc(-c3cc(-c4ccc5c(c4)c4ccccc4n5CC)nc(-c4ccccc4)n3)ccc21,CN(C)C=O,415.0
5305,CCn1c2ccccc2c2cc(-c3cc(-c4ccc5c(c4)c4ccccc4n5CC)nc(-c4ccccc4)n3)ccc21,Cc1ccccc1,380.0
5306,CCn1c2ccccc2c2cc(-c3cc(-c4ccc5c(c4)c4ccccc4n5CC)nc(-c4ccccc4)n3)ccc21,ClCCl,405.0
14117,OCc1cc(/N=N\c2ccc(-c3c4ccccc4cc4ccccc34)cc2F)ccc1O,CS(C)=O,467.0
14113,OCc1cc(/N=N/c2ccc(-c3c4ccccc4cc4ccccc34)cc2F)ccc1O,CS(C)=O,520.0
13732,O=S(=O)(c1ccccc1)c1ccc(-c2ccc3c4ccc(-c5ccc(S(=O)(=O)c6ccccc6)cc5)cc4n(-c4ccccc4)c3c2)cc1,CCCCCC,409.0
13733,O=S(=O)(c1ccccc1)c1ccc(-c2ccc3c4ccc(-c5ccc(S(=O)(=O)c6ccccc6)cc5)cc4n(-c4ccccc4)c3c2)cc1,CN(C)C=O,437.0
13734,O=S(=O)(c1ccccc1)c1ccc(-c2ccc3c4ccc(-c5ccc(S(=O)(=O)c6ccccc6)cc5)cc4n(-c4ccccc4)c3c2)cc1,CO,434.0
13735,O=S(=O)(c1ccccc1)c1ccc(-c2ccc3c4ccc(-c5ccc(S(=O)(=O)c6ccccc6)cc5)cc4n(-c4ccccc4)c3c2)cc1,Cc1ccccc1,413.0
13736,O=S(=O)(c1ccccc1)c1ccc(-c2ccc3c4ccc(-c5ccc(S(=O)(=O)c6ccccc6)cc5)cc4n(-c4ccccc4)c3c2)cc1,ClCCl,411.0
8508,COc1ccc(/C=C/c2cc(/C=C/c3ccc(N(c4ccccc4)c4ccccc4)cc3)nc(/C=C/c3ccc(N(C)C)cc3)n2)cc1,C1CCOC1,436.0
8509,COc1ccc(/C=C/c2cc(/C=C/c3ccc(N(c4ccccc4)c4ccccc4)cc3)nc(/C=C/c3ccc(N(C)C)cc3)n2)cc1,CC#N,463.0
8510,COc1ccc(/C=C/c2cc(/C=C/c3ccc(N(c4ccccc4)c4ccccc4)cc3)nc(/C=C/c3ccc(N(C)C)cc3)n2)cc1,CC(C)=O,452.0
8511,COc1ccc(/C=C/c2cc(/C=C/c3ccc(N(c4ccccc4)c4ccccc4)cc3)nc(/C=C/c3ccc(N(C)C)cc3)n2)cc1,CS(C)=O,485.0
8512,COc1ccc(/C=C/c2cc(/C=C/c3ccc(N(c4ccccc4)c4ccccc4)cc3)nc(/C=C/c3ccc(N(C)C)cc3)n2)cc1,Cc1ccccc1,411.0
8513,COc1ccc(/C=C/c2cc(/C=C/c3ccc(N(c4ccccc4)c4ccccc4)cc3)nc(/C=C/c3ccc(N(C)C)cc3)n2)cc1,ClCCl,548.0
8583,COc1ccc(/C=C/c2nc(/C=C/c3ccc(N(C)C)cc3)cc(/C=C/c3ccc(N(c4ccccc4)c4ccccc4)cc3)n2)cc1,C1CCOC1,542.0
8584,COc1ccc(/C=C/c2nc(/C=C/c3ccc(N(C)C)cc3)cc(/C=C/c3ccc(N(c4ccccc4)c4ccccc4)cc3)n2)cc1,CC#N,594.0
8585,COc1ccc(/C=C/c2nc(/C=C/c3ccc(N(C)C)cc3)cc(/C=C/c3ccc(N(c4ccccc4)c4ccccc4)cc3)n2)cc1,CC(C)=O,571.0
8586,COc1ccc(/C=C/c2nc(/C=C/c3ccc(N(C)C)cc3)cc(/C=C/c3ccc(N(c4ccccc4)c4ccccc4)cc3)n2)cc1,CCCCCCC,457.0
8587,COc1ccc(/C=C/c2nc(/C=C/c3ccc(N(C)C)cc3)cc(/C=C/c3ccc(N(c4ccccc4)c4ccccc4)cc3)n2)cc1,CS(C)=O,589.0
8588,COc1ccc(/C=C/c2nc(/C=C/c3ccc(N(C)C)cc3)cc(/C=C/c3ccc(N(c4ccccc4)c4ccccc4)cc3)n2)cc1,Cc1ccccc1,491.0
8589,COc1ccc(/C=C/c2nc(/C=C/c3ccc(N(C)C)cc3)cc(/C=C/c3ccc(N(c4ccccc4)c4ccccc4)cc3)n2)cc1,ClCCl,549.0
9786,Cc1cc(-c2cccc3ccccc23)cc(C)[o+]1,ClCCl,554.0
14101,OCC1O[C@@H](Cc2cc(O)cc(/C=C/c3ccc(O)c(O)c3)c2)[C@H](O)[C@@H](O)[C@@H]1O,CCOCC,372.0
14102,OCC1O[C@@H](Cc2cc(O)cc(/C=C/c3ccc(O)c(O)c3)c2)[C@H](O)[C@@H](O)[C@@H]1O,CN(C)C=O,378.0
14103,OCC1O[C@@H](Cc2cc(O)cc(/C=C/c3ccc(O)c(O)c3)c2)[C@H](O)[C@@H](O)[C@@H]1O,CO,394.0
14104,OCC1O[C@@H](Cc2cc(O)cc(/C=C/c3ccc(O)c(O)c3)c2)[C@H](O)[C@@H](O)[C@@H]1O,CS(C)=O,381.0
14105,OCC1O[C@@H](Cc2cc(O)cc(/C=C/c3ccc(O)c(O)c3)c2)[C@H](O)[C@@H](O)[C@@H]1O,Cc1ccccc1,371.0
14106,OCC1O[C@@H](Cc2cc(O)cc(/C=C/c3ccc(O)c(O)c3)c2)[C@H](O)[C@@H](O)[C@@H]1O,ClC(Cl)Cl,373.0
14107,OCC1O[C@@H](Cc2cc(O)cc(/C=C/c3ccc(O)c(O)c3)c2)[C@H](O)[C@@H](O)[C@@H]1O,O,403.0
14093,OCC1O[C@@H](Cc2cc(O)cc(/C=C/c3ccc(O)c(O)c3)c2)[C@H](O)[C@@H](O)[C@@H]1O,C1CCOC1,375.0
14094,OCC1O[C@@H](Cc2cc(O)cc(/C=C/c3ccc(O)c(O)c3)c2)[C@H](O)[C@@H](O)[C@@H]1O,C1COCCO1,370.0
14095,OCC1O[C@@H](Cc2cc(O)cc(/C=C/c3ccc(O)c(O)c3)c2)[C@H](O)[C@@H](O)[C@@H]1O,CC#N,387.0
14096,OCC1O[C@@H](Cc2cc(O)cc(/C=C/c3ccc(O)c(O)c3)c2)[C@H](O)[C@@H](O)[C@@H]1O,CC(C)=O,376.0
14097,OCC1O[C@@H](Cc2cc(O)cc(/C=C/c3ccc(O)c(O)c3)c2)[C@H](O)[C@@H](O)[C@@H]1O,CCCCO,385.0
14098,OCC1O[C@@H](Cc2cc(O)cc(/C=C/c3ccc(O)c(O)c3)c2)[C@H](O)[C@@H](O)[C@@H]1O,CCCO,386.0
14099,OCC1O[C@@H](Cc2cc(O)cc(/C=C/c3ccc(O)c(O)c3)c2)[C@H](O)[C@@H](O)[C@@H]1O,CCO,390.0
14100,OCC1O[C@@H](Cc2cc(O)cc(/C=C/c3ccc(O)c(O)c3)c2)[C@H](O)[C@@H](O)[C@@H]1O,CCOC(C)=O,372.0
14706,c1ccc(-c2nc(-c3ccccc3)c(N(c3ccccc3)c3ccccc3)[se]2)cc1,ClC(Cl)Cl,480.0
8764,COc1ccc(C2=C(c3ccc(OC)cc3)C(C)(C)c3sccc32)cc1,C1CCCCC1,433.0
15150,c1ccc2c(c1)-c1ccccc1C21c2cc(-c3ccc4ccc5cccc6ccc3c4c56)ccc2-c2ccc(-c3ccc4ccc5cccc6ccc3c4c56)cc21,ClC(Cl)Cl,421.0
5151,CCc1c(C)[nH]c(C2=[N+]3C(=C(C)c4c(C)c(CC)c(C)n4[B-]3(F)F)c3ccccc32)c1C,C1CCOC1,656.0
5152,CCc1c(C)[nH]c(C2=[N+]3C(=C(C)c4c(C)c(CC)c(C)n4[B-]3(F)F)c3ccccc32)c1C,CC#N,652.0
5153,CCc1c(C)[nH]c(C2=[N+]3C(=C(C)c4c(C)c(CC)c(C)n4[B-]3(F)F)c3ccccc32)c1C,CCCCCC,636.0
5154,CCc1c(C)[nH]c(C2=[N+]3C(=C(C)c4c(C)c(CC)c(C)n4[B-]3(F)F)c3ccccc32)c1C,CO,650.0
5155,CCc1c(C)[nH]c(C2=[N+]3C(=C(C)c4c(C)c(CC)c(C)n4[B-]3(F)F)c3ccccc32)c1C,Cc1ccccc1,646.0
5156,CCc1c(C)[nH]c(C2=[N+]3C(=C(C)c4c(C)c(CC)c(C)n4[B-]3(F)F)c3ccccc32)c1C,ClCCl,645.0
5163,CCc1c(C)[nH]c(C2=[N+]3C(=Cc4c(C)c(CC)c(C)n4[B-]3(F)F)c3ccccc32)c1C,C1CCOC1,644.0
5164,CCc1c(C)[nH]c(C2=[N+]3C(=Cc4c(C)c(CC)c(C)n4[B-]3(F)F)c3ccccc32)c1C,CC#N,643.0
5165,CCc1c(C)[nH]c(C2=[N+]3C(=Cc4c(C)c(CC)c(C)n4[B-]3(F)F)c3ccccc32)c1C,CCCCCC,641.0
5166,CCc1c(C)[nH]c(C2=[N+]3C(=Cc4c(C)c(CC)c(C)n4[B-]3(F)F)c3ccccc32)c1C,CO,642.0
5167,CCc1c(C)[nH]c(C2=[N+]3C(=Cc4c(C)c(CC)c(C)n4[B-]3(F)F)c3ccccc32)c1C,Cc1ccccc1,651.0
5168,CCc1c(C)[nH]c(C2=[N+]3C(=Cc4c(C)c(CC)c(C)n4[B-]3(F)F)c3ccccc32)c1C,ClCCl,650.0
5169,CCc1c(C)[nH]c(C2=[N+]3C(=Cc4c(C)cc(C)n4[B-]3(F)F)c3ccccc32)c1C,C1CCOC1,635.0
5170,CCc1c(C)[nH]c(C2=[N+]3C(=Cc4c(C)cc(C)n4[B-]3(F)F)c3ccccc32)c1C,CC#N,632.0
5171,CCc1c(C)[nH]c(C2=[N+]3C(=Cc4c(C)cc(C)n4[B-]3(F)F)c3ccccc32)c1C,CCCCCC,630.0
5172,CCc1c(C)[nH]c(C2=[N+]3C(=Cc4c(C)cc(C)n4[B-]3(F)F)c3ccccc32)c1C,CO,631.0
5173,CCc1c(C)[nH]c(C2=[N+]3C(=Cc4c(C)cc(C)n4[B-]3(F)F)c3ccccc32)c1C,Cc1ccccc1,642.0
5174,CCc1c(C)[nH]c(C2=[N+]3C(=Cc4c(C)cc(C)n4[B-]3(F)F)c3ccccc32)c1C,ClCCl,640.0
5187,CCc1c(C)c2n(c1C)[B-](F)(F)[N+]1=C(c3ccc[nH]3)c3ccccc3C1=C2,C1CCOC1,631.0
5188,CCc1c(C)c2n(c1C)[B-](F)(F)[N+]1=C(c3ccc[nH]3)c3ccccc3C1=C2,CC#N,628.0
5189,CCc1c(C)c2n(c1C)[B-](F)(F)[N+]1=C(c3ccc[nH]3)c3ccccc3C1=C2,CCCCCC,626.0
5190,CCc1c(C)c2n(c1C)[B-](F)(F)[N+]1=C(c3ccc[nH]3)c3ccccc3C1=C2,CO,628.0
5191,CCc1c(C)c2n(c1C)[B-](F)(F)[N+]1=C(c3ccc[nH]3)c3ccccc3C1=C2,Cc1ccccc1,635.0
5192,CCc1c(C)c2n(c1C)[B-](F)(F)[N+]1=C(c3ccc[nH]3)c3ccccc3C1=C2,ClCCl,634.0
5193,CCc1c(C)c2n(c1C)[B-](F)(F)[N+]1=C(c3ccc[nH]3)c3ccccc3C1=C2C,C1CCOC1,627.0
5194,CCc1c(C)c2n(c1C)[B-](F)(F)[N+]1=C(c3ccc[nH]3)c3ccccc3C1=C2C,CC#N,623.0
5195,CCc1c(C)c2n(c1C)[B-](F)(F)[N+]1=C(c3ccc[nH]3)c3ccccc3C1=C2C,CCCCCC,622.0
5196,CCc1c(C)c2n(c1C)[B-](F)(F)[N+]1=C(c3ccc[nH]3)c3ccccc3C1=C2C,CO,622.0
5197,CCc1c(C)c2n(c1C)[B-](F)(F)[N+]1=C(c3ccc[nH]3)c3ccccc3C1=C2C,Cc1ccccc1,630.0
5198,CCc1c(C)c2n(c1C)[B-](F)(F)[N+]1=C(c3ccc[nH]3)c3ccccc3C1=C2C,ClCCl,629.0
3184,CCCCCCCCCCCn1cccc1C1=[N+]2C(=Cc3c(C)cc(C)n3[B-]2(F)F)c2ccccc21,C1CCOC1,610.0
3185,CCCCCCCCCCCn1cccc1C1=[N+]2C(=Cc3c(C)cc(C)n3[B-]2(F)F)c2ccccc21,CC#N,606.0
3186,CCCCCCCCCCCn1cccc1C1=[N+]2C(=Cc3c(C)cc(C)n3[B-]2(F)F)c2ccccc21,CCCCCC,605.0
3187,CCCCCCCCCCCn1cccc1C1=[N+]2C(=Cc3c(C)cc(C)n3[B-]2(F)F)c2ccccc21,CO,607.0
3188,CCCCCCCCCCCn1cccc1C1=[N+]2C(=Cc3c(C)cc(C)n3[B-]2(F)F)c2ccccc21,Cc1ccccc1,613.0
3189,CCCCCCCCCCCn1cccc1C1=[N+]2C(=Cc3c(C)cc(C)n3[B-]2(F)F)c2ccccc21,ClCCl,611.0
11517,F[B-]1(F)n2cccc2C=C2c3ccccc3C(c3ccc[nH]3)=[N+]21,C1CCOC1,596.0
11518,F[B-]1(F)n2cccc2C=C2c3ccccc3C(c3ccc[nH]3)=[N+]21,CC#N,594.0
11519,F[B-]1(F)n2cccc2C=C2c3ccccc3C(c3ccc[nH]3)=[N+]21,CCCCCC,588.0
11520,F[B-]1(F)n2cccc2C=C2c3ccccc3C(c3ccc[nH]3)=[N+]21,CO,592.0
11521,F[B-]1(F)n2cccc2C=C2c3ccccc3C(c3ccc[nH]3)=[N+]21,Cc1ccccc1,600.0
11522,F[B-]1(F)n2cccc2C=C2c3ccccc3C(c3ccc[nH]3)=[N+]21,ClCCl,599.0
10012,Cc1cc(C)c(C2=[N+]3C(=Cc4c(C)cc(C)n4[B-]3(F)F)c3ccccc32)[nH]1,C1CCOC1,627.0
10013,Cc1cc(C)c(C2=[N+]3C(=Cc4c(C)cc(C)n4[B-]3(F)F)c3ccccc32)[nH]1,CC#N,624.0
10014,Cc1cc(C)c(C2=[N+]3C(=Cc4c(C)cc(C)n4[B-]3(F)F)c3ccccc32)[nH]1,CCCCCC,626.0
10015,Cc1cc(C)c(C2=[N+]3C(=Cc4c(C)cc(C)n4[B-]3(F)F)c3ccccc32)[nH]1,CO,622.0
10016,Cc1cc(C)c(C2=[N+]3C(=Cc4c(C)cc(C)n4[B-]3(F)F)c3ccccc32)[nH]1,Cc1ccccc1,633.0
10017,Cc1cc(C)c(C2=[N+]3C(=Cc4c(C)cc(C)n4[B-]3(F)F)c3ccccc32)[nH]1,ClCCl,631.0
10059,Cc1cc(C)n2c1C=C1c3ccccc3C(c3ccc[nH]3)=[N+]1[B-]2(F)F,C1CCOC1,620.0
10060,Cc1cc(C)n2c1C=C1c3ccccc3C(c3ccc[nH]3)=[N+]1[B-]2(F)F,CC#N,618.0
10061,Cc1cc(C)n2c1C=C1c3ccccc3C(c3ccc[nH]3)=[N+]1[B-]2(F)F,CCCCCC,617.0
10062,Cc1cc(C)n2c1C=C1c3ccccc3C(c3ccc[nH]3)=[N+]1[B-]2(F)F,CO,618.0
10063,Cc1cc(C)n2c1C=C1c3ccccc3C(c3ccc[nH]3)=[N+]1[B-]2(F)F,Cc1ccccc1,627.0
10064,Cc1cc(C)n2c1C=C1c3ccccc3C(c3ccc[nH]3)=[N+]1[B-]2(F)F,ClCCl,621.0
10065,Cc1cc(C)n2c1C=C1c3ccccc3C(c3cccn3C)=[N+]1[B-]2(F)F,C1CCOC1,608.0
10066,Cc1cc(C)n2c1C=C1c3ccccc3C(c3cccn3C)=[N+]1[B-]2(F)F,CC#N,606.0
10067,Cc1cc(C)n2c1C=C1c3ccccc3C(c3cccn3C)=[N+]1[B-]2(F)F,CCCCCC,605.0
10068,Cc1cc(C)n2c1C=C1c3ccccc3C(c3cccn3C)=[N+]1[B-]2(F)F,CO,605.0
10069,Cc1cc(C)n2c1C=C1c3ccccc3C(c3cccn3C)=[N+]1[B-]2(F)F,Cc1ccccc1,613.0
10070,Cc1cc(C)n2c1C=C1c3ccccc3C(c3cccn3C)=[N+]1[B-]2(F)F,ClCCl,611.0
10596,Cc1ccc(C2=[N+]3C(=Cc4c(C)cc(C)n4[B-]3(F)F)c3ccccc32)[nH]1,C1CCOC1,625.0
10597,Cc1ccc(C2=[N+]3C(=Cc4c(C)cc(C)n4[B-]3(F)F)c3ccccc32)[nH]1,CC#N,623.0
10598,Cc1ccc(C2=[N+]3C(=Cc4c(C)cc(C)n4[B-]3(F)F)c3ccccc32)[nH]1,CCCCCC,618.0
10599,Cc1ccc(C2=[N+]3C(=Cc4c(C)cc(C)n4[B-]3(F)F)c3ccccc32)[nH]1,CO,620.0
10600,Cc1ccc(C2=[N+]3C(=Cc4c(C)cc(C)n4[B-]3(F)F)c3ccccc32)[nH]1,Cc1ccccc1,629.0
10601,Cc1ccc(C2=[N+]3C(=Cc4c(C)cc(C)n4[B-]3(F)F)c3ccccc32)[nH]1,ClCCl,629.0
10602,Cc1ccc(C2=[N+]3C(=Cc4ccc(C)n4[B-]3(F)F)c3ccccc32)[nH]1,C1CCOC1,621.0
10603,Cc1ccc(C2=[N+]3C(=Cc4ccc(C)n4[B-]3(F)F)c3ccccc32)[nH]1,CC#N,620.0
10604,Cc1ccc(C2=[N+]3C(=Cc4ccc(C)n4[B-]3(F)F)c3ccccc32)[nH]1,CCCCCC,613.0
10605,Cc1ccc(C2=[N+]3C(=Cc4ccc(C)n4[B-]3(F)F)c3ccccc32)[nH]1,CO,616.0
10606,Cc1ccc(C2=[N+]3C(=Cc4ccc(C)n4[B-]3(F)F)c3ccccc32)[nH]1,Cc1ccccc1,623.0
10607,Cc1ccc(C2=[N+]3C(=Cc4ccc(C)n4[B-]3(F)F)c3ccccc32)[nH]1,ClCCl,624.0
1963,CC1=C2c3ccccc3C(c3[nH]c(C)cc3C)=[N+]2[B-](F)(F)n2c(C)cc(C)c21,C1CCOC1,627.0
1964,CC1=C2c3ccccc3C(c3[nH]c(C)cc3C)=[N+]2[B-](F)(F)n2c(C)cc(C)c21,CC#N,623.0
1965,CC1=C2c3ccccc3C(c3[nH]c(C)cc3C)=[N+]2[B-](F)(F)n2c(C)cc(C)c21,CCCCCC,619.0
1966,CC1=C2c3ccccc3C(c3[nH]c(C)cc3C)=[N+]2[B-](F)(F)n2c(C)cc(C)c21,CO,622.0
1967,CC1=C2c3ccccc3C(c3[nH]c(C)cc3C)=[N+]2[B-](F)(F)n2c(C)cc(C)c21,Cc1ccccc1,635.0
1968,CC1=C2c3ccccc3C(c3[nH]c(C)cc3C)=[N+]2[B-](F)(F)n2c(C)cc(C)c21,ClCCl,625.0
1969,CC1=C2c3ccccc3C(c3ccc[nH]3)=[N+]2[B-](F)(F)n2cccc21,C1CCOC1,589.0
1970,CC1=C2c3ccccc3C(c3ccc[nH]3)=[N+]2[B-](F)(F)n2cccc21,CC#N,586.0
1971,CC1=C2c3ccccc3C(c3ccc[nH]3)=[N+]2[B-](F)(F)n2cccc21,CCCCCC,582.0
1972,CC1=C2c3ccccc3C(c3ccc[nH]3)=[N+]2[B-](F)(F)n2cccc21,CO,585.0
1973,CC1=C2c3ccccc3C(c3ccc[nH]3)=[N+]2[B-](F)(F)n2cccc21,Cc1ccccc1,594.0
1974,CC1=C2c3ccccc3C(c3ccc[nH]3)=[N+]2[B-](F)(F)n2cccc21,ClCCl,592.0
5876,CN(C)c1ccc(/C=C/C=C2\CCCC2=O)cc1,CC#N,576.0
5877,CN(C)c1ccc(/C=C/C=C2\CCCC2=O)cc1,CC(C)=O,554.0
5878,CN(C)c1ccc(/C=C/C=C2\CCCC2=O)cc1,CC(C)O,585.0
5879,CN(C)c1ccc(/C=C/C=C2\CCCC2=O)cc1,CCCCCC,469.0
5880,CN(C)c1ccc(/C=C/C=C2\CCCC2=O)cc1,CCCCO,590.0
5881,CN(C)c1ccc(/C=C/C=C2\CCCC2=O)cc1,CCCO,594.0
5882,CN(C)c1ccc(/C=C/C=C2\CCCC2=O)cc1,CCO,602.0
5883,CN(C)c1ccc(/C=C/C=C2\CCCC2=O)cc1,CCOC(C)=O,559.0
5884,CN(C)c1ccc(/C=C/C=C2\CCCC2=O)cc1,CCOCC,500.0
5885,CN(C)c1ccc(/C=C/C=C2\CCCC2=O)cc1,CN(C)C=O,559.0
5886,CN(C)c1ccc(/C=C/C=C2\CCCC2=O)cc1,CO,614.0
5887,CN(C)c1ccc(/C=C/C=C2\CCCC2=O)cc1,CS(C)=O,576.0
5888,CN(C)c1ccc(/C=C/C=C2\CCCC2=O)cc1,Cc1ccccc1,506.0
5889,CN(C)c1ccc(/C=C/C=C2\CCCC2=O)cc1,ClC(Cl)(Cl)Cl,498.0
5890,CN(C)c1ccc(/C=C/C=C2\CCCC2=O)cc1,ClC(Cl)Cl,530.0
5891,CN(C)c1ccc(/C=C/C=C2\CCCC2=O)cc1,ClCCl,565.0
5892,CN(C)c1ccc(/C=C/C=C2\CCCC2=O)cc1,c1ccccc1,514.0
5893,CN(C)c1ccc(/C=C/C=C2\CCCC2=O)cc1,c1ccncc1,542.0
12323,N#Cc1nc(-c2ccc(N3c4ccccc4Oc4ccccc43)cc2)c(-c2ccc(N3c4ccccc4Oc4ccccc43)cc2)nc1C#N,c1cc(-c2cccc(-n3c4ccccc4c4ccccc43)c2)cc(-n2c3ccccc3c3ccccc32)c1,610.0
5416,CCn1c2ccccc2c2cccc(N(c3ccccc3)c3ccccc3)c21,ClCCl,423.0
3444,CCCCCCc1ccc(-n2c3c4cccc(OC)c4nc(-c4ccc(C#N)cc4)c3c3c2c2c(-c4ccc(C#N)cc4)nc4c(OC)cccc4c2n3-c2ccc(CCCCCC)cc2)cc1,ClC(Cl)Cl,504.0
3445,CCCCCCc1ccc(-n2c3c4cccc(OC)c4nc(-c4ccc(C)cc4)c3c3c2c2c(-c4ccc(C)cc4)nc4c(OC)cccc4c2n3-c2ccc(CCCCCC)cc2)cc1,ClC(Cl)Cl,464.0
3446,CCCCCCc1ccc(-n2c3c4cccc(OC)c4nc(-c4ccc(OC)cc4)c3c3c2c2c(-c4ccc(OC)cc4)nc4c(OC)cccc4c2n3-c2ccc(CCCCCC)cc2)cc1,ClC(Cl)Cl,453.0
3769,CCCCc1ccc(-n2c3c4cc(F)ccc4nc(-c4ccc(OC)cc4)c3c3c2c2c(-c4ccc(OC)cc4)nc4ccc(F)cc4c2n3-c2ccc(CCCC)cc2)cc1,ClC(Cl)Cl,527.0
3290,CCCCCCCCc1ccc(-n2c3c4ccccc4nc(-c4ccc(C#N)cc4)c3c3c2c2c(-c4ccc(C#N)cc4)nc4ccccc4c2n3-c2ccc(CCCCCCCC)cc2)cc1,ClC(Cl)Cl,510.0
3770,CCCCc1ccc(-n2c3c4ccc(C(F)(F)F)cc4nc(-c4ccc(C#N)cc4)c3c3c2c2c(-c4ccc(C#N)cc4)nc4cc(C(F)(F)F)ccc4c2n3-c2ccc(CCCC)cc2)cc1,ClC(Cl)Cl,499.0
8383,COc1ccc(-n2c3c4ccccc4nc(-c4ccc(C#N)cc4)c3c3c2c2c(-c4ccc(C#N)cc4)nc4ccccc4c2n3-c2ccc(OC)cc2)cc1,ClC(Cl)Cl,513.0
9634,C[Si]1(C)c2cc(C#Cc3ccccc3)ccc2C=Cc2ccc(C#Cc3ccccc3)cc21,ClCCl,407.0
3135,CCCCCCCCCCCCOc1cc(/C=C/c2ccc3c(c2)C(CC)(CC)c2cc(N4c5ccccc5Sc5ccccc54)ccc2-3)c(OCCCCCCCCCCCC)cc1/C=C/c1ccc2c(c1)C(CC)(CC)c1cc(N3c4ccccc4Sc4ccccc43)ccc1-2,C1CCOC1,474.0
3136,CCCCCCCCCCCCOc1cc(/C=C/c2ccc3c(c2)C(CC)(CC)c2cc(N4c5ccccc5Sc5ccccc54)ccc2-3)c(OCCCCCCCCCCCC)cc1/C=C/c1ccc2c(c1)C(CC)(CC)c1cc(N3c4ccccc4Sc4ccccc43)ccc1-2,CC#N,473.0
3137,CCCCCCCCCCCCOc1cc(/C=C/c2ccc3c(c2)C(CC)(CC)c2cc(N4c5ccccc5Sc5ccccc54)ccc2-3)c(OCCCCCCCCCCCC)cc1/C=C/c1ccc2c(c1)C(CC)(CC)c1cc(N3c4ccccc4Sc4ccccc43)ccc1-2,CCCCCC,477.0
3138,CCCCCCCCCCCCOc1cc(/C=C/c2ccc3c(c2)C(CC)(CC)c2cc(N4c5ccccc5Sc5ccccc54)ccc2-3)c(OCCCCCCCCCCCC)cc1/C=C/c1ccc2c(c1)C(CC)(CC)c1cc(N3c4ccccc4Sc4ccccc43)ccc1-2,Cc1ccccc1,468.0
3139,CCCCCCCCCCCCOc1cc(/C=C/c2ccc3c(c2)C(CC)(CC)c2cc(N4c5ccccc5Sc5ccccc54)ccc2-3)c(OCCCCCCCCCCCC)cc1/C=C/c1ccc2c(c1)C(CC)(CC)c1cc(N3c4ccccc4Sc4ccccc43)ccc1-2,ClCCl,477.0
2406,CCC1(CC)c2cc(/C=C/c3cc(Br)c(/C=C/c4ccc5c(c4)C(CC)(CC)c4cc(N6c7ccccc7Sc7ccccc76)ccc4-5)cc3Br)ccc2-c2ccc(N3c4ccccc4Sc4ccccc43)cc21,C1CCOC1,522.0
2407,CCC1(CC)c2cc(/C=C/c3cc(Br)c(/C=C/c4ccc5c(c4)C(CC)(CC)c4cc(N6c7ccccc7Sc7ccccc76)ccc4-5)cc3Br)ccc2-c2ccc(N3c4ccccc4Sc4ccccc43)cc21,CC#N,573.0
2408,CCC1(CC)c2cc(/C=C/c3cc(Br)c(/C=C/c4ccc5c(c4)C(CC)(CC)c4cc(N6c7ccccc7Sc7ccccc76)ccc4-5)cc3Br)ccc2-c2ccc(N3c4ccccc4Sc4ccccc43)cc21,CCCCCC,478.0
2409,CCC1(CC)c2cc(/C=C/c3cc(Br)c(/C=C/c4ccc5c(c4)C(CC)(CC)c4cc(N6c7ccccc7Sc7ccccc76)ccc4-5)cc3Br)ccc2-c2ccc(N3c4ccccc4Sc4ccccc43)cc21,Cc1ccccc1,515.0
2410,CCC1(CC)c2cc(/C=C/c3cc(Br)c(/C=C/c4ccc5c(c4)C(CC)(CC)c4cc(N6c7ccccc7Sc7ccccc76)ccc4-5)cc3Br)ccc2-c2ccc(N3c4ccccc4Sc4ccccc43)cc21,ClCCl,550.0
2411,CCC1(CC)c2cc(/C=C/c3cc(C#N)c(/C=C/c4ccc5c(c4)C(CC)(CC)c4cc(N6c7ccccc7Sc7ccccc76)ccc4-5)cc3C#N)ccc2-c2ccc(N3c4ccccc4Sc4ccccc43)cc21,C1CCOC1,514.0
2412,CCC1(CC)c2cc(/C=C/c3cc(C#N)c(/C=C/c4ccc5c(c4)C(CC)(CC)c4cc(N6c7ccccc7Sc7ccccc76)ccc4-5)cc3C#N)ccc2-c2ccc(N3c4ccccc4Sc4ccccc43)cc21,CC#N,610.0
2413,CCC1(CC)c2cc(/C=C/c3cc(C#N)c(/C=C/c4ccc5c(c4)C(CC)(CC)c4cc(N6c7ccccc7Sc7ccccc76)ccc4-5)cc3C#N)ccc2-c2ccc(N3c4ccccc4Sc4ccccc43)cc21,CCCCCC,518.0
2414,CCC1(CC)c2cc(/C=C/c3cc(C#N)c(/C=C/c4ccc5c(c4)C(CC)(CC)c4cc(N6c7ccccc7Sc7ccccc76)ccc4-5)cc3C#N)ccc2-c2ccc(N3c4ccccc4Sc4ccccc43)cc21,Cc1ccccc1,547.0
2415,CCC1(CC)c2cc(/C=C/c3cc(C#N)c(/C=C/c4ccc5c(c4)C(CC)(CC)c4cc(N6c7ccccc7Sc7ccccc76)ccc4-5)cc3C#N)ccc2-c2ccc(N3c4ccccc4Sc4ccccc43)cc21,ClCCl,520.0
2416,CCC1(CC)c2cc(/C=C/c3ccc(/C=C/c4ccc5c(c4)C(CC)(CC)c4cc(N6c7ccccc7Sc7ccccc76)ccc4-5)cc3)ccc2-c2ccc(N3c4ccccc4Sc4ccccc43)cc21,C1CCOC1,434.0
2417,CCC1(CC)c2cc(/C=C/c3ccc(/C=C/c4ccc5c(c4)C(CC)(CC)c4cc(N6c7ccccc7Sc7ccccc76)ccc4-5)cc3)ccc2-c2ccc(N3c4ccccc4Sc4ccccc43)cc21,CC#N,457.0
2418,CCC1(CC)c2cc(/C=C/c3ccc(/C=C/c4ccc5c(c4)C(CC)(CC)c4cc(N6c7ccccc7Sc7ccccc76)ccc4-5)cc3)ccc2-c2ccc(N3c4ccccc4Sc4ccccc43)cc21,CCCCCC,455.0
2419,CCC1(CC)c2cc(/C=C/c3ccc(/C=C/c4ccc5c(c4)C(CC)(CC)c4cc(N6c7ccccc7Sc7ccccc76)ccc4-5)cc3)ccc2-c2ccc(N3c4ccccc4Sc4ccccc43)cc21,Cc1ccccc1,462.0
2420,CCC1(CC)c2cc(/C=C/c3ccc(/C=C/c4ccc5c(c4)C(CC)(CC)c4cc(N6c7ccccc7Sc7ccccc76)ccc4-5)cc3)ccc2-c2ccc(N3c4ccccc4Sc4ccccc43)cc21,ClCCl,435.0
9330,COc1cccc(C2=c3c(c4ccc(C(C)(C)C)cc4c4cc(C(C)(C)C)ccc34)=[N+]3C2=C(c2ccccc2)c2c(-c4cccc(OC)c4)c4c5ccc(C(C)(C)C)cc5c5cc(C(C)(C)C)ccc5c4n2[B-]3(F)F)c1,C1CCCCC1,727.0
9331,COc1cccc(C2=c3c(c4ccc(C(C)(C)C)cc4c4cc(C(C)(C)C)ccc34)=[N+]3C2=C(c2ccccc2)c2c(-c4cccc(OC)c4)c4c5ccc(C(C)(C)C)cc5c5cc(C(C)(C)C)ccc5c4n2[B-]3(F)F)c1,C1CCOC1,737.0
9332,COc1cccc(C2=c3c(c4ccc(C(C)(C)C)cc4c4cc(C(C)(C)C)ccc34)=[N+]3C2=C(c2ccccc2)c2c(-c4cccc(OC)c4)c4c5ccc(C(C)(C)C)cc5c5cc(C(C)(C)C)ccc5c4n2[B-]3(F)F)c1,CC#N,721.0
9333,COc1cccc(C2=c3c(c4ccc(C(C)(C)C)cc4c4cc(C(C)(C)C)ccc34)=[N+]3C2=C(c2ccccc2)c2c(-c4cccc(OC)c4)c4c5ccc(C(C)(C)C)cc5c5cc(C(C)(C)C)ccc5c4n2[B-]3(F)F)c1,Cc1ccccc1,730.0
9334,COc1cccc(C2=c3c(c4ccc(C(C)(C)C)cc4c4cc(C(C)(C)C)ccc34)=[N+]3C2=C(c2ccccc2)c2c(-c4cccc(OC)c4)c4c5ccc(C(C)(C)C)cc5c5cc(C(C)(C)C)ccc5c4n2[B-]3(F)F)c1,ClCCl,737.0
1641,CC1(C)CC(NCc2ccc3ccc4cccc5ccc2c3c45)CC(C)(C)N1,C1CCCCC1,375.0
1642,CC1(C)CC(NCc2ccc3ccc4cccc5ccc2c3c45)CC(C)(C)N1,CC#N,375.0
1643,CC1(C)CC(NCc2ccc3ccc4cccc5ccc2c3c45)CC(C)(C)N1,CO,375.0
1644,CC1(C)CC(NCc2ccc3ccc4cccc5ccc2c3c45)CC(C)(C)N1,ClC(Cl)Cl,396.0
3371,CCCCCCN1C(=O)c2cccc3cc(/N=C\c4cnc5ccccc5c4)cc(c23)C1=O,ClC(Cl)Cl,500.0
4348,CCN(CC)c1ccc2cc(/C=C/C3=C4CC/C(=C\c5cc6ccc(N(CC)CC)cc6oc5=O)C4=[O+][B-](F)(F)O3)c(=O)oc2c1,C1COCCO1,675.0
4349,CCN(CC)c1ccc2cc(/C=C/C3=C4CC/C(=C\c5cc6ccc(N(CC)CC)cc6oc5=O)C4=[O+][B-](F)(F)O3)c(=O)oc2c1,CC#N,758.0
4350,CCN(CC)c1ccc2cc(/C=C/C3=C4CC/C(=C\c5cc6ccc(N(CC)CC)cc6oc5=O)C4=[O+][B-](F)(F)O3)c(=O)oc2c1,CC(C)=O,734.0
4351,CCN(CC)c1ccc2cc(/C=C/C3=C4CC/C(=C\c5cc6ccc(N(CC)CC)cc6oc5=O)C4=[O+][B-](F)(F)O3)c(=O)oc2c1,CCOC(C)=O,693.0
4352,CCN(CC)c1ccc2cc(/C=C/C3=C4CC/C(=C\c5cc6ccc(N(CC)CC)cc6oc5=O)C4=[O+][B-](F)(F)O3)c(=O)oc2c1,CN(C)C=O,758.0
4353,CCN(CC)c1ccc2cc(/C=C/C3=C4CC/C(=C\c5cc6ccc(N(CC)CC)cc6oc5=O)C4=[O+][B-](F)(F)O3)c(=O)oc2c1,CS(C)=O,780.0
4354,CCN(CC)c1ccc2cc(/C=C/C3=C4CC/C(=C\c5cc6ccc(N(CC)CC)cc6oc5=O)C4=[O+][B-](F)(F)O3)c(=O)oc2c1,Cc1ccccc1,658.0
4355,CCN(CC)c1ccc2cc(/C=C/C3=C4CC/C(=C\c5cc6ccc(N(CC)CC)cc6oc5=O)C4=[O+][B-](F)(F)O3)c(=O)oc2c1,ClC(Cl)Cl,706.0
4356,CCN(CC)c1ccc2cc(/C=C/C3=C4CC/C(=C\c5cc6ccc(N(CC)CC)cc6oc5=O)C4=[O+][B-](F)(F)O3)c(=O)oc2c1,ClCCl,730.0
1645,CC1(C)CC[N+]2=c3c(cc4c(c31)Oc1cc3c(cc1C=4c1ccccc1C(=O)O)C(c1ccccc1C(=O)O)=c1cc4c5c(c1O3)C(C)(C)CC[N+]=5CCC4)CCC2,ClC(Cl)Cl,635.0
1840,CC1(C)c2ccccc2N(c2ccc3c(c2)C(c2ccccc2)(c2ccccc2)c2cc(N4c5ccccc5C(C)(C)c5ccccc54)ccc2S3(=O)=O)c2ccccc21,Cc1ccccc1,448.0
521,C1=Cc2nc1c(-c1cccs1)c1ccc([nH]1)c(-c1cccs1)c1nc(c(-c3cccs3)c3ccc([nH]3)c2-c2cccs2)C=C1,CN(C)C=O,665.0
522,C1=Cc2nc1c(-c1cccs1)c1ccc([nH]1)c(-c1cccs1)c1nc(c(-c3cccs3)c3ccc([nH]3)c2-c2cccs2)C=C1,ClCCl,670.0
14881,c1ccc(-n2c(-c3ccc(N(c4ccc(-c5ccc(N(c6ccc(-c7nc8c9ccccc9c9ccccc9c8n7-c7ccccc7)cc6)c6ccc(-c7nc8c9ccccc9c9ccccc9c8n7-c7ccccc7)cc6)cc5)cc4)c4ccc(-c5nc6c7ccccc7c7ccccc7c6n5-c5ccccc5)cc4)cc3)nc3c4ccccc4c4ccccc4c32)cc1,ClCCl,432.0
11259,FC(F)(F)c1ccc(-n2c(-c3ccc(N(c4ccc(-c5ccc(N(c6ccc(-c7nc8c9ccccc9c9ccccc9c8n7-c7ccc(C(F)(F)F)cc7)cc6)c6ccc(-c7nc8c9ccccc9c9ccccc9c8n7-c7ccc(C(F)(F)F)cc7)cc6)cc5)cc4)c4ccc(-c5nc6c7ccccc7c7ccccc7c6n5-c5ccc(C(F)(F)F)cc5)cc4)cc3)nc3c4ccccc4c4ccccc4c32)cc1,ClCCl,442.0
832,CC(C)(C)NC(=O)c1ccc(-c2cc3ccccc3o2)c2ccc3c4ccccc4c4ccccc4c3c12,ClCCl,441.0
3179,CCCCCCCCCCCCn1c(-c2cc(-c3nc4ccc(C)cc4n3CCCCCCCCCCCC)cc(-c3nc4ccc(C)cc4n3CCCCCCCCCCCC)c2)nc2ccc(C)cc21,C1CCOC1,375.8
3180,CCCCCCCCCCCCn1c(-c2cc(-c3nc4ccccc4n3CCCCCCCCCCCC)cc(-c3nc4ccccc4n3CCCCCCCCCCCC)c2)nc2ccccc21,C1CCOC1,367.4
3223,CCCCCCCCCn1c(-c2cc(-c3nc4ccc(C)cc4n3CCCCCCCCC)cc(-c3nc4ccc(C)cc4n3CCCCCCCCC)c2)nc2ccc(C)cc21,C1CCOC1,371.0
3224,CCCCCCCCCn1c(-c2cc(-c3nc4ccccc4n3CCCCCCCCC)cc(-c3nc4ccccc4n3CCCCCCCCC)c2)nc2ccccc21,C1CCOC1,361.1
3205,CCCCCCCCCCn1c(-c2cc(-c3nc4ccc(C)cc4n3CCCCCCCCCC)cc(-c3nc4ccc(C)cc4n3CCCCCCCCCC)c2)nc2ccc(C)cc21,C1CCOC1,379.1
3943,CCCn1c(-c2cc(-c3nc4ccccc4n3CCC)cc(-c3nc4ccccc4n3CCC)c2)nc2ccccc21,CS(C)=O,381.0
10781,Cc1ccc2nc(-c3cc(-c4nc5ccc(C)cc5[nH]4)cc(-c4nc5ccc(C)cc5[nH]4)c3)[nH]c2c1,CS(C)=O,386.5
3206,CCCCCCCCCCn1c(-c2cc(-c3nc4ccccc4n3CCCCCCCCCC)cc(-c3nc4ccccc4n3CCCCCCCCCC)c2)nc2ccccc21,C1CCOC1,360.5
15088,c1ccc2[nH]c(-c3cc(-c4nc5ccccc5[nH]4)cc(-c4nc5ccccc5[nH]4)c3)nc2c1,CS(C)=O,379.1
3108,CCCCCCCCCCCCCCCCn1c(-c2cc(-c3nc4ccc(C)cc4n3CCCCCCCCCCCCCCCC)cc(-c3nc4ccc(C)cc4n3CCCCCCCCCCCCCCCC)c2)nc2ccc(C)cc21,C1CCOC1,366.9
3109,CCCCCCCCCCCCCCCCn1c(-c2cc(-c3nc4ccccc4n3CCCCCCCCCCCCCCCC)cc(-c3nc4ccccc4n3CCCCCCCCCCCCCCCC)c2)nc2ccccc21,C1CCOC1,363.0
3110,CCCCCCCCCCCCCCn1c(-c2cc(-c3nc4ccc(C)cc4n3CCCCCCCCCCCCCC)cc(-c3nc4ccc(C)cc4n3CCCCCCCCCCCCCC)c2)nc2ccc(C)cc21,C1CCOC1,368.6
3111,CCCCCCCCCCCCCCn1c(-c2cc(-c3nc4ccccc4n3CCCCCCCCCCCCCC)cc(-c3nc4ccccc4n3CCCCCCCCCCCCCC)c2)nc2ccccc21,C1CCOC1,363.4
12339,N#Cc1nc2c(nc1C#N)C1c3ccc(N(c4ccccc4)c4ccccc4)cc3C2c2ccc(N(c3ccccc3)c3ccccc3)cc21,CC#N,495.0
12340,N#Cc1nc2c(nc1C#N)C1c3ccc(N(c4ccccc4)c4ccccc4)cc3C2c2ccc(N(c3ccccc3)c3ccccc3)cc21,Cc1ccccc1,542.0
12341,N#Cc1nc2c(nc1C#N)C1c3ccc(N(c4ccccc4)c4ccccc4)cc3C2c2ccc(N(c3ccccc3)c3ccccc3)cc21,ClCCl,495.0
12338,N#Cc1nc2c(nc1C#N)C1c3ccc(N(c4ccccc4)c4ccccc4)cc3C2c2ccc(N(c3ccccc3)c3ccccc3)cc21,C1CCCCC1,475.0
13317,O=C1c2ccccc2-c2nc3c(F)c(F)c(F)c(F)c3n21,ClCCl,485.0
13319,O=C1c2ccccc2-c2nc3ccccc3n21,ClCCl,519.0
2056,CC1=CC(C)=[N+]2C1=C(c1ccc(I)cc1)c1c(C)cc(C)n1[B-]21Oc2ccc3ccccc3c2-c2c(ccc3ccccc23)O1,ClC(Cl)Cl,516.3996697
1248,CC(C)(C)c1ccc2c(c1)sc1[n+]2[B-](F)(F)n2c(c3cccc4c(Br)ccc2c43)=C1C#N,CC#N,558.0
1249,CC(C)(C)c1ccc2c(c1)sc1[n+]2[B-](F)(F)n2c(c3cccc4c(Br)ccc2c43)=C1C#N,CCCCCC,558.0
1250,CC(C)(C)c1ccc2c(c1)sc1[n+]2[B-](F)(F)n2c(c3cccc4c(Br)ccc2c43)=C1C#N,Cc1ccccc1,563.0
1251,CC(C)(C)c1ccc2c(c1)sc1[n+]2[B-](F)(F)n2c(c3cccc4c(Br)ccc2c43)=C1C#N,ClCCl,560.0
1257,CC(C)(C)c1ccc2c(c1)sc1[n+]2[B-](F)(F)n2c(c3cccc4cccc2c43)=C1C#N,C1CCOC1,543.0
1258,CC(C)(C)c1ccc2c(c1)sc1[n+]2[B-](F)(F)n2c(c3cccc4cccc2c43)=C1C#N,CC#N,540.0
1259,CC(C)(C)c1ccc2c(c1)sc1[n+]2[B-](F)(F)n2c(c3cccc4cccc2c43)=C1C#N,CCCCCC,538.0
1260,CC(C)(C)c1ccc2c(c1)sc1[n+]2[B-](F)(F)n2c(c3cccc4cccc2c43)=C1C#N,Cc1ccccc1,545.0
1261,CC(C)(C)c1ccc2c(c1)sc1[n+]2[B-](F)(F)n2c(c3cccc4cccc2c43)=C1C#N,ClCCl,543.0
1247,CC(C)(C)c1ccc2c(c1)sc1[n+]2[B-](F)(F)n2c(c3cccc4c(Br)ccc2c43)=C1C#N,C1CCOC1,563.0
4838,CCOC(=O)CSc1nc2c(c(C#N)c1C#N)CCCC2,c1ccccc1,407.0
11408,F[B-]1(F)n2c(c3cccc4cccc2c43)=Nc2ccc3ccccc3[n+]21,Cc1ccccc1,511.0
11409,F[B-]1(F)n2c(c3cccc4cccc2c43)=Nc2ccc3ccccc3[n+]21,ClCCl,536.0
11405,F[B-]1(F)n2c(c3cccc4cccc2c43)=Nc2ccc3ccccc3[n+]21,C1CCOC1,508.0
11406,F[B-]1(F)n2c(c3cccc4cccc2c43)=Nc2ccc3ccccc3[n+]21,CC#N,505.0
11407,F[B-]1(F)n2c(c3cccc4cccc2c43)=Nc2ccc3ccccc3[n+]21,CCCCCC,502.0
8190,COc1ccc(-c2cc3c(s2)c(C(=O)c2ccccc2)cc(=O)n3Cc2ccccc2)cc1,ClCCl,547.0
8189,COc1ccc(-c2cc3c(s2)c(C(=O)c2ccccc2)cc(=O)n3Cc2ccccc2)cc1,CC#N,558.0
5609,CN(C)c1ccc(-c2cc3c(s2)c(C(=O)c2ccccc2)cc(=O)n3Cc2ccccc2)cc1,CC#N,521.0
5610,CN(C)c1ccc(-c2cc3c(s2)c(C(=O)c2ccccc2)cc(=O)n3Cc2ccccc2)cc1,ClCCl,678.0
2661,CCC1=C(C)C2=C(c3cc(C4=C5C(C)=C(CC)C(C)=[N+]5[B-](F)(F)n5c(C)c(CC)c(C)c54)cc(C4=C5C(C)=C(CC)C(C)=[N+]5[B-](F)(F)n5c(C)c(CC)c(C)c54)c3)c3c(C)c(CC)c(C)n3[B-](F)(F)[N+]2=C1C,ClC(Cl)Cl,571.0
2657,CCC1=C(C)C2=C(c3cc(C4=C5C(C)=C(CC)C(C)=[N+]5[B-](F)(F)n5c(C)c(CC)c(C)c54)cc(C4=C5C(C)=C(CC)C(C)=[N+]5[B-](F)(F)n5c(C)c(CC)c(C)c54)c3)c3c(C)c(CC)c(C)n3[B-](F)(F)[N+]2=C1C,C1CCOC1,567.0
2658,CCC1=C(C)C2=C(c3cc(C4=C5C(C)=C(CC)C(C)=[N+]5[B-](F)(F)n5c(C)c(CC)c(C)c54)cc(C4=C5C(C)=C(CC)C(C)=[N+]5[B-](F)(F)n5c(C)c(CC)c(C)c54)c3)c3c(C)c(CC)c(C)n3[B-](F)(F)[N+]2=C1C,CC#N,556.0
2659,CCC1=C(C)C2=C(c3cc(C4=C5C(C)=C(CC)C(C)=[N+]5[B-](F)(F)n5c(C)c(CC)c(C)c54)cc(C4=C5C(C)=C(CC)C(C)=[N+]5[B-](F)(F)n5c(C)c(CC)c(C)c54)c3)c3c(C)c(CC)c(C)n3[B-](F)(F)[N+]2=C1C,CN(C)C=O,570.0
2660,CCC1=C(C)C2=C(c3cc(C4=C5C(C)=C(CC)C(C)=[N+]5[B-](F)(F)n5c(C)c(CC)c(C)c54)cc(C4=C5C(C)=C(CC)C(C)=[N+]5[B-](F)(F)n5c(C)c(CC)c(C)c54)c3)c3c(C)c(CC)c(C)n3[B-](F)(F)[N+]2=C1C,Cc1ccccc1,571.0
451,C1=C(c2ccc(-c3cccs3)s2)CCC(c2ccccc2)C1,C1CCOC1,412.0
452,C1=C(c2ccc(-c3cccs3)s2)CCC(c2ccccc2)C1,CC#N,411.0
453,C1=C(c2ccc(-c3cccs3)s2)CCC(c2ccccc2)C1,CCCCCC,409.0
454,C1=C(c2ccc(-c3cccs3)s2)CCC(c2ccccc2)C1,CCO,411.0
455,C1=C(c2ccc(-c3cccs3)s2)CCC(c2ccccc2)C1,OCCOCCO,412.0
456,C1=C(c2ccc(-c3cccs3)s2)CCC(c2ccccc2)C1,c1ccncc1,417.0
13476,O=Cc1ccc(-c2ccc(C3=CCC(c4ccccc4)CC3)s2)s1,C1CCOC1,446.0
13477,O=Cc1ccc(-c2ccc(C3=CCC(c4ccccc4)CC3)s2)s1,CC#N,483.0
13478,O=Cc1ccc(-c2ccc(C3=CCC(c4ccccc4)CC3)s2)s1,CCCCCC,443.0
13479,O=Cc1ccc(-c2ccc(C3=CCC(c4ccccc4)CC3)s2)s1,CCO,498.0
12103,N#Cc1ccc(-c2ccc(C3=CCC(c4ccccc4)CC3)s2)s1,C1CCOC1,442.0
12104,N#Cc1ccc(-c2ccc(C3=CCC(c4ccccc4)CC3)s2)s1,CC#N,448.0
12105,N#Cc1ccc(-c2ccc(C3=CCC(c4ccccc4)CC3)s2)s1,CCCCCC,427.0
12106,N#Cc1ccc(-c2ccc(C3=CCC(c4ccccc4)CC3)s2)s1,CCO,444.0
12107,N#Cc1ccc(-c2ccc(C3=CCC(c4ccccc4)CC3)s2)s1,OCCOCCO,452.0
12108,N#Cc1ccc(-c2ccc(C3=CCC(c4ccccc4)CC3)s2)s1,c1ccncc1,452.0
13480,O=Cc1ccc(-c2ccc(C3=CCC(c4ccccc4)CC3)s2)s1,OCCOCCO,506.0
13481,O=Cc1ccc(-c2ccc(C3=CCC(c4ccccc4)CC3)s2)s1,c1ccncc1,481.0
10743,Cc1ccc2c(c1)C1(c3ccccc3Oc3ccccc31)c1cc(C)ccc1N2c1ccc(-c2nc(-c3ccccc3)cc(-c3ccccc3)n2)cc1,O=P(c1ccccc1)(c1ccccc1)c1ccc2oc3ccc(P(=O)(c4ccccc4)c4ccccc4)cc3c2c1,452.0
10742,Cc1ccc2c(c1)C1(c3ccccc3Oc3ccccc31)c1cc(C)ccc1N2c1ccc(-c2nc(-c3ccccc3)cc(-c3ccccc3)n2)cc1,Cc1ccccc1,451.0
304,C(=C/c1ccncn1)\c1ccc(-c2ccc(N(c3ccccc3)c3ccccc3)cc2)cc1,CCCCCCC,445.0
305,C(=C/c1ccncn1)\c1ccc(-c2ccc(N(c3ccccc3)c3ccccc3)cc2)cc1,CS(C)=O,609.0
306,C(=C/c1ccncn1)\c1ccc(-c2ccc(N(c3ccccc3)c3ccccc3)cc2)cc1,ClCCl,563.0
303,C(=C/c1ccncn1)\c1ccc(-c2ccc(N(c3ccccc3)c3ccccc3)cc2)cc1,CC#N,599.0
15010,c1ccc(N(c2ccccc2)c2ccc(-c3ncc(-c4cccs4)s3)cc2)cc1,CO,490.0
1856,CC1(C)c2ccccc2N(c2ccc3c(c2)c2cc(N4c5ccccc5C(C)(C)c5ccccc54)ccc2c2nc4ccccc4nc32)c2ccccc21,c1cc(-c2cccc(-n3c4ccccc4c4ccccc43)c2)cc(-n2c3ccccc3c3ccccc32)c1,565.0
1855,CC1(C)c2ccccc2N(c2ccc3c(c2)c2cc(N4c5ccccc5C(C)(C)c5ccccc54)ccc2c2nc4ccccc4nc32)c2ccccc21,Cc1ccccc1,553.0
11894,N#Cc1c(-c2ccc(N(c3ccccc3)c3ccccc3)cc2)c(C#N)c(-c2ccc(N(c3ccccc3)c3ccccc3)cc2)c(C#N)c1-c1ccc(N(c2ccccc2)c2ccccc2)cc1,O=P(c1ccccc1)(c1ccccc1)c1ccccc1Oc1ccccc1P(=O)(c1ccccc1)c1ccccc1,533.0
1138,CC(C)(C)c1ccc2c(c1)c1cc(C(C)(C)C)ccc1n2-c1ccc(-c2nc3c(C#N)ccc(C#N)c3nc2-c2ccc(-n3c4ccc(C(C)(C)C)cc4c4cc(C(C)(C)C)ccc43)cc2)cc1,Cc1ccccc1,584.0
1139,CC(C)(C)c1ccc2c(c1)c1cc(C(C)(C)C)ccc1n2-c1ccc(-c2nc3cc(C#N)c(C#N)cc3nc2-c2ccc(-n3c4ccc(C(C)(C)C)cc4c4cc(C(C)(C)C)ccc43)cc2)cc1,Cc1ccccc1,544.0
14975,c1ccc(N(c2ccccc2)c2ccc(-c3ccc4c(c3)C3(c5cc(-c6ccc(N(c7ccccc7)c7ccccc7)cc6)ccc5S4)c4ccccc4-c4ccccc43)cc2)cc1,CC(C)=O,414.9887133
14976,c1ccc(N(c2ccccc2)c2ccc(-c3ccc4c(c3)C3(c5cc(-c6ccc(N(c7ccccc7)c7ccccc7)cc6)ccc5S4)c4ccccc4-c4ccccc43)cc2)cc1,CCCCCC,392.9571106
14977,c1ccc(N(c2ccccc2)c2ccc(-c3ccc4c(c3)C3(c5cc(-c6ccc(N(c7ccccc7)c7ccccc7)cc6)ccc5S4)c4ccccc4-c4ccccc43)cc2)cc1,CN(C)C=O,421.1286682
14978,c1ccc(N(c2ccccc2)c2ccc(-c3ccc4c(c3)C3(c5cc(-c6ccc(N(c7ccccc7)c7ccccc7)cc6)ccc5S4)c4ccccc4-c4ccccc43)cc2)cc1,Cc1ccccc1,398.7358916
14979,c1ccc(N(c2ccccc2)c2ccc(-c3ccc4c(c3)C3(c5cc(-c6ccc(N(c7ccccc7)c7ccccc7)cc6)ccc5S4)c4ccccc4-c4ccccc43)cc2)cc1,ClCCl,410.0
182,C(=C/c1c[nH]c2ccc(Oc3ccccc3)cc12)\C1=[NH+]c2cccc3cccc1c23,CO,584.0
8412,COc1ccc(-n2nc(C#N)c(N3CCCCCC3)n2)cc1,CC#N,413.0
5228,CCc1ccc(/C=N/c2cc(C(C)C)c(O)cc2C)cc1,C1CCCCC1,406.0
5229,CCc1ccc(/C=N/c2cc(C(C)C)c(O)cc2C)cc1,C1CCOC1,412.0
5230,CCc1ccc(/C=N/c2cc(C(C)C)c(O)cc2C)cc1,C1COCCO1,410.0
5231,CCc1ccc(/C=N/c2cc(C(C)C)c(O)cc2C)cc1,CC#N,421.0
5232,CCc1ccc(/C=N/c2cc(C(C)C)c(O)cc2C)cc1,CC(C)(C)O,414.0
5233,CCc1ccc(/C=N/c2cc(C(C)C)c(O)cc2C)cc1,CC(C)O,418.0
5234,CCc1ccc(/C=N/c2cc(C(C)C)c(O)cc2C)cc1,CCCCCC,402.0
5235,CCc1ccc(/C=N/c2cc(C(C)C)c(O)cc2C)cc1,CCCCO,420.0
5236,CCc1ccc(/C=N/c2cc(C(C)C)c(O)cc2C)cc1,CCO,422.0
5237,CCc1ccc(/C=N/c2cc(C(C)C)c(O)cc2C)cc1,CCOC(C)=O,412.0
5238,CCc1ccc(/C=N/c2cc(C(C)C)c(O)cc2C)cc1,CN(C)C=O,423.0
5239,CCc1ccc(/C=N/c2cc(C(C)C)c(O)cc2C)cc1,CO,428.0
5240,CCc1ccc(/C=N/c2cc(C(C)C)c(O)cc2C)cc1,CS(C)=O,431.0
5241,CCc1ccc(/C=N/c2cc(C(C)C)c(O)cc2C)cc1,ClC(Cl)Cl,415.0
5242,CCc1ccc(/C=N/c2cc(C(C)C)c(O)cc2C)cc1,ClCCl,420.0
5243,CCc1ccc(/C=N/c2cc(C(C)C)c(O)cc2C)cc1,O,444.0
5244,CCc1ccc(/C=N/c2cc(C(C)C)c(O)cc2C)cc1,OCCO,429.0
10401,Cc1ccc(/C=N/c2cc(C(C)C)c(O)cc2C)cc1,C1CCCCC1,400.0
10402,Cc1ccc(/C=N/c2cc(C(C)C)c(O)cc2C)cc1,C1CCOC1,410.0
10403,Cc1ccc(/C=N/c2cc(C(C)C)c(O)cc2C)cc1,C1COCCO1,408.0
10404,Cc1ccc(/C=N/c2cc(C(C)C)c(O)cc2C)cc1,CC#N,415.0
10405,Cc1ccc(/C=N/c2cc(C(C)C)c(O)cc2C)cc1,CC(C)(C)O,412.0
10406,Cc1ccc(/C=N/c2cc(C(C)C)c(O)cc2C)cc1,CC(C)O,416.0
10407,Cc1ccc(/C=N/c2cc(C(C)C)c(O)cc2C)cc1,CCCCCC,402.0
10408,Cc1ccc(/C=N/c2cc(C(C)C)c(O)cc2C)cc1,CCCCO,417.0
10409,Cc1ccc(/C=N/c2cc(C(C)C)c(O)cc2C)cc1,CCO,417.0
10410,Cc1ccc(/C=N/c2cc(C(C)C)c(O)cc2C)cc1,CCOC(C)=O,409.0
10411,Cc1ccc(/C=N/c2cc(C(C)C)c(O)cc2C)cc1,CN(C)C=O,414.0
10412,Cc1ccc(/C=N/c2cc(C(C)C)c(O)cc2C)cc1,CO,422.0
10413,Cc1ccc(/C=N/c2cc(C(C)C)c(O)cc2C)cc1,CS(C)=O,417.0
10414,Cc1ccc(/C=N/c2cc(C(C)C)c(O)cc2C)cc1,ClC(Cl)Cl,415.0
10415,Cc1ccc(/C=N/c2cc(C(C)C)c(O)cc2C)cc1,ClCCl,415.0
10416,Cc1ccc(/C=N/c2cc(C(C)C)c(O)cc2C)cc1,O,441.0
10417,Cc1ccc(/C=N/c2cc(C(C)C)c(O)cc2C)cc1,OCCO,425.0
10140,Cc1cc(O)c(C(C)C)cc1/N=C/c1ccc(O)cc1,C1CCOC1,406.0
10141,Cc1cc(O)c(C(C)C)cc1/N=C/c1ccc(O)cc1,C1COCCO1,405.0
10142,Cc1cc(O)c(C(C)C)cc1/N=C/c1ccc(O)cc1,CC#N,411.0
10143,Cc1cc(O)c(C(C)C)cc1/N=C/c1ccc(O)cc1,CC(C)(C)O,410.0
10144,Cc1cc(O)c(C(C)C)cc1/N=C/c1ccc(O)cc1,CC(C)O,412.0
10145,Cc1cc(O)c(C(C)C)cc1/N=C/c1ccc(O)cc1,CCCCCC,399.0
10146,Cc1cc(O)c(C(C)C)cc1/N=C/c1ccc(O)cc1,CCCCO,414.0
10147,Cc1cc(O)c(C(C)C)cc1/N=C/c1ccc(O)cc1,CCO,414.0
10148,Cc1cc(O)c(C(C)C)cc1/N=C/c1ccc(O)cc1,CCOC(C)=O,405.0
10149,Cc1cc(O)c(C(C)C)cc1/N=C/c1ccc(O)cc1,CN(C)C=O,409.0
10150,Cc1cc(O)c(C(C)C)cc1/N=C/c1ccc(O)cc1,CO,416.0
10122,Cc1cc(O)c(C(C)C)cc1/N=C/c1ccc(C(F)(F)F)cc1,C1CCCCC1,398.0
10123,Cc1cc(O)c(C(C)C)cc1/N=C/c1ccc(C(F)(F)F)cc1,C1CCOC1,426.0
10124,Cc1cc(O)c(C(C)C)cc1/N=C/c1ccc(C(F)(F)F)cc1,C1COCCO1,424.0
10125,Cc1cc(O)c(C(C)C)cc1/N=C/c1ccc(C(F)(F)F)cc1,CC#N,425.0
10126,Cc1cc(O)c(C(C)C)cc1/N=C/c1ccc(C(F)(F)F)cc1,CC(C)(C)O,431.0
10127,Cc1cc(O)c(C(C)C)cc1/N=C/c1ccc(C(F)(F)F)cc1,CC(C)O,434.0
10128,Cc1cc(O)c(C(C)C)cc1/N=C/c1ccc(C(F)(F)F)cc1,CCCCCC,401.0
10129,Cc1cc(O)c(C(C)C)cc1/N=C/c1ccc(C(F)(F)F)cc1,CCCCO,436.0
10130,Cc1cc(O)c(C(C)C)cc1/N=C/c1ccc(C(F)(F)F)cc1,CCO,429.0
10131,Cc1cc(O)c(C(C)C)cc1/N=C/c1ccc(C(F)(F)F)cc1,CCOC(C)=O,421.0
10132,Cc1cc(O)c(C(C)C)cc1/N=C/c1ccc(C(F)(F)F)cc1,CN(C)C=O,434.0
10133,Cc1cc(O)c(C(C)C)cc1/N=C/c1ccc(C(F)(F)F)cc1,CO,434.0
10134,Cc1cc(O)c(C(C)C)cc1/N=C/c1ccc(C(F)(F)F)cc1,CS(C)=O,439.0
10135,Cc1cc(O)c(C(C)C)cc1/N=C/c1ccc(C(F)(F)F)cc1,ClC(Cl)Cl,430.0
10136,Cc1cc(O)c(C(C)C)cc1/N=C/c1ccc(C(F)(F)F)cc1,ClCCl,424.0
10137,Cc1cc(O)c(C(C)C)cc1/N=C/c1ccc(C(F)(F)F)cc1,O,449.0
10138,Cc1cc(O)c(C(C)C)cc1/N=C/c1ccc(C(F)(F)F)cc1,OCCO,438.0
10139,Cc1cc(O)c(C(C)C)cc1/N=C/c1ccc(O)cc1,C1CCCCC1,400.0
8604,COc1ccc(/C=N/c2cc(C(C)C)c(O)cc2C)cc1,C1CCCCC1,404.0
8605,COc1ccc(/C=N/c2cc(C(C)C)c(O)cc2C)cc1,C1CCOC1,408.0
8606,COc1ccc(/C=N/c2cc(C(C)C)c(O)cc2C)cc1,C1COCCO1,407.0
8607,COc1ccc(/C=N/c2cc(C(C)C)c(O)cc2C)cc1,CC#N,411.0
8608,COc1ccc(/C=N/c2cc(C(C)C)c(O)cc2C)cc1,CC(C)(C)O,411.0
8609,COc1ccc(/C=N/c2cc(C(C)C)c(O)cc2C)cc1,CC(C)O,413.0
8610,COc1ccc(/C=N/c2cc(C(C)C)c(O)cc2C)cc1,CCCCCC,401.0
8611,COc1ccc(/C=N/c2cc(C(C)C)c(O)cc2C)cc1,CCCCO,414.0
8612,COc1ccc(/C=N/c2cc(C(C)C)c(O)cc2C)cc1,CCO,414.0
8613,COc1ccc(/C=N/c2cc(C(C)C)c(O)cc2C)cc1,CCOC(C)=O,407.0
8614,COc1ccc(/C=N/c2cc(C(C)C)c(O)cc2C)cc1,CN(C)C=O,413.0
8615,COc1ccc(/C=N/c2cc(C(C)C)c(O)cc2C)cc1,CO,417.0
8616,COc1ccc(/C=N/c2cc(C(C)C)c(O)cc2C)cc1,CS(C)=O,417.0
8617,COc1ccc(/C=N/c2cc(C(C)C)c(O)cc2C)cc1,ClC(Cl)Cl,413.0
8618,COc1ccc(/C=N/c2cc(C(C)C)c(O)cc2C)cc1,ClCCl,413.0
8619,COc1ccc(/C=N/c2cc(C(C)C)c(O)cc2C)cc1,O,440.0
8620,COc1ccc(/C=N/c2cc(C(C)C)c(O)cc2C)cc1,OCCO,426.0
10153,Cc1cc(O)c(C(C)C)cc1/N=C/c1ccc(O)cc1,ClCCl,412.0
10154,Cc1cc(O)c(C(C)C)cc1/N=C/c1ccc(O)cc1,O,452.0
10155,Cc1cc(O)c(C(C)C)cc1/N=C/c1ccc(O)cc1,OCCO,421.0
10151,Cc1cc(O)c(C(C)C)cc1/N=C/c1ccc(O)cc1,CS(C)=O,415.0
10152,Cc1cc(O)c(C(C)C)cc1/N=C/c1ccc(O)cc1,ClC(Cl)Cl,401.0
5421,CCn1c2ccsc2c2c3nsnc3c3c4sccc4n(CC)c3c21,C1CCOC1,539.0
5422,CCn1c2ccsc2c2c3nsnc3c3c4sccc4n(CC)c3c21,CCOC(C)=O,538.0
5423,CCn1c2ccsc2c2c3nsnc3c3c4sccc4n(CC)c3c21,CN(C)C=O,573.0
5424,CCn1c2ccsc2c2c3nsnc3c3c4sccc4n(CC)c3c21,Cc1ccccc1,523.0
5425,CCn1c2ccsc2c2c3nsnc3c3c4sccc4n(CC)c3c21,ClCCl,565.0
479,C1=C(c2ccccn2)[Si](c2ccccc2)(c2ccccc2)c2ccccc21,ClCCl,395.0
4206,CCN(CC)c1ccc2cc(-c3ccc(-c4c5ccccc5c(-c5ccc(-c6cc7ccc(N(CC)CC)cc7oc6=O)cc5)c5ccccc45)cc3)c(=O)oc2c1,ClC(Cl)Cl,472.0
14067,OB(O)c1ccc(-c2ccc(N(c3ccccc3)c3ccccc3)cc2)cc1,CO,432.0
11781,N#CC(C#N)=Cc1ccc(-c2ccc(N(c3ccccc3)c3ccccc3)cc2)cc1,ClC(Cl)Cl,634.0
14063,OB(O)c1ccc(-c2ccc(N(c3ccccc3)c3ccccc3)cc2)cc1,C1CCCCC1,384.0
14064,OB(O)c1ccc(-c2ccc(N(c3ccccc3)c3ccccc3)cc2)cc1,C1CCOC1,410.0
14065,OB(O)c1ccc(-c2ccc(N(c3ccccc3)c3ccccc3)cc2)cc1,CCO,422.4
14066,OB(O)c1ccc(-c2ccc(N(c3ccccc3)c3ccccc3)cc2)cc1,CCOCC,398.0
10637,Cc1ccc(N(c2ccc(C)cc2)c2ccc(-c3ccc(C=C(C#N)C#N)cc3)cc2)cc1,ClC(Cl)Cl,676.0
8910,COc1ccc(N(c2ccc(OC)cc2)c2ccc(-c3ccc(C=C(C#N)C#N)cc3)cc2)cc1,ClC(Cl)Cl,696.0
1828,CC1(C)c2ccccc2N(c2ccc(C(=C(C#N)C#N)c3ccc(N4c5ccccc5C(C)(C)c5ccccc54)cc3)cc2)c2ccccc21,Cc1ccccc1,649.0
1829,CC1(C)c2ccccc2N(c2ccc(C(=CC#N)c3ccc(N4c5ccccc5C(C)(C)c5ccccc54)cc3)cc2)c2ccccc21,Cc1ccccc1,519.0
672,CC(=O)O[B-]1(OC(C)=O)OC(/C=C/C=C/c2ccccc2)=CC(/C=C/C=C/c2ccccc2)=[O+]1,ClCCl,545.0
666,CC(=O)O[B-]1(OC(C)=O)OC(/C=C/C=C/c2ccccc2)=CC(/C=C/C=C/c2ccccc2)=[O+]1,C1CCOC1,531.0
667,CC(=O)O[B-]1(OC(C)=O)OC(/C=C/C=C/c2ccccc2)=CC(/C=C/C=C/c2ccccc2)=[O+]1,CC#N,550.0
668,CC(=O)O[B-]1(OC(C)=O)OC(/C=C/C=C/c2ccccc2)=CC(/C=C/C=C/c2ccccc2)=[O+]1,CC(C)=O,544.0
669,CC(=O)O[B-]1(OC(C)=O)OC(/C=C/C=C/c2ccccc2)=CC(/C=C/C=C/c2ccccc2)=[O+]1,CS(C)=O,558.0
670,CC(=O)O[B-]1(OC(C)=O)OC(/C=C/C=C/c2ccccc2)=CC(/C=C/C=C/c2ccccc2)=[O+]1,Cc1ccccc1,523.0
671,CC(=O)O[B-]1(OC(C)=O)OC(/C=C/C=C/c2ccccc2)=CC(/C=C/C=C/c2ccccc2)=[O+]1,ClC(Cl)Cl,543.0
14508,c1cc2ccc3ccc4cc3c2cc1c1ccc2ccc3ccc(cc3c2c1)c1ccc2c(c1)c1cc4ccc1[C@]13OCCO[C@]21OCCO3,Cc1ccccc1,421.0
8355,COc1ccc(-c2ncccn2)cc1,ClCCl,356.0
10226,Cc1ccc(-c2c3nc(c(-c4ccc(C)cc4)c4ccc([nH]4)c(-c4ccc(OC(=O)C(C)c5ccc(CC(C)C)cc5)cc4)c4nc(c(-c5ccc(C)cc5)c5ccc2[nH]5)C=C4)C=C3)cc1,ClCCl,652.0
10229,Cc1ccc(-c2c3nc(c(-c4ccc(C)cc4)c4ccc([nH]4)c(-c4ccc(OC(=O)C(C)c5ccccc5)cc4)c4nc(c(-c5ccc(C)cc5)c5ccc2[nH]5)C=C4)C=C3)cc1,ClCCl,653.0
3889,CCCN1C(=O)c2c3c(c4c(c2C1=O)CCc1cc(-c2ccc(N(C)C)cc2)c(OC)cc1-4)-c1cc(OC)c(-c2ccc(N(C)C)cc2)cc1CC3,C1CCCCC1,511.0
3890,CCCN1C(=O)c2c3c(c4c(c2C1=O)CCc1cc(-c2ccc(N(C)C)cc2)c(OC)cc1-4)-c1cc(OC)c(-c2ccc(N(C)C)cc2)cc1CC3,C1CCOC1,602.0
3891,CCCN1C(=O)c2c3c(c4c(c2C1=O)CCc1cc(-c2ccc(N(C)C)cc2)c(OC)cc1-4)-c1cc(OC)c(-c2ccc(N(C)C)cc2)cc1CC3,CCOC(C)=O,598.0
3892,CCCN1C(=O)c2c3c(c4c(c2C1=O)CCc1cc(-c2ccc(N(C)C)cc2)c(OC)cc1-4)-c1cc(OC)c(-c2ccc(N(C)C)cc2)cc1CC3,Cc1ccccc1,548.0
14964,c1ccc(N(c2ccccc2)c2cc3c4c(c2)N(c2ccccc2)c2cc5c(cc2B4c2ccccc2N3c2ccccc2)B2c3ccccc3N(c3ccccc3)c3cc(N(c4ccccc4)c4ccccc4)cc(c32)N5c2ccccc2)cc1,Cc1ccccc1,468.0
14965,c1ccc(N(c2ccccc2)c2cc3c4c(c2)N(c2ccccc2)c2cc5c(cc2B4c2ccccc2N3c2ccccc2)B2c3ccccc3N(c3ccccc3)c3cc(N(c4ccccc4)c4ccccc4)cc(c32)N5c2ccccc2)cc1,Cc1ccccc1-c1cccc(Oc2cc3c4c(c2)Oc2cc(-c5ccccc5C)ccc2B4c2ccc(-c4ccccc4C)cc2O3)c1,473.0
1772,CC1(C)c2ccccc2N(c2ccc(-c3ccc(C#N)nc3)cc2)c2ccccc21,Cc1ccccc1,488.0
1773,CC1(C)c2ccccc2N(c2ccc(-c3ccc(C#N)nc3)cc2)c2ccccc21,N#Cc1ccc2c(c1)c1ccccc1n2-c1cccc(-n2c3ccccc3c3ccccc32)c1,490.0
8142,COc1ccc(-c2cc(-c3ccc(C)cc3)c(C#N)c(OC)n2)cc1,C1CCOC1,400.0
8143,COc1ccc(-c2cc(-c3ccc(C)cc3)c(C#N)c(OC)n2)cc1,CC#N,406.0
8144,COc1ccc(-c2cc(-c3ccc(C)cc3)c(C#N)c(OC)n2)cc1,CC(C)=O,403.0
8145,COc1ccc(-c2cc(-c3ccc(C)cc3)c(C#N)c(OC)n2)cc1,CCCCCC,375.0
8146,COc1ccc(-c2cc(-c3ccc(C)cc3)c(C#N)c(OC)n2)cc1,CCOC(C)=O,394.0
8147,COc1ccc(-c2cc(-c3ccc(C)cc3)c(C#N)c(OC)n2)cc1,CN(C)C=O,409.0
8148,COc1ccc(-c2cc(-c3ccc(C)cc3)c(C#N)c(OC)n2)cc1,CO,405.0
8149,COc1ccc(-c2cc(-c3ccc(C)cc3)c(C#N)c(OC)n2)cc1,CS(C)=O,412.0
8150,COc1ccc(-c2cc(-c3ccc(C)cc3)c(C#N)c(OC)n2)cc1,ClC(Cl)Cl,392.0
2183,CC1=NN(c2ccccc2)C(=O)/C1=C/c1cn(-c2ccccc2)nc1-c1ccccc1,C1CCOC1,429.0
2184,CC1=NN(c2ccccc2)C(=O)/C1=C/c1cn(-c2ccccc2)nc1-c1ccccc1,C1COCCO1,407.0
2185,CC1=NN(c2ccccc2)C(=O)/C1=C/c1cn(-c2ccccc2)nc1-c1ccccc1,CCO,427.0
2186,CC1=NN(c2ccccc2)C(=O)/C1=C/c1cn(-c2ccccc2)nc1-c1ccccc1,CCOC(C)=O,422.0
2187,CC1=NN(c2ccccc2)C(=O)/C1=C/c1cn(-c2ccccc2)nc1-c1ccccc1,CN(C)C=O,435.0
2188,CC1=NN(c2ccccc2)C(=O)/C1=C/c1cn(-c2ccccc2)nc1-c1ccccc1,CO,430.0
2189,CC1=NN(c2ccccc2)C(=O)/C1=C/c1cn(-c2ccccc2)nc1-c1ccccc1,CS(C)=O,437.0
2190,CC1=NN(c2ccccc2)C(=O)/C1=C/c1cn(-c2ccccc2)nc1-c1ccccc1,Cc1ccccc1,416.0
2191,CC1=NN(c2ccccc2)C(=O)/C1=C/c1cn(-c2ccccc2)nc1-c1ccccc1,ClC(Cl)Cl,432.0
2192,CC1=NN(c2ccccc2)C(=O)/C1=C/c1cn(-c2ccccc2)nc1-c1ccccc1,ClCCl,436.0
8931,COc1ccc(N(c2ccccc2)c2cc3ccc4cc(N(c5ccccc5)c5ccc(OC)cc5)cc5ccc(c2)c3c45)cc1,Cc1ccccc1,482.0
2101,CC1=CC(C)=[N+]2C1=Cc1c(C)c(C3=C(C)C4=Cc5c(C)cc(C)n5[B-](F)(F)[N+]4=C3C)c(C)n1[B-]2(F)F,ClCCl,563.0
9583,C[Si](C)(C)[Si](c1cc2sc3cc([Si]([Si](C)(C)C)([Si](C)(C)C)[Si](C)(C)C)sc3c2s1)([Si](C)(C)C)[Si](C)(C)C,ClCCl,381.0
14528,c1cc2sc3ccsc3c2s1,ClCCl,335.0
4498,CCN1c2ccc(-c3cc(C(F)(F)F)[nH]n3)cc2Sc2cc(-c3cc(C(F)(F)F)[nH]n3)ccc21,C1CCOC1,469.0
4499,CCN1c2ccc(-c3cc(C(F)(F)F)[nH]n3)cc2Sc2cc(-c3cc(C(F)(F)F)[nH]n3)ccc21,CC#N,469.0
4500,CCN1c2ccc(-c3cc(C(F)(F)F)[nH]n3)cc2Sc2cc(-c3cc(C(F)(F)F)[nH]n3)ccc21,CN(C)C=O,464.0
4501,CCN1c2ccc(-c3cc(C(F)(F)F)[nH]n3)cc2Sc2cc(-c3cc(C(F)(F)F)[nH]n3)ccc21,ClCCl,467.0
4502,CCN1c2ccc(-c3cc(C(F)(F)F)[nH]n3)cc2Sc2cc(-c3cc(C(F)(F)F)[nH]n3)ccc21,c1ccccc1,463.0
473,C1=C(c2ccccc2)C=C(c2ccccc2)/C1=C/C1CCCCC1,C1CCOC1,420.0
11989,N#Cc1c(N2CCCCC2)cc(-c2ccccc2)c2c1Cc1ccccc1-2,C1CCOC1,449.0
9052,COc1ccc2c(c1)CCc1c(-c3ccccc3)c3n(c1-2)[B-](F)(F)[N+]1=c2ccc4ccccc4c2=C(c2ccccc2)C1=N3,ClC(Cl)Cl,730.0
14436,c1cc(-n2c3ccccc3c3ccccc32)c(-c2nc3ccccn3n2)c(-n2c3ccccc3c3ccccc32)c1,Cc1ccccc1,397.0
4073,CCN(CC)c1ccc(/C=N/CC/N=C/c2ccc(N(CC)CC)cc2O)c(O)c1,CN(C)C=O,433.0
4074,CCN(CC)c1ccc(/C=N/CC/N=C/c2ccc(N(CC)CC)cc2O)c(O)c1,ClCCl,432.0
14297,Oc1ccccc1/C=N/CC/N=C/c1ccccc1O,CC#N,461.0
4072,CCN(CC)c1ccc(/C=N/CC/N=C/c2ccc(N(CC)CC)cc2O)c(O)c1,CC#N,415.0
13289,O=C1c2ccccc2-c2ccc(N3CCOCC3)c3cccc1c23,C1CCOC1,600.0
13290,O=C1c2ccccc2-c2ccc(N3CCOCC3)c3cccc1c23,CCCCCC,529.0
13291,O=C1c2ccccc2-c2ccc(N3CCOCC3)c3cccc1c23,CCO,640.0
13292,O=C1c2ccccc2-c2ccc(N3CCOCC3)c3cccc1c23,CCOC(C)=O,600.0
13293,O=C1c2ccccc2-c2ccc(N3CCOCC3)c3cccc1c23,CN(C)C=O,622.0
13294,O=C1c2ccccc2-c2ccc(N3CCOCC3)c3cccc1c23,CO,661.0
13295,O=C1c2ccccc2-c2ccc(N3CCOCC3)c3cccc1c23,Cc1ccccc1,568.0
13296,O=C1c2ccccc2-c2ccc(N3CCOCC3)c3cccc1c23,ClC(Cl)(Cl)Cl,552.0
13297,O=C1c2ccccc2-c2ccc(N3CCOCC3)c3cccc1c23,ClC(Cl)Cl,625.0
13298,O=C1c2ccccc2-c2ccc(N3CCOCC3)c3cccc1c23,ClCCl,625.0
13299,O=C1c2ccccc2-c2ccc(N3CCOCC3)c3cccc1c23,c1ccccc1,562.0
2813,CCCCC(CC)Cn1c2cc(C#N)c(-c3ccc(N(c4ccccc4)c4ccccc4)cc3)cc2c2cc(-c3ccc(N(c4ccccc4)c4ccccc4)cc3)c(C#N)cc21,C1CCCCC1,450.0
2814,CCCCC(CC)Cn1c2cc(C#N)c(-c3ccc(N(c4ccccc4)c4ccccc4)cc3)cc2c2cc(-c3ccc(N(c4ccccc4)c4ccccc4)cc3)c(C#N)cc21,C1CCOC1,494.0
2815,CCCCC(CC)Cn1c2cc(C#N)c(-c3ccc(N(c4ccccc4)c4ccccc4)cc3)cc2c2cc(-c3ccc(N(c4ccccc4)c4ccccc4)cc3)c(C#N)cc21,CC#N,542.0
2816,CCCCC(CC)Cn1c2cc(C#N)c(-c3ccc(N(c4ccccc4)c4ccccc4)cc3)cc2c2cc(-c3ccc(N(c4ccccc4)c4ccccc4)cc3)c(C#N)cc21,CCCCOCCCC,464.0
2817,CCCCC(CC)Cn1c2cc(C#N)c(-c3ccc(N(c4ccccc4)c4ccccc4)cc3)cc2c2cc(-c3ccc(N(c4ccccc4)c4ccccc4)cc3)c(C#N)cc21,CCN(CC)CC,464.6541904
2818,CCCCC(CC)Cn1c2cc(C#N)c(-c3ccc(N(c4ccccc4)c4ccccc4)cc3)cc2c2cc(-c3ccc(N(c4ccccc4)c4ccccc4)cc3)c(C#N)cc21,CCOC(C)=O,494.0
2819,CCCCC(CC)Cn1c2cc(C#N)c(-c3ccc(N(c4ccccc4)c4ccccc4)cc3)cc2c2cc(-c3ccc(N(c4ccccc4)c4ccccc4)cc3)c(C#N)cc21,CCOCC,472.0
2820,CCCCC(CC)Cn1c2cc(C#N)c(-c3ccc(N(c4ccccc4)c4ccccc4)cc3)cc2c2cc(-c3ccc(N(c4ccccc4)c4ccccc4)cc3)c(C#N)cc21,CN(C)C=O,542.0
2821,CCCCC(CC)Cn1c2cc(C#N)c(-c3ccc(N(c4ccccc4)c4ccccc4)cc3)cc2c2cc(-c3ccc(N(c4ccccc4)c4ccccc4)cc3)c(C#N)cc21,Cc1ccccc1,473.0
2822,CCCCC(CC)Cn1c2cc(C#N)c(-c3ccc(N(c4ccccc4)c4ccccc4)cc3)cc2c2cc(-c3ccc(N(c4ccccc4)c4ccccc4)cc3)c(C#N)cc21,ClC=C(Cl)Cl,478.0
2823,CCCCC(CC)Cn1c2cc(C#N)c(-c3ccc(N(c4ccccc4)c4ccccc4)cc3)cc2c2cc(-c3ccc(N(c4ccccc4)c4ccccc4)cc3)c(C#N)cc21,ClCCl,513.0
11355,F[B-]1(F)n2c(-c3ccccc3)c3ccc4ccccc4c3c2N=C2c3c(ccc4ccccc34)C(c3ccccc3)=[N+]21,ClCCl,753.0
15128,c1ccc2c(-n3c4ccccc4c4ccccc43)cccc2c1,CO,401.0
15129,c1ccc2c(-n3c4ccccc4c4ccccc43)cccc2c1,Cc1ccccc1,379.0
15130,c1ccc2c(-n3c4ccccc4c4ccccc43)cccc2c1,ClC(Cl)Cl,395.0
11804,N#CC(C#N)=Cc1ccc2c(c1)c1cc(C=C(C#N)C#N)ccc1n2-c1cccc2ccccc12,ClCCl,453.0
11809,N#CC(C#N)=Cc1ccc2c(c1)c1ccccc1n2-c1cccc2ccccc12,ClCCl,473.0
15122,c1ccc2c(-n3c4ccccc4c4ccccc43)cccc2c1,C1CCCCC1,367.0
15123,c1ccc2c(-n3c4ccccc4c4ccccc43)cccc2c1,C1CCOC1,393.0
15124,c1ccc2c(-n3c4ccccc4c4ccccc43)cccc2c1,CC#N,404.0
15125,c1ccc2c(-n3c4ccccc4c4ccccc43)cccc2c1,CCO,397.0
15126,c1ccc2c(-n3c4ccccc4c4ccccc43)cccc2c1,CCOC(C)=O,392.0
15127,c1ccc2c(-n3c4ccccc4c4ccccc43)cccc2c1,CCOCC,384.0
11043,Cc1nnc(-c2cc(-n3c4ccccc4c4ccccc43)c(-n3c4ccccc4c4ccccc43)cc2-c2nnc(C)o2)o1,CC#N,504.624823
11044,Cc1nnc(-c2cc(-n3c4ccccc4c4ccccc43)c(-n3c4ccccc4c4ccccc43)cc2-c2nnc(C)o2)o1,Cc1ccccc1,453.0
11045,Cc1nnc(-c2cc(-n3c4ccccc4c4ccccc43)c(-n3c4ccccc4c4ccccc43)cc2-c2nnc(C)o2)o1,ClCCl,485.512034
9927,Cc1cc(C)c(B(c2cc3ccc4cccc5ccc(c2)c3c45)c2c(C)cc(C)cc2C)c(C)c1,Cc1ccccc1,434.0
4261,CCN(CC)c1ccc2cc(-c3nc4ccccc4n3C)c(=O)oc2c1,CC#N,480.0
15019,c1ccc(N(c2ccccc2)c2ccc(-n3ccc4cc(-c5ccc6c(c5)C(c5ccccc5)(c5ccccc5)c5ccccc5-6)ccc43)cc2)cc1,ClCCl,380.0
11087,Clc1ccc(N2c3sc4ccccc4c3Sc3c2sc2ccccc32)cc1,ClCCl,546.0
6452,CN(C)c1ccc(N2c3sc4ccccc4c3Sc3c2sc2ccccc32)cc1,ClCCl,556.0
11097,Clc1ccccc1N1c2sc3ccccc3c2Sc2c1sc1ccccc21,ClCCl,541.0
8946,COc1ccc(N2c3sc4ccccc4c3Sc3c2sc2ccccc32)cc1,ClCCl,549.0
1156,CC(C)(C)c1ccc2c(c1)c1cc(C(C)(C)C)ccc1n2-c1ccc(C#Cc2ccc3c4ccc(C#Cc5ccc(-n6c7ccc(C(C)(C)C)cc7c7cc(C(C)(C)C)ccc76)cc5)cc4n(-c4ccc(C(F)(F)F)cc4)c3c2)cc1,ClCCl,431.0
15008,c1ccc(N(c2ccccc2)c2ccc(-c3ncc(-c4ccc(-c5ccc(-c6cnc(-c7ccc(N(c8ccccc8)c8ccccc8)cc7)s6)s5)s4)s3)cc2)cc1,CO,509.0
13737,O=S(=O)(c1ccccc1)c1ccc(-n2c3ccccc3c3c2c2ccccc2n3-c2ccccc2)cc1,Cc1ccccc1,476.0
12038,N#Cc1cc(-n2c3ccccc3c3ncccc32)c(-n2c3ccccc3c3ncccc32)cc1C#N,CC#N,520.4651163
12039,N#Cc1cc(-n2c3ccccc3c3ncccc32)c(-n2c3ccccc3c3ncccc32)cc1C#N,CCCCCC,443.7209302
12040,N#Cc1cc(-n2c3ccccc3c3ncccc32)c(-n2c3ccccc3c3ncccc32)cc1C#N,Cc1ccccc1,450.6976744
12041,N#Cc1cc(-n2c3ccccc3c3ncccc32)c(-n2c3ccccc3c3ncccc32)cc1C#N,ClCCl,476.5116279
12042,N#Cc1cc(-n2c3ccccc3c3ncccc32)c(-n2c3ccccc3c3ncccc32)cc1C#N,c1cc(-n2c3ccccc3c3ccccc32)cc(-n2c3ccccc3c3ccccc32)c1,477.2727273
492,C1=CSC(=C2SC=C(/C=C/C=C/C=C/C3=CSC(=C4SC=CS4)S3)S2)S1,C1CCOC1,736.0
493,C1=CSC(=C2SC=C(/C=C/C=C/C=C/C3=CSC(=C4SC=CS4)S3)S2)S1,C1COCCO1,703.0
494,C1=CSC(=C2SC=C(/C=C/C=C/C=C/C3=CSC(=C4SC=CS4)S3)S2)S1,CC#N,770.0
495,C1=CSC(=C2SC=C(/C=C/C=C/C=C/C3=CSC(=C4SC=CS4)S3)S2)S1,CC(C)=O,795.0
496,C1=CSC(=C2SC=C(/C=C/C=C/C=C/C3=CSC(=C4SC=CS4)S3)S2)S1,CC1CCCCC1,638.0
497,C1=CSC(=C2SC=C(/C=C/C=C/C=C/C3=CSC(=C4SC=CS4)S3)S2)S1,CCCCCC,631.0
498,C1=CSC(=C2SC=C(/C=C/C=C/C=C/C3=CSC(=C4SC=CS4)S3)S2)S1,CCOCC,700.0
499,C1=CSC(=C2SC=C(/C=C/C=C/C=C/C3=CSC(=C4SC=CS4)S3)S2)S1,CN(C)C=O,765.0
500,C1=CSC(=C2SC=C(/C=C/C=C/C=C/C3=CSC(=C4SC=CS4)S3)S2)S1,CO,782.0
501,C1=CSC(=C2SC=C(/C=C/C=C/C=C/C3=CSC(=C4SC=CS4)S3)S2)S1,Cc1ccccc1,685.0
502,C1=CSC(=C2SC=C(/C=C/C=C/C=C/C3=CSC(=C4SC=CS4)S3)S2)S1,ClC(Cl)(Cl)Cl,659.0
503,C1=CSC(=C2SC=C(/C=C/C=C/C=C/C3=CSC(=C4SC=CS4)S3)S2)S1,ClC(Cl)Cl,730.0
504,C1=CSC(=C2SC=C(/C=C/C=C/C=C/C3=CSC(=C4SC=CS4)S3)S2)S1,ClCCl,750.0
9459,COc1nnc(Cl)nn1,ClCCl,567.0
9460,COc1nnc(Cl)nn1,OCC(F)(F)F,558.0
11234,FC(F)(F)C(F)(F)C(F)(F)C(F)(F)C(F)(F)C(F)(F)C(F)(F)C(F)(F)CCOc1nnc(Cl)nn1,ClCCl,552.0
11235,FC(F)(F)C(F)(F)C(F)(F)C(F)(F)C(F)(F)C(F)(F)C(F)(F)C(F)(F)CCOc1nnc(Cl)nn1,OCC(F)(F)F,553.0
11236,FC(F)(F)C(F)(F)C(F)(F)C(F)(F)C(F)(F)C(F)(F)CCOc1nnc(Cl)nn1,ClCCl,566.0
11237,FC(F)(F)C(F)(F)C(F)(F)C(F)(F)C(F)(F)C(F)(F)CCOc1nnc(Cl)nn1,OCC(F)(F)F,555.0
572,C=CCOc1nnc(OCCC(F)(F)C(F)(F)C(F)(F)C(F)(F)C(F)(F)C(F)(F)C(F)(F)C(F)(F)F)nn1,ClCCl,572.0
573,C=CCOc1nnc(OCCC(F)(F)C(F)(F)C(F)(F)C(F)(F)C(F)(F)C(F)(F)C(F)(F)C(F)(F)F)nn1,OCC(F)(F)F,560.0
574,C=CCOc1nnc(OCCC(F)(F)C(F)(F)C(F)(F)C(F)(F)C(F)(F)C(F)(F)F)nn1,ClCCl,573.0
575,C=CCOc1nnc(OCCC(F)(F)C(F)(F)C(F)(F)C(F)(F)C(F)(F)C(F)(F)F)nn1,OCC(F)(F)F,562.0
696,CC(=O)[B-]1(C(C)=O)OC(c2ccc3ccccc3c2)=CC(c2ccc3ccccc3c2)=[O+]1,CC#N,505.0
697,CC(=O)[B-]1(C(C)=O)OC(c2ccc3ccccc3c2)=CC(c2ccc3ccccc3c2)=[O+]1,ClC(Cl)(Cl)Cl,488.0
11314,F[B-]1(F)OC(c2ccc3ccccc3c2)=CC(c2ccc3ccccc3c2)=[O+]1,CC#N,510.0
11315,F[B-]1(F)OC(c2ccc3ccccc3c2)=CC(c2ccc3ccccc3c2)=[O+]1,ClC(Cl)(Cl)Cl,428.0
15225,c1ccc2c(c1)c1ccccc1n2-c1ccc(-c2ccc3nc(-c4ccc(-n5c6ccccc6c6ccccc65)cc4)nn3c2)cc1,C1CCOC1,385.0
2312,CC1=[O+][B-]2(OC(=O)C(=O)O2)OC(c2c3ccccc3cc3ccccc23)=C1,CC#N,527.0
2313,CC1=[O+][B-]2(OC(=O)C(=O)O2)OC(c2c3ccccc3cc3ccccc23)=C1,ClC(Cl)(Cl)Cl,514.0
94,C(#Cc1cc(C#Cc2cccs2)c(C#Cc2cccs2)c(C#Cc2cccs2)c1C#Cc1cccs1)c1cccs1,ClCCl,425.0
4128,CCN(CC)c1ccc2c(-c3ccccc3C(=O)O)c3c([o+]c2c1)/C(=C/c1ccc(N2CCCC2)s1)CCC3,ClCCl,770.0
4809,CCOC(=O)COc1ccc(/C=C/c2c(CC)c(C)c3n2[B-](F)(F)[N+]2=C(c4[nH]c(C)c(CC)c4C)c4ccccc4C2=C3C)cc1,Cc1ccccc1,709.0
4810,CCOC(=O)COc1ccc(/C=C/c2c(CC)c(C)c3n2[B-](F)(F)[N+]2=C(c4[nH]c(C)c(CC)c4C)c4ccccc4C2=C3C)cc1,ClCCl,714.0
4811,CCOC(=O)COc1ccc(/C=C/c2cc(C)c3n2[B-](F)(F)[N+]2=C(c4[nH]c(C)cc4C)c4ccccc4C2=C3)cc1,C1CCOC1,703.0
4812,CCOC(=O)COc1ccc(/C=C/c2cc(C)c3n2[B-](F)(F)[N+]2=C(c4[nH]c(C)cc4C)c4ccccc4C2=C3)cc1,CC#N,699.0
4813,CCOC(=O)COc1ccc(/C=C/c2cc(C)c3n2[B-](F)(F)[N+]2=C(c4[nH]c(C)cc4C)c4ccccc4C2=C3)cc1,CCCCCC,693.0
4814,CCOC(=O)COc1ccc(/C=C/c2cc(C)c3n2[B-](F)(F)[N+]2=C(c4[nH]c(C)cc4C)c4ccccc4C2=C3)cc1,CO,697.0
4815,CCOC(=O)COc1ccc(/C=C/c2cc(C)c3n2[B-](F)(F)[N+]2=C(c4[nH]c(C)cc4C)c4ccccc4C2=C3)cc1,Cc1ccccc1,707.0
4816,CCOC(=O)COc1ccc(/C=C/c2cc(C)c3n2[B-](F)(F)[N+]2=C(c4[nH]c(C)cc4C)c4ccccc4C2=C3)cc1,ClCCl,705.0
5161,CCc1c(C)[nH]c(C2=[N+]3C(=Cc4c(C)c(CC)c(/C=C/c5ccc(N(C)C)cc5)n4[B-]3(F)F)c3ccccc32)c1C,Cc1ccccc1,760.0
5162,CCc1c(C)[nH]c(C2=[N+]3C(=Cc4c(C)c(CC)c(/C=C/c5ccc(N(C)C)cc5)n4[B-]3(F)F)c3ccccc32)c1C,ClCCl,770.0
5157,CCc1c(C)[nH]c(C2=[N+]3C(=Cc4c(C)c(CC)c(/C=C/c5ccc(N(C)C)cc5)n4[B-]3(F)F)c3ccccc32)c1C,C1CCOC1,764.0
5158,CCc1c(C)[nH]c(C2=[N+]3C(=Cc4c(C)c(CC)c(/C=C/c5ccc(N(C)C)cc5)n4[B-]3(F)F)c3ccccc32)c1C,CC#N,805.0
5160,CCc1c(C)[nH]c(C2=[N+]3C(=Cc4c(C)c(CC)c(/C=C/c5ccc(N(C)C)cc5)n4[B-]3(F)F)c3ccccc32)c1C,CO,770.0
5159,CCc1c(C)[nH]c(C2=[N+]3C(=Cc4c(C)c(CC)c(/C=C/c5ccc(N(C)C)cc5)n4[B-]3(F)F)c3ccccc32)c1C,CCCCCC,740.0
4805,CCOC(=O)COc1ccc(/C=C/c2c(CC)c(C)c3n2[B-](F)(F)[N+]2=C(c4[nH]c(C)c(CC)c4C)c4ccccc4C2=C3C)cc1,C1CCOC1,709.0
4806,CCOC(=O)COc1ccc(/C=C/c2c(CC)c(C)c3n2[B-](F)(F)[N+]2=C(c4[nH]c(C)c(CC)c4C)c4ccccc4C2=C3C)cc1,CC#N,707.0
4807,CCOC(=O)COc1ccc(/C=C/c2c(CC)c(C)c3n2[B-](F)(F)[N+]2=C(c4[nH]c(C)c(CC)c4C)c4ccccc4C2=C3C)cc1,CCCCCC,698.0
4808,CCOC(=O)COc1ccc(/C=C/c2c(CC)c(C)c3n2[B-](F)(F)[N+]2=C(c4[nH]c(C)c(CC)c4C)c4ccccc4C2=C3C)cc1,CO,711.0
9707,Cc1c(COC(=O)Cc2cccc3ccccc23)n2c(OCC(=O)Cc3cccc4ccccc34)c(C)c(=O)n2c1=O,CCO,458.0
10644,Cc1ccc(N(c2ccc(C)cc2)c2ccc(Oc3nnc(Cl)nn3)cc2)cc1,ClCCl,550.0
11117,Clc1nnc(Oc2ccc(N(c3ccc(Br)cc3)c3ccc(Br)cc3)cc2)nn1,ClCCl,559.0
11118,Clc1nnc(Oc2ccc(N(c3ccccc3)c3ccccc3)cc2)nn1,ClCCl,564.0
10874,Cc1cccc2cc3c(=O)n(C)c(=O)n(C)c3nc12,CC#N,417.0
10875,Cc1cccc2cc3c(=O)n(C)c(=O)n(C)c3nc12,CC(C)O,421.0
10876,Cc1cccc2cc3c(=O)n(C)c(=O)n(C)c3nc12,CCO,423.0
10877,Cc1cccc2cc3c(=O)n(C)c(=O)n(C)c3nc12,CO,425.0
10878,Cc1cccc2cc3c(=O)n(C)c(=O)n(C)c3nc12,ClC(Cl)Cl,417.0
10879,Cc1cccc2cc3c(=O)n(C)c(=O)n(C)c3nc12,ClCCl,417.0
10758,Cc1ccc2cc3c(=O)n(C)c(=O)n(C)c3nc2c1,CC#N,405.0
10759,Cc1ccc2cc3c(=O)n(C)c(=O)n(C)c3nc2c1,CC(C)O,408.0
10760,Cc1ccc2cc3c(=O)n(C)c(=O)n(C)c3nc2c1,CCO,409.0
10761,Cc1ccc2cc3c(=O)n(C)c(=O)n(C)c3nc2c1,CO,409.0
10762,Cc1ccc2cc3c(=O)n(C)c(=O)n(C)c3nc2c1,ClC(Cl)Cl,406.0
10763,Cc1ccc2cc3c(=O)n(C)c(=O)n(C)c3nc2c1,ClCCl,405.0
4269,CCN(CC)c1ccc2cc(/C(Cl)=C/C=C/C(=C(C#N)C#N)c3ccc(N(c4ccccc4)c4ccccc4)cc3)c(=O)oc2c1,CC(C)=O,712.0
4270,CCN(CC)c1ccc2cc(/C(Cl)=C/C=C/C(=C(C#N)C#N)c3ccc(N(c4ccccc4)c4ccccc4)cc3)c(=O)oc2c1,CCOC(C)=O,657.0
4271,CCN(CC)c1ccc2cc(/C(Cl)=C/C=C/C(=C(C#N)C#N)c3ccc(N(c4ccccc4)c4ccccc4)cc3)c(=O)oc2c1,CN(C)C=O,737.0
4272,CCN(CC)c1ccc2cc(/C(Cl)=C/C=C/C(=C(C#N)C#N)c3ccc(N(c4ccccc4)c4ccccc4)cc3)c(=O)oc2c1,CS(C)=O,746.0
4273,CCN(CC)c1ccc2cc(/C(Cl)=C/C=C/C(=C(C#N)C#N)c3ccc(N(c4ccccc4)c4ccccc4)cc3)c(=O)oc2c1,Cc1ccccc1,619.0
4274,CCN(CC)c1ccc2cc(/C(Cl)=C/C=C/C(=C(C#N)C#N)c3ccc(N(c4ccccc4)c4ccccc4)cc3)c(=O)oc2c1,ClCCl,641.0
7934,COc1cc(OC)cc(C2=C3C(C)=C(I)C(/C=C/c4c[nH]c5ccccc45)=[N+]3[B-](F)(F)n3c(/C=C/c4c[nH]c5ccccc45)c(I)c(C)c32)c1,CS(C)=O,771.0
7935,COc1cc(OC)cc(C2=C3C(C)=C(I)C(/C=C/c4c[nH]c5ccccc45)=[N+]3[B-](F)(F)n3c(/C=C/c4c[nH]c5ccccc45)c(I)c(C)c32)c1,ClCCl,735.0
7933,COc1cc(OC)cc(C2=C3C(C)=C(I)C(/C=C/c4c[nH]c5ccccc45)=[N+]3[B-](F)(F)n3c(/C=C/c4c[nH]c5ccccc45)c(I)c(C)c32)c1,C1CCOC1,748.0
1347,CC(C)[Si](C#Cc1c2cc3ccccc3cc2c(C#C[Si](C(C)C)(C(C)C)C(C)C)c2nc3c(ccc4cc5ccccc5cc43)nc12)(C(C)C)C(C)C,CCCCCC,654.0
11206,Cn1ccc(-n2cncn2)nc1=O,O,366.0
10949,Cc1cn(C)c(=O)nc1-n1cncn1,O,389.0
15116,c1ccc2c(-c3ccc(-n4c5ccccc5c5ccccc54)cc3)c3c(nc2c1)-c1cc2c(cc1CC3)-c1nc3ccccc3c(-c3ccc(-n4c5ccccc5c5ccccc54)cc3)c1CC2,ClC(Cl)Cl,385.0
5271,CCn1c2cc(-c3cccs3)ccc2c2ccc(-c3cccs3)cc21,ClCCl,391.0
10046,Cc1cc(C)n2c1C=C1C(=O)N(C)C(c3ccc([N+](=O)[O-])cc3)=[N+]1[B-]2(F)F,CCCCCC,587.0
5260,CCn1c(-c2ccc(-c3ccc4ccc5cccc6ccc3c4c56)cc2)c(-c2ccc3ccccc3c2)c(-c2ccc3ccccc3c2)c1-c1ccc(-c2ccc3ccc4cccc5ccc2c3c45)cc1,CCOC(C)=O,460.0
13716,O=S(=O)(c1cccc(-n2c3ccccc3c3ccccc32)c1)c1cccc(-n2c3ccccc3c3ccccc32)c1,c1cc(-n2c3ccccc3c3ccccc32)cc(-n2c3ccccc3c3ccccc32)c1,419.9445983
13712,O=S(=O)(c1cccc(-n2c3ccccc3c3ccccc32)c1)c1cccc(-n2c3ccccc3c3ccccc32)c1,C1CCOC1,426.0
13713,O=S(=O)(c1cccc(-n2c3ccccc3c3ccccc32)c1)c1cccc(-n2c3ccccc3c3ccccc32)c1,CCCCC(CC)n1c2ccc(-n3c4ccccc4c4ccccc43)cc2c2cc(-n3c4ccccc4c4ccccc43)ccc21,409.9722992
13714,O=S(=O)(c1cccc(-n2c3ccccc3c3ccccc32)c1)c1cccc(-n2c3ccccc3c3ccccc32)c1,Cc1ccccc1,405.0
13715,O=S(=O)(c1cccc(-n2c3ccccc3c3ccccc32)c1)c1cccc(-n2c3ccccc3c3ccccc32)c1,ClC(Cl)Cl,422.0
413,C(S/C=C/c1ccc(/C=C/SC=C2CCCCCC2)cc1)=C1CCCCCC1,ClCCl,422.0
10955,Cc1csc2[n+]1[B-](F)(F)OC(c1ccc(N(C)C)cc1)=N2,Cc1ccccc1,437.0
10956,Cc1csc2[n+]1[B-](F)(F)OC(c1ccc(N(C)C)cc1)=N2,ClCCl,453.0
6427,CN(C)c1ccc(C2=Nc3scc[n+]3[B-](F)(F)O2)cc1,C1CCOC1,454.0
6428,CN(C)c1ccc(C2=Nc3scc[n+]3[B-](F)(F)O2)cc1,CC#N,469.0
6429,CN(C)c1ccc(C2=Nc3scc[n+]3[B-](F)(F)O2)cc1,Cc1ccccc1,439.0
6430,CN(C)c1ccc(C2=Nc3scc[n+]3[B-](F)(F)O2)cc1,ClCCl,453.0
10953,Cc1csc2[n+]1[B-](F)(F)OC(c1ccc(N(C)C)cc1)=N2,C1CCOC1,453.0
4962,CCOC(=O)c1csc2[n+]1[B-](F)(F)OC(c1ccc(N(C)C)cc1)=N2,C1CCOC1,459.0
4963,CCOC(=O)c1csc2[n+]1[B-](F)(F)OC(c1ccc(N(C)C)cc1)=N2,CC#N,477.0
4964,CCOC(=O)c1csc2[n+]1[B-](F)(F)OC(c1ccc(N(C)C)cc1)=N2,Cc1ccccc1,439.0
4965,CCOC(=O)c1csc2[n+]1[B-](F)(F)OC(c1ccc(N(C)C)cc1)=N2,ClCCl,456.0
10954,Cc1csc2[n+]1[B-](F)(F)OC(c1ccc(N(C)C)cc1)=N2,CC#N,466.0
3794,CCCCn1c(-c2ccc(-c3nnc(-c4ccccc4)o3)cc2)nc(-c2ccccc2)c1-c1ccccc1,ClCCl,441.0
3292,CCCCCCCCn1c(=O)c2cc3c(C#Cc4ccc(N(c5ccccc5)c5ccccc5)cc4)c4cc5c(=O)n(CCCCCCCC)c(=O)c5cc4c(C#Cc4ccc(N(c5ccccc5)c5ccccc5)cc4)c3cc2c1=O,ClC(Cl)Cl,641.0
7783,COc1cc(/C=C2/SC(=O)NC2=O)cc(OC)c1O,C1CCCCC1,408.0
7784,COc1cc(/C=C2/SC(=O)NC2=O)cc(OC)c1O,C1COCCO1,430.0
7785,COc1cc(/C=C2/SC(=O)NC2=O)cc(OC)c1O,CC#N,450.0
7786,COc1cc(/C=C2/SC(=O)NC2=O)cc(OC)c1O,CN(C)C=O,408.0
7787,COc1cc(/C=C2/SC(=O)NC2=O)cc(OC)c1O,CO,437.0
7788,COc1cc(/C=C2/SC(=O)NC2=O)cc(OC)c1O,O,497.0
7789,COc1cc(/C=C2/SC(=O)NC2=O)cc(OC)c1O,OCC(O)CO,457.0
7790,COc1cc(/C=C2/SC(=O)NC2=O)cc(OC)c1O,OCCO,466.0
7791,COc1cc(/C=C2/SC(=O)NC2=O)ccc1O,C1CCCCC1,400.0
7792,COc1cc(/C=C2/SC(=O)NC2=O)ccc1O,C1COCCO1,420.0
7793,COc1cc(/C=C2/SC(=O)NC2=O)ccc1O,CC#N,430.0
7794,COc1cc(/C=C2/SC(=O)NC2=O)ccc1O,CN(C)C=O,417.0
7795,COc1cc(/C=C2/SC(=O)NC2=O)ccc1O,CO,424.0
7796,COc1cc(/C=C2/SC(=O)NC2=O)ccc1O,O,474.0
7797,COc1cc(/C=C2/SC(=O)NC2=O)ccc1O,OCC(O)CO,447.0
7798,COc1cc(/C=C2/SC(=O)NC2=O)ccc1O,OCCO,435.0
13062,O=C1NC(=O)/C(=C\c2ccccc2O)S1,C1CCCCC1,397.0
13063,O=C1NC(=O)/C(=C\c2ccccc2O)S1,C1COCCO1,418.0
13064,O=C1NC(=O)/C(=C\c2ccccc2O)S1,CC#N,428.0
13065,O=C1NC(=O)/C(=C\c2ccccc2O)S1,CN(C)C=O,424.0
13066,O=C1NC(=O)/C(=C\c2ccccc2O)S1,CO,428.0
13067,O=C1NC(=O)/C(=C\c2ccccc2O)S1,O,480.0
13068,O=C1NC(=O)/C(=C\c2ccccc2O)S1,OCC(O)CO,451.0
13069,O=C1NC(=O)/C(=C\c2ccccc2O)S1,OCCO,440.0
1864,CC1(C)c2ccccc2N(c2ccc3c(ccc4nc5ccc6cc(N7c8ccccc8C(C)(C)c8ccccc87)ccc6c5nc43)c2)c2ccccc21,ClCCl,699.0
1861,CC1(C)c2ccccc2N(c2ccc3c(ccc4nc5ccc6cc(N7c8ccccc8C(C)(C)c8ccccc87)ccc6c5nc43)c2)c2ccccc21,C1CCCCC1,484.0
1862,CC1(C)c2ccccc2N(c2ccc3c(ccc4nc5ccc6cc(N7c8ccccc8C(C)(C)c8ccccc87)ccc6c5nc43)c2)c2ccccc21,C1CCOC1,661.0
1863,CC1(C)c2ccccc2N(c2ccc3c(ccc4nc5ccc6cc(N7c8ccccc8C(C)(C)c8ccccc87)ccc6c5nc43)c2)c2ccccc21,Cc1ccccc1,552.0
8111,COc1ccc(-c2c3cc4cc(C)sc4cc3c(C#Cc3ccccc3)c3cc4cc(C)sc4cc23)cc1,ClCCl,561.0
7237,COC(=O)CN1C(=O)c2cc3ccc(N(C)C)cc3cc2C1=O,C1CCOC1,510.0
7238,COC(=O)CN1C(=O)c2cc3ccc(N(C)C)cc3cc2C1=O,CC#N,549.0
7239,COC(=O)CN1C(=O)c2cc3ccc(N(C)C)cc3cc2C1=O,CC(C)=O,532.0
7240,COC(=O)CN1C(=O)c2cc3ccc(N(C)C)cc3cc2C1=O,CCO,584.0
7241,COC(=O)CN1C(=O)c2cc3ccc(N(C)C)cc3cc2C1=O,Cc1ccccc1,491.0
7242,COC(=O)CN1C(=O)c2cc3ccc(N(C)C)cc3cc2C1=O,ClC(Cl)Cl,509.0
531,C=C(C)C(CN1C(=O)c2cccc3c2c(cc2nc(C)oc23)C1=O)OO,CCO,412.0
1309,CC(C)=CCN1C(=O)c2cccc3c2c(cc2nc(C)oc23)C1=O,CCO,412.0
13154,O=C1OC(=O)c2ccc(N(c3ccccc3)c3ccc4ccc5cccc6ccc3c4c56)c3cccc1c23,CCCCCC,536.0
13155,O=C1OC(=O)c2ccc(N(c3ccccc3)c3ccc4ccc5cccc6ccc3c4c56)c3cccc1c23,c1ccccc1,605.0
13727,O=S(=O)(c1ccccc1)c1ccc(-c2ccc3c(c2)c2cc(-c4ccc(S(=O)(=O)c5ccccc5)cc4)ccc2n3-c2ccccc2)cc1,CCCCCC,377.0
13728,O=S(=O)(c1ccccc1)c1ccc(-c2ccc3c(c2)c2cc(-c4ccc(S(=O)(=O)c5ccccc5)cc4)ccc2n3-c2ccccc2)cc1,CN(C)C=O,431.0
13729,O=S(=O)(c1ccccc1)c1ccc(-c2ccc3c(c2)c2cc(-c4ccc(S(=O)(=O)c5ccccc5)cc4)ccc2n3-c2ccccc2)cc1,CO,434.0
13730,O=S(=O)(c1ccccc1)c1ccc(-c2ccc3c(c2)c2cc(-c4ccc(S(=O)(=O)c5ccccc5)cc4)ccc2n3-c2ccccc2)cc1,Cc1ccccc1,381.0
13731,O=S(=O)(c1ccccc1)c1ccc(-c2ccc3c(c2)c2cc(-c4ccc(S(=O)(=O)c5ccccc5)cc4)ccc2n3-c2ccccc2)cc1,ClCCl,395.0
4829,CCOC(=O)CSc1nc(-c2ccc(OC)cc2)c(C)c(C#N)c1C#N,c1ccccc1,432.0
4830,CCOC(=O)CSc1nc(-c2ccccc2)c(C)c(C#N)c1C#N,C1COCCO1,414.0
4831,CCOC(=O)CSc1nc(-c2ccccc2)c(C)c(C#N)c1C#N,CC#N,426.0
4832,CCOC(=O)CSc1nc(-c2ccccc2)c(C)c(C#N)c1C#N,CCO,434.0
4833,CCOC(=O)CSc1nc(-c2ccccc2)c(C)c(C#N)c1C#N,CCOC(C)=O,421.0
4834,CCOC(=O)CSc1nc(-c2ccccc2)c(C)c(C#N)c1C#N,ClC(Cl)Cl,435.0
4835,CCOC(=O)CSc1nc(-c2ccccc2)c(C)c(C#N)c1C#N,c1ccccc1,421.0
8211,COc1ccc(-c2ccc(-c3ccc(C#N)s3)s2)cc1,C1CCCCC1,445.0
8212,COc1ccc(-c2ccc(-c3ccc(C#N)s3)s2)cc1,C1COCCO1,455.0
8213,COc1ccc(-c2ccc(-c3ccc(C#N)s3)s2)cc1,CC#N,476.0
8214,COc1ccc(-c2ccc(-c3ccc(C#N)s3)s2)cc1,CC(C)O,471.0
8215,COc1ccc(-c2ccc(-c3ccc(C#N)s3)s2)cc1,CCCCO,471.0
8216,COc1ccc(-c2ccc(-c3ccc(C#N)s3)s2)cc1,CCO,474.0
8217,COc1ccc(-c2ccc(-c3ccc(C#N)s3)s2)cc1,CCOC(C)=O,461.0
8218,COc1ccc(-c2ccc(-c3ccc(C#N)s3)s2)cc1,CN(C)C=O,479.0
8219,COc1ccc(-c2ccc(-c3ccc(C#N)s3)s2)cc1,CO,476.0
8220,COc1ccc(-c2ccc(-c3ccc(C#N)s3)s2)cc1,CS(C)=O,484.0
8221,COc1ccc(-c2ccc(-c3ccc(C#N)s3)s2)cc1,Cc1ccccc1,450.0
8222,COc1ccc(-c2ccc(-c3ccc(C#N)s3)s2)cc1,ClC(Cl)Cl,465.0
8223,COc1ccc(-c2ccc(-c3ccc(C#N)s3)s2)cc1,ClCCl,468.0
8224,COc1ccc(-c2ccc(-c3ccc(C#N)s3)s2)cc1,O,529.0
7899,COc1cc(OC)cc(-c2ccc(-c3ccc(C#N)s3)s2)c1,C1CCCCC1,437.0
7900,COc1cc(OC)cc(-c2ccc(-c3ccc(C#N)s3)s2)c1,C1COCCO1,437.0
7901,COc1cc(OC)cc(-c2ccc(-c3ccc(C#N)s3)s2)c1,CC#N,443.0
7902,COc1cc(OC)cc(-c2ccc(-c3ccc(C#N)s3)s2)c1,CC(C)O,441.0
7903,COc1cc(OC)cc(-c2ccc(-c3ccc(C#N)s3)s2)c1,CCCCO,443.0
7904,COc1cc(OC)cc(-c2ccc(-c3ccc(C#N)s3)s2)c1,CCO,443.0
7905,COc1cc(OC)cc(-c2ccc(-c3ccc(C#N)s3)s2)c1,CCOC(C)=O,440.0
7906,COc1cc(OC)cc(-c2ccc(-c3ccc(C#N)s3)s2)c1,CN(C)C=O,447.0
7907,COc1cc(OC)cc(-c2ccc(-c3ccc(C#N)s3)s2)c1,CO,448.0
7908,COc1cc(OC)cc(-c2ccc(-c3ccc(C#N)s3)s2)c1,CS(C)=O,452.0
7909,COc1cc(OC)cc(-c2ccc(-c3ccc(C#N)s3)s2)c1,Cc1ccccc1,439.0
7910,COc1cc(OC)cc(-c2ccc(-c3ccc(C#N)s3)s2)c1,ClC(Cl)Cl,441.0
7911,COc1cc(OC)cc(-c2ccc(-c3ccc(C#N)s3)s2)c1,ClCCl,442.0
7912,COc1cc(OC)cc(-c2ccc(-c3ccc(C#N)s3)s2)c1,O,529.0
14061,O=c1oc2ccccc2nc1-c1ccc(Cl)cc1,c1ccccc1,440.0
8352,COc1ccc(-c2nc3ccccc3oc2=O)cc1,c1ccccc1,444.0
12613,Nc1ccc2nc(-c3ccccc3)c(=O)oc2c1,c1ccccc1,480.0
9255,COc1ccc2nc(-c3ccccc3)c(=O)oc2c1,c1ccccc1,448.0
14062,O=c1oc2ccccc2nc1-c1ccccc1,c1ccccc1,450.0
6602,CN(C)c1ccc2nc(-c3ccccc3)c(=O)oc2c1,c1ccccc1,500.0
11632,Fc1nc(F)c(F)c(C#Cc2nccnc2C#Cc2c(F)c(F)nc(F)c2F)c1F,CC#N,440.0
1345,CC(C)[Si](C#Cc1c2c(=O)c3ccccc3c2c(C#C[Si](C(C)C)(C(C)C)C(C)C)c2c(=O)c3ccccc3c12)(C(C)C)C(C)C,ClC(Cl)Cl,568.0
875,CC(C)(C)[Si](C)(C)C#Cc1c2c(=O)c3ccccc3c2c(C#C[Si](C)(C)C(C)(C)C)c2c(=O)c3ccccc3c12,ClC(Cl)Cl,571.0
5115,CC[Si](C#Cc1c2c(=O)c3ccccc3c2c(C#C[Si](CC)(CC)CC)c2c(=O)c3ccccc3c12)(CC)CC,ClC(Cl)Cl,569.0
9573,C[Si](C)(C)C#Cc1c2c(=O)c3ccccc3c2c(C#C[Si](C)(C)C)c2c(=O)c3ccccc3c12,ClC(Cl)Cl,571.0
1337,CC(C)C[Si](C#Cc1c2c(=O)c3ccccc3c2c(C#C[Si](CC(C)C)(CC(C)C)CC(C)C)c2c(=O)c3ccccc3c12)(CC(C)C)CC(C)C,ClC(Cl)Cl,567.0
1116,CC(C)(C)c1ccc2c(c1)c1cc(C(C)(C)C)ccc1n2-c1cc(C(=O)c2ccccc2)cc(-n2c3ccc(C(C)(C)C)cc3c3cc(C(C)(C)C)ccc32)c1,Cc1ccccc1,466.3585952
1117,CC(C)(C)c1ccc2c(c1)c1cc(C(C)(C)C)ccc1n2-c1cc(C(=O)c2ccccc2)cc(-n2c3ccc(C(C)(C)C)cc3c3cc(C(C)(C)C)ccc32)c1,c1cc(-c2cccc(-n3c4ccccc4c4ccccc43)c2)cc(-n2c3ccccc3c3ccccc32)c1,470.8133971
14351,Oc1ccccc1/N=C/c1ccccc1Oc1ccccc1,ClCCl,415.0
14349,Oc1ccccc1/N=C/c1ccccc1Oc1ccccc1,Cc1ccccc1C,412.0
14350,Oc1ccccc1/N=C/c1ccccc1Oc1ccccc1,ClC(Cl)Cl,410.0
14255,Oc1cccc(/N=C/c2ccccc2Oc2ccccc2)c1,C1CCCCC1,402.0
14256,Oc1cccc(/N=C/c2ccccc2Oc2ccccc2)c1,C1COCCO1,406.0
14257,Oc1cccc(/N=C/c2ccccc2Oc2ccccc2)c1,CC#N,395.0
14258,Oc1cccc(/N=C/c2ccccc2Oc2ccccc2)c1,CC(C)=O,415.0
14259,Oc1cccc(/N=C/c2ccccc2Oc2ccccc2)c1,CC(C)CO,387.0
14260,Oc1cccc(/N=C/c2ccccc2Oc2ccccc2)c1,CC(C)O,406.0
14261,Oc1cccc(/N=C/c2ccccc2Oc2ccccc2)c1,CCCCC,403.0
14262,Oc1cccc(/N=C/c2ccccc2Oc2ccccc2)c1,CCCCCCCCO,410.0
14263,Oc1cccc(/N=C/c2ccccc2Oc2ccccc2)c1,CCCCCCCO,410.0
14264,Oc1cccc(/N=C/c2ccccc2Oc2ccccc2)c1,CCCCCCO,400.0
14265,Oc1cccc(/N=C/c2ccccc2Oc2ccccc2)c1,CCCCO,416.0
14266,Oc1cccc(/N=C/c2ccccc2Oc2ccccc2)c1,CCCCOC(C)=O,404.0
14267,Oc1cccc(/N=C/c2ccccc2Oc2ccccc2)c1,CCCO,395.0
14268,Oc1cccc(/N=C/c2ccccc2Oc2ccccc2)c1,CCOC(C)=O,420.0
14269,Oc1cccc(/N=C/c2ccccc2Oc2ccccc2)c1,CCOCC,404.0
14270,Oc1cccc(/N=C/c2ccccc2Oc2ccccc2)c1,CO,380.0
14271,Oc1cccc(/N=C/c2ccccc2Oc2ccccc2)c1,CS(C)=O,396.0
14272,Oc1cccc(/N=C/c2ccccc2Oc2ccccc2)c1,Cc1ccccc1,412.0
14273,Oc1cccc(/N=C/c2ccccc2Oc2ccccc2)c1,Cc1ccccc1C,403.0
14274,Oc1cccc(/N=C/c2ccccc2Oc2ccccc2)c1,ClC(Cl)Cl,415.0
14275,Oc1cccc(/N=C/c2ccccc2Oc2ccccc2)c1,ClCCl,407.0
14276,Oc1cccc(/N=C/c2ccccc2Oc2ccccc2)c1,N#Cc1ccccc1,385.0
14277,Oc1cccc(/N=C/c2ccccc2Oc2ccccc2)c1,OCCO,418.0
14278,Oc1cccc(/N=C/c2ccccc2Oc2ccccc2)c1,c1ccccc1,414.0
14328,Oc1ccccc1/N=C/c1ccccc1Oc1ccccc1,C1CCCCC1,413.0
14329,Oc1ccccc1/N=C/c1ccccc1Oc1ccccc1,C1CCOC1,412.0
14330,Oc1ccccc1/N=C/c1ccccc1Oc1ccccc1,C1COCCO1,410.0
14354,Oc1ccccc1/N=C/c1ccccc1Oc1ccccc1,c1ccccc1,410.0
14352,Oc1ccccc1/N=C/c1ccccc1Oc1ccccc1,N#Cc1ccccc1,410.0
14331,Oc1ccccc1/N=C/c1ccccc1Oc1ccccc1,CC#N,410.0
14353,Oc1ccccc1/N=C/c1ccccc1Oc1ccccc1,OCCO,415.0
14187,Oc1ccc(/N=C/c2ccccc2Oc2ccccc2)cc1,C1CCCCC1,410.0
14188,Oc1ccc(/N=C/c2ccccc2Oc2ccccc2)cc1,C1COCCO1,414.0
14189,Oc1ccc(/N=C/c2ccccc2Oc2ccccc2)cc1,CC#N,424.0
14190,Oc1ccc(/N=C/c2ccccc2Oc2ccccc2)cc1,CC(C)=O,423.0
14191,Oc1ccc(/N=C/c2ccccc2Oc2ccccc2)cc1,CC(C)CO,410.0
14192,Oc1ccc(/N=C/c2ccccc2Oc2ccccc2)cc1,CCCCC,410.0
14193,Oc1ccc(/N=C/c2ccccc2Oc2ccccc2)cc1,CCCCCC,428.0
14194,Oc1ccc(/N=C/c2ccccc2Oc2ccccc2)cc1,CCCCCCCCO,420.0
14195,Oc1ccc(/N=C/c2ccccc2Oc2ccccc2)cc1,CCCCCCCO,413.0
14196,Oc1ccc(/N=C/c2ccccc2Oc2ccccc2)cc1,CCCCCCO,413.0
14197,Oc1ccc(/N=C/c2ccccc2Oc2ccccc2)cc1,CCCCO,419.0
14198,Oc1ccc(/N=C/c2ccccc2Oc2ccccc2)cc1,CCCCOC(C)=O,410.0
14199,Oc1ccc(/N=C/c2ccccc2Oc2ccccc2)cc1,CCCO,415.0
14200,Oc1ccc(/N=C/c2ccccc2Oc2ccccc2)cc1,CCO,415.0
14201,Oc1ccc(/N=C/c2ccccc2Oc2ccccc2)cc1,CCOC(C)=O,412.0
14202,Oc1ccc(/N=C/c2ccccc2Oc2ccccc2)cc1,CCOCC,427.0
14203,Oc1ccc(/N=C/c2ccccc2Oc2ccccc2)cc1,CN(C)C=O,423.0
14204,Oc1ccc(/N=C/c2ccccc2Oc2ccccc2)cc1,CO,415.0
14205,Oc1ccc(/N=C/c2ccccc2Oc2ccccc2)cc1,CS(C)=O,418.0
14206,Oc1ccc(/N=C/c2ccccc2Oc2ccccc2)cc1,Cc1ccccc1,410.0
14207,Oc1ccc(/N=C/c2ccccc2Oc2ccccc2)cc1,Cc1ccccc1C,414.0
14208,Oc1ccc(/N=C/c2ccccc2Oc2ccccc2)cc1,ClC(Cl)Cl,415.0
14209,Oc1ccc(/N=C/c2ccccc2Oc2ccccc2)cc1,ClCCl,414.0
14210,Oc1ccc(/N=C/c2ccccc2Oc2ccccc2)cc1,OCCO,405.0
14211,Oc1ccc(/N=C/c2ccccc2Oc2ccccc2)cc1,c1ccccc1,414.0
14332,Oc1ccccc1/N=C/c1ccccc1Oc1ccccc1,CC(C)=O,410.0
14333,Oc1ccccc1/N=C/c1ccccc1Oc1ccccc1,CC(C)CO,409.0
14334,Oc1ccccc1/N=C/c1ccccc1Oc1ccccc1,CC(C)O,406.0
14335,Oc1ccccc1/N=C/c1ccccc1Oc1ccccc1,CCCCC,425.0
14336,Oc1ccccc1/N=C/c1ccccc1Oc1ccccc1,CCCCCCCCO,414.0
14337,Oc1ccccc1/N=C/c1ccccc1Oc1ccccc1,CCCCCCCO,410.0
14338,Oc1ccccc1/N=C/c1ccccc1Oc1ccccc1,CCCCCCO,410.0
14339,Oc1ccccc1/N=C/c1ccccc1Oc1ccccc1,CCCCO,395.0
14340,Oc1ccccc1/N=C/c1ccccc1Oc1ccccc1,CCCCOC(C)=O,409.0
14341,Oc1ccccc1/N=C/c1ccccc1Oc1ccccc1,CCCO,410.0
14342,Oc1ccccc1/N=C/c1ccccc1Oc1ccccc1,CCO,408.0
14343,Oc1ccccc1/N=C/c1ccccc1Oc1ccccc1,CCOC(C)=O,400.0
14344,Oc1ccccc1/N=C/c1ccccc1Oc1ccccc1,CCOCC,420.0
14345,Oc1ccccc1/N=C/c1ccccc1Oc1ccccc1,CN(C)C=O,418.0
14346,Oc1ccccc1/N=C/c1ccccc1Oc1ccccc1,CO,414.0
14347,Oc1ccccc1/N=C/c1ccccc1Oc1ccccc1,CS(C)=O,410.0
14348,Oc1ccccc1/N=C/c1ccccc1Oc1ccccc1,Cc1ccccc1,411.0
14646,c1ccc(-c2nc(-c3c[nH]c4ccccc34)n3ccccc23)cc1,CO,500.0
14647,c1ccc(-c2nc(-c3c[nH]c4ccccc34)n3ccccc23)cc1,ClCCl,506.0
14648,c1ccc(-c2nc(-c3c[nH]c4ccccc34)n3ccccc23)cc1,O,507.0
14644,c1ccc(-c2nc(-c3c[nH]c4ccccc34)n3ccccc23)cc1,C1CCCCC1,482.0
14645,c1ccc(-c2nc(-c3c[nH]c4ccccc34)n3ccccc23)cc1,CC#N,506.0
1474,CC(C)c1cc(N(C)C)c(C#N)c2c1-c1cccc3cccc-2c13,O,554.0
4880,CCOC(=O)c1c(N)sc(/N=C/c2cccs2)c1C(=O)OCC,CC#N,480.0
3388,CCCCCCOc1ccc(-c2ccc(/C=C/c3cc(/C=C/c4ccc(-c5ccc(OCCCCCC)cc5)cc4)ncn3)cc2)cc1,ClCCl,483.0
13084,O=C1NC(=O)[C@H]([C@H]2C[C@H](O)[C@@H](CO)O2)C=C1C#Cc1ccc2c(c1)Cc1ccccc1-2,O,467.0
13082,O=C1NC(=O)[C@H]([C@H]2C[C@H](O)[C@@H](CO)O2)C=C1C#Cc1ccc2c(c1)Cc1ccccc1-2,CO,444.0
13083,O=C1NC(=O)[C@H]([C@H]2C[C@H](O)[C@@H](CO)O2)C=C1C#Cc1ccc2c(c1)Cc1ccccc1-2,ClC(Cl)Cl,421.0
2797,CCCCC(CC)COc1cc(OCC(CC)CCCC)c2c#cc3ccc4c(c3)c3cc(c#cc5cc(c#cc6ccc7c(c6)c6cc(c#cc1c2)ccc6n7CC(CC)CCCC)c(C(CCCC)OCCC)cc5C(CCCC)OCCC)ccc3n4CC(CC)CCCC,ClCCl,388.0
1759,CC1(C)c2ccccc2N(c2cc(C#N)c(C#N)cc2N2c3ccccc3C(C)(C)c3ccccc32)c2ccccc21,c1ccc2c(c1)c1ccccc1n2-c1ccc(-c2ccc(-n3c4ccccc4c4ccccc43)cc2)cc1,557.0
3539,CCCCN(CCCC)c1ccc(/C=C/c2ccc3nc(/C=C/c4ccc(N(C)C)cc4)c(=O)n(CCC)c3c2)cc1,C1COCCO1,559.0
3540,CCCCN(CCCC)c1ccc(/C=C/c2ccc3nc(/C=C/c4ccc(N(C)C)cc4)c(=O)n(CCC)c3c2)cc1,CC#N,651.0
3541,CCCCN(CCCC)c1ccc(/C=C/c2ccc3nc(/C=C/c4ccc(N(C)C)cc4)c(=O)n(CCC)c3c2)cc1,ClCCl,611.0
13894,O=c1c2cc(F)c(O)cc2n(Cc2ccccc2)c2cc(O)c(F)cc12,CCO,431.0
8057,COc1cc2c(cc1F)c(=O)c1cc(F)c(OC)cc1n2Cc1ccccc1,CCO,416.0
13764,O=S1(=O)c2ccc(-n3c4ccccc4c4ccccc43)cc2-c2cc(-n3c4ccccc4c4ccccc43)ccc21,Cc1ccccc1,424.0
13765,O=S1(=O)c2ccc(-n3c4ccccc4c4ccccc43)cc2-c2cc(-n3c4ccccc4c4ccccc43)ccc21,ClC(Cl)Cl,456.0
3490,CCCCCCn1c2ccccc2c2cc3c4cc5c6ccccc6n(CCCCCC)c5cc4c4cc5c(C)cc(=O)oc5cc4c3cc21,ClC(Cl)Cl,415.0
9971,Cc1cc(C)c(C2=C3C=C(/C=C/C(=O)OC(C)(C)C)C=[N+]3[B-](F)(F)n3c2ccc3N2CCCC2)c(C)c1,ClCCl,551.0
4968,CCOC(=O)c1sc(-c2ccc(-c3cc(-c4cccs4)c(C(=O)OCC)s3)s2)cc1-c1cccs1,ClCCl,455.0
125,C(#Cc1ccccc1)C(C#Cc1ccccc1)=Cc1ccc2cc(C=C(C#Cc3ccccc3)C#Cc3ccccc3)ccc2c1,ClC(Cl)Cl,473.0
5119,CC[n+]1c(-c2ccccc2)c2cc(-n3cccc3)ccc2c2ccc(N)cc21,O,603.0
14992,c1ccc(N(c2ccccc2)c2ccc(-c3ccncn3)cc2)cc1,ClCCl,482.0
3977,CCN(CC)c1ccc(-c2cc3c(s2)c(C(=O)OC)cc(=O)n3C)cc1,CCO,516.0
3978,CCN(CC)c1ccc(-c2cc3c(s2)c(C(=O)OC)cc(=O)n3C)cc1,CN(C)C=O,604.0
3979,CCN(CC)c1ccc(-c2cc3c(s2)c(C(=O)OC)cc(=O)n3C)cc1,CO,503.0
3980,CCN(CC)c1ccc(-c2cc3c(s2)c(C(=O)OC)cc(=O)n3C)cc1,CS(C)=O,615.0
3981,CCN(CC)c1ccc(-c2cc3c(s2)c(C(=O)OC)cc(=O)n3C)cc1,Cc1ccccc1,504.0
3982,CCN(CC)c1ccc(-c2cc3c(s2)c(C(=O)OC)cc(=O)n3C)cc1,ClC(Cl)Cl,545.0
3983,CCN(CC)c1ccc(-c2cc3c(s2)c(C(=O)OC)cc(=O)n3C)cc1,ClCCl,562.0
7309,COC(=O)c1cc(=O)n(C)c2cc(-c3ccc(OC)cc3)sc12,CCO,480.0
7310,COC(=O)c1cc(=O)n(C)c2cc(-c3ccc(OC)cc3)sc12,CN(C)C=O,477.0
7311,COC(=O)c1cc(=O)n(C)c2cc(-c3ccc(OC)cc3)sc12,CO,484.0
7312,COC(=O)c1cc(=O)n(C)c2cc(-c3ccc(OC)cc3)sc12,CS(C)=O,480.0
7313,COC(=O)c1cc(=O)n(C)c2cc(-c3ccc(OC)cc3)sc12,Cc1ccccc1,473.0
7314,COC(=O)c1cc(=O)n(C)c2cc(-c3ccc(OC)cc3)sc12,ClC(Cl)Cl,472.0
7315,COC(=O)c1cc(=O)n(C)c2cc(-c3ccc(OC)cc3)sc12,ClCCl,472.0
7322,COC(=O)c1cc(=O)n(C)c2cc(-c3cccc(N(C)C)c3)sc12,CC#N,460.0
7323,COC(=O)c1cc(=O)n(C)c2cc(-c3cccc(N(C)C)c3)sc12,ClCCl,560.0
7324,COC(=O)c1cc(=O)n(C)c2cc(-c3cccc(OC)c3)sc12,CC#N,463.0
7325,COC(=O)c1cc(=O)n(C)c2cc(-c3cccc(OC)c3)sc12,ClCCl,464.0
7326,COC(=O)c1cc(=O)n(C)c2cc(-c3ccccc3)sc12,CC#N,462.0
7327,COC(=O)c1cc(=O)n(C)c2cc(-c3ccccc3)sc12,ClCCl,462.0
7328,COC(=O)c1cc(=O)n(C)c2cc(-c3ccccc3N(C)C)sc12,CC#N,484.0
7329,COC(=O)c1cc(=O)n(C)c2cc(-c3ccccc3N(C)C)sc12,ClCCl,537.0
7330,COC(=O)c1cc(=O)n(C)c2cc(-c3ccccc3OC)sc12,CC#N,468.0
7331,COC(=O)c1cc(=O)n(C)c2cc(-c3ccccc3OC)sc12,ClCCl,469.0
735,CC(=O)c1cc(=O)n(C)c2cc(-c3ccc(N(C)C)cc3)sc12,CC#N,504.0
736,CC(=O)c1cc(=O)n(C)c2cc(-c3ccc(N(C)C)cc3)sc12,ClCCl,610.0
8175,COc1ccc(-c2cc3c(ccc(=O)n3C)s2)cc1,CC#N,424.0
8176,COc1ccc(-c2cc3c(ccc(=O)n3C)s2)cc1,ClCCl,426.0
7292,COC(=O)c1cc(=O)n(C)c2cc(-c3cc(OC)c(OC)c(OC)c3)sc12,CC#N,495.0
7293,COC(=O)c1cc(=O)n(C)c2cc(-c3cc(OC)c(OC)c(OC)c3)sc12,ClCCl,485.0
8191,COc1ccc(-c2cc3c(s2)c(C(C)=O)cc(=O)n3C)cc1,CC#N,512.0
3975,CCN(CC)c1ccc(-c2cc3c(s2)c(C(=O)OC)cc(=O)n3C)cc1,C1CCOC1,543.0
8192,COc1ccc(-c2cc3c(s2)c(C(C)=O)cc(=O)n3C)cc1,ClCCl,510.0
8195,COc1ccc(-c2cc3c(s2)c(C)cc(=O)n3C)cc1,CC#N,425.0
8196,COc1ccc(-c2cc3c(s2)c(C)cc(=O)n3C)cc1,ClCCl,427.0
3976,CCN(CC)c1ccc(-c2cc3c(s2)c(C(=O)OC)cc(=O)n3C)cc1,CC#N,605.0
7303,COC(=O)c1cc(=O)n(C)c2cc(-c3ccc(N(C)C)cc3)sc12,CC#N,599.0
7304,COC(=O)c1cc(=O)n(C)c2cc(-c3ccc(N(C)C)cc3)sc12,ClCCl,554.0
7307,COC(=O)c1cc(=O)n(C)c2cc(-c3ccc(OC)cc3)sc12,C1CCOC1,472.0
7308,COC(=O)c1cc(=O)n(C)c2cc(-c3ccc(OC)cc3)sc12,CC#N,474.0
6807,CN1C(=O)c2cccc3c(-n4c5ccccc5c5ccccc54)ccc(c23)C1=O,C1CCOC1,537.0
6808,CN1C(=O)c2cccc3c(-n4c5ccccc5c5ccccc54)ccc(c23)C1=O,CCCCCC,440.0
6809,CN1C(=O)c2cccc3c(-n4c5ccccc5c5ccccc54)ccc(c23)C1=O,ClC(Cl)Cl,489.0
6810,CN1C(=O)c2cccc3c(-n4c5ccccc5c5ccccc54)ccc(c23)C1=O,ClCCl,556.0
2473,CCC1(CC)c2ccccc2-c2c1c1c(c3c2C(CC)(CC)c2cc(N(c4ccccc4)c4ccccc4)ccc2-3)C(CC)(CC)c2ccccc2-1,C1CCOC1,392.0
2474,CCC1(CC)c2ccccc2-c2c1c1c(c3c2C(CC)(CC)c2cc(N(c4ccccc4)c4ccccc4)ccc2-3)C(CC)(CC)c2ccccc2-1,CC#N,404.0
2475,CCC1(CC)c2ccccc2-c2c1c1c(c3c2C(CC)(CC)c2cc(N(c4ccccc4)c4ccccc4)ccc2-3)C(CC)(CC)c2ccccc2-1,CC(C)=O,399.0
2476,CCC1(CC)c2ccccc2-c2c1c1c(c3c2C(CC)(CC)c2cc(N(c4ccccc4)c4ccccc4)ccc2-3)C(CC)(CC)c2ccccc2-1,CCCCCC,378.0
2477,CCC1(CC)c2ccccc2-c2c1c1c(c3c2C(CC)(CC)c2cc(N(c4ccccc4)c4ccccc4)ccc2-3)C(CC)(CC)c2ccccc2-1,Cc1ccccc1,383.0
7822,COc1cc(C2=CC3=C(c4c(C)cc(C)cc4C)c4cc(-c5cc(OC)c(OC)c(OC)c5)c(-c5cc(OC)c(OC)c(OC)c5)n4[B-](F)(F)[N+]3=C2c2cc(OC)c(OC)c(OC)c2)cc(OC)c1OC,CC#N,628.0
7823,COc1cc(C2=CC3=C(c4c(C)cc(C)cc4C)c4cc(-c5cc(OC)c(OC)c(OC)c5)c(-c5cc(OC)c(OC)c(OC)c5)n4[B-](F)(F)[N+]3=C2c2cc(OC)c(OC)c(OC)c2)cc(OC)c1OC,Cc1ccccc1,677.0
7824,COc1cc(C2=CC3=C(c4c(C)cc(C)cc4C)c4cc(-c5cc(OC)c(OC)c(OC)c5)c(-c5cc(OC)c(OC)c(OC)c5)n4[B-](F)(F)[N+]3=C2c2cc(OC)c(OC)c(OC)c2)cc(OC)c1OC,ClCCl,651.0
8850,COc1ccc(C2=[N+]3C(=C(c4ccc(C#N)cc4)c4cc(-c5ccc(C#N)cc5)c(-c5ccc(OC)cc5)n4[B-]3(F)F)C=C2c2ccc(C#N)cc2)cc1,C1CCOC1,676.0
8851,COc1ccc(C2=[N+]3C(=C(c4ccc(C#N)cc4)c4cc(-c5ccc(C#N)cc5)c(-c5ccc(OC)cc5)n4[B-]3(F)F)C=C2c2ccc(C#N)cc2)cc1,CC#N,676.0
8852,COc1ccc(C2=[N+]3C(=C(c4ccc(C#N)cc4)c4cc(-c5ccc(C#N)cc5)c(-c5ccc(OC)cc5)n4[B-]3(F)F)C=C2c2ccc(C#N)cc2)cc1,Cc1ccccc1,677.0
9990,Cc1cc(C)c(C2=C3C=C(c4ccccc4)C(c4ccccc4)=[N+]3[B-](F)(F)n3c2cc(-c2ccccc2)c3-c2ccccc2)c(C)c1,Cc1ccccc1,629.0
9991,Cc1cc(C)c(C2=C3C=C(c4ccccc4)C(c4ccccc4)=[N+]3[B-](F)(F)n3c2cc(-c2ccccc2)c3-c2ccccc2)c(C)c1,ClCCl,626.0
11429,F[B-]1(F)n2c(cc(-c3ccccc3)c2-c2ccccc2)C(c2ccccc2)=C2C=C(c3ccccc3)C(c3ccccc3)=[N+]21,C1CCOC1,620.0
11430,F[B-]1(F)n2c(cc(-c3ccccc3)c2-c2ccccc2)C(c2ccccc2)=C2C=C(c3ccccc3)C(c3ccccc3)=[N+]21,CC#N,616.0
11431,F[B-]1(F)n2c(cc(-c3ccccc3)c2-c2ccccc2)C(c2ccccc2)=C2C=C(c3ccccc3)C(c3ccccc3)=[N+]21,Cc1ccccc1,622.0
11432,F[B-]1(F)n2c(cc(-c3ccccc3)c2-c2ccccc2)C(c2ccccc2)=C2C=C(c3ccccc3)C(c3ccccc3)=[N+]21,ClCCl,628.0
1079,CC(C)(C)c1ccc(C2=C(Br)C3=C(c4ccccc4)c4c(Br)c(-c5ccc(C(C)(C)C)cc5)c(-c5ccc(C(C)(C)C)cc5)n4[B-](F)(F)[N+]3=C2c2ccc(C(C)(C)C)cc2)cc1,C1CCCCC1,614.0
1080,CC(C)(C)c1ccc(C2=C(Br)C3=C(c4ccccc4)c4c(Br)c(-c5ccc(C(C)(C)C)cc5)c(-c5ccc(C(C)(C)C)cc5)n4[B-](F)(F)[N+]3=C2c2ccc(C(C)(C)C)cc2)cc1,C1CCOC1,617.0
1081,CC(C)(C)c1ccc(C2=C(Br)C3=C(c4ccccc4)c4c(Br)c(-c5ccc(C(C)(C)C)cc5)c(-c5ccc(C(C)(C)C)cc5)n4[B-](F)(F)[N+]3=C2c2ccc(C(C)(C)C)cc2)cc1,CC#N,613.0
1082,CC(C)(C)c1ccc(C2=C(Br)C3=C(c4ccccc4)c4c(Br)c(-c5ccc(C(C)(C)C)cc5)c(-c5ccc(C(C)(C)C)cc5)n4[B-](F)(F)[N+]3=C2c2ccc(C(C)(C)C)cc2)cc1,Cc1ccccc1,618.0
1083,CC(C)(C)c1ccc(C2=C(Br)C3=C(c4ccccc4)c4c(Br)c(-c5ccc(C(C)(C)C)cc5)c(-c5ccc(C(C)(C)C)cc5)n4[B-](F)(F)[N+]3=C2c2ccc(C(C)(C)C)cc2)cc1,ClCCl,619.0
1092,CC(C)(C)c1ccc(C2=CC3=C(c4ccccc4)c4cc(-c5ccc(C(C)(C)C)cc5)c(-c5ccc(C(C)(C)C)cc5)n4[B-](F)(F)[N+]3=C2c2ccc(C(C)(C)C)cc2)cc1,C1CCCCC1,643.0
1093,CC(C)(C)c1ccc(C2=CC3=C(c4ccccc4)c4cc(-c5ccc(C(C)(C)C)cc5)c(-c5ccc(C(C)(C)C)cc5)n4[B-](F)(F)[N+]3=C2c2ccc(C(C)(C)C)cc2)cc1,C1CCOC1,649.0
1094,CC(C)(C)c1ccc(C2=CC3=C(c4ccccc4)c4cc(-c5ccc(C(C)(C)C)cc5)c(-c5ccc(C(C)(C)C)cc5)n4[B-](F)(F)[N+]3=C2c2ccc(C(C)(C)C)cc2)cc1,CC#N,647.0
1095,CC(C)(C)c1ccc(C2=CC3=C(c4ccccc4)c4cc(-c5ccc(C(C)(C)C)cc5)c(-c5ccc(C(C)(C)C)cc5)n4[B-](F)(F)[N+]3=C2c2ccc(C(C)(C)C)cc2)cc1,Cc1ccccc1,649.0
1096,CC(C)(C)c1ccc(C2=CC3=C(c4ccccc4)c4cc(-c5ccc(C(C)(C)C)cc5)c(-c5ccc(C(C)(C)C)cc5)n4[B-](F)(F)[N+]3=C2c2ccc(C(C)(C)C)cc2)cc1,ClCCl,649.0
10839,Cc1cccc(C2=CC3=C(c4c(C)cc(C)cc4C)c4cc(-c5cccc(C)c5)c(-c5cccc(C)c5)n4[B-](F)(F)[N+]3=C2c2cccc(C)c2)c1,C1CCCCC1,625.0
10840,Cc1cccc(C2=CC3=C(c4c(C)cc(C)cc4C)c4cc(-c5cccc(C)c5)c(-c5cccc(C)c5)n4[B-](F)(F)[N+]3=C2c2cccc(C)c2)c1,C1CCOC1,626.0
10841,Cc1cccc(C2=CC3=C(c4c(C)cc(C)cc4C)c4cc(-c5cccc(C)c5)c(-c5cccc(C)c5)n4[B-](F)(F)[N+]3=C2c2cccc(C)c2)c1,CC#N,620.0
10842,Cc1cccc(C2=CC3=C(c4c(C)cc(C)cc4C)c4cc(-c5cccc(C)c5)c(-c5cccc(C)c5)n4[B-](F)(F)[N+]3=C2c2cccc(C)c2)c1,Cc1ccccc1,628.0
10843,Cc1cccc(C2=CC3=C(c4c(C)cc(C)cc4C)c4cc(-c5cccc(C)c5)c(-c5cccc(C)c5)n4[B-](F)(F)[N+]3=C2c2cccc(C)c2)c1,ClCCl,627.0
9325,COc1cccc(C2=CC3=C(c4c(C)cc(C)cc4C)c4cc(-c5cccc(OC)c5)c(-c5cccc(OC)c5)n4[B-](F)(F)[N+]3=C2c2cccc(OC)c2)c1,C1CCCCC1,633.0
9326,COc1cccc(C2=CC3=C(c4c(C)cc(C)cc4C)c4cc(-c5cccc(OC)c5)c(-c5cccc(OC)c5)n4[B-](F)(F)[N+]3=C2c2cccc(OC)c2)c1,C1CCOC1,634.0
9327,COc1cccc(C2=CC3=C(c4c(C)cc(C)cc4C)c4cc(-c5cccc(OC)c5)c(-c5cccc(OC)c5)n4[B-](F)(F)[N+]3=C2c2cccc(OC)c2)c1,CC#N,629.0
9328,COc1cccc(C2=CC3=C(c4c(C)cc(C)cc4C)c4cc(-c5cccc(OC)c5)c(-c5cccc(OC)c5)n4[B-](F)(F)[N+]3=C2c2cccc(OC)c2)c1,Cc1ccccc1,636.0
9329,COc1cccc(C2=CC3=C(c4c(C)cc(C)cc4C)c4cc(-c5cccc(OC)c5)c(-c5cccc(OC)c5)n4[B-](F)(F)[N+]3=C2c2cccc(OC)c2)c1,ClCCl,632.0
9982,Cc1cc(C)c(C2=C3C=C(c4ccc(C(C)(C)C)cc4)C(c4ccc(C(C)(C)C)cc4)=[N+]3[B-](F)(F)n3c2cc(-c2ccc(C(C)(C)C)cc2)c3-c2ccc(C(C)(C)C)cc2)c(C)c1,C1CCCCC1,639.0
9983,Cc1cc(C)c(C2=C3C=C(c4ccc(C(C)(C)C)cc4)C(c4ccc(C(C)(C)C)cc4)=[N+]3[B-](F)(F)n3c2cc(-c2ccc(C(C)(C)C)cc2)c3-c2ccc(C(C)(C)C)cc2)c(C)c1,C1CCOC1,628.0
9984,Cc1cc(C)c(C2=C3C=C(c4ccc(C(C)(C)C)cc4)C(c4ccc(C(C)(C)C)cc4)=[N+]3[B-](F)(F)n3c2cc(-c2ccc(C(C)(C)C)cc2)c3-c2ccc(C(C)(C)C)cc2)c(C)c1,CC#N,643.0
9985,Cc1cc(C)c(C2=C3C=C(c4ccc(C(C)(C)C)cc4)C(c4ccc(C(C)(C)C)cc4)=[N+]3[B-](F)(F)n3c2cc(-c2ccc(C(C)(C)C)cc2)c3-c2ccc(C(C)(C)C)cc2)c(C)c1,Cc1ccccc1,645.0
9986,Cc1cc(C)c(C2=C3C=C(c4ccc(C(C)(C)C)cc4)C(c4ccc(C(C)(C)C)cc4)=[N+]3[B-](F)(F)n3c2cc(-c2ccc(C(C)(C)C)cc2)c3-c2ccc(C(C)(C)C)cc2)c(C)c1,ClCCl,644.0
8835,COc1ccc(C2=CC3=C(c4c(C)cc(C)cc4C)c4cc(-c5ccc(OC)cc5)c(-c5ccc(OC)cc5)n4[B-](F)(F)[N+]3=C2c2ccc(OC)cc2)cc1,C1CCCCC1,666.0
8836,COc1ccc(C2=CC3=C(c4c(C)cc(C)cc4C)c4cc(-c5ccc(OC)cc5)c(-c5ccc(OC)cc5)n4[B-](F)(F)[N+]3=C2c2ccc(OC)cc2)cc1,C1CCOC1,674.0
8837,COc1ccc(C2=CC3=C(c4c(C)cc(C)cc4C)c4cc(-c5ccc(OC)cc5)c(-c5ccc(OC)cc5)n4[B-](F)(F)[N+]3=C2c2ccc(OC)cc2)cc1,CC#N,673.0
8838,COc1ccc(C2=CC3=C(c4c(C)cc(C)cc4C)c4cc(-c5ccc(OC)cc5)c(-c5ccc(OC)cc5)n4[B-](F)(F)[N+]3=C2c2ccc(OC)cc2)cc1,Cc1ccccc1,677.0
8839,COc1ccc(C2=CC3=C(c4c(C)cc(C)cc4C)c4cc(-c5ccc(OC)cc5)c(-c5ccc(OC)cc5)n4[B-](F)(F)[N+]3=C2c2ccc(OC)cc2)cc1,ClCCl,672.0
9987,Cc1cc(C)c(C2=C3C=C(c4ccccc4)C(c4ccccc4)=[N+]3[B-](F)(F)n3c2cc(-c2ccccc2)c3-c2ccccc2)c(C)c1,C1CCCCC1,624.0
9988,Cc1cc(C)c(C2=C3C=C(c4ccccc4)C(c4ccccc4)=[N+]3[B-](F)(F)n3c2cc(-c2ccccc2)c3-c2ccccc2)c(C)c1,C1CCOC1,627.0
9989,Cc1cc(C)c(C2=C3C=C(c4ccccc4)C(c4ccccc4)=[N+]3[B-](F)(F)n3c2cc(-c2ccccc2)c3-c2ccccc2)c(C)c1,CC#N,623.0
7820,COc1cc(C2=CC3=C(c4c(C)cc(C)cc4C)c4cc(-c5cc(OC)c(OC)c(OC)c5)c(-c5cc(OC)c(OC)c(OC)c5)n4[B-](F)(F)[N+]3=C2c2cc(OC)c(OC)c(OC)c2)cc(OC)c1OC,C1CCCCC1,670.0
7821,COc1cc(C2=CC3=C(c4c(C)cc(C)cc4C)c4cc(-c5cc(OC)c(OC)c(OC)c5)c(-c5cc(OC)c(OC)c(OC)c5)n4[B-](F)(F)[N+]3=C2c2cc(OC)c(OC)c(OC)c2)cc(OC)c1OC,C1CCOC1,662.0
651,CC(=O)Nc1ccccc1C(=O)OC1CC(C)CCC1C(C)C,C1CCCCC1,363.0
652,CC(=O)Nc1ccccc1C(=O)OC1CC(C)CCC1C(C)C,CC#N,369.0
653,CC(=O)Nc1ccccc1C(=O)OC1CC(C)CCC1C(C)C,CCO,370.0
654,CC(=O)Nc1ccccc1C(=O)OC1CC(C)CCC1C(C)C,Cc1ccccc1,368.0
475,C1=C(c2ccccc2)C=C(c2ccccc2)/C1=C/c1ccc2ccc3cccc4ccc1c2c34,C1CCOC1,480.0
7774,COc1cc(/C=C/c2nc3ccccc3s2)c(OC)cc1/C=C/c1nc(C)nc(/C=C/c2cc(OC)c(/C=C/c3nc4ccccc4s3)cc2OC)n1,C1CCOC1,490.0
7775,COc1cc(/C=C/c2nc3ccccc3s2)c(OC)cc1/C=C/c1nc(C)nc(/C=C/c2cc(OC)c(/C=C/c3nc4ccccc4s3)cc2OC)n1,CC#N,505.0
7776,COc1cc(/C=C/c2nc3ccccc3s2)c(OC)cc1/C=C/c1nc(C)nc(/C=C/c2cc(OC)c(/C=C/c3nc4ccccc4s3)cc2OC)n1,ClC(Cl)Cl,500.0
7777,COc1cc(/C=C/c2nc3ccccc3s2)c(OC)cc1/C=C/c1nc(C)nc(/C=C/c2cc(OC)c(/C=C/c3nc4ccccc4s3)cc2OC)n1,ClCCl,502.0
507,C1=Cc2ccc(N(c3ccccc3)c3ccccc3)cc2Cc2cc(N(c3ccccc3)c3ccccc3)ccc21,ClCCl,440.0
1563,CC1(C)C(=O)C=Cc2ccc(N3CCC3)cc21,O,555.0
10209,Cc1cc2nc3cc(C)c(N)cc3[n+](-c3ccccc3)c2cc1N,CC(C)O,562.0
10210,Cc1cc2nc3cc(C)c(N)cc3[n+](-c3ccccc3)c2cc1N,CCO,564.0
10211,Cc1cc2nc3cc(C)c(N)cc3[n+](-c3ccccc3)c2cc1N,CO,563.8
10212,Cc1cc2nc3cc(C)c(N)cc3[n+](-c3ccccc3)c2cc1N,O,588.3
3810,CCCCn1c2ccc(-c3ccc(C(F)(F)F)cc3)cc2c2ccc3c4cc(-c5ccc(C(F)(F)F)cc5)ccc4n(CCCC)c3c21,ClC(Cl)Cl,412.0
3811,CCCCn1c2ccc(-c3ccc(OC)cc3)cc2c2ccc3c4cc(-c5ccc(OC)cc5)ccc4n(CCCC)c3c21,ClC(Cl)Cl,415.0
3814,CCCCn1c2ccc(-c3cccc(F)c3)cc2c2ccc3c4cc(-c5cccc(F)c5)ccc4n(CCCC)c3c21,ClC(Cl)Cl,411.0
3815,CCCCn1c2ccc(-c3ccccc3)cc2c2ccc3c4cc(-c5ccccc5)ccc4n(CCCC)c3c21,ClC(Cl)Cl,414.0
3865,CCCN1/C(=C/C=C(/C=C/C2=[N+](CCC)c3ccccc3C2(C)C)c2ccc3ccccc3n2)C(C)(C)c2ccccc21,O,653.0
3863,CCCN1/C(=C/C=C(/C=C/C2=[N+](CCC)c3ccccc3C2(C)C)c2ccc3ccccc3n2)C(C)(C)c2ccccc21,CO,652.0
3864,CCCN1/C(=C/C=C(/C=C/C2=[N+](CCC)c3ccccc3C2(C)C)c2ccc3ccccc3n2)C(C)(C)c2ccccc21,CS(C)=O,664.0
8601,COc1ccc(/C=C/c2nc3ccccc3s2)cc1,C1CCCCC1,400.0
8602,COc1ccc(/C=C/c2nc3ccccc3s2)cc1,CO,420.0
11679,N#C/C(=C\c1ccc(Cl)cc1)c1nc2ccccc2s1,C1CCCCC1,390.0
11680,N#C/C(=C\c1ccc(Cl)cc1)c1nc2ccccc2s1,CO,430.0
11682,N#C/C(=C\c1ccc([N+](=O)[O-])cc1)c1nc2ccccc2s1,C1CCCCC1,450.0
10399,Cc1ccc(/C=C/c2nc3ccccc3s2)cc1,C1CCCCC1,390.0
10400,Cc1ccc(/C=C/c2nc3ccccc3s2)cc1,CO,405.0
11683,N#C/C(=C\c1ccc([N+](=O)[O-])cc1)c1nc2ccccc2s1,CO,520.0
11684,N#C/C(=C\c1ccccc1)c1nc2ccccc2s1,C1CCCCC1,430.0
417,C/C(=C\c1ccc(C)cc1)c1nc2ccccc2s1,C1CCCCC1,390.0
418,C/C(=C\c1ccc(C)cc1)c1nc2ccccc2s1,CO,400.0
421,C/C(=C\c1ccc(Cl)cc1)c1nc2ccccc2s1,C1CCCCC1,390.0
422,C/C(=C\c1ccc(Cl)cc1)c1nc2ccccc2s1,CO,400.0
11085,Clc1ccc(/C=C/c2nc3ccccc3s2)cc1,C1CCCCC1,395.0
11086,Clc1ccc(/C=C/c2nc3ccccc3s2)cc1,CO,400.0
1476,CC(C)c1ccc(/C=C/c2nc3ccc(N(C)C)cc3s2)cc1,C1CCCCC1,454.0
1477,CC(C)c1ccc(/C=C/c2nc3ccc(N(C)C)cc3s2)cc1,CC#N,517.0
6109,CN(C)c1ccc(/C=C/c2nc3ccccc3s2)cc1,C1CCCCC1,447.0
6110,CN(C)c1ccc(/C=C/c2nc3ccccc3s2)cc1,C1CCOC1,482.0
6111,CN(C)c1ccc(/C=C/c2nc3ccccc3s2)cc1,C1COCCO1,467.0
5728,CN(C)c1ccc(/C=C(\C#N)c2nc3ccccc3s2)cc1,C1CCCCC1,500.0
5729,CN(C)c1ccc(/C=C(\C#N)c2nc3ccccc3s2)cc1,CO,520.0
6112,CN(C)c1ccc(/C=C/c2nc3ccccc3s2)cc1,CC#N,504.0
6113,CN(C)c1ccc(/C=C/c2nc3ccccc3s2)cc1,CC(C)O,493.0
6114,CN(C)c1ccc(/C=C/c2nc3ccccc3s2)cc1,CCCCCC,445.0
6117,CN(C)c1ccc(/C=C/c2nc3ccccc3s2)cc1,CCOC(C)=O,477.0
6116,CN(C)c1ccc(/C=C/c2nc3ccccc3s2)cc1,CCO,498.0
6115,CN(C)c1ccc(/C=C/c2nc3ccccc3s2)cc1,CCCCCCC,446.0
6118,CN(C)c1ccc(/C=C/c2nc3ccccc3s2)cc1,CCOCC,460.0
6119,CN(C)c1ccc(/C=C/c2nc3ccccc3s2)cc1,CN(C)C=O,504.0
6120,CN(C)c1ccc(/C=C/c2nc3ccccc3s2)cc1,CO,507.0
6121,CN(C)c1ccc(/C=C/c2nc3ccccc3s2)cc1,CS(C)=O,513.0
6122,CN(C)c1ccc(/C=C/c2nc3ccccc3s2)cc1,O,516.0
6123,CN(C)c1ccc(/C=C/c2nc3ccccc3s2)cc1,OCC(O)CO,530.0
8430,COc1ccc(/C=C(\C)c2nc3ccccc3s2)cc1,C1CCCCC1,400.0
8431,COc1ccc(/C=C(\C)c2nc3ccccc3s2)cc1,CO,420.0
362,C(=C/c1nc2ccccc2s1)\c1ccccc1,C1CCCCC1,390.0
363,C(=C/c1nc2ccccc2s1)\c1ccccc1,CO,400.0
4036,CCN(CC)c1ccc(/C=C/C(=O)c2c(O)cc(C)oc2=O)cc1,CC#N,562.0
4037,CCN(CC)c1ccc(/C=C/C(=O)c2c(O)cc(C)oc2=O)cc1,CCCO,562.0
4038,CCN(CC)c1ccc(/C=C/C(=O)c2c(O)cc(C)oc2=O)cc1,CCO,570.0
4039,CCN(CC)c1ccc(/C=C/C(=O)c2c(O)cc(C)oc2=O)cc1,CCOC(C)=O,545.0
4040,CCN(CC)c1ccc(/C=C/C(=O)c2c(O)cc(C)oc2=O)cc1,Cc1ccccc1,534.0
4041,CCN(CC)c1ccc(/C=C/C(=O)c2c(O)cc(C)oc2=O)cc1,ClCCl,575.0
9311,COc1cccc(/C=C/C(=O)c2c(O)cc(C)oc2=O)c1,CC#N,500.0
9312,COc1cccc(/C=C/C(=O)c2c(O)cc(C)oc2=O)c1,ClCCl,490.0
8434,COc1ccc(/C=C/C(=O)c2c(O)cc(C)oc2=O)cc1,CC#N,488.0
8435,COc1ccc(/C=C/C(=O)c2c(O)cc(C)oc2=O)cc1,ClCCl,487.0
10102,Cc1cc(O)c(C(=O)/C=C/c2ccc(Cl)cc2)c(=O)o1,CC#N,497.0
10103,Cc1cc(O)c(C(=O)/C=C/c2ccc(Cl)cc2)c(=O)o1,ClCCl,478.0
10104,Cc1cc(O)c(C(=O)/C=C/c2ccc(Cl)cc2Cl)c(=O)o1,CC#N,473.0
10105,Cc1cc(O)c(C(=O)/C=C/c2ccc(Cl)cc2Cl)c(=O)o1,ClCCl,472.0
10106,Cc1cc(O)c(C(=O)/C=C/c2ccc(N(C)C)cc2)c(=O)o1,CC#N,561.0
10107,Cc1cc(O)c(C(=O)/C=C/c2ccc(N(C)C)cc2)c(=O)o1,ClCCl,573.0
10108,Cc1cc(O)c(C(=O)/C=C/c2ccc(O)c(O)c2)c(=O)o1,CC#N,518.0
10109,Cc1cc(O)c(C(=O)/C=C/c2ccc(O)c(O)c2)c(=O)o1,ClCCl,493.0
10110,Cc1cc(O)c(C(=O)/C=C/c2ccc([N+](=O)[O-])cc2)c(=O)o1,CC#N,490.0
10111,Cc1cc(O)c(C(=O)/C=C/c2ccc([N+](=O)[O-])cc2)c(=O)o1,ClCCl,480.0
10112,Cc1cc(O)c(C(=O)/C=C/c2cccc(O)c2)c(=O)o1,CC#N,523.0
10113,Cc1cc(O)c(C(=O)/C=C/c2cccc(O)c2)c(=O)o1,ClCCl,491.0
10114,Cc1cc(O)c(C(=O)/C=C/c2ccccc2)c(=O)o1,CC#N,483.0
10115,Cc1cc(O)c(C(=O)/C=C/c2ccccc2)c(=O)o1,ClCCl,466.0
10116,Cc1cc(O)c(C(=O)/C=C/c2ccccc2Cl)c(=O)o1,CC#N,481.0
10117,Cc1cc(O)c(C(=O)/C=C/c2ccccc2Cl)c(=O)o1,ClCCl,469.0
10118,Cc1cc(O)c(C(=O)/C=C/c2ccccc2O)c(=O)o1,CC#N,510.0
10119,Cc1cc(O)c(C(=O)/C=C/c2ccccc2O)c(=O)o1,ClCCl,477.0
10120,Cc1cc(O)c(C(=O)/C=C/c2ccccc2[N+](=O)[O-])c(=O)o1,CC#N,480.0
10121,Cc1cc(O)c(C(=O)/C=C/c2ccccc2[N+](=O)[O-])c(=O)o1,ClCCl,471.0
2693,CCC1=C(C)C2=Cc3cc4c(cc3B(O)N2C1=O)OCO4,CO,484.0
2694,CCC1=C(C)C2=Cc3cc4c(cc3B(O)N2C1=O)OCO4,CS(C)=O,498.0
2695,CCC1=C(C)C2=Cc3cc4c(cc3B(O)N2C1=O)OCO4,ClC(Cl)Cl,474.0
2692,CCC1=C(C)C2=Cc3cc4c(cc3B(O)N2C1=O)OCO4,CC#N,488.0
1036,CC(C)(C)c1ccc(-c2nc3c4ccccc4c4ccccc4c3n2-c2ccc(C(C)(C)C)cc2)cc1,C1CCOC1,390.0
1037,CC(C)(C)c1ccc(-c2nc3c4ccccc4c4ccccc4c3n2-c2ccc(C(C)(C)C)cc2)cc1,C1COCCO1,389.0
1038,CC(C)(C)c1ccc(-c2nc3c4ccccc4c4ccccc4c3n2-c2ccc(C(C)(C)C)cc2)cc1,CC#N,389.0
1039,CC(C)(C)c1ccc(-c2nc3c4ccccc4c4ccccc4c3n2-c2ccc(C(C)(C)C)cc2)cc1,CCCCCC,385.0
1040,CC(C)(C)c1ccc(-c2nc3c4ccccc4c4ccccc4c3n2-c2ccc(C(C)(C)C)cc2)cc1,CCCCOCCCC,389.0
1041,CC(C)(C)c1ccc(-c2nc3c4ccccc4c4ccccc4c3n2-c2ccc(C(C)(C)C)cc2)cc1,CCN(CC)CC,388.0
1042,CC(C)(C)c1ccc(-c2nc3c4ccccc4c4ccccc4c3n2-c2ccc(C(C)(C)C)cc2)cc1,CCOC(C)=O,390.0
1043,CC(C)(C)c1ccc(-c2nc3c4ccccc4c4ccccc4c3n2-c2ccc(C(C)(C)C)cc2)cc1,CCOCC,388.0
1044,CC(C)(C)c1ccc(-c2nc3c4ccccc4c4ccccc4c3n2-c2ccc(C(C)(C)C)cc2)cc1,CN(C)C=O,391.0
1045,CC(C)(C)c1ccc(-c2nc3c4ccccc4c4ccccc4c3n2-c2ccc(C(C)(C)C)cc2)cc1,Cc1ccccc1,390.0
1046,CC(C)(C)c1ccc(-c2nc3c4ccccc4c4ccccc4c3n2-c2ccc(C(C)(C)C)cc2)cc1,ClC=C(Cl)Cl,392.0
1047,CC(C)(C)c1ccc(-c2nc3c4ccccc4c4ccccc4c3n2-c2ccc(C(C)(C)C)cc2)cc1,ClCCl,392.0
10342,Cc1ccc(-n2c(-c3ccccc3N)nc3c4ccccc4c4ccccc4c32)cc1,Cc1ccccc1,396.0
14795,c1ccc(-c2nc3c4ccccc4c4ccccc4c3n2-c2ccccc2)cc1,C1CCOC1,387.0
14289,Oc1ccccc1-c1nc2c3ccccc3c3ccccc3c2n1-c1ccccc1,Cc1ccccc1,369.0
9389,COc1ccccc1-c1nc2c3ccccc3c3ccccc3c2n1-c1ccc(C)cc1,Cc1ccccc1,371.0
13369,O=C1c2ccccc2NCN1Cc1ccccc1,CC#N,416.0
13370,O=C1c2ccccc2NCN1Cc1ccccc1,CCCCCCCCCCCCCCCC,381.0
13371,O=C1c2ccccc2NCN1Cc1ccccc1,CO,443.0
13372,O=C1c2ccccc2NCN1Cc1ccccc1,ClC(Cl)Cl,398.0
809,CC(C)(C)C1Nc2c(Br)cc(Br)cc2C(=O)N1Cc1ccccc1,CC#N,422.0
810,CC(C)(C)C1Nc2c(Br)cc(Br)cc2C(=O)N1Cc1ccccc1,CCCCCCCCCCCCCCCC,399.0
811,CC(C)(C)C1Nc2c(Br)cc(Br)cc2C(=O)N1Cc1ccccc1,CO,447.0
812,CC(C)(C)C1Nc2c(Br)cc(Br)cc2C(=O)N1Cc1ccccc1,ClC(Cl)Cl,415.0
813,CC(C)(C)C1Nc2c(Cl)cc(Cl)cc2C(=O)N1Cc1ccccc1,CC#N,420.0
814,CC(C)(C)C1Nc2c(Cl)cc(Cl)cc2C(=O)N1Cc1ccccc1,CCCCCCCCCCCCCCCC,402.0
815,CC(C)(C)C1Nc2c(Cl)cc(Cl)cc2C(=O)N1Cc1ccccc1,CO,448.0
816,CC(C)(C)C1Nc2c(Cl)cc(Cl)cc2C(=O)N1Cc1ccccc1,ClC(Cl)Cl,415.0
817,CC(C)(C)C1Nc2c(Cl)cc(Cl)cc2C(=O)N1Cc1ccccc1,c1ccccc1,407.0
818,CC(C)(C)C1Nc2ccccc2C(=O)N1Cc1ccccc1,CC#N,409.0
819,CC(C)(C)C1Nc2ccccc2C(=O)N1Cc1ccccc1,CCCCCCCCCCCCCCCC,381.0
820,CC(C)(C)C1Nc2ccccc2C(=O)N1Cc1ccccc1,CO,439.0
821,CC(C)(C)C1Nc2ccccc2C(=O)N1Cc1ccccc1,ClC(Cl)Cl,404.0
822,CC(C)(C)C1Nc2ccccc2C(=O)N1Cc1ccccc1,c1ccccc1,393.0
13373,O=C1c2ccccc2NCN1Cc1ccccc1,c1ccccc1,395.0
9644,C[Si]1(C)c2ccccc2-c2sc3cc4c5c(sc4cc3c21)-c1ccccc1[Si]5(C)C,C1CCOC1,408.0
14880,c1ccc(-n2c(-c3ccc(-n4c5ccccc5c5ccccc54)cc3)nc3nccnc32)cc1,CC#N,490.0
266,C(=C/c1cccc2ccccc12)\c1ccc(Oc2ccc3ccccc3c2-c2c(Oc3ccc(/C=C/c4cccc5ccccc45)cc3)ccc3ccccc23)cc1,ClCCl,409.0
9802,Cc1cc(-c2nc(-c3ccccc3)nc(-c3ccccc3)n2)ccc1N1c2ccccc2CCc2ccccc21,Cc1ccccc1,481.7460317
14765,c1ccc(-c2nc(-c3ccccc3)nc(-c3ccc(N4c5ccccc5CCc5ccccc54)cc3)n2)cc1,Cc1ccccc1,422.2222222
9798,Cc1cc(-c2nc(-c3ccccc3)nc(-c3ccccc3)n2)cc(C)c1N1c2ccccc2CCc2ccccc21,Cc1ccccc1,475.7936508
8991,COc1ccc2c(-c3nc(-c4cccc(Br)c4)no3)cc(=O)oc2c1,CCO,466.0
8992,COc1ccc2c(-c3nc(-c4cccc(Br)c4)no3)cc(=O)oc2c1,ClC(Cl)Cl,449.0
8993,COc1ccc2c(-c3nc(-c4cccc(C)c4)no3)cc(=O)oc2c1,CCO,464.0
8994,COc1ccc2c(-c3nc(-c4cccc(C)c4)no3)cc(=O)oc2c1,ClC(Cl)Cl,450.0
8995,COc1ccc2c(-c3nc(-c4ccccc4)no3)cc(=O)oc2c1,CCO,464.0
8996,COc1ccc2c(-c3nc(-c4ccccc4)no3)cc(=O)oc2c1,ClC(Cl)Cl,450.0
8997,COc1ccc2c(-c3nc(-c4ccccc4Cl)no3)cc(=O)oc2c1,CCO,464.0
8998,COc1ccc2c(-c3nc(-c4ccccc4Cl)no3)cc(=O)oc2c1,ClC(Cl)Cl,450.0
8999,COc1ccc2c(-c3nc(-c4ccccc4F)no3)cc(=O)oc2c1,CCO,464.0
5023,CCOc1ccc2c(-c3nc(-c4cccc(Br)c4)no3)cc(=O)oc2c1,CCO,458.0
5024,CCOc1ccc2c(-c3nc(-c4cccc(Br)c4)no3)cc(=O)oc2c1,ClC(Cl)Cl,452.0
5025,CCOc1ccc2c(-c3nc(-c4cccc(C)c4)no3)cc(=O)oc2c1,CCO,465.0
5026,CCOc1ccc2c(-c3nc(-c4cccc(C)c4)no3)cc(=O)oc2c1,ClC(Cl)Cl,456.0
5027,CCOc1ccc2c(-c3nc(-c4ccccc4)no3)cc(=O)oc2c1,CCO,468.0
5028,CCOc1ccc2c(-c3nc(-c4ccccc4)no3)cc(=O)oc2c1,ClC(Cl)Cl,454.0
5029,CCOc1ccc2c(-c3nc(-c4ccccc4Cl)no3)cc(=O)oc2c1,CCO,432.0
5030,CCOc1ccc2c(-c3nc(-c4ccccc4Cl)no3)cc(=O)oc2c1,ClC(Cl)Cl,446.0
5031,CCOc1ccc2c(-c3nc(-c4ccccc4F)no3)cc(=O)oc2c1,CCO,465.0
5032,CCOc1ccc2c(-c3nc(-c4ccccc4F)no3)cc(=O)oc2c1,ClC(Cl)Cl,453.0
9000,COc1ccc2c(-c3nc(-c4ccccc4F)no3)cc(=O)oc2c1,ClC(Cl)Cl,453.0
6300,CN(C)c1ccc(C#Cc2ncnc3ccccc23)cc1,C1CCCCC1,444.0
6301,CN(C)c1ccc(C#Cc2ncnc3ccccc23)cc1,C1CCOC1,540.0
6302,CN(C)c1ccc(C#Cc2ncnc3ccccc23)cc1,CC#N,573.0
6303,CN(C)c1ccc(C#Cc2ncnc3ccccc23)cc1,CS(C)=O,583.0
6304,CN(C)c1ccc(C#Cc2ncnc3ccccc23)cc1,ClCCl,560.0
8719,COc1ccc(C(=O)/C=C2\C(=O)Nc3ccccc32)c(OC)c1,CC#N,412.0
8720,COc1ccc(C(=O)/C=C2\C(=O)Nc3ccccc32)c(OC)c1,CC(C)(C)O,416.0
8721,COc1ccc(C(=O)/C=C2\C(=O)Nc3ccccc32)c(OC)c1,CC(C)O,411.0
8722,COc1ccc(C(=O)/C=C2\C(=O)Nc3ccccc32)c(OC)c1,CCCCCC,385.0
8723,COc1ccc(C(=O)/C=C2\C(=O)Nc3ccccc32)c(OC)c1,CCCCO,411.0
8724,COc1ccc(C(=O)/C=C2\C(=O)Nc3ccccc32)c(OC)c1,CCOC(C)=O,425.0
8725,COc1ccc(C(=O)/C=C2\C(=O)Nc3ccccc32)c(OC)c1,CN(C)C=O,422.0
8726,COc1ccc(C(=O)/C=C2\C(=O)Nc3ccccc32)c(OC)c1,CO,420.0
8727,COc1ccc(C(=O)/C=C2\C(=O)Nc3ccccc32)c(OC)c1,ClCCl,403.0
8728,COc1ccc(C(=O)/C=C2\C(=O)Nc3ccccc32)c(OC)c1,O,411.0
8729,COc1ccc(C(=O)/C=C2\C(=O)Nc3ccccc32)cc1,C1COCCO1,373.0
8730,COc1ccc(C(=O)/C=C2\C(=O)Nc3ccccc32)cc1,CC#N,372.0
8731,COc1ccc(C(=O)/C=C2\C(=O)Nc3ccccc32)cc1,CC(C)(C)O,381.0
8732,COc1ccc(C(=O)/C=C2\C(=O)Nc3ccccc32)cc1,CC(C)O,378.0
8733,COc1ccc(C(=O)/C=C2\C(=O)Nc3ccccc32)cc1,CCCCO,378.0
8734,COc1ccc(C(=O)/C=C2\C(=O)Nc3ccccc32)cc1,CCOC(C)=O,375.0
8735,COc1ccc(C(=O)/C=C2\C(=O)Nc3ccccc32)cc1,CN(C)C=O,375.0
8736,COc1ccc(C(=O)/C=C2\C(=O)Nc3ccccc32)cc1,CO,380.0
8737,COc1ccc(C(=O)/C=C2\C(=O)Nc3ccccc32)cc1,ClCCl,411.0
8738,COc1ccc(C(=O)/C=C2\C(=O)Nc3ccccc32)cc1,O,407.0
10439,Cc1ccc(C(=O)/C=C2\C(=O)Nc3ccccc32)cc1,C1CCCCC1,377.0
10440,Cc1ccc(C(=O)/C=C2\C(=O)Nc3ccccc32)cc1,C1COCCO1,392.0
10441,Cc1ccc(C(=O)/C=C2\C(=O)Nc3ccccc32)cc1,CC#N,409.0
10442,Cc1ccc(C(=O)/C=C2\C(=O)Nc3ccccc32)cc1,CC(C)(C)O,412.0
10443,Cc1ccc(C(=O)/C=C2\C(=O)Nc3ccccc32)cc1,CC(C)O,411.0
10444,Cc1ccc(C(=O)/C=C2\C(=O)Nc3ccccc32)cc1,CCCCCC,376.0
10445,Cc1ccc(C(=O)/C=C2\C(=O)Nc3ccccc32)cc1,CCCCO,412.0
10446,Cc1ccc(C(=O)/C=C2\C(=O)Nc3ccccc32)cc1,CCOC(C)=O,398.0
10447,Cc1ccc(C(=O)/C=C2\C(=O)Nc3ccccc32)cc1,CN(C)C=O,408.0
10448,Cc1ccc(C(=O)/C=C2\C(=O)Nc3ccccc32)cc1,CO,411.0
10449,Cc1ccc(C(=O)/C=C2\C(=O)Nc3ccccc32)cc1,ClCCl,399.0
10450,Cc1ccc(C(=O)/C=C2\C(=O)Nc3ccccc32)cc1,O,412.0
10451,Cc1ccc(C(=O)/C=C2\C(=O)Nc3ccccc32)cc1C,C1CCCCC1,387.0
10452,Cc1ccc(C(=O)/C=C2\C(=O)Nc3ccccc32)cc1C,C1COCCO1,397.0
10453,Cc1ccc(C(=O)/C=C2\C(=O)Nc3ccccc32)cc1C,CC#N,413.0
10454,Cc1ccc(C(=O)/C=C2\C(=O)Nc3ccccc32)cc1C,CC(C)(C)O,400.0
10455,Cc1ccc(C(=O)/C=C2\C(=O)Nc3ccccc32)cc1C,CC(C)O,403.0
10456,Cc1ccc(C(=O)/C=C2\C(=O)Nc3ccccc32)cc1C,CCCCCC,387.0
10457,Cc1ccc(C(=O)/C=C2\C(=O)Nc3ccccc32)cc1C,CCCCO,401.0
10458,Cc1ccc(C(=O)/C=C2\C(=O)Nc3ccccc32)cc1C,CCOC(C)=O,395.0
10459,Cc1ccc(C(=O)/C=C2\C(=O)Nc3ccccc32)cc1C,CN(C)C=O,417.0
10460,Cc1ccc(C(=O)/C=C2\C(=O)Nc3ccccc32)cc1C,CO,399.0
10461,Cc1ccc(C(=O)/C=C2\C(=O)Nc3ccccc32)cc1C,ClCCl,418.0
10462,Cc1ccc(C(=O)/C=C2\C(=O)Nc3ccccc32)cc1C,O,409.0
13098,O=C1Nc2ccccc2/C1=C/C(=O)c1ccc(Cl)cc1,C1CCCCC1,382.0
13099,O=C1Nc2ccccc2/C1=C/C(=O)c1ccc(Cl)cc1,C1COCCO1,394.0
13100,O=C1Nc2ccccc2/C1=C/C(=O)c1ccc(Cl)cc1,CC#N,398.0
13101,O=C1Nc2ccccc2/C1=C/C(=O)c1ccc(Cl)cc1,CC(C)(C)O,405.0
13102,O=C1Nc2ccccc2/C1=C/C(=O)c1ccc(Cl)cc1,CC(C)O,404.0
13103,O=C1Nc2ccccc2/C1=C/C(=O)c1ccc(Cl)cc1,CCCCCC,382.0
13104,O=C1Nc2ccccc2/C1=C/C(=O)c1ccc(Cl)cc1,CCCCO,405.0
13105,O=C1Nc2ccccc2/C1=C/C(=O)c1ccc(Cl)cc1,CCOC(C)=O,395.0
13106,O=C1Nc2ccccc2/C1=C/C(=O)c1ccc(Cl)cc1,CN(C)C=O,398.0
13107,O=C1Nc2ccccc2/C1=C/C(=O)c1ccc(Cl)cc1,CO,406.0
13108,O=C1Nc2ccccc2/C1=C/C(=O)c1ccc(Cl)cc1,ClCCl,394.0
13109,O=C1Nc2ccccc2/C1=C/C(=O)c1ccc(Cl)cc1,O,410.0
13110,O=C1Nc2ccccc2/C1=C/C(=O)c1ccc(Cl)cc1Cl,C1CCCCC1,387.0
13111,O=C1Nc2ccccc2/C1=C/C(=O)c1ccc(Cl)cc1Cl,C1COCCO1,399.0
13112,O=C1Nc2ccccc2/C1=C/C(=O)c1ccc(Cl)cc1Cl,CC#N,407.0
13113,O=C1Nc2ccccc2/C1=C/C(=O)c1ccc(Cl)cc1Cl,CC(C)(C)O,414.0
13114,O=C1Nc2ccccc2/C1=C/C(=O)c1ccc(Cl)cc1Cl,CC(C)O,415.0
13115,O=C1Nc2ccccc2/C1=C/C(=O)c1ccc(Cl)cc1Cl,CCCCCC,384.0
13116,O=C1Nc2ccccc2/C1=C/C(=O)c1ccc(Cl)cc1Cl,CCCCO,415.0
13117,O=C1Nc2ccccc2/C1=C/C(=O)c1ccc(Cl)cc1Cl,CCOC(C)=O,403.0
13118,O=C1Nc2ccccc2/C1=C/C(=O)c1ccc(Cl)cc1Cl,CN(C)C=O,411.0
13119,O=C1Nc2ccccc2/C1=C/C(=O)c1ccc(Cl)cc1Cl,CO,415.0
13120,O=C1Nc2ccccc2/C1=C/C(=O)c1ccc(Cl)cc1Cl,ClCCl,398.0
13121,O=C1Nc2ccccc2/C1=C/C(=O)c1ccc(Cl)cc1Cl,O,427.0
13122,O=C1Nc2ccccc2/C1=C/C(=O)c1ccc(O)cc1,C1CCCCC1,384.0
13123,O=C1Nc2ccccc2/C1=C/C(=O)c1ccc(O)cc1,C1COCCO1,399.0
13124,O=C1Nc2ccccc2/C1=C/C(=O)c1ccc(O)cc1,CC#N,401.0
13125,O=C1Nc2ccccc2/C1=C/C(=O)c1ccc(O)cc1,CC(C)(C)O,406.0
13126,O=C1Nc2ccccc2/C1=C/C(=O)c1ccc(O)cc1,CC(C)O,407.0
13127,O=C1Nc2ccccc2/C1=C/C(=O)c1ccc(O)cc1,CCCCCC,382.0
13128,O=C1Nc2ccccc2/C1=C/C(=O)c1ccc(O)cc1,CCCCO,407.0
13129,O=C1Nc2ccccc2/C1=C/C(=O)c1ccc(O)cc1,CCOC(C)=O,398.0
13130,O=C1Nc2ccccc2/C1=C/C(=O)c1ccc(O)cc1,CN(C)C=O,401.0
13131,O=C1Nc2ccccc2/C1=C/C(=O)c1ccc(O)cc1,CO,408.0
13132,O=C1Nc2ccccc2/C1=C/C(=O)c1ccc(O)cc1,ClCCl,400.0
13133,O=C1Nc2ccccc2/C1=C/C(=O)c1ccc(O)cc1,O,424.0
13134,O=C1Nc2ccccc2/C1=C/C(=O)c1ccccc1,C1CCCCC1,374.0
13135,O=C1Nc2ccccc2/C1=C/C(=O)c1ccccc1,C1COCCO1,396.0
13136,O=C1Nc2ccccc2/C1=C/C(=O)c1ccccc1,CC#N,398.0
13137,O=C1Nc2ccccc2/C1=C/C(=O)c1ccccc1,CC(C)(C)O,407.0
13138,O=C1Nc2ccccc2/C1=C/C(=O)c1ccccc1,CC(C)O,412.0
13139,O=C1Nc2ccccc2/C1=C/C(=O)c1ccccc1,CCCCCC,374.0
13140,O=C1Nc2ccccc2/C1=C/C(=O)c1ccccc1,CCCCO,411.0
13141,O=C1Nc2ccccc2/C1=C/C(=O)c1ccccc1,CCOC(C)=O,394.0
13142,O=C1Nc2ccccc2/C1=C/C(=O)c1ccccc1,CN(C)C=O,404.0
13143,O=C1Nc2ccccc2/C1=C/C(=O)c1ccccc1,CO,412.0
13144,O=C1Nc2ccccc2/C1=C/C(=O)c1ccccc1,ClCCl,398.0
13145,O=C1Nc2ccccc2/C1=C/C(=O)c1ccccc1,O,424.0
8717,COc1ccc(C(=O)/C=C2\C(=O)Nc3ccccc32)c(OC)c1,C1CCCCC1,379.0
8718,COc1ccc(C(=O)/C=C2\C(=O)Nc3ccccc32)c(OC)c1,C1COCCO1,424.0
14590,c1ccc(-c2cc(-c3ccccc3)[o+]c(-c3ccccc3)c2)cc1,CC#N,465.0
14591,c1ccc(-c2cc(-c3ccccc3)[o+]c(-c3ccccc3)c2)cc1,ClCCCl,463.0
15081,c1ccc(Nc2ncnc3ccc(-c4ccccc4)cc23)cc1,ClC(Cl)Cl,502.0
13776,O=[N+]([O-])c1ccc(-c2ccc3ncnc(Nc4ccccc4)c3c2)cc1,ClC(Cl)Cl,446.0
12119,N#Cc1ccc(-c2ccc3ncnc(Nc4ccccc4)c3c2)cc1,ClC(Cl)Cl,508.0
5665,CN(C)c1ccc(-c2ccc3ncnc(Nc4ccccc4)c3c2)cc1,ClC(Cl)Cl,485.0
3190,CCCCCCCCCCOc1cc(OCCCCCCCCCC)cc(C2=C3C(/C=C/c4ccc(N(C)C)cc4)=C(C#Cc4ccc(C(C)(C)C)cc4)C(/C=C/c4ccc(N(C)C)cc4)=[N+]3[B-](F)(F)n3c(/C=C/c4ccc(N(C)C)cc4)c(C#Cc4ccc(C(C)(C)C)cc4)c(/C=C/c4ccc(N(C)C)cc4)c32)c1,ClC(Cl)Cl,835.0
3191,CCCCCCCCCCOc1cc(OCCCCCCCCCC)cc(C2=C3C(/C=C/c4ccc(OC)cc4)=C(C#Cc4ccc(C(C)(C)C)cc4)C(/C=C/c4ccc(OC)cc4)=[N+]3[B-](F)(F)n3c(/C=C/c4ccc(OC)cc4)c(C#Cc4ccc(C(C)(C)C)cc4)c(/C=C/c4ccc(OC)cc4)c32)c1,ClC(Cl)Cl,756.0
11347,F[B-]1(F)Oc2ccccc2-c2cc(-n3c4ccc(-c5ccccc5)cc4c4cc(-c5ccccc5)ccc43)cc[n+]21,Cc1ccccc1,471.0
11348,F[B-]1(F)Oc2ccccc2-c2cc(-n3c4ccc(-c5ccccc5)cc4c4cc(-c5ccccc5)ccc43)cc[n+]21,O=P(c1ccccc1)(c1ccccc1)c1ccccc1Oc1ccccc1P(=O)(c1ccccc1)c1ccccc1,496.0
7360,COC(=O)c1ccc(C#Cc2c3c(c4c(-c5ccccc5)c(-c5ccccc5)c(-c5ccccc5)c(-c5ccccc5)c4c2-c2ccc(C(=O)OC)cc2)CC(C(=O)OC)(C(=O)OC)C3)cc1,C1CCOC1,432.358871
7209,COC(=O)C1(C(=O)OC)Cc2c(C#Cc3ccc(OC)cc3)c(-c3ccc(OC)cc3)c3c(-c4ccccc4)c(-c4ccccc4)c(-c4ccccc4)c(-c4ccccc4)c3c2C1,C1CCOC1,421.7741935
7210,COC(=O)C1(C(=O)OC)Cc2c(C#Cc3ccccc3)c(-c3ccccc3)c3c(-c4ccccc4)c(-c4ccccc4)c(-c4ccccc4)c(-c4ccccc4)c3c2C1,C1CCOC1,416.3306452
6811,CN1C2=Nc3n(C)c4ccccc4[n+]3CN2c2ccccc21,CO,376.0
13909,O=c1c2cccc3cccc(c32)c2nc3c(F)c(F)c(F)c(F)c3n12,ClCCl,466.0
13912,O=c1c2cccc3cccc(c32)c2nc3ccccc3n12,ClCCl,499.0
9923,Cc1cc(C)c(B(c2cc(C#Cc3ccccc3)sc2-c2sc(C#Cc3ccccc3)cc2P(=O)(c2ccccc2)c2ccccc2)c2c(C)cc(C)cc2C)c(C)c1,CO,560.0
167,C(=C(c1ccccc1)c1ccccc1)c1ccc(-c2ccc(-c3nc4c5ccccc5c5ccccc5c4n3-c3cccc(-c4ccc(C=C(c5ccccc5)c5ccccc5)cc4)c3)cc2)cc1,C1CCOC1,449.0
8881,COc1ccc(C2=c3sc(-c4ccc(OC)cc4)cc3=[N+]3C2=Nc2c(-c4ccc(OC)cc4)c4sc(-c5ccc(OC)cc5)cc4n2[B-]3(F)F)cc1,ClC(Cl)Cl,814.0
1099,CC(C)(C)c1ccc(C2=c3sc(-c4ccc(C(C)(C)C)cc4)cc3=[N+]3C2=Nc2c(-c4ccc(C(C)(C)C)cc4)c4sc(-c5ccc(C(C)(C)C)cc5)cc4n2[B-]3(F)F)cc1,ClC(Cl)Cl,793.0
9589,C[Si](C)(C)c1ccc(-c2ccc(-c3ccc(-c4ccc(-c5ccc([Si](C)(C)C)cc5)cc4)c4nsnc34)cc2)cc1,C1CCOC1,516.0
13781,O=[N+]([O-])c1ccc(/C2=C3/N=C(C(c4ccccc4)=C3c3ccccc3)/C(c3ccc([N+](=O)[O-])cc3)=c3\[nH]/c(c(-c4ccccc4)c3-c3ccccc3)=C(/c3ccc([N+](=O)[O-])cc3)C3=N/C(=C(/c4ccc([N+](=O)[O-])cc4)c4[nH]c2c(-c2ccccc2)c4-c2ccccc2)C(c2ccccc2)=C3c2ccccc2)cc1,ClCCl,745.0
11260,FC(F)(F)c1ccc(/C2=C3/N=C(C(c4ccccc4)=C3c3ccccc3)/C(c3ccc(C(F)(F)F)cc3)=c3\[nH]/c(c(-c4ccccc4)c3-c3ccccc3)=C(/c3ccc(C(F)(F)F)cc3)C3=N/C(=C(/c4ccc(C(F)(F)F)cc4)c4[nH]c2c(-c2ccccc2)c4-c2ccccc2)C(c2ccccc2)=C3c2ccccc2)cc1,ClCCl,730.0
8426,COc1ccc(/C2=C3/N=C(C(c4ccccc4)=C3c3ccccc3)/C(c3ccc(OC)cc3)=c3\[nH]/c(c(-c4ccccc4)c3-c3ccccc3)=C(/c3ccc(OC)cc3)C3=N/C(=C(/c4ccc(OC)cc4)c4[nH]c2c(-c2ccccc2)c4-c2ccccc2)C(c2ccccc2)=C3c2ccccc2)cc1,ClCCl,800.0
12142,N#Cc1ccc(/C2=C3/N=C(C(c4ccccc4)=C3c3ccccc3)/C(c3ccc(C#N)cc3)=c3\[nH]/c(c(-c4ccccc4)c3-c3ccccc3)=C(/c3ccc(C#N)cc3)C3=N/C(=C(/c4ccc(C#N)cc4)c4[nH]c2c(-c2ccccc2)c4-c2ccccc2)C(c2ccccc2)=C3c2ccccc2)cc1,ClCCl,725.0
10379,Cc1ccc(/C2=C3/N=C(C(c4ccccc4)=C3c3ccccc3)/C(c3ccc(C)cc3)=c3\[nH]/c(c(-c4ccccc4)c3-c3ccccc3)=C(/c3ccc(C)cc3)C3=N/C(=C(/c4ccc(C)cc4)c4[nH]c2c(-c2ccccc2)c4-c2ccccc2)C(c2ccccc2)=C3c2ccccc2)cc1,ClCCl,768.0
13156,O=C1OC(=O)c2ccc(N(c3ccccc3)c3ccc4ccccc4c3)c3cccc1c23,C1CCOC1,621.0
13157,O=C1OC(=O)c2ccc(N(c3ccccc3)c3ccc4ccccc4c3)c3cccc1c23,CCCCCC,520.0
13158,O=C1OC(=O)c2ccc(N(c3ccccc3)c3ccc4ccccc4c3)c3cccc1c23,ClCCl,638.0
13159,O=C1OC(=O)c2ccc(N(c3ccccc3)c3ccc4ccccc4c3)c3cccc1c23,c1ccccc1,580.0
4836,CCOC(=O)CSc1nc(C)c(C)c(C#N)c1C#N,c1ccccc1,407.0
4837,CCOC(=O)CSc1nc(C)c(CC)c(C#N)c1C#N,c1ccccc1,407.0
3441,CCCCCCc1ccc(-n2c3[n+](c4c5ccccc5c5ccccc5c42)[B-](C)(C)c2ccccc2-3)cc1,Cc1ccccc1,385.0
3442,CCCCCCc1ccc(-n2c3[n+](c4c5ccccc5c5ccccc5c42)[B-](C)(C)c2ccccc2-3)cc1,ClCCl,385.0
3439,CCCCCCc1ccc(-n2c3[n+](c4c5ccccc5c5ccccc5c42)[B-](C)(C)c2ccccc2-3)cc1,C1CCOC1,384.0
3440,CCCCCCc1ccc(-n2c3[n+](c4c5ccccc5c5ccccc5c42)[B-](C)(C)c2ccccc2-3)cc1,CC#N,385.0
9893,Cc1cc(C)c(B(c2c(C)cc(C)cc2C)c2c(C)cc(-n3c4ccc(N(c5ccccc5)c5ccccc5)cc4c4cc(N(c5ccccc5)c5ccccc5)ccc43)cc2C)c(C)c1,Cc1ccccc1,495.0
9894,Cc1cc(C)c(B(c2c(C)cc(C)cc2C)c2c(C)cc(-n3c4ccc(N(c5ccccc5)c5ccccc5)cc4c4cc(N(c5ccccc5)c5ccccc5)ccc43)cc2C)c(C)c1,O=P(c1ccccc1)(c1ccccc1)c1ccccc1Oc1ccccc1P(=O)(c1ccccc1)c1ccccc1,487.0
519,C1=Cc2nc1c(-c1ccco1)c1ccc([nH]1)c(-c1ccco1)c1nc(c(-c3ccco3)c3ccc(s3)c2-c2ccco2)C=C1,ClCCl,729.0
2422,CCC1(CC)c2cc(/C=C/c3cccs3)ccc2-c2c1c1c(c3c2C(CC)(CC)c2cc(/C=C/c4cccs4)ccc2-3)C(CC)(CC)c2cc(/C=C/c3cccs3)ccc2-1,C1CCOC1,400.0
4185,CCN(CC)c1ccc2c(c1)oc(=O)c1c(=O)oc3cc(C#Cc4ccc(C#N)cc4)ccc3c12,ClCCl,572.0
4186,CCN(CC)c1ccc2c(c1)oc(=O)c1c(=O)oc3cc(C#Cc4ccc(N(C)C)cc4)ccc3c12,ClCCl,691.0
4184,CCN(CC)c1ccc2c(c1)oc(=O)c1c(=O)oc3cc(C#Cc4ccc(C#N)cc4)ccc3c12,CS(C)=O,625.0
4881,CCOC(=O)c1c(N)sc(N)c1C(=O)OCC,CC#N,335.0
9570,C[Si](C)(C)C#CC(C#C[Si](C)(C)C)=Cc1ccc(C=C(C#C[Si](C)(C)C)C#C[Si](C)(C)C)s1,ClC(Cl)Cl,475.0
9587,C[Si](C)(C)[Si](c1ccc([Si]([Si](C)(C)C)([Si](C)(C)C)[Si](C)(C)C)s1)([Si](C)(C)C)[Si](C)(C)C,ClCCl,355.0
15322,c1ccsc1,ClCCl,247.0
13095,O=C1NC(=O)c2ccc(N3CCOCC3)c3cccc1c23,ClC(Cl)Cl,504.0
10900,Cc1ccccc1/C(C#N)=C/c1ccc(N(C)C)cc1,C1CCOC1,484.0
10901,Cc1ccccc1/C(C#N)=C/c1ccc(N(C)C)cc1,C1COCCO1,476.0
10902,Cc1ccccc1/C(C#N)=C/c1ccc(N(C)C)cc1,CC#N,427.0
10903,Cc1ccccc1/C(C#N)=C/c1ccc(N(C)C)cc1,CCCCCC,431.0
10904,Cc1ccccc1/C(C#N)=C/c1ccc(N(C)C)cc1,CCCCCCC,433.0
10905,Cc1ccccc1/C(C#N)=C/c1ccc(N(C)C)cc1,CCCCCO,495.0
10906,Cc1ccccc1/C(C#N)=C/c1ccc(N(C)C)cc1,CCCCO,502.0
268,C(=C/c1ccccc1)\c1ccccc1,C1CCCCC1,349.0
269,C(=C/c1ccccc1)\c1ccccc1,CC#N,350.0
270,C(=C/c1ccccc1)\c1ccccc1,CC(C)O,348.0
271,C(=C/c1ccccc1)\c1ccccc1,CCCCOCCCC,349.0
272,C(=C/c1ccccc1)\c1ccccc1,CCOC(C)=O,349.0
273,C(=C/c1ccccc1)\c1ccccc1,CCOCC,349.0
10907,Cc1ccccc1/C(C#N)=C/c1ccc(N(C)C)cc1,CCCO,505.0
10908,Cc1ccccc1/C(C#N)=C/c1ccc(N(C)C)cc1,CCO,509.0
10909,Cc1ccccc1/C(C#N)=C/c1ccc(N(C)C)cc1,CCOC(C)=O,490.0
10910,Cc1ccccc1/C(C#N)=C/c1ccc(N(C)C)cc1,CN(C)C=O,456.0
10911,Cc1ccccc1/C(C#N)=C/c1ccc(N(C)C)cc1,CO,450.0
10912,Cc1ccccc1/C(C#N)=C/c1ccc(N(C)C)cc1,CS(C)=O,453.0
10913,Cc1ccccc1/C(C#N)=C/c1ccc(N(C)C)cc1,Cc1ccccc1,464.0
10914,Cc1ccccc1/C(C#N)=C/c1ccc(N(C)C)cc1,ClC(Cl)Cl,481.0
7755,COc1cc(/C=C/c2ccccc2)cc(OC)c1,C1CCCCC1,364.0
7756,COc1cc(/C=C/c2ccccc2)cc(OC)c1,CC#N,390.0
7757,COc1cc(/C=C/c2ccccc2)cc(OC)c1,CC(C)O,382.0
7758,COc1cc(/C=C/c2ccccc2)cc(OC)c1,CCCCOCCCC,372.0
7759,COc1cc(/C=C/c2ccccc2)cc(OC)c1,CCOC(C)=O,382.0
7760,COc1cc(/C=C/c2ccccc2)cc(OC)c1,CCOCC,374.0
12498,Nc1ccc(/C=C/c2ccccc2)cc1,CC#N,423.0
12499,Nc1ccc(/C=C/c2ccccc2)cc1,CCCCCC,380.0
9313,COc1cccc(/C=C/c2ccccc2)c1,C1CCCCC1,358.0
9314,COc1cccc(/C=C/c2ccccc2)c1,CC#N,359.0
9315,COc1cccc(/C=C/c2ccccc2)c1,CC(C)O,357.0
9316,COc1cccc(/C=C/c2ccccc2)c1,CCCCOCCCC,358.0
9317,COc1cccc(/C=C/c2ccccc2)c1,CCOC(C)=O,358.0
9318,COc1cccc(/C=C/c2ccccc2)c1,CCOCC,357.0
8561,COc1ccc(/C=C/c2ccccc2)cc1,C1CCCCC1,364.0
8562,COc1ccc(/C=C/c2ccccc2)cc1,CC#N,374.0
8563,COc1ccc(/C=C/c2ccccc2)cc1,CC(C)O,365.0
8564,COc1ccc(/C=C/c2ccccc2)cc1,CCCCOCCCC,367.0
8565,COc1ccc(/C=C/c2ccccc2)cc1,CCOC(C)=O,366.0
8566,COc1ccc(/C=C/c2ccccc2)cc1,CCOCC,366.0
8567,COc1ccc(/C=C/c2ccccc2)cc1OC,C1CCCCC1,372.0
8568,COc1ccc(/C=C/c2ccccc2)cc1OC,CC#N,385.0
8569,COc1ccc(/C=C/c2ccccc2)cc1OC,CC(C)O,374.0
8570,COc1ccc(/C=C/c2ccccc2)cc1OC,CCCCOCCCC,375.0
8571,COc1ccc(/C=C/c2ccccc2)cc1OC,CCOC(C)=O,382.0
8572,COc1ccc(/C=C/c2ccccc2)cc1OC,CCOCC,373.0
12410,NNC(=O)c1ccc(/C=C/c2ccc(C(=O)NN)cc2)cc1,CN(C)C=O,395.0
6011,CN(C)c1ccc(/C=C/c2ccc(C#N)cc2)cc1,C1CCOC1,499.0
6012,CN(C)c1ccc(/C=C/c2ccc(C#N)cc2)cc1,CC#N,530.0
6013,CN(C)c1ccc(/C=C/c2ccc(C#N)cc2)cc1,CCCC#N,522.0
6014,CN(C)c1ccc(/C=C/c2ccc(C#N)cc2)cc1,CCCCCC,415.0
6015,CN(C)c1ccc(/C=C/c2ccc(C#N)cc2)cc1,CCCCOCCCC,453.0
6016,CN(C)c1ccc(/C=C/c2ccc(C#N)cc2)cc1,CCO,524.0
6017,CN(C)c1ccc(/C=C/c2ccc(C#N)cc2)cc1,CCOCC,475.0
6018,CN(C)c1ccc(/C=C/c2ccc([N+](=O)[O-])c(O)c2)cc1,C1CCCCC1,529.0
6019,CN(C)c1ccc(/C=C/c2ccc([N+](=O)[O-])c(O)c2)cc1,C1COCCO1,633.0
6020,CN(C)c1ccc(/C=C/c2ccc([N+](=O)[O-])c(O)c2)cc1,CCCCCCC,523.0
6021,CN(C)c1ccc(/C=C/c2ccc([N+](=O)[O-])c(O)c2)cc1,Cc1ccccc1,605.0
6023,CN(C)c1ccc(/C=C/c2ccccc2)cc1,CC#N,440.0
6024,CN(C)c1ccc(/C=C/c2ccccc2)cc1,CCCCCC,379.0
7076,COC(=O)C(Cc1ccc2oc(-c3ccc(N(c4ccccc4)c4ccccc4)cc3)nc2c1)NC(=O)OC(C)(C)C,C1CCCCC1,395.250668
7077,COC(=O)C(Cc1ccc2oc(-c3ccc(N(c4ccccc4)c4ccccc4)cc3)nc2c1)NC(=O)OC(C)(C)C,C1CCOC1,447.039259
7078,COC(=O)C(Cc1ccc2oc(-c3ccc(N(c4ccccc4)c4ccccc4)cc3)nc2c1)NC(=O)OC(C)(C)C,C1COCCO1,436.7498821
7079,COC(=O)C(Cc1ccc2oc(-c3ccc(N(c4ccccc4)c4ccccc4)cc3)nc2c1)NC(=O)OC(C)(C)C,CC#N,465.7510002
7080,COC(=O)C(Cc1ccc2oc(-c3ccc(N(c4ccccc4)c4ccccc4)cc3)nc2c1)NC(=O)OC(C)(C)C,CC(C)=O,456.1669206
7081,COC(=O)C(Cc1ccc2oc(-c3ccc(N(c4ccccc4)c4ccccc4)cc3)nc2c1)NC(=O)OC(C)(C)C,CC(C)O,455.7511234
7082,COC(=O)C(Cc1ccc2oc(-c3ccc(N(c4ccccc4)c4ccccc4)cc3)nc2c1)NC(=O)OC(C)(C)C,CC(O)CO,482.7489657
7083,COC(=O)C(Cc1ccc2oc(-c3ccc(N(c4ccccc4)c4ccccc4)cc3)nc2c1)NC(=O)OC(C)(C)C,CC1CCCCC1,395.000869
7084,COC(=O)C(Cc1ccc2oc(-c3ccc(N(c4ccccc4)c4ccccc4)cc3)nc2c1)NC(=O)OC(C)(C)C,CC1COC(=O)O1,474.0010428
7085,COC(=O)C(Cc1ccc2oc(-c3ccc(N(c4ccccc4)c4ccccc4)cc3)nc2c1)NC(=O)OC(C)(C)C,CCCCCC,392.749838
7086,COC(=O)C(Cc1ccc2oc(-c3ccc(N(c4ccccc4)c4ccccc4)cc3)nc2c1)NC(=O)OC(C)(C)C,CCCCCCCC,394.0001655
7087,COC(=O)C(Cc1ccc2oc(-c3ccc(N(c4ccccc4)c4ccccc4)cc3)nc2c1)NC(=O)OC(C)(C)C,CCCCCO,454.7500921
7088,COC(=O)C(Cc1ccc2oc(-c3ccc(N(c4ccccc4)c4ccccc4)cc3)nc2c1)NC(=O)OC(C)(C)C,CCCCO,454.5000045
7089,COC(=O)C(Cc1ccc2oc(-c3ccc(N(c4ccccc4)c4ccccc4)cc3)nc2c1)NC(=O)OC(C)(C)C,CCO,475.7509729
7090,COC(=O)C(Cc1ccc2oc(-c3ccc(N(c4ccccc4)c4ccccc4)cc3)nc2c1)NC(=O)OC(C)(C)C,CCOC(C)=O,448.7504544
7091,COC(=O)C(Cc1ccc2oc(-c3ccc(N(c4ccccc4)c4ccccc4)cc3)nc2c1)NC(=O)OC(C)(C)C,CN(C)C=O,461.7508669
7092,COC(=O)C(Cc1ccc2oc(-c3ccc(N(c4ccccc4)c4ccccc4)cc3)nc2c1)NC(=O)OC(C)(C)C,CO,486.0007484
7093,COC(=O)C(Cc1ccc2oc(-c3ccc(N(c4ccccc4)c4ccccc4)cc3)nc2c1)NC(=O)OC(C)(C)C,COCCOC,453.7493307
7094,COC(=O)C(Cc1ccc2oc(-c3ccc(N(c4ccccc4)c4ccccc4)cc3)nc2c1)NC(=O)OC(C)(C)C,CS(C)=O,474.5003511
7095,COC(=O)C(Cc1ccc2oc(-c3ccc(N(c4ccccc4)c4ccccc4)cc3)nc2c1)NC(=O)OC(C)(C)C,ClC(Cl)Cl,445.0002003
7096,COC(=O)C(Cc1ccc2oc(-c3ccc(N(c4ccccc4)c4ccccc4)cc3)nc2c1)NC(=O)OC(C)(C)C,ClCCl,451.2492836
7097,COC(=O)C(Cc1ccc2oc(-c3ccc(N(c4ccccc4)c4ccccc4)cc3)nc2c1)NC(=O)OC(C)(C)C,N#Cc1ccccc1,461.2503575
7098,COC(=O)C(Cc1ccc2oc(-c3ccc(N(c4ccccc4)c4ccccc4)cc3)nc2c1)NC(=O)OC(C)(C)C,NC=O,491.4995159
7099,COC(=O)C(Cc1ccc2oc(-c3ccc(N(c4ccccc4)c4ccccc4)cc3)nc2c1)NC(=O)OC(C)(C)C,O,502.9928072
7100,COC(=O)C(Cc1ccc2oc(-c3ccc(N(c4ccccc4)c4ccccc4)cc3)nc2c1)NC(=O)OC(C)(C)C,OCC(F)(F)F,496.250825
11523,F[B-]1(F)n2ccnc2-c2cccc[n+]21,C1CCCCC1,338.0
11524,F[B-]1(F)n2ccnc2-c2cccc[n+]21,C1CCOC1,353.0
11525,F[B-]1(F)n2ccnc2-c2cccc[n+]21,C1COCCO1,352.0
11526,F[B-]1(F)n2ccnc2-c2cccc[n+]21,CC#N,359.0
11527,F[B-]1(F)n2ccnc2-c2cccc[n+]21,CCCCCC,337.0
11528,F[B-]1(F)n2ccnc2-c2cccc[n+]21,CO,362.0
11529,F[B-]1(F)n2ccnc2-c2cccc[n+]21,ClC(Cl)Cl,356.0
11468,F[B-]1(F)n2c(nc(Br)c2Br)-c2cccc[n+]21,C1CCCCC1,463.0
11469,F[B-]1(F)n2c(nc(Br)c2Br)-c2cccc[n+]21,C1CCOC1,484.0
11470,F[B-]1(F)n2c(nc(Br)c2Br)-c2cccc[n+]21,C1COCCO1,493.0
11471,F[B-]1(F)n2c(nc(Br)c2Br)-c2cccc[n+]21,CC#N,492.0
11472,F[B-]1(F)n2c(nc(Br)c2Br)-c2cccc[n+]21,CCCCCC,464.0
11473,F[B-]1(F)n2c(nc(Br)c2Br)-c2cccc[n+]21,CO,487.0
11474,F[B-]1(F)n2c(nc(Br)c2Br)-c2cccc[n+]21,ClC(Cl)Cl,469.0
508,C1=Cc2ccc3ccccc3c2N(c2ccccc2)B1c1ccccc1,C1CCCCC1,392.0
6816,CN1CCN(CCCN2c3ccccc3Sc3ccc(C(F)(F)F)cc32)CC1,CC#N,470.0
6817,CN1CCN(CCCN2c3ccccc3Sc3ccc(C(F)(F)F)cc32)CC1,CO,467.0
6818,CN1CCN(CCCN2c3ccccc3Sc3ccc(C(F)(F)F)cc32)CC1,O,482.0
6819,CN1CCN(CCCN2c3ccccc3Sc3ccc(Cl)cc32)CC1,CC#N,449.0
6820,CN1CCN(CCCN2c3ccccc3Sc3ccc(Cl)cc32)CC1,CO,449.0
6821,CN1CCN(CCCN2c3ccccc3Sc3ccc(Cl)cc32)CC1,O,457.0
12690,O=C(Cc1ccccc1)OCc1ccc2c3cccc4cccc(c5cccc1c52)c43,CCO,445.0
13910,O=c1c2cccc3cccc(c32)c2nc3c4ccccc4c4ccccc4c3n12,ClCCl,589.0
7832,COc1cc(N(CC(=O)[O-])CC(=O)[O-])c2nc(COc3cc(C)ccc3N(CC(=O)[O-])CC(=O)[O-])ccc2c1,O,500.0
3797,CCCCn1c(-c2ccc(-c3nnc(-c4cccs4)o3)cc2)nc2c3ccccc3c3ccccc3c21,ClCCl,448.0
14968,c1ccc(N(c2ccccc2)c2ccc(-c3ccc(-c4ccc(-c5cccs5)c5nsnc45)s3)cc2)cc1,ClC(Cl)Cl,670.0
8908,COc1ccc(N(c2ccc(OC)cc2)c2ccc(-c3ccc(-c4ccc(-c5cccs5)c5nsnc45)s3)cc2)cc1,ClC(Cl)Cl,705.0
14478,c1cc2ccc1CCCc1ccc(c3nsnc13)CCC2,ClC(Cl)Cl,496.0
14476,c1cc2ccc1CCCc1ccc(c3nsnc13)CCC2,C1CCCCC1,468.0
14477,c1cc2ccc1CCCc1ccc(c3nsnc13)CCC2,CC#N,497.0
1284,CC(C)(C)c1ccc2oc(-c3ccc(-c4nc5cc(C(C)(C)C)ccc5o4)s3)nc2c1,C1CCCCC1,426.0
1285,CC(C)(C)c1ccc2oc(-c3ccc(-c4nc5cc(C(C)(C)C)ccc5o4)s3)nc2c1,C1CCOC1,432.0
1286,CC(C)(C)c1ccc2oc(-c3ccc(-c4nc5cc(C(C)(C)C)ccc5o4)s3)nc2c1,CC#N,432.0
1287,CC(C)(C)c1ccc2oc(-c3ccc(-c4nc5cc(C(C)(C)C)ccc5o4)s3)nc2c1,CC1CCCCC1,426.0
1288,CC(C)(C)c1ccc2oc(-c3ccc(-c4nc5cc(C(C)(C)C)ccc5o4)s3)nc2c1,CCCCO,434.0
1289,CC(C)(C)c1ccc2oc(-c3ccc(-c4nc5cc(C(C)(C)C)ccc5o4)s3)nc2c1,CCO,434.0
1290,CC(C)(C)c1ccc2oc(-c3ccc(-c4nc5cc(C(C)(C)C)ccc5o4)s3)nc2c1,CN(C)C=O,434.0
1291,CC(C)(C)c1ccc2oc(-c3ccc(-c4nc5cc(C(C)(C)C)ccc5o4)s3)nc2c1,Cc1ccccc1,434.0
1292,CC(C)(C)c1ccc2oc(-c3ccc(-c4nc5cc(C(C)(C)C)ccc5o4)s3)nc2c1,Clc1ccccc1Cl,437.0
1293,CC(C)(C)c1ccc2oc(-c3ccc(-c4nc5cc(C(C)(C)C)ccc5o4)s3)nc2c1,c1ccccc1,434.0
14799,c1ccc(-c2nc3ccccc3nc2-c2ccc(-n3c4ccccc4c4ccccc43)cc2)cc1,Cc1ccccc1,434.0
3260,CCCCCCCCOc1ccc(-c2c3c4n(c(-c5ccc(OCCCCCCCC)cc5)c3c3n2[B-](F)(F)[n+]2c(ccc5cc(C(C)(C)C)ccc52)C=3C#N)[B-](F)(F)[n+]2c(ccc3cc(C(C)(C)C)ccc32)C=4C#N)cc1,ClC(Cl)Cl,773.0
14614,c1ccc(-c2ccc(-c3ccc4c(c3)CCCO4)cc2)cc1,C1CCCCC1,359.0
1884,CC1=C(/C=C/c2ccccc2)C(C)=[N+]2C1=C(c1ccccc1)c1c(C)c(/C=C/c3ccccc3)c(C)n1[B-]2(F)F,ClC(Cl)Cl,633.0
9612,C[Si](C)(c1cccc2cc3ccccc3cc12)[Si](C)(C)c1cccc2cc3ccccc3cc12,C1CCCCC1,412.0
9613,C[Si](C)(c1cccc2cc3ccccc3cc12)[Si](C)(C)c1cccc2cc3ccccc3cc12,CC#N,412.0
9209,COc1ccc2cc(C#Cc3ccc([N+](=O)[O-])cc3)ccc2c1,C1CCOC1,533.0
9210,COc1ccc2cc(C#Cc3ccc([N+](=O)[O-])cc3)ccc2c1,ClC(Cl)Cl,592.0
9211,COc1ccc2cc(C#Cc3ccc([N+](=O)[O-])cc3)ccc2c1,ClCCl,635.0
13800,O=[N+]([O-])c1ccc(C#Cc2ccc3ccccc3c2)cc1,ClC(Cl)Cl,536.0
13801,O=[N+]([O-])c1ccc(C#Cc2ccc3ccccc3c2)cc1,ClCCl,546.0
1684,CC1(C)Cc2c(c3ccccc3c3nc4ccccc4nc23)O1,C1CCCCC1,475.9638267
1685,CC1(C)Cc2c(c3ccccc3c3nc4ccccc4nc23)O1,C1CCOC1,505.0505051
1686,CC1(C)Cc2c(c3ccccc3c3nc4ccccc4nc23)O1,CN(C)C=O,521.9206681
1687,CC1(C)Cc2c(c3ccccc3c3nc4ccccc4nc23)O1,CO,529.1005291
1688,CC1(C)Cc2c(c3ccccc3c3nc4ccccc4nc23)O1,ClC(Cl)Cl,505.0505051
1689,CC1(C)Cc2c(c3ccccc3c3nc4ccccc4nc23)O1,c1ccccc1,483.0917874
3717,CCCCc1c2c(nc3ccccc13)-c1cc3c(cc1CC2)-c1nc2ccccc2c(CCCC)c1CC3,ClC(Cl)Cl,381.0
9717,Cc1c2c(nc3ccccc13)-c1cc3c(cc1CC2)-c1nc2ccccc2c(C)c1CC3,ClC(Cl)Cl,383.0
13560,O=P(c1ccccc1)(c1ccccc1)c1ccc(N2c3ccccc3Oc3ccccc32)cc1,C1CCOC1,490.5436014
13561,O=P(c1ccccc1)(c1ccccc1)c1ccc(N2c3ccccc3Oc3ccccc32)cc1,CC#N,530.7474519
13562,O=P(c1ccccc1)(c1ccccc1)c1ccc(N2c3ccccc3Oc3ccccc32)cc1,CO,557.6443941
13563,O=P(c1ccccc1)(c1ccccc1)c1ccc(N2c3ccccc3Oc3ccccc32)cc1,Cc1ccccc1,458.2672707
13564,O=P(c1ccccc1)(c1ccccc1)c1ccc(N2c3ccccc3Oc3ccccc32)cc1,ClCCl,467.0441676
13565,O=P(c1ccccc1)(c1ccccc1)c1ccc(N2c3ccccc3Oc3ccccc32)cc1,O=P(c1ccccc1)(c1ccccc1)c1ccccc1Oc1ccccc1P(=O)(c1ccccc1)c1ccccc1,470.0
14685,c1ccc(-c2nc(-c3ccc(-c4nc(-c5ccccc5)c(-c5ccccc5)o4)cc3)oc2-c2ccccc2)cc1,C1COCCO1,428.0
11842,N#CC1=CC(c2ccccc2)=CC(C#N)=P1(c1ccccc1)c1ccccc1,ClC(Cl)Cl,525.0
513,C1=Cc2ccccc2C(=Cc2ccc(C=C3c4ccccc4C=Cc4ccccc43)cc2)c2ccccc21,C1CCOC1,405.0
2285,CC1=[N+]2C(=C(c3ccccc3)c3c4c(c(C)n3[B-]2(F)F)CCc2ccccc2-4)C2=C1CCc1ccccc12,CC#N,612.0
3449,CCCCCCc1ccc2c(/C=N/c3cc(/N=C/c4c(O)ccc5cc(CCCCCC)ccc45)cc(/N=C/c4c(O)ccc5cc(CCCCCC)ccc45)c3)c(O)ccc2c1,CC#N,507.0
3450,CCCCCCc1ccc2c(/C=N/c3cc(/N=C/c4c(O)ccc5cc(CCCCCC)ccc45)cc(/N=C/c4c(O)ccc5cc(CCCCCC)ccc45)c3)c(O)ccc2c1,Cc1ccccc1,507.0
3451,CCCCCCc1ccc2c(/C=N/c3cc(/N=C/c4c(O)ccc5cc(CCCCCC)ccc45)cc(/N=C/c4c(O)ccc5cc(CCCCCC)ccc45)c3)c(O)ccc2c1,ClCCl,511.0
3448,CCCCCCc1ccc2c(/C=N/c3cc(/N=C/c4c(O)ccc5cc(CCCCCC)ccc45)cc(/N=C/c4c(O)ccc5cc(CCCCCC)ccc45)c3)c(O)ccc2c1,C1CCOC1,509.0
2300,CC1=[N+]2C(=Cc3c4c(cn3[B-]2(F)F)-c2nc-4c(-c3ccccc3)c3ccc([nH]3)c(-c3ccccc3)c3nc(c(-c4ccccc4)c4ccc([nH]4)c2-c2ccccc2)C=C3)C(C)C1,ClCCl,693.0
13855,O=c1[nH]c2ccccc2[nH]1,C1CCOC1,315.000315
13856,O=c1[nH]c2ccccc2[nH]1,CC#N,313.008639
13857,O=c1[nH]c2ccccc2[nH]1,CC(C)=O,307.0027323
13858,O=c1[nH]c2ccccc2[nH]1,CCCCCCC,297.000297
13859,O=c1[nH]c2ccccc2[nH]1,CCCCCl,301.9961948
13860,O=c1[nH]c2ccccc2[nH]1,CCCCO,311.0032966
13861,O=c1[nH]c2ccccc2[nH]1,CCCO,310.00062
13862,O=c1[nH]c2ccccc2[nH]1,CCCOCCC,310.00062
13863,O=c1[nH]c2ccccc2[nH]1,CCO,310.00062
2870,CCCCC1(CCCC)c2cc(C#Cc3ccc4ccc5cccc6ccc3c4c56)ccc2-c2ccc(C#Cc3ccc4ccc5cccc6ccc3c4c56)cc21,C1CCCCC1,433.0
2871,CCCCC1(CCCC)c2cc(C#Cc3ccc4ccc5cccc6ccc3c4c56)ccc2-c2ccc(C#Cc3ccc4ccc5cccc6ccc3c4c56)cc21,C1CCOC1,437.0
2872,CCCCC1(CCCC)c2cc(C#Cc3ccc4ccc5cccc6ccc3c4c56)ccc2-c2ccc(C#Cc3ccc4ccc5cccc6ccc3c4c56)cc21,CC#N,433.0
2873,CCCCC1(CCCC)c2cc(C#Cc3ccc4ccc5cccc6ccc3c4c56)ccc2-c2ccc(C#Cc3ccc4ccc5cccc6ccc3c4c56)cc21,CCOC(C)=O,433.0
2874,CCCCC1(CCCC)c2cc(C#Cc3ccc4ccc5cccc6ccc3c4c56)ccc2-c2ccc(C#Cc3ccc4ccc5cccc6ccc3c4c56)cc21,CN(C)C=O,441.0
2875,CCCCC1(CCCC)c2cc(C#Cc3ccc4ccc5cccc6ccc3c4c56)ccc2-c2ccc(C#Cc3ccc4ccc5cccc6ccc3c4c56)cc21,Cc1ccccc1,438.0
2876,CCCCC1(CCCC)c2cc(C#Cc3ccc4ccc5cccc6ccc3c4c56)ccc2-c2ccc(C#Cc3ccc4ccc5cccc6ccc3c4c56)cc21,ClC(Cl)Cl,439.0
2877,CCCCC1(CCCC)c2cc(C#Cc3ccc4ccc5cccc6ccc3c4c56)ccc2-c2ccc(C#Cc3ccc4ccc5cccc6ccc3c4c56)cc21,ClCCl,439.0
14770,c1ccc(-c2nc(-c3ccccc3)nc(-n3c4ccccc4c4cccc(-n5c6ccccc6c6ccccc65)c43)n2)cc1,C1CCOC1,477.8582931
14771,c1ccc(-c2nc(-c3ccccc3)nc(-n3c4ccccc4c4cccc(-n5c6ccccc6c6ccccc65)c43)n2)cc1,Cc1ccccc1,459.2592593
7253,COC(=O)C[C@H](Cc1c[nH]c2ccccc12)NC(=O)[C@H](CC(=O)N[C@@H](CC1=CCc2ccccc21)C(=O)OC)NC(=O)OC(C)(C)C,CO,337.0
7251,COC(=O)C[C@H](Cc1c[nH]c2ccccc12)NC(=O)[C@H](CC(=O)N[C@@H](CC1=CCc2ccccc21)C(=O)OC)NC(=O)OC(C)(C)C,CC#N,332.0
7252,COC(=O)C[C@H](Cc1c[nH]c2ccccc12)NC(=O)[C@H](CC(=O)N[C@@H](CC1=CCc2ccccc21)C(=O)OC)NC(=O)OC(C)(C)C,CCOC(C)=O,326.0
4522,CCN1c2ccc(/C=N/Nc3ccccn3)cc2Sc2cc(-c3ccccc3)ccc21,C1CCOC1,487.0
4523,CCN1c2ccc(/C=N/Nc3ccccn3)cc2Sc2cc(-c3ccccc3)ccc21,CS(C)=O,503.0
4524,CCN1c2ccc(/C=N/Nc3ccccn3)cc2Sc2cc(-c3ccccc3)ccc21,Cc1ccccc1,485.0
4525,CCN1c2ccc(/C=N/Nc3ccccn3)cc2Sc2cc(-c3ccccc3)ccc21,ClCCl,497.0
4510,CCN1c2ccc(/C=N/Nc3ccccn3)cc2Sc2cc(-c3ccc(C#N)cc3)ccc21,C1CCOC1,519.0
4511,CCN1c2ccc(/C=N/Nc3ccccn3)cc2Sc2cc(-c3ccc(C#N)cc3)ccc21,CS(C)=O,557.0
4512,CCN1c2ccc(/C=N/Nc3ccccn3)cc2Sc2cc(-c3ccc(C#N)cc3)ccc21,Cc1ccccc1,503.0
4513,CCN1c2ccc(/C=N/Nc3ccccn3)cc2Sc2cc(-c3ccc(C#N)cc3)ccc21,ClCCl,525.0
4514,CCN1c2ccc(/C=N/Nc3ccccn3)cc2Sc2cc(-c3ccc(OC)cc3)ccc21,C1CCOC1,491.0
4515,CCN1c2ccc(/C=N/Nc3ccccn3)cc2Sc2cc(-c3ccc(OC)cc3)ccc21,CS(C)=O,503.0
4516,CCN1c2ccc(/C=N/Nc3ccccn3)cc2Sc2cc(-c3ccc(OC)cc3)ccc21,Cc1ccccc1,484.0
4517,CCN1c2ccc(/C=N/Nc3ccccn3)cc2Sc2cc(-c3ccc(OC)cc3)ccc21,ClCCl,497.0
15236,c1ccc2c(c1)c1ccccc1n2-c1ccc2cc(-c3ccc(-c4ccc(-c5cc6ccc(-n7c8ccccc8c8ccccc87)cc6o5)cc4)cc3)oc2c1,Cc1ccccc1,419.0
15237,c1ccc2c(c1)c1ccccc1n2-c1ccc2cc(-c3ccc(-c4ccc(-c5cc6ccc(-n7c8ccccc8c8ccccc87)cc6o5)cc4)cc3)oc2c1,c1ccc2c(c1)c1ccccc1n2-c1ccc(-c2ccc(-n3c4ccccc4c4ccccc43)cc2)cc1,441.0
7277,COC(=O)c1c(C(=O)OC)c2ccc(C)nn2c1C,CCCCCC,449.0
4275,CCN(CC)c1ccc2cc(/C(Cl)=C/C=C/C(=C(C#N)C#N)c3ccc4c(c3)c3ccccc3n4CC)c(=O)oc2c1,CC(C)=O,704.0
4276,CCN(CC)c1ccc2cc(/C(Cl)=C/C=C/C(=C(C#N)C#N)c3ccc4c(c3)c3ccccc3n4CC)c(=O)oc2c1,CCOC(C)=O,654.0
4277,CCN(CC)c1ccc2cc(/C(Cl)=C/C=C/C(=C(C#N)C#N)c3ccc4c(c3)c3ccccc3n4CC)c(=O)oc2c1,CN(C)C=O,732.0
4278,CCN(CC)c1ccc2cc(/C(Cl)=C/C=C/C(=C(C#N)C#N)c3ccc4c(c3)c3ccccc3n4CC)c(=O)oc2c1,CS(C)=O,743.0
4279,CCN(CC)c1ccc2cc(/C(Cl)=C/C=C/C(=C(C#N)C#N)c3ccc4c(c3)c3ccccc3n4CC)c(=O)oc2c1,Cc1ccccc1,606.0
4280,CCN(CC)c1ccc2cc(/C(Cl)=C/C=C/C(=C(C#N)C#N)c3ccc4c(c3)c3ccccc3n4CC)c(=O)oc2c1,ClCCl,664.0
8843,COc1ccc(C2=Cc3ccccc3[Si]2(c2ccccc2)c2ccccc2)cc1,ClCCl,418.0
478,C1=C(c2ccccc2)[Si](c2ccccc2)(c2ccccc2)c2ccccc21,ClCCl,400.0
1754,CC1(C)c2ccccc2-c2ccc(N(c3ccccc3)c3ccc4c(c3)C(C)(C)c3cc(-c5cc6ccccc6c6c5oc5ccccc56)ccc3-4)cc21,C1CCOC1,469.0
836,CC(C)(C)NC(=O)c1ccc(Br)c2ccc3c4ccc(F)cc4c4cc(F)ccc4c3c12,ClCCl,394.0
837,CC(C)(C)NC(=O)c1ccc(Br)c2ccc3c4ccccc4c4ccccc4c3c12,ClCCl,388.0
840,CC(C)(C)NC(=O)c1ccc(F)c2ccc3c4ccccc4c4ccccc4c3c12,ClCCl,405.0
843,CC(C)(C)NC(=O)c1cccc2ccc3c4cc(Cl)ccc4c4ccc(Cl)cc4c3c12,ClCCl,407.0
844,CC(C)(C)NC(=O)c1cccc2ccc3c4cc(F)ccc4c4ccc(F)cc4c3c12,ClCCl,385.0
845,CC(C)(C)NC(=O)c1cccc2ccc3c4ccc(Cl)cc4c4cc(Cl)ccc4c3c12,ClCCl,415.0
846,CC(C)(C)NC(=O)c1cccc2ccc3c4ccc(F)cc4c4cc(F)ccc4c3c12,ClCCl,388.0
847,CC(C)(C)NC(=O)c1cccc2ccc3c4ccccc4c4ccccc4c3c12,ClCCl,403.0
7384,COC(=O)c1ccc(C(=O)NC(C)(C)C)c2c1ccc1c3ccccc3c3ccccc3c12,ClCCl,448.0
10464,Cc1ccc(C(=O)NC(C)(C)C)c2c1ccc1c3ccccc3c3ccccc3c12,ClCCl,407.0
9090,COc1ccc2c(c1)c1cc(OC)ccc1c1c2ccc2cccc(C(=O)NC(C)(C)C)c21,ClCCl,415.0
8740,COc1ccc(C(=O)NC(C)(C)C)c2c1ccc1c3ccccc3c3ccccc3c12,ClCCl,407.0
13994,O=c1oc2cc3c(cc2cc1/C=C/c1ccccc1)OCO3,CC#N,469.0
8016,COc1cc2c(cc1-c1ccncc1)Cc1c3c(c4c(c1-2)-c1cc(OC)c(-c2ccncc2)cc1C4)C(=O)N(CCC(C)C)C3=O,C1CCOC1,456.0
8095,COc1cc2cc(OC)c(C#Cc3ccc([N+](=O)[O-])cc3)cc2cc1C#Cc1ccc([N+](=O)[O-])cc1,C1CCOC1,514.0
8096,COc1cc2cc(OC)c(C#Cc3ccc([N+](=O)[O-])cc3)cc2cc1C#Cc1ccc([N+](=O)[O-])cc1,ClC(Cl)Cl,577.0
8097,COc1cc2cc(OC)c(C#Cc3ccc([N+](=O)[O-])cc3)cc2cc1C#Cc1ccc([N+](=O)[O-])cc1,ClCCl,593.0
13799,O=[N+]([O-])c1ccc(C#Cc2ccc3ccc(C#Cc4ccc([N+](=O)[O-])cc4)cc3c2)cc1,ClCCl,527.0
11460,F[B-]1(F)n2c(nc(-c3ccccc3)c2-c2ccccc2)-c2cccc[n+]21,C1CCCCC1,517.0
11461,F[B-]1(F)n2c(nc(-c3ccccc3)c2-c2ccccc2)-c2cccc[n+]21,C1CCOC1,537.0
11462,F[B-]1(F)n2c(nc(-c3ccccc3)c2-c2ccccc2)-c2cccc[n+]21,C1COCCO1,510.0
11464,F[B-]1(F)n2c(nc(-c3ccccc3)c2-c2ccccc2)-c2cccc[n+]21,CCCCCC,512.5
11467,F[B-]1(F)n2c(nc(-c3ccccc3)c2-c2ccccc2)-c2cccc[n+]21,ClCCl,528.0
3369,CCCCCCN1C(=O)c2cccc3cc(/N=C\c4ccc5c(c4)c4ccccc4n5CC)cc(c23)C1=O,ClC(Cl)Cl,501.0
1373,CC(C)[Si](C#Cc1c2ccccc2c(C#Cc2c3ccccc3c(C#Cc3c4ccccc4c(C#Cc4c5ccccc5c(C#Cc5c6ccccc6c(C#C[Si](C(C)C)(C(C)C)C(C)C)c6ccccc56)c5ccccc45)c4ccccc34)c3ccccc23)c2ccccc12)(C(C)C)C(C)C,Cc1ccccc1,623.0
2276,CC1=[N+]2C(=C(c3ccc(N4CCOCC4)cc3)c3ccc(C)n3[B-]2(F)F)C=C1,CC(C)=O,517.0
2277,CC1=[N+]2C(=C(c3ccc(N4CCOCC4)cc3)c3ccc(C)n3[B-]2(F)F)C=C1,CCCCCC,520.0
2278,CC1=[N+]2C(=C(c3ccc(N4CCOCC4)cc3)c3ccc(C)n3[B-]2(F)F)C=C1,CCOC(C)=O,520.0
2279,CC1=[N+]2C(=C(c3ccc(N4CCOCC4)cc3)c3ccc(C)n3[B-]2(F)F)C=C1,CO,521.0
2280,CC1=[N+]2C(=C(c3ccc(N4CCOCC4)cc3)c3ccc(C)n3[B-]2(F)F)C=C1,Cc1ccccc1,524.0
2281,CC1=[N+]2C(=C(c3ccc(N4CCOCC4)cc3)c3ccc(C)n3[B-]2(F)F)C=C1,ClC(Cl)Cl,531.0
2272,CC1=[N+]2C(=C(c3ccc(N4CCOCC4)cc3)c3ccc(C)n3[B-]2(F)F)C=C1,C1CCCCC1,520.0
2274,CC1=[N+]2C(=C(c3ccc(N4CCOCC4)cc3)c3ccc(C)n3[B-]2(F)F)C=C1,CC#N,534.0
2072,CC1=CC(C)=[N+]2C1=C(c1ccc(N3CCOCC3)cc1)c1c(C)cc(C)n1[B-]2(F)F,C1CCOC1,514.0
2073,CC1=CC(C)=[N+]2C1=C(c1ccc(N3CCOCC3)cc1)c1c(C)cc(C)n1[B-]2(F)F,CC#N,511.0
2074,CC1=CC(C)=[N+]2C1=C(c1ccc(N3CCOCC3)cc1)c1c(C)cc(C)n1[B-]2(F)F,CC(=O)C(C)(C)C,520.0
2075,CC1=CC(C)=[N+]2C1=C(c1ccc(N3CCOCC3)cc1)c1c(C)cc(C)n1[B-]2(F)F,CC(C)=O,516.0
2076,CC1=CC(C)=[N+]2C1=C(c1ccc(N3CCOCC3)cc1)c1c(C)cc(C)n1[B-]2(F)F,CCCCCC,511.0
2077,CC1=CC(C)=[N+]2C1=C(c1ccc(N3CCOCC3)cc1)c1c(C)cc(C)n1[B-]2(F)F,CCOC(C)=O,517.0
2078,CC1=CC(C)=[N+]2C1=C(c1ccc(N3CCOCC3)cc1)c1c(C)cc(C)n1[B-]2(F)F,CO,514.0
2275,CC1=[N+]2C(=C(c3ccc(N4CCOCC4)cc3)c3ccc(C)n3[B-]2(F)F)C=C1,CC(=O)C(C)(C)C,530.0
13593,O=P1(c2ccccc2)C(c2ccc(C3=Cc4ccccc4P3(=O)c3ccccc3)cc2)=Cc2ccccc21,C1CCOC1,431.0
8420,COc1ccc(-n2nc(C(=O)N3CCCC3)c(N3CCCC3)n2)cc1,CC#N,412.0
8421,COc1ccc(-n2nc(C(=O)N3CCCC3)c(N3CCCC3)n2)cc1,CCCCCC,405.0
8422,COc1ccc(-n2nc(C(=O)N3CCCC3)c(N3CCCC3)n2)cc1,CCO,410.0
8423,COc1ccc(-n2nc(C(=O)N3CCCC3)c(N3CCCC3)n2)cc1,CN(C)C=O,396.0
8424,COc1ccc(-n2nc(C(=O)N3CCCC3)c(N3CCCC3)n2)cc1,ClC(Cl)Cl,411.0
3985,CCN(CC)c1ccc(-c2ccc(-c3nc(C#N)c4ccccc4n3)s2)cc1,Cc1ccccc1,471.0
3984,CCN(CC)c1ccc(-c2ccc(-c3nc(C#N)c4ccccc4n3)s2)cc1,CC#N,539.0
11119,Cn1c(-c2ccc(-c3ccc(-c4ccc(-c5n(C)c6ccccc6[n+]5C)cc4)cc3)cc2)[n+](C)c2ccccc21,O,397.0
3787,CCCCn1c(-c2ccc(-c3ccc(-c4ccc(-c5n(CCCC)c6cc(C)ccc6[n+]5CCCC)cc4)cc3)cc2)[n+](CCCC)c2ccc(C)cc21,O,397.0
3788,CCCCn1c(-c2ccc(-c3ccc(-c4ccc(-c5n(CCCC)c6ccccc6[n+]5CCCC)cc4)cc3)cc2)[n+](CCCC)c2ccccc21,O,397.0
10752,Cc1ccc2c(c1)n(C)c(-c1ccc(-c3ccc(-c4ccc(-c5n(C)c6cc(C)ccc6[n+]5C)cc4)cc3)cc1)[n+]2C,O,397.0
9768,Cc1cc(-c2ccc(-c3n(C)c4ccccc4[n+]3C)cc2)ccc1-c1ccc(-c2n(C)c3ccccc3[n+]2C)cc1,O,399.0
5254,CCn1c(-c2ccc(-c3ccc(-c4ccc(-c5n(CC)c6cc(C)ccc6[n+]5CC)cc4)cc3)cc2)[n+](CC)c2ccc(C)cc21,O,397.0
5255,CCn1c(-c2ccc(-c3ccc(-c4ccc(-c5n(CC)c6ccccc6[n+]5CC)cc4)c(C)c3)cc2)[n+](CC)c2ccccc21,O,400.0
5256,CCn1c(-c2ccc(-c3ccc(-c4ccc(-c5n(CC)c6ccccc6[n+]5CC)cc4)cc3)cc2)[n+](CC)c2ccccc21,O,397.0
9045,COc1ccc2c(c1)CCC1=C(C#Cc3cc4ccccc4c4ccccc34)O[B-](F)(F)[O+]=C12,ClCCl,500.0
1768,CC1(C)c2ccccc2N(c2ccc(-c3ccc(C#N)cc3)cc2)c2ccccc21,Cc1ccccc1,462.0
1769,CC1(C)c2ccccc2N(c2ccc(-c3ccc(C#N)cc3)cc2)c2ccccc21,N#Cc1ccc2c(c1)c1ccccc1n2-c1cccc(-n2c3ccccc3c3ccccc32)c1,470.0
1780,CC1(C)c2ccccc2N(c2ccc(-c3cccc(C#N)c3)cc2)c2ccccc21,Cc1ccccc1,431.0
1781,CC1(C)c2ccccc2N(c2ccc(-c3cccc(C#N)c3)cc2)c2ccccc21,N#Cc1ccc2c(c1)c1ccccc1n2-c1cccc(-n2c3ccccc3c3ccccc32)c1,436.0
4785,CCOC(=O)CN1C(=O)C2=C(c3ccc(N4CCCCC4)cc3)N(CC(=O)OCC)C(=O)C2=C1c1ccc(C#N)cc1,CC#N,638.0
4786,CCOC(=O)CN1C(=O)C2=C(c3ccc(N4CCCCC4)cc3)N(CC(=O)OCC)C(=O)C2=C1c1ccc(C#N)cc1,CS(C)=O,654.0
4787,CCOC(=O)CN1C(=O)C2=C(c3ccc(N4CCCCC4)cc3)N(CC(=O)OCC)C(=O)C2=C1c1ccc(C#N)cc1,Cc1ccccc1,603.0
4791,CCOC(=O)CN1C(=O)C2=C(c3ccc(N4CCCCC4)cc3)N(CC(=O)OCC)C(=O)C2=C1c1ccccc1,CC#N,587.0
4792,CCOC(=O)CN1C(=O)C2=C(c3ccc(N4CCCCC4)cc3)N(CC(=O)OCC)C(=O)C2=C1c1ccccc1,CS(C)=O,601.0
4793,CCOC(=O)CN1C(=O)C2=C(c3ccc(N4CCCCC4)cc3)N(CC(=O)OCC)C(=O)C2=C1c1ccccc1,Cc1ccccc1,563.0
11541,F[Si](c1ccccc1)(c1ccccc1)c1cccc2ccccc12,C1CCOC1,332.0
15188,c1ccc2c(c1)Sc1ccccc1N2c1ccc2c(c1)C1(CCCC1)c1cc(N3c4ccccc4Sc4ccccc43)ccc1-2,Cc1ccccc1,491.0
4882,CCOC(=O)c1c(NC(C)(C)C)oc(-c2ccc(-c3ccccc3)cc2)c1C(=O)OCC,CC#N,448.0
7278,COC(=O)c1c(NC(C)(C)C)oc(-c2ccc(-c3ccccc3)cc2)c1C(=O)OC,CC#N,446.0
1488,CC(C)c1cccc(C(C)C)c1N1C(=O)c2ccc3c(-c4ccc(C(=O)O)cc4)c4c5ccc6c7c(ccc(c(-c8ccc(C(=O)O)cc8)c4c4ccc(c2c34)C1=O)c75)C(=O)N(c1c(C(C)C)cccc1C(C)C)C6=O,ClCCl,682.0
1489,CC(C)c1cccc(C(C)C)c1N1C(=O)c2ccc3c(-c4ccccc4)c4c5ccc6c7c(ccc(c(-c8ccccc8)c4c4ccc(c2c34)C1=O)c75)C(=O)N(c1c(C(C)C)cccc1C(C)C)C6=O,ClCCl,702.0
23,Brc1cnc(-c2ccc(N(c3ccccc3)c3ccccc3)cc2)s1,CO,493.0
5527,CN(C)c1[se]c(-c2ccc(Cl)cc2)nc1-c1ccccc1,ClC(Cl)Cl,455.0
8943,COc1ccc(N2c3cc(OC)ccc3N=c3cc4c(cc32)=Nc2cc(C(C)(C)C)cc(C(C)(C)C)c2O4)cc1,CC#N,624.0
8944,COc1ccc(N2c3cc(OC)ccc3N=c3cc4c(cc32)=Nc2cc(C(C)(C)C)cc(C(C)(C)C)c2O4)cc1,CCCCCC,587.0
8945,COc1ccc(N2c3cc(OC)ccc3N=c3cc4c(cc32)=Nc2cc(C(C)(C)C)cc(C(C)(C)C)c2O4)cc1,CO,633.0
9063,COc1ccc2c(c1)N(c1ccc(C)cc1)c1cc3c(cc1=N2)Oc1c(cc(C(C)(C)C)cc1C(C)(C)C)N=3,CC#N,625.0
9064,COc1ccc2c(c1)N(c1ccc(C)cc1)c1cc3c(cc1=N2)Oc1c(cc(C(C)(C)C)cc1C(C)(C)C)N=3,CCCCCC,586.0
9065,COc1ccc2c(c1)N(c1ccc(C)cc1)c1cc3c(cc1=N2)Oc1c(cc(C(C)(C)C)cc1C(C)(C)C)N=3,CO,635.0
5253,CCc1nc2c(nc1CC)C(c1ccccc1)=[N+]1C2=Nc2c3nc(CC)c(CC)nc3c(-c3ccccc3)n2[B-]1(F)F,C1CCOC1,721.0
523,C1=Cc2nc1c(-c1cncs1)c1ccc([nH]1)c(-c1cncs1)c1nc(c(-c3cncs3)c3ccc([nH]3)c2-c2cncs2)C=C1,CN(C)C=O,664.0
9125,COc1ccc2c3c(c4ccc(OC)cc4c2c1)C(C)(C)c1ccc2ccccc2c1-3,C1CCCCC1,396.0
12357,N#Cc1nc2c3ccc(N(c4ccccc4)c4ccccc4)cc3c3cc(N(c4ccccc4)c4ccccc4)ccc3c2nc1C#N,C1COCCO1,586.9103774
12358,N#Cc1nc2c3ccc(N(c4ccccc4)c4ccccc4)cc3c3cc(N(c4ccccc4)c4ccccc4)ccc3c2nc1C#N,CCCCCC,515.2712264
12359,N#Cc1nc2c3ccc(N(c4ccccc4)c4ccccc4)cc3c3cc(N(c4ccccc4)c4ccccc4)ccc3c2nc1C#N,Cc1ccccc1,566.0
12360,N#Cc1nc2c3ccc(N(c4ccccc4)c4ccccc4)cc3c3cc(N(c4ccccc4)c4ccccc4)ccc3c2nc1C#N,ClC(Cl)Cl,639.4457547
12361,N#Cc1nc2c3ccc(N(c4ccccc4)c4ccccc4)cc3c3cc(N(c4ccccc4)c4ccccc4)ccc3c2nc1C#N,O=P(c1ccccc1)(c1ccccc1)c1cccc(-c2cc(-n3c4ccccc4c4ccccc43)cc(-n3c4ccccc4c4ccccc43)c2)n1,606.0
416,C/C(=C\c1ccc(C)cc1)c1nc2ccccc2o1,CO,380.0
419,C/C(=C\c1ccc(Cl)cc1)c1nc2ccccc2o1,C1CCCCC1,375.0
356,C(=C/c1nc2ccccc2o1)\c1ccccc1,C1CCCCC1,380.0
357,C(=C/c1nc2ccccc2o1)\c1ccccc1,CO,380.0
420,C/C(=C\c1ccc(Cl)cc1)c1nc2ccccc2o1,CO,380.0
423,C/C(=C\c1ccccc1)c1nc2ccccc2o1,C1CCCCC1,370.0
424,C/C(=C\c1ccccc1)c1nc2ccccc2o1,CO,380.0
8599,COc1ccc(/C=C/c2nc3ccccc3o2)cc1,C1CCCCC1,390.0
8600,COc1ccc(/C=C/c2nc3ccccc3o2)cc1,CO,420.0
11084,Clc1ccc(/C=C/c2nc3ccccc3o2)cc1,CO,385.0
6107,CN(C)c1ccc(/C=C/c2nc3ccccc3o2)cc1,C1CCCCC1,430.0
6108,CN(C)c1ccc(/C=C/c2nc3ccccc3o2)cc1,CO,490.0
11083,Clc1ccc(/C=C/c2nc3ccccc3o2)cc1,C1CCCCC1,380.0
8428,COc1ccc(/C=C(\C)c2nc3ccccc3o2)cc1,C1CCCCC1,380.0
8429,COc1ccc(/C=C(\C)c2nc3ccccc3o2)cc1,CO,400.0
415,C/C(=C\c1ccc(C)cc1)c1nc2ccccc2o1,C1CCCCC1,370.0
9968,Cc1cc(C)c(C)c(B(c2c(C)c(C)c(N3c4ccccc4Oc4ccccc43)c(C)c2C)c2c(C)c(C)c(N3c4ccccc4Oc4ccccc43)c(C)c2C)c1C,CC(C)(C)c1ccc(-n2c3ccc([Si](c4ccccc4)(c4ccccc4)c4ccccc4)cc3c3cc([Si](c4ccccc4)(c4ccccc4)c4ccccc4)ccc32)cc1,484.0
9698,Cc1c(C)c(B(c2c(C)c(C)c(N3c4ccccc4Oc4ccccc43)c(C)c2C)c2c(C)c(C)c(N3c4ccccc4Oc4ccccc43)c(C)c2C)c(C)c(C)c1C#N,c1ccc([Si](c2ccccc2)(c2ccc(-n3c4ccccc4c4ccccc43)cc2)c2ccc(-n3c4ccccc4c4ccccc43)cc2)cc1,517.0
10559,Cc1ccc(C2=C3C=CC(Sc4ccccc4)=[N+]3[B-](F)(F)n3c(Sc4ccccc4)ccc32)cc1,C1CCOC1,599.0
8634,COc1ccc(C#Cc2c3ccccc3c(C#Cc3ccc(OC)cc3)c3cc4ccccc4cc23)cc1,ClCCl,576.0
3433,CCCCCCc1ccc(-n2c3[n+](c4c5ccccc5c5ccccc5c42)[B-](C)(C)c2cc(N(c4ccccc4)c4ccccc4)ccc2-3)cc1,Cc1ccccc1,428.0
3434,CCCCCCc1ccc(-n2c3[n+](c4c5ccccc5c5ccccc5c42)[B-](C)(C)c2cc(N(c4ccccc4)c4ccccc4)ccc2-3)cc1,ClCCl,437.0
3431,CCCCCCc1ccc(-n2c3[n+](c4c5ccccc5c5ccccc5c42)[B-](C)(C)c2cc(N(c4ccccc4)c4ccccc4)ccc2-3)cc1,C1CCOC1,435.0
3432,CCCCCCc1ccc(-n2c3[n+](c4c5ccccc5c5ccccc5c42)[B-](C)(C)c2cc(N(c4ccccc4)c4ccccc4)ccc2-3)cc1,CC#N,446.0
10463,Cc1ccc(C(=O)/N=c2\oc3cccc4c5c(-c6ccccc6)oc6cccc(c(c2-c2ccccc2)c34)c65)cc1,ClC(Cl)Cl,535.0
5468,CN(C)CCN(Cc1c2ccccc2c(CN(CCN(C)C)c2ccc([N+](=O)[O-])cc2[N+](=O)[O-])c2ccccc12)c1ccc([N+](=O)[O-])cc1[N+](=O)[O-],C1CCCCC1,416.0
5469,CN(C)CCN(Cc1c2ccccc2c(CN(CCN(C)C)c2ccc([N+](=O)[O-])cc2[N+](=O)[O-])c2ccccc12)c1ccc([N+](=O)[O-])cc1[N+](=O)[O-],C1CCOC1,419.0
5470,CN(C)CCN(Cc1c2ccccc2c(CN(CCN(C)C)c2ccc([N+](=O)[O-])cc2[N+](=O)[O-])c2ccccc12)c1ccc([N+](=O)[O-])cc1[N+](=O)[O-],CC#N,389.0
5471,CN(C)CCN(Cc1c2ccccc2c(CN(CCN(C)C)c2ccc([N+](=O)[O-])cc2[N+](=O)[O-])c2ccccc12)c1ccc([N+](=O)[O-])cc1[N+](=O)[O-],CC(C)=O,387.0
5472,CN(C)CCN(Cc1c2ccccc2c(CN(CCN(C)C)c2ccc([N+](=O)[O-])cc2[N+](=O)[O-])c2ccccc12)c1ccc([N+](=O)[O-])cc1[N+](=O)[O-],CCO,388.0
5473,CN(C)CCN(Cc1c2ccccc2c(CN(CCN(C)C)c2ccc([N+](=O)[O-])cc2[N+](=O)[O-])c2ccccc12)c1ccc([N+](=O)[O-])cc1[N+](=O)[O-],CN(C)C=O,424.0
5474,CN(C)CCN(Cc1c2ccccc2c(CN(CCN(C)C)c2ccc([N+](=O)[O-])cc2[N+](=O)[O-])c2ccccc12)c1ccc([N+](=O)[O-])cc1[N+](=O)[O-],CO,389.0
5475,CN(C)CCN(Cc1c2ccccc2c(CN(CCN(C)C)c2ccc([N+](=O)[O-])cc2[N+](=O)[O-])c2ccccc12)c1ccc([N+](=O)[O-])cc1[N+](=O)[O-],ClC(Cl)Cl,417.0
10161,Cc1cc2c(o1)=CC1=C(C(F)(F)F)c3cc4oc(C)cc4n3[B-](F)(F)[N+]=21,ClC(Cl)Cl,620.0
10162,Cc1cc2c(o1)=CC1=Cc3cc4oc(C)cc4n3[B-](F)(F)[N+]=21,ClC(Cl)Cl,583.0
11005,Cc1nc2c(ccc3c2sc(/C=C/c2ccc(-n4c5ccccc5c5ccccc54)cc2)[n+]3C)s1,CO,607.0
11006,Cc1nc2c(ccc3c2sc(/C=C/c2ccc(-n4c5ccccc5c5ccccc54)cc2)[n+]3C)s1,ClC(Cl)Cl,638.0
13919,O=c1c2ccccc2n(-c2ccc(-c3ccc(-n4c5ccccc5c5ccccc54)cc3)cc2)c2ccccc12,ClCCl,404.0
14569,c1ccc(-c2cc(-c3ccc(N4c5ccccc5C5(c6ccccc64)c4ccccc4N(c4ccc(-c6cc(-c7ccccc7)nc(-c7ccccc7)n6)cc4)c4ccccc45)cc3)nc(-c3ccccc3)n2)cc1,Cc1ccccc1,455.8495822
14570,c1ccc(-c2cc(-c3ccc(N4c5ccccc5C5(c6ccccc64)c4ccccc4N(c4ccc(-c6cc(-c7ccccc7)nc(-c7ccccc7)n6)cc4)c4ccccc45)cc3)nc(-c3ccccc3)n2)cc1,O=P(c1ccccc1)(c1ccccc1)c1ccccc1Oc1ccccc1P(=O)(c1ccccc1)c1ccccc1,472.4759615
14420,[O-][n+]1c(/C=C/C=C/c2ccccc2)nc(N2CCOCC2)c2c1CCCC2,ClCCl,546.0
3264,CCCCCCCCOc1ccc(-c2c3c4n(c(-c5ccc(OCCCCCCCC)cc5)c3c3n2[B-](c2ccccc2)(c2ccccc2)[n+]2c(ccc5cc(C(C)(C)C)ccc52)C=3C#N)[B-](c2ccccc2)(c2ccccc2)[n+]2c(ccc3cc(C(C)(C)C)ccc32)C=4C#N)cc1,ClC(Cl)Cl,831.0
2798,CCCCC(CC)COc1ccc2nc(-c3ccc(-c4c(C)noc4C)s3)sc2c1,ClCCl,415.0
4062,CCN(CC)c1ccc(/C=C2\CC/C(=C\c3ccc(N(c4ccc(/C=C5\CC/C(=C\c6ccc(N(CC)CC)cc6)C5=C(C#N)C#N)cc4)c4ccc(/C=C5\CC/C(=C\c6ccc(N(CC)CC)cc6)C5=C(C#N)C#N)cc4)cc3)C2=C(C#N)C#N)cc1,CN(C)C=O,720.0
13974,O=c1cc[nH]c(=O)[nH]1,CC#N,311.0
9822,Cc1cc(=O)[nH]c(=O)[nH]1,CC#N,308.0
9761,Cc1c[nH]c(=O)[nH]c1=O,CC#N,315.0
13864,O=c1[nH]cc(F)c(=O)[nH]1,CC#N,322.0
10948,Cc1cn(C(F)(F)F)c(=O)[nH]c1=O,CC#N,307.0
11207,Cn1ccc(=O)n(C)c1=O,CC#N,308.0
3569,CCCCN(CCCC)c1ccc2c#cc3cc4c#cc5ccc(C(F)(F)F)cc5c#cc#cc5cc(C(F)(F)F)ccc5c#cc4cc3c#cc3ccc(N(CCCC)CCCC)cc3c#cc#cc2c1,ClCCl,554.0
3570,CCCCN(CCCC)c1ccc2c#cc3cc4c#cc5ccc(C(F)(F)F)cc5c#cc#cc5cc(C(F)(F)F)ccc5c#cc4cc3c#cc3ccc(N(CCCC)CCCC)cc3c#cc#cc2c1,c1ccccc1,504.0
3571,CCCCN(CCCC)c1ccc2c#cc3cc4c#cc5ccc(C(F)(F)F)cc5c#cc#cc5cc(N(CCCC)CCCC)ccc5c#cc4cc3c#cc3ccc(C(F)(F)F)cc3c#cc#cc2c1,ClCCl,555.0
3572,CCCCN(CCCC)c1ccc2c#cc3cc4c#cc5ccc(C(F)(F)F)cc5c#cc#cc5cc(N(CCCC)CCCC)ccc5c#cc4cc3c#cc3ccc(C(F)(F)F)cc3c#cc#cc2c1,c1ccccc1,521.0
3573,CCCCN(CCCC)c1ccc2c#cc3cc4c#cc5ccc(N(CCCC)CCCC)cc5c#cc#cc5cc(C(F)(F)F)ccc5c#cc4cc3c#cc3ccc(C(F)(F)F)cc3c#cc#cc2c1,ClCCl,544.0
3574,CCCCN(CCCC)c1ccc2c#cc3cc4c#cc5ccc(N(CCCC)CCCC)cc5c#cc#cc5cc(C(F)(F)F)ccc5c#cc4cc3c#cc3ccc(C(F)(F)F)cc3c#cc#cc2c1,c1ccccc1,501.0
11928,N#Cc1c(-n2c3ccc(Br)cc3c3cc(Br)ccc32)c(C#N)c(-n2c3ccc(Br)cc3c3cc(Br)ccc32)c(-n2c3ccc(Br)cc3c3cc(Br)ccc32)c1-n1c2ccc(Br)cc2c2cc(Br)ccc21,Cc1ccccc1,521.0
11929,N#Cc1c(-n2c3ccc(Cl)cc3c3cc(Cl)ccc32)c(C#N)c(-n2c3ccc(Cl)cc3c3cc(Cl)ccc32)c(-n2c3ccc(Cl)cc3c3cc(Cl)ccc32)c1-n1c2ccc(Cl)cc2c2cc(Cl)ccc21,Cc1ccccc1,518.0
11931,N#Cc1c(-n2c3ccc(I)cc3c3cc(I)ccc32)c(C#N)c(-n2c3ccc(I)cc3c3cc(I)ccc32)c(-n2c3ccc(I)cc3c3cc(I)ccc32)c1-n1c2ccc(I)cc2c2cc(I)ccc21,Cc1ccccc1,533.0
11933,N#Cc1c(-n2c3ccccc3c3cc(Br)ccc32)c(C#N)c(-n2c3ccccc3c3cc(Br)ccc32)c(-n2c3ccccc3c3cc(Br)ccc32)c1-n1c2ccccc2c2cc(Br)ccc21,Cc1ccccc1,515.0
11935,N#Cc1c(-n2c3ccccc3c3cc(I)ccc32)c(C#N)c(-n2c3ccccc3c3cc(I)ccc32)c(-n2c3ccccc3c3cc(I)ccc32)c1-n1c2ccccc2c2cc(I)ccc21,Cc1ccccc1,518.0
1024,CC(C)(C)c1ccc(-c2nc3c4ccc(-c5ccccc5)cc4c4cc(-c5ccccc5)ccc4c3n2-c2ccc(C(C)(C)C)cc2)cc1,C1COCCO1,389.0
1025,CC(C)(C)c1ccc(-c2nc3c4ccc(-c5ccccc5)cc4c4cc(-c5ccccc5)ccc4c3n2-c2ccc(C(C)(C)C)cc2)cc1,CC#N,391.0
1026,CC(C)(C)c1ccc(-c2nc3c4ccc(-c5ccccc5)cc4c4cc(-c5ccccc5)ccc4c3n2-c2ccc(C(C)(C)C)cc2)cc1,CCCCCC,385.0
1027,CC(C)(C)c1ccc(-c2nc3c4ccc(-c5ccccc5)cc4c4cc(-c5ccccc5)ccc4c3n2-c2ccc(C(C)(C)C)cc2)cc1,CCCCOCCCC,386.0
1028,CC(C)(C)c1ccc(-c2nc3c4ccc(-c5ccccc5)cc4c4cc(-c5ccccc5)ccc4c3n2-c2ccc(C(C)(C)C)cc2)cc1,CCN(CC)CC,386.0
1029,CC(C)(C)c1ccc(-c2nc3c4ccc(-c5ccccc5)cc4c4cc(-c5ccccc5)ccc4c3n2-c2ccc(C(C)(C)C)cc2)cc1,CCOC(C)=O,388.0
1030,CC(C)(C)c1ccc(-c2nc3c4ccc(-c5ccccc5)cc4c4cc(-c5ccccc5)ccc4c3n2-c2ccc(C(C)(C)C)cc2)cc1,CCOCC,386.0
1031,CC(C)(C)c1ccc(-c2nc3c4ccc(-c5ccccc5)cc4c4cc(-c5ccccc5)ccc4c3n2-c2ccc(C(C)(C)C)cc2)cc1,CN(C)C=O,392.0
1032,CC(C)(C)c1ccc(-c2nc3c4ccc(-c5ccccc5)cc4c4cc(-c5ccccc5)ccc4c3n2-c2ccc(C(C)(C)C)cc2)cc1,Cc1ccccc1,388.0
1033,CC(C)(C)c1ccc(-c2nc3c4ccc(-c5ccccc5)cc4c4cc(-c5ccccc5)ccc4c3n2-c2ccc(C(C)(C)C)cc2)cc1,ClC=C(Cl)Cl,389.0
1034,CC(C)(C)c1ccc(-c2nc3c4ccc(-c5ccccc5)cc4c4cc(-c5ccccc5)ccc4c3n2-c2ccc(C(C)(C)C)cc2)cc1,ClCCl,390.0
1023,CC(C)(C)c1ccc(-c2nc3c4ccc(-c5ccccc5)cc4c4cc(-c5ccccc5)ccc4c3n2-c2ccc(C(C)(C)C)cc2)cc1,C1CCOC1,389.0
3348,CCCCCCN1C(=O)c2cccc3c(-c4cc5ccccc5s4)ccc(c23)C1=O,ClC(Cl)Cl,472.0
3413,CCCCCCOc1ccc(N(c2ccc(OCCCCCC)cc2)c2ccc(-c3sc(-c4ccc(N(c5ccc(OCCCCCC)cc5)c5ccc(OCCCCCC)cc5)cc4)c4nc(-c5ccc(C(=O)OC)cc5)c(-c5ccc(C(=O)OC)cc5)nc34)cc2)cc1,ClCCl,820.0
3414,CCCCCCOc1ccc(N(c2ccc(OCCCCCC)cc2)c2ccc(-c3sc(-c4ccc(N(c5ccc(OCCCCCC)cc5)c5ccc(OCCCCCC)cc5)cc4)c4nc(-c5ccc(OC)cc5)c(-c5ccc(OC)cc5)nc34)cc2)cc1,ClCCl,752.0
1171,CC(C)(C)c1ccc2c(c1)c1cc(C(C)(C)C)ccc1n2-c1ccc(C(=C(C#N)C#N)c2ccc(-n3c4ccc(C(C)(C)C)cc4c4cc(C(C)(C)C)ccc43)cc2)cc1,Cc1ccccc1,566.0
1172,CC(C)(C)c1ccc2c(c1)c1cc(C(C)(C)C)ccc1n2-c1ccc(C(=CC#N)c2ccc(-n3c4ccc(C(C)(C)C)cc4c4cc(C(C)(C)C)ccc43)cc2)cc1,Cc1ccccc1,450.0
15282,c1ccc2cc3c(cc2c1)-c1cccc2cc4ccccc4c-3c12,CCCCCCC,471.0
15175,c1ccc2c(c1)CCc1ccccc1N2c1c2ccccc2cc2ccccc12,Cc1ccccc1,507.0
12462,Nc1cc(N)cc(-c2nc3ccccc3s2)c1,C1CCCCC1,410.5
12463,Nc1cc(N)cc(-c2nc3ccccc3s2)c1,C1COCCO1,458.0
12464,Nc1cc(N)cc(-c2nc3ccccc3s2)c1,CC#N,482.0
12465,Nc1cc(N)cc(-c2nc3ccccc3s2)c1,CC(C)O,513.0
7340,COC(=O)c1ccc(-c2nc3ccc(N(C)C)cc3s2)cc1,C1CCCCC1,426.0
7341,COC(=O)c1ccc(-c2nc3ccc(N(C)C)cc3s2)cc1,CC#N,558.0
7342,COC(=O)c1ccc(-c2nc3ccc(N(C)C)cc3s2)cc1,CC(C)O,550.0
7343,COC(=O)c1ccc(-c2nc3ccc(N(C)C)cc3s2)cc1,CO,569.0
7344,COC(=O)c1ccc(-c2nc3ccc(N(C)C)cc3s2)cc1,CS(C)=O,580.0
7345,COC(=O)c1ccc(-c2nc3ccc(N(C)C)cc3s2)cc1,ClC(Cl)Cl,496.0
7346,COC(=O)c1ccc(-c2nc3ccc(N(C)C)cc3s2)cc1,c1ccccc1,475.0
12466,Nc1cc(N)cc(-c2nc3ccccc3s2)c1,CCOC(C)=O,468.0
12467,Nc1cc(N)cc(-c2nc3ccccc3s2)c1,CCOCC,457.0
12468,Nc1cc(N)cc(-c2nc3ccccc3s2)c1,CO,519.0
12469,Nc1cc(N)cc(-c2nc3ccccc3s2)c1,O,541.0
6581,CN(C)c1ccc2nc(-c3ccc(C(=O)O)cc3)sc2c1,C1CCCCC1,426.0
6582,CN(C)c1ccc2nc(-c3ccc(C(=O)O)cc3)sc2c1,CC#N,558.0
6583,CN(C)c1ccc2nc(-c3ccc(C(=O)O)cc3)sc2c1,CC(C)O,493.0
6584,CN(C)c1ccc2nc(-c3ccc(C(=O)O)cc3)sc2c1,CO,512.0
6585,CN(C)c1ccc2nc(-c3ccc(C(=O)O)cc3)sc2c1,CS(C)=O,568.0
6586,CN(C)c1ccc2nc(-c3ccc(C(=O)O)cc3)sc2c1,ClC(Cl)Cl,509.0
6587,CN(C)c1ccc2nc(-c3ccc(C(=O)O)cc3)sc2c1,c1ccccc1,484.5
6588,CN(C)c1ccc2nc(-c3ccc(C(=O)OC(C)(C)C)cc3)sc2c1,C1CCCCC1,423.0
6589,CN(C)c1ccc2nc(-c3ccc(C(=O)OC(C)(C)C)cc3)sc2c1,CC#N,550.0
6590,CN(C)c1ccc2nc(-c3ccc(C(=O)OC(C)(C)C)cc3)sc2c1,CC(C)O,537.0
6591,CN(C)c1ccc2nc(-c3ccc(C(=O)OC(C)(C)C)cc3)sc2c1,CO,557.0
6592,CN(C)c1ccc2nc(-c3ccc(C(=O)OC(C)(C)C)cc3)sc2c1,CS(C)=O,568.0
6593,CN(C)c1ccc2nc(-c3ccc(C(=O)OC(C)(C)C)cc3)sc2c1,ClC(Cl)Cl,487.0
6594,CN(C)c1ccc2nc(-c3ccc(C(=O)OC(C)(C)C)cc3)sc2c1,c1ccccc1,470.0
12470,Nc1cc([NH3+])cc(-c2nc3ccccc3s2)c1,O,493.5
14409,[NH-]c1cc(N)cc(-c2nc3ccccc3s2)c1,O,484.0
14415,[NH3+]c1cc([NH3+])cc(-c2nc3ccccc3s2)c1,O,402.0
5445,CN(C)C(=O)c1ccc(-c2nc3ccc(N(C)C)cc3s2)cc1,C1CCCCC1,415.0
5446,CN(C)C(=O)c1ccc(-c2nc3ccc(N(C)C)cc3s2)cc1,CC#N,521.0
5447,CN(C)C(=O)c1ccc(-c2nc3ccc(N(C)C)cc3s2)cc1,CC(C)O,518.0
5448,CN(C)C(=O)c1ccc(-c2nc3ccc(N(C)C)cc3s2)cc1,CO,543.0
5449,CN(C)C(=O)c1ccc(-c2nc3ccc(N(C)C)cc3s2)cc1,CS(C)=O,534.0
5450,CN(C)C(=O)c1ccc(-c2nc3ccc(N(C)C)cc3s2)cc1,ClC(Cl)Cl,472.0
5451,CN(C)C(=O)c1ccc(-c2nc3ccc(N(C)C)cc3s2)cc1,c1ccccc1,457.0
6603,CN(C)c1ccc2nc(-c3ccccc3)sc2c1,C1CCCCC1,393.0
6604,CN(C)c1ccc2nc(-c3ccccc3)sc2c1,CC#N,474.6666666666667
6606,CN(C)c1ccc2nc(-c3ccccc3)sc2c1,CO,483.3333333333333
6607,CN(C)c1ccc2nc(-c3ccccc3)sc2c1,CS(C)=O,486.4077079
6608,CN(C)c1ccc2nc(-c3ccccc3)sc2c1,ClC(Cl)Cl,442.6666666666667
14292,Oc1ccccc1-c1nc2ccccc2s1,CCO,373.0
14293,Oc1ccccc1-c1nc2ccccc2s1,ClCCl,396.0
14294,Oc1ccccc1-c1nc2ccccc2s1,O,463.0
13149,O=C1OC(=O)[C@H]2[C@@H]1[C@@H]1C[C@H]2c2c1c(-c1ccccc1)c1ccccc1c2-c1ccccc1,ClC(Cl)Cl,362.0
7529,COCCOCCOCCOCC(COCCOCCOCCOC)Oc1cc(/C=C/c2ccc(/C=C(\C#N)c3ccncc3)cc2)c(OC(COCCOCCOCCOC)COCCOCCOCCOC)cc1/C=C/c1ccc(/C=C(\C#N)c2ccncc2)cc1,ClCCl,574.0
3256,CCCCCCCCOc1cc(/C=C/c2cc(OCCCCCCCC)c(/C=C/c3cc(OCCCCCCCC)c(/C=C/c4ccncc4)cc3OCCCCCCCC)cc2OCCCCCCCC)c(OCCCCCCCC)cc1/C=C/c1ccncc1,ClCCl,570.0
5645,CN(C)c1ccc(-c2ccc(/C=C/c3cnc4ccccc4n3)cc2)cc1,ClCCl,617.0
8235,COc1ccc(-c2ccc(/C=C/c3cnc4ccccc4n3)cc2)cc1,ClCCl,485.0
1983,CC1=CC(/C=C/c2ccc(OCCN3CCCCC3)cc2)=[N+]2C1=C(c1ccc(OCCN3CCCCC3)cc1)c1c(C)cc(/C=C/c3ccc(OCCN4CCCCC4)cc3)n1[B-]2(F)F,CCO,652.0
11635,N#C/C(=C/Nc1ccc(C#N)cc1)c1nc(-c2ccccc2)cs1,CCO,434.0
11636,N#C/C(=C/Nc1ccc(C#N)cc1)c1nc(-c2ccccc2)cs1,CN(C)C=O,436.0
11637,N#C/C(=C/Nc1ccc(C#N)cc1)c1nc(-c2ccccc2)cs1,Cc1ccccc1,438.0
11638,N#C/C(=C/Nc1ccc(C#N)cc1)c1nc(-c2ccccc2)cs1,ClCCl,437.0
8281,COc1ccc(-c2csc(/C(C#N)=C\Nc3ccc(C#N)cc3)n2)cc1,CC#N,451.0
8282,COc1ccc(-c2csc(/C(C#N)=C\Nc3ccc(C#N)cc3)n2)cc1,CCO,444.0
8283,COc1ccc(-c2csc(/C(C#N)=C\Nc3ccc(C#N)cc3)n2)cc1,CN(C)C=O,453.0
8284,COc1ccc(-c2csc(/C(C#N)=C\Nc3ccc(C#N)cc3)n2)cc1,Cc1ccccc1,441.0
8285,COc1ccc(-c2csc(/C(C#N)=C\Nc3ccc(C#N)cc3)n2)cc1,ClCCl,447.0
1747,CC1(C)c2ccccc2-c2cc3c4cc(-n5c6ccccc6c6ccccc65)ccc4n(-c4ccc(-c5nc(-c6ccccc6)nc(-c6ccccc6)n5)cc4)c3cc21,Cc1ccccc1,454.0
10827,Cc1cccc(C)c1-c1cc2c(C)c3c4cc5nc6cc7c(cc6nc5cc4c3c(C)c2cc1-c1c(C)cccc1C)c1c(C)c2cc(-c3c(C)cccc3C)c(-c3c(C)cccc3C)cc2c(C)c71,ClC(Cl)Cl,523.0
3332,CCCCCCN(c1ccccc1)c1ccc(/C=C/c2cc(=O)oc3cc(C)ccc23)cc1,CS(C)=O,583.0
3333,CCCCCCN(c1ccccc1)c1ccc(/C=C/c2cc(=O)oc3cc(C)ccc23)cc1,ClC(Cl)Cl,544.0
921,CC(C)(C)c1ccc(-c2c(-c3ccc(-n4c5ccccc5c5ccccc54)cc3)c(C#N)c(-c3ccc(-n4c5ccccc5c5ccccc54)cc3)c(-c3ccc(C(C)(C)C)cc3)c2-c2ccc(C(C)(C)C)cc2)cc1,C1CCOC1,406.0
922,CC(C)(C)c1ccc(-c2c(-c3ccc(-n4c5ccccc5c5ccccc54)cc3)cc(-c3ccc(-n4c5ccccc5c5ccccc54)cc3)c(-c3ccc(C(C)(C)C)cc3)c2-c2ccc(C(C)(C)C)cc2)cc1,C1CCOC1,367.0
6060,CN(C)c1ccc(/C=C/c2nc(/C=C/c3ccc(N(C)C)cc3)c3ccccc3n2)cc1,C1CCCCC1,503.0
6061,CN(C)c1ccc(/C=C/c2nc(/C=C/c3ccc(N(C)C)cc3)c3ccccc3n2)cc1,C1CCOC1,540.0
6062,CN(C)c1ccc(/C=C/c2nc(/C=C/c3ccc(N(C)C)cc3)c3ccccc3n2)cc1,CC#N,570.0
6063,CN(C)c1ccc(/C=C/c2nc(/C=C/c3ccc(N(C)C)cc3)c3ccccc3n2)cc1,CS(C)=O,580.0
6064,CN(C)c1ccc(/C=C/c2nc(/C=C/c3ccc(N(C)C)cc3)c3ccccc3n2)cc1,ClCCl,545.0
3682,CCCCOc1c(-c2ccc(C=O)cc2)cc2cc(-c3ccc(C=O)cc3)c(OCCCC)c3c4c(OCCCC)c(-c5ccc(C=O)cc5)cc5cc(-c6ccc(C=O)cc6)c(OCCCC)c(c1c23)c54,ClCCl,500.0
10343,Cc1ccc(-n2c(-c3ccccc3NS(=O)(=O)c3ccc(C)cc3)nc3c4ccccc4c4ccccc4c32)cc1,Cc1ccccc1,365.0
14615,c1ccc(-c2ccc(-c3ccc4c(c3)CCO4)cc2)cc1,C1CCCCC1,377.0
925,CC(C)(C)c1ccc(-c2c(-c3ccc4c5ccccc5n(-c5ccccc5)c4c3)c(C#N)c(-c3ccc4c5ccccc5n(-c5ccccc5)c4c3)c(-c3ccc(C(C)(C)C)cc3)c2-c2ccc(C(C)(C)C)cc2)cc1,C1CCOC1,400.0
2194,CC1=[N+]2C(=C(/C=C/c3ccc(C(F)(F)F)cc3)c3ccc(C)n3[B-]2(F)F)C=C1c1cc2n(c1)[B-](F)(F)[N+]1=CC=CC1=C2c1c(C)cc(C)cc1C,CCOC(C)=O,710.0
2193,CC1=[N+]2C(=C(/C=C/c3ccc(C(F)(F)F)cc3)c3ccc(C)n3[B-]2(F)F)C=C1c1cc2n(c1)[B-](F)(F)[N+]1=CC=CC1=C2c1c(C)cc(C)cc1C,C1CCCCC1,704.0
3422,CCCCCCc1cc2/c(=C(\C#N)C(=O)OC)s/c(=c3/s/c(=C(/C#N)C(=O)OC)c4cc(CCCCCC)sc34)c2s1,Cc1ccccc1,605.0
13572,O=P(c1ccccc1)(c1ccccc1)n1c2ccccc2c2cc(-n3c4ccccc4c4cc(-n5c6ccccc6c6ccccc65)ccc43)ccc21,C1CCOC1,373.0
13573,O=P(c1ccccc1)(c1ccccc1)n1c2ccccc2c2cc(-n3c4ccccc4c4cc(-n5c6ccccc6c6ccccc65)ccc43)ccc21,CC(C)=O,374.0
13574,O=P(c1ccccc1)(c1ccccc1)n1c2ccccc2c2cc(-n3c4ccccc4c4cc(-n5c6ccccc6c6ccccc65)ccc43)ccc21,Cc1ccccc1,373.0
13575,O=P(c1ccccc1)(c1ccccc1)n1c2ccccc2c2cc(-n3c4ccccc4c4cc(-n5c6ccccc6c6ccccc65)ccc43)ccc21,ClCCl,381.0
11001,Cc1nc2c(ccc3c2sc(/C=C/C=C/c2ccc(N(C)C)cc2)[n+]3C)s1,CO,700.0
11002,Cc1nc2c(ccc3c2sc(/C=C/C=C/c2ccc(N(C)C)cc2)[n+]3C)s1,ClC(Cl)Cl,696.0
11300,F[B-]1(F)OC(c2cc3c4c(c2)CCCN4CCC3)=Cc2cccc[n+]21,ClC(Cl)Cl,525.0
4942,CCOC(=O)c1ccccc1-c1c2ccc(=O)cc-2oc2cc(OC(=O)[C@H](CO[Si](C)(C)C(C)(C)C)NC(=O)OC(C)(C)C)ccc12,C1CCOC1,512.0
4943,CCOC(=O)c1ccccc1-c1c2ccc(=O)cc-2oc2cc(OC(=O)[C@H](CO[Si](C)(C)C(C)(C)C)NC(=O)OC(C)(C)C)ccc12,CC#N,542.0
4944,CCOC(=O)c1ccccc1-c1c2ccc(=O)cc-2oc2cc(OC(=O)[C@H](CO[Si](C)(C)C(C)(C)C)NC(=O)OC(C)(C)C)ccc12,CCO,525.0
4945,CCOC(=O)c1ccccc1-c1c2ccc(=O)cc-2oc2cc(OC(=O)[C@H](CO[Si](C)(C)C(C)(C)C)NC(=O)OC(C)(C)C)ccc12,CS(C)=O,547.0
12860,O=C([O-])c1ccccc1-c1c2cc(I)c(=O)c(I)c-2oc2c(I)c([O-])c(I)cc12,CC(C)O,557.0
12861,O=C([O-])c1ccccc1-c1c2cc(I)c(=O)c(I)c-2oc2c(I)c([O-])c(I)cc12,CCO,551.0
12862,O=C([O-])c1ccccc1-c1c2cc(I)c(=O)c(I)c-2oc2c(I)c([O-])c(I)cc12,CO,545.0
12863,O=C([O-])c1ccccc1-c1c2cc(I)c(=O)c(I)c-2oc2c(I)c([O-])c(I)cc12,O,534.0
12846,O=C([O-])c1c(Cl)c(Cl)c(Cl)c(Cl)c1-c1c2cc(Cl)c(=O)c(Cl)c-2oc2c(Cl)c(O)c(Cl)cc12,O,553.0
12847,O=C([O-])c1c(Cl)c(Cl)c(Cl)c(Cl)c1-c1c2cc(I)c(=O)c(I)c-2oc2c(I)c([O-])c(I)cc12,CC(C)O,576.0
12848,O=C([O-])c1c(Cl)c(Cl)c(Cl)c(Cl)c1-c1c2cc(I)c(=O)c(I)c-2oc2c(I)c([O-])c(I)cc12,CCO,573.0
12849,O=C([O-])c1c(Cl)c(Cl)c(Cl)c(Cl)c1-c1c2cc(I)c(=O)c(I)c-2oc2c(I)c([O-])c(I)cc12,CO,571.0
12850,O=C([O-])c1c(Cl)c(Cl)c(Cl)c(Cl)c1-c1c2cc(I)c(=O)c(I)c-2oc2c(I)c([O-])c(I)cc12,O,566.0
4191,CCN(CC)c1ccc2c(c1)oc(=O)c1cc3c(-c4ccccc4)nn(C)c3nc12,ClCCl,506.0
210,C(=C/c1ccc(-c2ccccc2)cc1)\c1ccc(Oc2ccc3ccccc3c2-c2c(Oc3ccc(/C=C/c4ccc(-c5ccccc5)cc4)cc3)ccc3ccccc23)cc1,ClCCl,385.0
10002,Cc1cc(C)c(C2=C3C=c4c(c5ccc(C(C)(C)C)cc5c5cc(C(C)(C)C)ccc45)=[N+]3[B-](F)(F)n3c2cc2c4ccc(C(C)(C)C)cc4c4cc(C(C)(C)C)ccc4c23)c(C)c1,C1CCCCC1,707.0
10003,Cc1cc(C)c(C2=C3C=c4c(c5ccc(C(C)(C)C)cc5c5cc(C(C)(C)C)ccc45)=[N+]3[B-](F)(F)n3c2cc2c4ccc(C(C)(C)C)cc4c4cc(C(C)(C)C)ccc4c23)c(C)c1,C1CCOC1,711.0
1273,CC(C)(C)c1ccc2c3c(c4ccc(C(C)(C)C)cc4c2c1)=[N+]1C(=C(c2ccccc2)c2cc4c5ccc(C(C)(C)C)cc5c5cc(C(C)(C)C)ccc5c4n2[B-]1(F)F)C=3,C1CCOC1,713.0
10004,Cc1cc(C)c(C2=C3C=c4c(c5ccc(C(C)(C)C)cc5c5cc(C(C)(C)C)ccc45)=[N+]3[B-](F)(F)n3c2cc2c4ccc(C(C)(C)C)cc4c4cc(C(C)(C)C)ccc4c23)c(C)c1,CC#N,711.0
10005,Cc1cc(C)c(C2=C3C=c4c(c5ccc(C(C)(C)C)cc5c5cc(C(C)(C)C)ccc45)=[N+]3[B-](F)(F)n3c2cc2c4ccc(C(C)(C)C)cc4c4cc(C(C)(C)C)ccc4c23)c(C)c1,Cc1ccccc1,715.0
10006,Cc1cc(C)c(C2=C3C=c4c(c5ccc(C(C)(C)C)cc5c5cc(C(C)(C)C)ccc45)=[N+]3[B-](F)(F)n3c2cc2c4ccc(C(C)(C)C)cc4c4cc(C(C)(C)C)ccc4c23)c(C)c1,ClCCl,715.0
10007,Cc1cc(C)c(C2=C3C=c4c(c5ccccc5c5ccccc45)=[N+]3[B-](F)(F)n3c2cc2c4ccccc4c4ccccc4c23)c(C)c1,C1CCCCC1,688.0
10008,Cc1cc(C)c(C2=C3C=c4c(c5ccccc5c5ccccc45)=[N+]3[B-](F)(F)n3c2cc2c4ccccc4c4ccccc4c23)c(C)c1,C1CCOC1,691.0
10009,Cc1cc(C)c(C2=C3C=c4c(c5ccccc5c5ccccc45)=[N+]3[B-](F)(F)n3c2cc2c4ccccc4c4ccccc4c23)c(C)c1,CC#N,688.0
10010,Cc1cc(C)c(C2=C3C=c4c(c5ccccc5c5ccccc45)=[N+]3[B-](F)(F)n3c2cc2c4ccccc4c4ccccc4c23)c(C)c1,Cc1ccccc1,697.0
10011,Cc1cc(C)c(C2=C3C=c4c(c5ccccc5c5ccccc45)=[N+]3[B-](F)(F)n3c2cc2c4ccccc4c4ccccc4c23)c(C)c1,ClCCl,692.5
1275,CC(C)(C)c1ccc2c3c(c4ccc(C(C)(C)C)cc4c2c1)=[N+]1C(=C(c2ccccc2)c2cc4c5ccc(C(C)(C)C)cc5c5cc(C(C)(C)C)ccc5c4n2[B-]1(F)F)C=3,Cc1ccccc1,713.0
9118,COc1ccc2c3c(c4ccc(OC)cc4c2c1)=[N+]1C(=C(c2c(C)cc(C)cc2C)c2cc4c5ccc(OC)cc5c5cc(OC)ccc5c4n2[B-]1(F)F)C=3,C1CCCCC1,700.0
9119,COc1ccc2c3c(c4ccc(OC)cc4c2c1)=[N+]1C(=C(c2c(C)cc(C)cc2C)c2cc4c5ccc(OC)cc5c5cc(OC)ccc5c4n2[B-]1(F)F)C=3,C1CCOC1,712.0
9120,COc1ccc2c3c(c4ccc(OC)cc4c2c1)=[N+]1C(=C(c2c(C)cc(C)cc2C)c2cc4c5ccc(OC)cc5c5cc(OC)ccc5c4n2[B-]1(F)F)C=3,CC#N,712.0
9121,COc1ccc2c3c(c4ccc(OC)cc4c2c1)=[N+]1C(=C(c2c(C)cc(C)cc2C)c2cc4c5ccc(OC)cc5c5cc(OC)ccc5c4n2[B-]1(F)F)C=3,Cc1ccccc1,712.0
1276,CC(C)(C)c1ccc2c3c(c4ccc(C(C)(C)C)cc4c2c1)=[N+]1C(=C(c2ccccc2)c2cc4c5ccc(C(C)(C)C)cc5c5cc(C(C)(C)C)ccc5c4n2[B-]1(F)F)C=3,ClCCl,716.0
9122,COc1ccc2c3c(c4ccc(OC)cc4c2c1)=[N+]1C(=C(c2c(C)cc(C)cc2C)c2cc4c5ccc(OC)cc5c5cc(OC)ccc5c4n2[B-]1(F)F)C=3,ClCCl,711.0
8070,COc1cc2c3c(c4cc(OC)c(OC)c(OC)c4c2c(OC)c1OC)=[N+]1C(=C(c2c(C)cc(C)cc2C)c2cc4c5cc(OC)c(OC)c(OC)c5c5c(OC)c(OC)c(OC)cc5c4n2[B-]1(F)F)C=3,C1CCCCC1,749.0
8072,COc1cc2c3c(c4cc(OC)c(OC)c(OC)c4c2c(OC)c1OC)=[N+]1C(=C(c2c(C)cc(C)cc2C)c2cc4c5cc(OC)c(OC)c(OC)c5c5c(OC)c(OC)c(OC)cc5c4n2[B-]1(F)F)C=3,CC#N,755.0
9084,COc1ccc2c(c1)c1c(c3cc(OC)ccc32)=[N+]2C(=C(c3c(C)cc(C)cc3C)c3cc4c5cc(OC)ccc5c5ccc(OC)cc5c4n3[B-]2(F)F)C=1,C1CCCCC1,710.0
9085,COc1ccc2c(c1)c1c(c3cc(OC)ccc32)=[N+]2C(=C(c3c(C)cc(C)cc3C)c3cc4c5cc(OC)ccc5c5ccc(OC)cc5c4n3[B-]2(F)F)C=1,C1CCOC1,713.0
9086,COc1ccc2c(c1)c1c(c3cc(OC)ccc32)=[N+]2C(=C(c3c(C)cc(C)cc3C)c3cc4c5cc(OC)ccc5c5ccc(OC)cc5c4n3[B-]2(F)F)C=1,CC#N,711.0
9087,COc1ccc2c(c1)c1c(c3cc(OC)ccc32)=[N+]2C(=C(c3c(C)cc(C)cc3C)c3cc4c5cc(OC)ccc5c5ccc(OC)cc5c4n3[B-]2(F)F)C=1,Cc1ccccc1,717.0
9088,COc1ccc2c(c1)c1c(c3cc(OC)ccc32)=[N+]2C(=C(c3c(C)cc(C)cc3C)c3cc4c5cc(OC)ccc5c5ccc(OC)cc5c4n3[B-]2(F)F)C=1,ClCCl,713.0
1267,CC(C)(C)c1ccc2c3c(c4ccc(C(C)(C)C)cc4c2c1)=[N+]1C(=C(c2ccccc2)c2c(Br)c4c5ccc(C(C)(C)C)cc5c5cc(C(C)(C)C)ccc5c4n2[B-]1(F)F)C=3Br,C1CCCCC1,711.0
1268,CC(C)(C)c1ccc2c3c(c4ccc(C(C)(C)C)cc4c2c1)=[N+]1C(=C(c2ccccc2)c2c(Br)c4c5ccc(C(C)(C)C)cc5c5cc(C(C)(C)C)ccc5c4n2[B-]1(F)F)C=3Br,C1CCOC1,715.0
1269,CC(C)(C)c1ccc2c3c(c4ccc(C(C)(C)C)cc4c2c1)=[N+]1C(=C(c2ccccc2)c2c(Br)c4c5ccc(C(C)(C)C)cc5c5cc(C(C)(C)C)ccc5c4n2[B-]1(F)F)C=3Br,CC#N,714.0
1270,CC(C)(C)c1ccc2c3c(c4ccc(C(C)(C)C)cc4c2c1)=[N+]1C(=C(c2ccccc2)c2c(Br)c4c5ccc(C(C)(C)C)cc5c5cc(C(C)(C)C)ccc5c4n2[B-]1(F)F)C=3Br,Cc1ccccc1,715.0
1271,CC(C)(C)c1ccc2c3c(c4ccc(C(C)(C)C)cc4c2c1)=[N+]1C(=C(c2ccccc2)c2c(Br)c4c5ccc(C(C)(C)C)cc5c5cc(C(C)(C)C)ccc5c4n2[B-]1(F)F)C=3Br,ClCCl,717.0
1272,CC(C)(C)c1ccc2c3c(c4ccc(C(C)(C)C)cc4c2c1)=[N+]1C(=C(c2ccccc2)c2cc4c5ccc(C(C)(C)C)cc5c5cc(C(C)(C)C)ccc5c4n2[B-]1(F)F)C=3,C1CCCCC1,709.0
8071,COc1cc2c3c(c4cc(OC)c(OC)c(OC)c4c2c(OC)c1OC)=[N+]1C(=C(c2c(C)cc(C)cc2C)c2cc4c5cc(OC)c(OC)c(OC)c5c5c(OC)c(OC)c(OC)cc5c4n2[B-]1(F)F)C=3,C1CCOC1,763.0
1274,CC(C)(C)c1ccc2c3c(c4ccc(C(C)(C)C)cc4c2c1)=[N+]1C(=C(c2ccccc2)c2cc4c5ccc(C(C)(C)C)cc5c5cc(C(C)(C)C)ccc5c4n2[B-]1(F)F)C=3,CC#N,712.0
8073,COc1cc2c3c(c4cc(OC)c(OC)c(OC)c4c2c(OC)c1OC)=[N+]1C(=C(c2c(C)cc(C)cc2C)c2cc4c5cc(OC)c(OC)c(OC)c5c5c(OC)c(OC)c(OC)cc5c4n2[B-]1(F)F)C=3,Cc1ccccc1,767.0
8074,COc1cc2c3c(c4cc(OC)c(OC)c(OC)c4c2c(OC)c1OC)=[N+]1C(=C(c2c(C)cc(C)cc2C)c2cc4c5cc(OC)c(OC)c(OC)c5c5c(OC)c(OC)c(OC)cc5c4n2[B-]1(F)F)C=3,ClCCl,771.0
744,CC(=O)c1ccc(-c2cnc3nn4ccccc4c3n2)cc1,C1CCOC1,455.0
10314,Cc1ccc(-c2cnc3nn4ccccc4c3n2)cc1,C1CCOC1,450.0
8258,COc1ccc(-c2cnc3nn4ccccc4c3n2)cc1,C1CCOC1,455.0
14634,c1ccc(-c2cnc3nn4ccccc4c3n2)cc1,C1CCOC1,449.0
1354,CC(C)[Si](C#Cc1c2cc3ccccc3cc2c(C#C[Si](C(C)C)(C(C)C)C(C)C)c2nc3ccccc3nc12)(C(C)C)C(C)C,CCCCCC,699.0
1355,CC(C)[Si](C#Cc1c2cc3ccccc3cc2c(C#C[Si](C(C)C)(C(C)C)C(C)C)c2nc3ccccc3nc12)(C(C)C)C(C)C,ClCCl,738.0
5670,CN(C)c1ccc(-c2nc(-c3ccc(N(C)C)cc3)c3ccccc3n2)cc1,C1CCCCC1,436.0
5671,CN(C)c1ccc(-c2nc(-c3ccc(N(C)C)cc3)c3ccccc3n2)cc1,C1CCOC1,528.0
5672,CN(C)c1ccc(-c2nc(-c3ccc(N(C)C)cc3)c3ccccc3n2)cc1,CC#N,571.0
5673,CN(C)c1ccc(-c2nc(-c3ccc(N(C)C)cc3)c3ccccc3n2)cc1,CS(C)=O,575.0
5674,CN(C)c1ccc(-c2nc(-c3ccc(N(C)C)cc3)c3ccccc3n2)cc1,ClCCl,530.0
1917,CC1=C(C2=C(C)C(C)=[N+]3C2=Cc2cc(C)c(C)n2[B-]3(F)F)C2=Cc3cc(C)c(C)n3[B-](F)(F)[N+]2=C1C,ClCCl,598.0
14242,Oc1ccc2ccccc2c1/C=N/c1cc2nc3ccccc3nc2cc1/N=C/c1c(O)ccc2ccccc12,CC#N,525.0
808,CC(C)(C)C1CCC(=CS/C=C/c2ccc(/C=C/SC=C3CCC(C(C)(C)C)CC3)cc2)CC1,ClCCl,422.0
412,C(S/C=C/c1ccc(/C=C/SC=C2CCCCC2)cc1)=C1CCCCC1,ClCCl,421.0
2337,CC1CCC(=CS/C=C/c2ccc(/C=C/SC=C3CCC(C)CC3)cc2)CC1,ClCCl,427.0
1721,CC1(C)OB(c2cc3ccc4cc(B5OC(C)(C)C(C)(C)O5)cc5ccc(c2)c3c45)OC1(C)C,Cc1ccccc1,400.0
1882,CC1(C)c2ccccc2N2c3ccccc3C3(c4cc(C#N)ccc4-c4ccc(C#N)cc43)c3cccc1c32,Cc1ccccc1,485.3741497
12187,N#Cc1ccc(C2=CC3=c4cc(-c5ccc(C#N)cc5)c5nc(C(F)(F)C(F)(F)C(F)(F)F)nc6c(-c7ccc(C#N)cc7)cc(c4c65)C4=CC(c5ccc(C#N)cc5)=C5N=C(C(F)(F)C(F)(F)C(F)(F)F)N=C2C5C43)cc1,C1CCOC1,518.0
11241,FC(F)(F)C(F)(F)C(F)(F)C1=NC2=C(c3ccccc3)C=C3c4cc(-c5ccccc5)c5nc(C(F)(F)C(F)(F)C(F)(F)F)nc6c(-c7ccccc7)cc(c4c56)=C4C=C(c5ccccc5)C(=N1)C2C34,C1CCOC1,527.0
4923,CCOC(=O)c1ccc(C2=CC3=c4cc(-c5ccc(C(=O)OCC)cc5)c5nc(C(F)(F)C(F)(F)C(F)(F)F)nc6c(-c7ccc(C(=O)OCC)cc7)cc(c4c65)C4=CC(c5ccc(C(=O)OCC)cc5)=C5N=C(C(F)(F)C(F)(F)C(F)(F)F)N=C2C5C43)cc1,C1CCOC1,523.0
11283,FC(F)(F)c1ccc(C2=CC3=c4cc(-c5ccc(C(F)(F)F)cc5)c5nc(C(F)(F)C(F)(F)C(F)(F)F)nc6c(-c7ccc(C(F)(F)F)cc7)cc(c4c65)C4=CC(c5ccc(C(F)(F)F)cc5)=C5N=C(C(F)(F)C(F)(F)C(F)(F)F)N=C2C5C43)cc1,C1CCOC1,512.0
860,CC(C)(C)Nc1oc(C=Cc2ccccc2)c(C(=O)OC(C)(C)C)c1C(=O)OC(C)(C)C,CC#N,460.0
211,C(=C/c1ccc(-c2ccncc2)cc1)\c1ccc(-c2ccncc2)cc1,ClCCl,387.0
11664,N#C/C(=C\c1ccc(-c2ccncc2)cc1)c1ccc(-c2ccncc2)cc1,ClCCl,460.0
11634,N#C/C(=C(/C#N)c1ccc(-c2ccncc2)cc1)c1ccc(-c2ccncc2)cc1,ClCCl,444.0
2803,CCCCC(CC)Cn1c2cc(-c3ccc(N(c4ccccc4)c4ccccc4)cc3)c(C#N)cc2c2cc(C#N)c(-c3ccc(N(c4ccccc4)c4ccccc4)cc3)cc21,C1CCCCC1,416.0
2804,CCCCC(CC)Cn1c2cc(-c3ccc(N(c4ccccc4)c4ccccc4)cc3)c(C#N)cc2c2cc(C#N)c(-c3ccc(N(c4ccccc4)c4ccccc4)cc3)cc21,C1CCOC1,457.0
2805,CCCCC(CC)Cn1c2cc(-c3ccc(N(c4ccccc4)c4ccccc4)cc3)c(C#N)cc2c2cc(C#N)c(-c3ccc(N(c4ccccc4)c4ccccc4)cc3)cc21,CC#N,484.0
2806,CCCCC(CC)Cn1c2cc(-c3ccc(N(c4ccccc4)c4ccccc4)cc3)c(C#N)cc2c2cc(C#N)c(-c3ccc(N(c4ccccc4)c4ccccc4)cc3)cc21,CCN(CC)CC,427.88
2807,CCCCC(CC)Cn1c2cc(-c3ccc(N(c4ccccc4)c4ccccc4)cc3)c(C#N)cc2c2cc(C#N)c(-c3ccc(N(c4ccccc4)c4ccccc4)cc3)cc21,CCOC(C)=O,455.0
2808,CCCCC(CC)Cn1c2cc(-c3ccc(N(c4ccccc4)c4ccccc4)cc3)c(C#N)cc2c2cc(C#N)c(-c3ccc(N(c4ccccc4)c4ccccc4)cc3)cc21,CCOCC,440.0
2809,CCCCC(CC)Cn1c2cc(-c3ccc(N(c4ccccc4)c4ccccc4)cc3)c(C#N)cc2c2cc(C#N)c(-c3ccc(N(c4ccccc4)c4ccccc4)cc3)cc21,CN(C)C=O,484.0
2810,CCCCC(CC)Cn1c2cc(-c3ccc(N(c4ccccc4)c4ccccc4)cc3)c(C#N)cc2c2cc(C#N)c(-c3ccc(N(c4ccccc4)c4ccccc4)cc3)cc21,Cc1ccccc1,432.0
2811,CCCCC(CC)Cn1c2cc(-c3ccc(N(c4ccccc4)c4ccccc4)cc3)c(C#N)cc2c2cc(C#N)c(-c3ccc(N(c4ccccc4)c4ccccc4)cc3)cc21,ClC=C(Cl)Cl,436.0
2812,CCCCC(CC)Cn1c2cc(-c3ccc(N(c4ccccc4)c4ccccc4)cc3)c(C#N)cc2c2cc(C#N)c(-c3ccc(N(c4ccccc4)c4ccccc4)cc3)cc21,ClCCl,460.0
6511,CN(C)c1ccc2c3c(ccc2c1)C(=O)CCC3,C1CCCCC1,407.0
6512,CN(C)c1ccc2c3c(ccc2c1)C(=O)CCC3,CC#N,448.0
6513,CN(C)c1ccc2c3c(ccc2c1)C(=O)CCC3,CC(C)O,482.0
6514,CN(C)c1ccc2c3c(ccc2c1)C(=O)CCC3,CCC(C)=O,443.0
6515,CN(C)c1ccc2c3c(ccc2c1)C(=O)CCC3,CCO,489.0
6516,CN(C)c1ccc2c3c(ccc2c1)C(=O)CCC3,CCOC(C)=O,429.0
6517,CN(C)c1ccc2c3c(ccc2c1)C(=O)CCC3,CS(C)=O,453.0
6518,CN(C)c1ccc2c3c(ccc2c1)C(=O)CCC3,Cc1ccccc1,417.0
6519,CN(C)c1ccc2c3c(ccc2c1)C(=O)CCC3,ClCCl,440.0
6520,CN(C)c1ccc2c3c(ccc2c1)C(=O)CCC3,Clc1ccccc1,423.0
6954,COC(=O)/C=C/c1sc(-c2ccc(N(C)C)s2)c(-c2cn(C)c3ccccc23)c1O,CC#N,663.0
2712,CCC1=C(C)C2C(c3ccc(-c4ccc(-c5nc6c7ccccc7c7ccccc7c6n5-c5ccc(C(C)(C)C)cc5)cc4)cc3)c3c(C)c(CC)c(C)n3[B-](F)(F)[N+]2=C1C,ClC(Cl)Cl,556.0
5585,CN(C)c1ccc(-c2cc(-c3ccc(C#N)cc3)nc(-c3ccccc3)n2)cc1,ClC(Cl)Cl,495.0
8158,COc1ccc(-c2cc(-c3ccc(N(C)C)cc3)nc(-c3ccccc3)n2)cc1,ClC(Cl)Cl,453.0
1890,CC1=C(C#Cc2ccc([Si](c3ccccc3)(c3ccccc3)c3ccccc3)cc2)C(C)=[N+]2C1=C(c1ccccc1)c1c(C)c(C#Cc3ccc([Si](c4ccccc4)(c4ccccc4)c4ccccc4)cc3)c(C)n1[B-]2(F)F,ClCCl,600.0
5257,CCn1c(-c2ccc(-c3ccc4c(c3)C(C)(C)c3ccccc3-4)cc2)c(-c2ccc3ccccc3c2)c(-c2ccc3ccccc3c2)c1-c1ccc(-c2ccc3c(c2)C(C)(C)c2ccccc2-3)cc1,CCOC(C)=O,442.0
13632,O=S(=O)(O)c1cccc2cccc(Nc3ccccc3)c12,CCCCO,477.0
13633,O=S(=O)(O)c1cccc2cccc(Nc3ccccc3)c12,CCCO,479.0
13634,O=S(=O)(O)c1cccc2cccc(Nc3ccccc3)c12,CCO,485.0
13635,O=S(=O)(O)c1cccc2cccc(Nc3ccccc3)c12,CO,490.0
13636,O=S(=O)(O)c1cccc2cccc(Nc3ccccc3)c12,OCC(O)CO,501.0
13637,O=S(=O)(O)c1cccc2cccc(Nc3ccccc3)c12,OCCO,495.0
3296,CCCCCCCCn1c2ccc(/C=C/c3ccc(N(c4ccccc4)c4ccccc4)cc3)cc2c2cc3c(cc21)c1cc(/C=C/c2ccc(N(c4ccccc4)c4ccccc4)cc2)ccc1n3CCCCCCCC,Cc1ccccc1,453.0
2893,CCCCC1(c2ccccc2)Nc2c(-c3ccc(N(C)C)cc3)ccc(-c3ccc(N(C)C)cc3)c2N=C1c1ccccc1,C1CCOC1,568.0
2894,CCCCC1(c2ccccc2)Nc2c(-c3ccc(N(C)C)cc3)ccc(-c3ccc(N(C)C)cc3)c2N=C1c1ccccc1,CC#N,588.0
2895,CCCCC1(c2ccccc2)Nc2c(-c3ccc(N(C)C)cc3)ccc(-c3ccc(N(C)C)cc3)c2N=C1c1ccccc1,CCCCCC,530.0
2896,CCCCC1(c2ccccc2)Nc2c(-c3ccc(N(C)C)cc3)ccc(-c3ccc(N(C)C)cc3)c2N=C1c1ccccc1,CN(C)C=O,596.0
2897,CCCCC1(c2ccccc2)Nc2c(-c3ccc(N(C)C)cc3)ccc(-c3ccc(N(C)C)cc3)c2N=C1c1ccccc1,Cc1ccccc1,547.0
2898,CCCCC1(c2ccccc2)Nc2c(-c3ccc(N(C)C)cc3)ccc(-c3ccc(N(C)C)cc3)c2N=C1c1ccccc1,ClC(Cl)Cl,561.0
2911,CCCCC1(c2ccccc2)Nc2c(-c3ccc(OC)cc3)ccc(-c3ccc(OC)cc3)c2N=C1c1ccccc1,C1CCOC1,547.0
2912,CCCCC1(c2ccccc2)Nc2c(-c3ccc(OC)cc3)ccc(-c3ccc(OC)cc3)c2N=C1c1ccccc1,CC#N,556.0
2913,CCCCC1(c2ccccc2)Nc2c(-c3ccc(OC)cc3)ccc(-c3ccc(OC)cc3)c2N=C1c1ccccc1,CCCCCC,517.0
2914,CCCCC1(c2ccccc2)Nc2c(-c3ccc(OC)cc3)ccc(-c3ccc(OC)cc3)c2N=C1c1ccccc1,CN(C)C=O,568.0
2915,CCCCC1(c2ccccc2)Nc2c(-c3ccc(OC)cc3)ccc(-c3ccc(OC)cc3)c2N=C1c1ccccc1,Cc1ccccc1,525.0
2916,CCCCC1(c2ccccc2)Nc2c(-c3ccc(OC)cc3)ccc(-c3ccc(OC)cc3)c2N=C1c1ccccc1,ClC(Cl)Cl,537.0
10557,Cc1ccc(C2=C3C=CC(Nc4ccccc4)=[N+]3[B-](F)(F)n3c(Nc4ccccc4)ccc32)cc1,CO,613.0
11980,N#Cc1c(N2CCCCC2)cc(-c2ccc3ccccc3c2)c2c1-c1ccccc1C2=O,C1CCOC1,527.0
8125,COc1ccc(-c2c3ccccc3c(C#Cc3ccccc3)c3cc4cc(C)sc4cc23)cc1,ClCCl,504.0
1240,CC(C)(C)c1ccc2c(c1)c1cc(C(C)(C)C)ccc1n2-c1cccs1,ClCCl,368.0
15354,c1csc(-n2c3ccccc3c3ccccc32)c1,ClCCl,370.0
9498,CSc1ccc2c(c1)N(CCCN1CCN(C)CN1C)c1ccccc1S2,CC#N,455.0
9499,CSc1ccc2c(c1)N(CCCN1CCN(C)CN1C)c1ccccc1S2,CO,453.0
9500,CSc1ccc2c(c1)N(CCCN1CCN(C)CN1C)c1ccccc1S2,O,466.0
24,Brc1cnc(-c2ccncc2)s1,CO,396.0
1916,CC1=C(C)C(c2c(C)c(C)c3n2[B-](F)(F)[N+]2=C(C)C(C)=C(C)C2=C3)=[N+]2C1=Cc1c(C)c(C)c(C)n1[B-]2(F)F,ClCCl,650.0
11811,N#CC(C#N)=Cc1ccc2nc(C#Cc3ccc(N(c4ccccc4)c4ccccc4)cc3)sc2c1,Cc1ccccc1,535.0
141,C(#Cc1nc2ccccc2s1)c1ccc(N(c2ccccc2)c2ccccc2)cc1,Cc1ccccc1,437.0
13538,O=Cc1ccc2nc(C#Cc3ccc(N(c4ccccc4)c4ccccc4)cc3)sc2c1,Cc1ccccc1,473.0
7829,COc1cc(C=O)cc(-c2[nH]c(=O)n3c2-c2ccccc2C3=O)c1O,CC#N,473.0
7830,COc1cc(C=O)cc(-c2[nH]c(=O)n3c2-c2ccccc2C3=O)c1O,CO,490.0
7831,COc1cc(C=O)cc(-c2[nH]c(=O)n3c2-c2ccccc2C3=O)c1O,ClCCl,467.0
8104,COc1ccc(-c2[nH]c(=O)n3c2-c2ccccc2C3=O)c(OC)c1,CC#N,492.0
8105,COc1ccc(-c2[nH]c(=O)n3c2-c2ccccc2C3=O)c(OC)c1,CO,507.0
8106,COc1ccc(-c2[nH]c(=O)n3c2-c2ccccc2C3=O)c(OC)c1,ClCCl,488.0
9271,COc1cccc(-c2[nH]c(=O)n3c2-c2ccccc2C3=O)c1O,CC#N,478.0
9272,COc1cccc(-c2[nH]c(=O)n3c2-c2ccccc2C3=O)c1O,CO,496.0
9273,COc1cccc(-c2[nH]c(=O)n3c2-c2ccccc2C3=O)c1O,ClCCl,471.0
10683,Cc1ccc(O)c(-c2[nH]c(=O)n3c2-c2ccccc2C3=O)c1,CC#N,480.0
10684,Cc1ccc(O)c(-c2[nH]c(=O)n3c2-c2ccccc2C3=O)c1,CO,500.0
10685,Cc1ccc(O)c(-c2[nH]c(=O)n3c2-c2ccccc2C3=O)c1,ClCCl,475.0
13252,O=C1c2ccccc2-c2c(-c3cc(Br)ccc3O)[nH]c(=O)n21,CC#N,475.0
13253,O=C1c2ccccc2-c2c(-c3cc(Br)ccc3O)[nH]c(=O)n21,CO,492.0
13254,O=C1c2ccccc2-c2c(-c3cc(Br)ccc3O)[nH]c(=O)n21,ClCCl,474.0
10818,Cc1cccc(-c2[nH]c(=O)n3c2-c2ccccc2C3=O)c1O,CC#N,480.0
10819,Cc1cccc(-c2[nH]c(=O)n3c2-c2ccccc2C3=O)c1O,CO,496.0
10820,Cc1cccc(-c2[nH]c(=O)n3c2-c2ccccc2C3=O)c1O,ClCCl,473.0
13255,O=C1c2ccccc2-c2c(-c3cc(Cl)ccc3O)[nH]c(=O)n21,CC#N,475.0
13256,O=C1c2ccccc2-c2c(-c3cc(Cl)ccc3O)[nH]c(=O)n21,CO,493.0
13257,O=C1c2ccccc2-c2c(-c3cc(Cl)ccc3O)[nH]c(=O)n21,ClCCl,475.0
13260,O=C1c2ccccc2-c2c(-c3cccc(Cl)c3O)[nH]c(=O)n21,CC#N,476.0
13261,O=C1c2ccccc2-c2c(-c3cccc(Cl)c3O)[nH]c(=O)n21,CO,492.0
13262,O=C1c2ccccc2-c2c(-c3cccc(Cl)c3O)[nH]c(=O)n21,ClCCl,470.0
4933,CCOC(=O)c1ccc(O)c(-c2[nH]c(=O)n3c2-c2ccccc2C3=O)c1,CC#N,476.0
4934,CCOC(=O)c1ccc(O)c(-c2[nH]c(=O)n3c2-c2ccccc2C3=O)c1,CO,490.0
4935,CCOC(=O)c1ccc(O)c(-c2[nH]c(=O)n3c2-c2ccccc2C3=O)c1,ClCCl,474.0
13265,O=C1c2ccccc2-c2c(-c3ccccc3O)[nH]c(=O)n21,CC#N,480.0
13266,O=C1c2ccccc2-c2c(-c3ccccc3O)[nH]c(=O)n21,CO,498.0
13267,O=C1c2ccccc2-c2c(-c3ccccc3O)[nH]c(=O)n21,ClCCl,477.0
10215,Cc1ccc(-c2[nH]c(=O)n3c2-c2ccccc2C3=O)c(O)c1,CC#N,481.0
10216,Cc1ccc(-c2[nH]c(=O)n3c2-c2ccccc2C3=O)c(O)c1,CO,498.0
10217,Cc1ccc(-c2[nH]c(=O)n3c2-c2ccccc2C3=O)c(O)c1,ClCCl,474.0
7400,COC(=O)c1ccc(O)c(-c2[nH]c(=O)n3c2-c2ccccc2C3=O)c1,CC#N,477.0
7401,COC(=O)c1ccc(O)c(-c2[nH]c(=O)n3c2-c2ccccc2C3=O)c1,CO,491.0
7402,COC(=O)c1ccc(O)c(-c2[nH]c(=O)n3c2-c2ccccc2C3=O)c1,ClCCl,474.0
10099,Cc1cc(O)c(-c2[nH]c(=O)n3c2-c2ccccc2C3=O)cc1Cl,CC#N,479.0
10100,Cc1cc(O)c(-c2[nH]c(=O)n3c2-c2ccccc2C3=O)cc1Cl,CO,496.0
10101,Cc1cc(O)c(-c2[nH]c(=O)n3c2-c2ccccc2C3=O)cc1Cl,ClCCl,478.0
8955,COc1ccc(O)c(-c2[nH]c(=O)n3c2-c2ccccc2C3=O)c1,CC#N,480.0
8956,COc1ccc(O)c(-c2[nH]c(=O)n3c2-c2ccccc2C3=O)c1,CO,500.0
8957,COc1ccc(O)c(-c2[nH]c(=O)n3c2-c2ccccc2C3=O)c1,ClCCl,481.0
8965,COc1ccc(OC)c(-c2[nH]c(=O)n3c2-c2ccccc2C3=O)c1,CC#N,466.0
8966,COc1ccc(OC)c(-c2[nH]c(=O)n3c2-c2ccccc2C3=O)c1,CO,484.0
8967,COc1ccc(OC)c(-c2[nH]c(=O)n3c2-c2ccccc2C3=O)c1,ClCCl,462.0
15298,c1ccc2nc3c(nc2c1)c1c2n3CCCN2CCCC1,CCCCCC,470.0
15299,c1ccc2nc3c(nc2c1)c1c2n3CCCN2CCCC1,CO,533.0
15300,c1ccc2nc3c(nc2c1)c1c2n3CCCN2CCCC1,CS(C)=O,521.0
97,C(#Cc1ccc(-n2c3ccccc3c3ccccc32)cc1)c1ccc(-c2nc(-c3ccc(C#Cc4ccc(-n5c6ccccc6c6ccccc65)cc4)cc3)nc(-c3ccc(C#Cc4ccc(-n5c6ccccc6c6ccccc65)cc4)cc3)n2)cc1,C1CCOC1,467.0
98,C(#Cc1ccc(-n2c3ccccc3c3ccccc32)cc1)c1ccc(-c2nc(-c3ccc(C#Cc4ccc(-n5c6ccccc6c6ccccc65)cc4)cc3)nc(-c3ccc(C#Cc4ccc(-n5c6ccccc6c6ccccc65)cc4)cc3)n2)cc1,CC#N,565.0
99,C(#Cc1ccc(-n2c3ccccc3c3ccccc32)cc1)c1ccc(-c2nc(-c3ccc(C#Cc4ccc(-n5c6ccccc6c6ccccc65)cc4)cc3)nc(-c3ccc(C#Cc4ccc(-n5c6ccccc6c6ccccc65)cc4)cc3)n2)cc1,CCCCCC,405.0
100,C(#Cc1ccc(-n2c3ccccc3c3ccccc32)cc1)c1ccc(-c2nc(-c3ccc(C#Cc4ccc(-n5c6ccccc6c6ccccc65)cc4)cc3)nc(-c3ccc(C#Cc4ccc(-n5c6ccccc6c6ccccc65)cc4)cc3)n2)cc1,Cc1ccccc1,428.0
101,C(#Cc1ccc(-n2c3ccccc3c3ccccc32)cc1)c1ccc(-c2nc(-c3ccc(C#Cc4ccc(-n5c6ccccc6c6ccccc65)cc4)cc3)nc(-c3ccc(C#Cc4ccc(-n5c6ccccc6c6ccccc65)cc4)cc3)n2)cc1,ClCCl,500.0
2137,CC1=CC(c2ccc3cc(N(C)C)ccc3c2)=[O+][B-](F)(F)O1,ClCCl,574.0
2131,CC1=CC(c2ccc3cc(N(C)C)ccc3c2)=[O+][B-](F)(F)O1,C1CCOC1,566.0
2132,CC1=CC(c2ccc3cc(N(C)C)ccc3c2)=[O+][B-](F)(F)O1,CC#N,611.0
2133,CC1=CC(c2ccc3cc(N(C)C)ccc3c2)=[O+][B-](F)(F)O1,CC(C)=O,492.0
694,CC(=O)[B-]1(C(C)=O)OC(C)=CC(c2ccc3ccccc3c2)=[O+]1,CC#N,470.0
695,CC(=O)[B-]1(C(C)=O)OC(C)=CC(c2ccc3ccccc3c2)=[O+]1,ClC(Cl)(Cl)Cl,400.0
2134,CC1=CC(c2ccc3cc(N(C)C)ccc3c2)=[O+][B-](F)(F)O1,CS(C)=O,624.0
2135,CC1=CC(c2ccc3cc(N(C)C)ccc3c2)=[O+][B-](F)(F)O1,Cc1ccccc1,521.0
2136,CC1=CC(c2ccc3cc(N(C)C)ccc3c2)=[O+][B-](F)(F)O1,ClC(Cl)Cl,552.0
15310,c1ccc2sc(-c3ccc(-c4nnc(-c5ccc(-c6nnc(-c7ccc(-c8cc9ccccc9s8)s7)o6)cc5)o4)s3)cc2c1,C1COCCO1,397.0
15311,c1ccc2sc(-c3ccc(-c4nnc(-c5ccc(-c6nnc(-c7ccc(-c8cc9ccccc9s8)s7)o6)cc5)o4)s3)cc2c1,CC#N,399.0
15312,c1ccc2sc(-c3ccc(-c4nnc(-c5ccc(-c6nnc(-c7ccc(-c8cc9ccccc9s8)s7)o6)cc5)o4)s3)cc2c1,CC(=O)N(C)C,406.0
15313,c1ccc2sc(-c3ccc(-c4nnc(-c5ccc(-c6nnc(-c7ccc(-c8cc9ccccc9s8)s7)o6)cc5)o4)s3)cc2c1,CCCCCCCCCCO,389.0
15314,c1ccc2sc(-c3ccc(-c4nnc(-c5ccc(-c6nnc(-c7ccc(-c8cc9ccccc9s8)s7)o6)cc5)o4)s3)cc2c1,CCCCCCCCO,399.0
15315,c1ccc2sc(-c3ccc(-c4nnc(-c5ccc(-c6nnc(-c7ccc(-c8cc9ccccc9s8)s7)o6)cc5)o4)s3)cc2c1,CCCCCCO,399.0
15316,c1ccc2sc(-c3ccc(-c4nnc(-c5ccc(-c6nnc(-c7ccc(-c8cc9ccccc9s8)s7)o6)cc5)o4)s3)cc2c1,CCCCO,399.0
15317,c1ccc2sc(-c3ccc(-c4nnc(-c5ccc(-c6nnc(-c7ccc(-c8cc9ccccc9s8)s7)o6)cc5)o4)s3)cc2c1,CCO,400.0
15318,c1ccc2sc(-c3ccc(-c4nnc(-c5ccc(-c6nnc(-c7ccc(-c8cc9ccccc9s8)s7)o6)cc5)o4)s3)cc2c1,CS(C)=O,423.0
15319,c1ccc2sc(-c3ccc(-c4nnc(-c5ccc(-c6nnc(-c7ccc(-c8cc9ccccc9s8)s7)o6)cc5)o4)s3)cc2c1,Cc1ccccc1,399.0
15320,c1ccc2sc(-c3ccc(-c4nnc(-c5ccc(-c6nnc(-c7ccc(-c8cc9ccccc9s8)s7)o6)cc5)o4)s3)cc2c1,ClC(Cl)Cl,399.0
14036,O=c1oc2ccccc2cc1-c1ccc(-c2ccc(-c3cc4ccccc4oc3=O)cc2)cc1,ClCCl,430.0
4207,CCN(CC)c1ccc2cc(-c3ccc(-c4ccc(-c5cc6ccc(N(CC)CC)cc6oc5=O)cc4)cc3)c(=O)oc2c1,ClCCl,484.0
4208,CCN(CC)c1ccc2cc(-c3ccc(-c4ccc(-c5cc6ccccc6oc5=O)cc4)cc3)c(=O)oc2c1,ClCCl,478.0
275,C(=C/c1ccccn1)\c1ccc(N(c2ccc(/C=C/c3ccccn3)cc2)c2ccc(-c3nc4ccccc4nc3-c3ccc(N(c4ccc(/C=C/c5ccccn5)cc4)c4ccc(/C=C/c5ccccn5)cc4)cc3)cc2)cc1,C1CCOC1,548.0
276,C(=C/c1ccccn1)\c1ccc(N(c2ccc(/C=C/c3ccccn3)cc2)c2ccc(-c3nc4ccccc4nc3-c3ccc(N(c4ccc(/C=C/c5ccccn5)cc4)c4ccc(/C=C/c5ccccn5)cc4)cc3)cc2)cc1,Cc1ccccc1,533.0
9863,Cc1cc(=O)oc2ccc3ccc(-c4cn(Cc5ccccc5)nn4)cc3c12,CCO,420.0
2460,CCC1(CC)c2ccccc2-c2c1c1c(c3c2C(CC)(CC)c2cc(-c4cccs4)ccc2-3)C(CC)(CC)c2cc(N(c3ccccc3)c3ccccc3)ccc2-1,C1CCOC1,422.0
15253,c1ccc2c3c(ccc2c1)-c1cccc2cc4ccccc4c-3c12,CCCCCCC,610.0
5067,CC[N+]1(CC)CN2C(=N1)C(C(=O)O)=Cc1c2ccc2ccccc12,O,487.0
4114,CCN(CC)c1ccc2c(-c3ccc(S(=O)(=O)O)cc3S(=O)(=O)[O-])c3ccc(=[N+](CC)CC)cc-3oc2c1,CC#N,575.0
4115,CCN(CC)c1ccc2c(-c3ccc(S(=O)(=O)O)cc3S(=O)(=O)[O-])c3ccc(=[N+](CC)CC)cc-3oc2c1,CCO,581.0
4116,CCN(CC)c1ccc2c(-c3ccc(S(=O)(=O)O)cc3S(=O)(=O)[O-])c3ccc(=[N+](CC)CC)cc-3oc2c1,CN(C)C=O,576.0
4117,CCN(CC)c1ccc2c(-c3ccc(S(=O)(=O)O)cc3S(=O)(=O)[O-])c3ccc(=[N+](CC)CC)cc-3oc2c1,O,591.0
4118,CCN(CC)c1ccc2c(-c3ccc(S(=O)(=O)[O-])cc3S(=O)(=O)[O-])c3ccc(=[N+](CC)CC)cc-3oc2c1,CC#N,573.0
4119,CCN(CC)c1ccc2c(-c3ccc(S(=O)(=O)[O-])cc3S(=O)(=O)[O-])c3ccc(=[N+](CC)CC)cc-3oc2c1,CCO,578.0
4120,CCN(CC)c1ccc2c(-c3ccc(S(=O)(=O)[O-])cc3S(=O)(=O)[O-])c3ccc(=[N+](CC)CC)cc-3oc2c1,CN(C)C=O,574.0
4121,CCN(CC)c1ccc2c(-c3ccc(S(=O)(=O)[O-])cc3S(=O)(=O)[O-])c3ccc(=[N+](CC)CC)cc-3oc2c1,O,588.0
4132,CCN(CC)c1ccc2c(-c3ccccc3C(=O)[O-])c3ccc(=[N+](CC)CC)cc-3oc2c1,CC#N,579.0
4133,CCN(CC)c1ccc2c(-c3ccccc3C(=O)[O-])c3ccc(=[N+](CC)CC)cc-3oc2c1,CCO,571.0
4134,CCN(CC)c1ccc2c(-c3ccccc3C(=O)[O-])c3ccc(=[N+](CC)CC)cc-3oc2c1,CN(C)C=O,588.0
4135,CCN(CC)c1ccc2c(-c3ccccc3C(=O)[O-])c3ccc(=[N+](CC)CC)cc-3oc2c1,O,580.0
6454,CN(C)c1ccc2c(-c3cc(C(=O)[O-])ccc3C(=O)[O-])c3ccc(=[N+](C)C)cc-3oc2c1,CCO,564.0
6455,CN(C)c1ccc2c(-c3cc(C(=O)[O-])ccc3C(=O)[O-])c3ccc(=[N+](C)C)cc-3oc2c1,O,575.0
6456,CN(C)c1ccc2c(-c3cc(N)ccc3C(=O)[O-])c3ccc(=[N+](C)C)cc-3oc2c1,CCO,567.0
6457,CN(C)c1ccc2c(-c3cc(N)ccc3C(=O)[O-])c3ccc(=[N+](C)C)cc-3oc2c1,O,574.0
6458,CN(C)c1ccc2c(-c3ccc(Br)cc3)c3ccc(=[N+](C)C)cc-3oc2c1,CCO,579.0
6459,CN(C)c1ccc2c(-c3ccc(C(=O)[O-])cc3C(=O)[O-])c3ccc(=[N+](C)C)cc-3oc2c1,CCO,569.0
6460,CN(C)c1ccc2c(-c3ccc(C(=O)[O-])cc3C(=O)[O-])c3ccc(=[N+](C)C)cc-3oc2c1,O,578.0
6461,CN(C)c1ccc2c(-c3ccc(N)cc3C(=O)[O-])c3ccc(=[N+](C)C)cc-3oc2c1,CCO,564.0
6462,CN(C)c1ccc2c(-c3ccc(N)cc3C(=O)[O-])c3ccc(=[N+](C)C)cc-3oc2c1,O,572.0
3677,CCCCOC(=O)c1ccccc1-c1c2ccc(=[N+](CC)CC)cc-2oc2cc(N(CC)CC)ccc12,CC#N,581.0
3678,CCCCOC(=O)c1ccccc1-c1c2ccc(=[N+](CC)CC)cc-2oc2cc(N(CC)CC)ccc12,CCO,572.0
3679,CCCCOC(=O)c1ccccc1-c1c2ccc(=[N+](CC)CC)cc-2oc2cc(N(CC)CC)ccc12,CN(C)C=O,588.0
3680,CCCCOC(=O)c1ccccc1-c1c2ccc(=[N+](CC)CC)cc-2oc2cc(N(CC)CC)ccc12,O,584.0
10227,Cc1ccc(-c2c3nc(c(-c4ccc(C)cc4)c4ccc([nH]4)c(-c4ccc(OC(=O)C(C)c5ccc(Oc6ccccc6)cc5)cc4)c4nc(c(-c5ccc(C)cc5)c5ccc2[nH]5)C=C4)C=C3)cc1,ClCCl,653.0
9853,Cc1cc(=O)oc2cc3c(cc12)c1c2ccccc2c2ccccc2c1c1c2ccccc2c2ccccc2c31,ClC(Cl)Cl,536.0
10916,Cc1ccccc1C(=O)NN1C2=C(CC3=C1CC(C)(C)CC3=O)C(=O)CC(C)(C)C2,C1CCOC1,434.0
8741,COc1ccc(C(=O)NN2C3=C(CC4=C2CCCC4=O)C(=O)CCC3)cc1,CC#N,434.0
10918,Cc1ccccc1C(=O)NN1C2=C(CC3=C1CC(C)(C)CC3=O)C(=O)CC(C)(C)C2,CC(C)=O,435.0
10919,Cc1ccccc1C(=O)NN1C2=C(CC3=C1CC(C)(C)CC3=O)C(=O)CC(C)(C)C2,CCCCCO,448.0
10920,Cc1ccccc1C(=O)NN1C2=C(CC3=C1CC(C)(C)CC3=O)C(=O)CC(C)(C)C2,CO,432.0
10921,Cc1ccccc1C(=O)NN1C2=C(CC3=C1CC(C)(C)CC3=O)C(=O)CC(C)(C)C2,ClC(Cl)Cl,440.0
8742,COc1ccc(C(=O)NN2C3=C(CC4=C2CCCC4=O)C(=O)CCC3)cc1,CC(C)=O,435.0
8743,COc1ccc(C(=O)NN2C3=C(CC4=C2CCCC4=O)C(=O)CCC3)cc1,CCCCCO,445.0
8744,COc1ccc(C(=O)NN2C3=C(CC4=C2CCCC4=O)C(=O)CCC3)cc1,CO,449.0
8745,COc1ccc(C(=O)NN2C3=C(CC4=C2CCCC4=O)C(=O)CCC3)cc1,ClC(Cl)Cl,436.0
8746,COc1ccc(C(=O)NN2C3=C(CC4=C2CCCC4=O)C(=O)CCC3)cc1,ClCCl,439.0
10922,Cc1ccccc1C(=O)NN1C2=C(CC3=C1CC(C)(C)CC3=O)C(=O)CC(C)(C)C2,ClCCl,436.0
10917,Cc1ccccc1C(=O)NN1C2=C(CC3=C1CC(C)(C)CC3=O)C(=O)CC(C)(C)C2,CC#N,435.0
10465,Cc1ccc(C(=O)NN2C3=C(CC4=C2CCCC4=O)C(=O)CCC3)cc1,C1CCOC1,435.0
10466,Cc1ccc(C(=O)NN2C3=C(CC4=C2CCCC4=O)C(=O)CCC3)cc1,CC#N,343.0
10467,Cc1ccc(C(=O)NN2C3=C(CC4=C2CCCC4=O)C(=O)CCC3)cc1,CC(C)=O,368.0
10468,Cc1ccc(C(=O)NN2C3=C(CC4=C2CCCC4=O)C(=O)CCC3)cc1,CCCCCO,445.0
10469,Cc1ccc(C(=O)NN2C3=C(CC4=C2CCCC4=O)C(=O)CCC3)cc1,CO,447.0
10470,Cc1ccc(C(=O)NN2C3=C(CC4=C2CCCC4=O)C(=O)CCC3)cc1,ClC(Cl)Cl,438.0
10471,Cc1ccc(C(=O)NN2C3=C(CC4=C2CCCC4=O)C(=O)CCC3)cc1,ClCCl,435.0
13035,O=C1CCCC2=C1CC1=C(CCCC1=O)N2NC(=O)c1ccc(O)cc1,CC#N,434.0
13036,O=C1CCCC2=C1CC1=C(CCCC1=O)N2NC(=O)c1ccc(O)cc1,CC(C)=O,432.0
13037,O=C1CCCC2=C1CC1=C(CCCC1=O)N2NC(=O)c1ccc(O)cc1,CCCCCO,447.0
13038,O=C1CCCC2=C1CC1=C(CCCC1=O)N2NC(=O)c1ccc(O)cc1,CO,449.0
13039,O=C1CCCC2=C1CC1=C(CCCC1=O)N2NC(=O)c1ccc(O)cc1,ClC(Cl)Cl,444.0
13040,O=C1CCCC2=C1CC1=C(CCCC1=O)N2NC(=O)c1ccc(O)cc1,ClCCl,436.0
13041,O=C1CCCC2=C1CC1=C(CCCC1=O)N2NC(=O)c1ccccc1,C1CCOC1,435.0
13042,O=C1CCCC2=C1CC1=C(CCCC1=O)N2NC(=O)c1ccccc1,CC#N,434.0
13043,O=C1CCCC2=C1CC1=C(CCCC1=O)N2NC(=O)c1ccccc1,CC(C)=O,430.0
13044,O=C1CCCC2=C1CC1=C(CCCC1=O)N2NC(=O)c1ccccc1,CCCCCO,444.0
13045,O=C1CCCC2=C1CC1=C(CCCC1=O)N2NC(=O)c1ccccc1,CO,449.0
13046,O=C1CCCC2=C1CC1=C(CCCC1=O)N2NC(=O)c1ccccc1,ClC(Cl)Cl,440.0
13047,O=C1CCCC2=C1CC1=C(CCCC1=O)N2NC(=O)c1ccccc1,ClCCl,435.0
410,C(S/C=C/c1ccc(/C=C/SC=C(c2ccccc2)c2ccccc2)cc1)=C(c1ccccc1)c1ccccc1,ClCCl,435.0
9929,Cc1cc(C)c(B(c2ccc(-c3ccc(-c4nc5c6ccccc6c6ccccc6c5[nH]4)cc3)cc2)c2c(C)cc(C)cc2C)c(C)c1,C1CCOC1,474.0
9930,Cc1cc(C)c(B(c2ccc(-c3ccc(-c4nc5c6ccccc6c6ccccc6c5[nH]4)cc3)cc2)c2c(C)cc(C)cc2C)c(C)c1,CC(C)=O,493.0
9931,Cc1cc(C)c(B(c2ccc(-c3ccc(-c4nc5c6ccccc6c6ccccc6c5[nH]4)cc3)cc2)c2c(C)cc(C)cc2C)c(C)c1,CS(C)=O,520.0
9932,Cc1cc(C)c(B(c2ccc(-c3ccc(-c4nc5c6ccccc6c6ccccc6c5[nH]4)cc3)cc2)c2c(C)cc(C)cc2C)c(C)c1,Cc1ccccc1,435.0
9933,Cc1cc(C)c(B(c2ccc(-c3ccc(-c4nc5c6ccccc6c6ccccc6c5[nH]4)cc3)cc2)c2c(C)cc(C)cc2C)c(C)c1,ClCCl,469.0
14537,c1ccc(-c2c3c(cc4c2-c2ccccc2C4)-c2ccccc2C3)cc1,C1CCCCC1,364.0
4169,CCN(CC)c1ccc2c(c1)OC1=C(/C=C/C3=[N+](C)c4ccc5ccccc5c4C3(C)C)CCCC1=C2c1ccccc1C(=O)O,CO,753.0
4170,CCN(CC)c1ccc2c(c1)OC1=C(/C=C/C3=[N+](C)c4ccc5ccccc5c4C3(C)C)CCCC1=C2c1ccccc1C(=O)O,ClC(Cl)Cl,761.0
3950,CCN(C(C)=O)c1cc2c(cc1C)C(c1ccccc1C(=O)O)=C1CCCC(/C=C/C3=[N+](C)c4ccc5ccccc5c4C3(C)C)=C1O2,CCO,715.0
4538,CCNc1cc2c(cc1C)C(c1ccccc1C(=O)O)=C1CCCC(/C=C/C3=[N+](C)c4ccc5ccccc5c4C3(C)C)=C1O2,CC#N,749.0
4539,CCNc1cc2c(cc1C)C(c1ccccc1C(=O)O)=C1CCCC(/C=C/C3=[N+](C)c4ccc5ccccc5c4C3(C)C)=C1O2,CCO,741.0
4540,CCNc1cc2c(cc1C)C(c1ccccc1C(=O)O)=C1CCCC(/C=C/C3=[N+](C)c4ccc5ccccc5c4C3(C)C)=C1O2,CO,744.0
4541,CCNc1cc2c(cc1C)C(c1ccccc1C(=O)O)=C1CCCC(/C=C/C3=[N+](C)c4ccc5ccccc5c4C3(C)C)=C1O2,ClC(Cl)Cl,748.0
4167,CCN(CC)c1ccc2c(c1)OC1=C(/C=C/C3=[N+](C)c4ccc5ccccc5c4C3(C)C)CCCC1=C2c1ccccc1C(=O)O,CC#N,763.0
4168,CCN(CC)c1ccc2c(c1)OC1=C(/C=C/C3=[N+](C)c4ccc5ccccc5c4C3(C)C)CCCC1=C2c1ccccc1C(=O)O,CCO,750.0
5130,CC[n+]1c(C=C2C(=O)C(C=C3N(C)c4ccccc4C3(C)C)=C2[O-])[se]c2ccccc21,CO,661.0
5131,CC[n+]1c(C=C2C(=O)C(C=C3N(C)c4ccccc4C3(C)C)=C2[O-])[se]c2ccccc21,ClC(Cl)Cl,675.0
5433,CN(/N=C1\N=C(N)C2(CCCC2)c2ccccc21)c1ccccc1,ClCCl,471.0
4799,CCOC(=O)COc1ccc(/C=C/C2=C3c4ccccc4C(c4ccc[nH]4)=[N+]3[B-](F)(F)n3ccc(C)c32)cc1,C1CCOC1,625.0
4800,CCOC(=O)COc1ccc(/C=C/C2=C3c4ccccc4C(c4ccc[nH]4)=[N+]3[B-](F)(F)n3ccc(C)c32)cc1,CC#N,617.0
4801,CCOC(=O)COc1ccc(/C=C/C2=C3c4ccccc4C(c4ccc[nH]4)=[N+]3[B-](F)(F)n3ccc(C)c32)cc1,CCCCCC,630.0
4802,CCOC(=O)COc1ccc(/C=C/C2=C3c4ccccc4C(c4ccc[nH]4)=[N+]3[B-](F)(F)n3ccc(C)c32)cc1,CO,624.0
4803,CCOC(=O)COc1ccc(/C=C/C2=C3c4ccccc4C(c4ccc[nH]4)=[N+]3[B-](F)(F)n3ccc(C)c32)cc1,Cc1ccccc1,637.0
4804,CCOC(=O)COc1ccc(/C=C/C2=C3c4ccccc4C(c4ccc[nH]4)=[N+]3[B-](F)(F)n3ccc(C)c32)cc1,ClCCl,631.0
10289,Cc1ccc(-c2ccc(/C=C/c3ccc(Br)n3C)cn2)nc1,CC#N,480.0
10296,Cc1ccc(-c2ccc(/C=C/c3cccn3C)cn2)nc1,C1COCCO1,464.0
10297,Cc1ccc(-c2ccc(/C=C/c3cccn3C)cn2)nc1,CC#N,488.0
10298,Cc1ccc(-c2ccc(/C=C/c3cccn3C)cn2)nc1,CCCCCC,436.0
10299,Cc1ccc(-c2ccc(/C=C/c3cccn3C)cn2)nc1,CCO,501.0
10300,Cc1ccc(-c2ccc(/C=C/c3cccn3C)cn2)nc1,CN(C)C=O,493.0
10301,Cc1ccc(-c2ccc(/C=C/c3cccn3C)cn2)nc1,CO,507.0
10302,Cc1ccc(-c2ccc(/C=C/c3cccn3C)cn2)nc1,CS(C)=O,500.0
10303,Cc1ccc(-c2ccc(/C=C/c3cccn3C)cn2)nc1,Cc1ccccc1,459.0
10304,Cc1ccc(-c2ccc(/C=C/c3cccn3C)cn2)nc1,ClC(Cl)Cl,476.0
10305,Cc1ccc(-c2ccc(/C=C/c3cccn3C)cn2)nc1,c1ccccc1,464.0
12950,O=C1/C(=C2\Nc3cc4ccc5cccc6ccc(c3C2=O)c4c56)Nc2cc3ccc4cccc5ccc(c21)c3c45,C1CCOC1,707.0
10864,Cc1cccc2[n+]1[B-](c1ccccc1)(c1ccccc1)c1cccc3c4c5c(cccc5c-2c13)[B-](c1ccccc1)(c1ccccc1)[n+]1c(C)cccc1-4,ClCCl,611.0
4376,CCN(CC)c1ccc2cc(C#N)/c(=N\C(=O)c3ccc(C)cc3)oc2c1,CCO,530.0
4377,CCN(CC)c1ccc2cc(C#N)/c(=N\C(=O)c3ccc(C)cc3)oc2c1,ClCCl,502.0
4378,CCN(CC)c1ccc2cc(C#N)/c(=N\C(=O)c3ccc(F)cc3)oc2c1,CCO,533.0
4379,CCN(CC)c1ccc2cc(C#N)/c(=N\C(=O)c3ccc(F)cc3)oc2c1,ClCCl,507.0
4380,CCN(CC)c1ccc2cc(C#N)/c(=N\C(=O)c3ccccc3)oc2c1,CCO,472.0
4381,CCN(CC)c1ccc2cc(C#N)/c(=N\C(=O)c3ccccc3)oc2c1,ClCCl,460.0
10228,Cc1ccc(-c2c3nc(c(-c4ccc(C)cc4)c4ccc([nH]4)c(-c4ccc(OC(=O)C(C)c5cccc(C(=O)c6ccccc6)c5)cc4)c4nc(c(-c5ccc(C)cc5)c5ccc2[nH]5)C=C4)C=C3)cc1,ClCCl,652.0
9692,Cc1c(C(=O)c2ccc3ccc4cccc5ccc2c3c45)c2ccc3cccc4c5cccc6ccc1c(c65)c2c34,ClCCl,551.0
14762,c1ccc(-c2nc(-c3ccccc3)nc(-c3ccc(N4c5ccccc5C5(c6ccccc64)c4ccccc4C4(c6ccccc6Sc6ccccc64)c4ccccc45)cc3)n2)cc1,Cc1ccccc1,468.9265537
474,C1=C(c2ccccc2)C=C(c2ccccc2)/C1=C/c1ccc(-c2cccs2)s1,C1CCOC1,503.0
3405,CCCCCCOc1ccc(C#Cc2ccc(C#Cc3ccc(OCCCCCC)c(OCCCCCC)c3)c3nsnc23)cc1OCCCCCC,C1CCCCC1,504.0
3406,CCCCCCOc1ccc(C#Cc2ccc(C#Cc3ccc(OCCCCCC)c(OCCCCCC)c3)c3nsnc23)cc1OCCCCCC,CCOC(C)=O,550.0
3407,CCCCCCOc1ccc(C#Cc2ccc(C#Cc3ccc(OCCCCCC)c(OCCCCCC)c3)c3nsnc23)cc1OCCCCCC,CN(C)C=O,600.0
3408,CCCCCCOc1ccc(C#Cc2ccc(C#Cc3ccc(OCCCCCC)c(OCCCCCC)c3)c3nsnc23)cc1OCCCCCC,COc1ccccc1,561.0
3409,CCCCCCOc1ccc(C#Cc2ccc(C#Cc3ccc(OCCCCCC)c(OCCCCCC)c3)c3nsnc23)cc1OCCCCCC,Cc1ccccc1,537.0
3410,CCCCCCOc1ccc(C#Cc2ccc(C#Cc3ccc(OCCCCCC)c(OCCCCCC)c3)c3nsnc23)cc1OCCCCCC,ClC(Cl)Cl,580.0
3411,CCCCCCOc1ccc(C#Cc2ccc(C#Cc3ccc(OCCCCCC)c(OCCCCCC)c3)c3nsnc23)cc1OCCCCCC,ClCCCl,581.0
3412,CCCCCCOc1ccc(C#Cc2ccc(C#Cc3ccc(OCCCCCC)c(OCCCCCC)c3)c3nsnc23)cc1OCCCCCC,ClCCl,577.0
3183,CCCCCCCCCCCCn1cccc1/C=C/c1ccc(OCCCC)c2c(/C=C/c3cccn3CCCCCCCCCCCC)ccc(OCCCC)c12,Cc1ccccc1,490.0
3196,CCCCCCCCCCOc1ccc(C#Cc2ccc(C#Cc3ccc(OCCCCCCCCCC)c(OCCCCCCCCCC)c3)c3nc4c5ccccc5c5ccccc5c4nc23)cc1OCCCCCCCCCC,C1CCOC1,558.0
3197,CCCCCCCCCCOc1ccc(C#Cc2ccc(C#Cc3ccc(OCCCCCCCCCC)c(OCCCCCCCCCC)c3)c3nc4c5ccccc5c5ccccc5c4nc23)cc1OCCCCCCCCCC,Cc1ccccc1,541.0
3198,CCCCCCCCCCOc1ccc(C#Cc2ccc(C#Cc3ccc(OCCCCCCCCCC)c(OCCCCCCCCCC)c3)c3nc4c5ccccc5c5ccccc5c4nc23)cc1OCCCCCCCCCC,ClCCl,566.0
3169,CCCCCCCCCCCCOc1ccc(C#Cc2ccc(C#Cc3ccc(OCCCCCCCCCCCC)c(OCCCCCCCCCCCC)c3)c3nc4c5ccccc5c5ccccc5c4nc23)cc1OCCCCCCCCCCCC,C1CCOC1,558.0
3170,CCCCCCCCCCCCOc1ccc(C#Cc2ccc(C#Cc3ccc(OCCCCCCCCCCCC)c(OCCCCCCCCCCCC)c3)c3nc4c5ccccc5c5ccccc5c4nc23)cc1OCCCCCCCCCCCC,Cc1ccccc1,541.0
3171,CCCCCCCCCCCCOc1ccc(C#Cc2ccc(C#Cc3ccc(OCCCCCCCCCCCC)c(OCCCCCCCCCCCC)c3)c3nc4c5ccccc5c5ccccc5c4nc23)cc1OCCCCCCCCCCCC,ClCCl,566.0
3268,CCCCCCCCOc1ccc(C#Cc2ccc(C#Cc3ccc(OCCCCCCCC)c(OCCCCCCCC)c3)c3nc4c5ccccc5c5ccccc5c4nc23)cc1OCCCCCCCC,C1CCOC1,558.0
3269,CCCCCCCCOc1ccc(C#Cc2ccc(C#Cc3ccc(OCCCCCCCC)c(OCCCCCCCC)c3)c3nc4c5ccccc5c5ccccc5c4nc23)cc1OCCCCCCCC,Cc1ccccc1,541.0
3270,CCCCCCCCOc1ccc(C#Cc2ccc(C#Cc3ccc(OCCCCCCCC)c(OCCCCCCCC)c3)c3nc4c5ccccc5c5ccccc5c4nc23)cc1OCCCCCCCC,ClCCl,566.0
10835,Cc1cccc(C)c1Nc1ccc(/C=C/c2ccccc2)cc1,CC#N,424.0
10836,Cc1cccc(C)c1Nc1ccc(/C=C/c2ccccc2)cc1,CCCCCC,375.0
6717,CN(c1ccccc1)c1ccc(/C=C/c2ccccc2)cc1,CC#N,450.0
6718,CN(c1ccccc1)c1ccc(/C=C/c2ccccc2)cc1,CCCCCC,385.0
248,C(=C/c1ccc(Nc2ccccc2)cc1)\c1ccccc1,CC#N,436.0
249,C(=C/c1ccc(Nc2ccccc2)cc1)\c1ccccc1,CCCCCC,378.0
11352,F[B-]1(F)Oc2ccccc2-c2n(-c3ccc(C(F)(F)F)cc3)c(-c3ccccc3)c(-c3ccccc3)[n+]21,C1CCOC1,390.0
14639,c1ccc(-c2nc(-c3c4ccccc4cc4ccccc34)n3ccccc23)cc1,C1CCCCC1,500.0
14640,c1ccc(-c2nc(-c3c4ccccc4cc4ccccc34)n3ccccc23)cc1,CC#N,577.0
14641,c1ccc(-c2nc(-c3c4ccccc4cc4ccccc34)n3ccccc23)cc1,CO,552.0
14642,c1ccc(-c2nc(-c3c4ccccc4cc4ccccc34)n3ccccc23)cc1,ClCCl,548.0
14643,c1ccc(-c2nc(-c3c4ccccc4cc4ccccc34)n3ccccc23)cc1,O,530.0
6780,CN1C(=CC2=C([O-])C(=CC3=[N+](C)c4ccccc4C3(C)C)C2=NC#N)C(C)(C)c2ccccc21,ClC(Cl)Cl,665.0
8924,COc1ccc(N(c2ccc(OC)cc2)c2ccc3ccc4c(B(c5c(C)cc(C)cc5C)c5c(C)cc(C)cc5C)ccc5ccc2c3c54)cc1,C1CCOC1,626.0
8925,COc1ccc(N(c2ccc(OC)cc2)c2ccc3ccc4c(B(c5c(C)cc(C)cc5C)c5c(C)cc(C)cc5C)ccc5ccc2c3c54)cc1,CC(C)=O,658.0
8926,COc1ccc(N(c2ccc(OC)cc2)c2ccc3ccc4c(B(c5c(C)cc(C)cc5C)c5c(C)cc(C)cc5C)ccc5ccc2c3c54)cc1,CCCCCC,534.0
8927,COc1ccc(N(c2ccc(OC)cc2)c2ccc3ccc4c(B(c5c(C)cc(C)cc5C)c5c(C)cc(C)cc5C)ccc5ccc2c3c54)cc1,Cc1ccccc1,575.0
8928,COc1ccc(N(c2ccc(OC)cc2)c2ccc3ccc4c(B(c5c(C)cc(C)cc5C)c5c(C)cc(C)cc5C)ccc5ccc2c3c54)cc1,ClC(Cl)Cl,601.0
8929,COc1ccc(N(c2ccc(OC)cc2)c2ccc3ccc4c(B(c5c(C)cc(C)cc5C)c5c(C)cc(C)cc5C)ccc5ccc2c3c54)cc1,ClCCl,633.0
8621,COc1ccc(/N=N/c2c(O)c3ccccc3n(C)c2=O)c(S(=O)(=O)O)c1,C1CCOC1,527.0
8622,COc1ccc(/N=N/c2c(O)c3ccccc3n(C)c2=O)c(S(=O)(=O)O)c1,CC(C)=O,528.0
8623,COc1ccc(/N=N/c2c(O)c3ccccc3n(C)c2=O)c(S(=O)(=O)O)c1,CCOC(C)=O,525.0
8624,COc1ccc(/N=N/c2c(O)c3ccccc3n(C)c2=O)c(S(=O)(=O)O)c1,CO,532.0
8625,COc1ccc(/N=N/c2c(O)c3ccccc3n(C)c2=O)c(S(=O)(=O)O)c1,CS(C)=O,548.0
8626,COc1ccc(/N=N/c2c(O)c3ccccc3n(C)c2=O)c(S(=O)(=O)O)c1,Cc1ccccc1,519.0
8627,COc1ccc(/N=N/c2c(O)c3ccccc3n(C)c2=O)c(S(=O)(=O)O)c1,ClCCl,542.0
8628,COc1ccc(/N=N/c2c(O)c3ccccc3n(C)c2=O)c(S(=O)(=O)O)c1,O,583.0
11143,Cn1c(=O)c(/N=N/c2cc(S(=O)(=O)O)ccc2S(=O)(=O)O)c(O)c2ccccc21,Cc1ccccc1,490.0
11144,Cn1c(=O)c(/N=N/c2cc(S(=O)(=O)O)ccc2S(=O)(=O)O)c(O)c2ccccc21,ClCCl,493.0
11145,Cn1c(=O)c(/N=N/c2cc(S(=O)(=O)O)ccc2S(=O)(=O)O)c(O)c2ccccc21,O,500.0
11130,Cn1c(=O)c(/N=N/c2cc(S(=O)(=O)O)ccc2C(=O)O)c(O)c2ccccc21,C1CCOC1,523.0
11131,Cn1c(=O)c(/N=N/c2cc(S(=O)(=O)O)ccc2C(=O)O)c(O)c2ccccc21,CC(C)=O,538.0
11132,Cn1c(=O)c(/N=N/c2cc(S(=O)(=O)O)ccc2C(=O)O)c(O)c2ccccc21,CCOC(C)=O,528.0
11133,Cn1c(=O)c(/N=N/c2cc(S(=O)(=O)O)ccc2C(=O)O)c(O)c2ccccc21,CO,532.0
11134,Cn1c(=O)c(/N=N/c2cc(S(=O)(=O)O)ccc2C(=O)O)c(O)c2ccccc21,CS(C)=O,486.0
11135,Cn1c(=O)c(/N=N/c2cc(S(=O)(=O)O)ccc2C(=O)O)c(O)c2ccccc21,Cc1ccccc1,509.0
11136,Cn1c(=O)c(/N=N/c2cc(S(=O)(=O)O)ccc2C(=O)O)c(O)c2ccccc21,ClCCl,516.0
625,CC(=O)Nc1ccc(S(=O)(=O)O)c(/N=N/c2c(O)c3ccccc3n(C)c2=O)c1,C1CCOC1,523.0
626,CC(=O)Nc1ccc(S(=O)(=O)O)c(/N=N/c2c(O)c3ccccc3n(C)c2=O)c1,CC(C)=O,516.0
627,CC(=O)Nc1ccc(S(=O)(=O)O)c(/N=N/c2c(O)c3ccccc3n(C)c2=O)c1,CCOC(C)=O,523.0
628,CC(=O)Nc1ccc(S(=O)(=O)O)c(/N=N/c2c(O)c3ccccc3n(C)c2=O)c1,CO,512.0
629,CC(=O)Nc1ccc(S(=O)(=O)O)c(/N=N/c2c(O)c3ccccc3n(C)c2=O)c1,CS(C)=O,526.0
630,CC(=O)Nc1ccc(S(=O)(=O)O)c(/N=N/c2c(O)c3ccccc3n(C)c2=O)c1,Cc1ccccc1,517.0
631,CC(=O)Nc1ccc(S(=O)(=O)O)c(/N=N/c2c(O)c3ccccc3n(C)c2=O)c1,ClCCl,528.0
632,CC(=O)Nc1ccc(S(=O)(=O)O)c(/N=N/c2c(O)c3ccccc3n(C)c2=O)c1,O,549.0
11137,Cn1c(=O)c(/N=N/c2cc(S(=O)(=O)O)ccc2C(=O)O)c(O)c2ccccc21,O,553.0
11138,Cn1c(=O)c(/N=N/c2cc(S(=O)(=O)O)ccc2S(=O)(=O)O)c(O)c2ccccc21,C1CCOC1,498.0
11139,Cn1c(=O)c(/N=N/c2cc(S(=O)(=O)O)ccc2S(=O)(=O)O)c(O)c2ccccc21,CC(C)=O,491.0
11140,Cn1c(=O)c(/N=N/c2cc(S(=O)(=O)O)ccc2S(=O)(=O)O)c(O)c2ccccc21,CCOC(C)=O,493.0
11141,Cn1c(=O)c(/N=N/c2cc(S(=O)(=O)O)ccc2S(=O)(=O)O)c(O)c2ccccc21,CO,483.0
11142,Cn1c(=O)c(/N=N/c2cc(S(=O)(=O)O)ccc2S(=O)(=O)O)c(O)c2ccccc21,CS(C)=O,490.0
1296,CC(C)(C)c1ccc2oc3nc4oc5ccc(-n6c7ccccc7c(=O)c7ccccc76)cc5c4cc3c2c1,ClC(Cl)Cl,409.0
12992,O=C1C2=C3c4sccc4C=CN3C(=O)C2=C2c3sccc3C=CN12,CN(C)C=O,618.0
12993,O=C1C2=C3c4sccc4C=CN3C(=O)C2=C2c3sccc3C=CN12,ClC(Cl)Cl,609.0
9455,COc1nc(Nc2ccc3cc4ccccc4cc3c2)nc(OC)n1,CCOC(C)=O,432.0
9434,COc1nc(Cl)nc(Nc2ccc3cc4ccccc4cc3c2)n1,C1COCCO1,432.0
9435,COc1nc(Cl)nc(Nc2ccc3cc4ccccc4cc3c2)n1,CC#N,431.0
9436,COc1nc(Cl)nc(Nc2ccc3cc4ccccc4cc3c2)n1,CCCCOCCCC,429.0
9437,COc1nc(Cl)nc(Nc2ccc3cc4ccccc4cc3c2)n1,CCOC(C)=O,430.0
9452,COc1nc(Nc2ccc3cc4ccccc4cc3c2)nc(OC)n1,C1COCCO1,435.0
9453,COc1nc(Nc2ccc3cc4ccccc4cc3c2)nc(OC)n1,CC#N,431.0
9454,COc1nc(Nc2ccc3cc4ccccc4cc3c2)nc(OC)n1,CCCCOCCCC,435.0
7710,COc1cc(-c2nc(-c3ccccc3)c(-c3ccccc3)[nH]2)c(OC)cc1/C=C/c1ccncc1,C1CCOC1,475.0
7711,COc1cc(-c2nc(-c3ccccc3)c(-c3ccccc3)[nH]2)c(OC)cc1/C=C/c1ccncc1,CC#N,493.0
7712,COc1cc(-c2nc(-c3ccccc3)c(-c3ccccc3)[nH]2)c(OC)cc1/C=C/c1ccncc1,CN(C)C=O,492.0
7713,COc1cc(-c2nc(-c3ccccc3)c(-c3ccccc3)[nH]2)c(OC)cc1/C=C/c1ccncc1,Cc1ccccc1,454.0
8655,COc1ccc(C#Cc2ccc(C#Cc3ccc(P(=O)(c4ccc(C#Cc5ccc(C#Cc6ccc(OC)cc6)cc5)cc4)c4ccc(C#Cc5ccc(C#Cc6ccc(OC)cc6)cc5)cc4)cc3)cc2)cc1,C1CCCCC1,366.0
8656,COc1ccc(C#Cc2ccc(C#Cc3ccc(P(=O)(c4ccc(C#Cc5ccc(C#Cc6ccc(OC)cc6)cc5)cc4)c4ccc(C#Cc5ccc(C#Cc6ccc(OC)cc6)cc5)cc4)cc3)cc2)cc1,C1COCCO1,379.0
8657,COc1ccc(C#Cc2ccc(C#Cc3ccc(P(=O)(c4ccc(C#Cc5ccc(C#Cc6ccc(OC)cc6)cc5)cc4)c4ccc(C#Cc5ccc(C#Cc6ccc(OC)cc6)cc5)cc4)cc3)cc2)cc1,CC#N,428.0
8658,COc1ccc(C#Cc2ccc(C#Cc3ccc(P(=O)(c4ccc(C#Cc5ccc(C#Cc6ccc(OC)cc6)cc5)cc4)c4ccc(C#Cc5ccc(C#Cc6ccc(OC)cc6)cc5)cc4)cc3)cc2)cc1,CCO,418.0
8659,COc1ccc(C#Cc2ccc(C#Cc3ccc(P(=O)(c4ccc(C#Cc5ccc(C#Cc6ccc(OC)cc6)cc5)cc4)c4ccc(C#Cc5ccc(C#Cc6ccc(OC)cc6)cc5)cc4)cc3)cc2)cc1,CS(C)=O,443.0
8660,COc1ccc(C#Cc2ccc(C#Cc3ccc(P(=O)(c4ccc(C#Cc5ccc(C#Cc6ccc(OC)cc6)cc5)cc4)c4ccc(C#Cc5ccc(C#Cc6ccc(OC)cc6)cc5)cc4)cc3)cc2)cc1,ClC(Cl)Cl,392.0
8661,COc1ccc(C#Cc2ccc(C#Cc3ccc(P(=O)(c4ccc(C#Cc5ccc(C#Cc6ccc(OC)cc6)cc5)cc4)c4ccc(C#Cc5ccc(C#Cc6ccc(OC)cc6)cc5)cc4)cc3)cc2)cc1,ClCCl,406.0
9402,COc1ccccc1C1=NC2c3cccc4cccc(c34)C2N1c1ccccc1,Cc1ccccc1,379.0
14355,Oc1ccccc1C1=NC2c3cccc4cccc(c34)C2N1c1ccccc1,Cc1ccccc1,575.0
10984,Cc1nc(-c2ccccc2)c2ccccn12,C1CCCCC1,475.0
10985,Cc1nc(-c2ccccc2)c2ccccn12,CC#N,467.0
10986,Cc1nc(-c2ccccc2)c2ccccn12,CO,473.0
10987,Cc1nc(-c2ccccc2)c2ccccn12,ClCCl,485.0
10988,Cc1nc(-c2ccccc2)c2ccccn12,O,470.0
2298,CC1=[N+]2C(=C(c3cccs3)c3ccc(C)n3[B-]2(F)F)C=C1c1cc2n(c1)[B-](F)(F)[N+]1=CC=CC1=C2c1c(C)cc(C)cc1C,C1CCCCC1,650.0
2299,CC1=[N+]2C(=C(c3cccs3)c3ccc(C)n3[B-]2(F)F)C=C1c1cc2n(c1)[B-](F)(F)[N+]1=CC=CC1=C2c1c(C)cc(C)cc1C,CCOC(C)=O,670.0
11100,Clc1cnc2nn3ccccc3c2n1,C1CCOC1,448.0
14982,c1ccc(N(c2ccccc2)c2ccc(-c3cccc4nc5ccccc5cc34)cc2)cc1,C1CCOC1,535.0
14983,c1ccc(N(c2ccccc2)c2ccc(-c3cccc4nc5ccccc5cc34)cc2)cc1,CC#N,572.0
14984,c1ccc(N(c2ccccc2)c2ccc(-c3cccc4nc5ccccc5cc34)cc2)cc1,CC(C)OC(C)C,496.0
14985,c1ccc(N(c2ccccc2)c2ccc(-c3cccc4nc5ccccc5cc34)cc2)cc1,CCCCCC,462.0
14986,c1ccc(N(c2ccccc2)c2ccc(-c3cccc4nc5ccccc5cc34)cc2)cc1,CCCCOCCCC,491.0
14987,c1ccc(N(c2ccccc2)c2ccc(-c3cccc4nc5ccccc5cc34)cc2)cc1,CCN(CC)CC,479.0
14988,c1ccc(N(c2ccccc2)c2ccc(-c3cccc4nc5ccccc5cc34)cc2)cc1,CCOC(C)=O,532.0
14989,c1ccc(N(c2ccccc2)c2ccc(-c3cccc4nc5ccccc5cc34)cc2)cc1,CCOCC,507.0
14990,c1ccc(N(c2ccccc2)c2ccc(-c3cccc4nc5ccccc5cc34)cc2)cc1,CN(C)C=O,566.0
14991,c1ccc(N(c2ccccc2)c2ccc(-c3cccc4nc5ccccc5cc34)cc2)cc1,ClCCl,555.0
13943,O=c1c2ccccc2sc2ccc(-n3c4ccccc4c4ccccc43)cc12,C1CCOC1,452.5
13944,O=c1c2ccccc2sc2ccc(-n3c4ccccc4c4ccccc43)cc12,CCCCCC,436.0
13945,O=c1c2ccccc2sc2ccc(-n3c4ccccc4c4ccccc43)cc12,Cc1ccccc1,447.5
13946,O=c1c2ccccc2sc2ccc(-n3c4ccccc4c4ccccc43)cc12,ClC(Cl)Cl,486.5
13947,O=c1c2ccccc2sc2ccc(-n3c4ccccc4c4ccccc43)cc12,ClCCl,483.5
14919,c1ccc(-p2c3ccccc3c3sc4ccccc4c32)cc1,ClCCl,421.0
14916,c1ccc(-p2c3ccccc3c3sc4ccccc4c32)cc1,C1CCCCC1,416.0
14917,c1ccc(-p2c3ccccc3c3sc4ccccc4c32)cc1,CC#N,425.0
14918,c1ccc(-p2c3ccccc3c3sc4ccccc4c32)cc1,CCO,421.0
140,C(#Cc1nc2ccccc2s1)c1ccc(N(c2ccc(C#Cc3nc4ccccc4s3)cc2)c2ccc(C#Cc3nc4ccccc4s3)cc2)cc1,Cc1ccccc1,434.0
13537,O=Cc1ccc2nc(C#Cc3ccc(N(c4ccc(C#Cc5nc6ccc(C=O)cc6s5)cc4)c4ccc(C#Cc5nc6ccc(C=O)cc6s5)cc4)cc3)sc2c1,Cc1ccccc1,458.0
11810,N#CC(C#N)=Cc1ccc2nc(C#Cc3ccc(N(c4ccc(C#Cc5nc6ccc(C=C(C#N)C#N)cc6s5)cc4)c4ccc(C#Cc5nc6ccc(C=C(C#N)C#N)cc6s5)cc4)cc3)sc2c1,Cc1ccccc1,512.0
4921,CCOC(=O)c1ccc(C2=C(c3ccccc3)c3oc4ccccc4[n+]3[B-](F)(F)O2)cc1,C1CCOC1,400.0
6340,CN(C)c1ccc(C2=C(c3ccccc3)c3oc4ccccc4[n+]3[B-](F)(F)O2)cc1,C1CCOC1,476.0
11317,F[B-]1(F)OC(c2ccccc2)=C(c2ccccc2)c2oc3ccccc3[n+]21,C1CCOC1,389.0
14705,c1ccc(-c2nc(-c3ccccc3)c(-c3ccccc3)o2)cc1,Cc1ccccc1,381.0
4991,CCOC(=O)c1sc2nc3c(c(C#N)c2c1N)CCCC3,c1ccccc1,545.0
11667,N#C/C(=C\c1ccc(C#N)cc1)c1nc(-c2ccc(Cl)cc2)cs1,CC#N,501.0
11669,N#C/C(=C\c1ccc(C#N)cc1)c1nc(-c2ccccc2)cs1,CC#N,501.0
11670,N#C/C(=C\c1ccc(C#N)cc1)c1nc(-c2ccccc2)cs1,CCO,500.0
11671,N#C/C(=C\c1ccc(C#N)cc1)c1nc(-c2ccccc2)cs1,CN(C)C=O,507.0
11672,N#C/C(=C\c1ccc(C#N)cc1)c1nc(-c2ccccc2)cs1,Cc1ccccc1,472.0
11673,N#C/C(=C\c1ccc(C#N)cc1)c1nc(-c2ccccc2)cs1,ClCCl,490.0
11674,N#C/C(=C\c1ccc(C(F)(F)F)cc1)c1nc(-c2ccc(Cl)cc2)cs1,CC#N,490.0
11678,N#C/C(=C\c1ccc(Cl)cc1)c1nc(-c2ccccc2)cs1,CC#N,480.0
11681,N#C/C(=C\c1ccc([N+](=O)[O-])cc1)c1nc(-c2ccccc2)cs1,CC#N,552.0
8265,COc1ccc(-c2csc(/C(C#N)=C/c3c(Cl)cccc3Cl)n2)cc1,CC#N,550.0
8266,COc1ccc(-c2csc(/C(C#N)=C/c3ccc(C#N)cc3)n2)cc1,CC#N,561.0
8267,COc1ccc(-c2csc(/C(C#N)=C/c3ccc(C#N)cc3)n2)cc1,CCO,555.0
8268,COc1ccc(-c2csc(/C(C#N)=C/c3ccc(C#N)cc3)n2)cc1,CN(C)C=O,570.0
8269,COc1ccc(-c2csc(/C(C#N)=C/c3ccc(C#N)cc3)n2)cc1,Cc1ccccc1,519.0
8270,COc1ccc(-c2csc(/C(C#N)=C/c3ccc(C#N)cc3)n2)cc1,ClCCl,554.0
8271,COc1ccc(-c2csc(/C(C#N)=C/c3ccc(C(F)(F)F)cc3)n2)cc1,CC#N,555.0
8272,COc1ccc(-c2csc(/C(C#N)=C/c3ccc(Cl)cc3)n2)cc1,CC#N,543.0
8273,COc1ccc(-c2csc(/C(C#N)=C/c3ccc(Cl)cc3Cl)n2)cc1,CC#N,557.0
8274,COc1ccc(-c2csc(/C(C#N)=C/c3ccccc3Cl)n2)cc1,CC#N,555.0
8427,COc1ccc(/C=C(\C#N)c2nc(-c3ccc(Cl)cc3)cs2)cc1,CC#N,472.0
12927,O=C(c1ccncc1)c1ccc(-n2c3ccccc3c3cc(-n4c5ccccc5c5ccccc54)ccc32)cc1,Cc1ccccc1,480.0
12928,O=C(c1ccncc1)c1ccc(-n2c3ccccc3c3cc(-n4c5ccccc5c5ccccc54)ccc32)cc1,c1cc(-c2cccc(-n3c4ccccc4c4ccccc43)c2)cc(-n2c3ccccc3c3ccccc32)c1,475.2314815
11216,Cn1cccc1-c1ccc(C#N)cc1,CCCCOCCCC,367.0
11217,Cn1cccc1-c1ccc(C#N)cc1,CCOCC,371.0
11208,Cn1cccc1-c1cc(C#N)ccc1C#N,C1CCOC1,489.0
11209,Cn1cccc1-c1cc(C#N)ccc1C#N,CC#N,524.0
11210,Cn1cccc1-c1cc(C#N)ccc1C#N,CCCCCC,423.0
11211,Cn1cccc1-c1cc(C#N)ccc1C#N,CCCCOCCCC,455.0
11212,Cn1cccc1-c1cc(C#N)ccc1C#N,CCOCC,463.0
11213,Cn1cccc1-c1ccc(C#N)cc1,C1CCOC1,383.0
11214,Cn1cccc1-c1ccc(C#N)cc1,CC#N,407.0
11215,Cn1cccc1-c1ccc(C#N)cc1,CCCCCC,357.0
13315,O=C1c2ccccc2-c2cnccc21,CC#N,516.7619211
13316,O=C1c2ccccc2-c2cnccc21,CCCCCC,464.1664611
13222,O=C1c2cc(F)ccc2-c2cnccc21,CC#N,540.4298781
13223,O=C1c2cc(F)ccc2-c2cnccc21,CCCCCC,486.2565543
10732,Cc1ccc2c(c1)C(=O)c1ccncc1-2,CC#N,536.7481959
10733,Cc1ccc2c(c1)C(=O)c1ccncc1-2,CCCCCC,487.8344181
2229,CC1=[N+]2C(=C(c3ccc(-c4c5ccccc5c(-c5ccccc5)c5ccccc45)cc3)c3ccc(C)n3[B-]2(F)F)C=C1,CC#N,523.0
2230,CC1=[N+]2C(=C(c3ccc(-c4c5ccccc5c(-c5ccccc5)c5ccccc45)cc3)c3ccc(C)n3[B-]2(F)F)C=C1,CCCCCC,526.0
2231,CC1=[N+]2C(=C(c3ccc(-c4c5ccccc5c(-c5ccccc5)c5ccccc45)cc3)c3ccc(C)n3[B-]2(F)F)C=C1,CCO,526.0
2232,CC1=[N+]2C(=C(c3ccc(-c4c5ccccc5c(-c5ccccc5)c5ccccc45)cc3)c3ccc(C)n3[B-]2(F)F)C=C1,CN(C)C=O,529.0
2233,CC1=[N+]2C(=C(c3ccc(-c4c5ccccc5c(-c5ccccc5)c5ccccc45)cc3)c3ccc(C)n3[B-]2(F)F)C=C1,Cc1ccccc1,532.0
2234,CC1=[N+]2C(=C(c3ccc(-c4c5ccccc5c(-c5ccccc5)c5ccccc45)cc3)c3ccc(C)n3[B-]2(F)F)C=C1,ClCCl,526.0
11493,F[B-]1(F)n2cccc2C(c2ccc(-c3c4ccccc4c(-c4ccccc4)c4ccccc34)cc2)=C2C=CC=[N+]21,CC#N,516.0
11494,F[B-]1(F)n2cccc2C(c2ccc(-c3c4ccccc4c(-c4ccccc4)c4ccccc34)cc2)=C2C=CC=[N+]21,CCCCCC,517.0
11495,F[B-]1(F)n2cccc2C(c2ccc(-c3c4ccccc4c(-c4ccccc4)c4ccccc34)cc2)=C2C=CC=[N+]21,CCO,516.0
11496,F[B-]1(F)n2cccc2C(c2ccc(-c3c4ccccc4c(-c4ccccc4)c4ccccc34)cc2)=C2C=CC=[N+]21,CN(C)C=O,520.0
11497,F[B-]1(F)n2cccc2C(c2ccc(-c3c4ccccc4c(-c4ccccc4)c4ccccc34)cc2)=C2C=CC=[N+]21,Cc1ccccc1,524.0
11498,F[B-]1(F)n2cccc2C(c2ccc(-c3c4ccccc4c(-c4ccccc4)c4ccccc34)cc2)=C2C=CC=[N+]21,ClCCl,518.0
2662,CCC1=C(C)C2=C(c3ccc(-c4c5ccccc5c(-c5ccccc5)c5ccccc45)cc3)c3c(C)c(CC)c(C)n3[B-](F)(F)[N+]2=C1C,CC#N,534.0
2663,CCC1=C(C)C2=C(c3ccc(-c4c5ccccc5c(-c5ccccc5)c5ccccc45)cc3)c3c(C)c(CC)c(C)n3[B-](F)(F)[N+]2=C1C,CCCCCC,536.0
2664,CCC1=C(C)C2=C(c3ccc(-c4c5ccccc5c(-c5ccccc5)c5ccccc45)cc3)c3c(C)c(CC)c(C)n3[B-](F)(F)[N+]2=C1C,CCO,537.0
2665,CCC1=C(C)C2=C(c3ccc(-c4c5ccccc5c(-c5ccccc5)c5ccccc45)cc3)c3c(C)c(CC)c(C)n3[B-](F)(F)[N+]2=C1C,CN(C)C=O,537.0
2666,CCC1=C(C)C2=C(c3ccc(-c4c5ccccc5c(-c5ccccc5)c5ccccc45)cc3)c3c(C)c(CC)c(C)n3[B-](F)(F)[N+]2=C1C,Cc1ccccc1,539.0
2667,CCC1=C(C)C2=C(c3ccc(-c4c5ccccc5c(-c5ccccc5)c5ccccc45)cc3)c3c(C)c(CC)c(C)n3[B-](F)(F)[N+]2=C1C,ClCCl,540.0
2034,CC1=CC(C)=[N+]2C1=C(c1ccc(-c3c4ccccc4c(-c4ccccc4)c4ccccc34)cc1)c1c(C)cc(C)n1[B-]2(F)F,CC#N,508.0
2035,CC1=CC(C)=[N+]2C1=C(c1ccc(-c3c4ccccc4c(-c4ccccc4)c4ccccc34)cc1)c1c(C)cc(C)n1[B-]2(F)F,CCCCCC,511.0
2036,CC1=CC(C)=[N+]2C1=C(c1ccc(-c3c4ccccc4c(-c4ccccc4)c4ccccc34)cc1)c1c(C)cc(C)n1[B-]2(F)F,CCO,510.0
2037,CC1=CC(C)=[N+]2C1=C(c1ccc(-c3c4ccccc4c(-c4ccccc4)c4ccccc34)cc1)c1c(C)cc(C)n1[B-]2(F)F,CN(C)C=O,510.0
2038,CC1=CC(C)=[N+]2C1=C(c1ccc(-c3c4ccccc4c(-c4ccccc4)c4ccccc34)cc1)c1c(C)cc(C)n1[B-]2(F)F,Cc1ccccc1,515.0
2039,CC1=CC(C)=[N+]2C1=C(c1ccc(-c3c4ccccc4c(-c4ccccc4)c4ccccc34)cc1)c1c(C)cc(C)n1[B-]2(F)F,ClCCl,512.0
5644,CN(C)c1ccc(-c2ccc(/C=C/c3ccncn3)cc2)cc1,ClCCl,570.0
8234,COc1ccc(-c2ccc(/C=C/c3ccncn3)cc2)cc1,ClCCl,447.0
14796,c1ccc(-c2nc3cc4c(cc3n2-c2ccccc2)nc(-c2ccccc2)n4-c2ccccc2)cc1,CC#N,397.0
9410,COc1ccccc1CC(=O)OCc1c(C)c(=O)n2c(=O)c(C)c(C)n12,CCO,461.0
4108,CCN(CC)c1ccc([N+]2=Cc3ccc4c5c(ccc4c3O[B-]2(c2c(F)c(F)c(F)c(F)c2F)c2c(F)c(F)c(F)c(F)c2F)C=[N+](c2ccc(N(CC)CC)cc2)[B-](c2c(F)c(F)c(F)c(F)c2F)(c2c(F)c(F)c(F)c(F)c2F)O5)cc1,C1CCOC1,714.0
4109,CCN(CC)c1ccc([N+]2=Cc3ccc4c5c(ccc4c3O[B-]2(c2c(F)c(F)c(F)c(F)c2F)c2c(F)c(F)c(F)c(F)c2F)C=[N+](c2ccc(N(CC)CC)cc2)[B-](c2c(F)c(F)c(F)c(F)c2F)(c2c(F)c(F)c(F)c(F)c2F)O5)cc1,Cc1ccccc1,644.0
4110,CCN(CC)c1ccc([N+]2=Cc3ccc4c5c(ccc4c3O[B-]2(c2c(F)c(F)c(F)c(F)c2F)c2c(F)c(F)c(F)c(F)c2F)C=[N+](c2ccc(N(CC)CC)cc2)[B-](c2c(F)c(F)c(F)c(F)c2F)(c2c(F)c(F)c(F)c(F)c2F)O5)cc1,ClCCl,683.0
4111,CCN(CC)c1ccc([N+]2=Cc3ccc4c5c(ccc4c3O[B-]2(c2ccccc2)c2ccccc2)C=[N+](c2ccc(N(CC)CC)cc2)[B-](c2ccccc2)(c2ccccc2)O5)cc1,Cc1ccccc1,627.0
4112,CCN(CC)c1ccc([N+]2=Cc3ccc4c5c(ccc4c3O[B-]2(c2ccccc2)c2ccccc2)C=[N+](c2ccc(N(CC)CC)cc2)[B-](c2ccccc2)(c2ccccc2)O5)cc1,ClCCl,644.0
4113,CCN(CC)c1ccc([N+]2=Cc3ccc4c5c(ccc4c3O[B-]2(c2ccccc2)c2ccccc2)C=[N+](c2ccc([N+](=O)[O-])cc2)[B-](c2ccccc2)(c2ccccc2)O5)cc1,Cc1ccccc1,644.0
11549,Fc1c(F)c(F)c([B-]2(c3c(F)c(F)c(F)c(F)c3F)Oc3c(ccc4c5c(ccc34)C=[N+](c3ccccc3)[B-](c3c(F)c(F)c(F)c(F)c3F)(c3c(F)c(F)c(F)c(F)c3F)O5)C=[N+]2c2ccccc2)c(F)c1F,C1CCOC1,578.0
11550,Fc1c(F)c(F)c([B-]2(c3c(F)c(F)c(F)c(F)c3F)Oc3c(ccc4c5c(ccc34)C=[N+](c3ccccc3)[B-](c3c(F)c(F)c(F)c(F)c3F)(c3c(F)c(F)c(F)c(F)c3F)O5)C=[N+]2c2ccccc2)c(F)c1F,CC#N,577.0
524,C1=[N+](c2ccccc2)[B-](c2ccccc2)(c2ccccc2)Oc2c1ccc1c3c(ccc21)C=[N+](c1ccccc1)[B-](c1ccccc1)(c1ccccc1)O3,Cc1ccccc1,602.0
525,C1=[N+](c2ccccc2)[B-](c2ccccc2)(c2ccccc2)Oc2c1ccc1c3c(ccc21)C=[N+](c1ccccc1)[B-](c1ccccc1)(c1ccccc1)O3,ClCCl,594.0
11551,Fc1c(F)c(F)c([B-]2(c3c(F)c(F)c(F)c(F)c3F)Oc3c(ccc4c5c(ccc34)C=[N+](c3ccccc3)[B-](c3c(F)c(F)c(F)c(F)c3F)(c3c(F)c(F)c(F)c(F)c3F)O5)C=[N+]2c2ccccc2)c(F)c1F,CC(C)=O,578.0
11552,Fc1c(F)c(F)c([B-]2(c3c(F)c(F)c(F)c(F)c3F)Oc3c(ccc4c5c(ccc34)C=[N+](c3ccccc3)[B-](c3c(F)c(F)c(F)c(F)c3F)(c3c(F)c(F)c(F)c(F)c3F)O5)C=[N+]2c2ccccc2)c(F)c1F,Cc1ccccc1,580.0
11553,Fc1c(F)c(F)c([B-]2(c3c(F)c(F)c(F)c(F)c3F)Oc3c(ccc4c5c(ccc34)C=[N+](c3ccccc3)[B-](c3c(F)c(F)c(F)c(F)c3F)(c3c(F)c(F)c(F)c(F)c3F)O5)C=[N+]2c2ccccc2)c(F)c1F,ClCCl,580.0
11625,Fc1cccc(F)c1[B-]1(c2c(F)cccc2F)Oc2c(ccc3c4c(ccc23)C=[N+](c2ccccc2)[B-](c2c(F)cccc2F)(c2c(F)cccc2F)O4)C=[N+]1c1ccccc1,Cc1ccccc1,592.0
11626,Fc1cccc(F)c1[B-]1(c2c(F)cccc2F)Oc2c(ccc3c4c(ccc23)C=[N+](c2ccccc2)[B-](c2c(F)cccc2F)(c2c(F)cccc2F)O4)C=[N+]1c1ccccc1,ClCCl,585.0
13828,O=[N+]([O-])c1ccc([N+]2=Cc3ccc4c5c(ccc4c3O[B-]2(c2c(F)c(F)c(F)c(F)c2F)c2c(F)c(F)c(F)c(F)c2F)C=[N+](c2ccc([N+](=O)[O-])cc2)[B-](c2c(F)c(F)c(F)c(F)c2F)(c2c(F)c(F)c(F)c(F)c2F)O5)cc1,C1CCOC1,615.0
13829,O=[N+]([O-])c1ccc([N+]2=Cc3ccc4c5c(ccc4c3O[B-]2(c2c(F)c(F)c(F)c(F)c2F)c2c(F)c(F)c(F)c(F)c2F)C=[N+](c2ccc([N+](=O)[O-])cc2)[B-](c2c(F)c(F)c(F)c(F)c2F)(c2c(F)c(F)c(F)c(F)c2F)O5)cc1,CC#N,615.0
13830,O=[N+]([O-])c1ccc([N+]2=Cc3ccc4c5c(ccc4c3O[B-]2(c2c(F)c(F)c(F)c(F)c2F)c2c(F)c(F)c(F)c(F)c2F)C=[N+](c2ccc([N+](=O)[O-])cc2)[B-](c2c(F)c(F)c(F)c(F)c2F)(c2c(F)c(F)c(F)c(F)c2F)O5)cc1,CC(C)=O,617.0
13831,O=[N+]([O-])c1ccc([N+]2=Cc3ccc4c5c(ccc4c3O[B-]2(c2c(F)c(F)c(F)c(F)c2F)c2c(F)c(F)c(F)c(F)c2F)C=[N+](c2ccc([N+](=O)[O-])cc2)[B-](c2c(F)c(F)c(F)c(F)c2F)(c2c(F)c(F)c(F)c(F)c2F)O5)cc1,Cc1ccccc1,613.0
13832,O=[N+]([O-])c1ccc([N+]2=Cc3ccc4c5c(ccc4c3O[B-]2(c2c(F)c(F)c(F)c(F)c2F)c2c(F)c(F)c(F)c(F)c2F)C=[N+](c2ccc([N+](=O)[O-])cc2)[B-](c2c(F)c(F)c(F)c(F)c2F)(c2c(F)c(F)c(F)c(F)c2F)O5)cc1,ClCCl,620.0
13833,O=[N+]([O-])c1ccc([N+]2=Cc3ccc4c5c(ccc4c3O[B-]2(c2ccccc2)c2ccccc2)C=[N+](c2ccc([N+](=O)[O-])cc2)[B-](c2ccccc2)(c2ccccc2)O5)cc1,Cc1ccccc1,643.0
13834,O=[N+]([O-])c1ccc([N+]2=Cc3ccc4c5c(ccc4c3O[B-]2(c2ccccc2)c2ccccc2)C=[N+](c2ccc([N+](=O)[O-])cc2)[B-](c2ccccc2)(c2ccccc2)O5)cc1,ClCCl,642.0
12245,N#Cc1ccc2cc(C#Cc3cn([C@H]4C[C@H](O)[C@@H](CO)O4)c4ncnc(N)c34)ccc2c1,CC#N,494.0
12246,N#Cc1ccc2cc(C#Cc3cn([C@H]4C[C@H](O)[C@@H](CO)O4)c4ncnc(N)c34)ccc2c1,CCO,469.0
12247,N#Cc1ccc2cc(C#Cc3cn([C@H]4C[C@H](O)[C@@H](CO)O4)c4ncnc(N)c34)ccc2c1,CCOC(C)=O,458.0
12248,N#Cc1ccc2cc(C#Cc3cn([C@H]4C[C@H](O)[C@@H](CO)O4)c4ncnc(N)c34)ccc2c1,CO,478.0
12249,N#Cc1ccc2cc(C#Cc3cn([C@H]4C[C@H](O)[C@@H](CO)O4)c4ncnc(N)c34)ccc2c1,ClC(Cl)Cl,423.0
12664,Nc1ncnc2c1c(C#Cc1ccc3ccccc3c1)cn2[C@H]1C[C@H](O)[C@@H](CO)O1,CC#N,400.0
12665,Nc1ncnc2c1c(C#Cc1ccc3ccccc3c1)cn2[C@H]1C[C@H](O)[C@@H](CO)O1,CCO,371.0
12666,Nc1ncnc2c1c(C#Cc1ccc3ccccc3c1)cn2[C@H]1C[C@H](O)[C@@H](CO)O1,CCOC(C)=O,383.0
12667,Nc1ncnc2c1c(C#Cc1ccc3ccccc3c1)cn2[C@H]1C[C@H](O)[C@@H](CO)O1,CO,377.0
12668,Nc1ncnc2c1c(C#Cc1ccc3ccccc3c1)cn2[C@H]1C[C@H](O)[C@@H](CO)O1,ClC(Cl)Cl,374.0
754,CC(=O)c1ccc2cc(C#Cc3cn([C@H]4C[C@H](O)[C@@H](CO)O4)c4ncnc(N)c34)ccc2c1,CC#N,508.0
755,CC(=O)c1ccc2cc(C#Cc3cn([C@H]4C[C@H](O)[C@@H](CO)O4)c4ncnc(N)c34)ccc2c1,CCO,475.0
756,CC(=O)c1ccc2cc(C#Cc3cn([C@H]4C[C@H](O)[C@@H](CO)O4)c4ncnc(N)c34)ccc2c1,CCOC(C)=O,461.0
757,CC(=O)c1ccc2cc(C#Cc3cn([C@H]4C[C@H](O)[C@@H](CO)O4)c4ncnc(N)c34)ccc2c1,CO,464.0
758,CC(=O)c1ccc2cc(C#Cc3cn([C@H]4C[C@H](O)[C@@H](CO)O4)c4ncnc(N)c34)ccc2c1,ClC(Cl)Cl,445.0
6531,CN(C)c1ccc2cc(C#Cc3cn([C@H]4C[C@H](O)[C@@H](CO)O4)c4ncnc(N)c34)ccc2c1,C1CCOC1,418.0
6532,CN(C)c1ccc2cc(C#Cc3cn([C@H]4C[C@H](O)[C@@H](CO)O4)c4ncnc(N)c34)ccc2c1,CC#N,432.0
6533,CN(C)c1ccc2cc(C#Cc3cn([C@H]4C[C@H](O)[C@@H](CO)O4)c4ncnc(N)c34)ccc2c1,CC(C)O,419.0
6534,CN(C)c1ccc2cc(C#Cc3cn([C@H]4C[C@H](O)[C@@H](CO)O4)c4ncnc(N)c34)ccc2c1,CCO,421.0
6535,CN(C)c1ccc2cc(C#Cc3cn([C@H]4C[C@H](O)[C@@H](CO)O4)c4ncnc(N)c34)ccc2c1,CCOC(C)=O,418.0
6536,CN(C)c1ccc2cc(C#Cc3cn([C@H]4C[C@H](O)[C@@H](CO)O4)c4ncnc(N)c34)ccc2c1,CO,424.0
11437,F[B-]1(F)n2c(cc(Br)c2Br)C(c2ccccc2)=C2C=C(Br)C(c3ccc[nH]3)=[N+]21,ClC(Cl)Cl,642.0
3114,CCCCCCCCCCCCN1C(=O)c2c(c3ccc4cc(-c5ccc(-c6ccccc6)cc5)c(OC)cc4c3c3c2ccc2cc(-c4ccc(-c5ccccc5)cc4)c(OC)cc23)C1=O,ClCCl,527.0
8463,COc1ccc(/C=C/C2=CC(/C=C/c3ccc(OC)cc3)=[O+][B-](F)(F)O2)cc1,CC(C)=O,534.0
8464,COc1ccc(/C=C/C2=CC(/C=C/c3ccc(OC)cc3)=[O+][B-](F)(F)O2)cc1,CCOC(C)=O,515.0
8465,COc1ccc(/C=C/C2=CC(/C=C/c3ccc(OC)cc3)=[O+][B-](F)(F)O2)cc1,CCOCC,497.0
8466,COc1ccc(/C=C/C2=CC(/C=C/c3ccc(OC)cc3)=[O+][B-](F)(F)O2)cc1,ClC(Cl)(Cl)Cl,492.0
8467,COc1ccc(/C=C/C2=CC(/C=C/c3ccc(OC)cc3)=[O+][B-](F)(F)O2)cc1,ClCCl,538.0
8468,COc1ccc(/C=C/C2=CC(/C=C/c3ccc(OC)cc3)=[O+][B-](OC(C)=O)(OC(C)=O)O2)cc1,C1CCOC1,518.0
8469,COc1ccc(/C=C/C2=CC(/C=C/c3ccc(OC)cc3)=[O+][B-](OC(C)=O)(OC(C)=O)O2)cc1,CC#N,541.0
8470,COc1ccc(/C=C/C2=CC(/C=C/c3ccc(OC)cc3)=[O+][B-](OC(C)=O)(OC(C)=O)O2)cc1,CC(C)=O,531.0
8471,COc1ccc(/C=C/C2=CC(/C=C/c3ccc(OC)cc3)=[O+][B-](OC(C)=O)(OC(C)=O)O2)cc1,CS(C)=O,548.0
8472,COc1ccc(/C=C/C2=CC(/C=C/c3ccc(OC)cc3)=[O+][B-](OC(C)=O)(OC(C)=O)O2)cc1,Cc1ccccc1,510.0
8473,COc1ccc(/C=C/C2=CC(/C=C/c3ccc(OC)cc3)=[O+][B-](OC(C)=O)(OC(C)=O)O2)cc1,ClC(Cl)Cl,529.0
8474,COc1ccc(/C=C/C2=CC(/C=C/c3ccc(OC)cc3)=[O+][B-](OC(C)=O)(OC(C)=O)O2)cc1,ClCCl,535.0
673,CC(=O)O[B-]1(OC(C)=O)OC(/C=C/c2ccc(C)cc2)=CC(/C=C/c2ccc(C)cc2)=[O+]1,C1CCOC1,484.0
674,CC(=O)O[B-]1(OC(C)=O)OC(/C=C/c2ccc(C)cc2)=CC(/C=C/c2ccc(C)cc2)=[O+]1,CC#N,493.0
675,CC(=O)O[B-]1(OC(C)=O)OC(/C=C/c2ccc(C)cc2)=CC(/C=C/c2ccc(C)cc2)=[O+]1,CC(C)=O,489.0
676,CC(=O)O[B-]1(OC(C)=O)OC(/C=C/c2ccc(C)cc2)=CC(/C=C/c2ccc(C)cc2)=[O+]1,CS(C)=O,499.0
677,CC(=O)O[B-]1(OC(C)=O)OC(/C=C/c2ccc(C)cc2)=CC(/C=C/c2ccc(C)cc2)=[O+]1,Cc1ccccc1,481.0
678,CC(=O)O[B-]1(OC(C)=O)OC(/C=C/c2ccc(C)cc2)=CC(/C=C/c2ccc(C)cc2)=[O+]1,ClC(Cl)Cl,491.0
679,CC(=O)O[B-]1(OC(C)=O)OC(/C=C/c2ccc(C)cc2)=CC(/C=C/c2ccc(C)cc2)=[O+]1,ClCCl,492.0
7732,COc1cc(/C=C/C2=CC(/C=C/c3ccc(O)c(OC)c3)=[O+][B-](F)(F)O2)ccc1O,CCO,586.91
7733,COc1cc(/C=C/C2=CC(/C=C/c3ccc(O)c(OC)c3)=[O+][B-](F)(F)O2)ccc1O,CCOCC,527.01
7734,COc1cc(/C=C/C2=CC(/C=C/c3ccc(O)c(OC)c3)=[O+][B-](F)(F)O2)ccc1O,CO,592.05
7735,COc1cc(/C=C/C2=CC(/C=C/c3ccc(O)c(OC)c3)=[O+][B-](F)(F)O2)ccc1O,CS(C)=O,612.94
7736,COc1cc(/C=C/C2=CC(/C=C/c3ccc(O)c(OC)c3)=[O+][B-](F)(F)O2)ccc1O,Cc1ccccc1,521.04
7737,COc1cc(/C=C/C2=CC(/C=C/c3ccc(O)c(OC)c3)=[O+][B-](F)(F)O2)ccc1O,ClC(Cl)Cl,554.77
7738,COc1cc(/C=C/C2=CC(/C=C/c3ccc(O)c(OC)c3)=[O+][B-](F)(F)O2)ccc1O,ClCCl,557.01
687,CC(=O)O[B-]1(OC(C)=O)OC(/C=C/c2ccccc2)=CC(/C=C/c2ccccc2)=[O+]1,C1CCOC1,468.0
688,CC(=O)O[B-]1(OC(C)=O)OC(/C=C/c2ccccc2)=CC(/C=C/c2ccccc2)=[O+]1,CC#N,476.0
689,CC(=O)O[B-]1(OC(C)=O)OC(/C=C/c2ccccc2)=CC(/C=C/c2ccccc2)=[O+]1,CC(C)=O,473.0
690,CC(=O)O[B-]1(OC(C)=O)OC(/C=C/c2ccccc2)=CC(/C=C/c2ccccc2)=[O+]1,CS(C)=O,480.0
691,CC(=O)O[B-]1(OC(C)=O)OC(/C=C/c2ccccc2)=CC(/C=C/c2ccccc2)=[O+]1,Cc1ccccc1,466.0
692,CC(=O)O[B-]1(OC(C)=O)OC(/C=C/c2ccccc2)=CC(/C=C/c2ccccc2)=[O+]1,ClC(Cl)Cl,472.0
693,CC(=O)O[B-]1(OC(C)=O)OC(/C=C/c2ccccc2)=CC(/C=C/c2ccccc2)=[O+]1,ClCCl,473.0
7739,COc1cc(/C=C/C2=CC(/C=C/c3ccc(O)c(OC)c3)=[O+][B-](F)(F)O2)ccc1O,c1ccccc1,534.85
8447,COc1ccc(/C=C/C2=CC(/C=C/c3ccc(OC)c(OC)c3)=[O+][B-](F)(F)O2)cc1OC,CCO,574.85
8448,COc1ccc(/C=C/C2=CC(/C=C/c3ccc(OC)c(OC)c3)=[O+][B-](F)(F)O2)cc1OC,CCOCC,521.94
8449,COc1ccc(/C=C/C2=CC(/C=C/c3ccc(OC)c(OC)c3)=[O+][B-](F)(F)O2)cc1OC,CO,582.94
8450,COc1ccc(/C=C/C2=CC(/C=C/c3ccc(OC)c(OC)c3)=[O+][B-](F)(F)O2)cc1OC,CS(C)=O,587.05
8451,COc1ccc(/C=C/C2=CC(/C=C/c3ccc(OC)c(OC)c3)=[O+][B-](F)(F)O2)cc1OC,Cc1ccccc1,531.02
8452,COc1ccc(/C=C/C2=CC(/C=C/c3ccc(OC)c(OC)c3)=[O+][B-](F)(F)O2)cc1OC,ClC(Cl)Cl,555.07
8453,COc1ccc(/C=C/C2=CC(/C=C/c3ccc(OC)c(OC)c3)=[O+][B-](F)(F)O2)cc1OC,ClCCl,570.0
8454,COc1ccc(/C=C/C2=CC(/C=C/c3ccc(OC)c(OC)c3)=[O+][B-](F)(F)O2)cc1OC,c1ccccc1,532.79
8462,COc1ccc(/C=C/C2=CC(/C=C/c3ccc(OC)cc3)=[O+][B-](F)(F)O2)cc1,CC#N,549.0
1376,CC(C)[Si](C#Cc1c2nc3ccccc3nc2c(C#C[Si](C(C)C)(C(C)C)C(C)C)c2nc3c(ccc4cc5ccccc5cc43)nc12)(C(C)C)C(C)C,CCCCCC,648.0
9683,C[n+]1ccn(CCCCc2ccc3c(c2)c2ccccc2n3-c2cc(C#N)c(C#N)cc2F)c1,CC#N,558.0
2437,CCC1(CC)c2cc(Br)ccc2-c2c1c1c(c3c2C(CC)(CC)c2cc(-c4cccs4)ccc2-3)C(CC)(CC)c2cc(-c3cccs3)ccc2-1,C1CCOC1,388.0
6776,CN1C(=CC2=C([O-])C(=CC3=[N+](C)c4ccc(Cl)cc4C3(C)C)C2=O)C(C)(C)c2cc(Cl)ccc21,CO,653.0
6777,CN1C(=CC2=C([O-])C(=CC3=[N+](C)c4ccc(Cl)cc4C3(C)C)C2=O)C(C)(C)c2cc(Cl)ccc21,ClC(Cl)Cl,654.0
6781,CN1C(=CC2=C([O-])C(=CC3=[N+](C)c4ccccc4C3(C)C)C2=O)C(C)(C)c2cc(Cl)ccc21,CO,648.0
6782,CN1C(=CC2=C([O-])C(=CC3=[N+](C)c4ccccc4C3(C)C)C2=O)C(C)(C)c2cc(Cl)ccc21,ClC(Cl)Cl,653.0
6783,CN1C(=CC2=C([O-])C(=CC3=[N+](C)c4ccccc4C3(C)C)C2=O)C(C)(C)c2ccccc21,ClC(Cl)Cl,643.0
6789,CN1C(=CC2=C([S-])C(=CC3=[N+](C)c4ccccc4C3(C)C)C2=O)C(C)(C)c2ccccc21,ClC(Cl)Cl,663.0
1561,CC1(C)C(/C=C2\C(=O)C(/C=C3\Nc4ccccc4C3(C)C)=C2[O-])=[NH+]c2ccccc21,ClC(Cl)Cl,670.0
9215,COc1ccc2cc(C3=[N+]4C(=Nc5c(-c6ccccc6)cc(-c6ccc7cc(OC)ccc7c6)n5[B-]4(F)F)C(c4ccccc4)=C3)ccc2c1,ClCCl,733.0
9216,COc1ccc2cc(C3=[N+]4C(=Nc5c(-c6ccccc6)cc(-c6ccc7cc(OC)ccc7c6)n5[B-]4(F)F)C(c4ccccc4)=C3Br)ccc2c1,ClC(Cl)Cl,728.0
9217,COc1ccc2cc(C3=[N+]4C(=Nc5c(-c6ccccc6)cc(-c6ccc7cc(OC)ccc7c6)n5[B-]4(F)F)C(c4ccccc4)=C3Br)ccc2c1,ClCCl,728.0
9214,COc1ccc2cc(C3=[N+]4C(=Nc5c(-c6ccccc6)cc(-c6ccc7cc(OC)ccc7c6)n5[B-]4(F)F)C(c4ccccc4)=C3)ccc2c1,ClC(Cl)Cl,733.0
581,C=Cc1cc2cc3c(cc2oc1=O)OCO3,CC#N,448.0
60,C#CCOc1ccc(/C=C/C2=[N+]3C(=C(c4ccc(N5CCCCC5)cc4)c4c(C)cc(C)n4[B-]3(F)F)C(C)=C2)cc1,CO,582.0
1981,CC1=CC(/C=C/c2ccc(OCCCN=[N+]=[N-])cc2)=[N+]2C1=C(c1ccc(N3CCCCC3)cc1)c1c(C)cc(C)n1[B-]2(F)F,CO,586.0
7249,COC(=O)COc1ccc(/C=C/C2=[N+]3C(=C(c4ccc(N5CCCCC5)cc4)c4c(C)cc(C)n4[B-]3(F)F)C(C)=C2)cc1,CO,581.0
6075,CN(C)c1ccc(/C=C/c2nc3c4ccccc4c4ccccc4c3[nH]2)cc1,C1CCOC1,463.0
6076,CN(C)c1ccc(/C=C/c2nc3c4ccccc4c4ccccc4c3[nH]2)cc1,C1COCCO1,436.0
6077,CN(C)c1ccc(/C=C/c2nc3c4ccccc4c4ccccc4c3[nH]2)cc1,CC#N,476.0
6078,CN(C)c1ccc(/C=C/c2nc3c4ccccc4c4ccccc4c3[nH]2)cc1,CC1CCCCC1,430.0
6079,CN(C)c1ccc(/C=C/c2nc3c4ccccc4c4ccccc4c3[nH]2)cc1,CCOC(C)=O,460.0
6080,CN(C)c1ccc(/C=C/c2nc3c4ccccc4c4ccccc4c3[nH]2)cc1,CCOCC,448.0
6081,CN(C)c1ccc(/C=C/c2nc3c4ccccc4c4ccccc4c3[nH]2)cc1,CN(C)C=O,478.0
6082,CN(C)c1ccc(/C=C/c2nc3c4ccccc4c4ccccc4c3[nH]2)cc1,COC(C)=O,471.0
6083,CN(C)c1ccc(/C=C/c2nc3c4ccccc4c4ccccc4c3[nH]2)cc1,CS(C)=O,480.0
6084,CN(C)c1ccc(/C=C/c2nc3c4ccccc4c4ccccc4c3[nH]2)cc1,Cc1ccccc1,436.0
6085,CN(C)c1ccc(/C=C/c2nc3c4ccccc4c4ccccc4c3[nH]2)cc1,ClC(Cl)Cl,467.0
9630,C[Si]1(C)c2cc(-c3ccc(-c4cccs4)s3)ccc2C=Cc2ccc(-c3ccc(-c4cccs4)s3)cc21,ClCCl,463.0
2195,CC1=[N+]2C(=C(C3=CC4OCCOCCOCCOCCOC4C=C3)c3c4ccccc4c(/C=C/c4ccc(N(C)C)cc4)n3[B-]2(F)F)c2ccccc21,CC#N,741.0
11017,Cc1nc2cc(/C=C/c3ccc(N(C)C)cc3)ccc2nc1-c1ccccc1,C1COCCO1,526.0
11018,Cc1nc2cc(/C=C/c3ccc(N(C)C)cc3)ccc2nc1-c1ccccc1,CC#N,646.0
11019,Cc1nc2cc(/C=C/c3ccc(N(C)C)cc3)ccc2nc1-c1ccccc1,ClCCl,596.0
505,C1=Cc2ccc(N(c3ccccc3)c3cccc4ccccc34)cc2C2(c3cc(N(c4ccccc4)c4cccc5ccccc45)ccc31)c1ccccc1-c1ccccc12,ClCCl,454.0
13347,O=C1c2ccccc2C2=C(c3ccccn3)NN=C(c3ccccn3)C2c2ccccc21,CC#N,547.0
12019,N#Cc1cc(-c2ccc(F)cc2)cnc1O,CS(C)=O,427.0
12020,N#Cc1cc(-c2ccc(F)cc2)cnc1O,ClC(Cl)(Cl)Cl,429.0
12021,N#Cc1cc(-c2ccc(F)cc2)cnc1O,O,425.0
12013,N#Cc1cc(-c2ccc(F)cc2)cnc1O,C1COCCO1,422.0
12014,N#Cc1cc(-c2ccc(F)cc2)cnc1O,CC#N,423.0
12015,N#Cc1cc(-c2ccc(F)cc2)cnc1O,CC(C)O,424.0
12016,N#Cc1cc(-c2ccc(F)cc2)cnc1O,CC1CCCCC1,425.0
12017,N#Cc1cc(-c2ccc(F)cc2)cnc1O,CCO,425.0
12018,N#Cc1cc(-c2ccc(F)cc2)cnc1O,CO,425.0
2344,CCB1c2ccccc2Nc2ccccc21,ClCCl,494.0
11061,ClB1c2ccccc2Nc2ccccc21,ClCCl,379.0
14068,OB1c2ccccc2Nc2ccccc21,ClCCl,377.0
9512,CSc1sc(C(C)=O)c2nn[nH]c(=O)c12,C1CCOC1,476.0
9513,CSc1sc(C(C)=O)c2nn[nH]c(=O)c12,CC#N,483.0
9514,CSc1sc(C(C)=O)c2nn[nH]c(=O)c12,CCO,489.0
9515,CSc1sc(C(C)=O)c2nn[nH]c(=O)c12,CN(C)C=O,490.0
9516,CSc1sc(C(C)=O)c2nn[nH]c(=O)c12,CO,498.0
9517,CSc1sc(C(C)=O)c2nn[nH]c(=O)c12,CS(C)=O,497.0
9518,CSc1sc(C(N)=O)c2nnn(C)c(=O)c12,C1CCOC1,496.0
9519,CSc1sc(C(N)=O)c2nnn(C)c(=O)c12,CC#N,505.0
9520,CSc1sc(C(N)=O)c2nnn(C)c(=O)c12,CCO,519.0
9521,CSc1sc(C(N)=O)c2nnn(C)c(=O)c12,CN(C)C=O,514.0
9522,CSc1sc(C(N)=O)c2nnn(C)c(=O)c12,CO,521.0
9523,CSc1sc(C(N)=O)c2nnn(C)c(=O)c12,CS(C)=O,527.0
4970,CCOC(=O)c1sc(SC)c2c(=O)[nH]nnc12,C1CCOC1,465.0
4971,CCOC(=O)c1sc(SC)c2c(=O)[nH]nnc12,CC#N,478.0
4972,CCOC(=O)c1sc(SC)c2c(=O)[nH]nnc12,CCO,492.0
4973,CCOC(=O)c1sc(SC)c2c(=O)[nH]nnc12,CN(C)C=O,478.0
4974,CCOC(=O)c1sc(SC)c2c(=O)[nH]nnc12,CO,499.0
4975,CCOC(=O)c1sc(SC)c2c(=O)[nH]nnc12,CS(C)=O,491.0
4976,CCOC(=O)c1sc(SC)c2c(=O)n(C)nnc12,C1CCOC1,470.0
4977,CCOC(=O)c1sc(SC)c2c(=O)n(C)nnc12,CC#N,484.0
4978,CCOC(=O)c1sc(SC)c2c(=O)n(C)nnc12,CCO,501.0
4979,CCOC(=O)c1sc(SC)c2c(=O)n(C)nnc12,CN(C)C=O,487.0
4980,CCOC(=O)c1sc(SC)c2c(=O)n(C)nnc12,CO,508.0
4981,CCOC(=O)c1sc(SC)c2c(=O)n(C)nnc12,CS(C)=O,501.0
11243,FC(F)(F)c1cc2n(n1)[B-]1(c3ccccc3-c3ccccc31)[n+]1ccc3ccccc3c1-2,C1CCCCC1,490.0
11244,FC(F)(F)c1cc2n(n1)[B-]1(c3ccccc3-c3ccccc31)[n+]1ccc3ccccc3c1-2,Cc1ccccc1,538.0
11245,FC(F)(F)c1cc2n(n1)[B-]1(c3ccccc3-c3ccccc31)[n+]1ccc3ccccc3c1-2,ClCCl,564.0
11983,N#Cc1c(N2CCCCC2)cc(-c2cccc3ccccc23)c2c1-c1ccccc1C2=O,C1CCOC1,526.0
6950,COC(=O)/C=C/c1sc(-c2ccc(N(C)C)cc2)c(-c2ccc(OC)cc2)c1O,CC#N,606.0
867,CC(C)(C)OC(=O)NC(Cc1ccccc1)C(=O)OCc1ccc2c3cccc4cccc(c5cccc1c52)c43,CCO,447.0
12827,O=C(O)c1ccccc1-c1nc(-c2ccccc2)c2ccccn12,CC#N,494.0
7714,COc1cc(-c2nc(-c3ccccc3)c3ccccn23)ccc1O,CC#N,489.0
9383,COc1ccccc1-c1nc(-c2ccccc2)c2ccccn12,C1CCCCC1,477.0
9384,COc1ccccc1-c1nc(-c2ccccc2)c2ccccn12,CC#N,479.0
9385,COc1ccccc1-c1nc(-c2ccccc2)c2ccccn12,CO,475.0
9386,COc1ccccc1-c1nc(-c2ccccc2)c2ccccn12,ClCCl,479.0
9387,COc1ccccc1-c1nc(-c2ccccc2)c2ccccn12,O,481.0
5675,CN(C)c1ccc(-c2nc(-c3ccccc3)c3ccccn23)cc1,C1CCCCC1,482.0
5676,CN(C)c1ccc(-c2nc(-c3ccccc3)c3ccccn23)cc1,CC#N,509.0
5677,CN(C)c1ccc(-c2nc(-c3ccccc3)c3ccccn23)cc1,CO,500.0
5678,CN(C)c1ccc(-c2nc(-c3ccccc3)c3ccccn23)cc1,ClCCl,495.0
5679,CN(C)c1ccc(-c2nc(-c3ccccc3)c3ccccn23)cc1,O,512.0
5680,CN(C)c1ccc(-c2nc(-c3ccccc3)n3ccccc23)cc1,ClC(Cl)Cl,524.0
14283,Oc1ccccc1-c1nc(-c2ccccc2)c2ccccn12,C1CCCCC1,479.0
14284,Oc1ccccc1-c1nc(-c2ccccc2)c2ccccn12,CC#N,480.0
14285,Oc1ccccc1-c1nc(-c2ccccc2)c2ccccn12,CO,474.0
14286,Oc1ccccc1-c1nc(-c2ccccc2)c2ccccn12,ClCCl,484.0
14287,Oc1ccccc1-c1nc(-c2ccccc2)c2ccccn12,O,481.0
1475,CC(C)c1ccc(-c2nc(-c3ccccc3)c3ccccn23)cc1,CC#N,478.0
12125,N#Cc1ccc(-c2nc(-c3ccccc3)c3ccccn23)cc1,C1CCCCC1,444.0
12126,N#Cc1ccc(-c2nc(-c3ccccc3)c3ccccn23)cc1,CC#N,453.0
12127,N#Cc1ccc(-c2nc(-c3ccccc3)c3ccccn23)cc1,CO,487.0
12128,N#Cc1ccc(-c2nc(-c3ccccc3)c3ccccn23)cc1,ClCCl,477.0
12129,N#Cc1ccc(-c2nc(-c3ccccc3)c3ccccn23)cc1,O,470.0
8296,COc1ccc(-c2nc(-c3ccc(C)cc3)c3ccccn23)cc1,ClC(Cl)Cl,521.0
8298,COc1ccc(-c2nc(-c3ccc(OC)cc3)n3ccccc23)cc1,ClC(Cl)Cl,479.0
14708,c1ccc(-c2nc(-c3ccccc3)n3ccccc23)cc1,C1CCCCC1,445.0
14709,c1ccc(-c2nc(-c3ccccc3)n3ccccc23)cc1,CC#N,478.0
14710,c1ccc(-c2nc(-c3ccccc3)n3ccccc23)cc1,CO,477.0
14711,c1ccc(-c2nc(-c3ccccc3)n3ccccc23)cc1,ClC(Cl)Cl,454.0
14712,c1ccc(-c2nc(-c3ccccc3)n3ccccc23)cc1,ClCCl,484.0
11251,FC(F)(F)c1ccc(-c2nc(-c3ccc(C(F)(F)F)cc3)n3ccccc23)cc1,ClC(Cl)Cl,480.0
14713,c1ccc(-c2nc(-c3ccccc3)n3ccccc23)cc1,O,479.0
12805,O=C(O)c1ccc(-c2nc(-c3ccccc3)c3ccccn23)cc1,CC#N,501.0
5639,CN(C)c1ccc(-c2ccc(-c3nc(C#N)c(C#N)n3C)cc2)cc1,C1CCCCC1,398.0
5640,CN(C)c1ccc(-c2ccc(-c3nc(C#N)c(C#N)n3C)cc2)cc1,CC#N,439.0
5641,CN(C)c1ccc(-c2ccc(-c3nc(C#N)c(C#N)n3C)cc2)cc1,CO,440.0
5642,CN(C)c1ccc(-c2ccc(-c3nc(C#N)c(C#N)n3C)cc2)cc1,ClC(Cl)Cl,464.0
11977,N#Cc1c(N2CCCCC2)cc(-c2ccc3ccc4cccc5ccc2c3c45)c2c1C(=O)c1ccccc1-2,C1CCOC1,473.0
5046,CC[N+](CC)=c1ccc2c(-c3ccccc3C(=O)O)c3c(=O)oc4cc5c(cc4c3oc-2c1)CCCN5C,CCO,651.0
5047,CC[N+](CC)=c1ccc2c(-c3ccccc3C(=O)O)c3c(=O)oc4cc5c(cc4c3oc-2c1)CCCN5C,ClC(Cl)Cl,647.0
5048,CC[N+](CC)=c1ccc2c(-c3ccccc3C(=O)O)c3c(=O)oc4cc5c(cc4c3oc-2c1)CCCN5C,O,658.0
4956,CCOC(=O)c1ccccc1-c1c2ccc(=[N+](CC)CC)cc-2oc2c1c(=O)oc1cc3c(cc12)CCCN3C,CCO,658.0
4957,CCOC(=O)c1ccccc1-c1c2ccc(=[N+](CC)CC)cc-2oc2c1c(=O)oc1cc3c(cc12)CCCN3C,ClC(Cl)Cl,647.0
4958,CCOC(=O)c1ccccc1-c1c2ccc(=[N+](CC)CC)cc-2oc2c1c(=O)oc1cc3c(cc12)CCCN3C,O,666.0
6521,CN(C)c1ccc2c3c(ccc2c1)CCCC3=O,C1CCCCC1,449.0
6522,CN(C)c1ccc2c3c(ccc2c1)CCCC3=O,CC#N,523.0
6523,CN(C)c1ccc2c3c(ccc2c1)CCCC3=O,CC(C)O,520.0
6524,CN(C)c1ccc2c3c(ccc2c1)CCCC3=O,CCC(C)=O,517.0
6525,CN(C)c1ccc2c3c(ccc2c1)CCCC3=O,CCO,495.0
6526,CN(C)c1ccc2c3c(ccc2c1)CCCC3=O,CCOC(C)=O,506.0
6527,CN(C)c1ccc2c3c(ccc2c1)CCCC3=O,CS(C)=O,538.0
6528,CN(C)c1ccc2c3c(ccc2c1)CCCC3=O,Cc1ccccc1,478.0
6529,CN(C)c1ccc2c3c(ccc2c1)CCCC3=O,ClCCl,511.0
6530,CN(C)c1ccc2c3c(ccc2c1)CCCC3=O,Clc1ccccc1,498.0
1845,CC1(C)c2ccccc2N(c2ccc3c(c2)S(=O)(=O)c2cc(N4c5ccccc5C(C)(C)c5ccccc54)ccc2C3(C)C)c2ccccc21,Cc1ccccc1,466.1184211
1846,CC1(C)c2ccccc2N(c2ccc3c(c2)S(=O)(=O)c2cc(N4c5ccccc5C(C)(C)c5ccccc54)ccc2C3(C)C)c2ccccc21,ClCCl,506.0
15154,c1ccc2c(c1)-c1ccccc1C21c2ccccc2-c2cccnc21,CC1CCCO1,333.0
9259,COc1ccc2nc(N)n[n+]([O-])c2c1,O,547.0
12655,Nc1nc2ccc(F)cc2[n+]([O-])n1,O,526.0
12654,Nc1nc2ccc(F)cc2[n+]([O-])n1,CC#N,491.0
9258,COc1ccc2nc(N)n[n+]([O-])c2c1,CC#N,509.0
12656,Nc1nc2ccccc2[n+]([O-])n1,CC#N,478.0
12657,Nc1nc2ccccc2[n+]([O-])n1,O,521.0
14763,c1ccc(-c2nc(-c3ccccc3)nc(-c3ccc(N4c5ccccc5C5(c6ccccc64)c4ccccc4N(c4ccc(-c6nc(-c7ccccc7)nc(-c7ccccc7)n6)cc4)c4ccccc45)cc3)n2)cc1,Cc1ccccc1,477.4373259
14764,c1ccc(-c2nc(-c3ccccc3)nc(-c3ccc(N4c5ccccc5C5(c6ccccc64)c4ccccc4N(c4ccc(-c6nc(-c7ccccc7)nc(-c7ccccc7)n6)cc4)c4ccccc45)cc3)n2)cc1,O=P(c1ccccc1)(c1ccccc1)c1ccccc1Oc1ccccc1P(=O)(c1ccccc1)c1ccccc1,499.2788462
11725,N#CC(C#N)=C(/C=C/c1ccc(N(c2ccccc2)c2ccc(/C=C/C(=C(C#N)C#N)c3ccccc3)cc2)cc1)c1ccccc1,C1COCCO1,601.0
11726,N#CC(C#N)=C(/C=C/c1ccc(N(c2ccccc2)c2ccc(/C=C/C(=C(C#N)C#N)c3ccccc3)cc2)cc1)c1ccccc1,CC#N,652.0
11727,N#CC(C#N)=C(/C=C/c1ccc(N(c2ccccc2)c2ccc(/C=C/C(=C(C#N)C#N)c3ccccc3)cc2)cc1)c1ccccc1,CC(C)=O,643.0
11728,N#CC(C#N)=C(/C=C/c1ccc(N(c2ccccc2)c2ccc(/C=C/C(=C(C#N)C#N)c3ccccc3)cc2)cc1)c1ccccc1,CCO,633.0
11729,N#CC(C#N)=C(/C=C/c1ccc(N(c2ccccc2)c2ccc(/C=C/C(=C(C#N)C#N)c3ccccc3)cc2)cc1)c1ccccc1,CCOC(C)=O,615.0
11730,N#CC(C#N)=C(/C=C/c1ccc(N(c2ccccc2)c2ccc(/C=C/C(=C(C#N)C#N)c3ccccc3)cc2)cc1)c1ccccc1,CN(C)C=O,653.0
11731,N#CC(C#N)=C(/C=C/c1ccc(N(c2ccccc2)c2ccc(/C=C/C(=C(C#N)C#N)c3ccccc3)cc2)cc1)c1ccccc1,CO,627.0
11732,N#CC(C#N)=C(/C=C/c1ccc(N(c2ccccc2)c2ccc(/C=C/C(=C(C#N)C#N)c3ccccc3)cc2)cc1)c1ccccc1,Cc1ccccc1,570.0
11733,N#CC(C#N)=C(/C=C/c1ccc(N(c2ccccc2)c2ccc(/C=C/C(=C(C#N)C#N)c3ccccc3)cc2)cc1)c1ccccc1,ClC(Cl)Cl,604.0
11734,N#CC(C#N)=C(/C=C/c1ccc(N(c2ccccc2)c2ccc(/C=C/C(=C(C#N)C#N)c3ccccc3)cc2)cc1)c1ccccc1,ClCCl,588.0
4584,CCOC(=O)/C(C#N)=C(\C=C\c1ccc(N(c2ccccc2)c2ccc(/C=C/C(=C(/C#N)C(=O)OCC)c3ccccc3)cc2)cc1)c1ccccc1,C1COCCO1,589.0
4585,CCOC(=O)/C(C#N)=C(\C=C\c1ccc(N(c2ccccc2)c2ccc(/C=C/C(=C(/C#N)C(=O)OCC)c3ccccc3)cc2)cc1)c1ccccc1,CC#N,643.0
4586,CCOC(=O)/C(C#N)=C(\C=C\c1ccc(N(c2ccccc2)c2ccc(/C=C/C(=C(/C#N)C(=O)OCC)c3ccccc3)cc2)cc1)c1ccccc1,CC(C)=O,634.0
4587,CCOC(=O)/C(C#N)=C(\C=C\c1ccc(N(c2ccccc2)c2ccc(/C=C/C(=C(/C#N)C(=O)OCC)c3ccccc3)cc2)cc1)c1ccccc1,CCO,619.0
4588,CCOC(=O)/C(C#N)=C(\C=C\c1ccc(N(c2ccccc2)c2ccc(/C=C/C(=C(/C#N)C(=O)OCC)c3ccccc3)cc2)cc1)c1ccccc1,CCOC(C)=O,602.0
4589,CCOC(=O)/C(C#N)=C(\C=C\c1ccc(N(c2ccccc2)c2ccc(/C=C/C(=C(/C#N)C(=O)OCC)c3ccccc3)cc2)cc1)c1ccccc1,CN(C)C=O,640.0
4590,CCOC(=O)/C(C#N)=C(\C=C\c1ccc(N(c2ccccc2)c2ccc(/C=C/C(=C(/C#N)C(=O)OCC)c3ccccc3)cc2)cc1)c1ccccc1,CO,628.0
4591,CCOC(=O)/C(C#N)=C(\C=C\c1ccc(N(c2ccccc2)c2ccc(/C=C/C(=C(/C#N)C(=O)OCC)c3ccccc3)cc2)cc1)c1ccccc1,Cc1ccccc1,562.0
4592,CCOC(=O)/C(C#N)=C(\C=C\c1ccc(N(c2ccccc2)c2ccc(/C=C/C(=C(/C#N)C(=O)OCC)c3ccccc3)cc2)cc1)c1ccccc1,ClC(Cl)Cl,604.0
4593,CCOC(=O)/C(C#N)=C(\C=C\c1ccc(N(c2ccccc2)c2ccc(/C=C/C(=C(/C#N)C(=O)OCC)c3ccccc3)cc2)cc1)c1ccccc1,ClCCl,577.0
6411,CN(C)c1ccc(C2=Nc3sc4ccccc4[n+]3[B-](F)(F)O2)cc1,ClCCl,467.0
9105,COc1ccc2c(c1)sc1[n+]2[B-](F)(F)OC(c2ccc(N(C)C)cc2)=N1,C1CCOC1,466.0
9106,COc1ccc2c(c1)sc1[n+]2[B-](F)(F)OC(c2ccc(N(C)C)cc2)=N1,CC#N,481.0
9107,COc1ccc2c(c1)sc1[n+]2[B-](F)(F)OC(c2ccc(N(C)C)cc2)=N1,CC(C)=O,477.0
9108,COc1ccc2c(c1)sc1[n+]2[B-](F)(F)OC(c2ccc(N(C)C)cc2)=N1,Cc1ccccc1,454.0
9109,COc1ccc2c(c1)sc1[n+]2[B-](F)(F)OC(c2ccc(N(C)C)cc2)=N1,ClCCl,467.0
6388,CN(C)c1ccc(C2=Nc3sc4c(F)c(F)c(F)c(F)c4[n+]3[B-](F)(F)O2)cc1,C1CCOC1,492.0
6389,CN(C)c1ccc(C2=Nc3sc4c(F)c(F)c(F)c(F)c4[n+]3[B-](F)(F)O2)cc1,CC#N,503.0
6390,CN(C)c1ccc(C2=Nc3sc4c(F)c(F)c(F)c(F)c4[n+]3[B-](F)(F)O2)cc1,Cc1ccccc1,464.0
6391,CN(C)c1ccc(C2=Nc3sc4c(F)c(F)c(F)c(F)c4[n+]3[B-](F)(F)O2)cc1,ClCCl,483.0
6392,CN(C)c1ccc(C2=Nc3sc4cc(C(F)(F)F)ccc4[n+]3[B-](F)(F)O2)cc1,C1CCOC1,486.0
6393,CN(C)c1ccc(C2=Nc3sc4cc(C(F)(F)F)ccc4[n+]3[B-](F)(F)O2)cc1,CC#N,500.0
6394,CN(C)c1ccc(C2=Nc3sc4cc(C(F)(F)F)ccc4[n+]3[B-](F)(F)O2)cc1,CC(C)=O,495.0
6395,CN(C)c1ccc(C2=Nc3sc4cc(C(F)(F)F)ccc4[n+]3[B-](F)(F)O2)cc1,Cc1ccccc1,460.0
6396,CN(C)c1ccc(C2=Nc3sc4cc(C(F)(F)F)ccc4[n+]3[B-](F)(F)O2)cc1,ClCCl,478.0
6397,CN(C)c1ccc(C2=Nc3sc4cc(Cl)ccc4[n+]3[B-](F)(F)O2)cc1,C1CCOC1,477.0
6398,CN(C)c1ccc(C2=Nc3sc4cc(Cl)ccc4[n+]3[B-](F)(F)O2)cc1,CC#N,491.0
6399,CN(C)c1ccc(C2=Nc3sc4cc(Cl)ccc4[n+]3[B-](F)(F)O2)cc1,CC(C)=O,488.0
6400,CN(C)c1ccc(C2=Nc3sc4cc(Cl)ccc4[n+]3[B-](F)(F)O2)cc1,Cc1ccccc1,456.0
6401,CN(C)c1ccc(C2=Nc3sc4cc(Cl)ccc4[n+]3[B-](F)(F)O2)cc1,ClCCl,473.0
6402,CN(C)c1ccc(C2=Nc3sc4cc(F)ccc4[n+]3[B-](F)(F)O2)cc1,C1CCOC1,472.0
6403,CN(C)c1ccc(C2=Nc3sc4cc(F)ccc4[n+]3[B-](F)(F)O2)cc1,CC#N,487.0
6404,CN(C)c1ccc(C2=Nc3sc4cc(F)ccc4[n+]3[B-](F)(F)O2)cc1,CC(C)=O,483.0
6405,CN(C)c1ccc(C2=Nc3sc4cc(F)ccc4[n+]3[B-](F)(F)O2)cc1,Cc1ccccc1,452.0
6406,CN(C)c1ccc(C2=Nc3sc4cc(F)ccc4[n+]3[B-](F)(F)O2)cc1,ClCCl,468.0
6407,CN(C)c1ccc(C2=Nc3sc4ccccc4[n+]3[B-](F)(F)O2)cc1,C1CCOC1,469.0
6408,CN(C)c1ccc(C2=Nc3sc4ccccc4[n+]3[B-](F)(F)O2)cc1,CC#N,486.0
6409,CN(C)c1ccc(C2=Nc3sc4ccccc4[n+]3[B-](F)(F)O2)cc1,CC(C)=O,482.0
6410,CN(C)c1ccc(C2=Nc3sc4ccccc4[n+]3[B-](F)(F)O2)cc1,Cc1ccccc1,450.0
14759,c1ccc(-c2nc(-c3ccccc3)nc(-c3ccc(-n4c5ccccc5c5ccccc54)cc3)n2)cc1,Cc1ccccc1,416.0
14760,c1ccc(-c2nc(-c3ccccc3)nc(-c3ccc(-n4c5ccccc5c5ccccc54)cc3)n2)cc1,O=P(c1ccccc1)(c1ccccc1)c1ccccc1Oc1ccccc1P(=O)(c1ccccc1)c1ccccc1,441.0
120,C(#Cc1cccc2cc(-c3ccccc3)c3cc(-c4cc[b-]5c(c4)c(-c4ccccc4)cc4cccc(C#Cc6ccccc6)[n+]54)cc[b-]3[n+]12)c1ccccc1,C1CCCCC1,630.0
14839,c1ccc(-c2nn(-c3ccccn3)c3nc4ccccc4cc23)cc1,C1CCCCC1,421.0
14840,c1ccc(-c2nn(-c3ccccn3)c3nc4ccccc4cc23)cc1,C1CCOC1,434.0
14841,c1ccc(-c2nn(-c3ccccn3)c3nc4ccccc4cc23)cc1,CC#N,441.0
14842,c1ccc(-c2nn(-c3ccccn3)c3nc4ccccc4cc23)cc1,CC(C)=O,438.0
14843,c1ccc(-c2nn(-c3ccccn3)c3nc4ccccc4cc23)cc1,CCCCOCCCC,427.0
14844,c1ccc(-c2nn(-c3ccccn3)c3nc4ccccc4cc23)cc1,CN(C)C=O,441.0
2733,CCCC1(CCC)c2cc(-c3ccc(C(C)(C)C)cc3)ccc2-c2ccc(-c3ccc4c(c3)C(CCC)(CCC)c3cc(-c5ccc(C(C)(C)C)cc5)ccc3-4)cc21,C1CCCCC1,395.0
2736,CCCC1(CCC)c2cc(-c3ccc(OC)cc3)ccc2-c2ccc(-c3ccc4c(c3)C(CCC)(CCC)c3cc(-c5ccc(OC)cc5)ccc3-4)cc21,C1CCCCC1,395.0
7514,COCCC1(CCOC)c2cc(-c3ccc(OC)cc3)ccc2-c2ccc(-c3ccc4c(c3)C(CCOC)(CCOC)c3cc(-c5ccc(OC)cc5)ccc3-4)cc21,CN(C)C=O,395.0
2741,CCCC1(CCC)c2cc(-c3ccccc3)ccc2-c2ccc(-c3ccc4c(c3)C(CCC)(CCC)c3cc(-c5ccccc5)ccc3-4)cc21,C1CCCCC1,387.0
4265,CCN(CC)c1ccc2cc(-c3nc4ccccc4s3)c(=O)oc2c1,CCC(C)CC,461.6
4266,CCN(CC)c1ccc2cc(-c3nc4ccccc4s3)c(=O)oc2c1,CCCCCC,463.0
4267,CCN(CC)c1ccc2cc(-c3nc4ccccc4s3)c(=O)oc2c1,CCO,505.0
4268,CCN(CC)c1ccc2cc(-c3nc4ccccc4s3)c(=O)oc2c1,CCOC(C)=O,492.8
4262,CCN(CC)c1ccc2cc(-c3nc4ccccc4s3)c(=O)oc2c1,C1CCCCC1,462.0
4263,CCN(CC)c1ccc2cc(-c3nc4ccccc4s3)c(=O)oc2c1,CC#N,503.8
4264,CCN(CC)c1ccc2cc(-c3nc4ccccc4s3)c(=O)oc2c1,CC1CCCCC1,462.0
6387,CN(C)c1ccc(C2=Nc3ccc4c(C(F)(F)F)cc(C(F)(F)F)nc4[n+]3[B-](F)(F)O2)cc1,ClCCl,642.0
10671,Cc1ccc(Nc2ccc(Nc3ccc(C)cc3)c3c2C(=O)c2ccccc2C3=O)cc1,CCCCCCCO,684.0
10672,Cc1ccc(Nc2ccc(Nc3ccc(C)cc3)c3c2C(=O)c2ccccc2C3=O)cc1,CCCCCCO,682.0
10673,Cc1ccc(Nc2ccc(Nc3ccc(C)cc3)c3c2C(=O)c2ccccc2C3=O)cc1,CCCCO,683.0
10674,Cc1ccc(Nc2ccc(Nc3ccc(C)cc3)c3c2C(=O)c2ccccc2C3=O)cc1,CCO,684.0
10675,Cc1ccc(Nc2ccc(Nc3ccc(C)cc3)c3c2C(=O)c2ccccc2C3=O)cc1,CN(C)C=O,686.0
10676,Cc1ccc(Nc2ccc(Nc3ccc(C)cc3)c3c2C(=O)c2ccccc2C3=O)cc1,CO,682.0
10677,Cc1ccc(Nc2ccc(Nc3ccc(C)cc3)c3c2C(=O)c2ccccc2C3=O)cc1,CS(C)=O,689.0
10678,Cc1ccc(Nc2ccc(Nc3ccc(C)cc3)c3c2C(=O)c2ccccc2C3=O)cc1,ClC(Cl)(Cl)Cl,685.0
10679,Cc1ccc(Nc2ccc(Nc3ccc(C)cc3)c3c2C(=O)c2ccccc2C3=O)cc1,c1ccccc1,684.0
10667,Cc1ccc(Nc2ccc(Nc3ccc(C)cc3)c3c2C(=O)c2ccccc2C3=O)cc1,C1CCCCC1,680.0
10668,Cc1ccc(Nc2ccc(Nc3ccc(C)cc3)c3c2C(=O)c2ccccc2C3=O)cc1,C1COCCO1,684.0
10669,Cc1ccc(Nc2ccc(Nc3ccc(C)cc3)c3c2C(=O)c2ccccc2C3=O)cc1,CC(C)=O,684.0
10670,Cc1ccc(Nc2ccc(Nc3ccc(C)cc3)c3c2C(=O)c2ccccc2C3=O)cc1,CCCCCCCCCCO,682.0
14923,c1ccc(/C(=C(\c2ccccc2)c2ccccc2-c2ccc(-c3ccccc3)cc2)c2ccccc2-c2ccc(-c3ccccc3)cc2)cc1,C1CCOC1,492.0
10627,Cc1ccc(N(CC(=O)[O-])CC(=O)[O-])cc1OCCOc1cc(-c2cc3ccc(C(=O)[O-])cc3[nH]2)ccc1N(CC(=O)[O-])CC(=O)[O-],O,482.0
7939,COc1cc(OC)cc(C2=C3C(C)=C(I)C(C)=[N+]3[B-](F)(F)n3c(/C=C/c4c[nH]c5ccc([N+](=O)[O-])cc45)c(I)c(C)c32)c1,C1CCOC1,635.0
7940,COc1cc(OC)cc(C2=C3C(C)=C(I)C(C)=[N+]3[B-](F)(F)n3c(/C=C/c4c[nH]c5ccc([N+](=O)[O-])cc45)c(I)c(C)c32)c1,CS(C)=O,651.0
7941,COc1cc(OC)cc(C2=C3C(C)=C(I)C(C)=[N+]3[B-](F)(F)n3c(/C=C/c4c[nH]c5ccc([N+](=O)[O-])cc45)c(I)c(C)c32)c1,ClCCl,630.0
7942,COc1cc(OC)cc(C2=C3C(C)=C(I)C(C)=[N+]3[B-](F)(F)n3c(/C=C/c4c[nH]c5ccccc45)c(I)c(C)c32)c1,C1CCOC1,668.0
7943,COc1cc(OC)cc(C2=C3C(C)=C(I)C(C)=[N+]3[B-](F)(F)n3c(/C=C/c4c[nH]c5ccccc45)c(I)c(C)c32)c1,CS(C)=O,676.0
7944,COc1cc(OC)cc(C2=C3C(C)=C(I)C(C)=[N+]3[B-](F)(F)n3c(/C=C/c4c[nH]c5ccccc45)c(I)c(C)c32)c1,ClCCl,661.0
352,C(=C/c1nc2ccccc2[nH]1)\c1ccc(/C=C/c2nc3ccccc3[nH]2)cc1,CC(C)=O,427.0
353,C(=C/c1nc2ccccc2[nH]1)\c1ccc(/C=C/c2nc3ccccc3[nH]2)cc1,CN(C)C=O,433.0
354,C(=C/c1nc2ccccc2[nH]1)\c1ccc(/C=C/c2nc3ccccc3[nH]2)cc1,CO,422.0
355,C(=C/c1nc2ccccc2[nH]1)\c1ccc(/C=C/c2nc3ccccc3[nH]2)cc1,CS(C)=O,439.0
350,C(=C/c1nc2ccccc2[nH]1)\c1ccc(/C=C/c2nc3ccccc3[nH]2)cc1,C1CCOC1,428.0
351,C(=C/c1nc2ccccc2[nH]1)\c1ccc(/C=C/c2nc3ccccc3[nH]2)cc1,CC#N,427.0
14904,c1ccc(-n2c3ccccc3c3cc(-c4ccn5nc(-c6ccc(-n7c8ccccc8c8ccccc87)cc6)nc5c4)ccc32)cc1,C1CCOC1,389.0
2057,CC1=CC(C)=[N+]2C1=C(c1ccc(N(C)C)cc1)c1c(C)cc(/C=C/c3ccc(N(C)C)cc3)n1[B-]2(F)F,CCOCC,632.0
2089,CC1=CC(C)=[N+]2C1=C(c1ccccc1)c1c(C)cc(/C=C/c3ccc(N(C)C)cc3)n1[B-]2(F)F,CCOCC,638.0
2090,CC1=CC(C)=[N+]2C1=C(c1ccccc1)c1c(C)cc(/C=C/c3ccc(O)cc3)n1[B-]2(F)F,O,590.0
2091,CC1=CC(C)=[N+]2C1=C(c1ccccc1)c1c(C)cc(/C=C/c3ccccc3)n1[B-]2(F)F,CC#N,569.0
8779,COc1ccc(C2=C3C(C)=CC(C)=[N+]3[B-](F)(F)n3c(/C=C/c4ccc(N(C)C)cc4)cc(C)c32)cc1,C1CCCCC1,612.0
8780,COc1ccc(C2=C3C(C)=CC(C)=[N+]3[B-](F)(F)n3c(/C=C/c4ccc(N(C)C)cc4)cc(C)c32)cc1,C1CCOC1,664.0
8781,COc1ccc(C2=C3C(C)=CC(C)=[N+]3[B-](F)(F)n3c(/C=C/c4ccc(N(C)C)cc4)cc(C)c32)cc1,C1COCCO1,648.0
8782,COc1ccc(C2=C3C(C)=CC(C)=[N+]3[B-](F)(F)n3c(/C=C/c4ccc(N(C)C)cc4)cc(C)c32)cc1,CC#N,717.0
8783,COc1ccc(C2=C3C(C)=CC(C)=[N+]3[B-](F)(F)n3c(/C=C/c4ccc(N(C)C)cc4)cc(C)c32)cc1,CC(C)=O,695.0
8784,COc1ccc(C2=C3C(C)=CC(C)=[N+]3[B-](F)(F)n3c(/C=C/c4ccc(N(C)C)cc4)cc(C)c32)cc1,CC(C)OC(C)C,629.0
8785,COc1ccc(C2=C3C(C)=CC(C)=[N+]3[B-](F)(F)n3c(/C=C/c4ccc(N(C)C)cc4)cc(C)c32)cc1,CC1CCCCC1,612.0
8786,COc1ccc(C2=C3C(C)=CC(C)=[N+]3[B-](F)(F)n3c(/C=C/c4ccc(N(C)C)cc4)cc(C)c32)cc1,CCC#N,710.0
8787,COc1ccc(C2=C3C(C)=CC(C)=[N+]3[B-](F)(F)n3c(/C=C/c4ccc(N(C)C)cc4)cc(C)c32)cc1,CCCC#N,695.0
8788,COc1ccc(C2=C3C(C)=CC(C)=[N+]3[B-](F)(F)n3c(/C=C/c4ccc(N(C)C)cc4)cc(C)c32)cc1,CCCCO,678.0
8789,COc1ccc(C2=C3C(C)=CC(C)=[N+]3[B-](F)(F)n3c(/C=C/c4ccc(N(C)C)cc4)cc(C)c32)cc1,CCCCOCCCC,627.0
8790,COc1ccc(C2=C3C(C)=CC(C)=[N+]3[B-](F)(F)n3c(/C=C/c4ccc(N(C)C)cc4)cc(C)c32)cc1,CCOC(C)=O,665.0
8791,COc1ccc(C2=C3C(C)=CC(C)=[N+]3[B-](F)(F)n3c(/C=C/c4ccc(N(C)C)cc4)cc(C)c32)cc1,CCOCC,641.0
8792,COc1ccc(C2=C3C(C)=CC(C)=[N+]3[B-](F)(F)n3c(/C=C/c4ccc(N(C)C)cc4)cc(C)c32)cc1,CN(C)C=O,718.0
8793,COc1ccc(C2=C3C(C)=CC(C)=[N+]3[B-](F)(F)n3c(/C=C/c4ccc(N(C)C)cc4)cc(C)c32)cc1,CO,696.0
8794,COc1ccc(C2=C3C(C)=CC(C)=[N+]3[B-](F)(F)n3c(/C=C/c4ccc(N(C)C)cc4)cc(C)c32)cc1,CS(C)=O,737.0
8795,COc1ccc(C2=C3C(C)=CC(C)=[N+]3[B-](F)(F)n3c(/C=C/c4ccc(N(C)C)cc4)cc(C)c32)cc1,Cc1ccccc1,640.0
8796,COc1ccc(C2=C3C(C)=CC(C)=[N+]3[B-](F)(F)n3c(/C=C/c4ccc(N(C)C)cc4)cc(C)c32)cc1,ClC(Cl)Cl,656.0
1936,CC1=C(c2ccc(N(c3ccccc3)c3ccccc3)cc2)C(C)=[N+]2C1=C(c1c(-c3ccccn3)nc3ccccn13)c1c(C)cc(C)n1[B-]2(F)F,ClCCl,698.0
1323,CC(C)CCCCN1CCc2c1ccc1c3c(ccc21)CCCC3=O,C1CCCCC1,507.0
1324,CC(C)CCCCN1CCc2c1ccc1c3c(ccc21)CCCC3=O,CC#N,625.0
1325,CC(C)CCCCN1CCc2c1ccc1c3c(ccc21)CCCC3=O,CC(C)O,637.0
1326,CC(C)CCCCN1CCc2c1ccc1c3c(ccc21)CCCC3=O,CCC(C)=O,612.0
1327,CC(C)CCCCN1CCc2c1ccc1c3c(ccc21)CCCC3=O,CCO,539.0
1328,CC(C)CCCCN1CCc2c1ccc1c3c(ccc21)CCCC3=O,CCOC(C)=O,586.0
1329,CC(C)CCCCN1CCc2c1ccc1c3c(ccc21)CCCC3=O,CS(C)=O,643.0
1330,CC(C)CCCCN1CCc2c1ccc1c3c(ccc21)CCCC3=O,Cc1ccccc1,554.0
1331,CC(C)CCCCN1CCc2c1ccc1c3c(ccc21)CCCC3=O,ClCCl,595.0
1332,CC(C)CCCCN1CCc2c1ccc1c3c(ccc21)CCCC3=O,Clc1ccccc1,573.0
11192,Cn1c2ccccc2[c+](-c2ccccc2)c2cc([N+](=O)[O-])ccc21,CO,439.8
11193,Cn1c2ccccc2[c+](-c2ccccc2)c2cc([N+](=O)[O-])ccc21,CS(C)=O,473.98
11190,Cn1c2ccccc2[c+](-c2ccccc2)c2cc([N+](=O)[O-])ccc21,CC#N,433.5
11191,Cn1c2ccccc2[c+](-c2ccccc2)c2cc([N+](=O)[O-])ccc21,CCO,431.4
10704,Cc1ccc(S(=O)(=O)Nc2c(/C=C/c3ccccc3)sc(-c3ccc(N(C)C)cc3)c2-c2ccsc2)cc1,CC#N,627.0
1035,CC(C)(C)c1ccc(-c2nc3c4ccccc4c4ccccc4c3n2-c2ccc(-c3ccc(N(c4ccccc4)c4ccccc4)cc3)cc2)cc1,ClCCl,426.0
12852,O=C([O-])c1cc(N2C(=O)C=CC2=O)ccc1-c1c2cc(F)c(=O)cc-2oc2cc([O-])c(F)cc12,O,520.0
1084,CC(C)(C)c1ccc(C2=C(c3ccc(-n4c5ccc(C(C)(C)C)cc5c5cc(C(C)(C)C)ccc54)cc3)S(=O)(=O)c3c2sc(-c2ccc(-n4c5ccc(C(C)(C)C)cc5c5cc(C(C)(C)C)ccc54)cc2)c3-c2ccc(C(C)(C)C)cc2)cc1,C1CCOC1,555.0
1085,CC(C)(C)c1ccc(C2=C(c3ccc(-n4c5ccccc5c5ccccc54)cc3)S(=O)(=O)c3c2sc(-c2ccc(-n4c5ccccc5c5ccccc54)cc2)c3-c2ccc(C(C)(C)C)cc2)cc1,C1CCOC1,542.0
401,C(=N/c1ccc(-c2cn3nc(-c4cccs4)sc3n2)cc1)\c1c2ccccc2cc2ccccc12,ClC(Cl)Cl,526.0
11630,Fc1nc(F)c(F)c(C#Cc2cc3c(cc2C#Cc2c(F)c(F)nc(F)c2F)OC2(CCCCC2)O3)c1F,CC#N,460.0
13619,O=P1(c2ccccc2)c2cccc3ccc4ccc1n4c23,ClCCl,496.0
14240,Oc1ccc2ccccc2c1/C=N/CC/N=C/c1c(O)ccc2ccccc12,CC#N,466.0
801,CC(C)(C(=O)c1ccc(N2c3ccccc3C(C)(C)c3ccccc32)cc1)C(=O)c1ccc(N2c3ccccc3C(C)(C)c3ccccc32)cc1,Cc1ccccc1,506.0
802,CC(C)(C(=O)c1ccc(N2c3ccccc3C(C)(C)c3ccccc32)cc1)C(=O)c1ccc(N2c3ccccc3C(C)(C)c3ccccc32)cc1,c1ccc2c(c1)c1ccccc1n2-c1ccc(-c2ccc(-n3c4ccccc4c4ccccc43)cc2)cc1,495.9660297
1252,CC(C)(C)c1ccc2c(c1)sc1[n+]2[B-](F)(F)n2c(c3cccc4c(Br)ccc2c43)=N1,C1CCOC1,520.0
1253,CC(C)(C)c1ccc2c(c1)sc1[n+]2[B-](F)(F)n2c(c3cccc4c(Br)ccc2c43)=N1,CC#N,519.0
1254,CC(C)(C)c1ccc2c(c1)sc1[n+]2[B-](F)(F)n2c(c3cccc4c(Br)ccc2c43)=N1,CCCCCC,516.0
1255,CC(C)(C)c1ccc2c(c1)sc1[n+]2[B-](F)(F)n2c(c3cccc4c(Br)ccc2c43)=N1,Cc1ccccc1,524.0
1256,CC(C)(C)c1ccc2c(c1)sc1[n+]2[B-](F)(F)n2c(c3cccc4c(Br)ccc2c43)=N1,ClCCl,552.0
11420,F[B-]1(F)n2c(c3cccc4cccc2c43)=Nc2sc3ccccc3[n+]21,C1CCOC1,501.0
11421,F[B-]1(F)n2c(c3cccc4cccc2c43)=Nc2sc3ccccc3[n+]21,CC#N,500.0
1262,CC(C)(C)c1ccc2c(c1)sc1[n+]2[B-](F)(F)n2c(c3cccc4cccc2c43)=N1,C1CCOC1,504.0
1263,CC(C)(C)c1ccc2c(c1)sc1[n+]2[B-](F)(F)n2c(c3cccc4cccc2c43)=N1,CC#N,502.0
1264,CC(C)(C)c1ccc2c(c1)sc1[n+]2[B-](F)(F)n2c(c3cccc4cccc2c43)=N1,CCCCCC,504.0
1265,CC(C)(C)c1ccc2c(c1)sc1[n+]2[B-](F)(F)n2c(c3cccc4cccc2c43)=N1,Cc1ccccc1,506.0
1266,CC(C)(C)c1ccc2c(c1)sc1[n+]2[B-](F)(F)n2c(c3cccc4cccc2c43)=N1,ClCCl,534.0
11422,F[B-]1(F)n2c(c3cccc4cccc2c43)=Nc2sc3ccccc3[n+]21,CCCCCC,493.0
11423,F[B-]1(F)n2c(c3cccc4cccc2c43)=Nc2sc3ccccc3[n+]21,Cc1ccccc1,504.0
11424,F[B-]1(F)n2c(c3cccc4cccc2c43)=Nc2sc3ccccc3[n+]21,ClCCl,529.0
11610,Fc1ccc(C2=NC(c3ccccc3)C(N(c3ccccc3)c3ccccc3)S2)cc1,ClC(Cl)Cl,461.0
231,C(=C/c1ccc(/C=C/c2cccs2)s1)\c1cccs1,CC#N,445.0
14592,c1ccc(-c2cc(-c3ccccc3)cc(-c3ccc4c(c3)C3(c5cc(-c6cc(-c7ccccc7)cc(-c7ccccc7)c6)ccc5-4)c4ccccc4-c4c3c3c5ccccc5ccc3c3ccccc43)c2)cc1,C1CCOC1,420.0
14529,c1cc2sccc2s1,ClCCl,293.0
9582,C[Si](C)(C)[Si](c1cc2sc([Si]([Si](C)(C)C)([Si](C)(C)C)[Si](C)(C)C)cc2s1)([Si](C)(C)C)[Si](C)(C)C,ClCCl,354.0
8810,COc1ccc(C2=C3C=c4c(oc5cc6c(cc45)[C@H]4CC[C@]5(C)C(=O)CC[C@H]5[C@@H]4CC6)=[N+]3[B-](F)(F)n3c2cc2c4cc5c(cc4oc23)CC[C@@H]2[C@@H]5CC[C@]3(C)C(=O)CC[C@@H]23)cc1,CCOC(C)=O,615.0
8811,COc1ccc(C2=C3C=c4c(oc5cc6c(cc45)[C@H]4CC[C@]5(C)C(=O)CC[C@H]5[C@@H]4CC6)=[N+]3[B-](F)(F)n3c2cc2c4cc5c(cc4oc23)CC[C@@H]2[C@@H]5CC[C@]3(C)C(=O)CC[C@@H]23)cc1,CCOCC,611.5
8812,COc1ccc(C2=C3C=c4c(oc5cc6c(cc45)[C@H]4CC[C@]5(C)C(=O)CC[C@H]5[C@@H]4CC6)=[N+]3[B-](F)(F)n3c2cc2c4cc5c(cc4oc23)CC[C@@H]2[C@@H]5CC[C@]3(C)C(=O)CC[C@@H]23)cc1,CO,613.5
13226,O=C1c2ccc(-c3ccc(N(c4ccc(-c5ccccc5)cc4)c4ccc(-c5ccccc5)cc4)cc3)cc2C(=O)c2ccc(-c3ccc(N(c4ccc(-c5ccccc5)cc4)c4ccc(-c5ccccc5)cc4)cc3)cc21,Cc1ccccc1,608.0
13227,O=C1c2ccc(-c3ccc(N(c4ccc(-c5ccccc5)cc4)c4ccc(-c5ccccc5)cc4)cc3)cc2C(=O)c2ccc(-c3ccc(N(c4ccc(-c5ccccc5)cc4)c4ccc(-c5ccccc5)cc4)cc3)cc21,c1ccc2c(c1)c1ccccc1n2-c1ccc(-c2ccc(-n3c4ccccc4c4ccccc43)cc2)cc1,601.0
5703,CN(C)c1ccc(-c2nc3cccnc3[nH]2)cc1,C1CCCCC1,359.0
5704,CN(C)c1ccc(-c2nc3cccnc3[nH]2)cc1,CC#N,408.0
15156,c1ccc2c(c1)-c1ccccc1C21c2ccccc2-c2cnccc21,CC1CCCO1,318.0
2737,CCCC1(CCC)c2cc(-c3ccc4c(c3)C(CCC)(CCC)c3cc(-c5ccc6c(c5)C(CCC)(CCC)c5cc(C(C)(C)CC)ccc5-6)ccc3-4)ccc2-c2ccc(-c3ccc4c(c3)C(CCC)(CCC)c3cc(C(C)(C)CC)ccc3-4)cc21,C1CCCCC1,407.0
2747,CCCC1(CCC)c2ccccc2-c2ccc(-c3ccc4c(c3)C(CCC)(CCC)c3cc(-c5ccc6c(c5)C(CCC)(CCC)c5cc(-c7ccc8c(c7)C(CCC)(CCC)c7ccccc7-8)ccc5-6)ccc3-4)cc21,C1CCCCC1,407.0
9066,COc1ccc2c(c1)N(c1ccccc1-c1ccccc1)c1cc3c(cc1=N2)Oc1c(cc(C(C)(C)C)cc1C(C)(C)C)N=3,CC#N,619.0
9067,COc1ccc2c(c1)N(c1ccccc1-c1ccccc1)c1cc3c(cc1=N2)Oc1c(cc(C(C)(C)C)cc1C(C)(C)C)N=3,CCCCCC,583.0
9068,COc1ccc2c(c1)N(c1ccccc1-c1ccccc1)c1cc3c(cc1=N2)Oc1c(cc(C(C)(C)C)cc1C(C)(C)C)N=3,CO,636.0
3460,CCCCCCc1ccc2c3c(ccc2c1)O[B-](F)(F)[N+](c1ccc([N+]2=Cc4c(ccc5cc(CCCCCC)ccc45)O[B-]2(F)F)cc1)=C3,C1CCOC1,505.0
3461,CCCCCCc1ccc2c3c(ccc2c1)O[B-](F)(F)[N+](c1ccc([N+]2=Cc4c(ccc5cc(CCCCCC)ccc45)O[B-]2(F)F)cc1)=C3,CC#N,502.0
3462,CCCCCCc1ccc2c3c(ccc2c1)O[B-](F)(F)[N+](c1ccc([N+]2=Cc4c(ccc5cc(CCCCCC)ccc45)O[B-]2(F)F)cc1)=C3,Cc1ccccc1,508.0
3463,CCCCCCc1ccc2c3c(ccc2c1)O[B-](F)(F)[N+](c1ccc([N+]2=Cc4c(ccc5cc(CCCCCC)ccc45)O[B-]2(F)F)cc1)=C3,ClCCl,507.0
4242,CCN(CC)c1ccc2cc(-c3csc(N)c3C#N)c(=O)oc2c1,C1CCOC1,458.0
4243,CCN(CC)c1ccc2cc(-c3csc(N)c3C#N)c(=O)oc2c1,CO,514.0
4244,CCN(CC)c1ccc2cc(-c3csc(N)c3C#N)c(=O)oc2c1,CS(C)=O,482.0
4245,CCN(CC)c1ccc2cc(-c3csc(N)c3C#N)c(=O)oc2c1,Cc1ccccc1,447.0
4246,CCN(CC)c1ccc2cc(-c3csc(N)c3C#N)c(=O)oc2c1,ClCCl,464.0
4247,CCN(CC)c1ccc2cc(-c3csc(NC(C)=O)c3C#N)c(=O)oc2c1,C1CCOC1,457.0
4248,CCN(CC)c1ccc2cc(-c3csc(NC(C)=O)c3C#N)c(=O)oc2c1,CO,477.0
4249,CCN(CC)c1ccc2cc(-c3csc(NC(C)=O)c3C#N)c(=O)oc2c1,CS(C)=O,479.0
4250,CCN(CC)c1ccc2cc(-c3csc(NC(C)=O)c3C#N)c(=O)oc2c1,Cc1ccccc1,448.0
4251,CCN(CC)c1ccc2cc(-c3csc(NC(C)=O)c3C#N)c(=O)oc2c1,ClCCl,463.0
14241,Oc1ccc2ccccc2c1/C=N/c1cc2ccccc2cc1/N=C/c1c(O)ccc2ccccc12,CC#N,509.0
1473,CC(C)c1cc(C(C)C)c(B2c3ccccc3Oc3cc(N4c5ccccc5C5(c6ccccc6Oc6ccccc65)c5ccccc54)ccc32)c(C(C)C)c1,Cc1ccccc1,451.0
608,CC(=O)N(Cc1ccccn1)c1c2ccccc2c2c3c(cccc13)C(=O)N(Cc1ccccn1)C2=O,CCO,509.0
609,CC(=O)N(Cc1ccccn1)c1c2ccccc2c2c3c(cccc13)C(=O)N(Cc1ccccn1)C2=O,Cc1ccccc1,491.0
610,CC(=O)N(Cc1ccccn1)c1c2ccccc2c2c3c(cccc13)C(=O)N(Cc1ccccn1)C2=O,ClCCl,497.0
13242,O=C1c2cccc3c(NCc4ccccn4)c4ccccc4c(c23)C(=O)N1Cc1ccccn1,C1CCOC1,609.0
13243,O=C1c2cccc3c(NCc4ccccn4)c4ccccc4c(c23)C(=O)N1Cc1ccccn1,CCCCCC,594.0
13244,O=C1c2cccc3c(NCc4ccccn4)c4ccccc4c(c23)C(=O)N1Cc1ccccn1,CCO,615.0
13245,O=C1c2cccc3c(NCc4ccccn4)c4ccccc4c(c23)C(=O)N1Cc1ccccn1,Cc1ccccc1,606.0
13246,O=C1c2cccc3c(NCc4ccccn4)c4ccccc4c(c23)C(=O)N1Cc1ccccn1,ClCCl,611.0
606,CC(=O)N(Cc1ccccn1)c1c2ccccc2c2c3c(cccc13)C(=O)N(Cc1ccccn1)C2=O,C1CCOC1,497.0
607,CC(=O)N(Cc1ccccn1)c1c2ccccc2c2c3c(cccc13)C(=O)N(Cc1ccccn1)C2=O,CCCCCC,486.0
3739,CCCCc1cc(-c2cccc(COC)c2)oc1-c1cccc(-c2cc(CCCC)c(-c3cccc(-c4oc(-c5cccc(-c6oc(-c7cccc(COC)c7)cc6CCCC)c5)cc4CCCC)c3)o2)c1,ClC(Cl)Cl,373.0
9547,C[N+]1=C(/C=C/C2=C3Oc4c(cc5c6c4CCCN6CCC5)C(c4ccccc4C(=O)O)=C3CCC2)C(C)(C)c2ccccc21,CC#N,760.0
9548,C[N+]1=C(/C=C/C2=C3Oc4c(cc5c6c4CCCN6CCC5)C(c4ccccc4C(=O)O)=C3CCC2)C(C)(C)c2ccccc21,CCO,745.0
9549,C[N+]1=C(/C=C/C2=C3Oc4c(cc5c6c4CCCN6CCC5)C(c4ccccc4C(=O)O)=C3CCC2)C(C)(C)c2ccccc21,CO,749.0
9550,C[N+]1=C(/C=C/C2=C3Oc4c(cc5c6c4CCCN6CCC5)C(c4ccccc4C(=O)O)=C3CCC2)C(C)(C)c2ccccc21,ClC(Cl)Cl,757.0
14133,Oc1c(-c2nc3c4ccc(-c5ccccc5)cc4c4cc(-c5ccccc5)ccc4c3[nH]2)cc2c3c1CCCN3CCC2,CO,474.0
14134,Oc1c(-c2nc3c4ccc(-c5ccccc5)cc4c4cc(-c5ccccc5)ccc4c3[nH]2)cc2c3c1CCCN3CCC2,CS(C)=O,496.0
14135,Oc1c(-c2nc3c4ccc(-c5ccccc5)cc4c4cc(-c5ccccc5)ccc4c3[nH]2)cc2c3c1CCCN3CCC2,Cc1ccccc1,433.0
14136,Oc1c(-c2nc3c4ccc(-c5ccccc5)cc4c4cc(-c5ccccc5)ccc4c3[nH]2)cc2c3c1CCCN3CCC2,ClCCl,485.0
14130,Oc1c(-c2nc3c4ccc(-c5ccccc5)cc4c4cc(-c5ccccc5)ccc4c3[nH]2)cc2c3c1CCCN3CCC2,C1CCOC1,454.0
14131,Oc1c(-c2nc3c4ccc(-c5ccccc5)cc4c4cc(-c5ccccc5)ccc4c3[nH]2)cc2c3c1CCCN3CCC2,CC#N,487.0
14132,Oc1c(-c2nc3c4ccc(-c5ccccc5)cc4c4cc(-c5ccccc5)ccc4c3[nH]2)cc2c3c1CCCN3CCC2,CCCCCC,413.0
3860,CCCN1/C(=C/C=C(/C=C/C2=[N+](CCC)c3ccccc3C2(C)C)c2ccc([N+](=O)[O-])cc2)C(C)(C)c2ccccc21,CO,656.0
3861,CCCN1/C(=C/C=C(/C=C/C2=[N+](CCC)c3ccccc3C2(C)C)c2ccc([N+](=O)[O-])cc2)C(C)(C)c2ccccc21,CS(C)=O,664.0
3862,CCCN1/C(=C/C=C(/C=C/C2=[N+](CCC)c3ccccc3C2(C)C)c2ccc([N+](=O)[O-])cc2)C(C)(C)c2ccccc21,O,663.0
6731,CN1/C(=C/C=C(/C=C/C2=[N+](C)c3ccccc3C2(C)C)c2cc(F)cc(F)c2)C(C)(C)c2ccccc21,CCO,661.0
6732,CN1/C(=C/C=C(/C=C/C2=[N+](C)c3ccccc3C2(C)C)c2cc(F)cc(F)c2)C(C)(C)c2ccccc21,CO,655.0
6733,CN1/C(=C/C=C(/C=C/C2=[N+](C)c3ccccc3C2(C)C)c2cc(F)cc(F)c2)C(C)(C)c2ccccc21,CS(C)=O,663.0
6734,CN1/C(=C/C=C(/C=C/C2=[N+](C)c3ccccc3C2(C)C)c2cc(F)cc(F)c2)C(C)(C)c2ccccc21,O,659.0
6735,CN1/C(=C/C=C(/C=C/C2=[N+](C)c3ccccc3C2(C)C)c2ccc(C(F)(F)F)cc2)C(C)(C)c2ccccc21,CCO,665.0
6736,CN1/C(=C/C=C(/C=C/C2=[N+](C)c3ccccc3C2(C)C)c2ccc(C(F)(F)F)cc2)C(C)(C)c2ccccc21,CO,659.0
6737,CN1/C(=C/C=C(/C=C/C2=[N+](C)c3ccccc3C2(C)C)c2ccc(C(F)(F)F)cc2)C(C)(C)c2ccccc21,CS(C)=O,665.0
6738,CN1/C(=C/C=C(/C=C/C2=[N+](C)c3ccccc3C2(C)C)c2ccc(C(F)(F)F)cc2)C(C)(C)c2ccccc21,O,658.0
6739,CN1/C(=C/C=C(/C=C/C2=[N+](C)c3ccccc3C2(C)C)c2ccc(F)cc2)C(C)(C)c2ccccc21,CCO,666.0
6740,CN1/C(=C/C=C(/C=C/C2=[N+](C)c3ccccc3C2(C)C)c2ccc(F)cc2)C(C)(C)c2ccccc21,CO,666.0
6741,CN1/C(=C/C=C(/C=C/C2=[N+](C)c3ccccc3C2(C)C)c2ccc(F)cc2)C(C)(C)c2ccccc21,CS(C)=O,669.0
6742,CN1/C(=C/C=C(/C=C/C2=[N+](C)c3ccccc3C2(C)C)c2ccc(F)cc2)C(C)(C)c2ccccc21,O,662.0
6743,CN1/C(=C/C=C(/C=C/C2=[N+](C)c3ccccc3C2(C)C)c2ccccc2)C(C)(C)c2ccccc21,CCO,670.0
6744,CN1/C(=C/C=C(/C=C/C2=[N+](C)c3ccccc3C2(C)C)c2ccccc2)C(C)(C)c2ccccc21,CO,666.0
6745,CN1/C(=C/C=C(/C=C/C2=[N+](C)c3ccccc3C2(C)C)c2ccccc2)C(C)(C)c2ccccc21,CS(C)=O,668.0
6746,CN1/C(=C/C=C(/C=C/C2=[N+](C)c3ccccc3C2(C)C)c2ccccc2)C(C)(C)c2ccccc21,O,661.0
9702,Cc1c(C)n2c(COC(=O)CNC(=O)OC(C)(C)C)c(C)c(=O)n2c1=O,CCO,459.0
13599,O=P1(c2ccccc2)C2=C(c3ccccc31)C(c1ccccc1)(c1ccccc1)c1cc(N(c3ccccc3)c3ccccc3)ccc12,CC#N,594.0
13600,O=P1(c2ccccc2)C2=C(c3ccccc31)C(c1ccccc1)(c1ccccc1)c1cc(N(c3ccccc3)c3ccccc3)ccc12,CO,608.0
13601,O=P1(c2ccccc2)C2=C(c3ccccc31)C(c1ccccc1)(c1ccccc1)c1cc(N(c3ccccc3)c3ccccc3)ccc12,Cc1ccccc1,522.0
11633,Ic1ccc(C2=C3C=CC4=[N+]3[B-]3(Oc5ccccc54)Oc4ccccc4-c4ccc2n43)cc1,ClC(Cl)Cl,654.0
9997,Cc1cc(C)c(C2=C3C=CC4=[N+]3[B-]3(Oc5ccccc54)Oc4ccccc4-c4ccc2n43)c(C)c1,ClC(Cl)Cl,645.0
11543,Fc1c(-n2c3ccccc3c3ccccc32)c(-c2nnc(-c3ccccc3)o2)c(-n2c3ccccc3c3ccccc32)c(-n2c3ccccc3c3ccccc32)c1-n1c2ccccc2c2ccccc21,Cc1ccccc1,483.0
3986,CCN(CC)c1ccc(-c2ccc(-c3nc(N4CCOCC4)c4ccccc4n3)s2)cc1,CC#N,544.0
3987,CCN(CC)c1ccc(-c2ccc(-c3nc(N4CCOCC4)c4ccccc4n3)s2)cc1,Cc1ccccc1,476.0
2000,CC1=CC(C)=[N+]2C1=C(c1c(-c3ccccn3)nc3ccccn13)c1c(C)cc(C)n1[B-]2(F)F,ClCCl,536.0
1931,CC1=C(I)C(C)=[N+]2C1=C(c1c(-c3ccccn3)nc3ccccn13)c1c(C)c(I)c(C)n1[B-]2(F)F,ClCCl,580.0
1932,CC1=C(I)C(C)=[N+]2C1=C(c1c(-c3ccccn3)nc3ccccn13)c1c(C)cc(C)n1[B-]2(F)F,ClCCl,558.0
1887,CC1=C(Br)C(C)=[N+]2C1=C(c1c(-c3ccccn3)nc3ccccn13)c1c(C)c(Br)c(C)n1[B-]2(F)F,ClCCl,571.0
1748,CC1(C)c2ccccc2-c2cc3c4ccccc4n(-c4ccc(-c5nc(-c6ccccc6)nc(-c6ccccc6)n5)cc4)c3cc21,C1CCOC1,505.686901
1749,CC1(C)c2ccccc2-c2cc3c4ccccc4n(-c4ccc(-c5nc(-c6ccccc6)nc(-c6ccccc6)n5)cc4)c3cc21,CCCCCC,404.4728435
1750,CC1(C)c2ccccc2-c2cc3c4ccccc4n(-c4ccc(-c5nc(-c6ccccc6)nc(-c6ccccc6)n5)cc4)c3cc21,Cc1ccccc1,456.0
1751,CC1(C)c2ccccc2-c2cc3c4ccccc4n(-c4ccc(-c5nc(-c6ccccc6)nc(-c6ccccc6)n5)cc4)c3cc21,ClCCl,533.2907348
1752,CC1(C)c2ccccc2-c2cc3c4ccccc4n(-c4ccc(-c5nc(-c6ccccc6)nc(-c6ccccc6)n5)cc4)c3cc21,O=P(c1ccccc1)(c1ccccc1)c1ccccc1Oc1ccccc1P(=O)(c1ccccc1)c1ccccc1,488.0
14081,OC1(c2ccc(-c3cccs3)s2)CCCC1,C1CCOC1,414.0
14082,OC1(c2ccc(-c3cccs3)s2)CCCC1,CC#N,412.0
14083,OC1(c2ccc(-c3cccs3)s2)CCCC1,CCCCCC,410.0
14084,OC1(c2ccc(-c3cccs3)s2)CCCC1,CCO,416.0
14085,OC1(c2ccc(-c3cccs3)s2)CCCC1,OCCOCCO,418.0
14086,OC1(c2ccc(-c3cccs3)s2)CCCC1,c1ccncc1,419.0
14696,c1ccc(-c2nc(-c3ccc(N4c5ccccc5Oc5ccccc54)cc3)nn2-c2ccc(N3c4ccccc4Oc4ccccc43)cc2)nc1,ClCCl,490.0
4857,CCOC(=O)c1c(-c2cc3cc4c(cc3oc2=O)OC(C)(C)CC4)nn(-c2cccc(C)c2)c1C(=O)OCC,ClCCl,428.0
4858,CCOC(=O)c1c(-c2cc3cc4c(cc3oc2=O)OC(C)(C)CC4)nn(-c2cccc(Cl)c2)c1C(=O)OCC,ClCCl,432.0
4859,CCOC(=O)c1c(-c2cc3cc4c(cc3oc2=O)OC(C)(C)CC4)nn(-c2ccccc2)c1C(=O)OCC,ClCCl,430.0
5280,CCn1c2ccc(/C=C(\C#N)c3ccccc3)cc2c2cc(/C=C(\C#N)c3ccccc3)ccc21,ClCCl,412.0
11981,N#Cc1c(N2CCCCC2)cc(-c2ccc3ccccc3c2)c2c1Cc1ccccc1-2,C1CCOC1,465.0
7356,COC(=O)c1ccc(/C=C2\N=C(c3ccc(OC)c(OC)c3)NC2=O)cc1,C1COCCO1,478.0
7358,COC(=O)c1ccc(/C=C2\N=C(c3ccc([N+](=O)[O-])cc3)NC2=O)cc1,C1COCCO1,510.0
7359,COC(=O)c1ccc(/C=C2\N=C(c3ccccc3)NC2=O)cc1,C1COCCO1,461.0
12164,N#Cc1ccc(/C=C2\N=C(c3ccccc3)NC2=O)cc1,C1COCCO1,464.0
13097,O=C1NC(c2ccccc2)=N/C1=C\c1ccccc1,C1COCCO1,444.0
8844,COc1ccc(C2=N/C(=C\c3ccc(C#N)cc3)C(=O)N2)cc1OC,C1COCCO1,482.0
8846,COc1ccc(C2=N/C(=C\c3ccccc3)C(=O)N2)cc1OC,C1COCCO1,455.0
5249,CCc1ccc2ccc(-c3ccccc3)nn12,CCCCCC,495.0
4917,CCOC(=O)c1cc(C)n2nc(-c3ccccc3)ccc12,CCCCCC,471.0
5150,CCc1c(C(=O)OC)c(C(=O)OC)c2ccc(-c3ccccc3)nn12,CCCCCC,471.0
7276,COC(=O)c1c(C(=O)OC)c2ccc(-c3ccccc3)nn2c1C,CCCCCC,471.0
10159,Cc1cc2c(ccc3c(C)[n+](C)c(C)cc32)c(C)[n+]1C,CC#N,424.0
10160,Cc1cc2c(ccc3c[n+](C)c(C)cc32)c[n+]1C,CC#N,419.0
9681,C[n+]1ccc2c(ccc3c[n+](C)ccc32)c1,CC#N,407.0
9718,Cc1c2ccc3c(C)[n+](C)ccc3c2cc[n+]1C,CC#N,408.0
405,C(S/C=C/c1ccc(-c2ccc(/C=C/SC=C(c3ccccc3)c3ccccc3)cc2)cc1)=C(c1ccccc1)c1ccccc1,ClCCl,441.0
14887,c1ccc(-n2c(-c3cccc4ccccc34)nc3c4cccc5ccc6cccc(c6c54)c32)cc1,C1CCOC1,422.4582498
14888,c1ccc(-n2c(-c3cccc4ccccc34)nc3c4cccc5ccc6cccc(c6c54)c32)cc1,CCCCCC,384.0
14889,c1ccc(-n2c(-c3cccc4ccccc34)nc3c4cccc5ccc6cccc(c6c54)c32)cc1,CS(C)=O,436.0
14890,c1ccc(-n2c(-c3cccc4ccccc34)nc3c4cccc5ccc6cccc(c6c54)c32)cc1,Cc1ccccc1,420.0
14891,c1ccc(-n2c(-c3cccc4ccccc34)nc3c4cccc5ccc6cccc(c6c54)c32)cc1,ClCCl,424.7826087
8981,COc1ccc(Oc2ccc3c4c(cccc24)C(=O)N(c2c(C(C)C)cccc2C(C)C)C3=O)cc1,ClCCl,434.0
1491,CC(C)c1cccc(C(C)C)c1N1C(=O)c2cccc3c(Oc4ccc(C(C)(C)C)cc4)ccc(c23)C1=O,ClCCl,434.0
1493,CC(C)c1cccc(C(C)C)c1N1C(=O)c2cccc3c(Oc4ccc(Cl)cc4)ccc(c23)C1=O,ClCCl,423.0
1494,CC(C)c1cccc(C(C)C)c1N1C(=O)c2cccc3c(Oc4ccccc4)ccc(c23)C1=O,ClCCl,425.0
7403,COC(=O)c1ccc(Oc2ccc3c4c(cccc24)C(=O)N(c2c(C(C)C)cccc2C(C)C)C3=O)cc1,ClCCl,421.0
1190,CC(C)(C)c1ccc2c(c1)c1cc(C(C)(C)C)ccc1n2-c1ccc2c(c1)C(=O)c1ccc(-n3c4ccc(C(C)(C)C)cc4c4cc(C(C)(C)C)ccc43)cc1C2=O,Cc1ccccc1,602.0
1191,CC(C)(C)c1ccc2c(c1)c1cc(C(C)(C)C)ccc1n2-c1ccc2c(c1)C(=O)c1ccc(-n3c4ccc(C(C)(C)C)cc4c4cc(C(C)(C)C)ccc43)cc1C2=O,c1ccc2c(c1)c1ccccc1n2-c1ccc(-c2ccc(-n3c4ccccc4c4ccccc43)cc2)cc1,575.0
8778,COc1ccc(C2=C3C(/C=C/c4cc(OC)c(OC)c(OC)c4)=C(C=O)C(C)=[N+]3[B-](F)(F)n3c(C)c(C=O)c(C=Cc4cc(OC)c(OC)c(OC)c4)c32)cc1,ClCCl,673.0
1121,CC(C)(C)c1ccc2c(c1)c1cc(C(C)(C)C)ccc1n2-c1cc[n+]2c(c1)-c1ccccc1O[B-]2(F)F,Cc1ccccc1,473.0
1122,CC(C)(C)c1ccc2c(c1)c1cc(C(C)(C)C)ccc1n2-c1cc[n+]2c(c1)-c1ccccc1O[B-]2(F)F,O=P(c1ccccc1)(c1ccccc1)c1ccccc1Oc1ccccc1P(=O)(c1ccccc1)c1ccccc1,488.0
11349,F[B-]1(F)Oc2ccccc2-c2cc(-n3c4ccccc4c4ccccc43)cc[n+]21,Cc1ccccc1,449.0
11350,F[B-]1(F)Oc2ccccc2-c2cc(-n3c4ccccc4c4ccccc43)cc[n+]21,O=P(c1ccccc1)(c1ccccc1)c1ccccc1Oc1ccccc1P(=O)(c1ccccc1)c1ccccc1,475.0
10653,Cc1ccc(N2C(c3ccccc3NS(=O)(=O)c3ccc(C)cc3)=NC(c3ccccc3)C2c2ccccc2)cc1,Cc1ccccc1,375.0
4995,CCOC(CN1C(=O)C2=C(c3ccsc3)N(CC(OCC)OCC)C(=O)C2=C1c1ccsc1)OCC,ClC(Cl)Cl,524.0
11534,F[Si-](F)(c1ccccc1)(c1ccccc1)c1cccc2ccccc12,C1CCOC1,338.0
3578,CCCCN(CCCC)c1ccc2nc3c4ccccc4c(=O)c(-c4ccccc4)c-3oc2c1,ClCCl,625.0
96,C(#Cc1cc2ccc3cccc4ccc(c1)c2c34)c1ccccc1,Cc1ccccc1,399.0
9487,CSc1ccc(-c2nc3sc4ccccc4c3s2)cc1,CS(C)=O,431.0
14808,c1ccc(-c2nc3sc4ccccc4c3s2)cc1,CS(C)=O,412.0
10324,Cc1ccc(-c2nc3sc4ccccc4c3s2)cc1,CS(C)=O,410.0
11094,Clc1cccc(-c2nc3sc4ccccc4c3s2)c1,CS(C)=O,420.0
11095,Clc1ccccc1-c1nc2sc3ccccc3c2s1,CS(C)=O,412.0
11628,Fc1ccccc1-c1nc2sc3ccccc3c2s1,CS(C)=O,407.0
11072,Clc1ccc(-c2nc3sc4ccccc4c3s2)cc1,CS(C)=O,418.0
11621,Fc1ccc2c(c1)sc1nc(-c3ccccc3)sc12,CS(C)=O,407.0
11623,Fc1ccc2sc3nc(-c4ccccc4)sc3c2c1,CS(C)=O,409.0
8102,COc1cc2sc3nc(-c4ccccc4)sc3c2cc1OC,CS(C)=O,446.0
8103,COc1cc2sc3nc(-c4ccccc4OC)sc3c2cc1OC,CS(C)=O,438.0
10825,Cc1cccc(-c2nc3sc4ccccc4c3s2)c1,CS(C)=O,412.0
7723,COc1cc(-c2nc3sc4ccccc4c3s2)cc(OC)c1OC,CS(C)=O,424.0
5245,CCc1ccc(C2=[N+]3C(=Cc4c5ccc(OC)cc5c(-c5ccc(CC)s5)n4[B-]3(F)F)c3ccc(OC)cc32)s1,ClCCl,780.0
14789,c1ccc(-c2nc3c(ccc4[nH]ccc43)o2)cc1,C1CCCCC1,372.0
14790,c1ccc(-c2nc3c(ccc4[nH]ccc43)o2)cc1,C1COCCO1,409.0
14791,c1ccc(-c2nc3c(ccc4[nH]ccc43)o2)cc1,CC#N,427.0
14792,c1ccc(-c2nc3c(ccc4[nH]ccc43)o2)cc1,CO,437.0
14793,c1ccc(-c2nc3c(ccc4[nH]ccc43)o2)cc1,Cc1ccccc1,390.0
14794,c1ccc(-c2nc3c(ccc4[nH]ccc43)o2)cc1,O,459.0
10473,Cc1ccc(C(=O)OCc2ccc3c4cccc5cccc(c6cccc2c63)c54)cc1,CCO,445.0
8748,COc1ccc(C(=O)OCc2ccc3c4cccc5cccc(c6cccc2c63)c54)cc1,CCO,447.0
2051,CC1=CC(C)=[N+]2C1=C(c1ccc(I)cc1)c1c(C)cc(C)n1[B-]2(OCc1ccccc1)OCc1ccccc1,ClC(Cl)Cl,521.9248672
3000,CCCCCCC(CCCCCC)n1c(=O)c2c3ccc4cccc5c6cccc7ccc(c2c1=O)c(c76)c3c45,C1CCCCC1,471.0
3001,CCCCCCC(CCCCCC)n1c(=O)c2c3ccc4cccc5c6cccc7ccc(c2c1=O)c(c76)c3c45,CC#N,527.0
3002,CCCCCCC(CCCCCC)n1c(=O)c2c3ccc4cccc5c6cccc7ccc(c2c1=O)c(c76)c3c45,CC(C)=O,514.0
3003,CCCCCCC(CCCCCC)n1c(=O)c2c3ccc4cccc5c6cccc7ccc(c2c1=O)c(c76)c3c45,CCCCCC,469.0
3004,CCCCCCC(CCCCCC)n1c(=O)c2c3ccc4cccc5c6cccc7ccc(c2c1=O)c(c76)c3c45,CCO,550.0
3005,CCCCCCC(CCCCCC)n1c(=O)c2c3ccc4cccc5c6cccc7ccc(c2c1=O)c(c76)c3c45,CCOCC,495.0
3006,CCCCCCC(CCCCCC)n1c(=O)c2c3ccc4cccc5c6cccc7ccc(c2c1=O)c(c76)c3c45,CS(C)=O,534.0
3007,CCCCCCC(CCCCCC)n1c(=O)c2c3ccc4cccc5c6cccc7ccc(c2c1=O)c(c76)c3c45,Cc1ccccc1,491.0
3008,CCCCCCC(CCCCCC)n1c(=O)c2c3ccc4cccc5c6cccc7ccc(c2c1=O)c(c76)c3c45,ClC(Cl)(Cl)Cl,482.0
3009,CCCCCCC(CCCCCC)n1c(=O)c2c3ccc4cccc5c6cccc7ccc(c2c1=O)c(c76)c3c45,ClC(Cl)Cl,522.0
12705,O=C(N/N=C/c1ccccc1O)c1cccc2ccccc12,C1CCOC1,436.0
12706,O=C(N/N=C/c1ccccc1O)c1cccc2ccccc12,CC#N,376.0
12707,O=C(N/N=C/c1ccccc1O)c1cccc2ccccc12,CC(C)=O,428.0
12708,O=C(N/N=C/c1ccccc1O)c1cccc2ccccc12,CCO,429.0
12709,O=C(N/N=C/c1ccccc1O)c1cccc2ccccc12,CN(C)C=O,560.0
12710,O=C(N/N=C/c1ccccc1O)c1cccc2ccccc12,CS(C)=O,336.0
12711,O=C(N/N=C/c1ccccc1O)c1cccc2ccccc12,ClCCl,393.0
12917,O=C(c1ccccc1)c1cc2ccc1CCc1ccc(cc1-c1ccc(N(c3ccccc3)c3ccccc3)cc1)CC2,Cc1ccccc1,492.0
12918,O=C(c1ccccc1)c1cc2ccc1CCc1ccc(cc1-c1ccc(N(c3ccccc3)c3ccccc3)cc1)CC2,c1cc(-n2c3ccccc3c3ccccc32)cc(-n2c3ccccc3c3ccccc32)c1,481.1258278
5707,CN(C)c1ccc(-c2nc3cnccc3[nH]2)cc1,C1COCCO1,376.0
5708,CN(C)c1ccc(-c2nc3cnccc3[nH]2)cc1,CC#N,391.0
5709,CN(C)c1ccc(-c2nc3cnccc3[nH]2)cc1,CCCCO,391.0
5710,CN(C)c1ccc(-c2nc3cnccc3[nH]2)cc1,CCCO,393.0
5711,CN(C)c1ccc(-c2nc3cnccc3[nH]2)cc1,CCO,395.0
5712,CN(C)c1ccc(-c2nc3cnccc3[nH]2)cc1,CCOC(C)=O,379.0
5713,CN(C)c1ccc(-c2nc3cnccc3[nH]2)cc1,CCOCC,372.0
5714,CN(C)c1ccc(-c2nc3cnccc3[nH]2)cc1,CO,398.0
5715,CN(C)c1ccc(-c2nc3cnccc3[nH]2)cc1,O,415.0
5705,CN(C)c1ccc(-c2nc3cnccc3[nH]2)cc1,C1CCCCC1,350.0
5706,CN(C)c1ccc(-c2nc3cnccc3[nH]2)cc1,C1CCOC1,380.0
11297,F[B-]1(F)OC(/C=C/c2ccccc2)=CC(c2ccccc2)=[O+]1,ClCCl,443.0
8475,COc1ccc(/C=C/C2=CC(c3ccccc3)=[O+][B-](F)(F)O2)cc1,ClCCl,506.0
360,C(=C/c1nc2ccccc2s1)\c1ccc(-c2nc3c4cccnc4c4ncccc4c3[nH]2)cc1,CO,488.0
361,C(=C/c1nc2ccccc2s1)\c1ccc(-c2nc3c4cccnc4c4ncccc4c3[nH]2)cc1,ClCCl,472.0
358,C(=C/c1nc2ccccc2s1)\c1ccc(-c2nc3c4cccnc4c4ncccc4c3[nH]2)cc1,C1CCOC1,469.0
359,C(=C/c1nc2ccccc2s1)\c1ccc(-c2nc3c4cccnc4c4ncccc4c3[nH]2)cc1,CC#N,485.0
1893,CC1=C(C#Cc2ccccc2)C2=Cc3c(C#Cc4ccccc4)c(C)c(C)n3[B-](F)(F)[N+]2=C1C,CC#N,579.0
12101,N#Cc1ccc(-c2cc(-c3ccc(N4CCCC4)cc3)nc(-c3ccccc3)n2)cc1,ClC(Cl)Cl,518.0
13750,O=S1(=O)C2=C(c3ccccc31)C1(C3=C(c4ccccc41)S(=O)(=O)c1ccccc13)c1ccccc12,ClCCl,444.0
6919,COC(=O)/C(C#N)=c1/cc/c(=c2/cc/c(=C(\C#N)C(=O)OC)s2)s1,Cc1ccccc1,601.0
15174,c1ccc2c(c1)CCc1ccccc1N2c1c2ccccc2c(N2c3ccccc3CCc3ccccc32)c2ccccc12,Cc1ccccc1,525.0
14594,c1ccc(-c2cc(-c3ccccc3)cc(-c3ccccc3)c2)cc1,C1COCCO1,354.0
542,C=CCN(CC=C)c1ccc(-c2cc(-c3ccc(N(CC=C)CC=C)cc3)cc(-c3ccc(N(CC=C)CC=C)cc3)c2)cc1,ClCCl,397.5609756
3427,CCCCCCc1ccc(-n2c3[n+](c4c5ccccc5c5ccccc5c42)[B-](C)(C)c2cc(-n4c5ccccc5c5ccccc54)ccc2-3)cc1,C1CCOC1,409.0
3428,CCCCCCc1ccc(-n2c3[n+](c4c5ccccc5c5ccccc5c42)[B-](C)(C)c2cc(-n4c5ccccc5c5ccccc54)ccc2-3)cc1,CC#N,409.0
3429,CCCCCCc1ccc(-n2c3[n+](c4c5ccccc5c5ccccc5c42)[B-](C)(C)c2cc(-n4c5ccccc5c5ccccc54)ccc2-3)cc1,Cc1ccccc1,410.0
3430,CCCCCCc1ccc(-n2c3[n+](c4c5ccccc5c5ccccc5c42)[B-](C)(C)c2cc(-n4c5ccccc5c5ccccc54)ccc2-3)cc1,ClCCl,408.0
8777,COc1ccc(C2=C3C(/C=C/c4cc(OC)c(OC)c(OC)c4)=C(C=O)C(C)=[N+]3[B-](F)(F)n3c(/C=C/c4cc(OC)c(OC)c(OC)c4)c(C=O)c(C=Cc4cc(OC)c(OC)c(OC)c4)c32)cc1,ClCCl,686.0
9495,CSc1ccc2c(c1)N(CCCN(C)C)c1ccccc1S2,CC#N,460.0
9496,CSc1ccc2c(c1)N(CCCN(C)C)c1ccccc1S2,CO,455.0
5459,CN(C)CCCN1c2ccccc2Sc2ccc(C(F)(F)F)cc21,CC#N,470.0
5460,CN(C)CCCN1c2ccccc2Sc2ccc(C(F)(F)F)cc21,CO,463.0
5461,CN(C)CCCN1c2ccccc2Sc2ccc(C(F)(F)F)cc21,O,475.0
5462,CN(C)CCCN1c2ccccc2Sc2ccc(Cl)cc21,CC#N,451.0
5463,CN(C)CCCN1c2ccccc2Sc2ccc(Cl)cc21,CO,449.0
5464,CN(C)CCCN1c2ccccc2Sc2ccc(Cl)cc21,O,453.0
5465,CN(C)CCCN1c2ccccc2Sc2ccccc21,CC#N,444.0
5466,CN(C)CCCN1c2ccccc2Sc2ccccc21,CO,444.0
5467,CN(C)CCCN1c2ccccc2Sc2ccccc21,O,452.0
9497,CSc1ccc2c(c1)N(CCCN(C)C)c1ccccc1S2,O,475.0
3795,CCCCn1c(-c2ccc(-c3nnc(-c4ccccc4)o3)cc2)nc2c3ccccc3c3ccccc3c21,ClCCl,446.0
11058,Cc1sc(-c2ccc(-c3nc(-c4ccccc4)c(-c4ccccc4)[nH]3)cc2)c(C)c1C1=C(c2c(C)n(C)c3ccccc23)C(F)(F)C(F)(F)C1(F)F,C1CCOC1,392.0
1294,CC(C)(C)c1ccc2oc3nc4oc5cc(-n6c7ccccc7c7ccccc76)ccc5c4cc3c2c1,ClC(Cl)Cl,396.0
1302,CC(C)(C)c1cccc2c1oc1nc3oc4cc(-n5c6ccccc6c6ccccc65)ccc4c3cc12,ClC(Cl)Cl,397.0
13905,O=c1c2cc3[nH]c4c(S(=O)(=O)O)cc(S(=O)(=O)O)cc4c(=O)c3cc2[nH]c2c(S(=O)(=O)O)cc(S(=O)(=O)O)cc12,O,550.0
4727,CCOC(=O)CCCCCn1c2ccc(C)cc2c(=O)c2cc3c(cc21)c(=O)c1cc(C)ccc1n3CCCCCC(=O)OCC,CO,565.0
4728,CCOC(=O)CCCCCn1c2ccc(Cl)cc2c(=O)c2cc3c(cc21)c(=O)c1cc(Cl)ccc1n3CCCCCC(=O)OCC,CO,556.0
4729,CCOC(=O)CCCCCn1c2ccc(F)cc2c(=O)c2cc3c(cc21)c(=O)c1cc(F)ccc1n3CCCCCC(=O)OCC,CO,566.0
4731,CCOC(=O)CCCCCn1c2ccc(N)cc2c(=O)c2cc3c(cc21)c(=O)c1cc(N)ccc1n3CCCCCC(=O)OCC,ClCCl,608.0
4732,CCOC(=O)CCCCCn1c2ccc(OC)cc2c(=O)c2cc3c(cc21)c(=O)c1cc(OC)ccc1n3CCCCCC(=O)OCC,CCO,592.0
4733,CCOC(=O)CCCCCn1c2ccc([N+](=O)[O-])cc2c(=O)c2cc3c(cc21)c(=O)c1cc([N+](=O)[O-])ccc1n3CCCCCC(=O)OCC,ClCCl,553.0
4736,CCOC(=O)CCCCCn1c2ccccc2c(=O)c2cc3c(cc21)c(=O)c1cc(I)ccc1n3CCCCCC(=O)OCC,CO,558.0
4737,CCOC(=O)CCCCCn1c2ccccc2c(=O)c2cc3c(cc21)c(=O)c1ccccc1n3CC,CO,550.0
4738,CCOC(=O)CCCCCn1c2ccccc2c(=O)c2cc3c(cc21)c(=O)c1ccccc1n3CCCCCC(=O)OCC,CO,560.0
5286,CCn1c2ccc(S(=O)(=O)O)cc2c(=O)c2cc3c(cc21)c(=O)c1cc(S(=O)(=O)O)ccc1n3CCCCCC(=O)O,O,559.0
12755,O=C(O)CCCCCn1c2ccc(Br)cc2c(=O)c2cc3c(cc21)c(=O)c1cc(Br)ccc1n3CCCCCC(=O)O,CO,555.0
8375,COc1ccc(-c2sc3c(c2Br)=[N+]2C(=C(C(F)(F)F)c4c(Br)c5sc(-c6ccc(OC)cc6)c(Br)c5n4[B-]2(F)F)C=3Br)cc1,C1CCOC1,770.0
8376,COc1ccc(-c2sc3c(c2Br)=[N+]2C(=C(C(F)(F)F)c4c(Br)c5sc(-c6ccc(OC)cc6)c(Br)c5n4[B-]2(F)F)C=3Br)cc1,ClC(Cl)Cl,820.0
8377,COc1ccc(-c2sc3c(c2Br)=[N+]2C(=C(C(F)(F)F)c4cc5sc(-c6ccc(OC)cc6)c(Br)c5n4[B-]2(F)F)C=3)cc1,C1CCOC1,754.0
8185,COc1ccc(-c2cc3c(s2)=CC2=C(C(F)(F)F)c4cc5sc(-c6ccc(OC)cc6)cc5n4[B-](F)(F)[N+]=32)cc1,C1CCOC1,754.0
8186,COc1ccc(-c2cc3c(s2)=CC2=C(C(F)(F)F)c4cc5sc(-c6ccc(OC)cc6)cc5n4[B-](F)(F)[N+]=32)cc1,ClC(Cl)Cl,754.0
8378,COc1ccc(-c2sc3c(c2Br)=[N+]2C(=C(C(F)(F)F)c4cc5sc(-c6ccc(OC)cc6)c(Br)c5n4[B-]2(F)F)C=3)cc1,ClC(Cl)Cl,754.0
14940,c1ccc(C2=C3c4ccccc4C4=[N+]3[B-]3(Oc5ccccc54)Oc4ccccc4-c4c5ccccc5c2n43)cc1,ClCCl,733.0
13332,O=C1c2ccccc2C(=O)N1c1ccc(Cn2cncn2)cc1,CCO,422.0
13333,O=C1c2ccccc2C(=O)N1c1ccc(Cn2cncn2)cc1,CCOC(C)=O,355.0
13334,O=C1c2ccccc2C(=O)N1c1ccc(Cn2cncn2)cc1,CCOCC,339.0
13335,O=C1c2ccccc2C(=O)N1c1ccc(Cn2cncn2)cc1,CN(C)C=O,503.0
13336,O=C1c2ccccc2C(=O)N1c1ccc(Cn2cncn2)cc1,CO,440.0
13337,O=C1c2ccccc2C(=O)N1c1ccc(Cn2cncn2)cc1,CS(C)=O,563.0
13338,O=C1c2ccccc2C(=O)N1c1ccc(Cn2cncn2)cc1,Cc1ccccc1,323.0
13339,O=C1c2ccccc2C(=O)N1c1ccc(Cn2cncn2)cc1,ClCCl,367.0
13325,O=C1c2ccccc2C(=O)N1c1ccc(Cn2cncn2)cc1,C1CCOC1,361.0
13326,O=C1c2ccccc2C(=O)N1c1ccc(Cn2cncn2)cc1,C1COCCO1,313.0
13327,O=C1c2ccccc2C(=O)N1c1ccc(Cn2cncn2)cc1,CC#N,471.0
13328,O=C1c2ccccc2C(=O)N1c1ccc(Cn2cncn2)cc1,CC(C)=O,407.0
13329,O=C1c2ccccc2C(=O)N1c1ccc(Cn2cncn2)cc1,CC(C)O,427.0
13330,O=C1c2ccccc2C(=O)N1c1ccc(Cn2cncn2)cc1,CCCCCC,310.0
13331,O=C1c2ccccc2C(=O)N1c1ccc(Cn2cncn2)cc1,CCCCO,402.0
10323,Cc1ccc(-c2nc3c([nH]2)C2=CC(=O)S[C@]2(C)[C@@]2(C)SC(=O)C=C32)cc1,CC#N,520.0
9532,C[C@]12SC(=O)C=C1c1nc(-c3ccc(Cl)cc3)[nH]c1C1=CC(=O)S[C@@]12C,CC#N,509.0
9533,C[C@]12SC(=O)C=C1c1nc(-c3ccc(Cl)cc3Cl)[nH]c1C1=CC(=O)S[C@@]12C,CC#N,500.0
9534,C[C@]12SC(=O)C=C1c1nc(-c3ccc(O)cc3)[nH]c1C1=CC(=O)S[C@@]12C,CC#N,536.0
9535,C[C@]12SC(=O)C=C1c1nc(-c3ccccc3)[nH]c1C1=CC(=O)S[C@@]12C,CC#N,513.0
9280,COc1cccc(-c2nc3c([nH]2)C2=CC(=O)S[C@]2(C)[C@@]2(C)SC(=O)C=C32)c1OC,CC#N,520.0
9536,C[C@]12SC(=O)C=C1c1nc(-c3ccccc3O)[nH]c1C1=CC(=O)S[C@@]12C,CC#N,407.0
8327,COc1ccc(-c2nc3c([nH]2)C2=CC(=O)S[C@]2(C)[C@@]2(C)SC(=O)C=C32)cc1,CC#N,533.0
9388,COc1ccccc1-c1nc2c([nH]1)C1=CC(=O)S[C@]1(C)[C@@]1(C)SC(=O)C=C21,CC#N,505.0
1349,CC(C)[Si](C#Cc1c2cc3ccccc3cc2c(C#C[Si](C(C)C)(C(C)C)C(C)C)c2nc3c(nc12)C1c2ccccc2C3c2ccccc21)(C(C)C)C(C)C,CCCCCC,548.0
5524,CN(C)CCNc1ccc2c3c(cccc13)C(=O)N(c1ccc(O)cc1)C2=O,CC#N,516.0
5525,CN(C)CCNc1ccc2c3c(cccc13)C(=O)N(c1ccc(O)cc1)C2=O,CN(C)C=O,523.0
3668,CCCCNc1ccc2c3c(cccc13)C(=O)N(c1ccc(O)cc1)C2=O,CC#N,518.0
3669,CCCCNc1ccc2c3c(cccc13)C(=O)N(c1ccc(O)cc1)C2=O,CN(C)C=O,520.0
3670,CCCCNc1ccc2c3c(cccc13)C(=O)N(c1ccc(O)cc1)C2=O,ClC(Cl)Cl,497.0
5526,CN(C)CCNc1ccc2c3c(cccc13)C(=O)N(c1ccc(O)cc1)C2=O,ClC(Cl)Cl,498.0
11958,N#Cc1c(N2CCCC2)cc(-c2ccccc2)c2c1-c1ccccc1C2=O,C1CCOC1,527.0
6701,CN(CCO)c1ccc(/C=C/C2=C(C#N)C(C(C#N)C#N)OC2(C)C)cc1,CS(C)=O,665.0
6702,CN(CCO)c1ccc(/C=C/C2=C(C#N)C(C(C#N)C#N)OC2(C)C)cc1,Cc1ccccc1,614.0
6703,CN(CCO)c1ccc(/C=C/C2=C(C#N)C(C(C#N)C#N)OC2(C)C)cc1,ClCCl,629.0
6704,CN(CCO)c1ccc(/C=C/C2=C(C#N)C(C(C#N)C#N)OC2(C)C)cc1,O,648.0
6695,CN(CCO)c1ccc(/C=C/C2=C(C#N)C(C(C#N)C#N)OC2(C)C)cc1,CC#N,646.0
6696,CN(CCO)c1ccc(/C=C/C2=C(C#N)C(C(C#N)C#N)OC2(C)C)cc1,CC(C)=O,640.0
6697,CN(CCO)c1ccc(/C=C/C2=C(C#N)C(C(C#N)C#N)OC2(C)C)cc1,CCO,644.0
6698,CN(CCO)c1ccc(/C=C/C2=C(C#N)C(C(C#N)C#N)OC2(C)C)cc1,CCOC(C)=O,628.0
6699,CN(CCO)c1ccc(/C=C/C2=C(C#N)C(C(C#N)C#N)OC2(C)C)cc1,CN(C)C=O,656.0
6700,CN(CCO)c1ccc(/C=C/C2=C(C#N)C(C(C#N)C#N)OC2(C)C)cc1,CO,644.0
963,CC(C)(C)c1ccc(-c2nc3c4ccc(-c5c6ccccc6cc6ccccc56)cc4c4cc(-c5c6ccccc6cc6ccccc56)ccc4c3n2-c2ccc(C(C)(C)C)cc2)cc1,C1CCOC1,428.0
964,CC(C)(C)c1ccc(-c2nc3c4ccc(-c5c6ccccc6cc6ccccc56)cc4c4cc(-c5c6ccccc6cc6ccccc56)ccc4c3n2-c2ccc(C(C)(C)C)cc2)cc1,C1COCCO1,429.0
965,CC(C)(C)c1ccc(-c2nc3c4ccc(-c5c6ccccc6cc6ccccc56)cc4c4cc(-c5c6ccccc6cc6ccccc56)ccc4c3n2-c2ccc(C(C)(C)C)cc2)cc1,CC#N,455.0
966,CC(C)(C)c1ccc(-c2nc3c4ccc(-c5c6ccccc6cc6ccccc56)cc4c4cc(-c5c6ccccc6cc6ccccc56)ccc4c3n2-c2ccc(C(C)(C)C)cc2)cc1,CCCCCC,419.0
967,CC(C)(C)c1ccc(-c2nc3c4ccc(-c5c6ccccc6cc6ccccc56)cc4c4cc(-c5c6ccccc6cc6ccccc56)ccc4c3n2-c2ccc(C(C)(C)C)cc2)cc1,CCCCOCCCC,424.0
968,CC(C)(C)c1ccc(-c2nc3c4ccc(-c5c6ccccc6cc6ccccc56)cc4c4cc(-c5c6ccccc6cc6ccccc56)ccc4c3n2-c2ccc(C(C)(C)C)cc2)cc1,CCN(CC)CC,421.0
969,CC(C)(C)c1ccc(-c2nc3c4ccc(-c5c6ccccc6cc6ccccc56)cc4c4cc(-c5c6ccccc6cc6ccccc56)ccc4c3n2-c2ccc(C(C)(C)C)cc2)cc1,CCOC(C)=O,429.0
970,CC(C)(C)c1ccc(-c2nc3c4ccc(-c5c6ccccc6cc6ccccc56)cc4c4cc(-c5c6ccccc6cc6ccccc56)ccc4c3n2-c2ccc(C(C)(C)C)cc2)cc1,CCOCC,424.0
971,CC(C)(C)c1ccc(-c2nc3c4ccc(-c5c6ccccc6cc6ccccc56)cc4c4cc(-c5c6ccccc6cc6ccccc56)ccc4c3n2-c2ccc(C(C)(C)C)cc2)cc1,CN(C)C=O,451.0
972,CC(C)(C)c1ccc(-c2nc3c4ccc(-c5c6ccccc6cc6ccccc56)cc4c4cc(-c5c6ccccc6cc6ccccc56)ccc4c3n2-c2ccc(C(C)(C)C)cc2)cc1,Cc1ccccc1,428.0
973,CC(C)(C)c1ccc(-c2nc3c4ccc(-c5c6ccccc6cc6ccccc56)cc4c4cc(-c5c6ccccc6cc6ccccc56)ccc4c3n2-c2ccc(C(C)(C)C)cc2)cc1,ClC=C(Cl)Cl,429.0
974,CC(C)(C)c1ccc(-c2nc3c4ccc(-c5c6ccccc6cc6ccccc56)cc4c4cc(-c5c6ccccc6cc6ccccc56)ccc4c3n2-c2ccc(C(C)(C)C)cc2)cc1,ClCCl,442.0
14959,c1ccc(C[n+]2cc3ccc4c[n+](Cc5ccccc5)cc5ccc(c2)c3c45)cc1,CC#N,427.0
9846,Cc1cc(=O)oc2c3c4c(cc12)CCCN4CCC3,C1CCCCC1,407.0
9847,Cc1cc(=O)oc2c3c4c(cc12)CCCN4CCC3,CC#N,450.0
9848,Cc1cc(=O)oc2c3c4c(cc12)CCCN4CCC3,CCO,473.0
9849,Cc1cc(=O)oc2c3c4c(cc12)CCCN4CCC3,O,489.0
13951,O=c1cc(C(F)(F)F)c2cc3c4c(c2o1)CCCN4CCC3,C1CCCCC1,455.0
13952,O=c1cc(C(F)(F)F)c2cc3c4c(c2o1)CCCN4CCC3,CC#N,521.0
13953,O=c1cc(C(F)(F)F)c2cc3c4c(c2o1)CCCN4CCC3,CCO,531.0
13954,O=c1cc(C(F)(F)F)c2cc3c4c(c2o1)CCCN4CCC3,CCOC(C)=O,501.0
13955,O=c1cc(C(F)(F)F)c2cc3c4c(c2o1)CCCN4CCC3,OCC(O)CO,546.0
4210,CCN(CC)c1ccc2cc(-c3ccc(-c4ccc5ccc6c(-c7ccc(-c8cc9ccc(N(CC)CC)cc9oc8=O)cc7)ccc7ccc4c5c76)cc3)c(=O)oc2c1,ClC(Cl)Cl,475.0
929,CC(C)(C)c1ccc(-c2c3cccc4c(-c5ccccc5)cc5c(-c6ccc(C(C)(C)C)cc6)c6cccc7c(-c8ccccc8)cc2c(c76)c5c43)cc1,ClCCl,465.0
10898,Cc1ccccc1-c1c2cccc3c(-c4ccc(C(C)(C)C)cc4)cc4c(-c5ccccc5C)c5cccc6c(-c7ccc(C(C)(C)C)cc7)cc1c(c65)c4c32,ClCCl,455.0
14595,c1ccc(-c2cc3c(-c4ccccc4)c4cccc5c(-c6ccccc6)cc6c(-c7ccccc7)c7cccc2c7c3c6c54)cc1,ClCCl,462.0
942,CC(C)(C)c1ccc(-c2cc3c(-c4ccc(C(C)(C)C)cc4)c4cccc5c(-c6ccc(C(C)(C)C)cc6)cc6c(-c7ccc(C(C)(C)C)cc7)c7cccc2c7c3c6c54)cc1,CC#N,464.0
943,CC(C)(C)c1ccc(-c2cc3c(-c4ccc(C(C)(C)C)cc4)c4cccc5c(-c6ccc(C(C)(C)C)cc6)cc6c(-c7ccc(C(C)(C)C)cc7)c7cccc2c7c3c6c54)cc1,CO,462.0
944,CC(C)(C)c1ccc(-c2cc3c(-c4ccc(C(C)(C)C)cc4)c4cccc5c(-c6ccc(C(C)(C)C)cc6)cc6c(-c7ccc(C(C)(C)C)cc7)c7cccc2c7c3c6c54)cc1,Cc1ccccc1,467.0
6484,CN(C)c1ccc2c(c1)COc1c-2oc2ccccc2c1=O,C1CCCCC1,411.4285714
6485,CN(C)c1ccc2c(c1)COc1c-2oc2ccccc2c1=O,CC#N,490.2142857
6486,CN(C)c1ccc2c(c1)COc1c-2oc2ccccc2c1=O,CCOC(C)=O,462.5357143
6487,CN(C)c1ccc2c(c1)COc1c-2oc2ccccc2c1=O,Cc1ccccc1,441.0
3634,CCCCN1C(=O)C2=C(c3ccc(-c4ccc5c(c4)C(C)(C)c4ccccc4-5)cc3)NC(=O)C2=C1c1ccc(-c2ccc3c(c2)C(C)(C)c2ccccc2-3)cc1,ClCCl,563.0
9775,Cc1cc(-c2ccc(-n3c4ccccc4c4ccccc43)cc2)nc(-c2ccc(-n3c4ccccc4c4ccccc43)cc2)n1,C1CCOC1,423.0
9776,Cc1cc(-c2ccc(-n3c4ccccc4c4ccccc43)cc2)nc(-c2ccc(-n3c4ccccc4c4ccccc43)cc2)n1,CN(C)C=O,461.0
9777,Cc1cc(-c2ccc(-n3c4ccccc4c4ccccc43)cc2)nc(-c2ccc(-n3c4ccccc4c4ccccc43)cc2)n1,Cc1ccccc1,398.0
9778,Cc1cc(-c2ccc(-n3c4ccccc4c4ccccc43)cc2)nc(-c2ccc(-n3c4ccccc4c4ccccc43)cc2)n1,ClC(Cl)Cl,426.0
8880,COc1ccc(C2=c3sc(-c4ccc(OC)cc4)c(-c4ccc(OC)cc4)c3=[N+]3C2=Nc2c(-c4ccc(OC)cc4)c4sc(-c5ccc(OC)cc5)c(-c5ccc(OC)cc5)c4n2[B-]3(F)F)cc1,ClC(Cl)Cl,816.0
1098,CC(C)(C)c1ccc(C2=c3sc(-c4ccc(C(C)(C)C)cc4)c(-c4ccc(C(C)(C)C)cc4)c3=[N+]3C2=Nc2c(-c4ccc(C(C)(C)C)cc4)c4sc(-c5ccc(C(C)(C)C)cc5)c(-c5ccc(C(C)(C)C)cc5)c4n2[B-]3(F)F)cc1,ClC(Cl)Cl,807.0
10991,Cc1nc2c(c[n+]1C)CN1C(=O)N([C@H]3O[C@@H](CO)[C@H](O)[C@@H]3O)C=CC1=N2,CC(C)=O,418.0
10992,Cc1nc2c(c[n+]1C)CN1C(=O)N([C@H]3O[C@@H](CO)[C@H](O)[C@@H]3O)C=CC1=N2,CCCCO,417.0
10993,Cc1nc2c(c[n+]1C)CN1C(=O)N([C@H]3O[C@@H](CO)[C@H](O)[C@@H]3O)C=CC1=N2,CCCO,417.0
10994,Cc1nc2c(c[n+]1C)CN1C(=O)N([C@H]3O[C@@H](CO)[C@H](O)[C@@H]3O)C=CC1=N2,CCO,417.0
10995,Cc1nc2c(c[n+]1C)CN1C(=O)N([C@H]3O[C@@H](CO)[C@H](O)[C@@H]3O)C=CC1=N2,CO,417.0
10996,Cc1nc2c(c[n+]1C)CN1C(=O)N([C@H]3O[C@@H](CO)[C@H](O)[C@@H]3O)C=CC1=N2,O,414.0
10997,Cc1nc2c(c[n+]1C)CN1C(=O)N([C@H]3O[C@@H](CO)[C@H](O)[C@@H]3O)C=CC1=N2,[2H]OC,417.0
10998,Cc1nc2c(c[n+]1C)CN1C(=O)N([C@H]3O[C@@H](CO)[C@H](O)[C@@H]3O)C=CC1=N2,[2H]OCC,417.0
10999,Cc1nc2c(c[n+]1C)CN1C(=O)N([C@H]3O[C@@H](CO)[C@H](O)[C@@H]3O)C=CC1=N2,[2H]O[2H],414.0
658,CC(=O)OC[C@@H]1O[C@H](N2C=CC3=Nc4nc(C)[n+](C)cc4CN3C2=O)[C@@H](O)[C@H]1O,CC#N,416.0
659,CC(=O)OC[C@@H]1O[C@H](N2C=CC3=Nc4nc(C)[n+](C)cc4CN3C2=O)[C@@H](O)[C@H]1O,CCO,418.0
660,CC(=O)OC[C@@H]1O[C@H](N2C=CC3=Nc4nc(C)[n+](C)cc4CN3C2=O)[C@@H](O)[C@H]1O,O,414.0
10990,Cc1nc2c(c[n+]1C)CN1C(=O)N([C@H]3O[C@@H](CO)[C@H](O)[C@@H]3O)C=CC1=N2,CC#N,416.0
4126,CCN(CC)c1ccc2c(-c3ccccc3C(=O)O)c3c([o+]c2c1)/C(=C/c1ccc(N(C)C)cc1)CCC3,ClCCl,757.0
9127,COc1ccc2c3c(c4ccc(OC)cc4c2c1)C(C)(C)c1sccc1-3,C1CCCCC1,402.0
4260,CCN(CC)c1ccc2cc(-c3nc4ccccc4n3-c3ccccc3)c(=O)oc2c1,ClCCl,479.0
1811,CC1(C)c2ccccc2N(c2ccc(-c3nnc(-c4ccccc4)o3)cc2)c2ccccc21,Cc1ccccc1,450.0
1812,CC1(C)c2ccccc2N(c2ccc(-c3nnc(-c4ccccc4)o3)cc2)c2ccccc21,c1ccc(-n2c(-c3c(-n4c5ccccc5c5ccccc54)cccc3-n3c4ccccc4c4ccccc43)nc3ccccc32)cc1,455.0
1813,CC1(C)c2ccccc2N(c2ccc(-c3nnc(-c4ccccc4O)o3)cc2)c2ccccc21,C1CCOC1,506.0
1814,CC1(C)c2ccccc2N(c2ccc(-c3nnc(-c4ccccc4O)o3)cc2)c2ccccc21,C1COCCO1,479.0
1815,CC1(C)c2ccccc2N(c2ccc(-c3nnc(-c4ccccc4O)o3)cc2)c2ccccc21,CC#N,553.0
1816,CC1(C)c2ccccc2N(c2ccc(-c3nnc(-c4ccccc4O)o3)cc2)c2ccccc21,CC(C)=O,539.0
1817,CC1(C)c2ccccc2N(c2ccc(-c3nnc(-c4ccccc4O)o3)cc2)c2ccccc21,CCCCCC,424.0
1818,CC1(C)c2ccccc2N(c2ccc(-c3nnc(-c4ccccc4O)o3)cc2)c2ccccc21,CCN(CC)CC,447.0
1819,CC1(C)c2ccccc2N(c2ccc(-c3nnc(-c4ccccc4O)o3)cc2)c2ccccc21,CCO,547.0
1820,CC1(C)c2ccccc2N(c2ccc(-c3nnc(-c4ccccc4O)o3)cc2)c2ccccc21,CCOC(C)=O,504.0
1821,CC1(C)c2ccccc2N(c2ccc(-c3nnc(-c4ccccc4O)o3)cc2)c2ccccc21,CN(C)C=O,546.0
1822,CC1(C)c2ccccc2N(c2ccc(-c3nnc(-c4ccccc4O)o3)cc2)c2ccccc21,CS(C)=O,553.0
1823,CC1(C)c2ccccc2N(c2ccc(-c3nnc(-c4ccccc4O)o3)cc2)c2ccccc21,Cc1ccccc1,462.0
1824,CC1(C)c2ccccc2N(c2ccc(-c3nnc(-c4ccccc4O)o3)cc2)c2ccccc21,ClC(Cl)Cl,502.0
1825,CC1(C)c2ccccc2N(c2ccc(-c3nnc(-c4ccccc4O)o3)cc2)c2ccccc21,ClCCCl,521.0
1826,CC1(C)c2ccccc2N(c2ccc(-c3nnc(-c4ccccc4O)o3)cc2)c2ccccc21,ClCCl,519.0
1827,CC1(C)c2ccccc2N(c2ccc(-c3nnc(-c4ccccc4O)o3)cc2)c2ccccc21,Clc1ccccc1,492.0
1757,CC1(C)c2ccccc2N(c2c(F)cc(-c3nnc(-c4ccccc4)o3)cc2F)c2ccccc21,Cc1ccccc1,490.0
1758,CC1(C)c2ccccc2N(c2c(F)cc(-c3nnc(-c4ccccc4)o3)cc2F)c2ccccc21,O=P(c1ccccc1)(c1ccccc1)c1ccccc1Oc1ccccc1P(=O)(c1ccccc1)c1ccccc1,495.0
1363,CC(C)[Si](C#Cc1c2ccccc2c(C#C[Si](C(C)C)(C(C)C)C(C)C)c2nc3c(ccc4cc5ccccc5cc43)nc12)(C(C)C)C(C)C,CCCCCC,548.0
15177,c1ccc2c(c1)Cc1cc3c(cc1-2)Cc1ccccc1-3,C1CCCCC1,340.0
15178,c1ccc2c(c1)Cc1cc3c(cc1-2)Cc1ccccc1-3,ClCCl,356.0
10800,Cc1ccc2nc3cc4c(cc3c(-c3ccccc3)c2c1)[Si](C)(C)O[Si]4(C)C,ClCCl,504.0
9619,C[Si]1(C)O[Si](C)(C)c2cc3c(-c4ccc(F)cc4)c4ccccc4nc3cc21,ClCCl,503.0
9620,C[Si]1(C)O[Si](C)(C)c2cc3c(-c4ccccc4)c4cc([N+](=O)[O-])ccc4nc3cc21,ClCCl,521.0
9621,C[Si]1(C)O[Si](C)(C)c2cc3c(-c4ccccc4)c4ccccc4nc3cc21,ClCCl,502.0
9622,C[Si]1(C)O[Si](C)(C)c2cc3c(-c4ccccc4F)c4cc(Cl)ccc4nc3cc21,ClCCl,498.0
1350,CC(C)[Si](C#Cc1c2cc3ccccc3cc2c(C#C[Si](C(C)C)(C(C)C)C(C)C)c2nc3c(nc12)Cc1ccccc1-3)(C(C)C)C(C)C,CCCCCC,584.0
3322,CCCCCCN(CCCCCC)c1ccc(C#Cc2ccc(-c3ccc(C#Cc4ccc(N(CCCCCC)CCCCCC)cc4)cc3)cc2)cc1,Cc1ccccc1,424.0
8207,COc1ccc(-c2cc3oc(=O)cc(C)c3cc2-c2ccc(OC)c(OC)c2)cc1OC,C1CCOC1,457.0
2740,CCCC1(CCC)c2cc(-c3cccc(Cc4ccc(/C=C/c5ccccc5)cc4)c3)ccc2-c2ccc(-c3cccc(Cc4ccc(/C=C/c5ccccc5)cc4)c3)cc21,C1CCCCC1,359.0
223,C(=C/c1ccc(/C=C/c2c3ccccc3cc3ccccc23)cc1)\c1ccncc1,C1CCOC1,515.0
1798,CC1(C)c2ccccc2N(c2ccc(-c3nc(-c4ccccc4)cc(-c4ccccc4)n3)cc2)c2ccccc21,Cc1ccccc1,454.8309179
13258,O=C1c2ccccc2-c2c(-c3ccc([N+](=O)[O-])cc3)c(-c3ccc([N+](=O)[O-])cc3)c(-c3ccccc3)c3cccc1c23,CC#N,496.0
13259,O=C1c2ccccc2-c2c(-c3ccc([N+](=O)[O-])cc3)c(-c3ccc([N+](=O)[O-])cc3)c(-c3ccccc3)c3cccc1c23,CO,509.0
13263,O=C1c2ccccc2-c2c(-c3ccccc3)c(-c3ccccc3)c(-c3ccccc3)c3cccc1c23,CC#N,498.0
13264,O=C1c2ccccc2-c2c(-c3ccccc3)c(-c3ccccc3)c(-c3ccccc3)c3cccc1c23,CO,521.0
8107,COc1ccc(-c2c(-c3ccc(OC)cc3)c3c4c(cccc4c2-c2ccccc2)C(=O)c2ccccc2-3)cc1,CC#N,527.0
8108,COc1ccc(-c2c(-c3ccc(OC)cc3)c3c4c(cccc4c2-c2ccccc2)C(=O)c2ccccc2-3)cc1,CO,579.0
15181,c1ccc2c(c1)Nc1ccccc1B2c1c2ccccc2cc2ccccc12,ClCCl,424.0
3741,CCCCc1cc(-c2cccc(COC)c2)oc1-c1cccc(COC)c1,ClC(Cl)Cl,363.0
10896,Cc1ccccc1-c1c2ccc(=[N+]3CCOCC3)cc-2oc2cc(N3CCOCC3)ccc12,CCO,582.0
10897,Cc1ccccc1-c1c2ccc(=[N+]3CCOCC3)cc-2oc2cc(N3CCOCC3)ccc12,ClCCl,575.0
491,C1=CN2C[n+]3cccc(OCc4ccccc4)c3N=C2C(OCc2ccccc2)=C1,CO,487.0
13853,O=c1[nH]c2[n+](c3ccccc13)[B-](F)(F)Oc1ccccc1-2,CC#N,420.0
890,CC(C)(C)c1cc2c(c(C(C)(C)C)c1)O[B-](F)(F)[n+]1c-2[nH]c(=O)c2ccccc21,CC#N,455.0
891,CC(C)(C)c1cc2c(c(C(C)(C)C)c1)O[B-](F)(F)[n+]1c-2[nH]c(=O)c2ccccc21,Cc1ccccc1,441.0
13854,O=c1[nH]c2[n+](c3ccccc13)[B-](F)(F)Oc1ccccc1-2,Cc1ccccc1,423.0
9044,COc1ccc2c(c1)C(C)(C)c1c-2c2ccc(OC)cc2c2cc(OC)ccc12,C1CCCCC1,398.0
3278,CCCCCCCCOc1ccc2c3c(c4ccc(OCCCCCCCC)cc4c2c1)C(C)(C)c1ccccc1-3,C1CCCCC1,390.0
9126,COc1ccc2c3c(c4ccc(OC)cc4c2c1)C(C)(C)c1ccccc1-3,C1CCCCC1,391.0
12032,N#Cc1cc(-n2c3ccccc3c3ccccc32)nc(-n2c3ccccc3c3ccccc32)n1,Cc1ccccc1,471.0
10230,Cc1ccc(-c2c3nc(c(-c4ccc(C)cc4)c4ccc([nH]4)c(-c4ccco4)c4nc(c(-c5ccc(C)cc5)c5ccc2[nH]5)C=C4)C=C3)cc1,ClCCl,659.0
15272,c1ccc2cc(-n3cnc4ccccc43)ccc2c1,C1CCCCC1,374.0
15273,c1ccc2cc(-n3cnc4ccccc43)ccc2c1,C1CCOC1,374.0
15274,c1ccc2cc(-n3cnc4ccccc43)ccc2c1,CC#N,376.0
15275,c1ccc2cc(-n3cnc4ccccc43)ccc2c1,CCO,376.0
15276,c1ccc2cc(-n3cnc4ccccc43)ccc2c1,CCOC(C)=O,375.0
15277,c1ccc2cc(-n3cnc4ccccc43)ccc2c1,CCOCC,376.0
15278,c1ccc2cc(-n3cnc4ccccc43)ccc2c1,CO,377.0
15279,c1ccc2cc(-n3cnc4ccccc43)ccc2c1,Cc1ccccc1,374.0
15280,c1ccc2cc(-n3cnc4ccccc43)ccc2c1,ClC(Cl)Cl,375.0
320,C(=C/c1cnc2ccccc2n1)\c1ccc(N(c2ccccc2)c2ccccc2)cc1,CS(C)=O,598.0
321,C(=C/c1cnc2ccccc2n1)\c1ccc(N(c2ccccc2)c2ccccc2)cc1,ClCCl,565.0
318,C(=C/c1cnc2ccccc2n1)\c1ccc(N(c2ccccc2)c2ccccc2)cc1,C1CCOC1,535.0
319,C(=C/c1cnc2ccccc2n1)\c1ccc(N(c2ccccc2)c2ccccc2)cc1,CCCCCCC,461.0
6637,CN(C)c1ccc2nc3c(cc2c1)c(-c1ccccc1)nn3-c1ccccc1,CC(C)=O,552.7915976
6638,CN(C)c1ccc2nc3c(cc2c1)c(-c1ccccc1)nn3-c1ccccc1,CCCCCl,515.995872
6639,CN(C)c1ccc2nc3c(cc2c1)c(-c1ccccc1)nn3-c1ccccc1,CCCCOCCCC,498.7531172
6640,CN(C)c1ccc2nc3c(cc2c1)c(-c1ccccc1)nn3-c1ccccc1,CN(C)C=O,566.893424
14836,c1ccc(-c2nn(-c3ccccc3)c3nc4ccccc4cc23)cc1,CCCCCl,462.962963
14837,c1ccc(-c2nn(-c3ccccc3)c3nc4ccccc4cc23)cc1,CCCCOCCCC,454.9590537
14838,c1ccc(-c2nn(-c3ccccc3)c3nc4ccccc4cc23)cc1,CN(C)C=O,476.6444233
14832,c1ccc(-c2nn(-c3ccccc3)c3nc4ccccc4cc23)cc1,C1CCCCC1,443.6557232
14833,c1ccc(-c2nn(-c3ccccc3)c3nc4ccccc4cc23)cc1,C1CCOC1,467.7268475
14834,c1ccc(-c2nn(-c3ccccc3)c3nc4ccccc4cc23)cc1,CC#N,478.0114723
14835,c1ccc(-c2nn(-c3ccccc3)c3nc4ccccc4cc23)cc1,CC(C)=O,472.5897921
6634,CN(C)c1ccc2nc3c(cc2c1)c(-c1ccccc1)nn3-c1ccccc1,C1CCCCC1,444.4444444
6635,CN(C)c1ccc2nc3c(cc2c1)c(-c1ccccc1)nn3-c1ccccc1,C1CCOC1,534.1880342
6636,CN(C)c1ccc2nc3c(cc2c1)c(-c1ccccc1)nn3-c1ccccc1,CC#N,561.4823133
1987,CC1=CC(/C=C/c2ccc3ccc4cccc5ccc2c3c45)=[N+]2C1=C(c1ccccc1)c1c(C)cc(/C=C/c3ccc4ccc5cccc6ccc3c4c56)n1[B-]2(F)F,CC1CCCO1,720.0
11341,F[B-]1(F)Oc2c(-c3cccc4c3O[B-](F)(F)[n+]3c(-c5ccccc5)c(-c5ccccc5)n(-c5ccc(C(F)(F)F)cc5)c3-4)cccc2-c2n(-c3ccc(C(F)(F)F)cc3)c(-c3ccccc3)c(-c3ccccc3)[n+]21,C1CCOC1,399.0
15258,c1ccc2cc(-c3c4ccccc4c(-c4nccc5ccccc45)c4ccccc34)ccc2c1,ClCCl,418.0
65,C#CCn1c2ccccc2c2cc(/C=C/C3=[N+]4C(=C(c5ccc(I)cc5)c5c(C)c(Cl)c(/C=C/c6ccc7c(c6)c6ccccc6n7CC#C)n5[B-]4(F)F)C(C)=C3Cl)ccc21,CC#N,731.0
66,C#CCn1c2ccccc2c2cc(/C=C/C3=[N+]4C(=C(c5ccc(I)cc5)c5c(C)c(Cl)c(/C=C/c6ccc7c(c6)c6ccccc6n7CC#C)n5[B-]4(F)F)C(C)=C3Cl)ccc21,CS(C)=O,749.0
67,C#CCn1c2ccccc2c2cc(/C=C/C3=[N+]4C(=C(c5ccc(I)cc5)c5c(C)c(Cl)c(/C=C/c6ccc7c(c6)c6ccccc6n7CC#C)n5[B-]4(F)F)C(C)=C3Cl)ccc21,ClC(Cl)Cl,730.0
68,C#CCn1c2ccccc2c2cc(/C=C/C3=[N+]4C(=C(c5ccc(I)cc5)c5c(C)cc(/C=C/c6ccc7c(c6)c6ccccc6n7CC#C)n5[B-]4(F)F)C(C)=C3)ccc21,CC#N,688.0
69,C#CCn1c2ccccc2c2cc(/C=C/C3=[N+]4C(=C(c5ccc(I)cc5)c5c(C)cc(/C=C/c6ccc7c(c6)c6ccccc6n7CC#C)n5[B-]4(F)F)C(C)=C3)ccc21,CS(C)=O,703.0
70,C#CCn1c2ccccc2c2cc(/C=C/C3=[N+]4C(=C(c5ccc(I)cc5)c5c(C)cc(/C=C/c6ccc7c(c6)c6ccccc6n7CC#C)n5[B-]4(F)F)C(C)=C3)ccc21,ClC(Cl)Cl,691.0
14633,c1ccc(-c2cnc3nn4ccccc4c3c2)cc1,C1CCOC1,415.0
10313,Cc1ccc(-c2cnc3nn4ccccc4c3c2)cc1,C1CCOC1,418.0
8257,COc1ccc(-c2cnc3nn4ccccc4c3c2)cc1,C1CCOC1,423.0
743,CC(=O)c1ccc(-c2cnc3nn4ccccc4c3c2)cc1,C1CCOC1,420.0
8113,COc1ccc(-c2c3cc4ccccc4cc3c(-c3ccc(OC)cc3)c3cc4sc(C)cc4cc23)cc1,ClCCl,570.0
12352,N#Cc1nc2c3ccc(-n4c5ccccc5c5ccccc54)cc3c3cc(-n4c5ccccc5c5ccccc54)ccc3c2nc1C#N,C1COCCO1,568.057211
12353,N#Cc1nc2c3ccc(-n4c5ccccc5c5ccccc54)cc3c3cc(-n4c5ccccc5c5ccccc54)ccc3c2nc1C#N,CCCCCC,469.6066746
12354,N#Cc1nc2c3ccc(-n4c5ccccc5c5ccccc54)cc3c3cc(-n4c5ccccc5c5ccccc54)ccc3c2nc1C#N,Cc1ccccc1,531.0
12355,N#Cc1nc2c3ccc(-n4c5ccccc5c5ccccc54)cc3c3cc(-n4c5ccccc5c5ccccc54)ccc3c2nc1C#N,ClC(Cl)Cl,612.693683
12356,N#Cc1nc2c3ccc(-n4c5ccccc5c5ccccc54)cc3c3cc(-n4c5ccccc5c5ccccc54)ccc3c2nc1C#N,O=P(c1ccccc1)(c1ccccc1)c1cccc(-c2cc(-n3c4ccccc4c4ccccc43)cc(-n3c4ccccc4c4ccccc43)c2)n1,560.0
14426,[O-][n+]1c(/C=C/c2cccs2)nc(N2CCOCC2)c2c1CCCC2,ClCCl,534.0
4530,CCN1c2ccc(C3=CC(c4ccccc4)=[O+][B-](F)(F)O3)cc2Sc2cc(C3=CC(c4ccccc4)=[O+][B-](F)(F)O3)ccc21,ClCCl,639.0
11912,N#Cc1c(-c2ccccc2)cc(N2c3ccccc3Oc3ccccc32)cc1-c1ccccc1,C1CCCCC1,455.0
1889,CC1=C(C#Cc2ccc(N(c3ccccc3)c3ccccc3)cc2)C(C)=[N+]2C1=C(c1ccccc1)c1c(C)c(C#Cc3ccc(N(c4ccccc4)c4ccccc4)cc3)c(C)n1[B-]2(F)F,C1CCOC1,659.0
3646,CCCCN1C(=S)c2cccc3cccc(c23)C1=S,Cc1ccccc1,506.0
2088,CC1=CC(C)=[N+]2C1=C(c1ccccc1)c1c(C)c(-c3cccs3)c(C)n1[B-]2(F)F,ClCCl,594.0
2086,CC1=CC(C)=[N+]2C1=C(c1ccccc1)c1c(C)c(-c3cccs3)c(C)n1[B-]2(F)F,CO,600.0
2087,CC1=CC(C)=[N+]2C1=C(c1ccccc1)c1c(C)c(-c3cccs3)c(C)n1[B-]2(F)F,Cc1ccccc1,591.0
12391,NC(=O)C1=CN([C@H]2C[C@H](O)[C@@H](COP(=O)([O-])OP(=O)([O-])OC[C@H]3O[C@@H](n4cnc5c(N)ncnc54)C[C@@H]3O)O2)C=CC1,O,450.0
14772,c1ccc(-c2nc(-c3ccccn3)sc2N(c2ccccc2)c2ccccc2)cc1,ClC(Cl)Cl,482.0
10831,Cc1cccc(C)c1N1C(c2ccccc2)=Cc2ccc3ccccc3[n+]2[B-]1(F)F,ClCCl,468.0
3701,CCCCOc1ccc(-c2oc3cc4n(c3c2-c2ccc(OCCCC)cc2)[B-](F)(F)[N+]2=Cc3cc5oc(-c6ccc(OCCCC)cc6)c(-c6ccc(OCCCC)cc6)c5n3[B-](F)(F)[N+]2=C4)cc1,C1CCOC1,638.0
3702,CCCCOc1ccc(-c2oc3cc4n(c3c2-c2ccc(OCCCC)cc2)[B-](F)(F)[N+]2=Cc3cc5oc(-c6ccc(OCCCC)cc6)c(-c6ccc(OCCCC)cc6)c5n3[B-](F)(F)[N+]2=C4)cc1,CN(C)C=O,644.0
3703,CCCCOc1ccc(-c2oc3cc4n(c3c2-c2ccc(OCCCC)cc2)[B-](F)(F)[N+]2=Cc3cc5oc(-c6ccc(OCCCC)cc6)c(-c6ccc(OCCCC)cc6)c5n3[B-](F)(F)[N+]2=C4)cc1,CS(C)=O,647.0
3704,CCCCOc1ccc(-c2oc3cc4n(c3c2-c2ccc(OCCCC)cc2)[B-](F)(F)[N+]2=Cc3cc5oc(-c6ccc(OCCCC)cc6)c(-c6ccc(OCCCC)cc6)c5n3[B-](F)(F)[N+]2=C4)cc1,Cc1ccccc1,641.0
3705,CCCCOc1ccc(-c2oc3cc4n(c3c2-c2ccc(OCCCC)cc2)[B-](F)(F)[N+]2=Cc3cc5oc(-c6ccc(OCCCC)cc6)c(-c6ccc(OCCCC)cc6)c5n3[B-](F)(F)[N+]2=C4)cc1,ClC(Cl)Cl,646.0
3706,CCCCOc1ccc(-c2oc3cc4n(c3c2-c2ccc(OCCCC)cc2)[B-](F)(F)[N+]2=Cc3cc5oc(-c6ccc(OCCCC)cc6)c(-c6ccc(OCCCC)cc6)c5n3[B-](F)(F)[N+]2=C4)cc1,ClCCl,646.0
2461,CCC1(CC)c2ccccc2-c2c1c1c(c3c2C(CC)(CC)c2cc(/C=C/c4cccs4)ccc2-3)C(CC)(CC)c2cc(/C=C/c3cccs3)ccc2-1,C1CCOC1,397.0
3575,CCCCN(CCCC)c1ccc2nc3c4ccccc4c(=O)c(-c4c5ccccc5cc5ccccc45)c-3oc2c1,ClCCl,619.0
7724,COc1cc(-c2ncc(-c3ccncc3)o2)cc(OC)c1OC,ClCCl,417.0
12893,O=C(c1ccc(N(c2ccccc2)c2ccccc2)cc1)[C@H]1[C@H](c2cccs2)C[C@](O)(c2ccccn2)C[C@]1(O)c1ccccn1,C1CCOC1,501.0
12894,O=C(c1ccc(N(c2ccccc2)c2ccccc2)cc1)[C@H]1[C@H](c2cccs2)C[C@](O)(c2ccccn2)C[C@]1(O)c1ccccn1,CC#N,526.0
12895,O=C(c1ccc(N(c2ccccc2)c2ccccc2)cc1)[C@H]1[C@H](c2cccs2)C[C@](O)(c2ccccn2)C[C@]1(O)c1ccccn1,CCO,515.0
12896,O=C(c1ccc(N(c2ccccc2)c2ccccc2)cc1)[C@H]1[C@H](c2cccs2)C[C@](O)(c2ccccn2)C[C@]1(O)c1ccccn1,CCOC(C)=O,497.0
12897,O=C(c1ccc(N(c2ccccc2)c2ccccc2)cc1)[C@H]1[C@H](c2cccs2)C[C@](O)(c2ccccn2)C[C@]1(O)c1ccccn1,CN(C)C=O,523.0
12898,O=C(c1ccc(N(c2ccccc2)c2ccccc2)cc1)[C@H]1[C@H](c2cccs2)C[C@](O)(c2ccccn2)C[C@]1(O)c1ccccn1,ClCCl,520.0
12899,O=C(c1ccc(N(c2ccccc2)c2ccccc2)cc1)[C@H]1[C@H](c2cccs2)C[C@](O)(c2ccccn2)C[C@]1(O)c1ccccn1,c1ccccc1,471.0
3533,CCCCN(CCCC)c1ccc(/C=C/c2ccc3nc(-c4ccccc4)c(/C=C/c4ccc(N(C)C)cc4)nc3c2)cc1,C1COCCO1,540.0
3534,CCCCN(CCCC)c1ccc(/C=C/c2ccc3nc(-c4ccccc4)c(/C=C/c4ccc(N(C)C)cc4)nc3c2)cc1,CC#N,650.0
3535,CCCCN(CCCC)c1ccc(/C=C/c2ccc3nc(-c4ccccc4)c(/C=C/c4ccc(N(C)C)cc4)nc3c2)cc1,ClCCl,627.0
11540,F[Si](c1ccccc1)(c1ccccc1)c1cc2ccccc2c2ccccc12,C1CCOC1,353.0
8367,COc1ccc(-c2oc3cccc4c5c(-c6ccc(OC)cc6)/c(=N/S(=O)(=O)C(F)(F)F)oc6cccc(c2c34)c65)cc1,ClC(Cl)Cl,612.0
8368,COc1ccc(-c2oc3cccc4c5c(-c6ccc(OC)cc6)c(=N)oc6cccc(c2c34)c65)cc1,ClC(Cl)Cl,505.0
13626,O=S(=O)(/N=c1\oc2cccc3c4c(-c5ccccc5)oc5cccc(c(c1-c1ccccc1)c23)c54)C(F)(F)F,CCCCCC,535.0
13627,O=S(=O)(/N=c1\oc2cccc3c4c(-c5ccccc5)oc5cccc(c(c1-c1ccccc1)c23)c54)C(F)(F)F,CO,582.0
13628,O=S(=O)(/N=c1\oc2cccc3c4c(-c5ccccc5)oc5cccc(c(c1-c1ccccc1)c23)c54)C(F)(F)F,CS(C)=O,596.0
13629,O=S(=O)(/N=c1\oc2cccc3c4c(-c5ccccc5)oc5cccc(c(c1-c1ccccc1)c23)c54)C(F)(F)F,ClC(Cl)Cl,558.0
13630,O=S(=O)(/N=c1\oc2cccc3c4c(-c5ccccc5)oc5cccc(c(c1-c1ccccc1)c23)c54)C(F)(F)F,ClCCl,569.0
13631,O=S(=O)(/N=c1\oc2cccc3c4c(-c5ccccc5)oc5cccc(c(c1-c1ccccc1)c23)c54)C(F)(F)F,O,601.0
10331,Cc1ccc(-c2oc3cccc4c5c(-c6ccc(C)cc6)/c(=N/S(=O)(=O)C(F)(F)F)oc6cccc(c2c34)c65)cc1,ClC(Cl)Cl,577.0
10332,Cc1ccc(-c2oc3cccc4c5c(-c6ccc(C)cc6)c(=N)oc6cccc(c2c34)c65)cc1,ClC(Cl)Cl,495.0
12386,N=c1oc2cccc3c4c(-c5ccccc5)oc5cccc(c(c1-c1ccccc1)c23)c54,ClC(Cl)Cl,488.0
8366,COc1ccc(-c2oc3cccc4c5c(-c6ccc(OC)c(OC)c6)/c(=N/S(=O)(=O)C(F)(F)F)oc6cccc(c2c34)c65)cc1OC,ClC(Cl)Cl,613.0
7268,COC(=O)c1[nH]c(-c2ccccc2)c2nnc3c4ccccc4oc3c12,ClCCl,473.0
512,C1=Cc2ccccc2C(=Cc2ccc(-c3ccc(C=C4c5ccccc5C=Cc5ccccc54)cc3)cc2)c2ccccc21,C1CCOC1,405.0
10047,Cc1cc(C)n2c1C=C1c3ccccc3C(c3[nH]c4ccccc4c3C)=[N+]1[B-]2(F)F,C1CCOC1,628.0
10048,Cc1cc(C)n2c1C=C1c3ccccc3C(c3[nH]c4ccccc4c3C)=[N+]1[B-]2(F)F,CC#N,623.0
10049,Cc1cc(C)n2c1C=C1c3ccccc3C(c3[nH]c4ccccc4c3C)=[N+]1[B-]2(F)F,CCCCCC,626.0
10050,Cc1cc(C)n2c1C=C1c3ccccc3C(c3[nH]c4ccccc4c3C)=[N+]1[B-]2(F)F,CO,624.0
10051,Cc1cc(C)n2c1C=C1c3ccccc3C(c3[nH]c4ccccc4c3C)=[N+]1[B-]2(F)F,Cc1ccccc1,636.0
10052,Cc1cc(C)n2c1C=C1c3ccccc3C(c3[nH]c4ccccc4c3C)=[N+]1[B-]2(F)F,ClCCl,631.0
13217,O=C1c2cc(-n3c4ccccc4c4ccccc43)ccc2S(=O)(=O)c2ccc(-n3c4ccccc4c4ccccc43)cc21,C1CCOC1,592.0
13218,O=C1c2cc(-n3c4ccccc4c4ccccc43)ccc2S(=O)(=O)c2ccc(-n3c4ccccc4c4ccccc43)cc21,CCCCCC,484.0
13219,O=C1c2cc(-n3c4ccccc4c4ccccc43)ccc2S(=O)(=O)c2ccc(-n3c4ccccc4c4ccccc43)cc21,Cc1ccccc1,546.0
13220,O=C1c2cc(-n3c4ccccc4c4ccccc43)ccc2S(=O)(=O)c2ccc(-n3c4ccccc4c4ccccc43)cc21,ClC(Cl)Cl,606.0
13221,O=C1c2cc(-n3c4ccccc4c4ccccc43)ccc2S(=O)(=O)c2ccc(-n3c4ccccc4c4ccccc43)cc21,ClCCl,614.0
14456,c1cc2c3c(cccc3c1)C(N1CCOCCOCCOCCOCC1)=N2,CC#N,590.0
15162,c1ccc2c(c1)CC1(C2)c2cc(N3c4ccccc4Sc4ccccc43)ccc2-c2ccc(N3c4ccccc4Sc4ccccc43)cc21,Cc1ccccc1,495.0
9537,C[N+](C)=c1ccc2c(-c3c(Cl)c(Cl)c(Cl)c(Cl)c3C(=O)O)c3ccc4cc(O)ccc4c3oc-2c1,O,603.0
9538,C[N+](C)=c1ccc2c(-c3c(Cl)c(Cl)c(Cl)c(Cl)c3C(=O)[O-])c3ccc4cc([O-])ccc4c3oc-2c1,O,651.0
9539,C[N+](C)=c1ccc2c(-c3c(F)c(F)c(F)c(F)c3C(=O)O)c3ccc4cc(O)ccc4c3oc-2c1,O,603.0
9540,C[N+](C)=c1ccc2c(-c3c(F)c(F)c(F)c(F)c3C(=O)[O-])c3ccc4cc([O-])ccc4c3oc-2c1,O,650.0
9541,C[N+](C)=c1ccc2c(-c3ccccc3C(=O)O)c3ccc4cc(O)ccc4c3oc-2c1,O,583.0
9542,C[N+](C)=c1ccc2c(-c3ccccc3C(=O)[O-])c3ccc4cc([O-])ccc4c3oc-2c1,O,627.0
10306,Cc1ccc(-c2ccc(/C=C/c3cccs3)cn2)nc1,CC#N,422.0
3293,CCCCCCCCn1c(=O)c2cc3cc4cc5c(=O)n(CCCCCCCC)c(=O)c5cc4c(C#Cc4ccc(N(c5ccccc5)c5ccccc5)cc4)c3cc2c1=O,ClC(Cl)Cl,611.0
425,C/C(=N\Nc1ccc(C#N)cc1)c1cccc(/C(C)=N/Nc2ccc(C#N)cc2)c1,CC#N,492.0
426,C/C(=N\Nc1ccc(C#N)cc1)c1cccc(/C(C)=N/Nc2ccc(C#N)cc2)c1,CCCCCC,467.0
427,C/C(=N\Nc1ccc(C#N)cc1)c1cccc(/C(C)=N/Nc2ccc(C#N)cc2)c1,CO,525.0
428,C/C(=N\Nc1ccc(C#N)cc1)c1cccc(/C(C)=N/Nc2ccc(C#N)cc2)c1,CS(C)=O,504.0
429,C/C(=N\Nc1ccc(C#N)cc1)c1cccc(/C(C)=N/Nc2ccc(C#N)cc2)c1,ClC(Cl)Cl,476.0
1722,CC1(C)OB(c2cc3ccc4cccc5ccc(c2)c3c45)OC1(C)C,Cc1ccccc1,386.0
10654,Cc1ccc(N2C(c3ccccc3[NH-])=[NH+]C(c3ccccc3)C2c2ccccc2)cc1,Cc1ccccc1,572.0
1216,CC(C)(C)c1ccc2c(c1)c1cc(C(C)(C)C)ccc1n2-c1cccc(-n2c3ccc(C(C)(C)C)cc3c3cc(C(C)(C)C)ccc32)c1C#N,O=P(c1ccccc1)(c1ccccc1)c1ccccc1Oc1ccccc1P(=O)(c1ccccc1)c1ccccc1,424.0
10750,Cc1ccc2c(c1)c1cc(C)ccc1n2-c1cccc(-n2c3ccc(C)cc3c3cc(C)ccc32)c1C#N,Cc1ccccc1,417.0
10751,Cc1ccc2c(c1)c1cc(C)ccc1n2-c1cccc(-n2c3ccc(C)cc3c3cc(C)ccc32)c1C#N,O=P(c1ccccc1)(c1ccccc1)c1ccccc1Oc1ccccc1P(=O)(c1ccccc1)c1ccccc1,432.0
11941,N#Cc1c(-n2c3ccccc3c3ccccc32)cccc1-n1c2ccccc2c2ccccc21,Cc1ccccc1,403.0
11942,N#Cc1c(-n2c3ccccc3c3ccccc32)cccc1-n1c2ccccc2c2ccccc21,O=P(c1ccccc1)(c1ccccc1)c1ccccc1Oc1ccccc1P(=O)(c1ccccc1)c1ccccc1,415.0
12050,N#Cc1cc(C#N)c(-n2c3ccccc3c3ccccc32)cc1-n1c2ccccc2c2ccccc21,O=P(c1ccccc1)(c1ccccc1)c1ccccc1Oc1ccccc1P(=O)(c1ccccc1)c1ccccc1,477.0
9094,COc1ccc2c(c1)c1cc(OC)ccc1n2-c1cccc(-n2c3ccc(OC)cc3c3cc(OC)ccc32)c1C#N,Cc1ccccc1,460.0
9095,COc1ccc2c(c1)c1cc(OC)ccc1n2-c1cccc(-n2c3ccc(OC)cc3c3cc(OC)ccc32)c1C#N,O=P(c1ccccc1)(c1ccccc1)c1ccccc1Oc1ccccc1P(=O)(c1ccccc1)c1ccccc1,462.0
12049,N#Cc1cc(C#N)c(-n2c3ccccc3c3ccccc32)cc1-n1c2ccccc2c2ccccc21,Cc1ccccc1,454.0
1215,CC(C)(C)c1ccc2c(c1)c1cc(C(C)(C)C)ccc1n2-c1cccc(-n2c3ccc(C(C)(C)C)cc3c3cc(C(C)(C)C)ccc32)c1C#N,Cc1ccccc1,414.0
8075,COc1cc2c3c4c(c5ccc(C(C)(C)C)cc5c5c(OC)c(OC)c(OC)c(c2c(OC)c1OC)c45)=[N+]1C3=Nc2c3c4cc(OC)c(OC)c(OC)c4c4c(OC)c(OC)c(OC)c5c6cc(C(C)(C)C)ccc6c(c3c54)n2[B-]1(F)F,Cc1ccccc1,873.0
8076,COc1cc2c3c4c(c5ccc(C(C)(C)C)cc5c5c(OC)cc(OC)c(c2c(OC)c1OC)c45)=[N+]1C3=Nc2c3c4cc(OC)c(OC)c(OC)c4c4c(OC)cc(OC)c5c6cc(C(C)(C)C)ccc6c(c3c54)n2[B-]1(F)F,Cc1ccccc1,907.0
8077,COc1cc2c3c4c(c5ccc(C(C)(C)C)cc5c5cc(C(C)(C)C)cc(c2c(OC)c1OC)c45)=[N+]1C3=Nc2c3c4cc(OC)c(OC)c(OC)c4c4cc(C(C)(C)C)cc5c6cc(C(C)(C)C)ccc6c(c3c54)n2[B-]1(F)F,Cc1ccccc1,832.0
14601,c1ccc(-c2cc3cccc[n+]3[b-]3c(-c4cccc5[b-]4[n+]4ccccc4cc5-c4ccccc4)cccc32)cc1,C1CCCCC1,591.0
3763,CCCCc1cc2c3c(c1)-c1ccccc1B(c1c(C)cc(C)cc1C)N3B(c1c(C)cc(C)cc1C)c1ccccc1-2,ClCCl,413.0
15161,c1ccc2c(c1)-c1sc3ccccc3c1C21c2ccccc2-c2sc3ccccc3c21,ClCCl,368.0
10575,Cc1ccc(C2=C3C=CC4=[N+]3[B-](F)(F)n3c2ccc3-c2ccc([nH]2)/C(c2ccc(C)cc2)=c2/cc/c(o2)=C(\c2ccc(C)cc2)c2ccc4[nH]2)cc1,ClC(Cl)Cl,703.0
2765,CCCCC(CC)CN1C(=O)C2=C(c3ccc(-c4ccc(C5=C6C(C)=CC(C)=[N+]6[B-](F)(F)n6c(C)cc(C)c65)cc4)s3)N(CC(CC)CCCC)C(=O)C2=C1c1cccs1,Cc1ccccc1,623.0
13224,O=C1c2cc3ccccc3cc2C2=Nc3ccc4ccccc4[n+]3[B-](F)(F)N12,ClCCl,430.0
3289,CCCCCCCCc1ccc(-n2c3c(c4c2c2c(n4-c4ccc(CCCCCCCC)cc4)-c4ccccc4NB2c2ccccc2)B(c2ccccc2)Nc2ccccc2-3)cc1,Cc1ccccc1,400.0
3443,CCCCCCc1ccc(-n2c3c(c4c2c2c(n4-c4ccc(CCCCCC)cc4)-c4cccc(OC)c4NB2c2ccccc2)B(c2ccccc2)Nc2c(OC)cccc2-3)cc1,Cc1ccccc1,395.0
3767,CCCCc1ccc(-n2c3c(c4c2c2c(n4-c4ccc(CCCC)cc4)-c4cc(F)ccc4NB2c2ccccc2)B(c2ccccc2)Nc2ccc(F)cc2-3)cc1,Cc1ccccc1,406.0
3768,CCCCc1ccc(-n2c3c(c4c2c2c(n4-c4ccc(CCCC)cc4)-c4ccc(C(F)(F)F)cc4NB2c2ccccc2)B(c2ccccc2)Nc2cc(C(F)(F)F)ccc2-3)cc1,Cc1ccccc1,413.0
14735,c1ccc(-c2nc(-c3ccccc3)nc(-c3ccc(-n4c5ccccc5c5c6c(ccc54)C4(c5ccccc5-c5ccccc54)c4ccccc4-6)cc3)n2)cc1,C1CCOC1,488.1944444
14736,c1ccc(-c2nc(-c3ccccc3)nc(-c3ccc(-n4c5ccccc5c5c6c(ccc54)C4(c5ccccc5-c5ccccc54)c4ccccc4-6)cc3)n2)cc1,C1COCCO1,453.7037037
14737,c1ccc(-c2nc(-c3ccccc3)nc(-c3ccc(-n4c5ccccc5c5c6c(ccc54)C4(c5ccccc5-c5ccccc54)c4ccccc4-6)cc3)n2)cc1,CN(C)C=O,525.2314815
14738,c1ccc(-c2nc(-c3ccccc3)nc(-c3ccc(-n4c5ccccc5c5c6c(ccc54)C4(c5ccccc5-c5ccccc54)c4ccccc4-6)cc3)n2)cc1,Cc1ccccc1,444.0
14739,c1ccc(-c2nc(-c3ccccc3)nc(-c3ccc(-n4c5ccccc5c5c6c(ccc54)C4(c5ccccc5-c5ccccc54)c4ccccc4-6)cc3)n2)cc1,ClC(Cl)Cl,496.9907407
13617,O=P1(c2ccccc2)c2cccc3c4c5ccccc5c5ccccc5c4c4ccc1n4c23,ClCCl,490.0
8767,COc1ccc(C2=C(c3ccc(OC)cc3)C3(c4ccccc42)c2ccccc2-c2ccccc23)cc1,C1CCCCC1,437.0
13225,O=C1c2cc3ccccc3cc2C2=Nc3cccc[n+]3[B-](F)(F)N12,ClCCl,414.0
15187,c1ccc2c(c1)Sc1ccccc1N2c1ccc2c(c1)C1(CC1)c1cc(N3c4ccccc4Sc4ccccc43)ccc1-2,Cc1ccccc1,494.0
1704,CC1(C)Nc2cc3nc4cc(Br)c(Br)cc4nc3cc2N1,CCO,508.0
1705,CC1(C)Nc2cc3nc4cc(Cl)c(Cl)cc4nc3cc2N1,CCO,506.0
1706,CC1(C)Nc2cc3nc4cc(F)c(F)cc4nc3cc2N1,CCO,496.0
6841,CN1c2cc3nc4cc(Br)c(Br)cc4nc3cc2N(C)C1(C)C,CCO,500.0
6842,CN1c2cc3nc4cc(Cl)c(Cl)cc4nc3cc2N(C)C1(C)C,CCO,497.0
6843,CN1c2cc3nc4cc(F)c(F)cc4nc3cc2N(C)C1(C)C,CCO,488.0
15020,c1ccc(N(c2ccccc2)c2ccc(-n3ccc4cc(-c5cccc6c5-c5ccccc5C6(c5ccccc5)c5ccccc5)ccc43)cc2)cc1,ClCCl,381.0
8369,COc1ccc(-c2pc3ccccc3s2)cc1,CC#N,445.0
11258,FC(F)(F)c1ccc(-c2pc3ccccc3s2)cc1,CC#N,430.0
13,Brc1ccc(-c2pc3ccccc3s2)cc1,CC#N,439.0
12130,N#Cc1ccc(-c2pc3ccccc3s2)cc1,CC#N,433.0
12262,N#Cc1cccc(-c2pc3ccccc3s2)c1,CC#N,432.0
14859,c1ccc(-c2pc3ccccc3s2)cc1,CC#N,443.0
4393,CCN(CC)c1ccc2cc3ccc(=[N+](CC)CC)cc-3oc2c1,CCO,557.0
4394,CCN(CC)c1ccc2cc3ccc(=[N+](CC)CC)cc-3oc2c1,CN(C)C=O,532.0
4395,CCN(CC)c1ccc2cc3ccc(=[N+](CC)CC)cc-3oc2c1,O,555.0
6571,CN(C)c1ccc2cc3ccc(=[N+](C)C)cc-3oc2c1,O,565.0
4392,CCN(CC)c1ccc2cc3ccc(=[N+](CC)CC)cc-3oc2c1,CC#N,549.0
6570,CN(C)c1ccc2cc3ccc(=[N+](C)C)cc-3oc2c1,CCO,568.0
7181,COC(=O)C(NC(=O)OC(C)(C)C)c1ccc2oc(-c3cc(C(F)(F)F)cc(C(F)(F)F)c3)nc2c1,CO,377.0
7182,COC(=O)C(NC(=O)OC(C)(C)C)c1ccc2oc(-c3cc(OC)c(OC)c(OC)c3)nc2c1,CC#N,371.0
7183,COC(=O)C(NC(=O)OC(C)(C)C)c1ccc2oc(-c3cc(OC)c(OC)c(OC)c3)nc2c1,CC1CCCCC1,345.0
7184,COC(=O)C(NC(=O)OC(C)(C)C)c1ccc2oc(-c3cc(OC)c(OC)c(OC)c3)nc2c1,CO,373.0
7185,COC(=O)C(NC(=O)OC(C)(C)C)c1ccc2oc(-c3cc(OC)c(OC)cc3OC)nc2c1,CC#N,383.0
7186,COC(=O)C(NC(=O)OC(C)(C)C)c1ccc2oc(-c3cc(OC)c(OC)cc3OC)nc2c1,CC1CCCCC1,357.0
7187,COC(=O)C(NC(=O)OC(C)(C)C)c1ccc2oc(-c3cc(OC)c(OC)cc3OC)nc2c1,CO,389.0
7188,COC(=O)C(NC(=O)OC(C)(C)C)c1ccc2oc(-c3cc(OC)ccc3OC)nc2c1,CC#N,390.0
7189,COC(=O)C(NC(=O)OC(C)(C)C)c1ccc2oc(-c3cc(OC)ccc3OC)nc2c1,CC1CCCCC1,364.0
7190,COC(=O)C(NC(=O)OC(C)(C)C)c1ccc2oc(-c3cc(OC)ccc3OC)nc2c1,CO,405.0
7191,COC(=O)C(NC(=O)OC(C)(C)C)c1ccc2oc(-c3ccc(C#N)cc3)nc2c1,CC#N,384.0
7192,COC(=O)C(NC(=O)OC(C)(C)C)c1ccc2oc(-c3ccc(C#N)cc3)nc2c1,CC1CCCCC1,342.0
7193,COC(=O)C(NC(=O)OC(C)(C)C)c1ccc2oc(-c3ccc(C#N)cc3)nc2c1,CO,385.0
7194,COC(=O)C(NC(=O)OC(C)(C)C)c1ccc2oc(-c3ccc(F)cc3)nc2c1,CC#N,341.0
7195,COC(=O)C(NC(=O)OC(C)(C)C)c1ccc2oc(-c3ccc(F)cc3)nc2c1,CC1CCCCC1,320.0
7196,COC(=O)C(NC(=O)OC(C)(C)C)c1ccc2oc(-c3ccc(F)cc3)nc2c1,CO,342.0
7197,COC(=O)C(NC(=O)OC(C)(C)C)c1ccc2oc(-c3ccc(N(C)C)cc3OC)nc2c1,CC#N,393.0
7198,COC(=O)C(NC(=O)OC(C)(C)C)c1ccc2oc(-c3ccc(N(C)C)cc3OC)nc2c1,CC1CCCCC1,363.0
7199,COC(=O)C(NC(=O)OC(C)(C)C)c1ccc2oc(-c3ccc(N(C)C)cc3OC)nc2c1,CO,398.0
7200,COC(=O)C(NC(=O)OC(C)(C)C)c1ccc2oc(-c3ccc(O)cc3O)nc2c1,CC#N,380.0
7201,COC(=O)C(NC(=O)OC(C)(C)C)c1ccc2oc(-c3ccc(O)cc3O)nc2c1,CC1CCCCC1,470.0
7202,COC(=O)C(NC(=O)OC(C)(C)C)c1ccc2oc(-c3ccc(O)cc3O)nc2c1,CO,365.0
4028,CCN(CC)c1ccc(-c2nc3cc(C(NC(=O)OC(C)(C)C)C(=O)OC)ccc3o2)c(O)c1,CC#N,394.0
4029,CCN(CC)c1ccc(-c2nc3cc(C(NC(=O)OC(C)(C)C)C(=O)OC)ccc3o2)c(O)c1,CC1CCCCC1,389.0
4030,CCN(CC)c1ccc(-c2nc3cc(C(NC(=O)OC(C)(C)C)C(=O)OC)ccc3o2)c(O)c1,CO,391.0
569,C=CCOc1ccc(-c2nc3cc(C(NC(=O)OC(C)(C)C)C(=O)OC)ccc3o2)cc1,CC#N,333.0
570,C=CCOc1ccc(-c2nc3cc(C(NC(=O)OC(C)(C)C)C(=O)OC)ccc3o2)cc1,CC1CCCCC1,329.0
571,C=CCOc1ccc(-c2nc3cc(C(NC(=O)OC(C)(C)C)C(=O)OC)ccc3o2)cc1,CO,353.0
7005,COC(=O)C(Cc1ccc2oc(-c3ccc(N(C)C)cc3)nc2c1)NC(=O)OC(C)(C)C,C1CCCCC1,377.0028275
7006,COC(=O)C(Cc1ccc2oc(-c3ccc(N(C)C)cc3)nc2c1)NC(=O)OC(C)(C)C,C1CCOC1,391.4966919
7007,COC(=O)C(Cc1ccc2oc(-c3ccc(N(C)C)cc3)nc2c1)NC(=O)OC(C)(C)C,C1COCCO1,377.0028275
7008,COC(=O)C(Cc1ccc2oc(-c3ccc(N(C)C)cc3)nc2c1)NC(=O)OC(C)(C)C,CC#N,395.50704
7009,COC(=O)C(Cc1ccc2oc(-c3ccc(N(C)C)cc3)nc2c1)NC(=O)OC(C)(C)C,CC(C)=O,394.4928794
7010,COC(=O)C(Cc1ccc2oc(-c3ccc(N(C)C)cc3)nc2c1)NC(=O)OC(C)(C)C,CC(C)CC(C)(C)C,374.9953126
7011,COC(=O)C(Cc1ccc2oc(-c3ccc(N(C)C)cc3)nc2c1)NC(=O)OC(C)(C)C,CC(C)CO,396.4949843
7012,COC(=O)C(Cc1ccc2oc(-c3ccc(N(C)C)cc3)nc2c1)NC(=O)OC(C)(C)C,CC(C)O,396.9986899
7013,COC(=O)C(Cc1ccc2oc(-c3ccc(N(C)C)cc3)nc2c1)NC(=O)OC(C)(C)C,CC(C)OC(C)C,387.5067814
7014,COC(=O)C(Cc1ccc2oc(-c3ccc(N(C)C)cc3)nc2c1)NC(=O)OC(C)(C)C,CC(O)CO,408.496732
7015,COC(=O)C(Cc1ccc2oc(-c3ccc(N(C)C)cc3)nc2c1)NC(=O)OC(C)(C)C,CC1CCCO1,384.4970778
7016,COC(=O)C(Cc1ccc2oc(-c3ccc(N(C)C)cc3)nc2c1)NC(=O)OC(C)(C)C,CC1COC(=O)O1,404.0077569
7017,COC(=O)C(Cc1ccc2oc(-c3ccc(N(C)C)cc3)nc2c1)NC(=O)OC(C)(C)C,CCC(C)CC,374.5037825
7018,COC(=O)C(Cc1ccc2oc(-c3ccc(N(C)C)cc3)nc2c1)NC(=O)OC(C)(C)C,CCCCC,373.9995512
7019,COC(=O)C(Cc1ccc2oc(-c3ccc(N(C)C)cc3)nc2c1)NC(=O)OC(C)(C)C,CCCCCC,374.9953126
7020,COC(=O)C(Cc1ccc2oc(-c3ccc(N(C)C)cc3)nc2c1)NC(=O)OC(C)(C)C,CCCCCCCCC,375.9963904
7021,COC(=O)C(Cc1ccc2oc(-c3ccc(N(C)C)cc3)nc2c1)NC(=O)OC(C)(C)C,CCCCCCCCCC,377.0028275
7022,COC(=O)C(Cc1ccc2oc(-c3ccc(N(C)C)cc3)nc2c1)NC(=O)OC(C)(C)C,CCCCCCCO,396.4949843
7023,COC(=O)C(Cc1ccc2oc(-c3ccc(N(C)C)cc3)nc2c1)NC(=O)OC(C)(C)C,CCCCCCO,397.9941097
7024,COC(=O)C(Cc1ccc2oc(-c3ccc(N(C)C)cc3)nc2c1)NC(=O)OC(C)(C)C,CCCCCO,388.5003885
7025,COC(=O)C(Cc1ccc2oc(-c3ccc(N(C)C)cc3)nc2c1)NC(=O)OC(C)(C)C,CCCCO,399.5046143
7026,COC(=O)C(Cc1ccc2oc(-c3ccc(N(C)C)cc3)nc2c1)NC(=O)OC(C)(C)C,CCO,402.9983074
7027,COC(=O)C(Cc1ccc2oc(-c3ccc(N(C)C)cc3)nc2c1)NC(=O)OC(C)(C)C,CCOC(C)=O,381.5046544
7028,COC(=O)C(Cc1ccc2oc(-c3ccc(N(C)C)cc3)nc2c1)NC(=O)OC(C)(C)C,CCOCC,379.5066414
7029,COC(=O)C(Cc1ccc2oc(-c3ccc(N(C)C)cc3)nc2c1)NC(=O)OC(C)(C)C,CN(C)C=O,400.4966158
7030,COC(=O)C(Cc1ccc2oc(-c3ccc(N(C)C)cc3)nc2c1)NC(=O)OC(C)(C)C,CO,403.5024008
7031,COC(=O)C(Cc1ccc2oc(-c3ccc(N(C)C)cc3)nc2c1)NC(=O)OC(C)(C)C,COCCOC,395.50704
7032,COC(=O)C(Cc1ccc2oc(-c3ccc(N(C)C)cc3)nc2c1)NC(=O)OC(C)(C)C,CS(C)=O,408.496732
7033,COC(=O)C(Cc1ccc2oc(-c3ccc(N(C)C)cc3)nc2c1)NC(=O)OC(C)(C)C,Cc1ccccc1,374.5037825
7034,COC(=O)C(Cc1ccc2oc(-c3ccc(N(C)C)cc3)nc2c1)NC(=O)OC(C)(C)C,Cc1ccccc1C,372.9951511
7035,COC(=O)C(Cc1ccc2oc(-c3ccc(N(C)C)cc3)nc2c1)NC(=O)OC(C)(C)C,ClC(Cl)Cl,382.0001528
7036,COC(=O)C(Cc1ccc2oc(-c3ccc(N(C)C)cc3)nc2c1)NC(=O)OC(C)(C)C,ClCCl,388.0029488
7037,COC(=O)C(Cc1ccc2oc(-c3ccc(N(C)C)cc3)nc2c1)NC(=O)OC(C)(C)C,NC=O,411.5056994
7038,COC(=O)C(Cc1ccc2oc(-c3ccc(N(C)C)cc3)nc2c1)NC(=O)OC(C)(C)C,OC1CCCCC1,398.9945338
7039,COC(=O)C(Cc1ccc2oc(-c3ccc(N(C)C)cc3)nc2c1)NC(=O)OC(C)(C)C,OCCO,408.496732
7040,COC(=O)C(Cc1ccc2oc(-c3ccc(N(C)C)cc3)nc2c1)NC(=O)OC(C)(C)C,c1ccccc1,375.5022342
7179,COC(=O)C(NC(=O)OC(C)(C)C)c1ccc2oc(-c3cc(C(F)(F)F)cc(C(F)(F)F)c3)nc2c1,CC#N,378.0
7180,COC(=O)C(NC(=O)OC(C)(C)C)c1ccc2oc(-c3cc(C(F)(F)F)cc(C(F)(F)F)c3)nc2c1,CC1CCCCC1,334.0
137,C(#Cc1cnc(C#Cc2ccccc2)nc1)c1ccccc1,C1CCCCC1,425.0
9577,C[Si](C)(C)C#Cc1ccc(C#Cc2cnc(C#Cc3ccccc3)nc2)cc1,C1CCCCC1,390.0
79,C#Cc1ccc(C#Cc2cnc(C#Cc3ccccc3)nc2)cc1,C1CCCCC1,415.0
11545,Fc1c(F)c(-n2c3ccccc3c3ccccc32)c(F)c(-n2c3ccccc3c3ccccc32)c1-c1nnc(-c2ccccc2)o1,Cc1ccccc1,449.0
10802,Cc1ccc2nnn(-c3c(C#N)c4c(N)ncnc4n3[C@H]3C[C@H](O)[C@@H](CO)O3)c2c1,CO,419.0
10754,Cc1ccc2c(c1)nnn2-c1c(C#N)c2c(N)ncnc2n1[C@H]1C[C@H](O)[C@@H](CO)O1,CO,419.0
11947,N#Cc1c(-n2nnc3cc(Cl)ccc32)n([C@H]2C[C@H](O)[C@@H](CO)O2)c2ncnc(N)c12,CO,480.0
11948,N#Cc1c(-n2nnc3ccc(Cl)cc32)n([C@H]2C[C@H](O)[C@@H](CO)O2)c2ncnc(N)c12,CO,480.0
11949,N#Cc1c(-n2nnc3ccccc32)n([C@H]2C[C@H](O)[C@@H](CO)O2)c2ncnc(N)c12,CO,416.0
4873,CCOC(=O)c1c(-c2cc3ccccc3oc2=O)nn(-c2ccccc2)c1C(=O)OCC,ClCCl,401.0
4876,CCOC(=O)c1c(C(=O)OC)c(-c2cc3cc(OC)ccc3oc2=O)nn1-c1ccccc1,ClCCl,451.0
7271,COC(=O)c1c(-c2cc3ccccc3oc2=O)nn(-c2ccc(Br)cc2)c1C(=O)OC,ClCCl,401.0
7272,COC(=O)c1c(-c2cc3ccccc3oc2=O)nn(-c2cccc(C)c2)c1C(=O)OC,ClCCl,401.0
7273,COC(=O)c1c(-c2cc3ccccc3oc2=O)nn(-c2cccc(Cl)c2)c1C(=O)OC,ClCCl,418.0
7274,COC(=O)c1c(-c2cc3ccccc3oc2=O)nn(-c2cccc(F)c2)c1C(=O)OC,ClCCl,402.0
7275,COC(=O)c1c(-c2cc3ccccc3oc2=O)nn(-c2ccccc2)c1C(=O)OC,ClCCl,401.0
4846,CCOC(=O)c1c(-c2c(Cl)c3cc(C)ccc3oc2=O)nn(-c2cccc(C)c2)c1C(=O)OCC,ClCCl,418.0
4847,CCOC(=O)c1c(-c2c(Cl)c3cc(C)ccc3oc2=O)nn(-c2cccc(Cl)c2)c1C(=O)OCC,ClCCl,420.0
4848,CCOC(=O)c1c(-c2c(Cl)c3cc(C)ccc3oc2=O)nn(-c2ccccc2)c1C(=O)OCC,ClCCl,417.0
4849,CCOC(=O)c1c(-c2c(Cl)c3ccccc3oc2=O)nn(-c2ccc(Br)cc2)c1C(=O)OCC,ClCCl,406.0
4850,CCOC(=O)c1c(-c2c(Cl)c3ccccc3oc2=O)nn(-c2ccc(OC)cc2)c1C(=O)OCC,ClCCl,484.0
4851,CCOC(=O)c1c(-c2c(Cl)c3ccccc3oc2=O)nn(-c2cccc(C)c2)c1C(=O)OCC,ClCCl,410.0
4852,CCOC(=O)c1c(-c2c(Cl)c3ccccc3oc2=O)nn(-c2cccc(Cl)c2)c1C(=O)OCC,ClCCl,409.0
4855,CCOC(=O)c1c(-c2cc3cc(OC)ccc3oc2=O)nn(-c2cccc(C)c2)c1C(=O)OCC,ClCCl,444.0
4856,CCOC(=O)c1c(-c2cc3cc(OC)ccc3oc2=O)nn(-c2cccc(Cl)c2)c1C(=O)OCC,ClCCl,445.0
4860,CCOC(=O)c1c(-c2cc3ccc(OC)cc3oc2=O)nn(-c2cccc(C)c2)c1C(=O)OCC,ClCCl,422.0
4861,CCOC(=O)c1c(-c2cc3ccc(OC)cc3oc2=O)nn(-c2cccc(Cl)c2)c1C(=O)OCC,ClCCl,422.0
4862,CCOC(=O)c1c(-c2cc3ccc(OC)cc3oc2=O)nn(-c2ccccc2)c1C(=O)OCC,ClCCl,421.0
4863,CCOC(=O)c1c(-c2cc3ccc(OCC=C(C)C)cc3oc2=O)nn(-c2cccc(C)c2)c1C(=O)OCC,ClCCl,425.0
4864,CCOC(=O)c1c(-c2cc3ccc(OCC=C(C)C)cc3oc2=O)nn(-c2cccc(Cl)c2)c1C(=O)OCC,ClCCl,426.0
4865,CCOC(=O)c1c(-c2cc3ccc(OCC=C(C)C)cc3oc2=O)nn(-c2ccccc2)c1C(=O)OCC,ClCCl,425.0
4866,CCOC(=O)c1c(-c2cc3ccccc3oc2=O)nn(-c2ccc(Br)cc2)c1C(=O)OCC,ClCCl,400.0
4867,CCOC(=O)c1c(-c2cc3ccccc3oc2=O)nn(-c2ccc(C)c(C)c2)c1C(=O)OCC,ClCCl,408.0
4868,CCOC(=O)c1c(-c2cc3ccccc3oc2=O)nn(-c2ccc(Cl)cc2)c1C(=O)OCC,ClCCl,402.0
4869,CCOC(=O)c1c(-c2cc3ccccc3oc2=O)nn(-c2ccc(OC)cc2)c1C(=O)OCC,ClCCl,457.0
4870,CCOC(=O)c1c(-c2cc3ccccc3oc2=O)nn(-c2cccc(C)c2)c1C(=O)OCC,ClCCl,404.0
4871,CCOC(=O)c1c(-c2cc3ccccc3oc2=O)nn(-c2cccc(Cl)c2)c1C(=O)OCC,ClCCl,402.0
4872,CCOC(=O)c1c(-c2cc3ccccc3oc2=O)nn(-c2cccc(F)c2)c1C(=O)OCC,ClCCl,401.0
241,C(=C/c1ccc(N(c2ccccc2)c2ccccc2)cc1)\c1ccc(-c2ccc(/C=C/c3ccc(N(c4ccccc4)c4ccccc4)cc3)cc2)cc1,ClCCl,480.0
12012,N#Cc1cc(-c2ccc(/C=C/c3ccc(N(c4ccccc4)c4ccccc4)cc3)c(C#N)c2)ccc1/C=C/c1ccc(N(c2ccccc2)c2ccccc2)cc1,ClCCl,541.0
12044,N#Cc1cc(/C=C/c2ccc(N(c3ccccc3)c3ccccc3)cc2)ccc1-c1ccc(/C=C/c2ccc(N(c3ccccc3)c3ccccc3)cc2)cc1C#N,ClCCl,472.0
12660,Nc1ncnc2c1c(C#Cc1c3ccccc3cc3ccccc13)cn2[C@H]1C[C@H](O)[C@@H](CO)O1,CCO,441.0
12661,Nc1ncnc2c1c(C#Cc1c3ccccc3cc3ccccc13)cn2[C@H]1C[C@H](O)[C@@H](CO)O1,CCOC(C)=O,465.0
12662,Nc1ncnc2c1c(C#Cc1c3ccccc3cc3ccccc13)cn2[C@H]1C[C@H](O)[C@@H](CO)O1,CO,440.0
12663,Nc1ncnc2c1c(C#Cc1c3ccccc3cc3ccccc13)cn2[C@H]1C[C@H](O)[C@@H](CO)O1,ClC(Cl)Cl,443.0
12659,Nc1ncnc2c1c(C#Cc1c3ccccc3cc3ccccc13)cn2[C@H]1C[C@H](O)[C@@H](CO)O1,CC#N,468.0
12967,O=C1/C(=C\c2ccc(N(c3ccccc3)c3ccccc3)cc2)S(=O)(=O)c2ccccc21,C1CCOC1,630.0
12968,O=C1/C(=C\c2ccc(N(c3ccccc3)c3ccccc3)cc2)S(=O)(=O)c2ccccc21,C1COCCO1,600.0
12969,O=C1/C(=C\c2ccc(N(c3ccccc3)c3ccccc3)cc2)S(=O)(=O)c2ccccc21,CC#N,518.0
12970,O=C1/C(=C\c2ccc(N(c3ccccc3)c3ccccc3)cc2)S(=O)(=O)c2ccccc21,CC(C)=O,540.0
12971,O=C1/C(=C\c2ccc(N(c3ccccc3)c3ccccc3)cc2)S(=O)(=O)c2ccccc21,CCOC(C)=O,617.0
12972,O=C1/C(=C\c2ccc(N(c3ccccc3)c3ccccc3)cc2)S(=O)(=O)c2ccccc21,CN(C)C=O,520.0
12973,O=C1/C(=C\c2ccc(N(c3ccccc3)c3ccccc3)cc2)S(=O)(=O)c2ccccc21,CO,597.0
12974,O=C1/C(=C\c2ccc(N(c3ccccc3)c3ccccc3)cc2)S(=O)(=O)c2ccccc21,CS(C)=O,553.0
12975,O=C1/C(=C\c2ccc(N(c3ccccc3)c3ccccc3)cc2)S(=O)(=O)c2ccccc21,Cc1ccccc1,587.0
12976,O=C1/C(=C\c2ccc(N(c3ccccc3)c3ccccc3)cc2)S(=O)(=O)c2ccccc21,ClC(Cl)Cl,626.0
12977,O=C1/C(=C\c2ccc(N(c3ccccc3)c3ccccc3)cc2)S(=O)(=O)c2ccccc21,ClCCl,631.0
13012,O=C1C=Cc2cc3ccccc3c(=O)n21,CO,450.0
13013,O=C1C=Cc2cc3ccccc3c(=O)n21,CS(C)=O,420.0
13014,O=C1C=Cc2cc3ccccc3c(=O)n21,ClC(Cl)Cl,410.0
2715,CCC1=C(C)c2cc3c(OC)cc(OC)cc3c(=O)n2C1=O,CC#N,476.0
2716,CCC1=C(C)c2cc3c(OC)cc(OC)cc3c(=O)n2C1=O,CO,510.0
2717,CCC1=C(C)c2cc3c(OC)cc(OC)cc3c(=O)n2C1=O,CS(C)=O,485.0
2718,CCC1=C(C)c2cc3c(OC)cc(OC)cc3c(=O)n2C1=O,ClC(Cl)Cl,469.0
13011,O=C1C=Cc2cc3ccccc3c(=O)n21,CC#N,410.0
6574,CN(C)c1ccc2nc(-c3ccc(C(=O)Nc4ccccc4)cc3)sc2c1,C1CCCCC1,427.0
6575,CN(C)c1ccc2nc(-c3ccc(C(=O)Nc4ccccc4)cc3)sc2c1,CC#N,553.0
6576,CN(C)c1ccc2nc(-c3ccc(C(=O)Nc4ccccc4)cc3)sc2c1,CC(C)O,534.0
6577,CN(C)c1ccc2nc(-c3ccc(C(=O)Nc4ccccc4)cc3)sc2c1,CO,565.0
6578,CN(C)c1ccc2nc(-c3ccc(C(=O)Nc4ccccc4)cc3)sc2c1,CS(C)=O,564.0
6579,CN(C)c1ccc2nc(-c3ccc(C(=O)Nc4ccccc4)cc3)sc2c1,ClC(Cl)Cl,494.0
6580,CN(C)c1ccc2nc(-c3ccc(C(=O)Nc4ccccc4)cc3)sc2c1,c1ccccc1,475.0
13878,O=c1c2cc(-n3c4ccccc4c4ccccc43)ccc2sc2ccc(-n3c4ccccc4c4ccccc43)cc12,C1CCOC1,460.0
13879,O=c1c2cc(-n3c4ccccc4c4ccccc43)ccc2sc2ccc(-n3c4ccccc4c4ccccc43)cc12,CCCCCC,438.0
13880,O=c1c2cc(-n3c4ccccc4c4ccccc43)ccc2sc2ccc(-n3c4ccccc4c4ccccc43)cc12,Cc1ccccc1,455.5
13881,O=c1c2cc(-n3c4ccccc4c4ccccc43)ccc2sc2ccc(-n3c4ccccc4c4ccccc43)cc12,ClC(Cl)Cl,493.5
13882,O=c1c2cc(-n3c4ccccc4c4ccccc43)ccc2sc2ccc(-n3c4ccccc4c4ccccc43)cc12,ClCCl,495.0
5718,CN(C)c1ccc(-c2nc3nccnc3n2-c2ccc(N(C)C)cc2)cc1,CC#N,472.0
5719,CN(C)c1ccc(-c2nc3nccnc3n2-c2ccccc2)cc1,CC#N,477.0
1183,CC(C)(C)c1ccc2c(c1)c1cc(C(C)(C)C)ccc1n2-c1ccc(N(c2ccc(-c3ccc(N(c4ccc(-n5c6ccc(C(C)(C)C)cc6c6cc(C(C)(C)C)ccc65)cc4)c4ccc(-n5c6ccc(C(C)(C)C)cc6c6cc(C(C)(C)C)ccc65)cc4)cc3)cc2)c2ccc(-n3c4ccc(C(C)(C)C)cc4c4cc(C(C)(C)C)ccc43)cc2)cc1,ClCCl,422.0
13212,O=C1O[B-]2(OC1=O)OC(c1ccc3ccccc3c1)=CC(c1ccc3ccccc3c1)=[O+]2,ClC(Cl)(Cl)Cl,451.0
13211,O=C1O[B-]2(OC1=O)OC(c1ccc3ccccc3c1)=CC(c1ccc3ccccc3c1)=[O+]2,CC#N,550.0
2878,CCCCC1(CCCC)c2cc(C#Cc3ccc4ccc5cccc6ccc3c4c56)ccc2-c2ccc(N(c3ccccc3)c3ccccc3)cc21,C1CCCCC1,436.0
2879,CCCCC1(CCCC)c2cc(C#Cc3ccc4ccc5cccc6ccc3c4c56)ccc2-c2ccc(N(c3ccccc3)c3ccccc3)cc21,C1CCOC1,498.0
2880,CCCCC1(CCCC)c2cc(C#Cc3ccc4ccc5cccc6ccc3c4c56)ccc2-c2ccc(N(c3ccccc3)c3ccccc3)cc21,CC#N,557.0
2881,CCCCC1(CCCC)c2cc(C#Cc3ccc4ccc5cccc6ccc3c4c56)ccc2-c2ccc(N(c3ccccc3)c3ccccc3)cc21,CCOC(C)=O,490.0
2882,CCCCC1(CCCC)c2cc(C#Cc3ccc4ccc5cccc6ccc3c4c56)ccc2-c2ccc(N(c3ccccc3)c3ccccc3)cc21,CN(C)C=O,565.0
2883,CCCCC1(CCCC)c2cc(C#Cc3ccc4ccc5cccc6ccc3c4c56)ccc2-c2ccc(N(c3ccccc3)c3ccccc3)cc21,Cc1ccccc1,449.0
2884,CCCCC1(CCCC)c2cc(C#Cc3ccc4ccc5cccc6ccc3c4c56)ccc2-c2ccc(N(c3ccccc3)c3ccccc3)cc21,ClC(Cl)Cl,486.0
2885,CCCCC1(CCCC)c2cc(C#Cc3ccc4ccc5cccc6ccc3c4c56)ccc2-c2ccc(N(c3ccccc3)c3ccccc3)cc21,ClCCl,516.0
10393,Cc1ccc(/C=C/c2ccccc2-[n+]2noc([O-])c2-c2ccccc2)cc1,C1CCCCC1,400.0
10394,Cc1ccc(/C=C/c2ccccc2-[n+]2noc([O-])c2-c2ccccc2)cc1,CC#N,506.0
9555,C[N+]1=C(/C=C/C=C2/N(CCCc3ccccc3)c3ccccc3C2(C)C)C(C)(C)c2ccccc21,CS(C)=O,567.0
11887,N#Cc1c(-c2ccc(Br)cc2)cc(-c2ccc(Br)cc2)[nH]c1=O,C1CCOC1,452.0
11888,N#Cc1c(-c2ccc(Br)cc2)cc(-c2ccc(Br)cc2)[nH]c1=O,CC#N,453.0
11889,N#Cc1c(-c2ccc(Br)cc2)cc(-c2ccc(Br)cc2)[nH]c1=O,CCOC(C)=O,452.0
11890,N#Cc1c(-c2ccc(Br)cc2)cc(-c2ccc(Br)cc2)[nH]c1=O,CN(C)C=O,464.0
11891,N#Cc1c(-c2ccc(Br)cc2)cc(-c2ccc(Br)cc2)[nH]c1=O,CO,448.0
11892,N#Cc1c(-c2ccc(Br)cc2)cc(-c2ccc(Br)cc2)[nH]c1=O,CS(C)=O,464.0
11893,N#Cc1c(-c2ccc(Br)cc2)cc(-c2ccc(Br)cc2)[nH]c1=O,ClC(Cl)Cl,452.0
11895,N#Cc1c(-c2ccc([N+](=O)[O-])cc2)cc(-c2ccc([N+](=O)[O-])cc2)[nH]c1=O,C1CCOC1,492.0
11896,N#Cc1c(-c2ccc([N+](=O)[O-])cc2)cc(-c2ccc([N+](=O)[O-])cc2)[nH]c1=O,CC#N,480.0
11897,N#Cc1c(-c2ccc([N+](=O)[O-])cc2)cc(-c2ccc([N+](=O)[O-])cc2)[nH]c1=O,CCOC(C)=O,486.0
11898,N#Cc1c(-c2ccc([N+](=O)[O-])cc2)cc(-c2ccc([N+](=O)[O-])cc2)[nH]c1=O,CN(C)C=O,451.0
11899,N#Cc1c(-c2ccc([N+](=O)[O-])cc2)cc(-c2ccc([N+](=O)[O-])cc2)[nH]c1=O,CO,444.0
11900,N#Cc1c(-c2ccc([N+](=O)[O-])cc2)cc(-c2ccc([N+](=O)[O-])cc2)[nH]c1=O,CS(C)=O,446.0
11901,N#Cc1c(-c2ccc([N+](=O)[O-])cc2)cc(-c2ccc([N+](=O)[O-])cc2)[nH]c1=O,ClC(Cl)Cl,475.0
10240,Cc1ccc(-c2cc(-c3ccc(C)cc3)c(C#N)c(=O)[nH]2)cc1,C1CCOC1,446.0
10241,Cc1ccc(-c2cc(-c3ccc(C)cc3)c(C#N)c(=O)[nH]2)cc1,CC#N,443.0
10242,Cc1ccc(-c2cc(-c3ccc(C)cc3)c(C#N)c(=O)[nH]2)cc1,CCOC(C)=O,446.0
10243,Cc1ccc(-c2cc(-c3ccc(C)cc3)c(C#N)c(=O)[nH]2)cc1,CN(C)C=O,450.0
10244,Cc1ccc(-c2cc(-c3ccc(C)cc3)c(C#N)c(=O)[nH]2)cc1,CO,438.0
10245,Cc1ccc(-c2cc(-c3ccc(C)cc3)c(C#N)c(=O)[nH]2)cc1,CS(C)=O,450.0
10246,Cc1ccc(-c2cc(-c3ccc(C)cc3)c(C#N)c(=O)[nH]2)cc1,ClC(Cl)Cl,441.0
3356,CCCCCCN1C(=O)c2cccc3c(-c4ccc(-c5cc(-c6ccccc6)nn5-c5ccccc5)s4)ccc(c23)C1=O,ClCCl,517.0
3350,CCCCCCN1C(=O)c2cccc3c(-c4ccc(-c5cc(-c6ccc(C)cc6)nn5-c5ccccc5)s4)ccc(c23)C1=O,ClCCl,519.0
3352,CCCCCCN1C(=O)c2cccc3c(-c4ccc(-c5cc(-c6ccc(Cl)cc6)nn5-c5ccccc5)s4)ccc(c23)C1=O,ClCCl,519.0
5579,CN(C)c1ccc(-c2c(/C=C3/C=Cc4ccccc4N3C)c(=O)c2=O)cc1,C1CCCCC1,427.0
5580,CN(C)c1ccc(-c2c(/C=C3/C=Cc4ccccc4N3C)c(=O)c2=O)cc1,Cc1ccccc1,435.0
5581,CN(C)c1ccc(-c2c(/C=C3/C=Cc4ccccc4N3C)c(=O)c2=O)cc1,ClCCl,588.0
4469,CCN1/C(=C\c2c(-c3ccc(N(C)C)cc3)c(=O)c2=O)C=Cc2ccccc21,C1CCCCC1,427.0
4470,CCN1/C(=C\c2c(-c3ccc(N(C)C)cc3)c(=O)c2=O)C=Cc2ccccc21,Cc1ccccc1,434.0
4471,CCN1/C(=C\c2c(-c3ccc(N(C)C)cc3)c(=O)c2=O)C=Cc2ccccc21,ClCCl,588.0
3610,CCCCN1/C(=C\c2c(-c3ccc(N(C)C)cc3)c(=O)c2=O)C=Cc2ccccc21,C1CCCCC1,428.0
3611,CCCCN1/C(=C\c2c(-c3ccc(N(C)C)cc3)c(=O)c2=O)C=Cc2ccccc21,Cc1ccccc1,435.0
3612,CCCCN1/C(=C\c2c(-c3ccc(N(C)C)cc3)c(=O)c2=O)C=Cc2ccccc21,ClCCl,585.0
3878,CCCN1/C(=C\c2c(-c3ccc(N(C)C)cc3)c(=O)c2=O)C=Cc2ccccc21,C1CCCCC1,428.0
3879,CCCN1/C(=C\c2c(-c3ccc(N(C)C)cc3)c(=O)c2=O)C=Cc2ccccc21,Cc1ccccc1,435.0
3880,CCCN1/C(=C\c2c(-c3ccc(N(C)C)cc3)c(=O)c2=O)C=Cc2ccccc21,ClCCl,585.0
13956,O=c1cc(COc2ccc(I)cc2)c2c(ccc3ccccc32)o1,C1CCOC1,416.0
13957,O=c1cc(COc2ccc(I)cc2)c2c(ccc3ccccc32)o1,C1COCCO1,414.0
13958,O=c1cc(COc2ccc(I)cc2)c2c(ccc3ccccc32)o1,CC#N,418.0
13959,O=c1cc(COc2ccc(I)cc2)c2c(ccc3ccccc32)o1,CC(C)=O,417.0
13960,O=c1cc(COc2ccc(I)cc2)c2c(ccc3ccccc32)o1,CCCCO,418.0
13961,O=c1cc(COc2ccc(I)cc2)c2c(ccc3ccccc32)o1,CCCO,419.0
13962,O=c1cc(COc2ccc(I)cc2)c2c(ccc3ccccc32)o1,CCO,418.0
13963,O=c1cc(COc2ccc(I)cc2)c2c(ccc3ccccc32)o1,CCOC(C)=O,415.0
13964,O=c1cc(COc2ccc(I)cc2)c2c(ccc3ccccc32)o1,CN(C)C=O,420.0
13965,O=c1cc(COc2ccc(I)cc2)c2c(ccc3ccccc32)o1,CO,418.0
13966,O=c1cc(COc2ccc(I)cc2)c2c(ccc3ccccc32)o1,Cc1ccccc1,416.0
13967,O=c1cc(COc2ccc(I)cc2)c2c(ccc3ccccc32)o1,ClCCl,418.0
12236,N#Cc1ccc2c(c1)C1(c3cc(C#N)ccc3-2)c2ccccc2N(c2ccccc2)c2ccccc21,Cc1ccccc1,492.1768707
10560,Cc1ccc(C2=C3C=CC([Te]c4ccccc4)=[N+]3[B-](F)(F)n3c([Te]c4ccccc4)ccc32)cc1,C1CCOC1,659.0
11974,N#Cc1c(N2CCCCC2)cc(-c2ccc3c(c2)OCO3)c2c1-c1cccc3cccc-2c13,O,552.0
9960,Cc1cc(C)c(B2c3cc(C(C)(C)C)ccc3-c3c(-c4ccccc4)ccc4cc(C(C)(C)C)cc2c34)c(C)c1,C1CCCCC1,470.0
14602,c1ccc(-c2ccc(-c3cc(-c4ccc(-c5ccccc5)cc4)cc(-c4ccc(-c5ccccc5)cc4)c3)cc2)cc1,C1COCCO1,364.0
7235,COC(=O)CCC1=CC(C#Cc2cccs2)=[N+]2C1=Cc1c(CCC(=O)OC)cc(C#Cc3cccs3)n1[B-]2(F)F,ClCCl,681.0
12387,N=c1oc2ccccc2cc1-c1ccc([N+](=O)[O-])cc1,C1CCOC1,442.0
12388,N=c1oc2ccccc2cc1-c1ccc([N+](=O)[O-])cc1,CC#N,550.0
12389,N=c1oc2ccccc2cc1-c1ccc([N+](=O)[O-])cc1,CS(C)=O,589.0
12390,N=c1oc2ccccc2cc1-c1ccc([N+](=O)[O-])cc1,ClC(Cl)Cl,436.0
9353,COc1cccc2cc(-c3ccc([N+](=O)[O-])cc3)c(=N)oc12,C1CCOC1,374.0
9354,COc1cccc2cc(-c3ccc([N+](=O)[O-])cc3)c(=N)oc12,CC#N,366.0
9355,COc1cccc2cc(-c3ccc([N+](=O)[O-])cc3)c(=N)oc12,CS(C)=O,392.0
9356,COc1cccc2cc(-c3ccc([N+](=O)[O-])cc3)c(=N)oc12,ClC(Cl)Cl,380.0
9382,COc1ccccc1-c1nc(-c2ccccc2)c(-c2ccccc2)[nH]1,CO,375.0
14254,Oc1cccc(-c2nc(-c3ccccc3)c(-c3ccccc3)[nH]2)c1,CO,390.0
9279,COc1cccc(-c2nc(-c3ccccc3)c(-c3ccccc3)[nH]2)c1,CO,379.0
14282,Oc1ccccc1-c1nc(-c2ccccc2)c(-c2ccccc2)[nH]1,CO,432.0
10316,Cc1ccc(-c2nc(-c3ccc(C#N)cc3)[nH]c2-c2ccc(C)cc2)cc1,CO,447.0
10317,Cc1ccc(-c2nc(-c3ccc(O)cc3)[nH]c2-c2ccc(C)cc2)cc1,CO,395.0
10318,Cc1ccc(-c2nc(-c3cccc(C#N)c3)[nH]c2-c2ccc(C)cc2)cc1,CO,453.0
10319,Cc1ccc(-c2nc(-c3cccc(O)c3)[nH]c2-c2ccc(C)cc2)cc1,CO,399.0
10320,Cc1ccc(-c2nc(-c3ccccc3O)[nH]c2-c2ccc(C)cc2)cc1,CO,430.0
12124,N#Cc1ccc(-c2nc(-c3ccccc3)c(-c3ccccc3)[nH]2)cc1,CO,435.0
12261,N#Cc1cccc(-c2nc(-c3ccccc3)c(-c3ccccc3)[nH]2)c1,CO,440.0
14186,Oc1ccc(-c2nc(-c3ccccc3)c(-c3ccccc3)[nH]2)cc1,CO,400.0
8294,COc1ccc(-c2nc(-c3ccc(C#N)cc3)[nH]c2-c2ccc(OC)cc2)cc1,CO,473.0
8295,COc1ccc(-c2nc(-c3ccc(C(=O)O)cc3)[nH]c2-c2ccc(OC)cc2)cc1,CO,447.0
14703,c1ccc(-c2nc(-c3ccccc3)c(-c3ccccc3)[nH]2)cc1,CC#N,387.0
8297,COc1ccc(-c2nc(-c3ccc(OC)cc3)c(-c3ccc(OC)cc3)[nH]2)cc1,CO,389.0
14704,c1ccc(-c2nc(-c3ccccc3)c(-c3ccccc3)[nH]2)cc1,CO,386.5
8299,COc1ccc(-c2nc(-c3cccc(C#N)c3)[nH]c2-c2ccc(OC)cc2)cc1,CO,478.0
8300,COc1ccc(-c2nc(-c3cccc(OC)c3)[nH]c2-c2ccc(OC)cc2)cc1,CO,399.0
8301,COc1ccc(-c2nc(-c3ccccc3)[nH]c2-c2ccc(OC)cc2)cc1,CO,397.0
8302,COc1ccc(-c2nc(-c3ccccc3)c(-c3ccccc3)[nH]2)cc1,CO,395.0
8308,COc1ccc(-c2nc(-c3ccccc3OC)[nH]c2-c2ccc(OC)cc2)cc1,CO,392.0
12803,O=C(O)c1ccc(-c2nc(-c3ccccc3)c(-c3ccccc3)[nH]2)cc1,CO,414.5
6444,CN(C)c1ccc(C=C2Cc3ccccc3C2=O)cc1,CC#N,534.0
6445,CN(C)c1ccc(C=C2Cc3ccccc3C2=O)cc1,CCOC(C)=O,497.0
6446,CN(C)c1ccc(C=C2Cc3ccccc3C2=O)cc1,Cc1ccccc1,467.0
9992,Cc1cc(C)c(C2=C3C=CC(c4ccc5c(ccc6ccccc65)c4)=[N+]3[B-](F)(F)n3c2ccc3-c2ccc3c(ccc4ccccc43)c2)c(C)c1,ClC(Cl)Cl,624.0
1150,CC(C)(C)c1ccc2c(c1)c1cc(C(C)(C)C)ccc1n2-c1ccc(C#Cc2ccc(C#Cc3ccc(C=C(C#N)C#N)cc3)cc2)cc1,ClCCl,474.0
5043,CC[N+](CC)=c1ccc2c(-c3ccccc3C(=O)O)c3c(=O)oc4c5c6c(cc4c3oc-2c1)CCCN6CCC5,CCO,674.0
5044,CC[N+](CC)=c1ccc2c(-c3ccccc3C(=O)O)c3c(=O)oc4c5c6c(cc4c3oc-2c1)CCCN6CCC5,ClC(Cl)Cl,664.0
5045,CC[N+](CC)=c1ccc2c(-c3ccccc3C(=O)O)c3c(=O)oc4c5c6c(cc4c3oc-2c1)CCCN6CCC5,O,684.0
4950,CCOC(=O)c1ccccc1-c1c2ccc(=[N+](CC)CC)cc-2oc2c1c(=O)oc1c3c4c(cc12)CCCN4CCC3,CCO,681.0
4951,CCOC(=O)c1ccccc1-c1c2ccc(=[N+](CC)CC)cc-2oc2c1c(=O)oc1c3c4c(cc12)CCCN4CCC3,ClC(Cl)Cl,669.0
4952,CCOC(=O)c1ccccc1-c1c2ccc(=[N+](CC)CC)cc-2oc2c1c(=O)oc1c3c4c(cc12)CCCN4CCC3,O,687.0
4937,CCOC(=O)c1ccc2nc(/N=N/c3ccc(N(CC)CC)cc3)sc2c1,ClCCl,571.0
4089,CCN(CC)c1ccc(/N=N/c2nc3ccc(Br)cc3s2)cc1,CC#N,580.0
4090,CCN(CC)c1ccc(/N=N/c2nc3ccc(Br)cc3s2)cc1,ClCCl,578.0
4091,CCN(CC)c1ccc(/N=N/c2nc3ccc(OC)cc3s2)cc1,CC#N,583.0
4092,CCN(CC)c1ccc(/N=N/c2nc3ccc(OC)cc3s2)cc1,ClCCl,574.0
4093,CCN(CC)c1ccc(/N=N/c2nc3ccc([N+](=O)[O-])cc3s2)cc1,CC#N,607.0
4094,CCN(CC)c1ccc(/N=N/c2nc3ccc([N+](=O)[O-])cc3s2)cc1,ClCCl,603.0
9256,COc1ccc2nc(/N=N/c3ccc(N(C)C)cc3)sc2c1,CC#N,574.0
9257,COc1ccc2nc(/N=N/c3ccc(N(C)C)cc3)sc2c1,ClCCl,572.0
4936,CCOC(=O)c1ccc2nc(/N=N/c3ccc(N(CC)CC)cc3)sc2c1,CC#N,582.0
15038,c1ccc(N2N=C(c3cccc4ccccc34)CC2c2ccc3ccc4cccc5ccc2c3c45)cc1,ClCCl,455.0
3468,CCCCCCc1ccsc1-c1cc2c3cc(-c4sccc4CCCCCC)c4nc(C(F)(F)C(F)(F)C(F)(F)F)nc5c(-c6sccc6CCCCCC)cc(c6cc(-c7sccc7CCCCCC)c7nc(C(F)(F)C(F)(F)C(F)(F)F)nc1c7c26)c3c45,C1CCOC1,627.0
10946,Cc1ccsc1-c1cc2c3cc(-c4sccc4C)c4nc(C(F)(F)C(F)(F)C(F)(F)F)nc5c(-c6sccc6C)cc(c6cc(-c7sccc7C)c7nc(C(F)(F)C(F)(F)C(F)(F)F)nc1c7c26)c3c45,C1CCOC1,627.0
14999,c1ccc(N(c2ccccc2)c2ccc(-c3nc(-c4ccc(N(c5ccccc5)c5ccccc5)cc4)c4ccccc4n3)cc2)cc1,CS(C)=O,568.0
15000,c1ccc(N(c2ccccc2)c2ccc(-c3nc(-c4ccc(N(c5ccccc5)c5ccccc5)cc4)c4ccccc4n3)cc2)cc1,ClCCl,534.0
14996,c1ccc(N(c2ccccc2)c2ccc(-c3nc(-c4ccc(N(c5ccccc5)c5ccccc5)cc4)c4ccccc4n3)cc2)cc1,C1CCCCC1,447.0
14997,c1ccc(N(c2ccccc2)c2ccc(-c3nc(-c4ccc(N(c5ccccc5)c5ccccc5)cc4)c4ccccc4n3)cc2)cc1,C1CCOC1,518.0
14998,c1ccc(N(c2ccccc2)c2ccc(-c3nc(-c4ccc(N(c5ccccc5)c5ccccc5)cc4)c4ccccc4n3)cc2)cc1,CC#N,565.0
6479,CN(C)c1ccc2c(c1)C(C)(C)C(=O)C=C2,O,554.0
4166,CCN(CC)c1ccc2c(c1)C(C)(C)C(=O)C=C2,O,552.0
1562,CC1(C)C(=O)C=Cc2ccc(N)cc21,O,526.0
1564,CC1(C)C(=O)C=Cc2ccc(O)cc21,O,522.0
4582,CCNc1ccc2c(c1)C(C)(C)C(=O)C=C2,O,541.0
10963,Cc1n[nH]c2c1C(c1ccc([N+](=O)[O-])cc1)C(C#N)=C(N)O2,C1CCOC1,393.0
10964,Cc1n[nH]c2c1C(c1ccc([N+](=O)[O-])cc1)C(C#N)=C(N)O2,C1COCCO1,390.0
10965,Cc1n[nH]c2c1C(c1ccc([N+](=O)[O-])cc1)C(C#N)=C(N)O2,CC#N,407.0
10966,Cc1n[nH]c2c1C(c1ccc([N+](=O)[O-])cc1)C(C#N)=C(N)O2,CCCCO,410.0
10967,Cc1n[nH]c2c1C(c1ccc([N+](=O)[O-])cc1)C(C#N)=C(N)O2,CCCO,411.0
10968,Cc1n[nH]c2c1C(c1ccc([N+](=O)[O-])cc1)C(C#N)=C(N)O2,CCO,414.0
10969,Cc1n[nH]c2c1C(c1ccc([N+](=O)[O-])cc1)C(C#N)=C(N)O2,CCOC(C)=O,396.0
10970,Cc1n[nH]c2c1C(c1ccc([N+](=O)[O-])cc1)C(C#N)=C(N)O2,CN(C)C=O,405.0
10971,Cc1n[nH]c2c1C(c1ccc([N+](=O)[O-])cc1)C(C#N)=C(N)O2,CO,417.0
10972,Cc1n[nH]c2c1C(c1ccc([N+](=O)[O-])cc1)C(C#N)=C(N)O2,CS(C)=O,404.0
10973,Cc1n[nH]c2c1C(c1ccc([N+](=O)[O-])cc1)C(C#N)=C(N)O2,Cc1ccccc1,387.0
10974,Cc1n[nH]c2c1C(c1ccc([N+](=O)[O-])cc1)C(C#N)=C(N)O2,ClCCl,402.0
6779,CN1C(=CC2=C([O-])C(=CC3=[N+](C)c4ccccc4C3(C)C)C2=C2C(=O)NC(=O)NC2=O)C(C)(C)c2ccccc21,ClC(Cl)Cl,665.0
10801,Cc1ccc2nc3cc4ccccc4cc3c(-c3ccccc3)c2c1,ClCCl,521.0
11574,Fc1ccc(-c2c3ccccc3nc3cc4ccccc4cc23)cc1,ClCCl,524.0
11093,Clc1ccc2nc3cc4ccccc4cc3c(-c3ccccc3)c2c1,ClCCl,527.0
11627,Fc1ccccc1-c1c2cc(Cl)ccc2nc2cc3ccccc3cc12,ClCCl,526.0
13838,O=[N+]([O-])c1ccc2nc3cc4ccccc4cc3c(-c3ccccc3)c2c1,ClCCl,602.0
14547,c1ccc(-c2c3ccccc3nc3cc4ccccc4cc23)cc1,ClCCl,525.0
15103,c1ccc2c(-c3cc4c(ccc5sccc54)s3)cccc2c1,ClCCl,405.0
232,C(=C/c1ccc(N(c2ccc(/C=C/c3ccc(-c4cc(-c5ccccc5)nc(-c5ccccc5)c4)cc3)cc2)c2ccc(/C=C/c3ccc(-c4cc(-c5ccccc5)nc(-c5ccccc5)c4)cc3)cc2)cc1)\c1ccc(-c2cc(-c3ccccc3)nc(-c3ccccc3)c2)cc1,C1CCOC1,496.0
233,C(=C/c1ccc(N(c2ccc(/C=C/c3ccc(-c4cc(-c5ccccc5)nc(-c5ccccc5)c4)cc3)cc2)c2ccc(/C=C/c3ccc(-c4cc(-c5ccccc5)nc(-c5ccccc5)c4)cc3)cc2)cc1)\c1ccc(-c2cc(-c3ccccc3)nc(-c3ccccc3)c2)cc1,Cc1ccccc1,466.0
3255,CCCCCCCCOC(=O)c1ccc(-c2cc3ccc4cc(-c5ccc(C(=O)OCCCCCCCC)cc5)cc5ccc(c2)c3c45)cc1,Cc1ccccc1,421.0
8877,COc1ccc(C2=[N+]3C(=Nc4c5c6cc(OC)c(OC)c(OC)c6c6cc(C(C)(C)C)ccc6c5c(-c5ccc(OC)cc5)n4[B-]3(F)F)c3c2c2ccc(C(C)(C)C)cc2c2c(OC)c(OC)c(OC)cc32)cc1,Cc1ccccc1,771.0
8878,COc1ccc(C2=[N+]3C(=Nc4c5c6ccccc6c6ccc(C(C)(C)C)cc6c5c(-c5ccc(OC)cc5)n4[B-]3(F)F)c3c2c2cc(C(C)(C)C)ccc2c2ccccc32)cc1,Cc1ccccc1,741.0
5995,CN(C)c1ccc(/C=C/c2ccc(-c3ccc(/C=C/c4ccc(N(C)C)cc4)s3)s2)cc1,CN(C)C=O,583.0
5996,CN(C)c1ccc(/C=C/c2ccc(-c3ccc(/C=C/c4ccc(N(C)C)cc4)s3)s2)cc1,Cc1ccccc1,521.0
4057,CCN(CC)c1ccc(/C=C/c2ccc(-c3ccc(/C=C/c4ccc(N(CC)CC)cc4)s3)s2)cc1,C1CCOC1,544.0
4058,CCN(CC)c1ccc(/C=C/c2ccc(-c3ccc(/C=C/c4ccc(N(CC)CC)cc4)s3)s2)cc1,CC#N,577.0
4059,CCN(CC)c1ccc(/C=C/c2ccc(-c3ccc(/C=C/c4ccc(N(CC)CC)cc4)s3)s2)cc1,CC(C)=O,570.0
4060,CCN(CC)c1ccc(/C=C/c2ccc(-c3ccc(/C=C/c4ccc(N(CC)CC)cc4)s3)s2)cc1,CN(C)C=O,586.0
4061,CCN(CC)c1ccc(/C=C/c2ccc(-c3ccc(/C=C/c4ccc(N(CC)CC)cc4)s3)s2)cc1,Cc1ccccc1,530.0
5992,CN(C)c1ccc(/C=C/c2ccc(-c3ccc(/C=C/c4ccc(N(C)C)cc4)s3)s2)cc1,C1CCOC1,535.0
5993,CN(C)c1ccc(/C=C/c2ccc(-c3ccc(/C=C/c4ccc(N(C)C)cc4)s3)s2)cc1,CC#N,574.0
5994,CN(C)c1ccc(/C=C/c2ccc(-c3ccc(/C=C/c4ccc(N(C)C)cc4)s3)s2)cc1,CC(C)=O,564.0
14593,c1ccc(-c2cc(-c3ccccc3)cc(-c3ccc4c(c3)C3(c5ccccc5-4)c4ccccc4-c4c3c3c5ccccc5c(-c5cc(-c6ccccc6)cc(-c6ccccc6)c5)cc3c3ccccc43)c2)cc1,C1CCOC1,440.0
6953,COC(=O)/C=C/c1sc(-c2ccc(N(C)C)s2)c(-c2ccsc2)c1N,CC#N,557.0
9616,C[Si]1(C)C2=C(c3cc4c(cc31)C1=C(c3ccccc3S1(=O)=O)[Si]4(C)C)S(=O)(=O)c1ccccc12,C1CCOC1,470.0
15120,c1ccc2c(-c3nc4sc5ccccc5c4s3)cccc2c1,CS(C)=O,447.0
13204,O=C1OCC2=C1C(c1ccccc1)c1cc3c(cc1N2CCO)CCC3,CCCCCCCCO,407.0
13205,O=C1OCC2=C1C(c1ccccc1)c1cc3c(cc1N2CCO)CCC3,CCCCO,410.0
13206,O=C1OCC2=C1C(c1ccccc1)c1cc3c(cc1N2CCO)CCC3,CCO,410.0
13207,O=C1OCC2=C1C(c1ccccc1)c1cc3c(cc1N2CCO)CCC3,CO,413.0
13208,O=C1OCC2=C1C(c1ccccc1)c1cc3c(cc1N2CCO)CCC3,ClC(Cl)Cl,419.0
13209,O=C1OCC2=C1C(c1ccccc1)c1cc3c(cc1N2CCO)CCC3,ClCCl,420.0
13210,O=C1OCC2=C1C(c1ccccc1)c1cc3c(cc1N2CCO)CCC3,O,423.0
13197,O=C1OCC2=C1C(c1ccccc1)c1cc3c(cc1N2CCO)CCC3,C1CCCCC1,381.0
13198,O=C1OCC2=C1C(c1ccccc1)c1cc3c(cc1N2CCO)CCC3,C1CCOC1,395.0
13199,O=C1OCC2=C1C(c1ccccc1)c1cc3c(cc1N2CCO)CCC3,C1COCCO1,392.0
13200,O=C1OCC2=C1C(c1ccccc1)c1cc3c(cc1N2CCO)CCC3,CC#N,400.0
13201,O=C1OCC2=C1C(c1ccccc1)c1cc3c(cc1N2CCO)CCC3,CC(C)O,409.0
13202,O=C1OCC2=C1C(c1ccccc1)c1cc3c(cc1N2CCO)CCC3,CCCCCC,387.0
13203,O=C1OCC2=C1C(c1ccccc1)c1cc3c(cc1N2CCO)CCC3,CCCCCCC,389.0
1348,CC(C)[Si](C#Cc1c2cc3ccccc3cc2c(C#C[Si](C(C)C)(C(C)C)C(C)C)c2nc3c(ccc4ccccc43)nc12)(C(C)C)C(C)C,CCCCCC,661.0
13780,O=[N+]([O-])c1ccc(-n2c3ccccc3c3c2c2ccccc2n3-c2ccccc2)cc1,Cc1ccccc1,660.0
12135,N#Cc1ccc(-n2c3ccccc3c3c2c2ccccc2n3-c2ccccc2)cc1,Cc1ccccc1,460.0
14899,c1ccc(-n2c3ccccc3c3c2c2ccccc2n3-c2ccccc2)cc1,Cc1ccccc1,376.0
823,CC(C)(C)C1Nc2ccccc2C(=O)N1c1ccccc1,CC#N,417.0
824,CC(C)(C)C1Nc2ccccc2C(=O)N1c1ccccc1,CCCCCCCCCCCCCCCC,388.0
825,CC(C)(C)C1Nc2ccccc2C(=O)N1c1ccccc1,CO,449.0
826,CC(C)(C)C1Nc2ccccc2C(=O)N1c1ccccc1,ClC(Cl)Cl,409.0
827,CC(C)(C)C1Nc2ccccc2C(=O)N1c1ccccc1,c1ccccc1,400.0
8939,COc1ccc(N2C(=O)c3ccccc3NC2C(C)(C)C)cc1,CC#N,413.0
8940,COc1ccc(N2C(=O)c3ccccc3NC2C(C)(C)C)cc1,CO,444.0
8941,COc1ccc(N2C(=O)c3ccccc3NC2C(C)(C)C)cc1,ClC(Cl)Cl,410.0
8942,COc1ccc(N2C(=O)c3ccccc3NC2C(C)(C)C)cc1,c1ccccc1,400.0
12875,O=C(c1ccc(/C(=C(/c2ccccc2)c2ccc(C(=O)c3ccc(-n4c5ccccc5c5ccccc54)cc3)cc2)c2ccccc2)cc1)c1ccc(-n2c3ccccc3c3ccccc32)cc1,C1CCOC1,502.0
12994,O=C1C=C(Nc2ccccc2)CCC1,C1CCCCC1,335.0
12995,O=C1C=C(Nc2ccccc2)CCC1,C1COCCO1,349.0
12996,O=C1C=C(Nc2ccccc2)CCC1,CC#N,360.0
12997,O=C1C=C(Nc2ccccc2)CCC1,CC(C)O,372.0
12998,O=C1C=C(Nc2ccccc2)CCC1,CC1CCCCC1,334.0
12999,O=C1C=C(Nc2ccccc2)CCC1,CCO,346.0
13000,O=C1C=C(Nc2ccccc2)CCC1,CCOC(C)=O,332.0
13001,O=C1C=C(Nc2ccccc2)CCC1,CCOCC,371.0
13002,O=C1C=C(Nc2ccccc2)CCC1,CN(C)C=O,349.0
13003,O=C1C=C(Nc2ccccc2)CCC1,CO,370.0
13004,O=C1C=C(Nc2ccccc2)CCC1,CS(C)=O,365.0
13005,O=C1C=C(Nc2ccccc2)CCC1,ClC(Cl)Cl,362.0
13006,O=C1C=C(Nc2ccccc2)CCC1,O,380.0
3271,CCCCCCCCOc1ccc(C#Cc2ccc3c(c2)c2ccccc2n3CCCCCCCC)c(OCCCCCCCC)c1,ClCCl,375.0
14980,c1ccc(N(c2ccccc2)c2ccc(-c3ccc4c(c3)C3(c5ccccc5Oc5ccccc53)c3cc(-c5ccc(N(c6ccccc6)c6ccccc6)cc5)ccc3-4)cc2)cc1,ClCCl,457.0
14981,c1ccc(N(c2ccccc2)c2ccc(-c3ccc4c(c3)C3(c5ccccc5Oc5ccccc53)c3cc(-c5ccc(N(c6ccccc6)c6ccccc6)cc5)ccc3-4)cc2)cc1,c1cc(-n2c3ccccc3c3ccccc32)cc(-n2c3ccccc3c3ccccc32)c1,441.0
2866,CCCCC1(CCCC)c2cc(C#Cc3ccc(C=C(c4ccccc4)c4ccccc4)cc3)ccc2-c2ccc(C#Cc3ccc(C=C(c4ccccc4)c4ccccc4)cc3)cc21,C1CCOC1,416.0
2867,CCCCC1(CCCC)c2cc(C#Cc3ccc(C=C4c5ccccc5-c5ccccc54)cc3)ccc2-c2ccc(C#Cc3ccc(C=C4c5ccccc5-c5ccccc54)cc3)cc21,C1CCOC1,406.0
9640,C[Si]1(C)c2ccc(C#Cc3ccccc3)cc2C=Cc2cc(C#Cc3ccccc3)ccc21,ClCCl,375.0
8411,COc1ccc(-n2nc(C#N)c(N3CCCCC3)n2)cc1,CC#N,415.0
10655,Cc1ccc(NC(=O)c2ccc(N(C)C)cc2)cc1,C1CCCCC1,465.0
10656,Cc1ccc(NC(=O)c2ccc(N(C)C)cc2)cc1,C1CCOC1,532.0
10657,Cc1ccc(NC(=O)c2ccc(N(C)C)cc2)cc1,CC#N,502.0
10658,Cc1ccc(NC(=O)c2ccc(N(C)C)cc2)cc1,CCOCC,518.0
6311,CN(C)c1ccc(C(=O)Nc2ccc(Cl)cc2)cc1,C1CCCCC1,435.0
6312,CN(C)c1ccc(C(=O)Nc2ccc(Cl)cc2)cc1,C1CCOC1,490.0
6313,CN(C)c1ccc(C(=O)Nc2ccc(Cl)cc2)cc1,CC#N,498.0
6314,CN(C)c1ccc(C(=O)Nc2ccc(Cl)cc2)cc1,CCOCC,481.0
6315,CN(C)c1ccc(C(=O)Nc2ccc(F)cc2)cc1,C1CCCCC1,452.0
6316,CN(C)c1ccc(C(=O)Nc2ccc(F)cc2)cc1,C1CCOC1,504.0
6317,CN(C)c1ccc(C(=O)Nc2ccc(F)cc2)cc1,CC#N,492.0
6318,CN(C)c1ccc(C(=O)Nc2ccc(F)cc2)cc1,CCOCC,500.0
6319,CN(C)c1ccc(C(=O)Nc2ccc([N+](=O)[O-])cc2)cc1,C1CCCCC1,360.0
6320,CN(C)c1ccc(C(=O)Nc2ccc([N+](=O)[O-])cc2)cc1,C1CCOC1,400.0
6321,CN(C)c1ccc(C(=O)Nc2ccc([N+](=O)[O-])cc2)cc1,CC#N,430.0
6322,CN(C)c1ccc(C(=O)Nc2ccc([N+](=O)[O-])cc2)cc1,CCOCC,536.0
6323,CN(C)c1ccc(C(=O)Nc2cccc(Br)c2)cc1,C1CCCCC1,338.0
6324,CN(C)c1ccc(C(=O)Nc2cccc(Br)c2)cc1,C1CCOC1,455.0
6325,CN(C)c1ccc(C(=O)Nc2cccc(Br)c2)cc1,CC#N,496.0
6326,CN(C)c1ccc(C(=O)Nc2cccc(Br)c2)cc1,CCOCC,445.0
6327,CN(C)c1ccc(C(=O)Nc2cccc(Cl)c2)cc1,C1CCCCC1,338.0
6328,CN(C)c1ccc(C(=O)Nc2cccc(Cl)c2)cc1,C1CCOC1,455.0
6329,CN(C)c1ccc(C(=O)Nc2cccc(Cl)c2)cc1,CC#N,496.0
6330,CN(C)c1ccc(C(=O)Nc2cccc(Cl)c2)cc1,CCOCC,445.0
6331,CN(C)c1ccc(C(=O)Nc2ccccc2)cc1,C1CCCCC1,448.0
6332,CN(C)c1ccc(C(=O)Nc2ccccc2)cc1,C1CCOC1,500.0
6333,CN(C)c1ccc(C(=O)Nc2ccccc2)cc1,CC#N,494.0
6334,CN(C)c1ccc(C(=O)Nc2ccccc2)cc1,CCOCC,494.0
10847,Cc1cccc(NC(=O)c2ccc(N(C)C)cc2)c1,C1CCCCC1,452.0
10848,Cc1cccc(NC(=O)c2ccc(N(C)C)cc2)c1,C1CCOC1,518.0
10849,Cc1cccc(NC(=O)c2ccc(N(C)C)cc2)c1,CC#N,502.0
10850,Cc1cccc(NC(=O)c2ccc(N(C)C)cc2)c1,CCOCC,498.0
7396,COC(=O)c1ccc(NC(=O)c2ccc(N(C)C)cc2)cc1,C1CCCCC1,434.0
7397,COC(=O)c1ccc(NC(=O)c2ccc(N(C)C)cc2)cc1,C1CCOC1,470.0
7398,COC(=O)c1ccc(NC(=O)c2ccc(N(C)C)cc2)cc1,CC#N,516.0
7399,COC(=O)c1ccc(NC(=O)c2ccc(N(C)C)cc2)cc1,CCOCC,456.0
750,CC(=O)c1ccc(NC(=O)c2ccc(N(C)C)cc2)cc1,C1CCCCC1,345.0
751,CC(=O)c1ccc(NC(=O)c2ccc(N(C)C)cc2)cc1,C1CCOC1,468.0
752,CC(=O)c1ccc(NC(=O)c2ccc(N(C)C)cc2)cc1,CC#N,550.0
753,CC(=O)c1ccc(NC(=O)c2ccc(N(C)C)cc2)cc1,CCOCC,470.0
1298,CC(C)(C)c1ccc2oc3nc4oc5ccc(N6c7ccccc7Oc7ccccc76)cc5c4cc3c2c1,ClC(Cl)Cl,491.0
11286,FC(F)(F)c1ccc2oc3nc4oc5ccc(N6c7ccccc7Oc7ccccc76)cc5c4cc3c2c1,ClC(Cl)Cl,489.0
12179,N#Cc1ccc(C#Cc2ccc3ccc4ccc(C#Cc5ccc(C#N)cc5)c5ccc2c3c45)cc1,Cc1ccccc1,446.4
12180,N#Cc1ccc(C#Cc2ccc3ccc4ccc(C#Cc5ccc(C#N)cc5)c5ccc2c3c45)cc1,ClCCl,448.8
6276,CN(C)c1ccc(C#Cc2ccc3ccc4ccc(C#Cc5ccc(N(C)C)cc5)c5ccc2c3c45)cc1,CO,555.1
6278,CN(C)c1ccc(C#Cc2ccc3ccc4ccc(C#Cc5ccc(N(C)C)cc5)c5ccc2c3c45)cc1,ClCCl,532.7
12502,Nc1ccc(C#Cc2ccc3ccc4ccc(C#Cc5ccc(N)cc5)c5ccc2c3c45)cc1,C1COCCO1,476.0
12503,Nc1ccc(C#Cc2ccc3ccc4ccc(C#Cc5ccc(N)cc5)c5ccc2c3c45)cc1,CC(C)=O,538.0
12504,Nc1ccc(C#Cc2ccc3ccc4ccc(C#Cc5ccc(N)cc5)c5ccc2c3c45)cc1,CCCCCC,444.0
12505,Nc1ccc(C#Cc2ccc3ccc4ccc(C#Cc5ccc(N)cc5)c5ccc2c3c45)cc1,CCCCCCO,534.0
12506,Nc1ccc(C#Cc2ccc3ccc4ccc(C#Cc5ccc(N)cc5)c5ccc2c3c45)cc1,CCO,540.0
12507,Nc1ccc(C#Cc2ccc3ccc4ccc(C#Cc5ccc(N)cc5)c5ccc2c3c45)cc1,CCOC(C)=O,506.0
12508,Nc1ccc(C#Cc2ccc3ccc4ccc(C#Cc5ccc(N)cc5)c5ccc2c3c45)cc1,CO,557.0
12509,Nc1ccc(C#Cc2ccc3ccc4ccc(C#Cc5ccc(N)cc5)c5ccc2c3c45)cc1,Cc1ccccc1,463.0
12510,Nc1ccc(C#Cc2ccc3ccc4ccc(C#Cc5ccc(N)cc5)c5ccc2c3c45)cc1,ClCCl,492.0
12173,N#Cc1ccc(C#Cc2ccc3ccc4ccc(C#Cc5ccc(C#N)cc5)c5ccc2c3c45)cc1,CC(C)=O,445.8
6270,CN(C)c1ccc(C#Cc2ccc3ccc4ccc(C#Cc5ccc(N(C)C)cc5)c5ccc2c3c45)cc1,C1COCCO1,491.8
6271,CN(C)c1ccc(C#Cc2ccc3ccc4ccc(C#Cc5ccc(N(C)C)cc5)c5ccc2c3c45)cc1,CC(C)=O,570.9
6272,CN(C)c1ccc(C#Cc2ccc3ccc4ccc(C#Cc5ccc(N(C)C)cc5)c5ccc2c3c45)cc1,CCCCCC,459.0
6273,CN(C)c1ccc(C#Cc2ccc3ccc4ccc(C#Cc5ccc(N(C)C)cc5)c5ccc2c3c45)cc1,CCCCCCO,531.8
6274,CN(C)c1ccc(C#Cc2ccc3ccc4ccc(C#Cc5ccc(N(C)C)cc5)c5ccc2c3c45)cc1,CCO,543.0
6275,CN(C)c1ccc(C#Cc2ccc3ccc4ccc(C#Cc5ccc(N(C)C)cc5)c5ccc2c3c45)cc1,CCOC(C)=O,529.9
12172,N#Cc1ccc(C#Cc2ccc3ccc4ccc(C#Cc5ccc(C#N)cc5)c5ccc2c3c45)cc1,C1COCCO1,443.3
6277,CN(C)c1ccc(C#Cc2ccc3ccc4ccc(C#Cc5ccc(N(C)C)cc5)c5ccc2c3c45)cc1,Cc1ccccc1,482.0
12174,N#Cc1ccc(C#Cc2ccc3ccc4ccc(C#Cc5ccc(C#N)cc5)c5ccc2c3c45)cc1,CCCCCC,435.5
12175,N#Cc1ccc(C#Cc2ccc3ccc4ccc(C#Cc5ccc(C#N)cc5)c5ccc2c3c45)cc1,CCCCCCO,448.0
12176,N#Cc1ccc(C#Cc2ccc3ccc4ccc(C#Cc5ccc(C#N)cc5)c5ccc2c3c45)cc1,CCO,445.5
12177,N#Cc1ccc(C#Cc2ccc3ccc4ccc(C#Cc5ccc(C#N)cc5)c5ccc2c3c45)cc1,CCOC(C)=O,442.4
12178,N#Cc1ccc(C#Cc2ccc3ccc4ccc(C#Cc5ccc(C#N)cc5)c5ccc2c3c45)cc1,CO,445.3
5540,CN(C)c1cc(-c2ccc(C#Cc3cc[n+](C)cc3)cc2)cc2ccccc12,ClCCl,510.0
11063,ClP1(Cl)=NP(Cl)(Cl)=NP(Cl)(Oc2ccc3ccc4cccc5ccc2c3c45)=N1,ClCCl,417.0
9647,C[Si]1(c2ccccc2)C(c2ccc3c4ccccc4n(-c4ccccc4)c3c2)=C(c2ccccc2)C(c2ccccc2)=C1c1ccc2c3ccccc3n(-c3ccccc3)c2c1,C1CCOC1,525.0
10353,Cc1ccc(-n2c3ccccc3c3cc(-c4ccc5[n+](c4)[B-](F)(F)n4c-5nc5c6ccccc6c6ccccc6c54)ccc32)cc1,ClC(Cl)Cl,529.0
9934,Cc1cc(C)c(B(c2ccc(-c3ccc4ccc5cccc6ccc3c4c56)cc2)c2c(C)cc(C)cc2C)c(C)c1,Cc1ccccc1,431.0
1382,CC(C)[Si](C#Cc1c2nsnc2c(C#C[Si](C(C)C)(C(C)C)C(C)C)c2nc3c(nc12)C1c2ccccc2C3c2ccccc21)(C(C)C)C(C)C,CCCCCC,526.0
11943,N#Cc1c(-n2c3ccccc3c3ccccc32)nc(-n2c3ccccc3c3ccccc32)c(C#N)c1-c1ccccc1,c1cc(-c2cccc(-n3c4ccccc4c4ccccc43)c2)cc(-n2c3ccccc3c3ccccc32)c1,475.0
3323,CCCCCCN(CCCCCC)c1ccc(C#Cc2ccc(C#Cc3ccc(-c4ccc(C#Cc5ccc(C#Cc6ccc(N(CCCCCC)CCCCCC)cc6)cc5)cc4)cc3)cc2)cc1,Cc1ccccc1,433.0
14461,c1cc2c3c4c5c(cccc5cc3c1)-c1cccn1B4n1cccc1-2,C1CCOC1,601.0
9633,C[Si]1(C)c2cc(-c3cccs3)ccc2C=Cc2ccc(-c3cccs3)cc21,ClCCl,415.0
5259,CCn1c(-c2ccc(-c3ccc4c(c3)C3(c5ccccc5-c5ccccc53)c3ccccc3-4)cc2)c(-c2ccc3ccccc3c2)c(-c2ccc3ccccc3c2)c1-c1ccc(-c2ccc3c(c2)C2(c4ccccc4-c4ccccc42)c2ccccc2-3)cc1,CCOC(C)=O,441.0
12517,Nc1ccc2c(-c3ccc(C(=O)CN4C(=O)CCC4=O)cc3C(=O)[O-])c3ccc(=[NH2+])c(S(=O)(=O)[O-])c-3oc2c1S(=O)(=O)[O-],O,519.0
9559,C[P+](c1c2ccccc2cc2ccccc12)(c1c2ccccc2cc2ccccc12)c1c2ccccc2cc2ccccc12,C1CCOC1,494.0
13439,O=Cc1cc(N2CCCCC2)c2ccc3c(N4CCCCC4)cc(N4CCCCC4)c4ccc1c2c43,C1COCCO1,557.0
13440,O=Cc1cc(N2CCCCC2)c2ccc3c(N4CCCCC4)cc(N4CCCCC4)c4ccc1c2c43,CC#N,596.0
13441,O=Cc1cc(N2CCCCC2)c2ccc3c(N4CCCCC4)cc(N4CCCCC4)c4ccc1c2c43,CC(C)=O,581.0
13442,O=Cc1cc(N2CCCCC2)c2ccc3c(N4CCCCC4)cc(N4CCCCC4)c4ccc1c2c43,CCCCCC,520.0
13443,O=Cc1cc(N2CCCCC2)c2ccc3c(N4CCCCC4)cc(N4CCCCC4)c4ccc1c2c43,CCO,635.0
13444,O=Cc1cc(N2CCCCC2)c2ccc3c(N4CCCCC4)cc(N4CCCCC4)c4ccc1c2c43,CCOC(C)=O,562.0
13445,O=Cc1cc(N2CCCCC2)c2ccc3c(N4CCCCC4)cc(N4CCCCC4)c4ccc1c2c43,CO,643.0
13446,O=Cc1cc(N2CCCCC2)c2ccc3c(N4CCCCC4)cc(N4CCCCC4)c4ccc1c2c43,CS(C)=O,601.0
13447,O=Cc1cc(N2CCCCC2)c2ccc3c(N4CCCCC4)cc(N4CCCCC4)c4ccc1c2c43,Cc1ccccc1,554.0
13448,O=Cc1cc(N2CCCCC2)c2ccc3c(N4CCCCC4)cc(N4CCCCC4)c4ccc1c2c43,ClCCl,597.0
5289,CCn1c2ccccc2c2c3nsnc3c3c4ccccc4n(CC)c3c21,CN(C)C=O,500.0
5290,CCn1c2ccccc2c2c3nsnc3c3c4ccccc4n(CC)c3c21,Cc1ccccc1,470.0
5291,CCn1c2ccccc2c2c3nsnc3c3c4ccccc4n(CC)c3c21,ClCCl,497.0
9074,COc1ccc2c(c1)[nH]c1c3[nH]c4cc(OC)ccc4c3c3nsnc3c21,CN(C)C=O,544.0
9075,COc1ccc2c(c1)[nH]c1c3[nH]c4cc(OC)ccc4c3c3nsnc3c21,Cc1ccccc1,501.0
9076,COc1ccc2c(c1)[nH]c1c3[nH]c4cc(OC)ccc4c3c3nsnc3c21,ClCCl,540.0
15193,c1ccc2c(c1)[nH]c1c3[nH]c4ccccc4c3c3nsnc3c21,CN(C)C=O,493.0
15194,c1ccc2c(c1)[nH]c1c3[nH]c4ccccc4c3c3nsnc3c21,Cc1ccccc1,456.0
15195,c1ccc2c(c1)[nH]c1c3[nH]c4ccccc4c3c3nsnc3c21,ClCCl,489.0
5272,CCn1c2cc(C(C)(C)C)ccc2c2c3nsnc3c3c4ccc(C(C)(C)C)cc4n(CC)c3c21,CN(C)C=O,515.0
5273,CCn1c2cc(C(C)(C)C)ccc2c2c3nsnc3c3c4ccc(C(C)(C)C)cc4n(CC)c3c21,Cc1ccccc1,489.0
5274,CCn1c2cc(C(C)(C)C)ccc2c2c3nsnc3c3c4ccc(C(C)(C)C)cc4n(CC)c3c21,ClCCl,515.0
5275,CCn1c2cc(OC)ccc2c2c3nsnc3c3c4ccc(OC)cc4n(CC)c3c21,CN(C)C=O,557.0
5276,CCn1c2cc(OC)ccc2c2c3nsnc3c3c4ccc(OC)cc4n(CC)c3c21,Cc1ccccc1,517.0
5277,CCn1c2cc(OC)ccc2c2c3nsnc3c3c4ccc(OC)cc4n(CC)c3c21,ClCCl,553.0
1109,CC(C)(C)c1ccc2c(c1)[nH]c1c3[nH]c4cc(C(C)(C)C)ccc4c3c3nsnc3c21,CN(C)C=O,507.0
1110,CC(C)(C)c1ccc2c(c1)[nH]c1c3[nH]c4cc(C(C)(C)C)ccc4c3c3nsnc3c21,Cc1ccccc1,472.0
1111,CC(C)(C)c1ccc2c(c1)[nH]c1c3[nH]c4cc(C(C)(C)C)ccc4c3c3nsnc3c21,ClCCl,502.0
785,CC(=O)c1ccn2c3c(c(/C=C/c4cc[n+](C)cc4)c2c1)CN(C)C3=O,O,551.0
15074,c1ccc(Nc2nc(Nc3ccccc3)nc(Nc3ccc4cc5ccccc5cc4c3)n2)cc1,C1COCCO1,442.0
15075,c1ccc(Nc2nc(Nc3ccccc3)nc(Nc3ccc4cc5ccccc5cc4c3)n2)cc1,CC#N,441.0
15076,c1ccc(Nc2nc(Nc3ccccc3)nc(Nc3ccc4cc5ccccc5cc4c3)n2)cc1,CCCCOCCCC,441.0
15077,c1ccc(Nc2nc(Nc3ccccc3)nc(Nc3ccc4cc5ccccc5cc4c3)n2)cc1,CCOC(C)=O,440.0
9213,COc1ccc2cc(C3=[N+]4C(=Nc5c(-c6ccc7ccccc7c6)cc(-c6ccc7cc(OC)ccc7c6)n5[B-]4(F)F)C(c4ccc5ccccc5c4)=C3)ccc2c1,ClCCl,754.0
8849,COc1ccc(C2=Nc3sc(-c4ccccc4)n[n+]3[B-](F)(F)O2)cc1,Cc1ccccc1,414.0
8290,COc1ccc(-c2n[n+]3c(s2)N=C(c2ccccc2)O[B-]3(F)F)cc1,Cc1ccccc1,436.0
11333,F[B-]1(F)OC(c2ccccc2)=Nc2sc(-c3ccccc3)n[n+]21,C1CCOC1,402.0
11334,F[B-]1(F)OC(c2ccccc2)=Nc2sc(-c3ccccc3)n[n+]21,CC#N,415.0
11335,F[B-]1(F)OC(c2ccccc2)=Nc2sc(-c3ccccc3)n[n+]21,CCO,409.0
11336,F[B-]1(F)OC(c2ccccc2)=Nc2sc(-c3ccccc3)n[n+]21,CCOC(C)=O,411.0
11337,F[B-]1(F)OC(c2ccccc2)=Nc2sc(-c3ccccc3)n[n+]21,CN(C)C=O,419.0
11338,F[B-]1(F)OC(c2ccccc2)=Nc2sc(-c3ccccc3)n[n+]21,Cc1ccccc1,410.0
11339,F[B-]1(F)OC(c2ccccc2)=Nc2sc(-c3ccccc3)n[n+]21,ClC(Cl)Cl,413.0
11340,F[B-]1(F)OC(c2ccccc2)=Nc2sc(-c3ccccc3)n[n+]21,ClCCl,412.0
13802,O=[N+]([O-])c1ccc(C2=Nc3sc(-c4ccccc4)n[n+]3[B-](F)(F)O2)cc1,Cc1ccccc1,409.0
11200,Cn1cc(-c2nc3ccccc3nc2/C=C/N2CCCC2)c2ccccc21,CCO,548.0524345
11198,Cn1cc(-c2nc3ccccc3nc2/C=C/N2CCCC2)c2ccccc21,CC#N,556.9662921
11199,Cn1cc(-c2nc3ccccc3nc2/C=C/N2CCCC2)c2ccccc21,CC(C)=O,465.9925094
13558,O=P(c1ccccc1)(c1ccccc1)c1ccc(-n2c(-c3cccc(P(=O)(c4ccccc4)c4ccccc4)c3)nc3ccccc32)cc1,ClCCl,376.0
2771,CCCCC(CC)CN1C(=O)c2cccc3c(C#Cc4ccc(N(c5ccccc5)c5ccc(C#Cc6ccc7c8c(cccc68)C(=O)N(CC(CC)CCCC)C7=O)cc5)cc4)ccc(c23)C1=O,C1CCCCC1,472.0
2772,CCCCC(CC)CN1C(=O)c2cccc3c(C#Cc4ccc(N(c5ccccc5)c5ccc(C#Cc6ccc7c8c(cccc68)C(=O)N(CC(CC)CCCC)C7=O)cc5)cc4)ccc(c23)C1=O,C1CCOC1,631.0
2773,CCCCC(CC)CN1C(=O)c2cccc3c(C#Cc4ccc(N(c5ccccc5)c5ccc(C#Cc6ccc7c8c(cccc68)C(=O)N(CC(CC)CCCC)C7=O)cc5)cc4)ccc(c23)C1=O,CC#N,549.0
2774,CCCCC(CC)CN1C(=O)c2cccc3c(C#Cc4ccc(N(c5ccccc5)c5ccc(C#Cc6ccc7c8c(cccc68)C(=O)N(CC(CC)CCCC)C7=O)cc5)cc4)ccc(c23)C1=O,Cc1ccccc1,514.0
2775,CCCCC(CC)CN1C(=O)c2cccc3c(C#Cc4ccc(N(c5ccccc5)c5ccc(C#Cc6ccc7c8c(cccc68)C(=O)N(CC(CC)CCCC)C7=O)cc5)cc4)ccc(c23)C1=O,ClC(Cl)Cl,587.0
14527,c1cc2oc3cccc4oc5cccc6oc(c1)c2[c+](c34)c65,CC#N,524.0
14878,c1ccc(-n2c(-c3ccc(-c4ccc5c(c4)C4(c6ccccc6-5)c5ccccc5-c5ccc(-c6ccc(-c7nc8ccccc8n7-c7ccccc7)cc6)c6cccc4c56)cc3)nc3ccccc32)cc1,ClC(Cl)Cl,440.0
7773,COc1cc(/C=C/c2nc3ccccc3s2)c(OC)cc1/C=C/c1ccncc1,Cc1ccccc1,470.0
7770,COc1cc(/C=C/c2nc3ccccc3s2)c(OC)cc1/C=C/c1ccncc1,C1CCOC1,473.0
7771,COc1cc(/C=C/c2nc3ccccc3s2)c(OC)cc1/C=C/c1ccncc1,CC#N,487.0
7772,COc1cc(/C=C/c2nc3ccccc3s2)c(OC)cc1/C=C/c1ccncc1,CN(C)C=O,485.0
9945,Cc1cc(C)c(B(c2ccc(C#Cc3cc4ccc5cc(C#Cc6ccc(B(c7c(C)cc(C)cc7C)c7c(C)cc(C)cc7C)cc6)cc6ccc(c3)c4c56)cc2)c2c(C)cc(C)cc2C)c(C)c1,Cc1ccccc1,426.0
2849,CCCCC(CC)Cn1c2ccccc2c2cc(-c3cc4c(cc3F)-c3cc(F)c(-c5ccc6c(c5)c5ccccc5n6CC(CC)CCCC)cc3S4(=O)=O)ccc21,ClC(Cl)Cl,454.0
2852,CCCCC(CC)Cn1c2ccccc2c2cc(-c3ccc4c(c3)S(=O)(=O)c3cc(-c5ccc6c(c5)c5ccccc5n6CC(CC)CCCC)ccc3-4)ccc21,Cc1ccccc1,433.0
2853,CCCCC(CC)Cn1c2ccccc2c2cc(-c3ccc4c(c3)S(=O)(=O)c3cc(-c5ccc6c(c5)c5ccccc5n6CC(CC)CCCC)ccc3-4)ccc21,ClC(Cl)Cl,458.0
2848,CCCCC(CC)Cn1c2ccccc2c2cc(-c3cc4c(cc3F)-c3cc(F)c(-c5ccc6c(c5)c5ccccc5n6CC(CC)CCCC)cc3S4(=O)=O)ccc21,Cc1ccccc1,432.0
7966,COc1cc(OC)cc(C2=[O+][B-](F)(F)OC(c3cccs3)=C2)c1,Cc1ccccc1,502.2456576
7967,COc1cc(OC)cc(C2=[O+][B-](F)(F)OC(c3cccs3)=C2)c1,ClCCl,567.0
7965,COc1cc(OC)cc(C2=[O+][B-](F)(F)OC(c3cccs3)=C2)c1,CCCCCC,434.8759305
3396,CCCCCCOc1ccc(/C=C/c2ccc(N(c3ccc(/C=C/c4ccc(OCCCCCC)cc4)cc3)c3ccc(-c4nc5ccccc5nc4-c4ccc(N(c5ccc(/C=C/c6ccc(OCCCCCC)cc6)cc5)c5ccc(/C=C/c6ccc(OCCCCCC)cc6)cc5)cc4)cc3)cc2)cc1,Cc1ccccc1,505.0
1066,CC(C)(C)c1ccc(/C=C/c2ccc(N(c3ccc(/C=C/c4ccc(C(C)(C)C)cc4)cc3)c3ccc(-c4nc5ccccc5nc4-c4ccc(N(c5ccc(/C=C/c6ccc(C(C)(C)C)cc6)cc5)c5ccc(/C=C/c6ccc(C(C)(C)C)cc6)cc5)cc4)cc3)cc2)cc1,C1CCOC1,515.0
1067,CC(C)(C)c1ccc(/C=C/c2ccc(N(c3ccc(/C=C/c4ccc(C(C)(C)C)cc4)cc3)c3ccc(-c4nc5ccccc5nc4-c4ccc(N(c5ccc(/C=C/c6ccc(C(C)(C)C)cc6)cc5)c5ccc(/C=C/c6ccc(C(C)(C)C)cc6)cc5)cc4)cc3)cc2)cc1,Cc1ccccc1,497.0
3395,CCCCCCOc1ccc(/C=C/c2ccc(N(c3ccc(/C=C/c4ccc(OCCCCCC)cc4)cc3)c3ccc(-c4nc5ccccc5nc4-c4ccc(N(c5ccc(/C=C/c6ccc(OCCCCCC)cc6)cc5)c5ccc(/C=C/c6ccc(OCCCCCC)cc6)cc5)cc4)cc3)cc2)cc1,C1CCOC1,518.0
3766,CCCCc1cc2cccc[n+]2[b-]2ccc(-c3cc[b-]4c(c3)c(CCCC)cc3cccc[n+]43)cc21,C1CCCCC1,543.0
2763,CCCCC#Cc1cccc2cc(CCCC)c3cc(-c4cc[b-]5c(c4)c(CCCC)cc4cccc(C#CCCCC)[n+]54)cc[b-]3[n+]12,C1CCCCC1,598.0
536,C=CC1CN2CCC1CC2[C@@H](OCc1ccccc1)c1ccnc2ccc(O)cc12,C1CCOC1,358.0
537,C=CC1CN2CCC1CC2[C@@H](OCc1ccccc1)c1ccnc2ccc(O)cc12,CC#N,362.0
538,C=CC1CN2CCC1CC2[C@@H](OCc1ccccc1)c1ccnc2ccc(O)cc12,CCCC#N,361.0
539,C=CC1CN2CCC1CC2[C@@H](OCc1ccccc1)c1ccnc2ccc(O)cc12,Cc1ccccc1,355.0
540,C=CC1CN2CCC1CC2[C@@H](OCc1ccccc1)c1ccnc2ccc(O)cc12,ClCCl,363.0
3501,CCCCCOc1cc2oc(=O)c3c4ccc(C#N)cc4c4ccc5cccc6c(c1)c2c3c4c56,C1CCOC1,444.0
3504,CCCCCOc1cc2oc(=O)c3c4ccc(N)cc4c4ccc5cccc6c(c1)c2c3c4c56,C1CCOC1,550.0
3505,CCCCCOc1cc2oc(=O)c3c4ccc(O)cc4c4ccc5cccc6c(c1)c2c3c4c56,C1CCOC1,459.0
9099,COc1ccc2c(c1)c1ccc3cccc4c5cccc6oc(=O)c2c(c65)c1c34,C1CCOC1,440.0
3507,CCCCCOc1ccc2c(c1)c1ccc3cccc4c5cc(OC)cc6oc(=O)c2c(c65)c1c34,C1CCOC1,454.0
3508,CCCCCOc1ccc2c(c1)c1ccc3cccc4c5cccc6oc(=O)c2c(c65)c1c34,C1CCOC1,462.0
14016,O=c1oc2cccc3c4cccc5ccc6c7cc(F)ccc7c1c(c23)c6c54,C1CCOC1,424.0
14017,O=c1oc2cccc3c4cccc5ccc6c7ccccc7c1c(c23)c6c54,C1CCOC1,446.0
7997,COc1cc2c(c(OC)c1OC)c1ccc3cccc4c5cccc6oc(=O)c2c(c65)c1c34,C1CCOC1,492.0
8099,COc1cc2oc(=O)c3c4ccc(C=O)cc4c4ccc5cccc6c(c1)c2c3c4c56,C1CCOC1,442.0
8100,COc1cc2oc(=O)c3c4ccc(N(C)C)cc4c4ccc5cccc6c(c1)c2c3c4c56,C1CCOC1,577.0
1244,CC(C)(C)c1ccc2c(c1)c1ccc3cccc4c5cccc6oc(=O)c2c(c65)c1c34,C1CCOC1,424.0
12371,N#Cc1nn(-c2ccc(Cl)cc2)nc1N1CCCC1,CC#N,429.0
9392,COc1ccccc1-n1nc(C#N)c(N2CCCC2)n1,CC#N,418.0
12372,N#Cc1nn(-c2ccc(F)cc2)nc1N1CCCC1,CC#N,422.0
12373,N#Cc1nn(-c2cccc(C(F)(F)F)c2)nc1N1CCCC1,CC#N,430.0
12374,N#Cc1nn(-c2ccccc2)nc1N1CCCC1,CC#N,423.0
8404,COc1ccc(-n2nc(C#N)c(N3CCCC3)n2)cc1,CC#N,418.0
8405,COc1ccc(-n2nc(C#N)c(N3CCCC3)n2)cc1,CCCCCC,389.0
8406,COc1ccc(-n2nc(C#N)c(N3CCCC3)n2)cc1,CCO,415.0
8407,COc1ccc(-n2nc(C#N)c(N3CCCC3)n2)cc1,CN(C)C=O,418.0
8408,COc1ccc(-n2nc(C#N)c(N3CCCC3)n2)cc1,CO,416.0
8409,COc1ccc(-n2nc(C#N)c(N3CCCC3)n2)cc1,ClC(Cl)Cl,406.0
8410,COc1ccc(-n2nc(C#N)c(N3CCCC3)n2)cc1OC,CC#N,417.0
12375,N#Cc1nn(-c2ccccc2C(F)(F)F)nc1N1CCCC1,CC#N,433.0
12376,N#Cc1nn(-c2ccccc2Cl)nc1N1CCCC1,CC#N,426.0
12141,N#Cc1ccc(-n2nc(C#N)c(N3CCCC3)n2)cc1,CC#N,446.0
4966,CCOC(=O)c1nn(-c2ccc(OC)cc2)nc1N1CCCC1,CC#N,423.0
12369,N#Cc1nn(-c2c(Cl)cccc2Cl)nc1N1CCCC1,CC#N,418.0
12370,N#Cc1nn(-c2cc(F)cc(F)c2)nc1N1CCCC1,CC#N,435.0
13597,O=P1(c2ccccc2)C(c2cccs2)=C(c2cccs2)c2ccccc21,C1CCOC1,427.0
10738,Cc1ccc2c(c1)C1(c3ccccc3-c3ccccc31)c1cc(C)ccc1N2c1ccc(-c2ncccn2)cc1,Cc1ccccc1,461.0
10739,Cc1ccc2c(c1)C1(c3ccccc3-c3ccccc31)c1cc(C)ccc1N2c1ccc(-c2ncccn2)cc1,O=P(c1ccccc1)(c1ccccc1)c1ccc2oc3ccc(P(=O)(c4ccccc4)c4ccccc4)cc3c2c1,466.0
14898,c1ccc(-n2c3c(c4c2-c2ccccc2C42c4ccccc4-c4ccccc42)C2(c4ccccc4-c4ccccc42)c2ccccc2-3)cc1,C1CCOC1,408.0
11342,F[B-]1(F)Oc2c(ccc3c4c(ccc23)C=[N+](c2ccccc2)[B-](F)(F)O4)C=[N+]1c1ccccc1,Cc1ccccc1,538.0
11343,F[B-]1(F)Oc2c(ccc3c4c(ccc23)C=[N+](c2ccccc2)[B-](F)(F)O4)C=[N+]1c1ccccc1,ClCCl,533.0
9961,Cc1cc(C)c(B2c3cc(C(C)(C)C)ccc3-c3cc4ccccc4c4cc(C(C)(C)C)cc2c34)c(C)c1,C1CCCCC1,420.0
1011,CC(C)(C)c1ccc(-c2nc3c4ccc(-c5cccc6ccccc56)cc4c4cc(-c5cccc6ccccc56)ccc4c3n2-c2ccc(C(C)(C)C)cc2)cc1,C1CCOC1,386.0
1012,CC(C)(C)c1ccc(-c2nc3c4ccc(-c5cccc6ccccc56)cc4c4cc(-c5cccc6ccccc56)ccc4c3n2-c2ccc(C(C)(C)C)cc2)cc1,C1COCCO1,385.0
1013,CC(C)(C)c1ccc(-c2nc3c4ccc(-c5cccc6ccccc56)cc4c4cc(-c5cccc6ccccc56)ccc4c3n2-c2ccc(C(C)(C)C)cc2)cc1,CC#N,391.0
1014,CC(C)(C)c1ccc(-c2nc3c4ccc(-c5cccc6ccccc56)cc4c4cc(-c5cccc6ccccc56)ccc4c3n2-c2ccc(C(C)(C)C)cc2)cc1,CCCCCC,381.0
1015,CC(C)(C)c1ccc(-c2nc3c4ccc(-c5cccc6ccccc56)cc4c4cc(-c5cccc6ccccc56)ccc4c3n2-c2ccc(C(C)(C)C)cc2)cc1,CCCCOCCCC,383.0
1016,CC(C)(C)c1ccc(-c2nc3c4ccc(-c5cccc6ccccc56)cc4c4cc(-c5cccc6ccccc56)ccc4c3n2-c2ccc(C(C)(C)C)cc2)cc1,CCN(CC)CC,382.0
1017,CC(C)(C)c1ccc(-c2nc3c4ccc(-c5cccc6ccccc56)cc4c4cc(-c5cccc6ccccc56)ccc4c3n2-c2ccc(C(C)(C)C)cc2)cc1,CCOC(C)=O,385.0
1018,CC(C)(C)c1ccc(-c2nc3c4ccc(-c5cccc6ccccc56)cc4c4cc(-c5cccc6ccccc56)ccc4c3n2-c2ccc(C(C)(C)C)cc2)cc1,CCOCC,382.0
1019,CC(C)(C)c1ccc(-c2nc3c4ccc(-c5cccc6ccccc56)cc4c4cc(-c5cccc6ccccc56)ccc4c3n2-c2ccc(C(C)(C)C)cc2)cc1,CN(C)C=O,394.0
1020,CC(C)(C)c1ccc(-c2nc3c4ccc(-c5cccc6ccccc56)cc4c4cc(-c5cccc6ccccc56)ccc4c3n2-c2ccc(C(C)(C)C)cc2)cc1,Cc1ccccc1,385.0
1021,CC(C)(C)c1ccc(-c2nc3c4ccc(-c5cccc6ccccc56)cc4c4cc(-c5cccc6ccccc56)ccc4c3n2-c2ccc(C(C)(C)C)cc2)cc1,ClC=C(Cl)Cl,386.0
1022,CC(C)(C)c1ccc(-c2nc3c4ccc(-c5cccc6ccccc56)cc4c4cc(-c5cccc6ccccc56)ccc4c3n2-c2ccc(C(C)(C)C)cc2)cc1,ClCCl,388.0
11825,N#CC1=C(N)n2c(=O)c3ccccc3c(=O)n2C1c1cccs1,CS(C)=O,446.0
4688,CCOC(=O)C1=C(N)n2c(=O)c3ccccc3c(=O)n2C1c1cccs1,CS(C)=O,439.0
6053,CN(C)c1ccc(/C=C/c2cnc(/C=C/c3ccc(C#N)cc3)o2)cc1,ClCCl,640.0
11371,F[B-]1(F)n2c(-c3cccs3)cc(-c3cccs3)c2N=C2C(c3cccs3)=CC(c3cccs3)=[N+]21,C1CCOC1,763.0
11372,F[B-]1(F)n2c(-c3cccs3)cc(-c3cccs3)c2N=C2C(c3cccs3)=CC(c3cccs3)=[N+]21,CC#N,757.0
11373,F[B-]1(F)n2c(-c3cccs3)cc(-c3cccs3)c2N=C2C(c3cccs3)=CC(c3cccs3)=[N+]21,CS(C)=O,775.0
11374,F[B-]1(F)n2c(-c3cccs3)cc(-c3cccs3)c2N=C2C(c3cccs3)=CC(c3cccs3)=[N+]21,Cc1ccccc1,765.0
11375,F[B-]1(F)n2c(-c3cccs3)cc(-c3cccs3)c2N=C2C(c3cccs3)=CC(c3cccs3)=[N+]21,ClCCl,764.0
12680,O=C(/C=C/c1cn(-c2ccccc2)nc1-c1ccccc1)c1c(O)c2ccccc2oc1=O,C1CCOC1,489.0
12681,O=C(/C=C/c1cn(-c2ccccc2)nc1-c1ccccc1)c1c(O)c2ccccc2oc1=O,C1COCCO1,482.0
12682,O=C(/C=C/c1cn(-c2ccccc2)nc1-c1ccccc1)c1c(O)c2ccccc2oc1=O,CCO,507.0
12683,O=C(/C=C/c1cn(-c2ccccc2)nc1-c1ccccc1)c1c(O)c2ccccc2oc1=O,CCOC(C)=O,487.0
12684,O=C(/C=C/c1cn(-c2ccccc2)nc1-c1ccccc1)c1c(O)c2ccccc2oc1=O,CN(C)C=O,505.0
12685,O=C(/C=C/c1cn(-c2ccccc2)nc1-c1ccccc1)c1c(O)c2ccccc2oc1=O,CO,504.0
12686,O=C(/C=C/c1cn(-c2ccccc2)nc1-c1ccccc1)c1c(O)c2ccccc2oc1=O,CS(C)=O,510.0
12687,O=C(/C=C/c1cn(-c2ccccc2)nc1-c1ccccc1)c1c(O)c2ccccc2oc1=O,Cc1ccccc1,480.0
12688,O=C(/C=C/c1cn(-c2ccccc2)nc1-c1ccccc1)c1c(O)c2ccccc2oc1=O,ClC(Cl)Cl,493.0
12689,O=C(/C=C/c1cn(-c2ccccc2)nc1-c1ccccc1)c1c(O)c2ccccc2oc1=O,ClCCl,502.0
11020,Cc1nc2cc3c4c(cccc4c2o1)C(=O)OC3=O,CCO,412.0
3273,CCCCCCCCOc1ccc(C2=C(c3ccc(OCCCCCCCC)cc3)C(C)(C)c3ccccc32)cc1,C1CCCCC1,390.0
8761,COc1ccc(C2=C(c3ccc(OC)cc3)C(C)(C)c3cc(OC)ccc32)cc1,C1CCCCC1,398.0
8763,COc1ccc(C2=C(c3ccc(OC)cc3)C(C)(C)c3ccccc32)cc1,C1CCCCC1,391.0
9639,C[Si]1(C)c2ccc(-c3cccs3)cc2C=Cc2cc(-c3cccs3)ccc21,ClCCl,373.0
541,C=CC1CN2CCC1CC2[C@H](O)c1ccnc2ccc(OC)cc12,O,451.0
604,CB1C=Cc2ccc3ccccc3c2N1c1ccccc1,C1CCCCC1,387.0
14118,OCc1cc(/N=N\c2ccc(-c3ccc4ccccc4c3)cc2F)ccc1O,CS(C)=O,430.0
14114,OCc1cc(/N=N/c2ccc(-c3ccc4ccccc4c3)cc2F)ccc1O,CS(C)=O,446.0
8875,COc1ccc(C2=[N+]3C(=Nc4c(-c5ccccc5-c5ccc(C(C)(C)C)cc5)cc(-c5ccc(OC)cc5)n4[B-]3(F)F)c3c2c2cc(C(C)(C)C)ccc2c2ccccc32)cc1,Cc1ccccc1,723.0
11769,N#CC(C#N)=C(c1cccc(N(c2ccccc2)c2ccccc2)c1)c1cccc(N(c2ccccc2)c2ccccc2)c1,C1CCCCC1,415.6652361
11770,N#CC(C#N)=C(c1cccc(N(c2ccccc2)c2ccccc2)c1)c1cccc(N(c2ccccc2)c2ccccc2)c1,CC(C)=O,505.5793991
11771,N#CC(C#N)=C(c1cccc(N(c2ccccc2)c2ccccc2)c1)c1cccc(N(c2ccccc2)c2ccccc2)c1,CN(C)C=O,518.4549356
11772,N#CC(C#N)=C(c1cccc(N(c2ccccc2)c2ccccc2)c1)c1cccc(N(c2ccccc2)c2ccccc2)c1,Cc1ccccc1,442.9184549
11773,N#CC(C#N)=C(c1cccc(N(c2ccccc2)c2ccccc2)c1)c1cccc(N(c2ccccc2)c2ccccc2)c1,ClC(Cl)Cl,489.055794
941,CC(C)(C)c1ccc(-c2cc(-c3ccc(-c4cc(-c5ccc(C(C)(C)C)cc5)c(C(=O)NCc5cccs5)s4)s3)sc2C(=O)NCc2cccs2)cc1,ClCCl,450.0
11096,Clc1ccccc1N1c2c(sc3ccccc23)Sc2sc3ccccc3c21,ClCCl,574.0
10940,Cc1ccccc1N1c2c(sc3ccccc23)Sc2sc3ccccc3c21,ClCCl,583.0
10576,Cc1ccc(C2=C3C=CC4=[N+]3[P-](=O)(=O)n3c2ccc3-c2ccc([nH]2)/C(c2ccc(C)cc2)=c2/cc/c(o2)=C(\c2ccc(C)cc2)c2ccc4[nH]2)cc1,ClC(Cl)Cl,714.0
13972,O=c1cc2cc(O)c3cc(O)cc4ccc(o1)c2c43,CC1CCCO1,483.0
13973,O=c1cc2cc(O)c3cccc4ccc(o1)c2c43,CC1CCCO1,472.0
14010,O=c1oc2ccc3cccc4c(O)c(Cl)c(c1Cl)c2c34,CC1CCCO1,500.0
7639,COc1c(Br)c2cc(=O)oc3ccc4cccc1c4c32,CC1CCCO1,487.0
3416,CCCCCCOc1ccc2ccc3oc(=O)cc4cc(OCCCCCC)c1c2c43,CC1CCCO1,490.0
3387,CCCCCCOc1cc2cc(=O)oc3ccc4cccc1c4c23,CC1CCCO1,468.0
13969,O=c1cc2c(Br)c(O)c3cccc4ccc(o1)c2c43,CC1CCCO1,484.0
13970,O=c1cc2c(S(=O)(=O)O)c(O)c3cccc4ccc(o1)c2c43,CC1CCCO1,472.0
13971,O=c1cc2cc(O)c3c(O)ccc4ccc(o1)c2c43,CC1CCCO1,486.0
12614,Nc1ccc2nc3c4ccccc4c(=[NH2+])cc-3oc2c1,CCO,619.0
14719,c1ccc(-c2nc(-c3ccccc3)nc(-c3cc(-n4c5ccccc5c5ncccc54)c(-n4c5ccccc5c5ncccc54)c(-n4c5ccccc5c5ncccc54)c3)n2)cc1,Cc1ccccc1,435.7615894
8636,COc1ccc(C#Cc2c3ccccc3c(C#Cc3ccc(OC)cc3)c3ccccc23)cc1,ClCCl,492.0
4193,CCN(CC)c1ccc2c(c1)oc(=O)c1cc3cnn(-c4ccccc4)c3nc12,ClCCl,501.0
4192,CCN(CC)c1ccc2c(c1)oc(=O)c1cc3c(C)nn(-c4ccccc4)c3nc12,ClCCl,499.0
3525,CCCCCn1c2cc(/C=C/c3ccc(N(c4ccccc4)c4ccccc4)cc3)ccc2c2ccc(/C=C/c3ccc(N(c4ccccc4)c4ccccc4)cc3)cc21,Cc1ccccc1,451.0
1920,CC1=C(Cc2ccccc2)C(C)=[N+]2C1=C(C)c1c(C)c(-c3csc(N4CCOCC4)n3)c(C)n1[B-]2(F)F,CC#N,537.0
1921,CC1=C(Cc2ccccc2)C(C)=[N+]2C1=C(C)c1c(C)c(-c3csc(N4CCOCC4)n3)c(C)n1[B-]2(F)F,CC(C)O,543.0
1922,CC1=C(Cc2ccccc2)C(C)=[N+]2C1=C(C)c1c(C)c(-c3csc(N4CCOCC4)n3)c(C)n1[B-]2(F)F,CCO,538.0
1923,CC1=C(Cc2ccccc2)C(C)=[N+]2C1=C(C)c1c(C)c(-c3csc(N4CCOCC4)n3)c(C)n1[B-]2(F)F,CCOC(C)=O,545.0
1924,CC1=C(Cc2ccccc2)C(C)=[N+]2C1=C(C)c1c(C)c(-c3csc(N4CCOCC4)n3)c(C)n1[B-]2(F)F,CN(C)C=O,537.0
1925,CC1=C(Cc2ccccc2)C(C)=[N+]2C1=C(C)c1c(C)c(-c3csc(N4CCOCC4)n3)c(C)n1[B-]2(F)F,CO,539.0
1926,CC1=C(Cc2ccccc2)C(C)=[N+]2C1=C(C)c1c(C)c(-c3csc(N4CCOCC4)n3)c(C)n1[B-]2(F)F,CS(C)=O,548.0
1927,CC1=C(Cc2ccccc2)C(C)=[N+]2C1=C(C)c1c(C)c(-c3csc(N4CCOCC4)n3)c(C)n1[B-]2(F)F,Cc1ccccc1,603.0
1928,CC1=C(Cc2ccccc2)C(C)=[N+]2C1=C(C)c1c(C)c(-c3csc(N4CCOCC4)n3)c(C)n1[B-]2(F)F,ClC(Cl)Cl,607.0
1929,CC1=C(Cc2ccccc2)C(C)=[N+]2C1=C(C)c1c(C)c(-c3csc(N4CCOCC4)n3)c(C)n1[B-]2(F)F,ClCCl,535.0
1918,CC1=C(Cc2ccccc2)C(C)=[N+]2C1=C(C)c1c(C)c(-c3csc(N4CCOCC4)n3)c(C)n1[B-]2(F)F,C1CCOC1,620.0
1919,CC1=C(Cc2ccccc2)C(C)=[N+]2C1=C(C)c1c(C)c(-c3csc(N4CCOCC4)n3)c(C)n1[B-]2(F)F,C1COCCO1,602.0
2838,CCCCC(CC)Cn1c2cc(C#N)ccc2c2ccc(C#N)cc21,ClCCl,396.0
5415,CCn1c2ccccc2c2ccc(C#N)cc21,C1CCCCC1,373.0
15196,c1ccc2c(c1)[nH]c1ccccc12,CC#N,340.0
15197,c1ccc2c(c1)[nH]c1ccccc12,CCCCCC,332.0
15198,c1ccc2c(c1)[nH]c1ccccc12,CCO,339.0
8046,COc1cc2c(cc1C=C(C#N)C#N)c1ccccc1n2C,C1CCOC1,479.0
8047,COc1cc2c(cc1C=C(C#N)C#N)c1ccccc1n2C,CC#N,515.0
8048,COc1cc2c(cc1C=C(C#N)C#N)c1ccccc1n2C,CCOC(C)=O,470.0
8049,COc1cc2c(cc1C=C(C#N)C#N)c1ccccc1n2C,CN(C)C=O,526.0
8050,COc1cc2c(cc1C=C(C#N)C#N)c1ccccc1n2C,CO,520.0
8051,COc1cc2c(cc1C=C(C#N)C#N)c1ccccc1n2C,CS(C)=O,531.0
8052,COc1cc2c(cc1C=C(C#N)C#N)c1ccccc1n2C,Cc1ccccc1,457.0
8053,COc1cc2c(cc1C=C(C#N)C#N)c1ccccc1n2C,ClC(Cl)Cl,474.0
8054,COc1cc2c(cc1C=C(C#N)C#N)c1ccccc1n2C,ClCCl,481.0
4594,CCOC(=O)/C(C#N)=C/c1cc2c3ccccc3n(C)c2cc1OC,C1CCOC1,460.0
4595,CCOC(=O)/C(C#N)=C/c1cc2c3ccccc3n(C)c2cc1OC,CC#N,486.0
4596,CCOC(=O)/C(C#N)=C/c1cc2c3ccccc3n(C)c2cc1OC,CCOC(C)=O,458.0
4597,CCOC(=O)/C(C#N)=C/c1cc2c3ccccc3n(C)c2cc1OC,CN(C)C=O,486.0
4598,CCOC(=O)/C(C#N)=C/c1cc2c3ccccc3n(C)c2cc1OC,CO,486.0
4599,CCOC(=O)/C(C#N)=C/c1cc2c3ccccc3n(C)c2cc1OC,CS(C)=O,488.0
4600,CCOC(=O)/C(C#N)=C/c1cc2c3ccccc3n(C)c2cc1OC,Cc1ccccc1,446.0
4601,CCOC(=O)/C(C#N)=C/c1cc2c3ccccc3n(C)c2cc1OC,ClC(Cl)Cl,468.0
4602,CCOC(=O)/C(C#N)=C/c1cc2c3ccccc3n(C)c2cc1OC,ClCCl,472.0
3837,CCCCn1c2ccc(C#N)cc2c2cc(C#N)ccc21,ClCCl,357.0
10233,Cc1ccc(-c2c3nc(c(-c4ccc(C)cc4)c4ccc(s4)c(-c4ccco4)c4nc(c(-c5ccc(C)cc5)c5ccc2[nH]5)C=C4)C=C3)cc1,ClCCl,698.0
9716,Cc1c2c(c(C)c3ccccc13)C1=CC3Nc4ccccc4NC3C=C12,ClC(Cl)Cl,502.0
3579,CCCCN(CCCC)c1ccc2nc3c4ccccc4c(=O)c(OC(=C(C(F)(C(F)(F)F)C(F)(F)F)C(F)(C(F)(F)F)C(F)(F)F)C(F)(F)F)c-3oc2c1,ClCCl,631.0
4412,CCN(CC)c1ccc2nc3c4ccccc4c(=O)cc-3oc2c1,C1COCCO1,582.0
3580,CCCCN(CCCC)c1ccc2nc3c4ccccc4c(=O)cc-3oc2c1,ClCCl,609.0
4413,CCN(CC)c1ccc2nc3c4ccccc4c(=O)cc-3oc2c1,CC#N,620.0
4414,CCN(CC)c1ccc2nc3c4ccccc4c(=O)cc-3oc2c1,CC(C)=O,614.0
4415,CCN(CC)c1ccc2nc3c4ccccc4c(=O)cc-3oc2c1,CCCCCC,532.0
4417,CCN(CC)c1ccc2nc3c4ccccc4c(=O)cc-3oc2c1,CCOC(C)=O,594.0
4418,CCN(CC)c1ccc2nc3c4ccccc4c(=O)cc-3oc2c1,CO,643.0
4419,CCN(CC)c1ccc2nc3c4ccccc4c(=O)cc-3oc2c1,CS(C)=O,635.0
4420,CCN(CC)c1ccc2nc3c4ccccc4c(=O)cc-3oc2c1,Cc1ccccc1,572.0
4421,CCN(CC)c1ccc2nc3c4ccccc4c(=O)cc-3oc2c1,ClCCl,608.0
4416,CCN(CC)c1ccc2nc3c4ccccc4c(=O)cc-3oc2c1,CCO,638.0
9609,C[Si](C)(c1ccc(-c2nc3ccccc3n2-c2ccccc2)cc1)c1ccc(-c2nc3ccccc3n2-c2ccccc2)cc1,ClCCl,359.0
11449,F[B-]1(F)n2c(cc3sc4ccccc4c32)C(c2ccc(I)cc2)=C2C=c3sc4ccccc4c3=[N+]21,ClC(Cl)Cl,673.0
6507,CN(C)c1ccc2c3c(c(=O)oc2c1)C=c1cc2c(cc1O3)=[N+](CCC(=O)O)CCC2,CC#N,644.0
6508,CN(C)c1ccc2c3c(c(=O)oc2c1)C=c1cc2c(cc1O3)=[N+](CCC(=O)O)CCC2,CO,640.0
6509,CN(C)c1ccc2c3c(c(=O)oc2c1)C=c1cc2c(cc1O3)=[N+](CCC(=O)O)CCC2,ClCCl,638.0
6510,CN(C)c1ccc2c3c(c(=O)oc2c1)C=c1cc2c(cc1O3)=[N+](CCC(=O)O)CCC2,O,641.0
4760,CCOC(=O)CC[N+]1=c2cc3c(cc2CCC1)=Cc1c(c2ccc(N(C)C)cc2oc1=O)O3,CC#N,643.0
4761,CCOC(=O)CC[N+]1=c2cc3c(cc2CCC1)=Cc1c(c2ccc(N(C)C)cc2oc1=O)O3,CO,641.0
4762,CCOC(=O)CC[N+]1=c2cc3c(cc2CCC1)=Cc1c(c2ccc(N(C)C)cc2oc1=O)O3,ClCCl,637.0
4763,CCOC(=O)CC[N+]1=c2cc3c(cc2CCC1)=Cc1c(c2ccc(N(C)C)cc2oc1=O)O3,O,644.0
487,C1=CC2C=c3c(cc4cccc5cc6ccccc6c3c45)C3=c4ccccc4=CC(=C1)C32,ClCCl,683.0
15281,c1ccc2cc3c(cc2c1)-c1cccc2c1c-3cc1ccccc12,CCCCCCC,401.0
11007,Cc1nc2c(ccc3c2sc(/C=C/c2ccc(N(C)C)cc2)[n+]3C)s1,CO,600.0
11008,Cc1nc2c(ccc3c2sc(/C=C/c2ccc(N(C)C)cc2)[n+]3C)s1,ClC(Cl)Cl,603.0
11009,Cc1nc2c(ccc3c2sc(/C=C/c2ccc(N(CCO)CCO)cc2)[n+]3C)s1,CO,601.0
11010,Cc1nc2c(ccc3c2sc(/C=C/c2ccc(N(CCO)CCO)cc2)[n+]3C)s1,ClC(Cl)Cl,603.0
7523,COCCN(CCOC)c1ccc(/C=C/c2sc3c4nc(C)sc4ccc3[n+]2C)cc1,CO,601.0
7524,COCCN(CCOC)c1ccc(/C=C/c2sc3c4nc(C)sc4ccc3[n+]2C)cc1,ClC(Cl)Cl,601.0
322,C(=C/c1cnc2ccccc2n1)\c1ccc(N2CCCCC2)cc1,C1CCOC1,557.0
323,C(=C/c1cnc2ccccc2n1)\c1ccc(N2CCCCC2)cc1,CC#N,617.0
324,C(=C/c1cnc2ccccc2n1)\c1ccc(N2CCCCC2)cc1,CCCCCCC,480.0
325,C(=C/c1cnc2ccccc2n1)\c1ccc(N2CCCCC2)cc1,CS(C)=O,626.0
326,C(=C/c1cnc2ccccc2n1)\c1ccc(N2CCCCC2)cc1,ClCCl,583.0
4689,CCOC(=O)C1=CN(Cc2ccccc2)C=C(C(=O)OCC)C1,C1CCOC1,420.0
4690,CCOC(=O)C1=CN(Cc2ccccc2)C=C(C(=O)OCC)C1,CO,433.0
10385,Cc1ccc(/C2=c3\cc/c(o3)=C(\c3ccc(C)cc3)c3ccc([nH]3)-c3ccc4n3[P-](=O)(=O)[N+]3=C(C=CC3=C4c3cccs3)c3ccc2[nH]3)cc1,ClC(Cl)Cl,736.0
14482,c1cc2ccc3[se]c4ccc5cccc6c(c1)c2c3c4c56,ClC(Cl)Cl,424.0
9957,Cc1cc(C)c(B2c3cc(C(C)(C)C)cc4c5ccccc5c5c6ccccc6c6cc(C(C)(C)C)cc2c6c5c34)c(C)c1,C1CCCCC1,439.0
7765,COc1cc(/C=C/c2nc3ccccc3o2)c(OC)cc1/C=C/c1nc(C)nc(/C=C/c2cc(OC)c(/C=C/c3nc4ccccc4o3)cc2OC)n1,ClCCl,496.0
7762,COc1cc(/C=C/c2nc3ccccc3o2)c(OC)cc1/C=C/c1nc(C)nc(/C=C/c2cc(OC)c(/C=C/c3nc4ccccc4o3)cc2OC)n1,C1CCOC1,487.0
7763,COc1cc(/C=C/c2nc3ccccc3o2)c(OC)cc1/C=C/c1nc(C)nc(/C=C/c2cc(OC)c(/C=C/c3nc4ccccc4o3)cc2OC)n1,CC#N,502.0
7764,COc1cc(/C=C/c2nc3ccccc3o2)c(OC)cc1/C=C/c1nc(C)nc(/C=C/c2cc(OC)c(/C=C/c3nc4ccccc4o3)cc2OC)n1,ClC(Cl)Cl,494.0
4483,CCN1C(=O)C(C2C(=O)c3c4ccccc4cc4cc5ccccc5c2c34)C(=O)N(CC)C1=S,C1CCOC1,571.0
4484,CCN1C(=O)C(C2C(=O)c3c4ccccc4cc4cc5ccccc5c2c34)C(=O)N(CC)C1=S,CCCCCC,544.0
4485,CCN1C(=O)C(C2C(=O)c3c4ccccc4cc4cc5ccccc5c2c34)C(=O)N(CC)C1=S,Cc1ccccc1,564.0
4486,CCN1C(=O)C(C2C(=O)c3c4ccccc4cc4cc5ccccc5c2c34)C(=O)N(CC)C1=S,ClCCl,582.0
6730,CN(c1ccccc1)c1ccc(N(c2ccccc2)c2ccc3ccc4c(N(c5ccccc5)c5ccc(N(C)c6ccccc6)cc5)ccc5ccc2c3c54)cc1,ClCCl,620.0
8134,COc1ccc(-c2c3nc(cc4ccc([nH]4)c(-c4ccc(OC)c(OCC(=O)O)c4)c4nc(cc5ccc2[nH]5)C=C4)C=C3)cc1OCC(=O)O,CS(C)=O,644.0
12773,O=C(O)COc1cccc(-c2c3nc(cc4ccc([nH]4)c(-c4cccc(OCC(=O)O)c4)c4nc(cc5ccc2[nH]5)C=C4)C=C3)c1,CS(C)=O,633.0
8137,COc1ccc(-c2c3nc(cc4ccc([nH]4)c(-c4ccc(OC)c(OCCCC(=O)O)c4)c4nc(cc5ccc2[nH]5)C=C4)C=C3)cc1OCCCC(=O)O,CS(C)=O,639.0
12761,O=C(O)CCCOc1cccc(-c2c3nc(cc4ccc([nH]4)c(-c4cccc(OCCCC(=O)O)c4)c4nc(cc5ccc2[nH]5)C=C4)C=C3)c1,CS(C)=O,632.0
7725,COc1cc(-c2nnc(-c3ccc4ccc5cccc6ccc3c4c56)o2)cc(OC)c1OC,C1CCOC1,426.0
7726,COc1cc(-c2nnc(-c3ccc4ccc5cccc6ccc3c4c56)o2)cc(OC)c1OC,CC#N,427.0
7727,COc1cc(-c2nnc(-c3ccc4ccc5cccc6ccc3c4c56)o2)cc(OC)c1OC,CC1CCCCC1,430.0
7728,COc1cc(-c2nnc(-c3ccc4ccc5cccc6ccc3c4c56)o2)cc(OC)c1OC,CCCCCC,423.0
7729,COc1cc(-c2nnc(-c3ccc4ccc5cccc6ccc3c4c56)o2)cc(OC)c1OC,Cc1ccccc1,428.0
7730,COc1cc(-c2nnc(-c3ccc4ccc5cccc6ccc3c4c56)o2)cc(OC)c1OC,ClC(Cl)Cl,428.0
10325,Cc1ccc(-c2nnc(-c3ccc4ccc5cccc6ccc3c4c56)o2)cc1,C1CCOC1,425.0
10326,Cc1ccc(-c2nnc(-c3ccc4ccc5cccc6ccc3c4c56)o2)cc1,CC#N,423.0
10327,Cc1ccc(-c2nnc(-c3ccc4ccc5cccc6ccc3c4c56)o2)cc1,CC1CCCCC1,426.0
10328,Cc1ccc(-c2nnc(-c3ccc4ccc5cccc6ccc3c4c56)o2)cc1,CCCCCC,418.0
10329,Cc1ccc(-c2nnc(-c3ccc4ccc5cccc6ccc3c4c56)o2)cc1,Cc1ccccc1,425.0
10330,Cc1ccc(-c2nnc(-c3ccc4ccc5cccc6ccc3c4c56)o2)cc1,ClC(Cl)Cl,426.0
1049,CC(C)(C)c1ccc(-c2nnc(-c3ccc4ccc5cccc6ccc3c4c56)o2)cc1,C1CCOC1,423.0
1050,CC(C)(C)c1ccc(-c2nnc(-c3ccc4ccc5cccc6ccc3c4c56)o2)cc1,CC#N,423.0
1051,CC(C)(C)c1ccc(-c2nnc(-c3ccc4ccc5cccc6ccc3c4c56)o2)cc1,CC1CCCCC1,425.0
1052,CC(C)(C)c1ccc(-c2nnc(-c3ccc4ccc5cccc6ccc3c4c56)o2)cc1,CCCCCC,418.0
1053,CC(C)(C)c1ccc(-c2nnc(-c3ccc4ccc5cccc6ccc3c4c56)o2)cc1,Cc1ccccc1,426.0
1054,CC(C)(C)c1ccc(-c2nnc(-c3ccc4ccc5cccc6ccc3c4c56)o2)cc1,ClC(Cl)Cl,426.0
12931,O=C(c1sc(-c2ccc(-c3cc(-c4cccs4)c(C(=O)N4CCOCC4)s3)s2)cc1-c1cccs1)N1CCOCC1,ClCCl,465.0
10087,Cc1cc(C2=C(c3c(C)sc(-c4ccc(-c5nc(-c6ccccc6)c(-c6ccccc6)[nH]5)cc4)c3C)C(F)(F)C(F)(F)C2(F)F)c(C)s1,C1CCOC1,390.0
10952,Cc1csc(C)c1C1=C(c2c(C)sc(-c3ccc(-c4nc(-c5ccccc5)c(-c5ccccc5)[nH]4)cc3)c2C)C(F)(F)C(F)(F)C1(F)F,C1CCOC1,410.0
13722,O=S(=O)(c1cccc(N2c3ccccc3Sc3ccccc32)c1)c1cccc(N2c3ccccc3Sc3ccccc32)c1,C1CCOC1,596.0
13723,O=S(=O)(c1cccc(N2c3ccccc3Sc3ccccc32)c1)c1cccc(N2c3ccccc3Sc3ccccc32)c1,CCCCC(CC)n1c2ccc(-n3c4ccccc4c4ccccc43)cc2c2cc(-n3c4ccccc4c4ccccc43)ccc21,554.5706371
13724,O=S(=O)(c1cccc(N2c3ccccc3Sc3ccccc32)c1)c1cccc(N2c3ccccc3Sc3ccccc32)c1,Cc1ccccc1,561.0
13725,O=S(=O)(c1cccc(N2c3ccccc3Sc3ccccc32)c1)c1cccc(N2c3ccccc3Sc3ccccc32)c1,ClC(Cl)Cl,579.0
13726,O=S(=O)(c1cccc(N2c3ccccc3Sc3ccccc32)c1)c1cccc(N2c3ccccc3Sc3ccccc32)c1,c1cc(-n2c3ccccc3c3ccccc32)cc(-n2c3ccccc3c3ccccc32)c1,550.8310249
11454,F[B-]1(F)n2c(ccc2-c2nc3ccccc3s2)C(c2ccccc2)=C2C=CC(c3nc4ccccc4s3)=[N+]21,ClC(Cl)Cl,643.0
11170,Cn1c(=O)c(/N=N/c2ccc(S(=O)(=O)O)c3ccccc23)c(O)c2ccccc21,C1CCOC1,548.0
11171,Cn1c(=O)c(/N=N/c2ccc(S(=O)(=O)O)c3ccccc23)c(O)c2ccccc21,CC(C)=O,564.0
11172,Cn1c(=O)c(/N=N/c2ccc(S(=O)(=O)O)c3ccccc23)c(O)c2ccccc21,CCOC(C)=O,555.0
11173,Cn1c(=O)c(/N=N/c2ccc(S(=O)(=O)O)c3ccccc23)c(O)c2ccccc21,CO,562.0
11174,Cn1c(=O)c(/N=N/c2ccc(S(=O)(=O)O)c3ccccc23)c(O)c2ccccc21,CS(C)=O,571.0
11175,Cn1c(=O)c(/N=N/c2ccc(S(=O)(=O)O)c3ccccc23)c(O)c2ccccc21,Cc1ccccc1,540.0
11176,Cn1c(=O)c(/N=N/c2ccc(S(=O)(=O)O)c3ccccc23)c(O)c2ccccc21,ClCCl,541.0
11177,Cn1c(=O)c(/N=N/c2ccc(S(=O)(=O)O)c3ccccc23)c(O)c2ccccc21,O,582.0
12304,N#Cc1ccccc1N1c2ccccc2C(c2ccccc2)(c2ccccc2)c2ccccc21,Cc1ccccc1,441.0
12279,N#Cc1cccc(N2c3ccccc3C(c3ccccc3)(c3ccccc3)c3ccccc32)c1,Cc1ccccc1,433.0
9868,Cc1cc(C#N)ccc1N1c2ccccc2C(c2ccccc2)(c2ccccc2)c2ccccc21,Cc1ccccc1,421.0
12225,N#Cc1ccc(N2c3ccccc3C(c3ccccc3)(c3ccccc3)c3ccccc32)cc1,Cc1ccccc1,428.0
11312,F[B-]1(F)OC(c2ccc(N3CCCCC3)cc2)=Cc2cccc[n+]21,ClC(Cl)Cl,499.0
198,C(=C/c1cc2ccccc2c2ccccc12)\c1c2ccccc2cc2ccccc12,C1CCOC1,510.0
1774,CC1(C)c2ccccc2N(c2ccc(-c3ccc4c(c3)C(=O)c3ccc(-c5ccc(N6c7ccccc7C(C)(C)c7ccccc76)cc5)cc3C4=O)cc2)c2ccccc21,Cc1ccccc1,609.0
1775,CC1(C)c2ccccc2N(c2ccc(-c3ccc4c(c3)C(=O)c3ccc(-c5ccc(N6c7ccccc7C(C)(C)c7ccccc76)cc5)cc3C4=O)cc2)c2ccccc21,c1ccc2c(c1)c1ccccc1n2-c1ccc(-c2ccc(-n3c4ccccc4c4ccccc43)cc2)cc1,564.0
3857,CCCN1/C(=C/C=C(/C=C/C2=[N+](CCC)c3ccccc3C2(C)C)c2cc[n+](C)cc2)C(C)(C)c2ccccc21,CO,658.0
3858,CCCN1/C(=C/C=C(/C=C/C2=[N+](CCC)c3ccccc3C2(C)C)c2cc[n+](C)cc2)C(C)(C)c2ccccc21,CS(C)=O,657.0
3859,CCCN1/C(=C/C=C(/C=C/C2=[N+](CCC)c3ccccc3C2(C)C)c2cc[n+](C)cc2)C(C)(C)c2ccccc21,O,658.0
1809,CC1(C)c2ccccc2N(c2ccc(-c3nnc(-c4ccc(N5c6ccccc6C(C)(C)c6ccccc65)cc4)o3)cc2)c2ccccc21,Cc1ccccc1,461.0
1810,CC1(C)c2ccccc2N(c2ccc(-c3nnc(-c4ccc(N5c6ccccc6C(C)(C)c6ccccc65)cc4)o3)cc2)c2ccccc21,O=P(c1ccccc1)(c1ccccc1)c1ccccc1Oc1ccccc1P(=O)(c1ccccc1)c1ccccc1,472.0
1127,CC(C)(C)c1ccc2c(c1)c1cc(C(C)(C)C)ccc1n2-c1ccc(-c2cccs2)s1,ClCCl,417.0
1390,CC(C)[Si](C#Cc1ccc(C#C[Si](C(C)C)(C(C)C)C(C)C)c2nc3cc4c(cc3nc12)[C@H]1c2ccccc2[C@@H]4c2ccccc21)(C(C)C)C(C)C,CCCCCC,455.0
1391,CC(C)[Si](C#Cc1ccc(C#C[Si](C(C)C)(C(C)C)C(C)C)c2nc3cc4c(cc3nc12)[C@H]1c2ccccc2[C@@H]4c2ccccc21)(C(C)C)C(C)C,ClCCl,473.0
8187,COc1ccc(-c2cc3c(s2)c(-c2ccccc2)cc(=O)n3C)cc1,CC#N,435.0
8188,COc1ccc(-c2cc3c(s2)c(-c2ccccc2)cc(=O)n3C)cc1,ClCCl,437.0
7890,COc1cc(OC)c2cc(-c3ccc(-c4cc5c(OC)cc(OC)cc5oc4=O)cc3)c(=O)oc2c1,ClC(Cl)Cl,446.0
14034,O=c1oc2ccccc2cc1-c1ccc(-c2cc3ccccc3oc2=O)cc1,Cc1ccccc1,424.0
14030,O=c1oc2ccccc2cc1-c1ccc(-c2cc3ccccc3oc2=O)cc1,CC#N,426.0
14031,O=c1oc2ccccc2cc1-c1ccc(-c2cc3ccccc3oc2=O)cc1,CCO,426.0
14032,O=c1oc2ccccc2cc1-c1ccc(-c2cc3ccccc3oc2=O)cc1,CCOC(C)=O,426.0
14033,O=c1oc2ccccc2cc1-c1ccc(-c2cc3ccccc3oc2=O)cc1,CS(C)=O,430.0
9164,COc1ccc2cc(-c3ccc(-c4cc5ccc(OC)cc5oc4=O)cc3)c(=O)oc2c1,ClC(Cl)Cl,434.0
14035,O=c1oc2ccccc2cc1-c1ccc(-c2cc3ccccc3oc2=O)cc1,ClC(Cl)Cl,430.0
15216,c1ccc2c(c1)c1ccccc1n2-c1cc(-c2nc3ccccn3n2)cc(-n2c3ccccc3c3ccccc32)c1,Cc1ccccc1,373.0
13048,O=C1CCCc2c1[nH]c1cc3c(cc21)OCO3,C1CCOC1,403.8414184
13049,O=C1CCCc2c1[nH]c1cc3c(cc21)OCO3,CC#N,399.4154895
13050,O=C1CCCc2c1[nH]c1cc3c(cc21)OCO3,CCCCCCO,430.7288247
13051,O=C1CCCc2c1[nH]c1cc3c(cc21)OCO3,CCO,437.6250834
13052,O=C1CCCc2c1[nH]c1cc3c(cc21)OCO3,CCOC(C)=O,388.9020631
13053,O=C1CCCc2c1[nH]c1cc3c(cc21)OCO3,CS(C)=O,403.5433071
13054,O=C1CCCc2c1[nH]c1cc3c(cc21)OCO3,O,463.6042403
13055,O=C1CCCc2c1[nH]c1cc3c(cc21)OCO3,c1ccccc1,384.1199204
10255,Cc1ccc(-c2cc(-c3ccccc3)c(C#N)c(=S)[nH]2)cc1,C1COCCO1,506.0
10256,Cc1ccc(-c2cc(-c3ccccc3)c(C#N)c(=S)[nH]2)cc1,CC#N,488.0
10257,Cc1ccc(-c2cc(-c3ccccc3)c(C#N)c(=S)[nH]2)cc1,CCCCO,503.0
10258,Cc1ccc(-c2cc(-c3ccccc3)c(C#N)c(=S)[nH]2)cc1,CCCO,490.0
10259,Cc1ccc(-c2cc(-c3ccccc3)c(C#N)c(=S)[nH]2)cc1,CCO,462.0
10260,Cc1ccc(-c2cc(-c3ccccc3)c(C#N)c(=S)[nH]2)cc1,CCOC(C)=O,522.0
10261,Cc1ccc(-c2cc(-c3ccccc3)c(C#N)c(=S)[nH]2)cc1,CCOCC,524.0
10262,Cc1ccc(-c2cc(-c3ccccc3)c(C#N)c(=S)[nH]2)cc1,CN(C)C=O,502.0
10263,Cc1ccc(-c2cc(-c3ccccc3)c(C#N)c(=S)[nH]2)cc1,ClC(Cl)(Cl)Cl,508.0
11902,N#Cc1c(-c2ccccc2)cc(-c2ccccc2)[nH]c1=S,C1CCCCC1,510.0
11903,N#Cc1c(-c2ccccc2)cc(-c2ccccc2)[nH]c1=S,C1COCCO1,512.0
11904,N#Cc1c(-c2ccccc2)cc(-c2ccccc2)[nH]c1=S,CC#N,495.0
11905,N#Cc1c(-c2ccccc2)cc(-c2ccccc2)[nH]c1=S,CCCCO,506.0
11906,N#Cc1c(-c2ccccc2)cc(-c2ccccc2)[nH]c1=S,CCCO,493.0
11907,N#Cc1c(-c2ccccc2)cc(-c2ccccc2)[nH]c1=S,CCO,465.0
11908,N#Cc1c(-c2ccccc2)cc(-c2ccccc2)[nH]c1=S,CCOC(C)=O,502.0
11909,N#Cc1c(-c2ccccc2)cc(-c2ccccc2)[nH]c1=S,CCOCC,518.0
11910,N#Cc1c(-c2ccccc2)cc(-c2ccccc2)[nH]c1=S,CN(C)C=O,505.0
11911,N#Cc1c(-c2ccccc2)cc(-c2ccccc2)[nH]c1=S,ClC(Cl)(Cl)Cl,510.0
10254,Cc1ccc(-c2cc(-c3ccccc3)c(C#N)c(=S)[nH]2)cc1,C1CCCCC1,504.0
12025,N#Cc1cc(-n2c3ccccc3c3cc(Br)ccc32)c(-n2c3ccccc3c3cc(Br)ccc32)cc1C#N,C1CCOC1,495.0
12026,N#Cc1cc(-n2c3ccccc3c3cc(Br)ccc32)c(-n2c3ccccc3c3cc(Br)ccc32)cc1C#N,c1ccc2c(c1)c1ccccc1n2-c1ccc(-c2ccc(-n3c4ccccc4c4ccccc43)cc2)cc1,490.0
12027,N#Cc1cc(-n2c3ccccc3c3ccccc32)c(-n2c3ccccc3c3cc(Br)ccc32)cc1C#N,C1CCOC1,502.0
12028,N#Cc1cc(-n2c3ccccc3c3ccccc32)c(-n2c3ccccc3c3cc(Br)ccc32)cc1C#N,c1ccc2c(c1)c1ccccc1n2-c1ccc(-c2ccc(-n3c4ccccc4c4ccccc43)cc2)cc1,481.0
12029,N#Cc1cc(-n2c3ccccc3c3ccccc32)c(-n2c3ccccc3c3ccccc32)cc1C#N,C1CCOC1,501.0
12030,N#Cc1cc(-n2c3ccccc3c3ccccc32)c(-n2c3ccccc3c3ccccc32)cc1C#N,Cc1ccccc1,473.0
12031,N#Cc1cc(-n2c3ccccc3c3ccccc32)c(-n2c3ccccc3c3ccccc32)cc1C#N,c1ccc2c(c1)c1ccccc1n2-c1ccc(-c2ccc(-n3c4ccccc4c4ccccc43)cc2)cc1,474.0
1942,CC1=C(c2ccccc2)C2=Cc3c(-c4ccccc4)c(C)c(C)n3[B-](F)(F)[N+]2=C1C,CC#N,549.0
3305,CCCCCCCN1C(=CC2=C([O-])C(=CC3=[N+](CCCCCCC)c4ccccc4C3(C)C)C2=C(C#N)C#N)C(C)(C)c2ccccc21,ClC(Cl)Cl,695.0
6778,CN1C(=CC2=C([O-])C(=CC3=[N+](C)c4ccccc4C3(C)C)C2=C(C#N)C#N)C(C)(C)c2ccccc21,ClC(Cl)Cl,700.0
3676,CCCCOC(=O)/C(C#N)=C1\C(=CC2=[N+](C)c3ccccc3C2(C)C)C([O-])=C1C=C1N(C)c2ccccc2C1(C)C,ClC(Cl)Cl,708.0
3302,CCCCCCCN1C(=CC2=C([O-])C(=CC3=[N+](CCCCCCC)c4ccccc4C3(C)C)C2=C(C#N)C#N)C(C)(C)c2ccccc21,C1COCCO1,702.0
3303,CCCCCCCN1C(=CC2=C([O-])C(=CC3=[N+](CCCCCCC)c4ccccc4C3(C)C)C2=C(C#N)C#N)C(C)(C)c2ccccc21,CCO,687.0
3304,CCCCCCCN1C(=CC2=C([O-])C(=CC3=[N+](CCCCCCC)c4ccccc4C3(C)C)C2=C(C#N)C#N)C(C)(C)c2ccccc21,CN(C)C=O,691.0
8762,COc1ccc(C2=C(c3ccc(OC)cc3)C(C)(C)c3ccc4ccccc4c32)cc1,C1CCCCC1,419.0
11923,N#Cc1c(-c2cccs2)cc(-c2cccs2)[nH]c1=O,CN(C)C=O,464.0
11924,N#Cc1c(-c2cccs2)cc(-c2cccs2)[nH]c1=O,CO,452.0
11925,N#Cc1c(-c2cccs2)cc(-c2cccs2)[nH]c1=O,CS(C)=O,468.0
11926,N#Cc1c(-c2cccs2)cc(-c2cccs2)[nH]c1=O,ClC(Cl)Cl,469.0
11920,N#Cc1c(-c2cccs2)cc(-c2cccs2)[nH]c1=O,C1CCOC1,472.0
11921,N#Cc1c(-c2cccs2)cc(-c2cccs2)[nH]c1=O,CC#N,460.0
11922,N#Cc1c(-c2cccs2)cc(-c2cccs2)[nH]c1=O,CCOC(C)=O,470.0
14531,c1ccc(-c2c3c(c(-c4ccccc4)c4c2-c2ccccc2C4)-c2ccccc2C3)cc1,C1CCCCC1,375.0
1746,CC1(C)c2ccccc2-c2cc3c(cc21)N(c1ccc(-c2nc(-c4ccc(N5c6ccccc6C(c6ccccc6)(c6ccccc6)c6cc7c(cc65)C(C)(C)c5ccccc5-7)cc4)nc(-c4ccc(N5c6ccccc6C(c6ccccc6)(c6ccccc6)c6cc7c(cc65)C(C)(C)c5ccccc5-7)cc4)n2)cc1)c1ccccc1C3(c1ccccc1)c1ccccc1,Cc1ccccc1,515.0
5065,CC[N+](CC)=c1ccc2nc3c(cc(NCCC(=O)NC(C)C(=O)OC)c4ccccc43)oc-2c1,O,684.0
545,C=CCNc1ccc2c(ccc3oc4cc(=[N+](C)C)ccc-4nc32)c1,CC#N,654.0
546,C=CCNc1ccc2c(ccc3oc4cc(=[N+](C)C)ccc-4nc32)c1,CCO,650.0
547,C=CCNc1ccc2c(ccc3oc4cc(=[N+](C)C)ccc-4nc32)c1,ClCCl,645.0
548,C=CCNc1ccc2c(ccc3oc4cc(=[N+](C)C)ccc-4nc32)c1,O,660.0
553,C=CCNc1ccc2ccc3oc4cc(=[N+](C)C)ccc-4nc3c2c1,CC#N,637.0
554,C=CCNc1ccc2ccc3oc4cc(=[N+](C)C)ccc-4nc3c2c1,CCO,631.0
555,C=CCNc1ccc2ccc3oc4cc(=[N+](C)C)ccc-4nc3c2c1,ClCCl,620.0
556,C=CCNc1ccc2ccc3oc4cc(=[N+](C)C)ccc-4nc3c2c1,O,650.0
5064,CC[N+](CC)=c1ccc2nc3c(cc(NCCC(=O)NC(C)C(=O)OC)c4ccccc43)oc-2c1,CCO,672.0
11088,Clc1ccc(N2c3sc4ccccc4c3Sc3sc4ccccc4c32)cc1,ClCCl,563.0
8947,COc1ccc(N2c3sc4ccccc4c3Sc3sc4ccccc4c32)cc1,ClCCl,562.0
6453,CN(C)c1ccc(N2c3sc4ccccc4c3Sc3sc4ccccc4c32)cc1,ClCCl,424.0
11098,Clc1ccccc1N1c2sc3ccccc3c2Sc2sc3ccccc3c21,ClCCl,553.0
10941,Cc1ccccc1N1c2sc3ccccc3c2Sc2sc3ccccc3c21,ClCCl,564.0
9124,COc1ccc2c3c(c4ccc(OC)cc4c2c1)C(C)(C)c1cc(-c2ccccc2)ccc1-3,C1CCCCC1,392.0
14447,c1cc2c3c(c1)-c1cccc4cccc(c14)B3c1cccc3cccc-2c13,Cc1ccccc1,491.0
1128,CC(C)(C)c1ccc2c(c1)c1cc(C(C)(C)C)ccc1n2-c1ccc(-c2nc(-c3ccc(P(=O)(c4ccccc4)c4ccccc4)cc3)nc(-c3ccc(P(=O)(c4ccccc4)c4ccccc4)cc3)n2)cc1,C1CCOC1,508.1902246
1129,CC(C)(C)c1ccc2c(c1)c1cc(C(C)(C)C)ccc1n2-c1ccc(-c2nc(-c3ccc(P(=O)(c4ccccc4)c4ccccc4)cc3)nc(-c3ccc(P(=O)(c4ccccc4)c4ccccc4)cc3)n2)cc1,CC#N,573.7120211
1130,CC(C)(C)c1ccc2c(c1)c1cc(C(C)(C)C)ccc1n2-c1ccc(-c2nc(-c3ccc(P(=O)(c4ccccc4)c4ccccc4)cc3)nc(-c3ccc(P(=O)(c4ccccc4)c4ccccc4)cc3)n2)cc1,CC(C)=O,560.8982827
1131,CC(C)(C)c1ccc2c(c1)c1cc(C(C)(C)C)ccc1n2-c1ccc(-c2nc(-c3ccc(P(=O)(c4ccccc4)c4ccccc4)cc3)nc(-c3ccc(P(=O)(c4ccccc4)c4ccccc4)cc3)n2)cc1,CN(C)C=O,569.2206077
1132,CC(C)(C)c1ccc2c(c1)c1cc(C(C)(C)C)ccc1n2-c1ccc(-c2nc(-c3ccc(P(=O)(c4ccccc4)c4ccccc4)cc3)nc(-c3ccc(P(=O)(c4ccccc4)c4ccccc4)cc3)n2)cc1,Cc1ccccc1,454.8216645
1133,CC(C)(C)c1ccc2c(c1)c1cc(C(C)(C)C)ccc1n2-c1ccc(-c2nc(-c3ccc(P(=O)(c4ccccc4)c4ccccc4)cc3)nc(-c3ccc(P(=O)(c4ccccc4)c4ccccc4)cc3)n2)cc1,ClCCl,530.7793923
1134,CC(C)(C)c1ccc2c(c1)c1cc(C(C)(C)C)ccc1n2-c1ccc(-c2nc(-c3ccc(P(=O)(c4ccccc4)c4ccccc4)cc3)nc(-c3ccc(P(=O)(c4ccccc4)c4ccccc4)cc3)n2)cc1,O=P(c1ccccc1)(c1ccccc1)c1ccccc1Oc1ccccc1P(=O)(c1ccccc1)c1ccccc1,494.0
2119,CC1=CC(C)=[N+]2C1=Cc1c3ccccc3c(C#Cc3ccsc3)n1[B-]2(F)F,CCCCCC,615.0
2120,CC1=CC(C)=[N+]2C1=Cc1c3ccccc3c(C#Cc3ccsc3)n1[B-]2(F)F,CCCCCCCCO,621.0
2121,CC1=CC(C)=[N+]2C1=Cc1c3ccccc3c(C#Cc3ccsc3)n1[B-]2(F)F,CCOC(C)=O,616.0
2122,CC1=CC(C)=[N+]2C1=Cc1c3ccccc3c(C#Cc3ccsc3)n1[B-]2(F)F,CN(C)C=O,623.0
2123,CC1=CC(C)=[N+]2C1=Cc1c3ccccc3c(C#Cc3ccsc3)n1[B-]2(F)F,ClCCl,628.0
9914,Cc1cc(C)c(B(c2c(C)cc(C)cc2C)c2cc3cccc4c(B(c5c(C)cc(C)cc5C)c5c(C)cc(C)cc5C)cc5cccc2c5c34)c(C)c1,C1CCOC1,435.4030501
9915,Cc1cc(C)c(B(c2c(C)cc(C)cc2C)c2cc3cccc4c(B(c5c(C)cc(C)cc5C)c5c(C)cc(C)cc5C)cc5cccc2c5c34)c(C)c1,CC#N,441.3943355
9916,Cc1cc(C)c(B(c2c(C)cc(C)cc2C)c2cc3cccc4c(B(c5c(C)cc(C)cc5C)c5c(C)cc(C)cc5C)cc5cccc2c5c34)c(C)c1,CCCCCC,419.0
1484,CC(C)c1cccc(C(C)C)c1-n1c(=O)c2cc3nc(-c4ccccc4)c4cc5c(=O)n(-c6c(C(C)C)cccc6C(C)C)c(=O)c6cc7c(-c8ccccc8)nc8cc(c1=O)c2c1c3c4c(c56)c7c81,ClC(Cl)Cl,488.0
5620,CN(C)c1ccc(-c2ccc(-c3cc(-c4ccccc4)c(-c4ccccc4)c(-c4ccccc4)c3-c3ccccc3)s2)cc1,ClC(Cl)Cl,419.0
3263,CCCCCCCCOc1ccc(-c2c3c4n(c(-c5ccc(OCCCCCCCC)cc5)c3c3n2[B-](F)(F)[n+]2ccccc2N=3)[B-](F)(F)[n+]2ccccc2N=4)cc1,ClC(Cl)Cl,661.0
739,CC(=O)c1ccc(-c2cc(C)[o+]c(C)c2)cc1,ClCCl,405.0
9781,Cc1cc(-c2ccc(C(C)(C)C)cc2)cc(C)[o+]1,CC#N,430.0
9782,Cc1cc(-c2ccc(C(C)(C)C)cc2)cc(C)[o+]1,ClCCl,417.0
9787,Cc1cc(-c2ccccc2)cc(C)[o+]1,CC#N,462.0
9788,Cc1cc(-c2ccccc2)cc(C)[o+]1,ClCCl,434.0
9796,Cc1cc(-c2ccccc2C)cc(C)[o+]1,CC#N,518.0
9797,Cc1cc(-c2ccccc2C)cc(C)[o+]1,ClCCl,469.0
10280,Cc1ccc(-c2cc(C)[o+]c(C)c2)cc1,CC#N,435.0
10281,Cc1ccc(-c2cc(C)[o+]c(C)c2)cc1,ClCCl,417.0
8254,COc1ccc(-c2cnc(C#Cc3ccccc3)o2)cc1OC,ClCCl,410.0
11282,FC(F)(F)c1ccc(C#Cc2ncc(-c3ccccc3)o2)cc1,ClCCl,390.0
12182,N#Cc1ccc(C#Cc2ncc(-c3ccccc3)o2)cc1,ClCCl,410.0
8701,COc1ccc(C#Cc2ncc(-c3ccccc3)o2)cc1OC,ClCCl,390.0
5177,CCc1c(C)c2n(c1C)[B-](F)(F)[N+]1=C(NCc3ccc(OC)cc3)C(SC#N)=CC1=C2C,CC#N,582.0
5178,CCc1c(C)c2n(c1C)[B-](F)(F)[N+]1=C(NCc3ccc(OC)cc3)C(SC#N)=CC1=C2C,CCCCCC,589.0
5179,CCc1c(C)c2n(c1C)[B-](F)(F)[N+]1=C(NCc3ccc(OC)cc3)C(SC#N)=CC1=C2C,CCOC(C)=O,586.0
5180,CCc1c(C)c2n(c1C)[B-](F)(F)[N+]1=C(NCc3ccc(OC)cc3)C(SC#N)=CC1=C2C,CO,583.0
5181,CCc1c(C)c2n(c1C)[B-](F)(F)[N+]1=C(NCc3ccc(OC)cc3)C(SC#N)=CC1=C2C,ClCCl,586.0
5182,CCc1c(C)c2n(c1C)[B-](F)(F)[N+]1=C(NCc3ccc(OC)cc3)C=CC1=C2C,CC#N,546.0
5183,CCc1c(C)c2n(c1C)[B-](F)(F)[N+]1=C(NCc3ccc(OC)cc3)C=CC1=C2C,CCCCCC,554.0
5184,CCc1c(C)c2n(c1C)[B-](F)(F)[N+]1=C(NCc3ccc(OC)cc3)C=CC1=C2C,CCOC(C)=O,549.0
5185,CCc1c(C)c2n(c1C)[B-](F)(F)[N+]1=C(NCc3ccc(OC)cc3)C=CC1=C2C,CO,548.0
5186,CCc1c(C)c2n(c1C)[B-](F)(F)[N+]1=C(NCc3ccc(OC)cc3)C=CC1=C2C,ClCCl,551.0
10182,Cc1cc2cc(N3c4ccccc4Oc4ccccc43)ccc2c(=O)o1,Cc1ccccc1,540.0
12055,N#Cc1cc(N2c3ccccc3Oc3ccccc32)c(N2c3ccccc3Oc3ccccc32)cc1C#N,c1ccc2c(c1)c1ccccc1n2-c1ccc(-c2ccc(-n3c4ccccc4c4ccccc43)cc2)cc1,612.0
1364,CC(C)[Si](C#Cc1c2ccccc2c(C#C[Si](C(C)C)(C(C)C)C(C)C)c2nc3c(ccc4ccccc43)nc12)(C(C)C)C(C)C,CCCCCC,553.0
15288,c1ccc2cc3cc(-c4cc(-c5nccs5)nc(-c5nccs5)c4)ccc3cc2c1,ClC(Cl)Cl,452.0
15285,c1ccc2cc3cc(-c4cc(-c5nccs5)nc(-c5nccs5)c4)ccc3cc2c1,CC#N,474.0
15286,c1ccc2cc3cc(-c4cc(-c5nccs5)nc(-c5nccs5)c4)ccc3cc2c1,CCCCCC,376.0
15287,c1ccc2cc3cc(-c4cc(-c5nccs5)nc(-c5nccs5)c4)ccc3cc2c1,CO,377.0
1538,CC1(C)C(/C=C/C=C/C=C/C=C2/N(CCC(=O)O)c3ccc4ccccc4c3C2(C)C)=[N+](CCC(=O)O)c2ccc3ccccc3c21,CO,817.0
561,C=CCOC(=O)C(C#N)=C1C=C(/C=C/c2ccc(N(C)C)cc2)OC(/C=C/c2ccc(N(C)C)cc2)=C1,C1CCOC1,595.0
562,C=CCOC(=O)C(C#N)=C1C=C(/C=C/c2ccc(N(C)C)cc2)OC(/C=C/c2ccc(N(C)C)cc2)=C1,C1COCCO1,564.0
563,C=CCOC(=O)C(C#N)=C1C=C(/C=C/c2ccc(N(C)C)cc2)OC(/C=C/c2ccc(N(C)C)cc2)=C1,CC#N,624.0
564,C=CCOC(=O)C(C#N)=C1C=C(/C=C/c2ccc(N(C)C)cc2)OC(/C=C/c2ccc(N(C)C)cc2)=C1,CN(C)C=O,616.0
565,C=CCOC(=O)C(C#N)=C1C=C(/C=C/c2ccc(N(C)C)cc2)OC(/C=C/c2ccc(N(C)C)cc2)=C1,Cc1ccccc1,556.0
566,C=CCOC(=O)C(C#N)=C1C=C(/C=C/c2ccc(N(C)C)cc2)OC(/C=C/c2ccc(N(C)C)cc2)=C1,ClC(Cl)Cl,585.0
567,C=CCOC(=O)C(C#N)=C1C=C(/C=C/c2ccc(N(C)C)cc2)OC(/C=C/c2ccc(N(C)C)cc2)=C1,ClCCCl,614.0
568,C=CCOC(=O)C(C#N)=C1C=C(/C=C/c2ccc(N(C)C)cc2)OC(/C=C/c2ccc(N(C)C)cc2)=C1,ClCCl,601.0
13758,O=S1(=O)c2ccc(-c3ccc(N(c4ccccc4)c4ccccc4)cc3)cc2C2(c3ccccc3-c3ccccc32)c2cc(-c3ccc(N(c4ccccc4)c4ccccc4)cc3)ccc21,CC(C)=O,477.1106095
13759,O=S1(=O)c2ccc(-c3ccc(N(c4ccccc4)c4ccccc4)cc3)cc2C2(c3ccccc3-c3ccccc32)c2cc(-c3ccc(N(c4ccccc4)c4ccccc4)cc3)ccc21,CCCCCC,398.3747178
13760,O=S1(=O)c2ccc(-c3ccc(N(c4ccccc4)c4ccccc4)cc3)cc2C2(c3ccccc3-c3ccccc32)c2cc(-c3ccc(N(c4ccccc4)c4ccccc4)cc3)ccc21,CN(C)C=O,491.1963883
13761,O=S1(=O)c2ccc(-c3ccc(N(c4ccccc4)c4ccccc4)cc3)cc2C2(c3ccccc3-c3ccccc32)c2cc(-c3ccc(N(c4ccccc4)c4ccccc4)cc3)ccc21,Cc1ccccc1,425.462754
13762,O=S1(=O)c2ccc(-c3ccc(N(c4ccccc4)c4ccccc4)cc3)cc2C2(c3ccccc3-c3ccccc32)c2cc(-c3ccc(N(c4ccccc4)c4ccccc4)cc3)ccc21,ClCCl,465.0
6669,CN(C)c1nc(N(C)C)c2nc(C#N)n(Cc3ccccc3)c2n1,CC#N,394.0
6670,CN(C)c1nc(N(C)C)c2nc(C#N)n(Cc3ccccc3)c2n1,CO,403.0
6671,CN(C)c1nc(N(C)C)c2nc(C#N)n(Cc3ccccc3)c2n1,ClCCl,388.0
6672,CN(C)c1nc(N)c2nc(C#N)n(Cc3ccccc3)c2n1,C1COCCO1,382.0
6673,CN(C)c1nc(N)c2nc(C#N)n(Cc3ccccc3)c2n1,CC#N,396.0
6674,CN(C)c1nc(N)c2nc(C#N)n(Cc3ccccc3)c2n1,CO,410.0
6675,CN(C)c1nc(N)c2nc(C#N)n(Cc3ccccc3)c2n1,ClCCl,387.0
6676,CN(C)c1nc(N)nc2c1nc(C#N)n2Cc1ccccc1,C1COCCO1,373.0
6677,CN(C)c1nc(N)nc2c1nc(C#N)n2Cc1ccccc1,CC#N,378.0
6678,CN(C)c1nc(N)nc2c1nc(C#N)n2Cc1ccccc1,CO,389.0
6679,CN(C)c1nc(N)nc2c1nc(C#N)n2Cc1ccccc1,ClCCl,375.0
6680,CN(C)c1ncc2nc(C#N)n(Cc3ccccc3)c2n1,C1COCCO1,424.0
6681,CN(C)c1ncc2nc(C#N)n(Cc3ccccc3)c2n1,CC#N,440.0
6682,CN(C)c1ncc2nc(C#N)n(Cc3ccccc3)c2n1,CO,456.0
6683,CN(C)c1ncc2nc(C#N)n(Cc3ccccc3)c2n1,ClCCl,429.0
7447,COC(=O)c1nc2c(N(C)C)nc(N(C)C)nc2n1Cc1ccccc1,C1COCCO1,402.0
7448,COC(=O)c1nc2c(N(C)C)nc(N(C)C)nc2n1Cc1ccccc1,CC#N,415.0
7449,COC(=O)c1nc2c(N(C)C)nc(N(C)C)nc2n1Cc1ccccc1,CO,432.0
7450,COC(=O)c1nc2c(N(C)C)nc(N(C)C)nc2n1Cc1ccccc1,ClCCl,409.0
7451,COC(=O)c1nc2c(N(C)C)nc(N)nc2n1Cc1ccccc1,C1COCCO1,391.0
7452,COC(=O)c1nc2c(N(C)C)nc(N)nc2n1Cc1ccccc1,CC#N,399.0
7453,COC(=O)c1nc2c(N(C)C)nc(N)nc2n1Cc1ccccc1,CO,420.0
7454,COC(=O)c1nc2c(N(C)C)nc(N)nc2n1Cc1ccccc1,ClCCl,393.0
7455,COC(=O)c1nc2c(N)nc(N(C)C)nc2n1Cc1ccccc1,C1COCCO1,399.0
7456,COC(=O)c1nc2c(N)nc(N(C)C)nc2n1Cc1ccccc1,CC#N,414.0
7457,COC(=O)c1nc2c(N)nc(N(C)C)nc2n1Cc1ccccc1,CO,436.0
7458,COC(=O)c1nc2c(N)nc(N(C)C)nc2n1Cc1ccccc1,ClCCl,409.0
7463,COC(=O)c1nc2cnc(N(C)C)nc2n1Cc1ccccc1,C1COCCO1,426.0
7464,COC(=O)c1nc2cnc(N(C)C)nc2n1Cc1ccccc1,CC#N,444.0
7465,COC(=O)c1nc2cnc(N(C)C)nc2n1Cc1ccccc1,CO,466.0
7466,COC(=O)c1nc2cnc(N(C)C)nc2n1Cc1ccccc1,ClCCl,433.0
7467,COC(=O)c1nc2cnc(N)nc2n1Cc1ccccc1,C1COCCO1,386.0
7468,COC(=O)c1nc2cnc(N)nc2n1Cc1ccccc1,CC#N,388.0
7469,COC(=O)c1nc2cnc(N)nc2n1Cc1ccccc1,CO,412.0
7470,COC(=O)c1nc2cnc(N)nc2n1Cc1ccccc1,ClCCl,379.0
7471,COC(=O)c1nc2cnc(N)nc2n1Cc1ccccc1,O,420.0
12362,N#Cc1nc2cnc(N)nc2n1Cc1ccccc1,C1COCCO1,381.0
12363,N#Cc1nc2cnc(N)nc2n1Cc1ccccc1,CC#N,381.0
3650,CCCCNC(=O)c1nc2c(N(C)C)nc(N(C)C)nc2n1Cc1ccccc1,C1COCCO1,392.0
3651,CCCCNC(=O)c1nc2c(N(C)C)nc(N(C)C)nc2n1Cc1ccccc1,CC#N,405.0
3652,CCCCNC(=O)c1nc2c(N(C)C)nc(N(C)C)nc2n1Cc1ccccc1,CO,424.0
3653,CCCCNC(=O)c1nc2c(N(C)C)nc(N(C)C)nc2n1Cc1ccccc1,ClCCl,402.0
12364,N#Cc1nc2cnc(N)nc2n1Cc1ccccc1,CO,398.0
12365,N#Cc1nc2cnc(N)nc2n1Cc1ccccc1,ClCCl,381.0
7244,COC(=O)CNC(=O)c1nc2c(N(C)C)nc(N(C)C)nc2n1Cc1ccccc1,C1COCCO1,397.0
7245,COC(=O)CNC(=O)c1nc2c(N(C)C)nc(N(C)C)nc2n1Cc1ccccc1,CC#N,409.0
7246,COC(=O)CNC(=O)c1nc2c(N(C)C)nc(N(C)C)nc2n1Cc1ccccc1,CO,429.0
7247,COC(=O)CNC(=O)c1nc2c(N(C)C)nc(N(C)C)nc2n1Cc1ccccc1,ClCCl,407.0
12366,N#Cc1nc2cnc(N)nc2n1Cc1ccccc1,O,406.0
6911,CNc1ncc2nc(C#N)n(Cc3ccccc3)c2n1,C1COCCO1,390.0
6912,CNc1ncc2nc(C#N)n(Cc3ccccc3)c2n1,CC#N,405.0
6913,CNc1ncc2nc(C#N)n(Cc3ccccc3)c2n1,CO,417.0
6914,CNc1ncc2nc(C#N)n(Cc3ccccc3)c2n1,ClCCl,383.0
6915,CNc1ncc2nc(C(=O)OC)n(Cc3ccccc3)c2n1,C1COCCO1,405.0
6916,CNc1ncc2nc(C(=O)OC)n(Cc3ccccc3)c2n1,CC#N,413.0
6917,CNc1ncc2nc(C(=O)OC)n(Cc3ccccc3)c2n1,CO,429.0
6918,CNc1ncc2nc(C(=O)OC)n(Cc3ccccc3)c2n1,ClCCl,403.0
6668,CN(C)c1nc(N(C)C)c2nc(C#N)n(Cc3ccccc3)c2n1,C1COCCO1,383.0
1880,CC1(C)c2ccccc2N(c2ccccc2)c2ccc(C(=O)c3ccc4c(c3)C(C)(C)c3ccccc3N4c3ccccc3)cc21,Cc1ccccc1,413.6363636
1881,CC1(C)c2ccccc2N(c2ccccc2)c2ccc(C(=O)c3ccc4c(c3)C(C)(C)c3ccccc3N4c3ccccc3)cc21,O=P(c1ccccc1)(c1ccccc1)c1ccccc1Oc1ccccc1P(=O)(c1ccccc1)c1ccccc1,440.0
2114,CC1=CC(C)=[N+]2C1=Cc1c3ccccc3c(C#Cc3cccs3)n1[B-]2(F)F,CCCCCC,628.0
2115,CC1=CC(C)=[N+]2C1=Cc1c3ccccc3c(C#Cc3cccs3)n1[B-]2(F)F,CCCCCCCCO,636.0
2116,CC1=CC(C)=[N+]2C1=Cc1c3ccccc3c(C#Cc3cccs3)n1[B-]2(F)F,CCOC(C)=O,632.0
2117,CC1=CC(C)=[N+]2C1=Cc1c3ccccc3c(C#Cc3cccs3)n1[B-]2(F)F,CN(C)C=O,639.0
2118,CC1=CC(C)=[N+]2C1=Cc1c3ccccc3c(C#Cc3cccs3)n1[B-]2(F)F,ClCCl,631.0
14239,Oc1ccc2ccccc2c1/C=N/C1CCCCC1/N=C/c1c(O)ccc2ccccc12,CC#N,471.0
3125,CCCCCCCCCCCCN1C(=O)c2cccc3c(N(Cc4ccccn4)Cc4ccccn4)c4ccccc4c(c23)C1=O,C1CCOC1,583.0
3126,CCCCCCCCCCCCN1C(=O)c2cccc3c(N(Cc4ccccn4)Cc4ccccn4)c4ccccc4c(c23)C1=O,CCCCCC,555.0
3127,CCCCCCCCCCCCN1C(=O)c2cccc3c(N(Cc4ccccn4)Cc4ccccn4)c4ccccc4c(c23)C1=O,CCO,597.0
3128,CCCCCCCCCCCCN1C(=O)c2cccc3c(N(Cc4ccccn4)Cc4ccccn4)c4ccccc4c(c23)C1=O,Cc1ccccc1,573.0
3129,CCCCCCCCCCCCN1C(=O)c2cccc3c(N(Cc4ccccn4)Cc4ccccn4)c4ccccc4c(c23)C1=O,ClCCl,587.0
11385,F[B-]1(F)n2c(NCc3ccccc3)ccc2C(c2c(Cl)cccc2Cl)=C2C=CC(NCc3ccccc3)=[N+]21,CC#N,590.0
11386,F[B-]1(F)n2c(NCc3ccccc3)ccc2C(c2c(Cl)cccc2Cl)=C2C=CC(NCc3ccccc3)=[N+]21,CCCCCC,592.0
11387,F[B-]1(F)n2c(NCc3ccccc3)ccc2C(c2c(Cl)cccc2Cl)=C2C=CC(NCc3ccccc3)=[N+]21,CCOC(C)=O,592.0
11388,F[B-]1(F)n2c(NCc3ccccc3)ccc2C(c2c(Cl)cccc2Cl)=C2C=CC(NCc3ccccc3)=[N+]21,CO,592.0
11389,F[B-]1(F)n2c(NCc3ccccc3)ccc2C(c2c(Cl)cccc2Cl)=C2C=CC(NCc3ccccc3)=[N+]21,ClCCl,594.0
9980,Cc1cc(C)c(C2=C3C=C(/C=C/C(=O)OCc4ccccc4)C=[N+]3[B-](F)(F)n3cc(/C=C/C(=O)OCc4ccccc4)cc32)c(C)c1,ClCCl,604.0
12801,O=C(O)c1ccc(-c2ccc(-c3nc(-c4ccccc4)c4ccccn34)cc2)s1,CC#N,485.0
4329,CCN(CC)c1ccc2cc(/C=C/C(=O)c3cc4ccc(N(CC)CC)cc4oc3=O)c(=O)oc2c1,Cc1ccccc1,515.0
4330,CCN(CC)c1ccc2cc(/C=C/C(=O)c3cc4ccc(N(CC)CC)cc4oc3=O)c(=O)oc2c1,ClC(Cl)Cl,550.0
4331,CCN(CC)c1ccc2cc(/C=C/C(=O)c3cc4ccc(N(CC)CC)cc4oc3=O)c(=O)oc2c1,ClCCl,562.0
4321,CCN(CC)c1ccc2cc(/C=C/C(=O)c3cc4ccc(N(CC)CC)cc4oc3=O)c(=O)oc2c1,C1CCOC1,549.0
4322,CCN(CC)c1ccc2cc(/C=C/C(=O)c3cc4ccc(N(CC)CC)cc4oc3=O)c(=O)oc2c1,C1COCCO1,521.0
4323,CCN(CC)c1ccc2cc(/C=C/C(=O)c3cc4ccc(N(CC)CC)cc4oc3=O)c(=O)oc2c1,CC#N,574.0
4324,CCN(CC)c1ccc2cc(/C=C/C(=O)c3cc4ccc(N(CC)CC)cc4oc3=O)c(=O)oc2c1,CC(C)=O,571.0
4325,CCN(CC)c1ccc2cc(/C=C/C(=O)c3cc4ccc(N(CC)CC)cc4oc3=O)c(=O)oc2c1,CCO,610.0
4326,CCN(CC)c1ccc2cc(/C=C/C(=O)c3cc4ccc(N(CC)CC)cc4oc3=O)c(=O)oc2c1,CCOC(C)=O,546.0
4327,CCN(CC)c1ccc2cc(/C=C/C(=O)c3cc4ccc(N(CC)CC)cc4oc3=O)c(=O)oc2c1,CN(C)C=O,579.0
4328,CCN(CC)c1ccc2cc(/C=C/C(=O)c3cc4ccc(N(CC)CC)cc4oc3=O)c(=O)oc2c1,CS(C)=O,590.0
1808,CC1(C)c2ccccc2N(c2ccc(-c3nnc(-c4ccc(-n5c6ccccc6c6ccccc65)cc4)o3)cc2)c2ccccc21,O=P(c1ccccc1)(c1ccccc1)c1ccccc1Oc1ccccc1P(=O)(c1ccccc1)c1ccccc1,479.0
1807,CC1(C)c2ccccc2N(c2ccc(-c3nnc(-c4ccc(-n5c6ccccc6c6ccccc65)cc4)o3)cc2)c2ccccc21,Cc1ccccc1,460.0
5577,CN(C)c1cc2oc3cc(N(C)C)c(F)cc3c(=O)c2cc1F,CCO,446.0
12477,Nc1cc2oc3cc(O)c(F)cc3c(=O)c2cc1F,CCO,425.0
13896,O=c1c2cc(F)c(O)cc2oc2cc(O)c(F)cc12,CCO,439.0
1340,CC(C)Nc1cc2oc3cc(NC(C)C)c(F)cc3c(=O)c2cc1F,CCO,422.0
3972,CCN(CC)c1cc2oc3cc(N(CC)CC)c(F)cc3c(=O)c2cc1F,CCO,452.0
3973,CCN(CC)c1cc2oc3cc(O)c(F)cc3c(=O)c2cc1F,CCO,438.0
3383,CCCCCCOc1cc(N(CC)CC)ccc1/C=C(\C#N)c1ccc(/C=C/C(=C(C#N)C#N)c2ccc(N(c3ccccc3)c3ccccc3)cc2)s1,ClCCl,750.0
11448,F[B-]1(F)n2c(cc3oc4ccccc4c32)C(c2ccc(I)cc2)=C2C=c3oc4ccccc4c3=[N+]21,ClC(Cl)Cl,647.0
1118,CC(C)(C)c1ccc2c(c1)c1cc(C(C)(C)C)ccc1n2-c1cc(C(=O)c2ccncc2)cc(-n2c3ccc(C(C)(C)C)cc3c3cc(C(C)(C)C)ccc32)c1,Cc1ccccc1,496.4879852
1119,CC(C)(C)c1ccc2c(c1)c1cc(C(C)(C)C)ccc1n2-c1cc(C(=O)c2ccncc2)cc(-n2c3ccc(C(C)(C)C)cc3c3cc(C(C)(C)C)ccc32)c1,c1cc(-c2cccc(-n3c4ccccc4c4ccccc43)c2)cc(-n2c3ccccc3c3ccccc32)c1,500.0
3483,CCCCCCn1c2cc(/C=C/c3ccccc3)ccc2c2ccc(/C=C/c3ccccc3)cc21,ClC(Cl)Cl,414.9377593
13318,O=C1c2ccccc2-c2nc3c4ccccc4c4ccccc4c3n21,ClCCl,616.0
11944,N#Cc1c(-n2cc(-c3ccccc3)nn2)n([C@H]2C[C@H](O)[C@@H](CO)O2)c2ncnc(N)c12,CO,412.0
3826,CCCCn1c2ccc(C#N)cc2c2cc(C#N)cc(-c3ccc(N(c4ccccc4)c4ccccc4)cc3)c21,C1CCCCC1,407.0
3827,CCCCn1c2ccc(C#N)cc2c2cc(C#N)cc(-c3ccc(N(c4ccccc4)c4ccccc4)cc3)c21,C1CCOC1,440.0
3828,CCCCn1c2ccc(C#N)cc2c2cc(C#N)cc(-c3ccc(N(c4ccccc4)c4ccccc4)cc3)c21,CC#N,474.0
3829,CCCCn1c2ccc(C#N)cc2c2cc(C#N)cc(-c3ccc(N(c4ccccc4)c4ccccc4)cc3)c21,CCCCOCCCC,412.0
3830,CCCCn1c2ccc(C#N)cc2c2cc(C#N)cc(-c3ccc(N(c4ccccc4)c4ccccc4)cc3)c21,CCN(CC)CC,410.4819277
3831,CCCCn1c2ccc(C#N)cc2c2cc(C#N)cc(-c3ccc(N(c4ccccc4)c4ccccc4)cc3)c21,CCOC(C)=O,438.0
3832,CCCCn1c2ccc(C#N)cc2c2cc(C#N)cc(-c3ccc(N(c4ccccc4)c4ccccc4)cc3)c21,CCOCC,424.0
3833,CCCCn1c2ccc(C#N)cc2c2cc(C#N)cc(-c3ccc(N(c4ccccc4)c4ccccc4)cc3)c21,CN(C)C=O,472.0
3834,CCCCn1c2ccc(C#N)cc2c2cc(C#N)cc(-c3ccc(N(c4ccccc4)c4ccccc4)cc3)c21,Cc1ccccc1,415.0
3835,CCCCn1c2ccc(C#N)cc2c2cc(C#N)cc(-c3ccc(N(c4ccccc4)c4ccccc4)cc3)c21,ClC=C(Cl)Cl,420.0
3836,CCCCn1c2ccc(C#N)cc2c2cc(C#N)cc(-c3ccc(N(c4ccccc4)c4ccccc4)cc3)c21,ClCCl,447.0
4098,CCN(CC)c1ccc(C=Cc2nc3nc4ccccc4nc3s2)c(OC)c1,CO,625.0
4099,CCN(CC)c1ccc(C=Cc2nc3nc4ccccc4nc3s2)cc1,CO,630.0
1181,CC(C)(C)c1ccc2c(c1)c1cc(C(C)(C)C)ccc1n2-c1ccc(N(c2ccc(-c3ccc(-c4ccc(-c5ccc(N(c6ccc(-n7c8ccc(C(C)(C)C)cc8c8cc(C(C)(C)C)ccc87)cc6)c6ccc(-n7c8ccc(C(C)(C)C)cc8c8cc(C(C)(C)C)ccc87)cc6)cc5)s4)s3)cc2)c2ccc(-n3c4ccc(C(C)(C)C)cc4c4cc(C(C)(C)C)ccc43)cc2)cc1,ClCCl,494.0
14729,c1ccc(-c2nc(-c3ccccc3)nc(-c3ccc(-n4c5ccc(-c6ccc7sc8ccccc8c7c6)cc5c5cc(-c6ccc7sc8ccccc8c7c6)ccc54)cc3)n2)cc1,CCOC(C)=O,473.0
14730,c1ccc(-c2nc(-c3ccccc3)nc(-c3ccc(-n4c5ccc(-c6ccc7sc8ccccc8c7c6)cc5c5cc(-c6ccc7sc8ccccc8c7c6)ccc54)cc3)n2)cc1,CN(C)C=O,531.0
14731,c1ccc(-c2nc(-c3ccccc3)nc(-c3ccc(-n4c5ccc(-c6ccc7sc8ccccc8c7c6)cc5c5cc(-c6ccc7sc8ccccc8c7c6)ccc54)cc3)n2)cc1,Cc1ccccc1,437.0
6774,CN1/C(=C\C=C\C2=C3C=CC(c4ccccc4)=[N+]3[B-](F)(F)n3c2ccc3-c2ccccc2)C(C)(C)c2ccccc21,CC#N,720.0
1313,CC(C)CCCCN1CCc2c1ccc1c3c(ccc21)C(=O)CCC3,C1CCCCC1,433.0
1314,CC(C)CCCCN1CCc2c1ccc1c3c(ccc21)C(=O)CCC3,CC#N,489.0
1315,CC(C)CCCCN1CCc2c1ccc1c3c(ccc21)C(=O)CCC3,CC(C)O,512.0
1316,CC(C)CCCCN1CCc2c1ccc1c3c(ccc21)C(=O)CCC3,CCC(C)=O,481.0
1317,CC(C)CCCCN1CCc2c1ccc1c3c(ccc21)C(=O)CCC3,CCO,522.0
1318,CC(C)CCCCN1CCc2c1ccc1c3c(ccc21)C(=O)CCC3,CCOC(C)=O,467.0
1319,CC(C)CCCCN1CCc2c1ccc1c3c(ccc21)C(=O)CCC3,CS(C)=O,472.0
1320,CC(C)CCCCN1CCc2c1ccc1c3c(ccc21)C(=O)CCC3,Cc1ccccc1,452.0
1321,CC(C)CCCCN1CCc2c1ccc1c3c(ccc21)C(=O)CCC3,ClCCl,472.0
1322,CC(C)CCCCN1CCc2c1ccc1c3c(ccc21)C(=O)CCC3,Clc1ccccc1,462.0
510,C1=Cc2ccccc2C(=Cc2ccc(-c3cc(-c4ccc(C=C5c6ccccc6C=Cc6ccccc65)cc4)cc(-c4ccc(C=C5c6ccccc6C=Cc6ccccc65)cc4)c3)cc2)c2ccccc21,C1CCOC1,405.0
2246,CC1=[N+]2C(=C(c3ccc(C(=O)c4ccccc4)cc3)c3ccc(C)n3[B-]2(F)F)C=C1c1cc2n(c1)[B-](F)(F)[N+]1=CC=CC1=C2c1c(C)cc(C)cc1C,C1CCCCC1,645.0
2247,CC1=[N+]2C(=C(c3ccc(C(=O)c4ccccc4)cc3)c3ccc(C)n3[B-]2(F)F)C=C1c1cc2n(c1)[B-](F)(F)[N+]1=CC=CC1=C2c1c(C)cc(C)cc1C,CCOC(C)=O,664.0
1939,CC1=C(c2ccccc2)C(C)=[N+]2C1=C(c1ccccc1)c1c(C)c(-c3ccccc3)c(C)n1[B-]2(F)F,CO,550.0
1940,CC1=C(c2ccccc2)C(C)=[N+]2C1=C(c1ccccc1)c1c(C)c(-c3ccccc3)c(C)n1[B-]2(F)F,Cc1ccccc1,556.0
1941,CC1=C(c2ccccc2)C(C)=[N+]2C1=C(c1ccccc1)c1c(C)c(-c3ccccc3)c(C)n1[B-]2(F)F,ClCCl,555.0
14734,c1ccc(-c2nc(-c3ccccc3)nc(-c3ccc(-n4c5ccccc5c5c4c4ccccc4n5-c4ccccc4)cc3)n2)cc1,Cc1ccccc1,526.0
10821,Cc1cccc(-c2c3ccccc3c(-c3cccc(C)n3)c3ccccc23)n1,ClCCl,428.0
10707,Cc1ccc(Sc2cc3ccc4cccc5ccc(c2)c3c45)cc1,ClCCl,405.0
404,C(C1=[NH+]c2cccc3cccc1c23)=c1[nH]c2cccc3cccc1c32,CO,617.0
3295,CCCCCCCCn1c2cc(/C=C/c3ccc(N(c4ccccc4)c4ccccc4)cc3)ccc2c2cc3c(cc21)c1ccc(/C=C/c2ccc(N(c4ccccc4)c4ccccc4)cc2)cc1n3CCCCCCCC,Cc1ccccc1,473.0
15037,c1ccc(N2N=C(c3ccc4ccc5cccc6ccc3c4c56)CC2c2ccc3ccc4cccc5ccc2c3c45)cc1,ClCCl,508.0
14432,c1cc(-c2c3ccccc3c(-c3ccc4ccccc4c3)c3ccccc23)cc(-n2c3ccccc3c3ccccc32)c1,ClCCl,419.0
11000,Cc1nc2c(cc3c4c(cccc42)C(=O)OC3=O)o1,CCO,418.0
13640,O=S(=O)([O-])CCCOc1ccc(C2=[N+]3C(=Nc4c(-c5ccccc5)cc(-c5ccc(OCc6cn([C@H]7[C@H](O)[C@H](O)[C@@H](CO)O[C@H]7O)nn6)cc5)n4[B-]3(F)F)C(c3ccccc3)=C2)cc1,O,722.0
3384,CCCCCCOc1cc(N(CC)CC)ccc1/C=C(\C#N)c1ccc(/C=C/C(=C(C#N)C#N)c2ccc3c(c2)c2ccccc2n3CC)s1,ClCCl,742.0
3491,CCCCCCn1c2ccsc2c2sc3c(sc4c5sccc5n(CCCCCC)c43)c21,ClCCl,411.0
3485,CCCCCCn1c2cc(C=C(C#N)C#N)sc2c2sc3c(sc4c5sc(C=C(C#N)C#N)cc5n(CCCCCC)c43)c21,ClCCl,620.0
3486,CCCCCCn1c2cc(C=O)sc2c2sc3c(sc4c5sc(C=O)cc5n(CCCCCC)c43)c21,ClCCl,496.0
14603,c1ccc(-c2ccc(-c3ccc(-c4cc(-c5ccc(-c6ccc(-c7ccccc7)cc6)cc5)cc(-c5ccc(-c6ccc(-c7ccccc7)cc6)cc5)c4)cc3)cc2)cc1,C1COCCO1,375.0
10214,Cc1cc2sccc2c2[nH]c3ccccc3c12,ClCCl,346.0
13937,O=c1c2ccccc2n2c3ccccc3c(=O)c3cccc1c32,Cc1ccccc1,465.7997399
5594,CN(C)c1ccc(-c2cc(-c3ccc(N(C)C)cc3)ncn2)cc1,ClCCl,429.0
10927,Cc1ccccc1C1=C2C=c3c(oc4ccc(C(C)(C)C)cc34)=[N+]2[B-](F)(F)n2c1cc1c3cc(C(C)(C)C)ccc3oc12,C1CCCCC1,602.0
10928,Cc1ccccc1C1=C2C=c3c(oc4ccc(C(C)(C)C)cc34)=[N+]2[B-](F)(F)n2c1cc1c3cc(C(C)(C)C)ccc3oc12,CCOC(C)=O,602.0
10929,Cc1ccccc1C1=C2C=c3c(oc4ccc(C(C)(C)C)cc34)=[N+]2[B-](F)(F)n2c1cc1c3cc(C(C)(C)C)ccc3oc12,CO,600.5
10930,Cc1ccccc1C1=C2C=c3c(oc4ccc(F)cc34)=[N+]2[B-](F)(F)n2c1cc1c3cc(F)ccc3oc12,C1CCCCC1,590.0
10931,Cc1ccccc1C1=C2C=c3c(oc4ccc(F)cc34)=[N+]2[B-](F)(F)n2c1cc1c3cc(F)ccc3oc12,CCOC(C)=O,587.5
10932,Cc1ccccc1C1=C2C=c3c(oc4ccc(F)cc34)=[N+]2[B-](F)(F)n2c1cc1c3cc(F)ccc3oc12,CO,587.5
10933,Cc1ccccc1C1=C2C=c3c(oc4ccccc34)=[N+]2[B-](F)(F)n2c1cc1c3ccccc3oc12,C1CCCCC1,595.5
10934,Cc1ccccc1C1=C2C=c3c(oc4ccccc34)=[N+]2[B-](F)(F)n2c1cc1c3ccccc3oc12,CCOC(C)=O,595.0
10935,Cc1ccccc1C1=C2C=c3c(oc4ccccc34)=[N+]2[B-](F)(F)n2c1cc1c3ccccc3oc12,CO,595.0
11443,F[B-]1(F)n2c(cc3c4ccccc4oc32)C(c2ccccc2)=C2C=c3c(oc4ccccc34)=[N+]21,C1CCCCC1,597.5
11444,F[B-]1(F)n2c(cc3c4ccccc4oc32)C(c2ccccc2)=C2C=c3c(oc4ccccc34)=[N+]21,CCOC(C)=O,596.5
11445,F[B-]1(F)n2c(cc3c4ccccc4oc32)C(c2ccccc2)=C2C=c3c(oc4ccccc34)=[N+]21,CO,596.5
13506,O=Cc1ccc(C2=C3C=c4c(oc5ccccc45)=[N+]3[B-](F)(F)n3c2cc2c4ccccc4oc23)cc1,C1CCCCC1,612.0
13507,O=Cc1ccc(C2=C3C=c4c(oc5ccccc45)=[N+]3[B-](F)(F)n3c2cc2c4ccccc4oc23)cc1,C1CCOC1,615.0
13508,O=Cc1ccc(C2=C3C=c4c(oc5ccccc45)=[N+]3[B-](F)(F)n3c2cc2c4ccccc4oc23)cc1,CC#N,611.0
13509,O=Cc1ccc(C2=C3C=c4c(oc5ccccc45)=[N+]3[B-](F)(F)n3c2cc2c4ccccc4oc23)cc1,CCOC(C)=O,610.0
13510,O=Cc1ccc(C2=C3C=c4c(oc5ccccc45)=[N+]3[B-](F)(F)n3c2cc2c4ccccc4oc23)cc1,CN(C)C=O,615.5
13511,O=Cc1ccc(C2=C3C=c4c(oc5ccccc45)=[N+]3[B-](F)(F)n3c2cc2c4ccccc4oc23)cc1,CO,609.5
13512,O=Cc1ccc(C2=C3C=c4c(oc5ccccc45)=[N+]3[B-](F)(F)n3c2cc2c4ccccc4oc23)cc1,Cc1ccccc1,620.5
13513,O=Cc1ccc(C2=C3C=c4c(oc5ccccc45)=[N+]3[B-](F)(F)n3c2cc2c4ccccc4oc23)cc1,ClCCl,618.5
10583,Cc1ccc(C2=C3C=c4c(oc5ccccc45)=[N+]3[B-](F)(F)n3c2cc2c4ccccc4oc23)cc1,C1CCCCC1,596.5
10584,Cc1ccc(C2=C3C=c4c(oc5ccccc45)=[N+]3[B-](F)(F)n3c2cc2c4ccccc4oc23)cc1,C1CCOC1,596.5
10585,Cc1ccc(C2=C3C=c4c(oc5ccccc45)=[N+]3[B-](F)(F)n3c2cc2c4ccccc4oc23)cc1,CC#N,595.5
10586,Cc1ccc(C2=C3C=c4c(oc5ccccc45)=[N+]3[B-](F)(F)n3c2cc2c4ccccc4oc23)cc1,CCOC(C)=O,594.5
10587,Cc1ccc(C2=C3C=c4c(oc5ccccc45)=[N+]3[B-](F)(F)n3c2cc2c4ccccc4oc23)cc1,CN(C)C=O,598.5
10588,Cc1ccc(C2=C3C=c4c(oc5ccccc45)=[N+]3[B-](F)(F)n3c2cc2c4ccccc4oc23)cc1,CO,594.5
10589,Cc1ccc(C2=C3C=c4c(oc5ccccc45)=[N+]3[B-](F)(F)n3c2cc2c4ccccc4oc23)cc1,Cc1ccccc1,603.0
10590,Cc1ccc(C2=C3C=c4c(oc5ccccc45)=[N+]3[B-](F)(F)n3c2cc2c4ccccc4oc23)cc1,ClCCl,598.0
3417,CCCCCCOc1ccc2oc3c(c2c1)=CC1=C(c2ccccc2C)c2cc4c5cc(OCCCCCC)ccc5oc4n2[B-](F)(F)[N+]=31,C1CCCCC1,603.0
3418,CCCCCCOc1ccc2oc3c(c2c1)=CC1=C(c2ccccc2C)c2cc4c5cc(OCCCCCC)ccc5oc4n2[B-](F)(F)[N+]=31,CCOC(C)=O,602.5
3419,CCCCCCOc1ccc2oc3c(c2c1)=CC1=C(c2ccccc2C)c2cc4c5cc(OCCCCCC)ccc5oc4n2[B-](F)(F)[N+]=31,CO,603.0
7261,COC(=O)[C@H](Cc1ccc2oc3c(c2c1)=CC1=C(c2ccc(OC)cc2)c2cc4c5cc(C[C@H](NC(=O)OC(C)(C)C)C(=O)OC)ccc5oc4n2[B-](F)(F)[N+]=31)NC(=O)OC(C)(C)C,C1CCCCC1,596.5
7262,COC(=O)[C@H](Cc1ccc2oc3c(c2c1)=CC1=C(c2ccc(OC)cc2)c2cc4c5cc(C[C@H](NC(=O)OC(C)(C)C)C(=O)OC)ccc5oc4n2[B-](F)(F)[N+]=31)NC(=O)OC(C)(C)C,CCOC(C)=O,597.0
7263,COC(=O)[C@H](Cc1ccc2oc3c(c2c1)=CC1=C(c2ccc(OC)cc2)c2cc4c5cc(C[C@H](NC(=O)OC(C)(C)C)C(=O)OC)ccc5oc4n2[B-](F)(F)[N+]=31)NC(=O)OC(C)(C)C,CO,595.0
8813,COc1ccc(C2=C3C=c4c(oc5ccccc45)=[N+]3[B-](F)(F)n3c2cc2c4ccccc4oc23)cc1,C1CCCCC1,593.5
8814,COc1ccc(C2=C3C=c4c(oc5ccccc45)=[N+]3[B-](F)(F)n3c2cc2c4ccccc4oc23)cc1,CCOC(C)=O,594.0
8815,COc1ccc(C2=C3C=c4c(oc5ccccc45)=[N+]3[B-](F)(F)n3c2cc2c4ccccc4oc23)cc1,CO,592.0
5262,CCn1c(-c2ccc(N(c3ccccc3)c3cccc4ccccc34)cc2)c(-c2ccc3ccccc3c2)c(-c2ccc3ccccc3c2)c1-c1ccc(N(c2ccccc2)c2cccc3ccccc23)cc1,CCOC(C)=O,434.0
15087,c1ccc([Si]2(c3ccccc3)c3ccccc3-c3cc4c(cc32)-c2ccccc2[Si]4(c2ccccc2)c2ccccc2)cc1,ClCCl,395.0
9036,COc1ccc2c(c1)-c1cc3c(cc1[Si]2(c1ccccc1)c1ccccc1)-c1ccccc1[Si]3(c1ccccc1)c1ccccc1,ClCCl,397.0
1800,CC1(C)c2ccccc2N(c2ccc(-c3nc(-c4ccccn4)n(-c4ccccc4)n3)cc2)c2ccccc21,ClCCl,431.0
392,C(=C/c1ncnc2ccccc12)\c1ccc(N2CCCCC2)cc1,C1CCCCC1,480.0
393,C(=C/c1ncnc2ccccc12)\c1ccc(N2CCCCC2)cc1,C1CCOC1,540.0
394,C(=C/c1ncnc2ccccc12)\c1ccc(N2CCCCC2)cc1,CC#N,579.0
395,C(=C/c1ncnc2ccccc12)\c1ccc(N2CCCCC2)cc1,CS(C)=O,589.0
396,C(=C/c1ncnc2ccccc12)\c1ccc(N2CCCCC2)cc1,ClCCl,558.0
15153,c1ccc2c(c1)-c1ccccc1C21c2ccccc2-c2ccc(-c3ccncc3)cc21,C1CCCCC1,337.0
544,C=CCNS(=O)(=O)c1ccc2c(c1)C(=O)/C(=C1\Sc3ccc(S(=O)(=O)NCC=C)cc3C1=O)S2,CS(C)=O,625.0
12951,O=C1/C(=C2\Sc3ccc(S(=O)(=O)Cl)cc3C2=O)Sc2ccc(S(=O)(=O)Cl)cc21,C1COCCO1,576.0
12952,O=C1/C(=C2\Sc3ccc(S(=O)(=O)Cl)cc3C2=O)Sc2ccc(S(=O)(=O)Cl)cc21,CS(C)=O,624.0
12957,O=C1/C(=C2\Sc3ccc(S(=O)(=O)O)cc3C2=O)Sc2ccc(S(=O)(=O)O)cc21,C1COCCO1,587.0
12958,O=C1/C(=C2\Sc3ccc(S(=O)(=O)O)cc3C2=O)Sc2ccc(S(=O)(=O)O)cc21,CN(C)C=O,613.0
12959,O=C1/C(=C2\Sc3ccc(S(=O)(=O)O)cc3C2=O)Sc2ccc(S(=O)(=O)O)cc21,CO,629.0
12960,O=C1/C(=C2\Sc3ccc(S(=O)(=O)O)cc3C2=O)Sc2ccc(S(=O)(=O)O)cc21,CS(C)=O,629.0
12961,O=C1/C(=C2\Sc3ccc(S(=O)(=O)O)cc3C2=O)Sc2ccc(S(=O)(=O)O)cc21,O,644.0
12962,O=C1/C(=C2\Sc3ccccc3C2=O)Sc2ccccc21,C1COCCO1,590.0
12963,O=C1/C(=C2\Sc3ccccc3C2=O)Sc2ccccc21,CN(C)C=O,607.0
12964,O=C1/C(=C2\Sc3ccccc3C2=O)Sc2ccccc21,CO,624.0
12965,O=C1/C(=C2\Sc3ccccc3C2=O)Sc2ccccc21,CS(C)=O,614.0
12966,O=C1/C(=C2\Sc3ccccc3C2=O)Sc2ccccc21,c1ccccc1,598.0
855,CC(C)(C)NS(=O)(=O)c1ccc2c(c1)C(=O)/C(=C1\Sc3ccc(S(=O)(=O)NC(C)(C)C)cc3C1=O)S2,C1COCCO1,589.0
856,CC(C)(C)NS(=O)(=O)c1ccc2c(c1)C(=O)/C(=C1\Sc3ccc(S(=O)(=O)NC(C)(C)C)cc3C1=O)S2,CN(C)C=O,604.0
857,CC(C)(C)NS(=O)(=O)c1ccc2c(c1)C(=O)/C(=C1\Sc3ccc(S(=O)(=O)NC(C)(C)C)cc3C1=O)S2,CS(C)=O,618.0
543,C=CCNS(=O)(=O)c1ccc2c(c1)C(=O)/C(=C1\Sc3ccc(S(=O)(=O)NCC=C)cc3C1=O)S2,CN(C)C=O,604.0
2905,CCCCC1(c2ccccc2)Nc2c(-c3ccc(N(c4ccccc4)c4ccccc4)cc3)ccc(-c3ccc(N(c4ccccc4)c4ccccc4)cc3)c2N=C1c1ccccc1,C1CCOC1,554.0
2906,CCCCC1(c2ccccc2)Nc2c(-c3ccc(N(c4ccccc4)c4ccccc4)cc3)ccc(-c3ccc(N(c4ccccc4)c4ccccc4)cc3)c2N=C1c1ccccc1,CC#N,567.0
2907,CCCCC1(c2ccccc2)Nc2c(-c3ccc(N(c4ccccc4)c4ccccc4)cc3)ccc(-c3ccc(N(c4ccccc4)c4ccccc4)cc3)c2N=C1c1ccccc1,CCCCCC,521.0
2908,CCCCC1(c2ccccc2)Nc2c(-c3ccc(N(c4ccccc4)c4ccccc4)cc3)ccc(-c3ccc(N(c4ccccc4)c4ccccc4)cc3)c2N=C1c1ccccc1,CN(C)C=O,578.0
2909,CCCCC1(c2ccccc2)Nc2c(-c3ccc(N(c4ccccc4)c4ccccc4)cc3)ccc(-c3ccc(N(c4ccccc4)c4ccccc4)cc3)c2N=C1c1ccccc1,Cc1ccccc1,533.0
2910,CCCCC1(c2ccccc2)Nc2c(-c3ccc(N(c4ccccc4)c4ccccc4)cc3)ccc(-c3ccc(N(c4ccccc4)c4ccccc4)cc3)c2N=C1c1ccccc1,ClC(Cl)Cl,547.0
8776,COc1ccc(C2=C3C(/C=C/c4cc(OC)c(OC)c(OC)c4)=C(C=O)C(/C=C/c4cc(OC)c(OC)c(OC)c4)=[N+]3[B-](F)(F)n3c(/C=C/c4cc(OC)c(OC)c(OC)c4)c(C=O)c(C=Cc4cc(OC)c(OC)c(OC)c4)c32)cc1,ClCCl,722.0
3707,CCCCOc1ccc(/C=C/C2=[N+]3C(=C(c4ccc(I)cc4)c4c(/C=C/c5ccc(N(C)C)cc5)cc(/C=C/c5ccc(OC)cc5)n4[B-]3(F)F)C(/C=C/c3ccc(OCCOCCOC)cc3)=C2)cc1,C1COCCO1,714.0
3192,CCCCCCCCCCOc1cc(OCCCCCCCCCC)cc(C2=C3C(/C=C/c4ccc(OC)cc4)=CC(/C=C/c4ccc(OC)cc4)=[N+]3[B-](F)(F)n3c(/C=C/c4ccc(OC)cc4)cc(C=Cc4ccc(OC)cc4)c32)c1,ClC(Cl)Cl,710.0
1472,CC(C)c1cc(C(C)C)c(B2c3ccccc3Oc3cc(N4c5ccccc5C5(c6ccccc6-c6ccccc65)c5ccccc54)ccc32)c(C(C)C)c1,Cc1ccccc1,456.0
13748,O=S1(=O)C2=C(c3ccc(N(c4ccccc4)c4ccccc4)cc31)C1(C3=C(c4ccccc41)S(=O)(=O)c1cc(N(c4ccccc4)c4ccccc4)ccc13)c1ccccc12,Cc1ccccc1,543.0
13749,O=S1(=O)C2=C(c3ccc(N(c4ccccc4)c4ccccc4)cc31)C1(C3=C(c4ccccc41)S(=O)(=O)c1cc(N(c4ccccc4)c4ccccc4)ccc13)c1ccccc12,ClCCl,577.0
13745,O=S1(=O)C2=C(c3ccc(N(c4ccccc4)c4ccccc4)cc31)C1(C3=C(c4ccccc41)S(=O)(=O)c1cc(N(c4ccccc4)c4ccccc4)ccc13)c1ccccc12,C1CCOC1,561.0
13746,O=S1(=O)C2=C(c3ccc(N(c4ccccc4)c4ccccc4)cc31)C1(C3=C(c4ccccc41)S(=O)(=O)c1cc(N(c4ccccc4)c4ccccc4)ccc13)c1ccccc12,CC#N,598.0
13747,O=S1(=O)C2=C(c3ccc(N(c4ccccc4)c4ccccc4)cc31)C1(C3=C(c4ccccc41)S(=O)(=O)c1cc(N(c4ccccc4)c4ccccc4)ccc13)c1ccccc12,CCCCCC,521.0
14171,Oc1cc2c(cc1-c1nc3c4ccccc4c4ccccc4c3[nH]1)c1ccccc1n2-c1ccccc1,C1CCOC1,504.0
14172,Oc1cc2c(cc1-c1nc3c4ccccc4c4ccccc4c3[nH]1)c1ccccc1n2-c1ccccc1,CC#N,498.0
14173,Oc1cc2c(cc1-c1nc3c4ccccc4c4ccccc4c3[nH]1)c1ccccc1n2-c1ccccc1,CCCCCC,505.0
14174,Oc1cc2c(cc1-c1nc3c4ccccc4c4ccccc4c3[nH]1)c1ccccc1n2-c1ccccc1,CO,485.0
14175,Oc1cc2c(cc1-c1nc3c4ccccc4c4ccccc4c3[nH]1)c1ccccc1n2-c1ccccc1,CS(C)=O,502.0
14176,Oc1cc2c(cc1-c1nc3c4ccccc4c4ccccc4c3[nH]1)c1ccccc1n2-c1ccccc1,Cc1ccccc1,506.0
14177,Oc1cc2c(cc1-c1nc3c4ccccc4c4ccccc4c3[nH]1)c1ccccc1n2-c1ccccc1,ClCCl,499.0
2421,CCC1(CC)c2cc(/C=C/c3ccc(N(c4ccccc4)c4ccccc4)cc3)ccc2-c2ccc(/C=C/c3ccc(N(c4ccccc4)c4ccccc4)cc3)cc21,Cc1ccccc1,451.0
1872,CC1(C)c2ccccc2N(c2ccccc2)c2ccc(-c3ccc(-c4ccc5c(c4)C(C)(C)c4ccccc4N5c4ccccc4)c4nsnc34)cc21,Cc1ccccc1,596.0227273
1873,CC1(C)c2ccccc2N(c2ccccc2)c2ccc(-c3ccc(-c4ccc5c(c4)C(C)(C)c4ccccc4N5c4ccccc4)c4nsnc34)cc21,c1ccc2c(c1)c1ccccc1n2-c1ccc(-c2ccc(-n3c4ccccc4c4ccccc43)cc2)cc1,588.0
1068,CC(C)(C)c1ccc(C#Cc2c(C#Cc3ccc(C(C)(C)C)cc3)c3cccc4c(C#Cc5ccc(C(C)(C)C)cc5)c(C#Cc5ccc(C(C)(C)C)cc5)c5cccc2c5c34)cc1,ClCCl,443.0
3447,CCCCCCc1ccc(/C=C/c2ccc(CCCCCC)s2)s1,Cc1ccccc1,416.0
13247,O=C1c2cccc3cc4ccccc4c(c23)C(=O)N1Cc1ccccn1,C1CCOC1,485.0
13248,O=C1c2cccc3cc4ccccc4c(c23)C(=O)N1Cc1ccccn1,CCCCCC,465.0
13249,O=C1c2cccc3cc4ccccc4c(c23)C(=O)N1Cc1ccccn1,CCO,500.0
13250,O=C1c2cccc3cc4ccccc4c(c23)C(=O)N1Cc1ccccn1,Cc1ccccc1,483.0
13251,O=C1c2cccc3cc4ccccc4c(c23)C(=O)N1Cc1ccccn1,ClCCl,490.0
15009,c1ccc(N(c2ccccc2)c2ccc(-c3ncc(-c4ccc(-c5cnc(-c6ccc(N(c7ccccc7)c7ccccc7)cc6)s5)s4)s3)cc2)cc1,CO,503.0
5726,CN(C)c1ccc(-n2c(-c3ccncc3)nc3ccccc32)cc1,CC#N,556.0
5288,CCn1c2ccccc2c2c(N(c3ccccc3)c3ccccc3)cccc21,ClCCl,418.0
11699,N#C/C(=C\c1cn(-c2ccccc2)nc1-c1ccccc1)c1nc2ccccc2s1,Cc1ccccc1,437.0
11700,N#C/C(=C\c1cn(-c2ccccc2)nc1-c1ccccc1)c1nc2ccccc2s1,ClC(Cl)Cl,435.0
11701,N#C/C(=C\c1cn(-c2ccccc2)nc1-c1ccccc1)c1nc2ccccc2s1,ClCCl,434.0
11692,N#C/C(=C\c1cn(-c2ccccc2)nc1-c1ccccc1)c1nc2ccccc2s1,C1CCOC1,453.0
11693,N#C/C(=C\c1cn(-c2ccccc2)nc1-c1ccccc1)c1nc2ccccc2s1,C1COCCO1,433.0
11694,N#C/C(=C\c1cn(-c2ccccc2)nc1-c1ccccc1)c1nc2ccccc2s1,CCO,455.0
11695,N#C/C(=C\c1cn(-c2ccccc2)nc1-c1ccccc1)c1nc2ccccc2s1,CCOC(C)=O,458.0
11696,N#C/C(=C\c1cn(-c2ccccc2)nc1-c1ccccc1)c1nc2ccccc2s1,CN(C)C=O,465.0
11697,N#C/C(=C\c1cn(-c2ccccc2)nc1-c1ccccc1)c1nc2ccccc2s1,CO,452.0
11698,N#C/C(=C\c1cn(-c2ccccc2)nc1-c1ccccc1)c1nc2ccccc2s1,CS(C)=O,465.0
10527,Cc1ccc(C2=C3C=CC(/C=C/c4ccccc4)=[N+]3[B-](F)(F)n3c(Cl)ccc32)cc1,C1CCCCC1,581.0
10528,Cc1ccc(C2=C3C=CC(/C=C/c4ccccc4)=[N+]3[B-](F)(F)n3c(Cl)ccc32)cc1,C1CCOC1,581.0
10529,Cc1ccc(C2=C3C=CC(/C=C/c4ccccc4)=[N+]3[B-](F)(F)n3c(Cl)ccc32)cc1,C1COCCO1,582.0
10530,Cc1ccc(C2=C3C=CC(/C=C/c4ccccc4)=[N+]3[B-](F)(F)n3c(Cl)ccc32)cc1,CCOC(C)=O,580.0
10531,Cc1ccc(C2=C3C=CC(/C=C/c4ccccc4)=[N+]3[B-](F)(F)n3c(Cl)ccc32)cc1,CO,579.0
10532,Cc1ccc(C2=C3C=CC(/C=C/c4ccccc4)=[N+]3[B-](F)(F)n3c(Cl)ccc32)cc1,Cc1ccccc1,588.0
10533,Cc1ccc(C2=C3C=CC(/C=C/c4ccccc4)=[N+]3[B-](F)(F)n3c(Cl)ccc32)cc1,ClC(Cl)Cl,585.0
55,C#CCOc1ccc(/C=C/C2=[N+]3C(=C(c4ccc(N(C)C)cc4)c4c(C)cc(C)n4[B-]3(F)F)C(C)=C2)cc1,CO,582.0
56,C#CCOc1ccc(/C=C/C2=[N+]3C(=C(c4ccc(N(C)CC)cc4)c4c(C)cc(C)n4[B-]3(F)F)C(C)=C2)cc1,CO,582.0
59,C#CCOc1ccc(/C=C/C2=[N+]3C(=C(c4ccc(N(CC)CC)cc4)c4c(C)cc(C)n4[B-]3(F)F)C(C)=C2)cc1,CO,582.0
1980,CC1=CC(/C=C/c2ccc(OCCCN=[N+]=[N-])cc2)=[N+]2C1=C(c1ccc(N(C)C)cc1)c1c(C)cc(C)n1[B-]2(F)F,CO,586.0
61,C#CCOc1ccc(/C=C/C2=[N+]3C(=C(c4ccccc4)c4c(C)cc(C)n4[B-]3(F)F)C(C)=C2)cc1,CO,574.0
1982,CC1=CC(/C=C/c2ccc(OCCCN=[N+]=[N-])cc2)=[N+]2C1=C(c1ccccc1)c1c(C)cc(C)n1[B-]2(F)F,CO,578.0
7248,COC(=O)COc1ccc(/C=C/C2=[N+]3C(=C(c4ccc(N(C)C)cc4)c4c(C)cc(C)n4[B-]3(F)F)C(C)=C2)cc1,CO,580.0
7250,COC(=O)COc1ccc(/C=C/C2=[N+]3C(=C(c4ccccc4)c4c(C)cc(C)n4[B-]3(F)F)C(C)=C2)cc1,CO,574.0
3952,CCN(C)c1ccc(C2=C3C(C)=CC(/C=C/c4ccc(OCC(=O)OC)cc4)=[N+]3[B-](F)(F)n3c(C)cc(C)c32)cc1,CO,581.0
3953,CCN(C)c1ccc(C2=C3C(C)=CC(/C=C/c4ccc(OCCCN=[N+]=[N-])cc4)=[N+]3[B-](F)(F)n3c(C)cc(C)c32)cc1,CO,586.0
4095,CCN(CC)c1ccc(C2=C3C(C)=CC(/C=C/c4ccc(OCC(=O)OC)cc4)=[N+]3[B-](F)(F)n3c(C)cc(C)c32)cc1,CO,581.0
4096,CCN(CC)c1ccc(C2=C3C(C)=CC(/C=C/c4ccc(OCCCN=[N+]=[N-])cc4)=[N+]3[B-](F)(F)n3c(C)cc(C)c32)cc1,CO,587.0
160,C(/C=C/c1ccc(N(c2ccccc2)c2ccccc2)cc1)=C\c1ccncc1,C1COCCO1,481.0
161,C(/C=C/c1ccc(N(c2ccccc2)c2ccccc2)cc1)=C\c1ccncc1,CC#N,534.0
162,C(/C=C/c1ccc(N(c2ccccc2)c2ccccc2)cc1)=C\c1ccncc1,CCCCCCC,472.0
163,C(/C=C/c1ccc(N(c2ccccc2)c2ccccc2)cc1)=C\c1ccncc1,CO,540.0
408,C(S/C=C/c1ccc(-c2ccc(/C=C/SC=C3CCCCCC3)cc2)cc1)=C1CCCCCC1,ClCCl,434.0
2834,CCCCC(CC)Cn1c2cc(C#N)ccc2c2ccc(C#Cc3cc(C#Cc4ccc5c6ccc(C#N)cc6n(CC(CC)CCCC)c5c4)c4ccc5c(C#Cc6ccc7c8ccc(C#N)cc8n(CC(CC)CCCC)c7c6)cc(C#Cc6ccc7c8ccc(C#N)cc8n(CC(CC)CCCC)c7c6)c6ccc3c4c65)cc21,ClCCl,486.0
14638,c1ccc(-c2csc(-c3ccncc3)n2)cc1,ClCCl,472.0
14637,c1ccc(-c2csc(-c3ccncc3)n2)cc1,CN(C)C=O,402.0
8259,COc1ccc(-c2csc(-c3ccncc3)n2)cc1,CC#N,560.0
8260,COc1ccc(-c2csc(-c3ccncc3)n2)cc1,CCO,457.0
8261,COc1ccc(-c2csc(-c3ccncc3)n2)cc1,CN(C)C=O,451.0
8262,COc1ccc(-c2csc(-c3ccncc3)n2)cc1,CS(C)=O,455.0
8263,COc1ccc(-c2csc(-c3ccncc3)n2)cc1,Cc1ccccc1,415.0
8264,COc1ccc(-c2csc(-c3ccncc3)n2)cc1,ClCCl,548.0
14635,c1ccc(-c2csc(-c3ccncc3)n2)cc1,CC#N,498.0
14636,c1ccc(-c2csc(-c3ccncc3)n2)cc1,CCO,407.0
14449,c1cc2c3c(c1)ccc1[n+]3[B-]3(Oc4cccc5ccc6[n+](c45)[B-](O2)(O3)n2c-6cc3c4ccccc4c4ccccc4c32)n2c-1cc1c3ccccc3c3ccccc3c12,ClCCl,568.0
13056,O=C1Cc2cc3c(cc2CCCc2ccc(cc2)CCC3)CC(=O)Cc2ccc(c3nsnc23)C1,C1CCCCC1,501.0
13057,O=C1Cc2cc3c(cc2CCCc2ccc(cc2)CCC3)CC(=O)Cc2ccc(c3nsnc23)C1,CC#N,544.0
13058,O=C1Cc2cc3c(cc2CCCc2ccc(cc2)CCC3)CC(=O)Cc2ccc(c3nsnc23)C1,ClC(Cl)Cl,522.0
3777,CCCCc1ccc2c(c1)c1cc(CCCC)ccc1n2-c1ccc(S(=O)(=O)c2ccc(S(=O)(=O)c3ccc(-n4c5ccc(CCCC)cc5c5cc(CCCC)ccc54)cc3)cc2)cc1,c1cc(-n2c3ccccc3c3ccccc32)nc(-n2c3ccccc3c3ccccc32)c1,467.2413793
1188,CC(C)(C)c1ccc2c(c1)c1cc(C(C)(C)C)ccc1n2-c1ccc(S(=O)(=O)c2ccc(S(=O)(=O)c3ccc(-n4c5ccc(C(C)(C)C)cc5c5cc(C(C)(C)C)ccc54)cc3)cc2)cc1,Cc1ccccc1,446.0
3776,CCCCc1ccc2c(c1)c1cc(CCCC)ccc1n2-c1ccc(S(=O)(=O)c2ccc(S(=O)(=O)c3ccc(-n4c5ccc(CCCC)cc5c5cc(CCCC)ccc54)cc3)cc2)cc1,Cc1ccccc1,450.0
4372,CCN(CC)c1ccc2cc(/C=C/c3ccccc3)c(=O)oc2c1,CC#N,477.0
8090,COc1cc2cc(/C=C/c3ccc(/C=C(\C#N)C(=O)O)cc3)c(=O)oc2cc1OC,CC#N,483.0
14058,O=c1oc2ccccc2cc1/C=C/c1ccc([N+](=O)[O-])cc1,CC#N,539.0
14059,O=c1oc2ccccc2cc1/C=C/c1ccccc1,CC#N,440.0
9192,COc1ccc2cc(/C=C/c3ccc([N+](=O)[O-])cc3)c(=O)oc2c1,CC#N,610.0
9193,COc1ccc2cc(/C=C/c3ccccc3)c(=O)oc2c1,CC#N,464.0
9489,CSc1ccc(/C=C/c2cnc3ccccc3n2)cc1,C1CCOC1,467.0
9490,CSc1ccc(/C=C/c2cnc3ccccc3n2)cc1,CC#N,499.0
9491,CSc1ccc(/C=C/c2cnc3ccccc3n2)cc1,CCCCCCC,426.0
9492,CSc1ccc(/C=C/c2cnc3ccccc3n2)cc1,CS(C)=O,513.0
9493,CSc1ccc(/C=C/c2cnc3ccccc3n2)cc1,ClCCl,475.0
15,Brc1ccc(/C=C/c2cnc3ccccc3n2)cc1,ClCCl,455.0
11081,Clc1ccc(/C=C/c2cnc3ccccc3n2)cc1,ClCCl,416.0
6055,CN(C)c1ccc(/C=C/c2cnc3ccccc3n2)cc1,C1CCOC1,556.0
6056,CN(C)c1ccc(/C=C/c2cnc3ccccc3n2)cc1,CCCCCCC,468.0
6057,CN(C)c1ccc(/C=C/c2cnc3ccccc3n2)cc1,CS(C)=O,622.0
6058,CN(C)c1ccc(/C=C/c2cnc3ccccc3n2)cc1,ClCCl,570.0
10350,Cc1ccc(-n2c(-c3ccccc3[N-]S(=O)(=O)c3ccc(C)cc3)[nH+]c3c4ccccc4c4ccccc4c32)cc1,Cc1ccccc1,506.0
4969,CCOC(=O)c1sc(-c2ccc(-c3cc(C4CC4)c(C(=O)OCC)s3)s2)cc1C1CC1,ClCCl,448.0
481,C1=C2C3=C(C4=[N+]2[B-]2(Oc5ccccc54)Oc4ccccc4-c4c5c(c1n42)C1CCC5CC1)C1CCC3CC1,ClCCl,645.0
7317,COC(=O)c1cc(=O)n(C)c2cc(-c3ccc(Oc4ccccc4)cc3)sc12,ClCCl,469.0
7316,COC(=O)c1cc(=O)n(C)c2cc(-c3ccc(Oc4ccccc4)cc3)sc12,CC#N,469.0
3220,CCCCCCCCCc1c2ccccc2cc2c1oc1c3c(c4ccccc4c12)-c1c(c2oc4cc5ccccc5cc4c2c2ccccc12)OCO3,C1CCOC1,416.0
1953,CC1=C2C3=C(CCc4ccccc43)C(C)=[N+]2[B-](F)(F)n2c(C)c3c(c21)-c1ccccc1CC3,CC#N,599.0
15217,c1ccc2c(c1)c1ccccc1n2-c1ccc(-c2cc3ccc(-c4ccc5cc(-c6ccc(-n7c8ccccc8c8ccccc87)cc6)oc5c4)cc3o2)cc1,Cc1ccccc1,407.0
15218,c1ccc2c(c1)c1ccccc1n2-c1ccc(-c2cc3ccc(-c4ccc5cc(-c6ccc(-n7c8ccccc8c8ccccc87)cc6)oc5c4)cc3o2)cc1,c1ccc2c(c1)c1ccccc1n2-c1ccc(-c2ccc(-n3c4ccccc4c4ccccc43)cc2)cc1,419.0
8351,COc1ccc(-c2nc3ccccc3nc2/C=C/N2CCCC2)s1,CC#N,583.9416058
7925,COc1cc(OC)cc(-c2nnc(-c3cccc(-c4nnc(-c5cc(OC)cc(OC)c5)o4)c3)o2)c1,C1CCCCC1,350.0
7926,COc1cc(OC)cc(-c2nnc(-c3cccc(-c4nnc(-c5cc(OC)cc(OC)c5)o4)c3)o2)c1,C1CCOC1,373.0
7927,COc1cc(OC)cc(-c2nnc(-c3cccc(-c4nnc(-c5cc(OC)cc(OC)c5)o4)c3)o2)c1,CC#N,396.0
7928,COc1cc(OC)cc(-c2nnc(-c3cccc(-c4nnc(-c5cc(OC)cc(OC)c5)o4)c3)o2)c1,CCO,391.0
7929,COc1cc(OC)cc(-c2nnc(-c3cccc(-c4nnc(-c5cc(OC)cc(OC)c5)o4)c3)o2)c1,CS(C)=O,428.0
7930,COc1cc(OC)cc(-c2nnc(-c3cccc(-c4nnc(-c5cc(OC)cc(OC)c5)o4)c3)o2)c1,ClCCl,374.0
15092,c1ccc2c(-c3c4ccccc4c(-c4ccc(-n5c6ccccc6c6ccccc65)cc4)c4ccccc34)cccc2c1,ClCCl,421.0
14757,c1ccc(-c2nc(-c3ccccc3)nc(-c3ccc(-n4c5ccccc5c5ccc6c7ccccc7n(-c7ccccc7)c6c54)cc3)n2)cc1,Cc1ccccc1,459.0
14758,c1ccc(-c2nc(-c3ccccc3)nc(-c3ccc(-n4c5ccccc5c5ccc6c7ccccc7n(-c7ccccc7)c6c54)cc3)n2)cc1,O=P(c1ccccc1)(c1ccccc1)c1ccc2oc3ccc(P(=O)(c4ccccc4)c4ccccc4)cc3c2c1,477.0
1946,CC1=C(c2cccs2)C(C)=[N+]2C1=C(c1ccc(OS(=O)(=O)c3ccc([N+](=O)[O-])cc3[N+](=O)[O-])cc1)c1c(C)c(-c3cccs3)c(C)n1[B-]2(F)F,CO,609.0
1947,CC1=C(c2cccs2)C(C)=[N+]2C1=C(c1ccc(OS(=O)(=O)c3ccc([N+](=O)[O-])cc3[N+](=O)[O-])cc1)c1c(C)c(-c3cccs3)c(C)n1[B-]2(F)F,Cc1ccccc1,608.0
1948,CC1=C(c2cccs2)C(C)=[N+]2C1=C(c1ccc(OS(=O)(=O)c3ccc([N+](=O)[O-])cc3[N+](=O)[O-])cc1)c1c(C)c(-c3cccs3)c(C)n1[B-]2(F)F,ClCCl,607.0
14510,c1cc2ccc3cccc4c(-c5cc(-c6nccs6)nc(-c6nccs6)c5)cc(c1)c2c34,CC#N,458.0
14511,c1cc2ccc3cccc4c(-c5cc(-c6nccs6)nc(-c6nccs6)c5)cc(c1)c2c34,CCCCCC,392.0
14512,c1cc2ccc3cccc4c(-c5cc(-c6nccs6)nc(-c6nccs6)c5)cc(c1)c2c34,CO,483.0
14513,c1cc2ccc3cccc4c(-c5cc(-c6nccs6)nc(-c6nccs6)c5)cc(c1)c2c34,ClC(Cl)Cl,439.0
806,CC(C)(C)C1=CC2=C3C(=CC=C4C=CC(c5cc6c7cc(-c8ccc9ccc%10cc(C(C)(C)C)cc%11ccc8c9c%10%11)ccc7c(-c7ccc8ccc9cc(C(C)(C)C)cc%10ccc7c8c9%10)cc6c6cc(-c7ccc8ccc9cc(C(C)(C)C)cc%10ccc7c8c9%10)ccc56)=C(C=C2)C43)C1,ClCCl,443.0
2284,CC1=[N+]2C(=C(c3ccccc3)c3c4c(c(C)n3[B-]2(F)F)C2CCC4CC2)C2=C1C1CCC2CC1,CC#N,543.0
14725,c1ccc(-c2nc(-c3ccccc3)nc(-c3ccc(-c4ccc5c(c4)[Si](c4ccccc4)(c4ccccc4)c4cc(-c6ccc(-c7nc(-c8ccccc8)nc(-c8ccccc8)n7)cc6)ccc4N5c4ccccc4)cc3)n2)cc1,c1cc(-c2cccc(-n3c4ccccc4c4ccccc43)c2)cc(-n2c3ccccc3c3ccccc32)c1,459.0
2379,CCC(C)[Si](C#Cc1c2nc3c4ccccc4c(=O)c4ccccc4c3nc2c(C#C[Si](C(C)CC)(C(C)CC)C(C)CC)c2nc3c4ccccc4c(=O)c4ccccc4c3nc12)(C(C)CC)C(C)CC,ClCCl,571.0
7827,COc1cc(C2CC(=O)Oc3c2c2nc4ccc(C)cc4nc2c2ccccc32)cc(OC)c1OC,ClC(Cl)Cl,439.0
10797,Cc1ccc2nc3c4c(c5ccccc5c3nc2c1)OC(=O)CC4c1ccc(C(F)(F)F)cc1,ClC(Cl)Cl,430.0
10798,Cc1ccc2nc3c4c(c5ccccc5c3nc2c1)OC(=O)CC4c1ccc(F)cc1,ClC(Cl)Cl,431.0
8883,COc1ccc(C2CC(=O)Oc3c2c2nc4ccccc4nc2c2ccccc32)cc1,ClC(Cl)Cl,449.0
10936,Cc1ccccc1C1CC(=O)Oc2c1c1nc3ccccc3nc1c1ccccc21,ClC(Cl)Cl,434.0
13020,O=C1CC(c2ccc(C(F)(F)F)cc2)c2c(c3ccccc3c3nc4ccccc4nc23)O1,ClC(Cl)Cl,433.0
13021,O=C1CC(c2ccc(Cl)cc2)c2c(c3ccccc3c3nc4ccccc4nc23)O1,ClC(Cl)Cl,434.0
13022,O=C1CC(c2ccc(F)cc2)c2c(c3ccccc3c3nc4ccccc4nc23)O1,ClC(Cl)Cl,437.0
13023,O=C1CC(c2ccc([N+](=O)[O-])cc2)c2c(c3ccccc3c3nc4cc(Cl)c(Cl)cc4nc23)O1,ClC(Cl)Cl,439.0
13024,O=C1CC(c2ccc([N+](=O)[O-])cc2)c2c(c3ccccc3c3nc4ccccc4nc23)O1,ClC(Cl)Cl,432.0
13025,O=C1CC(c2cccc([N+](=O)[O-])c2)c2c(c3ccccc3c3nc4ccccc4nc23)O1,CCCCCC,417.0
13026,O=C1CC(c2cccc([N+](=O)[O-])c2)c2c(c3ccccc3c3nc4ccccc4nc23)O1,CCOC(C)=O,429.0
13027,O=C1CC(c2cccc([N+](=O)[O-])c2)c2c(c3ccccc3c3nc4ccccc4nc23)O1,CN(C)C=O,443.0
13028,O=C1CC(c2cccc([N+](=O)[O-])c2)c2c(c3ccccc3c3nc4ccccc4nc23)O1,CO,452.0
13029,O=C1CC(c2cccc([N+](=O)[O-])c2)c2c(c3ccccc3c3nc4ccccc4nc23)O1,CS(C)=O,452.0
13030,O=C1CC(c2cccc([N+](=O)[O-])c2)c2c(c3ccccc3c3nc4ccccc4nc23)O1,ClC(Cl)Cl,428.0
13031,O=C1CC(c2ccccc2)c2c(c3ccccc3c3nc4ccccc4nc23)O1,ClC(Cl)Cl,431.0
10611,Cc1ccc(C2CC(=O)Oc3c2c2nc4ccc(C)cc4nc2c2ccccc32)cc1,ClC(Cl)Cl,442.0
10612,Cc1ccc(C2CC(=O)Oc3c2c2nc4ccccc4nc2c2ccccc32)cc1,ClC(Cl)Cl,440.0
1609,CC1(C)CC(/N=C/c2ccc3ccc4cccc5ccc2c3c45)CC(C)(C)N1,C1CCCCC1,380.0
1610,CC1(C)CC(/N=C/c2ccc3ccc4cccc5ccc2c3c45)CC(C)(C)N1,CC#N,390.0
1611,CC1(C)CC(/N=C/c2ccc3ccc4cccc5ccc2c3c45)CC(C)(C)N1,CO,405.0
1612,CC1(C)CC(/N=C/c2ccc3ccc4cccc5ccc2c3c45)CC(C)(C)N1,ClC(Cl)Cl,393.0
8354,COc1ccc(-c2ncc3ccccn23)cc1,ClC(Cl)Cl,469.0
11252,FC(F)(F)c1ccc(-c2ncc3ccccn23)cc1,ClC(Cl)Cl,459.0
14810,c1ccc(-c2ncc3ccccn23)cc1,ClC(Cl)Cl,461.0
15219,c1ccc2c(c1)c1ccccc1n2-c1ccc(-c2ccc(-c3ccc(-n4c5ccccc5c5ccccc54)nc3-n3c4ccccc4c4ccccc43)nn2)c(-n2c3ccccc3c3ccccc32)n1,CC#N,474.1803279
15220,c1ccc2c(c1)c1ccccc1n2-c1ccc(-c2ccc(-c3ccc(-n4c5ccccc5c5ccccc54)nc3-n3c4ccccc4c4ccccc43)nn2)c(-n2c3ccccc3c3ccccc32)n1,Cc1ccccc1,400.0
15221,c1ccc2c(c1)c1ccccc1n2-c1ccc(-c2ccc(-c3ccc(-n4c5ccccc5c5ccccc54)nc3-n3c4ccccc4c4ccccc43)nn2)c(-n2c3ccccc3c3ccccc32)n1,ClCCl,419.6209016
9472,CSC1=C2C=C(c3cc4n(c3)[B-](F)(F)[N+]3=CC=CC3=C4c3c(C)cc(C)cc3C)C(C)=[N+]2[B-](F)(F)n2c(C)ccc21,C1CCCCC1,652.0
9473,CSC1=C2C=C(c3cc4n(c3)[B-](F)(F)[N+]3=CC=CC3=C4c3c(C)cc(C)cc3C)C(C)=[N+]2[B-](F)(F)n2c(C)ccc21,CC#N,740.0
9474,CSC1=C2C=C(c3cc4n(c3)[B-](F)(F)[N+]3=CC=CC3=C4c3c(C)cc(C)cc3C)C(C)=[N+]2[B-](F)(F)n2c(C)ccc21,CC(C)=O,694.0
9475,CSC1=C2C=C(c3cc4n(c3)[B-](F)(F)[N+]3=CC=CC3=C4c3c(C)cc(C)cc3C)C(C)=[N+]2[B-](F)(F)n2c(C)ccc21,CCOC(C)=O,664.0
9476,CSC1=C2C=C(c3cc4n(c3)[B-](F)(F)[N+]3=CC=CC3=C4c3c(C)cc(C)cc3C)C(C)=[N+]2[B-](F)(F)n2c(C)ccc21,Cc1ccccc1,663.0
2301,CC1=[N+]2C(=Cc3ccc(C)n3[B-]2(F)F)C=C1c1cc2n(c1)[B-](F)(F)[N+]1=CC=CC1=C2c1c(C)cc(C)cc1C,C1CCCCC1,636.0
2302,CC1=[N+]2C(=Cc3ccc(C)n3[B-]2(F)F)C=C1c1cc2n(c1)[B-](F)(F)[N+]1=CC=CC1=C2c1c(C)cc(C)cc1C,CCOC(C)=O,683.0
1847,CC1(C)c2ccccc2N(c2ccc3c(c2)c(=O)c2cccc4c(=O)c5cc(N6c7ccccc7C(C)(C)c7ccccc76)ccc5n3c24)c2ccccc21,Cc1ccccc1,549.3498049
14431,[O-]c1ccccc1/C=N/c1ccccc1/N=C/c1ccccc1[O-],C1CCOC1,490.0
4086,CCN(CC)c1ccc(/C=N/c2ccccc2/N=C/c2ccc(N(CC)CC)cc2O)c(O)c1,CC#N,502.0
4087,CCN(CC)c1ccc(/C=N/c2ccccc2/N=C/c2ccc(N(CC)CC)cc2O)c(O)c1,CN(C)C=O,573.0
4088,CCN(CC)c1ccc(/C=N/c2ccccc2/N=C/c2ccc(N(CC)CC)cc2O)c(O)c1,ClCCl,535.0
13885,O=c1c2cc(C#Cc3ccc(Cl)cc3)ccc2nc2ccc(C#Cc3ccc(Cl)cc3)cn12,ClCCl,478.0
3771,CCCCc1ccc(C#Cc2ccc3nc4ccc(C#Cc5ccc(CCCC)cc5)cn4c(=O)c3c2)cc1,ClCCl,481.0
3941,CCCc1ccc(C#Cc2ccc3nc4ccc(C#Cc5ccc(CCC)cc5)cn4c(=O)c3c2)cc1,ClCCl,480.0
10428,Cc1ccc(C#Cc2ccc3nc4ccc(C#Cc5ccc(C)cc5)cn4c(=O)c3c2)cc1,ClCCl,480.0
9981,Cc1cc(C)c(C2=C3C=C(/C=C/C(=O)OCc4ccccc4)C=[N+]3[B-](F)(F)n3cccc32)c(C)c1,ClCCl,568.0
14506,c1cc2ccc3ccc4cc3c2cc1CCCCCCc1ccc2ccc3ccc-4cc3c2c1,Cc1ccccc1,376.0
8380,COc1ccc(-n2c(-c3ccc(-c4cncc5ccccc45)cc3)nc3c4ccccc4c4ccccc4c32)cc1,C1CCOC1,429.0
12792,O=C(O)c1c2ccccc2nc2ccccc12,OCCO,425.0
6572,CN(C)c1ccc2cc3ccc(N(C)C)cc3nc2c1,O,530.0
12781,O=C(O)c1c2ccccc2nc2ccccc12,C1CCOC1,418.0
12782,O=C(O)c1c2ccccc2nc2ccccc12,C1COCCO1,421.0
12783,O=C(O)c1c2ccccc2nc2ccccc12,CC#N,421.0
12784,O=C(O)c1c2ccccc2nc2ccccc12,CCCCCO,422.0
12785,O=C(O)c1c2ccccc2nc2ccccc12,CCCCO,422.0
12786,O=C(O)c1c2ccccc2nc2ccccc12,CCCO,422.0
12787,O=C(O)c1c2ccccc2nc2ccccc12,CCO,421.0
12788,O=C(O)c1c2ccccc2nc2ccccc12,CO,421.0
12789,O=C(O)c1c2ccccc2nc2ccccc12,COCCOC,419.0
12790,O=C(O)c1c2ccccc2nc2ccccc12,ClC(Cl)Cl,436.0
7280,COC(=O)c1c2ccccc2nc2ccccc12,C1CCOC1,418.0
7281,COC(=O)c1c2ccccc2nc2ccccc12,C1COCCO1,420.0
7282,COC(=O)c1c2ccccc2nc2ccccc12,CC#N,422.0
7283,COC(=O)c1c2ccccc2nc2ccccc12,CCCCCO,432.0
7284,COC(=O)c1c2ccccc2nc2ccccc12,CCCCO,431.0
7285,COC(=O)c1c2ccccc2nc2ccccc12,CCCO,430.0
7286,COC(=O)c1c2ccccc2nc2ccccc12,CCO,432.0
7287,COC(=O)c1c2ccccc2nc2ccccc12,CO,432.0
7288,COC(=O)c1c2ccccc2nc2ccccc12,COCCOC,420.0
7289,COC(=O)c1c2ccccc2nc2ccccc12,ClC(Cl)Cl,428.0
7290,COC(=O)c1c2ccccc2nc2ccccc12,ClCCl,422.0
7291,COC(=O)c1c2ccccc2nc2ccccc12,OCCO,418.0
12791,O=C(O)c1c2ccccc2nc2ccccc12,ClCCl,422.0
8757,COc1ccc(C2=C(c3ccc(C)cc3)C(c3ccccc3)=[N+]3C2=Nc2c(-c4ccc(OC)cc4)c(-c4ccc(C)cc4)c(-c4ccccc4)n2[B-]3(F)F)cc1,Cc1ccccc1,709.0
8758,COc1ccc(C2=C(c3ccc(F)cc3)C(c3ccccc3)=[N+]3C2=Nc2c(-c4ccc(OC)cc4)c(-c4ccc(F)cc4)c(-c4ccccc4)n2[B-]3(F)F)cc1,Cc1ccccc1,692.0
7932,COc1cc(OC)cc(C2=C(c3cc(OC)c(OC)c(OC)c3)C3=Nc4c(-c5cc(OC)c(OC)c(OC)c5)c(-c5cc(OC)cc(OC)c5)c(-c5ccc(C(C)(C)C)cc5)n4[B-](F)(F)[N+]3=C2c2ccc(C(C)(C)C)cc2)c1,Cc1ccccc1,721.0
8766,COc1ccc(C2=C(c3ccc(OC)cc3)C(c3ccccc3)=[N+]3C2=Nc2c(-c4ccc(OC)cc4)c(-c4ccc(OC)cc4)c(-c4ccccc4)n2[B-]3(F)F)cc1,Cc1ccccc1,750.0
8864,COc1ccc(C2=[N+]3C(=Nc4c(-c5cc(OC)c(OC)c(OC)c5)c(-c5ccc(C(C)(C)C)cc5)c(-c5ccc(OC)cc5)n4[B-]3(F)F)C(c3cc(OC)c(OC)c(OC)c3)=C2c2ccc(C(C)(C)C)cc2)cc1,Cc1ccccc1,726.0
8769,COc1ccc(C2=C(c3ccc([N+](=O)[O-])cc3)C(c3ccccc3)=[N+]3C2=Nc2c(-c4ccc(OC)cc4)c(-c4ccc([N+](=O)[O-])cc4)c(-c4ccccc4)n2[B-]3(F)F)cc1,Cc1ccccc1,688.0
8770,COc1ccc(C2=C(c3ccccc3)C(c3ccccc3)=[N+]3C2=Nc2c(-c4ccc(OC)cc4)c(-c4ccccc4)c(-c4ccccc4)n2[B-]3(F)F)cc1,Cc1ccccc1,695.0
8867,COc1ccc(C2=[N+]3C(=Nc4c(-c5cc(OC)c(OC)c(OC)c5Br)c(-c5ccc(C(C)(C)C)cc5)c(-c5ccc(OC)cc5)n4[B-]3(F)F)C(c3cc(OC)c(OC)c(OC)c3Br)=C2c2ccc(C(C)(C)C)cc2)cc1,Cc1ccccc1,740.0
7817,COc1cc(C2=C(c3cc(OC)c(OC)c(OC)c3)C(c3ccc(C(C)(C)C)cc3)=[N+]3C2=Nc2c(-c4cc(OC)c(OC)c(OC)c4)c(-c4cc(OC)c(OC)c(OC)c4)c(-c4ccc(C(C)(C)C)cc4)n2[B-]3(F)F)cc(OC)c1OC,Cc1ccccc1,750.0
7818,COc1cc(C2=C(c3ccc(C(C)(C)C)cc3)C(c3ccc(C(C)(C)C)cc3)=[N+]3C2=Nc2c(-c4cc(OC)c(OC)c(OC)c4)c(-c4ccc(C(C)(C)C)cc4)c(-c4ccc(C(C)(C)C)cc4)n2[B-]3(F)F)cc(OC)c1OC,Cc1ccccc1,726.0
9123,COc1ccc2c3c(c4ccc(OC)cc4c2c1)C(C)(C)c1c-3ccc2ccccc12,C1CCCCC1,396.0
11753,N#CC(C#N)=C(/C=C/c1cn(-c2ccccc2)nc1-c1ccccc1)c1ccccc1,C1CCOC1,459.0
11754,N#CC(C#N)=C(/C=C/c1cn(-c2ccccc2)nc1-c1ccccc1)c1ccccc1,C1COCCO1,461.0
11755,N#CC(C#N)=C(/C=C/c1cn(-c2ccccc2)nc1-c1ccccc1)c1ccccc1,CCO,497.0
11756,N#CC(C#N)=C(/C=C/c1cn(-c2ccccc2)nc1-c1ccccc1)c1ccccc1,CCOC(C)=O,487.0
11757,N#CC(C#N)=C(/C=C/c1cn(-c2ccccc2)nc1-c1ccccc1)c1ccccc1,CN(C)C=O,504.0
11758,N#CC(C#N)=C(/C=C/c1cn(-c2ccccc2)nc1-c1ccccc1)c1ccccc1,CO,496.0
11759,N#CC(C#N)=C(/C=C/c1cn(-c2ccccc2)nc1-c1ccccc1)c1ccccc1,CS(C)=O,509.0
11760,N#CC(C#N)=C(/C=C/c1cn(-c2ccccc2)nc1-c1ccccc1)c1ccccc1,Cc1ccccc1,460.0
11761,N#CC(C#N)=C(/C=C/c1cn(-c2ccccc2)nc1-c1ccccc1)c1ccccc1,ClC(Cl)Cl,488.0
11762,N#CC(C#N)=C(/C=C/c1cn(-c2ccccc2)nc1-c1ccccc1)c1ccccc1,ClCCl,489.0
11537,F[Si](c1ccccc1)(c1c2ccccc2cc2ccccc12)c1c2ccccc2cc2ccccc12,C1CCOC1,409.0
3298,CCCCCCCCn1cc(-n2c(-c3cc(-c4nc5ccc(C)cc5n4-c4cn(CCCCCCCC)nn4)cc(-c4nc5ccc(C)cc5n4-c4cn(CCCCCCCC)nn4)c3)nc3ccc(C)cc32)nn1,C1CCOC1,382.5
10731,Cc1ccc2c(c1)B(c1c(C(C)C)cc(C(C)C)cc1C(C)C)c1cc(C)cc3c1N2c1ccc(C)cc1B3c1c(C(C)C)cc(C(C)C)cc1C(C)C,ClCCl,482.0
9963,Cc1cc(C)c(B2c3cc(C)ccc3N3c4ccc(C)cc4B(c4c(C)cc(C)cc4C)c4cc(C)cc2c43)c(C)c1,ClCCl,484.0
365,C(=C/c1ncc(-c2ccc(OCc3ccccc3)c(OCc3ccccc3)c2)o1)\c1cccc(N2CCN(c3ccccc3)CC2)c1,ClCCl,500.0
3509,CCCCC[n+]1ccc(/C=C/c2ccc(N(C)C)c3ccccc23)c2ccccc21,C1CCOC1,697.0
3510,CCCCC[n+]1ccc(/C=C/c2ccc(N(C)C)c3ccccc23)c2ccccc21,C1COCCO1,680.0
3511,CCCCC[n+]1ccc(/C=C/c2ccc(N(C)C)c3ccccc23)c2ccccc21,CC#N,720.0
3512,CCCCC[n+]1ccc(/C=C/c2ccc(N(C)C)c3ccccc23)c2ccccc21,CC(C)=O,714.0
3513,CCCCC[n+]1ccc(/C=C/c2ccc(N(C)C)c3ccccc23)c2ccccc21,CCCCO,695.0
3514,CCCCC[n+]1ccc(/C=C/c2ccc(N(C)C)c3ccccc23)c2ccccc21,CCO,670.0
3515,CCCCC[n+]1ccc(/C=C/c2ccc(N(C)C)c3ccccc23)c2ccccc21,CN(C)C=O,721.0
3516,CCCCC[n+]1ccc(/C=C/c2ccc(N(C)C)c3ccccc23)c2ccccc21,CO,708.0
3517,CCCCC[n+]1ccc(/C=C/c2ccc(N(C)C)c3ccccc23)c2ccccc21,CS(C)=O,720.0
3518,CCCCC[n+]1ccc(/C=C/c2ccc(N(C)C)c3ccccc23)c2ccccc21,O,697.0
3519,CCCCC[n+]1ccc(/C=C/c2ccc(N(C)C)c3ccccc23)c2ccccc21,c1ccccc1,675.0
3520,CCCCC[n+]1ccc(/C=C/c2ccc(N(C)C)c3ccccc23)c2ccccc21,c1ccncc1,706.0
7743,COc1cc(/C=C/c2cc(OC)c(-c3nc(-c4ccccc4)c(-c4ccccc4)[nH]3)cc2OC)c(OC)cc1/C=C/c1cc(OC)c(-c2nc(-c3ccccc3)c(-c3ccccc3)[nH]2)cc1OC,C1CCOC1,510.0
7744,COc1cc(/C=C/c2cc(OC)c(-c3nc(-c4ccccc4)c(-c4ccccc4)[nH]3)cc2OC)c(OC)cc1/C=C/c1cc(OC)c(-c2nc(-c3ccccc3)c(-c3ccccc3)[nH]2)cc1OC,CC#N,515.0
7745,COc1cc(/C=C/c2cc(OC)c(-c3nc(-c4ccccc4)c(-c4ccccc4)[nH]3)cc2OC)c(OC)cc1/C=C/c1cc(OC)c(-c2nc(-c3ccccc3)c(-c3ccccc3)[nH]2)cc1OC,CN(C)C=O,512.0
7746,COc1cc(/C=C/c2cc(OC)c(-c3nc(-c4ccccc4)c(-c4ccccc4)[nH]3)cc2OC)c(OC)cc1/C=C/c1cc(OC)c(-c2nc(-c3ccccc3)c(-c3ccccc3)[nH]2)cc1OC,Cc1ccccc1,502.0
10308,Cc1ccc(-c2ccc3ccc4cc(C(C)(C)C)cc5ccc2c3c45)cc1,C1CCOC1,384.0
10309,Cc1ccc(-c2ccc3ccc4cc(C(C)(C)C)cc5ccc2c3c45)cc1,ClCCl,384.0
139,C(#Cc1nc(C#Cc2cccs2)c(C#Cc2cccs2)c(C#Cc2cccs2)c1C#Cc1cccs1)c1cccs1,ClCCl,441.0
923,CC(C)(C)c1ccc(-c2c(-c3ccc(N(c4ccccc4)c4ccccc4)cc3)c(C#N)c(-c3ccc(N(c4ccccc4)c4ccccc4)cc3)c(-c3ccc(C(C)(C)C)cc3)c2-c2ccc(C(C)(C)C)cc2)cc1,C1CCOC1,443.0
924,CC(C)(C)c1ccc(-c2c(-c3ccc(N(c4ccccc4)c4ccccc4)cc3)cc(-c3ccc(N(c4ccccc4)c4ccccc4)cc3)c(-c3ccc(C(C)(C)C)cc3)c2-c2ccc(C(C)(C)C)cc2)cc1,C1CCOC1,406.0
2545,CCC1=C(C)C2=C(/C=C/Sc3ccccc3)c3c(C)c(CC)c(C)n3[B-](F)(F)[N+]2=C1C,ClCCl,580.0
7230,COC(=O)C1CCN(c2ccc3c(N4CCCCC4)c4ccc(=[N+]5CCC(C(=O)OC)CC5)cc-4oc3c2)CC1,ClCCl,552.0
9191,COc1ccc2cc(/C=C/C3=[O+][B-](F)(F)OC(/C=C/c4ccc5cc(OC)ccc5c4)=C3c3ccccc3)ccc2c1,ClCCl,600.0
11287,FC(F)(F)c1ccccc1B1c2ccccc2N(c2ccccc2)c2ccccc21,ClCCl,404.0
2404,CCC1(CC)c2cc(-c3ccc(N(c4ccc(-c5ccc6c(c5)C(CC)(CC)c5cc(N7c8ccccc8C(C)(C)c8ccccc87)ccc5-6)cc4)c4ccc(-c5ccc6c(c5)C(CC)(CC)c5cc(N7c8ccccc8C(C)(C)c8ccccc87)ccc5-6)cc4)cc3)ccc2-c2ccc(N3c4ccccc4C(C)(C)c4ccccc43)cc21,ClC(Cl)Cl,431.0
1217,CC(C)(C)c1ccc2c(c1)c1cc(C(C)(C)C)ccc1n2-c1cccc(C(=O)c2cccc(-n3c4ccc(C(C)(C)C)cc4c4cc(C(C)(C)C)ccc43)n2)n1,C1CCOC1,378.6561265
1218,CC(C)(C)c1ccc2c(c1)c1cc(C(C)(C)C)ccc1n2-c1cccc(C(=O)c2cccc(-n3c4ccc(C(C)(C)C)cc4c4cc(C(C)(C)C)ccc43)n2)n1,Cc1ccccc1,381.6425121
1219,CC(C)(C)c1ccc2c(c1)c1cc(C(C)(C)C)ccc1n2-c1cccc(C(=O)c2cccc(-n3c4ccc(C(C)(C)C)cc4c4cc(C(C)(C)C)ccc43)n2)n1,ClCCl,383.5968379
2825,CCCCC(CC)Cn1c2cc(C#N)ccc2c2cc(-c3ccc(N(c4ccccc4)c4ccccc4)cc3)c(C#N)cc21,C1CCOC1,507.0
2826,CCCCC(CC)Cn1c2cc(C#N)ccc2c2cc(-c3ccc(N(c4ccccc4)c4ccccc4)cc3)c(C#N)cc21,CC#N,548.0
2827,CCCCC(CC)Cn1c2cc(C#N)ccc2c2cc(-c3ccc(N(c4ccccc4)c4ccccc4)cc3)c(C#N)cc21,CCN(CC)CC,461.6924329
2828,CCCCC(CC)Cn1c2cc(C#N)ccc2c2cc(-c3ccc(N(c4ccccc4)c4ccccc4)cc3)c(C#N)cc21,CCOC(C)=O,463.0
2829,CCCCC(CC)Cn1c2cc(C#N)ccc2c2cc(-c3ccc(N(c4ccccc4)c4ccccc4)cc3)c(C#N)cc21,CCOCC,501.0
2830,CCCCC(CC)Cn1c2cc(C#N)ccc2c2cc(-c3ccc(N(c4ccccc4)c4ccccc4)cc3)c(C#N)cc21,CN(C)C=O,543.0
2831,CCCCC(CC)Cn1c2cc(C#N)ccc2c2cc(-c3ccc(N(c4ccccc4)c4ccccc4)cc3)c(C#N)cc21,Cc1ccccc1,474.0
2832,CCCCC(CC)Cn1c2cc(C#N)ccc2c2cc(-c3ccc(N(c4ccccc4)c4ccccc4)cc3)c(C#N)cc21,ClC=C(Cl)Cl,477.0
2833,CCCCC(CC)Cn1c2cc(C#N)ccc2c2cc(-c3ccc(N(c4ccccc4)c4ccccc4)cc3)c(C#N)cc21,ClCCl,517.0
2824,CCCCC(CC)Cn1c2cc(C#N)ccc2c2cc(-c3ccc(N(c4ccccc4)c4ccccc4)cc3)c(C#N)cc21,C1CCCCC1,444.0
1733,CC1(C)c2cc(C#N)ccc2-c2ccc(N3c4ccccc4Oc4ccccc43)cc21,C1CCCCC1,433.0
1734,CC1(C)c2cc(C#N)ccc2-c2ccc(N3c4ccccc4Oc4ccccc43)cc21,C1CCOC1,550.0
1735,CC1(C)c2cc(C#N)ccc2-c2ccc(N3c4ccccc4Oc4ccccc43)cc21,CC#N,620.0
1736,CC1(C)c2cc(C#N)ccc2-c2ccc(N3c4ccccc4Oc4ccccc43)cc21,Cc1ccccc1,487.0
1737,CC1(C)c2cc(C#N)ccc2-c2ccc(N3c4ccccc4Oc4ccccc43)cc21,ClC(Cl)Cl,530.0
3221,CCCCCCCCCc1c2ccccc2cc2c1oc1c3oc4c5oc6cc7ccccc7cc6c5c5ccccc5c4c3c3ccccc3c21,C1CCOC1,428.0
8017,COc1cc2c(cc1-c1ccsc1)Cc1c3c(c4c(c1-2)-c1cc(OC)c(-c2ccsc2)cc1C4)C(=O)N(CCC(C)C)C3=O,C1CCOC1,487.0
13588,O=P1(c2ccccc2)C(c2cc(C(F)(F)F)cc(C(F)(F)F)c2)=Cc2c3ccc4cccc5ccc(c6cc(-c7ccc(N(c8ccccc8)c8ccccc8)cc7)n1c26)c3c45,CC(C)=O,635.0
13589,O=P1(c2ccccc2)C(c2cc(C(F)(F)F)cc(C(F)(F)F)c2)=Cc2c3ccc4cccc5ccc(c6cc(-c7ccc(N(c8ccccc8)c8ccccc8)cc7)n1c26)c3c45,CO,636.0
13590,O=P1(c2ccccc2)C(c2cc(C(F)(F)F)cc(C(F)(F)F)c2)=Cc2c3ccc4cccc5ccc(c6cc(-c7ccc(N(c8ccccc8)c8ccccc8)cc7)n1c26)c3c45,Cc1ccccc1,586.0
13591,O=P1(c2ccccc2)C(c2cc(C(F)(F)F)cc(C(F)(F)F)c2)=Cc2c3ccc4cccc5ccc(c6cc(-c7ccc(N(c8ccccc8)c8ccccc8)cc7)n1c26)c3c45,ClC(Cl)Cl,603.0
13592,O=P1(c2ccccc2)C(c2cc(C(F)(F)F)cc(C(F)(F)F)c2)=Cc2c3ccc4cccc5ccc(c6cc(-c7ccc(N(c8ccccc8)c8ccccc8)cc7)n1c26)c3c45,ClCCl,622.0
13584,O=P1(c2ccccc2)C(c2cc(C(F)(F)F)cc(C(F)(F)F)c2)=Cc2c3ccc4cccc5ccc(c6cc(-c7ccc(N(c8ccccc8)c8ccccc8)cc7)n1c26)c3c45,C1CCCCC1,558.0
13585,O=P1(c2ccccc2)C(c2cc(C(F)(F)F)cc(C(F)(F)F)c2)=Cc2c3ccc4cccc5ccc(c6cc(-c7ccc(N(c8ccccc8)c8ccccc8)cc7)n1c26)c3c45,C1CCOC1,620.0
13586,O=P1(c2ccccc2)C(c2cc(C(F)(F)F)cc(C(F)(F)F)c2)=Cc2c3ccc4cccc5ccc(c6cc(-c7ccc(N(c8ccccc8)c8ccccc8)cc7)n1c26)c3c45,C1COCCO1,595.0
13587,O=P1(c2ccccc2)C(c2cc(C(F)(F)F)cc(C(F)(F)F)c2)=Cc2c3ccc4cccc5ccc(c6cc(-c7ccc(N(c8ccccc8)c8ccccc8)cc7)n1c26)c3c45,CC#N,645.0
14913,c1ccc(-n2nc(-c3ccc(N4c5ccccc5Oc5ccccc54)cc3)nc2-c2ccccn2)cc1,ClCCl,468.0
11838,N#CC1=CC(/C=C/c2ccccc2)=CC(C#N)=P1(c1ccccc1)c1ccccc1,ClC(Cl)Cl,581.0
2854,CCCCC(CC)Cn1c2ccccc2c2ccc(-c3ccc4c(c3)S(=O)(=O)c3cc(-c5ccc6c7ccccc7n(CC(CC)CCCC)c6c5)ccc3-4)cc21,Cc1ccccc1,420.0
2855,CCCCC(CC)Cn1c2ccccc2c2ccc(-c3ccc4c(c3)S(=O)(=O)c3cc(-c5ccc6c7ccccc7n(CC(CC)CCCC)c6c5)ccc3-4)cc21,ClC(Cl)Cl,438.0
10829,Cc1cccc(C)c1-c1cc2c(C)c3c4ccc5nc6c(ccc7c8c(C)c9cc(-c%10c(C)cccc%10C)c(-c%10c(C)cccc%10C)cc9c(C)c8c76)nc5c4c3c(C)c2cc1-c1c(C)cccc1C,ClC(Cl)Cl,670.0
2178,CC1=N/C(=C\c2ccncc2)C(=O)N1C,CC#N,452.0
2179,CC1=N/C(=C\c2ccncc2)C(=O)N1C,CCO,453.0
2180,CC1=N/C(=C\c2ccncc2)C(=O)N1C,CCOC(C)=O,442.0
2181,CC1=N/C(=C\c2ccncc2)C(=O)N1C,O,464.0
2177,CC1=N/C(=C\c2ccncc2)C(=O)N1C,C1COCCO1,439.0
12730,O=C(O)C1=C(C(=O)O)C2=C[C@H]3c4ccccc4[C@]2(S1)c1ccccc13,ClCCl,503.0
7220,COC(=O)C1=C(C(=O)OC)C2=C[C@H]3c4ccccc4[C@]2(S1)c1ccccc13,C1CCOC1,477.0
7221,COC(=O)C1=C(C(=O)OC)C2=C[C@H]3c4ccccc4[C@]2(S1)c1ccccc13,CC#N,489.0
7222,COC(=O)C1=C(C(=O)OC)C2=C[C@H]3c4ccccc4[C@]2(S1)c1ccccc13,CCCCCC,465.0
7223,COC(=O)C1=C(C(=O)OC)C2=C[C@H]3c4ccccc4[C@]2(S1)c1ccccc13,CCOCC,473.0
7224,COC(=O)C1=C(C(=O)OC)C2=C[C@H]3c4ccccc4[C@]2(S1)c1ccccc13,CO,500.0
7225,COC(=O)C1=C(C(=O)OC)C2=C[C@H]3c4ccccc4[C@]2(S1)c1ccccc13,ClCCl,488.0
7226,COC(=O)C1=C(C(=O)OC)C2=C[C@H]3c4ccccc4[C@]2(S1)c1ccccc13,c1ccccc1,477.0
7305,COC(=O)c1cc(=O)n(C)c2cc(-c3ccc(N4CCN(C)CC4)cc3)sc12,CC#N,587.0
7306,COC(=O)c1cc(=O)n(C)c2cc(-c3ccc(N4CCN(C)CC4)cc3)sc12,ClCCl,550.0
14473,c1cc2ccc1CCCc1cc3c(cc1CCCc1ccc(c4nsnc14)CCC3)CCC2,C1CCCCC1,496.0
14474,c1cc2ccc1CCCc1cc3c(cc1CCCc1ccc(c4nsnc14)CCC3)CCC2,CC#N,534.0
14475,c1cc2ccc1CCCc1cc3c(cc1CCCc1ccc(c4nsnc14)CCC3)CCC2,ClC(Cl)Cl,531.0
14960,c1ccc(Cn2c3sccc3c3c4nsnc4c4c5ccsc5n(Cc5ccccc5)c4c32)cc1,Cc1ccccc1,508.0
14961,c1ccc(Cn2c3sccc3c3c4nsnc4c4c5ccsc5n(Cc5ccccc5)c4c32)cc1,ClCCl,541.0
4015,CCN(CC)c1ccc(-c2nc3c4ccc(-c5ccccc5)cc4c4cc(-c5ccccc5)ccc4c3[nH]2)c(O)c1,C1CCOC1,431.0
4016,CCN(CC)c1ccc(-c2nc3c4ccc(-c5ccccc5)cc4c4cc(-c5ccccc5)ccc4c3[nH]2)c(O)c1,CC#N,451.0
4017,CCN(CC)c1ccc(-c2nc3c4ccc(-c5ccccc5)cc4c4cc(-c5ccccc5)ccc4c3[nH]2)c(O)c1,CCCCCC,414.0
4018,CCN(CC)c1ccc(-c2nc3c4ccc(-c5ccccc5)cc4c4cc(-c5ccccc5)ccc4c3[nH]2)c(O)c1,CO,444.0
4019,CCN(CC)c1ccc(-c2nc3c4ccc(-c5ccccc5)cc4c4cc(-c5ccccc5)ccc4c3[nH]2)c(O)c1,CS(C)=O,459.0
4020,CCN(CC)c1ccc(-c2nc3c4ccc(-c5ccccc5)cc4c4cc(-c5ccccc5)ccc4c3[nH]2)c(O)c1,Cc1ccccc1,417.0
4021,CCN(CC)c1ccc(-c2nc3c4ccc(-c5ccccc5)cc4c4cc(-c5ccccc5)ccc4c3[nH]2)c(O)c1,ClCCl,435.0
3589,CCCCN1/C(=C/C=C/C2=[N+](C)c3ccccc3C2(C)C)C(C)(C)c2c1ccc1ccccc21,CS(C)=O,586.0
10173,Cc1cc2c3ccccc3[nH]c2c2[nH]c3ccccc3c12,ClCCl,371.0
10174,Cc1cc2c3ccccc3n(C)c2c2c1c1ccccc1n2C,ClCCl,391.0
800,CC(=O)n1cc(/C=C/c2ccc([N+](=O)[O-])cc2)c2ccccc21,O,537.0
13789,O=[N+]([O-])c1ccc(/C=C/c2c[nH]c3ccccc23)cc1,CC#N,642.0
13790,O=[N+]([O-])c1ccc(/C=C/c2c[nH]c3ccccc23)cc1,CCCCCCC,511.0
13791,O=[N+]([O-])c1ccc(/C=C/c2c[nH]c3ccccc23)cc1,CO,567.0
13792,O=[N+]([O-])c1ccc(/C=C/c2c[nH]c3ccccc23)cc1,O,552.0
797,CC(=O)n1cc(/C=C/c2ccc([N+](=O)[O-])cc2)c2ccccc21,CC#N,428.0
798,CC(=O)n1cc(/C=C/c2ccc([N+](=O)[O-])cc2)c2ccccc21,CCCCCCC,408.0
799,CC(=O)n1cc(/C=C/c2ccc([N+](=O)[O-])cc2)c2ccccc21,CO,424.0
2401,CCC1(CC)c2cc(-c3ccc(-c4ccccc4)cc3-c3ccccc3)ccc2-c2cc3c(cc21)-c1ccc(-c2ccc(-c4ccccc4)cc2-c2ccccc2)cc1C3(CC)CC,C1CCOC1,405.0
2757,CCCC1=Cc2nc1ccc1[nH]c(cc1CCC)c1nc(c(OC(C)=O)cc3[nH]c2cc3CCC)C(CCC)=C1,Cc1ccccc1,650.0
2758,CCCC1=Cc2nc1ccc1[nH]c(cc1CCC)c1nc(c(OC)cc3[nH]c2cc3CCC)C(CCC)=C1,Cc1ccccc1,688.0
2760,CCCC1=Cc2nc1ccc1[nH]c(cc1CCC)c1nc(ccc3[nH]c2cc3CCC)C(CCC)=C1,Cc1ccccc1,641.0
2761,CCCC1=Cc2nc1ccc1[nH]c(cc1CCO)c1nc(ccc3[nH]c2cc3CCC)C(CCO)=C1,Cc1ccccc1,642.0
2762,CCCC1=Cc2nc1ccc1[nH]c(cc1CCOC)c1nc(ccc3[nH]c2cc3CCC)C(CCOC)=C1,Cc1ccccc1,642.0
7515,COCCC1=Cc2nc1ccc1[nH]c(cc1CCOC)c1nc(c(N)cc3[nH]c2cc3CCOC)C(CCOC)=C1,Cc1ccccc1,748.0
7517,COCCC1=Cc2nc1ccc1[nH]c(cc1CCOC)c1nc(c(NC(=O)CCCC(=O)O)cc3[nH]c2cc3CCOC)C(CCOC)=C1,Cc1ccccc1,680.0
7518,COCCC1=Cc2nc1ccc1[nH]c(cc1CCOC)c1nc(c(O)cc3[nH]c2cc3CCOC)C(CCOC)=C1,Cc1ccccc1,688.0
7519,COCCC1=Cc2nc1ccc1[nH]c(cc1CCOC)c1nc(c(OC(C)=O)cc3[nH]c2cc3CCOC)C(CCOC)=C1,Cc1ccccc1,652.0
7520,COCCC1=Cc2nc1ccc1[nH]c(cc1CCOC)c1nc(c(OC)cc3[nH]c2cc3CCOC)C(CCOC)=C1,Cc1ccccc1,690.0
7521,COCCC1=Cc2nc1ccc1[nH]c(cc1CCOC)c1nc(ccc3[nH]c2cc3CCO)C(CCOC)=C1,Cc1ccccc1,643.0
7522,COCCC1=Cc2nc1ccc1[nH]c(cc1CCOC)c1nc(ccc3[nH]c2cc3CCOC)C(CCOC)=C1,Cc1ccccc1,642.0
2751,CCCC1=Cc2nc1ccc1[nH]c(cc1CCC)c1nc(c(N)cc3[nH]c2cc3CCC)C(CCC)=C1,Cc1ccccc1,729.0
2752,CCCC1=Cc2nc1ccc1[nH]c(cc1CCC)c1nc(c(NC(=O)CCCC(=O)O)cc3[nH]c2cc3CCC)C(CCC)=C1,ClCCl,680.0
2753,CCCC1=Cc2nc1ccc1[nH]c(cc1CCC)c1nc(c(NC(=O)CCCC(=O)OC)cc3[nH]c2cc3CCC)C(CCC)=C1,Cc1ccccc1,680.0
2754,CCCC1=Cc2nc1ccc1[nH]c(cc1CCC)c1nc(c(NC(C)=O)cc3[nH]c2cc3CCC)C(CCC)=C1,Cc1ccccc1,679.0
2755,CCCC1=Cc2nc1ccc1[nH]c(cc1CCC)c1nc(c(O)cc3[nH]c2cc3CCC)C(CCC)=C1,Cc1ccccc1,683.0
2756,CCCC1=Cc2nc1ccc1[nH]c(cc1CCC)c1nc(c(OC(=O)CCCC(=O)OC(C)(C)C)cc3[nH]c2cc3CCC)C(CCC)=C1,Cc1ccccc1,651.0
3081,CCCCCCCCCCCCCCCCCCN1C(=O)c2cccc3c(OCCN(C)C)ccc(c23)C1=O,CCO,510.0
3082,CCCCCCCCCCCCCCCCCCN1C(=O)c2cccc3c(OCCN(C)C)ccc(c23)C1=O,CCOC(C)=O,497.0
3083,CCCCCCCCCCCCCCCCCCN1C(=O)c2cccc3c(OCCN(C)C)ccc(c23)C1=O,CCOCC,492.0
3084,CCCCCCCCCCCCCCCCCCN1C(=O)c2cccc3c(OCCN(C)C)ccc(c23)C1=O,CN(C)C=O,516.0
3085,CCCCCCCCCCCCCCCCCCN1C(=O)c2cccc3c(OCCN(C)C)ccc(c23)C1=O,ClCCl,502.0
533,C=C(C)C(CN1C(=O)c2cccc3cccc(c23)C1=O)OO,CCO,372.0
9129,COc1ccc2c3c(cccc13)C(=O)N(C)C2=O,C1CCCCC1,404.0
9130,COc1ccc2c3c(cccc13)C(=O)N(C)C2=O,C1CCOC1,430.0
9131,COc1ccc2c3c(cccc13)C(=O)N(C)C2=O,CC#N,434.0
9132,COc1ccc2c3c(cccc13)C(=O)N(C)C2=O,CC(C)CC(C)(C)C,402.0
9133,COc1ccc2c3c(cccc13)C(=O)N(C)C2=O,CCCCCCCCCCCC,402.0
9134,COc1ccc2c3c(cccc13)C(=O)N(C)C2=O,CCO,444.0
9135,COc1ccc2c3c(cccc13)C(=O)N(C)C2=O,CN(C)C=O,444.0
9136,COc1ccc2c3c(cccc13)C(=O)N(C)C2=O,CO,450.0
9137,COc1ccc2c3c(cccc13)C(=O)N(C)C2=O,CS(C)=O,452.0
9138,COc1ccc2c3c(cccc13)C(=O)N(C)C2=O,ClC(Cl)(Cl)Cl,412.0
9139,COc1ccc2c3c(cccc13)C(=O)N(C)C2=O,O,462.0
3640,CCCCN1C(=O)c2cccc3c(N(C)C)ccc(c23)C1=O,Cc1ccccc1,486.0
3641,CCCCN1C(=O)c2cccc3c(OC)ccc(c23)C1=O,Cc1ccccc1,422.0
3645,CCCCN1C(=O)c2cccc3cccc(c23)C1=O,Cc1ccccc1,392.0
12409,NNC(=O)N1C(=O)c2cc(S(=O)(=O)[O-])cc3c(N)c(S(=O)(=O)[O-])cc(c23)C1=O,O,535.0
3079,CCCCCCCCCCCCCCCCCCN1C(=O)c2cccc3c(OCCN(C)C)ccc(c23)C1=O,CC#N,514.0
3080,CCCCCCCCCCCCCCCCCCN1C(=O)c2cccc3c(OCCN(C)C)ccc(c23)C1=O,CC(C)=O,507.0
3839,CCCCn1c2ccccc2c2c1c1c3ccccc3n(CCCC)c1c1c3ccccc3n(CCCC)c21,C1CCOC1,396.0
11988,N#Cc1c(N2CCCCC2)cc(-c2ccccc2)c2c1-c1ccccc1C2=O,C1CCOC1,529.0
15263,c1ccc2cc(-n3c4ccccc4c4ccccc43)ccc2c1,C1CCCCC1,362.0
15264,c1ccc2cc(-n3c4ccccc4c4ccccc43)ccc2c1,C1CCOC1,374.0
15265,c1ccc2cc(-n3c4ccccc4c4ccccc43)ccc2c1,CC#N,388.0
15266,c1ccc2cc(-n3c4ccccc4c4ccccc43)ccc2c1,CCO,379.0
15267,c1ccc2cc(-n3c4ccccc4c4ccccc43)ccc2c1,CCOC(C)=O,372.0
15268,c1ccc2cc(-n3c4ccccc4c4ccccc43)ccc2c1,CCOCC,368.0
15269,c1ccc2cc(-n3c4ccccc4c4ccccc43)ccc2c1,CO,382.0
15270,c1ccc2cc(-n3c4ccccc4c4ccccc43)ccc2c1,Cc1ccccc1,364.0
15271,c1ccc2cc(-n3c4ccccc4c4ccccc43)ccc2c1,ClC(Cl)Cl,376.0
3222,CCCCCCCCCc1csc2cc(-c3cc(-c4cc5scc(CCCCCCCCC)c5s4)c4ccc5c(-c6cc7scc(CCCCCCCCC)c7s6)cc(-c6cc7scc(CCCCCCCCC)c7s6)c6ccc3c4c65)sc12,ClC(Cl)Cl,490.0
10783,Cc1ccc2nc(-c3cccc4nc(C)[nH]c(=O)c34)oc2c1,CN(C)C=O,410.0
11024,Cc1nc2cccc(-c3nc4ccc(Cl)cc4o3)c2c(=O)[nH]1,CN(C)C=O,401.0
11027,Cc1nc2cccc(-c3nc4ccccc4o3)c2c(=O)[nH]1,CN(C)C=O,398.0
2373,CCC(C)(C)c1ccc2c(c1)C(CC)(CC)c1cc(-c3ccc(-c4ccc5c(c4)C(CC)(CC)c4cc(C(C)(C)CC)ccc4-5)cc3)ccc1-2,C1CCCCC1,381.0
2375,CCC(C)(C)c1ccc2c(c1)C(CCOC)(CCOC)c1cc(-c3ccc(-c4ccc5c(c4)C(CCOC)(CCOC)c4cc(C(C)(C)CC)ccc4-5)cc3)ccc1-2,C1CCCCC1,380.0
2400,CCC1(CC)c2cc(-c3ccc(-c4ccc5c(c4)C(CC)(CC)c4cc(C(C)(C)C)ccc4-5)cc3)ccc2-c2ccc(C(C)(C)C)cc21,CO,383.8983051
8863,COc1ccc(C2=[N+]3C(=Cc4c5ccc(OC)cc5c(-c5ccc(OC)cc5)n4[B-]3(F)F)c3ccc(OC)cc32)cc1,ClCCl,704.0
11426,F[B-]1(F)n2c(c3ccccc3c2-c2ccccc2)C=C2c3ccccc3C(c3ccccc3)=[N+]21,C1CCOC1,662.0
11427,F[B-]1(F)n2c(c3ccccc3c2-c2ccccc2)C=C2c3ccccc3C(c3ccccc3)=[N+]21,ClCCl,658.0
11959,N#Cc1c(N2CCCC2)cc(-c2ccccc2)c2c1Cc1ccccc1-2,C1CCOC1,446.0
15013,c1ccc(N(c2ccccc2)c2ccc(-c3ncnc4ccccc34)cc2)cc1,C1CCCCC1,445.0
15014,c1ccc(N(c2ccccc2)c2ccc(-c3ncnc4ccccc34)cc2)cc1,C1CCOC1,508.0
15015,c1ccc(N(c2ccccc2)c2ccc(-c3ncnc4ccccc34)cc2)cc1,CC#N,559.0
15016,c1ccc(N(c2ccccc2)c2ccc(-c3ncnc4ccccc34)cc2)cc1,CS(C)=O,563.0
15017,c1ccc(N(c2ccccc2)c2ccc(-c3ncnc4ccccc34)cc2)cc1,ClCCl,528.0
9903,Cc1cc(C)c(B(c2c(C)cc(C)cc2C)c2cc3cc(N(C)C)c4ccccc4c3c3c2ccc2ccccc23)c(C)c1,c1ccccc1,539.0
9904,Cc1cc(C)c(B(c2c(C)cc(C)cc2C)c2cc3ccc4ccccc4c3c3c2cc(N(C)C)c2ccccc23)c(C)c1,C1CCCCC1,554.0
9905,Cc1cc(C)c(B(c2c(C)cc(C)cc2C)c2cc3ccc4ccccc4c3c3c2cc(N(C)C)c2ccccc23)c(C)c1,C1CCOC1,601.0
9906,Cc1cc(C)c(B(c2c(C)cc(C)cc2C)c2cc3ccc4ccccc4c3c3c2cc(N(C)C)c2ccccc23)c(C)c1,CC#N,613.0
9907,Cc1cc(C)c(B(c2c(C)cc(C)cc2C)c2cc3ccc4ccccc4c3c3c2cc(N(C)C)c2ccccc23)c(C)c1,ClC(Cl)Cl,585.0
9908,Cc1cc(C)c(B(c2c(C)cc(C)cc2C)c2cc3ccc4ccccc4c3c3c2cc(N(C)C)c2ccccc23)c(C)c1,c1ccccc1,582.0
9909,Cc1cc(C)c(B(c2c(C)cc(C)cc2C)c2cc3ccc4ccccc4c3c3c2ccc2ccccc23)c(C)c1,C1CCCCC1,436.0
9910,Cc1cc(C)c(B(c2c(C)cc(C)cc2C)c2cc3ccc4ccccc4c3c3c2ccc2ccccc23)c(C)c1,C1CCOC1,446.0
9911,Cc1cc(C)c(B(c2c(C)cc(C)cc2C)c2cc3ccc4ccccc4c3c3c2ccc2ccccc23)c(C)c1,CC#N,449.0
9912,Cc1cc(C)c(B(c2c(C)cc(C)cc2C)c2cc3ccc4ccccc4c3c3c2ccc2ccccc23)c(C)c1,ClC(Cl)Cl,443.0
9913,Cc1cc(C)c(B(c2c(C)cc(C)cc2C)c2cc3ccc4ccccc4c3c3c2ccc2ccccc23)c(C)c1,c1ccccc1,444.0
9899,Cc1cc(C)c(B(c2c(C)cc(C)cc2C)c2cc3cc(N(C)C)c4ccccc4c3c3c2ccc2ccccc23)c(C)c1,C1CCCCC1,509.0
9900,Cc1cc(C)c(B(c2c(C)cc(C)cc2C)c2cc3cc(N(C)C)c4ccccc4c3c3c2ccc2ccccc23)c(C)c1,C1CCOC1,553.0
9901,Cc1cc(C)c(B(c2c(C)cc(C)cc2C)c2cc3cc(N(C)C)c4ccccc4c3c3c2ccc2ccccc23)c(C)c1,CC#N,565.0
9902,Cc1cc(C)c(B(c2c(C)cc(C)cc2C)c2cc3cc(N(C)C)c4ccccc4c3c3c2ccc2ccccc23)c(C)c1,ClC(Cl)Cl,536.0
11913,N#Cc1c(-c2cccs2)cc(-c2ccc3c(c2)Cc2ccccc2-3)[nH]c1=O,C1CCOC1,492.0
11914,N#Cc1c(-c2cccs2)cc(-c2ccc3c(c2)Cc2ccccc2-3)[nH]c1=O,CC#N,486.0
11915,N#Cc1c(-c2cccs2)cc(-c2ccc3c(c2)Cc2ccccc2-3)[nH]c1=O,CCOC(C)=O,484.0
11916,N#Cc1c(-c2cccs2)cc(-c2ccc3c(c2)Cc2ccccc2-3)[nH]c1=O,CN(C)C=O,457.0
11917,N#Cc1c(-c2cccs2)cc(-c2ccc3c(c2)Cc2ccccc2-3)[nH]c1=O,CO,438.0
11918,N#Cc1c(-c2cccs2)cc(-c2ccc3c(c2)Cc2ccccc2-3)[nH]c1=O,CS(C)=O,437.0
11919,N#Cc1c(-c2cccs2)cc(-c2ccc3c(c2)Cc2ccccc2-3)[nH]c1=O,ClC(Cl)Cl,474.0
3353,CCCCCCN1C(=O)c2cccc3c(-c4ccc(-c5cc(-c6ccc(OC)cc6)n(-c6ccccc6)n5)s4)ccc(c23)C1=O,ClCCl,521.0
3355,CCCCCCN1C(=O)c2cccc3c(-c4ccc(-c5cc(-c6ccccc6)n(-c6ccccc6)n5)s4)ccc(c23)C1=O,ClCCl,519.0
3349,CCCCCCN1C(=O)c2cccc3c(-c4ccc(-c5cc(-c6ccc(C)cc6)n(-c6ccccc6)n5)s4)ccc(c23)C1=O,ClCCl,521.0
3351,CCCCCCN1C(=O)c2cccc3c(-c4ccc(-c5cc(-c6ccc(Cl)cc6)n(-c6ccccc6)n5)s4)ccc(c23)C1=O,ClCCl,517.0
3049,CCCCCCCCC1(CCCCCCCC)c2cc(C#Cc3ccc(N(c4ccccc4)c4ccccc4)cc3)ccc2-c2ccc(C=O)cc21,ClC(Cl)Cl,517.0
3050,CCCCCCCCC1(CCCCCCCC)c2cc(C#Cc3ccc(N(c4ccccc4)c4ccccc4)cc3)ccc2-c2ccc(C=O)cc21,ClCCl,532.0
3040,CCCCCCCCC1(CCCCCCCC)c2cc(C#Cc3ccc(N(c4ccccc4)c4ccccc4)cc3)ccc2-c2ccc(C=O)cc21,C1CCOC1,495.0
3041,CCCCCCCCC1(CCCCCCCC)c2cc(C#Cc3ccc(N(c4ccccc4)c4ccccc4)cc3)ccc2-c2ccc(C=O)cc21,C1COCCO1,449.0
3042,CCCCCCCCC1(CCCCCCCC)c2cc(C#Cc3ccc(N(c4ccccc4)c4ccccc4)cc3)ccc2-c2ccc(C=O)cc21,CC#N,556.0
3043,CCCCCCCCC1(CCCCCCCC)c2cc(C#Cc3ccc(N(c4ccccc4)c4ccccc4)cc3)ccc2-c2ccc(C=O)cc21,CC(C)=O,544.0
3044,CCCCCCCCC1(CCCCCCCC)c2cc(C#Cc3ccc(N(c4ccccc4)c4ccccc4)cc3)ccc2-c2ccc(C=O)cc21,CCCCCC,411.0
3045,CCCCCCCCC1(CCCCCCCC)c2cc(C#Cc3ccc(N(c4ccccc4)c4ccccc4)cc3)ccc2-c2ccc(C=O)cc21,CCOC(C)=O,502.0
3046,CCCCCCCCC1(CCCCCCCC)c2cc(C#Cc3ccc(N(c4ccccc4)c4ccccc4)cc3)ccc2-c2ccc(C=O)cc21,CN(C)C=O,555.0
3047,CCCCCCCCC1(CCCCCCCC)c2cc(C#Cc3ccc(N(c4ccccc4)c4ccccc4)cc3)ccc2-c2ccc(C=O)cc21,CS(C)=O,560.0
3048,CCCCCCCCC1(CCCCCCCC)c2cc(C#Cc3ccc(N(c4ccccc4)c4ccccc4)cc3)ccc2-c2ccc(C=O)cc21,Cc1ccccc1,441.0
14901,c1ccc(-n2c3ccccc3c3cc(-c4cccc(-n5c6ccccc6c6c7sc8ccccc8c7ccc65)c4)ccc32)cc1,ClCCl,361.0
4697,CCOC(=O)C1=CNC=C(C(=O)OCC)C1c1ccccc1,C1CCOC1,412.0
4698,CCOC(=O)C1=CNC=C(C(=O)OCC)C1c1ccccc1,CO,423.0
3011,CCCCCCC1(CCCCCC)c2ccccc2-c2ccc(-c3cc4c(cc3F)-c3cc(F)c(-c5ccc6c(c5)C(CCCCCC)(CCCCCC)c5ccccc5-6)cc3S4(=O)=O)cc21,Cc1ccccc1,411.0
3012,CCCCCCC1(CCCCCC)c2ccccc2-c2ccc(-c3cc4c(cc3F)-c3cc(F)c(-c5ccc6c(c5)C(CCCCCC)(CCCCCC)c5ccccc5-6)cc3S4(=O)=O)cc21,ClC(Cl)Cl,425.0
3014,CCCCCCC1(CCCCCC)c2ccccc2-c2ccc(-c3ccc4c(c3)S(=O)(=O)c3cc(-c5ccc6c(c5)C(CCCCCC)(CCCCCC)c5ccccc5-6)ccc3-4)cc21,Cc1ccccc1,412.0
3015,CCCCCCC1(CCCCCC)c2ccccc2-c2ccc(-c3ccc4c(c3)S(=O)(=O)c3cc(-c5ccc6c(c5)C(CCCCCC)(CCCCCC)c5ccccc5-6)ccc3-4)cc21,ClC(Cl)Cl,427.0
804,CC(C)(C)/C=C1\C=C(c2ccccc2)C=C1c1ccccc1,C1CCOC1,460.0
203,C(=C/c1ccc(-c2ccc(/C=C/c3ccc(-n4c5ccccc5c5ccccc54)cc3)s2)s1)\c1ccc(-n2c3ccccc3c3ccccc32)cc1,C1CCOC1,528.0
204,C(=C/c1ccc(-c2ccc(/C=C/c3ccc(-n4c5ccccc5c5ccccc54)cc3)s2)s1)\c1ccc(-n2c3ccccc3c3ccccc32)cc1,CC#N,527.0
205,C(=C/c1ccc(-c2ccc(/C=C/c3ccc(-n4c5ccccc5c5ccccc54)cc3)s2)s1)\c1ccc(-n2c3ccccc3c3ccccc32)cc1,CC(C)=O,523.0
206,C(=C/c1ccc(-c2ccc(/C=C/c3ccc(-n4c5ccccc5c5ccccc54)cc3)s2)s1)\c1ccc(-n2c3ccccc3c3ccccc32)cc1,CN(C)C=O,530.0
207,C(=C/c1ccc(-c2ccc(/C=C/c3ccc(-n4c5ccccc5c5ccccc54)cc3)s2)s1)\c1ccc(-n2c3ccccc3c3ccccc32)cc1,Cc1ccccc1,532.0
4178,CCN(CC)c1ccc2c(c1)oc(=O)c1c(=O)oc3c(C)c4oc(=O)c5c(=O)oc6cc(N(CC)CC)ccc6c5c4cc3c12,CS(C)=O,558.0
4179,CCN(CC)c1ccc2c(c1)oc(=O)c1c(=O)oc3c(C)c4oc(=O)c5c(=O)oc6cc(N(CC)CC)ccc6c5c4cc3c12,ClCCl,542.0
12727,O=C(Nc1ccc(-c2c3nc(c(-c4ccc(NC(=O)C(F)(F)F)cc4)c4ccc([nH]4)c(-c4ccc(NC(=O)C(F)(F)F)cc4)c4nc(c(-c5ccc(NC(=O)C(F)(F)F)cc5)c5ccc2[nH]5)C=C4)C=C3)cc1)C(F)(F)F,CN(C)C=O,652.0
516,C1=Cc2nc1c(-c1ccccc1)c1ccc([nH]1)c(-c1ccccc1)c1nc(c(-c3ccccc3)c3ccc([nH]3)c2-c2ccccc2)C=C1,CC(=O)N(C)C,650.0
517,C1=Cc2nc1c(-c1ccccc1)c1ccc([nH]1)c(-c1ccccc1)c1nc(c(-c3ccccc3)c3ccc([nH]3)c2-c2ccccc2)C=C1,ClCCl,651.0
9461,CS(=O)(=O)Nc1ccc(-c2c3nc(c(-c4ccc(NS(C)(=O)=O)cc4)c4ccc([nH]4)c(-c4ccc(NS(C)(=O)=O)cc4)c4nc(c(-c5ccc(NS(C)(=O)=O)cc5)c5ccc2[nH]5)C=C4)C=C3)cc1,CN(C)C=O,655.0
9462,CS(=O)(=O)Nc1cccc(-c2c3nc(c(-c4cccc(NS(C)(=O)=O)c4)c4ccc([nH]4)c(-c4cccc(NS(C)(=O)=O)c4)c4nc(c(-c5cccc(NS(C)(=O)=O)c5)c5ccc2[nH]5)C=C4)C=C3)c1,CN(C)C=O,648.0
12728,O=C(Nc1cccc(-c2c3nc(c(-c4cccc(NC(=O)C(F)(F)F)c4)c4ccc([nH]4)c(-c4cccc(NC(=O)C(F)(F)F)c4)c4nc(c(-c5cccc(NC(=O)C(F)(F)F)c5)c5ccc2[nH]5)C=C4)C=C3)c1)C(F)(F)F,CN(C)C=O,649.0
12478,Nc1ccc(-c2c3nc(c(-c4ccc(N)cc4)c4ccc([nH]4)c(-c4ccc(N)cc4)c4nc(c(-c5ccc(N)cc5)c5ccc2[nH]5)C=C4)C=C3)cc1,CN(C)C=O,686.0
14179,Oc1ccc(-c2c3nc(c(-c4ccc(O)cc4)c4ccc([nH]4)c(-c4ccc(O)cc4)c4nc(c(-c5ccc(O)cc5)c5ccc2[nH]5)C=C4)C=C3)cc1,CN(C)C=O,660.0
12615,Nc1cccc(-c2c3nc(c(-c4cccc(N)c4)c4ccc([nH]4)c(-c4cccc(N)c4)c4nc(c(-c5cccc(N)c5)c5ccc2[nH]5)C=C4)C=C3)c1,CN(C)C=O,651.0
14253,Oc1cccc(-c2c3nc(c(-c4cccc(O)c4)c4ccc([nH]4)c(-c4cccc(O)c4)c4nc(c(-c5cccc(O)c5)c5ccc2[nH]5)C=C4)C=C3)c1,CN(C)C=O,649.0
2965,CCCCCCC(CCCCCC)N1C(=O)c2cccc3c(-c4ccc(OC)c5cccc(C)c45)ccc(c23)C1=O,CCCCCC,434.8
2966,CCCCCCC(CCCCCC)N1C(=O)c2cccc3c(-c4ccc(OC)c5cccc(C)c45)ccc(c23)C1=O,CCCCCCCCCCCCCC,440.2
2967,CCCCCCC(CCCCCC)N1C(=O)c2cccc3c(-c4ccc(OC)c5cccc(C)c45)ccc(c23)C1=O,CCCCCCCCCCCO,537.0
2968,CCCCCCC(CCCCCC)N1C(=O)c2cccc3c(-c4ccc(OC)c5cccc(C)c45)ccc(c23)C1=O,CCCCO,570.1
2969,CCCCCCC(CCCCCC)N1C(=O)c2cccc3c(-c4ccc(OC)c5cccc(C)c45)ccc(c23)C1=O,CN(C)C=O,597.8
2970,CCCCCCC(CCCCCC)N1C(=O)c2cccc3c(-c4ccc(OC)c5cccc(C)c45)ccc(c23)C1=O,Cc1ccccc1,487.0
2971,CCCCCCC(CCCCCC)N1C(=O)c2cccc3c(-c4ccc(OC)c5cccc(C)c45)ccc(c23)C1=O,ClC(Cl)Cl,522.7
2972,CCCCCCC(CCCCCC)N1C(=O)c2cccc3c(-c4ccc(OC)c5ccccc45)ccc(c23)C1=O,CCCCCC,427.1
2973,CCCCCCC(CCCCCC)N1C(=O)c2cccc3c(-c4ccc(OC)c5ccccc45)ccc(c23)C1=O,CCCCCCCCCCCCCC,431.7
2974,CCCCCCC(CCCCCC)N1C(=O)c2cccc3c(-c4ccc(OC)c5ccccc45)ccc(c23)C1=O,CCCCCCCCCCCO,532.4
2975,CCCCCCC(CCCCCC)N1C(=O)c2cccc3c(-c4ccc(OC)c5ccccc45)ccc(c23)C1=O,CCCCO,576.8
2976,CCCCCCC(CCCCCC)N1C(=O)c2cccc3c(-c4ccc(OC)c5ccccc45)ccc(c23)C1=O,CN(C)C=O,581.8
2977,CCCCCCC(CCCCCC)N1C(=O)c2cccc3c(-c4ccc(OC)c5ccccc45)ccc(c23)C1=O,Cc1ccccc1,478.0
2978,CCCCCCC(CCCCCC)N1C(=O)c2cccc3c(-c4ccc(OC)c5ccccc45)ccc(c23)C1=O,ClC(Cl)Cl,509.7
13358,O=C1c2ccccc2C2=Cc3ccccc3B(O)N12,CC#N,432.0
13359,O=C1c2ccccc2C2=Cc3ccccc3B(O)N12,CO,430.0
13360,O=C1c2ccccc2C2=Cc3ccccc3B(O)N12,CS(C)=O,438.0
13361,O=C1c2ccccc2C2=Cc3ccccc3B(O)N12,ClC(Cl)Cl,437.0
14798,c1ccc(-c2nc3ccccc3nc2-c2cc(-n3c4ccccc4c4ccccc43)cc(-n3c4ccccc4c4ccccc43)c2)cc1,Cc1ccccc1,446.0
1766,CC1(C)c2ccccc2N(c2ccc(-c3cc(C#N)c(C#N)cc3-c3ccc(N4c5ccccc5C(C)(C)c5ccccc54)cc3)cc2)c2ccccc21,Cc1ccccc1,532.0
1767,CC1(C)c2ccccc2N(c2ccc(-c3cc(C#N)c(C#N)cc3-c3ccc(N4c5ccccc5C(C)(C)c5ccccc54)cc3)cc2)c2ccccc21,c1cc(-c2cccc(-n3c4ccccc4c4ccccc43)c2)cc(-n2c3ccccc3c3ccccc32)c1,499.0
1386,CC(C)[Si](C#Cc1ccc(C#C[Si](C(C)C)(C(C)C)C(C)C)c2nc3c(ccc4cc5ccccc5cc43)nc12)(C(C)C)C(C)C,CCCCCC,466.0
3594,CCCCN1/C(=C\C=C\C=C\C2=[N+](CCCC)c3ccc4cc(Br)ccc4c3C2(C)C)C(C)(C)c2c1ccc1cc(Br)ccc21,C1CCOC1,712.0
3595,CCCCN1/C(=C\C=C\C=C\C2=[N+](CCCC)c3ccc4cc(Br)ccc4c3C2(C)C)C(C)(C)c2c1ccc1cc(Br)ccc21,CC#N,701.0
3596,CCCCN1/C(=C\C=C\C=C\C2=[N+](CCCC)c3ccc4cc(Br)ccc4c3C2(C)C)C(C)(C)c2c1ccc1cc(Br)ccc21,CC(C)=O,705.0
3597,CCCCN1/C(=C\C=C\C=C\C2=[N+](CCCC)c3ccc4cc(Br)ccc4c3C2(C)C)C(C)(C)c2c1ccc1cc(Br)ccc21,CCO,709.0
3598,CCCCN1/C(=C\C=C\C=C\C2=[N+](CCCC)c3ccc4cc(Br)ccc4c3C2(C)C)C(C)(C)c2c1ccc1cc(Br)ccc21,CN(C)C=O,708.0
3599,CCCCN1/C(=C\C=C\C=C\C2=[N+](CCCC)c3ccc4cc(Br)ccc4c3C2(C)C)C(C)(C)c2c1ccc1cc(Br)ccc21,CO,704.0
3600,CCCCN1/C(=C\C=C\C=C\C2=[N+](CCCC)c3ccc4cc(Br)ccc4c3C2(C)C)C(C)(C)c2c1ccc1cc(Br)ccc21,CS(C)=O,713.0
3601,CCCCN1/C(=C\C=C\C=C\C2=[N+](CCCC)c3ccc4cc(Br)ccc4c3C2(C)C)C(C)(C)c2c1ccc1cc(Br)ccc21,ClCCl,716.0
3602,CCCCN1/C(=C\C=C\C=C\C2=[N+](CCCC)c3ccc4ccccc4c3C2(C)C)C(C)(C)c2c1ccc1ccccc21,C1CCOC1,710.0
3603,CCCCN1/C(=C\C=C\C=C\C2=[N+](CCCC)c3ccc4ccccc4c3C2(C)C)C(C)(C)c2c1ccc1ccccc21,CC#N,698.0
3604,CCCCN1/C(=C\C=C\C=C\C2=[N+](CCCC)c3ccc4ccccc4c3C2(C)C)C(C)(C)c2c1ccc1ccccc21,CC(C)=O,701.0
3605,CCCCN1/C(=C\C=C\C=C\C2=[N+](CCCC)c3ccc4ccccc4c3C2(C)C)C(C)(C)c2c1ccc1ccccc21,CCO,704.0
3606,CCCCN1/C(=C\C=C\C=C\C2=[N+](CCCC)c3ccc4ccccc4c3C2(C)C)C(C)(C)c2c1ccc1ccccc21,CN(C)C=O,705.0
3607,CCCCN1/C(=C\C=C\C=C\C2=[N+](CCCC)c3ccc4ccccc4c3C2(C)C)C(C)(C)c2c1ccc1ccccc21,CO,701.0
3608,CCCCN1/C(=C\C=C\C=C\C2=[N+](CCCC)c3ccc4ccccc4c3C2(C)C)C(C)(C)c2c1ccc1ccccc21,CS(C)=O,709.0
3609,CCCCN1/C(=C\C=C\C=C\C2=[N+](CCCC)c3ccc4ccccc4c3C2(C)C)C(C)(C)c2c1ccc1ccccc21,ClCCl,713.0
4453,CCN1/C(=C\C=C\C=C\C2=[N+](CC)c3ccc4cc(Br)ccc4c3C2(C)C)C(C)(C)c2c1ccc1cc(Br)ccc21,C1CCOC1,709.0
4454,CCN1/C(=C\C=C\C=C\C2=[N+](CC)c3ccc4cc(Br)ccc4c3C2(C)C)C(C)(C)c2c1ccc1cc(Br)ccc21,CC#N,699.0
4455,CCN1/C(=C\C=C\C=C\C2=[N+](CC)c3ccc4cc(Br)ccc4c3C2(C)C)C(C)(C)c2c1ccc1cc(Br)ccc21,CC(C)=O,703.0
4456,CCN1/C(=C\C=C\C=C\C2=[N+](CC)c3ccc4cc(Br)ccc4c3C2(C)C)C(C)(C)c2c1ccc1cc(Br)ccc21,CCO,705.0
4457,CCN1/C(=C\C=C\C=C\C2=[N+](CC)c3ccc4cc(Br)ccc4c3C2(C)C)C(C)(C)c2c1ccc1cc(Br)ccc21,CN(C)C=O,705.0
4458,CCN1/C(=C\C=C\C=C\C2=[N+](CC)c3ccc4cc(Br)ccc4c3C2(C)C)C(C)(C)c2c1ccc1cc(Br)ccc21,CO,702.0
4459,CCN1/C(=C\C=C\C=C\C2=[N+](CC)c3ccc4cc(Br)ccc4c3C2(C)C)C(C)(C)c2c1ccc1cc(Br)ccc21,CS(C)=O,709.0
4460,CCN1/C(=C\C=C\C=C\C2=[N+](CC)c3ccc4cc(Br)ccc4c3C2(C)C)C(C)(C)c2c1ccc1cc(Br)ccc21,ClCCl,714.0
4461,CCN1/C(=C\C=C\C=C\C2=[N+](CC)c3ccc4ccccc4c3C2(C)C)C(C)(C)c2c1ccc1ccccc21,C1CCOC1,707.0
4462,CCN1/C(=C\C=C\C=C\C2=[N+](CC)c3ccc4ccccc4c3C2(C)C)C(C)(C)c2c1ccc1ccccc21,CC#N,695.0
4463,CCN1/C(=C\C=C\C=C\C2=[N+](CC)c3ccc4ccccc4c3C2(C)C)C(C)(C)c2c1ccc1ccccc21,CC(C)=O,698.0
4464,CCN1/C(=C\C=C\C=C\C2=[N+](CC)c3ccc4ccccc4c3C2(C)C)C(C)(C)c2c1ccc1ccccc21,CCO,702.0
4465,CCN1/C(=C\C=C\C=C\C2=[N+](CC)c3ccc4ccccc4c3C2(C)C)C(C)(C)c2c1ccc1ccccc21,CN(C)C=O,702.0
4466,CCN1/C(=C\C=C\C=C\C2=[N+](CC)c3ccc4ccccc4c3C2(C)C)C(C)(C)c2c1ccc1ccccc21,CO,698.0
4467,CCN1/C(=C\C=C\C=C\C2=[N+](CC)c3ccc4ccccc4c3C2(C)C)C(C)(C)c2c1ccc1ccccc21,CS(C)=O,705.0
4468,CCN1/C(=C\C=C\C=C\C2=[N+](CC)c3ccc4ccccc4c3C2(C)C)C(C)(C)c2c1ccc1ccccc21,ClCCl,710.0
10424,Cc1ccc(C#Cc2ccc3ccc4cccc5ccc2c3c45)cc1,CCCCCC,387.0
10425,Cc1ccc(C#Cc2ccc3ccc4cccc5ccc2c3c45)cc1,CCO,391.0
10426,Cc1ccc(C#Cc2ccc3ccc4cccc5ccc2c3c45)cc1,CCOC(C)=O,391.0
10427,Cc1ccc(C#Cc2ccc3ccc4cccc5ccc2c3c45)cc1,ClCCl,395.0
112,C(#Cc1ccc2ccc3cccc4ccc1c2c34)c1ccccc1,Cc1ccccc1,391.0
14973,c1ccc(N(c2ccccc2)c2ccc(-c3ccc4c(c3)C3(c5cc(-c6ccc(N(c7ccccc7)c7ccccc7)cc6)ccc5O4)c4ccccc4-c4ccccc43)cc2)cc1,ClCCl,419.0
14974,c1ccc(N(c2ccccc2)c2ccc(-c3ccc4c(c3)C3(c5cc(-c6ccc(N(c7ccccc7)c7ccccc7)cc6)ccc5O4)c4ccccc4-c4ccccc43)cc2)cc1,c1cc(-n2c3ccccc3c3ccccc32)cc(-n2c3ccccc3c3ccccc32)c1,407.0
2776,CCCCC(CC)CN1C(=O)c2cccc3c(C#Cc4ccc(N(c5ccccc5)c5ccccc5)cc4)ccc(c23)C1=O,C1CCCCC1,462.0
2777,CCCCC(CC)CN1C(=O)c2cccc3c(C#Cc4ccc(N(c5ccccc5)c5ccccc5)cc4)ccc(c23)C1=O,C1CCOC1,621.0
2778,CCCCC(CC)CN1C(=O)c2cccc3c(C#Cc4ccc(N(c5ccccc5)c5ccccc5)cc4)ccc(c23)C1=O,CC#N,547.0
2779,CCCCC(CC)CN1C(=O)c2cccc3c(C#Cc4ccc(N(c5ccccc5)c5ccccc5)cc4)ccc(c23)C1=O,Cc1ccccc1,512.0
2780,CCCCC(CC)CN1C(=O)c2cccc3c(C#Cc4ccc(N(c5ccccc5)c5ccccc5)cc4)ccc(c23)C1=O,ClC(Cl)Cl,582.0
9070,COc1ccc2c(c1)SC1=Nc3sc4cc(OC)ccc4[n+]3CN12,CO,470.0
11196,Cn1c2ccccc2c2cc(/C=C/C3=[O+][B-](F)(F)OC(/C=C/c4ccc5c(c4)c4ccccc4n5C)=C3c3ccccc3)ccc21,ClCCl,636.0
1536,CC1(C)C(/C=C/C2=C(c3ccc(C(=O)O)cc3)/C(=C/C=C3/N(CCCCS(=O)(=O)[O-])c4ccccc4C3(C)C)CCC2)=[N+](CCCCS(=O)(=O)[O-])c2ccccc21,CO,780.0
1534,CC1(C)C(/C=C/C2=C(c3ccc(C(=O)O)cc3)/C(=C/C=C3/N(CCCCS(=O)(=O)[O-])c4ccc(S(=O)(=O)[O-])cc4C3(C)C)CCC2)=[N+](CCCCS(=O)(=O)[O-])c2ccc(S(=O)(=O)[O-])cc21,CO,787.5
327,C(=C/c1cnccn1)\c1ccc(N(c2ccccc2)c2ccc(/C=C/c3cnccn3)cc2)cc1,ClCCl,569.0
14469,c1cc2cc(c1)c1cccc(c1)c1cccc(c1)c1cccc(c1)c1cccc(c1)c1cccc2c1,ClC(Cl)Cl,337.0
3893,CCCN1c2ccccc2Sc2cc(/C=C\c3cc(=O)oc4c(O)c(O)ccc34)ccc21,ClC(Cl)Cl,643.0
3894,CCCN1c2ccccc2Sc2cc(/C=C\c3cc(=O)oc4cc(C)c(Cl)cc34)ccc21,ClC(Cl)Cl,648.0
3895,CCCN1c2ccccc2Sc2cc(/C=C\c3cc(=O)oc4cc(C)ccc34)ccc21,ClC(Cl)Cl,631.0
3896,CCCN1c2ccccc2Sc2cc(/C=C\c3cc(=O)oc4cc(NC(=O)OCC)ccc34)ccc21,ClC(Cl)Cl,635.0
3897,CCCN1c2ccccc2Sc2cc(/C=C\c3cc(=O)oc4cc(O)ccc34)ccc21,ClC(Cl)Cl,631.0
3898,CCCN1c2ccccc2Sc2cc(/C=C\c3cc(=O)oc4ccc(C)cc34)ccc21,ClC(Cl)Cl,637.0
3899,CCCN1c2ccccc2Sc2cc(/C=C\c3cc(=O)oc4ccccc34)ccc21,ClC(Cl)Cl,618.0
3649,CCCCN1c2ccccc2Sc2cc(/C=C\c3cc(=O)oc4cc(C)ccc34)ccc21,ClC(Cl)Cl,632.0
9560,C[P+]1(c2ccccc2)C2=C(c3ccccc31)S(=O)(=O)c1ccccc12,CC#N,479.0
9561,C[P+]1(c2ccccc2)C2=C(c3ccccc31)S(=O)(=O)c1ccccc12,CCO,419.0
9562,C[P+]1(c2ccccc2)C2=C(c3ccccc31)S(=O)(=O)c1ccccc12,ClCCl,483.0
6505,CN(C)c1ccc2c(c1)[Si](C)(C)C1=CC(=[N+](C)C)C=CC1=C2C#Cc1ccccc1,CO,738.0
6506,CN(C)c1ccc2c(c1)[Si](C)(C)C1=CC(=[N+](C)C)C=CC1=C2C#Cc1ccccc1,O,736.0
15140,c1ccc2c(B(c3c4ccccc4cc4ccccc34)c3c4ccccc4cc4ccccc34)c3ccccc3cc2c1,C1CCOC1,535.0
2858,CCCCC1(CCCC)c2cc(-c3ccc(C=C4C(=O)c5ccccc5C4=O)cc3)ccc2-c2ccc(-c3ccc(C=C4C(=O)c5ccccc5C4=O)cc3)cc21,C1CCOC1,532.0
2859,CCCCC1(CCCC)c2cc(-c3ccc(C=C4C(=O)c5ccccc5C4=O)cc3)ccc2-c2ccc(-c3ccc(C=C4C(=O)c5ccccc5C4=O)cc3)cc21,CC(C)=O,564.0
2860,CCCCC1(CCCC)c2cc(-c3ccc(C=C4C(=O)c5ccccc5C4=O)cc3)ccc2-c2ccc(-c3ccc(C=C4C(=O)c5ccccc5C4=O)cc3)cc21,CCCCCC,465.0
2861,CCCCC1(CCCC)c2cc(-c3ccc(C=C4C(=O)c5ccccc5C4=O)cc3)ccc2-c2ccc(-c3ccc(C=C4C(=O)c5ccccc5C4=O)cc3)cc21,CS(C)=O,596.0
2862,CCCCC1(CCCC)c2cc(-c3ccc(C=C4C(=O)c5ccccc5C4=O)cc3)ccc2-c2ccc(-c3ccc(C=C4C(=O)c5ccccc5C4=O)cc3)cc21,Cc1ccccc1,492.0
2863,CCCCC1(CCCC)c2cc(-c3ccc(C=C4C(=O)c5ccccc5C4=O)cc3)ccc2-c2ccc(-c3ccc(C=C4C(=O)c5ccccc5C4=O)cc3)cc21,ClC(Cl)Cl,527.0
3029,CCCCCCCCC1(CCCCCCCC)c2cc(-c3ccc(C=C4C(=O)c5ccccc5C4=O)cc3)ccc2-c2ccc(-c3ccc(C=C4C(=O)c5ccccc5C4=O)cc3)cc21,C1CCOC1,531.0
3030,CCCCCCCCC1(CCCCCCCC)c2cc(-c3ccc(C=C4C(=O)c5ccccc5C4=O)cc3)ccc2-c2ccc(-c3ccc(C=C4C(=O)c5ccccc5C4=O)cc3)cc21,CC(C)=O,568.0
3031,CCCCCCCCC1(CCCCCCCC)c2cc(-c3ccc(C=C4C(=O)c5ccccc5C4=O)cc3)ccc2-c2ccc(-c3ccc(C=C4C(=O)c5ccccc5C4=O)cc3)cc21,CCCCCC,462.0
3032,CCCCCCCCC1(CCCCCCCC)c2cc(-c3ccc(C=C4C(=O)c5ccccc5C4=O)cc3)ccc2-c2ccc(-c3ccc(C=C4C(=O)c5ccccc5C4=O)cc3)cc21,CS(C)=O,596.0
3033,CCCCCCCCC1(CCCCCCCC)c2cc(-c3ccc(C=C4C(=O)c5ccccc5C4=O)cc3)ccc2-c2ccc(-c3ccc(C=C4C(=O)c5ccccc5C4=O)cc3)cc21,Cc1ccccc1,486.0
3034,CCCCCCCCC1(CCCCCCCC)c2cc(-c3ccc(C=C4C(=O)c5ccccc5C4=O)cc3)ccc2-c2ccc(-c3ccc(C=C4C(=O)c5ccccc5C4=O)cc3)cc21,ClC(Cl)Cl,530.0
3073,CCCCCCCCCCCCC1(CCCCCCCCCCCC)c2cc(-c3ccc(C=C4C(=O)c5ccccc5C4=O)cc3)ccc2-c2ccc(-c3ccc(C=C4C(=O)c5ccccc5C4=O)cc3)cc21,C1CCOC1,531.0
3074,CCCCCCCCCCCCC1(CCCCCCCCCCCC)c2cc(-c3ccc(C=C4C(=O)c5ccccc5C4=O)cc3)ccc2-c2ccc(-c3ccc(C=C4C(=O)c5ccccc5C4=O)cc3)cc21,CC(C)=O,566.0
3075,CCCCCCCCCCCCC1(CCCCCCCCCCCC)c2cc(-c3ccc(C=C4C(=O)c5ccccc5C4=O)cc3)ccc2-c2ccc(-c3ccc(C=C4C(=O)c5ccccc5C4=O)cc3)cc21,CCCCCC,463.0
3076,CCCCCCCCCCCCC1(CCCCCCCCCCCC)c2cc(-c3ccc(C=C4C(=O)c5ccccc5C4=O)cc3)ccc2-c2ccc(-c3ccc(C=C4C(=O)c5ccccc5C4=O)cc3)cc21,CS(C)=O,598.0
3077,CCCCCCCCCCCCC1(CCCCCCCCCCCC)c2cc(-c3ccc(C=C4C(=O)c5ccccc5C4=O)cc3)ccc2-c2ccc(-c3ccc(C=C4C(=O)c5ccccc5C4=O)cc3)cc21,Cc1ccccc1,490.0
3078,CCCCCCCCCCCCC1(CCCCCCCCCCCC)c2cc(-c3ccc(C=C4C(=O)c5ccccc5C4=O)cc3)ccc2-c2ccc(-c3ccc(C=C4C(=O)c5ccccc5C4=O)cc3)cc21,ClC(Cl)Cl,529.0
5997,CN(C)c1ccc(/C=C/c2ccc(-c3nc(C#N)c(C#N)n3C)cc2)cc1,C1CCCCC1,437.0
5998,CN(C)c1ccc(/C=C/c2ccc(-c3nc(C#N)c(C#N)n3C)cc2)cc1,CC#N,530.0
5999,CN(C)c1ccc(/C=C/c2ccc(-c3nc(C#N)c(C#N)n3C)cc2)cc1,CO,514.0
6000,CN(C)c1ccc(/C=C/c2ccc(-c3nc(C#N)c(C#N)n3C)cc2)cc1,ClC(Cl)Cl,500.0
1485,CC(C)c1cccc(C(C)C)c1-n1c(=O)c2cc3nc(-c4ccccc4)c4cc5c(=O)n(-c6c(C(C)C)cccc6C(C)C)c(=O)c6cc7nc(-c8ccccc8)c8cc(c1=O)c2c1c3c4c(c65)c7c81,ClC(Cl)Cl,502.0
4691,CCOC(=O)C1=CN(c2ccccc2)C=C(C(=O)OCC)C1,C1CCOC1,426.0
4692,CCOC(=O)C1=CN(c2ccccc2)C=C(C(=O)OCC)C1,CO,441.0
11028,Cc1nc2cccc(-c3nc4ccccc4s3)c2c(=O)[nH]1,CN(C)C=O,416.0
5268,CCn1c2c(-c3ccc(-c4cccs4)s3)cc(C(C)(C)C)cc2c2cc(C(C)(C)C)cc(-c3ccc(-c4cccs4)s3)c21,ClCCl,440.0
14457,c1cc2c3c(cccc3c1)NC(c1ccc3ccc4cccc5ccc1c3c45)N2,CC#N,458.0
14458,c1cc2c3c(cccc3c1)NC(c1ccc3ccc4cccc5ccc1c3c45)N2,CO,450.0
14459,c1cc2c3c(cccc3c1)NC(c1ccc3ccc4cccc5ccc1c3c45)N2,CS(C)=O,420.0
14460,c1cc2c3c(cccc3c1)NC(c1ccc3ccc4cccc5ccc1c3c45)N2,Cc1ccccc1,502.0
11957,N#Cc1c(N2CCCC2)cc(-c2ccccc2)c2c1-c1cccc3cccc-2c13,O,550.0
11400,F[B-]1(F)n2c(c3c(c2-c2ccccc2)C2C=CC3CC2)C(c2ccccc2)=C2C3=C(C(c4ccccc4)=[N+]21)C1C=CC3CC1,ClCCl,588.0
9404,COc1ccccc1C1=[N+]2C(=C(c3ccccc3)c3c4c(c(-c5ccccc5OC)n3[B-]2(F)F)C2C=CC4CC2)C2=C1C1C=CC2CC1,ClCCl,587.0
14908,c1ccc(-n2c3ccccc3c3cc([Si](c4ccccc4)(c4ccccc4)c4ccc5c(c4)c4ccccc4n5-c4ccccc4)ccc32)cc1,ClCCl,350.0
3115,CCCCCCCCCCCCN1C(=O)c2c(c3ccc4cc(-c5ccc(C#N)cc5)c(OC)cc4c3c3c2ccc2cc(-c4ccc(C#N)cc4)c(OC)cc23)C1=O,ClCCl,520.0
3116,CCCCCCCCCCCCN1C(=O)c2c(c3ccc4cc(-c5ccc(C(F)(F)F)cc5)c(OC)cc4c3c3c2ccc2cc(-c4ccc(C(F)(F)F)cc4)c(OC)cc23)C1=O,ClCCl,522.0
3117,CCCCCCCCCCCCN1C(=O)c2c(c3ccc4cc(-c5ccc(C)cc5)c(OC)cc4c3c3c2ccc2cc(-c4ccc(C)cc4)c(OC)cc23)C1=O,ClCCl,529.0
3118,CCCCCCCCCCCCN1C(=O)c2c(c3ccc4cc(-c5ccc(C=O)cc5)c(OC)cc4c3c3c2ccc2cc(-c4ccc(C=O)cc4)c(OC)cc23)C1=O,ClCCl,523.0
3119,CCCCCCCCCCCCN1C(=O)c2c(c3ccc4cc(-c5ccc(Cl)cc5)c(OC)cc4c3c3c2ccc2cc(-c4ccc(Cl)cc4)c(OC)cc23)C1=O,ClCCl,526.0
3120,CCCCCCCCCCCCN1C(=O)c2c(c3ccc4cc(-c5ccc(F)cc5)c(OC)cc4c3c3c2ccc2cc(-c4ccc(F)cc4)c(OC)cc23)C1=O,ClCCl,525.0
3121,CCCCCCCCCCCCN1C(=O)c2c(c3ccc4cc(-c5ccc(N(C)C)cc5)c(OC)cc4c3c3c2ccc2cc(-c4ccc(N(C)C)cc4)c(OC)cc23)C1=O,ClCCl,620.0
3122,CCCCCCCCCCCCN1C(=O)c2c(c3ccc4cc(-c5ccc(OC)cc5)c(OC)cc4c3c3c2ccc2cc(-c4ccc(OC)cc4)c(OC)cc23)C1=O,ClCCl,532.0
3123,CCCCCCCCCCCCN1C(=O)c2c(c3ccc4cc(-c5ccccc5)c(OC)cc4c3c3c2ccc2cc(-c4ccccc4)c(OC)cc23)C1=O,ClCCl,526.0
4297,CCN(CC)c1ccc2cc(/C=C(\C#N)c3nc4ccccc4s3)c(=O)oc2c1,Cc1ccccc1,567.0
4298,CCN(CC)c1ccc2cc(/C=C(\C#N)c3nc4ccccc4s3)c(=O)oc2c1,ClCCl,580.0
4143,CCN(CC)c1ccc2c(C#N)c(/C=C(\C#N)c3nc4ccccc4s3)c(=O)oc2c1,C1COCCO1,647.0
4144,CCN(CC)c1ccc2c(C#N)c(/C=C(\C#N)c3nc4ccccc4s3)c(=O)oc2c1,CC#N,679.0
4145,CCN(CC)c1ccc2c(C#N)c(/C=C(\C#N)c3nc4ccccc4s3)c(=O)oc2c1,CCO,692.0
4146,CCN(CC)c1ccc2c(C#N)c(/C=C(\C#N)c3nc4ccccc4s3)c(=O)oc2c1,CCOC(C)=O,664.0
4147,CCN(CC)c1ccc2c(C#N)c(/C=C(\C#N)c3nc4ccccc4s3)c(=O)oc2c1,CO,701.0
4148,CCN(CC)c1ccc2c(C#N)c(/C=C(\C#N)c3nc4ccccc4s3)c(=O)oc2c1,Cc1ccccc1,637.0
4149,CCN(CC)c1ccc2c(C#N)c(/C=C(\C#N)c3nc4ccccc4s3)c(=O)oc2c1,ClCCl,666.0
4290,CCN(CC)c1ccc2cc(/C=C(\C#N)c3nc4ccccc4s3)c(=O)oc2c1,C1COCCO1,570.0
4291,CCN(CC)c1ccc2cc(/C=C(\C#N)c3nc4ccccc4s3)c(=O)oc2c1,CC#N,596.0
4292,CCN(CC)c1ccc2cc(/C=C(\C#N)c3nc4ccccc4s3)c(=O)oc2c1,CCO,594.0
4293,CCN(CC)c1ccc2cc(/C=C(\C#N)c3nc4ccccc4s3)c(=O)oc2c1,CCOC(C)=O,576.0
4294,CCN(CC)c1ccc2cc(/C=C(\C#N)c3nc4ccccc4s3)c(=O)oc2c1,CN(C)C=O,605.0
4295,CCN(CC)c1ccc2cc(/C=C(\C#N)c3nc4ccccc4s3)c(=O)oc2c1,CO,598.0
4296,CCN(CC)c1ccc2cc(/C=C(\C#N)c3nc4ccccc4s3)c(=O)oc2c1,CS(C)=O,613.0
9047,COc1ccc2c(c1)CCC1=C(C#Cc3ccccc3)O[B-](F)(F)[O+]=C12,ClCCl,469.0
11298,F[B-]1(F)OC(C#Cc2ccccc2)=C2CCc3ccccc3C2=[O+]1,ClCCl,452.0
8629,COc1ccc(C#CC2=C3CCc4ccccc4C3=[O+][B-](F)(F)O2)cc1,ClCCl,493.0
9046,COc1ccc2c(c1)CCC1=C(C#Cc3ccc(Cl)cc3)O[B-](F)(F)[O+]=C12,ClCCl,472.0
6641,CN(C)c1cccc(/C=C/c2ncc(-c3ccc(OCc4ccccc4)c(OCc4ccccc4)c3)o2)c1,ClCCl,490.0
13216,O=C1c2cc(-n3c4ccccc4c4ccccc43)c(-n3c4ccccc4c4ccccc43)cc2C(=O)N1c1ccccc1,Cc1ccccc1,510.0
14119,OCc1cc(/N=N\c2ccc(-c3cccs3)cc2F)ccc1O,CS(C)=O,470.0
14115,OCc1cc(/N=N/c2ccc(-c3cccs3)cc2F)ccc1O,CS(C)=O,477.0
14903,c1ccc(-n2c3ccccc3c3cc(-c4cccc(-n5c6cccnc6c6c7sc8ccccc8c7ccc65)c4)ccc32)cc1,ClCCl,384.0
2286,CC1=[N+]2C(=C(c3ccccc3)c3c4c5ccccc5c5ccccc5c4c(C)n3[B-]2(F)F)c2c1c1ccccc1c1ccccc21,CCCCCC,647.0
3364,CCCCCCN1C(=O)c2cccc3c(-c4sc(-c5ccc6c7c(cccc57)C(=O)N(CCCCCC)C6=O)c5c4OCCO5)ccc(c23)C1=O,ClC(Cl)Cl,502.0
3272,CCCCCCCCOc1ccc(C#Cc2ccc3oc4ccccc4c3c2)c(OCCCCCCCC)c1,ClCCl,373.0
14746,c1ccc(-c2nc(-c3ccccc3)nc(-c3ccc(-n4c5ccccc5c5cc(-n6c7ccccc7c7ccccc76)ccc54)c4c5ccccc5n(-c5ccccc5)c34)n2)cc1,C1CCOC1,496.5909091
14747,c1ccc(-c2nc(-c3ccccc3)nc(-c3ccc(-n4c5ccccc5c5cc(-n6c7ccccc7c7ccccc76)ccc54)c4c5ccccc5n(-c5ccccc5)c34)n2)cc1,Cc1ccccc1,429.0
14748,c1ccc(-c2nc(-c3ccccc3)nc(-c3ccc(-n4c5ccccc5c5cc(-n6c7ccccc7c7ccccc76)ccc54)c4c5ccccc5n(-c5ccccc5)c34)n2)cc1,ClCCl,531.3636364
2850,CCCCC(CC)Cn1c2ccccc2c2cc(-c3ccc4c(c3)-c3cc(-c5ccc6c(c5)c5ccccc5n6CC(CC)CCCC)ccc3S4(=O)=O)ccc21,Cc1ccccc1,408.0
2851,CCCCC(CC)Cn1c2ccccc2c2cc(-c3ccc4c(c3)-c3cc(-c5ccc6c(c5)c5ccccc5n6CC(CC)CCCC)ccc3S4(=O)=O)ccc21,ClC(Cl)Cl,438.0
11844,N#CC1=c2c3cccc4c(Br)ccc(c43)n2[B-](F)(F)[n+]2ccccc21,C1CCOC1,545.0
11845,N#CC1=c2c3cccc4c(Br)ccc(c43)n2[B-](F)(F)[n+]2ccccc21,CC#N,541.0
11846,N#CC1=c2c3cccc4c(Br)ccc(c43)n2[B-](F)(F)[n+]2ccccc21,CCCCCC,545.0
11847,N#CC1=c2c3cccc4c(Br)ccc(c43)n2[B-](F)(F)[n+]2ccccc21,Cc1ccccc1,550.0
11848,N#CC1=c2c3cccc4c(Br)ccc(c43)n2[B-](F)(F)[n+]2ccccc21,ClCCl,546.0
11849,N#CC1=c2c3cccc4cccc(c43)n2[B-](F)(F)[n+]2ccccc21,C1CCOC1,530.0
11850,N#CC1=c2c3cccc4cccc(c43)n2[B-](F)(F)[n+]2ccccc21,CC#N,527.0
11851,N#CC1=c2c3cccc4cccc(c43)n2[B-](F)(F)[n+]2ccccc21,CCCCCC,530.0
11852,N#CC1=c2c3cccc4cccc(c43)n2[B-](F)(F)[n+]2ccccc21,Cc1ccccc1,535.0
11853,N#CC1=c2c3cccc4cccc(c43)n2[B-](F)(F)[n+]2ccccc21,ClCCl,530.0
12828,O=C(O)c1ccccc1Nc1cccc(C(F)(F)F)c1,C1CCCCC1,406.0
12829,O=C(O)c1ccccc1Nc1cccc(C(F)(F)F)c1,C1CCOC1,408.0
12830,O=C(O)c1ccccc1Nc1cccc(C(F)(F)F)c1,C1COCCO1,410.0
12831,O=C(O)c1ccccc1Nc1cccc(C(F)(F)F)c1,CC#N,426.0
12832,O=C(O)c1ccccc1Nc1cccc(C(F)(F)F)c1,CCOC(C)=O,410.0
12833,O=C(O)c1ccccc1Nc1cccc(C(F)(F)F)c1,CN(C)C=O,425.0
12834,O=C(O)c1ccccc1Nc1cccc(C(F)(F)F)c1,CO,428.0
12835,O=C(O)c1ccccc1Nc1cccc(C(F)(F)F)c1,ClC(Cl)Cl,426.0
12836,O=C(O)c1ccccc1Nc1ccccc1,C1CCCCC1,430.0
12837,O=C(O)c1ccccc1Nc1ccccc1,C1CCOC1,434.0
12838,O=C(O)c1ccccc1Nc1ccccc1,C1COCCO1,432.0
12839,O=C(O)c1ccccc1Nc1ccccc1,CC#N,398.0
12840,O=C(O)c1ccccc1Nc1ccccc1,CCOC(C)=O,434.0
12841,O=C(O)c1ccccc1Nc1ccccc1,CN(C)C=O,386.0
12842,O=C(O)c1ccccc1Nc1ccccc1,CO,390.0
12843,O=C(O)c1ccccc1Nc1ccccc1,ClC(Cl)Cl,450.0
10851,Cc1cccc(Nc2ccccc2C(=O)O)c1C,C1CCCCC1,438.0
10852,Cc1cccc(Nc2ccccc2C(=O)O)c1C,C1CCOC1,438.0
10853,Cc1cccc(Nc2ccccc2C(=O)O)c1C,C1COCCO1,437.0
10854,Cc1cccc(Nc2ccccc2C(=O)O)c1C,CC#N,398.0
10855,Cc1cccc(Nc2ccccc2C(=O)O)c1C,CCOC(C)=O,439.0
10856,Cc1cccc(Nc2ccccc2C(=O)O)c1C,CN(C)C=O,385.0
10857,Cc1cccc(Nc2ccccc2C(=O)O)c1C,CO,390.0
10858,Cc1cccc(Nc2ccccc2C(=O)O)c1C,ClC(Cl)Cl,442.0
532,C=C(C)C(CN1C(=O)c2cccc3c2c(cc2oc(C)nc23)C1=O)OO,CCO,416.0
1310,CC(C)=CCN1C(=O)c2cccc3c2c(cc2oc(C)nc23)C1=O,CCO,415.0
200,C(=C/c1cc[n+](Cc2ccccc2)cc1)\c1cc[n+](Cc2ccccc2)cc1,CC#N,426.0
12190,N#Cc1ccc(C=C(c2ccccc2)c2ccccc2)cc1,C1CCOC1,390.0
8705,COc1ccc(C(=Cc2ccc(C#N)cc2)c2ccc(OC)cc2)cc1,C1CCOC1,395.0
8706,COc1ccc(C(=Cc2ccc(C=O)cc2)c2ccc(OC)cc2)cc1,C1CCOC1,396.0
13515,O=Cc1ccc(C=C(c2ccccc2)c2ccccc2)cc1,C1CCOC1,383.0
6309,CN(C)c1ccc(C(=Cc2ccc(C#N)cc2)c2ccc(N(C)C)cc2)cc1,C1CCOC1,412.0
6310,CN(C)c1ccc(C(=Cc2ccc(C=O)cc2)c2ccc(N(C)C)cc2)cc1,C1CCOC1,401.0
10232,Cc1ccc(-c2c3nc(c(-c4ccc(C)cc4)c4ccc(s4)c(-c4ccc(C)cc4)c4nc(c(-c5ccc(C)cc5)c5ccc2s5)C=C4)C=C3)cc1,ClCCl,706.0
9658,C[n+]1ccc(/C=C/c2ccc([O-])cc2)cc1,CC#N,606.0
9659,C[n+]1ccc(/C=C/c2ccc([O-])cc2)cc1,CC(C)=O,610.0
9660,C[n+]1ccc(/C=C/c2ccc([O-])cc2)cc1,CC(C)O,594.0
9661,C[n+]1ccc(/C=C/c2ccc([O-])cc2)cc1,CCCO,587.0
9662,C[n+]1ccc(/C=C/c2ccc([O-])cc2)cc1,CCO,582.0
9663,C[n+]1ccc(/C=C/c2ccc([O-])cc2)cc1,CN(C)C=O,608.0
9664,C[n+]1ccc(/C=C/c2ccc([O-])cc2)cc1,CO,576.0
9665,C[n+]1ccc(/C=C/c2ccc([O-])cc2)cc1,CS(C)=O,608.0
9666,C[n+]1ccc(/C=C/c2ccc([O-])cc2)cc1,ClCCl,615.0
9667,C[n+]1ccc(/C=C/c2ccc([O-])cc2)cc1,NC=O,577.0
9668,C[n+]1ccc(/C=C/c2ccc([O-])cc2)cc1,O,560.0
9669,C[n+]1ccc(/C=C/c2ccc([O-])cc2)cc1,OCCO,573.0
3925,CCC[n+]1ccc(/C=C/c2ccc(N(C)C)cc2)cc1,C1COCCO1,557.0
3926,CCC[n+]1ccc(/C=C/c2ccc(N(C)C)cc2)cc1,CC(C)O,571.0
3927,CCC[n+]1ccc(/C=C/c2ccc(N(C)C)cc2)cc1,CCCCO,576.0
3928,CCC[n+]1ccc(/C=C/c2ccc(N(C)C)cc2)cc1,CCCO,576.0
3929,CCC[n+]1ccc(/C=C/c2ccc(N(C)C)cc2)cc1,CCO,576.0
3930,CCC[n+]1ccc(/C=C/c2ccc(N(C)C)cc2)cc1,CO,579.0
3931,CCC[n+]1ccc(/C=C/c2ccc(N(C)C)cc2)cc1,CS(C)=O,589.0
3932,CCC[n+]1ccc(/C=C/c2ccc(N(C)C)cc2)cc1,ClC(Cl)Cl,560.0
3933,CCC[n+]1ccc(/C=C/c2ccc(N(C)C)cc2)cc1,ClCCl,560.0
3934,CCC[n+]1ccc(/C=C/c2ccc(N(C)C)cc2)cc1,c1ccccc1,552.0
2128,CC1=CC(c2ccc(N(C)C)cc2)=[N+]2C1=Nc1c(C)cc(-c3ccc(N(C)C)cc3)n1[B-]2(F)F,C1CCOC1,791.0
2129,CC1=CC(c2ccc(N(C)C)cc2)=[N+]2C1=Nc1c(C)cc(-c3ccc(N(C)C)cc3)n1[B-]2(F)F,CS(C)=O,822.0
2130,CC1=CC(c2ccc(N(C)C)cc2)=[N+]2C1=Nc1c(C)cc(-c3ccc(N(C)C)cc3)n1[B-]2(F)F,Cc1ccccc1,779.0
8876,COc1ccc(C2=[N+]3C(=Nc4c(C)cc(-c5ccc(OC)cc5)n4[B-]3(F)F)C(C)=C2)cc1,CS(C)=O,692.0
12653,Nc1nc2c(ncn2[C@H]2C[C@H](O)[C@@H](CO)O2)c(=O)[nH]1,O,338.9830508
5270,CCn1c2cc(-c3ccc(-c4cccs4)s3)ccc2c2ccc(-c3ccc(-c4cccs4)s3)cc21,ClCCl,447.0
835,CC(C)(C)NC(=O)c1ccc(-c2ccccc2)c2ccc3c4ccccc4c4ccccc4c3c12,ClCCl,413.0
10307,Cc1ccc(-c2ccc(C(=O)NC(C)(C)C)c3c2ccc2c4ccccc4c4ccccc4c23)cc1,ClCCl,413.0
8236,COc1ccc(-c2ccc(C(=O)NC(C)(C)C)c3c2ccc2c4ccccc4c4ccccc4c23)cc1,ClCCl,420.0
11575,Fc1ccc(-c2cc3c4c(c2)CCc2cc(-c5ccc(F)cc5)cc(c2-4)CC3)cc1,C1CCCCC1,374.6575342
11576,Fc1ccc(-c2cc3c4c(c2)CCc2cc(-c5ccc(F)cc5)cc(c2-4)CC3)cc1,C1CCOC1,378.1800391
11577,Fc1ccc(-c2cc3c4c(c2)CCc2cc(-c5ccc(F)cc5)cc(c2-4)CC3)cc1,CC#N,375.9784736
11578,Fc1ccc(-c2cc3c4c(c2)CCc2cc(-c5ccc(F)cc5)cc(c2-4)CC3)cc1,CCCCCC,374.5107632
11579,Fc1ccc(-c2cc3c4c(c2)CCc2cc(-c5ccc(F)cc5)cc(c2-4)CC3)cc1,CCO,375.2446184
11580,Fc1ccc(-c2cc3c4c(c2)CCc2cc(-c5ccc(F)cc5)cc(c2-4)CC3)cc1,CN(C)C=O,380.6751468
11581,Fc1ccc(-c2cc3c4c(c2)CCc2cc(-c5ccc(F)cc5)cc(c2-4)CC3)cc1,CO,375.0978474
11582,Fc1ccc(-c2cc3c4c(c2)CCc2cc(-c5ccc(F)cc5)cc(c2-4)CC3)cc1,ClC(Cl)Cl,379.6819788
11583,Fc1ccc(-c2cc3c4c(c2)CCc2cc(-c5ccc(F)cc5)cc(c2-4)CC3)cc1,ClCCl,378.9138943
945,CC(C)(C)c1ccc(-c2cc3c4c(c2)CCc2cc(-c5ccc(C(C)(C)C)cc5)cc(c2-4)CC3)cc1,C1CCCCC1,382.0855615
946,CC(C)(C)c1ccc(-c2cc3c4c(c2)CCc2cc(-c5ccc(C(C)(C)C)cc5)cc(c2-4)CC3)cc1,C1CCOC1,384.8663102
947,CC(C)(C)c1ccc(-c2cc3c4c(c2)CCc2cc(-c5ccc(C(C)(C)C)cc5)cc(c2-4)CC3)cc1,CC#N,383.1550802
948,CC(C)(C)c1ccc(-c2cc3c4c(c2)CCc2cc(-c5ccc(C(C)(C)C)cc5)cc(c2-4)CC3)cc1,CCCCCC,381.0160428
949,CC(C)(C)c1ccc(-c2cc3c4c(c2)CCc2cc(-c5ccc(C(C)(C)C)cc5)cc(c2-4)CC3)cc1,CCO,382.7272727
950,CC(C)(C)c1ccc(-c2cc3c4c(c2)CCc2cc(-c5ccc(C(C)(C)C)cc5)cc(c2-4)CC3)cc1,CN(C)C=O,386.7914439
951,CC(C)(C)c1ccc(-c2cc3c4c(c2)CCc2cc(-c5ccc(C(C)(C)C)cc5)cc(c2-4)CC3)cc1,CO,381.8716578
952,CC(C)(C)c1ccc(-c2cc3c4c(c2)CCc2cc(-c5ccc(C(C)(C)C)cc5)cc(c2-4)CC3)cc1,ClC(Cl)Cl,387.9269729
953,CC(C)(C)c1ccc(-c2cc3c4c(c2)CCc2cc(-c5ccc(C(C)(C)C)cc5)cc(c2-4)CC3)cc1,ClCCl,386.3636364
8197,COc1ccc(-c2cc3c4c(c2)CCc2cc(-c5ccc(OC)cc5)cc(c2-4)CC3)cc1,C1CCCCC1,386.344086
8198,COc1ccc(-c2cc3c4c(c2)CCc2cc(-c5ccc(OC)cc5)cc(c2-4)CC3)cc1,C1CCOC1,390.2150538
8199,COc1ccc(-c2cc3c4c(c2)CCc2cc(-c5ccc(OC)cc5)cc(c2-4)CC3)cc1,CC#N,388.0645161
8200,COc1ccc(-c2cc3c4c(c2)CCc2cc(-c5ccc(OC)cc5)cc(c2-4)CC3)cc1,CCCCCC,384.6236559
8201,COc1ccc(-c2cc3c4c(c2)CCc2cc(-c5ccc(OC)cc5)cc(c2-4)CC3)cc1,CCO,386.9892473
8202,COc1ccc(-c2cc3c4c(c2)CCc2cc(-c5ccc(OC)cc5)cc(c2-4)CC3)cc1,CN(C)C=O,392.1505376
8203,COc1ccc(-c2cc3c4c(c2)CCc2cc(-c5ccc(OC)cc5)cc(c2-4)CC3)cc1,CO,386.5591398
8204,COc1ccc(-c2cc3c4c(c2)CCc2cc(-c5ccc(OC)cc5)cc(c2-4)CC3)cc1,ClC(Cl)Cl,391.4605418
8205,COc1ccc(-c2cc3c4c(c2)CCc2cc(-c5ccc(OC)cc5)cc(c2-4)CC3)cc1,ClCCl,391.0752688
12876,O=C(c1ccc(C(=C(c2ccccc2)c2ccccc2)c2ccccc2)cc1)c1ccc(-n2c3ccccc3c3ccccc32)cc1,C1CCOC1,496.0
16,Brc1ccc(N(c2ccc(/C=C/c3ccncn3)cc2)c2ccc(/C=C/c3ccncn3)cc2)cc1,ClCCl,555.0
9505,CSc1nccc(/C=C/c2ccc(N(c3ccccc3)c3ccc(/C=C/c4ccnc(SC)n4)cc3)cc2)n1,ClCCl,540.0
308,C(=C/c1ccncn1)\c1ccc(N(c2ccccc2)c2ccc(/C=C/c3ccncn3)cc2)cc1,ClCCl,555.0
7709,COc1cc(-c2cnc(-c3cnc4ccccc4c3)o2)cc(OC)c1OC,ClCCl,458.0
5216,CCc1ccc(-n2c3ccccc3c3cc4c(cc32)c2ccccc2n4-c2ccc(CC)cc2)cc1,ClC(Cl)Cl,415.0
5200,CCc1cc(CC)cc(-n2c3ccccc3c3cc4c(cc32)c2ccccc2n4-c2cc(CC)cc(CC)c2)c1,ClC(Cl)Cl,416.0
13543,O=P(c1c2ccccc2cc2ccccc12)(c1c2ccccc2cc2ccccc12)c1c2ccccc2cc2ccccc12,C1CCOC1,452.0
13595,O=P1(c2ccccc2)C(c2ccccc2)=Cc2ccccc21,C1CCOC1,417.0
13596,O=P1(c2ccccc2)C(c2ccccc2)=Cc2ccccc21,ClCCl,423.0
6386,CN(C)c1ccc(C2=Cc3ccccc3P2(=O)c2ccccc2)cc1,ClCCl,536.0
12189,N#Cc1ccc(C2=Cc3ccccc3P2(=O)c2ccccc2)cc1,ClCCl,426.0
13514,O=Cc1ccc(C2=Cc3ccccc3P2(=O)c2ccccc2)cc1,ClCCl,427.0
15079,c1ccc(Nc2nc(Nc3ccccc3)nc(Nc3ccc4ccc5cccc6ccc3c4c56)n2)cc1,CCCCOCCCC,394.0
15080,c1ccc(Nc2nc(Nc3ccccc3)nc(Nc3ccc4ccc5cccc6ccc3c4c56)n2)cc1,CO,395.0
15078,c1ccc(Nc2nc(Nc3ccccc3)nc(Nc3ccc4ccc5cccc6ccc3c4c56)n2)cc1,CC#N,395.0
7215,COC(=O)C1=C(C(=O)OC)C2(c3ccccc3-c3c(C(=O)OC)cccc32)[C@@H](c2ccc(Cl)cc2)C=C2c3cc(OC)c(OC)cc3CCN21,ClCCl,439.0
7217,COC(=O)C1=C(C(=O)OC)C2(c3ccccc3-c3ccccc32)[C@@H](c2ccc(C)cc2)C=C2c3cc(OC)c(OC)cc3CCN21,ClCCl,425.0
7218,COC(=O)C1=C(C(=O)OC)C2(c3ccccc3-c3ccccc32)[C@@H](c2ccc([N+](=O)[O-])cc2)C=C2c3cc(OC)c(OC)cc3CCN21,ClCCl,431.0
7219,COC(=O)C1=C(C(=O)OC)C2(c3ccccc3-c3ccccc32)[C@@H](c2ccccc2)C=C2c3cc(OC)c(OC)cc3CCN21,ClCCl,431.0
8060,COc1cc2c(cc1OC)C1=C[C@H](c3ccc(C)cc3)C3(C(C#N)=C(C#N)N1CC2)c1cc(Br)ccc1-c1ccc(Br)cc13,ClCCl,405.0
8061,COc1cc2c(cc1OC)C1=C[C@H](c3ccc(C)cc3)C3(C(C#N)=C(C#N)N1CC2)c1cc(Cl)ccc1-c1ccc(Cl)cc13,ClCCl,402.0
8062,COc1cc2c(cc1OC)C1=C[C@H](c3ccc(C)cc3)C3(C(C#N)=C(C#N)N1CC2)c1ccccc1-c1ccccc13,ClCCl,403.0
8063,COc1cc2c(cc1OC)C1=C[C@H](c3ccc(Cl)cc3)C3(C(C#N)=C(C#N)N1CC2)c1cc(Br)ccc1-c1ccc(Br)cc13,ClCCl,420.0
8064,COc1cc2c(cc1OC)C1=C[C@H](c3ccc(Cl)cc3)C3(C(C#N)=C(C#N)N1CC2)c1cc(Cl)ccc1-c1ccc(Cl)cc13,ClCCl,406.0
8065,COc1cc2c(cc1OC)C1=C[C@H](c3ccc(Cl)cc3)C3(C(C#N)=C(C#N)N1CC2)c1ccccc1-c1ccccc13,ClCCl,405.0
4669,CCOC(=O)C1=C(C(=O)OC)N2CCc3cc(OC)c(OC)cc3C2=C[C@H](c2ccc(Cl)cc2)C12c1ccccc1-c1ccccc12,ClCCl,445.0
8066,COc1cc2c(cc1OC)C1=C[C@H](c3ccccc3)C3(C(C#N)=C(C#N)N1CC2)c1cc(Br)ccc1-c1ccc(Br)cc13,ClCCl,403.0
8067,COc1cc2c(cc1OC)C1=C[C@H](c3ccccc3)C3(C(C#N)=C(C#N)N1CC2)c1cc(Cl)ccc1-c1ccc(Cl)cc13,ClCCl,389.0
4672,CCOC(=O)C1=C(C(=O)OCC)C2(c3ccccc3-c3ccccc32)[C@@H](c2ccc(Cl)cc2)C=C2c3cc(OC)c(OC)cc3CCN21,ClCCl,445.0
4673,CCOC(=O)C1=C(C(=O)OCC)C2(c3ccccc3-c3ccccc32)[C@@H](c2ccc([N+](=O)[O-])cc2)C=C2c3cc(OC)c(OC)cc3CCN21,ClCCl,430.0
4674,CCOC(=O)C1=C(C(=O)OCC)C2(c3ccccc3-c3ccccc32)[C@@H](c2ccccc2)C=C2c3cc(OC)c(OC)cc3CCN21,ClCCl,430.0
8068,COc1cc2c(cc1OC)C1=C[C@H](c3ccccc3)C3(C(C#N)=C(C#N)N1CC2)c1ccccc1-c1ccccc13,ClCCl,410.0
15012,c1ccc(N(c2ccccc2)c2ccc(-c3ncc(-c4cnc(-c5ccc(N(c6ccccc6)c6ccccc6)cc5)s4)s3)cc2)cc1,CO,510.0
3506,CCCCCOc1cc2oc(=O)c3c4occc4c4ccc5cccc6c(c1)c2c3c4c56,C1CCOC1,433.0
11240,FC(F)(F)C(F)(F)C(F)(F)C1=NC2=C(Sc3ccccc3)C=C3c4cc(Sc5ccccc5)c5nc(C(F)(F)C(F)(F)C(F)(F)F)nc6c(Sc7ccccc7)cc(c4c56)=C4C=C(Sc5ccccc5)C(=N1)C2C34,C1CCOC1,606.0
906,CC(C)(C)c1cc2ccc3c(N(c4ccc(F)cc4)c4ccc(F)cc4)cc(N(c4ccc(F)cc4)c4ccc(F)cc4)c4ccc(c1)c2c34,ClCCl,465.0
907,CC(C)(C)c1cc2ccc3c(N(c4ccccc4)c4ccccc4)cc(N(c4ccccc4)c4ccccc4)c4ccc(c1)c2c34,ClCCl,467.0
1103,CC(C)(C)c1ccc(N(c2ccc(C(C)(C)C)cc2)c2cc(N(c3ccc(C(C)(C)C)cc3)c3ccc(C(C)(C)C)cc3)c3ccc4cc(C(C)(C)C)cc5ccc2c3c54)cc1,ClCCl,491.0
8900,COc1ccc(N(c2ccc(OC)cc2)c2cc(N(c3ccc(OC)cc3)c3ccc(OC)cc3)c3ccc4cc(C(C)(C)C)cc5ccc2c3c54)cc1,ClCCl,525.0
10630,Cc1ccc(N(c2ccc(C)cc2)c2cc(N(c3ccc(C)cc3)c3ccc(C)cc3)c3ccc4cc(C(C)(C)C)cc5ccc2c3c54)cc1,ClCCl,489.0
9924,Cc1cc(C)c(B(c2cc3c4c(c(B(c5c(C)cc(C)cc5C)c5c(C)cc(C)cc5C)cc5c4c2CCC5)CCC3)c2c(C)cc(C)cc2C)c(C)c1,C1CCOC1,464.5424837
9925,Cc1cc(C)c(B(c2cc3c4c(c(B(c5c(C)cc(C)cc5C)c5c(C)cc(C)cc5C)cc5c4c2CCC5)CCC3)c2c(C)cc(C)cc2C)c(C)c1,CC#N,465.9041394
9926,Cc1cc(C)c(B(c2cc3c4c(c(B(c5c(C)cc(C)cc5C)c5c(C)cc(C)cc5C)cc5c4c2CCC5)CCC3)c2c(C)cc(C)cc2C)c(C)c1,CCCCCC,456.0
14427,[O-]c1c(-c2nc3ccccc3s2)cc2ccc3cccc4ccc1c2c34,CC#N,553.72
14428,[O-]c1c(-c2nc3ccccc3s2)cc2ccc3cccc4ccc1c2c34,CS(C)=O,555.0
14755,c1ccc(-c2nc(-c3ccccc3)nc(-c3ccc(-n4c5ccccc5c5cc6c7ccccc7n7c8ccccc8c(c54)c67)cc3)n2)cc1,Cc1ccccc1,450.0
14756,c1ccc(-c2nc(-c3ccccc3)nc(-c3ccc(-n4c5ccccc5c5cc6c7ccccc7n7c8ccccc8c(c54)c67)cc3)n2)cc1,O=P(c1ccccc1)(c1ccccc1)c1ccc2oc3ccc(P(=O)(c4ccccc4)c4ccccc4)cc3c2c1,460.0
13756,O=S1(=O)c2ccc(-c3ccc(-n4c5ccccc5c5ccccc54)cc3)cc2C2(c3ccccc3-c3ccccc32)c2cc(-c3ccc(-n4c5ccccc5c5ccccc54)cc3)ccc21,CN(C)C=O,455.8013544
13757,O=S1(=O)c2ccc(-c3ccc(-n4c5ccccc5c5ccccc54)cc3)cc2C2(c3ccccc3-c3ccccc32)c2cc(-c3ccc(-n4c5ccccc5c5ccccc54)cc3)ccc21,ClCCl,432.0
13754,O=S1(=O)c2ccc(-c3ccc(-n4c5ccccc5c5ccccc54)cc3)cc2C2(c3ccccc3-c3ccccc32)c2cc(-c3ccc(-n4c5ccccc5c5ccccc54)cc3)ccc21,CC(C)=O,443.8826185
13755,O=S1(=O)c2ccc(-c3ccc(-n4c5ccccc5c5ccccc54)cc3)cc2C2(c3ccccc3-c3ccccc32)c2cc(-c3ccc(-n4c5ccccc5c5ccccc54)cc3)ccc21,CCCCCC,400.1805869
13890,O=c1c2cc(F)c(N3CCCCC3)cc2sc2cc(N3CCCCC3)c(F)cc12,CCO,487.0
15353,c1csc(-c2nc3ccccc3c3cc4ccccn4c23)c1,CS(C)=O,508.0
10945,Cc1cccn2c1cc1c3ccccc3nc(-c3cccs3)c12,CS(C)=O,514.0
11070,Clc1ccc(-c2nc3ccccc3c3cc4ccccn4c23)s1,CS(C)=O,523.5
1410,CC(C)[Si]1(C(C)C)c2cc(C=C(C#N)C#N)ccc2-c2ccc(N(C)C)cc21,C1CCCCC1,509.0
1411,CC(C)[Si]1(C(C)C)c2cc(C=C(C#N)C#N)ccc2-c2ccc(N(C)C)cc21,CC#N,694.0
1412,CC(C)[Si]1(C(C)C)c2cc(C=C(C#N)C#N)ccc2-c2ccc(N(C)C)cc21,CCO,691.0
1413,CC(C)[Si]1(C(C)C)c2cc(C=C(C#N)C#N)ccc2-c2ccc(N(C)C)cc21,CCOCC,584.0
1414,CC(C)[Si]1(C(C)C)c2cc(C=C(C#N)C#N)ccc2-c2ccc(N(C)C)cc21,CS(C)=O,714.0
1415,CC(C)[Si]1(C(C)C)c2cc(C=C(C#N)C#N)ccc2-c2ccc(N(C)C)cc21,ClCCl,644.0
1416,CC(C)[Si]1(C(C)C)c2cc(C=C(C#N)C#N)ccc2-c2ccc(N(C)C)cc21,c1ccccc1,566.0
1421,CC(C)[Si]1(C(C)C)c2cc(C=O)ccc2-c2ccc(N(C)C)cc21,C1CCCCC1,414.0
1422,CC(C)[Si]1(C(C)C)c2cc(C=O)ccc2-c2ccc(N(C)C)cc21,CC#N,528.0
1423,CC(C)[Si]1(C(C)C)c2cc(C=O)ccc2-c2ccc(N(C)C)cc21,CCO,565.0
1424,CC(C)[Si]1(C(C)C)c2cc(C=O)ccc2-c2ccc(N(C)C)cc21,CCOCC,449.0
1425,CC(C)[Si]1(C(C)C)c2cc(C=O)ccc2-c2ccc(N(C)C)cc21,CS(C)=O,541.0
1426,CC(C)[Si]1(C(C)C)c2cc(C=O)ccc2-c2ccc(N(C)C)cc21,ClCCl,501.0
1427,CC(C)[Si]1(C(C)C)c2cc(C=O)ccc2-c2ccc(N(C)C)cc21,c1ccccc1,450.0
1435,CC(C)[Si]1(C(C)C)c2cc(N(C)C)ccc2-c2ccc(C(F)(F)F)cc21,C1CCCCC1,402.0
1436,CC(C)[Si]1(C(C)C)c2cc(N(C)C)ccc2-c2ccc(C(F)(F)F)cc21,CC#N,440.0
1437,CC(C)[Si]1(C(C)C)c2cc(N(C)C)ccc2-c2ccc(C(F)(F)F)cc21,CCO,422.0
1438,CC(C)[Si]1(C(C)C)c2cc(N(C)C)ccc2-c2ccc(C(F)(F)F)cc21,CCOCC,410.0
1439,CC(C)[Si]1(C(C)C)c2cc(N(C)C)ccc2-c2ccc(C(F)(F)F)cc21,CS(C)=O,451.0
1440,CC(C)[Si]1(C(C)C)c2cc(N(C)C)ccc2-c2ccc(C(F)(F)F)cc21,ClCCl,423.0
1441,CC(C)[Si]1(C(C)C)c2cc(N(C)C)ccc2-c2ccc(C(F)(F)F)cc21,c1ccccc1,410.0
1442,CC(C)[Si]1(C(C)C)c2ccccc2-c2ccc(N(C)C)cc21,C1CCCCC1,397.0
1443,CC(C)[Si]1(C(C)C)c2ccccc2-c2ccc(N(C)C)cc21,CC#N,418.0
1444,CC(C)[Si]1(C(C)C)c2ccccc2-c2ccc(N(C)C)cc21,CCO,405.0
1445,CC(C)[Si]1(C(C)C)c2ccccc2-c2ccc(N(C)C)cc21,CCOCC,406.0
1446,CC(C)[Si]1(C(C)C)c2ccccc2-c2ccc(N(C)C)cc21,CS(C)=O,424.0
1447,CC(C)[Si]1(C(C)C)c2ccccc2-c2ccc(N(C)C)cc21,ClCCl,410.0
1448,CC(C)[Si]1(C(C)C)c2ccccc2-c2ccc(N(C)C)cc21,c1ccccc1,404.0
9643,C[Si]1(C)c2ccccc2-c2ccccc21,ClCCl,359.0
1396,CC(C)[Si]1(C(C)C)c2cc(C#N)ccc2-c2ccc(N(C)C)cc21,C1CCCCC1,410.0
1397,CC(C)[Si]1(C(C)C)c2cc(C#N)ccc2-c2ccc(N(C)C)cc21,CC#N,464.0
1398,CC(C)[Si]1(C(C)C)c2cc(C#N)ccc2-c2ccc(N(C)C)cc21,CCO,456.0
1399,CC(C)[Si]1(C(C)C)c2cc(C#N)ccc2-c2ccc(N(C)C)cc21,CCOCC,423.0
1400,CC(C)[Si]1(C(C)C)c2cc(C#N)ccc2-c2ccc(N(C)C)cc21,CS(C)=O,473.0
1401,CC(C)[Si]1(C(C)C)c2cc(C#N)ccc2-c2ccc(N(C)C)cc21,ClCCl,442.0
1402,CC(C)[Si]1(C(C)C)c2cc(C#N)ccc2-c2ccc(N(C)C)cc21,c1ccccc1,422.0
5528,CN(C)c1c2ccccc2cc2ccccc12,C1CCCCC1,391.0
5529,CN(C)c1c2ccccc2cc2ccccc12,C1CCOC1,392.0
5530,CN(C)c1c2ccccc2cc2ccccc12,C1COCCO1,392.0
5531,CN(C)c1c2ccccc2cc2ccccc12,CC#N,390.0
5532,CN(C)c1c2ccccc2cc2ccccc12,CCO,389.0
5533,CN(C)c1c2ccccc2cc2ccccc12,CN(C)C=O,392.0
5534,CN(C)c1c2ccccc2cc2ccccc12,CO,389.0
5535,CN(C)c1c2ccccc2cc2ccccc12,COCCOC,392.0
5536,CN(C)c1c2ccccc2cc2ccccc12,CS(C)=O,395.0
5537,CN(C)c1c2ccccc2cc2ccccc12,O,390.0
5538,CN(C)c1c2ccccc2cc2ccccc12,OCC(O)CO,393.0
5539,CN(C)c1c2ccccc2cc2ccccc12,OCCO,392.0
12851,O=C([O-])c1c2ccccc2c(C(=O)[O-])c2ccccc12,CN(C)C=O,410.0
15291,c1ccc2cc3ccccc3cc2c1,C1CCOC1,397.0
15292,c1ccc2cc3ccccc3cc2c1,CO,400.0
12856,O=C([O-])c1ccc(C(=O)[O-])c2cc3ccccc3cc12,CN(C)C=O,430.0
12859,O=C([O-])c1ccc2cc3cc(C(=O)[O-])ccc3cc2c1,CN(C)C=O,400.0
12607,Nc1ccc2cc3ccccc3cc2c1,C1CCCCC1,488.997555
12626,Nc1cccc2cc3ccccc3cc12,C1CCCCC1,487.0920604
9558,C[NH+](C)c1c2ccccc2cc2ccccc12,O,400.0
1361,CC(C)[Si](C#Cc1c2ccc(C(C)(C)C)cc2c(C#C[Si](C(C)C)(C(C)C)C(C)C)c2ccc(C(C)(C)C)cc12)(C(C)C)C(C)C,Cc1ccccc1,461.0
12779,O=C(O)c1c2ccccc2c(C(=O)O)c2ccccc12,C1CCOC1,451.0
12780,O=C(O)c1c2ccccc2c(C(=O)O)c2ccccc12,CN(C)C=O,451.0
9580,C[Si](C)(C)[Si](C)(C)c1ccc2cc3ccccc3cc2c1,C1CCCCC1,411.0
9581,C[Si](C)(C)[Si](C)(C)c1ccc2cc3ccccc3cc2c1,CC#N,412.0
12816,O=C(O)c1ccc2cc3cc(C(=O)O)ccc3cc2c1,CN(C)C=O,423.0
12815,O=C(O)c1ccc2cc3cc(C(=O)O)ccc3cc2c1,C1CCOC1,419.0
12806,O=C(O)c1ccc(C(=O)O)c2cc3ccccc3cc12,C1CCOC1,498.0
12807,O=C(O)c1ccc(C(=O)O)c2cc3ccccc3cc12,CN(C)C=O,522.0
5502,CN(C)CCNCc1c2ccccc2cc2ccccc12,C1CCCCC1,388.0
5503,CN(C)CCNCc1c2ccccc2cc2ccccc12,C1CCOC1,413.0
5504,CN(C)CCNCc1c2ccccc2cc2ccccc12,CC#N,389.0
5505,CN(C)CCNCc1c2ccccc2cc2ccccc12,CC(C)=O,387.0
5506,CN(C)CCNCc1c2ccccc2cc2ccccc12,CCO,410.0
5507,CN(C)CCNCc1c2ccccc2cc2ccccc12,CN(C)C=O,414.0
5508,CN(C)CCNCc1c2ccccc2cc2ccccc12,CO,388.0
5509,CN(C)CCNCc1c2ccccc2cc2ccccc12,ClC(Cl)Cl,417.0
5263,CCn1c(-c2ccc(OC)cc2)c(-c2ccc3ccccc3c2)c(-c2ccc3ccccc3c2)c1-c1ccc(OC)cc1,CCOC(C)=O,404.0
7741,COc1cc(/C=C/C2=[O+][B-](F)(F)OC(/C=C/c3ccc(OS(=O)(=O)c4ccc(C)cc4)c(OC)c3)=C2)ccc1O,ClCCl,562.0
3675,CCCCNc1nc(/C=C/c2ccccc2)[n+]([O-])c2c1CCCC2,ClCCl,520.0
121,C(#Cc1cccc2ccccc12)c1ncc(-c2ccccc2)o1,ClCCl,400.0
2204,CC1=[N+]2C(=C(Oc3ccccc3)c3ccc(C)n3[B-]2(F)F)C=C1c1cc2n(c1)[B-](F)(F)[N+]1=CC=CC1=C2c1c(C)cc(C)cc1C,C1CCCCC1,630.0
2205,CC1=[N+]2C(=C(Oc3ccccc3)c3ccc(C)n3[B-]2(F)F)C=C1c1cc2n(c1)[B-](F)(F)[N+]1=CC=CC1=C2c1c(C)cc(C)cc1C,CCOC(C)=O,665.0
7747,COc1cc(/C=C/c2cc[n+](Cc3ccc(Br)cc3)cc2)ccc1O,CC#N,557.0
7748,COc1cc(/C=C/c2cc[n+](Cc3ccc(Br)cc3)cc2)ccc1O,CC(C)=O,562.0
7749,COc1cc(/C=C/c2cc[n+](Cc3ccc(Br)cc3)cc2)ccc1O,CC(C)O,559.0
7750,COc1cc(/C=C/c2cc[n+](Cc3ccc(Br)cc3)cc2)ccc1O,CCCCCO,554.0
7751,COc1cc(/C=C/c2cc[n+](Cc3ccc(Br)cc3)cc2)ccc1O,CCCCO,558.0
7752,COc1cc(/C=C/c2cc[n+](Cc3ccc(Br)cc3)cc2)ccc1O,CCO,564.0
7753,COc1cc(/C=C/c2cc[n+](Cc3ccc(Br)cc3)cc2)ccc1O,CN(C)P(=O)(N(C)C)N(C)C,567.0
7754,COc1cc(/C=C/c2cc[n+](Cc3ccc(Br)cc3)cc2)ccc1O,CO,566.0
9807,Cc1cc(-c2nnc(-c3c(C(C)C)cc(C(C)C)cc3C(C)C)o2)ccc1-n1c2ccccc2c2ccccc21,Cc1ccccc1,375.0
9808,Cc1cc(-c2nnc(-c3ccccc3)o2)ccc1-n1c2ccccc2c2ccccc21,CCO,445.0
9809,Cc1cc(-c2nnc(-c3ccccc3)o2)ccc1-n1c2ccccc2c2ccccc21,Cc1ccccc1,382.0
11546,Fc1c(F)c(-n2c3ccccc3c3ccccc32)c(F)c(F)c1-c1nnc(-c2ccccc2)o1,Cc1ccccc1,444.0
1449,CC(C)c1cc(C(C)C)c(-c2nnc(-c3ccc(-n4c5ccccc5c5ccccc54)cc3)o2)c(C(C)C)c1,CCO,435.0
1450,CC(C)c1cc(C(C)C)c(-c2nnc(-c3ccc(-n4c5ccccc5c5ccccc54)cc3)o2)c(C(C)C)c1,Cc1ccccc1,377.0
14850,c1ccc(-c2nnc(-c3ccc(-n4c5ccccc5c5ccccc54)cc3)o2)cc1,CCO,440.0
14851,c1ccc(-c2nnc(-c3ccc(-n4c5ccccc5c5ccccc54)cc3)o2)cc1,Cc1ccccc1,387.0
9150,COc1ccc2c3ccc(OC)cc3n(-c3ccc(-c4nnc(-c5c(C(C)C)cc(C(C)C)cc5C(C)C)o4)cc3)c2c1,Cc1ccccc1,437.0
9151,COc1ccc2c3ccc(OC)cc3n(-c3ccc(-c4nnc(-c5c(C)cc(C)cc5C)o4)cc3C)c2c1,Cc1ccccc1,436.0
9889,Cc1cc(C)c(-c2nnc(-c3ccc(-n4c5ccccc5c5ccccc54)c(C)c3)o2)c(C)c1,CCO,440.0
9890,Cc1cc(C)c(-c2nnc(-c3ccc(-n4c5ccccc5c5ccccc54)c(C)c3)o2)c(C)c1,Cc1ccccc1,377.0
9891,Cc1cc(C)c(-c2nnc(-c3ccc(-n4c5ccccc5c5ccccc54)cc3)o2)c(C)c1,CCO,435.0
9892,Cc1cc(C)c(-c2nnc(-c3ccc(-n4c5ccccc5c5ccccc54)cc3)o2)c(C)c1,Cc1ccccc1,379.0
886,CC(C)(C)c1cc(C(C)(C)C)c(-c2nnc(-c3ccc(-n4c5ccccc5c5ccccc54)cc3)o2)c(C(C)(C)C)c1,CCO,432.0
887,CC(C)(C)c1cc(C(C)(C)C)c(-c2nnc(-c3ccc(-n4c5ccccc5c5ccccc54)cc3)o2)c(C(C)(C)C)c1,Cc1ccccc1,376.0
9806,Cc1cc(-c2nnc(-c3c(C(C)C)cc(C(C)C)cc3C(C)C)o2)ccc1-n1c2ccccc2c2ccccc21,CCO,440.0
15180,c1ccc2c(c1)Cc1ccccc1N2c1c2ccccc2cc2ccccc12,Cc1ccccc1,535.0
15050,c1ccc(N2c3ccccc3B3c4ccccc4N(c4ccccc4)c4cccc2c43)cc1,CCO,458.0
15051,c1ccc(N2c3ccccc3B3c4ccccc4N(c4ccccc4)c4cccc2c43)cc1,ClCCl,462.0
15052,c1ccc(N2c3ccccc3B3c4ccccc4N(c4ccccc4)c4cccc2c43)cc1,c1cc(-c2cccc(-n3c4ccccc4c4ccccc43)c2)cc(-n2c3ccccc3c3ccccc32)c1,460.0
831,CC(C)(C)NC(=O)c1cc2ccccc2c2ccc3c4ccccc4c4ccccc4c3c12,ClCCl,419.0
4340,CCN(CC)c1ccc2cc(/C=C/C(O)=C3\CC/C(=C\c4cc5ccc(N(CC)CC)cc5oc4=O)C3=O)c(=O)oc2c1,C1COCCO1,581.0
4341,CCN(CC)c1ccc2cc(/C=C/C(O)=C3\CC/C(=C\c4cc5ccc(N(CC)CC)cc5oc4=O)C3=O)c(=O)oc2c1,CC#N,637.0
4342,CCN(CC)c1ccc2cc(/C=C/C(O)=C3\CC/C(=C\c4cc5ccc(N(CC)CC)cc5oc4=O)C3=O)c(=O)oc2c1,CC(C)=O,613.0
4343,CCN(CC)c1ccc2cc(/C=C/C(O)=C3\CC/C(=C\c4cc5ccc(N(CC)CC)cc5oc4=O)C3=O)c(=O)oc2c1,CCOC(C)=O,589.0
4344,CCN(CC)c1ccc2cc(/C=C/C(O)=C3\CC/C(=C\c4cc5ccc(N(CC)CC)cc5oc4=O)C3=O)c(=O)oc2c1,CN(C)C=O,638.0
4345,CCN(CC)c1ccc2cc(/C=C/C(O)=C3\CC/C(=C\c4cc5ccc(N(CC)CC)cc5oc4=O)C3=O)c(=O)oc2c1,CS(C)=O,639.0
4346,CCN(CC)c1ccc2cc(/C=C/C(O)=C3\CC/C(=C\c4cc5ccc(N(CC)CC)cc5oc4=O)C3=O)c(=O)oc2c1,Cc1ccccc1,570.0
4347,CCN(CC)c1ccc2cc(/C=C/C(O)=C3\CC/C(=C\c4cc5ccc(N(CC)CC)cc5oc4=O)C3=O)c(=O)oc2c1,ClC(Cl)Cl,605.0
12131,N#Cc1ccc(-n2c(-c3ccc(-c4ccc(-c5nc6c7ccccc7c7ccccc7c6n5-c5ccc(C#N)c6ccccc56)c5ccccc45)c4ccccc34)nc3c4ccccc4c4ccccc4c32)c2ccccc12,ClCCl,425.0
15121,c1ccc2c(-n3c(-c4ccc(-c5ccc(-c6nc7c8ccccc8c8ccccc8c7n6-c6cccc7ccccc67)c6ccccc56)c5ccccc45)nc4c5ccccc5c5ccccc5c43)cccc2c1,ClCCl,428.0
14732,c1ccc(-c2nc(-c3ccccc3)nc(-c3ccc(-n4c5ccc(-n6c7ccccc7c7ccccc76)cc5c5cc(-n6c7ccccc7c7ccccc76)ccc54)cc3)n2)cc1,Cc1ccccc1,458.0
8166,COc1ccc(-c2cc(-c3ccccc3)c3n2[B-](F)(F)[N+]2=C4C=NC=CN4[B-](F)(F)[N+]2=C3)cc1,ClCCl,565.0
11295,F[B-]1(F)N2C=CN=CC2=[N+]2[N+]1=Cc1c(-c3ccccc3)cc(-c3ccccc3)n1[B-]2(F)F,ClCCl,560.0
15036,c1ccc(N2N=C(c3c4ccccc4cc4ccccc34)CC2c2ccc3ccc4cccc5ccc2c3c45)cc1,ClCCl,509.0
165,C(=C(c1ccccc1)c1ccccc1)c1ccc(-c2cc(-c3ccc(C=C(c4ccccc4)c4ccccc4)cc3)c(-c3ccc(C=C(c4ccccc4)c4ccccc4)cc3)cc2-c2ccc(C=C(c3ccccc3)c3ccccc3)cc2)cc1,C1CCOC1,440.0
9501,CSc1nc(-c2ccc(-n3c4ccccc4c4ccccc43)cc2)cc(-c2ccc(-n3c4ccccc4c4ccccc43)cc2)n1,C1CCOC1,447.0
9502,CSc1nc(-c2ccc(-n3c4ccccc4c4ccccc43)cc2)cc(-c2ccc(-n3c4ccccc4c4ccccc43)cc2)n1,CN(C)C=O,497.0
9503,CSc1nc(-c2ccc(-n3c4ccccc4c4ccccc43)cc2)cc(-c2ccc(-n3c4ccccc4c4ccccc43)cc2)n1,Cc1ccccc1,410.0
9504,CSc1nc(-c2ccc(-n3c4ccccc4c4ccccc43)cc2)cc(-c2ccc(-n3c4ccccc4c4ccccc43)cc2)n1,ClC(Cl)Cl,446.0
10978,Cc1nc(-c2ccc(-n3c4ccccc4c4ccccc43)cc2)cc(-c2ccc(-n3c4ccccc4c4ccccc43)cc2)n1,C1CCOC1,423.0
10979,Cc1nc(-c2ccc(-n3c4ccccc4c4ccccc43)cc2)cc(-c2ccc(-n3c4ccccc4c4ccccc43)cc2)n1,CN(C)C=O,479.0
10980,Cc1nc(-c2ccc(-n3c4ccccc4c4ccccc43)cc2)cc(-c2ccc(-n3c4ccccc4c4ccccc43)cc2)n1,Cc1ccccc1,402.0
10981,Cc1nc(-c2ccc(-n3c4ccccc4c4ccccc43)cc2)cc(-c2ccc(-n3c4ccccc4c4ccccc43)cc2)n1,ClC(Cl)Cl,438.0
11665,N#C/C(=C\c1ccc(/C=C/c2ccc(N(c3ccccc3)c3ccccc3)cc2)s1)C(=O)O,ClCCl,676.0
866,CC(C)(C)OC(=O)NC(C(=O)OCc1ccc2c3cccc4cccc(c5cccc1c52)c43)c1c[nH]c2ccccc12,CCO,447.0
143,C(#Cc1nccnc1C#Cc1ccccc1)c1ccccc1,CC#N,380.0
3577,CCCCN(CCCC)c1ccc2nc3c4ccccc4c(=O)c(-c4cccc5ccccc45)c-3oc2c1,ClCCl,620.0
482,C1=C2c3cc4ccccc4cc3C3=[N+]2[B-]2(Oc4ccccc43)Oc3ccccc3-c3c4cc5ccccc5cc4c1n32,C1CCOC1,832.0
9053,COc1ccc2c(c1)CCc1c-2nc(N)c(C#N)c1-c1ccc(Br)cc1,C1CCOC1,403.0
9054,COc1ccc2c(c1)CCc1c-2nc(N)c(C#N)c1-c1ccc(Br)cc1,C1COCCO1,412.0
9055,COc1ccc2c(c1)CCc1c-2nc(N)c(C#N)c1-c1ccc(Br)cc1,CC#N,408.0
9056,COc1ccc2c(c1)CCc1c-2nc(N)c(C#N)c1-c1ccc(Br)cc1,CCCCCC,392.0
9057,COc1ccc2c(c1)CCc1c-2nc(N)c(C#N)c1-c1ccc(Br)cc1,CCO,419.0
9058,COc1ccc2c(c1)CCc1c-2nc(N)c(C#N)c1-c1ccc(Br)cc1,CN(C)C=O,423.0
9059,COc1ccc2c(c1)CCc1c-2nc(N)c(C#N)c1-c1ccc(Br)cc1,CO,418.0
9060,COc1ccc2c(c1)CCc1c-2nc(N)c(C#N)c1-c1ccc(Br)cc1,CS(C)=O,427.0
9061,COc1ccc2c(c1)CCc1c-2nc(N)c(C#N)c1-c1ccc(Br)cc1,ClC(Cl)Cl,415.0
9062,COc1ccc2c(c1)CCc1c-2nc(N)c(C#N)c1-c1ccc(Br)cc1,ClCCl,411.0
12671,O=C(/C=C/c1ccc(O)c(O)c1)O[C@H](Cc1ccc(O)c(O)c1)C(=O)O,C1CCOC1,397.0
12672,O=C(/C=C/c1ccc(O)c(O)c1)O[C@H](Cc1ccc(O)c(O)c1)C(=O)O,CC#N,413.0
12673,O=C(/C=C/c1ccc(O)c(O)c1)O[C@H](Cc1ccc(O)c(O)c1)C(=O)O,CCCC#N,406.0
12674,O=C(/C=C/c1ccc(O)c(O)c1)O[C@H](Cc1ccc(O)c(O)c1)C(=O)O,CCO,417.0
12675,O=C(/C=C/c1ccc(O)c(O)c1)O[C@H](Cc1ccc(O)c(O)c1)C(=O)O,CN(C)C=O,420.0
12676,O=C(/C=C/c1ccc(O)c(O)c1)O[C@H](Cc1ccc(O)c(O)c1)C(=O)O,CO,432.0
12677,O=C(/C=C/c1ccc(O)c(O)c1)O[C@H](Cc1ccc(O)c(O)c1)C(=O)O,CS(C)=O,432.0
12678,O=C(/C=C/c1ccc(O)c(O)c1)O[C@H](Cc1ccc(O)c(O)c1)C(=O)O,ClCCl,396.0
12679,O=C(/C=C/c1ccc(O)c(O)c1)O[C@H](Cc1ccc(O)c(O)c1)C(=O)O,O,444.0
5053,CC[N+](CC)=c1ccc2c(C(F)(F)F)c3oc4cc(N)ccc4c3oc-2c1,CCO,706.0
5054,CC[N+](CC)=c1ccc2c(C(F)(F)F)c3oc4cc(N)ccc4c3oc-2c1,ClCCl,695.0
5055,CC[N+](CC)=c1ccc2c(C(F)(F)F)c3oc4cc(N)ccc4c3oc-2c1,O,707.0
5061,CC[N+](CC)=c1ccc2cc3oc4cc(N)ccc4c3oc-2c1,CCO,629.0
5062,CC[N+](CC)=c1ccc2cc3oc4cc(N)ccc4c3oc-2c1,ClCCl,623.0
5063,CC[N+](CC)=c1ccc2cc3oc4cc(N)ccc4c3oc-2c1,O,627.0
476,C1=C(c2ccccc2)C=C(c2ccccc2)/C1=C/c1ccccc1,C1CCOC1,500.0
11279,FC(F)(F)c1ccc(/C=C2\C=C(c3ccccc3)C=C2c2ccccc2)cc1,C1CCOC1,516.0
3990,CCN(CC)c1ccc(-c2nc(Oc3ccc(-c4nc5cc([N+](=O)[O-])ccc5[nH]4)cc3)nc(Oc3ccc(-c4nc5cc([N+](=O)[O-])ccc5[nH]4)cc3)n2)cc1,CN(C)C=O,429.0
6225,CN(C)c1ccc(C#Cc2ccc(C#N)cc2)cc1,C1CCCCC1,382.9950211
6226,CN(C)c1ccc(C#Cc2ccc(C#N)cc2)cc1,C1CCOC1,504.999495
6227,CN(C)c1ccc(C#Cc2ccc(C#N)cc2)cc1,C1COCCO1,446.0104366
6228,CN(C)c1ccc(C#Cc2ccc(C#N)cc2)cc1,CC#N,571.0043967
6229,CN(C)c1ccc(C#Cc2ccc(C#N)cc2)cc1,CC(C)=O,543.0060817
6230,CN(C)c1ccc(C#Cc2ccc(C#N)cc2)cc1,CC(C)CC(C)(C)C,379.99696
6231,CN(C)c1ccc(C#Cc2ccc(C#N)cc2)cc1,CC(C)O,509.99592
6232,CN(C)c1ccc(C#Cc2ccc(C#N)cc2)cc1,CC1CCCO1,468.0114195
6233,CN(C)c1ccc(C#Cc2ccc(C#N)cc2)cc1,CCCCCCCCCCCCCCCC,385.000385
6234,CN(C)c1ccc(C#Cc2ccc(C#N)cc2)cc1,CCCCCCCCCCCCCCCCCl,423.6031686
6235,CN(C)c1ccc(C#Cc2ccc(C#N)cc2)cc1,CCOC(C)=O,481.9973972
6236,CN(C)c1ccc(C#Cc2ccc(C#N)cc2)cc1,CCOCC,453.0011325
6237,CN(C)c1ccc(C#Cc2ccc(C#N)cc2)cc1,CN(C)C=O,565.9950192
6238,CN(C)c1ccc(C#Cc2ccc(C#N)cc2)cc1,CO,547.0160276
6239,CN(C)c1ccc(C#Cc2ccc(C#N)cc2)cc1,CS(C)=O,573.0002292
6240,CN(C)c1ccc(C#Cc2ccc(C#N)cc2)cc1,Cc1ccccc1,427.0037149
6241,CN(C)c1ccc(C#Cc2ccc(C=O)cc2)cc1,C1CCCCC1,462.4919064
6242,CN(C)c1ccc(C#Cc2ccc(C=O)cc2)cc1,C1CCOC1,534.0168749
6243,CN(C)c1ccc(C#Cc2ccc(C=O)cc2)cc1,C1COCCO1,502.9928072
6244,CN(C)c1ccc(C#Cc2ccc(C=O)cc2)cc1,CC#N,576.0368664
6245,CN(C)c1ccc(C#Cc2ccc(C=O)cc2)cc1,CC(C)=O,401.493556
6246,CN(C)c1ccc(C#Cc2ccc(C=O)cc2)cc1,CC(C)CC(C)(C)C,396.5107058
6247,CN(C)c1ccc(C#Cc2ccc(C=O)cc2)cc1,CC(C)O,493.9979252
6248,CN(C)c1ccc(C#Cc2ccc(C=O)cc2)cc1,CC1CCCO1,517.4912026
6249,CN(C)c1ccc(C#Cc2ccc(C=O)cc2)cc1,CCCCCCCCCCCCCCCC,397.9941097
6250,CN(C)c1ccc(C#Cc2ccc(C=O)cc2)cc1,CCCCCCCCCCCCCCCCCl,402.4954719
6251,CN(C)c1ccc(C#Cc2ccc(C=O)cc2)cc1,CCOC(C)=O,502.9928072
6252,CN(C)c1ccc(C#Cc2ccc(C=O)cc2)cc1,CCOCC,503.0181087
6253,CN(C)c1ccc(C#Cc2ccc(C=O)cc2)cc1,CN(C)C=O,571.0043967
6254,CN(C)c1ccc(C#Cc2ccc(C=O)cc2)cc1,CO,493.169601
6255,CN(C)c1ccc(C#Cc2ccc(C=O)cc2)cc1,CS(C)=O,578.5028347
6256,CN(C)c1ccc(C#Cc2ccc(C=O)cc2)cc1,Cc1ccccc1,463.4994206
6279,CN(C)c1ccc(C#Cc2ccccc2)cc1,C1CCCCC1,344.9941351
6280,CN(C)c1ccc(C#Cc2ccccc2)cc1,C1CCOC1,385.9960628
6281,CN(C)c1ccc(C#Cc2ccccc2)cc1,C1COCCO1,372.4949713
6282,CN(C)c1ccc(C#Cc2ccccc2)cc1,CC#N,415.5067104
6283,CN(C)c1ccc(C#Cc2ccccc2)cc1,CC(C)=O,410.4921801
129,C(#Cc1ccccc1)c1ccccc1,CO,307.0
130,C(#Cc1ccccc1)c1ccccc1,ClC(Cl)Cl,320.0
131,C(#Cc1ccccc1)c1ccccc1,ClCCl,302.0
6284,CN(C)c1ccc(C#Cc2ccccc2)cc1,CC(C)CC(C)(C)C,342.9943406
6285,CN(C)c1ccc(C#Cc2ccccc2)cc1,CC(C)O,365.0034675
6286,CN(C)c1ccc(C#Cc2ccccc2)cc1,CC1CCCO1,377.5009438
6287,CN(C)c1ccc(C#Cc2ccccc2)cc1,CCCCCCCCCCCCCCCC,346.981263
6288,CN(C)c1ccc(C#Cc2ccccc2)cc1,CCCCCCCCCCCCCCCCCl,360.4902668
6289,CN(C)c1ccc(C#Cc2ccccc2)cc1,CCOC(C)=O,382.49694
6290,CN(C)c1ccc(C#Cc2ccccc2)cc1,CCOCC,368.5005712
6291,CN(C)c1ccc(C#Cc2ccccc2)cc1,CN(C)C=O,418.4975936
6292,CN(C)c1ccc(C#Cc2ccccc2)cc1,CO,371.9961312
6293,CN(C)c1ccc(C#Cc2ccccc2)cc1,CS(C)=O,423.4955321
6294,CN(C)c1ccc(C#Cc2ccccc2)cc1,Cc1ccccc1,366.0054169
9393,COc1ccccc1C#Cc1ccccc1OC,ClCCl,348.0
7361,COC(=O)c1ccc(C#Cc2ccc(N(C)C)cc2)cc1,C1CCCCC1,426.0032376
7362,COC(=O)c1ccc(C#Cc2ccc(N(C)C)cc2)cc1,C1CCOC1,481.9973972
7363,COC(=O)c1ccc(C#Cc2ccc(N(C)C)cc2)cc1,C1COCCO1,450.0045
7364,COC(=O)c1ccc(C#Cc2ccc(N(C)C)cc2)cc1,CC#N,544.010445
7365,COC(=O)c1ccc(C#Cc2ccc(N(C)C)cc2)cc1,CC(C)=O,426.9854825
7366,COC(=O)c1ccc(C#Cc2ccc(N(C)C)cc2)cc1,CC(C)CC(C)(C)C,377.5009438
7367,COC(=O)c1ccc(C#Cc2ccc(N(C)C)cc2)cc1,CC(C)O,441.5011038
7368,COC(=O)c1ccc(C#Cc2ccc(N(C)C)cc2)cc1,CC1CCCO1,464.5113341
7369,COC(=O)c1ccc(C#Cc2ccc(N(C)C)cc2)cc1,CCCCCCCCCCCCCCCC,370.00037
7370,COC(=O)c1ccc(C#Cc2ccc(N(C)C)cc2)cc1,CCCCCCCCCCCCCCCCCl,382.49694
7371,COC(=O)c1ccc(C#Cc2ccc(N(C)C)cc2)cc1,CCOC(C)=O,470.4996707
7372,COC(=O)c1ccc(C#Cc2ccc(N(C)C)cc2)cc1,CCOCC,458.5052728
7373,COC(=O)c1ccc(C#Cc2ccc(N(C)C)cc2)cc1,CN(C)C=O,523.9991616
7374,COC(=O)c1ccc(C#Cc2ccc(N(C)C)cc2)cc1,CO,465.0081376
7375,COC(=O)c1ccc(C#Cc2ccc(N(C)C)cc2)cc1,CS(C)=O,548.4861781
7376,COC(=O)c1ccc(C#Cc2ccc(N(C)C)cc2)cc1,Cc1ccccc1,380.9959233
7377,COC(=O)c1ccc(C#Cc2ccccc2)cc1,C1CCCCC1,321.2025825
7378,COC(=O)c1ccc(C#Cc2ccccc2)cc1,CC#N,353.7944454
7379,COC(=O)c1ccc(C#Cc2ccccc2)cc1,CC(C)O,353.1572256
7380,COC(=O)c1ccc(C#Cc2ccccc2)cc1,CCCCCC,318.9996172
7381,COC(=O)c1ccc(C#Cc2ccccc2)cc1,CCCCCCCCCCCCCCCC,322.2999323
7382,COC(=O)c1ccc(C#Cc2ccccc2)cc1,CCCCCCCCCCCCCCCCCl,327.0004251
7383,COC(=O)c1ccc(C#Cc2ccccc2)cc1,CO,363.5966985
3320,CCCCCCN(CCCCCC)c1ccc(C#Cc2c(F)c(F)c(F)c(F)c2F)cc1,CO,464.0
3321,CCCCCCN(CCCCCC)c1ccc(C#Cc2c(F)c(F)c(F)c(F)c2F)cc1,ClCCl,502.0
3324,CCCCCCN(CCCCCC)c1ccc(C#Cc2ccc(C#N)cc2)cc1,CC#N,530.0
3325,CCCCCCN(CCCCCC)c1ccc(C#Cc2ccc(C#N)cc2)cc1,CO,514.0
3326,CCCCCCN(CCCCCC)c1ccc(C#Cc2ccc(C#N)cc2)cc1,ClCCl,484.0
3327,CCCCCCN(CCCCCC)c1ccc(C#Cc2ccc(C(F)(F)F)cc2)cc1,CO,456.0
3328,CCCCCCN(CCCCCC)c1ccc(C#Cc2ccc(C(F)(F)F)cc2)cc1,ClCCl,440.0
3329,CCCCCCN(CCCCCC)c1ccc(C#Cc2ccc(N(CCCCCC)CCCCCC)cc2)cc1,CO,446.0
3330,CCCCCCN(CCCCCC)c1ccc(C#Cc2ccc([N+](=O)[O-])cc2)cc1,CO,630.0
3331,CCCCCCN(CCCCCC)c1ccc(C#Cc2ccc([N+](=O)[O-])cc2)cc1,ClCCl,618.0
7426,COC(=O)c1ccccc1C#Cc1ccccc1NC(C)=O,CC#N,422.0
7427,COC(=O)c1ccccc1C#Cc1ccccc1NC(C)=O,ClCCl,419.0
12181,N#Cc1ccc(C#Cc2ccccc2C#N)cc1,ClC(Cl)Cl,332.0
8669,COc1ccc(C#Cc2ccc(C#N)cc2)cc1,C1COCCO1,369.0
8670,COc1ccc(C#Cc2ccc(C#N)cc2)cc1,CC#N,411.0
8671,COc1ccc(C#Cc2ccc(C#N)cc2)cc1,CCCCCC,336.0
8672,COc1ccc(C#Cc2ccc(C#N)cc2)cc1,CCCCCCC,337.0
8673,COc1ccc(C#Cc2ccc(C#N)cc2)cc1,CCCO,395.0
8674,COc1ccc(C#Cc2ccc(C#N)cc2)cc1,CCOC(C)=O,377.0
8675,COc1ccc(C#Cc2ccc(C#N)cc2)cc1,CS(C)=O,418.0
8676,COc1ccc(C#Cc2ccc(C#N)cc2)cc1,ClC(Cl)Cl,374.0
8677,COc1ccc(C#Cc2ccc(C#N)cc2)cc1,ClCCl,386.0
8678,COc1ccc(C#Cc2ccc(C#N)cc2)cc1OC,C1COCCO1,400.0
8679,COc1ccc(C#Cc2ccc(C#N)cc2)cc1OC,CC#N,451.0
8680,COc1ccc(C#Cc2ccc(C#N)cc2)cc1OC,CCCCCC,346.0
8681,COc1ccc(C#Cc2ccc(C#N)cc2)cc1OC,CCCCCCC,347.0
8682,COc1ccc(C#Cc2ccc(C#N)cc2)cc1OC,CCCO,425.0
8683,COc1ccc(C#Cc2ccc(C#N)cc2)cc1OC,CCOC(C)=O,408.0
8684,COc1ccc(C#Cc2ccc(C#N)cc2)cc1OC,CS(C)=O,462.0
8685,COc1ccc(C#Cc2ccc(C#N)cc2)cc1OC,ClC(Cl)Cl,404.0
8686,COc1ccc(C#Cc2ccc(C#N)cc2)cc1OC,ClCCl,417.0
13340,O=C1c2ccccc2C(=O)c2c(NCCNc3nc(Cl)nc(Cl)n3)cccc21,ClCCl,588.0
8058,COc1cc2c(cc1OC)C1=C3C(=O)N4C=Cc5cc(OC)c(OC)cc5C4=C3C(=O)N1C=C2,CN(C)C=O,602.0
3140,CCCCCCCCCCCCOc1cc2c(cc1OCCCCCCCCCCCC)C1=C3C(=O)N4C=Cc5cc(OCCCCCCCCCCCC)c(OCCCCCCCCCCCC)cc5C4=C3C(=O)N1C=C2,CN(C)C=O,602.0
3141,CCCCCCCCCCCCOc1cc2c(cc1OCCCCCCCCCCCC)C1=C3C(=O)N4C=Cc5cc(OCCCCCCCCCCCC)c(OCCCCCCCCCCCC)cc5C4=C3C(=O)N1C=C2,ClC(Cl)Cl,597.0
8059,COc1cc2c(cc1OC)C1=C3C(=O)N4C=Cc5cc(OC)c(OC)cc5C4=C3C(=O)N1C=C2,ClC(Cl)Cl,597.0
15117,c1ccc2c(-c3ccncc3)c3c(nc2c1)-c1cc2c(cc1CC3)-c1nc3ccccc3c(-c3ccncc3)c1CC2,ClC(Cl)Cl,389.0
216,C(=C/c1ccc(-c2nnc(-c3ccc(/C=C/c4ccc(-c5nc(-c6ccccc6)c(-c6ccccc6)[nH]5)cc4)cc3)o2)cc1)\c1ccc(-c2nc(-c3ccccc3)c(-c3ccccc3)[nH]2)cc1,C1CCOC1,492.0
217,C(=C/c1ccc(-c2nnc(-c3ccc(/C=C/c4ccc(-c5nc(-c6ccccc6)c(-c6ccccc6)[nH]5)cc4)cc3)o2)cc1)\c1ccc(-c2nc(-c3ccccc3)c(-c3ccccc3)[nH]2)cc1,CC#N,525.0
218,C(=C/c1ccc(-c2nnc(-c3ccc(/C=C/c4ccc(-c5nc(-c6ccccc6)c(-c6ccccc6)[nH]5)cc4)cc3)o2)cc1)\c1ccc(-c2nc(-c3ccccc3)c(-c3ccccc3)[nH]2)cc1,CN(C)C=O,524.0
219,C(=C/c1ccc(-c2nnc(-c3ccc(/C=C/c4ccc(-c5nc(-c6ccccc6)c(-c6ccccc6)[nH]5)cc4)cc3)o2)cc1)\c1ccc(-c2nc(-c3ccccc3)c(-c3ccccc3)[nH]2)cc1,Cc1ccccc1,445.0
10000,Cc1cc(C)c(C2=C3C=CC=[N+]3[B-]3(c4cccc5ccccc45)Oc4cc(O)cc5c6ccc(C)cc6c6cc2n3c6c45)c(C)c1,ClC(Cl)Cl,669.0
8635,COc1ccc(C#Cc2c3ccccc3c(C#Cc3ccc(OC)cc3)c3cc4sc(C)cc4cc23)cc1,ClCCl,538.0
9159,COc1ccc2cc(-c3cc(-c4ccccc4)c4n3[B-](F)(F)[N+]3=C5C=NC=CN5[B-](F)(F)[N+]3=C4)ccc2c1,ClCCl,568.0
11542,Fc1c(-c2nnc(-c3ccccc3)o2)c(-n2c3ccccc3c3ccccc32)c(F)c(-n2c3ccccc3c3ccccc32)c1-n1c2ccccc2c2ccccc21,Cc1ccccc1,459.0
5617,CN(C)c1ccc(-c2cc[n+](C)cc2)s1,CCO,507.0
7516,COCCC1=Cc2nc1ccc1[nH]c(cc1CCOC)c1nc(c(N3C(=O)CCCC3=O)cc3[nH]c2cc3CCOC)C(CCOC)=C1,Cc1ccccc1,646.0
8242,COc1ccc(-c2ccc3c(c2)c2cc(-c4ccc(OC)cc4)ccc2n3-c2ccc(C(=O)c3ccc4sc5ccccc5c4c3)cn2)cc1,Cc1ccccc1,479.2270531
8243,COc1ccc(-c2ccc3c(c2)c2cc(-c4ccc(OC)cc4)ccc2n3-c2ccc(C(=O)c3ccc4sc5ccccc5c4c3)cn2)cc1,c1cc(-n2c3ccccc3c3ccccc32)cc(-n2c3ccccc3c3ccccc32)c1,484.0
9918,Cc1cc(C)c(B(c2cc(-c3c(C)cc(C)cc3C)sc2-c2sc(-c3c(C)cc(C)cc3C)cc2P(=O)(c2ccccc2)c2ccccc2)c2c(C)cc(C)cc2C)c(C)c1,CO,536.0
9919,Cc1cc(C)c(B(c2cc(-c3ccc(C(C)(C)C)cc3)sc2-c2sc(-c3ccc(C(C)(C)C)cc3)cc2P(=O)(c2ccccc2)c2ccccc2)c2c(C)cc(C)cc2C)c(C)c1,CO,572.0
9920,Cc1cc(C)c(B(c2cc(-c3ccc(C(F)(F)F)cc3)sc2-c2sc(-c3ccc(C(F)(F)F)cc3)cc2P(=O)(c2ccccc2)c2ccccc2)c2c(C)cc(C)cc2C)c(C)c1,CO,548.0
9921,Cc1cc(C)c(B(c2cc(-c3ccc(N(C)C)cc3)sc2-c2sc(-c3ccc(N(C)C)cc3)cc2P(=O)(c2ccccc2)c2ccccc2)c2c(C)cc(C)cc2C)c(C)c1,CO,645.0
9922,Cc1cc(C)c(B(c2cc(-c3ccccc3)sc2-c2sc(-c3ccccc3)cc2P(=O)(c2ccccc2)c2ccccc2)c2c(C)cc(C)cc2C)c(C)c1,CO,558.0
8169,COc1ccc(-c2cc(B(c3c(C)cc(C)cc3C)c3c(C)cc(C)cc3C)c(-c3sc(-c4ccc(OC)cc4)cc3P(=O)(c3ccccc3)c3ccccc3)s2)cc1,CO,586.0
5582,CN(C)c1ccc(-c2c(/C=C3/C=Cc4ccccc4N3Cc3ccccc3)c(=O)c2=O)cc1,C1CCCCC1,427.0
5583,CN(C)c1ccc(-c2c(/C=C3/C=Cc4ccccc4N3Cc3ccccc3)c(=O)c2=O)cc1,Cc1ccccc1,435.0
5584,CN(C)c1ccc(-c2c(/C=C3/C=Cc4ccccc4N3Cc3ccccc3)c(=O)c2=O)cc1,ClCCl,586.0
111,C(#Cc1ccc2c(c1)c1cc(C#Cc3ccccc3)ccc1n2-c1cc2ccccc2c2ccccc12)c1ccccc1,ClCCl,392.0
2438,CCC1(CC)c2cc(Br)ccc2-c2c1c1c(c3c2C(CC)(CC)c2cc(-c4cccs4)ccc2-3)C(CC)(CC)c2cc(Br)ccc2-1,C1CCOC1,371.0
14892,c1ccc(-n2c(-c3cccc4ccccc34)nc3c4ccccc4c4ccccc4c32)cc1,C1CCOC1,413.9078156
14893,c1ccc(-n2c(-c3cccc4ccccc34)nc3c4ccccc4c4ccccc4c32)cc1,CCCCCC,384.0
14894,c1ccc(-n2c(-c3cccc4ccccc34)nc3c4ccccc4c4ccccc4c32)cc1,CS(C)=O,423.0
14895,c1ccc(-n2c(-c3cccc4ccccc34)nc3c4ccccc4c4ccccc4c32)cc1,Cc1ccccc1,410.0
14896,c1ccc(-n2c(-c3cccc4ccccc34)nc3c4ccccc4c4ccccc4c32)cc1,ClCCl,415.5978624
8847,COc1ccc(C2=N/C(=C\c3ccccc3)C(=O)O2)cc1OC,C1COCCO1,447.0
7357,COC(=O)c1ccc(/C=C2\N=C(c3ccc(OC)c(OC)c3)OC2=O)cc1,C1COCCO1,474.0
619,CC(=O)Nc1ccc(C2=N/C(=C\c3ccc(C#N)cc3)C(=O)O2)cc1,C1COCCO1,461.0
6135,CN(C)c1ccc(/C=C2/N=C(c3ccccc3)OC2=O)cc1,C1CCCCC1,476.0
6136,CN(C)c1ccc(/C=C2/N=C(c3ccccc3)OC2=O)cc1,C1COCCO1,513.0
6137,CN(C)c1ccc(/C=C2/N=C(c3ccccc3)OC2=O)cc1,CC#N,539.0
6138,CN(C)c1ccc(/C=C2/N=C(c3ccccc3)OC2=O)cc1,CC(C)=O,536.0
6139,CN(C)c1ccc(/C=C2/N=C(c3ccccc3)OC2=O)cc1,CC(C)O,536.0
6140,CN(C)c1ccc(/C=C2/N=C(c3ccccc3)OC2=O)cc1,CCCCCC,472.0
6141,CN(C)c1ccc(/C=C2/N=C(c3ccccc3)OC2=O)cc1,CCCCCO,515.0
6142,CN(C)c1ccc(/C=C2/N=C(c3ccccc3)OC2=O)cc1,CCCCO,521.0
6143,CN(C)c1ccc(/C=C2/N=C(c3ccccc3)OC2=O)cc1,CCO,537.0
6144,CN(C)c1ccc(/C=C2/N=C(c3ccccc3)OC2=O)cc1,CN(C)C=O,547.0
6145,CN(C)c1ccc(/C=C2/N=C(c3ccccc3)OC2=O)cc1,CO,537.0
6146,CN(C)c1ccc(/C=C2/N=C(c3ccccc3)OC2=O)cc1,ClC(Cl)(Cl)Cl,489.0
6147,CN(C)c1ccc(/C=C2/N=C(c3ccccc3)OC2=O)cc1,ClC(Cl)Cl,518.0
6148,CN(C)c1ccc(/C=C2/N=C(c3ccccc3)OC2=O)cc1,ClCCl,526.0
12165,N#Cc1ccc(/C=C2\N=C(c3ccccc3)OC2=O)cc1,C1COCCO1,426.0
13196,O=C1OC(c2ccccc2)=N/C1=C\c1ccccc1,C1COCCO1,447.0
8845,COc1ccc(C2=N/C(=C\c3ccc(C#N)cc3)C(=O)O2)cc1OC,C1COCCO1,489.0
15185,c1ccc2c(c1)Oc1ccccc1N2c1ccc2c(c1)c1ccccc1n1ccnc21,Cc1ccccc1,473.0
15186,c1ccc2c(c1)Oc1ccccc1N2c1ccc2c(c1)c1ccccc1n1ccnc21,O=P(c1ccccc1)(c1ccccc1)c1ccccc1Oc1ccccc1P(=O)(c1ccccc1)c1ccccc1,500.0
5250,CCc1cccc(CC)c1-c1c2ccccc2c(-c2c(CC)cccc2CC)c2cc3ccccc3cc12,ClCCl,501.0
8122,COc1ccc(-c2c3ccccc3c(-c3ccc(OC)cc3)c3cc4ccccc4cc23)cc1,ClCCl,511.0
14540,c1ccc(-c2c3ccccc3c(-c3ccccc3)c3cc4ccccc4cc23)cc1,ClCCl,503.0
281,C(=C/c1ccnc(/C=C/c2ccc(N(c3ccccc3)c3ccccc3)cc2)n1)\c1ccc(N(c2ccccc2)c2ccccc2)cc1,C1CCOC1,502.0
282,C(=C/c1ccnc(/C=C/c2ccc(N(c3ccccc3)c3ccccc3)cc2)n1)\c1ccc(N(c2ccccc2)c2ccccc2)cc1,CC#N,546.0
283,C(=C/c1ccnc(/C=C/c2ccc(N(c3ccccc3)c3ccccc3)cc2)n1)\c1ccc(N(c2ccccc2)c2ccccc2)cc1,CC(C)=O,531.0
284,C(=C/c1ccnc(/C=C/c2ccc(N(c3ccccc3)c3ccccc3)cc2)n1)\c1ccc(N(c2ccccc2)c2ccccc2)cc1,CCCCCCC,447.0
285,C(=C/c1ccnc(/C=C/c2ccc(N(c3ccccc3)c3ccccc3)cc2)n1)\c1ccc(N(c2ccccc2)c2ccccc2)cc1,CS(C)=O,547.0
286,C(=C/c1ccnc(/C=C/c2ccc(N(c3ccccc3)c3ccccc3)cc2)n1)\c1ccc(N(c2ccccc2)c2ccccc2)cc1,Cc1ccccc1,470.0
287,C(=C/c1ccnc(/C=C/c2ccc(N(c3ccccc3)c3ccccc3)cc2)n1)\c1ccc(N(c2ccccc2)c2ccccc2)cc1,ClCCl,527.0
8690,COc1ccc(C#Cc2nc3ccccc3nc2-c2ccn(-c3ccccc3)c2)cc1,ClCCl,474.0
14620,c1ccc(-c2ccc(-c3nc(-n4c5ccccc5c5ccc6c7ccccc7n(-c7ccccc7)c6c54)nc(-n4c5ccccc5c5ccc6c7ccccc7n(-c7ccccc7)c6c54)n3)cc2)cc1,Cc1ccccc1,495.0
14621,c1ccc(-c2ccc(-c3nc(-n4c5ccccc5c5ccc6c7ccccc7n(-c7ccccc7)c6c54)nc(-n4c5ccccc5c5ccc6c7ccccc7n(-c7ccccc7)c6c54)n3)cc2)cc1,O=P(c1ccccc1)(c1ccccc1)c1ccccc1Oc1ccccc1P(=O)(c1ccccc1)c1ccccc1,492.0
8413,COc1ccc(-n2nc(C#N)c(N3CCN(c4ccccn4)CC3)n2)cc1,CC#N,461.0
9823,Cc1cc(=O)c2c(ccc3ccc(O)cc32)o1,CC#N,430.0
13364,O=C1c2ccccc2NC(c2ccccc2)N1Cc1ccccc1,CC#N,407.0
13365,O=C1c2ccccc2NC(c2ccccc2)N1Cc1ccccc1,CCCCCCCCCCCCCCCC,383.0
13366,O=C1c2ccccc2NC(c2ccccc2)N1Cc1ccccc1,CO,442.0
13367,O=C1c2ccccc2NC(c2ccccc2)N1Cc1ccccc1,ClC(Cl)Cl,398.0
13368,O=C1c2ccccc2NC(c2ccccc2)N1Cc1ccccc1,c1ccccc1,393.0
1060,CC(C)(C)c1ccc(-n2c(-c3ccc(-c4cc(-c5ccccc5)c(-c5ccccc5)c(-c5ccccc5)c4-c4ccccc4)cc3)nc3c4ccccc4c4ccccc4c32)cc1,C1CCOC1,406.0
9917,Cc1cc(C)c(B(c2c(C)cc(C)cc2C)c2ccc3ccc4cccc5ccc2c3c45)c(C)c1,Cc1ccccc1,423.0
15224,c1ccc2c(c1)c1ccccc1n2-c1ccc(-c2ccc(-n3c4ccccc4c4ccccc43)nc2-n2c3ccccc3c3ccccc32)nn1,ClCCl,432.6844262
15222,c1ccc2c(c1)c1ccccc1n2-c1ccc(-c2ccc(-n3c4ccccc4c4ccccc43)nc2-n2c3ccccc3c3ccccc32)nn1,CC#N,464.9590164
15223,c1ccc2c(c1)c1ccccc1n2-c1ccc(-c2ccc(-n3c4ccccc4c4ccccc43)nc2-n2c3ccccc3c3ccccc32)nn1,Cc1ccccc1,423.0
4617,CCOC(=O)/C(C#N)=C\c1ccc2c(c1)c1ccccc1n2-c1ccc(OC)cc1,Cc1ccccc1,455.0
4618,CCOC(=O)/C(C#N)=C\c1ccc2c(c1)c1ccccc1n2-c1ccc(OC)cc1,ClC(Cl)Cl,486.0
10369,Cc1ccc(-n2c3ccccc3c3cc(C=C(C#N)C#N)ccc32)cc1,ClC(Cl)Cl,478.0
14909,c1ccc(-n2c3ccccc3c3ccccc32)cc1,CCO,344.0
8393,COc1ccc(-n2c3ccccc3c3cc(C=C(C#N)C#N)ccc32)cc1,C1CCOC1,499.0
8394,COc1ccc(-n2c3ccccc3c3cc(C=C(C#N)C#N)ccc32)cc1,CC#N,536.0
8395,COc1ccc(-n2c3ccccc3c3cc(C=C(C#N)C#N)ccc32)cc1,CC(C)=O,525.0
8396,COc1ccc(-n2c3ccccc3c3cc(C=C(C#N)C#N)ccc32)cc1,CCOC(C)=O,495.0
8397,COc1ccc(-n2c3ccccc3c3cc(C=C(C#N)C#N)ccc32)cc1,CO,534.0
8398,COc1ccc(-n2c3ccccc3c3cc(C=C(C#N)C#N)ccc32)cc1,CS(C)=O,547.0
8399,COc1ccc(-n2c3ccccc3c3cc(C=C(C#N)C#N)ccc32)cc1,Cc1ccccc1,450.0
8400,COc1ccc(-n2c3ccccc3c3cc(C=C(C#N)C#N)ccc32)cc1,ClC(Cl)Cl,511.0
10362,Cc1ccc(-n2c3ccccc3c3cc(C=C(C#N)C#N)ccc32)cc1,C1CCOC1,454.0
10363,Cc1ccc(-n2c3ccccc3c3cc(C=C(C#N)C#N)ccc32)cc1,CC#N,516.0
10364,Cc1ccc(-n2c3ccccc3c3cc(C=C(C#N)C#N)ccc32)cc1,CC(C)=O,502.0
10365,Cc1ccc(-n2c3ccccc3c3cc(C=C(C#N)C#N)ccc32)cc1,CCOC(C)=O,474.0
10366,Cc1ccc(-n2c3ccccc3c3cc(C=C(C#N)C#N)ccc32)cc1,CO,519.0
10367,Cc1ccc(-n2c3ccccc3c3cc(C=C(C#N)C#N)ccc32)cc1,CS(C)=O,524.0
10368,Cc1ccc(-n2c3ccccc3c3cc(C=C(C#N)C#N)ccc32)cc1,Cc1ccccc1,454.0
4603,CCOC(=O)/C(C#N)=C\c1ccc2c(c1)c1ccccc1n2-c1ccc(C)cc1,C1CCOC1,461.0
4604,CCOC(=O)/C(C#N)=C\c1ccc2c(c1)c1ccccc1n2-c1ccc(C)cc1,CC#N,508.0
4605,CCOC(=O)/C(C#N)=C\c1ccc2c(c1)c1ccccc1n2-c1ccc(C)cc1,CC(C)=O,503.0
4606,CCOC(=O)/C(C#N)=C\c1ccc2c(c1)c1ccccc1n2-c1ccc(C)cc1,CCOC(C)=O,460.0
4607,CCOC(=O)/C(C#N)=C\c1ccc2c(c1)c1ccccc1n2-c1ccc(C)cc1,CO,495.0
4608,CCOC(=O)/C(C#N)=C\c1ccc2c(c1)c1ccccc1n2-c1ccc(C)cc1,CS(C)=O,503.0
4609,CCOC(=O)/C(C#N)=C\c1ccc2c(c1)c1ccccc1n2-c1ccc(C)cc1,Cc1ccccc1,444.0
4610,CCOC(=O)/C(C#N)=C\c1ccc2c(c1)c1ccccc1n2-c1ccc(C)cc1,ClC(Cl)Cl,482.0
4611,CCOC(=O)/C(C#N)=C\c1ccc2c(c1)c1ccccc1n2-c1ccc(OC)cc1,C1CCOC1,460.0
4612,CCOC(=O)/C(C#N)=C\c1ccc2c(c1)c1ccccc1n2-c1ccc(OC)cc1,CC#N,522.0
4613,CCOC(=O)/C(C#N)=C\c1ccc2c(c1)c1ccccc1n2-c1ccc(OC)cc1,CC(C)=O,508.0
4614,CCOC(=O)/C(C#N)=C\c1ccc2c(c1)c1ccccc1n2-c1ccc(OC)cc1,CCOC(C)=O,479.0
4615,CCOC(=O)/C(C#N)=C\c1ccc2c(c1)c1ccccc1n2-c1ccc(OC)cc1,CO,532.0
4616,CCOC(=O)/C(C#N)=C\c1ccc2c(c1)c1ccccc1n2-c1ccc(OC)cc1,CS(C)=O,542.0
1984,CC1=CC(/C=C/c2ccc(OCCN3CCOCC3)cc2)=[N+]2C1=C(c1ccc(OCCN3CCCCC3)cc1)c1c(C)cc(/C=C/c3ccc(OCCN4CCOCC4)cc3)n1[B-]2(F)F,CCO,655.0
11976,N#Cc1c(N2CCCCC2)cc(-c2ccc3ccc4cccc5ccc2c3c45)c2c1-c1ccccc1C2=O,C1CCOC1,528.0
12491,Nc1ccc(-c2ccc3c(c2)C(=O)c2ccccc2C3=O)cc1,CCCCCC,512.0
12492,Nc1ccc(-c2ccc3c(c2)C(=O)c2ccccc2C3=O)cc1,CCOCC,643.0
12493,Nc1ccc(-c2ccc3c(c2)C(=O)c2ccccc2C3=O)cc1,Cc1ccccc1,599.0
12494,Nc1ccc(-c2ccc3c(c2)C(=O)c2ccccc2C3=O)cc1,ClC(Cl)(Cl)Cl,562.0
12495,Nc1ccc(-c2ccc3c(c2)C(=O)c2ccccc2C3=O)cc1,ClCCl,695.0
10608,Cc1ccc(C2=[N+]3C(=Nc4c5ccccc5c(-c5ccc(C)s5)n4[B-]3(F)F)c3ccccc32)s1,ClCCl,841.0
6561,CN(C)c1ccc2cc3c(cc2c1)OCCN=C3,C1CCOC1,425.0
6562,CN(C)c1ccc2cc3c(cc2c1)OCCN=C3,CC#N,562.0
6563,CN(C)c1ccc2cc3c(cc2c1)OCCN=C3,CC(C)O,447.0
6564,CN(C)c1ccc2cc3c(cc2c1)OCCN=C3,CCOC(C)=O,426.0
6565,CN(C)c1ccc2cc3c(cc2c1)OCCN=C3,CN(C)C=O,442.0
6566,CN(C)c1ccc2cc3c(cc2c1)OCCN=C3,CS(C)=O,447.0
6567,CN(C)c1ccc2cc3c(cc2c1)OCCN=C3,Cc1ccccc1,415.0
6568,CN(C)c1ccc2cc3c(cc2c1)OCCN=C3,ClCCl,532.0
6569,CN(C)c1ccc2cc3c(cc2c1)OCCN=C3,O,559.0
14566,c1ccc(-c2cc(-c3ccc(N4c5ccccc5C(c5ccccc5)(c5ccccc5)c5ccccc54)cc3)nc(-c3ccccc3)n2)cc1,O=P(c1ccccc1)(c1ccccc1)c1ccccc1Oc1ccccc1P(=O)(c1ccccc1)c1ccccc1,464.0
14565,c1ccc(-c2cc(-c3ccc(N4c5ccccc5C(c5ccccc5)(c5ccccc5)c5ccccc54)cc3)nc(-c3ccccc3)n2)cc1,Cc1ccccc1,450.0
8425,COc1ccc(-n2nc(C(=O)c3ccc(Cl)cc3)c(N3CCCC3)n2)cc1,CC#N,421.0
15063,c1ccc(N2c3ccccc3Sc3cc(-c4cccc5nc6ccccc6cc45)ccc32)cc1,ClCCl,483.0
15053,c1ccc(N2c3ccccc3Sc3cc(-c4cccc5nc6ccccc6cc45)ccc32)cc1,C1CCOC1,476.0
15054,c1ccc(N2c3ccccc3Sc3cc(-c4cccc5nc6ccccc6cc45)ccc32)cc1,CC#N,504.0
15055,c1ccc(N2c3ccccc3Sc3cc(-c4cccc5nc6ccccc6cc45)ccc32)cc1,CC(C)=O,495.0
15056,c1ccc(N2c3ccccc3Sc3cc(-c4cccc5nc6ccccc6cc45)ccc32)cc1,CC(C)OC(C)C,546.0
15057,c1ccc(N2c3ccccc3Sc3cc(-c4cccc5nc6ccccc6cc45)ccc32)cc1,CCCCCC,487.0
15058,c1ccc(N2c3ccccc3Sc3cc(-c4cccc5nc6ccccc6cc45)ccc32)cc1,CCCCOCCCC,533.0
15059,c1ccc(N2c3ccccc3Sc3cc(-c4cccc5nc6ccccc6cc45)ccc32)cc1,CCN(CC)CC,525.0
15060,c1ccc(N2c3ccccc3Sc3cc(-c4cccc5nc6ccccc6cc45)ccc32)cc1,CCOC(C)=O,474.0
15061,c1ccc(N2c3ccccc3Sc3cc(-c4cccc5nc6ccccc6cc45)ccc32)cc1,CCOCC,549.0
15062,c1ccc(N2c3ccccc3Sc3cc(-c4cccc5nc6ccccc6cc45)ccc32)cc1,CN(C)C=O,495.0
2546,CCC1=C(C)C2=C(/C=C/c3ccc(OC)cc3)c3c(C)c(CC)c(C)n3[B-](F)(F)[N+]2=C1C,ClCCl,542.0
2547,CCC1=C(C)C2=C(/C=C/c3ccc([N+](=O)[O-])cc3)c3c(C)c(CC)c(C)n3[B-](F)(F)[N+]2=C1C,ClCCl,532.0
9697,Cc1c(C)c(B(c2c(C)c(C)c(C#N)c(C)c2C)c2c(C)c(C)c(N3c4ccccc4Oc4ccccc43)c(C)c2C)c(C)c(C)c1C#N,c1ccc([Si](c2ccccc2)(c2ccc(-n3c4ccccc4c4ccccc43)cc2)c2ccc(-n3c4ccccc4c4ccccc43)cc2)cc1,533.0
9898,Cc1cc(C)c(B(c2c(C)cc(C)cc2C)c2c(C)cc(N3c4ccccc4Oc4ccccc43)cc2C)c(C)c1,c1ccc2c(c1)c1ccccc1n2-c1ccc(-c2ccc(-n3c4ccccc4c4ccccc43)cc2)cc1,504.0
9969,Cc1cc(C)c(C)c(B(c2c(C)c(C)cc(C)c2C)c2c(C)c(C)c(N3c4ccccc4Oc4ccccc43)c(C)c2C)c1C,CC(C)(C)c1ccc(-n2c3ccc([Si](c4ccccc4)(c4ccccc4)c4ccccc4)cc3c3cc([Si](c4ccccc4)(c4ccccc4)c4ccccc4)ccc32)cc1,478.0
9897,Cc1cc(C)c(B(c2c(C)cc(C)cc2C)c2c(C)cc(N3c4ccccc4Oc4ccccc43)cc2C)c(C)c1,Cc1ccccc1,509.0
11041,Cc1nnc(-c2cc(-c3nnc(C)o3)c(-n3c4ccccc4c4ccccc43)cc2-n2c3ccccc3c3ccccc32)o1,Cc1ccccc1,444.0
11042,Cc1nnc(-c2cc(-c3nnc(C)o3)c(-n3c4ccccc4c4ccccc43)cc2-n2c3ccccc3c3ccccc32)o1,O=P(c1ccccc1)(c1ccccc1)c1ccccc1Oc1ccccc1P(=O)(c1ccccc1)c1ccccc1,448.0
220,C(=C/c1ccc(-c2nnc(-c3ccccc3)o2)cc1)\c1ccc(-c2nnc(-c3ccccc3)o2)cc1,CN(C)C=O,415.0
6335,CN(C)c1ccc(C(=O)c2ccccc2)cc1,C1CCCCC1,462.0
6336,CN(C)c1ccc(C(=O)c2ccccc2)cc1,CC#N,602.0
6337,CN(C)c1ccc(C(=O)c2ccccc2)cc1,CO,480.0
6338,CN(C)c1ccc(C(=O)c2ccccc2)cc1,CS(C)=O,609.0
6339,CN(C)c1ccc(C(=O)c2ccccc2)cc1,c1ccccc1,497.0
7178,COC(=O)C(NC(=O)CCNc1cccc2ccccc12)c1ccccc1,CCO,415.0
9190,COc1ccc2cc(/C=C/C3=CC(c4ccccc4)=[O+][B-](F)(F)O3)ccc2c1,ClCCl,566.0
12740,O=C(O)C1=C/C(=C/C=[NH+]/c2ccc3c(C(F)(F)F)cc(=O)oc3c2)CC(C(=O)O)N1,O,570.0
9851,Cc1cc(=O)oc2cc(/[NH+]=C/C=C3/C=C(C(=O)O)NC(C(=O)O)C3)ccc12,O,570.0
10031,Cc1cc(C)c2c(c1)c1cc(C)cc(C)c1n2-c1ccc2c(c1)Oc1ccccc1B2c1c(C(C)C)cc(C(C)C)cc1C(C)C,Cc1ccccc1,443.0
15158,c1ccc2c(c1)-c1ccccc1C21c2ccccc2-c2oc3c(c21)C1(c2ccccc2-c2ccccc21)c1ccccc1-3,C1CCOC1,393.0
5353,CCn1c2ccccc2c2cc(/C=C/c3cc(/C=C/c4ccc5c(c4)c4ccccc4n5CC)nc(SC)n3)ccc21,C1CCOC1,464.0
5354,CCn1c2ccccc2c2cc(/C=C/c3cc(/C=C/c4ccc5c(c4)c4ccccc4n5CC)nc(SC)n3)ccc21,CCOC(C)=O,463.0
5355,CCn1c2ccccc2c2cc(/C=C/c3cc(/C=C/c4ccc5c(c4)c4ccccc4n5CC)nc(SC)n3)ccc21,CN(C)C=O,504.0
5356,CCn1c2ccccc2c2cc(/C=C/c3cc(/C=C/c4ccc5c(c4)c4ccccc4n5CC)nc(SC)n3)ccc21,Cc1ccccc1,446.0
5357,CCn1c2ccccc2c2cc(/C=C/c3cc(/C=C/c4ccc5c(c4)c4ccccc4n5CC)nc(SC)n3)ccc21,ClCCl,489.0
5358,CCn1c2ccccc2c2cc(/C=C/c3cc(/C=C/c4ccc5c(c4)c4ccccc4n5CC)ncn3)ccc21,C1CCOC1,463.0
5359,CCn1c2ccccc2c2cc(/C=C/c3cc(/C=C/c4ccc5c(c4)c4ccccc4n5CC)ncn3)ccc21,CCOC(C)=O,460.0
5360,CCn1c2ccccc2c2cc(/C=C/c3cc(/C=C/c4ccc5c(c4)c4ccccc4n5CC)ncn3)ccc21,CN(C)C=O,500.0
5361,CCn1c2ccccc2c2cc(/C=C/c3cc(/C=C/c4ccc5c(c4)c4ccccc4n5CC)ncn3)ccc21,Cc1ccccc1,440.0
5362,CCn1c2ccccc2c2cc(/C=C/c3cc(/C=C/c4ccc5c(c4)c4ccccc4n5CC)ncn3)ccc21,ClCCl,492.0
13772,O=S1(=O)c2ccccc2C2(c3cc(-c4ccc(N(c5ccccc5)c5ccccc5)cc4)ccc3-c3ccc(-c4ccc(N(c5ccccc5)c5ccccc5)cc4)cc32)c2ccccc21,ClCCl,460.0
13773,O=S1(=O)c2ccccc2C2(c3cc(-c4ccc(N(c5ccccc5)c5ccccc5)cc4)ccc3-c3ccc(-c4ccc(N(c5ccccc5)c5ccccc5)cc4)cc32)c2ccccc21,c1cc(-n2c3ccccc3c3ccccc32)cc(-n2c3ccccc3c3ccccc32)c1,448.0
6769,CN1/C(=C/C=C/C2=[N+](C)c3ccccc3C2(C)C)Sc2ccccc21,CS(C)=O,569.0
5730,CN(C)c1ccc(/C=C/C(=C(C#N)C#N)c2ccc3c4c(cccc24)CC3)cc1,C1CCOC1,577.0
5731,CN(C)c1ccc(/C=C/C(=C(C#N)C#N)c2ccc3c4c(cccc24)CC3)cc1,CC#N,598.0
5732,CN(C)c1ccc(/C=C/C(=C(C#N)C#N)c2ccc3c4c(cccc24)CC3)cc1,CC(C)=O,593.0
5733,CN(C)c1ccc(/C=C/C(=C(C#N)C#N)c2ccc3c4c(cccc24)CC3)cc1,CCOC(C)=O,573.0
5734,CN(C)c1ccc(/C=C/C(=C(C#N)C#N)c2ccc3c4c(cccc24)CC3)cc1,CN(C)C=O,606.0
5735,CN(C)c1ccc(/C=C/C(=C(C#N)C#N)c2ccc3c4c(cccc24)CC3)cc1,CO,593.0
5736,CN(C)c1ccc(/C=C/C(=C(C#N)C#N)c2ccc3c4c(cccc24)CC3)cc1,Cc1ccccc1,551.0
5737,CN(C)c1ccc(/C=C/C(=C(C#N)C#N)c2ccc3c4c(cccc24)CC3)cc1,ClC(Cl)Cl,568.0
15160,c1ccc2c(c1)-c1ccccc1[Si]21c2ccccc2-c2cc3c(cc21)-c1ccccc1[Si]31c2ccccc2-c2ccccc21,ClCCl,408.0
1159,CC(C)(C)c1ccc2c(c1)c1cc(C(C)(C)C)ccc1n2-c1ccc(C#Cc2cccc(C#Cc3ccc(-n4c5ccc(C(C)(C)C)cc5c5cc(C(C)(C)C)ccc54)cc3)c2)cc1,CC#N,435.0
1160,CC(C)(C)c1ccc2c(c1)c1cc(C(C)(C)C)ccc1n2-c1ccc(C#Cc2cccc(C#Cc3ccc(-n4c5ccc(C(C)(C)C)cc5c5cc(C(C)(C)C)ccc54)cc3)c2)cc1,CCCCC,359.0
1161,CC(C)(C)c1ccc2c(c1)c1cc(C(C)(C)C)ccc1n2-c1ccc(C#Cc2cccc(C#Cc3ccc(-n4c5ccc(C(C)(C)C)cc5c5cc(C(C)(C)C)ccc54)cc3)c2)cc1,CO,426.0
1162,CC(C)(C)c1ccc2c(c1)c1cc(C(C)(C)C)ccc1n2-c1ccc(C#Cc2cccc(C#Cc3ccc(-n4c5ccc(C(C)(C)C)cc5c5cc(C(C)(C)C)ccc54)cc3)c2)cc1,Cc1ccccc1,379.0
1163,CC(C)(C)c1ccc2c(c1)c1cc(C(C)(C)C)ccc1n2-c1ccc(C#Cc2cccc(C#Cc3ccc(-n4c5ccc(C(C)(C)C)cc5c5cc(C(C)(C)C)ccc54)cc3)c2)cc1,ClC(Cl)Cl,400.0
1164,CC(C)(C)c1ccc2c(c1)c1cc(C(C)(C)C)ccc1n2-c1ccc(C#Cc2cccc(C#Cc3ccc(-n4c5ccc(C(C)(C)C)cc5c5cc(C(C)(C)C)ccc54)cc3)c2)cc1,ClCCl,416.0
114,C(#Cc1cccc(C#Cc2ccc(-n3c4ccccc4c4ccccc43)cc2)c1)c1ccc(-n2c3ccccc3c3ccccc32)cc1,CC#N,425.0
115,C(#Cc1cccc(C#Cc2ccc(-n3c4ccccc4c4ccccc43)cc2)c1)c1ccc(-n2c3ccccc3c3ccccc32)cc1,CCCCC,366.0
116,C(#Cc1cccc(C#Cc2ccc(-n3c4ccccc4c4ccccc43)cc2)c1)c1ccc(-n2c3ccccc3c3ccccc32)cc1,CO,412.0
117,C(#Cc1cccc(C#Cc2ccc(-n3c4ccccc4c4ccccc43)cc2)c1)c1ccc(-n2c3ccccc3c3ccccc32)cc1,Cc1ccccc1,374.0
118,C(#Cc1cccc(C#Cc2ccc(-n3c4ccccc4c4ccccc43)cc2)c1)c1ccc(-n2c3ccccc3c3ccccc32)cc1,ClC(Cl)Cl,368.0
119,C(#Cc1cccc(C#Cc2ccc(-n3c4ccccc4c4ccccc43)cc2)c1)c1ccc(-n2c3ccccc3c3ccccc32)cc1,ClCCl,394.0
14967,c1ccc(N(c2ccccc2)c2ccc(-c3ccc(-c4ccc(-c5ccc(-c6ccc(N(c7ccccc7)c7ccccc7)cc6)s5)c5nsnc45)s3)cc2)cc1,ClC(Cl)Cl,690.0
8907,COc1ccc(N(c2ccc(OC)cc2)c2ccc(-c3ccc(-c4ccc(-c5ccc(-c6ccc(N(c7ccc(OC)cc7)c7ccc(OC)cc7)cc6)s5)c5nsnc45)s3)cc2)cc1,ClC(Cl)Cl,710.0
8630,COc1ccc(C#Cc2c3cc4cc(C)sc4cc3c(C#Cc3ccc(OC)cc3)c3cc4cc(C)sc4cc23)cc1,ClCCl,590.0
9649,C[n+]1cc2ccc3c[n+](C)c4ccccc4c3c2c2ccccc21,CC#N,504.0
6786,CN1C(=CC2=C([O-])C(=Cc3oc4ccccc4[n+]3C)C2=O)C(C)(C)c2ccccc21,ClC(Cl)Cl,619.0
14675,c1ccc(-c2nc(-c3ccc(-c4cccs4)s3)[nH]c2-c2ccccc2)cc1,CC#N,454.0
13609,O=P1(c2ccccc2)c2cc(N3c4ccccc4Oc4ccccc43)ccc2-c2ccc(N3c4ccccc4Oc4ccccc43)cc21,Cc1ccccc1,540.0
13610,O=P1(c2ccccc2)c2cc(N3c4ccccc4Oc4ccccc43)ccc2-c2ccc(N3c4ccccc4Oc4ccccc43)cc21,c1ccc2c(c1)c1ccccc1n2-c1ccc(-c2ccc(-n3c4ccccc4c4ccccc43)cc2)cc1,550.0
2308,CC1=[N+]2C(=c3c4c5ccccc5cc5cccc(c6cc(C)n(c36)[B-]2(F)F)c54)C=C1,CO,637.0
2309,CC1=[N+]2C(=c3c4c5ccccc5cc5cccc(c6cc(C)n(c36)[B-]2(F)F)c54)C=C1,CS(C)=O,639.0
2310,CC1=[N+]2C(=c3c4c5ccccc5cc5cccc(c6cc(C)n(c36)[B-]2(F)F)c54)C=C1,ClC(Cl)Cl,637.0
2311,CC1=[N+]2C(=c3c4c5ccccc5cc5cccc(c6cc(C)n(c36)[B-]2(F)F)c54)C=C1,ClCCl,638.0
2306,CC1=[N+]2C(=c3c4c5ccccc5cc5cccc(c6cc(C)n(c36)[B-]2(F)F)c54)C=C1,C1CCOC1,637.0
2307,CC1=[N+]2C(=c3c4c5ccccc5cc5cccc(c6cc(C)n(c36)[B-]2(F)F)c54)C=C1,CCCCCC,637.0
3435,CCCCCCc1ccc(-n2c3[n+](c4c5ccccc5c5ccccc5c42)[B-](C)(C)c2ccc4ccccc4c2-3)cc1,C1CCOC1,444.0
3436,CCCCCCc1ccc(-n2c3[n+](c4c5ccccc5c5ccccc5c42)[B-](C)(C)c2ccc4ccccc4c2-3)cc1,CC#N,443.0
3437,CCCCCCc1ccc(-n2c3[n+](c4c5ccccc5c5ccccc5c42)[B-](C)(C)c2ccc4ccccc4c2-3)cc1,Cc1ccccc1,444.0
3438,CCCCCCc1ccc(-n2c3[n+](c4c5ccccc5c5ccccc5c42)[B-](C)(C)c2ccc4ccccc4c2-3)cc1,ClCCl,435.0
8938,COc1ccc(N2C(=O)c3ccccc3C2C(=O)OC(C)(C)C)cc1OC,ClCCl,452.0
8935,COc1ccc(N2C(=O)c3ccccc3C2C(=O)OC(C)(C)C)cc1OC,CCCCCC,381.0
8936,COc1ccc(N2C(=O)c3ccccc3C2C(=O)OC(C)(C)C)cc1OC,CO,468.0
8937,COc1ccc(N2C(=O)c3ccccc3C2C(=O)OC(C)(C)C)cc1OC,CS(C)=O,484.0
4707,CCOC(=O)C1c2cc(Cl)ccc2C(=O)N1c1ccc(OC)c(OC)c1,CCCCCC,456.0
4708,CCOC(=O)C1c2cc(Cl)ccc2C(=O)N1c1ccc(OC)c(OC)c1,CO,459.0
4709,CCOC(=O)C1c2cc(Cl)ccc2C(=O)N1c1ccc(OC)c(OC)c1,CS(C)=O,500.0
4710,CCOC(=O)C1c2cc(Cl)ccc2C(=O)N1c1ccc(OC)c(OC)c1,ClCCl,460.0
4711,CCOC(=O)C1c2cc(OC)c(OC)cc2C(=O)N1c1ccc(OC)c(OC)c1,CCCCCC,440.0
4713,CCOC(=O)C1c2cc(OC)c(OC)cc2C(=O)N1c1ccc(OC)c(OC)c1,CS(C)=O,477.0
4714,CCOC(=O)C1c2cc(OC)c(OC)cc2C(=O)N1c1ccc(OC)c(OC)c1,ClCCl,457.0
4715,CCOC(=O)C1c2ccccc2C(=O)N1c1ccc(OC)cc1,CCCCCC,453.0
4716,CCOC(=O)C1c2ccccc2C(=O)N1c1ccc(OC)cc1,CO,481.0
4717,CCOC(=O)C1c2ccccc2C(=O)N1c1ccc(OC)cc1,CS(C)=O,486.0
4718,CCOC(=O)C1c2ccccc2C(=O)N1c1ccc(OC)cc1,ClCCl,472.0
4719,CCOC(=O)C1c2ccccc2C(=O)N1c1ccccc1,CCCCCC,435.0
4720,CCOC(=O)C1c2ccccc2C(=O)N1c1ccccc1,CO,466.0
4721,CCOC(=O)C1c2ccccc2C(=O)N1c1ccccc1,CS(C)=O,472.0
4722,CCOC(=O)C1c2ccccc2C(=O)N1c1ccccc1,ClCCl,471.0
4712,CCOC(=O)C1c2cc(OC)c(OC)cc2C(=O)N1c1ccc(OC)c(OC)c1,CO,474.0
9715,Cc1c2c(c(C)c3ccccc13)C1=C2C=CC2Nc3ccccc3NC12,ClC(Cl)Cl,544.0
5120,CC[n+]1c(-c2ccccc2)c2cc(N)ccc2c2ccc(-n3cccc3)cc21,O,592.0
10741,Cc1ccc2c(c1)C1(c3ccccc3-c3ccccc31)c1cc(C)ccc1N2c1ccc2c(c1)Oc1ccccc1P2(=S)c1ccccc1,Cc1ccccc1,443.0894309
11250,FC(F)(F)c1ccc(-c2ccc(-c3cc(-c4ccccn4)nc(-c4ccccn4)c3)cc2)cc1,ClCCl,359.0
8209,COc1ccc(-c2ccc(-c3cc(-c4ccccn4)nc(-c4ccccn4)c3)cc2)cc1,ClCCl,403.0
11584,Fc1ccc(-c2ccc(-c3cc(-c4ccccn4)nc(-c4ccccn4)c3)cc2)c(F)c1,ClCCl,358.0
11060,Cc1sc(Cl)cc1-c1nc(-c2ccccc2)[nH]c1-c1cc(Cl)sc1C,CC#N,381.0
11059,Cc1sc(Cl)cc1-c1nc(-c2ccc(Cl)cc2)[nH]c1-c1cc(Cl)sc1C,CC#N,390.0
8291,COc1ccc(-c2nc(-c3cc(Cl)sc3C)c(-c3cc(Cl)sc3C)[nH]2)cc1,CC#N,489.0
243,C(=C/c1ccc(N(c2ccccc2)c2ccccc2)cc1)\c1ccc(/C=C/c2ccc(N(c3ccccc3)c3ccccc3)cc2)cc1,C1CCOC1,486.0
244,C(=C/c1ccc(N(c2ccccc2)c2ccccc2)cc1)\c1ccc(/C=C/c2ccc(N(c3ccccc3)c3ccccc3)cc2)cc1,CS(C)=O,519.0
245,C(=C/c1ccc(N(c2ccccc2)c2ccccc2)cc1)\c1ccc(/C=C/c2ccc(N(c3ccccc3)c3ccccc3)cc2)cc1,Cc1ccccc1,456.0
6,Brc1cc(/C=C/c2ccc(N(c3ccccc3)c3ccccc3)cc2)c(Br)cc1/C=C/c1ccc(N(c2ccccc2)c2ccccc2)cc1,ClCCl,528.0
2383,CCC(CC)COC1=CC2=C3c4cc(OCC(CC)CC)c(-c5ccccc5)n4[B-](F)(F)[n+]4nnn(c43)[B-](F)(F)[N+]2=C1c1ccccc1,C1CCOC1,725.0
2384,CCC(CC)COC1=CC2=C3c4cc(OCC(CC)CC)c(-c5ccccc5)n4[B-](F)(F)[n+]4nnn(c43)[B-](F)(F)[N+]2=C1c1ccccc1,CC#N,721.0
2385,CCC(CC)COC1=CC2=C3c4cc(OCC(CC)CC)c(-c5ccccc5)n4[B-](F)(F)[n+]4nnn(c43)[B-](F)(F)[N+]2=C1c1ccccc1,ClCCl,730.0
15329,c1csc(-c2ccc(-c3ccc(-c4ccc(-c5cccs5)s4)s3)s2)c1,CC#N,479.0
10983,Cc1nc(-c2ccc(N3c4ccccc4C(c4ccccc4)(c4ccccc4)c4ccccc43)cc2)cc(-c2ccc(N3c4ccccc4C(c4ccccc4)(c4ccccc4)c4ccccc43)cc2)n1,O=P(c1ccccc1)(c1ccccc1)c1ccc2oc3ccc(P(=O)(c4ccccc4)c4ccccc4)cc3c2c1,458.0
10982,Cc1nc(-c2ccc(N3c4ccccc4C(c4ccccc4)(c4ccccc4)c4ccccc43)cc2)cc(-c2ccc(N3c4ccccc4C(c4ccccc4)(c4ccccc4)c4ccccc43)cc2)n1,Cc1ccccc1,453.0
8765,COc1ccc(C2=C(c3ccc(OC)cc3)C(c3ccc(OC)cc3)=[N+]3C2=C(c2ccc(OC)cc2)c2c(-c4ccc(OC)cc4)c(-c4ccc(OC)cc4)c(-c4ccc(OC)cc4)n2[B-]3(F)F)cc1,C1CCOC1,640.0
11395,F[B-]1(F)n2c(c(-c3ccccc3)c(-c3ccccc3)c2-c2ccccc2)C(c2ccccc2)=C2C(c3ccccc3)=C(c3ccccc3)C(c3ccccc3)=[N+]21,C1CCOC1,613.0
9319,COc1cccc(C2=C(c3ccc(C(C)(C)C)cc3)C(c3ccc(C(C)(C)C)cc3)=[N+]3C2=C(c2ccccc2)c2c(-c4cccc(OC)c4)c(-c4ccc(C(C)(C)C)cc4)c(-c4ccc(C(C)(C)C)cc4)n2[B-]3(F)F)c1,C1CCCCC1,636.0
9320,COc1cccc(C2=C(c3ccc(C(C)(C)C)cc3)C(c3ccc(C(C)(C)C)cc3)=[N+]3C2=C(c2ccccc2)c2c(-c4cccc(OC)c4)c(-c4ccc(C(C)(C)C)cc4)c(-c4ccc(C(C)(C)C)cc4)n2[B-]3(F)F)c1,C1CCOC1,638.0
9321,COc1cccc(C2=C(c3ccc(C(C)(C)C)cc3)C(c3ccc(C(C)(C)C)cc3)=[N+]3C2=C(c2ccccc2)c2c(-c4cccc(OC)c4)c(-c4ccc(C(C)(C)C)cc4)c(-c4ccc(C(C)(C)C)cc4)n2[B-]3(F)F)c1,CC#N,632.0
9322,COc1cccc(C2=C(c3ccc(C(C)(C)C)cc3)C(c3ccc(C(C)(C)C)cc3)=[N+]3C2=C(c2ccccc2)c2c(-c4cccc(OC)c4)c(-c4ccc(C(C)(C)C)cc4)c(-c4ccc(C(C)(C)C)cc4)n2[B-]3(F)F)c1,Cc1ccccc1,640.0
9323,COc1cccc(C2=C(c3ccc(C(C)(C)C)cc3)C(c3ccc(C(C)(C)C)cc3)=[N+]3C2=C(c2ccccc2)c2c(-c4cccc(OC)c4)c(-c4ccc(C(C)(C)C)cc4)c(-c4ccc(C(C)(C)C)cc4)n2[B-]3(F)F)c1,ClCCl,640.0
8896,COc1ccc(N(c2ccc(/C=C(\C)c3ccccc3)cc2)c2ccc(OC)cc2)cc1,Cc1ccccc1,448.0
246,C(=C/c1ccc(N(c2ccccc2)c2ccccc2)cc1)\c1ccccc1,CC#N,455.0
247,C(=C/c1ccc(N(c2ccccc2)c2ccccc2)cc1)\c1ccccc1,CCCCCC,395.0
4474,CCN1C(=CC=Cc2n(CC)c3cc(Cl)c(Cl)cc3[n+]2CC)N(CC)c2cc(Cl)c(Cl)cc21,CC#N,529.0
4475,CCN1C(=CC=Cc2n(CC)c3cc(Cl)c(Cl)cc3[n+]2CC)N(CC)c2cc(Cl)c(Cl)cc21,CCCCCCO,535.0
4476,CCN1C(=CC=Cc2n(CC)c3cc(Cl)c(Cl)cc3[n+]2CC)N(CC)c2cc(Cl)c(Cl)cc21,CCCCO,534.0
4477,CCN1C(=CC=Cc2n(CC)c3cc(Cl)c(Cl)cc3[n+]2CC)N(CC)c2cc(Cl)c(Cl)cc21,CCCO,532.0
4478,CCN1C(=CC=Cc2n(CC)c3cc(Cl)c(Cl)cc3[n+]2CC)N(CC)c2cc(Cl)c(Cl)cc21,CCO,530.0
4479,CCN1C(=CC=Cc2n(CC)c3cc(Cl)c(Cl)cc3[n+]2CC)N(CC)c2cc(Cl)c(Cl)cc21,CO,528.0
4480,CCN1C(=CC=Cc2n(CC)c3cc(Cl)c(Cl)cc3[n+]2CC)N(CC)c2cc(Cl)c(Cl)cc21,CS(C)=O,536.0
4481,CCN1C(=CC=Cc2n(CC)c3cc(Cl)c(Cl)cc3[n+]2CC)N(CC)c2cc(Cl)c(Cl)cc21,OCC(O)CO,535.0
4482,CCN1C(=CC=Cc2n(CC)c3cc(Cl)c(Cl)cc3[n+]2CC)N(CC)c2cc(Cl)c(Cl)cc21,OCCO,532.0
3628,CCCCN1C(=O)C(=CC=C2N(CCCC)c3ccccc3N2CCCC)C(=O)N(CCCC)C1=S,CCCCCC,488.0
3629,CCCCN1C(=O)C(=CC=C2N(CCCC)c3ccccc3N2CCCC)C(=O)N(CCCC)C1=S,CCO,478.0
3630,CCCCN1C(=O)C(=CC=C2N(CCCC)c3ccccc3N2CCCC)C(=O)N(CCCC)C1=S,CN(C)C=O,482.0
3631,CCCCN1C(=O)C(=CC=C2N(CCCC)c3ccccc3N2CCCC)C(=O)N(CCCC)C1=S,Cc1ccccc1,490.0
3632,CCCCN1C(=O)C(=CC=C2N(CCCC)c3ccccc3N2CCCC)C(=O)N(CCCC)C1=S,ClC(Cl)Cl,489.0
3633,CCCCN1C(=O)C(=CC=C2N(CCCC)c3ccccc3N2CCCC)C(=O)N(CCCC)C1=S,ClCCl,486.0
12102,N#Cc1ccc(-c2cc3c(ccc4sccc43)s2)cc1,ClCCl,413.0
740,CC(=O)c1ccc(-c2cc3c(ccc4sccc43)s2)cc1,ClCCl,430.0
8181,COc1ccc(-c2cc3c(ccc4sccc43)s2)cc1,ClCCl,379.0
2288,CC1=[N+]2C(=C(c3ccccc3)c3ccc(/C=C/c4ccc(C(=C(c5ccccc5)c5ccccc5)c5ccccc5)cc4)n3[B-]2(F)F)C=C1,C1CCOC1,610.0
888,CC(C)(C)c1cc(C(C)(C)C)c2oc3c(c2c1)C=CN1C(=O)C2=C4c5oc6c(C(C)(C)C)cc(C(C)(C)C)cc6c5C=CN4C(=O)C2=C31,CN(C)C=O,658.0
889,CC(C)(C)c1cc(C(C)(C)C)c2oc3c(c2c1)C=CN1C(=O)C2=C4c5oc6c(C(C)(C)C)cc(C(C)(C)C)cc6c5C=CN4C(=O)C2=C31,ClC(Cl)Cl,651.0
3199,CCCCCCCCCCOc1ccc2c3c(oc2c1)C1=C2C(=O)N4C=Cc5c(oc6cc(OCCCCCCCCCC)ccc56)C4=C2C(=O)N1C=C3,CN(C)C=O,660.0
3200,CCCCCCCCCCOc1ccc2c3c(oc2c1)C1=C2C(=O)N4C=Cc5c(oc6cc(OCCCCCCCCCC)ccc56)C4=C2C(=O)N1C=C3,ClC(Cl)Cl,653.0
11116,Clc1nnc(O/N=C/c2ccc(N(c3ccccc3)c3ccccc3)cc2)nn1,ClCCl,520.0
3481,CCCCCCn1c2c(c3ccccc31)-c1c(c3ccccc3n1CCCCCC)-c1c(c3ccccc3n1CCCCCC)-c1c-2c2ccccc2n1CCCCCC,ClCCl,352.0
1389,CC(C)[Si](C#Cc1ccc(C#C[Si](C(C)C)(C(C)C)C(C)C)c2nc3c4ccccc4c(=O)c4ccccc4c3nc12)(C(C)C)C(C)C,ClCCl,455.0
11311,F[B-]1(F)OC(c2ccc(N3CCCC3)cc2)=Cc2cccc[n+]21,ClC(Cl)Cl,496.0
3477,CCCCCCn1c(=O)c2c3[nH]c4ccccc4sc3c3c(=O)n(CCCCCC)c(=O)c3c2c1=O,ClCCl,614.0
1115,CC(C)(C)c1ccc2c(c1)c1cc(C(C)(C)C)cc3c1n2B1c2c-3cccc2-c2cc(C(C)(C)C)cc3c4cc(C(C)(C)C)ccc4n1c23,C1CCOC1,384.0
14165,Oc1cc(N(c2ccccc2)c2ccccc2)ccc1-c1nc2c3ccccc3c3ccccc3c2[nH]1,CC#N,431.0
14166,Oc1cc(N(c2ccccc2)c2ccccc2)ccc1-c1nc2c3ccccc3c3ccccc3c2[nH]1,CCCCCC,413.0
14167,Oc1cc(N(c2ccccc2)c2ccccc2)ccc1-c1nc2c3ccccc3c3ccccc3c2[nH]1,CO,436.0
14168,Oc1cc(N(c2ccccc2)c2ccccc2)ccc1-c1nc2c3ccccc3c3ccccc3c2[nH]1,CS(C)=O,430.0
14169,Oc1cc(N(c2ccccc2)c2ccccc2)ccc1-c1nc2c3ccccc3c3ccccc3c2[nH]1,Cc1ccccc1,422.0
14170,Oc1cc(N(c2ccccc2)c2ccccc2)ccc1-c1nc2c3ccccc3c3ccccc3c2[nH]1,ClCCl,430.0
15001,c1ccc(N(c2ccccc2)c2ccc(-c3nc4c5ccccc5c5ccccc5c4[nH]3)cc2)cc1,C1COCCN1,419.0
15002,c1ccc(N(c2ccccc2)c2ccc(-c3nc4c5ccccc5c5ccccc5c4[nH]3)cc2)cc1,C1COCCO1,401.0
15003,c1ccc(N(c2ccccc2)c2ccc(-c3nc4c5ccccc5c5ccccc5c4[nH]3)cc2)cc1,CC(=O)O,502.0
15004,c1ccc(N(c2ccccc2)c2ccc(-c3nc4c5ccccc5c5ccccc5c4[nH]3)cc2)cc1,CCCCO,416.0
15005,c1ccc(N(c2ccccc2)c2ccc(-c3nc4c5ccccc5c5ccccc5c4[nH]3)cc2)cc1,CCO,417.0
14164,Oc1cc(N(c2ccccc2)c2ccccc2)ccc1-c1nc2c3ccccc3c3ccccc3c2[nH]1,C1CCOC1,420.0
8980,COc1ccc(O[B-]2(Oc3ccc(OC)cc3)n3c(C)cc(C)c3C(c3ccc(I)cc3)=C3C(C)=CC(C)=[N+]32)cc1,ClC(Cl)Cl,518.4875585
2052,CC1=CC(C)=[N+]2C1=C(c1ccc(I)cc1)c1c(C)cc(C)n1[B-]2(Oc1ccc(Cl)cc1)Oc1ccc(Cl)cc1,ClC(Cl)Cl,519.7006606
2053,CC1=CC(C)=[N+]2C1=C(c1ccc(I)cc1)c1c(C)cc(C)n1[B-]2(Oc1ccc([N+](=O)[O-])cc1)Oc1ccc([N+](=O)[O-])cc1,ClC(Cl)Cl,516.5027751
2054,CC1=CC(C)=[N+]2C1=C(c1ccc(I)cc1)c1c(C)cc(C)n1[B-]2(Oc1ccccc1)Oc1ccccc1,ClC(Cl)Cl,517.4953308
149,C(/C=C/C1=[NH+]c2cccc3cccc1c23)=c1/[nH]c2cccc3cccc1c32,CO,651.0
12753,O=C(O)CCCCCn1/c(=C/C=C/C2=[N+](CCCCCC(=O)O)c3cccc4cccc2c34)c2cccc3cccc1c32,CO,773.0
3948,CCCn1c2cccc3oc4cccc5c4[c+](c32)c2c1cccc2n5CCC,CC#N,590.0
11629,Fc1nc(F)c(F)c(/C=C2/C(c3c(F)c(F)nc(F)c3F)=Cc3ccccc32)c1F,CC#N,395.0
11867,N#CSC1=CC2=C(c3ccccc3)c3ccc(SC#N)n3[B-](F)(F)[N+]2=C1N1CCOCC1,CC#N,585.0
11868,N#CSC1=CC2=C(c3ccccc3)c3ccc(SC#N)n3[B-](F)(F)[N+]2=C1N1CCOCC1,CCCCCC,588.0
11869,N#CSC1=CC2=C(c3ccccc3)c3ccc(SC#N)n3[B-](F)(F)[N+]2=C1N1CCOCC1,CCOC(C)=O,589.0
11870,N#CSC1=CC2=C(c3ccccc3)c3ccc(SC#N)n3[B-](F)(F)[N+]2=C1N1CCOCC1,CO,583.0
11871,N#CSC1=CC2=C(c3ccccc3)c3ccc(SC#N)n3[B-](F)(F)[N+]2=C1N1CCOCC1,ClCCl,594.0
11872,N#CSc1ccc2n1[B-](F)(F)[N+]1=C(N3CCOCC3)C=CC1=C2c1ccccc1,CC#N,557.0
11873,N#CSc1ccc2n1[B-](F)(F)[N+]1=C(N3CCOCC3)C=CC1=C2c1ccccc1,CCCCCC,561.0
11874,N#CSc1ccc2n1[B-](F)(F)[N+]1=C(N3CCOCC3)C=CC1=C2c1ccccc1,CCOC(C)=O,560.0
11875,N#CSc1ccc2n1[B-](F)(F)[N+]1=C(N3CCOCC3)C=CC1=C2c1ccccc1,CO,559.0
11876,N#CSc1ccc2n1[B-](F)(F)[N+]1=C(N3CCOCC3)C=CC1=C2c1ccccc1,ClCCl,562.0
11499,F[B-]1(F)n2cccc2C(c2ccccc2)=C2C=CC(N3CCOCC3)=[N+]21,CC#N,550.0
11500,F[B-]1(F)n2cccc2C(c2ccccc2)=C2C=CC(N3CCOCC3)=[N+]21,CCCCCC,548.0
11501,F[B-]1(F)n2cccc2C(c2ccccc2)=C2C=CC(N3CCOCC3)=[N+]21,CCOC(C)=O,547.0
11502,F[B-]1(F)n2cccc2C(c2ccccc2)=C2C=CC(N3CCOCC3)=[N+]21,CO,542.0
11503,F[B-]1(F)n2cccc2C(c2ccccc2)=C2C=CC(N3CCOCC3)=[N+]21,ClCCl,553.0
13604,O=P1(c2ccccc2)C2=C(c3ccccc31)S(=O)(=O)c1ccccc12,CCO,471.0
13605,O=P1(c2ccccc2)C2=C(c3ccccc31)S(=O)(=O)c1ccccc12,ClCCl,466.0
13602,O=P1(c2ccccc2)C2=C(c3ccccc31)S(=O)(=O)c1ccccc12,C1CCCCC1,453.0
13603,O=P1(c2ccccc2)C2=C(c3ccccc31)S(=O)(=O)c1ccccc12,CC#N,465.0
15189,c1ccc2c(c1)Sc1ccccc1N2c1ccc2c(c1)C1(c3ccccc3-c3ccccc31)c1cc(N3c4ccccc4Sc4ccccc43)ccc1-2,Cc1ccccc1,498.0
169,C(=C(c1ccccc1)c1ccccc1)c1ccc(C=C(c2ccccc2)c2ccccc2)cc1,C1CCOC1,461.0
13268,O=C1c2ccccc2-c2cc3ccccc3c(=O)n21,CC#N,443.0
13269,O=C1c2ccccc2-c2cc3ccccc3c(=O)n21,CO,445.0
13270,O=C1c2ccccc2-c2cc3ccccc3c(=O)n21,CS(C)=O,455.0
13271,O=C1c2ccccc2-c2cc3ccccc3c(=O)n21,ClC(Cl)Cl,445.0
4388,CCN(CC)c1ccc2cc3c([o+]c2c1)/C(=C/Nc1ccccc1)CCC3,CCO,647.0
4389,CCN(CC)c1ccc2cc3c([o+]c2c1)/C(=C/Nc1ccccc1)CCC3,ClC(Cl)Cl,642.0
4390,CCN(CC)c1ccc2cc3c([o+]c2c1)/C(=C/Nc1ccccc1)CCC3,ClCCl,647.0
8559,COc1ccc(/C=C/c2ccc(/C=C/c3cc[n+]4ccc(/C=C/c5ccc(/C=C/c6ccc(OC)cc6)cc5)cc4c3)cc2)cc1,CO,620.0
9391,COc1ccccc1-c1nc2c3cccnc3c3ncccc3c2n1-c1ccccc1,Cc1ccccc1,396.0
14291,Oc1ccccc1-c1nc2c3cccnc3c3ncccc3c2n1-c1ccccc1,Cc1ccccc1,379.0
3476,CCCCCCn1c(=O)c2c3[nH]c4ccccc4oc3c3c(=O)n(CCCCCC)c(=O)c3c2c1=O,ClCCl,560.0
8335,COc1ccc(-c2nc3c(c4c2-c2ccc(C#N)cc2CC4)-c2ccc(C#N)cc2CC3)cc1,ClCCl,425.0
8336,COc1ccc(-c2nc3c(c4c2-c2ccccc2CC4)-c2ccccc2CC3)cc1,C1CCOC1,420.0
8337,COc1ccc(-c2nc3c(c4c2-c2ccccc2CC4)-c2ccccc2CC3)cc1,CC#N,416.0
8338,COc1ccc(-c2nc3c(c4c2-c2ccccc2CC4)-c2ccccc2CC3)cc1,CCCCCC,408.0
8339,COc1ccc(-c2nc3c(c4c2-c2ccccc2CC4)-c2ccccc2CC3)cc1,CCOC(C)=O,425.0
8340,COc1ccc(-c2nc3c(c4c2-c2ccccc2CC4)-c2ccccc2CC3)cc1,CO,428.0
8341,COc1ccc(-c2nc3c(c4c2-c2ccccc2CC4)-c2ccccc2CC3)cc1,CS(C)=O,415.0
8342,COc1ccc(-c2nc3c(c4c2-c2ccccc2CC4)-c2ccccc2CC3)cc1,Cc1ccccc1,419.0
8343,COc1ccc(-c2nc3c(c4c2-c2ccccc2CC4)-c2ccccc2CC3)cc1,ClCCl,424.0
3993,CCN(CC)c1ccc(-c2nc3c(c4c2-c2ccc(C#N)cc2CC4)-c2ccc(C#N)cc2CC3)cc1,C1CCOC1,499.0
3994,CCN(CC)c1ccc(-c2nc3c(c4c2-c2ccc(C#N)cc2CC4)-c2ccc(C#N)cc2CC3)cc1,CC#N,525.0
3995,CCN(CC)c1ccc(-c2nc3c(c4c2-c2ccc(C#N)cc2CC4)-c2ccc(C#N)cc2CC3)cc1,CCCCCC,455.0
3996,CCN(CC)c1ccc(-c2nc3c(c4c2-c2ccc(C#N)cc2CC4)-c2ccc(C#N)cc2CC3)cc1,CCOC(C)=O,494.0
3997,CCN(CC)c1ccc(-c2nc3c(c4c2-c2ccc(C#N)cc2CC4)-c2ccc(C#N)cc2CC3)cc1,CO,525.0
3998,CCN(CC)c1ccc(-c2nc3c(c4c2-c2ccc(C#N)cc2CC4)-c2ccc(C#N)cc2CC3)cc1,CS(C)=O,541.0
3999,CCN(CC)c1ccc(-c2nc3c(c4c2-c2ccc(C#N)cc2CC4)-c2ccc(C#N)cc2CC3)cc1,Cc1ccccc1,474.0
4000,CCN(CC)c1ccc(-c2nc3c(c4c2-c2ccc(C#N)cc2CC4)-c2ccc(C#N)cc2CC3)cc1,ClCCl,493.0
4001,CCN(CC)c1ccc(-c2nc3c(c4c2-c2ccccc2CC4)-c2ccccc2CC3)cc1,C1CCOC1,452.0
4002,CCN(CC)c1ccc(-c2nc3c(c4c2-c2ccccc2CC4)-c2ccccc2CC3)cc1,CC#N,463.0
4003,CCN(CC)c1ccc(-c2nc3c(c4c2-c2ccccc2CC4)-c2ccccc2CC3)cc1,CCCCCC,425.0
4004,CCN(CC)c1ccc(-c2nc3c(c4c2-c2ccccc2CC4)-c2ccccc2CC3)cc1,CCOC(C)=O,449.0
4005,CCN(CC)c1ccc(-c2nc3c(c4c2-c2ccccc2CC4)-c2ccccc2CC3)cc1,CO,461.0
4006,CCN(CC)c1ccc(-c2nc3c(c4c2-c2ccccc2CC4)-c2ccccc2CC3)cc1,CS(C)=O,470.0
4007,CCN(CC)c1ccc(-c2nc3c(c4c2-c2ccccc2CC4)-c2ccccc2CC3)cc1,Cc1ccccc1,437.0
4008,CCN(CC)c1ccc(-c2nc3c(c4c2-c2ccccc2CC4)-c2ccccc2CC3)cc1,ClCCl,449.0
14785,c1ccc(-c2nc3c(c4c2-c2ccccc2CC4)-c2ccccc2CC3)cc1,CO,362.0
5037,CCOc1cccc(-c2nc3c(c4c2-c2ccccc2CC4)-c2ccccc2CC3)c1O,ClCCl,406.0
14786,c1ccc(-c2nc3c(c4c2-c2ccccc2CC4)-c2ccccc2CC3)cc1,CS(C)=O,360.0
14781,c1ccc(-c2nc3c(c4c2-c2ccccc2CC4)-c2ccccc2CC3)cc1,C1CCOC1,362.0
14782,c1ccc(-c2nc3c(c4c2-c2ccccc2CC4)-c2ccccc2CC3)cc1,CC#N,360.0
14783,c1ccc(-c2nc3c(c4c2-c2ccccc2CC4)-c2ccccc2CC3)cc1,CCCCCC,363.0
14784,c1ccc(-c2nc3c(c4c2-c2ccccc2CC4)-c2ccccc2CC3)cc1,CCOC(C)=O,359.0
5685,CN(C)c1ccc(-c2nc3c(c4c2-c2ccc(C#N)cc2CC4)-c2ccc(C#N)cc2CC3)cc1,C1CCOC1,500.0
5686,CN(C)c1ccc(-c2nc3c(c4c2-c2ccc(C#N)cc2CC4)-c2ccc(C#N)cc2CC3)cc1,CC#N,505.0
5687,CN(C)c1ccc(-c2nc3c(c4c2-c2ccc(C#N)cc2CC4)-c2ccc(C#N)cc2CC3)cc1,CCCCCC,444.0
5688,CN(C)c1ccc(-c2nc3c(c4c2-c2ccc(C#N)cc2CC4)-c2ccc(C#N)cc2CC3)cc1,CCOC(C)=O,489.0
5689,CN(C)c1ccc(-c2nc3c(c4c2-c2ccc(C#N)cc2CC4)-c2ccc(C#N)cc2CC3)cc1,CO,489.0
5690,CN(C)c1ccc(-c2nc3c(c4c2-c2ccc(C#N)cc2CC4)-c2ccc(C#N)cc2CC3)cc1,CS(C)=O,516.0
5691,CN(C)c1ccc(-c2nc3c(c4c2-c2ccc(C#N)cc2CC4)-c2ccc(C#N)cc2CC3)cc1,Cc1ccccc1,469.0
5692,CN(C)c1ccc(-c2nc3c(c4c2-c2ccc(C#N)cc2CC4)-c2ccc(C#N)cc2CC3)cc1,ClCCl,482.0
5693,CN(C)c1ccc(-c2nc3c(c4c2-c2ccccc2CC4)-c2ccccc2CC3)cc1,C1CCOC1,452.0
5694,CN(C)c1ccc(-c2nc3c(c4c2-c2ccccc2CC4)-c2ccccc2CC3)cc1,CC#N,463.0
5695,CN(C)c1ccc(-c2nc3c(c4c2-c2ccccc2CC4)-c2ccccc2CC3)cc1,CCCCCC,422.0
5696,CN(C)c1ccc(-c2nc3c(c4c2-c2ccccc2CC4)-c2ccccc2CC3)cc1,CCOC(C)=O,449.0
5697,CN(C)c1ccc(-c2nc3c(c4c2-c2ccccc2CC4)-c2ccccc2CC3)cc1,CO,460.0
5698,CN(C)c1ccc(-c2nc3c(c4c2-c2ccccc2CC4)-c2ccccc2CC3)cc1,CS(C)=O,470.0
5699,CN(C)c1ccc(-c2nc3c(c4c2-c2ccccc2CC4)-c2ccccc2CC3)cc1,Cc1ccccc1,436.0
5700,CN(C)c1ccc(-c2nc3c(c4c2-c2ccccc2CC4)-c2ccccc2CC3)cc1,ClCCl,449.0
12237,N#Cc1ccc2c(c1)CCc1nc(-c3ccc([N+](=O)[O-])cc3)c3c(c1-2)CCc1cc(C#N)ccc1-3,C1CCOC1,469.0
12238,N#Cc1ccc2c(c1)CCc1nc(-c3ccc([N+](=O)[O-])cc3)c3c(c1-2)CCc1cc(C#N)ccc1-3,CC#N,525.0
12239,N#Cc1ccc2c(c1)CCc1nc(-c3ccc([N+](=O)[O-])cc3)c3c(c1-2)CCc1cc(C#N)ccc1-3,CCCCCC,413.0
12240,N#Cc1ccc2c(c1)CCc1nc(-c3ccc([N+](=O)[O-])cc3)c3c(c1-2)CCc1cc(C#N)ccc1-3,CCOC(C)=O,452.0
12241,N#Cc1ccc2c(c1)CCc1nc(-c3ccc([N+](=O)[O-])cc3)c3c(c1-2)CCc1cc(C#N)ccc1-3,CO,475.0
12242,N#Cc1ccc2c(c1)CCc1nc(-c3ccc([N+](=O)[O-])cc3)c3c(c1-2)CCc1cc(C#N)ccc1-3,CS(C)=O,510.0
12243,N#Cc1ccc2c(c1)CCc1nc(-c3ccc([N+](=O)[O-])cc3)c3c(c1-2)CCc1cc(C#N)ccc1-3,Cc1ccccc1,443.0
12244,N#Cc1ccc2c(c1)CCc1nc(-c3ccc([N+](=O)[O-])cc3)c3c(c1-2)CCc1cc(C#N)ccc1-3,ClCCl,475.0
13777,O=[N+]([O-])c1ccc(-c2nc3c(c4c2-c2ccccc2CC4)-c2ccccc2CC3)cc1,CC#N,560.0
13778,O=[N+]([O-])c1ccc(-c2nc3c(c4c2-c2ccccc2CC4)-c2ccccc2CC3)cc1,CS(C)=O,563.0
13779,O=[N+]([O-])c1ccc(-c2nc3c(c4c2-c2ccccc2CC4)-c2ccccc2CC3)cc1,ClCCl,540.0
14787,c1ccc(-c2nc3c(c4c2-c2ccccc2CC4)-c2ccccc2CC3)cc1,Cc1ccccc1,361.0
14788,c1ccc(-c2nc3c(c4c2-c2ccccc2CC4)-c2ccccc2CC3)cc1,ClCCl,361.0
14288,Oc1ccccc1-c1nc2c(c3c1-c1ccccc1CC3)-c1ccccc1CC2,ClCCl,413.0
13826,O=[N+]([O-])c1ccc(O)c(-c2nc3c(c4c2-c2ccccc2CC4)-c2ccccc2CC3)c1,ClCCl,541.0
14212,Oc1ccc(Br)cc1-c1nc2c(c3c1-c1ccccc1CC3)-c1ccccc1CC2,ClCCl,421.0
8328,COc1ccc(-c2nc3c(c4c2-c2ccc(C#N)cc2CC4)-c2ccc(C#N)cc2CC3)cc1,C1CCOC1,426.0
8329,COc1ccc(-c2nc3c(c4c2-c2ccc(C#N)cc2CC4)-c2ccc(C#N)cc2CC3)cc1,CC#N,430.0
8330,COc1ccc(-c2nc3c(c4c2-c2ccc(C#N)cc2CC4)-c2ccc(C#N)cc2CC3)cc1,CCCCCC,420.0
8331,COc1ccc(-c2nc3c(c4c2-c2ccc(C#N)cc2CC4)-c2ccc(C#N)cc2CC3)cc1,CCOC(C)=O,423.0
8332,COc1ccc(-c2nc3c(c4c2-c2ccc(C#N)cc2CC4)-c2ccc(C#N)cc2CC3)cc1,CO,426.0
8333,COc1ccc(-c2nc3c(c4c2-c2ccc(C#N)cc2CC4)-c2ccc(C#N)cc2CC3)cc1,CS(C)=O,435.0
8334,COc1ccc(-c2nc3c(c4c2-c2ccc(C#N)cc2CC4)-c2ccc(C#N)cc2CC3)cc1,Cc1ccccc1,422.0
15335,c1csc(-c2ccc3c4ccc(-c5cccs5)cc4n(-c4cccs4)c3c2)c1,ClCCl,387.0
1539,CC1(C)C(/C=C/C=C/C=C/C=C2/N(CCCCCC(=O)O)c3ccc(S(=O)(=O)[O-])cc3C2(C)C)=[N+](CCCCS(=O)(=O)[O-])c2ccc(S(=O)(=O)[O-])cc21,CO,774.0
1540,CC1(C)C(/C=C/C=C/C=C/C=C2/N(CCCCCC(=O)O)c3ccc(S(=O)(=O)[O-])cc3C2(C)C)=[N+](CCCCS(=O)(=O)[O-])c2ccc(S(=O)(=O)[O-])cc21,O,771.0
1541,CC1(C)C(/C=C/C=C/C=C/C=C2/N(CS(=O)(=O)[O-])c3ccc(S(=O)(=O)[O-])cc3C2(C)C)=[N+](CS(=O)(=O)[O-])c2ccc(S(=O)(=O)[O-])cc21,CO,776.0
1542,CC1(C)C(/C=C/C=C/C=C/C=C2/N(CS(=O)(=O)[O-])c3ccc(S(=O)(=O)[O-])cc3C2(C)C)=[N+](CS(=O)(=O)[O-])c2ccc(S(=O)(=O)[O-])cc21,O,771.0
1543,CC1(C)C(/C=C/C=C/C=C/C=C2/N(S(=O)(=O)[O-])c3ccc(S(=O)(=O)[O-])cc3C2(C)C)=[N+](S(=O)(=O)[O-])c2ccc(S(=O)(=O)[O-])cc21,CO,776.0
1544,CC1(C)C(/C=C/C=C/C=C/C=C2/N(S(=O)(=O)[O-])c3ccc(S(=O)(=O)[O-])cc3C2(C)C)=[N+](S(=O)(=O)[O-])c2ccc(S(=O)(=O)[O-])cc21,O,771.0
5087,CC[N+]1=C(/C=C/C=C/C=C/C=C2/N(CCCCCC(=O)O)c3ccc(S(=O)(=O)[O-])cc3C2(C)C)C(C)(C)c2cc(S(=O)(=O)[O-])ccc21,CO,773.0
5088,CC[N+]1=C(/C=C/C=C/C=C/C=C2/N(CCCCCC(=O)O)c3ccc(S(=O)(=O)[O-])cc3C2(C)C)C(C)(C)c2cc(S(=O)(=O)[O-])ccc21,O,769.0
10156,Cc1cc2[nH]c3ccccc3c2c2[nH]c3ccccc3c12,ClCCl,355.0
11715,N#CC(/N=C/c1c(O)ccc2ccccc12)=C(C#N)/N=C/c1c(O)ccc2ccccc12,CC#N,560.0
9696,Cc1c(C)c(-c2cccnc2)c(C)c(C)c1B(c1c(C)c(C)c(-c2cccnc2)c(C)c1C)c1c(C)c(C)c(-c2cccnc2)c(C)c1C,ClCCl,403.0
12904,O=C(c1ccc(N2c3ccccc3Oc3ccccc32)cc1)c1cccc(C(=O)c2ccc(N3c4ccccc4Oc4ccccc43)cc2)c1,Cc1ccccc1,566.0
12905,O=C(c1ccc(N2c3ccccc3Oc3ccccc32)cc1)c1cccc(C(=O)c2ccc(N3c4ccccc4Oc4ccccc43)cc2)c1,c1cc(-c2cccc(-n3c4ccccc4c4ccccc43)c2)cc(-n2c3ccccc3c3ccccc32)c1,541.0
958,CC(C)(C)c1ccc(-c2ccc3c(-c4ccc(C(C)(C)C)c5ccccc45)cc4c5cc(-c6ccc(C(C)(C)C)c7ccccc67)ccc5c(-c5ccc(C(C)(C)C)c6ccccc56)cc4c3c2)c2ccccc12,ClCCl,405.0
14463,c1cc2c3ccc[n+]4cccc(c5ccc[n+](c1)c25)c34,CC#N,442.0
14464,c1cc2c3ccc[n+]4cccc(c5ccc[n+](c1)c25)c34,CS(C)=O,443.0
14465,c1cc2c3ccc[n+]4cccc(c5ccc[n+](c1)c25)c34,C[N+](=O)[O-],441.0
14466,c1cc2c3ccc[n+]4cccc(c5ccc[n+](c1)c25)c34,O,441.0
15332,c1csc(-c2ccc(-c3cccs3)c3nsnc23)c1,ClC(Cl)Cl,565.0
403,C(=N/c1ccc(-c2cn3nc(-c4cccs4)sc3n2)cc1)\c1ccc2ccc3cccc4ccc1c2c34,ClC(Cl)Cl,572.0
4897,CCOC(=O)c1cc(C(=O)NCc2ccccc2)c2ccc(N(C)C)cc2n1,CCO,586.0
6463,CN(C)c1ccc2c(C(=O)NCc3ccccc3)cc(C(=O)[O-])nc2c1,CCO,603.0
7634,COc1c(/C=N/Nc2ccc(C#N)cc2)ccc2ccccc12,CC#N,458.0
7635,COc1c(/C=N/Nc2ccc(C#N)cc2)ccc2ccccc12,CCCCCC,448.0
7636,COc1c(/C=N/Nc2ccc(C#N)cc2)ccc2ccccc12,CO,472.0
7637,COc1c(/C=N/Nc2ccc(C#N)cc2)ccc2ccccc12,CS(C)=O,463.0
7638,COc1c(/C=N/Nc2ccc(C#N)cc2)ccc2ccccc12,ClC(Cl)Cl,453.0
9771,Cc1cc(-c2ccc(-n3c4ccccc4c4ccccc43)cc2)nc(-c2ccc(-c3ccccc3)cc2)n1,C1CCOC1,422.0
9772,Cc1cc(-c2ccc(-n3c4ccccc4c4ccccc43)cc2)nc(-c2ccc(-c3ccccc3)cc2)n1,CN(C)C=O,458.0
9773,Cc1cc(-c2ccc(-n3c4ccccc4c4ccccc43)cc2)nc(-c2ccc(-c3ccccc3)cc2)n1,Cc1ccccc1,392.0
9774,Cc1cc(-c2ccc(-n3c4ccccc4c4ccccc43)cc2)nc(-c2ccc(-c3ccccc3)cc2)n1,ClC(Cl)Cl,423.0
2899,CCCCC1(c2ccccc2)Nc2c(-c3ccc(N(C)c4ccccc4)cc3)ccc(-c3ccc(N(C)c4ccccc4)cc3)c2N=C1c1ccccc1,C1CCOC1,580.0
2900,CCCCC1(c2ccccc2)Nc2c(-c3ccc(N(C)c4ccccc4)cc3)ccc(-c3ccc(N(C)c4ccccc4)cc3)c2N=C1c1ccccc1,CC#N,602.0
2901,CCCCC1(c2ccccc2)Nc2c(-c3ccc(N(C)c4ccccc4)cc3)ccc(-c3ccc(N(C)c4ccccc4)cc3)c2N=C1c1ccccc1,CCCCCC,553.0
2902,CCCCC1(c2ccccc2)Nc2c(-c3ccc(N(C)c4ccccc4)cc3)ccc(-c3ccc(N(C)c4ccccc4)cc3)c2N=C1c1ccccc1,CN(C)C=O,603.0
2903,CCCCC1(c2ccccc2)Nc2c(-c3ccc(N(C)c4ccccc4)cc3)ccc(-c3ccc(N(C)c4ccccc4)cc3)c2N=C1c1ccccc1,Cc1ccccc1,573.0
2904,CCCCC1(c2ccccc2)Nc2c(-c3ccc(N(C)c4ccccc4)cc3)ccc(-c3ccc(N(C)c4ccccc4)cc3)c2N=C1c1ccccc1,ClC(Cl)Cl,589.0
6839,CN1CCN(c2cccc(/C=C/c3ncc(-c4ccc(OCc5ccccc5)c(OCc5ccccc5)c4)o3)c2)CC1,ClCCl,465.0
10768,Cc1ccc2ccc3c(c2n1)N/C(=C\C1=C([O-])/C(=C/C2=[NH+]c4c(ccc5ccc(C)nc45)C2(C)C)C1=O)C3(C)C,C1CCCCC1,713.0
10769,Cc1ccc2ccc3c(c2n1)N/C(=C\C1=C([O-])/C(=C/C2=[NH+]c4c(ccc5ccc(C)nc45)C2(C)C)C1=O)C3(C)C,C1CCOC1,711.0
10770,Cc1ccc2ccc3c(c2n1)N/C(=C\C1=C([O-])/C(=C/C2=[NH+]c4c(ccc5ccc(C)nc45)C2(C)C)C1=O)C3(C)C,C1COCCO1,708.0
10771,Cc1ccc2ccc3c(c2n1)N/C(=C\C1=C([O-])/C(=C/C2=[NH+]c4c(ccc5ccc(C)nc45)C2(C)C)C1=O)C3(C)C,CC#N,705.0
10772,Cc1ccc2ccc3c(c2n1)N/C(=C\C1=C([O-])/C(=C/C2=[NH+]c4c(ccc5ccc(C)nc45)C2(C)C)C1=O)C3(C)C,CN(C)C=O,716.0
10773,Cc1ccc2ccc3c(c2n1)N/C(=C\C1=C([O-])/C(=C/C2=[NH+]c4c(ccc5ccc(C)nc45)C2(C)C)C1=O)C3(C)C,CO,703.0
10774,Cc1ccc2ccc3c(c2n1)N/C(=C\C1=C([O-])/C(=C/C2=[NH+]c4c(ccc5ccc(C)nc45)C2(C)C)C1=O)C3(C)C,CS(C)=O,717.0
10775,Cc1ccc2ccc3c(c2n1)N/C(=C\C1=C([O-])/C(=C/C2=[NH+]c4c(ccc5ccc(C)nc45)C2(C)C)C1=O)C3(C)C,Cc1ccccc1,718.0
10776,Cc1ccc2ccc3c(c2n1)N/C(=C\C1=C([O-])/C(=C/C2=[NH+]c4c(ccc5ccc(C)nc45)C2(C)C)C1=O)C3(C)C,ClC(Cl)Cl,708.0
4444,CCN1/C(=C\C2=C([O-])/C(=C/C3=[N+](CC)c4c(ccc5ccc(C)nc45)C3(C)C)C2=O)C(C)(C)c2ccc3ccc(C)nc3c21,C1CCCCC1,700.0
4445,CCN1/C(=C\C2=C([O-])/C(=C/C3=[N+](CC)c4c(ccc5ccc(C)nc45)C3(C)C)C2=O)C(C)(C)c2ccc3ccc(C)nc3c21,C1CCOC1,699.0
4446,CCN1/C(=C\C2=C([O-])/C(=C/C3=[N+](CC)c4c(ccc5ccc(C)nc45)C3(C)C)C2=O)C(C)(C)c2ccc3ccc(C)nc3c21,C1COCCO1,698.0
4447,CCN1/C(=C\C2=C([O-])/C(=C/C3=[N+](CC)c4c(ccc5ccc(C)nc45)C3(C)C)C2=O)C(C)(C)c2ccc3ccc(C)nc3c21,CC#N,697.0
4448,CCN1/C(=C\C2=C([O-])/C(=C/C3=[N+](CC)c4c(ccc5ccc(C)nc45)C3(C)C)C2=O)C(C)(C)c2ccc3ccc(C)nc3c21,CN(C)C=O,705.0
4449,CCN1/C(=C\C2=C([O-])/C(=C/C3=[N+](CC)c4c(ccc5ccc(C)nc45)C3(C)C)C2=O)C(C)(C)c2ccc3ccc(C)nc3c21,CO,691.0
4450,CCN1/C(=C\C2=C([O-])/C(=C/C3=[N+](CC)c4c(ccc5ccc(C)nc45)C3(C)C)C2=O)C(C)(C)c2ccc3ccc(C)nc3c21,CS(C)=O,707.0
4451,CCN1/C(=C\C2=C([O-])/C(=C/C3=[N+](CC)c4c(ccc5ccc(C)nc45)C3(C)C)C2=O)C(C)(C)c2ccc3ccc(C)nc3c21,Cc1ccccc1,706.0
4452,CCN1/C(=C\C2=C([O-])/C(=C/C3=[N+](CC)c4c(ccc5ccc(C)nc45)C3(C)C)C2=O)C(C)(C)c2ccc3ccc(C)nc3c21,ClC(Cl)Cl,702.0
10340,Cc1ccc(-n2c(-c3cccc4cc[n-]c34)[nH+]c3c4ccccc4c4ccccc4c32)cc1,Cc1ccccc1,566.0
15084,c1ccc([B-]2(c3ccccc3)Oc3ccc4ccccc4c3-c3c4ccccc4nc[n+]32)cc1,Cc1ccccc1,543.0
199,C(=C/c1cc2ccccc2c2ccccc12)\c1cc2ccccc2c2ccccc12,C1CCOC1,416.0
5545,CN(C)c1cc(-c2ccccc2)cc2ccccc12,ClCCl,422.0
9183,COc1ccc2cc(-c3ccc([N+](=O)[O-])cc3)ccc2c1,C1CCOC1,534.0
9184,COc1ccc2cc(-c3ccc([N+](=O)[O-])cc3)ccc2c1,CC#N,647.0
9185,COc1ccc2cc(-c3ccc([N+](=O)[O-])cc3)ccc2c1,ClC(Cl)Cl,573.0
9186,COc1ccc2cc(-c3ccc([N+](=O)[O-])cc3)ccc2c1,ClCCl,591.0
11079,Clc1ccc(/C=C/c2ccc(-c3nc4c5cccnc5c5ncccc5c4[nH]3)cc2)cc1,ClCCl,467.0
11076,Clc1ccc(/C=C/c2ccc(-c3nc4c5cccnc5c5ncccc5c4[nH]3)cc2)cc1,C1CCOC1,463.0
11077,Clc1ccc(/C=C/c2ccc(-c3nc4c5cccnc5c5ncccc5c4[nH]3)cc2)cc1,CC#N,471.0
11078,Clc1ccc(/C=C/c2ccc(-c3nc4c5cccnc5c5ncccc5c4[nH]3)cc2)cc1,CO,473.0
1632,CC1(C)CC(=O)c2c(F)c(F)cc(F)c2N1,CCO,499.0
737,CC(=O)c1cc2c(cc1F)NC(C)(C)CC2=O,CC#N,417.0
738,CC(=O)c1cc2c(cc1F)NC(C)(C)CC2=O,CCO,457.0
1633,CC1(C)CC(=O)c2cc(F)c(F)cc2N1,CC#N,435.0
1634,CC1(C)CC(=O)c2cc(F)c(F)cc2N1,CCO,472.0
1635,CC1(C)CC(=O)c2cc(F)cc(F)c2N1,CC#N,455.0
1636,CC1(C)CC(=O)c2cc(F)cc(F)c2N1,CCO,492.0
1637,CC1(C)CC(=O)c2ccc(F)cc2N1,CC#N,421.0
1638,CC1(C)CC(=O)c2ccc(F)cc2N1,CCO,461.0
1639,CC1(C)CC(=O)c2ccccc2N1,CC#N,439.0
1640,CC1(C)CC(=O)c2ccccc2N1,CCO,483.0
1631,CC1(C)CC(=O)c2c(F)c(F)cc(F)c2N1,CC#N,459.0
1627,CC1(C)CC(=O)c2c(F)c(C(F)(F)F)c(F)c(F)c2N1,CC#N,419.0
1307,CC(C)=CC(=O)c1cc2c(cc1F)NC(C)(C)CC2=O,CC#N,422.0
1308,CC(C)=CC(=O)c1cc2c(cc1F)NC(C)(C)CC2=O,CCO,459.0
1629,CC1(C)CC(=O)c2c(F)c(F)c(F)c(F)c2N1,CC#N,449.0
1630,CC1(C)CC(=O)c2c(F)c(F)c(F)c(F)c2N1,CCO,479.0
1628,CC1(C)CC(=O)c2c(F)c(C(F)(F)F)c(F)c(F)c2N1,CCO,453.0
7318,COC(=O)c1cc(=O)n(C)c2cc(-c3ccc4c(c3)OCCO4)sc12,CC#N,478.0
7319,COC(=O)c1cc(=O)n(C)c2cc(-c3ccc4c(c3)OCCO4)sc12,ClCCl,473.0
13763,O=S1(=O)c2ccc(-c3ccc4c(c3)c3ccccc3n4-c3ccccc3)cc2C2(c3cc(-c4ccc5c(c4)c4ccccc4n5-c4ccccc4)ccc31)c1cc(-c3ccc4c(c3)c3ccccc3n4-c3ccccc3)ccc1S(=O)(=O)c1ccc(-c3ccc4c(c3)c3ccccc3n4-c3ccccc3)cc12,CC1CCCO1,413.0
255,C(=C/c1cccc(/C=C/c2c3ccccc3cc3ccccc23)c1)\c1ccncc1,C1CCOC1,475.0
9695,Cc1c(C)c(-c2ccc(-c3cccnc3)cc2)c(C)c(C)c1B(c1c(C)c(C)c(-c2ccc(-c3cccnc3)cc2)c(C)c1C)c1c(C)c(C)c(-c2ccc(-c3cccnc3)cc2)c(C)c1C,ClCCl,404.0
9947,Cc1cc(C)c(B(c2ccccc2-n2c3ccccc3c3ccccc32)c2c(C)cc(C)cc2C)c(C)c1,CC(C)=O,485.8247423
9948,Cc1cc(C)c(B(c2ccccc2-n2c3ccccc3c3ccccc32)c2c(C)cc(C)cc2C)c(C)c1,Cc1ccccc1,463.0
9949,Cc1cc(C)c(B(c2ccccc2-n2c3ccccc3c3ccccc32)c2c(C)cc(C)cc2C)c(C)c1,ClCCl,478.6082474
13580,O=P(c1ccccc1)(c1ccccc1)n1c2ccccc2c2ccccc21,C1CCOC1,360.0
13581,O=P(c1ccccc1)(c1ccccc1)n1c2ccccc2c2ccccc21,CC(C)=O,406.0
13582,O=P(c1ccccc1)(c1ccccc1)n1c2ccccc2c2ccccc21,Cc1ccccc1,372.0
13583,O=P(c1ccccc1)(c1ccccc1)n1c2ccccc2c2ccccc21,ClCCl,355.0
15252,c1ccc2c3c(ccc2c1)-c1cccc2c1c-3cc1ccccc12,CCCCCCC,482.0
4982,CCOC(=O)c1sc2nc(-c3ccc(OC)cc3)c(C)c(C#N)c2c1N,c1ccccc1,545.0
4983,CCOC(=O)c1sc2nc(-c3ccccc3)c(C)c(C#N)c2c1N,C1COCCO1,554.0
4984,CCOC(=O)c1sc2nc(-c3ccccc3)c(C)c(C#N)c2c1N,CC#N,570.0
4985,CCOC(=O)c1sc2nc(-c3ccccc3)c(C)c(C#N)c2c1N,CCO,580.0
4986,CCOC(=O)c1sc2nc(-c3ccccc3)c(C)c(C#N)c2c1N,CCOC(C)=O,558.0
4987,CCOC(=O)c1sc2nc(-c3ccccc3)c(C)c(C#N)c2c1N,ClC(Cl)Cl,550.0
4988,CCOC(=O)c1sc2nc(-c3ccccc3)c(C)c(C#N)c2c1N,c1ccccc1,549.0
791,CC(=O)c1nc(-c2ccc(N(c3ccccc3)c3ccccc3)cc2)oc1C,CC#N,452.0
792,CC(=O)c1nc(-c2ccc(N(c3ccccc3)c3ccccc3)cc2)oc1C,CCCCCC,385.0
793,CC(=O)c1nc(-c2ccc(N(c3ccccc3)c3ccccc3)cc2)oc1C,CCO,468.0
794,CC(=O)c1nc(-c2ccc(N(c3ccccc3)c3ccccc3)cc2)oc1C,CCOC(C)=O,419.0
795,CC(=O)c1nc(-c2ccc(N(c3ccccc3)c3ccccc3)cc2)oc1C,CCOCC,408.0
796,CC(=O)c1nc(-c2ccc(N(c3ccccc3)c3ccccc3)cc2)oc1C,ClCCl,448.0
15143,c1ccc2c(c1)-c1c(ccc3ccccc13)C21c2cc(-c3ccc4ccc5cccc6ccc3c4c56)ccc2-c2ccc(-c3ccc4ccc5cccc6ccc3c4c56)cc21,ClC(Cl)Cl,422.0
1763,CC1(C)c2ccccc2N(c2cc[n+]3c(c2)-c2ccccc2O[B-]3(F)F)c2ccccc21,Cc1ccccc1,540.0
1764,CC1(C)c2ccccc2N(c2cc[n+]3c(c2)-c2ccccc2O[B-]3(F)F)c2ccccc21,O=P(c1ccccc1)(c1ccccc1)c1ccccc1Oc1ccccc1P(=O)(c1ccccc1)c1ccccc1,542.0
8078,COc1cc2c3cc(OC)c(OC)cc3c3cc4c(C)cc(=O)oc4cc3c2cc1OC,C1CCOC1,489.0
8079,COc1cc2c3cc(OC)c(OC)cc3c3cc4c(C)cc(=O)oc4cc3c2cc1OC,CO,556.0
8080,COc1cc2c3cc(OC)c(OC)cc3c3cc4c(C)cc(=O)oc4cc3c2cc1OC,CS(C)=O,519.0
8081,COc1cc2c3cc(OC)c(OC)cc3c3cc4c(C)cc(=O)oc4cc3c2cc1OC,Cc1ccccc1,463.0
8082,COc1cc2c3cc(OC)c(OC)cc3c3cc4c(C)cc(=O)oc4cc3c2cc1OC,ClC(Cl)Cl,491.0
9149,COc1ccc2c3ccc(OC)cc3c3cc4c(C)cc(=O)oc4cc3c2c1,ClC(Cl)Cl,475.0
9854,Cc1cc(=O)oc2cc3c4ccccc4c4ccccc4c3cc12,C1CCOC1,410.0
9855,Cc1cc(=O)oc2cc3c4ccccc4c4ccccc4c3cc12,CC#N,419.0
9856,Cc1cc(=O)oc2cc3c4ccccc4c4ccccc4c3cc12,CO,420.0
9857,Cc1cc(=O)oc2cc3c4ccccc4c4ccccc4c3cc12,CS(C)=O,418.0
9858,Cc1cc(=O)oc2cc3c4ccccc4c4ccccc4c3cc12,Cc1ccccc1,410.0
9859,Cc1cc(=O)oc2cc3c4ccccc4c4ccccc4c3cc12,ClC(Cl)Cl,415.0
7875,COc1cc(OC)c2c(c1)c1cc3oc(=O)cc(C)c3cc1c1cc(OC)cc(OC)c12,ClC(Cl)Cl,538.0
10756,Cc1ccc2c3ccc(C)cc3c3cc4c(C)cc(=O)oc4cc3c2c1,ClC(Cl)Cl,422.0
642,CC(=O)Nc1ccc2c3cccc4cccc(c5cccc1c52)c43,C1COCCO1,471.0
643,CC(=O)Nc1ccc2c3cccc4cccc(c5cccc1c52)c43,CC#N,471.0
644,CC(=O)Nc1ccc2c3cccc4cccc(c5cccc1c52)c43,CCCCOCCCC,471.0
645,CC(=O)Nc1ccc2c3cccc4cccc(c5cccc1c52)c43,CCOC(C)=O,471.0
14122,OCc1ccc2c3cccc4cccc(c5cccc1c52)c43,CCO,446.0
12588,Nc1ccc2c3cccc4cccc(c5cccc1c52)c43,C1CCCCC1,500.0
12589,Nc1ccc2c3cccc4cccc(c5cccc1c52)c43,C1CCOC1,564.0
12590,Nc1ccc2c3cccc4cccc(c5cccc1c52)c43,C1COCCO1,549.0
12592,Nc1ccc2c3cccc4cccc(c5cccc1c52)c43,CC(C)=O,574.0
12593,Nc1ccc2c3cccc4cccc(c5cccc1c52)c43,CCCCOCCCC,540.0
12594,Nc1ccc2c3cccc4cccc(c5cccc1c52)c43,CCOC(C)=O,555.0
12595,Nc1ccc2c3cccc4cccc(c5cccc1c52)c43,CN(C)C=O,588.0
12596,Nc1ccc2c3cccc4cccc(c5cccc1c52)c43,CO,577.0
12597,Nc1ccc2c3cccc4cccc(c5cccc1c52)c43,ClCCl,543.0
14524,c1cc2cccc3c4cccc5cccc(c(c1)c23)c54,C1CCCCC1,438.3950112
14525,c1cc2cccc3c4cccc5cccc(c(c1)c23)c54,ClC(Cl)Cl,443.0
14526,c1cc2cccc3c4cccc5cccc(c(c1)c23)c54,ClCCl,448.0
9153,COc1ccc2c3cccc4c(OC)ccc(c5cccc1c52)c43,C1CCOC1,463.9927447
9154,COc1ccc2c3cccc4c(OC)ccc(c5cccc1c52)c43,Cc1ccccc1,465.9942475
9155,COc1ccc2c3cccc4c(OC)ccc(c5cccc1c52)c43,ClC(Cl)(Cl)Cl,467.9866603
9156,COc1ccc2c3cccc4c(OC)ccc(c5cccc1c52)c43,ClC(Cl)Cl,467.9787336
9157,COc1ccc2c3cccc4c(OC)ccc(c5cccc1c52)c43,ClCCl,466.9952862
9158,COc1ccc2c3cccc4c(OC)ccc(c5cccc1c52)c43,c1ccncc1,469.9850589
3016,CCCCCCCC(=O)Oc1ccc2c3cccc4c(OC(=O)CCCCCCC)ccc(c5cccc1c52)c43,C1CCOC1,454.0107514
3017,CCCCCCCC(=O)Oc1ccc2c3cccc4c(OC(=O)CCCCCCC)ccc(c5cccc1c52)c43,Cc1ccccc1,456.9876679
3018,CCCCCCCC(=O)Oc1ccc2c3cccc4c(OC(=O)CCCCCCC)ccc(c5cccc1c52)c43,ClC(Cl)(Cl)Cl,456.9876679
3019,CCCCCCCC(=O)Oc1ccc2c3cccc4c(OC(=O)CCCCCCC)ccc(c5cccc1c52)c43,ClC(Cl)Cl,456.006236
3020,CCCCCCCC(=O)Oc1ccc2c3cccc4c(OC(=O)CCCCCCC)ccc(c5cccc1c52)c43,ClCCl,455.0023159
3021,CCCCCCCC(=O)Oc1ccc2c3cccc4c(OC(=O)CCCCCCC)ccc(c5cccc1c52)c43,c1ccncc1,459.01638
3279,CCCCCCCCOc1ccc2c3cccc4c(OCCCCCCCC)ccc(c5cccc1c52)c43,C1CCOC1,468.0304667
3280,CCCCCCCCOc1ccc2c3cccc4c(OCCCCCCCC)ccc(c5cccc1c52)c43,Cc1ccccc1,467.989043
3281,CCCCCCCCOc1ccc2c3cccc4c(OCCCCCCCC)ccc(c5cccc1c52)c43,ClC(Cl)(Cl)Cl,471.0088929
3282,CCCCCCCCOc1ccc2c3cccc4c(OCCCCCCCC)ccc(c5cccc1c52)c43,ClC(Cl)Cl,471.0088929
3283,CCCCCCCCOc1ccc2c3cccc4c(OCCCCCCCC)ccc(c5cccc1c52)c43,ClCCl,469.9916452
3284,CCCCCCCCOc1ccc2c3cccc4c(OCCCCCCCC)ccc(c5cccc1c52)c43,c1ccncc1,474.0072409
1497,CC(NC(=O)OC(C)(C)C)C(=O)OCc1ccc2c3cccc4cccc(c5cccc1c52)c43,CCO,443.0
3683,CCCCOc1c(Br)cc2cc(Br)c(OCCCC)c3c4c(OCCCC)c(Br)cc5cc(Br)c(OCCCC)c(c1c23)c54,ClCCl,489.0
3684,CCCCOc1c(C#N)cc2cc(C#N)c(OCCCC)c3c4c(OCCCC)c(C#N)cc5cc(C#N)c(OCCCC)c(c1c23)c54,ClCCl,514.0
3685,CCCCOc1c(OC)cc2cc(OC)c(OCCCC)c3c4c(OCCCC)c(OC)cc5cc(OC)c(OCCCC)c(c1c23)c54,ClCCl,474.0
7404,COC(=O)c1ccc2c3ccc(C(=O)OC)c4c(C(=O)OC)ccc(c5ccc(C(=O)OC)c1c25)c43,C1COCCO1,480.0
7405,COC(=O)c1ccc2c3ccc(C(=O)OC)c4c(C(=O)OC)ccc(c5ccc(C(=O)OC)c1c25)c43,CC#N,478.0
7406,COC(=O)c1ccc2c3ccc(C(=O)OC)c4c(C(=O)OC)ccc(c5ccc(C(=O)OC)c1c25)c43,CC(C)=O,475.0
7407,COC(=O)c1ccc2c3ccc(C(=O)OC)c4c(C(=O)OC)ccc(c5ccc(C(=O)OC)c1c25)c43,CC(C)O,480.0
7408,COC(=O)c1ccc2c3ccc(C(=O)OC)c4c(C(=O)OC)ccc(c5ccc(C(=O)OC)c1c25)c43,CCCCO,480.0
868,CC(C)(C)OC(=O)NCC(=O)OCc1ccc2c3cccc4cccc(c5cccc1c52)c43,CCO,446.0
869,CC(C)(C)OC(=O)NCCCC(=O)OCc1ccc2c3cccc4cccc(c5cccc1c52)c43,CCO,446.0
7409,COC(=O)c1ccc2c3ccc(C(=O)OC)c4c(C(=O)OC)ccc(c5ccc(C(=O)OC)c1c25)c43,CN(C)C=O,480.0
7410,COC(=O)c1ccc2c3ccc(C(=O)OC)c4c(C(=O)OC)ccc(c5ccc(C(=O)OC)c1c25)c43,CO,478.0
7411,COC(=O)c1ccc2c3ccc(C(=O)OC)c4c(C(=O)OC)ccc(c5ccc(C(=O)OC)c1c25)c43,ClC(Cl)Cl,478.0
13852,O=c1[nH]c(=O)n([C@@H]2O[C@H](CO)[C@@H](O)[C@H]2O)cc1-c1cc2ccccc2s1,O,458.0
13849,O=c1[nH]c(=O)n([C@@H]2O[C@H](CO)[C@@H](O)[C@H]2O)cc1-c1cc2ccccc2s1,C1COCCO1,435.0
13850,O=c1[nH]c(=O)n([C@@H]2O[C@H](CO)[C@@H](O)[C@H]2O)cc1-c1cc2ccccc2s1,CC#N,443.0
13851,O=c1[nH]c(=O)n([C@@H]2O[C@H](CO)[C@@H](O)[C@H]2O)cc1-c1cc2ccccc2s1,CO,446.0
15182,c1ccc2c(c1)Oc1ccccc1C21c2cc(-c3ccc4ccc5cccc6ccc3c4c56)ccc2-c2ccc(-c3ccc4ccc5cccc6ccc3c4c56)cc21,ClC(Cl)Cl,422.0
10892,Cc1ccccc1-c1c2ccc(=[N+]3CCCC3)cc-2oc2cc(N3CCCC3)ccc12,CCO,576.0
10893,Cc1ccccc1-c1c2ccc(=[N+]3CCCC3)cc-2oc2cc(N3CCCC3)ccc12,ClCCl,573.0
2046,CC1=CC(C)=[N+]2C1=C(c1ccc(Br)cc1)c1c(C)cc(/C=C/c3ccc[nH]3)n1[B-]2(F)F,ClCCl,613.0
11377,F[B-]1(F)n2c(/C=C/c3ccc(C(=C(c4ccccc4)c4ccccc4)c4ccccc4)cc3)ccc2C(c2ccccc2)=C2C=CC(/C=C/c3ccc(C(=C(c4ccccc4)c4ccccc4)c4ccccc4)cc3)=[N+]21,C1CCOC1,690.0
15023,c1ccc(N(c2ccccc2)c2ccc3c(ccc4nc5ccc6cc(N(c7ccccc7)c7ccccc7)ccc6c5nc43)c2)cc1,C1CCCCC1,492.0
15024,c1ccc(N(c2ccccc2)c2ccc3c(ccc4nc5ccc6cc(N(c7ccccc7)c7ccccc7)ccc6c5nc43)c2)cc1,C1CCOC1,552.0
15025,c1ccc(N(c2ccccc2)c2ccc3c(ccc4nc5ccc6cc(N(c7ccccc7)c7ccccc7)ccc6c5nc43)c2)cc1,CN(C)C=O,626.0
15026,c1ccc(N(c2ccccc2)c2ccc3c(ccc4nc5ccc6cc(N(c7ccccc7)c7ccccc7)ccc6c5nc43)c2)cc1,Cc1ccccc1,512.0
15027,c1ccc(N(c2ccccc2)c2ccc3c(ccc4nc5ccc6cc(N(c7ccccc7)c7ccccc7)ccc6c5nc43)c2)cc1,ClCCl,576.0
15284,c1ccc2cc3c4c(ccc3cc2c1)-c1cccc2cccc-4c12,CCCCCCC,520.0
528,C1=[N+]2N=C(c3ccccc3)O[B-]2(c2ccc([B-]34OC(c5ccccc5)=N[N+]3=Cc3c(ccc5ccccc35)O4)cc2)Oc2ccc3ccccc3c21,C1CCOC1,489.0
14214,Oc1ccc(C2=N[N+]3=Cc4c(ccc5ccccc45)O[B-]3(c3ccc([B-]45OC(c6ccc(O)cc6)=N[N+]4=Cc4c(ccc6ccccc46)O5)cc3)O2)cc1,C1CCOC1,477.0
1105,CC(C)(C)c1ccc(N2c3ccc(C(C)(C)C)cc3B3c4cc(C(C)(C)C)ccc4N(c4ccc(C(C)(C)C)cc4)c4cc(-n5c6ccc(C(C)(C)C)cc6c6cc(C(C)(C)C)ccc65)cc2c43)cc1,Cc1ccccc1,470.0
328,C(=C/c1cnccn1)\c1ccc(N(c2ccccc2)c2ccccc2)cc1,C1CCOC1,487.0
329,C(=C/c1cnccn1)\c1ccc(N(c2ccccc2)c2ccccc2)cc1,CC#N,535.0
330,C(=C/c1cnccn1)\c1ccc(N(c2ccccc2)c2ccccc2)cc1,CCCCCCC,433.0
331,C(=C/c1cnccn1)\c1ccc(N(c2ccccc2)c2ccccc2)cc1,CS(C)=O,537.0
332,C(=C/c1cnccn1)\c1ccc(N(c2ccccc2)c2ccccc2)cc1,ClCCl,543.0
14481,c1cc2ccc3[s+]c4ccc5cccc6c7cccc8c(c1)c2c3c(c87)c4c56,ClCCl,643.0
11122,Cn1c(/C=C/c2ccc(/C=C/c3nc4ccccc4[nH]3)cc2)[n+](C)c2ccccc21,C1CCOC1,576.0
11123,Cn1c(/C=C/c2ccc(/C=C/c3nc4ccccc4[nH]3)cc2)[n+](C)c2ccccc21,CC#N,576.0
11124,Cn1c(/C=C/c2ccc(/C=C/c3nc4ccccc4[nH]3)cc2)[n+](C)c2ccccc21,CC(C)=O,580.0
11125,Cn1c(/C=C/c2ccc(/C=C/c3nc4ccccc4[nH]3)cc2)[n+](C)c2ccccc21,CN(C)C=O,582.0
11126,Cn1c(/C=C/c2ccc(/C=C/c3nc4ccccc4[nH]3)cc2)[n+](C)c2ccccc21,CO,567.0
11127,Cn1c(/C=C/c2ccc(/C=C/c3nc4ccccc4[nH]3)cc2)[n+](C)c2ccccc21,CS(C)=O,584.0
11128,Cn1c(/C=C/c2ccc(/C=C/c3nc4ccccc4[nH]3)cc2)[n+](C)c2ccccc21,O,574.0
2405,CCC1(CC)c2cc(-c3ccc4c(c3)C(CC)(CC)c3cc(C(C)(C)C)ccc3-4)ccc2-c2ccc(-c3ccc4c(c3)C(CC)(CC)c3cc(C(C)(C)C)ccc3-4)cc21,CO,385.5932203
2738,CCCC1(CCC)c2cc(-c3ccc4c(c3)C(CCC)(CCC)c3cc(C(C)(C)CC)ccc3-4)ccc2-c2ccc(-c3ccc4c(c3)C(CCC)(CCC)c3cc(C(C)(C)CC)ccc3-4)cc21,C1CCCCC1,400.0
2748,CCCC1(CCC)c2ccccc2-c2ccc(-c3ccc4c(c3)C(CCC)(CCC)c3cc(-c5ccc6c(c5)C(CCC)(CCC)c5ccccc5-6)ccc3-4)cc21,C1CCCCC1,396.0
7766,COc1cc(/C=C/c2nc3ccccc3o2)c(OC)cc1/C=C/c1nc(C)nc(C)n1,C1CCOC1,483.0
7767,COc1cc(/C=C/c2nc3ccccc3o2)c(OC)cc1/C=C/c1nc(C)nc(C)n1,CC#N,495.0
7768,COc1cc(/C=C/c2nc3ccccc3o2)c(OC)cc1/C=C/c1nc(C)nc(C)n1,ClC(Cl)Cl,490.0
7769,COc1cc(/C=C/c2nc3ccccc3o2)c(OC)cc1/C=C/c1nc(C)nc(C)n1,ClCCl,492.0
9871,Cc1cc(C(F)(F)F)nc2c1ccc1nc(-c3ccc(Cl)cc3)cn12,CCCCOC(C)=O,455.0
9872,Cc1cc(C(F)(F)F)nc2c1ccc1nc(-c3ccc(Cl)cc3)cn12,CCOC(C)=O,457.0
9873,Cc1cc(C(F)(F)F)nc2c1ccc1nc(-c3ccc(Cl)cc3)cn12,CO,459.0
9874,Cc1cc(C(F)(F)F)nc2c1ccc1nc(-c3ccc(Cl)cc3)cn12,Cc1ccccc1,455.0
9875,Cc1cc(C(F)(F)F)nc2c1ccc1nc(-c3ccc(Cl)cc3)cn12,ClC(Cl)Cl,452.0
9876,Cc1cc(C(F)(F)F)nc2c1ccc1nc(-c3ccc(Cl)cc3)cn12,ClCCl,455.0
9877,Cc1cc(C(F)(F)F)nc2c1ccc1nc(-c3ccc(Cl)cc3)cn12,c1ccccc1,455.0
9878,Cc1cc(C(F)(F)F)nc2c1ccc1nc(-c3ccc(F)c(F)c3)cn12,CC#N,460.0
9879,Cc1cc(C(F)(F)F)nc2c1ccc1nc(-c3ccc(F)c(F)c3)cn12,CCCCCC,433.0
9880,Cc1cc(C(F)(F)F)nc2c1ccc1nc(-c3ccc(F)c(F)c3)cn12,CCCCOC(C)=O,453.0
9881,Cc1cc(C(F)(F)F)nc2c1ccc1nc(-c3ccc(F)c(F)c3)cn12,CCOC(C)=O,454.0
9882,Cc1cc(C(F)(F)F)nc2c1ccc1nc(-c3ccc(F)c(F)c3)cn12,CO,456.0
9883,Cc1cc(C(F)(F)F)nc2c1ccc1nc(-c3ccc(F)c(F)c3)cn12,Cc1ccccc1,451.0
9884,Cc1cc(C(F)(F)F)nc2c1ccc1nc(-c3ccc(F)c(F)c3)cn12,ClC(Cl)Cl,448.0
9885,Cc1cc(C(F)(F)F)nc2c1ccc1nc(-c3ccc(F)c(F)c3)cn12,ClCCl,451.0
9886,Cc1cc(C(F)(F)F)nc2c1ccc1nc(-c3ccc(F)c(F)c3)cn12,c1ccccc1,450.0
9869,Cc1cc(C(F)(F)F)nc2c1ccc1nc(-c3ccc(Cl)cc3)cn12,CC#N,463.0
9870,Cc1cc(C(F)(F)F)nc2c1ccc1nc(-c3ccc(Cl)cc3)cn12,CCCCCC,439.0
11255,FC(F)(F)c1ccc(-c2nnc(-c3cc(-n4c5ccccc5c5ccccc54)c(-n4c5ccccc5c5ccccc54)cc3-c3nnc(-c4ccc(C(F)(F)F)cc4)o3)o2)cc1,CC#N,544.9740444
11256,FC(F)(F)c1ccc(-c2nnc(-c3cc(-n4c5ccccc5c5ccccc54)c(-n4c5ccccc5c5ccccc54)cc3-c3nnc(-c4ccc(C(F)(F)F)cc4)o3)o2)cc1,Cc1ccccc1,487.0
11257,FC(F)(F)c1ccc(-c2nnc(-c3cc(-n4c5ccccc5c5ccccc54)c(-n4c5ccccc5c5ccccc54)cc3-c3nnc(-c4ccc(C(F)(F)F)cc4)o3)o2)cc1,ClCCl,519.9150543
14847,c1ccc(-c2nnc(-c3cc(-n4c5ccccc5c5ccccc54)c(-n4c5ccccc5c5ccccc54)cc3-c3nnc(-c4ccccc4)o3)o2)cc1,CC#N,525.1533742
14848,c1ccc(-c2nnc(-c3cc(-n4c5ccccc5c5ccccc54)c(-n4c5ccccc5c5ccccc54)cc3-c3nnc(-c4ccccc4)o3)o2)cc1,Cc1ccccc1,466.0
14849,c1ccc(-c2nnc(-c3cc(-n4c5ccccc5c5ccccc54)c(-n4c5ccccc5c5ccccc54)cc3-c3nnc(-c4ccccc4)o3)o2)cc1,ClCCl,500.5191128
8358,COc1ccc(-c2nnc(-c3cc(-n4c5ccccc5c5ccccc54)c(-n4c5ccccc5c5ccccc54)cc3-c3nnc(-c4ccc(OC)cc4)o3)o2)cc1,CC#N,515.809344
8359,COc1ccc(-c2nnc(-c3cc(-n4c5ccccc5c5ccccc54)c(-n4c5ccccc5c5ccccc54)cc3-c3nnc(-c4ccc(OC)cc4)o3)o2)cc1,Cc1ccccc1,459.0
8360,COc1ccc(-c2nnc(-c3cc(-n4c5ccccc5c5ccccc54)c(-n4c5ccccc5c5ccccc54)cc3-c3nnc(-c4ccc(OC)cc4)o3)o2)cc1,ClCCl,487.9188296
9281,COc1cccc(-n2c(-c3ccc(F)cc3)nc(C)c2C)c1,C1COCCO1,369.0
9282,COc1cccc(-n2c(-c3ccc(F)cc3)nc(C)c2C)c1,CC#N,365.4
9283,COc1cccc(-n2c(-c3ccc(F)cc3)nc(C)c2C)c1,CCCCCC,369.0
9284,COc1cccc(-n2c(-c3ccc(F)cc3)nc(C)c2C)c1,CCCCO,370.0
9285,COc1cccc(-n2c(-c3ccc(F)cc3)nc(C)c2C)c1,CCO,371.0
9286,COc1cccc(-n2c(-c3ccc(F)cc3)nc(C)c2C)c1,CCOC(C)=O,367.0
9287,COc1cccc(-n2c(-c3ccc(F)cc3)nc(C)c2C)c1,CO,368.0
9288,COc1cccc(-n2c(-c3ccc(F)cc3)nc(C)c2C)c1,ClC(Cl)Cl,369.0
9289,COc1cccc(-n2c(-c3ccc(F)cc3)nc(C)c2C)c1,ClCCl,368.0
9290,COc1cccc(-n2c(-c3ccc(F)cc3)nc(C)c2C)c1,c1ccccc1,365.0
9291,COc1cccc(-n2c(-c3ccc(O)cc3)nc(C)c2C)c1,C1COCCO1,368.0
9292,COc1cccc(-n2c(-c3ccc(O)cc3)nc(C)c2C)c1,CC#N,364.0
9293,COc1cccc(-n2c(-c3ccc(O)cc3)nc(C)c2C)c1,CCCCCC,370.0
9294,COc1cccc(-n2c(-c3ccc(O)cc3)nc(C)c2C)c1,CCCCO,371.0
9295,COc1cccc(-n2c(-c3ccc(O)cc3)nc(C)c2C)c1,CCO,372.0
9296,COc1cccc(-n2c(-c3ccc(O)cc3)nc(C)c2C)c1,CCOC(C)=O,368.0
9297,COc1cccc(-n2c(-c3ccc(O)cc3)nc(C)c2C)c1,CO,369.0
9298,COc1cccc(-n2c(-c3ccc(O)cc3)nc(C)c2C)c1,ClC(Cl)Cl,372.0
9299,COc1cccc(-n2c(-c3ccc(O)cc3)nc(C)c2C)c1,ClCCl,369.0
9300,COc1cccc(-n2c(-c3ccc(O)cc3)nc(C)c2C)c1,c1ccccc1,371.0
9301,COc1cccc(-n2c(-c3ccccc3)nc(C)c2C)c1,C1COCCO1,366.0
9302,COc1cccc(-n2c(-c3ccccc3)nc(C)c2C)c1,CC#N,373.0
9303,COc1cccc(-n2c(-c3ccccc3)nc(C)c2C)c1,CCCCCC,365.0
9304,COc1cccc(-n2c(-c3ccccc3)nc(C)c2C)c1,CCCCO,370.0
9305,COc1cccc(-n2c(-c3ccccc3)nc(C)c2C)c1,CCO,369.0
9306,COc1cccc(-n2c(-c3ccccc3)nc(C)c2C)c1,CCOC(C)=O,370.0
9307,COc1cccc(-n2c(-c3ccccc3)nc(C)c2C)c1,CO,368.0
9308,COc1cccc(-n2c(-c3ccccc3)nc(C)c2C)c1,ClC(Cl)Cl,366.0
9309,COc1cccc(-n2c(-c3ccccc3)nc(C)c2C)c1,ClCCl,364.0
9310,COc1cccc(-n2c(-c3ccccc3)nc(C)c2C)c1,c1ccccc1,372.0
13751,O=S1(=O)C2=C(c3ccccc31)C1(c3ccccc32)c2ccccc2-c2sc3ccccc3c21,ClCCl,459.0
3593,CCCCN1/C(=C/C=C/C2=[N+](C)c3ccccc3C2(C)C)Oc2ccccc21,CS(C)=O,537.0
3089,CCCCCCCCCCCCCCCCOC(=O)c1ccc(N(c2ccccc2)c2ccccc2)cc1,C1CCCCC1,380.0
3090,CCCCCCCCCCCCCCCCOC(=O)c1ccc(N(c2ccccc2)c2ccccc2)cc1,C1CCOC1,428.0
3091,CCCCCCCCCCCCCCCCOC(=O)c1ccc(N(c2ccccc2)c2ccccc2)cc1,CC#N,480.0
3092,CCCCCCCCCCCCCCCCOC(=O)c1ccc(N(c2ccccc2)c2ccccc2)cc1,CCOC(C)=O,428.0
3093,CCCCCCCCCCCCCCCCOC(=O)c1ccc(N(c2ccccc2)c2ccccc2)cc1,ClCCCl,450.0
3094,CCCCCCCCCCCCCCCCOC(=O)c1ccc(N(c2ccccc2)c2ccccc2)cc1,c1ccccc1,412.0
7834,COc1cc(N(c2ccc(C=C(C#N)C#N)c(OC)c2)c2ccc(C=C(C#N)C#N)c(OC)c2)ccc1C=C(C#N)C#N,C1COCCO1,521.0
7835,COc1cc(N(c2ccc(C=C(C#N)C#N)c(OC)c2)c2ccc(C=C(C#N)C#N)c(OC)c2)ccc1C=C(C#N)C#N,CC#N,566.0
7836,COc1cc(N(c2ccc(C=C(C#N)C#N)c(OC)c2)c2ccc(C=C(C#N)C#N)c(OC)c2)ccc1C=C(C#N)C#N,CC(C)=O,557.0
7837,COc1cc(N(c2ccc(C=C(C#N)C#N)c(OC)c2)c2ccc(C=C(C#N)C#N)c(OC)c2)ccc1C=C(C#N)C#N,CCOC(C)=O,532.0
7838,COc1cc(N(c2ccc(C=C(C#N)C#N)c(OC)c2)c2ccc(C=C(C#N)C#N)c(OC)c2)ccc1C=C(C#N)C#N,CN(C)C=O,575.0
7839,COc1cc(N(c2ccc(C=C(C#N)C#N)c(OC)c2)c2ccc(C=C(C#N)C#N)c(OC)c2)ccc1C=C(C#N)C#N,CO,551.0
7840,COc1cc(N(c2ccc(C=C(C#N)C#N)c(OC)c2)c2ccc(C=C(C#N)C#N)c(OC)c2)ccc1C=C(C#N)C#N,Cc1ccccc1,500.0
7841,COc1cc(N(c2ccc(C=C(C#N)C#N)c(OC)c2)c2ccc(C=C(C#N)C#N)c(OC)c2)ccc1C=C(C#N)C#N,ClC(Cl)Cl,514.0
7842,COc1cc(N(c2ccc(C=C(C#N)C#N)c(OC)c2)c2ccc(C=C(C#N)C#N)c(OC)c2)ccc1C=C(C#N)C#N,ClCCl,531.0
7843,COc1cc(N(c2ccccc2)c2ccc(C=C(C#N)C#N)c(OC)c2)ccc1C=C(C#N)C#N,C1COCCO1,520.0
7846,COc1cc(N(c2ccccc2)c2ccc(C=C(C#N)C#N)c(OC)c2)ccc1C=C(C#N)C#N,CCOC(C)=O,532.0
7844,COc1cc(N(c2ccccc2)c2ccc(C=C(C#N)C#N)c(OC)c2)ccc1C=C(C#N)C#N,CC#N,571.0
7845,COc1cc(N(c2ccccc2)c2ccc(C=C(C#N)C#N)c(OC)c2)ccc1C=C(C#N)C#N,CC(C)=O,562.0
7847,COc1cc(N(c2ccccc2)c2ccc(C=C(C#N)C#N)c(OC)c2)ccc1C=C(C#N)C#N,CN(C)C=O,576.0
7848,COc1cc(N(c2ccccc2)c2ccc(C=C(C#N)C#N)c(OC)c2)ccc1C=C(C#N)C#N,CO,558.0
7849,COc1cc(N(c2ccccc2)c2ccc(C=C(C#N)C#N)c(OC)c2)ccc1C=C(C#N)C#N,Cc1ccccc1,500.0
7850,COc1cc(N(c2ccccc2)c2ccc(C=C(C#N)C#N)c(OC)c2)ccc1C=C(C#N)C#N,ClC(Cl)Cl,524.0
7851,COc1cc(N(c2ccccc2)c2ccc(C=C(C#N)C#N)c(OC)c2)ccc1C=C(C#N)C#N,ClCCl,534.0
7852,COc1cc(N(c2ccccc2)c2ccccc2)ccc1C=C(C#N)C#N,C1COCCO1,548.0
7853,COc1cc(N(c2ccccc2)c2ccccc2)ccc1C=C(C#N)C#N,CC#N,581.0
7854,COc1cc(N(c2ccccc2)c2ccccc2)ccc1C=C(C#N)C#N,CC(C)=O,587.0
7855,COc1cc(N(c2ccccc2)c2ccccc2)ccc1C=C(C#N)C#N,CCOC(C)=O,573.0
7856,COc1cc(N(c2ccccc2)c2ccccc2)ccc1C=C(C#N)C#N,CN(C)C=O,558.0
7857,COc1cc(N(c2ccccc2)c2ccccc2)ccc1C=C(C#N)C#N,CO,562.0
7858,COc1cc(N(c2ccccc2)c2ccccc2)ccc1C=C(C#N)C#N,Cc1ccccc1,525.0
7859,COc1cc(N(c2ccccc2)c2ccccc2)ccc1C=C(C#N)C#N,ClC(Cl)Cl,567.0
7860,COc1cc(N(c2ccccc2)c2ccccc2)ccc1C=C(C#N)C#N,ClCCl,590.0
15035,c1ccc(N(c2ccccc2)c2ccccc2)cc1,CCO,353.0
8932,COc1ccc(N(c2ccccc2)c2ccc(OC)cc2)cc1,Cc1ccccc1,387.0
8934,COc1ccc(N(c2ccccc2)c2ccccc2)cc1,Cc1ccccc1,373.0
122,C(#Cc1ccccc1)C(C#Cc1ccccc1)=Cc1ccc(-c2ccc(C=C(C#Cc3ccccc3)C#Cc3ccccc3)cc2)cc1,ClC(Cl)Cl,461.0
7819,COc1cc(C2=CC(c3ccccc3)=C(c3ccccc3)C2)cc(OC)c1OC,ClCCl,469.0
7949,COc1cc(OC)cc(C2=CC(c3ccccc3)=C(c3ccccc3)C2)c1,ClCCl,449.0
7269,COC(=O)c1[nH]c(-c2ccccc2)c2nnc3ccc(OC)cc3c12,ClCCl,475.0
7265,COC(=O)c1[nH]c(-c2ccc(Br)cc2)c2nnc3ccc(OC)cc3c12,ClCCl,475.0
7266,COC(=O)c1[nH]c(-c2ccc(OC)cc2)c2nnc3ccc(OC)cc3c12,ClCCl,504.0
7267,COC(=O)c1[nH]c(-c2ccc([N+](=O)[O-])cc2)c2nnc3ccc(OC)cc3c12,ClCCl,549.0
4634,CCOC(=O)/C=C/c1cc2ccc(-c3cn(Cc4ccccc4)nn3)cc2oc1=O,CCO,435.0
9850,Cc1cc(=O)oc2cc(-c3cn(Cc4ccccc4)nn3)ccc12,CCO,381.0
12226,N#Cc1ccc(Oc2ccc3c4c(cccc24)C(=O)N(CCO)C3=O)cc1,ClC(Cl)Cl,413.0
656,CC(=O)OCCN1C(=O)c2cccc3c(Oc4ccc(C=O)cc4)ccc(c23)C1=O,ClC(Cl)Cl,411.0
657,CC(=O)OCCN1C(=O)c2cccc3c(Oc4ccccc4C)ccc(c23)C1=O,ClC(Cl)Cl,419.0
10942,Cc1ccccc1Oc1ccc2c3c(cccc13)C(=O)N(CCO)C2=O,ClC(Cl)Cl,424.0
655,CC(=O)OCCN1C(=O)c2cccc3c(Oc4ccc(C#N)cc4)ccc(c23)C1=O,ClC(Cl)Cl,410.0
13523,O=Cc1ccc(Oc2ccc3c4c(cccc24)C(=O)N(CCO)C3=O)cc1,ClC(Cl)Cl,414.0
7395,COC(=O)c1ccc(C2=C3C=c4sccc4=[N+]3[B-](F)(F)n3c2cc2sccc23)cc1,ClCCl,604.0
2479,CCC1(CC)c2ccccc2-c2ccc(C#Cc3ccc4ccc5cccc6ccc3c4c56)cc21,C1CCCCC1,407.0
2480,CCC1(CC)c2ccccc2-c2ccc(C#Cc3ccc4ccc5cccc6ccc3c4c56)cc21,C1CCOC1,410.0
2481,CCC1(CC)c2ccccc2-c2ccc(C#Cc3ccc4ccc5cccc6ccc3c4c56)cc21,CC#N,408.0
2482,CCC1(CC)c2ccccc2-c2ccc(C#Cc3ccc4ccc5cccc6ccc3c4c56)cc21,CCOC(C)=O,406.0
2483,CCC1(CC)c2ccccc2-c2ccc(C#Cc3ccc4ccc5cccc6ccc3c4c56)cc21,CN(C)C=O,412.0
2484,CCC1(CC)c2ccccc2-c2ccc(C#Cc3ccc4ccc5cccc6ccc3c4c56)cc21,Cc1ccccc1,412.0
2485,CCC1(CC)c2ccccc2-c2ccc(C#Cc3ccc4ccc5cccc6ccc3c4c56)cc21,ClC(Cl)Cl,413.0
2486,CCC1(CC)c2ccccc2-c2ccc(C#Cc3ccc4ccc5cccc6ccc3c4c56)cc21,ClCCl,412.0
3523,CCCCCc1ccc(-c2ccc(C#Cc3cc(C#Cc4ccc(-c5ccc(CCCCC)cc5)cc4)c4ccc5c(C(=O)c6ccccc6)cc(C#Cc6ccc(-c7ccc(CCCCC)cc7)cc6)c6ccc3c4c65)cc2)cc1,ClCCl,517.0
4879,CCOC(=O)c1c(N)sc(/N=C/c2ccc(-c3cccs3)s2)c1C(=O)OCC,CC#N,541.0
7950,COc1cc(OC)cc(C2=[O+][B-](F)(F)OC(c3ccc4cc(OC)ccc4c3)=C2)c1,CC#N,550.5043587
7951,COc1cc(OC)cc(C2=[O+][B-](F)(F)OC(c3ccc4cc(OC)ccc4c3)=C2)c1,CC(C)=O,533.3188045
7952,COc1cc(OC)cc(C2=[O+][B-](F)(F)OC(c3ccc4cc(OC)ccc4c3)=C2)c1,CCCCCC,430.9526775
7953,COc1cc(OC)cc(C2=[O+][B-](F)(F)OC(c3ccc4cc(OC)ccc4c3)=C2)c1,Cc1ccccc1,475.7845579
7954,COc1cc(OC)cc(C2=[O+][B-](F)(F)OC(c3ccc4cc(OC)ccc4c3)=C2)c1,ClCCl,520.0
7955,COc1cc(OC)cc(C2=[O+][B-](F)(F)OC(c3ccc4ccccc4c3)=C2)c1,CC#N,521.2056481
7956,COc1cc(OC)cc(C2=[O+][B-](F)(F)OC(c3ccc4ccccc4c3)=C2)c1,CC(C)=O,521.2056481
7957,COc1cc(OC)cc(C2=[O+][B-](F)(F)OC(c3ccc4ccccc4c3)=C2)c1,CCCCCC,418.8884866
7958,COc1cc(OC)cc(C2=[O+][B-](F)(F)OC(c3ccc4ccccc4c3)=C2)c1,Cc1ccccc1,492.3135409
7959,COc1cc(OC)cc(C2=[O+][B-](F)(F)OC(c3ccc4ccccc4c3)=C2)c1,ClCCl,560.0
14807,c1ccc(-c2nc3sc4cc5c(cc4c3s2)OCO5)cc1,CS(C)=O,446.0
6093,CN(C)c1ccc(/C=C/c2nc3ccc(N(C)C)cc3oc2=O)cc1,C1CCCCC1,521.0
6094,CN(C)c1ccc(/C=C/c2nc3ccc(N(C)C)cc3oc2=O)cc1,C1COCCO1,581.0
6095,CN(C)c1ccc(/C=C/c2nc3ccc(N(C)C)cc3oc2=O)cc1,CC#N,650.0
6096,CN(C)c1ccc(/C=C/c2nc3ccc(N(C)C)cc3oc2=O)cc1,CC(C)=O,626.0
6097,CN(C)c1ccc(/C=C/c2nc3ccc(N(C)C)cc3oc2=O)cc1,CC(O)CO,649.5
6098,CN(C)c1ccc(/C=C/c2nc3ccc(N(C)C)cc3oc2=O)cc1,CCCCCCC,519.0
6099,CN(C)c1ccc(/C=C/c2nc3ccc(N(C)C)cc3oc2=O)cc1,CCO,666.0
6100,CN(C)c1ccc(/C=C/c2nc3ccc(N(C)C)cc3oc2=O)cc1,CCOC(C)=O,587.0
6101,CN(C)c1ccc(/C=C/c2nc3ccc(N(C)C)cc3oc2=O)cc1,CN(C)C=O,650.0
6102,CN(C)c1ccc(/C=C/c2nc3ccc(N(C)C)cc3oc2=O)cc1,CS(C)=O,666.0
6103,CN(C)c1ccc(/C=C/c2nc3ccc(N(C)C)cc3oc2=O)cc1,Cc1ccccc1,567.0
6104,CN(C)c1ccc(/C=C/c2nc3ccc(N(C)C)cc3oc2=O)cc1,ClC(Cl)Cl,627.0
6105,CN(C)c1ccc(/C=C/c2nc3ccc(N(C)C)cc3oc2=O)cc1,ClCCl,619.0
6106,CN(C)c1ccc(/C=C/c2nc3ccc(N(C)C)cc3oc2=O)cc1,OCC(O)CO,659.0
6622,CN(C)c1ccc2nc(/C=C/c3ccccc3)c(=O)oc2c1,C1CCCCC1,488.0
6623,CN(C)c1ccc2nc(/C=C/c3ccccc3)c(=O)oc2c1,C1COCCO1,533.0
6624,CN(C)c1ccc2nc(/C=C/c3ccccc3)c(=O)oc2c1,CC#N,567.0
6625,CN(C)c1ccc2nc(/C=C/c3ccccc3)c(=O)oc2c1,CC(C)=O,557.0
6626,CN(C)c1ccc2nc(/C=C/c3ccccc3)c(=O)oc2c1,CCCCCCC,485.0
6627,CN(C)c1ccc2nc(/C=C/c3ccccc3)c(=O)oc2c1,CCO,574.0
6628,CN(C)c1ccc2nc(/C=C/c3ccccc3)c(=O)oc2c1,CCOC(C)=O,541.0
6629,CN(C)c1ccc2nc(/C=C/c3ccccc3)c(=O)oc2c1,CN(C)C=O,571.0
6630,CN(C)c1ccc2nc(/C=C/c3ccccc3)c(=O)oc2c1,CS(C)=O,581.0
6631,CN(C)c1ccc2nc(/C=C/c3ccccc3)c(=O)oc2c1,Cc1ccccc1,523.0
6632,CN(C)c1ccc2nc(/C=C/c3ccccc3)c(=O)oc2c1,ClC(Cl)Cl,542.0
6633,CN(C)c1ccc2nc(/C=C/c3ccccc3)c(=O)oc2c1,ClCCl,547.0
15131,c1ccc2c(-n3cnc4ccccc43)cccc2c1,C1CCCCC1,358.0
15132,c1ccc2c(-n3cnc4ccccc43)cccc2c1,C1CCOC1,359.0
15133,c1ccc2c(-n3cnc4ccccc43)cccc2c1,CC#N,362.0
15134,c1ccc2c(-n3cnc4ccccc43)cccc2c1,CCO,360.0
15135,c1ccc2c(-n3cnc4ccccc43)cccc2c1,CCOC(C)=O,361.0
15136,c1ccc2c(-n3cnc4ccccc43)cccc2c1,CCOCC,361.0
15137,c1ccc2c(-n3cnc4ccccc43)cccc2c1,CO,360.0
15138,c1ccc2c(-n3cnc4ccccc43)cccc2c1,Cc1ccccc1,359.0
15139,c1ccc2c(-n3cnc4ccccc43)cccc2c1,ClC(Cl)Cl,362.0
5420,CCn1c2ccccc2sc2c(C#N)c3oc4ccccc4oc3c(C#N)c21,ClC(Cl)Cl,580.0
11106,Clc1nc(Nc2ccccc2)nc(Nc2ccc3c4cccc5cccc(c6cccc2c63)c54)n1,C1COCCO1,478.0
11107,Clc1nc(Nc2ccccc2)nc(Nc2ccc3c4cccc5cccc(c6cccc2c63)c54)n1,CC#N,477.0
11108,Clc1nc(Nc2ccccc2)nc(Nc2ccc3c4cccc5cccc(c6cccc2c63)c54)n1,CCCCOCCCC,476.0
11109,Clc1nc(Nc2ccccc2)nc(Nc2ccc3c4cccc5cccc(c6cccc2c63)c54)n1,CCOC(C)=O,475.0
2889,CCCCC1(c2ccc(OC)cc2)Nc2ccccc2N=C1c1ccc(OC)cc1,CCCCCC,485.0
2890,CCCCC1(c2ccc(OC)cc2)Nc2ccccc2N=C1c1ccc(OC)cc1,CN(C)C=O,525.0
2891,CCCCC1(c2ccc(OC)cc2)Nc2ccccc2N=C1c1ccc(OC)cc1,Cc1ccccc1,501.0
2892,CCCCC1(c2ccc(OC)cc2)Nc2ccccc2N=C1c1ccc(OC)cc1,ClC(Cl)Cl,507.0
2921,CCCCC1(c2ccccc2)Nc2ccccc2N=C1c1ccccc1,Cc1ccccc1,509.0
2922,CCCCC1(c2ccccc2)Nc2ccccc2N=C1c1ccccc1,ClC(Cl)Cl,515.0
2919,CCCCC1(c2ccccc2)Nc2ccccc2N=C1c1ccccc1,CCCCCC,490.0
2920,CCCCC1(c2ccccc2)Nc2ccccc2N=C1c1ccccc1,CN(C)C=O,544.0
2917,CCCCC1(c2ccccc2)Nc2ccccc2N=C1c1ccccc1,C1CCOC1,520.0
2918,CCCCC1(c2ccccc2)Nc2ccccc2N=C1c1ccccc1,CC#N,534.0
2887,CCCCC1(c2ccc(OC)cc2)Nc2ccccc2N=C1c1ccc(OC)cc1,C1CCOC1,513.0
2888,CCCCC1(c2ccc(OC)cc2)Nc2ccccc2N=C1c1ccc(OC)cc1,CC#N,522.0
10595,Cc1ccc(C2=Nc3cccc4[n+]3[B-](c3ccccc3)(N2)NC(c2ccc(C)cc2)=N4)cc1,ClCCl,508.0
14941,c1ccc(C2=Nc3cccc4[n+]3[B-](c3ccccc3)(N2)NC(c2ccccc2)=N4)cc1,ClCCl,513.0
3088,CCCCCCCCCCCCCCCCCCOc1ccc([B-]23NC(c4ccccc4)=Nc4cccc([n+]42)N=C(c2ccccc2)N3)cc1,ClCCl,511.0
14773,c1ccc(-c2nc(-c3cccs3)[nH]c2-c2ccccc2)cc1,CC#N,391.0
13908,O=c1c2ccc(N3CCCCC3)cc2oc2cc(N3CCCCC3)ccc12,ClCCl,407.4688797
13889,O=c1c2cc(F)c(N3CCCCC3)cc2oc2cc(N3CCCCC3)c(F)cc12,CCO,457.0
13907,O=c1c2ccc(N3CCCCC3)cc2oc2cc(N3CCCCC3)ccc12,CO,448.1509434
1978,CC1=CC(/C=C/c2ccc(N(C)C)cc2)=[N+]2C1=C(c1ccc(I)cc1)c1c(C)cc(/C=C/c3ccc(N(C)C)cc3)n1[B-]2(F)F,CC#N,768.0
7565,COCCOCCOCCOc1ccc(/C=C/C2=[N+]3C(=C(c4cc(OC)cc(OC)c4)c4c(C)c(I)c(/C=C/c5ccc(OCCOCCOCCOC)cc5)n4[B-]3(F)F)C(C)=C2I)cc1,CS(C)=O,695.0
1986,CC1=CC(/C=C/c2ccc([N+](C)(C)C)cc2)=[N+]2C1=C(c1ccc(I)cc1)c1c(C)cc(/C=C/c3ccc([N+](C)(C)C)cc3)n1[B-]2(F)F,CC#N,630.0
7566,COCCOCCOCCOc1ccc(/C=C/C2=[N+]3C(=C(c4cc(OC)cc(OC)c4)c4c(C)c(I)c(/C=C/c5ccc(OCCOCCOCCOC)cc5)n4[B-]3(F)F)C(C)=C2I)cc1,ClCCl,687.0
1988,CC1=CC(/C=C/c2ccccc2)=[N+]2C1=C(c1ccccc1)c1c(C)cc(/C=C/c3ccccc3)n1[B-]2(F)F,Cc1ccccc1,641.0
10520,Cc1ccc(C2=C3C=CC(/C=C/c4ccccc4)=[N+]3[B-](F)(F)n3c(/C=C/c4ccccc4)ccc32)cc1,C1CCCCC1,642.0
10521,Cc1ccc(C2=C3C=CC(/C=C/c4ccccc4)=[N+]3[B-](F)(F)n3c(/C=C/c4ccccc4)ccc32)cc1,C1CCOC1,645.0
10522,Cc1ccc(C2=C3C=CC(/C=C/c4ccccc4)=[N+]3[B-](F)(F)n3c(/C=C/c4ccccc4)ccc32)cc1,C1COCCO1,646.0
10523,Cc1ccc(C2=C3C=CC(/C=C/c4ccccc4)=[N+]3[B-](F)(F)n3c(/C=C/c4ccccc4)ccc32)cc1,CCOC(C)=O,641.0
10524,Cc1ccc(C2=C3C=CC(/C=C/c4ccccc4)=[N+]3[B-](F)(F)n3c(/C=C/c4ccccc4)ccc32)cc1,CO,639.0
10525,Cc1ccc(C2=C3C=CC(/C=C/c4ccccc4)=[N+]3[B-](F)(F)n3c(/C=C/c4ccccc4)ccc32)cc1,Cc1ccccc1,649.0
10526,Cc1ccc(C2=C3C=CC(/C=C/c4ccccc4)=[N+]3[B-](F)(F)n3c(/C=C/c4ccccc4)ccc32)cc1,ClC(Cl)Cl,647.0
3193,CCCCCCCCCCOc1cc(OCCCCCCCCCC)cc(C2=C3C(C)=CC(/C=C/c4ccc(OC)cc4)=[N+]3[B-](F)(F)n3c(/C=C/c4ccc(OC)cc4)cc(C)c32)c1,ClC(Cl)Cl,660.0
1976,CC1=CC(/C=C/c2ccc(C)cc2)=[N+]2C1=C(c1ccccc1)c1c(C)cc(/C=C/c3ccc(C)cc3)n1[B-]2(F)F,CC1CCCO1,645.0
57,C#CCOc1ccc(/C=C/C2=[N+]3C(=C(c4ccc(N(CC)CC)cc4)c4c(C)cc(/C=C/c5ccc(OCC(=O)OC)cc5)n4[B-]3(F)F)C(C)=C2)cc1,CO,655.0
58,C#CCOc1ccc(/C=C/C2=[N+]3C(=C(c4ccc(N(CC)CC)cc4)c4c(C)cc(/C=C/c5ccc(S(=O)(=O)O)cc5S(=O)(=O)O)n4[B-]3(F)F)C(C)=C2)cc1,O,660.0
1979,CC1=CC(/C=C/c2ccc(N(C)C)cc2)=[N+]2C1=C(c1ccccc1)c1c(C)cc(/C=C/c3ccc(N(C)C)cc3)n1[B-]2(F)F,ClC(Cl)Cl,753.0
7564,COCCOCCOCCOc1ccc(/C=C/C2=[N+]3C(=C(c4cc(OC)cc(OC)c4)c4c(C)c(I)c(/C=C/c5ccc(OCCOCCOCCOC)cc5)n4[B-]3(F)F)C(C)=C2I)cc1,C1CCOC1,684.0
15337,c1csc(-c2cnc(-c3cccs3)c3nonc23)c1,C1CCCCC1,567.0
15338,c1csc(-c2cnc(-c3cccs3)c3nonc23)c1,CC(C)=O,612.0
15339,c1csc(-c2cnc(-c3cccs3)c3nonc23)c1,CCCCCC,564.0
15340,c1csc(-c2cnc(-c3cccs3)c3nonc23)c1,CCCO,611.0
15341,c1csc(-c2cnc(-c3cccs3)c3nonc23)c1,CCO,614.0
15342,c1csc(-c2cnc(-c3cccs3)c3nonc23)c1,CCOCC,587.0
15343,c1csc(-c2cnc(-c3cccs3)c3nonc23)c1,CO,616.0
15344,c1csc(-c2cnc(-c3cccs3)c3nonc23)c1,Cc1ccccc1,600.0
15345,c1csc(-c2cnc(-c3cccs3)c3nonc23)c1,ClC(Cl)(Cl)Cl,580.0
15346,c1csc(-c2cnc(-c3cccs3)c3nonc23)c1,ClC(Cl)Cl,611.0
15347,c1csc(-c2cnc(-c3cccs3)c3nonc23)c1,O=[N+]([O-])c1ccccc1,614.0
15348,c1csc(-c2cnc(-c3cccs3)c3nonc23)c1,OCC(O)CO,633.0
15349,c1csc(-c2cnc(-c3cccs3)c3nonc23)c1,OCc1ccccc1,628.0
15350,c1csc(-c2cnc(-c3cccs3)c3nonc23)c1,c1ccc2ncccc2c1,625.0
15351,c1csc(-c2cnc(-c3cccs3)c3nonc23)c1,c1ccccc1,601.0
15352,c1csc(-c2cnc(-c3cccs3)c3nonc23)c1,c1ccncc1,617.0
136,C(#Cc1ccncc1)C(C#Cc1ccncc1)=Cc1ccc(C=C(C#Cc2ccncc2)C#Cc2ccncc2)s1,ClC(Cl)Cl,587.0
14720,c1ccc(-c2nc(-c3ccccc3)nc(-c3ccc(-c4ccc(N5c6ccccc6[Si](c6ccccc6)(c6ccccc6)c6ccccc65)cc4)cc3)n2)cc1,CC(C)=O,444.5868946
14721,c1ccc(-c2nc(-c3ccccc3)nc(-c3ccc(-c4ccc(N5c6ccccc6[Si](c6ccccc6)(c6ccccc6)c6ccccc65)cc4)cc3)n2)cc1,CN(C)C=O,444.3019943
14722,c1ccc(-c2nc(-c3ccccc3)nc(-c3ccc(-c4ccc(N5c6ccccc6[Si](c6ccccc6)(c6ccccc6)c6ccccc65)cc4)cc3)n2)cc1,Cc1ccccc1,441.5954416
14723,c1ccc(-c2nc(-c3ccccc3)nc(-c3ccc(-c4ccc(N5c6ccccc6[Si](c6ccccc6)(c6ccccc6)c6ccccc65)cc4)cc3)n2)cc1,ClC(Cl)Cl,492.5925926
14724,c1ccc(-c2nc(-c3ccccc3)nc(-c3ccc(-c4ccc(N5c6ccccc6[Si](c6ccccc6)(c6ccccc6)c6ccccc65)cc4)cc3)n2)cc1,c1cc(-n2c3ccccc3c3ccccc32)cc(-n2c3ccccc3c3ccccc32)c1,439.0
14955,c1ccc(C2CSC(c3c4ccc(=[N+]5CCCCC5)cc-4oc4cc(N5CCCCC5)ccc34)SC2)cc1,CO,606.3492063
11396,F[B-]1(F)n2c(c(-c3ccccc3)c(-c3ccccc3)c2-c2ccccc2)C=C2C(c3ccccc3)=C(c3ccccc3)C(c3ccccc3)=[N+]21,C1CCOC1,608.0
6790,CN1C(=CC2=C([S-])C(=Cc3sc4ccccc4[n+]3C)C2=O)C(C)(C)c2ccccc21,ClC(Cl)Cl,676.0
5132,CC[n+]1c(C=C2C(=O)C(C=C3N(C)c4ccccc4C3(C)C)=C2[O-])sc2ccccc21,CO,651.0
5133,CC[n+]1c(C=C2C(=O)C(C=C3N(C)c4ccccc4C3(C)C)=C2[O-])sc2ccccc21,ClC(Cl)Cl,666.0
8798,COc1ccc(C2=C3C(C)=CC(C=Cc4ccc(C(=O)OC5C[C@H]6CCC5(C)C6(C)C)cc4)=[N+]3[B-](F)(F)n3c(/C=C/c4ccc(C(=O)OC5CC6CCC5(C)C6(C)C)cc4)cc(C)c32)cc1,Cc1ccccc1,710.0
13717,O=S(=O)(c1cccc(N2c3ccccc3Oc3ccccc32)c1)c1cccc(N2c3ccccc3Oc3ccccc32)c1,C1CCOC1,596.0
13718,O=S(=O)(c1cccc(N2c3ccccc3Oc3ccccc32)c1)c1cccc(N2c3ccccc3Oc3ccccc32)c1,CCCCC(CC)n1c2ccc(-n3c4ccccc4c4ccccc43)cc2c2cc(-n3c4ccccc4c4ccccc43)ccc21,542.5207756
13719,O=S(=O)(c1cccc(N2c3ccccc3Oc3ccccc32)c1)c1cccc(N2c3ccccc3Oc3ccccc32)c1,Cc1ccccc1,547.0
13720,O=S(=O)(c1cccc(N2c3ccccc3Oc3ccccc32)c1)c1cccc(N2c3ccccc3Oc3ccccc32)c1,ClC(Cl)Cl,572.0
13721,O=S(=O)(c1cccc(N2c3ccccc3Oc3ccccc32)c1)c1cccc(N2c3ccccc3Oc3ccccc32)c1,c1cc(-n2c3ccccc3c3ccccc32)cc(-n2c3ccccc3c3ccccc32)c1,546.2603878
12404,NC1=N/C(=N\c2ccccn2)c2cccc3cccc1c23,ClCCl,506.0
1753,CC1(C)c2ccccc2-c2ccc(N(c3ccc(-c4ccccc4)cc3)c3ccc(-c4cc5ccccc5c5c4oc4ccccc45)cc3)cc21,C1CCOC1,467.0
3053,CCCCCCCCC1(CCCCCCCC)c2ccccc2-c2ccc(-c3nnc(-c4ccc(-n5c6ccc(C(C)(C)C)cc6c6cc(C(C)(C)C)ccc65)cc4)o3)cc21,Cc1ccccc1,409.0
9680,C[n+]1ccc2c(ccc3c[n+](C)c4ccc5ccccc5c4c32)c1,CC#N,566.0
3306,CCCCCCCN1C(=CC2=C([O-])C(=CC3=[N+](CCCCCCC)c4ccccc4C3(C)C)C2=C(C#N)C#N)Sc2ccccc21,C1COCCO1,709.0
3307,CCCCCCCN1C(=CC2=C([O-])C(=CC3=[N+](CCCCCCC)c4ccccc4C3(C)C)C2=C(C#N)C#N)Sc2ccccc21,CCO,699.0
3308,CCCCCCCN1C(=CC2=C([O-])C(=CC3=[N+](CCCCCCC)c4ccccc4C3(C)C)C2=C(C#N)C#N)Sc2ccccc21,CN(C)C=O,702.0
3309,CCCCCCCN1C(=CC2=C([O-])C(=CC3=[N+](CCCCCCC)c4ccccc4C3(C)C)C2=C(C#N)C#N)Sc2ccccc21,ClC(Cl)Cl,709.0
290,C(=C/c1ccnc2ccccc12)\c1ccc(/C=C/c2ccnc3ccccc23)cc1,C1CCCCC1,421.0
291,C(=C/c1ccnc2ccccc12)\c1ccc(/C=C/c2ccnc3ccccc23)cc1,C1COCCO1,428.0
292,C(=C/c1ccnc2ccccc12)\c1ccc(/C=C/c2ccnc3ccccc23)cc1,CC#N,434.0
293,C(=C/c1ccnc2ccccc12)\c1ccc(/C=C/c2ccnc3ccccc23)cc1,CC(C)=O,432.0
294,C(=C/c1ccnc2ccccc12)\c1ccc(/C=C/c2ccnc3ccccc23)cc1,CC(C)O,436.0
295,C(=C/c1ccnc2ccccc12)\c1ccc(/C=C/c2ccnc3ccccc23)cc1,CCCO,438.0
296,C(=C/c1ccnc2ccccc12)\c1ccc(/C=C/c2ccnc3ccccc23)cc1,CCO,438.0
297,C(=C/c1ccnc2ccccc12)\c1ccc(/C=C/c2ccnc3ccccc23)cc1,CN(C)C=O,440.0
298,C(=C/c1ccnc2ccccc12)\c1ccc(/C=C/c2ccnc3ccccc23)cc1,CO,440.0
299,C(=C/c1ccnc2ccccc12)\c1ccc(/C=C/c2ccnc3ccccc23)cc1,CS(C)=O,443.0
300,C(=C/c1ccnc2ccccc12)\c1ccc(/C=C/c2ccnc3ccccc23)cc1,ClC(Cl)Cl,433.0
301,C(=C/c1ccnc2ccccc12)\c1ccc(/C=C/c2ccnc3ccccc23)cc1,ClCCl,432.0
302,C(=C/c1ccnc2ccccc12)\c1ccc(/C=C/c2ccnc3ccccc23)cc1,OCCO,459.0
12311,N#Cc1coc2ccccc2c1=O,C1CCOC1,373.0
12312,N#Cc1coc2ccccc2c1=O,C1COCCO1,402.0
12313,N#Cc1coc2ccccc2c1=O,CC#N,495.0
12314,N#Cc1coc2ccccc2c1=O,CC(C)O,411.0
12315,N#Cc1coc2ccccc2c1=O,CCCCO,500.0
12316,N#Cc1coc2ccccc2c1=O,CCCO,440.0
12317,N#Cc1coc2ccccc2c1=O,CCOC(C)=O,495.0
12318,N#Cc1coc2ccccc2c1=O,CN(C)C=O,494.0
12319,N#Cc1coc2ccccc2c1=O,CO,415.0
12320,N#Cc1coc2ccccc2c1=O,CS(C)=O,490.0
12321,N#Cc1coc2ccccc2c1=O,ClC(Cl)Cl,438.0
12322,N#Cc1coc2ccccc2c1=O,O,396.0
9824,Cc1cc(=O)c2ccc(N)cc2o1,C1CCOC1,382.0
9825,Cc1cc(=O)c2ccc(N)cc2o1,C1COCCO1,378.0
9826,Cc1cc(=O)c2ccc(N)cc2o1,CC#N,388.0
9827,Cc1cc(=O)c2ccc(N)cc2o1,CC(C)O,418.0
9828,Cc1cc(=O)c2ccc(N)cc2o1,CCCCO,417.0
9829,Cc1cc(=O)c2ccc(N)cc2o1,CCCO,416.0
9830,Cc1cc(=O)c2ccc(N)cc2o1,CCOC(C)=O,378.0
9831,Cc1cc(=O)c2ccc(N)cc2o1,CN(C)C=O,408.0
9832,Cc1cc(=O)c2ccc(N)cc2o1,CO,421.0
9833,Cc1cc(=O)c2ccc(N)cc2o1,CS(C)=O,402.0
9834,Cc1cc(=O)c2ccc(N)cc2o1,ClC(Cl)Cl,380.0
9835,Cc1cc(=O)c2ccc(N)cc2o1,O,435.0
908,CC(C)(C)c1cc2ccc3cc(C(C)(C)C)cc4c(N(c5ccccc5)c5ccccc5)cc(c1)c2c34,C1CCOC1,455.0108932
909,CC(C)(C)c1cc2ccc3cc(C(C)(C)C)cc4c(N(c5ccccc5)c5ccccc5)cc(c1)c2c34,CC#N,483.8779956
910,CC(C)(C)c1cc2ccc3cc(C(C)(C)C)cc4c(N(c5ccccc5)c5ccccc5)cc(c1)c2c34,CCCCCC,415.0
1097,CC(C)(C)c1ccc(C2=Cc3cc4c(cc3P2(=O)c2ccccc2)C=C(c2ccc(C(C)(C)C)cc2)P4(=O)c2ccccc2)cc1,C1CCOC1,495.0
489,C1=CN2B(C=Cc3ccccc32)C(c2ccccc2)=C1,C1CCCCC1,379.0
13179,O=C1OC(c2ccccc2)=N/C1=C\c1ccc(N(c2ccccc2)c2ccccc2)cc1,C1CCCCC1,491.0
13180,O=C1OC(c2ccccc2)=N/C1=C\c1ccc(N(c2ccccc2)c2ccccc2)cc1,C1CCOC1,571.6
13181,O=C1OC(c2ccccc2)=N/C1=C\c1ccc(N(c2ccccc2)c2ccccc2)cc1,C1COCCO1,543.0
13182,O=C1OC(c2ccccc2)=N/C1=C\c1ccc(N(c2ccccc2)c2ccccc2)cc1,CC#N,634.0
13183,O=C1OC(c2ccccc2)=N/C1=C\c1ccc(N(c2ccccc2)c2ccccc2)cc1,CC(C)=O,610.4
13184,O=C1OC(c2ccccc2)=N/C1=C\c1ccc(N(c2ccccc2)c2ccccc2)cc1,CC(C)CC(C)(C)C,490.0
13185,O=C1OC(c2ccccc2)=N/C1=C\c1ccc(N(c2ccccc2)c2ccccc2)cc1,CC1CCCCC1,492.6
13186,O=C1OC(c2ccccc2)=N/C1=C\c1ccc(N(c2ccccc2)c2ccccc2)cc1,CCCCC,485.0
13187,O=C1OC(c2ccccc2)=N/C1=C\c1ccc(N(c2ccccc2)c2ccccc2)cc1,CCCCCC,486.0
13188,O=C1OC(c2ccccc2)=N/C1=C\c1ccc(N(c2ccccc2)c2ccccc2)cc1,CCCCCCC,488.0
13189,O=C1OC(c2ccccc2)=N/C1=C\c1ccc(N(c2ccccc2)c2ccccc2)cc1,CCCCOCCCC,518.0
13190,O=C1OC(c2ccccc2)=N/C1=C\c1ccc(N(c2ccccc2)c2ccccc2)cc1,CCOC(C)=O,571.0
13191,O=C1OC(c2ccccc2)=N/C1=C\c1ccc(N(c2ccccc2)c2ccccc2)cc1,CCOCC,540.4
13192,O=C1OC(c2ccccc2)=N/C1=C\c1ccc(N(c2ccccc2)c2ccccc2)cc1,CN(C)C=O,627.0
13193,O=C1OC(c2ccccc2)=N/C1=C\c1ccc(N(c2ccccc2)c2ccccc2)cc1,CS(C)=O,635.2
13194,O=C1OC(c2ccccc2)=N/C1=C\c1ccc(N(c2ccccc2)c2ccccc2)cc1,Cc1ccccc1,530.4
13195,O=C1OC(c2ccccc2)=N/C1=C\c1ccc(N(c2ccccc2)c2ccccc2)cc1,ClC(Cl)Cl,577.0
10025,Cc1cc(C)c([B-]2(c3c(C)cc(C)cc3C)[O+]=P(c3ccccc3)(c3ccccc3)c3ccsc3-c3sccc32)c(C)c1,C1CCOC1,429.0
3424,CCCCCCc1cc2c(s1)-c1sc(CCCCCC)cc1P(c1ccccc1)(c1ccccc1)=[O+][B-]2(c1c(C)cc(C)cc1C)c1c(C)cc(C)cc1C,C1CCOC1,536.0
13272,O=C1c2ccccc2-c2ccc(N3CCN(c4ccccc4)CC3)c3cccc1c23,C1CCCCC1,529.0
13273,O=C1c2ccccc2-c2ccc(N3CCN(c4ccccc4)CC3)c3cccc1c23,C1CCOC1,583.0
13274,O=C1c2ccccc2-c2ccc(N3CCN(c4ccccc4)CC3)c3cccc1c23,C1COCCO1,578.0
13275,O=C1c2ccccc2-c2ccc(N3CCN(c4ccccc4)CC3)c3cccc1c23,CC#N,603.0
13276,O=C1c2ccccc2-c2ccc(N3CCN(c4ccccc4)CC3)c3cccc1c23,CC(C)=O,601.0
13277,O=C1c2ccccc2-c2ccc(N3CCN(c4ccccc4)CC3)c3cccc1c23,CC1COC(=O)O1,614.0
13278,O=C1c2ccccc2-c2ccc(N3CCN(c4ccccc4)CC3)c3cccc1c23,CCCCCCCCO,590.0
13279,O=C1c2ccccc2-c2ccc(N3CCN(c4ccccc4)CC3)c3cccc1c23,CCCCCO,586.0
13280,O=C1c2ccccc2-c2ccc(N3CCN(c4ccccc4)CC3)c3cccc1c23,CCCCO,581.0
13281,O=C1c2ccccc2-c2ccc(N3CCN(c4ccccc4)CC3)c3cccc1c23,CCCO,586.0
13282,O=C1c2ccccc2-c2ccc(N3CCN(c4ccccc4)CC3)c3cccc1c23,CCO,589.0
13283,O=C1c2ccccc2-c2ccc(N3CCN(c4ccccc4)CC3)c3cccc1c23,CCOC(C)=O,587.0
13284,O=C1c2ccccc2-c2ccc(N3CCN(c4ccccc4)CC3)c3cccc1c23,CN(C)C=O,602.0
13285,O=C1c2ccccc2-c2ccc(N3CCN(c4ccccc4)CC3)c3cccc1c23,CO,577.0
13286,O=C1c2ccccc2-c2ccc(N3CCN(c4ccccc4)CC3)c3cccc1c23,CS(C)=O,613.0
13287,O=C1c2ccccc2-c2ccc(N3CCN(c4ccccc4)CC3)c3cccc1c23,Cc1ccccc1,562.0
13288,O=C1c2ccccc2-c2ccc(N3CCN(c4ccccc4)CC3)c3cccc1c23,ClC(Cl)Cl,591.0
3421,CCCCCCc1cc(B(c2c(C)cc(C)cc2C)c2c(C)cc(C)cc2C)c(-c2sc(CCCCCC)cc2P(=O)(c2ccccc2)c2ccccc2)s1,CO,605.0
9956,Cc1cc(C)c(B(c2ccsc2-c2sccc2P(=O)(c2ccccc2)c2ccccc2)c2c(C)cc(C)cc2C)c(C)c1,CO,512.0
4764,CCOC(=O)CN(CC(=O)OCC)c1ccc(-c2cc(-c3ccccn3)nc(-c3ccccn3)c2)cc1,CC#N,452.0
4765,CCOC(=O)CN(CC(=O)OCC)c1ccc(-c2cc(-c3ccccn3)nc(-c3ccccn3)c2)cc1,CCOC(C)=O,419.0
4766,CCOC(=O)CN(CC(=O)OCC)c1ccc(-c2cc(-c3ccccn3)nc(-c3ccccn3)c2)cc1,CN(C)C=O,458.0
4767,CCOC(=O)CN(CC(=O)OCC)c1ccc(-c2cc(-c3ccccn3)nc(-c3ccccn3)c2)cc1,CS(C)=O,466.0
4768,CCOC(=O)CN(CC(=O)OCC)c1ccc(-c2cc(-c3ccccn3)nc(-c3ccccn3)c2)cc1,c1ccccc1,400.0
14649,c1ccc(-c2nc(-c3ccc(-c4ccc(-c5ccc(-c6nc(-c7ccccc7)c(-c7ccccc7)o6)cc5)cc4)cc3)oc2-c2ccccc2)cc1,C1COCCO1,426.0
9651,C[n+]1ccc(-c2cc[n+](C)cc2)cc1,CC#N,353.0
3286,CCCCCCCC[n+]1ccc(-c2cc[n+](CCCCCCCC)cc2)cc1,CC#N,353.0
11394,F[B-]1(F)n2c(Oc3ccccc3)c(Cl)c(Br)c2C(Oc2ccccc2)=C2C(Br)=C(Cl)C(Oc3ccccc3)=[N+]21,ClCCl,544.0
1760,CC1(C)c2ccccc2N(c2cc3c4ccccc4n4c5ccccc5c(c2)c34)c2ccccc21,C1CCCCC1,416.9201521
1761,CC1(C)c2ccccc2N(c2cc3c4ccccc4n4c5ccccc5c(c2)c34)c2ccccc21,C1CCOC1,470.9125475
1762,CC1(C)c2ccccc2N(c2cc3c4ccccc4n4c5ccccc5c(c2)c34)c2ccccc21,Cc1ccccc1,439.0
1461,CC(C)c1cc(C(C)C)c(B2c3cc(N4c5ccccc5C(C)(C)c5ccccc54)ccc3N(c3ccccc3)c3ccc(N4c5ccccc5C(C)(C)c5ccccc54)cc32)c(C(C)C)c1,C1CCOC1,485.7142857
1462,CC(C)c1cc(C(C)C)c(B2c3cc(N4c5ccccc5C(C)(C)c5ccccc54)ccc3N(c3ccccc3)c3ccc(N4c5ccccc5C(C)(C)c5ccccc54)cc32)c(C(C)C)c1,CCOC(C)=O,481.9727891
1463,CC(C)c1cc(C(C)C)c(B2c3cc(N4c5ccccc5C(C)(C)c5ccccc54)ccc3N(c3ccccc3)c3ccc(N4c5ccccc5C(C)(C)c5ccccc54)cc32)c(C(C)C)c1,Cc1ccccc1,469.3877551
1464,CC(C)c1cc(C(C)C)c(B2c3cc(N4c5ccccc5C(C)(C)c5ccccc54)ccc3N(c3ccccc3)c3ccc(N4c5ccccc5C(C)(C)c5ccccc54)cc32)c(C(C)C)c1,ClCCl,494.5578231
1465,CC(C)c1cc(C(C)C)c(B2c3cc(N4c5ccccc5C(C)(C)c5ccccc54)ccc3N(c3ccccc3)c3ccc(N4c5ccccc5C(C)(C)c5ccccc54)cc32)c(C(C)C)c1,c1cc(-c2cccc(-n3c4ccccc4c4ccccc43)c2)cc(-n2c3ccccc3c3ccccc32)c1,469.0
4745,CCOC(=O)CCOc1ccc(C(c2c(C)[nH]c3ccccc23)c2c(C)[nH]c3ccccc23)cc1,CC#N,348.0
4746,CCOC(=O)CCOc1ccc(C(c2c(C)[nH]c3ccccc23)c2c(C)[nH]c3ccccc23)cc1,CO,349.0
4747,CCOC(=O)CCOc1ccc(C(c2c(C)[nH]c3ccccc23)c2c(C)[nH]c3ccccc23)cc1,O,350.0
4748,CCOC(=O)CCOc1ccc(C(c2c(C)[nH]c3ccccc23)c2c(C)[nH]c3ccccc23)cc1OC,C1CCCCC1,330.0
4749,CCOC(=O)CCOc1ccc(C(c2c(C)[nH]c3ccccc23)c2c(C)[nH]c3ccccc23)cc1OC,CC#N,344.0
4750,CCOC(=O)CCOc1ccc(C(c2c(C)[nH]c3ccccc23)c2c(C)[nH]c3ccccc23)cc1OC,CO,350.0
4751,CCOC(=O)CCOc1ccc(C(c2c(C)[nH]c3ccccc23)c2c(C)[nH]c3ccccc23)cc1OC,O,351.0
4752,CCOC(=O)CCOc1ccccc1C(c1c(C)[nH]c2ccccc12)c1c(C)[nH]c2ccccc12,C1CCCCC1,329.0
4753,CCOC(=O)CCOc1ccccc1C(c1c(C)[nH]c2ccccc12)c1c(C)[nH]c2ccccc12,CC#N,340.0
4754,CCOC(=O)CCOc1ccccc1C(c1c(C)[nH]c2ccccc12)c1c(C)[nH]c2ccccc12,CO,345.0
4755,CCOC(=O)CCOc1ccccc1C(c1c(C)[nH]c2ccccc12)c1c(C)[nH]c2ccccc12,O,350.0
4817,CCOC(=O)COc1ccc(C(c2c(C)[nH]c3ccccc23)c2c(C)[nH]c3ccccc23)cc1,C1CCCCC1,327.0
4818,CCOC(=O)COc1ccc(C(c2c(C)[nH]c3ccccc23)c2c(C)[nH]c3ccccc23)cc1,CC#N,340.0
4819,CCOC(=O)COc1ccc(C(c2c(C)[nH]c3ccccc23)c2c(C)[nH]c3ccccc23)cc1,CO,344.0
4820,CCOC(=O)COc1ccc(C(c2c(C)[nH]c3ccccc23)c2c(C)[nH]c3ccccc23)cc1,O,350.0
4821,CCOC(=O)COc1ccc(C(c2c(C)[nH]c3ccccc23)c2c(C)[nH]c3ccccc23)cc1OC,C1CCCCC1,329.0
4822,CCOC(=O)COc1ccc(C(c2c(C)[nH]c3ccccc23)c2c(C)[nH]c3ccccc23)cc1OC,CC#N,340.0
4823,CCOC(=O)COc1ccc(C(c2c(C)[nH]c3ccccc23)c2c(C)[nH]c3ccccc23)cc1OC,CO,345.0
4824,CCOC(=O)COc1ccc(C(c2c(C)[nH]c3ccccc23)c2c(C)[nH]c3ccccc23)cc1OC,O,350.0
4825,CCOC(=O)COc1ccccc1C(c1c(C)[nH]c2ccccc12)c1c(C)[nH]c2ccccc12,C1CCCCC1,328.0
4826,CCOC(=O)COc1ccccc1C(c1c(C)[nH]c2ccccc12)c1c(C)[nH]c2ccccc12,CC#N,348.0
4827,CCOC(=O)COc1ccccc1C(c1c(C)[nH]c2ccccc12)c1c(C)[nH]c2ccccc12,CO,349.0
4828,CCOC(=O)COc1ccccc1C(c1c(C)[nH]c2ccccc12)c1c(C)[nH]c2ccccc12,O,350.0
4744,CCOC(=O)CCOc1ccc(C(c2c(C)[nH]c3ccccc23)c2c(C)[nH]c3ccccc23)cc1,C1CCCCC1,328.0
1501,CC/[NH+]=c1\cc2oc3cc(NCCC(=O)NC(C(=O)OC)C(C)C)c4ccccc4c3nc-2cc1C,CCO,644.0
1502,CC/[NH+]=c1\cc2oc3cc(NCCC(=O)NC(C(=O)OC)C(C)C)c4ccccc4c3nc-2cc1C,O,653.0
1505,CC/[NH+]=c1\cc2oc3cc(NCCC(=O)NC(C)C(=O)OC)c4ccccc4c3nc-2cc1C,CCO,644.0
1506,CC/[NH+]=c1\cc2oc3cc(NCCC(=O)NC(CCC(=O)OC)C(=O)OC)c4ccccc4c3nc-2cc1C,CCO,644.0
1507,CC/[NH+]=c1\cc2oc3cc(NCCC(=O)NC(CCC(=O)OC)C(=O)OC)c4ccccc4c3nc-2cc1C,O,652.0
1508,CC/[NH+]=c1\cc2oc3cc(NCCC(=O)NCC(=O)OC)c4ccccc4c3nc-2cc1C,CCO,644.0
1509,CC/[NH+]=c1\cc2oc3cc(NCCC(=O)NCC(=O)OC)c4ccccc4c3nc-2cc1C,O,652.0
1510,CC/[NH+]=c1\cc2oc3cc(NCCC(=O)NCCCCC(NC(C)=O)C(=O)OC)c4ccccc4c3nc-2cc1C,CCO,645.0
1511,CC/[NH+]=c1\cc2oc3cc(NCCC(=O)NCCCCC(NC(C)=O)C(=O)OC)c4ccccc4c3nc-2cc1C,O,654.0
1512,CC/[NH+]=c1\cc2oc3cc(NCCC(=O)O)c4ccccc4c3nc-2cc1C,CCO,644.0
1513,CC/[NH+]=c1\cc2oc3cc(NCCC(=O)O)c4ccccc4c3nc-2cc1C,O,652.0
1514,CC/[NH+]=c1\cc2oc3cc(NCCN)c4ccccc4c3nc-2cc1C,CCO,647.0
1515,CC/[NH+]=c1\cc2oc3cc(NCCN)c4ccccc4c3nc-2cc1C,O,647.0
1516,CC/[NH+]=c1\cc2oc3cc(NCCNC(=O)C(NC(=O)OC(C)(C)C)C(C)C)c4ccccc4c3nc-2cc1C,CCO,653.0
1517,CC/[NH+]=c1\cc2oc3cc(NCCNC(=O)C(NC(=O)OC(C)(C)C)C(C)C)c4ccccc4c3nc-2cc1C,O,653.0
1518,CC/[NH+]=c1\cc2oc3cc(NCCO)c4ccccc4c3nc-2cc1C,CCO,643.0
1519,CC/[NH+]=c1\cc2oc3cc(NCCO)c4ccccc4c3nc-2cc1C,O,651.0
1520,CC/[NH+]=c1\cc2oc3cc(NCCOC(=O)C(NC(=O)OC(C)(C)C)C(C)C)c4ccccc4c3nc-2cc1C,CCO,652.0
1521,CC/[NH+]=c1\cc2oc3cc(NCCOC(=O)C(NC(=O)OC(C)(C)C)C(C)C)c4ccccc4c3nc-2cc1C,O,652.0
15021,c1ccc(N(c2ccccc2)c2ccc(N(c3ccccc3)c3ccc4ccc5c(N(c6ccccc6)c6ccc(N(c7ccccc7)c7ccccc7)cc6)ccc6ccc3c4c65)cc2)cc1,ClCCl,600.0
9232,COc1ccc2cc3cccc[n+]3cc2c1,O,455.0
11573,Fc1cc(F)c2cc3cccc[n+]3cc2c1,O,420.0
11092,Clc1ccc2cc3cccc[n+]3cc2c1,O,408.0
11622,Fc1ccc2cc3cccc[n+]3cc2c1,O,408.0
15255,c1ccc2c[n+]3ccccc3cc2c1,O,404.0
6773,CN1/C(=C/C=O)C(C)(C)c2ccccc21,CS(C)=O,410.0
6771,CN1/C(=C/C=C/C=O)C(C)(C)c2ccccc21,CS(C)=O,460.0
8752,COc1ccc(C)cc1C1=C2C=CC(=[N+](C)C)C=C2[Si](C)(C)c2cc(N(C)C)ccc21,O,664.0
9401,COc1ccccc1C1=C2C=CC(=[N+](C)C)C=C2[Si](C)(C)c2cc(N(C)C)ccc21,O,663.0
8801,COc1ccc(C2=C3C=CC(=[N+](C)C)C=C3[Si](C)(C)c3cc(N(C)C)ccc32)c(C)c1,O,662.0
8802,COc1ccc(C2=C3C=CC(=[N+](C)C)C=C3[Si](C)(C)c3cc(N(C)C)ccc32)c(OC)c1,O,663.0
10625,Cc1ccc(N(C)C)cc1C1=C2C=CC(=[N+](C)C)C=C2[Si](C)(C)c2cc(N(C)C)ccc21,O,662.0
10534,Cc1ccc(C2=C3C=CC(=[N+](C)C)C=C3[Si](C)(C)c3cc(N(C)C)ccc32)c(C)c1,O,660.0
8970,COc1ccc(OC)c(C2=C3C=CC(=[N+](C)C)C=C3[Si](C)(C)c3cc(N(C)C)ccc32)c1,O,665.0
10923,Cc1ccccc1C1=C2C=CC(=[N+](C)C)C=C2[Si](C)(C)c2cc(N(C)C)ccc21,O,660.0
10093,Cc1cc(N(C)C)ccc1C1=C2C=CC(=[N+](C)C)C=C2[Si](C)(C)c2cc(N(C)C)ccc21,O,663.0
10478,Cc1ccc(C)c(C2=C3C=CC(=[N+](C)C)C=C3[Si](C)(C)c3cc(N(C)C)ccc32)c1,O,660.0
2478,CCC1(CC)c2ccccc2-c2ccc(C#Cc3cc(C#Cc4ccc5c(c4)C(CC)(CC)c4ccccc4-5)c4ccc5c(C#Cc6ccc7c(c6)C(CC)(CC)c6ccccc6-7)cc(C#Cc6ccc7c(c6)C(CC)(CC)c6ccccc6-7)c6ccc3c4c65)cc21,Cc1ccccc1,549.0
5369,CCn1c2ccccc2c2cc(/C=C/c3cccc[n+]3CCCS(=O)(=O)[O-])ccc21,CC(C)=O,565.0
5370,CCn1c2ccccc2c2cc(/C=C/c3cccc[n+]3CCCS(=O)(=O)[O-])ccc21,Cc1ccccc1,590.0
5367,CCn1c2ccccc2c2cc(/C=C/c3cccc[n+]3CCCS(=O)(=O)[O-])ccc21,C1CCOC1,559.0
5368,CCn1c2ccccc2c2cc(/C=C/c3cccc[n+]3CCCS(=O)(=O)[O-])ccc21,CC#N,565.0
1120,CC(C)(C)c1ccc2c(c1)c1cc(C(C)(C)C)ccc1n2-c1cc(N2c3ccccc3C(c3ccccc3)(c3ccccc3)c3ccccc32)cc(-n2c3ccc(C(C)(C)C)cc3c3cc(C(C)(C)C)ccc32)c1C#N,Cc1ccccc1,458.0
11940,N#Cc1c(-n2c3ccccc3c3ccccc32)cc(N2c3ccccc3C(c3ccccc3)(c3ccccc3)c3ccccc32)cc1-n1c2ccccc2c2ccccc21,Cc1ccccc1,471.0
13620,O=P1(c2ccccc2)c2ccccc2-c2sc3ccccc3c21,C1CCCCC1,417.0
13621,O=P1(c2ccccc2)c2ccccc2-c2sc3ccccc3c21,CC#N,427.0
13622,O=P1(c2ccccc2)c2ccccc2-c2sc3ccccc3c21,CCO,434.0
13623,O=P1(c2ccccc2)c2ccccc2-c2sc3ccccc3c21,ClCCl,428.0
883,CC(C)(C)c1cc(-c2ccc3c(-c4cc(C(C)(C)C)cc(C(C)(C)C)c4)cc4c5cc(-c6cc(C(C)(C)C)cc(C(C)(C)C)c6)ccc5c(-c5cc(C(C)(C)C)cc(C(C)(C)C)c5)cc4c3c2)cc(C(C)(C)C)c1,ClCCl,401.0
8110,COc1ccc(-c2c3cc4cc(C)sc4cc3c(-c3ccc(OC)cc3)c3cc4cc(C)sc4cc23)cc1,ClCCl,514.0
2713,CCC1=C(C)c2cc3[nH]c(cc4nc(c5c6[nH]c(cc1n2)c(C)c6C(=O)C5)[C@@H](CCC(=O)OC)[C@@H]4C)c(C)c3/C=C(\c1ccccc1)[N+](=O)[O-],ClCCl,704.0
15142,c1ccc2c(c1)-c1c(cc3ccc4cccc5ccc1c3c45)C21c2cc(-c3ccc4ccc5cccc6ccc3c4c56)ccc2-c2ccc(-c3ccc4ccc5cccc6ccc3c4c56)cc21,ClC(Cl)Cl,424.0
1365,CC(C)[Si](C#Cc1c2ccccc2c(C#C[Si](C(C)C)(C(C)C)C(C)C)c2nc3c(nc12)C1c2ccccc2C3c2ccccc21)(C(C)C)C(C)C,CCCCCC,464.0
5199,CCc1c(CC)c2n(c1C)[B-](F)(F)[N+]1=C(C)c3cc4c(cc3C1=C2)=[N+]1C(=Cc2c(CC)c(CC)c(C)n2[B-]1(F)F)C=4C,ClC(Cl)Cl,774.0
11064,ClP1(Cl)=N[P@@](Cl)(Oc2ccc3ccc4cccc5ccc2c3c45)=N[P@@](Cl)(Oc2ccc3ccc4cccc5ccc2c3c45)=N1,ClCCl,455.0
3226,CCCCCCCCN1c2ccc(C#Cc3cc(C(F)(F)F)cc(C(F)(F)F)c3)cc2Sc2cc(C=O)ccc21,C1CCOC1,514.0
3227,CCCCCCCCN1c2ccc(C#Cc3cc(C(F)(F)F)cc(C(F)(F)F)c3)cc2Sc2cc(C=O)ccc21,CC#N,532.0
3228,CCCCCCCCN1c2ccc(C#Cc3cc(C(F)(F)F)cc(C(F)(F)F)c3)cc2Sc2cc(C=O)ccc21,CCCCCC,491.0
3229,CCCCCCCCN1c2ccc(C#Cc3cc(C(F)(F)F)cc(C(F)(F)F)c3)cc2Sc2cc(C=O)ccc21,CO,517.0
3230,CCCCCCCCN1c2ccc(C#Cc3cc(C(F)(F)F)cc(C(F)(F)F)c3)cc2Sc2cc(C=O)ccc21,CS(C)=O,540.0
3231,CCCCCCCCN1c2ccc(C#Cc3cc(C(F)(F)F)cc(C(F)(F)F)c3)cc2Sc2cc(C=O)ccc21,Cc1ccccc1,508.0
3232,CCCCCCCCN1c2ccc(C#Cc3cc(C(F)(F)F)cc(C(F)(F)F)c3)cc2Sc2cc(C=O)ccc21,ClC(Cl)Cl,529.0
3233,CCCCCCCCN1c2ccc(C#Cc3ccc(C(F)(F)F)cc3)cc2Sc2cc(C=O)ccc21,C1CCOC1,512.0
3234,CCCCCCCCN1c2ccc(C#Cc3ccc(C(F)(F)F)cc3)cc2Sc2cc(C=O)ccc21,CC#N,534.0
3235,CCCCCCCCN1c2ccc(C#Cc3ccc(C(F)(F)F)cc3)cc2Sc2cc(C=O)ccc21,CCCCCC,490.0
3236,CCCCCCCCN1c2ccc(C#Cc3ccc(C(F)(F)F)cc3)cc2Sc2cc(C=O)ccc21,CO,500.0
3237,CCCCCCCCN1c2ccc(C#Cc3ccc(C(F)(F)F)cc3)cc2Sc2cc(C=O)ccc21,CS(C)=O,539.0
3238,CCCCCCCCN1c2ccc(C#Cc3ccc(C(F)(F)F)cc3)cc2Sc2cc(C=O)ccc21,Cc1ccccc1,509.0
3239,CCCCCCCCN1c2ccc(C#Cc3ccc(C(F)(F)F)cc3)cc2Sc2cc(C=O)ccc21,ClC(Cl)Cl,535.0
3240,CCCCCCCCN1c2ccc(C#Cc3ccc(F)cc3)cc2Sc2cc(C=O)ccc21,C1CCOC1,513.0
3241,CCCCCCCCN1c2ccc(C#Cc3ccc(F)cc3)cc2Sc2cc(C=O)ccc21,CC#N,538.0
3242,CCCCCCCCN1c2ccc(C#Cc3ccc(F)cc3)cc2Sc2cc(C=O)ccc21,CCCCCC,488.0
3243,CCCCCCCCN1c2ccc(C#Cc3ccc(F)cc3)cc2Sc2cc(C=O)ccc21,CO,466.0
3244,CCCCCCCCN1c2ccc(C#Cc3ccc(F)cc3)cc2Sc2cc(C=O)ccc21,CS(C)=O,542.0
3245,CCCCCCCCN1c2ccc(C#Cc3ccc(F)cc3)cc2Sc2cc(C=O)ccc21,Cc1ccccc1,507.0
3246,CCCCCCCCN1c2ccc(C#Cc3ccc(F)cc3)cc2Sc2cc(C=O)ccc21,ClC(Cl)Cl,539.0
3247,CCCCCCCCN1c2ccc(C#Cc3ccc(OC)cc3)cc2Sc2cc(C=O)ccc21,C1CCOC1,512.0
3248,CCCCCCCCN1c2ccc(C#Cc3ccc(OC)cc3)cc2Sc2cc(C=O)ccc21,CC#N,538.0
3249,CCCCCCCCN1c2ccc(C#Cc3ccc(OC)cc3)cc2Sc2cc(C=O)ccc21,CCCCCC,494.0
3250,CCCCCCCCN1c2ccc(C#Cc3ccc(OC)cc3)cc2Sc2cc(C=O)ccc21,CO,464.0
3251,CCCCCCCCN1c2ccc(C#Cc3ccc(OC)cc3)cc2Sc2cc(C=O)ccc21,CS(C)=O,524.0
3252,CCCCCCCCN1c2ccc(C#Cc3ccc(OC)cc3)cc2Sc2cc(C=O)ccc21,Cc1ccccc1,510.0
3253,CCCCCCCCN1c2ccc(C#Cc3ccc(OC)cc3)cc2Sc2cc(C=O)ccc21,ClC(Cl)Cl,524.0
14692,c1ccc(-c2nc(-c3ccc(N4c5ccccc5C(c5ccccc5)(c5ccccc5)c5ccccc54)cc3)cc(-c3ccc(N4c5ccccc5C(c5ccccc5)(c5ccccc5)c5ccccc54)cc3)n2)cc1,Cc1ccccc1,456.0
14693,c1ccc(-c2nc(-c3ccc(N4c5ccccc5C(c5ccccc5)(c5ccccc5)c5ccccc54)cc3)cc(-c3ccc(N4c5ccccc5C(c5ccccc5)(c5ccccc5)c5ccccc54)cc3)n2)cc1,O=P(c1ccccc1)(c1ccccc1)c1ccc2oc3ccc(P(=O)(c4ccccc4)c4ccccc4)cc3c2c1,462.0
8135,COc1ccc(-c2c3nc(cc4ccc([nH]4)c(-c4ccc(OC)c(OCC(=O)O)c4)c4nc(cc5ccc2[nH]5)CC4)C=C3)cc1OCC(=O)O,CS(C)=O,650.0
12774,O=C(O)COc1cccc(-c2c3nc(cc4ccc([nH]4)c(-c4cccc(OCC(=O)O)c4)c4nc(cc5ccc2[nH]5)CC4)C=C3)c1,CS(C)=O,649.0
8138,COc1ccc(-c2c3nc(cc4ccc([nH]4)c(-c4ccc(OC)c(OCCCC(=O)O)c4)c4nc(cc5ccc2[nH]5)CC4)C=C3)cc1OCCCC(=O)O,CS(C)=O,651.0
12762,O=C(O)CCCOc1cccc(-c2c3nc(cc4ccc([nH]4)c(-c4cccc(OCCCC(=O)O)c4)c4nc(cc5ccc2[nH]5)CC4)C=C3)c1,CS(C)=O,649.0
3521,CCCCCc1c(C(=O)c2ccc3c4c(cccc24)-c2cccc4c2C3CC=C4)c2ccc3cccc4c5cccc6ccc1c(c65)c2c34,ClCCl,525.0
3935,CCCc1c(C(=O)c2ccc3c4c(cccc24)-c2cccc4c2C3CC=C4)c2ccc3cccc4c5cccc6ccc1c(c65)c2c34,ClCCl,526.0
2707,CCC1=C(C)C2=Cc3cscc3B(O)N2C1=O,CC#N,412.0
2708,CCC1=C(C)C2=Cc3cscc3B(O)N2C1=O,CCCCCC,396.0
2709,CCC1=C(C)C2=Cc3cscc3B(O)N2C1=O,CO,418.0
2710,CCC1=C(C)C2=Cc3cscc3B(O)N2C1=O,CS(C)=O,425.0
2711,CCC1=C(C)C2=Cc3cscc3B(O)N2C1=O,ClC(Cl)Cl,414.0
8898,COc1ccc(N(c2ccc(C=C(c3ccccc3)c3ccccc3)cc2)c2ccc(C=C(c3ccccc3)c3ccccc3)cc2)cc1,Cc1ccccc1,477.0
4619,CCOC(=O)/C(C#N)=C\c1cn(-c2ccccc2)nc1-c1ccccc1,C1CCOC1,429.0
4620,CCOC(=O)/C(C#N)=C\c1cn(-c2ccccc2)nc1-c1ccccc1,C1COCCO1,408.0
4621,CCOC(=O)/C(C#N)=C\c1cn(-c2ccccc2)nc1-c1ccccc1,CCO,423.0
4622,CCOC(=O)/C(C#N)=C\c1cn(-c2ccccc2)nc1-c1ccccc1,CCOC(C)=O,427.0
4623,CCOC(=O)/C(C#N)=C\c1cn(-c2ccccc2)nc1-c1ccccc1,CN(C)C=O,434.0
4624,CCOC(=O)/C(C#N)=C\c1cn(-c2ccccc2)nc1-c1ccccc1,CO,434.0
4625,CCOC(=O)/C(C#N)=C\c1cn(-c2ccccc2)nc1-c1ccccc1,CS(C)=O,440.0
4626,CCOC(=O)/C(C#N)=C\c1cn(-c2ccccc2)nc1-c1ccccc1,Cc1ccccc1,407.0
4627,CCOC(=O)/C(C#N)=C\c1cn(-c2ccccc2)nc1-c1ccccc1,ClC(Cl)Cl,431.0
4628,CCOC(=O)/C(C#N)=C\c1cn(-c2ccccc2)nc1-c1ccccc1,ClCCl,428.0
11812,N#CC(C#N)=Cc1cn(-c2ccccc2)nc1-c1ccccc1,C1CCOC1,427.0
11813,N#CC(C#N)=Cc1cn(-c2ccccc2)nc1-c1ccccc1,C1COCCO1,426.0
11814,N#CC(C#N)=Cc1cn(-c2ccccc2)nc1-c1ccccc1,CCO,426.0
11815,N#CC(C#N)=Cc1cn(-c2ccccc2)nc1-c1ccccc1,CCOC(C)=O,427.0
11816,N#CC(C#N)=Cc1cn(-c2ccccc2)nc1-c1ccccc1,CN(C)C=O,438.0
11817,N#CC(C#N)=Cc1cn(-c2ccccc2)nc1-c1ccccc1,CO,426.0
11818,N#CC(C#N)=Cc1cn(-c2ccccc2)nc1-c1ccccc1,CS(C)=O,443.0
11819,N#CC(C#N)=Cc1cn(-c2ccccc2)nc1-c1ccccc1,Cc1ccccc1,430.0
11820,N#CC(C#N)=Cc1cn(-c2ccccc2)nc1-c1ccccc1,ClC(Cl)Cl,432.0
11821,N#CC(C#N)=Cc1cn(-c2ccccc2)nc1-c1ccccc1,ClCCl,430.0
6775,CN1/C(=C\C=C\C2=C3C=CC(c4ccccc4)=[N+]3[B-](F)(F)n3c2ccc3-c2ccccc2)Sc2ccccc21,CC#N,727.0
8990,COc1ccc2[nH]cc(/C=C/C3=[NH+]c4cccc5cccc3c45)c2c1,CO,583.0
872,CC(C)(C)OC(=O)c1c(C=Cc2ccccc2)oc(NC2CCCCC2)c1C(=O)OC(C)(C)C,CC#N,462.0
4877,CCOC(=O)c1c(C=Cc2ccccc2)oc(NC2CCCCC2)c1C(=O)OCC,CC#N,460.0
3945,CCCn1c(=O)c(/C=C/c2nc3ccc(C)cc3n(CCC)c2=O)nc2ccc(C)cc21,CC#N,502.0
3946,CCCn1c(=O)c(/C=C/c2nc3ccc(C)cc3n(CCC)c2=O)nc2ccc(C)cc21,ClCCl,490.0
3944,CCCn1c(=O)c(/C=C/c2nc3ccc(C)cc3n(CCC)c2=O)nc2ccc(C)cc21,C1COCCO1,484.0
17,Brc1ccc(N/C=C/C=[NH+]c2ccc(Br)cc2)cc1,CS(C)=O,497.0
13814,O=[N+]([O-])c1ccc(N/C=C/C=[NH+]c2ccc([N+](=O)[O-])cc2)cc1,CS(C)=O,508.0
10651,Cc1ccc(N/C=C/C=[NH+]c2ccc(C)cc2)cc1,CS(C)=O,491.0
151,C(/C=C/Nc1ccccc1)=[NH+]c1ccccc1,CS(C)=O,492.0
8547,COc1ccc(/C=C/c2cc[n+]3ccc(/C=C/c4ccc(OC)cc4)cc3c2)cc1,CO,540.0
12543,Nc1ccc2c(c1)C(=O)N(C13C[C@H]4C[C@@H](C1)C[C@@H](C3)C4)C2=O,C1CCCCC1,408.0
12544,Nc1ccc2c(c1)C(=O)N(C13C[C@H]4C[C@@H](C1)C[C@@H](C3)C4)C2=O,C1CCOC1,450.0
12545,Nc1ccc2c(c1)C(=O)N(C13C[C@H]4C[C@@H](C1)C[C@@H](C3)C4)C2=O,CC#N,469.0
12546,Nc1ccc2c(c1)C(=O)N(C13C[C@H]4C[C@@H](C1)C[C@@H](C3)C4)C2=O,CCOC(C)=O,454.0
12547,Nc1ccc2c(c1)C(=O)N(C13C[C@H]4C[C@@H](C1)C[C@@H](C3)C4)C2=O,CO,516.0
12548,Nc1ccc2c(c1)C(=O)N(C13C[C@H]4C[C@@H](C1)C[C@@H](C3)C4)C2=O,CS(C)=O,480.0
12549,Nc1ccc2c(c1)C(=O)N(C13C[C@H]4C[C@@H](C1)C[C@@H](C3)C4)C2=O,Cc1ccccc1,433.0
12550,Nc1ccc2c(c1)C(=O)N(C13C[C@H]4C[C@@H](C1)C[C@@H](C3)C4)C2=O,ClCCl,444.0
6797,CN1C(=O)/C(=C/c2ccncc2)N=C1/C=C/c1ccncc1,C1COCCO1,537.0
6798,CN1C(=O)/C(=C/c2ccncc2)N=C1/C=C/c1ccncc1,CC#N,541.0
6799,CN1C(=O)/C(=C/c2ccncc2)N=C1/C=C/c1ccncc1,CCO,545.0
6800,CN1C(=O)/C(=C/c2ccncc2)N=C1/C=C/c1ccncc1,CCOC(C)=O,535.0
6801,CN1C(=O)/C(=C/c2ccncc2)N=C1/C=C/c1ccncc1,O,542.0
10024,Cc1cc(C)c([B-]2(c3c(C)cc(C)cc3C)[O+]=P(c3ccccc3)(c3ccccc3)c3cc(C#Cc4ccccc4)sc3-c3sc(C#Cc4ccccc4)cc32)c(C)c1,C1CCOC1,498.0
2378,CCC(C)[Si](C#Cc1c2cc3cc4c(cc3cc2c(C#C[Si](C(C)CC)(C(C)CC)C(C)CC)c2cc3cc5cc6c(cc5cc3cc12)OC(CC(C)C)(CC(C)C)O6)OC(CC(C)C)(CC(C)C)O4)(C(C)CC)C(C)CC,CCCCCC,723.4031133
2268,CC1=[N+]2C(=C(c3ccc(N4CCCCC4)cc3)c3ccc(C)n3[B-]2(F)F)C=C1,CCOC(C)=O,518.0
2266,CC1=[N+]2C(=C(c3ccc(N4CCCCC4)cc3)c3ccc(C)n3[B-]2(F)F)C=C1,CC(C)=O,517.0
2269,CC1=[N+]2C(=C(c3ccc(N4CCCCC4)cc3)c3ccc(C)n3[B-]2(F)F)C=C1,CO,518.0
2065,CC1=CC(C)=[N+]2C1=C(c1ccc(N3CCCCC3)cc1)c1c(C)cc(C)n1[B-]2(F)F,C1CCOC1,515.0
2066,CC1=CC(C)=[N+]2C1=C(c1ccc(N3CCCCC3)cc1)c1c(C)cc(C)n1[B-]2(F)F,CC#N,511.0
2067,CC1=CC(C)=[N+]2C1=C(c1ccc(N3CCCCC3)cc1)c1c(C)cc(C)n1[B-]2(F)F,CC(=O)C(C)(C)C,516.0
2068,CC1=CC(C)=[N+]2C1=C(c1ccc(N3CCCCC3)cc1)c1c(C)cc(C)n1[B-]2(F)F,CC(C)=O,515.0
2069,CC1=CC(C)=[N+]2C1=C(c1ccc(N3CCCCC3)cc1)c1c(C)cc(C)n1[B-]2(F)F,CCCCCC,511.0
2070,CC1=CC(C)=[N+]2C1=C(c1ccc(N3CCCCC3)cc1)c1c(C)cc(C)n1[B-]2(F)F,CCOC(C)=O,515.0
2071,CC1=CC(C)=[N+]2C1=C(c1ccc(N3CCCCC3)cc1)c1c(C)cc(C)n1[B-]2(F)F,CO,514.0
2262,CC1=[N+]2C(=C(c3ccc(N4CCCCC4)cc3)c3ccc(C)n3[B-]2(F)F)C=C1,C1CCCCC1,519.0
2264,CC1=[N+]2C(=C(c3ccc(N4CCCCC4)cc3)c3ccc(C)n3[B-]2(F)F)C=C1,CC#N,519.0
2265,CC1=[N+]2C(=C(c3ccc(N4CCCCC4)cc3)c3ccc(C)n3[B-]2(F)F)C=C1,CC(=O)C(C)(C)C,523.0
2270,CC1=[N+]2C(=C(c3ccc(N4CCCCC4)cc3)c3ccc(C)n3[B-]2(F)F)C=C1,Cc1ccccc1,593.0
2271,CC1=[N+]2C(=C(c3ccc(N4CCCCC4)cc3)c3ccc(C)n3[B-]2(F)F)C=C1,ClC(Cl)Cl,527.0
2267,CC1=[N+]2C(=C(c3ccc(N4CCCCC4)cc3)c3ccc(C)n3[B-]2(F)F)C=C1,CCCCCC,520.0
4433,CCN(CC)c1cccc2c1ccc1c(=O)oc(-c3ccc(C(F)(F)F)cc3)cc12,CC(C)=O,604.0
4434,CCN(CC)c1cccc2c1ccc1c(=O)oc(-c3ccc(C(F)(F)F)cc3)cc12,CCCCCC,469.0
4435,CCN(CC)c1cccc2c1ccc1c(=O)oc(-c3ccc(C(F)(F)F)cc3)cc12,CCCCCCCCO,561.0
4436,CCN(CC)c1cccc2c1ccc1c(=O)oc(-c3ccc(C(F)(F)F)cc3)cc12,CCCCO,578.0
4437,CCN(CC)c1cccc2c1ccc1c(=O)oc(-c3ccc(C(F)(F)F)cc3)cc12,CCCO,587.0
4438,CCN(CC)c1cccc2c1ccc1c(=O)oc(-c3ccc(C(F)(F)F)cc3)cc12,CCO,599.0
4439,CCN(CC)c1cccc2c1ccc1c(=O)oc(-c3ccc(C(F)(F)F)cc3)cc12,CCOC(C)=O,568.0
4440,CCN(CC)c1cccc2c1ccc1c(=O)oc(-c3ccc(C(F)(F)F)cc3)cc12,CN(C)C=O,613.0
4441,CCN(CC)c1cccc2c1ccc1c(=O)oc(-c3ccc(C(F)(F)F)cc3)cc12,CO,604.0
4442,CCN(CC)c1cccc2c1ccc1c(=O)oc(-c3ccc(C(F)(F)F)cc3)cc12,ClC(Cl)Cl,542.0
5604,CN(C)c1ccc(-c2cc3c(ccc4c([N+](=O)[O-])cccc43)c(=O)o2)cc1,CC(C)=O,530.0
5605,CN(C)c1ccc(-c2cc3c(ccc4c([N+](=O)[O-])cccc43)c(=O)o2)cc1,CCOC(C)=O,624.0
5606,CN(C)c1ccc(-c2cc3c(ccc4c([N+](=O)[O-])cccc43)c(=O)o2)cc1,CN(C)C=O,546.0
5607,CN(C)c1ccc(-c2cc3c(ccc4c([N+](=O)[O-])cccc43)c(=O)o2)cc1,CO,548.0
5608,CN(C)c1ccc(-c2cc3c(ccc4c([N+](=O)[O-])cccc43)c(=O)o2)cc1,ClC(Cl)Cl,634.0
6658,CN(C)c1cccc2c1ccc1c(=O)oc(-c3ccc(C(F)(F)F)cc3)cc12,CC(C)=O,611.0
6659,CN(C)c1cccc2c1ccc1c(=O)oc(-c3ccc(C(F)(F)F)cc3)cc12,CCCCCCCCO,585.0
6660,CN(C)c1cccc2c1ccc1c(=O)oc(-c3ccc(C(F)(F)F)cc3)cc12,CCCCO,586.0
6661,CN(C)c1cccc2c1ccc1c(=O)oc(-c3ccc(C(F)(F)F)cc3)cc12,CCCO,591.0
6662,CN(C)c1cccc2c1ccc1c(=O)oc(-c3ccc(C(F)(F)F)cc3)cc12,CCO,602.0
6663,CN(C)c1cccc2c1ccc1c(=O)oc(-c3ccc(C(F)(F)F)cc3)cc12,CCOC(C)=O,578.0
6664,CN(C)c1cccc2c1ccc1c(=O)oc(-c3ccc(C(F)(F)F)cc3)cc12,CN(C)C=O,614.0
6665,CN(C)c1cccc2c1ccc1c(=O)oc(-c3ccc(C(F)(F)F)cc3)cc12,CO,612.0
6666,CN(C)c1cccc2c1ccc1c(=O)oc(-c3ccc(C(F)(F)F)cc3)cc12,ClC(Cl)Cl,538.0
14311,Oc1ccccc1/C=N/c1cc2nc3ccccc3nc2cc1/N=C/c1ccccc1O,CC#N,501.0
4083,CCN(CC)c1ccc(/C=N/c2cc3nc4ccccc4nc3cc2/N=C/c2ccc(N(CC)CC)cc2O)c(O)c1,CC#N,551.0
4084,CCN(CC)c1ccc(/C=N/c2cc3nc4ccccc4nc3cc2/N=C/c2ccc(N(CC)CC)cc2O)c(O)c1,CN(C)C=O,599.0
4085,CCN(CC)c1ccc(/C=N/c2cc3nc4ccccc4nc3cc2/N=C/c2ccc(N(CC)CC)cc2O)c(O)c1,ClCCl,568.0
4201,CCN(CC)c1ccc2cc(-c3cc(SC)c(C#N)c(=O)o3)c(=O)oc2c1,CO,582.0
4202,CCN(CC)c1ccc2cc(-c3cc(SC)c(C#N)c(=O)o3)c(=O)oc2c1,CS(C)=O,593.0
4203,CCN(CC)c1ccc2cc(-c3cc(SC)c(C#N)c(=O)o3)c(=O)oc2c1,Cc1ccccc1,533.0
4204,CCN(CC)c1ccc2cc(-c3cc(SC)c(C#N)c(=O)o3)c(=O)oc2c1,ClC(Cl)Cl,547.0
4205,CCN(CC)c1ccc2cc(-c3cc(SC)c(C#N)c(=O)o3)c(=O)oc2c1,ClCCl,560.0
4196,CCN(CC)c1ccc2cc(-c3cc(SC)c(C#N)c(=O)o3)c(=O)oc2c1,C1CCOC1,558.0
4197,CCN(CC)c1ccc2cc(-c3cc(SC)c(C#N)c(=O)o3)c(=O)oc2c1,CC#N,578.0
4198,CCN(CC)c1ccc2cc(-c3cc(SC)c(C#N)c(=O)o3)c(=O)oc2c1,CC(C)=O,573.0
4199,CCN(CC)c1ccc2cc(-c3cc(SC)c(C#N)c(=O)o3)c(=O)oc2c1,CCOC(C)=O,554.0
4200,CCN(CC)c1ccc2cc(-c3cc(SC)c(C#N)c(=O)o3)c(=O)oc2c1,CN(C)C=O,585.0
1566,CC1(C)C2=C3C=C4C5=[N+](CCC4OC3CCN2c2ccc(CC(=O)NCCCCCCO)cc21)c1ccc(S(=O)(=O)[O-])cc1C5(C)C,O,572.0
1799,CC1(C)c2ccccc2N(c2ccc(-c3nc(-c4ccccn4)n(-c4ccc(N5c6ccccc6C(C)(C)c6ccccc65)cc4)n3)cc2)c2ccccc21,ClCCl,445.0
12698,O=C(N/N=C/c1ccccc1O)c1ccc([N+](=O)[O-])cc1,C1CCOC1,311.0
12699,O=C(N/N=C/c1ccccc1O)c1ccc([N+](=O)[O-])cc1,CC#N,378.0
12700,O=C(N/N=C/c1ccccc1O)c1ccc([N+](=O)[O-])cc1,CC(C)=O,427.0
12701,O=C(N/N=C/c1ccccc1O)c1ccc([N+](=O)[O-])cc1,CCO,430.0
12702,O=C(N/N=C/c1ccccc1O)c1ccc([N+](=O)[O-])cc1,CN(C)C=O,453.0
12703,O=C(N/N=C/c1ccccc1O)c1ccc([N+](=O)[O-])cc1,CS(C)=O,330.0
12704,O=C(N/N=C/c1ccccc1O)c1ccc([N+](=O)[O-])cc1,ClCCl,393.0
12712,O=C(N/N=C/c1ccccc1O)c1ccccc1,C1CCOC1,306.0
12713,O=C(N/N=C/c1ccccc1O)c1ccccc1,CC#N,373.0
12714,O=C(N/N=C/c1ccccc1O)c1ccccc1,CC(C)=O,426.0
12715,O=C(N/N=C/c1ccccc1O)c1ccccc1,CCO,429.0
12716,O=C(N/N=C/c1ccccc1O)c1ccccc1,CN(C)C=O,458.0
12717,O=C(N/N=C/c1ccccc1O)c1ccccc1,CS(C)=O,552.0
12718,O=C(N/N=C/c1ccccc1O)c1ccccc1,ClCCl,392.0
12719,O=C(N/N=C/c1ccccc1O)c1ccccc1O,C1CCOC1,446.0
12720,O=C(N/N=C/c1ccccc1O)c1ccccc1O,CC#N,474.0
12721,O=C(N/N=C/c1ccccc1O)c1ccccc1O,CC(C)=O,484.0
12722,O=C(N/N=C/c1ccccc1O)c1ccccc1O,CCO,463.0
12723,O=C(N/N=C/c1ccccc1O)c1ccccc1O,CN(C)C=O,455.0
12724,O=C(N/N=C/c1ccccc1O)c1ccccc1O,CS(C)=O,458.0
12725,O=C(N/N=C/c1ccccc1O)c1ccccc1O,ClCCl,392.0
480,C1=C/C2=C(\c3ccccc3)c3c[nH]c(c3)/C(c3ccccc3)=C3/C=CC(=N3)/C(c3ccccc3)=c3/cc/c([nH]3)=C(\c3ccccc3)C1=N2,CC(=O)N(C)C,713.0
884,CC(C)(C)c1cc(/C2=C3\C=CC(=N3)/C(c3ccc(Br)cc3)=c3/cc/c([nH]3)=C(\c3ccc(Br)cc3)C3=N/C(=C(/c4cc(C(C)(C)C)cc(C(C)(C)C)c4)c4cc2c[nH]4)C=C3)cc(C(C)(C)C)c1,CC(=O)N(C)C,716.0
885,CC(C)(C)c1cc(/C2=C3\C=CC(=N3)/C(c3ccc([N+](=O)[O-])cc3)=c3/cc/c([nH]3)=C(\c3ccc([N+](=O)[O-])cc3)C3=N/C(=C(/c4cc(C(C)(C)C)cc(C(C)(C)C)c4)c4cc2c[nH]4)C=C3)cc(C(C)(C)C)c1,CC(=O)N(C)C,717.0
78,C#Cc1ccc(/C2=c3\cc/c([nH]3)=C(\c3ccc(C#C)cc3)C3=N/C(=C(/c4cc(C(C)(C)C)cc(C(C)(C)C)c4)c4cc(c[nH]4)/C(c4cc(C(C)(C)C)cc(C(C)(C)C)c4)=C4/C=CC2=N4)C=C3)cc1,CC(=O)N(C)C,718.0
14480,c1cc2ccc3[o+]c4ccc5cccc6c7cccc8c(c1)c2c3c(c87)c4c56,ClCCl,594.0
13892,O=c1c2cc(F)c(N3CCOCC3)cc2sc2cc(N3CCOCC3)c(F)cc12,CCO,481.0
10238,Cc1ccc(-c2c3nc(c(-c4ccco4)c4ccc(s4)c(-c4ccco4)c4nc(c(-c5ccc(C)cc5)c5ccc2[nH]5)C=C4)C=C3)cc1,ClCCl,717.0
9713,Cc1c2c(c(C)c3ccccc13)-c1c-2ccc2nc3ccccc3nc12,ClC(Cl)Cl,648.0
11047,Cc1nnc(-c2ccc(-n3c4ccccc4c4ccccc43)cc2)o1,Cc1ccccc1,372.0
9152,COc1ccc2c3ccc(OC)cc3n(-c3ccc(-c4nnc(C)o4)cc3)c2c1,Cc1ccccc1,428.0
11046,Cc1nnc(-c2ccc(-n3c4ccccc4c4ccccc43)cc2)o1,CCO,440.0
13987,O=c1cccc2n1C[C@@H]1CNC[C@H]2C1,CC#N,380.0
12729,O=C(Nc1ccccc1[N+](=O)[O-])c1ccc2oc(-c3cc4ccccc4oc3=O)nc2c1,ClCCl,443.0
4254,CCN(CC)c1ccc2cc(-c3nc4cc(C(=O)Nc5ccc(C)cc5[N+](=O)[O-])ccc4o3)c(=O)oc2c1,ClCCl,496.0
4255,CCN(CC)c1ccc2cc(-c3nc4cc(C(=O)Nc5cccc(C)c5)ccc4o3)c(=O)oc2c1,ClCCl,495.0
4256,CCN(CC)c1ccc2cc(-c3nc4cc(C(=O)Nc5cccc(OC)c5)ccc4o3)c(=O)oc2c1,ClCCl,494.0
4257,CCN(CC)c1ccc2cc(-c3nc4cc(C(=O)Nc5ccccc5)ccc4o3)c(=O)oc2c1,ClCCl,495.0
4258,CCN(CC)c1ccc2cc(-c3nc4cc(C(=O)Nc5ccccc5Cl)ccc4o3)c(=O)oc2c1,ClCCl,496.0
4259,CCN(CC)c1ccc2cc(-c3nc4cc(C(=O)Nc5ccccc5[N+](=O)[O-])ccc4o3)c(=O)oc2c1,ClCCl,498.0
10382,Cc1ccc(/C2=c3\cc/c(o3)=C(\c3ccc(C)cc3)c3ccc([nH]3)-c3ccc4n3[B-](F)(F)[N+]3=C(C=CC3=C4c3cccs3)c3ccc2[nH]3)cc1,ClC(Cl)Cl,722.0
3840,CCCCn1c2ccccc2c2cc(C#Cc3ccc4ccc5cccc6ccc3c4c56)ccc21,ClCCl,450.0
526,C1=[N+](c2ccccc2)[B-]2(Oc3c1ccc1c4c(ccc31)C=[N+](c1ccccc1)[B-]1(O4)c3ccccc3Oc3ccccc31)c1ccccc1Oc1ccccc12,Cc1ccccc1,605.0
527,C1=[N+](c2ccccc2)[B-]2(Oc3c1ccc1c4c(ccc31)C=[N+](c1ccccc1)[B-]1(O4)c3ccccc3Oc3ccccc31)c1ccccc1Oc1ccccc12,ClCCl,599.0
15257,c1ccc2cc(-c3c4ccccc4c(-c4ccc(-n5c6ccccc6c6ccccc65)cc4)c4ccccc34)ccc2c1,ClCCl,427.0
14616,c1ccc(-c2ccc(-c3ccccc3)cc2)cc1,C1CCOC1,340.0
14617,c1ccc(-c2ccc(-c3ccccc3)cc2)cc1,C1COCCO1,342.0
8210,COc1ccc(-c2ccc(-c3ccc(C#N)cc3)cc2)cc1,C1CCCCC1,377.0
14618,c1ccc(-c2ccc(-c3ccccc3)cc2)cc1,CCO,375.0
881,CC(C)(C)c1cc(-c2ccc(-c3cc(C(C)(C)C)cc(C(C)(C)C)c3)cc2)cc(C(C)(C)C)c1,C1COCCO1,349.0
8225,COc1ccc(-c2ccc(-c3ccc(F)cc3)cc2)cc1,C1COCCO1,352.0
8232,COc1ccc(-c2ccc(-c3ccc(OC)cc3)cc2)cc1,C1CCCCC1,360.0
8233,COc1ccc(-c2ccc(-c3ccccc3)cc2)cc1,C1CCCCC1,353.0
2369,CCC(C)(C)c1ccc(-c2ccc(-c3ccc(C(C)(C)CC)cc3)cc2)cc1,C1COCCO1,354.0
2370,CCC(C)(C)c1ccc(-c2ccc(-c3ccccc3)cc2)cc1,C1COCCO1,349.0
5481,CN(C)CCN(Cc1c2ccccc2cc2ccccc12)c1ccc([N+](=O)[O-])cc1,CN(C)C=O,389.0
5482,CN(C)CCN(Cc1c2ccccc2cc2ccccc12)c1ccc([N+](=O)[O-])cc1,CO,389.0
5483,CN(C)CCN(Cc1c2ccccc2cc2ccccc12)c1ccc([N+](=O)[O-])cc1,ClC(Cl)Cl,415.0
5484,CN(C)CCN(Cc1c2ccccc2cc2ccccc12)c1ccc([N+](=O)[O-])cc1[N+](=O)[O-],C1CCCCC1,391.0
5485,CN(C)CCN(Cc1c2ccccc2cc2ccccc12)c1ccc([N+](=O)[O-])cc1[N+](=O)[O-],C1CCOC1,394.0
5486,CN(C)CCN(Cc1c2ccccc2cc2ccccc12)c1ccc([N+](=O)[O-])cc1[N+](=O)[O-],CC#N,394.0
5487,CN(C)CCN(Cc1c2ccccc2cc2ccccc12)c1ccc([N+](=O)[O-])cc1[N+](=O)[O-],CC(C)=O,393.0
5488,CN(C)CCN(Cc1c2ccccc2cc2ccccc12)c1ccc([N+](=O)[O-])cc1[N+](=O)[O-],CCO,394.0
5489,CN(C)CCN(Cc1c2ccccc2cc2ccccc12)c1ccc([N+](=O)[O-])cc1[N+](=O)[O-],CN(C)C=O,396.0
5490,CN(C)CCN(Cc1c2ccccc2cc2ccccc12)c1ccc([N+](=O)[O-])cc1[N+](=O)[O-],CO,392.0
5491,CN(C)CCN(Cc1c2ccccc2cc2ccccc12)c1ccc([N+](=O)[O-])cc1[N+](=O)[O-],CS(C)=O,398.0
5492,CN(C)CCN(Cc1c2ccccc2cc2ccccc12)c1ccc([N+](=O)[O-])cc1[N+](=O)[O-],ClC(Cl)Cl,394.0
5493,CN(C)CCN(Cc1c2ccccc2cc2ccccc12)c1ccc([N+](=O)[O-])cc1[N+](=O)[O-],ClCCl,393.0
5476,CN(C)CCN(Cc1c2ccccc2cc2ccccc12)c1ccc([N+](=O)[O-])cc1,C1CCCCC1,411.0
5477,CN(C)CCN(Cc1c2ccccc2cc2ccccc12)c1ccc([N+](=O)[O-])cc1,C1CCOC1,414.0
5478,CN(C)CCN(Cc1c2ccccc2cc2ccccc12)c1ccc([N+](=O)[O-])cc1,CC#N,389.0
5479,CN(C)CCN(Cc1c2ccccc2cc2ccccc12)c1ccc([N+](=O)[O-])cc1,CC(C)=O,387.0
5480,CN(C)CCN(Cc1c2ccccc2cc2ccccc12)c1ccc([N+](=O)[O-])cc1,CCO,410.0
8716,COc1ccc(C(=O)/C=C/c2ccc(N(C)C)cc2)cc1OC,c1ccccc1,470.0
8711,COc1ccc(C(=O)/C=C/c2ccc(N(C)C)cc2)cc1OC,CCO,533.0
8441,COc1ccc(/C=C/C(=O)c2ccccc2O)cc1OC,CO,510.0
8442,COc1ccc(/C=C/C(=O)c2ccccc2O)cc1OC,CS(C)=O,480.0
8443,COc1ccc(/C=C/C(=O)c2ccccc2O)cc1OC,ClC(Cl)Cl,462.0
6448,CN(C)c1ccc(C=CC(=O)c2ccccc2)cc1,CC#N,536.0
6449,CN(C)c1ccc(C=CC(=O)c2ccccc2)cc1,CCOC(C)=O,498.0
6450,CN(C)c1ccc(C=CC(=O)c2ccccc2)cc1,Cc1ccccc1,468.0
8444,COc1ccc(/C=C/C(=O)c2ccccc2O)cc1OC,ClCCl,460.0
8712,COc1ccc(C(=O)/C=C/c2ccc(N(C)C)cc2)cc1OC,CN(C)C=O,523.0
10429,Cc1ccc(C(=O)/C=C/c2ccc(N(C)C)cc2)cc1,C1CCOC1,503.0
10430,Cc1ccc(C(=O)/C=C/c2ccc(N(C)C)cc2)cc1,CC#N,529.0
10431,Cc1ccc(C(=O)/C=C/c2ccc(N(C)C)cc2)cc1,CC(=O)O,512.0
10432,Cc1ccc(C(=O)/C=C/c2ccc(N(C)C)cc2)cc1,CC(C)=O,516.0
10433,Cc1ccc(C(=O)/C=C/c2ccc(N(C)C)cc2)cc1,CCO,533.0
10434,Cc1ccc(C(=O)/C=C/c2ccc(N(C)C)cc2)cc1,CN(C)C=O,528.0
10435,Cc1ccc(C(=O)/C=C/c2ccc(N(C)C)cc2)cc1,CO,533.0
10436,Cc1ccc(C(=O)/C=C/c2ccc(N(C)C)cc2)cc1,Cc1ccccc1,477.0
10437,Cc1ccc(C(=O)/C=C/c2ccc(N(C)C)cc2)cc1,ClC(Cl)Cl,508.0
10438,Cc1ccc(C(=O)/C=C/c2ccc(N(C)C)cc2)cc1,c1ccccc1,473.0
8713,COc1ccc(C(=O)/C=C/c2ccc(N(C)C)cc2)cc1OC,CO,535.0
8715,COc1ccc(C(=O)/C=C/c2ccc(N(C)C)cc2)cc1OC,ClC(Cl)Cl,507.0
8707,COc1ccc(C(=O)/C=C/c2ccc(N(C)C)cc2)cc1OC,C1CCOC1,500.0
8714,COc1ccc(C(=O)/C=C/c2ccc(N(C)C)cc2)cc1OC,Cc1ccccc1,468.0
8710,COc1ccc(C(=O)/C=C/c2ccc(N(C)C)cc2)cc1OC,CC(C)=O,511.0
8436,COc1ccc(/C=C/C(=O)c2ccccc2O)cc1OC,C1COCCO1,425.0
8437,COc1ccc(/C=C/C(=O)c2ccccc2O)cc1OC,CC#N,436.0
8438,COc1ccc(/C=C/C(=O)c2ccccc2O)cc1OC,CCCO,495.0
8439,COc1ccc(/C=C/C(=O)c2ccccc2O)cc1OC,CCO,500.0
8440,COc1ccc(/C=C/C(=O)c2ccccc2O)cc1OC,CN(C)C=O,473.0
5749,CN(C)c1ccc(/C=C/C(=O)c2ccc(Cl)cc2)cc1,C1CCOC1,516.0
5750,CN(C)c1ccc(/C=C/C(=O)c2ccc(Cl)cc2)cc1,CC#N,540.0
5751,CN(C)c1ccc(/C=C/C(=O)c2ccc(Cl)cc2)cc1,CC(=O)O,521.0
5752,CN(C)c1ccc(/C=C/C(=O)c2ccc(Cl)cc2)cc1,CC(C)=O,532.0
5753,CN(C)c1ccc(/C=C/C(=O)c2ccc(Cl)cc2)cc1,CCO,542.0
5754,CN(C)c1ccc(/C=C/C(=O)c2ccc(Cl)cc2)cc1,CN(C)C=O,542.0
5755,CN(C)c1ccc(/C=C/C(=O)c2ccc(Cl)cc2)cc1,CO,544.0
5756,CN(C)c1ccc(/C=C/C(=O)c2ccc(Cl)cc2)cc1,Cc1ccccc1,486.0
5757,CN(C)c1ccc(/C=C/C(=O)c2ccc(Cl)cc2)cc1,ClC(Cl)Cl,522.0
5758,CN(C)c1ccc(/C=C/C(=O)c2ccc(Cl)cc2)cc1,c1ccccc1,488.0
5759,CN(C)c1ccc(/C=C/C(=O)c2ccccc2)cc1,C1CCOC1,506.0
5760,CN(C)c1ccc(/C=C/C(=O)c2ccccc2)cc1,CC#N,532.0
5761,CN(C)c1ccc(/C=C/C(=O)c2ccccc2)cc1,CC(=O)O,517.0
5762,CN(C)c1ccc(/C=C/C(=O)c2ccccc2)cc1,CC(C)=O,519.0
5763,CN(C)c1ccc(/C=C/C(=O)c2ccccc2)cc1,CCO,530.0
5764,CN(C)c1ccc(/C=C/C(=O)c2ccccc2)cc1,CN(C)C=O,531.0
5765,CN(C)c1ccc(/C=C/C(=O)c2ccccc2)cc1,CO,531.0
5766,CN(C)c1ccc(/C=C/C(=O)c2ccccc2)cc1,Cc1ccccc1,470.0
5767,CN(C)c1ccc(/C=C/C(=O)c2ccccc2)cc1,ClC(Cl)Cl,510.0
5768,CN(C)c1ccc(/C=C/C(=O)c2ccccc2)cc1,c1ccccc1,477.0
8708,COc1ccc(C(=O)/C=C/c2ccc(N(C)C)cc2)cc1OC,CC#N,525.0
8709,COc1ccc(C(=O)/C=C/c2ccc(N(C)C)cc2)cc1OC,CC(=O)O,513.0
14600,c1ccc(-c2cc3cccc4cc(-c5ccccc5)c5cc(-c6cc7[b-]8c(c6)c(-c6ccccc6)cc6cccc(cc7-c7ccccc7)[n+]86)cc2[b-]5[n+]34)cc1,C1CCCCC1,521.0
937,CC(C)(C)c1ccc(-c2cc(-c3ccc(-c4cc(-c5ccc(C(C)(C)C)cc5)c(C(=O)N5CCCCC5)s4)s3)sc2C(=O)N2CCCCC2)cc1,ClCCl,461.0
4123,CCN(CC)c1ccc2c(-c3ccccc3C(=O)O)c3c([o+]c2c1)/C(=C/Nc1ccccc1)CCC3,CCO,641.0
4124,CCN(CC)c1ccc2c(-c3ccccc3C(=O)O)c3c([o+]c2c1)/C(=C/Nc1ccccc1)CCC3,ClC(Cl)Cl,644.0
4125,CCN(CC)c1ccc2c(-c3ccccc3C(=O)O)c3c([o+]c2c1)/C(=C/Nc1ccccc1)CCC3,ClCCl,644.0
13941,O=c1c2ccccc2nc2n1[B-](F)(F)[n+]1ccccc1-2,CC#N,439.0
13942,O=c1c2ccccc2nc2n1[B-](F)(F)[n+]1ccccc1-2,ClCCl,441.0
13883,O=c1c2cc(Br)ccc2nc2n1[B-](F)(F)[n+]1ccccc1-2,CC#N,440.0
13884,O=c1c2cc(Br)ccc2nc2n1[B-](F)(F)[n+]1ccccc1-2,ClCCl,448.0
13887,O=c1c2cc(Cl)ccc2nc2n1[B-](F)(F)[n+]1ccccc1-2,CC#N,439.0
13888,O=c1c2cc(Cl)ccc2nc2n1[B-](F)(F)[n+]1ccccc1-2,ClCCl,444.0
13898,O=c1c2cc(F)ccc2nc2n1[B-](F)(F)[n+]1ccccc1-2,CC#N,437.0
13899,O=c1c2cc(F)ccc2nc2n1[B-](F)(F)[n+]1ccccc1-2,ClCCl,438.0
13900,O=c1c2cc(I)ccc2nc2n1[B-](F)(F)[n+]1ccccc1-2,CC#N,449.0
13901,O=c1c2cc(I)ccc2nc2n1[B-](F)(F)[n+]1ccccc1-2,ClCCl,449.0
15283,c1ccc2cc3c(cc2c1)oc1c2oc4cc5ccccc5cc4c2c2ccccc2c31,C1CCOC1,399.0
3294,CCCCCCCCn1c(=O)c2cc3cc4cc5c(=O)n(CCCCCCCC)c(=O)c5cc4cc3cc2c1=O,ClC(Cl)Cl,423.0
4361,CCN(CC)c1ccc2cc(/C=C/C3=CC(/C=C/c4cc5ccc(N(CC)CC)cc5oc4=O)=[O+][B-](F)(F)O3)c(=O)oc2c1,CS(C)=O,741.0
4362,CCN(CC)c1ccc2cc(/C=C/C3=CC(/C=C/c4cc5ccc(N(CC)CC)cc5oc4=O)=[O+][B-](F)(F)O3)c(=O)oc2c1,Cc1ccccc1,626.0
4363,CCN(CC)c1ccc2cc(/C=C/C3=CC(/C=C/c4cc5ccc(N(CC)CC)cc5oc4=O)=[O+][B-](F)(F)O3)c(=O)oc2c1,ClC(Cl)Cl,669.0
4364,CCN(CC)c1ccc2cc(/C=C/C3=CC(/C=C/c4cc5ccc(N(CC)CC)cc5oc4=O)=[O+][B-](F)(F)O3)c(=O)oc2c1,ClCCl,705.0
4357,CCN(CC)c1ccc2cc(/C=C/C3=CC(/C=C/c4cc5ccc(N(CC)CC)cc5oc4=O)=[O+][B-](F)(F)O3)c(=O)oc2c1,CC#N,725.0
4358,CCN(CC)c1ccc2cc(/C=C/C3=CC(/C=C/c4cc5ccc(N(CC)CC)cc5oc4=O)=[O+][B-](F)(F)O3)c(=O)oc2c1,CC(C)=O,710.0
4359,CCN(CC)c1ccc2cc(/C=C/C3=CC(/C=C/c4cc5ccc(N(CC)CC)cc5oc4=O)=[O+][B-](F)(F)O3)c(=O)oc2c1,CCOC(C)=O,659.0
4360,CCN(CC)c1ccc2cc(/C=C/C3=CC(/C=C/c4cc5ccc(N(CC)CC)cc5oc4=O)=[O+][B-](F)(F)O3)c(=O)oc2c1,CN(C)C=O,729.0
10321,Cc1ccc(-c2nc(/C=C/c3ccc(Cl)cc3)c(/C=C/c3ccc(Cl)cc3)[nH]2)cc1,ClCCl,467.5
10322,Cc1ccc(-c2nc(/C=C/c3ccccc3)c(/C=C/c3ccccc3)[nH]2)cc1,ClCCl,468.0
333,C(=C/c1nc(-c2ccccc2)[nH]c1/C=C/c1ccccc1)\c1ccccc1,ClCCl,452.4
10397,Cc1ccc(/C=C/c2nc(-c3ccc(C)cc3)[nH]c2/C=C/c2ccc(C)cc2)cc1,ClCCl,479.7
8574,COc1ccc(/C=C/c2nc(-c3ccc(C)cc3)[nH]c2/C=C/c2ccc(OC)cc2)cc1,ClCCl,493.0
8575,COc1ccc(/C=C/c2nc(-c3ccccc3)[nH]c2/C=C/c2ccc(OC)cc2)cc1,ClCCl,490.0
10398,Cc1ccc(/C=C/c2nc(-c3ccccc3)[nH]c2/C=C/c2ccc(C)cc2)cc1,ClCCl,455.6
11082,Clc1ccc(/C=C/c2nc(-c3ccccc3)[nH]c2/C=C/c2ccc(Cl)cc2)cc1,ClCCl,465.6
9995,Cc1cc(C)c(C2=C3C=CC(c4ccccc4O)=[N+]3[B-]3(c4ccccc4)Oc4ccccc4-c4ccc2n43)c(C)c1,ClC(Cl)Cl,614.0
5149,CC[n+]1nc2ccc(N(C)C)cc2c2cc(C)ccc21,O,542.0
1565,CC1(C)C2=C(c3ccccc31)S(=O)(=O)c1ccccc12,ClCCl,444.0
5899,CN(C)c1ccc(/C=C/C=N/N=C/c2ccc3ccc4cccc5ccc2c3c45)cc1,CO,474.0
5900,CN(C)c1ccc(/C=C/C=N/N=C/c2ccc3ccc4cccc5ccc2c3c45)cc1,CS(C)=O,490.0
5901,CN(C)c1ccc(/C=C/C=N/N=C/c2ccc3ccc4cccc5ccc2c3c45)cc1,ClC(Cl)Cl,482.0
5902,CN(C)c1ccc(/C=C/C=N/N=C/c2ccc3ccc4cccc5ccc2c3c45)cc1,ClCCl,478.0
5903,CN(C)c1ccc(/C=C/C=N/N=C/c2ccc3ccc4cccc5ccc2c3c45)cc1,O,478.0
5894,CN(C)c1ccc(/C=C/C=N/N=C/c2ccc3ccc4cccc5ccc2c3c45)cc1,CC#N,485.0
5895,CN(C)c1ccc(/C=C/C=N/N=C/c2ccc3ccc4cccc5ccc2c3c45)cc1,CC(C)(C)O,478.0
5896,CN(C)c1ccc(/C=C/C=N/N=C/c2ccc3ccc4cccc5ccc2c3c45)cc1,CC(C)=O,475.0
5897,CN(C)c1ccc(/C=C/C=N/N=C/c2ccc3ccc4cccc5ccc2c3c45)cc1,CC(C)O,472.0
5898,CN(C)c1ccc(/C=C/C=N/N=C/c2ccc3ccc4cccc5ccc2c3c45)cc1,CCCCO,475.0
5934,CN(C)c1ccc(/C=C/c2cc[n+](CCCCCCCCCCCC[n+]3ccc(/C=C/c4ccc(N(C)C)cc4)cc3)cc2)cc1,CC#N,601.9998435
5935,CN(C)c1ccc(/C=C/c2cc[n+](CCCCCCCCCCCC[n+]3ccc(/C=C/c4ccc(N(C)C)cc4)cc3)cc2)cc1,CC(C)=O,601.9998435
5936,CN(C)c1ccc(/C=C/c2cc[n+](CCCCCCCCCCCC[n+]3ccc(/C=C/c4ccc(N(C)C)cc4)cc3)cc2)cc1,CC(C)O,589.998348
5937,CN(C)c1ccc(/C=C/c2cc[n+](CCCCCCCCCCCC[n+]3ccc(/C=C/c4ccc(N(C)C)cc4)cc3)cc2)cc1,CC1COC(=O)O1,601.9998435
5938,CN(C)c1ccc(/C=C/c2cc[n+](CCCCCCCCCCCC[n+]3ccc(/C=C/c4ccc(N(C)C)cc4)cc3)cc2)cc1,CCO,593.0002253
5939,CN(C)c1ccc(/C=C/c2cc[n+](CCCCCCCCCCCC[n+]3ccc(/C=C/c4ccc(N(C)C)cc4)cc3)cc2)cc1,CN(C)C=O,601.9998435
5940,CN(C)c1ccc(/C=C/c2cc[n+](CCCCCCCCCCCC[n+]3ccc(/C=C/c4ccc(N(C)C)cc4)cc3)cc2)cc1,CO,597.0006686
5941,CN(C)c1ccc(/C=C/c2cc[n+](CCCCCCCCCCCC[n+]3ccc(/C=C/c4ccc(N(C)C)cc4)cc3)cc2)cc1,CS(C)=O,606.998695
5942,CN(C)c1ccc(/C=C/c2cc[n+](CCCCCCCCCCCC[n+]3ccc(/C=C/c4ccc(N(C)C)cc4)cc3)cc2)cc1,ClC(Cl)Cl,579.999304
5943,CN(C)c1ccc(/C=C/c2cc[n+](CCCCCCCCCCCC[n+]3ccc(/C=C/c4ccc(N(C)C)cc4)cc3)cc2)cc1,O,597.0006686
5944,CN(C)c1ccc(/C=C/c2cc[n+](CCCCCCCCCCCC[n+]3ccc(/C=C/c4ccc(N(C)C)cc4)cc3)cc2)cc1,c1ccncc1,598.000287
9506,CSc1sc(C(=O)c2ccccc2)c2nn[nH]c(=O)c12,C1CCOC1,482.0
9507,CSc1sc(C(=O)c2ccccc2)c2nn[nH]c(=O)c12,CC#N,485.0
9508,CSc1sc(C(=O)c2ccccc2)c2nn[nH]c(=O)c12,CCO,489.0
9509,CSc1sc(C(=O)c2ccccc2)c2nn[nH]c(=O)c12,CN(C)C=O,492.0
9510,CSc1sc(C(=O)c2ccccc2)c2nn[nH]c(=O)c12,CO,495.0
9511,CSc1sc(C(=O)c2ccccc2)c2nn[nH]c(=O)c12,CS(C)=O,497.0
7936,COc1cc(OC)cc(C2=C3C(C)=C(I)C(/C=C/c4ccsc4)=[N+]3[B-](F)(F)n3c(/C=C/c4ccsc4)c(I)c(C)c32)c1,C1CCOC1,680.0
7937,COc1cc(OC)cc(C2=C3C(C)=C(I)C(/C=C/c4ccsc4)=[N+]3[B-](F)(F)n3c(/C=C/c4ccsc4)c(I)c(C)c32)c1,CS(C)=O,692.0
7938,COc1cc(OC)cc(C2=C3C(C)=C(I)C(/C=C/c4ccsc4)=[N+]3[B-](F)(F)n3c(/C=C/c4ccsc4)c(I)c(C)c32)c1,ClCCl,682.0
12496,Nc1ccc(/C=C/c2ccc3ccccc3c2)cc1,CC#N,450.0
12497,Nc1ccc(/C=C/c2ccc3ccccc3c2)cc1,CCCCCC,392.0
2377,CCC(C)Nc1c2ccc(=[N+]3CCCCC3)cc-2oc2cc(N3CCCCC3)ccc12,ClCCl,537.0
9526,C[C@H](Nc1c2ccc(=[N+]3CCCCC3)cc-2oc2cc(N3CCCCC3)ccc12)C(=O)OC(C)(C)C,ClCCl,544.0
13827,O=[N+]([O-])c1ccc([N+]2=CC3=C(O[B-]2(F)F)c2ccccc2SC3)cc1,ClCCl,575.0
9687,Cc1c(-c2ccc(N3c4ccccc4C(C)(C)c4ccccc43)cc2)ncnc1-c1ccc(N2c3ccccc3C(C)(C)c3ccccc32)cc1,O=P(c1ccccc1)(c1ccccc1)c1ccccc1Oc1ccccc1P(=O)(c1ccccc1)c1ccccc1,481.0
10095,Cc1cc(N2c3ccccc3C(C)(C)c3ccccc32)ccc1-c1cc(-c2ccc(N3c4ccccc4C(C)(C)c4ccccc43)cc2C)ncn1,O=P(c1ccccc1)(c1ccccc1)c1ccccc1Oc1ccccc1P(=O)(c1ccccc1)c1ccccc1,477.0
10094,Cc1cc(N2c3ccccc3C(C)(C)c3ccccc32)ccc1-c1cc(-c2ccc(N3c4ccccc4C(C)(C)c4ccccc43)cc2C)ncn1,Cc1ccccc1,477.0
9686,Cc1c(-c2ccc(N3c4ccccc4C(C)(C)c4ccccc43)cc2)ncnc1-c1ccc(N2c3ccccc3C(C)(C)c3ccccc32)cc1,Cc1ccccc1,477.0
10236,Cc1ccc(-c2c3nc(c(-c4ccco4)c4ccc([nH]4)c(-c4ccco4)c4nc(c(-c5ccco5)c5ccc2[nH]5)C=C4)C=C3)cc1,ClCCl,680.0
4693,CCOC(=O)C1=CN(c2ccccc2)C=C(C(=O)OCC)C1c1ccccc1,C1CCOC1,412.0
4694,CCOC(=O)C1=CN(c2ccccc2)C=C(C(=O)OCC)C1c1ccccc1,CO,426.0
4695,CCOC(=O)C1=CN(c2ccccc2)C=CC1c1ccccc1,C1CCOC1,419.0
4696,CCOC(=O)C1=CN(c2ccccc2)C=CC1c1ccccc1,CO,442.0
12741,O=C(O)C1=CC(=C/C=[N+]2/c3cc(O)c(C[C@@H]4O[C@H](CO)[C@@H](O)C(O)[C@H]4O)cc3C[C@H]2C(=O)O)C=C(C(=O)O)N1,CO,588.0
12742,O=C(O)C1=CC(=C/C=[N+]2/c3cc(O)c(C[C@@H]4O[C@H](CO)[C@@H](O)C(O)[C@H]4O)cc3C[C@H]2C(=O)O)C=C(C(=O)O)N1,O,620.0
12743,O=C(O)C1=CC(=C/C=[N+]2/c3cc(O)c(C[C@@H]4O[C@H](CO)[C@@H](O)C(O)[C@H]4O)cc3C[C@H]2C(=O)O)C=C(C(=O)O)N1,OCCO,594.0
12744,O=C(O)C1=CC(=C/C=[N+]2/c3cc(O)c(C[C@@H]4O[C@H](CO)[C@@H](O)C(O)[C@H]4O)cc3C[C@H]2C(=O)O)C=C(C(=O)O)N1,[2H]O[2H],620.0
2,BrC1=CN2C[n+]3cc(Br)c4ccccc4c3N=C2c2ccccc21,CO,502.0
490,C1=CN2C[n+]3ccc4ccccc4c3N=C2c2ccccc21,CO,474.0
938,CC(C)(C)c1ccc(-c2cc(-c3ccc(-c4cc(-c5ccc(C(C)(C)C)cc5)c(C(=O)N5CCOCC5)s4)s3)sc2C(=O)N2CCOCC2)cc1,ClCCl,464.0
3342,CCCCCCN1C(=O)C(c2ccc(-c3ccc(-n4c5ccccc5c5ccccc54)cc3)cc2)=C(c2ccc(-c3ccc(-n4c5ccccc5c5ccccc54)cc3)cc2)C1=O,ClC(Cl)Cl,552.0
3343,CCCCCCN1C(=O)C(c2ccc(-c3ccc(-n4c5ccccc5c5ccccc54)cc3)cc2)=C(c2ccc(-c3ccc(-n4c5ccccc5c5ccccc54)cc3)cc2)C1=O,c1ccc2c(c1)c1ccccc1n2-c1ccc(-c2ccc(-n3c4ccccc4c4ccccc43)cc2)cc1,580.0
13374,O=C1c2ccccc2S(=O)(=O)c2ccc(-n3c4ccccc4c4ccccc43)cc21,C1CCOC1,576.0
13375,O=C1c2ccccc2S(=O)(=O)c2ccc(-n3c4ccccc4c4ccccc43)cc21,CCCCCC,485.0
13376,O=C1c2ccccc2S(=O)(=O)c2ccc(-n3c4ccccc4c4ccccc43)cc21,Cc1ccccc1,535.5
13377,O=C1c2ccccc2S(=O)(=O)c2ccc(-n3c4ccccc4c4ccccc43)cc21,ClC(Cl)Cl,595.5
13378,O=C1c2ccccc2S(=O)(=O)c2ccc(-n3c4ccccc4c4ccccc43)cc21,ClCCl,609.5
10472,Cc1ccc(C(=O)OCc2c(C)c(=O)n3c(=O)c(C)c(C)n23)cc1,CCO,460.0
7931,COc1cc(OC)cc(C(=O)OCc2c(C)c(=O)n3c(=O)c(C)c(C)n23)c1,CCO,462.0
9703,Cc1c(C)n2c(COC(=O)c3ccc(F)cc3)c(C)c(=O)n2c1=O,CCO,460.0
9704,Cc1c(C)n2c(COC(=O)c3ccccc3I)c(C)c(=O)n2c1=O,CCO,461.0
9705,Cc1c(C)n2c(COC(=O)c3ccccc3O)c(C)c(=O)n2c1=O,CCO,465.0
8747,COc1ccc(C(=O)OCc2c(C)c(=O)n3c(=O)c(C)c(C)n23)cc1,CCO,461.0
8982,COc1ccc([C@@H]2C[C@](O)(c3ccccn3)C[C@](O)(c3ccccn3)[C@H]2C(=O)c2ccc(N(c3ccccc3)c3ccccc3)cc2)cc1,C1CCOC1,495.0
8983,COc1ccc([C@@H]2C[C@](O)(c3ccccn3)C[C@](O)(c3ccccn3)[C@H]2C(=O)c2ccc(N(c3ccccc3)c3ccccc3)cc2)cc1,CC#N,522.0
8984,COc1ccc([C@@H]2C[C@](O)(c3ccccn3)C[C@](O)(c3ccccn3)[C@H]2C(=O)c2ccc(N(c3ccccc3)c3ccccc3)cc2)cc1,CCO,504.0
8985,COc1ccc([C@@H]2C[C@](O)(c3ccccn3)C[C@](O)(c3ccccn3)[C@H]2C(=O)c2ccc(N(c3ccccc3)c3ccccc3)cc2)cc1,CCOC(C)=O,495.0
8986,COc1ccc([C@@H]2C[C@](O)(c3ccccn3)C[C@](O)(c3ccccn3)[C@H]2C(=O)c2ccc(N(c3ccccc3)c3ccccc3)cc2)cc1,CN(C)C=O,521.0
8987,COc1ccc([C@@H]2C[C@](O)(c3ccccn3)C[C@](O)(c3ccccn3)[C@H]2C(=O)c2ccc(N(c3ccccc3)c3ccccc3)cc2)cc1,ClCCl,513.0
8988,COc1ccc([C@@H]2C[C@](O)(c3ccccn3)C[C@](O)(c3ccccn3)[C@H]2C(=O)c2ccc(N(c3ccccc3)c3ccccc3)cc2)cc1,c1ccccc1,468.0
12879,O=C(c1ccc(N(c2ccccc2)c2ccccc2)cc1)[C@H]1[C@H](c2ccc(F)cc2)C[C@](O)(c2ccccn2)C[C@]1(O)c1ccccn1,C1CCOC1,502.0
12880,O=C(c1ccc(N(c2ccccc2)c2ccccc2)cc1)[C@H]1[C@H](c2ccc(F)cc2)C[C@](O)(c2ccccn2)C[C@]1(O)c1ccccn1,CC#N,523.0
12881,O=C(c1ccc(N(c2ccccc2)c2ccccc2)cc1)[C@H]1[C@H](c2ccc(F)cc2)C[C@](O)(c2ccccn2)C[C@]1(O)c1ccccn1,CCO,515.0
12882,O=C(c1ccc(N(c2ccccc2)c2ccccc2)cc1)[C@H]1[C@H](c2ccc(F)cc2)C[C@](O)(c2ccccn2)C[C@]1(O)c1ccccn1,CCOC(C)=O,502.0
12883,O=C(c1ccc(N(c2ccccc2)c2ccccc2)cc1)[C@H]1[C@H](c2ccc(F)cc2)C[C@](O)(c2ccccn2)C[C@]1(O)c1ccccn1,CN(C)C=O,524.0
12884,O=C(c1ccc(N(c2ccccc2)c2ccccc2)cc1)[C@H]1[C@H](c2ccc(F)cc2)C[C@](O)(c2ccccn2)C[C@]1(O)c1ccccn1,ClCCl,518.0
12885,O=C(c1ccc(N(c2ccccc2)c2ccccc2)cc1)[C@H]1[C@H](c2ccc(F)cc2)C[C@](O)(c2ccccn2)C[C@]1(O)c1ccccn1,c1ccccc1,485.0
12886,O=C(c1ccc(N(c2ccccc2)c2ccccc2)cc1)[C@H]1[C@H](c2ccccc2)C[C@](O)(c2ccccn2)C[C@]1(O)c1ccccn1,C1CCOC1,496.0
12887,O=C(c1ccc(N(c2ccccc2)c2ccccc2)cc1)[C@H]1[C@H](c2ccccc2)C[C@](O)(c2ccccn2)C[C@]1(O)c1ccccn1,CC#N,523.0
12888,O=C(c1ccc(N(c2ccccc2)c2ccccc2)cc1)[C@H]1[C@H](c2ccccc2)C[C@](O)(c2ccccn2)C[C@]1(O)c1ccccn1,CCO,511.0
12889,O=C(c1ccc(N(c2ccccc2)c2ccccc2)cc1)[C@H]1[C@H](c2ccccc2)C[C@](O)(c2ccccn2)C[C@]1(O)c1ccccn1,CCOC(C)=O,499.0
12890,O=C(c1ccc(N(c2ccccc2)c2ccccc2)cc1)[C@H]1[C@H](c2ccccc2)C[C@](O)(c2ccccn2)C[C@]1(O)c1ccccn1,CN(C)C=O,524.0
10710,Cc1ccc([C@@H]2C[C@](O)(c3ccccn3)C[C@](O)(c3ccccn3)[C@H]2C(=O)c2ccc(N(c3ccccc3)c3ccccc3)cc2)cc1,C1CCOC1,495.0
10711,Cc1ccc([C@@H]2C[C@](O)(c3ccccn3)C[C@](O)(c3ccccn3)[C@H]2C(=O)c2ccc(N(c3ccccc3)c3ccccc3)cc2)cc1,CC#N,525.0
10712,Cc1ccc([C@@H]2C[C@](O)(c3ccccn3)C[C@](O)(c3ccccn3)[C@H]2C(=O)c2ccc(N(c3ccccc3)c3ccccc3)cc2)cc1,CCO,511.0
10713,Cc1ccc([C@@H]2C[C@](O)(c3ccccn3)C[C@](O)(c3ccccn3)[C@H]2C(=O)c2ccc(N(c3ccccc3)c3ccccc3)cc2)cc1,CCOC(C)=O,496.0
10714,Cc1ccc([C@@H]2C[C@](O)(c3ccccn3)C[C@](O)(c3ccccn3)[C@H]2C(=O)c2ccc(N(c3ccccc3)c3ccccc3)cc2)cc1,CN(C)C=O,523.0
10715,Cc1ccc([C@@H]2C[C@](O)(c3ccccn3)C[C@](O)(c3ccccn3)[C@H]2C(=O)c2ccc(N(c3ccccc3)c3ccccc3)cc2)cc1,ClCCl,516.0
10716,Cc1ccc([C@@H]2C[C@](O)(c3ccccn3)C[C@](O)(c3ccccn3)[C@H]2C(=O)c2ccc(N(c3ccccc3)c3ccccc3)cc2)cc1,c1ccccc1,466.0
12891,O=C(c1ccc(N(c2ccccc2)c2ccccc2)cc1)[C@H]1[C@H](c2ccccc2)C[C@](O)(c2ccccn2)C[C@]1(O)c1ccccn1,ClCCl,516.0
12892,O=C(c1ccc(N(c2ccccc2)c2ccccc2)cc1)[C@H]1[C@H](c2ccccc2)C[C@](O)(c2ccccn2)C[C@]1(O)c1ccccn1,c1ccccc1,468.0
10072,Cc1cc(C)nc(N)n1,CCO,337.0
10073,Cc1cc(C)nc(N)n1,CO,339.0
10074,Cc1cc(C)nc(N)n1,O,342.0
1876,CC1(C)c2ccccc2N(c2ccccc2)c2ccc(-c3ccc(S(=O)(=O)c4ccc(-c5ccc6c(c5)C(C)(C)c5ccccc5N6c5ccccc5)cc4)cc3)cc21,Cc1ccccc1,419.0340909
1877,CC1(C)c2ccccc2N(c2ccccc2)c2ccc(-c3ccc(S(=O)(=O)c4ccc(-c5ccc6c(c5)C(C)(C)c5ccccc5N6c5ccccc5)cc4)cc3)cc21,O=P(c1ccccc1)(c1ccccc1)c1ccccc1Oc1ccccc1P(=O)(c1ccccc1)c1ccccc1,439.0
8136,COc1ccc(-c2c3nc(cc4ccc([nH]4)c(-c4ccc(OC)c(OCC(=O)O)c4)c4nc(cc5ccc2[nH]5)CC4)CC3)cc1OCC(=O)O,CS(C)=O,738.0
12775,O=C(O)COc1cccc(-c2c3nc(cc4ccc([nH]4)c(-c4cccc(OCC(=O)O)c4)c4nc(cc5ccc2[nH]5)CC4)CC3)c1,CS(C)=O,738.0
8139,COc1ccc(-c2c3nc(cc4ccc([nH]4)c(-c4ccc(OC)c(OCCCC(=O)O)c4)c4nc(cc5ccc2[nH]5)CC4)CC3)cc1OCCCC(=O)O,CS(C)=O,738.0
12763,O=C(O)CCCOc1cccc(-c2c3nc(cc4ccc([nH]4)c(-c4cccc(OCCCC(=O)O)c4)c4nc(cc5ccc2[nH]5)CC4)CC3)c1,CS(C)=O,740.0
12377,N#Cc1nnn(-c2ccnc3cc(Cl)ccc23)c1N,C1CCCCC1,394.0110323
12378,N#Cc1nnn(-c2ccnc3cc(Cl)ccc23)c1N,C1CCOC1,375.0093752
12379,N#Cc1nnn(-c2ccnc3cc(Cl)ccc23)c1N,C1COCCO1,376.0105283
12380,N#Cc1nnn(-c2ccnc3cc(Cl)ccc23)c1N,CC#N,395.0071101
12381,N#Cc1nnn(-c2ccnc3cc(Cl)ccc23)c1N,CCOC(C)=O,376.0105283
12382,N#Cc1nnn(-c2ccnc3cc(Cl)ccc23)c1N,CN(C)C=O,393.0045196
12383,N#Cc1nnn(-c2ccnc3cc(Cl)ccc23)c1N,CO,403.0145488
12384,N#Cc1nnn(-c2ccnc3cc(Cl)ccc23)c1N,CS(C)=O,386.0109627
12385,N#Cc1nnn(-c2ccnc3cc(Cl)ccc23)c1N,ClC(Cl)Cl,398.0099502
2719,CCC1=C(CC)C(C)=[N+]2C1=Cc1c(C)c3cc4c(cc3n1[B-]2(F)F)=[N+]1C(=Cc2c(CC)c(CC)c(C)n2[B-]1(F)F)C=4C,ClC(Cl)Cl,703.0
2389,CCC(CC)COC1=CC2=C3c4cc(OCC(CC)CC)c(-c5cccs5)n4[B-](F)(F)[n+]4nnn(c43)[B-](F)(F)[N+]2=C1c1cccs1,ClCCl,815.0
2388,CCC(CC)COC1=CC2=C3c4cc(OCC(CC)CC)c(-c5cccs5)n4[B-](F)(F)[n+]4nnn(c43)[B-](F)(F)[N+]2=C1c1cccs1,C1CCOC1,802.0
13524,O=Cc1ccc2c(c1)c1ccccc1n2-c1cc2ccccc2c2ccccc12,CC#N,416.0
13525,O=Cc1ccc2c(c1)c1ccccc1n2-c1cc2ccccc2c2ccccc12,CCCCC,376.0
13526,O=Cc1ccc2c(c1)c1ccccc1n2-c1cc2ccccc2c2ccccc12,Cc1ccccc1,380.0
13527,O=Cc1ccc2c(c1)c1ccccc1n2-c1cc2ccccc2c2ccccc12,ClCCl,402.0
11805,N#CC(C#N)=Cc1ccc2c(c1)c1ccccc1n2-c1cc2ccccc2c2ccccc12,CC#N,503.0
11806,N#CC(C#N)=Cc1ccc2c(c1)c1ccccc1n2-c1cc2ccccc2c2ccccc12,CCCCC,451.0
11807,N#CC(C#N)=Cc1ccc2c(c1)c1ccccc1n2-c1cc2ccccc2c2ccccc12,Cc1ccccc1,445.0
11808,N#CC(C#N)=Cc1ccc2c(c1)c1ccccc1n2-c1cc2ccccc2c2ccccc12,ClCCl,480.0
11253,FC(F)(F)c1ccc(-c2nnc(-c3cc(-c4nnc(-c5ccc(C(F)(F)F)cc5)o4)c(-n4c5ccccc5c5ccccc54)cc3-n3c4ccccc4c4ccccc43)o2)cc1,Cc1ccccc1,456.0
14845,c1ccc(-c2nnc(-c3cc(-c4nnc(-c5ccccc5)o4)c(-n4c5ccccc5c5ccccc54)cc3-n3c4ccccc4c4ccccc43)o2)cc1,Cc1ccccc1,439.0
11254,FC(F)(F)c1ccc(-c2nnc(-c3cc(-c4nnc(-c5ccc(C(F)(F)F)cc5)o4)c(-n4c5ccccc5c5ccccc54)cc3-n3c4ccccc4c4ccccc43)o2)cc1,O=P(c1ccccc1)(c1ccccc1)c1ccccc1Oc1ccccc1P(=O)(c1ccccc1)c1ccccc1,480.0
14846,c1ccc(-c2nnc(-c3cc(-c4nnc(-c5ccccc5)o4)c(-n4c5ccccc5c5ccccc54)cc3-n3c4ccccc4c4ccccc43)o2)cc1,O=P(c1ccccc1)(c1ccccc1)c1ccccc1Oc1ccccc1P(=O)(c1ccccc1)c1ccccc1,459.0
8356,COc1ccc(-c2nnc(-c3cc(-c4nnc(-c5ccc(OC)cc5)o4)c(-n4c5ccccc5c5ccccc54)cc3-n3c4ccccc4c4ccccc43)o2)cc1,Cc1ccccc1,428.0
8357,COc1ccc(-c2nnc(-c3cc(-c4nnc(-c5ccc(OC)cc5)o4)c(-n4c5ccccc5c5ccccc54)cc3-n3c4ccccc4c4ccccc43)o2)cc1,O=P(c1ccccc1)(c1ccccc1)c1ccccc1Oc1ccccc1P(=O)(c1ccccc1)c1ccccc1,452.0
7918,COc1cc(OC)cc(-c2nnc(-c3cc(-c4nnc(-c5cc(OC)cc(OC)c5)o4)cc(-c4nnc(-c5cc(OC)cc(OC)c5)o4)c3)o2)c1,CS(C)=O,475.0
7919,COc1cc(OC)cc(-c2nnc(-c3cc(-c4nnc(-c5cc(OC)cc(OC)c5)o4)cc(-c4nnc(-c5cc(OC)cc(OC)c5)o4)c3)o2)c1,ClCCl,402.0
7914,COc1cc(OC)cc(-c2nnc(-c3cc(-c4nnc(-c5cc(OC)cc(OC)c5)o4)cc(-c4nnc(-c5cc(OC)cc(OC)c5)o4)c3)o2)c1,C1CCCCC1,342.0
7915,COc1cc(OC)cc(-c2nnc(-c3cc(-c4nnc(-c5cc(OC)cc(OC)c5)o4)cc(-c4nnc(-c5cc(OC)cc(OC)c5)o4)c3)o2)c1,C1CCOC1,402.0
7916,COc1cc(OC)cc(-c2nnc(-c3cc(-c4nnc(-c5cc(OC)cc(OC)c5)o4)cc(-c4nnc(-c5cc(OC)cc(OC)c5)o4)c3)o2)c1,CC#N,447.0
7917,COc1cc(OC)cc(-c2nnc(-c3cc(-c4nnc(-c5cc(OC)cc(OC)c5)o4)cc(-c4nnc(-c5cc(OC)cc(OC)c5)o4)c3)o2)c1,CCO,385.0
11205,Cn1ccc(-c2nc3ccccc3nc2/C=C/N2CCCC2)c1,CC#N,579.0754258
9940,Cc1cc(C)c(B(c2ccc(-n3c4ccccc4c4ccccc43)cc2)c2c(C)cc(C)cc2C)c(C)c1,C1CCCCC1,381.7948718
9941,Cc1cc(C)c(B(c2ccc(-n3c4ccccc4c4ccccc43)cc2)c2c(C)cc(C)cc2C)c(C)c1,C1CCOC1,428.2051282
9942,Cc1cc(C)c(B(c2ccc(-n3c4ccccc4c4ccccc43)cc2)c2c(C)cc(C)cc2C)c(C)c1,CN(C)C=O,461.0
9943,Cc1cc(C)c(B(c2ccc(-n3c4ccccc4c4ccccc43)cc2)c2c(C)cc(C)cc2C)c(C)c1,Cc1ccccc1,403.5
9944,Cc1cc(C)c(B(c2ccc(-n3c4ccccc4c4ccccc43)cc2)c2c(C)cc(C)cc2C)c(C)c1,ClCCl,434.0
2260,CC1=[N+]2C(=C(c3ccc(N(c4ccccc4)c4ccccc4)cc3)c3ccc(C)n3[B-]2(F)F)C=C1c1cc2n(c1)[B-](F)(F)[N+]1=CC=CC1=C2c1c(C)cc(C)cc1C,C1CCCCC1,645.0
2261,CC1=[N+]2C(=C(c3ccc(N(c4ccccc4)c4ccccc4)cc3)c3ccc(C)n3[B-]2(F)F)C=C1c1cc2n(c1)[B-](F)(F)[N+]1=CC=CC1=C2c1c(C)cc(C)cc1C,CCOC(C)=O,680.0
10895,Cc1ccccc1-c1c2ccc(=[N+]3CCN(C(=O)OC(C)(C)C)CC3)cc-2oc2cc(N3CCN(C(=O)OC(C)(C)C)CC3)ccc12,ClCCl,577.0
865,CC(C)(C)OC(=O)N1CCN(c2ccc3c(-c4ccc(I)cc4)c4ccc(=[N+]5CCN(C(=O)OC(C)(C)C)CC5)cc-4oc3c2)CC1,ClCCl,585.0
9335,COc1cccc(OC)c1-c1c2ccc(=[N+]3CCN(C(=O)OC(C)(C)C)CC3)cc-2oc2cc(N3CCN(C(=O)OC(C)(C)C)CC3)ccc12,ClCCl,580.0
9336,COc1cccc(OC)c1-c1c2ccc(=[N+]3CCNCC3)cc-2oc2cc(N3CCNCC3)ccc12,CCO,582.0
9337,COc1cccc(OC)c1-c1c2ccc(=[N+]3CCNCC3)cc-2oc2cc(N3CCNCC3)ccc12,O,568.0
862,CC(C)(C)OC(=O)CN1CCN(c2ccc3c(-c4ccc(I)cc4)c4ccc(=[N+]5CCN(CC(=O)OC(C)(C)C)CC5)cc-4oc3c2)CC1,ClCCl,586.0
10894,Cc1ccccc1-c1c2ccc(=[N+]3CCN(C(=O)OC(C)(C)C)CC3)cc-2oc2cc(N3CCN(C(=O)OC(C)(C)C)CC3)ccc12,CCO,580.0
12924,O=C(c1ccncc1)c1ccc(-n2c3ccc(-n4c5ccccc5c5ccccc54)cc3c3cc(-n4c5ccccc5c5ccccc54)ccc32)cc1,C1CCOC1,532.748538
12925,O=C(c1ccncc1)c1ccc(-n2c3ccc(-n4c5ccccc5c5ccccc54)cc3c3cc(-n4c5ccccc5c5ccccc54)ccc32)cc1,Cc1ccccc1,481.092437
12926,O=C(c1ccncc1)c1ccc(-n2c3ccc(-n4c5ccccc5c5ccccc54)cc3c3cc(-n4c5ccccc5c5ccccc54)ccc32)cc1,c1cc(-c2cccc(-n3c4ccccc4c4ccccc43)c2)cc(-n2c3ccccc3c3ccccc32)c1,487.5
12948,O=C1/C(=C/C=C/c2cc3c4c(c2)CCCN4CCC3)CC/C1=C\C=C\c1cc2c3c(c1)CCCN3CCC2,c1ccccc1,593.0
12949,O=C1/C(=C/C=C/c2cc3c4c(c2)CCCN4CCC3)CC/C1=C\C=C\c1cc2c3c(c1)CCCN3CCC2,c1ccncc1,720.0
12932,O=C1/C(=C/C=C/c2cc3c4c(c2)CCCN4CCC3)CC/C1=C\C=C\c1cc2c3c(c1)CCCN3CCC2,CC#N,736.0
12933,O=C1/C(=C/C=C/c2cc3c4c(c2)CCCN4CCC3)CC/C1=C\C=C\c1cc2c3c(c1)CCCN3CCC2,CC(C)=O,732.0
12934,O=C1/C(=C/C=C/c2cc3c4c(c2)CCCN4CCC3)CC/C1=C\C=C\c1cc2c3c(c1)CCCN3CCC2,CC(C)O,740.0
12935,O=C1/C(=C/C=C/c2cc3c4c(c2)CCCN4CCC3)CC/C1=C\C=C\c1cc2c3c(c1)CCCN3CCC2,CCCCCC,524.0
12936,O=C1/C(=C/C=C/c2cc3c4c(c2)CCCN4CCC3)CC/C1=C\C=C\c1cc2c3c(c1)CCCN3CCC2,CCCCO,744.0
12937,O=C1/C(=C/C=C/c2cc3c4c(c2)CCCN4CCC3)CC/C1=C\C=C\c1cc2c3c(c1)CCCN3CCC2,CCCO,747.0
12938,O=C1/C(=C/C=C/c2cc3c4c(c2)CCCN4CCC3)CC/C1=C\C=C\c1cc2c3c(c1)CCCN3CCC2,CCO,748.0
12939,O=C1/C(=C/C=C/c2cc3c4c(c2)CCCN4CCC3)CC/C1=C\C=C\c1cc2c3c(c1)CCCN3CCC2,CCOC(C)=O,660.0
12940,O=C1/C(=C/C=C/c2cc3c4c(c2)CCCN4CCC3)CC/C1=C\C=C\c1cc2c3c(c1)CCCN3CCC2,CCOCC,632.0
12941,O=C1/C(=C/C=C/c2cc3c4c(c2)CCCN4CCC3)CC/C1=C\C=C\c1cc2c3c(c1)CCCN3CCC2,CN(C)C=O,736.0
12942,O=C1/C(=C/C=C/c2cc3c4c(c2)CCCN4CCC3)CC/C1=C\C=C\c1cc2c3c(c1)CCCN3CCC2,CO,750.0
12943,O=C1/C(=C/C=C/c2cc3c4c(c2)CCCN4CCC3)CC/C1=C\C=C\c1cc2c3c(c1)CCCN3CCC2,CS(C)=O,740.0
12944,O=C1/C(=C/C=C/c2cc3c4c(c2)CCCN4CCC3)CC/C1=C\C=C\c1cc2c3c(c1)CCCN3CCC2,Cc1ccccc1,588.0
12945,O=C1/C(=C/C=C/c2cc3c4c(c2)CCCN4CCC3)CC/C1=C\C=C\c1cc2c3c(c1)CCCN3CCC2,ClCCl,723.0
12946,O=C1/C(=C/C=C/c2cc3c4c(c2)CCCN4CCC3)CC/C1=C\C=C\c1cc2c3c(c1)CCCN3CCC2,OCC(F)(F)F,785.0
12947,O=C1/C(=C/C=C/c2cc3c4c(c2)CCCN4CCC3)CC/C1=C\C=C\c1cc2c3c(c1)CCCN3CCC2,S=C=S,616.0
6379,CN(C)c1ccc(C2=Cc3cccc[n+]3[B-](F)(F)O2)cc1,CC1CCCCC1,447.0
6380,CN(C)c1ccc(C2=Cc3cccc[n+]3[B-](F)(F)O2)cc1,CCOC(C)=O,499.0
6381,CN(C)c1ccc(C2=Cc3cccc[n+]3[B-](F)(F)O2)cc1,CCOCC,477.0
6382,CN(C)c1ccc(C2=Cc3cccc[n+]3[B-](F)(F)O2)cc1,CN(C)C=O,530.0
6383,CN(C)c1ccc(C2=Cc3cccc[n+]3[B-](F)(F)O2)cc1,CO,517.0
6384,CN(C)c1ccc(C2=Cc3cccc[n+]3[B-](F)(F)O2)cc1,COC(C)=O,514.0
6385,CN(C)c1ccc(C2=Cc3cccc[n+]3[B-](F)(F)O2)cc1,ClC(Cl)Cl,490.0
11332,F[B-]1(F)OC(c2ccccc2)=Cc2cccc[n+]21,ClCCl,450.0
10089,Cc1cc(C2=Cc3cccc[n+]3[B-](F)(F)O2)ccc1N(C)C,ClC(Cl)Cl,491.0
6376,CN(C)c1ccc(C2=Cc3cccc[n+]3[B-](F)(F)O2)cc1,C1CCOC1,499.0
6377,CN(C)c1ccc(C2=Cc3cccc[n+]3[B-](F)(F)O2)cc1,C1COCCO1,486.0
6378,CN(C)c1ccc(C2=Cc3cccc[n+]3[B-](F)(F)O2)cc1,CC#N,528.0
4137,CCN(CC)c1ccc2c(C#N)c(/C=C(\C#N)c3nc4ccccc4o3)c(=O)oc2c1,CC#N,676.0
4138,CCN(CC)c1ccc2c(C#N)c(/C=C(\C#N)c3nc4ccccc4o3)c(=O)oc2c1,CCO,700.0
4139,CCN(CC)c1ccc2c(C#N)c(/C=C(\C#N)c3nc4ccccc4o3)c(=O)oc2c1,CCOC(C)=O,658.0
4140,CCN(CC)c1ccc2c(C#N)c(/C=C(\C#N)c3nc4ccccc4o3)c(=O)oc2c1,CO,695.0
4141,CCN(CC)c1ccc2c(C#N)c(/C=C(\C#N)c3nc4ccccc4o3)c(=O)oc2c1,Cc1ccccc1,634.0
4142,CCN(CC)c1ccc2c(C#N)c(/C=C(\C#N)c3nc4ccccc4o3)c(=O)oc2c1,ClCCl,666.0
4281,CCN(CC)c1ccc2cc(/C=C(\C#N)c3nc4ccccc4o3)c(=O)oc2c1,C1COCCO1,560.0
4282,CCN(CC)c1ccc2cc(/C=C(\C#N)c3nc4ccccc4o3)c(=O)oc2c1,CC#N,585.0
4283,CCN(CC)c1ccc2cc(/C=C(\C#N)c3nc4ccccc4o3)c(=O)oc2c1,CCO,584.0
4284,CCN(CC)c1ccc2cc(/C=C(\C#N)c3nc4ccccc4o3)c(=O)oc2c1,CCOC(C)=O,570.0
4285,CCN(CC)c1ccc2cc(/C=C(\C#N)c3nc4ccccc4o3)c(=O)oc2c1,CN(C)C=O,594.0
4286,CCN(CC)c1ccc2cc(/C=C(\C#N)c3nc4ccccc4o3)c(=O)oc2c1,CO,584.0
4287,CCN(CC)c1ccc2cc(/C=C(\C#N)c3nc4ccccc4o3)c(=O)oc2c1,CS(C)=O,589.0
4288,CCN(CC)c1ccc2cc(/C=C(\C#N)c3nc4ccccc4o3)c(=O)oc2c1,Cc1ccccc1,560.0
4289,CCN(CC)c1ccc2cc(/C=C(\C#N)c3nc4ccccc4o3)c(=O)oc2c1,ClCCl,576.0
4136,CCN(CC)c1ccc2c(C#N)c(/C=C(\C#N)c3nc4ccccc4o3)c(=O)oc2c1,C1COCCO1,641.0
7206,COC(=O)C(NC(=O)OC(C)(C)C)c1ccc2oc(-c3cccc(Oc4ccccc4)c3)nc2c1,CC#N,360.0
7207,COC(=O)C(NC(=O)OC(C)(C)C)c1ccc2oc(-c3cccc(Oc4ccccc4)c3)nc2c1,CC1CCCCC1,325.0
7208,COC(=O)C(NC(=O)OC(C)(C)C)c1ccc2oc(-c3cccc(Oc4ccccc4)c3)nc2c1,CO,348.0
14470,c1cc2ccc1-c1ccc(cc1)-c1ccc(s1)-c1ccc(cc1)-c1ccc(cc1)-c1ccc(s1)-c1ccc(cc1)-c1ccc(cc1)-c1ccc(s1)-c1ccc(cc1)-c1ccc(cc1)-c1ccc-2s1,C1CCOC1,472.0
7833,COc1cc(N(CC(=O)[O-])CC(=O)[O-])c2ncccc2c1,O,487.0
14248,Oc1ccc2ncccc2c1,CC#N,358.0
14249,Oc1ccc2ncccc2c1,CCCC#N,358.0
14250,Oc1ccc2ncccc2c1,CO,371.0
14251,Oc1ccc2ncccc2c1,Cc1ccccc1,353.0
14252,Oc1ccc2ncccc2c1,ClCCl,354.0
4898,CCOC(=O)c1cc(C(=O)O)nc2cc(OC)ccc12,CCO,462.0
4899,CCOC(=O)c1cc(C(=O)OCC)c2c(C)ccc(O)c2n1,CCO,528.0
4900,CCOC(=O)c1cc(C(=O)OCC)c2c(C)ccc(OC(=O)OC(C)(C)C)c2n1,CCO,505.0
4901,CCOC(=O)c1cc(C(=O)OCC)c2cc(C)ccc2n1,CCO,417.0
4902,CCOC(=O)c1cc(C(=O)OCC)c2cc(N(C)C)ccc2n1,CCO,564.0
4903,CCOC(=O)c1cc(C(=O)OCC)c2cc(N(CC)CC)ccc2n1,CCO,561.0
4904,CCOC(=O)c1cc(C(=O)OCC)c2cc(N)ccc2n1,CCO,537.0
4905,CCOC(=O)c1cc(C(=O)OCC)c2cc(NC(=O)C(F)(F)F)ccc2n1,CCO,436.0
4906,CCOC(=O)c1cc(C(=O)OCC)c2cc(NC)ccc2n1,CCO,539.0
4907,CCOC(=O)c1cc(C(=O)OCC)c2cc(O)ccc2n1,CCO,466.0
4908,CCOC(=O)c1cc(C(=O)OCC)c2cc(OC)ccc2n1,CCO,441.0
4909,CCOC(=O)c1cc(C(=O)OCC)c2ccc(C)cc2n1,CCO,422.0
4910,CCOC(=O)c1cc(C(=O)OCC)c2ccc(N(C)C)cc2n1,CCO,541.0
4911,CCOC(=O)c1cc(C(=O)OCC)c2ccc(O)cc2n1,CCO,474.0
4912,CCOC(=O)c1cc(C(=O)OCC)c2ccc(OC)cc2n1,CCO,451.0
4913,CCOC(=O)c1cc(C(=O)OCC)c2cccc(O)c2n1,CCO,527.0
4914,CCOC(=O)c1cc(C(=O)OCC)c2cccc(OC)c2n1,CCO,526.0
9264,COc1ccc2ncccc2c1,CCCC#N,355.0
4916,CCOC(=O)c1cc(C(=O)OCC)c2ccccc2n1,CCO,420.0
9263,COc1ccc2ncccc2c1,CC#N,358.0
12632,Nc1cccc2ncccc12,CC#N,480.0
12633,Nc1cccc2ncccc12,O,534.0
9265,COc1ccc2ncccc2c1,Cc1ccccc1,353.0
1466,CC(C)c1cc(C(C)C)c(B2c3cc(N4c5ccccc5Oc5ccccc54)ccc3N(c3ccccc3)c3ccc(N4c5ccccc5Oc5ccccc54)cc32)c(C(C)C)c1,C1CCOC1,554.0816327
1467,CC(C)c1cc(C(C)C)c(B2c3cc(N4c5ccccc5Oc5ccccc54)ccc3N(c3ccccc3)c3ccc(N4c5ccccc5Oc5ccccc54)cc32)c(C(C)C)c1,CCOC(C)=O,546.2585034
1468,CC(C)c1cc(C(C)C)c(B2c3cc(N4c5ccccc5Oc5ccccc54)ccc3N(c3ccccc3)c3ccc(N4c5ccccc5Oc5ccccc54)cc32)c(C(C)C)c1,Cc1ccccc1,510.2040816
1469,CC(C)c1cc(C(C)C)c(B2c3cc(N4c5ccccc5Oc5ccccc54)ccc3N(c3ccccc3)c3ccc(N4c5ccccc5Oc5ccccc54)cc32)c(C(C)C)c1,ClCCl,546.2585034
1470,CC(C)c1cc(C(C)C)c(B2c3cc(N4c5ccccc5Oc5ccccc54)ccc3N(c3ccccc3)c3ccc(N4c5ccccc5Oc5ccccc54)cc32)c(C(C)C)c1,c1cc(-c2cccc(-n3c4ccccc4c4ccccc43)c2)cc(-n2c3ccccc3c3ccccc32)c1,512.0
2244,CC1=[N+]2C(=C(c3ccc(C(=C(c4ccccc4)c4ccccc4)c4ccccc4)cc3)c3ccc(/C=C/c4ccc(C(=C(c5ccccc5)c5ccccc5)c5ccccc5)cc4)n3[B-]2(F)F)C=C1,C1CCOC1,612.0
4681,CCOC(=O)C1=C(C)NC2=C(C(=O)c3ccccc32)C1c1ccc(N(C)C)cc1,CS(C)=O,548.0
4682,CCOC(=O)C1=C(C)NC2=C(C(=O)c3ccccc32)C1c1ccc(N(C)C)cc1,ClC(Cl)(Cl)Cl,475.0
4683,CCOC(=O)C1=C(C)NC2=C(C(=O)c3ccccc32)C1c1ccc(N(C)C)cc1,ClC(Cl)Cl,532.0
4684,CCOC(=O)C1=C(C)NC2=C(C(=O)c3ccccc32)C1c1ccc(N(C)C)cc1,ClCCl,530.0
4675,CCOC(=O)C1=C(C)NC2=C(C(=O)c3ccccc32)C1c1ccc(N(C)C)cc1,C1CCOC1,497.0
4676,CCOC(=O)C1=C(C)NC2=C(C(=O)c3ccccc32)C1c1ccc(N(C)C)cc1,C1COCCO1,490.0
4677,CCOC(=O)C1=C(C)NC2=C(C(=O)c3ccccc32)C1c1ccc(N(C)C)cc1,CC#N,542.0
4678,CCOC(=O)C1=C(C)NC2=C(C(=O)c3ccccc32)C1c1ccc(N(C)C)cc1,CCO,559.0
4679,CCOC(=O)C1=C(C)NC2=C(C(=O)c3ccccc32)C1c1ccc(N(C)C)cc1,CN(C)C=O,540.0
4680,CCOC(=O)C1=C(C)NC2=C(C(=O)c3ccccc32)C1c1ccc(N(C)C)cc1,CO,561.0
14768,c1ccc(-c2nc(-c3ccccc3)nc(-n3c4ccccc4c4cc(-n5c6ccccc6c6ccccc65)ccc43)n2)cc1,C1CCOC1,535.4267311
14769,c1ccc(-c2nc(-c3ccccc3)nc(-n3c4ccccc4c4cc(-n5c6ccccc6c6ccccc65)ccc43)n2)cc1,Cc1ccccc1,502.8180354
14502,c1cc2ccc3ccc(-n4c5ccccc5c5ccccc54)c4ccc(c1)c2c34,CCO,398.0
14503,c1cc2ccc3ccc(-n4c5ccccc5c5ccccc54)c4ccc(c1)c2c34,CCOC(C)=O,398.0
14504,c1cc2ccc3ccc(-n4c5ccccc5c5ccccc54)c4ccc(c1)c2c34,ClCCl,399.0
14501,c1cc2ccc3ccc(-n4c5ccccc5c5ccccc54)c4ccc(c1)c2c34,CCCCCC,407.0
1523,CC1(C)C(/C=C/C2=C(Cl)/C(=C/C=C3/N(CCCCS(=O)(=O)[O-])c4ccc5ccccc5c4C3(C)C)CCC2)=[N+](CCCCS(=O)(=O)[O-])c2ccc3ccccc3c21,CO,836.0
2886,CCCCC1(CCCC)c2ccccc2-c2ccc(-c3c4c(nc5ccccc35)-c3cc5c(cc3CC4)-c3nc4ccccc4c(-c4ccc6c(c4)C(CCCC)(CCCC)c4ccccc4-6)c3CC5)cc21,ClC(Cl)Cl,385.0
13740,O=S1(=O)C2=C(c3ccc(-c4ccc(N(c5ccccc5)c5ccccc5)cc4)cc31)C1(C3=C(c4ccccc41)S(=O)(=O)c1cc(-c4ccc(N(c5ccccc5)c5ccccc5)cc4)ccc13)c1ccccc12,C1CCOC1,599.0
13741,O=S1(=O)C2=C(c3ccc(-c4ccc(N(c5ccccc5)c5ccccc5)cc4)cc31)C1(C3=C(c4ccccc41)S(=O)(=O)c1cc(-c4ccc(N(c5ccccc5)c5ccccc5)cc4)ccc13)c1ccccc12,CC#N,665.0
13742,O=S1(=O)C2=C(c3ccc(-c4ccc(N(c5ccccc5)c5ccccc5)cc4)cc31)C1(C3=C(c4ccccc41)S(=O)(=O)c1cc(-c4ccc(N(c5ccccc5)c5ccccc5)cc4)ccc13)c1ccccc12,CCCCCC,485.0
13743,O=S1(=O)C2=C(c3ccc(-c4ccc(N(c5ccccc5)c5ccccc5)cc4)cc31)C1(C3=C(c4ccccc41)S(=O)(=O)c1cc(-c4ccc(N(c5ccccc5)c5ccccc5)cc4)ccc13)c1ccccc12,Cc1ccccc1,543.0
13744,O=S1(=O)C2=C(c3ccc(-c4ccc(N(c5ccccc5)c5ccccc5)cc4)cc31)C1(C3=C(c4ccccc41)S(=O)(=O)c1cc(-c4ccc(N(c5ccccc5)c5ccccc5)cc4)ccc13)c1ccccc12,ClCCl,624.0
14995,c1ccc(N(c2ccccc2)c2ccc(-c3cncs3)cc2)cc1,CO,446.0
4122,CCN(CC)c1ccc2c(-c3ccccc3C(=O)O)c3c([o+]c2c1)/C(=C/C=C/c1ccc(N(C)C)cc1)CCC3,ClCCl,857.0
1207,CC(C)(C)c1ccc2c(c1)c1cc(C(C)(C)C)ccc1n2-c1cccc(-c2nc(-c3cccc(P(=O)(c4ccccc4)c4ccccc4)c3)nc(-c3cccc(P(=O)(c4ccccc4)c4ccccc4)c3)n2)c1,C1CCOC1,511.9103774
1208,CC(C)(C)c1ccc2c(c1)c1cc(C(C)(C)C)ccc1n2-c1cccc(-c2nc(-c3cccc(P(=O)(c4ccccc4)c4ccccc4)c3)nc(-c3cccc(P(=O)(c4ccccc4)c4ccccc4)c3)n2)c1,CC#N,581.7216981
1209,CC(C)(C)c1ccc2c(c1)c1cc(C(C)(C)C)ccc1n2-c1cccc(-c2nc(-c3cccc(P(=O)(c4ccccc4)c4ccccc4)c3)nc(-c3cccc(P(=O)(c4ccccc4)c4ccccc4)c3)n2)c1,CC(C)=O,554.5990566
1210,CC(C)(C)c1ccc2c(c1)c1cc(C(C)(C)C)ccc1n2-c1cccc(-c2nc(-c3cccc(P(=O)(c4ccccc4)c4ccccc4)c3)nc(-c3cccc(P(=O)(c4ccccc4)c4ccccc4)c3)n2)c1,CN(C)C=O,567.8066038
1211,CC(C)(C)c1ccc2c(c1)c1cc(C(C)(C)C)ccc1n2-c1cccc(-c2nc(-c3cccc(P(=O)(c4ccccc4)c4ccccc4)c3)nc(-c3cccc(P(=O)(c4ccccc4)c4ccccc4)c3)n2)c1,Cc1ccccc1,480.7783019
1212,CC(C)(C)c1ccc2c(c1)c1cc(C(C)(C)C)ccc1n2-c1cccc(-c2nc(-c3cccc(P(=O)(c4ccccc4)c4ccccc4)c3)nc(-c3cccc(P(=O)(c4ccccc4)c4ccccc4)c3)n2)c1,ClC(Cl)Cl,512.5
1213,CC(C)(C)c1ccc2c(c1)c1cc(C(C)(C)C)ccc1n2-c1cccc(-c2nc(-c3cccc(P(=O)(c4ccccc4)c4ccccc4)c3)nc(-c3cccc(P(=O)(c4ccccc4)c4ccccc4)c3)n2)c1,ClCCl,535.0235849
1214,CC(C)(C)c1ccc2c(c1)c1cc(C(C)(C)C)ccc1n2-c1cccc(-c2nc(-c3cccc(P(=O)(c4ccccc4)c4ccccc4)c3)nc(-c3cccc(P(=O)(c4ccccc4)c4ccccc4)c3)n2)c1,O=P(c1ccccc1)(c1ccccc1)c1ccccc1Oc1ccccc1P(=O)(c1ccccc1)c1ccccc1,484.0
12623,Nc1cccc2c1C(=O)c1ccccc1-2,c1ccccc1,482.0
12567,Nc1ccc2c(c1)C(=O)c1ccccc1-2,C1CCCCC1,569.0
12568,Nc1ccc2c(c1)C(=O)c1ccccc1-2,c1ccccc1,622.0
12539,Nc1ccc2c(c1)-c1ccccc1C2=O,C1CCCCC1,476.0
12540,Nc1ccc2c(c1)-c1ccccc1C2=O,CC#N,544.0
12541,Nc1ccc2c(c1)-c1ccccc1C2=O,CCO,592.0
12619,Nc1cccc2c1-c1ccccc1C2=O,c1ccccc1,544.0
12542,Nc1ccc2c(c1)-c1ccccc1C2=O,c1ccccc1,504.0
13311,O=C1c2ccccc2-c2ccccc21,C1CCCCC1,463.0
12620,Nc1cccc2c1C(=O)c1ccccc1-2,C1CCCCC1,471.0
12621,Nc1cccc2c1C(=O)c1ccccc1-2,CC#N,501.0
12622,Nc1cccc2c1C(=O)c1ccccc1-2,CCO,521.0
7869,COc1cc(OC)c2c(c1)C(=O)c1cc(OC)cc(OC)c1-2,C1CCCCC1,585.0
7870,COc1cc(OC)c2c(c1)C(=O)c1ccc(OC)cc1-2,C1CCCCC1,537.0
7871,COc1cc(OC)c2c(c1)C(=O)c1ccc(OC)cc1-2,CC#N,578.0
7872,COc1cc(OC)c2c(c1)C(=O)c1ccccc1-2,C1CCCCC1,537.0
7873,COc1cc(OC)c2c(c1)C(=O)c1ccccc1-2,CC#N,592.0
12616,Nc1cccc2c1-c1ccccc1C2=O,C1CCCCC1,513.0
6464,CN(C)c1ccc2c(c1)-c1ccccc1C2=O,C1CCCCC1,491.0
6465,CN(C)c1ccc2c(c1)-c1ccccc1C2=O,CC#N,557.0
6466,CN(C)c1ccc2c(c1)-c1ccccc1C2=O,CCO,592.0
6467,CN(C)c1ccc2c(c1)-c1ccccc1C2=O,c1ccccc1,526.0
12617,Nc1cccc2c1-c1ccccc1C2=O,CC#N,604.0
9033,COc1ccc2c(c1)-c1cc(OC)ccc1C2=O,C1CCCCC1,490.0
9034,COc1ccc2c(c1)-c1cc(OC)ccc1C2=O,CC#N,514.0
9035,COc1ccc2c(c1)-c1cc(OC)ccc1C2=O,CCO,552.0
12618,Nc1cccc2c1-c1ccccc1C2=O,CCO,667.0
9037,COc1ccc2c(c1)-c1ccccc1C2=O,C1CCCCC1,472.0
9038,COc1ccc2c(c1)-c1ccccc1C2=O,CC#N,510.0
9039,COc1ccc2c(c1)-c1ccccc1C2=O,CCO,549.0
9040,COc1ccc2c(c1)C(=O)c1cc(OC)cc(OC)c1-2,C1CCCCC1,570.0
6477,CN(C)c1ccc2c(c1)C(=O)c1ccccc1-2,C1CCCCC1,600.0
6478,CN(C)c1ccc2c(c1)C(=O)c1ccccc1-2,c1ccccc1,644.0
9041,COc1ccc2c(c1)C(=O)c1cc(OC)cc(OC)c1-2,CC#N,628.0
9042,COc1ccc2c(c1)C(=O)c1ccccc1-2,C1CCCCC1,518.0
9043,COc1ccc2c(c1)C(=O)c1ccccc1-2,CC#N,568.0
6889,CNc1ccc2c(c1)-c1ccccc1C2=O,C1CCCCC1,489.0
6890,CNc1ccc2c(c1)-c1ccccc1C2=O,CC#N,548.0
6891,CNc1ccc2c(c1)-c1ccccc1C2=O,CCO,583.0
6892,CNc1ccc2c(c1)-c1ccccc1C2=O,c1ccccc1,509.0
6893,CNc1ccc2c(c1)C(=O)c1ccccc1-2,C1CCCCC1,587.0
6894,CNc1ccc2c(c1)C(=O)c1ccccc1-2,c1ccccc1,635.0
6896,CNc1cccc2c1-c1ccccc1C2=O,C1CCCCC1,536.0
6897,CNc1cccc2c1-c1ccccc1C2=O,CC#N,638.0
6898,CNc1cccc2c1-c1ccccc1C2=O,CCO,686.0
6899,CNc1cccc2c1-c1ccccc1C2=O,c1ccccc1,570.0
6644,CN(C)c1cccc2c1-c1ccccc1C2=O,C1CCCCC1,532.0
6645,CN(C)c1cccc2c1-c1ccccc1C2=O,CC#N,646.0
6646,CN(C)c1cccc2c1-c1ccccc1C2=O,CCO,700.0
6647,CN(C)c1cccc2c1-c1ccccc1C2=O,c1ccccc1,575.0
6648,CN(C)c1cccc2c1C(=O)c1ccccc1-2,C1CCCCC1,498.0
6649,CN(C)c1cccc2c1C(=O)c1ccccc1-2,CC#N,534.0
6650,CN(C)c1cccc2c1C(=O)c1ccccc1-2,CCO,541.0
6651,CN(C)c1cccc2c1C(=O)c1ccccc1-2,c1ccccc1,520.0
6900,CNc1cccc2c1C(=O)c1ccccc1-2,C1CCCCC1,497.0
6901,CNc1cccc2c1C(=O)c1ccccc1-2,CC#N,533.0
6902,CNc1cccc2c1C(=O)c1ccccc1-2,CCO,542.0
6903,CNc1cccc2c1C(=O)c1ccccc1-2,c1ccccc1,519.0
9345,COc1cccc2c1-c1ccccc1C2=O,C1CCCCC1,518.0
9346,COc1cccc2c1-c1ccccc1C2=O,CC#N,568.0
13312,O=C1c2ccccc2-c2ccccc21,CC#N,507.0
13313,O=C1c2ccccc2-c2ccccc21,CCO,553.0
13314,O=C1c2ccccc2-c2ccccc21,c1ccccc1,485.0
10231,Cc1ccc(-c2c3nc(c(-c4ccc(C)cc4)c4ccc(s4)c(-c4ccc(C)cc4)c4nc(c(-c5ccc(C)cc5)c5ccc2[nH]5)C=C4)C=C3)cc1,ClCCl,678.0
6784,CN1C(=CC2=C([O-])C(=Cc3oc(-c4ccc(-c5ccccc5)cc4)c[n+]3C)C2=O)C(C)(C)c2ccccc21,ClC(Cl)Cl,625.0
4874,CCOC(=O)c1c(/N=C/c2ccc(-c3cccs3)s2)sc(/N=C/c2ccc(-c3cccs3)s2)c1C(=O)OCC,CC#N,592.0
10213,Cc1cc2oc3ccccc3c2c2[nH]c3ccccc3c12,ClCCl,342.0
11504,F[B-]1(F)n2cccc2C(c2ccccc2)=C2C=CC(c3ccc(OC4=[N+]5C(=C(c6ccccc6)c6cc(Br)c(Br)n6[B-]5(F)F)C=C4Br)cc3)=[N+]21,ClC(Cl)Cl,574.0
12802,O=C(O)c1ccc(-c2cnc(-c3ccc(N(c4ccccc4)c4ccccc4)cc3)s2)cc1,CO,496.0
150,C(/C=C/Nc1cccc2ccccc12)=[NH+]c1cccc2ccccc12,CS(C)=O,527.0
11539,F[Si](c1ccccc1)(c1ccccc1)c1c2ccccc2cc2ccccc12,ClC(Cl)Cl,426.0
11538,F[Si](c1ccccc1)(c1ccccc1)c1c2ccccc2cc2ccccc12,C1CCOC1,405.0
1756,CC1(C)c2ccccc2-c2sc3ccccc3c21,ClCCl,354.0
109,C(#Cc1ccc(N(c2ccc(C#Cc3ccc(-c4cc(-c5ccccc5)nc(-c5ccccc5)c4)cc3)cc2)c2ccc(C#Cc3ccc(-c4cc(-c5ccccc5)nc(-c5ccccc5)c4)cc3)cc2)cc1)c1ccc(-c2cc(-c3ccccc3)nc(-c3ccccc3)c2)cc1,C1CCOC1,455.0
110,C(#Cc1ccc(N(c2ccc(C#Cc3ccc(-c4cc(-c5ccccc5)nc(-c5ccccc5)c4)cc3)cc2)c2ccc(C#Cc3ccc(-c4cc(-c5ccccc5)nc(-c5ccccc5)c4)cc3)cc2)cc1)c1ccc(-c2cc(-c3ccccc3)nc(-c3ccccc3)c2)cc1,Cc1ccccc1,426.0
15157,c1ccc2c(c1)-c1ccccc1C21c2ccccc2-c2ncccc21,CC1CCCO1,333.0
14761,c1ccc(-c2nc(-c3ccccc3)nc(-c3ccc(N4c5ccccc5C5(c6ccccc64)c4ccccc4C4(c6ccccc6-c6ccccc64)c4ccccc45)cc3)n2)cc1,Cc1ccccc1,475.4237288
2734,CCCC1(CCC)c2cc(-c3ccc(C(C)(C)C)cc3)ccc2-c2ccc(-c3ccc4c(c3)C(CCC)(CCC)c3cc(-c5ccc6c(c5)C(CCC)(CCC)c5cc(-c7ccc(C(C)(C)C)cc7)ccc5-6)ccc3-4)cc21,C1CCCCC1,408.0
2403,CCC1(CC)c2cc(-c3ccc(C(C)(C)C)cc3)ccc2-c2ccc(-c3ccc4c(c3)C(CC)(CC)c3cc(-c5ccc6c(c5)C(CC)(CC)c5cc(-c7ccc(C(C)(C)C)cc7)ccc5-6)ccc3-4)cc21,CO,402.2964509
13711,O=S(=O)(c1ccc2c(c1)c1ccccc1n2-c1ccccc1)c1ccc2c(c1)c1ccccc1n2-c1ccccc1,ClCCl,372.0
583,C=Cc1cc2ccc(OC(=O)c3ccccc3)cc2oc1=O,CC#N,420.0
7227,COC(=O)C1=C(C(=O)OC)C2=C[C@H]3c4ccccc4[C@]2([Se]1)c1ccccc13,ClCCl,494.0
12731,O=C(O)C1=C(C(=O)O)C2=C[C@H]3c4ccccc4[C@]2([Se]1)c1ccccc13,ClCCl,507.0
3054,CCCCCCCCC1(CCCCCCCC)c2ccccc2-c2ccc(-c3nnc(-c4cccc(-n5c6ccc(C(C)(C)C)cc6c6cc(C(C)(C)C)ccc65)c4)o3)cc21,Cc1ccccc1,419.0
9051,COc1ccc2c(c1)CCc1c(-c3ccccc3)c3n(c1-2)[B-](F)(F)[N+]1=C2C=NC=CN2[B-](F)(F)[N+]1=C3,ClCCl,576.0
8894,COc1ccc(CCNC(=O)c2sc(-c3ccc(-c4cc(-c5ccc(C(C)(C)C)cc5)c(C(=O)NCCc5ccc(OC)c(OC)c5)s4)s3)cc2-c2ccc(C(C)(C)C)cc2)cc1OC,ClCCl,449.0
14505,c1cc2ccc3ccc(OP4(Oc5ccc6ccc7cccc8ccc5c6c78)=NP(Oc5ccc6ccc7cccc8ccc5c6c78)(Oc5ccc6ccc7cccc8ccc5c6c78)=NP(Oc5ccc6ccc7cccc8ccc5c6c78)(Oc5ccc6ccc7cccc8ccc5c6c78)=N4)c4ccc(c1)c2c34,ClCCl,459.0
1613,CC1(C)CC(=O)C2=C(C1)Oc1ccc3cc(O)ccc3c1C2c1ccccn1,C1CCOC1,374.0
1614,CC1(C)CC(=O)C2=C(C1)Oc1ccc3cc(O)ccc3c1C2c1ccccn1,C1COCCO1,377.0
1615,CC1(C)CC(=O)C2=C(C1)Oc1ccc3cc(O)ccc3c1C2c1ccccn1,CC#N,378.0
1616,CC1(C)CC(=O)C2=C(C1)Oc1ccc3cc(O)ccc3c1C2c1ccccn1,CCCCCCC,359.0
1617,CC1(C)CC(=O)C2=C(C1)Oc1ccc3cc(O)ccc3c1C2c1ccccn1,CCO,377.0
1618,CC1(C)CC(=O)C2=C(C1)Oc1ccc3cc(O)ccc3c1C2c1ccccn1,CO,377.0
1619,CC1(C)CC(=O)C2=C(C1)Oc1ccc3cc(O)ccc3c1C2c1ccccn1,O,378.0
1620,CC1(C)CC(=O)C2=C(C1)Oc1ccc3ccc(O)cc3c1C2c1ccccn1,C1CCOC1,354.0
1621,CC1(C)CC(=O)C2=C(C1)Oc1ccc3ccc(O)cc3c1C2c1ccccn1,C1COCCO1,354.0
1622,CC1(C)CC(=O)C2=C(C1)Oc1ccc3ccc(O)cc3c1C2c1ccccn1,CC#N,345.0
1623,CC1(C)CC(=O)C2=C(C1)Oc1ccc3ccc(O)cc3c1C2c1ccccn1,CCCCCCC,316.0
1624,CC1(C)CC(=O)C2=C(C1)Oc1ccc3ccc(O)cc3c1C2c1ccccn1,CCO,344.0
1625,CC1(C)CC(=O)C2=C(C1)Oc1ccc3ccc(O)cc3c1C2c1ccccn1,CO,346.0
1626,CC1(C)CC(=O)C2=C(C1)Oc1ccc3ccc(O)cc3c1C2c1ccccn1,O,377.0
9946,Cc1cc(C)c(B(c2ccc(N(c3ccccc3)c3ccccc3)cc2)c2c(C)cc(C)cc2C)c(C)c1,Cc1ccccc1,437.0
4723,CCOC(=O)C1c2ccccc2C(=O)N1c1ccccn1,CCCCCC,392.0
4724,CCOC(=O)C1c2ccccc2C(=O)N1c1ccccn1,CO,392.0
4725,CCOC(=O)C1c2ccccc2C(=O)N1c1ccccn1,CS(C)=O,395.0
4726,CCOC(=O)C1c2ccccc2C(=O)N1c1ccccn1,ClCCl,392.0
4130,CCN(CC)c1ccc2c(-c3ccccc3C(=O)O)c3c([o+]c2c1)/C(=C/c1nc(-c2ccccc2)n2ccccc12)CCC3,ClCCl,746.0
152,C(/C=C/c1cc2c3c(c1)CCCN3CCC2)=C\c1ccncc1,C1COCCO1,518.0
153,C(/C=C/c1cc2c3c(c1)CCCN3CCC2)=C\c1ccncc1,CC#N,569.0
154,C(/C=C/c1cc2c3c(c1)CCCN3CCC2)=C\c1ccncc1,CCCCCCC,442.0
155,C(/C=C/c1cc2c3c(c1)CCCN3CCC2)=C\c1ccncc1,CO,583.0
3542,CCCCN(CCCC)c1ccc(/C=C/c2ccc3nc(/C=C/c4nc5ccc(/C=C/c6ccc(N(CCCC)CCCC)cc6)cc5n(CCC)c4=O)c(=O)n(CCC)c3c2)cc1,C1COCCO1,630.0
3543,CCCCN(CCCC)c1ccc(/C=C/c2ccc3nc(/C=C/c4nc5ccc(/C=C/c6ccc(N(CCCC)CCCC)cc6)cc5n(CCC)c4=O)c(=O)n(CCC)c3c2)cc1,ClCCl,736.0
15018,c1ccc(N(c2ccccc2)c2ccc(-n3ccc4cc(-c5ccc(C6(c7ccccc7)c7ccccc7-c7ccccc76)cc5)ccc43)cc2)cc1,ClCCl,379.0
1848,CC1(C)c2ccccc2N(c2ccc3c(c2)c2cc(N4c5ccccc5C(C)(C)c5ccccc54)cc4c5ccccc5n3c42)c2ccccc21,C1CCCCC1,427.5665399
1849,CC1(C)c2ccccc2N(c2ccc3c(c2)c2cc(N4c5ccccc5C(C)(C)c5ccccc54)cc4c5ccccc5n3c42)c2ccccc21,C1CCOC1,481.9391635
1850,CC1(C)c2ccccc2N(c2ccc3c(c2)c2cc(N4c5ccccc5C(C)(C)c5ccccc54)cc4c5ccccc5n3c42)c2ccccc21,Cc1ccccc1,449.0
4127,CCN(CC)c1ccc2c(-c3ccccc3C(=O)O)c3c([o+]c2c1)/C(=C/c1ccc(N(C)C)s1)CCC3,ClCCl,766.0
9618,C[Si]1(C)C2=CC(=[N+]3CCC3)C=C(F)C2=Nc2c(F)cc(N3CCC3)cc21,CCO,719.0
1989,CC1=CC(=[N+]2CCC2)C=C2C1=Nc1c(C)cc(N3CCC3)cc1[Si]2(C)C,C1COCCO1,734.0
1990,CC1=CC(=[N+]2CCC2)C=C2C1=Nc1c(C)cc(N3CCC3)cc1[Si]2(C)C,CCO,745.0
1991,CC1=CC(=[N+]2CCC2)C=C2C1=Nc1c(C)cc(N3CCC3)cc1[Si]2(C)C,O,739.0
1992,CC1=CC(=[N+]2CCC2)C=C2C1=Nc1c(C)cc(N3CCC3)cc1[Si]2(C)C,OCCO,747.0
9231,COc1ccc2cc3c(C)cc(=O)oc3cc2c1,OCC(F)(F)F,496.0
82,C#Cc1ccc2cc3c(C)cc(=O)oc3cc2c1,CCO,437.0
9861,Cc1cc(=O)oc2cc3cc(O)ccc3cc12,CC#N,450.0
9862,Cc1cc(=O)oc2cc3cc(O)ccc3cc12,CCO,466.0
9226,COc1ccc2cc3c(C)cc(=O)oc3cc2c1,CC#N,453.0
9227,COc1ccc2cc3c(C)cc(=O)oc3cc2c1,CCO,464.0
9228,COc1ccc2cc3c(C)cc(=O)oc3cc2c1,CCOC(C)=O,435.0
9229,COc1ccc2cc3c(C)cc(=O)oc3cc2c1,CO,469.0
9230,COc1ccc2cc3c(C)cc(=O)oc3cc2c1,ClC(Cl)Cl,443.0
3013,CCCCCCC1(CCCCCC)c2ccccc2-c2ccc(-c3ccc(-c4cc(-c5ccccn5)nc(-c5ccccn5)c4)cc3)cc21,ClCCl,409.0
3765,CCCCc1cc2cccc[n+]2[b-]2c(-c3cccc4[b-]3[n+]3ccccc3cc4CCCC)cccc21,C1CCCCC1,451.0
14691,c1ccc(-c2nc(-c3ccc(N4CCCC4)cc3)cc(-c3ccc4ccccc4c3)n2)cc1,ClC(Cl)Cl,498.0
2316,CC1=c2ccccc2=[N+]2C1=Cc1c3ccccc3c(-c3[nH]c4ccccc4c3C)n1[B-]2(F)F,ClCCl,648.0
3181,CCCCCCCCCCCCn1cccc1/C=C/c1cc(OCCCC)c(/C=C/c2cccn2CCCCCCCCCCCC)cc1OCCCC,Cc1ccccc1,472.0
3182,CCCCCCCCCCCCn1cccc1/C=C/c1ccc(/C=C/c2cccn2CCCCCCCCCCCC)cc1,Cc1ccccc1,443.0
11945,N#Cc1c(-n2nnc3c2-c2ccccc2CN(C(=O)CCN)c2ccccc2-3)n([C@H]2C[C@H](O)[C@@H](CO)O2)c2ncnc(N)c12,CO,434.0
8385,COc1ccc(-n2c3ccccc3c3cc(/C=C/C(=C(C#N)C#N)c4ccccc4)ccc32)cc1,C1CCOC1,560.0
8386,COc1ccc(-n2c3ccccc3c3cc(/C=C/C(=C(C#N)C#N)c4ccccc4)ccc32)cc1,CC#N,594.0
8387,COc1ccc(-n2c3ccccc3c3cc(/C=C/C(=C(C#N)C#N)c4ccccc4)ccc32)cc1,CC(C)=O,582.0
8388,COc1ccc(-n2c3ccccc3c3cc(/C=C/C(=C(C#N)C#N)c4ccccc4)ccc32)cc1,CCOC(C)=O,550.0
8389,COc1ccc(-n2c3ccccc3c3cc(/C=C/C(=C(C#N)C#N)c4ccccc4)ccc32)cc1,CO,597.0
8390,COc1ccc(-n2c3ccccc3c3cc(/C=C/C(=C(C#N)C#N)c4ccccc4)ccc32)cc1,CS(C)=O,601.0
8391,COc1ccc(-n2c3ccccc3c3cc(/C=C/C(=C(C#N)C#N)c4ccccc4)ccc32)cc1,Cc1ccccc1,526.0
8392,COc1ccc(-n2c3ccccc3c3cc(/C=C/C(=C(C#N)C#N)c4ccccc4)ccc32)cc1,ClC(Cl)Cl,554.0
8832,COc1ccc(C2=CC(c3ccccc3)=C(c3ccccc3)C2)c2ccccc12,ClCCl,479.0
9237,COc1ccc2ccccc2c1C1=CC(c2ccccc2)=C(c2ccccc2)C1,ClCCl,471.0
12056,N#Cc1cc(N2c3ccccc3Oc3ccccc32)cc(N2c3ccccc3Oc3ccccc32)c1,Cc1ccccc1,520.0
3866,CCCN1/C(=C/C=C(/C=C/C2=[N+](CCC)c3ccccc3C2(C)C)c2ccncc2)C(C)(C)c2ccccc21,CO,648.0
3867,CCCN1/C(=C/C=C(/C=C/C2=[N+](CCC)c3ccccc3C2(C)C)c2ccncc2)C(C)(C)c2ccccc21,CS(C)=O,655.0
3868,CCCN1/C(=C/C=C(/C=C/C2=[N+](CCC)c3ccccc3C2(C)C)c2ccncc2)C(C)(C)c2ccccc21,O,658.0
1383,CC(C)[Si](C#Cc1c2nsnc2c(C#C[Si](C(C)C)(C(C)C)C(C)C)c2nc3c(nc12)Cc1ccccc1-3)(C(C)C)C(C)C,CCCCCC,551.0
10384,Cc1ccc(/C2=c3\cc/c(o3)=C(\c3ccc(C)cc3)c3ccc([nH]3)-c3ccc4n3[P-](=O)(=O)[N+]3=C(C=CC3=C4c3ccco3)c3ccc2[nH]3)cc1,ClC(Cl)Cl,744.0
12669,O=C(/C=C(\O)c1ccc(N2c3ccccc3Oc3ccccc32)cc1)c1ccc(N2c3ccccc3Oc3ccccc32)cc1,Cc1ccccc1,594.0
12670,O=C(/C=C(\O)c1ccc(N2c3ccccc3Oc3ccccc32)cc1)c1ccc(N2c3ccccc3Oc3ccccc32)cc1,c1ccc2c(c1)c1ccccc1n2-c1ccc(-c2ccc(-n3c4ccccc4c4ccccc43)cc2)cc1,550.3184713
11316,F[B-]1(F)OC(c2cccc(Br)c2)=Cc2c3ccccc3cc[n+]21,ClC(Cl)Cl,465.0
11322,F[B-]1(F)OC(c2ccccc2)=Cc2c3ccccc3cc[n+]21,ClC(Cl)Cl,463.2
10845,Cc1cccc(C2=Cc3c4ccccc4cc[n+]3[B-](F)(F)O2)c1,ClC(Cl)Cl,464.8
10593,Cc1ccc(C2=Cc3c4ccccc4cc[n+]3[B-](F)(F)O2)cc1,ClC(Cl)Cl,471.0
11302,F[B-]1(F)OC(c2ccc(Br)cc2)=Cc2c3ccccc3cc[n+]21,ClC(Cl)Cl,466.4
11304,F[B-]1(F)OC(c2ccc(C(F)(F)F)cc2)=Cc2c3ccccc3cc[n+]21,ClC(Cl)Cl,464.6
8840,COc1ccc(C2=Cc3c4ccccc4cc[n+]3[B-](F)(F)O2)cc1,ClC(Cl)Cl,478.2
13638,O=S(=O)([O-])CCCCN1C=C/C(=C/C=C/C=C/c2cc[n+](CCCCS(=O)(=O)[O-])c3ccccc23)c2ccccc21,CO,830.0
9405,COc1ccccc1C1=[N+]2C(=C(c3ccccc3)c3c4c(c(-c5ccccc5OC)n3[B-]2(F)F)C2CCC4CC2)C2=C1C1CCC2CC1,ClCCl,583.0
4105,CCN(CC)c1ccc(OC)c(C=O)c1,CS(C)=O,558.0
4106,CCN(CC)c1ccc(OC)c(C=O)c1,Cc1ccccc1,509.0
4107,CCN(CC)c1ccc(OC)c(C=O)c1,ClCCl,538.0
14411,[NH3+]C(Cc1ccc(O)c(O)c1)C(=O)[O-],O,318.0
14412,[NH3+]C(Cc1ccc(O)cc1)C(=O)[O-],O,304.0
14413,[NH3+]C(Cc1ccccc1)C(=O)[O-],O,280.0
10390,Cc1ccc(/C=C/C(F)(F)F)c(N)c1,C1CCOC1,423.0
6305,CN(C)c1ccc(C#N)cc1,CC#N,480.7129799
6306,CN(C)c1ccc(C#N)cc1,CCCCCC,339.488117
12461,N[C@@H](Cc1ccc(O)cc1)C(=O)O,O,300.0
12512,Nc1ccc(C(=O)[O-])c(O)c1,CO,386.0
12513,Nc1ccc(C(=O)[O-])c(O)c1,O,389.0
12514,Nc1ccc(O)c(C(=O)[O-])c1,CO,490.0
12515,Nc1ccc(O)c(C(=O)[O-])c1,O,493.0
10474,Cc1ccc(C(=O)[O-])c(O)c1,CO,389.0
10475,Cc1ccc(C(=O)[O-])c(O)c1,O,407.0
10477,Cc1ccc(C)c(C)c1,C1CCCCC1,295.7704821
10480,Cc1ccc(C)cc1,C1CCCCC1,292.0560748
8445,COc1ccc(/C=C/C(F)(F)F)c(N)c1,C1CCOC1,410.0
6451,CN(C)c1ccc(N(C)C)cc1,C1CCCCC1,394.4773176
4425,CCN(CC)c1cccc(C=O)c1,CC#N,509.0
4426,CCN(CC)c1cccc(C=O)c1,CC(C)O,560.0
4427,CCN(CC)c1cccc(C=O)c1,CCCCCC,426.0
4428,CCN(CC)c1cccc(C=O)c1,CCOC(C)=O,464.0
4429,CCN(CC)c1cccc(C=O)c1,CO,600.0
4430,CCN(CC)c1cccc(C=O)c1,CS(C)=O,512.0
4431,CCN(CC)c1cccc(C=O)c1,Cc1ccccc1,456.0
4432,CCN(CC)c1cccc(C=O)c1,ClCCl,492.0
12634,Nc1ccccc1,C1CCCCC1,323.4152652
12635,Nc1ccccc1/C=C/C(F)(F)F,C1CCOC1,427.0
12636,Nc1ccccc1C(=O)O,C1CCCCC1,387.0
12637,Nc1ccccc1C(=O)O,C1COCCO1,395.0
12638,Nc1ccccc1C(=O)O,CC#N,397.0
12639,Nc1ccccc1C(=O)O,CC(C)=O,394.0
12640,Nc1ccccc1C(=O)O,CCO,407.0
12641,Nc1ccccc1C(=O)O,CO,406.0
12642,Nc1ccccc1C(=O)O,CS(C)=O,400.0
12643,Nc1ccccc1C(=O)O,O,398.5
12644,Nc1ccccc1C(=O)O,OCC(F)(F)F,423.0
12645,Nc1ccccc1C(=O)O,c1ccccc1,394.0
12302,N#Cc1ccccc1N,O,383.0
12303,N#Cc1ccccc1N,OCC(F)(F)F,376.0
10687,Cc1ccc(O)c(C(=O)[O-])c1,CO,444.0
10688,Cc1ccc(O)c(C(=O)[O-])c1,O,418.0
10689,Cc1ccc(O)cc1,O,307.0
441,C/C=C/c1cc(OC)cc(OC)c1,CC#N,343.0
442,C/C=C/c1cc(OC)cc(OC)c1,CCCCCC,338.0
443,C/C=C/c1ccc(OC)c(OC)c1,CC#N,333.0
444,C/C=C/c1ccc(OC)c(OC)c1,CCCCCC,334.0
445,C/C=C/c1ccc(OC)cc1,CC#N,330.0
446,C/C=C/c1ccc(OC)cc1,CCCCCC,328.0
447,C/C=C/c1cccc(OC)c1,CC#N,327.0
448,C/C=C/c1cccc(OC)c1,CCCCCC,325.0
6642,CN(C)c1cccc(C#N)c1,CC#N,404.7531993
6643,CN(C)c1cccc(C#N)c1,CCCCCC,365.2650823
12793,O=C(O)c1cc(O)c(O)c(O)c1,O,341.0
6667,CN(C)c1ccccc1,C1CCCCC1,339.9048266
12826,O=C(O)c1ccccc1,O,315.0
4636,CCOC(=O)/C=C/c1ccc(N(C)C)cc1,C1CCCCC1,393.0
4637,CCOC(=O)/C=C/c1ccc(N(C)C)cc1,C1CCOC1,422.0
4638,CCOC(=O)/C=C/c1ccc(N(C)C)cc1,C1COCCO1,416.0
4639,CCOC(=O)/C=C/c1ccc(N(C)C)cc1,CC#N,446.0
4640,CCOC(=O)/C=C/c1ccc(N(C)C)cc1,CCCCCCCCO,424.0
4641,CCOC(=O)/C=C/c1ccc(N(C)C)cc1,CCCCCCO,433.0
4642,CCOC(=O)/C=C/c1ccc(N(C)C)cc1,CCCCO,443.0
4643,CCOC(=O)/C=C/c1ccc(N(C)C)cc1,CCCO,452.0
4644,CCOC(=O)/C=C/c1ccc(N(C)C)cc1,CCO,455.0
4645,CCOC(=O)/C=C/c1ccc(N(C)C)cc1,CCOC(C)=O,422.0
4646,CCOC(=O)/C=C/c1ccc(N(C)C)cc1,CO,463.0
4647,CCOC(=O)/C=C/c1ccc(N(C)C)cc1,Cc1ccccc1,406.0
4648,CCOC(=O)/C=C/c1ccc(N(C)C)cc1,O,485.0
4649,CCOC(=O)/C=C/c1ccc(N(C)C)cc1,c1ccccc1,407.0
8749,COc1ccc(C(=O)[O-])c(O)c1,CO,403.0
8750,COc1ccc(C(=O)[O-])c(O)c1,O,394.0
12868,O=C([O-])c1ccccc1O,CO,405.0
12869,O=C([O-])c1ccccc1O,O,407.0
10826,Cc1cccc(C)c1,C1CCCCC1,291.5451895
579,C=Cc1cc(OC)cc(OC)c1,C1CCCCC1,341.0
580,C=Cc1cc(OC)cc(OC)c1,CC#N,350.0
597,C=Cc1ccc(OC)c(OC)c1,C1CCCCC1,331.0
598,C=Cc1ccc(OC)c(OC)c1,CC#N,334.0
599,C=Cc1ccc(OC)cc1,C1CCCCC1,322.0
600,C=Cc1ccc(OC)cc1,CC#N,323.0
601,C=Cc1cccc(OC)c1,C1CCCCC1,327.0
602,C=Cc1cccc(OC)c1,CC#N,330.0
620,CC(=O)Nc1ccc(O)cc1,C1CCOC1,324.0
621,CC(=O)Nc1ccc(O)cc1,CC#N,322.0
622,CC(=O)Nc1ccc(O)cc1,CCCCO,320.0
623,CC(=O)Nc1ccc(O)cc1,CO,322.0
624,CC(=O)Nc1ccc(O)cc1,CS(C)=O,329.0
10891,Cc1ccccc1,C1CCCCC1,286.615076
10915,Cc1ccccc1C,C1CCCCC1,291.3752914
6878,CNc1ccc(/C=C/C#N)cc1,C1CCCCC1,368.0
6879,CNc1ccc(/C=C/C#N)cc1,C1CCOC1,419.0
6880,CNc1ccc(/C=C/C#N)cc1,C1COCCO1,399.0
6881,CNc1ccc(/C=C/C#N)cc1,CC#N,421.0
6882,CNc1ccc(/C=C/C#N)cc1,CC(C)O,408.0
6883,CNc1ccc(/C=C/C#N)cc1,CC1CCCCC1,391.0
6884,CNc1ccc(/C=C/C#N)cc1,CCO,414.0
2781,CCCCC(CC)COC(=O)/C=C/c1c(OC)ccc(OC)c1OC,CCCCCC,359.0
2782,CCCCC(CC)COC(=O)/C=C/c1c(OC)ccc(OC)c1OC,CO,405.0
2783,CCCCC(CC)COC(=O)/C=C/c1ccc(OC)c(OC)c1OC,CCCCCC,351.0
2784,CCCCC(CC)COC(=O)/C=C/c1ccc(OC)c(OC)c1OC,CO,462.0
2787,CCCCC(CC)COC(=O)/C=C/c1ccccc1OC,CCCCCC,358.0
2788,CCCCC(CC)COC(=O)/C=C/c1ccccc1OC,CO,463.0
2789,CCCCC(CC)COC(=O)/C=C\c1c(OC)ccc(OC)c1OC,CCCCCC,361.0
2790,CCCCC(CC)COC(=O)/C=C\c1c(OC)ccc(OC)c1OC,CO,409.0
2791,CCCCC(CC)COC(=O)/C=C\c1ccc(OC)c(OC)c1OC,CCCCCC,354.0
2792,CCCCC(CC)COC(=O)/C=C\c1ccc(OC)c(OC)c1OC,CO,468.0
2795,CCCCC(CC)COC(=O)/C=C\c1ccccc1OC,CCCCCC,340.0
2796,CCCCC(CC)COC(=O)/C=C\c1ccccc1OC,CO,458.0
6888,CNc1ccc(/C=C/C(=O)OC)cc1,O,470.0
8960,COc1ccc(O)c(C(=O)[O-])c1,CO,416.0
8961,COc1ccc(O)c(C(=O)[O-])c1,O,447.0
8962,COc1ccc(O)c(C=O)c1,CO,471.0
8963,COc1ccc(O)cc1C=O,CO,489.0
8964,COc1ccc(O)cc1C=O,ClC(Cl)Cl,433.0
8968,COc1ccc(OC)c(C(=O)O)c1,CO,388.0
8969,COc1ccc(OC)c(C(C)=O)c1,CO,449.0
8971,COc1ccc(OC)c(C=O)c1,CC(C)=O,410.0
8972,COc1ccc(OC)c(C=O)c1,CCCO,458.0
8973,COc1ccc(OC)c(C=O)c1,CCO,459.0
8974,COc1ccc(OC)c(C=O)c1,CNC=O,458.0
8975,COc1ccc(OC)c(C=O)c1,CO,466.0
8976,COc1ccc(OC)c(C=O)c1,CS(C)=O,431.0
8977,COc1ccc(OC)c(C=O)c1,ClC(Cl)Cl,427.0
8978,COc1ccc(OC)c(C=O)c1,NC=O,464.0
8979,COc1ccc(OC)cc1,C1CCCCC1,323.2062056
6930,COC(=O)/C=C/C=C/c1ccc(N(C)C)cc1,C1COCCO1,470.0
6931,COC(=O)/C=C/C=C/c1ccc(N(C)C)cc1,CC#N,430.0
6932,COC(=O)/C=C/C=C/c1ccc(N(C)C)cc1,CC(C)O,435.0
6933,COC(=O)/C=C/C=C/c1ccc(N(C)C)cc1,CC1CCCCC1,424.0
6934,COC(=O)/C=C/C=C/c1ccc(N(C)C)cc1,CCCCCC,424.0
6935,COC(=O)/C=C/C=C/c1ccc(N(C)C)cc1,CCCCO,438.0
6936,COC(=O)/C=C/C=C/c1ccc(N(C)C)cc1,CCO,435.0
6937,COC(=O)/C=C/C=C/c1ccc(N(C)C)cc1,CO,435.0
6938,COC(=O)/C=C/C=C/c1ccc(N(C)C)cc1,ClCCl,435.0
6939,COC(=O)/C=C/C=C/c1ccc(N(C)C)cc1,O,435.0
4929,CCOC(=O)c1ccc(N(C)C)cc1,CC#N,501.9230769
4930,CCOC(=O)c1ccc(N(C)C)cc1,CCCCCC,328.5714286
4931,CCOC(=O)c1ccc(N)cc1,CC#N,329.368932
4932,CCOC(=O)c1ccc(N)cc1,CCCCCC,314.8058252
4938,CCOC(=O)c1cccc(N(C)C)c1,CC#N,430.2197802
4939,CCOC(=O)c1cccc(N(C)C)c1,CCCCCC,370.6043956
4940,CCOC(=O)c1cccc(N)c1,CC#N,395.3883495
4941,CCOC(=O)c1cccc(N)c1,CCCCCC,351.4563107
7620,COCCOc1ccc(OCCOC)c(C=O)c1,CO,467.0
7622,COCCOc1ccc(OCCOC)c(C=O)c1,O,483.0
15321,c1ccccc1,C1CCCCC1,287.3563218
12844,O=C(O)c1ccccc1O,O,407.0
13449,O=Cc1cc(O)c(C=O)cc1O,C1CCOC1,468.0
13450,O=Cc1cc(O)c(C=O)cc1O,C1COCCO1,468.0
7567,COCCOCCOCCOc1ccc(OCCOCCOCCOC)c(C=O)c1,CC(C)(C)O,444.0
13451,O=Cc1cc(O)c(C=O)cc1O,CC#N,474.0
13452,O=Cc1cc(O)c(C=O)cc1O,CC(C)=O,470.0
13453,O=Cc1cc(O)c(C=O)cc1O,CCCO,491.0
13454,O=Cc1cc(O)c(C=O)cc1O,CCO,491.0
7568,COCCOCCOCCOc1ccc(OCCOCCOCCOC)c(C=O)c1,CC(C)CO,453.0
13455,O=Cc1cc(O)c(C=O)cc1O,CN(C)C=O,492.0
13456,O=Cc1cc(O)c(C=O)cc1O,CN(C)P(=O)(N(C)C)N(C)C,493.0
13457,O=Cc1cc(O)c(C=O)cc1O,CNC=O,479.0
13458,O=Cc1cc(O)c(C=O)cc1O,CO,492.0
13459,O=Cc1cc(O)c(C=O)cc1O,CS(C)=O,495.0
13460,O=Cc1cc(O)c(C=O)cc1O,NC=O,490.0
13461,O=Cc1cc(O)ccc1O,CC(C)=O,423.0
13462,O=Cc1cc(O)ccc1O,CCCO,484.0
13463,O=Cc1cc(O)ccc1O,CCO,487.0
13464,O=Cc1cc(O)ccc1O,CN(C)C=O,440.0
13465,O=Cc1cc(O)ccc1O,CN(C)P(=O)(N(C)C)N(C)C,438.0
13466,O=Cc1cc(O)ccc1O,CNC=O,479.0
13467,O=Cc1cc(O)ccc1O,CS(C)=O,446.0
9369,COc1ccccc1,C1CCCCC1,295.6830278
13468,O=Cc1cc(O)ccc1O,NC=O,490.0
7336,COC(=O)c1cc(OC)ccc1OC,CO,391.0
7347,COC(=O)c1ccc(/C=C/C(F)(F)F)c(N)c1,C1CCOC1,447.0
7582,COCCOCCOc1cc(C=O)c(OCCOCCOC)cc1C=O,CCCCO,467.0
7583,COCCOCCOc1cc(C=O)c(OCCOCCOC)cc1C=O,CCCO,464.0
7584,COCCOCCOc1cc(C=O)c(OCCOCCOC)cc1C=O,CCO,464.0
7585,COCCOCCOc1cc(C=O)c(OCCOCCOC)cc1C=O,CN(C)C=O,466.0
5546,CN(C)c1cc(C#N)c(N(C)C)c(C#N)c1,C1CCCCC1,495.7858205
7586,COCCOCCOc1cc(C=O)c(OCCOCCOC)cc1C=O,CNC=O,450.0
5547,CN(C)c1cc(C#N)c(N(C)C)c(C#N)c1,C1CCOC1,518.134715
7587,COCCOCCOc1cc(C=O)c(OCCOCCOC)cc1C=O,CO,466.0
5548,CN(C)c1cc(C#N)c(N(C)C)c(C#N)c1,C1COCCO1,521.648409
7588,COCCOCCOc1cc(C=O)c(OCCOCCOC)cc1C=O,NC=O,458.0
5549,CN(C)c1cc(C#N)c(N(C)C)c(C#N)c1,CC#N,529.9417064
7589,COCCOCCOc1cc(C=O)c(OCCOCCOC)cc1C=O,O,496.0
5550,CN(C)c1cc(C#N)c(N(C)C)c(C#N)c1,CC(C)=O,524.9343832
5551,CN(C)c1cc(C#N)c(N(C)C)c(C#N)c1,CC(C)OC(C)C,503.0181087
5552,CN(C)c1cc(C#N)c(N(C)C)c(C#N)c1,CC1COC(=O)O1,532.4813632
5553,CN(C)c1cc(C#N)c(N(C)C)c(C#N)c1,CCC#N,525.7623554
5554,CN(C)c1cc(C#N)c(N(C)C)c(C#N)c1,CCC(C)C,493.5834156
5555,CN(C)c1cc(C#N)c(N(C)C)c(C#N)c1,CCCCCC,493.8271605
5556,CN(C)c1cc(C#N)c(N(C)C)c(C#N)c1,CCCCCCCCO,523.2862376
5557,CN(C)c1cc(C#N)c(N(C)C)c(C#N)c1,CCCCCOCCCCC,505.8168943
5558,CN(C)c1cc(C#N)c(N(C)C)c(C#N)c1,CCCCOC(C)=O,516.7958656
5560,CN(C)c1cc(C#N)c(N(C)C)c(C#N)c1,CCCOCCC,507.6142132
3379,CCCCCCOc1cc(C=C(C#N)C#N)c(OCCCCCC)cc1C=C(C#N)C#N,ClCCl,564.0
3382,CCCCCCOc1cc(C=O)c(OCCCCCC)cc1C=O,ClCCl,467.0
9569,C[Si](C)(C)C#CC(C#C[Si](C)(C)C)=Cc1ccc(C=C(C#C[Si](C)(C)C)C#C[Si](C)(C)C)cc1,ClC(Cl)Cl,426.0
7531,COCCOCCOCCOCCOc1cc(C=O)c(OCCOCCOCCOCCOC)cc1C=O,CC(C)(C)O,479.0
7532,COCCOCCOCCOCCOc1cc(C=O)c(OCCOCCOCCOCCOC)cc1C=O,CC(C)CO,480.0
7533,COCCOCCOCCOCCOc1cc(C=O)c(OCCOCCOCCOCCOC)cc1C=O,CC(C)O,481.0
7534,COCCOCCOCCOCCOc1cc(C=O)c(OCCOCCOCCOCCOC)cc1C=O,CCCCO,479.0
7535,COCCOCCOCCOCCOc1cc(C=O)c(OCCOCCOCCOCCOC)cc1C=O,CCCO,472.0
7536,COCCOCCOCCOCCOc1cc(C=O)c(OCCOCCOCCOCCOC)cc1C=O,CCO,466.0
7537,COCCOCCOCCOCCOc1cc(C=O)c(OCCOCCOCCOCCOC)cc1C=O,CN(C)C=O,465.0
7538,COCCOCCOCCOCCOc1cc(C=O)c(OCCOCCOCCOCCOC)cc1C=O,CNC=O,451.0
7539,COCCOCCOCCOCCOc1cc(C=O)c(OCCOCCOCCOCCOC)cc1C=O,CO,467.0
7540,COCCOCCOCCOCCOc1cc(C=O)c(OCCOCCOCCOCCOC)cc1C=O,NC=O,456.0
7541,COCCOCCOCCOCCOc1cc(C=O)c(OCCOCCOCCOCCOC)cc1C=O,O,495.0
7542,COCCOCCOCCOCCOc1ccc(OCCOCCOCCOCCOC)c(C=O)c1,CC(C)(C)O,444.0
7543,COCCOCCOCCOCCOc1ccc(OCCOCCOCCOCCOC)c(C=O)c1,CC(C)CO,452.0
7544,COCCOCCOCCOCCOc1ccc(OCCOCCOCCOCCOC)c(C=O)c1,CC(C)O,455.0
7545,COCCOCCOCCOCCOc1ccc(OCCOCCOCCOCCOC)c(C=O)c1,CCCCO,458.0
7546,COCCOCCOCCOCCOc1ccc(OCCOCCOCCOCCOC)c(C=O)c1,CCCO,459.0
7547,COCCOCCOCCOCCOc1ccc(OCCOCCOCCOCCOC)c(C=O)c1,CCO,460.0
7548,COCCOCCOCCOCCOc1ccc(OCCOCCOCCOCCOC)c(C=O)c1,CN(C)C=O,425.0
7549,COCCOCCOCCOCCOc1ccc(OCCOCCOCCOCCOC)c(C=O)c1,CNC=O,458.0
7550,COCCOCCOCCOCCOc1ccc(OCCOCCOCCOCCOC)c(C=O)c1,CO,467.0
7551,COCCOCCOCCOCCOc1ccc(OCCOCCOCCOCCOC)c(C=O)c1,NC=O,464.0
7552,COCCOCCOCCOCCOc1ccc(OCCOCCOCCOCCOC)c(C=O)c1,O,481.0
7553,COCCOCCOCCOc1cc(C=O)c(OCCOCCOCCOC)cc1C=O,CC(C)(C)O,478.0
7554,COCCOCCOCCOc1cc(C=O)c(OCCOCCOCCOC)cc1C=O,CC(C)CO,479.0
7555,COCCOCCOCCOc1cc(C=O)c(OCCOCCOCCOC)cc1C=O,CC(C)O,481.0
7556,COCCOCCOCCOc1cc(C=O)c(OCCOCCOCCOC)cc1C=O,CCCCO,472.0
7557,COCCOCCOCCOc1cc(C=O)c(OCCOCCOCCOC)cc1C=O,CCCO,471.0
7558,COCCOCCOCCOc1cc(C=O)c(OCCOCCOCCOC)cc1C=O,CCO,465.0
7559,COCCOCCOCCOc1cc(C=O)c(OCCOCCOCCOC)cc1C=O,CN(C)C=O,464.0
7560,COCCOCCOCCOc1cc(C=O)c(OCCOCCOCCOC)cc1C=O,CNC=O,450.0
7561,COCCOCCOCCOc1cc(C=O)c(OCCOCCOCCOC)cc1C=O,CO,467.0
7562,COCCOCCOCCOc1cc(C=O)c(OCCOCCOCCOC)cc1C=O,NC=O,458.0
7563,COCCOCCOCCOc1cc(C=O)c(OCCOCCOCCOC)cc1C=O,O,495.0
5510,CN(C)CCNc1ccc([N+](=O)[O-])cc1[N+](=O)[O-],C1CCCCC1,368.0
5511,CN(C)CCNc1ccc([N+](=O)[O-])cc1[N+](=O)[O-],C1CCOC1,389.0
5512,CN(C)CCNc1ccc([N+](=O)[O-])cc1[N+](=O)[O-],C1COCCO1,385.0
5513,CN(C)CCNc1ccc([N+](=O)[O-])cc1[N+](=O)[O-],CC#N,399.0
5514,CN(C)CCNc1ccc([N+](=O)[O-])cc1[N+](=O)[O-],CC(C)=O,401.0
5515,CN(C)CCNc1ccc([N+](=O)[O-])cc1[N+](=O)[O-],CCCCCC,363.0
5516,CN(C)CCNc1ccc([N+](=O)[O-])cc1[N+](=O)[O-],CCO,394.0
5517,CN(C)CCNc1ccc([N+](=O)[O-])cc1[N+](=O)[O-],CCOC(C)=O,384.0
5518,CN(C)CCNc1ccc([N+](=O)[O-])cc1[N+](=O)[O-],CN(C)C=O,406.0
5519,CN(C)CCNc1ccc([N+](=O)[O-])cc1[N+](=O)[O-],CO,389.0
5520,CN(C)CCNc1ccc([N+](=O)[O-])cc1[N+](=O)[O-],CS(C)=O,417.0
5521,CN(C)CCNc1ccc([N+](=O)[O-])cc1[N+](=O)[O-],Cc1ccccc1,385.0
5522,CN(C)CCNc1ccc([N+](=O)[O-])cc1[N+](=O)[O-],ClC(Cl)Cl,389.0
5523,CN(C)CCNc1ccc([N+](=O)[O-])cc1[N+](=O)[O-],ClCCl,393.0
7569,COCCOCCOCCOc1ccc(OCCOCCOCCOC)c(C=O)c1,CC(C)O,455.0
7570,COCCOCCOCCOc1ccc(OCCOCCOCCOC)c(C=O)c1,CCCCO,458.0
7571,COCCOCCOCCOc1ccc(OCCOCCOCCOC)c(C=O)c1,CCCO,459.0
7572,COCCOCCOCCOc1ccc(OCCOCCOCCOC)c(C=O)c1,CCO,462.0
7573,COCCOCCOCCOc1ccc(OCCOCCOCCOC)c(C=O)c1,CN(C)C=O,423.0
7574,COCCOCCOCCOc1ccc(OCCOCCOCCOC)c(C=O)c1,CNC=O,458.0
7575,COCCOCCOCCOc1ccc(OCCOCCOCCOC)c(C=O)c1,CO,468.0
7576,COCCOCCOCCOc1ccc(OCCOCCOCCOC)c(C=O)c1,NC=O,463.0
7577,COCCOCCOCCOc1ccc(OCCOCCOCCOC)c(C=O)c1,O,485.0
7579,COCCOCCOc1cc(C=O)c(OCCOCCOC)cc1C=O,CC(C)(C)O,478.0
7580,COCCOCCOc1cc(C=O)c(OCCOCCOC)cc1C=O,CC(C)CO,481.0
7581,COCCOCCOc1cc(C=O)c(OCCOCCOC)cc1C=O,CC(C)O,481.0
7590,COCCOCCOc1ccc(OCCOCCOC)c(C=O)c1,CC(C)(C)O,444.0
7591,COCCOCCOc1ccc(OCCOCCOC)c(C=O)c1,CC(C)CO,453.0
7592,COCCOCCOc1ccc(OCCOCCOC)c(C=O)c1,CC(C)O,454.0
7593,COCCOCCOc1ccc(OCCOCCOC)c(C=O)c1,CCCCO,456.0
7594,COCCOCCOc1ccc(OCCOCCOC)c(C=O)c1,CCCO,460.0
7595,COCCOCCOc1ccc(OCCOCCOC)c(C=O)c1,CCO,461.0
7596,COCCOCCOc1ccc(OCCOCCOC)c(C=O)c1,CN(C)C=O,424.0
7597,COCCOCCOc1ccc(OCCOCCOC)c(C=O)c1,CNC=O,458.0
7598,COCCOCCOc1ccc(OCCOCCOC)c(C=O)c1,CO,468.0
7599,COCCOCCOc1ccc(OCCOCCOC)c(C=O)c1,NC=O,463.0
7600,COCCOCCOc1ccc(OCCOCCOC)c(C=O)c1,O,485.0
7601,COCCOc1cc(C=O)c(OCCOC)cc1C=O,CC(C)(C)O,478.0
7602,COCCOc1cc(C=O)c(OCCOC)cc1C=O,CC(C)CO,479.0
7603,COCCOc1cc(C=O)c(OCCOC)cc1C=O,CC(C)O,479.0
7604,COCCOc1cc(C=O)c(OCCOC)cc1C=O,CCCCO,462.0
7605,COCCOc1cc(C=O)c(OCCOC)cc1C=O,CCCO,463.0
7606,COCCOc1cc(C=O)c(OCCOC)cc1C=O,CCO,464.0
7607,COCCOc1cc(C=O)c(OCCOC)cc1C=O,CN(C)C=O,465.0
7608,COCCOc1cc(C=O)c(OCCOC)cc1C=O,CNC=O,450.0
7609,COCCOc1cc(C=O)c(OCCOC)cc1C=O,CO,466.0
7610,COCCOc1cc(C=O)c(OCCOC)cc1C=O,NC=O,456.0
7611,COCCOc1cc(C=O)c(OCCOC)cc1C=O,O,495.0
7612,COCCOc1ccc(OCCOC)c(C=O)c1,CC(C)(C)O,441.0
7613,COCCOc1ccc(OCCOC)c(C=O)c1,CC(C)CO,451.0
7614,COCCOc1ccc(OCCOC)c(C=O)c1,CC(C)O,453.0
7615,COCCOc1ccc(OCCOC)c(C=O)c1,CCCCO,457.0
7616,COCCOc1ccc(OCCOC)c(C=O)c1,CCCO,458.0
7617,COCCOc1ccc(OCCOC)c(C=O)c1,CCO,462.0
7618,COCCOc1ccc(OCCOC)c(C=O)c1,CN(C)C=O,425.0
7619,COCCOc1ccc(OCCOC)c(C=O)c1,CNC=O,459.0
5559,CN(C)c1cc(C#N)c(N(C)C)c(C#N)c1,CCCCOCCCC,502.2601708
7621,COCCOc1ccc(OCCOC)c(C=O)c1,NC=O,464.0
5561,CN(C)c1cc(C#N)c(N(C)C)c(C#N)c1,CCO,528.262018
5562,CN(C)c1cc(C#N)c(N(C)C)c(C#N)c1,CCOC(C)=O,519.2107996
5563,CN(C)c1cc(C#N)c(N(C)C)c(C#N)c1,CCOCC,507.3566717
5564,CN(C)c1cc(C#N)c(N(C)C)c(C#N)c1,CN(C)C=O,533.9028297
5565,CN(C)c1cc(C#N)c(N(C)C)c(C#N)c1,CO,530.5039788
5566,CN(C)c1cc(C#N)c(N(C)C)c(C#N)c1,CS(C)=O,538.2131324
5567,CN(C)c1cc(C#N)c(N(C)C)c(C#N)c1,Cc1ccccc1,516.7958656
5568,CN(C)c1cc(C#N)c(N(C)C)c(C#N)c1,ClCCCl,523.5602094
5569,CN(C)c1cc(C#N)c(N(C)C)c(C#N)c1,ClCCl,522.7391532
5570,CN(C)c1cc(C#N)c(N(C)C)c(C#N)c1,N#Cc1ccccc1,529.1005291
5571,CN(C)c1cc(C#N)c(N(C)C)c(C#N)c1,O,555.247085
5572,CN(C)c1cc(C#N)c(N(C)C)c(C#N)c1,OCC(O)CO,547.3453749
5573,CN(C)c1cc(C#N)c(N(C)C)c(C#N)c1,c1ccccc1,519.4805195
7731,COc1cc(/C=C/C(=O)O)ccc1O,O,413.0
7742,COc1cc(/C=C/CO)ccc1O,O,338.0
5738,CN(C)c1ccc(/C=C/C(=O)O)cc1,C1CCCCC1,399.0
5739,CN(C)c1ccc(/C=C/C(=O)O)cc1,C1CCOC1,418.0
5740,CN(C)c1ccc(/C=C/C(=O)O)cc1,C1COCCO1,414.0
5741,CN(C)c1ccc(/C=C/C(=O)O)cc1,CC#N,445.0
5742,CN(C)c1ccc(/C=C/C(=O)O)cc1,CCCCO,439.0
5743,CN(C)c1ccc(/C=C/C(=O)O)cc1,CCCO,441.0
5744,CN(C)c1ccc(/C=C/C(=O)O)cc1,CCOC(C)=O,421.0
5745,CN(C)c1ccc(/C=C/C(=O)O)cc1,CO,453.0
5746,CN(C)c1ccc(/C=C/C(=O)O)cc1,Cc1ccccc1,413.0
5747,CN(C)c1ccc(/C=C/C(=O)O)cc1,O,453.0
5748,CN(C)c1ccc(/C=C/C(=O)O)cc1,c1ccccc1,416.0
7805,COc1cc(C(=O)O)cc(OC)c1O,O,333.0
7806,COc1cc(C(=O)O)ccc1O,C1CCCCC1,320.0
7807,COc1cc(C(=O)O)ccc1O,C1COCCO1,330.0
7808,COc1cc(C(=O)O)ccc1O,CC#N,330.0
7809,COc1cc(C(=O)O)ccc1O,CC(C)(C)O,340.0
7810,COc1cc(C(=O)O)ccc1O,CC(C)CO,340.0
7811,COc1cc(C(=O)O)ccc1O,CC(C)O,340.0
7812,COc1cc(C(=O)O)ccc1O,CCOC(C)=O,330.0
7813,COc1cc(C(=O)O)ccc1O,CO,340.0
12051,N#Cc1cc(N)cc(C#N)c1,CC#N,392.0
12052,N#Cc1cc(N)cc(C#N)c1,CCCCCCC,360.0
12053,N#Cc1cc(N)cc(C#N)c1,CCO,402.0
12054,N#Cc1cc(N)cc(C#N)c1,O,408.0
6885,CNc1ccc(/C=C/C#N)cc1,CO,423.0
6886,CNc1ccc(/C=C/C#N)cc1,ClC(Cl)Cl,404.0
6887,CNc1ccc(/C=C/C#N)cc1,O,445.0
10037,Cc1cc(C)cc(C)c1,C1CCCCC1,294.7244327
12183,N#Cc1ccc(C#N)c(N)c1,CC#N,401.0
12184,N#Cc1ccc(C#N)c(N)c1,CCCCCCC,374.0
12185,N#Cc1ccc(C#N)c(N)c1,CCO,412.0
12186,N#Cc1ccc(C#N)c(N)c1,O,418.0
12192,N#Cc1ccc(C[C@H](N)C(=O)O)cc1,C1CCOC1,292.4406061
12193,N#Cc1ccc(C[C@H](N)C(=O)O)cc1,CCO,292.9917622
12194,N#Cc1ccc(C[C@H](N)C(=O)O)cc1,CO,292.4406061
12195,N#Cc1ccc(C[C@H](N)C(=O)O)cc1,O,293.5429182
12196,N#Cc1ccc(C[C@H](N)C(=O)O)cc1,O=CO,294.1629687
12203,N#Cc1ccc(N)c(/C=C/C(F)(F)F)c1,C1CCOC1,409.0
12204,N#Cc1ccc(N)c(C#N)c1,CC#N,367.0
12205,N#Cc1ccc(N)c(C#N)c1,CCCCCCC,350.0
12206,N#Cc1ccc(N)c(C#N)c1,CCO,389.0
12207,N#Cc1ccc(N)c(C#N)c1,O,377.0
12215,N#Cc1ccc(N)cc1,C1CCCCC1,323.0
12216,N#Cc1ccc(N)cc1,CC#N,334.2057212
12217,N#Cc1ccc(N)cc1,CCCCCC,318.8679245
12218,N#Cc1ccc(N)cc1,CCO,341.0
12219,N#Cc1ccc(N)cc1,O,344.0
12220,N#Cc1ccc(N)cc1,OCC(F)(F)F,335.0
12221,N#Cc1ccc(N)cc1C#N,CC#N,384.0
12222,N#Cc1ccc(N)cc1C#N,CCCCCCC,353.0
12223,N#Cc1ccc(N)cc1C#N,CCO,394.0
12224,N#Cc1ccc(N)cc1C#N,O,401.0
14281,Oc1ccccc1,C1CCCCC1,294.9852507
12265,N#Cc1cccc(C#N)c1N,CC#N,382.0
12266,N#Cc1cccc(C#N)c1N,CCCCCCC,365.0
12267,N#Cc1cccc(C#N)c1N,CCO,391.0
12268,N#Cc1cccc(C#N)c1N,O,394.0
12269,N#Cc1cccc(N)c1,C1CCCCC1,343.0
12270,N#Cc1cccc(N)c1,CC#N,369.4461351
12271,N#Cc1cccc(N)c1,CCCCCC,339.8660986
12272,N#Cc1cccc(N)c1,CCO,384.0
12273,N#Cc1cccc(N)c1,O,392.0
12274,N#Cc1cccc(N)c1,OCC(F)(F)F,380.0
12275,N#Cc1cccc(N)c1C#N,CC#N,404.0
12276,N#Cc1cccc(N)c1C#N,CCCCCCC,374.0
12277,N#Cc1cccc(N)c1C#N,CCO,414.0
12278,N#Cc1cccc(N)c1C#N,O,419.0
12299,N#Cc1ccccc1N,C1CCCCC1,348.0
12300,N#Cc1ccccc1N,CC#N,368.0
12301,N#Cc1ccccc1N,CCO,377.0
4100,CCN(CC)c1ccc(OC)c(C=O)c1,CC#N,548.0
4101,CCN(CC)c1ccc(OC)c(C=O)c1,CC(C)O,600.0
4102,CCN(CC)c1ccc(OC)c(C=O)c1,CCCCCC,470.0
4103,CCN(CC)c1ccc(OC)c(C=O)c1,CCOC(C)=O,518.0
4104,CCN(CC)c1ccc(OC)c(C=O)c1,CO,645.0
11743,N#CC(C#N)=C(/C=C/c1ccc(N(c2ccccc2)c2ccccc2)cc1)c1ccccc1,C1COCCO1,610.0
11744,N#CC(C#N)=C(/C=C/c1ccc(N(c2ccccc2)c2ccccc2)cc1)c1ccccc1,CC#N,659.0
11745,N#CC(C#N)=C(/C=C/c1ccc(N(c2ccccc2)c2ccccc2)cc1)c1ccccc1,CC(C)=O,652.0
11746,N#CC(C#N)=C(/C=C/c1ccc(N(c2ccccc2)c2ccccc2)cc1)c1ccccc1,CCO,630.0
11747,N#CC(C#N)=C(/C=C/c1ccc(N(c2ccccc2)c2ccccc2)cc1)c1ccccc1,CCOC(C)=O,620.0
11748,N#CC(C#N)=C(/C=C/c1ccc(N(c2ccccc2)c2ccccc2)cc1)c1ccccc1,CN(C)C=O,654.0
11749,N#CC(C#N)=C(/C=C/c1ccc(N(c2ccccc2)c2ccccc2)cc1)c1ccccc1,CO,631.0
11750,N#CC(C#N)=C(/C=C/c1ccc(N(c2ccccc2)c2ccccc2)cc1)c1ccccc1,Cc1ccccc1,574.0
11751,N#CC(C#N)=C(/C=C/c1ccc(N(c2ccccc2)c2ccccc2)cc1)c1ccccc1,ClC(Cl)Cl,619.0
11752,N#CC(C#N)=C(/C=C/c1ccc(N(c2ccccc2)c2ccccc2)cc1)c1ccccc1,ClCCl,599.0
13782,O=[N+]([O-])c1ccc(/C=C/C=C/c2ccc3ncnc(Nc4ccccc4)c3c2)cc1,ClC(Cl)Cl,561.0
164,C(/C=C/c1ccc2ncnc(Nc3ccccc3)c2c1)=C\c1ccccc1,ClC(Cl)Cl,422.0
12152,N#Cc1ccc(/C=C/C=C/c2ccc3ncnc(Nc4ccccc4)c3c2)cc1,ClC(Cl)Cl,445.0
8507,COc1ccc(/C=C/C=C/c2ccc3ncnc(Nc4ccccc4)c3c2)cc1,ClC(Cl)Cl,443.0
5796,CN(C)c1ccc(/C=C/C=C/c2ccc3ncnc(Nc4ccccc4)c3c2)cc1,ClC(Cl)Cl,510.0
5281,CCn1c2ccc(/C=C/c3ccc4c(c3)c3cc(-c5nc6ccccc6s5)ccc3n4CC)cc2c2cc(-c3nc4ccccc4s3)ccc21,C1CCOC1,408.0
5282,CCn1c2ccc(/C=C/c3ccc4c(c3)c3cc(-c5nc6ccccc6s5)ccc3n4CC)cc2c2cc(-c3nc4ccccc4s3)ccc21,CC#N,491.0
5283,CCn1c2ccc(/C=C/c3ccc4c(c3)c3cc(-c5nc6ccccc6s5)ccc3n4CC)cc2c2cc(-c3nc4ccccc4s3)ccc21,CCOC(C)=O,412.0
5284,CCn1c2ccc(/C=C/c3ccc4c(c3)c3cc(-c5nc6ccccc6s5)ccc3n4CC)cc2c2cc(-c3nc4ccccc4s3)ccc21,CN(C)C=O,449.0
5285,CCn1c2ccc(/C=C/c3ccc4c(c3)c3cc(-c5nc6ccccc6s5)ccc3n4CC)cc2c2cc(-c3nc4ccccc4s3)ccc21,ClCCl,442.0
128,C(#Cc1ccccc1)C1=Cc2ccc3ccccc3c2NB1c1ccccc1,C1CCCCC1,416.0
2836,CCCCC(CC)Cn1c2cc(C#N)ccc2c2ccc(C#Cc3ccc4ccc5ccc(C#Cc6ccc7c8ccc(C#N)cc8n(CC(CC)CCCC)c7c6)c6ccc3c4c56)cc21,ClCCl,458.0
10709,Cc1ccc(Sc2ccc3ccc4cccc5ccc2c3c45)cc1,ClCCl,415.0
15209,c1ccc2c(c1)c1ccccc1c1[nH]c(-c3ccc(-c4nc5c6ccccc6c6ccccc6c5[nH]4)cc3)nc21,C1CCOC1,456.0
15210,c1ccc2c(c1)c1ccccc1c1[nH]c(-c3ccc(-c4nc5c6ccccc6c6ccccc6c5[nH]4)cc3)nc21,CC#N,462.0
15211,c1ccc2c(c1)c1ccccc1c1[nH]c(-c3ccc(-c4nc5c6ccccc6c6ccccc6c5[nH]4)cc3)nc21,CCO,461.0
15212,c1ccc2c(c1)c1ccccc1c1[nH]c(-c3ccc(-c4nc5c6ccccc6c6ccccc6c5[nH]4)cc3)nc21,CS(C)=O,430.0
15213,c1ccc2c(c1)c1ccccc1c1[nH]c(-c3ccc(-c4nc5c6ccccc6c6ccccc6c5[nH]4)cc3)nc21,ClCCl,465.0
2372,CCC(C)(C)c1ccc(-c2ccc3c(c2)C(CCOC)(CCOC)c2cc4c(cc2-3)C(CCOC)(CCOC)c2cc(-c3ccc(C(C)(C)CC)cc3)ccc2-4)cc1,C1CCCCC1,390.0
1537,CC1(C)C(/C=C/C2=C(c3ccc(C(=O)O)cc3)/C(=C/C=C3/N(CCCS(=O)(=O)[O-])c4ccc5ccccc5c4C3(C)C)CCC2)=[N+](CCCS(=O)(=O)[O-])c2ccc3ccccc3c21,CO,811.0
1535,CC1(C)C(/C=C/C2=C(c3ccc(C(=O)O)cc3)/C(=C/C=C3/N(CCCCS(=O)(=O)[O-])c4ccc5ccccc5c4C3(C)C)CCC2)=[N+](CCCCS(=O)(=O)[O-])c2ccc3ccccc3c21,CO,811.0
12908,O=C(c1ccc(N2c3ccccc3[Si](c3ccccc3)(c3ccccc3)c3ccccc32)cc1)c1ccc(N2c3ccccc3[Si](c3ccccc3)(c3ccccc3)c3ccccc32)cc1,CC(C)=O,545.2238806
12909,O=C(c1ccc(N2c3ccccc3[Si](c3ccccc3)(c3ccccc3)c3ccccc32)cc1)c1ccc(N2c3ccccc3[Si](c3ccccc3)(c3ccccc3)c3ccccc32)cc1,CN(C)C=O,560.5970149
12910,O=C(c1ccc(N2c3ccccc3[Si](c3ccccc3)(c3ccccc3)c3ccccc32)cc1)c1ccc(N2c3ccccc3[Si](c3ccccc3)(c3ccccc3)c3ccccc32)cc1,Cc1ccccc1,469.1044776
12911,O=C(c1ccc(N2c3ccccc3[Si](c3ccccc3)(c3ccccc3)c3ccccc32)cc1)c1ccc(N2c3ccccc3[Si](c3ccccc3)(c3ccccc3)c3ccccc32)cc1,ClC(Cl)Cl,534.1791045
12912,O=C(c1ccc(N2c3ccccc3[Si](c3ccccc3)(c3ccccc3)c3ccccc32)cc1)c1ccc(N2c3ccccc3[Si](c3ccccc3)(c3ccccc3)c3ccccc32)cc1,c1cc(-n2c3ccccc3c3ccccc32)cc(-n2c3ccccc3c3ccccc32)c1,469.0
5057,CC[N+](CC)=c1ccc2cc3c(=O)oc4cc5c(cc4c3oc-2c1)CCCN5C,O,658.0
5056,CC[N+](CC)=c1ccc2cc3c(=O)oc4cc5c(cc4c3oc-2c1)CCCN5C,ClCCl,648.0
13363,O=C1c2ccccc2C2=Nc3cccc[n+]3[B-](F)(F)N12,ClCCl,413.0
841,CC(C)(C)NC(=O)c1ccc2ccc3cccc4c3c2c1c1c2ccccc2c2ccccc2c41,ClCCl,425.0
10703,Cc1ccc(S(=O)(=O)/N=c2\oc3cccc4c5c(-c6ccccc6)oc6cccc(c(c2-c2ccccc2)c34)c65)cc1,ClC(Cl)Cl,560.0
3478,CCCCCCn1c(=O)c2c3oc4ccccc4oc3c3c(=O)n(CCCCCC)c(=O)c3c2c1=O,ClCCl,487.0
9527,C[C@]12C(=O)NC(=O)N([C@H]3CC(O)[C@@H](CO)O3)[C@H]1[C@H]1Oc3cc4oc(=O)ccc4cc3[C@H]12,CC(C)O,428.0
9528,C[C@]12C(=O)NC(=O)N([C@H]3CC(O)[C@@H](CO)O3)[C@H]1[C@H]1Oc3cc4oc(=O)ccc4cc3[C@H]12,CCO,432.0
9529,C[C@]12C(=O)NC(=O)N([C@H]3CC(O)[C@@H](CO)O3)[C@H]1[C@H]1Oc3cc4oc(=O)ccc4cc3[C@H]12,CCOCC,410.0
9530,C[C@]12C(=O)NC(=O)N([C@H]3CC(O)[C@@H](CO)O3)[C@H]1[C@H]1Oc3cc4oc(=O)ccc4cc3[C@H]12,CO,446.0
9531,C[C@]12C(=O)NC(=O)N([C@H]3CC(O)[C@@H](CO)O3)[C@H]1[C@H]1Oc3cc4oc(=O)ccc4cc3[C@H]12,O,465.0
14632,c1ccc(-c2ccnc(-c3ccccc3)n2)cc1,ClC(Cl)Cl,311.0
509,C1=Cc2ccc3ccccc3c2NB1c1ccccc1,C1CCCCC1,383.0
11129,Cn1c(=O)c(-c2ccccc2)nc2ccccc21,c1ccccc1,424.0
13624,O=P1(c2ccccc2)c2ccccc2-n2cccc21,ClCCl,378.0
384,C(=C/c1ncnc2ccccc12)\c1ccc(-c2ccc(N(c3ccccc3)c3ccccc3)cc2)cc1,CC#N,642.0
385,C(=C/c1ncnc2ccccc12)\c1ccc(-c2ccc(N(c3ccccc3)c3ccccc3)cc2)cc1,CS(C)=O,641.0
386,C(=C/c1ncnc2ccccc12)\c1ccc(-c2ccc(N(c3ccccc3)c3ccccc3)cc2)cc1,ClCCl,610.0
382,C(=C/c1ncnc2ccccc12)\c1ccc(-c2ccc(N(c3ccccc3)c3ccccc3)cc2)cc1,C1CCCCC1,461.0
383,C(=C/c1ncnc2ccccc12)\c1ccc(-c2ccc(N(c3ccccc3)c3ccccc3)cc2)cc1,C1CCOC1,572.0
7137,COC(=O)C(Cc1ccc2oc(-c3ccc4c(c3)c3ccccc3n4-c3ccccc3)nc2c1)NC(=O)OC(C)(C)C,C1CCCCC1,373.9715782
7138,COC(=O)C(Cc1ccc2oc(-c3ccc4c(c3)c3ccccc3n4-c3ccccc3)nc2c1)NC(=O)OC(C)(C)C,C1CCOC1,380.503025
7139,COC(=O)C(Cc1ccc2oc(-c3ccc4c(c3)c3ccccc3n4-c3ccccc3)nc2c1)NC(=O)OC(C)(C)C,C1COCCO1,379.5066414
7140,COC(=O)C(Cc1ccc2oc(-c3ccc4c(c3)c3ccccc3n4-c3ccccc3)nc2c1)NC(=O)OC(C)(C)C,CC#N,382.0001528
7141,COC(=O)C(Cc1ccc2oc(-c3ccc4c(c3)c3ccccc3n4-c3ccccc3)nc2c1)NC(=O)OC(C)(C)C,CC(C)=O,379.0032215
7142,COC(=O)C(Cc1ccc2oc(-c3ccc4c(c3)c3ccccc3n4-c3ccccc3)nc2c1)NC(=O)OC(C)(C)C,CC(C)CC(C)(C)C,372.9951511
7143,COC(=O)C(Cc1ccc2oc(-c3ccc4c(c3)c3ccccc3n4-c3ccccc3)nc2c1)NC(=O)OC(C)(C)C,CC(C)CO,385.000385
7144,COC(=O)C(Cc1ccc2oc(-c3ccc4c(c3)c3ccccc3n4-c3ccccc3)nc2c1)NC(=O)OC(C)(C)C,CC(C)O,384.4970778
7145,COC(=O)C(Cc1ccc2oc(-c3ccc4c(c3)c3ccccc3n4-c3ccccc3)nc2c1)NC(=O)OC(C)(C)C,CC(C)OC(C)C,384.4970778
7146,COC(=O)C(Cc1ccc2oc(-c3ccc4c(c3)c3ccccc3n4-c3ccccc3)nc2c1)NC(=O)OC(C)(C)C,CC(O)CO,396.4949843
7147,COC(=O)C(Cc1ccc2oc(-c3ccc4c(c3)c3ccccc3n4-c3ccccc3)nc2c1)NC(=O)OC(C)(C)C,CC1CCCO1,379.0032215
7148,COC(=O)C(Cc1ccc2oc(-c3ccc4c(c3)c3ccccc3n4-c3ccccc3)nc2c1)NC(=O)OC(C)(C)C,CC1COC(=O)O1,377.8004458
7149,COC(=O)C(Cc1ccc2oc(-c3ccc4c(c3)c3ccccc3n4-c3ccccc3)nc2c1)NC(=O)OC(C)(C)C,CCC(C)CC,372.4949713
7150,COC(=O)C(Cc1ccc2oc(-c3ccc4c(c3)c3ccccc3n4-c3ccccc3)nc2c1)NC(=O)OC(C)(C)C,CCCCC,372.4949713
7151,COC(=O)C(Cc1ccc2oc(-c3ccc4c(c3)c3ccccc3n4-c3ccccc3)nc2c1)NC(=O)OC(C)(C)C,CCCCCC,372.9951511
7152,COC(=O)C(Cc1ccc2oc(-c3ccc4c(c3)c3ccccc3n4-c3ccccc3)nc2c1)NC(=O)OC(C)(C)C,CCCCCCCCC,374.5037825
7153,COC(=O)C(Cc1ccc2oc(-c3ccc4c(c3)c3ccccc3n4-c3ccccc3)nc2c1)NC(=O)OC(C)(C)C,CCCCCCCCCC,373.9995512
7154,COC(=O)C(Cc1ccc2oc(-c3ccc4c(c3)c3ccccc3n4-c3ccccc3)nc2c1)NC(=O)OC(C)(C)C,CCCCCCCO,382.9950211
7155,COC(=O)C(Cc1ccc2oc(-c3ccc4c(c3)c3ccccc3n4-c3ccccc3)nc2c1)NC(=O)OC(C)(C)C,CCCCCCO,385.9960628
7156,COC(=O)C(Cc1ccc2oc(-c3ccc4c(c3)c3ccccc3n4-c3ccccc3)nc2c1)NC(=O)OC(C)(C)C,CCCCCO,380.9959233
7157,COC(=O)C(Cc1ccc2oc(-c3ccc4c(c3)c3ccccc3n4-c3ccccc3)nc2c1)NC(=O)OC(C)(C)C,CCCCO,385.5050116
7158,COC(=O)C(Cc1ccc2oc(-c3ccc4c(c3)c3ccccc3n4-c3ccccc3)nc2c1)NC(=O)OC(C)(C)C,CCO,390.00039
7159,COC(=O)C(Cc1ccc2oc(-c3ccc4c(c3)c3ccccc3n4-c3ccccc3)nc2c1)NC(=O)OC(C)(C)C,CCOC(C)=O,378.5011355
7160,COC(=O)C(Cc1ccc2oc(-c3ccc4c(c3)c3ccccc3n4-c3ccccc3)nc2c1)NC(=O)OC(C)(C)C,CCOCC,376.5060241
7161,COC(=O)C(Cc1ccc2oc(-c3ccc4c(c3)c3ccccc3n4-c3ccccc3)nc2c1)NC(=O)OC(C)(C)C,CN(C)C=O,384.4970778
7162,COC(=O)C(Cc1ccc2oc(-c3ccc4c(c3)c3ccccc3n4-c3ccccc3)nc2c1)NC(=O)OC(C)(C)C,CO,392.8501277
7163,COC(=O)C(Cc1ccc2oc(-c3ccc4c(c3)c3ccccc3n4-c3ccccc3)nc2c1)NC(=O)OC(C)(C)C,COCCOC,382.0001528
7164,COC(=O)C(Cc1ccc2oc(-c3ccc4c(c3)c3ccccc3n4-c3ccccc3)nc2c1)NC(=O)OC(C)(C)C,CS(C)=O,388.9991053
7165,COC(=O)C(Cc1ccc2oc(-c3ccc4c(c3)c3ccccc3n4-c3ccccc3)nc2c1)NC(=O)OC(C)(C)C,Cc1ccccc1,379.5066414
7166,COC(=O)C(Cc1ccc2oc(-c3ccc4c(c3)c3ccccc3n4-c3ccccc3)nc2c1)NC(=O)OC(C)(C)C,Cc1ccccc1C,379.5066414
7167,COC(=O)C(Cc1ccc2oc(-c3ccc4c(c3)c3ccccc3n4-c3ccccc3)nc2c1)NC(=O)OC(C)(C)C,ClC(Cl)Cl,384.4970778
7168,COC(=O)C(Cc1ccc2oc(-c3ccc4c(c3)c3ccccc3n4-c3ccccc3)nc2c1)NC(=O)OC(C)(C)C,ClCCl,382.0001528
7169,COC(=O)C(Cc1ccc2oc(-c3ccc4c(c3)c3ccccc3n4-c3ccccc3)nc2c1)NC(=O)OC(C)(C)C,NC=O,404.0077569
7170,COC(=O)C(Cc1ccc2oc(-c3ccc4c(c3)c3ccccc3n4-c3ccccc3)nc2c1)NC(=O)OC(C)(C)C,OC1CCCCC1,383.9950849
7171,COC(=O)C(Cc1ccc2oc(-c3ccc4c(c3)c3ccccc3n4-c3ccccc3)nc2c1)NC(=O)OC(C)(C)C,OCCO,396.9986899
7172,COC(=O)C(Cc1ccc2oc(-c3ccc4c(c3)c3ccccc3n4-c3ccccc3)nc2c1)NC(=O)OC(C)(C)C,c1ccccc1,380.503025
12347,N#Cc1nc2c3ccc(-c4ccc(N(c5ccccc5)c5ccccc5)cc4)cc3c3cc(-c4ccc(N(c5ccccc5)c5ccccc5)cc4)ccc3c2nc1C#N,C1COCCO1,633.4177215
12348,N#Cc1nc2c3ccc(-c4ccc(N(c5ccccc5)c5ccccc5)cc4)cc3c3cc(-c4ccc(N(c5ccccc5)c5ccccc5)cc4)ccc3c2nc1C#N,CCCCCC,503.5443038
12349,N#Cc1nc2c3ccc(-c4ccc(N(c5ccccc5)c5ccccc5)cc4)cc3c3cc(-c4ccc(N(c5ccccc5)c5ccccc5)cc4)ccc3c2nc1C#N,Cc1ccccc1,588.0
12350,N#Cc1nc2c3ccc(-c4ccc(N(c5ccccc5)c5ccccc5)cc4)cc3c3cc(-c4ccc(N(c5ccccc5)c5ccccc5)cc4)ccc3c2nc1C#N,ClC(Cl)Cl,721.1392405
12351,N#Cc1nc2c3ccc(-c4ccc(N(c5ccccc5)c5ccccc5)cc4)cc3c3cc(-c4ccc(N(c5ccccc5)c5ccccc5)cc4)ccc3c2nc1C#N,O=P(c1ccccc1)(c1ccccc1)c1cccc(-c2cc(-n3c4ccccc4c4ccccc43)cc(-n3c4ccccc4c4ccccc43)c2)n1,628.0
4531,CCN1c2ccccc2Sc2cc(/C=C(\C#N)c3ccccc3)ccc21,C1CCOC1,569.0
4532,CCN1c2ccccc2Sc2cc(/C=C(\C#N)c3ccccc3)ccc21,CC#N,590.0
4533,CCN1c2ccccc2Sc2cc(/C=C(\C#N)c3ccccc3)ccc21,CC(C)=O,582.0
4534,CCN1c2ccccc2Sc2cc(/C=C(\C#N)c3ccccc3)ccc21,CN(C)C=O,590.0
4535,CCN1c2ccccc2Sc2cc(/C=C(\C#N)c3ccccc3)ccc21,CS(C)=O,598.0
4536,CCN1c2ccccc2Sc2cc(/C=C(\C#N)c3ccccc3)ccc21,Cc1ccccc1,551.0
4537,CCN1c2ccccc2Sc2cc(/C=C(\C#N)c3ccccc3)ccc21,ClCCl,579.0
11611,Fc1ccc(C2=[N+]3C(=Nc4c5ccccc5c(-c5ccc(F)cc5)n4[B-]3(F)F)c3ccccc32)cc1,ClCCl,724.0
6436,CN(C)c1ccc(C2=[N+]3C(=Nc4c5ccccc5c(-c5ccc(N(C)C)cc5)n4[B-]3(F)F)c3ccccc32)cc1,ClCCl,830.0
11428,F[B-]1(F)n2c(c3ccccc3c2-c2ccccc2)N=C2c3ccccc3C(c3ccccc3)=[N+]21,ClCCl,736.0
11827,N#CC1=C(c2ccc(-c3cccs3)s2)CC1,CC#N,451.0
11828,N#CC1=C(c2ccc(-c3cccs3)s2)CC1,CCCCCC,433.0
11829,N#CC1=C(c2ccc(-c3cccs3)s2)CC1,CCO,454.0
11830,N#CC1=C(c2ccc(-c3cccs3)s2)CC1,OCCOCCO,462.0
11831,N#CC1=C(c2ccc(-c3cccs3)s2)CC1,c1ccncc1,456.0
13389,O=CC1=C(c2ccc(-c3cccs3)s2)CC1,C1CCOC1,470.0
13390,O=CC1=C(c2ccc(-c3cccs3)s2)CC1,CC#N,493.0
13391,O=CC1=C(c2ccc(-c3cccs3)s2)CC1,CCCCCC,464.0
13392,O=CC1=C(c2ccc(-c3cccs3)s2)CC1,CCO,516.0
13393,O=CC1=C(c2ccc(-c3cccs3)s2)CC1,OCCOCCO,526.0
13394,O=CC1=C(c2ccc(-c3cccs3)s2)CC1,c1ccncc1,495.0
11826,N#CC1=C(c2ccc(-c3cccs3)s2)CC1,C1CCOC1,447.0
10626,Cc1ccc(N(CC(=O)[O-])CC(=O)[O-])c(OCCOc2cc3cc(-c4ncc(C(=O)[O-])o4)oc3cc2N(CC(=O)[O-])CC(=O)[O-])c1,O,500.0
3373,CCCCCCNC(=O)c1sc(-c2ccc(-c3cc(-c4ccc(C(C)(C)C)cc4)c(C(=O)NCCCCCC)s3)s2)cc1-c1ccc(C(C)(C)C)cc1,ClCCl,448.0
3654,CCCCNC(=O)c1sc(-c2ccc(-c3cc(-c4ccc(C(C)(C)C)cc4)c(C(=O)NCCCC)s3)s2)cc1-c1ccc(C(C)(C)C)cc1,ClCCl,448.0
4967,CCOC(=O)c1sc(-c2ccc(-c3cc(-c4ccc(C(C)(C)C)cc4)c(C(=O)OCC)s3)s2)cc1-c1ccc(C(C)(C)C)cc1,ClCCl,453.0
935,CC(C)(C)c1ccc(-c2cc(-c3ccc(-c4cc(-c5ccc(C(C)(C)C)cc5)c(C#N)s4)s3)sc2C#N)cc1,ClCCl,443.0
8759,COc1ccc(C2=C(c3ccc(OC)cc3)C(C)(C)c3c2ccc2ccccc32)cc1,C1CCCCC1,419.0
11186,Cn1c2cc(N3CCCCC3)c(F)cc2c(=O)c2cc(F)c(N3CCCCC3)cc21,CCO,455.0
992,CC(C)(C)c1ccc(-c2nc3c4ccc(-c5ccc6ccc7cccc8ccc5c6c78)cc4c4cc(-c5ccc6ccc7cccc8ccc5c6c78)ccc4c3n2-c2ccc(C(C)(C)C)cc2)cc1,CCN(CC)CC,428.0
993,CC(C)(C)c1ccc(-c2nc3c4ccc(-c5ccc6ccc7cccc8ccc5c6c78)cc4c4cc(-c5ccc6ccc7cccc8ccc5c6c78)ccc4c3n2-c2ccc(C(C)(C)C)cc2)cc1,CCOC(C)=O,440.0
994,CC(C)(C)c1ccc(-c2nc3c4ccc(-c5ccc6ccc7cccc8ccc5c6c78)cc4c4cc(-c5ccc6ccc7cccc8ccc5c6c78)ccc4c3n2-c2ccc(C(C)(C)C)cc2)cc1,CCOCC,432.0
995,CC(C)(C)c1ccc(-c2nc3c4ccc(-c5ccc6ccc7cccc8ccc5c6c78)cc4c4cc(-c5ccc6ccc7cccc8ccc5c6c78)ccc4c3n2-c2ccc(C(C)(C)C)cc2)cc1,CN(C)C=O,459.0
996,CC(C)(C)c1ccc(-c2nc3c4ccc(-c5ccc6ccc7cccc8ccc5c6c78)cc4c4cc(-c5ccc6ccc7cccc8ccc5c6c78)ccc4c3n2-c2ccc(C(C)(C)C)cc2)cc1,Cc1ccccc1,433.0
997,CC(C)(C)c1ccc(-c2nc3c4ccc(-c5ccc6ccc7cccc8ccc5c6c78)cc4c4cc(-c5ccc6ccc7cccc8ccc5c6c78)ccc4c3n2-c2ccc(C(C)(C)C)cc2)cc1,ClC=C(Cl)Cl,437.0
998,CC(C)(C)c1ccc(-c2nc3c4ccc(-c5ccc6ccc7cccc8ccc5c6c78)cc4c4cc(-c5ccc6ccc7cccc8ccc5c6c78)ccc4c3n2-c2ccc(C(C)(C)C)cc2)cc1,ClCCl,450.0
987,CC(C)(C)c1ccc(-c2nc3c4ccc(-c5ccc6ccc7cccc8ccc5c6c78)cc4c4cc(-c5ccc6ccc7cccc8ccc5c6c78)ccc4c3n2-c2ccc(C(C)(C)C)cc2)cc1,C1CCOC1,442.0
988,CC(C)(C)c1ccc(-c2nc3c4ccc(-c5ccc6ccc7cccc8ccc5c6c78)cc4c4cc(-c5ccc6ccc7cccc8ccc5c6c78)ccc4c3n2-c2ccc(C(C)(C)C)cc2)cc1,C1COCCO1,432.0
989,CC(C)(C)c1ccc(-c2nc3c4ccc(-c5ccc6ccc7cccc8ccc5c6c78)cc4c4cc(-c5ccc6ccc7cccc8ccc5c6c78)ccc4c3n2-c2ccc(C(C)(C)C)cc2)cc1,CC#N,460.0
990,CC(C)(C)c1ccc(-c2nc3c4ccc(-c5ccc6ccc7cccc8ccc5c6c78)cc4c4cc(-c5ccc6ccc7cccc8ccc5c6c78)ccc4c3n2-c2ccc(C(C)(C)C)cc2)cc1,CCCCCC,428.0
991,CC(C)(C)c1ccc(-c2nc3c4ccc(-c5ccc6ccc7cccc8ccc5c6c78)cc4c4cc(-c5ccc6ccc7cccc8ccc5c6c78)ccc4c3n2-c2ccc(C(C)(C)C)cc2)cc1,CCCCOCCCC,427.0
1387,CC(C)[Si](C#Cc1ccc(C#C[Si](C(C)C)(C(C)C)C(C)C)c2nc3c(nc12)C1c2ccccc2C3c2ccccc21)(C(C)C)C(C)C,CCCCCC,404.0
2245,CC1=[N+]2C(=C(c3ccc(C(=C(c4ccccc4)c4ccccc4)c4ccccc4)cc3)c3ccc(C)n3[B-]2(F)F)C=C1,C1CCOC1,530.0
14560,c1ccc(-c2cc(-c3ccc(N(c4ccccc4)c4ccccc4)cc3)cc(-c3ccccc3)n2)cc1,CC#N,489.0
14561,c1ccc(-c2cc(-c3ccc(N(c4ccccc4)c4ccccc4)cc3)cc(-c3ccccc3)n2)cc1,CCCCCC,393.0
14562,c1ccc(-c2cc(-c3ccc(N(c4ccccc4)c4ccccc4)cc3)cc(-c3ccccc3)n2)cc1,CCO,505.0
14563,c1ccc(-c2cc(-c3ccc(N(c4ccccc4)c4ccccc4)cc3)cc(-c3ccccc3)n2)cc1,CO,524.0
14564,c1ccc(-c2cc(-c3ccc(N(c4ccccc4)c4ccccc4)cc3)cc(-c3ccccc3)n2)cc1,ClCCl,476.0
14936,c1ccc(C2(c3ccccc3)c3cc4c(cc3-c3sc5ccccc5c32)C(c2ccccc2)(c2ccccc2)c2c-4sc3ccccc23)cc1,C1CCOC1,408.0
6770,CN1/C(=C/C=C/C=N/c2sc3ccccc3[n+]2C)C(C)(C)c2ccccc21,CS(C)=O,608.0
9201,COc1ccc2cc(/C=C/c3nc(/C=C/c4ccc(N(c5ccccc5)c5ccccc5)cc4)cc(/C=C/c4ccc(N(c5ccccc5)c5ccccc5)cc4)n3)ccc2c1,C1CCOC1,519.0
9202,COc1ccc2cc(/C=C/c3nc(/C=C/c4ccc(N(c5ccccc5)c5ccccc5)cc4)cc(/C=C/c4ccc(N(c5ccccc5)c5ccccc5)cc4)n3)ccc2c1,CC#N,586.0
9203,COc1ccc2cc(/C=C/c3nc(/C=C/c4ccc(N(c5ccccc5)c5ccccc5)cc4)cc(/C=C/c4ccc(N(c5ccccc5)c5ccccc5)cc4)n3)ccc2c1,CC(C)=O,558.0
9204,COc1ccc2cc(/C=C/c3nc(/C=C/c4ccc(N(c5ccccc5)c5ccccc5)cc4)cc(/C=C/c4ccc(N(c5ccccc5)c5ccccc5)cc4)n3)ccc2c1,CCCCCCC,460.0
9205,COc1ccc2cc(/C=C/c3nc(/C=C/c4ccc(N(c5ccccc5)c5ccccc5)cc4)cc(/C=C/c4ccc(N(c5ccccc5)c5ccccc5)cc4)n3)ccc2c1,CS(C)=O,585.0
9206,COc1ccc2cc(/C=C/c3nc(/C=C/c4ccc(N(c5ccccc5)c5ccccc5)cc4)cc(/C=C/c4ccc(N(c5ccccc5)c5ccccc5)cc4)n3)ccc2c1,Cc1ccccc1,479.0
9207,COc1ccc2cc(/C=C/c3nc(/C=C/c4ccc(N(c5ccccc5)c5ccccc5)cc4)cc(/C=C/c4ccc(N(c5ccccc5)c5ccccc5)cc4)n3)ccc2c1,ClCCl,544.0
9684,C[n+]1ccnc(/C=C/c2ccc(N(c3ccccc3)c3ccc(/C=C/c4c[n+](C)ccn4)cc3)cc2)c1,CS(C)=O,530.0
9685,C[n+]1ccnc(/C=C/c2ccc(N(c3ccccc3)c3ccc(/C=C/c4c[n+](C)ccn4)cc3)cc2)c1,OCC(O)CO,690.0
5853,CN(C)c1ccc(/C=C/C=C2\CC/C(=C\c3ccc(N(C)C)cc3)C2=O)cc1,C1CCOC1,649.0
5854,CN(C)c1ccc(/C=C/C=C2\CC/C(=C\c3ccc(N(C)C)cc3)C2=O)cc1,CC#N,666.0
5855,CN(C)c1ccc(/C=C/C=C2\CC/C(=C\c3ccc(N(C)C)cc3)C2=O)cc1,CC(C)=O,650.0
5856,CN(C)c1ccc(/C=C/C=C2\CC/C(=C\c3ccc(N(C)C)cc3)C2=O)cc1,CC(C)O,687.0
5857,CN(C)c1ccc(/C=C/C=C2\CC/C(=C\c3ccc(N(C)C)cc3)C2=O)cc1,CCCCCC,504.0
5858,CN(C)c1ccc(/C=C/C=C2\CC/C(=C\c3ccc(N(C)C)cc3)C2=O)cc1,CCCCO,712.0
5859,CN(C)c1ccc(/C=C/C=C2\CC/C(=C\c3ccc(N(C)C)cc3)C2=O)cc1,CCCCOC(C)=O,581.0
5860,CN(C)c1ccc(/C=C/C=C2\CC/C(=C\c3ccc(N(C)C)cc3)C2=O)cc1,CCCO,717.0
5861,CN(C)c1ccc(/C=C/C=C2\CC/C(=C\c3ccc(N(C)C)cc3)C2=O)cc1,CCO,725.0
5862,CN(C)c1ccc(/C=C/C=C2\CC/C(=C\c3ccc(N(C)C)cc3)C2=O)cc1,CCOC(=O)c1ccccc1,604.0
5863,CN(C)c1ccc(/C=C/C=C2\CC/C(=C\c3ccc(N(C)C)cc3)C2=O)cc1,CCOC(C)=O,591.0
5864,CN(C)c1ccc(/C=C/C=C2\CC/C(=C\c3ccc(N(C)C)cc3)C2=O)cc1,CCOCC,546.0
5865,CN(C)c1ccc(/C=C/C=C2\CC/C(=C\c3ccc(N(C)C)cc3)C2=O)cc1,CN(C)C=O,656.0
5866,CN(C)c1ccc(/C=C/C=C2\CC/C(=C\c3ccc(N(C)C)cc3)C2=O)cc1,CO,737.0
5867,CN(C)c1ccc(/C=C/C=C2\CC/C(=C\c3ccc(N(C)C)cc3)C2=O)cc1,CS(C)=O,676.0
5868,CN(C)c1ccc(/C=C/C=C2\CC/C(=C\c3ccc(N(C)C)cc3)C2=O)cc1,Cc1ccccc1,530.0
5869,CN(C)c1ccc(/C=C/C=C2\CC/C(=C\c3ccc(N(C)C)cc3)C2=O)cc1,ClC(Cl)(Cl)Cl,515.0
5870,CN(C)c1ccc(/C=C/C=C2\CC/C(=C\c3ccc(N(C)C)cc3)C2=O)cc1,ClC(Cl)Cl,623.0
5871,CN(C)c1ccc(/C=C/C=C2\CC/C(=C\c3ccc(N(C)C)cc3)C2=O)cc1,ClCCl,635.0
5872,CN(C)c1ccc(/C=C/C=C2\CC/C(=C\c3ccc(N(C)C)cc3)C2=O)cc1,Clc1ccccc1Cl,608.0
5873,CN(C)c1ccc(/C=C/C=C2\CC/C(=C\c3ccc(N(C)C)cc3)C2=O)cc1,S=C=S,540.0
5874,CN(C)c1ccc(/C=C/C=C2\CC/C(=C\c3ccc(N(C)C)cc3)C2=O)cc1,c1ccccc1,532.0
5875,CN(C)c1ccc(/C=C/C=C2\CC/C(=C\c3ccc(N(C)C)cc3)C2=O)cc1,c1ccncc1,643.0
11184,Cn1c(=O)nc2n(C)c3ccccc3nc-2c1=O,CC#N,529.0
10032,Cc1cc(C)c2c(c1)nc1c(=O)n(C)c(=O)nc-1n2C,CC#N,552.0
10865,Cc1cccc2c1nc1c(=O)n(C)c(=O)nc-1n2C,CC#N,493.0
11185,Cn1c(=O)nc2n(C)c3ccccc3nc-2c1=O,CC1CCCO1,490.0
10036,Cc1cc(C)c2nc3c(=O)n(C)c(=O)nc-3n(C)c2c1,CC#N,540.0
5264,CCn1c(=O)nc2n(C)c3cc(C)ccc3nc-2c1=O,C1COCCO1,527.0
5265,CCn1c(=O)nc2n(C)c3cc(C)ccc3nc-2c1=O,CC#N,530.0
5266,CCn1c(=O)nc2n(C)c3cc(C)ccc3nc-2c1=O,CO,532.0
5267,CCn1c(=O)nc2n(C)c3cc(C)ccc3nc-2c1=O,ClCCCl,531.0
11197,Cn1c2nc(=O)[nH]c(=O)c-2nc2ccccc21,CC1CCCO1,489.0
10206,Cc1cc2nc3c(=O)[nH]c(=O)nc-3n(C)c2cc1C,CC#N,533.0
10208,Cc1cc2nc3c(=O)n(C)c(=O)nc-3n(C)c2cc1C,CC#N,531.0
10753,Cc1ccc2c(c1)nc1c(=O)n(C)c(=O)nc-1n2C,CC#N,532.0
10755,Cc1ccc2c(nc3c(=O)n(C)c(=O)nc-3n2C)c1C,CC#N,543.0
10793,Cc1ccc2nc3c(=O)n(C)c(=O)nc-3n(C)c2c1,CC#N,518.0
10890,Cc1cccc2nc3c(=O)n(C)c(=O)nc-3n(C)c12,CC#N,532.0
6259,CN(C)c1ccc(C#Cc2ccc3c(N(C)C)cc(-c4ccccc4)cc3c2)cc1,ClCCl,444.0
749,CC(=O)c1ccc(C#Cc2ccc3c(N(C)C)cc(-c4ccccc4)cc3c2)cc1,ClCCl,577.0
6257,CN(C)c1ccc(C#Cc2ccc3c(N(C)C)cc(-c4ccccc4)cc3c2)cc1,CC#N,476.5886288
6258,CN(C)c1ccc(C#Cc2ccc3c(N(C)C)cc(-c4ccccc4)cc3c2)cc1,CCO,455.7692308
3813,CCCCn1c2ccc(-c3ccc4ccccc4c3)cc2c2ccc3c4cc(-c5ccc6ccccc6c5)ccc4n(CCCC)c3c21,ClC(Cl)Cl,418.0
15227,c1ccc2c(c1)c1ccccc1n2-c1ccc(-c2nnc(-c3ccc(-n4c5ccccc5c5ccccc54)cc3)o2)cc1,Cc1ccccc1,386.0
15228,c1ccc2c(c1)c1ccccc1n2-c1ccc(-c2nnc(-c3ccc(-n4c5ccccc5c5ccccc54)cc3)o2)cc1,O=P(c1ccccc1)(c1ccccc1)c1ccccc1Oc1ccccc1P(=O)(c1ccccc1)c1ccccc1,414.0
9477,CSc1cc(-c2cc3cc4c5c(c3oc2=O)CCCN5CCC4)oc(=O)c1C#N,C1CCOC1,580.0
9478,CSc1cc(-c2cc3cc4c5c(c3oc2=O)CCCN5CCC4)oc(=O)c1C#N,CC#N,603.0
9479,CSc1cc(-c2cc3cc4c5c(c3oc2=O)CCCN5CCC4)oc(=O)c1C#N,CC(C)=O,596.0
9480,CSc1cc(-c2cc3cc4c5c(c3oc2=O)CCCN5CCC4)oc(=O)c1C#N,CCOC(C)=O,575.0
9481,CSc1cc(-c2cc3cc4c5c(c3oc2=O)CCCN5CCC4)oc(=O)c1C#N,CN(C)C=O,612.0
9482,CSc1cc(-c2cc3cc4c5c(c3oc2=O)CCCN5CCC4)oc(=O)c1C#N,CO,601.0
9483,CSc1cc(-c2cc3cc4c5c(c3oc2=O)CCCN5CCC4)oc(=O)c1C#N,CS(C)=O,616.0
9484,CSc1cc(-c2cc3cc4c5c(c3oc2=O)CCCN5CCC4)oc(=O)c1C#N,Cc1ccccc1,553.0
9485,CSc1cc(-c2cc3cc4c5c(c3oc2=O)CCCN5CCC4)oc(=O)c1C#N,ClC(Cl)Cl,570.0
9486,CSc1cc(-c2cc3cc4c5c(c3oc2=O)CCCN5CCC4)oc(=O)c1C#N,ClCCl,586.0
2945,CCCCCCC(CCCCCC)N1C(=O)c2cccc3c(-c4ccc(-c5ccc(OC)cc5)cc4)ccc(c23)C1=O,CCCCCC,426.8
2946,CCCCCCC(CCCCCC)N1C(=O)c2cccc3c(-c4ccc(-c5ccc(OC)cc5)cc4)ccc(c23)C1=O,CCCCCCCCCCCCCC,436.7
2947,CCCCCCC(CCCCCC)N1C(=O)c2cccc3c(-c4ccc(-c5ccc(OC)cc5)cc4)ccc(c23)C1=O,CCCCCCCCCCCO,518.2
2948,CCCCCCC(CCCCCC)N1C(=O)c2cccc3c(-c4ccc(-c5ccc(OC)cc5)cc4)ccc(c23)C1=O,CCCCO,556.6
2949,CCCCCCC(CCCCCC)N1C(=O)c2cccc3c(-c4ccc(-c5ccc(OC)cc5)cc4)ccc(c23)C1=O,CN(C)C=O,583.4
2950,CCCCCCC(CCCCCC)N1C(=O)c2cccc3c(-c4ccc(-c5ccc(OC)cc5)cc4)ccc(c23)C1=O,Cc1ccccc1,454.6
2951,CCCCCCC(CCCCCC)N1C(=O)c2cccc3c(-c4ccc(-c5ccc(OC)cc5)cc4)ccc(c23)C1=O,ClC(Cl)Cl,492.2
15226,c1ccc2c(c1)c1ccccc1n2-c1ccc(-c2ccn3nc(-c4ccc(-n5c6ccccc6c6ccccc65)cc4)nc3c2)cc1,C1CCOC1,413.0
7349,COC(=O)c1ccc(/C=C2\C=C(c3ccc(C#N)cc3)OC2=O)cc1,C1COCCO1,501.0
617,CC(=O)Nc1ccc(C2=C/C(=C\c3ccc(C#N)cc3)C(=O)O2)cc1,C1COCCO1,521.0
618,CC(=O)Nc1ccc(C2=C/C(=C\c3ccc([N+](=O)[O-])cc3)C(=O)O2)cc1,C1COCCO1,550.0
7351,COC(=O)c1ccc(/C=C2\C=C(c3ccc(OC)c(OC)c3)OC2=O)cc1,C1COCCO1,522.0
7353,COC(=O)c1ccc(/C=C2\C=C(c3ccc([N+](=O)[O-])cc3)OC2=O)cc1,C1COCCO1,493.0
7355,COC(=O)c1ccc(/C=C2\C=C(c3ccccc3)OC2=O)cc1,C1COCCO1,495.0
12163,N#Cc1ccc(/C=C2\C=C(c3ccccc3)OC2=O)cc1,C1COCCO1,494.0
13160,O=C1OC(c2ccccc2)=C/C1=C\c1ccc([N+](=O)[O-])cc1,C1COCCO1,518.0
8772,COc1ccc(C2=C/C(=C\c3ccc(C#N)cc3)C(=O)O2)cc1OC,C1COCCO1,531.0
13161,O=C1OC(c2ccccc2)=C/C1=C\c1ccccc1,C1COCCO1,493.0
8775,COc1ccc(C2=C/C(=C\c3ccccc3)C(=O)O2)cc1OC,C1COCCO1,495.0
11203,Cn1cc(/C=C/C(=O)c2ccccc2)c2ccccc21,CC#N,419.3223928
11204,Cn1cc(/C=C/C(=O)c2ccccc2)c2ccccc21,CO,446.1884595
178,C(=C/c1c2ccccc2cc2ccccc12)\c1ccccc1,CC#N,476.0
179,C(=C/c1c2ccccc2cc2ccccc12)\c1ccccc1,CC1CCCCC1,468.0
7913,COc1cc(OC)cc(-c2ccc(C3=CC(c4ccccc4)=C(c4ccccc4)C3)cc2)c1,ClCCl,455.0
3502,CCCCCOc1cc2oc(=O)c3c4ccc(N(c5ccc(C)cc5)c5ccc(C)cc5)cc4c4ccc5cccc6c(c1)c2c3c4c56,C1CCOC1,605.0
3503,CCCCCOc1cc2oc(=O)c3c4ccc(N(c5ccccc5)c5ccccc5)cc4c4ccc5cccc6c(c1)c2c3c4c56,C1CCOC1,570.0
10543,Cc1ccc(C2=C3C=CC(C#Cc4ccccc4)=[N+]3[B-](F)(F)n3c(Cl)ccc32)cc1,C1CCCCC1,575.0
10544,Cc1ccc(C2=C3C=CC(C#Cc4ccccc4)=[N+]3[B-](F)(F)n3c(Cl)ccc32)cc1,C1CCOC1,573.0
10545,Cc1ccc(C2=C3C=CC(C#Cc4ccccc4)=[N+]3[B-](F)(F)n3c(Cl)ccc32)cc1,C1COCCO1,575.0
10546,Cc1ccc(C2=C3C=CC(C#Cc4ccccc4)=[N+]3[B-](F)(F)n3c(Cl)ccc32)cc1,CCOC(C)=O,571.0
10547,Cc1ccc(C2=C3C=CC(C#Cc4ccccc4)=[N+]3[B-](F)(F)n3c(Cl)ccc32)cc1,CO,569.0
10548,Cc1ccc(C2=C3C=CC(C#Cc4ccccc4)=[N+]3[B-](F)(F)n3c(Cl)ccc32)cc1,Cc1ccccc1,577.0
10549,Cc1ccc(C2=C3C=CC(C#Cc4ccccc4)=[N+]3[B-](F)(F)n3c(Cl)ccc32)cc1,ClC(Cl)Cl,577.0
6468,CN(C)c1ccc2c(c1)C(=O)NC2=O,C1CCOC1,459.0
6469,CN(C)c1ccc2c(c1)C(=O)NC2=O,C1COCCO1,457.0
6470,CN(C)c1ccc2c(c1)C(=O)NC2=O,CC#N,490.0
6471,CN(C)c1ccc2c(c1)C(=O)NC2=O,CC(C)(C)O,516.0
6472,CN(C)c1ccc2c(c1)C(=O)NC2=O,CC(C)=O,483.0
6473,CN(C)c1ccc2c(c1)C(=O)NC2=O,CC(C)O,523.0
6474,CN(C)c1ccc2c(c1)C(=O)NC2=O,CCOCC,440.0
6475,CN(C)c1ccc2c(c1)C(=O)NC2=O,CO,534.0
6476,CN(C)c1ccc2c(c1)C(=O)NC2=O,O,562.0
12551,Nc1ccc2c(c1)C(=O)NC2=O,C1CCOC1,445.0
12552,Nc1ccc2c(c1)C(=O)NC2=O,C1COCCO1,435.0
12553,Nc1ccc2c(c1)C(=O)NC2=O,CC#N,458.0
12554,Nc1ccc2c(c1)C(=O)NC2=O,CC(C)(C)O,501.0
12555,Nc1ccc2c(c1)C(=O)NC2=O,CC(C)=O,457.0
12556,Nc1ccc2c(c1)C(=O)NC2=O,CC(C)O,505.0
12557,Nc1ccc2c(c1)C(=O)NC2=O,CCO,520.0
12558,Nc1ccc2c(c1)C(=O)NC2=O,CCOCC,425.0
12559,Nc1ccc2c(c1)C(=O)NC2=O,CN(C)C=O,470.0
12560,Nc1ccc2c(c1)C(=O)NC2=O,CO,518.0
12561,Nc1ccc2c(c1)C(=O)NC2=O,O,540.0
9972,Cc1cc(C)c(C2=C3C=C(/C=C/C(=O)OC(C)(C)C)C=[N+]3[B-](F)(F)n3c2ccc3N2CCOCC2)c(C)c1,CC#N,579.0
9973,Cc1cc(C)c(C2=C3C=C(/C=C/C(=O)OC(C)(C)C)C=[N+]3[B-](F)(F)n3c2ccc3N2CCOCC2)c(C)c1,CCCCCC,583.0
9974,Cc1cc(C)c(C2=C3C=C(/C=C/C(=O)OC(C)(C)C)C=[N+]3[B-](F)(F)n3c2ccc3N2CCOCC2)c(C)c1,CN(C)C=O,577.0
9975,Cc1cc(C)c(C2=C3C=C(/C=C/C(=O)OC(C)(C)C)C=[N+]3[B-](F)(F)n3c2ccc3N2CCOCC2)c(C)c1,CO,577.0
9976,Cc1cc(C)c(C2=C3C=C(/C=C/C(=O)OC(C)(C)C)C=[N+]3[B-](F)(F)n3c2ccc3N2CCOCC2)c(C)c1,Cc1ccccc1,585.0
9977,Cc1cc(C)c(C2=C3C=C(/C=C/C(=O)OC(C)(C)C)C=[N+]3[B-](F)(F)n3c2ccc3N2CCOCC2)c(C)c1,ClCCl,581.0
14606,c1ccc(-c2ccc(-c3ccc(-n4c5ccccc5c5ccccc54)cc3)c3nsnc23)cc1,C1CCOC1,527.0
14607,c1ccc(-c2ccc(-c3ccc(-n4c5ccccc5c5ccccc54)cc3)c3nsnc23)cc1,CC(C)=O,562.0
14608,c1ccc(-c2ccc(-c3ccc(-n4c5ccccc5c5ccccc54)cc3)c3nsnc23)cc1,CCCCCC,481.0
14609,c1ccc(-c2ccc(-c3ccc(-n4c5ccccc5c5ccccc54)cc3)c3nsnc23)cc1,CCOCC,504.0
4129,CCN(CC)c1ccc2c(-c3ccccc3C(=O)O)c3c([o+]c2c1)/C(=C/c1ccc2c(c1)c1ccccc1n2CC)CCC3,ClCCl,712.0
4175,CCN(CC)c1ccc2c(c1)oc(=O)c1c(-c3ccccc3C(=O)O)c3ccc(=[N+](CC)CC)cc-3oc12,CCO,637.0
4176,CCN(CC)c1ccc2c(c1)oc(=O)c1c(-c3ccccc3C(=O)O)c3ccc(=[N+](CC)CC)cc-3oc12,ClC(Cl)Cl,636.0
4177,CCN(CC)c1ccc2c(c1)oc(=O)c1c(-c3ccccc3C(=O)O)c3ccc(=[N+](CC)CC)cc-3oc12,O,646.0
4953,CCOC(=O)c1ccccc1-c1c2ccc(=[N+](CC)CC)cc-2oc2c1c(=O)oc1cc(N(CC)CC)ccc12,CCO,642.0
4954,CCOC(=O)c1ccccc1-c1c2ccc(=[N+](CC)CC)cc-2oc2c1c(=O)oc1cc(N(CC)CC)ccc12,ClC(Cl)Cl,640.0
4955,CCOC(=O)c1ccccc1-c1c2ccc(=[N+](CC)CC)cc-2oc2c1c(=O)oc1cc(N(CC)CC)ccc12,O,652.0
11803,N#CC(C#N)=Cc1ccc2c(c1)[nH]c1c3ccccc3sc21,ClCCl,544.0
11800,N#CC(C#N)=Cc1ccc2c(c1)[nH]c1c3ccccc3sc21,C1CCOC1,547.0
11801,N#CC(C#N)=Cc1ccc2c(c1)[nH]c1c3ccccc3sc21,CN(C)C=O,581.0
11802,N#CC(C#N)=Cc1ccc2c(c1)[nH]c1c3ccccc3sc21,Cc1ccccc1,518.0
12022,N#Cc1cc(-c2ccc(N3c4ccccc4Oc4ccccc43)cc2)c(-c2ccc(N3c4ccccc4Oc4ccccc43)cc2)cc1C#N,Cc1ccccc1,577.0
12023,N#Cc1cc(-c2ccc(N3c4ccccc4Oc4ccccc43)cc2)c(-c2ccc(N3c4ccccc4Oc4ccccc43)cc2)cc1C#N,c1cc(-c2cccc(-n3c4ccccc4c4ccccc43)c2)cc(-n2c3ccccc3c3ccccc32)c1,540.0
2565,CCC1=C(C)C2=C(C)c3c(C)c(CC)c(C)n3[B-](F)(F)[N+]2=C1C,CC(C)O,534.0
2566,CCC1=C(C)C2=C(C)c3c(C)c(CC)c(C)n3[B-](F)(F)[N+]2=C1C,CCC(C)C,534.4
2567,CCC1=C(C)C2=C(C)c3c(C)c(CC)c(C)n3[B-](F)(F)[N+]2=C1C,CCCCCC,533.6
2568,CCC1=C(C)C2=C(C)c3c(C)c(CC)c(C)n3[B-](F)(F)[N+]2=C1C,CCCCCCCC,535.2
2569,CCC1=C(C)C2=C(C)c3c(C)c(CC)c(C)n3[B-](F)(F)[N+]2=C1C,CCCCCCCCCCO,534.8
2570,CCC1=C(C)C2=C(C)c3c(C)c(CC)c(C)n3[B-](F)(F)[N+]2=C1C,CCCCCCCCO,534.4
2571,CCC1=C(C)C2=C(C)c3c(C)c(CC)c(C)n3[B-](F)(F)[N+]2=C1C,CCCCCCO,534.8
2572,CCC1=C(C)C2=C(C)c3c(C)c(CC)c(C)n3[B-](F)(F)[N+]2=C1C,CCCCO,534.4
2573,CCC1=C(C)C2=C(C)c3c(C)c(CC)c(C)n3[B-](F)(F)[N+]2=C1C,CCCO,534.0
2574,CCC1=C(C)C2=C(C)c3c(C)c(CC)c(C)n3[B-](F)(F)[N+]2=C1C,CCO,532.4
2575,CCC1=C(C)C2=C(C)c3c(C)c(CC)c(C)n3[B-](F)(F)[N+]2=C1C,CCOC(C)=O,531.6
2576,CCC1=C(C)C2=C(C)c3c(C)c(CC)c(C)n3[B-](F)(F)[N+]2=C1C,CCOCC,532.8
2577,CCC1=C(C)C2=C(C)c3c(C)c(CC)c(C)n3[B-](F)(F)[N+]2=C1C,CN(C)C=O,532.8
2578,CCC1=C(C)C2=C(C)c3c(C)c(CC)c(C)n3[B-](F)(F)[N+]2=C1C,CN1CCCC1=O,533.2
2579,CCC1=C(C)C2=C(C)c3c(C)c(CC)c(C)n3[B-](F)(F)[N+]2=C1C,CO,531.6
2580,CCC1=C(C)C2=C(C)c3c(C)c(CC)c(C)n3[B-](F)(F)[N+]2=C1C,Cc1ccccc1,536.4
2581,CCC1=C(C)C2=C(C)c3c(C)c(CC)c(C)n3[B-](F)(F)[N+]2=C1C,ClCCl,534.0
2582,CCC1=C(C)C2=C(C)c3c(C)c(CC)c(C)n3[B-](F)(F)[N+]2=C1C,OCC(F)(F)F,535.2
2583,CCC1=C(C)C2=C(C)c3c(C)c(CC)c(C)n3[B-](F)(F)[N+]2=C1C,OCCO,536.4
2584,CCC1=C(C)C2=C(C)c3c(C)c(CC)c(C)n3[B-](F)(F)[N+]2=C1C,OCCOc1ccccc1,536.8
2585,CCC1=C(C)C2=C(C)c3c(C)c(CC)c(C)n3[B-](F)(F)[N+]2=C1C,c1ccccc1,536.4
2586,CCC1=C(C)C2=C(C)c3c(I)c(I)c(I)n3[B-](F)(F)[N+]2=C1C,C1CCCCC1,554.5
2587,CCC1=C(C)C2=C(C)c3c(I)c(I)c(I)n3[B-](F)(F)[N+]2=C1C,CC(C)=O,551.5
2588,CCC1=C(C)C2=C(C)c3c(I)c(I)c(I)n3[B-](F)(F)[N+]2=C1C,CCO,554.0
2589,CCC1=C(C)C2=C(C)c3c(I)c(I)c(I)n3[B-](F)(F)[N+]2=C1C,CCOC(C)=O,552.0
2590,CCC1=C(C)C2=C(C)c3c(I)c(I)c(I)n3[B-](F)(F)[N+]2=C1C,CO,552.5
2591,CCC1=C(C)C2=C(C)c3c(I)c(I)c(I)n3[B-](F)(F)[N+]2=C1C,OCC(F)(F)F,548.5
2592,CCC1=C(C)C2=C(C)c3c(I)c(I)cn3[B-](F)(F)[N+]2=C1C,C1CCCCC1,538.5
2593,CCC1=C(C)C2=C(C)c3c(I)c(I)cn3[B-](F)(F)[N+]2=C1C,CC(C)=O,533.0
2594,CCC1=C(C)C2=C(C)c3c(I)c(I)cn3[B-](F)(F)[N+]2=C1C,CCO,534.0
2595,CCC1=C(C)C2=C(C)c3c(I)c(I)cn3[B-](F)(F)[N+]2=C1C,CCOC(C)=O,533.0
2596,CCC1=C(C)C2=C(C)c3c(I)c(I)cn3[B-](F)(F)[N+]2=C1C,CO,533.5
2597,CCC1=C(C)C2=C(C)c3c(I)c(I)cn3[B-](F)(F)[N+]2=C1C,OCC(F)(F)F,530.5
2598,CCC1=C(C)C2=C(C)c3cc(I)c(I)n3[B-](F)(F)[N+]2=C1C,C1CCCCC1,546.0
2599,CCC1=C(C)C2=C(C)c3cc(I)c(I)n3[B-](F)(F)[N+]2=C1C,CC(C)=O,544.5
2600,CCC1=C(C)C2=C(C)c3cc(I)c(I)n3[B-](F)(F)[N+]2=C1C,CCO,548.0
36,C#CCNC1=C2C(C)=CC(C)=[N+]2[B-](F)(F)n2c(C)cc(C)c21,C1CCCCC1,501.5
37,C#CCNC1=C2C(C)=CC(C)=[N+]2[B-](F)(F)n2c(C)cc(C)c21,CC(C)=O,496.0
38,C#CCNC1=C2C(C)=CC(C)=[N+]2[B-](F)(F)n2c(C)cc(C)c21,CCOC(C)=O,497.0
39,C#CCNC1=C2C(C)=CC(C)=[N+]2[B-](F)(F)n2c(C)cc(C)c21,CO,496.0
40,C#CCNC1=C2C(C)=CC(C)=[N+]2[B-](F)(F)n2c(C)cc(C)c21,OCC(F)(F)F,494.5
41,C#CCNC1=C2C=CC=[N+]2[B-](F)(F)n2cccc21,C1CCCCC1,484.0
42,C#CCNC1=C2C=CC=[N+]2[B-](F)(F)n2cccc21,CC(C)=O,466.5
43,C#CCNC1=C2C=CC=[N+]2[B-](F)(F)n2cccc21,CCCCO,463.0
44,C#CCNC1=C2C=CC=[N+]2[B-](F)(F)n2cccc21,CCCO,467.0
45,C#CCNC1=C2C=CC=[N+]2[B-](F)(F)n2cccc21,CCO,465.5
46,C#CCNC1=C2C=CC=[N+]2[B-](F)(F)n2cccc21,CCOC(C)=O,469.5
47,C#CCNC1=C2C=CC=[N+]2[B-](F)(F)n2cccc21,CN(C)C=O,458.0
48,C#CCNC1=C2C=CC=[N+]2[B-](F)(F)n2cccc21,CO,464.5
49,C#CCNC1=C2C=CC=[N+]2[B-](F)(F)n2cccc21,CS(C)=O,463.0
50,C#CCNC1=C2C=CC=[N+]2[B-](F)(F)n2cccc21,Cc1ccccc1,485.0
51,C#CCNC1=C2C=CC=[N+]2[B-](F)(F)n2cccc21,ClC(Cl)Cl,485.0
52,C#CCNC1=C2C=CC=[N+]2[B-](F)(F)n2cccc21,OCC(F)(F)F,480.5
53,C#CCNC1=C2C=CC=[N+]2[B-](F)(F)n2cccc21,c1ccccc1,485.0
2102,CC1=CC(C)=[N+]2C1=Cc1c(C)cc(C)n1[B-]2(F)F,CCCCCC,514.0
2103,CC1=CC(C)=[N+]2C1=Cc1c(C)cc(C)n1[B-]2(F)F,CO,510.0
2104,CC1=CC(C)=[N+]2C1=Cc1c(C)cc(C)n1[B-]2(F)F,ClCCl,513.0
2613,CCC1=C(C)C2=C(C)c3cccn3[B-](F)(F)[N+]2=C1C,CCOC(C)=O,512.5
2614,CCC1=C(C)C2=C(C)c3cccn3[B-](F)(F)[N+]2=C1C,CO,512.5
2615,CCC1=C(C)C2=C(C)c3cccn3[B-](F)(F)[N+]2=C1C,OCC(F)(F)F,511.0
2125,CC1=CC(C)=[N+]2C1=Cc1cccn1[B-]2(F)F,CCCCCC,504.0
2126,CC1=CC(C)=[N+]2C1=Cc1cccn1[B-]2(F)F,CO,503.0
2127,CC1=CC(C)=[N+]2C1=Cc1cccn1[B-]2(F)F,ClCCl,507.0
11378,F[B-]1(F)n2c(Cl)c(Cl)c(Br)c2C(Cl)=C2C(Br)=C(Cl)C(Cl)=[N+]21,ClCCl,560.0
2668,CCC1=C(C)C2=Cc3c(I)c(I)c(I)n3[B-](F)(F)[N+]2=C1C,C1CCCCC1,551.5
2669,CCC1=C(C)C2=Cc3c(I)c(I)c(I)n3[B-](F)(F)[N+]2=C1C,CC(C)=O,553.0
2670,CCC1=C(C)C2=Cc3c(I)c(I)c(I)n3[B-](F)(F)[N+]2=C1C,CCO,557.0
2671,CCC1=C(C)C2=Cc3c(I)c(I)c(I)n3[B-](F)(F)[N+]2=C1C,CCOC(C)=O,553.5
2672,CCC1=C(C)C2=Cc3c(I)c(I)c(I)n3[B-](F)(F)[N+]2=C1C,CO,554.0
2673,CCC1=C(C)C2=Cc3c(I)c(I)c(I)n3[B-](F)(F)[N+]2=C1C,OCC(F)(F)F,550.5
2674,CCC1=C(C)C2=Cc3c(I)c(I)cn3[B-](F)(F)[N+]2=C1C,C1CCCCC1,537.0
2675,CCC1=C(C)C2=Cc3c(I)c(I)cn3[B-](F)(F)[N+]2=C1C,CC(C)=O,544.0
2676,CCC1=C(C)C2=Cc3c(I)c(I)cn3[B-](F)(F)[N+]2=C1C,CCO,541.5
2677,CCC1=C(C)C2=Cc3c(I)c(I)cn3[B-](F)(F)[N+]2=C1C,CCOC(C)=O,539.5
2678,CCC1=C(C)C2=Cc3c(I)c(I)cn3[B-](F)(F)[N+]2=C1C,CO,541.5
2679,CCC1=C(C)C2=Cc3c(I)c(I)cn3[B-](F)(F)[N+]2=C1C,OCC(F)(F)F,538.0
2680,CCC1=C(C)C2=Cc3cc(I)c(I)n3[B-](F)(F)[N+]2=C1C,C1CCCCC1,550.5
2681,CCC1=C(C)C2=Cc3cc(I)c(I)n3[B-](F)(F)[N+]2=C1C,CC(C)=O,552.5
2682,CCC1=C(C)C2=Cc3cc(I)c(I)n3[B-](F)(F)[N+]2=C1C,CCO,555.0
2683,CCC1=C(C)C2=Cc3cc(I)c(I)n3[B-](F)(F)[N+]2=C1C,CCOC(C)=O,551.5
2684,CCC1=C(C)C2=Cc3cc(I)c(I)n3[B-](F)(F)[N+]2=C1C,CO,552.0
2685,CCC1=C(C)C2=Cc3cc(I)c(I)n3[B-](F)(F)[N+]2=C1C,OCC(F)(F)F,548.0
2686,CCC1=C(C)C2=Cc3cc(I)cn3[B-](F)(F)[N+]2=C1C,C1CCCCC1,538.5
2687,CCC1=C(C)C2=Cc3cc(I)cn3[B-](F)(F)[N+]2=C1C,CC(C)=O,541.0
2688,CCC1=C(C)C2=Cc3cc(I)cn3[B-](F)(F)[N+]2=C1C,CCO,543.0
2689,CCC1=C(C)C2=Cc3cc(I)cn3[B-](F)(F)[N+]2=C1C,CCOC(C)=O,540.5
2690,CCC1=C(C)C2=Cc3cc(I)cn3[B-](F)(F)[N+]2=C1C,CO,542.5
2691,CCC1=C(C)C2=Cc3cc(I)cn3[B-](F)(F)[N+]2=C1C,OCC(F)(F)F,540.0
2701,CCC1=C(C)C2=Cc3cccn3[B-](F)(F)[N+]2=C1C,C1CCCCC1,517.5
2702,CCC1=C(C)C2=Cc3cccn3[B-](F)(F)[N+]2=C1C,CC(C)=O,516.0
2703,CCC1=C(C)C2=Cc3cccn3[B-](F)(F)[N+]2=C1C,CCO,517.0
2704,CCC1=C(C)C2=Cc3cccn3[B-](F)(F)[N+]2=C1C,CCOC(C)=O,516.5
2705,CCC1=C(C)C2=Cc3cccn3[B-](F)(F)[N+]2=C1C,CO,516.5
2706,CCC1=C(C)C2=Cc3cccn3[B-](F)(F)[N+]2=C1C,OCC(F)(F)F,515.5
6863,CNC1=C2C=CC=[N+]2[B-](F)(F)n2cccc21,C1CCCCC1,463.0
6864,CNC1=C2C=CC=[N+]2[B-](F)(F)n2cccc21,CC(C)=O,441.5
6865,CNC1=C2C=CC=[N+]2[B-](F)(F)n2cccc21,CCO,439.0
6866,CNC1=C2C=CC=[N+]2[B-](F)(F)n2cccc21,CCOC(C)=O,444.5
6867,CNC1=C2C=CC=[N+]2[B-](F)(F)n2cccc21,CO,440.0
6868,CNC1=C2C=CC=[N+]2[B-](F)(F)n2cccc21,OCC(F)(F)F,449.0
11509,F[B-]1(F)n2cccc2C=C2C=CC=[N+]21,C1CCCCC1,510.5
11510,F[B-]1(F)n2cccc2C=C2C=CC=[N+]21,CC(C)=O,507.5
11511,F[B-]1(F)n2cccc2C=C2C=CC=[N+]21,CCCCCC,509.0
11512,F[B-]1(F)n2cccc2C=C2C=CC=[N+]21,CCO,508.0
11513,F[B-]1(F)n2cccc2C=C2C=CC=[N+]21,CCOC(C)=O,507.5
11514,F[B-]1(F)n2cccc2C=C2C=CC=[N+]21,CO,506.0
11515,F[B-]1(F)n2cccc2C=C2C=CC=[N+]21,ClCCl,510.0
11516,F[B-]1(F)n2cccc2C=C2C=CC=[N+]21,OCC(F)(F)F,505.0
2303,CC1=[N+]2C(=Cc3cccn3[B-]2(F)F)C=C1,CCCCCC,515.0
2304,CC1=[N+]2C(=Cc3cccn3[B-]2(F)F)C=C1,CO,512.0
2305,CC1=[N+]2C(=Cc3cccn3[B-]2(F)F)C=C1,ClCCl,517.0
2601,CCC1=C(C)C2=C(C)c3cc(I)c(I)n3[B-](F)(F)[N+]2=C1C,CCOC(C)=O,544.5
2602,CCC1=C(C)C2=C(C)c3cc(I)c(I)n3[B-](F)(F)[N+]2=C1C,CO,546.0
2603,CCC1=C(C)C2=C(C)c3cc(I)c(I)n3[B-](F)(F)[N+]2=C1C,OCC(F)(F)F,542.5
2604,CCC1=C(C)C2=C(C)c3cc(I)cn3[B-](F)(F)[N+]2=C1C,C1CCCCC1,532.0
2605,CCC1=C(C)C2=C(C)c3cc(I)cn3[B-](F)(F)[N+]2=C1C,CC(C)=O,532.5
2606,CCC1=C(C)C2=C(C)c3cc(I)cn3[B-](F)(F)[N+]2=C1C,CCO,534.0
2607,CCC1=C(C)C2=C(C)c3cc(I)cn3[B-](F)(F)[N+]2=C1C,CCOC(C)=O,531.5
2608,CCC1=C(C)C2=C(C)c3cc(I)cn3[B-](F)(F)[N+]2=C1C,CO,533.5
2609,CCC1=C(C)C2=C(C)c3cc(I)cn3[B-](F)(F)[N+]2=C1C,OCC(F)(F)F,530.5
2610,CCC1=C(C)C2=C(C)c3cccn3[B-](F)(F)[N+]2=C1C,C1CCCCC1,515.0
2611,CCC1=C(C)C2=C(C)c3cccn3[B-](F)(F)[N+]2=C1C,CC(C)=O,512.5
2612,CCC1=C(C)C2=C(C)c3cccn3[B-](F)(F)[N+]2=C1C,CCO,513.5
848,CC(C)(C)NC1=C2C=CC=[N+]2[B-](F)(F)n2cccc21,C1CCCCC1,503.0
849,CC(C)(C)NC1=C2C=CC=[N+]2[B-](F)(F)n2cccc21,CC(C)=O,492.0
850,CC(C)(C)NC1=C2C=CC=[N+]2[B-](F)(F)n2cccc21,CCO,494.0
851,CC(C)(C)NC1=C2C=CC=[N+]2[B-](F)(F)n2cccc21,CCOC(C)=O,498.0
852,CC(C)(C)NC1=C2C=CC=[N+]2[B-](F)(F)n2cccc21,CO,491.0
853,CC(C)(C)NC1=C2C=CC=[N+]2[B-](F)(F)n2cccc21,OCC(F)(F)F,497.5
1894,CC1=C(C(C)(C)C)C(C)=[N+]2C1=C(C)c1c(C)c(C(C)(C)C)c(C)n1[B-]2(F)F,C1CCCCC1,571.2
1895,CC1=C(C(C)(C)C)C(C)=[N+]2C1=C(C)c1c(C)c(C(C)(C)C)c(C)n1[B-]2(F)F,C1CCOC1,566.6
1896,CC1=C(C(C)(C)C)C(C)=[N+]2C1=C(C)c1c(C)c(C(C)(C)C)c(C)n1[B-]2(F)F,C1COCCO1,565.4
1897,CC1=C(C(C)(C)C)C(C)=[N+]2C1=C(C)c1c(C)c(C(C)(C)C)c(C)n1[B-]2(F)F,CC#N,560.6
1898,CC1=C(C(C)(C)C)C(C)=[N+]2C1=C(C)c1c(C)c(C(C)(C)C)c(C)n1[B-]2(F)F,CC(C)=O,563.6
1899,CC1=C(C(C)(C)C)C(C)=[N+]2C1=C(C)c1c(C)c(C(C)(C)C)c(C)n1[B-]2(F)F,CC(C)CC(C)(C)C,569.0
1900,CC1=C(C(C)(C)C)C(C)=[N+]2C1=C(C)c1c(C)c(C(C)(C)C)c(C)n1[B-]2(F)F,CCC(C)C,569.0
1901,CC1=C(C(C)(C)C)C(C)=[N+]2C1=C(C)c1c(C)c(C(C)(C)C)c(C)n1[B-]2(F)F,CCCC(C)=O,562.6
1902,CC1=C(C(C)(C)C)C(C)=[N+]2C1=C(C)c1c(C)c(C(C)(C)C)c(C)n1[B-]2(F)F,CCCCCC,567.8
1903,CC1=C(C(C)(C)C)C(C)=[N+]2C1=C(C)c1c(C)c(C(C)(C)C)c(C)n1[B-]2(F)F,CCCCCCCCO,565.0
1904,CC1=C(C(C)(C)C)C(C)=[N+]2C1=C(C)c1c(C)c(C(C)(C)C)c(C)n1[B-]2(F)F,CCCCCCO,565.4
1905,CC1=C(C(C)(C)C)C(C)=[N+]2C1=C(C)c1c(C)c(C(C)(C)C)c(C)n1[B-]2(F)F,CCCCO,566.6
1906,CC1=C(C(C)(C)C)C(C)=[N+]2C1=C(C)c1c(C)c(C(C)(C)C)c(C)n1[B-]2(F)F,CCCCOC(C)=O,564.6
1907,CC1=C(C(C)(C)C)C(C)=[N+]2C1=C(C)c1c(C)c(C(C)(C)C)c(C)n1[B-]2(F)F,CCCO,564.6
1908,CC1=C(C(C)(C)C)C(C)=[N+]2C1=C(C)c1c(C)c(C(C)(C)C)c(C)n1[B-]2(F)F,CCO,563.2
1909,CC1=C(C(C)(C)C)C(C)=[N+]2C1=C(C)c1c(C)c(C(C)(C)C)c(C)n1[B-]2(F)F,CCOC(C)=O,562.4
1910,CC1=C(C(C)(C)C)C(C)=[N+]2C1=C(C)c1c(C)c(C(C)(C)C)c(C)n1[B-]2(F)F,CCOCC,565.4
1911,CC1=C(C(C)(C)C)C(C)=[N+]2C1=C(C)c1c(C)c(C(C)(C)C)c(C)n1[B-]2(F)F,CN(C)C=O,565.4
1912,CC1=C(C(C)(C)C)C(C)=[N+]2C1=C(C)c1c(C)c(C(C)(C)C)c(C)n1[B-]2(F)F,CNC=O,560.6
1913,CC1=C(C(C)(C)C)C(C)=[N+]2C1=C(C)c1c(C)c(C(C)(C)C)c(C)n1[B-]2(F)F,CO,561.2
1914,CC1=C(C(C)(C)C)C(C)=[N+]2C1=C(C)c1c(C)c(C(C)(C)C)c(C)n1[B-]2(F)F,COC(C)=O,561.8
1915,CC1=C(C(C)(C)C)C(C)=[N+]2C1=C(C)c1c(C)c(C(C)(C)C)c(C)n1[B-]2(F)F,OCC(F)(F)F,561.2
1954,CC1=C2C=CC(C)=[N+]2[B-](F)(F)n2cccc21,CCCCCC,504.0
1955,CC1=C2C=CC(C)=[N+]2[B-](F)(F)n2cccc21,CO,502.0
1956,CC1=C2C=CC(C)=[N+]2[B-](F)(F)n2cccc21,ClCCl,506.0
1958,CC1=C2C=CC=[N+]2[B-](F)(F)n2cccc21,CCCCCC,506.0
1959,CC1=C2C=CC=[N+]2[B-](F)(F)n2cccc21,CO,503.0
1960,CC1=C2C=CC=[N+]2[B-](F)(F)n2cccc21,ClCCl,507.0
1995,CC1=CC(C)=[N+]2C1=C(C)c1cccn1[B-]2(F)F,CCCCCC,498.0
1996,CC1=CC(C)=[N+]2C1=C(C)c1cccn1[B-]2(F)F,CO,497.0
1997,CC1=CC(C)=[N+]2C1=C(C)c1cccn1[B-]2(F)F,ClCCl,500.0
2560,CCC1=C(C)C2=C(C)c3c(C)c(CC)c(C)n3[B-](F)(F)[N+]2=C1C,C1CCCCC1,537.2
2561,CCC1=C(C)C2=C(C)c3c(C)c(CC)c(C)n3[B-](F)(F)[N+]2=C1C,C1CCOC1,534.0
2562,CCC1=C(C)C2=C(C)c3c(C)c(CC)c(C)n3[B-](F)(F)[N+]2=C1C,C1COCCO1,533.2
2563,CCC1=C(C)C2=C(C)c3c(C)c(CC)c(C)n3[B-](F)(F)[N+]2=C1C,CC#N,530.4
2564,CCC1=C(C)C2=C(C)c3c(C)c(CC)c(C)n3[B-](F)(F)[N+]2=C1C,CC(C)=O,532.0
14818,c1ccc(-c2nn(-c3ccccc3)c3nc4ccc(N(c5ccccc5)c5cccc6ccccc56)cc4cc23)cc1,C1CCCCC1,484.7309743
14819,c1ccc(-c2nn(-c3ccccc3)c3nc4ccc(N(c5ccccc5)c5cccc6ccccc56)cc4cc23)cc1,C1CCOC1,515.995872
14820,c1ccc(-c2nn(-c3ccccc3)c3nc4ccc(N(c5ccccc5)c5cccc6ccccc56)cc4cc23)cc1,CC#N,555.247085
14821,c1ccc(-c2nn(-c3ccccc3)c3nc4ccc(N(c5ccccc5)c5cccc6ccccc56)cc4cc23)cc1,CC(C)=O,538.2131324
14822,c1ccc(-c2nn(-c3ccccc3)c3nc4ccc(N(c5ccccc5)c5cccc6ccccc56)cc4cc23)cc1,CCCCCl,509.6839959
14823,c1ccc(-c2nn(-c3ccccc3)c3nc4ccc(N(c5ccccc5)c5cccc6ccccc56)cc4cc23)cc1,CCCCOCCCC,494.8045522
14824,c1ccc(-c2nn(-c3ccccc3)c3nc4ccc(N(c5ccccc5)c5cccc6ccccc56)cc4cc23)cc1,CN(C)C=O,553.0973451
4875,CCOC(=O)c1c(/N=C/c2cccs2)sc(/N=C/c2cccs2)c1C(=O)OCC,CC#N,534.0
3204,CCCCCCCCCCc1csc(/C=N/c2sc(/N=C/c3cc(CCCCCCCCCC)cs3)c(C(=O)OCC)c2C(=O)OCC)c1,CC#N,529.0
8879,COc1ccc(C2=[O+][B-](F)(F)OC(c3ccc4c(c3)Cc3ccccc3-4)=C2)cc1,CC#N,466.0
11313,F[B-]1(F)OC(c2ccc3c(c2)Cc2ccccc2-3)=CC(c2ccccc2)=[O+]1,CC#N,491.0
13528,O=Cc1ccc2c(c1)c1ccccc1n2-c1ccc(-c2ccc(-n3c4ccccc4c4cc(C=O)ccc43)cc2)cc1,ClCCl,405.0
7270,COC(=O)c1[nH]c(-c2ccccc2)c2nnc3ccsc3c12,ClCCl,478.0
2248,CC1=[N+]2C(=C(c3ccc(C=O)cc3)c3ccc(C)n3[B-]2(F)F)C=C1c1cc2n(c1)[B-](F)(F)[N+]1=CC=CC1=C2c1c(C)cc(C)cc1C,C1CCCCC1,657.0
2249,CC1=[N+]2C(=C(c3ccc(C=O)cc3)c3ccc(C)n3[B-]2(F)F)C=C1c1cc2n(c1)[B-](F)(F)[N+]1=CC=CC1=C2c1c(C)cc(C)cc1C,CCOC(C)=O,669.0
2296,CC1=[N+]2C(=C(c3ccccc3C)c3ccc(C)n3[B-]2(F)F)C=C1c1cc2n(c1)[B-](F)(F)[N+]1=CC=CC1=C2c1c(C)cc(C)cc1C,C1CCCCC1,640.0
2297,CC1=[N+]2C(=C(c3ccccc3C)c3ccc(C)n3[B-]2(F)F)C=C1c1cc2n(c1)[B-](F)(F)[N+]1=CC=CC1=C2c1c(C)cc(C)cc1C,CCOC(C)=O,679.0
2235,CC1=[N+]2C(=C(c3ccc(Br)cc3)c3ccc(C)n3[B-]2(F)F)C=C1c1cc2n(c1)[B-](F)(F)[N+]1=CC=CC1=C2c1c(C)cc(C)cc1C,C1CCCCC1,642.0
2236,CC1=[N+]2C(=C(c3ccc(Br)cc3)c3ccc(C)n3[B-]2(F)F)C=C1c1cc2n(c1)[B-](F)(F)[N+]1=CC=CC1=C2c1c(C)cc(C)cc1C,CCOC(C)=O,670.0
12133,N#Cc1ccc(-n2c(-c3ccc(-c4ccc(-n5c6ccccc6c6ccccc65)cc4)s3)nc3c4ccccc4c4ccccc4c32)c2ccccc12,ClCCl,400.0
14290,Oc1ccccc1-c1nc2c3ccccc3c3ccccc3c2o1,Cc1ccccc1,367.0
9390,COc1ccccc1-c1nc2c3ccccc3c3ccccc3c2o1,Cc1ccccc1,368.0
13550,O=P(c1ccccc1)(c1ccc(N2c3ccccc3Oc3ccccc32)cc1)c1ccc(N2c3ccccc3Oc3ccccc32)cc1,C1CCOC1,504.6998867
13551,O=P(c1ccccc1)(c1ccc(N2c3ccccc3Oc3ccccc32)cc1)c1ccc(N2c3ccccc3Oc3ccccc32)cc1,CC#N,540.9399773
13552,O=P(c1ccccc1)(c1ccc(N2c3ccccc3Oc3ccccc32)cc1)c1ccc(N2c3ccccc3Oc3ccccc32)cc1,CO,562.4575311
13553,O=P(c1ccccc1)(c1ccc(N2c3ccccc3Oc3ccccc32)cc1)c1ccc(N2c3ccccc3Oc3ccccc32)cc1,Cc1ccccc1,465.9116648
13554,O=P(c1ccccc1)(c1ccc(N2c3ccccc3Oc3ccccc32)cc1)c1ccc(N2c3ccccc3Oc3ccccc32)cc1,ClCCl,474.405436
13555,O=P(c1ccccc1)(c1ccc(N2c3ccccc3Oc3ccccc32)cc1)c1ccc(N2c3ccccc3Oc3ccccc32)cc1,O=P(c1ccccc1)(c1ccccc1)c1ccccc1Oc1ccccc1P(=O)(c1ccccc1)c1ccccc1,476.0
2548,CCC1=C(C)C2=C(C)c3c(C)c(-c4csc(N5CCOCC5)n4)c(C)n3[B-](F)(F)[N+]2=C1C,C1CCOC1,618.0
2549,CCC1=C(C)C2=C(C)c3c(C)c(-c4csc(N5CCOCC5)n4)c(C)n3[B-](F)(F)[N+]2=C1C,C1COCCO1,606.0
2550,CCC1=C(C)C2=C(C)c3c(C)c(-c4csc(N5CCOCC5)n4)c(C)n3[B-](F)(F)[N+]2=C1C,CC#N,543.0
2551,CCC1=C(C)C2=C(C)c3c(C)c(-c4csc(N5CCOCC5)n4)c(C)n3[B-](F)(F)[N+]2=C1C,CC(C)O,538.0
2552,CCC1=C(C)C2=C(C)c3c(C)c(-c4csc(N5CCOCC5)n4)c(C)n3[B-](F)(F)[N+]2=C1C,CCO,539.0
2553,CCC1=C(C)C2=C(C)c3c(C)c(-c4csc(N5CCOCC5)n4)c(C)n3[B-](F)(F)[N+]2=C1C,CCOC(C)=O,549.0
2554,CCC1=C(C)C2=C(C)c3c(C)c(-c4csc(N5CCOCC5)n4)c(C)n3[B-](F)(F)[N+]2=C1C,CN(C)C=O,539.0
2555,CCC1=C(C)C2=C(C)c3c(C)c(-c4csc(N5CCOCC5)n4)c(C)n3[B-](F)(F)[N+]2=C1C,CO,540.0
2556,CCC1=C(C)C2=C(C)c3c(C)c(-c4csc(N5CCOCC5)n4)c(C)n3[B-](F)(F)[N+]2=C1C,CS(C)=O,539.0
2557,CCC1=C(C)C2=C(C)c3c(C)c(-c4csc(N5CCOCC5)n4)c(C)n3[B-](F)(F)[N+]2=C1C,Cc1ccccc1,597.0
2558,CCC1=C(C)C2=C(C)c3c(C)c(-c4csc(N5CCOCC5)n4)c(C)n3[B-](F)(F)[N+]2=C1C,ClC(Cl)Cl,603.0
2559,CCC1=C(C)C2=C(C)c3c(C)c(-c4csc(N5CCOCC5)n4)c(C)n3[B-](F)(F)[N+]2=C1C,ClCCl,537.0
15229,c1ccc2c(c1)c1ccccc1n2-c1ccc2c(c1)c1ccccc1n2-c1cc2c3ccccc3n3c4ccccc4c(c1)c23,C1CCCCC1,391.8250951
15230,c1ccc2c(c1)c1ccccc1n2-c1ccc2c(c1)c1ccccc1n2-c1cc2c3ccccc3n3c4ccccc4c(c1)c23,C1CCOC1,402.0912548
15231,c1ccc2c(c1)c1ccccc1n2-c1ccc2c(c1)c1ccccc1n2-c1cc2c3ccccc3n3c4ccccc4c(c1)c23,Cc1ccccc1,400.0
3359,CCCCCCN1C(=O)c2cccc3c(-c4ccc(-c5cccs5)s4)ccc(c23)C1=O,ClC(Cl)Cl,534.0
14926,c1ccc(B2Nc3cc4c(cc3-c3sccc32)NB(c2ccccc2)c2ccsc2-4)cc1,ClCCl,412.0
3423,CCCCCCc1cc2c(s1)-c1cc3c(cc1NB2c1ccccc1)-c1sc(CCCCCC)cc1B(c1ccccc1)N3,ClCCl,418.0
3936,CCCc1cc2c(s1)-c1cc3c(cc1NB2c1ccccc1)-c1sc(CCC)cc1B(c1ccccc1)N3,ClCCl,418.0
1299,CC(C)(C)c1ccc2oc3nc4oc5ccc(N6c7ccccc7Sc7ccccc76)cc5c4cc3c2c1,ClC(Cl)Cl,371.0
11289,F[B-]1(F)N(c2ccccc2)C=Cc2cccc[n+]21,C1CCCCC1,543.0
11290,F[B-]1(F)N(c2ccccc2)C=Cc2cccc[n+]21,C1CCOC1,541.0
11291,F[B-]1(F)N(c2ccccc2)C=Cc2cccc[n+]21,CC#N,555.0
11292,F[B-]1(F)N(c2ccccc2)C=Cc2cccc[n+]21,CCO,553.0
11293,F[B-]1(F)N(c2ccccc2)C=Cc2cccc[n+]21,O,539.0
3291,CCCCCCCCn1c(=O)c2cc3c(-c4ccc(N(c5ccccc5)c5ccccc5)cc4)c4cc5c(=O)n(CCCCCCCC)c(=O)c5cc4c(-c4ccc(N(c5ccccc5)c5ccccc5)cc4)c3cc2c1=O,ClC(Cl)Cl,587.0
5918,CN(C)c1ccc(/C=C/c2cc(/C=C/c3ccc(N(C)C)cc3)nc(/C=C/c3ccc(N(c4ccccc4)c4ccccc4)cc3)n2)cc1,C1CCOC1,521.0
5919,CN(C)c1ccc(/C=C/c2cc(/C=C/c3ccc(N(C)C)cc3)nc(/C=C/c3ccc(N(c4ccccc4)c4ccccc4)cc3)n2)cc1,CC#N,584.0
5920,CN(C)c1ccc(/C=C/c2cc(/C=C/c3ccc(N(C)C)cc3)nc(/C=C/c3ccc(N(c4ccccc4)c4ccccc4)cc3)n2)cc1,CC(C)=O,561.0
5921,CN(C)c1ccc(/C=C/c2cc(/C=C/c3ccc(N(C)C)cc3)nc(/C=C/c3ccc(N(c4ccccc4)c4ccccc4)cc3)n2)cc1,CCCCCCC,451.0
5922,CN(C)c1ccc(/C=C/c2cc(/C=C/c3ccc(N(C)C)cc3)nc(/C=C/c3ccc(N(c4ccccc4)c4ccccc4)cc3)n2)cc1,CS(C)=O,596.0
5923,CN(C)c1ccc(/C=C/c2cc(/C=C/c3ccc(N(C)C)cc3)nc(/C=C/c3ccc(N(c4ccccc4)c4ccccc4)cc3)n2)cc1,Cc1ccccc1,480.0
5924,CN(C)c1ccc(/C=C/c2cc(/C=C/c3ccc(N(C)C)cc3)nc(/C=C/c3ccc(N(c4ccccc4)c4ccccc4)cc3)n2)cc1,ClCCl,533.0
8521,COc1ccc(/C=C/c2cc(/C=C/c3ccc(OC)cc3)nc(/C=C/c3ccc(N(c4ccccc4)c4ccccc4)cc3)n2)cc1,C1CCOC1,511.0
8522,COc1ccc(/C=C/c2cc(/C=C/c3ccc(OC)cc3)nc(/C=C/c3ccc(N(c4ccccc4)c4ccccc4)cc3)n2)cc1,CC#N,627.0
8523,COc1ccc(/C=C/c2cc(/C=C/c3ccc(OC)cc3)nc(/C=C/c3ccc(N(c4ccccc4)c4ccccc4)cc3)n2)cc1,CC(C)=O,572.0
8524,COc1ccc(/C=C/c2cc(/C=C/c3ccc(OC)cc3)nc(/C=C/c3ccc(N(c4ccccc4)c4ccccc4)cc3)n2)cc1,CS(C)=O,622.0
8525,COc1ccc(/C=C/c2cc(/C=C/c3ccc(OC)cc3)nc(/C=C/c3ccc(N(c4ccccc4)c4ccccc4)cc3)n2)cc1,Cc1ccccc1,466.0
8526,COc1ccc(/C=C/c2cc(/C=C/c3ccc(OC)cc3)nc(/C=C/c3ccc(N(c4ccccc4)c4ccccc4)cc3)n2)cc1,ClCCl,558.0
2390,CCC(CC)n1c2ccccc2c2cc3c(cc21)c1ccccc1n3C(CC)CC,ClC(Cl)Cl,423.0
5412,CCn1c2ccccc2c2cc3c(cc21)c1ccccc1n3CC,ClC(Cl)Cl,425.0
274,C(=C/c1ccccc1/C=C/c1c2ccccc2cc2ccccc12)\c1ccncc1,C1CCOC1,498.0
312,C(=C/c1ccncn1)\c1ccc(N(c2ccccc2)c2ccccc2)cc1,ClCCl,526.0
309,C(=C/c1ccncn1)\c1ccc(N(c2ccccc2)c2ccccc2)cc1,C1CCOC1,496.0
310,C(=C/c1ccncn1)\c1ccc(N(c2ccccc2)c2ccccc2)cc1,CCCCCCC,443.0
311,C(=C/c1ccncn1)\c1ccc(N(c2ccccc2)c2ccccc2)cc1,CS(C)=O,550.0
11294,F[B-]1(F)N(c2ccccc2)c2cccc3ccc4ccc[n+]1c4c23,ClCCl,584.0
14694,c1ccc(-c2nc(-c3ccc(N4c5ccccc5C(c5ccccc5)(c5ccccc5)c5ccccc54)cc3)cc(-c3ccccn3)n2)cc1,Cc1ccccc1,460.0
14695,c1ccc(-c2nc(-c3ccc(N4c5ccccc5C(c5ccccc5)(c5ccccc5)c5ccccc54)cc3)cc(-c3ccccn3)n2)cc1,O=P(c1ccccc1)(c1ccccc1)c1ccccc1Oc1ccccc1P(=O)(c1ccccc1)c1ccccc1,468.0
9785,Cc1cc(-c2ccc3ccccc3c2)cc(C)[o+]1,ClCCl,544.0
9048,COc1ccc2c(c1)CCC1=C(c3ccccc3)C3=C(c4ccc5cccc(O)c5n4)c4c(-c5ccccc5)c5c(n4[B-](F)(F)[N+]3=C12)-c1ccc(OC)cc1CC5,O,680.0
187,C(=C/c1cc(/C=C/c2ccc(-n3c4ccccc4c4ccccc43)cc2)cc(/C=C/c2ccc(-n3c4ccccc4c4ccccc43)cc2)c1)\c1ccc(-n2c3ccccc3c3ccccc32)cc1,C1CCOC1,403.0
188,C(=C/c1cc(/C=C/c2ccc(-n3c4ccccc4c4ccccc43)cc2)cc(/C=C/c2ccc(-n3c4ccccc4c4ccccc43)cc2)c1)\c1ccc(-n2c3ccccc3c3ccccc32)cc1,CC#N,429.0
189,C(=C/c1cc(/C=C/c2ccc(-n3c4ccccc4c4ccccc43)cc2)cc(/C=C/c2ccc(-n3c4ccccc4c4ccccc43)cc2)c1)\c1ccc(-n2c3ccccc3c3ccccc32)cc1,Cc1ccccc1,401.0
190,C(=C/c1cc(/C=C/c2ccc(-n3c4ccccc4c4ccccc43)cc2)cc(/C=C/c2ccc(-n3c4ccccc4c4ccccc43)cc2)c1)\c1ccc(-n2c3ccccc3c3ccccc32)cc1,ClCCl,419.0
11376,F[B-]1(F)n2c(/C=C/c3ccc(C(=C(c4ccccc4)c4ccccc4)c4ccccc4)cc3)ccc2C(c2ccc(C(=C(c3ccccc3)c3ccccc3)c3ccccc3)cc2)=C2C=CC(/C=C/c3ccc(C(=C(c4ccccc4)c4ccccc4)c4ccccc4)cc3)=[N+]21,C1CCOC1,685.0
14714,c1ccc(-c2nc(-c3ccccc3)nc(-c3cc(-n4c5ccccc5c5ncccc54)c(-n4c5ccccc5c5ccccc54)c(-n4c5ccccc5c5ncccc54)c3)n2)cc1,CC#N,525.3488372
14715,c1ccc(-c2nc(-c3ccccc3)nc(-c3cc(-n4c5ccccc5c5ncccc54)c(-n4c5ccccc5c5ccccc54)c(-n4c5ccccc5c5ncccc54)c3)n2)cc1,CCCCCC,446.0465116
14716,c1ccc(-c2nc(-c3ccccc3)nc(-c3cc(-n4c5ccccc5c5ncccc54)c(-n4c5ccccc5c5ccccc54)c(-n4c5ccccc5c5ncccc54)c3)n2)cc1,Cc1ccccc1,464.8837209
14717,c1ccc(-c2nc(-c3ccccc3)nc(-c3cc(-n4c5ccccc5c5ncccc54)c(-n4c5ccccc5c5ccccc54)c(-n4c5ccccc5c5ncccc54)c3)n2)cc1,ClCCl,502.7906977
14718,c1ccc(-c2nc(-c3ccccc3)nc(-c3cc(-n4c5ccccc5c5ncccc54)c(-n4c5ccccc5c5ccccc54)c(-n4c5ccccc5c5ncccc54)c3)n2)cc1,O=P(c1ccccc1)(c1ccccc1)c1ccccc1Oc1ccccc1P(=O)(c1ccccc1)c1ccccc1,455.4896142
14544,c1ccc(-c2c3ccccc3c(-c3ncccn3)c3ccccc23)cc1,CCO,440.0
14545,c1ccc(-c2c3ccccc3c(-c3ncccn3)c3ccccc23)cc1,ClCCl,442.0
12305,N#Cc1cnc(-c2c3ccccc3c(-c3ccccc3)c3ccccc23)nc1,CCO,520.0
12306,N#Cc1cnc(-c2c3ccccc3c(-c3ccccc3)c3ccccc23)nc1,ClCCl,504.0
5307,CCn1c2ccccc2c2cc(-c3cc(-c4ccc5c(c4)c4ccccc4n5CC)nc(C#N)n3)ccc21,C1CCOC1,427.0
5308,CCn1c2ccccc2c2cc(-c3cc(-c4ccc5c(c4)c4ccccc4n5CC)nc(C#N)n3)ccc21,CCOC(C)=O,422.0
5309,CCn1c2ccccc2c2cc(-c3cc(-c4ccc5c(c4)c4ccccc4n5CC)nc(C#N)n3)ccc21,CN(C)C=O,455.0
5310,CCn1c2ccccc2c2cc(-c3cc(-c4ccc5c(c4)c4ccccc4n5CC)nc(C#N)n3)ccc21,Cc1ccccc1,404.0
5311,CCn1c2ccccc2c2cc(-c3cc(-c4ccc5c(c4)c4ccccc4n5CC)nc(C#N)n3)ccc21,ClCCl,435.0
5317,CCn1c2ccccc2c2cc(-c3cc(-c4ccc5c(c4)c4ccccc4n5CC)nc(OC)n3)ccc21,C1CCOC1,388.0
5318,CCn1c2ccccc2c2cc(-c3cc(-c4ccc5c(c4)c4ccccc4n5CC)nc(OC)n3)ccc21,CCOC(C)=O,388.0
5319,CCn1c2ccccc2c2cc(-c3cc(-c4ccc5c(c4)c4ccccc4n5CC)nc(OC)n3)ccc21,CN(C)C=O,415.0
5320,CCn1c2ccccc2c2cc(-c3cc(-c4ccc5c(c4)c4ccccc4n5CC)nc(OC)n3)ccc21,Cc1ccccc1,382.0
5321,CCn1c2ccccc2c2cc(-c3cc(-c4ccc5c(c4)c4ccccc4n5CC)nc(OC)n3)ccc21,ClCCl,408.0
5322,CCn1c2ccccc2c2cc(-c3cc(-c4ccc5c(c4)c4ccccc4n5CC)nc(S(C)(=O)=O)n3)ccc21,C1CCOC1,426.0
5323,CCn1c2ccccc2c2cc(-c3cc(-c4ccc5c(c4)c4ccccc4n5CC)nc(S(C)(=O)=O)n3)ccc21,CCOC(C)=O,423.0
5324,CCn1c2ccccc2c2cc(-c3cc(-c4ccc5c(c4)c4ccccc4n5CC)nc(S(C)(=O)=O)n3)ccc21,CN(C)C=O,451.0
5325,CCn1c2ccccc2c2cc(-c3cc(-c4ccc5c(c4)c4ccccc4n5CC)nc(S(C)(=O)=O)n3)ccc21,Cc1ccccc1,406.0
5326,CCn1c2ccccc2c2cc(-c3cc(-c4ccc5c(c4)c4ccccc4n5CC)nc(S(C)(=O)=O)n3)ccc21,ClCCl,437.0
5327,CCn1c2ccccc2c2cc(-c3cc(-c4ccc5c(c4)c4ccccc4n5CC)nc(SC)n3)ccc21,C1CCOC1,394.0
5328,CCn1c2ccccc2c2cc(-c3cc(-c4ccc5c(c4)c4ccccc4n5CC)nc(SC)n3)ccc21,CCOC(C)=O,392.0
5329,CCn1c2ccccc2c2cc(-c3cc(-c4ccc5c(c4)c4ccccc4n5CC)nc(SC)n3)ccc21,CN(C)C=O,421.0
5330,CCn1c2ccccc2c2cc(-c3cc(-c4ccc5c(c4)c4ccccc4n5CC)nc(SC)n3)ccc21,Cc1ccccc1,387.0
5331,CCn1c2ccccc2c2cc(-c3cc(-c4ccc5c(c4)c4ccccc4n5CC)nc(SC)n3)ccc21,ClCCl,411.0
5332,CCn1c2ccccc2c2cc(-c3cc(-c4ccc5c(c4)c4ccccc4n5CC)ncn3)ccc21,C1CCOC1,395.0
5333,CCn1c2ccccc2c2cc(-c3cc(-c4ccc5c(c4)c4ccccc4n5CC)ncn3)ccc21,CCOC(C)=O,392.0
5334,CCn1c2ccccc2c2cc(-c3cc(-c4ccc5c(c4)c4ccccc4n5CC)ncn3)ccc21,CN(C)C=O,418.0
5335,CCn1c2ccccc2c2cc(-c3cc(-c4ccc5c(c4)c4ccccc4n5CC)ncn3)ccc21,Cc1ccccc1,379.0
5336,CCn1c2ccccc2c2cc(-c3cc(-c4ccc5c(c4)c4ccccc4n5CC)ncn3)ccc21,ClCCl,414.0
3753,CCCCc1cc(C=O)c2ccc3c(CCCC)cc(N4CCCCC4)c4ccc1c2c34,CCCCCC,488.0
3754,CCCCc1cc(C=O)c2ccc3c(CCCC)cc(N4CCCCC4)c4ccc1c2c34,CCO,601.0
3755,CCCCc1cc(C=O)c2ccc3c(CCCC)cc(N4CCCCC4)c4ccc1c2c34,CN(C)C=O,575.0
3756,CCCCc1cc(C=O)c2ccc3c(CCCC)cc(N4CCCCC4)c4ccc1c2c34,CO,614.0
3757,CCCCc1cc(C=O)c2ccc3c(CCCC)cc(N4CCCCC4)c4ccc1c2c34,Cc1ccccc1,521.0
3758,CCCCc1cc(C=O)c2ccc3c(CCCC)cc(N4CCCCC4)c4ccc1c2c34,ClC(Cl)Cl,562.0
3759,CCCCc1cc(C=O)c2ccc3c(CCCC)cc(N4CCCCC4)c4ccc1c2c34,ClCCl,562.0
3742,CCCCc1cc(C(=O)CCC)c2ccc3c(CCCC)cc(N4CCCCC4)c4ccc1c2c34,C1CCOC1,528.0
3743,CCCCc1cc(C(=O)CCC)c2ccc3c(CCCC)cc(N4CCCCC4)c4ccc1c2c34,CC#N,556.0
3744,CCCCc1cc(C(=O)CCC)c2ccc3c(CCCC)cc(N4CCCCC4)c4ccc1c2c34,CCCCCC,482.0
3745,CCCCc1cc(C(=O)CCC)c2ccc3c(CCCC)cc(N4CCCCC4)c4ccc1c2c34,CCO,587.0
3746,CCCCc1cc(C(=O)CCC)c2ccc3c(CCCC)cc(N4CCCCC4)c4ccc1c2c34,CN(C)C=O,556.0
3747,CCCCc1cc(C(=O)CCC)c2ccc3c(CCCC)cc(N4CCCCC4)c4ccc1c2c34,CO,601.0
3748,CCCCc1cc(C(=O)CCC)c2ccc3c(CCCC)cc(N4CCCCC4)c4ccc1c2c34,Cc1ccccc1,510.0
3749,CCCCc1cc(C(=O)CCC)c2ccc3c(CCCC)cc(N4CCCCC4)c4ccc1c2c34,ClC(Cl)Cl,545.0
3750,CCCCc1cc(C(=O)CCC)c2ccc3c(CCCC)cc(N4CCCCC4)c4ccc1c2c34,ClCCl,545.0
3751,CCCCc1cc(C=O)c2ccc3c(CCCC)cc(N4CCCCC4)c4ccc1c2c34,C1CCOC1,540.0
3752,CCCCc1cc(C=O)c2ccc3c(CCCC)cc(N4CCCCC4)c4ccc1c2c34,CC#N,576.0
113,C(#Cc1ccc2ncsc2c1)c1ccc(N(c2ccccc2)c2ccccc2)cc1,Cc1ccccc1,428.0
13542,O=Cc1nc2ccc(C#Cc3ccc(N(c4ccccc4)c4ccccc4)cc3)cc2s1,Cc1ccccc1,519.0
11822,N#CC(C#N)=Cc1nc2ccc(C#Cc3ccc(N(c4ccccc4)c4ccccc4)cc3)cc2s1,Cc1ccccc1,617.0
9128,COc1ccc2c3c(c4ccc(OC)cc4c2c1)C1(c2ccccc2-c2ccccc21)c1ccccc1-3,C1CCCCC1,389.0
858,CC(C)(C)Nc1c(-c2ccc(-c3cc(=O)cc(-c4ccccc4)o3)cc2)nc2ccccn12,ClCCl,515.0
5363,CCn1c2ccccc2c2cc(/C=C/c3cccc(/C=C/c4ccc5c(c4)c4ccccc4n5CC)[n+]3CCCS(=O)(=O)[O-])ccc21,C1CCOC1,581.0
5364,CCn1c2ccccc2c2cc(/C=C/c3cccc(/C=C/c4ccc5c(c4)c4ccccc4n5CC)[n+]3CCCS(=O)(=O)[O-])ccc21,CC#N,579.0
5365,CCn1c2ccccc2c2cc(/C=C/c3cccc(/C=C/c4ccc5c(c4)c4ccccc4n5CC)[n+]3CCCS(=O)(=O)[O-])ccc21,CC(C)=O,578.0
5366,CCn1c2ccccc2c2cc(/C=C/c3cccc(/C=C/c4ccc5c(c4)c4ccccc4n5CC)[n+]3CCCS(=O)(=O)[O-])ccc21,Cc1ccccc1,598.0
8193,COc1ccc(-c2cc3c(s2)c(C(C)=O)cc(=O)n3Cc2ccccc2)cc1,CC#N,515.0
8194,COc1ccc(-c2cc3c(s2)c(C(C)=O)cc(=O)n3Cc2ccccc2)cc1,ClCCl,512.0
7332,COC(=O)c1cc(=O)n(Cc2ccccc2)c2cc(-c3ccc(N(C)C)cc3)sc12,CC#N,610.0
7333,COC(=O)c1cc(=O)n(Cc2ccccc2)c2cc(-c3ccc(N(C)C)cc3)sc12,ClCCl,563.0
7334,COC(=O)c1cc(=O)n(Cc2ccccc2)c2cc(-c3ccc(OC)cc3)sc12,CC#N,477.0
7335,COC(=O)c1cc(=O)n(Cc2ccccc2)c2cc(-c3ccc(OC)cc3)sc12,ClCCl,474.0
250,C(=C/c1ccc2ccccc2c1)\c1ccc(N(c2ccccc2)c2ccccc2)cc1,CC#N,489.0
251,C(=C/c1ccc2ccccc2c1)\c1ccc(N(c2ccccc2)c2ccccc2)cc1,CCCCCC,405.0
14144,Oc1c(-c2nc3c4ccccc4c4ccccc4c3[nH]2)cc2c3c1CCCN3CCC2,C1CCOC1,439.0
14145,Oc1c(-c2nc3c4ccccc4c4ccccc4c3[nH]2)cc2c3c1CCCN3CCC2,CC#N,478.0
14146,Oc1c(-c2nc3c4ccccc4c4ccccc4c3[nH]2)cc2c3c1CCCN3CCC2,CCCCCC,406.0
14147,Oc1c(-c2nc3c4ccccc4c4ccccc4c3[nH]2)cc2c3c1CCCN3CCC2,CO,465.0
14148,Oc1c(-c2nc3c4ccccc4c4ccccc4c3[nH]2)cc2c3c1CCCN3CCC2,CS(C)=O,491.0
14149,Oc1c(-c2nc3c4ccccc4c4ccccc4c3[nH]2)cc2c3c1CCCN3CCC2,Cc1ccccc1,419.0
14150,Oc1c(-c2nc3c4ccccc4c4ccccc4c3[nH]2)cc2c3c1CCCN3CCC2,ClCCl,433.0
4769,CCOC(=O)CN(CC(=O)OCC)c1ccc(-c2cc(-c3cccnc3)nc(-c3cccnc3)c2)cc1,CC#N,438.0
4770,CCOC(=O)CN(CC(=O)OCC)c1ccc(-c2cc(-c3cccnc3)nc(-c3cccnc3)c2)cc1,CCOC(C)=O,411.0
4771,CCOC(=O)CN(CC(=O)OCC)c1ccc(-c2cc(-c3cccnc3)nc(-c3cccnc3)c2)cc1,CN(C)C=O,442.0
4772,CCOC(=O)CN(CC(=O)OCC)c1ccc(-c2cc(-c3cccnc3)nc(-c3cccnc3)c2)cc1,CS(C)=O,454.0
4773,CCOC(=O)CN(CC(=O)OCC)c1ccc(-c2cc(-c3cccnc3)nc(-c3cccnc3)c2)cc1,c1ccccc1,394.0
2498,CCC1=C(C)C(=O)n2c1cc1[nH]c(C(=O)OC(C)(C)C)c(C)c1c2=O,C1CCCCC1,443.0
2499,CCC1=C(C)C(=O)n2c1cc1[nH]c(C(=O)OC(C)(C)C)c(C)c1c2=O,CO,505.0
2500,CCC1=C(C)C(=O)n2c1cc1[nH]c(C(=O)OC(C)(C)C)c(C)c1c2=O,CS(C)=O,483.0
2501,CCC1=C(C)C(=O)n2c1cc1[nH]c(C(=O)OC(C)(C)C)c(C)c1c2=O,ClC(Cl)Cl,453.0
2502,CCC1=C(C)C(=O)n2c1cc1[nH]c(C(=O)OC(C)(C)C)c(C)c1c2=O,c1ccccc1,443.0
3022,CCCCCCCC1=C(C)C(=O)n2c1cc1[nH]c(C(=O)OC)c(C)c1c2=O,C1CCCCC1,448.0
3023,CCCCCCCC1=C(C)C(=O)n2c1cc1[nH]c(C(=O)OC)c(C)c1c2=O,CO,500.0
3024,CCCCCCCC1=C(C)C(=O)n2c1cc1[nH]c(C(=O)OC)c(C)c1c2=O,CS(C)=O,482.0
3025,CCCCCCCC1=C(C)C(=O)n2c1cc1[nH]c(C(=O)OC)c(C)c1c2=O,ClC(Cl)Cl,448.0
3026,CCCCCCCC1=C(C)C(=O)n2c1cc1[nH]c(C(=O)OC)c(C)c1c2=O,c1ccccc1,441.0
2535,CCC1=C(C)C(=O)n2c1cc1c(c(C)c(C(=O)OC)n1C)c2=O,C1CCCCC1,435.0
2536,CCC1=C(C)C(=O)n2c1cc1c(c(C)c(C(=O)OC)n1C)c2=O,CO,501.0
2537,CCC1=C(C)C(=O)n2c1cc1c(c(C)c(C(=O)OC)n1C)c2=O,CS(C)=O,482.0
2538,CCC1=C(C)C(=O)n2c1cc1c(c(C)c(C(=O)OC)n1C)c2=O,ClC(Cl)Cl,455.0
2539,CCC1=C(C)C(=O)n2c1cc1c(c(C)c(C(=O)OC)n1C)c2=O,c1ccccc1,447.0
2540,CCC1=C(C)C(=O)n2c1cc1c(c(C)c(C(=O)OCC(C)C)n1CC(C)C)c2=O,C1CCCCC1,437.0
2541,CCC1=C(C)C(=O)n2c1cc1c(c(C)c(C(=O)OCC(C)C)n1CC(C)C)c2=O,CO,498.0
2542,CCC1=C(C)C(=O)n2c1cc1c(c(C)c(C(=O)OCC(C)C)n1CC(C)C)c2=O,CS(C)=O,479.0
2543,CCC1=C(C)C(=O)n2c1cc1c(c(C)c(C(=O)OCC(C)C)n1CC(C)C)c2=O,ClC(Cl)Cl,457.0
2544,CCC1=C(C)C(=O)n2c1cc1c(c(C)c(C(=O)OCC(C)C)n1CC(C)C)c2=O,c1ccccc1,446.0
4739,CCOC(=O)CCCn1c(C(=O)OC)c(C)c2c(=O)n3c(cc21)C(CC)=C(C)C3=O,C1CCCCC1,434.0
4740,CCOC(=O)CCCn1c(C(=O)OC)c(C)c2c(=O)n3c(cc21)C(CC)=C(C)C3=O,CO,499.0
4741,CCOC(=O)CCCn1c(C(=O)OC)c(C)c2c(=O)n3c(cc21)C(CC)=C(C)C3=O,CS(C)=O,481.0
4742,CCOC(=O)CCCn1c(C(=O)OC)c(C)c2c(=O)n3c(cc21)C(CC)=C(C)C3=O,ClC(Cl)Cl,456.0
4743,CCOC(=O)CCCn1c(C(=O)OC)c(C)c2c(=O)n3c(cc21)C(CC)=C(C)C3=O,c1ccccc1,446.0
14939,c1ccc(C2=C3C4=C(C5=[N+]3[B-]3(Oc6ccccc65)Oc5ccccc5-c5c6c(c2n53)C2CCC6CC2)C2CCC4CC2)cc1,ClCCl,645.0
1943,CC1=C(c2cccs2)C(C)=[N+]2C1=C(c1ccc(O)cc1)c1c(C)c(-c3cccs3)c(C)n1[B-]2(F)F,CO,602.0
1944,CC1=C(c2cccs2)C(C)=[N+]2C1=C(c1ccc(O)cc1)c1c(C)c(-c3cccs3)c(C)n1[B-]2(F)F,Cc1ccccc1,604.0
1945,CC1=C(c2cccs2)C(C)=[N+]2C1=C(c1ccc(O)cc1)c1c(C)c(-c3cccs3)c(C)n1[B-]2(F)F,ClCCl,605.0
1949,CC1=C(c2cccs2)C(C)=[N+]2C1=C(c1ccccc1)c1c(C)c(-c3cccs3)c(C)n1[B-]2(F)F,CO,610.0
1950,CC1=C(c2cccs2)C(C)=[N+]2C1=C(c1ccccc1)c1c(C)c(-c3cccs3)c(C)n1[B-]2(F)F,Cc1ccccc1,609.0
1951,CC1=C(c2cccs2)C(C)=[N+]2C1=C(c1ccccc1)c1c(C)c(-c3cccs3)c(C)n1[B-]2(F)F,ClCCl,609.0
897,CC(C)(C)c1cc2c3cc(C(C)(C)C)c(-c4cc5cc6c7cccc8cccc(c9cc(C(C)(C)C)cc(c5cc4C(C)(C)C)c96)c87)cc3cc3c4cccc5cccc(c(c1)c23)c54,CC1CCCCC1,454.0
14697,c1ccc(-c2nc(-c3ccc(N4c5ccccc5Sc5ccccc54)cc3)nn2-c2ccc(N3c4ccccc4Sc4ccccc43)cc2)nc1,ClCCl,490.0
12854,O=C([O-])c1ccc(C(=O)[O-])c(C2=c3cc4c5c(c3Oc3c2cc2c6c3CCCN6CCC2)CCC[N+]=5CCC4)c1,CCO,596.0
12855,O=C([O-])c1ccc(C(=O)[O-])c(C2=c3cc4c5c(c3Oc3c2cc2c6c3CCCN6CCC2)CCC[N+]=5CCC4)c1,O,603.0
12857,O=C([O-])c1ccc(C2=c3cc4c5c(c3Oc3c2cc2c6c3CCCN6CCC2)CCC[N+]=5CCC4)c(C(=O)[O-])c1,CCO,601.0
12858,O=C([O-])c1ccc(C2=c3cc4c5c(c3Oc3c2cc2c6c3CCCN6CCC2)CCC[N+]=5CCC4)c(C(=O)[O-])c1,O,603.0
12864,O=C([O-])c1ccccc1C1=c2cc3c4c(c2Oc2c1cc1c5c2CCCN5CCC1)CCC[N+]=4CCC3,CC#N,603.0
12865,O=C([O-])c1ccccc1C1=c2cc3c4c(c2Oc2c1cc1c5c2CCCN5CCC1)CCC[N+]=4CCC3,CCO,593.0
12866,O=C([O-])c1ccccc1C1=c2cc3c4c(c2Oc2c1cc1c5c2CCCN5CCC1)CCC[N+]=4CCC3,CN(C)C=O,608.0
12867,O=C([O-])c1ccccc1C1=c2cc3c4c(c2Oc2c1cc1c5c2CCCN5CCC1)CCC[N+]=4CCC3,O,604.0
1581,CC1(C)CC(/C=C/c2ccc(-n3ccnc3)cc2)=CC(=C(C#N)C#N)C1,C1CCOC1,524.0
1582,CC1(C)CC(/C=C/c2ccc(-n3ccnc3)cc2)=CC(=C(C#N)C#N)C1,CC#N,526.0
1583,CC1(C)CC(/C=C/c2ccc(-n3ccnc3)cc2)=CC(=C(C#N)C#N)C1,CCO,520.0
1584,CC1(C)CC(/C=C/c2ccc(-n3ccnc3)cc2)=CC(=C(C#N)C#N)C1,CCOC(C)=O,518.0
1585,CC1(C)CC(/C=C/c2ccc(-n3ccnc3)cc2)=CC(=C(C#N)C#N)C1,ClCCl,504.0
1586,CC1(C)CC(/C=C/c2ccc(-n3ccnc3)cc2)=CC(=C(C#N)C#N)C1,c1ccccc1,511.0
10420,Cc1ccc(C#Cc2c3cc4ccccc4cc3c(C#C[Si](C(C)C)(C(C)C)C(C)C)c3cc4ccccc4cc23)cc1,ClCCl,661.0
8631,COc1ccc(C#Cc2c3cc4ccccc4cc3c(C#C[Si](C(C)C)(C(C)C)C(C)C)c3cc4ccccc4cc23)cc1,ClCCl,666.0
1357,CC(C)[Si](C#Cc1c2cc3ccccc3cc2c(C#Cc2ccc(Br)cc2)c2cc3ccccc3cc12)(C(C)C)C(C)C,ClCCl,663.0
1358,CC(C)[Si](C#Cc1c2cc3ccccc3cc2c(C#Cc2ccc(C(F)(F)F)cc2)c2cc3ccccc3cc12)(C(C)C)C(C)C,ClCCl,667.0
1359,CC(C)[Si](C#Cc1c2cc3ccccc3cc2c(C#Cc2ccc(F)cc2)c2cc3ccccc3cc12)(C(C)C)C(C)C,ClCCl,660.0
1360,CC(C)[Si](C#Cc1c2cc3ccccc3cc2c(C#Cc2ccccc2)c2cc3ccccc3cc12)(C(C)C)C(C)C,ClCCl,661.0
1394,CC(C)[Si](C#Cc1ccc(C#Cc2c3cc4ccccc4cc3c(C#C[Si](C(C)C)(C(C)C)C(C)C)c3cc4ccccc4cc23)cc1)(C(C)C)C(C)C,ClCCl,668.0
3266,CCCCCCCCOc1ccc(C#Cc2c3cc4ccccc4cc3c(C#C[Si](C(C)C)(C(C)C)C(C)C)c3cc4ccccc4cc23)cc1,ClCCl,666.0
5727,CN(C)c1ccc(-n2c(-c3ccncc3)nc3nccnc32)cc1,CC#N,405.0
5797,CN(C)c1ccc(/C=C/C=C/c2ccncc2)cc1,C1COCCO1,488.0
5798,CN(C)c1ccc(/C=C/C=C/c2ccncc2)cc1,CC#N,540.0
5799,CN(C)c1ccc(/C=C/C=C/c2ccncc2)cc1,CCCCCCC,446.0
5800,CN(C)c1ccc(/C=C/C=C/c2ccncc2)cc1,CO,551.0
7254,COC(=O)C[C@H](Cc1c[nH]c2ccccc12)NC(=O)[C@H](CC(=O)N[C@@H](CC1=CCc2ccccc21)C(=O)OC)NC(=O)[C@H](Cc1c[nH]c2ccccc12)NC(=O)OC(C)(C)C,CC#N,334.0
7255,COC(=O)C[C@H](Cc1c[nH]c2ccccc12)NC(=O)[C@H](CC(=O)N[C@@H](CC1=CCc2ccccc21)C(=O)OC)NC(=O)[C@H](Cc1c[nH]c2ccccc12)NC(=O)OC(C)(C)C,CCOC(C)=O,330.0
7256,COC(=O)C[C@H](Cc1c[nH]c2ccccc12)NC(=O)[C@H](CC(=O)N[C@@H](CC1=CCc2ccccc21)C(=O)OC)NC(=O)[C@H](Cc1c[nH]c2ccccc12)NC(=O)OC(C)(C)C,CO,338.0
13060,O=C1Cc2ccc(cc2)CC(=O)Cc2ccc(c3nsnc23)C1,CC#N,495.0
13061,O=C1Cc2ccc(cc2)CC(=O)Cc2ccc(c3nsnc23)C1,ClC(Cl)Cl,488.0
13059,O=C1Cc2ccc(cc2)CC(=O)Cc2ccc(c3nsnc23)C1,C1CCCCC1,468.0
14970,c1ccc(N(c2ccccc2)c2ccc(-c3ccc(-c4nc(-c5ccccn5)n(-c5ccccc5)n4)cc3)cc2)cc1,ClCCl,435.0
2381,CCC(CC)COC1=CC2=C3c4cc(OCC(CC)CC)c(-c5ccccc5)n4[B-](F)(F)[n+]4c3n(c3cc(C(C)(C)C)ccc34)[B-](F)(F)[N+]2=C1c1ccccc1,CC#N,733.0
2382,CCC(CC)COC1=CC2=C3c4cc(OCC(CC)CC)c(-c5ccccc5)n4[B-](F)(F)[n+]4c3n(c3cc(C(C)(C)C)ccc34)[B-](F)(F)[N+]2=C1c1ccccc1,ClCCl,736.0
2380,CCC(CC)COC1=CC2=C3c4cc(OCC(CC)CC)c(-c5ccccc5)n4[B-](F)(F)[n+]4c3n(c3cc(C(C)(C)C)ccc34)[B-](F)(F)[N+]2=C1c1ccccc1,C1CCOC1,734.0
9767,Cc1cc(-c2ccc(-c3ccccc3)cc2)nc(-c2ccc(-n3c4ccccc4c4ccccc43)cc2)n1,ClC(Cl)Cl,416.0
9764,Cc1cc(-c2ccc(-c3ccccc3)cc2)nc(-c2ccc(-n3c4ccccc4c4ccccc43)cc2)n1,C1CCOC1,418.0
9765,Cc1cc(-c2ccc(-c3ccccc3)cc2)nc(-c2ccc(-n3c4ccccc4c4ccccc43)cc2)n1,CN(C)C=O,474.0
9766,Cc1cc(-c2ccc(-c3ccccc3)cc2)nc(-c2ccc(-n3c4ccccc4c4ccccc43)cc2)n1,Cc1ccccc1,386.0
7740,COc1cc(/C=C/C2=CC(/C=C/c3ccc(OS(=O)(=O)c4ccc(C)cc4)c(OC)c3)=[O+][B-](F)(F)O2)ccc1OS(=O)(=O)c1ccc(C)cc1,ClCCl,505.07
12256,N#Cc1ccc2cc[nH]c2c1,CS(C)=O,363.0
12257,N#Cc1ccc2cc[nH]c2c1,O,375.0
12258,N#Cc1ccc2cc[nH]c2c1,OCC(F)(F)F,364.0
12077,N#Cc1cc2ccccc2[nH]1,C1CCOC1,328.0
12078,N#Cc1cc2ccccc2[nH]1,C1COCCO1,329.0
12079,N#Cc1cc2ccccc2[nH]1,CC#N,330.0
12080,N#Cc1cc2ccccc2[nH]1,CC(C)O,332.0
12081,N#Cc1cc2ccccc2[nH]1,CCO,334.0
12082,N#Cc1cc2ccccc2[nH]1,CO,335.0
12083,N#Cc1cc2ccccc2[nH]1,CS(C)=O,335.0
12084,N#Cc1cc2ccccc2[nH]1,O,350.0
12085,N#Cc1cc2ccccc2[nH]1,OCC(F)(F)F,339.0
12227,N#Cc1ccc2[nH]ccc2c1,C1CCOC1,349.0
12228,N#Cc1ccc2[nH]ccc2c1,C1COCCO1,348.0
12229,N#Cc1ccc2[nH]ccc2c1,CC#N,362.0
12230,N#Cc1ccc2[nH]ccc2c1,CC(C)O,362.0
12231,N#Cc1ccc2[nH]ccc2c1,CCO,364.0
12232,N#Cc1ccc2[nH]ccc2c1,CO,367.0
12233,N#Cc1ccc2[nH]ccc2c1,CS(C)=O,371.0
12234,N#Cc1ccc2[nH]ccc2c1,O,390.0
12235,N#Cc1ccc2[nH]ccc2c1,OCC(F)(F)F,374.0
14410,[NH3+]C(Cc1c[nH]c2ccccc12)C(=O)[O-],O,350.0
12250,N#Cc1ccc2cc[nH]c2c1,C1CCOC1,345.0
12251,N#Cc1ccc2cc[nH]c2c1,C1COCCO1,342.0
12252,N#Cc1ccc2cc[nH]c2c1,CC#N,354.0
12253,N#Cc1ccc2cc[nH]c2c1,CC(C)O,356.0
12254,N#Cc1ccc2cc[nH]c2c1,CCO,358.0
7257,COC(=O)C[C@H](NC(=O)[C@H](Cc1c[nH]c2ccccc12)NC(=O)OC(C)(C)C)C(=O)OC,CC#N,330.0
7258,COC(=O)C[C@H](NC(=O)[C@H](Cc1c[nH]c2ccccc12)NC(=O)OC(C)(C)C)C(=O)OC,CCOC(C)=O,327.0
7259,COC(=O)C[C@H](NC(=O)[C@H](Cc1c[nH]c2ccccc12)NC(=O)OC(C)(C)C)C(=O)OC,CO,338.0
12255,N#Cc1ccc2cc[nH]c2c1,CO,367.0
12003,N#Cc1c[nH]c2ccccc12,C1CCOC1,314.0
12004,N#Cc1c[nH]c2ccccc12,C1COCCO1,305.0
12005,N#Cc1c[nH]c2ccccc12,CC#N,313.0
12006,N#Cc1c[nH]c2ccccc12,CC(C)O,315.0
12007,N#Cc1c[nH]c2ccccc12,CCO,314.0
12008,N#Cc1c[nH]c2ccccc12,CO,314.0
12009,N#Cc1c[nH]c2ccccc12,CS(C)=O,316.0
12010,N#Cc1c[nH]c2ccccc12,O,320.0
12011,N#Cc1c[nH]c2ccccc12,OCC(F)(F)F,314.0
12280,N#Cc1cccc2[nH]ccc12,C1CCOC1,371.0
12281,N#Cc1cccc2[nH]ccc12,C1COCCO1,369.0
12282,N#Cc1cccc2[nH]ccc12,CC#N,380.0
12283,N#Cc1cccc2[nH]ccc12,CC(C)O,385.0
12284,N#Cc1cccc2[nH]ccc12,CCO,387.0
12285,N#Cc1cccc2[nH]ccc12,CO,390.0
12286,N#Cc1cccc2[nH]ccc12,CS(C)=O,392.0
12287,N#Cc1cccc2[nH]ccc12,O,405.0
12288,N#Cc1cccc2[nH]ccc12,OCC(F)(F)F,394.0
12289,N#Cc1cccc2cc[nH]c12,C1CCOC1,368.0
12290,N#Cc1cccc2cc[nH]c12,C1COCCO1,367.0
12291,N#Cc1cccc2cc[nH]c12,CC#N,378.0
12292,N#Cc1cccc2cc[nH]c12,CC(C)O,380.0
12293,N#Cc1cccc2cc[nH]c12,CCO,382.0
12294,N#Cc1cccc2cc[nH]c12,CO,387.0
12295,N#Cc1cccc2cc[nH]c12,CS(C)=O,391.0
12296,N#Cc1cccc2cc[nH]c12,O,400.0
12297,N#Cc1cccc2cc[nH]c12,OCC(F)(F)F,391.0
14571,c1ccc(-c2cc(-c3ccc4c(c3)C3(c5ccccc5-c5ccccc53)c3cc(-c5cc(-c6ccccn6)nc(-c6ccccn6)c5)ccc3-4)cc(-c3ccccn3)n2)nc1,ClC(Cl)Cl,395.0
168,C(=C(c1ccccc1)c1ccccc1)c1ccc(-c2ccc(C=C(c3ccccc3)c3ccccc3)cc2)cc1,C1CCOC1,445.0
1220,CC(C)(C)c1ccc2c(c1)c1cc(C(C)(C)C)ccc1n2-c1cccc2c1Oc1c(-c3nc(-c4ccccc4)nc(-c4ccccc4)n3)cccc1C2(C)C,C1CCCCC1,428.0
1221,CC(C)(C)c1ccc2c(c1)c1cc(C(C)(C)C)ccc1n2-c1cccc2c1Oc1c(-c3nc(-c4ccccc4)nc(-c4ccccc4)n3)cccc1C2(C)C,CC(C)=O,503.0
1222,CC(C)(C)c1ccc2c(c1)c1cc(C(C)(C)C)ccc1n2-c1cccc2c1Oc1c(-c3nc(-c4ccccc4)nc(-c4ccccc4)n3)cccc1C2(C)C,Cc1ccccc1,451.0
1223,CC(C)(C)c1ccc2c(c1)c1cc(C(C)(C)C)ccc1n2-c1cccc2c1Oc1c(-c3nc(-c4ccccc4)nc(-c4ccccc4)n3)cccc1C2(C)C,ClC(Cl)Cl,489.0
1738,CC1(C)c2cccc(-c3nc(-c4ccccc4)nc(-c4ccccc4)n3)c2Oc2c(-n3c4ccccc4c4ccccc43)cccc21,C1CCCCC1,395.0
1739,CC1(C)c2cccc(-c3nc(-c4ccccc4)nc(-c4ccccc4)n3)c2Oc2c(-n3c4ccccc4c4ccccc43)cccc21,CC(C)=O,469.0
1740,CC1(C)c2cccc(-c3nc(-c4ccccc4)nc(-c4ccccc4)n3)c2Oc2c(-n3c4ccccc4c4ccccc43)cccc21,Cc1ccccc1,419.0
1741,CC1(C)c2cccc(-c3nc(-c4ccccc4)nc(-c4ccccc4)n3)c2Oc2c(-n3c4ccccc4c4ccccc43)cccc21,ClC(Cl)Cl,454.0
8560,COc1ccc(/C=C/c2ccc3ncnc(Nc4ccccc4)c3c2)cc1,ClC(Cl)Cl,440.0
13793,O=[N+]([O-])c1ccc(/C=C/c2ccc3ncnc(Nc4ccccc4)c3c2)cc1,ClC(Cl)Cl,539.0
12160,N#Cc1ccc(/C=C/c2ccc3ncnc(Nc4ccccc4)c3c2)cc1,ClC(Cl)Cl,436.0
6022,CN(C)c1ccc(/C=C/c2ccc3ncnc(Nc4ccccc4)c3c2)cc1,ClC(Cl)Cl,495.0
254,C(=C/c1ccc2ncnc(Nc3ccccc3)c2c1)\c1ccccc1,ClC(Cl)Cl,455.0
13738,O=S1(=O)C(c2cccs2)=C(c2cccs2)c2ccccc21,C1CCOC1,432.0
1867,CC1(C)c2ccccc2N(c2cccc(S(=O)(=O)c3cccc(N4c5ccccc5C(C)(C)c5ccccc54)c3)c2)c2ccccc21,C1CCOC1,422.0
1868,CC1(C)c2ccccc2N(c2cccc(S(=O)(=O)c3cccc(N4c5ccccc5C(C)(C)c5ccccc54)c3)c2)c2ccccc21,CCCCC(CC)n1c2ccc(-n3c4ccccc4c4ccccc43)cc2c2cc(-n3c4ccccc4c4ccccc43)ccc21,509.2797784
1869,CC1(C)c2ccccc2N(c2cccc(S(=O)(=O)c3cccc(N4c5ccccc5C(C)(C)c5ccccc54)c3)c2)c2ccccc21,Cc1ccccc1,489.0
1870,CC1(C)c2ccccc2N(c2cccc(S(=O)(=O)c3cccc(N4c5ccccc5C(C)(C)c5ccccc54)c3)c2)c2ccccc21,ClC(Cl)Cl,515.0
1871,CC1(C)c2ccccc2N(c2cccc(S(=O)(=O)c3cccc(N4c5ccccc5C(C)(C)c5ccccc54)c3)c2)c2ccccc21,c1cc(-n2c3ccccc3c3ccccc32)cc(-n2c3ccccc3c3ccccc32)c1,505.1246537
8206,COc1ccc(-c2cc3ccccc3p2-c2ccccc2)cc1,C1CCOC1,412.0
14767,c1ccc(-c2nc(-c3ccccc3)nc(-n3c4ccccc4c4cc(-n5c6ccccc6c6ccccc65)cc(-n5c6ccccc6c6ccccc65)c43)n2)cc1,Cc1ccccc1,465.0563607
14766,c1ccc(-c2nc(-c3ccccc3)nc(-n3c4ccccc4c4cc(-n5c6ccccc6c6ccccc65)cc(-n5c6ccccc6c6ccccc65)c43)n2)cc1,C1CCOC1,482.5281804
11224,Cn1nc(-c2ccccc2)c2n[nH]nc2c1=O,CCO,405.0
11225,Cn1nc(-c2ccccc2)c2n[nH]nc2c1=O,Cc1ccccc1,388.0
11223,Cn1nc(-c2ccccc2)c2n[nH]nc2c1=O,CC#N,405.0
2439,CCC1(CC)c2cc(C=C(C#N)C#N)ccc2-c2ccc(N(C)C)cc21,C1CCCCC1,528.0
2440,CCC1(CC)c2cc(C=C(C#N)C#N)ccc2-c2ccc(N(C)C)cc21,CC#N,688.0
2441,CCC1(CC)c2cc(C=C(C#N)C#N)ccc2-c2ccc(N(C)C)cc21,CCO,677.0
2442,CCC1(CC)c2cc(C=C(C#N)C#N)ccc2-c2ccc(N(C)C)cc21,CCOCC,579.0
2443,CCC1(CC)c2cc(C=C(C#N)C#N)ccc2-c2ccc(N(C)C)cc21,CS(C)=O,711.0
2444,CCC1(CC)c2cc(C=C(C#N)C#N)ccc2-c2ccc(N(C)C)cc21,ClCCl,631.0
2445,CCC1(CC)c2cc(C=C(C#N)C#N)ccc2-c2ccc(N(C)C)cc21,c1ccccc1,560.0
2446,CCC1(CC)c2cc(C=O)ccc2-c2ccc(N(C)C)cc21,C1CCCCC1,416.0
2447,CCC1(CC)c2cc(C=O)ccc2-c2ccc(N(C)C)cc21,CC#N,521.0
2448,CCC1(CC)c2cc(C=O)ccc2-c2ccc(N(C)C)cc21,CCO,562.0
2449,CCC1(CC)c2cc(C=O)ccc2-c2ccc(N(C)C)cc21,CCOCC,436.0
2450,CCC1(CC)c2cc(C=O)ccc2-c2ccc(N(C)C)cc21,CS(C)=O,532.0
2451,CCC1(CC)c2cc(C=O)ccc2-c2ccc(N(C)C)cc21,ClCCl,491.0
2452,CCC1(CC)c2cc(C=O)ccc2-c2ccc(N(C)C)cc21,c1ccccc1,437.0
2453,CCC1(CC)c2cc(N(C)C)ccc2-c2ccc(C(F)(F)F)cc21,C1CCCCC1,360.0
2454,CCC1(CC)c2cc(N(C)C)ccc2-c2ccc(C(F)(F)F)cc21,CC#N,337.0
2455,CCC1(CC)c2cc(N(C)C)ccc2-c2ccc(C(F)(F)F)cc21,CCO,388.0
2456,CCC1(CC)c2cc(N(C)C)ccc2-c2ccc(C(F)(F)F)cc21,CCOCC,373.0
2457,CCC1(CC)c2cc(N(C)C)ccc2-c2ccc(C(F)(F)F)cc21,CS(C)=O,414.0
2458,CCC1(CC)c2cc(N(C)C)ccc2-c2ccc(C(F)(F)F)cc21,ClCCl,387.0
2459,CCC1(CC)c2cc(N(C)C)ccc2-c2ccc(C(F)(F)F)cc21,c1ccccc1,374.0
12577,Nc1ccc2c(c1)Cc1ccccc1-2,CCOCC,349.0
12578,Nc1ccc2c(c1)Cc1ccccc1-2,CO,367.0
12579,Nc1ccc2c(c1)Cc1ccccc1-2,ClCCl,353.0
12580,Nc1ccc2c(c1)Cc1ccccc1-2,O,377.0
12569,Nc1ccc2c(c1)Cc1ccccc1-2,C1CCCCC1,347.0
12570,Nc1ccc2c(c1)Cc1ccccc1-2,C1COCCO1,363.0
12571,Nc1ccc2c(c1)Cc1ccccc1-2,CC#N,363.0
2743,CCCC1(CCC)c2cc(C#N)ccc2-c2ccc(C#N)cc21,C1CCCCC1,324.0
12572,Nc1ccc2c(c1)Cc1ccccc1-2,CC(C)O,369.0
2749,CCCC1(CCC)c2ccccc2-c2ccccc21,C1CCCCC1,309.0
14416,[NH3+]c1ccc2c(c1)Cc1ccccc1-2,O,314.0
12573,Nc1ccc2c(c1)Cc1ccccc1-2,CCCCCC,344.0
12574,Nc1ccc2c(c1)Cc1ccccc1-2,CCCCCCC,344.0
12575,Nc1ccc2c(c1)Cc1ccccc1-2,CCO,368.0
12576,Nc1ccc2c(c1)Cc1ccccc1-2,CCOC(C)=O,360.0
6488,CN(C)c1ccc2c(c1)Cc1ccccc1-2,C1CCOC1,371.0
6489,CN(C)c1ccc2c(c1)Cc1ccccc1-2,C1COCCO1,369.0
6490,CN(C)c1ccc2c(c1)Cc1ccccc1-2,CC(=O)N(C)C,385.0
6491,CN(C)c1ccc2c(c1)Cc1ccccc1-2,CCCCCC,359.0
6492,CN(C)c1ccc2c(c1)Cc1ccccc1-2,CCCCCCO,367.0
1106,CC(C)(C)c1ccc2c(c1)Cc1cc(C(C)(C)C)ccc1-2,C1CCCCC1,348.0
6493,CN(C)c1ccc2c(c1)Cc1ccccc1-2,CCCCCO,365.0
6494,CN(C)c1ccc2c(c1)Cc1ccccc1-2,CCCCO,369.0
6495,CN(C)c1ccc2c(c1)Cc1ccccc1-2,CCCO,367.0
6496,CN(C)c1ccc2c(c1)Cc1ccccc1-2,CCO,370.0
6497,CN(C)c1ccc2c(c1)Cc1ccccc1-2,CCOC(C)=O,370.0
6498,CN(C)c1ccc2c(c1)Cc1ccccc1-2,CCOCC,364.0
6499,CN(C)c1ccc2c(c1)Cc1ccccc1-2,CO,371.0
6500,CN(C)c1ccc2c(c1)Cc1ccccc1-2,CS(C)=O,388.0
6501,CN(C)c1ccc2c(c1)Cc1ccccc1-2,O,393.0
6502,CN(C)c1ccc2c(c1)Cc1ccccc1-2,OC1CCCCC1,370.0
9591,C[Si](C)(C)c1ccc(-c2ccc(-c3ccc(-c4ccc(-c5ccc([Si](C)(C)C)s5)cc4)c4nsnc34)cc2)s1,C1CCOC1,540.0
11410,F[B-]1(F)n2c(c3cccc4cccc2c43)=Nc2cccc(Cl)[n+]21,C1CCOC1,503.0
11411,F[B-]1(F)n2c(c3cccc4cccc2c43)=Nc2cccc(Cl)[n+]21,CC#N,502.0
11412,F[B-]1(F)n2c(c3cccc4cccc2c43)=Nc2cccc(Cl)[n+]21,CCCCCC,498.0
11413,F[B-]1(F)n2c(c3cccc4cccc2c43)=Nc2cccc(Cl)[n+]21,Cc1ccccc1,503.0
11414,F[B-]1(F)n2c(c3cccc4cccc2c43)=Nc2cccc(Cl)[n+]21,ClCCl,526.0
11415,F[B-]1(F)n2c(c3cccc4cccc2c43)=Nc2cccc[n+]21,C1CCOC1,518.0
11416,F[B-]1(F)n2c(c3cccc4cccc2c43)=Nc2cccc[n+]21,CC#N,514.0
11417,F[B-]1(F)n2c(c3cccc4cccc2c43)=Nc2cccc[n+]21,CCCCCC,516.0
11418,F[B-]1(F)n2c(c3cccc4cccc2c43)=Nc2cccc[n+]21,Cc1ccccc1,520.0
11419,F[B-]1(F)n2c(c3cccc4cccc2c43)=Nc2cccc[n+]21,ClCCl,518.0
14108,OCCSc1cccc2[n+]1[B-](F)(F)n1c(c3cccc4cccc1c43)=N2,C1CCOC1,505.0
14109,OCCSc1cccc2[n+]1[B-](F)(F)n1c(c3cccc4cccc1c43)=N2,CC#N,502.0
14110,OCCSc1cccc2[n+]1[B-](F)(F)n1c(c3cccc4cccc1c43)=N2,CCCCCC,497.0
14111,OCCSc1cccc2[n+]1[B-](F)(F)n1c(c3cccc4cccc1c43)=N2,Cc1ccccc1,505.0
14112,OCCSc1cccc2[n+]1[B-](F)(F)n1c(c3cccc4cccc1c43)=N2,ClCCl,501.0
3130,CCCCCCCCCCCCNc1cccc2[n+]1[B-](F)(F)n1c(c3cccc4cccc1c43)=N2,C1CCOC1,523.0
3131,CCCCCCCCCCCCNc1cccc2[n+]1[B-](F)(F)n1c(c3cccc4cccc1c43)=N2,CC#N,519.0
3132,CCCCCCCCCCCCNc1cccc2[n+]1[B-](F)(F)n1c(c3cccc4cccc1c43)=N2,CCCCCC,509.0
3133,CCCCCCCCCCCCNc1cccc2[n+]1[B-](F)(F)n1c(c3cccc4cccc1c43)=N2,Cc1ccccc1,529.0
3134,CCCCCCCCCCCCNc1cccc2[n+]1[B-](F)(F)n1c(c3cccc4cccc1c43)=N2,ClCCl,522.0
10859,Cc1cccc2[n+]1[B-](F)(F)n1c(c3cccc4cccc1c43)=N2,C1CCOC1,496.0
10860,Cc1cccc2[n+]1[B-](F)(F)n1c(c3cccc4cccc1c43)=N2,CC#N,495.0
10861,Cc1cccc2[n+]1[B-](F)(F)n1c(c3cccc4cccc1c43)=N2,CCCCCC,494.0
10862,Cc1cccc2[n+]1[B-](F)(F)n1c(c3cccc4cccc1c43)=N2,Cc1ccccc1,498.0
10863,Cc1cccc2[n+]1[B-](F)(F)n1c(c3cccc4cccc1c43)=N2,ClCCl,521.0
5083,CC[N+]1(CC)CN2C(C)=CC(C)=C(C(=O)O)C2=N1,CN(C)C=O,449.0
5084,CC[N+]1(CC)CN2C(C)=CC(C)=C(C(=O)O)C2=N1,O,449.0
5085,CC[N+]1(CC)CN2C(C)=CC(C)=C(C(=O)[O-])C2=N1,CN(C)C=O,453.0
5086,CC[N+]1(CC)CN2C(C)=CC(C)=C(C(=O)[O-])C2=N1,O,449.0
14852,c1ccc(-c2oc(-c3ccccc3)c3ccccc23)cc1,C1CCCCC1,448.0
14853,c1ccc(-c2oc(-c3ccccc3)c3ccccc23)cc1,C1CCOC1,451.0
14854,c1ccc(-c2oc(-c3ccccc3)c3ccccc23)cc1,CC#N,452.0
14855,c1ccc(-c2oc(-c3ccccc3)c3ccccc23)cc1,CCO,451.0
14856,c1ccc(-c2oc(-c3ccccc3)c3ccccc23)cc1,CN(C)C=O,458.0
14857,c1ccc(-c2oc(-c3ccccc3)c3ccccc23)cc1,CS(C)=O,460.0
14858,c1ccc(-c2oc(-c3ccccc3)c3ccccc23)cc1,Cc1ccccc1,454.0
1569,CC1(C)CC(/C=C/c2ccc(-n3c4ccccc4c4ccccc43)cc2)=CC(=C(C#N)C#N)C1,C1CCOC1,571.0
1570,CC1(C)CC(/C=C/c2ccc(-n3c4ccccc4c4ccccc43)cc2)=CC(=C(C#N)C#N)C1,CC#N,600.0
1571,CC1(C)CC(/C=C/c2ccc(-n3c4ccccc4c4ccccc43)cc2)=CC(=C(C#N)C#N)C1,CCO,583.0
1572,CC1(C)CC(/C=C/c2ccc(-n3c4ccccc4c4ccccc43)cc2)=CC(=C(C#N)C#N)C1,CCOC(C)=O,565.0
1573,CC1(C)CC(/C=C/c2ccc(-n3c4ccccc4c4ccccc43)cc2)=CC(=C(C#N)C#N)C1,ClCCl,582.0
1574,CC1(C)CC(/C=C/c2ccc(-n3c4ccccc4c4ccccc43)cc2)=CC(=C(C#N)C#N)C1,c1ccccc1,534.0
13429,O=Cc1cc(C=O)c2ccc3c(N4CCCCC4)cc(N4CCCCC4)c4ccc1c2c43,C1COCCO1,585.0
13430,O=Cc1cc(C=O)c2ccc3c(N4CCCCC4)cc(N4CCCCC4)c4ccc1c2c43,CC#N,602.0
13431,O=Cc1cc(C=O)c2ccc3c(N4CCCCC4)cc(N4CCCCC4)c4ccc1c2c43,CC(C)=O,598.0
13432,O=Cc1cc(C=O)c2ccc3c(N4CCCCC4)cc(N4CCCCC4)c4ccc1c2c43,CCCCCC,557.0
13433,O=Cc1cc(C=O)c2ccc3c(N4CCCCC4)cc(N4CCCCC4)c4ccc1c2c43,CCO,609.0
13434,O=Cc1cc(C=O)c2ccc3c(N4CCCCC4)cc(N4CCCCC4)c4ccc1c2c43,CCOC(C)=O,587.0
13435,O=Cc1cc(C=O)c2ccc3c(N4CCCCC4)cc(N4CCCCC4)c4ccc1c2c43,CO,613.0
13436,O=Cc1cc(C=O)c2ccc3c(N4CCCCC4)cc(N4CCCCC4)c4ccc1c2c43,CS(C)=O,609.0
13437,O=Cc1cc(C=O)c2ccc3c(N4CCCCC4)cc(N4CCCCC4)c4ccc1c2c43,Cc1ccccc1,582.0
13438,O=Cc1cc(C=O)c2ccc3c(N4CCCCC4)cc(N4CCCCC4)c4ccc1c2c43,ClCCl,602.0
14920,c1ccc(/C(=C(\c2ccccc2)c2cc(-c3ccc(-c4ccccc4)cc3)ccc2-c2ccc(-c3ccccc3)cc2)c2cc(-c3ccc(-c4ccccc4)cc3)ccc2-c2ccc(-c3ccccc3)cc2)cc1,C1CCOC1,496.0
10286,Cc1ccc(-c2ccc(-c3ccc(-c4ccc(-c5ccc(C)cc5)cc4)c(/C(=C(/c4ccccc4)c4cc(-c5ccc(-c6ccc(C)cc6)cc5)ccc4-c4ccc(-c5ccc(C)cc5)cc4)c4ccccc4)c3)cc2)cc1,C1CCOC1,498.0
2040,CC1=CC(C)=[N+]2C1=C(c1ccc(-c3ccc(O)cc3)s1)c1c(C)cc(C)n1[B-]2(F)F,CO,521.0
2041,CC1=CC(C)=[N+]2C1=C(c1ccc(-c3ccc(O)cc3)s1)c1c(C)cc(C)n1[B-]2(F)F,Cc1ccccc1,528.0
2042,CC1=CC(C)=[N+]2C1=C(c1ccc(-c3ccc(O)cc3)s1)c1c(C)cc(C)n1[B-]2(F)F,ClCCl,525.0
4299,CCN(CC)c1ccc2cc(/C=C/C(=C(C#N)C#N)c3ccc(N(c4ccccc4)c4ccccc4)cc3)c(=O)oc2c1,CC(C)=O,621.0
4300,CCN(CC)c1ccc2cc(/C=C/C(=C(C#N)C#N)c3ccc(N(c4ccccc4)c4ccccc4)cc3)c(=O)oc2c1,CCOC(C)=O,599.0
4301,CCN(CC)c1ccc2cc(/C=C/C(=C(C#N)C#N)c3ccc(N(c4ccccc4)c4ccccc4)cc3)c(=O)oc2c1,CN(C)C=O,636.0
4302,CCN(CC)c1ccc2cc(/C=C/C(=C(C#N)C#N)c3ccc(N(c4ccccc4)c4ccccc4)cc3)c(=O)oc2c1,CS(C)=O,643.0
4303,CCN(CC)c1ccc2cc(/C=C/C(=C(C#N)C#N)c3ccc(N(c4ccccc4)c4ccccc4)cc3)c(=O)oc2c1,Cc1ccccc1,576.0
4304,CCN(CC)c1ccc2cc(/C=C/C(=C(C#N)C#N)c3ccc(N(c4ccccc4)c4ccccc4)cc3)c(=O)oc2c1,ClCCl,581.0
11280,FC(F)(F)c1ccc(B2c3ccccc3Nc3ccccc32)c(C(F)(F)F)c1,ClCCl,407.0
11288,FC(F)(F)c1ccccc1B1c2ccccc2Nc2ccccc21,ClCCl,401.0
11065,Clc1cc(Cl)c(B2c3ccccc3Nc3ccccc32)c(Cl)c1,ClCCl,413.0
3648,CCCCN1c2ccccc2B(c2ccccc2C(F)(F)F)c2ccccc21,ClCCl,401.0
7459,COC(=O)c1nc2c(OCc3ccccc3)nc(N)nc2n1Cc1ccccc1,C1COCCO1,376.0
7460,COC(=O)c1nc2c(OCc3ccccc3)nc(N)nc2n1Cc1ccccc1,CC#N,382.0
7461,COC(=O)c1nc2c(OCc3ccccc3)nc(N)nc2n1Cc1ccccc1,CO,405.0
7462,COC(=O)c1nc2c(OCc3ccccc3)nc(N)nc2n1Cc1ccccc1,ClCCl,371.0
12334,N#Cc1nc2c(OCc3ccccc3)nc(N)nc2n1Cc1ccccc1,C1COCCO1,362.0
12335,N#Cc1nc2c(OCc3ccccc3)nc(N)nc2n1Cc1ccccc1,CC#N,366.0
12336,N#Cc1nc2c(OCc3ccccc3)nc(N)nc2n1Cc1ccccc1,CO,382.0
12337,N#Cc1nc2c(OCc3ccccc3)nc(N)nc2n1Cc1ccccc1,ClCCl,355.0
8446,COc1ccc(/C=C/C2=C3CCc4ccccc4C3=[O+][B-](F)(F)O2)cc1,ClCCl,515.0
3789,CCCCn1c(-c2ccc(-c3nnc(-c4ccc(-c5nc(-c6ccccc6)c(-c6ccccc6)n5CCCC)cc4)o3)cc2)nc(-c2ccccc2)c1-c1ccccc1,ClCCl,445.0
5817,CN(C)c1ccc(/C=C/C=C/c2nc3ccccc3s2)cc1,C1COCCO1,516.0
5818,CN(C)c1ccc(/C=C/C=C/c2nc3ccccc3s2)cc1,CC#N,562.0
5819,CN(C)c1ccc(/C=C/C=C/c2nc3ccccc3s2)cc1,CC(C)=O,557.0
5820,CN(C)c1ccc(/C=C/C=C/c2nc3ccccc3s2)cc1,CCCCCC,478.0
5821,CN(C)c1ccc(/C=C/C=C/c2nc3ccccc3s2)cc1,CCCCO,531.0
5822,CN(C)c1ccc(/C=C/C=C/c2nc3ccccc3s2)cc1,CCCO,533.0
5823,CN(C)c1ccc(/C=C/C=C/c2nc3ccccc3s2)cc1,CCO,560.0
5824,CN(C)c1ccc(/C=C/C=C/c2nc3ccccc3s2)cc1,CN(C)C=O,567.0
5825,CN(C)c1ccc(/C=C/C=C/c2nc3ccccc3s2)cc1,CO,573.0
5826,CN(C)c1ccc(/C=C/C=C/c2nc3ccccc3s2)cc1,Cc1ccccc1,500.0
5827,CN(C)c1ccc(/C=C/C=C/c2nc3ccccc3s2)cc1,ClC(Cl)(Cl)Cl,499.0
5828,CN(C)c1ccc(/C=C/C=C/c2nc3ccccc3s2)cc1,ClC(Cl)Cl,526.0
5829,CN(C)c1ccc(/C=C/C=C/c2nc3ccccc3s2)cc1,ClCCl,533.0
5830,CN(C)c1ccc(/C=C/C=C/c2nc3ccccc3s2)cc1,OCC(O)CO,583.0
5831,CN(C)c1ccc(/C=C/C=C/c2nc3ccccc3s2)cc1,OCCO,583.0
5832,CN(C)c1ccc(/C=C/C=C/c2nc3ccccc3s2)cc1,c1ccccc1,504.0
13929,O=c1c2ccccc2n2c3ccccc3c(=O)c3cc(-c4ccccc4)cc1c32,CC#N,475.0
13930,O=c1c2ccccc2n2c3ccccc3c(=O)c3cc(-c4ccccc4)cc1c32,CCCCCC,447.0
13931,O=c1c2ccccc2n2c3ccccc3c(=O)c3cc(-c4ccccc4)cc1c32,CCCCOCCCC,454.0
13932,O=c1c2ccccc2n2c3ccccc3c(=O)c3cc(-c4ccccc4)cc1c32,CCOC(C)=O,464.0
13933,O=c1c2ccccc2n2c3ccccc3c(=O)c3cc(-c4ccccc4)cc1c32,CN(C)C=O,477.0
13934,O=c1c2ccccc2n2c3ccccc3c(=O)c3cc(-c4ccccc4)cc1c32,Cc1ccccc1,464.9810367
13935,O=c1c2ccccc2n2c3ccccc3c(=O)c3cc(-c4ccccc4)cc1c32,c1cc(-c2cccc(-n3c4ccccc4c4ccccc43)c2)cc(-n2c3ccccc3c3ccccc32)c1,472.0
13936,O=c1c2ccccc2n2c3ccccc3c(=O)c3cc(-c4ccccc4)cc1c32,c1cc(-n2c3ccccc3c3ccccc32)cc(-n2c3ccccc3c3ccccc32)c1,472.0
5647,CN(C)c1ccc(-c2ccc3c(=O)c(O)coc3c2)cc1,C1CCOC1,490.0
5648,CN(C)c1ccc(-c2ccc3c(=O)c(O)coc3c2)cc1,C1COCCO1,457.0
5649,CN(C)c1ccc(-c2ccc3c(=O)c(O)coc3c2)cc1,CC#N,559.0
5650,CN(C)c1ccc(-c2ccc3c(=O)c(O)coc3c2)cc1,CCCCCCC,393.0
5651,CN(C)c1ccc(-c2ccc3c(=O)c(O)coc3c2)cc1,CCCCCCCCO,532.0
5652,CN(C)c1ccc(-c2ccc3c(=O)c(O)coc3c2)cc1,CS(C)=O,567.0
5653,CN(C)c1ccc(-c2ccc3c(=O)c(O)coc3c2)cc1,Cc1ccccc1,442.0
5654,CN(C)c1ccc(-c2ccc3c(=O)c(O)coc3c2)cc1,ClCCl,503.0
9413,COc1coc2cc(-c3ccc(N(C)C)cc3)ccc2c1=O,C1CCOC1,470.0
9414,COc1coc2cc(-c3ccc(N(C)C)cc3)ccc2c1=O,C1COCCO1,451.0
9415,COc1coc2cc(-c3ccc(N(C)C)cc3)ccc2c1=O,CC#N,530.0
9416,COc1coc2cc(-c3ccc(N(C)C)cc3)ccc2c1=O,CCCCCCC,388.0
9417,COc1coc2cc(-c3ccc(N(C)C)cc3)ccc2c1=O,CCCCCCCCO,540.0
9418,COc1coc2cc(-c3ccc(N(C)C)cc3)ccc2c1=O,CS(C)=O,545.0
9419,COc1coc2cc(-c3ccc(N(C)C)cc3)ccc2c1=O,Cc1ccccc1,432.0
9420,COc1coc2cc(-c3ccc(N(C)C)cc3)ccc2c1=O,ClCCl,488.0
4473,CCN1C(=CC2=C([O-])C(=Cc3[se]c4ccccc4[n+]3CC)C2=O)[Se]c2ccccc21,ClC(Cl)Cl,714.0
4472,CCN1C(=CC2=C([O-])C(=Cc3[se]c4ccccc4[n+]3CC)C2=O)[Se]c2ccccc21,CO,688.0
9762,Cc1cc(-c2c3ccccc3c(-c3ccc4ccccc4c3)c3ccccc23)c(C)cc1-c1ccc(N(c2ccccc2)c2ccccc2)cc1,ClC(Cl)Cl,420.0
71,C#CCn1c2ccccc2c2cc(/C=C/c3c(Cl)c(C)c4n3[B-](F)(F)[N+]3=C(C)C(Cl)=C(C)C3=C4c3ccc(I)cc3)ccc21,CC#N,650.0
72,C#CCn1c2ccccc2c2cc(/C=C/c3c(Cl)c(C)c4n3[B-](F)(F)[N+]3=C(C)C(Cl)=C(C)C3=C4c3ccc(I)cc3)ccc21,CS(C)=O,666.0
73,C#CCn1c2ccccc2c2cc(/C=C/c3c(Cl)c(C)c4n3[B-](F)(F)[N+]3=C(C)C(Cl)=C(C)C3=C4c3ccc(I)cc3)ccc21,ClC(Cl)Cl,644.0
74,C#CCn1c2ccccc2c2cc(/C=C/c3cc(C)c4n3[B-](F)(F)[N+]3=C(C)C=C(C)C3=C4c3ccc(I)cc3)ccc21,CC#N,605.0
75,C#CCn1c2ccccc2c2cc(/C=C/c3cc(C)c4n3[B-](F)(F)[N+]3=C(C)C=C(C)C3=C4c3ccc(I)cc3)ccc21,CS(C)=O,614.0
76,C#CCn1c2ccccc2c2cc(/C=C/c3cc(C)c4n3[B-](F)(F)[N+]3=C(C)C=C(C)C3=C4c3ccc(I)cc3)ccc21,ClC(Cl)Cl,607.0
14440,c1cc2c(C3SCCCS3)c3ccc(=[N+]4CCCCC4)cc-3oc2cc1N1CCCCC1,CO,606.311433
13921,O=c1c2ccccc2n2c3ccc(-c4ccccc4)cc3c(=O)c3cccc1c32,CC#N,484.0
13922,O=c1c2ccccc2n2c3ccc(-c4ccccc4)cc3c(=O)c3cccc1c32,CCCCCC,448.0
13923,O=c1c2ccccc2n2c3ccc(-c4ccccc4)cc3c(=O)c3cccc1c32,CCCCOCCCC,458.0
13924,O=c1c2ccccc2n2c3ccc(-c4ccccc4)cc3c(=O)c3cccc1c32,CCOC(C)=O,470.0
13925,O=c1c2ccccc2n2c3ccc(-c4ccccc4)cc3c(=O)c3cccc1c32,CN(C)C=O,486.0
13926,O=c1c2ccccc2n2c3ccc(-c4ccccc4)cc3c(=O)c3cccc1c32,Cc1ccccc1,465.6330749
13927,O=c1c2ccccc2n2c3ccc(-c4ccccc4)cc3c(=O)c3cccc1c32,c1cc(-c2cccc(-n3c4ccccc4c4ccccc43)c2)cc(-n2c3ccccc3c3ccccc32)c1,478.0
13928,O=c1c2ccccc2n2c3ccc(-c4ccccc4)cc3c(=O)c3cccc1c32,c1cc(-n2c3ccccc3c3ccccc32)cc(-n2c3ccccc3c3ccccc32)c1,478.0
3721,CCCCc1c2ccccc2c(-c2ccc(-c3nc4cc(CC(NC(=O)OC(C)(C)C)C(=O)OC)ccc4o3)cc2)c2ccccc12,CC#N,446.9992937
3722,CCCCc1c2ccccc2c(-c2ccc(-c3nc4cc(CC(NC(=O)OC(C)(C)C)C(=O)OC)ccc4o3)cc2)c2ccccc12,CC(C)CC(C)(C)C,419.0008506
3723,CCCCc1c2ccccc2c(-c2ccc(-c3nc4cc(CC(NC(=O)OC(C)(C)C)C(=O)OC)ccc4o3)cc2)c2ccccc12,CC(C)O,446.5003304
3724,CCCCc1c2ccccc2c(-c2ccc(-c3nc4cc(CC(NC(=O)OC(C)(C)C)C(=O)OC)ccc4o3)cc2)c2ccccc12,CC(O)CO,455.499934
3725,CCCCc1c2ccccc2c(-c2ccc(-c3nc4cc(CC(NC(=O)OC(C)(C)C)C(=O)OC)ccc4o3)cc2)c2ccccc12,CC1CCCCC1,420.5002271
3726,CCCCc1c2ccccc2c(-c2ccc(-c3nc4cc(CC(NC(=O)OC(C)(C)C)C(=O)OC)ccc4o3)cc2)c2ccccc12,CC1COC(=O)O1,450.9989627
3727,CCCCc1c2ccccc2c(-c2ccc(-c3nc4cc(CC(NC(=O)OC(C)(C)C)C(=O)OC)ccc4o3)cc2)c2ccccc12,CCCCCO,446.0004906
3728,CCCCc1c2ccccc2c(-c2ccc(-c3nc4cc(CC(NC(=O)OC(C)(C)C)C(=O)OC)ccc4o3)cc2)c2ccccc12,CCCCO,448.5008858
3729,CCCCc1c2ccccc2c(-c2ccc(-c3nc4cc(CC(NC(=O)OC(C)(C)C)C(=O)OC)ccc4o3)cc2)c2ccccc12,CCOC(C)=O,425.9996081
3730,CCCCc1c2ccccc2c(-c2ccc(-c3nc4cc(CC(NC(=O)OC(C)(C)C)C(=O)OC)ccc4o3)cc2)c2ccccc12,CN(C)C=O,449.5008293
3731,CCCCc1c2ccccc2c(-c2ccc(-c3nc4cc(CC(NC(=O)OC(C)(C)C)C(=O)OC)ccc4o3)cc2)c2ccccc12,CNC=O,458.9998394
3732,CCCCc1c2ccccc2c(-c2ccc(-c3nc4cc(CC(NC(=O)OC(C)(C)C)C(=O)OC)ccc4o3)cc2)c2ccccc12,CO,463.4994206
3733,CCCCc1c2ccccc2c(-c2ccc(-c3nc4cc(CC(NC(=O)OC(C)(C)C)C(=O)OC)ccc4o3)cc2)c2ccccc12,COCCOC,437.9990452
3734,CCCCc1c2ccccc2c(-c2ccc(-c3nc4cc(CC(NC(=O)OC(C)(C)C)C(=O)OC)ccc4o3)cc2)c2ccccc12,CS(C)=O,454.5000045
3735,CCCCc1c2ccccc2c(-c2ccc(-c3nc4cc(CC(NC(=O)OC(C)(C)C)C(=O)OC)ccc4o3)cc2)c2ccccc12,ClC(Cl)Cl,439.5005516
3736,CCCCc1c2ccccc2c(-c2ccc(-c3nc4cc(CC(NC(=O)OC(C)(C)C)C(=O)OC)ccc4o3)cc2)c2ccccc12,N#Cc1ccccc1,451.9998734
3737,CCCCc1c2ccccc2c(-c2ccc(-c3nc4cc(CC(NC(=O)OC(C)(C)C)C(=O)OC)ccc4o3)cc2)c2ccccc12,NC=O,491.4995159
3738,CCCCc1c2ccccc2c(-c2ccc(-c3nc4cc(CC(NC(=O)OC(C)(C)C)C(=O)OC)ccc4o3)cc2)c2ccccc12,OC(C(F)(F)F)C(F)(F)F,454.5000045
3718,CCCCc1c2ccccc2c(-c2ccc(-c3nc4cc(CC(NC(=O)OC(C)(C)C)C(=O)OC)ccc4o3)cc2)c2ccccc12,C1CCCCC1,420.5002271
3719,CCCCc1c2ccccc2c(-c2ccc(-c3nc4cc(CC(NC(=O)OC(C)(C)C)C(=O)OC)ccc4o3)cc2)c2ccccc12,C1CCOC1,427.9997432
3720,CCCCc1c2ccccc2c(-c2ccc(-c3nc4cc(CC(NC(=O)OC(C)(C)C)C(=O)OC)ccc4o3)cc2)c2ccccc12,C1COCCO1,424.4986671
2616,CCC1=C(C)C2=C(c3c(C)cc(C)nc3-c3cccs3)c3c(C)c(CC)c(C)n3[B-](F)(F)[N+]2=C1C,C1CCCCC1,551.0
2617,CCC1=C(C)C2=C(c3c(C)cc(C)nc3-c3cccs3)c3c(C)c(CC)c(C)n3[B-](F)(F)[N+]2=C1C,C1CCOC1,551.0
2618,CCC1=C(C)C2=C(c3c(C)cc(C)nc3-c3cccs3)c3c(C)c(CC)c(C)n3[B-](F)(F)[N+]2=C1C,C1COCCO1,552.0
2619,CCC1=C(C)C2=C(c3c(C)cc(C)nc3-c3cccs3)c3c(C)c(CC)c(C)n3[B-](F)(F)[N+]2=C1C,CC#N,549.0
2620,CCC1=C(C)C2=C(c3c(C)cc(C)nc3-c3cccs3)c3c(C)c(CC)c(C)n3[B-](F)(F)[N+]2=C1C,CCCCCC,550.0
2621,CCC1=C(C)C2=C(c3c(C)cc(C)nc3-c3cccs3)c3c(C)c(CC)c(C)n3[B-](F)(F)[N+]2=C1C,CCO,550.0
2622,CCC1=C(C)C2=C(c3c(C)cc(C)nc3-c3cccs3)c3c(C)c(CC)c(C)n3[B-](F)(F)[N+]2=C1C,CCOC(C)=O,550.0
2623,CCC1=C(C)C2=C(c3c(C)cc(C)nc3-c3cccs3)c3c(C)c(CC)c(C)n3[B-](F)(F)[N+]2=C1C,CCOCC,548.0
2624,CCC1=C(C)C2=C(c3c(C)cc(C)nc3-c3cccs3)c3c(C)c(CC)c(C)n3[B-](F)(F)[N+]2=C1C,CN(C)C=O,551.0
2625,CCC1=C(C)C2=C(c3c(C)cc(C)nc3-c3cccs3)c3c(C)c(CC)c(C)n3[B-](F)(F)[N+]2=C1C,CS(C)=O,552.0
2626,CCC1=C(C)C2=C(c3c(C)cc(C)nc3-c3cccs3)c3c(C)c(CC)c(C)n3[B-](F)(F)[N+]2=C1C,Cc1ccccc1,553.0
2627,CCC1=C(C)C2=C(c3c(C)cc(C)nc3-c3cccs3)c3c(C)c(CC)c(C)n3[B-](F)(F)[N+]2=C1C,ClC(Cl)(Cl)Cl,553.0
2628,CCC1=C(C)C2=C(c3c(C)cc(C)nc3-c3cccs3)c3c(C)c(CC)c(C)n3[B-](F)(F)[N+]2=C1C,ClC(Cl)Cl,554.0
11764,N#CC(C#N)=C(c1ccc(N(c2ccccc2)c2ccccc2)cc1)c1ccc(N(c2ccccc2)c2ccccc2)cc1,C1CCCCC1,413.304721
11765,N#CC(C#N)=C(c1ccc(N(c2ccccc2)c2ccccc2)cc1)c1ccc(N(c2ccccc2)c2ccccc2)cc1,CC(C)=O,505.5793991
11766,N#CC(C#N)=C(c1ccc(N(c2ccccc2)c2ccccc2)cc1)c1ccc(N(c2ccccc2)c2ccccc2)cc1,CN(C)C=O,515.2360515
11767,N#CC(C#N)=C(c1ccc(N(c2ccccc2)c2ccccc2)cc1)c1ccc(N(c2ccccc2)c2ccccc2)cc1,Cc1ccccc1,439.4849785
11768,N#CC(C#N)=C(c1ccc(N(c2ccccc2)c2ccccc2)cc1)c1ccc(N(c2ccccc2)c2ccccc2)cc1,ClC(Cl)Cl,491.2017167
4081,CCN(CC)c1ccc(/C=N/c2cc3ccccc3cc2/N=C/c2ccc(N(CC)CC)cc2O)c(O)c1,CN(C)C=O,516.0
4082,CCN(CC)c1ccc(/C=N/c2cc3ccccc3cc2/N=C/c2ccc(N(CC)CC)cc2O)c(O)c1,ClCCl,539.0
4080,CCN(CC)c1ccc(/C=N/c2cc3ccccc3cc2/N=C/c2ccc(N(CC)CC)cc2O)c(O)c1,CC#N,512.0
126,C(#Cc1ccccc1)C(C#Cc1ccccc1)=Cc1cccc(C=C(C#Cc2ccccc2)C#Cc2ccccc2)c1,ClC(Cl)Cl,413.0
13473,O=Cc1ccc(-c2ccc(-c3nc4ccccc4s3)c(O)c2)s1,CCO,540.0
13474,O=Cc1ccc(-c2ccc(-c3nc4ccccc4s3)c(O)c2)s1,ClCCl,535.0
11778,N#CC(C#N)=Cc1ccc(-c2ccc(-c3nc4ccccc4s3)c(O)c2)s1,CCO,499.0
11779,N#CC(C#N)=Cc1ccc(-c2ccc(-c3nc4ccccc4s3)c(O)c2)s1,ClCCl,503.0
11780,N#CC(C#N)=Cc1ccc(-c2ccc(-c3nc4ccccc4s3)c(O)c2)s1,O,609.0
13475,O=Cc1ccc(-c2ccc(-c3nc4ccccc4s3)c(O)c2)s1,O,557.0
14154,Oc1cc(-c2cccs2)ccc1-c1nc2ccccc2s1,CCO,408.0
14155,Oc1cc(-c2cccs2)ccc1-c1nc2ccccc2s1,ClCCl,515.0
14156,Oc1cc(-c2cccs2)ccc1-c1nc2ccccc2s1,O,517.0
14018,O=c1oc2ccccc2c2c1c(=O)oc1c3ccccc3cc(O)c12,ClCCl,533.0
520,C1=Cc2nc1c(-c1ccco1)c1ccc(s1)c(-c1ccco1)c1nc(c(-c3ccco3)c3ccc(s3)c2-c2ccco2)C=C1,ClCCl,773.0
11296,F[B-]1(F)N2C=CN=CC2=[N+]2[N+]1=Cc1c(-c3ccccc3)cc(-c3cccs3)n1[B-]2(F)F,ClCCl,566.0
5338,CCn1c2ccccc2c2cc(/C=C/C(=O)c3ccc4c(c3)c3cc(C(=O)/C=C/c5ccc6c(c5)c5ccccc5n6CC)ccc3n4CC)ccc21,C1CCCCC1,430.0
5339,CCn1c2ccccc2c2cc(/C=C/C(=O)c3ccc4c(c3)c3cc(C(=O)/C=C/c5ccc6c(c5)c5ccccc5n6CC)ccc3n4CC)ccc21,C1CCOC1,474.0
5340,CCn1c2ccccc2c2cc(/C=C/C(=O)c3ccc4c(c3)c3cc(C(=O)/C=C/c5ccc6c(c5)c5ccccc5n6CC)ccc3n4CC)ccc21,CC#N,491.0
5341,CCn1c2ccccc2c2cc(/C=C/C(=O)c3ccc4c(c3)c3cc(C(=O)/C=C/c5ccc6c(c5)c5ccccc5n6CC)ccc3n4CC)ccc21,CC(C)=O,476.0
5342,CCn1c2ccccc2c2cc(/C=C/C(=O)c3ccc4c(c3)c3cc(C(=O)/C=C/c5ccc6c(c5)c5ccccc5n6CC)ccc3n4CC)ccc21,CCO,521.0
5343,CCn1c2ccccc2c2cc(/C=C/C(=O)c3ccc4c(c3)c3cc(C(=O)/C=C/c5ccc6c(c5)c5ccccc5n6CC)ccc3n4CC)ccc21,CCOCC,475.0
5344,CCn1c2ccccc2c2cc(/C=C/C(=O)c3ccc4c(c3)c3cc(C(=O)/C=C/c5ccc6c(c5)c5ccccc5n6CC)ccc3n4CC)ccc21,CN(C)C=O,487.0
5345,CCn1c2ccccc2c2cc(/C=C/C(=O)c3ccc4c(c3)c3cc(C(=O)/C=C/c5ccc6c(c5)c5ccccc5n6CC)ccc3n4CC)ccc21,CO,542.0
5346,CCn1c2ccccc2c2cc(/C=C/C(=O)c3ccc4c(c3)c3cc(C(=O)/C=C/c5ccc6c(c5)c5ccccc5n6CC)ccc3n4CC)ccc21,CS(C)=O,493.0
5347,CCn1c2ccccc2c2cc(/C=C/C(=O)c3ccc4c(c3)c3cc(C(=O)/C=C/c5ccc6c(c5)c5ccccc5n6CC)ccc3n4CC)ccc21,ClC(Cl)(Cl)Cl,454.0
5348,CCn1c2ccccc2c2cc(/C=C/C(=O)c3ccc4c(c3)c3cc(C(=O)/C=C/c5ccc6c(c5)c5ccccc5n6CC)ccc3n4CC)ccc21,ClC(Cl)Cl,475.0
13428,O=Cc1c(O)c(-c2nc3ccccc3s2)cc2ccccc12,ClCCl,505.0
13419,O=Cc1c(O)c(-c2nc3ccccc3s2)cc2ccccc12,C1CCOC1,497.0
13420,O=Cc1c(O)c(-c2nc3ccccc3s2)cc2ccccc12,CC#N,505.0
13421,O=Cc1c(O)c(-c2nc3ccccc3s2)cc2ccccc12,CC(C)=O,507.0
13422,O=Cc1c(O)c(-c2nc3ccccc3s2)cc2ccccc12,CCO,503.0
13423,O=Cc1c(O)c(-c2nc3ccccc3s2)cc2ccccc12,CCOC(C)=O,501.0
13424,O=Cc1c(O)c(-c2nc3ccccc3s2)cc2ccccc12,CN(C)C=O,538.0
13425,O=Cc1c(O)c(-c2nc3ccccc3s2)cc2ccccc12,CO,525.0
13426,O=Cc1c(O)c(-c2nc3ccccc3s2)cc2ccccc12,Cc1ccccc1,509.0
13427,O=Cc1c(O)c(-c2nc3ccccc3s2)cc2ccccc12,ClC(Cl)Cl,505.0
4946,CCOC(=O)c1ccccc1-c1c2ccc(=O)cc-2oc2cc(OC(=O)[C@H](CSCc3ccc(C)cc3)NC(=O)OC(C)(C)C)ccc12,C1CCOC1,518.0
4947,CCOC(=O)c1ccccc1-c1c2ccc(=O)cc-2oc2cc(OC(=O)[C@H](CSCc3ccc(C)cc3)NC(=O)OC(C)(C)C)ccc12,CC#N,521.0
4948,CCOC(=O)c1ccccc1-c1c2ccc(=O)cc-2oc2cc(OC(=O)[C@H](CSCc3ccc(C)cc3)NC(=O)OC(C)(C)C)ccc12,CCO,516.0
4949,CCOC(=O)c1ccccc1-c1c2ccc(=O)cc-2oc2cc(OC(=O)[C@H](CSCc3ccc(C)cc3)NC(=O)OC(C)(C)C)ccc12,CS(C)=O,549.0
15327,c1cnc2c(c1)c1nc(-c3ccc(-c4nc5c6cccnc6c6ncccc6c5[nH]4)cc3)[nH]c1c1cccnc12,CS(C)=O,426.0
13613,O=P1(c2ccccc2)c2ccc(N3c4ccccc4Oc4ccccc43)cc2-c2cc(N3c4ccccc4Oc4ccccc43)ccc21,Cc1ccccc1,535.0
13614,O=P1(c2ccccc2)c2ccc(N3c4ccccc4Oc4ccccc43)cc2-c2cc(N3c4ccccc4Oc4ccccc43)ccc21,c1ccc2c(c1)c1ccccc1n2-c1ccc(-c2ccc(-n3c4ccccc4c4ccccc43)cc2)cc1,551.0
9615,C[Si]1(C)C(c2ccccc2)=Cc2ccccc21,ClCCl,390.0
7920,COc1cc(OC)cc(-c2nnc(-c3ccc(-c4nnc(-c5cc(OC)cc(OC)c5)o4)cc3)o2)c1,C1CCCCC1,371.0
7921,COc1cc(OC)cc(-c2nnc(-c3ccc(-c4nnc(-c5cc(OC)cc(OC)c5)o4)cc3)o2)c1,C1CCOC1,381.0
7922,COc1cc(OC)cc(-c2nnc(-c3ccc(-c4nnc(-c5cc(OC)cc(OC)c5)o4)cc3)o2)c1,CC#N,405.0
7923,COc1cc(OC)cc(-c2nnc(-c3ccc(-c4nnc(-c5cc(OC)cc(OC)c5)o4)cc3)o2)c1,CCO,389.0
7924,COc1cc(OC)cc(-c2nnc(-c3ccc(-c4nnc(-c5cc(OC)cc(OC)c5)o4)cc3)o2)c1,ClCCl,383.0
9543,C[N+]1=C(/C=C/C2=C3Oc4c(cc5c6c4CCCN6CCC5)C(c4ccccc4C(=O)O)=C3CCC2)C(C)(C)c2c1ccc1ccccc21,CC#N,780.0
9544,C[N+]1=C(/C=C/C2=C3Oc4c(cc5c6c4CCCN6CCC5)C(c4ccccc4C(=O)O)=C3CCC2)C(C)(C)c2c1ccc1ccccc21,CCO,763.0
9545,C[N+]1=C(/C=C/C2=C3Oc4c(cc5c6c4CCCN6CCC5)C(c4ccccc4C(=O)O)=C3CCC2)C(C)(C)c2c1ccc1ccccc21,CO,768.0
9546,C[N+]1=C(/C=C/C2=C3Oc4c(cc5c6c4CCCN6CCC5)C(c4ccccc4C(=O)O)=C3CCC2)C(C)(C)c2c1ccc1ccccc21,ClC(Cl)Cl,775.0
15102,c1ccc2c(-c3cc4c(ccc5sc(-c6cccc7ccccc67)cc54)s3)cccc2c1,ClCCl,423.0
704,CC(=O)c1c(N[C@@H](Cc2ccc(O)cc2)C(=O)O)c2ccc(N(C)C)cc2oc1=O,ClCCl,415.0
705,CC(=O)c1c(N[C@@H](Cc2ccccc2)C(=O)O)c2ccc(N(C)C)cc2oc1=O,ClCCl,450.0
7264,COC(=O)[C@H](Cc1ccccc1)Nc1c(C(C)=O)c(=O)oc2cc(N(C)C)ccc12,ClCCl,449.0
10828,Cc1cccc(C)c1-c1cc2c(C)c3c4cc5nc6ccc7c8c(C)c9cc(-c%10c(C)cccc%10C)c(-c%10c(C)cccc%10C)cc9c(C)c8c7c6nc5cc4c3c(C)c2cc1-c1c(C)cccc1C,ClC(Cl)Cl,576.0
1381,CC(C)[Si](C#Cc1c2nsnc2c(C#C[Si](C(C)C)(C(C)C)C(C)C)c2nc3c(ccc4ccccc43)nc12)(C(C)C)C(C)C,CCCCCC,617.0
11053,Cc1oc2c(Cl)cc3c(C)cc(=O)oc3c2c1C,C1CCCCC1,403.0
11054,Cc1oc2c(Cl)cc3c(C)cc(=O)oc3c2c1C,C1COCCO1,416.0
11055,Cc1oc2c(Cl)cc3c(C)cc(=O)oc3c2c1C,CC#N,431.0
11056,Cc1oc2c(Cl)cc3c(C)cc(=O)oc3c2c1C,CCO,440.0
11057,Cc1oc2c(Cl)cc3c(C)cc(=O)oc3c2c1C,OCC(F)(F)F,469.0
10163,Cc1cc2c(o1)c(Br)cc1c(C)cc(=O)oc12,C1CCCCC1,408.0
10164,Cc1cc2c(o1)c(Br)cc1c(C)cc(=O)oc12,C1COCCO1,418.0
10165,Cc1cc2c(o1)c(Br)cc1c(C)cc(=O)oc12,CC#N,435.0
10166,Cc1cc2c(o1)c(Br)cc1c(C)cc(=O)oc12,CCO,439.0
10167,Cc1cc2c(o1)c(Br)cc1c(C)cc(=O)oc12,OCC(F)(F)F,436.0
10168,Cc1cc2c(o1)c(C)cc1ccc(=O)oc12,C1CCCCC1,360.0
10169,Cc1cc2c(o1)c(C)cc1ccc(=O)oc12,C1COCCO1,380.0
10170,Cc1cc2c(o1)c(C)cc1ccc(=O)oc12,CC#N,435.0
10171,Cc1cc2c(o1)c(C)cc1ccc(=O)oc12,CCO,460.0
10172,Cc1cc2c(o1)c(C)cc1ccc(=O)oc12,OCC(F)(F)F,485.0
9837,Cc1cc(=O)oc2c1cc(Br)c1occ(C)c12,C1CCCCC1,400.0
9838,Cc1cc(=O)oc2c1cc(Br)c1occ(C)c12,C1COCCO1,407.0
9839,Cc1cc(=O)oc2c1cc(Br)c1occ(C)c12,CC#N,413.0
9840,Cc1cc(=O)oc2c1cc(Br)c1occ(C)c12,CCO,416.0
9841,Cc1cc(=O)oc2c1cc(Br)c1occ(C)c12,OCC(F)(F)F,426.0
9842,Cc1cc(=O)oc2c1cc(Cl)c1occ(C)c12,C1COCCO1,408.0
9843,Cc1cc(=O)oc2c1cc(Cl)c1occ(C)c12,CC#N,414.0
9844,Cc1cc(=O)oc2c1cc(Cl)c1occ(C)c12,CCO,418.0
9845,Cc1cc(=O)oc2c1cc(Cl)c1occ(C)c12,OCC(F)(F)F,428.0
12057,N#Cc1cc(N2c3ccccc3Sc3ccccc32)c(N2c3ccccc3Sc3ccccc32)cc1C#N,c1ccc2c(c1)c1ccccc1n2-c1ccc(-c2ccc(-n3c4ccccc4c4ccccc43)cc2)cc1,605.0
13146,O=C1O/C(=C\c2cccs2)c2ccccc21,CC#N,438.0
4699,CCOC(=O)C1CC(c2c(C#N)c(C)nn2-c2ccccc2)=CN1c1ccc(Br)cc1,C1CCOC1,480.0
4700,CCOC(=O)C1CC(c2c(C#N)c(C)nn2-c2ccccc2)=CN1c1ccc(Br)cc1,C1COCCO1,480.0
4701,CCOC(=O)C1CC(c2c(C#N)c(C)nn2-c2ccccc2)=CN1c1ccc(Br)cc1,CC#N,488.0
4702,CCOC(=O)C1CC(c2c(C#N)c(C)nn2-c2ccccc2)=CN1c1ccc(Br)cc1,CCCCCCC,455.0
4703,CCOC(=O)C1CC(c2c(C#N)c(C)nn2-c2ccccc2)=CN1c1ccc(Br)cc1,CCO,490.0
4704,CCOC(=O)C1CC(c2c(C#N)c(C)nn2-c2ccccc2)=CN1c1ccc(Br)cc1,O,495.0
4705,CCOC(=O)C1CC(c2c(C#N)c(C)nn2-c2ccccc2)=CN1c1ccc(Br)cc1,OCC(O)CO,492.0
4706,CCOC(=O)C1CC(c2c(C#N)c(C)nn2-c2ccccc2)=CN1c1ccc(Br)cc1,OCCO,495.0
3793,CCCCn1c(-c2ccc(-c3nnc(-c4ccc5ccccc5c4)o3)cc2)nc2c3ccccc3c3ccccc3c21,ClCCl,448.0
8115,COc1ccc(-c2c3cc4ccccc4cc3c(C#Cc3ccccc3)c3cc4ccccc4cc23)cc1,ClCCl,697.0
8170,COc1ccc(-c2cc(C)nc(-c3ccc(-n4c5ccccc5c5ccccc54)cc3)n2)cc1,C1CCOC1,402.0
8171,COc1ccc(-c2cc(C)nc(-c3ccc(-n4c5ccccc5c5ccccc54)cc3)n2)cc1,CN(C)C=O,432.0
8172,COc1ccc(-c2cc(C)nc(-c3ccc(-n4c5ccccc5c5ccccc54)cc3)n2)cc1,Cc1ccccc1,378.0
8173,COc1ccc(-c2cc(C)nc(-c3ccc(-n4c5ccccc5c5ccccc54)cc3)n2)cc1,ClC(Cl)Cl,406.0
11284,FC(F)(F)c1ccc2oc3nc4oc5ccc(-n6c7ccccc7c7ccccc76)cc5c4cc3c2c1,ClC(Cl)Cl,438.0
1192,CC(C)(C)c1ccc2c(c1)c1cc(C(C)(C)C)ccc1n2-c1ccc2oc3nc4oc5cc(C(F)(F)F)ccc5c4cc3c2c1,ClC(Cl)Cl,466.0
1193,CC(C)(C)c1ccc2c(c1)c1cc(C(C)(C)C)ccc1n2-c1ccc2oc3nc4oc5ccc(C(F)(F)F)cc5c4cc3c2c1,C1CCCCC1,396.0
1194,CC(C)(C)c1ccc2c(c1)c1cc(C(C)(C)C)ccc1n2-c1ccc2oc3nc4oc5ccc(C(F)(F)F)cc5c4cc3c2c1,C1CCOC1,455.0
1195,CC(C)(C)c1ccc2c(c1)c1cc(C(C)(C)C)ccc1n2-c1ccc2oc3nc4oc5ccc(C(F)(F)F)cc5c4cc3c2c1,CC#N,513.0
1196,CC(C)(C)c1ccc2c(c1)c1cc(C(C)(C)C)ccc1n2-c1ccc2oc3nc4oc5ccc(C(F)(F)F)cc5c4cc3c2c1,CS(C)=O,517.0
1197,CC(C)(C)c1ccc2c(c1)c1cc(C(C)(C)C)ccc1n2-c1ccc2oc3nc4oc5ccc(C(F)(F)F)cc5c4cc3c2c1,Cc1ccccc1,422.0
1198,CC(C)(C)c1ccc2c(c1)c1cc(C(C)(C)C)ccc1n2-c1ccc2oc3nc4oc5ccc(C(F)(F)F)cc5c4cc3c2c1,ClC(Cl)Cl,364.0
1295,CC(C)(C)c1ccc2oc3nc4oc5ccc(-n6c7ccc(C(C)(C)C)cc7c7cc(C(C)(C)C)ccc76)cc5c4cc3c2c1,ClC(Cl)Cl,444.0
1303,CC(C)(C)c1cccc2c1oc1nc3oc4ccc(-n5c6ccccc6c6ccccc65)cc4c3cc12,ClC(Cl)Cl,419.0
15248,c1ccc2c(c1)oc1nc3oc4ccc(-n5c6ccccc6c6ccccc65)cc4c3cc12,ClC(Cl)Cl,448.0
1246,CC(C)(C)c1ccc2c(c1)oc1nc3oc4ccc(-n5c6ccccc6c6ccccc65)cc4c3cc12,ClC(Cl)Cl,417.0
8005,COc1cc2c(cc1-c1ccc(N(c3ccccc3)c3ccccc3)cc1)Cc1c3c(c4c(c1-2)-c1cc(OC)c(-c2ccc(N(c5ccccc5)c5ccccc5)cc2)cc1C4)C(=O)N(CCC(C)C)C3=O,C1CCOC1,563.0
13494,O=Cc1ccc(-c2ccc3c(c2)C(=O)c2cc(-c4ccc(C=O)cc4)ccc2-3)cc1,C1CCOC1,371.0
13215,O=C1c2cc(-c3ccccc3)ccc2-c2ccc(-c3ccccc3)cc21,C1CCOC1,360.0
741,CC(=O)c1ccc(-c2ccc3c(c2)C(=O)c2cc(-c4ccc(C(C)=O)cc4)ccc2-3)cc1,C1CCOC1,375.0
7339,COC(=O)c1ccc(-c2ccc3c(c2)C(=O)c2cc(-c4ccc(C(=O)OC)cc4)ccc2-3)cc1,C1CCOC1,366.0
12726,O=C(NCc1ccccc1)c1sc(-c2ccc(-c3cc(C4CC4)c(C(=O)NCc4ccccc4)s3)s2)cc1C1CC1,ClCCl,448.0
11281,FC(F)(F)c1ccc(C#Cc2cc(C#Cc3ccc(C(F)(F)F)cc3)c3ccc4c(C#Cc5ccc(C(F)(F)F)cc5)cc(C#Cc5ccc(C(F)(F)F)cc5)c5ccc2c3c54)cc1,ClCCl,491.0
6206,CN(C)c1ccc(C#Cc2cc(C#Cc3ccc(C(F)(F)F)cc3)c3ccc4c(C#Cc5ccc(C(F)(F)F)cc5)cc(C#Cc5ccc(C(F)(F)F)cc5)c5ccc2c3c54)cc1,ClCCl,627.0
6207,CN(C)c1ccc(C#Cc2cc(C#Cc3ccc(C(F)(F)F)cc3)c3ccc4c(C#Cc5ccc(C(F)(F)F)cc5)cc(C#Cc5ccc(N(C)C)cc5)c5ccc2c3c54)cc1,ClCCl,608.0
6208,CN(C)c1ccc(C#Cc2cc(C#Cc3ccc(C(F)(F)F)cc3)c3ccc4c(C#Cc5ccc(N(C)C)cc5)cc(C#Cc5ccc(C(F)(F)F)cc5)c5ccc2c3c45)cc1,ClCCl,605.0
6209,CN(C)c1ccc(C#Cc2cc(C#Cc3ccc(N(C)C)cc3)c3ccc4c(C#Cc5ccc(C(F)(F)F)cc5)cc(C#Cc5ccc(N(C)C)cc5)c5ccc2c3c54)cc1,ClCCl,576.0
6210,CN(C)c1ccc(C#Cc2cc(C#Cc3ccc(N(C)C)cc3)c3ccc4c(C#Cc5ccc(N(C)C)cc5)cc(C#Cc5ccc(N(C)C)cc5)c5ccc2c3c54)cc1,ClCCl,562.0
3937,CCCc1ccc(C#Cc2cc(C#Cc3ccc(CCC)cc3)c3ccc4c(C#Cc5ccc(CCC)cc5)cc(C#Cc5ccc(CCC)cc5)c5ccc2c3c54)cc1,ClCCl,494.0
3938,CCCc1ccc(C#Cc2cc(C#Cc3ccc(CCC)cc3)c3ccc4c(C#Cc5ccc(N(C)C)cc5)cc(C#Cc5ccc(CCC)cc5)c5ccc2c3c54)cc1,ClCCl,596.0
3939,CCCc1ccc(C#Cc2cc(C#Cc3ccc(N(C)C)cc3)c3ccc4c(C#Cc5ccc(N(C)C)cc5)cc(C#Cc5ccc(CCC)cc5)c5ccc2c3c54)cc1,ClCCl,591.0
3940,CCCc1ccc(C#Cc2cc(C#Cc3ccc(N(C)C)cc3)c3ccc4c(C#Cc5ccc(N(C)C)cc5)cc(C#Cc5ccc(N(C)C)cc5)c5ccc2c3c54)cc1,ClCCl,603.0
999,CC(C)(C)c1ccc(-c2nc3c4ccc(-c5ccc6ccccc6c5)cc4c4cc(-c5ccc6ccccc6c5)ccc4c3n2-c2ccc(C(C)(C)C)cc2)cc1,C1CCOC1,398.0
1000,CC(C)(C)c1ccc(-c2nc3c4ccc(-c5ccc6ccccc6c5)cc4c4cc(-c5ccc6ccccc6c5)ccc4c3n2-c2ccc(C(C)(C)C)cc2)cc1,C1COCCO1,397.0
1001,CC(C)(C)c1ccc(-c2nc3c4ccc(-c5ccc6ccccc6c5)cc4c4cc(-c5ccc6ccccc6c5)ccc4c3n2-c2ccc(C(C)(C)C)cc2)cc1,CC#N,413.0
1002,CC(C)(C)c1ccc(-c2nc3c4ccc(-c5ccc6ccccc6c5)cc4c4cc(-c5ccc6ccccc6c5)ccc4c3n2-c2ccc(C(C)(C)C)cc2)cc1,CCCCCC,392.0
1003,CC(C)(C)c1ccc(-c2nc3c4ccc(-c5ccc6ccccc6c5)cc4c4cc(-c5ccc6ccccc6c5)ccc4c3n2-c2ccc(C(C)(C)C)cc2)cc1,CCCCOCCCC,394.0
1004,CC(C)(C)c1ccc(-c2nc3c4ccc(-c5ccc6ccccc6c5)cc4c4cc(-c5ccc6ccccc6c5)ccc4c3n2-c2ccc(C(C)(C)C)cc2)cc1,CCN(CC)CC,393.0
1005,CC(C)(C)c1ccc(-c2nc3c4ccc(-c5ccc6ccccc6c5)cc4c4cc(-c5ccc6ccccc6c5)ccc4c3n2-c2ccc(C(C)(C)C)cc2)cc1,CCOC(C)=O,396.0
1006,CC(C)(C)c1ccc(-c2nc3c4ccc(-c5ccc6ccccc6c5)cc4c4cc(-c5ccc6ccccc6c5)ccc4c3n2-c2ccc(C(C)(C)C)cc2)cc1,CCOCC,393.0
1007,CC(C)(C)c1ccc(-c2nc3c4ccc(-c5ccc6ccccc6c5)cc4c4cc(-c5ccc6ccccc6c5)ccc4c3n2-c2ccc(C(C)(C)C)cc2)cc1,CN(C)C=O,417.0
1008,CC(C)(C)c1ccc(-c2nc3c4ccc(-c5ccc6ccccc6c5)cc4c4cc(-c5ccc6ccccc6c5)ccc4c3n2-c2ccc(C(C)(C)C)cc2)cc1,Cc1ccccc1,397.0
1009,CC(C)(C)c1ccc(-c2nc3c4ccc(-c5ccc6ccccc6c5)cc4c4cc(-c5ccc6ccccc6c5)ccc4c3n2-c2ccc(C(C)(C)C)cc2)cc1,ClC=C(Cl)Cl,398.0
1010,CC(C)(C)c1ccc(-c2nc3c4ccc(-c5ccc6ccccc6c5)cc4c4cc(-c5ccc6ccccc6c5)ccc4c3n2-c2ccc(C(C)(C)C)cc2)cc1,ClCCl,405.0
870,CC(C)(C)OC(=O)NCCn1cc(COc2ccc(-c3cc(-c4ccccc4)c4n3[B-](F)(F)[N+]3=C(c5ccc(OCCCS(=O)(=O)[O-])cc5)C=C(c5ccccc5)C3=N4)cc2)nn1,O,721.0
871,CC(C)(C)OC(=O)N[C@@H](CCn1cc(COc2ccc(-c3cc(-c4ccccc4)c4n3[B-](F)(F)[N+]3=C(c5ccc(OCCCS(=O)(=O)[O-])cc5)C=C(c5ccccc5)C3=N4)cc2)nn1)C(=O)O,O,722.0
14623,c1ccc(-c2ccc3c(c2)c2cc(-c4ccccc4)ccc2n3-c2ccc3c(c2)c2cc(-n4c5ccc(-c6ccccc6)cc5c5cc(-c6ccccc6)ccc54)ccc2n3-c2ccc(-c3nc(-c4ccccc4)nc(-c4ccccc4)n3)cc2)cc1,Cc1ccccc1,457.0
14624,c1ccc(-c2ccc3c(c2)c2cc(-c4ccccc4)ccc2n3-c2ccc3c(c2)c2cc(-n4c5ccc(-c6ccccc6)cc5c5cc(-c6ccccc6)ccc54)ccc2n3-c2ccc(-c3nc(-c4ccccc4)nc(-c4ccccc4)n3)cc2)cc1,O=P(c1ccccc1)(c1ccccc1)c1ccccc1Oc1ccccc1P(=O)(c1ccccc1)c1ccccc1,480.0
680,CC(=O)O[B-]1(OC(C)=O)OC(/C=C/c2cccc3ccccc23)=CC(/C=C/c2cccc3ccccc23)=[O+]1,C1CCOC1,539.0
681,CC(=O)O[B-]1(OC(C)=O)OC(/C=C/c2cccc3ccccc23)=CC(/C=C/c2cccc3ccccc23)=[O+]1,CC#N,569.0
682,CC(=O)O[B-]1(OC(C)=O)OC(/C=C/c2cccc3ccccc23)=CC(/C=C/c2cccc3ccccc23)=[O+]1,CC(C)=O,553.0
683,CC(=O)O[B-]1(OC(C)=O)OC(/C=C/c2cccc3ccccc23)=CC(/C=C/c2cccc3ccccc23)=[O+]1,CS(C)=O,574.0
684,CC(=O)O[B-]1(OC(C)=O)OC(/C=C/c2cccc3ccccc23)=CC(/C=C/c2cccc3ccccc23)=[O+]1,Cc1ccccc1,529.0
685,CC(=O)O[B-]1(OC(C)=O)OC(/C=C/c2cccc3ccccc23)=CC(/C=C/c2cccc3ccccc23)=[O+]1,ClC(Cl)Cl,551.0
686,CC(=O)O[B-]1(OC(C)=O)OC(/C=C/c2cccc3ccccc23)=CC(/C=C/c2cccc3ccccc23)=[O+]1,ClCCl,554.0
8455,COc1ccc(/C=C/C2=CC(/C=C/c3ccc(OC)c4ccccc34)=[O+][B-](F)(F)O2)c2ccccc12,CC#N,651.0
8456,COc1ccc(/C=C/C2=CC(/C=C/c3ccc(OC)c4ccccc34)=[O+][B-](F)(F)O2)c2ccccc12,CC(C)=O,622.0
8457,COc1ccc(/C=C/C2=CC(/C=C/c3ccc(OC)c4ccccc34)=[O+][B-](F)(F)O2)c2ccccc12,CCOC(C)=O,590.0
8458,COc1ccc(/C=C/C2=CC(/C=C/c3ccc(OC)c4ccccc34)=[O+][B-](F)(F)O2)c2ccccc12,CCOCC,587.0
8459,COc1ccc(/C=C/C2=CC(/C=C/c3ccc(OC)c4ccccc34)=[O+][B-](F)(F)O2)c2ccccc12,ClC(Cl)(Cl)Cl,561.0
8460,COc1ccc(/C=C/C2=CC(/C=C/c3ccc(OC)c4ccccc34)=[O+][B-](F)(F)O2)c2ccccc12,ClCCl,616.0
13606,O=P1(c2ccccc2)C2=C(c3ccccc31)[Si](c1ccccc1)(c1ccccc1)c1cc(N(c3ccccc3)c3ccccc3)ccc12,CC#N,629.0
13607,O=P1(c2ccccc2)C2=C(c3ccccc31)[Si](c1ccccc1)(c1ccccc1)c1cc(N(c3ccccc3)c3ccccc3)ccc12,CO,640.0
13608,O=P1(c2ccccc2)C2=C(c3ccccc31)[Si](c1ccccc1)(c1ccccc1)c1cc(N(c3ccccc3)c3ccccc3)ccc12,Cc1ccccc1,558.0
124,C(#Cc1ccccc1)C(C#Cc1ccccc1)=Cc1ccc(C=C(C#Cc2ccccc2)C#Cc2ccccc2)s1,ClC(Cl)Cl,528.0
5419,CCn1c2ccccc2sc2c(C#N)c3[nH]c4ccccc4sc3c(C#N)c21,ClC(Cl)Cl,615.0
10950,Cc1cn(CCCn2cc(C)c(=O)[nH]c2=O)c(=O)nc1-n1cncn1,O,382.0
2742,CCCC1(CCC)c2cc(-c3ccco3)ccc2-c2ccc(-c3ccco3)cc21,C1CCCCC1,377.0
14137,Oc1c(-c2nc3c4ccc(-c5ccccc5)cc4c4cc(-c5ccccc5)ccc4c3[nH]2)ccc2c1c1ccccc1n2-c1ccccc1,C1CCOC1,506.0
14138,Oc1c(-c2nc3c4ccc(-c5ccccc5)cc4c4cc(-c5ccccc5)ccc4c3[nH]2)ccc2c1c1ccccc1n2-c1ccccc1,CC#N,498.0
14139,Oc1c(-c2nc3c4ccc(-c5ccccc5)cc4c4cc(-c5ccccc5)ccc4c3[nH]2)ccc2c1c1ccccc1n2-c1ccccc1,CCCCCC,506.0
14140,Oc1c(-c2nc3c4ccc(-c5ccccc5)cc4c4cc(-c5ccccc5)ccc4c3[nH]2)ccc2c1c1ccccc1n2-c1ccccc1,CO,484.0
14141,Oc1c(-c2nc3c4ccc(-c5ccccc5)cc4c4cc(-c5ccccc5)ccc4c3[nH]2)ccc2c1c1ccccc1n2-c1ccccc1,CS(C)=O,504.0
14142,Oc1c(-c2nc3c4ccc(-c5ccccc5)cc4c4cc(-c5ccccc5)ccc4c3[nH]2)ccc2c1c1ccccc1n2-c1ccccc1,Cc1ccccc1,507.0
14143,Oc1c(-c2nc3c4ccc(-c5ccccc5)cc4c4cc(-c5ccccc5)ccc4c3[nH]2)ccc2c1c1ccccc1n2-c1ccccc1,ClCCl,495.0
3842,CCCCn1c2ccccc2c2ccc3c4cc(-c5ccc(C(F)(F)F)cc5)ccc4n(CCCC)c3c21,ClC(Cl)Cl,402.0
3843,CCCCn1c2ccccc2c2ccc3c4cc(-c5ccc(OC)cc5)ccc4n(CCCC)c3c21,ClC(Cl)Cl,409.0
3845,CCCCn1c2ccccc2c2ccc3c4cc(-c5cccc(F)c5)ccc4n(CCCC)c3c21,ClC(Cl)Cl,398.0
3846,CCCCn1c2ccccc2c2ccc3c4cc(-c5ccccc5)ccc4n(CCCC)c3c21,ClC(Cl)Cl,406.0
4391,CCN(CC)c1ccc2cc3c(cc2c1)C1(c2ccccc2Oc2ccccc21)c1cc2cc(N(CC)CC)ccc2cc1C3=O,CC#N,552.0
11446,F[B-]1(F)n2c(cc3ccc4ccccc4c32)C(c2ccc(I)cc2)=C2C=C3CCc4ccccc4C3=[N+]21,ClC(Cl)Cl,668.0
15323,c1cnc(-c2c3ccccc3c(-c3cncnc3)c3ccccc23)nc1,CCO,433.0
15324,c1cnc(-c2c3ccccc3c(-c3cncnc3)c3ccccc23)nc1,ClCCl,436.0
5771,CN(C)c1ccc(/C=C/C=C/C2=NC3C(=O)NC(N)=NC3N2[C@H]2C[C@H](O)[C@@H](CO)O2)cc1,CO,438.0
8495,COc1ccc(/C=C/C=C/C2=NC3C(=O)NC(N)=NC3N2[C@H]2C[C@H](O)[C@@H](CO)O2)cc1,C1COCCO1,429.0
8496,COc1ccc(/C=C/C=C/C2=NC3C(=O)NC(N)=NC3N2[C@H]2C[C@H](O)[C@@H](CO)O2)cc1,CC#N,441.0
8497,COc1ccc(/C=C/C=C/C2=NC3C(=O)NC(N)=NC3N2[C@H]2C[C@H](O)[C@@H](CO)O2)cc1,CO,438.0
745,CC(=O)c1ccc(/C=C/C=C/C2=NC3C(=O)NC(N)=NC3N2[C@H]2C[C@H](O)[C@@H](CO)O2)cc1,C1COCCO1,494.0
746,CC(=O)c1ccc(/C=C/C=C/C2=NC3C(=O)NC(N)=NC3N2[C@H]2C[C@H](O)[C@@H](CO)O2)cc1,CC#N,547.0
747,CC(=O)c1ccc(/C=C/C=C/C2=NC3C(=O)NC(N)=NC3N2[C@H]2C[C@H](O)[C@@H](CO)O2)cc1,CO,554.0
12145,N#Cc1ccc(/C=C/C=C/C2=NC3C(=O)NC(N)=NC3N2[C@H]2C[C@H](O)[C@@H](CO)O2)cc1,CO,522.0
12143,N#Cc1ccc(/C=C/C=C/C2=NC3C(=O)NC(N)=NC3N2[C@H]2C[C@H](O)[C@@H](CO)O2)cc1,C1COCCO1,486.0
12144,N#Cc1ccc(/C=C/C=C/C2=NC3C(=O)NC(N)=NC3N2[C@H]2C[C@H](O)[C@@H](CO)O2)cc1,CC#N,526.0
5769,CN(C)c1ccc(/C=C/C=C/C2=NC3C(=O)NC(N)=NC3N2[C@H]2C[C@H](O)[C@@H](CO)O2)cc1,C1COCCO1,429.0
5770,CN(C)c1ccc(/C=C/C=C/C2=NC3C(=O)NC(N)=NC3N2[C@H]2C[C@H](O)[C@@H](CO)O2)cc1,CC#N,443.0
940,CC(C)(C)c1ccc(-c2cc(-c3ccc(-c4cc(-c5ccc(C(C)(C)C)cc5)c(C(=O)NCc5ccccc5)s4)s3)sc2C(=O)NCc2ccccc2)cc1,ClCCl,449.0
15144,c1ccc2c(c1)-c1cc(-n3c4ccccc4c4ccccc43)ccc1C21c2ccccc2-n2c3ccccc3c3cccc1c32,ClCCl,372.0
1843,CC1(C)c2ccccc2N(c2ccc3c(c2)Oc2ccccc2S3(=O)=O)c2ccccc21,Cc1ccccc1,451.0
1844,CC1(C)c2ccccc2N(c2ccc3c(c2)Oc2ccccc2S3(=O)=O)c2ccccc21,O=P(c1ccccc1)(c1ccccc1)c1ccccc1Oc1ccccc1P(=O)(c1ccccc1)c1ccccc1,458.0
14686,c1ccc(-c2nc(-c3ccc(N(c4ccccc4)c4ccccc4)cc3)n3ccccc23)cc1,C1CCCCC1,462.0
14687,c1ccc(-c2nc(-c3ccc(N(c4ccccc4)c4ccccc4)cc3)n3ccccc23)cc1,CC#N,492.0
14688,c1ccc(-c2nc(-c3ccc(N(c4ccccc4)c4ccccc4)cc3)n3ccccc23)cc1,CO,488.0
14689,c1ccc(-c2nc(-c3ccc(N(c4ccccc4)c4ccccc4)cc3)n3ccccc23)cc1,ClCCl,491.0
14690,c1ccc(-c2nc(-c3ccc(N(c4ccccc4)c4ccccc4)cc3)n3ccccc23)cc1,O,498.0
5337,CCn1c2ccccc2c2cc(/C=C(\C#N)c3ccccc3)ccc21,ClCCl,411.0
15091,c1ccc2c(-c3c4ccccc4c(-c4ccc(-c5ccc(-n6c7ccccc7c7ccccc76)cc5)cc4)c4ccccc34)cccc2c1,ClCCl,420.0
1378,CC(C)[Si](C#Cc1c2nc3ccccc3nc2c(C#C[Si](C(C)C)(C(C)C)C(C)C)c2nc3c4ccccc4c(=O)c4ccccc4c3nc12)(C(C)C)C(C)C,ClCCl,627.0
13094,O=C1NC(=O)c2ccc(N3CCCCC3)c3cccc1c23,ClC(Cl)Cl,517.0
6130,CN(C)c1ccc(/C=C/c2ncnc3ccccc23)cc1,C1CCCCC1,465.0
6131,CN(C)c1ccc(/C=C/c2ncnc3ccccc23)cc1,C1CCOC1,537.0
6132,CN(C)c1ccc(/C=C/c2ncnc3ccccc23)cc1,CC#N,572.0
6133,CN(C)c1ccc(/C=C/c2ncnc3ccccc23)cc1,CS(C)=O,585.0
6134,CN(C)c1ccc(/C=C/c2ncnc3ccccc23)cc1,ClCCl,548.0
1961,CC1=C2CCc3ccccc3C2=[N+]2C1=C(c1ccc(I)cc1)c1c(C)c3c(n1[B-]2(F)F)-c1ccccc1CC3,ClC(Cl)Cl,629.0
11441,F[B-]1(F)n2c(cc3c2-c2ccccc2CC3)C(c2ccc(I)cc2)=C2C=C3CCc4ccccc4C3=[N+]21,ClC(Cl)Cl,647.0
14572,c1ccc(-c2cc(-c3ccc4ccc5c(-c6ccnc(-c7ccccn7)c6)ccc6ccc3c4c65)ccn2)nc1,C1CCOC1,407.996736
14573,c1ccc(-c2cc(-c3ccc4ccc5c(-c6ccnc(-c7ccccn7)c6)ccc6ccc3c4c65)ccn2)nc1,CC#N,418.0077749
14574,c1ccc(-c2cc(-c3ccc4ccc5c(-c6ccnc(-c7ccccn7)c6)ccc6ccc3c4c65)ccn2)nc1,CCC#N,407.996736
14575,c1ccc(-c2cc(-c3ccc4ccc5c(-c6ccnc(-c7ccccn7)c6)ccc6ccc3c4c65)ccn2)nc1,CCCC#N,407.996736
14576,c1ccc(-c2cc(-c3ccc4ccc5c(-c6ccnc(-c7ccccn7)c6)ccc6ccc3c4c65)ccn2)nc1,CCCCCC,397.9941097
14577,c1ccc(-c2cc(-c3ccc4ccc5c(-c6ccnc(-c7ccccn7)c6)ccc6ccc3c4c65)ccn2)nc1,CCCO,429.000429
14578,c1ccc(-c2cc(-c3ccc4ccc5c(-c6ccnc(-c7ccccn7)c6)ccc6ccc3c4c65)ccn2)nc1,CCO,429.99656
14579,c1ccc(-c2cc(-c3ccc4ccc5c(-c6ccnc(-c7ccccn7)c6)ccc6ccc3c4c65)ccn2)nc1,CO,429.99656
14580,c1ccc(-c2cc(-c3ccc4ccc5c(-c6ccnc(-c7ccccn7)c6)ccc6ccc3c4c65)ccn2)nc1,Cc1ccccc1,410.1722724
12906,O=C(c1ccc(N2c3ccccc3Sc3ccccc32)cc1)c1ccc2sc3ccccc3c2c1,C1CCOC1,604.0
12907,O=C(c1ccc(N2c3ccccc3Sc3ccccc32)cc1)c1ccc2sc3ccccc3c2c1,c1ccc2c(c1)c1ccccc1n2-c1ccc(-c2ccc(-n3c4ccccc4c4ccccc43)cc2)cc1,524.0
9953,Cc1cc(C)c(B(c2ccccc2N2c3ccccc3Oc3ccccc32)c2c(C)cc(C)cc2C)c(C)c1,CC(C)=O,638.5135135
9954,Cc1cc(C)c(B(c2ccccc2N2c3ccccc3Oc3ccccc32)c2c(C)cc(C)cc2C)c(C)c1,Cc1ccccc1,585.0
9955,Cc1cc(C)c(B(c2ccccc2N2c3ccccc3Oc3ccccc32)c2c(C)cc(C)cc2C)c(C)c1,ClCCl,628.3783784
8872,COc1ccc(C2=[N+]3C(=Nc4c(-c5ccccc5)c5c(n4[B-]3(F)F)-c3ccc(OC)cc3CC5)C(c3ccccc3)=C2)cc1,ClC(Cl)Cl,732.0
7528,COCCOCCOCCOCC(COCCOCCOCCOC)Oc1cc(/C=C/c2ccc(/C=C(\C#N)C(=O)c3ccccc3)cc2)c(OC(COCCOCCOCCOC)COCCOCCOCCOC)cc1/C=C/c1ccc(/C=C(\C#N)C(=O)c2ccccc2)cc1,ClCCl,621.0
8687,COc1ccc(C#Cc2ccc3ccc(=O)oc3c2)cc1,CC#N,465.0
10423,Cc1ccc(C#Cc2ccc3ccc(=O)oc3c2)cc1,CC#N,440.0
6260,CN(C)c1ccc(C#Cc2ccc3ccc(=O)oc3c2)cc1,CC#N,438.0
13985,O=c1ccc2ccc(C#Cc3ccccc3)cc2o1,CC#N,364.0
1343,CC(C)Oc1ccc(C#Cc2ccc3ccc(=O)oc3c2)cc1,CC#N,470.0
12990,O=C1C2=C3c4ccsc4C=CN3C(=O)C2=C2c3ccsc3C=CN12,CN(C)C=O,586.0
12991,O=C1C2=C3c4ccsc4C=CN3C(=O)C2=C2c3ccsc3C=CN12,ClC(Cl)Cl,578.0
10881,Cc1cccc2nc(-c3cc(=O)c(OCc4ccccc4)co3)c(NC3CCCCC3)n12,ClCCl,476.0
13950,O=c1cc(-c2nc3ccccn3c2NC2CCCCC2)occ1OCc1ccccc1,ClCCl,478.0
4305,CCN(CC)c1ccc2cc(/C=C/C(=C(C#N)C#N)c3ccc4c(c3)c3ccccc3n4CC)c(=O)oc2c1,CC(C)=O,614.0
4306,CCN(CC)c1ccc2cc(/C=C/C(=C(C#N)C#N)c3ccc4c(c3)c3ccccc3n4CC)c(=O)oc2c1,CCOC(C)=O,590.0
4307,CCN(CC)c1ccc2cc(/C=C/C(=C(C#N)C#N)c3ccc4c(c3)c3ccccc3n4CC)c(=O)oc2c1,CN(C)C=O,629.0
4308,CCN(CC)c1ccc2cc(/C=C/C(=C(C#N)C#N)c3ccc4c(c3)c3ccccc3n4CC)c(=O)oc2c1,CS(C)=O,638.0
4309,CCN(CC)c1ccc2cc(/C=C/C(=C(C#N)C#N)c3ccc4c(c3)c3ccccc3n4CC)c(=O)oc2c1,Cc1ccccc1,571.0
4310,CCN(CC)c1ccc2cc(/C=C/C(=C(C#N)C#N)c3ccc4c(c3)c3ccccc3n4CC)c(=O)oc2c1,ClCCl,604.0
6785,CN1C(=CC2=C([O-])C(=Cc3oc4ccccc4[n+]3C)C2=C(C#N)C#N)Sc2ccccc21,ClC(Cl)Cl,682.0
6983,COC(=O)C(Cc1ccc2oc(-c3ccc(-n4c5ccccc5c5ccccc54)cc3)nc2c1)NC(=O)OC(C)(C)C,C1CCCCC1,362.0040544
6984,COC(=O)C(Cc1ccc2oc(-c3ccc(-n4c5ccccc5c5ccccc54)cc3)nc2c1)NC(=O)OC(C)(C)C,C1CCOC1,429.000429
6985,COC(=O)C(Cc1ccc2oc(-c3ccc(-n4c5ccccc5c5ccccc54)cc3)nc2c1)NC(=O)OC(C)(C)C,C1COCCO1,400.0
6986,COC(=O)C(Cc1ccc2oc(-c3ccc(-n4c5ccccc5c5ccccc54)cc3)nc2c1)NC(=O)OC(C)(C)C,CC#N,447.0072862
6987,COC(=O)C(Cc1ccc2oc(-c3ccc(-n4c5ccccc5c5ccccc54)cc3)nc2c1)NC(=O)OC(C)(C)C,CC(C)(C)O,420.9994527
6988,COC(=O)C(Cc1ccc2oc(-c3ccc(-n4c5ccccc5c5ccccc54)cc3)nc2c1)NC(=O)OC(C)(C)C,CC(C)=O,432.9941546
6989,COC(=O)C(Cc1ccc2oc(-c3ccc(-n4c5ccccc5c5ccccc54)cc3)nc2c1)NC(=O)OC(C)(C)C,CC(C)CC(C)(C)C,361.0108303
6990,COC(=O)C(Cc1ccc2oc(-c3ccc(-n4c5ccccc5c5ccccc54)cc3)nc2c1)NC(=O)OC(C)(C)C,CC(C)O,430.9973278
6991,COC(=O)C(Cc1ccc2oc(-c3ccc(-n4c5ccccc5c5ccccc54)cc3)nc2c1)NC(=O)OC(C)(C)C,CC(O)CO,455.000455
6992,COC(=O)C(Cc1ccc2oc(-c3ccc(-n4c5ccccc5c5ccccc54)cc3)nc2c1)NC(=O)OC(C)(C)C,CC1CCCO1,404.0077569
6993,COC(=O)C(Cc1ccc2oc(-c3ccc(-n4c5ccccc5c5ccccc54)cc3)nc2c1)NC(=O)OC(C)(C)C,CCCCCCCO,421.9943453
6994,COC(=O)C(Cc1ccc2oc(-c3ccc(-n4c5ccccc5c5ccccc54)cc3)nc2c1)NC(=O)OC(C)(C)C,CCCCCCO,423.998304
6995,COC(=O)C(Cc1ccc2oc(-c3ccc(-n4c5ccccc5c5ccccc54)cc3)nc2c1)NC(=O)OC(C)(C)C,CCCCCO,408.997955
6996,COC(=O)C(Cc1ccc2oc(-c3ccc(-n4c5ccccc5c5ccccc54)cc3)nc2c1)NC(=O)OC(C)(C)C,CCCCO,429.99656
6997,COC(=O)C(Cc1ccc2oc(-c3ccc(-n4c5ccccc5c5ccccc54)cc3)nc2c1)NC(=O)OC(C)(C)C,CCO,444.99822
6998,COC(=O)C(Cc1ccc2oc(-c3ccc(-n4c5ccccc5c5ccccc54)cc3)nc2c1)NC(=O)OC(C)(C)C,CCOC(C)=O,408.997955
6999,COC(=O)C(Cc1ccc2oc(-c3ccc(-n4c5ccccc5c5ccccc54)cc3)nc2c1)NC(=O)OC(C)(C)C,CCOCC,402.3173479
7000,COC(=O)C(Cc1ccc2oc(-c3ccc(-n4c5ccccc5c5ccccc54)cc3)nc2c1)NC(=O)OC(C)(C)C,CN(C)C=O,438.0201489
7001,COC(=O)C(Cc1ccc2oc(-c3ccc(-n4c5ccccc5c5ccccc54)cc3)nc2c1)NC(=O)OC(C)(C)C,CO,465.9832246
7002,COC(=O)C(Cc1ccc2oc(-c3ccc(-n4c5ccccc5c5ccccc54)cc3)nc2c1)NC(=O)OC(C)(C)C,CS(C)=O,445.990545
7003,COC(=O)C(Cc1ccc2oc(-c3ccc(-n4c5ccccc5c5ccccc54)cc3)nc2c1)NC(=O)OC(C)(C)C,Cc1ccccc1,391.0068426
7004,COC(=O)C(Cc1ccc2oc(-c3ccc(-n4c5ccccc5c5ccccc54)cc3)nc2c1)NC(=O)OC(C)(C)C,OCCO,470.0131604
14238,Oc1ccc2ccccc2c1-c1nc2c(c3c1-c1ccccc1CC3)-c1ccccc1CC2,ClCCl,405.0
15006,c1ccc(N(c2ccccc2)c2ccc(-c3nc4c5ccccc5c5ccccc5c4n3-c3ccccc3)cc2)cc1,ClCCl,468.0
13997,O=c1oc2cc3ccccc3cc2nc1-c1ccccc1,CO,548.0
13998,O=c1oc2cc3ccccc3cc2nc1-c1ccccc1,c1ccccc1,514.0
13995,O=c1oc2cc3ccccc3cc2nc1-c1ccccc1,CC#N,538.0
13996,O=c1oc2cc3ccccc3cc2nc1-c1ccccc1,CCCCCC,500.0
4667,CCOC(=O)C(Cc1ccc(O[Si]2(Oc3ccc(CC(NC(C)=O)C(=O)OCC)cc3)n3c4c5ccccc5c3/N=C3\N=C(/N=c5/c6ccccc6/c(n52)=N/C2=N/C(=N\4)c4ccccc42)c2ccccc23)cc1)NC(C)=O,CN(C)C=O,686.0
7176,COC(=O)C(N)Cc1ccc(O[Si]2(Oc3ccc(CC(N)C(=O)OC)cc3)n3c4c5ccccc5c3/N=C3\N=C(/N=c5/c6ccccc6/c(n52)=N/C2=N/C(=N\4)c4ccccc42)c2ccccc23)cc1,CN(C)C=O,687.0
7445,COC(=O)c1nc(Br)c(-c2ccccc2)o1,C1CCCCC1,344.0
7446,COC(=O)c1nc(Cl)c(-c2ccccc2)o1,C1CCCCC1,344.0
9568,C[SiH]1c2ccccc2-c2cc3c(cc21)-c1ccccc1[SiH]3C,ClCCl,389.0
577,C=C[Si]1(C)c2ccccc2-c2cc3c(cc21)-c1ccccc1[Si]3(C)C=C,ClCCl,389.0
9642,C[Si]1(C)c2ccccc2-c2cc3c(cc21)-c1ccccc1[Si]3(C)C,ClCCl,384.0
3415,CCCCCCOc1ccc2c(c1)-c1cc3c(cc1[Si]2(C)C)-c1ccccc1[Si]3(C)C,ClCCl,387.0
9656,C[n+]1ccc(/C=C/c2ccc(N(c3ccccc3)c3ccc(/C=C/c4cc[n+](C)cn4)cc3)cc2)nc1,CS(C)=O,720.0
9657,C[n+]1ccc(/C=C/c2ccc(N(c3ccccc3)c3ccc(/C=C/c4cc[n+](C)cn4)cc3)cc2)nc1,OCC(O)CO,685.0
5599,CN(C)c1ccc(-c2cc(-c3cccs3)nc(-c3ccccc3)n2)cc1,ClC(Cl)Cl,473.0
11154,Cn1c(=O)c(/N=N/c2ccc(Nc3ccc([N+](=O)[O-])cc3S(=O)(=O)O)cc2)c(O)c2ccccc21,C1CCOC1,615.0
11155,Cn1c(=O)c(/N=N/c2ccc(Nc3ccc([N+](=O)[O-])cc3S(=O)(=O)O)cc2)c(O)c2ccccc21,CC(C)=O,617.0
11156,Cn1c(=O)c(/N=N/c2ccc(Nc3ccc([N+](=O)[O-])cc3S(=O)(=O)O)cc2)c(O)c2ccccc21,CCOC(C)=O,610.0
11157,Cn1c(=O)c(/N=N/c2ccc(Nc3ccc([N+](=O)[O-])cc3S(=O)(=O)O)cc2)c(O)c2ccccc21,CO,619.0
11158,Cn1c(=O)c(/N=N/c2ccc(Nc3ccc([N+](=O)[O-])cc3S(=O)(=O)O)cc2)c(O)c2ccccc21,CS(C)=O,622.0
11159,Cn1c(=O)c(/N=N/c2ccc(Nc3ccc([N+](=O)[O-])cc3S(=O)(=O)O)cc2)c(O)c2ccccc21,Cc1ccccc1,605.0
11160,Cn1c(=O)c(/N=N/c2ccc(Nc3ccc([N+](=O)[O-])cc3S(=O)(=O)O)cc2)c(O)c2ccccc21,ClCCl,617.0
11161,Cn1c(=O)c(/N=N/c2ccc(Nc3ccc([N+](=O)[O-])cc3S(=O)(=O)O)cc2)c(O)c2ccccc21,O,636.0
11162,Cn1c(=O)c(/N=N/c2ccc(Nc3ccccc3)c(S(=O)(=O)O)c2)c(O)c2ccccc21,C1CCOC1,502.0
11163,Cn1c(=O)c(/N=N/c2ccc(Nc3ccccc3)c(S(=O)(=O)O)c2)c(O)c2ccccc21,CC(C)=O,512.0
11164,Cn1c(=O)c(/N=N/c2ccc(Nc3ccccc3)c(S(=O)(=O)O)c2)c(O)c2ccccc21,CCOC(C)=O,503.0
11165,Cn1c(=O)c(/N=N/c2ccc(Nc3ccccc3)c(S(=O)(=O)O)c2)c(O)c2ccccc21,CO,509.0
11166,Cn1c(=O)c(/N=N/c2ccc(Nc3ccccc3)c(S(=O)(=O)O)c2)c(O)c2ccccc21,CS(C)=O,483.0
11167,Cn1c(=O)c(/N=N/c2ccc(Nc3ccccc3)c(S(=O)(=O)O)c2)c(O)c2ccccc21,Cc1ccccc1,500.0
11168,Cn1c(=O)c(/N=N/c2ccc(Nc3ccccc3)c(S(=O)(=O)O)c2)c(O)c2ccccc21,ClCCl,512.0
11169,Cn1c(=O)c(/N=N/c2ccc(Nc3ccccc3)c(S(=O)(=O)O)c2)c(O)c2ccccc21,O,540.0
611,CC(=O)NC(Cc1ccc(O)cc1)C(=O)O[Si]1(OC(=O)C(Cc2ccc(O)cc2)NC(C)=O)n2c3c4ccccc4c2/N=C2\N=C(/N=c4/c5ccccc5/c(n41)=N/C1=N/C(=N\3)c3ccccc31)c1ccccc12,CN(C)C=O,690.0
10702,Cc1ccc(S(=O)(=O)/N=C/C2=Cc3c(-c4ccccc4)oc(-c4ccccc4)c3C=C(/C=N/S(=O)(=O)c3ccc(C)cc3)C2)cc1,ClC(Cl)Cl,511.0
9208,COc1ccc2cc(C#CC3=C4CCc5ccccc5C4=[O+][B-](F)(F)O3)ccc2c1,ClCCl,566.0
3318,CCCCCCCc1ccc(C2=[N+]3C(=C4c5cc(OCC(CC)CC)c(-c6ccc(CCCCCCC)o6)n5[B-](F)(F)[n+]5nnn(c54)[B-]3(F)F)C=C2OCC(CC)CC)o1,C1CCOC1,829.0
3319,CCCCCCCc1ccc(C2=[N+]3C(=C4c5cc(OCC(CC)CC)c(-c6ccc(CCCCCCC)o6)n5[B-](F)(F)[n+]5nnn(c54)[B-]3(F)F)C=C2OCC(CC)CC)o1,ClCCl,835.0
3988,CCN(CC)c1ccc(-c2ccc(-c3nc4ccccc4c(=O)[nH]3)s2)cc1,CC#N,541.0
3989,CCN(CC)c1ccc(-c2ccc(-c3nc4ccccc4c(=O)[nH]3)s2)cc1,Cc1ccccc1,490.0
4187,CCN(CC)c1ccc2c(c1)oc(=O)c1c(C)nc3c(c(-c4ccccc4)nn3C)c12,ClCCl,461.0
7641,COc1c2ccccc2c(-c2ccccc2)c2ccccc12,C1COCCO1,424.0
7642,COc1c2ccccc2c(-c2ccccc2)c2ccccc12,CCCCCC,420.0
7643,COc1c2ccccc2c(-c2ccccc2)c2ccccc12,CCCCCCC,420.0
7644,COc1c2ccccc2c(-c2ccccc2)c2ccccc12,CCCCO,426.0
7645,COc1c2ccccc2c(-c2ccccc2)c2ccccc12,CCO,426.0
7646,COc1c2ccccc2c(-c2ccccc2)c2ccccc12,CN(C)C=O,426.0
7647,COc1c2ccccc2c(-c2ccccc2)c2ccccc12,Cc1ccccc1,419.0
7648,COc1c2ccccc2c(-c2ccccc2)c2ccccc12,ClC(Cl)(Cl)Cl,426.0
7649,COc1c2ccccc2c(-c2ccccc2)c2ccccc12,ClC(Cl)Cl,426.0
7650,COc1c2ccccc2c(-c2ccccc2)c2ccccc12,ClCCl,426.0
7651,COc1c2ccccc2c(-c2ccccc2)c2ccccc12,OCC(O)CO,426.0
7652,COc1c2ccccc2c(-c2ccccc2)c2ccccc12,OCCO,426.0
14546,c1ccc(-c2c3ccccc3cc3ccccc23)cc1,C1CCOC1,394.0
12024,N#Cc1cc(-c2ccccc2)c(N2c3ccccc3Oc3ccccc32)c(-c2ccccc2)c1,C1CCCCC1,455.0
12155,N#Cc1ccc(/C=C/C=C/c2ccccc2)cc1,CC#N,420.0
12156,N#Cc1ccc(/C=C/C=C/c2ccccc2)cc1,CCCCCCC,406.0
12157,N#Cc1ccc(/C=C/C=C/c2ccccc2)cc1,CN(C)C=O,422.0
5786,CN(C)c1ccc(/C=C/C=C/c2ccc(B(O)O)cc2)cc1,C1CCCCC1,441.0
5787,CN(C)c1ccc(/C=C/C=C/c2ccc(C#N)cc2)cc1,CC#N,589.0
5788,CN(C)c1ccc(/C=C/C=C/c2ccc(C#N)cc2)cc1,CCCC#N,579.0
5789,CN(C)c1ccc(/C=C/C=C/c2ccc(C#N)cc2)cc1,CCCCCC,440.0
5790,CN(C)c1ccc(/C=C/C=C/c2ccc(C#N)cc2)cc1,CCOCC,509.0
5791,CN(C)c1ccc(/C=C/C=C/c2ccc([N+](=O)[O-])c(O)c2)cc1,C1CCCCC1,530.0
5792,CN(C)c1ccc(/C=C/C=C/c2ccc([N+](=O)[O-])c(O)c2)cc1,C1CCOC1,686.0
5793,CN(C)c1ccc(/C=C/C=C/c2ccc([N+](=O)[O-])c(O)c2)cc1,C1COCCO1,634.0
5794,CN(C)c1ccc(/C=C/C=C/c2ccc([N+](=O)[O-])c(O)c2)cc1,CCCCCCC,523.0
5795,CN(C)c1ccc(/C=C/C=C/c2ccc([N+](=O)[O-])c(O)c2)cc1,Cc1ccccc1,609.0
12158,N#Cc1ccc(/C=C/C=C/c2ccccc2)cc1,CO,420.0
13783,O=[N+]([O-])c1ccc(/C=C/C=C/c2ccccc2)cc1,C1CCOC1,508.0
13784,O=[N+]([O-])c1ccc(/C=C/C=C/c2ccccc2)cc1,C1COCCO1,495.0
13785,O=[N+]([O-])c1ccc(/C=C/C=C/c2ccccc2)cc1,CC#N,574.0
13786,O=[N+]([O-])c1ccc(/C=C/C=C/c2ccccc2)cc1,CCCCCCC,470.0
13787,O=[N+]([O-])c1ccc(/C=C/C=C/c2ccccc2)cc1,CN(C)C=O,567.0
13788,O=[N+]([O-])c1ccc(/C=C/C=C/c2ccccc2)cc1,CO,606.0
10090,Cc1cc(N(C)C)cc(C)c1/C=C/C=C/c1ccc(C#N)cc1,CC#N,599.0
10091,Cc1cc(N(C)C)cc(C)c1/C=C/C=C/c1ccc(C#N)cc1,CCCCCC,442.0
10092,Cc1cc(N(C)C)cc(C)c1/C=C/C=C/c1ccc(C#N)cc1,CCOCC,527.0
12146,N#Cc1ccc(/C=C/C=C/c2ccc([N+](=O)[O-])cc2)cc1,C1CCOC1,485.0
12147,N#Cc1ccc(/C=C/C=C/c2ccc([N+](=O)[O-])cc2)cc1,C1COCCO1,463.0
12148,N#Cc1ccc(/C=C/C=C/c2ccc([N+](=O)[O-])cc2)cc1,CC#N,539.0
12149,N#Cc1ccc(/C=C/C=C/c2ccc([N+](=O)[O-])cc2)cc1,CCCCCCC,400.0
12150,N#Cc1ccc(/C=C/C=C/c2ccc([N+](=O)[O-])cc2)cc1,CN(C)C=O,540.0
11639,N#C/C(=C\C=C\c1ccc([N+](=O)[O-])cc1)c1ccccc1,C1CCOC1,473.0
11640,N#C/C(=C\C=C\c1ccc([N+](=O)[O-])cc1)c1ccccc1,C1COCCO1,430.0
11641,N#C/C(=C\C=C\c1ccc([N+](=O)[O-])cc1)c1ccccc1,CC#N,523.0
11642,N#C/C(=C\C=C\c1ccc([N+](=O)[O-])cc1)c1ccccc1,CCCCCCC,399.0
11643,N#C/C(=C\C=C\c1ccc([N+](=O)[O-])cc1)c1ccccc1,CN(C)C=O,517.0
11644,N#C/C(=C\C=C\c1ccc([N+](=O)[O-])cc1)c1ccccc1,CO,573.0
11645,N#C/C(=C\C=C\c1ccccc1)c1ccc([N+](=O)[O-])cc1,C1CCOC1,486.0
11646,N#C/C(=C\C=C\c1ccccc1)c1ccc([N+](=O)[O-])cc1,C1COCCO1,484.0
11647,N#C/C(=C\C=C\c1ccccc1)c1ccc([N+](=O)[O-])cc1,CC#N,540.0
11648,N#C/C(=C\C=C\c1ccccc1)c1ccc([N+](=O)[O-])cc1,CCCCCCC,456.0
11649,N#C/C(=C\C=C\c1ccccc1)c1ccc([N+](=O)[O-])cc1,CN(C)C=O,522.0
11650,N#C/C(=C\C=C\c1ccccc1)c1ccc([N+](=O)[O-])cc1,CO,557.0
11651,N#C/C(=C\C=C\c1ccccc1)c1ccccc1,C1CCOC1,422.0
11652,N#C/C(=C\C=C\c1ccccc1)c1ccccc1,C1COCCO1,421.0
11653,N#C/C(=C\C=C\c1ccccc1)c1ccccc1,CC#N,421.0
11654,N#C/C(=C\C=C\c1ccccc1)c1ccccc1,CCCCCCC,421.0
11655,N#C/C(=C\C=C\c1ccccc1)c1ccccc1,CN(C)C=O,424.0
11656,N#C/C(=C\C=C\c1ccccc1)c1ccccc1,CO,419.0
12151,N#Cc1ccc(/C=C/C=C/c2ccc([N+](=O)[O-])cc2)cc1,CO,588.0
12153,N#Cc1ccc(/C=C/C=C/c2ccccc2)cc1,C1CCOC1,418.0
12154,N#Cc1ccc(/C=C/C=C/c2ccccc2)cc1,C1COCCO1,407.0
7432,COC(=O)c1nc(-c2cccc3ccccc23)oc1C,C1CCCCC1,340.0
7433,COC(=O)c1nc(-c2cccc3ccccc23)oc1C,CC#N,343.0
7434,COC(=O)c1nc(-c2cccc3ccccc23)oc1C,CCO,344.0
7435,COC(=O)c1nc(-c2cccc3ccccc23)oc1C,CCOC(C)=O,342.0
9579,C[Si](C)(C)O[Si]1(O[Si](C)(C)C)n2c3c4ccccc4c2/N=C2\N=C(/N=c4/c5ccccc5/c(n41)=N/C1=N/C(=N\3)c3ccccc31)c1ccccc12,CN(C)C=O,677.0
11099,Clc1cnc2nn3ccccc3c2c1,C1CCOC1,410.0
15155,c1ccc2c(c1)-c1ccccc1C21c2ccccc2-c2ccncc21,CC1CCCO1,348.0
12845,O=C([O-])COc1cc(NC(=O)c2ccc(-c3c4cc(Cl)c(=O)cc-4oc4cc(O)c(Cl)cc34)c(C(=O)[O-])c2)ccc1N(CC(=O)[O-])CC(=O)[O-],O,532.0
3259,CCCCCCCCOc1cc(/C=C/c2ccncc2)c(OCCCCCCCC)cc1/C=C/c1ccncc1,ClCCl,470.0
7338,COC(=O)c1ccc(-c2cc3ccc4cccc5ccc(c2)c3c45)cc1,Cc1ccccc1,406.0
954,CC(C)(C)c1ccc(-c2ccc(-c3c4c(nc5ccccc35)-c3cc5c(cc3CC4)-c3nc4ccccc4c(-c4ccc(-c6ccc(C(C)(C)C)cc6)cc4)c3CC5)cc2)cc1,ClC(Cl)Cl,388.0
8208,COc1ccc(-c2ccc(-c3c4c(nc5ccccc35)-c3cc5c(cc3CC4)-c3nc4ccccc4c(-c4ccc(-c6ccc(OC)cc6)cc4)c3CC5)cc2)cc1,ClC(Cl)Cl,388.0
12764,O=C(O)CCCc1cc(C#Cc2ccccc2)c2ccc3c(C#Cc4ccccc4)cc(C#Cc4ccccc4)c4ccc1c2c34,CS(C)=O,461.0
12765,O=C(O)CCCc1cc(C#Cc2ccccc2)c2ccc3c(C#Cc4ccccc4)cc(C#Cc4ccccc4)c4ccc1c2c34,ClC(Cl)(Cl)Cl,460.0
9866,Cc1cc(C#Cc2ccccc2)c2ccc3c(C#Cc4ccccc4)cc(C#Cc4ccccc4)c4ccc1c2c43,CS(C)=O,461.0
9867,Cc1cc(C#Cc2ccccc2)c2ccc3c(C#Cc4ccccc4)cc(C#Cc4ccccc4)c4ccc1c2c43,ClC(Cl)(Cl)Cl,460.0
6851,CN1c2ccccc2C(O)(c2ccccc2)c2cc([N+](=O)[O-])ccc21,C1CCOC1,501.3
6852,CN1c2ccccc2C(O)(c2ccccc2)c2cc([N+](=O)[O-])ccc21,CC#N,557.0
6853,CN1c2ccccc2C(O)(c2ccccc2)c2cc([N+](=O)[O-])ccc21,CCO,536.2
6854,CN1c2ccccc2C(O)(c2ccccc2)c2cc([N+](=O)[O-])ccc21,CO,544.7
6855,CN1c2ccccc2C(O)(c2ccccc2)c2cc([N+](=O)[O-])ccc21,CS(C)=O,566.8
6856,CN1c2ccccc2C(O)(c2ccccc2)c2cc([N+](=O)[O-])ccc21,Cc1ccccc1,480.7
11447,F[B-]1(F)n2c(cc3oc(-c4ccccc4)cc32)C=C2C=c3oc(-c4ccccc4)cc3=[N+]21,ClC(Cl)Cl,661.0
8182,COc1ccc(-c2cc3c(o2)=CC2=C(C(F)(F)F)c4cc5oc(-c6ccc(OC)cc6)cc5n4[B-](F)(F)[N+]=32)cc1,ClC(Cl)Cl,738.0
8183,COc1ccc(-c2cc3c(o2)=CC2=Cc4cc5oc(-c6ccc(OC)cc6)cc5n4[B-](F)(F)[N+]=32)cc1,ClC(Cl)Cl,683.0
9376,COc1ccccc1-c1cc2c(o1)=CC1=Cc3cc4oc(-c5ccccc5OC)cc4n3[B-](F)(F)[N+]=21,ClC(Cl)Cl,680.0
8362,COc1ccc(-c2oc3c(c2Br)=[N+]2C(=C(C(F)(F)F)c4c(Br)c5oc(-c6ccc(OC)cc6)c(Br)c5n4[B-]2(F)F)C=3Br)cc1,C1CCOC1,765.0
8363,COc1ccc(-c2oc3c(c2Br)=[N+]2C(=C(C(F)(F)F)c4c(Br)c5oc(-c6ccc(OC)cc6)c(Br)c5n4[B-]2(F)F)C=3Br)cc1,ClC(Cl)Cl,765.0
8364,COc1ccc(-c2oc3c(c2Br)=[N+]2C(=C(C(F)(F)F)c4cc5oc(-c6ccc(OC)cc6)c(Br)c5n4[B-]2(F)F)C=3)cc1,C1CCOC1,756.0
8365,COc1ccc(-c2oc3c(c2Br)=[N+]2C(=C(C(F)(F)F)c4cc5oc(-c6ccc(OC)cc6)c(Br)c5n4[B-]2(F)F)C=3)cc1,ClC(Cl)Cl,756.0
5212,CCc1ccc(-c2nc(-c3ccc(-n4c5ccccc5c5ccccc54)cc3)cc(-c3ccc(-n4c5ccccc5c5ccccc54)cc3)n2)cc1,C1CCOC1,436.0
5213,CCc1ccc(-c2nc(-c3ccc(-n4c5ccccc5c5ccccc54)cc3)cc(-c3ccc(-n4c5ccccc5c5ccccc54)cc3)n2)cc1,CN(C)C=O,482.0
5214,CCc1ccc(-c2nc(-c3ccc(-n4c5ccccc5c5ccccc54)cc3)cc(-c3ccc(-n4c5ccccc5c5ccccc54)cc3)n2)cc1,Cc1ccccc1,402.0
5215,CCc1ccc(-c2nc(-c3ccc(-n4c5ccccc5c5ccccc54)cc3)cc(-c3ccc(-n4c5ccccc5c5ccccc54)cc3)n2)cc1,ClC(Cl)Cl,435.0
5666,CN(C)c1ccc(-c2nc(-c3ccc(-n4c5ccccc5c5ccccc54)cc3)cc(-c3ccc(-n4c5ccccc5c5ccccc54)cc3)n2)cc1,C1CCOC1,576.0
5667,CN(C)c1ccc(-c2nc(-c3ccc(-n4c5ccccc5c5ccccc54)cc3)cc(-c3ccc(-n4c5ccccc5c5ccccc54)cc3)n2)cc1,CN(C)C=O,487.0
5668,CN(C)c1ccc(-c2nc(-c3ccc(-n4c5ccccc5c5ccccc54)cc3)cc(-c3ccc(-n4c5ccccc5c5ccccc54)cc3)n2)cc1,Cc1ccccc1,498.0
5669,CN(C)c1ccc(-c2nc(-c3ccc(-n4c5ccccc5c5ccccc54)cc3)cc(-c3ccc(-n4c5ccccc5c5ccccc54)cc3)n2)cc1,ClC(Cl)Cl,520.0
578,C=Cc1c(C)c2cc3nc(c4c5[nH]c(cc6nc(cc1[nH]2)C(C)=C6CC)c(C)c5C(=O)C4)[C@@H](CCC(=O)OC)[C@@H]3C,ClCCl,674.0
2714,CCC1=C(C)c2cc3[nH]c(cc4nc(c5c6[nH]c(cc1n2)c(C)c6C(=O)C5)[C@@H](CCC(=O)OC)[C@@H]4C)c(C)c3/C=C/[N+](=O)[O-],ClCCl,720.0
8126,COc1ccc(-c2c3ccccc3c(C#Cc3ccccc3)c3cc4ccccc4cc23)cc1,ClCCl,550.0
5251,CCc1cccc(CC)c1-c1c2ccccc2c(C#Cc2ccccc2)c2cc3ccccc3cc12,ClCCl,538.0
5252,CCc1ccccc1-c1c2ccccc2c(C#Cc2ccccc2)c2cc3ccccc3cc12,ClCCl,537.0
92,C(#Cc1c2ccccc2c(-c2ccccc2)c2cc3ccccc3cc12)c1ccccc1,ClCCl,541.0
14451,c1cc2c3c(cccc3c1)-c1c-2ccc2c1ccc1ccccc12,CCCCCCC,483.0
3420,CCCCCCc1cc(-c2ccc3c(c2)C2CCCC2N3c2ccc3c(c2)C(C)(C)c2ccccc2-3)sc1/C=C1\C(=O)c2ccc(C(=O)O)cc2C1=O,ClC(Cl)Cl,732.0
1755,CC1(C)c2ccccc2-c2ccc(N3c4ccc(-c5ccc(/C=C6\C(=O)c7ccc(C(=O)O)cc7C6=O)s5)cc4C4CCCC43)cc21,ClC(Cl)Cl,741.0
13401,O=CC1=Cc2c(-c3ccc(-c4ccccc4)cc3)oc(-c3ccc(-c4ccccc4)cc3)c2C=C(C=O)C1,ClC(Cl)Cl,483.0
5418,CCn1c2ccccc2oc2c(C#N)c3oc4ccccc4oc3c(C#N)c21,ClC(Cl)Cl,555.0
4190,CCN(CC)c1ccc2c(c1)oc(=O)c1cc3c(-c4ccccc4)nn(-c4ccccc4)c3nc12,ClCCl,509.0
3500,CCCCCN1c2ccccc2Sc2cc(/C=C/c3ccc(/C=C(\C#N)C(=O)O)s3)ccc21,ClCCl,704.0
13213,O=C1O[B-]2(OC1=O)OC(c1ccccc1)=CC(c1ccc3ccccc3c1)=[O+]2,CC#N,555.0
13214,O=C1O[B-]2(OC1=O)OC(c1ccccc1)=CC(c1ccc3ccccc3c1)=[O+]2,ClC(Cl)(Cl)Cl,451.0
13556,O=P(c1ccccc1)(c1ccccc1)c1ccc(-c2nc3ccccc3n2-c2ccc(P(=O)(c3ccccc3)c3ccccc3)cc2)cc1,ClCCl,384.0
14879,c1ccc(-n2c(-c3ccc(-c4ccc5c(c4)C4(c6ccccc6-c6ccccc64)c4cc(-c6ccc(-c7nc8ccccc8n7-c7ccccc7)cc6)c6ccccc6c4-5)cc3)nc3ccccc32)cc1,ClC(Cl)Cl,440.0
10224,Cc1ccc(-c2c3nc(c(-c4ccc(C)cc4)c4ccc([nH]4)c(-c4ccc(C)cc4)c4nc(c(-c5ccc(C)cc5)c5ccc2[nH]5)C=C4N2CCOCC2)C=C3)cc1,CS(C)=O,666.0
11066,Clc1ccc(-c2c3nc(c(-c4ccc(Cl)cc4)c4ccc([nH]4)c(-c4ccc(Cl)cc4)c4nc(c(-c5ccc(Cl)cc5)c5ccc2[nH]5)C=C4N2CCOCC2)C=C3)cc1,CS(C)=O,662.0
8133,COc1ccc(-c2c3nc(c(-c4ccc(OC)cc4)c4ccc([nH]4)c(-c4ccc(OC)cc4)c4nc(c(-c5ccc(OC)cc5)c5ccc2[nH]5)C=C4N2CCOCC2)C=C3)cc1,CS(C)=O,672.0
13557,O=P(c1ccccc1)(c1ccccc1)c1ccc(-c2nc3ccccc3n2-c2cccc(P(=O)(c3ccccc3)c3ccccc3)c2)cc1,ClCCl,384.0
6850,CN1c2ccc3c(c2-c2ccccc2S1(=O)=O)-c1ccccc1S(=O)(=O)N3C,ClCCl,443.0
10706,Cc1ccc(S(=O)(=O)Nc2cc(-c3ccc(N(C)C)cc3)sc2/C=C/c2ccccc2)cc1,CC#N,604.0
8244,COc1ccc(-c2ccc3c(c2)c2cc(-c4ccc(OC)cc4)ccc2n3-c2ccc(C(=O)c3ccc4sc5ccccc5c4c3)nc2)cc1,Cc1ccccc1,487.1980676
8245,COc1ccc(-c2ccc3c(c2)c2cc(-c4ccc(OC)cc4)ccc2n3-c2ccc(C(=O)c3ccc4sc5ccccc5c4c3)nc2)cc1,c1cc(-n2c3ccccc3c3ccccc32)cc(-n2c3ccccc3c3ccccc32)c1,493.0
4231,CCN(CC)c1ccc2cc(-c3cn4cc5ccccc5cc4n3)c(=O)oc2c1,ClC(Cl)Cl,460.0
5134,CC[n+]1ccc(/C=C/c2cc3cccc4ccc5cccc2c5c43)cc1,C1CCOC1,613.0
5135,CC[n+]1ccc(/C=C/c2cc3cccc4ccc5cccc2c5c43)cc1,CC#N,622.0
5136,CC[n+]1ccc(/C=C/c2cc3cccc4ccc5cccc2c5c43)cc1,CS(C)=O,616.0
5137,CC[n+]1ccc(/C=C/c2cc3cccc4ccc5cccc2c5c43)cc1,Cc1ccccc1,600.0
5138,CC[n+]1ccc(/C=C/c2cc3cccc4ccc5cccc2c5c43)cc1,O,606.0
5139,CC[n+]1ccc(/C=C/c2cc3cccc4ccc5cccc2c5c43)cc1,OCC(O)CO,606.0
11040,Cc1nn(-c2ccccc2)c2c1c(=O)oc1ccc(-n3c4ccccc4c4ccccc43)cc12,Cc1ccccc1,412.0
9679,C[n+]1ccc(/C=C/c2ccc3cc(O)ccc3c2)cc1,O,565.0
9670,C[n+]1ccc(/C=C/c2ccc3cc(O)ccc3c2)cc1,CC#N,557.0
9671,C[n+]1ccc(/C=C/c2ccc3cc(O)ccc3c2)cc1,CC(=O)OC(C)=O,561.0
9672,C[n+]1ccc(/C=C/c2ccc3cc(O)ccc3c2)cc1,CC(C)O,563.0
9673,C[n+]1ccc(/C=C/c2ccc3cc(O)ccc3c2)cc1,CCCCCCCCO,556.0
9674,C[n+]1ccc(/C=C/c2ccc3cc(O)ccc3c2)cc1,CCCCO,563.0
9675,C[n+]1ccc(/C=C/c2ccc3cc(O)ccc3c2)cc1,CCO,567.0
9676,C[n+]1ccc(/C=C/c2ccc3cc(O)ccc3c2)cc1,CO,571.0
9677,C[n+]1ccc(/C=C/c2ccc3cc(O)ccc3c2)cc1,CS(C)=O,565.0
9678,C[n+]1ccc(/C=C/c2ccc3cc(O)ccc3c2)cc1,ClC(Cl)Cl,537.0
14438,c1cc(N2CCCC2)ccn1,CCO,313.0
14439,c1cc(N2CCCC2)ccn1,ClC(Cl)Cl,313.0
14437,c1cc(N2CCCC2)ccn1,CC1CCCCC1,313.0
518,C1=Cc2nc1c(-c1ccco1)c1ccc([nH]1)c(-c1ccco1)c1nc(c(-c3ccco3)c3ccc([nH]3)c2-c2ccco2)C=C1,ClCCl,697.0
3358,CCCCCCN1C(=O)c2cccc3c(-c4ccc(-c5ccc6c7c(cccc57)C(=O)N(CCCCCC)C6=O)s4)ccc(c23)C1=O,ClC(Cl)Cl,495.0
2080,CC1=CC(C)=[N+]2C1=C(c1ccc(OCCN3CCCCC3)cc1)c1c(C)cc(C)n1[B-]2(F)F,CCO,510.0
2462,CCC1(CC)c2ccccc2-c2c1c1c(c3c2C(CC)(CC)c2cc(/C=C/c4cccs4)ccc2-3)C(CC)(CC)c2ccccc2-1,C1CCOC1,395.0
11152,Cn1c(=O)c(/N=N/c2ccc(/N=N/c3ccc(S(=O)(=O)O)cc3)cc2)c(O)c2ccccc21,ClCCl,541.0
11153,Cn1c(=O)c(/N=N/c2ccc(/N=N/c3ccc(S(=O)(=O)O)cc3)cc2)c(O)c2ccccc21,O,551.0
11146,Cn1c(=O)c(/N=N/c2ccc(/N=N/c3ccc(S(=O)(=O)O)cc3)cc2)c(O)c2ccccc21,C1CCOC1,537.0
11147,Cn1c(=O)c(/N=N/c2ccc(/N=N/c3ccc(S(=O)(=O)O)cc3)cc2)c(O)c2ccccc21,CC(C)=O,536.0
11148,Cn1c(=O)c(/N=N/c2ccc(/N=N/c3ccc(S(=O)(=O)O)cc3)cc2)c(O)c2ccccc21,CCOC(C)=O,536.0
11149,Cn1c(=O)c(/N=N/c2ccc(/N=N/c3ccc(S(=O)(=O)O)cc3)cc2)c(O)c2ccccc21,CO,539.0
11150,Cn1c(=O)c(/N=N/c2ccc(/N=N/c3ccc(S(=O)(=O)O)cc3)cc2)c(O)c2ccccc21,CS(C)=O,540.0
11151,Cn1c(=O)c(/N=N/c2ccc(/N=N/c3ccc(S(=O)(=O)O)cc3)cc2)c(O)c2ccccc21,Cc1ccccc1,538.0
10633,Cc1ccc(N(c2ccc(C)cc2)c2ccc(-c3cc4c(cc(-c5ccc(N(c6ccc(C)cc6)c6ccc(C)cc6)cc5)c5nsnc54)c4nsnc34)cc2)cc1,Cc1ccccc1,659.0
10634,Cc1ccc(N(c2ccc(C)cc2)c2ccc(-c3cc4c(cc(-c5ccc(N(c6ccc(C)cc6)c6ccc(C)cc6)cc5)c5nsnc54)c4nsnc34)cc2)cc1,ClCCl,683.0
14358,S=P1(c2ccccc2)c2cccc3ccc4ccc1n4c23,ClCCl,490.0
664,CC(=O)OC[C@H]1O[C@@H](OCC#Cc2ccc(C3=C4C(C)=CC(/C=C/c5ccc(N(C)C)cc5)=[N+]4[B-](F)(F)n4c(/C=C/c5ccc(N(C)C)cc5)cc(C)c43)cc2)[C@H](OC(C)=O)C(OC(C)=O)[C@@H]1OC(C)=O,CC#N,769.0
665,CC(=O)OC[C@H]1O[C@@H](OCC#Cc2ccc(C3=C4C(C)=CC(/C=C/c5ccc([N+](C)(C)C)cc5)=[N+]4[B-](F)(F)n4c(/C=C/c5ccc([N+](C)(C)C)cc5)cc(C)c43)cc2)[C@H](OC(C)=O)C(OC(C)=O)[C@@H]1OC(C)=O,CC#N,629.0
1977,CC1=CC(/C=C/c2ccc(N(C)C)cc2)=[N+]2C1=C(c1ccc(C#CCO[C@@H]3O[C@H](CO)[C@@H](O)C(O)[C@H]3O)cc1)c1c(C)cc(/C=C/c3ccc(N(C)C)cc3)n1[B-]2(F)F,CC#N,770.0
1985,CC1=CC(/C=C/c2ccc([N+](C)(C)C)cc2)=[N+]2C1=C(c1ccc(C#CCO[C@@H]3O[C@H](CO)[C@@H](O)C(O)[C@H]3O)cc1)c1c(C)cc(/C=C/c3ccc([N+](C)(C)C)cc3)n1[B-]2(F)F,CC#N,629.0
12134,N#Cc1ccc(-n2c(-c3ccc(-c4ccc(N(c5ccccc5)c5ccccc5)cc4)s3)nc3c4ccccc4c4ccccc4c32)c2ccccc12,ClCCl,408.0
10288,Cc1ccc(-c2ccc(-c3ccc(C)cc3)c(/C(=C(/c3ccccc3)c3cc(-c4ccc(C)cc4)ccc3-c3ccc(C)cc3)c3ccccc3)c2)cc1,C1CCOC1,492.0
14922,c1ccc(/C(=C(\c2ccccc2)c2cc(-c3ccccc3)ccc2-c2ccccc2)c2cc(-c3ccccc3)ccc2-c2ccccc2)cc1,C1CCOC1,489.0
15151,c1ccc2c(c1)-c1ccccc1C21c2ccccc2-c2c(-c3ccncc3)cccc21,C1CCCCC1,369.5
1056,CC(C)(C)c1ccc(-c2sc3c(-c4ccc(C(C)(C)C)cc4)c4n(c3c2-c2ccc(C(C)(C)C)cc2)[B-](F)(F)[N+]2=Cc3c(-c5ccc(C(C)(C)C)cc5)c5sc(-c6ccc(C(C)(C)C)cc6)c(-c6ccc(C(C)(C)C)cc6)c5n3[B-](F)(F)[N+]2=C4)cc1,CCCCCC,626.0
1057,CC(C)(C)c1ccc(-c2sc3c(-c4ccc(C(C)(C)C)cc4)c4n(c3c2-c2ccc(C(C)(C)C)cc2)[B-](F)(F)[N+]2=Cc3c(-c5ccc(C(C)(C)C)cc5)c5sc(-c6ccc(C(C)(C)C)cc6)c(-c6ccc(C(C)(C)C)cc6)c5n3[B-](F)(F)[N+]2=C4)cc1,CN(C)C=O,636.0
1058,CC(C)(C)c1ccc(-c2sc3c(-c4ccc(C(C)(C)C)cc4)c4n(c3c2-c2ccc(C(C)(C)C)cc2)[B-](F)(F)[N+]2=Cc3c(-c5ccc(C(C)(C)C)cc5)c5sc(-c6ccc(C(C)(C)C)cc6)c(-c6ccc(C(C)(C)C)cc6)c5n3[B-](F)(F)[N+]2=C4)cc1,Cc1ccccc1,632.0
1059,CC(C)(C)c1ccc(-c2sc3c(-c4ccc(C(C)(C)C)cc4)c4n(c3c2-c2ccc(C(C)(C)C)cc2)[B-](F)(F)[N+]2=Cc3c(-c5ccc(C(C)(C)C)cc5)c5sc(-c6ccc(C(C)(C)C)cc6)c(-c6ccc(C(C)(C)C)cc6)c5n3[B-](F)(F)[N+]2=C4)cc1,ClCCl,631.0
8370,COc1ccc(-c2sc3c(-c4ccc(OC)cc4)c4n(c3c2-c2ccc(OC)cc2)[B-](F)(F)[N+]2=Cc3c(-c5ccc(OC)cc5)c5sc(-c6ccc(OC)cc6)c(-c6ccc(OC)cc6)c5n3[B-](F)(F)[N+]2=C4)cc1,CC#N,641.0
8371,COc1ccc(-c2sc3c(-c4ccc(OC)cc4)c4n(c3c2-c2ccc(OC)cc2)[B-](F)(F)[N+]2=Cc3c(-c5ccc(OC)cc5)c5sc(-c6ccc(OC)cc6)c(-c6ccc(OC)cc6)c5n3[B-](F)(F)[N+]2=C4)cc1,CCCCCC,630.0
8372,COc1ccc(-c2sc3c(-c4ccc(OC)cc4)c4n(c3c2-c2ccc(OC)cc2)[B-](F)(F)[N+]2=Cc3c(-c5ccc(OC)cc5)c5sc(-c6ccc(OC)cc6)c(-c6ccc(OC)cc6)c5n3[B-](F)(F)[N+]2=C4)cc1,CN(C)C=O,654.0
8373,COc1ccc(-c2sc3c(-c4ccc(OC)cc4)c4n(c3c2-c2ccc(OC)cc2)[B-](F)(F)[N+]2=Cc3c(-c5ccc(OC)cc5)c5sc(-c6ccc(OC)cc6)c(-c6ccc(OC)cc6)c5n3[B-](F)(F)[N+]2=C4)cc1,Cc1ccccc1,649.0
8374,COc1ccc(-c2sc3c(-c4ccc(OC)cc4)c4n(c3c2-c2ccc(OC)cc2)[B-](F)(F)[N+]2=Cc3c(-c5ccc(OC)cc5)c5sc(-c6ccc(OC)cc6)c(-c6ccc(OC)cc6)c5n3[B-](F)(F)[N+]2=C4)cc1,ClCCl,648.0
1055,CC(C)(C)c1ccc(-c2sc3c(-c4ccc(C(C)(C)C)cc4)c4n(c3c2-c2ccc(C(C)(C)C)cc2)[B-](F)(F)[N+]2=Cc3c(-c5ccc(C(C)(C)C)cc5)c5sc(-c6ccc(C(C)(C)C)cc6)c(-c6ccc(C(C)(C)C)cc6)c5n3[B-](F)(F)[N+]2=C4)cc1,CC#N,627.0
170,C(=C/c1c2ccccc2cc2ccccc12)\c1c2ccccc2cc2ccccc12,C1CCOC1,650.0
3052,CCCCCCCCC1(CCCCCCCC)c2cc3c(cc2-c2sc(-c4ccc(/C=C5\SC(SCC)=NC5=O)c5nsnc45)cc21)C(CCCCCCCC)(CCCCCCCC)c1cc(-c2ccc(/C=C4\SC(SCC)=NC4=O)c4nsnc24)sc1-3,ClC(Cl)Cl,718.0
13949,O=c1cc(-c2ccccc2)oc(-c2nc3ccccn3c2NC2CCCCC2)c1,ClCCl,475.0
9614,C[Si](c1ccc(-c2nc3ccccc3n2-c2ccccc2)cc1)(c1ccc(-c2nc3ccccc3n2-c2ccccc2)cc1)c1ccc(-c2nc3ccccc3n2-c2ccccc2)cc1,ClCCl,361.0
7874,COc1cc(OC)c2c(c1)c1c(c3ccc(C(C)(C)C)cc32)=[N+]2C(=Nc3c(-c4cc(OC)c(OC)c(OC)c4)c4c5cc(OC)cc(OC)c5c5cc(C(C)(C)C)ccc5c4n3[B-]2(F)F)C=1c1cc(OC)c(OC)c(OC)c1,Cc1ccccc1,809.0
7825,COc1cc(C2=c3c(c4ccc(C(C)(C)C)cc4c4c(OC)c(OC)c(OC)cc34)=[N+]3C2=Nc2c(-c4cc(OC)c(OC)c(OC)c4)c4c5cc(OC)c(OC)c(OC)c5c5cc(C(C)(C)C)ccc5c4n2[B-]3(F)F)cc(OC)c1OC,Cc1ccccc1,820.0
7826,COc1cc(C2=c3c(c4ccc(C(C)(C)C)cc4c4cc(C(C)(C)C)ccc34)=[N+]3C2=Nc2c(-c4cc(OC)c(OC)c(OC)c4)c4c5ccc(C(C)(C)C)cc5c5cc(C(C)(C)C)ccc5c4n2[B-]3(F)F)cc(OC)c1OC,Cc1ccccc1,816.0
9117,COc1ccc2c3c(c4ccc(C(C)(C)C)cc4c2c1)=C(c1cc(OC)c(OC)c(OC)c1)C1=Nc2c(-c4cc(OC)c(OC)c(OC)c4)c4c5ccc(C(C)(C)C)cc5c5cc(OC)ccc5c4n2[B-](F)(F)[N+]=31,Cc1ccccc1,810.0
4503,CCN1c2ccc(/C=C(\C#N)c3ccccc3)cc2Sc2cc(/C=C(\C#N)c3ccccc3)ccc21,C1CCOC1,570.0
4504,CCN1c2ccc(/C=C(\C#N)c3ccccc3)cc2Sc2cc(/C=C(\C#N)c3ccccc3)ccc21,CC#N,584.0
4505,CCN1c2ccc(/C=C(\C#N)c3ccccc3)cc2Sc2cc(/C=C(\C#N)c3ccccc3)ccc21,CC(C)=O,578.0
4506,CCN1c2ccc(/C=C(\C#N)c3ccccc3)cc2Sc2cc(/C=C(\C#N)c3ccccc3)ccc21,CN(C)C=O,588.0
4507,CCN1c2ccc(/C=C(\C#N)c3ccccc3)cc2Sc2cc(/C=C(\C#N)c3ccccc3)ccc21,CS(C)=O,595.0
4508,CCN1c2ccc(/C=C(\C#N)c3ccccc3)cc2Sc2cc(/C=C(\C#N)c3ccccc3)ccc21,Cc1ccccc1,562.0
4509,CCN1c2ccc(/C=C(\C#N)c3ccccc3)cc2Sc2cc(/C=C(\C#N)c3ccccc3)ccc21,ClCCl,573.0
14483,c1cc2ccc3cc4[nH]c(-c5cc6c(cc7ccc8cccc9ccc6c7c89)[nH]5)cc4c4ccc(c1)c2c34,C1CCOC1,482.0
8691,COc1ccc(C#Cc2nc3ccccc3nc2-c2cn(C)c3ccccc23)cc1,C1CCOC1,490.0
8692,COc1ccc(C#Cc2nc3ccccc3nc2-c2cn(C)c3ccccc23)cc1,CC#N,518.0
8693,COc1ccc(C#Cc2nc3ccccc3nc2-c2cn(C)c3ccccc23)cc1,CC(C)=O,513.0
8694,COc1ccc(C#Cc2nc3ccccc3nc2-c2cn(C)c3ccccc23)cc1,CC(C)O,519.0
8695,COc1ccc(C#Cc2nc3ccccc3nc2-c2cn(C)c3ccccc23)cc1,CCO,522.0
8696,COc1ccc(C#Cc2nc3ccccc3nc2-c2cn(C)c3ccccc23)cc1,CCOC(C)=O,491.0
8697,COc1ccc(C#Cc2nc3ccccc3nc2-c2cn(C)c3ccccc23)cc1,CO,525.0
8698,COc1ccc(C#Cc2nc3ccccc3nc2-c2cn(C)c3ccccc23)cc1,Cc1ccccc1,468.0
8699,COc1ccc(C#Cc2nc3ccccc3nc2-c2cn(C)c3ccccc23)cc1,ClCCl,506.0
11201,Cn1cc(-c2nc3ccccc3nc2C#Cc2ccc(C#N)cc2)c2ccccc21,ClCCl,520.0
11202,Cn1cc(-c2nc3ccccc3nc2C#Cc2ccccc2)c2ccccc21,ClCCl,510.0
371,C(=C/c1ncc2ccccc2n1)\c1ccc(N(c2ccccc2)c2ccccc2)cc1,C1CCCCC1,449.0
372,C(=C/c1ncc2ccccc2n1)\c1ccc(N(c2ccccc2)c2ccccc2)cc1,C1CCOC1,498.0
373,C(=C/c1ncc2ccccc2n1)\c1ccc(N(c2ccccc2)c2ccccc2)cc1,CC#N,543.0
374,C(=C/c1ncc2ccccc2n1)\c1ccc(N(c2ccccc2)c2ccccc2)cc1,CS(C)=O,547.0
375,C(=C/c1ncc2ccccc2n1)\c1ccc(N(c2ccccc2)c2ccccc2)cc1,ClCCl,520.0
12873,O=C(c1ccc(-n2c3ccccc3c3ccccc32)cc1)c1ccc(-n2c3ccccc3c3ccccc32)cc1,Cc1ccccc1,438.0
12874,O=C(c1ccc(-n2c3ccccc3c3ccccc32)cc1)c1ccc(-n2c3ccccc3c3ccccc32)cc1,O=P(c1ccccc1)(c1ccccc1)c1ccccc1Oc1ccccc1P(=O)(c1ccccc1)c1ccccc1,444.0
3375,CCCCCCOc1cc(/C=C/c2cc(OCCCCCC)c(/C=C/c3cc(OCCCCCC)c(/C=C4\C(=O)c5ccccc5C4=C(C#N)C#N)cc3OCCCCCC)cc2OCCCCCC)c(OCCCCCC)cc1/C=C1\C(=O)c2ccccc2C1=C(C#N)C#N,ClCCl,765.0
1277,CC(C)(C)c1ccc2c3ccccc3c3cncnc3c2c1,ClCCl,376.0
15215,c1ccc2c(c1)c1ccccc1c1ncncc21,ClCCl,368.0
9836,Cc1cc(=O)cc(-c2ccc(-c3nc4ccccn4c3NC3CCCCC3)cc2)o1,ClCCl,500.0
9606,C[Si](C)(C)c1sc([Si](C)(C)C)c2c1sc1ccsc12,ClC(Cl)Cl,362.0
3376,CCCCCCOc1cc(/C=C/c2cc(OCCCCCC)c(/C=C/c3cc(OCCCCCC)c(C=C(C#N)C#N)cc3OCCCCCC)cc2OCCCCCC)c(OCCCCCC)cc1C=C(C#N)C#N,ClCCl,624.0
3378,CCCCCCOc1cc(/C=C/c2cc(OCCCCCC)c(/C=C/c3cc(OCCCCCC)c(C=O)cc3OCCCCCC)cc2OCCCCCC)c(OCCCCCC)cc1C=O,ClCCl,521.0
3257,CCCCCCCCOc1cc(/C=C/c2cc(OCCCCCCCC)c(/C=C/c3cc(OCCCCCCCC)c(Br)cc3OCCCCCCCC)cc2OCCCCCCCC)c(OCCCCCCCC)cc1Br,ClCCl,467.0
7625,CON(C)C(=O)c1ccc(/C=C/c2ccc(/C=C/c3ccc(C(=O)N(C)OC)cc3)cc2)cc1,c1ccccc1,434.0
7530,COCCOCCOCCOCC(COCCOCCOCCOC)Oc1cc(/C=C/c2ccc(C=C(C#N)C#N)cc2)c(OC(COCCOCCOCCOC)COCCOCCOCCOC)cc1/C=C/c1ccc(C=C(C#N)C#N)cc1,ClCCl,596.0
864,CC(C)(C)OC(=O)COc1ccc2c(c1)oc(=O)c1c(=O)oc3ccccc3c12,ClCCl,440.0
3113,CCCCCCCCCCCCN(CCCCCCCCCCCC)c1ccc2c(c1)oc(=O)c1c(=O)oc3ccccc3c12,ClCCl,528.0
4180,CCN(CC)c1ccc2c(c1)oc(=O)c1c(=O)oc3c(OC)cccc3c12,CS(C)=O,572.0
4181,CCN(CC)c1ccc2c(c1)oc(=O)c1c(=O)oc3c(OC)cccc3c12,ClCCl,530.0
4182,CCN(CC)c1ccc2c(c1)oc(=O)c1c(=O)oc3cc(Br)ccc3c12,CS(C)=O,572.0
4183,CCN(CC)c1ccc2c(c1)oc(=O)c1c(=O)oc3cc(Br)ccc3c12,ClCCl,540.0
14020,O=c1oc2ccccc2c2c1c(=O)oc1cc(O)cc(O)c12,ClCCl,511.0
14021,O=c1oc2ccccc2c2c1c(=O)oc1cc(O)ccc12,ClCCl,455.0
12582,Nc1ccc2c(c1)oc(=O)c1c(=O)oc3ccccc3c12,CS(C)=O,534.0
9347,COc1cccc2c1oc(=O)c1c(=O)oc3cc(O)ccc3c12,ClCCl,438.0
12583,Nc1ccc2c(c1)oc(=O)c1c(=O)oc3ccccc3c12,ClCCl,498.0
863,CC(C)(C)OC(=O)COc1ccc2c(c1)oc(=O)c1c(=O)oc3ccccc3c12,CS(C)=O,449.0
4546,CCNc1cc2oc(=O)c3c(=O)oc4ccccc4c3c2cc1C,CS(C)=O,552.0
4547,CCNc1cc2oc(=O)c3c(=O)oc4ccccc4c3c2cc1C,ClCCl,509.0
3112,CCCCCCCCCCCCN(CCCCCCCCCCCC)c1ccc2c(c1)oc(=O)c1c(=O)oc3ccccc3c12,CS(C)=O,562.0
8015,COc1cc2c(cc1-c1cccs1)Cc1c3c(c4c(c1-2)-c1cc(OC)c(-c2cccs2)cc1C4)C(=O)N(CCC(C)C)C3=O,C1CCOC1,505.0
8799,COc1ccc(C2=C3C(C)=CC(C=Cc4ccc(C(=O)OC5C[C@H]6CCC5(C)C6(C)C)cc4)=[N+]3[B-](F)(F)n3c(C)cc(C)c32)cc1,Cc1ccccc1,627.0
485,C1=CC2=CC=CC3C=c4c(cc5cccc6cccc4c65)C(=C1)C23,ClCCl,574.0
11180,Cn1c(=O)cc(C(=O)c2ccccc2)c2sc(-c3ccc(N(c4ccccc4)c4ccccc4)cc3)cc21,CC#N,504.0
11181,Cn1c(=O)cc(C(=O)c2ccccc2)c2sc(-c3ccc(N(c4ccccc4)c4ccccc4)cc3)cc21,ClCCl,635.0
11369,F[B-]1(F)n2c(-c3cccs3)cc(-c3ccccc3)c2N=C2C(c3ccccc3)=CC(c3cccs3)=[N+]21,CC#N,732.0
11370,F[B-]1(F)n2c(-c3cccs3)cc(-c3ccccc3)c2N=C2C(c3ccccc3)=CC(c3cccs3)=[N+]21,ClCCl,740.0
10088,Cc1cc(C2=C(c3cc(C)sc3C)S(=O)(=O)c3ccccc32)c(C)s1,C1CCOC1,465.0
13739,O=S1(=O)C(c2ccsc2)=C(c2ccsc2)c2ccccc21,C1CCOC1,433.0
576,C=C[Si](c1c2ccccc2cc2ccccc12)(c1c2ccccc2cc2ccccc12)c1c2ccccc2cc2ccccc12,ClC(Cl)Cl,437.0
7629,CO[Si](c1c2ccccc2cc2ccccc12)(c1c2ccccc2cc2ccccc12)c1c2ccccc2cc2ccccc12,ClC(Cl)Cl,439.0
15141,c1ccc2c([SiH](c3c4ccccc4cc4ccccc34)c3c4ccccc4cc4ccccc34)c3ccccc3cc2c1,ClC(Cl)Cl,432.0
9572,C[Si](C)(C)C#C[Si](c1c2ccccc2cc2ccccc12)(c1c2ccccc2cc2ccccc12)c1c2ccccc2cc2ccccc12,ClC(Cl)Cl,438.0
14123,O[Si](c1c2ccccc2cc2ccccc12)(c1c2ccccc2cc2ccccc12)c1c2ccccc2cc2ccccc12,ClC(Cl)Cl,434.0
11535,F[Si](c1c2ccccc2cc2ccccc12)(c1c2ccccc2cc2ccccc12)c1c2ccccc2cc2ccccc12,C1CCOC1,416.0
11536,F[Si](c1c2ccccc2cc2ccccc12)(c1c2ccccc2cc2ccccc12)c1c2ccccc2cc2ccccc12,ClC(Cl)Cl,434.0
13752,O=S1(=O)c2cc(-n3c4ccccc4c4ccccc43)ccc2-c2ccc(-n3c4ccccc4c4ccccc43)cc21,Cc1ccccc1,442.0
13753,O=S1(=O)c2cc(-n3c4ccccc4c4ccccc43)ccc2-c2ccc(-n3c4ccccc4c4ccccc43)cc21,ClC(Cl)Cl,454.0
10341,Cc1ccc(-n2c(-c3cccc4cc[nH]c34)nc3c4ccccc4c4ccccc4c32)cc1,Cc1ccccc1,377.0
3772,CCCCc1ccc(N(c2ccc(CCCC)cc2)c2ccc(-c3ccc4c(c3)S(=O)(=O)c3cc(-c5ccc(N(c6ccc(CCCC)cc6)c6ccc(CCCC)cc6)cc5)ccc3-4)cc2)cc1,Cc1ccccc1,471.0
3773,CCCCc1ccc(N(c2ccc(CCCC)cc2)c2ccc(-c3ccc4c(c3)S(=O)(=O)c3cc(-c5ccc(N(c6ccc(CCCC)cc6)c6ccc(CCCC)cc6)cc5)ccc3-4)cc2)cc1,ClC(Cl)Cl,520.0
13238,O=C1c2cccc3c(-n4c5ccccc5c5ccccc54)ccc(c23)C(=O)N1c1ccccc1,C1CCOC1,546.0
13239,O=C1c2cccc3c(-n4c5ccccc5c5ccccc54)ccc(c23)C(=O)N1c1ccccc1,CCCCCC,443.0
13240,O=C1c2cccc3c(-n4c5ccccc5c5ccccc54)ccc(c23)C(=O)N1c1ccccc1,ClC(Cl)Cl,495.0
13241,O=C1c2cccc3c(-n4c5ccccc5c5ccccc54)ccc(c23)C(=O)N1c1ccccc1,ClCCl,568.0
8432,COc1ccc(/C=C(\c2ccccc2)c2nc3ccccc3s2)cc1,C1CCCCC1,400.0
8433,COc1ccc(/C=C(\c2ccccc2)c2nc3ccccc3s2)cc1,CO,420.0
10388,Cc1ccc(/C=C(\c2ccccc2)c2nc3ccccc3s2)cc1,C1CCCCC1,380.0
10389,Cc1ccc(/C=C(\c2ccccc2)c2nc3ccccc3s2)cc1,CO,410.0
11074,Clc1ccc(/C=C(\c2ccccc2)c2nc3ccccc3s2)cc1,C1CCCCC1,420.0
11075,Clc1ccc(/C=C(\c2ccccc2)c2nc3ccccc3s2)cc1,CO,430.0
14418,[O-][n+]1c(-c2ccc(Br)cc2)cc(N2CCOCC2)nc1/C=C/c1ccccc1,ClCCl,548.0
14419,[O-][n+]1c(-c2ccccc2)cc(N2CCOCC2)nc1/C=C/c1ccccc1,ClCCl,548.0
201,C(=C/c1cc[n+]2ccc(/C=C/c3cc[nH]c3)cc2c1)\c1cc[nH]c1,CO,542.0
3368,CCCCCCN1C(=O)c2cccc3cc(/N=C\c4ccc(N5CCOCC5)cc4)cc(c23)C1=O,ClC(Cl)Cl,557.0
11978,N#Cc1c(N2CCCCC2)cc(-c2ccc3ccc4cccc5ccc2c3c45)c2c1Cc1ccccc1-2,C1CCOC1,481.0
3790,CCCCn1c(-c2ccc(-c3nnc(-c4ccc(-c5nc6c7ccccc7c7ccccc7c6n5CCCC)cc4)o3)cc2)nc2c3ccccc3c3ccccc3c21,ClCCl,451.0
3487,CCCCCCn1c2ccccc2c2cc(-c3ccc(-c4cc(-c5ccccn5)nc(-c5ccccn5)c4)cc3)ccc21,ClCCl,447.0
25,C#CCN1C(=O)/C(=C/c2cc(OC(C)C)ccc2OC(C)C)N=C1C,C1COCCO1,476.0
26,C#CCN1C(=O)/C(=C/c2cc(OC(C)C)ccc2OC(C)C)N=C1C,CC#N,508.0
27,C#CCN1C(=O)/C(=C/c2cc(OC(C)C)ccc2OC(C)C)N=C1C,CC(C)=O,487.0
28,C#CCN1C(=O)/C(=C/c2cc(OC(C)C)ccc2OC(C)C)N=C1C,CCCCCC,440.0
29,C#CCN1C(=O)/C(=C/c2cc(OC(C)C)ccc2OC(C)C)N=C1C,CCCCO,516.0
30,C#CCN1C(=O)/C(=C/c2cc(OC(C)C)ccc2OC(C)C)N=C1C,CCCO,521.0
31,C#CCN1C(=O)/C(=C/c2cc(OC(C)C)ccc2OC(C)C)N=C1C,CCO,523.0
32,C#CCN1C(=O)/C(=C/c2cc(OC(C)C)ccc2OC(C)C)N=C1C,CCOC(C)=O,475.0
33,C#CCN1C(=O)/C(=C/c2cc(OC(C)C)ccc2OC(C)C)N=C1C,CN(C)C=O,500.0
34,C#CCN1C(=O)/C(=C/c2cc(OC(C)C)ccc2OC(C)C)N=C1C,CO,538.0
35,C#CCN1C(=O)/C(=C/c2cc(OC(C)C)ccc2OC(C)C)N=C1C,CS(C)=O,510.0
7474,COC(C)CC1=N/C(=C\c2cccc(N(C)C)c2)C(=O)N1C,C1CCOC1,569.0
7475,COC(C)CC1=N/C(=C\c2cccc(N(C)C)c2)C(=O)N1C,CC#N,632.0
7476,COC(C)CC1=N/C(=C\c2cccc(N(C)C)c2)C(=O)N1C,CCCCCC,495.0
7527,COCCN1C(=O)/C(=C/c2cccc(N(C)C)c2)N=C1C,CCCCCC,491.0
435,C/C=C/C1=N/C(=C\c2ccc(O)cc2)C(=O)N1C,ClC(Cl)Cl,472.0
436,C/C=C/C1=N/C(=C\c2ccc(O)cc2)C(=O)N1C,O,460.0
437,C/C=C/C1=N/C(=C\c2ccc([O-])cc2)C(=O)N1C,O,530.0
438,C/C=C/C=C/C1=N/C(=C\c2ccc(O)cc2)C(=O)N1C,ClC(Cl)Cl,531.0
439,C/C=C/C=C/C1=N/C(=C\c2ccc(O)cc2)C(=O)N1C,O,523.0
440,C/C=C/C=C/C1=N/C(=C\c2ccc([O-])cc2)C(=O)N1C,O,565.0
7525,COCCN1C(=O)/C(=C/c2cccc(N(C)C)c2)N=C1C,C1CCOC1,563.0
7526,COCCN1C(=O)/C(=C/c2cccc(N(C)C)c2)N=C1C,CC#N,632.0
1498,CC(O)CC1=N/C(=C\c2cccc(N(C)C)c2)C(=O)N1C,C1CCOC1,585.0
1499,CC(O)CC1=N/C(=C\c2cccc(N(C)C)c2)C(=O)N1C,CC#N,642.0
1500,CC(O)CC1=N/C(=C\c2cccc(N(C)C)c2)C(=O)N1C,CCCCCC,506.0
2141,CC1=N/C(=C\c2cc(C#N)cc(N(C)C)c2)C(=O)N1C,C1CCOC1,544.0
2142,CC1=N/C(=C\c2cc(C#N)cc(N(C)C)c2)C(=O)N1C,CC#N,595.0
2143,CC1=N/C(=C\c2cc(C#N)cc(N(C)C)c2)C(=O)N1C,CCCCCC,475.0
2144,CC1=N/C(=C\c2cc(N(C)C)ccc2C#N)C(=O)N1C,C1CCOC1,560.0
2145,CC1=N/C(=C\c2cc(N(C)C)ccc2C#N)C(=O)N1C,CC#N,606.0
2146,CC1=N/C(=C\c2cc(N(C)C)ccc2C#N)C(=O)N1C,CCCCCC,492.0
2147,CC1=N/C(=C\c2ccc(C#N)c(N(C)C)c2)C(=O)N1C,C1CCOC1,568.0
2148,CC1=N/C(=C\c2ccc(C#N)c(N(C)C)c2)C(=O)N1C,CC#N,592.0
2149,CC1=N/C(=C\c2ccc(C#N)c(N(C)C)c2)C(=O)N1C,CCCCCC,496.0
2150,CC1=N/C(=C\c2ccc(N(C)C)cc2)C(=O)N1C,C1CCCCC1,437.0
2151,CC1=N/C(=C\c2ccc(N(C)C)cc2)C(=O)N1C,C1CCOC1,452.0
2152,CC1=N/C(=C\c2ccc(N(C)C)cc2)C(=O)N1C,CC#N,483.0
2153,CC1=N/C(=C\c2ccc(N(C)C)cc2)C(=O)N1C,CO,492.0
2154,CC1=N/C(=C\c2ccc(N(C)C)cc2)C(=O)N1C,CS(C)=O,490.0
2155,CC1=N/C(=C\c2ccc(N(C)C)cc2)C(=O)N1C,ClCCl,482.0
2156,CC1=N/C(=C\c2ccc(N(C)C)cc2)C(=O)N1C,O,520.0
2159,CC1=N/C(=C\c2cccc(N(C)C)c2)C(=O)N1C,CCCCCC,484.0
2160,CC1=N/C(=C\c2cccc(N(C)C)c2)C(=O)N1CCO,C1CCOC1,585.0
2161,CC1=N/C(=C\c2cccc(N(C)C)c2)C(=O)N1CCO,CC#N,656.0
2162,CC1=N/C(=C\c2cccc(N(C)C)c2)C(=O)N1CCO,CCCCCC,506.0
2163,CC1=N/C(=C\c2ccccc2N(C)C)C(=O)N1C,C1CCCCC1,472.0
2164,CC1=N/C(=C\c2ccccc2N(C)C)C(=O)N1C,C1CCOC1,519.0
2165,CC1=N/C(=C\c2ccccc2N(C)C)C(=O)N1C,CC#N,536.0
2166,CC1=N/C(=C\c2ccccc2N(C)C)C(=O)N1C,CO,522.0
2167,CC1=N/C(=C\c2ccccc2N(C)C)C(=O)N1C,CS(C)=O,552.0
2168,CC1=N/C(=C\c2ccccc2N(C)C)C(=O)N1C,ClCCl,535.0
2169,CC1=N/C(=C\c2ccccc2N(C)C)C(=O)N1C,O,426.0
2170,CC1=N/C(=C\c2ccccc2N)C(=O)N1C,C1CCCCC1,451.0
2171,CC1=N/C(=C\c2ccccc2N)C(=O)N1C,C1CCOC1,513.0
2172,CC1=N/C(=C\c2ccccc2N)C(=O)N1C,CC#N,453.0
2173,CC1=N/C(=C\c2ccccc2N)C(=O)N1C,CO,454.0
2174,CC1=N/C(=C\c2ccccc2N)C(=O)N1C,CS(C)=O,530.0
2175,CC1=N/C(=C\c2ccccc2N)C(=O)N1C,ClCCl,452.0
2176,CC1=N/C(=C\c2ccccc2N)C(=O)N1C,O,452.0
11606,Fc1ccc(/C=C/c2nc3c4ccccc4c4ccccc4c3o2)cc1,CC#N,432.0
8598,COc1ccc(/C=C/c2nc3c4ccccc4c4ccccc4c3o2)cc1,CC#N,430.0
13798,O=[N+]([O-])c1ccc(/C=C/c2nc3c4ccccc4c4ccccc4c3o2)cc1,CC#N,602.0
345,C(=C/c1nc2c3ccccc3c3ccccc3c2o1)\c1ccccc1,CC#N,434.0
6086,CN(C)c1ccc(/C=C/c2nc3c4ccccc4c4ccccc4c3o2)cc1,CC#N,498.0
4382,CCN(CC)c1ccc2cc(C#N)/c(=N\C(=O)c3ccco3)oc2c1,CCO,470.0
4383,CCN(CC)c1ccc2cc(C#N)/c(=N\C(=O)c3ccco3)oc2c1,ClCCl,460.0
1952,CC1=C(c2cccs2)C2=Cc3c(-c4cccs4)c(C)c(C)n3[B-](F)(F)[N+]2=C1C,CC#N,571.0
186,C(=C/c1cc(-c2ccccc2)c(/C=C/c2ccc(N(c3ccccc3)c3ccccc3)cc2)cc1-c1ccccc1)\c1ccc(N(c2ccccc2)c2ccccc2)cc1,ClCCl,495.0
10278,Cc1ccc(-c2cc(/C=C/c3ccc(N(c4ccccc4)c4ccccc4)cc3)c(-c3ccc(C)cc3)cc2/C=C/c2ccc(N(c3ccccc3)c3ccccc3)cc2)cc1,ClCCl,492.0
15242,c1ccc2c(c1)ccc1c3ccccc3ccc21,ClCCl,366.0
1395,CC(C)[Si](C#Cc1ccc2c(C#C[Si](C(C)C)(C(C)C)C(C)C)cc3c4cc(C#C[Si](C(C)C)(C(C)C)C(C)C)ccc4c(C#C[Si](C(C)C)(C(C)C)C(C)C)cc3c2c1)(C(C)C)C(C)C,ClCCl,408.0
6925,COC(=O)/C(C#N)=c1\s/c(=c2/s/c(=C(/C#N)C(=O)OC)c3cc(-c4ccccc4)sc23)c2sc(-c3ccccc3)cc12,Cc1ccccc1,640.0
6920,COC(=O)/C(C#N)=c1\s/c(=c2/s/c(=C(/C#N)C(=O)OC)c3cc(-c4ccc(C(F)(F)F)cc4)sc23)c2sc(-c3ccc(C(F)(F)F)cc3)cc12,Cc1ccccc1,625.0
6921,COC(=O)/C(C#N)=c1\s/c(=c2/s/c(=C(/C#N)C(=O)OC)c3cc(-c4ccc(C)cc4)sc23)c2sc(-c3ccc(C)cc3)cc12,Cc1ccccc1,652.0
6922,COC(=O)/C(C#N)=c1\s/c(=c2/s/c(=C(/C#N)C(=O)OC)c3cc(-c4ccc(F)cc4)sc23)c2sc(-c3ccc(F)cc3)cc12,Cc1ccccc1,640.0
6923,COC(=O)/C(C#N)=c1\s/c(=c2/s/c(=C(/C#N)C(=O)OC)c3cc(-c4ccc(OC)cc4)sc23)c2sc(-c3ccc(OC)cc3)cc12,Cc1ccccc1,680.0
9439,COc1nc(Nc2cc3ccc4cccc5ccc(c2)c3c45)nc(OC)n1,CCCCOCCCC,393.0
9440,COc1nc(Nc2cc3ccc4cccc5ccc(c2)c3c45)nc(OC)n1,CO,392.0
11101,Clc1nc(Cl)nc(Nc2cc3ccc4cccc5ccc(c2)c3c45)n1,CCCCOCCCC,374.0
9438,COc1nc(Nc2cc3ccc4cccc5ccc(c2)c3c45)nc(OC)n1,CC#N,393.0
2386,CCC(CC)COC1=CC2=C3c4cc(OCC(CC)CC)c(-c5cccs5)n4[B-](F)(F)[n+]4c3n(c3cc(C(C)(C)C)ccc34)[B-](F)(F)[N+]2=C1c1cccs1,C1CCOC1,809.0
2387,CCC(CC)COC1=CC2=C3c4cc(OCC(CC)CC)c(-c5cccs5)n4[B-](F)(F)[n+]4c3n(c3cc(C(C)(C)C)ccc34)[B-](F)(F)[N+]2=C1c1cccs1,ClCCl,811.0
12563,Nc1ccc2c(c1)C(=O)c1ccc(N)cc1C2=O,CC(C)O,616.0
12564,Nc1ccc2c(c1)C(=O)c1ccc(N)cc1C2=O,CCO,616.0
12565,Nc1ccc2c(c1)C(=O)c1ccc(N)cc1C2=O,CCOC(C)=O,547.6
12566,Nc1ccc2c(c1)C(=O)c1ccc(N)cc1C2=O,CO,616.0
12624,Nc1cccc2c1C(=O)c1ccccc1C2=O,ClCCl,558.0
3655,CCCCNc1ccc(NCCCC)c2c1C(=O)c1ccccc1C2=O,C1CCCCC1,665.0
3656,CCCCNc1ccc(NCCCC)c2c1C(=O)c1ccccc1C2=O,C1COCCO1,672.0
3657,CCCCNc1ccc(NCCCC)c2c1C(=O)c1ccccc1C2=O,CC(C)=O,671.0
3658,CCCCNc1ccc(NCCCC)c2c1C(=O)c1ccccc1C2=O,CCCCCCCCCCO,668.0
3659,CCCCNc1ccc(NCCCC)c2c1C(=O)c1ccccc1C2=O,CCCCCCCO,661.0
3660,CCCCNc1ccc(NCCCC)c2c1C(=O)c1ccccc1C2=O,CCCCCCO,670.0
3661,CCCCNc1ccc(NCCCC)c2c1C(=O)c1ccccc1C2=O,CCCCO,671.0
3662,CCCCNc1ccc(NCCCC)c2c1C(=O)c1ccccc1C2=O,CCO,674.0
3663,CCCCNc1ccc(NCCCC)c2c1C(=O)c1ccccc1C2=O,CN(C)C=O,664.0
3664,CCCCNc1ccc(NCCCC)c2c1C(=O)c1ccccc1C2=O,CO,666.0
3665,CCCCNc1ccc(NCCCC)c2c1C(=O)c1ccccc1C2=O,CS(C)=O,678.0
3666,CCCCNc1ccc(NCCCC)c2c1C(=O)c1ccccc1C2=O,ClC(Cl)(Cl)Cl,675.0
3667,CCCCNc1ccc(NCCCC)c2c1C(=O)c1ccccc1C2=O,c1ccccc1,667.0
4555,CCNc1ccc(NCC)c2c1C(=O)c1ccccc1C2=O,C1CCCCC1,670.0
4556,CCNc1ccc(NCC)c2c1C(=O)c1ccccc1C2=O,C1COCCO1,684.0
4557,CCNc1ccc(NCC)c2c1C(=O)c1ccccc1C2=O,CC(C)=O,671.0
4558,CCNc1ccc(NCC)c2c1C(=O)c1ccccc1C2=O,CCCCCCCCCCO,672.0
4559,CCNc1ccc(NCC)c2c1C(=O)c1ccccc1C2=O,CCCCCCCO,666.0
4560,CCNc1ccc(NCC)c2c1C(=O)c1ccccc1C2=O,CCCCCCO,663.0
4561,CCNc1ccc(NCC)c2c1C(=O)c1ccccc1C2=O,CCCCO,670.0
4562,CCNc1ccc(NCC)c2c1C(=O)c1ccccc1C2=O,CCO,672.0
4563,CCNc1ccc(NCC)c2c1C(=O)c1ccccc1C2=O,CN(C)C=O,680.0
4564,CCNc1ccc(NCC)c2c1C(=O)c1ccccc1C2=O,CO,669.0
4565,CCNc1ccc(NCC)c2c1C(=O)c1ccccc1C2=O,CS(C)=O,672.0
4566,CCNc1ccc(NCC)c2c1C(=O)c1ccccc1C2=O,ClC(Cl)(Cl)Cl,679.0
4567,CCNc1ccc(NCC)c2c1C(=O)c1ccccc1C2=O,c1ccccc1,670.0
4583,CCNc1cccc2c1C(=O)c1ccccc1C2=O,ClCCl,608.0
12405,NCCNc1cccc2c1C(=O)c1ccccc1C2=O,ClCCl,535.0
6904,CNc1cccc2c1C(=O)c1ccccc1C2=O,C1CCC2CCCCC2C1,565.0
6905,CNc1cccc2c1C(=O)c1ccccc1C2=O,C1CCCCC1,563.0
6906,CNc1cccc2c1C(=O)c1ccccc1C2=O,CC#N,617.0
6907,CNc1cccc2c1C(=O)c1ccccc1C2=O,CC1CCCCC1,565.0
6652,CN(C)c1cccc2c1C(=O)c1ccccc1C2=O,C1CCCCC1,566.0
6653,CN(C)c1cccc2c1C(=O)c1ccccc1C2=O,CC#N,593.0
6654,CN(C)c1cccc2c1C(=O)c1ccccc1C2=O,CC1CCCCC1,566.5
6655,CN(C)c1cccc2c1C(=O)c1ccccc1C2=O,CCC(C)CC,566.0
6656,CN(C)c1cccc2c1C(=O)c1ccccc1C2=O,CCCCCC,566.2
6657,CN(C)c1cccc2c1C(=O)c1ccccc1C2=O,CCOC(C)=O,585.0
6908,CNc1cccc2c1C(=O)c1ccccc1C2=O,CCC(C)CC,562.0
6909,CNc1cccc2c1C(=O)c1ccccc1C2=O,CCCCCC,560.0
6910,CNc1cccc2c1C(=O)c1ccccc1C2=O,CCOC(C)=O,600.0
12562,Nc1ccc2c(c1)C(=O)c1ccc(N)cc1C2=O,CC#N,594.0
14927,c1ccc(C(=C(c2ccccc2)c2ccc(-c3ccc(-c4nc5c(-c6ccc(-c7ccc(C(=C(c8ccccc8)c8ccccc8)c8ccccc8)cc7)cc6)sc(-c6ccc(-c7ccc(C(=C(c8ccccc8)c8ccccc8)c8ccccc8)cc7)cc6)c5nc4-c4ccc(-c5ccc(C(=C(c6ccccc6)c6ccccc6)c6ccccc6)cc5)cc4)cc3)cc2)c2ccccc2)cc1,Cc1ccccc1,637.0
14928,c1ccc(C(=C(c2ccccc2)c2ccc(-c3ccc(-c4nc5c(-c6ccc(-c7ccc(C(=C(c8ccccc8)c8ccccc8)c8ccccc8)cc7)cc6)sc(-c6ccc(-c7ccc(C(=C(c8ccccc8)c8ccccc8)c8ccccc8)cc7)cc6)c5nc4-c4ccc(-c5ccc(C(=C(c6ccccc6)c6ccccc6)c6ccccc6)cc5)cc4)cc3)cc2)c2ccccc2)cc1,ClCCl,647.0
14622,c1ccc(-c2ccc3c(c2)C2(c4ccccc4-c4ccccc42)c2ccccc2-3)cc1,C1CCCCC1,335.0
9212,COc1ccc2cc(C(C)C(=O)Oc3ccc(-c4c5nc(c(-c6ccc(C)cc6)c6ccc([nH]6)c(-c6ccc(C)cc6)c6nc(c(-c7ccc(C)cc7)c7ccc4[nH]7)C=C6)C=C5)cc3)ccc2c1,ClCCl,654.0
3992,CCN(CC)c1ccc(-c2nc(Oc3ccc(-c4nc5ccccc5s4)cc3)nc(Oc3ccc(-c4nc5ccccc5s4)cc3)n2)cc1,CN(C)C=O,419.0
11398,F[B-]1(F)n2c(c(-c3cccs3)c3c2-c2ccccc2CC3)C=C2C(c3cccs3)=C3CCc4ccccc4C3=[N+]21,CC#N,650.0
1930,CC1=C(Cl)C(/C=C/c2ccc3c(c2)c2ccccc2n3Cc2cn(CCC[P+](c3ccccc3)(c3ccccc3)c3ccccc3)nn2)=[N+]2C1=C(c1ccc(I)cc1)c1c(C)c(Cl)c(C)n1[B-]2(F)F,CCO,650.0
7422,COC(=O)c1ccccc1-c1c2ccc(=[NH2+])cc-2oc2cc(N)ccc12,CC#N,525.0
7423,COC(=O)c1ccccc1-c1c2ccc(=[NH2+])cc-2oc2cc(N)ccc12,CCO,529.0
7424,COC(=O)c1ccccc1-c1c2ccc(=[NH2+])cc-2oc2cc(N)ccc12,CN(C)C=O,538.0
7425,COC(=O)c1ccccc1-c1c2ccc(=[NH2+])cc-2oc2cc(N)ccc12,O,527.0
12516,Nc1ccc2c(-c3ccc(Br)cc3)c3ccc(=[NH2+])cc-3oc2c1,CCO,532.0
12518,Nc1ccc2c(-c3ccccc3C(=O)[O-])c3ccc(=[NH2+])cc-3oc2c1,CC#N,523.0
12519,Nc1ccc2c(-c3ccccc3C(=O)[O-])c3ccc(=[NH2+])cc-3oc2c1,CCO,525.0
12520,Nc1ccc2c(-c3ccccc3C(=O)[O-])c3ccc(=[NH2+])cc-3oc2c1,CN(C)C=O,536.0
12521,Nc1ccc2c(-c3ccccc3C(=O)[O-])c3ccc(=[NH2+])cc-3oc2c1,O,523.0
7279,COC(=O)c1c(NC(C)(C)C)oc(-c2ccccc2)c1C(=O)OC,CC#N,446.0
6091,CN(C)c1ccc(/C=C/c2nc3ccc(Br)cc3nc2-c2ccccc2)cc1,CC#N,648.0
6092,CN(C)c1ccc(/C=C/c2nc3ccc(Br)cc3nc2-c2ccccc2)cc1,ClCCl,602.0
10784,Cc1ccc2nc(/C=C/c3ccc(N(C)C)cc3)c(-c3ccccc3)nc2c1,C1COCCO1,528.0
10785,Cc1ccc2nc(/C=C/c3ccc(N(C)C)cc3)c(-c3ccccc3)nc2c1,CC#N,614.0
10786,Cc1ccc2nc(/C=C/c3ccc(N(C)C)cc3)c(-c3ccccc3)nc2c1,ClCCl,571.0
6087,CN(C)c1ccc(/C=C/c2nc3cc(Br)ccc3nc2-c2ccccc2)cc1,C1COCCO1,555.0
6088,CN(C)c1ccc(/C=C/c2nc3cc(Br)ccc3nc2-c2ccccc2)cc1,CC#N,643.0
6089,CN(C)c1ccc(/C=C/c2nc3cc(Br)ccc3nc2-c2ccccc2)cc1,ClCCl,601.0
6090,CN(C)c1ccc(/C=C/c2nc3ccc(Br)cc3nc2-c2ccccc2)cc1,C1COCCO1,555.0
10624,Cc1ccc(CN2/C(=C/C=C3\CCCC(/C=C/C4=[N+](Cc5ccc(C)cc5)c5ccccc5C4(C)C)=C3Cl)C(C)(C)c3ccccc32)cc1,CO,813.0
1525,CC1(C)C(/C=C/C2=C(Cl)/C(=C/C=C3/N(Cc4ccc(C(=O)O)cc4)c4ccccc4C3(C)C)CCC2)=[N+](Cc2ccc(C(=O)O)cc2)c2ccccc21,CO,814.0
1526,CC1(C)C(/C=C/C2=C(Cl)/C(=C/C=C3/N(Cc4ccc(F)cc4)c4ccccc4C3(C)C)CCC2)=[N+](Cc2ccc(F)cc2)c2ccccc21,CO,809.0
1527,CC1(C)C(/C=C/C2=C(Cl)/C(=C/C=C3/N(Cc4ccc([N+](=O)[O-])cc4)c4ccccc4C3(C)C)CCC2)=[N+](Cc2ccc([N+](=O)[O-])cc2)c2ccccc21,CO,807.0
1528,CC1(C)C(/C=C/C2=C(Cl)/C(=C/C=C3/N(Cc4ccccc4)c4ccccc4C3(C)C)CCC2)=[N+](Cc2ccccc2)c2ccccc21,CO,813.0
14958,c1ccc(COc2cc(C[n+]3ccc(-c4cc[n+](Cc5cc(OCc6ccccc6)cc(OCc6ccccc6)c5)cc4)cc3)cc(OCc3ccccc3)c2)cc1,CC#N,365.0
8901,COc1ccc(N(c2ccc(OC)cc2)c2cc3ccc4cc(B(c5c(C)cc(C)cc5C)c5c(C)cc(C)cc5C)cc5ccc(c2)c3c45)cc1,C1CCOC1,550.0
8902,COc1ccc(N(c2ccc(OC)cc2)c2cc3ccc4cc(B(c5c(C)cc(C)cc5C)c5c(C)cc(C)cc5C)cc5ccc(c2)c3c45)cc1,CC(C)=O,600.0
8903,COc1ccc(N(c2ccc(OC)cc2)c2cc3ccc4cc(B(c5c(C)cc(C)cc5C)c5c(C)cc(C)cc5C)cc5ccc(c2)c3c45)cc1,CCCCCC,458.0
8904,COc1ccc(N(c2ccc(OC)cc2)c2cc3ccc4cc(B(c5c(C)cc(C)cc5C)c5c(C)cc(C)cc5C)cc5ccc(c2)c3c45)cc1,Cc1ccccc1,488.0
8905,COc1ccc(N(c2ccc(OC)cc2)c2cc3ccc4cc(B(c5c(C)cc(C)cc5C)c5c(C)cc(C)cc5C)cc5ccc(c2)c3c45)cc1,ClC(Cl)Cl,532.0
8906,COc1ccc(N(c2ccc(OC)cc2)c2cc3ccc4cc(B(c5c(C)cc(C)cc5C)c5c(C)cc(C)cc5C)cc5ccc(c2)c3c45)cc1,ClCCl,561.0
1088,CC(C)(C)c1ccc(C2=C(c3ccc(N4c5ccccc5C(C)(C)c5ccccc54)cc3)S(=O)(=O)c3c2sc(-c2ccc(N4c5ccccc5C(C)(C)c5ccccc54)cc2)c3-c2ccc(C(C)(C)C)cc2)cc1,C1CCOC1,581.0
2402,CCC1(CC)c2cc(-c3ccc(-c4ccccc4)cc3-c3ccccc3)ccc2-c2nc3c(nc21)-c1ccc(-c2ccc(-c4ccccc4)cc2-c2ccccc2)cc1C3(CC)CC,C1CCOC1,434.0
11716,N#CC(/N=C/c1ccccc1O)=C(C#N)/N=C/c1ccccc1O,CC#N,553.0
4065,CCN(CC)c1ccc(/C=N/C(C#N)=C(C#N)/N=C/c2ccc(N(CC)CC)cc2O)c(O)c1,CC#N,609.0
4066,CCN(CC)c1ccc(/C=N/C(C#N)=C(C#N)/N=C/c2ccc(N(CC)CC)cc2O)c(O)c1,CN(C)C=O,618.0
4067,CCN(CC)c1ccc(/C=N/C(C#N)=C(C#N)/N=C/c2ccc(N(CC)CC)cc2O)c(O)c1,ClCCl,612.0
4068,CCN(CC)c1ccc(/C=N/C(C#N)=C(C#N)\N=C\c2ccc(N(CC)CC)cc2O)c(O)c1,CC#N,606.0
10951,Cc1cn2cc(-c3ccc(C#N)cc3)[n-][n+]2c1,ClCCl,518.0
9412,COc1cn2cc(-c3ccc(C#N)cc3)[n-][n+]2c1,ClCCl,505.0
12121,N#Cc1ccc(-c2cn3cc(C#N)c[n+]3[n-]2)cc1,ClCCl,453.0
12122,N#Cc1ccc(-c2cn3ccc[n+]3[n-]2)cc1,ClCCl,509.0
12342,N#Cc1nc2c3ccc(-c4ccc(-n5c6ccccc6c6ccccc65)cc4)cc3c3cc(-c4ccc(-n5c6ccccc6c6ccccc65)cc4)ccc3c2nc1C#N,C1COCCO1,553.3057851
12343,N#Cc1nc2c3ccc(-c4ccc(-n5c6ccccc6c6ccccc65)cc4)cc3c3cc(-c4ccc(-n5c6ccccc6c6ccccc65)cc4)ccc3c2nc1C#N,CCCCCC,455.785124
12344,N#Cc1nc2c3ccc(-c4ccc(-n5c6ccccc6c6ccccc65)cc4)cc3c3cc(-c4ccc(-n5c6ccccc6c6ccccc65)cc4)ccc3c2nc1C#N,Cc1ccccc1,520.0
12345,N#Cc1nc2c3ccc(-c4ccc(-n5c6ccccc6c6ccccc65)cc4)cc3c3cc(-c4ccc(-n5c6ccccc6c6ccccc65)cc4)ccc3c2nc1C#N,ClC(Cl)Cl,618.5950413
12346,N#Cc1nc2c3ccc(-c4ccc(-n5c6ccccc6c6ccccc65)cc4)cc3c3cc(-c4ccc(-n5c6ccccc6c6ccccc65)cc4)ccc3c2nc1C#N,O=P(c1ccccc1)(c1ccccc1)c1cccc(-c2cc(-n3c4ccccc4c4ccccc43)cc(-n3c4ccccc4c4ccccc43)c2)n1,552.0
398,C(=C1c2ccccc2CCc2ccccc21)c1ccc(-c2ccc(C=C3c4ccccc4CCc4ccccc43)cc2)cc1,C1CCOC1,394.0
2759,CCCC1=Cc2nc1ccc1[nH]c(cc1CCC)c1nc(c(OCc3ccc(C(=O)O)cc3)cc3[nH]c2cc3CCC)C(CCC)=C1,Cc1ccccc1,685.0
15033,c1ccc(N(c2ccccc2)c2ccc3ccc4c(N(c5ccccc5)c5ccccc5)ccc5ccc2c3c54)cc1,Cc1ccccc1,458.0
15034,c1ccc(N(c2ccccc2)c2ccc3ccc4c(N(c5ccccc5)c5ccccc5)ccc5ccc2c3c54)cc1,ClCCl,472.0
10650,Cc1ccc(N(c2ccccc2)c2ccc3ccc4c(N(c5ccccc5)c5ccc(C)cc5)ccc5ccc2c3c54)cc1,ClCCl,484.0
10938,Cc1ccccc1N(c1ccc(C(C)(C)C)cc1)c1ccc2ccc3c(N(c4ccc(C(C)(C)C)cc4)c4ccccc4C)ccc4ccc1c2c43,Cc1ccccc1,462.0
10939,Cc1ccccc1N(c1ccccc1C)c1ccc2ccc3c(N(c4ccccc4C)c4ccccc4C)ccc4ccc1c2c43,Cc1ccccc1,452.0
11617,Fc1ccc(N(c2ccccc2)c2ccc3ccc4c(N(c5ccccc5)c5ccc(F)cc5)ccc5ccc2c3c54)cc1,ClCCl,470.0
1104,CC(C)(C)c1ccc(N(c2ccccc2)c2ccc3ccc4c(N(c5ccccc5)c5ccc(C(C)(C)C)cc5)ccc5ccc2c3c54)cc1,ClCCl,481.0
10628,Cc1ccc(N(c2cc(C(C)(C)C)ccc2C)c2ccc3ccc4c(N(c5ccc(C)cc5C)c5cc(C(C)(C)C)ccc5C)ccc5ccc2c3c54)c(C)c1,Cc1ccccc1,461.0
8933,COc1ccc(N(c2ccccc2)c2ccc3ccc4c(N(c5ccccc5)c5ccc(OC)cc5)ccc5ccc2c3c54)cc1,ClCCl,513.0
12202,N#Cc1ccc(N(c2ccccc2)c2ccc3ccc4c(N(c5ccccc5)c5ccc(C#N)cc5)ccc5ccc2c3c54)cc1,ClCCl,454.0
185,C(=C/c1cc(-c2ccc3ccccc3c2)c(/C=C/c2ccc(N(c3ccccc3)c3ccccc3)cc2)cc1-c1ccc2ccccc2c1)\c1ccc(N(c2ccccc2)c2ccccc2)cc1,ClCCl,489.0
5932,CN(C)c1ccc(/C=C/c2cc(/C=C/c3ccc(N(C)C)cc3)nc(N)n2)cc1,Cc1ccccc1,466.0
5933,CN(C)c1ccc(/C=C/c2cc(/C=C/c3ccc(N(C)C)cc3)nc(N)n2)cc1,ClC(Cl)Cl,511.0
4055,CCN(CC)c1ccc(/C=C/c2cc(/C=C/c3ccc(N(CC)CC)cc3)nc(N)n2)cc1,Cc1ccccc1,468.0
4056,CCN(CC)c1ccc(/C=C/c2cc(/C=C/c3ccc(N(CC)CC)cc3)nc(N)n2)cc1,ClC(Cl)Cl,518.0
13505,O=Cc1ccc(C#CC(C#Cc2ccc(C=O)s2)=Cc2ccc(C=C(C#Cc3ccc(C=O)s3)C#Cc3ccc(C=O)s3)s2)s1,ClC(Cl)Cl,595.0
134,C(#Cc1cccs1)C(C#Cc1cccs1)=Cc1ccc(C=C(C#Cc2cccs2)C#Cc2cccs2)s1,ClC(Cl)Cl,550.0
1555,CC1(C)C(/C=C/c2cc3ccc(O)cc3oc2=O)=[N+](CCCS(=O)(=O)[O-])c2ccc3c(S(=O)(=O)O)cc(S(=O)(=O)O)cc3c21,CCO,659.0
1556,CC1(C)C(/C=C/c2cc3ccc(O)cc3oc2=O)=[N+](CCCS(=O)(=O)[O-])c2ccc3c(S(=O)(=O)O)cc(S(=O)(=O)O)cc3c21,CS(C)=O,625.0
1557,CC1(C)C(/C=C/c2cc3ccc(O)cc3oc2=O)=[N+](CCCS(=O)(=O)[O-])c2ccc3c(S(=O)(=O)O)cc(S(=O)(=O)O)cc3c21,O,643.0
2182,CC1=NN(c2cccc3ccccc23)[B-](F)(F)[n+]2ccccc21,ClCCl,538.0
12263,N#Cc1cccc(C#N)c1-c1ccc(N2c3ccccc3C3(c4ccccc42)c2ccccc2N(c2ccc(-c4c(C#N)cccc4C#N)cc2)c2ccccc23)cc1,Cc1ccccc1,487.0473538
12264,N#Cc1cccc(C#N)c1-c1ccc(N2c3ccccc3C3(c4ccccc42)c2ccccc2N(c2ccc(-c4c(C#N)cccc4C#N)cc2)c2ccccc23)cc1,O=P(c1ccccc1)(c1ccccc1)c1ccccc1Oc1ccccc1P(=O)(c1ccccc1)c1ccccc1,449.0
9585,C[Si](C)(C)[Si](c1ccc(-c2ccc(-c3ccc([Si]([Si](C)(C)C)([Si](C)(C)C)[Si](C)(C)C)s3)s2)s1)([Si](C)(C)C)[Si](C)(C)C,ClCCl,471.0
3469,CCCCCCc1ccsc1-c1ccc(-c2sc(C(=O)O)cc2CCCCCC)s1,CC(C)=O,468.0
3470,CCCCCCc1ccsc1-c1ccc(-c2sc(C(=O)O)cc2CCCCCC)s1,CCCCCC,458.0
3471,CCCCCCc1ccsc1-c1ccc(-c2sc(C(=O)O)cc2CCCCCC)s1,CCO,451.0
3472,CCCCCCc1ccsc1-c1ccc(-c2sc(C(=O)O)cc2CCCCCC)s1,CO,451.0
3473,CCCCCCc1ccsc1-c1ccc(-c2sc(C(=O)O)cc2CCCCCC)s1,ClCCl,479.0
3474,CCCCCCc1ccsc1-c1ccc(-c2sc(C(=O)O)cc2CCCCCC)s1,O,490.0
15333,c1csc(-c2ccc(-c3cccs3)s2)c1,CC#N,405.0
15334,c1csc(-c2ccc(-c3cccs3)s2)c1,ClCCl,432.0
4194,CCN(CC)c1ccc2c(c1)oc(=O)c1cnc3c(c(C)nn3-c3ccccc3)c12,ClCCl,445.0
4195,CCN(CC)c1ccc2c(c1)oc(=O)c1cnc3c(cnn3-c3ccccc3)c12,ClCCl,441.0
4188,CCN(CC)c1ccc2c(c1)oc(=O)c1c(C)nc3c(c(C)nn3-c3ccccc3)c12,ClCCl,452.0
4189,CCN(CC)c1ccc2c(c1)oc(=O)c1c(C)nc3c(cnn3-c3ccccc3)c12,ClCCl,439.0
2124,CC1=CC(C)=[N+]2C1=Cc1ccc(CCC(=O)ON3C(=O)CCC3=O)n1[B-]2(F)F,CO,510.0
2079,CC1=CC(C)=[N+]2C1=C(c1ccc(O)cc1)c1c(C)cc(/C=C/C=C3/N(C)c4ccccc4C3(C)C)n1[B-]2(F)F,O,708.0
14678,c1ccc(-c2nc(-c3ccc(-c4nc(-c5ccccc5)c(-c5ccccc5)[nH]4)s3)[nH]c2-c2ccccc2)cc1,CC#N,458.0
11121,Cn1c(-c2ccc(-c3nc(-c4ccccc4)c(-c4ccccc4)n3C)s2)nc(-c2ccccc2)c1-c1ccccc1,CC#N,470.0
14679,c1ccc(-c2nc(-c3ccc(-c4nc(-c5ccccc5)c(-c5ccccc5)[nH]4)s3)[nH]c2-c2ccccc2)cc1,CC(=O)O,502.9964036
14680,c1ccc(-c2nc(-c3ccc(-c4nc(-c5ccccc5)c(-c5ccccc5)[nH]4)s3)[nH]c2-c2ccccc2)cc1,CC(C)=O,459.0006412
14681,c1ccc(-c2nc(-c3ccc(-c4nc(-c5ccccc5)c(-c5ccccc5)[nH]4)s3)[nH]c2-c2ccccc2)cc1,CCOC(C)=O,456.99830910000003
14682,c1ccc(-c2nc(-c3ccc(-c4nc(-c5ccccc5)c(-c5ccccc5)[nH]4)s3)[nH]c2-c2ccccc2)cc1,CCOCC,454.00444930000003
14683,c1ccc(-c2nc(-c3ccc(-c4nc(-c5ccccc5)c(-c5ccccc5)[nH]4)s3)[nH]c2-c2ccccc2)cc1,CO,456.99830910000003
14684,c1ccc(-c2nc(-c3ccc(-c4nc(-c5ccccc5)c(-c5ccccc5)[nH]4)s3)[nH]c2-c2ccccc2)cc1,ClC(Cl)Cl,484.99478635
8293,COc1ccc(-c2nc(-c3ccc(-c4nc(-c5ccc(OC)cc5)c(-c5ccc(OC)cc5)[nH]4)s3)[nH]c2-c2ccc(OC)cc2)cc1,CC#N,451.5
14677,c1ccc(-c2nc(-c3ccc(-c4nc(-c5ccccc5)c(-c5ccccc5)[nH]4)s3)[nH]c2-c2ccccc2)cc1,C1CCOC1,456.99830910000003
409,C(S/C=C/c1ccc(-c2ccc(/C=C/SC=C3CCCCCCC3)cc2)cc1)=C1CCCCCCC1,ClCCl,437.0
10391,Cc1ccc(/C=C/c2ccccc2-[n+]2cc([O-])on2)cc1,C1CCCCC1,400.0
10392,Cc1ccc(/C=C/c2ccccc2-[n+]2cc([O-])on2)cc1,CC#N,504.0
10395,Cc1ccc(/C=C/c2ccccc2-[n+]2noc([O-])c2C)cc1,C1CCCCC1,348.0
10396,Cc1ccc(/C=C/c2ccccc2-[n+]2noc([O-])c2C)cc1,CC#N,450.0
5107,CC[N+]1=C(/C=C/c2ccc3ccc4cccc5ccc2c3c45)C(C)(C)c2ccccc21,C1CCOC1,626.0
5108,CC[N+]1=C(/C=C/c2ccc3ccc4cccc5ccc2c3c45)C(C)(C)c2ccccc21,CC#N,629.0
5109,CC[N+]1=C(/C=C/c2ccc3ccc4cccc5ccc2c3c45)C(C)(C)c2ccccc21,CS(C)=O,635.0
5110,CC[N+]1=C(/C=C/c2ccc3ccc4cccc5ccc2c3c45)C(C)(C)c2ccccc21,Cc1ccccc1,600.0
5111,CC[N+]1=C(/C=C/c2ccc3ccc4cccc5ccc2c3c45)C(C)(C)c2ccccc21,O,616.0
5112,CC[N+]1=C(/C=C/c2ccc3ccc4cccc5ccc2c3c45)C(C)(C)c2ccccc21,OCC(O)CO,630.0
506,C1=Cc2ccc(N(c3ccccc3)c3ccccc3)cc2C2(c3cc(N(c4ccccc4)c4ccccc4)ccc31)c1ccccc1-c1ccccc12,ClCCl,461.0
8918,COc1ccc(N(c2ccc(OC)cc2)c2ccc3c(c2)C2(c4cc(N(c5ccc(OC)cc5)c5ccc(OC)cc5)ccc4C=C3)c3ccccc3-c3ccccc32)cc1,ClCCl,483.0
5129,CC[n+]1c(-c2ccccc2)c2cc(NC(N)=[NH2+])ccc2c2ccc(NC(N)=[NH2+])cc21,O,500.0
5121,CC[n+]1c(-c2ccccc2)c2cc(N)ccc2c2ccc(N)cc21,O,606.0
5122,CC[n+]1c(-c2ccccc2)c2cc(N)ccc2c2ccc(NC(N)=O)cc21,O,587.0
5123,CC[n+]1c(-c2ccccc2)c2cc(N)ccc2c2ccc(NC(N)=[NH2+])cc21,O,590.0
5124,CC[n+]1c(-c2ccccc2)c2cc(NC(=O)NCC[NH3+])ccc2c2ccc(NC(=O)NCC[NH3+])cc21,O,522.0
5126,CC[n+]1c(-c2ccccc2)c2cc(NC(N)=O)ccc2c2ccc(N)cc21,O,601.0
5127,CC[n+]1c(-c2ccccc2)c2cc(NC(N)=O)ccc2c2ccc(NC(N)=O)cc21,O,520.0
5128,CC[n+]1c(-c2ccccc2)c2cc(NC(N)=[NH2+])ccc2c2ccc(N)cc21,O,605.0
2745,CCCC1(CCC)c2ccccc2-c2ccc(-c3ccc(C(C)(C)C)cc3)cc21,C1CCCCC1,314.0
2746,CCCC1(CCC)c2ccccc2-c2ccc(-c3ccc(OC)cc3)cc21,C1CCCCC1,345.0
2371,CCC(C)(C)c1ccc(-c2ccc3c(c2)C(CCOC)(CCOC)c2cc(C(C)(C)CC)ccc2-3)cc1,C1CCCCC1,360.0
1112,CC(C)(C)c1ccc2c(c1)c1cc(C(C)(C)C)cc3c1n2-c1cc(-c2ccc(F)cc2)cc2c1B3c1cc(C(C)(C)C)cc3c4cc(C(C)(C)C)ccc4n-2c13,Cc1ccccc1,496.9447709
1113,CC(C)(C)c1ccc2c(c1)c1cc(C(C)(C)C)cc3c1n2-c1cc(-c2cccc(F)c2)cc2c1B3c1cc(C(C)(C)C)cc3c4cc(C(C)(C)C)ccc4n-2c13,Cc1ccccc1,493.6545241
1114,CC(C)(C)c1ccc2c(c1)c1cc(C(C)(C)C)cc3c1n2-c1cc(-c2ccccc2F)cc2c1B3c1cc(C(C)(C)C)cc3c4cc(C(C)(C)C)ccc4n-2c13,Cc1ccccc1,499.7649824
3457,CCCCCCc1ccc2c3c(ccc2c1)O[B-](F)(F)[N+](c1cc([N+]2=Cc4c(ccc5cc(CCCCCC)ccc45)O[B-]2(F)F)cc([N+]2=Cc4c(ccc5cc(CCCCCC)ccc45)O[B-]2(F)F)c1)=C3,CC#N,495.0
3458,CCCCCCc1ccc2c3c(ccc2c1)O[B-](F)(F)[N+](c1cc([N+]2=Cc4c(ccc5cc(CCCCCC)ccc45)O[B-]2(F)F)cc([N+]2=Cc4c(ccc5cc(CCCCCC)ccc45)O[B-]2(F)F)c1)=C3,Cc1ccccc1,493.0
3459,CCCCCCc1ccc2c3c(ccc2c1)O[B-](F)(F)[N+](c1cc([N+]2=Cc4c(ccc5cc(CCCCCC)ccc45)O[B-]2(F)F)cc([N+]2=Cc4c(ccc5cc(CCCCCC)ccc45)O[B-]2(F)F)c1)=C3,ClCCl,495.0
3456,CCCCCCc1ccc2c3c(ccc2c1)O[B-](F)(F)[N+](c1cc([N+]2=Cc4c(ccc5cc(CCCCCC)ccc45)O[B-]2(F)F)cc([N+]2=Cc4c(ccc5cc(CCCCCC)ccc45)O[B-]2(F)F)c1)=C3,C1CCOC1,490.0
10421,Cc1ccc(C#Cc2cc3ccccc3oc2=O)cc1,CC#N,416.0
8092,COc1cc2cc(C#Cc3ccc(/C=C(\C#N)C(=O)O)cc3)c(=O)oc2cc1OC,CC#N,464.0
3195,CCCCCCCCCCOc1cc2cc(C#Cc3ccc(/C=C(\C#N)C(=O)O)cc3)c(=O)oc2cc1OCCCCCCCCCC,CC#N,470.0
8643,COc1ccc(C#Cc2cc3ccccc3oc2=O)cc1,CC#N,456.0
14060,O=c1oc2ccccc2cc1C#Cc1ccccc1,CC#N,406.0
6212,CN(C)c1ccc(C#Cc2cc3ccccc3oc2=O)cc1,ClCCl,550.0
1342,CC(C)Oc1ccc(C#Cc2cc3ccccc3oc2=O)cc1,CC#N,464.0
13948,O=c1cc(-c2ccccc2)oc(-c2ccc(-c3nc4ccccn4c3NC3CCCCC3)cc2)c1,ClCCl,508.0
10882,Cc1cccc2nc(-c3ccc(-c4cc(=O)cc(-c5ccccc5)o4)cc3)c(NC3CCCCC3)n12,ClCCl,506.0
4493,CCN1c2ccc(-c3cc(-c4ccccc4)[nH]n3)cc2Sc2cc(-c3cc(-c4ccccc4)[nH]n3)ccc21,C1CCOC1,461.0
4494,CCN1c2ccc(-c3cc(-c4ccccc4)[nH]n3)cc2Sc2cc(-c3cc(-c4ccccc4)[nH]n3)ccc21,CC#N,463.0
4495,CCN1c2ccc(-c3cc(-c4ccccc4)[nH]n3)cc2Sc2cc(-c3cc(-c4ccccc4)[nH]n3)ccc21,CN(C)C=O,458.0
4496,CCN1c2ccc(-c3cc(-c4ccccc4)[nH]n3)cc2Sc2cc(-c3cc(-c4ccccc4)[nH]n3)ccc21,ClCCl,461.0
4497,CCN1c2ccc(-c3cc(-c4ccccc4)[nH]n3)cc2Sc2cc(-c3cc(-c4ccccc4)[nH]n3)ccc21,c1ccccc1,458.0
3061,CCCCCCCCCCCCC(CCCCCCCCCC)Cn1c2cc(/C=C/C=C/c3nc4ccccc4s3)c3cccc4c5cccc6c(/C=C/C=C/c7nc8ccccc8s7)cc1c(c65)c2c34,C1CCCCC1,588.0
3062,CCCCCCCCCCCCC(CCCCCCCCCC)Cn1c2cc(/C=C/C=C/c3nc4ccccc4s3)c3cccc4c5cccc6c(/C=C/C=C/c7nc8ccccc8s7)cc1c(c65)c2c34,CC#N,608.0
3063,CCCCCCCCCCCCC(CCCCCCCCCC)Cn1c2cc(/C=C/C=C/c3nc4ccccc4s3)c3cccc4c5cccc6c(/C=C/C=C/c7nc8ccccc8s7)cc1c(c65)c2c34,Cc1ccccc1,604.0
3064,CCCCCCCCCCCCC(CCCCCCCCCC)Cn1c2cc(/C=C/C=C/c3nc4ccccc4s3)c3cccc4c5cccc6c(/C=C/C=C/c7nc8ccccc8s7)cc1c(c65)c2c34,ClCCl,612.0
5125,CC[n+]1c(-c2ccccc2)c2cc(NC(=O)N[C@H]3C[C@@H]([NH3+])[C@H](O)[C@@H](O)[C@@H]3O)ccc2c2ccc(NC(=O)N[C@@H]3C[C@H]([NH3+])[C@@H](O)[C@@H](O)[C@H]3O)cc21,O,522.0
12871,O=C(c1ccc(-n2c3ccccc3c3cc(-n4c5ccccc5c5ccccc54)ccc32)cc1)c1ccc(-n2c3ccccc3c3cc(-n4c5ccccc5c5ccccc54)ccc32)cn1,Cc1ccccc1,462.0
12872,O=C(c1ccc(-n2c3ccccc3c3cc(-n4c5ccccc5c5ccccc54)ccc32)cc1)c1ccc(-n2c3ccccc3c3cc(-n4c5ccccc5c5ccccc54)ccc32)cn1,O=P(c1ccccc1)(c1ccccc1)c1ccccc1Oc1ccccc1P(=O)(c1ccccc1)c1ccccc1,475.0
13567,O=P(c1ccccc1)(c1ccccc1)c1cccc(-n2c(-c3ccccc3P(=O)(c3ccccc3)c3ccccc3)nc3ccccc32)c1,ClCCl,384.0
3316,CCCCCCCc1ccc(C2=[N+]3C(=C4c5cc(OCC(CC)CC)c(-c6ccc(CCCCCCC)o6)n5[B-](F)(F)[n+]5c4n(c4cc(C(C)(C)C)ccc45)[B-]3(F)F)C=C2OCC(CC)CC)o1,C1CCOC1,829.0
3317,CCCCCCCc1ccc(C2=[N+]3C(=C4c5cc(OCC(CC)CC)c(-c6ccc(CCCCCCC)o6)n5[B-](F)(F)[n+]5c4n(c4cc(C(C)(C)C)ccc45)[B-]3(F)F)C=C2OCC(CC)CC)o1,ClCCl,835.0
8238,COc1ccc(-c2ccc3c(c2)C=Cc2cc(-c4ccc(OC)cc4)ccc2[Si]3(C)C)cc1,ClCCl,391.0
9638,C[Si]1(C)c2ccc(-c3ccccc3)cc2C=Cc2cc(-c3ccccc3)ccc21,ClCCl,371.0
280,C(=C/c1cccnc1)\c1ccc(Nc2ccccc2)cc1,CCCCCC,385.0
10838,Cc1cccc(C)c1Nc1ccc(/C=C/c2cccnc2)cc1,CCCCCC,383.0
10837,Cc1cccc(C)c1Nc1ccc(/C=C/c2cccnc2)cc1,CC#N,450.0
279,C(=C/c1cccnc1)\c1ccc(Nc2ccccc2)cc1,CC#N,456.0
776,CC(=O)c1ccn2c3c(c(-c4cc[n+](C)cc4)c2c1)CN(C)C3=O,O,501.0
11571,Fc1cc(-c2ccc(-c3nc4cc(Br)ccc4[nH]3)cc2)ccc1-c1ccc(-c2nc3cc(Br)ccc3[nH]2)cc1,CN(C)C=O,417.0
11572,Fc1cc(-c2ccc(-c3nc4ccccc4[nH]3)cc2)ccc1-c1ccc(-c2nc3ccccc3[nH]2)cc1,CN(C)C=O,414.0
10718,Cc1ccc2[nH]c(-c3ccc(-c4ccc(-c5ccc(-c6nc7cc(C)ccc7[nH]6)cc5)c(C)c4)cc3)nc2c1,CN(C)C=O,408.0
10719,Cc1ccc2[nH]c(-c3ccc(-c4ccc(-c5ccc(-c6nc7cc(C)ccc7[nH]6)cc5)c(F)c4)cc3)nc2c1,CN(C)C=O,423.0
10720,Cc1ccc2[nH]c(-c3ccc(-c4ccc(-c5ccc(-c6nc7cc(C)ccc7[nH]6)cc5)cc4)cc3)nc2c1,CN(C)C=O,416.0
21,Brc1ccc2[nH]c(-c3ccc(-c4ccc(-c5ccc(-c6nc7cc(Br)ccc7[nH]6)cc5)cc4)cc3)nc2c1,CN(C)C=O,410.0
15089,c1ccc2[nH]c(-c3ccc(-c4ccc(-c5ccc(-c6nc7ccccc7[nH]6)cc5)cc4)cc3)nc2c1,CN(C)C=O,409.0
9769,Cc1cc(-c2ccc(-c3nc4ccccc4[nH]3)cc2)c(C)cc1-c1ccc(-c2nc3ccccc3[nH]2)cc1,CN(C)C=O,401.0
9770,Cc1cc(-c2ccc(-c3nc4ccccc4[nH]3)cc2)ccc1-c1ccc(-c2nc3ccccc3[nH]2)cc1,CN(C)C=O,403.0
9104,COc1ccc2c(c1)nc(-c1ccccc1)n2-c1ccccc1,CC#N,391.0
9593,C[Si](C)(C)c1ccc(-c2nc3ccccc3n2-c2ccccc2)cc1,ClCCl,358.0
11071,Clc1ccc(-c2nc3ccccc3n2-c2ccccc2)cc1,CC#N,367.0
5725,CN(C)c1ccc(-n2c(-c3ccc(C#N)cc3)nc3ccccc32)cc1,CC#N,586.0
5701,CN(C)c1ccc(-c2nc3cc(C(F)(F)F)ccc3n2-c2ccccc2)cc1,CC#N,406.0
5702,CN(C)c1ccc(-c2nc3ccccc3n2-c2ccccc2)cc1,CC#N,397.0
1857,CC1(C)c2ccccc2N(c2ccc3c(c2)c2ccccc2c2nc4ccccc4nc32)c2ccccc21,Cc1ccccc1,541.0
1858,CC1(C)c2ccccc2N(c2ccc3c(c2)c2ccccc2c2nc4ccccc4nc32)c2ccccc21,c1cc(-c2cccc(-n3c4ccccc4c4ccccc43)c2)cc(-n2c3ccccc3c3ccccc32)c1,549.0
11452,F[B-]1(F)n2c(ccc2-c2cccs2)C(C(F)(F)F)=C2C=CC(c3cccs3)=[N+]21,CCCCCC,674.0
14749,c1ccc(-c2nc(-c3ccccc3)nc(-c3ccc(-n4c5ccccc5c5cc(-n6c7ccccc7c7ccccc76)ccc54)cc3)n2)cc1,Cc1ccccc1,458.0
14750,c1ccc(-c2nc(-c3ccccc3)nc(-c3ccc(-n4c5ccccc5c5cc(-n6c7ccccc7c7ccccc76)ccc54)cc3)n2)cc1,O=P(c1ccccc1)(c1ccccc1)c1ccccc1Oc1ccccc1P(=O)(c1ccccc1)c1ccccc1,475.0
11003,Cc1nc2c(ccc3c2sc(/C=C/c2cc4c5c(c2)CCCN5CCC4)[n+]3C)s1,CO,622.0
11004,Cc1nc2c(ccc3c2sc(/C=C/c2cc4c5c(c2)CCCN5CCC4)[n+]3C)s1,ClC(Cl)Cl,623.0
221,C(=C/c1ccc(-n2c3ccccc3c3ccccc32)cc1)\c1ccc(-c2ccc(/C=C/c3ccc(-n4c5ccccc5c5ccccc54)cc3)cc2)cc1,Cc1ccccc1,420.0
222,C(=C/c1ccc(-n2c3ccccc3c3ccccc32)cc1)\c1ccc(-c2ccc(/C=C/c3ccc(-n4c5ccccc5c5ccccc54)cc3)cc2)cc1,c1ccc2c(c1)c1ccccc1n2-c1ccc(-c2ccc(-n3c4ccccc4c4ccccc43)cc2)cc1,438.0
14454,c1cc2c3c(cccc3c1)C(N1CCOCCNCCOCCOCC1)=N2,CC#N,589.0
180,C(=C/c1c2ccccc2cc2ccccc12)\c1cnc2ccccc2c1,CC#N,494.0
181,C(=C/c1c2ccccc2cc2ccccc12)\c1cnc2ccccc2c1,CC1CCCCC1,488.0
1676,CC1(C)Cc2c(c3ccccc3c3nc4c5c(c6ccccc6c4nc23)OC(C)(C)C5)O1,C1CCCCC1,489.2367906
1677,CC1(C)Cc2c(c3ccccc3c3nc4c5c(c6ccccc6c4nc23)OC(C)(C)C5)O1,C1COCCO1,498.0079681
1678,CC1(C)Cc2c(c3ccccc3c3nc4c5c(c6ccccc6c4nc23)OC(C)(C)C5)O1,CC#N,508.9058524
1679,CC1(C)Cc2c(c3ccccc3c3nc4c5c(c6ccccc6c4nc23)OC(C)(C)C5)O1,CC(C)O,509.1649695
1680,CC1(C)Cc2c(c3ccccc3c3nc4c5c(c6ccccc6c4nc23)OC(C)(C)C5)O1,CCCCCC,489.4762604
1681,CC1(C)Cc2c(c3ccccc3c3nc4c5c(c6ccccc6c4nc23)OC(C)(C)C5)O1,CO,508.9058524
1682,CC1(C)Cc2c(c3ccccc3c3nc4c5c(c6ccccc6c4nc23)OC(C)(C)C5)O1,ClC(Cl)Cl,512.0327701
1683,CC1(C)Cc2c(c3ccccc3c3nc4c5c(c6ccccc6c4nc23)OC(C)(C)C5)O1,c1ccccc1,496.031746
2315,CC1=c2cc3c(cc2=[N+]2C1=Cc1c4ccccc4c(C)n1[B-]2(F)F)C1=Cc2c4ccccc4c(C)n2[B-](F)(F)[N+]1=C3C,ClC(Cl)Cl,868.0
1297,CC(C)(C)c1ccc2oc3nc4oc5ccc(N(c6ccccc6)c6ccccc6)cc5c4cc3c2c1,ClC(Cl)Cl,379.0
11285,FC(F)(F)c1ccc2oc3nc4oc5ccc(N(c6ccccc6)c6ccccc6)cc5c4cc3c2c1,ClC(Cl)Cl,487.0
3625,CCCCN1C(=O)C(=C/C=C/C=C2N(CCCC)c3ccccc3N2CCCC)C(=O)N(CCCC)C1=S,Cc1ccccc1,598.0
3626,CCCCN1C(=O)C(=C/C=C/C=C2N(CCCC)c3ccccc3N2CCCC)C(=O)N(CCCC)C1=S,ClC(Cl)Cl,589.0
3627,CCCCN1C(=O)C(=C/C=C/C=C2N(CCCC)c3ccccc3N2CCCC)C(=O)N(CCCC)C1=S,ClCCl,587.0
3622,CCCCN1C(=O)C(=C/C=C/C=C2N(CCCC)c3ccccc3N2CCCC)C(=O)N(CCCC)C1=S,CCCCCC,595.0
3623,CCCCN1C(=O)C(=C/C=C/C=C2N(CCCC)c3ccccc3N2CCCC)C(=O)N(CCCC)C1=S,CCO,573.0
3624,CCCCN1C(=O)C(=C/C=C/C=C2N(CCCC)c3ccccc3N2CCCC)C(=O)N(CCCC)C1=S,CN(C)C=O,580.0
14676,c1ccc(-c2nc(-c3ccc(-c4cncc5ccccc45)cc3)[nH]c2-c2ccccc2)cc1,C1CCOC1,442.0
13085,O=C1NC(=O)c2c1c1c3ccccc3[nH]c1c1[nH]c3ccccc3c21,C1CCOC1,475.0
13086,O=C1NC(=O)c2c1c1c3ccccc3[nH]c1c1[nH]c3ccccc3c21,CC#N,500.0
13087,O=C1NC(=O)c2c1c1c3ccccc3[nH]c1c1[nH]c3ccccc3c21,CC(C)OC(C)C,450.0
13088,O=C1NC(=O)c2c1c1c3ccccc3[nH]c1c1[nH]c3ccccc3c21,CCCCOCCCC,461.0
13089,O=C1NC(=O)c2c1c1c3ccccc3[nH]c1c1[nH]c3ccccc3c21,CCO,550.0
13090,O=C1NC(=O)c2c1c1c3ccccc3[nH]c1c1[nH]c3ccccc3c21,CCOC(C)=O,473.0
13091,O=C1NC(=O)c2c1c1c3ccccc3[nH]c1c1[nH]c3ccccc3c21,CN(C)C=O,503.0
13092,O=C1NC(=O)c2c1c1c3ccccc3[nH]c1c1[nH]c3ccccc3c21,Cc1ccccc1,465.0
13093,O=C1NC(=O)c2c1c1c3ccccc3[nH]c1c1[nH]c3ccccc3c21,ClCCl,492.0
3740,CCCCc1cc(-c2cccc(COC)c2)oc1-c1cccc(-c2oc(-c3cccc(COC)c3)cc2CCCC)c1,ClC(Cl)Cl,371.0
3465,CCCCCCc1ccc2c3c(ccc2c1)O[B-](c1ccccc1)(c1ccccc1)[N+](c1ccc([N+]2=Cc4c(ccc5cc(CCCCCC)ccc45)O[B-]2(c2ccccc2)c2ccccc2)cc1)=C3,CC#N,561.0
3466,CCCCCCc1ccc2c3c(ccc2c1)O[B-](c1ccccc1)(c1ccccc1)[N+](c1ccc([N+]2=Cc4c(ccc5cc(CCCCCC)ccc45)O[B-]2(c2ccccc2)c2ccccc2)cc1)=C3,Cc1ccccc1,569.0
3467,CCCCCCc1ccc2c3c(ccc2c1)O[B-](c1ccccc1)(c1ccccc1)[N+](c1ccc([N+]2=Cc4c(ccc5cc(CCCCCC)ccc45)O[B-]2(c2ccccc2)c2ccccc2)cc1)=C3,ClCCl,568.0
3464,CCCCCCc1ccc2c3c(ccc2c1)O[B-](c1ccccc1)(c1ccccc1)[N+](c1ccc([N+]2=Cc4c(ccc5cc(CCCCCC)ccc45)O[B-]2(c2ccccc2)c2ccccc2)cc1)=C3,C1CCOC1,568.0
15096,c1ccc2c(-c3cc(-c4nccs4)nc(-c4nccs4)c3)c3ccccc3cc2c1,CO,501.0
15097,c1ccc2c(-c3cc(-c4nccs4)nc(-c4nccs4)c3)c3ccccc3cc2c1,ClC(Cl)Cl,440.0
15094,c1ccc2c(-c3cc(-c4nccs4)nc(-c4nccs4)c3)c3ccccc3cc2c1,CC#N,463.0
15095,c1ccc2c(-c3cc(-c4nccs4)nc(-c4nccs4)c3)c3ccccc3cc2c1,CCCCCC,407.0
15022,c1ccc(N(c2ccccc2)c2ccc3c(c2)-c2ccccc2C32c3ccccc3-n3c4ccccc4c4cccc2c43)cc1,ClCCl,410.0
14530,c1ccc(-[n+]2c3ccc4cccc5c6cccc7c8cccc9ccc2c(c98)c(c67)c3c45)cc1,ClCCl,531.0
14233,Oc1ccc2ccccc2c1-c1nc(-c2ccccc2)c2ccccn12,C1CCCCC1,407.0
14234,Oc1ccc2ccccc2c1-c1nc(-c2ccccc2)c2ccccn12,CC#N,435.0
14235,Oc1ccc2ccccc2c1-c1nc(-c2ccccc2)c2ccccn12,CO,433.0
14236,Oc1ccc2ccccc2c1-c1nc(-c2ccccc2)c2ccccn12,ClCCl,467.0
14237,Oc1ccc2ccccc2c1-c1nc(-c2ccccc2)c2ccccn12,O,440.0
14698,c1ccc(-c2nc(-c3cccc4ccccc34)n3ccccc23)cc1,C1CCCCC1,478.0
14699,c1ccc(-c2nc(-c3cccc4ccccc34)n3ccccc23)cc1,CC#N,480.0
14700,c1ccc(-c2nc(-c3cccc4ccccc34)n3ccccc23)cc1,CO,475.0
14701,c1ccc(-c2nc(-c3cccc4ccccc34)n3ccccc23)cc1,ClCCl,486.0
14702,c1ccc(-c2nc(-c3cccc4ccccc34)n3ccccc23)cc1,O,475.0
9935,Cc1cc(C)c(B(c2ccc(-c3nc4c5ccccc5c5ccccc5c4[nH]3)cc2)c2c(C)cc(C)cc2C)c(C)c1,C1CCOC1,456.0
9936,Cc1cc(C)c(B(c2ccc(-c3nc4c5ccccc5c5ccccc5c4[nH]3)cc2)c2c(C)cc(C)cc2C)c(C)c1,CC(C)=O,469.0
9937,Cc1cc(C)c(B(c2ccc(-c3nc4c5ccccc5c5ccccc5c4[nH]3)cc2)c2c(C)cc(C)cc2C)c(C)c1,CS(C)=O,484.0
9938,Cc1cc(C)c(B(c2ccc(-c3nc4c5ccccc5c5ccccc5c4[nH]3)cc2)c2c(C)cc(C)cc2C)c(C)c1,Cc1ccccc1,435.0
9939,Cc1cc(C)c(B(c2ccc(-c3nc4c5ccccc5c5ccccc5c4[nH]3)cc2)c2c(C)cc(C)cc2C)c(C)c1,ClCCl,454.0
4311,CCN(CC)c1ccc2cc(/C=C/C(=O)/C=C(O)/C=C/c3cc4ccc(N(CC)CC)cc4oc3=O)c(=O)oc2c1,C1CCOC1,568.0
4312,CCN(CC)c1ccc2cc(/C=C/C(=O)/C=C(O)/C=C/c3cc4ccc(N(CC)CC)cc4oc3=O)c(=O)oc2c1,C1COCCO1,561.0
4313,CCN(CC)c1ccc2cc(/C=C/C(=O)/C=C(O)/C=C/c3cc4ccc(N(CC)CC)cc4oc3=O)c(=O)oc2c1,CC#N,609.0
4314,CCN(CC)c1ccc2cc(/C=C/C(=O)/C=C(O)/C=C/c3cc4ccc(N(CC)CC)cc4oc3=O)c(=O)oc2c1,CC(C)=O,598.0
4315,CCN(CC)c1ccc2cc(/C=C/C(=O)/C=C(O)/C=C/c3cc4ccc(N(CC)CC)cc4oc3=O)c(=O)oc2c1,CCOC(C)=O,566.0
4316,CCN(CC)c1ccc2cc(/C=C/C(=O)/C=C(O)/C=C/c3cc4ccc(N(CC)CC)cc4oc3=O)c(=O)oc2c1,CN(C)C=O,611.0
4317,CCN(CC)c1ccc2cc(/C=C/C(=O)/C=C(O)/C=C/c3cc4ccc(N(CC)CC)cc4oc3=O)c(=O)oc2c1,CS(C)=O,621.0
4318,CCN(CC)c1ccc2cc(/C=C/C(=O)/C=C(O)/C=C/c3cc4ccc(N(CC)CC)cc4oc3=O)c(=O)oc2c1,Cc1ccccc1,542.0
4319,CCN(CC)c1ccc2cc(/C=C/C(=O)/C=C(O)/C=C/c3cc4ccc(N(CC)CC)cc4oc3=O)c(=O)oc2c1,ClC(Cl)Cl,581.0
4320,CCN(CC)c1ccc2cc(/C=C/C(=O)/C=C(O)/C=C/c3cc4ccc(N(CC)CC)cc4oc3=O)c(=O)oc2c1,ClCCl,593.0
10202,Cc1cc2ccsc2c2[nH]c3ccccc3c12,ClCCl,351.0
10181,Cc1cc2cc(C)c3c4ccccc4[nH]c3c2s1,ClCCl,351.0
15007,c1ccc(N(c2ccccc2)c2ccc(-c3nc4ccccc4n3-c3ccccc3)cc2)cc1,CC#N,444.0
14043,O=c1oc2ccccc2cc1-c1nc2ccccc2o1,C1CCOC1,444.0
14044,O=c1oc2ccccc2cc1-c1nc2ccccc2o1,C1COCCO1,443.0
14045,O=c1oc2ccccc2cc1-c1nc2ccccc2o1,CC#N,443.0
14046,O=c1oc2ccccc2cc1-c1nc2ccccc2o1,CC(C)=O,444.0
14047,O=c1oc2ccccc2cc1-c1nc2ccccc2o1,CC(C)CO,445.0
14048,O=c1oc2ccccc2cc1-c1nc2ccccc2o1,CC(C)O,444.0
14049,O=c1oc2ccccc2cc1-c1nc2ccccc2o1,CC1CCCCC1,438.0
14050,O=c1oc2ccccc2cc1-c1nc2ccccc2o1,CCOC(C)=O,443.0
14051,O=c1oc2ccccc2cc1-c1nc2ccccc2o1,CN(C)C=O,445.0
14052,O=c1oc2ccccc2cc1-c1nc2ccccc2o1,CO,440.0
14053,O=c1oc2ccccc2cc1-c1nc2ccccc2o1,CS(C)=O,453.0
14054,O=c1oc2ccccc2cc1-c1nc2ccccc2o1,Cc1ccccc1,445.0
14055,O=c1oc2ccccc2cc1-c1nc2ccccc2o1,ClC(Cl)(Cl)Cl,444.0
14056,O=c1oc2ccccc2cc1-c1nc2ccccc2o1,ClC(Cl)Cl,443.0
14057,O=c1oc2ccccc2cc1-c1nc2ccccc2o1,OCCO,447.0
5966,CN(C)c1ccc(/C=C/c2cc[n+](CCC[n+]3ccc(/C=C/c4ccc(N(C)C)cc4)cc3)cc2)cc1,CC#N,608.9985628
5967,CN(C)c1ccc(/C=C/c2cc[n+](CCC[n+]3ccc(/C=C/c4ccc(N(C)C)cc4)cc3)cc2)cc1,CC(C)=O,607.9988326
5968,CN(C)c1ccc(/C=C/c2cc[n+](CCC[n+]3ccc(/C=C/c4ccc(N(C)C)cc4)cc3)cc2)cc1,CC(C)O,594.000594
5969,CN(C)c1ccc(/C=C/c2cc[n+](CCC[n+]3ccc(/C=C/c4ccc(N(C)C)cc4)cc3)cc2)cc1,CC1COC(=O)O1,603.9996859
5970,CN(C)c1ccc(/C=C/c2cc[n+](CCC[n+]3ccc(/C=C/c4ccc(N(C)C)cc4)cc3)cc2)cc1,CCO,601.0012681
5971,CN(C)c1ccc(/C=C/c2cc[n+](CCC[n+]3ccc(/C=C/c4ccc(N(C)C)cc4)cc3)cc2)cc1,CN(C)C=O,606.998695
5972,CN(C)c1ccc(/C=C/c2cc[n+](CCC[n+]3ccc(/C=C/c4ccc(N(C)C)cc4)cc3)cc2)cc1,CO,603.9996859
5973,CN(C)c1ccc(/C=C/c2cc[n+](CCC[n+]3ccc(/C=C/c4ccc(N(C)C)cc4)cc3)cc2)cc1,CS(C)=O,610.001586
5974,CN(C)c1ccc(/C=C/c2cc[n+](CCC[n+]3ccc(/C=C/c4ccc(N(C)C)cc4)cc3)cc2)cc1,ClC(Cl)Cl,566.0014263
5975,CN(C)c1ccc(/C=C/c2cc[n+](CCC[n+]3ccc(/C=C/c4ccc(N(C)C)cc4)cc3)cc2)cc1,O,597.0006686
5976,CN(C)c1ccc(/C=C/c2cc[n+](CCC[n+]3ccc(/C=C/c4ccc(N(C)C)cc4)cc3)cc2)cc1,c1ccncc1,598.000287
13618,O=P1(c2ccccc2)c2cccc3c4ccccc4c4ccc1n4c23,ClCCl,462.0
6711,CN(c1ccccc1)c1ccc(-c2ccc(-c3ccc(N(C)c4ccccc4)cc3)c3nc(-c4ccccc4)c(-c4ccccc4)nc23)cc1,C1CCOC1,638.0
6712,CN(c1ccccc1)c1ccc(-c2ccc(-c3ccc(N(C)c4ccccc4)cc3)c3nc(-c4ccccc4)c(-c4ccccc4)nc23)cc1,CC#N,659.0
6713,CN(c1ccccc1)c1ccc(-c2ccc(-c3ccc(N(C)c4ccccc4)cc3)c3nc(-c4ccccc4)c(-c4ccccc4)nc23)cc1,CCCCCC,598.0
6714,CN(c1ccccc1)c1ccc(-c2ccc(-c3ccc(N(C)c4ccccc4)cc3)c3nc(-c4ccccc4)c(-c4ccccc4)nc23)cc1,CN(C)C=O,661.0
6715,CN(c1ccccc1)c1ccc(-c2ccc(-c3ccc(N(C)c4ccccc4)cc3)c3nc(-c4ccccc4)c(-c4ccccc4)nc23)cc1,Cc1ccccc1,627.0
6716,CN(c1ccccc1)c1ccc(-c2ccc(-c3ccc(N(C)c4ccccc4)cc3)c3nc(-c4ccccc4)c(-c4ccccc4)nc23)cc1,ClC(Cl)Cl,640.0
10822,Cc1cccc(-c2c3ccccc3cc3ccccc23)n1,ClCCl,418.0
12043,N#Cc1cc(/C=C/c2ccc(/C=C/c3ccc(N(c4ccccc4)c4ccccc4)cc3)c(C#N)c2)ccc1/C=C/c1ccc(N(c2ccccc2)c2ccccc2)cc1,ClCCl,577.0
12045,N#Cc1cc(/C=C/c2ccc(N(c3ccccc3)c3ccccc3)cc2)ccc1/C=C/c1ccc(/C=C/c2ccc(N(c3ccccc3)c3ccccc3)cc2)cc1,ClCCl,560.0
12046,N#Cc1cc(/C=C/c2ccc(N(c3ccccc3)c3ccccc3)cc2)ccc1/C=C/c1ccc(/C=C/c2ccc(N(c3ccccc3)c3ccccc3)cc2)cc1C#N,ClCCl,614.0
230,C(=C/c1ccc(/C=C/c2ccc(N(c3ccccc3)c3ccccc3)cc2)cc1)\c1ccc(/C=C/c2ccc(N(c3ccccc3)c3ccccc3)cc2)cc1,ClCCl,510.0
3480,CCCCCCn1c(=O)c2c3sc4ccccc4sc3c3c(=O)n(CCCCCC)c(=O)c3c2c1=O,ClCCl,567.0
14433,c1cc(-c2c3ccccc3cc3ccccc23)cc(-c2c3ccccc3cc3ccccc23)c1,C1CCOC1,397.0
2469,CCC1(CC)c2ccccc2-c2c1c1c(c3c2C(CC)(CC)c2cc(B(c4c(C)cc(C)cc4C)c4c(C)cc(C)cc4C)ccc2-3)C(CC)(CC)c2ccccc2-1,CC#N,404.0
2470,CCC1(CC)c2ccccc2-c2c1c1c(c3c2C(CC)(CC)c2cc(B(c4c(C)cc(C)cc4C)c4c(C)cc(C)cc4C)ccc2-3)C(CC)(CC)c2ccccc2-1,CC(C)=O,395.0
2471,CCC1(CC)c2ccccc2-c2c1c1c(c3c2C(CC)(CC)c2cc(B(c4c(C)cc(C)cc4C)c4c(C)cc(C)cc4C)ccc2-3)C(CC)(CC)c2ccccc2-1,CCCCCC,372.0
2472,CCC1(CC)c2ccccc2-c2c1c1c(c3c2C(CC)(CC)c2cc(B(c4c(C)cc(C)cc4C)c4c(C)cc(C)cc4C)ccc2-3)C(CC)(CC)c2ccccc2-1,ClC(Cl)Cl,387.0
2468,CCC1(CC)c2ccccc2-c2c1c1c(c3c2C(CC)(CC)c2cc(B(c4c(C)cc(C)cc4C)c4c(C)cc(C)cc4C)ccc2-3)C(CC)(CC)c2ccccc2-1,C1CCOC1,385.0
9604,C[Si](C)(C)c1sc([Si](C)(C)C)c2c1sc1c2sc2sc3sc4c(sc5c([Si](C)(C)C)sc([Si](C)(C)C)c54)c3c21,ClC(Cl)Cl,360.0
9557,C[N+]1=c2ccc3c(c2C(C)(C)CC1)Oc1cc2c(cc1C=3c1ccccc1C(=O)O)C(c1ccccc1C(=O)O)=c1ccc3c(c1O2)C(C)(C)CC[N+]=3C,ClC(Cl)Cl,640.0
8098,COc1cc2oc(=O)c3c4ccc(C(=O)c5ccccc5)cc4c4ccc5cccc6c(c1)c2c3c4c56,C1CCOC1,443.0
13470,O=Cc1ccc(-c2ccc(-c3nc4ccccc4s3)c(O)c2)o1,CCO,530.0
13471,O=Cc1ccc(-c2ccc(-c3nc4ccccc4s3)c(O)c2)o1,ClCCl,526.0
11775,N#CC(C#N)=Cc1ccc(-c2ccc(-c3nc4ccccc4s3)c(O)c2)o1,CCO,501.0
11776,N#CC(C#N)=Cc1ccc(-c2ccc(-c3nc4ccccc4s3)c(O)c2)o1,ClCCl,502.0
11777,N#CC(C#N)=Cc1ccc(-c2ccc(-c3nc4ccccc4s3)c(O)c2)o1,O,596.0
13472,O=Cc1ccc(-c2ccc(-c3nc4ccccc4s3)c(O)c2)o1,O,563.0
14151,Oc1cc(-c2ccco2)ccc1-c1nc2ccccc2s1,CCO,405.0
14152,Oc1cc(-c2ccco2)ccc1-c1nc2ccccc2s1,ClCCl,512.0
14153,Oc1cc(-c2ccco2)ccc1-c1nc2ccccc2s1,O,516.0
7782,COc1cc(/C=C/c2ncc(-c3ccncc3)o2)cc(OC)c1OC,ClCCl,463.0
3947,CCCn1c2cccc3c2[c+]2c4c1cccc4n(CCC)c1cccc(c12)n3CCC,CC#N,557.0
9408,COc1ccccc1C1=[N+]2C(=Cc3c4cc5ccccc5cc4c(-c4ccccc4OC)n3[B-]2(F)F)c2cc3ccccc3cc21,C1CCOC1,760.0
11401,F[B-]1(F)n2c(c3cc4ccccc4cc3c2-c2ccccc2)C=C2c3cc4ccccc4cc3C(c3ccccc3)=[N+]21,C1CCOC1,782.0
11402,F[B-]1(F)n2c(c3cc4ccccc4cc3c2-c2ccccc2)C=C2c3cc4ccccc4cc3C(c3ccccc3)=[N+]21,CN(C)C=O,788.0
11403,F[B-]1(F)n2c(c3cc4ccccc4cc3c2-c2ccccc2)C=C2c3cc4ccccc4cc3C(c3ccccc3)=[N+]21,ClCCl,785.0
11404,F[B-]1(F)n2c(c3cc4ccccc4cc3c2-c2ccccc2)C=C2c3cc4ccccc4cc3C(c3ccccc3)=[N+]21,c1ccccc1,785.0
12120,N#Cc1ccc(-c2cn3cc(-c4ccccc4)c[n+]3[n-]2)cc1,ClCCl,506.0
411,C(S/C=C/c1ccc(/C=C/SC=C2CCCC2)cc1)=C1CCCC1,ClCCl,424.0
5175,CCc1c(C)c2n(c1C)[B-](F)(F)[N+]1=C(C=C3C=Cc4ccccc43)C=CC1=C2C,C1CCCCC1,596.0
14120,OCc1cc(/N=N\c2ccc(C#Cc3ccc4ccc5cccc6ccc3c4c56)cc2F)ccc1O,CS(C)=O,435.0
14116,OCc1cc(/N=N/c2ccc(C#Cc3ccc4ccc5cccc6ccc3c4c56)cc2F)ccc1O,CS(C)=O,510.0
14430,[O-]c1ccccc1-c1[nH+]c2c3ccccc3c3ccccc3c2n1-c1ccccc1,Cc1ccccc1,478.0
1377,CC(C)[Si](C#Cc1c2nc3ccccc3nc2c(C#C[Si](C(C)C)(C(C)C)C(C)C)c2nc3c(ccc4ccccc43)nc12)(C(C)C)C(C)C,CCCCCC,656.0
9780,Cc1cc(-c2ccc(C(C)(C)C)cc2)c2nsnc2c1-c1ccc(N(c2ccccc2)c2ccccc2)cc1,ClCCl,571.0
9783,Cc1cc(-c2ccc(N(c3ccccc3)c3ccccc3)cc2)c2nsnc2c1-c1ccc(C(C)(C)C)cc1,ClCCl,575.0
956,CC(C)(C)c1ccc(-c2ccc(-c3ccc(N(c4ccccc4)c4ccccc4)cc3)c3nsnc23)cc1,ClCCl,630.0
14610,c1ccc(-c2ccc(-c3ccc(N(c4ccccc4)c4ccccc4)cc3)c3nsnc23)cc1,C1CCOC1,578.0
14611,c1ccc(-c2ccc(-c3ccc(N(c4ccccc4)c4ccccc4)cc3)c3nsnc23)cc1,CC(C)=O,619.0
14612,c1ccc(-c2ccc(-c3ccc(N(c4ccccc4)c4ccccc4)cc3)c3nsnc23)cc1,CCCCCC,526.0
14613,c1ccc(-c2ccc(-c3ccc(N(c4ccccc4)c4ccccc4)cc3)c3nsnc23)cc1,CCOCC,558.0
6295,CN(C)c1ccc(C#Cc2nc(-c3ccccc3)nc3ccccc23)cc1,C1CCCCC1,423.0
6296,CN(C)c1ccc(C#Cc2nc(-c3ccccc3)nc3ccccc23)cc1,C1CCOC1,549.0
6297,CN(C)c1ccc(C#Cc2nc(-c3ccccc3)nc3ccccc23)cc1,CC#N,570.0
6298,CN(C)c1ccc(C#Cc2nc(-c3ccccc3)nc3ccccc23)cc1,CS(C)=O,584.0
6299,CN(C)c1ccc(C#Cc2nc(-c3ccccc3)nc3ccccc23)cc1,ClCCl,551.0
5452,CN(C)C1=Nc2cccc3cccc1c23,CC#N,589.0
12692,O=C(N/N=C/c1ccccc1O)c1cc2ccccc2cc1O,CC#N,360.0
12693,O=C(N/N=C/c1ccccc1O)c1cc2ccccc2cc1O,CC(C)=O,513.0
12694,O=C(N/N=C/c1ccccc1O)c1cc2ccccc2cc1O,CCO,557.0
12695,O=C(N/N=C/c1ccccc1O)c1cc2ccccc2cc1O,CN(C)C=O,528.0
12696,O=C(N/N=C/c1ccccc1O)c1cc2ccccc2cc1O,CS(C)=O,557.0
12697,O=C(N/N=C/c1ccccc1O)c1cc2ccccc2cc1O,ClCCl,394.0
12691,O=C(N/N=C/c1ccccc1O)c1cc2ccccc2cc1O,C1CCOC1,311.0
242,C(=C/c1ccc(N(c2ccccc2)c2ccccc2)cc1)\c1ccc(-c2nc(-c3ccc(/C=C/c4ccc(N(c5ccccc5)c5ccccc5)cc4)cc3)nc(-c3ccc(/C=C/c4ccc(N(c5ccccc5)c5ccccc5)cc4)cc3)n2)cc1,ClC(Cl)Cl,535.0
2720,CCCC(=O)c1c(OCOC)c(OCOC)c(C(=O)CCC)c2c1OCO2,CC#N,503.0
11025,Cc1nc2cccc(-c3nc4ccc([N+](=O)[O-])cc4[nH]3)c2c(=O)[nH]1,CN(C)C=O,450.0
11026,Cc1nc2cccc(-c3nc4ccccc4[nH]3)c2c(=O)[nH]1,CN(C)C=O,441.0
10782,Cc1ccc2nc(-c3cccc4nc(C)[nH]c(=O)c34)[nH]c2c1,CN(C)C=O,431.0
14414,[NH3+]c1cc([NH3+])cc(-c2[nH+]c3ccccc3s2)c1,O,460.0
14435,c1cc(-c2ccc3sc4ccccc4c3c2)cc(-c2cc(-c3cccc(-c4ccc5sc6ccccc6c5c4)c3)ncn2)c1,ClCCl,411.0
5413,CCn1c2ccccc2c2ccc(-c3ccc(OC)cc3)cc21,C1CCCCC1,383.0
14971,c1ccc(N(c2ccccc2)c2ccc(-c3ccc4c(c3)C3(c5cc(-c6ccc(N(c7ccccc7)c7ccccc7)cc6)ccc5-4)c4ccccc4N(c4ccccc4)c4ccccc43)cc2)cc1,ClCCl,451.0
14972,c1ccc(N(c2ccccc2)c2ccc(-c3ccc4c(c3)C3(c5cc(-c6ccc(N(c7ccccc7)c7ccccc7)cc6)ccc5-4)c4ccccc4N(c4ccccc4)c4ccccc43)cc2)cc1,c1cc(-n2c3ccccc3c3ccccc32)cc(-n2c3ccccc3c3ccccc32)c1,432.0
144,C(#Cc1ncnc2ccccc12)c1ccc(N(c2ccccc2)c2ccccc2)cc1,C1CCCCC1,433.0
145,C(#Cc1ncnc2ccccc12)c1ccc(N(c2ccccc2)c2ccccc2)cc1,C1CCOC1,535.0
146,C(#Cc1ncnc2ccccc12)c1ccc(N(c2ccccc2)c2ccccc2)cc1,CC#N,610.0
147,C(#Cc1ncnc2ccccc12)c1ccc(N(c2ccccc2)c2ccccc2)cc1,CS(C)=O,616.0
148,C(#Cc1ncnc2ccccc12)c1ccc(N(c2ccccc2)c2ccccc2)cc1,ClCCl,565.0
2923,CCCCC1=Cc2c3ccc4cccc5ccc(c6cc(-c7ccc(N(c8ccccc8)c8ccccc8)cc7)n(c26)P1(=O)c1ccccc1)c3c45,C1CCCCC1,502.0
2924,CCCCC1=Cc2c3ccc4cccc5ccc(c6cc(-c7ccc(N(c8ccccc8)c8ccccc8)cc7)n(c26)P1(=O)c1ccccc1)c3c45,C1CCOC1,541.0
2925,CCCCC1=Cc2c3ccc4cccc5ccc(c6cc(-c7ccc(N(c8ccccc8)c8ccccc8)cc7)n(c26)P1(=O)c1ccccc1)c3c45,C1COCCO1,526.0
2926,CCCCC1=Cc2c3ccc4cccc5ccc(c6cc(-c7ccc(N(c8ccccc8)c8ccccc8)cc7)n(c26)P1(=O)c1ccccc1)c3c45,CC#N,572.0
2927,CCCCC1=Cc2c3ccc4cccc5ccc(c6cc(-c7ccc(N(c8ccccc8)c8ccccc8)cc7)n(c26)P1(=O)c1ccccc1)c3c45,CC(C)=O,560.0
2928,CCCCC1=Cc2c3ccc4cccc5ccc(c6cc(-c7ccc(N(c8ccccc8)c8ccccc8)cc7)n(c26)P1(=O)c1ccccc1)c3c45,CO,563.0
2929,CCCCC1=Cc2c3ccc4cccc5ccc(c6cc(-c7ccc(N(c8ccccc8)c8ccccc8)cc7)n(c26)P1(=O)c1ccccc1)c3c45,Cc1ccccc1,518.0
2930,CCCCC1=Cc2c3ccc4cccc5ccc(c6cc(-c7ccc(N(c8ccccc8)c8ccccc8)cc7)n(c26)P1(=O)c1ccccc1)c3c45,ClC(Cl)Cl,537.0
2931,CCCCC1=Cc2c3ccc4cccc5ccc(c6cc(-c7ccc(N(c8ccccc8)c8ccccc8)cc7)n(c26)P1(=O)c1ccccc1)c3c45,ClCCl,551.0
14452,c1cc2c3c(cccc3c1)-c1c-2ccc2ccc3ccccc3c12,CCCCCCC,496.0
209,C(=C/c1ccc(-c2cccc3ccccc23)s1)\c1cccs1,ClCCl,453.0
6840,CN1CCc2cc(C3=Cc4cccc[n+]4[B-](F)(F)O3)ccc21,ClC(Cl)Cl,515.0
11548,Fc1c(F)c(-n2c3ccccc3c3ccccc32)c(F)c(F)c1/C=C/c1ccc(C(=C(c2ccccc2)c2ccccc2)c2ccccc2)cc1,Cc1ccccc1,498.0
1186,CC(C)(C)c1ccc2c(c1)c1cc(C(C)(C)C)ccc1n2-c1ccc(S(=O)(=O)c2ccc(-n3c4ccc(C(C)(C)C)cc4c4cc(C(C)(C)C)ccc43)nc2)cn1,Cc1ccccc1,444.3740095
1187,CC(C)(C)c1ccc2c(c1)c1cc(C(C)(C)C)ccc1n2-c1ccc(S(=O)(=O)c2ccc(-n3c4ccc(C(C)(C)C)cc4c4cc(C(C)(C)C)ccc43)nc2)cn1,O=P(c1ccccc1)(c1ccccc1)c1ccc2sc3cccc(P(=O)(c4ccccc4)c4ccccc4)c3c2c1,467.0
9993,Cc1cc(C)c(C2=C3C=CC(c4ccc5ccccc5c4)=[N+]3[B-](F)(F)n3c2ccc3-c2ccc3ccccc3c2)c(C)c1,ClC(Cl)Cl,618.0
3370,CCCCCCN1C(=O)c2cccc3cc(/N=C\c4cn(C)c5ccccc45)cc(c23)C1=O,ClC(Cl)Cl,500.0
13844,O=c1[nH]c(=O)c2scc([C@H]3C[C@H](O)[C@@H](CO)O3)c2[nH]1,O,351.0
13841,O=c1[nH]c(=O)c2scc([C@H]3C[C@H](O)[C@@H](CO)O3)c2[nH]1,CC#N,345.0
13842,O=c1[nH]c(=O)c2scc([C@H]3C[C@H](O)[C@@H](CO)O3)c2[nH]1,CCOC(C)=O,343.0
13843,O=c1[nH]c(=O)c2scc([C@H]3C[C@H](O)[C@@H](CO)O3)c2[nH]1,CO,351.0
8303,COc1ccc(-c2nc(-c3ccccc3)c(N(c3ccccc3)c3ccccc3)s2)cc1,ClC(Cl)Cl,457.0
11068,Clc1ccc(-c2nc(-c3ccccc3)c(N(c3ccccc3)c3ccccc3)s2)cc1,ClC(Cl)Cl,474.0
11069,Clc1ccc(-c2nc(-c3ccccc3)sc2N(c2ccccc2)c2ccccc2)cc1,ClC(Cl)Cl,463.0
8930,COc1ccc(N(c2ccc(OC)cc2)c2sc(-c3ccc(Cl)cc3)nc2-c2ccccc2)cc1,ClC(Cl)Cl,509.0
14707,c1ccc(-c2nc(-c3ccccc3)c(N(c3ccccc3)c3ccccc3)s2)cc1,ClC(Cl)Cl,463.0
5453,CN(C)CCCN1c2ccccc2CCc2ccc(Cl)cc21,CC#N,348.0
5454,CN(C)CCCN1c2ccccc2CCc2ccc(Cl)cc21,CO,353.0
5455,CN(C)CCCN1c2ccccc2CCc2ccc(Cl)cc21,O,400.0
5456,CN(C)CCCN1c2ccccc2CCc2ccccc21,CC#N,348.0
5457,CN(C)CCCN1c2ccccc2CCc2ccccc21,CO,353.0
5458,CN(C)CCCN1c2ccccc2CCc2ccccc21,O,400.0
6872,CNCCCN1c2ccccc2CCc2ccccc21,CC#N,348.0
6873,CNCCCN1c2ccccc2CCc2ccccc21,CO,356.0
6874,CNCCCN1c2ccccc2CCc2ccccc21,O,400.0
15171,c1ccc2c(c1)CCc1ccccc1N2,CC#N,354.0
15172,c1ccc2c(c1)CCc1ccccc1N2,CCCCCC,329.0
15173,c1ccc2c(c1)CCc1ccccc1N2,CO,359.0
1333,CC(C)CCCN1c2ccccc2CCc2ccccc21,CC#N,352.0
1334,CC(C)CCCN1c2ccccc2CCc2ccccc21,CO,360.0
6857,CN1c2ccccc2CCc2ccccc21,CC#N,346.0
6858,CN1c2ccccc2CCc2ccccc21,CO,348.0
7294,COC(=O)c1cc(=O)n(C)c2cc(-c3cc4c5c(c3)CCCN5CCC4)sc12,C1CCOC1,502.0
7295,COC(=O)c1cc(=O)n(C)c2cc(-c3cc4c5c(c3)CCCN5CCC4)sc12,CC#N,511.0
7296,COC(=O)c1cc(=O)n(C)c2cc(-c3cc4c5c(c3)CCCN5CCC4)sc12,CCO,508.0
7297,COC(=O)c1cc(=O)n(C)c2cc(-c3cc4c5c(c3)CCCN5CCC4)sc12,CN(C)C=O,509.0
7298,COC(=O)c1cc(=O)n(C)c2cc(-c3cc4c5c(c3)CCCN5CCC4)sc12,CO,493.0
7299,COC(=O)c1cc(=O)n(C)c2cc(-c3cc4c5c(c3)CCCN5CCC4)sc12,CS(C)=O,508.0
7300,COC(=O)c1cc(=O)n(C)c2cc(-c3cc4c5c(c3)CCCN5CCC4)sc12,Cc1ccccc1,529.0
7301,COC(=O)c1cc(=O)n(C)c2cc(-c3cc4c5c(c3)CCCN5CCC4)sc12,ClC(Cl)Cl,580.0
7302,COC(=O)c1cc(=O)n(C)c2cc(-c3cc4c5c(c3)CCCN5CCC4)sc12,ClCCl,605.0
14905,c1ccc(-n2c3ccccc3c3cc(-n4ccc5cc(-c6ccc(C7(c8ccccc8)c8ccccc8-c8ccccc87)cc6)ccc54)ccc32)cc1,ClCCl,379.0
3764,CCCCc1cc2cccc3cc(CCCC)c4cc(-c5cc6[b-]7c(c5)c(CCCC)cc5cccc(cc6CCCC)[n+]75)cc1[b-]4[n+]23,C1CCCCC1,550.0
11220,Cn1nc(-c2ccccc2)c2n[nH]nc2/c1=N\c1ccccn1,CC#N,423.0
11221,Cn1nc(-c2ccccc2)c2n[nH]nc2/c1=N\c1ccccn1,CCO,419.0
11222,Cn1nc(-c2ccccc2)c2n[nH]nc2/c1=N\c1ccccn1,Cc1ccccc1,428.0
3314,CCCCCCCc1cc2c(o1)=CC1=C3c4cc5oc(CCCCCCC)cc5n4[B-](F)(F)[n+]4nnn(c43)[B-](F)(F)[N+]=21,C1CCOC1,691.0
3315,CCCCCCCc1cc2c(o1)=CC1=C3c4cc5oc(CCCCCCC)cc5n4[B-](F)(F)[n+]4nnn(c43)[B-](F)(F)[N+]=21,ClCCl,697.0
2932,CCCCCC#Cc1cc(C#CCCCCC)c2ccc3c(C(=O)c4ccccc4)cc(C#CCCCCC)c4ccc1c2c43,ClCCl,479.0
9574,C[Si](C)(C)C#Cc1cc(C#C[Si](C)(C)C)c2ccc3c(C(=O)c4ccccc4)cc(C#C[Si](C)(C)C)c4ccc1c2c43,ClCCl,467.0
12980,O=C1/C(=C\c2ccc3oc4ccccc4c3c2)S(=O)(=O)c2ccccc21,CC#N,480.0
12981,O=C1/C(=C\c2ccc3oc4ccccc4c3c2)S(=O)(=O)c2ccccc21,CC(C)=O,458.0
12982,O=C1/C(=C\c2ccc3oc4ccccc4c3c2)S(=O)(=O)c2ccccc21,CCOC(C)=O,429.0
12983,O=C1/C(=C\c2ccc3oc4ccccc4c3c2)S(=O)(=O)c2ccccc21,CN(C)C=O,445.0
12984,O=C1/C(=C\c2ccc3oc4ccccc4c3c2)S(=O)(=O)c2ccccc21,CO,439.0
12985,O=C1/C(=C\c2ccc3oc4ccccc4c3c2)S(=O)(=O)c2ccccc21,CS(C)=O,449.0
12986,O=C1/C(=C\c2ccc3oc4ccccc4c3c2)S(=O)(=O)c2ccccc21,Cc1ccccc1,430.0
12987,O=C1/C(=C\c2ccc3oc4ccccc4c3c2)S(=O)(=O)c2ccccc21,ClC(Cl)Cl,441.0
12988,O=C1/C(=C\c2ccc3oc4ccccc4c3c2)S(=O)(=O)c2ccccc21,ClCCl,438.0
12978,O=C1/C(=C\c2ccc3oc4ccccc4c3c2)S(=O)(=O)c2ccccc21,C1CCOC1,437.0
12979,O=C1/C(=C\c2ccc3oc4ccccc4c3c2)S(=O)(=O)c2ccccc21,C1COCCO1,436.0
8249,COc1ccc(-c2cnc(-c3ccccc3)o2)cc1OC,ClCCl,400.0
11531,F[Si-](F)(c1c2ccccc2cc2ccccc12)(c1c2ccccc2cc2ccccc12)c1c2ccccc2cc2ccccc12,C1CCOC1,396.0
3386,CCCCCCOc1cc(N(CC)CC)ccc1/C=C/C(=C(C#N)C#N)c1ccc2c(c1)c1ccccc1n2CC,ClCCl,583.0
15246,c1ccc2c(c1)nc1ccccn12,CC#N,414.0
9725,Cc1c2ccncc2c(C)c2c1[nH]c1ccccc12,C1CCCCC1,392.0
9726,Cc1c2ccncc2c(C)c2c1[nH]c1ccccc12,C1CCOC1,413.0
9727,Cc1c2ccncc2c(C)c2c1[nH]c1ccccc12,C1COCCO1,410.0
9728,Cc1c2ccncc2c(C)c2c1[nH]c1ccccc12,CC#N,420.0
9729,Cc1c2ccncc2c(C)c2c1[nH]c1ccccc12,CC(C)(C)O,420.0
9730,Cc1c2ccncc2c(C)c2c1[nH]c1ccccc12,CC(C)O,424.0
9731,Cc1c2ccncc2c(C)c2c1[nH]c1ccccc12,CCC(C)(C)O,419.0
9732,Cc1c2ccncc2c(C)c2c1[nH]c1ccccc12,CCCCCC,390.0
9733,Cc1c2ccncc2c(C)c2c1[nH]c1ccccc12,CCCCO,427.0
9734,Cc1c2ccncc2c(C)c2c1[nH]c1ccccc12,CCO,429.0
9735,Cc1c2ccncc2c(C)c2c1[nH]c1ccccc12,CCOC(C)=O,410.0
9736,Cc1c2ccncc2c(C)c2c1[nH]c1ccccc12,CCOCC,405.0
9737,Cc1c2ccncc2c(C)c2c1[nH]c1ccccc12,CN(C)C=O,425.0
9738,Cc1c2ccncc2c(C)c2c1[nH]c1ccccc12,CO,434.0
9739,Cc1c2ccncc2c(C)c2c1[nH]c1ccccc12,CS(C)=O,428.0
9740,Cc1c2ccncc2c(C)c2c1[nH]c1ccccc12,Cc1ccccc1,403.0
8632,COc1ccc(C#Cc2c3cc4ccccc4cc3c(C#Cc3ccc(OC)cc3)c3cc4ccccc4cc23)cc1,ClCCl,706.0
3267,CCCCCCCCOc1ccc(C#Cc2c3cc4ccccc4cc3c(C#Cc3ccc(F)cc3)c3cc4ccccc4cc23)cc1,ClCCl,679.0
7657,COc1c2ccccc2c(OC)c2c(C#Cc3ccccc3)c3cc4ccccc4cc3c(C#Cc3ccccc3)c12,ClCCl,718.0
1568,CC1(C)C2=[N+](CCCCCC(=O)NCCCNC(=O)CCCCCN3/C(=C/C=C/C=C/C=C/2)C(C)(C)c2cc(S(=O)(=O)[O-])ccc23)c2ccc(S(=O)(=O)[O-])cc21,O,768.0
1567,CC1(C)C2=[N+](CCCCCC(=O)NCCCNC(=O)CCCCCN3/C(=C/C=C/C=C/C=C/2)C(C)(C)c2cc(S(=O)(=O)[O-])ccc23)c2ccc(S(=O)(=O)[O-])cc21,CO,776.0
5385,CCn1c2ccccc2c2cc(C#Cc3cc(C#Cc4ccc5c(c4)c4ccccc4n5CC)nc(C#N)n3)ccc21,Cc1ccccc1,445.0
5386,CCn1c2ccccc2c2cc(C#Cc3cc(C#Cc4ccc5c(c4)c4ccccc4n5CC)nc(C#N)n3)ccc21,ClCCl,510.0
5392,CCn1c2ccccc2c2cc(C#Cc3cc(C#Cc4ccc5c(c4)c4ccccc4n5CC)nc(OC)n3)ccc21,C1CCOC1,445.0
5393,CCn1c2ccccc2c2cc(C#Cc3cc(C#Cc4ccc5c(c4)c4ccccc4n5CC)nc(OC)n3)ccc21,CCOC(C)=O,442.0
5394,CCn1c2ccccc2c2cc(C#Cc3cc(C#Cc4ccc5c(c4)c4ccccc4n5CC)nc(OC)n3)ccc21,CN(C)C=O,499.0
5395,CCn1c2ccccc2c2cc(C#Cc3cc(C#Cc4ccc5c(c4)c4ccccc4n5CC)nc(OC)n3)ccc21,Cc1ccccc1,411.0
5396,CCn1c2ccccc2c2cc(C#Cc3cc(C#Cc4ccc5c(c4)c4ccccc4n5CC)nc(OC)n3)ccc21,ClCCl,467.0
5397,CCn1c2ccccc2c2cc(C#Cc3cc(C#Cc4ccc5c(c4)c4ccccc4n5CC)nc(S(C)(=O)=O)n3)ccc21,C1CCOC1,496.0
5398,CCn1c2ccccc2c2cc(C#Cc3cc(C#Cc4ccc5c(c4)c4ccccc4n5CC)nc(S(C)(=O)=O)n3)ccc21,CCOC(C)=O,491.0
5399,CCn1c2ccccc2c2cc(C#Cc3cc(C#Cc4ccc5c(c4)c4ccccc4n5CC)nc(S(C)(=O)=O)n3)ccc21,CN(C)C=O,550.0
5400,CCn1c2ccccc2c2cc(C#Cc3cc(C#Cc4ccc5c(c4)c4ccccc4n5CC)nc(S(C)(=O)=O)n3)ccc21,Cc1ccccc1,447.0
5401,CCn1c2ccccc2c2cc(C#Cc3cc(C#Cc4ccc5c(c4)c4ccccc4n5CC)nc(S(C)(=O)=O)n3)ccc21,ClCCl,510.0
5402,CCn1c2ccccc2c2cc(C#Cc3cc(C#Cc4ccc5c(c4)c4ccccc4n5CC)nc(SC)n3)ccc21,C1CCOC1,449.0
5403,CCn1c2ccccc2c2cc(C#Cc3cc(C#Cc4ccc5c(c4)c4ccccc4n5CC)nc(SC)n3)ccc21,CCOC(C)=O,446.0
5404,CCn1c2ccccc2c2cc(C#Cc3cc(C#Cc4ccc5c(c4)c4ccccc4n5CC)nc(SC)n3)ccc21,CN(C)C=O,502.0
5405,CCn1c2ccccc2c2cc(C#Cc3cc(C#Cc4ccc5c(c4)c4ccccc4n5CC)nc(SC)n3)ccc21,Cc1ccccc1,416.0
5406,CCn1c2ccccc2c2cc(C#Cc3cc(C#Cc4ccc5c(c4)c4ccccc4n5CC)nc(SC)n3)ccc21,ClCCl,471.0
5407,CCn1c2ccccc2c2cc(C#Cc3cc(C#Cc4ccc5c(c4)c4ccccc4n5CC)ncn3)ccc21,C1CCOC1,451.0
5408,CCn1c2ccccc2c2cc(C#Cc3cc(C#Cc4ccc5c(c4)c4ccccc4n5CC)ncn3)ccc21,CCOC(C)=O,445.0
5409,CCn1c2ccccc2c2cc(C#Cc3cc(C#Cc4ccc5c(c4)c4ccccc4n5CC)ncn3)ccc21,CN(C)C=O,502.0
5410,CCn1c2ccccc2c2cc(C#Cc3cc(C#Cc4ccc5c(c4)c4ccccc4n5CC)ncn3)ccc21,Cc1ccccc1,411.0
5411,CCn1c2ccccc2c2cc(C#Cc3cc(C#Cc4ccc5c(c4)c4ccccc4n5CC)ncn3)ccc21,ClCCl,484.0
5382,CCn1c2ccccc2c2cc(C#Cc3cc(C#Cc4ccc5c(c4)c4ccccc4n5CC)nc(C#N)n3)ccc21,C1CCOC1,495.0
5383,CCn1c2ccccc2c2cc(C#Cc3cc(C#Cc4ccc5c(c4)c4ccccc4n5CC)nc(C#N)n3)ccc21,CCOC(C)=O,494.0
5384,CCn1c2ccccc2c2cc(C#Cc3cc(C#Cc4ccc5c(c4)c4ccccc4n5CC)nc(C#N)n3)ccc21,CN(C)C=O,557.0
3876,CCCN1/C(=C/C=C/C=C/C2=[N+](CCC)c3ccccc3C2(C)C)C(C)(C)c2ccccc21,CS(C)=O,660.0
3875,CCCN1/C(=C/C=C/C=C/C2=[N+](CCC)c3ccccc3C2(C)C)C(C)(C)c2ccccc21,CO,659.0
1883,CC1(CCCCC(=O)NCCCCCCO)C(/C=C/C=C/C=C2/N(CCCS(=O)(=O)[O-])c3ccc(S(=O)(=O)[O-])cc3C2(C)C)=[N+](CCCS(=O)(=O)[O-])c2ccc(S(=O)(=O)[O-])cc21,O,672.0
3877,CCCN1/C(=C/C=C/C=C/C2=[N+](CCC)c3ccccc3C2(C)C)C(C)(C)c2ccccc21,O,652.0
9641,C[Si]1(C)c2ccccc2-c2[se]c3cc4c5c([se]c4cc3c21)-c1ccccc1[Si]5(C)C,C1CCOC1,420.0
1885,CC1=C(/C=C/c2ccccc2)C2=Cc3c(/C=C/c4ccccc4)c(C)c(C)n3[B-](F)(F)[N+]2=C1C,CC#N,589.0
9421,COc1nc(Cl)nc(Nc2ccc3c4c(cccc24)C(=O)c2ccccc2-3)n1,CC#N,537.9236148
9422,COc1nc(Cl)nc(Nc2ccc3c4c(cccc24)C(=O)c2ccccc2-3)n1,CC(C)=O,526.8703899
9423,COc1nc(Cl)nc(Nc2ccc3c4c(cccc24)C(=O)c2ccccc2-3)n1,CC(C)O,570.1254276
9424,COc1nc(Cl)nc(Nc2ccc3c4c(cccc24)C(=O)c2ccccc2-3)n1,CCCCOCCCC,507.0993915
9425,COc1nc(Cl)nc(Nc2ccc3c4c(cccc24)C(=O)c2ccccc2-3)n1,CCOC(C)=O,520.0208008
9426,COc1nc(Cl)nc(Nc2ccc3c4c(cccc24)C(=O)c2ccccc2-3)n1,Cc1ccccc1,518.134715
9427,COc1nc(Cl)nc(Nc2ccc3c4c(cccc24)C(=O)c2ccccc2-3)n1,Clc1ccccc1,524.9343832
9428,COc1nc(Cl)nc(Nc2ccc3c4c(cccc24)C(=O)c2ccccc2-3)n1,N#Cc1ccccc1,526.0389269
9429,COc1nc(Cl)nc(Nc2ccc3c4c(cccc24)C(=O)c2ccccc2-3)n1,O=C1CCCCC1,524.1090147
9441,COc1nc(Nc2ccc3c4c(cccc24)C(=O)c2ccccc2-3)nc(OC)n1,CC#N,554.0166205
9442,COc1nc(Nc2ccc3c4c(cccc24)C(=O)c2ccccc2-3)nc(OC)n1,CC(C)O,576.0368664
9443,COc1nc(Nc2ccc3c4c(cccc24)C(=O)c2ccccc2-3)nc(OC)n1,CCOC(C)=O,523.0125523
9444,COc1nc(Nc2ccc3c4c(cccc24)C(=O)c2ccccc2-3)nc(OC)n1,CCOCC,520.0208008
9445,COc1nc(Nc2ccc3c4c(cccc24)C(=O)c2ccccc2-3)nc(OC)n1,Cc1ccccc1,521.9206681
9446,COc1nc(Nc2ccc3c4c(cccc24)C(=O)c2ccccc2-3)nc(OC)n1,Clc1ccccc1,526.8703899
9447,COc1nc(Nc2ccc3c4c(cccc24)C(=O)c2ccccc2-3)nc(OC)n1,O=C1CCCCC1,531.9148936
13300,O=C1c2ccccc2-c2ccc(Nc3nc(Cl)nc(Cl)n3)c3cccc1c23,CC#N,526.8703899
13301,O=C1c2ccccc2-c2ccc(Nc3nc(Cl)nc(Cl)n3)c3cccc1c23,CC(C)=O,521.1047421
13302,O=C1c2ccccc2-c2ccc(Nc3nc(Cl)nc(Cl)n3)c3cccc1c23,CC(C)O,557.1030641
13303,O=C1c2ccccc2-c2ccc(Nc3nc(Cl)nc(Cl)n3)c3cccc1c23,CCCCOCCCC,496.031746
13304,O=C1c2ccccc2-c2ccc(Nc3nc(Cl)nc(Cl)n3)c3cccc1c23,CCOC(C)=O,512.0327701
13305,O=C1c2ccccc2-c2ccc(Nc3nc(Cl)nc(Cl)n3)c3cccc1c23,CCOCC,501.002004
13306,O=C1c2ccccc2-c2ccc(Nc3nc(Cl)nc(Cl)n3)c3cccc1c23,CO,570.1254276
13307,O=C1c2ccccc2-c2ccc(Nc3nc(Cl)nc(Cl)n3)c3cccc1c23,Cc1ccccc1,509.4243505
13308,O=C1c2ccccc2-c2ccc(Nc3nc(Cl)nc(Cl)n3)c3cccc1c23,Clc1ccccc1,514.9330587
13309,O=C1c2ccccc2-c2ccc(Nc3nc(Cl)nc(Cl)n3)c3cccc1c23,N#Cc1ccccc1,520.0208008
13310,O=C1c2ccccc2-c2ccc(Nc3nc(Cl)nc(Cl)n3)c3cccc1c23,O=C1CCCCC1,520.0208008
11533,F[Si-](F)(c1ccccc1)(c1ccccc1)c1cc2ccccc2c2ccccc12,C1CCOC1,359.0
13362,O=C1c2ccccc2C2=Nc3ccc4ccccc4[n+]3[B-](F)(F)N12,ClCCl,444.0
2314,CC1=c2cc3c(C)c4n(c3cc2=[N+]2C1=Cc1c3ccccc3c(C)n1[B-]2(F)F)[B-](F)(F)[N+]1=C(C)c2ccccc2C1=C4,ClC(Cl)Cl,781.0
13147,O=C1OC(=O)C2=C1S[C@]13C2=C[C@H](c2ccccc21)c1ccccc13,ClCCl,514.0
15250,c1ccc2c3c(ccc2c1)-c1c2ccccc2cc2cccc-3c12,CCCCCCC,603.0
13352,O=C1c2ccccc2C2=Cc3ccc4ccccc4[n+]3[B-](F)(F)N12,CCO,465.0
13353,O=C1c2ccccc2C2=Cc3ccc4ccccc4[n+]3[B-](F)(F)N12,Cc1ccccc1,474.0
13354,O=C1c2ccccc2C2=Cc3ccc4ccccc4[n+]3[B-](F)(F)N12,ClCCl,464.0
11425,F[B-]1(F)n2c(c3ccccc3c2-c2ccccc2)C(c2ccccc2)=C2c3ccccc3C(c3ccccc3)=[N+]21,ClCCl,664.0
9406,COc1ccccc1C1=[N+]2C(=C(c3ccccc3)c3c4ccccc4c(-c4ccccc4OC)n3[B-]2(F)F)c2ccccc21,ClCCl,652.0
11239,FC(F)(F)C(F)(F)C(F)(F)C1=NC2=C(Oc3ccccc3)C=C3c4cc(Oc5ccccc5)c5nc(C(F)(F)C(F)(F)C(F)(F)F)nc6c(Oc7ccccc7)cc(c4c56)=C4C=C(Oc5ccccc5)C(=N1)C2C34,C1CCOC1,523.0
2865,CCCCC1(CCCC)c2cc(C#Cc3ccc(/C=C(\C)c4ccccc4)cc3)ccc2-c2ccc(C#Cc3ccc(/C=C(\C)c4ccccc4)cc3)cc21,C1CCOC1,403.0
3055,CCCCCCCCCC1(CCCCCCCCC)c2cc(C#Cc3ccc(/C=C/c4ccc(N(CCCCCCCC)CCCCCCCC)cc4)cc3)ccc2-c2ccc(C#Cc3ccc(/C=C/c4ccc(N(CCCCCCCC)CCCCCCCC)cc4)cc3)cc21,Cc1ccccc1,464.0
14663,c1ccc(-c2nc(-c3ccc(-c4ccc(N(c5ccccc5)c5ccccc5)cc4)cn3)oc2-c2ccccc2)cc1,C1CCOC1,458.0
14664,c1ccc(-c2nc(-c3ccc(-c4ccc(N(c5ccccc5)c5ccccc5)cc4)cn3)oc2-c2ccccc2)cc1,C1COCCO1,454.0
14665,c1ccc(-c2nc(-c3ccc(-c4ccc(N(c5ccccc5)c5ccccc5)cc4)cn3)oc2-c2ccccc2)cc1,CC#N,507.0
14666,c1ccc(-c2nc(-c3ccc(-c4ccc(N(c5ccccc5)c5ccccc5)cc4)cn3)oc2-c2ccccc2)cc1,CC(C)=O,495.0
14667,c1ccc(-c2nc(-c3ccc(-c4ccc(N(c5ccccc5)c5ccccc5)cc4)cn3)oc2-c2ccccc2)cc1,CC(C)OC(C)C,434.0
14668,c1ccc(-c2nc(-c3ccc(-c4ccc(N(c5ccccc5)c5ccccc5)cc4)cn3)oc2-c2ccccc2)cc1,CCCCCC,399.0
14669,c1ccc(-c2nc(-c3ccc(-c4ccc(N(c5ccccc5)c5ccccc5)cc4)cn3)oc2-c2ccccc2)cc1,CCCCOCCCC,431.0
14670,c1ccc(-c2nc(-c3ccc(-c4ccc(N(c5ccccc5)c5ccccc5)cc4)cn3)oc2-c2ccccc2)cc1,CCN(CC)CC,422.0
14671,c1ccc(-c2nc(-c3ccc(-c4ccc(N(c5ccccc5)c5ccccc5)cc4)cn3)oc2-c2ccccc2)cc1,CCOC(C)=O,456.0
14672,c1ccc(-c2nc(-c3ccc(-c4ccc(N(c5ccccc5)c5ccccc5)cc4)cn3)oc2-c2ccccc2)cc1,CCOCC,440.0
14673,c1ccc(-c2nc(-c3ccc(-c4ccc(N(c5ccccc5)c5ccccc5)cc4)cn3)oc2-c2ccccc2)cc1,Cc1ccccc1,435.0
14674,c1ccc(-c2nc(-c3ccc(-c4ccc(N(c5ccccc5)c5ccccc5)cc4)cn3)oc2-c2ccccc2)cc1,c1ccccc1,438.0
1801,CC1(C)c2ccccc2N(c2ccc(-c3nc4c(C#N)ccc(C#N)c4nc3-c3ccc(N4c5ccccc5C(C)(C)c5ccccc54)cc3)cc2)c2ccccc21,Cc1ccccc1,663.0
1802,CC1(C)c2ccccc2N(c2ccc(-c3nc4cc(C#N)c(C#N)cc4nc3-c3ccc(N4c5ccccc5C(C)(C)c5ccccc54)cc3)cc2)c2ccccc21,Cc1ccccc1,620.0
3452,CCCCCCc1ccc2c(/C=N/c3ccc(/N=C/c4c(O)ccc5cc(CCCCCC)ccc45)cc3)c(O)ccc2c1,C1CCOC1,542.0
3453,CCCCCCc1ccc2c(/C=N/c3ccc(/N=C/c4c(O)ccc5cc(CCCCCC)ccc45)cc3)c(O)ccc2c1,CC#N,539.0
3454,CCCCCCc1ccc2c(/C=N/c3ccc(/N=C/c4c(O)ccc5cc(CCCCCC)ccc45)cc3)c(O)ccc2c1,Cc1ccccc1,546.0
3455,CCCCCCc1ccc2c(/C=N/c3ccc(/N=C/c4c(O)ccc5cc(CCCCCC)ccc45)cc3)c(O)ccc2c1,ClCCl,546.0
11975,N#Cc1c(N2CCCCC2)cc(-c2ccc3ccc4cccc5ccc2c3c45)c2c1-c1ccccc1C2,C1CCOC1,460.0
4233,CCN(CC)c1ccc2cc(-c3cn4ccccc4n3)c(=O)oc2c1,CC#N,475.0
4234,CCN(CC)c1ccc2cc(-c3cn4ccccc4n3)c(=O)oc2c1,CCO,482.0
4235,CCN(CC)c1ccc2cc(-c3cn4ccccc4n3)c(=O)oc2c1,CCOC(C)=O,468.0
4236,CCN(CC)c1ccc2cc(-c3cn4ccccc4n3)c(=O)oc2c1,CN(C)C=O,477.0
4237,CCN(CC)c1ccc2cc(-c3cn4ccccc4n3)c(=O)oc2c1,CO,485.0
4238,CCN(CC)c1ccc2cc(-c3cn4ccccc4n3)c(=O)oc2c1,CS(C)=O,482.0
4239,CCN(CC)c1ccc2cc(-c3cn4ccccc4n3)c(=O)oc2c1,Cc1ccccc1,469.0
4240,CCN(CC)c1ccc2cc(-c3cn4ccccc4n3)c(=O)oc2c1,ClC(Cl)Cl,471.0
4241,CCN(CC)c1ccc2cc(-c3cn4ccccc4n3)c(=O)oc2c1,ClCCl,478.0
14042,O=c1oc2ccccc2cc1-c1cn2ccccc2n1,ClC(Cl)Cl,456.0
4229,CCN(CC)c1ccc2cc(-c3cn4cc(C)ccc4n3)c(=O)oc2c1,ClC(Cl)Cl,473.0
4230,CCN(CC)c1ccc2cc(-c3cn4cc(OC)ccc4n3)c(=O)oc2c1,ClC(Cl)Cl,478.0
4232,CCN(CC)c1ccc2cc(-c3cn4ccccc4n3)c(=O)oc2c1,C1CCOC1,474.0
10943,Cc1cccn2c1cc1c3ccccc3nc(-c3ccc(Cl)o3)c12,CS(C)=O,508.5
10944,Cc1cccn2c1cc1c3ccccc3nc(-c3ccco3)c12,CS(C)=O,502.0
22,Brc1ccc2cc3c4ccccc4nc(-c4ccco4)c3n2c1,CS(C)=O,487.0
13915,O=c1c2ccccc2c2c(C#C[Si](c3ccccc3)(c3ccccc3)c3ccccc3)c3c(=O)c4ccccc4c3c(C#C[Si](c3ccccc3)(c3ccccc3)c3ccccc3)c12,ClC(Cl)Cl,570.0
14157,Oc1cc(N(c2ccccc2)c2ccccc2)ccc1-c1nc2c3ccc(-c4ccccc4)cc3c3cc(-c4ccccc4)ccc3c2[nH]1,C1CCOC1,420.0
14158,Oc1cc(N(c2ccccc2)c2ccccc2)ccc1-c1nc2c3ccc(-c4ccccc4)cc3c3cc(-c4ccccc4)ccc3c2[nH]1,CC#N,427.0
14159,Oc1cc(N(c2ccccc2)c2ccccc2)ccc1-c1nc2c3ccc(-c4ccccc4)cc3c3cc(-c4ccccc4)ccc3c2[nH]1,CCCCCC,417.0
14160,Oc1cc(N(c2ccccc2)c2ccccc2)ccc1-c1nc2c3ccc(-c4ccccc4)cc3c3cc(-c4ccccc4)ccc3c2[nH]1,CO,427.0
14161,Oc1cc(N(c2ccccc2)c2ccccc2)ccc1-c1nc2c3ccc(-c4ccccc4)cc3c3cc(-c4ccccc4)ccc3c2[nH]1,CS(C)=O,429.0
14162,Oc1cc(N(c2ccccc2)c2ccccc2)ccc1-c1nc2c3ccc(-c4ccccc4)cc3c3cc(-c4ccccc4)ccc3c2[nH]1,Cc1ccccc1,423.0
14163,Oc1cc(N(c2ccccc2)c2ccccc2)ccc1-c1nc2c3ccc(-c4ccccc4)cc3c3cc(-c4ccccc4)ccc3c2[nH]1,ClCCl,426.0
7229,COC(=O)C1=NNC(C(=O)OC)=C2c3ccccc3C(=O)c3ccccc3C12,CC#N,505.0
77,C#Cc1ccc(-c2c3nc(c(-c4ccc(C#C)cc4)c4ccc([nH]4)c(-c4cc(C(C)(C)C)cc(C(C)(C)C)c4)c4cc(c(-c5cc(C(C)(C)C)cc(C(C)(C)C)c5)c5ccc2[nH]5)C=N4)C=C3)cc1,ClCCl,744.0
878,CC(C)(C)c1cc(-c2c3cc(c(-c4cc(C(C)(C)C)cc(C(C)(C)C)c4)c4ccc([nH]4)c(-c4ccc(Br)cc4)c4nc(c(-c5ccc(Br)cc5)c5ccc2[nH]5)C=C4)N=C3)cc(C(C)(C)C)c1,ClCCl,741.0
879,CC(C)(C)c1cc(-c2c3cc(c(-c4cc(C(C)(C)C)cc(C(C)(C)C)c4)c4ccc([nH]4)c(-c4ccc([N+](=O)[O-])cc4)c4nc(c(-c5ccc([N+](=O)[O-])cc5)c5ccc2[nH]5)C=C4)N=C3)cc(C(C)(C)C)c1,ClCCl,741.0
8603,COc1ccc(/C=C/c2ncc(-c3ccccc3)o2)cc1OC,ClCCl,420.0
8251,COc1ccc(-c2cnc(/C=C/c3ccc(C#N)cc3)o2)cc1OC,ClCCl,500.0
12161,N#Cc1ccc(/C=C/c2ncc(-c3ccccc3)o2)cc1,ClCCl,450.0
8252,COc1ccc(-c2cnc(/C=C/c3ccc(OC)c(OC)c3)o2)cc1,ClCCl,435.0
8253,COc1ccc(-c2cnc(/C=C/c3ccccc3)o2)cc1OC,ClCCl,450.0
14455,c1cc2c3c(cccc3c1)C(N1CCOCCOCCN(C3=Nc4cccc5cccc3c45)CCOCC1)=N2,CC#N,590.0
708,CC(=O)c1c2c(cc3c(N(C)C)cccc13)CCC2,C1CCCCC1,480.0
709,CC(=O)c1c2c(cc3c(N(C)C)cccc13)CCC2,C1CCOC1,543.0
710,CC(=O)c1c2c(cc3c(N(C)C)cccc13)CCC2,C1COCCO1,534.0
711,CC(=O)c1c2c(cc3c(N(C)C)cccc13)CCC2,CC#N,590.0
712,CC(=O)c1c2c(cc3c(N(C)C)cccc13)CCC2,CCO,634.0
713,CC(=O)c1c2c(cc3c(N(C)C)cccc13)CCC2,CS(C)=O,598.0
714,CC(=O)c1c2c(cc3c(N(C)C)cccc13)CCC2,Cc1ccccc1,520.0
715,CC(=O)c1c2c(cc3c(N(C)C)cccc13)CCC2,ClC(Cl)Cl,562.0
716,CC(=O)c1c2c(cc3c(N(C)C)cccc13)CCC2,ClCCl,562.0
717,CC(=O)c1c2c(cc3cc(N(C)C)ccc13)CCC2,C1CCCCC1,445.0
718,CC(=O)c1c2c(cc3cc(N(C)C)ccc13)CCC2,C1CCOC1,505.0
719,CC(=O)c1c2c(cc3cc(N(C)C)ccc13)CCC2,C1COCCO1,495.0
720,CC(=O)c1c2c(cc3cc(N(C)C)ccc13)CCC2,CC#N,545.0
721,CC(=O)c1c2c(cc3cc(N(C)C)ccc13)CCC2,CCO,605.0
722,CC(=O)c1c2c(cc3cc(N(C)C)ccc13)CCC2,CS(C)=O,558.0
723,CC(=O)c1c2c(cc3cc(N(C)C)ccc13)CCC2,Cc1ccccc1,481.0
724,CC(=O)c1c2c(cc3cc(N(C)C)ccc13)CCC2,ClC(Cl)Cl,511.0
725,CC(=O)c1c2c(cc3cc(N(C)C)ccc13)CCC2,ClCCl,509.0
726,CC(=O)c1c2c(cc3ccc(N(C)C)cc13)CCC2,C1CCCCC1,466.0
727,CC(=O)c1c2c(cc3ccc(N(C)C)cc13)CCC2,C1CCOC1,497.0
728,CC(=O)c1c2c(cc3ccc(N(C)C)cc13)CCC2,C1COCCO1,495.0
729,CC(=O)c1c2c(cc3ccc(N(C)C)cc13)CCC2,CC#N,529.0
730,CC(=O)c1c2c(cc3ccc(N(C)C)cc13)CCC2,CCO,578.0
731,CC(=O)c1c2c(cc3ccc(N(C)C)cc13)CCC2,CS(C)=O,536.0
732,CC(=O)c1c2c(cc3ccc(N(C)C)cc13)CCC2,Cc1ccccc1,490.0
733,CC(=O)c1c2c(cc3ccc(N(C)C)cc13)CCC2,ClC(Cl)Cl,516.0
734,CC(=O)c1c2c(cc3ccc(N(C)C)cc13)CCC2,ClCCl,510.0
12171,N#Cc1ccc(C#Cc2ccc(C#Cc3ccccc3C#N)cc2C#N)cc1,ClC(Cl)Cl,370.0
108,C(#Cc1ccc(C#Cc2ccccc2)cc1)c1ccccc1,ClC(Cl)Cl,348.0
8177,COc1ccc(-c2cc3c(ccc4sc(/C=C/c5cccs5)cc43)s2)cc1,ClCCl,445.0
14743,c1ccc(-c2nc(-c3ccccc3)nc(-c3ccc(-n4c5ccccc5c5cc(-c6ccc7sc8ccccc8c7c6)ccc54)cc3)n2)cc1,CCOC(C)=O,474.0
14744,c1ccc(-c2nc(-c3ccccc3)nc(-c3ccc(-n4c5ccccc5c5cc(-c6ccc7sc8ccccc8c7c6)ccc54)cc3)n2)cc1,CN(C)C=O,527.0
14745,c1ccc(-c2nc(-c3ccccc3)nc(-c3ccc(-n4c5ccccc5c5cc(-c6ccc7sc8ccccc8c7c6)ccc54)cc3)n2)cc1,Cc1ccccc1,433.0
11475,F[B-]1(F)n2c(nc3c4ccccc4c4ccccc4c32)-c2ccc3ccccc3[n+]21,ClCCl,585.0
7716,COc1cc(-c2nc3c4cccnc4c4ncccc4c3[nH]2)c(OC)cc1/C=C/c1ccncc1,CC#N,473.0
212,C(=C/c1ccc(-c2nc3c4cccnc4c4ncccc4c3[nH]2)cc1)\c1ccncc1,C1CCOC1,449.0
213,C(=C/c1ccc(-c2nc3c4cccnc4c4ncccc4c3[nH]2)cc1)\c1ccncc1,CC#N,461.0
7715,COc1cc(-c2nc3c4cccnc4c4ncccc4c3[nH]2)c(OC)cc1/C=C/c1ccncc1,C1CCOC1,451.0
214,C(=C/c1ccc(-c2nc3c4cccnc4c4ncccc4c3[nH]2)cc1)\c1ccncc1,CO,469.0
7717,COc1cc(-c2nc3c4cccnc4c4ncccc4c3[nH]2)c(OC)cc1/C=C/c1ccncc1,CN(C)C=O,471.0
7718,COc1cc(-c2nc3c4cccnc4c4ncccc4c3[nH]2)c(OC)cc1/C=C/c1ccncc1,Cc1ccccc1,444.0
215,C(=C/c1ccc(-c2nc3c4cccnc4c4ncccc4c3[nH]2)cc1)\c1ccncc1,ClCCl,456.0
3345,CCCCCCN1C(=O)C(c2ccc(-n3c4ccccc4c4ccccc43)cc2)=C(c2ccc(-n3c4ccccc4c4ccccc43)cc2)C1=O,c1ccc2c(c1)c1ccccc1n2-c1ccc(-c2ccc(-n3c4ccccc4c4ccccc43)cc2)cc1,591.0
3344,CCCCCCN1C(=O)C(c2ccc(-n3c4ccccc4c4ccccc43)cc2)=C(c2ccc(-n3c4ccccc4c4ccccc43)cc2)C1=O,ClC(Cl)Cl,626.0
511,C1=Cc2ccccc2C(=Cc2ccc(-c3ccc(C=C4c5ccccc5-c5ccccc54)cc3)cc2)c2ccccc21,C1CCOC1,450.0
13598,O=P1(c2ccccc2)C(c2cccs2)=Cc2ccccc21,C1CCOC1,444.0
10735,Cc1ccc2c(c1)C(C)(C)c1cc(C)ccc1N2c1ccc2c(c1)C(C)(C)c1cc(N3c4ccc(C)cc4C(C)(C)c4cc(C)ccc43)ccc1S2(=O)=O,ClCCl,538.0
1836,CC1(C)c2ccccc2N(c2ccc3c(c2)C(C)(C)c2cc(N4c5ccccc5C(C)(C)c5ccccc54)ccc2S3(=O)=O)c2ccccc21,C1CCOC1,473.0994152
1837,CC1(C)c2ccccc2N(c2ccc3c(c2)C(C)(C)c2cc(N4c5ccccc5C(C)(C)c5ccccc54)ccc2S3(=O)=O)c2ccccc21,CC#N,526.3157895
1838,CC1(C)c2ccccc2N(c2ccc3c(c2)C(C)(C)c2cc(N4c5ccccc5C(C)(C)c5ccccc54)ccc2S3(=O)=O)c2ccccc21,Cc1ccccc1,452.5402047
1839,CC1(C)c2ccccc2N(c2ccc3c(c2)C(C)(C)c2cc(N4c5ccccc5C(C)(C)c5ccccc54)ccc2S3(=O)=O)c2ccccc21,ClCCl,504.0
10734,Cc1ccc2c(c1)C(C)(C)c1cc(C)ccc1N2c1ccc2c(c1)C(C)(C)c1cc(N3c4ccc(C)cc4C(C)(C)c4cc(C)ccc43)ccc1S2(=O)=O,Cc1ccccc1,470.0657895
5040,CC[C@H](C)COc1ccc(C2=C3C(C)=C(c4ccc5ccc6cccc7ccc4c5c67)C(C)=[N+]3[B-](F)(F)n3c(C)c(-c4ccc5ccc6cccc7ccc4c5c67)c(C)c32)cc1,ClCCl,585.0
9617,C[Si]1(C)C2=C(c3ccccc31)S(=O)(=O)c1cc3c(cc12)S(=O)(=O)C1=C3[Si](C)(C)c2ccccc21,C1CCOC1,507.0
12870,O=C(c1ccc(-n2c3ccc(-c4ccccc4)cc3c3cc(-c4ccccc4)ccc32)cc1)c1ccc(-n2c3ccc(-c4ccccc4)cc3c3cc(-c4ccccc4)ccc32)cc1,Cc1ccccc1,438.0
10631,Cc1ccc(N(c2ccc(C)cc2)c2ccc(-c3c4ccccc4c(-c4ccc(N(c5ccc(C)cc5)c5ccc(C)cc5)cc4)c4nsnc34)cc2)cc1,Cc1ccccc1,710.0
10632,Cc1ccc(N(c2ccc(C)cc2)c2ccc(-c3c4ccccc4c(-c4ccc(N(c5ccc(C)cc5)c5ccc(C)cc5)cc4)c4nsnc34)cc2)cc1,ClCCl,706.0
13566,O=P(c1ccccc1)(c1ccccc1)c1cccc(-c2nc3ccccc3n2-c2cccc(P(=O)(c3ccccc3)c3ccccc3)c2)c1,ClCCl,376.0
10832,Cc1cccc(C)c1N1C(c2ccccc2)=Cc2cccc[n+]2[B-]1(F)F,ClCCl,453.0
10419,Cc1ccc(/N=C2\N=C(N)c3cccc4cccc2c34)cc1,ClCCl,498.0
11984,N#Cc1c(N2CCCCC2)cc(-c2cccc3ccccc23)c2c1C(=O)c1ccccc1-2,C1CCOC1,460.0
3361,CCCCCCN1C(=O)c2cccc3c(-c4ccc(Cl)s4)ccc(c23)C1=O,ClC(Cl)Cl,482.0
3362,CCCCCCN1C(=O)c2cccc3c(-c4ccc(OC)s4)ccc(c23)C1=O,ClC(Cl)Cl,503.0
3363,CCCCCCN1C(=O)c2cccc3c(-c4cccs4)ccc(c23)C1=O,ClC(Cl)Cl,465.0
3360,CCCCCCN1C(=O)c2cccc3c(-c4ccc(C)s4)ccc(c23)C1=O,ClC(Cl)Cl,482.0
13540,O=Cc1cnc(-c2c3ccccc3cc3ccccc23)nc1,ClCCl,531.0
12309,N#Cc1cnc(-c2c3ccccc3cc3ccccc23)nc1,CCO,510.0
12310,N#Cc1cnc(-c2c3ccccc3cc3ccccc23)nc1,ClCCl,492.0
13539,O=Cc1cnc(-c2c3ccccc3cc3ccccc23)nc1,CCO,438.0
10033,Cc1cc(C)c2cc3cc(C)ncc3cc2c1,CCO,448.4304933
15293,c1ccc2cc3cnccc3cc2c1,CCO,426.4392324
10183,Cc1cc2cc3cc(C)c(C)cc3cc2cn1,CCO,444.6420631
10184,Cc1cc2cc3ccccc3cc2cn1,CCO,437.0629371
10764,Cc1ccc2cc3cc(C)ncc3cc2c1,CCO,443.2624113
6813,CN1CCCc2cc3c(C(F)(F)F)cc(=O)oc3cc21,C1CCCCC1,439.0
6814,CN1CCCc2cc3c(C(F)(F)F)cc(=O)oc3cc21,CC#N,510.0
6815,CN1CCCc2cc3c(C(F)(F)F)cc(=O)oc3cc21,CCO,515.0
5001,CCOc1cc2c(cc1/C=C/C(=C(C#N)C#N)c1ccccc1)c1ccccc1n2CC,CC#N,569.0
5002,CCOc1cc2c(cc1/C=C/C(=C(C#N)C#N)c1ccccc1)c1ccccc1n2CC,CCO,575.0
5003,CCOc1cc2c(cc1/C=C/C(=C(C#N)C#N)c1ccccc1)c1ccccc1n2CC,CCOC(C)=O,537.0
5004,CCOc1cc2c(cc1/C=C/C(=C(C#N)C#N)c1ccccc1)c1ccccc1n2CC,CN(C)C=O,573.0
5005,CCOc1cc2c(cc1/C=C/C(=C(C#N)C#N)c1ccccc1)c1ccccc1n2CC,CS(C)=O,575.0
5006,CCOc1cc2c(cc1/C=C/C(=C(C#N)C#N)c1ccccc1)c1ccccc1n2CC,Cc1ccccc1,522.0
5007,CCOc1cc2c(cc1/C=C/C(=C(C#N)C#N)c1ccccc1)c1ccccc1n2CC,ClC(Cl)Cl,550.0
5008,CCOc1cc2c(cc1/C=C/C(=C(C#N)C#N)c1ccccc1)c1ccccc1n2CC,ClCCl,558.0
8027,COc1cc2c(cc1/C=C/C(=C(C#N)C#N)c1ccccc1)c1ccccc1n2C,C1CCOC1,568.0
8028,COc1cc2c(cc1/C=C/C(=C(C#N)C#N)c1ccccc1)c1ccccc1n2C,CC#N,589.0
8029,COc1cc2c(cc1/C=C/C(=C(C#N)C#N)c1ccccc1)c1ccccc1n2C,CCO,575.0
8030,COc1cc2c(cc1/C=C/C(=C(C#N)C#N)c1ccccc1)c1ccccc1n2C,CCOC(C)=O,548.5
8031,COc1cc2c(cc1/C=C/C(=C(C#N)C#N)c1ccccc1)c1ccccc1n2C,CN(C)C=O,573.0
8032,COc1cc2c(cc1/C=C/C(=C(C#N)C#N)c1ccccc1)c1ccccc1n2C,CO,575.0
8033,COc1cc2c(cc1/C=C/C(=C(C#N)C#N)c1ccccc1)c1ccccc1n2C,CS(C)=O,581.0
8034,COc1cc2c(cc1/C=C/C(=C(C#N)C#N)c1ccccc1)c1ccccc1n2C,Cc1ccccc1,566.0
8035,COc1cc2c(cc1/C=C/C(=C(C#N)C#N)c1ccccc1)c1ccccc1n2C,ClC(Cl)Cl,554.0
8036,COc1cc2c(cc1/C=C/C(=C(C#N)C#N)c1ccccc1)c1ccccc1n2C,ClCCl,560.0
5000,CCOc1cc2c(cc1/C=C/C(=C(C#N)C#N)c1ccccc1)c1ccccc1n2CC,C1CCOC1,541.0
1782,CC1(C)c2ccccc2N(c2ccc(-c3cnc(C#N)nc3)cc2)c2ccccc21,Cc1ccccc1,524.0
1783,CC1(C)c2ccccc2N(c2ccc(-c3cnc(C#N)nc3)cc2)c2ccccc21,N#Cc1ccc2c(c1)c1ccccc1n2-c1cccc(-n2c3ccccc3c3ccccc32)c1,526.0
9962,Cc1cc(C)c(B2c3cc(C(C)(C)C)ccc3-c3cccc4cc(C(C)(C)C)cc2c34)c(C)c1,C1CCCCC1,431.0
8379,COc1ccc(-n2c(-c3ccc(-c4cncc5ccccc45)cc3)nc(-c3ccccc3)c2-c2ccccc2)cc1,C1CCOC1,432.0
7945,COc1cc(OC)cc(C2=C3C(C)=C(I)C(C)=[N+]3[B-](F)(F)n3c(/C=C/c4ccsc4)c(I)c(C)c32)c1,C1CCOC1,610.0
7946,COc1cc(OC)cc(C2=C3C(C)=C(I)C(C)=[N+]3[B-](F)(F)n3c(/C=C/c4ccsc4)c(I)c(C)c32)c1,CS(C)=O,621.0
7947,COc1cc(OC)cc(C2=C3C(C)=C(I)C(C)=[N+]3[B-](F)(F)n3c(/C=C/c4ccsc4)c(I)c(C)c32)c1,ClCCl,610.0
1408,CC(C)[Si]1(C(C)C)c2cc(C#N)ccc2-c2ccc(N(c3ccccc3)c3ccccc3)cc21,ClCCl,470.0
1409,CC(C)[Si]1(C(C)C)c2cc(C#N)ccc2-c2ccc(N(c3ccccc3)c3ccccc3)cc21,c1ccccc1,432.0
1417,CC(C)[Si]1(C(C)C)c2cc(C=C(C#N)C#N)ccc2-c2ccc(N(c3ccccc3)c3ccccc3)cc21,C1CCCCC1,515.0
1418,CC(C)[Si]1(C(C)C)c2cc(C=C(C#N)C#N)ccc2-c2ccc(N(c3ccccc3)c3ccccc3)cc21,CCOCC,586.0
1419,CC(C)[Si]1(C(C)C)c2cc(C=C(C#N)C#N)ccc2-c2ccc(N(c3ccccc3)c3ccccc3)cc21,ClCCl,674.0
1420,CC(C)[Si]1(C(C)C)c2cc(C=C(C#N)C#N)ccc2-c2ccc(N(c3ccccc3)c3ccccc3)cc21,c1ccccc1,564.0
1428,CC(C)[Si]1(C(C)C)c2cc(C=O)ccc2-c2ccc(N(c3ccccc3)c3ccccc3)cc21,C1CCCCC1,425.0
1429,CC(C)[Si]1(C(C)C)c2cc(C=O)ccc2-c2ccc(N(c3ccccc3)c3ccccc3)cc21,CC#N,555.0
1430,CC(C)[Si]1(C(C)C)c2cc(C=O)ccc2-c2ccc(N(c3ccccc3)c3ccccc3)cc21,CCO,482.0
1431,CC(C)[Si]1(C(C)C)c2cc(C=O)ccc2-c2ccc(N(c3ccccc3)c3ccccc3)cc21,CCOCC,459.0
1432,CC(C)[Si]1(C(C)C)c2cc(C=O)ccc2-c2ccc(N(c3ccccc3)c3ccccc3)cc21,CS(C)=O,557.0
1433,CC(C)[Si]1(C(C)C)c2cc(C=O)ccc2-c2ccc(N(c3ccccc3)c3ccccc3)cc21,ClCCl,524.0
1434,CC(C)[Si]1(C(C)C)c2cc(C=O)ccc2-c2ccc(N(c3ccccc3)c3ccccc3)cc21,c1ccccc1,456.0
1403,CC(C)[Si]1(C(C)C)c2cc(C#N)ccc2-c2ccc(N(c3ccccc3)c3ccccc3)cc21,C1CCCCC1,413.0
1404,CC(C)[Si]1(C(C)C)c2cc(C#N)ccc2-c2ccc(N(c3ccccc3)c3ccccc3)cc21,CC#N,500.0
1405,CC(C)[Si]1(C(C)C)c2cc(C#N)ccc2-c2ccc(N(c3ccccc3)c3ccccc3)cc21,CCO,482.0
1406,CC(C)[Si]1(C(C)C)c2cc(C#N)ccc2-c2ccc(N(c3ccccc3)c3ccccc3)cc21,CCOCC,436.0
1407,CC(C)[Si]1(C(C)C)c2cc(C#N)ccc2-c2ccc(N(c3ccccc3)c3ccccc3)cc21,CS(C)=O,500.0
1487,CC(C)c1cccc(C(C)C)c1-n1c(=O)c2ccc3c4ccc5c(=O)n(-c6c(C(C)C)cccc6C(C)C)c(=O)c6cc7c(-c8ccccn8)nc8cc(c1=O)c2c3c8c7c4c56,ClC(Cl)Cl,485.0
2043,CC1=CC(C)=[N+]2C1=C(c1ccc(-c3ccc(OS(=O)(=O)c4ccc([N+](=O)[O-])cc4[N+](=O)[O-])cc3)s1)c1c(C)cc(C)n1[B-]2(F)F,CO,523.0
2044,CC1=CC(C)=[N+]2C1=C(c1ccc(-c3ccc(OS(=O)(=O)c4ccc([N+](=O)[O-])cc4[N+](=O)[O-])cc3)s1)c1c(C)cc(C)n1[B-]2(F)F,Cc1ccccc1,530.0
2045,CC1=CC(C)=[N+]2C1=C(c1ccc(-c3ccc(OS(=O)(=O)c4ccc([N+](=O)[O-])cc4[N+](=O)[O-])cc3)s1)c1c(C)cc(C)n1[B-]2(F)F,ClCCl,528.0
1765,CC1(C)c2ccccc2N(c2ccc(-c3cc(-c4ccccc4)nc(-c4ccccc4)n3)cc2)c2ccccc21,Cc1ccccc1,475.6038647
11554,Fc1c(F)c(F)c2c(c1F)C1=Nc3c4c(F)c(F)c(F)c(F)c4c4n3[B-]3(Cl)n5c(c6c(F)c(F)c(F)c(F)c6c5=N4)=NC2=[N+]13,C1CCOC1,591.0
11555,Fc1c(F)c(F)c2c(c1F)C1=Nc3c4c(F)c(F)c(F)c(F)c4c4n3[B-]3(Cl)n5c(c6c(F)c(F)c(F)c(F)c6c5=N4)=NC2=[N+]13,C1COCCO1,590.0
11556,Fc1c(F)c(F)c2c(c1F)C1=Nc3c4c(F)c(F)c(F)c(F)c4c4n3[B-]3(Cl)n5c(c6c(F)c(F)c(F)c(F)c6c5=N4)=NC2=[N+]13,CC#N,586.0
11557,Fc1c(F)c(F)c2c(c1F)C1=Nc3c4c(F)c(F)c(F)c(F)c4c4n3[B-]3(Cl)n5c(c6c(F)c(F)c(F)c(F)c6c5=N4)=NC2=[N+]13,CC(=O)N(C)C,582.0
11558,Fc1c(F)c(F)c2c(c1F)C1=Nc3c4c(F)c(F)c(F)c(F)c4c4n3[B-]3(Cl)n5c(c6c(F)c(F)c(F)c(F)c6c5=N4)=NC2=[N+]13,CC(=O)OC(C)=O,588.0
11559,Fc1c(F)c(F)c2c(c1F)C1=Nc3c4c(F)c(F)c(F)c(F)c4c4n3[B-]3(Cl)n5c(c6c(F)c(F)c(F)c(F)c6c5=N4)=NC2=[N+]13,CC(C)=O,589.0
11560,Fc1c(F)c(F)c2c(c1F)C1=Nc3c4c(F)c(F)c(F)c(F)c4c4n3[B-]3(Cl)n5c(c6c(F)c(F)c(F)c(F)c6c5=N4)=NC2=[N+]13,CCC#N,581.0
11561,Fc1c(F)c(F)c2c(c1F)C1=Nc3c4c(F)c(F)c(F)c(F)c4c4n3[B-]3(Cl)n5c(c6c(F)c(F)c(F)c(F)c6c5=N4)=NC2=[N+]13,CCO,585.0
11562,Fc1c(F)c(F)c2c(c1F)C1=Nc3c4c(F)c(F)c(F)c(F)c4c4n3[B-]3(Cl)n5c(c6c(F)c(F)c(F)c(F)c6c5=N4)=NC2=[N+]13,CCOC(C)=O,588.0
11563,Fc1c(F)c(F)c2c(c1F)C1=Nc3c4c(F)c(F)c(F)c(F)c4c4n3[B-]3(Cl)n5c(c6c(F)c(F)c(F)c(F)c6c5=N4)=NC2=[N+]13,CCOCC,585.0
11564,Fc1c(F)c(F)c2c(c1F)C1=Nc3c4c(F)c(F)c(F)c(F)c4c4n3[B-]3(Cl)n5c(c6c(F)c(F)c(F)c(F)c6c5=N4)=NC2=[N+]13,CN(C)C=O,582.0
11565,Fc1c(F)c(F)c2c(c1F)C1=Nc3c4c(F)c(F)c(F)c(F)c4c4n3[B-]3(Cl)n5c(c6c(F)c(F)c(F)c(F)c6c5=N4)=NC2=[N+]13,CO,586.0
11566,Fc1c(F)c(F)c2c(c1F)C1=Nc3c4c(F)c(F)c(F)c(F)c4c4n3[B-]3(Cl)n5c(c6c(F)c(F)c(F)c(F)c6c5=N4)=NC2=[N+]13,CS(C)=O,590.0
11567,Fc1c(F)c(F)c2c(c1F)C1=Nc3c4c(F)c(F)c(F)c(F)c4c4n3[B-]3(Cl)n5c(c6c(F)c(F)c(F)c(F)c6c5=N4)=NC2=[N+]13,C[N+](=O)[O-],588.0
11568,Fc1c(F)c(F)c2c(c1F)C1=Nc3c4c(F)c(F)c(F)c(F)c4c4n3[B-]3(Cl)n5c(c6c(F)c(F)c(F)c(F)c6c5=N4)=NC2=[N+]13,O=[N+]([O-])c1ccccc1,597.0
11569,Fc1c(F)c(F)c2c(c1F)C1=Nc3c4c(F)c(F)c(F)c(F)c4c4n3[B-]3(Cl)n5c(c6c(F)c(F)c(F)c(F)c6c5=N4)=NC2=[N+]13,c1ccccc1,595.0
11570,Fc1c(F)c(F)c2c(c1F)C1=Nc3c4c(F)c(F)c(F)c(F)c4c4n3[B-]3(Cl)n5c(c6c(F)c(F)c(F)c(F)c6c5=N4)=NC2=[N+]13,c1ccncc1,588.0
14753,c1ccc(-c2nc(-c3ccccc3)nc(-c3ccc(-n4c5ccccc5c5cc6c(cc54)c4ccccc4n6-c4ccccc4)cc3)n2)cc1,Cc1ccccc1,478.0
14754,c1ccc(-c2nc(-c3ccccc3)nc(-c3ccc(-n4c5ccccc5c5cc6c(cc54)c4ccccc4n6-c4ccccc4)cc3)n2)cc1,O=P(c1ccccc1)(c1ccccc1)c1ccc2oc3ccc(P(=O)(c4ccccc4)c4ccccc4)cc3c2c1,511.0
4883,CCOC(=O)c1c2c3c(ccc(Br)c3c3cc4c(cc13)[Si](C)(C)O[Si]4(C)C)N(C)C2=O,CC#N,412.0
4885,CCOC(=O)c1c2c3c(ccc(C)c3c3cc4c(cc13)[Si](C)(C)O[Si]4(C)C)N(C)C2=O,CC#N,413.0
4887,CCOC(=O)c1c2c3c(ccc(Cl)c3c3cc4c(cc13)[Si](C)(C)O[Si]4(C)C)N(C)C2=O,CC#N,413.0
4889,CCOC(=O)c1c2c3c(ccc(F)c3c3cc4c(cc13)[Si](C)(C)O[Si]4(C)C)N(C)C2=O,CC#N,411.0
4891,CCOC(=O)c1c2c3c(ccc(OC)c3c3cc4c(cc13)[Si](C)(C)O[Si]4(C)C)N(C)C2=O,CC#N,418.0
4893,CCOC(=O)c1c2c3c(ccc([N+](=O)[O-])c3c3cc4c(cc13)[Si](C)(C)O[Si]4(C)C)N(C)C2=O,CC#N,413.0
4895,CCOC(=O)c1c2c3c(cccc3c3cc4c(cc13)[Si](C)(C)O[Si]4(C)C)N(C)C2=O,CC#N,413.0
4492,CCN1CCCc2cc3c(cc21)Oc1cc2c(cc1=N3)C(CS(=O)(=O)[O-])CC(C)(C)[N+]=2CCCC(=O)[O-],O,690.0
8415,COc1ccc(-n2nc(C#N)c(NC3CCCCC3)n2)cc1,CC#N,402.0
8416,COc1ccc(-n2nc(C#N)c(NC3CCCCC3)n2)cc1,CCCCCC,391.0
8417,COc1ccc(-n2nc(C#N)c(NC3CCCCC3)n2)cc1,CCO,408.0
8418,COc1ccc(-n2nc(C#N)c(NC3CCCCC3)n2)cc1,CN(C)C=O,408.0
8419,COc1ccc(-n2nc(C#N)c(NC3CCCCC3)n2)cc1,ClC(Cl)Cl,402.0
8756,COc1ccc(C2=C(c3ccc(-c4ccccc4)cc3)C(c3ccccc3)=[N+]3C2=Nc2c(-c4ccc(OC)cc4)c(-c4ccc(-c5ccccc5)cc4)c(-c4ccccc4)n2[B-]3(F)F)cc1,Cc1ccccc1,716.0
12900,O=C(c1ccc(N2c3ccccc3Oc3ccccc32)cc1)c1ccc(N2c3ccccc3Oc3ccccc32)cc1,Cc1ccccc1,509.0
12901,O=C(c1ccc(N2c3ccccc3Oc3ccccc32)cc1)c1ccc(N2c3ccccc3Oc3ccccc32)cc1,c1cc(-n2c3ccccc3c3ccccc32)cc(-n2c3ccccc3c3ccccc32)c1,538.0
3287,CCCCCCCCc1ccc(-c2c3cc(-c4cc(CCCCCCCC)c(-c5ccc(-c6sc(/C=C7\SC(SCC)=NC7=O)cc6CCCCCCCC)s5)s4)sc3c(-c3ccc(CCCCCCCC)s3)c3cc(-c4cc(CCCCCCCC)c(-c5ccc(-c6sc(/C=C7\SC(SCC)=NC7=O)cc6CCCCCCCC)s5)s4)sc23)s1,ClC(Cl)Cl,653.0
1723,CC1(C)OB(c2ccc3ccc4cccc5ccc2c3c45)OC1(C)C,Cc1ccccc1,379.0
7213,COC(=O)C1=C(C(=O)OC)C2(c3ccccc3-c3c(Br)cc(Br)cc32)C2(/C=C/c3ccc(Cl)cc3)c3cc(OC)c(OC)cc3CCN12,ClCCl,520.0
7214,COC(=O)C1=C(C(=O)OC)C2(c3ccccc3-c3c(Br)cc(Br)cc32)C2(/C=C/c3ccccc3)c3cc(OC)c(OC)cc3CCN12,ClCCl,491.0
7216,COC(=O)C1=C(C(=O)OC)C2(c3ccccc3-c3ccc([N+](=O)[O-])cc32)C2(/C=C/c3ccccc3)c3cc(OC)c(OC)cc3CCN12,ClCCl,510.0
4670,CCOC(=O)C1=C(C(=O)OCC)C2(c3cc(Cl)ccc3-c3ccc(Cl)cc32)C2(/C=C/c3ccccc3)c3cc(OC)c(OC)cc3CCN12,ClCCl,456.0
4671,CCOC(=O)C1=C(C(=O)OCC)C2(c3ccccc3-c3c(Br)cc(Br)cc32)C2(/C=C/c3ccc(Cl)cc3)c3cc(OC)c(OC)cc3CCN12,ClCCl,495.0
7211,COC(=O)C1=C(C(=O)OC)C2(c3cc(Cl)ccc3-c3c(Cl)cc(Cl)cc32)C2(/C=C/c3ccccc3)c3cc(OC)c(OC)cc3CCN12,ClCCl,487.0
7212,COC(=O)C1=C(C(=O)OC)C2(c3cc([N+](=O)[O-])ccc3-c3ccc([N+](=O)[O-])cc32)C2(/C=C/c3ccccc3)c3cc(OC)c(OC)cc3CCN12,ClCCl,495.0
13236,O=C1c2cccc3c(-n4c5ccccc5c5ccccc54)ccc(c23)C(=O)N1C1CCCCC1,ClC(Cl)Cl,495.0
13237,O=C1c2cccc3c(-n4c5ccccc5c5ccccc54)ccc(c23)C(=O)N1C1CCCCC1,ClCCl,563.0
13234,O=C1c2cccc3c(-n4c5ccccc5c5ccccc54)ccc(c23)C(=O)N1C1CCCCC1,C1CCOC1,546.0
13235,O=C1c2cccc3c(-n4c5ccccc5c5ccccc54)ccc(c23)C(=O)N1C1CCCCC1,CCCCCC,441.0
11439,F[B-]1(F)n2c(cc(Cl)c2-c2ccccc2)C(c2ccccc2)=C2C=C(Cl)C(c3ccccc3)=[N+]21,CC#N,588.0
11440,F[B-]1(F)n2c(cc(Cl)c2-c2ccccc2)C(c2ccccc2)=C2C=C(Cl)C(c3ccccc3)=[N+]21,Cc1ccccc1,603.0
8856,COc1ccc(C2=[N+]3C(=C(c4ccc(C#N)cc4)c4cc(Cl)c(-c5ccc(OC)cc5)n4[B-]3(F)F)C=C2Cl)cc1,C1CCOC1,643.0
8857,COc1ccc(C2=[N+]3C(=C(c4ccc(C#N)cc4)c4cc(Cl)c(-c5ccc(OC)cc5)n4[B-]3(F)F)C=C2Cl)cc1,CC#N,636.0
8858,COc1ccc(C2=[N+]3C(=C(c4ccc(C#N)cc4)c4cc(Cl)c(-c5ccc(OC)cc5)n4[B-]3(F)F)C=C2Cl)cc1,Cc1ccccc1,650.0
9403,COc1ccccc1C1=[N+]2C(=C(c3ccc(I)cc3)c3ccc(-c4ccccc4OC)n3[B-]2(F)F)C=C1,ClC(Cl)Cl,597.5
11451,F[B-]1(F)n2c(ccc2-c2ccccc2)C(c2ccc(I)cc2)=C2C=CC(c3ccccc3)=[N+]21,ClC(Cl)Cl,588.0
8862,COc1ccc(C2=[N+]3C(=C(c4ccc(I)cc4)c4ccc(-c5ccc(OC)cc5)n4[B-]3(F)F)C=C2)cc1,ClC(Cl)Cl,626.0
11438,F[B-]1(F)n2c(cc(Cl)c2-c2ccccc2)C(c2ccccc2)=C2C=C(Cl)C(c3ccccc3)=[N+]21,C1CCOC1,597.0
10568,Cc1ccc(C2=C3C=CC(c4ccccc4)=[N+]3[B-](F)(F)n3c2ccc3-c2ccccc2)cc1,C1CCCCC1,585.0
10569,Cc1ccc(C2=C3C=CC(c4ccccc4)=[N+]3[B-](F)(F)n3c2ccc3-c2ccccc2)cc1,C1CCOC1,586.0
10570,Cc1ccc(C2=C3C=CC(c4ccccc4)=[N+]3[B-](F)(F)n3c2ccc3-c2ccccc2)cc1,C1COCCO1,587.0
10571,Cc1ccc(C2=C3C=CC(c4ccccc4)=[N+]3[B-](F)(F)n3c2ccc3-c2ccccc2)cc1,CCOC(C)=O,583.0
10572,Cc1ccc(C2=C3C=CC(c4ccccc4)=[N+]3[B-](F)(F)n3c2ccc3-c2ccccc2)cc1,CO,582.0
10573,Cc1ccc(C2=C3C=CC(c4ccccc4)=[N+]3[B-](F)(F)n3c2ccc3-c2ccccc2)cc1,Cc1ccccc1,589.0
10574,Cc1ccc(C2=C3C=CC(c4ccccc4)=[N+]3[B-](F)(F)n3c2ccc3-c2ccccc2)cc1,ClC(Cl)Cl,588.0
742,CC(=O)c1ccc(-c2cccc3ncc(-c4ccccc4)n23)cc1,ClCCl,506.0
8246,COc1ccc(-c2cccc3ncc(-c4ccc(C#N)cc4)n23)cc1,ClCCl,447.0
8247,COc1ccc(-c2cccc3ncc(-c4ccccc4)n23)cc1,ClCCl,468.0
12123,N#Cc1ccc(-c2cnc3cccc(-c4ccccc4)n23)cc1,ClCCl,457.0
11067,Clc1ccc(-c2cccc3ncc(-c4ccccc4)n23)cc1,ClCCl,478.0
11585,Fc1ccc(-c2cccc3ncc(-c4ccccc4)n23)cc1,ClCCl,469.0
14629,c1ccc(-c2cccc3ncc(-c4ccccc4)n23)cc1,ClCCl,473.0
8255,COc1ccc(-c2cnc3cccc(-c4ccc(C(C)=O)cc4)n23)cc1,ClCCl,537.0
8256,COc1ccc(-c2cnc3cccc(-c4ccccc4)n23)cc1,ClCCl,484.0
10310,Cc1ccc(-c2cccc3ncc(-c4ccccc4)n23)cc1,ClCCl,470.0
959,CC(C)(C)c1ccc(-c2cnc3cccc(-c4ccccc4)n23)cc1,ClCCl,479.0
2196,CC1=[N+]2C(=C(NC(C)c3ccccc3)c3ccc(C)n3[B-]2(F)F)C=C1c1cc2n(c1)[B-](F)(F)[N+]1=CC=CC1=C2c1c(C)cc(C)cc1C,C1CCCCC1,640.0
2197,CC1=[N+]2C(=C(NC(C)c3ccccc3)c3ccc(C)n3[B-]2(F)F)C=C1c1cc2n(c1)[B-](F)(F)[N+]1=CC=CC1=C2c1c(C)cc(C)cc1C,CCOC(C)=O,700.0
2198,CC1=[N+]2C(=C(NCc3ccccc3)c3ccc(C)n3[B-]2(F)F)C=C1c1cc2n(c1)[B-](F)(F)[N+]1=CC=CC1=C2c1c(C)cc(C)cc1C,C1CCCCC1,636.0
2199,CC1=[N+]2C(=C(NCc3ccccc3)c3ccc(C)n3[B-]2(F)F)C=C1c1cc2n(c1)[B-](F)(F)[N+]1=CC=CC1=C2c1c(C)cc(C)cc1C,CCOC(C)=O,700.0
3796,CCCCn1c(-c2ccc(-c3nnc(-c4cccs4)o3)cc2)nc(-c2ccccc2)c1-c1ccccc1,ClCCl,444.0
1384,CC(C)[Si](C#Cc1c2nsnc2c(C#C[Si](C(C)C)(C(C)C)C(C)C)c2nc3c4ccccc4c(=O)c4ccccc4c3nc12)(C(C)C)C(C)C,ClCCl,594.0
6350,CN(C)c1ccc(C2=Cc3c4ccccc4c4ccccc4[n+]3[B-](F)(F)O2)cc1,C1CCOC1,539.0
6351,CN(C)c1ccc(C2=Cc3c4ccccc4c4ccccc4[n+]3[B-](F)(F)O2)cc1,C1COCCO1,518.0
6352,CN(C)c1ccc(C2=Cc3c4ccccc4c4ccccc4[n+]3[B-](F)(F)O2)cc1,CC#N,569.0
6353,CN(C)c1ccc(C2=Cc3c4ccccc4c4ccccc4[n+]3[B-](F)(F)O2)cc1,CC1CCCCC1,485.0
6354,CN(C)c1ccc(C2=Cc3c4ccccc4c4ccccc4[n+]3[B-](F)(F)O2)cc1,CCOC(C)=O,536.0
6355,CN(C)c1ccc(C2=Cc3c4ccccc4c4ccccc4[n+]3[B-](F)(F)O2)cc1,CCOCC,513.0
6356,CN(C)c1ccc(C2=Cc3c4ccccc4c4ccccc4[n+]3[B-](F)(F)O2)cc1,CN(C)C=O,571.0
6357,CN(C)c1ccc(C2=Cc3c4ccccc4c4ccccc4[n+]3[B-](F)(F)O2)cc1,CO,559.0
6358,CN(C)c1ccc(C2=Cc3c4ccccc4c4ccccc4[n+]3[B-](F)(F)O2)cc1,COC(C)=O,559.0
6359,CN(C)c1ccc(C2=Cc3c4ccccc4c4ccccc4[n+]3[B-](F)(F)O2)cc1,ClC(Cl)Cl,521.0
10844,Cc1cccc(C2=Cc3c4ccccc4c4ccccc4[n+]3[B-](F)(F)O2)c1,ClC(Cl)Cl,447.0
11321,F[B-]1(F)OC(c2ccccc2)=Cc2c3ccccc3c3ccccc3[n+]21,ClC(Cl)Cl,447.0
10592,Cc1ccc(C2=Cc3c4ccccc4c4ccccc4[n+]3[B-](F)(F)O2)cc1,ClC(Cl)Cl,450.0
11301,F[B-]1(F)OC(c2ccc(Br)cc2)=Cc2c3ccccc3c3ccccc3[n+]21,ClC(Cl)Cl,449.0
5146,CC[n+]1nc2cc3c(cc2c2cc(C)ccc21)N(C)CCC3,O,544.0
14296,Oc1ccccc1/C=N/C1CCCCC1/N=C/c1ccccc1O,CC#N,435.0
4069,CCN(CC)c1ccc(/C=N/C2CCCCC2/N=C/c2ccc(N(CC)CC)cc2O)c(O)c1,CC#N,426.0
4070,CCN(CC)c1ccc(/C=N/C2CCCCC2/N=C/c2ccc(N(CC)CC)cc2O)c(O)c1,CN(C)C=O,432.0
4071,CCN(CC)c1ccc(/C=N/C2CCCCC2/N=C/c2ccc(N(CC)CC)cc2O)c(O)c1,ClCCl,461.0
12033,N#Cc1cc(-n2c3ccccc3c3cccnc32)c(-n2c3ccccc3c3cccnc32)cc1C#N,CC#N,504.4186047
12034,N#Cc1cc(-n2c3ccccc3c3cccnc32)c(-n2c3ccccc3c3cccnc32)cc1C#N,CCCCCC,386.9767442
12035,N#Cc1cc(-n2c3ccccc3c3cccnc32)c(-n2c3ccccc3c3cccnc32)cc1C#N,Cc1ccccc1,417.4418605
12036,N#Cc1cc(-n2c3ccccc3c3cccnc32)c(-n2c3ccccc3c3cccnc32)cc1C#N,ClCCl,468.372093
12037,N#Cc1cc(-n2c3ccccc3c3cccnc32)c(-n2c3ccccc3c3cccnc32)cc1C#N,c1cc(-n2c3ccccc3c3ccccc32)cc(-n2c3ccccc3c3ccccc32)c1,441.0596026
13559,O=P(c1ccccc1)(c1ccccc1)c1ccc(-n2c(-c3ccccc3P(=O)(c3ccccc3)c3ccccc3)nc3ccccc32)cc1,ClCCl,384.0
939,CC(C)(C)c1ccc(-c2cc(-c3ccc(-c4cc(-c5ccc(C(C)(C)C)cc5)c(C(=O)NC5CCCCC5)s4)s3)sc2C(=O)NC2CCCCC2)cc1,ClCCl,448.0
3010,CCCCCCC1(CCCCCC)c2cc(-c3ccc(-c4ccc(-c5ccc(-c6ccc7c(c6)C(CCCCCC)(CCCCCC)c6cc(-n8c9ccccc9c9ccccc98)ccc6-7)s5)c5nsnc45)s3)ccc2-c2ccc(-n3c4ccccc4c4ccccc43)cc21,ClCCl,611.0
10609,Cc1ccc(C2C(C#N)=C(N)n3c(=O)c4ccccc4c(=O)n32)cc1,CS(C)=O,450.0
4685,CCOC(=O)C1=C(N)n2c(=O)c3ccccc3c(=O)n2C1c1ccc(C)cc1,CS(C)=O,517.0
4686,CCOC(=O)C1=C(N)n2c(=O)c3ccccc3c(=O)n2C1c1ccc([N+](=O)[O-])cc1,CS(C)=O,510.0
4687,CCOC(=O)C1=C(N)n2c(=O)c3ccccc3c(=O)n2C1c1ccccc1,CS(C)=O,519.0
11823,N#CC1=C(N)n2c(=O)c3ccccc3c(=O)n2C1c1ccc([N+](=O)[O-])cc1,CS(C)=O,575.0
11824,N#CC1=C(N)n2c(=O)c3ccccc3c(=O)n2C1c1ccccc1,CS(C)=O,438.0
15240,c1ccc2c(c1)cc(-c1cc(-c3nccs3)nc(-c3nccs3)c1)c1ccccc12,CO,431.0
15241,c1ccc2c(c1)cc(-c1cc(-c3nccs3)nc(-c3nccs3)c1)c1ccccc12,ClC(Cl)Cl,383.0
15238,c1ccc2c(c1)cc(-c1cc(-c3nccs3)nc(-c3nccs3)c1)c1ccccc12,CC#N,403.0
15239,c1ccc2c(c1)cc(-c1cc(-c3nccs3)nc(-c3nccs3)c1)c1ccccc12,CCCCCC,361.0
12132,N#Cc1ccc(-n2c(-c3ccc(-c4ccc(-c5nc6c7ccccc7c7ccccc7c6n5-c5ccc(C#N)c6ccccc56)cc4)cc3)nc3c4ccccc4c4ccccc4c32)c2ccccc12,ClCCl,430.0
1184,CC(C)(C)c1ccc2c(c1)c1cc(C(C)(C)C)ccc1n2-c1ccc(S(=O)(=O)c2ccc(-n3c4ccc(C(C)(C)C)cc4c4cc(C(C)(C)C)ccc43)cn2)nc1,Cc1ccccc1,444.3740095
1185,CC(C)(C)c1ccc2c(c1)c1cc(C(C)(C)C)ccc1n2-c1ccc(S(=O)(=O)c2ccc(-n3c4ccc(C(C)(C)C)cc4c4cc(C(C)(C)C)ccc43)cn2)nc1,O=P(c1ccccc1)(c1ccccc1)c1ccc2sc3cccc(P(=O)(c4ccccc4)c4ccccc4)c3c2c1,444.0
11735,N#CC(C#N)=C(/C=C/c1ccc(N(c2ccccc2)c2ccccc2)cc1)c1ccc2c3c(cccc13)CC2,C1CCOC1,617.0
11736,N#CC(C#N)=C(/C=C/c1ccc(N(c2ccccc2)c2ccccc2)cc1)c1ccc2c3c(cccc13)CC2,CC#N,654.0
11737,N#CC(C#N)=C(/C=C/c1ccc(N(c2ccccc2)c2ccccc2)cc1)c1ccc2c3c(cccc13)CC2,CC(C)=O,644.0
11738,N#CC(C#N)=C(/C=C/c1ccc(N(c2ccccc2)c2ccccc2)cc1)c1ccc2c3c(cccc13)CC2,CCOC(C)=O,611.0
11739,N#CC(C#N)=C(/C=C/c1ccc(N(c2ccccc2)c2ccccc2)cc1)c1ccc2c3c(cccc13)CC2,CN(C)C=O,652.0
11740,N#CC(C#N)=C(/C=C/c1ccc(N(c2ccccc2)c2ccccc2)cc1)c1ccc2c3c(cccc13)CC2,CO,552.0
11741,N#CC(C#N)=C(/C=C/c1ccc(N(c2ccccc2)c2ccccc2)cc1)c1ccc2c3c(cccc13)CC2,Cc1ccccc1,577.0
11742,N#CC(C#N)=C(/C=C/c1ccc(N(c2ccccc2)c2ccccc2)cc1)c1ccc2c3c(cccc13)CC2,ClC(Cl)Cl,615.0
8275,COc1ccc(-c2csc(/C(C#N)=C/c3ccncc3)n2)cc1,CC#N,561.0
8276,COc1ccc(-c2csc(/C(C#N)=C/c3ccncc3)n2)cc1,CCO,559.0
8277,COc1ccc(-c2csc(/C(C#N)=C/c3ccncc3)n2)cc1,CN(C)C=O,559.0
8278,COc1ccc(-c2csc(/C(C#N)=C/c3ccncc3)n2)cc1,CS(C)=O,561.0
8279,COc1ccc(-c2csc(/C(C#N)=C/c3ccncc3)n2)cc1,Cc1ccccc1,501.0
8280,COc1ccc(-c2csc(/C(C#N)=C/c3ccncc3)n2)cc1,ClCCl,542.0
11685,N#C/C(=C\c1ccncc1)c1nc(-c2ccc(Cl)cc2)cs1,CC#N,495.0
11686,N#C/C(=C\c1ccncc1)c1nc(-c2ccccc2)cs1,CC#N,495.0
11687,N#C/C(=C\c1ccncc1)c1nc(-c2ccccc2)cs1,CCO,501.0
11688,N#C/C(=C\c1ccncc1)c1nc(-c2ccccc2)cs1,CN(C)C=O,499.0
11689,N#C/C(=C\c1ccncc1)c1nc(-c2ccccc2)cs1,CS(C)=O,510.0
11690,N#C/C(=C\c1ccncc1)c1nc(-c2ccccc2)cs1,Cc1ccccc1,463.0
11691,N#C/C(=C\c1ccncc1)c1nc(-c2ccccc2)cs1,ClCCl,554.0
11668,N#C/C(=C\c1ccc(C#N)cc1)c1nc(-c2ccccc2)c(-c2ccccc2)s1,CC#N,527.0
8309,COc1ccc(-c2nc(/C(C#N)=C/c3ccc(C#N)cc3)sc2-c2ccc(OC)cc2)cc1,CC#N,572.0
8310,COc1ccc(-c2nc(/C(C#N)=C/c3ccc(Cl)cc3)sc2-c2ccc(OC)cc2)cc1,CC#N,553.0
11677,N#C/C(=C\c1ccc(Cl)cc1)c1nc(-c2ccccc2)c(-c2ccccc2)s1,CC#N,501.0
10333,Cc1ccc(-c2sc(/C(C#N)=C/c3ccc(C#N)cc3)nc2-c2ccc(Cl)cc2)cc1,CC#N,535.0
11666,N#C/C(=C\c1ccc(C#N)cc1)c1nc(-c2ccc(Cl)cc2)c(-c2ccccc2)s1,CC#N,522.0
13684,O=S(=O)(c1ccc(-c2ccc(-c3nc4c5ccccc5c5ccccc5c4n3-c3ccccc3)cc2)cc1)c1ccc(-c2ccc(-c3nc4c5ccccc5c5ccccc5c4n3-c3ccccc3)cc2)cc1,CCCCCC,404.0
13685,O=S(=O)(c1ccc(-c2ccc(-c3nc4c5ccccc5c5ccccc5c4n3-c3ccccc3)cc2)cc1)c1ccc(-c2ccc(-c3nc4c5ccccc5c5ccccc5c4n3-c3ccccc3)cc2)cc1,CCCCOCCCC,420.0
13686,O=S(=O)(c1ccc(-c2ccc(-c3nc4c5ccccc5c5ccccc5c4n3-c3ccccc3)cc2)cc1)c1ccc(-c2ccc(-c3nc4c5ccccc5c5ccccc5c4n3-c3ccccc3)cc2)cc1,CCN(CC)CC,413.0
13687,O=S(=O)(c1ccc(-c2ccc(-c3nc4c5ccccc5c5ccccc5c4n3-c3ccccc3)cc2)cc1)c1ccc(-c2ccc(-c3nc4c5ccccc5c5ccccc5c4n3-c3ccccc3)cc2)cc1,CCOC(C)=O,448.0
13688,O=S(=O)(c1ccc(-c2ccc(-c3nc4c5ccccc5c5ccccc5c4n3-c3ccccc3)cc2)cc1)c1ccc(-c2ccc(-c3nc4c5ccccc5c5ccccc5c4n3-c3ccccc3)cc2)cc1,CCOCC,438.0
13689,O=S(=O)(c1ccc(-c2ccc(-c3nc4c5ccccc5c5ccccc5c4n3-c3ccccc3)cc2)cc1)c1ccc(-c2ccc(-c3nc4c5ccccc5c5ccccc5c4n3-c3ccccc3)cc2)cc1,CN(C)C=O,478.0
13690,O=S(=O)(c1ccc(-c2ccc(-c3nc4c5ccccc5c5ccccc5c4n3-c3ccccc3)cc2)cc1)c1ccc(-c2ccc(-c3nc4c5ccccc5c5ccccc5c4n3-c3ccccc3)cc2)cc1,ClC(Cl)Cl,450.0
13691,O=S(=O)(c1ccc(-c2ccc(-c3nc4c5ccccc5c5ccccc5c4n3-c3ccccc3)cc2)cc1)c1ccc(-c2ccc(-c3nc4c5ccccc5c5ccccc5c4n3-c3ccccc3)cc2)cc1,ClCCl,461.0
13692,O=S(=O)(c1ccc(-c2ccc(-c3nc4c5ccccc5c5ccccc5c4n3-c3ccccc3)cc2)cc1)c1ccc(-c2ccc(-c3nc4c5ccccc5c5ccccc5c4n3-c3ccccc3)cc2)cc1,c1ccc2c(c1)c1ccccc1n2-c1ccc(-c2ccc(-n3c4ccccc4c4ccccc43)cc2)cc1,443.0
13680,O=S(=O)(c1ccc(-c2ccc(-c3nc4c5ccccc5c5ccccc5c4n3-c3ccccc3)cc2)cc1)c1ccc(-c2ccc(-c3nc4c5ccccc5c5ccccc5c4n3-c3ccccc3)cc2)cc1,C1CCOC1,451.0
13681,O=S(=O)(c1ccc(-c2ccc(-c3nc4c5ccccc5c5ccccc5c4n3-c3ccccc3)cc2)cc1)c1ccc(-c2ccc(-c3nc4c5ccccc5c5ccccc5c4n3-c3ccccc3)cc2)cc1,CC#N,479.0
13682,O=S(=O)(c1ccc(-c2ccc(-c3nc4c5ccccc5c5ccccc5c4n3-c3ccccc3)cc2)cc1)c1ccc(-c2ccc(-c3nc4c5ccccc5c5ccccc5c4n3-c3ccccc3)cc2)cc1,CC(C)=O,468.0
13683,O=S(=O)(c1ccc(-c2ccc(-c3nc4c5ccccc5c5ccccc5c4n3-c3ccccc3)cc2)cc1)c1ccc(-c2ccc(-c3nc4c5ccccc5c5ccccc5c4n3-c3ccccc3)cc2)cc1,CC(C)OC(C)C,437.0
1,BrC1=CC=CN2B1C=Cc1ccccc12,C1CCCCC1,371.0
483,C1=CB2C=Cc3ccccc3N2C=C1,C1CCCCC1,356.0
484,C1=CB2C=Cc3ccccc3N2C=C1,ClCCl,352.0
13766,O=S1(=O)c2ccccc2-c2c1c1ccccc1p2-c1ccccc1,C1CCCCC1,436.0
13767,O=S1(=O)c2ccccc2-c2c1c1ccccc1p2-c1ccccc1,CC#N,453.0
13768,O=S1(=O)c2ccccc2-c2c1c1ccccc1p2-c1ccccc1,CCO,464.0
13769,O=S1(=O)c2ccccc2-c2c1c1ccccc1p2-c1ccccc1,ClCCl,453.0
12598,Nc1ccc2cc(-c3ccc(C(F)(F)F)cc3)oc(=O)c2c1,CC(C)=O,439.0
12599,Nc1ccc2cc(-c3ccc(C(F)(F)F)cc3)oc(=O)c2c1,CCCCCC,418.0
12600,Nc1ccc2cc(-c3ccc(C(F)(F)F)cc3)oc(=O)c2c1,CCCCO,460.0
12601,Nc1ccc2cc(-c3ccc(C(F)(F)F)cc3)oc(=O)c2c1,CCCO,459.0
12602,Nc1ccc2cc(-c3ccc(C(F)(F)F)cc3)oc(=O)c2c1,CCO,460.0
12603,Nc1ccc2cc(-c3ccc(C(F)(F)F)cc3)oc(=O)c2c1,CCOC(C)=O,436.0
12604,Nc1ccc2cc(-c3ccc(C(F)(F)F)cc3)oc(=O)c2c1,CN(C)C=O,448.0
12605,Nc1ccc2cc(-c3ccc(C(F)(F)F)cc3)oc(=O)c2c1,CO,461.0
12606,Nc1ccc2cc(-c3ccc(C(F)(F)F)cc3)oc(=O)c2c1,ClC(Cl)Cl,438.0
9465,CS(=O)(=O)c1ccc(-c2cc3ccc(N)cc3c(=O)o2)cc1,CCCCO,471.0
9165,COc1ccc2cc(-c3ccc(C(F)(F)F)cc3)oc(=O)c2c1,CCCCCC,397.0
9166,COc1ccc2cc(-c3ccc(C(F)(F)F)cc3)oc(=O)c2c1,CCCCCCCCO,410.0
9167,COc1ccc2cc(-c3ccc(C(F)(F)F)cc3)oc(=O)c2c1,CCCCO,411.0
9168,COc1ccc2cc(-c3ccc(C(F)(F)F)cc3)oc(=O)c2c1,CCCO,410.0
9169,COc1ccc2cc(-c3ccc(C(F)(F)F)cc3)oc(=O)c2c1,CCO,412.0
9170,COc1ccc2cc(-c3ccc(C(F)(F)F)cc3)oc(=O)c2c1,CCOC(C)=O,404.0
9171,COc1ccc2cc(-c3ccc(C(F)(F)F)cc3)oc(=O)c2c1,CN(C)C=O,411.0
9172,COc1ccc2cc(-c3ccc(C(F)(F)F)cc3)oc(=O)c2c1,CO,413.0
9173,COc1ccc2cc(-c3ccc(C(F)(F)F)cc3)oc(=O)c2c1,ClC(Cl)Cl,409.0
9466,CS(=O)(=O)c1ccc(-c2cc3ccc(N)cc3c(=O)o2)cc1,CCCO,471.0
9467,CS(=O)(=O)c1ccc(-c2cc3ccc(N)cc3c(=O)o2)cc1,CCOC(C)=O,446.0
9468,CS(=O)(=O)c1ccc(-c2cc3ccc(N)cc3c(=O)o2)cc1,CN(C)C=O,479.0
9178,COc1ccc2cc(-c3ccc(S(C)(=O)=O)cc3)oc(=O)c2c1,CCO,410.0
9179,COc1ccc2cc(-c3ccc(S(C)(=O)=O)cc3)oc(=O)c2c1,CCOC(C)=O,404.0
9180,COc1ccc2cc(-c3ccc(S(C)(=O)=O)cc3)oc(=O)c2c1,CN(C)C=O,410.0
9181,COc1ccc2cc(-c3ccc(S(C)(=O)=O)cc3)oc(=O)c2c1,CO,410.0
9182,COc1ccc2cc(-c3ccc(S(C)(=O)=O)cc3)oc(=O)c2c1,ClC(Cl)Cl,408.0
9469,CS(=O)(=O)c1ccc(-c2cc3ccc(N)cc3c(=O)o2)cc1,CO,473.0
9470,CS(=O)(=O)c1ccc(-c2cc3ccc(N)cc3c(=O)o2)cc1,ClC(Cl)Cl,439.0
5611,CN(C)c1ccc(-c2cc3ccc([N+](=O)[O-])cc3c(=O)o2)cc1,CC(C)=O,682.0
5612,CN(C)c1ccc(-c2cc3ccc([N+](=O)[O-])cc3c(=O)o2)cc1,CCCCO,559.0
5613,CN(C)c1ccc(-c2cc3ccc([N+](=O)[O-])cc3c(=O)o2)cc1,CCOC(C)=O,621.0
5614,CN(C)c1ccc(-c2cc3ccc([N+](=O)[O-])cc3c(=O)o2)cc1,CN(C)C=O,605.0
5615,CN(C)c1ccc(-c2cc3ccc([N+](=O)[O-])cc3c(=O)o2)cc1,CO,605.0
5616,CN(C)c1ccc(-c2cc3ccc([N+](=O)[O-])cc3c(=O)o2)cc1,ClC(Cl)Cl,652.0
9463,CS(=O)(=O)c1ccc(-c2cc3ccc(N)cc3c(=O)o2)cc1,CC(C)=O,461.0
9464,CS(=O)(=O)c1ccc(-c2cc3ccc(N)cc3c(=O)o2)cc1,CCCCCCCCO,461.0
4211,CCN(CC)c1ccc2cc(-c3ccc(C(F)(F)F)cc3)oc(=O)c2c1,CC(C)=O,454.0
4212,CCN(CC)c1ccc2cc(-c3ccc(C(F)(F)F)cc3)oc(=O)c2c1,CCCCCC,418.0
4213,CCN(CC)c1ccc2cc(-c3ccc(C(F)(F)F)cc3)oc(=O)c2c1,CCCCO,468.0
4214,CCN(CC)c1ccc2cc(-c3ccc(C(F)(F)F)cc3)oc(=O)c2c1,CCCO,470.0
4215,CCN(CC)c1ccc2cc(-c3ccc(C(F)(F)F)cc3)oc(=O)c2c1,CCO,471.0
4216,CCN(CC)c1ccc2cc(-c3ccc(C(F)(F)F)cc3)oc(=O)c2c1,CCOC(C)=O,443.0
4217,CCN(CC)c1ccc2cc(-c3ccc(C(F)(F)F)cc3)oc(=O)c2c1,CN(C)C=O,462.0
4218,CCN(CC)c1ccc2cc(-c3ccc(C(F)(F)F)cc3)oc(=O)c2c1,CO,475.0
4219,CCN(CC)c1ccc2cc(-c3ccc(C(F)(F)F)cc3)oc(=O)c2c1,ClC(Cl)Cl,450.0
4220,CCN(CC)c1ccc2cc(-c3ccc(S(C)(=O)=O)cc3)oc(=O)c2c1,CC(C)=O,487.0
4221,CCN(CC)c1ccc2cc(-c3ccc(S(C)(=O)=O)cc3)oc(=O)c2c1,CCCCCC,419.0
4222,CCN(CC)c1ccc2cc(-c3ccc(S(C)(=O)=O)cc3)oc(=O)c2c1,CCCCO,476.0
4223,CCN(CC)c1ccc2cc(-c3ccc(S(C)(=O)=O)cc3)oc(=O)c2c1,CCCO,480.0
4224,CCN(CC)c1ccc2cc(-c3ccc(S(C)(=O)=O)cc3)oc(=O)c2c1,CCO,485.0
4225,CCN(CC)c1ccc2cc(-c3ccc(S(C)(=O)=O)cc3)oc(=O)c2c1,CCOC(C)=O,465.0
4226,CCN(CC)c1ccc2cc(-c3ccc(S(C)(=O)=O)cc3)oc(=O)c2c1,CN(C)C=O,499.0
4227,CCN(CC)c1ccc2cc(-c3ccc(S(C)(=O)=O)cc3)oc(=O)c2c1,CO,489.0
4228,CCN(CC)c1ccc2cc(-c3ccc(S(C)(=O)=O)cc3)oc(=O)c2c1,ClC(Cl)Cl,456.0
1451,CC(C)c1cc(C(C)C)c(B2c3cc(-n4c5ccc(C(C)(C)C)cc5c5cc(C(C)(C)C)ccc54)ccc3N(c3ccccc3)c3ccc(-n4c5ccc(C(C)(C)C)cc5c5cc(C(C)(C)C)ccc54)cc32)c(C(C)C)c1,C1CCOC1,453.0612245
1452,CC(C)c1cc(C(C)C)c(B2c3cc(-n4c5ccc(C(C)(C)C)cc5c5cc(C(C)(C)C)ccc54)ccc3N(c3ccccc3)c3ccc(-n4c5ccc(C(C)(C)C)cc5c5cc(C(C)(C)C)ccc54)cc32)c(C(C)C)c1,CCOC(C)=O,453.0612245
1453,CC(C)c1cc(C(C)C)c(B2c3cc(-n4c5ccc(C(C)(C)C)cc5c5cc(C(C)(C)C)ccc54)ccc3N(c3ccccc3)c3ccc(-n4c5ccc(C(C)(C)C)cc5c5cc(C(C)(C)C)ccc54)cc32)c(C(C)C)c1,Cc1ccccc1,453.0612245
1454,CC(C)c1cc(C(C)C)c(B2c3cc(-n4c5ccc(C(C)(C)C)cc5c5cc(C(C)(C)C)ccc54)ccc3N(c3ccccc3)c3ccc(-n4c5ccc(C(C)(C)C)cc5c5cc(C(C)(C)C)ccc54)cc32)c(C(C)C)c1,ClCCl,456.462585
1455,CC(C)c1cc(C(C)C)c(B2c3cc(-n4c5ccc(C(C)(C)C)cc5c5cc(C(C)(C)C)ccc54)ccc3N(c3ccccc3)c3ccc(-n4c5ccc(C(C)(C)C)cc5c5cc(C(C)(C)C)ccc54)cc32)c(C(C)C)c1,c1cc(-c2cccc(-n3c4ccccc4c4ccccc43)c2)cc(-n2c3ccccc3c3ccccc32)c1,458.0
1456,CC(C)c1cc(C(C)C)c(B2c3cc(-n4c5ccccc5c5ccccc54)ccc3N(c3ccccc3)c3ccc(-n4c5ccccc5c5ccccc54)cc32)c(C(C)C)c1,C1CCOC1,442.5170068
1457,CC(C)c1cc(C(C)C)c(B2c3cc(-n4c5ccccc5c5ccccc54)ccc3N(c3ccccc3)c3ccc(-n4c5ccccc5c5ccccc54)cc32)c(C(C)C)c1,CCOC(C)=O,442.5170068
1458,CC(C)c1cc(C(C)C)c(B2c3cc(-n4c5ccccc5c5ccccc54)ccc3N(c3ccccc3)c3ccc(-n4c5ccccc5c5ccccc54)cc32)c(C(C)C)c1,Cc1ccccc1,442.5170068
1459,CC(C)c1cc(C(C)C)c(B2c3cc(-n4c5ccccc5c5ccccc54)ccc3N(c3ccccc3)c3ccc(-n4c5ccccc5c5ccccc54)cc32)c(C(C)C)c1,ClCCl,442.5170068
1460,CC(C)c1cc(C(C)C)c(B2c3cc(-n4c5ccccc5c5ccccc54)ccc3N(c3ccccc3)c3ccc(-n4c5ccccc5c5ccccc54)cc32)c(C(C)C)c1,c1cc(-c2cccc(-n3c4ccccc4c4ccccc43)c2)cc(-n2c3ccccc3c3ccccc32)c1,452.0
10026,Cc1cc(C)c2c(c1)c1cc(C)cc(C)c1n2-c1ccc2c(c1)B(c1c(C(C)C)cc(C(C)C)cc1C(C)C)c1cc(-n3c4c(C)cc(C)cc4c4cc(C)cc(C)c43)ccc1N2c1ccccc1,C1CCOC1,447.9591837
10027,Cc1cc(C)c2c(c1)c1cc(C)cc(C)c1n2-c1ccc2c(c1)B(c1c(C(C)C)cc(C(C)C)cc1C(C)C)c1cc(-n3c4c(C)cc(C)cc4c4cc(C)cc(C)c43)ccc1N2c1ccccc1,CCOC(C)=O,447.9591837
10028,Cc1cc(C)c2c(c1)c1cc(C)cc(C)c1n2-c1ccc2c(c1)B(c1c(C(C)C)cc(C(C)C)cc1C(C)C)c1cc(-n3c4c(C)cc(C)cc4c4cc(C)cc(C)c43)ccc1N2c1ccccc1,Cc1ccccc1,441.4965986
10029,Cc1cc(C)c2c(c1)c1cc(C)cc(C)c1n2-c1ccc2c(c1)B(c1c(C(C)C)cc(C(C)C)cc1C(C)C)c1cc(-n3c4c(C)cc(C)cc4c4cc(C)cc(C)c43)ccc1N2c1ccccc1,ClCCl,453.4013605
10030,Cc1cc(C)c2c(c1)c1cc(C)cc(C)c1n2-c1ccc2c(c1)B(c1c(C(C)C)cc(C(C)C)cc1C(C)C)c1cc(-n3c4c(C)cc(C)cc4c4cc(C)cc(C)c43)ccc1N2c1ccccc1,c1cc(-c2cccc(-n3c4ccccc4c4ccccc43)c2)cc(-n2c3ccccc3c3ccccc32)c1,451.0
14906,c1ccc(-n2c3ccccc3c3cc(-n4ccc5cc(-c6ccc7c(c6)C(c6ccccc6)(c6ccccc6)c6ccccc6-7)ccc54)ccc32)cc1,ClCCl,378.0
4529,CCN1c2ccc(/C=N/Nc3ccccn3)cc2Sc2cc(/C=N/Nc3ccccn3)ccc21,ClCCl,498.0
4526,CCN1c2ccc(/C=N/Nc3ccccn3)cc2Sc2cc(/C=N/Nc3ccccn3)ccc21,C1CCOC1,495.0
4527,CCN1c2ccc(/C=N/Nc3ccccn3)cc2Sc2cc(/C=N/Nc3ccccn3)ccc21,CS(C)=O,507.0
4528,CCN1c2ccc(/C=N/Nc3ccccn3)cc2Sc2cc(/C=N/Nc3ccccn3)ccc21,Cc1ccccc1,491.0
8481,COc1ccc(/C=C/C2=[O+][B-](F)(F)OC(/C=C/c3ccc(OC)c4ccccc34)=C2c2ccccc2)c2ccccc12,CC#N,649.0
8482,COc1ccc(/C=C/C2=[O+][B-](F)(F)OC(/C=C/c3ccc(OC)c4ccccc34)=C2c2ccccc2)c2ccccc12,CC(C)=O,631.0
8483,COc1ccc(/C=C/C2=[O+][B-](F)(F)OC(/C=C/c3ccc(OC)c4ccccc34)=C2c2ccccc2)c2ccccc12,CCOC(C)=O,603.0
8484,COc1ccc(/C=C/C2=[O+][B-](F)(F)OC(/C=C/c3ccc(OC)c4ccccc34)=C2c2ccccc2)c2ccccc12,CCOCC,583.0
8485,COc1ccc(/C=C/C2=[O+][B-](F)(F)OC(/C=C/c3ccc(OC)c4ccccc34)=C2c2ccccc2)c2ccccc12,ClC(Cl)(Cl)Cl,577.0
8486,COc1ccc(/C=C/C2=[O+][B-](F)(F)OC(/C=C/c3ccc(OC)c4ccccc34)=C2c2ccccc2)c2ccccc12,ClCCl,633.0
9103,COc1ccc2c(c1)cc(C)c1c3ccccc3[nH]c21,ClCCl,363.0
11796,N#CC(C#N)=Cc1ccc2c(c1)[nH]c1c3ccccc3ccc21,C1CCOC1,550.0
10193,Cc1cc2ccccc2c2[nH]c3ccccc3c12,ClCCl,360.0
9362,COc1cccc2cc(C)c3c4ccccc4[nH]c3c12,ClCCl,365.0
9363,COc1cccc2cc(C)c3c4ccccc4n(C)c3c12,ClCCl,380.0
11797,N#CC(C#N)=Cc1ccc2c(c1)[nH]c1c3ccccc3ccc21,CN(C)C=O,594.0
11798,N#CC(C#N)=Cc1ccc2c(c1)[nH]c1c3ccccc3ccc21,Cc1ccccc1,517.0
11799,N#CC(C#N)=Cc1ccc2c(c1)[nH]c1c3ccccc3ccc21,ClCCl,533.0
10199,Cc1cc2ccccc2c2c1c1ccccc1n2C,ClCCl,371.0
10200,Cc1cc2ccccc2c2c1c1ccccc1n2C(=O)OC(C)(C)C,ClCCl,355.0
10873,Cc1cccc2cc(C)c3c4ccccc4[nH]c3c12,ClCCl,364.0
9701,Cc1c(C)c2c3ccccc3[nH]c2c2ccccc12,ClCCl,370.0
3522,CCCCCc1c(C)c2c3ccccc3[nH]c2c2ccccc12,ClCCl,369.0
13911,O=c1c2cccc3cccc(c32)c2nc3cccc4cccc(c43)n12,ClCCl,682.0
1073,CC(C)(C)c1ccc(C(C)(C)C)c(N2C(=O)c3cccc4c(-c5ccc(-c6ccc([N+](=O)[O-])cc6)s5)ccc(c34)C2=O)c1,CO,531.0
1074,CC(C)(C)c1ccc(C(C)(C)C)c(N2C(=O)c3cccc4c(-c5ccc(-c6ccc([N+](=O)[O-])cc6)s5)ccc(c34)C2=O)c1,CS(C)=O,538.0
1075,CC(C)(C)c1ccc(C(C)(C)C)c(N2C(=O)c3cccc4c(-c5ccc(-c6ccc([N+](=O)[O-])cc6)s5)ccc(c34)C2=O)c1,Cc1ccccc1,479.0
1076,CC(C)(C)c1ccc(C(C)(C)C)c(N2C(=O)c3cccc4c(-c5ccc(-c6ccccc6)s5)ccc(c34)C2=O)c1,CO,572.0
1077,CC(C)(C)c1ccc(C(C)(C)C)c(N2C(=O)c3cccc4c(-c5ccc(-c6ccccc6)s5)ccc(c34)C2=O)c1,CS(C)=O,557.0
1078,CC(C)(C)c1ccc(C(C)(C)C)c(N2C(=O)c3cccc4c(-c5ccc(-c6ccccc6)s5)ccc(c34)C2=O)c1,Cc1ccccc1,493.0
9998,Cc1cc(C)c(C2=C3C=CC=[N+]3[B-]3(F)Oc4cc(O)cc5c6ccc(C)cc6c6cc2n3c6c45)c(C)c1,ClC(Cl)Cl,649.0
9049,COc1ccc2c(c1)CCC1=C(c3ccccc3)C3=Nc4c(-c5ccccc5)c5c(n4[B-](F)(F)[N+]3=C12)-c1ccc(OC)cc1CC5,ClC(Cl)Cl,752.0
9050,COc1ccc2c(c1)CCc1c(-c3ccccc3)c3n(c1-2)[B-](F)(F)[N+]1=C2C(=C(c4ccccc4)C1=N3)CCc1ccccc12,ClC(Cl)Cl,734.0
12307,N#Cc1cnc(-c2c3ccccc3c(-c3ncc(C#N)cn3)c3ccccc23)nc1,CCO,503.0
12308,N#Cc1cnc(-c2c3ccccc3c(-c3ncc(C#N)cn3)c3ccccc23)nc1,ClCCl,500.0
15325,c1cnc(-c2c3ccccc3c(-c3ncccn3)c3ccccc23)nc1,CCO,440.0
15326,c1cnc(-c2c3ccccc3c(-c3ncccn3)c3ccccc23)nc1,ClCCl,439.0
14863,c1ccc(-n2c(-c3ccc(-c4c5ccccc5c(-c5cccc(-n6c7ccccc7c7ccccc76)c5)c5ccccc45)cc3)nc3c4ccccc4c4ccccc4c32)cc1,CCOCC,429.2982456
14864,c1ccc(-n2c(-c3ccc(-c4c5ccccc5c(-c5cccc(-n6c7ccccc7c7ccccc76)c5)c5ccccc45)cc3)nc3c4ccccc4c4ccccc4c32)cc1,ClCCl,436.0
14861,c1ccc(-n2c(-c3ccc(-c4c5ccccc5c(-c5cccc(-n6c7ccccc7c7ccccc76)c5)c5ccccc45)cc3)nc3c4ccccc4c4ccccc4c32)cc1,CC#N,437.0175439
14862,c1ccc(-n2c(-c3ccc(-c4c5ccccc5c(-c5cccc(-n6c7ccccc7c7ccccc76)c5)c5ccccc45)cc3)nc3c4ccccc4c4ccccc4c32)cc1,CCCCCC,428.5964912
1366,CC(C)[Si](C#Cc1c2ccccc2c(C#C[Si](C(C)C)(C(C)C)C(C)C)c2nc3c(nc12)Cc1ccccc1-3)(C(C)C)C(C)C,CCCCCC,494.0
4994,CCOC(CN1C(=O)C2=C(c3cccs3)N(CC(OCC)OCC)C(=O)C2=C1c1cccs1)OCC,ClC(Cl)Cl,557.0
3366,CCCCCCN1C(=O)c2cccc3cc(/N=C\c4c[nH]c5c4ccc4ccccc45)cc(c23)C1=O,ClC(Cl)Cl,501.0
12853,O=C([O-])c1cc2c(ccc3ccccc32)oc1=O,O,428.0
12795,O=C(O)c1cc2c(ccc3ccccc32)oc1=O,C1COCCO1,428.0
12796,O=C(O)c1cc2c(ccc3ccccc32)oc1=O,CC#N,446.0
12797,O=C(O)c1cc2c(ccc3ccccc32)oc1=O,CCCCO,440.0
12798,O=C(O)c1cc2c(ccc3ccccc32)oc1=O,CCO,429.0
12799,O=C(O)c1cc2c(ccc3ccccc32)oc1=O,CO,431.0
12800,O=C(O)c1cc2c(ccc3ccccc32)oc1=O,O,460.0
87,C#Cc1ccc2ccc3oc(=O)cc(C)c3c2c1,CCO,403.0
9864,Cc1cc(=O)oc2ccc3ccc(O)cc3c12,CC#N,429.0
9865,Cc1cc(=O)oc2ccc3ccc(O)cc3c12,CCO,450.0
9887,Cc1cc(C)c(-c2c3ccccc3c3ccc4cc5c(-c6c(C)cc(C)cc6C)c6ccccc6c6ccc7cc2c3c4c7c56)c(C)c1,ClCCl,617.0
9652,C[n+]1ccc(/C=C/c2cc[n+](C)cc2)cc1,CC#N,372.0
8,Brc1ccc(-c2nc(-c3ccc(C#Cc4ccc(-n5c6ccccc6c6ccccc65)cc4)cc3)nc(-c3ccc(C#Cc4ccc(-n5c6ccccc6c6ccccc65)cc4)cc3)n2)cc1,C1CCOC1,465.0
9,Brc1ccc(-c2nc(-c3ccc(C#Cc4ccc(-n5c6ccccc6c6ccccc65)cc4)cc3)nc(-c3ccc(C#Cc4ccc(-n5c6ccccc6c6ccccc65)cc4)cc3)n2)cc1,CC#N,563.0
10,Brc1ccc(-c2nc(-c3ccc(C#Cc4ccc(-n5c6ccccc6c6ccccc65)cc4)cc3)nc(-c3ccc(C#Cc4ccc(-n5c6ccccc6c6ccccc65)cc4)cc3)n2)cc1,CCCCCC,411.0
11,Brc1ccc(-c2nc(-c3ccc(C#Cc4ccc(-n5c6ccccc6c6ccccc65)cc4)cc3)nc(-c3ccc(C#Cc4ccc(-n5c6ccccc6c6ccccc65)cc4)cc3)n2)cc1,Cc1ccccc1,432.0
12,Brc1ccc(-c2nc(-c3ccc(C#Cc4ccc(-n5c6ccccc6c6ccccc65)cc4)cc3)nc(-c3ccc(C#Cc4ccc(-n5c6ccccc6c6ccccc65)cc4)cc3)n2)cc1,ClCCl,498.0
4924,CCOC(=O)c1ccc(C2CC(c3cccc4ccccc34)=NN2c2ccc(C#N)cc2)cc1,ClCCl,430.0
4925,CCOC(=O)c1ccc(C2CC(c3cccc4ccccc34)=NN2c2ccc(C)cc2)cc1,ClCCl,493.0
4926,CCOC(=O)c1ccc(C2CC(c3cccc4ccccc34)=NN2c2ccc(Cl)cc2)cc1,ClCCl,471.0
4927,CCOC(=O)c1ccc(C2CC(c3cccc4ccccc34)=NN2c2ccc(F)cc2)cc1,ClCCl,481.0
4928,CCOC(=O)c1ccc(C2CC(c3cccc4ccccc34)=NN2c2ccc(OC)cc2)cc1,ClCCl,505.0
13803,O=[N+]([O-])c1ccc(F)cc1C1CC(c2cccc3ccccc23)=NN1c1ccccc1,C1CCCCC1,467.0
13804,O=[N+]([O-])c1ccc(F)cc1C1CC(c2cccc3ccccc23)=NN1c1ccccc1,C1CCOC1,473.0
13805,O=[N+]([O-])c1ccc(F)cc1C1CC(c2cccc3ccccc23)=NN1c1ccccc1,C1COCCO1,461.0
13806,O=[N+]([O-])c1ccc(F)cc1C1CC(c2cccc3ccccc23)=NN1c1ccccc1,CC#N,480.0
13807,O=[N+]([O-])c1ccc(F)cc1C1CC(c2cccc3ccccc23)=NN1c1ccccc1,CC(C)O,488.0
13808,O=[N+]([O-])c1ccc(F)cc1C1CC(c2cccc3ccccc23)=NN1c1ccccc1,CCOC(C)=O,463.0
13809,O=[N+]([O-])c1ccc(F)cc1C1CC(c2cccc3ccccc23)=NN1c1ccccc1,CCOCC,461.0
13810,O=[N+]([O-])c1ccc(F)cc1C1CC(c2cccc3ccccc23)=NN1c1ccccc1,CO,488.0
13811,O=[N+]([O-])c1ccc(F)cc1C1CC(c2cccc3ccccc23)=NN1c1ccccc1,Cc1ccccc1,462.0
13812,O=[N+]([O-])c1ccc(F)cc1C1CC(c2cccc3ccccc23)=NN1c1ccccc1,ClC(Cl)Cl,464.0
13813,O=[N+]([O-])c1ccc(F)cc1C1CC(c2cccc3ccccc23)=NN1c1ccccc1,O,473.0
12808,O=C(O)c1ccc(C2CC(c3cccc4ccccc34)=NN2c2ccccc2)cc1,C1CCCCC1,452.0
12809,O=C(O)c1ccc(C2CC(c3cccc4ccccc34)=NN2c2ccccc2)cc1,C1CCOC1,469.0
12810,O=C(O)c1ccc(C2CC(c3cccc4ccccc34)=NN2c2ccccc2)cc1,C1COCCO1,465.0
12811,O=C(O)c1ccc(C2CC(c3cccc4ccccc34)=NN2c2ccccc2)cc1,CC#N,482.0
12812,O=C(O)c1ccc(C2CC(c3cccc4ccccc34)=NN2c2ccccc2)cc1,CCCCCCC,451.0
12813,O=C(O)c1ccc(C2CC(c3cccc4ccccc34)=NN2c2ccccc2)cc1,CO,476.0
12814,O=C(O)c1ccc(C2CC(c3cccc4ccccc34)=NN2c2ccccc2)cc1,O,491.0
3202,CCCCCCCCCC[n+]1cc2ccc3c[n+](CCCCCCCCCC)cc4ccc(c1)c2c34,CC#N,424.0
9650,C[n+]1cc2ccc3c[n+](C)cc4ccc(c1)c2c34,CC#N,423.0
10287,Cc1ccc(-c2ccc(-c3ccc(-c4ccc(C)cc4)cc3/C(=C(/c3ccccc3)c3cc(-c4ccc(C)cc4)ccc3-c3ccc(-c4ccc(C)cc4)cc3)c3ccccc3)cc2)cc1,C1CCOC1,498.0
14921,c1ccc(/C(=C(\c2ccccc2)c2cc(-c3ccccc3)ccc2-c2ccc(-c3ccccc3)cc2)c2cc(-c3ccccc3)ccc2-c2ccc(-c3ccccc3)cc2)cc1,C1CCOC1,494.0
955,CC(C)(C)c1ccc(-c2ccc(-c3ccc(C(C)(C)C)cc3)c3nsnc23)cc1,ClCCl,512.0
9779,Cc1cc(-c2ccc(C(C)(C)C)cc2)c2nsnc2c1-c1ccc(C(C)(C)C)cc1,ClCCl,489.0
9895,Cc1cc(C)c(B(c2c(C)cc(C)cc2C)c2c(C)cc(-n3c4ccccc4c4cc(N(c5ccccc5)c5ccccc5)ccc43)cc2C)c(C)c1,Cc1ccccc1,477.0
9896,Cc1cc(C)c(B(c2c(C)cc(C)cc2C)c2c(C)cc(-n3c4ccccc4c4cc(N(c5ccccc5)c5ccccc5)ccc43)cc2C)c(C)c1,O=P(c1ccccc1)(c1ccccc1)c1ccccc1Oc1ccccc1P(=O)(c1ccccc1)c1ccccc1,477.0
6844,CN1c2ccc(C(=O)c3ccccc3)cc2Sc2cc(C(=O)c3ccccc3)ccc21,C1CCCCC1,499.0
6845,CN1c2ccc(C(=O)c3ccccc3)cc2Sc2cc(C(=O)c3ccccc3)ccc21,C1CCOC1,531.0
6846,CN1c2ccc(C(=O)c3ccccc3)cc2Sc2cc(C(=O)c3ccccc3)ccc21,CN(C)C=O,555.0
6847,CN1c2ccc(C(=O)c3ccccc3)cc2Sc2cc(C(=O)c3ccccc3)ccc21,Cc1ccccc1,526.0
6848,CN1c2ccc(C(=O)c3ccccc3)cc2Sc2cc(C(=O)c3ccccc3)ccc21,ClC(Cl)Cl,545.0
6849,CN1c2ccc(C(=O)c3ccccc3)cc2Sc2cc(C(=O)c3ccccc3)ccc21,ClCCl,542.0
15251,c1ccc2c3c(ccc2c1)-c1cc2ccccc2c2cccc-3c12,CCCCCCC,486.0
11380,F[B-]1(F)n2c(Cl)ccc2C(c2c(Cl)cccc2Cl)=C2C=CC(NCc3ccccc3)=[N+]21,CC#N,532.0
11381,F[B-]1(F)n2c(Cl)ccc2C(c2c(Cl)cccc2Cl)=C2C=CC(NCc3ccccc3)=[N+]21,CCCCCC,538.0
11382,F[B-]1(F)n2c(Cl)ccc2C(c2c(Cl)cccc2Cl)=C2C=CC(NCc3ccccc3)=[N+]21,CCOC(C)=O,532.0
11383,F[B-]1(F)n2c(Cl)ccc2C(c2c(Cl)cccc2Cl)=C2C=CC(NCc3ccccc3)=[N+]21,CO,531.0
11384,F[B-]1(F)n2c(Cl)ccc2C(c2c(Cl)cccc2Cl)=C2C=CC(NCc3ccccc3)=[N+]21,ClCCl,537.0
11331,F[B-]1(F)OC(c2ccccc2)=Cc2ccc3ccccc3[n+]21,ClCCl,441.0
10594,Cc1ccc(C2=Cc3ccc4ccccc4[n+]3[B-](F)(F)O2)cc1,ClC(Cl)Cl,443.0
10846,Cc1cccc(C2=Cc3ccc4ccccc4[n+]3[B-](F)(F)O2)c1,ClC(Cl)Cl,440.0
8842,COc1ccc(C2=Cc3ccc4ccccc4[n+]3[B-](F)(F)O2)cc1,ClC(Cl)Cl,457.0
11330,F[B-]1(F)OC(c2ccccc2)=Cc2ccc3ccccc3[n+]21,ClC(Cl)Cl,438.0
6366,CN(C)c1ccc(C2=Cc3ccc4ccccc4[n+]3[B-](F)(F)O2)cc1,C1CCOC1,540.0
6367,CN(C)c1ccc(C2=Cc3ccc4ccccc4[n+]3[B-](F)(F)O2)cc1,C1COCCO1,516.0
6368,CN(C)c1ccc(C2=Cc3ccc4ccccc4[n+]3[B-](F)(F)O2)cc1,CC#N,573.0
6369,CN(C)c1ccc(C2=Cc3ccc4ccccc4[n+]3[B-](F)(F)O2)cc1,CC1CCCCC1,478.0
6370,CN(C)c1ccc(C2=Cc3ccc4ccccc4[n+]3[B-](F)(F)O2)cc1,CCOC(C)=O,534.0
6371,CN(C)c1ccc(C2=Cc3ccc4ccccc4[n+]3[B-](F)(F)O2)cc1,CCOCC,509.0
6372,CN(C)c1ccc(C2=Cc3ccc4ccccc4[n+]3[B-](F)(F)O2)cc1,CN(C)C=O,581.0
6373,CN(C)c1ccc(C2=Cc3ccc4ccccc4[n+]3[B-](F)(F)O2)cc1,CO,564.0
6374,CN(C)c1ccc(C2=Cc3ccc4ccccc4[n+]3[B-](F)(F)O2)cc1,COC(C)=O,562.0
6375,CN(C)c1ccc(C2=Cc3ccc4ccccc4[n+]3[B-](F)(F)O2)cc1,ClC(Cl)Cl,521.0
11303,F[B-]1(F)OC(c2ccc(Br)cc2)=Cc2ccc3ccccc3[n+]21,ClC(Cl)Cl,440.0
11624,Fc1cccc(C2=Cc3ccc4ccccc4[n+]3[B-](F)(F)O2)c1,ClC(Cl)Cl,435.0
9706,Cc1c(COC(=O)Cc2c[nH]c3ccccc23)n2c(OCC(=O)Cc3c[nH]c4ccccc34)c(C)c(=O)n2c1=O,CCO,452.0
3791,CCCCn1c(-c2ccc(-c3nnc(-c4ccc(-c5nc6ccccc6n5CCCC)cc4)o3)cc2)nc2ccccc21,ClCCl,407.0
2423,CCC1(CC)c2cc(B(c3c(C)cc(C)cc3C)c3c(C)cc(C)cc3C)ccc2-c2ccc(N(c3ccccc3)c3ccc4c(c3)C(CC)(CC)c3cc(B(c5c(C)cc(C)cc5C)c5c(C)cc(C)cc5C)ccc3-4)cc21,C1CCOC1,490.0
2424,CCC1(CC)c2cc(B(c3c(C)cc(C)cc3C)c3c(C)cc(C)cc3C)ccc2-c2ccc(N(c3ccccc3)c3ccc4c(c3)C(CC)(CC)c3cc(B(c5c(C)cc(C)cc5C)c5c(C)cc(C)cc5C)ccc3-4)cc21,CC#N,538.0
2425,CCC1(CC)c2cc(B(c3c(C)cc(C)cc3C)c3c(C)cc(C)cc3C)ccc2-c2ccc(N(c3ccccc3)c3ccc4c(c3)C(CC)(CC)c3cc(B(c5c(C)cc(C)cc5C)c5c(C)cc(C)cc5C)ccc3-4)cc21,CC(C)=O,515.0
2426,CCC1(CC)c2cc(B(c3c(C)cc(C)cc3C)c3c(C)cc(C)cc3C)ccc2-c2ccc(N(c3ccccc3)c3ccc4c(c3)C(CC)(CC)c3cc(B(c5c(C)cc(C)cc5C)c5c(C)cc(C)cc5C)ccc3-4)cc21,CCCCCC,445.0
2427,CCC1(CC)c2cc(B(c3c(C)cc(C)cc3C)c3c(C)cc(C)cc3C)ccc2-c2ccc(N(c3ccccc3)c3ccc4c(c3)C(CC)(CC)c3cc(B(c5c(C)cc(C)cc5C)c5c(C)cc(C)cc5C)ccc3-4)cc21,CN(C)C=O,533.0
2428,CCC1(CC)c2cc(B(c3c(C)cc(C)cc3C)c3c(C)cc(C)cc3C)ccc2-c2ccc(N(c3ccccc3)c3ccc4c(c3)C(CC)(CC)c3cc(B(c5c(C)cc(C)cc5C)c5c(C)cc(C)cc5C)ccc3-4)cc21,Cc1ccccc1,461.0
2429,CCC1(CC)c2cc(B(c3c(C)cc(C)cc3C)c3c(C)cc(C)cc3C)ccc2-c2ccc(N(c3ccccc3)c3ccc4c(c3)C(CC)(CC)c3cc(B(c5c(C)cc(C)cc5C)c5c(C)cc(C)cc5C)ccc3-4)cc21,ClC(Cl)Cl,477.0
10796,Cc1ccc2nc3c(nc2c1)c(-c1ccccc1)nn3C,CC#N,516.0
11226,Cn1nc(-c2ccccc2)c2nc3cc(Cl)ccc3nc21,C1CCCCC1,487.0
11227,Cn1nc(-c2ccccc2)c2nc3cc(Cl)ccc3nc21,C1CCOC1,519.0
11228,Cn1nc(-c2ccccc2)c2nc3cc(Cl)ccc3nc21,CC#N,540.0
11229,Cn1nc(-c2ccccc2)c2nc3cc(F)ccc3nc21,C1CCCCC1,486.0
11230,Cn1nc(-c2ccccc2)c2nc3cc(F)ccc3nc21,C1CCOC1,520.0
11231,Cn1nc(-c2ccccc2)c2nc3cc(F)ccc3nc21,CC#N,535.0
10794,Cc1ccc2nc3c(nc2c1)c(-c1ccccc1)nn3C,C1CCCCC1,472.0
10795,Cc1ccc2nc3c(nc2c1)c(-c1ccccc1)nn3C,C1CCOC1,500.0
9260,COc1ccc2nc3c(nc2c1)c(-c1ccccc1)nn3C,C1CCCCC1,478.0
9261,COc1ccc2nc3c(nc2c1)c(-c1ccccc1)nn3C,C1CCOC1,495.0
9262,COc1ccc2nc3c(nc2c1)c(-c1ccccc1)nn3C,CC#N,507.0
8948,COc1ccc(NC(=O)C(C(=O)Nc2ccc(OC)cc2)C(c2cc(F)ccc2O)c2c[nH]c3ccc(OC)cc23)cc1,CS(C)=O,341.0
8949,COc1ccc(NC(=O)C(C(=O)Nc2ccc(OC)cc2)C(c2ccccc2O)c2c(C)[nH]c3ccccc23)cc1,CO,350.0
8950,COc1ccc(NC(=O)C(C(=O)Nc2ccc(OC)cc2)C(c2ccccc2O)c2c(C)[nH]c3ccccc23)cc1,CS(C)=O,360.0
11544,Fc1c(-n2c3ccccc3c3ccccc32)c(F)c(-n2c3ccccc3c3ccccc32)c(-c2nnc(-c3ccccc3)o2)c1-n1c2ccccc2c2ccccc21,Cc1ccccc1,490.0
15192,c1ccc2c(c1)Sc1ccccc1S2,CC1CCCCC1,431.0
9635,C[Si]1(C)c2cc3c(cc2-c2sc4ccccc4c21)[Si](C)(C)c1c-3sc2ccccc12,C1CCOC1,432.0
1962,CC1=C2c3ccccc3C(C)=[N+]2[B-](F)(F)n2c(C)c3cc4c(-c5ccccc5)c5c(c(-c6ccccc6)c4cc3c21)-c1cccc2cccc-5c12,ClCCl,697.0
1351,CC(C)[Si](C#Cc1c2cc3ccccc3cc2c(C#C[Si](C(C)C)(C(C)C)C(C)C)c2nc3c4ccccc4c(=O)c4ccccc4c3nc12)(C(C)C)C(C)C,ClCCl,651.0
4422,CCN(CC)c1ccc2nc3ccc(=[N+](CC)CC)cc-3oc2c1,CCCCCCc1ccc(-c2ccc(C#N)cc2)cc1,670.0
4423,CCN(CC)c1ccc2nc3ccc(=[N+](CC)CC)cc-3oc2c1,CCCCCc1ccc(-c2ccc(C#N)cc2)cc1,670.0
4424,CCN(CC)c1ccc2nc3ccc(=[N+](CC)CC)cc-3oc2c1,CCCCc1ccc(/N=C/c2ccc(OC)cc2)cc1,668.0
10018,Cc1cc(C)c(N(c2ccccc2)c2ccc(S(=O)(=O)c3ccc(S(=O)(=O)c4ccc(N(c5ccccc5)c5c(C)cc(C)cc5C)cc4)cc3)cc2)c(C)c1,Cc1ccccc1,450.0
10019,Cc1cc(C)c(N(c2ccccc2)c2ccc(S(=O)(=O)c3ccc(S(=O)(=O)c4ccc(N(c5ccccc5)c5c(C)cc(C)cc5C)cc4)cc3)cc2)c(C)c1,c1cc(-n2c3ccccc3c3ccccc32)nc(-n2c3ccccc3c3ccccc32)c1,452.1202237
13705,O=S(=O)(c1ccc(N(c2ccccc2)c2ccccc2)cc1)c1ccc(S(=O)(=O)c2ccc(N(c3ccccc3)c3ccccc3)cc2)cc1,Cc1ccccc1,451.0
1304,CC(C)(C)c1ccccc1N(c1ccccc1)c1ccc(S(=O)(=O)c2ccc(S(=O)(=O)c3ccc(N(c4ccccc4)c4ccccc4C(C)(C)C)cc3)cc2)cc1,Cc1ccccc1,444.0
1305,CC(C)(C)c1ccccc1N(c1ccccc1)c1ccc(S(=O)(=O)c2ccc(S(=O)(=O)c3ccc(N(c4ccccc4)c4ccccc4C(C)(C)C)cc3)cc2)cc1,c1cc(-n2c3ccccc3c3ccccc32)nc(-n2c3ccccc3c3ccccc32)c1,465.0629077
2766,CCCCC(CC)CN1C(=O)c2cccc3c(C#Cc4ccc(N(c5ccc(C#Cc6ccc7c8c(cccc68)C(=O)N(CC(CC)CCCC)C7=O)cc5)c5ccc(C#Cc6ccc7c8c(cccc68)C(=O)N(CC(CC)CCCC)C7=O)cc5)cc4)ccc(c23)C1=O,C1CCCCC1,474.0
2767,CCCCC(CC)CN1C(=O)c2cccc3c(C#Cc4ccc(N(c5ccc(C#Cc6ccc7c8c(cccc68)C(=O)N(CC(CC)CCCC)C7=O)cc5)c5ccc(C#Cc6ccc7c8c(cccc68)C(=O)N(CC(CC)CCCC)C7=O)cc5)cc4)ccc(c23)C1=O,C1CCOC1,633.0
2768,CCCCC(CC)CN1C(=O)c2cccc3c(C#Cc4ccc(N(c5ccc(C#Cc6ccc7c8c(cccc68)C(=O)N(CC(CC)CCCC)C7=O)cc5)c5ccc(C#Cc6ccc7c8c(cccc68)C(=O)N(CC(CC)CCCC)C7=O)cc5)cc4)ccc(c23)C1=O,CC#N,612.0
2769,CCCCC(CC)CN1C(=O)c2cccc3c(C#Cc4ccc(N(c5ccc(C#Cc6ccc7c8c(cccc68)C(=O)N(CC(CC)CCCC)C7=O)cc5)c5ccc(C#Cc6ccc7c8c(cccc68)C(=O)N(CC(CC)CCCC)C7=O)cc5)cc4)ccc(c23)C1=O,Cc1ccccc1,516.0
2770,CCCCC(CC)CN1C(=O)c2cccc3c(C#Cc4ccc(N(c5ccc(C#Cc6ccc7c8c(cccc68)C(=O)N(CC(CC)CCCC)C7=O)cc5)c5ccc(C#Cc6ccc7c8c(cccc68)C(=O)N(CC(CC)CCCC)C7=O)cc5)cc4)ccc(c23)C1=O,ClC(Cl)Cl,588.0
9805,Cc1cc(-c2nc3c4ccccc4c4ccccc4c3n2-c2ccc(C(C)(C)C)cc2)ccc1-c1ccc(-c2c(-c3ccccc3)nc3ccccn23)cc1,ClCCl,416.0
1062,CC(C)(C)c1ccc(-n2c(-c3ccc(-c4ccc(-c5c(-c6ccccc6)nc6ccccn56)cc4)cc3)nc3c4ccccc4c4ccccc4c32)cc1,ClCCl,426.0
12914,O=C(c1ccc2c3c(cccc13)-c1cccc3c1C2CC=C3)c1c(Cc2ccccc2)c2ccc3cccc4c5cccc6ccc1c(c65)c2c34,ClCCl,528.0
11997,N#Cc1c2nc3ccccn3c2nc2nc3ccccn3c12,C1CCCCC1,485.0
11998,N#Cc1c2nc3ccccn3c2nc2nc3ccccn3c12,C1COCCO1,505.0
11999,N#Cc1c2nc3ccccn3c2nc2nc3ccccn3c12,CC#N,525.0
12000,N#Cc1c2nc3ccccn3c2nc2nc3ccccn3c12,CN(C)C=O,540.0
12001,N#Cc1c2nc3ccccn3c2nc2nc3ccccn3c12,ClC(Cl)Cl,510.0
7693,COc1c2ccccc2c(OC)c2c1c1cccc(OC)c1n2C,CO,429.0
7694,COc1c2ccccc2c(OC)c2c1c1cccc(OC)c1n2C,ClCCl,431.0
7695,COc1c2ccccc2c(OC)c2c1c1ccccc1n2C,C1CCCCC1,413.0
7696,COc1c2ccccc2c(OC)c2c1c1ccccc1n2C,CC#N,423.0
7697,COc1c2ccccc2c(OC)c2c1c1ccccc1n2C,CO,420.0
7698,COc1c2ccccc2c(OC)c2c1c1ccccc1n2C,ClCCl,422.0
9110,COc1ccc2c3c(OC)c4ccccc4c(OC)c3n(C)c2c1,C1CCCCC1,402.0
9111,COc1ccc2c3c(OC)c4ccccc4c(OC)c3n(C)c2c1,CC#N,413.0
9112,COc1ccc2c3c(OC)c4ccccc4c(OC)c3n(C)c2c1,CO,409.0
9113,COc1ccc2c3c(OC)c4ccccc4c(OC)c3n(C)c2c1,ClCCl,411.0
9080,COc1ccc2c(c1)c1c(OC)c3ccccc3c(OC)c1n2C,C1CCCCC1,431.0
9081,COc1ccc2c(c1)c1c(OC)c3ccccc3c(OC)c1n2C,CC#N,445.0
9082,COc1ccc2c(c1)c1c(OC)c3ccccc3c(OC)c1n2C,CO,441.0
9083,COc1ccc2c(c1)c1c(OC)c3ccccc3c(OC)c1n2C,ClCCl,443.0
7659,COc1c2ccccc2c(OC)c2c1c1c(C)ccc(OC)c1n2C,C1CCCCC1,427.0
7660,COc1c2ccccc2c(OC)c2c1c1c(C)ccc(OC)c1n2C,CC#N,445.0
7661,COc1c2ccccc2c(OC)c2c1c1c(C)ccc(OC)c1n2C,CO,440.0
7662,COc1c2ccccc2c(OC)c2c1c1c(C)ccc(OC)c1n2C,ClCCl,443.0
7663,COc1c2ccccc2c(OC)c2c1c1c(F)cccc1n2C,C1CCCCC1,411.0
7664,COc1c2ccccc2c(OC)c2c1c1c(F)cccc1n2C,CC#N,421.0
7665,COc1c2ccccc2c(OC)c2c1c1c(F)cccc1n2C,CO,417.0
7666,COc1c2ccccc2c(OC)c2c1c1c(F)cccc1n2C,ClCCl,418.0
7667,COc1c2ccccc2c(OC)c2c1c1cc(C)ccc1n2C,C1CCCCC1,421.0
7668,COc1c2ccccc2c(OC)c2c1c1cc(C)ccc1n2C,CC#N,431.0
7669,COc1c2ccccc2c(OC)c2c1c1cc(C)ccc1n2C,CO,426.0
7670,COc1c2ccccc2c(OC)c2c1c1cc(C)ccc1n2C,ClCCl,428.0
7671,COc1c2ccccc2c(OC)c2c1c1cc(Cl)ccc1n2C,C1CCCCC1,421.0
7672,COc1c2ccccc2c(OC)c2c1c1cc(Cl)ccc1n2C,CC#N,432.0
7673,COc1c2ccccc2c(OC)c2c1c1cc(Cl)ccc1n2C,CO,428.0
7674,COc1c2ccccc2c(OC)c2c1c1cc(Cl)ccc1n2C,ClCCl,431.0
7675,COc1c2ccccc2c(OC)c2c1c1cc(F)ccc1n2C,C1CCCCC1,425.0
7676,COc1c2ccccc2c(OC)c2c1c1cc(F)ccc1n2C,CC#N,435.0
7677,COc1c2ccccc2c(OC)c2c1c1cc(F)ccc1n2C,CO,431.0
7678,COc1c2ccccc2c(OC)c2c1c1cc(F)ccc1n2C,ClCCl,434.0
7679,COc1c2ccccc2c(OC)c2c1c1ccc(C(F)(F)F)cc1n2C,C1CCCCC1,426.0
7680,COc1c2ccccc2c(OC)c2c1c1ccc(C(F)(F)F)cc1n2C,CC#N,440.0
7681,COc1c2ccccc2c(OC)c2c1c1ccc(C(F)(F)F)cc1n2C,CO,437.0
7682,COc1c2ccccc2c(OC)c2c1c1ccc(C(F)(F)F)cc1n2C,ClCCl,437.0
7683,COc1c2ccccc2c(OC)c2c1c1ccc(C)cc1n2C,C1CCCCC1,411.0
7684,COc1c2ccccc2c(OC)c2c1c1ccc(C)cc1n2C,CC#N,422.0
7685,COc1c2ccccc2c(OC)c2c1c1ccc(C)cc1n2C,CO,418.0
7686,COc1c2ccccc2c(OC)c2c1c1ccc(C)cc1n2C,ClCCl,419.0
7687,COc1c2ccccc2c(OC)c2c1c1ccc(F)cc1n2C,C1CCCCC1,404.0
7688,COc1c2ccccc2c(OC)c2c1c1ccc(F)cc1n2C,CC#N,413.0
7689,COc1c2ccccc2c(OC)c2c1c1ccc(F)cc1n2C,CO,410.0
7690,COc1c2ccccc2c(OC)c2c1c1ccc(F)cc1n2C,ClCCl,411.0
7691,COc1c2ccccc2c(OC)c2c1c1cccc(OC)c1n2C,C1CCCCC1,418.0
7692,COc1c2ccccc2c(OC)c2c1c1cccc(OC)c1n2C,CC#N,433.0
9584,C[Si](C)(C)[Si](c1ccc(-c2ccc(-c3ccc(-c4ccc([Si]([Si](C)(C)C)([Si](C)(C)C)[Si](C)(C)C)s4)s3)s2)s1)([Si](C)(C)C)[Si](C)(C)C,ClCCl,511.0
15330,c1csc(-c2ccc(-c3ccc(-c4cccs4)s3)s2)c1,CCCCCCCCCCCCCC,474.0
15331,c1csc(-c2ccc(-c3ccc(-c4cccs4)s3)s2)c1,ClCCl,480.0
9411,COc1ccsc1-c1ccc(-c2ccc(-c3sccc3OC)s2)s1,CCCCCCCCCCCCCC,483.0
10947,Cc1ccsc1-c1ccc(-c2ccc(-c3sccc3C)s2)s1,CCCCCCCCCCCCCC,473.0
3203,CCCCCCCCCCc1cc(-c2cc(CCCCCCCCCC)c(-c3cccs3)s2)sc1-c1cccs1,CCCCCCCCCCCCCC,481.0
9592,C[Si](C)(C)c1ccc(-c2ccc(-c3ccc(-c4ccc(-c5ccc([Si](C)(C)C)s5)s4)c4nsnc34)s2)s1,C1CCOC1,656.0
5544,CN(C)c1cc(-c2ccccc2)cc2cc(C#Cc3ccncc3)ccc12,ClCCl,526.0
12211,N#Cc1ccc(N)c2nonc12,CCO,575.0
12212,N#Cc1ccc(N)c2nonc12,Cc1ccccc1,529.0
12213,N#Cc1ccc(N)c2nonc12,ClCCl,535.0
12214,N#Cc1ccc(N)c2nonc12,O,612.0
12208,N#Cc1ccc(N)c2nonc12,C1COCCO1,540.0
12209,N#Cc1ccc(N)c2nonc12,CC#N,557.0
12210,N#Cc1ccc(N)c2nonc12,CCCCCC,522.0
8642,COc1ccc(C#Cc2cc(C#Cc3ccc(OC)cc3)c(C#Cc3ccc(OC)cc3)c(C#Cc3ccc(OC)cc3)c2C#Cc2ccc(OC)cc2)cc1,ClCCl,437.0
1069,CC(C)(C)c1ccc(C#Cc2cc(C#Cc3ccc(C(C)(C)C)cc3)c(C#Cc3ccc(C(C)(C)C)cc3)c(C#Cc3ccc(C(C)(C)C)cc3)c2C#Cc2ccc(C(C)(C)C)cc2)cc1,ClCCl,429.0
11607,Fc1ccc(C#Cc2cc(C#Cc3ccc(F)cc3)c(C#Cc3ccc(F)cc3)c(C#Cc3ccc(F)cc3)c2C#Cc2ccc(F)cc2)cc1,ClCCl,421.0
93,C(#Cc1cc(C#Cc2ccccc2)c(C#Cc2ccccc2)c(C#Cc2ccccc2)c1C#Cc1ccccc1)c1ccccc1,ClCCl,424.0
8662,COc1ccc(C#Cc2ccc(C#Cc3ccc(P(=O)(c4ccccc4)c4ccccc4)cc3)cc2)cc1,C1CCCCC1,364.0
8663,COc1ccc(C#Cc2ccc(C#Cc3ccc(P(=O)(c4ccccc4)c4ccccc4)cc3)cc2)cc1,C1COCCO1,374.0
8664,COc1ccc(C#Cc2ccc(C#Cc3ccc(P(=O)(c4ccccc4)c4ccccc4)cc3)cc2)cc1,CC#N,422.0
8665,COc1ccc(C#Cc2ccc(C#Cc3ccc(P(=O)(c4ccccc4)c4ccccc4)cc3)cc2)cc1,CCO,412.0
8666,COc1ccc(C#Cc2ccc(C#Cc3ccc(P(=O)(c4ccccc4)c4ccccc4)cc3)cc2)cc1,CS(C)=O,434.0
8667,COc1ccc(C#Cc2ccc(C#Cc3ccc(P(=O)(c4ccccc4)c4ccccc4)cc3)cc2)cc1,ClC(Cl)Cl,388.0
8668,COc1ccc(C#Cc2ccc(C#Cc3ccc(P(=O)(c4ccccc4)c4ccccc4)cc3)cc2)cc1,ClCCl,402.0
9364,COc1cccc2oc(-c3cc4c(OC)cccc4oc3=O)cc12,CC#N,480.0
8084,COc1cc2cc(-c3cc4cc(OC)c(OC)cc4oc3=O)oc2cc1OC,CC#N,493.0
8085,COc1cc2cc(-c3cc4cc(OC)c(OC)cc4oc3=O)oc2cc1OC,CCOC(C)=O,478.0
8086,COc1cc2cc(-c3cc4cc(OC)c(OC)cc4oc3=O)oc2cc1OC,CS(C)=O,500.0
8087,COc1cc2cc(-c3cc4cc(OC)c(OC)cc4oc3=O)oc2cc1OC,Cc1ccccc1,475.0
8088,COc1cc2cc(-c3cc4cc(OC)c(OC)cc4oc3=O)oc2cc1OC,O,435.0
9365,COc1cccc2oc(-c3cc4c(OC)cccc4oc3=O)cc12,CCOC(C)=O,460.0
9366,COc1cccc2oc(-c3cc4c(OC)cccc4oc3=O)cc12,CS(C)=O,484.0
9367,COc1cccc2oc(-c3cc4c(OC)cccc4oc3=O)cc12,Cc1ccccc1,460.0
9368,COc1cccc2oc(-c3cc4c(OC)cccc4oc3=O)cc12,O,521.0
13999,O=c1oc2ccc(Br)cc2cc1-c1cc2cc(Br)ccc2o1,CC#N,433.0
14000,O=c1oc2ccc(Br)cc2cc1-c1cc2cc(Br)ccc2o1,CCOC(C)=O,431.0
14001,O=c1oc2ccc(Br)cc2cc1-c1cc2cc(Br)ccc2o1,CS(C)=O,444.0
14002,O=c1oc2ccc(Br)cc2cc1-c1cc2cc(Br)ccc2o1,Cc1ccccc1,436.0
14003,O=c1oc2ccc(Br)cc2cc1-c1cc2cc(Br)ccc2o1,O,507.0
14004,O=c1oc2ccc(Cl)cc2cc1-c1cc2cc(Cl)ccc2o1,CC#N,431.0
14005,O=c1oc2ccc(Cl)cc2cc1-c1cc2cc(Cl)ccc2o1,CCOC(C)=O,429.0
14006,O=c1oc2ccc(Cl)cc2cc1-c1cc2cc(Cl)ccc2o1,CS(C)=O,488.0
14007,O=c1oc2ccc(Cl)cc2cc1-c1cc2cc(Cl)ccc2o1,Cc1ccccc1,433.0
9266,COc1ccc2oc(-c3cc4cc(OC)ccc4oc3=O)cc2c1,CC#N,480.0
9267,COc1ccc2oc(-c3cc4cc(OC)ccc4oc3=O)cc2c1,CCOC(C)=O,443.0
9268,COc1ccc2oc(-c3cc4cc(OC)ccc4oc3=O)cc2c1,CS(C)=O,484.0
9269,COc1ccc2oc(-c3cc4cc(OC)ccc4oc3=O)cc2c1,Cc1ccccc1,446.0
10803,Cc1ccc2oc(-c3cc4cc(C)ccc4oc3=O)cc2c1,CC#N,445.0
10804,Cc1ccc2oc(-c3cc4cc(C)ccc4oc3=O)cc2c1,CCOC(C)=O,436.0
10805,Cc1ccc2oc(-c3cc4cc(C)ccc4oc3=O)cc2c1,CS(C)=O,448.0
10806,Cc1ccc2oc(-c3cc4cc(C)ccc4oc3=O)cc2c1,Cc1ccccc1,436.0
10807,Cc1ccc2oc(-c3cc4cc(C)ccc4oc3=O)cc2c1,O,498.0
14008,O=c1oc2ccc(Cl)cc2cc1-c1cc2cc(Cl)ccc2o1,O,473.0
14025,O=c1oc2ccccc2cc1-c1cc2ccccc2o1,CC#N,442.0
14026,O=c1oc2ccccc2cc1-c1cc2ccccc2o1,CCOC(C)=O,433.0
14027,O=c1oc2ccccc2cc1-c1cc2ccccc2o1,CS(C)=O,450.0
14028,O=c1oc2ccccc2cc1-c1cc2ccccc2o1,Cc1ccccc1,431.0
14029,O=c1oc2ccccc2cc1-c1cc2ccccc2o1,O,475.0
9160,COc1ccc2cc(-c3cc4ccc(OC)cc4oc3=O)oc2c1,CC#N,473.0
9161,COc1ccc2cc(-c3cc4ccc(OC)cc4oc3=O)oc2c1,CCOC(C)=O,465.0
9162,COc1ccc2cc(-c3cc4ccc(OC)cc4oc3=O)oc2c1,CS(C)=O,484.0
9163,COc1ccc2cc(-c3cc4ccc(OC)cc4oc3=O)oc2c1,Cc1ccccc1,465.0
10868,Cc1cccc2cc(-c3cc4cccc(C)c4oc3=O)oc12,CC#N,451.0
10869,Cc1cccc2cc(-c3cc4cccc(C)c4oc3=O)oc12,CCOC(C)=O,436.0
10870,Cc1cccc2cc(-c3cc4cccc(C)c4oc3=O)oc12,CS(C)=O,456.0
10871,Cc1cccc2cc(-c3cc4cccc(C)c4oc3=O)oc12,Cc1ccccc1,436.0
10872,Cc1cccc2cc(-c3cc4cccc(C)c4oc3=O)oc12,O,488.0
7799,COc1cc(Br)cc2cc(-c3cc4cc(Br)cc(OC)c4oc3=O)oc12,CC#N,381.0
7800,COc1cc(Br)cc2cc(-c3cc4cc(Br)cc(OC)c4oc3=O)oc12,CCOC(C)=O,434.0
7801,COc1cc(Br)cc2cc(-c3cc4cc(Br)cc(OC)c4oc3=O)oc12,CS(C)=O,387.0
7802,COc1cc(Br)cc2cc(-c3cc4cc(Br)cc(OC)c4oc3=O)oc12,Cc1ccccc1,430.0
7803,COc1cc(Br)cc2cc(-c3cc4cc(Br)cc(OC)c4oc3=O)oc12,O,497.0
9348,COc1cccc2cc(-c3cc4cccc(OC)c4oc3=O)oc12,CC#N,488.0
9349,COc1cccc2cc(-c3cc4cccc(OC)c4oc3=O)oc12,CCOC(C)=O,460.0
9350,COc1cccc2cc(-c3cc4cccc(OC)c4oc3=O)oc12,CS(C)=O,488.0
9351,COc1cccc2cc(-c3cc4cccc(OC)c4oc3=O)oc12,Cc1ccccc1,448.0
9352,COc1cccc2cc(-c3cc4cccc(OC)c4oc3=O)oc12,O,504.0
552,C=CCNc1ccc2ccc3oc4cc(=O)ccc-4nc3c2c1,O,624.0
549,C=CCNc1ccc2ccc3oc4cc(=O)ccc-4nc3c2c1,CC#N,621.0
550,C=CCNc1ccc2ccc3oc4cc(=O)ccc-4nc3c2c1,CCO,611.0
551,C=CCNc1ccc2ccc3oc4cc(=O)ccc-4nc3c2c1,ClCCl,617.0
11505,F[B-]1(F)n2cccc2C(c2ccccc2)=C2C=CC(c3cccc(OC4=[N+]5C(=C(c6ccccc6)c6cc(Br)c(-c7ccc[nH]7)n6[B-]5(F)F)C=C4Br)c3)=[N+]21,ClC(Cl)Cl,644.0
7477,COC1=C/C(=C\C=C2C=CN(Cc3ccc(Br)cc3)C=C2)C=CC1=O,CC#N,665.0
7478,COC1=C/C(=C\C=C2C=CN(Cc3ccc(Br)cc3)C=C2)C=CC1=O,CC(C)=O,670.0
7479,COC1=C/C(=C\C=C2C=CN(Cc3ccc(Br)cc3)C=C2)C=CC1=O,CC(C)CO,642.0
7480,COC1=C/C(=C\C=C2C=CN(Cc3ccc(Br)cc3)C=C2)C=CC1=O,CC(C)O,641.0
7481,COC1=C/C(=C\C=C2C=CN(Cc3ccc(Br)cc3)C=C2)C=CC1=O,CCC#N,665.0
7482,COC1=C/C(=C\C=C2C=CN(Cc3ccc(Br)cc3)C=C2)C=CC1=O,CCCCCCO,645.0
7483,COC1=C/C(=C\C=C2C=CN(Cc3ccc(Br)cc3)C=C2)C=CC1=O,CCCCCO,643.0
7484,COC1=C/C(=C\C=C2C=CN(Cc3ccc(Br)cc3)C=C2)C=CC1=O,CCCCO,640.0
7485,COC1=C/C(=C\C=C2C=CN(Cc3ccc(Br)cc3)C=C2)C=CC1=O,CCCO,639.0
7486,COC1=C/C(=C\C=C2C=CN(Cc3ccc(Br)cc3)C=C2)C=CC1=O,CCO,638.0
7487,COC1=C/C(=C\C=C2C=CN(Cc3ccc(Br)cc3)C=C2)C=CC1=O,CN(C)C=O,682.0
7488,COC1=C/C(=C\C=C2C=CN(Cc3ccc(Br)cc3)C=C2)C=CC1=O,CN(C)P(=O)(N(C)C)N(C)C,670.0
7489,COC1=C/C(=C\C=C2C=CN(Cc3ccc(Br)cc3)C=C2)C=CC1=O,CO,636.0
7490,COC1=C/C(=C\C=C2C=CN(Cc3ccc(Br)cc3)C=C2)C=CC1=O,CS(C)=O,669.0
9624,C[Si]1(C)O[Si](C)(C)c2cc3cc4cc5c(cc4cc3cc21)C(=O)c1cc2cc3cc4c(cc3cc2cc1C5=O)[Si](C)(C)O[Si]4(C)C,ClC(Cl)Cl,518.0
3792,CCCCn1c(-c2ccc(-c3nnc(-c4ccc5ccccc5c4)o3)cc2)nc(-c2ccccc2)c1-c1ccccc1,ClCCl,445.0
13503,O=Cc1ccc(C#CC(C#Cc2ccc(C=O)o2)=Cc2ccc(C=C(C#Cc3ccc(C=O)o3)C#Cc3ccc(C=O)o3)cc2)o1,ClC(Cl)Cl,518.0
6829,CN1CCN(c2ccc3c4c(cccc24)C(=O)c2ccccc2-3)CC1,CCCCCO,635.0
6830,CN1CCN(c2ccc3c4c(cccc24)C(=O)c2ccccc2-3)CC1,CCCCO,632.0
6831,CN1CCN(c2ccc3c4c(cccc24)C(=O)c2ccccc2-3)CC1,CCCO,637.0
6832,CN1CCN(c2ccc3c4c(cccc24)C(=O)c2ccccc2-3)CC1,CCO,640.0
6833,CN1CCN(c2ccc3c4c(cccc24)C(=O)c2ccccc2-3)CC1,CCOC(C)=O,595.0
6834,CN1CCN(c2ccc3c4c(cccc24)C(=O)c2ccccc2-3)CC1,CN(C)C=O,621.0
6835,CN1CCN(c2ccc3c4c(cccc24)C(=O)c2ccccc2-3)CC1,CO,645.0
6836,CN1CCN(c2ccc3c4c(cccc24)C(=O)c2ccccc2-3)CC1,CS(C)=O,624.0
6837,CN1CCN(c2ccc3c4c(cccc24)C(=O)c2ccccc2-3)CC1,Cc1ccccc1,569.0
6838,CN1CCN(c2ccc3c4c(cccc24)C(=O)c2ccccc2-3)CC1,ClC(Cl)Cl,601.0
6822,CN1CCN(c2ccc3c4c(cccc24)C(=O)c2ccccc2-3)CC1,C1CCCCC1,533.0
6823,CN1CCN(c2ccc3c4c(cccc24)C(=O)c2ccccc2-3)CC1,C1CCOC1,593.0
6824,CN1CCN(c2ccc3c4c(cccc24)C(=O)c2ccccc2-3)CC1,C1COCCO1,584.0
6825,CN1CCN(c2ccc3c4c(cccc24)C(=O)c2ccccc2-3)CC1,CC#N,619.0
6826,CN1CCN(c2ccc3c4c(cccc24)C(=O)c2ccccc2-3)CC1,CC(C)=O,615.0
6827,CN1CCN(c2ccc3c4c(cccc24)C(=O)c2ccccc2-3)CC1,CC1COC(=O)O1,619.0
6828,CN1CCN(c2ccc3c4c(cccc24)C(=O)c2ccccc2-3)CC1,CCCCCCCCO,626.0
4989,CCOC(=O)c1sc2nc(C)c(C)c(C#N)c2c1N,c1ccccc1,535.0
4990,CCOC(=O)c1sc2nc(C)c(CC)c(C#N)c2c1N,c1ccccc1,541.0
10686,Cc1ccc(O)c(-c2nc(C)c3n2CCCC3)c1,ClCCl,473.0
10975,Cc1nc(-c2cc(C(F)(F)F)ccc2O)n2c1CCCC2,ClCCl,432.0
10976,Cc1nc(-c2cc(F)ccc2O)n2c1CCCC2,ClCCl,464.0
10977,Cc1nc(-c2cc(N)ccc2O)n2c1CCCC2,ClCCl,543.0
8958,COc1ccc(O)c(-c2nc(C)c3n2CCCC3)c1,ClCCl,503.0
10989,Cc1nc(-c2ccccc2O)n2c1CCCC2,ClCCl,452.0
1832,CC1(C)c2ccccc2N(c2ccc3c(c2)-c2cc(N4c5ccccc5C(C)(C)c5ccccc54)ccc2P3(=O)c2ccccc2)c2ccccc21,Cc1ccccc1,480.0
1833,CC1(C)c2ccccc2N(c2ccc3c(c2)-c2cc(N4c5ccccc5C(C)(C)c5ccccc54)ccc2P3(=O)c2ccccc2)c2ccccc21,c1ccc2c(c1)c1ccccc1n2-c1ccc(-c2ccc(-n3c4ccccc4c4ccccc43)cc2)cc1,501.0
10610,Cc1ccc(C2C3=C(CCCC3=O)Nc3c2c(=O)oc2ccccc32)cc1,CS(C)=O,441.0
8882,COc1ccc(C2C3=C(CCCC3=O)Nc3c2c(=O)oc2ccccc32)cc1,CS(C)=O,441.0
13032,O=C1CCCC2=C1C(c1ccc([N+](=O)[O-])cc1)c1c(c3ccccc3oc1=O)N2,CS(C)=O,441.0
13033,O=C1CCCC2=C1C(c1cccc(Cl)c1)c1c(c3ccccc3oc1=O)N2,CS(C)=O,443.0
13034,O=C1CCCC2=C1C(c1ccccc1)c1c(c3ccccc3oc1=O)N2,CS(C)=O,440.0
14424,[O-][n+]1c(/C=C/c2ccccc2)nc(N2CCOCC2)c2c1CCCC2,ClCCl,535.0
7761,COc1cc(/C=C/c2nc(N3CCOCC3)c3c([n+]2[O-])CCCC3)cc(OC)c1OC,ClCCl,521.0
8597,COc1ccc(/C=C/c2nc(N3CCOCC3)c3c([n+]2[O-])CCCC3)cc1,ClCCl,533.0
13502,O=Cc1ccc(/C=C/c2nc(N3CCOCC3)c3c([n+]2[O-])CCCC3)cc1,ClCCl,565.0
6072,CN(C)c1ccc(/C=C/c2nc(N3CCOCC3)c3c([n+]2[O-])CCCC3)cc1,ClCCl,523.0
5022,CCOc1ccc(/C=C/c2nc(N3CCOCC3)c3c([n+]2[O-])CCCC3)cc1,ClCCl,515.0
10830,Cc1cccc(C)c1/C=C/c1nc(N2CCOCC2)c2c([n+]1[O-])CCCC2,ClCCl,536.0
10640,Cc1ccc(N(c2ccc(C)cc2)c2ccc(-c3ccc4c(c3)C(=O)c3ccccc3C4=O)cc2)cc1,CCCCCC,542.0
10641,Cc1ccc(N(c2ccc(C)cc2)c2ccc(-c3ccc4c(c3)C(=O)c3ccccc3C4=O)cc2)cc1,CCOCC,680.0
10642,Cc1ccc(N(c2ccc(C)cc2)c2ccc(-c3ccc4c(c3)C(=O)c3ccccc3C4=O)cc2)cc1,Cc1ccccc1,635.0
10643,Cc1ccc(N(c2ccc(C)cc2)c2ccc(-c3ccc4c(c3)C(=O)c3ccccc3C4=O)cc2)cc1,ClC(Cl)(Cl)Cl,610.0
13341,O=C1c2ccccc2C(=O)c2cc(-c3ccc(N(c4ccccc4)c4ccccc4)cc3)ccc21,C1CCOC1,713.0
13342,O=C1c2ccccc2C(=O)c2cc(-c3ccc(N(c4ccccc4)c4ccccc4)cc3)ccc21,CCCCCC,529.0
13343,O=C1c2ccccc2C(=O)c2cc(-c3ccc(N(c4ccccc4)c4ccccc4)cc3)ccc21,CCOC(C)=O,699.0
13344,O=C1c2ccccc2C(=O)c2cc(-c3ccc(N(c4ccccc4)c4ccccc4)cc3)ccc21,CCOCC,645.0
13345,O=C1c2ccccc2C(=O)c2cc(-c3ccc(N(c4ccccc4)c4ccccc4)cc3)ccc21,Cc1ccccc1,615.0
13346,O=C1c2ccccc2C(=O)c2cc(-c3ccc(N(c4ccccc4)c4ccccc4)cc3)ccc21,ClC(Cl)(Cl)Cl,588.0
13516,O=Cc1ccc(N(c2ccc(C=O)cc2)c2ccc(-c3ccc4c(c3)C(=O)c3ccccc3C4=O)cc2)cc1,C1CCOC1,662.0
13517,O=Cc1ccc(N(c2ccc(C=O)cc2)c2ccc(-c3ccc4c(c3)C(=O)c3ccccc3C4=O)cc2)cc1,CCCCCC,493.0
13518,O=Cc1ccc(N(c2ccc(C=O)cc2)c2ccc(-c3ccc4c(c3)C(=O)c3ccccc3C4=O)cc2)cc1,CCOC(C)=O,654.0
13519,O=Cc1ccc(N(c2ccc(C=O)cc2)c2ccc(-c3ccc4c(c3)C(=O)c3ccccc3C4=O)cc2)cc1,CCOCC,585.0
13520,O=Cc1ccc(N(c2ccc(C=O)cc2)c2ccc(-c3ccc4c(c3)C(=O)c3ccccc3C4=O)cc2)cc1,Cc1ccccc1,558.0
13521,O=Cc1ccc(N(c2ccc(C=O)cc2)c2ccc(-c3ccc4c(c3)C(=O)c3ccccc3C4=O)cc2)cc1,ClC(Cl)(Cl)Cl,541.0
13522,O=Cc1ccc(N(c2ccc(C=O)cc2)c2ccc(-c3ccc4c(c3)C(=O)c3ccccc3C4=O)cc2)cc1,ClCCl,685.0
8913,COc1ccc(N(c2ccc(OC)cc2)c2ccc(-c3ccc4c(c3)C(=O)c3ccccc3C4=O)cc2)cc1,CCCCCC,571.0
8914,COc1ccc(N(c2ccc(OC)cc2)c2ccc(-c3ccc4c(c3)C(=O)c3ccccc3C4=O)cc2)cc1,CCOCC,720.0
8915,COc1ccc(N(c2ccc(OC)cc2)c2ccc(-c3ccc4c(c3)C(=O)c3ccccc3C4=O)cc2)cc1,Cc1ccccc1,679.0
8916,COc1ccc(N(c2ccc(OC)cc2)c2ccc(-c3ccc4c(c3)C(=O)c3ccccc3C4=O)cc2)cc1,ClC(Cl)(Cl)Cl,646.0
1646,CC1(C)CCc2c(c3ccccc3c3nc4c(nc23)c2c(c3ccccc34)OC(C)(C)CC2)O1,C1CCCCC1,434.9717268
1647,CC1(C)CCc2c(c3ccccc3c3nc4c(nc23)c2c(c3ccccc34)OC(C)(C)CC2)O1,C1COCCO1,443.2624113
1648,CC1(C)CCc2c(c3ccccc3c3nc4c(nc23)c2c(c3ccccc34)OC(C)(C)CC2)O1,CC#N,449.0345757
1649,CC1(C)CCc2c(c3ccccc3c3nc4c(nc23)c2c(c3ccccc34)OC(C)(C)CC2)O1,CC(C)O,448.0286738
1650,CC1(C)CCc2c(c3ccccc3c3nc4c(nc23)c2c(c3ccccc34)OC(C)(C)CC2)O1,CCCCCC,434.2162397
1651,CC1(C)CCc2c(c3ccccc3c3nc4c(nc23)c2c(c3ccccc34)OC(C)(C)CC2)O1,ClC(Cl)Cl,446.4285714
1652,CC1(C)CCc2c(c3ccccc3c3nc4c(nc23)c2c(c3ccccc34)OC(C)(C)CC2)O1,c1ccccc1,441.6961131
4668,CCOC(=O)C1(O)c2cc3ccc4cccc5ccc(c2C(=O)N1C(C)(C)C)c3c45,ClC(Cl)Cl,387.0
828,CC(C)(C)N1C(=O)c2c(cc3ccc4cccc5ccc2c3c45)C1O,ClC(Cl)Cl,386.0
9588,C[Si](C)(C)c1cc2c(cc3ccc4cccc5ccc2c3c45)[nH]1,CCOC(C)=O,406.0
12794,O=C(O)c1cc2c(cc3ccc4cccc5ccc2c3c45)[nH]1,CCOC(C)=O,403.0
873,CC(C)(C)OC(=O)n1ccc2c3ccc4cccc5ccc(cc21)c3c54,CCOC(C)=O,401.0
13469,O=Cc1cc2c(cc3ccc4cccc5ccc2c3c45)[nH]1,CCOC(C)=O,438.0
14121,OCc1cc2c(cc3ccc4cccc5ccc2c3c45)[nH]1,CCOC(C)=O,404.0
7337,COC(=O)c1cc2c(cc3ccc4cccc5ccc2c3c45)[nH]1,C1CCOC1,404.0
14484,c1cc2ccc3cc4[nH]ccc4c4ccc(c1)c2c34,CCOC(C)=O,398.0
13835,O=[N+]([O-])c1ccc([N+]2=Cc3ccc4ccccc4c3O[B-]2(F)F)cc1,ClCCl,515.0
176,C(=C/c1c2ccccc2cc2ccccc12)\c1cccc2ccccc12,CC#N,503.0
177,C(=C/c1c2ccccc2cc2ccccc12)\c1cccc2ccccc12,CC1CCCCC1,501.0
1653,CC1(C)CCc2c(c3ccccc3c3nc4c5c(c6ccccc6c4nc23)OC(C)(C)CC5)O1,C1CCCCC1,458.9261129
1654,CC1(C)CCc2c(c3ccccc3c3nc4c5c(c6ccccc6c4nc23)OC(C)(C)CC5)O1,C1CCOC1,467.2897196
1655,CC1(C)CCc2c(c3ccccc3c3nc4c5c(c6ccccc6c4nc23)OC(C)(C)CC5)O1,C1COCCO1,470.3668862
1656,CC1(C)CCc2c(c3ccccc3c3nc4c5c(c6ccccc6c4nc23)OC(C)(C)CC5)O1,CC#N,477.0992366
1657,CC1(C)CCc2c(c3ccccc3c3nc4c5c(c6ccccc6c4nc23)OC(C)(C)CC5)O1,CC(C)O,475.0593824
1658,CC1(C)CCc2c(c3ccccc3c3nc4c5c(c6ccccc6c4nc23)OC(C)(C)CC5)O1,CCCCCC,457.0383912
1659,CC1(C)CCc2c(c3ccccc3c3nc4c5c(c6ccccc6c4nc23)OC(C)(C)CC5)O1,CN(C)C=O,477.0992366
1660,CC1(C)CCc2c(c3ccccc3c3nc4c5c(c6ccccc6c4nc23)OC(C)(C)CC5)O1,CO,478.9272031
1661,CC1(C)CCc2c(c3ccccc3c3nc4c5c(c6ccccc6c4nc23)OC(C)(C)CC5)O1,ClC(Cl)Cl,477.0992366
1662,CC1(C)CCc2c(c3ccccc3c3nc4c5c(c6ccccc6c4nc23)OC(C)(C)CC5)O1,c1ccccc1,469.7040864
469,C1=C(c2ccccc2)B(c2ccccc2)Nc2c1ccc1ccccc21,C1CCCCC1,396.0
8911,COc1ccc(N(c2ccc(OC)cc2)c2ccc(-c3ccc(C=C(C#N)C#N)o3)cc2)cc1,ClC(Cl)Cl,696.0
11782,N#CC(C#N)=Cc1ccc(-c2ccc(N(c3ccccc3)c3ccccc3)cc2)o1,ClC(Cl)Cl,618.0
10638,Cc1ccc(N(c2ccc(C)cc2)c2ccc(-c3ccc(C=C(C#N)C#N)o3)cc2)cc1,ClC(Cl)Cl,654.0
14359,S=c1[nH]nc(-c2ccc(/C=C/c3ccc(-c4n[nH]c(=S)o4)cc3)cc2)o1,CN(C)C=O,401.0
14245,Oc1ccc2ccccc2c1C1Nc2cccc3cccc(c23)N1,CO,476.0
14246,Oc1ccc2ccccc2c1C1Nc2cccc3cccc(c23)N1,CS(C)=O,528.0
14247,Oc1ccc2ccccc2c1C1Nc2cccc3cccc(c23)N1,Cc1ccccc1,468.0
14244,Oc1ccc2ccccc2c1C1Nc2cccc3cccc(c23)N1,CC#N,540.0
11962,N#Cc1c(N2CCCCC2)cc(-c2ccc(Br)cc2)c2c1CCc1ccccc1-2,C1CCOC1,468.0
9551,C[N+]1=C(/C=C/C=C2/N(CCCS(=O)(=O)[O-])c3ccccc3C2(C)C)C(C)(C)c2ccccc21,CS(C)=O,565.0
9552,C[N+]1=C(/C=C/C=C2/N(CCC[N+](C)(C)C)c3ccc(Br)cc3C2(C)C)C(C)(C)c2ccccc21,CS(C)=O,568.0
9553,C[N+]1=C(/C=C/C=C2/N(CCC[N+](C)(C)C)c3ccc(S(=O)(=O)[O-])cc3C2(C)C)C(C)(C)c2ccccc21,CS(C)=O,570.0
9554,C[N+]1=C(/C=C/C=C2/N(CCC[N+](C)(C)C)c3ccccc3C2(C)C)C(C)(C)c2ccccc21,CS(C)=O,565.0
4443,CCN1/C(=C/C=C/C2=[N+](C)c3ccccc3C2(C)C)C(C)(C)c2ccccc21,CS(C)=O,565.0
3590,CCCCN1/C(=C/C=C/C2=[N+](C)c3ccccc3C2(C)C)C(C)(C)c2cc(Br)ccc21,CS(C)=O,569.0
3591,CCCCN1/C(=C/C=C/C2=[N+](C)c3ccccc3C2(C)C)C(C)(C)c2cc(OC)ccc21,CS(C)=O,585.0
3592,CCCCN1/C(=C/C=C/C2=[N+](C)c3ccccc3C2(C)C)C(C)(C)c2ccccc21,CS(C)=O,565.0
7816,COc1cc(C)c(-c2cc(-c3c(C)cc(OC)cc3C)c3ccc4c(-c5c(C)cc(OC)cc5C)cc(-c5c(C)cc(OC)cc5C)c5ccc2c3c54)c(C)c1,ClCCl,411.0
9964,Cc1cc(C)c(C)c(-c2cc(-c3c(C)c(C)cc(C)c3C)c3ccc4c(-c5c(C)c(C)cc(C)c5C)cc(-c5c(C)c(C)cc(C)c5C)c5ccc2c3c54)c1C,ClCCl,412.0
3688,CCCCOc1ccc(-c2cc(-c3ccc(OCCCC)cc3)c3ccc4c(-c5ccc(OCCCC)cc5)cc(-c5ccc(OCCCC)cc5)c5ccc2c3c54)cc1,ClC(Cl)Cl,433.0
11029,Cc1nn(-c2ccccc2)c(C2=NN(c3ccc(Br)cc3)[C@@H](c3ccccc3)[C@@H]2c2ccccc2)c1C#N,C1CCCCC1,468.0
11030,Cc1nn(-c2ccccc2)c(C2=NN(c3ccc(Br)cc3)[C@@H](c3ccccc3)[C@@H]2c2ccccc2)c1C#N,C1CCOC1,483.0
11031,Cc1nn(-c2ccccc2)c(C2=NN(c3ccc(Br)cc3)[C@@H](c3ccccc3)[C@@H]2c2ccccc2)c1C#N,C1COCCO1,481.0
11032,Cc1nn(-c2ccccc2)c(C2=NN(c3ccc(Br)cc3)[C@@H](c3ccccc3)[C@@H]2c2ccccc2)c1C#N,CC#N,491.0
11033,Cc1nn(-c2ccccc2)c(C2=NN(c3ccc(Br)cc3)[C@@H](c3ccccc3)[C@@H]2c2ccccc2)c1C#N,CCCCCCC,467.0
11034,Cc1nn(-c2ccccc2)c(C2=NN(c3ccc(Br)cc3)[C@@H](c3ccccc3)[C@@H]2c2ccccc2)c1C#N,CCO,493.0
11035,Cc1nn(-c2ccccc2)c(C2=NN(c3ccc(Br)cc3)[C@@H](c3ccccc3)[C@@H]2c2ccccc2)c1C#N,CN(C)C=O,492.0
11036,Cc1nn(-c2ccccc2)c(C2=NN(c3ccc(Br)cc3)[C@@H](c3ccccc3)[C@@H]2c2ccccc2)c1C#N,CO,496.0
11037,Cc1nn(-c2ccccc2)c(C2=NN(c3ccc(Br)cc3)[C@@H](c3ccccc3)[C@@H]2c2ccccc2)c1C#N,O,485.0
11038,Cc1nn(-c2ccccc2)c(C2=NN(c3ccc(Br)cc3)[C@@H](c3ccccc3)[C@@H]2c2ccccc2)c1C#N,OCCO,500.0
5371,CCn1c2ccccc2c2cc(/C=C3\C(=O)c4ccccc4S3(=O)=O)ccc21,C1CCOC1,518.0
5372,CCn1c2ccccc2c2cc(/C=C3\C(=O)c4ccccc4S3(=O)=O)ccc21,C1COCCO1,505.0
5373,CCn1c2ccccc2c2cc(/C=C3\C(=O)c4ccccc4S3(=O)=O)ccc21,CC#N,561.0
5374,CCn1c2ccccc2c2cc(/C=C3\C(=O)c4ccccc4S3(=O)=O)ccc21,CC(C)=O,544.0
5375,CCn1c2ccccc2c2cc(/C=C3\C(=O)c4ccccc4S3(=O)=O)ccc21,CCOC(C)=O,515.0
5376,CCn1c2ccccc2c2cc(/C=C3\C(=O)c4ccccc4S3(=O)=O)ccc21,CN(C)C=O,557.0
5377,CCn1c2ccccc2c2cc(/C=C3\C(=O)c4ccccc4S3(=O)=O)ccc21,CO,560.0
5378,CCn1c2ccccc2c2cc(/C=C3\C(=O)c4ccccc4S3(=O)=O)ccc21,CS(C)=O,570.0
5379,CCn1c2ccccc2c2cc(/C=C3\C(=O)c4ccccc4S3(=O)=O)ccc21,Cc1ccccc1,495.0
5380,CCn1c2ccccc2c2cc(/C=C3\C(=O)c4ccccc4S3(=O)=O)ccc21,ClC(Cl)Cl,522.0
5381,CCn1c2ccccc2c2cc(/C=C3\C(=O)c4ccccc4S3(=O)=O)ccc21,ClCCl,535.0
3389,CCCCCCOc1ccc(-c2cnc(-c3nnc(-c4ccc(OCCCCCC)cc4)o3)o2)cc1,C1CCCCC1,370.0
3390,CCCCCCOc1ccc(-c2cnc(-c3nnc(-c4ccc(OCCCCCC)cc4)o3)o2)cc1,C1CCOC1,386.0
3391,CCCCCCOc1ccc(-c2cnc(-c3nnc(-c4ccc(OCCCCCC)cc4)o3)o2)cc1,CC#N,400.0
3392,CCCCCCOc1ccc(-c2cnc(-c3nnc(-c4ccc(OCCCCCC)cc4)o3)o2)cc1,CCO,411.0
3393,CCCCCCOc1ccc(-c2cnc(-c3nnc(-c4ccc(OCCCCCC)cc4)o3)o2)cc1,CO,419.0
3394,CCCCCCOc1ccc(-c2cnc(-c3nnc(-c4ccc(OCCCCCC)cc4)o3)o2)cc1,ClC(Cl)Cl,390.0
1522,CC1(C)C(/C=C/C2=C(Cl)/C(=C/C=C3/N(CCCCCC(=O)O)c4ccccc4C3(C)C)CCC2)=[N+](CCCCCC(=O)O)c2ccccc21,CO,808.0
1524,CC1(C)C(/C=C/C2=C(Cl)/C(=C/C=C3/N(CCCS(=O)(=O)[O-])c4ccccc4C3(C)C)CCC2)=[N+](CCCS(=O)(=O)[O-])c2ccccc21,CO,802.0
15256,c1ccc2cc(-c3c4ccccc4c(-c4ccc(-c5ccc(-n6c7ccccc7c7ccccc76)cc5)cc4)c4ccccc34)ccc2c1,ClCCl,427.0
8751,COc1ccc(C(=O)c2c(C)c3ccc4cccc5c6cccc7ccc2c(c76)c3c45)cc1,ClCCl,443.0
9690,Cc1c(C(=O)c2c(F)cc(F)cc2F)c2ccc3cccc4c5cccc6ccc1c(c65)c2c34,ClCCl,499.0
9691,Cc1c(C(=O)c2ccc(C(F)(F)F)cc2)c2ccc3cccc4c5cccc6ccc1c(c65)c2c34,ClCCl,545.0
9693,Cc1c(C(=O)c2ccccc2)c2ccc3cccc4c5cccc6ccc1c(c65)c2c34,ClCCl,478.0
9694,Cc1c(C(=O)c2ccccc2Cl)c2ccc3cccc4c5cccc6ccc1c(c65)c2c34,ClCCl,482.0
7815,COc1cc(C(=O)c2c(C)c3ccc4cccc5c6cccc7ccc2c(c76)c3c45)cc(OC)c1OC,ClCCl,456.0
10476,Cc1ccc(C(=O)c2c(C)c3ccc4cccc5c6cccc7ccc2c(c76)c3c45)cc1,ClCCl,450.0
2206,CC1=[N+]2C(=C(c3c4ccccc4c(-c4ccccc4)c4ccccc34)c3ccc(C)n3[B-]2(F)F)C=C1,CC#N,536.0
2207,CC1=[N+]2C(=C(c3c4ccccc4c(-c4ccccc4)c4ccccc34)c3ccc(C)n3[B-]2(F)F)C=C1,CCCCCC,527.0
2208,CC1=[N+]2C(=C(c3c4ccccc4c(-c4ccccc4)c4ccccc34)c3ccc(C)n3[B-]2(F)F)C=C1,CCO,528.0
2209,CC1=[N+]2C(=C(c3c4ccccc4c(-c4ccccc4)c4ccccc34)c3ccc(C)n3[B-]2(F)F)C=C1,CN(C)C=O,533.0
2210,CC1=[N+]2C(=C(c3c4ccccc4c(-c4ccccc4)c4ccccc34)c3ccc(C)n3[B-]2(F)F)C=C1,Cc1ccccc1,532.0
2211,CC1=[N+]2C(=C(c3c4ccccc4c(-c4ccccc4)c4ccccc34)c3ccc(C)n3[B-]2(F)F)C=C1,ClCCl,533.0
2629,CCC1=C(C)C2=C(c3c4ccccc4c(-c4ccccc4)c4ccccc34)c3c(C)c(CC)c(C)n3[B-](F)(F)[N+]2=C1C,CC#N,536.0
2630,CCC1=C(C)C2=C(c3c4ccccc4c(-c4ccccc4)c4ccccc34)c3c(C)c(CC)c(C)n3[B-](F)(F)[N+]2=C1C,CCCCCC,539.0
2631,CCC1=C(C)C2=C(c3c4ccccc4c(-c4ccccc4)c4ccccc34)c3c(C)c(CC)c(C)n3[B-](F)(F)[N+]2=C1C,CCO,538.0
2632,CCC1=C(C)C2=C(c3c4ccccc4c(-c4ccccc4)c4ccccc34)c3c(C)c(CC)c(C)n3[B-](F)(F)[N+]2=C1C,CN(C)C=O,539.0
2633,CCC1=C(C)C2=C(c3c4ccccc4c(-c4ccccc4)c4ccccc34)c3c(C)c(CC)c(C)n3[B-](F)(F)[N+]2=C1C,Cc1ccccc1,544.0
2634,CCC1=C(C)C2=C(c3c4ccccc4c(-c4ccccc4)c4ccccc34)c3c(C)c(CC)c(C)n3[B-](F)(F)[N+]2=C1C,ClCCl,543.0
11481,F[B-]1(F)n2cccc2C(c2c3ccccc3c(-c3ccccc3)c3ccccc23)=C2C=CC=[N+]21,CC#N,524.0
11482,F[B-]1(F)n2cccc2C(c2c3ccccc3c(-c3ccccc3)c3ccccc23)=C2C=CC=[N+]21,CCCCCC,564.0
11483,F[B-]1(F)n2cccc2C(c2c3ccccc3c(-c3ccccc3)c3ccccc23)=C2C=CC=[N+]21,CCO,522.0
11484,F[B-]1(F)n2cccc2C(c2c3ccccc3c(-c3ccccc3)c3ccccc23)=C2C=CC=[N+]21,CN(C)C=O,526.0
11485,F[B-]1(F)n2cccc2C(c2c3ccccc3c(-c3ccccc3)c3ccccc23)=C2C=CC=[N+]21,Cc1ccccc1,529.0
11486,F[B-]1(F)n2cccc2C(c2c3ccccc3c(-c3ccccc3)c3ccccc23)=C2C=CC=[N+]21,ClCCl,526.0
2016,CC1=CC(C)=[N+]2C1=C(c1c3ccccc3c(-c3ccccc3)c3ccccc13)c1c(C)cc(C)n1[B-]2(F)F,CC#N,508.0
2017,CC1=CC(C)=[N+]2C1=C(c1c3ccccc3c(-c3ccccc3)c3ccccc13)c1c(C)cc(C)n1[B-]2(F)F,CCCCCC,514.0
2018,CC1=CC(C)=[N+]2C1=C(c1c3ccccc3c(-c3ccccc3)c3ccccc13)c1c(C)cc(C)n1[B-]2(F)F,CCO,512.0
2019,CC1=CC(C)=[N+]2C1=C(c1c3ccccc3c(-c3ccccc3)c3ccccc13)c1c(C)cc(C)n1[B-]2(F)F,CN(C)C=O,515.0
2020,CC1=CC(C)=[N+]2C1=C(c1c3ccccc3c(-c3ccccc3)c3ccccc13)c1c(C)cc(C)n1[B-]2(F)F,Cc1ccccc1,519.0
2021,CC1=CC(C)=[N+]2C1=C(c1c3ccccc3c(-c3ccccc3)c3ccccc13)c1c(C)cc(C)n1[B-]2(F)F,ClCCl,515.0
5217,CCc1ccc(-n2c3ccccc3c3cc4c(cc32)c2ccccc2n4-c2ccc(CC)s2)s1,ClC(Cl)Cl,405.0
11586,Fc1ccc(-c2nc3n(c2-c2ccncc2)CCS3)cc1,C1CCCCC1,397.5
11587,Fc1ccc(-c2nc3n(c2-c2ccncc2)CCS3)cc1,C1CCOC1,414.0
11588,Fc1ccc(-c2nc3n(c2-c2ccncc2)CCS3)cc1,C1COCCO1,412.0
11589,Fc1ccc(-c2nc3n(c2-c2ccncc2)CCS3)cc1,CC#N,420.0
11590,Fc1ccc(-c2nc3n(c2-c2ccncc2)CCS3)cc1,CC(C)(C)O,420.0
11591,Fc1ccc(-c2nc3n(c2-c2ccncc2)CCS3)cc1,CC(C)=O,418.0
11592,Fc1ccc(-c2nc3n(c2-c2ccncc2)CCS3)cc1,CC(C)O,436.0
11593,Fc1ccc(-c2nc3n(c2-c2ccncc2)CCS3)cc1,CCO,438.0
11594,Fc1ccc(-c2nc3n(c2-c2ccncc2)CCS3)cc1,CCOC(C)=O,414.0
11595,Fc1ccc(-c2nc3n(c2-c2ccncc2)CCS3)cc1,CN(C)C=O,426.0
11596,Fc1ccc(-c2nc3n(c2-c2ccncc2)CCS3)cc1,CNC=O,446.0
11597,Fc1ccc(-c2nc3n(c2-c2ccncc2)CCS3)cc1,CO,439.0
11598,Fc1ccc(-c2nc3n(c2-c2ccncc2)CCS3)cc1,CS(C)=O,436.0
11599,Fc1ccc(-c2nc3n(c2-c2ccncc2)CCS3)cc1,Cc1ccc(C)cc1,411.5
11600,Fc1ccc(-c2nc3n(c2-c2ccncc2)CCS3)cc1,Cc1ccccc1,412.0
11601,Fc1ccc(-c2nc3n(c2-c2ccncc2)CCS3)cc1,ClC(Cl)Cl,413.5
11602,Fc1ccc(-c2nc3n(c2-c2ccncc2)CCS3)cc1,ClCCl,415.0
11603,Fc1ccc(-c2nc3n(c2-c2ccncc2)CCS3)cc1,O,415.0
11604,Fc1ccc(-c2nc3n(c2-c2ccncc2)CCS3)cc1,OCCO,440.5
11605,Fc1ccc(-c2nc3n(c2-c2ccncc2)CCS3)cc1,c1ccncc1,434.0
1189,CC(C)(C)c1ccc2c(c1)c1cc(C(C)(C)C)ccc1n2-c1ccc(S(=O)(=O)c2cccc(S(=O)(=O)c3ccc(-n4c5ccc(C(C)(C)C)cc5c5cc(C(C)(C)C)ccc54)cc3)c2)cc1,Cc1ccccc1,422.0
14626,c1ccc(-c2ccc3c4ccc(-c5ccccc5)c5c(-c6ccccc6)ccc(c6cccc2c63)c54)cc1,ClCCl,500.0
15093,c1ccc2c(-c3cc(-c4c5ccccc5cc5ccccc45)cc(-c4c5ccccc5cc5ccccc45)c3)c3ccccc3cc2c1,C1CCOC1,400.0
5683,CN(C)c1ccc(-c2nc(C#N)c(C#N)n2C)cc1,CO,427.0
5684,CN(C)c1ccc(-c2nc(C#N)c(C#N)n2C)cc1,ClC(Cl)Cl,437.0
5681,CN(C)c1ccc(-c2nc(C#N)c(C#N)n2C)cc1,C1CCCCC1,375.0
5682,CN(C)c1ccc(-c2nc(C#N)c(C#N)n2C)cc1,CC#N,519.0
12804,O=C(O)c1ccc(-c2nc(-c3ccccc3)c3c4ccccc4ccn23)cc1,CC#N,473.0
4884,CCOC(=O)c1c2c3c(ccc(Br)c3c3cc4ccccc4cc13)N(C)C2=O,CC#N,413.0
4886,CCOC(=O)c1c2c3c(ccc(C)c3c3cc4ccccc4cc13)N(C)C2=O,CC#N,413.0
4888,CCOC(=O)c1c2c3c(ccc(Cl)c3c3cc4ccccc4cc13)N(C)C2=O,CC#N,414.0
4890,CCOC(=O)c1c2c3c(ccc(F)c3c3cc4ccccc4cc13)N(C)C2=O,CC#N,415.0
4892,CCOC(=O)c1c2c3c(ccc(OC)c3c3cc4ccccc4cc13)N(C)C2=O,CC#N,413.0
4894,CCOC(=O)c1c2c3c(ccc([N+](=O)[O-])c3c3cc4ccccc4cc13)N(C)C2=O,CC#N,413.0
4896,CCOC(=O)c1c2c3c(cccc3c3cc4ccccc4cc13)N(C)C2=O,CC#N,413.0
10038,Cc1cc(C)cc(NC(=O)c2sc(Br)nc2C)c1,C1CCOC1,413.2
10039,Cc1cc(C)cc(NC(=O)c2sc(Br)nc2C)c1,CC#N,399.0
10040,Cc1cc(C)cc(NC(=O)c2sc(Br)nc2C)c1,CCCCCC,400.6
10041,Cc1cc(C)cc(NC(=O)c2sc(Br)nc2C)c1,CCOC(C)=O,405.5
10042,Cc1cc(C)cc(NC(=O)c2sc(Br)nc2C)c1,CN(C)C=O,398.2
10043,Cc1cc(C)cc(NC(=O)c2sc(Br)nc2C)c1,CO,402.0
10044,Cc1cc(C)cc(NC(=O)c2sc(Br)nc2C)c1,CS(C)=O,402.5
10045,Cc1cc(C)cc(NC(=O)c2sc(Br)nc2C)c1,ClC(Cl)Cl,411.5
10659,Cc1ccc(NC(=O)c2sc(Br)nc2C)cc1,C1CCOC1,407.5
10660,Cc1ccc(NC(=O)c2sc(Br)nc2C)cc1,CC#N,399.5
10661,Cc1ccc(NC(=O)c2sc(Br)nc2C)cc1,CCCCCC,399.0
10662,Cc1ccc(NC(=O)c2sc(Br)nc2C)cc1,CCOC(C)=O,404.5
10663,Cc1ccc(NC(=O)c2sc(Br)nc2C)cc1,CN(C)C=O,451.0
10664,Cc1ccc(NC(=O)c2sc(Br)nc2C)cc1,CO,403.0
10665,Cc1ccc(NC(=O)c2sc(Br)nc2C)cc1,CS(C)=O,401.5
10666,Cc1ccc(NC(=O)c2sc(Br)nc2C)cc1,ClC(Cl)Cl,412.4
13895,O=c1c2cc(F)c(O)cc2oc2cc(N3CCCCC3)c(F)cc12,CCO,445.0
7236,COC(=O)CCC1=CC(C#Cc2ccsc2)=[N+]2C1=Cc1c(CCC(=O)OC)cc(C#Cc3ccsc3)n1[B-]2(F)F,ClCCl,653.0
3262,CCCCCCCCOc1ccc(-c2c3c4n(c(-c5ccc(OCCCCCCCC)cc5)c3c3n2[B-](F)(F)[n+]2c(sc5ccccc52)N=3)[B-](F)(F)[n+]2c(sc3ccccc32)N=4)cc1,ClC(Cl)Cl,676.0
236,C(=C/c1ccc(N(c2ccccc2)c2ccccc2)cc1)\c1ccc(-c2cc(-c3ccccn3)nc(-c3ccccn3)c2)cc1,C1CCOC1,502.0
237,C(=C/c1ccc(N(c2ccccc2)c2ccccc2)cc1)\c1ccc(-c2cc(-c3ccccn3)nc(-c3ccccn3)c2)cc1,C1COCCO1,466.0
238,C(=C/c1ccc(N(c2ccccc2)c2ccccc2)cc1)\c1ccc(-c2cc(-c3ccccn3)nc(-c3ccccn3)c2)cc1,CC#N,560.0
239,C(=C/c1ccc(N(c2ccccc2)c2ccccc2)cc1)\c1ccc(-c2cc(-c3ccccn3)nc(-c3ccccn3)c2)cc1,CCO,556.0
240,C(=C/c1ccc(N(c2ccccc2)c2ccccc2)cc1)\c1ccc(-c2cc(-c3ccccn3)nc(-c3ccccn3)c2)cc1,ClCCl,519.0
15071,c1ccc(Nc2nc(Nc3ccccc3)nc(Nc3ccc4c5cccc6cccc(c7cccc3c74)c65)n2)cc1,CC#N,492.0
15072,c1ccc(Nc2nc(Nc3ccccc3)nc(Nc3ccc4c5cccc6cccc(c7cccc3c74)c65)n2)cc1,CCCCOCCCC,486.0
15073,c1ccc(Nc2nc(Nc3ccccc3)nc(Nc3ccc4c5cccc6cccc(c7cccc3c74)c65)n2)cc1,CCOC(C)=O,488.0
15070,c1ccc(Nc2nc(Nc3ccccc3)nc(Nc3ccc4c5cccc6cccc(c7cccc3c74)c65)n2)cc1,C1COCCO1,487.0
3991,CCN(CC)c1ccc(-c2nc(Oc3ccc(-c4nc5ccc(Cl)cc5o4)cc3)nc(Oc3ccc(-c4nc5ccc(Cl)cc5o4)cc3)n2)cc1,CN(C)C=O,424.0
6503,CN(C)c1ccc2c(c1)[Si](C)(C)C1=CC(=[N+](C)C)C=CC1=C2,CO,648.0
6504,CN(C)c1ccc2c(c1)[Si](C)(C)C1=CC(=[N+](C)C)C=CC1=C2,O,648.0
15301,c1ccc2nc3cccc(-c4ccc(-n5c6ccccc6c6ccccc65)cc4)c3cc2c1,C1CCOC1,466.0
15302,c1ccc2nc3cccc(-c4ccc(-n5c6ccccc6c6ccccc65)cc4)c3cc2c1,CC#N,527.0
15303,c1ccc2nc3cccc(-c4ccc(-n5c6ccccc6c6ccccc65)cc4)c3cc2c1,CC(C)=O,497.0
15304,c1ccc2nc3cccc(-c4ccc(-n5c6ccccc6c6ccccc65)cc4)c3cc2c1,CC(C)OC(C)C,444.0
15305,c1ccc2nc3cccc(-c4ccc(-n5c6ccccc6c6ccccc65)cc4)c3cc2c1,CCCCCC,434.0
15306,c1ccc2nc3cccc(-c4ccc(-n5c6ccccc6c6ccccc65)cc4)c3cc2c1,CCCCOCCCC,442.0
15307,c1ccc2nc3cccc(-c4ccc(-n5c6ccccc6c6ccccc65)cc4)c3cc2c1,CCOC(C)=O,460.0
15308,c1ccc2nc3cccc(-c4ccc(-n5c6ccccc6c6ccccc65)cc4)c3cc2c1,CCOCC,443.0
15309,c1ccc2nc3cccc(-c4ccc(-n5c6ccccc6c6ccccc65)cc4)c3cc2c1,ClCCl,486.0
1352,CC(C)[Si](C#Cc1c2cc3ccccc3cc2c(C#C[Si](C(C)C)(C(C)C)C(C)C)c2nc3cc4c(cc3nc12)C1c2ccccc2C4c2ccccc21)(C(C)C)C(C)C,CCCCCC,682.0
1353,CC(C)[Si](C#Cc1c2cc3ccccc3cc2c(C#C[Si](C(C)C)(C(C)C)C(C)C)c2nc3cc4c(cc3nc12)C1c2ccccc2C4c2ccccc21)(C(C)C)C(C)C,ClCCl,718.0
9708,Cc1c(COC(=O)Cc2ccccc2)n2c(OCC(=O)Cc3ccccc3)c(C)c(=O)n2c1=O,CCO,457.0
2802,CCCCC(CC)COc1ccc2nc(-c3ccc(-c4cccs4)s3)sc2c1,ClCCl,438.0
1830,CC1(C)c2ccccc2N(c2ccc(C(=O)/C=C(\O)c3ccc(N4c5ccccc5C(C)(C)c5ccccc54)cc3)cc2)c2ccccc21,Cc1ccccc1,533.0
1831,CC1(C)c2ccccc2N(c2ccc(C(=O)/C=C(\O)c3ccc(N4c5ccccc5C(C)(C)c5ccccc54)cc3)cc2)c2ccccc21,c1ccc2c(c1)c1ccccc1n2-c1ccc(-c2ccc(-n3c4ccccc4c4ccccc43)cc2)cc1,524.6284501
3524,CCCCCc1ccc(C#Cc2cc(C#Cc3ccc(CCCCC)cc3)c3ccc4c(C(=O)c5ccccc5)cc(C#Cc5ccc(CCCCC)cc5)c5ccc2c3c54)cc1,ClCCl,511.0
208,C(=C/c1ccc(-c2cccc3ccccc23)s1)\c1ccc(-c2cccc3ccccc23)s1,ClCCl,475.0
7472,COC(=O)c1noc(-c2ccccc2)c1Br,C1CCCCC1,344.0
7473,COC(=O)c1noc(-c2ccccc2)c1Cl,C1CCCCC1,344.0
7626,COOCc1noc(-c2ccccc2)c1Br,C1CCCCC1,345.0
7627,COOCc1noc(-c2ccccc2)c1Cl,C1CCCCC1,345.0
14075,OC1(c2ccc(-c3cccs3)s2)CCC1,C1CCOC1,470.0
14076,OC1(c2ccc(-c3cccs3)s2)CCC1,CC#N,460.0
14077,OC1(c2ccc(-c3cccs3)s2)CCC1,CCCCCC,465.0
14078,OC1(c2ccc(-c3cccs3)s2)CCC1,CCO,415.0
14079,OC1(c2ccc(-c3cccs3)s2)CCC1,OCCOCCO,465.0
14080,OC1(c2ccc(-c3cccs3)s2)CCC1,c1ccncc1,468.0
4635,CCOC(=O)/C=C/c1cc2ccc(O)cc2oc1=O,CCO,430.0
535,C=CC(=O)Oc1ccc2cc(C=C)c(=O)oc2c1,CC#N,430.0
4150,CCN(CC)c1ccc2c(C(F)(F)F)cc(=O)oc2c1,C1CCCCC1,433.0
4151,CCN(CC)c1ccc2c(C(F)(F)F)cc(=O)oc2c1,CC#N,501.0
4152,CCN(CC)c1ccc2c(C(F)(F)F)cc(=O)oc2c1,CCO,509.0
4153,CCN(CC)c1ccc2c(C(F)(F)F)cc(=O)oc2c1,CCOC(C)=O,479.0
4154,CCN(CC)c1ccc2c(C(F)(F)F)cc(=O)oc2c1,OCC(O)CO,524.0
4155,CCN(CC)c1ccc2c(C)cc(=O)oc2c1,C1CCCCC1,395.0
4156,CCN(CC)c1ccc2c(C)cc(=O)oc2c1,CC#N,430.0
4157,CCN(CC)c1ccc2c(C)cc(=O)oc2c1,CCCCCCCCO,443.0
4158,CCN(CC)c1ccc2c(C)cc(=O)oc2c1,CCCCCCO,444.0
4159,CCN(CC)c1ccc2c(C)cc(=O)oc2c1,CCCCO,447.0
4160,CCN(CC)c1ccc2c(C)cc(=O)oc2c1,CCCO,452.0
4161,CCN(CC)c1ccc2c(C)cc(=O)oc2c1,CCO,452.5
4162,CCN(CC)c1ccc2c(C)cc(=O)oc2c1,CCOC(C)=O,416.0
4163,CCN(CC)c1ccc2c(C)cc(=O)oc2c1,CO,462.0
4164,CCN(CC)c1ccc2c(C)cc(=O)oc2c1,O,470.0
4165,CCN(CC)c1ccc2c(C)cc(=O)oc2c1,OCC(O)CO,463.0
582,C=Cc1cc2ccc(N(CC)CC)cc2oc1=O,CC#N,470.0
584,C=Cc1cc2ccc(OC)cc2oc1=O,CC#N,425.0
585,C=Cc1cc2ccccc2oc1=O,CC#N,413.0
80,C#Cc1ccc2c(C)cc(=O)oc2c1,CCO,380.0
81,C#Cc1ccc2cc(/C=C/C(=O)OCC)c(=O)oc2c1,CCO,412.0
11877,N#C[Se]CCCCCOc1ccc2ccc(=O)oc2c1,C1CCCCC1,378.0
11878,N#C[Se]CCCCCOc1ccc2ccc(=O)oc2c1,C1CCOC1,391.0
11879,N#C[Se]CCCCCOc1ccc2ccc(=O)oc2c1,C1COCCO1,386.0
11880,N#C[Se]CCCCCOc1ccc2ccc(=O)oc2c1,CC#N,387.0
11881,N#C[Se]CCCCCOc1ccc2ccc(=O)oc2c1,CCCCCCC,391.0
11882,N#C[Se]CCCCCOc1ccc2ccc(=O)oc2c1,CCO,386.0
11883,N#C[Se]CCCCCOc1ccc2ccc(=O)oc2c1,CN(C)C=O,396.0
11884,N#C[Se]CCCCCOc1ccc2ccc(=O)oc2c1,CO,391.0
11885,N#C[Se]CCCCCOc1ccc2ccc(=O)oc2c1,O,397.0
11886,N#C[Se]CCCCCOc1ccc2ccc(=O)oc2c1,OCCO,392.0
9852,Cc1cc(=O)oc2cc(O)ccc12,CCO,380.0
13986,O=c1ccc2ccccc2o1,O,385.0
702,CC(=O)c1c(N[C@@H](CC(C)C)C(=O)O)c2ccc(N(C)C)cc2oc1=O,ClCCl,446.0
703,CC(=O)c1c(N[C@@H](CS)C(=O)O)c2ccc(N(C)C)cc2oc1=O,ClCCl,424.0
706,CC(=O)c1c(N[C@H](C(=O)O)C(C)C)c2ccc(N(C)C)cc2oc1=O,ClCCl,446.0
7894,COc1cc(OC)c2ccc(=O)oc2c1,CC(C)O,417.0
7895,COc1cc(OC)c2ccc(=O)oc2c1,CCO,425.0
7896,COc1cc(OC)c2ccc(=O)oc2c1,CCOCC,390.0
7897,COc1cc(OC)c2ccc(=O)oc2c1,CO,432.0
7898,COc1cc(OC)c2ccc(=O)oc2c1,O,450.0
12522,Nc1ccc2c(C(F)(F)F)cc(=O)oc2c1,C1CCC2CCCCC2C1,404.0
12523,Nc1ccc2c(C(F)(F)F)cc(=O)oc2c1,C1CCCCC1,401.0
12524,Nc1ccc2c(C(F)(F)F)cc(=O)oc2c1,C1COCCO1,442.0
12525,Nc1ccc2c(C(F)(F)F)cc(=O)oc2c1,CC#N,463.0
12526,Nc1ccc2c(C(F)(F)F)cc(=O)oc2c1,CC(C)=O,466.0
12527,Nc1ccc2c(C(F)(F)F)cc(=O)oc2c1,CC(C)O,481.0
12528,Nc1ccc2c(C(F)(F)F)cc(=O)oc2c1,CC1CCCCC1,401.0
12529,Nc1ccc2c(C(F)(F)F)cc(=O)oc2c1,CCC(C)CC,400.0
12530,Nc1ccc2c(C(F)(F)F)cc(=O)oc2c1,CCCCCC,401.0
12531,Nc1ccc2c(C(F)(F)F)cc(=O)oc2c1,CCCCCCCCO,480.0
12532,Nc1ccc2c(C(F)(F)F)cc(=O)oc2c1,CCCCCCO,481.0
12533,Nc1ccc2c(C(F)(F)F)cc(=O)oc2c1,CCCCO,484.0
4332,CCN(CC)c1ccc2cc(/C=C/C(O)=C/C(C)=O)c(=O)oc2c1,CC#N,542.0
4333,CCN(CC)c1ccc2cc(/C=C/C(O)=C/C(C)=O)c(=O)oc2c1,CC(C)=O,532.0
4334,CCN(CC)c1ccc2cc(/C=C/C(O)=C/C(C)=O)c(=O)oc2c1,CCOC(C)=O,518.0
4335,CCN(CC)c1ccc2cc(/C=C/C(O)=C/C(C)=O)c(=O)oc2c1,CO,558.0
4336,CCN(CC)c1ccc2cc(/C=C/C(O)=C/C(C)=O)c(=O)oc2c1,CS(C)=O,556.0
4337,CCN(CC)c1ccc2cc(/C=C/C(O)=C/C(C)=O)c(=O)oc2c1,Cc1ccccc1,502.0
4338,CCN(CC)c1ccc2cc(/C=C/C(O)=C/C(C)=O)c(=O)oc2c1,ClC(Cl)Cl,515.0
4339,CCN(CC)c1ccc2cc(/C=C/C(O)=C/C(C)=O)c(=O)oc2c1,ClCCl,525.0
12534,Nc1ccc2c(C(F)(F)F)cc(=O)oc2c1,CCO,485.0
12535,Nc1ccc2c(C(F)(F)F)cc(=O)oc2c1,CCOC(C)=O,456.0
12536,Nc1ccc2c(C(F)(F)F)cc(=O)oc2c1,CN(C)C=O,480.0
12537,Nc1ccc2c(C(F)(F)F)cc(=O)oc2c1,CO,487.0
12538,Nc1ccc2c(C(F)(F)F)cc(=O)oc2c1,CS(C)=O,487.0
12064,N#Cc1cc2ccc(O)cc2oc1=O,C1CCCCC1,411.0
12065,N#Cc1cc2ccc(O)cc2oc1=O,C1CCOC1,405.0
12066,N#Cc1cc2ccc(O)cc2oc1=O,CC#N,402.0
12067,N#Cc1cc2ccc(O)cc2oc1=O,CCOC(C)=O,406.0
12068,N#Cc1cc2ccc(O)cc2oc1=O,CS(C)=O,401.0
12069,N#Cc1cc2ccc(O)cc2oc1=O,ClC(Cl)Cl,408.0
12070,N#Cc1cc2ccc(O)cc2oc1=O,O,410.0
12071,N#Cc1cc2ccc([O-])cc2oc1=O,O,450.0
4387,CCN(CC)c1ccc2cc(C#N)c(=O)oc2c1,ClCCl,460.0
4396,CCN(CC)c1ccc2ccc(=O)oc2c1,CC(C)=O,430.0
4397,CCN(CC)c1ccc2ccc(=O)oc2c1,CCCCCC,392.0
4398,CCN(CC)c1ccc2ccc(=O)oc2c1,CCCCCCC,390.0
4399,CCN(CC)c1ccc2ccc(=O)oc2c1,CCCCO,442.0
4400,CCN(CC)c1ccc2ccc(=O)oc2c1,CCCO,442.0
4401,CCN(CC)c1ccc2ccc(=O)oc2c1,CCO,443.0
4402,CCN(CC)c1ccc2ccc(=O)oc2c1,CCOCC,405.0
4403,CCN(CC)c1ccc2ccc(=O)oc2c1,CN(C)C=O,440.0
4404,CCN(CC)c1ccc2ccc(=O)oc2c1,CO,445.0
4405,CCN(CC)c1ccc2ccc(=O)oc2c1,Cc1ccccc1,418.0
4406,CCN(CC)c1ccc2ccc(=O)oc2c1,ClC(Cl)(Cl)Cl,412.0
4407,CCN(CC)c1ccc2ccc(=O)oc2c1,ClC(Cl)Cl,435.0
4408,CCN(CC)c1ccc2ccc(=O)oc2c1,ClCCl,466.0
4409,CCN(CC)c1ccc2ccc(=O)oc2c1,OCCO,445.0
4410,CCN(CC)c1ccc2ccc(=O)oc2c1,c1ccccc1,395.0
12092,N#Cc1cc2ccccc2oc1=O,C1CCOC1,409.0
12093,N#Cc1cc2ccccc2oc1=O,CC#N,407.0
12094,N#Cc1cc2ccccc2oc1=O,CCOC(C)=O,410.0
12095,N#Cc1cc2ccccc2oc1=O,CS(C)=O,405.0
12096,N#Cc1cc2ccccc2oc1=O,ClC(Cl)Cl,411.0
12091,N#Cc1cc2ccccc2oc1=O,C1CCCCC1,412.0
5042,CC[C@H](C)[C@H](Nc1c(C(C)=O)c(=O)oc2cc(N(C)C)ccc12)C(=O)O,ClCCl,445.0
4548,CCNc1cc2oc(=O)cc(C(F)(F)F)c2cc1C,CC#N,481.0
4549,CCNc1cc2oc(=O)cc(C)c2cc1C,CC#N,420.0
7640,COc1c(C(C)=O)c(=O)oc2cc(N(C)C)ccc12,ClCCl,419.0
4568,CCNc1ccc2c(C(F)(F)F)cc(=O)oc2c1,C1CCC2CCCCC2C1,420.0
4569,CCNc1ccc2c(C(F)(F)F)cc(=O)oc2c1,C1CCCCC1,417.0
4570,CCNc1ccc2c(C(F)(F)F)cc(=O)oc2c1,CC#N,485.0
4571,CCNc1ccc2c(C(F)(F)F)cc(=O)oc2c1,CC(C)=O,485.0
4572,CCNc1ccc2c(C(F)(F)F)cc(=O)oc2c1,CC(C)O,490.0
4573,CCNc1ccc2c(C(F)(F)F)cc(=O)oc2c1,CC1CCCCC1,417.0
4574,CCNc1ccc2c(C(F)(F)F)cc(=O)oc2c1,CCC(C)CC,415.0
4575,CCNc1ccc2c(C(F)(F)F)cc(=O)oc2c1,CCCC(C)C,415.0
4576,CCNc1ccc2c(C(F)(F)F)cc(=O)oc2c1,CCCCCC,417.0
4577,CCNc1ccc2c(C(F)(F)F)cc(=O)oc2c1,CCCCCCO,490.0
4578,CCNc1ccc2c(C(F)(F)F)cc(=O)oc2c1,CCCCO,493.0
4579,CCNc1ccc2c(C(F)(F)F)cc(=O)oc2c1,CCO,500.0
4580,CCNc1ccc2c(C(F)(F)F)cc(=O)oc2c1,CCOC(C)=O,478.0
4581,CCNc1ccc2c(C(F)(F)F)cc(=O)oc2c1,CO,500.0
1486,CC(C)c1cccc(C(C)C)c1-n1c(=O)c2ccc3c4ccc5c(=O)n(-c6c(C(C)C)cccc6C(C)C)c(=O)c6cc7c(-c8ccccc8)nc8cc(c1=O)c2c3c8c7c4c56,ClC(Cl)Cl,493.0
3217,CCCCCCCCCCn1nnc(-c2ccc(C#Cc3ccc(C#Cc4ccc(-c5nnn(CCCCCCCCCC)n5)cc4)c4nc5c6ccccc6c6ccccc6c5nc34)cc2)n1,C1CCOC1,495.0
3218,CCCCCCCCCCn1nnc(-c2ccc(C#Cc3ccc(C#Cc4ccc(-c5nnn(CCCCCCCCCC)n5)cc4)c4nc5c6ccccc6c6ccccc6c5nc34)cc2)n1,Cc1ccccc1,488.0
3219,CCCCCCCCCCn1nnc(-c2ccc(C#Cc3ccc(C#Cc4ccc(-c5nnn(CCCCCCCCCC)n5)cc4)c4nc5c6ccccc6c6ccccc6c5nc34)cc2)n1,ClCCl,502.0
3299,CCCCCCCCn1nnc(-c2ccc(C#Cc3ccc(C#Cc4ccc(-c5nnn(CCCCCCCC)n5)cc4)c4nc5c6ccccc6c6ccccc6c5nc34)cc2)n1,C1CCOC1,495.0
3300,CCCCCCCCn1nnc(-c2ccc(C#Cc3ccc(C#Cc4ccc(-c5nnn(CCCCCCCC)n5)cc4)c4nc5c6ccccc6c6ccccc6c5nc34)cc2)n1,Cc1ccccc1,488.0
3301,CCCCCCCCn1nnc(-c2ccc(C#Cc3ccc(C#Cc4ccc(-c5nnn(CCCCCCCC)n5)cc4)c4nc5c6ccccc6c6ccccc6c5nc34)cc2)n1,ClCCl,502.0
14486,c1cc2ccc3cc4cccc5ccc6cc(c1)c2c3c6c54,CC#N,436.0
14487,c1cc2ccc3cc4cccc5ccc6cc(c1)c2c3c6c54,CO,436.0
14488,c1cc2ccc3cc4cccc5ccc6cc(c1)c2c3c6c54,Cc1ccccc1,436.0
14489,c1cc2ccc3cc4cccc5ccc6cc(c1)c2c3c6c54,ClCCl,437.0
14485,c1cc2ccc3cc4cccc5ccc6cc(c1)c2c3c6c54,C1CCCCC1,436.0
14356,S=P1(c2ccccc2)C(c2ccccc2)=Cc2cc3ccccc3cc21,ClCCl,425.0
1841,CC1(C)c2ccccc2N(c2ccc3c(c2)Oc2ccccc2P3(=O)c2ccccc2)c2ccccc21,Cc1ccccc1,433.0
1842,CC1(C)c2ccccc2N(c2ccc3c(c2)Oc2ccccc2P3(=O)c2ccccc2)c2ccccc21,O=P(c1ccccc1)(c1ccccc1)c1ccccc1Oc1ccccc1P(=O)(c1ccccc1)c1ccccc1,434.0
12115,N#Cc1ccc(-c2ccc3c(c2)c2cc(-c4ccc(C#N)cc4)ccc2c2c3nc(-c3ccc(-c4ccc(N(c5ccccc5)c5ccccc5)cc4)cc3)n2-c2ccccc2)cc1,C1CCOC1,468.6788155
12116,N#Cc1ccc(-c2ccc3c(c2)c2cc(-c4ccc(C#N)cc4)ccc2c2c3nc(-c3ccc(-c4ccc(N(c5ccccc5)c5ccccc5)cc4)cc3)n2-c2ccccc2)cc1,CC#N,519.9316629
12117,N#Cc1ccc(-c2ccc3c(c2)c2cc(-c4ccc(C#N)cc4)ccc2c2c3nc(-c3ccc(-c4ccc(N(c5ccccc5)c5ccccc5)cc4)cc3)n2-c2ccccc2)cc1,CCCCCC,421.1845103
12118,N#Cc1ccc(-c2ccc3c(c2)c2cc(-c4ccc(C#N)cc4)ccc2c2c3nc(-c3ccc(-c4ccc(N(c5ccccc5)c5ccccc5)cc4)cc3)n2-c2ccccc2)cc1,CCOCC,449.2027335
7320,COC(=O)c1cc(=O)n(C)c2cc(-c3ccc4c(c3)OCO4)sc12,CC#N,482.0
7321,COC(=O)c1cc(=O)n(C)c2cc(-c3ccc4c(c3)OCO4)sc12,ClCCl,474.0
3489,CCCCCCn1c2ccccc2c2cc(/C=C/c3cc(=O)oc4cc(C)ccc34)ccc21,ClC(Cl)Cl,504.0
3488,CCCCCCn1c2ccccc2c2cc(/C=C/c3cc(=O)oc4cc(C)ccc34)ccc21,CS(C)=O,542.0
6220,CN(C)c1ccc(C#Cc2ccc(C#Cc3ccc(C#Cc4ccccc4C#N)cc3C#N)cc2C#N)cc1,C1CCOC1,621.0
6221,CN(C)c1ccc(C#Cc2ccc(C#Cc3ccc(C#Cc4ccccc4C#N)cc3C#N)cc2C#N)cc1,CC#N,682.0
6222,CN(C)c1ccc(C#Cc2ccc(C#Cc3ccc(C#Cc4ccccc4C#N)cc3C#N)cc2C#N)cc1,CN(C)C=O,699.0
6223,CN(C)c1ccc(C#Cc2ccc(C#Cc3ccc(C#Cc4ccccc4C#N)cc3C#N)cc2C#N)cc1,ClC(Cl)Cl,555.0
6224,CN(C)c1ccc(C#Cc2ccc(C#Cc3ccc(C#Cc4ccccc4C#N)cc3C#N)cc2C#N)cc1,c1ccccc1,519.0
9494,CSc1ccc(C#Cc2ccc(C#Cc3ccc(C#Cc4ccccc4C#N)cc3C#N)cc2C#N)cc1,ClC(Cl)Cl,455.0
10422,Cc1ccc(C#Cc2ccc(C#Cc3ccc(C#Cc4ccccc4C#N)cc3C#N)cc2C#N)cc1,ClC(Cl)Cl,403.0
107,C(#Cc1ccc(C#Cc2ccc(C#Cc3ccccc3)cc2)cc1)c1ccccc1,ClC(Cl)Cl,387.0
12166,N#Cc1ccc(C#Cc2ccc(C#Cc3ccc(C#Cc4ccccc4C#N)cc3C#N)cc2C#N)cc1,C1CCOC1,390.0
12167,N#Cc1ccc(C#Cc2ccc(C#Cc3ccc(C#Cc4ccccc4C#N)cc3C#N)cc2C#N)cc1,CC#N,388.0
12168,N#Cc1ccc(C#Cc2ccc(C#Cc3ccc(C#Cc4ccccc4C#N)cc3C#N)cc2C#N)cc1,CN(C)C=O,394.0
12169,N#Cc1ccc(C#Cc2ccc(C#Cc3ccc(C#Cc4ccccc4C#N)cc3C#N)cc2C#N)cc1,ClC(Cl)Cl,392.0
12170,N#Cc1ccc(C#Cc2ccc(C#Cc3ccc(C#Cc4ccccc4C#N)cc3C#N)cc2C#N)cc1,c1ccccc1,393.0
8650,COc1ccc(C#Cc2ccc(C#Cc3ccc(C#Cc4ccccc4C#N)cc3C#N)cc2C#N)cc1,C1CCOC1,460.0
8651,COc1ccc(C#Cc2ccc(C#Cc3ccc(C#Cc4ccccc4C#N)cc3C#N)cc2C#N)cc1,CC#N,490.0
8652,COc1ccc(C#Cc2ccc(C#Cc3ccc(C#Cc4ccccc4C#N)cc3C#N)cc2C#N)cc1,CN(C)C=O,513.0
8653,COc1ccc(C#Cc2ccc(C#Cc3ccc(C#Cc4ccccc4C#N)cc3C#N)cc2C#N)cc1,ClC(Cl)Cl,434.0
8654,COc1ccc(C#Cc2ccc(C#Cc3ccc(C#Cc4ccccc4C#N)cc3C#N)cc2C#N)cc1,c1ccccc1,420.0
2488,CCC12C(=C3C(=C4c5ccc(-c6ccc(C(C)=O)s6)cc5S(=O)(=O)C41CC)C(F)(F)C(F)(F)C3(F)F)c1ccc(-c3ccc(C(C)=O)s3)cc1S2(=O)=O,C1COCCO1,560.3950104
2489,CCC12C(=C3C(=C4c5ccc(-c6ccc(C)s6)cc5S(=O)(=O)C41CC)C(F)(F)C(F)(F)C3(F)F)c1ccc(-c3ccc(C)s3)cc1S2(=O)=O,C1COCCO1,591.0
2490,CCC12C(=C3C(=C4c5ccc(-c6ccc(C)s6)cc5S(=O)(=O)C41CC)C(F)(F)C(F)(F)C3(F)F)c1ccc(-c3ccc(C)s3)cc1S2(=O)=O,CC#N,633.0
2491,CCC12C(=C3C(=C4c5ccc(-c6ccc(C)s6)cc5S(=O)(=O)C41CC)C(F)(F)C(F)(F)C3(F)F)c1ccc(-c3ccc(C)s3)cc1S2(=O)=O,CCCCCC,560.0
2492,CCC12C(=C3C(=C4c5ccc(-c6ccc(C)s6)cc5S(=O)(=O)C41CC)C(F)(F)C(F)(F)C3(F)F)c1ccc(-c3ccc(C)s3)cc1S2(=O)=O,CCO,618.0
2493,CCC12C(=C3C(=C4c5ccc(-c6ccc(C)s6)cc5S(=O)(=O)C41CC)C(F)(F)C(F)(F)C3(F)F)c1ccc(-c3ccc(C)s3)cc1S2(=O)=O,CS(C)=O,663.0769231
2494,CCC12C(=C3C(=C4c5ccc(-c6ccc(C)s6)cc5S(=O)(=O)C41CC)C(F)(F)C(F)(F)C3(F)F)c1ccc(-c3ccc(C)s3)cc1S2(=O)=O,ClC(Cl)(Cl)Cl,571.8681319
2495,CCC12C(=C3C(=C4c5ccc(-c6ccc(C)s6)cc5S(=O)(=O)C41CC)C(F)(F)C(F)(F)C3(F)F)c1ccc(-c3ccc(C)s3)cc1S2(=O)=O,ClCCl,599.7802198
6684,CN(CC(O)c1cccc(O)c1)c1ccc([N+](=O)[O-])c(C2CC(c3cccc4ccccc34)=NN2c2ccccc2)c1,C1CCCCC1,495.0
6685,CN(CC(O)c1cccc(O)c1)c1ccc([N+](=O)[O-])c(C2CC(c3cccc4ccccc34)=NN2c2ccccc2)c1,C1CCOC1,467.0
6686,CN(CC(O)c1cccc(O)c1)c1ccc([N+](=O)[O-])c(C2CC(c3cccc4ccccc34)=NN2c2ccccc2)c1,C1COCCO1,454.0
6687,CN(CC(O)c1cccc(O)c1)c1ccc([N+](=O)[O-])c(C2CC(c3cccc4ccccc34)=NN2c2ccccc2)c1,CC#N,526.0
6688,CN(CC(O)c1cccc(O)c1)c1ccc([N+](=O)[O-])c(C2CC(c3cccc4ccccc34)=NN2c2ccccc2)c1,CC(C)O,511.0
6689,CN(CC(O)c1cccc(O)c1)c1ccc([N+](=O)[O-])c(C2CC(c3cccc4ccccc34)=NN2c2ccccc2)c1,CCOC(C)=O,498.0
6690,CN(CC(O)c1cccc(O)c1)c1ccc([N+](=O)[O-])c(C2CC(c3cccc4ccccc34)=NN2c2ccccc2)c1,CCOCC,497.0
6691,CN(CC(O)c1cccc(O)c1)c1ccc([N+](=O)[O-])c(C2CC(c3cccc4ccccc34)=NN2c2ccccc2)c1,CO,514.0
6692,CN(CC(O)c1cccc(O)c1)c1ccc([N+](=O)[O-])c(C2CC(c3cccc4ccccc34)=NN2c2ccccc2)c1,Cc1ccccc1,497.0
6693,CN(CC(O)c1cccc(O)c1)c1ccc([N+](=O)[O-])c(C2CC(c3cccc4ccccc34)=NN2c2ccccc2)c1,ClC(Cl)Cl,451.0
6694,CN(CC(O)c1cccc(O)c1)c1ccc([N+](=O)[O-])c(C2CC(c3cccc4ccccc34)=NN2c2ccccc2)c1,O,518.0
6539,CN(C)c1ccc2cc(C(/C=C/c3c[nH]c4ccccc34)=C(C#N)C#N)c(=O)oc2c1,CN(C)C=O,545.0
6540,CN(C)c1ccc2cc(C(/C=C/c3c[nH]c4ccccc34)=C(C#N)C#N)c(=O)oc2c1,CS(C)=O,547.0
6541,CN(C)c1ccc2cc(C(/C=C/c3c[nH]c4ccccc34)=C(C#N)C#N)c(=O)oc2c1,ClCCl,587.0
6542,CN(C)c1ccc2cc(C(/C=C/c3cn(C)c4ccccc34)=C(C#N)C#N)c(=O)oc2c1,C1CCOC1,584.0
6543,CN(C)c1ccc2cc(C(/C=C/c3cn(C)c4ccccc34)=C(C#N)C#N)c(=O)oc2c1,C1COCCO1,568.0
6544,CN(C)c1ccc2cc(C(/C=C/c3cn(C)c4ccccc34)=C(C#N)C#N)c(=O)oc2c1,CN(C)C=O,539.0
6545,CN(C)c1ccc2cc(C(/C=C/c3cn(C)c4ccccc34)=C(C#N)C#N)c(=O)oc2c1,CS(C)=O,555.0
6546,CN(C)c1ccc2cc(C(/C=C/c3cn(C)c4ccccc34)=C(C#N)C#N)c(=O)oc2c1,ClCCl,583.0
6537,CN(C)c1ccc2cc(C(/C=C/c3c[nH]c4ccccc34)=C(C#N)C#N)c(=O)oc2c1,C1CCOC1,576.0
6538,CN(C)c1ccc2cc(C(/C=C/c3c[nH]c4ccccc34)=C(C#N)C#N)c(=O)oc2c1,C1COCCO1,556.0
10833,Cc1cccc(C)c1Nc1ccc(/C=C/c2ccc3ccccc3c2)cc1,CC#N,450.0
10834,Cc1cccc(C)c1Nc1ccc(/C=C/c2ccc3ccccc3c2)cc1,CCCCCC,385.0
252,C(=C/c1ccc2ccccc2c1)\c1ccc(Nc2ccccc2)cc1,CC#N,455.0
253,C(=C/c1ccc2ccccc2c1)\c1ccc(Nc2ccccc2)cc1,CCCCCC,388.0
14651,c1ccc(-c2nc(-c3ccc(-c4ccc(-n5c6ccccc6c6ccccc65)cc4)cn3)oc2-c2ccccc2)cc1,C1CCOC1,411.0
14652,c1ccc(-c2nc(-c3ccc(-c4ccc(-n5c6ccccc6c6ccccc65)cc4)cn3)oc2-c2ccccc2)cc1,C1COCCO1,406.0
14653,c1ccc(-c2nc(-c3ccc(-c4ccc(-n5c6ccccc6c6ccccc65)cc4)cn3)oc2-c2ccccc2)cc1,CC#N,415.0
14654,c1ccc(-c2nc(-c3ccc(-c4ccc(-n5c6ccccc6c6ccccc65)cc4)cn3)oc2-c2ccccc2)cc1,CC(C)=O,413.0
14655,c1ccc(-c2nc(-c3ccc(-c4ccc(-n5c6ccccc6c6ccccc65)cc4)cn3)oc2-c2ccccc2)cc1,CC(C)OC(C)C,398.0
14656,c1ccc(-c2nc(-c3ccc(-c4ccc(-n5c6ccccc6c6ccccc65)cc4)cn3)oc2-c2ccccc2)cc1,CCCCCC,392.0
14657,c1ccc(-c2nc(-c3ccc(-c4ccc(-n5c6ccccc6c6ccccc65)cc4)cn3)oc2-c2ccccc2)cc1,CCCCOCCCC,399.0
14658,c1ccc(-c2nc(-c3ccc(-c4ccc(-n5c6ccccc6c6ccccc65)cc4)cn3)oc2-c2ccccc2)cc1,CCN(CC)CC,396.0
14659,c1ccc(-c2nc(-c3ccc(-c4ccc(-n5c6ccccc6c6ccccc65)cc4)cn3)oc2-c2ccccc2)cc1,CCOC(C)=O,408.0
14660,c1ccc(-c2nc(-c3ccc(-c4ccc(-n5c6ccccc6c6ccccc65)cc4)cn3)oc2-c2ccccc2)cc1,CCOCC,400.0
14661,c1ccc(-c2nc(-c3ccc(-c4ccc(-n5c6ccccc6c6ccccc65)cc4)cn3)oc2-c2ccccc2)cc1,Cc1ccccc1,404.0
14662,c1ccc(-c2nc(-c3ccc(-c4ccc(-n5c6ccccc6c6ccccc65)cc4)cn3)oc2-c2ccccc2)cc1,c1ccccc1,405.0
12745,O=C(O)C1CCCN1C(=O)c1ccc(C2CC(c3cccc4ccccc34)=NN2c2ccccc2)cc1,C1CCCCC1,482.0
12746,O=C(O)C1CCCN1C(=O)c1ccc(C2CC(c3cccc4ccccc34)=NN2c2ccccc2)cc1,C1CCOC1,490.0
12747,O=C(O)C1CCCN1C(=O)c1ccc(C2CC(c3cccc4ccccc34)=NN2c2ccccc2)cc1,C1COCCO1,485.0
12748,O=C(O)C1CCCN1C(=O)c1ccc(C2CC(c3cccc4ccccc34)=NN2c2ccccc2)cc1,CC#N,506.0
12749,O=C(O)C1CCCN1C(=O)c1ccc(C2CC(c3cccc4ccccc34)=NN2c2ccccc2)cc1,CCCCCCC,469.0
12750,O=C(O)C1CCCN1C(=O)c1ccc(C2CC(c3cccc4ccccc34)=NN2c2ccccc2)cc1,CO,492.0
12751,O=C(O)C1CCCN1C(=O)c1ccc(C2CC(c3cccc4ccccc34)=NN2c2ccccc2)cc1,O,468.0
777,CC(=O)c1ccn2c3c(c(-c4ccc(C#N)c(C#N)c4)c2c1)CN(CCCNC(=O)OC(C)(C)C)C3=O,CO,500.0
778,CC(=O)c1ccn2c3c(c(-c4ccc(C#N)cc4)c2c1)CN(CCCNC(=O)OC(C)(C)C)C3=O,CO,512.0
779,CC(=O)c1ccn2c3c(c(-c4ccc(C(F)(F)F)cc4)c2c1)CN(CCCNC(=O)OC(C)(C)C)C3=O,CO,514.0
780,CC(=O)c1ccn2c3c(c(-c4ccc(C)cc4)c2c1)CN(CCCNC(=O)OC(C)(C)C)C3=O,CO,534.0
781,CC(=O)c1ccn2c3c(c(-c4ccc(F)cc4)c2c1)CN(CCCNC(=O)OC(C)(C)C)C3=O,CO,525.0
782,CC(=O)c1ccn2c3c(c(-c4ccc(N)cc4)c2c1)CN(CCCNC(=O)OC(C)(C)C)C3=O,CO,546.0
783,CC(=O)c1ccn2c3c(c(-c4ccc(O)cc4)c2c1)CN(CCCNC(=O)OC(C)(C)C)C3=O,CO,572.0
784,CC(=O)c1ccn2c3c(c(-c4ccccc4)c2c1)CN(CCCNC(=O)OC(C)(C)C)C3=O,CO,523.0
8109,COc1ccc(-c2c3c(n4ccc(C(C)=O)cc24)C(=O)N(CCCNC(=O)OC(C)(C)C)C3)cc1,CO,555.0
6791,CN1C(=CC=Cc2nc3nc4ccccc4nc3s2)C(C)(C)c2ccccc21,CO,623.0
880,CC(C)(C)c1cc(-c2c3cccc4c5cccc6c(-c7cc(C(C)(C)C)cc(C(C)(C)C)c7)c7cccc8c9cccc2c9c(c34)c(c65)c78)cc(C(C)(C)C)c1,Cc1ccccc1,701.0
1385,CC(C)[Si](C#Cc1ccc(-c2c3cccc4c5cccc6c(-c7ccc(C#C[Si](C(C)C)(C(C)C)C(C)C)cc7)c7cccc8c9cccc2c9c(c34)c(c65)c78)cc1)(C(C)C)C(C)C,Cc1ccccc1,744.0
11249,FC(F)(F)c1ccc(-c2c3cccc4c5cccc6c(-c7ccc(C(F)(F)F)cc7)c7cccc8c9cccc2c9c(c34)c(c65)c78)cc1,Cc1ccccc1,699.0
3844,CCCCn1c2ccccc2c2ccc3c4cc(-c5ccc6ccccc6c5)ccc4n(CCCC)c3c21,ClC(Cl)Cl,410.0
11961,N#Cc1c(N2CCCCC2)cc(-c2ccc(-c3ccccc3)s2)c2c1CCc1ccccc1-2,C1CCOC1,515.0
5627,CN(C)c1ccc(-c2ccc(-c3cc(N4CCCCC4)c(C#N)c4c3-c3ccccc3CC4)s2)cc1,C1CCCCC1,491.0
5628,CN(C)c1ccc(-c2ccc(-c3cc(N4CCCCC4)c(C#N)c4c3-c3ccccc3CC4)s2)cc1,C1CCOC1,537.0
5629,CN(C)c1ccc(-c2ccc(-c3cc(N4CCCCC4)c(C#N)c4c3-c3ccccc3CC4)s2)cc1,CN(C)C=O,590.0
5630,CN(C)c1ccc(-c2ccc(-c3cc(N4CCCCC4)c(C#N)c4c3-c3ccccc3CC4)s2)cc1,CS(C)=O,570.0
5631,CN(C)c1ccc(-c2ccc(-c3cc(N4CCCCC4)c(C#N)c4c3-c3ccccc3CC4)s2)cc1,Cc1ccccc1,515.0
5632,CN(C)c1ccc(-c2ccc(-c3cc(N4CCCCC4)c(C#N)c4c3-c3ccccc3CC4)s2)cc1,ClC(Cl)Cl,540.0
10717,Cc1ccc([N+]2=c3c4n(c5ccccc35)[B-](F)(F)[N+](c3ccc(C)cc3)=c3c=4n(c4ccccc34)[B-]2(F)F)cc1,ClCCl,808.0
256,C(=C/c1cccc2ccccc12)\c1ccc(-c2nnc(-c3ccc(-c4cc5ccccc5s4)cc3)o2)cc1,CC#N,441.0
257,C(=C/c1cccc2ccccc12)\c1ccc(-c2nnc(-c3ccc(-c4cc5ccccc5s4)cc3)o2)cc1,CC(C)=O,437.0
258,C(=C/c1cccc2ccccc12)\c1ccc(-c2nnc(-c3ccc(-c4cc5ccccc5s4)cc3)o2)cc1,CCCCCCCC,426.0
259,C(=C/c1cccc2ccccc12)\c1ccc(-c2nnc(-c3ccc(-c4cc5ccccc5s4)cc3)o2)cc1,CCCCCCCCCCO,437.0
260,C(=C/c1cccc2ccccc12)\c1ccc(-c2nnc(-c3ccc(-c4cc5ccccc5s4)cc3)o2)cc1,CCCCCCCCO,436.0
261,C(=C/c1cccc2ccccc12)\c1ccc(-c2nnc(-c3ccc(-c4cc5ccccc5s4)cc3)o2)cc1,CCCCCO,438.0
262,C(=C/c1cccc2ccccc12)\c1ccc(-c2nnc(-c3ccc(-c4cc5ccccc5s4)cc3)o2)cc1,CCCO,441.0
263,C(=C/c1cccc2ccccc12)\c1ccc(-c2nnc(-c3ccc(-c4cc5ccccc5s4)cc3)o2)cc1,CN(C)C=O,447.0
264,C(=C/c1cccc2ccccc12)\c1ccc(-c2nnc(-c3ccc(-c4cc5ccccc5s4)cc3)o2)cc1,CO,448.0
265,C(=C/c1cccc2ccccc12)\c1ccc(-c2nnc(-c3ccc(-c4cc5ccccc5s4)cc3)o2)cc1,CS(C)=O,455.0
12435,NS(=O)(=O)c1ccc(N2N=C(c3ccc(O)cc3)CC2c2ccc(F)cc2)cc1,CCO,427.0
12436,NS(=O)(=O)c1ccc(N2N=C(c3ccc(O)cc3)CC2c2ccc(F)cc2)cc1,CCOC(C)=O,416.0
12437,NS(=O)(=O)c1ccc(N2N=C(c3ccc(O)cc3)CC2c2ccc(F)cc2)cc1,CN(C)C=O,421.0
12438,NS(=O)(=O)c1ccc(N2N=C(c3ccc(O)cc3)CC2c2ccc(F)cc2)cc1,CO,430.0
12439,NS(=O)(=O)c1ccc(N2N=C(c3ccc(O)cc3)CC2c2ccc(F)cc2)cc1,CS(C)=O,424.0
12440,NS(=O)(=O)c1ccc(N2N=C(c3ccc(O)cc3)CC2c2ccc(F)cc2)cc1,O,448.0
12441,NS(=O)(=O)c1ccc(N2N=C(c3ccc(O)cc3)CC2c2ccc([N+](=O)[O-])cc2)cc1,C1CCOC1,420.0
12442,NS(=O)(=O)c1ccc(N2N=C(c3ccc(O)cc3)CC2c2ccc([N+](=O)[O-])cc2)cc1,C1COCCO1,417.0
12443,NS(=O)(=O)c1ccc(N2N=C(c3ccc(O)cc3)CC2c2ccc([N+](=O)[O-])cc2)cc1,CC#N,419.0
12444,NS(=O)(=O)c1ccc(N2N=C(c3ccc(O)cc3)CC2c2ccc([N+](=O)[O-])cc2)cc1,CC(C)O,421.0
12445,NS(=O)(=O)c1ccc(N2N=C(c3ccc(O)cc3)CC2c2ccc([N+](=O)[O-])cc2)cc1,CCO,422.0
12429,NS(=O)(=O)c1ccc(N2N=C(c3ccc(O)cc3)CC2c2ccc(Cl)cc2)cc1,CS(C)=O,424.0
12446,NS(=O)(=O)c1ccc(N2N=C(c3ccc(O)cc3)CC2c2ccc([N+](=O)[O-])cc2)cc1,CCOC(C)=O,417.0
12447,NS(=O)(=O)c1ccc(N2N=C(c3ccc(O)cc3)CC2c2ccc([N+](=O)[O-])cc2)cc1,CN(C)C=O,422.0
12448,NS(=O)(=O)c1ccc(N2N=C(c3ccc(O)cc3)CC2c2ccc([N+](=O)[O-])cc2)cc1,CO,434.0
12449,NS(=O)(=O)c1ccc(N2N=C(c3ccc(O)cc3)CC2c2ccc([N+](=O)[O-])cc2)cc1,CS(C)=O,425.0
12450,NS(=O)(=O)c1ccc(N2N=C(c3ccc(O)cc3)CC2c2ccc([N+](=O)[O-])cc2)cc1,O,451.0
12451,NS(=O)(=O)c1ccc(N2N=C(c3ccc(O)cc3)CC2c2ccccc2)cc1,C1CCOC1,418.0
12452,NS(=O)(=O)c1ccc(N2N=C(c3ccc(O)cc3)CC2c2ccccc2)cc1,C1COCCO1,417.0
12453,NS(=O)(=O)c1ccc(N2N=C(c3ccc(O)cc3)CC2c2ccccc2)cc1,CC#N,417.0
12454,NS(=O)(=O)c1ccc(N2N=C(c3ccc(O)cc3)CC2c2ccccc2)cc1,CC(C)O,423.0
12455,NS(=O)(=O)c1ccc(N2N=C(c3ccc(O)cc3)CC2c2ccccc2)cc1,CCO,428.0
12456,NS(=O)(=O)c1ccc(N2N=C(c3ccc(O)cc3)CC2c2ccccc2)cc1,CCOC(C)=O,416.0
12457,NS(=O)(=O)c1ccc(N2N=C(c3ccc(O)cc3)CC2c2ccccc2)cc1,CN(C)C=O,422.0
12458,NS(=O)(=O)c1ccc(N2N=C(c3ccc(O)cc3)CC2c2ccccc2)cc1,CO,432.0
12459,NS(=O)(=O)c1ccc(N2N=C(c3ccc(O)cc3)CC2c2ccccc2)cc1,CS(C)=O,424.0
12460,NS(=O)(=O)c1ccc(N2N=C(c3ccc(O)cc3)CC2c2ccccc2)cc1,O,448.0
12430,NS(=O)(=O)c1ccc(N2N=C(c3ccc(O)cc3)CC2c2ccc(Cl)cc2)cc1,O,448.0
8884,COc1ccc(C2CC(c3ccc(O)cc3)=NN2c2ccc(S(N)(=O)=O)cc2)cc1,C1CCOC1,417.0
8885,COc1ccc(C2CC(c3ccc(O)cc3)=NN2c2ccc(S(N)(=O)=O)cc2)cc1,C1COCCO1,418.0
8886,COc1ccc(C2CC(c3ccc(O)cc3)=NN2c2ccc(S(N)(=O)=O)cc2)cc1,CC#N,418.0
8887,COc1ccc(C2CC(c3ccc(O)cc3)=NN2c2ccc(S(N)(=O)=O)cc2)cc1,CC(C)O,423.0
8888,COc1ccc(C2CC(c3ccc(O)cc3)=NN2c2ccc(S(N)(=O)=O)cc2)cc1,CCO,429.0
8889,COc1ccc(C2CC(c3ccc(O)cc3)=NN2c2ccc(S(N)(=O)=O)cc2)cc1,CCOC(C)=O,416.0
8890,COc1ccc(C2CC(c3ccc(O)cc3)=NN2c2ccc(S(N)(=O)=O)cc2)cc1,CN(C)C=O,422.0
8891,COc1ccc(C2CC(c3ccc(O)cc3)=NN2c2ccc(S(N)(=O)=O)cc2)cc1,CO,432.0
8892,COc1ccc(C2CC(c3ccc(O)cc3)=NN2c2ccc(S(N)(=O)=O)cc2)cc1,CS(C)=O,425.0
8893,COc1ccc(C2CC(c3ccc(O)cc3)=NN2c2ccc(S(N)(=O)=O)cc2)cc1,O,448.0
12433,NS(=O)(=O)c1ccc(N2N=C(c3ccc(O)cc3)CC2c2ccc(F)cc2)cc1,CC#N,417.0
12431,NS(=O)(=O)c1ccc(N2N=C(c3ccc(O)cc3)CC2c2ccc(F)cc2)cc1,C1CCOC1,417.0
12432,NS(=O)(=O)c1ccc(N2N=C(c3ccc(O)cc3)CC2c2ccc(F)cc2)cc1,C1COCCO1,417.0
12426,NS(=O)(=O)c1ccc(N2N=C(c3ccc(O)cc3)CC2c2ccc(Cl)cc2)cc1,CCOC(C)=O,416.0
12427,NS(=O)(=O)c1ccc(N2N=C(c3ccc(O)cc3)CC2c2ccc(Cl)cc2)cc1,CN(C)C=O,422.0
12428,NS(=O)(=O)c1ccc(N2N=C(c3ccc(O)cc3)CC2c2ccc(Cl)cc2)cc1,CO,431.0
10613,Cc1ccc(C2CC(c3ccc(O)cc3)=NN2c2ccc(S(N)(=O)=O)cc2)cc1,C1CCOC1,417.0
10614,Cc1ccc(C2CC(c3ccc(O)cc3)=NN2c2ccc(S(N)(=O)=O)cc2)cc1,C1COCCO1,417.0
10615,Cc1ccc(C2CC(c3ccc(O)cc3)=NN2c2ccc(S(N)(=O)=O)cc2)cc1,CC#N,417.0
10616,Cc1ccc(C2CC(c3ccc(O)cc3)=NN2c2ccc(S(N)(=O)=O)cc2)cc1,CC(C)O,423.0
10617,Cc1ccc(C2CC(c3ccc(O)cc3)=NN2c2ccc(S(N)(=O)=O)cc2)cc1,CCO,428.0
10618,Cc1ccc(C2CC(c3ccc(O)cc3)=NN2c2ccc(S(N)(=O)=O)cc2)cc1,CCOC(C)=O,415.0
10619,Cc1ccc(C2CC(c3ccc(O)cc3)=NN2c2ccc(S(N)(=O)=O)cc2)cc1,CN(C)C=O,422.0
10620,Cc1ccc(C2CC(c3ccc(O)cc3)=NN2c2ccc(S(N)(=O)=O)cc2)cc1,CO,432.0
10621,Cc1ccc(C2CC(c3ccc(O)cc3)=NN2c2ccc(S(N)(=O)=O)cc2)cc1,CS(C)=O,424.0
10622,Cc1ccc(C2CC(c3ccc(O)cc3)=NN2c2ccc(S(N)(=O)=O)cc2)cc1,O,449.0
12411,NS(=O)(=O)c1ccc(N2N=C(c3ccc(O)cc3)CC2c2ccc(Br)cc2)cc1,C1CCOC1,417.0
12412,NS(=O)(=O)c1ccc(N2N=C(c3ccc(O)cc3)CC2c2ccc(Br)cc2)cc1,C1COCCO1,417.0
12413,NS(=O)(=O)c1ccc(N2N=C(c3ccc(O)cc3)CC2c2ccc(Br)cc2)cc1,CC#N,417.0
12414,NS(=O)(=O)c1ccc(N2N=C(c3ccc(O)cc3)CC2c2ccc(Br)cc2)cc1,CC(C)O,423.0
12415,NS(=O)(=O)c1ccc(N2N=C(c3ccc(O)cc3)CC2c2ccc(Br)cc2)cc1,CCO,428.0
12416,NS(=O)(=O)c1ccc(N2N=C(c3ccc(O)cc3)CC2c2ccc(Br)cc2)cc1,CCOC(C)=O,415.0
12417,NS(=O)(=O)c1ccc(N2N=C(c3ccc(O)cc3)CC2c2ccc(Br)cc2)cc1,CN(C)C=O,422.0
12418,NS(=O)(=O)c1ccc(N2N=C(c3ccc(O)cc3)CC2c2ccc(Br)cc2)cc1,CO,432.0
12419,NS(=O)(=O)c1ccc(N2N=C(c3ccc(O)cc3)CC2c2ccc(Br)cc2)cc1,CS(C)=O,424.0
12420,NS(=O)(=O)c1ccc(N2N=C(c3ccc(O)cc3)CC2c2ccc(Br)cc2)cc1,O,449.0
12421,NS(=O)(=O)c1ccc(N2N=C(c3ccc(O)cc3)CC2c2ccc(Cl)cc2)cc1,C1CCOC1,418.0
12422,NS(=O)(=O)c1ccc(N2N=C(c3ccc(O)cc3)CC2c2ccc(Cl)cc2)cc1,C1COCCO1,417.0
12423,NS(=O)(=O)c1ccc(N2N=C(c3ccc(O)cc3)CC2c2ccc(Cl)cc2)cc1,CC#N,417.0
12424,NS(=O)(=O)c1ccc(N2N=C(c3ccc(O)cc3)CC2c2ccc(Cl)cc2)cc1,CC(C)O,423.0
12425,NS(=O)(=O)c1ccc(N2N=C(c3ccc(O)cc3)CC2c2ccc(Cl)cc2)cc1,CCO,427.0
12434,NS(=O)(=O)c1ccc(N2N=C(c3ccc(O)cc3)CC2c2ccc(F)cc2)cc1,CC(C)O,423.0
11015,Cc1nc2c(ccc3ccc(O)cc32)oc1=O,c1ccccc1,461.0
11016,Cc1nc2c(ccc3ccccc32)oc1=O,c1ccccc1,424.0
9236,COc1ccc2ccc3oc(=O)c(C)nc3c2c1,c1ccccc1,461.0
11014,Cc1nc2c(ccc3ccc(N(C)C)cc32)oc1=O,c1ccccc1,564.0
9637,C[Si]1(C)c2ccc(-c3ccc(N(c4ccccc4)c4ccccc4)cc3)cc2C=Cc2cc(-c3ccc(N(c4ccccc4)c4ccccc4)cc3)ccc21,ClCCl,447.0
267,C(=C/c1cccc2ccccc12)\c1ncc(-c2ccccc2)o1,ClCCl,440.0
1999,CC1=CC(C)=[N+]2C1=C(C1=C3C(C)=CC(C)=[N+]3[B-](F)(F)n3c(C)cc(C)c31)c1c(C)cc(C)n1[B-]2(F)F,ClC(Cl)Cl,588.0
14523,c1cc2ccc3sc4ccc5cccc6c(c1)c2c3c4c56,ClC(Cl)Cl,418.0
12920,O=C(c1ccncc1)c1cc(-n2c3ccccc3c3ccccc32)ccc1-n1c2ccccc2c2ccccc21,C1CCOC1,494.3204868
12921,O=C(c1ccncc1)c1cc(-n2c3ccccc3c3ccccc32)ccc1-n1c2ccccc2c2ccccc21,CCCCCC,454.3610548
12922,O=C(c1ccncc1)c1cc(-n2c3ccccc3c3ccccc32)ccc1-n1c2ccccc2c2ccccc21,Cc1ccccc1,490.0
12923,O=C(c1ccncc1)c1cc(-n2c3ccccc3c3ccccc32)ccc1-n1c2ccccc2c2ccccc21,ClCCl,531.643002
1140,CC(C)(C)c1ccc2c(c1)c1cc(C(C)(C)C)ccc1n2-c1ccc(-n2c3ccc(C(C)(C)C)cc3c3cc(C(C)(C)C)ccc32)c(C(=O)c2ccncc2)c1,C1CCOC1,519.4852941
1141,CC(C)(C)c1ccc2c(c1)c1cc(C(C)(C)C)ccc1n2-c1ccc(-n2c3ccc(C(C)(C)C)cc3c3cc(C(C)(C)C)ccc32)c(C(=O)c2ccncc2)c1,CCCCCC,476.8382353
1142,CC(C)(C)c1ccc2c(c1)c1cc(C(C)(C)C)ccc1n2-c1ccc(-n2c3ccc(C(C)(C)C)cc3c3cc(C(C)(C)C)ccc32)c(C(=O)c2ccncc2)c1,Cc1ccccc1,508.0
1143,CC(C)(C)c1ccc2c(c1)c1cc(C(C)(C)C)ccc1n2-c1ccc(-n2c3ccc(C(C)(C)C)cc3c3cc(C(C)(C)C)ccc32)c(C(=O)c2ccncc2)c1,ClCCl,561.3970588
15179,c1ccc2c(c1)Cc1ccccc1N2c1c2ccccc2c(N2c3ccccc3Cc3ccccc32)c2ccccc12,Cc1ccccc1,553.0
8868,COc1ccc(C2=[N+]3C(=Nc4c(-c5ccc6ccccc6c5)c(Br)c(-c5ccc(OC)cc5)n4[B-]3(F)F)C(c3ccc4ccccc4c3)=C2Br)cc1,ClCCl,734.0
8869,COc1ccc(C2=[N+]3C(=Nc4c(-c5ccc6ccccc6c5)cc(-c5ccc(OC)cc5)n4[B-]3(F)F)C(c3ccc4ccccc4c3)=C2)cc1,ClCCl,733.0
13615,O=P1(c2ccccc2)c2ccc(N3c4ccccc4Sc4ccccc43)cc2-c2cc(N3c4ccccc4Sc4ccccc43)ccc21,Cc1ccccc1,559.0
13616,O=P1(c2ccccc2)c2ccc(N3c4ccccc4Sc4ccccc43)cc2-c2cc(N3c4ccccc4Sc4ccccc43)ccc21,c1ccc2c(c1)c1ccccc1n2-c1ccc(-c2ccc(-n3c4ccccc4c4ccccc43)cc2)cc1,555.0
930,CC(C)(C)c1ccc(-c2c3ccccc3c3n2[B-](F)(F)[N+]2=Cc4c5ccccc5c(-c5ccc(C(C)(C)C)cc5)n4[B-](F)(F)[N+]2=C3)cc1,CC#N,601.0
931,CC(C)(C)c1ccc(-c2c3ccccc3c3n2[B-](F)(F)[N+]2=Cc4c5ccccc5c(-c5ccc(C(C)(C)C)cc5)n4[B-](F)(F)[N+]2=C3)cc1,CCCCCC,603.0
932,CC(C)(C)c1ccc(-c2c3ccccc3c3n2[B-](F)(F)[N+]2=Cc4c5ccccc5c(-c5ccc(C(C)(C)C)cc5)n4[B-](F)(F)[N+]2=C3)cc1,CN(C)C=O,607.0
933,CC(C)(C)c1ccc(-c2c3ccccc3c3n2[B-](F)(F)[N+]2=Cc4c5ccccc5c(-c5ccc(C(C)(C)C)cc5)n4[B-](F)(F)[N+]2=C3)cc1,Cc1ccccc1,611.0
934,CC(C)(C)c1ccc(-c2c3ccccc3c3n2[B-](F)(F)[N+]2=Cc4c5ccccc5c(-c5ccc(C(C)(C)C)cc5)n4[B-](F)(F)[N+]2=C3)cc1,ClCCl,608.0
9274,COc1cccc(-c2c3ccccc3c3n2[B-](F)(F)[N+]2=Cc4c5ccccc5c(-c5cccc(OC)c5)n4[B-](F)(F)[N+]2=C3)c1,CC#N,596.0
9275,COc1cccc(-c2c3ccccc3c3n2[B-](F)(F)[N+]2=Cc4c5ccccc5c(-c5cccc(OC)c5)n4[B-](F)(F)[N+]2=C3)c1,CCCCCC,598.0
9276,COc1cccc(-c2c3ccccc3c3n2[B-](F)(F)[N+]2=Cc4c5ccccc5c(-c5cccc(OC)c5)n4[B-](F)(F)[N+]2=C3)c1,CN(C)C=O,603.0
9277,COc1cccc(-c2c3ccccc3c3n2[B-](F)(F)[N+]2=Cc4c5ccccc5c(-c5cccc(OC)c5)n4[B-](F)(F)[N+]2=C3)c1,Cc1ccccc1,608.0
9278,COc1cccc(-c2c3ccccc3c3n2[B-](F)(F)[N+]2=Cc4c5ccccc5c(-c5cccc(OC)c5)n4[B-](F)(F)[N+]2=C3)c1,ClCCl,602.0
8128,COc1ccc(-c2c3ccccc3c3n2[B-](F)(F)[N+]2=Cc4c5ccccc5c(-c5ccc(OC)cc5)n4[B-](F)(F)[N+]2=C3)cc1,CC#N,606.0
8129,COc1ccc(-c2c3ccccc3c3n2[B-](F)(F)[N+]2=Cc4c5ccccc5c(-c5ccc(OC)cc5)n4[B-](F)(F)[N+]2=C3)cc1,CCCCCC,607.0
8130,COc1ccc(-c2c3ccccc3c3n2[B-](F)(F)[N+]2=Cc4c5ccccc5c(-c5ccc(OC)cc5)n4[B-](F)(F)[N+]2=C3)cc1,CN(C)C=O,613.0
8131,COc1ccc(-c2c3ccccc3c3n2[B-](F)(F)[N+]2=Cc4c5ccccc5c(-c5ccc(OC)cc5)n4[B-](F)(F)[N+]2=C3)cc1,Cc1ccccc1,616.0
8132,COc1ccc(-c2c3ccccc3c3n2[B-](F)(F)[N+]2=Cc4c5ccccc5c(-c5ccc(OC)cc5)n4[B-](F)(F)[N+]2=C3)cc1,ClCCl,614.0
14425,[O-][n+]1c(/C=C/c2ccccc2)nc(Nc2ccccc2)c2c1CCCC2,ClCCl,508.0
8954,COc1ccc(Nc2nc(/C=C/c3ccccc3)[n+]([O-])c3c2CCCC3)cc1,ClCCl,520.0
9072,COc1ccc2c(c1)[n+]([O-])nc(N)[n+]2[O-],CC#N,510.0
9073,COc1ccc2c(c1)[n+]([O-])nc(N)[n+]2[O-],O,542.0
12646,Nc1n[n+]([O-])c2cc(F)ccc2[n+]1[O-],CC#N,573.0
12647,Nc1n[n+]([O-])c2cc(F)ccc2[n+]1[O-],O,562.0
12648,Nc1n[n+]([O-])c2ccccc2[n+]1[O-],CC#N,505.0
12649,Nc1n[n+]([O-])c2ccccc2[n+]1[O-],O,545.0
1865,CC1(C)c2ccccc2N(c2ccc3nc4c5ccc(N6c7ccccc7C(C)(C)c7ccccc76)cc5c5cc(N6c7ccccc7C(C)(C)c7ccccc76)ccc5c4nc3c2)c2ccccc21,Cc1ccccc1,605.0
1866,CC1(C)c2ccccc2N(c2ccc3nc4c5ccc(N6c7ccccc7C(C)(C)c7ccccc76)cc5c5cc(N6c7ccccc7C(C)(C)c7ccccc76)ccc5c4nc3c2)c2ccccc21,c1cc(-c2cccc(-n3c4ccccc4c4ccccc43)c2)cc(-n2c3ccccc3c3ccccc32)c1,590.0
1362,CC(C)[Si](C#Cc1c2ccc(C(C)(C)C)cc2c(C#Cc2c3ccc(C(C)(C)C)cc3c(C#C[Si](C(C)C)(C(C)C)C(C)C)c3ccc(C(C)(C)C)cc23)c2ccc(C(C)(C)C)cc12)(C(C)C)C(C)C,Cc1ccccc1,541.0
5140,CC[n+]1ccc(/C=C/c2ccc3ccc4cccc5ccc2c3c45)cc1,C1CCOC1,594.0
5141,CC[n+]1ccc(/C=C/c2ccc3ccc4cccc5ccc2c3c45)cc1,CC#N,597.0
5142,CC[n+]1ccc(/C=C/c2ccc3ccc4cccc5ccc2c3c45)cc1,CS(C)=O,595.0
5143,CC[n+]1ccc(/C=C/c2ccc3ccc4cccc5ccc2c3c45)cc1,Cc1ccccc1,590.0
5144,CC[n+]1ccc(/C=C/c2ccc3ccc4cccc5ccc2c3c45)cc1,O,600.0
5145,CC[n+]1ccc(/C=C/c2ccc3ccc4cccc5ccc2c3c45)cc1,OCC(O)CO,591.0
11012,Cc1nc2c(ccc3c2sc(/C=C/c2ccc(N4CCN(C)CC4)cc2)[n+]3C)s1,CO,602.0
11013,Cc1nc2c(ccc3c2sc(/C=C/c2ccc(N4CCN(C)CC4)cc2)[n+]3C)s1,ClC(Cl)Cl,603.0
10639,Cc1ccc(N(c2ccc(C)cc2)c2ccc(-c3ccc(C=C(C#N)C#N)s3)cc2)cc1,ClC(Cl)Cl,670.0
8912,COc1ccc(N(c2ccc(OC)cc2)c2ccc(-c3ccc(C=C(C#N)C#N)s3)cc2)cc1,ClC(Cl)Cl,700.0
11783,N#CC(C#N)=Cc1ccc(-c2ccc(N(c3ccccc3)c3ccccc3)cc2)s1,ClC(Cl)Cl,634.0
11392,F[B-]1(F)n2c(Nc3cccc4cccnc34)ccc2C(c2ccccc2)=C2C=CC(Cl)=[N+]21,Cc1ccccc1,586.0
11393,F[B-]1(F)n2c(Nc3cccc4cccnc34)ccc2C(c2ccccc2)=C2C=CC(Cl)=[N+]21,ClC(Cl)Cl,583.0
11390,F[B-]1(F)n2c(Nc3cccc4cccnc34)ccc2C(c2ccccc2)=C2C=CC(Cl)=[N+]21,C1CCCCC1,580.0
11391,F[B-]1(F)n2c(Nc3cccc4cccnc34)ccc2C(c2ccccc2)=C2C=CC(Cl)=[N+]21,CC#N,580.0
13320,O=C1c2ccccc2C(=O)C1C1C(=O)c2c3ccccc3cc3cc4ccccc4c1c23,C1CCOC1,569.0
13321,O=C1c2ccccc2C(=O)C1C1C(=O)c2c3ccccc3cc3cc4ccccc4c1c23,CC#N,591.0
13322,O=C1c2ccccc2C(=O)C1C1C(=O)c2c3ccccc3cc3cc4ccccc4c1c23,CCCCCC,538.0
13323,O=C1c2ccccc2C(=O)C1C1C(=O)c2c3ccccc3cc3cc4ccccc4c1c23,Cc1ccccc1,563.0
13324,O=C1c2ccccc2C(=O)C1C1C(=O)c2c3ccccc3cc3cc4ccccc4c1c23,ClCCl,583.0
15199,c1ccc2c(c1)[nH]c1cccnc12,C1CCCCC1,341.0
15200,c1ccc2c(c1)[nH]c1cccnc12,C1CCOC1,352.0
15201,c1ccc2c(c1)[nH]c1cccnc12,C1COCCO1,367.0
15202,c1ccc2c(c1)[nH]c1cccnc12,CCO,385.0
15203,c1ccc2c(c1)[nH]c1cccnc12,CN(C)C=O,371.0
15204,c1ccc2c(c1)[nH]c1cccnc12,Cc1ccccc1,350.0
15205,c1ccc2c(c1)[nH]c1cccnc12,ClC(Cl)Cl,369.0
15206,c1ccc2c(c1)[nH]c1cccnc12,Clc1ccccc1,364.0
3482,CCCCCCn1c2cc(/C=C(\C#N)c3cccs3)ccc2c2ccc(/C=C(\C#N)c3cccs3)cc21,ClC(Cl)Cl,469.4835681
3484,CCCCCCn1c2cc(/C=C/c3cccs3)ccc2c2ccc(/C=C/c3cccs3)cc21,ClC(Cl)Cl,427.3504274
13639,O=S(=O)([O-])CCCOc1ccc(C2=[N+]3C(=Nc4c(-c5ccccc5)cc(-c5ccc(OCc6cn([C@@H]7O[C@H](CO)[C@@H](O)[C@@H](O)[C@H]7O)nn6)cc5)n4[B-]3(F)F)C(c3ccccc3)=C2)cc1,O,722.0
11351,F[B-]1(F)Oc2ccccc2-c2cnc3ccccc3[n+]21,Cc1ccccc1,530.0
14935,c1ccc(C2(c3ccccc3)c3cc4c(cc3-c3ccc5ccc6cccc7cc2c3c5c67)-c2ccc3ccc5cccc6cc(c2c3c56)C4(c2ccccc2)c2ccccc2)cc1,ClC(Cl)Cl,412.0
14931,c1ccc(C2(c3ccccc3)c3cc4c(cc3-c3ccc5ccc6cccc7cc2c3c5c67)-c2ccc3ccc5cccc6cc(c2c3c56)C4(c2ccccc2)c2ccccc2)cc1,C1CCCCC1,408.0
14932,c1ccc(C2(c3ccccc3)c3cc4c(cc3-c3ccc5ccc6cccc7cc2c3c5c67)-c2ccc3ccc5cccc6cc(c2c3c56)C4(c2ccccc2)c2ccccc2)cc1,CC#N,408.0
14933,c1ccc(C2(c3ccccc3)c3cc4c(cc3-c3ccc5ccc6cccc7cc2c3c5c67)-c2ccc3ccc5cccc6cc(c2c3c56)C4(c2ccccc2)c2ccccc2)cc1,CCOC(C)=O,408.0
14934,c1ccc(C2(c3ccccc3)c3cc4c(cc3-c3ccc5ccc6cccc7cc2c3c5c67)-c2ccc3ccc5cccc6cc(c2c3c56)C4(c2ccccc2)c2ccccc2)cc1,Cc1ccccc1,411.0
3942,CCCc1ccc2c(c1)cc1n2B2c3c4c-1cccc4cc1cccc(c31)-c1cc3cc(CCC)ccc3n12,C1CCOC1,565.0
11659,N#C/C(=C\c1cc(/C=C(\C#N)c2ccc(C(F)(F)F)cc2)c(-c2ccc(N(c3ccccc3)c3ccccc3)cc2)cc1-c1ccc(N(c2ccccc2)c2ccccc2)cc1)c1ccc(C(F)(F)F)cc1,CCCCCC,473.0
11663,N#C/C(=C\c1cc(/C=C(\C#N)c2ccc(C(F)(F)F)cc2)c(-c2ccc(N(c3ccccc3)c3ccccc3)cc2)cc1-c1ccc(N(c2ccccc2)c2ccccc2)cc1)c1ccc(C(F)(F)F)cc1,ClCCl,594.0
11660,N#C/C(=C\c1cc(/C=C(\C#N)c2ccc(C(F)(F)F)cc2)c(-c2ccc(N(c3ccccc3)c3ccccc3)cc2)cc1-c1ccc(N(c2ccccc2)c2ccccc2)cc1)c1ccc(C(F)(F)F)cc1,CCOC(C)=O,581.0
11661,N#C/C(=C\c1cc(/C=C(\C#N)c2ccc(C(F)(F)F)cc2)c(-c2ccc(N(c3ccccc3)c3ccccc3)cc2)cc1-c1ccc(N(c2ccccc2)c2ccccc2)cc1)c1ccc(C(F)(F)F)cc1,Cc1ccccc1,515.0
11662,N#C/C(=C\c1cc(/C=C(\C#N)c2ccc(C(F)(F)F)cc2)c(-c2ccc(N(c3ccccc3)c3ccccc3)cc2)cc1-c1ccc(N(c2ccccc2)c2ccccc2)cc1)c1ccc(C(F)(F)F)cc1,ClC(Cl)Cl,553.0
10372,Cc1ccc(/C(C#N)=C/c2cc(/C=C(\C#N)c3ccc(C)cc3)c(-c3ccc(N(c4ccccc4)c4ccccc4)cc3)cc2-c2ccc(N(c3ccccc3)c3ccccc3)cc2)cc1,C1CCCCC1,453.0
10373,Cc1ccc(/C(C#N)=C/c2cc(/C=C(\C#N)c3ccc(C)cc3)c(-c3ccc(N(c4ccccc4)c4ccccc4)cc3)cc2-c2ccc(N(c3ccccc3)c3ccccc3)cc2)cc1,C1CCOC1,538.0
10374,Cc1ccc(/C(C#N)=C/c2cc(/C=C(\C#N)c3ccc(C)cc3)c(-c3ccc(N(c4ccccc4)c4ccccc4)cc3)cc2-c2ccc(N(c3ccccc3)c3ccccc3)cc2)cc1,CCCCCC,453.0
10375,Cc1ccc(/C(C#N)=C/c2cc(/C=C(\C#N)c3ccc(C)cc3)c(-c3ccc(N(c4ccccc4)c4ccccc4)cc3)cc2-c2ccc(N(c3ccccc3)c3ccccc3)cc2)cc1,CCOC(C)=O,533.0
10376,Cc1ccc(/C(C#N)=C/c2cc(/C=C(\C#N)c3ccc(C)cc3)c(-c3ccc(N(c4ccccc4)c4ccccc4)cc3)cc2-c2ccc(N(c3ccccc3)c3ccccc3)cc2)cc1,Cc1ccccc1,480.0
10377,Cc1ccc(/C(C#N)=C/c2cc(/C=C(\C#N)c3ccc(C)cc3)c(-c3ccc(N(c4ccccc4)c4ccccc4)cc3)cc2-c2ccc(N(c3ccccc3)c3ccccc3)cc2)cc1,ClC(Cl)Cl,517.0
10378,Cc1ccc(/C(C#N)=C/c2cc(/C=C(\C#N)c3ccc(C)cc3)c(-c3ccc(N(c4ccccc4)c4ccccc4)cc3)cc2-c2ccc(N(c3ccccc3)c3ccccc3)cc2)cc1,ClCCl,552.0
11657,N#C/C(=C\c1cc(/C=C(\C#N)c2ccc(C(F)(F)F)cc2)c(-c2ccc(N(c3ccccc3)c3ccccc3)cc2)cc1-c1ccc(N(c2ccccc2)c2ccccc2)cc1)c1ccc(C(F)(F)F)cc1,C1CCCCC1,478.0
11658,N#C/C(=C\c1cc(/C=C(\C#N)c2ccc(C(F)(F)F)cc2)c(-c2ccc(N(c3ccccc3)c3ccccc3)cc2)cc1-c1ccc(N(c2ccccc2)c2ccccc2)cc1)c1ccc(C(F)(F)F)cc1,C1CCOC1,587.0
397,C(=C1c2ccccc2CCc2ccccc21)c1ccc(-c2cc(-c3ccc(C=C4c5ccccc5CCc5ccccc54)cc3)cc(-c3ccc(C=C4c5ccccc5CCc5ccccc54)cc3)c2)cc1,C1CCOC1,403.0
430,C/C(=N\Nc1ccc(C#N)cc1)c1ccccn1,CC#N,463.0
431,C/C(=N\Nc1ccc(C#N)cc1)c1ccccn1,CCCCCC,452.0
432,C/C(=N\Nc1ccc(C#N)cc1)c1ccccn1,CO,482.0
433,C/C(=N\Nc1ccc(C#N)cc1)c1ccccn1,CS(C)=O,475.0
434,C/C(=N\Nc1ccc(C#N)cc1)c1ccccn1,ClC(Cl)Cl,460.0
1344,CC(C)[Si](C#CC1=CC2=c3cc(C#C[Si](C(C)C)(C(C)C)C(C)C)c4nc(C(F)(F)C(F)(F)C(F)(F)F)nc5c(C#C[Si](C(C)C)(C(C)C)C(C)C)cc(c3c54)C3=CC(C#C[Si](C(C)C)(C(C)C)C(C)C)=C4N=C(C(F)(F)C(F)(F)C(F)(F)F)N=C1C4C32)(C(C)C)C(C)C,C1CCOC1,525.0
874,CC(C)(C)[Si](C)(C)C#CC1=CC2=c3cc(C#C[Si](C)(C)C(C)(C)C)c4nc(C(F)(F)C(F)(F)C(F)(F)F)nc5c(C#C[Si](C)(C)C(C)(C)C)cc(c3c54)C3=CC(C#C[Si](C)(C)C(C)(C)C)=C4N=C(C(F)(F)C(F)(F)C(F)(F)F)N=C1C4C32,C1CCOC1,523.0
9571,C[Si](C)(C)C#CC1=CC2=c3cc(C#C[Si](C)(C)C)c4nc(C(F)(F)C(F)(F)C(F)(F)F)nc5c(C#C[Si](C)(C)C)cc(c3c54)C3=CC(C#C[Si](C)(C)C)=C4N=C(C(F)(F)C(F)(F)C(F)(F)F)N=C1C4C32,C1CCOC1,522.0
11238,FC(F)(F)C(F)(F)C(F)(F)C1=NC2=C(Br)C=C3c4cc(Br)c5nc(C(F)(F)C(F)(F)C(F)(F)F)nc6c(Br)cc(c4c56)=C4C=C(Br)C(=N1)C2C34,C1CCOC1,486.0
854,CC(C)(C)NC1=CC2=c3cc(NC(C)(C)C)c4nc(C(F)(F)C(F)(F)C(F)(F)F)nc5c(NC(C)(C)C)cc(c3c54)C3=CC(NC(C)(C)C)=C4N=C(C(F)(F)C(F)(F)C(F)(F)F)N=C1C4C32,C1CCOC1,666.0
6924,COC(=O)/C(C#N)=c1\s/c(=c2/s/c(=C(/C#N)C(=O)OC)c3cc(-c4ccc5c(c4)C(C)(C)c4ccccc4-5)sc23)c2sc(-c3ccc4c(c3)C(C)(C)c3ccccc3-4)cc12,Cc1ccccc1,682.0
9743,Cc1c2oc3c(C)c(N)cc(C(=O)NC4OC(=O)C(C(C)C)N(C)C(=O)CN(C)C(=O)C5CCCN5C(=O)C(C(C)C)NC4=O)c3nc-2c(C(=O)NC2OC(=O)C(C(C)C)N(C)C(=O)CN(C)C(=O)C3CCCN3C(=O)C(C(C)C)NC2=O)c(N)c1=O,CC(=O)O,638.8633344
9744,Cc1c2oc3c(C)c(N)cc(C(=O)NC4OC(=O)C(C(C)C)N(C)C(=O)CN(C)C(=O)C5CCCN5C(=O)C(C(C)C)NC4=O)c3nc-2c(C(=O)NC2OC(=O)C(C(C)C)N(C)C(=O)CN(C)C(=O)C3CCCN3C(=O)C(C(C)C)NC2=O)c(N)c1=O,CC(C)=O,609.7226372
9745,Cc1c2oc3c(C)c(N)cc(C(=O)NC4OC(=O)C(C(C)C)N(C)C(=O)CN(C)C(=O)C5CCCN5C(=O)C(C(C)C)NC4=O)c3nc-2c(C(=O)NC2OC(=O)C(C(C)C)N(C)C(=O)CN(C)C(=O)C3CCCN3C(=O)C(C(C)C)NC2=O)c(N)c1=O,CCCCO,669.5053694
9746,Cc1c2oc3c(C)c(N)cc(C(=O)NC4OC(=O)C(C(C)C)N(C)C(=O)CN(C)C(=O)C5CCCN5C(=O)C(C(C)C)NC4=O)c3nc-2c(C(=O)NC2OC(=O)C(C(C)C)N(C)C(=O)CN(C)C(=O)C3CCCN3C(=O)C(C(C)C)NC2=O)c(N)c1=O,CCCCOC(C)=O,624.0522207
9747,Cc1c2oc3c(C)c(N)cc(C(=O)NC4OC(=O)C(C(C)C)N(C)C(=O)CN(C)C(=O)C5CCCN5C(=O)C(C(C)C)NC4=O)c3nc-2c(C(=O)NC2OC(=O)C(C(C)C)N(C)C(=O)CN(C)C(=O)C3CCCN3C(=O)C(C(C)C)NC2=O)c(N)c1=O,CCCO,658.6183504
9748,Cc1c2oc3c(C)c(N)cc(C(=O)NC4OC(=O)C(C(C)C)N(C)C(=O)CN(C)C(=O)C5CCCN5C(=O)C(C(C)C)NC4=O)c3nc-2c(C(=O)NC2OC(=O)C(C(C)C)N(C)C(=O)CN(C)C(=O)C3CCCN3C(=O)C(C(C)C)NC2=O)c(N)c1=O,CCN(CC)CC,597.7715078
9749,Cc1c2oc3c(C)c(N)cc(C(=O)NC4OC(=O)C(C(C)C)N(C)C(=O)CN(C)C(=O)C5CCCN5C(=O)C(C(C)C)NC4=O)c3nc-2c(C(=O)NC2OC(=O)C(C(C)C)N(C)C(=O)CN(C)C(=O)C3CCCN3C(=O)C(C(C)C)NC2=O)c(N)c1=O,CCO,668.999244
9750,Cc1c2oc3c(C)c(N)cc(C(=O)NC4OC(=O)C(C(C)C)N(C)C(=O)CN(C)C(=O)C5CCCN5C(=O)C(C(C)C)NC4=O)c3nc-2c(C(=O)NC2OC(=O)C(C(C)C)N(C)C(=O)CN(C)C(=O)C3CCCN3C(=O)C(C(C)C)NC2=O)c(N)c1=O,CCOC(C)=O,598.7522004
9751,Cc1c2oc3c(C)c(N)cc(C(=O)NC4OC(=O)C(C(C)C)N(C)C(=O)CN(C)C(=O)C5CCCN5C(=O)C(C(C)C)NC4=O)c3nc-2c(C(=O)NC2OC(=O)C(C(C)C)N(C)C(=O)CN(C)C(=O)C3CCCN3C(=O)C(C(C)C)NC2=O)c(N)c1=O,CN(C)C=O,640.7832935
9752,Cc1c2oc3c(C)c(N)cc(C(=O)NC4OC(=O)C(C(C)C)N(C)C(=O)CN(C)C(=O)C5CCCN5C(=O)C(C(C)C)NC4=O)c3nc-2c(C(=O)NC2OC(=O)C(C(C)C)N(C)C(=O)CN(C)C(=O)C3CCCN3C(=O)C(C(C)C)NC2=O)c(N)c1=O,CO,673.8362847
9753,Cc1c2oc3c(C)c(N)cc(C(=O)NC4OC(=O)C(C(C)C)N(C)C(=O)CN(C)C(=O)C5CCCN5C(=O)C(C(C)C)NC4=O)c3nc-2c(C(=O)NC2OC(=O)C(C(C)C)N(C)C(=O)CN(C)C(=O)C3CCCN3C(=O)C(C(C)C)NC2=O)c(N)c1=O,CS(C)=O,637.0075931
9754,Cc1c2oc3c(C)c(N)cc(C(=O)NC4OC(=O)C(C(C)C)N(C)C(=O)CN(C)C(=O)C5CCCN5C(=O)C(C(C)C)NC4=O)c3nc-2c(C(=O)NC2OC(=O)C(C(C)C)N(C)C(=O)CN(C)C(=O)C3CCCN3C(=O)C(C(C)C)NC2=O)c(N)c1=O,Cc1ccccc1,613.0719195
9755,Cc1c2oc3c(C)c(N)cc(C(=O)NC4OC(=O)C(C(C)C)N(C)C(=O)CN(C)C(=O)C5CCCN5C(=O)C(C(C)C)NC4=O)c3nc-2c(C(=O)NC2OC(=O)C(C(C)C)N(C)C(=O)CN(C)C(=O)C3CCCN3C(=O)C(C(C)C)NC2=O)c(N)c1=O,ClC(Cl)Cl,620.1127365
9756,Cc1c2oc3c(C)c(N)cc(C(=O)NC4OC(=O)C(C(C)C)N(C)C(=O)CN(C)C(=O)C5CCCN5C(=O)C(C(C)C)NC4=O)c3nc-2c(C(=O)NC2OC(=O)C(C(C)C)N(C)C(=O)CN(C)C(=O)C3CCCN3C(=O)C(C(C)C)NC2=O)c(N)c1=O,ClCCCl,609.6482939
9757,Cc1c2oc3c(C)c(N)cc(C(=O)NC4OC(=O)C(C(C)C)N(C)C(=O)CN(C)C(=O)C5CCCN5C(=O)C(C(C)C)NC4=O)c3nc-2c(C(=O)NC2OC(=O)C(C(C)C)N(C)C(=O)CN(C)C(=O)C3CCCN3C(=O)C(C(C)C)NC2=O)c(N)c1=O,O,674.1724533
9758,Cc1c2oc3c(C)c(N)cc(C(=O)NC4OC(=O)C(C(C)C)N(C)C(=O)CN(C)C(=O)C5CCCN5C(=O)C(C(C)C)NC4=O)c3nc-2c(C(=O)NC2OC(=O)C(C(C)C)N(C)C(=O)CN(C)C(=O)C3CCCN3C(=O)C(C(C)C)NC2=O)c(N)c1=O,O=[N+]([O-])c1ccccc1,623.2393488
9759,Cc1c2oc3c(C)c(N)cc(C(=O)NC4OC(=O)C(C(C)C)N(C)C(=O)CN(C)C(=O)C5CCCN5C(=O)C(C(C)C)NC4=O)c3nc-2c(C(=O)NC2OC(=O)C(C(C)C)N(C)C(=O)CN(C)C(=O)C3CCCN3C(=O)C(C(C)C)NC2=O)c(N)c1=O,c1ccccc1,621.2492079
9760,Cc1c2oc3c(C)c(N)cc(C(=O)NC4OC(=O)C(C(C)C)N(C)C(=O)CN(C)C(=O)C5CCCN5C(=O)C(C(C)C)NC4=O)c3nc-2c(C(=O)NC2OC(=O)C(C(C)C)N(C)C(=O)CN(C)C(=O)C3CCCN3C(=O)C(C(C)C)NC2=O)c(N)c1=O,c1ccncc1,648.0671398
9741,Cc1c2oc3c(C)c(N)cc(C(=O)NC4OC(=O)C(C(C)C)N(C)C(=O)CN(C)C(=O)C5CCCN5C(=O)C(C(C)C)NC4=O)c3nc-2c(C(=O)NC2OC(=O)C(C(C)C)N(C)C(=O)CN(C)C(=O)C3CCCN3C(=O)C(C(C)C)NC2=O)c(N)c1=O,C1CCOC1,608.3576169
9742,Cc1c2oc3c(C)c(N)cc(C(=O)NC4OC(=O)C(C(C)C)N(C)C(=O)CN(C)C(=O)C5CCCN5C(=O)C(C(C)C)NC4=O)c3nc-2c(C(=O)NC2OC(=O)C(C(C)C)N(C)C(=O)CN(C)C(=O)C3CCCN3C(=O)C(C(C)C)NC2=O)c(N)c1=O,CC#N,634.4131044
14472,c1cc2ccc1-c1ccc(cc1)-c1sc(c3c1OCCO3)-c1ccc(cc1)-c1ccc(cc1)-c1sc(c3c1OCCO3)-c1ccc(cc1)-c1ccc(cc1)-c1sc-2c2c1OCCO2,C1CCOC1,555.0
8633,COc1ccc(C#Cc2c3cc4ccccc4cc3c(C#Cc3ccc(OC)cc3)c3cc4sc(C)cc4cc23)cc1,ClCCl,634.0
7658,COc1c2ccccc2c(OC)c2c(C#Cc3ccccc3)c3cc4sccc4cc3c(C#Cc3ccccc3)c12,ClCCl,672.0
9623,C[Si]1(C)O[Si](C)(C)c2cc3cc4c(cc3cc21)C(=O)c1cc2cc3c(cc2cc1C4=O)[Si](C)(C)O[Si]3(C)C,ClC(Cl)Cl,437.0
8184,COc1ccc(-c2cc3c(s2)-c2sc(-c4ccc(OC)cc4)cc2P(c2ccccc2)(c2ccccc2)=[O+][B-]3(c2c(C)cc(C)cc2C)c2c(C)cc(C)cc2C)cc1,C1CCOC1,513.0
9888,Cc1cc(C)c(-c2cc3c(s2)-c2sc(-c4c(C)cc(C)cc4C)cc2P(c2ccccc2)(c2ccccc2)=[O+][B-]3(c2c(C)cc(C)cc2C)c2c(C)cc(C)cc2C)c(C)c1,C1CCOC1,472.0
10020,Cc1cc(C)c([B-]2(c3c(C)cc(C)cc3C)[O+]=P(c3ccccc3)(c3ccccc3)c3cc(-c4ccc(C(C)(C)C)cc4)sc3-c3sc(-c4ccc(C(C)(C)C)cc4)cc32)c(C)c1,C1CCOC1,498.0
10021,Cc1cc(C)c([B-]2(c3c(C)cc(C)cc3C)[O+]=P(c3ccccc3)(c3ccccc3)c3cc(-c4ccc(C(F)(F)F)cc4)sc3-c3sc(-c4ccc(C(F)(F)F)cc4)cc32)c(C)c1,C1CCOC1,468.0
10022,Cc1cc(C)c([B-]2(c3c(C)cc(C)cc3C)[O+]=P(c3ccccc3)(c3ccccc3)c3cc(-c4ccc(N(C)C)cc4)sc3-c3sc(-c4ccc(N(C)C)cc4)cc32)c(C)c1,C1CCOC1,552.0
10023,Cc1cc(C)c([B-]2(c3c(C)cc(C)cc3C)[O+]=P(c3ccccc3)(c3ccccc3)c3cc(-c4ccccc4)sc3-c3sc(-c4ccccc4)cc32)c(C)c1,C1CCOC1,488.0
366,C(=C/c1ncc2ccccc2n1)\c1ccc(-c2ccc(N(c3ccccc3)c3ccccc3)cc2)cc1,C1CCCCC1,455.0
367,C(=C/c1ncc2ccccc2n1)\c1ccc(-c2ccc(N(c3ccccc3)c3ccccc3)cc2)cc1,C1CCOC1,516.0
368,C(=C/c1ncc2ccccc2n1)\c1ccc(-c2ccc(N(c3ccccc3)c3ccccc3)cc2)cc1,CC#N,579.0
369,C(=C/c1ncc2ccccc2n1)\c1ccc(-c2ccc(N(c3ccccc3)c3ccccc3)cc2)cc1,CS(C)=O,585.0
370,C(=C/c1ncc2ccccc2n1)\c1ccc(-c2ccc(N(c3ccccc3)c3ccccc3)cc2)cc1,ClCCl,544.0
2839,CCCCC(CC)Cn1c2ccc(-n3c4ccccc4c4ccccc43)cc2c2cc(-n3c4ccccc4c4ccccc43)ccc21,C1CCOC1,391.0
14938,c1ccc(C2=C(c3ccccn3)[Si](c3ccccc3)(c3ccccc3)c3ccccc32)cc1,ClCCl,406.0
1471,CC(C)c1cc(C(C)C)c(B2c3ccccc3Oc3cc(N4c5ccccc5C(C)(C)c5ccccc54)ccc32)c(C(C)C)c1,Cc1ccccc1,475.0
4920,CCOC(=O)c1ccc(/C=C/C2=[N+]3C(=C(c4ccccc4)c4ccc(/C=C/c5ccc(C(=O)OCC)o5)n4[B-]3(F)F)C=C2)o1,ClC(Cl)Cl,681.0
10223,Cc1ccc(-c2c3ccc([nH]3)c3nc(c(-c4ccc([N+](=O)[O-])cc4)c4ccc([nH]4)c4ccc([nH]4)c(-c4ccc(C)cc4)c4ccc2o4)C=C3)cc1,c1ccccc1,737.0
8116,COc1ccc(-c2c3ccc([nH]3)c3nc(c(-c4ccc(C#N)cc4)c4ccc([nH]4)c4ccc([nH]4)c(-c4ccc(OC)cc4)c4ccc2o4)C=C3)cc1,C1CCOC1,736.0
8117,COc1ccc(-c2c3ccc([nH]3)c3nc(c(-c4ccc(C#N)cc4)c4ccc([nH]4)c4ccc([nH]4)c(-c4ccc(OC)cc4)c4ccc2o4)C=C3)cc1,Cc1ccccc1,724.0
8118,COc1ccc(-c2c3ccc([nH]3)c3nc(c(-c4ccc(C#N)cc4)c4ccc([nH]4)c4ccc([nH]4)c(-c4ccc(OC)cc4)c4ccc2o4)C=C3)cc1,c1ccccc1,724.0
8119,COc1ccc(-c2c3ccc([nH]3)c3nc(c(-c4ccc([N+](=O)[O-])cc4)c4ccc([nH]4)c4ccc([nH]4)c(-c4ccc(OC)cc4)c4ccc2o4)C=C3)cc1,C1CCOC1,761.0
8120,COc1ccc(-c2c3ccc([nH]3)c3nc(c(-c4ccc([N+](=O)[O-])cc4)c4ccc([nH]4)c4ccc([nH]4)c(-c4ccc(OC)cc4)c4ccc2o4)C=C3)cc1,Cc1ccccc1,739.0
8121,COc1ccc(-c2c3ccc([nH]3)c3nc(c(-c4ccc([N+](=O)[O-])cc4)c4ccc([nH]4)c4ccc([nH]4)c(-c4ccc(OC)cc4)c4ccc2o4)C=C3)cc1,c1ccccc1,739.0
10218,Cc1ccc(-c2c3ccc([nH]3)c3nc(c(-c4ccc(C#N)cc4)c4ccc([nH]4)c4ccc([nH]4)c(-c4ccc(C)cc4)c4ccc2o4)C=C3)cc1,C1CCOC1,730.0
10219,Cc1ccc(-c2c3ccc([nH]3)c3nc(c(-c4ccc(C#N)cc4)c4ccc([nH]4)c4ccc([nH]4)c(-c4ccc(C)cc4)c4ccc2o4)C=C3)cc1,Cc1ccccc1,722.0
10220,Cc1ccc(-c2c3ccc([nH]3)c3nc(c(-c4ccc(C#N)cc4)c4ccc([nH]4)c4ccc([nH]4)c(-c4ccc(C)cc4)c4ccc2o4)C=C3)cc1,c1ccccc1,722.0
10221,Cc1ccc(-c2c3ccc([nH]3)c3nc(c(-c4ccc([N+](=O)[O-])cc4)c4ccc([nH]4)c4ccc([nH]4)c(-c4ccc(C)cc4)c4ccc2o4)C=C3)cc1,C1CCOC1,758.0
10222,Cc1ccc(-c2c3ccc([nH]3)c3nc(c(-c4ccc([N+](=O)[O-])cc4)c4ccc([nH]4)c4ccc([nH]4)c(-c4ccc(C)cc4)c4ccc2o4)C=C3)cc1,Cc1ccccc1,737.0
1545,CC1(C)C(/C=C/C=C/C=C/C=C2/N(c3ccc(S(=O)(=O)[O-])cc3)c3ccc(S(=O)(=O)[O-])cc3C2(C)C)=[N+](c2ccc(S(=O)(=O)[O-])cc2)c2ccc(S(=O)(=O)[O-])cc21,CO,782.0
1546,CC1(C)C(/C=C/C=C/C=C/C=C2/N(c3ccc(S(=O)(=O)[O-])cc3)c3ccc(S(=O)(=O)[O-])cc3C2(C)C)=[N+](c2ccc(S(=O)(=O)[O-])cc2)c2ccc(S(=O)(=O)[O-])cc21,O,779.0
5050,CC[N+](CC)=c1ccc2c(-c3ccccc3C(=O)O)c3oc4cc(N)ccc4c3oc-2c1,CCO,622.0
5051,CC[N+](CC)=c1ccc2c(-c3ccccc3C(=O)O)c3oc4cc(N)ccc4c3oc-2c1,ClCCl,617.0
5052,CC[N+](CC)=c1ccc2c(-c3ccccc3C(=O)O)c3oc4cc(N)ccc4c3oc-2c1,O,634.0
4959,CCOC(=O)c1ccccc1-c1c2ccc(=[N+](CC)CC)cc-2oc2c1oc1cc(N)ccc12,CCO,640.0
4960,CCOC(=O)c1ccccc1-c1c2ccc(=[N+](CC)CC)cc-2oc2c1oc1cc(N)ccc12,ClCCl,627.0
4961,CCOC(=O)c1ccccc1-c1c2ccc(=[N+](CC)CC)cc-2oc2c1oc1cc(N)ccc12,O,645.0
13918,O=c1c2ccccc2n(-c2ccc(-c3ccc(-n4c5ccccc5c(=O)c5ccccc54)cc3)cc2)c2ccccc12,ClCCl,405.0
6187,CN(C)c1ccc(/C=C2\CCCC2=O)cc1,CC#N,488.0
6188,CN(C)c1ccc(/C=C2\CCCC2=O)cc1,CC(C)=O,474.0
6189,CN(C)c1ccc(/C=C2\CCCC2=O)cc1,CC(C)O,472.0
6190,CN(C)c1ccc(/C=C2\CCCC2=O)cc1,CCCCCC,405.0
6191,CN(C)c1ccc(/C=C2\CCCC2=O)cc1,CCCCO,479.0
6192,CN(C)c1ccc(/C=C2\CCCC2=O)cc1,CCCO,479.0
6193,CN(C)c1ccc(/C=C2\CCCC2=O)cc1,CCO,480.0
6194,CN(C)c1ccc(/C=C2\CCCC2=O)cc1,CCOC(C)=O,448.0
6195,CN(C)c1ccc(/C=C2\CCCC2=O)cc1,CCOCC,420.0
6196,CN(C)c1ccc(/C=C2\CCCC2=O)cc1,CN(C)C=O,504.0
6197,CN(C)c1ccc(/C=C2\CCCC2=O)cc1,CO,488.0
6198,CN(C)c1ccc(/C=C2\CCCC2=O)cc1,CS(C)=O,493.0
6199,CN(C)c1ccc(/C=C2\CCCC2=O)cc1,Cc1ccccc1,424.0
6200,CN(C)c1ccc(/C=C2\CCCC2=O)cc1,ClC(Cl)(Cl)Cl,431.0
6201,CN(C)c1ccc(/C=C2\CCCC2=O)cc1,ClC(Cl)Cl,469.0
6202,CN(C)c1ccc(/C=C2\CCCC2=O)cc1,ClCCl,472.0
6203,CN(C)c1ccc(/C=C2\CCCC2=O)cc1,S=C=S,422.0
6204,CN(C)c1ccc(/C=C2\CCCC2=O)cc1,c1ccccc1,435.0
6205,CN(C)c1ccc(/C=C2\CCCC2=O)cc1,c1ccncc1,480.0
14811,c1ccc(-c2nn(-c3ccccc3)c3nc4ccc(-n5c6ccccc6c6ccccc65)cc4cc23)cc1,C1CCCCC1,461.6805171
14812,c1ccc(-c2nn(-c3ccccc3)c3nc4ccc(-n5c6ccccc6c6ccccc65)cc4cc23)cc1,C1CCOC1,470.3668862
14813,c1ccc(-c2nn(-c3ccccc3)c3nc4ccc(-n5c6ccccc6c6ccccc65)cc4cc23)cc1,CC#N,482.6254826
14814,c1ccc(-c2nn(-c3ccccc3)c3nc4ccc(-n5c6ccccc6c6ccccc65)cc4cc23)cc1,CC(C)=O,474.8338082
14815,c1ccc(-c2nn(-c3ccccc3)c3nc4ccc(-n5c6ccccc6c6ccccc65)cc4cc23)cc1,CCCCCl,468.3840749
14816,c1ccc(-c2nn(-c3ccccc3)c3nc4ccc(-n5c6ccccc6c6ccccc65)cc4cc23)cc1,CCCCOCCCC,465.5493482
14817,c1ccc(-c2nn(-c3ccccc3)c3nc4ccc(-n5c6ccccc6c6ccccc65)cc4cc23)cc1,CN(C)C=O,480.0768123
5203,CCc1ccc(-c2ccc(-c3nnc(-c4ccc(-c5nnc(-c6ccc(-c7ccc(CC)cc7)s6)o5)cc4)o3)s2)cc1,CC(=O)N(C)C,420.0
5204,CCc1ccc(-c2ccc(-c3nnc(-c4ccc(-c5nnc(-c6ccc(-c7ccc(CC)cc7)s6)o5)cc4)o3)s2)cc1,CCCCCCCCCCO,400.0
5205,CCc1ccc(-c2ccc(-c3nnc(-c4ccc(-c5nnc(-c6ccc(-c7ccc(CC)cc7)s6)o5)cc4)o3)s2)cc1,CCCCCCCCO,400.0
5201,CCc1ccc(-c2ccc(-c3nnc(-c4ccc(-c5nnc(-c6ccc(-c7ccc(CC)cc7)s6)o5)cc4)o3)s2)cc1,C1COCCO1,396.0
5202,CCc1ccc(-c2ccc(-c3nnc(-c4ccc(-c5nnc(-c6ccc(-c7ccc(CC)cc7)s6)o5)cc4)o3)s2)cc1,CC#N,413.0
586,C=Cc1ccc(-c2ccc(-c3nnc(-c4ccc(-c5nnc(-c6ccc(-c7ccc(C=C)cc7)s6)o5)cc4)o3)s2)cc1,C1COCCO1,397.0
587,C=Cc1ccc(-c2ccc(-c3nnc(-c4ccc(-c5nnc(-c6ccc(-c7ccc(C=C)cc7)s6)o5)cc4)o3)s2)cc1,CC#N,400.0
588,C=Cc1ccc(-c2ccc(-c3nnc(-c4ccc(-c5nnc(-c6ccc(-c7ccc(C=C)cc7)s6)o5)cc4)o3)s2)cc1,CC(=O)N(C)C,407.0
589,C=Cc1ccc(-c2ccc(-c3nnc(-c4ccc(-c5nnc(-c6ccc(-c7ccc(C=C)cc7)s6)o5)cc4)o3)s2)cc1,CCCCCCCCCCO,399.0
590,C=Cc1ccc(-c2ccc(-c3nnc(-c4ccc(-c5nnc(-c6ccc(-c7ccc(C=C)cc7)s6)o5)cc4)o3)s2)cc1,CCCCCCCCO,400.0
591,C=Cc1ccc(-c2ccc(-c3nnc(-c4ccc(-c5nnc(-c6ccc(-c7ccc(C=C)cc7)s6)o5)cc4)o3)s2)cc1,CCCCCCO,399.0
592,C=Cc1ccc(-c2ccc(-c3nnc(-c4ccc(-c5nnc(-c6ccc(-c7ccc(C=C)cc7)s6)o5)cc4)o3)s2)cc1,CCCCO,400.0
593,C=Cc1ccc(-c2ccc(-c3nnc(-c4ccc(-c5nnc(-c6ccc(-c7ccc(C=C)cc7)s6)o5)cc4)o3)s2)cc1,CCO,400.0
594,C=Cc1ccc(-c2ccc(-c3nnc(-c4ccc(-c5nnc(-c6ccc(-c7ccc(C=C)cc7)s6)o5)cc4)o3)s2)cc1,CS(C)=O,423.0
595,C=Cc1ccc(-c2ccc(-c3nnc(-c4ccc(-c5nnc(-c6ccc(-c7ccc(C=C)cc7)s6)o5)cc4)o3)s2)cc1,Cc1ccccc1,399.0
596,C=Cc1ccc(-c2ccc(-c3nnc(-c4ccc(-c5nnc(-c6ccc(-c7ccc(C=C)cc7)s6)o5)cc4)o3)s2)cc1,ClC(Cl)Cl,398.0
5206,CCc1ccc(-c2ccc(-c3nnc(-c4ccc(-c5nnc(-c6ccc(-c7ccc(CC)cc7)s6)o5)cc4)o3)s2)cc1,CCCCCCO,400.0
5207,CCc1ccc(-c2ccc(-c3nnc(-c4ccc(-c5nnc(-c6ccc(-c7ccc(CC)cc7)s6)o5)cc4)o3)s2)cc1,CCCCO,401.0
5208,CCc1ccc(-c2ccc(-c3nnc(-c4ccc(-c5nnc(-c6ccc(-c7ccc(CC)cc7)s6)o5)cc4)o3)s2)cc1,CCO,399.0
5209,CCc1ccc(-c2ccc(-c3nnc(-c4ccc(-c5nnc(-c6ccc(-c7ccc(CC)cc7)s6)o5)cc4)o3)s2)cc1,CS(C)=O,426.0
5210,CCc1ccc(-c2ccc(-c3nnc(-c4ccc(-c5nnc(-c6ccc(-c7ccc(CC)cc7)s6)o5)cc4)o3)s2)cc1,Cc1ccccc1,402.0
5211,CCc1ccc(-c2ccc(-c3nnc(-c4ccc(-c5nnc(-c6ccc(-c7ccc(CC)cc7)s6)o5)cc4)o3)s2)cc1,ClC(Cl)Cl,401.0
7653,COc1c2ccccc2c(OC)c2c(C#CC(C)(C)C)c3cc4ccccc4cc3c(C#CC(C)(C)C)c12,ClCCl,682.0
7655,COc1c2ccccc2c(OC)c2c(C#C[Si](C(C)C)(C(C)C)C(C)C)c3cc4ccccc4cc3c(C#C[Si](C(C)C)(C(C)C)C(C)C)c12,ClCCl,712.0
1346,CC(C)[Si](C#Cc1c2cc3ccccc3cc2c(C#C[Si](C(C)C)(C(C)C)C(C)C)c2cc3ccccc3cc12)(C(C)C)C(C)C,ClCCl,649.0
1356,CC(C)[Si](C#Cc1c2cc3ccccc3cc2c(C#C[Si](C)(C)C)c2cc3ccccc3cc12)(C(C)C)C(C)C,ClCCl,649.0
10558,Cc1ccc(C2=C3C=CC(Oc4ccccc4)=[N+]3[B-](F)(F)n3c(Oc4ccccc4)ccc32)cc1,C1CCOC1,533.0
8018,COc1cc2c(cc1/C=C(\C#N)c1nc3ccccc3s1)c1ccccc1n2C,C1CCOC1,499.0
8019,COc1cc2c(cc1/C=C(\C#N)c1nc3ccccc3s1)c1ccccc1n2C,CC#N,509.0
8020,COc1cc2c(cc1/C=C(\C#N)c1nc3ccccc3s1)c1ccccc1n2C,CCOC(C)=O,493.0
8021,COc1cc2c(cc1/C=C(\C#N)c1nc3ccccc3s1)c1ccccc1n2C,CN(C)C=O,508.0
8022,COc1cc2c(cc1/C=C(\C#N)c1nc3ccccc3s1)c1ccccc1n2C,CO,510.0
8023,COc1cc2c(cc1/C=C(\C#N)c1nc3ccccc3s1)c1ccccc1n2C,CS(C)=O,518.0
8024,COc1cc2c(cc1/C=C(\C#N)c1nc3ccccc3s1)c1ccccc1n2C,Cc1ccccc1,494.0
8025,COc1cc2c(cc1/C=C(\C#N)c1nc3ccccc3s1)c1ccccc1n2C,ClC(Cl)Cl,504.0
8026,COc1cc2c(cc1/C=C(\C#N)c1nc3ccccc3s1)c1ccccc1n2C,ClCCl,501.0
2953,CCCCCCC(CCCCCC)N1C(=O)c2cccc3c(-c4ccc(C#N)cc4)ccc(c23)C1=O,CCCCCCCCCCCCCC,410.8
2954,CCCCCCC(CCCCCC)N1C(=O)c2cccc3c(-c4ccc(C#N)cc4)ccc(c23)C1=O,CCCCCCCCCCCO,457.5
2955,CCCCCCC(CCCCCC)N1C(=O)c2cccc3c(-c4ccc(C#N)cc4)ccc(c23)C1=O,CCCCO,480.0
2956,CCCCCCC(CCCCCC)N1C(=O)c2cccc3c(-c4ccc(C#N)cc4)ccc(c23)C1=O,CN(C)C=O,478.3
2957,CCCCCCC(CCCCCC)N1C(=O)c2cccc3c(-c4ccc(C#N)cc4)ccc(c23)C1=O,Cc1ccccc1,427.5
2958,CCCCCCC(CCCCCC)N1C(=O)c2cccc3c(-c4ccc(C#N)cc4)ccc(c23)C1=O,ClC(Cl)Cl,447.4
2959,CCCCCCC(CCCCCC)N1C(=O)c2cccc3c(-c4ccc(N(C)C)cc4)ccc(c23)C1=O,CCCCCC,462.7
2960,CCCCCCC(CCCCCC)N1C(=O)c2cccc3c(-c4ccc(N(C)C)cc4)ccc(c23)C1=O,CCCCCCCCCCCCCC,469.8
2961,CCCCCCC(CCCCCC)N1C(=O)c2cccc3c(-c4ccc(N(C)C)cc4)ccc(c23)C1=O,CCCCCCCCCCCO,610.0
2962,CCCCCCC(CCCCCC)N1C(=O)c2cccc3c(-c4ccc(N(C)C)cc4)ccc(c23)C1=O,CCCCO,638.4
2963,CCCCCCC(CCCCCC)N1C(=O)c2cccc3c(-c4ccc(N(C)C)cc4)ccc(c23)C1=O,Cc1ccccc1,532.4
2964,CCCCCCC(CCCCCC)N1C(=O)c2cccc3c(-c4ccc(N(C)C)cc4)ccc(c23)C1=O,ClC(Cl)Cl,578.4
2979,CCCCCCC(CCCCCC)N1C(=O)c2cccc3c(-c4ccc(OC)cc4)ccc(c23)C1=O,CCCCCC,424.0
2980,CCCCCCC(CCCCCC)N1C(=O)c2cccc3c(-c4ccc(OC)cc4)ccc(c23)C1=O,CCCCCCCCCCCCCC,427.8
2981,CCCCCCC(CCCCCC)N1C(=O)c2cccc3c(-c4ccc(OC)cc4)ccc(c23)C1=O,CCCCCCCCCCCO,476.4
2982,CCCCCCC(CCCCCC)N1C(=O)c2cccc3c(-c4ccc(OC)cc4)ccc(c23)C1=O,CCCCO,498.1
2983,CCCCCCC(CCCCCC)N1C(=O)c2cccc3c(-c4ccc(OC)cc4)ccc(c23)C1=O,CN(C)C=O,497.2
2984,CCCCCCC(CCCCCC)N1C(=O)c2cccc3c(-c4ccc(OC)cc4)ccc(c23)C1=O,Cc1ccccc1,443.2
2985,CCCCCCC(CCCCCC)N1C(=O)c2cccc3c(-c4ccc(OC)cc4)ccc(c23)C1=O,ClC(Cl)Cl,459.6
2986,CCCCCCC(CCCCCC)N1C(=O)c2cccc3c(-c4ccc([Si](C)(C)C)cc4)ccc(c23)C1=O,CCCCCC,406.7
2987,CCCCCCC(CCCCCC)N1C(=O)c2cccc3c(-c4ccc([Si](C)(C)C)cc4)ccc(c23)C1=O,CCCCCCCCCCCCCC,407.0
2988,CCCCCCC(CCCCCC)N1C(=O)c2cccc3c(-c4ccc([Si](C)(C)C)cc4)ccc(c23)C1=O,CCCCCCCCCCCO,430.6
2989,CCCCCCC(CCCCCC)N1C(=O)c2cccc3c(-c4ccc([Si](C)(C)C)cc4)ccc(c23)C1=O,CCCCO,434.2
2990,CCCCCCC(CCCCCC)N1C(=O)c2cccc3c(-c4ccc([Si](C)(C)C)cc4)ccc(c23)C1=O,CN(C)C=O,432.7
2991,CCCCCCC(CCCCCC)N1C(=O)c2cccc3c(-c4ccc([Si](C)(C)C)cc4)ccc(c23)C1=O,Cc1ccccc1,416.7
2992,CCCCCCC(CCCCCC)N1C(=O)c2cccc3c(-c4ccc([Si](C)(C)C)cc4)ccc(c23)C1=O,ClC(Cl)Cl,425.4
2993,CCCCCCC(CCCCCC)N1C(=O)c2cccc3c(-c4ccccc4)ccc(c23)C1=O,CCCCCC,402.7
2994,CCCCCCC(CCCCCC)N1C(=O)c2cccc3c(-c4ccccc4)ccc(c23)C1=O,CCCCCCCCCCCCCC,402.3
2995,CCCCCCC(CCCCCC)N1C(=O)c2cccc3c(-c4ccccc4)ccc(c23)C1=O,CCCCCCCCCCCO,420.6
2996,CCCCCCC(CCCCCC)N1C(=O)c2cccc3c(-c4ccccc4)ccc(c23)C1=O,CCCCO,429.1
2997,CCCCCCC(CCCCCC)N1C(=O)c2cccc3c(-c4ccccc4)ccc(c23)C1=O,CN(C)C=O,427.2
2998,CCCCCCC(CCCCCC)N1C(=O)c2cccc3c(-c4ccccc4)ccc(c23)C1=O,Cc1ccccc1,410.6
2999,CCCCCCC(CCCCCC)N1C(=O)c2cccc3c(-c4ccccc4)ccc(c23)C1=O,ClC(Cl)Cl,420.0
2938,CCCCCCC(CCCCCC)N1C(=O)c2cccc3c(-c4cc(OC)c(OC)c(OC)c4)ccc(c23)C1=O,CCCCCC,440.2
2939,CCCCCCC(CCCCCC)N1C(=O)c2cccc3c(-c4cc(OC)c(OC)c(OC)c4)ccc(c23)C1=O,CCCCCCCCCCCCCC,442.3
2940,CCCCCCC(CCCCCC)N1C(=O)c2cccc3c(-c4cc(OC)c(OC)c(OC)c4)ccc(c23)C1=O,CCCCCCCCCCCO,526.4
2941,CCCCCCC(CCCCCC)N1C(=O)c2cccc3c(-c4cc(OC)c(OC)c(OC)c4)ccc(c23)C1=O,CCCCO,572.0
2942,CCCCCCC(CCCCCC)N1C(=O)c2cccc3c(-c4cc(OC)c(OC)c(OC)c4)ccc(c23)C1=O,CN(C)C=O,618.8
2943,CCCCCCC(CCCCCC)N1C(=O)c2cccc3c(-c4cc(OC)c(OC)c(OC)c4)ccc(c23)C1=O,Cc1ccccc1,492.4
2944,CCCCCCC(CCCCCC)N1C(=O)c2cccc3c(-c4cc(OC)c(OC)c(OC)c4)ccc(c23)C1=O,ClC(Cl)Cl,525.1
2952,CCCCCCC(CCCCCC)N1C(=O)c2cccc3c(-c4ccc(C#N)cc4)ccc(c23)C1=O,CCCCCC,407.4
6595,CN(C)c1ccc2nc(-c3ccc(C(=O)OC[C@H](NC(=O)OC(C)(C)C)C(=O)OCc4ccccc4)cc3)sc2c1,C1CCCCC1,456.0
6596,CN(C)c1ccc2nc(-c3ccc(C(=O)OC[C@H](NC(=O)OC(C)(C)C)C(=O)OCc4ccccc4)cc3)sc2c1,CC#N,568.0
6597,CN(C)c1ccc2nc(-c3ccc(C(=O)OC[C@H](NC(=O)OC(C)(C)C)C(=O)OCc4ccccc4)cc3)sc2c1,CC(C)O,558.0
6598,CN(C)c1ccc2nc(-c3ccc(C(=O)OC[C@H](NC(=O)OC(C)(C)C)C(=O)OCc4ccccc4)cc3)sc2c1,CO,577.0
6599,CN(C)c1ccc2nc(-c3ccc(C(=O)OC[C@H](NC(=O)OC(C)(C)C)C(=O)OCc4ccccc4)cc3)sc2c1,CS(C)=O,583.0
6600,CN(C)c1ccc2nc(-c3ccc(C(=O)OC[C@H](NC(=O)OC(C)(C)C)C(=O)OCc4ccccc4)cc3)sc2c1,ClC(Cl)Cl,504.0
6601,CN(C)c1ccc2nc(-c3ccc(C(=O)OC[C@H](NC(=O)OC(C)(C)C)C(=O)OCc4ccccc4)cc3)sc2c1,c1ccccc1,484.0
12002,N#Cc1c2oc3ccccc3oc2c(C#N)c2oc3ccccc3oc12,ClC(Cl)Cl,475.0
9098,COc1ccc2c(c1)c1cc(OC)ccc1n2-c1nc2ccccc2nc1-n1c2ccc(OC)cc2c2cc(OC)ccc21,Cc1ccccc1,582.0
15295,c1ccc2nc(-n3c4ccccc4c4ccccc43)c(-n3c4ccccc4c4ccccc43)nc2c1,C1CCOC1,516.7938931
9096,COc1ccc2c(c1)c1cc(OC)ccc1n2-c1nc2ccccc2nc1-n1c2ccc(OC)cc2c2cc(OC)ccc21,C1CCOC1,608.9783282
15296,c1ccc2nc(-n3c4ccccc4c4ccccc43)c(-n3c4ccccc4c4ccccc43)nc2c1,CCCCCC,467.1755725
15297,c1ccc2nc(-n3c4ccccc4c4ccccc43)c(-n3c4ccccc4c4ccccc43)nc2c1,Cc1ccccc1,503.0
9101,COc1ccc2c(c1)c1ccccc1n2-c1nc2ccccc2nc1-n1c2ccccc2c2cc(OC)ccc21,CCCCCC,508.9725036
1241,CC(C)(C)c1ccc2c(c1)c1cc(C(C)(C)C)ccc1n2-c1nc2ccccc2nc1-n1c2ccc(C(C)(C)C)cc2c2cc(C(C)(C)C)ccc21,C1CCOC1,544.3438914
1242,CC(C)(C)c1ccc2c(c1)c1cc(C(C)(C)C)ccc1n2-c1nc2ccccc2nc1-n1c2ccc(C(C)(C)C)cc2c2cc(C(C)(C)C)ccc21,CCCCCC,488.6877828
1243,CC(C)(C)c1ccc2c(c1)c1cc(C(C)(C)C)ccc1n2-c1nc2ccccc2nc1-n1c2ccc(C(C)(C)C)cc2c2cc(C(C)(C)C)ccc21,Cc1ccccc1,527.0
9100,COc1ccc2c(c1)c1ccccc1n2-c1nc2ccccc2nc1-n1c2ccccc2c2cc(OC)ccc21,C1CCOC1,588.8567294
9097,COc1ccc2c(c1)c1cc(OC)ccc1n2-c1nc2ccccc2nc1-n1c2ccc(OC)cc2c2cc(OC)ccc21,CCCCCC,521.2074303
9102,COc1ccc2c(c1)c1ccccc1n2-c1nc2ccccc2nc1-n1c2ccccc2c2cc(OC)ccc21,Cc1ccccc1,560.0
5619,CN(C)c1ccc(-c2ccc(-c3cc(-c4ccccc4)c(-c4ccccc4)c(-c4ccccc4)c3-c3ccccc3)nc2)cc1,ClC(Cl)Cl,429.0
1669,CC1(C)Cc2c(c3ccccc3c3nc4c(nc23)c2c(c3ccccc34)OC(C)(C)C2)O1,C1CCCCC1,454.3389368
1670,CC1(C)Cc2c(c3ccccc3c3nc4c(nc23)c2c(c3ccccc34)OC(C)(C)C2)O1,C1COCCO1,462.1072089
1671,CC1(C)Cc2c(c3ccccc3c3nc4c(nc23)c2c(c3ccccc34)OC(C)(C)C2)O1,CC#N,471.9207173
1672,CC1(C)Cc2c(c3ccccc3c3nc4c(nc23)c2c(c3ccccc34)OC(C)(C)C2)O1,CC(C)O,469.2632567
1673,CC1(C)Cc2c(c3ccccc3c3nc4c(nc23)c2c(c3ccccc34)OC(C)(C)C2)O1,CCCCCC,454.1326067
1674,CC1(C)Cc2c(c3ccccc3c3nc4c(nc23)c2c(c3ccccc34)OC(C)(C)C2)O1,ClC(Cl)Cl,470.3668862
1675,CC1(C)Cc2c(c3ccccc3c3nc4c(nc23)c2c(c3ccccc34)OC(C)(C)C2)O1,c1ccccc1,463.1773969
288,C(=C/c1ccnc2ccccc12)\c1c2ccccc2cc2ccccc12,CC#N,530.0
289,C(=C/c1ccnc2ccccc12)\c1c2ccccc2cc2ccccc12,CC1CCCCC1,498.0
172,C(=C/c1c2ccccc2cc2ccccc12)\c1ccc2ccccc2c1,CC#N,490.0
173,C(=C/c1c2ccccc2cc2ccccc12)\c1ccc2ccccc2c1,CC1CCCCC1,488.0
12956,O=C1/C(=C2\Sc3ccc(S(=O)(=O)Nc4ccccc4)cc3C2=O)Sc2ccc(S(=O)(=O)Nc3ccccc3)cc21,CS(C)=O,627.0
12953,O=C1/C(=C2\Sc3ccc(S(=O)(=O)Nc4ccccc4)cc3C2=O)Sc2ccc(S(=O)(=O)Nc3ccccc3)cc21,C1COCCO1,588.0
12954,O=C1/C(=C2\Sc3ccc(S(=O)(=O)Nc4ccccc4)cc3C2=O)Sc2ccc(S(=O)(=O)Nc3ccccc3)cc21,CN(C)C=O,604.0
12955,O=C1/C(=C2\Sc3ccc(S(=O)(=O)Nc4ccccc4)cc3C2=O)Sc2ccc(S(=O)(=O)Nc3ccccc3)cc21,CO,618.0
9996,Cc1cc(C)c(C2=C3C=CC(c4csc5ccccc45)=[N+]3[B-](F)(F)n3c2ccc3-c2csc3ccccc23)c(C)c1,ClC(Cl)Cl,625.0
14883,c1ccc(-n2c(-c3cccc(-c4c5ccccc5c(-c5cccc(-n6c7ccccc7c7ccccc76)c5)c5ccccc45)c3)nc3c4ccccc4c4ccccc4c32)cc1,CC#N,411.5204678
14884,c1ccc(-n2c(-c3cccc(-c4c5ccccc5c(-c5cccc(-n6c7ccccc7c7ccccc76)c5)c5ccccc45)c3)nc3c4ccccc4c4ccccc4c32)cc1,CCCCCC,409.1812865
14885,c1ccc(-n2c(-c3cccc(-c4c5ccccc5c(-c5cccc(-n6c7ccccc7c7ccccc76)c5)c5ccccc45)c3)nc3c4ccccc4c4ccccc4c32)cc1,CCOCC,409.8830409
14886,c1ccc(-n2c(-c3cccc(-c4c5ccccc5c(-c5cccc(-n6c7ccccc7c7ccccc76)c5)c5ccccc45)c3)nc3c4ccccc4c4ccccc4c32)cc1,ClCCl,414.0
472,C1=C(c2ccccc2)C2=Nc3c(-c4ccccc4)cc4n3[B-]3(Oc5ccccc5C1=[N+]23)Oc1ccccc1-4,Cc1ccccc1,746.0
9069,COc1ccc2c(c1)O[B-]13Oc4cc(OC)ccc4-c4cc(-c5ccccc5)c(n41)N=C1C(c4ccccc4)=CC2=[N+]13,ClC(Cl)Cl,782.0
9810,Cc1cc(-n2c3ccccc3c3cc(C#N)ccc32)ccc1-c1ccc(S(=O)(=O)c2ccccc2)cc1C,C1CCOC1,369.1935484
9811,Cc1cc(-n2c3ccccc3c3cc(C#N)ccc32)ccc1-c1ccc(S(=O)(=O)c2ccccc2)cc1C,CC#N,369.1935484
9812,Cc1cc(-n2c3ccccc3c3cc(C#N)ccc32)ccc1-c1ccc(S(=O)(=O)c2ccccc2)cc1C,Cc1ccccc1,352.0
9813,Cc1cc(-n2c3ccccc3c3cc(C#N)ccc32)ccc1-c1ccc(S(=O)(=O)c2ccccc2)cc1C,ClCCl,369.1935484
9818,Cc1cc(-n2c3ccccc3c3ccccc32)ccc1-c1ccc(S(=O)(=O)c2ccccc2)cc1C,C1CCOC1,401.7684887
9819,Cc1cc(-n2c3ccccc3c3ccccc32)ccc1-c1ccc(S(=O)(=O)c2ccccc2)cc1C,CC#N,450.4823151
9820,Cc1cc(-n2c3ccccc3c3ccccc32)ccc1-c1ccc(S(=O)(=O)c2ccccc2)cc1C,Cc1ccccc1,349.0
9821,Cc1cc(-n2c3ccccc3c3ccccc32)ccc1-c1ccc(S(=O)(=O)c2ccccc2)cc1C,ClCCl,419.8553055
8112,COc1ccc(-c2c3cc4ccccc4cc3c(-c3ccc(OC)cc3)c3cc4ccccc4cc23)cc1,ClCCl,620.0
9951,Cc1cc(C)c(B(c2ccccc2N(c2ccccc2)c2ccccc2)c2c(C)cc(C)cc2C)c(C)c1,Cc1ccccc1,498.0
9952,Cc1cc(C)c(B(c2ccccc2N(c2ccccc2)c2ccccc2)c2c(C)cc(C)cc2C)c(C)c1,ClCCl,518.4971098
9950,Cc1cc(C)c(B(c2ccccc2N(c2ccccc2)c2ccccc2)c2c(C)cc(C)cc2C)c(C)c1,CC(C)=O,532.9479769
334,C(=C/c1nc(-c2ccccc2)c2ccccn12)\c1nc(-c2ccccc2)c2ccccn12,CC#N,491.0
8760,COc1ccc(C2=C(c3ccc(OC)cc3)C(C)(C)c3cc(-c4ccccc4)ccc32)cc1,C1CCCCC1,417.0
8476,COc1ccc(/C=C/C2=N/C(=C\c3ccncc3)C(=O)N2C)cc1,C1COCCO1,564.0
8477,COc1ccc(/C=C/C2=N/C(=C\c3ccncc3)C(=O)N2C)cc1,CC#N,574.0
8478,COc1ccc(/C=C/C2=N/C(=C\c3ccncc3)C(=O)N2C)cc1,CCO,570.0
8479,COc1ccc(/C=C/C2=N/C(=C\c3ccncc3)C(=O)N2C)cc1,CCOC(C)=O,566.0
8480,COc1ccc(/C=C/C2=N/C(=C\c3ccncc3)C(=O)N2C)cc1,O,577.0
6792,CN1C(=O)/C(=C/c2ccncc2)N=C1/C=C/c1ccccc1,C1COCCO1,546.0
6793,CN1C(=O)/C(=C/c2ccncc2)N=C1/C=C/c1ccccc1,CC#N,550.0
6794,CN1C(=O)/C(=C/c2ccncc2)N=C1/C=C/c1ccccc1,CCO,550.0
6795,CN1C(=O)/C(=C/c2ccncc2)N=C1/C=C/c1ccccc1,CCOC(C)=O,544.0
6796,CN1C(=O)/C(=C/c2ccncc2)N=C1/C=C/c1ccccc1,O,560.0
1935,CC1=C(c2ccc(N(c3ccccc3)c3ccccc3)cc2)C(C)=[N+]2C1=C(c1c(-c3ccccn3)nc3ccccn13)c1c(C)c(-c3ccc(N(c4ccccc4)c4ccccc4)cc3)c(C)n1[B-]2(F)F,ClCCl,709.0
901,CC(C)(C)c1cc2ccc3c(-c4ccc(N(c5ccccc5)c5ccccc5)cc4)ccc4c5nc6cc(C#N)c(C#N)cc6nc5c(c1)c2c34,C1CCOC1,839.1836735
902,CC(C)(C)c1cc2ccc3c(-c4ccc(N(c5ccccc5)c5ccccc5)cc4)ccc4c5nc6cc(C#N)c(C#N)cc6nc5c(c1)c2c34,CCCCCC,575.3061224
903,CC(C)(C)c1cc2ccc3c(-c4ccc(N(c5ccccc5)c5ccccc5)cc4)ccc4c5nc6cc(C#N)c(C#N)cc6nc5c(c1)c2c34,Cc1ccccc1,613.0
904,CC(C)(C)c1cc2ccc3c(-c4ccc(N(c5ccccc5)c5ccccc5)cc4)ccc4c5nc6cc(C#N)c(C#N)cc6nc5c(c1)c2c34,ClC(Cl)Cl,784.6938776
905,CC(C)(C)c1cc2ccc3c(-c4ccc(N(c5ccccc5)c5ccccc5)cc4)ccc4c5nc6cc(C#N)c(C#N)cc6nc5c(c1)c2c34,ClCCl,839.1836735
10937,Cc1ccccc1CN(Cc1ccccc1C)c1nc(C#N)c(N(Cc2ccccc2C)Cc2ccccc2C)nc1C#N,ClC(Cl)Cl,582.0
10623,Cc1ccc(CN(Cc2ccc(C)cc2)c2nc(C#N)c(N(Cc3ccc(C)cc3)Cc3ccc(C)cc3)nc2C#N)cc1,ClC(Cl)Cl,592.0
12325,N#Cc1nc(N(Cc2ccc(Br)cc2)Cc2ccc(Br)cc2)c(C#N)nc1N(Cc1ccc(Br)cc1)Cc1ccc(Br)cc1,ClC(Cl)Cl,575.0
12326,N#Cc1nc(N(Cc2ccc(Cl)cc2)Cc2ccc(Cl)cc2)c(C#N)nc1N(Cc1ccc(Cl)cc1)Cc1ccc(Cl)cc1,ClC(Cl)Cl,577.0
12327,N#Cc1nc(N(Cc2ccc(F)cc2)Cc2ccc(F)cc2)c(C#N)nc1N(Cc1ccc(F)cc1)Cc1ccc(F)cc1,ClC(Cl)Cl,577.0
12328,N#Cc1nc(N(Cc2ccc(I)cc2)Cc2ccc(I)cc2)c(C#N)nc1N(Cc1ccc(I)cc1)Cc1ccc(I)cc1,ClC(Cl)Cl,574.0
12329,N#Cc1nc(N(Cc2ccccc2)Cc2ccccc2)c(C#N)nc1N(Cc1ccccc1)Cc1ccccc1,ClC(Cl)Cl,588.0
12330,N#Cc1nc(N(Cc2ccccc2Br)Cc2ccccc2Br)c(C#N)nc1N(Cc1ccccc1Br)Cc1ccccc1Br,ClC(Cl)Cl,565.0
12331,N#Cc1nc(N(Cc2ccccc2Cl)Cc2ccccc2Cl)c(C#N)nc1N(Cc1ccccc1Cl)Cc1ccccc1Cl,ClC(Cl)Cl,567.0
12332,N#Cc1nc(N(Cc2ccccc2F)Cc2ccccc2F)c(C#N)nc1N(Cc1ccccc1F)Cc1ccccc1F,ClC(Cl)Cl,570.0
12333,N#Cc1nc(N(Cc2ccccc2I)Cc2ccccc2I)c(C#N)nc1N(Cc1ccccc1I)Cc1ccccc1I,ClC(Cl)Cl,567.0
1803,CC1(C)c2ccccc2N(c2ccc(-c3ncc(C#N)cn3)cc2)c2ccccc21,Cc1ccccc1,543.0
1804,CC1(C)c2ccccc2N(c2ccc(-c3ncc(C#N)cn3)cc2)c2ccccc21,N#Cc1ccc2c(c1)c1ccccc1n2-c1cccc(-n2c3ccccc3c3ccccc32)c1,541.0
1805,CC1(C)c2ccccc2N(c2ccc(-c3ncccn3)cc2)c2ccccc21,Cc1ccccc1,448.0
1806,CC1(C)c2ccccc2N(c2ccc(-c3ncccn3)cc2)c2ccccc21,O=P(c1ccccc1)(c1ccccc1)c1ccc2oc3ccc(P(=O)(c4ccccc4)c4ccccc4)cc3c2c1,457.0
13230,O=C1c2ccc(N(c3ccc(-c4ccccc4)cc3)c3ccc(-c4ccccc4)cc3)cc2C(=O)c2ccc(N(c3ccc(-c4ccccc4)cc3)c3ccc(-c4ccccc4)cc3)cc21,Cc1ccccc1,629.0
13231,O=C1c2ccc(N(c3ccc(-c4ccccc4)cc3)c3ccc(-c4ccccc4)cc3)cc2C(=O)c2ccc(N(c3ccc(-c4ccccc4)cc3)c3ccc(-c4ccccc4)cc3)cc21,c1ccc2c(c1)c1ccccc1n2-c1ccc(-c2ccc(-n3c4ccccc4c4ccccc43)cc2)cc1,603.0
10235,Cc1ccc(-c2c3nc(c(-c4ccco4)c4ccc([nH]4)c(-c4ccc(C)cc4)c4nc(c(-c5ccco5)c5ccc2[nH]5)C=C4)C=C3)cc1,ClCCl,670.0
344,C(=C/c1nc2c(c(N3CCOCC3)n1)CCCC2)\c1ccccc1,ClCCl,333.0
529,C1CCN2CCCn3c2c(c2c3=NCCN=2)C1,CCCCCC,416.0
530,C1CCN2CCCn3c2c(c2c3=NCCN=2)C1,CS(C)=O,473.0
6043,CN(C)c1ccc(/C=C/c2cccnn2)cc1,ClCCl,480.0
6040,CN(C)c1ccc(/C=C/c2cccnn2)cc1,C1CCOC1,476.0
6041,CN(C)c1ccc(/C=C/c2cccnn2)cc1,CCCCCCC,459.0
6042,CN(C)c1ccc(/C=C/c2cccnn2)cc1,CS(C)=O,518.0
4777,CCOC(=O)CN(CC(=O)OCC)c1ccc(-c2cc(-c3ccncc3)nc(-c3ccncc3)c2)cc1,CS(C)=O,496.0
4778,CCOC(=O)CN(CC(=O)OCC)c1ccc(-c2cc(-c3ccncc3)nc(-c3ccncc3)c2)cc1,c1ccccc1,412.0
4774,CCOC(=O)CN(CC(=O)OCC)c1ccc(-c2cc(-c3ccncc3)nc(-c3ccncc3)c2)cc1,CC#N,482.0
4775,CCOC(=O)CN(CC(=O)OCC)c1ccc(-c2cc(-c3ccncc3)nc(-c3ccncc3)c2)cc1,CCOC(C)=O,438.0
4776,CCOC(=O)CN(CC(=O)OCC)c1ccc(-c2cc(-c3ccncc3)nc(-c3ccncc3)c2)cc1,CN(C)C=O,490.0
3636,CCCCN1C(=O)C2=C(c3ccc(-c4ccccc4)cc3)NC(=O)C2=C1c1ccc(-c2ccccc2)cc1,ClCCl,545.0
1547,CC1(C)C(/C=C/C=C/c2cc3ccc(O)cc3oc2=O)=[N+](CCCS(=O)(=O)[O-])c2ccc(S(=O)(=O)O)cc21,CCO,654.0
1548,CC1(C)C(/C=C/C=C/c2cc3ccc(O)cc3oc2=O)=[N+](CCCS(=O)(=O)[O-])c2ccc(S(=O)(=O)O)cc21,CS(C)=O,655.0
1549,CC1(C)C(/C=C/C=C/c2cc3ccc(O)cc3oc2=O)=[N+](CCCS(=O)(=O)[O-])c2ccc(S(=O)(=O)O)cc21,O,722.0
1550,CC1(C)C(/C=C/C=C/c2cc3ccc(O)cc3oc2=O)=[N+](CCCS(=O)(=O)[O-])c2ccccc21,CS(C)=O,653.0
1551,CC1(C)C(/C=C/C=C/c2cc3ccc(O)cc3oc2=O)=[N+](CCCS(=O)(=O)[O-])c2ccccc21,O,720.0
2200,CC1=[N+]2C(=C(Oc3cc(C)c4c(c3)CC[C@@](C)(CCC[C@H](C)CCC[C@H](C)CCCC(C)C)O4)c3ccc(C)n3[B-]2(F)F)C=C1c1cc2n(c1)[B-](F)(F)[N+]1=CC=CC1=C2c1c(C)cc(C)cc1C,C1CCCCC1,632.0
2201,CC1=[N+]2C(=C(Oc3cc(C)c4c(c3)CC[C@@](C)(CCC[C@H](C)CCC[C@H](C)CCCC(C)C)O4)c3ccc(C)n3[B-]2(F)F)C=C1c1cc2n(c1)[B-](F)(F)[N+]1=CC=CC1=C2c1c(C)cc(C)cc1C,CCOC(C)=O,662.0
15214,c1ccc2c(c1)c1ccccc1c1ccccc21,ClCCl,355.0
8055,COc1cc2c(cc1F)c(=O)c1cc(F)c(OC)cc1n2-c1ccccc1,CCO,424.0
13893,O=c1c2cc(F)c(O)cc2n(-c2ccccc2)c2cc(O)c(F)cc12,CCO,454.0
