row_idx_in_train,smiles,solvent,peakwavs_max
8156,Cc1ccc(C2=C3C=CC(C#Cc4ccccc4)=[N+]3[B-](F)(F)n3c(C#Cc4ccccc4)ccc32)cc1,Cc1ccccc1,614.0
8988,Cc1ccc(-n2c(-c3ccccc3O)nc(-c3ccccc3O)c2-c2ccccc2O)cc1,ClCCl,309.0
11253,N#Cc1ccc(N)c(C#N)c1,CC#N,326.0
744,CCCCc1ccc(N(c2ccc(CCCC)cc2)c2ccc(-c3ccc4c(c3)S(=O)(=O)c3cc(-c5ccc(N(c6ccc(CCCC)cc6)c6ccc(CCCC)cc6)cc5)ccc3-4)cc2)cc1,ClC(Cl)Cl,418.0
8372,CC1=N/C(=C\c2ccc(C#N)c(N(C)C)c2)C(=O)N1C,CC#N,369.0
10452,Cc1nn(-c2ccccc2)c(C2=NN(c3ccc(Br)cc3)[C@@H](c3ccccc3)[C@@H]2c2ccccc2)c1C#N,CCO,377.0
3669,CC(C)[Si]1(C(C)C)c2cc(C#N)ccc2-c2ccc(N(C)C)cc21,c1ccccc1,360.0
4127,F[B-]1(F)OC(c2ccc3ccccc3c2)=CC(c2ccc3ccccc3c2)=[O+]1,CC#N,419.0
11287,N#Cc1cccc(N)c1,CCO,321.0
11420,O=S1(=O)c2ccccc2Oc2cc(N3c4ccccc4C4(c5ccccc53)c3ccccc3N(c3ccc5c(c3)Oc3ccccc3S5(=O)=O)c3ccccc34)ccc21,Cc1ccccc1,359.8885794
5411,CCN(CC)c1ccc(/C=N/c2ccccc2/N=C/c2ccc(N(CC)CC)cc2O)c(O)c1,ClCCl,442.0
6208,COC(=O)c1[nH]c(-c2ccccc2)c2nnc3ccc(OC)cc3c12,ClCCl,392.0
1512,N#Cc1nc(N(Cc2ccc(F)cc2)Cc2ccc(F)cc2)c(C#N)nc1N(Cc1ccc(F)cc1)Cc1ccc(F)cc1,ClC(Cl)Cl,487.0
6867,CN(C)c1ccc2c(c1)C(=O)c1ccccc1-2,CCO,509.0
10928,CC(=O)c1nc(-c2ccc(N(C)C)cc2)oc1C,CCCCCC,315.0
9632,CC[n+]1ccc2ccccc2c1/C=C/c1c([O-])ccc2ccc(=O)oc12,ClCCl,614.5839018
11774,O=c1[nH]c(=O)c2scc([C@H]3C[C@H](O)[C@@H](CO)O3)c2[nH]1,CC#N,296.0
4740,COc1nnc(Cl)nn1,ClCCl,520.0
5553,CC1=[N+]2C(=C(c3ccc4c(c3)Cc3ccccc3-4)c3ccc(C)n3[B-]2(F)F)C=C1c1cc2n(c1)[B-](F)(F)[N+]1=CC=CC1=C2c1c(C)cc(C)cc1C,C1CCCCC1,597.5
10666,c1ccc2c(c1)CCc1c-2cnc2c1-c1ccccc1CC2,CS(C)=O,325.0
9199,N#Cc1ccc2c(c1)CCc1nc(-c3ccc([N+](=O)[O-])cc3)c3c(c1-2)CCc1cc(C#N)ccc1-3,ClCCl,345.0
9553,O=c1c2ccccc2sc2ccc(-n3c4ccccc4c4ccccc43)cc12,Cc1ccccc1,388.0
19,Oc1ccccc1/N=C/c1ccccc1Oc1ccccc1,CC(C)O,352.0
6167,CC(C)(C)c1ccc(-c2nc3c4ccc(-c5c6ccccc6cc6ccccc56)cc4c4cc(-c5c6ccccc6cc6ccccc56)ccc4c3n2-c2ccc(C(C)(C)C)cc2)cc1,Cc1ccccc1,369.0
3547,O=C1Nc2ccccc2/C1=C/C(=O)c1ccc(Cl)cc1Cl,CN(C)C=O,340.0
8585,C(/C=C/c1ccc(N(c2ccccc2)c2ccccc2)cc1)=C\c1ccncc1,CO,399.0
2932,C=Cc1ccc(-c2ccc(-c3nnc(-c4ccc(-c5nnc(-c6ccc(-c7ccc(C=C)cc7)s6)o5)cc4)o3)s2)cc1,CC(=O)N(C)C,343.0
8951,O=C(c1ccncc1)c1ccc(-n2c3ccccc3c3cc(-n4c5ccccc5c5ccccc54)ccc32)cc1,ClCCl,342.6395939
8765,O=C1/C(=C2\Sc3ccc(S(=O)(=O)Nc4ccccc4)cc3C2=O)Sc2ccc(S(=O)(=O)Nc3ccccc3)cc21,C1COCCO1,534.0
4442,c1ccc(-c2nc(-c3ccc(-c4nc(-c5ccccc5)c(-c5ccccc5)[nH]4)s3)[nH]c2-c2ccccc2)cc1,C1CCOC1,385.9980314
2360,C1=CN2C[n+]3cccc(OCc4ccccc4)c3N=C2C(OCc2ccccc2)=C1,CO,450.0
613,F[B-]1(F)n2cccc2C=C2c3ccccc3C(c3ccc[nH]3)=[N+]21,CO,565.0
5221,CC1=CC(c2ccc(N(C)C)cc2)=[N+]2C1=Nc1c(C)cc(-c3ccc(N(C)C)cc3)n1[B-]2(F)F,C1CCOC1,744.0
8836,FC(F)(F)C(F)(F)C(F)(F)C1=NC2=C(Br)C=C3c4cc(Br)c5nc(C(F)(F)C(F)(F)C(F)(F)F)nc6c(Br)cc(c4c56)=C4C=C(Br)C(=N1)C2C34,C1CCOC1,475.0
1408,CCCCN1C(=O)c2cccc3c([O-])c(/C=C/c4sc5ccccc5[n+]4CC)cc(c23)C1=O,ClCCl,584.7758887
3971,c1ccc(-c2nc3c(ccc4[nH]ccc43)o2)cc1,CC#N,320.0
10292,COc1ccc2cc(-c3ccc(C(F)(F)F)cc3)oc(=O)c2c1,CO,324.0
7281,COc1ccc2n1[B-](F)(F)[N+]1=C(SC#N)C=CC1=C2c1ccccc1,CO,480.0
1010,O=C1c2cc3ccccc3cc2C2=Nc3cccc[n+]3[B-](F)(F)N12,ClCCl,396.0
5641,CC1(C)Nc2cc(Cl)ccc2-c2[nH]c3ccccc3c(=O)c21,c1ccccc1,404.0
11513,CC(C)[Si](C#Cc1ccc(C#C[Si](C(C)C)(C(C)C)C(C)C)c2nc3c4ccccc4c(=O)c4ccccc4c3nc12)(C(C)C)C(C)C,ClCCl,379.0
10547,CCN(CC)c1ccc2ccc(=O)oc2c1,CCOCC,359.0
9103,COc1cc(/C=C/c2cc(OC)c(-c3nc(-c4ccccc4)c(-c4ccccc4)[nH]3)cc2OC)c(OC)cc1/C=C/c1cc(OC)c(-c2nc(-c3ccccc3)c(-c3ccccc3)[nH]2)cc1OC,CC#N,441.0
10795,CCC/N=C/c1cc2ccc(N(C)C)cc2cc1OC,O,438.0
5146,O=P1(c2ccccc2)C2=C(c3ccccc31)C(c1ccccc1)(c1ccccc1)c1cc(N(c3ccccc3)c3ccccc3)ccc12,CO,438.0
8500,CCN(CC)c1ccc2cc(/C=C/C(O)=C3\CC/C(=C\c4cc5ccc(N(CC)CC)cc5oc4=O)C3=O)c(=O)oc2c1,Cc1ccccc1,511.0
10536,CCN(CC)c1ccc2cc(/C=C/C(O)=C/C(C)=O)c(=O)oc2c1,CCOC(C)=O,447.0
850,COc1ccc2oc(=N)c(C#N)cc2c1,ClCCl,388.0
3372,COc1cc(OC)cc(-c2nnc(-c3cc(-c4nnc(-c5cc(OC)cc(OC)c5)o4)cc(-c4nnc(-c5cc(OC)cc(OC)c5)o4)c3)o2)c1,CS(C)=O,300.0
5379,COc1cc(N(c2ccccc2)c2ccc(C=C(C#N)C#N)c(OC)c2)ccc1C=C(C#N)C#N,CC(C)=O,470.0
11741,Oc1ccccc1-c1nc(-c2ccccc2)c2ccccn12,C1CCCCC1,340.0
6931,CN(C)c1ccc2c(c1)-c1ccccc1C2=O,CCO,437.0
1418,CN(CCO)c1ccc(/N=N/c2ccc([N+](=O)[O-])cc2)cc1,CO,487.0
3745,O=c1c(N(c2ccccc2)c2ccccc2)c([O-])c1=[N+](c1ccccc1)c1ccccc1,CN(C)C=O,411.0
10829,CCCCCCCCCCCCOc1cc2cc(N(C)C)ccc2cc1C#N,CC#N,368.0
1432,Cc1cn2cc(-c3ccc(C#N)cc3)[n-][n+]2c1,ClCCl,385.0
1022,COc1ccc(C(=Cc2ccc(C=O)cc2)c2ccc(OC)cc2)cc1,C1CCOC1,356.0
647,CCc1c(C)[nH]c(C2=[N+]3C(=Cc4c(C)cc(C)n4[B-]3(F)F)c3ccccc32)c1C,Cc1ccccc1,623.0
5731,CN(C)c1ccc(C2=Cc3cccc[n+]3[B-](F)(F)O2)cc1,ClC(Cl)Cl,426.0
1142,C(=C/c1cccc2ccccc12)\c1ccc(-c2nnc(-c3ccc(-c4cc5ccccc5s4)cc3)o2)cc1,CC#N,349.0
6322,COC(=O)c1cc(=O)n(C)c2cc(-c3cc4c5c(c3)CCCN5CCC4)sc12,CO,456.0
5890,COc1ccc(C2=[N+]3C(=Nc4c5c6ccccc6c6ccc(C(C)(C)C)cc6c5c(-c5ccc(OC)cc5)n4[B-]3(F)F)c3c2c2cc(C(C)(C)C)ccc2c2ccccc32)cc1,Cc1ccccc1,716.0
5292,CCN(CC)c1ccc(-n2cccc2)cc1,CC#N,280.0
9368,c1ccc2c(c1)-c1c(ccc3ccccc13)C21c2cc(-c3ccc4ccc5cccc6ccc3c4c56)ccc2-c2ccc(-c3ccc4ccc5cccc6ccc3c4c56)cc21,ClC(Cl)Cl,364.0
2319,CC(C)(C)c1ccc2oc(-c3ccc(-c4nc5cc(C(C)(C)C)ccc5o4)s3)nc2c1,CCCCO,375.0
1747,CN(C)c1ccc(/C=C2\CC/C(=C\c3ccc(C#N)cc3)C2=O)cc1,CC(C)=O,454.0
533,COc1ccc(C2=[N+]3C(=C(c4ccc(C#N)cc4)c4cc(-c5ccc(C#N)cc5)c(-c5ccc(OC)cc5)n4[B-]3(F)F)C=C2c2ccc(C#N)cc2)cc1,Cc1ccccc1,626.0
3615,F[B-]1(F)n2c(nc(Br)c2Br)-c2cccc[n+]21,ClC(Cl)Cl,374.0
5932,CCn1c2ccccc2c2cc(-c3cc(-c4ccc5c(c4)c4ccccc4n5CC)nc(N4CCCCC4)n3)ccc21,CN(C)C=O,370.0
11271,N#Cc1ccc(N)cc1,O,283.0
7856,CCCN1C(=O)C(=CC=CC=C2Oc3ccccc3N2CCCS(=O)(=O)[O-])C(=O)N(CCC)C1=S,CCCO,561.0
3499,COc1ccc(C(=O)/C=C2\C(=O)Nc3ccccc32)cc1,CC#N,335.0
8559,CCn1c2ccccc2c2cc(C#Cc3cc(C#Cc4ccc5c(c4)c4ccccc4n5CC)ncn3)ccc21,CCOC(C)=O,379.0
970,CCOC(=O)CCCn1c(C(=O)OC)c(C)c2c(=O)n3c(cc21)C(CC)=C(C)C3=O,CO,397.0
10379,Cn1c(/C=C/c2ccc(/C=C/c3nc4ccccc4[nH]3)cc2)[n+](C)c2ccccc21,CC#N,377.0
3994,CC1(C)CCc2c(c3ccccc3c3nc4c5c(c6ccccc6c4nc23)OC(C)(C)CC5)O1,ClC(Cl)Cl,461.0419548
4580,Cc1nc2ccc(/C=C/c3ccc(N(C)C)cc3)cc2nc1-c1ccccc1,CC#N,400.0
5397,CCCCCCCCCCCCCCCCOC(=O)c1ccc(N(c2ccccc2)c2ccccc2)cc1,CC#N,332.0
7185,O=S1(=O)c2ccccc2C2(c3cc(-c4ccc(N(c5ccccc5)c5ccccc5)cc4)ccc3-c3ccc(-c4ccc(N(c5ccccc5)c5ccccc5)cc4)cc32)c2ccccc21,ClCCl,380.0
8852,CC(=O)Nc1ccccc1C(=O)OC1CC(C)CCC1C(C)C,CC#N,310.0
6601,O=c1oc2ccccc2cc1-c1ccc(-c2ccc(-c3cc4ccccc4oc3=O)cc2)cc1,ClCCl,341.0
8545,CCn1c2ccccc2c2cc(C#Cc3cc(C#Cc4ccc5c(c4)c4ccccc4n5CC)nc(OC)n3)ccc21,CN(C)C=O,392.0
149,CCCCOC(=O)c1ccccc1-c1c2ccc(=[N+](CC)CC)cc-2oc2cc(N(CC)CC)ccc12,CC#N,555.0
1650,CN(C)c1ccc(/C=C/c2cc[n+](CCCOCC(COCCC[n+]3ccc(/C=C/c4ccc(N(C)C)cc4)cc3)(COCCC[n+]3ccc(/C=C/c4ccc(N(C)C)cc4)cc3)COCCC[n+]3ccc(/C=C/c4ccc(N(C)C)cc4)cc3)cc2)cc1,CS(C)=O,479.0
6412,CN(C)c1ccc(/C=C/C=C/c2ccc3ncnc(Nc4ccccc4)c3c2)cc1,ClC(Cl)Cl,403.0
8370,CC1=N/C(=C\c2cc(N(C)C)ccc2C#N)C(=O)N1C,CCCCCC,359.0
6407,Cc1c(COC(=O)Cc2c[nH]c3ccccc23)n2c(OCC(=O)Cc3c[nH]c4ccccc34)c(C)c(=O)n2c1=O,CCO,382.0
1275,CO,CCCCCC,177.0
11485,CSc1sc(C(=O)c2ccccc2)c2nn[nH]c(=O)c12,CO,400.0
4901,COc1ccc(-n2nc(C#N)c(NC3CCCCC3)n2)cc1,ClC(Cl)Cl,330.0
396,Cc1cccc(-c2[nH]c(=O)n3c2-c2ccccc2C3=O)c1O,CC#N,391.0
6847,C1=C(c2ccccc2)[Si](c2ccccc2)(c2ccccc2)c2ccccc21,ClCCl,338.0
3857,CCOC(=O)COc1ccc(/C=C/c2cc(C)c3n2[B-](F)(F)[N+]2=C(c4[nH]c(C)cc4C)c4ccccc4C2=C3)cc1,CC#N,670.0
8462,F[B-]1(F)n2c(Cl)c(Cl)c(Br)c2C(Oc2ccccc2)=C2C(Br)=C(Cl)C(Cl)=[N+]21,ClCCl,532.0
7808,N#Cc1ccc(N)c2nonc12,CCCCCC,397.0
2288,CCCn1c2cccc3c2[c+]2c4c1cccc4n(CCC)c1cccc(c12)n3CCC,CC#N,521.0
8327,Cc1cc2nc3cc(C)c(N)cc3[n+](-c3ccccc3)c2cc1N,O,520.0
6282,COC(=O)/C(C#N)=c1\s/c(=c2/s/c(=C(/C#N)C(=O)OC)c3cc(-c4ccc5c(c4)C(C)(C)c4ccccc4-5)sc23)c2sc(-c3ccc4c(c3)C(C)(C)c3ccccc3-4)cc12,Cc1ccccc1,630.0
4747,CN(C)CCN(Cc1c2ccccc2cc2ccccc12)c1ccc([N+](=O)[O-])cc1,C1CCOC1,393.0
7562,CC(C)(C)c1cc2ccc3cc(C(C)(C)C)cc4c3c2c(c1)c(=O)n1c4nc2c3ccccc3c3ccccc3c21,CCCCCC,367.0
3852,CCOC(=O)COc1ccc(/C=C/c2c(CC)c(C)c3n2[B-](F)(F)[N+]2=C(c4[nH]c(C)c(CC)c4C)c4ccccc4C2=C3C)cc1,CCCCCC,677.0
3827,COc1nc(Cl)nc(Nc2ccc3c4c(cccc24)C(=O)c2ccccc2-3)n1,CC(C)=O,410.0041
6438,CCN1c2ccc(/C=N/Nc3ccccn3)cc2Sc2cc(-c3cccc4ccccc34)ccc21,CS(C)=O,383.0
6271,C(#Cc1ccc2ccc3cccc4ccc1c2c34)c1ccccc1,Cc1ccccc1,362.0
4083,O=[N+]([O-])c1ccc(NCCN(Cc2c3ccccc3cc3ccccc23)c2ccc([N+](=O)[O-])cc2[N+](=O)[O-])c([N+](=O)[O-])c1,CC#N,371.0
9642,CC(C)(C)c1ccc2c(c1)c1cc(C(C)(C)C)ccc1n2-c1ccc(-c2nc3c(C#N)ccc(C#N)c3nc2-c2ccc(-n3c4ccc(C(C)(C)C)cc4c4cc(C(C)(C)C)ccc43)cc2)cc1,Cc1ccccc1,467.0
1323,COc1ccc2c(CC(=O)NN)coc2c1,CCCO,289.0
4872,Cc1cnc(NC(=O)C2=C(O)c3ccccc3S(=O)(=O)N2C)s1,CCCCO,350.0
2231,N#Cc1c(-c2cccs2)cc(-c2ccc3c(c2)Cc2ccccc2-3)[nH]c1=O,CC#N,389.0
11136,COCCOCCOCCOc1cc(C=O)c(OCCOCCOCCOC)cc1C=O,NC=O,354.0
10107,COc1ccc(/C=C/C2=CC(/C=C/c3ccc(OC)cc3)=[O+][B-](F)(F)O2)cc1,CC(C)=O,483.0
3219,CCNc1cc2c(cc1C)C(c1ccccc1C(=O)O)=C1CCCC(/C=C/C3=[N+](C)c4ccccc4C3(C)C)=C1O2,CCO,688.0
2751,Cc1cc(C(F)(F)F)nc2c1ccc1nc(-c3ccc(F)c(F)c3)cn12,CCCCCC,372.0
5363,CC1(C)CC(/C=C/c2ccc(-n3ccnc3)cc2)=CC(=C(C#N)C#N)C1,CCOC(C)=O,390.0
5322,CC(C)(C)c1cc2c(c(C(C)(C)C)c1)O[B-](F)(F)[n+]1c-2nc(-c2ccccc2)c2ccccc21,Cc1ccccc1,410.0
4303,CCC1(CC)c2cc(C=O)ccc2-c2ccc(N(C)C)cc21,CC#N,385.0
9350,CC(C)(C)c1ccc2c3c(c4ccc(C(C)(C)C)cc4c2c1)=[N+]1C(=C(c2ccccc2)c2c(Br)c4c5ccc(C(C)(C)C)cc5c5cc(C(C)(C)C)ccc5c4n2[B-]1(F)F)C=3Br,Cc1ccccc1,691.0
3116,O=Cc1cc(C=O)c2ccc3c(N4CCCCC4)cc(N4CCCCC4)c4ccc1c2c43,CC(C)=O,521.0
8814,COc1cc2sc3nc(-c4ccccc4OC)sc3c2cc1OC,CS(C)=O,365.0
8451,Cc1cccc(C)c1Nc1ccc(/C=C/c2ccc3ccccc3c2)cc1,CC#N,356.0
7132,COC(=O)C(Cc1ccc2oc(-c3ccc(N(C)c4ccccc4)cc3)nc2c1)NC(=O)OC(C)(C)C,c1ccccc1,349.8950315
9334,COc1cc2c3c(c4cc(OC)c(OC)c(OC)c4c2c(OC)c1OC)=[N+]1C(=C(c2c(C)cc(C)cc2C)c2cc4c5cc(OC)c(OC)c(OC)c5c5c(OC)c(OC)c(OC)cc5c4n2[B-]1(F)F)C=3,CC#N,718.0
8104,O=c1c2cc(F)c(N3CCOCC3)cc2oc2cc(N3CCOCC3)c(F)cc12,CCO,344.0
4110,COC(=O)C(Cc1ccc2oc(-c3ccc(-n4c5ccccc5c5ccccc54)cc3)nc2c1)NC(=O)OC(C)(C)C,CS(C)=O,343.5953821
6713,COc1ccc(-c2cc(-c3ccc(C)cc3)c(C#N)c(OC)n2)cc1,C1CCOC1,339.0
9402,CCN(CC)c1ccc2c(C#N)c(/C=C(\C#N)c3nc4ccccc4s3)c(=O)oc2c1,CO,591.0
7282,COc1ccc2n1[B-](F)(F)[N+]1=C(SC#N)C=CC1=C2c1ccccc1,ClCCl,508.0
3448,CCC1=C(C)C(=O)n2c1cc1c(C)c(CC(=O)OC)c(C)n1c2=O,c1ccccc1,416.0
7962,COc1cc2cc(OC)c(C#Cc3ccc([N+](=O)[O-])cc3)cc2cc1C#Cc1ccc([N+](=O)[O-])cc1,C1CCOC1,361.0
3508,O=C1Nc2ccccc2/C1=C/C(=O)c1ccc(Cl)cc1Cl,CCCCCC,334.0
6637,CCCCC1(CCCC)c2cc(C#Cc3ccc4ccc5cccc6ccc3c4c56)ccc2-c2ccc(N(c3ccccc3)c3ccccc3)cc21,Cc1ccccc1,418.0
6177,CC1=C(Cc2ccccc2)C(C)=[N+]2C1=C(C)c1c(C)c(-c3csc(N4CCOCC4)n3)c(C)n1[B-]2(F)F,CCO,516.0
8351,C#CCN1C(=O)/C(=C/c2cc(OC(C)C)ccc2OC(C)C)N=C1C,CCCO,400.0
9536,Brc1cnc(-c2ccncc2)s1,CO,306.0
9336,COc1cc2c3c(c4cc(OC)c(OC)c(OC)c4c2c(OC)c1OC)=[N+]1C(=C(c2c(C)cc(C)cc2C)c2cc4c5cc(OC)c(OC)c(OC)c5c5c(OC)c(OC)c(OC)cc5c4n2[B-]1(F)F)C=3,ClCCl,727.0
7216,COc1cc(OC)c(C2=C3C(C)=CC(C)=[N+]3[B-](F)(F)n3c(C)cc(C)c32)c(OC)c1,CCOC(C)=O,503.0
5652,CC1(C)Nc2ccccc2-c2[nH]c3ccccc3c(=O)c21,CO,412.0
6849,c1ccc(-n2c(-c3ccc(-c4ccc(-c5ccc(-c6nc7c8ccccc8c8ccccc8c7n6-c6ccccc6)cc5)cc4)cc3)nc3ccccc32)cc1,CCN(CC)CC,341.0
8879,COc1ccc(-c2cc3c(s2)c(C)cc(=O)n3C)cc1,CC#N,374.0
4828,Cc1ccc(C2=C3C=CC(c4ccccc4)=[N+]3[B-](F)(F)n3c2ccc3-c2ccccc2)cc1,ClC(Cl)Cl,554.0
7998,CN(C)c1ccc(C2=Nc3sc4cc(Cl)ccc4[n+]3[B-](F)(F)O2)cc1,ClCCl,430.0
7053,CCCCCCCCCn1c(-c2cc(-c3nc4ccccc4n3CCCCCCCCC)cc(-c3nc4ccccc4n3CCCCCCCCC)c2)nc2ccccc21,ClCCl,300.0
5727,CN(C)c1ccc(C2=Cc3cccc[n+]3[B-](F)(F)O2)cc1,CCOCC,413.0
2174,CCOC(=O)/C(C#N)=C(\C=C\c1ccc(N(c2ccccc2)c2ccc(/C=C/C(=C(/C#N)C(=O)OCC)c3ccccc3)cc2)cc1)c1ccccc1,ClCCl,481.0
3027,O=C1CC(=O)Nc2cc(Cl)ccc2N1,CS(C)=O,298.0
8343,COCCN1C(=O)/C(=C/c2cccc(N(C)C)c2)N=C1C,CC#N,353.0
10018,COc1ccc2cc(C3=[N+]4C(=Nc5c(-c6ccccc6)cc(-c6ccc7cc(OC)ccc7c6)n5[B-]4(F)F)C(c4ccccc4)=C3)ccc2c1,ClC(Cl)Cl,706.0
9257,C[Si](C)(C)[Si](c1ccc([Si]([Si](C)(C)C)([Si](C)(C)C)[Si](C)(C)C)s1)([Si](C)(C)C)[Si](C)(C)C,ClCCl,285.0
7039,CCC1(CC)c2ccccc2-c2c1c1c(c3c2C(CC)(CC)c2cc(B(c4c(C)cc(C)cc4C)c4c(C)cc(C)cc4C)ccc2-3)C(CC)(CC)c2cc(B(c3c(C)cc(C)cc3C)c3c(C)cc(C)cc3C)ccc2-1,CC#N,359.0
3919,c1ccc(C2CCN3COc4c5ccccc5c5c6c7c(c2c3c46)C(c2ccccc2)CCN7CO5)cc1,Cc1ccccc1,406.0
101,Cc1cc(O)c(C(=O)/C=C/c2ccccc2Cl)c(=O)o1,CC#N,353.0
8267,COC(=O)[C@H](Cc1ccc2oc3c(c2c1)=CC1=C(c2ccc(OC)cc2)c2cc4c5cc(C[C@H](NC(=O)OC(C)(C)C)C(=O)OC)ccc5oc4n2[B-](F)(F)[N+]=31)NC(=O)OC(C)(C)C,CO,580.0
8719,CCCCCCOc1cc(C=C2C(=C(C#N)C#N)c3ccccc3C2=C(C#N)C#N)c(OCCCCCC)cc1C=C1C(=C(C#N)C#N)c2ccccc2C1=C(C#N)C#N,ClCCl,542.0
900,CCn1c2ccccc2c2cc(-c3cc(-c4ccc5c(c4)c4ccccc4n5CC)nc(SC)n3)ccc21,C1CCOC1,371.0
3781,N#CC(C#N)=C(/C=C/c1cn(-c2ccccc2)nc1-c1ccccc1)c1ccccc1,CO,397.0
5860,CCC1(CC)c2ccccc2-c2ccc(C#Cc3cc(C#Cc4ccc5c(c4)C(CC)(CC)c4ccccc4-5)c4ccc5c(C#Cc6ccc7c(c6)C(CC)(CC)c6ccccc6-7)cc(C#Cc6ccc7c(c6)C(CC)(CC)c6ccccc6-7)c6ccc3c4c65)cc21,Cc1ccccc1,488.0
9597,Cc1cc(-c2nc3c4ccccc4c4ccccc4c3n2-c2ccc(C(C)(C)C)cc2)ccc1-c1ccc(-c2c(-c3ccccc3)nc3ccccn23)cc1,ClCCl,364.0
7148,Brc1ccc(N/C=C/C=[NH+]c2ccc(Br)cc2)cc1,CS(C)=O,386.0
8909,COC(=O)c1cc(=O)n(C)c2cc(-c3ccccc3)sc12,CC#N,392.0
4299,CCC1(CC)c2cc(C=C(C#N)C#N)ccc2-c2ccc(N(C)C)cc21,CS(C)=O,490.0
5756,CCOC(=O)c1c2c3c(ccc(Br)c3c3cc4ccccc4cc13)N(C)C2=O,CC#N,404.0
862,CCOc1cc2c(cc1/C=C/C1=CC(=C(C#N)C#N)CC(C)(C)C1)c1ccccc1n2CC,CCOC(C)=O,469.0
3131,N#Cc1c(-c2ccc(Br)cc2)cc(-c2ccc(Br)cc2)[nH]c1=O,C1CCOC1,377.0
99,Cc1cc(O)c(C(=O)/C=C/c2ccccc2)c(=O)o1,CC#N,356.0
6106,N#Cc1cccc2[nH]ccc12,O,305.0
385,COc1cc(C=O)cc(-c2[nH]c(=O)n3c2-c2ccccc2C3=O)c1O,CO,398.0
429,c1csc(-c2cnc(-c3cccs3)c3nonc23)c1,CCO,460.0
1643,c1ccc(-c2ccc(-c3ccc(N(c4ccccc4)c4ccccc4)cc3)c3nsnc23)cc1,CCCCCC,438.0
2714,c1ccc(N(c2ccccc2)c2ccc(-n3ccc4cc(-c5cccc6c5-c5ccccc5C6(c5ccccc5)c5ccccc5)ccc43)cc2)cc1,ClCCl,322.0
9997,CC/[NH+]=c1\cc2oc3cc(NCCC(=O)NC(CCC(=O)OC)C(=O)OC)c4ccccc4c3nc-2cc1C,O,600.0
5769,CCCCCCCCn1c(=O)c2cc3c(C#Cc4ccc(N(c5ccccc5)c5ccccc5)cc4)c4cc5c(=O)n(CCCCCCCC)c(=O)c5cc4c(C#Cc4ccc(N(c5ccccc5)c5ccccc5)cc4)c3cc2c1=O,ClC(Cl)Cl,582.0
7383,Cc1ccc(C2=C3C=C(I)C=[N+]3[B-](F)(F)n3cccc32)cc1,CO,516.5
6504,c1ccc2c(-n3cnc4ccccc43)cccc2c1,CCOCC,284.0
9022,CC[N+](CC)=c1ccc2nc3c(cc(NCCC(=O)NC(C)C(=O)OC)c4ccccc43)oc-2c1,O,580.0
6398,CN(C)c1ccc(-c2ccc3n2[B-](F)(F)[N+]2=C(c4ccccc4)C=CC2=C3C(F)(F)F)cc1,CCCCOCCCC,675.0
7816,CCN(CC)c1ccc2cc(/C(Cl)=C/C=C/C(=C(C#N)C#N)c3ccc(N(c4ccccc4)c4ccccc4)cc3)c(=O)oc2c1,CC(C)=O,504.0
8695,Cc1cc(C)c(B(c2ccc(-c3nc4c5ccccc5c5ccccc5c4[nH]3)cc2)c2c(C)cc(C)cc2C)c(C)c1,CS(C)=O,386.0
11565,CN(C)c1ccc(C#Cc2ccc3ccc4ccc(C#Cc5ccc(N(C)C)cc5)c5ccc2c3c45)cc1,CC(C)=O,431.0
4513,CN(C)c1ccc(/C=C/c2cc[n+](CCCCCCCCCCCC[n+]3ccc(/C=C/c4ccc(N(C)C)cc4)cc3)cc2)cc1,CC(C)O,488.0000781
11471,c1ccc2sc(-c3ccc(-c4nnc(-c5ccc(-c6nnc(-c7ccc(-c8cc9ccccc9s8)s7)o6)cc5)o4)s3)cc2c1,CC(=O)N(C)C,343.0
1662,CC(=O)n1cc(/C=C/c2ccc([N+](=O)[O-])cc2)c2ccccc21,CO,374.0
6690,CCN(CC)c1ccc(C2=C3C(C)=CC(/C=C/c4ccc(OCC(=O)OC)cc4)=[N+]3[B-](F)(F)n3c(C)cc(C)c32)cc1,CO,567.0
10859,C=C(C)C(CN1C(=O)c2cccc3c2c(cc2oc(C)nc23)C1=O)OO,CCO,362.0
6562,COc1cc2[nH]c3c(c2cc1OC)CCCC3=O,c1ccccc1,335.7271815
1670,O=Cc1ccc2c(c1)c1ccccc1n2-c1cc2ccccc2c2ccccc12,Cc1ccccc1,316.0
483,CCn1c2ccccc2c2cc(/C=C(\C#N)c3ccccc3)ccc21,ClCCl,374.0
11517,CCCCCCCCCCCCC(CCCCCCCCCC)Cn1c2cc(/C=C/c3nc4ccccc4s3)c3cccc4c5cccc6c(/C=C/c7nc8ccccc8s7)cc1c(c65)c2c34,ClCCl,521.0
119,Cc1cc(O)c(C(=O)/C=C/c2ccc(Cl)cc2Cl)c(=O)o1,CC#N,349.0
10549,CCN(CC)c1ccc2ccc(=O)oc2c1,Cc1ccccc1,369.0
6884,CN(C)c1cccc2c1-c1ccccc1C2=O,CCO,438.0
10270,CCN1c2ccc(/C=C(\C#N)c3ccccc3)cc2Sc2cc(/C=C(\C#N)c3ccccc3)ccc21,C1CCOC1,429.0
5211,c1ccc(-c2ccc(-c3cc(-c4ccc(-c5ccccc5)cc4)cc(-c4ccc(-c5ccccc5)cc4)c3)cc2)cc1,C1COCCO1,288.0
11291,N#Cc1cccc(N)c1C#N,CCCCCCC,334.0
5414,COc1cc(/C=C/C2=[O+][B-](F)(F)OC(/C=C/c3ccc(OS(=O)(=O)c4ccc(C)cc4)c(OC)c3)=C2)ccc1O,ClCCl,492.0
5508,O=S1(=O)c2ccc(-n3c4ccccc4c4ccccc43)cc2-c2cc(-n3c4ccccc4c4ccccc43)ccc21,ClC(Cl)Cl,354.0
7191,Cc1cc(C)c(B(c2c(C)cc(C)cc2C)c2cc3cccc4c(B(c5c(C)cc(C)cc5C)c5c(C)cc(C)cc5C)cc5cccc2c5c34)c(C)c1,CCCCCC,392.0
10080,C#CCn1c2ccccc2c2cc(/C=C/c3cc(C)c4n3[B-](F)(F)[N+]3=C(C)C=C(C)C3=C4c3ccc(I)cc3)ccc21,CC#N,579.0
7781,Cc1n[nH]c2c1C(c1ccc([N+](=O)[O-])cc1)C(C#N)=C(N)O2,ClCCl,263.0
5202,CCCCCCCCOc1ccc(C2=C3C(C)=C(C#Cc4ccc(B(c5c(C)cc(C)cc5C)c5c(C)cc(C)cc5C)cc4)C(C)=[N+]3[B-](F)(F)n3c(C)c(C#Cc4ccc(B(c5c(C)cc(C)cc5C)c5c(C)cc(C)cc5C)cc4)c(C)c32)cc1,CC#N,568.5099846
10356,CC1=[N+]2C(=C(c3ccc(N4CCOCC4)cc3)c3ccc(C)n3[B-]2(F)F)C=C1,CC#N,504.5
9899,CCCCC(CC)Cn1c2ccccc2c2ccc(-c3ccc4c(c3)S(=O)(=O)c3cc(-c5ccc6c7ccccc7n(CC(CC)CCCC)c6c5)ccc3-4)cc21,ClC(Cl)Cl,371.0
10798,CC(C)(C)[Si](C)(C)c1ccc([Si](C)(C)C(C)(C)C)c2ccccc12,C1CCCCC1,302.0
9143,CCCCCCOc1ccc2c(c1)C1=[N+]3C2=Cc2c4ccc(OCCCCCC)cc4c4n2[B-]3(Oc2ccccc21)Oc1ccccc1-4,C1CCOC1,748.0
3487,COc1ccc(C(=O)/C=C2\C(=O)Nc3ccccc32)c(OC)c1,C1COCCO1,336.0
9423,CCOC(=O)c1cc(C(=O)O)nc2cc(OC)ccc12,CCO,349.0
5270,O=S(=O)(c1ccc(-c2ccc(-c3nc4c5ccccc5c5ccccc5c4n3-c3ccccc3)cc2)cc1)c1ccc(-c2ccc(-c3nc4c5ccccc5c5ccccc5c4n3-c3ccccc3)cc2)cc1,CC(C)OC(C)C,368.0
6459,C(=C/c1cc(-c2ccccc2)c(/C=C/c2ccc(N(c3ccccc3)c3ccccc3)cc2)cc1-c1ccccc1)\c1ccc(N(c2ccccc2)c2ccccc2)cc1,ClCCl,415.0
4782,CCOC(=O)c1c(/N=C/c2ccc(-c3cccs3)s2)sc(/N=C/c2ccc(-c3cccs3)s2)c1C(=O)OCC,CC#N,492.0
5963,c1ccc(N2N=C(c3ccc4ccc5cccc6ccc3c4c56)CC2c2ccc3ccc4cccc5ccc2c3c45)cc1,ClCCl,422.0
914,Cc1ccc(C2=C3C=CC(C#Cc4ccccc4)=[N+]3[B-](F)(F)n3c(Cl)ccc32)cc1,CO,556.0
1068,CCOC(=O)CCCCCn1c2ccc([N+](=O)[O-])cc2c(=O)c2cc3c(cc21)c(=O)c1cc([N+](=O)[O-])ccc1n3CCCCCC(=O)OCC,ClCCl,506.0
8805,Cc1nc2c(ccc3c2sc(/C=C/c2ccc(N(C)C)cc2)[n+]3C)s1,ClC(Cl)Cl,557.0
8140,Nc1cc[nH]c(=S)n1,CC#N,283.0
2216,CN(CC(O)c1cccc(O)c1)c1ccc([N+](=O)[O-])c(C2CC(c3cccc4ccccc34)=NN2c2ccccc2)c1,O,406.0
7499,CCN(CC)c1ccc(/C=N/C2CCCCC2/N=C/c2ccc(N(CC)CC)cc2O)c(O)c1,CC#N,376.0
6545,c1ccc(N(c2ccccc2)c2ccc(-c3ncnc4ccccc34)cc2)cc1,ClCCl,380.0
3111,COc1cc(/C=C/c2nc3ccccc3o2)c(OC)cc1/C=C/c1nc(C)nc(/C=C/c2cc(OC)c(/C=C/c3nc4ccccc4o3)cc2OC)n1,ClC(Cl)Cl,436.0
7750,CC1(C)CCc2c(c3ccccc3c3nc4c(nc23)c2c(c3ccccc34)OC(C)(C)CC2)O1,ClC(Cl)Cl,437.0629371
8918,Cc1ccc(-c2ccc(/C=C/c3cccn3C)cn2)nc1,CN(C)C=O,384.0
2412,CC(C)(C)c1ccc2c(c1)c1cc(C(C)(C)C)ccc1n2-c1cc(C(=O)c2ccccn2)cc(-n2c3ccc(C(C)(C)C)cc3c3cc(C(C)(C)C)ccc32)c1,Cc1ccccc1,394.0
4845,COc1cc(-c2cc(N3CCCCC3)c(C#N)c3c2-c2cccc4cccc-3c24)cc(OC)c1OC,O,430.0
11701,COc1cc(/C=C/c2cc[n+](Cc3ccc(Br)cc3)cc2)ccc1O,CC(C)O,428.0
7582,CSC1=C2C=C(c3cc4n(c3)[B-](F)(F)[N+]3=CC=CC3=C4c3c(C)cc(C)cc3C)C(C)=[N+]2[B-](F)(F)n2c(C)ccc21,C1CCCCC1,606.0
4046,CCCC(=O)c1c2c(c(C(=O)CCC)c3c1OC(CC(=O)OC)(C(=O)O)O3)OCO2,CO,442.0
4786,COc1ccc(-c2c3ccccc3c3n2[B-](F)(F)[N+]2=Cc4c5ccccc5c(-c5ccc(OC)cc5)n4[B-](F)(F)[N+]2=C3)cc1,CN(C)C=O,569.0
8715,Oc1ccccc1/C=N/c1ccc(Cn2cncn2)cc1,CO,312.0027456
1355,O=C(/C=C/c1ccc(O)c(O)c1)O[C@H](Cc1ccc(O)c(O)c1)C(=O)O,CCO,328.0
9941,COc1ccc(-c2cc(-c3ccc(OC)cc3)c3c(N)nc(N4CCCC4)c(C#N)c3n2)cc1,ClCCl,418.0
9675,COc1ccc(C2=N/C(=C\c3ccccc3)C(=O)O2)cc1OC,C1COCCO1,378.0
7887,CCCCN1/C(=C\C=C\C=C\C2=[N+](CCCC)c3ccc4ccccc4c3C2(C)C)C(C)(C)c2c1ccc1ccccc21,CC#N,679.0
7853,CCCN1C(=O)C(=CC=CC=C2Oc3ccccc3N2CCCS(=O)(=O)[O-])C(=O)N(CCC)C1=S,C1COCCO1,565.0
3780,N#CC(C#N)=C(/C=C/c1cn(-c2ccccc2)nc1-c1ccccc1)c1ccccc1,CN(C)C=O,405.0
11650,CN(C)CCCN1c2ccccc2CCc2ccc(Cl)cc21,CO,276.0
461,CCCCCCN1C(=O)c2cccc3cc(/N=C\c4ccc5c(c4)c4ccccc4n5CC)cc(c23)C1=O,ClC(Cl)Cl,340.0
1470,Cc1cc(C)c(B(c2c(C)cc(C)cc2C)c2cc3ccc4ccccc4c3c3c2ccc2ccccc23)c(C)c1,ClC(Cl)Cl,413.0
2109,Fc1ccc(N(c2ccc(F)cc2)c2ccc3c4cccc5c(N(c6ccc(F)cc6)c6ccc(F)cc6)ccc(c6cccc2c63)c54)cc1,CC#N,484.0
3425,CO[Si](c1c2ccccc2cc2ccccc12)(c1c2ccccc2cc2ccccc12)c1c2ccccc2cc2ccccc12,ClC(Cl)Cl,401.0
2406,CCN1c2ccccc2Sc2cc(/C=C(\C#N)c3ccccc3)ccc21,Cc1ccccc1,412.0
8606,Cn1c(=O)c(-c2ccccc2)nc2ccccc21,c1ccccc1,369.0
3037,CCN(CC)c1ccc2c(C#N)c(/C=C(\C#N)c3nc4ccccc4o3)c(=O)oc2c1,CC#N,602.0
4192,O=C1C=C(Nc2ccccc2)C(=O)c2ccccc21,CCCCCC,450.0
6435,c1csc(-c2ccc(-c3cccs3)c3nsnc23)c1,ClC(Cl)Cl,445.0
3065,O=C1c2cc(-c3ccccc3)ccc2-c2ccc(-c3ccccc3)cc21,C1CCOC1,337.0
304,CCC1=C(C)C2=C(C)c3c(C)c(CC)c(C)n3[B-](F)(F)[N+]2=C1C,CC(C)O,518.8
7696,CN(C)c1ccc(/C=C/C(=C(C#N)C#N)c2ccc3c4c(cccc24)CC3)cc1,CO,496.0
2184,OB(O)c1ccc(-c2ccc(N(c3ccccc3)c3ccccc3)cc2)cc1,CCO,329.6
7615,CC1=CC(C)=[N+]2C1=Cc1c3ccccc3c(C#Cc3ccsc3)n1[B-]2(F)F,CCCCCCCCO,612.0
7733,O=C(/C=C/c1cn(-c2ccccc2)nc1-c1ccccc1)c1c(O)c2ccccc2oc1=O,CN(C)C=O,381.0
8568,O=c1c(Nc2ccccc2)c([O-])c1=[NH+]c1ccccc1,CCOCC,400.0
200,Cc1ccc(C2=C3C=CC4=[N+]3[B-](F)(F)n3c2ccc3-c2ccc([nH]2)/C(c2ccc(C)cc2)=c2/cc/c(o2)=C(\c2ccc(C)cc2)c2ccc4[nH]2)cc1,ClC(Cl)Cl,703.0
10103,COc1ccc(/C=C/C2=CC(/C=C/c3ccc(OC)c(OC)c3)=[O+][B-](F)(F)O2)cc1OC,ClC(Cl)Cl,500.0
3021,c1ccc(-c2nc(-c3ccc(-c4ccc(-n5c6ccccc6c6ccccc65)cc4)cn3)oc2-c2ccccc2)cc1,C1COCCO1,326.0
4850,Cc1ccc(Nc2ccc(Nc3ccc(C)cc3)c3c2C(=O)c2ccccc2C3=O)cc1,C1CCCCC1,639.0
379,O=C1c2ccccc2-c2c(-c3cccc(Cl)c3O)[nH]c(=O)n21,CO,393.0
5556,N#CC1=c2c3cccc4c(Br)ccc(c43)n2[B-](F)(F)[n+]2ccccc21,C1CCOC1,523.0
11699,COc1cc(/C=C/c2cc[n+](Cc3ccc(Br)cc3)cc2)ccc1O,CC(C)=O,409.0
2859,Fc1ccc(Nc2ccc3ccccc3n2)cc1,CCO,350.0
6634,CC[n+]1c(/C=C/c2c([O-])ccc3ccc(=O)oc23)sc2ccccc21,O,492.7553238
9247,c1ccc(-c2nc3c(c4c2-c2ccccc2CC4)-c2ccccc2CC3)cc1,CS(C)=O,316.0
10543,CCN(CC)c1ccc2cc(C#N)c(=O)oc2c1,ClCCl,428.0
2252,C1=C(c2ccc(-c3cccs3)s2)CCCC1,C1CCOC1,341.0
5638,CC1(C)Nc2cc(Cl)ccc2-c2[nH]c3ccccc3c(=O)c21,ClC(Cl)(Cl)Cl,395.0
4447,c1ccc(-c2nc(-c3ccc(-c4nc(-c5ccccc5)c(-c5ccccc5)[nH]4)s3)[nH]c2-c2ccccc2)cc1,CCOCC,383.99754245
47,Oc1ccccc1/N=C/c1ccccc1Oc1ccccc1,CCCCCCCCO,355.0
10850,CCCCCCCCCCCCOc1cc2cc(N(C)C)ccc2cc1C=O,CS(C)=O,392.0
6880,COc1ccc2c(c1)C(=O)c1ccccc1-2,CCO,433.0
6120,COc1cc(-c2cnc(-c3cnc4ccccc4c3)o2)cc(OC)c1OC,ClCCl,353.0
5632,CC1(C)Nc2cc(Cl)ccc2-c2[nH]c3ccccc3c(=O)c21,CCO,424.0
11084,O=Cc1cc(O)ccc1O,CO,364.0
1671,O=Cc1ccc2c(c1)c1ccccc1n2-c1cc2ccccc2c2ccccc12,ClCCl,321.0
624,CCc1c(C)[nH]c(C2=[N+]3C(=C(C)c4c(C)c(CC)c(C)n4[B-]3(F)F)c3ccccc32)c1C,CCCCCC,620.0
2609,CC(=O)c1c2c(cc3c(N(C)C)cccc13)CCC2,C1CCOC1,330.0
2020,N#CC(C#N)=Cc1ccc(-c2cccc(-c3nc4ccccc4s3)c2O)s1,ClCCl,424.0
11538,CN(C)c1ccc(/C=C/C=N/N=C/c2ccc3ccc4cccc5ccc2c3c45)cc1,CO,434.0
9711,CN(C)c1ccc(/C=C/c2nc3c4ccccc4c4ccccc4c3[nH]2)cc1,CN(C)C=O,392.0
9387,COC(=O)C1=C(C(=O)OC)C2=C[C@H]3c4ccccc4[C@]2([Se]1)c1ccccc13,ClCCl,370.0
9197,N#Cc1ccc2c(c1)CCc1nc(-c3ccc([N+](=O)[O-])cc3)c3c(c1-2)CCc1cc(C#N)ccc1-3,CS(C)=O,360.0
11766,CCOC(=O)C1=C(C)NC2=C(C(=O)c3ccccc32)C1c1ccc(N(C)C)cc1,CC#N,379.0
245,C#CCNC1=C2C=CC=[N+]2[B-](F)(F)n2cccc21,CO,405.0
5938,O=c1[nH]c2ccccc2[nH]1,CCCCO,280.00224
5204,N#Cc1ccc(-n2c(-c3ccc(-c4ccc(-c5nc6c7ccccc7c7ccccc7c6n5-c5ccc(C#N)c6ccccc56)c5ccccc45)c4ccccc34)nc3c4ccccc4c4ccccc4c32)c2ccccc12,ClCCl,336.0
7465,CC(C)(C)c1cc2ccc3cccc4c3c2c(c1)c1nc2c3cc(C(C)(C)C)cc5ccc6cccc(c(=O)n2c41)c6c53,c1ccccc1,395.0
1720,c1ccc(-c2nc3ccccc3nc2-c2cc(-n3c4ccccc4c4ccccc43)cc(-n3c4ccccc4c4ccccc43)c2)cc1,Cc1ccccc1,335.0
2088,Cc1c(COC(=O)Cc2ccccc2)n2c(OCC(=O)Cc3ccccc3)c(C)c(=O)n2c1=O,CCO,379.0
3995,CC(C)CCC[C@@H](C)[C@H]1CC[C@H]2[C@@H]3CC=C4C[C@@H](OC(=O)Oc5cc(/C=C/C=C/c6ccc(N(C)C)cc6)ccc5[N+](=O)[O-])CC[C@]4(C)[C@H]3CC[C@@]21C,CO,448.0
5130,COc1ccc(C2=[N+]3C(=Nc4c(-c5cc(OC)c(OC)c(OC)c5)c(Br)c(-c5ccc(OC)cc5)n4[B-]3(F)F)C(c3cc(OC)c(OC)c(OC)c3)=C2Br)cc1,Cc1ccccc1,689.0
8064,CN(C)c1ccc(/C=C(\C#N)c2nc3ccccc3s2)cc1,CO,450.0
4617,CCc1ccc(/C=C/c2ccc(-c3nnc(-c4ccc(-c5cc6ccccc6s5)cc4)o3)cc2)cc1,CC(C)=O,347.0
9947,Cc1cc(C2(c3cc(C)c(O)c(Br)c3)OS(=O)(=O)c3ccccc32)cc(Br)c1O,CCO,414.0
6346,CN(C)c1ccc2cc(C3=[O+][B-](F)(F)OC(c4ccccc4)=C3)ccc2c1,C1CCOC1,492.0
2102,Cc1ccc(N(c2ccc(C)cc2)c2ccc3c4cccc5c(N(c6ccc(C)cc6)c6ccc(C)cc6)ccc(c6cccc2c63)c54)cc1,C1CCCCC1,506.0
3550,O=C1Nc2ccccc2/C1=C/C(=O)c1ccc(Cl)cc1Cl,O,340.0
958,COc1ccc2c(c1)CCc1c-2nc(N)c(C#N)c1-c1ccc(Br)cc1,CO,371.0
4771,COC(=O)C1=C(C(=O)OC)C2(c3ccccc3-c3ccccc32)[C@@H](c2ccccc2)C=C2c3cc(OC)c(OC)cc3CCN21,ClCCl,311.0
10237,COc1cc2c(cc1/C=C(\C#N)c1nc3ccccc3s1)c1ccccc1n2C,C1CCOC1,433.0
3784,N#CC(C#N)=C(/C=C/c1cn(-c2ccccc2)nc1-c1ccccc1)c1ccccc1,ClC(Cl)Cl,406.0
11669,O=P(c1ccccc1)(c1ccccc1)n1c2ccccc2c2ccccc21,C1CCOC1,319.0
2142,Cc1cccc2nc3c(=O)n(C)c(=O)nc-3n(C)c12,CC#N,439.0
10953,O=S(=O)(c1ccccc1)c1ccc(-c2ccc3c(c2)c2cc(-c4ccc(S(=O)(=O)c5ccccc5)cc4)ccc2n3-c2ccccc2)cc1,CCCCCC,343.0
518,COc1cc(C2=CC3=C(c4c(C)cc(C)cc4C)c4cc(-c5cc(OC)c(OC)c(OC)c5)c(-c5cc(OC)c(OC)c(OC)c5)n4[B-](F)(F)[N+]3=C2c2cc(OC)c(OC)c(OC)c2)cc(OC)c1OC,C1CCOC1,621.0
9191,COc1ccc(-c2nc3c(c4c2-c2ccccc2CC4)-c2ccccc2CC3)cc1,ClCCl,322.0
6794,N#Cc1coc2ccccc2c1=O,CO,364.0
3526,Cc1ccc(C(=O)/C=C2\C(=O)Nc3ccccc32)cc1C,ClCCl,336.0
10544,CCN(CC)c1ccc2ccc(=O)oc2c1,CCCCCC,353.0
3379,F[B-]1(F)n2c(Nc3cccc4cccnc34)ccc2C(c2ccccc2)=C2C=CC(Cl)=[N+]21,C1CCCCC1,560.0
5180,Clc1ccc(/C=C/c2cnc3ccccc3n2)cc1,ClCCl,355.0
5061,CCN(CC)c1ccc(/C=C/C2=[O+][B-](F)(F)Oc3c2c(=O)oc2cc(N(CC)CC)ccc32)cc1,CS(C)=O,607.0
9623,NC(=O)CC[C@H](/[NH+]=C\C=C1\C=C(C(=O)O)N[C@H](C(=O)O)C1)C(=O)O,OCC(F)(F)F,473.0
6333,COc1ccc(C2=CC(c3ccc4cc(N(C)C)ccc4c3)=[O+][B-](F)(F)O2)cc1,CS(C)=O,512.0
3234,CN(C)c1ccc(/C=C/c2ncc3ccccc3n2)cc1,ClCCl,395.0
6425,COc1ccc2cc(-c3cc(-c4ccccc4)c4n3[B-](F)(F)[N+]3=C5C=NC=CN5[B-](F)(F)[N+]3=C4)ccc2c1,ClCCl,536.0
8486,CC[N+]1(CC)CN2C(C)=CC(C)=C(C(=O)[O-])C2=N1,O,338.0
5580,CC(=O)c1ccc2ccc3c(NCCC(=O)NCCCCCCc4nc5c(=O)[nH]c(N)nc5n4[C@H]4C[C@H](O)[C@@H](CO)O4)ccc4ccc1c2c43,C1CCOC1,451.0
6341,CN(C)c1ccc2cc(C3=[O+][B-](F)(F)OC(c4ccc(C#N)cc4)=C3)ccc2c1,CC(C)=O,533.0
9102,CN(C)c1ccc(C=C2Cc3ccccc3C2=O)cc1,Cc1ccccc1,411.0
11733,c1ccc(-c2nc(-c3ccccc3)n3ccccc23)cc1,ClC(Cl)Cl,308.0
1277,CCNCC,CCCCCC,193.0
3837,c1ccc2c(c1)c1ccccc1c1ncncc21,ClCCl,346.0
1634,CCN(CC)c1ccc2cc(/C=C/C3=CC(/C=C/c4cc5ccc(N(CC)CC)cc5oc4=O)=[O+][B-](F)(F)O3)c(=O)oc2c1,Cc1ccccc1,598.0
2956,C[Si]1(C)O[Si](C)(C)c2cc3c(-c4ccccc4F)c4cc(Cl)ccc4nc3cc21,ClCCl,380.0
1320,COc1ccc2c(CC(=O)NN)coc2c1,CC#N,290.0
1433,CCCCCCn1c(=O)c2c3sc4ccccc4sc3c3c(=O)n(CCCCCC)c(=O)c3c2c1=O,ClCCl,441.0
9747,CCCN1c2ccc(C3=C4C=CC=[N+]4[B-](F)(F)n4cccc43)cc2Sc2cc(C3=C4C=CC=[N+]4[B-](F)(F)n4cccc43)ccc21,ClCCl,500.0
8124,CC(C)[Si](C#Cc1c2ccccc2c(C#C[Si](C(C)C)(C(C)C)C(C)C)c2nc3cc4c(cc3nc12)C1c2ccccc2C4c2ccccc21)(C(C)C)C(C)C,ClCCl,562.0
9520,Oc1c(-c2nc3c4ccccc4c4ccccc4c3[nH]2)cc2c3c1CCCN3CCC2,CO,365.0
4381,O=P1(c2ccccc2)C(c2ccc(C3=Cc4ccccc4P3(=O)c3ccccc3)cc2)=Cc2ccccc21,C1CCOC1,387.0
1496,O=C1OC(c2ccccc2)=N/C1=C\c1ccc(N(c2ccc(/C=C3\N=C(c4ccccc4)OC3=O)cc2)c2ccc(/C=C3/N=C(c4ccccc4)OC3=O)cc2)cc1,CC(C)=O,499.0
2453,CC1=[N+]2C(=C(NC(C)c3ccccc3)c3ccc(C)n3[B-]2(F)F)C=C1c1cc2n(c1)[B-](F)(F)[N+]1=CC=CC1=C2c1c(C)cc(C)cc1C,CCOC(C)=O,570.0
5076,C(#Cc1ccccc1)C(C#Cc1ccccc1)=Cc1ccc(-c2ccc(C=C(C#Cc3ccccc3)C#Cc3ccccc3)cc2)cc1,ClC(Cl)Cl,394.0
10672,N#Cc1ccc(-c2ccc3ncnc(Nc4ccccc4)c3c2)cc1,ClC(Cl)Cl,343.0
468,COc1cc2c(cc1-c1ccc(C(F)(F)F)cc1)Cc1c3c(c4c(c1-2)-c1cc(OC)c(-c2ccc(C(F)(F)F)cc2)cc1C4)C(=O)N(CCC(C)C)C3=O,C1CCOC1,404.0
14,COc1c2ccccc2c(OC)c2c(C#Cc3ccccc3)c3cc4sccc4cc3c(C#Cc3ccccc3)c12,ClCCl,656.0
5467,Cc1ccc(-c2cc(-c3ccccc3)c(C#N)c(=S)[nH]2)cc1,C1CCCCC1,488.0
8000,CN(C)c1ccc(C2=Nc3sc4cc(F)ccc4[n+]3[B-](F)(F)O2)cc1,CC#N,422.0
7722,CN(C)c1ccc(/C=C2\CCCC2=O)cc1,CC(C)=O,379.0
9639,CC[n+]1ccc2ccccc2c1/C=C/c1c([O-])ccc2ccc(=O)oc12,Cc1ccccc1,655.0113688
2009,CC1CCC(O)(c2ccc(-c3cccs3)s2)CC1,c1ccncc1,345.0
10841,CCCCCCCCCCCCOc1cc2cc(N(C)C)ccc2cc1C=C(C#N)C#N,CCOC(C)=O,469.0
3000,c1ccc2c(-c3ccc(-c4nnc(-c5ccc(-c6nnc(-c7ccc(-c8cccc9ccccc89)s7)o6)cc5)o4)s3)cccc2c1,ClC(Cl)Cl,357.0
4639,CN(C)c1ccc(/C=C/c2ccc(-c3nnc(-c4ccc(-c5cc6ccccc6s5)cc4)o3)cc2)cc1,CC(C)=O,337.0
487,Cc1nc2c(c[n+]1C)CN1C(=O)N([C@H]3O[C@@H](CO)[C@H](O)[C@@H]3O)C=CC1=N2,CC#N,390.0
1479,c1ccc2c(-c3cncnc3)c3ccccc3c(-c3cncnc3)c2c1,ClCCl,397.0
5015,CCCCCN1c2ccccc2Sc2cc(/C=C/c3ccc(/C=C(\C#N)C(=O)O)s3)ccc21,ClCCl,494.0
9779,[O-]c1c(-c2ccccc2)cc(-[n+]2c(-c3ccccc3)cc(-c3ccccc3)cc2-c2ccccc2)cc1-c1ccccc1,CCCCCCCC,919.3247588
2754,Cc1cc(C(F)(F)F)nc2c1ccc1nc(-c3ccc(F)c(F)c3)cn12,CO,356.0
11605,C(=C/c1ccc(Nc2ccccc2)cc1)\c1ccccc1,CCCCCC,346.0
1219,CCCCNC(=O)c1nc2c(N(C)C)nc(N(C)C)nc2n1Cc1ccccc1,CC#N,333.0
8382,CC1=N/C(=C\c2cccc(N(C)C)c2)C(=O)N1C,CC#N,353.0
1383,CCCCN(CCCC)c1ccc(/C=C/c2ccc3nc(/C=C/c4nc5ccc(/C=C/c6ccc(N(CCCC)CCCC)cc6)cc5n(CCC)c4=O)c(=O)n(CCC)c3c2)cc1,C1COCCO1,528.0
8799,O=C1/C(=C/C=C/c2cc3c4c(c2)CCCN4CCC3)CC/C1=C\C=C\c1cc2c3c(c1)CCCN3CCC2,c1ccncc1,534.0
1744,COc1ccc(C2=C3C(/C=C/c4cc(OC)c(OC)c(OC)c4)=C(C=O)C(C)=[N+]3[B-](F)(F)n3c(/C=C/c4cc(OC)c(OC)c(OC)c4)c(C=O)c(C=Cc4cc(OC)c(OC)c(OC)c4)c32)cc1,ClCCl,634.0
5489,CN(C)c1ccc(C#Cc2ccc3c(N(C)C)cc(-c4ccccc4)cc3c2)cc1,ClCCl,341.0
1953,c1ccc(-c2nn(-c3ccccc3)c3nc4ccccc4cc23)cc1,CCCCOCCCC,398.5651654
6086,F[B-]1(F)n2c(nc(-c3ccccc3)c2-c2ccccc2)-c2cccc[n+]21,C1CCCCC1,429.0
1166,c1cc2c3cscc3c3ccsc3c2s1,ClC(Cl)Cl,360.0
9124,CC1(C)CC[N+]2=c3c(cc4c(c31)Oc1cc3c(cc1C=4c1ccccc1C(=O)O)C(c1ccccc1C(=O)O)=c1cc4c5c(c1O3)C(C)(C)CC[N+]=5CCC4)CCC2,ClC(Cl)Cl,611.0
6543,F[B-]1(F)Oc2c(ccc3c4c(ccc23)C=[N+](c2ccccc2)[B-](F)(F)O4)C=[N+]1c1ccccc1,Cc1ccccc1,497.0
8530,CCn1c2ccccc2c2cc(/C=C/c3cc(/C=C/c4ccc5c(c4)c4ccccc4n5CC)nc(SC)n3)ccc21,CN(C)C=O,413.0
8379,CC1=N/C(=C\c2ccc(N(C)C)cc2)C(=O)N1C,ClCCl,428.0
2876,CC1(C)CC(/C=C/c2cn(-c3ccccc3)nc2-c2ccc([N+](=O)[O-])cc2)=CC(=C(C#N)C#N)C1,Cc1ccccc1,413.0
8485,CC(C)(C)NC(=O)c1cc2ccccc2c2ccc3c4ccccc4c4ccccc4c3c12,ClCCl,305.0
7139,COC(=O)C(Cc1ccc2oc(-c3ccc(Nc4ccccc4)cc3)nc2c1)NC(=O)OC(C)(C)C,CC(C)O,355.5049948
7601,N#C/C(=C\c1cn(-c2ccccc2)nc1-c1ccccc1)c1nc2ccccc2s1,CO,377.0
8550,CCn1c2ccccc2c2cc(C#Cc3cc(C#Cc4ccc5c(c4)c4ccccc4n5CC)nc(S(C)(=O)=O)n3)ccc21,CN(C)C=O,415.0
3148,O=[N+]([O-])c1ccc(-n2c3ccccc3c3c2c2ccccc2n3-c2ccccc2)cc1,Cc1ccccc1,418.0
8678,COc1ccc([C@@H]2C[C@](O)(c3ccccn3)C[C@](O)(c3ccccn3)[C@H]2C(=O)c2ccc(N(c3ccccc3)c3ccccc3)cc2)cc1,C1CCOC1,366.0
2245,CC(C)CN1C(=O)/C(=C/c2ccc(C#N)cc2)C=C1c1ccccc1,C1COCCO1,440.0
9187,COc1ccc(-c2nc3c(c4c2-c2ccccc2CC4)-c2ccccc2CC3)cc1,CCOC(C)=O,310.0
5426,COCCC1=Cc2nc1ccc1[nH]c(cc1CCOC)c1nc(c(NC(=O)CCCC(=O)OC)cc3[nH]c2cc3CCOC)C(CCOC)=C1,Cc1ccccc1,670.0
3562,O=C1Nc2ccccc2/C1=C/C(=O)c1ccc(O)cc1,O,338.0
5361,CC1(C)CC(/C=C/c2ccc(-n3ccnc3)cc2)=CC(=C(C#N)C#N)C1,CC#N,390.0
11622,COc1ccc(N(c2ccc(OC)cc2)c2sc(-c3ccc(Cl)cc3)nc2-c2ccccc2)cc1,ClC(Cl)Cl,393.0
4060,COc1cc(OC)cc(C2=[O+][B-](F)(F)OC(c3ccc4ccccc4c3)=C2)c1,ClCCl,402.0
7438,CCn1c2ccccc2c2cc(/C=C/c3cccc[n+]3CCCS(=O)(=O)[O-])ccc21,CC#N,423.0
50,Oc1ccccc1/N=C/c1ccccc1Oc1ccccc1,CS(C)=O,373.0
8271,CN(C)c1ccc(/C=C/C(=O)c2ccc(Cl)cc2)cc1,C1CCOC1,413.0
10165,c1ccc(-c2nc(-c3c[nH]c4ccccc34)n3ccccc23)cc1,C1CCCCC1,382.0
9239,CN(C)c1ccc(-c2nc3c(c4c2-c2ccccc2CC4)-c2ccccc2CC3)cc1,CCOC(C)=O,338.0
7963,COc1cc2cc(OC)c(C#Cc3ccc([N+](=O)[O-])cc3)cc2cc1C#Cc1ccc([N+](=O)[O-])cc1,ClC(Cl)Cl,362.0
9749,CN(C)c1ccc(-c2cc3c(s2)c(C(=O)c2ccccc2)cc(=O)n3Cc2ccccc2)cc1,ClCCl,446.0
95,CC1(C)c2ccccc2N(c2cccc(S(=O)(=O)c3cccc(N4c5ccccc5C(C)(C)c5ccccc54)c3)c2)c2ccccc21,Cc1ccccc1,301.0
6554,COC(=O)/C=C/c1sc(-c2ccc(N(C)C)s2)c(-c2cn(C)c3ccccc23)c1O,CC#N,478.0
2417,C(/C=C/c1ccc(-n2c3ccccc3c3ccccc32)cc1)=C\c1ccncc1,CCCCCCC,360.0
8968,COc1ccccc1-c1nc(-c2ccc(C(F)(F)F)cc2)n(-c2ccc(C)cc2)c1-c1ccccc1OC,CC(C)O,285.0
3297,Cc1ccc(NC(=O)c2ccc(N(C)C)cc2)cc1,C1CCOC1,311.0
10354,CC1=[N+]2C(=C(c3ccc(N4CCOCC4)cc3)c3ccc(C)n3[B-]2(F)F)C=C1,C1CCCCC1,509.0
4700,Oc1cc(N(c2ccccc2)c2ccccc2)ccc1-c1nc2c3ccc(-c4ccccc4)cc3c3cc(-c4ccccc4)ccc3c2[nH]1,CC#N,395.0
3132,N#Cc1c(-c2ccc(Br)cc2)cc(-c2ccc(Br)cc2)[nH]c1=O,CC#N,373.0
9884,CCCCCCCCCCCCC(CCCCCCCCCC)Cn1c2cc(/C=C/C=C(C#N)C#N)c3cccc4c5cccc6c(/C=C/C=C(C#N)C#N)cc1c(c65)c2c34,CC#N,599.0
700,c1ccc2c(c1)c1ccccc1n2-c1ccc(-c2nnc(-c3ccc(-n4c5ccccc5c5ccccc54)cc3)o2)cc1,Cc1ccccc1,343.0
1053,Cc1cn(C(F)(F)F)c(=O)[nH]c1=O,CC#N,255.0
2742,Cc1cc(C(F)(F)F)nc2c1ccc1nc(-c3ccc(Cl)cc3)cn12,CCCCCC,376.5
3858,CCOC(=O)COc1ccc(/C=C/c2cc(C)c3n2[B-](F)(F)[N+]2=C(c4[nH]c(C)cc4C)c4ccccc4C2=C3)cc1,CCCCCC,679.0
7189,CC1(C)C(=O)C=Cc2ccc(N)cc21,O,377.0
218,CCC1=C(C)C2=Cc3cc(I)cn3[B-](F)(F)[N+]2=C1C,CC(C)=O,509.5
214,CCC1=C(C)C2=Cc3cc(I)c(I)n3[B-](F)(F)[N+]2=C1C,CCOC(C)=O,528.0
4401,O=C1[C@H]2[C@H]3C=C[C@H](C3)[C@H]2C(=O)N1c1ccc2cc3ccccc3cc2c1,ClC(Cl)Cl,380.0
2189,N#Cc1nnn(-c2ccnc3cc(Cl)ccc23)c1N,C1COCCO1,365.6841951
7607,COc1cc2c(cc1OC)C1=C[C@H](c3ccccc3)C3(C(C(=O)O[C@@H]4C[C@H]5CC[C@@H]4C5)=C(C(=O)O[C@H]4C[C@@H]5CC[C@H]4C5)N1CC2)c1ccccc1-c1ccccc13,ClCCl,314.0
10408,N#Cc1c(N2CCCCC2)cc(-c2cccc3ccccc23)c2c1CCc1ccccc1-2,C1CCOC1,353.0
1617,BrC1=CN2C[n+]3cc(Br)cc(Br)c3N=C2C(Br)=C1,CS(C)=O,449.0
11101,O=[N+]([O-])c1ccc(O)cc1,CO,309.0
2688,O=C1NC(=O)/C(=C\c2ccccc2O)S1,CO,352.0
6193,CN1/C(=C/C=O)C(C)(C)c2ccccc21,CS(C)=O,338.0
3352,CC1=CC(C)=[N+]2C1=Cc1c3ccccc3c(C#Cc3cccs3)n1[B-]2(F)F,CCCCCC,621.0
7070,COc1ccc(-c2ccc3c(c2)c2cc(-c4ccc(OC)cc4)ccc2n3-c2ccc(C(=O)c3ccc4sc5ccccc5c4c3)cc2)cc1,Cc1ccccc1,366.0
8727,CCC1(CC)c2cc(B(c3c(C)cc(C)cc3C)c3c(C)cc(C)cc3C)ccc2-c2ccc(N(c3ccccc3)c3ccc4c(c3)C(CC)(CC)c3cc(B(c5c(C)cc(C)cc5C)c5c(C)cc(C)cc5C)ccc3-4)cc21,ClC(Cl)Cl,422.0
2564,Cc1ccc(-n2c3ccccc3c3cc(C(=C(C#N)C#N)c4ccccc4)ccc32)cc1,Cc1ccccc1,447.0
932,CN1/C(=C/C=C(/C=C/c2sc3ccccc3[n+]2C)c2ccc(C(F)(F)F)cc2)Sc2ccccc21,CS(C)=O,652.0
1178,COC(=O)c1nc2cnc(N(C)C)nc2n1Cc1ccccc1,CO,362.0
9490,O=C1/C(=C2\Sc3ccc(S(=O)(=O)O)cc3C2=O)Sc2ccc(S(=O)(=O)O)cc21,CO,553.0
9565,COc1ccc(N2c3sc4ccccc4c3Sc3c2sc2ccccc32)cc1,ClCCl,425.0
1121,COc1c2ccccc2c(OC)c2c1c1ccc(F)cc1n2C,ClCCl,398.0
9952,Cc1cc(C2(c3cc(C)c(O)c(Br)c3)OS(=O)(=O)c3ccccc32)cc(Br)c1O,CC#N,398.0
5303,Cc1ccc(C)n1-c1ccccc1,CCCCCC,240.0
8023,Cc1ccc(/C=C(\C#N)c2nc3ccccc3s2)cc1,C1CCCCC1,350.0
6821,Cc1ccccc1/C(C#N)=C/c1ccc(N(C)C)cc1,ClC(Cl)Cl,378.0
10649,CN(C)c1ccc(C2=Nc3scc(-c4ccc(N(C)C)cc4)[n+]3[B-](F)(F)O2)cc1,Cc1ccccc1,405.0
967,CCCCCCCC1=C(C)C(=O)n2c1cc1[nH]c(C(=O)OC)c(C)c1c2=O,ClC(Cl)Cl,396.0
573,COc1ccc(-c2cc3c(o2)=CC2=Cc4cc5oc(-c6ccc(OC)cc6)cc5n4[B-](F)(F)[N+]=32)cc1,ClC(Cl)Cl,672.5
10394,Cn1cccc1-c1cc(C#N)ccc1C#N,CCOCC,364.0
11072,O=Cc1cc(O)c(C=O)cc1O,CCO,413.0
357,CC1=CC(C)=[N+]2C1=Cc1cccn1[B-]2(F)F,ClCCl,498.0
3207,N#CC(C#N)=Cc1nc2ccc(C#Cc3ccc(N(c4ccccc4)c4ccccc4)cc3)cc2s1,Cc1ccccc1,494.0
3328,CN(C)c1ccc(C(=O)Nc2ccccc2)cc1,C1CCCCC1,307.0
651,Cc1ccc(C2=[N+]3C(=Cc4c(C)cc(C)n4[B-]3(F)F)c3ccccc32)[nH]1,CCCCCC,607.0
6227,O=C1C=C(Nc2ccccc2)CCC1,C1CCOC1,302.0
6440,CCN1c2ccc(/C=N/Nc3ccccn3)cc2Sc2cc(-c3cccc4ccccc34)ccc21,ClCCl,379.0
856,N#Cc1cc2ccc(O)cc2oc1=N,ClC(Cl)Cl,364.0
11759,O=C(O)c1ccccc1-c1nc(-c2ccccc2)c2ccccn12,CC#N,357.0
5961,CC(C)(C)OC(=O)NC(C(=O)OCc1ccc2c3cccc4cccc(c5cccc1c52)c43)c1c[nH]c2ccccc12,CCO,435.0
9251,c1ccc(-c2nc3c(c4c2-c2ccccc2CC4)-c2ccccc2CC3)cc1,ClCCl,318.0
7254,COC1=[N+]2C(=C(c3ccccc3)c3ccc(OC)n3[B-]2(F)F)C=C1,CC#N,510.0
6357,CCn1c2ccccc2c2cc(-c3cc(-c4ccc5c(c4)c4ccccc4n5CC)nc(-c4ccccc4)n3)ccc21,CCOC(C)=O,360.0
8052,COc1ccc(/C=C/c2nc3ccccc3s2)cc1,CO,350.0
10131,CC(=O)O[B-]1(OC(C)=O)OC(/C=C/c2ccc(C)cc2)=CC(/C=C/c2ccc(C)cc2)=[O+]1,ClC(Cl)Cl,440.0
10874,O=Cc1ccc(C2=Cc3ccccc3P2(=O)c2ccccc2)cc1,ClCCl,357.0
2732,COc1cc(-c2nc(-c3ccccc3)c(-c3ccccc3)[nH]2)c(OC)cc1/C=C/c1ccncc1,Cc1ccccc1,398.0
9449,CC(C)(C)c1ccc2c(c1)c1cc(C(C)(C)C)ccc1n2-c1cccc(-c2nc(-c3cccc(-n4c5ccc(C(C)(C)C)cc5c5cc(C(C)(C)C)ccc54)c3)nc(-c3cccc(P(=O)(c4ccccc4)c4ccccc4)c3)n2)c1,CC(C)=O,344.3632568
3698,CC(C)[Si]1(C(C)C)c2ccccc2-c2ccc(N(C)C)cc21,c1ccccc1,323.0
4610,FC(F)(F)c1ccc(/C=C/c2ccc(-c3nnc(-c4ccc(-c5cc6ccccc6s5)cc4)o3)cc2)cc1,CCCCCCCC,337.0
10754,NC(=O)Cc1cccc2ccccc12,CCO,282.0
3130,Cc1ccc(-c2cc(-c3ccc(C)cc3)c(C#N)c(=O)[nH]2)cc1,ClC(Cl)Cl,370.0
7271,COc1ccc2n1[B-](F)(F)[N+]1=CC=CC1=C2c1ccccc1,CO,495.0
11775,O=c1[nH]c(=O)c2scc([C@H]3C[C@H](O)[C@@H](CO)O3)c2[nH]1,CCOC(C)=O,296.0
3546,O=C1Nc2ccccc2/C1=C/C(=O)c1ccc(Cl)cc1Cl,CCOC(C)=O,335.0
1002,COC(=O)C(Cc1ccc2oc(-c3c4ccccc4cc4ccccc34)nc2c1)NC(=O)OC(C)(C)C,CS(C)=O,389.0006185
6621,c1ccc(-n2c(-c3ccccc3-n3c4ccccc4c4ccccc43)nc3ccccc32)cc1,C1CCOC1,352.0
7174,CCN(CC)c1cc(NC(C)=O)c(/N=N/c2ccc3c(=O)[nH][nH]c(=O)c3c2[N+](=O)[O-])cc1OC,CN(C)C=O,544.0
554,CC(C)(C)c1ccc2c(c1)c1cc(C(C)(C)C)ccc1n2-c1cccc(-c2nc(-c3cccc(P(=O)(c4ccccc4)c4ccccc4)c3)nc(-c3cccc(P(=O)(c4ccccc4)c4ccccc4)c3)n2)c1,ClCCl,343.0
2664,Cc1nnc(-c2cc(-c3nnc(C)o3)c(-n3c4ccccc4c4ccccc43)cc2-n2c3ccccc3c3ccccc32)o1,Cc1ccccc1,359.0
8934,c1ccc(-c2cccc3c2-c2ccccc2C32c3ccccc3-c3ccccc32)nc1,C1CCCCC1,308.0
4995,CCOC(=O)CN(CC(=O)OCC)c1ccc(-c2cc(-c3ccccn3)nc(-c3ccccn3)c2)cc1,CCOC(C)=O,328.0
7580,CCC1(CC)c2ccccc2-c2c1c1c(c3c2C(CC)(CC)c2cc(N(c4ccccc4)c4ccccc4)ccc2-3)C(CC)(CC)c2ccccc2-1,CCCCCC,356.0
9088,CCCCCCCCCCCCOc1cc2c(cc1OCCCCCCCCCCCC)C1=C3C(=O)N4C=Cc5cc(OCCCCCCCCCCCC)c(OCCCCCCCCCCCC)cc5C4=C3C(=O)N1C=C2,ClC(Cl)Cl,590.0
1261,CC/C=C\C=C\C=C\C=C/CCCCCCCC(=O)O,CO,318.6
8899,COC(=O)c1cc(=O)n(C)c2cc(-c3ccc(OC)cc3)sc12,CN(C)C=O,402.0
3387,COc1nc(Nc2ccc3c4cccc5cccc(c6cccc2c63)c54)nc(OC)n1,CC#N,444.0
8049,Clc1ccc(/C=C/c2nc3ccccc3s2)cc1,C1CCCCC1,340.0
3846,COc1ccc2c(c1)c1cc(OC)ccc1n2-c1cccc(-n2c3ccc(OC)cc3c3cc(OC)ccc32)c1C#N,Cc1ccccc1,391.0
9926,COc1cc(-c2cc(-c3ccc(C)cc3)nc3c(C#N)c(N4CCCC4)nc(N)c23)cc(OC)c1OC,ClC(Cl)Cl,420.0
3813,COc1nc(Nc2ccc3c4c(cccc24)C(=O)c2ccccc2-3)nc(OC)n1,CC(C)O,421.9409283
9189,COc1ccc(-c2nc3c(c4c2-c2ccccc2CC4)-c2ccccc2CC3)cc1,CS(C)=O,320.0
5359,CCCC(=O)c1c(OCOC)c(OCOC)c(C(=O)CCC)c2c1OCO2,CC#N,332.0
3646,Nc1ccc2[nH]ncc2c1,C1CCCCC1,326.0
6997,C[P+]1(c2ccccc2)C2=C(c3ccccc31)S(=O)(=O)c1ccccc12,CCO,319.0
7690,CCCN1/C(=C/C=C(/C=C/C2=[N+](CCC)c3ccccc3C2(C)C)c2ccncc2)C(C)(C)c2ccccc21,CS(C)=O,643.0
5159,Cc1ccc2ccc3c(c2n1)N/C(=C\C1=C([O-])/C(=C/C2=[NH+]c4c(ccc5ccc(C)nc45)C2(C)C)C1=O)C3(C)C,C1CCOC1,690.0
7899,CCCCCCC1(CCCCCC)c2ccccc2-c2ccc(-c3cc4c(cc3F)-c3cc(F)c(-c5ccc6c(c5)C(CCCCCC)(CCCCCC)c5ccccc5-6)cc3S4(=O)=O)cc21,ClC(Cl)Cl,362.0
10031,O=C1CCCC2=C1C(c1ccc([N+](=O)[O-])cc1)c1c(c3ccccc3oc1=O)N2,CS(C)=O,373.0
2980,O=C1c2ccccc2-c2cnccc21,CC#N,397.051302
7868,CCN1/C(=C\C=C\C=C\C2=[N+](CC)c3ccc4cc(Br)ccc4c3C2(C)C)C(C)(C)c2c1ccc1cc(Br)ccc21,CS(C)=O,689.0
7337,CC1=CC(C)=[N+]2C1=C(c1c(F)c(F)c(NCCCCNP(=O)(OC(C)C)OC(C)C)c(F)c1F)c1c(C)cc(C)n1[B-]2(F)F,CC#N,510.0
4189,O=C1C=C(Nc2cccc(F)c2)C(=O)c2ccccc21,CO,459.0
4870,Cc1cnc(NC(=O)C2=C(O)c3ccccc3S(=O)(=O)N2C)s1,C1COCCO1,342.0
11566,CN(C)c1ccc(C#Cc2ccc3ccc4ccc(C#Cc5ccc(N(C)C)cc5)c5ccc2c3c45)cc1,CCCCCC,421.0
8359,CC1=N/C(=C\c2ccccc2N(C)C)C(=O)N1C,O,346.0
11068,O=Cc1cc(O)c(C=O)cc1O,C1COCCO1,414.0
11335,COc1ccc(-n2c3ccccc3c3cc(/C=C/C(=C(C#N)C#N)c4ccccc4)ccc32)cc1,CC(C)=O,445.0
424,COc1ccc(-c2ccc3c(c2)c2cc(-c4ccc(OC)cc4)ccc2n3-c2ccc(C(=O)c3ccc4sc5ccccc5c4c3)nc2)cc1,Cc1ccccc1,390.0
1139,CCC(C)(C)c1ccc(-c2ccc3c(c2)C(CCOC)(CCOC)c2cc(C(C)(C)CC)ccc2-3)cc1,C1CCCCC1,318.0
8309,Cc1ccc(C(=O)/C=C/c2ccc(N(C)C)cc2)cc1,ClC(Cl)Cl,412.0
1579,CN1C(=CC2=C([O-])C(=CC3=[N+](C)c4ccccc4C3(C)C)C2=NC#N)C(C)(C)c2ccccc21,ClC(Cl)Cl,655.0
3411,O=c1oc2ccccc2cc1-c1nc2ccccc2o1,C1CCOC1,354.0
5700,CCCCC[n+]1ccc(/C=C/c2ccc(N(C)C)c3ccccc23)c2ccccc21,c1ccncc1,526.0
8388,CC1=N/C(=C\c2ccccc2N(C)C)C(=O)N1C,C1CCOC1,395.0
8127,COc1ccc(C#Cc2c3ccccc3c3n2[B-](F)(F)[N+]2=C(C)C=C(C)C2=C3)cc1,ClCCl,616.0
6157,c1ccc2cc(-c3c4ccccc4c(-c4ccc(-n5c6ccccc6c6ccccc65)cc4)c4ccccc34)ccc2c1,ClCCl,377.0
8278,CN(C)c1ccc(/C=C/C(=O)c2ccc(Cl)cc2)cc1,Cc1ccccc1,416.0
6706,COC(=O)COc1ccc(/C=C/C2=[N+]3C(=C(c4ccccc4)c4c(C)cc(C)n4[B-]3(F)F)C(C)=C2)cc1,CO,562.0
8926,Cc1ccc(-c2ccc(/C=C/c3cccn3C)cn2)nc1,CC#N,378.0
7328,COc1ccc2n1[B-](F)(F)[N+]1=CC=CC1=C2c1ccccc1,CCCCCC,499.0
2982,Cc1ccc2c(c1)C(=O)c1ccncc1-2,CC#N,408.9490098
9050,N#Cc1c(N2CCCCC2)cc(-c2cccc3ccccc23)c2c1-c1ccccc1C2,C1CCOC1,358.0
6520,CN(C)c1ccc2cc3c(cc2c1)OCCN=C3,CS(C)=O,359.0
6234,Cc1cc(C)c(B(c2cc(-c3ccc(C(C)(C)C)cc3)sc2-c2sc(-c3ccc(C(C)(C)C)cc3)cc2P(=O)(c2ccccc2)c2ccccc2)c2c(C)cc(C)cc2C)c(C)c1,CO,396.0
10117,COc1ccc(/C=C/C2=CC(/C=C/c3ccc(OC)cc3)=[O+][B-](OC(C)=O)(OC(C)=O)O2)cc1,ClC(Cl)Cl,464.0
9129,CC[n+]1c(-c2ccccc2)c2cc(N)ccc2c2ccc(NC(N)=[NH2+])cc21,O,444.0
6754,CC1(C)CC(=O)C2=C(C1)Oc1ccc3cc(O)ccc3c1C2c1ccccn1,C1COCCO1,347.0
10289,CC1(C)CC(/C=C/c2ccc(-n3cccn3)cc2)=CC(=C(C#N)C#N)C1,c1ccccc1,407.0
8432,CC(C)(C)c1ccc2c(c1)c1cc(C(C)(C)C)ccc1n2-c1ccccc1-c1nc(-c2ccccc2P(=O)(c2ccccc2)c2ccccc2)nc(-c2ccccc2P(=O)(c2ccccc2)c2ccccc2)n1,ClC(Cl)Cl,342.9252782
6069,O=Cc1c(O)c(-c2nc3ccccc3s2)cc2ccccc12,CC(C)=O,352.0
11593,COc1ccccc1-c1nc2c([nH]1)C1=CC(=O)S[C@]1(C)[C@@]1(C)SC(=O)C=C21,CC#N,390.0
7926,O=P(c1ccccc1)(c1ccccc1)n1c2ccccc2c2cc(-n3c4ccccc4c4ccccc43)ccc21,C1CCOC1,340.0
11402,Fc1c(F)c(F)c2c(c1F)C1=Nc3c4c(F)c(F)c(F)c(F)c4c4n3[B-]3(Cl)n5c(c6c(F)c(F)c(F)c(F)c6c5=N4)=NC2=[N+]13,c1ccncc1,576.0
1941,COC(=O)C(Cc1ccc2oc(-c3ccc(N(c4ccccc4)c4ccccc4)cc3)nc2c1)NC(=O)OC(C)(C)C,OCC(F)(F)F,366.1005532
8355,C#CCN1C(=O)/C(=C/c2cc(OC(C)C)ccc2OC(C)C)N=C1C,CO,398.0
6908,CNc1cccc2c1C(=O)c1ccccc1-2,C1CCCCC1,432.0
7458,CC(C)(C)c1cc2ccc3cccc4c3c2c(c1)c1nc2c3cc(C(C)(C)C)cc5ccc6cccc(c(=O)n2c41)c6c53,CCO,390.0
5117,CCOC(=O)/C(C)=C/C1=C(c2ccc(C)cc2)C2=Nc3c(-c4ccc(C)cc4)c(Br)c(-c4ccc(C)cc4)n3[B-](F)(F)[N+]2=C1c1ccc(C)cc1,ClC(Cl)Cl,661.0
2473,CN(C)c1ccc(/C=C/C=C2\CC/C(=C\C=C\c3ccc(N(C)C)cc3)C2=O)cc1,CC(C)O,515.0
6221,O=C1C=C(Nc2ccccc2)CCC1,CO,305.0
7257,COC1=[N+]2C(=C(c3ccccc3)c3ccc(OC)n3[B-]2(F)F)C=C1,CO,511.0
4521,CN(C)c1ccc(-c2ccc(-c3cc(N4CCCCC4)c(C#N)c4c3-c3ccccc3CC4)cc2)cc1,Cc1ccccc1,360.0
107,COc1cccc(/C=C/C(=O)c2c(O)cc(C)oc2=O)c1,CC#N,373.0
4832,COc1ccc(C2=[N+]3C(=C(c4ccc(C#N)cc4)c4cc(Cl)c(-c5ccc(OC)cc5)n4[B-]3(F)F)C=C2Cl)cc1,Cc1ccccc1,609.0
2487,CN(C)c1ccc(/C=C/C=C2\CC/C(=C\C=C\c3ccc(N(C)C)cc3)C2=O)cc1,S=C=S,480.0
10441,Cc1cc(=O)oc2cc3c4ccccc4c4ccccc4c3cc12,CS(C)=O,378.0
4605,Cc1ccc(S(=O)(=O)Nc2cc(-c3ccc(N(C)C)cc3)sc2/C=C/c2ccccc2)cc1,CC#N,415.0
8250,Cc1ccc(C2=C3C=c4c(oc5ccccc45)=[N+]3[B-](F)(F)n3c2cc2c4ccccc4oc23)cc1,CC#N,578.0
7770,Cc1n[nH]c2c1C(c1ccc([N+](=O)[O-])cc1)C(C#N)=C(N)O2,C1CCOC1,261.0
217,CCC1=C(C)C2=Cc3cc(I)cn3[B-](F)(F)[N+]2=C1C,C1CCCCC1,528.0
5173,CN(C)c1ccc(-c2nc3cnccc3[nH]2)cc1,CCCCO,339.0
6131,C(=C/c1cccc2ccccc12)\c1ccc(Oc2ccc3ccccc3c2-c2c(Oc3ccc(/C=C/c4cccc5ccccc45)cc3)ccc3ccccc23)cc1,ClCCl,334.0
1851,Nc1ccc2c3cccc4cccc(c5cccc1c52)c43,CC#N,467.0
8081,O=C1OC(c2ccccc2)=N/C1=C\c1ccc(N(c2ccccc2)c2ccccc2)cc1,CCCCCC,468.0
510,CC(C)(C)c1ccc(C2=CC3=C(c4ccccc4)c4cc(-c5ccc(C(C)(C)C)cc5)c(-c5ccc(C(C)(C)C)cc5)n4[B-](F)(F)[N+]3=C2c2ccc(C(C)(C)C)cc2)cc1,ClCCl,598.0
8774,N#Cc1c(-n2c3ccc(Br)cc3c3cc(Br)ccc32)c(C#N)c(-n2c3ccc(Br)cc3c3cc(Br)ccc32)c(-n2c3ccc(Br)cc3c3cc(Br)ccc32)c1-n1c2ccc(Br)cc2c2cc(Br)ccc21,Cc1ccccc1,374.0
3400,O=C1/C(=C\c2ccc3oc4ccccc4c3c2)S(=O)(=O)c2ccccc21,ClCCl,372.0
4716,CN(C)c1ccc(C2=Cc3c4ccccc4c4ccccc4[n+]3[B-](F)(F)O2)cc1,C1COCCO1,477.0
10283,O=c1c2cc3ccc4cccc5ccc(c2c(=O)n1-c1ccccc1)c3c45,ClC(Cl)Cl,431.0
39,Oc1cccc(/N=C/c2ccccc2Oc2ccccc2)c1,CO,328.0
9055,CCn1c2ccccc2c2cc(/C=C3\C(=O)c4ccccc4S3(=O)=O)ccc21,CCOC(C)=O,441.0
3620,CCCCCCC(CCCCCC)N1C(=O)c2cccc3c(-c4ccc(OC)c5cccc(C)c45)ccc(c23)C1=O,ClC(Cl)Cl,329.0
11281,N#Cc1cccc(C#N)c1N,CCCCCCC,332.0
1491,O=C1OC(c2ccccc2)=N/C1=C\c1ccc(N(c2ccc(/C=C3\N=C(c4ccccc4)OC3=O)cc2)c2ccc(/C=C3/N=C(c4ccccc4)OC3=O)cc2)cc1,ClC(Cl)Cl,509.5
4695,Oc1cc(N(c2ccccc2)c2ccccc2)ccc1-c1nc2c3ccc(-c4ccccc4)cc3c3cc(-c4ccccc4)ccc3c2[nH]1,CO,395.0
6994,c1ccc(N(c2ccccc2)c2ccc(-c3nc4c5ccccc5c5ccccc5c4[nH]3)cc2)cc1,CCCCO,373.0
4129,CC(=O)[B-]1(C(C)=O)OC(c2ccc3ccccc3c2)=CC(c2ccc3ccccc3c2)=[O+]1,ClC(Cl)(Cl)Cl,415.0
9142,CCNc1cc2c(cc1C)C(c1ccccc1C(=O)O)=C1CCCC(/C=C/C3=[N+](C)c4ccc5ccccc5c4C3(C)C)=C1O2,CCO,708.0
2218,CC(=O)O[B-]1(OC(C)=O)OC(/C=C/c2cccc3ccccc23)=CC(/C=C/c2cccc3ccccc23)=[O+]1,CC#N,468.0
7250,COC1=[N+]2C(=C(c3ccccc3)c3cc(SC#N)c(OC)n3[B-]2(F)F)C=C1SC#N,CCCCCC,518.0
8869,O=c1cc(COc2ccc(I)cc2)c2c(ccc3ccccc32)o1,Cc1ccccc1,350.0
3355,CC1=CC(C)=[N+]2C1=Cc1c3ccccc3c(C#Cc3cccs3)n1[B-]2(F)F,CN(C)C=O,626.0
4863,c1ccc2cc3c(cc2c1)-c1cccc2cc4ccccc4c-3c12,CCCCCCC,469.0
346,CCC1=C(C)C2=C(C)c3cc(I)cn3[B-](F)(F)[N+]2=C1C,CCOC(C)=O,504.5
7417,COc1cc(OC)c(C2=C3C(C)=CC(C)=[N+]3[B-](F)(F)n3c(C)cc(C)c32)c(OC)c1,C1CCOC1,506.0
4201,CCC1=C(C)C2=Cc3cc4c(cc3B(O)N2C1=O)OCO4,ClC(Cl)Cl,389.0
6290,CCN(CC)c1ccc2cc(-c3nc4ccccc4s3)c(=O)oc2c1,CC#N,450.5
9638,CC[n+]1ccc2ccccc2c1/C=C/c1c([O-])ccc2ccc(=O)oc12,CS(C)=O,593.4151887
7413,CCOC(=O)C(C(=O)OCC)C1=[N+]2C(=C(c3ccc(C)cc3)c3ccc(Cl)n3[B-]2(F)F)C=C1,CCOC(C)=O,509.0
3898,N#CC(C#N)=Cc1cn(-c2ccccc2)nc1-c1ccccc1,CCOC(C)=O,352.0
9327,CC(C)Nc1cc2c(cc1F)c(=O)c1cc(F)c(NC(C)C)cc1n2C,CCO,377.0
8537,CCn1c2ccccc2c2cc(/C=C/c3cc(/C=C/c4ccc5c(c4)c4ccccc4n5CC)ncn3)ccc21,ClCCl,405.0
4889,F[B-]1(F)n2cccc2C(c2ccccc2)=C2C=CC(c3ccc(OC4=[N+]5C(=C(c6ccccc6)c6cc(Br)c(Br)n6[B-]5(F)F)C=C4Br)cc3)=[N+]21,ClC(Cl)Cl,562.0
7100,COC(=O)C(Cc1ccc2oc(-c3ccc(Nc4ccccc4)cc3)nc2c1)NC(=O)OC(C)(C)C,Cc1ccccc1,346.5964231
10888,CC1(C)c2ccccc2N(c2ccc(-c3cc(-c4ccccc4)nc(-c4ccccc4)n3)cc2)c2ccccc21,Cc1ccccc1,374.9508841
2221,CC(=O)O[B-]1(OC(C)=O)OC(/C=C/c2cccc3ccccc23)=CC(/C=C/c2cccc3ccccc23)=[O+]1,Cc1ccccc1,468.0
4868,Cc1cnc(NC(=O)C2=C([O-])c3ccccc3S(=O)(=O)N2C)s1,CCO,366.0
6330,COc1ccc(C2=CC(c3ccc4cc(N(C)C)ccc4c3)=[O+][B-](F)(F)O2)cc1,C1CCOC1,486.0
811,COC(=O)C1=C(C(=O)OC)C2=C[C@H]3c4ccccc4[C@]2(S1)c1ccccc13,CCCCCC,353.0
8196,CNc1cccc2c1C(=O)c1ccccc1C2=O,CC#N,501.0
3708,CCC1=C(C)c2cc3c(OC)cc(OC)cc3c(=O)n2C1=O,ClC(Cl)Cl,434.0
177,C=CCN(CC=C)c1ccc(-c2cc(-c3ccc(N(CC=C)CC=C)cc3)cc(-c3ccc(N(CC=C)CC=C)cc3)c2)cc1,ClCCl,315.8536585
8170,CCOC(=O)c1sc2nc(-c3ccccc3)c(C)c(C#N)c2c1N,ClC(Cl)Cl,416.0
9383,O=c1c2cc(Cl)ccc2nc2n1[B-](F)(F)[n+]1ccccc1-2,CC#N,345.0
4643,CN(C)c1ccc(/C=C/c2ccc(-c3nnc(-c4ccc(-c5cc6ccccc6s5)cc4)o3)cc2)cc1,CCCCCO,341.0
2214,CN(CC(O)c1cccc(O)c1)c1ccc([N+](=O)[O-])c(C2CC(c3cccc4ccccc34)=NN2c2ccccc2)c1,Cc1ccccc1,414.0
3523,Cc1ccc(C(=O)/C=C2\C(=O)Nc3ccccc32)cc1C,CCCCCC,333.0
8819,Fc1ccc2c(c1)sc1nc(-c3ccccc3)sc12,CS(C)=O,330.0
457,O=CC1=Cc2c(-c3ccccc3)oc(-c3ccccc3)c2C=C(C=O)C1,ClC(Cl)Cl,364.0
5284,N#Cc1ccc(-n2cccc2)cc1,CC#N,287.0
7613,COc1ccc(C2=C(c3ccc(OC)cc3)C(C)(C)c3c2ccc2ccccc32)cc1,C1CCCCC1,336.0
668,CCc1c(C)c2n(c1C)[B-](F)(F)[N+]1=C(c3ccc[nH]3)c3ccccc3C1=C2C,CO,599.0
749,Brc1cnc(-c2ccc(N(c3ccccc3)c3ccccc3)cc2)s1,CO,369.0
1883,CC1(C)c2ccccc2N(c2ccc(-c3nc(-c4ccccn4)n(-c4ccc(N5c6ccccc6C(C)(C)c6ccccc65)cc4)n3)cc2)c2ccccc21,ClCCl,375.0
908,CCOC(=O)c1[nH]c(C)c(/C=C/c2c(I)c(C)c3n2[B-](F)(F)[N+]2=C(C)C(I)=C(C)C2=C3c2cc(OC)cc(OC)c2)c1C,CS(C)=O,612.0
10234,CCOC(=O)COc1ccc(C(c2c(C)[nH]c3ccccc23)c2c(C)[nH]c3ccccc23)cc1OC,O,290.0
9139,CCN(CC)c1ccc2c(c1)OC1=C(/C=C/C3=[N+](C)c4ccc5ccccc5c4C3(C)C)CCCC1=C2c1ccccc1C(=O)O,CO,720.0
8324,Cc1cc2nc3cc(C)c(N)cc3[n+](-c3ccccc3)c2cc1N,CC(C)O,537.1
7889,CCCCN1/C(=C\C=C\C=C\C2=[N+](CCCC)c3ccc4ccccc4c3C2(C)C)C(C)(C)c2c1ccc1ccccc21,CCO,685.0
11662,O=C1O[B-]2(OC1=O)OC(c1ccc3ccccc3c1)=CC(c1ccc3ccccc3c1)=[O+]2,ClC(Cl)(Cl)Cl,438.0
1368,CN1/C(=C/C=C(/C=C/C2=[N+](C)c3ccccc3C2(C)C)c2ccccc2)C(C)(C)c2ccccc21,CO,637.0
3886,N#CC(C#N)=Cc1cn(-c2ccccc2)nc1-c1ccccc1,C1CCOC1,354.0
7228,CC1=[N+]2C(=C(c3ccc(N(C)C)cc3)c3ccc(C)n3[B-]2(F)F)C=C1,CC(C)=O,504.0
7108,COC(=O)C(Cc1ccc2oc(-c3ccc(N(C)c4ccccc4)cc3)nc2c1)NC(=O)OC(C)(C)C,C1COCCO1,348.2985615
4394,CC1(C)c2ccccc2N(c2ccc(-c3nnc(-c4ccccc4O)o3)cc2)c2ccccc21,CS(C)=O,364.0
6482,N#Cc1cc(-c2ccc(/C=C/c3ccc(N(c4ccccc4)c4ccccc4)cc3)c(C#N)c2)ccc1/C=C/c1ccc(N(c2ccccc2)c2ccccc2)cc1,ClCCl,428.0
4519,CN(C)c1ccc(/C=C/c2cc[n+](CCCCCCCCCCCC[n+]3ccc(/C=C/c4ccc(N(C)C)cc4)cc3)cc2)cc1,O,462.000462
303,CCC1=C(C)C2=C(C)c3c(C)c(CC)c(C)n3[B-](F)(F)[N+]2=C1C,CC(C)=O,516.0
4921,C/C(=N\Nc1ccc(C#N)cc1)c1ccccn1,CS(C)=O,351.0
9052,CCn1c2ccccc2c2cc(/C=C3\C(=O)c4ccccc4S3(=O)=O)ccc21,C1COCCO1,443.0
10851,CCCCCCCCCCCCOc1cc2cc(N(C)C)ccc2cc1C=O,ClCCl,386.0
4934,Nc1ccc2c3c(cccc13)C(=O)c1ccccc1-2,CO,514.1388175
5288,COc1ccc(-n2cccc2)cc1,CC#N,252.0
210,CCC1=C(C)C2=Cc3c(I)c(I)cn3[B-](F)(F)[N+]2=C1C,OCC(F)(F)F,501.0
3979,CCc1ccc(-c2nc(-c3ccc(-n4c5ccccc5c5ccccc54)cc3)cc(-c3ccc(-n4c5ccccc5c5ccccc54)cc3)n2)cc1,C1CCOC1,343.0
3931,Cc1ccc(Sc2ccc3ccc4cccc5ccc2c3c45)cc1,ClCCl,352.0
7325,COc1ccccc1C1=C2C(C)=CC(C)=[N+]2[B-](F)(F)n2c(C)cc(C)c21,CC(C)=O,501.0
9987,COc1c2ccccc2c(OC)c2c(C#C[Si](C(C)C)(C(C)C)C(C)C)c3cc4sccc4cc3c(C#C[Si](C(C)C)(C(C)C)C(C)C)c12,ClCCl,639.0
2046,CCCCCCc1ccc2c(/C=N/c3ccc(/N=C/c4c(O)ccc5cc(CCCCCC)ccc45)cc3)c(O)ccc2c1,ClCCl,493.0
2057,Cc1ccc2sc3cc(CCC(=O)O)ccc3c(=O)c2c1,CO,402.0
4097,COC(=O)C(Cc1ccc2oc(-c3ccc(-n4c5ccccc5c5ccccc54)cc3)nc2c1)NC(=O)OC(C)(C)C,CC#N,339.99728
2858,Clc1ccc(Nc2ccc3ccccc3n2)cc1,Cc1ccccc1,347.0
3608,F[B-]1(F)n2ccnc2-c2cccc[n+]21,ClC(Cl)Cl,300.0
6925,COc1cc(OC)c2c(c1)C(=O)c1ccccc1-2,C1CCCCC1,446.0
11449,c1ccc(N2c3ccc4ccccc4c3-c3c4ccccc4nc[n+]3[B-]2(c2ccccc2)c2ccccc2)cc1,CCOC(C)=O,532.0
4202,CCC1=C(C)C2=Cc3cc4c(cc3B(O)N2C1=O)OCO4,CC#N,383.0
2874,CCCCN(CCCC)c1ccc(/C=C/c2ccc3c(c2)CCc2cc(/C=C/c4ccc(N(CCCC)CCCC)cc4)ccc2-3)cc1,Cc1ccccc1,412.7
7579,CCC1(CC)c2ccccc2-c2c1c1c(c3c2C(CC)(CC)c2cc(N(c4ccccc4)c4ccccc4)ccc2-3)C(CC)(CC)c2ccccc2-1,CC(C)=O,354.0
7720,CN(C)c1ccc(/C=C2\CCCC2=O)cc1,c1ccncc1,384.0
3870,O=C1Cc2cc3c(cc2CCCc2ccc(cc2)CCC3)CC(=O)Cc2ccc(c3nsnc23)C1,CC#N,404.0
6934,Nc1cccc2c1-c1ccccc1C2=O,CC#N,451.0
4793,COc1cccc(-c2c3ccccc3c3n2[B-](F)(F)[N+]2=Cc4c5ccccc5c(-c5cccc(OC)c5)n4[B-](F)(F)[N+]2=C3)c1,ClCCl,563.0
9198,N#Cc1ccc2c(c1)CCc1nc(-c3ccc([N+](=O)[O-])cc3)c3c(c1-2)CCc1cc(C#N)ccc1-3,Cc1ccccc1,343.0
398,Cc1cccc(-c2[nH]c(=O)n3c2-c2ccccc2C3=O)c1O,ClCCl,392.0
5943,CC(C)(C)c1ccc2c(c1)c1cc(C(C)(C)C)ccc1n2-c1ccc(C#Cc2cccc(C#Cc3ccc(-n4c5ccc(C(C)(C)C)cc5c5cc(C(C)(C)C)ccc54)cc3)c2)cc1,CC#N,340.0
3105,Cc1ccc(C2=C3C=CC(/C=C/c4ccccc4)=[N+]3[B-](F)(F)n3c(/C=C/c4ccccc4)ccc32)cc1,ClC(Cl)Cl,635.0
321,CCC1=C(C)C2=C(C)c3c(C)c(CC)c(C)n3[B-](F)(F)[N+]2=C1C,c1ccccc1,522.7
11432,CCOC(=O)CN1C(=O)C2=C(c3ccc(C#N)cc3)N(CC(=O)OCC)C(=O)C2=C1c1ccc(C#N)cc1,CC#N,473.0
6494,CN(C)c1cc(-c2ccc(C#Cc3ccccc3)cc2)cc2ccccc12,CC#N,302.5763359
4466,O=C1c2ccccc2-c2nc3c4ccccc4c4ccccc4c3n21,ClCCl,441.0
11364,CC[N+]1=C(/C=C/c2cc3cc(C(C)(C)C)cc4ccc5cc(C(C)(C)C)cc2c5c43)C(C)(C)c2ccccc21,C1CCOC1,514.0
1730,COc1cccc(-n2c(-c3ccc(F)cc3)nc(C)c2C)c1,CCCCCC,284.0
764,Cc1ccc(NC(=O)c2sc(Br)nc2C)cc1,CC#N,281.6
1413,CCOC(=O)C1=C(N)n2c(=O)c3ccccc3c(=O)n2C1c1ccc([N+](=O)[O-])cc1,CS(C)=O,358.0
2802,c1ccc(N(c2ccccc2)c2ccc(-c3cnc(-c4ccncc4)s3)cc2)cc1,CO,403.0
5257,COc1cc(OC)cc(C2=C3C(C)=C(I)C(/C=C/c4c[nH]c5ccccc45)=[N+]3[B-](F)(F)n3c(/C=C/c4c[nH]c5ccccc45)c(I)c(C)c32)c1,CS(C)=O,727.0
4812,Oc1c(-c2ccco2)cccc1-c1nc2ccccc2s1,O,360.0
4281,CN1/C(=C\C=C\C2=C3C=CC(c4ccccc4)=[N+]3[B-](F)(F)n3c2ccc3-c2ccccc2)Sc2ccccc21,CC#N,683.0
6083,O=C1OC(=O)c2ccc(N(c3ccccc3)c3c4ccccc4cc4ccccc34)c3cccc1c23,c1ccccc1,450.0
9263,Oc1ccccc1/C=N/N=C/c1ccccc1O,CCCCCCCCC,362.0
11785,Cc1ccc2nc3[nH]c(=O)[nH]c(=O)c3nc2c1C,CC#N,388.0
2128,c1ccc(-c2nc(-c3ccc(N4c5ccccc5Sc5ccccc54)cc3)nn2-c2ccc(N3c4ccccc4Sc4ccccc43)cc2)nc1,ClCCl,377.0
11468,CN(C)c1ccc(/C=C/C=C/c2nc3ccccc3s2)cc1,c1ccccc1,420.0
8583,C(/C=C/c1ccc(N(c2ccccc2)c2ccccc2)cc1)=C\c1ccncc1,CC#N,396.0
8368,CC1=N/C(=C\c2cc(N(C)C)ccc2C#N)C(=O)N1C,C1CCOC1,363.0
3952,CCCCc1cc(C(=O)CCC)c2ccc3c(CCCC)cc(N4CCCCC4)c4ccc1c2c34,CC#N,400.0
10595,N#Cc1cc2ccc(O)cc2oc1=O,CS(C)=O,351.0
9535,CCCCCCOc1ccc(C#Cc2ccc(C#Cc3ccc(OCCCCCC)c(OCCCCCC)c3)c3nsnc23)cc1OCCCCCC,CCOC(C)=O,440.0
473,COc1cc2c(cc1-c1ccc(N(C)C)cc1)Cc1c3c(c4c(c1-2)-c1cc(OC)c(-c2ccc(N(C)C)cc2)cc1C4)C(=O)N(CCC(C)C)C3=O,C1CCOC1,440.0
1175,COC(=O)c1nc2cnc(N)nc2n1Cc1ccccc1,CC#N,330.0
1768,CN(C)c1ccc(/C=C2\CC/C(=C\c3ccc(N(C)C)cc3)C2=O)cc1,CC#N,460.0
10297,CN(C)c1ccc(-c2cc3ccc([N+](=O)[O-])cc3c(=O)o2)cc1,CC(C)=O,446.0
2585,COC1(OC)C2(Cl)c3nc4ccc(-c5cccs5)cc4nc3C1(Cl)C1C[C@@H]3[C@H](CC12)C1(Cl)c2nc4cc(-c5cccs5)ccc4nc2C3(Cl)C1(OC)OC,CO,368.0
8725,CCC1(CC)c2cc(B(c3c(C)cc(C)cc3C)c3c(C)cc(C)cc3C)ccc2-c2ccc(N(c3ccccc3)c3ccc4c(c3)C(CC)(CC)c3cc(B(c5c(C)cc(C)cc5C)c5c(C)cc(C)cc5C)ccc3-4)cc21,CN(C)C=O,422.0
4794,CC(C)(C)c1ccc(-c2c3ccccc3c3n2[B-](F)(F)[N+]2=Cc4c5ccccc5c(-c5ccc(C(C)(C)C)cc5)n4[B-](F)(F)[N+]2=C3)cc1,CC#N,557.0
7836,CCCCCCc1ccc2c3c(ccc2c1)O[B-](F)(F)[N+](c1cc([N+]2=Cc4c(ccc5cc(CCCCCC)ccc45)O[B-]2(F)F)cc([N+]2=Cc4c(ccc5cc(CCCCCC)ccc45)O[B-]2(F)F)c1)=C3,CC#N,419.0
2075,CCC1=C(C)C2=C(c3c4ccccc4c(-c4ccccc4)c4ccccc34)c3c(C)c(CC)c(C)n3[B-](F)(F)[N+]2=C1C,ClCCl,532.0
1501,O=C1OC(c2ccccc2)=N/C1=C\c1ccc(N(c2ccc(/C=C3\N=C(c4ccccc4)OC3=O)cc2)c2ccc(/C=C3/N=C(c4ccccc4)OC3=O)cc2)cc1,CCOC(C)=O,496.0
7506,C(=C/c1ccncn1)\c1ccc(N(c2ccccc2)c2ccccc2)cc1,CS(C)=O,401.0
2150,CCCCn1c2ccc(-c3cccc(F)c3)cc2c2ccc3c4cc(-c5cccc(F)c5)ccc4n(CCCC)c3c21,ClC(Cl)Cl,318.0
3928,c1ccc(C2CCN3COc4c5ccccc5c5c6c7c(c2c3c46)C(c2ccccc2)CCN7CO5)cc1,CCOCC,404.0
3689,CC(C)[Si]1(C(C)C)c2cc(N(C)C)ccc2-c2ccc(C(F)(F)F)cc21,CS(C)=O,344.0
2405,CCN1c2ccccc2Sc2cc(/C=C(\C#N)c3ccccc3)ccc21,CS(C)=O,418.0
251,F[B-]1(F)n2c(Cl)c(Cl)c(Br)c2C(Cl)=C2C(Br)=C(Cl)C(Cl)=[N+]21,ClCCl,546.0
8270,N#Cc1cc(-c2ccc(N3c4ccccc4Oc4ccccc43)cc2)c(-c2ccc(N3c4ccccc4Oc4ccccc43)cc2)cc1C#N,Cc1ccccc1,406.0
673,CCCCOC(=O)/C(C#N)=C1\C(=O)C([O-])=C1C=C1N(C)c2ccccc2C1(C)C,CCO,462.0
8524,CC(C)CCCCN1CCc2c1ccc1c3c(ccc21)C(=O)CCC3,CS(C)=O,376.0
747,Cc1ccc(-c2cnc3nn4ccccc4c3c2)cc1,C1CCOC1,386.0
2495,CCN(CC)c1ccc(-c2ccc(-c3nc(C#N)c4ccccc4n3)s2)cc1,Cc1ccccc1,402.0
1213,CNc1ncc2nc(C(=O)OC)n(Cc3ccccc3)c2n1,CC#N,345.0
10630,COc1cccc(C2=c3c(c4ccc(C(C)(C)C)cc4c4cc(C(C)(C)C)ccc34)=[N+]3C2=C(c2ccccc2)c2c(-c4cccc(OC)c4)c4c5ccc(C(C)(C)C)cc5c5cc(C(C)(C)C)ccc5c4n2[B-]3(F)F)c1,CC#N,670.0
1807,CC(C)(C)c1ccc(-c2nc3c4ccccc4c4ccccc4c3n2-c2ccc(C(C)(C)C)cc2)cc1,CCOCC,313.0
11100,O=[N+]([O-])c1ccc(O)c(O)c1,O,423.0
6532,CC(=O)N(Cc1ccccn1)c1c2ccccc2c2c3c(cccc13)C(=O)N(Cc1ccccn1)C2=O,Cc1ccccc1,437.0
10684,F[B-]1(F)n2c(cc(-c3cccs3)c2-c2ccccc2)C(c2ccccc2)=C2C=C(c3cccs3)C(c3ccccc3)=[N+]21,C1CCOC1,620.0
2227,COc1ccc(/C=C/C2=CC(/C=C/c3ccc(OC)c4ccccc34)=[O+][B-](F)(F)O2)c2ccccc12,CCOCC,516.0
9370,CC(C)(C)c1ccc(-c2nc(-c3ccc(C(C)(C)C)cc3)nc(-c3cc(C#N)c(-n4c5ccccc5c5c6oc7ccccc7c6ccc54)c(C#N)c3)n2)cc1,C1CCOC1,397.4806202
2913,O=C1c2ccccc2-c2c(-c3ccccc3)c(-c3ccccc3)c(-c3ccccc3)c3cccc1c23,CO,407.0
9985,Cc1ccc(C(=O)NN2C3=C(CC4=C2CCCC4=O)C(=O)CCC3)cc1,ClC(Cl)Cl,370.0
11564,CN(C)c1ccc(C#Cc2ccc3ccc4ccc(C#Cc5ccc(N(C)C)cc5)c5ccc2c3c45)cc1,C1COCCO1,429.0
5859,CCN(CC)c1ccc2cc(-c3ccc(-c4ccc5ccc6c(-c7ccc(-c8cc9ccc(N(CC)CC)cc9oc8=O)cc7)ccc7ccc4c5c76)cc3)c(=O)oc2c1,ClC(Cl)Cl,412.0
4449,c1ccc(-c2nc(-c3ccc(-c4nc(-c5ccccc5)c(-c5ccccc5)[nH]4)s3)[nH]c2-c2ccccc2)cc1,ClC(Cl)Cl,394.99575385
1786,CCn1c(-c2ccc(-c3ccc4c(c3)C(c3ccccc3)(c3ccccc3)c3ccccc3-4)cc2)c(-c2ccc3ccccc3c2)c(-c2ccc3ccccc3c2)c1-c1ccc(-c2ccc3c(c2)C(c2ccccc2)(c2ccccc2)c2ccccc2-3)cc1,CCOC(C)=O,325.0
6834,CN(C)c1ccc(/C=C/c2ccc([N+](=O)[O-])c(O)c2)cc1,C1COCCO1,448.0
3031,Cc1cc2c(cc1C)NC(=O)CC(=O)N2,CS(C)=O,297.0
1393,Cc1cc2ccc(-c3cccc4cccc(-c5ccc6cc(C)c(=O)oc6c5)c34)cc2oc1=O,CC#N,326.0
5804,CCCCc1c2ccccc2c(-c2ccc(-c3nc4cc(CC(NC(=O)OC(C)(C)C)C(=O)OC)ccc4o3)cc2)c2ccccc12,CN(C)C=O,398.0194552
8473,CCCCN1/C(=C/C=C/C2=[N+](C)c3ccccc3C2(C)C)C(C)(C)c2c1ccc1ccccc21,CS(C)=O,572.0
1981,CC1(C)CCc2c(c3ccccc3c3nc4ccccc4nc23)O1,ClC(Cl)Cl,437.0629371
2351,CC1=C(C2=C(C)C(C)=[N+]3C2=Cc2cc(C)c(C)n2[B-]3(F)F)C2=Cc3cc(C)c(C)n3[B-](F)(F)[N+]2=C1C,ClCCl,557.0
3465,CCC1=C(C)C(=O)n2c1cc1c(C)c(CCC(=O)OC)c(C)n1c2=O,ClC(Cl)Cl,427.0
3412,O=c1oc2ccccc2cc1-c1nc2ccccc2o1,C1COCCO1,357.0
6715,COc1ccc(-c2cc(-c3ccc(C)cc3)c(C#N)c(OC)n2)cc1,CC(C)=O,340.0
9840,C[N+]1=C(/C=C/C2=C3Oc4c(cc5c6c4CCCN6CCC5)C(c4ccccc4C(=O)O)=C3CCC2)C(C)(C)c2c1ccc1ccccc21,CC#N,742.0
7414,CCOC(=O)C(C(=O)OCC)C1=[N+]2C(=C(c3ccc(C)cc3)c3ccc(Cl)n3[B-]2(F)F)C=C1,CO,508.0
2715,CC1(C)c2ccccc2N(c2ccc3c(c2)C(c2ccccc2)(c2ccccc2)c2cc(N4c5ccccc5C(C)(C)c5ccccc54)ccc2S3(=O)=O)c2ccccc21,Cc1ccccc1,364.0
5617,COc1ccc2c(=O)c3c([nH]c2c1)-c1cc(Cl)ccc1NC3(C)C,CCCO,426.0
4913,CCCCn1c2ccc(/C=C(\C#N)c3ccc([N+](=O)[O-])cc3)cc2c2cc(Cn3c(-c4ccc5c(c4)c4ccccc4n5CCCC)nc4ccccc43)ccc21,CCOC(C)=O,408.0
6062,CCCCCCC(CCCCCC)N1C(=O)c2cccc3c(-c4ccc([Si](C)(C)C)cc4)ccc(c23)C1=O,CCCCCC,343.4
8269,O=Cc1ccc(C2=C3C=c4c(oc5ccccc45)=[N+]3[B-](F)(F)n3c2cc2c4ccccc4oc23)cc1,ClCCl,593.5
10510,N#Cc1cc2nc3c(nc2cc1C#N)C1c2ccc(N(c4ccccc4)c4ccccc4)cc2C3c2ccc(N(c3ccccc3)c3ccccc3)cc21,CC#N,410.0
1530,O=C1/C(=C\c2ccc(N(c3ccccc3)c3ccccc3)cc2)S(=O)(=O)c2ccccc21,CO,477.0
6730,F[B-]1(F)n2c(-c3cccs3)cc(-c3cccs3)c2N=C2C(c3cccs3)=CC(c3cccs3)=[N+]21,ClCCl,741.0
1347,Cc1ccc2c(CC(=O)NN)coc2c1,CO,281.0
7881,CCCCN1/C(=C\C=C\C=C\C2=[N+](CCCC)c3ccc4cc(Br)ccc4c3C2(C)C)C(C)(C)c2c1ccc1cc(Br)ccc21,CCO,688.0
4219,O=C([O-])c1ccccc1C1=c2cc3c4c(c2Oc2c1cc1c5c2CCCN5CCC1)CCC[N+]=4CCC3,CCO,564.0
7324,F[B-]1(F)n2c(cc(Br)c2Br)C(c2ccccc2)=C2C=C(Br)C(Br)=[N+]21,ClC(Cl)Cl,558.0
562,CCN(CC)c1ccc(/C=N/C(C#N)=C(C#N)/N=C/c2ccc(N(CC)CC)cc2O)c(O)c1,ClCCl,570.0
10483,Cc1ccc(-c2c3ccc([nH]3)c3nc(c(-c4ccc(C#N)cc4)c4ccc([nH]4)c4ccc([nH]4)c(-c4ccc(C)cc4)c4ccc2o4)C=C3)cc1,c1ccccc1,452.0
8747,CC[N+]1(CC)CN2C(=N1)C(C(=O)O)=Cc1cc(OC)ccc12,O,394.0
2519,N#Cc1ccc(Oc2ccc3c4c(cccc24)C(=O)N(CCO)C3=O)cc1,ClC(Cl)Cl,352.0
8456,COc1ccc(-c2cc3ccccc3p2-c2ccccc2)cc1,C1CCOC1,340.0
9714,CC1=CC(C)=[N+]2C1=C(c1ccc(N(C)C)cc1)c1c(C)cc(/C=C/c3ccc(N(C)C)cc3)n1[B-]2(F)F,CCOCC,591.0
9902,Cc1ccc(-c2cc(-c3ccc(N(C)C)cc3)c3c(N)nc(N4CCCC4)c(C#N)c3n2)cc1,CC(C)=O,412.0
3048,CCN(CC)c1ccc2cc(/C=C(\C#N)c3nc4ccccc4o3)c(=O)oc2c1,CCOC(C)=O,506.0
11292,N#Cc1cccc(N)c1C#N,CCO,354.0
8054,C/C(=C\c1ccc(C)cc1)c1nc2ccccc2s1,CO,325.0
11201,CN(C)CCNc1ccc([N+](=O)[O-])cc1[N+](=O)[O-],Cc1ccccc1,347.0
9265,Oc1ccccc1/C=N/N=C/c1ccccc1O,CCO,356.0
9894,Cc1ccc(O)c(-c2nc(C)c3n2CCCC3)c1,ClCCl,321.0
10482,Cc1ccc(-c2c3ccc([nH]3)c3nc(c(-c4ccc(C#N)cc4)c4ccc([nH]4)c4ccc([nH]4)c(-c4ccc(C)cc4)c4ccc2o4)C=C3)cc1,Cc1ccccc1,452.0
9406,c1cc2c3c(cccc3c1)-c1c-2ccc2ccc3ccccc3c12,CCCCCCC,408.0
3003,CC1(C)C(/C=C/C=C/C=C/C=C2/N(c3ccc(S(=O)(=O)[O-])cc3)c3ccc(S(=O)(=O)[O-])cc3C2(C)C)=[N+](c2ccc(S(=O)(=O)[O-])cc2)c2ccc(S(=O)(=O)[O-])cc21,CO,759.0
3643,Nc1cccc2cn[nH]c12,O,294.0
2996,c1ccc2c(-c3ccc(-c4nnc(-c5ccc(-c6nnc(-c7ccc(-c8cccc9ccccc89)s7)o6)cc5)o4)s3)cccc2c1,CCCCO,356.0
592,Cc1cc(C)n2c1C=C1c3ccccc3C(c3cccn3C)=[N+]1[B-]2(F)F,CO,581.0
10242,COc1cc2c(cc1/C=C(\C#N)c1nc3ccccc3s1)c1ccccc1n2C,CS(C)=O,443.0
1766,CN(C)c1ccc(/C=C2\CC/C(=C\c3ccc(N(C)C)cc3)C2=O)cc1,C1CCOC1,453.0
8055,COc1ccc(/C=C(\C#N)c2nc3ccccc3s2)cc1,C1CCCCC1,365.0
4100,COC(=O)C(Cc1ccc2oc(-c3ccc(-n4c5ccccc5c5ccccc54)cc3)nc2c1)NC(=O)OC(C)(C)C,CC(C)O,340.4834866
9967,O=C1CCCC2=C1CC1=C(CCCC1=O)N2NC(=O)c1ccccc1,C1CCOC1,366.0
180,C1=C2C3=C(C4=[N+]2[B-]2(Oc5ccccc54)Oc4ccccc4-c4c5c(c1n42)C1CCC5CC1)C1CCC3CC1,ClCCl,626.0
9399,CCN(CC)c1ccc2c(C#N)c(/C=C(\C#N)c3nc4ccccc4s3)c(=O)oc2c1,CCO,602.0
6032,Cn1c(-c2ccc(-c3ccc(-c4ccc(-c5n(C)c6ccccc6[n+]5C)cc4)cc3)cc2)[n+](C)c2ccccc21,O,312.0
5331,CCC1(CC)c2cc(/C=C/c3cc(Br)c(/C=C/c4ccc5c(c4)C(CC)(CC)c4cc(N6c7ccccc7Sc7ccccc76)ccc4-5)cc3Br)ccc2-c2ccc(N3c4ccccc4Sc4ccccc43)cc21,ClCCl,426.0
2614,CC(=O)c1c2c(cc3c(N(C)C)cccc13)CCC2,Cc1ccccc1,322.0
33,Oc1cccc(/N=C/c2ccccc2Oc2ccccc2)c1,CCCCOC(C)=O,326.0
3126,Cc1ccc(-c2cc(-c3ccc(C)cc3)c(C#N)c(=O)[nH]2)cc1,CCOC(C)=O,374.0
8079,O=C1OC(c2ccccc2)=N/C1=C\c1ccc(N(c2ccccc2)c2ccccc2)cc1,CC(C)=O,465.5
8949,O=C(c1ccncc1)c1ccc(-n2c3ccccc3c3cc(-n4c5ccccc5c5ccccc54)ccc32)cc1,CCCCCC,342.6395939
10440,Cc1cc(=O)oc2cc3c4ccccc4c4ccccc4c3cc12,CO,377.0
2791,CCCCCCC(CCCCCC)N1C(=O)c2cccc3c(-c4ccc(-c5ccc(OC)cc5)cc4)ccc(c23)C1=O,Cc1ccccc1,364.8
9133,CC[n+]1c(-c2ccccc2)c2cc(NC(N)=[NH2+])ccc2c2ccc(N)cc21,O,454.0
2531,CC(C)(C)c1ccc2oc3nc4oc5ccc(N(c6ccccc6)c6ccccc6)cc5c4cc3c2c1,ClC(Cl)Cl,342.0
6098,N#Cc1ccc2[nH]ccc2c1,CC#N,275.0
11262,CN(C)c1ccc(/C=C/C(=O)O)cc1,CCCO,355.0
7454,CC(C)(C)c1cc2ccc3cccc4c3c2c(c1)c1nc2c3cc(C(C)(C)C)cc5ccc6cccc(c(=O)n2c41)c6c53,C1CCOC1,395.0
7050,CCOC(=O)c1ccc(/C=C/C2=[N+]3C(=C(c4ccccc4)c4ccc(/C=C/c5ccc(C(=O)OCC)o5)n4[B-]3(F)F)C=C2)o1,ClC(Cl)Cl,671.0
3704,CC(C)(C)c1ccc2c(c1)c1cc(C(C)(C)C)ccc1n2-c1ccc(C#Cc2ccc(C#Cc3ccc(-n4c5ccc(C(C)(C)C)cc5c5cc(C(C)(C)C)ccc54)cc3)cc2)cc1,ClCCl,355.0
3139,N#Cc1c(-c2ccc([N+](=O)[O-])cc2)cc(-c2ccc([N+](=O)[O-])cc2)[nH]c1=O,CC#N,390.0
8768,O=C1/C(=C2\Sc3ccc(S(=O)(=O)Nc4ccccc4)cc3C2=O)Sc2ccc(S(=O)(=O)Nc3ccccc3)cc21,CS(C)=O,546.0
7318,COc1ccc(C2=C3C=CC(C)=[N+]3[B-](F)(F)n3c(C)ccc32)cc1,Cc1ccccc1,512.0
8177,Cc1ccc(-c2cc(C)[o+]c(C)c2)cc1,ClCCl,365.0
9458,CCCCCCCCCCCCN1C(=O)c2cccc3c(N(Cc4ccccn4)Cc4ccccn4)c4ccccc4c(c23)C1=O,C1CCOC1,497.0
8635,Cc1ccc(-c2ccc(/C=C/c3ccc([N+](=O)[O-])cc3)cn2)nc1,CC#N,349.0
7850,CC1(C)c2ccccc2N(c2ccc(-c3n[n+]4c(o3)-c3ccccc3O[B-]4(F)F)cc2)c2ccccc21,Clc1ccccc1,369.0
6697,Cc1ccc(C2=C3C=CC(/C=C/c4ccccc4)=[N+]3[B-](F)(F)n3c(Cl)ccc32)cc1,Cc1ccccc1,572.0
5958,CC1=CC(C)=[N+]2C1=C(c1ccc3cccnc3n1)c1c(C)cc(C)n1[B-]2(F)F,ClC(Cl)Cl,509.0
4977,c1ccc(-c2nn(-c3ccccc3)c3nc4ccc(N(c5ccccc5)c5cccc6ccccc56)cc4cc23)cc1,CC(C)=O,446.0303301
3909,COC(=O)/C(C#N)=C/c1cn(-c2ccccc2)nc1-c1ccc([N+](=O)[O-])cc1,CCOC(C)=O,330.0
10095,Cc1ccc2nc3c4c(c5ccccc5c3nc2c1)OC(=O)CC4c1ccc(F)cc1,ClC(Cl)Cl,411.0
1713,CCN(CC)c1ccc2cc(/C=C/c3ccccc3)c(=O)oc2c1,CC#N,421.0
11742,Oc1ccccc1-c1nc(-c2ccccc2)c2ccccn12,CC#N,343.0
9514,c1ccc2c(c1)-c1ccccc1C21c2ccccc2-c2c1c1c3ccccc3ccc1c1ccccc21,C1CCOC1,377.0
11500,COc1ccc(/C=C/c2cc(/C=C/c3ccc(OC)cc3)nc(/C=C/c3ccccc3)n2)cc1,ClCCl,369.0
839,COc1cccc2cc(C#N)c(=N)oc12,ClCCl,364.0
10954,O=S(=O)(c1ccccc1)c1ccc(-c2ccc3c(c2)c2cc(-c4ccc(S(=O)(=O)c5ccccc5)cc4)ccc2n3-c2ccccc2)cc1,CN(C)C=O,345.0
1217,COC(=O)c1nc2cnc(N)nc2n1Cc1ccccc1,O,325.0
9660,O=S1(=O)C2=C(c3ccc(N(c4ccccc4)c4ccccc4)cc31)C1(C3=C(c4ccccc41)S(=O)(=O)c1cc(N(c4ccccc4)c4ccccc4)ccc13)c1ccccc12,ClCCl,451.0
8169,CCOC(=O)c1sc2nc(-c3ccccc3)c(C)c(C#N)c2c1N,CCOC(C)=O,419.0
9236,CN(C)c1ccc(-c2nc3c(c4c2-c2ccccc2CC4)-c2ccccc2CC3)cc1,C1CCOC1,348.0
5224,CC1=[N+]2C(=C(c3ccccc3)c3c4ccccc4c(C)n3[B-]2(F)F)c2ccccc21,CC#N,597.0
11002,CCOC(=O)/C=C/c1ccc(N(C)C)cc1,CCCO,364.0
6380,c1ccc(N(c2ccccc2)c2ccc3c(ccc4nc5ccc6cc(N(c7ccccc7)c7ccccc7)ccc6c5nc43)c2)cc1,C1CCOC1,474.0
1369,CN1/C(=C/C=C(/C=C/C2=[N+](C)c3ccccc3C2(C)C)c2ccccc2)C(C)(C)c2ccccc21,CS(C)=O,645.0
8742,CC[N+]1(CC)CN2C(=N1)C(C(=O)O)=Cc1cc(C)c(C)cc12,O,378.0
10936,COc1ccc(-c2nc(C(C)=O)c(C)o2)cc1,CCOC(C)=O,279.0
1457,Cc1cc(C)c(B(c2c(C)cc(C)cc2C)c2cc3cc(N(C)C)c4ccccc4c3c3c2ccc2ccccc23)c(C)c1,C1CCCCC1,430.0
9245,c1ccc(-c2nc3c(c4c2-c2ccccc2CC4)-c2ccccc2CC3)cc1,CCOC(C)=O,314.0
6444,Cc1c2c(c(C)c3ccccc13)-c1cc3nc4ccccc4nc3cc1-2,ClC(Cl)Cl,448.0
3473,CCC1=C(C)C(=O)n2c1cc1c(CCC(=O)O)c(C)c(C)n1c2=O,CC#N,416.0
10836,CCCCCCCCCCCCOc1cc2cc(N(C)C)ccc2cc1C=C(C#N)C#N,C1CCOC1,476.0
2055,CN(C)c1cc2sc3cc(N(C)C)c(F)cc3c(=O)c2cc1F,CCO,382.0
7608,Clc1nc(Nc2ccccc2)nc(Nc2ccc3cc4ccccc4cc3c2)n1,C1COCCO1,398.0
11722,O=S(=O)(c1cccc(N2c3ccccc3Oc3ccccc32)c1)c1cccc(N2c3ccccc3Oc3ccccc32)c1,ClC(Cl)Cl,315.0
4698,Oc1cc(N(c2ccccc2)c2ccccc2)ccc1-c1nc2c3ccc(-c4ccccc4)cc3c3cc(-c4ccccc4)ccc3c2[nH]1,ClCCl,400.0
9056,CCn1c2ccccc2c2cc(/C=C3\C(=O)c4ccccc4S3(=O)=O)ccc21,CN(C)C=O,449.0
3222,CCN(CC)c1ccc2c(c1)OC1=C(/C=C/C3=[N+](C)c4ccccc4C3(C)C)CCCC1=C2c1ccccc1C(=O)O,CC#N,708.0
11370,c1ccc2cc(-c3c4ccccc4c(-c4ccc(-c5ccc(-n6c7ccccc7c7ccccc76)cc5)cc4)c4ccccc34)ccc2c1,ClCCl,377.0
7200,CCN(CC)c1ccc(-c2nc3c4ccccc4n(C)c3nc2-c2ccc(B(c3c(C)cc(C)cc3C)c3c(C)cc(C)cc3C)cc2)cc1,C1CCOC1,416.0
10773,CCC(=O)c1ccc2cc(N(C)C)ccc2c1,ClC(Cl)Cl,358.0
3822,O=C1c2ccccc2-c2ccc(Nc3nc(Cl)nc(Cl)n3)c3cccc1c23,CO,410.0041
3467,CCC1=C(C)C(=O)n2c1cc1c(C)cc(C)n1c2=O,CC#N,409.0
2085,CC1=CC(C)=[N+]2C1=C(c1c3ccccc3c(-c3ccccc3)c3ccccc13)c1c(C)cc(C)n1[B-]2(F)F,Cc1ccccc1,509.0
11776,O=c1[nH]c(=O)c2scc([C@H]3C[C@H](O)[C@@H](CO)O3)c2[nH]1,CO,294.0
408,Cc1cc(O)c(-c2[nH]c(=O)n3c2-c2ccccc2C3=O)cc1Cl,CC#N,393.0
5484,CN(C)c1ccc(/C=C/c2cc[n+](Cc3cc(C[n+]4ccc(/C=C/c5ccc(N(C)C)cc5)cc4)cc(C[n+]4ccc(/C=C/c5ccc(N(C)C)cc5)cc4)c3)cc2)cc1,CS(C)=O,491.0
6558,COc1cc2[nH]c3c(c2cc1OC)CCCC3=O,CCO,337.0912738
8709,Oc1ccccc1/C=N/c1ccc(Cn2cncn2)cc1,CCCCCC,278.0017236
4475,CCCCN(CCCC)c1ccc(C#Cc2cc(C#Cc3ccc(C#N)cc3)c(C#Cc3ccc(C#N)cc3)cc2C#Cc2ccc(N(CCCC)CCCC)cc2)cc1,ClCCl,416.0
10984,COc1ccc(C(=O)[O-])c(O)c1,O,292.0
3405,O=C1/C(=C\c2ccc3oc4ccccc4c3c2)S(=O)(=O)c2ccccc21,CCOC(C)=O,366.0
2019,N#CC(C#N)=Cc1ccc(-c2ccc(O)c(-c3nc4ccccc4s3)c2)s1,O,416.0
6427,O=C1C2=C3c4ccsc4C=CN3C(=O)C2=C2c3ccsc3C=CN12,CN(C)C=O,575.0
5027,CC1=NN(c2ccccc2)C(=O)/C1=C/c1cn(-c2ccccc2)nc1-c1ccccc1,CN(C)C=O,367.0
3413,O=c1oc2ccccc2cc1-c1nc2ccccc2o1,CC#N,352.0
11666,c1ccc2c(c1)c1ccccc1c1[nH]c(-c3ccc(-c4nc5c6ccccc6c6ccccc6c5[nH]4)cc3)nc21,CS(C)=O,410.0
9962,O=C1CCCC2=C1CC1=C(CCCC1=O)N2NC(=O)c1ccc(O)cc1,CC(C)=O,368.0
10396,Cn1cccc1-c1ccc(C#N)cc1,CC#N,322.0
2407,CCN1c2ccccc2Sc2cc(/C=C(\C#N)c3ccccc3)ccc21,ClCCl,413.0
8534,CCn1c2ccccc2c2cc(/C=C/c3cc(/C=C/c4ccc5c(c4)c4ccccc4n5CC)ncn3)ccc21,CCOC(C)=O,395.0
9807,[O-]c1c(-c2ccccc2)cc(-[n+]2c(-c3ccccc3)cc(-c3ccccc3)cc2-c2ccccc2)cc1-c1ccccc1,Cc1cc(C)cc(C)c1,869.0273556
4454,c1ccc(-c2c3ccccc3c(-c3ccc4ccccc4c3)c3ccccc23)nc1,ClCCl,375.0
2290,Cc1c2ccncc2c(C)c2c1[nH]c1ccccc12,C1CCOC1,293.3
812,COC(=O)C1=C(C(=O)OC)C2=C[C@H]3c4ccccc4[C@]2(S1)c1ccccc13,CCOCC,353.0
2536,O=S1(=O)C2=C(c3ccc(-c4ccc(N(c5ccccc5)c5ccccc5)cc4)cc31)C1(C3=C(c4ccccc41)S(=O)(=O)c1cc(-c4ccc(N(c5ccccc5)c5ccccc5)cc4)ccc13)c1ccccc12,CCCCCC,424.0
3286,Cc1cc(C)c(B(c2ccccc2N2c3ccccc3Oc3ccccc32)c2c(C)cc(C)cc2C)c(C)c1,Cc1ccccc1,445.0
5053,CCCCCCC1(CCCCCC)c2ccccc2-c2ccc(-c3ccc(-c4cc(-c5ccccn5)nc(-c5ccccn5)c4)cc3)cc21,ClCCl,327.0
3873,COc1ccc(/C=C/c2nc(/C=C/c3ccc(N(C)C)cc3)cc(/C=C/c3ccc(N(c4ccccc4)c4ccccc4)cc3)n2)cc1,ClCCl,420.0
3887,N#CC(C#N)=Cc1cn(-c2ccccc2)nc1-c1ccccc1,C1COCCO1,353.0
10820,Oc1ccc2ccccc2c1,C1CCCCC1,310.4625893
3853,CCOC(=O)COc1ccc(/C=C/c2c(CC)c(C)c3n2[B-](F)(F)[N+]2=C(c4[nH]c(C)c(CC)c4C)c4ccccc4C2=C3C)cc1,CO,666.0
6153,Cc1c(COC(=O)c2ccccc2)n2c(OCC(=O)c3ccccc3)c(C)c(=O)n2c1=O,CCO,381.0
3578,O=C1Nc2ccccc2/C1=C/C(=O)c1ccccc1,CC(C)O,339.0
3181,CCCCC1(c2ccccc2)Nc2c(-c3ccc(N(C)c4ccccc4)cc3)ccc(-c3ccc(N(C)c4ccccc4)cc3)c2N=C1c1ccccc1,ClC(Cl)Cl,380.0
8871,CCCCOc1c(C=C2N(C)c3ccccc3C2(C)C)c(=O)c1=O,CCO,425.0
2935,C=Cc1ccc(-c2ccc(-c3nnc(-c4ccc(-c5nnc(-c6ccc(-c7ccc(C=C)cc7)s6)o5)cc4)o3)s2)cc1,CCCCCCO,344.0
330,CCC1=C(C)C2=C(C)c3c(I)c(I)cn3[B-](F)(F)[N+]2=C1C,CCO,505.5
1035,c1ccc(-c2nc(-c3ccccc3)nc(-c3ccc(-n4c5ccccc5c5ccc6c7ccccc7n(-c7ccccc7)c6c54)cc3)n2)cc1,Cc1ccccc1,365.0
4972,C(=C/c1ccnc2ccccc12)\c1ccc(/C=C/c2ccnc3ccccc23)cc1,OCCO,382.0
6216,Cc1cc(C)c(C2=C3C=C(/C=C/C(=O)OCc4ccccc4)C=[N+]3[B-](F)(F)n3cc(/C=C/C(=O)OCc4ccccc4)cc32)c(C)c1,ClCCl,576.0
1793,Cc1cc(-c2nc(-c3ccccc3)nc(-c3ccccc3)n2)ccc1N1c2ccccc2[Si](c2ccccc2)(c2ccccc2)c2ccccc21,Cc1ccccc1,379.0294627
6348,CN(C)c1ccc2cc(C3=[O+][B-](F)(F)OC(c4ccccc4)=C3)ccc2c1,CC(C)=O,498.0
5935,O=c1[nH]c2ccccc2[nH]1,CC#N,281.0014893
7567,Cc1ccc(/N=C2/C3=c4[nH]c5ccccc5c4=[N+](c4ccc(C)cc4)[B-](F)(F)N3c3ccccc32)cc1,ClCCl,649.0
5058,O=c1[nH]c(=O)n([C@@H]2O[C@H](CO)[C@@H](O)[C@H]2O)c2ccsc12,CO,294.0
3693,CC(C)[Si]1(C(C)C)c2ccccc2-c2ccc(N(C)C)cc21,CC#N,321.0
8761,CCC(CC)COC1=CC2=C3c4cc(OCC(CC)CC)c(-c5cccs5)n4[B-](F)(F)[n+]4c3n(c3cc(C(C)(C)C)ccc34)[B-](F)(F)[N+]2=C1c1cccs1,ClCCl,791.0
9862,CCOC(=O)C1=CN(c2ccccc2)C=C(C(=O)OCC)C1c1ccccc1,C1CCOC1,362.0
10926,CC(=O)c1nc(-c2ccc(C)cc2)oc1C,ClCCl,271.0
7142,COC(=O)C(Cc1ccc2oc(-c3ccc(Nc4ccccc4)cc3)nc2c1)NC(=O)OC(C)(C)C,CCCCCC,338.9026333
2625,CC(=O)c1c2c(cc3cc(N(C)C)ccc13)CCC2,ClCCl,372.0
11190,CN(C)CCNc1ccc([N+](=O)[O-])cc1[N+](=O)[O-],C1CCCCC1,334.0
4084,O=[N+]([O-])c1ccc(NCCN(Cc2c3ccccc3cc3ccccc23)c2ccc([N+](=O)[O-])cc2[N+](=O)[O-])c([N+](=O)[O-])c1,CC(C)=O,371.0
6211,COC(=O)c1[nH]c(-c2ccc([N+](=O)[O-])cc2)c2nnc3ccc(OC)cc3c12,ClCCl,436.0
3601,c1cc2c3c(c1)-c1cccc4cccc(c14)B3c1cccc3cccc-2c13,Cc1ccccc1,466.0
4269,Nc1ccc(-c2ccc3c(c2)C(=O)c2ccccc2C3=O)cc1,CCOCC,433.0
7985,CN(C)c1ccc(C2=Nc3sc4c(F)c(F)c(F)c(F)c4[n+]3[B-](F)(F)O2)cc1,C1CCOC1,434.0
5799,CCCCc1c2ccccc2c(-c2ccc(-c3nc4cc(CC(NC(=O)OC(C)(C)C)C(=O)OC)ccc4o3)cc2)c2ccccc12,CC#N,397.0696262
7796,CN(C)c1ccc2nc(-c3ccc(C(=O)OC[C@H](NC(=O)OC(C)(C)C)C(=O)OCc4ccccc4)cc3)sc2c1,CC#N,398.0
10550,CCN(CC)c1ccc2ccc(=O)oc2c1,ClC(Cl)(Cl)Cl,360.0
3146,N#Cc1ccc(-n2c3ccccc3c3c2c2ccccc2n3-c2ccccc2)cc1,Cc1ccccc1,359.0
92,Clc1ccc(-c2nc3ccccc3n2-c2ccccc2)cc1,CC#N,295.0
41,Oc1cccc(/N=C/c2ccccc2Oc2ccccc2)c1,Cc1ccccc1,324.0
3742,CCOC(=O)c1ccccc1-c1c2ccc(=[N+](CC)CC)cc-2oc2c1oc1cc(N)ccc12,O,588.0
5418,N#CC(C#N)=C(/C=C/c1cc2c3c(c1)CCCN3CCC2)c1ccc2c3c(cccc13)CC2,CCOC(C)=O,523.0
10819,c1ccc2ccccc2c1,C1CCCCC1,288.73010785
2846,c1ccc(Nc2ccc3ccccc3n2)cc1,Cc1ccccc1,348.0
1006,COC(=O)C(Cc1ccc2oc(-c3c4ccccc4cc4ccccc34)nc2c1)NC(=O)OC(C)(C)C,N#Cc1ccccc1,389.0006185
6521,CN(C)c1ccc2cc3c(cc2c1)OCCN=C3,Cc1ccccc1,355.0
9798,[O-]c1c(-c2ccccc2)cc(-[n+]2c(-c3ccccc3)cc(-c3ccccc3)cc2-c2ccccc2)cc1-c1ccccc1,CCOCC,828.7246377
5278,Cc1ccc(-n2cccc2)cc1,CCCCCC,254.0
2629,CC(=O)c1c2c(cc3ccc(N(C)C)cc13)CCC2,CC#N,375.0
2676,COc1cc(/C=C2/SC(=O)NC2=O)cc(OC)c1O,OCCO,370.0
9671,COc1ccccc1C1=C2C=CC(=[N+](C)C)C=C2[Si](C)(C)c2cc(N(C)C)ccc21,O,649.0
7447,CC(C)(C)c1cc2ccc3cc(C(C)(C)C)cc4c3c2c(c1)c(=O)n1c4nc2c3cc(C(C)(C)C)cc4ccc5cc(C(C)(C)C)cc(c5c43)c21,CCOC(C)=O,393.0
8584,C(/C=C/c1ccc(N(c2ccccc2)c2ccccc2)cc1)=C\c1ccncc1,CCCCCCC,393.0
1665,O=[N+]([O-])c1ccc(/C=C/c2c[nH]c3ccccc23)cc1,CCCCCCC,393.0
1614,CCC(CC)COC1=CC2=C3c4cc(OCC(CC)CC)c(-c5ccccc5)n4[B-](F)(F)[n+]4nnn(c43)[B-](F)(F)[N+]2=C1c1ccccc1,C1CCOC1,691.0
3948,CN(c1ccccc1)c1ccc(/C=C2\C(=O)c3ccccc3S2(=O)=O)cc1,ClC(Cl)Cl,479.0
7794,C=CCOC(=O)C(C#N)=C1C=C(/C=C/c2ccc(N(C)C)cc2)OC(/C=C/c2ccc(N(C)C)cc2)=C1,ClCCl,481.0
5676,C(=C/c1ccncn1)\c1ccc(-c2ccc(N(c3ccccc3)c3ccccc3)cc2)cc1,CS(C)=O,393.0
1983,CC1(C)Oc2c(c3nc4ccccc4nc3c3ccccc23)CC1Br,CC(C)O,423.0118443
4762,COc1ccc2c(c1)CCC1=C(c3ccccc3)C3=C(c4ccc5cccc(O)c5n4)c4c(-c5ccccc5)c5c(n4[B-](F)(F)[N+]3=C12)-c1ccc(OC)cc1CC5,O,660.0
7540,Cc1ccc(C(=O)OCc2ccc3c4cccc5cccc(c6cccc2c63)c54)cc1,CCO,438.0
4568,c1ccc(N2c3ccccc3Sc3cc(-c4cccc5nc6ccccc6cc45)ccc32)cc1,CC#N,407.0
4851,Cc1ccc(Nc2ccc(Nc3ccc(C)cc3)c3c2C(=O)c2ccccc2C3=O)cc1,C1COCCO1,638.0
7310,CCO[B-]1(OCC)n2c(C)cc(C)c2C(c2ccc(I)cc2)=C2C(C)=CC(C)=[N+]21,ClC(Cl)Cl,505.0
9389,CCN(CC)c1ccc2cc(/C=C(\C#N)c3nc4ccccc4s3)c(=O)oc2c1,CC#N,506.0
8237,Cc1ccccc1C1=C2C=c3c(oc4ccc(F)cc34)=[N+]2[B-](F)(F)n2c1cc1c3cc(F)ccc3oc12,CCOC(C)=O,576.5
11413,CCN1c2ccc(/C=N/Nc3ccccn3)cc2Sc2cc(-c3ccccc3)ccc21,CS(C)=O,387.0
10585,CCNc1ccc2c(C(F)(F)F)cc(=O)oc2c1,CC#N,385.0
6909,CNc1cccc2c1C(=O)c1ccccc1-2,CC#N,445.0
7272,COc1cccc(OC)c1C1=C2C(C)=CC(C)=[N+]2[B-](F)(F)n2c(C)cc(C)c21,C1CCOC1,506.0
3753,Cn1c2ccccc2[c+](-c2ccccc2)c2cc([N+](=O)[O-])ccc21,CCO,426.3
6705,COC(=O)COc1ccc(/C=C/C2=[N+]3C(=C(c4ccc(N(C)C)cc4)c4c(C)cc(C)n4[B-]3(F)F)C(C)=C2)cc1,CO,566.0
7566,CC(C)(C)c1cc2ccc3cc(C(C)(C)C)cc4c3c2c(c1)c(=O)n1c4nc2c3ccccc3c3ccccc3c21,CS(C)=O,368.0
85,Oc1ccccc1/N=C/c1ccccc1Oc1ccccc1,N#Cc1ccccc1,357.0
1039,N#Cc1c(N2CCCCC2)cc(-c2ccc3ccc4cccc5ccc2c3c45)c2c1C(=O)c1ccccc1-2,C1CCOC1,344.0
2392,O=[N+]([O-])c1ccc(/C=C/c2ccc3ncnc(Nc4ccccc4)c3c2)cc1,ClC(Cl)Cl,372.0
135,Cc1cc(-c2ccc(-c3ccccc3)cc2)nc(-c2ccc(-n3c4ccccc4c4ccccc43)cc2)n1,ClC(Cl)Cl,313.0
9010,CN(C)c1ccc(C#CC2=C3CCc4ccccc4C3=[O+][B-](F)(F)O2)cc1,ClCCl,514.0
11638,CC1(C)c2ccccc2N(c2ccc(-c3nnc(-c4ccc(-n5c6ccccc6c6ccccc65)cc4)o3)cc2)c2ccccc21,Cc1ccccc1,341.0
3524,Cc1ccc(C(=O)/C=C2\C(=O)Nc3ccccc32)cc1C,CCOC(C)=O,335.0
3838,CC(C)(C)c1ccc2c3ccccc3c3cncnc3c2c1,ClCCl,348.0
11166,COCCOCCOc1ccc(OCCOCCOC)c(C=O)c1,CN(C)C=O,350.0
318,CCC1=C(C)C2=C(C)c3c(C)c(CC)c(C)n3[B-](F)(F)[N+]2=C1C,ClCCl,520.0
7233,CC1=[N+]2C(=C(c3ccc(N(C)C)cc3)c3ccc(C)n3[B-]2(F)F)C=C1,Cc1ccccc1,509.0
9306,CCOC(=O)CCCCCn1c2ccccc2c(=O)c2cc([N+](=O)[O-])ccc21,O,413.0
3247,CCCCC1=Cc2c3ccc4cccc5ccc(c6cc(-c7ccc(N(c8ccccc8)c8ccccc8)cc7)n(c26)P1(=O)c1ccccc1)c3c45,C1CCOC1,432.0
3617,CCCCCCC(CCCCCC)N1C(=O)c2cccc3c(-c4ccc(OC)c5cccc(C)c45)ccc(c23)C1=O,CCCCO,327.8
3891,CCOC(=O)/C(C#N)=C\c1cn(-c2ccccc2)nc1-c1ccccc1,CCOC(C)=O,346.0
7542,CC1=[N+]2C(=C(c3ccccc3)c3c4c(c(C)n3[B-]2(F)F)CCc2ccccc2-4)C2=C1CCc1ccccc12,CC#N,565.0
927,CN1/C(=C/C=C(/C=C/c2sc3ccccc3[n+]2C)c2cc(F)cc(F)c2)Sc2ccccc21,CO,641.0
9980,Cc1ccc(C(=O)NN2C3=C(CC4=C2CCCC4=O)C(=O)CCC3)cc1,C1CCOC1,366.0
1701,CC1=CS[C@]2(C)C1=C1C(=C3C(C)=C(c4ccc(-c5nc(-c6ccccc6)c(-c6ccccc6)[nH]5)cc4)S[C@]32C)C(F)(F)C(F)(F)C1(F)F,C1CCOC1,565.0
6912,O=C1c2ccccc2-c2ccccc21,C1CCCCC1,382.0
6158,CC(C)(C)c1ccc(-c2nc3c4ccc(-c5c6ccccc6cc6ccccc56)cc4c4cc(-c5c6ccccc6cc6ccccc56)ccc4c3n2-c2ccc(C(C)(C)C)cc2)cc1,C1CCOC1,368.0
6762,CC1(C)CC(=O)C2=C(C1)Oc1ccc3ccc(O)cc3c1C2c1ccccn1,CC#N,334.0
2952,Cc1ccc2nc3cc4c(cc3c(-c3ccccc3)c2c1)[Si](C)(C)O[Si]4(C)C,ClCCl,370.0
2777,O=C1c2cccn2[B-](F)(F)[n+]2ccccc21,CCOCC,379.0
5748,CCCc1ccc(C#Cc2cc(C#Cc3ccc(N(C)C)cc3)c3ccc4c(C#Cc5ccc(N(C)C)cc5)cc(C#Cc5ccc(CCC)cc5)c5ccc2c3c54)cc1,ClCCl,488.0
9933,COc1ccc(-c2cc(-c3ccc(C)cc3)nc3c(C#N)c(N4CCCC4)nc(N)c23)cc1,ClC(Cl)Cl,418.0
8121,COc1ccc(-c2csc(/C(C#N)=C/c3ccncc3)n2)cc1,Cc1ccccc1,392.0
11773,CCOC(=O)C1=C(C)NC2=C(C(=O)c3ccccc32)C1c1ccc(N(C)C)cc1,ClCCl,387.0
11683,CCOC(=O)C1(O)c2cc3ccc4cccc5ccc(c2C(=O)N1C(C)(C)C)c3c45,ClC(Cl)Cl,385.0
10010,CC/[NH+]=c1\cc2oc3cc(NCCOC(=O)C(NC(=O)OC(C)(C)C)C(C)C)c4ccccc4c3nc-2cc1C,CCO,590.0
2333,CC(=O)c1ccn2c3c(c(-c4ccc(N)cc4)c2c1)CN(CCCNC(=O)OC(C)(C)C)C3=O,CO,419.0
8450,C(=C/c1ccc2ccccc2c1)\c1ccc(Nc2ccccc2)cc1,CCCCCC,355.0
7391,CC1=CC(C)=[N+]2C1=C(c1ccccc1)c1c(C)cc(C)n1[B-]2(F)F,CO,497.75
2507,COCCOCCOCN1C(=O)c2ccc3c(-c4ccccc4)c4c5ccc6c7c(ccc(c(-c8ccccc8)c4c4ccc(c2c34)C1=O)c75)C(=O)N(COCCOCCOC)C6=O,ClCCl,630.0
1623,CCOC(=O)c1ccccc1-c1c2ccc(=[N+](CC)CC)cc-2oc2c1c(=O)oc1cc(N(CC)CC)ccc12,ClC(Cl)Cl,601.0
10737,C[Si](C)(C)c1ccc([Si](C)(C)C)c2ccccc12,C1CCCCC1,300.0
6149,CN(C)c1ccc(/C=C/C=C2\CCCC2=O)cc1,c1ccncc1,419.0
7037,O=P1(c2ccccc2)C(c2cccs2)=Cc2ccccc21,C1CCOC1,368.0
2157,O=C(c1ccccc1)c1ccc(-n2c3ccccc3c3c2c2ccccc2n3-c2ccccc2)cc1,Cc1ccccc1,358.0
5635,CC1(C)Nc2cc(Cl)ccc2-c2[nH]c3ccccc3c(=O)c21,CO,424.0
9225,O=[N+]([O-])c1ccc(-c2nc3c(c4c2-c2ccccc2CC4)-c2ccccc2CC3)cc1,Cc1ccccc1,351.0
8923,Cc1ccc(-c2ccc(/C=C/c3cccn3C)cn2)nc1,c1ccccc1,382.0
2145,CC(C)(C)c1ccc(-c2cc(-c3ccc(-c4cc(-c5ccc(C(C)(C)C)cc5)c(C(=O)NC5CCCCC5)s4)s3)sc2C(=O)NC2CCCCC2)cc1,ClCCl,394.0
3334,COC(=O)c1ccc(NC(=O)c2ccc(N(C)C)cc2)cc1,CC#N,326.0
11179,COCCOc1ccc(OCCOC)c(C=O)c1,CC(C)(C)O,350.0
4030,COc1ccc(-c2ccc3c(c2)[Si](C)(C)c2cc(-c4ccc(OC)cc4)ccc2C=C3)cc1,ClCCl,385.0
6620,CN(C)c1ccc(/C=C/c2cnc(/C=C/c3ccc(C#N)cc3)o2)cc1,ClCCl,432.0
8334,CCCc1ccc2c(c1)cc1n2B2c3c4c-1cccc4cc1cccc(c31)-c1cc3cc(CCC)ccc3n12,C1CCOC1,537.0
8011,COc1ccc2c(c1)sc1[n+]2[B-](F)(F)OC(c2ccc(N(C)C)cc2)=N1,CC(C)=O,431.0
8066,CN(C)c1ccc2c3c(ccc2c1)C(=O)CCC3,CC#N,356.0
9258,c1ccc(-n2c3ccccc3c3cc([Si](c4ccccc4)(c4ccccc4)c4ccc5c(c4)c4ccccc4n5-c4ccccc4)ccc32)cc1,ClCCl,342.0
11126,COCCOCCOCCOCCOc1ccc(OCCOCCOCCOCCOC)c(C=O)c1,NC=O,352.0
3859,CCOC(=O)COc1ccc(/C=C/c2cc(C)c3n2[B-](F)(F)[N+]2=C(c4[nH]c(C)cc4C)c4ccccc4C2=C3)cc1,CO,671.0
9787,[O-]c1c(-c2ccccc2)cc(-[n+]2c(-c3ccccc3)cc(-c3ccccc3)cc2-c2ccccc2)cc1-c1ccccc1,CCCCCCO,585.8811475
10277,CCN(CC)c1ccc2c(-c3ccccc3C(=O)O)c3c([o+]c2c1)/C(=C/c1nc(-c2ccccc2)n2ccccc12)CCC3,ClCCl,703.0
70,Oc1ccc(/N=C/c2ccccc2Oc2ccccc2)cc1,N#Cc1ccccc1,341.0
9909,Cc1ccc(-c2cc(-c3ccccc3)c3c(N)nc(N4CCCC4)c(C#N)c3n2)cc1,CC(C)=O,414.0
5228,c1ccc(N2N=C(c3c4ccccc4cc4ccccc34)CC2c2ccc3ccc4cccc5ccc2c3c45)cc1,ClCCl,425.0
11012,COc1ccc(OC)c(C=O)c1,CO,352.0
7323,COc1ccccc1C1=C2C(C)=CC(C)=[N+]2[B-](F)(F)n2c(C)cc(C)c21,CC#N,499.0
868,COc1cc2c(cc1/C=C/C1=CC(=C(C#N)C#N)CC(C)(C)C1)c1ccccc1n2C,C1CCOC1,475.0
3038,CCN(CC)c1ccc2c(C#N)c(/C=C(\C#N)c3nc4ccccc4o3)c(=O)oc2c1,CCO,607.0
2380,CN(C)c1ccc(/C=C/C=C2\CC/C(=C\c3ccc(N(C)C)cc3)C2=O)cc1,ClCCl,484.0
5886,Cc1cc(C)c(-c2nnc(-c3ccc(-n4c5ccccc5c5ccccc54)c(C)c3)o2)c(C)c1,Cc1ccccc1,339.0
2692,OC1(c2ccc(-c3cccs3)s2)CCC(c2ccccc2)CC1,CC#N,309.0
360,CCC1=C(C)C2=Cc3c(I)c(I)c(I)n3[B-](F)(F)[N+]2=C1C,CCO,536.0
8441,CCn1c2ccsc2c2c3nsnc3c3c4sccc4n(CC)c3c21,CN(C)C=O,441.0
5902,O=C(N/N=C/c1ccccc1O)c1ccc([N+](=O)[O-])cc1,CS(C)=O,342.0
4923,CCN(CC)/C(C)=N\c1ccc2c3c(cccc13)C(=O)c1ccccc1-2,C1CCOC1,472.0
1453,CC(C)(C)c1ccc2c(c1)[nH]c1c3[nH]c4cc(C(C)(C)C)ccc4c3c3nsnc3c21,Cc1ccccc1,406.0
4024,c1ccc2nc3cccc(-c4ccc(-n5c6ccccc6c6ccccc65)cc4)c3cc2c1,C1CCOC1,359.0
8631,Cc1ccc(-c2ccc(/C=C/c3ccc(C#N)cc3)cn2)nc1,CC#N,343.0
1950,c1ccc(-c2nn(-c3ccccc3)c3nc4ccccc4cc23)cc1,C1CCOC1,398.5651654
3509,Cc1ccc(C(=O)/C=C2\C(=O)Nc3ccccc32)cc1,C1CCCCC1,333.0
7573,CC1(C)c2ccccc2N(c2ccc3c(c2)-c2cc(N4c5ccccc5C(C)(C)c5ccccc54)ccc2P3(=O)c2ccccc2)c2ccccc21,Cc1ccccc1,389.0
7187,CN(C)c1ccc2c(c1)C(C)(C)C(=O)C=C2,O,413.0
2701,FC(F)(F)c1ccc(B2c3ccccc3Nc3ccccc32)c(C(F)(F)F)c1,ClCCl,388.0
6914,Nc1ccc2c(c1)C(=O)c1ccccc1-2,CC#N,481.0
1078,CC(C)[Si](C#Cc1ccc(C#C[Si](C(C)C)(C(C)C)C(C)C)c2nc3ccccc3nc12)(C(C)C)C(C)C,ClCCl,439.0
1626,CCOC(=O)c1ccccc1-c1c2ccc(=[N+](CC)CC)cc-2oc2c1c(=O)oc1cc(N(CC)CC)ccc12,O,596.0
10958,C(=C(c1ccccc1)c1ccccc1)c1ccc(C=C(c2ccccc2)c2ccccc2)cc1,C1CCOC1,352.0
5333,CCC1(CC)c2cc(/C=C/c3ccc(/C=C/c4ccc5c(c4)C(CC)(CC)c4cc(N6c7ccccc7Sc7ccccc76)ccc4-5)cc3)ccc2-c2ccc(N3c4ccccc4Sc4ccccc43)cc21,C1CCOC1,444.7278912
8298,COc1ccc(C(=O)/C=C/c2ccc(N(C)C)cc2)cc1OC,Cc1ccccc1,404.0
8722,CCC1(CC)c2cc(B(c3c(C)cc(C)cc3C)c3c(C)cc(C)cc3C)ccc2-c2ccc(N(c3ccccc3)c3ccc4c(c3)C(CC)(CC)c3cc(B(c5c(C)cc(C)cc5C)c5c(C)cc(C)cc5C)ccc3-4)cc21,CC#N,417.0
5730,CN(C)c1ccc(C2=Cc3cccc[n+]3[B-](F)(F)O2)cc1,COC(C)=O,417.0
7259,CC1=[N+]2C(=C(c3ccccc3)c3ccc(C)n3[B-]2(F)F)C=C1,C1CCOC1,510.0
5389,COc1cc(N(c2ccccc2)c2ccccc2)ccc1C=C(C#N)C#N,CCOC(C)=O,439.0
6302,COc1ccc(-c2nc(/C(C#N)=C/c3ccc(C#N)cc3)sc2-c2ccc(OC)cc2)cc1,CC#N,407.0
7675,CC(C)c1cc(C(C)C)c(B2c3cc(N4c5ccccc5Oc5ccccc54)ccc3N(c3ccccc3)c3ccc(N4c5ccccc5Oc5ccccc54)cc32)c(C(C)C)c1,C1CCCCC1,372.7891156
7660,CCN(CC)c1ccc2cc(-c3cn4cc(C)ccc4n3)c(=O)oc2c1,ClC(Cl)Cl,424.0
10804,O=S(=O)([O-])c1ccc(O)c2ccccc12,CC(C)O,321.0
4043,CCCC(=O)c1c2c(c(C(=O)CCC)c3c1OC(CC(=O)OC)(C(=O)OC)O3)OCO2,CCO,428.0
7507,C(=C/c1ccncn1)\c1ccc(N(c2ccccc2)c2ccccc2)cc1,ClCCl,400.0
2021,N#CC(C#N)=Cc1ccc(-c2cccc(-c3nc4ccccc4s3)c2O)s1,O,397.0
5259,c1ccc(Nc2nc(Nc3ccccc3)nc(Nc3ccc4ccc5cccc6ccc3c4c56)n2)cc1,CC#N,342.0
7809,N#Cc1ccc(N)c2nonc12,CCO,430.0
4271,Nc1ccc(-c2ccc3c(c2)C(=O)c2ccccc2C3=O)cc1,ClC(Cl)(Cl)Cl,415.0
5028,CC1=NN(c2ccccc2)C(=O)/C1=C/c1cn(-c2ccccc2)nc1-c1ccccc1,CO,364.0
6182,CC1=C(Cc2ccccc2)C(C)=[N+]2C1=C(C)c1c(C)c(-c3csc(N4CCOCC4)n3)c(C)n1[B-]2(F)F,Cc1ccccc1,527.0
11263,CN(C)c1ccc(/C=C/C(=O)O)cc1,CCOC(C)=O,358.0
7508,Cc1ccc(-c2c3nc(c(-c4ccc(C)cc4)c4ccc([nH]4)c(-c4ccc(OC(=O)C(C)c5cccc(C(=O)c6ccccc6)c5)cc4)c4nc(c(-c5ccc(C)cc5)c5ccc2[nH]5)C=C4)C=C3)cc1,ClCCl,649.0
11724,CCNc1cc2oc3c/c(=[NH+]\CC)c(C)cc-3c(-c3ccccc3C(=O)OCC)c2cc1C,CC#N,524.0
1511,N#Cc1nc(N(Cc2ccc(Cl)cc2)Cc2ccc(Cl)cc2)c(C#N)nc1N(Cc1ccc(Cl)cc1)Cc1ccc(Cl)cc1,ClC(Cl)Cl,485.0
10443,COc1cc2c3cc(OC)c(OC)cc3c3cc4c(C)cc(=O)oc4cc3c2cc1OC,CO,364.0
8261,O=Cc1ccc(C2=C3C=c4c(oc5ccccc45)=[N+]3[B-](F)(F)n3c2cc2c4ccccc4oc23)cc1,C1CCOC1,589.0
2039,CC(C)(C)C1Nc2ccccc2C(=O)N1Cc1ccccc1,ClC(Cl)Cl,341.0
465,CCCCCCc1ccc2c3c(ccc2c1)O[B-](F)(F)[N+](c1ccc([N+]2=Cc4c(ccc5cc(CCCCCC)ccc45)O[B-]2(F)F)cc1)=C3,ClCCl,430.0
3013,c1ccc(-c2nc(-c3ccc(-c4ccc(-n5c6ccccc6c6ccccc65)cc4)cn3)oc2-c2ccccc2)cc1,CCCCCC,336.0
11157,COCCOCCOc1cc(C=O)c(OCCOCCOC)cc1C=O,CO,354.0
5547,CCN1CCN(c2ccc(/N=N/c3cc(C(F)(F)F)cc(C(F)(F)F)c3)cc2)CC1,CCOC(C)=O,427.0
8991,CN1C(C(=O)Nc2ccccn2)=C([O-])c2sccc2S1(=O)=O,CCCO,376.0
248,C#CCNC1=C2C=CC=[N+]2[B-](F)(F)n2cccc21,ClC(Cl)Cl,418.0
11600,F[B-]1(F)OC(c2ccc(C(F)(F)F)cc2)=Cc2c3ccccc3cc[n+]21,ClC(Cl)Cl,398.5
7840,CC1(C)c2ccccc2N(c2ccc(-c3n[n+]4c(o3)-c3ccccc3O[B-]4(F)F)cc2)c2ccccc21,C1COCCO1,361.0
434,c1csc(-c2cnc(-c3cccs3)c3nonc23)c1,ClC(Cl)Cl,464.0
1399,c1ccc2c3c(ccc2c1)-c1cccc2cc4ccccc4c-3c12,CCCCCCC,446.0
5273,O=S(=O)(c1ccc(-c2ccc(-c3nc4c5ccccc5c5ccccc5c4n3-c3ccccc3)cc2)cc1)c1ccc(-c2ccc(-c3nc4c5ccccc5c5ccccc5c4n3-c3ccccc3)cc2)cc1,CCN(CC)CC,368.0
4094,COC(=O)C(Cc1ccc2oc(-c3ccc(-n4c5ccccc5c5ccccc54)cc3)nc2c1)NC(=O)OC(C)(C)C,C1CCCCC1,339.99728
4885,COC(=O)c1ccc(C#Cc2c3c(c4c(-c5ccccc5)c(-c5ccccc5)c(-c5ccccc5)c(-c5ccccc5)c4c2-c2ccc(C(=O)OC)cc2)CC(C(=O)OC)(C(=O)OC)C3)cc1,C1CCOC1,347.3790323
10284,CC1(C)CC(/C=C/c2ccc(-n3cccn3)cc2)=CC(=C(C#N)C#N)C1,C1CCOC1,405.0
6464,CC(=O)[B-]1(C(C)=O)OC(C)=CC(c2ccc3ccccc3c2)=[O+]1,ClC(Cl)(Cl)Cl,380.0
2755,Cc1cc(C(F)(F)F)nc2c1ccc1nc(-c3ccc(F)c(F)c3)cn12,Cc1ccccc1,371.5
7075,c1ccc2c(c1)c1ccccc1n2-c1ccc(-c2ccc3nc(-c4ccc(-n5c6ccccc6c6ccccc65)cc4)nn3c2)cc1,C1CCOC1,341.0
10720,CC(C)(C)c1ccc(-c2nc3c4ccc(-c5ccc6ccc7cccc8ccc5c6c78)cc4c4cc(-c5ccc6ccc7cccc8ccc5c6c78)ccc4c3n2-c2ccc(C(C)(C)C)cc2)cc1,CCOCC,346.0
1516,N#Cc1nc(N(Cc2ccccc2Cl)Cc2ccccc2Cl)c(C#N)nc1N(Cc1ccccc1Cl)Cc1ccccc1Cl,ClC(Cl)Cl,485.0
1282,CC(=O)[O-],O,210.0
8404,Cc1ccc(OCc2cc(=O)oc3c2ccc2ccccc23)cc1,Cc1ccccc1,354.0
2459,COc1ccc(-c2nc(N)nc(C#N)c2C#N)cc1OC,CCOC(C)=O,356.0
7535,N=c1oc2cccc3c4c(-c5ccccc5)oc5cccc(c(c1-c1ccccc1)c23)c54,ClC(Cl)Cl,397.0
6856,c1ccc(-n2c(-c3ccc(-c4ccc(-c5ccc(-c6nc7c8ccccc8c8ccccc8c7n6-c6ccccc6)cc5)cc4)cc3)nc3ccccc32)cc1,C1CCOC1,341.0
7474,CCCCCCCCN1c2ccc(C#Cc3cc(C(F)(F)F)cc(C(F)(F)F)c3)cc2Sc2cc(C=O)ccc21,CO,366.0005975
6679,COc1ccc(-c2ccc(-c3ccc(C#N)s3)s2)cc1,CO,374.0
7549,CCN(CC)c1ccc2cc(-c3nc4cc(C(=O)Nc5ccccc5)ccc4o3)c(=O)oc2c1,ClCCl,442.0
3274,CC(C)(C)c1ccc2c(c1)sc1[n+]2[B-](F)(F)n2c(c3cccc4c(Br)ccc2c43)=C1C#N,Cc1ccccc1,543.0
11814,CCn1c(-c2ccc(-c3ccc4ccc5cccc6ccc3c4c56)cc2)c(-c2ccc3ccccc3c2)c(-c2ccc3ccccc3c2)c1-c1ccc(-c2ccc3ccc4cccc5ccc2c3c45)cc1,CCOC(C)=O,344.0
5465,N#Cc1c(-c2ccccc2)cc(-c2ccccc2)[nH]c1=S,CCOCC,451.0
9733,CC1=CC(C)=[N+]2C1=C(c1ccccc1)c1c(C)cc(/C=C/c3ccccc3)n1[B-]2(F)F,CC#N,560.0
3059,c1ccc2c(c1)c1ccccc1n2-c1ccc(-c2ccc(-c3ccc(-n4c5ccccc5c5ccccc54)nc3-n3c4ccccc4c4ccccc43)nn2)c(-n2c3ccccc3c3ccccc32)n1,ClCCl,341.0
2620,CC(=O)c1c2c(cc3cc(N(C)C)ccc13)CCC2,CC#N,370.0
11282,N#Cc1cccc(C#N)c1N,CCO,347.0
543,COc1cc2c3sc4ccccc4c3c3cncnc3c2c(OC)c1OC,ClCCl,376.0
10925,CC(=O)c1nc(-c2ccc(C)cc2)oc1C,CCOCC,271.0
8137,CC1=CC(C)=[N+]2C1=Cc1c3ccccc3c(C#Cc3ccccc3)n1[B-]2(F)F,CCOC(C)=O,606.0
2069,CC1=[N+]2C(=C(c3c4ccccc4c(-c4ccccc4)c4ccccc34)c3ccc(C)n3[B-]2(F)F)C=C1,ClCCl,518.0
5770,COc1ccc(C2=C3C(/C=C/c4cc(OC)c(OC)c(OC)c4)=C(C=O)C(/C=C/c4cc(OC)c(OC)c(OC)c4)=[N+]3[B-](F)(F)n3c(/C=C/c4cc(OC)c(OC)c(OC)c4)c(C=O)c(C=Cc4cc(OC)c(OC)c(OC)c4)c32)cc1,ClCCl,688.0
4779,COc1cc2c(cc1OC)C1=C[C@H](c3ccccc3)C3(C(C#N)=C(C#N)N1CC2)c1ccccc1-c1ccccc13,ClCCl,310.0
7751,CC1(C)CCc2c(c3ccccc3c3nc4c(nc23)c2c(c3ccccc34)OC(C)(C)CC2)O1,c1ccccc1,434.9717268
6769,CC1(C)CC(=O)C2=C(C1)Oc1ccc3ccccc3c1C2c1ccccn1,CC#N,275.0
11748,CN(C)c1ccc(-c2nc(-c3ccccc3)c3ccccn23)cc1,C1CCCCC1,315.0
5044,F[B-]1(F)Oc2ccc3ccccc3c2-c2c3c(c4c([n+]21)CCc1ccccc1-4)CCc1ccccc1-3,ClCCl,346.0
2727,CC1(C)Nc2cc3nc4cc(F)c(F)cc4nc3cc2N1,CCO,440.0
6162,CC(C)(C)c1ccc(-c2nc3c4ccc(-c5c6ccccc6cc6ccccc56)cc4c4cc(-c5c6ccccc6cc6ccccc56)ccc4c3n2-c2ccc(C(C)(C)C)cc2)cc1,CCCCOCCCC,367.0
3684,C[Si]1(C)c2ccccc2-c2ccccc21,ClCCl,336.0
5262,Clc1nnc(Oc2ccc(N(c3ccccc3)c3ccccc3)cc2)nn1,ClCCl,525.0
733,CC(C)(C)c1ccc2c(c1)c1cc(C(C)(C)C)ccc1n2-c1ccc2oc3nc4oc5ccc(C(F)(F)F)cc5c4cc3c2c1,C1CCCCC1,343.0
1905,CN(C)c1ccc(/C=C/C=C/c2nc3ccccc3o2)cc1,ClC(Cl)Cl,414.0
2012,Oc1c(-c2cccs2)cccc1-c1nc2ccccc2s1,ClCCl,356.0
4450,COc1ccc2c(c1)CCC1=C(c3ccccc3)C3=Nc4c(-c5ccccc5)c5c(n4[B-](F)(F)[N+]3=C12)-c1ccc(OC)cc1CC5,ClC(Cl)Cl,740.0
10184,O=Cc1ccc(C#CC(C#Cc2ccc(C=O)o2)=Cc2ccc(C=C(C#Cc3ccc(C=O)o3)C#Cc3ccc(C=O)o3)cc2)o1,ClC(Cl)Cl,450.0
1683,Cc1ccc(Sc2cc3ccc4cccc5ccc(c2)c3c45)cc1,ClCCl,342.0
2344,CCCCC(CC)Cn1c2ccccc2c2cc(-c3ccc4c(c3)S(=O)(=O)c3cc(-c5ccc6c(c5)c5ccccc5n6CC(CC)CCCC)ccc3-4)ccc21,Cc1ccccc1,379.0
7306,Cc1ccc(C2=C3C=C(I)C=[N+]3[B-](F)(F)n3cc(I)cc32)cc1,OCC(F)(F)F,539.0
4918,C/C(=N\Nc1ccc(C#N)cc1)c1ccccn1,CC#N,342.0
6145,CN(C)c1ccc(/C=C/C=C2\CCCC2=O)cc1,ClC(Cl)(Cl)Cl,407.0
11780,c1ccc(-c2nc3c(-c4ccc(N(c5ccccc5)c5ccccc5)cc4)ccc(-c4ccc(N(c5ccccc5)c5ccccc5)cc4)c3nc2-c2ccccc2)cc1,ClC(Cl)Cl,437.0
5802,CCCCc1c2ccccc2c(-c2ccc(-c3nc4cc(CC(NC(=O)OC(C)(C)C)C(=O)OC)ccc4o3)cc2)c2ccccc12,CCCCO,472.0432392
4105,COC(=O)C(Cc1ccc2oc(-c3ccc(-n4c5ccccc5c5ccccc54)cc3)nc2c1)NC(=O)OC(C)(C)C,CCO,340.4834866
8003,CN(C)c1ccc(C2=Nc3sc4cc(F)ccc4[n+]3[B-](F)(F)O2)cc1,ClCCl,425.0
2201,CCc1c(C)c2n(c1C)[B-](F)(F)[N+]1=C(NCc3ccc(OC)cc3)C=CC1=C2C,CC#N,524.0
6743,COc1ccc(-c2csc(/C(C#N)=C/c3ccc(C#N)cc3)n2)cc1,CN(C)C=O,395.0
11160,COCCOCCOc1ccc(OCCOCCOC)c(C=O)c1,CC(C)(C)O,350.0
2873,c1ccc2c(c1)Sc1ccccc1N2c1ccc2c(c1)C1(CC1)c1cc(N3c4ccccc4Sc4ccccc43)ccc1-2,Cc1ccccc1,307.0
4064,O=C1OCC2=C1C(c1ccccc1)c1cc3c(cc1N2CCO)CCC3,O,327.0
7068,c1ccc(-c2nc(-c3c4ccccc4cc4ccccc34)n3ccccc23)cc1,ClCCl,382.0
9659,O=S1(=O)C2=C(c3ccc(N(c4ccccc4)c4ccccc4)cc31)C1(C3=C(c4ccccc41)S(=O)(=O)c1cc(N(c4ccccc4)c4ccccc4)ccc13)c1ccccc12,Cc1ccccc1,450.0
4026,N#Cc1c(N2CCCCC2)cc(-c2cccc3ccccc23)c2c1C(=O)c1ccccc1-2,C1CCOC1,344.0
3025,O=C1CC(=O)Nc2cc(Br)ccc2N1,CS(C)=O,299.0
902,CCn1c2ccccc2c2cc(-c3cc(-c4ccc5c(c4)c4ccccc4n5CC)nc(SC)n3)ccc21,CN(C)C=O,374.0
7647,O=C(O)c1c2ccccc2nc2ccccc12,ClCCl,362.0
6118,F[B-]1(F)n2c(c3cc4ccccc4cc3c2-c2ccccc2)C=C2c3cc4ccccc4cc3C(c3ccccc3)=[N+]21,ClCCl,762.0
4336,Nc1ccc2c(c1)Cc1ccccc1-2,CO,317.0
8883,CC(=O)c1cc(=O)n(C)c2cc(-c3ccc(N(C)C)cc3)sc12,CC#N,440.0
4113,N#C/C(=C\c1cc(/C=C(\C#N)c2ccc(C(F)(F)F)cc2)c(-c2ccc(N(c3ccccc3)c3ccccc3)cc2)cc1-c1ccc(N(c2ccccc2)c2ccccc2)cc1)c1ccc(C(F)(F)F)cc1,C1CCCCC1,405.0
8764,C[Si]1(C)c2ccc(-c3ccc(-c4cccs4)s3)cc2C=Cc2cc(-c3ccc(-c4cccs4)s3)ccc21,ClCCl,398.0
1669,O=Cc1ccc2c(c1)c1ccccc1n2-c1cc2ccccc2c2ccccc12,CCCCC,313.0
6822,Nc1ccc(/C=C/c2ccccc2)cc1,CC#N,318.0
1692,CN(C)c1ccc2nc(-c3ccc(C(=O)Nc4ccccc4)cc3)sc2c1,CC#N,388.0
1935,COC(=O)C(Cc1ccc2oc(-c3ccc(N(c4ccccc4)c4ccccc4)cc3)nc2c1)NC(=O)OC(C)(C)C,CS(C)=O,364.000364
2054,CC(C)Nc1cc2sc3cc(NC(C)C)c(F)cc3c(=O)c2cc1F,CCO,377.0
7971,Cc1cc(-c2ccccc2)nc2c1ccc1nc(-c3ccccc3)cn12,CCCCOC(C)=O,350.0
9690,N#Cc1ccc(/C=C2\N=C(c3ccccc3)OC2=O)cc1,C1COCCO1,369.0
7626,CCCN1c2ccccc2Sc2cc(C3=C4C=CC=[N+]4[B-](F)(F)n4cccc43)ccc21,ClCCl,499.0
1208,CNc1ncc2nc(C#N)n(Cc3ccccc3)c2n1,C1COCCO1,342.0
2929,CCc1ccc(-c2ccc(-c3nnc(-c4ccc(-c5nnc(-c6ccc(-c7ccc(CC)cc7)s6)o5)cc4)o3)s2)cc1,Cc1ccccc1,348.0
10548,CCN(CC)c1ccc2ccc(=O)oc2c1,CN(C)C=O,379.0
9237,CN(C)c1ccc(-c2nc3c(c4c2-c2ccccc2CC4)-c2ccccc2CC3)cc1,CC#N,343.0
5882,Cc1cc(-c2nnc(-c3c(C(C)C)cc(C(C)C)cc3C(C)C)o2)ccc1-n1c2ccccc2c2ccccc21,Cc1ccccc1,339.0
7824,Cc1ccc(/C=C/c2ccccc2-[n+]2noc([O-])c2C)cc1,CC#N,310.0
2820,CCOC(=O)c1ccc2nc(N)sc2c1,CC#N,293.0
8025,N#C/C(=C\c1ccc(Cl)cc1)c1nc2ccccc2s1,C1CCCCC1,350.0
10937,COc1ccc(-c2nc(C(C)=O)c(C)o2)cc1,CCOCC,276.0
708,N#CC(C#N)=C(/C=C/c1ccc(N(c2ccccc2)c2ccccc2)cc1)c1ccc2c3c(cccc13)CC2,ClC(Cl)Cl,502.0
6244,CN1C(C(=O)Nc2ccccn2)=C(O)c2ccccc2S1(=O)=O,C1COCCO1,326.0
4184,O=C1C=C(Nc2ccc(F)cc2F)C(=O)c2ccccc21,CCCCCC,439.0
5787,O=c1oc2cc3ccccc3cc2nc1-c1ccccc1,c1ccccc1,356.0
4900,COc1ccc(-n2nc(C#N)c(NC3CCCCC3)n2)cc1,CN(C)C=O,336.0
1157,C1=C(c2ccccc2)C2=Nc3c(-c4ccccc4)cc4n3[B-]3(Oc5ccccc5C1=[N+]23)Oc1ccccc1-4,Cc1ccccc1,728.0
8664,O=C(c1ccc(N(c2ccccc2)c2ccccc2)cc1)[C@H]1[C@H](c2ccc(F)cc2)C[C@](O)(c2ccccn2)C[C@]1(O)c1ccccn1,ClCCl,374.0
35,Oc1cccc(/N=C/c2ccccc2Oc2ccccc2)c1,CCO,327.0
7976,Cc1cc(-c2ccccc2)nc2c1ccc1nc(-c3ccccc3)cn12,c1ccccc1,351.0
3595,CCCCCCCN1C(=CC2=C([O-])C(=CC3=[N+](CCCCCCC)c4ccccc4C3(C)C)C2=C(C#N)C#N)C(C)(C)c2ccccc21,ClC(Cl)Cl,685.0
9023,C=CCNc1ccc2ccc3oc4cc(=[N+](C)C)ccc-4nc3c2c1,CC#N,569.0
2685,O=C1NC(=O)/C(=C\c2ccccc2O)S1,C1COCCO1,350.0
2471,CN(C)c1ccc(/C=C/C=C2\CC/C(=C\C=C\c3ccc(N(C)C)cc3)C2=O)cc1,CC#N,490.0
10617,CCN(CC)c1ccc2c(C)cc(=O)oc2c1,CCCO,376.0
3370,COc1cc(OC)cc(-c2nnc(-c3cc(-c4nnc(-c5cc(OC)cc(OC)c5)o4)cc(-c4nnc(-c5cc(OC)cc(OC)c5)o4)c3)o2)c1,CC#N,301.0
428,c1csc(-c2cnc(-c3cccs3)c3nonc23)c1,CCCO,466.0
11415,CCN1c2ccc(/C=N/Nc3ccccn3)cc2Sc2cc(-c3ccccc3)ccc21,ClCCl,384.0
10125,COc1cc(/C=C/C2=CC(/C=C/c3ccc(O)c(OC)c3)=[O+][B-](F)(F)O2)ccc1O,ClCCl,497.0
6639,CCCCC1(CCCC)c2cc(C#Cc3ccc4ccc5cccc6ccc3c4c56)ccc2-c2ccc(N(c3ccccc3)c3ccccc3)cc21,ClCCl,410.0
1430,N#Cc1ccc(-c2cn3cc(C#N)c[n+]3[n-]2)cc1,ClCCl,360.0
1188,COC(=O)c1nc2c(N)nc(N(C)C)nc2n1Cc1ccccc1,C1COCCO1,340.0
9896,Cc1nc(-c2cc(F)ccc2O)n2c1CCCC2,ClCCl,326.0
2522,C1=Cc2ccc(N(c3ccccc3)c3ccccc3)cc2C2(c3cc(N(c4ccccc4)c4ccccc4)ccc31)c1ccccc1-c1ccccc12,ClCCl,406.0
6489,c1cc(-n2c3ccccc3c3ccccc32)c(-c2nc3ccccn3n2)c(-n2c3ccccc3c3ccccc32)c1,Cc1ccccc1,338.0
2788,O=Cc1ccc2c(c1)c1ccccc1n2-c1ccc(-c2ccc(-n3c4ccccc4c4cc(C=O)ccc43)cc2)cc1,ClCCl,329.0
1791,COc1ccc(C2=[N+]3C(=Nc4c(-c5ccccc5)c5c(n4[B-]3(F)F)-c3ccc(OC)cc3CC5)C(c3ccccc3)=C2)cc1,ClC(Cl)Cl,708.0
10175,C1=CSC(=C2SC=C(/C=C/C=C/C=C/C3=CSC(=C4SC=CS4)S3)S2)S1,CC(C)=O,467.0
3422,O[Si](c1c2ccccc2cc2ccccc12)(c1c2ccccc2cc2ccccc12)c1c2ccccc2cc2ccccc12,ClC(Cl)Cl,402.0
10880,CCOC(=O)C1CC(c2c(C#N)c(C)nn2-c2ccccc2)=CN1c1ccc(Br)cc1,C1COCCO1,370.0
3264,F[B-]1(F)n2c(c3cccc4cccc2c43)=Nc2sc3ccccc3[n+]21,ClCCl,448.0
3485,O=c1cc(-c2ccccc2)oc(-c2nc3ccccn3c2NC2CCCCC2)c1,ClCCl,353.0
704,N#CC(C#N)=C(/C=C/c1ccc(N(c2ccccc2)c2ccccc2)cc1)c1ccc2c3c(cccc13)CC2,CCOC(C)=O,482.0
5718,Cn1c(=O)c(/N=N/c2ccc(S(=O)(=O)O)c3ccccc23)c(O)c2ccccc21,Cc1ccccc1,469.0
8495,CCN(CC)c1ccc2cc(/C=C/C(O)=C3\CC/C(=C\c4cc5ccc(N(CC)CC)cc5oc4=O)C3=O)c(=O)oc2c1,CC#N,532.0
1402,CCCCN1C(=O)c2cccc3c([O-])c(/C=C/c4sc5ccccc5[n+]4CC)cc(c23)C1=O,CC(C)=O,572.488408
2210,CN(CC(O)c1cccc(O)c1)c1ccc([N+](=O)[O-])c(C2CC(c3cccc4ccccc34)=NN2c2ccccc2)c1,CC(C)O,412.0
4877,CCN(CC)c1ccc2cc(/C(Cl)=C/C=C/C(=C(C#N)C#N)c3ccc4c(c3)c3ccccc3n4CC)c(=O)oc2c1,CCOC(C)=O,508.0
608,CC1=C2c3ccccc3C(c3ccc[nH]3)=[N+]2[B-](F)(F)n2cccc21,Cc1ccccc1,570.0
5155,CCN1/C(=C\C2=C([O-])/C(=C/C3=[N+](CC)c4c(ccc5ccc(C)nc45)C3(C)C)C2=O)C(C)(C)c2ccc3ccc(C)nc3c21,CS(C)=O,685.0
7103,COC(=O)C(Cc1ccc2oc(-c3ccc(Nc4ccccc4)cc3)nc2c1)NC(=O)OC(C)(C)C,NC=O,355.7959155
10228,CCOC(=O)COc1ccc(C(c2c(C)[nH]c3ccccc23)c2c(C)[nH]c3ccccc23)cc1,C1CCCCC1,291.0
5979,C(/C=C/Nc1cccc2ccccc12)=[NH+]c1cccc2ccccc12,CS(C)=O,391.0
1427,CCCN1c2ccccc2Sc2cc(/C=C\c3cc(=O)oc4ccccc34)ccc21,ClC(Cl)Cl,424.0
5994,COc1cc(OC)cc(-c2nnc(-c3ccc(-c4nnc(-c5cc(OC)cc(OC)c5)o4)cc3)o2)c1,CCO,319.0
8297,COc1ccc(C(=O)/C=C/c2ccc(N(C)C)cc2)cc1OC,CO,421.0
758,O=C(O)c1ccccc1Nc1ccccc1,CCOC(C)=O,356.0
3369,COc1cc(OC)cc(-c2nnc(-c3cc(-c4nnc(-c5cc(OC)cc(OC)c5)o4)cc(-c4nnc(-c5cc(OC)cc(OC)c5)o4)c3)o2)c1,C1CCOC1,299.0
2447,C(=C/c1ccc2ccccc2c1)\c1ccc(N(c2ccccc2)c2ccccc2)cc1,CC#N,371.0
7346,CC1=CC(C)=[N+]2C1=C(c1c(F)c(F)c(NCCNP(=O)(OC(C)C)OC(C)C)c(F)c1F)c1c(C)cc(C)n1[B-]2(F)F,CCOC(C)=O,512.0
11720,O=S(=O)(c1cccc(N2c3ccccc3Oc3ccccc32)c1)c1cccc(N2c3ccccc3Oc3ccccc32)c1,C1CCOC1,317.0
1805,CC(C)(C)c1ccc(-c2nc3c4ccccc4c4ccccc4c3n2-c2ccc(C(C)(C)C)cc2)cc1,CCN(CC)CC,316.0
399,COc1ccc(OC)c(-c2[nH]c(=O)n3c2-c2ccccc2C3=O)c1,CC#N,396.0
3889,CCOC(=O)/C(C#N)=C\c1cn(-c2ccccc2)nc1-c1ccccc1,C1COCCO1,348.0
542,CC(C)(C)c1ccc2c(c1)c1ncncc1c1c3ccccc3sc21,ClCCl,377.0
9724,COc1ccc(C2=C3C(C)=CC(C)=[N+]3[B-](F)(F)n3c(/C=C/c4ccc(N(C)C)cc4)cc(C)c32)cc1,CCOC(C)=O,596.0
9647,CCCCC(CC)COc1ccc2nc(-c3ccc(-c4ccccc4)s3)sc2c1,ClCCl,368.0
1414,CCOC(=O)C1=C(N)n2c(=O)c3ccccc3c(=O)n2C1c1ccccc1,CS(C)=O,364.0
6014,CN(C)c1ccc(-c2cc(-c3ccccc3)nn2C)cc1,ClCCl,280.0
5398,CCCCCCCCCCCCCCCCOC(=O)c1ccc(N(c2ccccc2)c2ccccc2)cc1,CCOC(C)=O,334.0
8828,COc1cc(OC)cc(C2=[O+][B-](F)(F)OC(c3ccccc3)=C2)c1,ClCCl,369.0
9953,Cc1cc(C2(c3cc(C)c(O)c(Br)c3)OS(=O)(=O)c3ccccc32)cc(Br)c1O,CC(C)(C)O,411.0
2168,CCOC(=O)/C(C#N)=C(\C=C\c1ccc(N(c2ccccc2)c2ccc(/C=C/C(=C(/C#N)C(=O)OCC)c3ccccc3)cc2)cc1)c1ccccc1,CC(C)=O,484.0
7442,CC(C)(C)c1cc2ccc3cc(C(C)(C)C)cc4c3c2c(c1)c(=O)n1c4nc2c3cc(C(C)(C)C)cc4ccc5cc(C(C)(C)C)cc(c5c43)c21,C1CCOC1,395.0
5042,Oc1ccc2ccccc2c1/C=N/CC/N=C/c1c(O)ccc2ccccc12,CC#N,408.0
367,CCC1=C(C)C2=Cc3c(I)c(I)cn3[B-](F)(F)[N+]2=C1C,CCOC(C)=O,515.0
2124,O=C1c2cccc3c(-n4c5ccccc5c5ccccc54)ccc(c23)C(=O)N1C1CCCCC1,CCCCCC,399.0
7225,CC1=[N+]2C(=C(c3ccc(N(C)C)cc3)c3ccc(C)n3[B-]2(F)F)C=C1,C1CCCCC1,508.0
5826,CCN1c2ccc(-c3cc(-c4ccccc4)[nH]n3)cc2Sc2cc(-c3cc(-c4ccccc4)[nH]n3)ccc21,CC#N,338.0
4162,CC1(C)CC(/C=C/c2ccc(-n3c4ccccc4c4ccccc43)cc2)=CC(=C(C#N)C#N)C1,CCOC(C)=O,407.0
8108,COc1ccc(-c2cc3c(s2)c(-c2ccccc2)cc(=O)n3C)cc1,CC#N,384.0
7019,CC(C)(C)OC(=O)COc1ccc2c(c1)oc(=O)c1c(=O)oc3ccccc3c12,CS(C)=O,366.0
63,Oc1ccc(/N=C/c2ccccc2Oc2ccccc2)cc1,CCOC(C)=O,340.0
8193,Nc1ccc2c(c1)C(=O)c1ccc(N)cc1C2=O,CC#N,438.0
7876,CCN1/C(=C\C=C\C=C\C2=[N+](CC)c3ccc4ccccc4c3C2(C)C)C(C)(C)c2c1ccc1ccccc21,CS(C)=O,686.0
4436,C(=C/c1ccc(-c2nnc(-c3ccc(/C=C/c4ccc(-c5nc(-c6ccccc6)c(-c6ccccc6)[nH]5)cc4)cc3)o2)cc1)\c1ccc(-c2nc(-c3ccccc3)c(-c3ccccc3)[nH]2)cc1,C1CCOC1,396.0
4738,FC(F)(F)C(F)(F)C(F)(F)C(F)(F)C(F)(F)C(F)(F)CCOc1nnc(Cl)nn1,OCC(F)(F)F,519.0
2675,COc1cc(/C=C2/SC(=O)NC2=O)cc(OC)c1O,O,358.0
2342,c1ccc(-c2nn(-c3ccccn3)c3nc4ccccc4cc23)cc1,CCCCOCCCC,385.0
6682,COc1ccc(-c2ccc(-c3ccc(C#N)s3)s2)cc1,ClC(Cl)Cl,376.0
1844,CCCCCCCCOc1ccc2c3cccc4c(OCCCCCCCC)ccc(c5cccc1c52)c43,ClC(Cl)(Cl)Cl,462.0
10373,CCCCN1C(=S)c2cccc3cccc(c23)C1=S,Cc1ccccc1,442.0
11544,C(=C/c1ccc(N(c2ccc(/C=C/c3ccc(N(c4ccccc4)c4ccccc4)cc3)cc2)c2ccc(-c3nc4ccccc4nc3-c3ccc(N(c4ccc(/C=C/c5ccc(N(c6ccccc6)c6ccccc6)cc5)cc4)c4ccc(/C=C/c5ccc(N(c6ccccc6)c6ccccc6)cc5)cc4)cc3)cc2)cc1)\c1ccc(N(c2ccccc2)c2ccccc2)cc1,Cc1ccccc1,375.0
9534,CCCCCCOc1ccc(C#Cc2ccc(C#Cc3ccc(OCCCCCC)c(OCCCCCC)c3)c3nsnc23)cc1OCCCCCC,C1CCCCC1,446.0
3755,Cn1c2ccccc2[c+](-c2ccccc2)c2cc([N+](=O)[O-])ccc21,CS(C)=O,434.3
427,c1csc(-c2cnc(-c3cccs3)c3nonc23)c1,CCCCCC,458.0
3652,CN(C)c1ccc(C2=Nc3scc[n+]3[B-](F)(F)O2)cc1,C1CCOC1,402.0
2154,Cc1sc(-c2ccc(-c3nc(-c4ccccc4)c(-c4ccccc4)[nH]3)cc2)c(C)c1C1=C(c2c(C)n(C)c3ccccc23)C(F)(F)C(F)(F)C1(F)F,C1CCOC1,313.0
2127,Cc1ccc(-n2c(-c3cccc4cc[nH]c34)nc3c4ccccc4c4ccccc4c32)cc1,Cc1ccccc1,354.0
5431,COCCC1=Cc2nc1ccc1[nH]c(cc1CCOC)c1nc(c(OC)cc3[nH]c2cc3CCOC)C(CCOC)=C1,Cc1ccccc1,684.0
8542,CCn1c2ccccc2c2cc(C#Cc3cc(C#Cc4ccc5c(c4)c4ccccc4n5CC)nc(C#N)n3)ccc21,ClCCl,415.0
3299,Cc1ccc(NC(=O)c2ccc(N(C)C)cc2)cc1,CCOCC,307.0
7338,CC1=CC(C)=[N+]2C1=C(c1c(F)c(F)c(NCCCCNP(=O)(OC(C)C)OC(C)C)c(F)c1F)c1c(C)cc(C)n1[B-]2(F)F,CCCCCC,514.0
6369,CCn1c2ccccc2c2cc(-c3cc(-c4ccc5c(c4)c4ccccc4n5CC)nc(-c4ccc(OC)cc4)n3)ccc21,Cc1ccccc1,363.0
676,COc1ccc2c3c(c4ccc(OC)cc4c2c1)C(C)(C)c1ccccc1-3,C1CCCCC1,388.0
11652,CN(C)CCCN1c2ccccc2CCc2ccccc21,CC#N,276.0
9294,CC(C)n1c2cc(O)c(F)cc2c(=O)c2cc(F)c(O)cc21,CCO,379.0
10574,Nc1ccc2c(C(F)(F)F)cc(=O)oc2c1,CCCCCCO,384.0
11694,c1ccc(-c2nn(-c3ccccc3)c3nc4ccc(-n5c6ccccc6c6ccccc65)cc4cc23)cc1,CCCCOCCCC,418.0602007
6592,COC(=O)c1ccccc1-c1c2ccc(=[NH2+])cc-2oc2cc(N)ccc12,CN(C)C=O,515.0
4102,COC(=O)C(Cc1ccc2oc(-c3ccc(-n4c5ccccc5c5ccccc54)cc3)nc2c1)NC(=O)OC(C)(C)C,CCCCCCO,342.5948131
1839,CC(=O)Nc1ccc2c3cccc4cccc(c5cccc1c52)c43,CC#N,441.0
5464,N#Cc1c(-c2ccccc2)cc(-c2ccccc2)[nH]c1=S,CCOC(C)=O,430.0
7702,CN(C)c1ccc(/C=C/C(=C(C#N)C#N)c2ccc3c4c(cccc24)CC3)cc1,CCOC(C)=O,497.0
1210,CNc1ncc2nc(C#N)n(Cc3ccccc3)c2n1,CO,342.0
7247,COC1=[N+]2C(=C(c3ccc(C)cc3)c3ccc(OC)n3[B-]2(F)F)C=C1,Cc1ccccc1,517.0
11332,COc1ccc(-n2c3ccccc3c3cc(/C=C/C(=C(C#N)C#N)c4ccccc4)ccc32)cc1,ClC(Cl)Cl,459.0
9889,CCCCCCCCCCCCC(CCCCCCCCCC)Cn1c2cc(C=C(C#N)C#N)c3cccc4c5cccc6c(C=C(C#N)C#N)cc1c(c65)c2c34,Cc1ccccc1,584.0
740,c1ccc2c(c1)oc1nc3oc4ccc(-n5c6ccccc6c6ccccc65)cc4c3cc12,ClC(Cl)Cl,346.0
0,Cc1cc(=O)oc2cc(-c3cn(Cc4ccccc4)nn3)ccc12,CCO,329.0
8493,c1cc2cc(c1)c1cccc(c1)c1cccc(c1)c1cccc(c1)c1cccc(c1)c1cccc2c1,ClC(Cl)Cl,251.0
7565,CC(C)(C)c1cc2ccc3cc(C(C)(C)C)cc4c3c2c(c1)c(=O)n1c4nc2c3ccccc3c3ccccc3c21,CO,362.0
2847,CCc1ccc(Nc2ccc3ccccc3n2)cc1,CCO,354.0
4343,COc1ccc(-c2sc3c(c2Br)=[N+]2C(=C(C(F)(F)F)c4c(Br)c5sc(-c6ccc(OC)cc6)c(Br)c5n4[B-]2(F)F)C=3Br)cc1,ClC(Cl)Cl,766.0
3772,N#CC(C#N)=C(/C=C/c1cn(-c2ccccc2)nc1-c1ccc([N+](=O)[O-])cc1)c1ccccc1,CO,391.0
11810,COC(=O)c1ccc(/C=C2\N=C(c3ccc([N+](=O)[O-])cc3)NC2=O)cc1,C1COCCO1,405.0
4010,CC1(C)c2ccccc2-c2cc3c4cc(-n5c6ccccc6c6ccccc65)ccc4n(-c4ccc(-c5nc(-c6ccccc6)nc(-c6ccccc6)n5)cc4)c3cc21,ClCCl,350.0
8603,COc1cc(/C=C/c2nc3ccccc3s2)c(OC)cc1/C=C/c1ccncc1,CN(C)C=O,416.0
4696,Oc1cc(N(c2ccccc2)c2ccccc2)ccc1-c1nc2c3ccc(-c4ccccc4)cc3c3cc(-c4ccccc4)ccc3c2[nH]1,CS(C)=O,399.0
6307,C(=C/c1ccc(N(c2ccccc2)c2ccccc2)cc1)\c1ccc(/C=C/c2ccc(N(c3ccccc3)c3ccccc3)cc2)cc1,C1CCOC1,406.0
1434,CC1(C)c2ccccc2N(c2ccc3nc4c5ccc(N6c7ccccc7C(C)(C)c7ccccc76)cc5c5cc(N6c7ccccc7C(C)(C)c7ccccc76)ccc5c4nc3c2)c2ccccc21,Cc1ccccc1,456.0
4829,F[B-]1(F)n2c(cc(Cl)c2-c2ccccc2)C(c2ccccc2)=C2C=C(Cl)C(c3ccccc3)=[N+]21,Cc1ccccc1,572.0
4205,O=C1NC(=O)c2c1c1c3ccccc3[nH]c1c1[nH]c3ccccc3c21,C1CCOC1,400.0
2337,C[N+]1=C(/C=C/C=C2/N(CCCc3ccccc3)c3ccccc3C2(C)C)C(C)(C)c2ccccc21,CS(C)=O,553.0
4344,COc1ccc(-c2sc3c(c2Br)=[N+]2C(=C(C(F)(F)F)c4cc5sc(-c6ccc(OC)cc6)c(Br)c5n4[B-]2(F)F)C=3)cc1,C1CCOC1,717.0
2215,CN(CC(O)c1cccc(O)c1)c1ccc([N+](=O)[O-])c(C2CC(c3cccc4ccccc34)=NN2c2ccccc2)c1,ClC(Cl)Cl,369.0
4705,Oc1cc(-c2ccco2)ccc1-c1nc2ccccc2s1,O,354.0
6778,Cc1cc(=O)c2ccc(N)cc2o1,CCCCO,329.0
5740,CCCCC1(c2ccccc2)Nc2c(-c3ccc(N(c4ccccc4)c4ccccc4)cc3)ccc(-c3ccc(N(c4ccccc4)c4ccccc4)cc3)c2N=C1c1ccccc1,ClC(Cl)Cl,370.0
8371,CC1=N/C(=C\c2ccc(C#N)c(N(C)C)c2)C(=O)N1C,C1CCOC1,368.0
5523,CSc1sc(C(C)=O)c2nn[nH]c(=O)c12,CCO,397.0
7890,CCCCN1/C(=C\C=C\C=C\C2=[N+](CCCC)c3ccc4ccccc4c3C2(C)C)C(C)(C)c2c1ccc1ccccc21,CN(C)C=O,686.0
3468,CCC1=C(C)C(=O)n2c1cc1c(C)cc(C)n1c2=O,CC(C)=O,412.0
11687,Cc1ccccc1N1c2sc3ccccc3c2Sc2sc3ccccc3c21,ClCCl,325.0
216,CCC1=C(C)C2=Cc3cc(I)c(I)n3[B-](F)(F)[N+]2=C1C,OCC(F)(F)F,520.0
8165,CCOC(=O)c1sc2nc(-c3ccc(OC)cc3)c(C)c(C#N)c2c1N,c1ccccc1,417.0
5350,C[N+](C)=c1ccc2c(-c3ccccc3C(=O)[O-])c3ccc4cc([O-])ccc4c3oc-2c1,O,573.0
2901,O=CC1=C(c2ccc(-c3cccs3)s2)CCC1,C1CCOC1,377.0
866,CCOc1cc2c(cc1/C=C/C1=CC(=C(C#N)C#N)CC(C)(C)C1)c1ccccc1n2CC,ClC(Cl)Cl,480.0
5106,CCCCCCN1C(=O)c2cccc3cc(/N=C\c4cn(C)c5ccccc45)cc(c23)C1=O,ClC(Cl)Cl,344.0
2879,CC1(C)CC(/C=C/c2cn(-c3ccccc3)nc2-c2ccccc2)=CC(=C(C#N)C#N)C1,C1COCCO1,418.0
6428,O=C1C2=C3c4ccsc4C=CN3C(=O)C2=C2c3ccsc3C=CN12,ClC(Cl)Cl,575.0
7303,CO[B-]1(OC)n2c(C)cc(C)c2C(c2ccc(I)cc2)=C2C(C)=CC(C)=[N+]21,ClC(Cl)Cl,505.0
4982,c1cc(-c2c3ccccc3c(-c3ccc4ccccc4c3)c3ccccc23)cc(-n2c3ccccc3c3ccccc32)c1,ClCCl,376.0
9863,CCCCCCc1ccc(-n2c3[n+](c4c5ccccc5c5ccccc5c42)[B-](C)(C)c2cc(N(c4ccccc4)c4ccccc4)ccc2-3)cc1,C1CCOC1,393.0
6275,O=P1(c2ccccc2)c2ccccc2-c2sc3ccccc3c21,CC#N,327.0
5653,CC1(C)Nc2ccccc2-c2[nH]c3ccccc3c(=O)c21,CS(C)=O,414.0
2628,CC(=O)c1c2c(cc3ccc(N(C)C)cc13)CCC2,C1COCCO1,376.0
11723,CC(C)[Si](C#Cc1c2nsnc2c(C#C[Si](C(C)C)(C(C)C)C(C)C)c2nc3c(nc12)C1c2ccccc2C3c2ccccc21)(C(C)C)C(C)C,CCCCCC,511.0
7308,CCOCCOCCOC(=O)/C=C/C1=CC2=C(c3c(C)cc(C)cc3C)c3cc(/C=C/C(=O)OCCOCCOCC)cn3[B-](F)(F)[N+]2=C1,ClCCl,577.0
3482,CCC1=C(C)C(=O)n2c1cc1c(CCC(=O)OC)c(C)c(C)n1c2=O,CS(C)=O,427.0
6273,COc1ccc2c3c([nH]c2c1)C(C)=NCC3,O,372.0
4773,COc1cc2c(cc1OC)C1=C[C@H](c3ccc(C)cc3)C3(C(C#N)=C(C#N)N1CC2)c1ccccc1-c1ccccc13,ClCCl,317.0
795,CCOC(=O)C1c2ccccc2C(=O)N1c1ccc(OC)cc1,CS(C)=O,300.0
10896,CCOC(=O)CC[N+]1=c2cc3c(cc2CCC1)=Cc1c(c2ccc(N(C)C)cc2oc1=O)O3,ClCCl,606.0
1421,CCCN1c2ccccc2Sc2cc(/C=C\c3cc(=O)oc4c(O)c(O)ccc34)ccc21,ClC(Cl)Cl,427.0
4191,O=C1C=C(Nc2cccc(F)c2F)C(=O)c2ccccc21,CO,439.0
9379,O=c1c2ccccc2nc2n1[B-](F)(F)[n+]1ccccc1-2,CC#N,334.0
8158,Cc1ccc(C2=C3C=CC(C#Cc4ccccc4)=[N+]3[B-](F)(F)n3c(C#Cc4ccccc4)ccc32)cc1,ClCCl,614.0
2588,COC1(OC)C2(Cl)c3nc4ccc(-c5cccs5)cc4nc3C1(Cl)C1C[C@@H]3[C@H](CC12)C1(Cl)c2nc4cc(-c5cccs5)ccc4nc2C3(Cl)C1(OC)OC,ClCCl,367.0
3761,CN(C)c1ccc(/C=C/c2cc[n+](CCCCC[n+]3ccc(/C=C/c4ccc(N(C)C)cc4)cc3)cc2)cc1,CN(C)C=O,478.0000478
6387,CCn1c(-c2ccc(-c3cccc4ccccc34)cc2)c(-c2ccc3ccccc3c2)c(-c2ccc3ccccc3c2)c1-c1ccc(-c2cccc3ccccc23)cc1,CCOC(C)=O,292.0
11329,CN(C)c1ccc(C#N)cc1,CC#N,291.773309
10834,CCCCCCCCCCCCOc1cc2cc(N(C)C)ccc2cc1C#N,ClCCl,368.0
6961,c1cc2ccc3ccc(-c4ccc(-c5nnc(-c6ccc(-c7nnc(-c8ccc(-c9ccc%10ccc%11cccc%12ccc9c%10c%11%12)s8)o7)cc6)o5)s4)c4ccc(c1)c2c34,CCO,333.0
4676,O=[N+]([O-])c1ccc([N+]2=Cc3ccc4c5c(ccc4c3O[B-]2(c2c(F)c(F)c(F)c(F)c2F)c2c(F)c(F)c(F)c(F)c2F)C=[N+](c2ccc([N+](=O)[O-])cc2)[B-](c2c(F)c(F)c(F)c(F)c2F)(c2c(F)c(F)c(F)c(F)c2F)O5)cc1,C1CCOC1,525.0
683,C[Si](C)(c1cccc2cc3ccccc3cc12)[Si](C)(C)c1cccc2cc3ccccc3cc12,C1CCCCC1,385.8221752
8242,COc1ccc(C2=C3C=c4c(oc5ccccc45)=[N+]3[B-](F)(F)n3c2cc2c4ccccc4oc23)cc1,CO,576.5
5385,COc1cc(N(c2ccccc2)c2ccc(C=C(C#N)C#N)c(OC)c2)ccc1C=C(C#N)C#N,ClCCl,479.0
3418,O=c1oc2ccccc2cc1-c1nc2ccccc2o1,CN(C)C=O,352.0
577,C[Si]1(C)c2ccc(-c3ccc(N(c4ccccc4)c4ccccc4)cc3)cc2C=Cc2cc(-c3ccc(N(c4ccccc4)c4ccccc4)cc3)ccc21,ClCCl,390.0
11269,N#Cc1ccc(N)cc1,CCCCCC,260.9860012
11009,CCOC(=O)/C=C/c1ccc(N(C)C)cc1,c1ccccc1,363.0
2608,CCN(CC)c1ccc(C=Cc2nc3nc4ccccc4nc3s2)cc1,CO,490.0
8658,CCCCN1C(=O)C2=C(c3ccc(-c4ccc5c(c4)C(C)(C)c4ccccc4-5)cc3)NC(=O)C2=C1c1ccc(-c2ccc3c(c2)C(C)(C)c2ccccc2-3)cc1,ClCCl,497.0
4387,CC1(C)c2ccccc2N(c2ccc(-c3nnc(-c4ccccc4O)o3)cc2)c2ccccc21,C1COCCO1,363.0
4345,COc1ccc(-c2sc3c(c2Br)=[N+]2C(=C(C(F)(F)F)c4cc5sc(-c6ccc(OC)cc6)c(Br)c5n4[B-]2(F)F)C=3)cc1,ClC(Cl)Cl,720.0
761,Cc1cccc(Nc2ccccc2C(=O)O)c1C,CO,345.0
3060,CNCCCC1c2ccccc2C=Cc2ccccc21,CC#N,293.0
1688,CN(C)c1ccc(C#Cc2ccc(-c3nc(C#N)c(C#N)n3C)cc2)cc1,CC#N,357.0
11350,OC1(c2ccc(-c3cccs3)s2)CCCC1,CCO,342.0
6782,Cc1cc(=O)c2ccc(N)cc2o1,CO,327.0
7217,COc1cc(OC)c(C2=C3C(C)=CC(C)=[N+]3[B-](F)(F)n3c(C)cc(C)c32)c(OC)c1,CO,503.0
4317,CN(C)c1ccc2c(c1)Cc1ccccc1-2,C1COCCO1,310.0
8139,CC1=CC(C)=[N+]2C1=Cc1c3ccccc3c(C#Cc3ccccc3)n1[B-]2(F)F,ClCCl,612.0
5692,CCCCC[n+]1ccc(/C=C/c2ccc(N(C)C)c3ccccc23)c2ccccc21,CCCCO,522.0
9857,CCN(CC)c1ccc2cc(-c3nc4ccccc4n3-c3ccccc3)c(=O)oc2c1,ClCCl,410.0
3975,c1ccc(-c2nc3c(ccc4[nH]ccc43)o2)cc1,C1CCCCC1,331.0
9975,COc1ccc(C(=O)NN2C3=C(CC4=C2CCCC4=O)C(=O)CCC3)cc1,CC(C)=O,366.0
11629,Cc1ccc(/C2=C3/N=C(C(c4ccccc4)=C3c3ccccc3)/C(c3ccc(C)cc3)=c3\[nH]/c(c(-c4ccccc4)c3-c3ccccc3)=C(/c3ccc(C)cc3)C3=N/C(=C(/c4ccc(C)cc4)c4[nH]c2c(-c2ccccc2)c4-c2ccccc2)C(c2ccccc2)=C3c2ccccc2)cc1,ClCCl,721.0
6253,CN(C)c1ccc(/C=C/c2ccccn2)cc1,CO,362.0
1595,N#CC(C#N)=C(/C=C/c1ccc(N(c2ccccc2)c2ccccc2)cc1)c1ccccc1,CC(C)=O,481.0
2927,CCc1ccc(-c2ccc(-c3nnc(-c4ccc(-c5nnc(-c6ccc(-c7ccc(CC)cc7)s6)o5)cc4)o3)s2)cc1,CCO,342.0
8644,CCN(CC)c1ccc(/C=C/c2cc(/C=C/c3ccc(N(CC)CC)cc3)nc(N)n2)cc1,ClC(Cl)Cl,433.0
9507,CCCCN1C(=O)C(=C/C=C/C=C/C=C2N(CCCC)c3ccccc3N2CCCC)C(=O)N(CCCC)C1=S,CCO,492.0
1740,c1ccc(-c2c3ccccc3c(-c3ncccn3)c3ccccc23)cc1,CCO,390.0
8413,N#Cc1cc(-n2c3ccccc3c3ccccc32)nc(-n2c3ccccc3c3ccccc32)n1,Cc1ccccc1,342.0
7658,CC(C)[Si](C#Cc1c2nsnc2c(C#C[Si](C(C)C)(C(C)C)C(C)C)c2nc3c(ccc4ccccc43)nc12)(C(C)C)C(C)C,CCCCCC,607.0
4048,CCCC(=O)c1c2c(c(C(=O)CCC)c3c1OC(CC(=O)OC)(C(=O)O)O3)OCO2,O,448.0
8274,CN(C)c1ccc(/C=C/C(=O)c2ccc(Cl)cc2)cc1,CC(C)=O,418.0
1041,N#Cc1ccc(N/N=C/c2cc([N+](=O)[O-])ccc2O)cc1,CO,336.0
5168,CCN1/C(=C\C2=C([O-])/C(=C/C3=[N+](CC)c4c(ccc5ccc(C)nc45)C3(C)C)C2=O)C(C)(C)c2ccc3ccc(C)nc3c21,C1CCOC1,681.0
2422,CCCCCCCCC1(CCCCCCCC)c2cc(C#Cc3ccc(N(c4ccccc4)c4ccccc4)cc3)ccc2-c2ccc(C=O)cc21,C1COCCO1,381.0
1655,CN(C)c1ccc(/C=C/c2cc[n+](CCCOCC(COCCC[n+]3ccc(/C=C/c4ccc(N(C)C)cc4)cc3)(COCCC[n+]3ccc(/C=C/c4ccc(N(C)C)cc4)cc3)COCCC[n+]3ccc(/C=C/c4ccc(N(C)C)cc4)cc3)cc2)cc1,CCCCCCCCO,485.0
173,CN(C)c1ccc2c(-c3ccc(N)cc3C(=O)[O-])c3ccc(=[N+](C)C)cc-3oc2c1,O,544.0
169,CN(C)c1ccc2c(-c3ccc(Br)cc3)c3ccc(=[N+](C)C)cc-3oc2c1,CCO,556.0
8733,C(#Cc1ccccc1)C(C#Cc1ccccc1)=Cc1ccc(C=C(C#Cc2ccccc2)C#Cc2ccccc2)cc1,ClC(Cl)Cl,416.0
2390,C(=C/c1ccc2ncnc(Nc3ccccc3)c2c1)\c1ccccc1,ClC(Cl)Cl,341.0
8039,CN(C)c1ccc(/C=C/c2nc3ccccc3s2)cc1,CCCCCCC,387.0
3724,CCCCCCCCCCCCN1C(=O)c2c(c3ccc4cc(-c5ccc(OC)cc5)c(OC)cc4c3c3c2ccc2cc(-c4ccc(OC)cc4)c(OC)cc23)C1=O,ClCCl,443.0
1272,CC(C)=NO,CCO,193.0
2995,c1ccc2c(-c3ccc(-c4nnc(-c5ccc(-c6nnc(-c7ccc(-c8cccc9ccccc89)s7)o6)cc5)o4)s3)cccc2c1,CCCCCCO,360.0
960,COc1ccc2c(c1)CCc1c-2nc(N)c(C#N)c1-c1ccc(Br)cc1,ClC(Cl)Cl,368.0
8796,O=C1/C(=C/C=C/c2cc3c4c(c2)CCCN4CCC3)CC/C1=C\C=C\c1cc2c3c(c1)CCCN3CCC2,OCC(F)(F)F,584.0
10853,COc1ccc(-c2cc(C)nc(-c3ccc(-n4c5ccccc5c5ccccc54)cc3)n2)cc1,C1CCOC1,339.0
8062,CC(C)c1ccc(/C=C/c2nc3ccc(N(C)C)cc3s2)cc1,CC#N,392.0
883,CCn1c2ccccc2c2cc(-c3cc(-c4ccc5c(c4)c4ccccc4n5CC)ncn3)ccc21,Cc1ccccc1,360.0
3616,CCCCCCC(CCCCCC)N1C(=O)c2cccc3c(-c4ccc(OC)c5cccc(C)c45)ccc(c23)C1=O,CCCCCC,326.6
8085,O=C1OC(c2ccccc2)=N/C1=C\c1ccc(N(c2ccccc2)c2ccccc2)cc1,CCOCC,466.5
799,CCOC(=O)C1c2ccccc2C(=O)N1c1ccccc1,CS(C)=O,286.0
9901,Cc1ccc(-c2cc(-c3ccc(N(C)C)cc3)c3c(N)nc(N4CCCC4)c(C#N)c3n2)cc1,CC#N,410.0
6805,CCCCCCOc1cc(/C=C/c2cc(OCCCCCC)c(/C=C/c3cc(OCCCCCC)c(C=C(C#N)C#N)cc3OCCCCCC)cc2OCCCCCC)c(OCCCCCC)cc1C=C(C#N)C#N,ClCCl,518.0
5282,COc1ccc(-n2c(C)ccc2C)cc1,CCCCCC,222.0
9177,COc1ccc(-c2nc3c(c4c2-c2ccc(C#N)cc2CC4)-c2ccc(C#N)cc2CC3)cc1,CC#N,329.0
8187,CN(C)c1cccc2c1C(=O)c1ccccc1C2=O,CCCCCC,487.5
11435,CCOC(=O)CN1C(=O)C2=C(c3ccc(C#N)cc3)N(CC(=O)OCC)C(=O)C2=C1c1ccccc1,CC#N,464.0
8536,CCn1c2ccccc2c2cc(/C=C/c3cc(/C=C/c4ccc5c(c4)c4ccccc4n5CC)ncn3)ccc21,Cc1ccccc1,397.0
4081,O=[N+]([O-])c1ccc(NCCN(Cc2c3ccccc3cc3ccccc23)c2ccc([N+](=O)[O-])cc2[N+](=O)[O-])c([N+](=O)[O-])c1,C1CCCCC1,355.0
6850,c1ccc(-n2c(-c3ccc(-c4ccc(-c5ccc(-c6nc7c8ccccc8c8ccccc8c7n6-c6ccccc6)cc5)cc4)cc3)nc3ccccc32)cc1,CCOC(C)=O,339.0
6817,Cc1ccccc1/C(C#N)=C/c1ccc(N(C)C)cc1,CN(C)C=O,382.0
3002,c1ccc(-n2c3ccccc3c3cc(-n4ccc5cc(-c6cccc7c6-c6ccccc6C7(c6ccccc6)c6ccccc6)ccc54)ccc32)cc1,ClCCl,325.0
3470,CCC1=C(C)C(=O)n2c1cc1c(C)cc(C)n1c2=O,CS(C)=O,420.0
3650,Cc1csc2[n+]1[B-](F)(F)OC(c1ccc(N(C)C)cc1)=N2,Cc1ccccc1,407.0
2534,O=S1(=O)C2=C(c3ccc(-c4ccc(N(c5ccccc5)c5ccccc5)cc4)cc31)C1(C3=C(c4ccccc41)S(=O)(=O)c1cc(-c4ccc(N(c5ccccc5)c5ccccc5)cc4)ccc13)c1ccccc12,C1CCOC1,431.0
1160,O=C(O)C1=CC(=C/C=[N+]2/c3cc(O)c(C[C@@H]4O[C@H](CO)[C@@H](O)C(O)[C@H]4O)cc3C[C@H]2C(=O)O)C=C(C(=O)O)N1,CO,467.0
3842,COc1cc(N(CC(=O)[O-])CC(=O)[O-])c2nc(COc3cc(C)ccc3N(CC(=O)[O-])CC(=O)[O-])ccc2c1,O,356.0
9482,C1=C(c2ccccc2)C=C(c2ccccc2)/C1=C/c1ccc2ccc3cccc4ccc1c2c34,C1CCOC1,422.0
4347,Cc1cccc(C)c1/C=C/c1nc(N2CCOCC2)c2c([n+]1[O-])CCCC2,ClCCl,384.0
9293,Fc1nc(F)c(F)c(C#Cc2ccccc2C#Cc2c(F)c(F)nc(F)c2F)c1F,CC#N,300.0
6657,OCC1O[C@@H](Cc2cc(O)cc(/C=C/c3ccc(O)c(O)c3)c2)[C@H](O)[C@@H](O)[C@@H]1O,Cc1ccccc1,312.0
7760,COc1ccc(C#Cc2ccc(C#Cc3ccc(C#Cc4ccccc4C#N)cc3C#N)cc2C#N)cc1,ClC(Cl)Cl,371.0
586,CCCN1C(=O)c2c3c(c4c(c2C1=O)CCc1cc(-c2ccc(N(C)C)cc2)c(OC)cc1-4)-c1cc(OC)c(-c2ccc(N(C)C)cc2)cc1CC3,CCOC(C)=O,407.0
3529,O=C1Nc2ccccc2/C1=C/C(=O)c1ccc(Cl)cc1,C1COCCO1,335.0
4847,Cc1cc(-c2nc(-c3ccccc3)nc(-c3ccccc3)n2)ccc1N1c2ccccc2C2(c3ccccc3-c3ccccc32)c2ccccc21,Cc1ccccc1,394.1941075
2993,c1ccc2c(-c3ccc(-c4nnc(-c5ccc(-c6nnc(-c7ccc(-c8cccc9ccccc89)s7)o6)cc5)o4)s3)cccc2c1,CCCCCCCCCCO,362.0
6249,CN1C(C(=O)Nc2ccccn2)=C(O)c2ccccc2S1(=O)=O,CCOC(C)=O,324.0
1732,COc1cccc(-n2c(-c3ccc(F)cc3)nc(C)c2C)c1,CCO,290.0
9522,Oc1c(-c2nc3c4ccccc4c4ccccc4c3[nH]2)cc2c3c1CCCN3CCC2,Cc1ccccc1,369.0
7738,O=C(/C=C/c1cn(-c2ccccc2)nc1-c1ccccc1)c1c(O)c2ccccc2oc1=O,ClCCl,404.0
11240,COc1cc(C(=O)O)ccc1O,CCOC(C)=O,290.5
2457,COc1ccc(-c2nc(N)nc(C#N)c2C#N)cc1OC,CC(C)=O,348.0
1147,C(=C/c1cccc2ccccc12)\c1ccc(-c2nnc(-c3ccc(-c4cc5ccccc5s4)cc3)o2)cc1,CCCCCO,356.0
11418,Cc1cc(-c2ccc(-n3c4ccccc4c4ccccc43)cc2)nc(-c2ccc(-c3ccccc3)cc2)n1,Cc1ccccc1,341.0
1608,CCOC(=O)c1ccccc1-c1c2ccc(=[N+](CC)CC)cc-2oc2c1c(=O)oc1c3c4c(cc12)CCCN4CCC3,CCO,616.0
6220,O=C1C=C(Nc2ccccc2)CCC1,CN(C)C=O,306.0
10274,CCN1c2ccc(/C=C(\C#N)c3ccccc3)cc2Sc2cc(/C=C(\C#N)c3ccccc3)ccc21,CS(C)=O,441.0
10039,Cn1c(=O)c(/N=N/c2ccc(/N=N/c3ccc(S(=O)(=O)O)cc3)cc2)c(O)c2ccccc21,CO,452.0
2910,O=C1c2ccccc2-c2c(-c3ccc([N+](=O)[O-])cc3)c(-c3ccc([N+](=O)[O-])cc3)c(-c3ccccc3)c3cccc1c23,CC#N,396.0
8394,C/C=C/C=C/C1=N/C(=C\c2ccc([O-])cc2)C(=O)N1C,O,482.0
4404,COc1ccc(C#Cc2ccc(-c3nn[nH]n3)cc2)cc1OC,CC#N,315.0
9934,COc1ccc(-c2cc(-c3ccc(C)cc3)nc3c(C#N)c(N4CCCC4)nc(N)c23)cc1,ClCCl,422.0
3088,CCCCCCCCCc1c2ccccc2cc2c1oc1c3c(c4ccccc4c12)-c1c(c2oc4cc5ccccc5cc4c2c2ccccc12)OCO3,C1CCOC1,397.0
1373,CCCN1/C(=C/C=C(/C=C/C2=[N+](CCC)c3ccccc3C2(C)C)c2ccc([N+](=O)[O-])cc2)C(C)(C)c2ccccc21,O,635.0
6223,O=C1C=C(Nc2ccccc2)CCC1,ClC(Cl)(Cl)Cl,299.0
2619,CC(=O)c1c2c(cc3cc(N(C)C)ccc13)CCC2,C1COCCO1,370.0
2455,COc1ccc(-c2nc(N)nc(C#N)c2C#N)cc1OC,C1COCCO1,347.0
10490,CC(C)(C)c1ccc(-c2nnc(-c3ccc4ccc5cccc6ccc3c4c56)o2)cc1,CC#N,390.0
10021,COc1ccc2cc(C3=[N+]4C(=Nc5c(-c6ccccc6)cc(-c6ccc7cc(OC)ccc7c6)n5[B-]4(F)F)C(c4ccccc4)=C3Br)ccc2c1,ClCCl,695.0
6050,CCCCCCC(CCCCCC)N1C(=O)c2cccc3c(-c4ccc(C#N)cc4)ccc(c23)C1=O,Cc1ccccc1,364.6
1498,O=C1OC(c2ccccc2)=N/C1=C\c1ccc(N(c2ccc(/C=C3\N=C(c4ccccc4)OC3=O)cc2)c2ccc(/C=C3/N=C(c4ccccc4)OC3=O)cc2)cc1,CCCCCC,491.0
103,Cc1cc(O)c(C(=O)/C=C/c2ccccc2O)c(=O)o1,CC#N,359.0
9174,COc1ccc(C2=C(c3ccc(OC)cc3)C(c3ccccc3)=[N+]3C2=Nc2c(-c4ccc(OC)cc4)c(-c4ccc(OC)cc4)c(-c4ccccc4)n2[B-]3(F)F)cc1,Cc1ccccc1,654.0
7769,CN(C)c1ccc(C#Cc2ccc(C#Cc3ccc(C#Cc4ccccc4C#N)cc3C#N)cc2C#N)cc1,ClC(Cl)Cl,425.0
2474,CN(C)c1ccc(/C=C/C=C2\CC/C(=C\C=C\c3ccc(N(C)C)cc3)C2=O)cc1,CCCCCC,478.0
5441,CCCC1=Cc2nc1ccc1[nH]c(cc1CCC)c1nc(c(NC(=O)CCCC(=O)OC)cc3[nH]c2cc3CCC)C(CCC)=C1,Cc1ccccc1,634.0
4879,CCN(CC)c1ccc2cc(/C(Cl)=C/C=C/C(=C(C#N)C#N)c3ccc4c(c3)c3ccccc3n4CC)c(=O)oc2c1,CS(C)=O,538.0
3544,O=C1Nc2ccccc2/C1=C/C(=O)c1ccc(Cl)cc1Cl,CC(C)O,339.0
5952,C(#Cc1cccc(C#Cc2ccc(-n3c4ccccc4c4ccccc43)cc2)c1)c1ccc(-n2c3ccccc3c3ccccc32)cc1,ClC(Cl)Cl,338.0
5186,CN(C)c1ccc(/C=C/c2cnc3ccccc3n2)cc1,ClCCl,427.0
4148,Cc1ccc(-c2ccc(-c3ccc(-c4ccc(C)cc4)cc3/C(=C(/c3ccccc3)c3cc(-c4ccc(C)cc4)ccc3-c3ccc(-c4ccc(C)cc4)cc3)c3ccccc3)cc2)cc1,C1CCOC1,295.0
10922,CC(=O)c1nc(-c2ccc(C)cc2)oc1C,CCCCCC,272.0
4587,CCOC(=O)c1ccccc1-c1c2ccc(=O)cc-2oc2cc(OC(=O)[C@H](CO[Si](C)(C)C(C)(C)C)NC(=O)OC(C)(C)C)ccc12,CC#N,445.0
8911,COC(=O)c1cc(=O)n(C)c2cc(-c3ccccc3N(C)C)sc12,CC#N,402.0
5009,CCN(CC)c1ccc2nc3c4ccccc4c(=O)cc-3oc2c1,CCOC(C)=O,524.0
291,F[B-]1(F)n2cccc2C=C2C=CC=[N+]21,CC(C)=O,497.5
7801,CN(C)c1ccc2nc(-c3ccc(C(=O)OC[C@H](NC(=O)OC(C)(C)C)C(=O)OCc4ccccc4)cc3)sc2c1,c1ccccc1,397.0
3773,N#CC(C#N)=C(/C=C/c1cn(-c2ccccc2)nc1-c1ccc([N+](=O)[O-])cc1)c1ccccc1,CS(C)=O,402.0
10751,Cc1ccc2ccccc2c1,C1CCCCC1,303.7667072
8216,CCCCNc1ccc(NCCCC)c2c1C(=O)c1ccccc1C2=O,CS(C)=O,645.0
4077,O=C1OCC2=C1C(c1ccccc1)c1cc3c(cc1N2CCO)CCC3,ClCCl,321.0
4864,Cc1cnc(NC(=O)C2=C(O)c3ccccc3S(=O)(=O)N2C)s1,CO,346.0
4536,COc1cccc(C2=C(c3ccc(C(C)(C)C)cc3)C(c3ccc(C(C)(C)C)cc3)=[N+]3C2=C(c2ccccc2)c2c(-c4cccc(OC)c4)c(-c4ccc(C(C)(C)C)cc4)c(-c4ccc(C(C)(C)C)cc4)n2[B-]3(F)F)c1,Cc1ccccc1,593.0
5478,CN(C)c1ccc(/C=C/c2cc[n+](Cc3cc(C[n+]4ccc(/C=C/c5ccc(N(C)C)cc5)cc4)cc(C[n+]4ccc(/C=C/c5ccc(N(C)C)cc5)cc4)c3)cc2)cc1,CC(C)O,490.0
11674,c1ccc(-p2c3ccccc3c3sc4ccccc4c32)cc1,C1CCCCC1,319.0
6578,C[Si](C)(C)[Si](c1ccc(-c2ccc(-c3ccc(-c4ccc([Si]([Si](C)(C)C)([Si](C)(C)C)[Si](C)(C)C)s4)s3)s2)s1)([Si](C)(C)C)[Si](C)(C)C,ClCCl,417.0
3187,COc1ccc(-c2ccc(-c3cc(-c4ccccn4)nc(-c4ccccn4)c3)cc2)cc1,ClCCl,298.0
7936,CCOc1ccc2c(-c3nc(-c4ccccc4)no3)cc(=O)oc2c1,ClC(Cl)Cl,392.0
5589,CCCn1c(=O)c(/C=C/c2nc3ccc(C)cc3n(CCC)c2=O)nc2ccc(C)cc21,CC#N,431.0
4245,N#Cc1ccc(-c2pc3ccccc3s2)cc1,CC#N,340.0
7637,COC(=O)c1c2ccccc2nc2ccccc12,OCCO,361.0
2318,CC(C)(C)c1ccc2oc(-c3ccc(-c4nc5cc(C(C)(C)C)ccc5o4)s3)nc2c1,CC#N,371.0
4403,COc1ccc(C#Cc2ccc(-c3nn[nH]n3)cc2)cc1OC,C1COCCO1,321.0
7307,COc1ccc(C2=C3C(C)=CC(C)=[N+]3[B-](F)(F)n3c(C)cc(C)c32)cc1,Cc1ccccc1,504.0
578,Cc1cc2c3ccccc3oc2c2[nH]c3ccccc3c12,ClCCl,314.0
2357,CCC12C(=C3C(=C4c5ccc(-c6ccc(C)s6)cc5S(=O)(=O)C41CC)C(F)(F)C(F)(F)C3(F)F)c1ccc(-c3ccc(C)s3)cc1S2(=O)=O,CS(C)=O,525.3687316
4649,CCC1=C(C)C2=C(c3cc(C(=O)Cl)cc(C4=C5C(C)=C(CC)C(C)=[N+]5[B-](F)(F)n5c(C)c(CC)c(C)c54)c3)c3c(C)c(CC)c(C)n3[B-](F)(F)[N+]2=C1C,C1CCOC1,530.0
4376,COc1cccc2cc(-c3ccc([N+](=O)[O-])cc3)c(=N)oc12,ClC(Cl)Cl,332.0
3800,CC1=[N+]2C(=C(c3ccc(N4CCCCC4)cc3)c3ccc(C)n3[B-]2(F)F)C=C1,CCCCCC,506.0
5098,F[B-]1(F)n2c(-c3ccccc3)cnc2-c2cccc[n+]21,CO,382.0
5419,N#CC(C#N)=C(/C=C/c1cc2c3c(c1)CCCN3CCC2)c1ccc2c3c(cccc13)CC2,CN(C)C=O,550.0
9390,CCN(CC)c1ccc2cc(/C=C(\C#N)c3nc4ccccc4s3)c(=O)oc2c1,CCO,511.0
8071,CN(C)c1ccc2c3c(ccc2c1)C(=O)CCC3,CS(C)=O,363.0
5099,F[B-]1(F)n2c(-c3ccccc3)cnc2-c2cccc[n+]21,ClC(Cl)Cl,369.0
6911,CNc1cccc2c1C(=O)c1ccccc1-2,c1ccccc1,445.0
3068,CC(=O)c1ccc(-c2ccc3c(c2)C(=O)c2cc(-c4ccc(C(C)=O)cc4)ccc2-3)cc1,C1CCOC1,343.0
9784,[O-]c1c(-c2ccccc2)cc(-[n+]2c(-c3ccccc3)cc(-c3ccccc3)cc2-c2ccccc2)cc1-c1ccccc1,CCCCCCCCCO,598.1380753
7379,Cc1ccc(C2=C3C=C(I)C=[N+]3[B-](F)(F)n3cccc32)cc1,C1CCCCC1,523.5
621,Cc1cc(C)c(C2=[N+]3C(=Cc4c(C)cc(C)n4[B-]3(F)F)c3ccccc32)[nH]1,ClCCl,609.0
1971,N#Cc1ccc(C#Cc2ncc(-c3ccccc3)o2)cc1,ClCCl,345.0
6152,Cc1c(COC(=O)c2ccc(I)cc2)n2c(OCC(=O)c3ccc(I)cc3)c(C)c(=O)n2c1=O,CCO,387.0
8912,COC(=O)c1cc(=O)n(C)c2cc(-c3ccccc3N(C)C)sc12,ClCCl,406.0
9713,COc1ccc(C2=C3C(C)=CC(C)=[N+]3[B-](F)(F)n3c(/C=C/c4ccc(N(C)C)cc4)cc(C)c32)cc1,C1CCCCC1,597.0
1697,CN(C)c1ccc2nc(-c3ccc(C(=O)Nc4ccccc4)cc3)sc2c1,c1ccccc1,392.0
5339,CCCCCCCCCCCCOc1cc(/C=C/c2ccc3c(c2)C(CC)(CC)c2cc(N4c5ccccc5Sc5ccccc54)ccc2-3)c(OCCCCCCCCCCCC)cc1/C=C/c1ccc2c(c1)C(CC)(CC)c1cc(N3c4ccccc4Sc4ccccc43)ccc1-2,CC#N,436.7241379
3942,CN(c1ccccc1)c1ccc(/C=C2\C(=O)c3ccccc3S2(=O)=O)cc1,CC(C)=O,470.0
4743,C=CCOc1nnc(OCCC(F)(F)C(F)(F)C(F)(F)C(F)(F)C(F)(F)C(F)(F)F)nn1,OCC(F)(F)F,512.0
265,CC1=C(C(C)(C)C)C(C)=[N+]2C1=C(C)c1c(C)c(C(C)(C)C)c(C)n1[B-]2(F)F,CCCCOC(C)=O,524.3
6950,CCN(CC)c1ccc2cc(/C=C/C(=O)c3cc4ccc(N(CC)CC)cc4oc3=O)c(=O)oc2c1,CS(C)=O,500.0
2753,Cc1cc(C(F)(F)F)nc2c1ccc1nc(-c3ccc(F)c(F)c3)cn12,CCOC(C)=O,364.5
4035,FC(F)(F)C(F)(F)C(F)(F)C1=NC2=C(c3ccc4ccc5cccc6ccc3c4c56)C=C3c4cc(-c5ccc6ccc7cccc8ccc5c6c78)c5nc(C(F)(F)C(F)(F)C(F)(F)F)nc6c(-c7ccc8ccc9cccc%10ccc7c8c9%10)cc(c4c56)=C4C=C(c5ccc6ccc7cccc8ccc5c6c78)C(=N1)C2C34,Cc1ccccc1,560.0
2540,N#CC(C#N)=C(c1cccc(N(c2ccccc2)c2ccccc2)c1)c1cccc(N(c2ccccc2)c2ccccc2)c1,C1CCCCC1,367.6948052
1285,Cc1ccc2cc3c(=O)n(C)c(=O)n(C)c3nc2c1,ClCCl,355.0
8376,CC1=N/C(=C\c2ccc(N(C)C)cc2)C(=O)N1C,CC#N,422.0
4606,CCCC1(CCC)c2cc(C=C(C#Cc3ccccc3)C#Cc3ccccc3)ccc2-c2ccc(C=C(C#Cc3ccccc3)C#Cc3ccccc3)cc21,ClC(Cl)Cl,422.0
10025,O=C1c2cc3ccccc3cc2C2=Nc3ccc4ccccc4[n+]3[B-](F)(F)N12,ClCCl,419.0
3728,CCCCCCCCCCCCN1C(=O)c2c(c3ccc4cc(-c5ccc(C)cc5)c(OC)cc4c3c3c2ccc2cc(-c4ccc(C)cc4)c(OC)cc23)C1=O,ClCCl,436.0
3251,CCCCC1=Cc2c3ccc4cccc5ccc(c6cc(-c7ccc(N(c8ccccc8)c8ccccc8)cc7)n(c26)P1(=O)c1ccccc1)c3c45,CO,428.0
3100,COCCOCCOCCOc1ccc(/C=C/C2=[N+]3C(=C(c4cc(OC)cc(OC)c4)c4c(C)c(I)c(/C=C/c5ccc(OCCOCCOCCOC)cc5)n4[B-]3(F)F)C(C)=C2I)cc1,ClCCl,664.0
2108,Fc1ccc(N(c2ccc(F)cc2)c2ccc3c4cccc5c(N(c6ccc(F)cc6)c6ccc(F)cc6)ccc(c6cccc2c63)c54)cc1,C1CCOC1,488.0
11389,Fc1c(F)c(F)c2c(c1F)C1=Nc3c4c(F)c(F)c(F)c(F)c4c4n3[B-]3(Cl)n5c(c6c(F)c(F)c(F)c(F)c6c5=N4)=NC2=[N+]13,CC#N,570.0
10694,CCCCn1c(=O)c2cc3ccc4cccc5ccc(c2c1=O)c3c45,ClC(Cl)Cl,427.0
1396,Cc1cc2ccc(-c3cccc4cccc(-c5ccc6cc(C)c(=O)oc6c5)c34)cc2oc1=O,CN(C)C=O,326.0
259,CC1=C(C(C)(C)C)C(C)=[N+]2C1=C(C)c1c(C)c(C(C)(C)C)c(C)n1[B-]2(F)F,CC(C)=O,522.5
2254,C1=C(c2ccc(-c3cccs3)s2)CCCC1,CCCCCC,341.0
1718,O=C(O)c1ccc(-c2cnc(-c3ccc(N(c4ccccc4)c4ccccc4)cc3)s2)cc1,CO,387.0
2389,CC1(C)c2ccccc2N(c2cc3c4ccccc4n4c5ccccc5c(c2)c34)c2ccccc21,C1CCOC1,368.0
1803,CC(C)(C)c1ccc(-c2nc3c4ccccc4c4ccccc4c3n2-c2ccc(C(C)(C)C)cc2)cc1,CCCCCC,315.0
756,O=C(O)c1ccccc1Nc1ccccc1,C1COCCO1,353.0
10243,COc1cc2c(cc1/C=C(\C#N)c1nc3ccccc3s1)c1ccccc1n2C,Cc1ccccc1,431.0
10796,Cc1cccc2ccccc12,C1CCCCC1,293.9447384
7042,CCC1(CC)c2ccccc2-c2c1c1c(c3c2C(CC)(CC)c2cc(B(c4c(C)cc(C)cc4C)c4c(C)cc(C)cc4C)ccc2-3)C(CC)(CC)c2cc(B(c3c(C)cc(C)cc3C)c3c(C)cc(C)cc3C)ccc2-1,ClC(Cl)Cl,362.0
10232,CCOC(=O)COc1ccc(C(c2c(C)[nH]c3ccccc23)c2c(C)[nH]c3ccccc23)cc1OC,CC#N,290.0
4099,COC(=O)C(Cc1ccc2oc(-c3ccc(-n4c5ccccc5c5ccccc54)cc3)nc2c1)NC(=O)OC(C)(C)C,CC(C)=O,340.7038942
6029,CCn1c(-c2ccc(-c3ccc(-c4ccc(-c5n(CC)c6ccccc6[n+]5CC)cc4)c(C)c3)cc2)[n+](CC)c2ccccc21,O,290.0
7095,COC(=O)C(Cc1ccc2oc(-c3ccc(Nc4ccccc4)cc3)nc2c1)NC(=O)OC(C)(C)C,CCOC(C)=O,346.5964231
8263,O=Cc1ccc(C2=C3C=c4c(oc5ccccc45)=[N+]3[B-](F)(F)n3c2cc2c4ccccc4oc23)cc1,CCOC(C)=O,587.0
6720,c1ccc(-c2nc(-c3ccc(-c4nc(-c5ccccc5)c(-c5ccccc5)o4)cc3)oc2-c2ccccc2)cc1,C1COCCO1,358.0
694,N#Cc1ccc(-c2ccc3c(c2)c2cc(-c4ccc(C#N)cc4)ccc2c2c3nc(-c3ccc(-c4ccc(N(c5ccccc5)c5ccccc5)cc4)cc3)n2-c2ccccc2)cc1,CC#N,360.4395604
10032,O=C1CCCC2=C1C(c1cccc(Cl)c1)c1c(c3ccccc3oc1=O)N2,CS(C)=O,373.0
2517,O=Cc1ccc(Oc2ccc3c4c(cccc24)C(=O)N(CCO)C3=O)cc1,ClC(Cl)Cl,355.0
5125,CN(C)c1ccc(C2=[N+]3C(=Nc4c(-c5ccc(O)cc5)cc(-c5ccc(N(C)C)cc5)n4[B-]3(F)F)C(c3ccc(O)cc3)=C2)cc1,C1CCOC1,775.0
3399,O=C1/C(=C\c2ccc3oc4ccccc4c3c2)S(=O)(=O)c2ccccc21,ClC(Cl)Cl,378.0
2655,[O-][n+]1c(-c2ccccc2)cc(N2CCOCC2)nc1/C=C/c1ccccc1,ClCCl,445.0
3101,Cc1ccc(C2=C3C=CC(/C=C/c4ccccc4)=[N+]3[B-](F)(F)n3c(/C=C/c4ccccc4)ccc32)cc1,C1CCCCC1,630.0
5697,CCCCC[n+]1ccc(/C=C/c2ccc(N(C)C)c3ccccc23)c2ccccc21,ClC(Cl)Cl,522.0
4353,[O-][n+]1c(/C=C/c2ccccc2)nc(N2CCOCC2)c2c1CCCC2,ClCCl,400.0
8083,O=C1OC(c2ccccc2)=N/C1=C\c1ccc(N(c2ccccc2)c2ccccc2)cc1,CCCCOCCCC,469.0
2760,CC1=[N+]2C(=C(Oc3ccc4c(c3)CC[C@@H]3[C@@H]4CC[C@]4(C)C(=O)CC[C@@H]34)c3ccc(C)n3[B-]2(F)F)C=C1c1cc2n(c1)[B-](F)(F)[N+]1=CC=CC1=C2c1c(C)cc(C)cc1C,CCOC(C)=O,574.0
7317,COc1ccc(C2=C3C=CC(C)=[N+]3[B-](F)(F)n3c(C)ccc32)cc1,CO,506.0
9596,CC(C)(C)c1ccc(-n2c(-c3ccc(-c4ccc(-c5c(-c6ccccc6)nc6ccccn56)cc4)cc3)nc3c4ccccc4c4ccccc4c32)cc1,ClCCl,364.0
4098,COC(=O)C(Cc1ccc2oc(-c3ccc(-n4c5ccccc5c5ccccc54)cc3)nc2c1)NC(=O)OC(C)(C)C,CC(C)(C)O,341.7985439
7646,O=C(O)c1c2ccccc2nc2ccccc12,ClC(Cl)Cl,362.0
10933,COc1ccc(-c2nc(C(C)=O)c(C)o2)cc1,CC#N,278.0
10046,CC1(C)c2ccccc2-c2ccc(N(c3ccccc3)c3ccc4c(c3)C(C)(C)c3cc(-c5cc6ccccc6c6c5oc5ccccc56)ccc3-4)cc21,C1CCOC1,382.0
6502,c1ccc2c(-n3cnc4ccccc43)cccc2c1,CCO,284.0
3955,CCCCc1cc(C(=O)CCC)c2ccc3c(CCCC)cc(N4CCCCC4)c4ccc1c2c34,CN(C)C=O,406.0
9388,CCN(CC)c1ccc2cc(/C=C(\C#N)c3nc4ccccc4s3)c(=O)oc2c1,C1COCCO1,498.0
5128,CN(C)c1ccc(C2=[N+]3C(=Nc4c(-c5ccc(OCCCCS(=O)(=O)[O-])cc5)cc(-c5ccc(N(C)C)cc5)n4[B-]3(F)F)C(c3ccc(OCCCCS(=O)(=O)[O-])cc3)=C2)cc1,CS(C)=O,786.0
3819,O=C1c2ccccc2-c2ccc(Nc3nc(Cl)nc(Cl)n3)c3cccc1c23,CC(C)O,411.8616145
1237,COc1ccc2cc(C#Cc3ccc([N+](=O)[O-])cc3)ccc2c1,ClCCl,356.0
5614,COc1ccc2c(=O)c3c([nH]c2c1)-c1ccccc1NC3(C)C,CS(C)=O,424.0
5576,c1ccc(-n2c(-c3ccc([Si](c4ccc(-c5nc6ccccc6n5-c5ccccc5)cc4)(c4ccc(-c5nc6ccccc6n5-c5ccccc5)cc4)c4ccc(-c5nc6ccccc6n5-c5ccccc5)cc4)cc3)nc3ccccc32)cc1,ClCCl,306.0
2613,CC(=O)c1c2c(cc3c(N(C)C)cccc13)CCC2,CS(C)=O,334.0
7879,CCCCN1/C(=C\C=C\C=C\C2=[N+](CCCC)c3ccc4cc(Br)ccc4c3C2(C)C)C(C)(C)c2c1ccc1cc(Br)ccc21,CC#N,682.0
8674,Cc1ccc([C@@H]2C[C@](O)(c3ccccn3)C[C@](O)(c3ccccn3)[C@H]2C(=O)c2ccc(N(c3ccccc3)c3ccccc3)cc2)cc1,CC#N,364.0
8048,C(=C/c1nc2ccccc2s1)\c1ccccc1,CO,340.0
6795,N#Cc1coc2ccccc2c1=O,CS(C)=O,360.0
1783,Cc1ccc(-c2c3nc(c(-c4ccc(C)cc4)c4ccc([nH]4)c(-c4ccc(C)cc4)c4nc(c(-c5ccc(C)cc5)c5ccc2[nH]5)C=C4N2CCOCC2)C=C3)cc1,CS(C)=O,653.0
4714,F[B-]1(F)OC(c2ccccc2)=Cc2c3ccccc3c3ccccc3[n+]21,ClC(Cl)Cl,432.0
6636,CCCCC(CC)Cn1c2cc(-c3ccc(N(c4ccccc4)c4ccccc4)cc3)c(C#N)cc2c2cc(C#N)c(-c3ccc(N(c4ccccc4)c4ccccc4)cc3)cc21,ClCCl,369.0
10124,COc1cc(/C=C/C2=CC(/C=C/c3ccc(O)c(OC)c3)=[O+][B-](F)(F)O2)ccc1O,ClC(Cl)Cl,497.0
1904,CN(C)c1ccc(/C=C/C=C/c2nc3ccccc3o2)cc1,ClC(Cl)(Cl)Cl,406.0
11333,COc1ccc(-n2c3ccccc3c3cc(/C=C/C(=C(C#N)C#N)c4ccccc4)ccc32)cc1,C1CCOC1,448.0
11355,CCCCN(CCCC)c1ccc(/C=C/c2ccc3nc(-c4ccccc4)c(/C=C/c4ccc(N(C)C)cc4)nc3c2)cc1,CC#N,462.0
3910,COC(=O)/C(C#N)=C/c1cn(-c2ccccc2)nc1-c1ccc([N+](=O)[O-])cc1,CN(C)C=O,330.0
4746,CN(C)CCN(Cc1c2ccccc2cc2ccccc12)c1ccc([N+](=O)[O-])cc1,C1CCCCC1,390.0
3621,CCCCCCC(CCCCCC)N1C(=O)c2cccc3c(-c4ccc(OC)c5ccccc45)ccc(c23)C1=O,CCCCCC,322.6
9606,CCC1=C(C)C2=C(c3c(C)cc(C)nc3-c3cccs3)c3c(C)c(CC)c(C)n3[B-](F)(F)[N+]2=C1C,CC#N,530.0
9473,CC(C)(C)NC(=O)c1cccc2ccc3c4ccccc4c4ccccc4c3c12,ClCCl,332.0
1061,O=c1c2cc3[nH]c4c(S(=O)(=O)O)cc(S(=O)(=O)O)cc4c(=O)c3cc2[nH]c2c(S(=O)(=O)O)cc(S(=O)(=O)O)cc12,O,517.0
5751,N#Cc1cc(N2c3ccccc3Oc3ccccc32)cc(N2c3ccccc3Oc3ccccc32)c1,Cc1ccccc1,340.0
7590,N#C/C(=C\c1cn(-c2ccccc2)nc1-c1ccc([N+](=O)[O-])cc1)c1nc2ccccc2s1,C1COCCO1,379.0
1254,CC/C=C\C=C\C=C\C=C/CCCCCCCC(=O)O,C1COCCO1,322.7
952,COc1ccc2c(c1)CCc1c-2nc(N)c(C#N)c1-c1ccc(Br)cc1,C1CCOC1,362.0
1602,N#CC(C#N)=C(/C=C/c1ccc(N(c2ccccc2)c2ccccc2)cc1)c1ccccc1,ClCCl,481.0
9307,O=C(O)Cn1c2ccccc2c(=O)c2ccccc21,O,409.0
3694,CC(C)[Si]1(C(C)C)c2ccccc2-c2ccc(N(C)C)cc21,CCO,319.0
1118,COc1c2ccccc2c(OC)c2c1c1ccc(F)cc1n2C,C1CCCCC1,395.0
7234,CC1=[N+]2C(=C(c3ccc(N(C)C)cc3)c3ccc(C)n3[B-]2(F)F)C=C1,ClC(Cl)Cl,509.0
9309,CC(=O)Nc1ccc2c(c1)c(=O)c1ccccc1n2CCCCCC(=O)O,O,398.0
9008,COc1ccc2c(c1)CCC1=C(C#Cc3ccccc3)O[B-](F)(F)[O+]=C12,ClCCl,443.0
8861,O=c1cc(COc2ccc(I)cc2)c2c(ccc3ccccc32)o1,CC#N,348.0
5566,c1ccc(Nc2nc(Nc3ccccc3)nc(Nc3ccc4c5cccc6cccc(c7cccc3c74)c65)n2)cc1,C1COCCO1,444.0
11434,CCOC(=O)CN1C(=O)C2=C(c3ccc(C#N)cc3)N(CC(=O)OCC)C(=O)C2=C1c1ccc(C#N)cc1,Cc1ccccc1,482.0
6486,COC(=O)C(Cc1ccc2oc(-c3ccncc3)nc2c1)NC(=O)OC(C)(C)C,CO,306.0764588
1562,COc1ccc(/C=C/C=C/C=C/c2ccc([N+](=O)[O-])cc2)cc1,ClCCl,420.0
4874,Cc1cnc(NC(=O)C2=C(O)c3ccccc3S(=O)(=O)N2C)s1,CCO,349.0
4115,N#C/C(=C\c1cc(/C=C(\C#N)c2ccc(C(F)(F)F)cc2)c(-c2ccc(N(c3ccccc3)c3ccccc3)cc2)cc1-c1ccc(N(c2ccccc2)c2ccccc2)cc1)c1ccc(C(F)(F)F)cc1,CCCCCC,402.0
8520,CC(C)CCCCN1CCc2c1ccc1c3c(ccc21)C(=O)CCC3,CC(C)O,376.0
10401,CCOC(=O)c1c2c3c(ccc(C)c3c3cc4c(cc13)[Si](C)(C)O[Si]4(C)C)N(C)C2=O,CC#N,380.0
9917,Cc1ccc(-c2cc(-c3ccccc3Cl)c3c(N)nc(N4CCCC4)c(C#N)c3n2)cc1,CC(C)O,414.0
2391,COc1ccc(/C=C/c2ccc3ncnc(Nc4ccccc4)c3c2)cc1,ClC(Cl)Cl,347.0
8431,CC(C)(C)c1ccc2c(c1)c1cc(C(C)(C)C)ccc1n2-c1ccccc1-c1nc(-c2ccccc2P(=O)(c2ccccc2)c2ccccc2)nc(-c2ccccc2P(=O)(c2ccccc2)c2ccccc2)n1,Cc1ccccc1,320.3497615
3542,O=C1Nc2ccccc2/C1=C/C(=O)c1ccc(Cl)cc1Cl,CC(C)(C)O,339.0
4448,c1ccc(-c2nc(-c3ccc(-c4nc(-c5ccccc5)c(-c5ccccc5)[nH]4)s3)[nH]c2-c2ccccc2)cc1,CO,382.0000764
6662,COc1cc(OC)cc(-c2ccc(-c3ccc(C#N)s3)s2)c1,CCO,365.0
6840,Cc1cc(C)c(C)c(-c2ccc3cc(C)c(=O)oc3c2)c1C,CC#N,314.0
1056,c1ccc(N2c3ccccc3B3c4ccccc4N(c4ccccc4)c4cccc2c43)cc1,ClCCl,437.0
1146,C(=C/c1cccc2ccccc12)\c1ccc(-c2nnc(-c3ccc(-c4cc5ccccc5s4)cc3)o2)cc1,CCCCCCCCO,359.0
5470,Cc1ccc(-c2cc(-c3ccccc3)c(C#N)c(=S)[nH]2)cc1,CCOCC,440.0
3263,F[B-]1(F)n2c(c3cccc4cccc2c43)=Nc2sc3ccccc3[n+]21,Cc1ccccc1,482.0
2377,CN(C)c1ccc(/C=C/C=C2\CC/C(=C\c3ccc(N(C)C)cc3)C2=O)cc1,Cc1ccccc1,475.0
6013,Cn1nc(-c2ccccc2)cc1-c1ccccc1,ClCCl,254.0
3169,c1ccc(-c2nc(-c3ccc(-c4ccc(N(c5ccccc5)c5ccccc5)cc4)cn3)oc2-c2ccccc2)cc1,CCOCC,348.0
8,c1ccc(N(c2ccccc2)c2ccc(-c3cccc4nc5ccccc5cc34)cc2)cc1,CCCCCC,386.0
6951,CCN(CC)c1ccc2cc(/C=C/C(=O)c3cc4ccc(N(CC)CC)cc4oc3=O)c(=O)oc2c1,Cc1ccccc1,477.0
3265,CC(C)(C)c1ccc2c(c1)sc1[n+]2[B-](F)(F)n2c(c3cccc4c(Br)ccc2c43)=N1,C1CCOC1,494.0
3488,COc1ccc(C(=O)/C=C2\C(=O)Nc3ccccc32)c(OC)c1,CC#N,328.0
5843,COc1cc(/C=C/c2nc3ccccc3o2)c(OC)cc1/C=C/c1nc(C)nc(C)n1,C1CCOC1,421.0
96,CC1(C)c2ccccc2N(c2cccc(S(=O)(=O)c3cccc(N4c5ccccc5C(C)(C)c5ccccc54)c3)c2)c2ccccc21,ClC(Cl)Cl,287.0
1459,Cc1cc(C)c(B(c2c(C)cc(C)cc2C)c2cc3cc(N(C)C)c4ccccc4c3c3c2ccc2ccccc23)c(C)c1,CC#N,429.0
6161,CC(C)(C)c1ccc(-c2nc3c4ccc(-c5c6ccccc6cc6ccccc56)cc4c4cc(-c5c6ccccc6cc6ccccc56)ccc4c3n2-c2ccc(C(C)(C)C)cc2)cc1,CCCCCC,366.0
426,c1csc(-c2cnc(-c3cccs3)c3nonc23)c1,CC(C)=O,461.0
11273,N#Cc1ccc(N)cc1C#N,CC#N,328.0
4049,CCCC(=O)c1c2c(c(C(=O)CCC)c3c1OC(CC(=O)OC)(C(=O)OC)O3)OCO2,CC#N,423.0
8185,CN(C)c1cccc2c1C(=O)c1ccccc1C2=O,C1CCCCC1,487.0
3574,O=C1Nc2ccccc2/C1=C/C(=O)c1ccccc1,C1CCCCC1,335.0
7745,CC1(C)CCc2c(c3ccccc3c3nc4c(nc23)c2c(c3ccccc34)OC(C)(C)CC2)O1,C1CCCCC1,431.0344828
5230,Cc1cc(N2c3ccccc3C(C)(C)c3ccccc32)ccc1-c1cc(-c2ccc(N3c4ccccc4C(C)(C)c4ccccc43)cc2C)ncn1,Cc1ccccc1,375.9375
8829,CC(=O)[B-]1(C(C)=O)OC(c2ccccc2)=CC(c2ccccc2)=[O+]1,CC#N,377.0
5477,CN(C)c1ccc(/C=C/c2cc[n+](Cc3cc(C[n+]4ccc(/C=C/c5ccc(N(C)C)cc5)cc4)cc(C[n+]4ccc(/C=C/c5ccc(N(C)C)cc5)cc4)c3)cc2)cc1,C1COCCO1,480.0
979,CCC1=C(C)C(=O)n2c1cc1c(c(C)c(C(=O)OC)n1C)c2=O,C1CCCCC1,396.0
1042,CCN(CC)c1ccc(/C=N/Nc2ccc(C#N)cc2)c(O)c1,CC#N,382.0
6798,Cc1cc(=O)c2ccc(N)cc2o1,C1CCOC1,323.0
10481,Cc1ccc(-c2c3ccc([nH]3)c3nc(c(-c4ccc(C#N)cc4)c4ccc([nH]4)c4ccc([nH]4)c(-c4ccc(C)cc4)c4ccc2o4)C=C3)cc1,C1CCOC1,451.0
8089,O=C1OC(c2ccccc2)=N/C1=C\c1ccc(N(c2ccccc2)c2ccccc2)cc1,ClC(Cl)Cl,479.0
3094,CC1=CC(/C=C/c2ccccc2)=[N+]2C1=C(c1ccccc1)c1c(C)cc(/C=C/c3ccccc3)n1[B-]2(F)F,Cc1ccccc1,629.0
2943,CCc1ccc(-c2ccc(-c3nnc(-c4ccc(-c5nnc(-c6ccc(-c7ccc(CC)cc7)s6)o5)cc4)o3)s2)cc1,CC#N,340.0
2301,Cc1c2ccncc2c(C)c2c1[nH]c1ccccc12,CO,294.0
7422,CCC1=C(C)C2=C(c3cc(C(=O)Cl)cc(C(=O)Cl)c3)c3c(C)c(CC)c(C)n3[B-](F)(F)[N+]2=C1C,CC#N,524.0
8094,CN(C)c1ccc(-c2nc3nc4ccccc4nc3n2-c2ccc(C(C)(C)C)cc2)cc1,CC#N,411.0
6408,N#Cc1c(N2CCCC2)cc(-c2ccccc2)c2c1C(=O)c1ccccc1-2,C1CCOC1,358.0
582,COC(=O)c1cc(=O)n(C)c2cc(-c3ccc(N4CCN(C)CC4)cc3)sc12,CC#N,418.0
11460,CN(C)c1ccc(/C=C/C=C/c2nc3ccccc3s2)cc1,CCO,422.0
5265,O=S(=O)(c1ccc(-c2ccc(-c3nc4c5ccccc5c5ccccc5c4n3-c3ccccc3)cc2)cc1)c1ccc(-c2ccc(-c3nc4c5ccccc5c5ccccc5c4n3-c3ccccc3)cc2)cc1,ClC(Cl)Cl,368.0
8251,Cc1ccc(C2=C3C=c4c(oc5ccccc45)=[N+]3[B-](F)(F)n3c2cc2c4ccccc4oc23)cc1,CCOC(C)=O,579.5
6661,COc1cc(OC)cc(-c2ccc(-c3ccc(C#N)s3)s2)c1,CCCCO,367.0
2452,CC1=[N+]2C(=C(NC(C)c3ccccc3)c3ccc(C)n3[B-]2(F)F)C=C1c1cc2n(c1)[B-](F)(F)[N+]1=CC=CC1=C2c1c(C)cc(C)cc1C,C1CCCCC1,571.0
3,c1ccc(N(c2ccccc2)c2ccc(-c3cccc4nc5ccccc5cc34)cc2)cc1,CN(C)C=O,390.0
10671,Cc1nc(-c2ccccc2)c2ccccn12,O,338.0
410,Cc1cc(O)c(-c2[nH]c(=O)n3c2-c2ccccc2C3=O)cc1Cl,ClCCl,399.0
3963,CCCCc1cc(C=O)c2ccc3c(CCCC)cc(N4CCCCC4)c4ccc1c2c34,CCO,435.0
9663,COc1ccc(C2=C3C=CC(=[N+](C)C)C=C3[Si](C)(C)c3cc(N(C)C)ccc32)c(C)c1,O,648.0
1896,F[B-]1(F)n2c(c3ccccc3c2-c2ccccc2)C=C2c3ccccc3C(c3ccccc3)=[N+]21,C1CCOC1,640.0
3254,CCCCC1=Cc2c3ccc4cccc5ccc(c6cc(-c7ccc(N(c8ccccc8)c8ccccc8)cc7)n(c26)P1(=O)c1ccccc1)c3c45,ClCCl,431.0
3660,c1ccc(-n2c(-c3ccc(N(c4ccc(-c5ccc(N(c6ccc(-c7nc8c9ccccc9c9ccccc9c8n7-c7ccccc7)cc6)c6ccc(-c7nc8c9ccccc9c9ccccc9c8n7-c7ccccc7)cc6)cc5)cc4)c4ccc(-c5nc6c7ccccc7c7ccccc7c6n5-c5ccccc5)cc4)cc3)nc3c4ccccc4c4ccccc4c32)cc1,ClCCl,376.0
6487,Cc1nc2c(ccc3c2sc(/C=C/c2ccc(N4CCN(C)CC4)cc2)[n+]3C)s1,ClC(Cl)Cl,545.0
263,CC1=C(C(C)(C)C)C(C)=[N+]2C1=C(C)c1c(C)c(C(C)(C)C)c(C)n1[B-]2(F)F,CCCCCCO,526.7
4950,COc1ccc2c3c(cccc13)C(=O)c1ccccc1-2,Clc1ccccc1,423.0118443
439,c1csc(-c2cnc(-c3cccs3)c3nonc23)c1,c1ccncc1,472.0
3692,CC(C)[Si]1(C(C)C)c2ccccc2-c2ccc(N(C)C)cc21,C1CCCCC1,323.0
4597,CCC1=C(C)C2=Cc3cscc3B(O)N2C1=O,CS(C)=O,352.0
9629,CCc1s[c+](N2CCCCC2)sc1-c1cc(C)cc(I)c1[O-],ClCCl,406.0
9221,CCOc1cccc(-c2nc3c(c4c2-c2ccccc2CC4)-c2ccccc2CC3)c1O,ClCCl,335.0
1107,COc1c2ccccc2c(OC)c2c1c1cc(F)ccc1n2C,CC#N,417.0
7060,Cc1ccc2nc(-c3cc(-c4nc5ccc(C)cc5[nH]4)cc(-c4nc5ccc(C)cc5[nH]4)c3)[nH]c2c1,CS(C)=O,322.8
10066,CN(C)c1ccc2nc(/C=C/c3cc4c5c(c3)CCCN5CCC4)c(=O)oc2c1,C1COCCO1,495.5
5169,CN(C)c1ccc(-c2nc3cnccc3[nH]2)cc1,C1CCCCC1,327.0
88,CN(C)c1ccc(-c2nc3cc(C(F)(F)F)ccc3n2-c2ccccc2)cc1,CC#N,332.0
2818,COc1ccc2nc(N)sc2c1,ClCCl,305.0
6497,CN(C)c1ccc(C#Cc2ccc(-c3cc(N(C)C)c4ccccc4c3)cc2)cc1,ClCCl,352.0
2916,CN(C)c1ccc(-c2nc(C#N)c(C#N)n2C)cc1,CO,309.0
7635,COC(=O)c1c2ccccc2nc2ccccc12,ClC(Cl)Cl,361.0
4393,CC1(C)c2ccccc2N(c2ccc(-c3nnc(-c4ccccc4O)o3)cc2)c2ccccc21,CN(C)C=O,360.0
3785,N#CC(C#N)=C(/C=C/c1cn(-c2ccccc2)nc1-c1ccccc1)c1ccccc1,ClCCl,403.0
274,CC(C)(C)NC1=C2C=CC=[N+]2[B-](F)(F)n2cccc21,C1CCCCC1,428.0
1281,I[I-]I,O,351.7697027
6983,CN1C(=CC2=C([O-])C(=Cc3sc4ccccc4[n+]3C)C2=C(C#N)C#N)C(C)(C)c2ccccc21,ClC(Cl)Cl,691.0
9357,COc1ccc2c(c1)c1c(c3cc(OC)ccc32)=[N+]2C(=C(c3c(C)cc(C)cc3C)c3cc4c5cc(OC)ccc5c5ccc(OC)cc5c4n3[B-]2(F)F)C=1,C1CCCCC1,678.0
3946,CN(c1ccccc1)c1ccc(/C=C2\C(=O)c3ccccc3S2(=O)=O)cc1,CS(C)=O,483.0
9267,Oc1ccccc1/C=N/N=C/c1ccccc1O,CO,355.0
9974,COc1ccc(C(=O)NN2C3=C(CC4=C2CCCC4=O)C(=O)CCC3)cc1,CC#N,368.0
10878,CCOC(=O)C1CC(c2c(C#N)c(C)nn2-c2ccccc2)=CN1c1ccc(Br)cc1,OCCO,370.0
2167,CCOC(=O)/C(C#N)=C(\C=C\c1ccc(N(c2ccccc2)c2ccc(/C=C/C(=C(/C#N)C(=O)OCC)c3ccccc3)cc2)cc1)c1ccccc1,CC#N,487.0
2388,c1ccc2c(B(c3c4ccccc4cc4ccccc34)c3c4ccccc4cc4ccccc34)c3ccccc3cc2c1,C1CCOC1,394.4257
11487,CCC1=C(C2=C(C3=C(CC)S(=O)(=O)c4cc(-c5ccc(C)s5)ccc43)C(F)(F)C(F)(F)C2(F)F)c2ccc(-c3ccc(C)s3)cc2S1(=O)=O,C1COCCO1,374.0
4674,Fc1cccc(F)c1[B-]1(c2c(F)cccc2F)Oc2c(ccc3c4c(ccc23)C=[N+](c2ccccc2)[B-](c2c(F)cccc2F)(c2c(F)cccc2F)O4)C=[N+]1c1ccccc1,Cc1ccccc1,538.0
5613,COc1ccc2c(=O)c3c([nH]c2c1)-c1ccccc1NC3(C)C,c1ccccc1,402.0
6085,O=C1OC(=O)c2ccc(N(c3ccccc3)c3c4ccccc4cc4ccccc34)c3cccc1c23,CCCCCC,440.0
415,O=C(O)CCCOc1cccc(-c2c3nc(cc4ccc([nH]4)c(-c4cccc(OCCCC(=O)O)c4)c4nc(cc5ccc2[nH]5)CC4)C=C3)c1,CS(C)=O,645.0
10565,Cc1cc(=O)oc2cc(O)ccc12,CCO,323.0
3984,CN(C)c1ccc(-c2nc(-c3ccc(-n4c5ccccc5c5ccccc54)cc3)cc(-c3ccc(-n4c5ccccc5c5ccccc54)cc3)n2)cc1,ClC(Cl)Cl,348.0
7320,COc1cccc(OC)c1C1=C2C(C)=CC(C)=[N+]2[B-](F)(F)n2c(C)cc(C)c21,CCCCCC,507.0
10685,F[B-]1(F)n2c(cc(-c3cccs3)c2-c2ccccc2)C(c2ccccc2)=C2C=C(c3cccs3)C(c3ccccc3)=[N+]21,CC#N,613.0
11149,CCCCCCOc1cc(C=C(C#N)C#N)c(OCCCCCC)cc1C=C(C#N)C#N,ClCCl,477.0
10908,COC(=O)c1nc(-c2ccc(OC)cc2)oc1C,CC#N,276.0
710,c1ccc(-c2nc(-c3ccccc3)nc(-c3ccc(-n4c5ccccc5c5cc6c(cc54)C4c5ccccc5C6c5ccccc54)cc3)n2)cc1,Cc1ccccc1,373.0
11745,Oc1ccccc1-c1nc(-c2ccccc2)c2ccccn12,O,299.0
5038,CC1=NN(c2ccccc2)C(=O)/C1=C\c1cn(-c2ccccc2)nc1-c1ccc([N+](=O)[O-])cc1,CO,360.0
407,COc1cccc(-c2[nH]c(=O)n3c2-c2ccccc2C3=O)c1O,ClCCl,396.0
10758,CCC(=O)c1ccc2cc(N(C)C)ccc2c1,C1CCCCC1,342.5
9722,COc1ccc(C2=C3C(C)=CC(C)=[N+]3[B-](F)(F)n3c(/C=C/c4ccc(N(C)C)cc4)cc(C)c32)cc1,CCCCO,601.0
4352,CCOc1ccc(/C=C/c2nc(N3CCOCC3)c3c([n+]2[O-])CCCC3)cc1,ClCCl,384.0
8779,CC(C)[Si](C#Cc1c2ccccc2c(C#C[Si](C(C)C)(C(C)C)C(C)C)c2nc3c(ccc4cc5ccccc5cc43)nc12)(C(C)C)C(C)C,CCCCCC,536.0
11648,CN1c2ccccc2CCc2ccccc21,CO,278.0
9484,F[B-]1(F)OC(c2ccccc2)=Cc2cc3[n+](c[n+]21)[B-](F)(F)OC(c1ccccc1)=C3,ClCCl,475.0
7268,COC1=[N+]2C(=C(c3ccccc3)c3ccc(OC)n3[B-]2(F)F)C=C1SC#N,CCOC(C)=O,506.0
7923,Nc1ccc(/C=C/c2ccc3ccccc3c2)cc1,CC#N,348.0
2483,CN(C)c1ccc(/C=C/C=C2\CC/C(=C\C=C\c3ccc(N(C)C)cc3)C2=O)cc1,Cc1ccccc1,495.0
2238,Cc1ccc(-c2c3nc(c(-c4ccc(C)cc4)c4ccc(s4)c(-c4ccc(C)cc4)c4nc(c(-c5ccc(C)cc5)c5ccc2[nH]5)C=C4)C=C3)cc1,ClCCl,428.0
3721,c1ccc(C[n+]2cc3ccc4c[n+](Cc5ccccc5)cc5ccc(c2)c3c45)cc1,CC#N,421.0
1965,COc1ccc(-c2sc3c(-c4ccc(OC)cc4)c4n(c3c2-c2ccc(OC)cc2)[B-](F)(F)[N+]2=Cc3c(-c5ccc(OC)cc5)c5sc(-c6ccc(OC)cc6)c(-c6ccc(OC)cc6)c5n3[B-](F)(F)[N+]2=C4)cc1,CC#N,587.0
7007,Cc1ccc2nc(/C=C/c3ccc(N(C)C)cc3)c(-c3ccccc3)nc2c1,ClCCl,436.0
8570,O=c1c(Nc2ccccc2)c([O-])c1=[NH+]c1ccccc1,CO,390.0
6786,N#Cc1coc2ccccc2c1=O,C1CCOC1,316.0
8686,Cc1ccc([C@@H]2C[C@](O)(c3ccccn3)C[C@](O)(c3ccccn3)[C@H]2C(=O)c2ccc(N(c3ccccc3)c3ccccc3)cc2)cc1,c1ccccc1,370.0
1523,F[B-]1(F)OC(c2ccccc2)=C(c2ccccc2)c2oc3ccccc3[n+]21,C1CCOC1,344.0
7532,COc1ccc(-c2oc3cccc4c5c(-c6ccc(OC)cc6)/c(=N/S(=O)(=O)C(F)(F)F)oc6cccc(c2c34)c65)cc1,ClC(Cl)Cl,480.0
7585,CSC1=C2C=C(c3cc4n(c3)[B-](F)(F)[N+]3=CC=CC3=C4c3c(C)cc(C)cc3C)C(C)=[N+]2[B-](F)(F)n2c(C)ccc21,CC(C)=O,595.0
2651,CC1(C)CC(NCc2ccc3ccc4cccc5ccc2c3c45)CC(C)(C)N1,CC#N,374.0
1110,COc1c2ccccc2c(OC)c2c1c1ccc(C(F)(F)F)cc1n2C,C1CCCCC1,416.0
9701,Cn1c(=O)cc(C(=O)c2ccccc2)c2sc(-c3ccc(OC(F)(F)F)cc3)cc21,CC#N,394.0
1406,CCCCN1C(=O)c2cccc3c([O-])c(/C=C/c4sc5ccccc5[n+]4CC)cc(c23)C1=O,Cc1ccccc1,607.2642968
9369,CC(C)(C)c1ccc(-c2nc(-c3ccc(-n4c5ccccc5c5c6oc7ccccc7c6ccc54)cc3)nc(-c3ccc(C(C)(C)C)cc3)n2)cc1,C1CCOC1,354.4573643
5092,CCN(CC)c1ccc2cc(/C=C/C(=C(C#N)C#N)c3ccc4c(c3)c3ccccc3n4CC)c(=O)oc2c1,ClCCl,522.0
11516,CCCCCCCCCCCCC(CCCCCCCCCC)Cn1c2cc(/C=C/c3nc4ccccc4s3)c3cccc4c5cccc6c(/C=C/c7nc8ccccc8s7)cc1c(c65)c2c34,Cc1ccccc1,524.0
10749,COC(=O)C(C)NC(=O)CCNc1cccc2ccccc12,CCO,331.0
4308,CCC1(CC)c2cc(C=O)ccc2-c2ccc(N(C)C)cc21,c1ccccc1,388.0
3290,CN(C)CCN(Cc1c2ccccc2cc2ccccc12)c1ccc([N+](=O)[O-])cn1,CC(C)=O,390.0
5908,O=C(N/N=C/c1ccccc1O)c1ccccc1,CN(C)C=O,397.0
10065,CN(C)c1ccc2nc(/C=C/c3cc4c5c(c3)CCCN5CCC4)c(=O)oc2c1,C1CCCCC1,487.0
3014,c1ccc(-c2nc(-c3ccc(-c4ccc(-n5c6ccccc6c6ccccc65)cc4)cn3)oc2-c2ccccc2)cc1,CCCCOCCCC,336.0
6775,CCCCC1(CCCC)c2cc(C#Cc3ccc(/C=C(\C)c4ccccc4)cc3)ccc2-c2ccc(C#Cc3ccc(/C=C(\C)c4ccccc4)cc3)cc21,C1CCOC1,365.0
10881,CCOC(=O)C1CC(c2c(C#N)c(C)nn2-c2ccccc2)=CN1c1ccc(Br)cc1,CC#N,366.0
10939,O=C(c1cc(F)c(O)cc1F)c1cc(F)c(O)cc1F,CCO,306.0
10873,O=P1(c2ccccc2)C(c2ccccc2)=Cc2ccccc21,ClCCl,350.0
633,Cc1cc(C)n2c1C=C1c3ccccc3C(c3cccn3C)=[N+]1[B-]2(F)F,CC#N,580.0
11476,c1ccc2sc(-c3ccc(-c4nnc(-c5ccc(-c6nnc(-c7ccc(-c8cc9ccccc9s8)s7)o6)cc5)o4)s3)cc2c1,CCO,345.0
3231,CC1(C)CC(/C=C/c2ccc(N3CCOCCOCCOCCOCC3)cc2)=CC(=C(C#N)C#N)C1,c1ccccc1,500.0
7113,COC(=O)C(Cc1ccc2oc(-c3ccc(N(C)c4ccccc4)cc3)nc2c1)NC(=O)OC(C)(C)C,CCCCC,339.6047001
3329,CN(C)c1ccc(C(=O)Nc2ccccc2)cc1,C1CCOC1,311.0
9758,[O-]c1c(-c2ccccc2)cc(-[n+]2c(-c3ccccc3)cc(-c3ccccc3)cc2-c2ccccc2)cc1-c1ccccc1,C=CCO,550.8863198
5980,F[B-]1(F)n2c(c(-c3ccccc3)c(-c3cccs3)c2-c2ccccc2)N=C2C(c3ccccc3)=C(c3cccs3)C(c3ccccc3)=[N+]21,ClCCl,650.0
131,COc1ccc(O)c(-c2nc3ncccc3o2)c1,CO,362.0
10992,C/C=C/c1cccc(OC)c1,CCCCCC,293.0
455,O=CC1=Cc2c(-c3ccccc3)oc(-c3ccccc3)c2C=C(C=O)C1,CS(C)=O,364.0
9304,CCOC(=O)CCCCCn1c2ccccc2c(=O)c2cc(I)ccc21,CO,414.0
9422,COc1cc(N(CC(=O)[O-])CC(=O)[O-])c2ncccc2c1,O,353.0
10714,CC(C)(C)c1ccc(-c2nc3c4ccc(-c5ccc6ccc7cccc8ccc5c6c78)cc4c4cc(-c5ccc6ccc7cccc8ccc5c6c78)ccc4c3n2-c2ccc(C(C)(C)C)cc2)cc1,C1COCCO1,346.0
774,Cc1cc(C)cc(NC(=O)c2sc(Br)nc2C)c1,CCOC(C)=O,282.5
4890,O=[N+]([O-])c1cc[nH]c1,O,280.0
311,CCC1=C(C)C2=C(C)c3c(C)c(CC)c(C)n3[B-](F)(F)[N+]2=C1C,CCCO,518.9
5181,Brc1ccc(/C=C/c2cnc3ccccc3n2)cc1,ClCCl,369.0
8358,CC1=N/C(=C\c2ccccc2N(C)C)C(=O)N1C,ClCCl,396.0
1722,COc1cccc(-n2c(-c3ccccc3)nc(C)c2C)c1,C1COCCO1,287.0
9016,O=c1c2cccc3cccc(c32)c2nc3c(F)c(F)c(F)c(F)c3n12,ClCCl,382.0
469,COc1cc2c(cc1-c1ccc(C)cc1)Cc1c3c(c4c(c1-2)-c1cc(OC)c(-c2ccc(C)cc2)cc1C4)C(=O)N(CCC(C)C)C3=O,C1CCOC1,411.0
8746,CC[N+]1(CC)CN2C(=N1)C(C(=O)O)=Cc1cc(OC)c(OC)cc12,O,392.0
1350,N#Cc1c(N2CCCCC2)cc(-c2ccccc2)c2c1-c1ccccc1C2=O,C1CCOC1,392.0
9618,CCCCn1c2ccc(-c3ccc4ccccc4c3)cc2c2ccc3c4cc(-c5ccc6ccccc6c5)ccc4n(CCCC)c3c21,ClC(Cl)Cl,327.0
4265,Cc1cc(C)n2c1C=C1c3ccccc3C(c3[nH]c4ccccc4c3C)=[N+]1[B-]2(F)F,Cc1ccccc1,615.0
8129,COc1ccc(C#Cc2c3ccccc3c3n2[B-](F)(F)[N+]2=C(C)C=C(C)C2=C3)cc1,CCCCCCCCO,615.0
10780,COc1ccc2cc([C@H](C)C(=O)O)ccc2c1,CO,332.4
247,C#CCNC1=C2C=CC=[N+]2[B-](F)(F)n2cccc21,Cc1ccccc1,421.0
993,COC(=O)C(Cc1ccc2oc(-c3c4ccccc4cc4ccccc34)nc2c1)NC(=O)OC(C)(C)C,CC(C)=O,384.8003848
736,CC(C)(C)c1ccc2c(c1)c1cc(C(C)(C)C)ccc1n2-c1ccc2oc3nc4oc5ccc(C(F)(F)F)cc5c4cc3c2c1,CS(C)=O,337.0
5183,CN(C)c1ccc(/C=C/c2cnc3ccccc3n2)cc1,CC#N,424.0
8689,c1ccc2c(c1)c1ccccc1n2-c1ccc(-c2ccc(-n3c4ccccc4c4ccccc43)nc2-n2c3ccccc3c3ccccc32)nn1,CC#N,335.0
1825,COc1ccc2c3cccc4c(OC)ccc(c5cccc1c52)c43,c1ccncc1,463.0
8807,Cc1nc2c(ccc3c2sc(/C=C/c2ccc(N(CCO)CCO)cc2)[n+]3C)s1,ClC(Cl)Cl,552.0
6105,N#Cc1cccc2[nH]ccc12,CC#N,302.8125
4028,c1ccc2cc3c(cc2c1)-c1cccc2c1c-3cc1ccccc12,CCCCCCC,400.0
563,CCN(CC)c1ccc(/C=N/C(C#N)=C(C#N)\N=C\c2ccc(N(CC)CC)cc2O)c(O)c1,CC#N,564.0
4638,CN(C)c1ccc(/C=C/c2ccc(-c3nnc(-c4ccc(-c5cc6ccccc6s5)cc4)o3)cc2)cc1,CC#N,334.0
10143,COc1ccc(/C=C/C2=CC(/C=C/c3ccc(OC)c(OC)c3)=[O+][B-](F)(F)O2)cc1OC,CO,491.0
4489,CCCCC(CC)CN1C(=O)c2cccc3c(C#Cc4ccc(N(c5ccccc5)c5ccc(C#Cc6ccc7c8c(cccc68)C(=O)N(CC(CC)CCCC)C7=O)cc5)cc4)ccc(c23)C1=O,C1CCCCC1,453.0
1576,CN(C)c1ccc(C#Cc2cc3ccc4cc(C#Cc5ccc(N(C)C)cc5)cc5ccc(c2)c3c45)cc1,Cc1ccccc1,421.0
2963,CCCCC1(CCCC)c2cc(-c3ccc(C=C4C(=O)c5ccccc5C4=O)cc3)ccc2-c2ccc(-c3ccc(C=C4C(=O)c5ccccc5C4=O)cc3)cc21,Cc1ccccc1,437.0
4993,COc1cc(OC)cc(C2=C3C(C)=C(I)C(C)=[N+]3[B-](F)(F)n3c(/C=C/c4c[nH]c5ccccc45)c(I)c(C)c32)c1,ClCCl,618.0
2119,c1ccc(N(c2ccccc2)c2ccc3c4cccc5c(N(c6ccccc6)c6ccccc6)ccc(c6cccc2c63)c54)cc1,CC#N,483.0
2372,CN(C)c1ccc(/C=C/C=C2\CC/C(=C\c3ccc(N(C)C)cc3)C2=O)cc1,CCOC(C)=O,464.0
11074,O=Cc1cc(O)c(C=O)cc1O,CO,384.0
6125,CCC(C)Nc1c2ccc(=[N+]3CCCCC3)cc-2oc2cc(N3CCCCC3)ccc12,ClCCl,456.0
9386,O=C(O)C1=C(C(=O)O)C2=C[C@H]3c4ccccc4[C@]2([Se]1)c1ccccc13,ClCCl,421.0
9756,[O-]c1c(-c2ccccc2)cc(-[n+]2c(-c3ccccc3)cc(-c3ccccc3)cc2-c2ccccc2)cc1-c1ccccc1,C1CC[C@H]2CCCC[C@H]2C1,916.3782051
4429,O=C1c2ccccc2C(=O)c2cc(-c3ccc(N(c4ccccc4)c4ccccc4)cc3)ccc21,CCOC(C)=O,446.0
10451,Cc1nn(-c2ccccc2)c(C2=NN(c3ccc(Br)cc3)[C@@H](c3ccccc3)[C@@H]2c2ccccc2)c1C#N,CCCCCCC,373.0
79,Oc1ccccc1/N=C/c1ccccc1Oc1ccccc1,CN(C)C=O,349.0
2034,CC(C)(C)C1Nc2c(Cl)cc(Cl)cc2C(=O)N1Cc1ccccc1,CO,367.0
796,CCOC(=O)C1c2ccccc2C(=O)N1c1ccc(OC)cc1,ClCCl,297.0
5928,CC(C)CCCCN1CCc2c1ccc1c3c(ccc21)CCCC3=O,Clc1ccccc1,427.0
5360,CC1(C)CC(/C=C/c2ccc(-n3ccnc3)cc2)=CC(=C(C#N)C#N)C1,C1CCOC1,398.0
2439,O=S(=O)(c1ccc(N2c3ccccc3[Si](c3ccccc3)(c3ccccc3)c3ccccc32)cc1)c1ccc(N2c3ccccc3[Si](c3ccccc3)(c3ccccc3)c3ccccc32)cc1,Cc1ccccc1,328.0
6503,c1ccc2c(-n3cnc4ccccc43)cccc2c1,CCOC(C)=O,283.0
10567,Nc1ccc2c(C(F)(F)F)cc(=O)oc2c1,C1CCCCC1,348.0
3282,Nc1ccc(/C=C/c2cccnc2)cc1,CC#N,342.0
7001,CN(C)c1ccc(/C=C/c2nc3cc(Br)ccc3nc2-c2ccccc2)cc1,ClCCl,453.0
8876,c1cnc(-c2c3ccccc3c(-c3cncnc3)c3ccccc23)nc1,ClCCl,394.0
3098,C#CCOc1ccc(/C=C/C2=[N+]3C(=C(c4ccc(N(CC)CC)cc4)c4c(C)cc(/C=C/c5ccc(OCC(=O)OC)cc5)n4[B-]3(F)F)C(C)=C2)cc1,CO,640.0
5289,COc1ccc(-n2cccc2)cc1,CCCCCC,252.0
8423,CCCCCCN1C(=O)c2cccc3c(-c4ccc(Cl)s4)ccc(c23)C1=O,ClC(Cl)Cl,374.0
10319,CCN(CC)c1ccc2cc(-c3ccc(S(C)(=O)=O)cc3)oc(=O)c2c1,CCOC(C)=O,374.0
8881,COC(=O)c1cc(=O)n(C)c2cc(-c3cc(OC)c(OC)c(OC)c3)sc12,CC#N,398.0
333,CCC1=C(C)C2=C(C)c3c(I)c(I)cn3[B-](F)(F)[N+]2=C1C,OCC(F)(F)F,497.0
3043,CCN(CC)c1ccc2c(C#N)c(/C=C(\C#N)c3nc4ccccc4o3)c(=O)oc2c1,Cc1ccccc1,561.0
8398,CC1=N/C(=C\c2ccccc2N)C(=O)N1C,CS(C)=O,436.0
9956,Cc1ccccc1C(=O)NN1C2=C(CC3=C1CC(C)(C)CC3=O)C(=O)CC(C)(C)C2,CC(C)=O,368.0
1084,Nc1cc2nc3cc(F)c(F)cc3nc2cc1N,CCO,433.0
5400,CCCCCCCCCCCCCCCCOC(=O)c1ccc(N(c2ccccc2)c2ccccc2)cc1,c1ccccc1,334.0
450,COc1ccc(-c2oc(-c3ccc(OC)cc3)c3c2C=C(C=O)CC(C=O)=C3)cc1,ClC(Cl)Cl,385.0
9026,C=CCNc1ccc2ccc3oc4cc(=[N+](C)C)ccc-4nc3c2c1,O,552.0
10260,CC1=C(c2cccs2)C(C)=[N+]2C1=C(c1ccc(O)cc1)c1c(C)c(-c3cccs3)c(C)n1[B-]2(F)F,ClCCl,528.0
3284,CC(C)(C)c1ccc(-n2c(-c3ccc(-c4cc(-c5ccccc5)c(-c5ccccc5)c(-c5ccccc5)c4-c4ccccc4)cc3)nc3c4ccccc4c4ccccc4c32)cc1,C1CCOC1,365.0
293,F[B-]1(F)n2cccc2C=C2C=CC=[N+]21,CCCCCC,502.0
1250,CC/C=C/C=C/C=C/C=C/CCCCCCCC(=O)O,CCOCC,313.5
1145,C(=C/c1cccc2ccccc12)\c1ccc(-c2nnc(-c3ccc(-c4cc5ccccc5s4)cc3)o2)cc1,CCCCCCCCCCO,360.0
4600,CCC1=C(C)C2=Cc3cscc3B(O)N2C1=O,CCCCCC,351.0
3706,CCC1=C(C)c2cc3c(OC)cc(OC)cc3c(=O)n2C1=O,CO,433.0
5584,CC(=O)c1ccc2ccc3c(NCCC(=O)NCCCCCCc4nc5c(=O)[nH]c(N)nc5n4[C@H]4C[C@H](O)[C@@H](CO)O4)ccc4ccc1c2c43,CN(C)C=O,452.0
9569,CC1=[N+]2C(=Cc3c4c(cn3[B-]2(F)F)-c2nc-4c(-c3ccccc3)c3ccc([nH]3)c(-c3ccccc3)c3nc(c(-c4ccccc4)c4ccc([nH]4)c2-c2ccccc2)C=C3)C(C)C1,ClCCl,640.0
7092,COC(=O)C(Cc1ccc2oc(-c3ccc(Nc4ccccc4)cc3)nc2c1)NC(=O)OC(C)(C)C,CCCCCO,355.4039166
4439,C(=C/c1ccc(-c2nnc(-c3ccc(/C=C/c4ccc(-c5nc(-c6ccccc6)c(-c6ccccc6)[nH]5)cc4)cc3)o2)cc1)\c1ccc(-c2nc(-c3ccccc3)c(-c3ccccc3)[nH]2)cc1,Cc1ccccc1,397.0
8145,Nc1cc[nH]c(=S)n1,O,269.0
6203,Cc1nc2c(ccc3c2sc(/C=C/c2cc4c5c(c2)CCCN5CCC4)[n+]3C)s1,ClC(Cl)Cl,595.0
6913,Nc1ccc2c(c1)C(=O)c1ccccc1-2,C1CCCCC1,455.0
852,N#Cc1cc2ccc(O)cc2oc1=N,C1CCOC1,360.0
1494,O=C1OC(c2ccccc2)=N/C1=C\c1ccc(N(c2ccc(/C=C3\N=C(c4ccccc4)OC3=O)cc2)c2ccc(/C=C3/N=C(c4ccccc4)OC3=O)cc2)cc1,C1COCCO1,502.0
9791,[O-]c1c(-c2ccccc2)cc(-[n+]2c(-c3ccccc3)cc(-c3ccccc3)cc2-c2ccccc2)cc1-c1ccccc1,CCCCOCCCC,866.3939394
4215,O=C([O-])c1ccc(C(=O)[O-])c(C2=c3cc4c5c(c3Oc3c2cc2c6c3CCCN6CCC2)CCC[N+]=5CCC4)c1,O,574.0
1954,c1ccc(-c2nn(-c3ccccc3)c3nc4ccccc4cc23)cc1,CN(C)C=O,397.93076
5719,Cn1c(=O)c(/N=N/c2ccc(S(=O)(=O)O)c3ccccc23)c(O)c2ccccc21,ClCCl,467.0
3541,O=C1Nc2ccccc2/C1=C/C(=O)c1ccc(Cl)cc1Cl,C1COCCO1,337.0
3585,O=C1Nc2ccccc2/C1=C/C(=O)c1ccccc1,O,336.0
4948,COc1ccc2c3c(cccc13)C(=O)c1ccccc1-2,CCOC(C)=O,418.0602007
188,CC(C)(C)c1ccc2c(c1)c1cc(C(C)(C)C)ccc1n2-c1ccc(N(c2ccc(-c3ccc(N(c4ccc(-n5c6ccc(C(C)(C)C)cc6c6cc(C(C)(C)C)ccc65)cc4)c4ccc(-n5c6ccc(C(C)(C)C)cc6c6cc(C(C)(C)C)ccc65)cc4)cc3)cc2)c2ccc(-n3c4ccc(C(C)(C)C)cc4c4cc(C(C)(C)C)ccc43)cc2)cc1,ClCCl,349.0
1123,COc1c2ccccc2c(OC)c2c1c1cccc(OC)c1n2C,CC#N,409.0
7199,CC[NH+](CC)c1ccc(-c2nc3c4ccccc4n(C)c3nc2-c2ccc(B(c3c(C)cc(C)cc3C)c3c(C)cc(C)cc3C)cc2)cc1,C1CCOC1,382.2222222
1934,COC(=O)C(Cc1ccc2oc(-c3ccc(N(c4ccccc4)c4ccccc4)cc3)nc2c1)NC(=O)OC(C)(C)C,CO,365.0501031
6858,c1ccc(-n2c(-c3ccc(-c4ccc(-c5ccc(-c6nc7c8ccccc8c8ccccc8c7n6-c6ccccc6)cc5)cc4)cc3)nc3ccccc32)cc1,CC#N,337.0
11808,N#Cc1ccc(/C=C2\N=C(c3ccccc3)NC2=O)cc1,C1COCCO1,393.0
5894,O=P1(c2ccccc2)C2=C(c3ccccc31)S(=O)(=O)c1ccccc12,CCO,386.0
1984,CC1(C)Oc2c(c3nc4ccccc4nc3c3ccccc23)CC1Br,CCCCCC,422.1190376
7066,c1ccc(-c2nc(-c3c4ccccc4cc4ccccc34)n3ccccc23)cc1,CC#N,375.0
2144,CCn1c(=O)nc2n(C)c3cc(C)ccc3nc-2c1=O,CC#N,445.0
9297,O=C(O)CCCCCn1c2ccc(Br)cc2c(=O)c2cc(S(=O)(=O)O)ccc21,O,416.0
5595,CCCCC(CC)Cn1c2ccc(C(=C(C#N)C#N)c3ccccc3)cc2c2c(-c3ccc(Br)cc3)c3c(c(-c4ccc(Br)cc4)c21)c1cc(C(=C(C#N)C#N)c2ccccc2)ccc1n3CC(CC)CCCC,CCOC(C)=O,457.0
8029,N#C/C(=C\c1ccccc1)c1nc2ccccc2s1,C1CCCCC1,350.0
500,Cc1cc(C)c(C2=C3C=C(c4ccc(C(C)(C)C)cc4)C(c4ccc(C(C)(C)C)cc4)=[N+]3[B-](F)(F)n3c2cc(-c2ccc(C(C)(C)C)cc2)c3-c2ccc(C(C)(C)C)cc2)c(C)c1,CC#N,592.0
290,F[B-]1(F)n2cccc2C=C2C=CC=[N+]21,C1CCCCC1,503.5
10029,c1ccc2c3c(ccc2c1)-c1c2ccccc2cc2cccc-3c12,CCCCCCC,449.0
7198,O=c1c2cc(F)c(N3CCOCC3)cc2sc2cc(N3CCOCC3)c(F)cc12,CCO,361.0
7516,CC(C)c1cccc(C(C)C)c1N1C(=O)c2cccc3c(Oc4ccc(C(C)(C)C)cc4)ccc(c23)C1=O,ClCCl,364.0
5538,CCCCCCCCCCCCCCCCOc1cc(C#Cc2ccc3ccccc3c2)c(OCCCCCCCCCCCCCCCC)cc1C#Cc1ccc(C=C(C#N)C#N)cc1,CCCCCCCCO,423.0
11360,CC[N+]1=C(/C=C/c2cc3cccc4ccc5cccc2c5c43)C(C)(C)c2ccccc21,CC#N,482.0
5121,CCOC(=O)/C=C/C1=C(c2ccc(C)cc2)C2=Nc3c(-c4ccc(C)cc4)cc(-c4ccc(C)cc4)n3[B-](F)(F)[N+]2=C1c1ccc(C)cc1,ClC(Cl)Cl,663.0
8403,Cc1ccc(OCc2cc(=O)oc3c2ccc2ccccc23)cc1,CO,352.0
5281,COc1ccc(-n2c(C)ccc2C)cc1,CC#N,224.0
590,CCCCCCCCCCCn1cccc1C1=[N+]2C(=Cc3c(C)cc(C)n3[B-]2(F)F)c2ccccc21,Cc1ccccc1,590.0
6870,COc1ccc2c(c1)-c1cc(OC)ccc1C2=O,CC#N,376.0
11372,COC(=O)C(NC(=O)OC(C)(C)C)c1ccc2oc(-c3cccc(Oc4ccccc4)c3)nc2c1,CO,305.0
10506,COc1ccc(/C=C/c2ccc(/C=C/c3cc[n+]4ccc(/C=C/c5ccc(/C=C/c6ccc(OC)cc6)cc5)cc4c3)cc2)cc1,CO,463.0
6842,CCCCCCCCCCOc1ccc2c3c(oc2c1)C1=C2C(=O)N4C=Cc5c(oc6cc(OCCCCCCCCCC)ccc56)C4=C2C(=O)N1C=C3,CN(C)C=O,648.0
5654,CC1(C)Nc2ccccc2-c2[nH]c3ccccc3c(=O)c21,Cc1ccccc1,400.0
2627,CC(=O)c1c2c(cc3ccc(N(C)C)cc13)CCC2,C1CCOC1,377.0
8022,Cc1cc(C)c(B2c3cc(C(C)(C)C)ccc3-c3c(-c4ccccc4)ccc4cc(C(C)(C)C)cc2c34)c(C)c1,C1CCCCC1,406.0
9723,COc1ccc(C2=C3C(C)=CC(C)=[N+]3[B-](F)(F)n3c(/C=C/c4ccc(N(C)C)cc4)cc(C)c32)cc1,CCCCOCCCC,596.0
4907,CCCCOc1ccc(-c2cc3c(o2)c(-c2ccc(OCCCC)cc2)c2n3[B-](F)(F)[N+]3=Cc4c(-c5ccc(OCCCC)cc5)c5oc(-c6ccc(OCCCC)cc6)cc5n4[B-](F)(F)[N+]3=C2)cc1,ClC(Cl)Cl,624.0
4410,O=Cc1ccc(N(c2ccc(C=O)cc2)c2ccc(-c3ccc4c(c3)C(=O)c3ccccc3C4=O)cc2)cc1,Cc1ccccc1,376.0
777,Cc1cc(C)cc(NC(=O)c2sc(Br)nc2C)c1,CS(C)=O,283.1
9705,CN(C)c1ccc(/C=C/c2nc3c4ccccc4c4ccccc4c3[nH]2)cc1,ClC(Cl)Cl,393.0
299,CCC1=C(C)C2=C(C)c3c(C)c(CC)c(C)n3[B-](F)(F)[N+]2=C1C,C1CCCCC1,522.5
10220,CN(C)c1ccc(C2=Cc3ccc4ccccc4[n+]3[B-](F)(F)O2)cc1,ClC(Cl)Cl,477.0
1090,COc1c2ccccc2c(OC)c2c1c1c(C)ccc(OC)c1n2C,C1CCCCC1,417.0
1194,CN(C)c1nc(N(C)C)c2nc(C#N)n(Cc3ccccc3)c2n1,CO,342.0
7942,COc1ccc2c(-c3nc(-c4cccc(Br)c4)no3)cc(=O)oc2c1,ClC(Cl)Cl,360.0
9613,CCC1=C(C)C2=C(c3c(C)cc(C)nc3-c3cccs3)c3c(C)c(CC)c(C)n3[B-](F)(F)[N+]2=C1C,Cc1ccccc1,533.0
8614,CCCCCC(=O)c1c2c(c(C(=O)CCCCC)c3c1OC1(CCCC1)O3)OC1(CCCC1)O2,CC#N,444.0
532,COc1ccc(C2=[N+]3C(=C(c4ccc(C#N)cc4)c4cc(-c5ccc(C#N)cc5)c(-c5ccc(OC)cc5)n4[B-]3(F)F)C=C2c2ccc(C#N)cc2)cc1,CC#N,606.0
8109,COc1ccc(-c2cc3c(s2)c(-c2ccccc2)cc(=O)n3C)cc1,ClCCl,386.0
971,CCOC(=O)CCCn1c(C(=O)OC)c(C)c2c(=O)n3c(cc21)C(CC)=C(C)C3=O,CS(C)=O,397.0
2680,COc1cc(/C=C2/SC(=O)NC2=O)ccc1O,CN(C)C=O,340.0
4629,COc1ccc(/C=C/c2ccc(-c3nnc(-c4ccc(-c5cc6ccccc6s5)cc4)o3)cc2)cc1,CC(C)=O,341.0
1113,COc1c2ccccc2c(OC)c2c1c1ccc(C(F)(F)F)cc1n2C,ClCCl,419.0
11365,CC[N+]1=C(/C=C/c2cc3cc(C(C)(C)C)cc4ccc5cc(C(C)(C)C)cc2c5c43)C(C)(C)c2ccccc21,CC#N,492.0
3160,c1ccc(-c2nc(-c3ccc(-c4ccc(N(c5ccccc5)c5ccccc5)cc4)cn3)oc2-c2ccccc2)cc1,C1CCOC1,351.0
1592,COc1ccc(C2=[N+]3C(=Nc4c(-c5ccccc5-c5ccc(C(C)(C)C)cc5)cc(-c5ccc(OC)cc5)n4[B-]3(F)F)c3c2c2cc(C(C)(C)C)ccc2c2ccccc32)cc1,Cc1ccccc1,701.0
2270,CC1CC=C(c2ccc(-c3cccs3)s2)CC1,CCO,336.0
7525,CCn1c2sccc2c2c3nsnc3c3c4ccsc4n(CC)c3c21,C1CCOC1,424.0
6206,COC(=O)C[C@H](Cc1c[nH]c2ccccc12)NC(=O)[C@H](CC(=O)N[C@@H](CC1=CCc2ccccc21)C(=O)OC)NC(=O)OC(C)(C)C,CO,280.0
6729,F[B-]1(F)n2c(-c3cccs3)cc(-c3cccs3)c2N=C2C(c3cccs3)=CC(c3cccs3)=[N+]21,Cc1ccccc1,743.0
1082,Nc1cc2nc3cc(Br)c(Br)cc3nc2cc1N,CCO,442.0
2998,c1ccc2c(-c3ccc(-c4nnc(-c5ccc(-c6nnc(-c7ccc(-c8cccc9ccccc89)s7)o6)cc5)o4)s3)cccc2c1,CS(C)=O,360.0
4574,c1ccc(N2c3ccccc3Sc3cc(-c4cccc5nc6ccccc6cc45)ccc32)cc1,CCOC(C)=O,407.0
3912,COC(=O)/C(C#N)=C/c1cn(-c2ccccc2)nc1-c1ccc([N+](=O)[O-])cc1,CS(C)=O,330.0
11005,CCOC(=O)/C=C/c1ccc(N(C)C)cc1,CO,362.0
7243,COC1=[N+]2C(=C(c3ccc(C)cc3)c3ccc(OC)n3[B-]2(F)F)C=C1,C1CCOC1,514.0
2813,O=c1oc2ccccc2cc1-c1cccc(-c2cc3ccccc3oc2=O)c1,ClC(Cl)Cl,330.0
11456,CN(C)c1ccc(/C=C/C=C/c2nc3ccccc3s2)cc1,CC(C)=O,419.0
9332,COc1cc2c3c(c4cc(OC)c(OC)c(OC)c4c2c(OC)c1OC)=[N+]1C(=C(c2c(C)cc(C)cc2C)c2cc4c5cc(OC)c(OC)c(OC)c5c5c(OC)c(OC)c(OC)cc5c4n2[B-]1(F)F)C=3,C1CCCCC1,733.0
6507,c1ccc2c(-n3cnc4ccccc43)cccc2c1,ClC(Cl)Cl,285.0
6512,CC1(C)Cc2c(c3ccccc3c3nc4c5c(c6ccccc6c4nc23)OC(C)(C)C5)O1,CCCCCC,483.0917874
5298,Cc1ccc(C)n1-c1ccc(C#N)cc1,CCOCC,275.0
2807,CN(C)c1ccc(-c2ccc(-c3cc(N4CCCCC4)c(C#N)c4c3-c3ccccc3CC4)s2)cc1,C1CCOC1,350.0
8630,O=C1c2cccc3cc4ccccc4c(c23)C(=O)N1Cc1ccccn1,ClCCl,437.0
2691,OC1(c2ccc(-c3cccs3)s2)CCC(c2ccccc2)CC1,C1CCOC1,313.0
2771,COC(=O)c1ccc(C2=C3C=c4sccc4=[N+]3[B-](F)(F)n3c2cc2sccc23)cc1,ClCCl,576.0
4954,CCN(CC)c1ccc2cc(C#N)/c(=N\C(=O)c3ccc(F)cc3)oc2c1,CCO,442.0
11470,c1ccc2sc(-c3ccc(-c4nnc(-c5ccc(-c6nnc(-c7ccc(-c8cc9ccccc9s8)s7)o6)cc5)o4)s3)cc2c1,CC#N,340.0
4040,CCCC(=O)c1c2c(c(C(=O)CCC)c3c1OC(CC(=O)OC)(C(=O)OC)O3)OCO2,ClCCl,425.0
46,Oc1cccc(/N=C/c2ccccc2Oc2ccccc2)c1,c1ccccc1,328.0
5800,CCCCc1c2ccccc2c(-c2ccc(-c3nc4cc(CC(NC(=O)OC(C)(C)C)C(=O)OC)ccc4o3)cc2)c2ccccc12,CC(C)O,396.1305963
1149,C(=C/c1cccc2ccccc12)\c1ccc(-c2nnc(-c3ccc(-c4cc5ccccc5s4)cc3)o2)cc1,CN(C)C=O,357.0
10522,CCOC(=O)C1c2ccccc2C(=O)N1c1ccccn1,ClCCl,314.0
895,CCn1c2ccccc2c2cc(-c3cc(-c4ccc5c(c4)c4ccccc4n5CC)nc(S(C)(=O)=O)n3)ccc21,C1CCOC1,381.0
5990,CN(C)c1ccc2cc(C(/C=C/c3c[nH]c4ccccc34)=C(C#N)C#N)c(=O)oc2c1,ClCCl,446.0
7497,CCCCCCCCN1c2ccc(C#Cc3ccc(OC)cc3)cc2Sc2cc(C=O)ccc21,Cc1ccccc1,382.997322
765,Cc1ccc(NC(=O)c2sc(Br)nc2C)cc1,CCCCCC,286.9
6123,N#Cc1ccc(C#Cc2ccc(C#Cc3ccccc3C#N)cc2C#N)cc1,ClC(Cl)Cl,340.0
7220,CC1=[N+]2C(=C(c3ccc(C#N)cc3)c3ccc(C)n3[B-]2(F)F)C=C1,CC#N,512.0
7708,CN(C)c1ccc(/C=C2\CCCC2=O)cc1,CCO,390.0
7871,CCN1/C(=C\C=C\C=C\C2=[N+](CC)c3ccc4ccccc4c3C2(C)C)C(C)(C)c2c1ccc1ccccc21,CC#N,677.0
1923,COC(=O)C(Cc1ccc2oc(-c3ccc(N(c4ccccc4)c4ccccc4)cc3)nc2c1)NC(=O)OC(C)(C)C,C1COCCO1,363.1002956
10509,N#Cc1cc2nc3c(nc2cc1C#N)C1c2ccc(N(c4ccccc4)c4ccccc4)cc2C3c2ccc(N(c3ccccc3)c3ccccc3)cc21,C1CCCCC1,428.0
6391,CN(C)c1ccc(-c2ccc3n2[B-](F)(F)[N+]2=C(c4ccccc4)C=CC2=C3C(F)(F)F)cc1,ClC(Cl)(Cl)Cl,676.0
3314,CN(C)c1ccc(C(=O)Nc2ccc(F)cc2)cc1,CC#N,314.0
6130,CCn1c2cc(-c3cccs3)ccc2c2ccc(-c3cccs3)cc21,ClCCl,370.0
10171,CCCCCCCCOc1ccc(C#Cc2ccc3oc4ccccc4c3c2)c(OCCCCCCCC)c1,ClCCl,314.0
2919,CN(C)c1ccc(-c2nc(C#N)c(C#N)n2C)cc1,CC#N,313.0
4074,O=C1OCC2=C1C(c1ccccc1)c1cc3c(cc1N2CCO)CCC3,CCO,323.0
565,CCOC(=O)c1sc2nc(C)c(CC)c(C#N)c2c1N,c1ccccc1,412.0
2684,O=C1NC(=O)/C(=C\c2ccccc2O)S1,C1CCCCC1,347.0
9401,CCN(CC)c1ccc2c(C#N)c(/C=C(\C#N)c3nc4ccccc4s3)c(=O)oc2c1,CN(C)C=O,525.0
8826,COc1ccc(C2=CC(c3ccc(OC)cc3)=[O+][B-](C(C)=O)(C(C)=O)O2)cc1,CC#N,410.0
11596,COc1ccc(C2=Cc3c4ccccc4cc[n+]3[B-](F)(F)O2)cc1,ClC(Cl)Cl,410.5
7213,Cc1ccc(/C2=c3\cc/c(o3)=C(\c3ccc(C)cc3)c3ccc([nH]3)-c3ccc4n3[B-](F)(F)[N+]3=C(C=CC3=C4c3ccc[nH]3)c3ccc2[nH]3)cc1,ClC(Cl)Cl,717.0
1011,CCN(CC)c1ccc(-c2ccc(-c3nc(N4CCOCC4)c4ccccc4n3)s2)cc1,CC#N,401.0
11804,Cc1cccc2nc3c(=O)[nH]c(=O)[nH]c3nc12,C1COCCO1,379.0
7488,CCCCCCCCN1c2ccc(C#Cc3ccc(F)cc3)cc2Sc2cc(C=O)ccc21,CO,350.0024635
11617,c1ccc2c(c1)Cc1ccccc1N2c1c2ccccc2c(N2c3ccccc3Cc3ccccc32)c2ccccc12,Cc1ccccc1,440.0
7021,COc1cccc2c1oc(=O)c1c(=O)oc3cc(O)ccc3c12,CS(C)=O,378.0
6247,CN1C(C(=O)Nc2ccccn2)=C(O)c2ccccc2S1(=O)=O,CCCO,330.0
3288,CN(C)CCN(Cc1c2ccccc2cc2ccccc12)c1ccc([N+](=O)[O-])cn1,C1CCOC1,391.0
7334,CC1=CC(C)=[N+]2C1=C(c1c(F)c(F)c(NCCCCCCNP(=O)(OC(C)C)OC(C)C)c(F)c1F)c1c(C)cc(C)n1[B-]2(F)F,CCOC(C)=O,512.0
8420,CCCCc1ccc(-n2c3c4cc(F)ccc4nnc3c3c2c2nnc4ccc(F)cc4c2n3-c2ccc(CCCC)cc2)cc1,Cc1ccccc1,315.0
8425,CCCCCCN1C(=O)c2cccc3c(-c4ccc([N+](=O)[O-])s4)ccc(c23)C1=O,ClC(Cl)Cl,363.0
10296,COc1ccc2cc(-c3ccc(C(F)(F)F)cc3)oc(=O)c2c1,CCCCO,326.0
5034,CC1=NN(c2ccccc2)C(=O)/C1=C\c1cn(-c2ccccc2)nc1-c1ccc([N+](=O)[O-])cc1,C1COCCO1,361.0
1978,CC1(C)CCc2c(c3ccccc3c3nc4ccccc4nc23)O1,C1CCOC1,434.0277778
8908,COC(=O)c1cc(=O)n(C)c2cc(-c3cccc(OC)c3)sc12,ClCCl,394.0
6189,CN(C)c1ccc2c(c1)COc1c-2oc2ccccc2c1=O,CC#N,396.0
4093,CCCCN(CCCC)c1ccc(/C=C/c2ccc(-c3ccc(/C=C/c4ccc(N(CCCC)CCCC)cc4)cc3)cc2)cc1,Cc1ccccc1,399.3
11594,COc1cccc(-c2nc3c([nH]2)C2=CC(=O)S[C@]2(C)[C@@]2(C)SC(=O)C=C32)c1OC,CC#N,397.0
10023,COc1ccc(N(c2ccc(C=C(c3ccccc3)c3ccccc3)cc2)c2ccc(OC)cc2)cc1,Cc1ccccc1,376.0
3495,COc1ccc(C(=O)/C=C2\C(=O)Nc3ccccc32)c(OC)c1,CO,343.0
10723,CC(C)(C)c1ccc(-c2nc3c4ccc(-c5ccc6ccc7cccc8ccc5c6c78)cc4c4cc(-c5ccc6ccc7cccc8ccc5c6c78)ccc4c3n2-c2ccc(C(C)(C)C)cc2)cc1,ClCCl,348.0
8758,COC(=O)C(N)Cc1ccc(O[Si]2(Oc3ccc(CC(N)C(=O)OC)cc3)n3c4c5ccccc5c3/N=C3\N=C(/N=c5/c6ccccc6/c(n52)=N/C2=N/C(=N\4)c4ccccc42)c2ccccc23)cc1,CN(C)C=O,680.0
5736,CN(C)c1ccc(C2=Cc3cccc[n+]3[B-](F)(F)O2)cc1,CC#N,417.0
3833,COc1nc(Cl)nc(Nc2ccc3c4c(cccc24)C(=O)c2ccccc2-3)n1,N#Cc1ccccc1,415.9733777
1345,Cc1ccc2c(CC(=O)NN)coc2c1,CCOC(C)=O,298.0
1444,COc1ccc2c(c1)[nH]c1c3[nH]c4cc(OC)ccc4c3c3nsnc3c21,ClCCl,430.0
8572,O=c1c(Nc2ccccc2)c([O-])c1=[NH+]c1ccccc1,O,374.0
8142,Nc1cc[nH]c(=S)n1,CCOC(C)=O,286.0
2239,CC(=O)Nc1ccc(C2=C/C(=C\c3ccc(C#N)cc3)C(=O)N2)cc1,C1COCCO1,456.0
8872,CN1C(=Cc2c([S-])c(=O)c2=O)C(C)(C)c2ccccc21,CCO,446.0
2516,CC(=O)OCCN1C(=O)c2cccc3c(Oc4ccccc4C)ccc(c23)C1=O,ClC(Cl)Cl,352.0
6651,OCC1O[C@@H](Cc2cc(O)cc(/C=C/c3ccc(O)c(O)c3)c2)[C@H](O)[C@@H](O)[C@@H]1O,CCO,323.0
7886,CCCCN1/C(=C\C=C\C=C\C2=[N+](CCCC)c3ccc4ccccc4c3C2(C)C)C(C)(C)c2c1ccc1ccccc21,C1CCOC1,684.0
1593,COC(=O)c1[nH]c(-c2ccccc2)c2nnc3c4ccccc4oc3c12,ClCCl,403.0
7299,CCCSc1ccc2n1[B-](F)(F)[N+]1=CC=CC1=C2c1ccccc1,CCCCCC,536.0
8116,N#C/C(=C\c1ccncc1)c1nc(-c2ccccc2)cs1,ClCCl,418.0
8147,c1ccc2cc3cc(-c4cc(-c5nccs5)nc(-c5nccs5)c4)ccc3cc2c1,CC#N,305.0
5707,CC(C)[Si](C#Cc1ccc(C#C[Si](C(C)C)(C(C)C)C(C)C)c2nc3c(nc12)Cc1ccccc1-3)(C(C)C)C(C)C,CCCCCC,369.0
80,Oc1ccccc1/N=C/c1ccccc1Oc1ccccc1,CO,348.0
5272,O=S(=O)(c1ccc(-c2ccc(-c3nc4c5ccccc5c5ccccc5c4n3-c3ccccc3)cc2)cc1)c1ccc(-c2ccc(-c3nc4c5ccccc5c5ccccc5c4n3-c3ccccc3)cc2)cc1,CCCCOCCCC,368.0
2464,CN1C(=O)c2cccc3c(-n4c5ccccc5c5ccccc54)ccc(c23)C1=O,C1CCOC1,408.0
6475,c1ccc(-c2cc(-c3ccc4ccc5c(-c6ccnc(-c7ccccn7)c6)ccc6ccc3c4c65)ccn2)nc1,CCC#N,359.99712
921,OC1(c2ccc(-c3cccs3)s2)CCC1,CC#N,309.0
335,CCC1=C(C)C2=C(C)c3cc(I)c(I)n3[B-](F)(F)[N+]2=C1C,CC(C)=O,515.5
4541,C1CCN2CCCn3c2c(c2c3=NCCN=2)C1,CCCCCC,352.0
11147,COCCOCCOCCOc1ccc(OCCOCCOCCOC)c(C=O)c1,O,350.0
1570,CN(C)c1ccc(C=C/C=C/C=C/c2ccc(C#N)cc2)cc1,CCCCOCCCC,416.0
2087,F[B-]1(F)n2cccc2C(c2c3ccccc3c(-c3ccccc3)c3ccccc23)=C2C=CC=[N+]21,ClCCl,506.0
7711,CN(C)c1ccc(/C=C2\CCCC2=O)cc1,CN(C)C=O,383.0
1572,CN(C)c1ccc(C=C/C=C/C=C/c2ccc(C#N)cc2)cc1,CCOCC,416.0
8069,CN(C)c1ccc2c3c(ccc2c1)C(=O)CCC3,CCO,369.0
7925,c1ccc2c(-c3ccc(-n4c5ccccc5c5ccccc54)cc3)c3c(nc2c1)-c1cc2c(cc1CC3)-c1nc3ccccc3c(-c3ccc(-n4c5ccccc5c5ccccc54)cc3)c1CC2,ClC(Cl)Cl,377.0
4684,F[B-]1(F)Oc2ccc(Br)cc2-c2c3c(c4c([n+]21)CCc1ccccc1-4)CCc1ccccc1-3,ClCCl,347.0
1964,CC(C)(C)c1ccc(-c2sc3c(-c4ccc(C(C)(C)C)cc4)c4n(c3c2-c2ccc(C(C)(C)C)cc2)[B-](F)(F)[N+]2=Cc3c(-c5ccc(C(C)(C)C)cc5)c5sc(-c6ccc(C(C)(C)C)cc6)c(-c6ccc(C(C)(C)C)cc6)c5n3[B-](F)(F)[N+]2=C4)cc1,ClCCl,591.0
11764,CCOC(=O)C1=C(C)NC2=C(C(=O)c3ccccc32)C1c1ccc(N(C)C)cc1,C1CCOC1,374.0
9128,CC[n+]1c(-c2ccccc2)c2cc(N)ccc2c2ccc(NC(N)=O)cc21,O,458.0
1509,Cc1cc(C)n2c1C=C1c3ccccc3C(c3c[nH]c4ccccc34)=[N+]1[B-]2(F)F,ClCCl,581.0
8257,CCCCCCOc1ccc2oc3c(c2c1)=CC1=C(c2ccccc2C)c2cc4c5cc(OCCCCCC)ccc5oc4n2[B-](F)(F)[N+]=31,CCOC(C)=O,587.0
2638,CC(C)(C)c1cc2c(c(C(C)(C)C)c1)O[B-](F)(F)[n+]1c-2[nH]c(=O)c2ccccc21,CC#N,357.0
3989,CC1(C)CCc2c(c3ccccc3c3nc4c5c(c6ccccc6c4nc23)OC(C)(C)CC5)O1,CC#N,459.9816007
4457,COc1cc(/C=C/c2nc3ccccc3s2)c(OC)cc1/C=C/c1nc(C)nc(/C=C/c2cc(OC)c(/C=C/c3nc4ccccc4s3)cc2OC)n1,CC#N,435.0
9572,Cc1cccc2cc(C)c3c4ccccc4[nH]c3c12,ClCCl,296.0
3006,CCOC(=O)c1sc(-c2ccc(-c3cc(C4CC4)c(C(=O)OCC)s3)s2)cc1C1CC1,ClCCl,395.0
7825,Cc1ccc(/C=C/c2ccccc2-[n+]2noc([O-])c2C)cc1,CCO,312.0
1845,CCCCCCCCOc1ccc2c3cccc4c(OCCCCCCCC)ccc(c5cccc1c52)c43,ClC(Cl)Cl,462.0
8304,Cc1ccc(C(=O)/C=C/c2ccc(N(C)C)cc2)cc1,CC(C)=O,405.0
111,CCN(CC)c1ccc(/C=C/C(=O)c2c(O)cc(C)oc2=O)cc1,CCO,488.0
3441,CCC1=C(C)C(=O)n2c1cc1c(C)c(CC(=O)O)c(C)n1c2=O,ClC(Cl)Cl,424.0
10952,CC(C)(C)Nc1cc(F)c(C(=O)c2cc(F)c(NC(C)(C)C)cc2F)cc1F,CCO,348.0
472,COc1cc2c(cc1-c1ccc(F)cc1)Cc1c3c(c4c(c1-2)-c1cc(OC)c(-c2ccc(F)cc2)cc1C4)C(=O)N(CCC(C)C)C3=O,C1CCOC1,405.0
3973,c1ccc(-c2nc3c(ccc4[nH]ccc43)o2)cc1,Cc1ccccc1,322.0
819,N#Cc1ccc(-c2ccc(C3=CCC(c4ccccc4)CC3)s2)s1,c1ccncc1,373.0
3125,Cc1ccc(-c2cc(-c3ccc(C)cc3)c(C#N)c(=O)[nH]2)cc1,CC#N,373.0
1795,CC(C)c1cccc(C(C)C)c1N1C(=O)c2ccc3cc4c(cc5ccc6c7c(ccc4c57)C(=O)N(c4c(C(C)C)cccc4C(C)C)C6=O)c4ccc(c2c34)C1=O,ClCCl,648.0
9404,CCN(CC)c1ccc2c(C#N)c(/C=C(\C#N)c3nc4ccccc4s3)c(=O)oc2c1,Cc1ccccc1,560.0
11141,COCCOCCOCCOc1ccc(OCCOCCOCCOC)c(C=O)c1,CCCCO,348.0
8268,O=Cc1ccc(C2=C3C=c4c(oc5ccccc45)=[N+]3[B-](F)(F)n3c2cc2c4ccccc4oc23)cc1,CO,583.0
7689,CCCN1/C(=C/C=C(/C=C/C2=[N+](CCC)c3ccccc3C2(C)C)c2ccncc2)C(C)(C)c2ccccc21,CO,634.0
7612,O=C(c1ccc(N2c3ccccc3Oc3ccccc32)cc1)c1ccc2sc3ccccc3c2c1,C1CCOC1,312.0
11121,COCCOCCOCCOCCOc1ccc(OCCOCCOCCOCCOC)c(C=O)c1,CCCCO,349.0
4789,COc1cccc(-c2c3ccccc3c3n2[B-](F)(F)[N+]2=Cc4c5ccccc5c(-c5cccc(OC)c5)n4[B-](F)(F)[N+]2=C3)c1,CC#N,552.0
9004,Cc1cccc(-c2c3ccccc3c(-c3cccc(C)n3)c3ccccc23)n1,ClCCl,393.0
7834,C(#Cc1ncc(-c2ccccc2)o1)c1cccnc1,ClCCl,330.0
10412,O=C1c2ccccc2C2=Cc3ccccc3B(O)N12,ClC(Cl)Cl,375.0
1183,COC(=O)c1nc2c(N(C)C)nc(N(C)C)nc2n1Cc1ccccc1,ClCCl,351.0
31,Oc1cccc(/N=C/c2ccccc2Oc2ccccc2)c1,CCCCCCO,321.0
7591,N#C/C(=C\c1cn(-c2ccccc2)nc1-c1ccc([N+](=O)[O-])cc1)c1nc2ccccc2s1,CCOC(C)=O,375.0
11676,c1ccc(-p2c3ccccc3c3sc4ccccc4c32)cc1,CCO,314.0
6292,CCN(CC)c1ccc2cc(-c3nc4ccccc4s3)c(=O)oc2c1,CCO,460.0
3602,F[B-]1(F)n2ccnc2-c2cccc[n+]21,C1CCCCC1,298.0
1566,CN(C)c1ccc(C=C/C=C/C=C/c2ccc(C#N)cc2)cc1,C1CCOC1,420.0
9814,[O-]c1c(-c2ccccc2)cc(-[n+]2c(-c3ccccc3)cc(-c3ccccc3)cc2-c2ccccc2)cc1-c1ccccc1,Clc1ccccc1,776.9293478
6325,N#Cc1cc(/C=C/c2ccc(/C=C/c3ccc(N(c4ccccc4)c4ccccc4)cc3)c(C#N)c2)ccc1/C=C/c1ccc(N(c2ccccc2)c2ccccc2)cc1,ClCCl,429.0
73,Oc1ccccc1/N=C/c1ccccc1Oc1ccccc1,CCCCCCO,355.0
3540,O=C1Nc2ccccc2/C1=C/C(=O)c1ccc(Cl)cc1Cl,C1CCCCC1,336.0
5471,Cc1ccc(-c2cc(-c3ccccc3)c(C#N)c(=S)[nH]2)cc1,CN(C)C=O,438.0
7883,CCCCN1/C(=C\C=C\C=C\C2=[N+](CCCC)c3ccc4cc(Br)ccc4c3C2(C)C)C(C)(C)c2c1ccc1cc(Br)ccc21,CO,683.0
4441,Cn1c(-c2ccc(-c3nc(-c4ccccc4)c(-c4ccccc4)n3C)s2)nc(-c2ccccc2)c1-c1ccccc1,CC#N,391.0
2183,N#CC(C#N)=Cc1ccc(-c2ccc(N(c3ccccc3)c3ccccc3)cc2)cc1,ClC(Cl)Cl,461.0
9611,CCC1=C(C)C2=C(c3c(C)cc(C)nc3-c3cccs3)c3c(C)c(CC)c(C)n3[B-](F)(F)[N+]2=C1C,CN(C)C=O,532.0
8328,c1ccc(-c2cc(-c3ccc(N(c4ccccc4)c4ccccc4)cc3)cc(-c3ccccc3)n2)cc1,CC#N,357.0
3954,CCCCc1cc(C(=O)CCC)c2ccc3c(CCCC)cc(N4CCCCC4)c4ccc1c2c34,CCO,404.0
2420,C(=C/c1cc[n+](Cc2ccccc2)cc1)\c1cc[n+](Cc2ccccc2)cc1,CC#N,324.0
8677,Cc1ccc([C@@H]2C[C@](O)(c3ccccn3)C[C@](O)(c3ccccn3)[C@H]2C(=O)c2ccc(N(c3ccccc3)c3ccccc3)cc2)cc1,CN(C)C=O,360.0
7798,CN(C)c1ccc2nc(-c3ccc(C(=O)OC[C@H](NC(=O)OC(C)(C)C)C(=O)OCc4ccccc4)cc3)sc2c1,CO,397.0
4688,c1ccc(-c2c3ccccc3c(-c3cncnc3)c3ccccc23)cc1,ClCCl,397.0
1111,COc1c2ccccc2c(OC)c2c1c1ccc(C(F)(F)F)cc1n2C,CC#N,417.0
7900,CCCCCCC1(CCCCCC)c2ccccc2-c2ccc(-c3ccc4c(c3)S(=O)(=O)c3cc(-c5ccc6c(c5)C(CCCCCC)(CCCCCC)c5ccccc5-6)ccc3-4)cc21,Cc1ccccc1,366.0
2465,CN1C(=O)c2cccc3c(-n4c5ccccc5c5ccccc54)ccc(c23)C1=O,CCCCCC,402.0
5840,CC[n+]1ccc(/C=C/c2ccc3ccc4cccc5ccc2c3c45)cc1,Cc1ccccc1,454.0
11014,COc1ccc(O)cc1C=O,CO,355.0
11241,COc1cc(C(=O)O)ccc1O,CO,293.6
373,O=C1c2ccccc2-c2c(-c3cc(Br)ccc3O)[nH]c(=O)n21,CO,400.0
10599,N#Cc1cc2ccc([O-])cc2oc1=O,O,408.0
4264,Cc1cc(C)n2c1C=C1c3ccccc3C(c3[nH]c4ccccc4c3C)=[N+]1[B-]2(F)F,CO,598.0
10121,COc1cc(/C=C/C2=CC(/C=C/c3ccc(O)c(OC)c3)=[O+][B-](F)(F)O2)ccc1O,CO,500.0
10338,Nc1ccc2cc(-c3ccc(C(F)(F)F)cc3)oc(=O)c2c1,CCCCO,348.0
9230,CN(C)c1ccc(-c2nc3c(c4c2-c2ccc(C#N)cc2CC4)-c2ccc(C#N)cc2CC3)cc1,CCCCCC,348.0
4731,Cc1nn(-c2ccccc2)c2c1c(=O)oc1ccc(-n3c4ccccc4c4ccccc43)cc12,Cc1ccccc1,341.0
6760,CC1(C)CC(=O)C2=C(C1)Oc1ccc3ccc(O)cc3c1C2c1ccccn1,C1CCOC1,335.0
4292,CC(C)(C)c1ccc2c(c1)c1cc(C(C)(C)C)ccc1n2-c1cccc2c1Oc1c(-c3nc(-c4ccccc4)nc(-c4ccccc4)n3)cccc1C2(C)C,Cc1ccccc1,346.0
10487,CCCCCCc1cc2c(s1)-c1sc(CCCCCC)cc1P(c1ccccc1)(c1ccccc1)=[O+][B-]2(c1c(C)cc(C)cc1C)c1c(C)cc(C)cc1C,C1CCOC1,431.0
3344,C(=C/c1ccc(-c2nc3c4cccnc4c4ncccc4c3[nH]2)cc1)\c1ccncc1,C1CCOC1,367.0
1193,CN(C)c1nc(N(C)C)c2nc(C#N)n(Cc3ccccc3)c2n1,CC#N,344.0
45,Oc1cccc(/N=C/c2ccccc2Oc2ccccc2)c1,OCCO,328.0
4373,COc1cccc2cc(-c3ccc([N+](=O)[O-])cc3)c(=N)oc12,C1CCOC1,339.0
1201,CN(C)c1nc(N)nc2c1nc(C#N)n2Cc1ccccc1,CC#N,326.0
11623,O=P(c1ccccc1)(c1ccccc1)c1ccc(-c2nc3ccccc3n2-c2cccc(P(=O)(c3ccccc3)c3ccccc3)c2)cc1,ClCCl,314.0
11109,COCCOCCOCCOCCOc1cc(C=O)c(OCCOCCOCCOCCOC)cc1C=O,CC(C)CO,392.0
11053,COC(=O)/C=C/C=C/c1ccc(N(C)C)cc1,ClCCl,390.0
9883,CCCCCCCCCCCCC(CCCCCCCCCC)Cn1c2cc(/C=C/C=C(C#N)C#N)c3cccc4c5cccc6c(/C=C/C=C(C#N)C#N)cc1c(c65)c2c34,C1CCCCC1,638.0
1578,c1ccc(-c2cc3c(oc4ccccc43)c(-c3ccccc3)[o+]2)cc1,CC#N,385.0
5773,c1ccc2c(c1)[nH]c1cccnc12,C1CCCCC1,336.0
10185,CC1(C)c2ccccc2N(c2ccc(-c3ccc(C#N)cc3)cc2)c2ccccc21,Cc1ccccc1,358.0
10620,COc1cc(OC)c2ccc(=O)oc2c1,CCO,324.0
4680,O=[N+]([O-])c1ccc([N+]2=Cc3ccc4c5c(ccc4c3O[B-]2(c2c(F)c(F)c(F)c(F)c2F)c2c(F)c(F)c(F)c(F)c2F)C=[N+](c2ccc([N+](=O)[O-])cc2)[B-](c2c(F)c(F)c(F)c(F)c2F)(c2c(F)c(F)c(F)c(F)c2F)O5)cc1,ClCCl,553.0
3118,O=Cc1cc(C=O)c2ccc3c(N4CCCCC4)cc(N4CCCCC4)c4ccc1c2c43,CCO,522.0
1584,CC1=CC(=[N+]2CCC2)C=C2C1=Nc1c(C)cc(N3CCC3)cc1[Si]2(C)C,O,725.0
5706,COc1ccc2cc(/C=C/C3=[O+][B-](F)(F)OC(/C=C/c4ccc5cc(OC)ccc5c4)=C3c3ccccc3)ccc2c1,ClCCl,526.0
10219,CN(C)c1ccc(C2=Cc3ccc4ccccc4[n+]3[B-](F)(F)O2)cc1,COC(C)=O,468.0
10091,O=C1CC(c2cccc([N+](=O)[O-])c2)c2c(c3ccccc3c3nc4ccccc4nc23)O1,CO,407.0
10078,C#CCn1c2ccccc2c2cc(/C=C/c3c(Cl)c(C)c4n3[B-](F)(F)[N+]3=C(C)C(Cl)=C(C)C3=C4c3ccc(I)cc3)ccc21,CS(C)=O,616.0
4767,COC(=O)C1=C(C(=O)OC)C2(c3ccccc3-c3c(C(=O)OC)cccc32)[C@@H](c2ccc(Cl)cc2)C=C2c3cc(OC)c(OC)cc3CCN21,ClCCl,311.0
6567,COc1cc(OC)c2c3c([nH]c2c1)C(=O)CCC3,CCCCCCCCO,329.0
1864,CCN(CC)c1ccc2cc(-c3csc(N)c3C#N)c(=O)oc2c1,CO,406.0
6613,N#Cc1ccc(/C=C2\C=C(c3ccccc3)OC2=O)cc1,C1COCCO1,400.0
9125,c1ccc(N(c2ccccc2)c2ccc(-c3ncc(-c4ccncc4)s3)cc2)cc1,CO,397.0
10862,CN1C(=O)/C(=C/c2ccncc2)N=C1c1ccccc1,C1COCCO1,379.0
315,CCC1=C(C)C2=C(C)c3c(C)c(CC)c(C)n3[B-](F)(F)[N+]2=C1C,CN(C)C=O,517.1
10130,CC(=O)O[B-]1(OC(C)=O)OC(/C=C/c2ccc(C)cc2)=CC(/C=C/c2ccc(C)cc2)=[O+]1,Cc1ccccc1,436.0
2986,COc1ccc(C2=C(c3ccc(OC)cc3)[Si](c3ccccc3)(c3ccccc3)c3ccccc32)cc1,C1CCOC1,341.0
3582,O=C1Nc2ccccc2/C1=C/C(=O)c1ccccc1,CN(C)C=O,337.0
10221,Cc1cccc(C2=Cc3ccc4ccccc4[n+]3[B-](F)(F)O2)c1,ClC(Cl)Cl,429.0
6343,CN(C)c1ccc2cc(C3=[O+][B-](F)(F)OC(c4ccc(C#N)cc4)=C3)ccc2c1,Cc1ccccc1,519.0
9232,CN(C)c1ccc(-c2nc3c(c4c2-c2ccc(C#N)cc2CC4)-c2ccc(C#N)cc2CC3)cc1,CO,332.0
2631,CC(=O)c1c2c(cc3ccc(N(C)C)cc13)CCC2,CS(C)=O,377.0
5220,COc1ccc(C2=[N+]3C(=Nc4c(C)cc(-c5ccc(OC)cc5)n4[B-]3(F)F)C(C)=C2)cc1,CS(C)=O,656.0
1472,CCN(CC)c1ccc2cc3c(cc2c1)C1(c2ccccc2Oc2ccccc21)c1cc2cc(N(CC)CC)ccc2cc1C3=O,CC#N,452.0
9469,CC(C)(C)NC(=O)c1cccc2ccc3c4cc(Cl)ccc4c4ccc(Cl)cc4c3c12,ClCCl,335.0
5885,Fc1c(F)c(-n2c3ccccc3c3ccccc32)c(F)c(F)c1-c1nnc(-c2ccccc2)o1,Cc1ccccc1,344.0
5046,COc1ccc2c(c1)-c1cc3c(cc1[Si]2(c1ccccc1)c1ccccc1)-c1ccccc1[Si]3(c1ccccc1)c1ccccc1,ClCCl,334.0
4418,COc1ccc(N(c2ccc(OC)cc2)c2ccc(-c3ccc4c(c3)C(=O)c3ccccc3C4=O)cc2)cc1,ClC(Cl)(Cl)Cl,483.0
6329,CCCCCCn1c2c(c3ccccc31)-c1c(c3ccccc3n1CCCCCC)-c1c(c3ccccc3n1CCCCCC)-c1c-2c2ccccc2n1CCCCCC,ClCCl,312.0
5665,CC(C)[Si](C#Cc1c2ccccc2c(C#C[Si](C(C)C)(C(C)C)C(C)C)c2nc3c4ccccc4c(=O)c4ccccc4c3nc12)(C(C)C)C(C)C,ClCCl,509.0
5226,CC1(C)C(/C=C/C2=C(c3ccc(C(=O)O)cc3)/C(=C/C=C3/N(CCCS(=O)(=O)[O-])c4ccc5ccccc5c4C3(C)C)CCC2)=[N+](CCCS(=O)(=O)[O-])c2ccc3ccccc3c21,CO,800.0
2036,CC(C)(C)C1Nc2c(Cl)cc(Cl)cc2C(=O)N1Cc1ccccc1,c1ccccc1,355.0
9453,CC(C)(C)c1ccc2c(c1)c1cc(C(C)(C)C)ccc1n2-c1cccc(-c2nc(-c3cccc(-n4c5ccc(C(C)(C)C)cc5c5cc(C(C)(C)C)ccc54)c3)nc(-c3cccc(P(=O)(c4ccccc4)c4ccccc4)c3)n2)c1,ClCCl,344.3632568
1351,CCCCn1c2ccccc2c2cc(C#Cc3ccc4ccc5cccc6ccc3c4c56)ccc21,ClCCl,402.0
1071,N#Cc1nc2c(OCc3ccccc3)nc(N)nc2n1Cc1ccccc1,CO,318.0
11055,CCCCC(CC)COC(=O)/C=C/c1c(OC)ccc(OC)c1OC,CCCCCC,320.0
11651,CN(C)CCCN1c2ccccc2CCc2ccc(Cl)cc21,O,279.0
5279,c1ccc(-n2cccc2)cc1,CC#N,252.0
4459,Cc1c(C)c(-c2cccnc2)c(C)c(C)c1B(c1c(C)c(C)c(-c2cccnc2)c(C)c1C)c1c(C)c(C)c(-c2cccnc2)c(C)c1C,ClCCl,330.0
8892,CCN(CC)c1ccc(-c2cc3c(s2)c(C(=O)OC)cc(=O)n3C)cc1,ClC(Cl)Cl,442.0
4807,c1ccc(-c2nc(-c3cccc4ccccc34)n3ccccc23)cc1,O,367.0
9810,[O-]c1c(-c2ccccc2)cc(-[n+]2c(-c3ccccc3)cc(-c3ccccc3)cc2-c2ccccc2)cc1-c1ccccc1,ClC(Cl)(Cl)Cl,882.4382716
8735,O=c1c2cccc3cccc(c32)c2nc3c4ccccc4c4ccccc4c3n12,ClCCl,436.0
1594,CCc1c(C)c2n(c1C)[B-](F)(F)[N+]1=C(C=C3c4ccccc4-c4ccccc43)C=CC1=C2C,C1CCCCC1,589.0
4139,CCCCCCc1ccc2c3c(ccc2c1)O[B-](c1ccccc1)(c1ccccc1)[N+](c1ccc([N+]2=Cc4c(ccc5cc(CCCCCC)ccc45)O[B-]2(c2ccccc2)c2ccccc2)cc1)=C3,ClCCl,459.0
409,Cc1cc(O)c(-c2[nH]c(=O)n3c2-c2ccccc2C3=O)cc1Cl,CO,395.0
11501,CN(C)c1ccc(/C=C/c2cc(/C=C/c3ccc(N(C)C)cc3)nc(/C=C/c3ccc(C(F)(F)F)cc3)n2)cc1,ClCCl,429.0
6808,Cc1ccccc1/C(C#N)=C/c1ccc(N(C)C)cc1,CC#N,377.0
11090,CCOC(=O)c1ccc(N)cc1,CC#N,285.4368932
9157,Cc1ccc(Sc2cc3cccc4ccc5cccc2c5c43)cc1,ClCCl,346.0
576,F[B-]1(F)n2c(cc3oc(-c4ccccc4)cc32)C=C2C=c3oc(-c4ccccc4)cc3=[N+]21,ClC(Cl)Cl,652.0
10430,CC(C)(C)c1ccc2c(c1)c1cc(C(C)(C)C)ccc1n2-c1ccc(-c2nc(-c3ccc(P(=O)(c4ccccc4)c4ccccc4)cc3)nc(-c3ccc(P(=O)(c4ccccc4)c4ccccc4)cc3)n2)cc1,ClC(Cl)Cl,435.7808858
4844,CC(C)(C)c1ccc2c(c1)c1cc(C(C)(C)C)ccc1n2-c1ccc(-c2ccc3c(c2)C(=O)c2ccc(-c4ccc(-n5c6ccc(C(C)(C)C)cc6c6cc(C(C)(C)C)ccc65)cc4)cc2C3=O)cc1,Cc1ccccc1,426.0
8975,Cc1ccc(-n2c(-c3ccc(C(F)(F)F)cc3)nc(-c3ccccc3O)c2-c2ccccc2O)cc1,CCCCCC,314.0
5684,CCN1C(=CC=Cc2n(CC)c3cc(Cl)c(Cl)cc3[n+]2CC)N(CC)c2cc(Cl)c(Cl)cc21,CC#N,515.0
8917,Cc1ccc(-c2ccc(/C=C/c3cccn3C)cn2)nc1,CCO,383.0
5466,N#Cc1c(-c2ccccc2)cc(-c2ccccc2)[nH]c1=S,CN(C)C=O,439.0
6987,Oc1cc(N(c2ccccc2)c2ccccc2)ccc1-c1nc2c3ccccc3c3ccccc3c2[nH]1,CCCCCC,385.0
713,Cc1cc(-n2c3ccccc3c3cc4c(cc32)C2c3ccccc3C4c3ccccc32)ccc1-c1nc(-c2ccccc2)nc(-c2ccccc2)n1,Cc1ccccc1,367.0
4553,c1ccc(-c2cc(-c3ccc4c(c3)C3(c5ccccc5-c5ccccc53)c3cc(-c5cc(-c6ccccn6)nc(-c6ccccn6)c5)ccc3-4)cc(-c3ccccn3)n2)nc1,ClC(Cl)Cl,344.0
937,CN1/C(=C/C=C(/C=C/c2sc3ccccc3[n+]2C)c2ccc(F)cc2)Sc2ccccc21,O,641.0
11039,CNc1ccc(/C=C/C#N)cc1,CC#N,350.0
1087,CC(C)(C)NC(=O)c1ccc(-c2cc3ccccc3o2)c2ccc3c4ccccc4c4ccccc4c3c12,ClCCl,364.0
4207,O=C1NC(=O)c2c1c1c3ccccc3[nH]c1c1[nH]c3ccccc3c21,CC(C)OC(C)C,391.0
7087,c1ccc2c(c1)-c1sc3ccccc3c1C21c2ccccc2-c2sc3ccccc3c21,ClCCl,340.0
9824,[O-]c1c(-c2ccccc2)cc(-[n+]2c(-c3ccccc3)cc(-c3ccccc3)cc2-c2ccccc2)cc1-c1ccccc1,O=[N+]([O-])c1ccccc1,693.9563107
7089,CCCCc1cc(-c2cccc(COC)c2)oc1-c1cccc(COC)c1,ClC(Cl)Cl,326.0
7810,N#Cc1ccc(N)c2nonc12,Cc1ccccc1,409.0
3133,N#Cc1c(-c2ccc(Br)cc2)cc(-c2ccc(Br)cc2)[nH]c1=O,CCOC(C)=O,377.0
1454,c1ccc(-n2nc(-c3ccc(N4c5ccccc5Oc5ccccc54)cc3)nc2-c2ccccn2)cc1,ClCCl,341.0
5425,COCCC1=Cc2nc1ccc1[nH]c(cc1CCOC)c1nc(c(NC(=O)CCCC(=O)O)cc3[nH]c2cc3CCOC)C(CCOC)=C1,Cc1ccccc1,645.0
2232,N#Cc1c(-c2cccs2)cc(-c2ccc3c(c2)Cc2ccccc2-3)[nH]c1=O,CCOC(C)=O,394.0
2709,O=Cc1cc(N2CCCCC2)c2ccc3c(N4CCCCC4)cc(N4CCCCC4)c4ccc1c2c43,CC(C)=O,477.0
881,CCn1c2ccccc2c2cc(-c3cc(-c4ccc5c(c4)c4ccccc4n5CC)ncn3)ccc21,CCOC(C)=O,359.0
9193,N#Cc1ccc2c(c1)CCc1nc(-c3ccc([N+](=O)[O-])cc3)c3c(c1-2)CCc1cc(C#N)ccc1-3,CC#N,349.0
1710,COc1ccc2cc(/C=C/c3ccc([N+](=O)[O-])cc3)c(=O)oc2c1,CC#N,392.0
11560,Nc1ccc(C#Cc2ccc3ccc4ccc(C#Cc5ccc(N)cc5)c5ccc2c3c45)cc1,CCOC(C)=O,419.0
4375,COc1cccc2cc(-c3ccc([N+](=O)[O-])cc3)c(=N)oc12,CS(C)=O,335.0
11058,CCCCC(CC)COC(=O)/C=C/c1ccc(OC)c(OC)c1OC,CO,309.0
8084,O=C1OC(c2ccccc2)=N/C1=C\c1ccc(N(c2ccccc2)c2ccccc2)cc1,CCOC(C)=O,466.5
9485,C(=N/c1ccc(-c2cn3nc(-c4cccs4)sc3n2)cc1)\c1ccc(N(c2ccccc2)c2ccccc2)cc1,ClC(Cl)Cl,390.0
5066,CCN(CC)c1ccc(/C=C/C2=[O+][B-](F)(F)Oc3c2c(=O)oc2cc(N(CC)CC)ccc32)cc1,C1CCCCC1,542.0
6861,O=C1CCC(=O)N1,CC#N,191.0
2948,CC(C)(C)c1ccc2c(c1)c1cc(C(C)(C)C)ccc1n2-c1cccc(C(=O)c2cccc(-n3c4ccc(C(C)(C)C)cc4c4cc(C(C)(C)C)ccc43)n2)n1,C1CCOC1,336.5789474
4924,CCN(CC)/C(C)=N\c1ccc2c3c(cccc13)C(=O)c1ccccc1-2,CCCCCC,444.0
10849,CCCCCCCCCCCCOc1cc2cc(N(C)C)ccc2cc1C=O,CCOC(C)=O,380.0
6433,CC(C)(C)c1ccc(-c2cc(-c3ccc(-c4cc(-c5ccc(C(C)(C)C)cc5)c(C(=O)N5CCCC5)s4)s3)sc2C(=O)N2CCCC2)cc1,ClCCl,378.0
11051,COC(=O)/C=C/C=C/c1ccc(N(C)C)cc1,CCO,387.0
4365,C=CC1CN2CCC1CC2[C@@H](OCc1ccccc1)c1ccnc2ccc(O)cc12,Cc1ccccc1,335.0
6923,COc1cc(OC)c2c(c1)C(=O)c1ccc(OC)cc1-2,CC#N,441.0
1597,N#CC(C#N)=C(/C=C/c1ccc(N(c2ccccc2)c2ccccc2)cc1)c1ccccc1,CCOC(C)=O,478.0
9425,CCOC(=O)c1cc(C(=O)OCC)c2c(C)ccc(OC(=O)OC(C)(C)C)c2n1,CCO,312.0
5561,N#CC1=c2c3cccc4cccc(c43)n2[B-](F)(F)[n+]2ccccc21,C1CCOC1,512.0
3519,Cc1ccc(C(=O)/C=C2\C(=O)Nc3ccccc32)cc1,ClCCl,337.0
8531,CCn1c2ccccc2c2cc(/C=C/c3cc(/C=C/c4ccc5c(c4)c4ccccc4n5CC)nc(SC)n3)ccc21,Cc1ccccc1,405.0
3244,COC(=O)/C=C/c1sc(-c2ccc(N(C)C)cc2)c(-c2ccc(OC)cc2)c1O,CC#N,451.0
10659,c1ccc2c(c1)CCc1c-2cnc2c1-c1ccccc1CC2,Cc1ccccc1,323.0
1180,COC(=O)c1nc2c(N(C)C)nc(N(C)C)nc2n1Cc1ccccc1,C1COCCO1,344.0
11474,c1ccc2sc(-c3ccc(-c4nnc(-c5ccc(-c6nnc(-c7ccc(-c8cc9ccccc9s8)s7)o6)cc5)o4)s3)cc2c1,CCCCCCO,343.0
10419,N#Cc1cc(-n2c3ccccc3c3cc(Br)ccc32)c(-n2c3ccccc3c3cc(Br)ccc32)cc1C#N,C1CCOC1,366.0
2576,Nc1nc2ccc(F)cc2[n+]([O-])n1,CC#N,415.0
11726,CCNc1cc2oc3c/c(=[NH+]\CC)c(C)cc-3c(-c3ccccc3C(=O)OCC)c2cc1C,CN(C)C=O,534.0
6779,Cc1cc(=O)c2ccc(N)cc2o1,CCCO,329.0
5294,Cc1ccc(-n2c(C)ccc2C)cc1,CC#N,234.0
10761,CCC(=O)c1ccc2cc(N(C)C)ccc2c1,CC(C)=O,350.0
4707,O=Cc1ccc(-c2ccc(-c3nc4ccccc4s3)c(O)c2)o1,O,326.0
7884,CCCCN1/C(=C\C=C\C=C\C2=[N+](CCCC)c3ccc4cc(Br)ccc4c3C2(C)C)C(C)(C)c2c1ccc1cc(Br)ccc21,CS(C)=O,692.0
9476,COC(=O)c1cc(=O)n(C)c2cc(-c3ccc4c(c3)OCO4)sc12,ClCCl,404.0
5517,CCOC(=O)c1sc(SC)c2c(=O)n(C)nnc12,CCO,391.0
4257,O=[N+]([O-])c1cccc2c1ccc1[n+]2[B-](F)(F)n2c-1cc1c3ccccc3c3ccccc3c12,ClCCl,518.0
2759,CC1=[N+]2C(=C(Oc3ccc4c(c3)CC[C@@H]3[C@@H]4CC[C@]4(C)C(=O)CC[C@@H]34)c3ccc(C)n3[B-]2(F)F)C=C1c1cc2n(c1)[B-](F)(F)[N+]1=CC=CC1=C2c1c(C)cc(C)cc1C,C1CCCCC1,579.5
10427,CC(C)(C)c1ccc2c(c1)c1cc(C(C)(C)C)ccc1n2-c1ccc(-c2nc(-c3ccc(P(=O)(c4ccccc4)c4ccccc4)cc3)nc(-c3ccc(P(=O)(c4ccccc4)c4ccccc4)cc3)n2)cc1,CC(C)=O,366.1822985
9892,Cc1nc(-c2ccccc2O)n2c1CCCC2,ClCCl,314.0
1691,CN(C)c1ccc2nc(-c3ccc(C(=O)Nc4ccccc4)cc3)sc2c1,C1CCCCC1,385.5
5805,CCCCc1c2ccccc2c(-c2ccc(-c3nc4cc(CC(NC(=O)OC(C)(C)C)C(=O)OC)ccc4o3)cc2)c2ccccc12,CO,395.6494388
123,Cc1cc(O)c(C(=O)/C=C/c2ccc(O)c(O)c2)c(=O)o1,CC#N,390.0
6932,CN(C)c1ccc2c(c1)-c1ccccc1C2=O,c1ccccc1,420.0
1952,c1ccc(-c2nn(-c3ccccc3)c3nc4ccccc4cc23)cc1,CC(C)=O,396.039604
5601,O=C1c2cc(-n3c4ccccc4c4ccccc43)ccc2S(=O)(=O)c2ccc(-n3c4ccccc4c4ccccc43)cc21,Cc1ccccc1,406.0
2864,O=[N+]([O-])c1ccc(Nc2ccc3ccccc3n2)cc1,Cc1ccccc1,373.0
4250,O=c1c2ccccc2n2c3ccc(-c4ccccc4)cc3c(=O)c3cccc1c32,CC#N,442.0
2271,CC1CC=C(c2ccc(-c3cccs3)s2)CC1,c1ccncc1,343.0
3115,O=Cc1cc(C=O)c2ccc3c(N4CCCCC4)cc(N4CCCCC4)c4ccc1c2c43,CC#N,525.0
8047,C(=C/c1nc2ccccc2s1)\c1ccccc1,C1CCCCC1,340.0
7150,N#Cc1nc2c3ccc(-c4ccc(N(c5ccccc5)c5ccccc5)cc4)cc3c3cc(-c4ccc(N(c5ccccc5)c5ccccc5)cc4)ccc3c2nc1C#N,Cc1ccccc1,460.0
9044,CN1CCN(CCCN2c3ccccc3Sc3ccc(C(F)(F)F)cc32)CC1,CC#N,310.0
8060,COc1ccc(/C=C(\C)c2nc3ccccc3s2)cc1,CO,330.0
9856,COc1ccc(C(=Cc2ccc(/C=C(\C#N)c3ccccc3)cc2)c2ccc(OC)cc2)cc1,C1CCOC1,388.0
5234,O=C1O[B-]2(OC1=O)OC(c1ccccc1)=CC(c1ccc3ccccc3c1)=[O+]2,CC#N,435.0
4504,CC(C)(C)c1ccc2c(c1)c1cc(C(C)(C)C)ccc1n2-c1ccccc1-c1nc(-c2ccccc2-n2c3ccc(C(C)(C)C)cc3c3cc(C(C)(C)C)ccc32)nc(-c2ccccc2P(=O)(c2ccccc2)c2ccccc2)n1,CC#N,340.6988695
9575,N#CC(C#N)=Cc1ccc2c(c1)[nH]c1c3ccccc3ccc21,ClCCl,436.0
7960,N#Cc1c(N2CCCCC2)cc(-c2ccc3ccc4cccc5ccc2c3c45)c2c1Cc1ccccc1-2,C1CCOC1,344.0
1891,Cc1cc(-c2ccc(-n3c4ccccc4c4ccccc43)cc2)nc(-c2ccc(-n3c4ccccc4c4ccccc43)cc2)n1,C1CCOC1,341.0
8694,Cc1cc(C)c(B(c2ccc(-c3nc4c5ccccc5c5ccccc5c4[nH]3)cc2)c2c(C)cc(C)cc2C)c(C)c1,CC(C)=O,380.0
6561,COc1cc2[nH]c3c(c2cc1OC)CCCC3=O,ClCCl,338.0541625
295,F[B-]1(F)n2cccc2C=C2C=CC=[N+]21,CCOC(C)=O,498.0
3143,N#Cc1c(-c2ccc([N+](=O)[O-])cc2)cc(-c2ccc([N+](=O)[O-])cc2)[nH]c1=O,CS(C)=O,448.0
7981,CC(C)(C)C1Nc2ccccc2C(=O)N1c1ccccc1,CC#N,348.0
4224,CCN(CC)c1ccc2cc(/C=C/C(=O)/C=C(O)/C=C/c3cc4ccc(N(CC)CC)cc4oc3=O)c(=O)oc2c1,ClCCl,523.0
2236,N#Cc1c(-c2cccs2)cc(-c2ccc3c(c2)Cc2ccccc2-3)[nH]c1=O,ClC(Cl)Cl,385.0
1785,COc1ccc(-c2c3nc(c(-c4ccc(OC)cc4)c4ccc([nH]4)c(-c4ccc(OC)cc4)c4nc(c(-c5ccc(OC)cc5)c5ccc2[nH]5)C=C4N2CCOCC2)C=C3)cc1,CS(C)=O,660.0
11303,Nc1ccc(O)c(C(=O)[O-])c1,O,331.0
286,CC1=CC(C)=[N+]2C1=C(C)c1cccn1[B-]2(F)F,CCCCCC,492.0
8101,CC(C)(C)c1cc2ccc3c(N(c4ccccc4)c4ccccc4)cc(N(c4ccccc4)c4ccccc4)c4ccc(c1)c2c34,ClCCl,414.0
1758,CN(C)c1ccc(/C=C2\CC/C(=C\c3ccc(C#N)cc3)C2=O)cc1,Cc1ccccc1,455.0
6663,COc1cc(OC)cc(-c2ccc(-c3ccc(C#N)s3)s2)c1,CCOC(C)=O,365.0
1284,CC[n+]1c(-c2ccccc2)c2cc(-n3cccc3)ccc2c2ccc(-n3cccc3)cc21,O,429.0
9706,CN(C)c1ccc(/C=C/c2nc3c4ccccc4c4ccccc4c3[nH]2)cc1,C1CCOC1,390.0
5903,O=C(N/N=C/c1ccccc1O)c1ccc([N+](=O)[O-])cc1,ClCCl,340.0
9978,COc1ccc(C(=O)NN2C3=C(CC4=C2CCCC4=O)C(=O)CCC3)cc1,ClC(Cl)Cl,366.0
10366,CC1=CC(C)=[N+]2C1=C(c1ccc(N3CCOCC3)cc1)c1c(C)cc(C)n1[B-]2(F)F,CCCCCC,498.0
5817,O=C(O)C1CCCN1C(=O)c1ccc(C2CC(c3cccc4ccccc34)=NN2c2ccccc2)cc1,C1COCCO1,384.0
7752,CN(C)c1ccc(C#Cc2ccc(C#Cc3ccc(C#Cc4ccccc4C#N)cc3C#N)cc2C#N)cc1,c1ccccc1,426.0
8516,Cc1cc2c3ccccc3oc2c2c1c1ccccc1n2-c1ccc(C#N)cc1,ClCCl,354.0
2503,CCCCCCOc1ccc(C#Cc2ccc(-c3ccc(-c4ccc(C#Cc5ccc(OCCCCCC)c(OCCCCCC)c5)s4)c4nsnc34)s2)cc1OCCCCCC,ClCCl,500.0
8688,c1ccc2c(c1)c1ccccc1n2-c1ccc(-c2ccc(-n3c4ccccc4c4ccccc43)nc2-n2c3ccccc3c3ccccc32)nn1,ClCCl,337.0
549,CC(C)(C)c1ccc2c(c1)c1cc(C(C)(C)C)ccc1n2-c1cccc(-c2nc(-c3cccc(P(=O)(c4ccccc4)c4ccccc4)c3)nc(-c3cccc(P(=O)(c4ccccc4)c4ccccc4)c3)n2)c1,CC#N,343.0
3576,O=C1Nc2ccccc2/C1=C/C(=O)c1ccccc1,CC#N,334.0
2340,c1ccc(-c2nn(-c3ccccn3)c3nc4ccccc4cc23)cc1,CC#N,383.0
4641,CN(C)c1ccc(/C=C/c2ccc(-c3nnc(-c4ccc(-c5cc6ccccc6s5)cc4)o3)cc2)cc1,CCCCCCCCCCO,344.0
11289,N#Cc1cccc(N)c1,OCC(F)(F)F,300.0
3794,CC1(C)c2ccccc2N(c2ccc3c(ccc4nc5ccc6cc(N7c8ccccc8C(C)(C)c8ccccc87)ccc6c5nc43)c2)c2ccccc21,Cc1ccccc1,416.0
5267,O=S(=O)(c1ccc(-c2ccc(-c3nc4c5ccccc5c5ccccc5c4n3-c3ccccc3)cc2)cc1)c1ccc(-c2ccc(-c3nc4c5ccccc5c5ccccc5c4n3-c3ccccc3)cc2)cc1,C1CCOC1,368.0
3896,CCOC(=O)/C(C#N)=C\c1cn(-c2ccccc2)nc1-c1ccccc1,ClC(Cl)Cl,351.0
4474,CCCCN(CCCC)c1ccc(C#Cc2cc(C#Cc3cc(C(F)(F)F)cc(C(F)(F)F)c3)c(C#Cc3ccc(N(CCCC)CCCC)cc3)cc2C#Cc2cc(C(F)(F)F)cc(C(F)(F)F)c2)cc1,ClCCl,456.0
4149,c1ccc(/C(=C(\c2ccccc2)c2cc(-c3ccccc3)ccc2-c2ccc(-c3ccccc3)cc2)c2cc(-c3ccccc3)ccc2-c2ccc(-c3ccccc3)cc2)cc1,C1CCOC1,291.0
10690,c1ccc2c(c1)[nH]c1ncccc12,CCCCCC,336.0
4526,CN(C)c1ccc(-c2ccc(-c3cc(N4CCCCC4)c(C#N)c4c3-c3ccccc3CC4)cc2)cc1,CN(C)C=O,350.0
10420,N#Cc1cc(-n2c3ccccc3c3ccccc32)c(-n2c3ccccc3c3cc(Br)ccc32)cc1C#N,C1CCOC1,366.0
4989,COc1cc(OC)cc(C2=C3C(C)=C(I)C(C)=[N+]3[B-](F)(F)n3c(/C=C/c4c[nH]c5ccc([N+](=O)[O-])cc45)c(I)c(C)c32)c1,CS(C)=O,622.0
10860,CC(C)=CCN1C(=O)c2cccc3c2c(cc2oc(C)nc23)C1=O,CCO,362.0
10200,Cc1ccc(-c2ccc(/C=C/c3cccs3)cn2)nc1,CC#N,348.0
2909,N#CC1=C(c2ccc(-c3cccs3)s2)CCC1,CCO,366.0
4228,CCN(CC)c1ccc2cc(/C=C/C(=O)/C=C(O)/C=C/c3cc4ccc(N(CC)CC)cc4oc3=O)c(=O)oc2c1,CC(C)=O,519.0
7670,CCN(CC)c1ccc2cc(-c3cn4ccccc4n3)c(=O)oc2c1,ClC(Cl)Cl,425.0
5123,C#CCOc1ccc(C2=[N+]3C(=Nc4c(-c5ccccc5)cc(-c5ccc(O)cc5)n4[B-]3(F)F)C(c3ccccc3)=C2)cc1,Cc1ccccc1,685.0
4395,CC1(C)c2ccccc2N(c2ccc(-c3nnc(-c4ccccc4O)o3)cc2)c2ccccc21,Cc1ccccc1,362.0
9341,Cc1cc(C)c(C2=C3C=c4c(c5ccc(C(C)(C)C)cc5c5cc(C(C)(C)C)ccc45)=[N+]3[B-](F)(F)n3c2cc2c4ccc(C(C)(C)C)cc4c4cc(C(C)(C)C)ccc4c23)c(C)c1,ClCCl,693.0
4407,COc1ccc(C#Cc2ccc(-c3nn[nH]n3)cc2)cc1OC,Cc1ccccc1,323.0
5030,CC1=NN(c2ccccc2)C(=O)/C1=C/c1cn(-c2ccccc2)nc1-c1ccccc1,Cc1ccccc1,369.0
1303,O=C1c2ccccc2C(=O)N1c1ccc(Cn2cncn2)cc1,CCCCCC,278.0
7510,CN(C)c1ccc2c(C(=O)NCc3ccccc3)cc(C(=O)[O-])nc2c1,CCO,403.0
4549,CCn1c2ccc(/C=C/c3ccc4c(c3)c3cc(-c5nc6ccccc6s5)ccc3n4CC)cc2c2cc(-c3nc4ccccc4s3)ccc21,CCOC(C)=O,360.0
10711,CCC1=C(C)C2=Cc3ccccc3B(O)N2C1=O,CS(C)=O,361.0
6384,CCCCOc1cc(C=C2c3ccccc3-c3ccccc32)c(OCCCC)cc1C=C1c2ccccc2C=Cc2ccccc21,C1CCOC1,395.0
4730,CCCCCCCCCCOc1cc(OCCCCCCCCCC)cc(C2=C3C(C)=CC(/C=C/c4ccc(OC)cc4)=[N+]3[B-](F)(F)n3c(/C=C/c4ccc(OC)cc4)cc(C=Cc4ccc(OC)cc4)c32)c1,ClC(Cl)Cl,665.0
2328,CC(=O)c1ccn2c3c(c(-c4ccc(C#N)c(C#N)c4)c2c1)CN(CCCNC(=O)OC(C)(C)C)C3=O,CO,402.0
10911,Cc1oc(-c2ccccc2)nc1C(=O)O,C1CCCCC1,269.0
7172,CCN(CC)c1cc(NC(C)=O)c(/N=N/c2cc3c(=O)[nH][nH]c(=O)c3cc2[N+](=O)[O-])cc1OC,CS(C)=O,553.0
10781,COc1ccc2cc([C@H](C)C(=O)O)ccc2c1,ClCCl,333.6
10658,CN(C)c1ccc(C2=Nc3scc(-c4ccccc4)[n+]3[B-](F)(F)O2)cc1,ClCCl,411.0
9295,COc1cc2c(cc1F)c(=O)c1cc(F)c(OC)cc1n2C(C)C,CCO,383.0
3034,CCN(CC)c1ccc2cc(/C=C(\C#N)c3nc4ccccc4o3)c(=O)oc2c1,Cc1ccccc1,500.0
9527,CCCCN1C(=O)C2=C(c3ccc(-c4ccc5c(c4)C(C)(C)c4ccccc4-5)cc3)[N-]C(=O)C2=C1c1ccc(-c2ccc3c(c2)C(C)(C)c2ccccc2-3)cc1,ClCCl,594.0
11048,COC(=O)/C=C/C=C/c1ccc(N(C)C)cc1,CC(C)O,390.0
9156,c1ccc(-c2nn(-c3ccccc3)c3nc4ccc(N(c5ccccc5)c5ccccc5)cc4cc23)cc1,CC(C)=O,448.0286738
3194,CCCN1/C(=C/C=C(/C=C/C2=[N+](CCC)c3ccccc3C2(C)C)c2ccc3ccccc3n2)C(C)(C)c2ccccc21,O,633.0
9681,CN(C)c1ccc(/C=C2/N=C(c3ccccc3)OC2=O)cc1,CCCCCC,443.0
5236,CCN1/C(=C\c2c(-c3ccc(N(C)C)cc3)c(=O)c2=O)C=Cc2ccccc21,Cc1ccccc1,362.0
7305,COc1cccc(C2=C3C=C(/C=C/C(=O)OC(C)(C)C)C=[N+]3[B-](F)(F)n3cccc32)c1,ClCCl,539.0
467,COc1cc2c(cc1-c1ccc(C#N)cc1)Cc1c3c(c4c(c1-2)-c1cc(OC)c(-c2ccc(C#N)cc2)cc1C4)C(=O)N(CCC(C)C)C3=O,C1CCOC1,409.0
6001,Fc1ccc(C#Cc2nc(C#Cc3ccc(F)cc3)c(C#Cc3ccc(F)cc3)c(C#Cc3ccc(F)cc3)c2C#Cc2ccc(F)cc2)cc1,ClCCl,407.0
6510,CC1(C)Cc2c(c3ccccc3c3nc4c5c(c6ccccc6c4nc23)OC(C)(C)C5)O1,CC#N,488.997555
4604,Cc1ccc(-n2c(-c3ccccc3NS(=O)(=O)c3ccc(C)cc3)nc3c4ccccc4c4ccccc4c32)cc1,Cc1ccccc1,344.0
106,Cc1cc(O)c(C(=O)/C=C/c2ccccc2[N+](=O)[O-])c(=O)o1,ClCCl,365.0
3090,C=CCNc1ccc2ccc3oc4cc(=[N+]5CCCC5)ccc-4nc3c2c1,CCO,570.0
10435,COc1ccc2c3ccc(OC)cc3c3cc4c(C)cc(=O)oc4cc3c2c1,ClC(Cl)Cl,365.0
10301,CN(C)c1ccc(-c2cc3ccc([N+](=O)[O-])cc3c(=O)o2)cc1,CO,444.0
6300,N#C/C(=C\c1ccc(C#N)cc1)c1nc(-c2ccc(Cl)cc2)c(-c2ccccc2)s1,CC#N,377.0
411,Cc1ccc(-c2[nH]c(=O)n3c2-c2ccccc2C3=O)c(O)c1,CC#N,393.0
8416,CCC1(CC)c2cc(/C=C/c3cccs3)ccc2-c2c1c1c(c3c2C(CC)(CC)c2cc(/C=C/c4cccs4)ccc2-3)C(CC)(CC)c2cc(/C=C/c3cccs3)ccc2-1,C1CCOC1,386.0
8284,CN(C)c1ccc(/C=C/C(=O)c2ccccc2)cc1,CC(C)=O,407.0
9990,COc1ccc2c3c(c4ccc(OC)cc4c2c1)C(C)(C)c1ccc2ccccc2c1-3,C1CCCCC1,391.0
8075,O=C1OC(c2ccccc2)=N/C1=C\c1ccc(N(c2ccccc2)c2ccccc2)cc1,C1CCCCC1,472.0
6196,C(=C/c1ccc(-c2ccncc2)cc1)\c1ccc(-c2ccncc2)cc1,ClCCl,345.0
8624,CC/[NH+]=c1\cc2oc3cc(NCCC(=O)NC(C(=O)OC)c4ccccc4)c4ccccc4c3nc-2cc1C,CCO,580.0
4118,Cc1ccc(/C(C#N)=C/c2cc(/C=C(\C#N)c3ccc(C)cc3)c(-c3ccc(N(c4ccccc4)c4ccccc4)cc3)cc2-c2ccc(N(c3ccccc3)c3ccccc3)cc2)cc1,CCCCCC,385.0
9577,COc1cccc2cc(C)c3c4ccccc4n(C)c3c12,ClCCl,370.0
9275,COc1ccc(-n2c3c4ccccc4nc(-c4ccc(C#N)cc4)c3c3c2c2c(-c4ccc(C#N)cc4)nc4ccccc4c2n3-c2ccc(OC)cc2)cc1,ClC(Cl)Cl,315.0
5680,CCN1C(=CC=Cc2n(CC)c3cc(Cl)c(Cl)cc3[n+]2CC)N(CC)c2cc(Cl)c(Cl)cc21,CCO,516.0
3884,N#CC(C#N)=Cc1cn(-c2ccccc2)nc1-c1ccc([N+](=O)[O-])cc1,Cc1ccccc1,356.0
5549,CCN1CCN(c2ccc(/N=N/c3ccc(C#N)cc3)cc2)CC1,CCOC(C)=O,428.0
11097,COC(=O)c1cc(OC)ccc1OC,CO,318.0
9343,Cc1cc(C)c(C2=C3C=c4c(c5ccccc5c5ccccc45)=[N+]3[B-](F)(F)n3c2cc2c4ccccc4c4ccccc4c23)c(C)c1,C1CCOC1,673.0
9161,CN(C)c1ccc(C2=[N+]3C(=Nc4c5ccccc5c(-c5ccc(N(C)C)cc5)n4[B-]3(F)F)c3ccccc32)cc1,ClCCl,794.0
1862,CCN(CC)c1ccc2cc(-c3csc(NC(C)=O)c3C#N)c(=O)oc2c1,Cc1ccccc1,402.0
10913,Cc1oc(-c2ccccc2)nc1C(=O)O,CCO,273.0
9809,[O-]c1c(-c2ccccc2)cc(-[n+]2c(-c3ccccc3)cc(-c3ccccc3)cc2-c2ccccc2)cc1-c1ccccc1,Cc1ccccc1,843.3923304
10423,N#Cc1cc(-n2c3ccccc3c3ccccc32)c(-n2c3ccccc3c3ccccc32)cc1C#N,Cc1ccccc1,375.0
7242,COC1=[N+]2C(=C(c3ccc(C)cc3)c3ccc(OC)n3[B-]2(F)F)C=C1,C1CCCCC1,513.0
5424,COCCC1=Cc2nc1ccc1[nH]c(cc1CCOC)c1nc(c(N)cc3[nH]c2cc3CCOC)C(CCOC)=C1,Cc1ccccc1,716.0
5023,CC1=NN(c2ccccc2)C(=O)/C1=C/c1cn(-c2ccccc2)nc1-c1ccccc1,C1CCOC1,365.0
29,Oc1cccc(/N=C/c2ccccc2Oc2ccccc2)c1,CCCCCCCCO,329.0
4329,Nc1ccc2c(c1)Cc1ccccc1-2,CC(C)O,317.0
2973,CCCCCCCCCCCCC1(CCCCCCCCCCCC)c2cc(-c3ccc(C=C4C(=O)c5ccccc5C4=O)cc3)ccc2-c2ccc(-c3ccc(C=C4C(=O)c5ccccc5C4=O)cc3)cc21,Cc1ccccc1,429.0
9969,O=C1CCCC2=C1CC1=C(CCCC1=O)N2NC(=O)c1ccccc1,CC(C)=O,366.0
568,CCN(CC)c1ccc2cc3c([o+]c2c1)/C(=C/Nc1ccccc1)CCC3,ClCCl,615.0
11338,COc1ccc(-n2c3ccccc3c3cc(/C=C/C(=C(C#N)C#N)c4ccccc4)ccc32)cc1,CS(C)=O,454.0
9796,[O-]c1c(-c2ccccc2)cc(-[n+]2c(-c3ccccc3)cc(-c3ccccc3)cc2-c2ccccc2)cc1-c1ccccc1,CCOC(C)=O,750.4199475
1245,CC/C=C/C=C/C=C/C=C/CCCCCCCC(=O)O,C1COCCO1,317.3
5380,COc1cc(N(c2ccccc2)c2ccc(C=C(C#N)C#N)c(OC)c2)ccc1C=C(C#N)C#N,CCOC(C)=O,468.0
1458,Cc1cc(C)c(B(c2c(C)cc(C)cc2C)c2cc3cc(N(C)C)c4ccccc4c3c3c2ccc2ccccc23)c(C)c1,C1CCOC1,431.0
9603,CCC1=C(C)C2=C(c3c(C)cc(C)nc3-c3cccs3)c3c(C)c(CC)c(C)n3[B-](F)(F)[N+]2=C1C,C1CCCCC1,532.0
1835,COc1ccc2c3cccc4c(OC)ccc(c5cccc1c52)c43,ClC(Cl)(Cl)Cl,460.0
316,CCC1=C(C)C2=C(C)c3c(C)c(CC)c(C)n3[B-](F)(F)[N+]2=C1C,CO,516.2
108,COc1cccc(/C=C/C(=O)c2c(O)cc(C)oc2=O)c1,ClCCl,377.0
10746,Cc1cc2ccccc2cc1C,C1CCCCC1,304.136253
7631,COC(=O)c1c2ccccc2nc2ccccc12,CCCCO,360.0
7452,CC(C)(C)c1cc2ccc3cc(C(C)(C)C)cc4c3c2c(c1)c(=O)n1c4nc2c3cc(C(C)(C)C)cc4ccc5cc(C(C)(C)C)cc(c5c43)c21,ClC(Cl)Cl,401.0
8887,CCN(CC)c1ccc(-c2cc3c(s2)c(C(=O)OC)cc(=O)n3C)cc1,CCO,444.0
8249,Cc1ccc(C2=C3C=c4c(oc5ccccc45)=[N+]3[B-](F)(F)n3c2cc2c4ccccc4oc23)cc1,C1CCOC1,581.5
11557,Nc1ccc(C#Cc2ccc3ccc4ccc(C#Cc5ccc(N)cc5)c5ccc2c3c45)cc1,CCCCCC,421.0
6927,COc1cc(OC)c2c(c1)C(=O)c1ccccc1-2,CCO,455.0
2527,COOCc1noc(-c2ccccc2)c1Br,C1CCCCC1,277.0
4176,COc1ccccc1NC1=CC(=O)c2ccccc2C1=O,CCCCCC,468.0
4295,CCC1(CC)c2cc(C=C(C#N)C#N)ccc2-c2ccc(N(C)C)cc21,C1CCCCC1,480.0
3458,CCC1=C(C)C(=O)n2c1cc1c(C)c(CCC(=O)O)c(C)n1c2=O,CS(C)=O,426.0
5344,c1cc2sc3ccsc3c2s1,ClCCl,291.0
6418,O=C1OC(=O)c2ccc(N(c3ccccc3)c3ccc4ccc5cccc6ccc3c4c56)c3cccc1c23,c1ccccc1,457.0
2678,COc1cc(/C=C2/SC(=O)NC2=O)ccc1O,C1COCCO1,358.0
4537,COc1cccc(C2=C(c3ccc(C(C)(C)C)cc3)C(c3ccc(C(C)(C)C)cc3)=[N+]3C2=C(c2ccccc2)c2c(-c4cccc(OC)c4)c(-c4ccc(C(C)(C)C)cc4)c(-c4ccc(C(C)(C)C)cc4)n2[B-]3(F)F)c1,ClCCl,583.0
7149,COc1ccc(C2=C3C(C)=CC(C=Cc4ccc(C(=O)OC5C[C@H]6CCC5(C)C6(C)C)cc4)=[N+]3[B-](F)(F)n3c(/C=C/c4ccc(C(=O)OC5CC6CCC5(C)C6(C)C)cc4)cc(C)c32)cc1,Cc1ccccc1,640.0
2444,CCC1=C(C)C2=C(/C=C/c3ccc([N+](=O)[O-])cc3)c3c(C)c(CC)c(C)n3[B-](F)(F)[N+]2=C1C,ClCCl,532.0
4880,CCN(CC)c1ccc2cc(/C(Cl)=C/C=C/C(=C(C#N)C#N)c3ccc4c(c3)c3ccccc3n4CC)c(=O)oc2c1,Cc1ccccc1,508.0
7298,CCCSc1ccc2n1[B-](F)(F)[N+]1=CC=CC1=C2c1ccccc1,CC#N,531.0
973,CCOC(=O)CCCn1c(C(=O)OC)c(C)c2c(=O)n3c(cc21)C(CC)=C(C)C3=O,c1ccccc1,397.0
2442,CC1(C)c2ccccc2N(c2ccc(-c3nc4cc(C#N)c(C#N)cc4nc3-c3ccc(N4c5ccccc5C(C)(C)c5ccccc54)cc3)cc2)c2ccccc21,Cc1ccccc1,454.0
4602,c1cc2ccc3[o+]c4ccc5cccc6c7cccc8c(c1)c2c3c(c87)c4c56,ClCCl,573.0
6673,COc1ccc(-c2ccc(-c3ccc(C#N)s3)s2)cc1,CC#N,373.0
5662,COc1ccc2c(=O)c3c([nH]c2c1)-c1cc(Cl)ccc1NC3(C)C,O,405.0
8181,Nc1cccc2c1C(=O)c1ccccc1C2=O,ClCCl,464.0
10885,Clc1ccc(/C=C(\c2ccccc2)c2nc3ccccc3s2)cc1,C1CCCCC1,340.0
5739,c1ccc(-n2c3ccccc3c3cc(-c4cccc(-n5c6ccccc6c6c7sc8ccccc8c7ccc65)c4)ccc32)cc1,ClCCl,355.0
1374,CN1/C(=C/C=C(/C=C/C2=[N+](C)c3ccccc3C2(C)C)c2cc(F)cc(F)c2)C(C)(C)c2ccccc21,CCO,636.0
2894,CC1(C)CC(/C=C/c2cn(-c3ccccc3)nc2-c2ccc([N+](=O)[O-])cc2)=CC(=C(C#N)C#N)C1,CS(C)=O,422.0
6945,CCN(CC)c1ccc2cc(/C=C/C(=O)c3cc4ccc(N(CC)CC)cc4oc3=O)c(=O)oc2c1,CC#N,488.0
10750,[O-]c1ccc2ccccc2c1,O,346.0
5163,Cc1ccc2ccc3c(c2n1)N/C(=C\C1=C([O-])/C(=C/C2=[NH+]c4c(ccc5ccc(C)nc45)C2(C)C)C1=O)C3(C)C,CO,679.0
10,c1ccc(N(c2ccccc2)c2ccc(-c3cccc4nc5ccccc5cc34)cc2)cc1,CCN(CC)CC,389.0
2974,CCCCCCCCCCCCC1(CCCCCCCCCCCC)c2cc(-c3ccc(C=C4C(=O)c5ccccc5C4=O)cc3)ccc2-c2ccc(-c3ccc(C=C4C(=O)c5ccccc5C4=O)cc3)cc21,ClC(Cl)Cl,438.0
7645,O=C(O)c1c2ccccc2nc2ccccc12,CO,356.0
9725,COc1ccc(C2=C3C(C)=CC(C)=[N+]3[B-](F)(F)n3c(/C=C/c4ccc(N(C)C)cc4)cc(C)c32)cc1,CCOCC,593.0
9551,O=c1c2ccccc2sc2ccc(-n3c4ccccc4c4ccccc43)cc12,C1CCOC1,388.0
5711,CCOC(=O)CN(CC(=O)OCC)c1ccc(-c2cc(-c3cccnc3)nc(-c3cccnc3)c2)cc1,CC#N,328.0
3941,CN(c1ccccc1)c1ccc(/C=C2\C(=O)c3ccccc3S2(=O)=O)cc1,CC#N,471.0
718,COc1nc(Cl)nc(Nc2ccc3cc4ccccc4cc3c2)n1,CC#N,397.0
7695,COC(=O)c1c(C(=O)OC)c2ccc(C)nn2c1C,C1CCCCC1,380.4
4978,c1ccc(-c2nn(-c3ccccc3)c3nc4ccc(N(c5ccccc5)c5cccc6ccccc56)cc4cc23)cc1,CCCCOCCCC,447.0272687
11598,F[B-]1(F)OC(c2ccccc2)=Cc2c3ccccc3cc[n+]21,ClC(Cl)Cl,400.0
735,CC(C)(C)c1ccc2c(c1)c1cc(C(C)(C)C)ccc1n2-c1ccc2oc3nc4oc5ccc(C(F)(F)F)cc5c4cc3c2c1,CC#N,336.0
11511,CC(C)(C)c1cc(/C2=C3\C=CC(=N3)/C(c3ccc([N+](=O)[O-])cc3)=c3/cc/c([nH]3)=C(\c3ccc([N+](=O)[O-])cc3)C3=N/C(=C(/c4cc(C(C)(C)C)cc(C(C)(C)C)c4)c4cc2c[nH]4)C=C3)cc(C(C)(C)C)c1,CC(=O)N(C)C,701.0
5735,CN(C)c1ccc(C2=Cc3cccc[n+]3[B-](F)(F)O2)cc1,C1COCCO1,417.0
2348,C(=C/c1ccc(N(c2ccccc2)c2ccccc2)cc1)\c1ccccc1,CC#N,362.0
2140,Cc1ccc2c(nc3c(=O)n(C)c(=O)nc-3n2C)c1C,CC#N,448.0
6222,O=C1C=C(Nc2ccccc2)CCC1,CS(C)=O,307.0
11667,c1ccc2c(c1)c1ccccc1c1[nH]c(-c3ccc(-c4nc5c6ccccc6c6ccccc6c5[nH]4)cc3)nc21,ClCCl,413.0
909,CCOC(=O)c1[nH]c(C)c(/C=C/c2c(I)c(C)c3n2[B-](F)(F)[N+]2=C(C)C(I)=C(C)C2=C3c2cc(OC)cc(OC)c2)c1C,ClCCl,606.0
4502,COc1ccc(-c2cc3c(ccc4sccc43)s2)cc1,ClCCl,333.0
496,CC(C)(C)c1ccc(C2=C(Br)C3=C(c4ccccc4)c4c(Br)c(-c5ccc(C(C)(C)C)cc5)c(-c5ccc(C(C)(C)C)cc5)n4[B-](F)(F)[N+]3=C2c2ccc(C(C)(C)C)cc2)cc1,Cc1ccccc1,581.0
9025,C=CCNc1ccc2ccc3oc4cc(=[N+](C)C)ccc-4nc3c2c1,ClCCl,582.0
5153,CCN1/C(=C\C2=C([O-])/C(=C/C3=[N+](CC)c4c(ccc5ccc(C)nc45)C3(C)C)C2=O)C(C)(C)c2ccc3ccc(C)nc3c21,CN(C)C=O,682.0
4618,CCc1ccc(/C=C/c2ccc(-c3nnc(-c4ccc(-c5cc6ccccc6s5)cc4)o3)cc2)cc1,CCCCCCCC,341.0
6678,COc1ccc(-c2ccc(-c3ccc(C#N)s3)s2)cc1,CN(C)C=O,379.0
1206,CN(C)c1ncc2nc(C#N)n(Cc3ccccc3)c2n1,CO,358.0
4279,CCC1(CC)c2ccccc2-c2c1c1c(c3c2C(CC)(CC)c2cc(B(c4c(C)cc(C)cc4C)c4c(C)cc(C)cc4C)ccc2-3)C(CC)(CC)c2ccccc2-1,ClC(Cl)Cl,361.0
8059,COc1ccc(/C=C(\C)c2nc3ccccc3s2)cc1,C1CCCCC1,330.0
6702,C#CCOc1ccc(/C=C/C2=[N+]3C(=C(c4ccccc4)c4c(C)cc(C)n4[B-]3(F)F)C(C)=C2)cc1,CO,563.0
1195,CN(C)c1nc(N(C)C)c2nc(C#N)n(Cc3ccccc3)c2n1,ClCCl,348.0
8541,CCn1c2ccccc2c2cc(C#Cc3cc(C#Cc4ccc5c(c4)c4ccccc4n5CC)nc(C#N)n3)ccc21,Cc1ccccc1,410.0
11257,CN(C)c1ccc(/C=C/C(=O)O)cc1,C1CCCCC1,358.0
3647,CCOC(=O)c1csc2[n+]1[B-](F)(F)OC(c1ccc(N(C)C)cc1)=N2,ClCCl,412.0
7911,N#CC1=C(c2ccc(-c3cccs3)s2)CC1,c1ccncc1,372.0
5936,O=c1[nH]c2ccccc2[nH]1,CC(C)=O,284.99772
2611,CC(=O)c1c2c(cc3c(N(C)C)cccc13)CCC2,CC#N,316.0
7589,N#C/C(=C\c1cn(-c2ccccc2)nc1-c1ccc([N+](=O)[O-])cc1)c1nc2ccccc2s1,C1CCOC1,378.0
288,CC1=CC(C)=[N+]2C1=C(C)c1cccn1[B-]2(F)F,ClCCl,488.0
3671,CC(C)[Si]1(C(C)C)c2cc(C=C(C#N)C#N)ccc2-c2ccc(N(C)C)cc21,CC#N,475.0
3208,C(#Cc1ccc2ncsc2c1)c1ccc(N(c2ccccc2)c2ccccc2)cc1,Cc1ccccc1,365.0
3492,COc1ccc(C(=O)/C=C2\C(=O)Nc3ccccc32)c(OC)c1,CCCCO,340.0
8114,N#C/C(=C\c1ccncc1)c1nc(-c2ccccc2)cs1,CS(C)=O,371.0
5297,Cc1ccc(C)n1-c1ccc(C#N)cc1,CCCCCC,275.0
388,COc1ccc(O)c(-c2[nH]c(=O)n3c2-c2ccccc2C3=O)c1,CC#N,395.0
836,N#Cc1cc2ccccc2oc1=N,CCOC(C)=O,351.0
3855,CCOC(=O)COc1ccc(/C=C/c2c(CC)c(C)c3n2[B-](F)(F)[N+]2=C(c4[nH]c(C)c(CC)c4C)c4ccccc4C2=C3C)cc1,ClCCl,675.0
3011,c1ccc(-c2nc(-c3ccc(-c4ccc(-n5c6ccccc6c6ccccc65)cc4)cn3)oc2-c2ccccc2)cc1,CC(C)=O,333.0
7292,CCCSC1=[N+]2C(=C(c3ccccc3)c3ccc(SCCC)n3[B-]2(F)F)C=C1SC#N,ClCCl,545.0
2325,Cc1ccc(-c2ccc(-c3ccc(C)cc3)c(/C(=C(/c3ccccc3)c3cc(-c4ccc(C)cc4)ccc3-c3ccc(C)cc3)c3ccccc3)c2)cc1,C1CCOC1,282.0
5504,CCC1=C(C)C2=C(C)c3c(C)c(-c4csc(N5CCOCC5)n4)c(C)n3[B-](F)(F)[N+]2=C1C,ClCCl,522.0
11684,CN(C)c1ccc(N2c3sc4ccccc4c3Sc3sc4ccccc4c32)cc1,ClCCl,319.0
6747,COc1ccc(-c2csc(/C(C#N)=C/c3ccc(Cl)cc3)n2)cc1,CC#N,376.0
1112,COc1c2ccccc2c(OC)c2c1c1ccc(C(F)(F)F)cc1n2C,CO,416.0
2310,F[B-]1(F)N(c2ccccc2)C=Cc2cccc[n+]21,CO,417.0
9887,CCCCCCCCCCCCC(CCCCCCCCCC)Cn1c2cc(C=C(C#N)C#N)c3cccc4c5cccc6c(C=C(C#N)C#N)cc1c(c65)c2c34,C1CCCCC1,574.0
9707,CN(C)c1ccc(/C=C/c2nc3c4ccccc4c4ccccc4c3[nH]2)cc1,C1COCCO1,389.0
3210,Nc1ccc2c(c1)C(=O)N(C13C[C@H]4C[C@@H](C1)C[C@@H](C3)C4)C2=O,C1CCOC1,362.0
2626,CC(=O)c1c2c(cc3ccc(N(C)C)cc13)CCC2,C1CCCCC1,373.0
6800,CCCCCCOc1cc(/C=C/c2cc(OCCCCCC)c(/C=C/c3cc(OCCCCCC)c(C=O)cc3OCCCCCC)cc2OCCCCCC)c(OCCCCCC)cc1C=O,ClCCl,449.0
267,CC1=C(C(C)(C)C)C(C)=[N+]2C1=C(C)c1c(C)c(C(C)(C)C)c(C)n1[B-]2(F)F,CCO,524.3
4808,Oc1ccc2ccccc2c1-c1nc(-c2ccccc2)c2ccccn12,C1CCCCC1,361.0
3447,CCC1=C(C)C(=O)n2c1cc1c(C)c(CC(=O)OC)c(C)n1c2=O,ClC(Cl)Cl,423.0
8361,CC1=N/C(=C\c2ccccc2N)C(=O)N1C,C1CCOC1,430.0
9456,COc1ccc2c(c1)N(c1ccccc1-c1ccccc1)c1cc3c(cc1=N2)Oc1c(cc(C(C)(C)C)cc1C(C)(C)C)N=3,CCCCCC,559.0
3079,CC(=O)Nc1cccc2c1C#Cc1c(cccc1C(=O)N(C)C)OCCCO2,CC#N,315.0
2957,CCCCCCCCC1(CCCCCCCC)c2cc(-c3ccc(C=C4C(=O)c5ccccc5C4=O)cc3)ccc2-c2ccc(-c3ccc(C=C4C(=O)c5ccccc5C4=O)cc3)cc21,C1CCOC1,436.0
10154,CC(C)(C)c1ccc2c(c1)c1cc(C(C)(C)C)ccc1n2-c1ccc(C#Cc2ccc(C=C(C#N)C#N)cc2)cc1,Cc1ccccc1,348.0
3635,COC(=O)/C(C#N)=c1\s/c(=c2/s/c(=C(/C#N)C(=O)OC)c3cc(-c4ccccc4)sc23)c2sc(-c3ccccc3)cc12,Cc1ccccc1,605.0
6365,CCn1c2ccccc2c2cc(-c3cc(-c4ccc5c(c4)c4ccccc4n5CC)nc(-c4ccc(C#N)cc4)n3)ccc21,ClCCl,365.0
1379,CN1/C(=C/C=C(/C=C/C2=[N+](C)c3ccccc3C2(C)C)c2ccc(C(F)(F)F)cc2)C(C)(C)c2ccccc21,CO,634.0
9349,CC(C)(C)c1ccc2c3c(c4ccc(C(C)(C)C)cc4c2c1)=[N+]1C(=C(c2ccccc2)c2c(Br)c4c5ccc(C(C)(C)C)cc5c5cc(C(C)(C)C)ccc5c4n2[B-]1(F)F)C=3Br,CC#N,682.0
9315,Cn1c2ccccc2c(=O)c2ccccc21,CS(C)=O,403.0
416,COc1ccc(-c2c3nc(cc4ccc([nH]4)c(-c4ccc(OC)c(OCC(=O)O)c4)c4nc(cc5ccc2[nH]5)CC4)C=C3)cc1OCC(=O)O,CS(C)=O,644.0
8956,c1ccc(-[n+]2c3ccc4cccc5c6cccc7c8cccc9ccc2c(c98)c(c67)c3c45)cc1,ClCCl,512.0
4111,COC(=O)C(Cc1ccc2oc(-c3ccc(-n4c5ccccc5c5ccccc54)cc3)nc2c1)NC(=O)OC(C)(C)C,Cc1ccccc1,342.6065506
1962,CC(C)(C)c1ccc(-c2sc3c(-c4ccc(C(C)(C)C)cc4)c4n(c3c2-c2ccc(C(C)(C)C)cc2)[B-](F)(F)[N+]2=Cc3c(-c5ccc(C(C)(C)C)cc5)c5sc(-c6ccc(C(C)(C)C)cc6)c(-c6ccc(C(C)(C)C)cc6)c5n3[B-](F)(F)[N+]2=C4)cc1,CN(C)C=O,584.0
620,Cc1cc(C)c(C2=[N+]3C(=Cc4c(C)cc(C)n4[B-]3(F)F)c3ccccc32)[nH]1,Cc1ccccc1,616.0
1703,N#CC(C#N)=Cc1ccc(-c2ccc(-c3nc4ccccc4s3)c(O)c2)s1,ClCCl,426.0
6107,N#Cc1cccc2cc[nH]c12,C1COCCO1,307.3619632
4957,CCN(CC)c1ccc2cc(C#N)/c(=N\C(=O)c3ccccc3)oc2c1,ClCCl,430.0
2960,CCCCC1(CCCC)c2cc(-c3ccc(C=C4C(=O)c5ccccc5C4=O)cc3)ccc2-c2ccc(-c3ccc(C=C4C(=O)c5ccccc5C4=O)cc3)cc21,CC(C)=O,435.0
2615,CC(=O)c1c2c(cc3c(N(C)C)cccc13)CCC2,ClC(Cl)Cl,334.0
6088,F[B-]1(F)n2c(nc(-c3ccccc3)c2-c2ccccc2)-c2cccc[n+]21,C1COCCO1,387.0
5091,CCN(CC)c1ccc2cc(/C=C/C(=C(C#N)C#N)c3ccc4c(c3)c3ccccc3n4CC)c(=O)oc2c1,Cc1ccccc1,510.0
5822,C(=C/c1ccncn1)\c1ccc(N(c2ccccc2)c2ccc(/C=C/c3ccncn3)cc2)cc1,ClCCl,422.0
9081,Fc1ccc(-c2nc3n(c2-c2ccncc2)CCS3)cc1,O,322.0
1190,COC(=O)c1nc2c(N)nc(N(C)C)nc2n1Cc1ccccc1,CO,345.0
9003,c1ccc(N(c2ccccc2)c2ccc(-c3ncc(-c4cccs4)s3)cc2)cc1,CO,387.0
7728,O=C1c2ccccc2NC(c2ccccc2)N1Cc1ccccc1,ClC(Cl)Cl,336.0
3921,c1ccc(C2CCN3COc4c5ccccc5c5c6c7c(c2c3c46)C(c2ccccc2)CCN7CO5)cc1,ClCCl,405.0
10340,Nc1ccc2cc(-c3ccc(C(F)(F)F)cc3)oc(=O)c2c1,CCO,346.0
9002,CC(C)(C)c1ccc2oc3nc4oc5cc(-n6c7ccccc7c7ccccc76)ccc5c4cc3c2c1,ClC(Cl)Cl,347.0
5848,O=c1oc2ccc3ccc(O)cc3c2nc1-c1ccccc1,c1ccccc1,406.0
6101,N#Cc1ccc2cc[nH]c2c1,CC#N,285.0
1506,Cc1cc(C)n2c1C=C1c3ccccc3C(c3c[nH]c4ccccc34)=[N+]1[B-]2(F)F,CCCCCC,580.0
4685,O=[N+]([O-])c1ccc2c(c1)-c1c3c(c4c([n+]1[B-](F)(F)O2)CCc1ccccc1-4)CCc1ccccc1-3,ClCCl,343.0
11705,COc1cc(/C=C/c2cc[n+](Cc3ccc(Br)cc3)cc2)ccc1O,CCCCO,428.0
7038,CCC1(CC)c2ccccc2-c2c1c1c(c3c2C(CC)(CC)c2cc(B(c4c(C)cc(C)cc4C)c4c(C)cc(C)cc4C)ccc2-3)C(CC)(CC)c2cc(B(c3c(C)cc(C)cc3C)c3c(C)cc(C)cc3C)ccc2-1,C1CCOC1,364.0
8641,CN(C)c1ccc(/C=C/c2cc(/C=C/c3ccc(N(C)C)cc3)nc(N)n2)cc1,ClC(Cl)Cl,426.0
11378,Cn1ccc(-c2nc3ccccc3nc2/C=C/N2CCCC2)c1,CC#N,445.0
11522,c1ccc(-c2nc(-c3ccccc3)nc(-c3ccc(N4c5ccccc5C5(c6ccccc64)c4ccccc4C4(c6ccccc6-c6ccccc64)c4ccccc45)cc3)n2)cc1,Cc1ccccc1,392.0903955
794,CCOC(=O)C1c2ccccc2C(=O)N1c1ccc(OC)cc1,CO,298.0
730,CC(C)(C)c1ccc2oc3nc4oc5ccc(-n6c7ccc(C(C)(C)C)cc7c7cc(C(C)(C)C)ccc76)cc5c4cc3c2c1,ClC(Cl)Cl,346.0
6939,Cn1nc(-c2ccccc2)c2n[nH]nc2c1=O,CC#N,299.0
8385,CC1=N/C(=C\c2cccc(N(C)C)c2)C(=O)N1CCO,CC#N,352.0
5964,CC(=O)c1nc(-c2ccc(N(c3ccccc3)c3ccccc3)cc2)oc1C,CCCCCC,324.0
9742,O=P1(c2ccccc2)C(c2cc(C(F)(F)F)cc(C(F)(F)F)c2)=Cc2c3ccc4cccc5ccc(c6cc(-c7ccc(N(c8ccccc8)c8ccccc8)cc7)n1c26)c3c45,CC(C)=O,435.0
11610,CC1=C(c2ccc(N(c3ccccc3)c3ccccc3)cc2)C(C)=[N+]2C1=C(c1c(-c3ccccn3)nc3ccccn13)c1c(C)c(-c3ccc(N(c4ccccc4)c4ccccc4)cc3)c(C)n1[B-]2(F)F,ClCCl,568.0
1745,CN(C)c1ccc(/C=C2\CC/C(=C\c3ccc(C#N)cc3)C2=O)cc1,C1CCOC1,458.0
8902,COC(=O)c1cc(=O)n(C)c2cc(-c3ccc(OC)cc3)sc12,Cc1ccccc1,402.0
8095,CN(C)c1ccc(-c2nc3nc4ccccc4nc3n2-c2ccccc2)cc1,CC#N,411.0
6114,COC(=O)C[C@H](NC(=O)[C@H](Cc1c[nH]c2ccccc12)NC(=O)OC(C)(C)C)C(=O)OC,CO,280.0
11528,CCCC1(CCC)c2cc(-c3ccc(C(C)(C)C)cc3)ccc2-c2ccc(-c3ccc4c(c3)C(CCC)(CCC)c3cc(-c5ccc6c(c5)C(CCC)(CCC)c5cc(-c7ccc(C(C)(C)C)cc7)ccc5-6)ccc3-4)cc21,C1CCCCC1,362.0
2589,c1ccc2cc(-n3cnc4ccccc43)ccc2c1,C1CCCCC1,275.0
1199,CN(C)c1nc(N)c2nc(C#N)n(Cc3ccccc3)c2n1,ClCCl,336.0
9533,CCCCCCOc1ccc(C#Cc2ccc(C#Cc3ccc(OCCCCCC)c(OCCCCCC)c3)c3nsnc23)cc1OCCCCCC,ClCCl,445.0
8106,c1cc2c3c(c1)-c1cccc4ccn(c14)B3n1ccc3cccc-2c31,C1CCOC1,385.0
6417,O=C1OC(=O)c2ccc(N(c3ccccc3)c3ccc4ccc5cccc6ccc3c4c56)c3cccc1c23,ClCCl,465.0
5250,c1cc2c3c(cccc3c1)NC(c1ccc3ccc4cccc5ccc1c3c45)N2,Cc1ccccc1,344.0
10507,N#Cc1cc2nc3c(nc2cc1C#N)C1c2ccc(N(c4ccccc4)c4ccccc4)cc2C3c2ccc(N(c3ccccc3)c3ccccc3)cc21,Cc1ccccc1,420.0
1889,CCN1c2ccc(-c3cc(C(F)(F)F)[nH]n3)cc2Sc2cc(-c3cc(C(F)(F)F)[nH]n3)ccc21,ClCCl,334.0
5113,CC(C)(C)c1ccc(C2=CC(c3ccccc3)=[N+]3C2=Nc2c(-c4ccc(C(C)(C)C)cc4)cc(-c4ccccc4)n2[B-]3(F)F)cc1,C1CCOC1,654.0
11441,CCOC(=O)CN1C(=O)C2=C(c3ccccc3)N(CC(=O)OCC)C(=O)C2=C1c1ccccc1,Cc1ccccc1,462.0
32,Oc1cccc(/N=C/c2ccccc2Oc2ccccc2)c1,CCCCO,331.0
7800,CN(C)c1ccc2nc(-c3ccc(C(=O)OC[C@H](NC(=O)OC(C)(C)C)C(=O)OCc4ccccc4)cc3)sc2c1,ClC(Cl)Cl,401.0
6903,CNc1ccc2c(c1)C(=O)c1ccccc1-2,c1ccccc1,491.0
10282,CCOC(=O)c1c(/N=C/c2cccs2)sc(/N=C/c2cccs2)c1C(=O)OCC,CC#N,440.0
9214,CCN(CC)c1ccc(-c2nc3c(c4c2-c2ccccc2CC4)-c2ccccc2CC3)cc1,CO,352.0
10529,C#Cc1ccc2c(C)cc(=O)oc2c1,CCO,325.0
8821,CC(C)(C)c1ccc2c(c1)c1cc(C(C)(C)C)ccc1n2-c1ccc(C#Cc2ccc(C#Cc3ccc(C=C(C#N)C#N)cc3)cc2)cc1,ClCCl,382.0
8463,C(=C/c1c[nH]c2ccccc12)\c1cc[n+]2ccc(/C=C/c3c[nH]c4ccccc34)cc2c1,CO,489.0
7278,COc1ccc2n1[B-](F)(F)[N+]1=C(SC#N)C=CC1=C2c1ccccc1,CC#N,474.0
10831,CCCCCCCCCCCCOc1cc2cc(N(C)C)ccc2cc1C#N,CCO,368.0
6148,CN(C)c1ccc(/C=C/C=C2\CCCC2=O)cc1,c1ccccc1,411.0
3315,CN(C)c1ccc(C(=O)Nc2ccc(F)cc2)cc1,CCOCC,307.0
5372,COc1cc(N(c2ccc(C=C(C#N)C#N)c(OC)c2)c2ccc(C=C(C#N)C#N)c(OC)c2)ccc1C=C(C#N)C#N,CN(C)C=O,454.0
10246,FC(F)(F)c1ccc(/N=N/c2cc3c4c(c2)CCCN4CCC3)cc1,CCOC(C)=O,466.0
8729,CCCCn1c2ccccc2c2ccc3c4cc(-c5ccc6ccccc6c5)ccc4n(CCCC)c3c21,ClC(Cl)Cl,332.0
3424,c1ccc2c([SiH](c3c4ccccc4cc4ccccc34)c3c4ccccc4cc4ccccc34)c3ccccc3cc2c1,ClC(Cl)Cl,401.0
4233,Cc1ccc(N(c2ccc(C)cc2)c2ccc(-c3ccc(C=C(C#N)C#N)o3)cc2)cc1,ClC(Cl)Cl,521.0
1486,CCCCN1C(=O)C(=CC=C2N(CCCC)c3ccccc3N2CCCC)C(=O)N(CCCC)C1=S,ClC(Cl)Cl,461.0
605,CC1=C2c3ccccc3C(c3ccc[nH]3)=[N+]2[B-](F)(F)n2cccc21,CC#N,555.0
11107,O=[N+]([O-])c1ccccc1O,O,411.0
6814,Cc1ccccc1/C(C#N)=C/c1ccc(N(C)C)cc1,CCCO,374.0
1533,O=C1/C(=C\c2ccc(N(c3ccccc3)c3ccccc3)cc2)S(=O)(=O)c2ccccc21,ClC(Cl)Cl,491.0
6717,C(#Cc1ccccc1C#Cc1ccccc1)c1ccccc1,CC#N,310.0
8247,F[B-]1(F)n2c(cc3c4ccccc4oc32)C(c2ccccc2)=C2C=c3c(oc4ccccc34)=[N+]21,CO,579.0
7169,CCN(CC)c1ccc(/N=N/c2ccc3c(=O)[nH][nH]c(=O)c3c2[N+](=O)[O-])cc1,CS(C)=O,499.0
3325,CN(C)c1ccc(C(=O)Nc2cccc(Cl)c2)cc1,C1CCOC1,314.0
10073,CN(C)c1ccc2nc(/C=C/c3cc4c5c(c3)CCCN5CCC4)c(=O)oc2c1,CS(C)=O,522.5
1330,Cc1ccc2occ(CC(=O)NN)c2c1,CC#N,289.0
6393,CC1=C2C=CC(c3ccccc3)=[N+]2[B-](F)(F)n2c1ccc2-c1ccccc1,ClCCl,544.0
957,COc1ccc2c(c1)CCc1c-2nc(N)c(C#N)c1-c1ccc(Br)cc1,CN(C)C=O,375.0
3403,O=C1/C(=C\c2ccc3oc4ccccc4c3c2)S(=O)(=O)c2ccccc21,CC#N,365.0
7316,COc1ccc(C2=C3C=CC(C)=[N+]3[B-](F)(F)n3c(C)ccc32)cc1,CCOC(C)=O,507.0
6458,Cc1ccc(-c2cc(/C=C/c3ccc(N(c4ccccc4)c4ccccc4)cc3)c(-c3ccc(C)cc3)cc2/C=C/c2ccc(N(c3ccccc3)c3ccccc3)cc2)cc1,ClCCl,410.0
5503,CCC1=C(C)C2=C(C)c3c(C)c(-c4csc(N5CCOCC5)n4)c(C)n3[B-](F)(F)[N+]2=C1C,ClC(Cl)Cl,523.0
11611,c1cc2ccc1CCCc1ccc(c3nsnc13)CCC2,C1CCCCC1,378.0
1660,CC(=O)n1cc(/C=C/c2ccc([N+](=O)[O-])cc2)c2ccccc21,CC#N,377.0
1026,CN(C)c1ccc(C(=Cc2ccc(C=O)cc2)c2ccc(N(C)C)cc2)cc1,C1CCOC1,407.0
10527,CCNc1ccc2c(C(F)(F)F)cc(=O)oc2c1,CC(C)=O,388.0
4710,CC(C)(C)c1ccc(-c2cc3c4c(c2)CCc2cc(-c5ccc(C(C)(C)C)cc5)cc(c2-4)CC3)cc1,ClC(Cl)Cl,329.7061683
1247,CC/C=C/C=C/C=C/C=C/CCCCCCCC(=O)O,CCCCCCCCCC,315.3
655,Cc1ccc(C2=[N+]3C(=Cc4ccc(C)n4[B-]3(F)F)c3ccccc32)[nH]1,C1CCOC1,599.0
623,CCc1c(C)[nH]c(C2=[N+]3C(=C(C)c4c(C)c(CC)c(C)n4[B-]3(F)F)c3ccccc32)c1C,CC#N,610.0
8279,CN(C)c1ccc(/C=C/C(=O)c2ccc(Cl)cc2)cc1,ClC(Cl)Cl,426.0
6392,F[B-]1(F)n2c(ccc2-c2ccccc2)C(C(F)(F)F)=C2C=CC(c3ccccc3)=[N+]21,CCCCCC,592.0
2199,CCc1c(C)c2n(c1C)[B-](F)(F)[N+]1=C(NCc3ccc(OC)cc3)C(SC#N)=CC1=C2C,CO,562.0
2582,COC1(OC)C2(Cl)c3nc4ccc(-c5cccs5)cc4nc3C1(Cl)C1C[C@@H]3[C@H](CC12)C1(Cl)c2nc4cc(-c5cccs5)ccc4nc2C3(Cl)C1(OC)OC,CC#N,366.0
4112,COC(=O)C(Cc1ccc2oc(-c3ccc(-n4c5ccccc5c5ccccc54)cc3)nc2c1)NC(=O)OC(C)(C)C,OCCO,343.2062326
4253,O=c1c2ccccc2n2c3ccc(-c4ccccc4)cc3c(=O)c3cccc1c32,CCOC(C)=O,439.0
10265,CC1(C)Cc2c(c3ccccc3c3nc4ccccc4nc23)O1,ClC(Cl)Cl,459.9816007
9037,C[SiH]1c2ccccc2-c2cc3c(cc21)-c1ccccc1[SiH]3C,ClCCl,324.0
6784,Cc1cc(=O)c2ccc(N)cc2o1,ClC(Cl)Cl,311.0
8741,CC[N+]1(CC)CN2C(=N1)C(C(=O)O)=Cc1c(OC)ccc(OC)c12,O,368.0
11270,N#Cc1ccc(N)cc1,CCO,276.0
6321,COC(=O)c1cc(=O)n(C)c2cc(-c3cc4c5c(c3)CCCN5CCC4)sc12,CN(C)C=O,456.0
11758,COc1ccccc1-c1nc(-c2ccccc2)c2ccccn12,O,330.0
1746,CN(C)c1ccc(/C=C2\CC/C(=C\c3ccc(C#N)cc3)C2=O)cc1,CC#N,456.0
11479,c1ccc2sc(-c3ccc(-c4nnc(-c5ccc(-c6nnc(-c7ccc(-c8cc9ccccc9s8)s7)o6)cc5)o4)s3)cc2c1,ClC(Cl)Cl,346.0
11715,C(=C/c1nc2ccccc2[nH]1)\c1ccc(-c2nc3c4cccnc4c4ncccc4c3[nH]2)cc1,C1CCOC1,381.0
9622,NC(=O)CC[C@H](/[NH+]=C\C=C1\C=C(C(=O)O)N[C@H](C(=O)O)C1)C(=O)O,O,475.0
3705,CCC1=C(C)c2cc3c(OC)cc(OC)cc3c(=O)n2C1=O,CC#N,433.0
76,Oc1ccccc1/N=C/c1ccccc1Oc1ccccc1,C1CCCCC1,353.0
9709,CN(C)c1ccc(/C=C/c2nc3c4ccccc4c4ccccc4c3[nH]2)cc1,CCOC(C)=O,387.0
8484,CSc1cc(-c2cc3cc4c5c(c3oc2=O)CCCN5CCC4)oc(=O)c1C#N,ClCCl,541.0
7706,CN(C)c1ccc(/C=C2\CCCC2=O)cc1,CCCCO,392.0
8042,CN(C)c1ccc(/C=C/c2nc3ccccc3s2)cc1,CCOCC,390.0
10328,CS(=O)(=O)c1ccc(-c2cc3ccc(N)cc3c(=O)o2)cc1,CCCCO,366.0
2260,CC1CC=C(c2ccc(-c3ccc(C#N)s3)s2)CC1,CCO,358.0
1775,CN(C)c1ccc(/C=C2\CC/C(=C\c3ccc(N(C)C)cc3)C2=O)cc1,CS(C)=O,474.0
6134,CN(C)c1ccc(/C=C/C=C2\CCCC2=O)cc1,CC(C)O,420.0
93,C[Si](C)(C)c1ccc(-c2nc3ccccc3n2-c2ccccc2)cc1,ClCCl,301.0
3449,CCC1=C(C)C(=O)n2c1cc1c(C)c(CC)c(C)n1c2=O,CC#N,423.0
7930,C(#Cc1ncnc2ccccc12)c1ccc(N(c2ccccc2)c2ccccc2)cc1,ClCCl,411.0
4073,O=C1OCC2=C1C(c1ccccc1)c1cc3c(cc1N2CCO)CCC3,CCCCO,323.0
714,CC1=CC(C)=[N+]2C1=C(c1ccc(-c3ccc(O)cc3)s1)c1c(C)cc(C)n1[B-]2(F)F,CO,511.0
1076,COC(=O)c1nc2c(OCc3ccccc3)nc(N)nc2n1Cc1ccccc1,ClCCl,315.0
6649,OCC1O[C@@H](Cc2cc(O)cc(/C=C/c3ccc(O)c(O)c3)c2)[C@H](O)[C@@H](O)[C@@H]1O,CCCCO,319.0
5199,CC1=C(C#Cc2ccc(B(c3c(C)cc(C)cc3C)c3c(C)cc(C)cc3C)cc2)C(C)=[N+]2C1=C(c1ccccc1)c1c(C)c(C#Cc3ccc(B(c4c(C)cc(C)cc4C)c4c(C)cc(C)cc4C)cc3)c(C)n1[B-]2(F)F,ClCCl,576.0
10076,CN(C)c1ccc2nc(/C=C/c3cc4c5c(c3)CCCN5CCC4)c(=O)oc2c1,ClCCl,514.5
2015,O=Cc1ccc(-c2ccc(O)c(-c3nc4ccccc4s3)c2)s1,O,338.0
1885,Cc1cc(-c2cccc3ccccc23)cc(C)[o+]1,ClCCl,438.0
5323,COc1ccc2c(c1)-c1nc(-c3ccccc3)c3cc(Cl)ccc3[n+]1[B-](F)(F)O2,Cc1ccccc1,440.0
5643,COc1ccc2c(=O)c3c([nH]c2c1)-c1cc(Cl)ccc1NC3(C)C,CC#N,421.0
6742,COc1ccc(-c2csc(/C(C#N)=C/c3ccc(C#N)cc3)n2)cc1,CCO,395.0
1488,CC(C)(C)c1ccc2c(c1)c1cc(C(C)(C)C)ccc1n2-c1cc(C(=O)c2ccncc2)cc(-n2c3ccc(C(C)(C)C)cc3c3cc(C(C)(C)C)ccc32)c1,Cc1ccccc1,396.0
9421,Oc1ccc2ncccc2c1,ClCCl,330.0
8430,CC(C)(C)c1ccc2c(c1)c1cc(C(C)(C)C)ccc1n2-c1ccccc1-c1nc(-c2ccccc2P(=O)(c2ccccc2)c2ccccc2)nc(-c2ccccc2P(=O)(c2ccccc2)c2ccccc2)n1,CN(C)C=O,345.9459459
7603,N#C/C(=C\c1cn(-c2ccccc2)nc1-c1ccccc1)c1nc2ccccc2s1,Cc1ccccc1,387.0
4721,CN(C)c1ccc(C2=Cc3c4ccccc4c4ccccc4[n+]3[B-](F)(F)O2)cc1,CO,475.0
5461,N#Cc1c(-c2ccccc2)cc(-c2ccccc2)[nH]c1=S,CCCCO,441.0
4693,FC(F)(F)c1cc2n(n1)[B-]1(c3ccccc3-c3ccccc31)[n+]1ccc3ccccc3c1-2,ClCCl,373.0
3107,CC1=CC(/C=C/c2ccc(N(C)C)cc2)=[N+]2C1=C(c1ccccc1)c1c(C)cc(/C=C/c3ccc(N(C)C)cc3)n1[B-]2(F)F,ClC(Cl)Cl,700.0
1437,CCn1c2cc(C(C)(C)C)ccc2c2c3nsnc3c3c4ccc(C(C)(C)C)cc4n(CC)c3c21,CN(C)C=O,430.0
1233,Cc1cc(C)c(C2=C3C=CC4=[N+]3[B-]3(Oc5ccccc54)Oc4ccccc4-c4ccc2n43)c(C)c1,ClC(Cl)Cl,626.0
185,CCOC(=O)c1c(-c2cc3c(ccc4ccccc43)oc2=O)nn(-c2ccccc2)c1C(=O)OCC,ClCCl,361.0
5629,CC1(C)Nc2cc(Cl)ccc2-c2[nH]c3ccccc3c(=O)c21,CC#N,421.0
9392,CCN(CC)c1ccc2cc(/C=C(\C#N)c3nc4ccccc4s3)c(=O)oc2c1,CN(C)C=O,528.0
4894,CCCCCCCCC1(CCCCCCCC)c2cc3c(cc2-c2sc(-c4ccc(/C=C5\SC(=S)N(CC)C5=O)c5nsnc45)cc21)C(CCCCCCCC)(CCCCCCCC)c1cc(-c2ccc(/C=C4\SC(=S)N(CC)C4=O)c4nsnc24)sc1-3,ClC(Cl)Cl,652.0
8131,CC1=CC(C)=[N+]2C1=Cc1c3ccccc3c(C#Cc3ccc(F)cc3)n1[B-]2(F)F,CCCCCC,609.0
1297,N#Cc1c(/C=C/c2ccc(N(c3ccccc3)c3ccccc3)cc2)cc(-c2cccs2)cc1N1CCCCC1,CS(C)=O,404.0
5948,C(#Cc1cccc(C#Cc2ccc(-n3c4ccccc4c4ccccc43)cc2)c1)c1ccc(-n2c3ccccc3c3ccccc32)cc1,CC#N,331.0
4359,COC(=O)c1cc(=O)n(Cc2ccccc2)c2cc(-c3ccc(OC)cc3)sc12,ClCCl,404.0
4246,c1ccc(-c2pc3ccccc3s2)cc1,CC#N,330.0
8289,CN(C)c1ccc(/C=C/C(=O)c2ccccc2)cc1,ClC(Cl)Cl,417.0
3082,CCCCCCN1C(=O)c2cccc3c(-c4ccc(-c5ccc(-c6ccc7c8c(cccc68)C(=O)N(CCCCCC)C7=O)s5)s4)ccc(c23)C1=O,ClC(Cl)Cl,428.0
7975,Cc1cc(-c2ccccc2)nc2c1ccc1nc(-c3ccccc3)cn12,ClCCl,348.0
4055,c1ccc2c(-c3cc(-c4nccs4)nc(-c4nccs4)c3)c3ccccc3cc2c1,CC#N,385.0
6768,CC1(C)CC(=O)C2=C(C1)Oc1ccc3ccccc3c1C2c1ccccn1,C1COCCO1,274.0
381,O=C1c2ccccc2-c2c(-c3ccccc3O)[nH]c(=O)n21,CC#N,393.0
3016,c1ccc(-c2nc(-c3ccc(-c4ccc(-n5c6ccccc6c6ccccc65)cc4)cn3)oc2-c2ccccc2)cc1,CCOC(C)=O,332.0
1155,C(S/C=C/c1ccc(-c2ccc(/C=C/SC=C3CCCCCC3)cc2)cc1)=C1CCCCCC1,ClCCl,353.0
4963,C(=C/c1ccnc2ccccc12)\c1ccc(/C=C/c2ccnc3ccccc23)cc1,CC(C)=O,371.0
8074,CN(C)c1ccc2c3c(ccc2c1)C(=O)CCC3,Clc1ccccc1,357.0
1728,COc1cccc(-n2c(-c3ccccc3)nc(C)c2C)c1,ClCCl,282.0
2586,COC1(OC)C2(Cl)c3nc4ccc(-c5cccs5)cc4nc3C1(Cl)C1C[C@@H]3[C@H](CC12)C1(Cl)c2nc4cc(-c5cccs5)ccc4nc2C3(Cl)C1(OC)OC,Cc1ccccc1,362.0
9620,NC(=O)CC[C@H](/[NH+]=C\C=C1\C=C(C(=O)O)N[C@H](C(=O)O)C1)C(=O)O,CCO,474.0
2425,CCCCCCCCC1(CCCCCCCC)c2cc(C#Cc3ccc(N(c4ccccc4)c4ccccc4)cc3)ccc2-c2ccc(C=O)cc21,CCOC(C)=O,376.0
1253,CC/C=C/C=C/C=C/C=C/CCCCCCCC(=O)O,c1ccccc1,320.0
10476,COc1ccc(-c2c3ccc([nH]3)c3nc(c(-c4ccc(C#N)cc4)c4ccc([nH]4)c4ccc([nH]4)c(-c4ccc(OC)cc4)c4ccc2o4)C=C3)cc1,Cc1ccccc1,453.0
3017,c1ccc(-c2nc(-c3ccc(-c4ccc(-n5c6ccccc6c6ccccc65)cc4)cn3)oc2-c2ccccc2)cc1,CCOCC,333.0
6533,CC(=O)N(Cc1ccccn1)c1c2ccccc2c2c3c(cccc13)C(=O)N(Cc1ccccn1)C2=O,ClCCl,439.0
5837,CC[n+]1ccc(/C=C/c2ccc3ccc4cccc5ccc2c3c45)cc1,C1CCOC1,447.0
5496,CCC1=C(C)C2=C(C)c3c(C)c(-c4csc(N5CCOCC5)n4)c(C)n3[B-](F)(F)[N+]2=C1C,CC(C)O,518.0
2498,CCCCCCOc1ccc(C#Cc2ccc(-c3ccc(-c4ccc(C#Cc5ccc(OCCCCCC)c(OCCCCCC)c5)s4)c4nsnc34)s2)cc1OCCCCCC,CN(C)C=O,500.0
4023,c1ccc2nc3cccc(-c4ccc(-n5c6ccccc6c6ccccc65)cc4)c3cc2c1,CCOCC,358.0
5821,O=C(O)C1CCCN1C(=O)c1ccc(C2CC(c3cccc4ccccc34)=NN2c2ccccc2)cc1,O,377.0
2191,N#Cc1nnn(-c2ccnc3cc(Cl)ccc23)c1N,CCOC(C)=O,364.0069889
10673,O=[N+]([O-])c1ccc(-c2ccc3ncnc(Nc4ccccc4)c3c2)cc1,ClC(Cl)Cl,346.0
11227,CN(C)c1cc(C#N)c(N(C)C)c(C#N)c1,O,386.8471954
11189,COCCOc1ccc(OCCOC)c(C=O)c1,O,349.0
3026,O=C1CC(=O)Nc2cc(C(=O)O)ccc2N1,CS(C)=O,304.0
6180,CC1=C(Cc2ccccc2)C(C)=[N+]2C1=C(C)c1c(C)c(-c3csc(N4CCOCC4)n3)c(C)n1[B-]2(F)F,CO,514.0
10973,O=C([O-])c1ccccc1O,O,296.0
6594,Nc1ccc2c(-c3ccc(Br)cc3)c3ccc(=[NH2+])cc-3oc2c1,CCO,514.0
530,COc1ccc(C2=CC3=C(c4c(C)cc(C)cc4C)c4cc(-c5ccc(OC)cc5)c(-c5ccc(OC)cc5)n4[B-](F)(F)[N+]3=C2c2ccc(OC)cc2)cc1,ClCCl,616.0
3204,Cc1ccc2nc(-c3cccc4nc(C)[nH]c(=O)c34)oc2c1,CN(C)C=O,310.0
6277,O=P1(c2ccccc2)c2ccccc2-c2sc3ccccc3c21,ClCCl,329.0
11558,Nc1ccc(C#Cc2ccc3ccc4ccc(C#Cc5ccc(N)cc5)c5ccc2c3c45)cc1,CCCCCCO,421.0
4862,Cc1ccc(Nc2ccc(Nc3ccc(C)cc3)c3c2C(=O)c2ccccc2C3=O)cc1,c1ccccc1,642.0
5378,COc1cc(N(c2ccccc2)c2ccc(C=C(C#N)C#N)c(OC)c2)ccc1C=C(C#N)C#N,CC#N,477.0
4398,CC(C)c1cccc(C(C)C)c1N1C(=O)c2ccc3c(-c4ccc(C(=O)O)cc4)c4c5ccc6c7c(ccc(c(-c8ccc(C(=O)O)cc8)c4c4ccc(c2c34)C1=O)c75)C(=O)N(c1c(C(C)C)cccc1C(C)C)C6=O,ClCCl,622.0
6608,COC(=O)c1ccc(/C=C2\C=C(c3ccc(C#N)cc3)OC2=O)cc1,C1COCCO1,404.0
5225,F[Si](c1ccccc1)(c1ccccc1)c1cccc2ccccc12,C1CCOC1,286.0
10727,CCCCCCCCCCC(CCCCCCCCCC)Cn1c2cc(-c3ccc(C(C)(C)C)cc3)c3cccc4c5ccc6c7cc(-c8cc(C(C)(C)C)cc(C(C)(C)C)c8)n8c7c(c7cc1c(c5c76)c2c34)=C1C=CC(c2cc(C(C)(C)C)cc(C(C)(C)C)c2)=[N+]1[B-]8(F)F,Cc1ccccc1,780.0
2855,Cc1ccc(Nc2ccc3ccccc3n2)cc1,Cc1ccccc1,350.0
144,COc1ccc(C#Cc2c3cc4cc(C)sc4cc3c(C#Cc3ccc(OC)cc3)c3cc4cc(C)sc4cc23)cc1,ClCCl,573.0
10485,Cc1ccc(-c2c3ccc([nH]3)c3nc(c(-c4ccc([N+](=O)[O-])cc4)c4ccc([nH]4)c4ccc([nH]4)c(-c4ccc(C)cc4)c4ccc2o4)C=C3)cc1,Cc1ccccc1,448.0
9190,COc1ccc(-c2nc3c(c4c2-c2ccccc2CC4)-c2ccccc2CC3)cc1,Cc1ccccc1,320.0
6319,COC(=O)c1cc(=O)n(C)c2cc(-c3cc4c5c(c3)CCCN5CCC4)sc12,CC#N,448.0
2492,CN1CCCc2cc3c(C(F)(F)F)cc(=O)oc3cc21,CC#N,405.0
5500,CCC1=C(C)C2=C(C)c3c(C)c(-c4csc(N5CCOCC5)n4)c(C)n3[B-](F)(F)[N+]2=C1C,CO,514.0
8280,CN(C)c1ccc(/C=C/C(=O)c2ccc(Cl)cc2)cc1,c1ccccc1,420.0
9938,COc1ccc(-c2cc(-c3ccc(OC)cc3)c3c(N)nc(N4CCCC4)c(C#N)c3n2)cc1,CC(C)O,412.0
10054,Fc1cc(-c2ccc(-c3nc4cc(Br)ccc4[nH]3)cc2)ccc1-c1ccc(-c2nc3cc(Br)ccc3[nH]2)cc1,CN(C)C=O,342.0
5100,CCCCN(CCCC)c1ccc(/C=C/c2ccc3nc(/C=C/c4ccc(N(C)C)cc4)c(=O)n(CCC)c3c2)cc1,CC#N,488.0
4453,COc1ccc2cc(C3=[N+]4C(=Nc5c(-c6ccc7ccccc7c6)cc(-c6ccc7cc(OC)ccc7c6)n5[B-]4(F)F)C(c4ccc5ccccc5c4)=C3)ccc2c1,ClCCl,718.0
4220,O=C([O-])c1ccccc1C1=c2cc3c4c(c2Oc2c1cc1c5c2CCCN5CCC1)CCC[N+]=4CCC3,CN(C)C=O,580.0
11108,COCCOCCOCCOCCOc1cc(C=O)c(OCCOCCOCCOCCOC)cc1C=O,CC(C)(C)O,393.0
788,CCOC(=O)C1c2cc(Cl)ccc2C(=O)N1c1ccc(OC)c(OC)c1,ClCCl,300.0
6948,CCN(CC)c1ccc2cc(/C=C/C(=O)c3cc4ccc(N(CC)CC)cc4oc3=O)c(=O)oc2c1,CCOC(C)=O,478.0
2673,COc1cc(/C=C2/SC(=O)NC2=O)cc(OC)c1O,CN(C)C=O,341.0
3528,Cc1ccc(C(=O)/C=C2\C(=O)Nc3ccccc32)cc1C,O,338.0
7949,COc1ccc2c(-c3nc(-c4ccccc4F)no3)cc(=O)oc2c1,CCO,333.0
2030,CC(C)(C)C1Nc2c(Br)cc(Br)cc2C(=O)N1Cc1ccccc1,CO,368.0
6237,Cc1cc(C)c(B(c2cc(-c3ccccc3)sc2-c2sc(-c3ccccc3)cc2P(=O)(c2ccccc2)c2ccccc2)c2c(C)cc(C)cc2C)c(C)c1,CO,392.0
7692,COC(=O)c1c(NC(C)(C)C)oc(-c2ccccc2)c1C(=O)OC,CC#N,334.0
3206,O=Cc1nc2ccc(C#Cc3ccc(N(c4ccccc4)c4ccccc4)cc3)cc2s1,Cc1ccccc1,412.0
7691,CCCN1/C(=C/C=C(/C=C/C2=[N+](CCC)c3ccccc3C2(C)C)c2ccncc2)C(C)(C)c2ccccc21,O,633.0
431,c1csc(-c2cnc(-c3cccs3)c3nonc23)c1,CO,460.0
7201,Cc1ccc2c(c1)C1(c3ccccc3-c3ccccc31)c1cc(C)ccc1N2c1ccc2c(c1)Oc1ccccc1P2(=O)c1ccccc1,Cc1ccccc1,311.2466125
1780,CN(C)c1ccc(/C=C2\CC/C(=C\c3ccc(N(C)C)cc3)C2=O)cc1,S=C=S,463.0
7248,COC1=[N+]2C(=C(c3ccc(C)cc3)c3ccc(OC)n3[B-]2(F)F)C=C1,ClC(Cl)Cl,516.0
3656,CCOC(=O)c1csc2[n+]1[B-](F)(F)OC(c1ccc(N(C)C)cc1)=N2,C1CCOC1,404.0
5349,C[N+](C)=c1ccc2c(-c3ccccc3C(=O)O)c3ccc4cc(O)ccc4c3oc-2c1,O,544.0
349,CCC1=C(C)C2=C(C)c3cccn3[B-](F)(F)[N+]2=C1C,C1CCCCC1,504.0
3272,CC(C)(C)c1ccc2c(c1)sc1[n+]2[B-](F)(F)n2c(c3cccc4c(Br)ccc2c43)=C1C#N,CC#N,532.0
6495,CN(C)c1cc(-c2ccc(C#Cc3ccccc3)cc2)cc2ccccc12,CCO,300.2862595
42,Oc1cccc(/N=C/c2ccccc2Oc2ccccc2)c1,ClC(Cl)Cl,328.0
7290,CCCSC1=[N+]2C(=C(c3ccccc3)c3ccc(SCCC)n3[B-]2(F)F)C=C1SC#N,CCOC(C)=O,545.0
981,CCC1=C(C)C(=O)n2c1cc1c(c(C)c(C(=O)OC)n1C)c2=O,CS(C)=O,397.0
2312,F[B-]1(F)N(c2ccccc2)C=Cc2cccc[n+]21,C1CCCCC1,442.0
9090,COc1cc2c(cc1OC)C1=C3C(=O)N4C=Cc5cc(OC)c(OC)cc5C4=C3C(=O)N1C=C2,CN(C)C=O,593.0
2954,C[Si]1(C)O[Si](C)(C)c2cc3c(-c4ccccc4)c4cc([N+](=O)[O-])ccc4nc3cc21,ClCCl,376.0
9676,CN(C)c1ccc(/C=C2/N=C(c3ccccc3)OC2=O)cc1,C1CCCCC1,456.0
4952,CCN(CC)c1ccc2cc(C#N)/c(=N\C(=O)c3ccc(C)cc3)oc2c1,CCO,430.0
9557,CC1=C(I)C(C)=[N+]2C1=C(c1c(-c3ccccn3)nc3ccccn13)c1c(C)cc(C)n1[B-]2(F)F,ClCCl,534.0
8019,c1ccc(-c2ccc(-c3ccc(-n4c5ccccc5c5ccccc54)cc3)c3nsnc23)cc1,CCOCC,392.0
11210,CN(C)c1cc(C#N)c(N(C)C)c(C#N)c1,CC(C)OC(C)C,386.6976025
4766,CCOC(=O)C1=C(C(=O)OCC)C2(c3ccccc3-c3ccccc32)[C@@H](c2ccccc2)C=C2c3cc(OC)c(OC)cc3CCN21,ClCCl,311.0
7453,CC(C)(C)c1cc2ccc3cc(C(C)(C)C)cc4c3c2c(c1)c(=O)n1c4nc2c3cc(C(C)(C)C)cc4ccc5cc(C(C)(C)C)cc(c5c43)c21,c1ccccc1,395.0
916,Cc1ccc(C2=C3C=CC(C#Cc4ccccc4)=[N+]3[B-](F)(F)n3c(Cl)ccc32)cc1,ClC(Cl)Cl,564.0
6252,CN(C)c1ccc(/C=C/c2ccccn2)cc1,CN(C)C=O,367.0
6724,O=c1c2ccccc2nc2ccc(-c3ccc(N(c4ccccc4)c4ccccc4)cc3)cn12,ClCCl,355.0
10224,CCOC(=O)CCOc1ccc(C(c2c(C)[nH]c3ccccc23)c2c(C)[nH]c3ccccc23)cc1OC,CC#N,289.0
1616,C1=CC2=Nc3cccc[n+]3CN2C=C1,CO,412.0
4367,CC(C)[Si](C#Cc1c2nsnc2c(C#C[Si](C(C)C)(C(C)C)C(C)C)c2nc3c(nc12)Cc1ccccc1-3)(C(C)C)C(C)C,CCCCCC,540.0
9345,Cc1cc(C)c(C2=C3C=c4c(c5ccccc5c5ccccc45)=[N+]3[B-](F)(F)n3c2cc2c4ccccc4c4ccccc4c23)c(C)c1,Cc1ccccc1,680.0
6480,c1ccc(-c2cc(-c3ccc4ccc5c(-c6ccnc(-c7ccccn7)c6)ccc6ccc3c4c65)ccn2)nc1,CO,363.0027588
7389,CC1=CC(C)=[N+]2C1=C(c1ccccc1)c1c(C)cc(C)n1[B-]2(F)F,CCCCCC,501.0
1833,CC(C)(C)OC(=O)NCC(=O)OCc1ccc2c3cccc4cccc(c5cccc1c52)c43,CCO,439.0
4194,CCCCCCCCc1ccc(-c2ccc(/C=C(\C#N)c3ccc(-c4cccc5cccc(-c6ccc(/C(C#N)=C/c7ccc(-c8ccc(CCCCCCCC)cc8)cc7)cc6)c45)cc3)cc2)cc1,Cc1ccccc1,350.0
8544,CCn1c2ccccc2c2cc(C#Cc3cc(C#Cc4ccc5c(c4)c4ccccc4n5CC)nc(OC)n3)ccc21,CCOC(C)=O,384.0
6301,N#C/C(=C\c1ccc(C#N)cc1)c1nc(-c2ccccc2)c(-c2ccccc2)s1,CC#N,379.0
8521,CC(C)CCCCN1CCc2c1ccc1c3c(ccc21)C(=O)CCC3,CCC(C)=O,368.0
782,COc1cc(/C=C/c2nc3ccccc3s2)c(OC)cc1/C=C/c1nc(C)nc(C)n1,ClCCl,424.0
8672,O=C(c1ccc(N(c2ccccc2)c2ccccc2)cc1)[C@H]1[C@H](c2ccccc2)C[C@](O)(c2ccccn2)C[C@]1(O)c1ccccn1,c1ccccc1,372.0
1156,COc1ccc2c(c1)O[B-]13Oc4cc(OC)ccc4-c4cc(-c5ccccc5)c(n41)N=C1C(c4ccccc4)=CC2=[N+]13,ClC(Cl)Cl,765.0
1536,CC1=CC(C)=[N+]2C1=C(c1ccc(I)cc1)c1c(C)cc(C)n1[B-]21Oc2ccc3ccccc3c2-c2c(ccc3ccccc23)O1,ClC(Cl)Cl,506.0
8440,CCn1c2ccsc2c2c3nsnc3c3c4sccc4n(CC)c3c21,CCOC(C)=O,433.0
6209,COC(=O)c1[nH]c(-c2ccc(Br)cc2)c2nnc3ccc(OC)cc3c12,ClCCl,395.0
2826,CCCCN1C(=O)C(=C/C=C/C=C2N(CCCC)c3ccccc3N2CCCC)C(=O)N(CCCC)C1=S,CCO,452.0
8408,CN1/C(=C/C=C/C2=[N+](C)c3c(F)c(F)c4c(F)c(F)c(F)c(F)c4c3C2(C)C)C(C)(C)c2c1c(F)c(F)c1c(F)c(F)c(F)c(F)c21,ClCCl,542.0
6186,C[Si]1(c2ccccc2)C(c2ccc3c4ccccc4n(-c4ccccc4)c3c2)=C(c2ccccc2)C(c2ccccc2)=C1c1ccc2c3ccccc3n(-c3ccccc3)c2c1,C1CCOC1,398.0
3463,CCC1=C(C)C(=O)n2c1cc1c(C)c(CCC(=O)OC)c(C)n1c2=O,CO,424.0
2401,CCN1c2ccccc2Sc2cc(/C=C(\C#N)c3ccccc3)ccc21,C1CCOC1,411.0
10462,COc1cc(OC)cc(C(=O)OCc2c(C)c(=O)n3c(=O)c(C)c(C)n23)c1,CCO,378.0
5993,COc1cc(OC)cc(-c2nnc(-c3ccc(-c4nnc(-c5cc(OC)cc(OC)c5)o4)cc3)o2)c1,CC#N,317.0
5165,Cc1ccc2ccc3c(c2n1)N/C(=C\C1=C([O-])/C(=C/C2=[NH+]c4c(ccc5ccc(C)nc45)C2(C)C)C1=O)C3(C)C,Cc1ccccc1,694.0
5527,CSc1sc(C(N)=O)c2nnn(C)c(=O)c12,C1CCOC1,393.0
2152,CCCCn1c2ccc(-c3ccc(C(F)(F)F)cc3)cc2c2ccc3c4cc(-c5ccc(C(F)(F)F)cc5)ccc4n(CCCC)c3c21,ClC(Cl)Cl,301.0
4333,Nc1ccc2c(c1)Cc1ccccc1-2,CCO,317.0
4089,CCCCCCc1ccsc1-c1cc2c3cc(-c4sccc4CCCCCC)c4nc(C(F)(F)C(F)(F)C(F)(F)F)nc5c(-c6sccc6CCCCCC)cc(c6cc(-c7sccc7CCCCCC)c7nc(C(F)(F)C(F)(F)C(F)(F)F)nc1c7c26)c3c45,C1CCOC1,521.0
10889,C[C@@]12SC(Cl)=CC1=c1nc(-c3ccc(Cl)cc3)[nH]c1=C1C=C(Cl)S[C@]12C,CC#N,327.0
10313,CCN(CC)c1ccc2cc(-c3ccc(C(F)(F)F)cc3)oc(=O)c2c1,ClC(Cl)Cl,368.0
9164,Cc1ccc(-c2c3nc(c(-c4ccc(C)cc4)c4ccc([nH]4)c(-c4ccc(OC(=O)C(C)c5ccc(CC(C)C)cc5)cc4)c4nc(c(-c5ccc(C)cc5)c5ccc2[nH]5)C=C4)C=C3)cc1,ClCCl,649.0
8703,C#CCn1c2ccccc2c2cc(/C=C/C3=[N+]4C(=C(c5ccc(I)cc5)c5c(C)c(Cl)c(/C=C/c6ccc7c(c6)c6ccccc6n7CC#C)n5[B-]4(F)F)C(C)=C3Cl)ccc21,CS(C)=O,705.0
8600,CC1(C)c2ccccc2N(c2ccc(-c3nnc(-c4ccc(N5c6ccccc6C(C)(C)c6ccccc65)cc4)o3)cc2)c2ccccc21,Cc1ccccc1,360.0
9219,O=[N+]([O-])c1ccc(-c2nc3c(c4c2-c2ccccc2CC4)-c2ccccc2CC3)cc1,CC#N,345.0
5761,CCOC(=O)c1c2c3c(ccc([N+](=O)[O-])c3c3cc4ccccc4cc13)N(C)C2=O,CC#N,394.0
10592,CCNc1ccc2c(C(F)(F)F)cc(=O)oc2c1,CCOC(C)=O,382.0
7819,CCN(CC)c1ccc2cc(/C(Cl)=C/C=C/C(=C(C#N)C#N)c3ccc(N(c4ccccc4)c4ccccc4)cc3)c(=O)oc2c1,CS(C)=O,542.0
11106,O=[N+]([O-])c1ccccc1O,CO,338.0
8748,CC[N+]1(CC)CN2C(=N1)C(C(=O)O)=Cc1cc(SC)ccc12,O,397.0
7882,CCCCN1/C(=C\C=C\C=C\C2=[N+](CCCC)c3ccc4cc(Br)ccc4c3C2(C)C)C(C)(C)c2c1ccc1cc(Br)ccc21,CN(C)C=O,689.0
7347,CC1=CC(C)=[N+]2C1=C(c1c(F)c(F)c(NCCNP(=O)(OC(C)C)OC(C)C)c(F)c1F)c1c(C)cc(C)n1[B-]2(F)F,CO,512.0
10244,COc1cc2c(cc1/C=C(\C#N)c1nc3ccccc3s1)c1ccccc1n2C,ClC(Cl)Cl,434.0
1731,COc1cccc(-n2c(-c3ccc(F)cc3)nc(C)c2C)c1,CCCCO,289.0
9773,[O-]c1c(-c2ccccc2)cc(-[n+]2c(-c3ccccc3)cc(-c3ccccc3)cc2-c2ccccc2)cc1-c1ccccc1,CCC(C)O,607.0276008
10632,COc1cccc(C2=c3c(c4ccc(C(C)(C)C)cc4c4cc(C(C)(C)C)ccc34)=[N+]3C2=C(c2ccccc2)c2c(-c4cccc(OC)c4)c4c5ccc(C(C)(C)C)cc5c5cc(C(C)(C)C)ccc5c4n2[B-]3(F)F)c1,ClCCl,677.0
11417,Cc1cc(-c2ccc(-n3c4ccccc4c4ccccc43)cc2)nc(-c2ccc(-c3ccccc3)cc2)n1,CN(C)C=O,341.0
3045,CCN(CC)c1ccc2cc(/C=C(\C#N)c3nc4ccccc4o3)c(=O)oc2c1,C1COCCO1,497.0
1870,CC(C)(C)c1ccc2c(c1)c1cc(C(C)(C)C)ccc1n2-c1ccc(C#Cc2ccc3c4ccc(C#Cc5ccc(-n6c7ccc(C(C)(C)C)cc7c7cc(C(C)(C)C)ccc76)cc5)cc4n(-c4ccc(C(F)(F)F)cc4)c3c2)cc1,ClCCl,353.0
4768,COc1cc2c(cc1OC)C1=C[C@H](c3ccc(C)cc3)C3(C(C#N)=C(C#N)N1CC2)c1cc(Br)ccc1-c1ccc(Br)cc13,ClCCl,315.0
2211,CN(CC(O)c1cccc(O)c1)c1ccc([N+](=O)[O-])c(C2CC(c3cccc4ccccc34)=NN2c2ccccc2)c1,CCOC(C)=O,418.0
9954,Cc1ccccc1C(=O)NN1C2=C(CC3=C1CC(C)(C)CC3=O)C(=O)CC(C)(C)C2,C1CCOC1,370.0
6076,O=Cc1c(O)c(-c2nc3ccccc3s2)cc2ccccc12,ClCCl,352.0
3707,CCC1=C(C)c2cc3c(OC)cc(OC)cc3c(=O)n2C1=O,CS(C)=O,434.0
10553,CCN(CC)c1ccc2ccc(=O)oc2c1,c1ccccc1,355.0
8875,c1cnc(-c2c3ccccc3c(-c3cncnc3)c3ccccc23)nc1,CCO,391.0
3307,Cc1cccc(NC(=O)c2ccc(N(C)C)cc2)c1,CCOCC,306.0
9261,Oc1ccccc1/C=N/N=C/c1ccccc1O,CC#N,355.0
2107,Fc1ccc(N(c2ccc(F)cc2)c2ccc3c4cccc5c(N(c6ccc(F)cc6)c6ccc(F)cc6)ccc(c6cccc2c63)c54)cc1,C1CCCCC1,493.0
8974,Cc1ccc(-n2c(-c3ccc(C(F)(F)F)cc3)nc(-c3ccccc3O)c2-c2ccccc2O)cc1,CC(C)O,309.0
8961,COc1ccccc1C1=[N+]2C(=C(c3ccccc3)c3c4ccccc4c(-c4ccccc4OC)n3[B-]2(F)F)c2ccccc21,ClCCl,617.0
9419,Oc1ccc2ncccc2c1,CO,331.0
10014,CC[N+]1=C(/C=C/c2cc3ccc4cccc5ccc(c2)c3c45)C(C)(C)c2ccccc21,CS(C)=O,412.0
567,CCN(CC)c1ccc2cc3c([o+]c2c1)/C(=C/Nc1ccccc1)CCC3,ClC(Cl)Cl,616.0
7528,C[Si]1(C)c2cc(-c3cccs3)ccc2C=Cc2ccc(-c3cccs3)cc21,ClCCl,408.0
5170,CN(C)c1ccc(-c2nc3cnccc3[nH]2)cc1,C1CCOC1,332.0
2367,CN(C)c1ccc(/C=C/C=C2\CC/C(=C\c3ccc(N(C)C)cc3)C2=O)cc1,CCCCCC,435.0
9107,CN(C)c1ccc(C2=C(c3ccccc3)c3sc4ccccc4[n+]3[B-](F)(F)O2)cc1,C1CCOC1,446.0
10259,CC1=C(c2cccs2)C(C)=[N+]2C1=C(c1ccc(O)cc1)c1c(C)c(-c3cccs3)c(C)n1[B-]2(F)F,Cc1ccccc1,530.0
7520,c1cc2c([nH]c3c4[nH]c5sccc5c4c4nsnc4c23)s1,CN(C)C=O,423.0
440,C[n+]1ccc(/C=C/c2ccc(N(c3ccccc3)c3ccc(/C=C/c4cc[n+](C)cc4)cc3)cc2)cc1,ClCCl,402.0
2018,N#CC(C#N)=Cc1ccc(-c2ccc(O)c(-c3nc4ccccc4s3)c2)s1,ClCCl,427.0
9955,Cc1ccccc1C(=O)NN1C2=C(CC3=C1CC(C)(C)CC3=O)C(=O)CC(C)(C)C2,CC#N,370.0
9287,Oc1c(-c2nc3c4ccc(-c5ccccc5)cc4c4cc(-c5ccccc5)ccc4c3[nH]2)ccc2c1c1ccccc1n2-c1ccccc1,CCCCCC,391.0
9616,CC(C)(C)c1ccc(C#Cc2c(C#Cc3ccc(C(C)(C)C)cc3)c3cccc4c(C#Cc5ccc(C(C)(C)C)cc5)c(C#Cc5ccc(C(C)(C)C)cc5)c5cccc2c5c34)cc1,ClCCl,410.0
4438,C(=C/c1ccc(-c2nnc(-c3ccc(/C=C/c4ccc(-c5nc(-c6ccccc6)c(-c6ccccc6)[nH]5)cc4)cc3)o2)cc1)\c1ccc(-c2nc(-c3ccccc3)c(-c3ccccc3)[nH]2)cc1,CN(C)C=O,397.0
10960,CC1(C)C(/C=C/c2cc3ccc(O)cc3oc2=O)=[N+](CCCS(=O)(=O)[O-])c2ccc(S(=O)(=O)O)cc21,CS(C)=O,485.0
4226,CCN(CC)c1ccc2cc(/C=C/C(=O)/C=C(O)/C=C/c3cc4ccc(N(CC)CC)cc4oc3=O)c(=O)oc2c1,C1COCCO1,514.0
5982,CN(C)c1ccc2cc(C(/C=C/c3cn(C)c4ccccc34)=C(C#N)C#N)c(=O)oc2c1,C1COCCO1,452.0
11236,COc1cc(C(=O)O)ccc1O,CC#N,290.0
1224,COC(=O)CNC(=O)c1nc2c(N(C)C)nc(N(C)C)nc2n1Cc1ccccc1,CO,340.0
5610,COc1ccc2c(=O)c3c([nH]c2c1)-c1ccccc1NC3(C)C,CO,424.0
2592,c1ccc2cc(-n3cnc4ccccc43)ccc2c1,CCO,277.0
11545,c1ccc(-c2ccc3c(c2)C2(c4ccccc4-c4ccccc42)c2ccccc2-3)cc1,C1CCCCC1,319.0
5008,CCN(CC)c1ccc2nc3c4ccccc4c(=O)cc-3oc2c1,CCO,549.0
36,Oc1cccc(/N=C/c2ccccc2Oc2ccccc2)c1,CCOC(C)=O,321.0
10866,CN1C(=O)/C(=C/c2ccncc2)N=C1c1ccccc1,O,368.0
3532,O=C1Nc2ccccc2/C1=C/C(=O)c1ccc(Cl)cc1,CCCCCC,334.0
2249,COC(=O)c1ccc(/C=C2\C=C(c3ccc([N+](=O)[O-])cc3)N(CC(C)C)C2=O)cc1,C1COCCO1,442.0
11052,COC(=O)/C=C/C=C/c1ccc(N(C)C)cc1,CO,387.0
5514,CCOC(=O)c1sc(SC)c2c(=O)[nH]nnc12,CS(C)=O,387.5
6954,c1cc2ccc3ccc(-c4ccc(-c5nnc(-c6ccc(-c7nnc(-c8ccc(-c9ccc%10ccc%11cccc%12ccc9c%10c%11%12)s8)o7)cc6)o5)s4)c4ccc(c1)c2c34,C1COCCO1,336.0
9085,c1ccc2c(c1)-c1ccccc1C21c2ccccc2-c2c(-c3ccncc3)cccc21,C1CCCCC1,308.0
10494,COc1cc(-c2nnc(-c3ccc4ccc5cccc6ccc3c4c56)o2)cc(OC)c1OC,C1CCOC1,393.0
6631,CC[n+]1c(/C=C/c2c([O-])ccc3ccc(=O)oc23)sc2ccccc21,Cc1ccccc1,623.5680139
10164,c1ccc(-c2nc(-c3ccccc3)nc(-c3cc(-n4c5ccccc5c5ncccc54)c(-n4c5ccccc5c5ncccc54)c(-n4c5ccccc5c5ncccc54)c3)n2)cc1,Cc1ccccc1,362.2516556
8509,COc1ccc(-c2ccc(-c3ccccc3)cc2)cc1,C1CCCCC1,291.0
11590,C[C@]12SC(=O)C=C1c1nc(-c3ccccc3)[nH]c1C1=CC(=O)S[C@@]12C,CC#N,460.0
7775,Cc1n[nH]c2c1C(c1ccc([N+](=O)[O-])cc1)C(C#N)=C(N)O2,CCO,267.0
8528,CCn1c2ccccc2c2cc(/C=C/c3cc(/C=C/c4ccc5c(c4)c4ccccc4n5CC)nc(SC)n3)ccc21,C1CCOC1,406.0
1360,O=C(/C=C/c1ccc(O)c(O)c1)O[C@H](Cc1ccc(O)c(O)c1)C(=O)O,O,325.0
8113,N#C/C(=C\c1ccncc1)c1nc(-c2ccccc2)cs1,CN(C)C=O,368.0
6691,CCN(CC)c1ccc(C2=C3C(C)=CC(/C=C/c4ccc(OCCCN=[N+]=[N-])cc4)=[N+]3[B-](F)(F)n3c(C)cc(C)c32)cc1,CO,570.0
486,CC(=O)OC[C@@H]1O[C@H](N2C=CC3=Nc4nc(C)[n+](C)cc4CN3C2=O)[C@@H](O)[C@H]1O,O,382.0
3592,CCCCCCCN1C(=CC2=C([O-])C(=CC3=[N+](CCCCCCC)c4ccccc4C3(C)C)C2=C(C#N)C#N)C(C)(C)c2ccccc21,C1COCCO1,689.0
8063,CN(C)c1ccc(/C=C(\C#N)c2nc3ccccc3s2)cc1,C1CCCCC1,430.0
2984,O=C1c2cc(F)ccc2-c2cnccc21,CC#N,408.6090753
9353,CC(C)(C)c1ccc2c3c(c4ccc(C(C)(C)C)cc4c2c1)=[N+]1C(=C(c2ccccc2)c2cc4c5ccc(C(C)(C)C)cc5c5cc(C(C)(C)C)ccc5c4n2[B-]1(F)F)C=3,C1CCOC1,689.0
9563,CN(C)c1ccc(N2c3sc4ccccc4c3Sc3c2sc2ccccc32)cc1,ClCCl,430.0
10358,CC1=[N+]2C(=C(c3ccc(N4CCOCC4)cc3)c3ccc(C)n3[B-]2(F)F)C=C1,CCCCCC,508.0
637,CCc1c(C)[nH]c(C2=[N+]3C(=Cc4c(C)c(CC)c(C)n4[B-]3(F)F)c3ccccc32)c1C,C1CCOC1,629.0
7768,CN(C)c1ccc(C#Cc2ccc(C#Cc3ccc(C#Cc4ccccc4C#N)cc3C#N)cc2C#N)cc1,CN(C)C=O,426.0
6113,COC(=O)C[C@H](NC(=O)[C@H](Cc1c[nH]c2ccccc12)NC(=O)OC(C)(C)C)C(=O)OC,CCOC(C)=O,280.0
3881,N#CC(C#N)=Cc1cn(-c2ccccc2)nc1-c1ccc([N+](=O)[O-])cc1,CN(C)C=O,347.0
3404,O=C1/C(=C\c2ccc3oc4ccccc4c3c2)S(=O)(=O)c2ccccc21,CC(C)=O,365.0
3702,CC(C)(C)c1ccc2c(c1)c1cc(C(C)(C)C)ccc1n2-c1ccc(C#Cc2ccc(C#Cc3ccc(-n4c5ccc(C(C)(C)C)cc5c5cc(C(C)(C)C)ccc54)cc3)cc2)cc1,Cc1ccccc1,359.0
4047,CCCC(=O)c1c2c(c(C(=O)CCC)c3c1OC(CC(=O)OC)(C(=O)O)O3)OCO2,ClCCl,423.0
11784,Cc1ccc2nc3[nH]c(=O)[nH]c(=O)c3nc2c1,ClCCCl,384.0
8904,COC(=O)c1cc(=O)n(C)c2cc(-c3ccc(OC)cc3)sc12,ClCCl,400.0
3520,Cc1ccc(C(=O)/C=C2\C(=O)Nc3ccccc32)cc1,O,338.0
10980,CCN(CC)c1cccc(C=O)c1,CS(C)=O,384.0
167,CN(C)c1ccc2c(-c3cc(N)ccc3C(=O)[O-])c3ccc(=[N+](C)C)cc-3oc2c1,CCO,542.0
1915,COc1nc(Nc2cc3ccc4cccc5ccc(c2)c3c45)nc(OC)n1,CC#N,336.0
2816,Cc1c(C)n2c(COC(=O)CNC(=O)OC(C)(C)C)c(C)c(=O)n2c1=O,CCO,374.0
8296,COc1ccc(C(=O)/C=C/c2ccc(N(C)C)cc2)cc1OC,CN(C)C=O,416.0
4092,CCCCN(CCCC)c1ccc(/C=C/c2ccc(-c3ccc(/C=C/c4ccc(N(CCCC)CCCC)cc4)cc3)cc2)cc1,CS(C)=O,412.9
7487,CCCCCCCCN1c2ccc(C#Cc3ccc(F)cc3)cc2Sc2cc(C=O)ccc21,CCCCCC,375.9991716
10309,CCN(CC)c1ccc2cc(-c3ccc(C(F)(F)F)cc3)oc(=O)c2c1,CCO,366.0
5945,CC(C)(C)c1ccc2c(c1)c1cc(C(C)(C)C)ccc1n2-c1ccc(C#Cc2cccc(C#Cc3ccc(-n4c5ccc(C(C)(C)C)cc5c5cc(C(C)(C)C)ccc54)cc3)c2)cc1,CO,338.0
4914,CCCCn1c2ccc(/C=C(\C#N)c3ccc([N+](=O)[O-])cc3)cc2c2cc(Cn3c(-c4ccc5c(c4)c4ccccc4n5CCCC)nc4ccccc43)ccc21,CN(C)C=O,423.0
801,COc1ccc(N2C(=O)c3ccccc3C2C(=O)OC(C)(C)C)cc1OC,CCCCCC,296.0
2138,Cc1ccc2c(c1)nc1c(=O)n(C)c(=O)nc-1n2C,CC#N,446.0
6883,CN(C)c1cccc2c1-c1ccccc1C2=O,CC#N,439.0
2922,O=C1c2cc(-n3c4ccccc4c4ccccc43)c(-n3c4ccccc4c4ccccc43)cc2C(=O)N1c1ccccc1,Cc1ccccc1,388.0
742,FC(F)(F)c1ccc2oc3nc4oc5ccc(-n6c7ccccc7c7ccccc76)cc5c4cc3c2c1,ClC(Cl)Cl,342.0
6057,CCCCCCC(CCCCCC)N1C(=O)c2cccc3c(-c4ccc(OC)cc4)ccc(c23)C1=O,CCCCCC,354.2
11358,CC[N+]1=C(/C=C/c2cc3cc(C(C)(C)C)cc4ccc5cc(C(C)(C)C)cc2c5c43)C(C)(C)c2ccccc21,O,541.0
9270,C1=Cc2ccc3ccccc3c2NB1c1ccccc1,C1CCCCC1,360.0
6075,O=Cc1c(O)c(-c2nc3ccccc3s2)cc2ccccc12,ClC(Cl)Cl,352.0
9988,COc1c2ccccc2c(OC)c2c(C#CC(C)(C)C)c3cc4sccc4cc3c(C#CC(C)(C)C)c12,ClCCl,624.0
11045,CNc1ccc(/C=C/C(=O)OC)cc1,O,347.28
9875,CCCCCCc1ccc2c(/C=N/c3cc(/N=C/c4c(O)ccc5cc(CCCCCC)ccc45)cc(/N=C/c4c(O)ccc5cc(CCCCCC)ccc45)c3)c(O)ccc2c1,Cc1ccccc1,480.0
8757,CCOC(=O)C(Cc1ccc(O[Si]2(Oc3ccc(CC(NC(C)=O)C(=O)OCC)cc3)n3c4c5ccccc5c3/N=C3\N=C(/N=c5/c6ccccc6/c(n52)=N/C2=N/C(=N\4)c4ccccc42)c2ccccc23)cc1)NC(C)=O,CN(C)C=O,681.0
5328,CCC1(CC)c2cc(/C=C/c3cc(Br)c(/C=C/c4ccc5c(c4)C(CC)(CC)c4cc(N6c7ccccc7Sc7ccccc76)ccc4-5)cc3Br)ccc2-c2ccc(N3c4ccccc4Sc4ccccc43)cc21,CC#N,435.8119658
3883,N#CC(C#N)=Cc1cn(-c2ccccc2)nc1-c1ccc([N+](=O)[O-])cc1,CS(C)=O,343.0
2478,CN(C)c1ccc(/C=C/C=C2\CC/C(=C\C=C\c3ccc(N(C)C)cc3)C2=O)cc1,CCOC(C)=O,480.0
715,CC1=CC(C)=[N+]2C1=C(c1ccc(-c3ccc(O)cc3)s1)c1c(C)cc(C)n1[B-]2(F)F,Cc1ccccc1,517.0
11006,CCOC(=O)/C=C/c1ccc(N(C)C)cc1,Cc1ccccc1,362.0
10392,Cn1cccc1-c1cc(C#N)ccc1C#N,CCCCCC,366.0
6095,N#Cc1cc2ccccc2[nH]1,C1COCCO1,281.595092
4337,Nc1ccc2c(c1)Cc1ccccc1-2,ClCCl,319.0
9394,CCN(CC)c1ccc2cc(/C=C(\C#N)c3nc4ccccc4s3)c(=O)oc2c1,CS(C)=O,525.0
8587,O=C(c1ccncc1)c1ccc(-n2c3ccccc3c3ccccc32)cc1,CCCCCC,354.954955
2089,CCCCCCc1ccc(-n2c3[n+](c4c5ccccc5c5ccccc5c42)[B-](C)(C)c2ccc4ccccc4c2-3)cc1,Cc1ccccc1,393.0
9266,Oc1ccccc1/C=N/N=C/c1ccccc1O,CCOCC,358.0
8604,COc1cc(/C=C/c2nc3ccccc3s2)c(OC)cc1/C=C/c1ccncc1,Cc1ccccc1,416.0
6755,CC1(C)CC(=O)C2=C(C1)Oc1ccc3cc(O)ccc3c1C2c1ccccn1,CC#N,349.0
3691,CC(C)[Si]1(C(C)C)c2cc(N(C)C)ccc2-c2ccc(C(F)(F)F)cc21,c1ccccc1,338.0
1834,CC(C)(C)OC(=O)NCCCC(=O)OCc1ccc2c3cccc4cccc(c5cccc1c52)c43,CCO,439.0
6827,CN(C)c1ccc(/C=C/c2ccc(C#N)cc2)cc1,C1CCOC1,385.0
6005,C1=C(c2ccccc2)C=C(c2ccccc2)/C1=C/c1ccc(-c2cccs2)s1,C1CCOC1,439.0
9351,CC(C)(C)c1ccc2c3c(c4ccc(C(C)(C)C)cc4c2c1)=[N+]1C(=C(c2ccccc2)c2c(Br)c4c5ccc(C(C)(C)C)cc5c5cc(C(C)(C)C)ccc5c4n2[B-]1(F)F)C=3Br,ClCCl,689.0
8618,CCCCCC(=O)c1c2c(c(C(=O)CCCCC)c3c1OC1(CCCC1)O3)OC1(CCCC1)O2,ClCCl,449.0
3851,CCOC(=O)COc1ccc(/C=C/c2c(CC)c(C)c3n2[B-](F)(F)[N+]2=C(c4[nH]c(C)c(CC)c4C)c4ccccc4C2=C3C)cc1,CC#N,664.0
3944,CN(c1ccccc1)c1ccc(/C=C2\C(=O)c3ccccc3S2(=O)=O)cc1,CN(C)C=O,478.0
6517,CN(C)c1ccc2cc3c(cc2c1)OCCN=C3,CC(C)O,362.0
8024,Cc1ccc(/C=C(\C#N)c2nc3ccccc3s2)cc1,CO,355.0
2485,CN(C)c1ccc(/C=C/C=C2\CC/C(=C\C=C\c3ccc(N(C)C)cc3)C2=O)cc1,ClCCl,503.0
5427,COCCC1=Cc2nc1ccc1[nH]c(cc1CCOC)c1nc(c(NC(C)=O)cc3[nH]c2cc3CCOC)C(CCOC)=C1,Cc1ccccc1,670.0
5792,C(=C/c1cc(/C=C/c2ccc(-n3c4ccccc4c4ccccc43)cc2)cc(/C=C/c2ccc(-n3c4ccccc4c4ccccc43)cc2)c1)\c1ccc(-n2c3ccccc3c3ccccc32)cc1,C1CCOC1,343.0
11668,CCCCCCOc1ccc(-c2ccc(/C=C/c3cc(/C=C/c4ccc(-c5ccc(OCCCCCC)cc5)cc4)ncn3)cc2)cc1,ClCCl,373.0
6388,CC(C)(C)c1ccc(C2=C(c3ccc(N(c4ccccc4)c4ccccc4)cc3)S(=O)(=O)c3c2sc(-c2ccc(N(c4ccccc4)c4ccccc4)cc2)c3-c2ccc(C(C)(C)C)cc2)cc1,C1CCOC1,463.0
1886,CCN1c2ccc(-c3cc(C(F)(F)F)[nH]n3)cc2Sc2cc(-c3cc(C(F)(F)F)[nH]n3)ccc21,C1CCOC1,336.0
23,Oc1cccc(/N=C/c2ccccc2Oc2ccccc2)c1,C1COCCO1,325.0
9781,[O-]c1c(-c2ccccc2)cc(-[n+]2c(-c3ccccc3)cc(-c3ccccc3)cc2-c2ccccc2)cc1-c1ccccc1,CCCCCCCCCC,922.2903226
11258,CN(C)c1ccc(/C=C/C(=O)O)cc1,C1CCOC1,358.0
1309,O=C1c2ccccc2C(=O)N1c1ccc(Cn2cncn2)cc1,CO,312.0
5616,COc1ccc2c(=O)c3c([nH]c2c1)-c1ccccc1NC3(C)C,CCCCO,424.0
789,CCOC(=O)C1c2cc(OC)c(OC)cc2C(=O)N1c1ccc(OC)c(OC)c1,CCCCCC,299.0
3776,N#CC(C#N)=C(/C=C/c1cn(-c2ccccc2)nc1-c1ccccc1)c1ccccc1,C1CCOC1,402.0
6753,CC1(C)CC(=O)C2=C(C1)Oc1ccc3cc(O)ccc3c1C2c1ccccn1,C1CCOC1,349.0
11173,COCCOc1cc(C=O)c(OCCOC)cc1C=O,CCCCO,363.0
6700,C#CCOc1ccc(/C=C/C2=[N+]3C(=C(c4ccc(N(C)CC)cc4)c4c(C)cc(C)n4[B-]3(F)F)C(C)=C2)cc1,CO,569.0
2514,CC(=O)OCCN1C(=O)c2cccc3c(Oc4ccc(C#N)cc4)ccc(c23)C1=O,ClC(Cl)Cl,351.0
3613,F[B-]1(F)n2c(nc(Br)c2Br)-c2cccc[n+]21,CCCCCC,393.0
4720,CN(C)c1ccc(C2=Cc3c4ccccc4c4ccccc4[n+]3[B-](F)(F)O2)cc1,CN(C)C=O,484.0
8312,CN(C)c1ccc(C=CC(=O)c2ccccc2)cc1,CCOC(C)=O,399.0
8046,CN(C)c1ccc(/C=C/c2nc3ccccc3s2)cc1,O,402.0
4415,COc1ccc(N(c2ccc(OC)cc2)c2ccc(-c3ccc4c(c3)C(=O)c3ccccc3C4=O)cc2)cc1,CCOC(C)=O,472.0
10644,CN(C)c1ccc(C2=Nc3scc(-c4ccc(C#N)cc4)[n+]3[B-](F)(F)O2)cc1,CC#N,411.0
3914,COC(=O)/C(C#N)=C/c1cn(-c2ccccc2)nc1-c1ccc([N+](=O)[O-])cc1,ClC(Cl)Cl,339.0
1957,CN(C)c1ccc2nc3c(cc2c1)c(-c1ccccc1)nn3-c1ccccc1,CC#N,449.2362983
11280,N#Cc1cccc(C#N)c1N,CC#N,343.0
5682,CCN1C(=CC=Cc2n(CC)c3cc(Cl)c(Cl)cc3[n+]2CC)N(CC)c2cc(Cl)c(Cl)cc21,CS(C)=O,522.0
6632,CC[n+]1c(/C=C/c2c([O-])ccc3ccc(=O)oc23)sc2ccccc21,ClC(Cl)Cl,593.906997
2882,CC1(C)CC(/C=C/c2cn(-c3ccccc3)nc2-c2ccccc2)=CC(=C(C#N)C#N)C1,CN(C)C=O,427.0
6044,CCCCCCC(CCCCCC)N1C(=O)c2cccc3c(-c4cc(OC)c(OC)c(OC)c4)ccc(c23)C1=O,CN(C)C=O,365.6
9282,c1ccc(N(c2ccccc2)c2ccc(-c3nc(-c4ccc(N(c5ccccc5)c5ccccc5)cc4)c4ccccc4n3)cc2)cc1,ClCCl,370.0
8888,CCN(CC)c1ccc(-c2cc3c(s2)c(C(=O)OC)cc(=O)n3C)cc1,CN(C)C=O,442.0
9296,O=C(O)CCCCCNC(=O)c1cccc2c(=O)c3ccccc3[nH]c12,O,409.0
5317,CCOC(=O)c1ccccc1-c1c2ccc(=[N+](CC)CC)cc-2oc2c1c(=O)oc1cc3c(cc12)CCCN3C,O,602.0
11746,O=C(O)c1ccc(-c2nc(-c3ccccc3)c3ccccn23)cc1,CC#N,372.0
9329,CN(C)c1cc2c(cc1F)c(=O)c1cc(F)c(N(C)C)cc1n2C,CCO,384.0
5362,CC1(C)CC(/C=C/c2ccc(-n3ccnc3)cc2)=CC(=C(C#N)C#N)C1,CCO,391.0
6896,CNc1ccc2c(c1)-c1ccccc1C2=O,C1CCCCC1,389.0
7740,O=C(/C=C/c1cn(-c2ccccc2)nc1-c1ccccc1)c1c(O)c2ccccc2oc1=O,C1COCCO1,405.0
7120,COC(=O)C(Cc1ccc2oc(-c3ccc(N(C)c4ccccc4)cc3)nc2c1)NC(=O)OC(C)(C)C,CCCCO,351.2962833
10347,O=C1OC(=O)C2=C1[Se][C@]13C2=C[C@H](c2ccccc21)c1ccccc13,ClCCl,421.0
1226,N#Cc1nc2cnc(N)nc2n1Cc1ccccc1,C1COCCO1,331.0
4667,CCN(CC)c1ccc([N+]2=Cc3ccc4c5c(ccc4c3O[B-]2(c2ccccc2)c2ccccc2)C=[N+](c2ccc([N+](=O)[O-])cc2)[B-](c2ccccc2)(c2ccccc2)O5)cc1,C1CCOC1,547.0
11739,N#Cc1ccc(-c2nc(-c3ccccc3)c3ccccn23)cc1,ClCCl,380.0
3061,CNCCCC1c2ccccc2C=Cc2ccccc21,CO,293.0
5006,CCN(CC)c1ccc2nc3c4ccccc4c(=O)cc-3oc2c1,CC(C)=O,533.0
3323,CN(C)c1ccc(C(=O)Nc2cccc(Br)c2)cc1,CCOCC,312.0
6886,CN(C)c1cccc2c1C(=O)c1ccccc1-2,C1CCCCC1,433.0
7518,CCn1c2sccc2c2c3nsnc3c3c4ccsc4n(CC)c3c21,Cc1ccccc1,423.0
3717,O=C1C=Cc2cc3ccccc3c(=O)n21,ClC(Cl)Cl,353.0
1310,O=C1c2ccccc2C(=O)N1c1ccc(Cn2cncn2)cc1,CS(C)=O,320.0
5920,CC(C)CCCCN1CCc2c1ccc1c3c(ccc21)CCCC3=O,CC#N,419.0
8936,CC[N+](CC)=c1ccc2cc3c(oc-2c1)-c1ccc(N(C)C)cc1CC3,ClCCl,619.0
9035,CCCCCCOc1ccc2c(c1)-c1cc3c(cc1[Si]2(C)C)-c1ccccc1[Si]3(C)C,ClCCl,327.0
6851,c1ccc(-n2c(-c3ccc(-c4ccc(-c5ccc(-c6nc7c8ccccc8c8ccccc8c7n6-c6ccccc6)cc5)cc4)cc3)nc3ccccc32)cc1,CCOCC,340.0
5129,CN(C)c1ccc(C2=[N+]3C(=Nc4c(-c5ccccc5)cc(-c5ccc(N(C)C)cc5)n4[B-]3(F)F)C(c3ccccc3)=C2)cc1,ClC(Cl)Cl,799.0
6379,c1ccc(N(c2ccccc2)c2ccc3c(ccc4nc5ccc6cc(N(c7ccccc7)c7ccccc7)ccc6c5nc43)c2)cc1,C1CCCCC1,471.0
3238,C(=C/c1ccc(/C=C/c2ccc(N(c3ccccc3)c3ccccc3)cc2)c2nsnc12)\c1ccc(N(c2ccccc2)c2ccccc2)cc1,CN(C)C=O,513.0
1822,COC(=O)c1ccc2c3ccc(C(=O)OC)c4c(C(=O)OC)ccc(c5ccc(C(=O)OC)c1c25)c43,CO,465.0
9864,CCCCCCc1ccc(-n2c3[n+](c4c5ccccc5c5ccccc5c42)[B-](C)(C)c2cc(N(c4ccccc4)c4ccccc4)ccc2-3)cc1,CC#N,390.0
1315,CN(C)c1ccc(-c2c(/C=C3/C=Cc4ccccc4N3Cc3ccccc3)c(=O)c2=O)cc1,ClCCl,511.0
7759,COc1ccc(C#Cc2ccc(C#Cc3ccc(C#Cc4ccccc4C#N)cc3C#N)cc2C#N)cc1,CN(C)C=O,369.0
5863,Cn1c(=O)c(/N=N/c2ccc(Nc3ccccc3)c(S(=O)(=O)O)c2)c(O)c2ccccc21,C1CCOC1,412.0
2315,Cc1cccc(-c2c3ccccc3cc3ccccc23)n1,ClCCl,385.0
3316,CN(C)c1ccc(C(=O)Nc2ccc([N+](=O)[O-])cc2)cc1,C1CCCCC1,337.0
9316,Cn1c2ccccc2c(=O)c2ccccc21,O,394.0
2595,c1ccc2cc(-n3cnc4ccccc43)ccc2c1,CO,275.0
9407,COc1ccc(-c2cc3c(ccc4sc5ccc6sc(-c7ccc(C#N)cc7)cc6c5c43)s2)cc1,ClCCl,383.0
1339,Cc1ccc2c(CC(=O)NN)coc2c1,C1CCOC1,295.0
8690,c1ccc2c(c1)c1ccccc1n2-c1ccc(-c2ccc(-n3c4ccccc4c4ccccc43)nc2-n2c3ccccc3c3ccccc32)nn1,Cc1ccccc1,346.0
738,CC(C)(C)c1ccc2c(c1)c1cc(C(C)(C)C)ccc1n2-c1ccc2oc3nc4oc5ccc(C(F)(F)F)cc5c4cc3c2c1,ClC(Cl)Cl,345.0
965,CCCCCCCC1=C(C)C(=O)n2c1cc1[nH]c(C(=O)OC)c(C)c1c2=O,CO,397.0
252,CC1=[N+]2C(=Cc3cccn3[B-]2(F)F)C=C1,CCCCCC,510.0
10205,Cc1cc(-c2ccc(-c3ccccc3)cc2)cc(C)[o+]1,ClCCl,402.0
2098,COc1ccc(N(c2ccc(OC)cc2)c2ccc3c4cccc5c(N(c6ccc(OC)cc6)c6ccc(OC)cc6)ccc(c6cccc2c63)c54)cc1,C1CCOC1,515.0
872,COc1cc2c(cc1/C=C/C1=CC(=C(C#N)C#N)CC(C)(C)C1)c1ccccc1n2C,CN(C)C=O,484.0
9222,O=[N+]([O-])c1ccc(-c2nc3c(c4c2-c2ccccc2CC4)-c2ccccc2CC3)cc1,CCOC(C)=O,339.0
4754,CN(C)CCN(Cc1c2ccccc2cc2ccccc12)c1ccc([N+](=O)[O-])cc1[N+](=O)[O-],C1CCCCC1,372.0
8581,c1cc2oc3cccc4oc5cccc6oc(c1)c2[c+](c34)c65,CC#N,481.0
3437,CCC1=C(C)C(=O)n2c1cc1c(C)c(CC(=O)O)c(C)n1c2=O,CC#N,417.0
11125,COCCOCCOCCOCCOc1ccc(OCCOCCOCCOCCOC)c(C=O)c1,CO,349.0
9684,CN(C)c1ccc(/C=C2/N=C(c3ccccc3)OC2=O)cc1,CCO,470.0
8576,F[B-]12OC(c3ccccc3)=Nc3cccc([n+]31)N=C(c1ccccc1)O2,ClCCl,394.0
8638,c1ccc(-c2ccc3c4ccc(-c5ccccc5)c5c(-c6ccccc6)ccc(c6cccc2c63)c54)cc1,ClCCl,473.0
3938,CC(C)(C)c1cc2cc(N(c3ccccc3)c3ccccc3)c3cc(C(C)(C)C)cc4cc(N(c5ccccc5)c5ccccc5)c(c1)c2c43,CCCCCC,398.0
3312,CN(C)c1ccc(C(=O)Nc2ccc(F)cc2)cc1,C1CCCCC1,307.0
9385,COc1ccc2c(c1)c1cc(OC)ccc1n2-c1ccc2c(c1)-c1cc(-n3c4ccc(OC)cc4c4cc(OC)ccc43)ccc1P2(=O)c1ccccc1,Cc1ccccc1,369.0
4867,Cc1cnc(NC(=O)C2=C([O-])c3ccccc3S(=O)(=O)N2C)s1,CCCO,368.0
5405,COC(=O)C1=C(C(=O)OC)C2(c3cc([N+](=O)[O-])ccc3-c3ccc([N+](=O)[O-])cc32)C2(/C=C/c3ccccc3)c3cc(OC)c(OC)cc3CCN12,ClCCl,337.0
10198,Cc1cc2[nH]c3ccccc3c2c2[nH]c3ccccc3c12,ClCCl,305.0
7028,O=c1oc2ccccc2c2c1c(=O)oc1cc(O)ccc12,ClCCl,374.0
6080,COc1ccc(-n2nc(C(=O)N3CCCC3)c(N3CCCC3)n2)cc1,CCO,328.0
6607,COc1ccc(C2=C/C(=C\c3ccccc3)C(=O)O2)cc1OC,C1COCCO1,406.0
8163,c1ccc2c(c1)c1ccccc1n2-c1ccc(-c2ccn3nc(-c4ccc(-n5c6ccccc6c6ccccc65)cc4)nc3c2)cc1,C1CCOC1,342.0
8118,COc1ccc(-c2csc(/C(C#N)=C/c3ccncc3)n2)cc1,CCO,392.0
3305,Cc1cccc(NC(=O)c2ccc(N(C)C)cc2)c1,C1CCOC1,311.0
3777,N#CC(C#N)=C(/C=C/c1cn(-c2ccccc2)nc1-c1ccccc1)c1ccccc1,C1COCCO1,399.0
11586,C(=C/c1ccc(N(c2ccccc2)c2ccccc2)cc1)\c1ccc(-c2nc(-c3ccc(/C=C/c4ccc(N(c5ccccc5)c5ccccc5)cc4)cc3)nc(-c3ccc(/C=C/c4ccc(N(c5ccccc5)c5ccccc5)cc4)cc3)n2)cc1,ClC(Cl)Cl,421.0
447,CC1=C(c2ccccc2)C(C)=[N+]2C1=C(c1ccccc1)c1c(C)c(-c3ccccc3)c(C)n1[B-]2(F)F,Cc1ccccc1,530.0
6061,CCCCCCC(CCCCCC)N1C(=O)c2cccc3c(-c4ccc(OC)cc4)ccc(c23)C1=O,ClC(Cl)Cl,364.8
56,Oc1ccc(/N=C/c2ccccc2Oc2ccccc2)cc1,CC(C)CO,344.0
11541,CN(C)c1ccc(/C=C/C=N/N=C/c2ccc3ccc4cccc5ccc2c3c45)cc1,ClCCl,430.0
3685,CC(C)[Si]1(C(C)C)c2cc(N(C)C)ccc2-c2ccc(C(F)(F)F)cc21,C1CCCCC1,331.0
476,COc1cc2c(cc1-c1ccccc1)Cc1c3c(c4c(c1-2)-c1cc(OC)c(-c2ccccc2)cc1C4)C(=O)N(CCC(C)C)C3=O,CC#N,406.0
3461,CCC1=C(C)C(=O)n2c1cc1c(C)c(CCC(=O)OC)c(C)n1c2=O,CC#N,420.0
6434,c1cc(-c2c3ccccc3cc3ccccc23)cc(-c2c3ccccc3cc3ccccc23)c1,C1CCOC1,387.0
8778,N#Cc1c(-n2c3ccccc3c3cc(I)ccc32)c(C#N)c(-n2c3ccccc3c3cc(I)ccc32)c(-n2c3ccccc3c3cc(I)ccc32)c1-n1c2ccccc2c2cc(I)ccc21,Cc1ccccc1,383.0
4619,CCc1ccc(/C=C/c2ccc(-c3nnc(-c4ccc(-c5cc6ccccc6s5)cc4)o3)cc2)cc1,CCCCCCCCCCO,357.0
5438,CCCC1=Cc2nc1ccc1[nH]c(c3nc(ccc4[nH]c2cc4CCC)C(CCC)=C3)c(CN(C)C)c1CCC,Cc1ccccc1,643.0
3658,CCOC(=O)c1csc2[n+]1[B-](F)(F)OC(c1ccc(N(C)C)cc1)=N2,Cc1ccccc1,406.0
7517,CCn1c2ccccc2sc2c(C#N)c3[nH]c4ccccc4sc3c(C#N)c21,ClC(Cl)Cl,495.0
7965,CC1=[N+]2C(=C(c3ccc(N(c4ccccc4)c4ccccc4)cc3)c3ccc(C)n3[B-]2(F)F)C=C1c1cc2n(c1)[B-](F)(F)[N+]1=CC=CC1=C2c1c(C)cc(C)cc1C,C1CCCCC1,593.0
750,O=C(O)c1ccccc1Nc1ccccc1,CN(C)C=O,341.0
6874,COc1ccc2c(c1)-c1ccccc1C2=O,CCO,387.0
4640,CN(C)c1ccc(/C=C/c2ccc(-c3nnc(-c4ccc(-c5cc6ccccc6s5)cc4)o3)cc2)cc1,CCCCCCCC,334.0
376,O=C1c2ccccc2-c2c(-c3cc(Cl)ccc3O)[nH]c(=O)n21,CO,393.0
2458,COc1ccc(-c2nc(N)nc(C#N)c2C#N)cc1OC,CCO,350.0
9573,Cc1c(C)c2c3ccccc3[nH]c2c2ccccc12,ClCCl,302.0
6143,CN(C)c1ccc(/C=C/C=C2\CCCC2=O)cc1,CS(C)=O,416.0
4132,COc1ccc(-c2cc(-c3ccccc3)c3n2[B-](F)(F)[N+]2=C4C=NC=CN4[B-](F)(F)[N+]2=C3)cc1,ClCCl,534.0
10402,CCOC(=O)c1c2c3c(ccc(Cl)c3c3cc4c(cc13)[Si](C)(C)O[Si]4(C)C)N(C)C2=O,CC#N,378.0
6501,c1ccc2c(-n3cnc4ccccc43)cccc2c1,CC#N,286.0
4772,COc1cc2c(cc1OC)C1=C[C@H](c3ccc(C)cc3)C3(C(C#N)=C(C#N)N1CC2)c1cc(Cl)ccc1-c1ccc(Cl)cc13,ClCCl,315.0
11801,Cc1cccc2nc3c(=O)[nH]c(=O)[nH]c3nc12,CCO,381.0
4770,COC(=O)C1=C(C(=O)OC)C2(c3ccccc3-c3ccccc32)[C@@H](c2ccc([N+](=O)[O-])cc2)C=C2c3cc(OC)c(OC)cc3CCN21,ClCCl,310.0
2884,CC1(C)CC(/C=C/c2cn(-c3ccccc3)nc2-c2ccccc2)=CC(=C(C#N)C#N)C1,CS(C)=O,432.0
3688,CC(C)[Si]1(C(C)C)c2cc(N(C)C)ccc2-c2ccc(C(F)(F)F)cc21,CCOCC,334.0
2400,COC(=O)/C=C/c1sc(-c2ccc(N(C)C)cc2)cc1N,CC#N,419.0
4622,CCc1ccc(/C=C/c2ccc(-c3nnc(-c4ccc(-c5cc6ccccc6s5)cc4)o3)cc2)cc1,CCCO,347.0
3752,Cn1c2ccccc2[c+](-c2ccccc2)c2cc([N+](=O)[O-])ccc21,CC#N,428.3
10534,CCN(CC)c1ccc2cc(/C=C/C(O)=C/C(C)=O)c(=O)oc2c1,CC#N,456.0
6423,CCCCCCOc1cc(C=C2C(=O)c3ccccc3C2=O)c(OCCCCCC)cc1C=C1C(=O)c2ccccc2C1=O,ClCCl,512.0
4810,N#Cc1c(N2CCCCC2)cc(-c2ccc3ccc4cccc5ccc2c3c45)c2c1-c1ccccc1C2=O,C1CCOC1,393.0
11255,N#Cc1ccc(N)c(C#N)c1,CCO,347.0
7469,O=S1(=O)c2ccc(-c3ccc(-n4c5ccccc5c5ccccc54)cc3)cc2C2(c3ccccc3-c3ccccc32)c2cc(-c3ccc(-n4c5ccccc5c5ccccc54)cc3)ccc21,ClCCl,341.0
9248,Oc1ccc(Br)cc1-c1nc2c(c3c1-c1ccccc1CC3)-c1ccccc1CC2,ClCCl,345.0
7505,C(=C/c1ccncn1)\c1ccc(N(c2ccccc2)c2ccccc2)cc1,CCCCCCC,392.0
10581,CC[C@H](C)[C@H](Nc1c(C(C)=O)c(=O)oc2cc(N(C)C)ccc12)C(=O)O,ClCCl,371.0
8856,CC[n+]1c(-c2ccccc2)c2cc(NC(=O)N[C@H]3C[C@@H]([NH3+])[C@H](O)[C@@H](O)[C@@H]3O)ccc2c2ccc(NC(=O)N[C@@H]3C[C@H]([NH3+])[C@@H](O)[C@@H](O)[C@H]3O)cc21,O,438.0
227,CCC1=C(C)C2=Cc3cccn3[B-](F)(F)[N+]2=C1C,CO,504.5
5337,CCC1(CC)c2cc(/C=C/c3ccc(/C=C/c4ccc5c(c4)C(CC)(CC)c4cc(N6c7ccccc7Sc7ccccc76)ccc4-5)cc3)ccc2-c2ccc(N3c4ccccc4Sc4ccccc43)cc21,ClCCl,418.0
2317,CC(C)(C)c1ccc2oc(-c3ccc(-c4nc5cc(C(C)(C)C)ccc5o4)s3)nc2c1,C1CCOC1,374.0
3035,CCN(CC)c1ccc2cc(/C=C(\C#N)c3nc4ccccc4o3)c(=O)oc2c1,ClCCl,511.0
9188,COc1ccc(-c2nc3c(c4c2-c2ccccc2CC4)-c2ccccc2CC3)cc1,CO,318.0
5087,CCN(CC)c1ccc2cc(/C=C/C(=C(C#N)C#N)c3ccc4c(c3)c3ccccc3n4CC)c(=O)oc2c1,CC(C)=O,514.0
2648,CCCCOc1cc2ccccc2c2c1oc1cc3ccccc3cc12,C1CCOC1,351.0
1508,Cc1cc(C)n2c1C=C1c3ccccc3C(c3c[nH]c4ccccc34)=[N+]1[B-]2(F)F,Cc1ccccc1,587.0
5762,CCOC(=O)c1c2c3c(cccc3c3cc4ccccc4cc13)N(C)C2=O,CC#N,398.0
11026,COc1ccc(OC)c(C=O)c1,C1CCOC1,349.0
1684,CC(C)(C)C1CCC(=CS/C=C/c2ccc(/C=C/SC=C3CCC(C(C)(C)C)CC3)cc2)CC1,ClCCl,351.0
499,Cc1cc(C)c(C2=C3C=C(c4ccc(C(C)(C)C)cc4)C(c4ccc(C(C)(C)C)cc4)=[N+]3[B-](F)(F)n3c2cc(-c2ccc(C(C)(C)C)cc2)c3-c2ccc(C(C)(C)C)cc2)c(C)c1,C1CCOC1,602.0
9648,Cc1nc(-c2ccc(-n3c4ccccc4c4ccccc43)cc2)cc(-c2ccc(-n3c4ccccc4c4ccccc43)cc2)n1,C1CCOC1,343.0
1699,c1ccc2c(c1)Cc1cc3c(cc1-2)Cc1ccccc1-3,ClCCl,333.0
1877,N#Cc1c2nc3ccccn3c2nc2c1nc1ccccn12,C1CCCCC1,410.0
6045,CCCCCCC(CCCCCC)N1C(=O)c2cccc3c(-c4cc(OC)c(OC)c(OC)c4)ccc(c23)C1=O,Cc1ccccc1,360.8
513,COc1cccc(C2=CC3=C(c4c(C)cc(C)cc4C)c4cc(-c5cccc(OC)c5)c(-c5cccc(OC)c5)n4[B-](F)(F)[N+]3=C2c2cccc(OC)c2)c1,CC#N,581.0
5026,CC1=NN(c2ccccc2)C(=O)/C1=C/c1cn(-c2ccccc2)nc1-c1ccccc1,CCOC(C)=O,364.0
9870,CN(c1ccccc1)c1ccc(N(c2ccccc2)c2ccc3ccc4c(N(c5ccccc5)c5ccc(N(C)c6ccccc6)cc5)ccc5ccc2c3c54)cc1,ClCCl,435.0
9104,COc1cc(/C=C/c2cc(OC)c(-c3nc(-c4ccccc4)c(-c4ccccc4)[nH]3)cc2OC)c(OC)cc1/C=C/c1cc(OC)c(-c2nc(-c3ccccc3)c(-c3ccccc3)[nH]2)cc1OC,Cc1ccccc1,447.0
7685,c1ccc(-c2csc(-c3ccncc3)n2)cc1,CN(C)C=O,323.0
3679,CC(C)[Si]1(C(C)C)c2cc(C=O)ccc2-c2ccc(N(C)C)cc21,CCO,395.0
5364,CC1(C)CC(/C=C/c2ccc(-n3ccnc3)cc2)=CC(=C(C#N)C#N)C1,ClCCl,393.0
11461,CN(C)c1ccc(/C=C/C=C/c2nc3ccccc3s2)cc1,CN(C)C=O,423.0
474,COc1cc2c(cc1-c1ccc([N+](=O)[O-])cc1)Cc1c3c(c4c(c1-2)-c1cc(OC)c(-c2ccc([N+](=O)[O-])cc2)cc1C4)C(=O)N(CCC(C)C)C3=O,C1CCOC1,409.0
11170,COCCOc1cc(C=O)c(OCCOC)cc1C=O,CC(C)(C)O,393.0
10657,CN(C)c1ccc(C2=Nc3scc(-c4ccccc4)[n+]3[B-](F)(F)O2)cc1,Cc1ccccc1,409.0
10875,CCOC(=O)C1CC(c2c(C#N)c(C)nn2-c2ccccc2)=CN1c1ccc(Br)cc1,CCCCCCC,368.0
9346,Cc1cc(C)c(C2=C3C=c4c(c5ccccc5c5ccccc45)=[N+]3[B-](F)(F)n3c2cc2c4ccccc4c4ccccc4c23)c(C)c1,ClCCl,673.0
5833,Cc1c(C(=O)c2ccccc2)c2ccc3cccc4c5cccc6ccc1c(c65)c2c34,ClCCl,391.0
6676,COc1ccc(-c2ccc(-c3ccc(C#N)s3)s2)cc1,CCO,375.0
5071,c1cc2ccc3ccc4cc3c2cc1c1ccc2ccc3ccc(cc3c2c1)c1ccc2ccc3ccc4cc3c2c1,Cc1ccccc1,375.0
480,COc1cc2c(cc1-c1ccccc1)Cc1c3c(c4c(c1-2)-c1cc(OC)c(-c2ccccc2)cc1C4)C(=O)N(CCC(C)C)C3=O,Cc1ccccc1,405.0
10724,O=C(c1cc(F)c(F)cc1F)c1cc(F)c(N2CCCCC2)cc1F,CCO,350.0
4653,CCC1=C(C)C2=C(c3cc(C(=O)Cl)cc(C4=C5C(C)=C(CC)C(C)=[N+]5[B-](F)(F)n5c(C)c(CC)c(C)c54)c3)c3c(C)c(CC)c(C)n3[B-](F)(F)[N+]2=C1C,ClC(Cl)Cl,534.0
2577,Nc1nc2ccc(F)cc2[n+]([O-])n1,O,422.0
10693,CC1=C(C#Cc2ccccc2)C(C)=[N+]2C1=C(c1ccccc1)c1c(C)c(C#Cc3ccccc3)c(C)n1[B-]2(F)F,ClCCl,561.0
9704,CN(C)c1ccc(/C=C/c2nc3c4ccccc4c4ccccc4c3[nH]2)cc1,Cc1ccccc1,393.0
3295,CCCCCCN1C(=O)c2cc(-c3ccc(-n4c5ccccc5c5ccccc54)cc3)c(-c3ccc(-n4c5ccccc5c5ccccc54)cc3)cc2C1=O,ClC(Cl)Cl,347.0
6853,c1ccc(-n2c(-c3ccc(-c4ccc(-c5ccc(-c6nc7c8ccccc8c8ccccc8c7n6-c6ccccc6)cc5)cc4)cc3)nc3ccccc32)cc1,Cc1ccccc1,345.0
9112,C=CCNc1ccc2ccc3oc4cc(=O)ccc-4nc3c2c1,O,522.0
6580,O=S(=O)([O-])CCCCN1C=C/C(=C/C=C/C=C/c2cc[n+](CCCCS(=O)(=O)[O-])c3ccccc23)c2ccccc21,CO,815.0
9604,CCC1=C(C)C2=C(c3c(C)cc(C)nc3-c3cccs3)c3c(C)c(CC)c(C)n3[B-](F)(F)[N+]2=C1C,C1CCOC1,532.0
7375,Cc1ccc(C2=C3C=C(I)C=[N+]3[B-](F)(F)n3cc(I)cc32)cc1,CCO,544.0
10742,C#Cc1cccc2ccccc12,C1CCCCC1,310.0
1349,CC(C)(C)c1ccc(-c2cc(-c3ccc(-c4cc(-c5ccc(C(C)(C)C)cc5)c(C(=O)N5CCCCC5)s4)s3)sc2C(=O)N2CCCCC2)cc1,ClCCl,378.0
3233,CN(C)c1ccc(/C=C/c2ncc3ccccc3n2)cc1,CC#N,413.0
7793,C=CCOC(=O)C(C#N)=C1C=C(/C=C/c2ccc(N(C)C)cc2)OC(/C=C/c2ccc(N(C)C)cc2)=C1,ClCCCl,482.0
2992,c1ccc2c(-c3ccc(-c4nnc(-c5ccc(-c6nnc(-c7ccc(-c8cccc9ccccc89)s7)o6)cc5)o4)s3)cccc2c1,CC(=O)N(C)C,359.0
8759,CCOC(=O)c1c(CSc2ccccc2)n(C)c2cc(Br)c(O)c(CN(C)C)c12,O,275.0
11717,C(=C/c1nc2ccccc2[nH]1)\c1ccc(-c2nc3c4cccnc4c4ncccc4c3[nH]2)cc1,CO,375.0
8217,CCCCNc1ccc(NCCCC)c2c1C(=O)c1ccccc1C2=O,c1ccccc1,648.0
1606,CC[N+](CC)=c1ccc2c(-c3ccccc3C(=O)O)c3c(=O)oc4c5c6c(cc4c3oc-2c1)CCCN6CCC5,ClC(Cl)Cl,623.0
10497,COc1cc(-c2nnc(-c3ccc4ccc5cccc6ccc3c4c56)o2)cc(OC)c1OC,Cc1ccccc1,396.0
2762,COc1cc(C2=CC(c3ccccc3)=C(c3ccccc3)C2)cc(OC)c1OC,ClCCl,360.0
10327,COc1ccc2cc(-c3ccc(S(C)(=O)=O)cc3)oc(=O)c2c1,CO,330.0
2955,C[Si]1(C)O[Si](C)(C)c2cc3c(-c4ccccc4)c4ccccc4nc3cc21,ClCCl,368.0
1659,CN(C)c1ccc(/C=C/c2cc[n+](CCCOCC(COCCC[n+]3ccc(/C=C/c4ccc(N(C)C)cc4)cc3)(COCCC[n+]3ccc(/C=C/c4ccc(N(C)C)cc4)cc3)COCCC[n+]3ccc(/C=C/c4ccc(N(C)C)cc4)cc3)cc2)cc1,CO,486.0
11499,COc1ccc(/C=C/c2cc(/C=C/c3ccc(OC)cc3)nc(/C=C/c3ccc(OC)cc3)n2)cc1,ClCCl,339.0
1446,CCn1c2ccccc2c2c3nsnc3c3c4ccccc4n(CC)c3c21,Cc1ccccc1,420.0
6037,CCCCCCC(CCCCCC)N1C(=O)c2cccc3c(-c4ccccc4)ccc(c23)C1=O,CCCCCC,342.2
1020,CN(C)c1ccc(-c2ccc(/C=C/c3ccncn3)cc2)cc1,ClCCl,386.0
705,N#CC(C#N)=C(/C=C/c1ccc(N(c2ccccc2)c2ccccc2)cc1)c1ccc2c3c(cccc13)CC2,CN(C)C=O,493.0
11770,CCOC(=O)C1=C(C)NC2=C(C(=O)c3ccccc32)C1c1ccc(N(C)C)cc1,CS(C)=O,400.0
1866,CCN(CC)c1ccc2cc(-c3csc(N)c3C#N)c(=O)oc2c1,Cc1ccccc1,403.0
4598,CCC1=C(C)C2=Cc3cscc3B(O)N2C1=O,ClC(Cl)Cl,355.0
10768,CCC(=O)c1ccc2cc(N(C)C)ccc2c1,CCO,365.5
5149,CCCCc1cc2cccc[n+]2[b-]2c(-c3cccc4[b-]3[n+]3ccccc3cc4CCCC)cccc21,C1CCCCC1,446.0
2122,CC1=NN(c2cccc3ccccc23)[B-](F)(F)[n+]2ccccc21,ClCCl,432.0
2574,CCCN1/C(=C/C=C/C=C/C2=[N+](CCC)c3ccccc3C2(C)C)C(C)(C)c2ccccc21,O,633.0
9552,O=c1c2ccccc2sc2ccc(-n3c4ccccc4c4ccccc43)cc12,CCCCCC,388.0
1921,COC(=O)C(Cc1ccc2oc(-c3ccc(N(c4ccccc4)c4ccccc4)cc3)nc2c1)NC(=O)OC(C)(C)C,C1CCCCC1,361.7002807
11140,COCCOCCOCCOc1ccc(OCCOCCOCCOC)c(C=O)c1,CC(C)O,349.0
5937,O=c1[nH]c2ccccc2[nH]1,CCCCCCC,291.9963792
7727,O=C1c2ccccc2NC(c2ccccc2)N1Cc1ccccc1,CO,345.0
1419,CN(CCO)c1ccc(/N=N/c2ccc([N+](=O)[O-])cc2)cc1,OCCO,498.0
4881,CCN(CC)c1ccc2cc(/C(Cl)=C/C=C/C(=C(C#N)C#N)c3ccc4c(c3)c3ccccc3n4CC)c(=O)oc2c1,ClCCl,526.0
3651,Cc1csc2[n+]1[B-](F)(F)OC(c1ccc(N(C)C)cc1)=N2,ClCCl,406.0
4899,COc1ccc(-n2nc(C#N)c(NC3CCCCC3)n2)cc1,CCO,333.0
2025,CC[C@H](C)COc1ccc(C2=C3C(C)=C(c4ccc5ccc6cccc7ccc4c5c67)C(C)=[N+]3[B-](F)(F)n3c(C)c(-c4ccc5ccc6cccc7ccc4c5c67)c(C)c32)cc1,ClCCl,530.0
594,Cc1cc(C)n2c1C=C1c3ccccc3C(c3cccn3C)=[N+]1[B-]2(F)F,ClCCl,585.0
1558,COc1ccc(/C=C/C=C/C=C/c2ccc([N+](=O)[O-])cc2)cc1,CO,411.0
9906,Cc1ccc(-c2cc(-c3ccc(N(C)C)cc3)c3c(N)nc(N4CCCC4)c(C#N)c3n2)cc1,ClCCl,414.0
7947,COc1ccc2c(-c3nc(-c4ccccc4Cl)no3)cc(=O)oc2c1,CCO,354.0
10570,Nc1ccc2c(C(F)(F)F)cc(=O)oc2c1,CC(C)=O,371.0
4366,C=CC1CN2CCC1CC2[C@@H](OCc1ccccc1)c1ccnc2ccc(O)cc12,ClCCl,334.0
5844,COc1cc(/C=C/c2nc3ccccc3o2)c(OC)cc1/C=C/c1nc(C)nc(C)n1,CC#N,418.0
2058,O=c1c2ccccc2sc2ccccc12,CC(C)O,377.0
9489,O=C1/C(=C2\Sc3ccc(S(=O)(=O)O)cc3C2=O)Sc2ccc(S(=O)(=O)O)cc21,CN(C)C=O,551.0
10653,CN(C)c1ccc(C2=Nc3scc(-c4ccc([N+](=O)[O-])cc4)[n+]3[B-](F)(F)O2)cc1,Cc1ccccc1,415.0
6455,c1ccc(-c2oc(-c3ccccc3)c3ccccc23)cc1,CN(C)C=O,415.0
4532,F[B-]1(F)n2c(c(-c3ccccc3)c(-c3ccccc3)c2-c2ccccc2)C(c2ccccc2)=C2C(c3ccccc3)=C(c3ccccc3)C(c3ccccc3)=[N+]21,C1CCOC1,573.0
11323,CCN(CC)c1ccc(OC)c(C=O)c1,CCCCCC,400.0
3421,CC(C)[Si](C#Cc1c2nsnc2c(C#C[Si](C(C)C)(C(C)C)C(C)C)c2nc3c4ccccc4c(=O)c4ccccc4c3nc12)(C(C)C)C(C)C,ClCCl,561.0
9039,C(=C/c1cc2ccccc2c2ccccc12)\c1c2ccccc2cc2ccccc12,C1CCOC1,388.0
3349,COc1cc(-c2nc3c4cccnc4c4ncccc4c3[nH]2)c(OC)cc1/C=C/c1ccncc1,CC#N,392.0
3710,CCC1=C(C)c2cc3ccccc3c(=O)n2C1=O,CCCCCC,366.0
11399,Fc1c(F)c(F)c2c(c1F)C1=Nc3c4c(F)c(F)c(F)c(F)c4c4n3[B-]3(Cl)n5c(c6c(F)c(F)c(F)c(F)c6c5=N4)=NC2=[N+]13,C[N+](=O)[O-],572.0
6845,CCCCCCCCCCOc1ccc2c3c(oc2c1)C1=C2C(=O)N4C=Cc5c(oc6cc(OCCCCCCCCCC)ccc56)C4=C2C(=O)N1C=C3,ClC(Cl)Cl,648.0
6756,CC1(C)CC(=O)C2=C(C1)Oc1ccc3cc(O)ccc3c1C2c1ccccn1,CCCCCCC,347.0
535,Cc1cccc(C2=CC3=C(c4c(C)cc(C)cc4C)c4cc(-c5cccc(C)c5)c(-c5cccc(C)c5)n4[B-](F)(F)[N+]3=C2c2cccc(C)c2)c1,C1CCOC1,577.0
9305,CCOC(=O)CCCCCn1c2ccccc2c(=O)c2cc(N)ccc21,O,405.0
292,CNC1=C2C=CC=[N+]2[B-](F)(F)n2cccc21,OCC(F)(F)F,393.0
2836,CCCCCCn1c2cc(/C=C/c3cccs3)ccc2c2ccc(/C=C/c3cccs3)cc21,ClC(Cl)Cl,408.1632653
4341,COc1ccc(-c2cc3c(s2)=CC2=C(C(F)(F)F)c4cc5sc(-c6ccc(OC)cc6)cc5n4[B-](F)(F)[N+]=32)cc1,ClC(Cl)Cl,731.0
2870,CCOC(=O)C1=C(N)n2c(=O)c3ccccc3c(=O)n2C1c1cccs1,CS(C)=O,365.0
10163,COc1cc(-c2ncc(-c3ccncc3)o2)cc(OC)c1OC,ClCCl,326.0
5064,CCN(CC)c1ccc(/C=C/C2=[O+][B-](F)(F)Oc3c2c(=O)oc2cc(N(CC)CC)ccc32)cc1,ClCCl,587.0
8336,N#Cc1c(N2CCCCC2)cc(-c2ccc3ccccc3c2)c2c1Cc1ccccc1-2,C1CCOC1,362.0
4464,N#Cc1cc(-n2c3ccccc3c3ncccc32)c(-n2c3ccccc3c3ncccc32)cc1C#N,Cc1ccccc1,364.8484848
6187,F[B-]1(F)N(c2ccccc2)c2cccc3ccc4ccc[n+]1c4c23,ClCCl,465.0
5032,CC1=NN(c2ccccc2)C(=O)/C1=C/c1cn(-c2ccccc2)nc1-c1ccccc1,ClCCl,368.0
1318,c1ccc(N(c2ccccc2)c2c3ccccc3c(N(c3ccccc3)c3ccccc3)c3ccccc23)cc1,Cc1ccccc1,461.0
7371,Cc1ccc(C2=C3C=C(I)C=[N+]3[B-](F)(F)n3c2cc(I)c3I)cc1,CO,557.5
3958,CCCCc1cc(C(=O)CCC)c2ccc3c(CCCC)cc(N4CCCCC4)c4ccc1c2c34,ClC(Cl)Cl,409.0
6192,CN1/C(=C/C=C/C=O)C(C)(C)c2ccccc21,CS(C)=O,410.0
5491,CC1=[O+][B-]2(OC(=O)C(=O)O2)OC(c2c3ccccc3cc3ccccc23)=C1,ClC(Cl)(Cl)Cl,494.0
9994,CC/[NH+]=c1\cc2oc3cc(NCCC(=O)NC(C(=O)OC)C(C)C)c4ccccc4c3nc-2cc1C,O,580.0
6386,CCCCCCOc1cc(C=C2c3ccccc3-c3ccccc32)c(OCCCCCC)cc1C=C1c2ccccc2C=Cc2ccccc21,C1CCOC1,397.0
5421,N#CC(C#N)=C(/C=C/c1cc2c3c(c1)CCCN3CCC2)c1ccc2c3c(cccc13)CC2,Cc1ccccc1,526.0
6270,Cc1ccc(C#Cc2ccc3ccc4cccc5ccc2c3c45)cc1,ClCCl,365.0
11388,Fc1c(F)c(F)c2c(c1F)C1=Nc3c4c(F)c(F)c(F)c(F)c4c4n3[B-]3(Cl)n5c(c6c(F)c(F)c(F)c(F)c6c5=N4)=NC2=[N+]13,C1COCCO1,572.0
7656,CCN1c2ccc(/C=N/Nc3ccccn3)cc2Sc2cc(/C=N/Nc3ccccn3)ccc21,Cc1ccccc1,392.0
2228,COc1ccc(/C=C/C2=CC(/C=C/c3ccc(OC)c4ccccc34)=[O+][B-](F)(F)O2)c2ccccc12,ClC(Cl)(Cl)Cl,523.0
5190,CSc1ccc(/C=C/c2cnc3ccccc3n2)cc1,CS(C)=O,383.0
5771,CCCCOc1ccc(/C=C/C2=[N+]3C(=C(c4ccc(I)cc4)c4c(/C=C/c5ccc(N(C)C)cc5)cc(/C=C/c5ccc(OC)cc5)n4[B-]3(F)F)C(/C=C/c3ccc(OCCOCCOC)cc3)=C2)cc1,C1COCCO1,700.0
5579,CC(=O)c1ccc2ccc3c(NCCC(=O)NCCCCCCc4nc5c(=O)[nH]c(N)nc5n4[C@H]4C[C@H](O)[C@@H](CO)O4)ccc4ccc1c2c43,O,460.0
8940,Cc1ccc(C#Cc2c3cc4ccccc4cc3c(C#C[Si](C(C)C)(C(C)C)C(C)C)c3cc4ccccc4cc23)cc1,ClCCl,654.0
7168,CCN(CC)c1ccc(/N=N/c2ccc3c(=O)[nH][nH]c(=O)c3c2[N+](=O)[O-])cc1,CN(C)C=O,496.0
8203,CCNc1ccc(NCC)c2c1C(=O)c1ccccc1C2=O,CO,639.0
4960,C(=C/c1ccnc2ccccc12)\c1ccc(/C=C/c2ccnc3ccccc23)cc1,C1CCCCC1,364.0
356,CC1=CC(C)=[N+]2C1=Cc1cccn1[B-]2(F)F,CO,493.0
11731,c1ccc(-c2nc(-c3ccccc3)n3ccccc23)cc1,CC#N,305.0
5950,C(#Cc1cccc(C#Cc2ccc(-n3c4ccccc4c4ccccc43)cc2)c1)c1ccc(-n2c3ccccc3c3ccccc32)cc1,CO,330.0
7322,COc1cccc(OC)c1C1=C2C(C)=CC(C)=[N+]2[B-](F)(F)n2c(C)cc(C)c21,CO,503.0
9837,Cc1cc(C)c2cc3cc(C)ncc3cc2c1,CCO,386.1003861
837,N#Cc1cc2ccccc2oc1=N,CS(C)=O,347.0
7091,COC(=O)C(Cc1ccc2oc(-c3ccc(Nc4ccccc4)cc3)nc2c1)NC(=O)OC(C)(C)C,CCCCCCO,359.1954023
3817,COc1nc(Nc2ccc3c4c(cccc24)C(=O)c2ccccc2-3)nc(OC)n1,Cc1ccccc1,426.9854825
7495,CCCCCCCCN1c2ccc(C#Cc3ccc(OC)cc3)cc2Sc2cc(C=O)ccc21,CO,351.114668
2006,CC1CCC(O)(c2ccc(-c3cccs3)s2)CC1,CC#N,341.0
8347,C#CCN1C(=O)/C(=C/c2cc(OC(C)C)ccc2OC(C)C)N=C1C,CC#N,395.0
6191,CN(C)c1ccc2c(c1)COc1c-2oc2ccccc2c1=O,Cc1ccccc1,385.0
9441,CCOC(=O)c1cc(C(=O)OCC)c2ccccc2n1,CCO,319.0
2362,CN(C)c1ccc(/C=C/C=C2\CC/C(=C\c3ccc(N(C)C)cc3)C2=O)cc1,c1ccncc1,488.0
5011,CCN(CC)c1ccc2nc3c4ccccc4c(=O)cc-3oc2c1,CS(C)=O,552.0
9115,O=C([O-])c1cc2c(ccc3ccccc32)oc1=O,O,360.0
8642,CN(C)c1ccc(/C=C/c2cc(/C=C/c3ccc(N(C)C)cc3)ncn2)cc1,ClCCl,429.0
4007,c1ccc2c(c1)Nc1ccccc1B2c1c2ccccc2cc2ccccc12,c1ccccc1,394.0
2899,C1=C(c2ccc(-c3cccs3)s2)CCC1,CCO,341.0
1890,CCN1c2ccc(-c3cc(C(F)(F)F)[nH]n3)cc2Sc2cc(-c3cc(C(F)(F)F)[nH]n3)ccc21,c1ccccc1,336.0
9594,c1ccc(-c2nnc(-c3cc(-n4c5ccccc5c5ccccc54)c(-n4c5ccccc5c5ccccc54)cc3-c3nnc(-c4ccccc4)o3)o2)cc1,ClCCl,361.0
157,CCN(CC)c1ccc2c(-c3ccc(S(=O)(=O)[O-])cc3S(=O)(=O)[O-])c3ccc(=[N+](CC)CC)cc-3oc2c1,CC#N,548.0
10840,CCCCCCCCCCCCOc1cc2cc(N(C)C)ccc2cc1C=C(C#N)C#N,CCO,487.0
8134,CC1=CC(C)=[N+]2C1=Cc1c3ccccc3c(C#Cc3ccc(F)cc3)n1[B-]2(F)F,CN(C)C=O,612.0
10266,CC1(C)Cc2c(c3ccccc3c3nc4ccccc4nc23)O1,c1ccccc1,458.0852038
1441,CCn1c2cc(OC)ccc2c2c3nsnc3c3c4ccc(OC)cc4n(CC)c3c21,Cc1ccccc1,439.0
7067,c1ccc(-c2nc(-c3c4ccccc4cc4ccccc34)n3ccccc23)cc1,CO,366.0
2748,Cc1cc(C(F)(F)F)nc2c1ccc1nc(-c3ccc(Cl)cc3)cn12,ClCCl,366.6
8947,COc1ccc(C#Cc2c3cc4ccccc4cc3c(C#C[Si](C(C)C)(C(C)C)C(C)C)c3cc4ccccc4cc23)cc1,ClCCl,655.0
8834,CC(C)(C)c1ccc(-c2cc(-c3ccc(-c4cc(-c5ccc(C(C)(C)C)cc5)c(C(=O)NCc5cccs5)s4)s3)sc2C(=O)NCc2cccs2)cc1,ClCCl,394.0
9414,C(=C/c1nc2ccccc2[nH]1)\c1ccc(/C=C/c2nc3ccccc3[nH]2)cc1,CS(C)=O,392.0
9416,Nc1cccc2ncccc12,O,333.0
11440,CCOC(=O)CN1C(=O)C2=C(c3ccccc3)N(CC(=O)OCC)C(=O)C2=C1c1ccccc1,CS(C)=O,460.0
5453,CCCC1=Cc2nc1ccc1[nH]c(cc1CCOC)c1nc(ccc3[nH]c2cc3CCC)C(CCC)=C1,Cc1ccccc1,637.0
9890,CCCCCCCCCCCCC(CCCCCCCCCC)Cn1c2cc(C=C(C#N)C#N)c3cccc4c5cccc6c(C=C(C#N)C#N)cc1c(c65)c2c34,ClCCl,581.0
9057,CCn1c2ccccc2c2cc(/C=C3\C(=O)c4ccccc4S3(=O)=O)ccc21,CO,446.0
1963,CC(C)(C)c1ccc(-c2sc3c(-c4ccc(C(C)(C)C)cc4)c4n(c3c2-c2ccc(C(C)(C)C)cc2)[B-](F)(F)[N+]2=Cc3c(-c5ccc(C(C)(C)C)cc5)c5sc(-c6ccc(C(C)(C)C)cc6)c(-c6ccc(C(C)(C)C)cc6)c5n3[B-](F)(F)[N+]2=C4)cc1,Cc1ccccc1,596.0
5354,CN(C)c1ccc(/C=C/c2ccc(-c3nc(C#N)c(C#N)n3C)cc2)cc1,CO,378.0
4216,O=C([O-])c1ccc(C2=c3cc4c5c(c3Oc3c2cc2c6c3CCCN6CCC2)CCC[N+]=5CCC4)c(C(=O)[O-])c1,CCO,573.0
5900,O=C(N/N=C/c1ccccc1O)c1ccc([N+](=O)[O-])cc1,CCO,345.0
6377,CCCCCCOc1cc(N(CC)CC)ccc1/C=C/C(=C(C#N)C#N)c1ccc2c(c1)c1ccccc1n2CC,ClCCl,504.0
9320,O=C(O)c1cccc2c(=O)c3ccccc3[nH]c12,O,413.0
7630,COC(=O)c1c2ccccc2nc2ccccc12,CCCCCO,361.0
4313,CCC1(CC)c2cc(N(C)C)ccc2-c2ccc(C(F)(F)F)cc21,CS(C)=O,350.0
9413,C(=C/c1nc2ccccc2[nH]1)\c1ccc(/C=C/c2nc3ccccc3[nH]2)cc1,CO,384.0
5795,O=CC1=Cc2c(-c3ccc(-c4ccccc4)cc3)oc(-c3ccc(-c4ccccc4)cc3)c2C=C(C=O)C1,ClC(Cl)Cl,382.0
4679,O=[N+]([O-])c1ccc([N+]2=Cc3ccc4c5c(ccc4c3O[B-]2(c2c(F)c(F)c(F)c(F)c2F)c2c(F)c(F)c(F)c(F)c2F)C=[N+](c2ccc([N+](=O)[O-])cc2)[B-](c2c(F)c(F)c(F)c(F)c2F)(c2c(F)c(F)c(F)c(F)c2F)O5)cc1,Cc1ccccc1,549.0
3678,CC(C)[Si]1(C(C)C)c2cc(C=O)ccc2-c2ccc(N(C)C)cc21,CC#N,391.0
1543,CN(C)c1ccc(/C=C/C=C/C=C/c2ccc(N(C)C)cc2)cc1,CC(C)=O,405.0
5814,CC(C)(C)c1ccc(-c2c(-c3cccc(N(c4ccccc4)c4ccccc4)c3)c(C#N)c(-c3cccc(N(c4ccccc4)c4ccccc4)c3)c(-c3ccc(C(C)(C)C)cc3)c2-c2ccc(C(C)(C)C)cc2)cc1,C1CCOC1,297.0
7258,CC1=[N+]2C(=C(c3ccccc3)c3ccc(C)n3[B-]2(F)F)C=C1,C1CCCCC1,512.0
2268,CC1CC=C(c2ccc(-c3cccs3)s2)CC1,CC#N,341.0
10410,O=C1c2ccccc2C2=Cc3ccccc3B(O)N12,CO,372.0
4004,CCCCCCn1c(=O)c2c3oc4ccccc4sc3c3c(=O)n(CCCCCC)c(=O)c3c2c1=O,ClCCl,437.0
8651,COc1ccc(/C=C/C2=N/C(=C\c3ccncc3)C(=O)N2C)cc1,C1COCCO1,422.0
6351,CN(C)c1ccc2cc(C3=[O+][B-](F)(F)OC(c4ccccc4)=C3)ccc2c1,ClC(Cl)Cl,500.0
6820,Cc1ccccc1/C(C#N)=C/c1ccc(N(C)C)cc1,Cc1ccccc1,366.0
9243,CN(C)c1ccc(-c2nc3c(c4c2-c2ccccc2CC4)-c2ccccc2CC3)cc1,ClCCl,347.0
603,CC1=C2c3ccccc3C(c3[nH]c(C)cc3C)=[N+]2[B-](F)(F)n2c(C)cc(C)c21,ClCCl,599.0
3949,CN(c1ccccc1)c1ccc(/C=C2\C(=O)c3ccccc3S2(=O)=O)cc1,ClCCl,476.0
3434,C[N+]1=C(/C=C/C=C2/N(CCC[N+](C)(C)C)c3ccc(S(=O)(=O)[O-])cc3C2(C)C)C(C)(C)c2ccccc21,CS(C)=O,556.0
8410,CC1=CC(C)=[N+]2C1=C(c1ccccc1)c1c(C)c(-c3cccs3)c(C)n1[B-]2(F)F,CO,507.0
393,Cc1ccc(O)c(-c2[nH]c(=O)n3c2-c2ccccc2C3=O)c1,CC#N,394.0
10803,COC(=O)CNC(=O)CCNc1cccc2ccccc12,CCO,330.0
9585,CCCCn1c(-c2ccc(-c3nnc(-c4ccc(-c5nc6c7ccccc7c7ccccc7c6n5CCCC)cc4)o3)cc2)nc2c3ccccc3c3ccccc3c21,ClCCl,366.0
5111,c1ccc2c(c1)-c1ccccc1C21c2cc(-c3ccc(-n4c5ccccc5c5ccccc54)cc3)ccc2Sc2ccc(-c3ccc(-n4c5ccccc5c5ccccc54)cc3)cc21,ClCCl,341.0
9815,[O-]c1c(-c2ccccc2)cc(-[n+]2c(-c3ccccc3)cc(-c3ccccc3)cc2-c2ccccc2)cc1-c1ccccc1,Clc1ccccc1Cl,752.3947368
10496,COc1cc(-c2nnc(-c3ccc4ccc5cccc6ccc3c4c56)o2)cc(OC)c1OC,CCCCCC,392.0
10691,COc1ccc2cc(/C=C/c3nc(/C=C/c4ccc(N(C)C)cc4)cc(/C=C/c4ccc(N(C)C)cc4)n3)ccc2c1,ClCCl,418.0
11322,CCN(CC)c1ccc(OC)c(C=O)c1,CC(C)O,418.0
10287,CC1(C)CC(/C=C/c2ccc(-n3cccn3)cc2)=CC(=C(C#N)C#N)C1,CCOC(C)=O,403.0
3353,CC1=CC(C)=[N+]2C1=Cc1c3ccccc3c(C#Cc3cccs3)n1[B-]2(F)F,CCCCCCCCO,625.0
5235,O=C1O[B-]2(OC1=O)OC(c1ccccc1)=CC(c1ccc3ccccc3c1)=[O+]2,ClC(Cl)(Cl)Cl,435.0
181,CCCCCCc1cc2c(=S)c3cc(CCCCCC)cc4c(=S)c5cc(CCCCCC)cc6c(=S)c(c1)c2n(c34)c65,ClCCl,572.0
2277,O=Cc1ccc(-c2ccc(C3=CCCCC3)s2)s1,C1CCOC1,385.0
8449,CC1=[N+]2C(=c3c4c5ccccc5cc5cccc(c6cc(C)n(c36)[B-]2(F)F)c54)C=C1,ClCCl,583.0
9624,NC(=O)CC[C@H](/[NH+]=C\C=C1\C=C(C(=O)O)N[C@H](C(=O)O)C1)C(=O)O,OCCO,478.0
10361,CC1=[N+]2C(=C(c3ccc(N4CCOCC4)cc3)c3ccc(C)n3[B-]2(F)F)C=C1,Cc1ccccc1,511.0
3599,Fc1cc(F)c2cc3cccc[n+]3cc2c1,O,407.0
8115,N#C/C(=C\c1ccncc1)c1nc(-c2ccccc2)cs1,Cc1ccccc1,372.0
7341,CC1=CC(C)=[N+]2C1=C(c1c(F)c(F)c(NCCNP(=O)(OC(C)C)OC(C)C)c(F)c1F)c1c(C)cc(C)n1[B-]2(F)F,C1CCOC1,515.0
7134,COC(=O)C(Cc1ccc2oc(-c3ccc(Nc4ccccc4)cc3)nc2c1)NC(=O)OC(C)(C)C,C1CCOC1,350.9018177
401,COc1ccc(OC)c(-c2[nH]c(=O)n3c2-c2ccccc2C3=O)c1,ClCCl,399.0
3128,Cc1ccc(-c2cc(-c3ccc(C)cc3)c(C#N)c(=O)[nH]2)cc1,CO,366.0
1631,CCN(CC)c1ccc2cc(/C=C/C3=CC(/C=C/c4cc5ccc(N(CC)CC)cc5oc4=O)=[O+][B-](F)(F)O3)c(=O)oc2c1,CCOC(C)=O,604.0
6159,CC(C)(C)c1ccc(-c2nc3c4ccc(-c5c6ccccc6cc6ccccc56)cc4c4cc(-c5c6ccccc6cc6ccccc56)ccc4c3n2-c2ccc(C(C)(C)C)cc2)cc1,C1COCCO1,369.0
5683,CCN1C(=CC=Cc2n(CC)c3cc(Cl)c(Cl)cc3[n+]2CC)N(CC)c2cc(Cl)c(Cl)cc21,OCCO,518.0
3393,COc1nc(Cl)nc(Nc2ccc3c4cccc5cccc(c6cccc2c63)c54)n1,CCOC(C)=O,442.0
8972,COc1ccccc1-c1nc(-c2ccc(C(F)(F)F)cc2)n(-c2ccc(C)cc2)c1-c1ccccc1OC,ClCCl,286.0
8464,F[B-]1(F)Oc2c(-c3cccc4c3O[B-](F)(F)[n+]3c(-c5ccccc5)c(-c5ccccc5)n(-c5ccc(C(F)(F)F)cc5)c3-4)cccc2-c2n(-c3ccc(C(F)(F)F)cc3)c(-c3ccccc3)c(-c3ccccc3)[n+]21,C1CCOC1,342.0
5120,COc1ccc(C2=CC(c3ccccc3)=[N+]3C2=Nc2c(-c4ccc(OC)cc4)cc(-c4ccccc4)n2[B-]3(F)F)cc1,ClC(Cl)Cl,664.0
11678,CCCCc1cc(-c2cccc(COC)c2)oc1-c1cccc(-c2oc(-c3cccc(COC)c3)cc2CCCC)c1,ClC(Cl)Cl,334.0
5803,CCCCc1c2ccccc2c(-c2ccc(-c3nc4cc(CC(NC(=O)OC(C)(C)C)C(=O)OC)ccc4o3)cc2)c2ccccc12,CCOC(C)=O,401.8097511
8851,CC(=O)Nc1ccccc1C(=O)OC1CC(C)CCC1C(C)C,C1CCCCC1,315.0
3798,CC1=[N+]2C(=C(c3ccc(N4CCCCC4)cc3)c3ccc(C)n3[B-]2(F)F)C=C1,CC#N,504.0
5537,CCCCCCCCCCCCCCCCOc1cc(C#Cc2ccc3ccccc3c2)c(OCCCCCCCCCCCCCCCC)cc1C#Cc1ccc(C=C(C#N)C#N)cc1,CCCCCC,430.0
8944,CC(C)[Si](C#Cc1c2cc3ccccc3cc2c(C#Cc2ccccc2)c2cc3ccccc3cc12)(C(C)C)C(C)C,ClCCl,652.0
10629,COc1cccc(C2=c3c(c4ccc(C(C)(C)C)cc4c4cc(C(C)(C)C)ccc34)=[N+]3C2=C(c2ccccc2)c2c(-c4cccc(OC)c4)c4c5ccc(C(C)(C)C)cc5c5cc(C(C)(C)C)ccc5c4n2[B-]3(F)F)c1,C1CCOC1,677.0
10306,CCN(CC)c1ccc2cc(-c3ccc(C(F)(F)F)cc3)oc(=O)c2c1,CCCCCC,362.0
5809,CCCCc1c2ccccc2c(-c2ccc(-c3nc4cc(CC(NC(=O)OC(C)(C)C)C(=O)OC)ccc4o3)cc2)c2ccccc12,NC=O,400.3891783
4672,C1=[N+](c2ccccc2)[B-](c2ccccc2)(c2ccccc2)Oc2c1ccc1c3c(ccc21)C=[N+](c1ccccc1)[B-](c1ccccc1)(c1ccccc1)O3,Cc1ccccc1,536.0
5955,CC1=CC(C)=[N+]2C1=C(c1ccc3cccnc3n1)c1c(C)cc(C)n1[B-]2(F)F,CC#N,501.0
2067,CC1=[N+]2C(=C(c3c4ccccc4c(-c4ccccc4)c4ccccc34)c3ccc(C)n3[B-]2(F)F)C=C1,CN(C)C=O,517.0
11404,CCN1c2ccc(/C=N/Nc3ccccn3)cc2Sc2cc(-c3ccc(C#N)cc3)ccc21,C1CCOC1,383.0
4819,Oc1ccc(-c2ccco2)cc1-c1nc2ccccc2s1,CCO,365.0
1599,N#CC(C#N)=C(/C=C/c1ccc(N(c2ccccc2)c2ccccc2)cc1)c1ccccc1,CO,484.0
6349,CN(C)c1ccc2cc(C3=[O+][B-](F)(F)OC(c4ccccc4)=C3)ccc2c1,CS(C)=O,520.0
1385,c1ccc2c(c1)Oc1ccccc1C21c2cc(-c3ccc4ccc5cccc6ccc3c4c56)ccc2-c2ccc(-c3ccc4ccc5cccc6ccc3c4c56)cc21,ClC(Cl)Cl,364.0
9014,c1ccc(-n2nc(-c3ccc(N4c5ccccc5Sc5ccccc54)cc3)nc2-c2ccccn2)cc1,ClCCl,329.0
11297,N#Cc1ccccc1N,O,315.0
6084,O=C1OC(=O)c2ccc(N(c3ccccc3)c3c4ccccc4cc4ccccc34)c3cccc1c23,C1CCOC1,450.0
1405,CCCCN1C(=O)c2cccc3c([O-])c(/C=C/c4sc5ccccc5[n+]4CC)cc(c23)C1=O,CS(C)=O,566.8083462
809,COC(=O)C1=C(C(=O)OC)C2=C[C@H]3c4ccccc4[C@]2(S1)c1ccccc13,C1CCOC1,355.0
8698,C#CCn1c2ccccc2c2cc(/C=C/C3=[N+]4C(=C(c5ccc(I)cc5)c5c(C)c(Cl)c(/C=C/c6ccc7c(c6)c6ccccc6n7CC#C)n5[B-]4(F)F)C(C)=C3Cl)ccc21,ClC(Cl)Cl,703.0
2029,CC(C)(C)C1Nc2c(Br)cc(Br)cc2C(=O)N1Cc1ccccc1,CC#N,360.0
6347,CN(C)c1ccc2cc(C3=[O+][B-](F)(F)OC(c4ccccc4)=C3)ccc2c1,CC#N,503.0
2650,CC1(C)CC(NCc2ccc3ccc4cccc5ccc2c3c45)CC(C)(C)N1,C1CCCCC1,374.0
8405,Cc1ccc(OCc2cc(=O)oc3c2ccc2ccccc23)cc1,ClCCl,354.0
3024,Cc1ccc2c(c1)NC(=O)CC(=O)N2,CS(C)=O,294.0
11700,COc1cc(/C=C/c2cc[n+](Cc3ccc(Br)cc3)cc2)ccc1O,CC(C)CO,429.0
9205,CCN(CC)c1ccc(-c2nc3c(c4c2-c2ccc(C#N)cc2CC4)-c2ccc(C#N)cc2CC3)cc1,CCOC(C)=O,358.0
4702,N#CC(C#N)=Cc1ccc(-c2ccc(-c3nc4ccccc4s3)c(O)c2)o1,ClCCl,426.0
1702,N#CC(C#N)=Cc1ccc(-c2ccc(-c3nc4ccccc4s3)c(O)c2)s1,CCO,421.0
4193,O=C1C=C(Nc2ccccc2)C(=O)c2ccccc21,CO,466.0
61,Oc1ccc(/N=C/c2ccccc2Oc2ccccc2)cc1,CCCCOC(C)=O,346.0
3464,CCC1=C(C)C(=O)n2c1cc1c(C)c(CCC(=O)OC)c(C)n1c2=O,CS(C)=O,425.0
4791,COc1cccc(-c2c3ccccc3c3n2[B-](F)(F)[N+]2=Cc4c5ccccc5c(-c5cccc(OC)c5)n4[B-](F)(F)[N+]2=C3)c1,CN(C)C=O,561.0
9767,[O-]c1c(-c2ccccc2)cc(-[n+]2c(-c3ccccc3)cc(-c3ccccc3)cc2-c2ccccc2)cc1-c1ccccc1,CC(C)OC(C)C,838.4457478
2094,CCCCCCCCCCOc1ccc2cc(C3=C4C(=O)N(CC(OCC)OCC)C(c5cc6ccc(OCCCCCCCCCC)cc6o5)=C4C(=O)N3CC(OCC)OCC)oc2c1,ClC(Cl)Cl,595.0
4802,Oc1ccc2ccccc2c1-c1nc(-c2ccccc2)c2ccccn12,O,355.0
9972,O=C1CCCC2=C1CC1=C(CCCC1=O)N2NC(=O)c1ccccc1,ClC(Cl)Cl,370.0
1880,N#Cc1c2nc3ccccn3c2nc2c1nc1ccccn12,CN(C)C=O,435.0
3378,CCN(CC)c1ccc2cc(C#N)/c(=N\C(=O)c3ccco3)oc2c1,CCO,424.0
3790,FC(F)(F)c1ccc(/C=C/c2nc(/C=C/c3ccc(N(c4ccccc4)c4ccccc4)cc3)cc(/C=C/c3ccc(N(c4ccccc4)c4ccccc4)cc3)n2)cc1,ClCCl,430.0
7289,CCCSC1=[N+]2C(=C(c3ccccc3)c3ccc(SCCC)n3[B-]2(F)F)C=C1SC#N,CCCCCC,556.0
10216,CN(C)c1ccc(C2=Cc3ccc4ccccc4[n+]3[B-](F)(F)O2)cc1,CCOCC,467.0
7885,CCCCN1/C(=C\C=C\C=C\C2=[N+](CCCC)c3ccc4cc(Br)ccc4c3C2(C)C)C(C)(C)c2c1ccc1cc(Br)ccc21,ClCCl,699.0
2287,O=C1[C@H]2[C@@H]3C[C@@H](c4c3c(-c3ccccc3)c3ccccc3c4-c3ccccc3)[C@H]2C(=O)N1c1cccc2cc3ccccc3cc12,ClC(Cl)Cl,385.0
6552,C(=C/c1ccncn1)\c1ccc(-c2ccco2)cc1,ClCCl,337.0
8809,Fc1ccccc1-c1nc2sc3ccccc3c2s1,CS(C)=O,344.0
5210,CC1=C(Br)C(/C=C/c2ccncc2)=[N+]2C1=C(c1ccccc1)c1c(C)c(Br)c(/C=C/c3ccncc3)n1[B-]2(F)F,ClC(Cl)Cl,620.0
4342,COc1ccc(-c2sc3c(c2Br)=[N+]2C(=C(C(F)(F)F)c4c(Br)c5sc(-c6ccc(OC)cc6)c(Br)c5n4[B-]2(F)F)C=3Br)cc1,C1CCOC1,764.0
7928,C(S/C=C/c1ccc(/C=C/SC=C2CCCC2)cc1)=C1CCCC1,ClCCl,350.0
10119,COc1cc(/C=C/C2=CC(/C=C/c3ccc(O)c(OC)c3)=[O+][B-](F)(F)O2)ccc1O,CCO,503.1
664,CCc1c(C)c2n(c1C)[B-](F)(F)[N+]1=C(c3ccc[nH]3)c3ccccc3C1=C2,ClCCl,616.0
2906,N#CC1=C(c2ccc(-c3cccs3)s2)CCC1,C1CCOC1,364.0
1046,CCN(CC)c1ccc(/C=N/Nc2ccc(C#N)cc2)c(O)c1,ClC(Cl)Cl,373.0
5369,COc1cc(N(c2ccc(C=C(C#N)C#N)c(OC)c2)c2ccc(C=C(C#N)C#N)c(OC)c2)ccc1C=C(C#N)C#N,CC#N,454.0
2404,CCN1c2ccccc2Sc2cc(/C=C(\C#N)c3ccccc3)ccc21,CN(C)C=O,414.0
5050,Cc1cc(C)c(B2c3cc(C(C)(C)C)cc4ccc5ccc6cc(C(C)(C)C)cc2c6c5c34)c(C)c1,C1CCCCC1,427.0
9262,Oc1ccccc1/C=N/N=C/c1ccccc1O,CCCCCC,361.0
1568,CN(C)c1ccc(C=C/C=C/C=C/c2ccc(C#N)cc2)cc1,CCCC#N,422.0
462,CCCCCCc1ccc2c3c(ccc2c1)O[B-](F)(F)[N+](c1ccc([N+]2=Cc4c(ccc5cc(CCCCCC)ccc45)O[B-]2(F)F)cc1)=C3,C1CCOC1,425.0
743,CCCCc1ccc(N(c2ccc(CCCC)cc2)c2ccc(-c3ccc4c(c3)S(=O)(=O)c3cc(-c5ccc(N(c6ccc(CCCC)cc6)c6ccc(CCCC)cc6)cc5)ccc3-4)cc2)cc1,Cc1ccccc1,411.0
222,CCC1=C(C)C2=Cc3cc(I)cn3[B-](F)(F)[N+]2=C1C,OCC(F)(F)F,504.0
10264,CC1(C)Cc2c(c3ccccc3c3nc4ccccc4nc23)O1,CO,458.0852038
5728,CN(C)c1ccc(C2=Cc3cccc[n+]3[B-](F)(F)O2)cc1,CN(C)C=O,423.0
8950,O=C(c1ccncc1)c1ccc(-n2c3ccccc3c3cc(-n4c5ccccc5c5ccccc54)ccc32)cc1,Cc1ccccc1,362.0
625,CCc1c(C)[nH]c(C2=[N+]3C(=C(C)c4c(C)c(CC)c(C)n4[B-]3(F)F)c3ccccc32)c1C,CO,613.0
11523,CN1/C(=C\C=C\C=C\C2=C3C=CC(c4ccccc4)=[N+]3[B-](F)(F)n3c2ccc3-c2ccccc2)C(C)(C)c2ccccc21,CC#N,771.0
8099,Cc1ccc(N(c2ccc(C)cc2)c2cc(N(c3ccc(C)cc3)c3ccc(C)cc3)c3ccc4cc(C(C)(C)C)cc5ccc2c3c54)cc1,ClCCl,424.0
2188,N#Cc1nnn(-c2ccnc3cc(Cl)ccc23)c1N,C1CCOC1,364.0467436
2177,c1ccc2c(c1)CC1(C2)c2cc(N3c4ccccc4Sc4ccccc43)ccc2-c2ccc(N3c4ccccc4Sc4ccccc43)cc21,Cc1ccccc1,310.0
6688,CCN(C)c1ccc(C2=C3C(C)=CC(/C=C/c4ccc(OCC(=O)OC)cc4)=[N+]3[B-](F)(F)n3c(C)cc(C)c32)cc1,CO,567.0
9463,COc1ccc(C(=O)NC(C)(C)C)c2c1ccc1c3ccccc3c3ccccc3c12,ClCCl,334.0
5609,COc1ccc2c(=O)c3c([nH]c2c1)-c1ccccc1NC3(C)C,ClC(Cl)(Cl)Cl,404.0
6848,COc1ccc(C2=Cc3ccccc3[Si]2(c2ccccc2)c2ccccc2)cc1,ClCCl,350.0
438,c1csc(-c2cnc(-c3cccs3)c3nonc23)c1,c1ccccc1,465.0
8668,O=C(c1ccc(N(c2ccccc2)c2ccccc2)cc1)[C@H]1[C@H](c2ccccc2)C[C@](O)(c2ccccn2)C[C@]1(O)c1ccccn1,CCO,368.0
9300,O=C(O)CCCCCn1c2ccccc2c(=O)c2cc(S(=O)(=O)O)ccc21,O,409.0
353,CCC1=C(C)C2=C(C)c3cccn3[B-](F)(F)[N+]2=C1C,CO,495.5
8380,CC1=N/C(=C\c2ccc(N(C)C)cc2)C(=O)N1C,O,446.0
456,O=CC1=Cc2c(-c3ccccc3)oc(-c3ccccc3)c2C=C(C=O)C1,Cc1ccccc1,359.0
3593,CCCCCCCN1C(=CC2=C([O-])C(=CC3=[N+](CCCCCCC)c4ccccc4C3(C)C)C2=C(C#N)C#N)C(C)(C)c2ccccc21,CCO,673.0
6421,COc1ccc2ccccc2c1C1=CC(c2ccccc2)=C(c2ccccc2)C1,ClCCl,340.0
239,C#CCNC1=C2C=CC=[N+]2[B-](F)(F)n2cccc21,CC(C)=O,406.0
7596,N#C/C(=C\c1cn(-c2ccccc2)nc1-c1ccccc1)c1nc2ccccc2s1,C1CCOC1,381.0
10384,Cn1c(/C=C/c2ccc(/C=C/c3nc4ccccc4[nH]3)cc2)[n+](C)c2ccccc21,O,376.0
11356,CCCCN(CCCC)c1ccc(/C=C/c2ccc3nc(-c4ccccc4)c(/C=C/c4ccc(N(C)C)cc4)nc3c2)cc1,ClCCl,468.0
5931,CCn1c2ccccc2c2cc(-c3cc(-c4ccc5c(c4)c4ccccc4n5CC)nc(N4CCCCC4)n3)ccc21,CCOC(C)=O,368.0
5749,CCCc1ccc(C#Cc2cc(C#Cc3ccc(N(C)C)cc3)c3ccc4c(C#Cc5ccc(N(C)C)cc5)cc(C#Cc5ccc(N(C)C)cc5)c5ccc2c3c54)cc1,ClCCl,508.0
7698,CN(C)c1ccc(/C=C/C(=C(C#N)C#N)c2ccc3c4c(cccc24)CC3)cc1,ClC(Cl)Cl,483.0
10598,N#Cc1cc2ccc(O)cc2oc1=O,O,355.0
10726,CN1CCc2cc(C3=Cc4cccc[n+]4[B-](F)(F)O3)ccc21,ClC(Cl)Cl,430.0
10511,c1ccc(-c2nc3sc4ccccc4c3s2)nc1,CS(C)=O,354.0
1018,CCCCCCN(c1ccccc1)c1ccc(/C=C/c2cc(=O)oc3cc(C)ccc23)cc1,CS(C)=O,432.0
6973,CC1(C)Cc2c(c3ccccc3c3nc4c(nc23)c2c(c3ccccc34)OC(C)(C)C2)O1,ClC(Cl)Cl,457.0383912
11057,CCCCC(CC)COC(=O)/C=C/c1ccc(OC)c(OC)c1OC,CCCCCC,290.0
1760,CN(C)c1ccc(/C=C2\CC/C(=C\c3ccc(C#N)cc3)C2=O)cc1,ClC(Cl)Cl,469.0
8723,CCC1(CC)c2cc(B(c3c(C)cc(C)cc3C)c3c(C)cc(C)cc3C)ccc2-c2ccc(N(c3ccccc3)c3ccc4c(c3)C(CC)(CC)c3cc(B(c5c(C)cc(C)cc5C)c5c(C)cc(C)cc5C)ccc3-4)cc21,CC(C)=O,418.0
10372,CCCCN1C(=S)c2cccc3cccc(c23)C1=S,CS(C)=O,443.0
10020,COc1ccc2cc(C3=[N+]4C(=Nc5c(-c6ccccc6)cc(-c6ccc7cc(OC)ccc7c6)n5[B-]4(F)F)C(c4ccccc4)=C3Br)ccc2c1,ClC(Cl)Cl,695.0
1103,COc1c2ccccc2c(OC)c2c1c1cc(Cl)ccc1n2C,CC#N,415.0
9691,COC(=O)c1ccc(/C=C2\N=C(c3ccc(OC)c(OC)c3)OC2=O)cc1,C1COCCO1,391.0
7363,Cc1ccc(C2=C3C=C(I)C=[N+]3[B-](F)(F)n3c2cc(I)c3I)cc1,CC#N,553.0
3445,CCC1=C(C)C(=O)n2c1cc1c(C)c(CC(=O)OC)c(C)n1c2=O,CO,420.0
4315,CCC1(CC)c2cc(N(C)C)ccc2-c2ccc(C(F)(F)F)cc21,c1ccccc1,346.0
9734,C1=Cc2ccc(N(c3ccccc3)c3cccc4ccccc34)cc2C2(c3cc(N(c4ccccc4)c4cccc5ccccc45)ccc31)c1ccccc1-c1ccccc12,ClCCl,403.0
10105,COc1ccc(/C=C/C2=CC(/C=C/c3ccc(OC)c(OC)c3)=[O+][B-](F)(F)O2)cc1OC,c1ccccc1,504.0
3063,C1=Cc2ccccc2Cc2ccccc21,CC#N,285.0
6685,COc1cc(OC)cc(-c2ccc(-c3ccc(C#N)s3)s2)c1,C1CCCCC1,360.0
5399,CCCCCCCCCCCCCCCCOC(=O)c1ccc(N(c2ccccc2)c2ccccc2)cc1,ClCCCl,336.0
2947,CCc1ccc(-c2ccc(-c3nnc(-c4ccc(-c5nnc(-c6ccc(-c7ccc(CC)cc7)s6)o5)cc4)o3)s2)cc1,CCCCCCO,346.0
10823,Nc1cccc2cccc(N)c12,CO,334.0
10907,COC(=O)c1nc(-c2ccc(OC)cc2)oc1C,C1CCCCC1,275.0
8513,c1ccc(-c2ccc(-c3ccccc3)cc2)cc1,C1COCCO1,276.0
11128,COCCOCCOCCOc1cc(C=O)c(OCCOCCOCCOC)cc1C=O,CC(C)(C)O,393.0
4414,COc1ccc(N(c2ccc(OC)cc2)c2ccc(-c3ccc4c(c3)C(=O)c3ccccc3C4=O)cc2)cc1,CCCCCC,468.0
10285,CC1(C)CC(/C=C/c2ccc(-n3cccn3)cc2)=CC(=C(C#N)C#N)C1,CC#N,397.0
5639,CC1(C)Nc2cc(Cl)ccc2-c2[nH]c3ccccc3c(=O)c21,ClCCl,403.0
9518,Oc1c(-c2nc3c4ccccc4c4ccccc4c3[nH]2)cc2c3c1CCCN3CCC2,CC#N,365.0
9936,COc1ccc(-c2cc(-c3ccc(OC)cc3)c3c(N)nc(N4CCCC4)c(C#N)c3n2)cc1,CC#N,416.0
4929,CCN(CC)/C(C)=N\c1ccc2c3c(cccc13)C(=O)c1ccccc1-2,Cc1ccccc1,461.0
1034,O=C(O)C1=C/C(=C/C=[N+]2/c3cc(O)c(C[C@@H]4O[C@H](CO)[C@@H](O)C(O)[C@H]4O)cc3C[C@H]2C(=O)O)C[C@H](C(=O)O)N1,OCCO,541.0
2264,CC1CC=C(c2ccc(-c3ccc(C=O)s3)s2)CC1,CCCCCC,382.0
6597,Nc1ccc2c(-c3ccccc3C(=O)[O-])c3ccc(=[NH2+])cc-3oc2c1,CN(C)C=O,515.0
4338,Nc1ccc2c(c1)Cc1ccccc1-2,O,315.0
9216,CCN(CC)c1ccc(-c2nc3c(c4c2-c2ccccc2CC4)-c2ccccc2CC3)cc1,Cc1ccccc1,359.0
10100,Cc1ccc(C2CC(=O)Oc3c2c2nc4ccc(C)cc4nc2c2ccccc32)cc1,ClC(Cl)Cl,411.0
906,C(=C/c1c2ccccc2cc2ccccc12)\c1ccc2ccccc2c1,CC#N,387.0
11300,Nc1ccc(C(=O)[O-])c(O)c1,CO,303.0
9628,CCc1s[c+](N2CCCCC2)sc1-c1cc(C)cc(I)c1[O-],CO,360.0
10633,Brc1ccc(-c2nc(-c3ccc(C#Cc4ccc(-n5c6ccccc6c6ccccc65)cc4)cc3)nc(-c3ccc(C#Cc4ccc(-n5c6ccccc6c6ccccc65)cc4)cc3)n2)cc1,ClCCl,357.0
10028,O=C1/C(=C2\Nc3cc4ccc5cccc6ccc(c3C2=O)c4c56)Nc2cc3ccc4cccc5ccc(c21)c3c45,C1CCOC1,687.0
8122,COc1ccc(-c2csc(/C(C#N)=C/c3ccncc3)n2)cc1,ClCCl,389.0
10077,C#CCn1c2ccccc2c2cc(/C=C/c3c(Cl)c(C)c4n3[B-](F)(F)[N+]3=C(C)C(Cl)=C(C)C3=C4c3ccc(I)cc3)ccc21,CC#N,606.0
2286,c1ccc(-c2ccc(-c3ccc4c(c3)CCCO4)cc2)cc1,C1CCCCC1,289.0
11615,CC(C)(C)c1ccc2c(c1)c1cc(C(C)(C)C)cc3c1n2-c1cc(-c2cccc(F)c2)cc2c1B3c1cc(C(C)(C)C)cc3c4cc(C(C)(C)C)ccc4n-2c13,Cc1ccccc1,467.0975323
5035,CC1=NN(c2ccccc2)C(=O)/C1=C\c1cn(-c2ccccc2)nc1-c1ccc([N+](=O)[O-])cc1,CCO,362.0
11710,COc1cc(/C=C/c2cc[n+](Cc3ccc(Br)cc3)cc2)ccc1O,CS(C)=O,417.0
8367,CC1=N/C(=C\c2cc(C#N)cc(N(C)C)c2)C(=O)N1C,CCCCCC,355.0
5062,CCN(CC)c1ccc(/C=C/C2=[O+][B-](F)(F)Oc3c2c(=O)oc2cc(N(CC)CC)ccc32)cc1,Cc1ccccc1,567.0
7749,CC1(C)CCc2c(c3ccccc3c3nc4c(nc23)c2c(c3ccccc34)OC(C)(C)CC2)O1,CCCCCC,429.9226139
7433,COC(=O)c1ccc(C2=C3C=CC(C)=[N+]3[B-](F)(F)n3c(C)ccc32)cc1,Cc1ccccc1,517.0
6375,CC(C)(C)OC(=O)NC(Cc1ccccc1)C(=O)OCc1ccc2c3cccc4cccc(c5cccc1c52)c43,CCO,440.0
2900,C1=C(c2ccc(-c3cccs3)s2)CCC1,c1ccncc1,348.0
1721,CC1(C)C(=O)C=Cc2ccc(N3CCC3)cc21,O,387.0
5912,O=C(N/N=C/c1ccccc1O)c1ccccc1O,CC#N,335.0
10696,CC(C)n1c(=O)c2cc3ccc4cccc5ccc(c2c1=O)c3c45,ClC(Cl)Cl,427.0
3184,N#Cc1ccc(N2c3ccccc3C(c3ccccc3)(c3ccccc3)c3ccccc32)cc1,Cc1ccccc1,352.0
3527,O=C1Nc2ccccc2/C1=C/C(=O)c1ccc(Cl)cc1,C1CCCCC1,335.0
1824,CCCCOc1c(OC)cc2cc(OC)c(OCCCC)c3c4c(OCCCC)c(OC)cc5cc(OC)c(OCCCC)c(c1c23)c54,ClCCl,451.0
3080,CC(C)[Si](C#Cc1c2cc3ccccc3cc2c(C#C[Si](C(C)C)(C(C)C)C(C)C)c2nc3cc4c(cc3nc12)C1c2ccccc2C4c2ccccc21)(C(C)C)C(C)C,ClCCl,683.0
6575,COc1cc(OC)c2c3c([nH]c2c1)C(=O)CCC3,c1ccccc1,321.0
3023,COc1ccc(-n2c(-c3ccc(-c4cncc5ccccc45)cc3)nc(-c3ccccc3)c2-c2ccccc2)cc1,C1CCOC1,328.0
4412,O=Cc1ccc(N(c2ccc(C=O)cc2)c2ccc(-c3ccc4c(c3)C(=O)c3ccccc3C4=O)cc2)cc1,ClCCl,379.0
9512,CCCCN1C(=O)C(=C/C=C/C=C/C=C2N(CCCC)c3ccccc3N2CCCC)C(=O)N(CCCC)C1=S,ClCCl,642.0
1901,CN(C)c1ccc(/C=C/C=C/c2nc3ccccc3o2)cc1,CN(C)C=O,419.0
6119,F[B-]1(F)n2c(c3cc4ccccc4cc3c2-c2ccccc2)C=C2c3cc4ccccc4cc3C(c3ccccc3)=[N+]21,c1ccccc1,765.0
3649,Cc1csc2[n+]1[B-](F)(F)OC(c1ccc(N(C)C)cc1)=N2,CC#N,403.0
1918,Clc1nc(Cl)nc(Nc2cc3ccc4cccc5ccc(c2)c3c45)n1,CC#N,336.0
6791,N#Cc1coc2ccccc2c1=O,CCCO,336.0
7399,Cc1ccc(C2=C3C=CC(Cl)=[N+]3[B-](F)(F)n3c(Cl)ccc32)cc1,CO,508.0
1569,CN(C)c1ccc(C=C/C=C/C=C/c2ccc(C#N)cc2)cc1,CCCCCC,412.0
5550,CCN1CCN(c2ccc(/N=N/c3ccc(C(=O)OC)cc3)cc2)CC1,CCOC(C)=O,419.0
347,CCC1=C(C)C2=C(C)c3cc(I)cn3[B-](F)(F)[N+]2=C1C,CO,503.5
1242,CC(N)=O,O,220.0
420,Fc1ccccc1-c1c2cc(Cl)ccc2nc2cc3ccccc3cc12,ClCCl,402.0
4561,N#Cc1ccc(/C=C/C=C/C2=NC3C(=O)NC(N)=NC3N2[C@H]2C[C@H](O)[C@@H](CO)O2)cc1,C1COCCO1,395.0
8937,CC[N+](CC)=c1ccc2cc3c(oc-2c1)-c1ccc(N(C)C)cc1CC3,O,604.0
3782,N#CC(C#N)=C(/C=C/c1cn(-c2ccccc2)nc1-c1ccccc1)c1ccccc1,CS(C)=O,409.0
5824,CSc1nccc(/C=C/c2ccc(N(c3ccccc3)c3ccc(/C=C/c4ccnc(SC)n4)cc3)cc2)n1,ClCCl,430.0
9621,NC(=O)CC[C@H](/[NH+]=C\C=C1\C=C(C(=O)O)N[C@H](C(=O)O)C1)C(=O)O,CO,471.0
4119,Cc1ccc(/C(C#N)=C/c2cc(/C=C(\C#N)c3ccc(C)cc3)c(-c3ccc(N(c4ccccc4)c4ccccc4)cc3)cc2-c2ccc(N(c3ccccc3)c3ccccc3)cc2)cc1,CCOC(C)=O,393.0
8518,CC(C)CCCCN1CCc2c1ccc1c3c(ccc21)C(=O)CCC3,C1CCCCC1,362.0
10299,CN(C)c1ccc(-c2cc3ccc([N+](=O)[O-])cc3c(=O)o2)cc1,CCOC(C)=O,442.0
1031,O=C(O)C1=C/C(=C/C=[N+]2/c3cc(O)c(C[C@@H]4O[C@H](CO)[C@@H](O)C(O)[C@H]4O)cc3C[C@H]2C(=O)O)C[C@@H](C(=O)O)N1,OCCO,539.0
3991,CC1(C)CCc2c(c3ccccc3c3nc4c5c(c6ccccc6c4nc23)OC(C)(C)CC5)O1,CCCCCC,452.079566
4682,CC(C)(C)c1ccc2c(c1)c1cc(C(C)(C)C)ccc1n2-c1ccc(S(=O)(=O)c2ccc(-n3c4ccc(C(C)(C)C)cc4c4cc(C(C)(C)C)ccc43)nc2)cn1,Cc1ccccc1,355.6259905
10062,O=c1ccc2cc3ccoc3cc2o1,CCOCC,294.0
11496,C(=C/c1cc(/C=C/c2ccccc2)nc(/C=C/c2ccccc2)n1)\c1ccccc1,ClCCl,312.0
7640,O=C(O)c1c2ccccc2nc2ccccc12,CC#N,354.0
6096,N#Cc1cc2ccccc2[nH]1,CC#N,279.6875
763,Cc1ccc(NC(=O)c2sc(Br)nc2C)cc1,C1CCOC1,301.5
10503,Cc1ccc(-c2nnc(-c3ccc4ccc5cccc6ccc3c4c56)o2)cc1,Cc1ccccc1,394.0
10919,COC(=O)c1nc(-c2ccccc2)oc1C,O,267.0
10450,Cc1nn(-c2ccccc2)c(C2=NN(c3ccc(Br)cc3)[C@@H](c3ccccc3)[C@@H]2c2ccccc2)c1C#N,CC#N,372.0
2484,CN(C)c1ccc(/C=C/C=C2\CC/C(=C\C=C\c3ccc(N(C)C)cc3)C2=O)cc1,ClC(Cl)(Cl)Cl,465.0
1222,COC(=O)CNC(=O)c1nc2c(N(C)C)nc(N(C)C)nc2n1Cc1ccccc1,C1COCCO1,336.0
7300,CCCSc1ccc2n1[B-](F)(F)[N+]1=CC=CC1=C2c1ccccc1,CCOC(C)=O,534.0
2134,Cc1cc2nc3c(=O)[nH]c(=O)nc-3n(C)c2cc1C,CC#N,443.0
2423,CCCCCCCCC1(CCCCCCCC)c2cc(C#Cc3ccc(N(c4ccccc4)c4ccccc4)cc3)ccc2-c2ccc(C=O)cc21,CC#N,378.0
6832,CN(C)c1ccc(/C=C/c2ccc(C#N)cc2)cc1,CCO,383.0
6448,CCN(CC)c1ccc2c(-c3ccccc3C(=O)O)c3c([o+]c2c1)/C(=C/Nc1ccccc1)CCC3,ClC(Cl)Cl,608.0
10223,CCOC(=O)CCOc1ccc(C(c2c(C)[nH]c3ccccc23)c2c(C)[nH]c3ccccc23)cc1OC,C1CCCCC1,291.0
8076,O=C1OC(c2ccccc2)=N/C1=C\c1ccc(N(c2ccccc2)c2ccccc2)cc1,C1CCOC1,469.0
6165,CC(C)(C)c1ccc(-c2nc3c4ccc(-c5c6ccccc6cc6ccccc56)cc4c4cc(-c5c6ccccc6cc6ccccc56)ccc4c3n2-c2ccc(C(C)(C)C)cc2)cc1,CCOCC,366.0
6117,F[B-]1(F)n2c(c3cc4ccccc4cc3c2-c2ccccc2)C=C2c3cc4ccccc4cc3C(c3ccccc3)=[N+]21,CN(C)C=O,764.0
4209,O=C1NC(=O)c2c1c1c3ccccc3[nH]c1c1[nH]c3ccccc3c21,CCO,405.0
1575,C(#Cc1cc2ccc3cc(C#Cc4ccccc4)cc4ccc(c1)c2c34)c1ccccc1,Cc1ccccc1,410.0
509,CC(C)(C)c1ccc(C2=CC3=C(c4ccccc4)c4cc(-c5ccc(C(C)(C)C)cc5)c(-c5ccc(C(C)(C)C)cc5)n4[B-](F)(F)[N+]3=C2c2ccc(C(C)(C)C)cc2)cc1,Cc1ccccc1,605.0
9203,CCN(CC)c1ccc(-c2nc3c(c4c2-c2ccc(C#N)cc2CC4)-c2ccc(C#N)cc2CC3)cc1,CC#N,360.0
8602,COc1cc(/C=C/c2nc3ccccc3s2)c(OC)cc1/C=C/c1ccncc1,CC#N,410.0
8862,O=c1cc(COc2ccc(I)cc2)c2c(ccc3ccccc32)o1,CC(C)=O,349.0
2304,O=P(c1ccccc1)(c1ccccc1)c1ccc(-n2c(-c3ccccc3P(=O)(c3ccccc3)c3ccccc3)nc3ccccc32)cc1,ClCCl,300.0
7609,Clc1nc(Nc2ccccc2)nc(Nc2ccc3cc4ccccc4cc3c2)n1,CC#N,397.0
748,COc1ccc(-c2cnc3nn4ccccc4c3c2)cc1,C1CCOC1,386.0
3746,COc1ccc(N(c2ccc(C)cc2)c2c([O-])/c(=[N+](\c3ccc(C)cc3)c3ccc(OC)cc3)c2=O)cc1,CN(C)C=O,418.0
11352,N#CC1=c2cc3c4c(c2Oc2c1cc1c5c2CCCN5CCC1)CCC[N+]=4CCC3,CCO,682.0
1259,CC/C=C\C=C\C=C\C=C/CCCCCCCC(=O)O,CCO,319.2
3077,CC(=O)Nc1cccc2c1C#Cc1c(cccc1C(=O)N(C)C)OCCCO2,ClCCl,318.0
7828,COC1(OC)C2(Cl)c3nc4ccc(-c5cccs5)cc4nc3C1(Cl)C1C[C@@H]3[C@H](CC12)C1(Cl)c2nc4ccc(-c5cccs5)cc4nc2C3(Cl)C1(OC)OC,CCCCCC,358.0
4003,O=S(=O)(c1ccc(N(c2ccccc2)c2ccccc2)cc1)c1ccc(S(=O)(=O)c2ccc(N(c3ccccc3)c3ccccc3)cc2)cc1,Cc1ccccc1,354.0
11382,c1ccc([B-]23Oc4ccccc4-c4c5[n+]6c(c([n+]42)-c2ccccc2O3)-c2ccccc2O[B-]6(c2ccccc2)Oc2ccccc2-5)cc1,ClCCl,574.0
9930,COc1ccc(-c2cc(-c3ccc(C)cc3)nc3c(C#N)c(N4CCCC4)nc(N)c23)cc1,CC(C)=O,420.0
711,Cc1cc(-c2nc(-c3ccccc3)nc(-c3ccccc3)n2)ccc1-n1c2ccccc2c2cc3c(cc21)C1c2ccccc2C3c2ccccc21,Cc1ccccc1,364.0
8889,CCN(CC)c1ccc(-c2cc3c(s2)c(C(=O)OC)cc(=O)n3C)cc1,CO,444.0
10779,COc1ccc2cc([C@H](C)C(=O)O)ccc2c1,CCO,332.2
5239,CCCCN1/C(=C\c2c(-c3ccc(N(C)C)cc3)c(=O)c2=O)C=Cc2ccccc21,Cc1ccccc1,361.0
7370,Cc1ccc(C2=C3C=C(I)C=[N+]3[B-](F)(F)n3c2cc(I)c3I)cc1,CCOC(C)=O,556.5
9396,CCN(CC)c1ccc2cc(/C=C(\C#N)c3nc4ccccc4s3)c(=O)oc2c1,ClCCl,509.0
1372,CCCN1/C(=C/C=C(/C=C/C2=[N+](CCC)c3ccccc3C2(C)C)c2ccc([N+](=O)[O-])cc2)C(C)(C)c2ccccc21,CS(C)=O,643.0
712,Cc1cc(-n2c3ccccc3c3cc4c(cc32)C2c3ccccc3C4c3ccccc32)c(C)cc1-c1nc(-c2ccccc2)nc(-c2ccccc2)n1,Cc1ccccc1,345.0
10828,CCCCCCCCCCCCOc1cc2cc(N(C)C)ccc2cc1C#N,C1CCOC1,361.0
3834,COc1nc(Cl)nc(Nc2ccc3c4c(cccc24)C(=O)c2ccccc2-3)n1,O=C1CCCCC1,414.9377593
9326,CCCCCCCCn1c2ccccc2c(=O)c2ccccc21,CS(C)=O,404.0
3501,COc1ccc(C(=O)/C=C2\C(=O)Nc3ccccc32)cc1,CC(C)O,345.0
4822,Cc1ccc(C2=C3C=CC(c4ccccc4)=[N+]3[B-](F)(F)n3c2ccc3-c2ccccc2)cc1,C1CCCCC1,553.0
4607,N#Cc1c(-n2cc(-c3ccccc3)nn2)n([C@H]2C[C@H](O)[C@@H](CO)O2)c2ncnc(N)c12,CO,295.0
6109,N#Cc1cccc2cc[nH]c12,O,308.0
3469,CCC1=C(C)C(=O)n2c1cc1c(C)cc(C)n1c2=O,CO,420.0
11272,N#Cc1ccc(N)cc1,OCC(F)(F)F,264.0
1482,CCCCN1C(=O)C(=CC=C2N(CCCC)c3ccccc3N2CCCC)C(=O)N(CCCC)C1=S,CCCCCC,470.0
1489,O=C1OC(c2ccccc2)=N/C1=C\c1ccc(N(c2ccc(/C=C3\N=C(c4ccccc4)OC3=O)cc2)c2ccc(/C=C3/N=C(c4ccccc4)OC3=O)cc2)cc1,CS(C)=O,506.0
104,Cc1cc(O)c(C(=O)/C=C/c2ccccc2O)c(=O)o1,ClCCl,360.0
9051,CCn1c2ccccc2c2cc(/C=C3\C(=O)c4ccccc4S3(=O)=O)ccc21,C1CCOC1,446.0
1794,Cc1cc(C)c(C2=C3C=C(/C=C/C(=O)OCc4ccccc4)C=[N+]3[B-](F)(F)n3cccc32)c(C)c1,ClCCl,537.0
5386,COc1cc(N(c2ccccc2)c2ccccc2)ccc1C=C(C#N)C#N,C1COCCO1,436.0
1821,COC(=O)c1ccc2c3ccc(C(=O)OC)c4c(C(=O)OC)ccc(c5ccc(C(=O)OC)c1c25)c43,CN(C)C=O,468.0
2386,O=C1OC(=O)c2ccc(N(c3ccccc3)c3ccc4ccccc4c3)c3cccc1c23,C1CCOC1,455.0
6311,CC1=[N+]2C(=C(c3cccs3)c3ccc(C)n3[B-]2(F)F)C=C1c1cc2n(c1)[B-](F)(F)[N+]1=CC=CC1=C2c1c(C)cc(C)cc1C,CCOC(C)=O,605.0
11583,CCCCOc1c(C=C2N(C)c3ccccc3C2(C)C)c(=O)c1=S,CCO,500.0
4170,COc1ccc(-c2c3nc(cc4ccc([nH]4)c(-c4ccc(OC)c(OCC(=O)O)c4)c4nc(cc5ccc2[nH]5)C=C4)C=C3)cc1OCC(=O)O,CS(C)=O,633.0
1741,c1ccc(-c2c3ccccc3c(-c3ncccn3)c3ccccc23)cc1,ClCCl,393.0
1658,CN(C)c1ccc(/C=C/c2cc[n+](CCCOCC(COCCC[n+]3ccc(/C=C/c4ccc(N(C)C)cc4)cc3)(COCCC[n+]3ccc(/C=C/c4ccc(N(C)C)cc4)cc3)COCCC[n+]3ccc(/C=C/c4ccc(N(C)C)cc4)cc3)cc2)cc1,CCO,484.0
212,CCC1=C(C)C2=Cc3cc(I)c(I)n3[B-](F)(F)[N+]2=C1C,CC(C)=O,524.5
8008,CN(C)c1ccc(C2=Nc3sc4ccccc4[n+]3[B-](F)(F)O2)cc1,ClCCl,425.0
10414,CC(C)(C)c1ccc(-c2c(-c3ccc(-n4c5ccccc5c5ccccc54)cc3)cc(-c3ccc(-n4c5ccccc5c5ccccc54)cc3)c(-c3ccc(C(C)(C)C)cc3)c2-c2ccc(C(C)(C)C)cc2)cc1,C1CCOC1,341.0
5838,CC[n+]1ccc(/C=C/c2ccc3ccc4cccc5ccc2c3c45)cc1,CC#N,438.0
3058,c1ccc2c(c1)c1ccccc1n2-c1ccc(-c2ccc(-c3ccc(-n4c5ccccc5c5ccccc54)nc3-n3c4ccccc4c4ccccc43)nn2)c(-n2c3ccccc3c3ccccc32)n1,Cc1ccccc1,348.0
323,CCC1=C(C)C2=C(C)c3c(I)c(I)c(I)n3[B-](F)(F)[N+]2=C1C,CC(C)=O,517.5
11131,COCCOCCOCCOc1cc(C=O)c(OCCOCCOCCOC)cc1C=O,CCCCO,378.0
1097,COc1c2ccccc2c(OC)c2c1c1c(F)cccc1n2C,ClCCl,406.0
10424,N#Cc1cc(-n2c3ccccc3c3ccccc32)c(-n2c3ccccc3c3ccccc32)cc1C#N,ClCCl,364.0
1359,O=C(/C=C/c1ccc(O)c(O)c1)O[C@H](Cc1ccc(O)c(O)c1)C(=O)O,ClCCl,324.0
334,CCC1=C(C)C2=C(C)c3cc(I)c(I)n3[B-](F)(F)[N+]2=C1C,C1CCCCC1,532.0
4985,Cc1c2ccc3c(C)[n+](C)ccc3c2cc[n+]1C,CC#N,390.0
3110,COc1cc(/C=C/c2nc3ccccc3o2)c(OC)cc1/C=C/c1nc(C)nc(/C=C/c2cc(OC)c(/C=C/c3nc4ccccc4o3)cc2OC)n1,CC#N,431.0
3860,CCOC(=O)COc1ccc(/C=C/c2cc(C)c3n2[B-](F)(F)[N+]2=C(c4[nH]c(C)cc4C)c4ccccc4C2=C3)cc1,Cc1ccccc1,678.0
1613,CCC(CC)COC1=CC2=C3c4cc(OCC(CC)CC)c(-c5ccccc5)n4[B-](F)(F)[n+]4nnn(c43)[B-](F)(F)[N+]2=C1c1ccccc1,ClCCl,700.0
9993,CC/[NH+]=c1\cc2oc3cc(NCCC(=O)NC(C(=O)OC)C(C)C)c4ccccc4c3nc-2cc1C,CCO,590.0
792,CCOC(=O)C1c2cc(OC)c(OC)cc2C(=O)N1c1ccc(OC)c(OC)c1,ClCCl,303.0
233,C#CCNC1=C2C(C)=CC(C)=[N+]2[B-](F)(F)n2c(C)cc(C)c21,C1CCCCC1,468.5
5497,CCC1=C(C)C2=C(C)c3c(C)c(-c4csc(N5CCOCC5)n4)c(C)n3[B-](F)(F)[N+]2=C1C,CCO,516.0
5013,Cn1c(=O)c2c(ncn2C)n(C)c1=O,O,258.0
8860,O=c1cc(COc2ccc(I)cc2)c2c(ccc3ccccc32)o1,C1COCCO1,348.0
209,CCC1=C(C)C2=Cc3c(I)c(I)cn3[B-](F)(F)[N+]2=C1C,CO,513.0
10764,CCC(=O)c1ccc2cc(N(C)C)ccc2c1,CCCCCC,338.0
7945,COc1ccc2c(-c3nc(-c4ccccc4)no3)cc(=O)oc2c1,CCO,344.0
5304,CCCCCCCCOc1cc(/C=C/c2cc(OCCCCCCCC)c(/C=C/c3cc(OCCCCCCCC)c(/C=C/c4cc[n+](Cc5ccc(C)cc5)cc4)cc3OCCCCCCCC)cc2OCCCCCCCC)c(OCCCCCCCC)cc1/C=C/c1cc[n+](Cc2ccc(C)cc2)cc1,ClCCl,535.0
7012,CC[N+]1=C(/C=C/c2c(C)nn3c(-c4ccc(OC)cc4)ccnc23)C(C)(C)c2ccccc21,ClCCl,484.0
8710,Oc1ccccc1/C=N/c1ccc(Cn2cncn2)cc1,CCCCO,292.0049057
3570,O=C1Nc2ccccc2/C1=C/C(=O)c1ccc([N+](=O)[O-])cc1,CCOC(C)=O,342.0
11462,CN(C)c1ccc(/C=C/C=C/c2nc3ccccc3s2)cc1,CO,422.0
2413,O=P1(c2ccccc2)c2ccc(N3c4ccccc4Oc4ccccc43)cc2-c2cc(N3c4ccccc4Oc4ccccc43)ccc21,Cc1ccccc1,405.0
8492,C(=C/c1ccc(N(c2ccc(/C=C/c3ccc(-c4cc(-c5ccccc5)nc(-c5ccccc5)c4)cc3)cc2)c2ccc(/C=C/c3ccc(-c4cc(-c5ccccc5)nc(-c5ccccc5)c4)cc3)cc2)cc1)\c1ccc(-c2cc(-c3ccccc3)nc(-c3ccccc3)c2)cc1,Cc1ccccc1,410.0
10739,C[Si](C)(C)c1cccc2ccccc12,C1CCCCC1,294.0
4742,C=CCOc1nnc(OCCC(F)(F)C(F)(F)C(F)(F)C(F)(F)C(F)(F)C(F)(F)F)nn1,ClCCl,526.0
10577,Nc1ccc2c(C(F)(F)F)cc(=O)oc2c1,CCOC(C)=O,368.0
11113,COCCOCCOCCOCCOc1cc(C=O)c(OCCOCCOCCOCCOC)cc1C=O,CCO,364.0
871,COc1cc2c(cc1/C=C/C1=CC(=C(C#N)C#N)CC(C)(C)C1)c1ccccc1n2C,CCOC(C)=O,462.0
3429,C[N+]1=C(/C=C/C=C2/N(CCCS(=O)(=O)[O-])c3ccccc3C2(C)C)C(C)(C)c2ccccc21,CS(C)=O,553.0
1263,CC/C=C\C=C\C=C\C=C/CCCCCCCC(=O)O,c1ccccc1,325.3
1618,BrC1=CN2C[n+]3cc(Br)ccc3N=C2C=C1,CO,434.0
10192,COc1ccc2c3c(c4ccc(OC)cc4c2c1)C(C)(C)c1cc(-c2ccccc2)ccc1-3,C1CCCCC1,389.0
9530,CCCCCCOc1ccc(C#Cc2ccc(C#Cc3ccc(OCCCCCC)c(OCCCCCC)c3)c3nsnc23)cc1OCCCCCC,Cc1ccccc1,448.0
10397,Cn1cccc1-c1ccc(C#N)cc1,CCCCCC,317.0
10631,COc1cccc(C2=c3c(c4ccc(C(C)(C)C)cc4c4cc(C(C)(C)C)ccc34)=[N+]3C2=C(c2ccccc2)c2c(-c4cccc(OC)c4)c4c5ccc(C(C)(C)C)cc5c5cc(C(C)(C)C)ccc5c4n2[B-]3(F)F)c1,Cc1ccccc1,682.0
7110,COC(=O)C(Cc1ccc2oc(-c3ccc(N(C)c4ccccc4)cc3)nc2c1)NC(=O)OC(C)(C)C,CC(C)=O,348.894006
7864,CCN1/C(=C\C=C\C=C\C2=[N+](CC)c3ccc4cc(Br)ccc4c3C2(C)C)C(C)(C)c2c1ccc1cc(Br)ccc21,CC(C)=O,682.0
1220,CCCCNC(=O)c1nc2c(N(C)C)nc(N(C)C)nc2n1Cc1ccccc1,CO,335.0
3431,CCCCN1/C(=C/C=C/C2=[N+](C)c3ccccc3C2(C)C)C(C)(C)c2cc(OC)ccc21,CS(C)=O,566.0
1765,CN(C)c1ccc(/C=C2\CC/C(=C\c3ccc(C#N)cc3)C2=O)cc1,c1ccncc1,467.0
11150,COCCOCCOc1cc(C=O)c(OCCOCCOC)cc1C=O,CC(C)CO,393.0
2456,COc1ccc(-c2nc(N)nc(C#N)c2C#N)cc1OC,CC#N,359.0
9694,CC1(C)c2ccccc2-c2ccc(N(c3ccc(-c4ccccc4)cc3)c3ccc(-c4cc5ccccc5c5c4oc4ccccc45)cc3)cc21,C1CCOC1,359.0
7655,CCN1c2ccc(/C=N/Nc3ccccn3)cc2Sc2cc(/C=N/Nc3ccccn3)ccc21,CS(C)=O,398.0
2001,Cc1ccc2c(c1)B(c1c(C(C)C)cc(C(C)C)cc1C(C)C)c1cc(C)cc3c1N2c1ccc(C)cc1B3c1c(C(C)C)cc(C(C)C)cc1C(C)C,ClCCl,457.0
1513,N#Cc1nc(N(Cc2ccc(I)cc2)Cc2ccc(I)cc2)c(C#N)nc1N(Cc1ccc(I)cc1)Cc1ccc(I)cc1,ClC(Cl)Cl,484.0
10626,C[Si]1(C)O[Si](C)(C)c2cc3nc4ccccc4c(-c4ccccc4)c3cc2[Si](C)(C)O1,ClCCl,368.0
2801,c1ccc(N(c2ccccc2)c2cc3c4c(c2)N(c2ccccc2)c2cc5c(cc2B4c2ccccc2N3c2ccccc2)B2c3ccccc3N(c3ccccc3)c3cc(N(c4ccccc4)c4ccccc4)cc(c32)N5c2ccccc2)cc1,Cc1ccccc1,457.0
5664,COc1ccc2c(=O)c3c([nH]c2c1)-c1ccccc1NC3(C)C,C1CCOC1,404.0
6650,OCC1O[C@@H](Cc2cc(O)cc(/C=C/c3ccc(O)c(O)c3)c2)[C@H](O)[C@@H](O)[C@@H]1O,CCCO,320.0
2523,COc1ccc(N(c2ccc(OC)cc2)c2ccc3c(c2)C2(c4cc(N(c5ccc(OC)cc5)c5ccc(OC)cc5)ccc4C=C3)c3ccccc3-c3ccccc32)cc1,ClCCl,414.0
4080,c1ccc(-c2nc(-c3ccccc3)nc(-c3ccc(-n4c5ccccc5c5ccccc54)cc3)n2)cc1,Cc1ccccc1,364.0
5790,C(=C/c1cc(/C=C/c2ccc(-n3c4ccccc4c4ccccc43)cc2)cc(/C=C/c2ccc(-n3c4ccccc4c4ccccc43)cc2)c1)\c1ccc(-n2c3ccccc3c3ccccc32)cc1,Cc1ccccc1,345.0
9070,Fc1ccc(-c2nc3n(c2-c2ccncc2)CCS3)cc1,CC(C)(C)O,329.5
7553,BrC1=CN2C[n+]3cc(Br)c4ccccc4c3N=C2c2ccccc21,CO,457.0
6975,CC(C)[Si](C#Cc1c2nsnc2c(C#C[Si](C(C)C)(C(C)C)C(C)C)c2nc3c(ccc4cc5ccccc5cc43)nc12)(C(C)C)C(C)C,CCCCCC,579.0
8750,CC[N+]1(CC)CN2C(=N1)C(C(=O)O)=Cc1ccc(Cl)cc12,O,367.0
3078,CNC(=O)[C@H](C)NC(=O)c1cccc2c1C#Cc1c(NC(=O)[C@@H](NC(C)=O)C(C)C)cccc1OCCCO2,ClCCl,336.0
9854,CN(C)c1ccc(C(=Cc2ccc(/C=C/c3ccc(C#N)cc3)cc2)c2ccc(N(C)C)cc2)cc1,C1CCOC1,415.0
5003,CCCCN(CCCC)c1ccc2nc3c4ccccc4c(=O)cc-3oc2c1,ClCCl,543.0
7624,COc1ccc(N(c2ccc(OC)cc2)c2ccc(-c3ccc(-c4ccc(-c5ccc(-c6ccc(N(c7ccc(OC)cc7)c7ccc(OC)cc7)cc6)s5)c5nsnc45)s3)cc2)cc1,ClC(Cl)Cl,545.0
4012,CN(C)c1ccc(-c2cc(-c3cccs3)nc(-c3ccccc3)n2)cc1,ClC(Cl)Cl,371.0
10162,CC(C)(C)c1ccc2c(c1)c1cc(C(C)(C)C)ccc1n2-c1ccc(C#Cc2ccccc2)cc1,ClCCl,334.0
2110,Fc1ccc(N(c2ccc(F)cc2)c2ccc3c4cccc5c(N(c6ccc(F)cc6)c6ccc(F)cc6)ccc(c6cccc2c63)c54)cc1,Cc1ccccc1,493.0
6429,Cc1ccc(/N=C2\N=C(N)c3cccc4cccc2c34)cc1,ClCCl,349.0
2375,CN(C)c1ccc(/C=C/C=C2\CC/C(=C\c3ccc(N(C)C)cc3)C2=O)cc1,CO,500.0
11473,c1ccc2sc(-c3ccc(-c4nnc(-c5ccc(-c6nnc(-c7ccc(-c8cc9ccccc9s8)s7)o6)cc5)o4)s3)cc2c1,CCCCCCCCO,345.0
11433,CCOC(=O)CN1C(=O)C2=C(c3ccc(C#N)cc3)N(CC(=O)OCC)C(=O)C2=C1c1ccc(C#N)cc1,CS(C)=O,480.0
3703,CC(C)(C)c1ccc2c(c1)c1cc(C(C)(C)C)ccc1n2-c1ccc(C#Cc2ccc(C#Cc3ccc(-n4c5ccc(C(C)(C)C)cc5c5cc(C(C)(C)C)ccc54)cc3)cc2)cc1,ClC(Cl)Cl,356.0
4123,N#C/C(=C\c1cc(/C=C(\C#N)c2ccc(C(F)(F)F)cc2)c(-c2ccc(N(c3ccccc3)c3ccccc3)cc2)cc1-c1ccc(N(c2ccccc2)c2ccccc2)cc1)c1ccc(C(F)(F)F)cc1,CCOC(C)=O,397.0
11552,CC(=O)c1ccc(-c2cnc3nn4ccccc4c3n2)cc1,C1CCOC1,400.0
3668,CC(C)[Si]1(C(C)C)c2cc(C#N)ccc2-c2ccc(N(C)C)cc21,ClCCl,368.0
10004,CC/[NH+]=c1\cc2oc3cc(NCCN)c4ccccc4c3nc-2cc1C,CCO,590.0
6758,CC1(C)CC(=O)C2=C(C1)Oc1ccc3cc(O)ccc3c1C2c1ccccn1,CO,349.0
3522,Cc1ccc(C(=O)/C=C2\C(=O)Nc3ccccc32)cc1C,C1COCCO1,335.0
617,Cc1cc(C)c(C2=[N+]3C(=Cc4c(C)cc(C)n4[B-]3(F)F)c3ccccc32)[nH]1,CC#N,601.0
4397,c1ccc(N(c2ccccc2)c2ccc(-c3ccc4c(c3)C3(c5cc(-c6ccc(N(c7ccccc7)c7ccccc7)cc6)ccc5S4)c4ccccc4-c4ccccc43)cc2)cc1,ClCCl,356.0
5157,CCN1/C(=C\C2=C([O-])/C(=C/C3=[N+](CC)c4c(ccc5ccc(C)nc45)C3(C)C)C2=O)C(C)(C)c2ccc3ccc(C)nc3c21,ClC(Cl)Cl,678.0
11540,CN(C)c1ccc(/C=C/C=N/N=C/c2ccc3ccc4cccc5ccc2c3c45)cc1,ClC(Cl)Cl,433.0
7988,CN(C)c1ccc(C2=Nc3sc4c(F)c(F)c(F)c(F)c4[n+]3[B-](F)(F)O2)cc1,ClCCl,433.0
8303,Cc1ccc(C(=O)/C=C/c2ccc(N(C)C)cc2)cc1,CC(=O)O,427.0
2652,CC1(C)CC(NCc2ccc3ccc4cccc5ccc2c3c45)CC(C)(C)N1,CO,374.0
9513,CCCCN1C(=O)C(=C/C=C/C=C/C=C2N(CCCC)c3ccccc3N2CCCC)C(=O)N(CCCC)C1=S,OCC(F)(F)F,464.0
10337,Nc1ccc2cc(-c3ccc(C(F)(F)F)cc3)oc(=O)c2c1,CCCCCC,335.0
745,CC(=O)c1ccc(-c2cnc3nn4ccccc4c3c2)cc1,C1CCOC1,386.0
11575,N#Cc1ccc(C#Cc2ccc3ccc4ccc(C#Cc5ccc(C#N)cc5)c5ccc2c3c45)cc1,CCCCCC,412.0
2004,OC1(c2ccc(-c3cccs3)s2)CCCCC1,c1ccncc1,315.0
7197,F[B-]1(F)n2c(c3cccc4cccc2c43)=Nc2ccc3ccccc3[n+]21,ClCCl,455.0
9260,COc1ccccc1-c1nc2c3cccnc3c3ncccc3c2n1-c1ccccc1,Cc1ccccc1,363.0
11290,N#Cc1cccc(N)c1C#N,CC#N,349.0
3047,CCN(CC)c1ccc2cc(/C=C(\C#N)c3nc4ccccc4o3)c(=O)oc2c1,CCO,516.0
11789,N#Cc1ccc2nc3[nH]c(=O)[nH]c(=O)c3nc2c1,ClCCCl,387.0
10464,C1=CB2C=Cc3ccccc3N2C=C1,ClCCl,310.0
1336,Cc1ccc2occ(CC(=O)NN)c2c1,CN(C)C=O,313.0
8128,COc1ccc(C#Cc2c3ccccc3c3n2[B-](F)(F)[N+]2=C(C)C=C(C)C2=C3)cc1,CCOC(C)=O,610.0
4975,c1ccc(-c2nn(-c3ccccc3)c3nc4ccc(N(c5ccccc5)c5cccc6ccccc56)cc4cc23)cc1,C1CCOC1,447.0272687
7966,CC1=[N+]2C(=C(c3ccc(N(c4ccccc4)c4ccccc4)cc3)c3ccc(C)n3[B-]2(F)F)C=C1c1cc2n(c1)[B-](F)(F)[N+]1=CC=CC1=C2c1c(C)cc(C)cc1C,CCOC(C)=O,596.0
9210,CCN(CC)c1ccc(-c2nc3c(c4c2-c2ccccc2CC4)-c2ccccc2CC3)cc1,C1CCOC1,357.0
9488,O=C1/C(=C2\Sc3ccc(S(=O)(=O)O)cc3C2=O)Sc2ccc(S(=O)(=O)O)cc21,C1COCCO1,530.0
4608,FC(F)(F)c1ccc(/C=C/c2ccc(-c3nnc(-c4ccc(-c5cc6ccccc6s5)cc4)o3)cc2)cc1,CC#N,333.0
3285,C(=C/c1ncnc2ccccc12)\c1ccc(-c2ccc(N(c3ccccc3)c3ccccc3)cc2)cc1,ClCCl,402.0
7369,Cc1ccc(C2=C3C=C(I)C=[N+]3[B-](F)(F)n3c2cc(I)c3I)cc1,CCO,559.0
6790,N#Cc1coc2ccccc2c1=O,CCCCO,355.0
8317,COc1ccc(/C=C/C(=O)c2ccccc2O)cc1OC,CCCO,360.0
1313,CN(C)c1ccc(-c2c(/C=C3/C=Cc4ccccc4N3Cc3ccccc3)c(=O)c2=O)cc1,C1CCCCC1,358.0
4374,N=c1oc2ccccc2cc1-c1ccc([N+](=O)[O-])cc1,C1CCOC1,355.0
11459,CN(C)c1ccc(/C=C/C=C/c2nc3ccccc3s2)cc1,CCCO,423.0
4029,C(=C/c1ccnc2ccccc12)\c1c2ccccc2cc2ccccc12,CC#N,387.0
2903,O=CC1=C(c2ccc(-c3cccs3)s2)CCC1,CCCCCC,366.0
8538,CCn1c2ccccc2c2cc(C#Cc3cc(C#Cc4ccc5c(c4)c4ccccc4n5CC)nc(C#N)n3)ccc21,C1CCOC1,410.0
6830,CN(C)c1ccc(/C=C/c2ccc(C#N)cc2)cc1,CCCCCC,378.0
3333,COC(=O)c1ccc(NC(=O)c2ccc(N(C)C)cc2)cc1,C1CCOC1,324.0
9481,COc1ccc(/C=C/c2ncc(-c3ccccc3)o2)cc1OC,ClCCl,355.0
4830,COc1ccc(C2=[N+]3C(=C(c4ccc(C#N)cc4)c4cc(Cl)c(-c5ccc(OC)cc5)n4[B-]3(F)F)C=C2Cl)cc1,C1CCOC1,597.0
4262,Cc1cc(C)n2c1C=C1c3ccccc3C(c3[nH]c4ccccc4c3C)=[N+]1[B-]2(F)F,CC#N,596.0
3053,CCC(C)(C)c1ccc2c(c1)C(CC)(CC)c1cc(-c3ccc4c(c3)C(CC)(CC)c3cc(C(C)(C)CC)ccc3-4)ccc1-2,C1CCCCC1,331.0
9116,O=C(O)c1cc2c(ccc3ccccc32)oc1=O,C1COCCO1,372.0
976,CCC1=C(C)C(=O)n2c1cc1[nH]c(C(=O)OC(C)(C)C)c(C)c1c2=O,CS(C)=O,397.0
5689,CCCCC[n+]1ccc(/C=C/c2ccc(N(C)C)c3ccccc23)c2ccccc21,C1COCCO1,495.0
5778,c1ccc2c(c1)[nH]c1cccnc12,Cc1ccccc1,338.0
653,Cc1ccc(C2=[N+]3C(=Cc4c(C)cc(C)n4[B-]3(F)F)c3ccccc32)[nH]1,Cc1ccccc1,612.0
11357,Cc1ccc(C2=C3C=CC(Sc4ccccc4)=[N+]3[B-](F)(F)n3c(Sc4ccccc4)ccc32)cc1,C1CCOC1,577.0
2269,CC1CC=C(c2ccc(-c3cccs3)s2)CC1,CCCCCC,341.0
5176,CN(C)c1ccc(-c2nc3cnccc3[nH]2)cc1,CCOC(C)=O,332.0
10345,COc1ccc2cc(-c3ccc(C(F)(F)F)cc3)oc(=O)c2c1,CCOC(C)=O,326.0
4480,CCCCN(CCCC)c1ccc(C#Cc2cc(C#Cc3ccc(N(CCCC)CCCC)cc3)c(C#Cc3cc(C(F)(F)F)cc(C(F)(F)F)c3)cc2C#Cc2cc(C(F)(F)F)cc(C(F)(F)F)c2)cc1,ClCCl,433.0
9173,COc1ccc(C2=[N+]3C(=Nc4c(-c5cc(OC)c(OC)c(OC)c5Br)c(-c5ccc(C(C)(C)C)cc5)c(-c5ccc(OC)cc5)n4[B-]3(F)F)C(c3cc(OC)c(OC)c(OC)c3Br)=C2c2ccc(C(C)(C)C)cc2)cc1,Cc1ccccc1,706.0
11324,CCN(CC)c1ccc(OC)c(C=O)c1,CCOC(C)=O,406.0
11802,Cc1cccc2nc3c(=O)[nH]c(=O)[nH]c3nc12,CO,382.0
5340,CCCCCCCCCCCCOc1cc(/C=C/c2ccc3c(c2)C(CC)(CC)c2cc(N4c5ccccc5Sc5ccccc54)ccc2-3)c(OCCCCCCCCCCCC)cc1/C=C/c1ccc2c(c1)C(CC)(CC)c1cc(N3c4ccccc4Sc4ccccc43)ccc1-2,CCCCCC,436.3793103
7284,CCCSC1=[N+]2C(=C(c3ccccc3)c3ccc(SCCC)n3[B-]2(F)F)C=C1,CCCCCC,577.0
9420,Oc1ccc2ncccc2c1,Cc1ccccc1,332.0
11087,O=Cc1cc(O)ccc1O,NC=O,363.0
611,F[B-]1(F)n2cccc2C=C2c3ccccc3C(c3ccc[nH]3)=[N+]21,CC#N,561.0
10495,COc1cc(-c2nnc(-c3ccc4ccc5cccc6ccc3c4c56)o2)cc(OC)c1OC,CC#N,391.0
2114,N#Cc1ccc(N(c2ccc(C#N)cc2)c2ccc3c4cccc5c(N(c6ccc(C#N)cc6)c6ccc(C#N)cc6)ccc(c6cccc2c63)c54)cc1,CC#N,446.0
5829,CCN1c2ccc(-c3cc(-c4ccccc4)[nH]n3)cc2Sc2cc(-c3cc(-c4ccccc4)[nH]n3)ccc21,c1ccccc1,338.0
4515,CN(C)c1ccc(/C=C/c2cc[n+](CCCCCCCCCCCC[n+]3ccc(/C=C/c4ccc(N(C)C)cc4)cc3)cc2)cc1,CN(C)C=O,473.0010974
5768,CCN(CC)c1ccc2cc(-c3nc4c5ccccc5c5ccccc5c4n3-c3ccc(C(C)(C)C)cc3)c(=O)oc2c1,ClCCl,410.0
7265,COC1=[N+]2C(=C(c3ccccc3)c3ccc(OC)n3[B-]2(F)F)C=C1,ClCCl,515.0
3166,c1ccc(-c2nc(-c3ccc(-c4ccc(N(c5ccccc5)c5ccccc5)cc4)cn3)oc2-c2ccccc2)cc1,CCCCOCCCC,353.0
2602,Cn1c(=O)cc(C(=O)c2ccccc2)c2sc(-c3ccc(N(c4ccccc4)c4ccccc4)cc3)cc21,CC#N,430.0
6536,O=C(O)COc1cccc(-c2c3nc(cc4ccc([nH]4)c(-c4cccc(OCC(=O)O)c4)c4nc(cc5ccc2[nH]5)CC4)CC3)c1,CS(C)=O,736.0
511,COc1cccc(C2=CC3=C(c4c(C)cc(C)cc4C)c4cc(-c5cccc(OC)c5)c(-c5cccc(OC)c5)n4[B-](F)(F)[N+]3=C2c2cccc(OC)c2)c1,C1CCCCC1,596.0
8265,COC(=O)[C@H](Cc1ccc2oc3c(c2c1)=CC1=C(c2ccc(OC)cc2)c2cc4c5cc(C[C@H](NC(=O)OC(C)(C)C)C(=O)OC)ccc5oc4n2[B-](F)(F)[N+]=31)NC(=O)OC(C)(C)C,C1CCCCC1,586.5
6110,N#Cc1c[nH]c2ccccc12,C1COCCO1,277.3006135
3015,c1ccc(-c2nc(-c3ccc(-c4ccc(-n5c6ccccc6c6ccccc65)cc4)cn3)oc2-c2ccccc2)cc1,CCN(CC)CC,333.0
4156,CCCCCCCCCCn1nnc(-c2ccc(C#Cc3ccc(C#Cc4ccc(-c5nnn(CCCCCCCCCC)n5)cc4)c4nc5c6ccccc6c6ccccc6c5nc34)cc2)n1,Cc1ccccc1,428.0
8332,c1ccc(-c2cc(-c3ccc(N(c4ccccc4)c4ccccc4)cc3)cc(-c3ccccc3)n2)cc1,ClCCl,360.0
5502,CCC1=C(C)C2=C(C)c3c(C)c(-c4csc(N5CCOCC5)n4)c(C)n3[B-](F)(F)[N+]2=C1C,Cc1ccccc1,527.0
8816,Clc1ccccc1-c1nc2sc3ccccc3c2s1,CS(C)=O,347.0
9450,CC(C)(C)c1ccc2c(c1)c1cc(C(C)(C)C)ccc1n2-c1cccc(-c2nc(-c3cccc(-n4c5ccc(C(C)(C)C)cc5c5cc(C(C)(C)C)ccc54)c3)nc(-c3cccc(P(=O)(c4ccccc4)c4ccccc4)c3)n2)c1,CN(C)C=O,344.3632568
520,COc1cc(C2=CC3=C(c4c(C)cc(C)cc4C)c4cc(-c5cc(OC)c(OC)c(OC)c5)c(-c5cc(OC)c(OC)c(OC)c5)n4[B-](F)(F)[N+]3=C2c2cc(OC)c(OC)c(OC)c2)cc(OC)c1OC,Cc1ccccc1,629.0
8323,COc1ccc(/C=C/C(=O)c2ccccc2O)cc1OC,ClCCl,353.0
4484,CCCCC(CC)CN1C(=O)c2cccc3c(C#Cc4ccc(N(c5ccc(C#Cc6ccc7c8c(cccc68)C(=O)N(CC(CC)CCCC)C7=O)cc5)c5ccc(C#Cc6ccc7c8c(cccc68)C(=O)N(CC(CC)CCCC)C7=O)cc5)cc4)ccc(c23)C1=O,C1CCCCC1,444.0
6739,N#C/C(=C\c1ccc([N+](=O)[O-])cc1)c1nc(-c2ccccc2)cs1,CC#N,382.0
8387,CC1=N/C(=C\c2ccccc2N(C)C)C(=O)N1C,C1CCCCC1,395.0
7652,O=c1[nH]c(=O)n([C@@H]2O[C@H](CO)[C@@H](O)[C@H]2O)cc1-c1cc2ccccc2s1,CO,321.0
7366,CC1=CC(C)=[N+]2C1=C(c1ccc(N(C)C)cc1)c1c(C)cc(C)n1[B-]2(F)F,CC(C)=O,496.0
9619,C(=C/c1ccc(/C=C/c2cccs2)s1)\c1cccs1,CC#N,423.0
9877,C(=C/c1cccnc1)\c1ccc(N(c2ccccc2)c2ccccc2)cc1,CC#N,367.0
11706,COc1cc(/C=C/c2cc[n+](Cc3ccc(Br)cc3)cc2)ccc1O,CCCO,426.0
8157,Cc1ccc(C2=C3C=CC(C#Cc4ccccc4)=[N+]3[B-](F)(F)n3c(C#Cc4ccccc4)ccc32)cc1,ClC(Cl)Cl,614.0
9567,COc1ccc(N(c2ccc(OC)cc2)c2ccc(-c3ccc(-c4ccc(-c5cccs5)c5nsnc45)s3)cc2)cc1,ClC(Cl)Cl,510.0
1109,COc1c2ccccc2c(OC)c2c1c1cc(F)ccc1n2C,ClCCl,419.0
8784,O=C1/C(=C/C=C/c2cc3c4c(c2)CCCN4CCC3)CC/C1=C\C=C\c1cc2c3c(c1)CCCN3CCC2,CC(C)O,535.0
7111,COC(=O)C(Cc1ccc2oc(-c3ccc(N(C)c4ccccc4)cc3)nc2c1)NC(=O)OC(C)(C)C,CC(C)CO,350.2995061
1038,c1ccc2c(c1)c1ccccc1c1ccccc21,ClCCl,286.0
8349,C#CCN1C(=O)/C(=C/c2cc(OC(C)C)ccc2OC(C)C)N=C1C,CCCCCC,392.0
20,Oc1ccccc1/N=C/c1ccccc1Oc1ccccc1,CCCCCC,367.0
7558,CC(C)(C)c1cc2ccc3cc(C(C)(C)C)cc4c3c2c(c1)c(=O)n1c4nc2c3ccccc3c3ccccc3c21,c1ccccc1,369.0
4147,Cc1cc(C)c(B2c3cc(C(C)(C)C)ccc3-c3cc4ccccc4c4cc(C(C)(C)C)cc2c34)c(C)c1,C1CCCCC1,408.0
5872,Cn1c(=O)c(/N=N/c2ccc(Nc3ccc([N+](=O)[O-])cc3S(=O)(=O)O)cc2)c(O)c2ccccc21,CC(C)=O,483.0
6248,CN1C(C(=O)Nc2ccccn2)=C(O)c2ccccc2S1(=O)=O,CCO,331.0
4609,FC(F)(F)c1ccc(/C=C/c2ccc(-c3nnc(-c4ccc(-c5cc6ccccc6s5)cc4)o3)cc2)cc1,CC(C)=O,342.0
934,CN1/C(=C/C=C(/C=C/c2sc3ccccc3[n+]2C)c2ccc(F)cc2)Sc2ccccc21,CCO,648.0
9455,COc1ccc2c(c1)N(c1ccccc1-c1ccccc1)c1cc3c(cc1=N2)Oc1c(cc(C(C)(C)C)cc1C(C)(C)C)N=3,CC#N,532.0
7277,COc1ccc2n1[B-](F)(F)[N+]1=CC=CC1=C2c1ccccc1,ClCCl,499.0
9599,CCCCn1c2ccc3ccc4ccccc4c3c2c2c3c(ccc4ccccc43)ccc21,ClCCl,337.0
394,Cc1ccc(O)c(-c2[nH]c(=O)n3c2-c2ccccc2C3=O)c1,CO,399.0
5914,O=C(N/N=C/c1ccccc1O)c1ccccc1O,CCO,400.0
1737,COc1cccc(-n2c(-c3ccc(O)cc3)nc(C)c2C)c1,CO,287.0
2165,CCCCCCOc1cc(/C=C/c2cc(OCCCCCC)c(/C=C/c3cc(OCCCCCC)c(C=C4C(=C(C#N)C#N)c5ccccc5C4=C(C#N)C#N)cc3OCCCCCC)cc2OCCCCCC)c(OCCCCCC)cc1C=C1C(=C(C#N)C#N)c2ccccc2C1=C(C#N)C#N,ClCCl,640.0
561,CCN(CC)c1ccc(/C=N/C(C#N)=C(C#N)/N=C/c2ccc(N(CC)CC)cc2O)c(O)c1,CN(C)C=O,571.0
3069,C[Si]1(C)c2cc3c(cc2-c2sc4ccccc4c21)[Si](C)(C)c1c-3sc2ccccc12,C1CCOC1,409.0
11095,CCOC(=O)c1cccc(N)c1,CCCCCC,315.0485437
10891,COc1ccc(-c2nc3c([nH]2)=C2C=C(Cl)S[C@@]2(C)[C@]2(C)SC(Cl)=CC=32)cc1,CC#N,295.0
9380,O=c1c2ccccc2nc2n1[B-](F)(F)[n+]1ccccc1-2,ClCCl,353.0
1162,F[B-]1(F)OC(c2ccc3c(c2)Cc2ccccc2-3)=CC(c2ccccc2)=[O+]1,CC#N,412.0
6422,Cc1ccc(C2=C3C=CC(Oc4ccccc4)=[N+]3[B-](F)(F)n3c(Oc4ccccc4)ccc32)cc1,C1CCOC1,516.0
4328,Nc1ccc2c(c1)Cc1ccccc1-2,CC#N,325.0
1729,COc1cccc(-n2c(-c3ccccc3)nc(C)c2C)c1,c1ccccc1,284.0
1527,O=C1/C(=C\c2ccc(N(c3ccccc3)c3ccccc3)cc2)S(=O)(=O)c2ccccc21,CC(C)=O,472.0
4838,CC(C)[Si](C#Cc1ccc(C#C[Si](C(C)C)(C(C)C)C(C)C)c2nc3c(nc12)C1c2ccccc2C3c2ccccc21)(C(C)C)C(C)C,CCCCCC,349.0
842,CCN(CC)c1ccc2cc(C#N)/c(=N\C(C)=O)oc2c1,CCO,422.0
2930,C=Cc1ccc(-c2ccc(-c3nnc(-c4ccc(-c5nnc(-c6ccc(-c7ccc(C=C)cc7)s6)o5)cc4)o3)s2)cc1,C1COCCO1,342.0
6735,N#C/C(=C\c1ccc(C#N)cc1)c1nc(-c2ccccc2)cs1,Cc1ccccc1,380.0
58,Oc1ccc(/N=C/c2ccccc2Oc2ccccc2)cc1,CCCCC,341.0
5147,S=P1(c2ccccc2)c2cccc3ccc4ccc1n4c23,ClCCl,407.0
2865,Oc1ccc(Nc2ccc3ccccc3n2)cc1,CCO,361.0
10588,CCNc1ccc2c(C(F)(F)F)cc(=O)oc2c1,CCCCCC,360.0
9043,CCCn1c2cccc3oc4cccc5c4[c+](c32)c2c1cccc2n5CCC,CC#N,557.0
2291,Cc1c2ccncc2c(C)c2c1[nH]c1ccccc12,C1COCCO1,292.5
6693,Cc1ccc(C2=C3C=CC(/C=C/c4ccccc4)=[N+]3[B-](F)(F)n3c(Cl)ccc32)cc1,C1CCOC1,568.0
83,Oc1ccccc1/N=C/c1ccccc1Oc1ccccc1,ClC(Cl)Cl,356.0
5138,F[B-]1(F)n2c(-c3ccccc3)cc(-c3ccccc3)c2N=C2C(c3ccccc3)=CC(c3ccccc3)=[N+]21,ClC(Cl)Cl,650.0
6969,CC1(C)Cc2c(c3ccccc3c3nc4c(nc23)c2c(c3ccccc34)OC(C)(C)C2)O1,C1COCCO1,453.9264639
1945,c1cc2ccc3sc4ccc5cccc6c(c1)c2c3c4c56,ClC(Cl)Cl,412.0
1649,c1ccc2c(c1)ccc1ccc3c(c12)-c1c(ccc2ccc4ccccc4c12)C3,ClCCl,400.0
5709,CCOC(=O)CN(CC(=O)OCC)c1ccc(-c2cc(-c3cccnc3)nc(-c3cccnc3)c2)cc1,CS(C)=O,338.0
8314,COc1ccc(/C=C/C(=O)c2ccccc2O)cc1OC,C1CCOC1,350.0
2724,CN1c2cc3nc4cc(Cl)c(Cl)cc4nc3cc2N(C)C1(C)C,CCO,471.0
9147,O=C1c2ccccc2C2=Cc3cc4c(cc3B(O)N12)OCO4,CC#N,392.0
5382,COc1cc(N(c2ccccc2)c2ccc(C=C(C#N)C#N)c(OC)c2)ccc1C=C(C#N)C#N,CO,471.0
414,COc1ccc(-c2c3nc(cc4ccc([nH]4)c(-c4ccc(OC)c(OCCCC(=O)O)c4)c4nc(cc5ccc2[nH]5)CC4)C=C3)cc1OCCCC(=O)O,CS(C)=O,644.0
11222,CN(C)c1cc(C#N)c(N(C)C)c(C#N)c1,CS(C)=O,396.8253968
2450,CC1=[N+]2C(=C(NCc3ccccc3)c3ccc(C)n3[B-]2(F)F)C=C1c1cc2n(c1)[B-](F)(F)[N+]1=CC=CC1=C2c1c(C)cc(C)cc1C,C1CCCCC1,568.0
6518,CN(C)c1ccc2cc3c(cc2c1)OCCN=C3,CCOC(C)=O,354.0
8777,N#Cc1c(-n2c3ccccc3c3cc(Br)ccc32)c(C#N)c(-n2c3ccccc3c3cc(Br)ccc32)c(-n2c3ccccc3c3cc(Br)ccc32)c1-n1c2ccccc2c2cc(Br)ccc21,Cc1ccccc1,381.0
4075,O=C1OCC2=C1C(c1ccccc1)c1cc3c(cc1N2CCO)CCC3,CO,323.0
5743,CN(C)c1ccc(C#Cc2cc(C#Cc3ccc(C(F)(F)F)cc3)c3ccc4c(C#Cc5ccc(N(C)C)cc5)cc(C#Cc5ccc(C(F)(F)F)cc5)c5ccc2c3c45)cc1,ClCCl,509.0
7772,Cc1n[nH]c2c1C(c1ccc([N+](=O)[O-])cc1)C(C#N)=C(N)O2,CC#N,265.0
8294,COc1ccc(C(=O)/C=C/c2ccc(N(C)C)cc2)cc1OC,CC(C)=O,408.0
11679,Cc1cc(C)c(C2=C3C=C(/C=C/C(=O)OC(C)(C)C)C=[N+]3[B-](F)(F)n3c2ccc3N2CCCC2)c(C)c1,ClCCl,479.0
11231,N#Cc1cc(N)cc(C#N)c1,CCO,346.0
2907,N#CC1=C(c2ccc(-c3cccs3)s2)CCC1,CC#N,362.0
8511,COc1ccc(-c2ccc(-c3ccc(C#N)cc3)cc2)cc1,C1CCCCC1,305.0
6414,C(/C=C/c1ccc2ncnc(Nc3ccccc3)c2c1)=C\c1ccccc1,ClC(Cl)Cl,361.0
3538,O=C1Nc2ccccc2/C1=C/C(=O)c1ccc(Cl)cc1,CO,340.0
2133,Cc1cccc2c1nc1c(=O)n(C)c(=O)nc-1n2C,CC#N,440.0
1897,F[B-]1(F)n2c(c3ccccc3c2-c2ccccc2)C=C2c3ccccc3C(c3ccccc3)=[N+]21,ClCCl,634.0
7434,COC(=O)c1ccc(C2=C3C=CC(C)=[N+]3[B-](F)(F)n3c(C)ccc32)cc1,ClC(Cl)Cl,517.0
8136,CC1=CC(C)=[N+]2C1=Cc1c3ccccc3c(C#Cc3ccccc3)n1[B-]2(F)F,CCCCCCCCO,612.0
11046,COC(=O)/C=C/C=C/c1ccc(N(C)C)cc1,C1COCCO1,385.0
6245,CN1C(C(=O)Nc2ccccn2)=C(O)c2ccccc2S1(=O)=O,CC#N,334.0
9162,F[B-]1(F)n2c(c3ccccc3c2-c2ccccc2)N=C2c3ccccc3C(c3ccccc3)=[N+]21,ClCCl,712.0
11490,CCCCCCc1ccc(-n2c3[n+](c4c5ccccc5c5ccccc5c42)[B-](C)(C)c2cc(-n4c5ccccc5c5ccccc54)ccc2-3)cc1,Cc1ccccc1,375.0
7729,O=C1c2ccccc2NC(c2ccccc2)N1Cc1ccccc1,c1ccccc1,334.0
1817,COC(=O)c1ccc2c3ccc(C(=O)OC)c4c(C(=O)OC)ccc(c5ccc(C(=O)OC)c1c25)c43,CC(C)O,476.0
11535,CN(C)c1ccc(/C=C/C=N/N=C/c2ccc3ccc4cccc5ccc2c3c45)cc1,CC(C)=O,418.0
1937,COC(=O)C(Cc1ccc2oc(-c3ccc(N(c4ccccc4)c4ccccc4)cc3)nc2c1)NC(=O)OC(C)(C)C,ClCCl,366.1756252
337,CCC1=C(C)C2=C(C)c3cc(I)c(I)n3[B-](F)(F)[N+]2=C1C,CCOC(C)=O,518.5
2335,CC(=O)c1ccn2c3c(c(-c4ccccc4)c2c1)CN(CCCNC(=O)OC(C)(C)C)C3=O,CO,403.0
6890,COc1cccc2c1-c1ccccc1C2=O,CC#N,432.0
2072,CCC1=C(C)C2=C(c3c4ccccc4c(-c4ccccc4)c4ccccc34)c3c(C)c(CC)c(C)n3[B-](F)(F)[N+]2=C1C,CCO,529.0
10855,COc1ccc(-c2cc(C)nc(-c3ccc(-n4c5ccccc5c5ccccc54)cc3)n2)cc1,Cc1ccccc1,341.0
1726,COc1cccc(-n2c(-c3ccccc3)nc(C)c2C)c1,CCOC(C)=O,290.0
9950,Cc1cc(C2(c3cc(C)c(O)c(Br)c3)OS(=O)(=O)c3ccccc32)cc(Br)c1O,C1CCOC1,396.0
1047,C[Si](C)(c1c2ccccc2cc2ccccc12)[Si](C)(C)c1c2ccccc2cc2ccccc12,C1CCCCC1,397.1539901
5118,CCOC(=O)/C=C/C1=C(c2ccc(C)cc2)C2=Nc3c(-c4ccc(C)cc4)c(Br)c(-c4ccc(C)cc4)n3[B-](F)(F)[N+]2=C1c1ccc(C)cc1,ClC(Cl)Cl,666.0
8634,Cc1ccc(-c2ccc(/C=C/c3ccc(N(C)C)cc3)cn2)nc1,CC#N,383.0
2815,COc1ccc2cc(-c3cccc(-c4cc5ccc(OC)cc5oc4=O)c3)c(=O)oc2c1,ClC(Cl)Cl,344.0
4718,CN(C)c1ccc(C2=Cc3c4ccccc4c4ccccc4[n+]3[B-](F)(F)O2)cc1,CCOC(C)=O,475.0
9486,O=C1/C(=C2\Sc3ccc(S(=O)(=O)Cl)cc3C2=O)Sc2ccc(S(=O)(=O)Cl)cc21,CS(C)=O,553.0
2320,CC(C)(C)c1ccc2oc(-c3ccc(-c4nc5cc(C(C)(C)C)ccc5o4)s3)nc2c1,CCO,373.0
6624,CN(C)c1ccc(-c2cc(-c3ccc4ccccc4c3)nc(-c3ccccc3)n2)cc1,ClC(Cl)Cl,379.0
10686,F[B-]1(F)n2c(cc(-c3cccs3)c2-c2ccccc2)C(c2ccccc2)=C2C=C(c3cccs3)C(c3ccccc3)=[N+]21,Cc1ccccc1,628.0
4981,Cc1cc2sccc2c2[nH]c3ccccc3c12,ClCCl,290.0
3386,COc1nc(Nc2ccc3c4cccc5cccc(c6cccc2c63)c54)nc(OC)n1,C1COCCO1,443.0
5384,COc1cc(N(c2ccccc2)c2ccc(C=C(C#N)C#N)c(OC)c2)ccc1C=C(C#N)C#N,ClC(Cl)Cl,480.0
766,Cc1ccc(NC(=O)c2sc(Br)nc2C)cc1,CCOC(C)=O,286.1
2861,Fc1ccc(Nc2ccc3ccccc3n2)cc1,Cc1ccccc1,348.0
5640,CC1(C)Nc2cc(Cl)ccc2-c2[nH]c3ccccc3c(=O)c21,O,404.0
4477,CCCCN(CCCC)c1ccc(C#Cc2cc(C#Cc3ccc(C(F)(F)F)cc3)c(C#Cc3ccc(C(F)(F)F)cc3)cc2C#Cc2ccc(N(CCCC)CCCC)cc2)cc1,ClCCl,407.0
1144,C(=C/c1cccc2ccccc12)\c1ccc(-c2nnc(-c3ccc(-c4cc5ccccc5s4)cc3)o2)cc1,CCCCCCCC,354.0
9744,O=P1(c2ccccc2)C(c2cc(C(F)(F)F)cc(C(F)(F)F)c2)=Cc2c3ccc4cccc5ccc(c6cc(-c7ccc(N(c8ccccc8)c8ccccc8)cc7)n1c26)c3c45,Cc1ccccc1,441.0
9658,O=S1(=O)C2=C(c3ccc(N(c4ccccc4)c4ccccc4)cc31)C1(C3=C(c4ccccc41)S(=O)(=O)c1cc(N(c4ccccc4)c4ccccc4)ccc13)c1ccccc12,CCCCCC,434.0
2510,Cc1cc2ccccc2c2c1c1ccccc1n2-c1ccc(C#N)cc1,ClCCl,303.0
5492,CC1=[O+][B-]2(OC(=O)C(=O)O2)OC(c2c3ccccc3cc3ccccc23)=C1,CC#N,494.0
2273,N#Cc1ccc(-c2ccc(C3=CCCCC3)s2)s1,CC#N,366.0
8091,CCN(CC)c1ccc2c(c1)oc(=O)c1cnc3c(cnn3-c3ccccc3)c12,ClCCl,405.0
4091,CCC(C)[Si](C#Cc1c2nc3c4ccccc4c(=O)c4ccccc4c3nc2c(C#C[Si](C(C)CC)(C(C)CC)C(C)CC)c2nc3c4ccccc4c(=O)c4ccccc4c3nc12)(C(C)CC)C(C)CC,ClCCl,544.0
5924,CC(C)CCCCN1CCc2c1ccc1c3c(ccc21)CCCC3=O,CCOC(C)=O,417.0
7463,CC(C)(C)c1cc2ccc3cccc4c3c2c(c1)c1nc2c3cc(C(C)(C)C)cc5ccc6cccc(c(=O)n2c41)c6c53,ClC(Cl)(Cl)Cl,395.0
8990,CN1C(C(=O)Nc2ccccn2)=C([O-])c2sccc2S1(=O)=O,CCCCO,377.0
102,Cc1cc(O)c(C(=O)/C=C/c2ccccc2Cl)c(=O)o1,ClCCl,355.0
1989,CC1(C)Oc2c(c3nc4ccccc4nc3c3ccccc23)CC1Br,C1CCCCC1,423.0118443
6178,CC1=C(Cc2ccccc2)C(C)=[N+]2C1=C(C)c1c(C)c(-c3csc(N4CCOCC4)n3)c(C)n1[B-]2(F)F,CCOC(C)=O,523.0
7439,CCn1c2ccccc2c2cc(/C=C/c3cccc[n+]3CCCS(=O)(=O)[O-])ccc21,CC(C)=O,425.0
7865,CCN1/C(=C\C=C\C=C\C2=[N+](CC)c3ccc4cc(Br)ccc4c3C2(C)C)C(C)(C)c2c1ccc1cc(Br)ccc21,CCO,685.0
828,O=Cc1ccc(-c2ccc(C3=CCC(c4ccccc4)CC3)s2)s1,CC#N,385.0
9211,CCN(CC)c1ccc(-c2nc3c(c4c2-c2ccccc2CC4)-c2ccccc2CC3)cc1,CC#N,360.0
1672,N#CC(C#N)=Cc1ccc2c(c1)c1ccccc1n2-c1cc2ccccc2c2ccccc12,CC#N,395.0
5758,CCOC(=O)c1c2c3c(ccc(Cl)c3c3cc4ccccc4cc13)N(C)C2=O,CC#N,408.0
4291,CC1(C)c2cccc(-c3nc(-c4ccccc4)nc(-c4ccccc4)n3)c2Oc2c(-n3c4ccccc4c4ccccc43)cccc21,Cc1ccccc1,341.0
8061,CC(C)c1ccc(/C=C/c2nc3ccc(N(C)C)cc3s2)cc1,C1CCCCC1,388.0
11443,C(=C/c1ccc(-n2c3ccccc3c3ccccc32)cc1)\c1ccc(-c2ccc(/C=C/c3ccc(-n4c5ccccc5c5ccccc54)cc3)cc2)cc1,Cc1ccccc1,370.0
2856,Clc1ccc(Nc2ccc3ccccc3n2)cc1,CCO,350.0
4584,O=C([O-])c1c(Cl)c(Cl)c(Cl)c(Cl)c1-c1c2cc(I)c(=O)c(I)c-2oc2c(I)c([O-])c(I)cc12,CO,556.0
11265,CN(C)c1ccc(/C=C/C(=O)O)cc1,Cc1ccccc1,362.0
4339,C[Si]1(C)C2=C(c3ccccc31)S(=O)(=O)c1cc3c(cc12)S(=O)(=O)C1=C3[Si](C)(C)c2ccccc21,C1CCOC1,468.0
2275,N#Cc1ccc(-c2ccc(C3=CCCCC3)s2)s1,CCO,366.0
4999,Cc1cc(C)c(B(c2ccccc2N(c2ccccc2)c2ccccc2)c2c(C)cc(C)cc2C)c(C)c1,Cc1ccccc1,415.0
9683,CN(C)c1ccc(/C=C2/N=C(c3ccccc3)OC2=O)cc1,CCCCO,472.0
4708,Fc1ccc(-c2cc3c4c(c2)CCc2cc(-c5ccc(F)cc5)cc(c2-4)CC3)cc1,ClC(Cl)Cl,323.560033
2045,CCCCCCc1ccc2c(/C=N/c3ccc(/N=C/c4c(O)ccc5cc(CCCCCC)ccc45)cc3)c(O)ccc2c1,Cc1ccccc1,498.0
6556,COc1cc2[nH]c3c(c2cc1OC)CCCC3=O,C1COCCO1,333.9618857
10212,CN(C)c1ccc(C2=Cc3ccc4ccccc4[n+]3[B-](F)(F)O2)cc1,C1CCOC1,472.0
4614,FC(F)(F)c1ccc(/C=C/c2ccc(-c3nnc(-c4ccc(-c5cc6ccccc6s5)cc4)o3)cc2)cc1,CCCO,340.0
1295,Cc1ccc2cc3c(=O)n(C)c(=O)n(C)c3nc2c1,CO,352.0
9750,COc1ccc(-c2cc3c(s2)c(C(=O)c2ccccc2)cc(=O)n3Cc2ccccc2)cc1,CC#N,406.0
591,CCCCCCCCCCCn1cccc1C1=[N+]2C(=Cc3c(C)cc(C)n3[B-]2(F)F)c2ccccc21,ClCCl,584.0
4104,COC(=O)C(Cc1ccc2oc(-c3ccc(-n4c5ccccc5c5ccccc54)cc3)nc2c1)NC(=O)OC(C)(C)C,CCCCO,341.7985439
221,CCC1=C(C)C2=Cc3cc(I)cn3[B-](F)(F)[N+]2=C1C,CO,511.5
7678,COc1ccc(-c2csc(-c3ccncc3)n2)cc1,CCO,340.0
11192,CN(C)CCNc1ccc([N+](=O)[O-])cc1[N+](=O)[O-],C1COCCO1,348.0
6888,CN(C)c1cccc2c1C(=O)c1ccccc1-2,CCO,449.0
6200,COc1ccc(-c2nc3ccccc3nc2-c2ccc(OC)cc2)cc1,ClC(Cl)Cl,368.0
858,CCN(CC)c1ccc(-c2nc3c(nc2-c2ccc(B(c4c(C)cc(C)cc4C)c4c(C)cc(C)cc4C)cc2)c2ccccc2n3C)cc1,C1CCOC1,405.0
10614,CCN(CC)c1ccc2c(C)cc(=O)oc2c1,CCCCCCCCO,373.0
4833,COc1ccc(C2=[N+]3C(=C(c4ccc(I)cc4)c4ccc(-c5ccc(OC)cc5)n4[B-]3(F)F)C=C2)cc1,ClC(Cl)Cl,582.0
10560,N#C[Se]CCCCCOc1ccc2ccc(=O)oc2c1,CN(C)C=O,322.0
6551,CC(C)(C)c1ccc(C(C)(C)C)c(N2C(=O)c3cccc4c(-c5ccc(-c6ccc(N(c7ccccc7)c7ccccc7)cc6)s5)ccc(c34)C2=O)c1,CS(C)=O,445.0
841,CCN(CC)c1ccc2cc(C#N)/c(=N\C(=O)C(C)C)oc2c1,ClCCl,428.0
9964,O=C1CCCC2=C1CC1=C(CCCC1=O)N2NC(=O)c1ccc(O)cc1,CO,376.0
11218,CN(C)c1cc(C#N)c(N(C)C)c(C#N)c1,CCOC(C)=O,389.7116134
5494,CCC1=C(C)C2=C(C)c3c(C)c(-c4csc(N5CCOCC5)n4)c(C)n3[B-](F)(F)[N+]2=C1C,C1COCCO1,524.0
9426,CCOC(=O)c1cc(C(=O)OCC)c2cc(C)ccc2n1,CCO,330.0
994,COC(=O)C(Cc1ccc2oc(-c3c4ccccc4cc4ccccc34)nc2c1)NC(=O)OC(C)(C)C,CC(C)O,384.5000346
10075,CN(C)c1ccc2nc(/C=C/c3cc4c5c(c3)CCCN5CCC4)c(=O)oc2c1,ClC(Cl)Cl,517.0
6146,CN(C)c1ccc(/C=C/C=C2\CCCC2=O)cc1,ClC(Cl)Cl,404.0
1554,CCOc1ccc(/C=C/C=C/C=C/c2ccc([N+](=O)[O-])cc2)cc1,ClCCl,420.0
4533,COc1cccc(C2=C(c3ccc(C(C)(C)C)cc3)C(c3ccc(C(C)(C)C)cc3)=[N+]3C2=C(c2ccccc2)c2c(-c4cccc(OC)c4)c(-c4ccc(C(C)(C)C)cc4)c(-c4ccc(C(C)(C)C)cc4)n2[B-]3(F)F)c1,C1CCCCC1,591.0
7020,CC(C)(C)OC(=O)COc1ccc2c(c1)oc(=O)c1c(=O)oc3ccccc3c12,ClCCl,365.0
5412,[O-]c1ccccc1/C=N/c1ccccc1/N=C/c1ccccc1[O-],C1CCOC1,380.0
11127,COCCOCCOCCOCCOc1ccc(OCCOCCOCCOCCOC)c(C=O)c1,O,351.0
9058,CCn1c2ccccc2c2cc(/C=C3\C(=O)c4ccccc4S3(=O)=O)ccc21,CS(C)=O,454.0
10842,CCCCCCCCCCCCOc1cc2cc(N(C)C)ccc2cc1C=C(C#N)C#N,CS(C)=O,487.0
4053,CCCCC1(CCCC)c2cc(C#Cc3ccc(C=C4c5ccccc5CCc5ccccc54)cc3)ccc2-c2ccc(C#Cc3ccc(C=C4c5ccccc5CCc5ccccc54)cc3)cc21,C1CCOC1,368.0
2848,CCc1ccc(Nc2ccc3ccccc3n2)cc1,CCOC(C)=O,353.0
11502,CN(C)c1ccc(/C=C/c2cc(/C=C/c3ccc(N(C)C)cc3)nc(/C=C/c3ccc(N(C)C)cc3)n2)cc1,ClCCl,402.0
9665,Cc1ccc(N(C)C)cc1C1=C2C=CC(=[N+](C)C)C=C2[Si](C)(C)c2cc(N(C)C)ccc21,O,646.0
2513,S=P1(c2ccccc2)c2cccc3c4c5ccccc5c5ccccc5c4c4ccc1n4c23,ClCCl,422.0
10978,CCN(CC)c1cccc(C=O)c1,CCOC(C)=O,376.0
1463,Cc1cc(C)c(B(c2c(C)cc(C)cc2C)c2cc3ccc4ccccc4c3c3c2cc(N(C)C)c2ccccc23)c(C)c1,C1CCOC1,439.0
10323,COc1ccc2cc(-c3ccc(S(C)(=O)=O)cc3)oc(=O)c2c1,CCOC(C)=O,331.0
6382,c1ccc(N(c2ccccc2)c2ccc3c(ccc4nc5ccc6cc(N(c7ccccc7)c7ccccc7)ccc6c5nc43)c2)cc1,Cc1ccccc1,473.0
4551,N#Cc1c(N2CCCCC2)cc(-c2cccc3ccccc23)c2c1-c1ccccc1C2=O,C1CCOC1,390.0
2835,CCCCCCn1c2cc(/C=C(\C#N)c3cccs3)ccc2c2ccc(/C=C(\C#N)c3cccs3)cc21,ClC(Cl)Cl,436.6812227
4301,CCC1(CC)c2cc(C=C(C#N)C#N)ccc2-c2ccc(N(C)C)cc21,c1ccccc1,480.0
6618,CCN1CCCc2cc3c(cc21)Oc1cc2c(cc1=N3)C(CS(=O)(=O)[O-])CC(C)(C)[N+]=2CCCC(=O)[O-],O,655.0
2233,N#Cc1c(-c2cccs2)cc(-c2ccc3c(c2)Cc2ccccc2-3)[nH]c1=O,CN(C)C=O,440.0
3050,CCN(CC)c1ccc2cc(/C=C(\C#N)c3nc4ccccc4o3)c(=O)oc2c1,CO,509.0
9529,CCCCCCOc1ccc(C#Cc2ccc(C#Cc3ccc(OCCCCCC)c(OCCCCCC)c3)c3nsnc23)cc1OCCCCCC,COc1ccccc1,448.0
10226,CCOC(=O)CCOc1ccccc1C(c1c(C)[nH]c2ccccc12)c1c(C)[nH]c2ccccc12,CO,291.0
400,COc1ccc(OC)c(-c2[nH]c(=O)n3c2-c2ccccc2C3=O)c1,CO,397.0
6860,c1ccc(-n2c(-c3ccc(-c4ccc(-c5ccc(-c6nc7c8ccccc8c8ccccc8c7n6-c6ccccc6)cc5)cc4)cc3)nc3ccccc32)cc1,CCCCOCCCC,340.0
9878,C(=C/c1cccnc1)\c1ccc(N(c2ccccc2)c2ccccc2)cc1,CCCCCC,358.0
7153,CC1=[N+]2C(=C(c3ccccc3)c3c4c5ccccc5c5ccccc5c4c(C)n3[B-]2(F)F)c2c1c1ccccc1c1ccccc21,CCCCCC,630.0
6018,COc1ccc(-c2cc(-c3ccc(C#N)cc3)nn2C)cc1,ClCCl,281.0
7972,Cc1cc(-c2ccccc2)nc2c1ccc1nc(-c3ccccc3)cn12,CCOC(C)=O,352.0
6175,CC1=C(Cc2ccccc2)C(C)=[N+]2C1=C(C)c1c(C)c(-c3csc(N4CCOCC4)n3)c(C)n1[B-]2(F)F,CC#N,517.0
10669,Cc1nc(-c2ccccc2)c2ccccn12,CO,354.0
1023,O=Cc1ccc(C=C(c2ccccc2)c2ccccc2)cc1,C1CCOC1,333.0
3298,Cc1ccc(NC(=O)c2ccc(N(C)C)cc2)cc1,CC#N,312.0
9144,O=C1Cc2ccc(cc2)CC(=O)Cc2ccc(c3nsnc23)C1,CC#N,382.0
4320,CN(C)c1ccc2c(c1)Cc1ccccc1-2,CCCCCC,303.0
59,Oc1ccc(/N=C/c2ccccc2Oc2ccccc2)cc1,CCCCCC,346.0
9741,O=P1(c2ccccc2)C(c2cc(C(F)(F)F)cc(C(F)(F)F)c2)=Cc2c3ccc4cccc5ccc(c6cc(-c7ccc(N(c8ccccc8)c8ccccc8)cc7)n1c26)c3c45,CC#N,434.0
9697,O=S(=O)(c1cccc(-n2c3ccccc3c3ccccc32)c1)c1cccc(-n2c3ccccc3c3ccccc32)c1,ClC(Cl)Cl,338.0
9918,Cc1ccc(-c2cc(-c3ccccc3Cl)c3c(N)nc(N4CCCC4)c(C#N)c3n2)cc1,CO,416.0
9505,CCCCN1C(=O)C(=C/C=C/C=C/C=C2N(CCCC)c3ccccc3N2CCCC)C(=O)N(CCCC)C1=S,CC#N,540.0
6576,Cc1cc(C)c(C2=C3C=CC(c4csc5ccccc45)=[N+]3[B-](F)(F)n3c2ccc3-c2csc3ccccc23)c(C)c1,ClC(Cl)Cl,581.0
1328,COc1ccc2c(CC(=O)NN)coc2c1,ClCCl,287.0
10316,CCN(CC)c1ccc2cc(-c3ccc(S(C)(=O)=O)cc3)oc(=O)c2c1,CCCCO,378.0
3351,COc1cc(-c2nc3c4cccnc4c4ncccc4c3[nH]2)c(OC)cc1/C=C/c1ccncc1,Cc1ccccc1,395.0
4843,O=c1[nH]nc(-c2ccc(/C=C/c3ccc(-c4n[nH]c(=O)o4)cc3)cc2)o1,CN(C)C=O,334.0
4031,C[Si]1(C)c2cc(-c3ccccc3)ccc2C=Cc2ccc(-c3ccccc3)cc21,ClCCl,379.0
3279,CC(C)(C)c1ccc2c(c1)sc1[n+]2[B-](F)(F)n2c(c3cccc4cccc2c43)=C1C#N,Cc1ccccc1,529.0
10068,CN(C)c1ccc2nc(/C=C/c3cc4c5c(c3)CCCN5CCC4)c(=O)oc2c1,CC(C)=O,507.0
10071,CN(C)c1ccc2nc(/C=C/c3cc4c5c(c3)CCCN5CCC4)c(=O)oc2c1,CCOC(C)=O,501.0
5090,CCN(CC)c1ccc2cc(/C=C/C(=C(C#N)C#N)c3ccc4c(c3)c3ccccc3n4CC)c(=O)oc2c1,CS(C)=O,534.0
7779,Cc1n[nH]c2c1C(c1ccc([N+](=O)[O-])cc1)C(C#N)=C(N)O2,CS(C)=O,264.0
1550,CN(C)c1ccc(/C=C/C=C/C=C/c2ccc(N(C)C)cc2)cc1,ClC(Cl)Cl,410.0
1009,COC(=O)C(Cc1ccc2oc(-c3c4ccccc4cc4ccccc34)nc2c1)NC(=O)OC(C)(C)C,OCC(F)(F)F,382.4998661
5687,c1cc(-c2ccc3sc4ccccc4c3c2)cc(-c2cc(-c3cccc(-c4ccc5sc6ccccc6c5c4)c3)ncn2)c1,ClCCl,336.0
2554,N#Cc1c(C#N)c2ccccc2c2ccccc12,ClC(Cl)Cl,346.0
6877,COc1ccc2c(c1)C(=O)c1cc(OC)cc(OC)c1-2,CCO,492.0
1612,CCCCCCn1c(=O)c2c3[nH]c4cc5sc6c([nH]c5cc4sc3c3c(=O)n(CCCCCC)c(=O)c3c2c1=O)c1c(=O)n(CCCCCC)c(=O)c1c1c(=O)n(CCCCCC)c(=O)c61,ClCCl,549.0
2737,CCCn1c2cccc3oc4cccc5oc6cccc1c6[c+](c45)c32,CC#N,541.0
3455,CCC1=C(C)C(=O)n2c1cc1c(C)c(CCC(=O)O)c(C)n1c2=O,CC#N,408.0
5268,O=S(=O)(c1ccc(-c2ccc(-c3nc4c5ccccc5c5ccccc5c4n3-c3ccccc3)cc2)cc1)c1ccc(-c2ccc(-c3nc4c5ccccc5c5ccccc5c4n3-c3ccccc3)cc2)cc1,CC#N,368.0
8390,C/C=C/C1=N/C(=C\c2ccc(O)cc2)C(=O)N1C,O,401.0
8207,CCCCNc1ccc(NCCCC)c2c1C(=O)c1ccccc1C2=O,CC(C)=O,642.0
648,CCc1c(C)[nH]c(C2=[N+]3C(=Cc4c(C)cc(C)n4[B-]3(F)F)c3ccccc32)c1C,ClCCl,616.0
5883,Cc1cc(-c2nnc(-c3ccccc3)o2)ccc1-n1c2ccccc2c2ccccc21,Cc1ccccc1,339.0
2862,O=[N+]([O-])c1ccc(Nc2ccc3ccccc3n2)cc1,CCO,385.0
879,FC(F)(F)c1ccc(/C=C/c2nc3c(ccc4ccccc43)s2)cc1,C1CCCCC1,375.0
4463,CC(C)(C)c1ccc2oc3nc4oc5ccc(N6c7ccccc7Oc7ccccc76)cc5c4cc3c2c1,ClC(Cl)Cl,347.0
4687,COc1cc2c(cc1-c1cccs1)Cc1c3c(c4c(c1-2)-c1cc(OC)c(-c2cccs2)cc1C4)C(=O)N(CCC(C)C)C3=O,C1CCOC1,433.0
2303,Cc1c2ccncc2c(C)c2c1[nH]c1ccccc12,Cc1ccccc1,293.0
10092,O=C1CC(c2cccc([N+](=O)[O-])c2)c2c(c3ccccc3c3nc4ccccc4nc23)O1,CS(C)=O,412.0
1624,CCN(CC)c1ccc2c(c1)oc(=O)c1c(-c3ccccc3C(=O)O)c3ccc(=[N+](CC)CC)cc-3oc12,ClC(Cl)Cl,602.0
550,CC(C)(C)c1ccc2c(c1)c1cc(C(C)(C)C)ccc1n2-c1cccc(-c2nc(-c3cccc(P(=O)(c4ccccc4)c4ccccc4)c3)nc(-c3cccc(P(=O)(c4ccccc4)c4ccccc4)c3)n2)c1,CC(C)=O,343.0
6734,N#C/C(=C\c1ccc(C#N)cc1)c1nc(-c2ccccc2)cs1,CN(C)C=O,376.0
10101,Cc1ccc(C2CC(=O)Oc3c2c2nc4ccccc4nc2c2ccccc32)cc1,ClC(Cl)Cl,410.0
6505,c1ccc2c(-n3cnc4ccccc43)cccc2c1,CO,284.0
4706,O=Cc1ccc(-c2ccc(-c3nc4ccccc4s3)c(O)c2)o1,ClCCl,373.0
7713,CN(C)c1ccc(/C=C2\CCCC2=O)cc1,CS(C)=O,383.0
5957,CC1=CC(C)=[N+]2C1=C(c1ccc3cccnc3n1)c1c(C)cc(C)n1[B-]2(F)F,CO,503.0
211,CCC1=C(C)C2=Cc3cc(I)c(I)n3[B-](F)(F)[N+]2=C1C,C1CCCCC1,542.0
11362,CC[N+]1=C(/C=C/c2cc3cccc4ccc5cccc2c5c43)C(C)(C)c2ccccc21,Cc1ccccc1,521.0
9378,O=c1c2cc(I)ccc2nc2n1[B-](F)(F)[n+]1ccccc1-2,ClCCl,362.0
9480,COc1ccc(-c2cnc(/C=C/c3ccc(OC)c(OC)c3)o2)cc1,ClCCl,360.0
3232,Cc1ccc(N2C(c3ccccc3[NH-])=[NH+]C(c3ccccc3)C2c2ccccc2)cc1,Cc1ccccc1,328.0
6243,CN1C(C(=O)Nc2ccccn2)=C([O-])c2ccccc2S1(=O)=O,CO,359.0
6466,CC1=CC(c2ccc3cc(N(C)C)ccc3c2)=[O+][B-](F)(F)O1,CC(C)=O,460.0
3543,O=C1Nc2ccccc2/C1=C/C(=O)c1ccc(Cl)cc1Cl,CC#N,334.0
68,Oc1ccc(/N=C/c2ccccc2Oc2ccccc2)cc1,Cc1ccccc1,342.0
1438,CCn1c2cc(C(C)(C)C)ccc2c2c3nsnc3c3c4ccc(C(C)(C)C)cc4n(CC)c3c21,Cc1ccccc1,425.0
2515,CC(=O)OCCN1C(=O)c2cccc3c(Oc4ccc(C=O)cc4)ccc(c23)C1=O,ClC(Cl)Cl,353.0
2868,c1ccc(-c2cc(-c3ccccc3)[o+]c(-c3ccccc3)c2)cc1,CC#N,403.0
7932,CCOc1ccc2c(-c3nc(-c4cccc(Br)c4)no3)cc(=O)oc2c1,ClC(Cl)Cl,403.0
6385,CCOc1cc(C=C2c3ccccc3-c3ccccc32)c(OCC)cc1C=C1c2ccccc2C=Cc2ccccc21,C1CCOC1,395.0
9919,Cc1ccc(-c2cc(-c3ccccc3Cl)c3c(N)nc(N4CCCC4)c(C#N)c3n2)cc1,ClC(Cl)Cl,418.0
696,c1cc2ccc3cccc4c(-c5cc(-c6nccs6)nc(-c6nccs6)c5)cc(c1)c2c34,CC#N,367.0
8598,C(=C/c1ccc(N(c2ccccc2)c2ccccc2)cc1)\c1ccc(-c2cc(-c3ccccn3)nc(-c3ccccn3)c2)cc1,ClCCl,383.0
6499,c1ccc2c(-n3cnc4ccccc43)cccc2c1,C1CCCCC1,283.0
7797,CN(C)c1ccc2nc(-c3ccc(C(=O)OC[C@H](NC(=O)OC(C)(C)C)C(=O)OCc4ccccc4)cc3)sc2c1,CC(C)O,397.0
8885,CCN(CC)c1ccc(-c2cc3c(s2)c(C(=O)OC)cc(=O)n3C)cc1,C1CCOC1,436.0
10517,CC(C)Oc1ccc(C#Cc2cc3ccccc3oc2=O)cc1,CC#N,356.0
1314,CN(C)c1ccc(-c2c(/C=C3/C=Cc4ccccc4N3Cc3ccccc3)c(=O)c2=O)cc1,Cc1ccccc1,364.0
6586,CN(CCO)c1ccc(/C=C/C2=CC(=C(C#N)C#N)CC(C)(C)C2)cc1,CCCCO,510.0
4058,c1ccc2c(-c3cc(-c4nccs4)nc(-c4nccs4)c3)c3ccccc3cc2c1,ClC(Cl)Cl,387.0
5396,CCCCCCCCCCCCCCCCOC(=O)c1ccc(N(c2ccccc2)c2ccccc2)cc1,C1CCOC1,334.0
9493,O=C1/C(=C2\Sc3ccccc3C2=O)Sc2ccccc21,C1COCCO1,536.0
9201,c1ccc(-c2nc3c(c4c2-c2ccccc2CC4)-c2ccccc2CC3)cc1,CC#N,308.0
12,C(=C/c1ccnc(/C=C/c2ccc(N(c3ccccc3)c3ccccc3)cc2)n1)\c1ccc(N(c2ccccc2)c2ccccc2)cc1,ClCCl,402.0
5967,CC(=O)c1nc(-c2ccc(N(c3ccccc3)c3ccccc3)cc2)oc1C,CCOCC,326.0
818,Cc1cc(C)c(B(c2ccc3c(c2)c2cc(B(c4c(C)cc(C)cc4C)c4c(C)cc(C)cc4C)ccc2n3-c2ccc(C(=C(c3ccccc3)c3ccccc3)c3ccccc3)cc2)c2c(C)cc(C)cc2C)c(C)c1,C1CCOC1,358.0
11110,COCCOCCOCCOCCOc1cc(C=O)c(OCCOCCOCCOCCOC)cc1C=O,CC(C)O,390.0
7964,COc1cc2cc(OC)c(C#Cc3ccc([N+](=O)[O-])cc3)cc2cc1C#Cc1ccc([N+](=O)[O-])cc1,ClCCl,360.0
1346,Cc1ccc2c(CC(=O)NN)coc2c1,CN(C)C=O,310.0
10218,CN(C)c1ccc(C2=Cc3ccc4ccccc4[n+]3[B-](F)(F)O2)cc1,CO,468.0
453,O=CC1=Cc2c(-c3ccccc3)oc(-c3ccccc3)c2C=C(C=O)C1,CCO,360.0
8489,CC[N+]1(CC)CN2C(C)=CC(C)=C(C(=O)[O-])C2=N1,CN(C)C=O,361.0
11448,c1ccc(N2c3ccc4ccccc4c3-c3c4ccccc4nc[n+]3[B-]2(c2ccccc2)c2ccccc2)cc1,CCCCCC,537.0
1656,CN(C)c1ccc(/C=C/c2cc[n+](CCCOCC(COCCC[n+]3ccc(/C=C/c4ccc(N(C)C)cc4)cc3)(COCCC[n+]3ccc(/C=C/c4ccc(N(C)C)cc4)cc3)COCCC[n+]3ccc(/C=C/c4ccc(N(C)C)cc4)cc3)cc2)cc1,CCCCO,480.0
3457,CCC1=C(C)C(=O)n2c1cc1c(C)c(CCC(=O)O)c(C)n1c2=O,CO,425.0
4122,Cc1ccc(/C(C#N)=C/c2cc(/C=C(\C#N)c3ccc(C)cc3)c(-c3ccc(N(c4ccccc4)c4ccccc4)cc3)cc2-c2ccc(N(c3ccccc3)c3ccccc3)cc2)cc1,ClCCl,393.0
10317,CCN(CC)c1ccc2cc(-c3ccc(S(C)(=O)=O)cc3)oc(=O)c2c1,CCCO,378.0
9298,O=C(O)CCCCCn1c2ccccc2c(=O)c2cc(Br)ccc21,O,439.0
37,Oc1cccc(/N=C/c2ccccc2Oc2ccccc2)c1,CCOCC,327.0
11369,CC(C)c1cc(C(C)C)c(B2c3cc(N4c5ccccc5C(C)(C)c5ccccc54)ccc3N(c3ccccc3)c3ccc(N4c5ccccc5C(C)(C)c5ccccc54)cc32)c(C(C)C)c1,C1CCCCC1,374.829932
4860,Cc1ccc(Nc2ccc(Nc3ccc(C)cc3)c3c2C(=O)c2ccccc2C3=O)cc1,CS(C)=O,644.0
1043,CCN(CC)c1ccc(/C=N/Nc2ccc(C#N)cc2)c(O)c1,CCCCCC,384.0
2908,N#CC1=C(c2ccc(-c3cccs3)s2)CCC1,CCCCCC,360.0
6315,COC(=O)c1cc(=O)n(C)c2cc(-c3cc4c5c(c3)CCCN5CCC4)sc12,Cc1ccccc1,442.0
940,CN1/C(=C/C=C(/C=C/c2sc3ccccc3[n+]2C)c2cccc(C(F)(F)F)c2)Sc2ccccc21,CS(C)=O,653.0
4190,O=C1C=C(Nc2cccc(F)c2F)C(=O)c2ccccc21,CCCCCC,428.0
9452,CC(C)(C)c1ccc2c(c1)c1cc(C(C)(C)C)ccc1n2-c1cccc(-c2nc(-c3cccc(-n4c5ccc(C(C)(C)C)cc5c5cc(C(C)(C)C)ccc54)c3)nc(-c3cccc(P(=O)(c4ccccc4)c4ccccc4)c3)n2)c1,ClC(Cl)Cl,344.3632568
6436,C(=C/c1ncnc2ccccc12)\c1ccc(N2CCCCC2)cc1,ClCCl,425.0
9363,COc1ccc2c3c(c4ccc(OC)cc4c2c1)=[N+]1C(=C(c2c(C)cc(C)cc2C)c2cc4c5ccc(OC)cc5c5cc(OC)ccc5c4n2[B-]1(F)F)C=3,C1CCOC1,670.0
6844,CC(C)(C)c1cc(C(C)(C)C)c2oc3c(c2c1)C=CN1C(=O)C2=C4c5oc6c(C(C)(C)C)cc(C(C)(C)C)cc6c5C=CN4C(=O)C2=C31,ClC(Cl)Cl,643.0
4974,c1ccc(-c2nn(-c3ccccc3)c3nc4ccc(N(c5ccccc5)c5cccc6ccccc56)cc4cc23)cc1,C1CCCCC1,448.0286738
6995,c1ccc(N(c2ccccc2)c2ccc(-c3nc4c5ccccc5c5ccccc5c4[nH]3)cc2)cc1,CCO,373.0
6955,c1cc2ccc3ccc(-c4ccc(-c5nnc(-c6ccc(-c7nnc(-c8ccc(-c9ccc%10ccc%11cccc%12ccc9c%10c%11%12)s8)o7)cc6)o5)s4)c4ccc(c1)c2c34,CC#N,334.0
538,Cc1cccc(C2=CC3=C(c4c(C)cc(C)cc4C)c4cc(-c5cccc(C)c5)c(-c5cccc(C)c5)n4[B-](F)(F)[N+]3=C2c2cccc(C)c2)c1,ClCCl,573.0
5312,CC[N+](CC)=c1ccc2c(-c3ccccc3C(=O)O)c3c(=O)oc4cc5c(cc4c3oc-2c1)CCCN5C,CCO,598.0
3902,N#CC(C#N)=Cc1cn(-c2ccccc2)nc1-c1ccccc1,Cc1ccccc1,361.0
1400,CCCCN1C(=O)c2cccc3c([O-])c(/C=C/c4sc5ccccc5[n+]4CC)cc(c23)C1=O,C1CCOC1,586.7465224
5712,CCOC(=O)CN(CC(=O)OCC)c1ccc(-c2cc(-c3cccnc3)nc(-c3cccnc3)c2)cc1,CCOC(C)=O,328.0
10526,C=Cc1cc2ccccc2oc1=O,CC#N,326.0
30,Oc1cccc(/N=C/c2ccccc2Oc2ccccc2)c1,CCCCCCCO,325.0
2267,CC1CC=C(c2ccc(-c3cccs3)s2)CC1,C1CCOC1,341.0
10800,COC(=O)CCC(NC(=O)CCNc1cccc2ccccc12)C(=O)OC,CCO,330.0
7784,O=P1(c2ccccc2)C2=C(c3ccccc31)[Si](c1ccccc1)(c1ccccc1)c1cc(N(c3ccccc3)c3ccccc3)ccc12,CC#N,456.0
5511,CCOC(=O)c1sc(SC)c2c(=O)[nH]nnc12,CCO,385.0
3677,CC(C)[Si]1(C(C)C)c2cc(C=O)ccc2-c2ccc(N(C)C)cc21,C1CCCCC1,390.0
2470,CN(C)c1ccc(/C=C/C=C2\CC/C(=C\C=C\c3ccc(N(C)C)cc3)C2=O)cc1,C1CCCCC1,480.0
10743,C#Cc1cccc2ccccc12,CC#N,306.0
4601,CCC1=C(C)C2=Cc3cscc3B(O)N2C1=O,CO,355.0
4411,O=Cc1ccc(N(c2ccc(C=O)cc2)c2ccc(-c3ccc4c(c3)C(=O)c3ccccc3C4=O)cc2)cc1,ClC(Cl)(Cl)Cl,376.0
5049,CCCCC(CC)Cn1c2cc(C#N)ccc2c2ccc(C#Cc3ccc4ccc5c(C#Cc6ccc7c8ccc(C#N)cc8n(CC(CC)CCCC)c7c6)ccc6ccc3c4c65)cc21,ClCCl,385.0
5666,CCCCCCn1c(=O)c2c3nc4ccccc4nc3c3c(=O)n(CCCCCC)c(=O)c3c2c1=O,ClCCl,404.0
5286,N#Cc1ccc(-n2cccc2)cc1,CCOCC,287.0
1092,COc1c2ccccc2c(OC)c2c1c1c(C)ccc(OC)c1n2C,CO,414.0
266,CC1=C(C(C)(C)C)C(C)=[N+]2C1=C(C)c1c(C)c(C(C)(C)C)c(C)n1[B-]2(F)F,CCCO,525.3
1108,COc1c2ccccc2c(OC)c2c1c1cc(F)ccc1n2C,CO,416.0
9049,CN1CCN(CCCN2c3ccccc3Sc3ccc(Cl)cc32)CC1,O,309.0
10688,F[B-]1(F)n2c(nc3c4ccccc4c4ccccc4c32)-c2ccc3ccccc3[n+]21,ClCCl,476.0
3229,CC1(C)CC(/C=C/c2ccc(N3CCOCCOCCOCCOCC3)cc2)=CC(=C(C#N)C#N)C1,CCOC(C)=O,496.0
11549,Nc1ncnc2c1c(C#Cc1c3ccccc3cc3ccccc13)cn2[C@H]1C[C@H](O)[C@@H](CO)O1,CO,403.0
7238,COC(=O)/C=C/C1=CC2=C(c3c(C)cc(C)cc3C)c3cc(/C=C/C(=O)OC)cn3[B-](F)(F)[N+]2=C1,ClCCl,577.0
5082,CCCCOc1ccc(-c2oc3cc4n(c3c2-c2ccc(OCCCC)cc2)[B-](F)(F)[N+]2=Cc3cc5oc(-c6ccc(OCCCC)cc6)c(-c6ccc(OCCCC)cc6)c5n3[B-](F)(F)[N+]2=C4)cc1,ClCCl,606.0
3319,CN(C)c1ccc(C(=O)Nc2ccc([N+](=O)[O-])cc2)cc1,CCOCC,345.0
6590,COC(=O)c1ccccc1-c1c2ccc(=[NH2+])cc-2oc2cc(N)ccc12,CC#N,500.0
1739,F[B-]1(F)n2c(-c3cccs3)cc(-c3ccccc3)c2N=C2C(c3ccccc3)=CC(c3cccs3)=[N+]21,ClCCl,718.0
230,CNC1=C2C=CC=[N+]2[B-](F)(F)n2cccc21,CC(C)=O,395.5
6449,CCN(CC)c1ccc2c(-c3ccccc3C(=O)O)c3c([o+]c2c1)/C(=C/Nc1ccccc1)CCC3,ClCCl,607.0
898,CCn1c2ccccc2c2cc(-c3cc(-c4ccc5c(c4)c4ccccc4n5CC)nc(S(C)(=O)=O)n3)ccc21,Cc1ccccc1,382.0
5598,CCCCC(CC)Cn1c2ccc(C(=C(C#N)C#N)c3ccccc3)cc2c2c(-c3ccc(Br)cc3)c3c(c(-c4ccc(Br)cc4)c21)c1cc(C(=C(C#N)C#N)c2ccccc2)ccc1n3CC(CC)CCCC,c1ccccc1,458.0
6929,CN(C)c1ccc2c(c1)-c1ccccc1C2=O,C1CCCCC1,400.0
7895,c1ccc(-c2ccnc(-c3ccccc3)n2)cc1,ClC(Cl)Cl,278.0
3844,c1ccc(N(c2ccccc2)c2ccc(N(c3ccccc3)c3ccc4ccc5c(N(c6ccccc6)c6ccc(N(c7ccccc7)c7ccccc7)cc6)ccc6ccc3c4c65)cc2)cc1,ClCCl,438.0
6213,COc1ccc(C2=[N+]3C(=C(c4ccc(C(=O)OCc5ccccc5)cc4)c4cc(Cl)c(-c5ccc(OC)cc5)n4[B-]3(F)F)C=C2Cl)cc1,CC#N,583.0
8903,COC(=O)c1cc(=O)n(C)c2cc(-c3ccc(OC)cc3)sc12,ClC(Cl)Cl,400.0
8846,COc1ccc2c(c1)N(c1ccc(C)cc1)c1cc3c(cc1=N2)Oc1c(cc(C(C)(C)C)cc1C(C)(C)C)N=3,CO,555.0
1563,CCCOc1ccc(/C=C/C=C/C=C/c2ccc([N+](=O)[O-])cc2)cc1,CC#N,413.0
3894,CCOC(=O)/C(C#N)=C\c1cn(-c2ccccc2)nc1-c1ccccc1,CS(C)=O,349.0
4237,c1ccc2c(c1)Sc1ccccc1N2c1ccc2c(c1)C1(CCCC1)c1cc(N3c4ccccc4Sc4ccccc43)ccc1-2,Cc1ccccc1,308.0
3071,c1ccc2cc(-c3c4ccccc4c(-c4nccc5ccccc45)c4ccccc34)ccc2c1,ClCCl,375.0
9281,CCC(CC)COC1=CC2=C3c4cc(OCC(CC)CC)c(-c5ccccc5)n4[B-](F)(F)[n+]4c3n(c3cc(C(C)(C)C)ccc34)[B-](F)(F)[N+]2=C1c1ccccc1,ClCCl,703.0
11577,N#Cc1ccc(C#Cc2ccc3ccc4ccc(C#Cc5ccc(C#N)cc5)c5ccc2c3c45)cc1,CCO,407.0
7859,CC1=C(c2ccc(-c3nc(-c4ccccc4)c(-c4ccccc4)[nH]3)cc2)S[C@]2(C)C1=C1C(=C3c4ccccc4C(C)[C@]32C)C(F)(F)C(F)(F)C1(F)F,C1CCOC1,589.0
3433,C[N+]1=C(/C=C/C=C2/N(CCC[N+](C)(C)C)c3ccc(Br)cc3C2(C)C)C(C)(C)c2ccccc21,CS(C)=O,556.0
5597,CCCCC(CC)Cn1c2ccc(C(=C(C#N)C#N)c3ccccc3)cc2c2c(-c3ccc(Br)cc3)c3c(c(-c4ccc(Br)cc4)c21)c1cc(C(=C(C#N)C#N)c2ccccc2)ccc1n3CC(CC)CCCC,ClCCl,471.0
9366,COc1ccc2c3c(c4ccc(OC)cc4c2c1)=[N+]1C(=C(c2c(C)cc(C)cc2C)c2cc4c5ccc(OC)cc5c5cc(OC)ccc5c4n2[B-]1(F)F)C=3,ClCCl,664.0
10563,N#C[Se]CCCCCOc1ccc2ccc(=O)oc2c1,OCCO,326.0
10955,O=S(=O)(c1ccccc1)c1ccc(-c2ccc3c(c2)c2cc(-c4ccc(S(=O)(=O)c5ccccc5)cc4)ccc2n3-c2ccccc2)cc1,CO,343.0
9253,CCOC(=O)c1c(N)sc(N)c1C(=O)OCC,CC#N,305.0
6339,CN(C)c1ccc2cc(C3=[O+][B-](F)(F)OC(c4ccc(C#N)cc4)=C3)ccc2c1,C1CCOC1,525.0
6074,O=Cc1c(O)c(-c2nc3ccccc3s2)cc2ccccc12,Cc1ccccc1,358.0
10133,COc1cc(/C=C/C2=CC(/C=C/c3ccc(O)c(OC)c3)=[O+][B-](F)(F)O2)ccc1O,c1ccccc1,498.1
11518,c1cc2c3c(cccc3c1)-c1cc3c(ccc4ccccc43)cc1-2,CCCCCCC,405.0
3573,O=C1Nc2ccccc2/C1=C/C(=O)c1ccc([N+](=O)[O-])cc1,ClCCl,344.0
4634,COc1ccc(/C=C/c2ccc(-c3nnc(-c4ccc(-c5cc6ccccc6s5)cc4)o3)cc2)cc1,CCCO,345.0
9009,F[B-]1(F)OC(C#Cc2ccccc2)=C2CCc3ccccc3C2=[O+]1,ClCCl,431.0
5847,COc1ccc2ccc3oc(=O)c(-c4ccccc4)nc3c2c1,c1ccccc1,404.0
3375,CCCCC1(c2ccccc2)Nc2c(-c3ccc(N(C)C)cc3)ccc(-c3ccc(N(C)C)cc3)c2N=C1c1ccccc1,ClC(Cl)Cl,371.0
2840,CN(C)c1ccc(/C=C/C=C/c2ccncc2)cc1,CC#N,392.0
7386,CC1=CC(C)=[N+]2C1=C(c1ccccc1)c1c(C)cc(C)n1[B-]2(F)F,C1CCOC1,500.0
5065,CCN(CC)c1ccc(/C=C/C2=[O+][B-](F)(F)Oc3c2c(=O)oc2cc(N(CC)CC)ccc32)cc1,OCCO,605.0
4165,CC(C)(C)c1ccc2c(c1)c1cc(C(C)(C)C)ccc1n2-c1ccc(C(=C(C#N)C#N)c2ccc(-n3c4ccc(C(C)(C)C)cc4c4cc(C(C)(C)C)ccc43)cc2)cc1,Cc1ccccc1,438.0
10256,CC1=C(c2cccs2)C(C)=[N+]2C1=C(c1ccccc1)c1c(C)c(-c3cccs3)c(C)n1[B-]2(F)F,Cc1ccccc1,530.0
9440,CCOC(=O)c1cc(C(=O)OCC)c2cccc(OC)c2n1,CCO,368.0
3997,C[N+]1=C(/C=C/C2=C3Oc4c(cc5c6c4CCCN6CCC5)C(c4ccccc4C(=O)O)=C3CCC2)C(C)(C)c2ccccc21,CCO,710.0
7671,CCN(CC)c1ccc2cc(-c3cn4ccccc4n3)c(=O)oc2c1,ClCCl,429.0
10887,Clc1ccc(/C=C(\c2ccccc2)c2nc3ccccc3s2)cc1,CO,340.0
3614,F[B-]1(F)n2c(nc(Br)c2Br)-c2cccc[n+]21,CO,357.0
2213,CN(CC(O)c1cccc(O)c1)c1ccc([N+](=O)[O-])c(C2CC(c3cccc4ccccc34)=NN2c2ccccc2)c1,CO,409.0
833,N#Cc1ccc(-c2ccc(C3=CCC(c4ccccc4)CC3)s2)s1,CCO,366.0
8626,O=C1c2cccc3cc4ccccc4c(c23)C(=O)N1Cc1ccccn1,C1CCOC1,432.0
5636,CC1(C)Nc2cc(Cl)ccc2-c2[nH]c3ccccc3c(=O)c21,CS(C)=O,424.0
9432,CCOC(=O)c1cc(C(=O)OCC)c2cc(O)ccc2n1,CCO,364.0
8223,c1ccc(-c2cc3cccc4cc(-c5ccccc5)c5cc(-c6cc7[b-]8c(c6)c(-c6ccccc6)cc6cccc(cc7-c7ccccc7)[n+]86)cc2[b-]5[n+]34)cc1,C1CCCCC1,444.0
2111,Fc1ccc(N(c2ccc(F)cc2)c2ccc3c4cccc5c(N(c6ccc(F)cc6)c6ccc(F)cc6)ccc(c6cccc2c63)c54)cc1,ClCCl,461.0
7077,CCN(CC)c1ccc2cc(-c3cc(SC)c(C#N)c(=O)o3)c(=O)oc2c1,CC#N,514.0
8965,COc1ccccc1-c1c(-c2ccccc2O)nc(-c2ccc(C(F)(F)F)cc2)n1-c1ccc(C)cc1,CS(C)=O,315.0
10706,O=C1C=CC2=Cc3ccccc3B(O)N12,CS(C)=O,364.0
1743,N#Cc1cnc(-c2c3ccccc3c(-c3ccccc3)c3ccccc23)nc1,ClCCl,394.0
9861,CCOC(=O)C1=CN(c2ccccc2)C=CC1c1ccccc1,CO,348.0
5516,CCOC(=O)c1sc(SC)c2c(=O)n(C)nnc12,CC#N,388.0
5277,Cc1ccc(-n2cccc2)cc1,CC#N,254.0
4382,CC1(C)c2ccccc2N(c2ccc(-c3nnc(-c4ccccc4O)o3)cc2)c2ccccc21,ClCCCl,368.0
10986,Cc1ccccc1C,C1CCCCC1,258.2644628
8882,COC(=O)c1cc(=O)n(C)c2cc(-c3cc(OC)c(OC)c(OC)c3)sc12,ClCCl,400.0
11576,N#Cc1ccc(C#Cc2ccc3ccc4ccc(C#Cc5ccc(C#N)cc5)c5ccc2c3c45)cc1,CCCCCCO,410.0
2543,N#CC(C#N)=C(c1cccc(N(c2ccccc2)c2ccccc2)c1)c1cccc(N(c2ccccc2)c2ccccc2)c1,Cc1ccccc1,374.8376623
930,CN1/C(=C/C=C(/C=C/c2sc3ccccc3[n+]2C)c2ccc(C(F)(F)F)cc2)Sc2ccccc21,CCO,646.0
8685,Cc1ccc([C@@H]2C[C@](O)(c3ccccn3)C[C@](O)(c3ccccn3)[C@H]2C(=O)c2ccc(N(c3ccccc3)c3ccccc3)cc2)cc1,ClCCl,372.0
1197,CN(C)c1nc(N)c2nc(C#N)n(Cc3ccccc3)c2n1,CC#N,338.0
10351,COC(=O)[C@H](Cc1ccccc1)Nc1c(C(C)=O)c(=O)oc2cc(N(C)C)ccc12,ClCCl,373.0
7502,Oc1ccccc1/C=N/C1CCCCC1/N=C/c1ccccc1O,CC#N,400.0
355,CC1=CC(C)=[N+]2C1=Cc1cccn1[B-]2(F)F,CCCCCC,493.0
1429,COc1cn2cc(-c3ccc(C#N)cc3)[n-][n+]2c1,ClCCl,378.0
9528,CCCCCCOc1ccc(C#Cc2ccc(C#Cc3ccc(OCCCCCC)c(OCCCCCC)c3)c3nsnc23)cc1OCCCCCC,CN(C)C=O,443.0
3095,CCCCCCCCCCOc1cc(OCCCCCCCCCC)cc(C2=C3C(C)=CC(/C=C/c4ccc(OC)cc4)=[N+]3[B-](F)(F)n3c(/C=C/c4ccc(OC)cc4)cc(C)c32)c1,ClC(Cl)Cl,645.0
2991,c1ccc2c(-c3ccc(-c4nnc(-c5ccc(-c6nnc(-c7ccc(-c8cccc9ccccc89)s7)o6)cc5)o4)s3)cccc2c1,CC#N,354.0
7118,COC(=O)C(Cc1ccc2oc(-c3ccc(N(C)c4ccccc4)cc3)nc2c1)NC(=O)OC(C)(C)C,CCCCCCO,351.2962833
8366,CC1=N/C(=C\c2cc(C#N)cc(N(C)C)c2)C(=O)N1C,CC#N,354.0
8552,CCn1c2ccccc2c2cc(C#Cc3cc(C#Cc4ccc5c(c4)c4ccccc4n5CC)nc(S(C)(=O)=O)n3)ccc21,ClCCl,417.0
1153,CC(C)(C)c1ccc(-c2nc3ccccc3nc2-c2cc(-c3nc4ccccc4nc3-c3ccc(C(C)(C)C)cc3)cc(-n3c4ccccc4c4ccccc43)c2)cc1,Cc1ccccc1,344.0
7440,CCn1c2ccccc2c2cc(/C=C/c3cccc[n+]3CCCS(=O)(=O)[O-])ccc21,Cc1ccccc1,424.0
332,CCC1=C(C)C2=C(C)c3c(I)c(I)cn3[B-](F)(F)[N+]2=C1C,CO,503.5
7044,O=c1c2cc(F)c(O)cc2oc2cc(O)c(F)cc12,CCO,369.0
2769,CN(C)c1ccc(/C=C/c2cnc(C#Cc3ccc(C#N)cc3)o2)cc1,ClCCl,390.0
10890,C[C@@]12SC(Cl)=CC1=c1nc(-c3ccccc3)[nH]c1=C1C=C(Cl)S[C@]12C,CC#N,322.0
1598,N#CC(C#N)=C(/C=C/c1ccc(N(c2ccccc2)c2ccccc2)cc1)c1ccccc1,CN(C)C=O,490.0
10857,COC(=O)C(NC(=O)OC(C)(C)C)c1ccc2oc(-c3ccc(OC(=O)c4ccccc4)cc3O)nc2c1,CC#N,334.0
8345,CC1=N/C(=C\c2ccccc2N(C)C)C(=O)N1C,CO,398.0
8457,c1cncc(-c2cccc3c2-c2ccccc2C32c3ccccc3-c3ccccc32)c1,C1CCCCC1,308.0
964,CCCCCCCC1=C(C)C(=O)n2c1cc1[nH]c(C(=O)OC)c(C)c1c2=O,C1CCCCC1,393.0
6537,COc1ccc(-c2c3nc(cc4ccc([nH]4)c(-c4ccc(OC)c(OCC(=O)O)c4)c4nc(cc5ccc2[nH]5)CC4)CC3)cc1OCC(=O)O,CS(C)=O,736.0
5766,CC1=CC2=Nc3nc(C)[n+](C)cc3CN2C=C1,CCO,398.0
10701,CCN(CC)c1ccc(Nc2cc3oc(-c4ccc(C#N)cc4)nc3c3ccccc23)cc1,C1COCCO1,420.0
2698,Clc1cc(Cl)c(B2c3ccccc3Nc3ccccc32)c(Cl)c1,ClCCl,396.0
4467,C(=C/c1ccc(-c2cccc3ccccc23)s1)\c1ccc(-c2cccc3ccccc23)s1,ClCCl,388.0
10920,Cc1oc(-c2ccccc2)nc1C(=O)O,O,273.0
1483,CCCCN1C(=O)C(=CC=C2N(CCCC)c3ccccc3N2CCCC)C(=O)N(CCCC)C1=S,CCO,424.0
1395,Cc1cc2ccc(-c3cccc4cccc(-c5ccc6cc(C)c(=O)oc6c5)c34)cc2oc1=O,CCOC(C)=O,325.0
8628,O=C1c2cccc3cc4ccccc4c(c23)C(=O)N1Cc1ccccn1,CCO,436.0
6723,CCOC(=O)c1c(N)sc(/N=C/c2cccs2)c1C(=O)OCC,CC#N,400.0
3281,Cc1cc(-c2ccc(C(C)(C)C)cc2)c2nsnc2c1-c1ccc(C(C)(C)C)cc1,ClCCl,376.0
10533,CC(=O)c1c(N[C@H](C(=O)O)C(C)C)c2ccc(N(C)C)cc2oc1=O,ClCCl,371.0
1426,CCCN1c2ccccc2Sc2cc(/C=C\c3cc(=O)oc4ccc(C)cc34)ccc21,ClC(Cl)Cl,423.0
2544,N#CC(C#N)=C(c1cccc(N(c2ccccc2)c2ccccc2)c1)c1cccc(N(c2ccccc2)c2ccccc2)c1,ClC(Cl)Cl,382.1428571
9589,CN1/C(=C/C=C/C=N/c2sc3ccccc3[n+]2C)C(C)(C)c2ccccc21,CS(C)=O,579.0
5440,CCCC1=Cc2nc1ccc1[nH]c(cc1CCC)c1nc(c(NC(=O)CCCC(=O)O)cc3[nH]c2cc3CCC)C(CCC)=C1,ClCCl,636.0
9568,c1ccc(N(c2ccccc2)c2ccc(-c3ccc(-c4ccc(-c5cccs5)c5nsnc45)s3)cc2)cc1,ClC(Cl)Cl,495.0
2885,CC1(C)CC(/C=C/c2cn(-c3ccccc3)nc2-c2ccccc2)=CC(=C(C#N)C#N)C1,Cc1ccccc1,422.0
5858,c1ccc(Nc2nc(Nc3ccccc3)nc(Nc3cc4ccc5cccc6ccc(c3)c4c56)n2)cc1,CO,336.0
7664,CCN(CC)c1ccc2cc(-c3cn4ccccc4n3)c(=O)oc2c1,CCO,424.0
3070,Cc1cc(=O)oc2ccc3ccc(-c4cn(Cc5ccccc5)nn4)cc3c12,CCO,352.0
2178,CCC1(CC)c2cc(Br)ccc2-c2c1c1c(c3c2C(CC)(CC)c2cc(-c4cccs4)ccc2-3)C(CC)(CC)c2cc(-c3cccs3)ccc2-1,C1CCOC1,338.0
7897,CC1=[N+]2C(=C(Oc3ccccc3)c3ccc(C)n3[B-]2(F)F)C=C1c1cc2n(c1)[B-](F)(F)[N+]1=CC=CC1=C2c1c(C)cc(C)cc1C,CCOC(C)=O,577.0
7844,CC1(C)c2ccccc2N(c2ccc(-c3n[n+]4c(o3)-c3ccccc3O[B-]4(F)F)cc2)c2ccccc21,CCOC(C)=O,361.0
1057,CCOC(=O)CCCCCn1c2ccccc2c(=O)c2cc3c(cc21)c(=O)c1cc(I)ccc1n3CCCCCC(=O)OCC,CO,535.0
7484,CCCCCCCCN1c2ccc(C#Cc3ccc(C(F)(F)F)cc3)cc2Sc2cc(C=O)ccc21,ClC(Cl)Cl,389.9914348
11158,COCCOCCOc1cc(C=O)c(OCCOCCOC)cc1C=O,NC=O,357.0
4759,CN(C)CCN(Cc1c2ccccc2cc2ccccc12)c1ccc([N+](=O)[O-])cc1[N+](=O)[O-],CN(C)C=O,395.0
9431,CCOC(=O)c1cc(C(=O)OCC)c2cc(NC)ccc2n1,CCO,429.0
2968,CCCCCCCCC1(CCCCCCCC)c2cc(-c3ccc(C=C4C(=O)c5ccccc5C4=O)cc3)ccc2-c2ccc(-c3ccc(C=C4C(=O)c5ccccc5C4=O)cc3)cc21,ClC(Cl)Cl,444.0
7267,COC1=[N+]2C(=C(c3ccccc3)c3ccc(OC)n3[B-]2(F)F)C=C1SC#N,CCCCCC,514.0
3123,O=Cc1cc(C=O)c2ccc3c(N4CCCCC4)cc(N4CCCCC4)c4ccc1c2c43,ClCCl,534.0
9478,N#Cc1ccc(/C=C/c2ncc(-c3ccccc3)o2)cc1,ClCCl,360.0
1544,CN(C)c1ccc(/C=C/C=C/C=C/c2ccc(N(C)C)cc2)cc1,CCCCCC,396.0
5992,COc1cc(OC)cc(-c2nnc(-c3ccc(-c4nnc(-c5cc(OC)cc(OC)c5)o4)cc3)o2)c1,C1CCOC1,320.0
11234,COc1cc(C(=O)O)ccc1O,C1CCCCC1,287.2
8483,CSc1cc(-c2cc3cc4c5c(c3oc2=O)CCCN5CCC4)oc(=O)c1C#N,ClC(Cl)Cl,538.0
7767,CN(C)c1ccc(C#Cc2ccc(C#Cc3ccc(C#Cc4ccccc4C#N)cc3C#N)cc2C#N)cc1,CC#N,413.0
9089,COc1cc2c(cc1OC)C1=C3C(=O)N4C=Cc5cc(OC)c(OC)cc5C4=C3C(=O)N1C=C2,ClC(Cl)Cl,593.0
724,Clc1nc(Cl)nc(Nc2ccc3cc4ccccc4cc3c2)n1,CCOC(C)=O,394.0
7782,F[B-]1(F)n2c(cc(Br)c2Br)C(c2ccccc2)=C2C=C(Br)C(c3ccc[nH]3)=[N+]21,ClC(Cl)Cl,626.0
7344,CCCCCCCCCCCCCCCCCCOC(=O)/C=C/C1=CC2=C(c3c(C)cc(C)cc3C)c3cc(/C=C/C(=O)OCCCCCCCCCCCCCCCCCC)cn3[B-](F)(F)[N+]2=C1,ClCCl,578.0
7716,CN(C)c1ccc(/C=C2\CCCC2=O)cc1,ClC(Cl)Cl,383.0
1127,COc1c2ccccc2c(OC)c2c1c1ccccc1n2C,CC#N,406.0
4902,CCCN1c2ccccc2Sc2cc(C#CC3=C4C=CC=[N+]4[B-](F)(F)n4cccc43)ccc21,ClCCl,540.0
11328,CCN(CC)c1ccc(OC)c(C=O)c1,ClCCl,415.0
6772,CC1(C)CC(=O)C2=C(C1)Oc1ccc3ccccc3c1C2c1ccccn1,CO,275.0
1586,C[Si]1(C)C2=CC(=[N+]3CCC3)C=C(F)C2=Nc2c(F)cc(N3CCC3)cc21,CCO,709.0
5264,Cc1ccc(N(c2ccc(C)cc2)c2ccc(Oc3nnc(Cl)nn3)cc2)cc1,ClCCl,523.0
11244,Cc1cc(C)cc(C)c1,C1CCCCC1,261.5746796
9393,CCN(CC)c1ccc2cc(/C=C(\C#N)c3nc4ccccc4s3)c(=O)oc2c1,CO,512.0
1561,COc1ccc(/C=C/C=C/C=C/c2ccc([N+](=O)[O-])cc2)cc1,ClC(Cl)Cl,421.0
5321,CC(C)(C)c1cc2c(c(C(C)(C)C)c1)O[B-](F)(F)[n+]1c-2nc(-c2ccccc2)c2cc(Cl)ccc21,Cc1ccccc1,420.0
10079,C#CCn1c2ccccc2c2cc(/C=C/c3c(Cl)c(C)c4n3[B-](F)(F)[N+]3=C(C)C(Cl)=C(C)C3=C4c3ccc(I)cc3)ccc21,ClC(Cl)Cl,619.0
7934,CCOc1ccc2c(-c3nc(-c4cccc(C)c4)no3)cc(=O)oc2c1,ClC(Cl)Cl,322.0
7764,CSc1ccc(C#Cc2ccc(C#Cc3ccc(C#Cc4ccccc4C#N)cc3C#N)cc2C#N)cc1,ClC(Cl)Cl,375.0
6785,Cc1cc(=O)c2ccc(N)cc2o1,O,322.0
4884,c1cc2c3c(cccc3c1)-c1c-2ccc2c1ccc1ccccc12,CCCCCCC,405.0
7717,CN(C)c1ccc(/C=C2\CCCC2=O)cc1,ClCCl,383.0
11453,CCCCn1c(-c2ccc(-c3nnc(-c4ccc(-c5nc(-c6ccccc6)c(-c6ccccc6)n5CCCC)cc4)o3)cc2)nc(-c2ccccc2)c1-c1ccccc1,ClCCl,352.0
5910,O=C(N/N=C/c1ccccc1O)c1ccccc1,ClCCl,330.0
1808,CC(C)(C)c1ccc(-c2nc3c4ccccc4c4ccccc4c3n2-c2ccc(C(C)(C)C)cc2)cc1,CN(C)C=O,313.0
2889,CC1(C)CC(/C=C/c2cn(-c3ccccc3)nc2-c2ccc([N+](=O)[O-])cc2)=CC(=C(C#N)C#N)C1,C1COCCO1,411.0
4385,CC1(C)c2ccccc2N(c2ccc(-c3nnc(-c4ccccc4O)o3)cc2)c2ccccc21,CCCCCC,362.0
6372,CC1=N/C(=C\c2ccncc2)C(=O)N1C,CCO,351.0
10704,O=C1C=CC2=Cc3ccccc3B(O)N12,CC#N,360.0
10504,CC(C)(C)c1ccc(-c2nnc(-c3ccc4ccc5cccc6ccc3c4c56)o2)cc1,C1CCOC1,392.0
6577,COc1ccc(C#Cc2c3ccccc3c(C#Cc3ccc(OC)cc3)c3cc4sc(C)cc4cc23)cc1,ClCCl,520.0
3287,CN(C)CCN(Cc1c2ccccc2cc2ccccc12)c1ccc([N+](=O)[O-])cn1,C1CCCCC1,389.0
9915,Cc1ccc(-c2cc(-c3ccccc3Cl)c3c(N)nc(N4CCCC4)c(C#N)c3n2)cc1,CC#N,414.0
6699,C#CCOc1ccc(/C=C/C2=[N+]3C(=C(c4ccc(N(C)C)cc4)c4c(C)cc(C)n4[B-]3(F)F)C(C)=C2)cc1,CO,567.0
9286,Oc1c(-c2nc3c4ccc(-c5ccccc5)cc4c4cc(-c5ccccc5)ccc4c3[nH]2)ccc2c1c1ccccc1n2-c1ccccc1,CC#N,389.0
2605,COc1ccc(-c2c3ccccc3c(C#Cc3ccccc3)c3ccccc23)cc1,ClCCl,411.0
5667,C(#Cc1ccc(N(c2ccc(C#Cc3ccc(-c4cc(-c5ccccc5)nc(-c5ccccc5)c4)cc3)cc2)c2ccc(C#Cc3ccc(-c4cc(-c5ccccc5)nc(-c5ccccc5)c4)cc3)cc2)cc1)c1ccc(-c2cc(-c3ccccc3)nc(-c3ccccc3)c2)cc1,C1CCOC1,379.0
1392,Cc1cc2ccc(-c3cccc4cccc(-c5ccc6cc(C)c(=O)oc6c5)c34)cc2oc1=O,C1COCCO1,324.0
9944,Cc1cc(C2(c3cc(C)c(O)c(Br)c3)OS(=O)(=O)c3ccccc32)cc(Br)c1O,CC(C)O,413.0
10211,F[B-]1(F)OC(c2ccc(Br)cc2)=Cc2ccc3ccccc3[n+]21,ClC(Cl)Cl,430.0
752,O=C(O)c1ccccc1Nc1cccc(C(F)(F)F)c1,C1CCCCC1,355.0
10334,CS(=O)(=O)c1ccc(-c2cc3ccc(N)cc3c(=O)o2)cc1,CO,358.0
3737,CC[N+](CC)=c1ccc2c(-c3ccccc3C(=O)O)c3oc4cc(N)ccc4c3oc-2c1,CCO,572.0
11555,Nc1ccc(C#Cc2ccc3ccc4ccc(C#Cc5ccc(N)cc5)c5ccc2c3c45)cc1,C1COCCO1,420.0
5605,Cc1cc(C)c(B(c2ccc(-c3ccc(-c4nc5c6ccccc6c6ccccc6c5[nH]4)cc3)cc2)c2c(C)cc(C)cc2C)c(C)c1,CC(C)=O,373.0
10081,C#CCn1c2ccccc2c2cc(/C=C/c3cc(C)c4n3[B-](F)(F)[N+]3=C(C)C=C(C)C3=C4c3ccc(I)cc3)ccc21,CS(C)=O,589.0
3215,Nc1ccc2c(c1)C(=O)N(C13C[C@H]4C[C@@H](C1)C[C@@H](C3)C4)C2=O,Cc1ccccc1,353.0
8925,Cc1ccc(-c2ccc(/C=C/c3cccn3C)cn2)nc1,C1COCCO1,381.0
11498,COc1ccc(/C=C/c2cc(/C=C/c3ccc(OC)cc3)nc(/C=C/c3ccc(N(C)C)cc3)n2)cc1,ClCCl,370.0
10086,O=C1CC(c2ccc([N+](=O)[O-])cc2)c2c(c3ccccc3c3nc4cc(Cl)c(Cl)cc4nc23)O1,ClC(Cl)Cl,421.0
