row_idx_in_train,smiles,solvent,peakwavs_max
503,CCCCCCCCn1nc2c(-c3ccc(C(=O)O)cc3)c3nc(-c4ccccc4)c(-c4ccccc4)nc3c(-c3ccc(-c4ccc(N5c6ccccc6C6C7CCC(C7)C65)cc4)s3)c2n1,ClCCl,617.0
67,CC1(C)CC(/C=C/c2ccc(N(c3ccccc3)c3ccc(N(c4ccccc4)c4ccccc4)cc3)cc2)=C/C(=C(/C#N)C(=O)O)C1,ClC(Cl)Cl,508.0
842,CCCCCCSC1=C(SCCCCCC)SC(=Cc2ccc(-c3ccc(-c4ccncc4)cc3)s2)S1,C1CCOC1,417.0
643,CCCCCCOc1ccc(N(c2ccc(OCCCCCC)cc2)c2ccc(-c3ccc(-c4ccc(/C=C(\C#N)C(=O)O)s4)c4nsnc34)cc2)cc1,C1CCOC1,514.0
240,CCCCC(CC)CN1C(=O)/C(=C2/C(=O)N(CC(CC)CCCC)c3cc(-c4ccc(/C=C(\C#N)C(=O)O)s4)ccc32)c2ccc(-c3ccc4c(c3)C3CCCC3N4c3ccc(C)cc3)cc21,ClCCl,579.0
543,CCCCCCCCN1/C(=C/C2=C([O-])/C(=C\C3=[N+](CCCCCCCC)c4ccc(C(=O)O)cc4C3(C)C)C2=C(C#N)C#N)C(C)(C)c2ccccc21,CN(C)C=O,688.0
432,C[C@@]12SC(/C=C/c3ccc(N(c4ccccc4)c4ccccc4)cc3)=CC1=C1CCCC1=C1C=C(C(=O)O)S[C@]12C,ClCCl,574.0
570,CCCCCCOc1ccc(N(c2ccc(OCCCCCC)cc2)c2ccc(-c3cc4c(s3)c3sc(/C=C(\C#N)C(=O)O)cc3n4-c3ccc(OCCCCCC)cc3OCCCCCC)cc2)cc1,ClCCl,492.0
168,N#CC(=Cc1cc2sc(-c3cccs3)cc2s1)C(=O)O,CCO,399.0
196,CCCCn1c2cc(-c3ccc(-c4ccc(/C=C(\C#N)C(=O)O)s4)s3)ccc2c2ccc(N(c3ccccc3)c3ccccc3)cc21,ClCCl,489.0
423,CCCCCCSC1=C(SCCCCCC)SC(=Cc2ccc(-c3ccc(-c4ccncc4)s3)cc2)S1,C1CCOC1,407.0
575,N#C/C(=C\c1ccc(-c2cc3sc4cc(-c5ccc(N(c6ccc7c(c6)OCCO7)c6ccc7c(c6)OCCO7)cc5)sc4c3s2)s1)C(=O)O,ClCCl,512.0
1149,CCCCCCOc1ccc(N(c2ccc(OCCCCCC)cc2)c2ccc(-c3cc4c(s3)-c3sc(-c5ccc6cc(C=O)c(=O)[nH]c6c5)cc3C4(CCCCCC)CCCCCC)cc2)cc1,ClCCl,518.0
1256,Cc1ccc(N(c2ccc(C)cc2)c2ccc3c(c2)C(c2ccc(C)cc2)(c2ccc(C)cc2)c2cc(-c4c(F)c(F)c(-c5ccc(C(=O)O)cc5)c5nsnc45)sc2-3)cc1,ClC(Cl)Cl,525.0
1148,CCCCn1c2ccc(/C=C(\C#N)C(=O)O)cc2c2nc3ccccc3nc21,C1CCOC1,355.0
49,CCCCCCCCc1cc(-c2sc(-c3ccc(-c4cc(CCCCCCCC)c(-c5ccc(-c6ccc(/C=C(\C#N)C(=O)O)cc6)s5)s4)c4nsnc34)cc2CCCCCCCC)sc1-c1ccc(N(c2ccccc2)c2ccccc2)cc1,ClCCl,529.0
899,Cc1ccc(N(c2ccc(C)cc2)c2ccc(-c3nnc(-c4ccc(C=C(C#N)C(=O)O)cc4)o3)cc2)cc1,C1CCOC1,385.0
115,N#CC(=Cc1ccc(N(c2ccccc2)c2ccccc2)cc1)C(=O)O,CO,400.0
1134,CCCCCCc1cc(C=C(C#N)C(=O)O)sc1-c1ccc(C=C2c3ccc(N(c4ccc(OC)cc4)c4ccc(OC)cc4)cc3-c3cc(N(c4ccc(OC)cc4)c4ccc(OC)cc4)ccc32)s1,ClCCl,416.0
1111,O=C(O)CN1/C(=C/C2=C([O-])/C(=C/c3sc4ccccc4[n+]3CC(=O)O)C2=O)Sc2ccccc21,CO,660.0
78,CCCCN(CCCC)c1ccc(-c2ccc(/C=C/c3ccc(C(=O)[O-])c[n+]3C)s2)s1,CC#N,555.0
471,CCCCCCCCN(CCCCCCCC)c1ccc(C2=C([O-])/C(=C/c3[se]c4ccccc4[n+]3CC(=O)O)C2=O)cc1,C1CCOC1,631.0
237,CCN1C(=O)/C(=c2\s/c(=C\c3ccc4c(c3)C3CCCC3N4c3ccc(C=C(c4ccccc4)c4ccccc4)cc3)c(=O)n2CC(=O)O)SC1=S,ClC(Cl)Cl,547.3333333333334
289,CCCCCCN1c2ccccc2Oc2cc(/C=C(\C#N)C(=O)O)ccc21,C1CCOC1,474.0
316,CCC1(CC)c2cc(-c3ccc(/C=C(\C#N)C(=O)O)s3)ccc2-c2ccc(-c3ccc(-c4ccc5c(c4)C(CC)(CC)c4cc(N(c6ccccc6)c6cccc7ccccc67)ccc4-5)s3)cc21,C1CCOC1,423.0
941,N#C/C(=C/c1ccc(N(c2ccccc2)c2ccccc2)cc1)C(=O)O,CCO,395.0
43,Cc1ccc(N(c2ccc(C)cc2)c2ccc3c(c2)C(c2ccc(C)cc2)(c2ccc(C)cc2)c2cc(-c4ccc(-c5ccc(C(=O)O)cc5)c5nsnc45)sc2-3)cc1,ClC(Cl)Cl,532.0
1043,CCCCCCOc1c2ccccc2c(OCCCCCC)c2cc(N(c3ccccc3)c3ccc4c(c3)Sc3cc(/C=C(/C#N)C(=O)O)ccc3N4CCCCCC)ccc12,C1CCOC1,422.0
65,CCCCC(CC)Cn1c2ccc(-c3ccc4c(c3)c3nc5ccccc5nc3n4CC(CC)CCCC)cc2c2cc(-c3ccc(/C=C(/C#N)C(=O)O)s3)ccc21,ClCCl,465.0
309,N#C/C(=C\c1ccc(-c2ccc(-c3ccc(N(c4ccccc4)c4ccccc4)cc3)cc2)cc1)C(=O)O,C1CCOC1,380.0
818,CCCCCCOc1ccc(N(c2ccc(OCCCCCC)cc2)c2ccc(-c3cc4c(s3)c(OCCCCCC)c(OCCCCCC)c3sc(/C=C(\C#N)C(=O)O)cc34)s2)cc1,ClC(Cl)Cl,502.0
887,CCCCCCCCC(CCCCCC)COc1ccc(-c2cc3c4c5c2cccc5c2cccc5c(C=C(C#N)C(=O)O)cc(c4c52)n3CC(CCCCCC)CCCCCCCC)cc1,C1CCOC1,508.0
1048,CCCOC1Cc2cc(/C=C3\SC(=S)N(CC(=O)O)C3=O)ccc2N(c2ccccc2)C1,C1CCOC1,472.0
892,CCCCCCn1c2c(c3cc(-c4ccc(/C=c5\sc(=C(C#N)C#N)[nH]c5=O)s4)ccc31)C(CCCCCC)(CCCCCC)c1ccccc1-2,ClCCl,498.0
823,CCCCCC1c2c(C)c(/C=C(/C#N)C(=O)O)c(C)n2[B-](F)(F)[N+]2=C(C)C(c3ccc4c(c3)Sc3ccccc3N4CCC)=C(C)C12,ClCCl,530.0
1323,N#C/C(=C\c1ccc([N+](=O)[O-])cc1)c1ccc(N(c2ccc(/C=C\C(=O)O)cc2)c2ccc(/C=C\C(=O)O)cc2)cc1,C1CCOC1,556.0
1031,O=C(O)CN1C(=O)/C(=C\c2ccc(N(c3ccccc3)c3ccccc3)cc2)SC1=S,CO,458.0
365,CCCCCCn1c2ccccc2c2cc(-c3ccc(-c4cc(-c5ccc(/C=C(\C#N)C(=O)O)s5)c(-c5ccc(/C=C(\C#N)C(=O)O)s5)s4)s3)ccc21,C1CCOC1,482.0
551,CC(C)(C)c1ccc(-c2ccc(N(c3ccc(/C=C/c4ccc(/C=C(/C#N)C(=O)O)o4)cc3)c3ccc(-c4ccc(C(C)(C)C)cc4)cc3)cc2)cc1,CCO,456.0
1277,CCCCOc1ccc(N(c2ccc(OCCCC)cc2)c2ccc(-c3ccc(-c4ccc5c(c4)C4(OCCO4)C4(OCCO4)c4cc(-c6ccc(/C=C(\C#N)C(=O)O)s6)ccc4-5)s3)cc2)cc1,ClC(Cl)Cl,420.0
756,CCCCCCCCN(CCCCCCCC)c1ccc(C#Cc2c3ccccc3c(C#Cc3ccc(C(=O)O)cc3)c3ccccc23)cc1,C1CCOC1,499.0
265,CCCCCCc1ccc(-c2ccc3c(c2)Oc2cc(C=C(C#N)C(=O)O)ccc2N3CCCCCC)s1,C1CCOC1,465.0
596,O=C(O)c1cc2c(cc1C(=O)O)/N=C/c1cc(N(c3ccccc3)c3ccccc3)ccc1O[Zn]Oc1ccc(N(c3ccccc3)c3ccccc3)cc1/C=N/2,C1CCOC1,470.0
231,O=C(O)c1ccc(/C2=C3\C=CC(=N3)/C(c3ccccc3)=c3/cc/c4n3[Zn]n3c(ccc32)/C(c2ccccc2)=C2/C=CC(=N2)/C=4c2ccccc2)cc1,ClC(Cl)Cl,594.0
1289,CCCCCCc1ccc(N2c3ccc(-c4ccc(/C=C(/C#N)C(=O)O)s4)cc3Sc3cc(-c4ccc(/C=C(/C#N)C(=O)O)s4)ccc32)cc1,CN(C)C=O,445.0
970,Cn1c(-c2ccc(N(c3ccccc3)c3ccccc3)cc2)ccc1-c1ccc(/C=C(\C#N)C(=O)O)s1,C1CCOC1,472.0
277,CCCCCCOc1ccc(N(c2ccc(OCCCCCC)cc2)c2ccc(-c3cc4c(s3)-c3sc(-c5ccc6cc(C(=O)O)c(=O)[nH]c6c5)cc3C4(CCCCCC)CCCCCC)cc2)cc1,ClCCl,504.0
297,O=C1NC(=O)/C(=C/c2ccc(N(c3ccccc3)c3ccccc3)cc2)N1,C1CCOC1,427.0
1027,CC1(C)CCN2CCC(C)(C)c3c2c1cc1cc(/C=C(/C#N)C(=O)O)c(=O)oc31,CCO,493.0
873,CSC1=C(SC)SC(=Cc2ccc(N(c3ccc(C=C4SC(SC)=C(SC)S4)cc3)c3ccc(/C=C(\C#N)C(=O)O)cc3)cc2)S1,CO,443.0
785,N#C/C(=C\c1ccc(-c2sc(-c3ccc(N(c4ccccc4)c4ccccc4)cc3)c3c2OCCO3)c(F)c1)C(=O)O,CN(C)C=O,440.0
693,N#C/C(=C\c1ccc(/C=C/c2cc3ccc2CCc2ccc(c(/C=C/c4ccc(/C=C/c5ccc(N(c6ccccc6)c6ccccc6)cc5)cc4)c2)CC3)cc1)C(=O)O,C1CCOC1,400.0
1252,CC(C)(C)c1cc(/C2=C3\C=CC(=N3)/C(c3cc(C(C)(C)C)cc(C(C)(C)C)c3)=c3/cc/c4n3[Zn]n3c(ccc32)/C=C2\N=C(C=C2/C=C/C=C/C(=O)O)/C=4c2cc(C(C)(C)C)cc(C(C)(C)C)c2)cc(C(C)(C)C)c1,CCO,599.0
553,CCCCCCCCN1C(=O)/C(=c2\s/c(=c3/c(=Cc4ccc5c(c4)C4CCCC4N5c4ccc(C=C(c5ccccc5)c5ccccc5)cc4)sc(=O)n3CC(=O)O)c(=O)n2CCCCCCCC)SC1=S,ClC(Cl)Cl,574.0
218,O=C(O)c1ccc(/C=C/c2cccc(N(c3ccccc3)c3ccccc3)c2)cc1,C1CCOC1,385.0
578,CN(CCO[Si](C)(C)C(C)(C)C)c1ccc(-c2ccc(C=C(C#N)C(=O)O)c3nsnc23)cc1,C1CCOC1,524.0
346,CCCCCCOc1ccc(N(c2ccc(OCCCCCC)cc2)c2ccc(-c3ccc(C=C(C#N)C(=O)O)o3)cc2)cc1,ClC(Cl)Cl,506.0
184,c1ccc(N(c2ccccc2)c2ccc3c(c2)[nH]c2cc(-c4ccncc4)ccc23)cc1,C1COCCO1,372.0
1312,O=C(O)CN1C(=O)C(=Cc2ccc(Nc3ccc(-c4ccccc4)cc3)cc2)SC1=S,CCO,455.0
51,N#C/C(=C\c1ccc(-c2cc(-c3ccc(N(c4ccccc4)c4ccccc4)cc3)sc2-c2ccc(/C=C(\C#N)C(=O)O)cc2)cc1)C(=O)O,C1CCOC1,451.0
1253,CCCCCCc1ccc(-c2cc3cc(-c4ccc(-c5ccc(C=C(C#N)C(=O)O)s5)s4)ccc3n2-c2ccc3c(c2)C(C)(C)c2ccccc2-3)cc1,CCO,431.0
1113,CC(C)(C)c1ccc(C2=CC(=Cc3sc(/C=C(\C#N)C(=O)O)c4c3OCCO4)C=C(c3ccc(C(C)(C)C)cc3)O2)cc1,ClCCl,594.0
965,CCCCCCN1c2ccccc2Sc2cc(/C=C(\C#N)C(=O)O)ccc21,ClCCl,459.0
862,CCCCN1C(=O)C2=C(c3ccc(-c4ccc(/C=C(\C#N)C(=O)O)o4)cc3)N(CCCC)C(=O)C2=C1c1ccc(-c2ccc(N(c3ccc(OC)cc3)c3ccc(OC)cc3)cc2)cc1,ClCCl,525.0
802,CCCCOc1ccc(-c2ccc3c(c2)Sc2cc(-c4ccc(-c5ccc(/C=C(\C#N)C(=O)O)s5)s4)ccc2N3CCCC)c(OCCCC)c1,ClCCl,457.0
32,N#C/C(=C\c1ccc(-c2ccc(-c3ccc(N(C4=CC=CCC4)c4ccccc4)cc3)s2)s1)C(=O)O,C1CCOC1,473.0
617,CCCCCCCCN(CCCCCCCC)c1ccc(C2=C([O-])/C(=C/C3=[N+](CC(=O)O)c4ccccc4C3(C)C)C2=O)cc1,c1ccccc1,634.0
477,COC1CCC2/C3=C4\CC/C5=C(\C6C(C)CC(C)CC6C)C6=N/C(=C(/C7CCC(C(=O)O)CC7)C7CCC(/C(C8C(C)CC(C)CC8C)=C8/C=C(C3=N8)C3CCCC1C32)N7[Zn]N45)C=C6,ClCCl,679.0
411,CC1(C)CC(/C=C/c2ccc(N(c3ccccc3)c3ccccc3)cc2)=C/C(=C(/C#N)C(=O)O)C1,ClC(Cl)Cl,487.0
926,CCCCCCc1cc(-c2ccc3c(c2)C(=O)c2cc(-c4cc(CCCCCC)c(-c5ccc(N(c6ccc(C)cc6)c6ccc(C)cc6)cc5)s4)ccc2-3)sc1C=C(C#N)C(=O)O,ClC(Cl)Cl,303.0
275,N#C/C(=C\c1ccc(/C=C/c2ccc(N(c3ccccc3)c3ccccc3)cc2)cc1)C(=O)O,C1CCOC1,433.0
649,CCCCCCCC[N+]1=C(C=C2C(=O)C(/C=C3/N(CC)c4ccc(N(c5ccc(OC)cc5)c5ccc(OC)cc5)cc4C3(C)C)=C2[O-])C(C)(C)c2cc(C(=O)O)ccc21,CCO,658.0
549,N#C/C(=C\c1ccc(-c2ccc(-c3ccc(C#Cc4ccc(N(c5ccccc5)c5ccccc5)cc4)s3)c3nsnc23)s1)C(=O)O,C1CCOC1,515.0
344,CCCCCCOc1ccc(-c2ccc(-c3c(CC(CC)CCCC)c4cc(-c5ccc(OCCCCCC)cc5OCCCCCC)ccn4c3-c3ccc(/C=C(\C#N)C(=O)O)s3)cc2)c(OCCCCCC)c1,ClCCl,610.0
76,CCCCCCCCN1C(=O)/C(=C2/C(=O)N(CCCCCCCC)c3cc(-c4ccc(/C=C(/C#N)C(=O)O)o4)ccc32)c2ccc(-c3ccc(N(c4ccc(OC)cc4)c4ccc(OC)cc4)cc3)cc21,ClCCl,589.0
605,CCCCCCCCOCc1cccc(OCCCCCCCC)c1/C1=C2\C=CC(=N2)/C(CCc2ccc(C(=O)O)cc2)=c2/cc/c3n2[Zn]n2c1ccc2/C(N(c1ccc(C)cc1)c1ccc(C)cc1)=C1/C=CC(=N1)/C=3N(c1ccc(C)cc1)c1ccc(C)cc1,CCO,657.0
259,CCC1(CC)c2cc(/C=C/c3ccc(C=C(C#N)C(=O)O)o3)ccc2-c2ccc(N(c3ccccc3)c3ccccc3)cc21,C1CCOC1,459.0
1361,CCCCCCN1c2ccccc2Sc2cc(/C=C(\C#N)C(=O)O)ccc21,C1CCOC1,438.0
1070,CCCCCCC1(CCCCCC)c2cc(-c3ccc(C=C(C#N)C#N)s3)ccc2-c2ccc(N(c3ccccc3)c3ccc(C(=O)O)cc3)cc21,C1CCOC1,461.0
367,CCCCCCc1cc(-c2cc3c(s2)c2ccccc2n3CC)sc1-c1cc(CCCCCC)c(-c2cc(CCCCCC)c(-c3sc(/C=C(\C#N)C(=O)O)cc3CCCCCC)s2)s1,Cc1ccccc1,490.0
737,CCCCCCCCN(CCCCCCCC)c1ccc(C#C/C2=C3\C=CC(=N3)/C(c3cc(C(C)(C)C)cc(C(C)(C)C)c3)=c3/cc/c4n3[Zn]n3c2ccc3/C(c2cc(C(C)(C)C)cc(C(C)(C)C)c2)=C2/C=CC(=N2)/C=4C#Cc2ccc(C(=O)O)cc2)cc1,C1CCOC1,677.0
1092,CCCCCCN1c2ccc(/C=C(\C#N)C(=O)O)cc2Sc2cc(-c3ccc(C(=C(c4ccccc4)c4ccccc4)c4ccccc4)cc3)ccc21,ClCCl,474.0
754,CCCCCCOc1ccc(N(c2ccc(OCCCCCC)cc2)c2ccc(-c3ccc4c(c3)S(=O)(=O)c3cc(-c5csc6cc([C@H](C#N)C(=O)O)sc56)ccc3N4CCCCCC)cc2)cc1,C1CCOC1,424.0
270,Cn1c(-c2ccc(/C=C(\C#N)C(=O)O)cc2)ccc1-c1ccc(N(c2ccccc2)c2ccccc2)cc1,C1CCOC1,437.0
634,N#C/C(=C\c1ccc(-c2ccc(-c3ccc(N(c4ccc(/C=C/c5ccccc5)cc4)c4ccc(/C=C/c5ccccc5)cc4)cc3)s2)s1)C(=O)O,C1CCOC1,477.0
233,Cc1ccc(N(c2ccc(C)cc2)c2ccc(-n3ccc4cc(-c5cc(C)c(/C=C(\C#N)C(=O)O)s5)ccc43)cc2)cc1,ClC(Cl)Cl,430.0
63,CCCCn1c2cc(-c3ccc(-c4ccc(/C=C(\C#N)C(=O)O)s4)s3)ccc2c2ccc(N(c3ccccc3)c3ccc4c(c3)C(CCC)(CCC)c3ccccc3-4)cc21,ClCCl,490.0
175,CC1(C)CCN2CCC(C)(C)c3c2c1cc1cc(-c2ccc(-c4sc(-c5ccc(/C=C(\C#N)C(=O)O)s5)c5c4OCCO5)s2)c(=O)oc31,C1CCOC1,527.0
413,CCCCn1c(-c2ccc(-c3ccc(/C=C(\C#N)C(=O)O)s3)s2)nc2c3cccc4ccc5cccc(c5c43)c21,C1CCOC1,452.0
247,O=C(O)CN1C(=O)/C(=C\C=C\c2ccc(N(c3ccccc3)c3ccccc3)cc2)SC1=S,CO,476.0
435,CCn1c(-c2cc(-c3nc(-c4ccc5c(c4)C(CC)(CC)c4ccccc4-5)c(-c4ccc5c(c4)C(CC)(CC)c4ccccc4-5)n3CC)c3c(c2)C(CC)(CC)c2cc(-c4ccc(-c5ccc(/C=C(\C#N)C(=O)O)s5)s4)ccc2-3)nc(-c2ccc3c(c2)C(CC)(CC)c2ccccc2-3)c1-c1ccc2c(c1)C(CC)(CC)c1ccccc1-2,C1CCOC1,459.0
163,N#C/C(=C\c1ccc2c(c1)Sc1ccccc1N2CCCCCCCCN1c2ccccc2Sc2cc(/C=C(\C#N)C(=O)O)ccc21)C(=O)O,CN(C)C=O,402.0
44,CCCCCCCCc1cc(-c2sc(-c3ccc4c(c3)C(C)(C)c3cc(C=C(C#N)C(=O)O)ccc3-4)cc2CCCCCCCC)sc1-c1ccc(N(c2ccccc2)c2ccccc2)cc1,C1CCOC1,423.0
1315,CCCCCCCC[N+]1=C(/C=C2/C(=O)C(c3ccc(-c4ccc(-c5ccc(N(c6ccc7c(c6)C(C)(C)c6ccccc6-7)c6ccc7c(c6)C(C)(C)c6ccccc6-7)cc5)s4)n3C)=C2[O-])C(C)(C)c2cc(C(=O)O)ccc21,C1CCOC1,669.0
1073,N#C/C(=C\c1ccc(/C=C/c2ccc(N(c3ccccc3)c3ccccc3)cc2)cc1F)C(=O)O,C1CCOC1,436.0
527,CCN1/C(=C\C=C2/SC(=S)N(CC(=O)O)C2=O)C(C)(C)c2ccccc21,CCO,490.0
720,CC(C)(C)OC(=O)c1ccc(OCCCCCCn2c(/C=C/c3ccc(N(c4ccccc4)c4ccccc4)cc3)ccc2/C=C(\C#N)C(=O)O)cc1,ClCCl,486.0
588,CCCCC(CC)Cn1c2cc(-c3ccc(/C=C(\C#N)C(=O)O)s3)ccc2c2nc3ccccc3nc21,ClCCl,439.0
901,CC1(C)c2ccccc2-c2ccc(N(c3ccc(-c4cc5sc(-c6ccc(C=C(C#N)C(=O)O)cc6)cc5s4)cc3)c3ccc4c(c3)C(C)(C)c3ccccc3-4)cc21,C1CCOC1,415.0
486,CCCCCCN1c2ccc(C#Cc3ccc4ccc5cccc6ccc3c4c56)cc2Sc2cc(/C=C(\C#N)C(=O)O)ccc21,CC#N,438.0
1243,O=C(O)c1ccc2c(c1)/N=C/c1cc(N(c3ccccc3)c3ccccc3)ccc1O[Zn]Oc1ccc(N(c3ccccc3)c3ccccc3)cc1/C=N/2,C1CCOC1,470.0
192,CCn1c2ccc(-c3ccncc3)cc2c2cc(-c3ccncc3)ccc21,C1CCOC1,327.0
1114,CCCCCCSC1=C(SCCCCCC)SC(=C(C(=C2SC(SCCCCCC)=C(SCCCCCC)S2)c2ccc(-c3ccc(-c4ccncc4)cc3)s2)c2ccc(-c3ccc(-c4ccncc4)cc3)s2)S1,C1CCOC1,419.0
665,Oc1ccc(/C2=C3\C=CC(=N3)/C(c3ccc(O)cc3O)=c3/cc/c4n3[Zn]n3c2ccc3/C(c2ccc(O)cc2O)=C2/C=CC(=N2)/C=4c2ccc(O)cc2O)c(O)c1,CCO,425.0
807,O=C(O)CN1C(=O)/C(=C\c2ccc(N(c3ccccc3)c3ccccc3)cc2)SC1=S,ClCCl,485.0
296,CCCCCCOc1ccc(-c2ccc3c(c2)Sc2cc(/C=C(\C#N)C(=O)O)ccc2N3CCCCCC)cc1,ClCCl,474.0
573,N#C/C(=C\c1ccc(-c2ccc(N(c3ccccc3)c3ccccc3)cc2)o1)C(=O)O,C1CCOC1,456.0
1185,CCCCCCc1ccc(-c2cc(CCCCCC)c(-c3ccc(-c4sc(-c5ccc(P(=O)(O)O)s5)cc4CCCCCC)c4nsnc34)s2)s1,ClC(Cl)Cl,504.0
101,Cc1ccc(N(c2ccc(C)cc2)c2ccc(-c3sc(-c4cc5c(s4)-c4sc(C=C(C#N)C(=O)O)cc4C5=O)c4c3OCCO4)cc2)cc1,CN(C)C=O,627.0
428,CCCCn1c2ccc(/C=C(\C#N)C(=O)O)cc2c2cc(/C=C(\C#N)C(=O)O)ccc21,ClCCl,398.0
774,CCCCCCCCn1c(-c2ccc(C3=C(C)C4=C(CCCCC)c5c(C)c(C=C(C#N)C(=O)O)c(C)n5[B-](F)(F)[N+]4=C3C)s2)nc2c3ccccc3c3ccccc3c21,ClC(Cl)Cl,532.0
1282,N#C/C(=C\c1ccc(-c2cc3sc(-c4ccc(N(c5ccccc5)c5ccccc5)cc4)cc3s2)s1)C(=O)O,ClCCl,503.0
522,CCCCCCn1c2ccc(C=C(C#N)C(=O)O)cc2c2cc(-c3ccc(C=C(c4ccc(-n5c6ccccc6c6ccccc65)cc4)c4ccc(-n5c6ccccc6c6ccccc65)cc4)cc3)ccc21,ClCCl,412.0
312,CCCCCCCC[N+]1=C(/C=C2/C(=O)C(/C=C3/N(CC)c4ccc(N(c5ccc(OCCCCCC)cc5)c5ccc(OCCCCCC)cc5)cc4C3(C)C)=C2[O-])C(C)(C)c2cc(C(=O)O)ccc21,CCO,660.0
704,N#CC(=Cc1ccc(-c2ccc3c(c2)Sc2ccccc2N3C2CCCCC2)s1)C(=O)O,CN(C)C=O,408.0
953,CCCCCCCCn1c(-c2ccc(C3=C(C)C4=C(CCCCC)c5c(C)c(C=C(C#N)C(=O)O)c(C)n5[B-](F)(F)[N+]4=C3C)s2)nc2c3ccc(OC)cc3c3cc(OC)ccc3c21,ClC(Cl)Cl,532.0
718,N#CC(=Cc1ccc(-c2ccc(-c3ccc(-c4ccc5c(c4)C4CCCC4N5c4ccc(C=C(c5ccccc5)c5ccccc5)cc4)s3)s2)s1)C(=O)O,ClC(Cl)Cl,519.0
678,CCCCCCCC[N+]1=C(/C=C2/C(=O)C(/C=C3/N(CC)c4cc5ccccc5cc4C3(C)C)=C2[O-])C(C)(C)c2cc(C(=O)O)ccc21,CN(C)C=O,662.0
839,CCCCn1c2ccccc2c2cc(C=C3C(=O)NC(=O)NC3=O)ccc21,C1CCOC1,427.0
1318,CCCCCCCCn1nc2c(-c3ccc(N(c4ccccc4)c4ccccc4)cc3)c3nc(-c4ccccc4)c(-c4ccccc4)nc3c(-c3ccc(C(=O)O)s3)c2n1,ClCCl,511.0
1364,Cc1ccc(N2c3ccc(/C=C/C4=C/C(=C(\C#N)C(=O)O)CCC4)cc3C3CCCC32)cc1,ClCCl,532.0
1198,N#CC(C#N)=c1[nH]c(=O)/c(=C/c2ccc(N(c3ccccc3)c3ccccc3)cc2)s1,CCO,435.0
700,CCN1c2ccc(C=C3SC(=S)N(CC(=O)O)C3=O)cc2Sc2cc(C=C3SC(=S)N(CC(=O)O)C3=O)ccc21,CN(C)C=O,489.0
628,CCCCCCCC[N+]1=C(/C=C2\C([O-])=C(C=C3N(CCCCCCCO)c4ccc(C(=O)O)cc4C3(C)C)C2=C(C#N)C(=O)OCC)C(C)(C)c2cc(C(=O)O)ccc21,CN(C)C=O,703.0
528,COc1ccc2c(c1)c1cc(OC)ccc1n2-c1ccc2nc(/C=C(\C#N)C(=O)O)ccc2c1,ClC(Cl)Cl,452.0
934,CCCCCCSC1=C(SCCCCCC)SC(=c2c3ccccc3c(=C3SC(SCCCCCC)=C(SCCCCCC)S3)c3cc(C#Cc4ccc(/C=C(\C#N)C(=O)O)cc4)ccc23)S1,CN(C)C=O,455.0
1235,Cc1sc(/C=C/c2ccc(N(c3ccccc3)c3ccccc3)cc2)cc1C1=C(c2cc(C(=O)O)sc2C)CCC1,ClCCl,380.0
1055,CCCCCCn1c2c(c3cc(-c4ccc(/C=C(\C#N)C(=O)O)s4)ccc31)C(CC)(CC)c1ccccc1-2,ClCCl,477.0
481,CCCCCCn1c2ccccc2c2cc(-c3ccc(/C=C(/C#N)C(=O)O)cc3)ccc21,ClC(Cl)Cl,412.0
1350,CCCCCCCCCCCCN1c2ccccc2Sc2cc(-c3ccc(-c4ccc5c(c4)Sc4cc(/C=C(\C#N)C(=O)O)ccc4N5CCCCCCCCCCCC)c4nsnc34)ccc21,CCO,486.0
208,CCCCc1ccc(/C2=C3\C=CC(=N3)/C(c3ccc(CCCC)cc3)=c3/cc/c4n3[Zn]n3c2ccc3/C(c2ccc(CCCC)cc2)=C2/C=C(/C=C/C=C(C(=O)O)C(=O)O)C(=N2)/C=4c2ccc(CCCC)cc2)cc1,CN(C)C=O,611.0
1248,COc1ccc(-c2sc(-c3ccc(C=C(C#N)C(=O)O)s3)nc2OC)cc1,C1CCOC1,477.0
809,CC1(C)c2cc(C=C(C#N)C(=O)O)ccc2-c2ccc(-c3ccc(-c4sc(-c5ccc(N(c6ccccc6)c6ccccc6)cc5)c5c4OCCO5)s3)cc21,C1CCOC1,454.0
811,CCN1C(=O)/C(=c2\s/c(=C\c3ccc4sc(-c5ccc6c(c5)CCN6c5ccc(C=C(c6ccccc6)c6ccccc6)cc5)nc4c3)c(=O)n2CC(=O)O)SC1=S,ClCCl,390.0
514,CCCCCCC1(CCCCCC)c2cc(-c3ccc(C=C4C(=O)N(CC)C(=S)N(CC)C4=O)s3)ccc2-c2ccc(N(c3ccccc3)c3ccc(C(=O)O)cc3)cc21,C1CCOC1,508.0
925,CCCc1c(/C=C(\C#N)C(=O)O)sc2cc(-c3ccc4c(c3)C3CCCC3N4c3ccc4c(c3)C(CCC)(CCC)c3c5c(c6c(c3-4)C(CCC)(CCC)c3ccccc3-6)C(CCC)(CCC)c3ccccc3-5)sc12,ClCCl,500.0
306,CCCCC(CC)CN1C(=O)C2=C(c3ccc(-c4ccc5c(c4)N(c4ccccc4)C4CCCC54)s3)N(CC(CC)CCCC)C(=O)C2=C1c1ccc(-c2ccc(C=C(C#N)C(=O)O)o2)cc1,C1CCOC1,596.0
994,CC1(C)c2ccccc2-c2ccc(C3c4cc(-c5ccc(-c6ccc(C=C(C#N)C(=O)O)s6)s5)cc5c4C(CCC5)N3c3ccccc3)cc21,CCO,445.0
58,CCCCCCOc1cccc(OCCCCCC)c1/C1=C2\C=CC(=N2)/C(c2ccc(C(=O)O)cc2)=c2/cc/c3n2[Zn]n2c(ccc21)/C=C1/C=CC(=N1)/C=3c1c(OCCCCCC)cccc1OCCCCCC,ClCCl,591.0
254,CCCCOC(=O)CCCN1C(=CC2=C([O-])C(=CC3=[N+](CCCC(=O)OCCCC)c4ccccc4C3(C)C)C2=O)C(C)(C)c2ccccc21,CCO,631.0
1304,CC1(C)c2ccccc2-c2ccc(N(/C3=c4\cc/c5n4[Zn]n4c(ccc4/C(c4ccccc4)=C4/C=CC3=N4)/C(c3ccc(C(=O)O)cc3)=C3/C=CC(=N3)/C=5c3ccccc3)c3ccc4c(c3)C(C)(C)c3ccccc3-4)cc21,C1CCOC1,625.0
23,N#C/C(=C\c1ccc(N(c2ccc(/C=C(\C#N)c3ccc([N+](=O)[O-])cc3)cc2)c2ccc(/C=C/C(=O)O)cc2)cc1)c1ccc([N+](=O)[O-])cc1,C1CCOC1,576.0
107,CCCCCCc1cc(-c2ccc3c(c2)C2(c4ccccc4-c4ccccc42)c2cc(-c4ccc(N(c5ccccc5)c5ccccc5)cc4)ccc2-3)sc1/C=C(/C#N)C(=O)O,ClC(Cl)Cl,450.0
780,O=C(O)c1ccc2nc(-c3ccc(C=Cc4ccc(N(c5ccccc5)c5ccccc5)cc4)cc3)c(-c3ccc(C=Cc4ccc(N(c5ccccc5)c5ccccc5)cc4)cc3)nc2c1,ClC(Cl)Cl,400.0
1174,CCCCCCc1ccc(N(/C2=c3\cc/c4n3[Zn]n3c(ccc3/C(c3cc(C(C)(C)C)cc(C(C)(C)C)c3)=C3/C=CC2=N3)/C(C#Cc2ccc(C(=O)O)cc2)=C2/C=CC(=N2)/C=4c2cc(C(C)(C)C)cc(C(C)(C)C)c2)c2ccc(CCCCCC)cc2)cc1,C1CCOC1,647.0
945,CCCCC(CC)CN1c2ccc(-c3ccc4c(c3)c3nc5ccccc5nc3n4CC(CC)CCCC)cc2Sc2cc(-c3ccc(/C=C(\C#N)C(=O)O)o3)ccc21,ClCCl,456.0
727,CCN(CC)c1ccc(/C=C2/SC(=S)N(CC(=O)O)C2=O)cc1,CCO,458.0
869,CCCCCCCCCCc1ccc(-c2nc3c(-c4ccc(-c5ccc(N(c6ccccc6)c6ccccc6)cc5)s4)ccc(-c4ccc(/C=C(\C#N)C(=O)O)s4)c3nc2-c2ccc(CCCCCCCC)s2)s1,ClC(Cl)Cl,538.0
342,CC1(C)c2ccccc2-c2ccc(-c3ccc4c(c3)Sc3cc(-c5ccc(C#Cc6ccc(C(=O)O)cc6)s5)ccc3N4c3ccc4c(c3)C(C)(C)c3ccccc3-4)cc21,CN(C)C=O,418.0
1178,N#C/C(=C\c1ccc(-c2cc(-c3ccc(-c4ccc(N(c5ccccc5)c5ccccc5)cc4)s3)sc2-c2ccc(/C=C(\C#N)C(=O)O)s2)s1)C(=O)O,C1CCOC1,478.0
846,N#C/C(=C\c1cc(C#N)c(/C=C/c2ccc(N(c3ccccc3)c3ccccc3)cc2)cc1C#N)C(=O)O,ClCCl,500.0
1124,CCCCCCCCOc1c(OCCCCCCCC)c(-c2ccc(N(c3ccccc3)c3ccccc3)s2)c2nsnc2c1-c1ccc(/C=C(/C#N)C(=O)O)cc1,ClCCl,483.0
943,CCCCN1c2ccccc2Sc2cc(-c3ccc(-c4ccc(/C=C(/C#N)C(=O)O)s4)s3)ccc21,C1CCOC1,444.0
942,O=C(O)/C=C/c1ccc(N(c2ccccc2)c2ccccc2)cc1,CCO,369.0
1049,CC1(C)CC(/C=C/c2ccc(N(c3ccc(-n4c5ccccc5c5ccccc54)cc3)c3ccc(-n4c5ccccc5c5ccccc54)cc3)cc2)=C/C(=C(/C#N)C(=O)O)C1,ClC(Cl)Cl,480.0
1085,CCCCCCC1(CCCCCC)c2cc(-c3ccc(-c4ccc(/C=C(\C#N)C(=O)O)s4)s3)ccc2-c2ccc(-c3ccc(-c4ccc(/C=C(\C#N)C(=O)O)s4)s3)cc21,C1CCOC1,473.0
952,CCC1(CC)c2cc(-c3ccc(-c4ccc(/C=C(\C#N)C(=O)O)s4)s3)ccc2-c2ccc(N3c4ccccc4Sc4ccccc43)cc21,ClCCl,465.0
1158,CCCCCCOc1ccc(-c2ccc(N(c3ccc(-c4ccc(OCCCCCC)cc4OCCCCCC)cc3)c3ccc4c(c3)sc3cc(C5(C=C(C#N)C(=O)O)CC=C(c6cccs6)S5)sc34)cc2)c(OCCCCCC)c1,C1CCOC1,475.0
81,CCCCCCOc1ccc(N(c2ccc(OCCCCCC)cc2)c2ccc(-c3c4ccccc4c(-c4ccc(/C=C(\C#N)C(=O)O)cc4)c4nsnc34)cc2)cc1,C1CCOC1,532.0
529,CCCCCCc1sc(-c2ccc3c(c2)Sc2cc(/C=C(\C#N)C(=O)O)ccc2N3CCCCCC)c2c1OCCO2,ClCCl,466.0
1075,CCCCCCCCN1C(=O)/C(=c2\s/c(=c3/c(=Cc4ccc5c(c4)C4CCCC4N5c4ccc(C=C(c5ccccc5)c5ccccc5)cc4)sc(=O)n3CC(=O)O)c(=O)n2-c2ccccc2)SC1=S,ClC(Cl)Cl,570.0
1358,CCCCCCOc1ccc(N(c2ccc(-c3cc4c(s3)c3sc(/C=C(\C#N)C(=O)O)cc3n4-c3ccccc3OCCCCCC)cc2)c2cc3c4ccccc4n(CCCCCC)c3cc2OCCCCCC)cc1,ClCCl,535.0
599,CCN(CC)c1ccc(C=CC(=O)O)cc1,CCO,364.0
506,N#CC(=Cc1ccc(-c2ccc(-c3ccc(N(c4ccccc4)c4ccccc4)cc3)c3n[se]nc23)s1)C(=O)O,C1CCOC1,502.0
1175,CCCCCCc1cc(-c2ccc(-c3ccc4c(c3)N(c3ccc(C)cc3)C3CCCC43)c3nsnc23)sc1-c1ccc(/C=C(\C#N)C(=O)O)s1,ClCCl,536.0
661,N#C/C(=C\c1ccc(N(c2ccc(-c3ccc(N(c4ccccc4)c4ccccc4)cc3)cc2)c2ccc(-c3ccc(N(c4ccccc4)c4ccccc4)cc3)cc2)cc1)C(=O)O,ClC(Cl)Cl,458.0
1023,O=C(O)CN1/C(=C/C2=C([O-])/C(=C/c3[se]c4ccccc4[n+]3CC(=O)O)C2=O)[Se]c2ccccc21,CO,685.0
1040,COCC1COc2c(C=C(C#N)C(=O)O)sc(-c3ccc(N(c4ccccc4)c4ccccc4)cc3)c2O1,ClC(Cl)Cl,496.0
783,CCCCCCn1c2c(c3cc(-c4ccc(/C=C(\C#N)C(=O)O)s4)ccc31)C(CCCCCC)(CCCCCC)c1ccccc1-2,ClCCl,473.0
810,CCCCC1(CCCC)c2cc(/C=C(\C#N)C(=O)O)ccc2-c2ccc(N(c3ccc(OC)cc3)c3ccc(OC)cc3)cc21,CCO,451.0
552,[C-]#[N+]/C(=C/c1ccc(N(c2ccc(-c3cccc(OC)c3)cc2)c2ccc(-c3nc4c(-c5cccc(OC)c5)ccc(-c5cccc(OC)c5)c4[nH]3)cc2)cc1)C(=O)O,ClC(Cl)Cl,428.0
497,CCCCCCN1C(=O)/C(=c2\s/c(=C/c3c(-c4ccc(CO)cc4)c(C)c4ccccn34)c(=O)n2CC(=O)O)SC1=S,ClCCl,616.0
770,CCn1c2ccc(C=C(C#N)C(=O)O)cc2c2cc(-c3ccc(C=C(c4ccc(N(C)C)cc4)c4ccc(N(C)C)cc4)cc3)ccc21,ClC(Cl)Cl,374.0
583,CC(C)(C)c1ccc(-c2sc(-c3ccc(C(C)(C)C)cc3)c3[nH]c(-c4ccc(-c5ccc(/C=C(\C#N)C(=O)O)s5)s4)nc23)cc1,C1CCOC1,428.0
939,Cc1cc(C=C(C#N)C(=O)O)sc1-c1ccc(N(c2ccccc2)c2ccccc2)cc1,ClC(Cl)Cl,466.0
581,N#C/C(=C\c1ccc(-c2ccc(C#Cc3c4ccccc4c(-c4ccc(N(c5ccccc5)c5ccccc5)s4)c4ccccc34)s2)s1)C(=O)O,CCO,485.0
1024,CCCCC(CC)CN1C(=O)/C(=C2/C(=O)N(CC(CC)CCCC)c3cc(-c4ccc(/C=C(\C#N)C(=O)O)o4)ccc32)c2ccc(-c3ccc4c(c3)C3CCCC3N4c3ccc(C)cc3)cc21,ClCCl,579.0
198,CCCCN(CCCC)c1ccc([C+]2C([O-])[C+](c3ccc(N(C)CCOC(=O)CCC(=O)Oc4ccc5c(=C(C#N)C#N)c6cc(O)ccc6c(=C(C#N)C#N)c5c4)cc3)C2[O-])cc1,ClC(Cl)Cl,633.0
654,CN(C)c1ccc(N=Nc2ccc(C(=O)O)cc2)cc1,CCO,428.0
1365,Cc1ccc(/C2=C3\C=CC(=N3)/C(c3ccc(C)cc3)=c3/cc/c4n3[Zn]n3c2ccc3/C(c2ccc(C)cc2)=C2/C=C(c3ccc(C=C(C(=O)O)C(=O)O)o3)C(=N2)/C=4c2ccc(C)cc2)cc1,C1CCOC1,607.0
874,CCCCCCN(CCCCCC)c1ccc(-n2c3cc(/C=C(\C#N)C(=O)O)sc3c3sc(-c4ccc5c(c4)C4CCCC4N5c4ccc5c(c4)C(CCC)(CCC)c4ccccc4-5)cc32)cc1,ClCCl,536.0
630,CCCCCCc1cc(-c2ccc(N(c3ccccc3)c3ccccc3)cc2)sc1-c1ccc(/C=C2\SC(=S)N(CC(=O)O)C2=O)s1,ClCCl,505.0
721,CCCCCCCCN1c2ccccc2Oc2cc(-c3ccc(/C=C(\C#N)C(=O)O)o3)ccc21,ClCCl,518.0
594,CCCCCCC1(CCCCCC)c2cc(C=C(C#N)C#N)sc2-c2sc(-c3ccc(N(c4ccc(C(=O)O)cc4)c4ccc(C(=O)O)cc4)cc3)cc21,C1CCOC1,514.0
380,N#C/C(=C\c1cc2sc(-c3cc4sc5cc(-c6ccc(N(c7ccc8c(c7)OCCO8)c7ccc8c(c7)OCCO8)cc6)sc5c4s3)cc2s1)C(=O)O,ClCCl,495.0
893,CCCCCCOc1ccc(N(c2ccc(C=CC(=C(C#N)C(=O)O)c3cc(OCCC)ccc3OCCC)cc2)c2ccc(OCCCCCC)cc2)cc1,CCO,306.0
538,CCCCC(CC)COc1ccc(-n2c3ccccc3c3ccc(-c4ccc(-c5ccc(C=C(C#N)C(=O)O)s5)c5nsnc45)cc32)cc1,C1CCOC1,461.0
990,COc1ccc(N(c2ccc(/C=C3\SC(=S)N(CC(=O)O)C3=O)cc2)c2ccc(/C=N/N(c3ccccc3)c3ccccc3)cc2)cc1,ClC(Cl)Cl,497.0
1254,N#CC(=Cc1ccc(-c2ccc(-c3ccc(-c4ccc(N(c5ccccc5)c5ccccc5)cc4)s3)s2)s1)C(=O)O,C1CCOC1,459.0
650,N#C/C(=C\c1ccc(-c2sc(-c3ccc(N(c4ccccc4)c4ccccc4)cc3)c3c2OCCO3)s1)C(=O)O,C1CCOC1,470.0
1181,CCCCCCOc1ccc(N2c3ccccc3Sc3cc(-c4ccc5c(c4)Sc4cc(-c6ccc7c(c6)Sc6cc(/C=C(\C#N)C(=O)O)ccc6N7c6ccc(OCCCCCC)cc6)ccc4N5c4ccc(OCCCCCC)cc4)ccc32)cc1,ClCCl,496.0
597,N#C/C(=C\c1ccc(-c2ccc(-c3ccc(-c4ccc(N(c5ccccc5)c5ccccc5)cc4)c4nc(-c5ccccc5)c(-c5ccccc5)nc34)s2)s1)C(=O)O,CN(C)C=O,481.0
56,O=C(O)CN1C(=O)/C(=C/c2ccc3c(c2)C2CCCC2N3c2ccc(C=C(c3ccccc3)c3ccccc3)cc2)SC1=S,C1CCOC1,494.0
1080,N#C/C(=C/c1ccc(-c2ccc(-c3ccc(N(c4ccccc4)c4ccccc4)cc3)s2)s1)C(=O)O,C1CCOC1,448.0
458,CCCCCCCCN1c2ccc(C#Cc3ccc4ccc5cccc6ccc3c4c56)cc2Sc2cc(/C=C(\C#N)C(=O)O)ccc21,CC#N,438.0
1032,CCC1(CC)c2cc(-c3ccc(/C=C(\C#N)C(=O)O)s3)ccc2-c2ccc(N(c3ccc(C=C4c5ccccc5-c5ccccc54)cc3)c3ccc(C=C4c5ccccc5-c5ccccc54)cc3)cc21,ClCCl,439.0
1268,N#C/C(=C\c1ccc(/C=C/c2ccc(N(c3ccccc3)c3ccccc3)cc2)cc1)S(=O)(=O)O,ClCCl,422.0
439,CC(C)Cc1ccc(/C2=C3\C=CC(=N3)/C(c3ccc(CC(C)C)cc3)=c3/cc/c4n3[Zn]n3c2ccc3/C(c2ccc(CC(C)C)cc2)=C2\N=C(C=C2/C=C(\C#N)C(=O)O)/C=4c2ccc(CC(C)C)cc2)cc1,ClCCl,623.0
636,CCCCCCOc1ccc(N(c2ccc(OCCCCCC)cc2)c2ccc(-c3cc4c(s3)-c3sc(-c5ccc6cc(/C=C(/C#N)C(=O)O)c(=O)[nH]c6c5)cc3C4(CCCCCC)CCCCCC)cc2)cc1,ClCCl,469.0
548,CCN(CC)c1ccc2nc(/C=C(\C#N)C(=O)O)ccc2c1,ClC(Cl)Cl,459.0
86,CCCCCCn1c2ccccc2c2cc(-c3ccc(-n4c(/C=C(/C#N)C(=O)O)ccc4/C=C/c4cc5cc(-c6ccc7c(c6)c6ccccc6n7CCCCCC)ccc5n4CCCC)cc3)ccc21,CCO,470.0
123,CC1(C)c2ccccc2-c2ccc(N(c3ccc(-c4sc(C=C(C#N)C(=O)O)c5ccccc45)cc3)c3ccc4c(c3)C(C)(C)c3ccccc3-4)cc21,ClCCl,569.0
1306,CCCCCCC1(CCCCCC)c2cc(-c3ccc(-c4ccc(C=C(C#N)C#N)s4)s3)ccc2-c2ccc(N(c3ccccc3)c3ccc(C(=O)O)cc3)cc21,C1CCOC1,489.0
410,CC1CC(C)(C)N(Cc2ccccc2)c2ccc(C=Cc3ccc(C=C(C#N)C(=O)O)s3)cc21,CCO,470.0
590,CCCCCCn1c2ccccc2c2cc(C=C3C(=O)NC(=O)NC3=O)ccc21,C1CCOC1,427.0
1359,CCCCCCN1c2ccc(/C=C\c3ccc4c(c3)Sc3cc(/C=C(\C#N)C(=O)O)ccc3N4CCCCCC)cc2Sc2cc(/C=C/c3ccc(N(c4ccccc4)c4ccccc4)cc3)ccc21,ClCCl,468.0
1106,O=C(O)c1ccc(C2N=C3Oc4c(cc5c6c4CCCN6CCC5)C=C3c3nc4ccccc4n32)cc1,CS(C)=O,475.0
1362,CCCCCCn1c2ccc(/C=N/c3ccc4c(c3)c3ccccc3n4CC)cc2c2cc(/C=C(\C#N)C(=O)O)ccc21,ClCCl,396.0
631,Cn1c(/C=C(\C#N)C(=O)O)ccc1C1=Nc2ccc(N(c3ccccc3)c3ccccc3)cc2C1(C)C,C1CCOC1,395.0
914,Cc1ccc(N2c3ccc(-c4ccc(/C=C(\C#N)C(=O)O)s4)cc3C3CCCC32)cc1,C1CCOC1,462.0
425,CCCCCCc1cc(-c2sc(-c3sc(-c4ccc5c(c4)c4ccccc4n5CC)cc3CCCCCC)cc2CCCCCC)sc1/C=C(\C#N)C(=O)O,ClC(Cl)Cl,471.0
724,O=C(O)CN1C(=O)/C(=C\c2ccc(N(c3ccccc3)c3ccccc3)cc2)SC1=S,CCO,455.0
128,CCCCCCCC[NH+]1c2ccc(C(=O)O)cc2C(C)(C)[C@@H]1/C=C1\C(=O)[C@H](c2cc3sc(-c4ccc5c(c4)Sc4cc(OC[C@@H](CC)CCCC)ccc4N5CCCCCC)cc3s2)[C@@H]1[O-],C1CCOC1,662.0
433,Cc1ccc(N2c3ccc(-c4ccc(C#Cc5ccc(C(=O)O)cc5)c5nsnc45)cc3C3CCCC32)cc1,ClCCl,508.0
1217,Cc1c(-c2ccccc2)c(-c2ccc(/C=C(\C#N)C(=O)O)s2)n2ccccc12,ClCCl,556.0
239,CCCC[C@H](CC)CN1c2ccccc2Sc2cc(-c3ccc(/C=C(/C#N)C(=O)O)s3)ccc21,C1CCOC1,444.0
622,CCCCCCCC[NH+]1c2ccc(C(=O)O)cc2C(C)(C)[C@@H]1/C=C1\C(=O)[C@H](c2ccc(-c3ccc4c(c3)Sc3cc(OC[C@@H](CC)CCCC)ccc3N4CCCCCC)s2)[C@@H]1[O-],C1CCOC1,653.0
113,CCN(CC)c1ccc(C=C(C#N)c2nc3ccc(C(=O)O)cc3[nH]2)cc1,CN(C)C=O,421.0
948,CCCCCCCCN1C(=O)/C(=C2/C(=O)N(CCCCCCCC)c3cc(-c4ccc(N(c5ccccc5)c5ccccc5)cc4)ccc32)c2ccc(-c3ccc(/C=C(\C#N)C(=O)O)cc3)cc21,ClCCl,537.0
1166,N#C/C(=C/c1ccc(-c2ccc(N3c4ccccc4Oc4ccccc43)cc2)s1)C(=O)O,C1CCOC1,371.0
174,CCCCCCOc1ccc(-c2ccc3c(c2)c2cc(-c4ccc(OCCCCCC)cc4)ccc2n3-c2ccc3c(c2)C(C)(C)c2cc(-c4ccc(C=C(C#N)C(=O)O)s4)sc2-3)cc1,CCO,438.0
322,CCCCCCC1(CCCCCC)c2cc(-c3ccc(C=C4C(=O)N(CC)C(=S)N(CC)C4=O)s3)ccc2-c2ccc(N(c3ccc(C(=O)O)cc3)c3ccc(C(=O)O)cc3)cc21,C1CCOC1,504.0
1328,CC1(C)c2ccccc2-c2ccc(N(c3ccc4c(c3)C(C)(C)c3ccccc3-4)c3ccc4cc(-c5ccc(/C=C(\C#N)C(=O)O)s5)sc4c3)cc21,CCO,456.0
244,N#C/C(=C\c1ccc(-c2ccc(-c3ccc(N(c4ccccc4)c4ccccc4)cc3)s2)s1)C(=O)O,CN(C)C=O,467.0
1083,N#C/C(=C\c1ccc(-c2ccc(-c3ccc(N(c4ccccc4)c4cccc5ccccc45)cc3)s2)cc1)C(=O)O,C1CCOC1,422.0
1201,CCCCCCN1c2ccc(C=C3SC(SC)=C(SC)S3)cc2Sc2cc(-c3ccc(C=C(C#N)C(=O)O)cc3)ccc21,ClCCl,472.0
966,CCCCCCCCOc1ccc(-c2ccc(N(c3ccc(-c4ccc(OCCCCCCCC)cc4)cc3)c3ccc(-c4ccc(-c5ccc(C(=O)O)cc5)c5nsnc45)cc3)cc2)cc1,C1CCOC1,456.0
1199,CCCCCCCCOc1ccc(-c2ccc(N(c3ccc4c(c3)C(C)(C)c3cc(-c5ccc(-c6ccc(C=C(C#N)C(=O)O)s6)c6nsnc56)sc3-4)c3ccc(-c4ccc(OCCCCCCCC)cc4OCCCCCCCC)cc3-c3ccc(OCCCCCCCC)cc3OCCCCCCCC)cc2)c(OCCCCCCCC)c1,ClCCl,616.0
29,CN1c2ccc(/C=C(\C#N)C(=O)O)cc2Sc2cc(-c3ccc(N(c4ccccc4)c4cccc5ccccc45)cc3)ccc21,C1CCOC1,437.0
220,CCCCCCCCc1cc(C=C(C#N)C(=O)O)sc1-c1ccc(-c2sc(-c3cc4c5cc(OC)ccc5n(C(CC)CCCCC)c4c4ccccc34)cc2CCCCCCCC)s1,ClCCl,477.0
1285,Cc1cc(C)c(/C2=C3\C=CC(=N3)/C(c3c(C)cc(C)cc3C)=c3/cc/c4n3[Zn]n3c2c2cc5ncc(C(=O)O)nc5cc2c3/C(c2c(C)cc(C)cc2C)=C2/C=CC(=N2)/C=4c2c(C)cc(C)cc2C)c(C)c1,ClCCl,622.0
940,CCCCCCCCCCCCc1cc(-c2ccc(N3c4ccccc4C4C5CCC(C5)C43)cc2)sc1-c1ccc(/C=C2\SC(=S)N(CC(=O)O)C2=O)s1,ClCCl,526.0
427,CCCCCCOc1ccc(N(c2ccc(OCCCCCC)cc2)c2ccc(-c3ccc4c(c3)S(=O)(=O)c3cc(-c5cc6sc(/C=C(\C#N)C(=O)O)cc6s5)ccc3N4CCCCCC)cc2)cc1,C1CCOC1,424.0
1101,O=C(O)c1ccc(/C2=C3\C=CC(=N3)/C(c3ccccc3)=c3/cc/c4n3[Zn]n3c2ccc3/C(c2ccccc2)=C2/C=CC(=N2)/C=4c2ccc(N3c4ccccc4CCc4ccccc43)cc2)cc1,ClCCl,593.0
31,CCCCCc1nc2c3cc(/C=C(\C#N)C(=O)O)sc3c3sc(-c4ccc(-c5ccc6c(c5)C5CCCC5N6c5ccc(C)cc5)c5nsnc45)cc3c2nc1CCCCC,ClC(Cl)Cl,547.0
494,Cc1ccc(N2c3ccc(-c4ccc(-c5ccc(C(=O)O)cc5)c5nsnc45)cc3C3CCCC32)cc1,ClCCl,484.0
210,CCCCCC1(CCCCC)COc2c(-c3ccc(N(c4ccccc4)c4ccccc4)cc3)sc(-c3nc4sc(-c5sc(-c6ccc(C=C(C#N)C(=O)O)s6)c6c5OCC(CCCCC)(CCCCC)CO6)nc4s3)c2OC1,C1CCOC1,510.0
889,COc1ccc(N(c2ccc(/C=C/c3ccc(N(c4ccc(OC)cc4)c4ccc(-c5ccc(/C=C(/C#N)C(=O)O)s5)cc4)cc3)cc2)c2ccc(-c3ccc(/C=C(/C#N)C(=O)O)s3)cc2)cc1,CCO,478.0
989,CC1(C)COc2c(/C=C(\C#N)C(=O)O)sc(-c3sc(-c4ccc(N(c5ccccc5)c5ccccc5)cc4)c4c3OCC(C)(C)CO4)c2OC1,C1CCOC1,499.0
1347,CCCCCCN1c2ccc(C=C3SC(SC)=C(SC)S3)cc2Sc2cc(C=C(C#N)C(=O)O)ccc21,ClCCl,448.0
817,CCCCN1c2ccccc2Sc2cc(-c3ccc(-c4ccc(/C=C(\C#N)C(=O)O)cc4)c4nsnc34)ccc21,C1CCOC1,452.0
221,COc1ccc(C2N=C(c3ccc(N(c4ccccc4)c4ccc(C=C(C#N)C(=O)O)cc4)cc3)NC2c2ccc(OC)cc2)cc1,CCO,405.0
629,CSC1=C(SC)SC(=Cc2ccc(N(c3ccccc3)c3ccc(/C=C(/C#N)C(=O)O)cc3)cc2)S1,CO,413.0
1214,CCCCCCOc1ccc(N(c2ccc(OCCCCCC)cc2)c2ccc(-c3ccc(-c4ccc(-c5ccc(/C=C(\C#N)C(=O)O)s5)s4)s3)cc2)cc1,ClC(Cl)Cl,495.0
394,CCCCCCOc1ccc(N(c2ccc(OCCCCCC)cc2)c2ccc(-c3cc4c(s3)c3sc5c6sc(/C=C(\C#N)C(=O)O)cc6n(CCCCCC)c5c3n4CCCCCC)cc2)cc1,ClCCl,562.0
70,CCCCCCn1c2cc(-c3ccc(-n4c(/C=C/c5ccc(N(c6ccccc6)c6ccccc6)cc5)ccc4/C=C(\C#N)C(=O)O)cc3)ccc2c2ccc(-c3ccc(-n4c(/C=C/c5ccc(N(c6ccccc6)c6ccccc6)cc5)ccc4/C=C(\C#N)C(=O)O)cc3)cc21,ClCCl,425.0
937,CCCCCCc1cc(-c2ccc(N(c3ccc4c(c3)OCCO4)c3ccc4c(c3)OCCO4)cc2)sc1-c1ccc(/C=C(\C#N)C(=O)O)cc1,ClCCl,457.0
624,O=C(O)CN1C(=O)/C(=C/c2ccc(-c3ccc(-c4ccc(-c5ccc(N6c7ccccc7C7C8CCC(C8)C76)cc5)s4)s3)s2)SC1=S,ClCCl,560.0
993,CCCCCCCCN(CCCCCCCC)c1ccc(C2=C([O-])/C(=C/c3[se]c4ccccc4[n+]3CC(=O)O)C2=O)cc1,CN(C)C=O,611.0
261,CCCC1(CCC)c2ccccc2-c2cc(N3c4ccc(-c5ccc(-c6ccc(/C=C(/C#N)C(=O)O)s6)c6nsnc56)cc4C4CCCC43)ccc21,ClCCl,550.0
832,CCCCCCOc1c(OCCCCCC)c(-c2ccc(-c3ccc(N(c4ccccc4)c4ccccc4)cc3)s2)c2nsnc2c1-c1ccc(/C=C(\C#N)C(=O)O)s1,C1CCOC1,501.0
582,Cc1cc(C)c(/C2=C3\C=CC(=N3)/C(c3c(C)cc(C)cc3C)=c3/cc/c4n3[Zn]n3c(ccc32)/C(c2ccc(C(=O)O)cc2)=C2/C=CC(=N2)/C=4c2c(C)cc(C)cc2C)c(C)c1,ClCCl,586.0
339,Cc1ccc(C2(c3ccc(C)cc3)c3cccc4c3N3c5c2cccc5C(c2ccc(C)cc2)(c2ccc(C)cc2)c2cc(-c5ccc(/C=C(\C#N)C(=O)O)s5)cc(c23)C4(c2ccc(C)cc2)c2ccc(C)cc2)cc1,ClCCl,488.0
1195,CCCCCCc1cc(-c2sc(-c3sc(-c4sc(/C=C(/C#N)C(=O)O)cc4CCCCCC)cc3CCCCCC)cc2CCCCCC)sc1-c1ccc2c(c1)c1ccccc1n2CC,ClC(Cl)Cl,473.0
1164,O=C(O)c1ccc(C#C/C2=C3/N=C(/C(c4ccccc4)=c4/c5ccccc5/c5n4[Zn]n4c2c2ccccc2c4/C(c2ccccc2)=C2\N=C(/C=5c4ccccc4)c4ccccc42)c2ccccc23)cc1,CC#N,655.0
711,CCCCCC[N+]1=C(/C=C2/C(=O)C(c3ccc(N(c4ccc5c(c4)C(CCCCCC)(CCCCCC)c4ccccc4-5)c4ccc5c(c4)C(CCCCCC)(CCCCCC)c4ccccc4-5)cc3)C2[O-])c2ccc(C(=O)O)c3cccc1c23,CCO,771.0
429,CCCCCCCCn1nc2c(-c3ccc(/C=C(/C#N)C(=O)O)s3)c3nc(-c4ccccc4)c(-c4ccccc4)nc3c(-c3ccc(-c4ccc(N5c6ccccc6C6C7CCC(C7)C65)cc4)s3)c2n1,ClCCl,604.0
48,CCCCCCCCn1c2ccccc2c2ccc(C3=C(C)C4=C(CCCCC)c5c(C)c(/C=C(\C#N)C(=O)O)c(C)n5[B-](F)(F)[N+]4=C3C)cc21,ClC(Cl)Cl,530.0
155,N#C/C(=C/c1ccc(N(c2ccccc2)c2ccccc2)cc1)C(=O)O,ClC(Cl)Cl,448.0
1371,CCCCCCOc1ccc(N(c2ccc(OCCCCCC)cc2)c2ccc(-n3c4cc(/C=C(\C#N)C(=O)O)sc4c4sc(-c5ccc6c(c5)C5CCCC5N6c5ccc6c(c5)C(CCC)(CCC)c5ccccc5-6)cc43)cc2)cc1,ClCCl,544.0
1096,CCCCCC1c2c(C)c(-c3ccc(C=C4SC(=S)N(CC(=O)O)C4=O)s3)c(C)n2[B-](F)(F)[N+]2=C(C)C(c3ccc4c(c3)Sc3ccccc3N4CCC)=C(C)C12,ClC(Cl)Cl,541.0
864,N#C/C(=C\c1ccc(-c2cc3ccc2CCc2ccc(c(-c4ccc(N(c5ccccc5)c5ccccc5)cc4)c2)CC3)s1)C(=O)O,C1CCOC1,377.0
1046,O=C(O)N1C(=O)/C(=C/c2ccc(-c3ccc(N(c4ccccc4)c4ccccc4)cc3)s2)SC1=S,ClCCl,503.0
946,CCCCCCn1c2ccccc2c2cc(N3c4ccc(-c5ccc(-c6ccc(/C=C(/C#N)C(=O)O)s6)c6nsnc56)cc4C4CCCC43)ccc21,ClCCl,554.0
361,CC(C)(C)c1ccc2c(c1)c1cc(C(C)(C)C)ccc1n2-c1ccc(-c2cc3c(s2)-c2sc(/C=C(\C#N)C(=O)O)cc2C3(C)C)s1,C1CCOC1,490.0
1208,Cc1ccc(N2c3ccc(-c4ccc(-c5ccc(C=C(C#N)C(=O)O)s5)c5nccnc45)cc3C3CCCC32)cc1,ClCCl,481.0
673,CCCCCC1=C2C(C)=C(c3ccc4c(c3)Sc3ccccc3N4CCC)C(C)=[N+]2[B-](F)(F)n2c(C)c(/C=C(\C#N)C(=O)O)c(C)c21,ClC(Cl)Cl,532.0
930,CCCCCCCCn1c(=C(C#N)C#N)s/c(=c2/c(=C\c3ccc(-c4ccc5c(c4)C4CCCC4N5c4ccc5c(c4)C(CCCC)(CCCC)c4ccccc4-5)s3)sc(=O)n2CCCCCCCC)c1=O,ClC(Cl)Cl,557.0
1009,CC(C)(C)c1ccc(-c2ccc(N(c3ccc(/C=C/c4sc(/C=C(/C#N)C(=O)O)c5c4OCCO5)cc3)c3ccc(-c4ccc(C(C)(C)C)cc4)cc3)cc2)cc1,CCO,467.0
358,CC(C)(C)c1ccc(C2=CC(=Cc3ncc(/C=C(\C#N)C(=O)O)s3)C=C(c3ccc(C(C)(C)C)cc3)O2)cc1,ClCCl,543.0
1265,N#C/C(=C\c1ccc(-c2ccc(-c3ccc(N(c4ccccc4)c4ccccc4)cc3)s2)cc1)C(=O)O,C1CCOC1,427.0
1084,O=C(O)CN1C(=O)/C(=C\c2cc(Br)c(/C=C/c3ccc(N(c4ccccc4)c4ccccc4)cc3)cc2Br)SC1=S,ClCCl,478.0
1102,CCCCCCOc1ccc(-c2ccc(-c3c(CC(CC)CCCC)c4cc(-c5ccc(OCCCCCC)cc5OCCCCCC)ccn4c3/C=c3\s/c(=C4\SC(=S)N(CCCCCC)C4=O)n(CC(=O)O)c3=O)cc2)c(OCCCCCC)c1,ClCCl,597.0
303,CC1CC(C)(C)N(C)c2ccc(-c3ccc(C=C(C#N)C(=O)O)s3)cc21,CCO,441.0
482,CCCCCN1/C(=C\C=C2/SC(=S)N(CC(=O)O)C2=O)Sc2ccccc21,CCO,520.0
451,CCCCCC1(CCCCC)COc2c(-c3ccc(N(c4ccccc4)c4ccccc4)cc3)sc(-c3nc4sc(-c5sc(-c6sc(C=C(C#N)C(=O)O)c7c6OCCO7)c6c5OCC(CCCCC)(CCCCC)CO6)nc4s3)c2OC1,C1CCOC1,548.0
532,CCCCCCN1c2ccc(-c3ccc(N(c4ccccc4)c4cccc5ccccc45)cc3)cc2Sc2cc(-c3ccc(/C=C(\C#N)C(=O)O)s3)ccc21,C1CCOC1,463.0
243,CCCCCCOc1ccc(N2c3ccccc3Sc3cc(/C=C/C4C/C(=C(\C#N)C(=O)O)CC(C)(C)C4)ccc32)cc1,ClCCl,491.0
370,CCCCCCOc1ccc(N(c2ccc(OCCCCCC)cc2)c2ccc(-c3cc4c(s3)-c3sc(C=C(C#N)C(=O)O)cc3C4(CCCCCC)CCCCCC)cc2)cc1,ClCCl,549.0
1216,CCCCCCCCN1c2ccc(-c3ccc(-c4ccc(-c5ccc(/C=C(\C#N)C(=O)O)cc5)s4)s3)cc2Sc2cc(-n3c4ccc(C(C)(C)C)cc4c4cc(C(C)(C)C)ccc43)ccc21,ClCCl,455.0
813,CCCCN1c2ccccc2Sc2cc(/C=C/c3ccc(/C=C/c4ccncc4)c4nsnc34)ccc21,ClCCl,488.0
1305,CCCCCCCCCCCCN1c2ccc(/C=C(\C#N)C(=O)O)cc2Sc2cc(-c3ccc(OCCCCCC)cc3)ccc21,ClCCl,458.0
462,CCc1ccc(N(c2ccc(CC)cc2)c2ccc(-c3ccc(-c4ccc(-c5ccc(/C=C(\C#N)C(=O)O)s5)s4)c4nc(-c5ccccc5)c(-c5ccccc5)nc34)cc2)cc1,CN(C)C=O,486.0
743,N#C/C(=C\c1sc(-c2ccc(-c3ccc(N(c4ccccc4)c4ccccc4)cc3)s2)c2c1OCCO2)C(=O)O,CN(C)C=O,514.0
54,N#CC(=Cc1ccc(C#Cc2ccc(N(c3ccccc3)c3ccccc3)cc2)cc1)C(=O)O,C1CCOC1,399.0
585,CC(C)CCOc1cc(/C=C(\C#N)C(=O)O)c(OCCC(C)C)cc1/C=C/c1ccc(N(c2ccc3c(c2)-c2ccccc2C3(C)C)c2ccc3c(c2)-c2ccccc2C3(C)C)cc1,C1CCOC1,457.0
777,CCCCn1c2ccc(C=C3SC(=O)NC3=O)cc2c2cc(C=C3SC(=O)NC3=O)ccc21,C1CCOC1,388.0
109,N#C/C(=C/c1ccc(N(c2ccc(N3CCc4ccccc43)cc2)c2ccc(N3CCc4ccccc43)cc2)cc1)C(=O)O,ClC(Cl)Cl,449.0
924,N#C/C(=C\c1ccc(-c2ccc(-c3ccc(-c4ccc(N(c5ccccc5)c5ccccc5)cc4)s3)s2)cc1)C(=O)O,ClCCl,447.0
566,N#C/C(=C\c1ccc(-c2ccc(-c3cc4c5c(c3)CCCN5CCC4)c3nsnc23)s1)C(=O)O,CCO,572.0
1232,CCn1c2ccccc2c2c1c1c3ccccc3n(CC)c1c1c3cc(/C4=C5\C=CC(=N5)/C(c5cc(C(C)(C)C)cc(C(C)(C)C)c5)=c5/cc/c6n5[Zn]n5c(ccc54)/C(c4cc(C(C)(C)C)cc(C(C)(C)C)c4)=C4/C=CC(=N4)/C=6c4ccc(/C=C(\C#N)C(=O)O)cc4)ccc3n(CC)c21,ClCCl,593.0
1222,O=C(O)c1ccc(/C2=C3\C=CC(=N3)/C(c3ccc(C(=O)O)cc3)=c3/cc/c4n3[Zn]n3c2ccc3/C(c2ccc(C(=O)O)cc2)=C2/C=CC(=N2)/C=4c2ccc(N(c3ccccc3)c3ccccc3)cc2)cc1,C1CCOC1,599.0
796,CCCCCCOc1ccc(N(c2ccc(OCCCCCC)cc2)c2ccc(-c3cc4sc(-c5cc6sc(C=C(C#N)C(=O)O)cc6s5)cc4s3)cc2)cc1,ClC(Cl)Cl,524.0
591,CCCCCCOc1ccc(N(c2ccc(OCCCCCC)cc2)c2ccc(-c3sc(-c4cc(OCCCCC)c(/C=C(/C#N)C(=O)O)s4)cc3CCCCCC)cc2)cc1,ClC(Cl)Cl,495.0
286,COc1ccc(N2c3ccccc3Sc3cc(/C=C/c4nc5ccc(C(=O)O)cc5nc4/C=C/c4ccc5c(c4)Sc4ccccc4N5c4ccc(OC)cc4)ccc32)cc1,ClC(Cl)Cl,477.3333333333333
1320,CCCCCCn1c2ccccc2c2cc(-c3ccc(C=C4C(=O)NC(=O)NC4=O)cc3)ccc21,ClC(Cl)Cl,458.0
618,N#C/C(=C\c1ccc(-c2ccc(C#Cc3ccc(N4c5ccccc5C=Cc5ccccc54)cc3)c3nsnc23)cc1)C(=O)O,ClCCl,455.0
1225,CCCCCCOc1ccc(-c2ccc3c(c2)Sc2cc(/C=C/C4=[N+](CCCCCC)c5ccc(C(=O)O)cc5C4(C)C)ccc2N3CCCCCC)c(OCCCCCC)c1,ClCCl,679.0
447,CCCCCCc1ccc(-c2ccc(-c3ccc(N(c4ccc(/C=C(/C#N)C(=O)O)cc4)c4ccc(-c5ccc(-c6ccc(CCCCCC)s6)s5)cc4)cc3)s2)s1,ClC(Cl)Cl,468.0
464,CCCCCCCCCCCCn1c(-c2ccc(/C=C(\C#N)C(=O)O)s2)cc2cc(-c3ccc(/C=C(\C#N)C(=O)O)s3)ccc21,ClC(Cl)Cl,426.0
170,O=C(O)CN1C(=O)/C(=C/c2ccc(N(c3ccccc3)c3ccc(-c4cc5c6c(c4)CCCN6CCC5)cc3)cc2)SC1=S,CCO,471.0
919,CCCCCCn1c2c(c3cc(C#Cc4ccc(/C=C(\C#N)C(=O)O)s4)ccc31)C(CCCCCC)(CCCCCC)c1ccccc1-2,ClCCl,458.0
778,CCCCCCCCCCCCOc1ccc(/C2=C3\C=CC(=N3)/C(c3ccc(-n4c5ccccc5c5ccccc54)cc3)=c3/cc/c4n3[Zn]n3c(ccc32)/C(C#Cc2ccc(C(=O)O)cc2)=C2/C=CC(=N2)/C=4c2ccc(OCCCCCCCCCCCC)cc2)cc1,C1CCOC1,628.0
209,COc1ccc(N(c2ccc(/C=C/c3nc4ccc(C(=O)O)cc4nc3/C=C/c3ccc(N(c4ccc(OC)cc4)c4ccc(OC)cc4)cc3)cc2)c2ccc(OC)cc2)cc1,ClC(Cl)Cl,482.0
363,N#C/C(=C\c1ccc(-c2ccc(-c3ccc(N4c5ccccc5C=Cc5ccccc54)cc3)c3nsnc23)cc1)C(=O)O,ClCCl,450.0
140,C(=C/c1nc2ccccc2o1)\c1ccc(Cn2cc(-c3ccc(N(c4ccccc4)c4ccc(-c5cn(Cc6ccc(/C=C/c7nc8ccccc8o7)cc6)nn5)cc4)cc3)nn2)cc1,CN(C)C=O,324.0
968,CC1(C)c2ccccc2-c2ccc(-n3c(-c4ccccc4)cc4cc(-c5ccc(-c6ccc(C=C(C#N)C(=O)O)s6)s5)ccc43)cc21,CCO,429.0
910,CCCCCCn1c2c(c3cc(C#Cc4ccc(-c5ccc(C(=O)O)cc5)c5nsnc45)ccc31)C(CCCCCC)(CCCCCC)c1ccccc1-2,ClCCl,468.0
828,O=C(O)Cc1ccc(N(c2ccccc2)c2ccccc2)cc1,C1CCOC1,329.0
371,CCCCCCOc1ccc(-n2c3ccsc3c3sc(-c4ccc5c(c4)Sc4cc(/C=C(\C#N)C(=O)O)ccc4N5CCCCCC)cc32)cc1,ClCCl,473.0
199,CCCCC(CC)CN1c2ccc(-c3ccc4c(c3)c3nc5ccccc5nc3n4CC(CC)CCCC)cc2Sc2cc(-c3ccc(/C=C(\C#N)C(=O)O)s3)ccc21,ClCCl,484.0
422,CC(C)(C)c1ccc(N(/C2=c3\cc/c4n3[Zn]n3c(cc(C#Cc5ccc(C(=O)O)cc5)c3/C=C3/C=CC(=N3)/C=4c3cc(C(C)(C)C)cc(C(C)(C)C)c3)/C(c3cc(C(C)(C)C)cc(C(C)(C)C)c3)=C3/C=CC2=N3)c2ccc(C(C)(C)C)cc2)cc1,ClCCl,592.0
350,CCCCCCCCCCCCc1cc(-c2ccc(N3c4ccc(-c5ccc(OC)cc5)cc4C4C5CCC(C5)C43)cc2)sc1-c1cc2sc(/C=C(/C#N)C(=O)O)cc2s1,ClCCl,498.0
944,CCCCCCc1ccc(-c2ccc(-c3ccc(N(c4ccc(/C=C5/SC(=S)N(CC(=O)O)C5=O)cc4)c4ccc(-c5ccc(-c6ccc(CCCCCC)s6)s5)cc4)cc3)s2)s1,ClC(Cl)Cl,494.0
10,C(=C/c1nc2ccccc2s1)\c1ccc(Cn2cc(-c3ccc(N(c4ccccc4)c4ccc(-c5cn(Cc6ccc(/C=C/c7nc8ccccc8s7)cc6)nn5)cc4)cc3)nn2)cc1,CN(C)C=O,344.0
147,N#C/C(=C\c1ccc(-c2cc3sc(-c4ccc5c(c4)N(c4ccccc4)C4C6CCC(C6)C54)cc3s2)s1)C(=O)O,ClCCl,526.0
415,CCN(CC)c1ccc(C=C(C#N)c2ccc(C=C3SC(=S)N(CC(=O)O)C3=O)s2)cc1,CN(C)C=O,470.0
282,CCCCCCOc1ccc(N(c2ccc(OCCCCCC)cc2)c2ccc(-c3sc(-c4nc5sc(-c6sc(-c7ccc(C=C(C#N)C(=O)O)s7)c7c6OCC(CCCCC)(CCCCC)CO7)nc5s4)c4c3OCC(CCCCC)(CCCCC)CO4)cc2)cc1,C1CCOC1,518.0
298,CCCCCCCCCc1nc(-c2nc(CCCCCCCCC)c(-c3ccc(/C=C(\C#N)C(=O)O)s3)s2)sc1-c1ccc(N(c2ccccc2)c2ccccc2)cc1,C1CCOC1,432.0
806,CCCCCCCCCCc1nc(-c2nc(CCCCCCCCC)c(-c3ccc(/C=C(\C#N)C(=O)O)s3)s2)sc1-c1cccs1,C1CCOC1,425.0
291,CCCCOc1ccc(N(c2ccc(OCCCC)cc2)c2ccc3c4ccc(-c5ccc(/C=C(\C#N)C(=O)O)s5)cc4n(CCCC)c3c2)cc1,ClCCl,495.0
493,CC(C)(C)c1ccc(/C2=C3\C=CC(=N3)/C(Br)=c3/cc/c4n3[Zn]n3c2ccc3/C(Br)=C2/C=CC(=N2)/C=4c2ccncc2)cc1,C1CCOC1,625.0
909,CCCCC1(CCCC)c2cc(-c3ccc(/C=C(\C#N)C(=O)O)s3)ccc2-c2ccc(N3c4ccccc4Sc4cc(C=C5c6ccccc6-c6ccccc65)ccc43)cc21,ClCCl,427.0
898,CCCCCCOc1ccc(N(c2ccc(OCCCCCC)cc2)c2ccc(-c3c4ccccc4c(-c4ccc(/C=C(\C#N)C(=O)O)s4)c4nn(CCCCCC)nc34)cc2)cc1,C1CCOC1,464.0
430,CCCCCCOc1ccc(-c2c3ccc(-c4ccc(-c5ccc(-c6ccc(N(c7ccc(OCCCCCC)cc7)c7ccc(OCCCCCC)cc7)cc6)s5)s4)cc3c(-c3ccc(OCCCCCC)cc3)c3ccc(C=C(C#N)C(=O)O)cc23)cc1,ClCCl,499.0
1368,CCCCCCc1cc(-c2ccc3c(c2)C2CCCC2N3c2ccc3c(c2)C(C)(C)c2ccccc2-3)sc1/C=C1\C(=O)c2ccc(C(=O)O)cc2C1=O,ClC(Cl)Cl,611.0
677,CCCCCCCCCCCCN(c1ccc(-c2ccc(/C=C(\C#N)C(=O)O)s2)cc1)c1ccc(-n2c3ccc(C(C)(C)C)cc3c3cc(C(C)(C)C)ccc32)cc1,ClCCl,457.0
453,N#CC(=Cc1cc2sc(-c3ccco3)cc2s1)C(=O)O,CCO,398.0
331,CCCCCCCCOc1cc2c(cc1OCCCCCCCC)c1cc(-c3ccc(-c4ccc(N(c5ccc(OC)cc5)c5ccc(OC)cc5)cc4)c4nsnc34)sc1c1sc(CC(CN)C(O)O)cc21,C1CCOC1,526.0
1333,O=C(O)CN1C(=O)/C(=c2/s/c(=C\C=C3Sc4ccccc4N3CCCS(=O)(=O)O)c(=O)n2CC(=O)O)SC1=S,CCO,500.0
135,N#C/C(=C\c1ccc(-c2ccc(C=Cc3ccc(N(c4ccccc4)c4ccccc4)cc3)c3nc(-c4ccccc4)c(-c4ccccc4)nc23)s1)C(=O)O,C1CCOC1,500.0
351,CCCCn1c2ccc(-c3ccc(-c4ccc(C(=O)O)cc4)s3)cc2c2cc(-c3ccc(-c4ccc(C(=O)O)cc4)s3)ccc21,C1COCCO1,383.0
1229,CCN1/C(=C/C=C/C=C/C2=[N+](CC)c3ccc4ccccc4c3C2(C)C)C(C)(C)c2cc(C(=O)O)ccc21,CCO,651.0
613,N#C/C(=C\c1ccc(-c2ccc(-c3ccc(/C=C/c4ccc(N(c5ccccc5)c5ccccc5)cc4)s3)c3nsnc23)s1)C(=O)O,C1CCOC1,546.0
855,CCCCCCCCN(c1ccccc1)c1ccc(C=C2C(=O)NC(=S)NC2=O)cc1,C1CCOC1,482.0
554,N#C/C(=C\c1cc2sc3cc(/C=C/c4ccc(N(c5ccccc5)c5ccccc5)cc4)sc3c2s1)C(=O)O,ClCCl,472.0
917,CCn1c2ccccc2c2c1c1c3ccccc3n(CC)c1c1c3cc(-c4ccc(/C=C5/SC(=S)N(CC(=O)O)C5=O)cc4)ccc3n(CC)c21,C1CCOC1,456.0
158,N#C/C(=C\c1cc2c(c3ccccc13)N(c1ccc(C=C(c3ccccc3)c3ccccc3)cc1)C1CCCC21)C(=O)O,ClC(Cl)Cl,507.0
1190,N#CC(C#N)=Cc1ccc(-c2ccc(N(c3ccc(C(=O)O)cc3)c3ccc(C(=O)O)cc3)cc2)s1,CN(C)C=O,478.0
461,N#CC(=Cc1ccc(-c2ccc(-c3cc(-c4ccc(N(c5ccccc5)c5ccccc5)cc4)c(-c4ccc(N(c5ccccc5)c5ccccc5)cc4)s3)s2)s1)C(=O)O,C1CCOC1,456.0
852,COc1ccc2c(c1)Sc1cc(OC)ccc1N2c1ccc(-c2ccc(/C=C(\C#N)C(=O)O)s2)cc1,CC#N,411.0
1193,CCCCCCOc1ccc(-n2c3cc(/C=C(\C#N)C(=O)O)sc3c3sc(-c4ccc(N(c5ccc(-c6cc7sccc7s6)cc5)c5ccc(-c6cc7sccc7s6)cc5)cc4)cc32)c(OCCCCCC)c1,ClCCl,531.0
390,C(=C/c1ccc(/C=C/c2ccncc2)c2nsnc12)\c1ccncc1,ClCCl,428.0
438,CCCCCCCCN1c2ccc(-c3ccc(N(c4ccc(OC)cc4)c4ccc(OC)cc4)cc3)cc2Sc2cc(-c3ccc(/C=C(\C#N)C(=O)O)s3)ccc21,ClCCl,460.0
485,O=C(O)c1ccc(-c2c3nc(c(-c4ccccc4)c4ccc([nH]4)c(-c4ccccc4)c4nc(c(-c5ccccc5)c5ccc2[nH]5)C=C4)C=C3)cc1,ClC(Cl)Cl,646.0
705,O=C(O)c1ccc(C#C/C2=C3\C=CC(=N3)/C(c3ccccc3)=c3/cc/c4n3[Zn]n3c2ccc3/C(c2ccccc2)=C2/C=CC(=N2)/C=4)cc1,C1CCOC1,615.0
1030,CCCCCCCCCCCCCCCc1c(-c2ccc(N(c3ccccc3)c3ccccc3)cc2)sc2c1sc1c3sc(-c4ccc(/C=C(\C#N)C(=O)O)s4)c(CCCCCCCCCCCCCCC)c3sc21,Clc1ccccc1Cl,519.0
1077,CC(C)(C)C1CC(/C=C(\C#N)C(=O)O)=C2SC(c3ccccc3)=CC(c3ccccc3)=C2C1,ClCCl,554.0
353,Cc1cc(C)c(/C2=C3\C=CC(=N3)/C(c3ccc(C(=O)O)cc3)=c3/cc/c4n3[Zn]n3c2ccc3/C(c2c(C)cc(C)cc2C)=C2/C=CC(=N2)/C=4c2c(C)cc(C)cc2C)c(C)c1,ClCCl,592.0
96,O=C(O)CN1C(=O)/C(=C\c2ccc(N(c3ccc(-c4ccc5c(c4)[nH]c4ccccc45)cc3)c3ccc(-c4ccc5c(c4)[nH]c4ccccc45)cc3)cc2)SC1=S,CCO,477.0
420,N#C/C(=C\c1ccc(-c2c3ccccc3c(-c3ccc(N(c4ccccc4)c4ccccc4)cc3)c3nsnc23)s1)C(=O)O,C1CCOC1,522.0
354,COc1ccc(N(c2ccc(C=Cc3ccc(/C=C/c4ccc(N(c5ccc(OC)cc5)c5ccc(-c6ccc(/C=C(/C#N)C(=O)O)s6)cc5)cc4)cc3)cc2)c2ccc(-c3ccc(/C=C(/C#N)C(=O)O)s3)cc2)cc1,CCO,480.0
1233,CCCCC[C@H](CC)N1c2ccc(-c3ccc(N4c5ccccc5Sc5ccccc54)cc3)cc2Oc2cc(-c3ccc(/C=C(/C#N)C(=O)O)s3)ccc21,C1CCOC1,475.0
513,CCCCCCn1c2ccccc2c2cc(-c3ccc(C=C(C#N)C(=O)O)cc3)ccc21,ClC(Cl)Cl,380.0
156,O=C(O)CCCCCCn1c2cc(-c3ccc(-c4ccncc4)s3)ccc2c2ccc(N(c3ccccc3)c3ccccc3)cc21,C1COCCO1,396.0
534,CCCCCCn1c2ccccc2c2cc(N3c4ccccc4Sc4cc(/C=C5\SC(=S)N(CC(=O)O)C5=O)ccc43)ccc21,ClCCl,500.0
708,O=C(O)CN1C(=O)/C(=C/c2ccc3c(c2)CC(O)CN3c2ccccc2)SC1=S,C1CCOC1,473.0
382,CCCCCCCCN1C(=O)C2=C(c3ccc(-c4sc(-c5ccc(N(c6ccc(C)cc6)c6ccc(C)cc6)cc5)c5c4OCCO5)cc3)N(CCCCCCCC)C(=O)C2=C1c1ccc(-c2ccc(/C=C(/C#N)C(=O)O)cc2)cc1,C1CCOC1,520.0
374,CCCCCCCCn1c2ccccc2c2cc(C3=C(C)C4=C(CCCCC)c5c(C)c(/C=C(\C#N)C(=O)O)c(C)n5[B-](F)(F)[N+]4=C3C)ccc21,ClC(Cl)Cl,531.0
1037,CCCCN1c2ccccc2Sc2cc(-c3nc4c(-c5ccc(/C=C(\C#N)C(=O)O)s5)ccc(-c5ccc(/C=C(\C#N)C(=O)O)s5)c4n3CCCC)ccc21,C1CCOC1,427.0
479,CCN1O/C(=c2\c(=Cc3ccc(-c4ccc5c(c4)C4CCCC4N5c4ccc(C#N)cc4)cc3)sc(=O)n2CC(=O)O)SC1=S,ClC(Cl)Cl,516.0
1139,CCCCCCCCN(CCCCCCCC)c1ccc(C2=C([O-])/C(=C/C3=[N+](CC(=O)O)c4ccccc4C3(C)C)C2=O)cc1,C1CCOC1,630.0
542,Cc1ccc(N(c2ccccc2)c2ccc(-c3ccc(-c4ccc(/C=C(\C#N)C(=O)O)s4)s3)cc2)cc1,C1CCOC1,479.0
1348,Cc1ccc(C2(c3ccc(C)cc3)c3cccc4c3N3c5c2cccc5C(c2ccc(C)cc2)(c2ccc(C)cc2)c2cc(-c5ccc(/C=C(\C#N)C(=O)O)s5)cc(c23)C4(c2ccc(C)cc2)c2ccc(C)cc2)cc1,ClC(Cl)Cl,488.0
377,CCCCCCn1c2ccccc2c2cc(-c3nc4ccc(-c5ccc(C=C(C#N)C(=O)O)s5)cc4nc3-c3ccc4c(c3)c3ccccc3n4CCCCCC)ccc21,ClCCl,425.0
308,CCCCCCN(c1ccc(/C=C(\C#N)c2ccc(-c3ccc(/C=C(/C#N)C(=O)O)cc3)cc2)cc1)c1ccc(/C=C(\C#N)c2ccc(-c3ccc(/C=C(/C#N)C(=O)O)cc3)cc2)cc1,CN(C)C=O,446.0
664,CCCCC(CC)Cn1c2cc(-c3ccc(/C=C(\C#N)C(=O)O)o3)ccc2c2nc3c(-c4ccc(N(c5ccccc5)c5ccccc5)cc4)ccc(-c4ccc(N(c5ccccc5)c5ccccc5)cc4)c3nc21,ClCCl,438.0
535,CCCCCCOc1ccc(N(c2ccc(OCCCCCC)cc2)c2ccc(-c3sc(-c4ccc(-c5cc(CCCCCC)c(-c6ccc(C=C(C#N)C(=O)O)cc6)s5)c5nsnc45)cc3CCCCCC)cc2)cc1,ClCCl,530.0
1137,CCCCn1c(-c2ccc(-c3ccc(/C=C(\C#N)C(=O)O)cc3)cc2)nc2c(-c3cccs3)sc(-c3cccs3)c21,C1CCOC1,404.0
858,CCCCCCc1cc(-c2ccc3c4ccc(-c5ccc(N(c6ccccc6)c6ccccc6)cc5)cc4n(CC)c3c2)sc1/C=C(/C#N)C(=O)O,ClC(Cl)Cl,469.0
679,CCCCCCCCCCCCc1cc(-c2ccc(N3c4ccc(C=C(c5ccccc5)c5ccccc5)cc4C4C5CCC(C5)C43)cc2)sc1-c1cc2sc(/C=C(/C#N)C(=O)O)cc2s1,ClCCl,489.0
666,CCCCCCC(CCCC)Cc1cc(/C=C(\C#N)C(=O)O)sc1-c1cc2c3nonc3c3cc(-c4sc(-c5ccc6c(c5)Sc5ccccc5N6CC)cc4CC(CCCC)CCCCCC)sc3c2s1,C1CCOC1,463.0
352,CCCCCCc1cc(-c2sc(-c3sc(/C=C(\C#N)C(=O)O)cc3CCCCCC)cc2CCCCCC)sc1-c1ccc(N(c2ccc3c(c2)C(C)(C)c2ccccc2-3)c2ccc3c(c2)C(C)(C)c2ccccc2-3)cc1,C1CCOC1,430.0
124,CCCCCCCCn1c2ccccc2c2cc(N3c4ccccc4Sc4cc(/C=C5\SC(=S)N(CC(=O)O)C5=O)ccc43)ccc21,ClCCl,500.0
178,CCCCN(CCCC)c1ccc2c(c1)OC1=NC(c3ccc(C(=O)O)cc3)n3c(nc4ccccc43)C1=C2,CS(C)=O,454.0
287,C[N+]1=C(/C=C/c2ccc(N(CCC(=O)O)CCC(=O)O)cc2)C(C)(C)C2=C1C=CC1C=CC=CC21,CCO,578.0
1325,N#C/C(=C\c1cc(-c2ccc(-c3ccc(N(c4ccccc4)c4ccccc4)cc3)s2)c(-c2ccc(-c3ccc(N(c4ccccc4)c4ccccc4)cc3)s2)s1)C(=O)O,C1CCOC1,462.0
1142,N#C/C(=C\c1ccc(-c2ccc(-c3ccc(N(c4ccc5c(c4)OCCO5)c4ccc5c(c4)OCCO5)cc3)s2)s1)C(=O)O,CN(C)C=O,503.0
294,CCCCn1c2ccc(/C=C(\C#N)C(=O)O)cc2c2cc(-c3ccc(OC)cc3)ccc21,ClCCl,407.0
923,CCCCCCN1c2ccc(/C=C(\C#N)C(=O)O)cc2Sc2cc(-c3ccc4c(c3)-c3ccccc3C4(CCCCCC)CCCCCC)ccc21,ClCCl,465.0
405,CCCCCCCCOCc1cccc(OCCCCCCCC)c1/C1=C2\C=CC(=N2)/C(CCc2c(OCCCC)cc(C(=O)O)cc2OCCCC)=c2/cc/c3n2[Zn]n2c1ccc2/C(N(c1ccc(C)cc1)c1ccc(C)cc1)=C1/C=CC(=N1)/C=3N(c1ccc(C)cc1)c1ccc(C)cc1,CCO,662.0
672,COc1cc2cc(/C=C/c3ccc(/C=C/c4ccc(C=C(C#N)C(=O)O)cc4)cc3)c(=O)oc2cc1OC,CC#N,415.0
824,CCCCC1(CCCC)C(C=C2C(=O)C(c3ccc4c(c3)C3CCCC3N4c3ccc(C=C(c4ccccc4)c4ccccc4)cc3)=C2[O-])=[N+](CCC(=O)O)c2ccccc21,CS(C)=O,643.0
997,N#C/C(=C\c1ccc(-c2ccc3c(c2)CCc2cc(-c4ccc(N(c5ccccc5)c5ccccc5)cc4)ccc2N3CCCCCCOc2ccc(C(=O)O)cc2)s1)C(=O)O,ClCCl,458.0
88,CC(C)(C)c1cc(/C2=C3\C=CC(=N3)/C(C#Cc3ccc(-c4ccccc4)cc3)=c3/cc/c4n3[Zn]n3c(ccc32)/C(C#Cc2ccc(C(=O)O)cc2)=C2/C=CC(=N2)/C=4c2cc(C(C)(C)C)cc(C(C)(C)C)c2)cc(C(C)(C)C)c1,C1CCOC1,660.0
782,CCCCOc1ccc(N(c2ccc(OCCCC)cc2)c2ccc3c4ccc(-c5ccc(-c6ccc(/C=C(\C#N)C(=O)O)s6)s5)cc4n(CCCC)c3c2)cc1,ClCCl,485.0
933,O=[N+]([O-])C=Cc1ccc(N(c2ccccc2)c2ccc(C=C[N+](=O)[O-])cc2)cc1,CN(C)C=O,456.0
558,O=C(O)CN1C(=O)/C(=C/c2cc3c(c4ccccc24)N(c2ccc(C=C(c4ccccc4)c4ccccc4)cc2)C2CCCC32)SC1=S,ClC(Cl)Cl,551.0
1273,O=C(O)C[n+]1ccc(/C=C/c2ccc(N(c3ccccc3)c3ccccc3)cc2)cc1,ClCCl,483.0
793,CCCCCCOc1c2ccc(N(c3ccccc3)c3ccc4c(c3)Sc3ccccc3N4CCCCCC)cc2c(OCCCCCC)c2ccc(/C=C(\C#N)C(=O)O)cc12,C1CCOC1,494.0
589,Cc1ccc(N2c3ccc(-c4ncc(-c5ccc(C=C(C#N)C(=O)O)s5)c5nsnc45)cc3C3CCCC32)cc1,ClC(Cl)Cl,576.0
845,CC1(C)CC(/C=C/c2ccc(N(c3ccccc3)c3ccccc3)cc2)=CC(=C(C#N)C#N)C1,ClC(Cl)Cl,498.0
741,CN(C)c1ccc(/C=C/c2cc[n+](CCCS(=O)(=O)[O-])cc2)cc1,CO,480.0
290,CCCCCCCCCCOc1cc2cc(C#Cc3ccc(/C=C(\C#N)C(=O)O)cc3)c(=O)oc2cc1OCCCCCCCCCC,CC#N,398.0
285,CCCCCCOc1ccc(N(c2ccc(OCCCCCC)cc2)c2ccc(-n3c4cc(/C=C(\C#N)C(=O)O)sc4c4sc(-c5ccc6c(c5)C5CCCC5N6c5ccc6c(c5)C(CCC)(CCC)c5c7c(c8c(c5-6)C(CCC)(CCC)c5ccccc5-8)C(CCC)(CCC)c5ccccc5-7)cc43)cc2)cc1,ClCCl,553.0
707,CCCCCCCCn1nc2c(-c3ccc(C(=O)O)cc3)c3nc(-c4ccccc4)c(-c4ccccc4)nc3c(-c3ccc(N(c4ccccc4)c4ccccc4)cc3)c2n1,ClCCl,714.0
1303,CCCCCCCCCCCC[C@@H](CCCCCCCCCC)CN1c2ccccc2Sc2cc(/C=C3\SC(=S)N(CC(=O)O)C3=O)ccc21,ClCCl,478.0
490,CCCCCCCCCCCCc1cc(-c2ccc(N3c4ccc(-c5cccs5)cc4C4C5CCC(C5)C43)cc2)sc1-c1cc2sc(/C=C(/C#N)C(=O)O)cc2s1,ClCCl,501.0
996,CCCCCCCCN1C(=O)/C(=C2/C(=O)N(CCCCCCCC)c3cc(-c4ccc(/C=C(/C#N)C(=O)O)o4)ccc32)c2ccc(-c3ccc(N(c4ccccc4)c4ccccc4)cc3)cc21,ClCCl,571.0
266,CCCCCCCCN1c2ccc(/C=C(\C#N)C(=O)O)cc2Oc2cc(-c3ccc(OCCCC)cc3OCCCC)ccc21,ClCCl,506.0
327,CCCCCCCCCCCCN1c2ccc(/C=C(\C#N)C(=O)O)cc2Sc2cc(-c3ccc(-c4ccc5c(c4)Sc4cc(/C=C(\C#N)C(=O)O)ccc4N5CCCCCCCCCCCC)c4nsnc34)ccc21,CN(C)C=O,471.0
348,Cc1ccc(N(/C2=C3\C=CC(=N3)/C(c3ccc(C(=O)O)cc3)=c3/cc/c4n3[Zn]n3c(ccc32)/C(c2c(C)cc(C)cc2C)=C2/C=CC(=N2)/C=4N(c2ccc(C)cc2)c2ccc(C)cc2)c2ccc(C)cc2)cc1,ClCCl,636.0
1145,CCCCCCCCN(CCCCCCCC)c1ccc(C#Cc2c3ccccc3c(C#Cc3ccc(/C=C(/C#N)C(=O)O)cc3)c3ccccc23)cc1,C1CCOC1,509.0
59,CCCCCCc1sc(-c2ccc(-c3ccc4c(c3)Sc3cc(/C=C(\C#N)C(=O)O)ccc3N4CCCCCC)s2)c2c1OCCO2,ClCCl,481.0
969,N#C/C(=C\c1ccc2sc(-c3ccc4c(c3)CCN4c3ccc(C=C(c4ccccc4)c4ccccc4)cc3)nc2c1)C(=O)O,ClCCl,410.0
1329,CCCCCCCCCCCCN(c1ccc(-c2ccc(-c3ccc(-c4ccc(/C=C(\C#N)C(=O)O)s4)s3)s2)cc1)c1ccc(-n2c3ccc(C(C)(C)C)cc3c3cc(C(C)(C)C)ccc32)cc1,ClCCl,472.0
1057,CC(C)(C)c1ccc(N(/C2=c3\cc/c4n3[Zn]n3c(ccc3/C(c3cc(C(C)(C)C)cc(C(C)(C)C)c3)=C3/C=CC2=N3)/C(C#Cc2ccc(C(=O)O)cc2)=C2/C=CC(=N2)/C=4c2cc(C(C)(C)C)cc(C(C)(C)C)c2)c2ccc(C(C)(C)C)cc2)cc1,ClCCl,644.0
949,CCC1(CC)c2cc(C#Cc3cccc(/C=C(\C#N)C(=O)O)c3)ccc2-c2ccc(N(c3ccccc3)c3ccccc3)cc21,C1CCOC1,375.0
903,CCCCCCCCCCc1nc(-c2nc(CCCCCCCCC)c(-c3ccc(/C=C(\C#N)C(=O)O)s3)s2)sc1-c1ccc2c(c1)C(CCCC)(CCCC)c1ccccc1-2,C1CCOC1,427.0
936,CCCCCCn1c(=S)n(CCCCCC)c2cc(N(c3ccc(-c4ccc(-c5ccc(/C=C(\C#N)C(=O)O)s5)s4)cc3)c3ccc4c(c3)n(CCCCCC)c(=S)n4CCCCCC)ccc21,ClCCl,506.0
888,CCC1(CC)c2ccccc2-c2ccc(N(c3ccc4c(c3)C(CC)(CC)c3ccccc3-4)c3ccc4c(c3)C(CC)(CC)c3cc(-c5ccc(/C=C(\C#N)C(=O)O)s5)ccc3-4)cc21,ClCCl,492.0
715,O=C(O)CN1C(=O)C(=Cc2ccc(NC3=CCC(C=C4SC(=S)N(CC(=O)O)C4=O)(c4ccccc4)C=C3)cc2)SC1=S,CCO,467.0
333,CCN(CC)c1ccc(/C=C/c2sc3ccccc3[n+]2CCC(=O)[O-])cc1,CO,536.0
1203,COc1ccc(/C2=C3\C=CC(=N3)/C(c3ccc(OC)cc3)=c3/cc/c4n3[Zn]n3c2ccc3/C(c2ccc(C(=O)O)cc2)=C2/C=CC(=N2)/C=4c2ccc(OC)cc2)cc1,ClCCl,589.0
1309,N#C/C(=C\c1sc(-c2ccc(N(c3ccc(-n4c5ccccc5c5ccccc54)cc3)c3ccc(-n4c5ccccc5c5ccccc54)cc3)cc2)c2c1OCCO2)C(=O)O,ClCCl,486.0
676,CCCCCCCCN(CCCCCCCC)c1ccc(C2=C([O-])/C(=C/c3[se]c4ccccc4[n+]3CC(=O)O)C2=O)cc1,Cc1ccccc1,624.0
730,CCN1O/C(=c2\c(=Cc3ccc(-c4ccc5c(c4)C4CCCC4N5c4ccc(N(c5ccccc5)c5ccccc5)cc4)cc3)sc(=O)n2CC(=O)O)SC1=S,ClC(Cl)Cl,549.0
788,CCC1(CC)c2cc(-c3ccc(/C=C(\C#N)C(=O)O)s3)ccc2-c2ccc(N(c3ccccc3)c3ccc(C=C4c5ccccc5-c5ccccc54)cc3)cc21,ClCCl,464.0
1100,N#C/C(=C\c1ccc(-c2cc(-c3ccc(N(c4ccccc4)c4ccccc4)cc3)sc2-c2ccc(/C=C(\C#N)C(=O)O)s2)s1)C(=O)O,C1CCOC1,472.0
1299,CCCCCc1ccc(N(c2ccc(CCCCC)cc2)c2ccc3c(c2)/C=N/c2ccc(C(=O)O)cc2/N=C/c2cc(N(c4ccc(CCCCC)cc4)c4ccc(CCCCC)cc4)ccc2O[Zn]O3)cc1,C1CCOC1,452.0
722,N#CC(C#N)=c1[nH]c(=O)/c(=C/c2ccc(N(c3ccc(/C=c4\sc(=C(C#N)C#N)[nH]c4=O)cc3)c3ccc(/C=c4/sc(=C(C#N)C#N)[nH]c4=O)cc3)cc2)s1,CCO,454.0
1172,CCCC[C@H](CC)COc1ccc(-c2ccc3c(c2)Sc2cc(-c4ccc(OC[C@@H](CC)CCCC)cc4)ccc2N3[C@H]2C=CC(c3ccc(C(=O)O)cc3)=CC2)cc1,C1CCOC1,290.0
398,CCC1(CC)c2ccc(N(c3ccccc3)c3ccc4c(c3)C(CC)(CC)c3cc(-c5ccc(/C=C(/C#N)C(=O)O)s5)ccc3-4)cc2-c2ccc(C(c3ccccc3)c3ccccc3)cc21,C1CCOC1,458.0
847,N#C/C(=C\c1ccc(-c2ccc(-c3ccc(N(c4ccccc4)c4ccccc4)cc3)c3nsnc23)s1)C(=O)O,C1CCOC1,491.0
619,CCCCCCOc1ccc(N(c2ccc(OCCCCCC)cc2)c2ccc(-c3sc(-c4cc[n+](CC(=O)O)cc4)cc3CCCCCC)cc2)cc1,ClCCl,486.0
328,CCCCCCCCCCCCN1c2ccccc2Sc2cc(-c3ccc(-c4ccc5c(c4)Sc4cc(/C=C(\C#N)C(=O)O)ccc4N5CCCCCCCCCCCC)c4nn(CCCCCCCC)nc34)ccc21,CCO,474.0
100,CCCCC(CC)Cn1c2cc(C=C(C#N)C(=O)O)sc2c2sc(-c3ccc(N(c4ccccc4)c4ccccc4)cc3)cc21,ClC(Cl)Cl,479.0
318,CCCCCCN1c2ccccc2Sc2cc(/C=C/c3cc(-c4ccc(/C=C(\C#N)C(=O)O)s4)c(/C=C/c4ccc5c(c4)Sc4ccccc4N5CCCCCC)cc3-c3ccc(/C=C(\C#N)C(=O)O)s3)ccc21,CCO,382.0
1061,Cc1ccc(N(c2ccc(C)cc2)c2ccc3c(c2)C(c2ccc(C)cc2)(c2ccc(C)cc2)c2cc(-c4ccc(-c5ccc(C(=O)O)cc5)s4)sc2-3)cc1,ClC(Cl)Cl,442.0
83,N#C/C(=C\c1cc2c3c(c1)CCCN3CCC2)C(=O)O,CCO,430.0
129,CC(C)(C)c1ccc(-c2sc(-c3ccc(C(C)(C)C)cc3)c3[nH]c(-c4ccc(-c5ccc(/C=C(\C#N)C(=O)O)s5)cc4)nc23)cc1,C1CCOC1,392.0
803,CCCCCCCCN(CCCCCCCC)c1ccc(C2=C([O-])/C(=C/C3=[N+](CC(=O)O)c4ccccc4C3(C)C)C2=O)cc1,CN(C)C=O,620.0
12,CCCCCCN1c2ccc(C=C(C#N)C(=O)O)cc2Sc2cc(N(c3ccc(C(C)(C)c4ccccc4)cc3)c3ccc(C(C)(C)c4ccccc4)cc3)ccc21,ClCCl,478.0
1226,CCCCCCOc1ccc(N2c3ccc(/C=C(\C#N)C(=O)O)cc3Oc3cc(-c4ccc(OCCCC)cc4OCCCC)ccc32)cc1,ClCCl,500.0
171,C=Cc1ccc(N(c2ccccc2)c2ccc(/C=C3/SC(=S)N(CC(=O)O)C3=O)cc2)cc1,CO,461.0
614,CCCCCCc1cc(-c2sc(/C=C(\C#N)C(=O)O)cc2CCCCCC)sc1-c1ccc(N(c2ccccc2)c2ccccc2)cc1,ClCCl,475.0
1261,CCCCCCCCCCCC[C@@H](CCCCCCCCCC)CN1c2ccc(Br)cc2Sc2cc(/C=C3\SC(=S)N(CC(=O)O)C3=O)ccc21,ClCCl,473.0
260,CCCCCCCCc1cc(-n2c3ccc(C(C)(C)C)cc3c3cc(C(C)(C)C)ccc32)sc1-c1cc2c(s1)-c1sc(/C=C(\C#N)C(=O)O)cc1C2(C)C,C1CCOC1,485.0
691,CCCCO/C1=C2\C=CC(=N2)/C(c2ccccc2)=c2/cc/c3n2[Zn]n2c(ccc21)/C(c1ccccc1)=C1/C=CC(=N1)C=3\C=C\C=C(/C#N)C(=O)O,CCO,641.0
706,CCCCn1c2ccc(-c3ccc(-c4ccncc4)s3)cc2c2cc(-c3ccc(-c4ccc(O)c(O)c4)s3)ccc21,C1COCCO1,373.0
695,CCCCCCn1c2ccccc2c2cc(-c3ccc(/C=C4\SC(=S)N(CC(=O)O)C4=O)cc3)ccc21,ClC(Cl)Cl,438.0
1131,CCCCCCCCOc1c2cccc3c(-c4ccc(/C=C(\C#N)C(=O)O)s4)cc4c(OCCCCCCCC)c5cccc6c(-c7ccc(N(c8ccc(C)cc8)c8ccc(C)cc8)cc7)cc1c(c65)c4c32,C1CCOC1,461.0
723,CCCCCCCC[NH+]1c2ccc(C(=O)O)cc2C(C)(C)[C@@H]1/C=C1\C(=O)[C@H](c2ccc(-c3ccc(-c4ccc5c(c4)Sc4cc(OC[C@@H](CC)CCCC)ccc4N5CCCCCC)s3)s2)[C@@H]1[O-],C1CCOC1,667.0
332,N#CC(=Cc1ccc(-c2ccc(N(c3ccccc3)c3ccccc3)cc2)o1)C(=O)O,ClCCl,486.0
355,N#CC(=Cc1ccc(N(c2ccccc2)c2ccccc2)cc1)C(=O)O,C1CCOC1,365.0
138,CCCCC1(CCCC)C(C=C2C(=O)C(c3ccc4c(c3)C3CCCC3N4c3ccc4c(c3)C(C)(C)c3ccccc3-4)=C2[O-])=[N+](CCC(=O)O)c2ccccc21,CS(C)=O,643.0
381,CCC1(CC)c2ccc(N(c3ccccc3)c3ccc4c(c3)C(CC)(CC)c3cc(-c5ccc(-c6ccc(/C=C(/C#N)C(=O)O)s6)s5)ccc3-4)cc2-c2ccc(C(c3ccccc3)c3ccccc3)cc21,C1CCOC1,468.0
292,CCCCCCC(CCCC)COc1ccc(N(c2ccc(OCC(CCCC)CCCCCC)cc2)c2ccc3c4ccc(C#Cc5ccc(C=C(C#N)C(=O)O)s5)c5cccc(c6cccc2c63)c54)cc1,C1CCOC1,545.0
1118,CCN1C(=O)/C(=c2\s/c(=C/c3ccc(-c4ccc5c(c4)N(c4ccc(C=C(c6ccccc6)c6ccccc6)cc4)CC5)s3)c(=O)n2CC(=O)O)SC1=S,ClCCl,335.0
598,N#C/C(=C/c1ccc(N(c2ccccc2)c2ccc(/C=C(\C#N)C(=O)O)cc2)cc1)C(=O)O,ClC(Cl)Cl,426.0
141,CC(C)(C)c1ccc2c(N(c3ccccc3)c3cccc4ccccc34)c3cc(C(C)(C)C)ccc3c(-c3ccc(/C=C(\C#N)C(=O)O)s3)c2c1,C1CCOC1,434.0
710,CCCCCCCCN1C(=O)/C(=c2\s/c(=C\c3ccc(N(c4ccccc4)c4ccc(/C=c5/s/c(=C6/SC(=S)N(CCCCCCCC)C6=O)n(CC(=O)O)c5=O)cc4)cc3)c(=O)n2CC(=O)O)SC1=S,ClC(Cl)Cl,535.0
736,CC(C)Cc1ccc(/C2=C3\C=CC(=N3)/C(c3ccc(CC(C)C)cc3)=c3/cc/c4n3[Zn]n3c2ccc3/C(c2ccc(CC(C)C)cc2)=C2\N=C(C=C2C#Cc2ccc(C(=O)O)cc2)/C=4c2ccc(CC(C)C)cc2)cc1,ClCCl,606.0
1099,CCCCCCc1cc(-c2cc[n+](C(=O)O)cc2)sc1-c1ccc2c(c1)Sc1ccccc1N2CCCCCC,ClCCl,506.0
139,CCCCCCn1cc(/C=C(/C#N)c2ccc(/C=N/c3ccc(C(=O)O)cc3)s2)c2cc(OC)ccc21,ClC(Cl)Cl,462.0
1205,CCCCCCOc1ccc(N(c2ccc(OCCCCCC)cc2)c2ccc(-c3ccc(-c4nc(-c5ccc(-c6ccc(/C=C(\C#N)C(=O)O)s6)s5)c(-c5ccc(-c6ccc(/C=C(\C#N)C(=O)O)s6)s5)n4CCCCCC)s3)cc2)cc1,C1CCOC1,484.0
1103,N#C/C(=C\c1c(F)cc(/C=C/c2ccc(N(c3ccccc3)c3ccccc3)cc2)cc1F)C(=O)O,C1CCOC1,422.0
224,CCCCCOc1ccc(N(/C2=c3\cc/c4n3[Zn]n3c(ccc3/C(c3cc(C(C)(C)C)cc(C(C)(C)C)c3)=C3/C=CC2=N3)/C(C#Cc2ccc(C(=O)O)cc2)=C2/C=CC(=N2)/C=4c2cc(C(C)(C)C)cc(C(C)(C)C)c2)c2ccc(OCCCCC)cc2)cc1,CCO,665.0
812,N#C/C(=C\c1ccc(-c2cc(-c3ccc(-c4ccc(N(c5ccccc5)c5ccccc5)cc4)s3)sc2-c2ccc(/C=C(\C#N)C(=O)O)cc2)cc1)C(=O)O,C1CCOC1,462.0
274,CCCCCCOc1ccc(N(c2ccc(OCCCCCC)cc2)c2ccc(-c3sc(-c4cc5sc(C=C(C#N)C(=O)O)cc5s4)c4c3OCCO4)cc2)cc1,ClC(Cl)Cl,552.0
323,Cc1sc(/C=C/c2ccc(N(c3ccccc3)c3ccccc3)cc2)cc1C1=C(c2cc(/C=C(\C#N)C(=O)O)sc2C)CCC1,ClCCl,380.0
478,CCCCCCc1cc(-c2sc(-c3sc(-c4sc(-c5ccc6c(c5)c5ccccc5n6CC)cc4CCCCCC)cc3CCCCCC)cc2CCCCCC)sc1/C=C(\C#N)C(=O)O,Cc1ccccc1,489.0
409,CC1(C)C(/C=C2\C(=O)C(/C=C3/N(Cc4ccc(C(=O)O)cc4)c4ccccc4C3(C)C)=C2[O-])=[N+](Cc2ccc(C(=O)O)cc2)c2ccccc21,ClC(Cl)Cl,637.0
325,CCCCCCn1c2ccc(C=C(C#N)c3ccc(-c4ccc(/C=C(/C#N)C(=O)O)cc4)cc3)cc2c2cc(/C=C(\C#N)c3ccc(-c4ccc(/C=C(/C#N)C(=O)O)cc4)cc3)ccc21,CN(C)C=O,419.0
615,O=C(O)c1ccc(/C2=C3\C=CC(=N3)/C(c3ccccc3)=c3/cc/c4n3[Zn]n3c2ccc3/C(c2ccccc2)=C2/C=CC(=N2)/C=4c2ccc(-n3c4ccccc4c4ccccc43)cc2)cc1,ClCCl,586.0
299,CCCCCCCCCCC1(CCCCCCCC)C(/C=C2/C(=O)C(/C=C3\N(C)c4ccc(-c5ccc(C=C(C#N)C(=O)O)cc5)cc4C3(C)C)=C2[O-])=[N+](CCCCCC)c2ccccc21,ClC(Cl)Cl,654.0
744,CCCCCCCCCCCCOc1cc(C#Cc2ccc(N(c3ccccc3)c3ccccc3)cc2)c(OCCCCCCCCCCCC)cc1C#Cc1ccc(C(=O)O)cc1,C1CCOC1,393.0
669,CCCCC1(CCCC)c2ccccc2-c2ccc(-c3cc(/C=C(\C#N)C(=O)O)c(-c4cc5cc6c7c(c5oc4=O)C(C)(C)CCN7CCC6(C)C)s3)cc21,ClC(Cl)Cl,478.0
567,CCCCCCN1c2ccc(C#Cc3ccc(-c4ccc(C#Cc5ccc6c(c5)Sc5cc(/C=C(/C#N)C(=O)O)ccc5N6CCCCCC)cc4)cc3)cc2Sc2cc(/C=C(/C#N)C(=O)O)ccc21,C1CCOC1,449.0
1276,CC(C)(C)c1ccc2c(c1)c1cc(C(C)(C)C)ccc1n2-c1ccc(-c2ccc(-c3ccc(/C=C(\C#N)C(=O)O)s3)s2)cc1,ClC(Cl)Cl,468.0
1271,CCCCC(CC)CN1C(=O)C2=C(c3ccc(-c4ccc(C=C(C#N)C(=O)O)s4)cn3)N(CC(CC)CCCC)C(=O)C2=C1c1ccc(-c2ccc(N(c3ccccc3)c3ccccc3)cc2)cn1,C1CCOC1,564.0
621,CCCCCCn1c2ccc(-c3ccc(N(c4ccccc4)c4ccccc4)cc3)cc2c2cc(-c3ccc(/C=C(\C#N)C(=O)O)o3)ccc21,ClCCl,468.0
798,CCCCCCOc1c(OCCCCCC)c(-c2ccc(/C=C(\C#N)C(=O)O)s2)c2nsnc2c1-c1ccc2c(c1)C(CC)(CC)c1cc(N(c3ccccc3)c3ccccc3)ccc1-2,C1CCOC1,454.0
843,CCCCCCCCCCCCn1c2ccc(-c3ccc(-c4ccc(-c5ccc(/C=C(\C#N)C(=O)O)cc5)s4)s3)cc2c2cc(-n3c4ccc(C(C)(C)C)cc4c4cc(C(C)(C)C)ccc43)ccc21,ClCCl,416.0
988,CCCCCCCCc1cc(/C=C(/C#N)C(=O)O)sc1-c1ccc(-c2sc(-c3ccc4c(c3)Sc3cc(-c5ccc(OCCCC)cc5)ccc3N4CC(CC)CCCC)cc2CCCCCCCC)s1,ClCCl,476.0
626,CCCCCCOc1ccc(N2c3ccccc3Sc3cc(/C=C(\C#N)C(=O)O)ccc32)cc1,ClCCl,475.0
974,N#C/C(=C\c1cc(-c2ccc(N(c3ccccc3)c3ccccc3)cc2)c(-c2ccc(-c3ccc(-c4ccc(N(c5ccccc5)c5ccccc5)cc4)s3)s2)s1)C(=O)O,ClCCl,493.0
1132,CCCCCCOc1ccc(N(c2ccc(OCCCCCC)cc2)c2ccc(-c3ccc(-c4ccc(C=C(C#N)C(=O)O)o4)o3)cc2)cc1,ClC(Cl)Cl,522.5
1224,Cc1ccc(C2(c3ccc(C)cc3)c3cccc4c3N3c5c2cccc5C(c2ccc(C)cc2)(c2ccc(C)cc2)c2cc(-c5ccc(/C=C(\C#N)C(=O)O)o5)cc(c23)C4(c2ccc(C)cc2)c2ccc(C)cc2)cc1,ClCCl,461.0
978,CCCCCCN1c2ccccc2Sc2cc(-c3ccc4c(c3)Sc3cc(/C=C5\SC(=S)N(CC(=O)O)C5=O)ccc3N4CCCCCC)ccc21,ClCCl,503.0
620,CCCCCCc1cc(-c2ccc(N(c3ccccc3)c3ccccc3)cc2)sc1-c1ccc(/C=C(\C#N)C(=O)O)s1,ClCCl,492.0
875,CCCCCCCCc1cc(-c2ccc(-c3cc(CCCCCCCC)c(-c4ccc(-c5ccc(N(c6ccc(CCCCCC)cc6)c6ccc(CCCCCC)cc6)cc5)s4)s3)c3nsnc23)sc1-c1ccc(-c2ccc(/C=C(\C#N)C(=O)O)cc2)s1,ClCCl,543.0
799,CCCCCCOc1ccc(N(c2ccc(OCCCCCC)cc2)c2ccc(-c3ccc(-c4ccc(-c5ccc(-c6ccc(/C=C(\C#N)C(=O)O)cc6)c6nsnc56)s4)s3)cc2)cc1,ClCCl,515.0
1191,COc1ccc(N(c2ccc(OC)cc2)c2ccc(-c3ccc(-c4ccc(C=C5NC(=O)NC5=O)s4)c4nsnc34)cc2)cc1,ClC(Cl)Cl,515.0
467,N#C/C(=C/c1ccc(/C=N/N(c2ccccc2)c2ccccc2)s1)C(=O)O,C1CCOC1,465.0
321,CCCCCCCCn1nc2c(-c3ccc(/C=C(\C#N)C(=O)O)cc3)c3nc(-c4ccccc4)c(-c4ccccc4)nc3c(-c3cccc4c3C3C5CCC(C5)C3N4c3ccccc3)c2n1,ClCCl,602.0
5,CCCCn1c2ccccc2c2cc(-c3ccc4c(c3)c3cc(-c5sc(/C=C(\C#N)C(=O)O)c6c5OCCO6)ccc3n4CCCC)ccc21,C1CCOC1,448.0
1133,N#C/C(=C\c1ccc(-c2ccc(-c3ccc(N(c4ccc5c(c4)OCCO5)c4ccc5c(c4)OCCO5)cc3)s2)cc1)C(=O)O,ClCCl,471.0
844,CCCCCCCCOc1cc2c(cc1OCCCCCCCC)c1cc(-c3ccc(N(c4ccc(OC)cc4)c4ccc(OC)cc4)cc3)sc1c1sc(C=C(C#N)C(=O)O)cc21,C1CCOC1,471.0
1286,CCCC[C@H](CC)CN1c2ccccc2Sc2cc(/C3=C4\C=CC(=N4)/C(c4cc(C(C)(C)C)cc(C(C)(C)C)c4)=c4/cc/c5n4[Zn]n4c3ccc4/C(c3cc(C(C)(C)C)cc(C(C)(C)C)c3)=C3/C=CC(=N3)/C=5c3ccc(/C=C(/C#N)C(=O)O)s3)ccc21,ClCCl,602.0
1026,CCCCCCCCCCCCN1c2ccccc2Oc2cc(/C=C(\C#N)C(=O)O)ccc21,ClCCl,491.0
39,CC(C)c1cccc(C(C)C)c1-n1c(-c2ccc(-c3ccc(N(c4ccccc4)c4ccccc4)cc3)s2)cc(/C=C(\C#N)C(=O)O)c1-c1ccc(-c2ccc(N(c3ccccc3)c3ccccc3)cc2)s1,C1CCOC1,418.0
30,CCCCCCCCOc1ccc(-c2ccc(N(c3ccc(-c4ccc(OCCCCCCCC)cc4OCCCCCCCC)cc3)c3ccc(-c4ncc(-c5ccc(/C=C(\C#N)C(=O)O)s5)c5nc(-c6ccccc6)c(-c6ccccc6)nc45)cc3)cc2)c(OCCCCCCCC)c1,ClCCl,541.0
242,CCCCCCOc1ccc(N(c2ccc(-c3cc4c(s3)c3sc(/C=C(\C#N)C(=O)O)cc3n4-c3ccc(OCCCCCC)cc3OCCCCCC)cc2)c2ccc3c(c2)sc2ccsc23)cc1,ClCCl,531.0
938,N#C/C(=C\c1ccc(-c2cc(-c3ccc(-c4ccc(N(c5ccccc5)c5ccccc5)cc4)s3)c(-c3ccc(-c4ccc(N(c5ccccc5)c5ccccc5)cc4)s3)s2)s1)C(=O)O,C1CCOC1,465.0
987,CCCCCCc1cc(-c2cc[n+](CC(=O)O)cc2)sc1-c1ccc(N(c2ccc(OC)cc2)c2ccc(OC)cc2)cc1,ClCCl,481.0
136,COc1ccc(N(c2ccc(OC)cc2)c2ccc(-c3cc4sc(/C=C(\C#N)C(=O)O)cc4s3)cc2)cc1,ClC(Cl)Cl,512.0
310,O=C(O)CN1C(=O)/C(=C/c2ccc3c(c2)C2CCCC2N3c2ccc(C=C(c3ccccc3)c3ccccc3)cc2)SC1=S,ClC(Cl)Cl,514.0
1182,CCCCCCCCCCCCCCCc1c(C=C(C#N)C(=O)O)sc2c1sc1c3sc(-c4ccc(-c5ccc(N(c6ccccc6)c6ccccc6)cc5)s4)c(CCCCCCCCCCCCCCC)c3sc21,Clc1ccccc1Cl,482.0
999,COc1cc(/C2=C3\C=CC(=N3)/C(c3cc(OC)c(OC)c(OC)c3)=c3/cc/c4n3[Zn]n3c(ccc32)/C(c2ccc(C(=O)O)cc2)=C2/C=CC(=N2)/C=4c2cc(OC)c(OC)c(OC)c2)cc(OC)c1OC,CN(C)C=O,606.0
755,COc1ccc(N2c3ccccc3Oc3cc(/C=C(\C#N)C(=O)O)ccc32)cc1,C1CCOC1,458.0
1356,CCn1c(-c2ccc3c(c2)C(CC)(CC)c2cc(-c4ccc(-c5ccc(/C=C(\C#N)C(=O)O)s5)s4)ccc2-3)nc(-c2ccccc2)c1-c1ccccc1,C1CCOC1,458.0
787,N#C/C(=C\c1ccc(-c2ccc3c(c2)c2ccccc2n3-c2ccc(N(c3ccc(-n4c5ccccc5c5ccccc54)cc3)c3ccc(-n4c5ccccc5c5ccccc54)cc3)cc2)s1)C(=O)O,C1CCOC1,400.0
1366,Cc1ccc(N(/C2=C3\C=CC(=N3)/C(N(c3ccc(C)cc3)c3ccc(C)cc3)=c3/cc/c4n3[Zn]n3c(ccc32)/C(c2ccc(C(=O)O)cc2)=C2/C=CC(=N2)/C=4c2ccc(C(=O)O)cc2)c2ccc(C)cc2)cc1,ClCCl,636.0
571,CCCCCCc1cc(-c2ccc(N3c4ccccc4C4C5CCC(C5)C43)cc2)sc1-c1ccc(/C=C2\SC(=S)N(CC(=O)O)C2=O)s1,ClCCl,522.0
3,CCCCC(CC)Cn1c2cc(-c3ccc(/C=c4\sc(=C(C#N)C#N)[nH]c4=O)s3)ccc2c2nc3c(-c4ccc(N(c5ccccc5)c5ccccc5)cc4)ccc(-c4ccc(N(c5ccccc5)c5ccccc5)cc4)c3nc21,ClCCl,462.0
111,N#C/C(=C\c1ccc(-c2ccc(-c3ccc(N4c5ccccc5C=Cc5ccccc54)cc3)c3nsnc23)s1)C(=O)O,ClCCl,494.0
1251,CCCCCCOc1ccc(N(c2ccc3c(c2)Sc2cc(/C=C(\C#N)C(=O)O)ccc2N3CCCCCC)c2ccc3c(c2)c2ccccc2n3CCCCCC)cc1,ClCCl,506.0
781,N#CC(=Cc1ccc(-c2ccc(N(c3ccc(-c4ccc(C=C(C#N)C(=O)O)s4)cc3)c3ccc(-c4ccc(C=C(C#N)C(=O)O)s4)cc3)cc2)s1)C(=O)O,ClC(Cl)Cl,484.0
1187,N#CC(=Cc1ccc(-n2c3ccccc3c3ccccc32)cc1)C(=O)O,CC#N,374.0
885,CCO[Si](OCC)(OCC)c1ccc2oc(-c3cc4ccc(N(CC)CC)cc4oc3=O)nc2c1,CC#N,440.0
1050,Cc1c(-c2ccc(-c3ccc(/C=C(\C#N)C(=O)O)s3)s2)c(=O)oc2cc(N(c3ccc4c(c3)C(C)(C)c3ccccc3-4)c3ccc4c(c3)C(C)(C)c3ccccc3-4)ccc12,CCO,431.0
716,N#C/C(=C/c1ccc(-c2ccc3c(c2)C2CCCC2N3c2ccc(C=C(c3ccccc3)c3ccccc3)cc2)s1)C(=O)O,ClC(Cl)Cl,519.0
986,N#C/C(=C\c1ccc(/C=C/c2ccc(N(c3ccccc3)c3cccc4ccccc34)cc2)cc1F)C(=O)O,C1CCOC1,427.0
376,CCCCCC1c2c(C)c(-c3ccc(/C=C(/C#N)C(=O)O)o3)c(C)n2[B-](F)(F)[N+]2=C(C)C(c3ccc4c(c3)Sc3cc(C5=C(C)C6C(CCCCC)c7c(C)c(-c8ccc(/C=C(\C#N)C(=O)O)o8)c(C)n7[B-](F)(F)[N+]6=C5C)ccc3N4CCC)=C(C)C12,ClCCl,555.0
314,CCCCOc1ccc(N(c2ccc(OCCCC)cc2)c2ccc3nc(/C=C(\C#N)C(=O)O)ccc3c2)cc1,ClC(Cl)Cl,466.0
442,CCCCCCN1c2ccc(/C=C3\SC(=S)N(CC(=O)O)C3=O)cc2Sc2cc(-c3ccc(C)cc3)ccc21,ClCCl,471.0
319,CCCCn1c2ccc(/C=C(\C#N)C(=O)O)cc2c2cc(-c3ccc(-c4ccc(OC)cc4)s3)ccc21,ClCCl,408.0
680,Cc1ccc(-c2c3nc(c(-c4ccc(C)cc4)c4ccc([nH]4)c(-c4ccc(C(=O)O)cc4)c4nc(c(-c5ccc(C)cc5)c5ccc2[nH]5)C=C4)C=C3)cc1,ClC(Cl)Cl,648.0
670,CCCCCCOc1ccc(N(c2ccc(OCCCCCC)cc2)c2ccc(-c3cc4c(s3)-c3sc(/C=C(\C#N)C(=O)O)cc3C4(CCCCCC)CCCCCC)c3nsnc23)cc1,ClCCl,498.0
424,CCCCN1c2ccc(-c3ccc(-c4ccc(/C=C(\C#N)C(=O)O)s4)s3)cc2Sc2cc(-c3nc4ccccc4n3-c3ccccc3)ccc21,C1CCOC1,459.0
752,O=C1NC(=O)C(=Cc2ccc(-c3ccc(-c4ccc(N(c5ccccc5)c5ccccc5)cc4)c4nsnc34)s2)N1,ClC(Cl)Cl,522.0
1058,CCCCCCn1c2ccccc2c2sc3c4sc(C=C(C#N)C(=O)O)cc4n(CCCCCC)c3c21,ClCCl,503.0
1121,CCCCCCCCCCC1(CCCCCCCC)/C(=C/C2=C([O-])/C(=C\C3=[N+](C)c4ccccc4C3(C)C)C2=O)N(CCCCCC)c2ccc(-c3ccc(C=C(C#N)C(=O)O)s3)cc21,ClC(Cl)Cl,667.0
526,CC1(C)c2ccccc2-c2ccc(-c3ccc4c(c3)Sc3cc(-c5ccc(C#Cc6cc(-c7cccc(C(=O)O)c7)cc(-c7cccc(C(=O)O)c7)c6)s5)ccc3N4c3ccc4c(c3)C(C)(C)c3ccccc3-4)cc21,CN(C)C=O,415.0
227,CCCCCCCCn1c2c(c3ccccc31)-c1c(c3ccccc3n1CCCCCCCC)-c1c(c3cc(-c4ccc(/C=C(\C#N)C(=O)O)s4)ccc3n1CCCCCCCC)-c1c-2c2ccccc2n1CCCCCCCC,ClCCl,460.0
602,N#C/C(=C/c1ccc2c(c1)C1CCCC1N2c1ccc(C=C(c2ccccc2)c2ccccc2)cc1)C(=O)O,ClC(Cl)Cl,463.0
746,N#C/C(=C/c1ccc(-c2ccc(-c3ccc(N(c4ccccc4)c4ccccc4)cc3)s2)s1)C(=O)O,ClC(Cl)Cl,455.0
826,N#CC(C#N)=c1[nH]c(=O)/c(=C/c2ccc(N(c3ccccc3)c3ccc(/C=c4\sc(=C(C#N)C#N)[nH]c4=O)cc3)cc2)s1,CCO,455.0
584,CCn1c2ccccc2c2cc(C=C(C#N)C(=O)O)ccc21,CC#N,385.0
66,N#CC(C#N)=Cc1sc(-c2ccc(N(c3ccc(C(=O)O)cc3)c3ccc(C(=O)O)cc3)cc2)c2c1OCCO2,CN(C)C=O,492.0
882,Cc1ccc(N(c2ccc(C)cc2)c2ccc(-n3cc(SC#N)c4cc(-c5cc(C)c(/C=C(\C#N)C(=O)O)s5)ccc43)cc2)cc1,ClC(Cl)Cl,426.0
921,O=C(O)Cn1c(=O)sc(=Cc2ccc3c(c2)C2CCCC2N3c2ccc(C=C(c3ccccc3)c3ccccc3)cc2)/c1=c1/s/c(=C2/SC(=S)N(c3ccccc3)C2=O)n(-c2ccccc2)c1=O,ClC(Cl)Cl,571.0
211,N#C/C(=C\c1ccc(/C=C/c2ccc(N(c3ccccc3)c3ccccc3)cc2)n1-c1ccc(C#N)cc1)C(=O)O,ClCCl,490.0
865,CCCCn1c2cc(-c3ccc(/C=C(\C#N)C(=O)O)s3)ccc2c2ccc(N(c3ccccc3)c3ccccc3)cc21,ClCCl,472.5
872,CN(C)c1ccc(C#Cc2ccc(-c3ccc(/C=C(\C#N)C(=O)O)s3)s2)cc1,CN(C)C=O,426.0
536,CCCCCCn1c2c(c3cc(-c4ccc(/C=C(\C#N)C(=O)O)cc4)ccc31)C(CCCCCC)(CCCCCC)c1ccccc1-2,ClCCl,416.0
900,CCCCC(CC)CN1c2ccc(/C=C\C3=C/C(=C4\C(=O)c5ccccc5C4=C(C#N)C#N)C=C(/C=C/c4ccc5c(c4)Sc4cc(/C=C\C(=O)O)ccc4N5CC(CC)CCCC)O3)cc2Sc2cc(/C=C/C(=O)O)ccc21,CN(C)C=O,581.0
560,CCCCCCCCn1nc2c(-c3ccc(/C=C(\C#N)C(=O)O)s3)c3nc(-c4ccccc4)c(-c4ccccc4)nc3c(-c3ccc(-c4cccc5c4C4C6CCC(C6)C4N5c4ccccc4)s3)c2n1,ClCCl,630.0
1186,CCCCCCc1ccc(-c2cc(CCCCCC)c(-c3ccc(-c4ccc(-c5sc(-c6ccc(P(=O)(O)O)s6)cc5CCCCCC)s4)s3)s2)s1,ClC(Cl)Cl,426.0
1236,Cn1c2ccccc2c2c3c(ccc21)ccc1c3c2cc(/C=C(\C#N)C(=O)O)ccc2n1C,ClC(Cl)Cl,435.0
861,CCC1(CC)c2cc(-c3ccc(/C=C(\C#N)C(=O)O)s3)ccc2-c2ccc(N3c4ccccc4Sc4ccccc43)cc21,ClCCl,429.0
772,CC(C)(C)c1ccc(N(/C2=c3\cc/c4n3[Zn]n3c(ccc3/C(c3cc(C(C)(C)C)cc(C(C)(C)C)c3)=C3/C=CC2=N3)/C=C2\N=C(C=C2/C=C/C(=O)O)/C=4c2cc(C(C)(C)C)cc(C(C)(C)C)c2)c2ccc(C(C)(C)C)cc2)cc1,CCO,618.0
1000,CCCCCCCCN(CCCCCCCC)c1ccc(C#Cc2c3ccccc3c(C#Cc3ccc(C(=O)O)c([N+](=O)[O-])c3)c3ccccc23)cc1,C1CCOC1,503.0
1237,CCCCCCCCCCC1(CCCCCCCC)C(/C=C2/C(=O)C(/C=C3\N(C)c4ccc(-c5ccc(C=C(C#N)C(=O)O)s5)cc4C3(C)C)=C2[O-])=[N+](CCCCCC)c2ccccc21,ClC(Cl)Cl,665.0
879,COc1ccc(N(/C2=c3\cc/c4n3[Zn]n3c(ccc3/C(c3cc(C(C)(C)C)cc(C(C)(C)C)c3)=C3/C=CC2=N3)/C(C#Cc2ccc(C(=O)O)cc2)=C2/C=CC(=N2)/C=4c2cc(C(C)(C)C)cc(C(C)(C)C)c2)c2ccc(OC)cc2)cc1,CCO,664.0
1284,CC1(C)CCN2CCC(C)(C)c3c2c1cc1cc(/C=C/c2ccc(/C=C(\C#N)C(=O)O)s2)c(=O)oc31,CCO,509.25
1331,CCN1C(=O)/C(=c2\c(=Cc3ccc4c(c3)C3CCCC3N4c3ccc(CO)cc3)sc(=O)n2CC(=O)O)SC1=S,CS(C)=O,542.0
273,CCN(CC)c1ccc2c(c1)OC(=O)[C@@H](C(=O)O)C2,CC#N,445.0
610,CCCCCCOc1cc(OCCCCCC)cc(-n2c3cc(C4=C5C(C)=CC(C)=[N+]5[B-](F)(F)n5c(C)cc(C)c54)sc3c3sc(-c4cc5c(s4)c4sc(/C=C(\C#N)C(=O)O)cc4n5-c4ccc(OCCCCCC)cc4OCCCCCC)cc32)c1,ClCCl,517.0
362,N#C/C(=C\c1ccc(C#Cc2c3ccccc3c(-c3ccc(N(c4ccccc4)c4ccccc4)cc3)c3ccccc23)s1)C(=O)O,ClCCl,494.0
2,CCCCCCOc1ccc(-n2c3cc(/C=C(\C#N)C(=O)O)sc3c3sc(C4=C5C(C)=CC(C)=[N+]5[B-](F)(F)n5c(C)cc(C)c54)cc32)c(OCCCCCC)c1,ClCCl,519.0
6,CCCCC1(CCCC)c2ccccc2-c2ccc(-c3ccc4c(c3)C(=O)c3cc(-c5ccc(/C=C(\C#N)C(=O)O)s5)ccc3-4)cc21,C1CCOC1,366.0
311,CCCCn1c(-c2ccc(N(c3ccccc3)c3ccccc3)cc2)nc2c(-c3ccc(/C=C(\C#N)C(=O)O)cc3)ccc(-c3ccc(/C=C(\C#N)C(=O)O)cc3)c21,C1CCOC1,365.0
561,N#CC(=Cc1ccc(-c2cnc(-c3ccc(N(c4ccccc4)c4ccccc4)cc3)c3nsnc23)cc1)C(=O)O,ClCCl,500.0
1013,CCCCn1c2cc(-c3ccc(/C=C(\C#N)C(=O)O)s3)ccc2c2ccc(-n3c4ccccc4c4ccccc43)cc21,ClCCl,440.0
1357,N#CC(C#N)=CC(c1ccc(N(c2ccccc2)c2ccccc2)cc1)=c1ccc(=C(C#N)C#N)cc1,ClCCl,750.0
215,O=C(O)CN1C(=O)/C(=C/c2ccc(N(c3ccc(/C=C4\SC(=S)N(CC(=O)O)C4=O)cc3)c3ccc(N4c5ccccc5Sc5ccccc54)cc3)cc2)SC1=S,CN(C)C=O,476.0
579,N#C/C(=C\c1ccc(-c2ccc(N(c3ccc(-c4ccccc4)cc3)c3ccc(-c4ccccc4)cc3)cc2)s1)C(=O)O,ClCCl,468.0
27,CCCCCCC(CCCC)COc1ccc(N(c2ccc(OCC(CCCC)CCCCCC)cc2)c2ccc3c4ccc(C#Cc5ccc(C=C(C#N)C(=O)O)cc5)c5cccc(c6cccc2c63)c54)cc1,C1CCOC1,528.0
967,CCCCCCn1c2cc(/C=C(\C#N)C(=O)O)sc2c2c3nn(CC(CC)CCCC)nc3c3c4sc(-c5ccc(N(c6ccccc6)c6ccccc6)cc5)cc4n(CCCCCC)c3c21,C1CCOC1,480.0
1197,CCCCn1c2ccccc2c2cc(N3c4ccccc4Sc4cc(/C=C5\SC(=S)N(CC(=O)O)C5=O)ccc43)ccc21,ClCCl,501.0
572,CCCCCCN1C(=O)C2=C(c3ccc(-c4ccc5c(c4)Sc4ccccc4N5CCCCCC)cc3)N(CCCCCC)C(=O)C2=C1c1ccc(/C=C(\C#N)C(=O)O)cc1,ClCCl,523.0
765,N#CC(=Cc1ccc(C=Cc2c3ccccc3c(-c3ccc(N(c4ccccc4)c4ccccc4)cc3)c3ccccc23)s1)C(=O)O,ClCCl,464.0
1279,CCCCCCOc1ccc(-n2c3ccsc3c3sc(/C=C(\C#N)C(=O)O)cc32)c(OCCCCCC)c1,ClCCl,460.0
714,CCCCCCN1c2ccccc2Sc2cc(-c3ccc4c(c3)Sc3cc(-c5ccc6c(c5)Sc5cc(/C=C(\C#N)C(=O)O)ccc5N6CCCCCC)ccc3N4CCCCCC)ccc21,ClCCl,478.0
256,CCCCCCCCc1nc2c(-c3ccc(-c4ccc(N(c5ccccc5)c5ccccc5)cc4)s3)ccc(-c3ccc(/C=C(\C#N)C(=O)O)s3)c2nc1CCCCCCC,ClC(Cl)Cl,516.0
25,N#C/C(=C\C1=C2OC(c3ccccc3)=CC(c3ccccc3)=C2CCC1)C(=O)O,ClCCl,549.0
336,CCN(CC)c1ccc(/C=C/c2sc3ccccc3[n+]2CCCS(=O)(=O)[O-])c(O)c1,CO,547.0
47,CCCCCCSC1=C(SCCCCCC)SC(=c2c3ccccc3c(=C3SC(SCCCCCC)=C(SCCCCCC)S3)c3cc(-c4ccc(/C=C(\C#N)C(=O)O)s4)ccc23)S1,ClCCl,421.0
106,CC1(C)c2ccccc2-c2ccc(N(/C3=c4\cc/c5n4[Zn]n4c(ccc4/C(c4ccccc4)=C4/C=CC3=N4)/C(c3ccc(/C=C(/C#N)C(=O)O)cc3)=C3/C=CC(=N3)/C=5c3ccccc3)c3ccc4c(c3)C(C)(C)c3ccccc3-4)cc21,C1CCOC1,623.0
349,CC1CC(C)(C)N(C)c2ccc(-c3ccc(-c4ccc(C=C(C#N)C(=O)O)s4)s3)cc21,CCO,462.0
55,CCCCOc1ccc(-c2ccc(N(c3ccc(-c4ccc(/C=C(\C#N)C(=O)O)s4)cc3)c3ccc(-c4ccc(OCCCC)cc4OCCCC)cc3)cc2)c(OCCCC)c1,ClCCl,500.0
682,N#CC(C#N)=c1[nH]c(=O)/c(=C/c2ccc(-c3ccc(N(c4ccccc4)c4ccc(-c5ccc(/C=c6\sc(=C(C#N)C#N)[nH]c6=O)s5)cc4)cc3)s2)s1,CCO,489.0
213,CCCCN1c2ccccc2Sc2cc(-c3sc(/C=C(\C#N)C(=O)O)c4c3OCCO4)ccc21,ClCCl,466.0
120,CN(CCO[Si](C)(C)C(C)(C)C)c1ccc(/C=C/c2ccc(C=C(C#N)C(=O)O)s2)cc1,C1CCOC1,491.0
816,CC(C)(C)c1ccc(-c2sc(-c3ccc(C(C)(C)C)cc3)c3[nH]c(-c4ccc(-c5ccc(/C=C(\C#N)C(=O)O)cc5)cc4)nc23)cc1,C1CCOC1,426.0
638,CCCCCCCCN1C(=O)S/C(=c2/c(=Cc3ccc4c(c3)C3CCCC3N4c3ccc(C=C(c4ccccc4)c4ccccc4)cc3)sc(=O)n2CC(=O)O)C1=O,ClC(Cl)Cl,521.0
72,N#CC(=Cc1ccc(-c2cnc(-c3ccc(N(c4ccccc4)c4ccccc4)cc3)c3nsnc23)s1)C(=O)O,ClCCl,535.0
660,CCCCCCc1nc(-c2nc(CCCCCC)c(-c3ccc(/C=C(\C#N)C(=O)O)s3)s2)sc1C#Cc1ccc(N(c2ccccc2)c2ccccc2)cc1,ClCCl,465.0
1230,CCCCCCOc1ccc(N(c2ccc(OCCCCCC)cc2)c2ccc(-c3ccc(-c4ccc(/C=C(/C#N)C(=O)O)s4)s3)cc2)cc1,ClCCl,516.0
45,CCCCCCOc1ccc(N(c2ccc(OCCCCCC)cc2)c2ccc(-c3ccc(C=C(C#N)C(=O)O)s3)cc2)cc1,ClC(Cl)Cl,514.0
1018,N#C/C(=C\c1ccc(-c2cc3c4c(c2)CCCN4CCC3)s1)C(=O)O,CCO,458.0
523,CCCCCCCCN1C(=O)/C(=c2\s/c(=C\c3ccc4c(c3)C3CCCC3N4c3ccc(C=C(c4ccccc4)c4ccccc4)cc3)c(=O)n2CC(=O)O)SC1=S,ClC(Cl)Cl,554.0
731,CCCCCCOc1ccc(N(c2ccc(OCCCCCC)cc2)c2ccc(-c3ccc(-c4nc5c6cc(-c7ccc(/C=C(\C#N)C(=O)O)s7)sc6c6sc(-c7ccc(/C=C(\C#N)C(=O)O)s7)cc6c5n4CCCCCC)s3)cc2)cc1,C1CCOC1,460.0
904,C[C@@]12SC(/C=C/c3ccc(N(c4ccccc4)c4ccccc4)cc3)=CC1=C1CCCC1=C1C=C(/C=C(\C#N)C(=O)O)S[C@]12C,ClCCl,659.0
745,CCC1(CC)c2cc(-c3ccc(-c4ccc(/C=C(\C#N)C(=O)O)s4)n3C)ccc2-c2ccc(N(c3ccccc3)c3ccccc3)cc21,C1CCOC1,475.0
533,CCCCC(CC)Cn1nc2c3cc(-c4ccc5c6ccccc6n(CC(CC)CCCC)c5c4)sc3c3sc(-c4ccc(/C=C(/C#N)C(=O)O)s4)cc3c2n1,C1CCOC1,470.0
465,CCCCCC1c2c(C)c(/C=C(\C#N)C(=O)O)c(C)n2[B-](F)(F)[N+]2=C(C)C(c3ccc4c(c3)Sc3cc(C5=C(C)C6C(CCCCC)c7c(C)c(/C=C(\C#N)C(=O)O)c(C)n7[B-](F)(F)[N+]6=C5C)ccc3N4CCC)=C(C)C12,ClCCl,534.0
1140,N#C/C(=C\c1cc2sc(-c3ccc(-c4ccc(N(c5ccccc5)c5ccccc5)cc4)c4nc(-c5ccccc5)c(-c5ccccc5)nc34)cc2s1)C(=O)O,CN(C)C=O,467.0
1176,CCCCCCOc1c(OCCCCCC)c(-c2ccc(-c3ccc(N(c4ccc(OC)cc4)c4ccc(OC)cc4)cc3)s2)c2nsnc2c1-c1ccc(/C=C(\C#N)C(=O)O)s1,C1CCOC1,536.0
814,CC1(C)C(/C=C2\C(=O)C(/C=C3/N(CC(=O)O)c4ccccc4C3(C)C)=C2[O-])=[N+](CC(=O)O)c2ccccc21,CN(C)C=O,637.0
60,CCCCCCCCCCCCn1c2ccc(/C=C(\C#N)C(=O)O)cc2c2cc(-c3ccc(-c4ccc5c6cc(/C=C(\C#N)C(=O)O)ccc6n(CCCCCCCCCCCC)c5c4)c4nsnc34)ccc21,CN(C)C=O,440.0
92,CCn1c2ccccc2c2cc(-c3ccc(C=C(C#N)C(=O)O)s3)ccc21,CN(C)C=O,390.0
859,O=C(O)c1cccc(C#C/C2=C3\C=CC(=N3)/C(c3ccccc3)=c3/cc/c4n3[Zn]n3c2ccc3/C(c2ccccc2)=C2/C=CC(=N2)/C=4)c1,C1CCOC1,612.0
194,CCCCCCN1c2ccc(-c3ccc(N(c4ccccc4)c4ccccc4)cc3)cc2Sc2cc(-c3ccc(/C=C(/C#N)C(=O)O)s3)ccc21,C1CCOC1,446.0
280,CCN1C(=O)C(=c2sc(=Cc3ccc4c(c3)C3CCCC3N4c3ccc(C=C(c4ccccc4)c4ccccc4)cc3)c(=O)n2CC(=O)O)SC1=S,ClCCl,664.0
359,Cc1ccc(/C2=C3\C=CC(=N3)/C(c3ccc(C)cc3)=c3/cc/c4n3[Zn]n3c2ccc3/C(c2ccc(C(=O)O)cc2)=C2/C=CC(=N2)/C=4c2ccc(C)cc2)cc1,ClCCl,588.0
519,CCCCCCc1sc(-c2sc(-c3ccc4c(c3)Sc3cc(/C=C(\C#N)C(=O)O)ccc3N4CCCCCC)c3c2OCCO3)c2c1OCCO2,ClCCl,489.0
1339,CCCCCCCCN1c2ccc(C#Cc3ccc4ccc5cccc6ccc3c4c56)cc2Sc2cc(/C=C3/SC(=S)N(CC(=O)O)C3=O)ccc21,CC#N,476.0
651,CCCCCCN1c2ccc(/C=C(\C#N)C(=O)O)cc2Sc2cc(N(c3ccc4c(c3)c3ccccc3n4CCCCCC)c3ccc4c(c3)c3ccccc3n4CCCCCC)ccc21,ClCCl,512.0
182,Cc1ccc(N(c2ccccc2)c2ccc(-c3ccc(/C=C(\C#N)C(=O)O)s3)cc2)cc1,C1CCOC1,466.0
110,CCCCCCCCn1nc2c(-c3ccc(C(=O)O)s3)c3nc(-c4ccccc4)c(-c4ccccc4)nc3c(-c3ccc(-c4ccc(N(c5ccccc5)c5ccccc5)cc4)s3)c2n1,ClCCl,578.0
916,CN(CC(=O)O)c1ccc(C2=C([O-])C(=C3C=CC(=[N+](C)CC(=O)O)C=C3)C2=O)cc1,CN(C)C=O,628.0
771,CC(C)(C)c1cc(-c2c3nc(c(-c4cc(C(C)(C)C)cc(C(C)(C)C)c4)c4ccc([nH]4)c(-c4cc(C(C)(C)C)cc(C(C)(C)C)c4)c4nc(cc5[nH]c2cc5/C=C/C(=O)O)C(/C=C/C(=O)O)=C4)C=C3)cc(C(C)(C)C)c1,CCO,662.0
204,CCCCN1/C(=C/C2C(=O)/C(=C\c3cc(C(C)(C)C)[o+]c(C(C)(C)C)c3)C2[O-])C(C)(C)c2cc(C(=O)O)ccc21,ClC(Cl)Cl,688.0
894,CCN(CC)c1ccc(N=Nc2ccc([N+](=O)[O-])cc2)cc1,CC#N,486.0
52,CC(C)(C)c1ccc(N(/C2=c3\cc/c4n3[Zn]n3c(cc(/C=C/C=C/C(=O)O)c3/C=C3\N=C(C=C3/C=C/C=C/C(=O)O)/C=4c3cc(C(C)(C)C)cc(C(C)(C)C)c3)/C(c3cc(C(C)(C)C)cc(C(C)(C)C)c3)=C3/C=CC2=N3)c2ccc(C(C)(C)C)cc2)cc1,CCO,650.0
545,N#CC(=Cc1ccc(-c2ccc(N3c4ccccc4C=Cc4ccccc43)cc2)s1)C(=O)O,ClCCl,470.0
1120,CCCCCCCCN1C(=O)C2=C(c3ccc(-c4ccc(C=C(C#N)C(=O)O)s4)cn3)N(CCCCCCCC)C(=O)C2=C1c1ccc(-c2ccc(N(c3ccccc3)c3ccccc3)cc2)cn1,C1CCOC1,579.0
767,CCCCN1c2ccccc2Sc2cc(C=C(C#N)C(=O)O)c(SCC)cc21,ClCCl,472.0
1296,CCCCCCc1csc(-c2sc(-c3sc(-c4sc(-c5ccc(C=C(C#N)C(=O)O)s5)cc4CCCCCC)cc3CCCCCC)cc2CCCCCC)c1,ClCCl,478.0
1375,CCO[Si](OCC)(OCC)c1ccc(-c2ccc(-c3ccc(N(c4ccc5c(c4)C(C)(C)c4ccccc4-5)c4ccc5c(c4)C(C)(C)c4ccccc4-5)cc3)s2)s1,C1CCOC1,402.0
183,CCN(CC)c1ccc(/C=C/c2sc3ccccc3[n+]2CC(=O)[O-])c(O)c1,CO,535.0
137,CCCCCCc1cc(-c2ccc(N3c4ccccc4C4C5CCC(C5)C43)cc2)sc1-c1ccc(/C=C(\C#N)C(=O)O)s1,ClCCl,506.0
819,Cc1cc(C)c(/C2=C3\C=CC(=N3)/C(c3c(C)cc(C)cc3C)=c3/cc/c4n3[Zn]n3c2ccc3/C(c2c(C)cc(C)cc2C)=C2\N=C(/C=4c3c(C)cc(C)cc3C)c3nc4cc(C(=O)O)c(C(=O)O)cc4nc32)c(C)c1,CO,627.0
80,CCn1c2ccc(/C=C(/C#N)C(=O)O)cc2c2ccc(-c3ccc(-c4ccc(-c5ccc(C=C(c6ccc(N(C)C)cc6)c6ccc(N(C)C)cc6)cc5)s4)s3)cc21,ClC(Cl)Cl,408.0
1116,CCCCCCCCOc1ccc(N(c2ccc(OCCCCCCCC)cc2)c2ccc(-c3ccc(-c4ccc(/C=C(/C#N)C(=O)O)cc4)c4n[se]nc34)cc2)cc1,C1CCOC1,522.0
105,Cc1ccc(N(c2ccc(C)cc2)c2ccc(-c3ccc4c(c3)C(=O)c3cc(-c5ccc(-c6ccc(/C=C(\C#N)C(=O)O)s6)s5)ccc3-4)cc2)cc1,C1CCOC1,393.0
541,CC(C)(C)c1ccc(N2c3ccc(-c4ccc(-c5ccc(/C=C(/C#N)C(=O)O)s5)c5nsnc45)cc3C3CCCC32)cc1,ClCCl,535.0
1144,CCCCCCc1cc(-c2cc3c(-c4ccc(CC(CC)CCCC)s4)c4sc(-c5cc(CCCCCC)c(-c6cc(CCCCCC)c(-c7sc(/C=C(\C#N)C(=O)O)c8c7OCCO8)s6)s5)cc4c(-c4ccc(CC(CC)CCCC)s4)c3s2)sc1-c1cc(CCCCCC)c(-c2sc(/C=C(\C#N)C(=O)O)c3c2OCCO3)s1,C1CCOC1,484.0
480,CCCCCC[N+]1=C(/C=C2/C(=O)C(c3ccc(N(CCCC)CCCC)cc3)C2[O-])c2ccc(C(=O)O)c3cccc1c23,CCO,779.0
165,CC(C)(C)c1ccc(N(c2ccc(C(C)(C)C)cc2)c2ccc3c(c2)/C=N/c2ccc(C(=O)O)cc2/N=C/c2cc(N(c4ccc(C(C)(C)C)cc4)c4ccc(C(C)(C)C)cc4)ccc2O[Zn]O3)cc1,C1CCOC1,470.0
248,CCCCCCOc1c2ccccc2c(OCCCCCC)c2cc(N(c3ccccc3)c3ccc4c(c3)Sc3cc(/C=C(\C#N)C(=O)O)ccc3N4CCCCCC)ccc12,C1CCOC1,440.0
307,CCCCCCN1c2ccc(/C=C(\C#N)C(=O)O)cc2Sc2cc(-c3ccc(N(c4ccccc4)c4cccc5ccccc45)cc3)ccc21,C1CCOC1,453.0
1035,N#C/C(=C\c1ccc(-c2ccc(-c3cc4c5ccccc5n5c6ccccc6c(c3)c45)cc2)cc1)C(=O)O,ClCCl,379.0
1220,CCCCCCOc1ccc(N(c2ccc(OCCCCCC)cc2)c2ccc(-c3ccc4c5sc6c7sc(C=C(C#N)C(=O)O)cc7n(CCCCCC)c6c5n(CCCCCC)c4c3)cc2)cc1,ClCCl,519.0
334,CC1(C)c2cc(C=C(C#N)C(=O)O)ccc2-c2ccc(-c3ccc(N(c4ccccc4)c4ccccc4)cc3)cc21,C1CCOC1,402.0
97,N#C/C(=C\c1ccc2c(c1)Sc1ccccc1N2CCCCCCCCCCN1c2ccccc2Sc2cc(/C=C(\C#N)C(=O)O)ccc21)C(=O)O,CN(C)C=O,402.0
668,N#C/C(=C/c1cc2sc(-c3ccc(-c4ccc(N5c6ccccc6C6C7CCC(C7)C65)cc4)s3)cc2s1)C(=O)O,ClCCl,505.0
1372,CCCCCCOc1ccc(N(c2ccc(OCCCCCC)cc2)c2ccc(-c3ccc4c(c3)N(CC(CC)CCCC)C(=O)/C4=C3/C(=O)N(CC(CC)CCCC)c4cc(-c5ccc(/C=C(/C#N)C(=O)O)s5)ccc43)cc2)cc1,ClC(Cl)Cl,450.0
102,CCCCC1(CCCC)c2cc(C(=O)O)ccc2-c2ccc(N(c3ccccc3)c3ccccc3)cc21,CCO,369.0
982,CC1(C)C(/C=C/C=C2/N(Cc3ccc(C(=O)O)cc3)c3ccccc3C2(C)C)=[N+](Cc2ccc(C(=O)O)cc2)c2ccccc21,CC#N,550.0
890,O=C(O)CN1C(=O)/C(=C/c2ccc(/C=C/c3ccc(N(c4ccccc4)c4ccc(/C=C/c5ccc(/C=C6/SC(=S)N(CC(=O)O)C6=O)s5)cc4)cc3)s2)SC1=S,CCO,510.0
1228,CCN(CC)c1ccc(C=C[N+](=O)[O-])cc1,CN(C)C=O,458.0
739,CCn1c2ccccc2c2c1c1c3ccccc3n(CC)c1c1c3cc(-c4ccc(/C=C5\SC(=S)N(CC(=O)O)C5=O)s4)ccc3n(CC)c21,C1CCOC1,507.0
1245,N#CC(=Cc1ccc(-c2c3ccccc3c(-c3ccc(N(c4ccccc4)c4ccccc4)cc3)c3ccccc23)s1)C(=O)O,ClCCl,401.0
302,CCCCCCc1cc(-c2ccc(/C3=c4\cc/c5n4[Zn]n4c(ccc4/C(c4ccc(C)cc4)=C4/C=CC3=N4)/C(c3ccc(C)cc3)=C3/C=CC(=N3)/C=5c3ccc(C)cc3)cc2)sc1/C=C(/C#N)C(=O)O,ClC(Cl)Cl,565.0
1161,CCCCCCOc1ccc(N(c2ccc(OCCCCCC)cc2)c2ccc(-c3ccc(-c4ccc5c(c4)C(CCCCCC)(CCCCCC)c4cc(-c6ccc(C=C(C#N)C(=O)O)s6)ccc4-5)s3)cc2)cc1,Clc1ccccc1,465.0
1127,COc1cc(C=C(C#N)C(=O)O)c(OC)cc1C=Cc1cc(OC)c(N(c2ccccc2)c2ccccc2)cc1OC,CCO,302.0
388,N#CC(=Cc1ccc(N(c2ccccc2)c2ccc(C3=NC(c4ccc(-c5cccs5)cc4)C(c4ccc(-c5cccs5)cc4)N3)cc2)cc1)C(=O)O,CCO,411.0
235,CCCCCCN1c2ccc(C=C(C#N)C(=O)O)cc2Sc2cc(-c3ccc4c(c3)c3ccccc3n4CCCCCC)ccc21,ClCCl,470.0
1146,CCCCC(CC)Cn1c2cc(/C=C(\C#N)C(=O)O)sc2c2sc3c4cc(/C=C(/C#N)C(=O)O)sc4n(CC(CC)CCCC)c3c21,C1CCOC1,555.0
922,O=C(O)c1ccc2nc(-c3ccc(N(c4ccccc4)c4ccccc4)cc3)[nH]c2c1,CN(C)C=O,362.0
305,CCCCC1(CCCC)c2ccccc2-c2ccc(-c3ccc4c(c3)C(=O)c3cc(-c5ccc(-c6ccc(/C=C(\C#N)C(=O)O)s6)s5)ccc3-4)cc21,C1CCOC1,398.0
1001,CC(C)(C)c1ccc2c(c1)c1cc(C(C)(C)C)ccc1n2-c1ccc(-c2ccc(-c3cc4c(s3)-c3sc(/C=C(\C#N)C(=O)O)cc3C4(C)C)s2)s1,C1CCOC1,501.0
1115,CCCCCCSC1=C(SCCCCCC)SC(=Cc2ccc(-c3ccc4c(c3)N(CCCC)c3cc(/C=C(\C#N)C(=O)O)ccc3S4)c(F)c2)S1,C1CCOC1,383.0
249,CC1(C)c2ccccc2-c2ccc(-c3ccc4c(c3)Sc3cc(-c5ccc(C#Cc6cc(-c7cccnc7)cc(-c7cccnc7)c6)s5)ccc3N4c3ccc4c(c3)C(C)(C)c3ccccc3-4)cc21,CN(C)C=O,412.0
984,CC1(C)c2ccccc2-c2ccc(N(c3ccc(-c4cc5sc(-c6cc(F)c(C=C(C#N)C(=O)O)c(F)c6)cc5s4)cc3)c3ccc4c(c3)C(C)(C)c3ccccc3-4)cc21,C1CCOC1,428.0
964,CCN(CC)c1ccc(C=C2SC(=S)N(CC(=O)O)C2=O)cc1,CN(C)C=O,352.0
71,Cc1ccc(N2c3ccc(-c4ccc(-c5ccc(C=C(C#N)C(=O)O)cc5)c5nc(-c6ccc(C)s6)c(-c6ccc(C)s6)nc45)cc3C3CCCC32)cc1,ClCCl,475.0
94,N#CC(C#N)=CC(=C(C#N)C#N)c1ccc(N(c2ccccc2)c2ccccc2)cc1,ClCCl,600.0
712,N#C/C(=C/c1ccc(-c2ccc(-c3ccc4c(c3)C3CCCC3N4c3ccc(C=C(c4ccccc4)c4ccccc4)cc3)s2)s1)C(=O)O,ClC(Cl)Cl,517.0
33,CCCCCCCCCCCC[C@@H](CCCCCCCCCC)CN1c2ccc(/C=C3\SC(=S)N(CC(=O)O)C3=O)cc2Sc2cc(-n3c4ccccc4c4ccccc43)ccc21,ClCCl,478.0
998,N#C/C(=C\c1ccc(-c2sc(-c3ccc(N4c5ccccc5C5C6CCC(C6)C54)cc3)c3c2OCCO3)s1)C(=O)O,ClCCl,535.0
448,CCCCCCSc1ccc(N(c2ccc(SCCCCCC)cc2)c2ccc(-c3sc(-c4nc5sc(-c6sc(-c7ccc(C=C(C#N)C(=O)O)s7)c7c6OCC(CCCCC)(CCCCC)CO7)nc5s4)c4c3OCC(CCCCC)(CCCCC)CO4)cc2)cc1,C1CCOC1,510.0
445,CCCCCCCCCCCC[C@@H](CCCCCCCCCC)CN1c2ccc(/C=C3\SC(=S)N(CC(=O)O)C3=O)cc2Sc2cc(N3CCCC3)ccc21,ClCCl,536.0
1052,CCCCCCOc1ccc(-c2ccc3c(c2)Sc2cc(/C=C(/C#N)C(=O)O)ccc2N3CCCCCC)c(OCCCCCC)c1,ClCCl,477.0
759,CCCCCCCCCCCC[N+]1=C(/C=C2/C(=O)C(/C=C3\N(C)c4ccc(-c5ccc(C=C(C#N)C(=O)O)s5)cc4C3(C)C)=C2[O-])C(CCCCCCCC)(CCCCCCCCCC)c2ccccc21,ClC(Cl)Cl,665.0
1159,CCCCCCn1c2ccccc2c2cc(-c3ccc(C=C(C#N)C(=O)O)cc3F)ccc21,ClC(Cl)Cl,400.0
77,N#C/C(=C\c1ccc(-c2ccc(-c3ccc(-c4cc5ccc6c7ccccc7[nH]c6c5s4)s3)s2)s1)C(=O)O,ClC(Cl)Cl,486.0
84,CCCCCCc1cc(/C=C(\C#N)C(=O)O)sc1-c1cc(CCCCCC)c(-c2cc(CCCCCC)c(-c3cc4cc(-c5ccccc5)c5c6ccccc6n(CC)c5c4s3)s2)s1,ClC(Cl)Cl,464.0
701,CCC1(CC)c2cc(C#Cc3ccc(/C=C(\C#N)C(=O)O)cc3)ccc2-c2ccc(N(c3ccccc3)c3ccccc3)cc21,C1CCOC1,384.0
82,CCCCCCSC1=C(SCCCCCC)SC(=C(C(=C2SC(SCCCCCC)=C(SCCCCCC)S2)c2ccc(-c3ccc(-c4ccncc4)s3)cc2)c2ccc(-c3ccc(-c4ccncc4)s3)cc2)S1,C1CCOC1,405.0
457,CCCC1(CCC)COc2c(/C=C(\C#N)C(=O)O)sc(-c3sc(-c4ccc(N(c5ccccc5)c5ccccc5)cc4)c4c3OCC(CCC)(CCC)CO4)c2OC1,C1CCOC1,503.0
1335,CCCCCCc1csc(-c2sc(-c3sc(-c4sc(-c5sc(-c6ccc(C=C(C#N)C(=O)O)s6)cc5CCCCCC)cc4CCCCCC)cc3CCCCCC)cc2CCCCCC)c1,ClCCl,486.0
958,CCCCc1ccc(N(c2ccc(CCCC)cc2)c2ccc3c(c2)Cc2cc(-c4ccc(C=C(C#N)C(=O)O)cc4)ccc2-3)cc1,ClCCl,405.0
436,CCCCOc1ccc(N(c2ccc(OCCCC)cc2)c2ccc(-c3ccc4c(c3)C3(OCCO3)C3(OCCO3)c3cc(-c5ccc(/C=C(\C#N)C(=O)O)s5)ccc3-4)cc2)cc1,ClC(Cl)Cl,418.0
644,CCCCCCOc1ccc(N2c3ccccc3Oc3cc(/C=C(\C#N)C(=O)O)ccc32)cc1,ClCCl,486.0
762,CCCCCCCCCCCCc1cc(-c2ccc(N(c3ccccc3)c3ccccc3)cc2)sc1-c1cc2sc(/C=C(\C#N)C(=O)O)cc2s1,ClCCl,489.0
1098,CCCCCCOc1ccc(-n2c3cc(/C=C(\C#N)C(=O)O)sc3c3sc(-c4ccc(N(c5ccc6ccsc6c5)c5ccc6ccsc6c5)cc4)cc32)c(OCCCCCC)c1,ClCCl,523.0
404,CCCCCCOc1ccc(N(c2ccc(C=C3C(=O)c4cc(C(=O)O)c(C(=O)O)cc4C3=O)cc2)c2ccc(OCCCCCC)cc2)cc1,C1CCOC1,505.0
1200,CCCCn1c2ccc(-c3ccc(-c4ccncc4)s3)cc2c2cc(-c3ccc(-c4ccc(C(=O)O)cc4)s3)ccc21,C1COCCO1,378.0
1022,CCCCC(CC)COc1c(OCC(CC)CCCC)c2c3sc(-c4ccc(-c5ccc6c(c5)c5ccccc5n6CC(CC)CCCC)c5nsnc45)cc3sc2c2sc3cc(/C=C(/C#N)C(=O)O)sc3c12,C1CCOC1,494.0
1151,Cc1cc(C)c(/C2=C3\C=CC(=N3)/C(c3c(C)cc(C)cc3C)=c3/cc/c4n3[Zn]n3c2ccc3/C(c2ccc(C(=O)O)s2)=C2/C=CC(=N2)/C=4c2c(C)cc(C)cc2C)c(C)c1,CCO,600.0
104,N#C/C(=C\c1ccc(N(c2ccc(/C=C(\C#N)C(=O)O)cc2)c2ccc(N3c4ccccc4Sc4ccccc43)cc2)cc1)C(=O)O,CN(C)C=O,405.0
609,CCC1(CC)c2cc(-c3ccc(/C=C(\C#N)C(=O)O)s3)ccc2-c2ccc(N(c3ccccc3)c3ccc(C=C(C#N)C#N)cc3)cc21,ClCCl,460.0
1090,CC(C)CCCn1c2ccc(-c3ccc(N(c4ccccc4)c4ccccc4)cc3)cc2c2cc(-c3ccc(/C=C(\C#N)C(=O)O)o3)ccc21,ClCCl,468.0
1074,CC1=CC(C)=[N+]2C1=C(c1ccc(C(=O)O)cc1)c1c(C)cc(C)n1[B-]2(F)F,ClCCl,503.0
62,CCCCCCCCN1c2ccc(C#Cc3ccc4ccc5cccc6ccc3c4c56)cc2Sc2cc(C=C(C#N)C#N)ccc21,CC#N,471.0
281,CCCCCCn1c2cc(/C=C(\C#N)C(=O)O)sc2c2sc(-c3ccc(N(c4ccccc4)c4ccccc4)cc3)cc21,ClCCl,484.0
1053,CCCCCCOc1ccc(N(c2ccc(OCCCCCC)cc2)c2ccc(-c3cc4sc(/C=C(\C#N)C(=O)O)cc4s3)cc2)cc1,C1CCOC1,451.0
238,CCCCCCc1cc(C=C(C#N)C(=O)O)sc1-c1ccc(C=C2c3ccc(N(c4ccccc4)c4ccccc4)cc3-c3cc(N(c4ccccc4)c4ccccc4)ccc32)s1,ClCCl,422.0
223,CN(C)c1ccc(/C2=C3\C=CC(=N3)/C(c3ccc(C(=O)O)cc3)=c3/cc/c4n3[Zn]n3c2ccc3/C(c2ccc(C(=O)O)cc2)=C2/C=CC(=N2)/C=4c2ccc(N(C)C)cc2)cc1,CN(C)C=O,560.0
145,N#C/C(=C/c1cc2sc(-c3sc(-c4ccc(N5c6ccccc6C6C7CCC(C7)C65)cc4)c4c3OCCO4)cc2s1)C(=O)O,ClCCl,535.0
1283,CCCCCCN1c2ccc(C#Cc3ccc4ccc5cccc6ccc3c4c56)cc2Sc2cc(/C=C3/SC(=S)N(CC(=O)O)C3=O)ccc21,CC#N,475.0
373,CC(C)(C)c1cc(/C2=C3\C=CC(=N3)/C(c3cc(C(C)(C)C)cc(C(C)(C)C)c3)=c3/cc/c4n3[Zn]n3c2cc(/C=C/C(=O)O)c3/C=C2\N=C(C=C2/C=C/C(=O)O)/C=4c2cc(C(C)(C)C)cc(C(C)(C)C)c2)cc(C(C)(C)C)c1,CCO,618.0
118,CCCCCCC1(CCCCCC)c2cc(-c3ccc(-c4ccc(-c5ccc(/C=C(\C#N)C(=O)O)s5)s4)s3)ccc2-c2ccc(-c3ccc(-c4ccc(-c5ccc(/C=C(\C#N)C(=O)O)s5)s4)s3)cc21,C1CCOC1,484.0
1244,N#C/C(=C/c1sc(-c2ccc(N(c3ccc(-c4ccc5c(c4)[nH]c4ccccc45)cc3)c3ccc(-c4sc(/C=C(/C#N)C(=O)O)c5c4OCCO5)cc3)cc2)c2c1OCCO2)C(=O)O,CCO,516.0
250,N#C/C(=C\c1ccc(-c2ccc(-c3ccc(/C=C/c4ccc(N(c5ccccc5)c5ccccc5)cc4)s3)s2)s1)C(=O)O,ClCCl,424.0
1324,Cc1ccc(N(c2ccc(C)cc2)c2ccc3c(c2)C(c2ccc(C)cc2)(c2ccc(C)cc2)c2cc(-c4ccc(-c5ccc(-c6ccc(C(=O)O)cc6)c6nsnc56)s4)sc2-3)cc1,ClC(Cl)Cl,520.0
9,CCCCO/C1=C2\C=CC(=N2)/C(c2ccccc2)=c2/cc/c3n2[Zn]n2c(ccc21)/C(c1ccccc1)=C1/C=CC(=N1)C=3\C=C(/C#N)C(=O)O,CCO,626.0
449,CCCCCCOc1ccc(N(c2ccc(OCCCCCC)cc2)c2ccc(-c3ccc(-c4ncc(-c5ccc(-c6ccc(/C=C(\C#N)C(=O)O)cc6)s5)c5nsnc45)s3)cc2)cc1,ClCCl,591.0
255,CCN1C(=C/C(C)=c2\s/c(=C3\SC(=S)N(CC(=O)O)C3=O)n(CC(=O)O)c2=O)Sc2ccccc21,CCO,500.0
593,N#C/C(=C\c1cc2sc(-c3cc4sc(-c5ccc(N(c6ccc7c(c6)OCCO7)c6ccc7c(c6)OCCO7)cc5)cc4s3)cc2s1)C(=O)O,ClCCl,510.0
389,CCCCCCCCN1c2ccccc2Oc2cc(/C=C(\C#N)C(=O)O)ccc21,ClCCl,491.0
808,N#C/C(=C\c1ccc(-c2ccc(N(c3ccc(N4c5ccccc5Sc5ccccc54)cc3)c3ccc(N4c5ccccc5Sc5ccccc54)cc3)cc2)s1)C(=O)O,CC#N,406.0
1207,CCCCN1c2ccccc2Sc2cc(/C=C/c3ccc(/C=C4/SC(=S)N(CC(=O)O)C4=O)cc3)ccc21,ClCCl,465.0
557,CCCCCCSC1=C(SCCCCCC)SC(=c2c3ccccc3c(=C3SC(SCCCCCC)=C(SCCCCCC)S3)c3cc(C#Cc4ccc(/C=C(\C#N)C(=O)O)s4)ccc23)S1,ClCCl,445.0
460,O=C(O)CN1C(=O)/C(=C/c2cc3c4c(c2)CCCN4CCC3)SC1=S,CCO,540.0
1336,Cc1ccc(N2c3ccc(/C=C/c4ccc(C=C(C#N)C(=O)O)s4)cc3[C@@H]3CCC[C@H]32)cc1,C1CCOC1,504.0
144,CCCCCCN1c2ccccc2Sc2cc(/C=C(/C#N)C(=O)O)ccc21,C1CCOC1,440.0
501,CCCCCCc1ccc(-c2ccc(-c3ccc4c(c3)Oc3cc(C=C(C#N)C(=O)O)ccc3N4CCCCCC)s2)s1,C1CCOC1,467.0
1041,N#CC(=Cc1ccc(C=Cc2ccc(N3c4ccccc4CCc4ccccc43)cc2)s1)C(=O)O,ClCCl,467.0
1270,COc1ccc(N(c2ccc(OC)cc2)c2ccc(/C3=c4\cc/c5n4[Zn]n4c(ccc4/C(c4cc(C(C)(C)C)cc(C(C)(C)C)c4)=C4/C=CC3=N4)/C(C#Cc3ccc(C(=O)O)cc3)=C3/C=CC(=N3)/C=5c3cc(C(C)(C)C)cc(C(C)(C)C)c3)cc2)cc1,CCO,628.0
539,CCCCCCCCCCCCCCCCCCN1/C(=C\C=C\C=C2/SC(=S)N(CC(=O)O)C2=O)Sc2ccccc21,CCO,570.0
177,CCCCCCc1cc(-c2cc3c4nn(CC(CC)CCCC)nc4c4cc(-c5cc6c(s5)c5ccccc5n6CC(CC)CCCC)sc4c3s2)sc1/C=C(/C#N)C(=O)O,C1CCOC1,469.0
1326,CCN1O/C(=c2\c(=Cc3ccc(-c4ccc5c(c4)C4CCCC4N5c4ccc(C(F)(F)F)cc4)cc3)sc(=O)n2CC(=O)O)SC1=S,ClC(Cl)Cl,521.0
697,O=C(O)CN1C(=O)/C(=C/c2ccc(-c3ccc(-c4ccc(-c5cc6c7c(c5)CCCN7CCC6)cc4)s3)s2)SC1=S,CCO,501.0
792,O=C(O)c1cc(C2N=C3Oc4c(cc5c6c4CCCN6CCC5)C=C3c3nc4ccccc4n32)ccc1O,CS(C)=O,454.0
1065,CC1CC(C)(C)N(C)c2ccc(/C=C/c3cc4sc5cc(/C=C(\C#N)C(=O)O)sc5c4s3)cc21,CN(C)C=O,467.0
1110,COc1ccc(N(c2ccc(OC)cc2)c2ccc(-c3ccc(/C=C(\C#N)C(=O)O)o3)cc2)cc1,ClCCl,504.0
1319,CCCCc1ccc(N(c2ccc(CCCC)cc2)c2ccc3c(c2)C(c2ccccc2)(c2ccccc2)c2cc(-c4ccc(C=C(C#N)C(=O)O)cc4)ccc2-3)cc1,ClCCl,418.0
1369,CCCCCC1=C2C(C)=C(c3ccc(N(c4ccccc4)c4ccccc4)cc3)C(C)=[N+]2[B-](F)(F)n2c(C)c(-c3ccc(/C=C(\C#N)C(=O)O)o3)c(C)c21,ClC(Cl)Cl,556.0
7,CCCCCCCCn1nc2c(-c3ccc(C(=O)O)cc3)c3nc(-c4ccccc4)c(-c4ccccc4)nc3c(-c3ccc(-c4cccc5c4C4C6CCC(C6)C4N5c4ccccc4)s3)c2n1,ClCCl,644.0
1257,N#CC(=Cc1cc(-c2ccc(N(c3ccccc3)c3ccccc3)cc2)c(-c2ccc(N(c3ccccc3)c3ccccc3)cc2)s1)C(=O)O,C1CCOC1,430.0
667,CCCCCCN1c2ccc(C=C3SC(=S)N(CC(=O)O)C3=O)cc2Sc2cc(-n3c4ccc(-n5c6ccc(C(C)(C)C)cc6c6cc(C(C)(C)C)ccc65)cc4c4cc(-n5c6ccc(C(C)(C)C)cc6c6cc(C(C)(C)C)ccc65)ccc43)ccc21,ClCCl,464.0
1068,N#CC(=Cc1ccc(C#Cc2ccc(N(c3ccccc3)c3ccccc3)cc2)c(C#Cc2ccc(N(c3ccccc3)c3ccccc3)cc2)c1)C(=O)O,ClC(Cl)Cl,418.0
357,CCCCSC1=C(SCCCC)SC(=Cc2ccc(/C=C(\C#N)C(=O)O)s2)S1,C1CCOC1,448.0
329,CCCCCCCCN(c1ccc(C=C2C(=O)NC(=S)NC2=O)cc1)c1ccc(C=C2C(=O)NC(=S)NC2=O)cc1,C1CCOC1,506.0
912,CC1(C)C(c2ncc(/C=C(\C#N)C(=O)O)s2)=Nc2ccc(N(c3ccccc3)c3ccccc3)cc21,C1CCOC1,480.0
1125,Cc1ccc2cc3c4ccc(-c5ccc(/C=C(\C#N)C(=O)O)s5)cc4c4ccccc4n3c2c1,C1CCOC1,453.0
983,CCN1/C(=C\C=C2/SC(=S)N(CC(=O)O)C2=O)Sc2ccccc21,CCO,520.0
258,C(=C/c1ccc(N2CCOCC2)c2nsnc12)\c1ccncc1,ClCCl,454.0
1345,COc1ccc(N(c2ccc(OC)cc2)c2ccc(-c3ccc(-c4ccc(C=C(C#N)C(=O)O)s4)c4nsnc34)cc2)cc1,ClC(Cl)Cl,494.0
372,N#C/C(=C\c1ccc(-c2ccc(-c3ccc(-c4ccc5c(c4)N(c4ccccc4)C4C6CCC(C6)C54)s3)s2)s1)C(=O)O,ClCCl,519.0
1006,CC1(C)C(/C=C2\C(=O)C(/C=C3/N(Cc4ccc(C(=O)O)cc4)c4ccccc4C3(C)C)=C2[O-])=[N+](Cc2ccc(C(=O)O)cc2)c2ccccc21,CO,632.0
881,CCC1(CC)c2cc(-c3ccc(-c4ccc(/C=C(\C#N)C(=O)O)s4)s3)ccc2-c2ccc(N(c3ccccc3)c3cccc4ccccc34)cc21,C1CCOC1,470.0
142,CCCCCCCCN1C(=O)c2c(-c3ccc4c(c3)C3CCCC3N4c3ccc(C)cc3)ccc(-c3ccc(/C=C(\C#N)C(=O)O)s3)c2C1=O,ClCCl,442.0
525,CCCCCCCn1c2ccc(/C=C(\C#N)C(=O)O)cc2c2cc(-c3ccc(N(c4ccccc4)c4ccccc4)cc3)ccc21,ClCCl,423.0
1047,CCCCCCN1C(=O)/C(=C2/C(=O)N(CCCCCC)c3cc(-c4ccc(/C=C(\C#N)C(=O)O)s4)ccc32)c2ccc(Br)cc21,ClC(Cl)Cl,400.0
849,Cc1nc2c(-c3ccc(/C=C(\C#N)C(=O)O)s3)ccc(-c3ccc(N(c4ccccc4)c4ccccc4)cc3)c2s1,C1CCOC1,423.0
1342,CCCCCCn1c2c(c3cc(-c4ccc(/C=c5\sc(=C(C#N)C#N)[nH]c5=O)cc4)ccc31)C(CCCCCC)(CCCCCC)c1ccccc1-2,ClCCl,434.0
1308,CCCCCCOc1c2ccc(N(c3ccccc3)c3ccc4c(c3)Sc3ccccc3N4CCCCCC)cc2c(OCCCCCC)c2ccc(-c3ccc(/C=C(\C#N)C(=O)O)s3)cc12,C1CCOC1,504.0
440,COc1ccc(N2c3ccc(/C=C4\SC(=S)N(CC(=O)O)C4=O)cc3C3CCCC32)cc1,CCO,483.0
531,CCCCCCOc1ccc(N(c2ccc(OCCCCCC)cc2)c2ccc(-c3ccc(-c4cc5c6nc(CCCCC)c(CCCCC)nc6c6cc(/C=C(\C#N)C(=O)O)sc6c5s4)c4nsnc34)cc2)cc1,ClC(Cl)Cl,529.0
947,CCCCCCn1c2ccccc2c2cc(-c3ccc(C=C(C#N)C(=O)O)c(F)c3F)ccc21,ClC(Cl)Cl,402.0
226,CCO[Si](OCC)(OCC)c1ccc2oc(-c3cc4ccc(N(CC)CC)cc4oc3=O)nc2c1,Cc1ccccc1,420.0
1034,CCC(CC)CCCOc1ccccc1N(c1ccc(-c2ccc3c(c2)C=C2C(=O)C(c4ccc(C=C(C#N)C(=O)O)s4)=CC=C23)cc1)c1ccccc1OCCCC(CC)CC,CN(C)C=O,484.0
228,CCN1c2ccccc2Sc2cc(C=C(C#N)C(=O)O)ccc21,CC#N,400.0
1234,CCN1O/C(=c2\c(=Cc3ccc(-c4ccc5c(c4)C4CCCC4N5c4ccc(N(C)C)cc4)cc3)sc(=O)n2CC(=O)O)SC1=S,ClC(Cl)Cl,555.0
212,CC1(C)c2ccccc2-c2ccc(N(c3ccc(-c4cc5sc(-c6ccc(C=C(C#N)C(=O)O)c(F)c6)cc5s4)cc3)c3ccc4c(c3)C(C)(C)c3ccccc3-4)cc21,C1CCOC1,422.0
79,CC(C)(C)C1CC(/C=C/C=C(\C#N)C(=O)O)=C2SC(c3ccccc3)=CC(c3ccccc3)=C2C1,ClCCl,597.0
148,CCN(CC)c1ccc2c(c1)OC1=NC(c3ccc(O)c(C(=O)O)c3)n3c(nc4ccccc43)C1=C2,CS(C)=O,448.0
1360,CCCCCCOc1ccc(-n2c3cc(C=C(C#N)C(=O)O)sc3c3sc(-c4ccc(N(c5ccccc5)c5ccccc5)cc4)cc32)cc1,ClC(Cl)Cl,476.0
671,CCCCCCC1(CCCCCC)c2ccccc2-c2ccc(N3c4ccccc4Sc4cc(/C=C(\C#N)C(=O)O)ccc43)cc21,ClCCl,478.0
1063,CCCCCCc1cc(/C=C(/C#N)C(=O)O)sc1-c1ccc(N(c2ccc3c(c2)c2ccccc2n3-c2ccccc2)c2ccc3c(c2)c2ccccc2n3-c2ccccc2)cc1,C1CCOC1,452.0
915,CC(C)(C)c1ccc2c(c1)c1cc(C(C)(C)C)ccc1n2-c1ccc(N(c2ccc(-c3ccc(-c4ccc(-c5ccc(/C=C(/C#N)C(=O)O)s5)s4)s3)cc2)c2ccc(-n3c4ccc(C(C)(C)C)cc4c4cc(C(C)(C)C)ccc43)cc2)cc1,ClCCl,487.0
764,CN(CCO[Si](C)(C)C(C)(C)C)c1ccc(-c2ccc(-c3ccc(C=C(C#N)C(=O)O)cc3)c3nsnc23)cc1,C1CCOC1,471.0
133,CCO[Si](OCC)(c1ccccc1)c1ccc(N=Nc2ccccc2)cc1,CC#N,444.0
1015,CCN(CC)c1ccc(C=CC(=O)O)cc1,CN(C)C=O,367.0
408,CCCCC[C@H](CC)N1c2ccccc2Oc2cc(-c3ccc(/C=C(/C#N)C(=O)O)s3)ccc21,C1CCOC1,465.0
867,CCCCC1(CCCC)c2ccccc2-c2ccc(-n3c4cc(/C=C(/C#N)C(=O)O)sc4c4sc(-c5ccc(N(c6ccccc6)c6ccccc6)cc5)cc43)cc21,C1CCOC1,495.0
507,CCCCCCCCCCCCn1c2ccc(-c3ccc(-c4ccc(/C=C(\C#N)C(=O)O)s4)s3)cc2c2cc(-n3c4ccc(C(C)(C)C)cc4c4cc(C(C)(C)C)ccc43)ccc21,ClCCl,457.0
1088,[C-]#[N+]/C(=C/c1ccc(N(c2ccc(Br)cc2)c2ccc(-c3nc4c(-c5cccc(OC)c5)ccc(-c5cccc(OC)c5)c4[nH]3)cc2)cc1)C(=O)O,ClC(Cl)Cl,423.0
504,N#CC(=Cc1ccc(C=Cc2ccc(N(c3ccccc3)c3ccccc3)cc2)cc1)C(=O)O,C1CCOC1,400.0
1168,N#C/C(=C\c1ccc(-c2ccc(-c3ccc(N(c4ccccc4)c4cccc5ccccc45)cc3)s2)s1)C(=O)O,C1CCOC1,461.0
347,CCCCCCCCC(CCCCCC)COc1ccc(-c2cc3c4c5c2cccc5c2cccc5c(C#Cc6ccc(-c7ccc(C(=O)O)cc7)c7nsnc67)cc(c4c52)n3CC(CCCCCC)CCCCCCCC)cc1,C1CCOC1,512.0
386,Cc1cc(C)c(/C2=C3\C=CC(=N3)/C(c3c(C)cc(C)cc3C)=c3/cc/c4n3[Zn]n3c2ccc3/C(c2c(C)cc(C)cc2C)=C2/C=CC(=N2)/C=4c2ccc(C(=O)O)o2)c(C)c1,CCO,604.0
0,CCCCCCCCOc1cccc(OCCCCCCCC)c1/C1=C2\C=CC(=N2)/C(C#Cc2ccc(C(=O)O)cc2)=c2/cc/c3n2[Zn]n2c(ccc21)/C(C#Cc1ccc(N(CCCC)CCCC)cc1)=C1/C=CC(=N1)/C=3c1c(OCCCCCCCC)cccc1OCCCCCCCC,C1CCOC1,671.0
360,N#CC(=Cc1ccc(-c2ccc(-c3ccc(N(c4ccccc4)c4ccccc4)s3)c3n[se]nc23)s1)C(=O)O,C1CCOC1,544.0
1300,N#C/C(=C\c1ccc(-c2cc3c4ccccc4n4c5ccccc5c(c2)c34)cc1)C(=O)O,ClCCl,376.0
475,CCCCSC1=C(SCCCC)SC(=Cc2ccc(-c3ccc(/C=C(\C#N)C(=O)O)s3)s2)S1,C1CCOC1,461.0
1179,CCCCCCCCN1C(=O)/C(=C2/C(=O)N(CCCCCCCC)c3cc(-c4ccc(/C=C(/C#N)C(=O)O)s4)ccc32)c2ccc(-c3ccc(N(c4ccccc4)c4ccccc4)cc3)cc21,ClCCl,563.0
1008,CCCCCCN1c2ccc(/C=C/c3ccc(N(c4ccccc4)c4ccccc4)cc3)cc2Sc2cc(/C=C(\C#N)C(=O)O)ccc21,ClCCl,476.0
1370,CCCCN(CCCC)c1ccc(-c2ccc(/C=C/C(C#N)C(=O)O)s2)s1,CC#N,478.0
977,CCCCOc1cccc(OCCCC)c1/C1=C2\C=CC(=N2)/C(C#Cc2ccc(C(=O)O)cc2)=c2/cc/c3n2[Zn]n2c(ccc21)/C(C#Cc1ccc(N(C)C)cc1)=C1/C=CC(=N1)/C=3c1c(OCCCC)cccc1OCCCC,C1CCOC1,667.0
906,COc1ccc(N(c2ccc(OC)cc2)c2ccc(-c3nnc(-c4ccc(C=C(C#N)C(=O)O)cc4)o3)cc2)cc1,C1CCOC1,388.0
1260,CCCCCCc1ccc(-c2ccc(-c3cc4sc(C=C(C#N)C(=O)O)cc4s3)s2)s1,CCO,433.0
172,COc1cc2cc(/C=C/c3ccc(C=C(C#N)C(=O)O)cc3)c(=O)oc2cc1OC,CC#N,400.0
450,CCCCn1c2ccc(-c3ccc(/C=C(\C#N)C(=O)O)s3)cc2c2nc3ccccc3nc21,C1CCOC1,396.0
125,CCCCn1c2ccccc2c2cc(-c3ccc4c(c3)c3cc(-c5ccc6c(c5)c5cc(-c7ccc8c(c7)c7cc(-c9sc(/C=C(\C#N)C(=O)O)c%10c9OCCO%10)ccc7n8CCCC)ccc5n6CCCC)ccc3n4CCCC)ccc21,C1CCOC1,456.0
1066,CCCCCC1=C2C(C)=C(c3ccc4c(c3)Sc3ccccc3N4CCCCCCN3c4ccccc4Sc4cc(C5=C(C)C6=C(CCCCC)c7c(C)c(-c8ccc(/C=C(\C#N)C(=O)O)s8)c(C)n7[B-](F)(F)[N+]6=C5C)ccc43)C(C)=[N+]2[B-](F)(F)n2c(C)c(/C=C(\C#N)C(=O)O)c(C)c21,ClC(Cl)Cl,535.0
530,CCCCOc1ccc(-c2ccc(N(c3ccc(-c4ccc(/C=C(\C#N)C(=O)O)s4)cc3)c3ccc(-c4ccc(/C=C(\C#N)C(=O)O)s4)cc3)cc2)c(OCCCC)c1,ClCCl,504.0
713,CCCCOc1ccc(N(c2ccc(OCCCC)cc2)c2ccc(-c3ccc(C=C(C#N)C(=O)O)s3)cc2)cc1,ClC(Cl)Cl,510.0
90,CN(C)c1ccc(C#Cc2c3ccccc3c(C#Cc3ccc(C(=O)O)cc3)c3ccccc23)cc1,C1CCOC1,491.0
1330,CC(C)(C)c1ccc2c(c1)C1=N/C2=N\c2c3cc(C(C)(C)C)ccc3c3n2[Zn]n2/c(c4ccc(C(C)(C)C)cc4/c2=N/C2=N/C(=N\3)c3cc(O)c(O)cc32)=N\1,CCO,680.0
181,CN(CC(=O)O)c1ccc(C2=C([O-])C(=C3C=CC(=[N+](C)CC(=O)O)C=C3)C2=O)cc1,Cc1ccccc1,625.0
850,CCCCCCCCn1c2ccc(-c3ccc(/C=C(\C#N)C(=O)O)s3)cc2c2cc(-c3ccc(/C=C(\C#N)C(=O)O)s3)ccc21,C1CCOC1,453.0
414,N#CC(=Cc1ccc(-c2cc(-c3ccc(N(c4ccccc4)c4ccccc4)cc3)c(-c3ccc(N(c4ccccc4)c4ccccc4)cc3)s2)s1)C(=O)O,C1CCOC1,443.0
251,CCCCCCOc1ccc(N(c2ccc(/C=C/C3C/C(=C(\C#N)C(=O)O)CC(C)(C)C3)cc2)c2ccc(OCCCCCC)cc2)cc1,ClCCl,504.0
69,N#C/C(=C\c1ccc(-c2sc(-c3ccc(N(c4ccccc4)c4ccccc4)cc3)c3c2OCCO3)cc1)C(=O)O,CN(C)C=O,420.0
131,CCCCCCC1(CCCCCC)c2cc(/C=C(\C#N)C(=O)O)sc2-c2sc(-c3ccc(N(c4ccc(-c5ccc(OCCCC)cc5OCCCC)cc4)c4ccc(-c5ccc(OCCCC)cc5OCCCC)cc4)c4nsnc34)cc21,ClCCl,496.0
300,CCCCCCCCN(CCCCCCCC)c1ccc(C#Cc2c3ccccc3c(C#Cc3ccc(C(=O)O)c(F)c3)c3ccccc23)cc1,C1CCOC1,500.0
1173,CCN(CC)c1ccc(C=C(C#N)c2ccc(-c3nc4cc(C(=O)O)ccc4[nH]3)s2)cc1,CN(C)C=O,460.0
326,CCCCn1c(/C=C/c2ccc(/C=C(/C#N)C(=O)O)n2-c2ccc(-c3ccc(N(c4ccccc4)c4ccccc4)cc3)cc2)cc2cc(-c3ccc(N(c4ccccc4)c4ccccc4)cc3)ccc21,CCO,437.0
1344,CCCCCCc1cc(-c2sc(/C=C(/C#N)C(=O)O)cc2CCCCCC)sc1-c1ccc(N(c2ccc3c(c2)c2ccccc2n3-c2ccccc2)c2ccc3c(c2)c2ccccc2n3-c2ccccc2)cc1,C1CCOC1,469.0
1313,CCCc1c(/C=C(\C#N)C(=O)O)sc2cc(-c3ccc4c(c3)C3CCCC3N4c3ccc4c(c3)C(CCC)(CCC)c3ccccc3-4)sc12,ClCCl,492.0
499,CCCCCCOc1ccc(-n2c3ccsc3c3sc(-c4ccc5c(c4)Sc4cc(/C=C(\C#N)C(=O)O)ccc4N5CCCCCC)cc32)c(OCCCCCC)c1,ClCCl,483.0
857,CCCCCCCCCCCCc1cc(-c2ccc(N3c4ccccc4C4C5CCC(C5)C43)cc2)sc1-c1sc(/C=C(\C#N)C(=O)O)c2c1OCCO2,CN(C)C=O,520.0
364,CCCCCCCCC(CCCCCCCC)n1c2cc(-c3ccc(-c4ccc(/C=C(\C#N)C(=O)O)s4)s3)sc2c2sc(-c3ccc(-c4ccc(/C=C(\C#N)C(=O)O)s4)s3)cc21,C1CCOC1,395.0
495,O=C(O)c1ccc(/C2=C3\C=CC(=N3)/C(c3ccc(C(=O)O)cc3)=c3/cc/c4n3[Zn]n3c2ccc3/C(c2ccc(C(=O)O)cc2)=C2/C=CC(=N2)/C=4c2cccs2)cc1,C1CCOC1,600.0
1280,CC1(C)CCN2CCC(C)(C)c3c2c1cc1cc(-c2ccc(-c4sc(-c5ccc(/C=C(\C#N)C(=O)O)cc5)c5c4OCCO5)s2)c(=O)oc31,C1CCOC1,509.0
338,CCCCOc1ccc(-c2ccc3c(c2)Sc2cc(-c4ccc(-c5ccc(/C=C(\C#N)C(=O)O)s5)c5nsnc45)ccc2N3CCCC)c(OCCCC)c1,ClCCl,498.0
421,CCCCCCN1c2ccc(/C=C(/C#N)C(=O)O)cc2Sc2cc(-n3c4ccc(C(C)(C)C)cc4c4cc(C(C)(C)C)ccc43)ccc21,ClCCl,461.0
164,N#C/C(=C\c1cc2sc(-c3sc(-c4ccc(N(c5ccccc5)c5ccccc5)cc4)c4c3OCCO4)cc2s1)C(=O)O,ClCCl,501.0
28,CCCCCCCCn1nc2c(-c3ccc(C(=O)O)cc3)c3nc(-c4ccccc4)c(-c4ccccc4)nc3c(-c3cccc4c3C3C5CCC(C5)C3N4c3ccccc3)c2n1,ClCCl,685.0
516,N#C/C(=C\c1ccc(-c2ccc(N3c4ccccc4C=Cc4ccccc43)cc2)s1)C(=O)O,ClCCl,470.0
193,CC1(C)CCN2CCC(C)(C)c3c2c1cc1cc(/C=C(\C#N)c2ccc(/C=C(\C#N)C(=O)O)s2)c(=O)oc31,CCO,566.0
820,CCCCCCOc1ccc(-c2ccc3c(c2)Sc2cc(-c4sc(-c5cc[n+](C(=O)O)cc5)cc4CCCCCC)ccc2N3CCCCCC)c(OCCCCCC)c1,ClCCl,520.0
1247,N#C/C(=C\c1ccc(-c2ccc(-c3ccc(-c4ccc(N(c5ccccc5)c5ccccc5)cc4)s3)c3nsnc23)s1)C(=O)O,C1CCOC1,533.0
1011,CCCCN1c2ccccc2Sc2cc(-c3ccc(-c4cc5c(s4)c4sc(/C=C(/C#N)C(=O)O)cc4n5-c4ccc5c(c4)C(CCCC)(CCCC)c4ccccc4-5)s3)ccc21,C1CCOC1,493.0
169,CCCCCCCCn1nc2c(-c3ccc(/C=C(/C#N)C(=O)O)cc3)c3nc(-c4ccccc4)c(-c4ccccc4)nc3c(-c3ccc(-c4ccc(N5c6ccccc6C6C7CCC(C7)C65)cc4)s3)c2n1,ClCCl,641.0
918,N#C/C(=C/c1ccc2c(c1)Sc1ccccc1N2CCCCCCN1c2ccccc2Sc2cc(/C=C(\C#N)C(=O)O)ccc21)C(=O)O,CN(C)C=O,417.0
652,COc1cc2cc(C#Cc3ccc(C=C(C#N)C(=O)O)cc3)c(=O)oc2cc1OC,CC#N,398.0
173,CCCCCCOc1ccc(N(c2ccc(OCCCCCC)cc2)c2ccc(-c3ccc(C=C(C#N)C(=O)O)s3)cc2)cc1,C1CCOC1,482.0
518,CCCCCCN1c2ccc(C=C(C#N)C(=O)O)cc2Sc2cc(-c3ccc(C=C(c4ccc(-n5c6ccccc6c6ccccc65)cc4)c4ccc(-n5c6ccccc6c6ccccc65)cc4)cc3)ccc21,ClCCl,462.0
1117,N#C/C(=C\c1ccc(/C=C/c2ccc(N(c3ccccc3)c3ccccc3)cc2)n1-c1c(F)c(F)c(F)c(F)c1F)C(=O)O,ClCCl,493.0
908,CCCCCCn1c(-c2ccc3c(c2)c2ccccc2n3CCCCCC)nc(-c2ccc(-c3ccc(/C=C(/C#N)C(=O)O)s3)cc2)c1-c1ccc(-c2ccc(/C=C(/C#N)C(=O)O)s2)cc1,C1CCOC1,398.0
491,Cc1cc(C)cc(/C2=C3\C=CC(=N3)/C(c3cc(C)cc(C)c3)=c3/cc/c4n3[Zn]n3c2ccc3/C(c2cc(C)cc(C)c2)=C2/C=C(/C=C/C=C(C(=O)O)C(=O)O)C(=N2)/C=4c2cc(C)cc(C)c2)c1,CN(C)C=O,610.0
73,CCCCCCOc1cc(-n2cc(-c3ccc(N(c4ccccc4)c4ccc(-c5cn(-c6cc(OCCCCCC)c(/C=C(/C#N)C(=O)O)cc6OCCCCCC)nn5)cc4)cc3)nn2)c(OCCCCCC)cc1/C=C(/C#N)C(=O)O,C1COCCO1,405.0
1281,O=C(O)c1ccc(C#Cc2ccc(N(c3ccccc3)c3ccccc3)cc2)cc1,C1CCOC1,367.0
587,CN(C)c1ccc(/C=C/c2sc3ccccc3[n+]2CCCS(=O)(=O)[O-])cc1,ClC(Cl)Cl,565.0
1005,CCCCCCCCCCCC[C@@H](CCCCCCCCCC)CN1c2ccc(/C=C3/SC(=S)N(CC(=O)O)C3=O)cc2Sc2cc(N3c4ccccc4Sc4ccccc43)ccc21,ClCCl,472.0
657,N#C/C(=C\c1sc(-c2ccc(-c3ccc(N(c4ccc5c(c4)OCCO5)c4ccc5c(c4)OCCO5)cc3)s2)c2c1OCCO2)C(=O)O,CN(C)C=O,524.0
234,CCCCCCc1ccc(-c2ccc(-c3ccc4c(c3)Sc3cc(/C=C(\C#N)C(=O)O)ccc3N4CCCCCC)s2)s1,ClCCl,470.0
732,CC1(C)C/C(=C(/C#N)C(=O)O)CC(/C=C/c2ccc(N(c3ccccc3)c3ccccc3)cc2)C1,ClCCl,478.0
214,CC1(C)c2ccccc2-c2ccc(N(c3ccc(-c4cnc(-c5ccc(/C=C(\C#N)C(=O)O)s5)c5nsnc45)cc3)c3ccc4c(c3)C(C)(C)c3ccccc3-4)cc21,ClCCl,575.0
162,CC(C)(C)c1cc(/C2=C3\C=CC(=N3)/C(C#Cc3ccc4c5c(cccc35)CC4)=c3/cc/c4n3[Zn]n3c(ccc32)/C(C#Cc2ccc(C(=O)O)cc2)=C2/C=CC(=N2)/C=4c2cc(C(C)(C)C)cc(C(C)(C)C)c2)cc(C(C)(C)C)c1,C1CCOC1,664.0
132,N#CC(=Cc1ccc(-c2ccc(-c3ccc(N(c4ccccc4)c4ccccc4)cc3)c3nsnc23)s1)C(=O)O,C1CCOC1,491.0
1007,CCCCCCOc1ccc(-c2ccc(N(c3ccc(-c4ccc(OCCCCCC)cc4OCCCCCC)cc3)c3ccc(-c4sc(/C=C(\C#N)C(=O)O)c5c4OCCO5)cc3)cc2)c(OCCCCCC)c1,ClCCl,518.0
1107,CCCCCC1=C2C(C)=C(c3ccc4c5ccccc5n(-c5ccc(OC)cc5)c4c3)C(C)=[N+]2[B-](F)(F)n2c(C)c(/C=C(\C#N)C(=O)O)c(C)c21,ClC(Cl)Cl,533.0
1310,CCCCCC1(CCCCC)COc2c(-c3ccc4c(c3)Sc3ccccc3N4c3ccc(OC)cc3)sc(-c3nc4sc(-c5sc(-c6ccc(C=C(C#N)C(=O)O)s6)c6c5OCC(CCCCC)(CCCCC)CO6)nc4s3)c2OC1,C1CCOC1,513.0
185,CCCCCCc1cc(C=C(C#N)C(=O)O)sc1-c1ccc(-c2sc(-c3ccc(N(c4ccccc4)c4ccccc4)cc3)cc2CCCCCC)s1,ClC(Cl)Cl,489.0
41,CCCCCCCCCCCCc1cc(-c2ccc(N(c3ccccc3)c3ccccc3)cc2)sc1-c1ccc(/C=C(\C#N)C(=O)O)s1,ClCCl,493.0
692,N#C/C(=C/c1ccc(-c2ccc(N(c3ccccc3)c3ccccc3)cc2)s1)C(=O)O,C1CCOC1,432.0
108,CCCCCCCCOc1c(/C=C(/C#N)C(=O)O)sc(/C=N/N(c2ccccc2)c2ccccc2)c1OCCCCCCCC,C1CCOC1,483.0
38,CC(C)(C)c1ccc(-c2ccc(N(c3ccc(/C=C/c4ccc(-c5ccc(/C=C(/C#N)C(=O)O)s5)s4)cc3)c3ccc(-c4ccc(C(C)(C)C)cc4)cc3)cc2)cc1,CCO,441.0
568,CN(C)c1ccc(C(C=C(C#N)C#N)=C(C#N)C#N)cc1,ClCCl,570.0
838,CC1(C)CCN2CCC(C)(C)c3c2c1cc1cc(-c2ccccc2-c2ccc(C(=O)O)cc2)c(=O)oc31,CC#N,407.0
1165,CCCCCCCCC1(CCCCCCCC)c2cc(/C=C(/C#N)C(=O)O)ccc2-c2ccc(/C=C/c3ccc(N(c4ccccc4)c4ccccc4)cc3)cc21,ClCCl,406.0
1322,CCCCCCN1c2ccc(-c3ccc(/C=C(/C#N)C(=O)O)s3)cc2S(=O)(=O)c2cc(-c3ccc(-c4ccc(N(c5ccccc5)c5ccccc5)cc4)s3)ccc21,C1CCOC1,417.0
483,CCCCCCOc1ccc(C2(c3ccc(OCCCCCC)cc3)c3cc4c(cc3-c3sc(/C=C(\C#N)C(=O)O)cc32)C(c2ccc(OCCCCCC)cc2)(c2ccc(OCCCCCC)cc2)c2cc(N(c3ccc(OC)cc3)c3cccc(OC)c3)sc2-4)cc1,C1CCOC1,520.0
468,CCCCCCc1cc(-c2sc(-c3ccc(N(c4ccccc4)c4ccccc4)cc3)cc2CCCCCC)sc1/C=C(\C#N)C(=O)O,ClCCl,498.0
24,CCCCCCOc1ccc(N(c2ccc(OCCCCCC)cc2)c2ccc(-c3ccc(/C=C(\C#N)C(=O)O)cc3)cc2)cc1,C1CCOC1,405.0
932,CC1(C)c2ccccc2-c2ccc(N(c3ccc(-c4cc5sc(-c6ccc(/C=C(\C#N)C(=O)O)s6)cc5s4)cc3)c3ccc4c(c3)C(C)(C)c3ccccc3-4)cc21,ClC(Cl)Cl,436.0
1036,CCCCCCCCCc1c(-c2ccc(N(c3ccccc3)c3ccccc3)cc2)sc2c1sc1c3sc(-c4ccc(/C=C(\C#N)C(=O)O)s4)c(CCCCCCCCC)c3sc21,Clc1ccccc1Cl,498.0
976,CCCCn1c2ccc(C#Cc3cccc(/C=C(\C#N)C(=O)O)c3)cc2c2nc3ccccc3nc21,C1CCOC1,412.0
1163,CCCCCCOc1ccc(N(c2ccc(OCCCCCC)cc2)c2ccc(-c3ccc(C4=C5C(=O)N(CCCCCC)C(c6ccc(/C=C(\C#N)C(=O)O)cc6)=C5C(=O)N4CCCCCC)cc3)cc2)cc1,ClCCl,513.0
366,N#CC(=Cc1ccc(-c2ccc3c(c2)Sc2ccccc2N3CCCCCCn2c3ccccc3c3cc(-c4ccc(C=C(C#N)C(=O)O)s4)ccc32)s1)C(=O)O,CN(C)C=O,397.0
505,N#C/C(=C\c1ccc(/C=C/c2cccc(N(c3ccccc3)c3ccccc3)c2)cc1)C(=O)O,C1CCOC1,433.0
1210,CCCCCCCCN1C(=O)/C(=c2\s/c(=C\c3ccc4c(c3)C3CCCC3N4c3ccc(C=C(c4ccccc4)c4ccccc4)cc3)c(=O)n2CC(=O)O)SC1=S,C1CCOC1,532.0
383,CCOC(=O)/C(=C\c1ccc(/C=C/c2ccc(N(c3ccccc3)c3ccccc3)cc2)cc1)C(=O)O,ClCCl,414.0
734,CC(C)(C)c1ccc2c(c1)c1cc(C(C)(C)C)cc3c4ccc(-c5ccc(-c6ccc(/C=C(\C#N)C(=O)O)s6)s5)cc4n2c13,C1CCOC1,461.0
717,CCCCCCCC[N+]1=C(/C=C2\C([O-])=C(C=C3N(CCCCCCCO)c4ccccc4C3(C)C)C2=C(C#N)C(=O)OCC)C(C)(C)c2cc(C(=O)O)ccc21,CN(C)C=O,695.0
1223,CCN1C(=O)/C(=c2\c(=Cc3ccc4c(c3)C3CCCC3N4c3ccc(CO)cc3)sc(=O)n2CCCC(=O)O)SC1=S,CS(C)=O,542.0
454,CCCCC(CC)CN1C(=O)/C(=C2/C(=O)N(CC(CC)CCCC)c3cc(-c4ccc5c(c4)C4CCCC4N5c4ccc(C)cc4)ccc32)c2ccc(-c3ccc(/C=C(\C#N)C(=O)O)cc3)cc21,ClCCl,570.0
264,CCCCCCCCOc1ccc(-c2ccc(C(=Cc3ccc(N4c5ccc(-c6ncc(-c7ccc(/C=C(\C#N)C(=O)O)s7)c7nc(-c8ccccc8)c(-c8ccccc8)nc67)cc5C5CCCC54)cc3)c3ccc(-c4ccc(OCCCCCCCC)cc4OCCCCCCCC)cc3)cc2)c(OCCCCCCCC)c1,ClCCl,557.0
985,CN(CC(=O)O)c1ccc(C2=C([O-])C(=C3C=CC(=[N+](C)CC(=O)O)C=C3)C2=O)cc1,CS(C)=O,652.0
232,CCCCCCc1cc(/C=C(/C#N)C(=O)O)sc1-c1ccc2c(c1)C1CCCC1N2c1ccc(C=C(c2ccccc2)c2ccccc2)cc1,ClC(Cl)Cl,523.0
444,O=C(O)CN1C(=O)/C(=C\c2cc(-c3cccs3)c(/C=C/c3ccc(N(c4ccccc4)c4ccccc4)cc3)cc2-c2cccs2)SC1=S,ClCCl,464.0
395,N#C/C(=C\c1ccc(-c2ccc(-c3ccc(-c4ccc(N(c5ccc6c(c5)OCCO6)c5ccc6c(c5)OCCO6)cc4)s3)s2)cc1)C(=O)O,ClCCl,472.0
963,CCn1c2ccccc2c2cc(N3c4ccccc4Sc4cc(/C=C(\C#N)C(=O)O)ccc43)ccc21,ClCCl,471.0
176,CCCCN1c2ccccc2Sc2cc(/C=C(\C#N)C(=O)O)ccc21,ClCCl,452.5
18,CCCCC(CC)Cn1nc2c3cc(/C=C(\C#N)C(=O)O)sc3c3sc(-c4ccc(N(c5ccccc5)c5ccccc5)cc4)cc3c2n1,C1CCOC1,434.0
1206,CCCCCCCCCCCCn1c2ccc(-c3ccc(-c4ccc(-c5ccc(/C=C(\C#N)C(=O)O)s5)s4)s3)cc2c2cc(-n3c4ccc(C(C)(C)C)cc4c4cc(C(C)(C)C)ccc43)ccc21,ClCCl,443.0
1209,CCCCCCCCN(CCCCCCCC)c1ccc(C2=C([O-])/C(=C/c3[se]c4ccccc4[n+]3CC(=O)O)C2=O)cc1,CO,610.0
341,CCCCCCCCC(CCCCCC)Cn1c2cc(C=C(C#N)C(=O)O)c3cccc4c5cccc6c(N(c7ccc(OCCCCCC)cc7)c7ccc(OCCCCCC)cc7)cc1c(c65)c2c34,C1CCOC1,573.0
886,CCCCN1c2ccccc2Sc2cc(-c3ccc(/C=C(\C#N)C(=O)O)s3)ccc21,ClCCl,448.0
595,C=Cc1ccc(N(c2ccccc2)c2ccc(/C=C/C=C3/SC(=S)N(CC(=O)O)C3=O)cc2)cc1,CO,474.0
61,CCCCO/C1=C2\C=CC(=N2)/C(c2ccccc2)=c2/cc/c3n2[Zn]n2c(ccc21)/C(c1ccccc1)=C1/C=CC(=N1)C=3\C=C\C(=O)O,CCO,619.0
272,CCN1c2ccccc2CCc2cc(/C=C(\C#N)C(=O)O)ccc21,CC#N,368.0
1112,CCCC[C@H](CC)COc1ccc(-c2ccc3c(c2)Sc2cc(-c4ccc(OC[C@@H](CC)CCCC)cc4)ccc2N3c2ccc(C(=O)O)cc2)cc1,C1CCOC1,290.0
1291,CC1(C)c2ccccc2-c2cc(N(c3ccc(-c4ccc(-c5ccc(/C=C(/C#N)C(=O)O)s5)s4)cc3)c3ccc4c(c3)-c3ccccc3C4(C)C)ccc21,CCO,452.0
278,CCCCCCCCn1nc2c(-c3ccc(N4c5ccccc5C5C6CCC(C6)C54)cc3)c3nc(-c4ccccc4)c(-c4ccccc4)nc3c(-c3ccc(/C=C(\C#N)C(=O)O)s3)c2n1,ClCCl,546.0
1067,CCCCCCn1cc(/C=C(/C#N)c2ccc(C=C(C#N)C(=O)O)s2)c2cc(OC)ccc21,ClC(Cl)Cl,503.0
694,CC(C)(C)c1ccc2c(c1)c1cc(C(C)(C)C)ccc1n2-c1ccc(-c2ccc(/C=C(/C#N)C(=O)O)s2)cc1,ClC(Cl)Cl,438.0
368,N#C/C(=C\c1cc(-c2cccs2)c(/C=C/c2ccc(N(c3ccccc3)c3ccccc3)cc2)cc1-c1cccs1)C(=O)O,ClCCl,425.0
1266,N#CC(=Cc1ccc(-c2ccc(-c3ccc(N(c4ccccc4)c4ccccc4)cc3)s2)s1)C(=O)O,C1CCOC1,472.0
36,CC1CC(C)(C)N(C)c2ccc(C=Cc3ccc(C=C(C#N)C(=O)O)s3)cc21,CCO,468.0
735,CCCCN1C(=O)C2=C(c3ccc(-c4ccc(/C=C(\C#N)C(=O)O)s4)s3)N(CCCC)C(=O)C2=C1c1ccc(-c2ccc(N(c3ccc(OC)cc3)c3ccc(OC)cc3)cc2)cc1,ClCCl,627.0
1221,CCCCCC1=C2C(C)=C(c3ccc(N(c4ccccc4)c4ccccc4)cc3)C(C)=[N+]2[B-](F)(F)n2c(C)c(/C=C(/C#N)C(=O)O)c(C)c21,ClC(Cl)Cl,552.0
662,CC(C)(C)c1ccc(C2=CC(=Cc3ccc(/C=C(\C#N)C(=O)O)s3)C=C(c3ccc(C(C)(C)C)cc3)O2)cc1,ClCCl,573.0
931,CCCCn1c2cc(-c3ccc(-c4ccc(/C=C(\C#N)C(=O)O)s4)s3)ccc2c2ccc(-n3c4ccccc4c4ccccc43)cc21,ClCCl,476.0
1039,CCCCCCOc1ccc(N(c2ccc(OCCCCCC)cc2)c2ccc(-c3cc4c(s3)-c3sc(-c5ccc6cc(C(=O)O)c(Cl)nc6c5)cc3C4(CCCCCC)CCCCCC)cc2)cc1,ClCCl,473.0
547,Cc1cc(C)c(/C2=C3\C=CC(=N3)/C(c3c(C)cc(C)cc3C)=c3/cc/c4n3[Zn]n3c2ccc3/C(c2cc(C(=O)O)cs2)=C2/C=CC(=N2)/C=4c2c(C)cc(C)cc2C)c(C)c1,CCO,601.0
1097,CCCCn1c2ccccc2c2cc(/C=C/c3ccc(/C=C/c4ccncc4)c4nsnc34)ccc21,ClCCl,482.0
688,CCCCCCOc1ccc(N(c2ccc(OCCCCCC)cc2)c2ccc(-c3ccc(-c4cc(-c5nc6cccc(-c7ccc(-c8ccc(N(c9ccc(OCCCCCC)cc9)c9ccc(OCCCCCC)cc9)cc8)s7)c6nc5-c5ccc(/C=C(\C#N)C(=O)O)s5)cs4)s3)cc2)cc1,Cc1ccccc1,542.0
738,CC1(C)c2ccccc2-c2ccc(N(c3ccc4c(c3)C(C)(C)c3ccccc3-4)c3ccc4cc(/C=C/c5ccc(/C=C(/C#N)C(=O)O)s5)sc4c3)cc21,CCO,476.0
191,CCCCCCc1cc(-c2ccc(-c3ccc4c(c3)Sc3ccccc3N4C[C@@H](CC)CCCC)s2)sc1/C=C(\C#N)C(=O)O,ClC(Cl)Cl,494.0
456,CCCC[C@H](CC)CN1c2ccc(/C=C(\C#N)C(=O)O)cc2Sc2cc(/C=C(\C#N)C(=O)O)ccc21,ClCCl,469.0
868,N#C/C(=C\c1ccc(-c2ccc(N(c3ccccc3)c3ccccc3)cc2)s1)C(=O)O,ClCCl,437.0
393,CCCCN1c2ccc(/C=C/c3ccc(/C=C(\C#N)C(=O)O)s3)cc2Sc2ccc(SC)cc21,ClCCl,478.0
675,CCCCCCN(CCCCCC)c1cc2c(C#Cc3ccc(/C=C(/C#N)C(=O)O)cc3)c3oc(N(CCCCCC)CCCCCC)cc3c(C#Cc3ccc(/C=C(/C#N)C(=O)O)cc3)c2o1,C1CCOC1,516.0
760,CCCCCCn1c2cc(-c3ccc(N(c4ccccc4)c4ccccc4)cc3)ccc2c2sc3c4sc(C=C(C#N)C(=O)O)cc4n(CCCCCC)c3c21,ClCCl,495.0
1354,CCCCCCCCOc1ccc(N(c2ccc(OCCCCCCCC)cc2)c2ccc(-c3ccc(-c4ccc(/C=C(/C#N)C(=O)O)s4)c4n[se]nc34)cc2)cc1,C1CCOC1,503.0
728,CCCCCCOc1ccc(N(c2ccc(OCCCCCC)cc2)c2ccc(-c3ccc(-c4ccc(/C=C(\C#N)C(=O)O)s4)s3)cc2)cc1,C1CCOC1,486.0
419,CCCCCCn1cc(/C=C(/C#N)c2ccc(/C=C3\SC(=S)N(CC(=O)O)C3=O)s2)c2cc(OC)ccc21,ClC(Cl)Cl,517.0
375,CCn1c(-c2ccc3c(c2)C(CC)(CC)c2cc(-c4ccc(/C=C(\C#N)C(=O)O)s4)ccc2-3)nc(-c2ccccc2)c1-c1ccccc1,C1CCOC1,425.0
412,CCCCCCn1c2ccccc2c2cc(-n3cc(/C=C(\C#N)C(=O)O)c4ccccc43)ccc21,CCO,389.0
74,N#C/C(=C\c1ccc(C=Cc2ccc(N(c3ccccc3)c3ccccc3)cc2)o1)C(=O)O,C1CCOC1,469.0
1287,N#C/C(=C\c1ccc(-c2ccc(-c3ccc(N(c4ccccc4)c4ccccc4)cc3)s2)s1)C(=O)O,ClC(Cl)Cl,460.0
1079,CC1(C)C(/C=C2\C(=O)C(/C=C3/N(CC(=O)O)c4ccccc4C3(C)C)=C2[O-])=[N+](CC(=O)O)c2ccccc21,CS(C)=O,647.0
500,CCC1(CC)c2cc(-c3ccc(-c4ccc(/C=C(\C#N)C(=O)O)s4)n3C)ccc2-c2ccc(N(c3ccccc3)c3cccc4ccccc34)cc21,C1CCOC1,475.0
825,CCCCn1c2ccc(-c3ccc(-c4ccc(O)c(O)c4)s3)cc2c2cc(-c3ccc(-c4ccc(O)c(O)c4)s3)ccc21,C1COCCO1,370.0
195,CCCCCCN1c2ccc(-c3ccc(/C=C(\C#N)C(=O)O)s3)cc2Sc2cc(-c3ccc(/C=C(\C#N)C(=O)O)s3)ccc21,CN(C)C=O,482.0
616,CCCCC(CC)Cc1cc(-c2sc(-c3sc(-c4ccc5c(c4)c4ccccc4n5CC)cc3CC(CC)CCCC)cc2CC(CC)CCCC)sc1/C=C(\C#N)C(=O)O,ClC(Cl)Cl,470.0
114,CCCCCCN1c2ccc(C#Cc3ccc(C#Cc4ccc5c(c4)Sc4cc(/C=C(/C#N)C(=O)O)ccc4N5CCCCCC)cc3)cc2Sc2cc(/C=C(/C#N)C(=O)O)ccc21,C1CCOC1,448.0
417,C#Cc1ccc(C=C(C#N)C(=O)O)cc1C#Cc1ccc(N(c2ccccc2)c2ccccc2)cc1,ClC(Cl)Cl,350.0
601,CCCCCCc1cc(-c2ccc3c(c2)N(c2ccccc2)C2C4CCC(C4)C32)sc1-c1ccc(/C=C(\C#N)C(=O)O)s1,ClCCl,529.0
604,CCCCCCn1c2ccccc2c2cc(-c3ccc(C=C4C(=O)NC(=S)NC4=O)cc3)ccc21,ClC(Cl)Cl,489.0
1317,CCCCCCCCn1c2ccc(-c3ccc(N(c4ccc(OC)cc4)c4ccc(OC)cc4)cc3)cc2c(=O)c2cc3c(cc21)c(=O)c1cc(-c2ccc(C=C(C#N)C(=O)O)o2)ccc1n3CCCCCCCC,C1CCOC1,539.0
89,CCCCCCn1c2ccccc2c2cc(-c3nc(-c4ccc(-c5ccc(/C=C(\C#N)C(=O)O)s5)cc4)c(-c4ccc(-c5ccc(/C=C(\C#N)C(=O)O)s5)cc4)[nH]3)ccc21,C1CCOC1,388.0
848,CCCCN1c2ccc(-c3ccc(-c4ccc(/C=C(/C#N)C(=O)O)cc4)s3)cc2Sc2cc(-c3nc4ccccc4n3-c3ccccc3)ccc21,C1CCOC1,399.0
1054,CC(C)(C)c1cc(/C2=C3\C=CC(=N3)/C(C#Cc3cncnc3)=c3/cc/c4n3[Zn]n3c(ccc32)/C(C#Cc2ccc(C(=O)O)cc2)=C2/C=CC(=N2)/C=4c2cc(C(C)(C)C)cc(C(C)(C)C)c2)cc(C(C)(C)C)c1,C1CCOC1,656.0
1316,COc1ccc(N(c2ccc(/C=C/c3cc[n+](CC(=O)O)cc3)cc2)c2ccc(OC)cc2)cc1,ClCCl,504.0
753,CCCCCCC1(CCCCCC)c2cc(/C=C(\C#N)c3ccc(-c4ccc(/C=C(\C#N)C(=O)O)s4)s3)ccc2-c2ccc(-n3c4ccc(C(C)(C)C)cc4c4cc(C(C)(C)C)ccc43)cc21,ClCCl,477.0
498,CCCCCC(CC)n1c2ccc(OC)cc2c2cc(-c3ccc(C=C(C#N)C(=O)O)o3)c3ccccc3c21,ClCCl,462.0
1087,O=C(O)CN1C(=O)C(=Cc2ccc(N(c3ccccc3)c3ccccc3)cc2)SC1=S,CCO,458.0
1321,N#C/C(=C/c1ccc(-n2c3ccccc3c3ccccc32)cc1)C(=O)O,ClCCl,401.0
1093,CC1Cc2ccccc2N1c1ccc(N(c2ccc(/C=C(/C#N)C(=O)O)cc2)c2ccc(N3c4ccccc4CC3C)cc2)cc1,ClC(Cl)Cl,459.0
1091,CCCCCCCCn1c2ccccc2c2cc3c(cc21)c1cc(-c2cc(CCCCCC)c(-c4cc(CCCCCC)c(C=C(C#N)C(=O)O)s4)s2)ccc1n3CCCCCCCC,Cc1ccccc1,492.0
11,CCC1(CC)c2cc(-c3ccc(-c4ccc(/C=C(\C#N)C(=O)O)n4C)s3)ccc2-c2ccc(N(c3ccccc3)c3ccccc3)cc21,C1CCOC1,462.0
396,CCCCCCOc1ccc(N(c2ccc(/C=C/c3ccc(N(c4ccc(OCCCCCC)cc4)c4ccc(-c5ccc(C=C(C#N)C(=O)O)s5)cc4)cc3)cc2)c2ccc(-c3ccc(C=C(C#N)C(=O)O)s3)cc2)cc1,C1CCOC1,482.0
979,N#C/C(=C\c1ccc2c(c1)Sc1ccccc1N2CCCCN1c2ccccc2Sc2cc(/C=C(\C#N)C(=O)O)ccc21)C(=O)O,C1CCOC1,433.0
555,N#CC(=Cc1ccc(-c2cc(C(=O)O)c(-c3ccc(/C=C(\C#N)c4ccc([N+](=O)[O-])cc4)s3)cc2C(=O)O)s1)c1ccc([N+](=O)[O-])cc1,C1CCOC1,636.0
42,Cc1cc(C=C(C#N)C(=O)O)sc1C=Cc1ccc(N(c2ccccc2)c2ccccc2)cc1,ClC(Cl)Cl,517.0
841,CCCCN(CCCC)c1ccc([C+]2C([O-])[C+](c3ccc(N(C)CCOC(=O)CCc4cc(=C(C#N)C#N)ccc4=C(C#N)C#N)cc3)C2[O-])cc1,ClC(Cl)Cl,633.0
167,N#C/C(=C\c1ccc(-c2cc3cc(-c4ccc(N5c6ccccc6C6C7CCC(C7)C65)cc4)sc3s2)s1)C(=O)O,ClCCl,511.0
416,COc1ccc(N2c3ccccc3Oc3cc(-c4ccc(/C=C(\C#N)C(=O)O)o4)ccc32)cc1,ClCCl,508.0
576,CCCCN1c2ccccc2Sc2cc(/C=C(\C#N)C(=O)O)ccc21,C1CCOC1,437.0
834,CCCCC(CC)COc1ccc(-c2c3cccc4c(-c5ccc(/C=C(\C#N)C(=O)O)s5)cc5c(-c6ccc(OCC(CC)CCCC)cc6)c6cccc7c(-c8ccc(N(c9ccc(C)cc9)c9ccc(C)cc9)cc8)cc2c(c76)c5c43)cc1,C1CCOC1,464.0
267,O=C(O)c1ccc(/C2=C3\C=CC(=N3)/C(c3ccccc3)=c3/cc/c4n3[Zn]n3c2ccc3/C(c2ccccc2)=C2/C=CC(=N2)/C=4c2ccc(N3c4ccccc4C=Cc4ccccc43)cc2)cc1,ClCCl,592.0
1042,CCCCCCCCCCCCCCCc1c(-c2ccc(C=C(C#N)C(=O)O)s2)sc2c1sc1c3sc(-c4ccc(-c5ccc(N(c6ccccc6)c6ccccc6)cc5)s4)c(CCCCCCCCCCCCCCC)c3sc21,Clc1ccccc1Cl,513.0
426,N#C/C(=C/c1ccc(N(c2ccccc2)c2ccc(/C=C(\C#N)C(=O)O)cc2)cc1)C(=O)O,CO,416.0
690,CCCCCCCCn1c2ccc(-c3ccc(N(c4ccccc4)c4ccccc4)cc3)cc2c(=O)c2cc3c(cc21)c(=O)c1cc(-c2ccc(C=C(C#N)C(=O)O)o2)ccc1n3CCCCCCCC,C1CCOC1,534.0
544,CCCCCCCCN1c2ccc(/C=C(\C#N)C(=O)O)cc2Sc2cc(-c3ccc(OCCCCCC)cc3)ccc21,ClCCl,449.0
1288,N#C/C(=C/c1ccc(-c2ccc(-c3sc(-c4ccc(-c5ccc(N(c6ccccc6)c6ccccc6)cc5)s4)c4c3OCCO4)s2)s1)C(=O)O,ClCCl,590.0
674,CN(C)c1ccc(C#Cc2ccc(/C=C(\C#N)C(=O)O)s2)cc1,CN(C)C=O,408.0
689,CCCCSC1=C(SCCCC)SC(=Cc2ccc(-c3ccc(-c4ccc(/C=C(\C#N)C(=O)O)cc4)s3)cc2)S1,C1CCOC1,438.0
1010,CCCCCCCCc1cc(/C=C(/C#N)C(=O)O)sc1-c1ccc(-c2sc(-c3ccc4c(c3)Sc3ccccc3N4CC(CC)CCCC)cc2CCCCCCCC)s1,ClCCl,488.0
1213,CC1CC(C)(C)N(C)c2ccc(C=Cc3ccc(-c4ccc(-c5ccc(C=C(C#N)C(=O)O)s5)s4)s3)cc21,CCO,475.0
851,O=C(O)CCCCCCn1c2cc(-c3ccc(-c4cnccn4)s3)ccc2c2ccc(N(c3ccccc3)c3ccccc3)cc21,C1COCCO1,402.0
1346,CCCC[C@H](CC)CN1c2ccccc2Sc2cc(/C3=C4\C=CC(=N4)/C(c4cc(C(C)(C)C)cc(C(C)(C)C)c4)=c4/cc/c5n4[Zn]n4c(ccc43)/C(c3cc(C(C)(C)C)cc(C(C)(C)C)c3)=C3/C=CC(=N3)/C=5C#Cc3ccc(/C=C(\C#N)C(=O)O)cc3)ccc21,ClCCl,617.0
159,CN(C)c1ccc(-c2c3nc(c(-c4ccc(C(=O)O)cc4)c4ccc([nH]4)c(-c4ccc(N(C)C)cc4)c4nc(c(-c5ccc(C(=O)O)cc5)c5ccc2[nH]5)C=C4)C=C3)cc1,CN(C)C=O,520.0
895,CCCCCCCCn1nc2c(-c3ccc(C(=O)O)s3)c3nc(-c4ccccc4)c(-c4ccccc4)nc3c(-c3ccc(-c4ccc(N5c6ccccc6C6C7CCC(C7)C65)cc4)s3)c2n1,ClCCl,589.0
1094,CC1(C)CC(/C=C/c2ccc(N(c3ccccc3)c3ccccc3)cc2)=C/C(=C(\C#N)C(=O)O)C1,CC#N,450.0
257,CCn1c2ccccc2c2cc(/N=C/c3ccc(N(c4ccccc4)c4ccc(/C=C(\C#N)C(=O)O)cc4)cc3)ccc21,ClCCl,437.0
1263,CCCCCCOc1ccc(N(c2ccc(OCCCCCC)cc2)c2ccc(-c3ccc(-c4ccc(C=C(C#N)C(=O)O)o4)o3)cc2)cc1,C1CCOC1,486.5
335,CCC1(CC)c2cc(/C=C(\C#N)C(=O)O)sc2-c2sc(-c3ccc(N(c4ccccc4)c4ccccc4)cc3)cc21,ClC(Cl)Cl,491.0
1292,CCCC[C@H](CC)CN1c2ccccc2Sc2cc(/C=C(\C#N)C(=O)O)ccc21,ClCCl,462.0
15,N#C/C(=C\c1ccc(/C=C/c2ccc(N(c3ccccc3)c3ccccc3)cc2)cc1)C(=O)O,CCO,386.0
515,[C-]#[N+]/C(=C/c1ccc(N(c2ccc(-c3cccc(N(C)C)c3)cc2)c2ccc(-c3nc4c(-c5cccc(OC)c5)ccc(-c5cccc(OC)c5)c4[nH]3)cc2)cc1)C(=O)O,ClC(Cl)Cl,428.0
324,Cc1c(-c2ccc(CCC(=O)O)cc2)c(/C=C/C2=C(C#N)C(=C(C#N)C#N)OC2(C)C)n2ccccc12,ClCCl,636.0
768,CCCCCCOc1ccc(-c2ccc3c(c2)Sc2cc(/C=C(\C#N)C(=O)O)ccc2N3c2ccc(OCCOCCOCCOC)cc2)cc1,C1CCOC1,468.0
607,CCCCCCCCOc1cccc(OCCCCCCCC)c1/C1=C2\C=CC(=N2)/C(C#Cc2ccc(/C=C(/O)C(=O)O)cc2)=c2/cc/c3n2[Zn]n2c1ccc2/C(N(c1ccc(CCCCCC)cc1)c1ccc(CCCCCC)cc1)=C1/C=CC(=N1)/C=3c1c(OCCCCCCCC)cccc1OCCCCCCCC,C1CCOC1,640.0
1211,N#C/C(=C\c1cc(-c2ccc(N(c3ccccc3)c3ccccc3)cc2)c(-c2ccc(N(c3ccc(-c4ccc(N(c5ccccc5)c5ccccc5)cc4)cc3)c3ccc(-c4ccc(N(c5ccccc5)c5ccccc5)cc4)cc3)cc2)s1)C(=O)O,ClC(Cl)Cl,493.0
1105,CCCCCCOc1ccc(-c2ccc3c(c2)Sc2cc(/C=C/c4cc[n+](CC(=O)O)cc4)ccc2N3CCCCCC)c(OCCCCCC)c1,ClCCl,508.0
1218,CCN1c2ccccc2Sc2cc(/C=C/c3sc(/C=C(\C#N)C(=O)O)c4c3OCCO4)ccc21,CN(C)C=O,473.0
905,CCCCCCCCCCN1/C(=C\C=C2/SC(=S)N(CC(=O)O)C2=O)Sc2ccccc21,CCO,520.0
222,Cc1cc(C)c(/C2=C3\C=CC(=N3)/C(c3c(C)cc(C)cc3C)=c3/cc/c4n3[Zn]n3c2ccc3/C(c2c(C)cc(C)cc2C)=C2\N=C(/C=4c3c(C)cc(C)cc3C)c3nc4ccc(C(=O)O)cc4nc32)c(C)c1,CO,621.0
179,CC1(C)/C(=C/C=C2\SC(=S)N(CC(=O)O)C2=O)N(CC(=O)O)c2ccccc21,CCO,500.0
1004,CCCCCCCCn1c(=C(C#N)C#N)s/c(=c2/c(=C\c3ccc(-c4ccc5c(c4)C4CCCC4N5c4ccc5c(c4)C(CCCCCCCC)(CCCCCCCC)c4ccccc4-5)s3)sc(=O)n2CC(=O)O)c1=O,ClC(Cl)Cl,568.0
99,CC1(C)c2ccccc2-c2ccc(-n3c4ccccc4c4cc(-c5ccc(C=C6SC(=S)N(CC(=O)O)C6=O)s5)ccc43)cc21,CCO,469.0
836,CCCCN1c2ccccc2Oc2cc(/C=C(\C#N)C(=O)O)ccc21,C1CCOC1,464.0
757,N#C/C(=C\c1ccc(-c2ccc(N(c3ccc(I)cc3)c3ccc(-n4c5ccccc5c5ccccc54)cc3)cc2)s1)C(=O)O,ClCCl,471.0
521,O=C(O)c1ccc(/C2=C3\C=CC(=N3)/C(c3ccccc3)=c3/cc/c4n3[Zn]n3c(ccc32)/C(c2ccccc2)=C2/C=CC(=N2)/C=4c2ccccc2)cc1,ClCCl,583.0
761,CCCCC1(CCCC)c2cc(-c3ccc(-c4ccc(/C=C(\C#N)C(=O)O)s4)s3)ccc2-c2ccc(N3c4ccccc4Sc4cc(C=C5c6ccccc6-c6ccccc65)ccc43)cc21,ClCCl,453.0
22,O=C(O)CN1C(=O)/C(=C/c2ccc(-c3ccc(-c4ccc(N(c5ccc6c(c5)OCCO6)c5ccc6c(c5)OCCO6)cc4)s3)s2)SC1=S,ClCCl,526.0
356,CC(C)(C)c1cc(/C2=C3\C=CC(=N3)/C(CCCC(=O)O)=c3/cc/c4n3[Zn]n3c(ccc32)/C(CCCC(=O)O)=C2/C=CC(=N2)/C=4c2cc(C(C)(C)C)cc(C(C)(C)C)c2)cc(C(C)(C)C)c1,CCO,603.0
733,COc1ccc(N(c2ccc(OC)cc2)c2ccc(-c3sc(-c4ccc(C=C(C#N)C(=O)O)s4)nc3OC)cc2)cc1,C1CCOC1,505.0
1141,Cc1ccc(N2c3ccc(-c4ccc(/C=C(\C#N)C(=O)O)s4)cc3C3CCCC32)cc1,ClCCl,483.0
1274,CCCCCCOc1c(OCCCCCC)c(-c2cc(CCCCCC)c(-c3ccc(N(c4ccc(C)cc4)c4ccc(C)cc4)cc3)s2)c2nc3c4ccccc4c4ccccc4c3nc2c1-c1cc(CCCCCC)c(/C=C(\C#N)C(=O)O)s1,ClC(Cl)Cl,513.0
611,CCCCCCc1cc(-c2sc(-c3sc(-c4sc(-c5ccc6c(c5)c5ccccc5n6CC)cc4CCCCCC)cc3CCCCCC)cc2CCCCCC)sc1/C=C(\C#N)C(=O)Nc1ccc([Si](OC)(OC)OC)cc1,Cc1ccccc1,498.0
1170,N#CC(=Cc1ccc(N(c2ccc(-c3ccccc3)cc2)c2ccc(-c3ccccc3)cc2)cc1)C(=O)O,CCO,410.0
340,CCCCn1c2cc(-c3ccc(-c4cnccn4)s3)ccc2c2ccc(N(c3ccccc3)c3ccccc3)cc21,C1COCCO1,402.0
431,CCCCCCCCn1nc2c(-c3ccc(/C=C(\C#N)C(=O)O)cc3)c3nc(-c4ccccc4)c(-c4ccccc4)nc3c(-c3ccc(-c4ccc(N(c5ccccc5)c5ccccc5)cc4)s3)c2n1,ClCCl,629.0
1160,CCCCCCc1nc(-c2nc(CCCCCC)c(-c3ccc(/C=C(\C#N)C(=O)O)s3)s2)sc1-c1ccc(N(c2ccc(OC)cc2)c2ccc(OC)cc2)cc1,ClCCl,460.0
217,Cc1ccc(C(c2ccc(C)cc2)c2ccc(N3c4ccc(/C=C(\C#N)C(=O)O)cc4Sc4cc(-c5ccc(N(c6ccccc6)c6cccc7ccccc67)cc5)ccc43)cc2)cc1,C1CCOC1,474.0
911,CCCCCCc1cc(-c2ccc(/C=C(\C#N)C(=O)O)cc2)sc1-c1ccc(N(c2ccccc2)c2ccccc2)cc1,ClCCl,447.0
203,CC(C)(C)c1ccc(N(/C2=c3\cc/c4n3[Zn]n3c(ccc3/C(c3cc(C(C)(C)C)cc(C(C)(C)C)c3)=C3/C=CC2=N3)/C=C2\N=C(C=C2/C=C/C=C/C(=O)O)/C=4c2cc(C(C)(C)C)cc(C(C)(C)C)c2)c2ccc(C(C)(C)C)cc2)cc1,CCO,628.0
1108,N#C/C(=C\c1ccc(/C=C\C2=C3/C=CC(=N3)/C(c3ccc(C(=O)O)cc3)=c3/cc/c4n3[Zn]n3c2ccc3/C(c2ccc(C(=O)O)cc2)=C2/C=CC(=N2)C=4\C=C\c2ccc(/C=C(\C#N)c3ccc([N+](=O)[O-])cc3)cc2)cc1)c1ccc([N+](=O)[O-])cc1,C1CCOC1,606.0
1338,N#C/C(=C\c1ccc2c(c1)C1CCCC1N2c1ccc(C=C(c2ccccc2)c2ccccc2)cc1)C(=O)O,ClC(Cl)Cl,464.0
1119,N#C/C(=C/c1sc(-c2ccc(N(c3ccccc3)c3ccc(-c4sc(/C=C(/C#N)C(=O)O)c5c4OCCO5)cc3)cc2)c2c1OCCO2)C(=O)O,CCO,493.0
93,CCN1C(=O)/C(=c2\s/c(=C/c3ccc(-c4ccc5c(c4)C4CCCC4N5c4ccc(C=C(c5ccccc5)c5ccccc5)cc4)s3)c(=O)n2CC(=O)O)SC1=S,ClC(Cl)Cl,571.0
1033,CCCCC(CC)COc1c(OCC(CC)CCCC)c2c3sc(-c4ccc(-c5ccc6c(c5)c5ccccc5n6CC(CC)CCCC)c5nc(-c6ccc(C)s6)c(-c6csc(C)c6)nc45)cc3sc2c2sc3cc(/C=C(/C#N)C(=O)O)sc3c12,C1CCOC1,481.0
68,CN(C)c1ccc(C#C/C2=C3\C=CC(=N3)/C(c3cc(C(C)(C)C)cc(C(C)(C)C)c3)=c3/cc/c4n3[Zn]n3c2ccc3/C(c2cc(C(C)(C)C)cc(C(C)(C)C)c2)=C2/C=CC(=N2)/C=4C#Cc2ccc(C(=O)O)cc2)cc1,C1CCOC1,672.0
1202,COC(=O)c1cc(OCCCCCCn2c(/C=C/c3ccc(N(c4ccccc4)c4ccccc4)cc3)ccc2/C=C(\C#N)C(=O)O)cc(OCCCCCCn2c(/C=C/c3ccc(N(c4ccccc4)c4ccccc4)cc3)ccc2/C=C(\C#N)C(=O)O)c1,ClCCl,504.0
973,CCCCCCc1ccc(-c2ccc(-c3ccc4c(c3)Sc3cc(C=C(C#N)C(=O)O)ccc3N4CCCCCC)s2)s1,C1CCOC1,449.0
284,CCCCCCN1c2ccc(C=C(C#N)C(=O)O)cc2Sc2cc(-c3ccc(N(c4ccc5c(c4)C(CCC)(CCC)c4ccccc4-5)c4ccc5c(c4)C(CCC)(CCC)c4ccccc4-5)cc3)ccc21,ClCCl,464.0
696,CCn1c2ccccc2c2cc(N(c3ccc4c(c3)C(CC)(CC)c3ccccc3-4)c3ccc4c(c3)C(CC)(CC)c3cc(-c5ccc(-c6ccc(/C=C(\C#N)C(=O)O)s6)s5)ccc3-4)ccc21,C1CCOC1,473.0
85,CCCCCCOc1ccc(N(c2ccc(OCCCCCC)cc2)c2ccc(-c3cc4c(s3)-c3sc(-c5ccc6cc(C=C(C#N)C#N)c(=O)[nH]c6c5)cc3C4(CCCCCC)CCCCCC)cc2)cc1,ClCCl,470.0
434,CCCCC(CC)CN1c2ccc(/C=C\C3=CC(=C(C#N)C#N)C=C(/C=C/c4ccc5c(c4)Sc4cc(/C=N\C(=O)O)ccc4N5CC(CC)CCCC)O3)cc2Sc2cc(/C=C/C(=O)O)ccc21,CN(C)C=O,478.0
1029,c1ccc(N(c2ccccc2)c2ccc3c(c2)[nH]c2cc(-c4ccc(-c5ccncc5)s4)ccc23)cc1,C1COCCO1,394.0
153,CCCCn1c(-c2ccc(N(c3ccccc3)c3ccccc3)cc2)nc2c(-c3ccc(-c4ccc(/C=C(/C#N)C(=O)O)s4)s3)ccc(-c3ccc(-c4ccc(/C=C(\C#N)C(=O)O)s4)s3)c21,C1CCOC1,464.0
75,N#CC(C#N)=Cc1ccc(-c2ccc(N(c3ccc(C(=O)O)cc3)c3ccc(C(=O)O)cc3)cc2)cc1,CN(C)C=O,423.0
962,N#C/C(=C\c1ccc(-c2ccc(-c3ccc(-c4ccc(N(c5ccccc5)c5ccccc5)cc4)s3)s2)s1)C(=O)O,ClCCl,495.0
1196,CCCCSC1=C(SCCCC)SC(=C(C(=C2SC(SCCCC)=C(SCCCC)S2)c2ccc(-c3ccc(C=C(C#N)C(=O)O)s3)cc2)c2ccc(-c3ccc(C=C(C#N)C(=O)O)s3)cc2)S1,C1CCOC1,447.0
1374,CCCCN1c2ccc(-c3ccc(N(c4ccccc4)c4ccccc4)cc3)cc2Sc2cc(-c3ccc(-c4ccc(/C=C(\C#N)C(=O)O)cc4)c4nsnc34)ccc21,C1CCOC1,464.0
789,CCCCn1c2ccc(C=C3C(=O)NC(=O)NC3=O)cc2c2cc(C=C3C(=O)NC(=O)NC3=O)ccc21,C1CCOC1,477.0
580,O=[N+]([O-])C=Cc1ccc(N(c2ccccc2)c2ccccc2)cc1,CN(C)C=O,438.0
446,CC(C)(C)c1ccc(N(c2ccc(N(/C3=c4\cc/c5n4[Zn]n4c(ccc4/C(c4cc(C(C)(C)C)cc(C(C)(C)C)c4)=C4/C=CC3=N4)/C(C#Cc3ccc(C(=O)O)cn3)=C3/C=CC(=N3)/C=5c3cc(C(C)(C)C)cc(C(C)(C)C)c3)c3ccc(N(c4ccc(C(C)(C)C)cc4)c4ccc(C(C)(C)C)cc4)cc3)cc2)c2ccc(C(C)(C)C)cc2)cc1,CCO,659.0
703,CCCCCCCCc1cc(/C=C(/C#N)C(=O)O)sc1-c1ccc(-c2sc(-c3ccc4c(c3)c3nc5ccccc5nc3n4CC(CC)CCCC)cc2CCCCCCCC)s1,ClCCl,480.0
188,CC1(C)C(/C=C/C=C2/N(Cc3ccc(C(=O)O)cc3)c3ccccc3C2(C)C)=[N+](Cc2ccc(C(=O)O)cc2)c2ccccc21,CO,554.0
271,CCCCN1C(=O)C2=C(c3ccc(-c4ccc(/C=C(\C#N)C(=O)O)s4)cc3)N(CCCC)C(=O)C2=C1c1ccc(-c2ccc(N(c3ccc(OC)cc3)c3ccc(OC)cc3)cc2)cc1,ClCCl,524.0
1157,COc1ccc(N(c2ccc(OC)cc2)c2ccc(-c3c4ccccc4c(C#Cc4ccc(/C=C(\C#N)C(=O)O)cc4)c4ccccc34)cc2)cc1,ClCCl,452.0
884,CN(CC(=O)O)c1ccc(C2=C([O-])C(=C3C=CC(=[N+](C)CC(=O)O)C=C3)C2=O)cc1,C1CCOC1,622.0
236,N#C/C(=C\C=C\C1=C2SC(c3ccccc3)=CC(c3ccccc3)=C2CCC1)C(=O)O,ClCCl,596.0
487,N#C/C(=C\c1ccc2c(c1)C(CCCOC(C(F)(F)F)(C(F)(F)F)C(F)(F)F)(CCCOC(C(F)(F)F)(C(F)(F)F)C(F)(F)F)c1cc(N(c3ccccc3)c3ccccc3)ccc1-2)C(=O)O,CCO,425.0
1327,CCCCN1[C@H]2CC[C@@H]([C@H]3CC[C@@H]4[C@H]5CC[C@H]([C@H]6CC[C@@H](/C=C(\C#N)C(=O)O)S6)C[C@@H]5C5(OCCO5)C5(OCCO5)[C@@H]4C3)C[C@H]2S[C@H]2CCCC[C@H]21,ClCCl,460.0
