row_idx,smiles,solvent,peakwavs_max
468,CCCCCCCCOc1cccc(OCCCCCCCC)c1/C1=C2\C=CC(=N2)/C(C#Cc2ccc(C(=O)O)cc2)=c2/cc/c3n2[Zn]n2c(ccc21)/C(C#Cc1ccc(N(CCCC)CCCC)cc1)=C1/C=CC(=N1)/C=3c1c(OCCCCCCCC)cccc1OCCCCCCCC,C1CCOC1,671.0
126,CC1(C)CCN2CCC(C)(C)c3c2c1cc1cc(/C=C/C=C(/C#N)C(=O)O)c(=O)oc31,CCO,507.0
652,CCCCCCOc1ccc(-n2c3cc(/C=C(\C#N)C(=O)O)sc3c3sc(C4=C5C(C)=CC(C)=[N+]5[B-](F)(F)n5c(C)cc(C)c54)cc32)c(OCCCCCC)c1,ClCCl,519.0
251,CCCCC(CC)Cn1c2cc(-c3ccc(/C=c4\sc(=C(C#N)C#N)[nH]c4=O)s3)ccc2c2nc3c(-c4ccc(N(c5ccccc5)c5ccccc5)cc4)ccc(-c4ccc(N(c5ccccc5)c5ccccc5)cc4)c3nc21,ClCCl,462.0
1607,N#CC(=Cc1ccc(C=Cc2c3ccccc3c(-c3ccc(N(c4ccccc4)c4ccccc4)cc3)c3ccccc23)cc1)C(=O)O,ClCCl,418.0
1077,CCCCn1c2ccccc2c2cc(-c3ccc4c(c3)c3cc(-c5sc(/C=C(\C#N)C(=O)O)c6c5OCCO6)ccc3n4CCCC)ccc21,C1CCOC1,448.0
273,CCCCC1(CCCC)c2ccccc2-c2ccc(-c3ccc4c(c3)C(=O)c3cc(-c5ccc(/C=C(\C#N)C(=O)O)s5)ccc3-4)cc21,C1CCOC1,366.0
532,CCCCCCCCn1nc2c(-c3ccc(C(=O)O)cc3)c3nc(-c4ccccc4)c(-c4ccccc4)nc3c(-c3ccc(-c4cccc5c4C4C6CCC(C6)C4N5c4ccccc4)s3)c2n1,ClCCl,644.0
1182,CCn1c2ccccc2c2cc(-c3ccc(-c4ccc(-c5ccc(/C=C(/C#N)C(=O)O)s5)s4)s3)ccc21,ClC(Cl)Cl,443.0
987,CCCCO/C1=C2\C=CC(=N2)/C(c2ccccc2)=c2/cc/c3n2[Zn]n2c(ccc21)/C(c1ccccc1)=C1/C=CC(=N1)C=3\C=C(/C#N)C(=O)O,CCO,626.0
6,C(=C/c1nc2ccccc2s1)\c1ccc(Cn2cc(-c3ccc(N(c4ccccc4)c4ccc(-c5cn(Cc6ccc(/C=C/c7nc8ccccc8s7)cc6)nn5)cc4)cc3)nn2)cc1,CN(C)C=O,344.0
184,CCC1(CC)c2cc(-c3ccc(-c4ccc(/C=C(\C#N)C(=O)O)n4C)s3)ccc2-c2ccc(N(c3ccccc3)c3ccccc3)cc21,C1CCOC1,462.0
587,CCCCCCN1c2ccc(C=C(C#N)C(=O)O)cc2Sc2cc(N(c3ccc(C(C)(C)c4ccccc4)cc3)c3ccc(C(C)(C)c4ccccc4)cc3)ccc21,ClCCl,478.0
1353,Cc1ccc(N2c3ccc(-c4ccc(C=C(C#N)C(=O)O)s4)cc3[C@@H]3CCC[C@H]32)cc1,C1CCOC1,492.0
941,CCCCN(CCCC)c1ccc([C+]2C([O-])[C+](c3ccc(/C=C4/N(CCOC(=O)CCC(=O)Oc5ccc6c(=C(C#N)C#N)c7cc(O)ccc7c(=C(C#N)C#N)c6c5)c5ccccc5C4(C)C)cc3)C2[O-])cc1,ClC(Cl)Cl,637.0
1531,N#C/C(=C\c1ccc(/C=C/c2ccc(N(c3ccccc3)c3ccccc3)cc2)cc1)C(=O)O,CCO,386.0
120,CC1(C)CCN2CCC(C)(C)c3c2c1cc1cc(-c2cccc(-c4ccc(C(=O)O)cc4)c2)c(=O)oc31,CC#N,414.0
76,CC(C)CCOc1ccc(N2c3ccccc3Sc3cc(/C=C/c4nc5ccc(C(=O)O)cc5nc4/C=C/c4ccc5c(c4)Sc4ccccc4N5c4ccc(OCCC(C)C)cc4)ccc32)cc1,ClC(Cl)Cl,477.0
261,CCCCC(CC)Cn1nc2c3cc(/C=C(\C#N)C(=O)O)sc3c3sc(-c4ccc(N(c5ccccc5)c5ccccc5)cc4)cc3c2n1,C1CCOC1,434.0
1261,COc1ccc(N2c3ccc(/C=C(\C#N)C(=O)O)cc3Oc3cc(/C=C(\C#N)C(=O)O)ccc32)cc1,C1CCOC1,498.0
573,CCCCCCN1c2ccc(/C=C(\C#N)C(=O)O)cc2Sc2cc(-c3ccc4c(c3)c3ccccc3n4CCCCCC)ccc21,ClCCl,473.0
1225,COc1c(/C=C(/C#N)C(=O)O)sc(/C=N/N(c2ccccc2)c2ccccc2)c1OC,C1CCOC1,479.0
1652,O=C(O)CN1C(=O)/C(=C/c2ccc(-c3ccc(-c4ccc(N(c5ccc6c(c5)OCCO6)c5ccc6c(c5)OCCO6)cc4)s3)s2)SC1=S,ClCCl,526.0
1544,N#C/C(=C\c1ccc(N(c2ccc(/C=C(\C#N)c3ccc([N+](=O)[O-])cc3)cc2)c2ccc(/C=C/C(=O)O)cc2)cc1)c1ccc([N+](=O)[O-])cc1,C1CCOC1,576.0
712,CCCCCCOc1ccc(N(c2ccc(OCCCCCC)cc2)c2ccc(-c3ccc(/C=C(\C#N)C(=O)O)cc3)cc2)cc1,C1CCOC1,405.0
1406,N#C/C(=C\C1=C2OC(c3ccccc3)=CC(c3ccccc3)=C2CCC1)C(=O)O,ClCCl,549.0
242,CCCCC(CC)COc1ccc(-n2c3ccccc3c3cc(-c4ccc(-c5ccc(C=C(C#N)C(=O)O)s5)c5nsnc45)ccc32)cc1,C1CCOC1,476.0
300,CCCCCCC(CCCC)COc1ccc(N(c2ccc(OCC(CCCC)CCCCCC)cc2)c2ccc3c4ccc(C#Cc5ccc(C=C(C#N)C(=O)O)cc5)c5cccc(c6cccc2c63)c54)cc1,C1CCOC1,528.0
534,CCCCCCCCn1nc2c(-c3ccc(C(=O)O)cc3)c3nc(-c4ccccc4)c(-c4ccccc4)nc3c(-c3cccc4c3C3C5CCC(C5)C3N4c3ccccc3)c2n1,ClCCl,685.0
1217,CN1c2ccc(/C=C(\C#N)C(=O)O)cc2Sc2cc(-c3ccc(N(c4ccccc4)c4cccc5ccccc45)cc3)ccc21,C1CCOC1,437.0
462,CCCCCCCCOc1ccc(-c2ccc(N(c3ccc(-c4ccc(OCCCCCCCC)cc4OCCCCCCCC)cc3)c3ccc(-c4ncc(-c5ccc(/C=C(\C#N)C(=O)O)s5)c5nc(-c6ccccc6)c(-c6ccccc6)nc45)cc3)cc2)c(OCCCCCCCC)c1,ClCCl,541.0
937,CCCCCc1nc2c3cc(/C=C(\C#N)C(=O)O)sc3c3sc(-c4ccc(-c5ccc6c(c5)C5CCCC5N6c5ccc(C)cc5)c5nsnc45)cc3c2nc1CCCCC,ClC(Cl)Cl,547.0
1469,N#C/C(=C\c1ccc(-c2ccc(-c3ccc(N(C4=CC=CCC4)c4ccccc4)cc3)s2)s1)C(=O)O,C1CCOC1,473.0
356,CCCCCCCCCCCC[C@@H](CCCCCCCCCC)CN1c2ccc(/C=C3\SC(=S)N(CC(=O)O)C3=O)cc2Sc2cc(-n3c4ccccc4c4ccccc43)ccc21,ClCCl,478.0
1118,CCN(CCC(=O)O)c1ccc(/C=C/C2=[N+](C)C3=C(C4C=CC=CC4C=C3)C2(C)C)cc1,CCO,577.0
568,CCCCCCN1c2ccc(/C=C(\C#N)C(=O)O)cc2Sc2cc(-c3ccc(C=C(c4ccc(N5c6ccccc6Sc6ccccc65)cc4)c4ccc(N5c6ccccc6Sc6ccccc65)cc4)cc3)ccc21,ClCCl,466.0
177,CC1CC(C)(C)N(C)c2ccc(C=Cc3ccc(C=C(C#N)C(=O)O)s3)cc21,CCO,468.0
743,CCCCCCOc1ccc(N2c3ccc(-c4cc5sc(/C=C(\C#N)C(=O)O)c(CCC)c5s4)cc3C3CCCC32)cc1,ClCCl,495.0
34,CC(C)(C)c1ccc(-c2ccc(N(c3ccc(/C=C/c4ccc(-c5ccc(/C=C(/C#N)C(=O)O)s5)s4)cc3)c3ccc(-c4ccc(C(C)(C)C)cc4)cc3)cc2)cc1,CCO,441.0
80,CC(C)c1cccc(C(C)C)c1-n1c(-c2ccc(-c3ccc(N(c4ccccc4)c4ccccc4)cc3)s2)cc(/C=C(\C#N)C(=O)O)c1-c1ccc(-c2ccc(N(c3ccccc3)c3ccccc3)cc2)s1,C1CCOC1,418.0
1221,COCC1COc2c(-c3ccc(N(c4ccccc4)c4ccccc4)cc3)sc(C=C(C#N)C(=O)O)c2O1,ClC(Cl)Cl,491.0
363,CCCCCCCCCCCCc1cc(-c2ccc(N(c3ccccc3)c3ccccc3)cc2)sc1-c1ccc(/C=C(\C#N)C(=O)O)s1,ClCCl,493.0
1303,Cc1cc(C=C(C#N)C(=O)O)sc1C=Cc1ccc(N(c2ccccc2)c2ccccc2)cc1,ClC(Cl)Cl,517.0
1335,Cc1ccc(N(c2ccc(C)cc2)c2ccc3c(c2)C(c2ccc(C)cc2)(c2ccc(C)cc2)c2cc(-c4ccc(-c5ccc(C(=O)O)cc5)c5nsnc45)sc2-3)cc1,ClC(Cl)Cl,532.0
485,CCCCCCCCc1cc(-c2sc(-c3ccc4c(c3)C(C)(C)c3cc(C=C(C#N)C(=O)O)ccc3-4)cc2CCCCCCCC)sc1-c1ccc(N(c2ccccc2)c2ccccc2)cc1,C1CCOC1,423.0
719,CCCCCCOc1ccc(N(c2ccc(OCCCCCC)cc2)c2ccc(-c3ccc(C=C(C#N)C(=O)O)s3)cc2)cc1,ClC(Cl)Cl,514.0
1153,CCO[Si](OCC)(OCC)c1ccc(N=Nc2ccc(N(C)C)cc2)cc1,CCO,416.0
763,CCCCCCSC1=C(SCCCCCC)SC(=c2c3ccccc3c(=C3SC(SCCCCCC)=C(SCCCCCC)S3)c3cc(-c4ccc(/C=C(\C#N)C(=O)O)s4)ccc23)S1,ClCCl,421.0
520,CCCCCCCCn1c2ccccc2c2ccc(C3=C(C)C4=C(CCCCC)c5c(C)c(/C=C(\C#N)C(=O)O)c(C)n5[B-](F)(F)[N+]4=C3C)cc21,ClC(Cl)Cl,530.0
484,CCCCCCCCc1cc(-c2sc(-c3ccc(-c4cc(CCCCCCCC)c(-c5ccc(-c6ccc(/C=C(\C#N)C(=O)O)cc6)s5)s4)c4nsnc34)cc2CCCCCCCC)sc1-c1ccc(N(c2ccccc2)c2ccccc2)cc1,ClCCl,529.0
1271,CSC1=C(SC)SC(=Cc2ccc(N(c3ccc(/C=C(/C#N)C(=O)O)cc3)c3ccc(/C=C(/C#N)C(=O)O)cc3)cc2)S1,CO,433.0
1437,N#C/C(=C\c1ccc(-c2cc(-c3ccc(N(c4ccccc4)c4ccccc4)cc3)sc2-c2ccc(/C=C(\C#N)C(=O)O)cc2)cc1)C(=O)O,C1CCOC1,451.0
47,CC(C)(C)c1ccc(N(/C2=c3\cc/c4n3[Zn]n3c(cc(/C=C/C=C/C(=O)O)c3/C=C3\N=C(C=C3/C=C/C=C/C(=O)O)/C=4c3cc(C(C)(C)C)cc(C(C)(C)C)c3)/C(c3cc(C(C)(C)C)cc(C(C)(C)C)c3)=C3/C=CC2=N3)c2ccc(C(C)(C)C)cc2)cc1,CCO,650.0
1282,Cc1c(-c2ccc(CO)cc2)c(/C=C/c2ccc(/C=C(\C#N)C(=O)O)s2)n2ccccc12,ClCCl,573.0
1606,N#CC(=Cc1ccc(C#Cc2ccc(N(c3ccccc3)c3ccccc3)cc2)cc1)C(=O)O,C1CCOC1,399.0
993,CCCCOc1ccc(-c2ccc(N(c3ccc(-c4ccc(/C=C(\C#N)C(=O)O)s4)cc3)c3ccc(-c4ccc(OCCCC)cc4OCCCC)cc3)cc2)c(OCCCC)c1,ClCCl,500.0
1664,O=C(O)CN1C(=O)/C(=C/c2ccc3c(c2)C2CCCC2N3c2ccc(C=C(c3ccccc3)c3ccccc3)cc2)SC1=S,C1CCOC1,494.0
53,CC(C)(C)c1ccc(N(c2ccc(-c3nnc(-c4ccc(C=C(C#N)C(=O)O)cc4)o3)cc2)c2ccc(C(C)(C)C)cc2)cc1,C1CCOC1,385.0
752,CCCCCCOc1cccc(OCCCCCC)c1/C1=C2\C=CC(=N2)/C(c2ccc(C(=O)O)cc2)=c2/cc/c3n2[Zn]n2c(ccc21)/C=C1/C=CC(=N1)/C=3c1c(OCCCCCC)cccc1OCCCCCC,ClCCl,591.0
867,CCCCCCc1sc(-c2ccc(-c3ccc4c(c3)Sc3cc(/C=C(\C#N)C(=O)O)ccc3N4CCCCCC)s2)c2c1OCCO2,ClCCl,481.0
381,CCCCCCCCCCCCn1c2ccc(/C=C(\C#N)C(=O)O)cc2c2cc(-c3ccc(-c4ccc5c6cc(/C=C(\C#N)C(=O)O)ccc6n(CCCCCCCCCCCC)c5c4)c4nsnc34)ccc21,CN(C)C=O,440.0
988,CCCCO/C1=C2\C=CC(=N2)/C(c2ccccc2)=c2/cc/c3n2[Zn]n2c(ccc21)/C(c1ccccc1)=C1/C=CC(=N1)C=3\C=C\C(=O)O,CCO,619.0
441,CCCCCCCCN1c2ccc(C#Cc3ccc4ccc5cccc6ccc3c4c56)cc2Sc2cc(C=C(C#N)C#N)ccc21,CC#N,471.0
1038,CCCCn1c2cc(-c3ccc(-c4ccc(/C=C(\C#N)C(=O)O)s4)s3)ccc2c2ccc(N(c3ccccc3)c3ccc4c(c3)C(CCC)(CCC)c3ccccc3-4)cc21,ClCCl,490.0
996,CCCCOc1ccc(N(c2ccc(-c3ccc(C=C(C#N)C(=O)O)s3)cc2)c2ccc(-c3ccc(C=C(C#N)C(=O)O)s3)cc2)cc1,ClC(Cl)Cl,506.0
256,CCCCC(CC)Cn1c2ccc(-c3ccc4c(c3)c3nc5ccccc5nc3n4CC(CC)CCCC)cc2c2cc(-c3ccc(/C=C(/C#N)C(=O)O)s3)ccc21,ClCCl,465.0
1632,N#CC(C#N)=Cc1sc(-c2ccc(N(c3ccc(C(=O)O)cc3)c3ccc(C(=O)O)cc3)cc2)c2c1OCCO2,CN(C)C=O,492.0
107,CC1(C)CC(/C=C/c2ccc(N(c3ccccc3)c3ccc(N(c4ccccc4)c4ccccc4)cc3)cc2)=C/C(=C(/C#N)C(=O)O)C1,ClC(Cl)Cl,508.0
1197,CN(C)c1ccc(C#C/C2=C3\C=CC(=N3)/C(c3cc(C(C)(C)C)cc(C(C)(C)C)c3)=c3/cc/c4n3[Zn]n3c2ccc3/C(c2cc(C(C)(C)C)cc(C(C)(C)C)c2)=C2/C=CC(=N2)/C=4C#Cc2ccc(C(=O)O)cc2)cc1,C1CCOC1,672.0
1520,N#C/C(=C\c1ccc(-c2sc(-c3ccc(N(c4ccccc4)c4ccccc4)cc3)c3c2OCCO3)cc1)C(=O)O,CN(C)C=O,420.0
884,CCCCCCn1c2cc(-c3ccc(-n4c(/C=C/c5ccc(N(c6ccccc6)c6ccccc6)cc5)ccc4/C=C(\C#N)C(=O)O)cc3)ccc2c2ccc(-c3ccc(-n4c(/C=C/c5ccc(N(c6ccccc6)c6ccccc6)cc5)ccc4/C=C(\C#N)C(=O)O)cc3)cc21,ClCCl,425.0
1343,Cc1ccc(N2c3ccc(-c4ccc(-c5ccc(C=C(C#N)C(=O)O)cc5)c5nc(-c6ccc(C)s6)c(-c6ccc(C)s6)nc45)cc3C3CCCC32)cc1,ClCCl,475.0
1599,N#CC(=Cc1ccc(-c2cnc(-c3ccc(N(c4ccccc4)c4ccccc4)cc3)c3nsnc23)s1)C(=O)O,ClCCl,535.0
624,CCCCCCOc1cc(-n2cc(-c3ccc(N(c4ccccc4)c4ccc(-c5cn(-c6cc(OCCCCCC)c(/C=C(/C#N)C(=O)O)cc6OCCCCCC)nn5)cc4)cc3)nn2)c(OCCCCCC)cc1/C=C(/C#N)C(=O)O,C1COCCO1,405.0
1541,N#C/C(=C\c1ccc(C=Cc2ccc(N(c3ccccc3)c3ccccc3)cc2)o1)C(=O)O,C1CCOC1,469.0
1629,N#CC(C#N)=Cc1ccc(-c2ccc(N(c3ccc(C(=O)O)cc3)c3ccc(C(=O)O)cc3)cc2)cc1,CN(C)C=O,423.0
415,CCCCCCCCN1C(=O)/C(=C2/C(=O)N(CCCCCCCC)c3cc(-c4ccc(/C=C(/C#N)C(=O)O)o4)ccc32)c2ccc(-c3ccc(N(c4ccc(OC)cc4)c4ccc(OC)cc4)cc3)cc21,ClCCl,589.0
1454,N#C/C(=C\c1ccc(-c2ccc(-c3ccc(-c4cc5ccc6c7ccccc7[nH]c6c5s4)s3)s2)s1)C(=O)O,ClC(Cl)Cl,486.0
940,CCCCN(CCCC)c1ccc(-c2ccc(/C=C/c3ccc(C(=O)[O-])c[n+]3C)s2)s1,CC#N,555.0
14,CC(C)(C)C1CC(/C=C/C=C(\C#N)C(=O)O)=C2SC(c3ccccc3)=CC(c3ccccc3)=C2C1,ClCCl,597.0
1174,CCn1c2ccc(/C=C(/C#N)C(=O)O)cc2c2ccc(-c3ccc(-c4ccc(-c5ccc(C=C(c6ccc(N(C)C)cc6)c6ccc(N(C)C)cc6)cc5)s4)s3)cc21,ClC(Cl)Cl,408.0
667,CCCCCCOc1ccc(N(c2ccc(OCCCCCC)cc2)c2ccc(-c3c4ccccc4c(-c4ccc(/C=C(\C#N)C(=O)O)cc4)c4nsnc34)cc2)cc1,C1CCOC1,532.0
754,CCCCCCSC1=C(SCCCCCC)SC(=C(C(=C2SC(SCCCCCC)=C(SCCCCCC)S2)c2ccc(-c3ccc(-c4ccncc4)s3)cc2)c2ccc(-c3ccc(-c4ccncc4)s3)cc2)S1,C1CCOC1,405.0
1421,N#C/C(=C\c1cc2c3c(c1)CCCN3CCC2)C(=O)O,CCO,430.0
832,CCCCCCc1cc(/C=C(\C#N)C(=O)O)sc1-c1cc(CCCCCC)c(-c2cc(CCCCCC)c(-c3cc4cc(-c5ccccc5)c5c6ccccc6n(CC)c5c4s3)s2)s1,ClC(Cl)Cl,464.0
676,CCCCCCOc1ccc(N(c2ccc(OCCCCCC)cc2)c2ccc(-c3cc4c(s3)-c3sc(-c5ccc6cc(C=C(C#N)C#N)c(=O)[nH]c6c5)cc3C4(CCCCCC)CCCCCC)cc2)cc1,ClCCl,470.0
903,CCCCCCn1c2ccccc2c2cc(-c3ccc(-n4c(/C=C(/C#N)C(=O)O)ccc4/C=C/c4cc5cc(-c6ccc7c(c6)c6ccccc6n7CCCCCC)ccc5n4CCCC)cc3)ccc21,CCO,470.0
1284,Cc1cc(/C=C(/C#N)C(=O)O)c(-c2cc3cc4c5c(c3oc2=O)C(C)(C)CCN5CCC4(C)C)s1,ClC(Cl)Cl,467.0
18,CC(C)(C)c1cc(/C2=C3\C=CC(=N3)/C(C#Cc3ccc(-c4ccccc4)cc3)=c3/cc/c4n3[Zn]n3c(ccc32)/C(C#Cc2ccc(C(=O)O)cc2)=C2/C=CC(=N2)/C=4c2cc(C(C)(C)C)cc(C(C)(C)C)c2)cc(C(C)(C)C)c1,C1CCOC1,660.0
912,CCCCCCn1c2ccccc2c2cc(-c3nc(-c4ccc(-c5ccc(/C=C(\C#N)C(=O)O)s5)cc4)c(-c4ccc(-c5ccc(/C=C(\C#N)C(=O)O)s5)cc4)[nH]3)ccc21,C1CCOC1,388.0
1198,CN(C)c1ccc(C#Cc2c3ccccc3c(C#Cc3ccc(C(=O)O)cc3)c3ccccc23)cc1,C1CCOC1,491.0
1028,CCCCn1c(-c2ccc(-c3ccc(/C=C(\C#N)C(=O)O)s3)cc2)nc2c3cccc4ccc5cccc(c5c43)c21,C1CCOC1,405.0
1183,CCn1c2ccccc2c2cc(-c3ccc(C=C(C#N)C(=O)O)s3)ccc21,CN(C)C=O,390.0
1129,CCN1C(=O)/C(=c2\s/c(=C/c3ccc(-c4ccc5c(c4)C4CCCC4N5c4ccc(C=C(c5ccccc5)c5ccccc5)cc4)s3)c(=O)n2CC(=O)O)SC1=S,ClC(Cl)Cl,571.0
1626,N#CC(C#N)=CC(=C(C#N)C#N)c1ccc(N(c2ccccc2)c2ccccc2)cc1,ClCCl,600.0
800,CCCCCCc1cc(-c2ccc(N3c4ccccc4C4C5CCC(C5)C43)cc2)sc1-c1ccc(/C=C(/C#N)C(=O)O)cc1,ClCCl,455.0
1673,O=C(O)CN1C(=O)/C(=C\c2ccc(N(c3ccc(-c4ccc5c(c4)[nH]c4ccccc45)cc3)c3ccc(-c4ccc5c(c4)[nH]c4ccccc45)cc3)cc2)SC1=S,CCO,477.0
1553,N#C/C(=C\c1ccc2c(c1)Sc1ccccc1N2CCCCCCCCCCN1c2ccccc2Sc2cc(/C=C(\C#N)C(=O)O)ccc21)C(=O)O,CN(C)C=O,402.0
235,CCCCC(CC)CN1c2ccccc2Sc2cc(-c3ccc(-c4ccc(-c5ccc(/C=C(/C#N)C(=O)O)s5)s4)s3)ccc21,ClCCl,500.0
150,CC1(C)c2ccccc2-c2ccc(-n3c4ccccc4c4cc(-c5ccc(C=C6SC(=S)N(CC(=O)O)C6=O)s5)ccc43)cc21,CCO,469.0
253,CCCCC(CC)Cn1c2cc(C=C(C#N)C(=O)O)sc2c2sc(-c3ccc(N(c4ccccc4)c4ccccc4)cc3)cc21,ClC(Cl)Cl,479.0
1328,Cc1ccc(N(c2ccc(C)cc2)c2ccc(-c3sc(-c4cc5c(s4)-c4sc(C=C(C#N)C(=O)O)cc4C5=O)c4c3OCCO4)cc2)cc1,CN(C)C=O,627.0
270,CCCCC1(CCCC)c2cc(C(=O)O)ccc2-c2ccc(N(c3ccccc3)c3ccccc3)cc21,CCO,369.0
661,CCCCCCOc1ccc(N(c2ccc(/C=C/c3cc4c(s3)c3sc(C=C(C#N)C(=O)O)cc3n4-c3ccc(N4c5ccccc5Sc5ccccc54)cc3)cc2)c2ccc(OCCCCCC)cc2)cc1,ClCCl,510.0
1543,N#C/C(=C\c1ccc(N(c2ccc(/C=C(\C#N)C(=O)O)cc2)c2ccc(N3c4ccccc4Sc4ccccc43)cc2)cc1)C(=O)O,CN(C)C=O,405.0
1325,Cc1ccc(N(c2ccc(C)cc2)c2ccc(-c3ccc4c(c3)C(=O)c3cc(-c5ccc(-c6ccc(/C=C(\C#N)C(=O)O)s6)s5)ccc3-4)cc2)cc1,C1CCOC1,393.0
154,CC1(C)c2ccccc2-c2ccc(N(/C3=c4\cc/c5n4[Zn]n4c(ccc4/C(c4ccccc4)=C4/C=CC3=N4)/C(c3ccc(/C=C(/C#N)C(=O)O)cc3)=C3/C=CC(=N3)/C=5c3ccccc3)c3ccc4c(c3)C(C)(C)c3ccccc3-4)cc21,C1CCOC1,623.0
805,CCCCCCc1cc(-c2ccc3c(c2)C2(c4ccccc4-c4ccccc42)c2cc(-c4ccc(N(c5ccccc5)c5ccccc5)cc4)ccc2-3)sc1/C=C(/C#N)C(=O)O,ClC(Cl)Cl,450.0
449,CCCCCCCCOc1c(/C=C(/C#N)C(=O)O)sc(/C=N/N(c2ccccc2)c2ccccc2)c1OCCCCCCCC,C1CCOC1,483.0
1390,N#C/C(=C/c1ccc(N(c2ccc(N3CCc4ccccc43)cc2)c2ccc(N3CCc4ccccc43)cc2)cc1)C(=O)O,ClC(Cl)Cl,449.0
535,CCCCCCCCn1nc2c(-c3ccc(C(=O)O)s3)c3nc(-c4ccccc4)c(-c4ccccc4)nc3c(-c3ccc(-c4ccc(N(c5ccccc5)c5ccccc5)cc4)s3)c2n1,ClCCl,578.0
1491,N#C/C(=C\c1ccc(-c2ccc(-c3ccc(N4c5ccccc5C=Cc5ccccc54)cc3)c3nsnc23)s1)C(=O)O,ClCCl,494.0
671,CCCCCCOc1ccc(N(c2ccc(OCCCCCC)cc2)c2ccc(-c3cc(CCCCCC)c(-c4ncc(-c5sc(-c6ccc(/C=C(\C#N)C(=O)O)cc6)cc5CCCCCC)c5nsnc45)s3)cc2)cc1,ClCCl,563.0
1101,CCN(CC)c1ccc(C=C(C#N)c2nc3ccc(C(=O)O)cc3[nH]2)cc1,CN(C)C=O,421.0
580,CCCCCCN1c2ccc(C#Cc3ccc(C#Cc4ccc5c(c4)Sc4cc(/C=C(/C#N)C(=O)O)ccc4N5CCCCCC)cc3)cc2Sc2cc(/C=C(/C#N)C(=O)O)ccc21,C1CCOC1,448.0
1622,N#CC(=Cc1ccc(N(c2ccccc2)c2ccccc2)cc1)C(=O)O,CO,400.0
1644,O=C(O)CCCCCCn1c2cc(-c3ccncc3)ccc2c2ccc(N(c3ccccc3)c3ccccc3)cc21,C1COCCO1,375.0
787,CCCCCCc1cc(-c2ccc(-c3ccc4c(c3)Sc3cc(-c5ccc(-c6cc(CCCCCC)c(/C=C(\C#N)C(=O)O)s6)s5)ccc3N4C[C@@H](CC)CCCC)s2)sc1/C=C(/C#N)C(=O)O,C1CCOC1,484.0
305,CCCCCCC1(CCCCCC)c2cc(-c3ccc(-c4ccc(-c5ccc(/C=C(\C#N)C(=O)O)s5)s4)s3)ccc2-c2ccc(-c3ccc(-c4ccc(-c5ccc(/C=C(\C#N)C(=O)O)s5)s4)s3)cc21,C1CCOC1,484.0
1143,CCN1c2ccc(C=C3SC(=S)N(CC(=O)O)C3=O)cc2CCc2cc(C=C3SC(=S)N(CC(=O)O)C3=O)ccc21,CN(C)C=O,445.0
1213,CN(CCO[Si](C)(C)C(C)(C)C)c1ccc(/C=C/c2ccc(C=C(C#N)C(=O)O)s2)cc1,C1CCOC1,491.0
647,CCCCCCOc1ccc(-n2c3cc(/C=C(\C#N)C(=O)O)sc3c3sc(-c4ccc(N(c5ccc(-c6cccs6)cc5)c5ccc(-c6cccs6)cc5)cc4)cc32)c(OCCCCCC)c1,ClCCl,506.0
1372,Cn1cccc1-c1cc2sc(C=C(C#N)C(=O)O)cc2s1,CCO,364.0
163,CC1(C)c2ccccc2-c2ccc(N(c3ccc(-c4sc(C=C(C#N)C(=O)O)c5ccccc45)cc3)c3ccc4c(c3)C(C)(C)c3ccccc3-4)cc21,ClCCl,569.0
517,CCCCCCCCn1c2ccccc2c2cc(N3c4ccccc4Sc4cc(/C=C5\SC(=S)N(CC(=O)O)C5=O)ccc43)ccc21,ClCCl,500.0
1076,CCCCn1c2ccccc2c2cc(-c3ccc4c(c3)c3cc(-c5ccc6c(c5)c5cc(-c7ccc8c(c7)c7cc(-c9sc(/C=C(\C#N)C(=O)O)c%10c9OCCO%10)ccc7n8CCCC)ccc5n6CCCC)ccc3n4CCCC)ccc21,C1CCOC1,456.0
1287,Cc1cc(C)c(/C2=C3\C=CC(=N3)/C(C#Cc3ccc(C(=O)O)cc3)=c3/cc/c4n3[Zn]n3c2ccc3/C(N(c2ccc(C(C)(C)C)cc2)c2ccc(C(C)(C)C)cc2)=C2/C=CC(=N2)/C=4c2c(C)cc(C)cc2C)c(C)c1,ClCCl,634.0
1717,O=C(O)c1cccc(/C2=C3\C=CC(=N3)/C(c3ccc(N(c4ccccc4)c4ccccc4)cc3)=c3/cc/c4n3[Zn]n3c2ccc3/C(c2ccc(N(c3ccccc3)c3ccccc3)cc2)=C2/C=CC(=N2)/C=4c2cccc(C(O)O)c2)c1,C1CCOC1,602.0
478,CCCCCCCC[NH+]1c2ccc(C(=O)O)cc2C(C)(C)[C@@H]1/C=C1\C(=O)[C@H](c2cc3sc(-c4ccc5c(c4)Sc4cc(OC[C@@H](CC)CCCC)ccc4N5CCCCCC)cc3s2)[C@@H]1[O-],C1CCOC1,662.0
39,CC(C)(C)c1ccc(-c2sc(-c3ccc(C(C)(C)C)cc3)c3[nH]c(-c4ccc(-c5ccc(/C=C(\C#N)C(=O)O)s5)cc4)nc23)cc1,C1CCOC1,392.0
973,CCCCN1c2ccccc2Sc2cc(-c3nc4c(-c5ccc(-c6ccc(/C=C(/C#N)C(=O)O)s6)s5)ccc(-c5ccc(-c6ccc(/C=C(\C#N)C(=O)O)s6)s5)c4n3CCCC)ccc21,C1CCOC1,444.0
312,CCCCCCC1(CCCCCC)c2cc(/C=C(\C#N)C(=O)O)sc2-c2sc(-c3ccc(N(c4ccc(-c5ccc(OCCCC)cc5OCCCC)cc4)c4ccc(-c5ccc(OCCCC)cc5OCCCC)cc4)c4nsnc34)cc21,ClCCl,496.0
1580,N#CC(=Cc1ccc(-c2ccc(-c3ccc(N(c4ccccc4)c4ccccc4)cc3)c3nsnc23)s1)C(=O)O,C1CCOC1,491.0
1157,CCO[Si](OCC)(c1ccccc1)c1ccc(N=Nc2ccccc2)cc1,CC#N,444.0
189,CCC1(CC)c2cc(-c3ccc(-c4ccc(/C=C(\C#N)C(=O)O)s4)s3)ccc2-c2ccc(N(c3ccccc3)c3ccc(C=C4c5ccccc5-c5ccccc54)cc3)cc21,ClCCl,470.0
1501,N#C/C(=C\c1ccc(-c2ccc(C=Cc3ccc(N(c4ccccc4)c4ccccc4)cc3)c3nc(-c4ccccc4)c(-c4ccccc4)nc23)s1)C(=O)O,C1CCOC1,500.0
1250,COc1ccc(N(c2ccc(OC)cc2)c2ccc(-c3cc4sc(/C=C(\C#N)C(=O)O)cc4s3)cc2)cc1,ClC(Cl)Cl,512.0
801,CCCCCCc1cc(-c2ccc(N3c4ccccc4C4C5CCC(C5)C43)cc2)sc1-c1ccc(/C=C(\C#N)C(=O)O)s1,ClCCl,506.0
264,CCCCC1(CCCC)C(C=C2C(=O)C(c3ccc4c(c3)C3CCCC3N4c3ccc4c(c3)C(C)(C)c3ccccc3-4)=C2[O-])=[N+](CCC(=O)O)c2ccccc21,CS(C)=O,643.0
925,CCCCCCn1cc(/C=C(/C#N)c2ccc(/C=N/c3ccc(C(=O)O)cc3)s2)c2cc(OC)ccc21,ClC(Cl)Cl,462.0
5,C(=C/c1nc2ccccc2o1)\c1ccc(Cn2cc(-c3ccc(N(c4ccccc4)c4ccc(-c5cn(Cc6ccc(/C=C/c7nc8ccccc8o7)cc6)nn5)cc4)cc3)nn2)cc1,CN(C)C=O,324.0
58,CC(C)(C)c1ccc2c(N(c3ccccc3)c3cccc4ccccc34)c3cc(C(C)(C)C)ccc3c(-c3ccc(/C=C(\C#N)C(=O)O)s3)c2c1,C1CCOC1,434.0
430,CCCCCCCCN1C(=O)c2c(-c3ccc4c(c3)C3CCCC3N4c3ccc(C)cc3)ccc(-c3ccc(/C=C(\C#N)C(=O)O)s3)c2C1=O,ClCCl,442.0
1049,CCCCn1c2cc(-c3ccncc3)ccc2c2ccc(N(c3ccccc3)c3ccccc3)cc21,C1COCCO1,375.0
598,CCCCCCN1c2ccccc2Sc2cc(/C=C(/C#N)C(=O)O)ccc21,C1CCOC1,440.0
1374,N#C/C(=C/c1cc2sc(-c3sc(-c4ccc(N5c6ccccc6C6C7CCC(C7)C65)cc4)c4c3OCCO4)cc2s1)C(=O)O,ClCCl,535.0
1321,Cc1ccc(N(c2ccc(/C=C3\SC(=S)N(CC(=O)O)C3=O)cc2)c2ccc(/C=N/N(c3ccccc3)c3ccccc3)cc2)cc1,ClC(Cl)Cl,495.0
1447,N#C/C(=C\c1ccc(-c2cc3sc(-c4ccc5c(c4)N(c4ccccc4)C4C6CCC(C6)C54)cc3s2)s1)C(=O)O,ClCCl,526.0
1113,CCN(CC)c1ccc2c(c1)OC1=NC(c3ccc(O)c(C(=O)O)c3)n3c(nc4ccccc43)C1=C2,CS(C)=O,448.0
324,CCCCCCCCC1(CCCCCCCC)c2cc(C#Cc3ccc(N(c4ccccc4)c4ccccc4)cc3)ccc2-c2ccc(C=C(C#N)C(=O)O)cc21,C1CCOC1,393.0
695,CCCCCCOc1ccc(N(c2ccc(OCCCCCC)cc2)c2ccc(-c3ccc(-c4ccc(-c5ccc(/C=C(\C#N)C(=O)O)c6nsnc56)s4)s3)cc2)cc1,ClCCl,570.0
569,CCCCCCN1c2ccc(/C=C(\C#N)C(=O)O)cc2Sc2cc(-c3ccc(C=C(c4ccccc4)c4ccccc4)cc3)ccc21,ClCCl,474.0
648,CCCCCCOc1ccc(-n2c3cc(/C=C(\C#N)C(=O)O)sc3c3sc(-c4ccc(N(c5ccc6c(c5)sc5ccsc56)c5ccc6c(c5)sc5ccsc56)cc4)cc32)c(OCCCCCC)c1,ClCCl,511.0
1031,CCCCn1c(-c2ccc(N(c3ccccc3)c3ccccc3)cc2)nc2c(-c3ccc(-c4ccc(/C=C(/C#N)C(=O)O)s4)s3)ccc(-c3ccc(-c4ccc(/C=C(\C#N)C(=O)O)s4)s3)c21,C1CCOC1,464.0
219,CCC1=C(C)C2=C(c3ccc(N(c4ccc(C5=C6C(C)=C(CC)C(C)=[N+]6[B-](F)(F)n6c(C)c(CC)c(C)c65)cc4)c4ccc(-c5ccc(C(=O)O)cc5)cc4)cc3)c3c(C)c(CC)c(C)n3[B-](F)(F)[N+]2=C1C,ClCCl,526.0
1398,N#C/C(=C/c1ccc(N(c2ccccc2)c2ccccc2)cc1)C(=O)O,ClC(Cl)Cl,448.0
1642,O=C(O)CCCCCCn1c2cc(-c3ccc(-c4ccncc4)s3)ccc2c2ccc(N(c3ccccc3)c3ccccc3)cc21,C1COCCO1,396.0
193,CCC1(CC)c2cc(-c3ccc(/C=C(\C#N)C(=O)O)cc3)ccc2-c2ccc(N3c4ccccc4Sc4ccccc43)cc21,ClCCl,374.0
1420,N#C/C(=C\c1cc2c(c3ccccc13)N(c1ccc(C=C(c3ccccc3)c3ccccc3)cc1)C1CCCC21)C(=O)O,ClC(Cl)Cl,507.0
1190,CN(C)c1ccc(-c2c3nc(c(-c4ccc(C(=O)O)cc4)c4ccc([nH]4)c(-c4ccc(N(C)C)cc4)c4nc(c(-c5ccc(C(=O)O)cc5)c5ccc2[nH]5)C=C4)C=C3)cc1,CN(C)C=O,520.0
1331,Cc1ccc(N(c2ccc(C)cc2)c2ccc(N3c4ccc(-c5ccc(N(c6ccccc6)c6cccc7ccccc67)cc5)cc4Sc4cc(-c5ccc(/C=C(\C#N)C(=O)O)s5)ccc43)cc2)cc1,C1CCOC1,480.0
544,CCCCCCCn1c2ccc(C=C(C#N)C(=O)O)cc2c2ccc(/C=C/c3ccc(N(c4ccccc4)c4ccccc4)cc3)cc21,ClCCl,423.0
19,CC(C)(C)c1cc(/C2=C3\C=CC(=N3)/C(C#Cc3ccc4c5c(cccc35)CC4)=c3/cc/c4n3[Zn]n3c(ccc32)/C(C#Cc2ccc(C(=O)O)cc2)=C2/C=CC(=N2)/C=4c2cc(C(C)(C)C)cc(C(C)(C)C)c2)cc(C(C)(C)C)c1,C1CCOC1,664.0
1554,N#C/C(=C\c1ccc2c(c1)Sc1ccccc1N2CCCCCCCCN1c2ccccc2Sc2cc(/C=C(\C#N)C(=O)O)ccc21)C(=O)O,CN(C)C=O,402.0
1429,N#C/C(=C\c1cc2sc(-c3sc(-c4ccc(N(c5ccccc5)c5ccccc5)cc4)c4c3OCCO4)cc2s1)C(=O)O,ClCCl,501.0
54,CC(C)(C)c1ccc(N(c2ccc(C(C)(C)C)cc2)c2ccc3c(c2)/C=N/c2ccc(C(=O)O)cc2/N=C/c2cc(N(c4ccc(C(C)(C)C)cc4)c4ccc(C(C)(C)C)cc4)ccc2O[Zn]O3)cc1,C1CCOC1,470.0
1509,N#C/C(=C\c1ccc(-c2ccc(N(c3ccc(N4c5ccccc5Sc5ccccc54)cc3)c3ccc(N4c5ccccc5Sc5ccccc54)cc3)cc2)o1)C(=O)O,CC#N,421.0
1442,N#C/C(=C\c1ccc(-c2cc3cc(-c4ccc(N5c6ccccc6C6C7CCC(C7)C65)cc4)sc3s2)s1)C(=O)O,ClCCl,511.0
1568,N#CC(=Cc1cc2sc(-c3cccs3)cc2s1)C(=O)O,CCO,399.0
521,CCCCCCCCn1nc2c(-c3ccc(/C=C(/C#N)C(=O)O)cc3)c3nc(-c4ccccc4)c(-c4ccccc4)nc3c(-c3ccc(-c4ccc(N5c6ccccc6C6C7CCC(C7)C65)cc4)s3)c2n1,ClCCl,641.0
1659,O=C(O)CN1C(=O)/C(=C/c2ccc(N(c3ccccc3)c3ccc(-c4cc5c6c(c4)CCCN6CCC5)cc3)cc2)SC1=S,CCO,471.0
9,C=Cc1ccc(N(c2ccccc2)c2ccc(/C=C3/SC(=S)N(CC(=O)O)C3=O)cc2)cc1,CO,461.0
1231,COc1cc2cc(/C=C/c3ccc(C=C(C#N)C(=O)O)cc3)c(=O)oc2cc1OC,CC#N,400.0
718,CCCCCCOc1ccc(N(c2ccc(OCCCCCC)cc2)c2ccc(-c3ccc(C=C(C#N)C(=O)O)s3)cc2)cc1,C1CCOC1,482.0
644,CCCCCCOc1ccc(-c2ccc3c(c2)c2cc(-c4ccc(OCCCCCC)cc4)ccc2n3-c2ccc3c(c2)C(C)(C)c2cc(-c4ccc(C=C(C#N)C(=O)O)s4)sc2-3)cc1,CCO,438.0
115,CC1(C)CCN2CCC(C)(C)c3c2c1cc1cc(-c2ccc(-c4sc(-c5ccc(/C=C(\C#N)C(=O)O)s5)c5c4OCCO5)s2)c(=O)oc31,C1CCOC1,527.0
978,CCCCN1c2ccccc2Sc2cc(/C=C(\C#N)C(=O)O)ccc21,ClCCl,452.5
775,CCCCCCc1cc(-c2cc3c4nn(CC(CC)CCCC)nc4c4cc(-c5cc6c(s5)c5ccccc5n6CC(CC)CCCC)sc4c3s2)sc1/C=C(/C#N)C(=O)O,C1CCOC1,469.0
945,CCCCN(CCCC)c1ccc2c(c1)OC1=NC(c3ccc(C(=O)O)cc3)n3c(nc4ccccc43)C1=C2,CS(C)=O,454.0
82,CC1(C)/C(=C/C=C2\SC(=S)N(CC(=O)O)C2=O)N(CC(=O)O)c2ccccc21,CCO,500.0
859,CCCCCCc1csc(-c2ccc(-c3cc(CCCCCC)c(/C=C/c4cc(-c5cc(CCCCCC)c(/C=C(\C#N)C(=O)O)s5)cc(/C=C/c5sc(-c6ccc(-c7cc(CCCCCC)cs7)c7nsnc67)cc5CCCCCC)c4OCC(CC)CCCC)s3)c3nsnc23)c1,ClC(Cl)Cl,492.0
1208,CN(CC(=O)O)c1ccc(C2=C([O-])C(=C3C=CC(=[N+](C)CC(=O)O)C=C3)C2=O)cc1,Cc1ccccc1,625.0
1338,Cc1ccc(N(c2ccccc2)c2ccc(-c3ccc(/C=C(\C#N)C(=O)O)s3)cc2)cc1,C1CCOC1,466.0
1091,CCN(CC)c1ccc(/C=C/c2sc3ccccc3[n+]2CC(=O)[O-])c(O)c1,CO,535.0
1737,c1ccc(N(c2ccccc2)c2ccc3c(c2)[nH]c2cc(-c4ccncc4)ccc23)cc1,C1COCCO1,372.0
835,CCCCCCc1cc(C=C(C#N)C(=O)O)sc1-c1ccc(-c2sc(-c3ccc(N(c4ccccc4)c4ccccc4)cc3)cc2CCCCCC)s1,ClC(Cl)Cl,489.0
608,CCCCCCOc1c(OC)cc(/C2=c3\cc/c4n3[Zn]n3c(ccc3/C(c3cc5cccc6ccc7cccc3c7c65)=C3/C=CC2=N3)/C(c2cc(OC)c(COCCCCC)c(OC)c2)=C2/C=CC(=N2)/C=4C#Cc2ccc(/C=C(/C#N)C(=O)O)s2)cc1OC,ClCCl,639.0
66,CC(C)(C)c1ccc2c(c1)c1cc(C(C)(C)C)ccc1n2-c1ccc(C#Cc2ccc3c4ccc(C#Cc5ccc(C=C(C#N)C(=O)O)cc5)cc4n(-c4ccc(C(F)(F)F)cc4)c3c2)cc1,ClCCl,385.0
85,CC1(C)C(/C=C/C=C2/N(Cc3ccc(C(=O)O)cc3)c3ccccc3C2(C)C)=[N+](Cc2ccc(C(=O)O)cc2)c2ccccc21,CO,554.0
1449,N#C/C(=C\c1ccc(-c2cc3sc4cc(-c5ccc(N(c6ccccc6)c6ccccc6)cc5)sc4c3s2)cc1)C(=O)O,ClCCl,470.0
92,CC1(C)C(/C=C2\C(=O)C(/C=C3/N(CC(=O)O)c4ccccc4C3(C)C)=C2[O-])=[N+](CC(=O)O)c2ccccc21,c1ccccc1,639.0
789,CCCCCCc1cc(-c2ccc(-c3ccc4c(c3)Sc3ccccc3N4C[C@@H](CC)CCCC)s2)sc1/C=C(\C#N)C(=O)O,ClC(Cl)Cl,494.0
1173,CCn1c2ccc(-c3ccncc3)cc2c2cc(-c3ccncc3)ccc21,C1CCOC1,327.0
124,CC1(C)CCN2CCC(C)(C)c3c2c1cc1cc(/C=C(\C#N)c2ccc(/C=C(\C#N)C(=O)O)s2)c(=O)oc31,CCO,566.0
562,CCCCCCN1c2ccc(-c3ccc(N(c4ccccc4)c4ccccc4)cc3)cc2Sc2cc(-c3ccc(/C=C(/C#N)C(=O)O)s3)ccc21,C1CCOC1,446.0
558,CCCCCCN1c2ccc(-c3ccc(/C=C(\C#N)C(=O)O)s3)cc2Sc2cc(-c3ccc(/C=C(\C#N)C(=O)O)s3)ccc21,CN(C)C=O,482.0
1039,CCCCn1c2cc(-c3ccc(-c4ccc(/C=C(\C#N)C(=O)O)s4)s3)ccc2c2ccc(N(c3ccccc3)c3ccccc3)cc21,ClCCl,489.0
572,CCCCCCN1c2ccc(/C=C(\C#N)C(=O)O)cc2Sc2cc(-c3ccc4c(c3)C(c3ccccc3OC)=[N+]3C4Cc4c5ccccc5c(-c5ccccc5OC)n4[B-]3(F)F)ccc21,C1CCOC1,638.0
943,CCCCN(CCCC)c1ccc([C+]2C([O-])[C+](c3ccc(N(C)CCOC(=O)CCC(=O)Oc4ccc5c(=C(C#N)C#N)c6cc(O)ccc6c(=C(C#N)C#N)c5c4)cc3)C2[O-])cc1,ClC(Cl)Cl,633.0
231,CCCCC(CC)CN1c2ccc(-c3ccc4c(c3)c3nc5ccccc5nc3n4CC(CC)CCCC)cc2Sc2cc(-c3ccc(/C=C(\C#N)C(=O)O)s3)ccc21,ClCCl,484.0
17,CC(C)(C)c1cc(/C2=C3\C=CC(=N3)/C(C#Cc3c4ccccc4cc4ccccc34)=c3/cc/c4n3[Zn]n3c(ccc32)/C(C#Cc2ccc(C(=O)O)cc2)=C2/C=CC(=N2)/C=4c2cc(C(C)(C)C)cc(C(C)(C)C)c2)cc(C(C)(C)C)c1,C1CCOC1,671.0
255,CCCCC(CC)Cn1c2ccc(-c3ccc4c(c3)c3nc5ccccc5nc3n4CC(CC)CCCC)cc2c2cc(-c3ccc(/C=C(/C#N)C(=O)O)o3)ccc21,ClCCl,455.0
782,CCCCCCc1cc(-c2ccc(-c3cc(CCCCCC)c(-c4ccc5c(c4)C4CCCC4N5c4ccc(C)cc4)s3)c3nsnc23)sc1/C=C(/C#N)C(=O)O,ClCCl,557.0
52,CC(C)(C)c1ccc(N(/C2=c3\cc/c4n3[Zn]n3c(ccc3/C(c3cc(C(C)(C)C)cc(C(C)(C)C)c3)=C3/C=CC2=N3)/C=C2\N=C(C=C2/C=C/C=C/C(=O)O)/C=4c2cc(C(C)(C)C)cc(C(C)(C)C)c2)c2ccc(C(C)(C)C)cc2)cc1,CCO,628.0
947,CCCCN1/C(=C/C2C(=O)/C(=C\c3cc(C(C)(C)C)[o+]c(C(C)(C)C)c3)C2[O-])C(C)(C)c2cc(C(=O)O)ccc21,ClC(Cl)Cl,688.0
1399,N#C/C(=C/c1ccc(N(c2ccccc2)c2ccccc2)cc1)C(=O)O,ClCCl,438.0
222,CCCC1(CCC)c2ccccc2-c2cc(N3c4ccc(-c5ccc(/C=C(/C#N)C(=O)O)s5)cc4C4CCCC43)ccc21,ClCCl,508.0
1309,Cc1ccc(/C2=C3\C=CC(=N3)/C(c3ccc(C)cc3)=c3/cc/c4n3[Zn]n3c2ccc3/C(c2ccc(C)cc2)=C2\N=C(C=C2C#Cc2ccc(C(=O)O)cc2)/C=4c2ccc(C)cc2)cc1,ClCCl,605.0
1022,CCCCc1ccc(/C2=C3\C=CC(=N3)/C(c3ccc(CCCC)cc3)=c3/cc/c4n3[Zn]n3c2ccc3/C(c2ccc(CCCC)cc2)=C2/C=C(/C=C/C=C(C(=O)O)C(=O)O)C(=N2)/C=4c2ccc(CCCC)cc2)cc1,CN(C)C=O,611.0
1243,COc1ccc(N(c2ccc(/C=C/c3nc4ccc(C(=O)O)cc4nc3/C=C/c3ccc(N(c4ccc(OC)cc4)c4ccc(OC)cc4)cc3)cc2)c2ccc(OC)cc2)cc1,ClC(Cl)Cl,482.0
280,CCCCCC1(CCCCC)COc2c(-c3ccc(N(c4ccccc4)c4ccccc4)cc3)sc(-c3nc4sc(-c5sc(-c6ccc(C=C(C#N)C(=O)O)s6)c6c5OCC(CCCCC)(CCCCC)CO6)nc4s3)c2OC1,C1CCOC1,510.0
1536,N#C/C(=C\c1ccc(/C=C/c2ccc(N(c3ccccc3)c3ccccc3)cc2)n1-c1ccc(C#N)cc1)C(=O)O,ClCCl,490.0
158,CC1(C)c2ccccc2-c2ccc(N(c3ccc(-c4cc5sc(-c6ccc(C=C(C#N)C(=O)O)c(F)c6)cc5s4)cc3)c3ccc4c(c3)C(C)(C)c3ccccc3-4)cc21,C1CCOC1,422.0
976,CCCCN1c2ccccc2Sc2cc(-c3sc(/C=C(\C#N)C(=O)O)c4c3OCCO4)ccc21,ClCCl,466.0
161,CC1(C)c2ccccc2-c2ccc(N(c3ccc(-c4cnc(-c5ccc(/C=C(\C#N)C(=O)O)s5)c5nsnc45)cc3)c3ccc4c(c3)C(C)(C)c3ccccc3-4)cc21,ClCCl,575.0
1657,O=C(O)CN1C(=O)/C(=C/c2ccc(N(c3ccc(/C=C4\SC(=S)N(CC(=O)O)C4=O)cc3)c3ccc(N4c5ccccc5Sc5ccccc54)cc3)cc2)SC1=S,CN(C)C=O,476.0
494,CCCCCCCCn1c(-c2ccc(C3=C(C)C4=C(CCCCC)c5c(C)c(C=C(C#N)C(=O)O)c(C)n5[B-](F)(F)[N+]4=C3C)cc2)nc2c3ccccc3c3ccccc3c21,ClC(Cl)Cl,532.0
1311,Cc1ccc(C(c2ccc(C)cc2)c2ccc(N3c4ccc(/C=C(\C#N)C(=O)O)cc4Sc4cc(-c5ccc(N(c6ccccc6)c6cccc7ccccc67)cc5)ccc43)cc2)cc1,C1CCOC1,474.0
1706,O=C(O)c1ccc(/C=C/c2cccc(N(c3ccccc3)c3ccccc3)c2)cc1,C1CCOC1,385.0
541,CCCCCCCCn1nc2c(-c3ccc(N4c5ccccc5C5C6CCC(C6)C54)cc3)c3nc(-c4ccccc4)c(-c4ccccc4)nc3c(-c3ccc(C(=O)O)s3)c2n1,ClCCl,529.0
490,CCCCCCCCc1cc(C=C(C#N)C(=O)O)sc1-c1ccc(-c2sc(-c3cc4c5cc(OC)ccc5n(C(CC)CCCCC)c4c4ccccc34)cc2CCCCCCCC)s1,ClCCl,477.0
1237,COc1ccc(C2N=C(c3ccc(N(c4ccccc4)c4ccc(C=C(C#N)C(=O)O)cc4)cc3)NC2c2ccc(OC)cc2)cc1,CCO,405.0
1295,Cc1cc(C)c(/C2=C3\C=CC(=N3)/C(c3c(C)cc(C)cc3C)=c3/cc/c4n3[Zn]n3c2ccc3/C(c2c(C)cc(C)cc2C)=C2\N=C(/C=4c3c(C)cc(C)cc3C)c3nc4ccc(C(=O)O)cc4nc32)c(C)c1,CO,621.0
1191,CN(C)c1ccc(/C2=C3\C=CC(=N3)/C(c3ccc(C(=O)O)cc3)=c3/cc/c4n3[Zn]n3c2ccc3/C(c2ccc(C(=O)O)cc2)=C2/C=CC(=N2)/C=4c2ccc(N(C)C)cc2)cc1,CN(C)C=O,560.0
931,CCCCCOc1ccc(N(/C2=c3\cc/c4n3[Zn]n3c(ccc3/C(c3cc(C(C)(C)C)cc(C(C)(C)C)c3)=C3/C=CC2=N3)/C(C#Cc2ccc(C(=O)O)cc2)=C2/C=CC(=N2)/C=4c2cc(C(C)(C)C)cc(C(C)(C)C)c2)c2ccc(OCCCCC)cc2)cc1,CCO,665.0
445,CCCCCCCCN1c2ccccc2Sc2cc(/C=C\c3sc(-c4ccc(-c5ccc(/C=C(\C#N)C(=O)O)s5)s4)cc3/C=C/c3ccc4c(c3)Sc3ccccc3N4CCCCCCCC)ccc21,ClCCl,508.0
1155,CCO[Si](OCC)(OCC)c1ccc2oc(-c3cc4ccc(N(CC)CC)cc4oc3=O)nc2c1,Cc1ccccc1,420.0
505,CCCCCCCCn1c2c(c3ccccc31)-c1c(c3ccccc3n1CCCCCCCC)-c1c(c3cc(-c4ccc(/C=C(\C#N)C(=O)O)s4)ccc3n1CCCCCCCC)-c1c-2c2ccccc2n1CCCCCCCC,ClCCl,460.0
1148,CCN1c2ccccc2Sc2cc(C=C(C#N)C(=O)O)ccc21,CC#N,400.0
1058,CCCCn1c2ccc(-c3ccc(/C=C(\C#N)C(=O)O)s3)cc2c2cc(-c3ccc(-c4ccc(OC)cc4)s3)ccc21,ClCCl,436.0
1270,COc1nc(-c2ccc(C=C(C#N)C(=O)O)s2)sc1-c1ccc(N(c2ccc(C)cc2)c2ccc(C)cc2)cc1,C1CCOC1,503.0
1700,O=C(O)c1ccc(/C2=C3\C=CC(=N3)/C(c3ccccc3)=c3/cc/c4n3[Zn]n3c(ccc32)/C(c2ccccc2)=C2/C=CC(=N2)/C=4c2ccccc2)cc1,ClC(Cl)Cl,594.0
829,CCCCCCc1cc(/C=C(/C#N)C(=O)O)sc1-c1ccc2c(c1)C1CCCC1N2c1ccc(C=C(c2ccccc2)c2ccccc2)cc1,ClC(Cl)Cl,523.0
1330,Cc1ccc(N(c2ccc(C)cc2)c2ccc(-n3ccc4cc(-c5cc(C)c(/C=C(\C#N)C(=O)O)s5)ccc43)cc2)cc1,ClC(Cl)Cl,430.0
847,CCCCCCc1ccc(-c2ccc(-c3ccc4c(c3)Sc3cc(/C=C(\C#N)C(=O)O)ccc3N4CCCCCC)s2)s1,ClCCl,470.0
586,CCCCCCN1c2ccc(C=C(C#N)C(=O)O)cc2Sc2cc(-c3ccc4c(c3)c3ccccc3n4CCCCCC)ccc21,ClCCl,470.0
1409,N#C/C(=C\C=C\C1=C2SC(c3ccccc3)=CC(c3ccccc3)=C2CCC1)C(=O)O,ClCCl,596.0
1133,CCN1C(=O)/C(=c2\s/c(=C\c3ccc4c(c3)C3CCCC3N4c3ccc(C=C(c4ccccc4)c4ccccc4)cc3)c(=O)n2CC(=O)O)SC1=S,ClC(Cl)Cl,547.3333333333334
837,CCCCCCc1cc(C=C(C#N)C(=O)O)sc1-c1ccc(C=C2c3ccc(N(c4ccccc4)c4ccccc4)cc3-c3cc(N(c4ccccc4)c4ccccc4)ccc32)s1,ClCCl,422.0
1012,CCCC[C@H](CC)CN1c2ccccc2Sc2cc(-c3ccc(/C=C(/C#N)C(=O)O)s3)ccc21,C1CCOC1,444.0
225,CCCCC(CC)CN1C(=O)/C(=C2/C(=O)N(CC(CC)CCCC)c3cc(-c4ccc(/C=C(\C#N)C(=O)O)s4)ccc32)c2ccc(-c3ccc4c(c3)C3CCCC3N4c3ccc(C)cc3)cc21,ClCCl,579.0
1672,O=C(O)CN1C(=O)/C(=C\c2ccc(/C=C/c3ccc(N(c4ccccc4)c4ccccc4)cc3)cc2)SC1=S,ClCCl,468.0
658,CCCCCCOc1ccc(N(c2ccc(-c3cc4c(s3)c3sc(/C=C(\C#N)C(=O)O)cc3n4-c3ccc(OCCCCCC)cc3OCCCCCC)cc2)c2ccc3c(c2)sc2ccsc23)cc1,ClCCl,531.0
750,CCCCCCOc1ccc(N2c3ccccc3Sc3cc(/C=C/C4C/C(=C(\C#N)C(=O)O)CC(C)(C)C4)ccc32)cc1,ClCCl,491.0
1486,N#C/C(=C\c1ccc(-c2ccc(-c3ccc(N(c4ccccc4)c4ccccc4)cc3)s2)s1)C(=O)O,CN(C)C=O,467.0
516,CCCCCCCCn1c2ccccc2c2cc(N3c4ccccc4Sc4cc(/C=C(\C#N)C(=O)O)ccc43)ccc21,ClCCl,480.0
726,CCCCCCOc1ccc(N(c2ccc(OCCCCCC)cc2)c2ccc(-c3ncc(-c4sc(-c5cc(CCCCCC)c(/C=C(\C#N)C(=O)O)s5)cc4CCCCCC)c4nsnc34)cc2)cc1,ClCCl,548.0
1667,O=C(O)CN1C(=O)/C(=C\C=C\c2ccc(N(c3ccccc3)c3ccccc3)cc2)SC1=S,CO,476.0
621,CCCCCCOc1c2ccccc2c(OCCCCCC)c2cc(N(c3ccccc3)c3ccc4c(c3)Sc3cc(/C=C(\C#N)C(=O)O)ccc3N4CCCCCC)ccc12,C1CCOC1,440.0
143,CC1(C)c2ccccc2-c2ccc(-c3ccc4c(c3)Sc3cc(-c5ccc(C#Cc6cc(-c7cccnc7)cc(-c7cccnc7)c6)s5)ccc3N4c3ccc4c(c3)C(C)(C)c3ccccc3-4)cc21,CN(C)C=O,412.0
1467,N#C/C(=C\c1ccc(-c2ccc(-c3ccc(/C=C/c4ccc(N(c5ccccc5)c5ccccc5)cc4)s3)s2)s1)C(=O)O,ClCCl,424.0
660,CCCCCCOc1ccc(N(c2ccc(/C=C/C3C/C(=C(\C#N)C(=O)O)CC(C)(C)C3)cc2)c2ccc(OCCCCCC)cc2)cc1,ClCCl,504.0
1484,N#C/C(=C\c1ccc(-c2ccc(-c3ccc(N(c4ccccc4)c4ccccc4)cc3)s2)cc1)C(=O)O,ClCCl,440.0
1068,CCCCn1c2ccc(C#Cc3ccc(/C=C(\C#N)C(=O)O)s3)cc2c2nc3ccccc3nc21,C1CCOC1,401.0
990,CCCCOC(=O)CCCN1C(=CC2=C([O-])C(=CC3=[N+](CCCC(=O)OCCCC)c4ccccc4C3(C)C)C2=O)C(C)(C)c2ccccc21,CCO,631.0
1124,CCN1C(=C/C(C)=c2\s/c(=C3\SC(=S)N(CC(=O)O)C3=O)n(CC(=O)O)c2=O)Sc2ccccc21,CCO,500.0
492,CCCCCCCCc1nc2c(-c3ccc(-c4ccc(N(c5ccccc5)c5ccccc5)cc4)s3)ccc(-c3ccc(/C=C(\C#N)C(=O)O)s3)c2nc1CCCCCCC,ClC(Cl)Cl,516.0
1185,CCn1c2ccccc2c2cc(/N=C/c3ccc(N(c4ccccc4)c4ccc(/C=C(\C#N)C(=O)O)cc4)cc3)ccc21,ClCCl,437.0
4,C(=C/c1ccc(N2CCOCC2)c2nsnc12)\c1ccncc1,ClCCl,454.0
206,CCC1(CC)c2cc(/C=C/c3ccc(C=C(C#N)C(=O)O)o3)ccc2-c2ccc(N(c3ccccc3)c3ccccc3)cc21,C1CCOC1,459.0
486,CCCCCCCCc1cc(-n2c3ccc(C(C)(C)C)cc3c3cc(C(C)(C)C)ccc32)sc1-c1cc2c(s1)-c1sc(/C=C(\C#N)C(=O)O)cc1C2(C)C,C1CCOC1,485.0
221,CCCC1(CCC)c2ccccc2-c2cc(N3c4ccc(-c5ccc(-c6ccc(/C=C(/C#N)C(=O)O)s6)c6nsnc56)cc4C4CCCC43)ccc21,ClCCl,550.0
1699,O=C(O)c1ccc(/C2=C3\C=CC(=N3)/C(c3ccccc3)=c3/cc/c4n3[Zn]n3c(ccc32)/C(c2ccccc2)=C2/C=CC(=N2)/C=4)cc1,ClCCl,542.0
1653,O=C(O)CN1C(=O)/C(=C/c2ccc(-c3ccc4c(c3)c3ccccc3n4-c3ccc(N(c4ccc(-n5c6ccccc6c6ccccc65)cc4)c4ccc(-n5c6ccccc6c6ccccc65)cc4)cc3)s2)SC1=S,C1CCOC1,472.0
459,CCCCCCCCOc1ccc(-c2ccc(C(=Cc3ccc(N4c5ccc(-c6ncc(-c7ccc(/C=C(\C#N)C(=O)O)s7)c7nc(-c8ccccc8)c(-c8ccccc8)nc67)cc5C5CCCC54)cc3)c3ccc(-c4ccc(OCCCCCCCC)cc4OCCCCCCCC)cc3)cc2)c(OCCCCCCCC)c1,ClCCl,557.0
850,CCCCCCc1ccc(-c2ccc3c(c2)Oc2cc(C=C(C#N)C(=O)O)ccc2N3CCCCCC)s1,C1CCOC1,465.0
437,CCCCCCCCN1c2ccc(/C=C(\C#N)C(=O)O)cc2Oc2cc(-c3ccc(OCCCC)cc3OCCCC)ccc21,ClCCl,506.0
1703,O=C(O)c1ccc(/C2=C3\C=CC(=N3)/C(c3ccccc3)=c3/cc/c4n3[Zn]n3c2ccc3/C(c2ccccc2)=C2/C=CC(=N2)/C=4c2ccc(N3c4ccccc4C=Cc4ccccc43)cc2)cc1,ClCCl,592.0
853,CCCCCCc1ccc(-c2ccc3c(c2)c2cc(-c4ccc(CCCCCC)s4)ccc2n3-c2ccc3c(c2)C(CCCCCC)(CCCCCC)c2cc(/C=C(\C#N)c4ccc(-c5ccc(/C=C(\C#N)C(=O)O)s5)s4)ccc2-3)s1,ClCCl,476.0
31,CC(C)(C)c1cc(CN2C(=O)/C(=c3\s/c(=C/c4ccc(-c5ccc(-c6ccc(-c7ccc8c(c7)C7CCCC7N8c7ccc(C=C(c8ccccc8)c8ccccc8)cc7)s6)s5)s4)c(=O)n3CC(=O)O)SC2=S)cc(C(C)(C)C)c1,ClC(Cl)Cl,550.0
1368,Cn1c(-c2ccc(/C=C(\C#N)C(=O)O)cc2)ccc1-c1ccc(N(c2ccccc2)c2ccccc2)cc1,C1CCOC1,437.0
950,CCCCN1C(=O)C2=C(c3ccc(-c4ccc(/C=C(\C#N)C(=O)O)s4)cc3)N(CCCC)C(=O)C2=C1c1ccc(-c2ccc(N(c3ccc(OC)cc3)c3ccc(OC)cc3)cc2)cc1,ClCCl,524.0
1145,CCN1c2ccccc2CCc2cc(/C=C(\C#N)C(=O)O)ccc21,CC#N,368.0
1111,CCN(CC)c1ccc2c(c1)OC(=O)[C@@H](C(=O)O)C2,CC#N,445.0
730,CCCCCCOc1ccc(N(c2ccc(OCCCCCC)cc2)c2ccc(-c3sc(-c4cc5sc(C=C(C#N)C(=O)O)cc5s4)c4c3OCCO4)cc2)cc1,ClC(Cl)Cl,552.0
1530,N#C/C(=C\c1ccc(/C=C/c2ccc(N(c3ccccc3)c3ccccc3)cc2)cc1)C(=O)O,C1CCOC1,433.0
1108,CCN(CC)c1ccc(N=Nc2ccc([N+](=O)[O-])cc2OC)cc1,CC#N,496.0
674,CCCCCCOc1ccc(N(c2ccc(OCCCCCC)cc2)c2ccc(-c3cc4c(s3)-c3sc(-c5ccc6cc(C(=O)O)c(=O)[nH]c6c5)cc3C4(CCCCCC)CCCCCC)cc2)cc1,ClCCl,504.0
540,CCCCCCCCn1nc2c(-c3ccc(N4c5ccccc5C5C6CCC(C6)C54)cc3)c3nc(-c4ccccc4)c(-c4ccccc4)nc3c(-c3ccc(/C=C(\C#N)C(=O)O)s3)c2n1,ClCCl,546.0
382,CCCCCCCCCCCCn1c2ccccc2c2cc(-c3nc4ccc(-c5ccc(C=C(C#N)C(=O)O)s5)cc4nc3-c3ccc4c(c3)c3ccccc3n4CCCCCCCCCCCC)ccc21,ClCCl,445.0
1136,CCN1C(=O)C(=c2sc(=Cc3ccc4c(c3)C3CCCC3N4c3ccc(C=C(c4ccccc4)c4ccccc4)cc3)c(=O)n2CC(=O)O)SC1=S,ClCCl,664.0
887,CCCCCCn1c2cc(/C=C(\C#N)C(=O)O)sc2c2sc(-c3ccc(N(c4ccccc4)c4ccccc4)cc3)cc21,ClCCl,484.0
734,CCCCCCOc1ccc(N(c2ccc(OCCCCCC)cc2)c2ccc(-c3sc(-c4nc5sc(-c6sc(-c7ccc(C=C(C#N)C(=O)O)s7)c7c6OCC(CCCCC)(CCCCC)CO7)nc5s4)c4c3OCC(CCCCC)(CCCCC)CO4)cc2)cc1,C1CCOC1,518.0
89,CC1(C)C(/C=C2\C(=O)C(/C=C3/N(CC(=O)O)c4ccccc4C3(C)C)=C2[O-])=[N+](CC(=O)O)c2ccccc21,CO,620.0
585,CCCCCCN1c2ccc(C=C(C#N)C(=O)O)cc2Sc2cc(-c3ccc(N(c4ccc5c(c4)C(CCC)(CCC)c4ccccc4-5)c4ccc5c(c4)C(CCC)(CCC)c4ccccc4-5)cc3)ccc21,ClCCl,464.0
737,CCCCCCOc1ccc(N(c2ccc(OCCCCCC)cc2)c2ccc(-n3c4cc(/C=C(\C#N)C(=O)O)sc4c4sc(-c5ccc6c(c5)C5CCCC5N6c5ccc6c(c5)C(CCC)(CCC)c5c7c(c8c(c5-6)C(CCC)(CCC)c5ccccc5-8)C(CCC)(CCC)c5ccccc5-7)cc43)cc2)cc1,ClCCl,553.0
1265,COc1ccc(N2c3ccccc3Sc3cc(/C=C/c4nc5ccc(C(=O)O)cc5nc4/C=C/c4ccc5c(c4)Sc4ccccc4N5c4ccc(OC)cc4)ccc32)cc1,ClC(Cl)Cl,477.3333333333333
1276,C[N+]1=C(/C=C/c2ccc(N(CCC(=O)O)CCC(=O)O)cc2)C(C)(C)C2=C1C=CC1C=CC=CC21,CCO,578.0
179,CC1CC(C)(C)N(C)c2ccc(C=Cc3ccc(C=Cc4ccc(C=C(C#N)C(=O)O)s4)s3)cc21,CCO,492.0
592,CCCCCCN1c2ccccc2Oc2cc(/C=C(\C#N)C(=O)O)ccc21,C1CCOC1,474.0
384,CCCCCCCCCCOc1cc2cc(C#Cc3ccc(/C=C(\C#N)C(=O)O)cc3)c(=O)oc2cc1OCCCCCCCCCC,CC#N,398.0
1001,CCCCOc1ccc(N(c2ccc(OCCCC)cc2)c2ccc3c4ccc(-c5ccc(/C=C(\C#N)C(=O)O)s5)cc4n(CCCC)c3c2)cc1,ClCCl,495.0
301,CCCCCCC(CCCC)COc1ccc(N(c2ccc(OCC(CCCC)CCCCCC)cc2)c2ccc3c4ccc(C#Cc5ccc(C=C(C#N)C(=O)O)s5)c5cccc(c6cccc2c63)c54)cc1,C1CCOC1,545.0
1219,COC(=O)c1ccc(OCCCCCCn2c(/C=C/c3ccc(N(c4ccccc4)c4ccccc4)cc3)ccc2/C=C(\C#N)C(=O)O)cc1,ClCCl,488.0
1063,CCCCn1c2ccc(/C=C(\C#N)C(=O)O)cc2c2cc(-c3ccc(OC)cc3)ccc21,ClCCl,407.0
615,CCCCCCOc1c(OCCCCCC)c(-c2ccc(/C=C(\C#N)C(=O)O)s2)c2nsnc2c1-c1ccc(N(c2ccccc2)c2ccccc2)cc1,C1CCOC1,466.0
638,CCCCCCOc1ccc(-c2ccc3c(c2)Sc2cc(/C=C(\C#N)C(=O)O)ccc2N3CCCCCC)cc1,ClCCl,474.0
1723,O=C1NC(=O)/C(=C/c2ccc(N(c3ccccc3)c3ccccc3)cc2)N1,C1CCOC1,427.0
393,CCCCCCCCCc1nc(-c2nc(CCCCCCCCC)c(-c3ccc(/C=C(\C#N)C(=O)O)s3)s2)sc1-c1ccc(N(c2ccccc2)c2ccccc2)cc1,C1CCOC1,432.0
328,CCCCCCCCCCC1(CCCCCCCC)C(/C=C2/C(=O)C(/C=C3\N(C)c4ccc(-c5ccc(C=C(C#N)C(=O)O)cc5)cc4C3(C)C)=C2[O-])=[N+](CCCCCC)c2ccccc21,ClC(Cl)Cl,654.0
396,CCCCCCCCN(CCCCCCCC)c1ccc(C#Cc2c3ccccc3c(C#Cc3ccc(C(=O)O)c(F)c3)c3ccccc23)cc1,C1CCOC1,500.0
476,CCCCCCCC[N+]1=C(C=C2C(=O)C(/C=C3/N(CC)c4ccc(N(c5ccc(C)cc5)c5ccc(C)cc5)cc4C3(C)C)=C2[O-])C(C)(C)c2cc(C(=O)O)ccc21,CCO,652.0
791,CCCCCCc1cc(-c2ccc(/C3=c4\cc/c5n4[Zn]n4c(ccc4/C(c4ccc(C)cc4)=C4/C=CC3=N4)/C(c3ccc(C)cc3)=C3/C=CC(=N3)/C=5c3ccc(C)cc3)cc2)sc1/C=C(/C#N)C(=O)O,ClC(Cl)Cl,565.0
173,CC1CC(C)(C)N(C)c2ccc(-c3ccc(C=C(C#N)C(=O)O)s3)cc21,CCO,441.0
921,CCCCCCn1c2ccccc2c2ccc(N3c4ccccc4Sc4cc(/C=C(\C#N)C(=O)O)ccc43)cc21,ClCCl,481.0
272,CCCCC1(CCCC)c2ccccc2-c2ccc(-c3ccc4c(c3)C(=O)c3cc(-c5ccc(-c6ccc(/C=C(\C#N)C(=O)O)s6)s5)ccc3-4)cc21,C1CCOC1,398.0
229,CCCCC(CC)CN1C(=O)C2=C(c3ccc(-c4ccc5c(c4)N(c4ccccc4)C4CCCC54)s3)N(CC(CC)CCCC)C(=O)C2=C1c1ccc(-c2ccc(C=C(C#N)C(=O)O)o2)cc1,C1CCOC1,596.0
570,CCCCCCN1c2ccc(/C=C(\C#N)C(=O)O)cc2Sc2cc(-c3ccc(N(c4ccccc4)c4cccc5ccccc45)cc3)ccc21,C1CCOC1,453.0
547,CCCCCCN(c1ccc(/C=C(\C#N)c2ccc(-c3ccc(/C=C(/C#N)C(=O)O)cc3)cc2)cc1)c1ccc(/C=C(\C#N)c2ccc(-c3ccc(/C=C(/C#N)C(=O)O)cc3)cc2)cc1,CN(C)C=O,446.0
1481,N#C/C(=C\c1ccc(-c2ccc(-c3ccc(N(c4ccccc4)c4ccccc4)cc3)cc2)cc1)C(=O)O,C1CCOC1,380.0
1665,O=C(O)CN1C(=O)/C(=C/c2ccc3c(c2)C2CCCC2N3c2ccc(C=C(c3ccccc3)c3ccccc3)cc2)SC1=S,ClC(Cl)Cl,514.0
1032,CCCCn1c(-c2ccc(N(c3ccccc3)c3ccccc3)cc2)nc2c(-c3ccc(/C=C(\C#N)C(=O)O)cc3)ccc(-c3ccc(/C=C(\C#N)C(=O)O)cc3)c21,C1CCOC1,365.0
470,CCCCCCCC[N+]1=C(/C=C2/C(=O)C(/C=C3/N(CC)c4ccc(N(c5ccc(OCCCCCC)cc5)c5ccc(OCCCCCC)cc5)cc4C3(C)C)=C2[O-])C(C)(C)c2cc(C(=O)O)ccc21,CCO,660.0
482,CCCCCCCCc1cc(-c2ccc(-c3cc(CCCCCCCC)c(-c4ccc(-c5ccc(N(c6ccccc6)c6ccccc6)cc5)s4)s3)c3nsnc23)sc1-c1ccc(-c2ccc(/C=C(\C#N)C(=O)O)cc2)s1,ClCCl,534.0
1002,CCCCOc1ccc(N(c2ccc(OCCCC)cc2)c2ccc3nc(/C=C(\C#N)C(=O)O)ccc3c2)cc1,ClC(Cl)Cl,466.0
1378,N#C/C(=C/c1ccc(-c2ccc(-c3ccc(N4c5ccccc5C5C6CCC(C6)C54)cc3)s2)cc1)C(=O)O,ClCCl,467.0
194,CCC1(CC)c2cc(-c3ccc(/C=C(\C#N)C(=O)O)s3)ccc2-c2ccc(-c3ccc(-c4ccc5c(c4)C(CC)(CC)c4cc(N(c6ccccc6)c6cccc7ccccc67)ccc4-5)s3)cc21,C1CCOC1,423.0
262,CCCCC(CC)Cn1nc2c3cc(C=C(C#N)C(=O)O)sc3c3sc(-c4ccc(N(c5ccccc5)c5ccccc5)cc4)cc3c2n1,C1CCOC1,434.0
602,CCCCCCN1c2ccccc2Sc2cc(/C=C/c3cc(-c4ccc(/C=C(\C#N)C(=O)O)s4)c(/C=C/c4ccc5c(c4)Sc4ccccc4N5CCCCCC)cc3-c3ccc(/C=C(\C#N)C(=O)O)s3)ccc21,CCO,382.0
1062,CCCCn1c2ccc(/C=C(\C#N)C(=O)O)cc2c2cc(-c3ccc(-c4ccc(OC)cc4)s3)ccc21,ClCCl,408.0
1576,N#CC(=Cc1ccc(-c2ccc(-c3ccc(-c4ccc(N(c5ccccc5)c5ccccc5)cc4)s3)s2)s1)C(=O)O,ClC(Cl)Cl,503.0
526,CCCCCCCCn1nc2c(-c3ccc(/C=C(\C#N)C(=O)O)cc3)c3nc(-c4ccccc4)c(-c4ccccc4)nc3c(-c3cccc4c3C3C5CCC(C5)C3N4c3ccccc3)c2n1,ClCCl,602.0
310,CCCCCCC1(CCCCCC)c2cc(-c3ccc(C=C4C(=O)N(CC)C(=S)N(CC)C4=O)s3)ccc2-c2ccc(N(c3ccc(C(=O)O)cc3)c3ccc(C(=O)O)cc3)cc21,C1CCOC1,504.0
1366,Cc1sc(/C=C/c2ccc(N(c3ccccc3)c3ccccc3)cc2)cc1C1=C(c2cc(/C=C(\C#N)C(=O)O)sc2C)CCC1,ClCCl,380.0
1281,Cc1c(-c2ccc(CCC(=O)O)cc2)c(/C=C/C2=C(C#N)C(=C(C#N)C#N)OC2(C)C)n2ccccc12,ClCCl,636.0
898,CCCCCCn1c2ccc(C=C(C#N)c3ccc(-c4ccc(/C=C(/C#N)C(=O)O)cc4)cc3)cc2c2cc(/C=C(\C#N)c3ccc(-c4ccc(/C=C(/C#N)C(=O)O)cc4)cc3)ccc21,CN(C)C=O,419.0
1034,CCCCn1c(/C=C/c2ccc(/C=C(/C#N)C(=O)O)n2-c2ccc(-c3ccc(N(c4ccccc4)c4ccccc4)cc3)cc2)cc2cc(-c3ccc(N(c4ccccc4)c4ccccc4)cc3)ccc21,CCO,437.0
345,CCCCCCCCCCCCN1c2ccc(/C=C(\C#N)C(=O)O)cc2Sc2cc(-c3ccc(-c4ccc5c(c4)Sc4cc(/C=C(\C#N)C(=O)O)ccc4N5CCCCCCCCCCCC)c4nsnc34)ccc21,CN(C)C=O,471.0
350,CCCCCCCCCCCCN1c2ccccc2Sc2cc(-c3ccc(-c4ccc5c(c4)Sc4cc(/C=C(\C#N)C(=O)O)ccc4N5CCCCCCCCCCCC)c4nn(CCCCCCCC)nc34)ccc21,CCO,474.0
411,CCCCCCCCN(c1ccc(C=C2C(=O)NC(=S)NC2=O)cc1)c1ccc(C=C2C(=O)NC(=S)NC2=O)cc1,C1CCOC1,506.0
795,CCCCCCc1cc(-c2ccc(/C=C(\C#N)C(=O)O)s2)sc1-c1cccs1,CS(C)=O,451.0
455,CCCCCCCCOc1cc2c(cc1OCCCCCCCC)c1cc(-c3ccc(-c4ccc(N(c5ccc(OC)cc5)c5ccc(OC)cc5)cc4)c4nsnc34)sc1c1sc(CC(CN)C(O)O)cc21,C1CCOC1,526.0
1590,N#CC(=Cc1ccc(-c2ccc(N(c3ccccc3)c3ccccc3)cc2)o1)C(=O)O,ClCCl,486.0
1094,CCN(CC)c1ccc(/C=C/c2sc3ccccc3[n+]2CCC(=O)[O-])cc1,CO,536.0
135,CC1(C)c2cc(C=C(C#N)C(=O)O)ccc2-c2ccc(-c3ccc(N(c4ccccc4)c4ccccc4)cc3)cc21,C1CCOC1,402.0
204,CCC1(CC)c2cc(/C=C(\C#N)C(=O)O)sc2-c2sc(-c3ccc(N(c4ccccc4)c4ccccc4)cc3)cc21,ClC(Cl)Cl,491.0
1095,CCN(CC)c1ccc(/C=C/c2sc3ccccc3[n+]2CCCS(=O)(=O)[O-])c(O)c1,CO,547.0
200,CCC1(CC)c2cc(-c3ccc(/C=C(\C#N)C(=O)O)s3)ccc2-c2ccc(N(c3ccccc3)c3cccc4ccccc34)cc21,C1CCOC1,420.5
994,CCCCOc1ccc(-c2ccc3c(c2)Sc2cc(-c4ccc(-c5ccc(/C=C(\C#N)C(=O)O)s5)c5nsnc45)ccc2N3CCCC)c(OCCCC)c1,ClCCl,498.0
1315,Cc1ccc(C2(c3ccc(C)cc3)c3cccc4c3N3c5c2cccc5C(c2ccc(C)cc2)(c2ccc(C)cc2)c2cc(-c5ccc(/C=C(\C#N)C(=O)O)s5)cc(c23)C4(c2ccc(C)cc2)c2ccc(C)cc2)cc1,ClCCl,488.0
1041,CCCCn1c2cc(-c3ccc(-c4cnccn4)s3)ccc2c2ccc(N(c3ccccc3)c3ccccc3)cc21,C1COCCO1,402.0
319,CCCCCCCCC(CCCCCC)Cn1c2cc(C=C(C#N)C(=O)O)c3cccc4c5cccc6c(N(c7ccc(OCCCCCC)cc7)c7ccc(OCCCCCC)cc7)cc1c(c65)c2c34,C1CCOC1,573.0
144,CC1(C)c2ccccc2-c2ccc(-c3ccc4c(c3)Sc3cc(-c5ccc(C#Cc6ccc(C(=O)O)cc6)s5)ccc3N4c3ccc4c(c3)C(C)(C)c3ccccc3-4)cc21,CN(C)C=O,418.0
417,CCCCCCCCN1C(=O)/C(=C2/C(=O)N(CCCCCCCC)c3cc(-c4ccc(/C=C(/C#N)C(=O)O)s4)ccc32)c2ccc(-c3ccc(N(c4ccc(OC)cc4)c4ccc(OC)cc4)cc3)cc21,ClCCl,584.0
627,CCCCCCOc1ccc(-c2ccc(-c3c(CC(CC)CCCC)c4cc(-c5ccc(OCCCCCC)cc5OCCCCCC)ccn4c3-c3ccc(/C=C(\C#N)C(=O)O)s3)cc2)c(OCCCCCC)c1,ClCCl,610.0
794,CCCCCCc1cc(-c2ccc(/C=C(\C#N)C(=O)O)s2)sc1-c1ccc(/C=C(/C#N)C(=O)O)s1,CS(C)=O,485.0
717,CCCCCCOc1ccc(N(c2ccc(OCCCCCC)cc2)c2ccc(-c3ccc(C=C(C#N)C(=O)O)o3)cc2)cc1,ClC(Cl)Cl,506.0
317,CCCCCCCCC(CCCCCC)COc1ccc(-c2cc3c4c5c2cccc5c2cccc5c(C#Cc6ccc(-c7ccc(C(=O)O)cc7)c7nsnc67)cc(c4c52)n3CC(CCCCCC)CCCCCCCC)cc1,C1CCOC1,512.0
1319,Cc1ccc(N(/C2=C3\C=CC(=N3)/C(c3ccc(C(=O)O)cc3)=c3/cc/c4n3[Zn]n3c(ccc32)/C(c2c(C)cc(C)cc2C)=C2/C=CC(=N2)/C=4N(c2ccc(C)cc2)c2ccc(C)cc2)c2ccc(C)cc2)cc1,ClCCl,636.0
172,CC1CC(C)(C)N(C)c2ccc(-c3ccc(-c4ccc(C=C(C#N)C(=O)O)s4)s3)cc21,CCO,462.0
364,CCCCCCCCCCCCc1cc(-c2ccc(N3c4ccc(-c5ccc(OC)cc5)cc4C4C5CCC(C5)C43)cc2)sc1-c1cc2sc(/C=C(/C#N)C(=O)O)cc2s1,ClCCl,498.0
1051,CCCCn1c2ccc(-c3ccc(-c4ccc(C(=O)O)cc4)s3)cc2c2cc(-c3ccc(-c4ccc(C(=O)O)cc4)s3)ccc21,C1COCCO1,383.0
823,CCCCCCc1cc(-c2sc(-c3sc(/C=C(\C#N)C(=O)O)cc3CCCCCC)cc2CCCCCC)sc1-c1ccc(N(c2ccc3c(c2)C(C)(C)c2ccccc2-3)c2ccc3c(c2)C(C)(C)c2ccccc2-3)cc1,C1CCOC1,430.0
1299,Cc1cc(C)c(/C2=C3\C=CC(=N3)/C(c3ccc(C(=O)O)cc3)=c3/cc/c4n3[Zn]n3c2ccc3/C(c2c(C)cc(C)cc2C)=C2/C=CC(=N2)/C=4c2c(C)cc(C)cc2C)c(C)c1,ClCCl,592.0
1246,COc1ccc(N(c2ccc(C=Cc3ccc(/C=C/c4ccc(N(c5ccc(OC)cc5)c5ccc(-c6ccc(/C=C(/C#N)C(=O)O)s6)cc5)cc4)cc3)cc2)c2ccc(-c3ccc(/C=C(/C#N)C(=O)O)s3)cc2)cc1,CCO,480.0
1620,N#CC(=Cc1ccc(N(c2ccccc2)c2ccccc2)cc1)C(=O)O,C1CCOC1,365.0
22,CC(C)(C)c1cc(/C2=C3\C=CC(=N3)/C(CCCC(=O)O)=c3/cc/c4n3[Zn]n3c(ccc32)/C(CCCC(=O)O)=C2/C=CC(=N2)/C=4c2cc(C(C)(C)C)cc(C(C)(C)C)c2)cc(C(C)(C)C)c1,CCO,603.0
1008,CCCCSC1=C(SCCCC)SC(=Cc2ccc(/C=C(\C#N)C(=O)O)s2)S1,C1CCOC1,448.0
45,CC(C)(C)c1ccc(C2=CC(=Cc3ncc(/C=C(\C#N)C(=O)O)s3)C=C(c3ccc(C(C)(C)C)cc3)O2)cc1,ClCCl,543.0
1306,Cc1ccc(/C2=C3\C=CC(=N3)/C(c3ccc(C)cc3)=c3/cc/c4n3[Zn]n3c2ccc3/C(c2ccc(C(=O)O)cc2)=C2/C=CC(=N2)/C=4c2ccc(C)cc2)cc1,ClCCl,588.0
1582,N#CC(=Cc1ccc(-c2ccc(-c3ccc(N(c4ccccc4)c4ccccc4)s3)c3n[se]nc23)s1)C(=O)O,C1CCOC1,544.0
61,CC(C)(C)c1ccc2c(c1)c1cc(C(C)(C)C)ccc1n2-c1ccc(-c2cc3c(s2)-c2sc(/C=C(\C#N)C(=O)O)cc2C3(C)C)s1,C1CCOC1,490.0
1539,N#C/C(=C\c1ccc(C#Cc2c3ccccc3c(-c3ccc(N(c4ccccc4)c4ccccc4)cc3)c3ccccc23)s1)C(=O)O,ClCCl,494.0
1490,N#C/C(=C\c1ccc(-c2ccc(-c3ccc(N4c5ccccc5C=Cc5ccccc54)cc3)c3nsnc23)cc1)C(=O)O,ClCCl,450.0
321,CCCCCCCCC(CCCCCCCC)n1c2cc(-c3ccc(-c4ccc(/C=C(\C#N)C(=O)O)s4)s3)sc2c2sc(-c3ccc(-c4ccc(/C=C(\C#N)C(=O)O)s4)s3)cc21,C1CCOC1,395.0
902,CCCCCCn1c2ccccc2c2cc(-c3ccc(-c4cc(-c5ccc(/C=C(\C#N)C(=O)O)s5)c(-c5ccc(/C=C(\C#N)C(=O)O)s5)s4)s3)ccc21,C1CCOC1,482.0
1597,N#CC(=Cc1ccc(-c2ccc3c(c2)Sc2ccccc2N3CCCCCCn2c3ccccc3c3cc(-c4ccc(C=C(C#N)C(=O)O)s4)ccc32)s1)C(=O)O,CN(C)C=O,397.0
774,CCCCCCc1cc(-c2cc3c(s2)c2ccccc2n3CC)sc1-c1cc(CCCCCC)c(-c2cc(CCCCCC)c(-c3sc(/C=C(\C#N)C(=O)O)cc3CCCCCC)s2)s1,Cc1ccccc1,490.0
1416,N#C/C(=C\c1cc(-c2cccs2)c(/C=C/c2ccc(N(c3ccccc3)c3ccccc3)cc2)cc1-c1cccs1)C(=O)O,ClCCl,425.0
1613,N#CC(=Cc1ccc(C=Cc2ccc(N(c3ccccc3)c3ccccc3)cc2)s1)C(=O)O,CCO,441.0
680,CCCCCCOc1ccc(N(c2ccc(OCCCCCC)cc2)c2ccc(-c3cc4c(s3)-c3sc(C=C(C#N)C(=O)O)cc3C4(CCCCCC)CCCCCC)cc2)cc1,ClCCl,549.0
655,CCCCCCOc1ccc(-n2c3ccsc3c3sc(-c4ccc5c(c4)Sc4cc(/C=C(\C#N)C(=O)O)ccc4N5CCCCCC)cc32)cc1,ClCCl,473.0
1463,N#C/C(=C\c1ccc(-c2ccc(-c3ccc(-c4ccc5c(c4)N(c4ccccc4)C4C6CCC(C6)C54)s3)s2)s1)C(=O)O,ClCCl,519.0
27,CC(C)(C)c1cc(/C2=C3\C=CC(=N3)/C(c3cc(C(C)(C)C)cc(C(C)(C)C)c3)=c3/cc/c4n3[Zn]n3c2cc(/C=C/C(=O)O)c3/C=C2\N=C(C=C2/C=C/C(=O)O)/C=4c2cc(C(C)(C)C)cc(C(C)(C)C)c2)cc(C(C)(C)C)c1,CCO,618.0
515,CCCCCCCCn1c2ccccc2c2cc(C3=C(C)C4=C(CCCCC)c5c(C)c(/C=C(\C#N)C(=O)O)c(C)n5[B-](F)(F)[N+]4=C3C)ccc21,ClC(Cl)Cl,531.0
1169,CCn1c(-c2ccc3c(c2)C(CC)(CC)c2cc(-c4ccc(/C=C(\C#N)C(=O)O)s4)ccc2-3)nc(-c2ccccc2)c1-c1ccccc1,C1CCOC1,425.0
291,CCCCCC1c2c(C)c(-c3ccc(/C=C(/C#N)C(=O)O)o3)c(C)n2[B-](F)(F)[N+]2=C(C)C(c3ccc4c(c3)Sc3cc(C5=C(C)C6C(CCCCC)c7c(C)c(-c8ccc(/C=C(\C#N)C(=O)O)o8)c(C)n7[B-](F)(F)[N+]6=C5C)ccc3N4CCC)=C(C)C12,ClCCl,555.0
913,CCCCCCn1c2ccccc2c2cc(-c3nc4ccc(-c5ccc(C=C(C#N)C(=O)O)s5)cc4nc3-c3ccc4c(c3)c3ccccc3n4CCCCCC)ccc21,ClCCl,425.0
464,CCCCCCCCOc1ccc(N(c2ccc(OCCCCCCCC)cc2)c2ccc(-c3ccc(-c4ccc(-c5ccc(/C=C(\C#N)C(=O)O)s5)c5nccnc45)s3)cc2)cc1,C1CCOC1,540.0
972,CCCCN1c2ccccc2Sc2cc(-c3ccc4c(c3)C(CC)(CC)c3cc(-c5ccc(/C=C(\C#N)C(=O)O)s5)ccc3-4)ccc21,ClCCl,441.0
1424,N#C/C(=C\c1cc2sc(-c3cc4sc5cc(-c6ccc(N(c7ccc8c(c7)OCCO8)c7ccc8c(c7)OCCO8)cc6)sc5c4s3)cc2s1)C(=O)O,ClCCl,495.0
212,CCC1(CC)c2ccc(N(c3ccccc3)c3ccc4c(c3)C(CC)(CC)c3cc(-c5ccc(-c6ccc(/C=C(/C#N)C(=O)O)s6)s5)ccc3-4)cc2-c2ccc(C(c3ccccc3)c3ccccc3)cc21,C1CCOC1,468.0
428,CCCCCCCCN1C(=O)C2=C(c3ccc(-c4sc(-c5ccc(N(c6ccc(C)cc6)c6ccc(C)cc6)cc5)c5c4OCCO5)cc3)N(CCCCCCCC)C(=O)C2=C1c1ccc(-c2ccc(/C=C(/C#N)C(=O)O)cc2)cc1,C1CCOC1,520.0
1150,CCOC(=O)/C(=C\c1ccc(/C=C/c2ccc(N(c3ccccc3)c3ccccc3)cc2)cc1)C(=O)O,ClCCl,414.0
1591,N#CC(=Cc1ccc(-c2ccc(N(c3ccccc3)c3ccccc3)cc2)s1)C(=O)O,C1CCOC1,415.0
1361,Cc1ccc(N2c3ccc(C=C(C#N)C(=O)O)cc3[C@@H]3CCC[C@H]32)cc1,C1CCOC1,438.0
1293,Cc1cc(C)c(/C2=C3\C=CC(=N3)/C(c3c(C)cc(C)cc3C)=c3/cc/c4n3[Zn]n3c2ccc3/C(c2c(C)cc(C)cc2C)=C2/C=CC(=N2)/C=4c2ccc(C(=O)O)o2)c(C)c1,CCO,604.0
622,CCCCCCOc1cc(-c2ccc3c(c2)N(CCCC)c2cc(/C=C(\C#N)C(=O)O)ccc2S3)ccc1C=C1SC(SCCCCCC)=C(SCCCCCC)S1,C1CCOC1,387.0
1619,N#CC(=Cc1ccc(N(c2ccccc2)c2ccc(C3=NC(c4ccc(-c5cccs5)cc4)C(c4ccc(-c5cccs5)cc4)N3)cc2)cc1)C(=O)O,CCO,411.0
443,CCCCCCCCN1c2ccccc2Oc2cc(/C=C(\C#N)C(=O)O)ccc21,ClCCl,491.0
2,C(=C/c1ccc(/C=C/c2ccncc2)c2nsnc12)\c1ccncc1,ClCCl,428.0
1320,Cc1ccc(N(/C2=c3\cc/c4n3[Zn]n3c(ccc3/C(c3c(C)cc(C)cc3C)=C3/C=CC2=N3)/C(c2ccc(C(=O)O)cc2)=C2/C=CC(=N2)/C=4c2c(C)cc(C)cc2C)c2ccc(C)cc2)cc1,ClCCl,615.0
1470,N#C/C(=C\c1ccc(-c2ccc(-c3ccc(N(c4ccc(/C=C/Cc5cc6ccc5CCCc5ccc(cc5)CCC6)cc4)c4ccc(/C=C/Cc5cc6ccc5CCCc5ccc(cc5)CCC6)cc4)cc3)s2)s1)C(=O)O,C1CCOC1,479.0
962,CCCCN1c2ccc(/C=C/c3ccc(/C=C(\C#N)C(=O)O)s3)cc2Sc2ccc(SC)cc21,ClCCl,478.0
685,CCCCCCOc1ccc(N(c2ccc(OCCCCCC)cc2)c2ccc(-c3cc4c(s3)c3sc5c6sc(/C=C(\C#N)C(=O)O)cc6n(CCCCCC)c5c3n4CCCCCC)cc2)cc1,ClCCl,562.0
1456,N#C/C(=C\c1ccc(-c2ccc(-c3ccc(-c4ccc(N(c5ccc6c(c5)OCCO6)c5ccc6c(c5)OCCO6)cc4)s3)s2)cc1)C(=O)O,ClCCl,472.0
663,CCCCCCOc1ccc(N(c2ccc(/C=C/c3ccc(N(c4ccc(OCCCCCC)cc4)c4ccc(-c5ccc(C=C(C#N)C(=O)O)s5)cc4)cc3)cc2)c2ccc(-c3ccc(C=C(C#N)C(=O)O)s3)cc2)cc1,C1CCOC1,482.0
1194,CN(C)c1ccc(/C=C/c2cc[n+](CCCS(=O)(=O)[O-])c3ccccc23)cc1,CO,547.0
213,CCC1(CC)c2ccc(N(c3ccccc3)c3ccc4c(c3)C(CC)(CC)c3cc(-c5ccc(/C=C(/C#N)C(=O)O)s5)ccc3-4)cc2-c2ccc(C(c3ccccc3)c3ccccc3)cc21,C1CCOC1,458.0
1494,N#C/C(=C\c1ccc(-c2ccc(-c3ccc4c(c3)N(c3ccccc3)C3C5CCC(C5)C43)s2)s1)C(=O)O,ClCCl,528.0
1017,CCCC[C@H](CC)CN1c2ccccc2Sc2cc(/C=C3/SC(=S)N(CC(=O)O)C3=O)ccc21,ClCCl,477.0
1506,N#C/C(=C\c1ccc(-c2ccc(N(c3ccc(-n4c5ccccc5c5ccccc54)cc3)c3ccc(-n4c5ccccc5c5ccccc54)cc3)cc2)s1)C(=O)O,ClCCl,454.0
1288,Cc1cc(C)c(/C2=C3\C=CC(=N3)/C(c3c(C)cc(C)cc3C)=c3/cc/c4n3[Zn]n3c(ccc32)/C(c2ccc(-c3ccc(C(=O)O)cc3)cc2)=C2/C=CC(=N2)/C=4c2c(C)cc(C)cc2C)c(C)c1,ClCCl,585.0
900,CCCCCCn1c2ccc(C=C3SC(=S)N(CC(=O)O)C3=O)cc2c2cc(C=C3SC(=S)N(CC(=O)O)C3=O)ccc21,CN(C)C=O,450.0
664,CCCCCCOc1ccc(N(c2ccc(C=C3C(=O)c4cc(C(=O)O)c(C(=O)O)cc4C3=O)cc2)c2ccc(OCCCCCC)cc2)cc1,C1CCOC1,505.0
446,CCCCCCCCOCc1cccc(OCCCCCCCC)c1/C1=C2\C=CC(=N2)/C(CCc2c(OCCCC)cc(C(=O)O)cc2OCCCC)=c2/cc/c3n2[Zn]n2c1ccc2/C(N(c1ccc(C)cc1)c1ccc(C)cc1)=C1/C=CC(=N1)/C=3N(c1ccc(C)cc1)c1ccc(C)cc1,CCO,662.0
890,CCCCCCn1c2ccc(-c3ccc(C=C(C#N)C(=O)O)cc3)cc2c2cc(-c3ccc(/C=C(/C#N)C(=O)O)cc3)ccc21,CN(C)C=O,362.0
510,CCCCCCCCn1c2ccc(-c3ccc(N(c4ccccc4)c4ccccc4)cc3)cc2c2cc(-c3ccc(/C=C(\C#N)C(=O)O)o3)ccc21,ClCCl,468.0
934,CCCCC[C@H](CC)N1c2ccccc2Oc2cc(-c3ccc(/C=C(/C#N)C(=O)O)s3)ccc21,C1CCOC1,465.0
96,CC1(C)C(/C=C2\C(=O)C(/C=C3/N(Cc4ccc(C(=O)O)cc4)c4ccccc4C3(C)C)=C2[O-])=[N+](Cc2ccc(C(=O)O)cc2)c2ccccc21,ClC(Cl)Cl,637.0
180,CC1CC(C)(C)N(Cc2ccccc2)c2ccc(C=Cc3ccc(C=C(C#N)C(=O)O)s3)cc21,CCO,470.0
108,CC1(C)CC(/C=C/c2ccc(N(c3ccccc3)c3ccccc3)cc2)=C/C(=C(/C#N)C(=O)O)C1,ClC(Cl)Cl,487.0
914,CCCCCCn1c2ccccc2c2cc(-n3cc(/C=C(\C#N)C(=O)O)c4ccccc43)ccc21,CCO,389.0
1030,CCCCn1c(-c2ccc(-c3ccc(/C=C(\C#N)C(=O)O)s3)s2)nc2c3cccc4ccc5cccc(c5c43)c21,C1CCOC1,452.0
1572,N#CC(=Cc1ccc(-c2cc(-c3ccc(N(c4ccccc4)c4ccccc4)cc3)c(-c3ccc(N(c4ccccc4)c4ccccc4)cc3)s2)s1)C(=O)O,C1CCOC1,443.0
1099,CCN(CC)c1ccc(C=C(C#N)c2ccc(C=C3SC(=S)N(CC(=O)O)C3=O)s2)cc1,CN(C)C=O,470.0
1263,COc1ccc(N2c3ccccc3Oc3cc(-c4ccc(/C=C(\C#N)C(=O)O)o4)ccc32)cc1,ClCCl,508.0
1,C#Cc1ccc(C=C(C#N)C(=O)O)cc1C#Cc1ccc(N(c2ccccc2)c2ccccc2)cc1,ClC(Cl)Cl,350.0
1589,N#CC(=Cc1ccc(-c2ccc(N(c3ccc4c(c3)OCCO4)c3ccc4c(c3)OCCO4)cc2)o1)C(=O)O,ClCCl,502.0
923,CCCCCCn1cc(/C=C(/C#N)c2ccc(/C=C3\SC(=S)N(CC(=O)O)C3=O)s2)c2cc(OC)ccc21,ClC(Cl)Cl,517.0
1432,N#C/C(=C\c1ccc(-c2c3ccccc3c(-c3ccc(N(c4ccccc4)c4ccccc4)cc3)c3nsnc23)s1)C(=O)O,C1CCOC1,522.0
563,CCCCCCN1c2ccc(/C=C(/C#N)C(=O)O)cc2Sc2cc(-n3c4ccc(C(C)(C)C)cc4c4cc(C(C)(C)C)ccc43)ccc21,ClCCl,461.0
48,CC(C)(C)c1ccc(N(/C2=c3\cc/c4n3[Zn]n3c(cc(C#Cc5ccc(C(=O)O)cc5)c3/C=C3/C=CC(=N3)/C=4c3cc(C(C)(C)C)cc(C(C)(C)C)c3)/C(c3cc(C(C)(C)C)cc(C(C)(C)C)c3)=C3/C=CC2=N3)c2ccc(C(C)(C)C)cc2)cc1,ClCCl,592.0
758,CCCCCCSC1=C(SCCCCCC)SC(=Cc2ccc(-c3ccc(-c4ccncc4)s3)cc2)S1,C1CCOC1,407.0
955,CCCCN1c2ccc(-c3ccc(-c4ccc(/C=C(\C#N)C(=O)O)s4)s3)cc2Sc2cc(-c3nc4ccccc4n3-c3ccccc3)ccc21,C1CCOC1,459.0
817,CCCCCCc1cc(-c2sc(-c3sc(-c4ccc5c(c4)c4ccccc4n5CC)cc3CCCCCC)cc2CCCCCC)sc1/C=C(\C#N)C(=O)O,ClC(Cl)Cl,471.0
1394,N#C/C(=C/c1ccc(N(c2ccccc2)c2ccc(/C=C(\C#N)C(=O)O)cc2)cc1)C(=O)O,CO,416.0
722,CCCCCCOc1ccc(N(c2ccc(OCCCCCC)cc2)c2ccc(-c3ccc4c(c3)S(=O)(=O)c3cc(-c5cc6sc(/C=C(\C#N)C(=O)O)cc6s5)ccc3N4CCCCCC)cc2)cc1,C1CCOC1,424.0
1065,CCCCn1c2ccc(/C=C(\C#N)C(=O)O)cc2c2cc(/C=C(\C#N)C(=O)O)ccc21,ClCCl,398.0
523,CCCCCCCCn1nc2c(-c3ccc(/C=C(/C#N)C(=O)O)s3)c3nc(-c4ccccc4)c(-c4ccccc4)nc3c(-c3ccc(-c4ccc(N5c6ccccc6C6C7CCC(C7)C65)cc4)s3)c2n1,ClCCl,604.0
626,CCCCCCOc1ccc(-c2c3ccc(-c4ccc(-c5ccc(-c6ccc(N(c7ccc(OCCCCCC)cc7)c7ccc(OCCCCCC)cc7)cc6)s5)s4)cc3c(-c3ccc(OCCCCCC)cc3)c3ccc(C=C(C#N)C(=O)O)cc23)cc1,ClCCl,499.0
524,CCCCCCCCn1nc2c(-c3ccc(/C=C(\C#N)C(=O)O)cc3)c3nc(-c4ccccc4)c(-c4ccccc4)nc3c(-c3ccc(-c4ccc(N(c5ccccc5)c5ccccc5)cc4)s3)c2n1,ClCCl,629.0
1275,C[C@@]12SC(/C=C/c3ccc(N(c4ccccc4)c4ccccc4)cc3)=CC1=C1CCCC1=C1C=C(C(=O)O)S[C@]12C,ClCCl,574.0
1352,Cc1ccc(N2c3ccc(-c4ccc(C#Cc5ccc(C(=O)O)cc5)c5nsnc45)cc3C3CCCC32)cc1,ClCCl,508.0
233,CCCCC(CC)CN1c2ccc(/C=C\C3=CC(=C(C#N)C#N)C=C(/C=C/c4ccc5c(c4)Sc4cc(/C=N\C(=O)O)ccc4N5CC(CC)CCCC)O3)cc2Sc2cc(/C=C/C(=O)O)ccc21,CN(C)C=O,478.0
1165,CCn1c(-c2cc(-c3nc(-c4ccc5c(c4)C(CC)(CC)c4ccccc4-5)c(-c4ccc5c(c4)C(CC)(CC)c4ccccc4-5)n3CC)c3c(c2)C(CC)(CC)c2cc(-c4ccc(-c5ccc(/C=C(\C#N)C(=O)O)s5)s4)ccc2-3)nc(-c2ccc3c(c2)C(CC)(CC)c2ccccc2-3)c1-c1ccc2c(c1)C(CC)(CC)c1ccccc1-2,C1CCOC1,459.0
999,CCCCOc1ccc(N(c2ccc(OCCCC)cc2)c2ccc(-c3ccc4c(c3)C3(OCCO3)C3(OCCO3)c3cc(-c5ccc(/C=C(\C#N)C(=O)O)s5)ccc3-4)cc2)cc1,ClC(Cl)Cl,418.0
1131,CCN1C(=O)/C(=c2\s/c(=C\c3cc4c(c5ccccc35)N(c3ccc(C=C(c5ccccc5)c5ccccc5)cc3)C3CCCC43)c(=O)n2CC(=O)O)SC1=S,ClC(Cl)Cl,578.0
435,CCCCCCCCN1c2ccc(-c3ccc(N(c4ccc(OC)cc4)c4ccc(OC)cc4)cc3)cc2Sc2cc(-c3ccc(/C=C(\C#N)C(=O)O)s3)ccc21,ClCCl,460.0
77,CC(C)Cc1ccc(/C2=C3\C=CC(=N3)/C(c3ccc(CC(C)C)cc3)=c3/cc/c4n3[Zn]n3c2ccc3/C(c2ccc(CC(C)C)cc2)=C2\N=C(C=C2/C=C(\C#N)C(=O)O)/C=4c2ccc(CC(C)C)cc2)cc1,ClCCl,623.0
1262,COc1ccc(N2c3ccc(/C=C4\SC(=S)N(CC(=O)O)C4=O)cc3C3CCCC32)cc1,CCO,483.0
217,CCC1(CC)c2ccccc2-c2ccc(N(c3ccccc3)c3ccc(/C=C(\C#N)C(=O)O)cc3)cc21,ClCCl,440.0
577,CCCCCCN1c2ccc(/C=C3\SC(=S)N(CC(=O)O)C3=O)cc2Sc2cc(-c3ccc(C)cc3)ccc21,ClCCl,471.0
1092,CCN(CC)c1ccc(/C=C/c2sc3ccccc3[n+]2CC(=O)[O-])cc1,CO,533.0
1668,O=C(O)CN1C(=O)/C(=C\c2cc(-c3cccs3)c(/C=C/c3ccc(N(c4ccccc4)c4ccccc4)cc3)cc2-c2cccs2)SC1=S,ClCCl,464.0
357,CCCCCCCCCCCC[C@@H](CCCCCCCCCC)CN1c2ccc(/C=C3\SC(=S)N(CC(=O)O)C3=O)cc2Sc2cc(N3CCCC3)ccc21,ClCCl,536.0
55,CC(C)(C)c1ccc(N(c2ccc(N(/C3=c4\cc/c5n4[Zn]n4c(ccc4/C(c4cc(C(C)(C)C)cc(C(C)(C)C)c4)=C4/C=CC3=N4)/C(C#Cc3ccc(C(=O)O)cn3)=C3/C=CC(=N3)/C=5c3cc(C(C)(C)C)cc(C(C)(C)C)c3)c3ccc(N(c4ccc(C(C)(C)C)cc4)c4ccc(C(C)(C)C)cc4)cc3)cc2)c2ccc(C(C)(C)C)cc2)cc1,CCO,659.0
844,CCCCCCc1ccc(-c2ccc(-c3ccc(N(c4ccc(/C=C(/C#N)C(=O)O)cc4)c4ccc(-c5ccc(-c6ccc(CCCCCC)s6)s5)cc4)cc3)s2)s1,ClC(Cl)Cl,468.0
766,CCCCCCSc1ccc(N(c2ccc(SCCCCCC)cc2)c2ccc(-c3sc(-c4nc5sc(-c6sc(-c7ccc(C=C(C#N)C(=O)O)s7)c7c6OCC(CCCCC)(CCCCC)CO7)nc5s4)c4c3OCC(CCCCC)(CCCCC)CO4)cc2)cc1,C1CCOC1,510.0
710,CCCCCCOc1ccc(N(c2ccc(OCCCCCC)cc2)c2ccc(-c3ccc(-c4ncc(-c5ccc(-c6ccc(/C=C(\C#N)C(=O)O)cc6)s5)c5nsnc45)s3)cc2)cc1,ClCCl,591.0
1059,CCCCn1c2ccc(-c3ccc(/C=C(\C#N)C(=O)O)s3)cc2c2nc3ccccc3nc21,C1CCOC1,396.0
281,CCCCCC1(CCCCC)COc2c(-c3ccc(N(c4ccccc4)c4ccccc4)cc3)sc(-c3nc4sc(-c5sc(-c6sc(C=C(C#N)C(=O)O)c7c6OCCO7)c6c5OCC(CCCCC)(CCCCC)CO6)nc4s3)c2OC1,C1CCOC1,548.0
1513,N#C/C(=C\c1ccc(-c2ccc(N3CCCCC3)s2)s1)C(=O)O,CC#N,452.0
1567,N#CC(=Cc1cc2sc(-c3ccco3)cc2s1)C(=O)O,CCO,398.0
226,CCCCC(CC)CN1C(=O)/C(=C2/C(=O)N(CC(CC)CCCC)c3cc(-c4ccc5c(c4)C4CCCC4N5c4ccc(C)cc4)ccc32)c2ccc(-c3ccc(/C=C(\C#N)C(=O)O)cc3)cc21,ClCCl,570.0
304,CCCCCCC1(CCCCCC)COc2c(/C=C(\C#N)C(=O)O)sc(-c3sc(-c4ccc(N(c5ccccc5)c5ccccc5)cc4)c4c3OCC(CCCCCC)(CCCCCC)CO4)c2OC1,C1CCOC1,502.0
1010,CCCC[C@H](CC)CN1c2ccc(/C=C(\C#N)C(=O)O)cc2Sc2cc(/C=C(\C#N)C(=O)O)ccc21,ClCCl,469.0
220,CCCC1(CCC)COc2c(/C=C(\C#N)C(=O)O)sc(-c3sc(-c4ccc(N(c5ccccc5)c5ccccc5)cc4)c4c3OCC(CCC)(CCC)CO4)c2OC1,C1CCOC1,503.0
439,CCCCCCCCN1c2ccc(C#Cc3ccc4ccc5cccc6ccc3c4c56)cc2Sc2cc(/C=C(\C#N)C(=O)O)ccc21,CC#N,438.0
777,CCCCCCc1cc(-c2cc3c4nn(CC(CC)CCCC)nc4c4cc(-c5ccc6c7ccccc7n(CC(CC)CCCC)c6c5)sc4c3s2)sc1/C=C(/C#N)C(=O)O,C1CCOC1,464.0
1648,O=C(O)CN1C(=O)/C(=C/c2cc3c4c(c2)CCCN4CCC3)SC1=S,CCO,540.0
1574,N#CC(=Cc1ccc(-c2ccc(-c3cc(-c4ccc(N(c5ccccc5)c5ccccc5)cc4)c(-c4ccc(N(c5ccccc5)c5ccccc5)cc4)s3)s2)s1)C(=O)O,C1CCOC1,456.0
1162,CCc1ccc(N(c2ccc(CC)cc2)c2ccc(-c3ccc(-c4ccc(-c5ccc(/C=C(\C#N)C(=O)O)s5)s4)c4nc(-c5ccccc5)c(-c5ccccc5)nc34)cc2)cc1,CN(C)C=O,486.0
1202,CN(C)c1ccc(C(C=C(C#N)C#N)=c2ccc(=C(C#N)C#N)cc2)cc1,ClCCl,759.0
375,CCCCCCCCCCCCn1c(-c2ccc(/C=C(\C#N)C(=O)O)s2)cc2cc(-c3ccc(/C=C(\C#N)C(=O)O)s3)ccc21,ClC(Cl)Cl,426.0
297,CCCCCC1c2c(C)c(/C=C(\C#N)C(=O)O)c(C)n2[B-](F)(F)[N+]2=C(C)C(c3ccc4c(c3)Sc3cc(C5=C(C)C6C(CCCCC)c7c(C)c(/C=C(\C#N)C(=O)O)c(C)n7[B-](F)(F)[N+]6=C5C)ccc3N4CCC)=C(C)C12,ClCCl,534.0
367,CCCCCCCCCCCCc1cc(-c2ccc(N3c4ccccc4C4C5CCC(C5)C43)cc2)sc1-c1ccc(/C=C(/C#N)C(=O)O)cc1,ClCCl,452.0
1388,N#C/C(=C/c1ccc(/C=N/N(c2ccccc2)c2ccccc2)s1)C(=O)O,C1CCOC1,465.0
814,CCCCCCc1cc(-c2sc(-c3ccc(N(c4ccccc4)c4ccccc4)cc3)cc2CCCCCC)sc1/C=C(\C#N)C(=O)O,ClCCl,498.0
554,CCCCCCN1C(=O)C2=C(c3ccc4c(c3)Sc3ccccc3N4CCCCCC)N(CCCCCC)C(=O)C2=C1c1ccc(-c2ccc(/C=C(\C#N)C(=O)O)cc2)cc1,ClCCl,526.0
1004,CCCCSC1=C(SCCCC)SC(=C(C(=C2SC(SCCCC)=C(SCCCC)S2)c2ccc(-c3ccc(/C=C(\C#N)C(=O)O)s3)s2)c2ccc(-c3ccc(/C=C(\C#N)C(=O)O)s3)s2)S1,C1CCOC1,488.0
405,CCCCCCCCN(CCCCCCCC)c1ccc(C2=C([O-])/C(=C/c3[se]c4ccccc4[n+]3CC(=O)O)C2=O)cc1,C1CCOC1,631.0
1116,CCN(CC)c1ccc2cc(/C=C/c3ccc(N(c4ccc(/C=C/c5cc6ccc(N(CC)CC)cc6oc5=O)cc4)c4ccc(-c5ccc(/C=C(\C#N)C(=O)O)s5)cc4)cc3)c(=O)oc2c1,ClCCl,460.0
336,CCCCCCCCCCCCCCCc1c(-c2ccc(N(c3ccccc3)c3ccccc3)cc2)sc2c1sc1c3sc(-c4ccc(C=C(C#N)C(=O)O)s4)c(CCCCCCCCCCCCCCC)c3sc21,Clc1ccccc1Cl,490.0
537,CCCCCCCCn1nc2c(-c3ccc(C(=O)O)s3)c3nc(-c4ccccc4)c(-c4ccccc4)nc3c(-c3ccc(-c4cccc5c4C4C6CCC(C6)C4N5c4ccccc4)s3)c2n1,ClCCl,617.0
1007,CCCCSC1=C(SCCCC)SC(=Cc2ccc(-c3ccc(/C=C(\C#N)C(=O)O)s3)s2)S1,C1CCOC1,461.0
402,CCCCCCCCN(CCCCCCCC)c1ccc(C2=C([O-])/C(=C/C3=[N+](CC(=O)O)c4ccccc4C3(C)C)C2=O)cc1,CS(C)=O,624.0
1220,COC1CCC2/C3=C4\CC/C5=C(\C6C(C)CC(C)CC6C)C6=N/C(=C(/C7CCC(C(=O)O)CC7)C7CCC(/C(C8C(C)CC(C)CC8C)=C8/C=C(C3=N8)C3CCCC1C32)N7[Zn]N45)C=C6,ClCCl,679.0
820,CCCCCCc1cc(-c2sc(-c3sc(-c4sc(-c5ccc6c(c5)c5ccccc5n6CC)cc4CCCCCC)cc3CCCCCC)cc2CCCCCC)sc1/C=C(\C#N)C(=O)O,Cc1ccccc1,489.0
1137,CCN1O/C(=c2\c(=Cc3ccc(-c4ccc5c(c4)C4CCCC4N5c4ccc(C#N)cc4)cc3)sc(=O)n2CC(=O)O)SC1=S,ClC(Cl)Cl,516.0
767,CCCCCC[N+]1=C(/C=C2/C(=O)C(c3ccc(N(CCCC)CCCC)cc3)C2[O-])c2ccc(C(=O)O)c3cccc1c23,CCO,779.0
904,CCCCCCn1c2ccccc2c2cc(-c3ccc(/C=C(/C#N)C(=O)O)cc3)ccc21,ClC(Cl)Cl,412.0
930,CCCCCN1/C(=C\C=C2/SC(=S)N(CC(=O)O)C2=O)Sc2ccccc21,CCO,520.0
657,CCCCCCOc1ccc(C2(c3ccc(OCCCCCC)cc3)c3cc4c(cc3-c3sc(/C=C(\C#N)C(=O)O)cc32)C(c2ccc(OCCCCCC)cc2)(c2ccc(OCCCCCC)cc2)c2cc(N(c3ccc(OC)cc3)c3cccc(OC)c3)sc2-4)cc1,C1CCOC1,520.0
824,CCCCCCc1cc(-c2sc(-c3sc(/C=C(\C#N)C(=O)O)cc3CCCCCC)cc2CCCCCC)sc1-c1ccc2c(c1)c1ccccc1n2CC,ClC(Cl)Cl,453.0
1693,O=C(O)c1ccc(-c2c3nc(c(-c4ccccc4)c4ccc([nH]4)c(-c4ccccc4)c4nc(c(-c5ccccc5)c5ccc2[nH]5)C=C4)C=C3)cc1,ClC(Cl)Cl,646.0
581,CCCCCCN1c2ccc(C#Cc3ccc4ccc5cccc6ccc3c4c56)cc2Sc2cc(/C=C(\C#N)C(=O)O)ccc21,CC#N,438.0
1550,N#C/C(=C\c1ccc2c(c1)C(CCCOC(C(F)(F)F)(C(F)(F)F)C(F)(F)F)(CCCOC(C(F)(F)F)(C(F)(F)F)C(F)(F)F)c1cc(N(c3ccccc3)c3ccccc3)ccc1-2)C(=O)O,CCO,425.0
1595,N#CC(=Cc1ccc(-c2ccc(N3c4ccccc4CCc4ccccc43)cc2)s1)C(=O)O,ClCCl,422.0
673,CCCCCCOc1ccc(N(c2ccc(OCCCCCC)cc2)c2ccc(-c3cc4c(s3)-c3sc(-c5ccc6cc(/C=C(/C#N)C(=O)O)c(Cl)nc6c5)cc3C4(CCCCCC)CCCCCC)cc2)cc1,ClCCl,477.0
365,CCCCCCCCCCCCc1cc(-c2ccc(N3c4ccc(-c5cccs5)cc4C4C5CCC(C5)C43)cc2)sc1-c1cc2sc(/C=C(/C#N)C(=O)O)cc2s1,ClCCl,501.0
1300,Cc1cc(C)cc(/C2=C3\C=CC(=N3)/C(c3cc(C)cc(C)c3)=c3/cc/c4n3[Zn]n3c2ccc3/C(c2cc(C)cc(C)c2)=C2/C=C(/C=C/C=C(C(=O)O)C(=O)O)C(=N2)/C=4c2cc(C)cc(C)c2)c1,CN(C)C=O,610.0
461,CCCCCCCCOc1ccc(-c2ccc(N(c3ccc(-c4ccc(OCCCCCCCC)cc4)cc3)c3ccc(-c4ccc(C#Cc5ccc(C(=O)O)cc5)c5nsnc45)cc3)cc2)cc1,C1CCOC1,479.0
42,CC(C)(C)c1ccc(/C2=C3\C=CC(=N3)/C(Br)=c3/cc/c4n3[Zn]n3c2ccc3/C(Br)=C2/C=CC(=N2)/C=4c2ccncc2)cc1,C1CCOC1,625.0
1342,Cc1ccc(N2c3ccc(-c4ccc(-c5ccc(C(=O)O)cc5)c5nsnc45)cc3C3CCCC32)cc1,ClCCl,484.0
1697,O=C(O)c1ccc(/C2=C3\C=CC(=N3)/C(c3ccc(C(=O)O)cc3)=c3/cc/c4n3[Zn]n3c2ccc3/C(c2ccc(C(=O)O)cc2)=C2/C=CC(=N2)/C=4c2cccs2)cc1,C1CCOC1,600.0
781,CCCCCCc1cc(-c2ccc(-c3cc(CCCCCC)c(-c4ccc(N(c5ccccc5)c5ccccc5)cc4)s3)c3nn(CCCCCC)nc23)sc1C=C(C#N)C(=O)O,C1CCOC1,454.0
551,CCCCCCN1C(=O)/C(=c2\s/c(=C/c3c(-c4ccc(CO)cc4)c(C)c4ccccn34)c(=O)n2CC(=O)O)SC1=S,ClCCl,616.0
278,CCCCCC(CC)n1c2ccc(OC)cc2c2cc(-c3ccc(C=C(C#N)C(=O)O)o3)c3ccccc3c21,ClCCl,462.0
654,CCCCCCOc1ccc(-n2c3ccsc3c3sc(-c4ccc5c(c4)Sc4cc(/C=C(\C#N)C(=O)O)ccc4N5CCCCCC)cc32)c(OCCCCCC)c1,ClCCl,483.0
186,CCC1(CC)c2cc(-c3ccc(-c4ccc(/C=C(\C#N)C(=O)O)s4)n3C)ccc2-c2ccc(N(c3ccccc3)c3cccc4ccccc34)cc21,C1CCOC1,475.0
846,CCCCCCc1ccc(-c2ccc(-c3ccc4c(c3)Oc3cc(C=C(C#N)C(=O)O)ccc3N4CCCCCC)s2)s1,C1CCOC1,467.0
1269,COc1nc(-c2ccc(-c3ccc(C=C(C#N)C(=O)O)s3)s2)sc1-c1ccc(N(c2ccc(C)cc2)c2ccc(C)cc2)cc1,C1CCOC1,490.0
531,CCCCCCCCn1nc2c(-c3ccc(C(=O)O)cc3)c3nc(-c4ccccc4)c(-c4ccccc4)nc3c(-c3ccc(-c4ccc(N5c6ccccc6C6C7CCC(C7)C65)cc4)s3)c2n1,ClCCl,617.0
1610,N#CC(=Cc1ccc(C=Cc2ccc(N(c3ccccc3)c3ccccc3)cc2)cc1)C(=O)O,C1CCOC1,400.0
1537,N#C/C(=C\c1ccc(/C=C/c2cccc(N(c3ccccc3)c3ccccc3)c2)cc1)C(=O)O,C1CCOC1,433.0
1579,N#CC(=Cc1ccc(-c2ccc(-c3ccc(N(c4ccccc4)c4ccccc4)cc3)c3n[se]nc23)s1)C(=O)O,C1CCOC1,502.0
379,CCCCCCCCCCCCn1c2ccc(-c3ccc(-c4ccc(/C=C(\C#N)C(=O)O)s4)s3)cc2c2cc(-n3c4ccc(C(C)(C)C)cc4c4cc(C(C)(C)C)ccc43)ccc21,ClCCl,457.0
1720,O=C(O)c1cccc(N(c2ccccc2)c2ccccc2)c1,C1CCOC1,346.0
694,CCCCCCOc1ccc(N(c2ccc(OCCCCCC)cc2)c2ccc(-c3ccc(-c4ccc(-c5ccc(-c6ccc(N(c7ccc(OCCCCCC)cc7)c7ccc(OCCCCCC)cc7)cc6)s5)c5nc(-c6ccc(/C=C(/C#N)C(=O)O)s6)c(-c6ccc(/C=C(/C#N)C(=O)O)s6)nc45)s3)cc2)cc1,Cc1ccccc1,528.0
1045,CCCCn1c2cc(-c3ccc(/C=C(\C#N)C(=O)O)s3)ccc2c2ccc(N(c3ccccc3)c3ccc4c(c3)C(CCC)(CCC)c3ccccc3-4)cc21,ClCCl,483.0
1609,N#CC(=Cc1ccc(C=Cc2ccc(N(c3ccccc3)c3ccc(/C=C/c4ccc(C=C(C#N)C(=O)O)s4)cc3)cc2)s1)C(=O)O,CCO,468.0
575,CCCCCCN1c2ccc(/C=C(\C#N)C(=O)O)cc2Sc2cc(N(c3ccc4ccsc4c3)c3ccc4c(c3)c3ccccc3n4CCCCCC)ccc21,ClCCl,510.0
908,CCCCCCn1c2ccccc2c2cc(-c3ccc(C=C(C#N)C(=O)O)cc3)ccc21,ClC(Cl)Cl,380.0
311,CCCCCCC1(CCCCCC)c2cc(-c3ccc(C=C4C(=O)N(CC)C(=S)N(CC)C4=O)s3)ccc2-c2ccc(N(c3ccccc3)c3ccc(C(=O)O)cc3)cc21,C1CCOC1,508.0
1733,[C-]#[N+]/C(=C/c1ccc(N(c2ccc(-c3cccc(N(C)C)c3)cc2)c2ccc(-c3nc4c(-c5cccc(OC)c5)ccc(-c5cccc(OC)c5)c4[nH]3)cc2)cc1)C(=O)O,ClC(Cl)Cl,428.0
1514,N#C/C(=C\c1ccc(-c2ccc(N3c4ccccc4C=Cc4ccccc43)cc2)s1)C(=O)O,ClCCl,470.0
1558,N#C/C(=C\c1ccc2c(c1)Sc1ccccc1N2CCCCN1c2ccccc2Sc2cc(/C=C(\C#N)C(=O)O)ccc21)C(=O)O,CN(C)C=O,396.0
584,CCCCCCN1c2ccc(C=C(C#N)C(=O)O)cc2Sc2cc(-c3ccc(C=C(c4ccc(-n5c6ccccc6c6ccccc65)cc4)c4ccc(-n5c6ccccc6c6ccccc65)cc4)cc3)ccc21,ClCCl,462.0
869,CCCCCCc1sc(-c2sc(-c3ccc4c(c3)Sc3cc(/C=C(\C#N)C(=O)O)ccc3N4CCCCCC)c3c2OCCO3)c2c1OCCO2,ClCCl,489.0
1382,N#C/C(=C/c1ccc(-c2ccc(N(c3ccc(-c4cccs4)cc3)c3ccc(-c4ccc(/C=C(\C#N)C(=O)O)s4)cc3)cc2)s1)C(=O)O,CN(C)C=O,421.0
1701,O=C(O)c1ccc(/C2=C3\C=CC(=N3)/C(c3ccccc3)=c3/cc/c4n3[Zn]n3c(ccc32)/C(c2ccccc2)=C2/C=CC(=N2)/C=4c2ccccc2)cc1,ClCCl,583.0
897,CCCCCCn1c2ccc(C=C(C#N)C(=O)O)cc2c2cc(-c3ccc(C=C(c4ccc(-n5c6ccccc6c6ccccc65)cc4)c4ccc(-n5c6ccccc6c6ccccc65)cc4)cc3)ccc21,ClCCl,412.0
423,CCCCCCCCN1C(=O)/C(=c2\s/c(=C\c3ccc4c(c3)C3CCCC3N4c3ccc(C=C(c4ccccc4)c4ccccc4)cc3)c(=O)n2CC(=O)O)SC1=S,ClC(Cl)Cl,554.0
714,CCCCCCOc1ccc(N(c2ccc(OCCCCCC)cc2)c2ccc(-c3ccc(/C=C(\C#N)C(=O)O)s3)cc2)cc1,C1CCOC1,443.0
543,CCCCCCCn1c2ccc(/C=C(\C#N)C(=O)O)cc2c2cc(-c3ccc(N(c4ccccc4)c4ccccc4)cc3)ccc21,ClCCl,423.0
142,CC1(C)c2ccccc2-c2ccc(-c3ccc4c(c3)Sc3cc(-c5ccc(C#Cc6cc(-c7cccc(C(=O)O)c7)cc(-c7cccc(C(=O)O)c7)c6)s5)ccc3N4c3ccc4c(c3)C(C)(C)c3ccccc3-4)cc21,CN(C)C=O,415.0
1122,CCN1/C(=C\C=C2/SC(=S)N(CC(=O)O)C2=O)C(C)(C)c2ccccc21,CCO,490.0
1268,COc1ccc2c(c1)c1cc(OC)ccc1n2-c1ccc2nc(/C=C(\C#N)C(=O)O)ccc2c1,ClC(Cl)Cl,452.0
868,CCCCCCc1sc(-c2ccc3c(c2)Sc2cc(/C=C(\C#N)C(=O)O)ccc2N3CCCCCC)c2c1OCCO2,ClCCl,466.0
992,CCCCOc1ccc(-c2ccc(N(c3ccc(-c4ccc(/C=C(\C#N)C(=O)O)s4)cc3)c3ccc(-c4ccc(/C=C(\C#N)C(=O)O)s4)cc3)cc2)c(OCCCC)c1,ClCCl,504.0
692,CCCCCCOc1ccc(N(c2ccc(OCCCCCC)cc2)c2ccc(-c3ccc(-c4cc5c6nc(CCCCC)c(CCCCC)nc6c6cc(/C=C(\C#N)C(=O)O)sc6c5s4)c4nsnc34)cc2)cc1,ClC(Cl)Cl,529.0
559,CCCCCCN1c2ccc(-c3ccc(N(c4ccccc4)c4cccc5ccccc45)cc3)cc2Sc2cc(-c3ccc(/C=C(\C#N)C(=O)O)s3)ccc21,C1CCOC1,463.0
260,CCCCC(CC)Cn1nc2c3cc(-c4ccc5c6ccccc6n(CC(CC)CCCC)c5c4)sc3c3sc(-c4ccc(/C=C(/C#N)C(=O)O)s4)cc3c2n1,C1CCOC1,470.0
920,CCCCCCn1c2ccccc2c2cc(N3c4ccccc4Sc4cc(/C=C5\SC(=S)N(CC(=O)O)C5=O)ccc43)ccc21,ClCCl,500.0
732,CCCCCCOc1ccc(N(c2ccc(OCCCCCC)cc2)c2ccc(-c3sc(-c4ccc(-c5cc(CCCCCC)c(-c6ccc(C=C(C#N)C(=O)O)cc6)s5)c5nsnc45)cc3CCCCCC)cc2)cc1,ClCCl,530.0
873,CCCCCCn1c2c(c3cc(-c4ccc(/C=C(\C#N)C(=O)O)cc4)ccc31)C(CCCCCC)(CCCCCC)c1ccccc1-2,ClCCl,416.0
116,CC1(C)CCN2CCC(C)(C)c3c2c1cc1cc(-c2ccc(-c4sc(/C=C(\C#N)C(=O)O)c5c4OCCO5)s2)c(=O)oc31,C1CCOC1,532.0
243,CCCCC(CC)COc1ccc(-n2c3ccccc3c3ccc(-c4ccc(-c5ccc(C=C(C#N)C(=O)O)s5)c5nsnc45)cc32)cc1,C1CCOC1,461.0
332,CCCCCCCCCCCCCCCCCCN1/C(=C\C=C\C=C2/SC(=S)N(CC(=O)O)C2=O)Sc2ccccc21,CCO,570.0
1729,Oc1ccc(/C2=C3\C=CC(=N3)/C(c3ccc(O)c(O)c3)=c3/cc/c4n3[Zn]n3c2ccc3/C(c2ccc(O)c(O)c2)=C2/C=CC(=N2)/C=4c2ccc(O)c(O)c2)cc1O,CCO,428.0
56,CC(C)(C)c1ccc(N2c3ccc(-c4ccc(-c5ccc(/C=C(/C#N)C(=O)O)s5)c5nsnc45)cc3C3CCCC32)cc1,ClCCl,535.0
1337,Cc1ccc(N(c2ccccc2)c2ccc(-c3ccc(-c4ccc(/C=C(\C#N)C(=O)O)s4)s3)cc2)cc1,C1CCOC1,479.0
414,CCCCCCCCN1/C(=C/C2=C([O-])/C(=C\C3=[N+](CCCCCCCC)c4ccc(C(=O)O)cc4C3(C)C)C2=C(C#N)C#N)C(C)(C)c2ccccc21,CN(C)C=O,688.0
438,CCCCCCCCN1c2ccc(/C=C(\C#N)C(=O)O)cc2Sc2cc(-c3ccc(OCCCCCC)cc3)ccc21,ClCCl,449.0
1594,N#CC(=Cc1ccc(-c2ccc(N3c4ccccc4C=Cc4ccccc43)cc2)s1)C(=O)O,ClCCl,470.0
739,CCCCCCOc1ccc(N(c2ccc(OCCCCCC)cc2)c2ccc(C34CSC(c5ccc(C=C(C#N)C(=O)O)c6nsnc56)=C3OCCO4)cc2)cc1,Clc1ccccc1,563.0
1296,Cc1cc(C)c(/C2=C3\C=CC(=N3)/C(c3c(C)cc(C)cc3C)=c3/cc/c4n3[Zn]n3c2ccc3/C(c2cc(C(=O)O)cs2)=C2/C=CC(=N2)/C=4c2c(C)cc(C)cc2C)c(C)c1,CCO,601.0
1117,CCN(CC)c1ccc2nc(/C=C(\C#N)C(=O)O)ccc2c1,ClC(Cl)Cl,459.0
1468,N#C/C(=C\c1ccc(-c2ccc(-c3ccc(C#Cc4ccc(N(c5ccccc5)c5ccccc5)cc4)s3)c3nsnc23)s1)C(=O)O,C1CCOC1,515.0
29,CC(C)(C)c1cc(/C2=C3\C=CC(=N3)/C(c3cc(C(C)(C)C)cc(C(C)(C)C)c3)=c3/cc/c4n3[Zn]n3c2cc(/C=C/C=C/C(=O)O)c3/C=C2\N=C(C=C2/C=C/C=C/C(=O)O)/C=4c2cc(C(C)(C)C)cc(C(C)(C)C)c2)cc(C(C)(C)C)c1,CCO,607.0
35,CC(C)(C)c1ccc(-c2ccc(N(c3ccc(/C=C/c4ccc(/C=C(/C#N)C(=O)O)o4)cc3)c3ccc(-c4ccc(C(C)(C)C)cc4)cc3)cc2)cc1,CCO,456.0
1734,[C-]#[N+]/C(=C/c1ccc(N(c2ccc(-c3cccc(OC)c3)cc2)c2ccc(-c3nc4c(-c5cccc(OC)c5)ccc(-c5cccc(OC)c5)c4[nH]3)cc2)cc1)C(=O)O,ClC(Cl)Cl,428.0
425,CCCCCCCCN1C(=O)/C(=c2\s/c(=c3/c(=Cc4ccc5c(c4)C4CCCC4N5c4ccc(C=C(c5ccccc5)c5ccccc5)cc4)sc(=O)n3CC(=O)O)c(=O)n2CCCCCCCC)SC1=S,ClC(Cl)Cl,574.0
1431,N#C/C(=C\c1cc2sc3cc(/C=C/c4ccc(N(c5ccccc5)c5ccccc5)cc4)sc3c2s1)C(=O)O,ClCCl,472.0
1573,N#CC(=Cc1ccc(-c2cc(C(=O)O)c(-c3ccc(/C=C(\C#N)c4ccc([N+](=O)[O-])cc4)s3)cc2C(=O)O)s1)c1ccc([N+](=O)[O-])cc1,C1CCOC1,636.0
1461,N#C/C(=C\c1ccc(-c2ccc(-c3ccc(-c4ccc(N(c5ccccc5)c5ccccc5)cc4)s3)s2)s1)C(=O)O,C1CCOC1,477.0
765,CCCCCCSC1=C(SCCCCCC)SC(=c2c3ccccc3c(=C3SC(SCCCCCC)=C(SCCCCCC)S3)c3cc(C#Cc4ccc(/C=C(\C#N)C(=O)O)s4)ccc23)S1,ClCCl,445.0
1647,O=C(O)CN1C(=O)/C(=C/c2cc3c(c4ccccc24)N(c2ccc(C=C(c4ccccc4)c4ccccc4)cc2)C2CCCC32)SC1=S,ClC(Cl)Cl,551.0
1235,COc1ccc(/C2=C3\C=CC(=N3)/C(c3ccc(OC)cc3)=c3/cc/c4n3[Zn]n3c2ccc3/C(c2ccc(OC)cc2)=C2\N=C(C=C2/C=C(/C#N)C(=O)O)/C=4c2ccc(OC)cc2)cc1,ClCCl,619.0
528,CCCCCCCCn1nc2c(-c3ccc(/C=C(\C#N)C(=O)O)s3)c3nc(-c4ccccc4)c(-c4ccccc4)nc3c(-c3ccc(-c4cccc5c4C4C6CCC(C6)C4N5c4ccccc4)s3)c2n1,ClCCl,630.0
1598,N#CC(=Cc1ccc(-c2cnc(-c3ccc(N(c4ccccc4)c4ccccc4)cc3)c3nsnc23)cc1)C(=O)O,ClCCl,500.0
1064,CCCCn1c2ccc(/C=C(\C#N)C(=O)O)cc2c2cc(-c3sc(-c4ccc(OC)cc4)cc3-c3ccc(OC)cc3)ccc21,ClCCl,395.0
816,CCCCCCc1cc(-c2sc(-c3sc(-c4cc5c(s4)c4ccccc4n5CC)cc3CCCCCC)cc2CCCCCC)sc1/C=C(\C#N)C(=O)O,Cc1ccccc1,496.0
751,CCCCCCOc1ccc2c(c1)Sc1cc(-c3ccc(-c4ccc(/C=C(\C#N)C(=O)O)cc4)c4nsnc34)ccc1N2CCCC,C1CCOC1,462.0
1100,CCN(CC)c1ccc(C=C(C#N)c2ccc(C=CC(=O)O)s2)cc1,CN(C)C=O,458.0
1450,N#C/C(=C\c1ccc(-c2ccc(-c3cc4c5c(c3)CCCN5CCC4)c3nsnc23)s1)C(=O)O,CCO,572.0
579,CCCCCCN1c2ccc(C#Cc3ccc(-c4ccc(C#Cc5ccc6c(c5)Sc5cc(/C=C(/C#N)C(=O)O)ccc5N6CCCCCC)cc4)cc3)cc2Sc2cc(/C=C(/C#N)C(=O)O)ccc21,C1CCOC1,449.0
1201,CN(C)c1ccc(C(C=C(C#N)C#N)=C(C#N)C#N)cc1,ClCCl,570.0
583,CCCCCCN1c2ccc(C#Cc3ccc4ccc5cccc6ccc3c4c56)cc2Sc2cc(C=C(C#N)C#N)ccc21,CC#N,471.0
684,CCCCCCOc1ccc(N(c2ccc(OCCCCCC)cc2)c2ccc(-c3cc4c(s3)c3sc(/C=C(\C#N)C(=O)O)cc3n4-c3ccc(OCCCCCC)cc3OCCCCCC)cc2)cc1,ClCCl,492.0
802,CCCCCCc1cc(-c2ccc(N3c4ccccc4C4C5CCC(C5)C43)cc2)sc1-c1ccc(/C=C2\SC(=S)N(CC(=O)O)C2=O)s1,ClCCl,522.0
553,CCCCCCN1C(=O)C2=C(c3ccc(-c4ccc5c(c4)Sc4ccccc4N5CCCCCC)cc3)N(CCCCCC)C(=O)C2=C1c1ccc(/C=C(\C#N)C(=O)O)cc1,ClCCl,523.0
1511,N#C/C(=C\c1ccc(-c2ccc(N(c3ccccc3)c3ccccc3)cc2)o1)C(=O)O,C1CCOC1,456.0
497,CCCCCCCCn1c(=C(C#N)C#N)s/c(=c2/c(=C\c3ccc(-c4ccc5c(c4)C4CCCC4N5c4ccc5c(c4)C(C)(C)c4ccccc4-5)s3)sc(=O)n2CC(=O)O)c1=O,ClC(Cl)Cl,567.0
1448,N#C/C(=C\c1ccc(-c2cc3sc4cc(-c5ccc(N(c6ccc7c(c6)OCCO7)c6ccc7c(c6)OCCO7)cc5)sc4c3s2)s1)C(=O)O,ClCCl,512.0
977,CCCCN1c2ccccc2Sc2cc(/C=C(\C#N)C(=O)O)ccc21,C1CCOC1,437.0
434,CCCCCCCCN1c2ccc(-c3ccc(C=C(c4ccccc4)c4ccccc4)cc3)cc2Sc2cc(-c3ccc(/C=C(\C#N)C(=O)O)s3)ccc21,ClCCl,449.0
1211,CN(CCO[Si](C)(C)C(C)(C)C)c1ccc(-c2ccc(C=C(C#N)C(=O)O)c3nsnc23)cc1,C1CCOC1,524.0
1503,N#C/C(=C\c1ccc(-c2ccc(N(c3ccc(-c4ccccc4)cc3)c3ccc(-c4ccccc4)cc3)cc2)s1)C(=O)O,ClCCl,468.0
1727,O=[N+]([O-])C=Cc1ccc(N(c2ccccc2)c2ccccc2)cc1,CN(C)C=O,438.0
1498,N#C/C(=C\c1ccc(-c2ccc(C#Cc3c4ccccc4c(-c4ccc(N(c5ccccc5)c5ccccc5)s4)c4ccccc34)s2)s1)C(=O)O,CCO,485.0
1289,Cc1cc(C)c(/C2=C3\C=CC(=N3)/C(c3c(C)cc(C)cc3C)=c3/cc/c4n3[Zn]n3c(ccc32)/C(c2ccc(C(=O)O)cc2)=C2/C=CC(=N2)/C=4c2c(C)cc(C)cc2C)c(C)c1,ClCCl,586.0
40,CC(C)(C)c1ccc(-c2sc(-c3ccc(C(C)(C)C)cc3)c3[nH]c(-c4ccc(-c5ccc(/C=C(\C#N)C(=O)O)s5)s4)nc23)cc1,C1CCOC1,428.0
1186,CCn1c2ccccc2c2cc(C=C(C#N)C(=O)O)ccc21,CC#N,385.0
75,CC(C)CCOc1cc(/C=C(\C#N)C(=O)O)c(OCCC(C)C)cc1/C=C/c1ccc(N(c2ccc3c(c2)-c2ccccc2C3(C)C)c2ccc3c(c2)-c2ccccc2C3(C)C)cc1,C1CCOC1,457.0
1009,CCCC[C@H](CC)CN1c2ccc(-c3ccc(/C=C(/C#N)C(=O)O)s3)cc2Sc2cc(-c3ccc(/C=C(\C#N)C(=O)O)s3)ccc21,C1CCOC1,469.0
1196,CN(C)c1ccc(/C=C/c2sc3ccccc3[n+]2CCCS(=O)(=O)[O-])cc1,ClC(Cl)Cl,565.0
249,CCCCC(CC)Cn1c2cc(-c3ccc(/C=C(\C#N)C(=O)O)s3)ccc2c2nc3ccccc3nc21,ClCCl,439.0
1354,Cc1ccc(N2c3ccc(-c4ncc(-c5ccc(C=C(C#N)C(=O)O)s5)c5nsnc45)cc3C3CCCC32)cc1,ClC(Cl)Cl,576.0
918,CCCCCCn1c2ccccc2c2cc(C=C3C(=O)NC(=O)NC3=O)ccc21,C1CCOC1,427.0
729,CCCCCCOc1ccc(N(c2ccc(OCCCCCC)cc2)c2ccc(-c3sc(-c4cc(OCCCCC)c(/C=C(/C#N)C(=O)O)s4)cc3CCCCCC)cc2)cc1,ClC(Cl)Cl,495.0
188,CCC1(CC)c2cc(-c3ccc(-c4ccc(/C=C(\C#N)C(=O)O)s4)s3)ccc2-c2ccc(N(c3ccc(C=C4c5ccccc5-c5ccccc54)cc3)c3ccc(C=C4c5ccccc5-c5ccccc54)cc3)cc21,ClCCl,437.0
1422,N#C/C(=C\c1cc2sc(-c3cc4sc(-c5ccc(N(c6ccc7c(c6)OCCO7)c6ccc7c(c6)OCCO7)cc5)cc4s3)cc2s1)C(=O)O,ClCCl,510.0
314,CCCCCCC1(CCCCCC)c2cc(C=C(C#N)C#N)sc2-c2sc(-c3ccc(N(c4ccc(C(=O)O)cc4)c4ccc(C(=O)O)cc4)cc3)cc21,C1CCOC1,514.0
8,C=Cc1ccc(N(c2ccccc2)c2ccc(/C=C/C=C3/SC(=S)N(CC(=O)O)C3=O)cc2)cc1,CO,474.0
1690,O=C(O)c1cc2c(cc1C(=O)O)/N=C/c1cc(N(c3ccccc3)c3ccccc3)ccc1O[Zn]Oc1ccc(N(c3ccccc3)c3ccccc3)cc1/C=N/2,C1CCOC1,470.0
1458,N#C/C(=C\c1ccc(-c2ccc(-c3ccc(-c4ccc(N(c5ccccc5)c5ccccc5)cc4)c4nc(-c5ccccc5)c(-c5ccccc5)nc34)s2)s1)C(=O)O,CN(C)C=O,481.0
1395,N#C/C(=C/c1ccc(N(c2ccccc2)c2ccc(/C=C(\C#N)C(=O)O)cc2)cc1)C(=O)O,ClC(Cl)Cl,426.0
1104,CCN(CC)c1ccc(C=CC(=O)O)cc1,CCO,364.0
1547,N#C/C(=C\c1ccc(N2c3ccccc3Sc3ccccc32)cc1)C(=O)O,ClCCl,408.0
807,CCCCCCc1cc(-c2ccc3c(c2)N(c2ccccc2)C2C4CCC(C4)C32)sc1-c1ccc(/C=C(\C#N)C(=O)O)s1,ClCCl,529.0
1400,N#C/C(=C/c1ccc2c(c1)C1CCCC1N2c1ccc(C=C(c2ccccc2)c2ccccc2)cc1)C(=O)O,ClC(Cl)Cl,463.0
1493,N#C/C(=C\c1ccc(-c2ccc(-c3ccc4c(c3)C(=O)c3ccccc3-4)s2)s1)C(=O)O,C1CCOC1,376.0
911,CCCCCCn1c2ccccc2c2cc(-c3ccc(C=C4C(=O)NC(=S)NC4=O)cc3)ccc21,ClC(Cl)Cl,489.0
448,CCCCCCCCOCc1cccc(OCCCCCCCC)c1/C1=C2\C=CC(=N2)/C(CCc2ccc(C(=O)O)cc2)=c2/cc/c3n2[Zn]n2c1ccc2/C(N(c1ccc(C)cc1)c1ccc(C)cc1)=C1/C=CC(=N1)/C=3N(c1ccc(C)cc1)c1ccc(C)cc1,CCO,657.0
1347,Cc1ccc(N2c3ccc(-c4ccc(-c5ccc(C=C(C#N)C(=O)O)s5)c5nsnc45)cc3C3CCCC32)cc1,ClCCl,545.0
467,CCCCCCCCOc1cccc(OCCCCCCCC)c1/C1=C2\C=CC(=N2)/C(C#Cc2ccc(/C=C(/O)C(=O)O)cc2)=c2/cc/c3n2[Zn]n2c1ccc2/C(N(c1ccc(CCCCCC)cc1)c1ccc(CCCCCC)cc1)=C1/C=CC(=N1)/C=3c1c(OCCCCCCCC)cccc1OCCCCCCCC,C1CCOC1,640.0
1389,N#C/C(=C/c1ccc(C#C/C2=c3\cc/c4n3[Zn]n3c(ccc3/C(N(c3ccccc3)c3ccccc3)=C3/C=CC(=N3)/C=4c3ccccc3)/C(c3ccccc3)=C3/C=CC2=N3)cc1)C(=O)O,C1CCOC1,644.0
197,CCC1(CC)c2cc(-c3ccc(/C=C(\C#N)C(=O)O)s3)ccc2-c2ccc(N(c3ccccc3)c3ccc(C=C(C#N)C#N)cc3)cc21,ClCCl,460.0
625,CCCCCCOc1cc(OCCCCCC)cc(-n2c3cc(C4=C5C(C)=CC(C)=[N+]5[B-](F)(F)n5c(C)cc(C)c54)sc3c3sc(-c4cc5c(s4)c4sc(/C=C(\C#N)C(=O)O)cc4n5-c4ccc(OCCCCCC)cc4OCCCCCC)cc32)c1,ClCCl,517.0
819,CCCCCCc1cc(-c2sc(-c3sc(-c4sc(-c5ccc6c(c5)c5ccccc5n6CC)cc4CCCCCC)cc3CCCCCC)cc2CCCCCC)sc1/C=C(\C#N)C(=O)Nc1ccc([Si](OC)(OC)OC)cc1,Cc1ccccc1,498.0
831,CCCCCCc1cc(/C=C(/C#N)C(=O)O)sc1/C=C/c1ccc(N(c2ccc(-c3ccc4c(c3)C(C)(C)c3ccccc3-4)cc2)c2ccc(-c3ccc4c(c3)C(C)(C)c3ccccc3-4)cc2)cc1,CCO,456.0
1466,N#C/C(=C\c1ccc(-c2ccc(-c3ccc(/C=C/c4ccc(N(c5ccccc5)c5ccccc5)cc4)s3)c3nsnc23)s1)C(=O)O,C1CCOC1,546.0
826,CCCCCCc1cc(-c2sc(/C=C(\C#N)C(=O)O)cc2CCCCCC)sc1-c1ccc(N(c2ccccc2)c2ccccc2)cc1,ClCCl,475.0
1702,O=C(O)c1ccc(/C2=C3\C=CC(=N3)/C(c3ccccc3)=c3/cc/c4n3[Zn]n3c2ccc3/C(c2ccccc2)=C2/C=CC(=N2)/C=4c2ccc(-n3c4ccccc4c4ccccc43)cc2)cc1,ClCCl,586.0
245,CCCCC(CC)Cc1cc(-c2sc(-c3sc(-c4ccc5c(c4)c4ccccc4n5CC)cc3CC(CC)CCCC)cc2CC(CC)CCCC)sc1/C=C(\C#N)C(=O)O,ClC(Cl)Cl,470.0
404,CCCCCCCCN(CCCCCCCC)c1ccc(C2=C([O-])/C(=C/C3=[N+](CC(=O)O)c4ccccc4C3(C)C)C2=O)cc1,c1ccccc1,634.0
1499,N#C/C(=C\c1ccc(-c2ccc(C#Cc3ccc(N4c5ccccc5C=Cc5ccccc54)cc3)c3nsnc23)cc1)C(=O)O,ClCCl,455.0
731,CCCCCCOc1ccc(N(c2ccc(OCCCCCC)cc2)c2ccc(-c3sc(-c4cc[n+](CC(=O)O)cc4)cc3CCCCCC)cc2)cc1,ClCCl,486.0
798,CCCCCCc1cc(-c2ccc(N(c3ccccc3)c3ccccc3)cc2)sc1-c1ccc(/C=C(\C#N)C(=O)O)s1,ClCCl,492.0
893,CCCCCCn1c2ccc(-c3ccc(N(c4ccccc4)c4ccccc4)cc3)cc2c2cc(-c3ccc(/C=C(\C#N)C(=O)O)o3)ccc21,ClCCl,468.0
480,CCCCCCCC[NH+]1c2ccc(C(=O)O)cc2C(C)(C)[C@@H]1/C=C1\C(=O)[C@H](c2ccc(-c3ccc4c(c3)Sc3cc(OC[C@@H](CC)CCCC)ccc3N4CCCCCC)s2)[C@@H]1[O-],C1CCOC1,653.0
1559,N#C/C(=C\c1ccc2c(c1)Sc1ccccc1N2Cc1ccc(CN2c3ccccc3Sc3cc(/C=C(\C#N)C(=O)O)ccc32)cc1)C(=O)O,C1CCOC1,439.0
1651,O=C(O)CN1C(=O)/C(=C/c2ccc(-c3ccc(-c4ccc(-c5ccc(N6c7ccccc7C7C8CCC(C8)C76)cc5)s4)s3)s2)SC1=S,ClCCl,560.0
942,CCCCN(CCCC)c1ccc([C+]2C([O-])[C+](c3ccc(N(C)CCOC(=O)CCC(=O)OCc4ccc5c(=C(C#N)C#N)c6ccccc6c(=C(C#N)C#N)c5c4)cc3)C2[O-])cc1,ClC(Cl)Cl,632.0
749,CCCCCCOc1ccc(N2c3ccccc3Sc3cc(/C=C(\C#N)C(=O)O)ccc32)cc1,ClCCl,475.0
287,CCCCCC1=C2C(C)=C(c3ccc4c(c3)Sc3ccccc3N4CCCCCCN3c4ccccc4Sc4cc(C5=C(C)C6=C(CCCCC)c7c(C)c(/C=C(\C#N)C(=O)O)c(C)n7[B-](F)(F)[N+]6=C5C)ccc43)C(C)=[N+]2[B-](F)(F)n2c(C)c(/C=C(\C#N)C(=O)O)c(C)c21,ClC(Cl)Cl,532.0
474,CCCCCCCC[N+]1=C(/C=C2\C([O-])=C(C=C3N(CCCCCCCO)c4ccc(C(=O)O)cc4C3(C)C)C2=C(C#N)C(=O)OCC)C(C)(C)c2cc(C(=O)O)ccc21,CN(C)C=O,703.0
1273,CSC1=C(SC)SC(=Cc2ccc(N(c3ccccc3)c3ccc(/C=C(/C#N)C(=O)O)cc3)cc2)S1,CO,413.0
799,CCCCCCc1cc(-c2ccc(N(c3ccccc3)c3ccccc3)cc2)sc1-c1ccc(/C=C2\SC(=S)N(CC(=O)O)C2=O)s1,ClCCl,505.0
1370,Cn1c(/C=C(\C#N)C(=O)O)ccc1C1=Nc2ccc(N(c3ccccc3)c3ccccc3)cc2C1(C)C,C1CCOC1,395.0
1310,Cc1ccc(/C2=C3\C=CC(=N3)/C(c3ccc(C)s3)=c3/cc/c4n3[Zn]n3c2ccc3/C(c2ccc(/C=C(\C#N)C(=O)O)s2)=C2/C=CC(=N2)/C=4c2ccc(C)s2)s1,ClC(Cl)Cl,560.0
1253,COc1ccc(N(c2ccc(OC)cc2)c2ccc(-c3ccc(/C=C(/C#N)C(=O)O)s3)cc2)cc1,CC#N,501.0
1471,N#C/C(=C\c1ccc(-c2ccc(-c3ccc(N(c4ccc(/C=C/c5ccccc5)cc4)c4ccc(/C=C/c5ccccc5)cc4)cc3)s2)s1)C(=O)O,C1CCOC1,477.0
1656,O=C(O)CN1C(=O)/C(=C/c2ccc(N(c3ccc(/C=C4/SC(=S)N(CC(=O)O)C4=O)cc3)c3ccc(/C=C4/SC(=S)N(CC(=O)O)C4=O)cc3)cc2)SC1=S,CCO,480.0
672,CCCCCCOc1ccc(N(c2ccc(OCCCCCC)cc2)c2ccc(-c3cc4c(s3)-c3sc(-c5ccc6cc(/C=C(/C#N)C(=O)O)c(=O)[nH]c6c5)cc3C4(CCCCCC)CCCCCC)cc2)cc1,ClCCl,469.0
1617,N#CC(=Cc1ccc(N(c2ccc(C#Cc3ccccc3)cc2)c2ccc(C#Cc3ccccc3)cc2)cc1)C(=O)O,CCO,410.0
429,CCCCCCCCN1C(=O)S/C(=c2/c(=Cc3ccc4c(c3)C3CCCC3N4c3ccc(C=C(c4ccccc4)c4ccccc4)cc3)sc(=O)n2CC(=O)O)C1=O,ClC(Cl)Cl,521.0
1392,N#C/C(=C/c1ccc(N(c2ccccc2)c2ccc(-c3nc(-c4ccccc4)c(-c4ccccc4)[nH]3)cc2)cc1)C(=O)O,CCO,405.0
728,CCCCCCOc1ccc(N(c2ccc(OCCCCCC)cc2)c2ccc(-c3ncc(-c4sc(-c5ccc(/C=C(\C#N)C(=O)O)s5)cc4CCCCCC)c4nsnc34)cc2)cc1,ClCCl,554.0
164,CC1(C)c2ccccc2-c2ccc(N(c3ccc4c(c3)C(C)(C)c3ccccc3-4)c3ccc4cc(-c5ccc(/C=C(\C#N)C(=O)O)s5)oc4c3)cc21,CCO,463.0
1240,COc1ccc(N(c2ccc(-c3ccc(C=C(C#N)C(=O)O)o3)cc2)c2ccc(OC)cc2OC)c(OC)c1,ClCCl,504.0
698,CCCCCCOc1ccc(N(c2ccc(OCCCCCC)cc2)c2ccc(-c3ccc(-c4ccc(/C=C(\C#N)C(=O)O)s4)c4nsnc34)cc2)cc1,C1CCOC1,514.0
746,CCCCCCOc1ccc(N2c3ccccc3Oc3cc(/C=C(\C#N)C(=O)O)ccc32)cc1,ClCCl,486.0
889,CCCCCCn1c2ccc(-c3ccc(-c4ccc(/C=C(\C#N)C(=O)O)s4)n3C)cc2c2cc(N(c3ccccc3)c3ccccc3)ccc21,C1CCOC1,497.0
1061,CCCCn1c2ccc(-c3ccc(OC)cc3)cc2c2cc(-c3ccc(/C=C(\C#N)C(=O)O)s3)ccc21,ClCCl,459.0
1674,O=C(O)CN1C(=O)/C(=C\c2ccc(N(c3ccccc3)c3ccc(/C=C/c4ccc(N(c5ccccc5)c5ccccc5)cc4)cc3)cc2)SC1=S,ClCCl,476.0
196,CCC1(CC)c2cc(-c3ccc(/C=C(\C#N)C(=O)O)s3)ccc2-c2ccc(N(c3ccccc3)c3c4ccccc4cc4ccccc34)cc21,C1CCOC1,421.0
477,CCCCCCCC[N+]1=C(C=C2C(=O)C(/C=C3/N(CC)c4ccc(N(c5ccc(OC)cc5)c5ccc(OC)cc5)cc4C3(C)C)=C2[O-])C(C)(C)c2cc(C(=O)O)ccc21,CCO,658.0
1523,N#C/C(=C\c1ccc(-c2sc(-c3ccc(N(c4ccccc4)c4ccccc4)cc3)c3c2OCCO3)s1)C(=O)O,C1CCOC1,470.0
574,CCCCCCN1c2ccc(/C=C(\C#N)C(=O)O)cc2Sc2cc(N(c3ccc4c(c3)c3ccccc3n4CCCCCC)c3ccc4c(c3)c3ccccc3n4CCCCCC)ccc21,ClCCl,512.0
1232,COc1cc2cc(C#Cc3ccc(C=C(C#N)C(=O)O)cc3)c(=O)oc2cc1OC,CC#N,398.0
49,CC(C)(C)c1ccc(N(/C2=c3\cc/c4n3[Zn]n3c(ccc3/C(c3cc(C(C)(C)C)cc(C(C)(C)C)c3)=C3/C=CC2=N3)/C(C#Cc2ccc(C(=O)O)cc2)=C2/C=CC(=N2)/C=4c2cc(C(C)(C)C)cc(C(C)(C)C)c2)c2ccc(C(C)(C)C)cc2)cc1,CCO,644.0
1203,CN(C)c1ccc(N=Nc2ccc(C(=O)O)cc2)cc1,CCO,428.0
650,CCCCCCOc1ccc(-n2c3cc(/C=C(\C#N)C(=O)O)sc3c3sc(-c4ccc(N(c5ccccc5)c5ccccc5)cc4)cc32)c(OCCCCCC)c1,ClCCl,493.0
1158,CCSc1cc2c(cc1C=C(C#N)C(=O)O)Sc1ccccc1N2c1ccc(OC)cc1,ClCCl,492.0
1561,N#C/C(=C\c1sc(-c2ccc(-c3ccc(N(c4ccc5c(c4)OCCO5)c4ccc5c(c4)OCCO5)cc3)s2)c2c1OCCO2)C(=O)O,CN(C)C=O,524.0
969,CCCCN1c2ccccc2Sc2cc(-c3ccc(/C=C(\C#N)C(=O)O)o3)ccc21,ClCCl,442.0
834,CCCCCCc1cc(/C=C(\C#N)C(=O)O)sc1/C1=C2\C=CC(=N2)/C(c2ccc(C)s2)=c2/cc/c3n2[Zn]n2c(ccc21)/C(c1ccc(C)s1)=C1/C=CC(=N1)/C=3c1ccc(C)s1,ClC(Cl)Cl,558.0
864,CCCCCCc1nc(-c2nc(CCCCCC)c(-c3ccc(/C=C(\C#N)C(=O)O)s3)s2)sc1C#Cc1ccc(N(c2ccccc2)c2ccccc2)cc1,ClCCl,465.0
1542,N#C/C(=C\c1ccc(N(c2ccc(-c3ccc(N(c4ccccc4)c4ccccc4)cc3)cc2)c2ccc(-c3ccc(N(c4ccccc4)c4ccccc4)cc3)cc2)cc1)C(=O)O,ClC(Cl)Cl,458.0
44,CC(C)(C)c1ccc(C2=CC(=Cc3ccc(/C=C(\C#N)C(=O)O)s3)C=C(c3ccc(C(C)(C)C)cc3)O2)cc1,ClCCl,573.0
1425,N#C/C(=C\c1cc2sc(-c3ccc(-c4ccc(N(c5ccc6c(c5)OCCO6)c5ccc6c(c5)OCCO6)cc4)s3)cc2s1)C(=O)O,ClCCl,499.0
247,CCCCC(CC)Cn1c2cc(-c3ccc(/C=C(\C#N)C(=O)O)o3)ccc2c2nc3c(-c4ccc(N(c5ccccc5)c5ccccc5)cc4)ccc(-c4ccc(N(c5ccccc5)c5ccccc5)cc4)c3nc21,ClCCl,438.0
1730,Oc1ccc(/C2=C3\C=CC(=N3)/C(c3ccc(O)cc3O)=c3/cc/c4n3[Zn]n3c2ccc3/C(c2ccc(O)cc2O)=C2/C=CC(=N2)/C=4c2ccc(O)cc2O)c(O)c1,CCO,425.0
302,CCCCCCC(CCCC)Cc1cc(/C=C(\C#N)C(=O)O)sc1-c1cc2c3nonc3c3cc(-c4sc(-c5ccc6c(c5)Sc5ccccc5N6CC)cc4CC(CCCC)CCCCCC)sc3c2s1,C1CCOC1,463.0
588,CCCCCCN1c2ccc(C=C3SC(=S)N(CC(=O)O)C3=O)cc2Sc2cc(-n3c4ccc(-n5c6ccc(C(C)(C)C)cc6c6cc(C(C)(C)C)ccc65)cc4c4cc(-n5c6ccc(C(C)(C)C)cc6c6cc(C(C)(C)C)ccc65)ccc43)ccc21,ClCCl,464.0
1373,N#C/C(=C/c1cc2sc(-c3ccc(-c4ccc(N5c6ccccc6C6C7CCC(C7)C65)cc4)s3)cc2s1)C(=O)O,ClCCl,505.0
271,CCCCC1(CCCC)c2ccccc2-c2ccc(-c3cc(/C=C(\C#N)C(=O)O)c(-c4cc5cc6c7c(c5oc4=O)C(C)(C)CCN7CCC6(C)C)s3)cc21,ClC(Cl)Cl,478.0
678,CCCCCCOc1ccc(N(c2ccc(OCCCCCC)cc2)c2ccc(-c3cc4c(s3)-c3sc(/C=C(\C#N)C(=O)O)cc3C4(CCCCCC)CCCCCC)c3nsnc23)cc1,ClCCl,498.0
315,CCCCCCC1(CCCCCC)c2ccccc2-c2ccc(N3c4ccccc4Sc4cc(/C=C(\C#N)C(=O)O)ccc43)cc21,ClCCl,478.0
1230,COc1cc2cc(/C=C/c3ccc(/C=C/c4ccc(C=C(C#N)C(=O)O)cc4)cc3)c(=O)oc2cc1OC,CC#N,415.0
285,CCCCCC1=C2C(C)=C(c3ccc4c(c3)Sc3ccccc3N4CCC)C(C)=[N+]2[B-](F)(F)n2c(C)c(/C=C(\C#N)C(=O)O)c(C)c21,ClC(Cl)Cl,532.0
1200,CN(C)c1ccc(C#Cc2ccc(/C=C(\C#N)C(=O)O)s2)cc1,CN(C)C=O,408.0
545,CCCCCCN(CCCCCC)c1cc2c(C#Cc3ccc(/C=C(/C#N)C(=O)O)cc3)c3oc(N(CCCCCC)CCCCCC)cc3c(C#Cc3ccc(/C=C(/C#N)C(=O)O)cc3)c2o1,C1CCOC1,516.0
409,CCCCCCCCN(CCCCCCCC)c1ccc(C2=C([O-])/C(=C/c3[se]c4ccccc4[n+]3CC(=O)O)C2=O)cc1,Cc1ccccc1,624.0
341,CCCCCCCCCCCCN(c1ccc(-c2ccc(/C=C(\C#N)C(=O)O)s2)cc1)c1ccc(-n2c3ccc(C(C)(C)C)cc3c3cc(C(C)(C)C)ccc32)cc1,ClCCl,457.0
469,CCCCCCCC[N+]1=C(/C=C2/C(=O)C(/C=C3/N(CC)c4cc5ccccc5cc4C3(C)C)=C2[O-])C(C)(C)c2cc(C(=O)O)ccc21,CN(C)C=O,662.0
366,CCCCCCCCCCCCc1cc(-c2ccc(N3c4ccc(C=C(c5ccccc5)c5ccccc5)cc4C4C5CCC(C5)C43)cc2)sc1-c1cc2sc(/C=C(/C#N)C(=O)O)cc2s1,ClCCl,489.0
1304,Cc1ccc(-c2c3nc(c(-c4ccc(C)cc4)c4ccc([nH]4)c(-c4ccc(C(=O)O)cc4)c4nc(c(-c5ccc(C)cc5)c5ccc2[nH]5)C=C4)C=C3)cc1,ClC(Cl)Cl,648.0
322,CCCCCCCCC(CCCCCCCC)n1c2ccc(-c3ccc(-c4ccc(-c5ccc(/C=C(/C#N)C(=O)O)s5)s4)s3)cc2c2cc(-c3ccc(-c4ccc(-c5ccc(/C=C(\C#N)C(=O)O)s5)s4)s3)ccc21,C1CCOC1,484.0
1633,N#CC(C#N)=c1[nH]c(=O)/c(=C/c2ccc(-c3ccc(N(c4ccccc4)c4ccc(-c5ccc(/C=c6\sc(=C(C#N)C#N)[nH]c6=O)s5)cc4)cc3)s2)s1,CCO,489.0
1662,O=C(O)CN1C(=O)/C(=C/c2ccc(N(c3ccccc3)c3ccc(/C=N/N(c4ccccc4)c4ccccc4)cc3)cc2)SC1=S,ClC(Cl)Cl,487.0
70,CC(C)(C)c1ccc2c(c1)c1cc(C(C)(C)C)ccc1n2-c1ccc2c3ccc(C#Cc4ccc(C=C(C#N)C(=O)O)cc4)cc3n(-c3ccc(C(F)(F)F)cc3)c2c1,ClCCl,395.0
1085,CCCc1c(/C=C(\C#N)C(=O)O)sc2cc(-c3ccc4c(c3)C3CCCC3N4c3ccc(OC(C)(C)C)cc3)sc12,ClCCl,465.0
504,CCCCCCCCn1c2c(c3ccccc31)-c1c(c3ccccc3n1CCCCCCCC)-c1c(c3cc(-c4ccc(-c5ccc(/C=C(\C#N)C(=O)O)s5)s4)ccc3n1CCCCCCCC)-c1c-2c2ccccc2n1CCCCCCCC,ClCCl,474.0
10,C=Cc1ccc(N(c2ccccc2)c2ccc(C=C(C#N)C(=O)O)cc2)cc1,CO,403.0
691,CCCCCCOc1ccc(N(c2ccc(OCCCCCC)cc2)c2ccc(-c3ccc(-c4cc(-c5nc6cccc(-c7ccc(-c8ccc(N(c9ccc(OCCCCCC)cc9)c9ccc(OCCCCCC)cc9)cc8)s7)c6nc5-c5ccc(/C=C(\C#N)C(=O)O)s5)cs4)s3)cc2)cc1,Cc1ccccc1,542.0
1006,CCCCSC1=C(SCCCC)SC(=Cc2ccc(-c3ccc(-c4ccc(/C=C(\C#N)C(=O)O)cc4)s3)cc2)S1,C1CCOC1,438.0
509,CCCCCCCCn1c2ccc(-c3ccc(N(c4ccccc4)c4ccccc4)cc3)cc2c(=O)c2cc3c(cc21)c(=O)c1cc(-c2ccc(C=C(C#N)C(=O)O)o2)ccc1n3CCCCCCCC,C1CCOC1,534.0
989,CCCCO/C1=C2\C=CC(=N2)/C(c2ccccc2)=c2/cc/c3n2[Zn]n2c(ccc21)/C(c1ccccc1)=C1/C=CC(=N1)C=3\C=C\C=C(/C#N)C(=O)O,CCO,641.0
1384,N#C/C(=C/c1ccc(-c2ccc(N(c3ccccc3)c3ccccc3)cc2)s1)C(=O)O,C1CCOC1,432.0
1527,N#C/C(=C\c1ccc(/C=C/c2cc3ccc2CCc2ccc(c(/C=C/c4ccc(/C=C/c5ccc(N(c6ccccc6)c6ccccc6)cc5)cc4)c2)CC3)cc1)C(=O)O,C1CCOC1,400.0
64,CC(C)(C)c1ccc2c(c1)c1cc(C(C)(C)C)ccc1n2-c1ccc(-c2ccc(/C=C(/C#N)C(=O)O)s2)cc1,ClC(Cl)Cl,438.0
905,CCCCCCn1c2ccccc2c2cc(-c3ccc(/C=C4\SC(=S)N(CC(=O)O)C4=O)cc3)ccc21,ClC(Cl)Cl,438.0
1187,CCn1c2ccccc2c2cc(N(c3ccc4c(c3)C(CC)(CC)c3ccccc3-4)c3ccc4c(c3)C(CC)(CC)c3cc(-c5ccc(-c6ccc(/C=C(\C#N)C(=O)O)s6)s5)ccc3-4)ccc21,C1CCOC1,473.0
1650,O=C(O)CN1C(=O)/C(=C/c2ccc(-c3ccc(-c4ccc(-c5cc6c7c(c5)CCCN7CCC6)cc4)s3)s2)SC1=S,CCO,501.0
419,CCCCCCCCN1C(=O)/C(=C2/C(=O)N(CCCCCCCC)c3cc(-c4ccc(N(c5ccc(OC)cc5)c5ccc(OC)cc5)cc4)ccc32)c2ccc(-c3ccc(/C=C(\C#N)C(=O)O)cc3)cc21,ClCCl,568.0
1285,Cc1cc(/C=C(/C#N)C(=O)O)sc1/C=C/c1ccc(N(c2ccc(-c3ccc4c(c3)C(C)(C)c3ccccc3-4)cc2)c2ccc(-c3ccc4c(c3)C(C)(C)c3ccccc3-4)cc2)cc1,CCO,463.0
1144,CCN1c2ccc(C=C3SC(=S)N(CC(=O)O)C3=O)cc2Sc2cc(C=C3SC(=S)N(CC(=O)O)C3=O)ccc21,CN(C)C=O,489.0
207,CCC1(CC)c2cc(C#Cc3ccc(/C=C(\C#N)C(=O)O)cc3)ccc2-c2ccc(N(c3ccccc3)c3ccccc3)cc21,C1CCOC1,384.0
330,CCCCCCCCCCCCC1(CCCCCCCCCCCC)c2cc(/C=C(\C#N)C(=O)O)sc2-c2sc(-c3ccc4c(c3)Sc3ccccc3N4CCCC)cc21,ClCCl,532.0
489,CCCCCCCCc1cc(/C=C(/C#N)C(=O)O)sc1-c1ccc(-c2sc(-c3ccc4c(c3)c3nc5ccccc5nc3n4CC(CC)CCCC)cc2CCCCCCCC)s1,ClCCl,480.0
1596,N#CC(=Cc1ccc(-c2ccc3c(c2)Sc2ccccc2N3C2CCCCC2)s1)C(=O)O,CN(C)C=O,408.0
1708,O=C(O)c1ccc(C#C/C2=C3\C=CC(=N3)/C(c3ccccc3)=c3/cc/c4n3[Zn]n3c2ccc3/C(c2ccccc2)=C2/C=CC(=N2)/C=4)cc1,C1CCOC1,615.0
1054,CCCCn1c2ccc(-c3ccc(-c4ccncc4)s3)cc2c2cc(-c3ccc(-c4ccc(O)c(O)c4)s3)ccc21,C1COCCO1,373.0
533,CCCCCCCCn1nc2c(-c3ccc(C(=O)O)cc3)c3nc(-c4ccccc4)c(-c4ccccc4)nc3c(-c3ccc(N(c4ccccc4)c4ccccc4)cc3)c2n1,ClCCl,714.0
1666,O=C(O)CN1C(=O)/C(=C/c2ccc3c(c2)CC(O)CN3c2ccccc2)SC1=S,C1CCOC1,473.0
662,CCCCCCOc1ccc(N(c2ccc(/C=C/c3cc4c(s3)c3sc(C=C(C#N)C(=O)O)cc3n4-c3ccc(OCCCCCC)cc3)cc2)c2ccc(OCCCCCC)cc2)cc1,ClCCl,516.0
421,CCCCCCCCN1C(=O)/C(=c2\s/c(=C\c3ccc(N(c4ccccc4)c4ccc(/C=c5/s/c(=C6/SC(=S)N(CCCCCCCC)C6=O)n(CC(=O)O)c5=O)cc4)cc3)c(=O)n2CC(=O)O)SC1=S,ClC(Cl)Cl,535.0
768,CCCCCC[N+]1=C(/C=C2/C(=O)C(c3ccc(N(c4ccc5c(c4)C(CCCCCC)(CCCCCC)c4ccccc4-5)c4ccc5c(c4)C(CCCCCC)(CCCCCC)c4ccccc4-5)cc3)C2[O-])c2ccc(C(=O)O)c3cccc1c23,CCO,771.0
1379,N#C/C(=C/c1ccc(-c2ccc(-c3ccc4c(c3)C3CCCC3N4c3ccc(C=C(c4ccccc4)c4ccccc4)cc3)s2)s1)C(=O)O,ClC(Cl)Cl,517.0
998,CCCCOc1ccc(N(c2ccc(OCCCC)cc2)c2ccc(-c3ccc(C=C(C#N)C(=O)O)s3)cc2)cc1,ClC(Cl)Cl,510.0
595,CCCCCCN1c2ccccc2Sc2cc(-c3ccc4c(c3)Sc3cc(-c5ccc6c(c5)Sc5cc(/C=C(\C#N)C(=O)O)ccc5N6CCCCCC)ccc3N4CCCCCC)ccc21,ClCCl,478.0
1683,O=C(O)CN1C(=O)C(=Cc2ccc(NC3=CCC(C=C4SC(=S)N(CC(=O)O)C4=O)(c4ccccc4)C=C3)cc2)SC1=S,CCO,467.0
1386,N#C/C(=C/c1ccc(-c2ccc3c(c2)C2CCCC2N3c2ccc(C=C(c3ccccc3)c3ccccc3)cc2)s1)C(=O)O,ClC(Cl)Cl,519.0
475,CCCCCCCC[N+]1=C(/C=C2\C([O-])=C(C=C3N(CCCCCCCO)c4ccccc4C3(C)C)C2=C(C#N)C(=O)OCC)C(C)(C)c2cc(C(=O)O)ccc21,CN(C)C=O,695.0
1577,N#CC(=Cc1ccc(-c2ccc(-c3ccc(-c4ccc5c(c4)C4CCCC4N5c4ccc(C=C(c5ccccc5)c5ccccc5)cc4)s3)s2)s1)C(=O)O,ClC(Cl)Cl,519.0
133,CC1(C)c2cc(C=C(C#N)C(=O)O)ccc2-c2ccc(-c3ccc(-c4ccc(N(c5ccccc5)c5ccccc5)cc4)s3)cc21,C1CCOC1,427.0
15,CC(C)(C)OC(=O)c1ccc(OCCCCCCn2c(/C=C/c3ccc(N(c4ccccc4)c4ccccc4)cc3)ccc2/C=C(\C#N)C(=O)O)cc1,ClCCl,486.0
442,CCCCCCCCN1c2ccccc2Oc2cc(-c3ccc(/C=C(\C#N)C(=O)O)o3)ccc21,ClCCl,518.0
1635,N#CC(C#N)=c1[nH]c(=O)/c(=C/c2ccc(N(c3ccc(/C=c4\sc(=C(C#N)C#N)[nH]c4=O)cc3)c3ccc(/C=c4/sc(=C(C#N)C#N)[nH]c4=O)cc3)cc2)s1,CCO,454.0
479,CCCCCCCC[NH+]1c2ccc(C(=O)O)cc2C(C)(C)[C@@H]1/C=C1\C(=O)[C@H](c2ccc(-c3ccc(-c4ccc5c(c4)Sc4cc(OC[C@@H](CC)CCCC)ccc4N5CCCCCC)s3)s2)[C@@H]1[O-],C1CCOC1,667.0
1675,O=C(O)CN1C(=O)/C(=C\c2ccc(N(c3ccccc3)c3ccccc3)cc2)SC1=S,CCO,455.0
1109,CCN(CC)c1ccc(N=Nc2ccc([N+](=O)[O-])cc2[N+](=O)[O-])cc1,CC#N,528.0
1172,CCn1c2ccc(-c3ccc(C=C(c4ccc(N(C)C)cc4)c4ccc(N(C)C)cc4)cc3)cc2c2cc(-c3ccc(/C=C(\C#N)C(=O)O)s3)ccc21,ClC(Cl)Cl,445.0
1096,CCN(CC)c1ccc(/C=C2/SC(=S)N(CC(=O)O)C2=O)cc1,CCO,458.0
699,CCCCCCOc1ccc(N(c2ccc(OCCCCCC)cc2)c2ccc(-c3ccc(-c4ccc(/C=C(\C#N)C(=O)O)s4)s3)cc2)cc1,C1CCOC1,486.0
1453,N#C/C(=C\c1ccc(-c2ccc(-c3ccc(-c4cc5c6c(c4)CCCN6CCC5)cc3)s2)s1)C(=O)O,CCO,457.0
1140,CCN1O/C(=c2\c(=Cc3ccc(-c4ccc5c(c4)C4CCCC4N5c4ccc(N(c5ccccc5)c5ccccc5)cc4)cc3)sc(=O)n2CC(=O)O)SC1=S,ClC(Cl)Cl,549.0
709,CCCCCCOc1ccc(N(c2ccc(OCCCCCC)cc2)c2ccc(-c3ccc(-c4nc5c6cc(-c7ccc(/C=C(\C#N)C(=O)O)s7)sc6c6sc(-c7ccc(/C=C(\C#N)C(=O)O)s7)cc6c5n4CCCCCC)s3)cc2)cc1,C1CCOC1,460.0
103,CC1(C)C/C(=C(/C#N)C(=O)O)CC(/C=C/c2ccc(N(c3ccccc3)c3ccccc3)cc2)C1,ClCCl,478.0
1256,COc1ccc(N(c2ccc(OC)cc2)c2ccc(-c3sc(-c4ccc(C=C(C#N)C(=O)O)s4)nc3OC)cc2)cc1,C1CCOC1,505.0
60,CC(C)(C)c1ccc2c(c1)c1cc(C(C)(C)C)cc3c4ccc(-c5ccc(-c6ccc(/C=C(\C#N)C(=O)O)s6)s5)cc4n2c13,C1CCOC1,461.0
951,CCCCN1C(=O)C2=C(c3ccc(-c4ccc(/C=C(\C#N)C(=O)O)s4)s3)N(CCCC)C(=O)C2=C1c1ccc(-c2ccc(N(c3ccc(OC)cc3)c3ccc(OC)cc3)cc2)cc1,ClCCl,627.0
78,CC(C)Cc1ccc(/C2=C3\C=CC(=N3)/C(c3ccc(CC(C)C)cc3)=c3/cc/c4n3[Zn]n3c2ccc3/C(c2ccc(CC(C)C)cc2)=C2\N=C(C=C2C#Cc2ccc(C(=O)O)cc2)/C=4c2ccc(CC(C)C)cc2)cc1,ClCCl,606.0
394,CCCCCCCCN(CCCCCCCC)c1ccc(C#C/C2=C3\C=CC(=N3)/C(c3cc(C(C)(C)C)cc(C(C)(C)C)c3)=c3/cc/c4n3[Zn]n3c2ccc3/C(c2cc(C(C)(C)C)cc(C(C)(C)C)c2)=C2/C=CC(=N2)/C=4C#Cc2ccc(C(=O)O)cc2)cc1,C1CCOC1,677.0
167,CC1(C)c2ccccc2-c2ccc(N(c3ccc4c(c3)C(C)(C)c3ccccc3-4)c3ccc4cc(/C=C/c5ccc(/C=C(/C#N)C(=O)O)s5)sc4c3)cc21,CCO,476.0
1178,CCn1c2ccccc2c2c1c1c3ccccc3n(CC)c1c1c3cc(-c4ccc(/C=C5\SC(=S)N(CC(=O)O)C5=O)s4)ccc3n(CC)c21,C1CCOC1,507.0
1504,N#C/C(=C\c1ccc(-c2ccc(N(c3ccc(-c4cccs4)cc3)c3ccc(-c4cccs4)cc3)cc2)s1)C(=O)O,CN(C)C=O,419.0
1195,CN(C)c1ccc(/C=C/c2cc[n+](CCCS(=O)(=O)[O-])cc2)cc1,CO,480.0
1135,CCN1C(=O)/C(=c2\s/c(=c3/c(=Cc4ccc5c(c4)C4CCCC4N5c4ccc(C=C(c5ccccc5)c5ccccc5)cc4)sc(=O)n3CC(=O)O)c(=O)n2CC)SC1=S,ClC(Cl)Cl,573.0
1562,N#C/C(=C\c1sc(-c2ccc(-c3ccc(N(c4ccccc4)c4ccccc4)cc3)s2)c2c1OCCO2)C(=O)O,CN(C)C=O,514.0
352,CCCCCCCCCCCCOc1cc(C#Cc2ccc(N(c3ccccc3)c3ccccc3)cc2)c(OCCCCCCCCCCCC)cc1C#Cc1ccc(C(=O)O)cc1,C1CCOC1,393.0
187,CCC1(CC)c2cc(-c3ccc(-c4ccc(/C=C(\C#N)C(=O)O)s4)n3C)ccc2-c2ccc(N(c3ccccc3)c3ccccc3)cc21,C1CCOC1,475.0
1377,N#C/C(=C/c1ccc(-c2ccc(-c3ccc(N(c4ccccc4)c4ccccc4)cc3)s2)s1)C(=O)O,ClC(Cl)Cl,455.0
374,CCCCCCCCCCCCc1cc(-c2ccc3c(c2)N(c2ccccc2)C2C4CCC(C4)C32)sc1-c1ccc(C=C2SC(=S)N(CC(=O)O)C2=O)s1,ClCCl,542.0
119,CC1(C)CCN2CCC(C)(C)c3c2c1cc1cc(-c2ccc(C#Cc4ccc(-c5ccc(/C=C(/C#N)C(=O)O)s5)c5nsnc45)s2)c(=O)oc31,CCO,512.0
906,CCCCCCn1c2ccccc2c2cc(-c3ccc(C=C(C#N)C(=O)O)c(F)c3)ccc21,ClC(Cl)Cl,396.0
254,CCCCC(CC)Cn1c2ccc(-c3ccc(-c4ccc(/C=C(\C#N)C(=O)O)s4)s3)cc2c2cc3c4cc(-c5ccc(-c6ccc(/C=C(\C#N)C(=O)O)s6)s5)ccc4n(CC(CC)CCCC)c3cc21,ClCCl,467.0
511,CCCCCCCCn1c2ccc(-c3ccc(N(c4ccccc4)c4ccccc4)cc3)cc2c2cc(-c3ccc(/C=C(\C#N)C(=O)O)s3)ccc21,ClCCl,442.0
1725,O=C1NC(=O)C(=Cc2ccc(-c3ccc(-c4ccc(N(c5ccccc5)c5ccccc5)cc4)c4nsnc34)s2)N1,ClC(Cl)Cl,522.0
313,CCCCCCC1(CCCCCC)c2cc(/C=C(\C#N)c3ccc(-c4ccc(/C=C(\C#N)C(=O)O)s4)s3)ccc2-c2ccc(-n3c4ccc(C(C)(C)C)cc4c4cc(C(C)(C)C)ccc43)cc21,ClCCl,477.0
723,CCCCCCOc1ccc(N(c2ccc(OCCCCCC)cc2)c2ccc(-c3ccc4c(c3)S(=O)(=O)c3cc(-c5csc6cc([C@H](C#N)C(=O)O)sc56)ccc3N4CCCCCC)cc2)cc1,C1CCOC1,424.0
1264,COc1ccc(N2c3ccccc3Oc3cc(/C=C(\C#N)C(=O)O)ccc32)cc1,C1CCOC1,458.0
398,CCCCCCCCN(CCCCCCCC)c1ccc(C#Cc2c3ccccc3c(C#Cc3ccc(C(=O)O)cc3)c3ccccc23)cc1,C1CCOC1,499.0
1507,N#C/C(=C\c1ccc(-c2ccc(N(c3ccc(I)cc3)c3ccc(-n4c5ccccc5c5ccccc54)cc3)cc2)s1)C(=O)O,ClCCl,471.0
701,CCCCCCOc1ccc(N(c2ccc(OCCCCCC)cc2)c2ccc(-c3ccc(-c4ccc(C5=C([O-])/C(=C\C6C=[N+](CCCC)c7ccc(C(=O)O)cc76)C5=O)s4)s3)cc2)cc1,CCO,650.0
361,CCCCCCCCCCCC[N+]1=C(/C=C2/C(=O)C(/C=C3\N(C)c4ccc(-c5ccc(C=C(C#N)C(=O)O)s5)cc4C3(C)C)=C2[O-])C(CCCCCCCC)(CCCCCCCCCC)c2ccccc21,ClC(Cl)Cl,665.0
885,CCCCCCn1c2cc(-c3ccc(N(c4ccccc4)c4ccccc4)cc3)ccc2c2sc3c4sc(C=C(C#N)C(=O)O)cc4n(CCCCCC)c3c21,ClCCl,495.0
265,CCCCC1(CCCC)c2cc(-c3ccc(-c4ccc(/C=C(\C#N)C(=O)O)s4)s3)ccc2-c2ccc(N3c4ccccc4Sc4cc(C=C5c6ccccc6-c6ccccc65)ccc43)cc21,ClCCl,453.0
362,CCCCCCCCCCCCc1cc(-c2ccc(N(c3ccccc3)c3ccccc3)cc2)sc1-c1cc2sc(/C=C(\C#N)C(=O)O)cc2s1,ClCCl,489.0
986,CCCCN1c2ccccc2Sc2ccc(/C=C(\C#N)C(=O)O)cc21,C1CCOC1,437.0
1210,CN(CCO[Si](C)(C)C(C)(C)C)c1ccc(-c2ccc(-c3ccc(C=C(C#N)C(=O)O)cc3)c3nsnc23)cc1,C1CCOC1,471.0
1608,N#CC(=Cc1ccc(C=Cc2c3ccccc3c(-c3ccc(N(c4ccccc4)c4ccccc4)cc3)c3ccccc23)s1)C(=O)O,ClCCl,464.0
1464,N#C/C(=C\c1ccc(-c2ccc(-c3ccc(-n4c5ccc(-n6c7ccccc7c7ccccc76)cc5c5cc(-n6c7ccccc7c7ccccc76)ccc54)s3)s2)s1)C(=O)O,ClCCl,465.0
984,CCCCN1c2ccccc2Sc2cc(C=C(C#N)C(=O)O)c(SCC)cc21,ClCCl,472.0
640,CCCCCCOc1ccc(-c2ccc3c(c2)Sc2cc(/C=C(\C#N)C(=O)O)ccc2N3c2ccc(OCCOCCOCCOC)cc2)cc1,C1CCOC1,468.0
1660,O=C(O)CN1C(=O)/C(=C/c2ccc(N(c3ccccc3)c3ccc(/C=C4/SC(=S)N(CC(=O)O)C4=O)cc3)cc2)SC1=S,CCO,467.0
1176,CCn1c2ccc(C=C(C#N)C(=O)O)cc2c2cc(-c3ccc(C=C(c4ccc(N(C)C)cc4)c4ccc(N(C)C)cc4)cc3)ccc21,ClC(Cl)Cl,374.0
16,CC(C)(C)c1cc(-c2c3nc(c(-c4cc(C(C)(C)C)cc(C(C)(C)C)c4)c4ccc([nH]4)c(-c4cc(C(C)(C)C)cc(C(C)(C)C)c4)c4nc(cc5[nH]c2cc5/C=C/C(=O)O)C(/C=C/C(=O)O)=C4)C=C3)cc(C(C)(C)C)c1,CCO,662.0
51,CC(C)(C)c1ccc(N(/C2=c3\cc/c4n3[Zn]n3c(ccc3/C(c3cc(C(C)(C)C)cc(C(C)(C)C)c3)=C3/C=CC2=N3)/C=C2\N=C(C=C2/C=C/C(=O)O)/C=4c2cc(C(C)(C)C)cc(C(C)(C)C)c2)c2ccc(C(C)(C)C)cc2)cc1,CCO,618.0
1332,Cc1ccc(N(c2ccc(C)cc2)c2ccc(N3c4ccc(/C=C(\C#N)C(=O)O)cc4Sc4cc(-c5ccc(-c6ccc(N(c7ccccc7)c7cccc8ccccc78)cc6)s5)ccc43)cc2)cc1,C1CCOC1,472.0
496,CCCCCCCCn1c(-c2ccc(C3=C(C)C4=C(CCCCC)c5c(C)c(C=C(C#N)C(=O)O)c(C)n5[B-](F)(F)[N+]4=C3C)s2)nc2c3ccccc3c3ccccc3c21,ClC(Cl)Cl,532.0
607,CCCCCCN1c2ccccc2Sc2cc(C=C(C#N)C(=O)O)ccc21,ClCCl,453.0
1649,O=C(O)CN1C(=O)/C(=C/c2ccc(-c3cc4c5c(c3)CCCN5CCC4)s2)SC1=S,CCO,493.0
1071,CCCCn1c2ccc(C=C3SC(=O)NC3=O)cc2c2cc(C=C3SC(=O)NC3=O)ccc21,C1CCOC1,388.0
354,CCCCCCCCCCCCOc1ccc(/C2=C3\C=CC(=N3)/C(c3ccc(-n4c5ccccc5c5ccccc54)cc3)=c3/cc/c4n3[Zn]n3c(ccc32)/C(C#Cc2ccc(C(=O)O)cc2)=C2/C=CC(=N2)/C=4c2ccc(OCCCCCCCCCCCC)cc2)cc1,C1CCOC1,628.0
790,CCCCCCc1cc(-c2ccc(-c3ccc4c(c3)Sc3ccccc3N4c3ccc(N(c4ccc(C)cc4)c4ccc(C)cc4)cc3)c3nsnc23)sc1/C=C(\C#N)C(=O)O,ClC(Cl)Cl,422.0
1715,O=C(O)c1ccc2nc(-c3ccc(C=Cc4ccc(N(c5ccccc5)c5ccccc5)cc4)cc3)c(-c3ccc(C=Cc4ccc(N(c5ccccc5)c5ccccc5)cc4)cc3)nc2c1,ClC(Cl)Cl,400.0
1587,N#CC(=Cc1ccc(-c2ccc(N(c3ccc(-c4ccc(C=C(C#N)C(=O)O)s4)cc3)c3ccc(-c4ccc(C=C(C#N)C(=O)O)s4)cc3)cc2)s1)C(=O)O,ClC(Cl)Cl,484.0
1000,CCCCOc1ccc(N(c2ccc(OCCCC)cc2)c2ccc3c4ccc(-c5ccc(-c6ccc(/C=C(\C#N)C(=O)O)s6)s5)cc4n(CCCC)c3c2)cc1,ClCCl,485.0
877,CCCCCCn1c2c(c3cc(-c4ccc(/C=C(\C#N)C(=O)O)s4)ccc31)C(CCCCCC)(CCCCCC)c1ccccc1-2,ClCCl,473.0
97,CC1(C)C(/C=C2\C(=O)C(/C=C3\N(CCC(=O)O)c4cc5ccccc5cc4C3(C)C)=C2[O-])=[N+](CCC(=O)O)c2ccc3ccccc3c21,CCO,679.0
1519,N#C/C(=C\c1ccc(-c2sc(-c3ccc(N(c4ccccc4)c4ccccc4)cc3)c3c2OCCO3)c(F)c1)C(=O)O,CN(C)C=O,440.0
1279,Cc1c(-c2ccc(/C=C(\C#N)C(=O)O)s2)c(=O)oc2cc(N(c3ccc4c(c3)C(C)(C)c3ccccc3-4)c3ccc4c(c3)C(C)(C)c3ccccc3-4)ccc12,CCO,429.0
1517,N#C/C(=C\c1ccc(-c2ccc3c(c2)c2ccccc2n3-c2ccc(N(c3ccc(-n4c5ccccc5c5ccccc54)cc3)c3ccc(-n4c5ccccc5c5ccccc54)cc3)cc2)s1)C(=O)O,C1CCOC1,400.0
198,CCC1(CC)c2cc(-c3ccc(/C=C(\C#N)C(=O)O)s3)ccc2-c2ccc(N(c3ccccc3)c3ccc(C=C4c5ccccc5-c5ccccc54)cc3)cc21,ClCCl,464.0
1070,CCCCn1c2ccc(C=C3C(=O)NC(=O)NC3=O)cc2c2cc(C=C3C(=O)NC(=O)NC3=O)ccc21,C1CCOC1,477.0
185,CCC1(CC)c2cc(-c3ccc(-c4ccc(/C=C(\C#N)C(=O)O)o4)s3)ccc2-c2ccc(N(c3ccccc3)c3ccccc3)cc21,C1CCOC1,457.0
1528,N#C/C(=C\c1ccc(/C=C/c2ccc(N(c3ccccc3)c3cccc4ccccc34)cc2)cc1)C(=O)O,C1CCOC1,434.0
1689,O=C(O)c1cc(C2N=C3Oc4c(cc5c6c4CCCN6CCC5)C=C3c3nc4ccccc4n32)ccc1O,CS(C)=O,454.0
619,CCCCCCOc1c2ccc(N(c3ccccc3)c3ccc4c(c3)Sc3ccccc3N4CCCCCC)cc2c(OCCCCCC)c2ccc(/C=C(\C#N)C(=O)O)cc12,C1CCOC1,494.0
964,CCCCN1c2ccc(C=C3SC(=S)N(CC(=O)O)C3=O)cc2Sc2cc(-n3c4ccc(C(C)(C)C)cc4c4cc(C(C)(C)C)ccc43)ccc21,ClCCl,481.0
1156,CCO[Si](OCC)(c1ccccc1)c1ccc(N=Nc2ccc(N(C)C)cc2)cc1,CC#N,423.0
688,CCCCCCOc1ccc(N(c2ccc(OCCCCCC)cc2)c2ccc(-c3cc4sc(-c5cc6sc(C=C(C#N)C(=O)O)cc6s5)cc4s3)cc2)cc1,ClC(Cl)Cl,524.0
538,CCCCCCCCn1nc2c(-c3ccc(C=C(C#N)C(=O)O)cc3)c3nc(-c4ccccc4)c(-c4ccccc4)nc3c(-c3ccc(N(c4ccccc4)c4ccccc4)cc3)c2n1,ClCCl,558.0
616,CCCCCCOc1c(OCCCCCC)c(-c2ccc(/C=C(\C#N)C(=O)O)s2)c2nsnc2c1-c1ccc2c(c1)C(CC)(CC)c1cc(N(c3ccccc3)c3ccccc3)ccc1-2,C1CCOC1,454.0
693,CCCCCCOc1ccc(N(c2ccc(OCCCCCC)cc2)c2ccc(-c3ccc(-c4ccc(-c5ccc(-c6ccc(/C=C(\C#N)C(=O)O)cc6)c6nsnc56)s4)s3)cc2)cc1,ClCCl,515.0
991,CCCCOc1ccc(-c2ccc(N(c3ccc(-c4ccc(-c5ccc(-c6cc(C(=O)O)nc(C(=O)O)c6)s5)s4)cc3)c3ccc(-c4ccc(OCCCC)cc4OCCCC)cc3)cc2)c(OCCCC)c1,ClCCl,456.0
81,CC(Cc1c(-c2ccc(N(c3ccccc3)c3ccccc3)cc2)sc2c1sc1c3sc(-c4ccc(/C=C(\C#N)C(=O)O)s4)c(CC(C)CC(C)(C)C)c3sc21)CC(C)(C)C,Clc1ccccc1Cl,485.0
995,CCCCOc1ccc(-c2ccc3c(c2)Sc2cc(-c4ccc(-c5ccc(/C=C(\C#N)C(=O)O)s5)s4)ccc2N3CCCC)c(OCCCC)c1,ClCCl,457.0
400,CCCCCCCCN(CCCCCCCC)c1ccc(C2=C([O-])/C(=C/C3=[N+](CC(=O)O)c4ccccc4C3(C)C)C2=O)cc1,CN(C)C=O,620.0
269,CCCCC1(CCCC)c2cc(/C=C(\C#N)C(=O)O)ccc2-c2ccc(N(c3ccccc3)c3ccccc3)cc21,CCO,420.0
594,CCCCCCN1c2ccccc2Sc2cc(-c3ccc(/C=C(\C#N)C(=O)O)s3)ccc21,CN(C)C=O,416.0
389,CCCCCCCCCCc1nc(-c2nc(CCCCCCCCC)c(-c3ccc(/C=C(\C#N)C(=O)O)s3)s2)sc1-c1cccs1,C1CCOC1,425.0
1677,O=C(O)CN1C(=O)/C(=C\c2ccc(N(c3ccccc3)c3ccccc3)cc2)SC1=S,ClCCl,485.0
1510,N#C/C(=C\c1ccc(-c2ccc(N(c3ccc(N4c5ccccc5Sc5ccccc54)cc3)c3ccc(N4c5ccccc5Sc5ccccc54)cc3)cc2)s1)C(=O)O,CC#N,406.0
134,CC1(C)c2cc(C=C(C#N)C(=O)O)ccc2-c2ccc(-c3ccc(-c4sc(-c5ccc(N(c6ccccc6)c6ccccc6)cc5)c5c4OCCO5)s3)cc21,C1CCOC1,454.0
267,CCCCC1(CCCC)c2cc(/C=C(\C#N)C(=O)O)ccc2-c2ccc(N(c3ccc(OC)cc3)c3ccc(OC)cc3)cc21,CCO,451.0
1134,CCN1C(=O)/C(=c2\s/c(=C\c3ccc4sc(-c5ccc6c(c5)CCN6c5ccc(C=C(c6ccccc6)c6ccccc6)cc5)nc4c3)c(=O)n2CC(=O)O)SC1=S,ClCCl,390.0
1435,N#C/C(=C\c1ccc(-c2cc(-c3ccc(-c4ccc(N(c5ccccc5)c5ccccc5)cc4)s3)sc2-c2ccc(/C=C(\C#N)C(=O)O)cc2)cc1)C(=O)O,C1CCOC1,462.0
981,CCCCN1c2ccccc2Sc2cc(/C=C/c3ccc(/C=C/c4ccncc4)c4nsnc34)ccc21,ClCCl,488.0
88,CC1(C)C(/C=C2\C(=O)C(/C=C3/N(CC(=O)O)c4ccccc4C3(C)C)=C2[O-])=[N+](CC(=O)O)c2ccccc21,CN(C)C=O,637.0
928,CCCCCCn1cc(/C=C(/C#N)c2ccc(C=C(C#N)C(=O)O)s2)c2ccccc21,ClC(Cl)Cl,495.0
38,CC(C)(C)c1ccc(-c2sc(-c3ccc(C(C)(C)C)cc3)c3[nH]c(-c4ccc(-c5ccc(/C=C(\C#N)C(=O)O)cc5)cc4)nc23)cc1,C1CCOC1,426.0
968,CCCCN1c2ccccc2Sc2cc(-c3ccc(-c4ccc(/C=C(\C#N)C(=O)O)cc4)c4nsnc34)ccc21,C1CCOC1,452.0
682,CCCCCCOc1ccc(N(c2ccc(OCCCCCC)cc2)c2ccc(-c3cc4c(s3)c(OCCCCCC)c(OCCCCCC)c3sc(/C=C(\C#N)C(=O)O)cc34)s2)cc1,ClC(Cl)Cl,502.0
1294,Cc1cc(C)c(/C2=C3\C=CC(=N3)/C(c3c(C)cc(C)cc3C)=c3/cc/c4n3[Zn]n3c2ccc3/C(c2c(C)cc(C)cc2C)=C2\N=C(/C=4c3c(C)cc(C)cc3C)c3nc4cc(C(=O)O)c(C(=O)O)cc4nc32)c(C)c1,CO,627.0
635,CCCCCCOc1ccc(-c2ccc3c(c2)Sc2cc(-c4sc(-c5cc[n+](C(=O)O)cc5)cc4CCCCCC)ccc2N3CCCCCC)c(OCCCCCC)c1,ClCCl,520.0
1344,Cc1ccc(N2c3ccc(-c4ccc(-c5ccc(C=C(C#N)C(=O)O)cc5)c5nccnc45)cc3C3CCCC32)cc1,ClCCl,442.0
1025,CCCCn1c(-c2ccc(-c3ccc(-c4ccc(/C=C(\C#N)C(=O)O)s4)s3)s2)nc2c3cccc4ccc5cccc(c5c43)c21,C1CCOC1,464.0
296,CCCCCC1c2c(C)c(/C=C(/C#N)C(=O)O)c(C)n2[B-](F)(F)[N+]2=C(C)C(c3ccc4c(c3)Sc3ccccc3N4CCC)=C(C)C12,ClCCl,530.0
263,CCCCC1(CCCC)C(C=C2C(=O)C(c3ccc4c(c3)C3CCCC3N4c3ccc(C=C(c4ccccc4)c4ccccc4)cc3)=C2[O-])=[N+](CCC(=O)O)c2ccccc21,CS(C)=O,643.0
1052,CCCCn1c2ccc(-c3ccc(-c4ccc(O)c(O)c4)s3)cc2c2cc(-c3ccc(-c4ccc(O)c(O)c4)s3)ccc21,C1COCCO1,370.0
1636,N#CC(C#N)=c1[nH]c(=O)/c(=C/c2ccc(N(c3ccccc3)c3ccc(/C=c4\sc(=C(C#N)C#N)[nH]c4=O)cc3)cc2)s1,CCO,455.0
1433,N#C/C(=C\c1ccc(-c2c3ccccc3c(C#Cc3ccc(N(c4ccccc4)c4ccccc4)cc3)c3ccccc23)cc1)C(=O)O,ClCCl,449.0
1686,O=C(O)Cc1ccc(N(c2ccccc2)c2ccccc2)cc1,C1CCOC1,329.0
408,CCCCCCCCN(CCCCCCCC)c1ccc(C2=C([O-])/C(=C/c3[se]c4ccccc4[n+]3CC(=O)O)C2=O)cc1,CS(C)=O,619.0
1728,O[Si](O)(c1ccc(N=Nc2ccccc2)cc1)c1ccc(N=Nc2ccccc2)cc1,CC#N,445.0
359,CCCCCCCCCCCC[C@@H](CCCCCCCCCC)CN1c2ccc(C#N)cc2Sc2cc(/C=C3\SC(=S)N(CC(=O)O)C3=O)ccc21,ClCCl,462.0
614,CCCCCCOc1c(OCCCCCC)c(-c2ccc(-c3ccc(N(c4ccccc4)c4ccccc4)cc3)s2)c2nsnc2c1-c1ccc(/C=C(\C#N)C(=O)O)s1,C1CCOC1,501.0
1159,CC[N+]1=C(/C=C2/C(=O)C(c3ccc(-n4c5ccc(C(C)(C)C)cc5c5cc(C(C)(C)C)ccc54)s3)=C2[O-])Cc2cc(C(=O)O)ccc21,ClCCl,637.0
241,CCCCC(CC)COc1ccc(-c2c3cccc4c(-c5ccc(/C=C(\C#N)C(=O)O)s5)cc5c(-c6ccc(OCC(CC)CCCC)cc6)c6cccc7c(-c8ccc(N(c9ccc(C)cc9)c9ccc(C)cc9)cc8)cc2c(c76)c5c43)cc1,C1CCOC1,464.0
1515,N#C/C(=C\c1ccc(-c2ccc3c(c2)CCN3c2ccc(C=C(c3ccccc3)c3ccccc3)cc2)s1)C(=O)O,ClCCl,361.0
965,CCCCN1c2ccccc2Oc2cc(/C=C(\C#N)C(=O)O)ccc21,C1CCOC1,464.0
1628,N#CC(C#N)=Cc1ccc(-c2ccc(N(c3ccc(C(=O)O)cc3)c3ccc(-c4ccc(C=C(C#N)C#N)s4)cc3)cc2)s1,C1CCOC1,484.0
121,CC1(C)CCN2CCC(C)(C)c3c2c1cc1cc(-c2ccccc2-c2ccc(C(=O)O)cc2)c(=O)oc31,CC#N,407.0
1080,CCCCn1c2ccccc2c2cc(C=C3C(=O)NC(=O)NC3=O)ccc21,C1CCOC1,427.0
1057,CCCCn1c2ccc(-c3ccc(-c4ccncc4)s3)cc2c2cc(N(c3ccccc3)c3ccccc3)ccc21,C1CCOC1,395.0
944,CCCCN(CCCC)c1ccc([C+]2C([O-])[C+](c3ccc(N(C)CCOC(=O)CCc4cc(=C(C#N)C#N)ccc4=C(C#N)C#N)cc3)C2[O-])cc1,ClC(Cl)Cl,633.0
757,CCCCCCSC1=C(SCCCCCC)SC(=Cc2ccc(-c3ccc(-c4ccncc4)cc3)s2)S1,C1CCOC1,417.0
377,CCCCCCCCCCCCn1c2ccc(-c3ccc(-c4ccc(-c5ccc(/C=C(\C#N)C(=O)O)cc5)s4)s3)cc2c2cc(-n3c4ccc(C(C)(C)C)cc4c4cc(C(C)(C)C)ccc43)ccc21,ClCCl,416.0
456,CCCCCCCCOc1cc2c(cc1OCCCCCCCC)c1cc(-c3ccc(N(c4ccc(OC)cc4)c4ccc(OC)cc4)cc3)sc1c1sc(C=C(C#N)C(=O)O)cc21,C1CCOC1,471.0
110,CC1(C)CC(/C=C/c2ccc(N(c3ccccc3)c3ccccc3)cc2)=CC(=C(C#N)C#N)C1,ClC(Cl)Cl,498.0
1418,N#C/C(=C\c1cc(C#N)c(/C=C/c2ccc(N(c3ccccc3)c3ccccc3)cc2)cc1C#N)C(=O)O,ClCCl,500.0
1480,N#C/C(=C\c1ccc(-c2ccc(-c3ccc(N(c4ccccc4)c4ccccc4)cc3)c3nsnc23)s1)C(=O)O,C1CCOC1,491.0
953,CCCCN1c2ccc(-c3ccc(-c4ccc(/C=C(/C#N)C(=O)O)cc4)s3)cc2Sc2cc(-c3nc4ccccc4n3-c3ccccc3)ccc21,C1CCOC1,399.0
1364,Cc1nc2c(-c3ccc(/C=C(\C#N)C(=O)O)s3)ccc(-c3ccc(N(c4ccccc4)c4ccccc4)cc3)c2s1,C1CCOC1,423.0
507,CCCCCCCCn1c2ccc(-c3ccc(/C=C(\C#N)C(=O)O)s3)cc2c2cc(-c3ccc(/C=C(\C#N)C(=O)O)s3)ccc21,C1CCOC1,453.0
1643,O=C(O)CCCCCCn1c2cc(-c3ccc(-c4cnccn4)s3)ccc2c2ccc(N(c3ccccc3)c3ccccc3)cc21,C1COCCO1,402.0
1267,COc1ccc2c(c1)Sc1cc(OC)ccc1N2c1ccc(-c2ccc(/C=C(\C#N)C(=O)O)s2)cc1,CC#N,411.0
1033,CCCCn1c(-c2ccc(N(c3ccccc3)c3ccccc3)cc2)nc2c(-c3ccc(/C=C(\C#N)C(=O)O)s3)ccc(-c3ccc(/C=C(\C#N)C(=O)O)s3)c21,C1CCOC1,425.0
735,CCCCCCOc1ccc(N(c2ccc(OCCCCCC)cc2)c2ccc(-c3sc(C4=C([O-])/C(=C\C5=[N+](CCCC)c6ccc(C(=O)O)cc6C5(C)C)C4=O)c4c3OCCO4)cc2)cc1,CCO,691.0
413,CCCCCCCCN(c1ccccc1)c1ccc(C=C2C(=O)NC(=S)NC2=O)cc1,C1CCOC1,482.0
1132,CCN1C(=O)/C(=c2\s/c(=C\c3ccc4c(c3)C3CCCC3N4c3ccc(C=C(c4ccccc4)c4ccccc4)cc3)c(=O)n2CC(=O)O)SC1=S,CC(C)(C)O,526.0
370,CCCCCCCCCCCCc1cc(-c2ccc(N3c4ccccc4C4C5CCC(C5)C43)cc2)sc1-c1sc(/C=C(\C#N)C(=O)O)c2c1OCCO2,CN(C)C=O,520.0
811,CCCCCCc1cc(-c2ccc3c4ccc(-c5ccc(N(c6ccccc6)c6ccccc6)cc5)cc4n(CC)c3c2)sc1/C=C(/C#N)C(=O)O,ClC(Cl)Cl,469.0
1719,O=C(O)c1cccc(C#C/C2=C3\C=CC(=N3)/C(c3ccccc3)=c3/cc/c4n3[Zn]n3c2ccc3/C(c2ccccc2)=C2/C=CC(=N2)/C=4)c1,C1CCOC1,612.0
387,CCCCCCCCCCc1nc(-c2nc(CCCCCCCCC)c(-c3ccc(/C=C(\C#N)C(=O)O)s3)s2)sc1-c1ccc(N(c2ccccc2)c2ccc(C)cc2)cc1,C1CCOC1,432.0
202,CCC1(CC)c2cc(-c3ccc(/C=C(\C#N)C(=O)O)s3)ccc2-c2ccc(N3c4ccccc4Sc4ccccc43)cc21,ClCCl,429.0
949,CCCCN1C(=O)C2=C(c3ccc(-c4ccc(/C=C(\C#N)C(=O)O)o4)cc3)N(CCCC)C(=O)C2=C1c1ccc(-c2ccc(N(c3ccc(OC)cc3)c3ccc(OC)cc3)cc2)cc1,ClCCl,525.0
65,CC(C)(C)c1ccc2c(c1)c1cc(C(C)(C)C)ccc1n2-c1ccc(C#Cc2ccc(-c3ccc(C#Cc4ccc(C=C(C#N)C(=O)O)cc4)s3)s2)cc1,ClCCl,420.0
1443,N#C/C(=C\c1ccc(-c2cc3ccc2CCc2ccc(c(-c4ccc(N(c5ccccc5)c5ccccc5)cc4)c2)CC3)s1)C(=O)O,C1CCOC1,377.0
1046,CCCCn1c2cc(-c3ccc(/C=C(\C#N)C(=O)O)s3)ccc2c2ccc(N(c3ccccc3)c3ccccc3)cc21,ClCCl,472.5
1081,CCCCn1c2ccccc2c2cc(N3c4ccccc4Sc4cc(/C=C(\C#N)C(=O)O)ccc43)ccc21,ClCCl,478.0
274,CCCCC1(CCCC)c2ccccc2-c2ccc(-n3c4cc(/C=C(/C#N)C(=O)O)sc4c4sc(-c5ccc(N(c6ccccc6)c6ccccc6)cc5)cc43)cc21,C1CCOC1,495.0
1512,N#C/C(=C\c1ccc(-c2ccc(N(c3ccccc3)c3ccccc3)cc2)s1)C(=O)O,ClCCl,437.0
385,CCCCCCCCCCc1ccc(-c2nc3c(-c4ccc(-c5ccc(N(c6ccccc6)c6ccccc6)cc5)s4)ccc(-c4ccc(/C=C(\C#N)C(=O)O)s4)c3nc2-c2ccc(CCCCCCCC)s2)s1,ClC(Cl)Cl,538.0
683,CCCCCCOc1ccc(N(c2ccc(OCCCCCC)cc2)c2ccc(-c3cc4c(s3)c3sc(/C=C(/C#N)C(=O)O)cc3n4CCCCCC)cc2)cc1,ClCCl,525.0
240,CCCCC(CC)COc1ccc(-c2c3cccc4c(-c5ccc(/C=C(\C#N)C(=O)O)s5)cc5c(-c6ccc(OCC(CC)CCCC)cc6)c6cccc7c(-c8ccc(/C=C(\C#N)C(=O)O)s8)cc2c(c76)c5c43)cc1,C1CCOC1,463.0
1199,CN(C)c1ccc(C#Cc2ccc(-c3ccc(/C=C(\C#N)C(=O)O)s3)s2)cc1,CN(C)C=O,426.0
1272,CSC1=C(SC)SC(=Cc2ccc(N(c3ccc(C=C4SC(SC)=C(SC)S4)cc3)c3ccc(/C=C(\C#N)C(=O)O)cc3)cc2)S1,CO,443.0
546,CCCCCCN(CCCCCC)c1ccc(-n2c3cc(/C=C(\C#N)C(=O)O)sc3c3sc(-c4ccc5c(c4)C4CCCC4N5c4ccc5c(c4)C(CCC)(CCC)c4ccccc4-5)cc32)cc1,ClCCl,536.0
481,CCCCCCCCc1cc(-c2ccc(-c3cc(CCCCCCCC)c(-c4ccc(-c5ccc(N(c6ccc(CCCCCC)cc6)c6ccc(CCCCCC)cc6)cc5)s4)s3)c3nsnc23)sc1-c1ccc(-c2ccc(/C=C(\C#N)C(=O)O)cc2)s1,ClCCl,543.0
1097,CCN(CC)c1ccc(C(=C(c2ccc(-c3ccc(/C=C(/C#N)C(=O)O)s3)cc2)c2ccc(-c3ccc(/C=C(/C#N)C(=O)O)s3)cc2)c2ccc(N(CC)CC)cc2)cc1,ClCCl,488.0
1340,Cc1ccc(N2c3ccc(-c4ccc(-c5ccc(/C=C(/C#N)C(=O)O)s5)c5nsnc45)cc3C3CCCC32)cc1,ClCCl,548.0
1564,N#CC(=CC1COc2c(COCCCCCCCCOCc3sc(-c4ccc(N(c5ccccc5)c5ccccc5)cc4)c4c3OCC(C=C(C#N)C(=O)O)O4)sc(-c3ccc(N(c4ccccc4)c4ccccc4)cc3)c2O1)C(=O)O,ClC(Cl)Cl,501.0
1238,COc1ccc(N(/C2=c3\cc/c4n3[Zn]n3c(ccc3/C(c3cc(C(C)(C)C)cc(C(C)(C)C)c3)=C3/C=CC2=N3)/C(C#Cc2ccc(C(=O)O)cc2)=C2/C=CC(=N2)/C=4c2cc(C(C)(C)C)cc(C(C)(C)C)c2)c2ccc(OC)cc2)cc1,CCO,664.0
1408,N#C/C(=C\C1=CC2=N/C1=C(/c1ccccc1)c1ccc3n1[Zn]n1/c(cc/c1=C/2c1ccccc1)=C(/c1ccccc1)C1=N/C(=C\3c2ccccc2)C=C1)C(=O)O,ClCCl,620.0
190,CCC1(CC)c2cc(-c3ccc(-c4ccc(/C=C(\C#N)C(=O)O)s4)s3)ccc2-c2ccc(N(c3ccccc3)c3cccc4ccccc34)cc21,C1CCOC1,470.0
1329,Cc1ccc(N(c2ccc(C)cc2)c2ccc(-n3cc(SC#N)c4cc(-c5cc(C)c(/C=C(\C#N)C(=O)O)s5)ccc43)cc2)cc1,ClC(Cl)Cl,426.0
687,CCCCCCOc1ccc(N(c2ccc(OCCCCCC)cc2)c2ccc(-c3cc4c5nc(CCCCC)c(CCCCC)nc5c5cc(/C=C(\C#N)C(=O)O)sc5c4s3)cc2)cc1,ClC(Cl)Cl,521.0
1204,CN(CC(=O)O)c1ccc(C2=C([O-])C(=C3C=CC(=[N+](C)CC(=O)O)C=C3)C2=O)cc1,C1CCOC1,622.0
1154,CCO[Si](OCC)(OCC)c1ccc2oc(-c3cc4ccc(N(CC)CC)cc4oc3=O)nc2c1,CC#N,440.0
970,CCCCN1c2ccccc2Sc2cc(-c3ccc(/C=C(\C#N)C(=O)O)s3)ccc21,ClCCl,448.0
318,CCCCCCCCC(CCCCCC)COc1ccc(-c2cc3c4c5c2cccc5c2cccc5c(C=C(C#N)C(=O)O)cc(c4c52)n3CC(CCCCCC)CCCCCCCC)cc1,C1CCOC1,508.0
216,CCC1(CC)c2ccccc2-c2ccc(N(c3ccc4c(c3)C(CC)(CC)c3ccccc3-4)c3ccc4c(c3)C(CC)(CC)c3cc(-c5ccc(/C=C(\C#N)C(=O)O)s5)ccc3-4)cc21,ClCCl,492.0
1242,COc1ccc(N(c2ccc(/C=C/c3ccc(N(c4ccc(OC)cc4)c4ccc(-c5ccc(/C=C(/C#N)C(=O)O)s5)cc4)cc3)cc2)c2ccc(-c3ccc(/C=C(/C#N)C(=O)O)s3)cc2)cc1,CCO,478.0
1655,O=C(O)CN1C(=O)/C(=C/c2ccc(/C=C/c3ccc(N(c4ccccc4)c4ccc(/C=C/c5ccc(/C=C6/SC(=S)N(CC(=O)O)C6=O)s5)cc4)cc3)s2)SC1=S,CCO,510.0
1192,CN(C)c1ccc(/C=C/C2=C/C(=C(\C#N)C(=O)O)CC(C)(C)C2)cc1,CC#N,464.0
880,CCCCCCn1c2c(c3cc(-c4ccc(/C=c5\sc(=C(C#N)C#N)[nH]c5=O)s4)ccc31)C(CCCCCC)(CCCCCC)c1ccccc1-2,ClCCl,498.0
666,CCCCCCOc1ccc(N(c2ccc(C=CC(=C(C#N)C(=O)O)c3cc(OCCC)ccc3OCCC)cc2)c2ccc(OCCCCCC)cc2)cc1,CCO,306.0
1107,CCN(CC)c1ccc(N=Nc2ccc([N+](=O)[O-])cc2)cc1,CC#N,486.0
536,CCCCCCCCn1nc2c(-c3ccc(C(=O)O)s3)c3nc(-c4ccccc4)c(-c4ccccc4)nc3c(-c3ccc(-c4ccc(N5c6ccccc6C6C7CCC(C7)C65)cc4)s3)c2n1,ClCCl,589.0
257,CCCCC(CC)Cn1c2ccccc2c2cc(-c3ccc(-c4ccc(C=C(C#N)C(=O)O)s4)c4nsnc34)ccc21,C1CCOC1,484.0
30,CC(C)(C)c1cc(/C2=C3\C=CC(=N3)/C=c3/cc/c4n3[Zn]n3c(ccc32)/C(C#Cc2ccc(C(=O)O)cc2)=C2/C=CC(=N2)/C=4c2cc(C(C)(C)C)cc(C(C)(C)C)c2)cc(C(C)(C)C)c1,C1CCOC1,618.0
668,CCCCCCOc1ccc(N(c2ccc(OCCCCCC)cc2)c2ccc(-c3c4ccccc4c(-c4ccc(/C=C(\C#N)C(=O)O)s4)c4nn(CCCCCC)nc34)cc2)cc1,C1CCOC1,464.0
1327,Cc1ccc(N(c2ccc(C)cc2)c2ccc(-c3nnc(-c4ccc(C=C(C#N)C(=O)O)cc4)o3)cc2)cc1,C1CCOC1,385.0
232,CCCCC(CC)CN1c2ccc(/C=C\C3=C/C(=C4\C(=O)c5ccccc5C4=C(C#N)C#N)C=C(/C=C/c4ccc5c(c4)Sc4cc(/C=C\C(=O)O)ccc4N5CC(CC)CCCC)O3)cc2Sc2cc(/C=C/C(=O)O)ccc21,CN(C)C=O,581.0
159,CC1(C)c2ccccc2-c2ccc(N(c3ccc(-c4cc5sc(-c6ccc(C=C(C#N)C(=O)O)cc6)cc5s4)cc3)c3ccc4c(c3)C(C)(C)c3ccccc3-4)cc21,C1CCOC1,415.0
1630,N#CC(C#N)=Cc1ccc(-c2ccc(N(c3ccc(C(=O)O)cc3)c3ccc(C(=O)O)cc3)cc2)s1,C1CCOC1,460.0
388,CCCCCCCCCCc1nc(-c2nc(CCCCCCCCC)c(-c3ccc(/C=C(\C#N)C(=O)O)s3)s2)sc1-c1ccc2c(c1)C(CCCC)(CCCC)c1ccccc1-2,C1CCOC1,427.0
1274,C[C@@]12SC(/C=C/c3ccc(N(c4ccccc4)c4ccccc4)cc3)=CC1=C1CCCC1=C1C=C(/C=C(\C#N)C(=O)O)S[C@]12C,ClCCl,659.0
383,CCCCCCCCCCN1/C(=C\C=C2/SC(=S)N(CC(=O)O)C2=O)Sc2ccccc21,CCO,520.0
1255,COc1ccc(N(c2ccc(OC)cc2)c2ccc(-c3nnc(-c4ccc(C=C(C#N)C(=O)O)cc4)o3)cc2)cc1,C1CCOC1,388.0
727,CCCCCCOc1ccc(N(c2ccc(OCCCCCC)cc2)c2ccc(-c3ncc(-c4sc(-c5ccc(/C=C(\C#N)C(=O)O)cc5)cc4CCCCCC)c4nsnc34)cc2)cc1,ClCCl,540.0
870,CCCCCCn1c(-c2ccc3c(c2)c2ccccc2n3CCCCCC)nc(-c2ccc(-c3ccc(/C=C(/C#N)C(=O)O)s3)cc2)c1-c1ccc(-c2ccc(/C=C(/C#N)C(=O)O)s2)cc1,C1CCOC1,398.0
266,CCCCC1(CCCC)c2cc(-c3ccc(/C=C(\C#N)C(=O)O)s3)ccc2-c2ccc(N3c4ccccc4Sc4cc(C=C5c6ccccc6-c6ccccc65)ccc43)cc21,ClCCl,427.0
881,CCCCCCn1c2c(c3cc(C#Cc4ccc(-c5ccc(C(=O)O)cc5)c5nsnc45)ccc31)C(CCCCCC)(CCCCCC)c1ccccc1-2,ClCCl,468.0
793,CCCCCCc1cc(-c2ccc(/C=C(\C#N)C(=O)O)cc2)sc1-c1ccc(N(c2ccccc2)c2ccccc2)cc1,ClCCl,447.0
101,CC1(C)C(c2ncc(/C=C(\C#N)C(=O)O)s2)=Nc2ccc(N(c3ccccc3)c3ccccc3)cc21,C1CCOC1,480.0
13,CC(C)(C)C1CC(/C=C/C=C(\C#N)C(=O)O)=C2OC(c3ccccc3)=CC(c3ccccc3)=C2C1,ClCCl,588.0
1349,Cc1ccc(N2c3ccc(-c4ccc(/C=C(\C#N)C(=O)O)s4)cc3C3CCCC32)cc1,C1CCOC1,462.0
68,CC(C)(C)c1ccc2c(c1)c1cc(C(C)(C)C)ccc1n2-c1ccc(N(c2ccc(-c3ccc(-c4ccc(-c5ccc(/C=C(/C#N)C(=O)O)s5)s4)s3)cc2)c2ccc(-n3c4ccc(C(C)(C)C)cc4c4cc(C(C)(C)C)ccc43)cc2)cc1,ClCCl,487.0
1205,CN(CC(=O)O)c1ccc(C2=C([O-])C(=C3C=CC(=[N+](C)CC(=O)O)C=C3)C2=O)cc1,CN(C)C=O,628.0
1177,CCn1c2ccccc2c2c1c1c3ccccc3n(CC)c1c1c3cc(-c4ccc(/C=C5/SC(=S)N(CC(=O)O)C5=O)cc4)ccc3n(CC)c21,C1CCOC1,456.0
1401,N#C/C(=C/c1ccc2c(c1)Sc1ccccc1N2CCCCCCN1c2ccccc2Sc2cc(/C=C(\C#N)C(=O)O)ccc21)C(=O)O,CN(C)C=O,417.0
883,CCCCCCn1c2c(c3cc(C#Cc4ccc(/C=C(\C#N)C(=O)O)s4)ccc31)C(CCCCCC)(CCCCCC)c1ccccc1-2,ClCCl,458.0
71,CC(C)(C)c1ccc2c(c1)c1cc(C(C)(C)C)ccc1n2CCCCCCN1c2ccccc2Sc2cc(/C=C/C(=O)O)ccc21,C1CCOC1,376.0
1687,O=C(O)Cn1c(=O)sc(=Cc2ccc3c(c2)C2CCCC2N3c2ccc(C=C(c3ccccc3)c3ccccc3)cc2)/c1=c1/s/c(=C2/SC(=S)N(c3ccccc3)C2=O)n(-c2ccccc2)c1=O,ClC(Cl)Cl,571.0
1716,O=C(O)c1ccc2nc(-c3ccc(N(c4ccccc4)c4ccccc4)cc3)[nH]c2c1,CN(C)C=O,362.0
571,CCCCCCN1c2ccc(/C=C(\C#N)C(=O)O)cc2Sc2cc(-c3ccc4c(c3)-c3ccccc3C4(CCCCCC)CCCCCC)ccc21,ClCCl,465.0
1460,N#C/C(=C\c1ccc(-c2ccc(-c3ccc(-c4ccc(N(c5ccccc5)c5ccccc5)cc4)s3)s2)cc1)C(=O)O,ClCCl,447.0
1086,CCCc1c(/C=C(\C#N)C(=O)O)sc2cc(-c3ccc4c(c3)C3CCCC3N4c3ccc4c(c3)C(CCC)(CCC)c3c5c(c6c(c3-4)C(CCC)(CCC)c3ccccc3-6)C(CCC)(CCC)c3ccccc3-5)sc12,ClCCl,500.0
804,CCCCCCc1cc(-c2ccc3c(c2)C(=O)c2cc(-c4cc(CCCCCC)c(-c5ccc(N(c6ccc(C)cc6)c6ccc(C)cc6)cc5)s4)ccc2-3)sc1C=C(C#N)C(=O)O,ClC(Cl)Cl,303.0
852,CCCCCCc1ccc(-c2ccc3c(c2)Sc2cc(C=C(C#N)C(=O)O)ccc2N3CCCCCC)s1,C1CCOC1,444.0
527,CCCCCCCCn1nc2c(-c3ccc(/C=C(\C#N)C(=O)O)s3)c3nc(-c4ccccc4)c(-c4ccccc4)nc3c(-c3ccc(-c4ccc(N(c5ccccc5)c5ccccc5)cc4)s3)c2n1,ClCCl,592.0
632,CCCCCCOc1ccc(-c2ccc(N(c3ccc(-c4ccc(OCCCCCC)cc4OCCCCCC)cc3)c3ccc4c(c3)sc3cc(-c5ccc(C=C(C#N)C(=O)O)s5)sc34)cc2)c(OCCCCCC)c1,C1CCOC1,469.0
499,CCCCCCCCn1c(=C(C#N)C#N)s/c(=c2/c(=C\c3ccc(-c4ccc5c(c4)C4CCCC4N5c4ccc5c(c4)C(CCCC)(CCCC)c4ccccc4-5)s3)sc(=O)n2CCCCCCCC)c1=O,ClC(Cl)Cl,557.0
1036,CCCCn1c2cc(-c3ccc(-c4ccc(/C=C(\C#N)C(=O)O)s4)s3)ccc2c2ccc(-n3c4ccccc4c4ccccc43)cc21,ClCCl,476.0
157,CC1(C)c2ccccc2-c2ccc(N(c3ccc(-c4cc5sc(-c6ccc(/C=C(\C#N)C(=O)O)s6)cc5s4)cc3)c3ccc4c(c3)C(C)(C)c3ccccc3-4)cc21,ClC(Cl)Cl,436.0
1726,O=[N+]([O-])C=Cc1ccc(N(c2ccccc2)c2ccc(C=C[N+](=O)[O-])cc2)cc1,CN(C)C=O,456.0
764,CCCCCCSC1=C(SCCCCCC)SC(=c2c3ccccc3c(=C3SC(SCCCCCC)=C(SCCCCCC)S3)c3cc(C#Cc4ccc(/C=C(\C#N)C(=O)O)cc4)ccc23)S1,CN(C)C=O,455.0
1021,CCCCc1c(-c2ccc(-c3ccc(N(c4ccccc4)c4ccccc4)cc3)s2)sc(-c2ccc(-c3ccc(/C=C(/C#N)C(=O)O)s3)s2)c1CCCC,ClC(Cl)Cl,477.0
872,CCCCCCn1c(=S)n(CCCCCC)c2cc(N(c3ccc(-c4ccc(-c5ccc(/C=C(\C#N)C(=O)O)s5)s4)cc3)c3ccc4c(c3)n(CCCCCC)c(=S)n4CCCCCC)ccc21,ClCCl,506.0
796,CCCCCCc1cc(-c2ccc(N(c3ccc4c(c3)OCCO4)c3ccc4c(c3)OCCO4)cc2)sc1-c1ccc(/C=C(\C#N)C(=O)O)cc1,ClCCl,457.0
1434,N#C/C(=C\c1ccc(-c2cc(-c3ccc(-c4ccc(N(c5ccccc5)c5ccccc5)cc4)s3)c(-c3ccc(-c4ccc(N(c5ccccc5)c5ccccc5)cc4)s3)s2)s1)C(=O)O,C1CCOC1,465.0
1302,Cc1cc(C=C(C#N)C(=O)O)sc1-c1ccc(N(c2ccccc2)c2ccccc2)cc1,ClC(Cl)Cl,466.0
369,CCCCCCCCCCCCc1cc(-c2ccc(N3c4ccccc4C4C5CCC(C5)C43)cc2)sc1-c1ccc(/C=C2\SC(=S)N(CC(=O)O)C2=O)s1,ClCCl,526.0
1396,N#C/C(=C/c1ccc(N(c2ccccc2)c2ccccc2)cc1)C(=O)O,CCO,395.0
1638,O=C(O)/C=C/c1ccc(N(c2ccccc2)c2ccccc2)cc1,CCO,369.0
967,CCCCN1c2ccccc2Sc2cc(-c3ccc(-c4ccc(/C=C(/C#N)C(=O)O)s4)s3)ccc21,C1CCOC1,444.0
845,CCCCCCc1ccc(-c2ccc(-c3ccc(N(c4ccc(/C=C5/SC(=S)N(CC(=O)O)C5=O)cc4)c4ccc(-c5ccc(-c6ccc(CCCCCC)s6)s5)cc4)cc3)s2)s1,ClC(Cl)Cl,494.0
230,CCCCC(CC)CN1c2ccc(-c3ccc4c(c3)c3nc5ccccc5nc3n4CC(CC)CCCC)cc2Sc2cc(-c3ccc(/C=C(\C#N)C(=O)O)o3)ccc21,ClCCl,456.0
919,CCCCCCn1c2ccccc2c2cc(N3c4ccc(-c5ccc(-c6ccc(/C=C(/C#N)C(=O)O)s6)c6nsnc56)cc4C4CCCC43)ccc21,ClCCl,554.0
907,CCCCCCn1c2ccccc2c2cc(-c3ccc(C=C(C#N)C(=O)O)c(F)c3F)ccc21,ClC(Cl)Cl,402.0
420,CCCCCCCCN1C(=O)/C(=C2/C(=O)N(CCCCCCCC)c3cc(-c4ccc(N(c5ccccc5)c5ccccc5)cc4)ccc32)c2ccc(-c3ccc(/C=C(\C#N)C(=O)O)cc3)cc21,ClCCl,537.0
208,CCC1(CC)c2cc(C#Cc3cccc(/C=C(\C#N)C(=O)O)c3)ccc2-c2ccc(N(c3ccccc3)c3ccccc3)cc21,C1CCOC1,375.0
748,CCCCCCOc1ccc(N2c3ccccc3Sc3cc(-c4ccc5c(c4)Sc4cc(/C=C(\C#N)C(=O)O)ccc4N5c4ccc(OCCCCCC)cc4)ccc32)cc1,ClCCl,495.0
79,CC(C)c1cccc(C(C)C)c1-n1c(-c2ccc(-c3ccc(/C=C(\C#N)C(=O)O)cc3)s2)ccc1-c1ccc(-c2ccc(N(c3ccccc3)c3ccccc3)cc2)s1,C1CCOC1,455.0
192,CCC1(CC)c2cc(-c3ccc(-c4ccc(/C=C(\C#N)C(=O)O)s4)s3)ccc2-c2ccc(N3c4ccccc4Sc4ccccc43)cc21,ClCCl,465.0
495,CCCCCCCCn1c(-c2ccc(C3=C(C)C4=C(CCCCC)c5c(C)c(C=C(C#N)C(=O)O)c(C)n5[B-](F)(F)[N+]4=C3C)s2)nc2c3ccc(OC)cc3c3cc(OC)ccc3c21,ClC(Cl)Cl,532.0
525,CCCCCCCCn1nc2c(-c3ccc(/C=C(\C#N)C(=O)O)cc3)c3nc(-c4ccccc4)c(-c4ccccc4)nc3c(-c3ccc(N4c5ccccc5C5C6CCC(C6)C54)cc3)c2n1,ClCCl,575.0
960,CCCCN1c2ccc(/C=C(\C#N)C(=O)O)cc2Oc2cc(/C=C(\C#N)C(=O)O)ccc21,C1CCOC1,498.0
1089,CCN(CC)c1ccc(/C=C/C(=O)O)cc1,CCO,469.0
147,CC1(C)c2ccccc2-c2ccc(-n3c4ccccc4c4cc(-c5ccc(-c6ccc(C=C(C#N)C(=O)O)s6)s5)ccc43)cc21,CCO,435.0
1024,CCCCc1ccc(N(c2ccc(CCCC)cc2)c2ccc3c(c2)Cc2cc(-c4ccc(C=C(C#N)C(=O)O)cc4)ccc2-3)cc1,ClCCl,405.0
1397,N#C/C(=C/c1ccc(N(c2ccccc2)c2ccccc2)cc1)C(=O)O,CO,407.0
320,CCCCCCCCC(CCCCCC)Cn1c2ccc3cccc4c5cccc6c(C#Cc7ccc(-c8ccc(C(=O)O)cc8)c8nsnc78)cc1c(c65)c2c34,C1CCOC1,498.0
830,CCCCCCc1cc(/C=C(/C#N)C(=O)O)sc1-c1sc(-c2ccc(N(c3ccccc3)c3ccccc3)cc2)cc1CCCCCC,ClCCl,446.0
1462,N#C/C(=C\c1ccc(-c2ccc(-c3ccc(-c4ccc(N(c5ccccc5)c5ccccc5)cc4)s3)s2)s1)C(=O)O,ClCCl,495.0
1189,CCn1c2ccccc2c2cc(N3c4ccccc4Sc4cc(/C=C(\C#N)C(=O)O)ccc43)ccc21,ClCCl,471.0
1103,CCN(CC)c1ccc(C=C2SC(=S)N(CC(=O)O)C2=O)cc1,CN(C)C=O,352.0
601,CCCCCCN1c2ccccc2Sc2cc(/C=C(\C#N)C(=O)O)ccc21,ClCCl,459.0
460,CCCCCCCCOc1ccc(-c2ccc(N(c3ccc(-c4ccc(OCCCCCCCC)cc4)cc3)c3ccc(-c4ccc(-c5ccc(C(=O)O)cc5)c5nsnc45)cc3)cc2)cc1,C1CCOC1,456.0
886,CCCCCCn1c2cc(/C=C(\C#N)C(=O)O)sc2c2c3nn(CC(CC)CCCC)nc3c3c4sc(-c5ccc(N(c6ccccc6)c6ccccc6)cc5)cc4n(CCCCCC)c3c21,C1CCOC1,480.0
146,CC1(C)c2ccccc2-c2ccc(-n3c(-c4ccccc4)cc4cc(-c5ccc(-c6ccc(C=C(C#N)C(=O)O)s6)s5)ccc43)cc21,CCO,429.0
1560,N#C/C(=C\c1ccc2sc(-c3ccc4c(c3)CCN4c3ccc(C=C(c4ccccc4)c4ccccc4)cc3)nc2c1)C(=O)O,ClCCl,410.0
1369,Cn1c(-c2ccc(N(c3ccccc3)c3ccccc3)cc2)ccc1-c1ccc(/C=C(\C#N)C(=O)O)s1,C1CCOC1,472.0
1236,COc1ccc(/C2=c3\cc/c4n3[Zn]n3c(ccc3/C(c3c(C)cc(C)cc3C)=C3/C=CC2=N3)/C(c2ccc(C(=O)O)cc2)=C2/C=CC(=N2)/C=4c2c(C)cc(C)cc2C)c2ccccc12,ClCCl,552.0
770,CCCCCCc1c(-c2ccccc2)c(-c2ccc(/C=C(\C#N)C(=O)O)s2)n2ccccc12,ClCCl,558.0
848,CCCCCCc1ccc(-c2ccc(-c3ccc4c(c3)Sc3cc(C=C(C#N)C(=O)O)ccc3N4CCCCCC)s2)s1,C1CCOC1,449.0
1413,N#C/C(=C\c1cc(-c2ccc(N(c3ccccc3)c3ccccc3)cc2)c(-c2ccc(-c3ccc(-c4ccc(N(c5ccccc5)c5ccccc5)cc4)s3)s2)s1)C(=O)O,ClCCl,493.0
1502,N#C/C(=C\c1ccc(-c2ccc(N(c3ccc(-c4ccc(N(c5ccccc5)c5ccccc5)cc4)cc3)c3ccc(-c4ccc(N(c5ccccc5)c5ccccc5)cc4)cc3)cc2)s1)C(=O)O,ClC(Cl)Cl,502.0
1069,CCCCn1c2ccc(C#Cc3cccc(/C=C(\C#N)C(=O)O)c3)cc2c2nc3ccccc3nc21,C1CCOC1,412.0
1003,CCCCOc1cccc(OCCCC)c1/C1=C2\C=CC(=N2)/C(C#Cc2ccc(C(=O)O)cc2)=c2/cc/c3n2[Zn]n2c(ccc21)/C(C#Cc1ccc(N(C)C)cc1)=C1/C=CC(=N1)/C=3c1c(OCCCC)cccc1OCCCC,C1CCOC1,667.0
597,CCCCCCN1c2ccccc2Sc2cc(-c3ccc4c(c3)Sc3cc(/C=C5\SC(=S)N(CC(=O)O)C5=O)ccc3N4CCCCCC)ccc21,ClCCl,503.0
1557,N#C/C(=C\c1ccc2c(c1)Sc1ccccc1N2CCCCN1c2ccccc2Sc2cc(/C=C(\C#N)C(=O)O)ccc21)C(=O)O,C1CCOC1,433.0
137,CC1(C)c2cccc3c2N2c4c1cc(-c1ccncc1)cc4C(C)(C)c1cc(-c4ccncc4)cc(c12)C3(C)C,ClCCl,376.0
1277,C[N+]1=C(/C=C/c2ccc(N(CCC(=O)O)CCC(=O)O)cc2)C(C)(C)c2ccccc21,CCO,560.0
83,CC1(C)C(/C=C/C=C2/N(Cc3ccc(C(=O)O)cc3)c3ccccc3C2(C)C)=[N+](Cc2ccc(C(=O)O)cc2)c2ccccc21,CC#N,550.0
1123,CCN1/C(=C\C=C2/SC(=S)N(CC(=O)O)C2=O)Sc2ccccc21,CCO,520.0
156,CC1(C)c2ccccc2-c2ccc(N(c3ccc(-c4cc5sc(-c6cc(F)c(C=C(C#N)C(=O)O)c(F)c6)cc5s4)cc3)c3ccc4c(c3)C(C)(C)c3ccccc3-4)cc21,C1CCOC1,428.0
1207,CN(CC(=O)O)c1ccc(C2=C([O-])C(=C3C=CC(=[N+](C)CC(=O)O)C=C3)C2=O)cc1,CS(C)=O,652.0
1529,N#C/C(=C\c1ccc(/C=C/c2ccc(N(c3ccccc3)c3cccc4ccccc34)cc2)cc1F)C(=O)O,C1CCOC1,427.0
779,CCCCCCc1cc(-c2cc[n+](CC(=O)O)cc2)sc1-c1ccc(N(c2ccc(OC)cc2)c2ccc(OC)cc2)cc1,ClCCl,481.0
487,CCCCCCCCc1cc(/C=C(/C#N)C(=O)O)sc1-c1ccc(-c2sc(-c3ccc4c(c3)Sc3cc(-c5ccc(OCCCC)cc5)ccc3N4CC(CC)CCCC)cc2CCCCCCCC)s1,ClCCl,476.0
129,CC1(C)COc2c(/C=C(\C#N)C(=O)O)sc(-c3sc(-c4ccc(N(c5ccccc5)c5ccccc5)cc4)c4c3OCC(C)(C)CO4)c2OC1,C1CCOC1,499.0
1244,COc1ccc(N(c2ccc(/C=C3\SC(=S)N(CC(=O)O)C3=O)cc2)c2ccc(/C=N/N(c3ccccc3)c3ccccc3)cc2)cc1,ClC(Cl)Cl,497.0
1290,Cc1cc(C)c(/C2=C3\C=CC(=N3)/C(c3c(C)cc(C)cc3C)=c3/cc/c4n3[Zn]n3c2c2cc5nc(C#N)c(C(=O)O)nc5cc2c3/C(c2c(C)cc(C)cc2C)=C2/C=CC(=N2)/C=4c2c(C)cc(C)cc2C)c(C)c1,ClCCl,642.0
1020,CCCC[C@H](CC)COc1ccc(N(c2ccc(OC[C@@H](CC)CCCC)cc2)c2ccc(-c3ccc(-c4ccc(-c5ccc(/C=C(\C#N)C(=O)O)s5)c5nsnc45)s3)cc2)cc1,C1CCOC1,542.0
406,CCCCCCCCN(CCCCCCCC)c1ccc(C2=C([O-])/C(=C/c3[se]c4ccccc4[n+]3CC(=O)O)C2=O)cc1,CN(C)C=O,611.0
152,CC1(C)c2ccccc2-c2ccc(C3c4cc(-c5ccc(-c6ccc(C=C(C#N)C(=O)O)s6)s5)cc5c4C(CCC5)N3c3ccccc3)cc21,CCO,445.0
349,CCCCCCCCCCCCN1c2ccccc2Oc2cc(/C=C/c3ccc(/C=c4\s/c(=C5/SC(=S)N(CCCCCCCC)C5=O)n(CC(=O)O)c4=O)s3)ccc21,CCO,568.0
416,CCCCCCCCN1C(=O)/C(=C2/C(=O)N(CCCCCCCC)c3cc(-c4ccc(/C=C(/C#N)C(=O)O)o4)ccc32)c2ccc(-c3ccc(N(c4ccccc4)c4ccccc4)cc3)cc21,ClCCl,571.0
1516,N#C/C(=C\c1ccc(-c2ccc3c(c2)CCc2cc(-c4ccc(N(c5ccccc5)c5ccccc5)cc4)ccc2N3CCCCCCOc2ccc(C(=O)O)cc2)s1)C(=O)O,ClCCl,458.0
1525,N#C/C(=C\c1ccc(-c2sc(-c3ccc(N4c5ccccc5C5C6CCC(C6)C54)cc3)c3c2OCCO3)s1)C(=O)O,ClCCl,535.0
1226,COc1cc(/C2=C3\C=CC(=N3)/C(c3cc(OC)c(OC)c(OC)c3)=c3/cc/c4n3[Zn]n3c(ccc32)/C(c2ccc(C(=O)O)cc2)=C2/C=CC(=N2)/C=4c2cc(OC)c(OC)c(OC)c2)cc(OC)c1OC,CN(C)C=O,606.0
397,CCCCCCCCN(CCCCCCCC)c1ccc(C#Cc2c3ccccc3c(C#Cc3ccc(C(=O)O)c([N+](=O)[O-])c3)c3ccccc23)cc1,C1CCOC1,503.0
62,CC(C)(C)c1ccc2c(c1)c1cc(C(C)(C)C)ccc1n2-c1ccc(-c2ccc(-c3cc4c(s3)-c3sc(/C=C(\C#N)C(=O)O)cc3C4(C)C)s2)s1,C1CCOC1,501.0
1611,N#CC(=Cc1ccc(C=Cc2ccc(N(c3ccccc3)c3ccccc3)cc2)s1)C(=O)O,C1CCOC1,476.0
210,CCC1(CC)c2cc(N(c3ccccc3)c3cccc4ccccc34)ccc2-c2ccc(N(c3ccc(/C=C(\C#N)C(=O)O)cc3)c3cccc4ccccc34)cc21,ClCCl,441.0
500,CCCCCCCCn1c(=C(C#N)C#N)s/c(=c2/c(=C\c3ccc(-c4ccc5c(c4)C4CCCC4N5c4ccc5c(c4)C(CCCCCCCC)(CCCCCCCC)c4ccccc4-5)s3)sc(=O)n2CC(=O)O)c1=O,ClC(Cl)Cl,568.0
355,CCCCCCCCCCCC[C@@H](CCCCCCCCCC)CN1c2ccc(/C=C3/SC(=S)N(CC(=O)O)C3=O)cc2Sc2cc(N3c4ccccc4Sc4ccccc43)ccc21,ClCCl,472.0
95,CC1(C)C(/C=C2\C(=O)C(/C=C3/N(Cc4ccc(C(=O)O)cc4)c4ccccc4C3(C)C)=C2[O-])=[N+](Cc2ccc(C(=O)O)cc2)c2ccccc21,CO,632.0
631,CCCCCCOc1ccc(-c2ccc(N(c3ccc(-c4ccc(OCCCCCC)cc4OCCCCCC)cc3)c3ccc(-c4sc(/C=C(\C#N)C(=O)O)c5c4OCCO5)cc3)cc2)c(OCCCCCC)c1,ClCCl,518.0
576,CCCCCCN1c2ccc(/C=C/c3ccc(N(c4ccccc4)c4ccccc4)cc3)cc2Sc2cc(/C=C(\C#N)C(=O)O)ccc21,ClCCl,476.0
37,CC(C)(C)c1ccc(-c2ccc(N(c3ccc(/C=C/c4sc(/C=C(/C#N)C(=O)O)c5c4OCCO5)cc3)c3ccc(-c4ccc(C(C)(C)C)cc4)cc3)cc2)cc1,CCO,467.0
488,CCCCCCCCc1cc(/C=C(/C#N)C(=O)O)sc1-c1ccc(-c2sc(-c3ccc4c(c3)Sc3ccccc3N4CC(CC)CCCC)cc2CCCCCCCC)s1,ClCCl,488.0
966,CCCCN1c2ccccc2Sc2cc(-c3ccc(-c4cc5c(s4)c4sc(/C=C(/C#N)C(=O)O)cc4n5-c4ccc5c(c4)C(CCCC)(CCCC)c4ccccc4-5)s3)ccc21,C1CCOC1,493.0
145,CC1(C)c2ccccc2-c2ccc(-n3c(-c4ccccc4)c(-c4ccc(-c5ccc(C=C(C#N)C(=O)O)s5)s4)c4ccccc43)cc21,CCO,433.0
1043,CCCCn1c2cc(-c3ccc(/C=C(\C#N)C(=O)O)s3)ccc2c2ccc(-n3c4ccccc4c4ccccc43)cc21,ClCCl,440.0
160,CC1(C)c2ccccc2-c2ccc(N(c3ccc(-c4cc5sc(-c6sc(/C=C(\C#N)C(=O)O)c7c6OCCO7)cc5s4)cc3)c3ccc4c(c3)C(C)(C)c3ccccc3-4)cc21,ClC(Cl)Cl,469.0
1105,CCN(CC)c1ccc(C=CC(=O)O)cc1,CN(C)C=O,367.0
557,CCCCCCN1c2ccc(-c3ccc(/C=C(\C#N)C(=O)O)s3)cc2S(=O)(=O)c2cc(-c3ccc(-c4ccc(N(c5ccccc5)c5ccccc5)cc4)s3)ccc21,C1CCOC1,416.0
1634,N#CC(C#N)=c1[nH]c(=O)/c(=C/c2ccc(-c3ccc(N(c4ccccc4)c4ccccc4)cc3)s2)s1,CCO,471.0
1439,N#C/C(=C\c1ccc(-c2cc3c4c(c2)CCCN4CCC3)s1)C(=O)O,CCO,458.0
522,CCCCCCCCn1nc2c(-c3ccc(/C=C(/C#N)C(=O)O)cc3)c3nc(-c4ccccc4)c(-c4ccccc4)nc3c(-c3ccc(-c4cccc5c4C4C6CCC(C6)C4N5c4ccccc4)s3)c2n1,ClCCl,669.0
1247,COc1ccc(N(c2ccc(OC)cc2)c2cc(OC)c(-c3cc4sc(/C=C(\C#N)C(=O)O)cc4s3)cc2OC)cc1,ClC(Cl)Cl,517.0
1056,CCCCn1c2ccc(-c3ccc(-c4ccncc4)s3)cc2c2cc(-c3ccc(-c4ccncc4)s3)ccc21,C1COCCO1,378.0
238,CCCCC(CC)COc1c(OCC(CC)CCCC)c2c3sc(-c4ccc(-c5ccc6c(c5)c5ccccc5n6CC(CC)CCCC)c5nsnc45)cc3sc2c2sc3cc(/C=C(/C#N)C(=O)O)sc3c12,C1CCOC1,494.0
1645,O=C(O)CN1/C(=C/C2=C([O-])/C(=C/c3[se]c4ccccc4[n+]3CC(=O)O)C2=O)[Se]c2ccccc21,CO,685.0
224,CCCCC(CC)CN1C(=O)/C(=C2/C(=O)N(CC(CC)CCCC)c3cc(-c4ccc(/C=C(\C#N)C(=O)O)o4)ccc32)c2ccc(-c3ccc4c(c3)C3CCCC3N4c3ccc(C)cc3)cc21,ClCCl,579.0
1526,N#C/C(=C\c1ccc(-c2sc(-c3ccc4c(c3)N(c3ccccc3)C3C5CCC(C5)C43)c3c2OCCO3)cc1)C(=O)O,ClCCl,511.0
348,CCCCCCCCCCCCN1c2ccccc2Oc2cc(/C=C(\C#N)C(=O)O)ccc21,ClCCl,491.0
122,CC1(C)CCN2CCC(C)(C)c3c2c1cc1cc(/C=C(/C#N)C(=O)O)c(=O)oc31,CCO,493.0
593,CCCCCCN1c2ccccc2Sc2cc(-c3cc(-c4sc(/C=C(\C#N)C(=O)O)cc4-c4ccc5c(c4)Sc4ccccc4N5CCCCCC)sc3-c3ccc4c(c3)Sc3ccccc3N4CCCCCC)ccc21,ClCCl,425.0
1736,c1ccc(N(c2ccccc2)c2ccc3c(c2)[nH]c2cc(-c4ccc(-c5ccncc5)s4)ccc23)cc1,C1COCCO1,394.0
335,CCCCCCCCCCCCCCCc1c(-c2ccc(N(c3ccccc3)c3ccccc3)cc2)sc2c1sc1c3sc(-c4ccc(/C=C(\C#N)C(=O)O)s4)c(CCCCCCCCCCCCCCC)c3sc21,Clc1ccccc1Cl,519.0
1676,O=C(O)CN1C(=O)/C(=C\c2ccc(N(c3ccccc3)c3ccccc3)cc2)SC1=S,CO,458.0
195,CCC1(CC)c2cc(-c3ccc(/C=C(\C#N)C(=O)O)s3)ccc2-c2ccc(N(c3ccc(C=C4c5ccccc5-c5ccccc54)cc3)c3ccc(C=C4c5ccccc5-c5ccccc54)cc3)cc21,ClCCl,439.0
237,CCCCC(CC)COc1c(OCC(CC)CCCC)c2c3sc(-c4ccc(-c5ccc6c(c5)c5ccccc5n6CC(CC)CCCC)c5nc(-c6ccc(C)s6)c(-c6csc(C)c6)nc45)cc3sc2c2sc3cc(/C=C(/C#N)C(=O)O)sc3c12,C1CCOC1,481.0
183,CCC(CC)CCCOc1ccccc1N(c1ccc(-c2ccc3c(c2)C=C2C(=O)C(c4ccc(C=C(C#N)C(=O)O)s4)=CC=C23)cc1)c1ccccc1OCCCC(CC)CC,CN(C)C=O,484.0
1451,N#C/C(=C\c1ccc(-c2ccc(-c3cc4c5ccccc5n5c6ccccc6c(c3)c45)cc2)cc1)C(=O)O,ClCCl,379.0
392,CCCCCCCCCc1c(-c2ccc(N(c3ccccc3)c3ccccc3)cc2)sc2c1sc1c3sc(-c4ccc(/C=C(\C#N)C(=O)O)s4)c(CCCCCCCCC)c3sc21,Clc1ccccc1Cl,498.0
975,CCCCN1c2ccccc2Sc2cc(-c3nc4c(-c5ccc(/C=C(\C#N)C(=O)O)s5)ccc(-c5ccc(/C=C(\C#N)C(=O)O)s5)c4n3CCCC)ccc21,C1CCOC1,427.0
1166,CCn1c(-c2cc(-c3nc(-c4ccc5c(c4)C(CC)(CC)c4ccccc4-5)c(-c4ccc5c(c4)C(CC)(CC)c4ccccc4-5)n3CC)c3c(c2)C(CC)(CC)c2cc(-c4ccc(/C=C(\C#N)C(=O)O)s4)ccc2-3)nc(-c2ccc3c(c2)C(CC)(CC)c2ccccc2-3)c1-c1ccc2c(c1)C(CC)(CC)c1ccccc1-2,C1CCOC1,425.0
675,CCCCCCOc1ccc(N(c2ccc(OCCCCCC)cc2)c2ccc(-c3cc4c(s3)-c3sc(-c5ccc6cc(C(=O)O)c(Cl)nc6c5)cc3C4(CCCCCC)CCCCCC)cc2)cc1,ClCCl,473.0
1222,COCC1COc2c(C=C(C#N)C(=O)O)sc(-c3ccc(N(c4ccccc4)c4ccccc4)cc3)c2O1,ClC(Cl)Cl,496.0
1615,N#CC(=Cc1ccc(C=Cc2ccc(N3c4ccccc4CCc4ccccc43)cc2)s1)C(=O)O,ClCCl,467.0
334,CCCCCCCCCCCCCCCc1c(-c2ccc(C=C(C#N)C(=O)O)s2)sc2c1sc1c3sc(-c4ccc(-c5ccc(N(c6ccccc6)c6ccccc6)cc5)s4)c(CCCCCCCCCCCCCCC)c3sc21,Clc1ccccc1Cl,513.0
620,CCCCCCOc1c2ccccc2c(OCCCCCC)c2cc(N(c3ccccc3)c3ccc4c(c3)Sc3cc(/C=C(/C#N)C(=O)O)ccc3N4CCCCCC)ccc12,C1CCOC1,422.0
1037,CCCCn1c2cc(-c3ccc(-c4ccc(/C=C(\C#N)C(=O)O)s4)s3)ccc2c2ccc(N(c3ccc4c(c3)C(CC)(CC)c3ccccc3-4)c3ccc4c(c3)C(CC)(CC)c3ccccc3-4)cc21,ClCCl,497.0
268,CCCCC1(CCCC)c2cc(/C=C(\C#N)C(=O)O)ccc2-c2ccc(N(c3ccc(OCCOC(C(F)(F)F)(C(F)(F)F)C(F)(F)F)cc3)c3ccc(OCCOC(C(F)(F)F)(C(F)(F)F)C(F)(F)F)cc3)cc21,CCO,432.0
1688,O=C(O)N1C(=O)/C(=C/c2ccc(-c3ccc(N(c4ccccc4)c4ccccc4)cc3)s2)SC1=S,ClCCl,503.0
550,CCCCCCN1C(=O)/C(=C2/C(=O)N(CCCCCC)c3cc(-c4ccc(/C=C(\C#N)C(=O)O)s4)ccc32)c2ccc(Br)cc21,ClC(Cl)Cl,400.0
1083,CCCOC1Cc2cc(/C=C3\SC(=S)N(CC(=O)O)C3=O)ccc2N(c2ccccc2)C1,C1CCOC1,472.0
105,CC1(C)CC(/C=C/c2ccc(N(c3ccc(-n4c5ccccc5c5ccccc54)cc3)c3ccc(-n4c5ccccc5c5ccccc54)cc3)cc2)=C/C(=C(/C#N)C(=O)O)C1,ClC(Cl)Cl,480.0
1278,Cc1c(-c2ccc(-c3ccc(/C=C(\C#N)C(=O)O)s3)s2)c(=O)oc2cc(N(c3ccc4c(c3)C(C)(C)c3ccccc3-4)c3ccc4c(c3)C(C)(C)c3ccccc3-4)ccc12,CCO,431.0
1679,O=C(O)CN1C(=O)C(=Cc2ccc(N(c3ccc(C=C4SC(=S)N(CC(=O)O)C4=O)cc3)c3ccc(-c4ccc5c(c4)[nH]c4ccccc45)cc3)cc2)SC1=S,CCO,491.0
636,CCCCCCOc1ccc(-c2ccc3c(c2)Sc2cc(/C=C(/C#N)C(=O)O)ccc2N3CCCCCC)c(OCCCCCC)c1,ClCCl,477.0
689,CCCCCCOc1ccc(N(c2ccc(OCCCCCC)cc2)c2ccc(-c3cc4sc(/C=C(\C#N)C(=O)O)cc4s3)cc2)cc1,C1CCOC1,451.0
20,CC(C)(C)c1cc(/C2=C3\C=CC(=N3)/C(C#Cc3cncnc3)=c3/cc/c4n3[Zn]n3c(ccc32)/C(C#Cc2ccc(C(=O)O)cc2)=C2/C=CC(=N2)/C=4c2cc(C(C)(C)C)cc(C(C)(C)C)c2)cc(C(C)(C)C)c1,C1CCOC1,656.0
876,CCCCCCn1c2c(c3cc(-c4ccc(/C=C(\C#N)C(=O)O)s4)ccc31)C(CC)(CC)c1ccccc1-2,ClCCl,477.0
244,CCCCC(CC)Cc1cc(-c2ccc(-c3cc(CC(CC)CCCC)c(-c4ccc(-c5ccc(N(c6ccccc6)c6ccccc6)cc5)s4)s3)c3nsnc23)sc1-c1ccc(-c2ccc(/C=C(\C#N)C(=O)O)cc2)s1,ClCCl,529.0
50,CC(C)(C)c1ccc(N(/C2=c3\cc/c4n3[Zn]n3c(ccc3/C(c3cc(C(C)(C)C)cc(C(C)(C)C)c3)=C3/C=CC2=N3)/C(C#Cc2ccc(C(=O)O)cc2)=C2/C=CC(=N2)/C=4c2cc(C(C)(C)C)cc(C(C)(C)C)c2)c2ccc(C(C)(C)C)cc2)cc1,ClCCl,644.0
922,CCCCCCn1c2ccccc2c2sc3c4sc(C=C(C#N)C(=O)O)cc4n(CCCCCC)c3c21,ClCCl,503.0
444,CCCCCCCCN1c2ccccc2Sc2cc(/C=C/c3ccc(-c4ccc(/C=C(/C#N)C(=O)O)s4)s3)ccc21,ClCCl,496.0
713,CCCCCCOc1ccc(N(c2ccc(OCCCCCC)cc2)c2ccc(-c3ccc(/C=C(\C#N)C(=O)O)cn3)cc2)cc1,C1CCOC1,426.0
1336,Cc1ccc(N(c2ccc(C)cc2)c2ccc3c(c2)C(c2ccc(C)cc2)(c2ccc(C)cc2)c2cc(-c4ccc(-c5ccc(C(=O)O)cc5)s4)sc2-3)cc1,ClC(Cl)Cl,442.0
1365,Cc1nc2c(-c3ccc(N(c4ccccc4)c4ccccc4)cc3)ccc(-c3ccc(/C=C(\C#N)C(=O)O)s3)c2s1,C1CCOC1,420.0
828,CCCCCCc1cc(/C=C(/C#N)C(=O)O)sc1-c1ccc(N(c2ccc3c(c2)c2ccccc2n3-c2ccccc2)c2ccc3c(c2)c2ccccc2n3-c2ccccc2)cc1,C1CCOC1,452.0
303,CCCCCCC(CCCC)Cc1cc(/C=C(\C#N)C(=O)O)sc1-c1cc2c3nonc3c3cc(-c4sc(-c5ccc6c(c5)c5ccccc5n6CC)cc4CC(CCCC)CCCCCC)sc3c2s1,C1CCOC1,462.0
174,CC1CC(C)(C)N(C)c2ccc(/C=C/c3cc4sc5cc(/C=C(\C#N)C(=O)O)sc5c4s3)cc21,CN(C)C=O,467.0
286,CCCCCC1=C2C(C)=C(c3ccc4c(c3)Sc3ccccc3N4CCCCCCN3c4ccccc4Sc4cc(C5=C(C)C6=C(CCCCC)c7c(C)c(-c8ccc(/C=C(\C#N)C(=O)O)s8)c(C)n7[B-](F)(F)[N+]6=C5C)ccc43)C(C)=[N+]2[B-](F)(F)n2c(C)c(/C=C(\C#N)C(=O)O)c(C)c21,ClC(Cl)Cl,535.0
927,CCCCCCn1cc(/C=C(/C#N)c2ccc(C=C(C#N)C(=O)O)s2)c2cc(OC)ccc21,ClC(Cl)Cl,503.0
1605,N#CC(=Cc1ccc(C#Cc2ccc(N(c3ccccc3)c3ccccc3)cc2)c(C#Cc2ccc(N(c3ccccc3)c3ccccc3)cc2)c1)C(=O)O,ClC(Cl)Cl,418.0
347,CCCCCCCCCCCCN1c2ccc(/C=C/c3ccc(N(c4ccccc4)c4ccccc4)cc3)cc2Oc2cc(/C=C(\C#N)C(=O)O)ccc21,ClCCl,517.0
308,CCCCCCC1(CCCCCC)c2cc(-c3ccc(C=C(C#N)C#N)s3)ccc2-c2ccc(N(c3ccccc3)c3ccc(C(=O)O)cc3)cc21,C1CCOC1,461.0
1705,O=C(O)c1ccc(/C2=c3\cc/c4n3[Zn]n3c(ccc3/C(c3ccccc3)=C3/C=CC2=N3)/C(c2ccccc2)=C2/C=CC(=N2)/C=4c2ccccc2)cc1,C1CCOC1,595.0
929,CCCCCCn1nc2c(-c3ccc(/C=C(/C#N)C(=O)O)s3)ccc(-c3ccc(-c4ccc(N(c5ccccc5)c5ccccc5)cc4)s3)c2n1,C1CCOC1,462.0
1534,N#C/C(=C\c1ccc(/C=C/c2ccc(N(c3ccccc3)c3ccccc3)cc2)cc1F)C(=O)O,C1CCOC1,436.0
169,CC1=CC(C)=[N+]2C1=C(c1ccc(C(=O)O)cc1)c1c(C)cc(C)n1[B-]2(F)F,ClCCl,503.0
424,CCCCCCCCN1C(=O)/C(=c2\s/c(=c3/c(=Cc4ccc5c(c4)C4CCCC4N5c4ccc(C=C(c5ccccc5)c5ccccc5)cc4)sc(=O)n3CC(=O)O)c(=O)n2-c2ccccc2)SC1=S,ClC(Cl)Cl,570.0
227,CCCCC(CC)CN1C(=O)/C(=c2\s/c(=c3/c(=Cc4ccc5c(c4)C4CCCC4N5c4ccc(C=C(c5ccccc5)c5ccccc5)cc4)sc(=O)n3CC(=O)O)c(=O)n2CC(CC)CCCC)SC1=S,ClC(Cl)Cl,572.0
12,CC(C)(C)C1CC(/C=C(\C#N)C(=O)O)=C2SC(c3ccccc3)=CC(c3ccccc3)=C2C1,ClCCl,554.0
1565,N#CC(=C\c1ccc(/C=C/c2ccc(N(c3ccccc3)c3ccccc3)cc2)cc1)/C=N/O,ClCCl,426.0
90,CC1(C)C(/C=C2\C(=O)C(/C=C3/N(CC(=O)O)c4ccccc4C3(C)C)=C2[O-])=[N+](CC(=O)O)c2ccccc21,CS(C)=O,647.0
1376,N#C/C(=C/c1ccc(-c2ccc(-c3ccc(N(c4ccccc4)c4ccccc4)cc3)s2)s1)C(=O)O,C1CCOC1,448.0
1475,N#C/C(=C\c1ccc(-c2ccc(-c3ccc(N(c4ccc5c(c4)OCCO5)c4ccc5c(c4)OCCO5)cc3)s2)s1)C(=O)O,ClCCl,503.0
863,CCCCCCc1nc(-c2nc(CCCCCC)c(-c3ccc(/C=C(\C#N)C(=O)O)s3)s2)sc1-c1ccc(N(c2ccccc2)c2ccccc2)cc1,ClCCl,457.0
1477,N#C/C(=C\c1ccc(-c2ccc(-c3ccc(N(c4ccccc4)c4cccc5ccccc45)cc3)s2)cc1)C(=O)O,C1CCOC1,422.0
1669,O=C(O)CN1C(=O)/C(=C\c2cc(Br)c(/C=C/c3ccc(N(c4ccccc4)c4ccccc4)cc3)cc2Br)SC1=S,ClCCl,478.0
306,CCCCCCC1(CCCCCC)c2cc(-c3ccc(-c4ccc(/C=C(\C#N)C(=O)O)s4)s3)ccc2-c2ccc(-c3ccc(-c4ccc(/C=C(\C#N)C(=O)O)s4)s3)cc21,C1CCOC1,473.0
1345,Cc1ccc(N2c3ccc(-c4ccc(-c5ccc(C=C(C#N)C(=O)O)s5)c5nc(-c6ccc(C)s6)c(-c6ccc(C)s6)nc45)cc3C3CCCC32)cc1,ClCCl,530.0
1682,O=C(O)CN1C(=O)C(=Cc2ccc(N(c3ccccc3)c3ccccc3)cc2)SC1=S,CCO,458.0
1735,[C-]#[N+]/C(=C/c1ccc(N(c2ccc(Br)cc2)c2ccc(-c3nc4c(-c5cccc(OC)c5)ccc(-c5cccc(OC)c5)c4[nH]3)cc2)cc1)C(=O)O,ClC(Cl)Cl,423.0
493,CCCCCCCCn1c(-c2ccc(C3=C(C)C4=C(CCCCC)c5c(C)c(C=C(C#N)C(=O)O)c(C)n5[B-](F)(F)[N+]4=C3C)cc2)nc2c3ccc(OC)cc3c3cc(OC)ccc3c21,ClC(Cl)Cl,532.0
74,CC(C)CCCn1c2ccc(-c3ccc(N(c4ccccc4)c4ccccc4)cc3)cc2c2cc(-c3ccc(/C=C(\C#N)C(=O)O)o3)ccc21,ClCCl,468.0
519,CCCCCCCCn1c2ccccc2c2cc3c(cc21)c1cc(-c2cc(CCCCCC)c(-c4cc(CCCCCC)c(C=C(C#N)C(=O)O)s4)s2)ccc1n3CCCCCCCC,Cc1ccccc1,492.0
566,CCCCCCN1c2ccc(/C=C(\C#N)C(=O)O)cc2Sc2cc(-c3ccc(C(=C(c4ccccc4)c4ccccc4)c4ccccc4)cc3)ccc21,ClCCl,474.0
181,CC1Cc2ccccc2N1c1ccc(N(c2ccc(/C=C(/C#N)C(=O)O)cc2)c2ccc(N3c4ccccc4CC3C)cc2)cc1,ClC(Cl)Cl,459.0
109,CC1(C)CC(/C=C/c2ccc(N(c3ccccc3)c3ccccc3)cc2)=C/C(=C(\C#N)C(=O)O)C1,CC#N,450.0
118,CC1(C)CCN2CCC(C)(C)c3c2c1cc1cc(-c2ccc(C#Cc4ccc(-c5ccc(/C=C(/C#N)C(=O)O)cc5)c5nsnc45)s2)c(=O)oc31,CCO,490.0
295,CCCCCC1c2c(C)c(-c3ccc(C=C4SC(=S)N(CC(=O)O)C4=O)s3)c(C)n2[B-](F)(F)[N+]2=C(C)C(c3ccc4c(c3)Sc3ccccc3N4CCC)=C(C)C12,ClC(Cl)Cl,541.0
1079,CCCCn1c2ccccc2c2cc(/C=C/c3ccc(/C=C/c4ccncc4)c4nsnc34)ccc21,ClCCl,482.0
649,CCCCCCOc1ccc(-n2c3cc(/C=C(\C#N)C(=O)O)sc3c3sc(-c4ccc(N(c5ccc6ccsc6c5)c5ccc6ccsc6c5)cc4)cc32)c(OCCCCCC)c1,ClCCl,523.0
778,CCCCCCc1cc(-c2cc[n+](C(=O)O)cc2)sc1-c1ccc2c(c1)Sc1ccccc1N2CCCCCC,ClCCl,506.0
1438,N#C/C(=C\c1ccc(-c2cc(-c3ccc(N(c4ccccc4)c4ccccc4)cc3)sc2-c2ccc(/C=C(\C#N)C(=O)O)s2)s1)C(=O)O,C1CCOC1,472.0
1704,O=C(O)c1ccc(/C2=C3\C=CC(=N3)/C(c3ccccc3)=c3/cc/c4n3[Zn]n3c2ccc3/C(c2ccccc2)=C2/C=CC(=N2)/C=4c2ccc(N3c4ccccc4CCc4ccccc43)cc2)cc1,ClCCl,593.0
628,CCCCCCOc1ccc(-c2ccc(-c3c(CC(CC)CCCC)c4cc(-c5ccc(OCCCCCC)cc5OCCCCCC)ccn4c3/C=c3\s/c(=C4\SC(=S)N(CCCCCC)C4=O)n(CC(=O)O)c3=O)cc2)c(OCCCCCC)c1,ClCCl,597.0
1411,N#C/C(=C\c1c(F)cc(/C=C/c2ccc(N(c3ccccc3)c3ccccc3)cc2)cc1F)C(=O)O,C1CCOC1,422.0
412,CCCCCCCCN(c1ccccc1)c1ccc(C=C2C(=O)NC(=O)NC2=O)cc1,C1CCOC1,451.0
642,CCCCCCOc1ccc(-c2ccc3c(c2)Sc2cc(/C=C/c4cc[n+](CC(=O)O)cc4)ccc2N3CCCCCC)c(OCCCCCC)c1,ClCCl,508.0
1711,O=C(O)c1ccc(C2N=C3Oc4c(cc5c6c4CCCN6CCC5)C=C3c3nc4ccccc4n32)cc1,CS(C)=O,475.0
290,CCCCCC1=C2C(C)=C(c3ccc4c5ccccc5n(-c5ccc(OC)cc5)c4c3)C(C)=[N+]2[B-](F)(F)n2c(C)c(/C=C(\C#N)C(=O)O)c(C)c21,ClC(Cl)Cl,533.0
1538,N#C/C(=C\c1ccc(/C=C\C2=C3/C=CC(=N3)/C(c3ccc(C(=O)O)cc3)=c3/cc/c4n3[Zn]n3c2ccc3/C(c2ccc(C(=O)O)cc2)=C2/C=CC(=N2)C=4\C=C\c2ccc(/C=C(\C#N)c3ccc([N+](=O)[O-])cc3)cc2)cc1)c1ccc([N+](=O)[O-])cc1,C1CCOC1,606.0
340,CCCCCCCCCCCCN(c1ccc(-c2ccc(-c3ccc(/C=C(\C#N)C(=O)O)s3)s2)cc1)c1ccc(-n2c3ccc(C(C)(C)C)cc3c3cc(C(C)(C)C)ccc32)cc1,ClCCl,463.0
1254,COc1ccc(N(c2ccc(OC)cc2)c2ccc(-c3ccc(/C=C(\C#N)C(=O)O)o3)cc2)cc1,ClCCl,504.0
1646,O=C(O)CN1/C(=C/C2=C([O-])/C(=C/c3sc4ccccc4[n+]3CC(=O)O)C2=O)Sc2ccccc21,CO,660.0
1019,CCCC[C@H](CC)COc1ccc(-c2ccc3c(c2)Sc2cc(-c4ccc(OC[C@@H](CC)CCCC)cc4)ccc2N3c2ccc(C(=O)O)cc2)cc1,C1CCOC1,290.0
46,CC(C)(C)c1ccc(C2=CC(=Cc3sc(/C=C(\C#N)C(=O)O)c4c3OCCO4)C=C(c3ccc(C(C)(C)C)cc3)O2)cc1,ClCCl,594.0
753,CCCCCCSC1=C(SCCCCCC)SC(=C(C(=C2SC(SCCCCCC)=C(SCCCCCC)S2)c2ccc(-c3ccc(-c4ccncc4)cc3)s2)c2ccc(-c3ccc(-c4ccncc4)cc3)s2)S1,C1CCOC1,419.0
759,CCCCCCSC1=C(SCCCCCC)SC(=Cc2ccc(-c3ccc4c(c3)N(CCCC)c3cc(/C=C(\C#N)C(=O)O)ccc3S4)c(F)c2)S1,C1CCOC1,383.0
465,CCCCCCCCOc1ccc(N(c2ccc(OCCCCCCCC)cc2)c2ccc(-c3ccc(-c4ccc(/C=C(/C#N)C(=O)O)cc4)c4n[se]nc34)cc2)cc1,C1CCOC1,522.0
1535,N#C/C(=C\c1ccc(/C=C/c2ccc(N(c3ccccc3)c3ccccc3)cc2)n1-c1c(F)c(F)c(F)c(F)c1F)C(=O)O,ClCCl,493.0
1130,CCN1C(=O)/C(=c2\s/c(=C/c3ccc(-c4ccc5c(c4)N(c4ccc(C=C(c6ccccc6)c6ccccc6)cc4)CC5)s3)c(=O)n2CC(=O)O)SC1=S,ClCCl,335.0
1404,N#C/C(=C/c1sc(-c2ccc(N(c3ccccc3)c3ccc(-c4sc(/C=C(/C#N)C(=O)O)c5c4OCCO5)cc3)cc2)c2c1OCCO2)C(=O)O,CCO,493.0
427,CCCCCCCCN1C(=O)C2=C(c3ccc(-c4ccc(C=C(C#N)C(=O)O)s4)cn3)N(CCCCCCCC)C(=O)C2=C1c1ccc(-c2ccc(N(c3ccccc3)c3ccccc3)cc2)cn1,C1CCOC1,579.0
327,CCCCCCCCCCC1(CCCCCCCC)/C(=C/C2=C([O-])/C(=C\C3=[N+](C)c4ccccc4C3(C)C)C2=O)N(CCCCCC)c2ccc(-c3ccc(C=C(C#N)C(=O)O)s3)cc21,ClC(Cl)Cl,667.0
670,CCCCCCOc1ccc(N(c2ccc(OCCCCCC)cc2)c2ccc(-c3c4ccccc4c(C#Cc4ccc(C(=O)O)cc4)c4ccccc34)cc2)cc1,ClCCl,439.0
353,CCCCCCCCCCCCOc1ccc(/C2=C3\C=CC(=N3)/C(C#Cc3ccc(-n4c5ccccc5c5ccccc54)cc3)=c3/cc/c4n3[Zn]n3c(ccc32)/C(C#Cc2ccc(C(=O)O)cc2)=C2/C=CC(=N2)/C=4c2ccc(OCCCCCCCCCCCC)cc2)cc1,C1CCOC1,660.0
450,CCCCCCCCOc1c(OCCCCCCCC)c(-c2ccc(N(c3ccccc3)c3ccccc3)s2)c2nsnc2c1-c1ccc(/C=C(/C#N)C(=O)O)cc1,ClCCl,483.0
1363,Cc1ccc2cc3c4ccc(-c5ccc(/C=C(\C#N)C(=O)O)s5)cc4c4ccccc4n3c2c1,C1CCOC1,453.0
1048,CCCCn1c2cc(-c3ccc(C4=C5C=CC(c6ccc(-c7ccncc7)s6)=[N+]5[B-](F)(F)n5c4ccc5-c4ccc(-c5ccncc5)s4)s3)ccc2c2ccc(N(c3ccccc3)c3ccccc3)cc21,C1COCCO1,673.0
1228,COc1cc(C=C(C#N)C(=O)O)c(OC)cc1C=Cc1cc(OC)c(N(c2ccccc2)c2ccccc2)cc1OC,CCO,302.0
1624,N#CC(=Cc1ccc(N(c2ccccc2)c2ccccc2)cc1)c1nc2ccc(C(=O)O)cc2[nH]1,CN(C)C=O,413.0
760,CCCCCCSC1=C(SCCCCCC)SC(=Cc2ccc(-c3ccc4c(c3)N(CCCC)c3cc(/C=C(\C#N)C(=O)O)ccc3S4)cc2)S1,C1CCOC1,450.0
140,CC1(C)c2ccccc2-c2cc(N(c3ccc(-c4ccc(/C=C(/C#N)C(=O)O)s4)cc3)c3ccc4c(c3)-c3ccccc3C4(C)C)ccc21,CCO,436.0
454,CCCCCCCCOc1c2cccc3c(-c4ccc(/C=C(\C#N)C(=O)O)s4)cc4c(OCCCCCCCC)c5cccc6c(-c7ccc(N(c8ccc(C)cc8)c8ccc(C)cc8)cc7)cc1c(c65)c4c32,C1CCOC1,461.0
705,CCCCCCOc1ccc(N(c2ccc(OCCCCCC)cc2)c2ccc(-c3ccc(-c4ccc(C=C(C#N)C(=O)O)o4)o3)cc2)cc1,ClC(Cl)Cl,522.5
1473,N#C/C(=C\c1ccc(-c2ccc(-c3ccc(N(c4ccc5c(c4)OCCO5)c4ccc5c(c4)OCCO5)cc3)s2)cc1)C(=O)O,ClCCl,471.0
836,CCCCCCc1cc(C=C(C#N)C(=O)O)sc1-c1ccc(C=C2c3ccc(N(c4ccc(OC)cc4)c4ccc(OC)cc4)cc3-c3cc(N(c4ccc(OC)cc4)c4ccc(OC)cc4)ccc32)s1,ClCCl,416.0
1110,CCN(CC)c1ccc2c(C)c(C#CC=C(C#N)C(=O)O)c(=O)oc2c1,ClCCl,440.0
957,CCCCN1c2ccc(-c3ccc(/C=C(\C#N)C(=O)O)s3)cc2Sc2cc(-c3nc4ccccc4n3-c3ccccc3)ccc21,C1CCOC1,438.0
1026,CCCCn1c(-c2ccc(-c3ccc(/C=C(\C#N)C(=O)O)cc3)cc2)nc2c(-c3cccs3)sc(-c3cccs3)c21,C1CCOC1,404.0
1357,Cc1ccc(N2c3ccc(/C=C/C4=C/C(=C(\C#N)C(=O)O)CC(C)(C)C4)cc3C3CCCC32)cc1,CC#N,497.0
399,CCCCCCCCN(CCCCCCCC)c1ccc(C2=C([O-])/C(=C/C3=[N+](CC(=O)O)c4ccccc4C3(C)C)C2=O)cc1,C1CCOC1,630.0
1426,N#C/C(=C\c1cc2sc(-c3ccc(-c4ccc(N(c5ccccc5)c5ccccc5)cc4)c4nc(-c5ccccc5)c(-c5ccccc5)nc34)cc2s1)C(=O)O,CN(C)C=O,467.0
1350,Cc1ccc(N2c3ccc(-c4ccc(/C=C(\C#N)C(=O)O)s4)cc3C3CCCC32)cc1,ClCCl,483.0
1474,N#C/C(=C\c1ccc(-c2ccc(-c3ccc(N(c4ccc5c(c4)OCCO5)c4ccc5c(c4)OCCO5)cc3)s2)s1)C(=O)O,CN(C)C=O,503.0
21,CC(C)(C)c1cc(/C2=C3\C=CC(=N3)/C(C#Cc3ncccn3)=c3/cc/c4n3[Zn]n3c(ccc32)/C(C#Cc2ccc(C(=O)O)cc2)=C2/C=CC(=N2)/C=4c2cc(C(C)(C)C)cc(C(C)(C)C)c2)cc(C(C)(C)C)c1,C1CCOC1,656.0
772,CCCCCCc1cc(-c2cc3c(-c4ccc(CC(CC)CCCC)s4)c4sc(-c5cc(CCCCCC)c(-c6cc(CCCCCC)c(-c7sc(/C=C(\C#N)C(=O)O)c8c7OCCO8)s6)s5)cc4c(-c4ccc(CC(CC)CCCC)s4)c3s2)sc1-c1cc(CCCCCC)c(-c2sc(/C=C(\C#N)C(=O)O)c3c2OCCO3)s1,C1CCOC1,484.0
395,CCCCCCCCN(CCCCCCCC)c1ccc(C#Cc2c3ccccc3c(C#Cc3ccc(/C=C(/C#N)C(=O)O)cc3)c3ccccc23)cc1,C1CCOC1,509.0
252,CCCCC(CC)Cn1c2cc(/C=C(\C#N)C(=O)O)sc2c2sc3c4cc(/C=C(/C#N)C(=O)O)sc4n(CC(CC)CCCC)c3c21,C1CCOC1,555.0
1521,N#C/C(=C\c1ccc(-c2sc(-c3ccc(N(c4ccccc4)c4ccccc4)cc3)c3c2OCCO3)cc1)C(=O)O,ClCCl,477.0
1066,CCCCn1c2ccc(/C=C(\C#N)C(=O)O)cc2c2nc3ccccc3nc21,C1CCOC1,355.0
677,CCCCCCOc1ccc(N(c2ccc(OCCCCCC)cc2)c2ccc(-c3cc4c(s3)-c3sc(-c5ccc6cc(C=O)c(=O)[nH]c6c5)cc3C4(CCCCCC)CCCCCC)cc2)cc1,ClCCl,518.0
1714,O=C(O)c1ccc2c(c1)nc1c3cccc4c(-c5ccc(N(c6ccccc6)c6ccccc6)cc5)ccc(c(=O)n21)c43,Cc1ccccc1,460.0
1298,Cc1cc(C)c(/C2=C3\C=CC(=N3)/C(c3c(C)cc(C)cc3C)=c3/cc/c4n3[Zn]n3c2ccc3/C(c2ccc(C(=O)O)s2)=C2/C=CC(=N2)/C=4c2c(C)cc(C)cc2C)c(C)c1,CCO,600.0
1188,CCn1c2ccccc2c2cc(N(c3ccc4c(c3)C(CC)(CC)c3ccccc3-4)c3ccc4c(c3)C(CC)(CC)c3cc(-c5ccc(/C=C(\C#N)C(=O)O)s5)ccc3-4)ccc21,C1CCOC1,474.0
1141,CCN1O/C(=c2\c(=Cc3ccc(-c4ccc5c(c4)C4CCCC4N5c4ccc(OC)cc4)cc3)sc(=O)n2CC(=O)O)SC1=S,ClC(Cl)Cl,546.0
875,CCCCCCn1c2c(c3cc(-c4ccc(/C=C(\C#N)C(=O)O)o4)ccc31)C(CCCCCC)(CCCCCC)c1ccccc1-2,ClCCl,470.0
610,CCCCCCOc1c(OCCCCCC)c(-c2cc(CCCCCC)c(-c3ccc(N(c4ccccc4)c4ccccc4)cc3)s2)c2nc3c4ccccc4c4ccccc4c3nc2c1-c1cc(CCCCCC)c(/C=C(\C#N)C(=O)O)s1,ClC(Cl)Cl,504.0
1193,CN(C)c1ccc(/C=C/C2=[N+](CCCS(=O)(=O)[O-])c3ccccc3C2(C)C)cc1,ClC(Cl)Cl,557.0
1248,COc1ccc(N(c2ccc(OC)cc2)c2ccc(-c3c4ccccc4c(C#Cc4ccc(/C=C(\C#N)C(=O)O)cc4)c4ccccc34)cc2)cc1,ClCCl,452.0
633,CCCCCCOc1ccc(-c2ccc(N(c3ccc(-c4ccc(OCCCCCC)cc4OCCCCCC)cc3)c3ccc4c(c3)sc3cc(C5(C=C(C#N)C(=O)O)CC=C(c6cccs6)S5)sc34)cc2)c(OCCCCCC)c1,C1CCOC1,475.0
909,CCCCCCn1c2ccccc2c2cc(-c3ccc(C=C(C#N)C(=O)O)cc3F)ccc21,ClC(Cl)Cl,400.0
862,CCCCCCc1nc(-c2nc(CCCCCC)c(-c3ccc(/C=C(\C#N)C(=O)O)s3)s2)sc1-c1ccc(N(c2ccc(OC)cc2)c2ccc(OC)cc2)cc1,ClCCl,460.0
706,CCCCCCOc1ccc(N(c2ccc(OCCCCCC)cc2)c2ccc(-c3ccc(-c4ccc5c(c4)C(CCCCCC)(CCCCCC)c4cc(-c6ccc(C=C(C#N)C(=O)O)s6)ccc4-5)s3)cc2)cc1,Clc1ccccc1,465.0
1266,COc1ccc(N2c3ccccc3Sc3cc(C=C(C#N)C(=O)O)ccc32)cc1,ClCCl,476.0
715,CCCCCCOc1ccc(N(c2ccc(OCCCCCC)cc2)c2ccc(-c3ccc(C4=C5C(=O)N(CCCCCC)C(c6ccc(/C=C(\C#N)C(=O)O)cc6)=C5C(=O)N4CCCCCC)cc3)cc2)cc1,ClCCl,513.0
1707,O=C(O)c1ccc(C#C/C2=C3/N=C(/C(c4ccccc4)=c4/c5ccccc5/c5n4[Zn]n4c2c2ccccc2c4/C(c2ccccc2)=C2\N=C(/C=5c4ccccc4)c4ccccc42)c2ccccc23)cc1,CC#N,655.0
323,CCCCCCCCC1(CCCCCCCC)c2cc(/C=C(/C#N)C(=O)O)ccc2-c2ccc(/C=C/c3ccc(N(c4ccccc4)c4ccccc4)cc3)cc21,ClCCl,406.0
1385,N#C/C(=C/c1ccc(-c2ccc(N3c4ccccc4Oc4ccccc43)cc2)s1)C(=O)O,C1CCOC1,371.0
1546,N#C/C(=C\c1ccc(N(c2ccccc2)c2ccccc2)cc1)C(=O)O,CO,407.0
1478,N#C/C(=C\c1ccc(-c2ccc(-c3ccc(N(c4ccccc4)c4cccc5ccccc45)cc3)s2)s1)C(=O)O,C1CCOC1,461.0
630,CCCCCCOc1ccc(-c2ccc(C(=Cc3ccc(N4c5ccc(-c6ccc(-c7ccc(/C=C(\C#N)C(=O)O)s7)c7nc(-c8ccccc8)c(-c8ccccc8)nc67)cc5C5CCCC54)cc3)c3ccc(-c4ccc(OCCCCCC)cc4OCCCCCC)cc3)cc2)c(OCCCCCC)c1,ClCCl,534.0
1616,N#CC(=Cc1ccc(N(c2ccc(-c3ccccc3)cc2)c2ccc(-c3ccccc3)cc2)cc1)C(=O)O,CCO,410.0
127,CC1(C)CCN2CCC(C)(C)c3c2c1cc1cc(/C=C/C=C/C=C(/C#N)C(=O)O)c(=O)oc31,CCO,506.0
1018,CCCC[C@H](CC)COc1ccc(-c2ccc3c(c2)Sc2cc(-c4ccc(OC[C@@H](CC)CCCC)cc4)ccc2N3[C@H]2C=CC(c3ccc(C(=O)O)cc3)=CC2)cc1,C1CCOC1,290.0
1098,CCN(CC)c1ccc(C=C(C#N)c2ccc(-c3nc4cc(C(=O)O)ccc4[nH]3)s2)cc1,CN(C)C=O,460.0
854,CCCCCCc1ccc(N(/C2=c3\cc/c4n3[Zn]n3c(ccc3/C(c3cc(C(C)(C)C)cc(C(C)(C)C)c3)=C3/C=CC2=N3)/C(C#Cc2ccc(C(=O)O)cc2)=C2/C=CC(=N2)/C=4c2cc(C(C)(C)C)cc(C(C)(C)C)c2)c2ccc(CCCCCC)cc2)cc1,C1CCOC1,647.0
786,CCCCCCc1cc(-c2ccc(-c3ccc4c(c3)N(c3ccc(C)cc3)C3CCCC43)c3nsnc23)sc1-c1ccc(/C=C(\C#N)C(=O)O)s1,ClCCl,536.0
611,CCCCCCOc1c(OCCCCCC)c(-c2ccc(-c3ccc(N(c4ccc(OC)cc4)c4ccc(OC)cc4)cc3)s2)c2nsnc2c1-c1ccc(/C=C(\C#N)C(=O)O)s1,C1CCOC1,536.0
1718,O=C(O)c1cccc(/C2=C3\C=CC(=N3)/C(c3ccc(N(c4ccccc4)c4ccccc4)cc3)=c3/cc/c4n3[Zn]n3c2ccc3/C(c2cccc(C(=O)O)c2)=C2/C=CC(=N2)/C=4c2cccc(C(=O)O)c2)c1,C1CCOC1,599.0
1436,N#C/C(=C\c1ccc(-c2cc(-c3ccc(-c4ccc(N(c5ccccc5)c5ccccc5)cc4)s3)sc2-c2ccc(/C=C(\C#N)C(=O)O)s2)s1)C(=O)O,C1CCOC1,478.0
418,CCCCCCCCN1C(=O)/C(=C2/C(=O)N(CCCCCCCC)c3cc(-c4ccc(/C=C(/C#N)C(=O)O)s4)ccc32)c2ccc(-c3ccc(N(c4ccccc4)c4ccccc4)cc3)cc21,ClCCl,563.0
100,CC1(C)C(c2ccc(/C=C(\C#N)C(=O)O)s2)=Nc2ccc(N(c3ccccc3)c3ccccc3)cc21,C1CCOC1,464.0
747,CCCCCCOc1ccc(N2c3ccccc3Sc3cc(-c4ccc5c(c4)Sc4cc(-c6ccc7c(c6)Sc6cc(/C=C(\C#N)C(=O)O)ccc6N7c6ccc(OCCCCCC)cc6)ccc4N5c4ccc(OCCCCCC)cc4)ccc32)cc1,ClCCl,496.0
337,CCCCCCCCCCCCCCCc1c(C=C(C#N)C(=O)O)sc2c1sc1c3sc(-c4ccc(-c5ccc(N(c6ccccc6)c6ccccc6)cc5)s4)c(CCCCCCCCCCCCCCC)c3sc21,Clc1ccccc1Cl,482.0
1419,N#C/C(=C\c1cc(Cl)c(/C=C/c2ccc(N(c3ccccc3)c3ccccc3)cc2)cc1Cl)C(=O)O,ClCCl,444.0
1441,N#C/C(=C\c1ccc(-c2cc3c4ccccc4n4c5ccccc5c(c2)c34)s1)C(=O)O,ClCCl,382.0
840,CCCCCCc1ccc(-c2cc(CCCCCC)c(-c3ccc(-c4sc(-c5ccc(P(=O)(O)O)s5)cc4CCCCCC)c4nsnc34)s2)s1,ClC(Cl)Cl,504.0
839,CCCCCCc1ccc(-c2cc(CCCCCC)c(-c3ccc(-c4ccc(-c5sc(-c6ccc(P(=O)(O)O)s6)cc5CCCCCC)s4)s3)s2)s1,ClC(Cl)Cl,426.0
1603,N#CC(=Cc1ccc(-n2c3ccccc3c3ccccc32)cc1)C(=O)O,CC#N,374.0
946,CCCCN(CCCC)c1ccc2c(c1)OC1=NC(c3ccc(O)c(C(=O)O)c3)n3c(nc4ccccc43)C1=C2,CS(C)=O,450.0
1518,N#C/C(=C\c1ccc(-c2ncc(-c3ccc(N(c4ccccc4)c4ccccc4)cc3)c3nsnc23)s1)C(=O)O,ClCCl,546.0
1631,N#CC(C#N)=Cc1ccc(-c2ccc(N(c3ccc(C(=O)O)cc3)c3ccc(C(=O)O)cc3)cc2)s1,CN(C)C=O,478.0
1252,COc1ccc(N(c2ccc(OC)cc2)c2ccc(-c3ccc(-c4ccc(C=C5NC(=O)NC5=O)s4)c4nsnc34)cc2)cc1,ClC(Cl)Cl,515.0
1245,COc1ccc(N(c2ccc(C#Cc3c4ccccc4c(-c4ccc(/C=C(\C#N)C(=O)O)cc4)c4ccccc34)cc2)c2ccc(OC)cc2)cc1,ClCCl,511.0
646,CCCCCCOc1ccc(-n2c3cc(/C=C(\C#N)C(=O)O)sc3c3sc(-c4ccc(N(c5ccc(-c6cc7sccc7s6)cc5)c5ccc(-c6cc7sccc7s6)cc5)cc4)cc32)c(OCCCCCC)c1,ClCCl,531.0
104,CC1(C)CC(/C=C/c2cc3cc4c5c(c3oc2=O)C(C)(C)CCN5CCC4(C)C)=C/C(=C(/C#N)C(=O)O)C1,CCO,492.0
821,CCCCCCc1cc(-c2sc(-c3sc(-c4sc(/C=C(/C#N)C(=O)O)cc4CCCCCC)cc3CCCCCC)cc2CCCCCC)sc1-c1ccc2c(c1)c1ccccc1n2CC,ClC(Cl)Cl,473.0
1005,CCCCSC1=C(SCCCC)SC(=C(C(=C2SC(SCCCC)=C(SCCCC)S2)c2ccc(-c3ccc(C=C(C#N)C(=O)O)s3)cc2)c2ccc(-c3ccc(C=C(C#N)C(=O)O)s3)cc2)S1,C1CCOC1,447.0
1082,CCCCn1c2ccccc2c2cc(N3c4ccccc4Sc4cc(/C=C5\SC(=S)N(CC(=O)O)C5=O)ccc43)ccc21,ClCCl,501.0
1637,N#CC(C#N)=c1[nH]c(=O)/c(=C/c2ccc(N(c3ccccc3)c3ccccc3)cc2)s1,CCO,435.0
463,CCCCCCCCOc1ccc(-c2ccc(N(c3ccc4c(c3)C(C)(C)c3cc(-c5ccc(-c6ccc(C=C(C#N)C(=O)O)s6)c6nsnc56)sc3-4)c3ccc(-c4ccc(OCCCCCCCC)cc4OCCCCCCCC)cc3-c3ccc(OCCCCCCCC)cc3OCCCCCCCC)cc2)c(OCCCCCCCC)c1,ClCCl,616.0
1053,CCCCn1c2ccc(-c3ccc(-c4ccncc4)s3)cc2c2cc(-c3ccc(-c4ccc(C(=O)O)cc4)s3)ccc21,C1COCCO1,378.0
590,CCCCCCN1c2ccc(C=C3SC(SC)=C(SC)S3)cc2Sc2cc(-c3ccc(C=C(C#N)C(=O)O)cc3)ccc21,ClCCl,472.0
1218,COC(=O)c1cc(OCCCCCCn2c(/C=C/c3ccc(N(c4ccccc4)c4ccccc4)cc3)ccc2/C=C(\C#N)C(=O)O)cc(OCCCCCCn2c(/C=C/c3ccc(N(c4ccccc4)c4ccccc4)cc3)ccc2/C=C(\C#N)C(=O)O)c1,ClCCl,504.0
1234,COc1ccc(/C2=C3\C=CC(=N3)/C(c3ccc(OC)cc3)=c3/cc/c4n3[Zn]n3c2ccc3/C(c2ccc(C(=O)O)cc2)=C2/C=CC(=N2)/C=4c2ccc(OC)cc2)cc1,ClCCl,589.0
501,CCCCCCCCn1c(=C(C#N)C#N)s/c(=c2/c(=C\c3ccc(-c4ccc5c(c4)C4CCCC4N5c4ccc5c(c4)Cc4ccccc4-5)s3)sc(=O)n2CC(=O)O)c1=O,ClC(Cl)Cl,566.0
708,CCCCCCOc1ccc(N(c2ccc(OCCCCCC)cc2)c2ccc(-c3ccc(-c4nc(-c5ccc(-c6ccc(/C=C(\C#N)C(=O)O)s6)s5)c(-c5ccc(-c6ccc(/C=C(\C#N)C(=O)O)s6)s5)n4CCCCCC)s3)cc2)cc1,C1CCOC1,484.0
378,CCCCCCCCCCCCn1c2ccc(-c3ccc(-c4ccc(-c5ccc(/C=C(\C#N)C(=O)O)s5)s4)s3)cc2c2cc(-n3c4ccc(C(C)(C)C)cc4c4cc(C(C)(C)C)ccc43)ccc21,ClCCl,443.0
982,CCCCN1c2ccccc2Sc2cc(/C=C/c3ccc(/C=C4/SC(=S)N(CC(=O)O)C4=O)cc3)ccc21,ClCCl,465.0
1346,Cc1ccc(N2c3ccc(-c4ccc(-c5ccc(C=C(C#N)C(=O)O)s5)c5nccnc45)cc3C3CCCC32)cc1,ClCCl,481.0
407,CCCCCCCCN(CCCCCCCC)c1ccc(C2=C([O-])/C(=C/c3[se]c4ccccc4[n+]3CC(=O)O)C2=O)cc1,CO,610.0
422,CCCCCCCCN1C(=O)/C(=c2\s/c(=C\c3ccc4c(c3)C3CCCC3N4c3ccc(C=C(c4ccccc4)c4ccccc4)cc3)c(=O)n2CC(=O)O)SC1=S,C1CCOC1,532.0
1414,N#C/C(=C\c1cc(-c2ccc(N(c3ccccc3)c3ccccc3)cc2)c(-c2ccc(N(c3ccc(-c4ccc(N(c5ccccc5)c5ccccc5)cc4)cc3)c3ccc(-c4ccc(N(c5ccccc5)c5ccccc5)cc4)cc3)cc2)s1)C(=O)O,ClC(Cl)Cl,493.0
1164,CCc1ccc(N(c2ccc(CC)cc2)c2ccc(-c3nnc(-c4ccc(C=C(C#N)C(=O)O)cc4)o3)cc2)cc1,C1CCOC1,385.0
175,CC1CC(C)(C)N(C)c2ccc(C=Cc3ccc(-c4ccc(-c5ccc(C=C(C#N)C(=O)O)s5)s4)s3)cc21,CCO,475.0
696,CCCCCCOc1ccc(N(c2ccc(OCCCCCC)cc2)c2ccc(-c3ccc(-c4ccc(-c5ccc(/C=C(\C#N)C(=O)O)s5)s4)s3)cc2)cc1,ClC(Cl)Cl,495.0
833,CCCCCCc1cc(/C=C(\C#N)C(=O)O)sc1-c1sc(-c2ccc(N(c3ccccc3)c3ccccc3)cc2)cc1CCCCCC,ClCCl,433.0
431,CCCCCCCCN1c2ccc(-c3ccc(-c4ccc(-c5ccc(/C=C(\C#N)C(=O)O)cc5)s4)s3)cc2Sc2cc(-n3c4ccc(C(C)(C)C)cc4c4cc(C(C)(C)C)ccc43)ccc21,ClCCl,455.0
1283,Cc1c(-c2ccccc2)c(-c2ccc(/C=C(\C#N)C(=O)O)s2)n2ccccc12,ClCCl,556.0
1147,CCN1c2ccccc2Sc2cc(/C=C/c3sc(/C=C(\C#N)C(=O)O)c4c3OCCO4)ccc21,CN(C)C=O,473.0
1540,N#C/C(=C\c1ccc(C#Cc2c3ccccc3c(-c3ccc(N(c4ccccc4)c4ccccc4)s3)c3ccccc23)s1)C(=O)O,CCO,469.0
724,CCCCCCOc1ccc(N(c2ccc(OCCCCCC)cc2)c2ccc(-c3ccc4c5sc6c7sc(C=C(C#N)C(=O)O)cc7n(CCCCCC)c6c5n(CCCCCC)c4c3)cc2)cc1,ClCCl,519.0
284,CCCCCC1=C2C(C)=C(c3ccc(N(c4ccccc4)c4ccccc4)cc3)C(C)=[N+]2[B-](F)(F)n2c(C)c(/C=C(/C#N)C(=O)O)c(C)c21,ClC(Cl)Cl,552.0
1696,O=C(O)c1ccc(/C2=C3\C=CC(=N3)/C(c3ccc(C(=O)O)cc3)=c3/cc/c4n3[Zn]n3c2ccc3/C(c2ccc(C(=O)O)cc2)=C2/C=CC(=N2)/C=4c2ccc(N(c3ccccc3)c3ccccc3)cc2)cc1,C1CCOC1,599.0
1128,CCN1C(=O)/C(=c2\c(=Cc3ccc4c(c3)C3CCCC3N4c3ccc(CO)cc3)sc(=O)n2CCCC(=O)O)SC1=S,CS(C)=O,542.0
1313,Cc1ccc(C2(c3ccc(C)cc3)c3cccc4c3N3c5c2cccc5C(c2ccc(C)cc2)(c2ccc(C)cc2)c2cc(-c5ccc(/C=C(\C#N)C(=O)O)o5)cc(c23)C4(c2ccc(C)cc2)c2ccc(C)cc2)cc1,ClCCl,461.0
641,CCCCCCOc1ccc(-c2ccc3c(c2)Sc2cc(/C=C/C4=[N+](CCCCCC)c5ccc(C(=O)O)cc5C4(C)C)ccc2N3CCCCCC)c(OCCCCCC)c1,ClCCl,679.0
744,CCCCCCOc1ccc(N2c3ccc(/C=C(\C#N)C(=O)O)cc3Oc3cc(-c4ccc(OCCCC)cc4OCCCC)ccc32)cc1,ClCCl,500.0
503,CCCCCCCCn1c(=O)/c(=c2\c(=Cc3ccc4c(c3)C3CCCC3N4c3ccc(C=C(c4ccccc4)c4ccccc4)cc3)sc(=O)n2CC(=O)O)s/c1=C1/SC(=S)N(c2ccccc2)C1=O,ClC(Cl)Cl,570.0
1106,CCN(CC)c1ccc(C=C[N+](=O)[O-])cc1,CN(C)C=O,458.0
1121,CCN1/C(=C/C=C/C=C/C2=[N+](CC)c3ccc4ccccc4c3C2(C)C)C(C)(C)c2cc(C(=O)O)ccc21,CCO,651.0
697,CCCCCCOc1ccc(N(c2ccc(OCCCCCC)cc2)c2ccc(-c3ccc(-c4ccc(/C=C(/C#N)C(=O)O)s4)s3)cc2)cc1,ClCCl,516.0
0,C#Cc1cc(C=C(C#N)C(=O)O)ccc1C#Cc1ccc(N(c2ccccc2)c2ccccc2)cc1,ClC(Cl)Cl,424.0
1181,CCn1c2ccccc2c2c1c1c3ccccc3n(CC)c1c1c3cc(/C4=C5\C=CC(=N5)/C(c5cc(C(C)(C)C)cc(C(C)(C)C)c5)=c5/cc/c6n5[Zn]n5c(ccc54)/C(c4cc(C(C)(C)C)cc(C(C)(C)C)c4)=C4/C=CC(=N4)/C=6c4ccc(/C=C(\C#N)C(=O)O)cc4)ccc3n(CC)c21,ClCCl,593.0
933,CCCCC[C@H](CC)N1c2ccc(-c3ccc(N4c5ccccc5Sc5ccccc54)cc3)cc2Oc2cc(-c3ccc(/C=C(/C#N)C(=O)O)s3)ccc21,C1CCOC1,475.0
1139,CCN1O/C(=c2\c(=Cc3ccc(-c4ccc5c(c4)C4CCCC4N5c4ccc(N(C)C)cc4)cc3)sc(=O)n2CC(=O)O)SC1=S,ClC(Cl)Cl,555.0
1367,Cc1sc(/C=C/c2ccc(N(c3ccccc3)c3ccccc3)cc2)cc1C1=C(c2cc(C(=O)O)sc2C)CCC1,ClCCl,380.0
1371,Cn1c2ccccc2c2c3c(ccc21)ccc1c3c2cc(/C=C(\C#N)C(=O)O)ccc2n1C,ClC(Cl)Cl,435.0
329,CCCCCCCCCCC1(CCCCCCCC)C(/C=C2/C(=O)C(/C=C3\N(C)c4ccc(-c5ccc(C=C(C#N)C(=O)O)s5)cc4C3(C)C)=C2[O-])=[N+](CCCCCC)c2ccccc21,ClC(Cl)Cl,665.0
102,CC1(C)C/C(=C(/C#N)C(=O)O)CC(/C=C/c2ccc(N(c3ccccc3)c3cccc4ccccc34)cc2)C1,ClCCl,476.0
215,CCC1(CC)c2ccccc2-c2ccc(N(c3ccc4c(c3)C(CC)(CC)c3ccccc3-4)c3ccc4c(c3)C(CC)(CC)c3cc(-c5ccc(-c6ccc(/C=C(\C#N)C(=O)O)s6)s5)ccc3-4)cc21,ClCCl,513.0
1167,CCn1c(-c2cc(-c3nc(-c4ccccc4)c(-c4ccccc4)n3CC)c3c(c2)C(CC)(CC)c2cc(-c4ccc(/C=C(\C#N)C(=O)O)s4)ccc2-3)nc(-c2ccccc2)c1-c1ccccc1,C1CCOC1,424.0
858,CCCCCCc1ccsc1-c1cc2c3c(c1)C(c1ccc(C)cc1)(c1ccc(C)cc1)c1cc(-c4sccc4CCCCCC)cc4c1N3c1c(cc(-c3ccc(/C=C(\C#N)C(=O)O)s3)cc1C4(c1ccc(C)cc1)c1ccc(C)cc1)C2(c1ccc(C)cc1)c1ccc(C)cc1,ClC(Cl)Cl,499.0
248,CCCCC(CC)Cn1c2cc(-c3ccc(/C=C(\C#N)C(=O)O)s3)ccc2c2nc3c(-c4ccc(N(c5ccccc5)c5ccccc5)cc4)ccc(-c4ccc(N(c5ccccc5)c5ccccc5)cc4)c3nc21,ClCCl,428.0
1713,O=C(O)c1ccc2c(c1)/N=C/c1cc(N(c3ccccc3)c3ccccc3)ccc1O[Zn]Oc1ccc(N(c3ccccc3)c3ccccc3)cc1/C=N/2,C1CCOC1,470.0
1403,N#C/C(=C/c1sc(-c2ccc(N(c3ccc(-c4ccc5c(c4)[nH]c4ccccc45)cc3)c3ccc(-c4sc(/C=C(/C#N)C(=O)O)c5c4OCCO5)cc3)cc2)c2c1OCCO2)C(=O)O,CCO,516.0
1571,N#CC(=Cc1ccc(-c2c3ccccc3c(-c3ccc(N(c4ccccc4)c4ccccc4)cc3)c3ccccc23)s1)C(=O)O,ClCCl,401.0
1307,Cc1ccc(/C2=C3\C=CC(=N3)/C(c3ccc(C)cc3)=c3/cc/c4n3[Zn]n3c2ccc3/C(c2ccc(C)cc2)=C2/C=C(c3ccc(/C=C(\C#N)C(=O)O)o3)C(=N2)/C=4c2ccc(C)cc2)cc1,C1CCOC1,607.0
1459,N#C/C(=C\c1ccc(-c2ccc(-c3ccc(-c4ccc(N(c5ccccc5)c5ccccc5)cc4)s3)c3nsnc23)s1)C(=O)O,C1CCOC1,533.0
1233,COc1ccc(-c2sc(-c3ccc(C=C(C#N)C(=O)O)s3)nc2OC)cc1,C1CCOC1,477.0
368,CCCCCCCCCCCCc1cc(-c2ccc(N3c4ccccc4C4C5CCC(C5)C43)cc2)sc1-c1ccc(/C=C(\C#N)C(=O)O)s1,ClCCl,506.0
250,CCCCC(CC)Cn1c2cc(-c3ccc(/C=c4\sc(=C(C#N)C#N)[nH]c4=O)o3)ccc2c2nc3c(-c4ccc(N(c5ccccc5)c5ccccc5)cc4)ccc(-c4ccc(N(c5ccccc5)c5ccccc5)cc4)c3nc21,ClCCl,476.0
742,CCCCCCOc1ccc(N(c2ccc3c(c2)Sc2cc(/C=C(\C#N)C(=O)O)ccc2N3CCCCCC)c2ccc3c(c2)c2ccccc2n3CCCCCC)cc1,ClCCl,506.0
26,CC(C)(C)c1cc(/C2=C3\C=CC(=N3)/C(c3cc(C(C)(C)C)cc(C(C)(C)C)c3)=c3/cc/c4n3[Zn]n3c(ccc32)/C=C2\N=C(C=C2/C=C/C=C/C(=O)O)/C=4c2cc(C(C)(C)C)cc(C(C)(C)C)c2)cc(C(C)(C)C)c1,CCO,599.0
842,CCCCCCc1ccc(-c2cc3cc(-c4ccc(-c5ccc(C=C(C#N)C(=O)O)s5)s4)ccc3n2-c2ccc3c(c2)C(C)(C)c2ccccc2-3)cc1,CCO,431.0
1575,N#CC(=Cc1ccc(-c2ccc(-c3ccc(-c4ccc(N(c5ccccc5)c5ccccc5)cc4)s3)s2)s1)C(=O)O,C1CCOC1,459.0
686,CCCCCCOc1ccc(N(c2ccc(OCCCCCC)cc2)c2ccc(-c3cc4c(s3)c3scc(C=C(C#N)C(=O)O)c3n4CCCCCC)cc2)cc1,ClCCl,524.0
1333,Cc1ccc(N(c2ccc(C)cc2)c2ccc3c(c2)C(c2ccc(C)cc2)(c2ccc(C)cc2)c2cc(-c4c(F)c(F)c(-c5ccc(C(=O)O)cc5)c5nsnc45)sc2-3)cc1,ClC(Cl)Cl,525.0
1566,N#CC(=Cc1cc(-c2ccc(N(c3ccccc3)c3ccccc3)cc2)c(-c2ccc(N(c3ccccc3)c3ccccc3)cc2)s1)C(=O)O,C1CCOC1,430.0
3,C(=C/c1ccc(N2CCCCC2)c2nsnc12)\c1ccncc1,ClCCl,470.0
136,CC1(C)c2cc(C=C(C#N)C(=O)O)ccc2-c2ccc(-c3sc(-c4ccc(N(c5ccccc5)c5ccccc5)cc4)c4c3OCCO4)cc21,C1CCOC1,443.0
843,CCCCCCc1ccc(-c2ccc(-c3cc4sc(C=C(C#N)C(=O)O)cc4s3)s2)s1,CCO,433.0
358,CCCCCCCCCCCC[C@@H](CCCCCCCCCC)CN1c2ccc(Br)cc2Sc2cc(/C=C3\SC(=S)N(CC(=O)O)C3=O)ccc21,ClCCl,473.0
294,CCCCCC1c2c(C)c(-c3ccc(C=C4SC(=S)N(CC(=O)O)C4=O)o3)c(C)n2[B-](F)(F)[N+]2=C(C)C(c3ccc4c(c3)Sc3ccccc3N4CCC)=C(C)C12,ClC(Cl)Cl,556.0
704,CCCCCCOc1ccc(N(c2ccc(OCCCCCC)cc2)c2ccc(-c3ccc(-c4ccc(C=C(C#N)C(=O)O)o4)o3)cc2)cc1,C1CCOC1,486.5
1055,CCCCn1c2ccc(-c3ccc(-c4ccncc4)s3)cc2c2cc(-c3ccc(-c4ccncc4)s3)ccc21,C1CCOC1,378.0
1483,N#C/C(=C\c1ccc(-c2ccc(-c3ccc(N(c4ccccc4)c4ccccc4)cc3)s2)cc1)C(=O)O,C1CCOC1,427.0
1581,N#CC(=Cc1ccc(-c2ccc(-c3ccc(N(c4ccccc4)c4ccccc4)cc3)s2)s1)C(=O)O,C1CCOC1,472.0
372,CCCCCCCCCCCCc1cc(-c2ccc3c(c2)C2C4CCC(C4)C2N3c2ccc(-c3cccs3)cc2)sc1-c1cc2sc(/C=C(/C#N)C(=O)O)cc2s1,ClCCl,520.0
1533,N#C/C(=C\c1ccc(/C=C/c2ccc(N(c3ccccc3)c3ccccc3)cc2)cc1)S(=O)(=O)O,ClCCl,422.0
1724,O=C1NC(=O)/C(=C/c2ccc(N(c3ccccc3)c3ccccc3)cc2)S1,C1CCOC1,433.0
1257,COc1ccc(N(c2ccc(OC)cc2)c2ccc(/C3=c4\cc/c5n4[Zn]n4c(ccc4/C(c4cc(C(C)(C)C)cc(C(C)(C)C)c4)=C4/C=CC3=N4)/C(C#Cc3ccc(C(=O)O)cc3)=C3/C=CC(=N3)/C=5c3cc(C(C)(C)C)cc(C(C)(C)C)c3)cc2)cc1,CCO,628.0
228,CCCCC(CC)CN1C(=O)C2=C(c3ccc(-c4ccc(C=C(C#N)C(=O)O)s4)cn3)N(CC(CC)CCCC)C(=O)C2=C1c1ccc(-c2ccc(N(c3ccccc3)c3ccccc3)cc2)cn1,C1CCOC1,564.0
342,CCCCCCCCCCCCN1/C(=C/C2C(=O)/C(=C\c3cc(C(C)(C)C)[o+]c(C(C)(C)C)c3)C2[O-])C(C)(C)c2cc(C(=O)O)ccc21,ClC(Cl)Cl,688.0
1685,O=C(O)C[n+]1ccc(/C=C/c2ccc(N(c3ccccc3)c3ccccc3)cc2)cc1,ClCCl,483.0
609,CCCCCCOc1c(OCCCCCC)c(-c2cc(CCCCCC)c(-c3ccc(N(c4ccc(C)cc4)c4ccc(C)cc4)cc3)s2)c2nc3c4ccccc4c4ccccc4c3nc2c1-c1cc(CCCCCC)c(/C=C(\C#N)C(=O)O)s1,ClC(Cl)Cl,513.0
457,CCCCCCCCOc1cc2c(cc1OCCCCCCCC)c1cc(-c3sc(-c4ccc(N(c5ccc(OC)cc5)c5ccc(OC)cc5)cc4)c4c3OCCO4)sc1c1sc(C=C(C#N)C(=O)O)cc21,C1CCOC1,495.0
63,CC(C)(C)c1ccc2c(c1)c1cc(C(C)(C)C)ccc1n2-c1ccc(-c2ccc(-c3ccc(/C=C(\C#N)C(=O)O)s3)s2)cc1,ClC(Cl)Cl,468.0
997,CCCCOc1ccc(N(c2ccc(OCCCC)cc2)c2ccc(-c3ccc(-c4ccc5c(c4)C4(OCCO4)C4(OCCO4)c4cc(-c6ccc(/C=C(\C#N)C(=O)O)s6)ccc4-5)s3)cc2)cc1,ClC(Cl)Cl,420.0
239,CCCCC(CC)COc1c(OCC(CC)CCCC)c2c3sc(-c4ccc5c(c4)c4ccccc4n5CC(CC)CCCC)cc3sc2c2sc3cc(/C=C(/C#N)C(=O)O)sc3c12,C1CCOC1,464.0
656,CCCCCCOc1ccc(-n2c3ccsc3c3sc(/C=C(\C#N)C(=O)O)cc32)c(OCCCCCC)c1,ClCCl,460.0
114,CC1(C)CCN2CCC(C)(C)c3c2c1cc1cc(-c2ccc(-c4sc(-c5ccc(/C=C(\C#N)C(=O)O)cc5)c5c4OCCO5)s2)c(=O)oc31,C1CCOC1,509.0
1710,O=C(O)c1ccc(C#Cc2ccc(N(c3ccccc3)c3ccccc3)cc2)cc1,C1CCOC1,367.0
1446,N#C/C(=C\c1ccc(-c2cc3sc(-c4ccc(N(c5ccccc5)c5ccccc5)cc4)cc3s2)s1)C(=O)O,ClCCl,503.0
582,CCCCCCN1c2ccc(C#Cc3ccc4ccc5cccc6ccc3c4c56)cc2Sc2cc(/C=C3/SC(=S)N(CC(=O)O)C3=O)ccc21,CC#N,475.0
128,CC1(C)CCN2CCC(C)(C)c3c2c1cc1cc(/C=C/c2ccc(/C=C(\C#N)C(=O)O)s2)c(=O)oc31,CCO,509.25
1291,Cc1cc(C)c(/C2=C3\C=CC(=N3)/C(c3c(C)cc(C)cc3C)=c3/cc/c4n3[Zn]n3c2c2cc5ncc(C(=O)O)nc5cc2c3/C(c2c(C)cc(C)cc2C)=C2/C=CC(=N2)/C=4c2c(C)cc(C)cc2C)c(C)c1,ClCCl,622.0
1015,CCCC[C@H](CC)CN1c2ccccc2Sc2cc(/C3=C4\C=CC(=N4)/C(c4cc(C(C)(C)C)cc(C(C)(C)C)c4)=c4/cc/c5n4[Zn]n4c3ccc4/C(c3cc(C(C)(C)C)cc(C(C)(C)C)c3)=C3/C=CC(=N3)/C=5c3ccc(/C=C(/C#N)C(=O)O)s3)ccc21,ClCCl,602.0
1487,N#C/C(=C\c1ccc(-c2ccc(-c3ccc(N(c4ccccc4)c4ccccc4)cc3)s2)s1)C(=O)O,ClC(Cl)Cl,460.0
1380,N#C/C(=C/c1ccc(-c2ccc(-c3sc(-c4ccc(-c5ccc(N(c6ccccc6)c6ccccc6)cc5)s4)c4c3OCCO4)s2)s1)C(=O)O,ClCCl,590.0
857,CCCCCCc1ccc(N2c3ccc(-c4ccc(/C=C(/C#N)C(=O)O)s4)cc3Sc3cc(-c4ccc(/C=C(/C#N)C(=O)O)s4)ccc32)cc1,CN(C)C=O,445.0
700,CCCCCCOc1ccc(N(c2ccc(OCCCCCC)cc2)c2ccc(-c3ccc(-c4ccc(/C=C(\C#N)C(=O)O)s4)s3)cc2)cc1,CN(C)C=O,520.0
139,CC1(C)c2ccccc2-c2cc(N(c3ccc(-c4ccc(-c5ccc(/C=C(/C#N)C(=O)O)s5)s4)cc3)c3ccc4c(c3)-c3ccccc3C4(C)C)ccc21,CCO,452.0
1016,CCCC[C@H](CC)CN1c2ccccc2Sc2cc(/C=C(\C#N)C(=O)O)ccc21,ClCCl,462.0
1407,N#C/C(=C\C1=C2SC(c3ccccc3)=CC(c3ccccc3)=C2CCC1)C(=O)O,ClCCl,557.0
7,C=CC(=CC)N(c1ccccc1)c1ccc(-c2ccc(-c3ccc(-c4ccc(C=C(C#N)C(=O)O)o4)c4nn(CCCCCC)nc34)o2)cc1,C1CCOC1,460.0
506,CCCCCCCCn1c2ccc(-c3ccc(-c4ccc(/C=C(\C#N)C(=O)O)s4)s3)cc2c2cc(-c3ccc(-c4ccc(/C=C(\C#N)C(=O)O)s4)s3)ccc21,C1CCOC1,470.0
860,CCCCCCc1csc(-c2sc(-c3sc(-c4sc(-c5ccc(C=C(C#N)C(=O)O)s5)cc4CCCCCC)cc3CCCCCC)cc2CCCCCC)c1,ClCCl,478.0
954,CCCCN1c2ccc(-c3ccc(-c4ccc(/C=C(\C#N)C(=O)O)cc4)c4nsnc34)cc2Sc2cc(N(c3ccccc3)c3ccccc3)ccc21,C1CCOC1,469.0
637,CCCCCCOc1ccc(-c2ccc3c(c2)Sc2cc(/C=C(\C#N)C(=O)O)ccc2N3CC)cc1,ClCCl,464.0
936,CCCCCc1ccc(N(c2ccc(CCCCC)cc2)c2ccc3c(c2)/C=N/c2ccc(C(=O)O)cc2/N=C/c2cc(N(c4ccc(CCCCC)cc4)c4ccc(CCCCC)cc4)ccc2O[Zn]O3)cc1,C1CCOC1,452.0
1440,N#C/C(=C\c1ccc(-c2cc3c4ccccc4n4c5ccccc5c(c2)c34)cc1)C(=O)O,ClCCl,376.0
410,CCCCCCCCN(CCCCCCCC)c1ccc(C2=C([O-])/C(=C/c3[se]c4ccccc4[n+]3CC(=O)O)C2=O)cc1,c1ccccc1,624.0
1695,O=C(O)c1ccc(/C2=C3\C=CC(=N3)/C(c3ccc(C(=O)O)cc3)=c3/cc/c4n3[Zn]n3c2ccc3/C(c2ccc(C(=O)O)cc2)=C2/C=CC(=N2)/C=4c2ccc(C(=O)O)cc2)cc1,CCO,425.0
360,CCCCCCCCCCCC[C@@H](CCCCCCCCCC)CN1c2ccccc2Sc2cc(/C=C3\SC(=S)N(CC(=O)O)C3=O)ccc21,ClCCl,478.0
155,CC1(C)c2ccccc2-c2ccc(N(/C3=c4\cc/c5n4[Zn]n4c(ccc4/C(c4ccccc4)=C4/C=CC3=N4)/C(c3ccc(C(=O)O)cc3)=C3/C=CC(=N3)/C=5c3ccccc3)c3ccc4c(c3)C(C)(C)c3ccccc3-4)cc21,C1CCOC1,625.0
346,CCCCCCCCCCCCN1c2ccc(/C=C(\C#N)C(=O)O)cc2Sc2cc(-c3ccc(OCCCCCC)cc3)ccc21,ClCCl,458.0
307,CCCCCCC1(CCCCCC)c2cc(-c3ccc(-c4ccc(C=C(C#N)C#N)s4)s3)ccc2-c2ccc(N(c3ccccc3)c3ccc(C(=O)O)cc3)cc21,C1CCOC1,489.0
1555,N#C/C(=C\c1ccc2c(c1)Sc1ccccc1N2CCCCCCN1c2ccccc2Sc2cc(/C=C(\C#N)C(=O)O)ccc21)C(=O)O,C1CCOC1,435.0
618,CCCCCCOc1c2ccc(N(c3ccccc3)c3ccc4c(c3)Sc3ccccc3N4CCCCCC)cc2c(OCCCCCC)c2ccc(-c3ccc(/C=C(\C#N)C(=O)O)s3)cc12,C1CCOC1,504.0
1563,N#C/C(=C\c1sc(-c2ccc(N(c3ccc(-n4c5ccccc5c5ccccc54)cc3)c3ccc(-n4c5ccccc5c5ccccc54)cc3)cc2)c2c1OCCO2)C(=O)O,ClCCl,486.0
282,CCCCCC1(CCCCC)COc2c(-c3ccc4c(c3)Sc3ccccc3N4c3ccc(OC)cc3)sc(-c3nc4sc(-c5sc(-c6ccc(C=C(C#N)C(=O)O)s6)c6c5OCC(CCCCC)(CCCCC)CO6)nc4s3)c2OC1,C1CCOC1,513.0
1492,N#C/C(=C\c1ccc(-c2ccc(-c3ccc4c(c3)C(=O)c3cc(-c5ccc(N(c6ccccc6)c6ccccc6)cc5)ccc3-4)s2)s1)C(=O)O,C1CCOC1,393.0
1684,O=C(O)CN1C(=O)C(=Cc2ccc(Nc3ccc(-c4ccccc4)cc3)cc2)SC1=S,CCO,455.0
1087,CCCc1c(/C=C(\C#N)C(=O)O)sc2cc(-c3ccc4c(c3)C3CCCC3N4c3ccc4c(c3)C(CCC)(CCC)c3ccccc3-4)sc12,ClCCl,492.0
403,CCCCCCCCN(CCCCCCCC)c1ccc(C2=C([O-])/C(=C/C3=[N+](CC(=O)O)c4ccccc4C3(C)C)C2=O)cc1,Cc1ccccc1,633.0
471,CCCCCCCC[N+]1=C(/C=C2/C(=O)C(c3ccc(-c4ccc(-c5ccc(N(c6ccc7c(c6)C(C)(C)c6ccccc6-7)c6ccc7c(c6)C(C)(C)c6ccccc6-7)cc5)s4)n3C)=C2[O-])C(C)(C)c2cc(C(=O)O)ccc21,C1CCOC1,669.0
1241,COc1ccc(N(c2ccc(/C=C/c3cc[n+](CC(=O)O)cc3)cc2)c2ccc(OC)cc2)cc1,ClCCl,504.0
508,CCCCCCCCn1c2ccc(-c3ccc(N(c4ccc(OC)cc4)c4ccc(OC)cc4)cc3)cc2c(=O)c2cc3c(cc21)c(=O)c1cc(-c2ccc(C=C(C#N)C(=O)O)o2)ccc1n3CCCCCCCC,C1CCOC1,539.0
539,CCCCCCCCn1nc2c(-c3ccc(N(c4ccccc4)c4ccccc4)cc3)c3nc(-c4ccccc4)c(-c4ccccc4)nc3c(-c3ccc(C(=O)O)s3)c2n1,ClCCl,511.0
1023,CCCCc1ccc(N(c2ccc(CCCC)cc2)c2ccc3c(c2)C(c2ccccc2)(c2ccccc2)c2cc(-c4ccc(C=C(C#N)C(=O)O)cc4)ccc2-3)cc1,ClCCl,418.0
910,CCCCCCn1c2ccccc2c2cc(-c3ccc(C=C4C(=O)NC(=O)NC4=O)cc3)ccc21,ClC(Cl)Cl,458.0
1387,N#C/C(=C/c1ccc(-n2c3ccccc3c3ccccc32)cc1)C(=O)O,ClCCl,401.0
555,CCCCCCN1c2ccc(-c3ccc(/C=C(/C#N)C(=O)O)s3)cc2S(=O)(=O)c2cc(-c3ccc(-c4ccc(N(c5ccccc5)c5ccccc5)cc4)s3)ccc21,C1CCOC1,417.0
1548,N#C/C(=C\c1ccc([N+](=O)[O-])cc1)c1ccc(N(c2ccc(/C=C\C(=O)O)cc2)c2ccc(/C=C\C(=O)O)cc2)cc1,C1CCOC1,556.0
1334,Cc1ccc(N(c2ccc(C)cc2)c2ccc3c(c2)C(c2ccc(C)cc2)(c2ccc(C)cc2)c2cc(-c4ccc(-c5ccc(-c6ccc(C(=O)O)cc6)c6nsnc56)s4)sc2-3)cc1,ClC(Cl)Cl,520.0
1412,N#C/C(=C\c1cc(-c2ccc(-c3ccc(N(c4ccccc4)c4ccccc4)cc3)s2)c(-c2ccc(-c3ccc(N(c4ccccc4)c4ccccc4)cc3)s2)s1)C(=O)O,C1CCOC1,462.0
1138,CCN1O/C(=c2\c(=Cc3ccc(-c4ccc5c(c4)C4CCCC4N5c4ccc(C(F)(F)F)cc4)cc3)sc(=O)n2CC(=O)O)SC1=S,ClC(Cl)Cl,521.0
952,CCCCN1[C@H]2CC[C@@H]([C@H]3CC[C@@H]4[C@H]5CC[C@H]([C@H]6CC[C@@H](/C=C(\C#N)C(=O)O)S6)C[C@@H]5C5(OCCO5)C5(OCCO5)[C@@H]4C3)C[C@H]2S[C@H]2CCCC[C@H]21,ClCCl,460.0
165,CC1(C)c2ccccc2-c2ccc(N(c3ccc4c(c3)C(C)(C)c3ccccc3-4)c3ccc4cc(-c5ccc(/C=C(\C#N)C(=O)O)s5)sc4c3)cc21,CCO,456.0
339,CCCCCCCCCCCCN(c1ccc(-c2ccc(-c3ccc(-c4ccc(/C=C(\C#N)C(=O)O)s4)s3)s2)cc1)c1ccc(-n2c3ccc(C(C)(C)C)cc3c3cc(C(C)(C)C)ccc32)cc1,ClCCl,472.0
59,CC(C)(C)c1ccc2c(c1)C1=N/C2=N\c2c3cc(C(C)(C)C)ccc3c3n2[Zn]n2/c(c4ccc(C(C)(C)C)cc4/c2=N/C2=N/C(=N\3)c3cc(O)c(O)cc32)=N\1,CCO,680.0
1126,CCN1C(=O)/C(=c2\c(=Cc3ccc4c(c3)C3CCCC3N4c3ccc(CO)cc3)sc(=O)n2CC(=O)O)SC1=S,CS(C)=O,542.0
1625,N#CC(=Cc1cccc(N(c2ccccc2)c2ccccc2)c1)C(=O)O,C1CCOC1,395.0
1678,O=C(O)CN1C(=O)/C(=c2/s/c(=C\C=C3Sc4ccccc4N3CCCS(=O)(=O)O)c(=O)n2CC(=O)O)SC1=S,CCO,500.0
452,CCCCCCCCOc1c(OCCCCCCCC)c(-c2ccc(N(c3ccccc3)c3ccccc3)s2)c2nsnc2c1-c1ccc(/C=C(/C#N)C(=O)O)s1,ClCCl,531.0
861,CCCCCCc1csc(-c2sc(-c3sc(-c4sc(-c5sc(-c6ccc(C=C(C#N)C(=O)O)s6)cc5CCCCCC)cc4CCCCCC)cc3CCCCCC)cc2CCCCCC)c1,ClCCl,486.0
1359,Cc1ccc(N2c3ccc(/C=C/c4ccc(C=C(C#N)C(=O)O)s4)cc3[C@@H]3CCC[C@H]32)cc1,C1CCOC1,504.0
1351,Cc1ccc(N2c3ccc(-c4ccc(/C=C/c5ccc(C=C(C#N)C(=O)O)s5)s4)cc3[C@@H]3CCC[C@H]32)cc1,C1CCOC1,518.0
1551,N#C/C(=C\c1ccc2c(c1)C1CCCC1N2c1ccc(C=C(c2ccccc2)c2ccccc2)cc1)C(=O)O,ClC(Cl)Cl,464.0
440,CCCCCCCCN1c2ccc(C#Cc3ccc4ccc5cccc6ccc3c4c56)cc2Sc2cc(/C=C3/SC(=S)N(CC(=O)O)C3=O)ccc21,CC#N,476.0
1324,Cc1ccc(N(c2ccc(C)cc2)c2ccc(-c3ccc(-c4ccc(/C=C(\C#N)C(=O)O)s4)s3)cc2)cc1,C1CCOC1,458.0
792,CCCCCCc1cc(-c2ccc(/C=C(/C#N)C(=O)O)s2)sc1-c1ccc2c(c1)c1cc(-c3sc(-c4ccc(/C=C(/C#N)C(=O)O)s4)cc3CCCCCC)ccc1n2CCCCCC,C1CCOC1,455.0
879,CCCCCCn1c2c(c3cc(-c4ccc(/C=c5\sc(=C(C#N)C#N)[nH]c5=O)cc4)ccc31)C(CCCCCC)(CCCCCC)c1ccccc1-2,ClCCl,434.0
1602,N#CC(=Cc1ccc(-c2nnc(-c3ccc(N(c4ccccc4)c4ccccc4)cc3)o2)cc1)C(=O)O,C1CCOC1,377.0
825,CCCCCCc1cc(-c2sc(/C=C(/C#N)C(=O)O)cc2CCCCCC)sc1-c1ccc(N(c2ccc3c(c2)c2ccccc2n3-c2ccccc2)c2ccc3c(c2)c2ccccc2n3-c2ccccc2)cc1,C1CCOC1,469.0
1251,COc1ccc(N(c2ccc(OC)cc2)c2ccc(-c3ccc(-c4ccc(C=C(C#N)C(=O)O)s4)c4nsnc34)cc2)cc1,ClC(Cl)Cl,494.0
1013,CCCC[C@H](CC)CN1c2ccccc2Sc2cc(/C3=C4\C=CC(=N4)/C(c4cc(C(C)(C)C)cc(C(C)(C)C)c4)=c4/cc/c5n4[Zn]n4c(ccc43)/C(c3cc(C(C)(C)C)cc(C(C)(C)C)c3)=C3/C=CC(=N3)/C=5C#Cc3ccc(/C=C(\C#N)C(=O)O)cc3)ccc21,ClCCl,617.0
591,CCCCCCN1c2ccc(C=C3SC(SC)=C(SC)S3)cc2Sc2cc(C=C(C#N)C(=O)O)ccc21,ClCCl,448.0
1314,Cc1ccc(C2(c3ccc(C)cc3)c3cccc4c3N3c5c2cccc5C(c2ccc(C)cc2)(c2ccc(C)cc2)c2cc(-c5ccc(/C=C(\C#N)C(=O)O)s5)cc(c23)C4(c2ccc(C)cc2)c2ccc(C)cc2)cc1,ClC(Cl)Cl,488.0
948,CCCCN1/C(=C/C2C(=O)/C(=C\c3cc(C(C)(C)C)[s+]c(C(C)(C)C)c3)C2[O-])C(C)(C)c2cc(C(=O)O)ccc21,ClC(Cl)Cl,745.0
351,CCCCCCCCCCCCN1c2ccccc2Sc2cc(-c3ccc(-c4ccc5c(c4)Sc4cc(/C=C(\C#N)C(=O)O)ccc4N5CCCCCCCCCCCC)c4nsnc34)ccc21,CCO,486.0
1423,N#C/C(=C\c1cc2sc(-c3cc4sc(-c5ccc(N(c6ccccc6)c6ccccc6)cc5)cc4s3)cc2s1)C(=O)O,ClCCl,497.0
1035,CCCCn1c2cc(-c3ccc(-c4ccc(/C=C(\C#N)C(=O)O)s4)s3)ccc2c2ccc(-n3c4ccc(C(C)(C)C)cc4c4cc(C(C)(C)C)ccc43)cc21,ClCCl,478.0
1171,CCn1c2ccc(-c3ccc(/C=C(\C#N)C(=O)O)s3)cc2c2cc(-c3ccc(-c4ccc(N(c5ccc(-c6cccs6)cc5)c5ccc(-c6cccs6)cc5)cc4)s3)ccc21,ClC(Cl)Cl,379.0
466,CCCCCCCCOc1ccc(N(c2ccc(OCCCCCCCC)cc2)c2ccc(-c3ccc(-c4ccc(/C=C(/C#N)C(=O)O)s4)c4n[se]nc34)cc2)cc1,C1CCOC1,503.0
1239,COc1ccc(N(c2ccc(-c3ccc(C=C(C#N)C(=O)O)o3)cc2)c2ccc(OC)c(OC)c2)cc1OC,ClCCl,504.0
1168,CCn1c(-c2ccc3c(c2)C(CC)(CC)c2cc(-c4ccc(-c5ccc(/C=C(\C#N)C(=O)O)s5)s4)ccc2-3)nc(-c2ccccc2)c1-c1ccccc1,C1CCOC1,458.0
1627,N#CC(C#N)=CC(c1ccc(N(c2ccccc2)c2ccccc2)cc1)=c1ccc(=C(C#N)C#N)cc1,ClCCl,750.0
659,CCCCCCOc1ccc(N(c2ccc(-c3cc4c(s3)c3sc(/C=C(\C#N)C(=O)O)cc3n4-c3ccccc3OCCCCCC)cc2)c2cc3c4ccccc4n(CCCCCC)c3cc2OCCCCCC)cc1,ClCCl,535.0
578,CCCCCCN1c2ccc(/C=C\c3ccc4c(c3)Sc3cc(/C=C(\C#N)C(=O)O)ccc3N4CCCCCC)cc2Sc2cc(/C=C/c3ccc(N(c4ccccc4)c4ccccc4)cc3)ccc21,ClCCl,468.0
653,CCCCCCOc1ccc(-n2c3cc(C=C(C#N)C(=O)O)sc3c3sc(-c4ccc(N(c5ccccc5)c5ccccc5)cc4)cc32)cc1,ClC(Cl)Cl,476.0
600,CCCCCCN1c2ccccc2Sc2cc(/C=C(\C#N)C(=O)O)ccc21,C1CCOC1,438.0
896,CCCCCCn1c2ccc(/C=N/c3ccc4c(c3)c3ccccc3n4CC)cc2c2cc(/C=C(\C#N)C(=O)O)ccc21,ClCCl,396.0
1640,O=C(O)C=Cc1ccc(N(c2ccccc2)c2ccc(C=CC(=O)O)cc2)cc1,CN(C)C=O,392.0
1358,Cc1ccc(N2c3ccc(/C=C/C4=C/C(=C(\C#N)C(=O)O)CCC4)cc3C3CCCC32)cc1,ClCCl,532.0
1308,Cc1ccc(/C2=C3\C=CC(=N3)/C(c3ccc(C)cc3)=c3/cc/c4n3[Zn]n3c2ccc3/C(c2ccc(C)cc2)=C2/C=C(c3ccc(C=C(C(=O)O)C(=O)O)o3)C(=N2)/C=4c2ccc(C)cc2)cc1,C1CCOC1,607.0
1318,Cc1ccc(N(/C2=C3\C=CC(=N3)/C(N(c3ccc(C)cc3)c3ccc(C)cc3)=c3/cc/c4n3[Zn]n3c(ccc32)/C(c2ccc(C(=O)O)cc2)=C2/C=CC(=N2)/C=4c2ccc(C(=O)O)cc2)c2ccc(C)cc2)cc1,ClCCl,636.0
473,CCCCCCCC[N+]1=C(/C=C2\C(=O)C(/C=C3/N(CC)c4ccccc4C3(C)C)=C2[O-])C(C)(C)c2cc(C(=O)O)ccc21,CN(C)C=O,647.0
806,CCCCCCc1cc(-c2ccc3c(c2)C2CCCC2N3c2ccc3c(c2)C(C)(C)c2ccccc2-3)sc1/C=C1\C(=O)c2ccc(C(=O)O)cc2C1=O,ClC(Cl)Cl,611.0
283,CCCCCC1=C2C(C)=C(c3ccc(N(c4ccccc4)c4ccccc4)cc3)C(C)=[N+]2[B-](F)(F)n2c(C)c(-c3ccc(/C=C(\C#N)C(=O)O)o3)c(C)c21,ClC(Cl)Cl,556.0
939,CCCCN(CCCC)c1ccc(-c2ccc(/C=C/C(C#N)C(=O)O)s2)s1,CC#N,478.0
738,CCCCCCOc1ccc(N(c2ccc(OCCCCCC)cc2)c2ccc(-n3c4cc(/C=C(\C#N)C(=O)O)sc4c4sc(-c5ccc6c(c5)C5CCCC5N6c5ccc6c(c5)C(CCC)(CCC)c5ccccc5-6)cc43)cc2)cc1,ClCCl,544.0
721,CCCCCCOc1ccc(N(c2ccc(OCCCCCC)cc2)c2ccc(-c3ccc4c(c3)N(CC(CC)CCCC)C(=O)/C4=C3/C(=O)N(CC(CC)CCCC)c4cc(-c5ccc(/C=C(/C#N)C(=O)O)s5)ccc43)cc2)cc1,ClC(Cl)Cl,450.0
838,CCCCCCc1cc(C=C(C#N)C(=O)O)sc1C=Cc1ccc(N(c2ccc(C)cc2)c2ccc(C)cc2)cc1,ClC(Cl)Cl,535.0
958,CCCCN1c2ccc(-c3ccc(N(c4ccccc4)c4ccccc4)cc3)cc2Sc2cc(-c3ccc(-c4ccc(/C=C(\C#N)C(=O)O)cc4)c4nsnc34)ccc21,C1CCOC1,464.0
1152,CCO[Si](OCC)(OCC)c1ccc(-c2ccc(-c3ccc(N(c4ccc5c(c4)C(C)(C)c4ccccc4-5)c4ccc5c(c4)C(C)(C)c4ccccc4-5)cc3)s2)s1,C1CCOC1,402.0
