row_idx_in_train,smiles,solvent,empeakwavs_max
2536,N#C/C(=C\c1ccc(-c2ccncc2)cc1)c1ccc(-c2ccncc2)cc1,ClCCl,460.0
1210,CCCN1C(=O)c2c3c(c4c(c2C1=O)CCc1cc(-c2ccc(N(C)C)cc2)c(OC)cc1-4)-c1cc(OC)c(-c2ccc(N(C)C)cc2)cc1CC3,CCOC(C)=O,598.0
7782,CN(C)c1ccc2c(c1)-c1ccccc1C2=O,CC#N,557.0
9493,c1cnc(-c2c3ccccc3c(-c3cncnc3)c3ccccc23)nc1,CCO,433.0
4901,COC(=O)CNC(=O)c1nc2c(N(C)C)nc(N(C)C)nc2n1Cc1ccccc1,ClCCl,407.0
10200,Brc1ccc2[nH]c(-c3ccc(-c4ccc(-c5ccc(-c6nc7cc(Br)ccc7[nH]6)cc5)cc4)cc3)nc2c1,CN(C)C=O,410.0
9289,CCCCc1c2ccccc2c(-c2ccc(-c3nc4cc(CC(NC(=O)OC(C)(C)C)C(=O)OC)ccc4o3)cc2)c2ccccc12,COCCOC,437.9990452
11525,C(=C/c1ccc(N(c2ccccc2)c2ccccc2)cc1)\c1ccc(-c2cc(-c3ccccn3)nc(-c3ccccn3)c2)cc1,C1CCOC1,502.0
8170,CN(C)CCNc1ccc([N+](=O)[O-])cc1[N+](=O)[O-],CN(C)C=O,406.0
8021,CNc1ccc(/C=C/C#N)cc1,C1CCCCC1,368.0
7171,CCn1c2ccccc2c2cc(/C=C/c3cccc[n+]3CCCS(=O)(=O)[O-])ccc21,CC(C)=O,565.0
8278,N#Cc1ccc(N)cc1,CC#N,334.2057212
5804,COc1cc(-c2cnc(-c3cnc4ccccc4c3)o2)cc(OC)c1OC,ClCCl,458.0
9438,CN(C)c1ccc(C#Cc2cc(C#Cc3ccc(N(C)C)cc3)c3ccc4c(C#Cc5ccc(C(F)(F)F)cc5)cc(C#Cc5ccc(N(C)C)cc5)c5ccc2c3c54)cc1,ClCCl,576.0
2337,CCCCC(CC)COc1ccc2nc(-c3ccc(-c4c(C)noc4C)s3)sc2c1,ClCCl,415.0
9566,COC(=O)C(Cc1ccc2oc(-c3ccc(-n4c5ccccc5c5ccccc54)cc3)nc2c1)NC(=O)OC(C)(C)C,CC(C)O,430.9973278
8408,CCN1c2ccccc2Sc2cc(/C=C(\C#N)c3ccccc3)ccc21,CC#N,590.0
2715,COc1ccc(C(=O)NN2C3=C(CC4=C2CCCC4=O)C(=O)CCC3)cc1,ClCCl,439.0
1825,O=C1c2ccccc2NCN1Cc1ccccc1,c1ccccc1,395.0
10768,COc1ccc(-n2nc(C#N)c(NC3CCCCC3)n2)cc1,CCCCCC,391.0
8629,CCC1=C(C)C2=C(C)c3c(I)c(I)cn3[B-](F)(F)[N+]2=C1C,CO,533.5
6298,CCn1c2ccccc2c2cc(/C=C/c3cc(/C=C/c4ccc5c(c4)c4ccccc4n5CC)ncn3)ccc21,CCOC(C)=O,460.0
4110,N#Cc1c(-c2ccc([N+](=O)[O-])cc2)cc(-c2ccc([N+](=O)[O-])cc2)[nH]c1=O,CC#N,480.0
4923,CCCCCCCCCCCCN1C(=O)c2cccc3c(N(Cc4ccccn4)Cc4ccccn4)c4ccccc4c(c23)C1=O,Cc1ccccc1,573.0
11081,F[B-]1(F)n2c(Cl)ccc2C(c2c(Cl)cccc2Cl)=C2C=CC(NCc3ccccc3)=[N+]21,CO,531.0
4771,N#Cc1c(-c2cccs2)cc(-c2cccs2)[nH]c1=O,CC#N,460.0
6669,Cc1cc(=O)oc2cc3c4ccccc4c4ccccc4c3cc12,CO,420.0
5199,c1cc2ccc3cccc4c(-c5cc(-c6nccs6)nc(-c6nccs6)c5)cc(c1)c2c34,CC#N,458.0
11206,N#Cc1ccc(N)c2nonc12,CCO,575.0
538,CN(C)c1ccc(/C=C/c2cc[n+](CCCCC[n+]3ccc(/C=C/c4ccc(N(C)C)cc4)cc3)cc2)cc1,CN(C)C=O,606.998695
4089,O=C1O[B-]2(OC1=O)OC(c1ccc3ccccc3c1)=CC(c1ccc3ccccc3c1)=[O+]2,ClC(Cl)(Cl)Cl,451.0
11102,CCC1(CC)c2cc(B(c3c(C)cc(C)cc3C)c3c(C)cc(C)cc3C)ccc2-c2ccc(N(c3ccccc3)c3ccc4c(c3)C(CC)(CC)c3cc(B(c5c(C)cc(C)cc5C)c5c(C)cc(C)cc5C)ccc3-4)cc21,C1CCOC1,490.0
10648,COc1cc(-c2nc3c4cccnc4c4ncccc4c3[nH]2)c(OC)cc1/C=C/c1ccncc1,CC#N,473.0
5825,COc1cc2c(cc1OC)C1=C[C@H](c3ccc(Cl)cc3)C3(C(C#N)=C(C#N)N1CC2)c1ccccc1-c1ccccc13,ClCCl,405.0
3098,CC1=[N+]2C(=C(C3=CC4OCCOCCOCCOCCOC4C=C3)c3c4ccccc4c(/C=C/c4ccc(N(C)C)cc4)n3[B-]2(F)F)c2ccccc21,CC#N,741.0
2422,O=C1OC(=O)[C@H]2[C@@H]1[C@@H]1C[C@H]2c2c1c(-c1ccccc1)c1ccccc1c2-c1ccccc1,ClC(Cl)Cl,362.0
5908,O=C([O-])c1ccc2cc3cc(C(=O)[O-])ccc3cc2c1,CN(C)C=O,400.0
2692,CN(C)c1ccc2c(-c3cc(N)ccc3C(=O)[O-])c3ccc(=[N+](C)C)cc-3oc2c1,CCO,567.0
4170,Cc1ccc(-c2nc(-c3cccc(C#N)c3)[nH]c2-c2ccc(C)cc2)cc1,CO,453.0
5046,CCn1c(-c2ccc(N(c3ccccc3)c3cccc4ccccc34)cc2)c(-c2ccc3ccccc3c2)c(-c2ccc3ccccc3c2)c1-c1ccc(N(c2ccccc2)c2cccc3ccccc23)cc1,CCOC(C)=O,434.0
8698,F[B-]1(F)n2cccc2C=C2C=CC=[N+]21,C1CCCCC1,510.5
2982,CCN(CC)c1ccc([N+]2=Cc3ccc4c5c(ccc4c3O[B-]2(c2c(F)c(F)c(F)c(F)c2F)c2c(F)c(F)c(F)c(F)c2F)C=[N+](c2ccc(N(CC)CC)cc2)[B-](c2c(F)c(F)c(F)c(F)c2F)(c2c(F)c(F)c(F)c(F)c2F)O5)cc1,ClCCl,683.0
11298,O=Cc1ccc(C#CC(C#Cc2ccc(C=O)o2)=Cc2ccc(C=C(C#Cc3ccc(C=O)o3)C#Cc3ccc(C=O)o3)cc2)o1,ClC(Cl)Cl,518.0
10126,c1ccc(-c2nc(-c3ccc(-c4nc(-c5ccccc5)c(-c5ccccc5)[nH]4)s3)[nH]c2-c2ccccc2)cc1,CC(C)=O,459.0006412
10129,c1ccc(-c2nc(-c3ccc(-c4nc(-c5ccccc5)c(-c5ccccc5)[nH]4)s3)[nH]c2-c2ccccc2)cc1,CO,456.9983091
6649,CCOC(=O)c1sc2nc(-c3ccccc3)c(C)c(C#N)c2c1N,CCOC(C)=O,558.0
5597,CCCCC(CC)CN1C(=O)c2cccc3c(C#Cc4ccc(N(c5ccccc5)c5ccccc5)cc4)ccc(c23)C1=O,C1CCOC1,621.0
5100,O=C1c2cccc3cc4ccccc4c(c23)C(=O)N1Cc1ccccn1,C1CCOC1,485.0
8854,N#Cc1cnc(-c2c3ccccc3c(-c3ccccc3)c3ccccc23)nc1,CCO,520.0
3698,Cc1cc(-c2ccc(-n3c4ccccc4c4ccccc43)cc2)nc(-c2ccc(-n3c4ccccc4c4ccccc43)cc2)n1,C1CCOC1,423.0
11400,C[N+]1=C(/C=C/C=C2/N(CCC[N+](C)(C)C)c3ccc(S(=O)(=O)[O-])cc3C2(C)C)C(C)(C)c2ccccc21,CS(C)=O,570.0
6559,CC(C)(C)c1ccc(-c2ccc3c(-c4ccc(C(C)(C)C)c5ccccc45)cc4c5cc(-c6ccc(C(C)(C)C)c7ccccc67)ccc5c(-c5ccc(C(C)(C)C)c6ccccc56)cc4c3c2)c2ccccc12,ClCCl,405.0
12080,C=Cc1ccc(-c2ccc(-c3nnc(-c4ccc(-c5nnc(-c6ccc(-c7ccc(C=C)cc7)s6)o5)cc4)o3)s2)cc1,CCCCCCCCCCO,399.0
3160,Oc1ccccc1-c1nc(-c2ccccc2)c2ccccn12,CC#N,480.0
5620,c1ccc2c(B(c3c4ccccc4cc4ccccc34)c3c4ccccc4cc4ccccc34)c3ccccc3cc2c1,C1CCOC1,535.0
3035,COc1ccc(/C=C/C2=CC(/C=C/c3ccc(OC)cc3)=[O+][B-](OC(C)=O)(OC(C)=O)O2)cc1,ClC(Cl)Cl,529.0
5118,Cc1ccc(C2=C3C=CC(/C=C/c4ccccc4)=[N+]3[B-](F)(F)n3c(Cl)ccc32)cc1,C1CCCCC1,581.0
12190,C1=C(c2ccccc2)C2=Nc3c(-c4ccccc4)cc4n3[B-]3(Oc5ccccc5C1=[N+]23)Oc1ccccc1-4,Cc1ccccc1,746.0
2392,CN(C)c1ccc2nc(-c3ccc(C(=O)O)cc3)sc2c1,CC(C)O,493.0
7653,O=C1/C(=C/C=C/c2cc3c4c(c2)CCCN4CCC3)CC/C1=C\C=C\c1cc2c3c(c1)CCCN3CCC2,CCO,748.0
12215,CN1C(=O)/C(=C/c2ccncc2)N=C1/C=C/c1ccccc1,O,560.0
5547,CCCCCCC(CCCCCC)N1C(=O)c2cccc3c(-c4ccc(OC)c5ccccc45)ccc(c23)C1=O,Cc1ccccc1,478.0
3834,CCCCOc1ccc(-c2oc3cc4n(c3c2-c2ccc(OCCCC)cc2)[B-](F)(F)[N+]2=Cc3cc5oc(-c6ccc(OCCCC)cc6)c(-c6ccc(OCCCC)cc6)c5n3[B-](F)(F)[N+]2=C4)cc1,ClC(Cl)Cl,646.0
3424,Oc1c(-c2nc3c4ccc(-c5ccccc5)cc4c4cc(-c5ccccc5)ccc4c3[nH]2)cc2c3c1CCCN3CCC2,Cc1ccccc1,433.0
6897,CN(C)c1ccc(/C=C/c2nc3ccc(N(C)C)cc3oc2=O)cc1,CC(C)=O,626.0
1683,Cc1cc(C)c(C2=C3C=C(c4ccc(C(C)(C)C)cc4)C(c4ccc(C(C)(C)C)cc4)=[N+]3[B-](F)(F)n3c2cc(-c2ccc(C(C)(C)C)cc2)c3-c2ccc(C(C)(C)C)cc2)c(C)c1,C1CCOC1,628.0
10881,N#C/C(=C\c1ccncc1)c1nc(-c2ccccc2)cs1,ClCCl,554.0
6618,CC1(C)CC(=O)c2cc(F)c(F)cc2N1,CCO,472.0
1483,COc1cc(OC)cc(-c2ccc(-c3ccc(C#N)s3)s2)c1,ClCCl,442.0
3995,COC(=O)C(Cc1ccc2oc(-c3ccc(N(C)C)cc3)nc2c1)NC(=O)OC(C)(C)C,CN(C)C=O,400.4966158
357,CCCCN(CCCC)c1ccc(C#Cc2cc(C#Cc3ccc(N(CCCC)CCCC)cc3)c(C#Cc3ccc([N+](=O)[O-])cc3)cc2C#Cc2ccc([N+](=O)[O-])cc2)cc1,ClCCl,552.0
4192,CC[N+](CC)=c1ccc2c(-c3ccccc3C(=O)O)c3c(=O)oc4c5c6c(cc4c3oc-2c1)CCCN6CCC5,CCO,674.0
3909,CCCCC(CC)CN1C(=O)C2=C(c3ccc(-c4ccc(C5=C6C(C)=CC(C)=[N+]6[B-](F)(F)n6c(C)cc(C)c65)cc4)s3)N(CC(CC)CCCC)C(=O)C2=C1c1cccs1,Cc1ccccc1,623.0
8776,CC1=[N+]2C(=C(c3ccc(C=O)cc3)c3ccc(C)n3[B-]2(F)F)C=C1c1cc2n(c1)[B-](F)(F)[N+]1=CC=CC1=C2c1c(C)cc(C)cc1C,C1CCCCC1,657.0
4353,CN(C)c1ccc(C#Cc2ccc3ccc4ccc(C#Cc5ccc(N(C)C)cc5)c5ccc2c3c45)cc1,ClCCl,532.7
2517,CC(C)[Si](C#Cc1c2cc3ccccc3cc2c(C#C[Si](C(C)C)(C(C)C)C(C)C)c2nc3ccccc3nc12)(C(C)C)C(C)C,ClCCl,738.0
2231,CC1=[N+]2C(=C(c3ccc(N4CCOCC4)cc3)c3ccc(C)n3[B-]2(F)F)C=C1,CCCCCC,520.0
3785,C(=C/c1cnc2ccccc2n1)\c1ccc(N(c2ccccc2)c2ccccc2)cc1,CCCCCCC,461.0
11270,COc1cc(Br)cc2cc(-c3cc4cc(Br)cc(OC)c4oc3=O)oc12,Cc1ccccc1,430.0
7894,COc1ccc2cc3c(C)cc(=O)oc3cc2c1,ClC(Cl)Cl,443.0
10543,O=C1c2ccccc2-c2ccc(Nc3nc(Cl)nc(Cl)n3)c3cccc1c23,CO,570.1254276
2543,CCCCC(CC)Cn1c2cc(-c3ccc(N(c4ccccc4)c4ccccc4)cc3)c(C#N)cc2c2cc(C#N)c(-c3ccc(N(c4ccccc4)c4ccccc4)cc3)cc21,CCOCC,440.0
5767,COc1ccc(C2=[N+]3C(=Nc4c(C)cc(-c5ccc(OC)cc5)n4[B-]3(F)F)C(C)=C2)cc1,CS(C)=O,692.0
2154,CCCCCCc1ccc2c(/C=N/c3cc(/N=C/c4c(O)ccc5cc(CCCCCC)ccc45)cc(/N=C/c4c(O)ccc5cc(CCCCCC)ccc45)c3)c(O)ccc2c1,CC#N,507.0
9210,COC(=O)c1nc2c(OCc3ccccc3)nc(N)nc2n1Cc1ccccc1,CC#N,382.0
7413,CN(C)c1ccc(C=CC(=O)c2ccccc2)cc1,Cc1ccccc1,468.0
3045,COc1cc(/C=C/C2=CC(/C=C/c3ccc(O)c(OC)c3)=[O+][B-](F)(F)O2)ccc1O,CCOCC,527.01
1743,CN(C)c1ccc(/C=C/c2nc3ccccc3s2)cc1,CCCCCC,445.0
6011,O=C(/C=C/c1ccc(O)c(O)c1)O[C@H](Cc1ccc(O)c(O)c1)C(=O)O,O,444.0
379,COc1ccc(-c2nc3ccccc3nc2-c2ccc(OC)cc2)cc1,CC#N,435.0
10829,CN(C)c1ccc(C2=Cc3c4ccccc4c4ccccc4[n+]3[B-](F)(F)O2)cc1,COC(C)=O,559.0
2252,CCN(CC)c1ccc(-c2ccc(-c3nc(C#N)c4ccccc4n3)s2)cc1,Cc1ccccc1,471.0
7065,O=C1OC(c2ccccc2)=N/C1=C\c1ccc(N(c2ccccc2)c2ccccc2)cc1,CCOC(C)=O,571.0
10872,COc1ccc(-c2csc(/C(C#N)=C/c3ccncc3)n2)cc1,CS(C)=O,561.0
4303,c1ccc(N(c2ccccc2)c2ccc(-c3ccc4c(c3)C3(c5ccccc5Oc5ccccc53)c3cc(-c5ccc(N(c6ccccc6)c6ccccc6)cc5)ccc3-4)cc2)cc1,c1cc(-n2c3ccccc3c3ccccc32)cc(-n2c3ccccc3c3ccccc32)c1,441.0
450,CN(C)c1ccc(C2=Nc3scc(-c4ccc([N+](=O)[O-])cc4)[n+]3[B-](F)(F)O2)cc1,Cc1ccccc1,447.0
3975,COC(=O)C(Cc1ccc2oc(-c3ccc(N(C)C)cc3)nc2c1)NC(=O)OC(C)(C)C,CC(C)=O,394.4928794
5281,COc1ccc(C2=C(c3ccc(F)cc3)C(c3ccccc3)=[N+]3C2=Nc2c(-c4ccc(OC)cc4)c(-c4ccc(F)cc4)c(-c4ccccc4)n2[B-]3(F)F)cc1,Cc1ccccc1,692.0
3288,Cc1ccc(Nc2ccc(Nc3ccc(C)cc3)c3c2C(=O)c2ccccc2C3=O)cc1,CS(C)=O,689.0
4024,COC(=O)c1c(-c2cc3ccccc3oc2=O)nn(-c2ccccc2)c1C(=O)OC,ClCCl,401.0
3573,C(=C/c1nc2ccccc2s1)\c1ccc(-c2nc3c4cccnc4c4ncccc4c3[nH]2)cc1,C1CCOC1,469.0
4026,CCOC(=O)c1c(-c2c(Cl)c3cc(C)ccc3oc2=O)nn(-c2cccc(Cl)c2)c1C(=O)OCC,ClCCl,420.0
1358,Cc1cccc2cc3c(=O)n(C)c(=O)n(C)c3nc12,CC#N,417.0
2009,C(=C/c1ccccc1)\c1ccccc1,CCCCOCCCC,349.0
2495,COc1cc2c3c(c4cc(OC)c(OC)c(OC)c4c2c(OC)c1OC)=[N+]1C(=C(c2c(C)cc(C)cc2C)c2cc4c5cc(OC)c(OC)c(OC)c5c5c(OC)c(OC)c(OC)cc5c4n2[B-]1(F)F)C=3,C1CCCCC1,749.0
10389,C(#Cc1ncnc2ccccc12)c1ccc(N(c2ccccc2)c2ccccc2)cc1,C1CCCCC1,433.0
8481,CN(C)c1ccc(/C=C/C=C2\CC/C(=C\c3ccc(N(C)C)cc3)C2=O)cc1,Cc1ccccc1,530.0
5580,CCN1/C(=C\C=C\C=C\C2=[N+](CC)c3ccc4cc(Br)ccc4c3C2(C)C)C(C)(C)c2c1ccc1cc(Br)ccc21,ClCCl,714.0
9414,COc1ccc(-c2cc(C)nc(-c3ccc(-n4c5ccccc5c5ccccc54)cc3)n2)cc1,Cc1ccccc1,378.0
2227,F[B-]1(F)n2c(nc(-c3ccccc3)c2-c2ccccc2)-c2cccc[n+]21,ClCCl,528.0
3118,CSc1sc(C(C)=O)c2nn[nH]c(=O)c12,CCO,489.0
473,CN(C)c1ccc(/C=C/C=C/C=C/c2ccc(N(C)C)cc2)cc1,C1COCCO1,480.0
10574,CC1(C)c2ccccc2N(c2ccc(-c3nc4cc(C#N)c(C#N)cc4nc3-c3ccc(N4c5ccccc5C(C)(C)c5ccccc54)cc3)cc2)c2ccccc21,Cc1ccccc1,620.0
3006,N#Cc1ccc2cc(C#Cc3cn([C@H]4C[C@H](O)[C@@H](CO)O4)c4ncnc(N)c34)ccc2c1,ClC(Cl)Cl,423.0
3671,CC(C)(C)c1ccc(-c2nc3c4ccc(-c5c6ccccc6cc6ccccc56)cc4c4cc(-c5c6ccccc6cc6ccccc56)ccc4c3n2-c2ccc(C(C)(C)C)cc2)cc1,CCOCC,424.0
5582,CCN1/C(=C\C=C\C=C\C2=[N+](CC)c3ccc4ccccc4c3C2(C)C)C(C)(C)c2c1ccc1ccccc21,CC#N,695.0
6561,c1cc2c3ccc[n+]4cccc(c5ccc[n+](c1)c25)c34,CS(C)=O,443.0
12084,C=Cc1ccc(-c2ccc(-c3nnc(-c4ccc(-c5nnc(-c6ccc(-c7ccc(C=C)cc7)s6)o5)cc4)o3)s2)cc1,CCO,400.0
3658,CN(CCO)c1ccc(/C=C/C2=C(C#N)C(C(C#N)C#N)OC2(C)C)cc1,CC#N,646.0
11205,CN(C)c1cc(-c2ccccc2)cc2cc(C#Cc3ccncc3)ccc12,ClCCl,526.0
2856,O=C1C2=C3c4sccc4C=CN3C(=O)C2=C2c3sccc3C=CN12,CN(C)C=O,618.0
9968,Cc1ccc(-c2cc(/C=C/c3ccc(N(c4ccccc4)c4ccccc4)cc3)c(-c3ccc(C)cc3)cc2/C=C/c2ccc(N(c3ccccc3)c3ccccc3)cc2)cc1,ClCCl,492.0
9088,Cn1nc(-c2ccccc2)c2n[nH]nc2c1=O,CC#N,405.0
8390,COC(=O)C(Cc1ccc2oc(-c3ccc4c(c3)c3ccccc3n4-c3ccccc3)nc2c1)NC(=O)OC(C)(C)C,CN(C)C=O,384.4970778
5202,c1cc2ccc3cccc4c(-c5cc(-c6nccs6)nc(-c6nccs6)c5)cc(c1)c2c34,ClC(Cl)Cl,439.0
10141,CC[N+]1=C(/C=C/c2ccc3ccc4cccc5ccc2c3c45)C(C)(C)c2ccccc21,Cc1ccccc1,600.0
12113,CCCCCCC(CCCCCC)N1C(=O)c2cccc3c(-c4ccc(C#N)cc4)ccc(c23)C1=O,ClC(Cl)Cl,447.4
2629,COC(=O)c1ccc(O)c(-c2[nH]c(=O)n3c2-c2ccccc2C3=O)c1,CC#N,477.0
5682,F[B-]1(F)OC(C#Cc2ccccc2)=C2CCc3ccccc3C2=[O+]1,ClCCl,452.0
9381,Cc1cc2c(o1)c(Br)cc1c(C)cc(=O)oc12,C1CCCCC1,408.0
11604,COc1cc(OC)c2ccc(=O)oc2c1,CCOCC,390.0
7932,[NH3+]C(Cc1ccc(O)c(O)c1)C(=O)[O-],O,318.0
247,Cc1cc(C)c(B(c2ccc(-c3cc4ccc5cccc6ccc(c3)c4c56)cc2)c2c(C)cc(C)cc2C)c(C)c1,Cc1ccccc1,414.0
6560,c1cc2c3ccc[n+]4cccc(c5ccc[n+](c1)c25)c34,CC#N,442.0
1941,O=C1Nc2ccccc2/C1=C/C(=O)c1ccccc1,CC(C)O,412.0
3455,CCN(CC)c1ccc(-c2ccc(-c3nc(N4CCOCC4)c4ccccc4n3)s2)cc1,CC#N,544.0
218,COc1ccc(/C=C/c2nc(/C=C/c3ccc(N(C)C)cc3)cc(/C=C/c3ccc(N(C)C)cc3)n2)cc1,CCCCCCC,450.0
3353,Fc1nc(F)c(F)c(C#Cc2cc3c(cc2C#Cc2c(F)c(F)nc(F)c2F)OC2(CCCCC2)O3)c1F,CC#N,460.0
6872,COC(=O)c1ccc(C2=C3C=c4sccc4=[N+]3[B-](F)(F)n3c2cc2sccc23)cc1,ClCCl,604.0
7690,CCN(CC)c1ccc2c(C#N)c(/C=C(\C#N)c3nc4ccccc4o3)c(=O)oc2c1,C1COCCO1,641.0
4333,CN(C)c1ccc(C(=O)Nc2ccccc2)cc1,C1CCOC1,500.0
11260,COc1ccc2cc(-c3cc4ccc(OC)cc4oc3=O)oc2c1,CS(C)=O,484.0
9613,Cn1c(=O)c(/N=N/c2ccc(Nc3ccccc3)c(S(=O)(=O)O)c2)c(O)c2ccccc21,O,540.0
11094,CN(C)c1ccc(C2=Cc3ccc4ccccc4[n+]3[B-](F)(F)O2)cc1,CN(C)C=O,581.0
3279,CCN(CC)c1ccc2cc(-c3nc4ccccc4s3)c(=O)oc2c1,CC#N,503.8
2527,CC1CCC(=CS/C=C/c2ccc(/C=C/SC=C3CCC(C)CC3)cc2)CC1,ClCCl,427.0
3238,CN(C)c1ccc(C2=Nc3sc4c(F)c(F)c(F)c(F)c4[n+]3[B-](F)(F)O2)cc1,C1CCOC1,492.0
3941,CCN(CC)c1ccc2cc3ccc(=[N+](CC)CC)cc-3oc2c1,CC#N,549.0
11042,CCOC(=O)c1ccc(C2CC(c3cccc4ccccc34)=NN2c2ccc(Cl)cc2)cc1,ClCCl,471.0
10356,OCc1cc(/N=N/c2ccc(C#Cc3ccc4ccc5cccc6ccc3c4c56)cc2F)ccc1O,CS(C)=O,510.0
11586,C#Cc1ccc2cc(/C=C/C(=O)OCC)c(=O)oc2c1,CCO,412.0
11100,Cc1c(COC(=O)Cc2c[nH]c3ccccc23)n2c(OCC(=O)Cc3c[nH]c4ccccc34)c(C)c(=O)n2c1=O,CCO,452.0
6914,CN(C)c1ccc2nc(/C=C/c3ccccc3)c(=O)oc2c1,CCOC(C)=O,541.0
9747,COc1ccc(-c2ccc3c(c2)c2cc(-c4ccc(OC)cc4)ccc2n3-c2ccc(C(=O)c3ccc4sc5ccccc5c4c3)nc2)cc1,c1cc(-n2c3ccccc3c3ccccc32)cc(-n2c3ccccc3c3ccccc32)c1,493.0
7501,CN(C)c1ccc(/C=C/C=N/N=C/c2ccc3ccc4cccc5ccc2c3c45)cc1,CC(C)=O,475.0
2325,CN(C)CCN(Cc1c2ccccc2c(CN(CCN(C)C)c2ccc([N+](=O)[O-])cc2[N+](=O)[O-])c2ccccc12)c1ccc([N+](=O)[O-])cc1[N+](=O)[O-],CN(C)C=O,424.0
7975,C/C=C/c1cc(OC)cc(OC)c1,CCCCCC,338.0
1739,CN(C)c1ccc(/C=C(\C#N)c2nc3ccccc3s2)cc1,C1CCCCC1,500.0
10336,O=Cc1ccc(-c2ccc(-c3nc4ccccc4s3)c(O)c2)o1,CCO,530.0
6790,COc1cccc(-n2c(-c3ccc(F)cc3)nc(C)c2C)c1,CC#N,365.4
8764,c1ccc(-c2nn(-c3ccccc3)c3nc4ccc(N(c5ccccc5)c5cccc6ccccc56)cc4cc23)cc1,C1CCOC1,515.995872
200,COc1ccc(/C=C/c2cc(/C=C/c3ccc(OC)cc3)nc(/C=C/c3ccc(C(F)(F)F)cc3)n2)cc1,Cc1ccccc1,411.0
10351,F[B-]1(F)n2c(c3cc4ccccc4cc3c2-c2ccccc2)C=C2c3cc4ccccc4cc3C(c3ccccc3)=[N+]21,c1ccccc1,785.0
11802,C(=C/c1cccc2ccccc12)\c1ccc(-c2nnc(-c3ccc(-c4cc5ccccc5s4)cc3)o2)cc1,CN(C)C=O,447.0
2540,CCCCC(CC)Cn1c2cc(-c3ccc(N(c4ccccc4)c4ccccc4)cc3)c(C#N)cc2c2cc(C#N)c(-c3ccc(N(c4ccccc4)c4ccccc4)cc3)cc21,CC#N,484.0
5147,COc1ccc(-c2csc(-c3ccncc3)n2)cc1,CN(C)C=O,451.0
11797,C(=C/c1cccc2ccccc12)\c1ccc(-c2nnc(-c3ccc(-c4cc5ccccc5s4)cc3)o2)cc1,CCCCCCCC,426.0
4630,C1=CC2C=c3c(cc4cccc5cc6ccccc6c3c45)C3=c4ccccc4=CC(=C1)C32,ClCCl,683.0
1621,COC(=O)c1cc(=O)n(C)c2cc(-c3ccccc3N(C)C)sc12,CC#N,484.0
3994,COC(=O)C(Cc1ccc2oc(-c3ccc(N(C)C)cc3)nc2c1)NC(=O)OC(C)(C)C,CCOCC,379.5066414
5814,c1ccc(Nc2nc(Nc3ccccc3)nc(Nc3ccc4ccc5cccc6ccc3c4c56)n2)cc1,CO,395.0
613,c1ccc(-c2nc(-c3ccccc3)nc(-c3ccc(-n4c5ccccc5c5cc(-c6ccc7oc8ccccc8c7c6)ccc54)cc3)n2)cc1,CCOC(C)=O,470.0
7757,CC(C)(C)c1ccc2c(c1)c1cc(C(C)(C)C)ccc1n2-c1cccc(-c2nc(-c3cccc(P(=O)(c4ccccc4)c4ccccc4)c3)nc(-c3cccc(P(=O)(c4ccccc4)c4ccccc4)c3)n2)c1,CC(C)=O,554.5990566
9659,N#Cc1ccc(/C=C/C=C/c2ccc([N+](=O)[O-])cc2)cc1,C1CCOC1,485.0
2929,COc1ccc(-c2csc(/C(C#N)=C/c3ccc(C(F)(F)F)cc3)n2)cc1,CC#N,555.0
2388,Nc1cc(N)cc(-c2nc3ccccc3s2)c1,CO,519.0
5961,c1ccc(N2c3ccccc3B3c4ccccc4N(c4ccccc4)c4cccc2c43)cc1,CCO,458.0
2559,CCC1=C(C)C2C(c3ccc(-c4ccc(-c5nc6c7ccccc7c7ccccc7c6n5-c5ccc(C(C)(C)C)cc5)cc4)cc3)c3c(C)c(CC)c(C)n3[B-](F)(F)[N+]2=C1C,ClC(Cl)Cl,556.0
4532,O=C(/C=C/c1cn(-c2ccccc2)nc1-c1ccccc1)c1c(O)c2ccccc2oc1=O,CS(C)=O,510.0
3800,CC1=CC(/C=C/c2ccc3ccc4cccc5ccc2c3c45)=[N+]2C1=C(c1ccccc1)c1c(C)cc(/C=C/c3ccc4ccc5cccc6ccc3c4c56)n1[B-]2(F)F,CC1CCCO1,720.0
10600,Oc1cc(N(c2ccccc2)c2ccccc2)ccc1-c1nc2c3ccc(-c4ccccc4)cc3c3cc(-c4ccccc4)ccc3c2[nH]1,CO,427.0
4982,CC(C)CCCCN1CCc2c1ccc1c3c(ccc21)C(=O)CCC3,CS(C)=O,472.0
9037,N#Cc1c[nH]c2ccccc12,CC#N,313.0
5235,c1ccc2c(c1)c1ccccc1n2-c1ccc(-c2ccc(-c3ccc(-n4c5ccccc5c5ccccc54)nc3-n3c4ccccc4c4ccccc43)nn2)c(-n2c3ccccc3c3ccccc32)n1,ClCCl,419.6209016
3717,CCN(CC)c1ccc2c(-c3ccccc3C(=O)O)c3c([o+]c2c1)/C(=C/c1ccc(N(C)C)cc1)CCC3,ClCCl,757.0
8468,CN(C)c1ccc(/C=C/C=C2\CC/C(=C\c3ccc(N(C)C)cc3)C2=O)cc1,CC(C)=O,650.0
102,CCCCc1ccc(N(c2ccc(CCCC)cc2)c2ccc3c(c2)S(=O)(=O)c2cc(N(c4ccc(CCCC)cc4)c4ccc(CCCC)cc4)ccc2-3)cc1,ClC(Cl)Cl,516.0
5065,O=C1/C(=C2\Sc3ccccc3C2=O)Sc2ccccc21,CN(C)C=O,607.0
4281,CC(C)(C)C1Nc2ccccc2C(=O)N1c1ccccc1,ClC(Cl)Cl,409.0
4489,COc1ccc(-n2nc(C#N)c(N3CCCC3)n2)cc1,CN(C)C=O,418.0
533,CN(C)c1ccc(/C=C/c2cc[n+](CCCCC[n+]3ccc(/C=C/c4ccc(N(C)C)cc4)cc3)cc2)cc1,CC#N,605.0009378
4411,CCn1c2cc(C(C)(C)C)ccc2c2c3nsnc3c3c4ccc(C(C)(C)C)cc4n(CC)c3c21,ClCCl,515.0
8849,c1ccc(-c2nc(-c3ccccc3)nc(-c3cc(-n4c5ccccc5c5ncccc54)c(-n4c5ccccc5c5ccccc54)c(-n4c5ccccc5c5ncccc54)c3)n2)cc1,Cc1ccccc1,464.8837209
5853,c1csc(-c2nc3ccccc3c3cc4ccccn4c23)c1,CS(C)=O,508.0
3501,CC(C)c1cccc(C(C)C)c1N1C(=O)c2cccc3c(Oc4ccc(Cl)cc4)ccc(c23)C1=O,ClCCl,423.0
11203,CCCCCCCCCCc1cc(-c2cc(CCCCCCCCCC)c(-c3cccs3)s2)sc1-c1cccs1,CCCCCCCCCCCCCC,481.0
747,N#C/C(=C\c1ccc(C=C(c2ccccc2)c2ccccc2)cc1)c1ccc([N+](=O)[O-])cc1,C1CCOC1,552.0
11348,O=Cc1ccc(N(c2ccc(C=O)cc2)c2ccc(-c3ccc4c(c3)C(=O)c3ccccc3C4=O)cc2)cc1,C1CCOC1,662.0
10528,COc1nc(Cl)nc(Nc2ccc3c4c(cccc24)C(=O)c2ccccc2-3)n1,N#Cc1ccccc1,526.0389269
3422,Oc1c(-c2nc3c4ccc(-c5ccccc5)cc4c4cc(-c5ccccc5)ccc4c3[nH]2)cc2c3c1CCCN3CCC2,CO,474.0
3222,CCOC(=O)/C(C#N)=C(\C=C\c1ccc(N(c2ccccc2)c2ccc(/C=C/C(=C(/C#N)C(=O)OCC)c3ccccc3)cc2)cc1)c1ccccc1,C1COCCO1,589.0
2250,COc1ccc(-n2nc(C(=O)N3CCCC3)c(N3CCCC3)n2)cc1,CN(C)C=O,396.0
6791,COc1cccc(-n2c(-c3ccc(F)cc3)nc(C)c2C)c1,CCCCCC,369.0
304,Cc1cc(C2(c3cc(C)c(O)c(Br)c3)OS(=O)(=O)c3ccccc32)cc(Br)c1O,C1COCCO1,450.0
4459,CC(C)(C)c1ccc(/C=C/c2ccc(N(c3ccc(/C=C/c4ccc(C(C)(C)C)cc4)cc3)c3ccc(-c4nc5ccccc5nc4-c4ccc(N(c5ccc(/C=C/c6ccc(C(C)(C)C)cc6)cc5)c5ccc(/C=C/c6ccc(C(C)(C)C)cc6)cc5)cc4)cc3)cc2)cc1,C1CCOC1,515.0
2316,CCCCCCc1ccc(-n2c3[n+](c4c5ccccc5c5ccccc5c42)[B-](C)(C)c2cc(N(c4ccccc4)c4ccccc4)ccc2-3)cc1,ClCCl,437.0
2290,N#Cc1nc2c3ccc(N(c4ccccc4)c4ccccc4)cc3c3cc(N(c4ccccc4)c4ccccc4)ccc3c2nc1C#N,C1COCCO1,586.9103774
6630,CC1(C)CC(=O)c2c(F)c(F)c(F)c(F)c2N1,CCO,479.0
6724,O=c1[nH]c(=O)n([C@@H]2O[C@H](CO)[C@@H](O)[C@H]2O)cc1-c1cc2ccccc2s1,O,458.0
3082,C=Cc1cc2cc3c(cc2oc1=O)OCO3,CC#N,448.0
4688,Cn1c(=O)c(/N=N/c2ccc(S(=O)(=O)O)c3ccccc23)c(O)c2ccccc21,C1CCOC1,548.0
135,CC1(C)C(/C=C/c2cc3ccc(O)cc3oc2=O)=[N+](CCCS(=O)(=O)[O-])c2ccc(S(=O)(=O)O)cc21,O,636.0
9814,CCN1c2ccc(/C=C(\C#N)c3ccccc3)cc2Sc2cc(/C=C(\C#N)c3ccccc3)ccc21,CS(C)=O,595.0
9220,CN(C)c1ccc(/C=C/C=C/c2nc3ccccc3s2)cc1,CC#N,562.0
4245,COc1ccc(C2=[N+]3C(=Nc4c5c6ccccc6c6ccc(C(C)(C)C)cc6c5c(-c5ccc(OC)cc5)n4[B-]3(F)F)c3c2c2cc(C(C)(C)C)ccc2c2ccccc32)cc1,Cc1ccccc1,741.0
2389,Nc1cc(N)cc(-c2nc3ccccc3s2)c1,O,541.0
3777,c1ccc2cc(-n3cnc4ccccc43)ccc2c1,CCOC(C)=O,375.0
360,c1ccc(-n2nc(-c3ccc(N4c5ccccc5Sc5ccccc54)cc3)nc2-c2ccccn2)cc1,ClCCl,468.0
9790,c1ccc(/C(=C(\c2ccccc2)c2cc(-c3ccccc3)ccc2-c2ccccc2)c2cc(-c3ccccc3)ccc2-c2ccccc2)cc1,C1CCOC1,489.0
9716,CCc1ccc(-c2nc(-c3ccc(-n4c5ccccc5c5ccccc54)cc3)cc(-c3ccc(-n4c5ccccc5c5ccccc54)cc3)n2)cc1,CN(C)C=O,482.0
3065,COc1ccc(/C=C/C2=CC(/C=C/c3ccc(OC)c(OC)c3)=[O+][B-](F)(F)O2)cc1OC,ClCCl,570.0
2688,CCN(CC)c1ccc2c(-c3ccccc3C(=O)[O-])c3ccc(=[N+](CC)CC)cc-3oc2c1,CN(C)C=O,588.0
7824,O=C1c2ccccc2-c2ccccc21,CCO,553.0
8926,CCOC(=O)CN(CC(=O)OCC)c1ccc(-c2cc(-c3cccnc3)nc(-c3cccnc3)c2)cc1,CS(C)=O,454.0
4663,COc1cc(-c2nnc(-c3ccc4ccc5cccc6ccc3c4c56)o2)cc(OC)c1OC,CC1CCCCC1,430.0
5967,CCN(CC)c1ccc2cc(/C=C/C(O)=C3\CC/C(=C\c4cc5ccc(N(CC)CC)cc5oc4=O)C3=O)c(=O)oc2c1,CC(C)=O,613.0
7116,CCOC(=O)CCOc1ccccc1C(c1c(C)[nH]c2ccccc12)c1c(C)[nH]c2ccccc12,C1CCCCC1,329.0
4073,O=C1C=Cc2cc3ccccc3c(=O)n21,CC#N,410.0
1208,CCCN1C(=O)c2c3c(c4c(c2C1=O)CCc1cc(-c2ccc(N(C)C)cc2)c(OC)cc1-4)-c1cc(OC)c(-c2ccc(N(C)C)cc2)cc1CC3,C1CCCCC1,511.0
7592,O=C(O)COc1cccc(-c2c3nc(cc4ccc([nH]4)c(-c4cccc(OCC(=O)O)c4)c4nc(cc5ccc2[nH]5)CC4)CC3)c1,CS(C)=O,738.0
11236,O=c1oc2ccc(Br)cc2cc1-c1cc2cc(Br)ccc2o1,CS(C)=O,444.0
2184,CCN1c2ccc(/C=N/Nc3ccccn3)cc2Sc2cc(-c3ccccc3)ccc21,ClCCl,497.0
10790,COc1ccc(C2=[N+]3C(=C(c4ccc(C#N)cc4)c4cc(Cl)c(-c5ccc(OC)cc5)n4[B-]3(F)F)C=C2Cl)cc1,C1CCOC1,643.0
12231,N#Cc1nc(N(Cc2ccccc2F)Cc2ccccc2F)c(C#N)nc1N(Cc1ccccc1F)Cc1ccccc1F,ClC(Cl)Cl,570.0
1981,CCOC(=O)CSc1nc(C)c(C)c(C#N)c1C#N,c1ccccc1,407.0
11901,COc1cccc(-c2c3ccccc3c3n2[B-](F)(F)[N+]2=Cc4c5ccccc5c(-c5cccc(OC)c5)n4[B-](F)(F)[N+]2=C3)c1,CC#N,596.0
1153,Cc1cc(O)c(C(C)C)cc1/N=C/c1ccc(C(F)(F)F)cc1,ClC(Cl)Cl,430.0
10960,CCN(CC)c1ccc2cc(-c3ccc(S(C)(=O)=O)cc3)oc(=O)c2c1,CN(C)C=O,499.0
10341,O=Cc1ccc(-c2ccc(-c3nc4ccccc4s3)c(O)c2)o1,O,563.0
10548,F[Si-](F)(c1ccccc1)(c1ccccc1)c1cc2ccccc2c2ccccc12,C1CCOC1,359.0
1217,COc1ccc(-c2cc(-c3ccc(C)cc3)c(C#N)c(OC)n2)cc1,CC#N,406.0
9583,O=c1oc2cc3ccccc3cc2nc1-c1ccccc1,CO,548.0
6037,CN(C)c1ccc(C#Cc2ccc(C=O)cc2)cc1,C1CCCCC1,462.4919064
927,CC1=C2c3ccccc3C(c3[nH]c(C)cc3C)=[N+]2[B-](F)(F)n2c(C)cc(C)c21,C1CCOC1,627.0
2012,Cc1ccccc1/C(C#N)=C/c1ccc(N(C)C)cc1,CCCO,505.0
11660,N#Cc1cc2ccccc2oc1=O,ClC(Cl)Cl,411.0
396,N#Cc1cc2ccc(cc2)c2cccc3cccc(c4ccc(cc4)cc(C#N)c4ccc(cc4)c4cccc5cccc(c6ccc1cc6)c54)c32,Cc1ccccc1,496.0
3059,COc1ccc(/C=C/C2=CC(/C=C/c3ccc(OC)c(OC)c3)=[O+][B-](F)(F)O2)cc1OC,CCO,574.85
149,O=C1OC(c2ccccc2)=N/C1=C\c1ccc(N(c2ccc(/C=C3\N=C(c4ccccc4)OC3=O)cc2)c2ccc(/C=C3/N=C(c4ccccc4)OC3=O)cc2)cc1,CC#N,635.6
8388,COC(=O)C(Cc1ccc2oc(-c3ccc4c(c3)c3ccccc3n4-c3ccccc3)nc2c1)NC(=O)OC(C)(C)C,CCOC(C)=O,378.5011355
2119,CC(C)(C)c1ccc2oc(-c3ccc(-c4nc5cc(C(C)(C)C)ccc5o4)s3)nc2c1,CCCCO,434.0
7417,Cc1ccc(C(=O)/C=C/c2ccc(N(C)C)cc2)cc1,CC#N,529.0
293,CN(CCO)c1ccc(/C=C/C2=CC(=C(C#N)C#N)CC(C)(C)C2)cc1,ClC(Cl)Cl,612.0
10718,CC(C)[Si]1(C(C)C)c2cc(C#N)ccc2-c2ccc(N(c3ccccc3)c3ccccc3)cc21,c1ccccc1,432.0
8214,COCCOc1ccc(OCCOC)c(C=O)c1,CCCO,458.0
3649,CCCCNc1ccc2c3c(cccc13)C(=O)N(c1ccc(O)cc1)C2=O,CC#N,518.0
11044,CCOC(=O)c1ccc(C2CC(c3cccc4ccccc34)=NN2c2ccc(OC)cc2)cc1,ClCCl,505.0
311,Cc1cc(C2(c3cc(C)c(O)c(Br)c3)OS(=O)(=O)c3ccccc32)cc(Br)c1O,CCO,507.0
971,CCCCCCCCCCCCOc1cc(/C=C/c2ccc3c(c2)C(CC)(CC)c2cc(N4c5ccccc5Sc5ccccc54)ccc2-3)c(OCCCCCCCCCCCC)cc1/C=C/c1ccc2c(c1)C(CC)(CC)c1cc(N3c4ccccc4Sc4ccccc43)ccc1-2,ClCCl,477.0
4122,Cc1ccc(-c2cc(-c3ccc(C)cc3)c(C#N)c(=O)[nH]2)cc1,ClC(Cl)Cl,441.0
8850,c1ccc(-c2nc(-c3ccccc3)nc(-c3cc(-n4c5ccccc5c5ncccc54)c(-n4c5ccccc5c5ccccc54)c(-n4c5ccccc5c5ncccc54)c3)n2)cc1,ClCCl,502.7906977
4919,Oc1ccc2ccccc2c1/C=N/C1CCCCC1/N=C/c1c(O)ccc2ccccc12,CC#N,471.0
10373,O=C(N/N=C/c1ccccc1O)c1cc2ccccc2cc1O,CC(C)=O,513.0
4238,O=[N+]([O-])c1ccc2nc3cc4ccccc4cc3c(-c3ccccc3)c2c1,ClCCl,602.0
8094,O=Cc1cc(O)ccc1O,CCCO,484.0
5616,C[P+]1(c2ccccc2)C2=C(c3ccccc31)S(=O)(=O)c1ccccc12,CCO,419.0
7387,CCC(C)(C)c1ccc(-c2ccc(-c3ccccc3)cc2)cc1,C1COCCO1,349.0
4127,CN(C)c1ccc(-c2c(/C=C3/C=Cc4ccccc4N3C)c(=O)c2=O)cc1,Cc1ccccc1,435.0
2142,CCCCc1c2c(nc3ccccc13)-c1cc3c(cc1CC2)-c1nc2ccccc2c(CCCC)c1CC3,ClC(Cl)Cl,381.0
7558,COc1ccc([C@@H]2C[C@](O)(c3ccccn3)C[C@](O)(c3ccccn3)[C@H]2C(=O)c2ccc(N(c3ccccc3)c3ccccc3)cc2)cc1,C1CCOC1,495.0
10560,CCCCCCCCCC1(CCCCCCCCC)c2cc(C#Cc3ccc(/C=C/c4ccc(N(CCCCCCCC)CCCCCCCC)cc4)cc3)ccc2-c2ccc(C#Cc3ccc(/C=C/c4ccc(N(CCCCCCCC)CCCCCCCC)cc4)cc3)cc21,Cc1ccccc1,464.0
2201,CCN(CC)c1ccc2cc(/C(Cl)=C/C=C/C(=C(C#N)C#N)c3ccc4c(c3)c3ccccc3n4CC)c(=O)oc2c1,ClCCl,664.0
7438,CN(C)c1ccc(/C=C/C(=O)c2ccc(Cl)cc2)cc1,CC(=O)O,521.0
10272,Cc1cc(C)c(B(c2ccc(-c3nc4c5ccccc5c5ccccc5c4[nH]3)cc2)c2c(C)cc(C)cc2C)c(C)c1,CS(C)=O,484.0
5985,Cc1nc(-c2ccc(-n3c4ccccc4c4ccccc43)cc2)cc(-c2ccc(-n3c4ccccc4c4ccccc43)cc2)n1,CN(C)C=O,479.0
4030,CCOC(=O)c1c(-c2c(Cl)c3ccccc3oc2=O)nn(-c2cccc(C)c2)c1C(=O)OCC,ClCCl,410.0
11961,N#C/C(=C\c1cc(/C=C(\C#N)c2ccc(C(F)(F)F)cc2)c(-c2ccc(N(c3ccccc3)c3ccccc3)cc2)cc1-c1ccc(N(c2ccccc2)c2ccccc2)cc1)c1ccc(C(F)(F)F)cc1,ClCCl,594.0
6857,C(#Cc1ccccc1)C(C#Cc1ccccc1)=Cc1ccc(-c2ccc(C=C(C#Cc3ccccc3)C#Cc3ccccc3)cc2)cc1,ClC(Cl)Cl,461.0
5605,C(=C/c1cnccn1)\c1ccc(N(c2ccccc2)c2ccc(/C=C/c3cnccn3)cc2)cc1,ClCCl,569.0
6753,Cn1c(/C=C/c2ccc(/C=C/c3nc4ccccc4[nH]3)cc2)[n+](C)c2ccccc21,CS(C)=O,584.0
8686,CCC1=C(C)C2=Cc3cccn3[B-](F)(F)[N+]2=C1C,C1CCCCC1,517.5
4104,N#Cc1c(-c2ccc(Br)cc2)cc(-c2ccc(Br)cc2)[nH]c1=O,CCOC(C)=O,452.0
70,C[P+]1(c2ccccc2)c2ccccc2-c2sc3ccccc3c21,CCO,442.0
2820,COc1ccc(N(c2ccc(OC)cc2)c2ccc3ccc4c(B(c5c(C)cc(C)cc5C)c5c(C)cc(C)cc5C)ccc5ccc2c3c54)cc1,Cc1ccccc1,575.0
4003,COC(=O)C(Cc1ccc2oc(-c3ccc(N(C)C)cc3)nc2c1)NC(=O)OC(C)(C)C,NC=O,411.5056994
10592,CCN(CC)c1ccc2cc(-c3cn4ccccc4n3)c(=O)oc2c1,C1CCOC1,474.0
11264,Cc1cccc2cc(-c3cc4cccc(C)c4oc3=O)oc12,CS(C)=O,456.0
8651,C#CCNC1=C2C=CC=[N+]2[B-](F)(F)n2cccc21,c1ccccc1,485.0
3728,CC1(C)c2ccccc2N(c2ccc(-c3nnc(-c4ccccc4O)o3)cc2)c2ccccc21,CCO,547.0
1643,CN1C(=O)c2cccc3c(-n4c5ccccc5c5ccccc54)ccc(c23)C1=O,ClC(Cl)Cl,489.0
10163,CCCCCCc1ccc2c3c(ccc2c1)O[B-](F)(F)[N+](c1cc([N+]2=Cc4c(ccc5cc(CCCCCC)ccc45)O[B-]2(F)F)cc([N+]2=Cc4c(ccc5cc(CCCCCC)ccc45)O[B-]2(F)F)c1)=C3,C1CCOC1,490.0
4746,N#Cc1c(-c2ccccc2)cc(-c2ccccc2)[nH]c1=S,CCOC(C)=O,502.0
8020,Cc1ccccc1C,C1CCCCC1,291.3752914
3973,COC(=O)C(Cc1ccc2oc(-c3ccc(N(C)C)cc3)nc2c1)NC(=O)OC(C)(C)C,C1COCCO1,377.0028275
5099,CCCCCCc1ccc(/C=C/c2ccc(CCCCCC)s2)s1,Cc1ccccc1,416.0
2453,CC1=[N+]2C(=C(/C=C/c3ccc(C(F)(F)F)cc3)c3ccc(C)n3[B-]2(F)F)C=C1c1cc2n(c1)[B-](F)(F)[N+]1=CC=CC1=C2c1c(C)cc(C)cc1C,C1CCCCC1,704.0
2417,CN(C)c1ccc2nc(-c3ccccc3)sc2c1,CS(C)=O,486.4077079
7204,CCCCCCCCN1c2ccc(C#Cc3ccc(F)cc3)cc2Sc2cc(C=O)ccc21,CCCCCC,488.0
6146,Cc1cc(C)c(B(c2cc(-c3ccc(C(C)(C)C)cc3)sc2-c2sc(-c3ccc(C(C)(C)C)cc3)cc2P(=O)(c2ccccc2)c2ccccc2)c2c(C)cc(C)cc2C)c(C)c1,CO,572.0
7787,COc1ccc2c(c1)-c1cc(OC)ccc1C2=O,CC#N,514.0
7914,CCCN1/C(=C/C=C(/C=C/C2=[N+](CCC)c3ccccc3C2(C)C)c2ccncc2)C(C)(C)c2ccccc21,CS(C)=O,655.0
8359,Cn1c(=O)c(-c2ccccc2)nc2ccccc21,c1ccccc1,424.0
8735,CC1=C(C(C)(C)C)C(C)=[N+]2C1=C(C)c1c(C)c(C(C)(C)C)c(C)n1[B-]2(F)F,CCCCCC,567.8
11305,CN1CCN(c2ccc3c4c(cccc24)C(=O)c2ccccc2-3)CC1,CO,645.0
1923,O=C1Nc2ccccc2/C1=C/C(=O)c1ccc(Cl)cc1Cl,ClCCl,398.0
5082,CC(C)c1cc(C(C)C)c(B2c3ccccc3Oc3cc(N4c5ccccc5C5(c6ccccc6-c6ccccc65)c5ccccc54)ccc32)c(C(C)C)c1,Cc1ccccc1,456.0
47,Cc1cc(-c2ccc(N(c3ccccc3)c3ccccc3)cc2)c2nsnc2c1-c1ccc(N(c2ccccc2)c2ccccc2)cc1,ClCCl,577.0
1965,O=c1c2cccc3cccc(c32)c2nc3c(F)c(F)c(F)c(F)c3n12,ClCCl,466.0
10297,O=c1oc2ccccc2cc1-c1nc2ccccc2o1,CO,440.0
385,c1ccc(-c2nc3ccccc3nc2-c2ccccc2)cc1,CC#N,399.0
5391,CCN(CC)c1ccc(-c2nc3c4ccc(-c5ccccc5)cc4c4cc(-c5ccccc5)ccc4c3[nH]2)c(O)c1,Cc1ccccc1,417.0
221,COc1ccc(/C=C/c2nc(/C=C/c3ccc(N(C)C)cc3)cc(/C=C/c3ccc(N(C)C)cc3)n2)cc1,ClCCl,533.0
8139,COCCOCCOCCOCCOc1cc(C=O)c(OCCOCCOCCOCCOC)cc1C=O,O,495.0
8341,O=C(c1ccc(N2c3ccccc3[Si](c3ccccc3)(c3ccccc3)c3ccccc32)cc1)c1ccc(N2c3ccccc3[Si](c3ccccc3)(c3ccccc3)c3ccccc32)cc1,CC(C)=O,545.2238806
11323,Cc1nc(-c2ccccc2O)n2c1CCCC2,ClCCl,452.0
624,CCCCCCn1c(=O)c2c3oc4ccccc4sc3c3c(=O)n(CCCCCC)c(=O)c3c2c1=O,ClCCl,522.0
8251,COc1cc(C(=O)O)ccc1O,CC(C)CO,340.0
4336,Cc1cccc(NC(=O)c2ccc(N(C)C)cc2)c1,C1CCCCC1,452.0
7033,N#Cc1coc2ccccc2c1=O,CO,415.0
6073,COC(=O)c1ccc(C#Cc2ccc(N(C)C)cc2)cc1,C1CCCCC1,426.0032376
1197,CC(=O)O[B-]1(OC(C)=O)OC(/C=C/C=C/c2ccccc2)=CC(/C=C/C=C/c2ccccc2)=[O+]1,ClCCl,545.0
967,CCCCCCCCCCCCOc1cc(/C=C/c2ccc3c(c2)C(CC)(CC)c2cc(N4c5ccccc5Sc5ccccc54)ccc2-3)c(OCCCCCCCCCCCC)cc1/C=C/c1ccc2c(c1)C(CC)(CC)c1cc(N3c4ccccc4Sc4ccccc43)ccc1-2,C1CCOC1,474.0
10588,CCN(CC)c1ccc2cc(-c3cn4ccccc4n3)c(=O)oc2c1,ClCCl,478.0
10057,CC1(C)C(/C=C/C2=C(Cl)/C(=C/C=C3/N(Cc4ccc(F)cc4)c4ccccc4C3(C)C)CCC2)=[N+](Cc2ccc(F)cc2)c2ccccc21,CO,809.0
7897,c1ccc(-c2nc(-c3ccc(N4CCCC4)cc3)cc(-c3ccc4ccccc4c3)n2)cc1,ClC(Cl)Cl,498.0
4810,CC(=O)c1ccc(-c2cc(C)[o+]c(C)c2)cc1,ClCCl,405.0
429,C[C@@]12SC(Cl)=CC1=c1nc(-c3ccccc3)[nH]c1=C1C=C(Cl)S[C@]12C,CC#N,452.0
2935,O=C(c1ccncc1)c1ccc(-n2c3ccccc3c3cc(-n4c5ccccc5c5ccccc54)ccc32)cc1,c1cc(-c2cccc(-n3c4ccccc4c4ccccc43)c2)cc(-n2c3ccccc3c3ccccc32)c1,475.2314815
8489,Cn1c(=O)nc2n(C)c3ccccc3nc-2c1=O,CC#N,529.0
6333,O=P1(c2ccccc2)c2cc(N3c4ccccc4Oc4ccccc43)ccc2-c2ccc(N3c4ccccc4Oc4ccccc43)cc21,c1ccc2c(c1)c1ccccc1n2-c1ccc(-c2ccc(-n3c4ccccc4c4ccccc43)cc2)cc1,550.0
5996,COc1ccc2c(c1)CCc1c-2nc(N)c(C#N)c1-c1ccc(Br)cc1,CCCCCC,392.0
11701,CCCCCCn1c2ccccc2c2cc(/C=C/c3cc(=O)oc4cc(C)ccc34)ccc21,ClC(Cl)Cl,504.0
2239,CC1=CC(C)=[N+]2C1=C(c1ccc(N3CCOCC3)cc1)c1c(C)cc(C)n1[B-]2(F)F,CC#N,511.0
2232,CC1=[N+]2C(=C(c3ccc(N4CCOCC4)cc3)c3ccc(C)n3[B-]2(F)F)C=C1,CCOC(C)=O,520.0
9368,C[N+]1=C(/C=C/C2=C3Oc4c(cc5c6c4CCCN6CCC5)C(c4ccccc4C(=O)O)=C3CCC2)C(C)(C)c2c1ccc1ccccc21,CO,768.0
11463,F[B-]1(F)n2cccc2C(c2c3ccccc3c(-c3ccccc3)c3ccccc23)=C2C=CC=[N+]21,ClCCl,526.0
6500,CCOc1cccc(-c2nc3c(c4c2-c2ccccc2CC4)-c2ccccc2CC3)c1O,ClCCl,406.0
11012,N#Cc1cnc(-c2c3ccccc3c(-c3ncc(C#N)cn3)c3ccccc23)nc1,CCO,503.0
6427,Oc1cc(N(c2ccccc2)c2ccccc2)ccc1-c1nc2c3ccccc3c3ccccc3c2[nH]1,ClCCl,430.0
6237,CCOC(=O)/C(C#N)=C\c1ccc2c(c1)c1ccccc1n2-c1ccc(OC)cc1,CC(C)=O,508.0
4880,COC(=O)c1nc2c(N)nc(N(C)C)nc2n1Cc1ccccc1,ClCCl,409.0
10010,CCNc1ccc(NCC)c2c1C(=O)c1ccccc1C2=O,CS(C)=O,672.0
1323,C=CCOc1nnc(OCCC(F)(F)C(F)(F)C(F)(F)C(F)(F)C(F)(F)C(F)(F)C(F)(F)C(F)(F)F)nn1,ClCCl,572.0
19,c1ccc2c(-c3ccc(-c4nnc(-c5ccc(-c6nnc(-c7ccc(-c8cccc9ccccc89)s7)o6)cc5)o4)s3)cccc2c1,CCCCCCCCCCO,440.0
4438,O=P(c1ccccc1)(c1ccccc1)c1ccc(-n2c(-c3cccc(P(=O)(c4ccccc4)c4ccccc4)c3)nc3ccccc32)cc1,ClCCl,376.0
9119,CCCC1(CCC)c2ccccc2-c2ccccc21,C1CCCCC1,309.0
3043,CC(=O)O[B-]1(OC(C)=O)OC(/C=C/c2ccc(C)cc2)=CC(/C=C/c2ccc(C)cc2)=[O+]1,ClCCl,492.0
9591,C[SiH]1c2ccccc2-c2cc3c(cc21)-c1ccccc1[SiH]3C,ClCCl,389.0
4985,CC(C)CCCCN1CCc2c1ccc1c3c(ccc21)C(=O)CCC3,Clc1ccccc1,462.0
3819,[O-][n+]1c(/C=C/c2cccs2)nc(N2CCOCC2)c2c1CCCC2,ClCCl,534.0
2664,c1ccc2sc(-c3ccc(-c4nnc(-c5ccc(-c6nnc(-c7ccc(-c8cc9ccccc9s8)s7)o6)cc5)o4)s3)cc2c1,CCCCO,399.0
828,COc1ccc(/C=C/c2cc(/C=C/c3ccc(N(c4ccccc4)c4ccccc4)cc3)nc(/C=C/c3ccc(N(C)C)cc3)n2)cc1,ClCCl,548.0
4918,CC1=CC(C)=[N+]2C1=Cc1c3ccccc3c(C#Cc3cccs3)n1[B-]2(F)F,ClCCl,631.0
673,Cc1cc2ccc(-c3cccc4cccc(-c5ccc6cc(C)c(=O)oc6c5)c34)cc2oc1=O,CO,452.0
7247,N#CC(C#N)=Cc1cn(-c2ccccc2)nc1-c1ccccc1,Cc1ccccc1,430.0
3615,COc1ccc(-c2sc3c(c2Br)=[N+]2C(=C(C(F)(F)F)c4c(Br)c5sc(-c6ccc(OC)cc6)c(Br)c5n4[B-]2(F)F)C=3Br)cc1,C1CCOC1,770.0
11783,CC(C)(C)c1cc(-c2c3cccc4c5cccc6c(-c7cc(C(C)(C)C)cc(C(C)(C)C)c7)c7cccc8c9cccc2c9c(c34)c(c65)c78)cc(C(C)(C)C)c1,Cc1ccccc1,701.0
4404,COc1ccc2c(c1)[nH]c1c3[nH]c4cc(OC)ccc4c3c3nsnc3c21,Cc1ccccc1,501.0
937,CC1=C2c3ccccc3C(c3ccc[nH]3)=[N+]2[B-](F)(F)n2cccc21,Cc1ccccc1,594.0
5384,c1ccc(Cn2c3sccc3c3c4nsnc4c4c5ccsc5n(Cc5ccccc5)c4c32)cc1,Cc1ccccc1,508.0
8039,CCCCC(CC)COC(=O)/C=C\c1ccccc1OC,CO,458.0
6074,COC(=O)c1ccc(C#Cc2ccc(N(C)C)cc2)cc1,C1CCOC1,481.9973972
2288,C1=Cc2nc1c(-c1cncs1)c1ccc([nH]1)c(-c1cncs1)c1nc(c(-c3cncs3)c3ccc([nH]3)c2-c2cncs2)C=C1,CN(C)C=O,664.0
11028,O=C(O)c1cc2c(ccc3ccccc32)oc1=O,CO,431.0
3495,c1ccc(-n2c(-c3cccc4ccccc34)nc3c4cccc5ccc6cccc(c6c54)c32)cc1,CCCCCC,384.0
7498,CN(C)c1ccc(/C=C/C=N/N=C/c2ccc3ccc4cccc5ccc2c3c45)cc1,O,478.0
10132,c1ccc(-c2nc(-c3ccc(-c4nc(-c5ccccc5)c(-c5ccccc5)[nH]4)s3)[nH]c2-c2ccccc2)cc1,C1CCOC1,456.9983091
3325,COc1ccc(C2=C3C(C)=CC(C)=[N+]3[B-](F)(F)n3c(/C=C/c4ccc(N(C)C)cc4)cc(C)c32)cc1,CCOC(C)=O,665.0
8630,CCC1=C(C)C2=C(C)c3c(I)c(I)cn3[B-](F)(F)[N+]2=C1C,OCC(F)(F)F,530.5
5430,COc1ccc2c3c(cccc13)C(=O)N(C)C2=O,C1CCOC1,430.0
4201,CCN(CC)c1ccc(/N=N/c2nc3ccc(OC)cc3s2)cc1,CC#N,583.0
8146,COCCOCCOCCOCCOc1ccc(OCCOCCOCCOCCOC)c(C=O)c1,CN(C)C=O,425.0
11248,Cc1ccc2oc(-c3cc4cc(C)ccc4oc3=O)cc2c1,CCOC(C)=O,436.0
9489,CCCCn1c2ccccc2c2ccc3c4cc(-c5cccc(F)c5)ccc4n(CCCC)c3c21,ClC(Cl)Cl,398.0
8045,COc1ccc(O)cc1C=O,ClC(Cl)Cl,433.0
10290,O=c1oc2ccccc2cc1-c1nc2ccccc2o1,CC#N,443.0
7985,CN(C)c1ccccc1,C1CCCCC1,339.9048266
11504,CCOC(=O)c1c2c3c(ccc([N+](=O)[O-])c3c3cc4ccccc4cc13)N(C)C2=O,CC#N,413.0
9647,CN(C)c1ccc(/C=C/C=C/c2ccc([N+](=O)[O-])c(O)c2)cc1,CCCCCCC,523.0
7976,C/C=C/c1ccc(OC)c(OC)c1,CC#N,333.0
10064,COc1ccc(N(c2ccc(OC)cc2)c2cc3ccc4cc(B(c5c(C)cc(C)cc5C)c5c(C)cc(C)cc5C)cc5ccc(c2)c3c45)cc1,Cc1ccccc1,488.0
7974,C/C=C/c1cc(OC)cc(OC)c1,CC#N,343.0
6839,COc1cc(N(c2ccccc2)c2ccc(C=C(C#N)C#N)c(OC)c2)ccc1C=C(C#N)C#N,CC(C)=O,562.0
4099,Cc1ccc(/C=C/c2ccccc2-[n+]2noc([O-])c2-c2ccccc2)cc1,C1CCCCC1,400.0
2732,O=C1CCCC2=C1CC1=C(CCCC1=O)N2NC(=O)c1ccccc1,CC#N,434.0
5129,C#CCOc1ccc(/C=C/C2=[N+]3C(=C(c4ccccc4)c4c(C)cc(C)n4[B-]3(F)F)C(C)=C2)cc1,CO,574.0
5404,CCC1(CC)c2cc(-c3ccc(-c4ccccc4)cc3-c3ccccc3)ccc2-c2cc3c(cc21)-c1ccc(-c2ccc(-c4ccccc4)cc2-c2ccccc2)cc1C3(CC)CC,C1CCOC1,405.0
12051,CN(C)c1ccc(/C=C2\CCCC2=O)cc1,CCCO,479.0
10124,Cn1c(-c2ccc(-c3nc(-c4ccccc4)c(-c4ccccc4)n3C)s2)nc(-c2ccccc2)c1-c1ccccc1,CC#N,470.0
11124,Fc1c(-n2c3ccccc3c3ccccc32)c(F)c(-n2c3ccccc3c3ccccc32)c(-c2nnc(-c3ccccc3)o2)c1-n1c2ccccc2c2ccccc21,Cc1ccccc1,490.0
749,N#Cc1ccc(/C=C/c2ccc(C=C(c3ccccc3)c3ccccc3)cc2)cc1,C1CCOC1,456.0
6529,N#Cc1ccc2c(c1)CCc1nc(-c3ccc([N+](=O)[O-])cc3)c3c(c1-2)CCc1cc(C#N)ccc1-3,ClCCl,475.0
518,CN(C)c1ccc(/C=C/c2ccccn2)cc1,CC(C)O,465.0
10947,CCN(CC)c1ccc2cc(-c3ccc(C(F)(F)F)cc3)oc(=O)c2c1,CCCCO,468.0
9456,CC(C)(C)OC(=O)NCCn1cc(COc2ccc(-c3cc(-c4ccccc4)c4n3[B-](F)(F)[N+]3=C(c5ccc(OCCCS(=O)(=O)[O-])cc5)C=C(c5ccccc5)C3=N4)cc2)nn1,O,721.0
7443,CN(C)c1ccc(/C=C/C(=O)c2ccc(Cl)cc2)cc1,Cc1ccccc1,486.0
5848,O=S1(=O)c2ccc(-c3ccc(-n4c5ccccc5c5ccccc54)cc3)cc2C2(c3ccccc3-c3ccccc32)c2cc(-c3ccc(-n4c5ccccc5c5ccccc54)cc3)ccc21,CN(C)C=O,455.8013544
11232,COc1cccc2oc(-c3cc4c(OC)cccc4oc3=O)cc12,Cc1ccccc1,460.0
3620,COc1ccc(-c2sc3c(c2Br)=[N+]2C(=C(C(F)(F)F)c4cc5sc(-c6ccc(OC)cc6)c(Br)c5n4[B-]2(F)F)C=3)cc1,ClC(Cl)Cl,754.0
3614,O=C(O)CCCCCn1c2ccc(Br)cc2c(=O)c2cc3c(cc21)c(=O)c1cc(Br)ccc1n3CCCCCC(=O)O,CO,555.0
4147,O=c1cc(COc2ccc(I)cc2)c2c(ccc3ccccc32)o1,CO,418.0
9525,CC1=C2CCc3ccccc3C2=[N+]2C1=C(c1ccc(I)cc1)c1c(C)c3c(n1[B-]2(F)F)-c1ccccc1CC3,ClC(Cl)Cl,629.0
4337,Cc1cccc(NC(=O)c2ccc(N(C)C)cc2)c1,C1CCOC1,518.0
10069,N#CC(/N=C/c1ccccc1O)=C(C#N)/N=C/c1ccccc1O,CC#N,553.0
4448,COc1cc(/C=C/c2nc3ccccc3s2)c(OC)cc1/C=C/c1ccncc1,CC#N,487.0
3532,c1ccc(-c2nc3c(ccc4[nH]ccc43)o2)cc1,CC#N,427.0
9173,c1ccc(-c2oc(-c3ccccc3)c3ccccc23)cc1,CC#N,452.0
11934,F[B-]1(F)n2c(Nc3cccc4cccnc34)ccc2C(c2ccccc2)=C2C=CC(Cl)=[N+]21,ClC(Cl)Cl,583.0
7249,N#CC(C#N)=Cc1cn(-c2ccccc2)nc1-c1ccccc1,ClCCl,430.0
6134,C(=C/c1ccc(-c2nnc(-c3ccc(/C=C/c4ccc(-c5nc(-c6ccccc6)c(-c6ccccc6)[nH]5)cc4)cc3)o2)cc1)\c1ccc(-c2nc(-c3ccccc3)c(-c3ccccc3)[nH]2)cc1,CC#N,525.0
2980,CCN(CC)c1ccc([N+]2=Cc3ccc4c5c(ccc4c3O[B-]2(c2c(F)c(F)c(F)c(F)c2F)c2c(F)c(F)c(F)c(F)c2F)C=[N+](c2ccc(N(CC)CC)cc2)[B-](c2c(F)c(F)c(F)c(F)c2F)(c2c(F)c(F)c(F)c(F)c2F)O5)cc1,C1CCOC1,714.0
6794,COc1cccc(-n2c(-c3ccc(F)cc3)nc(C)c2C)c1,CCOC(C)=O,367.0
9601,Cn1c(=O)c(/N=N/c2ccc(Nc3ccc([N+](=O)[O-])cc3S(=O)(=O)O)cc2)c(O)c2ccccc21,CO,619.0
10324,N#Cc1cc(/C=C/c2ccc(N(c3ccccc3)c3ccccc3)cc2)ccc1/C=C/c1ccc(/C=C/c2ccc(N(c3ccccc3)c3ccccc3)cc2)cc1C#N,ClCCl,614.0
12261,COc1cc2c(cc1F)c(=O)c1cc(F)c(OC)cc1n2-c1ccccc1,CCO,424.0
1602,CCN(CC)c1ccc(-c2cc3c(s2)c(C(=O)OC)cc(=O)n3C)cc1,CN(C)C=O,604.0
5288,COc1cc(C2=C(c3cc(OC)c(OC)c(OC)c3)C(c3ccc(C(C)(C)C)cc3)=[N+]3C2=Nc2c(-c4cc(OC)c(OC)c(OC)c4)c(-c4cc(OC)c(OC)c(OC)c4)c(-c4ccc(C(C)(C)C)cc4)n2[B-]3(F)F)cc(OC)c1OC,Cc1ccccc1,750.0
5211,Cc1ccccc1C1CC(=O)Oc2c1c1nc3ccccc3nc1c1ccccc21,ClC(Cl)Cl,434.0
290,CN(CCO)c1ccc(/C=C/C2=CC(=C(C#N)C#N)CC(C)(C)C2)cc1,CC#N,651.0
6825,CCCCCCCCCCCCCCCCOC(=O)c1ccc(N(c2ccccc2)c2ccccc2)cc1,ClCCCl,450.0
4783,C=CCNc1ccc2ccc3oc4cc(=[N+](C)C)ccc-4nc3c2c1,O,650.0
1213,c1ccc(N(c2ccccc2)c2cc3c4c(c2)N(c2ccccc2)c2cc5c(cc2B4c2ccccc2N3c2ccccc2)B2c3ccccc3N(c3ccccc3)c3cc(N(c4ccccc4)c4ccccc4)cc(c32)N5c2ccccc2)cc1,Cc1ccccc1-c1cccc(Oc2cc3c4c(c2)Oc2cc(-c5ccccc5C)ccc2B4c2ccc(-c4ccccc4C)cc2O3)c1,473.0
2218,COc1cc2c(cc1-c1ccncc1)Cc1c3c(c4c(c1-2)-c1cc(OC)c(-c2ccncc2)cc1C4)C(=O)N(CCC(C)C)C3=O,C1CCOC1,456.0
5812,O=Cc1ccc(C2=Cc3ccccc3P2(=O)c2ccccc2)cc1,ClCCl,427.0
8328,CCn1c2ccc(/C=C/c3ccc4c(c3)c3cc(-c5nc6ccccc6s5)ccc3n4CC)cc2c2cc(-c3nc4ccccc4s3)ccc21,CN(C)C=O,449.0
6196,COc1ccc(-n2nc(C#N)c(N3CCN(c4ccccn4)CC3)n2)cc1,CC#N,461.0
8346,CC[N+](CC)=c1ccc2cc3c(=O)oc4cc5c(cc4c3oc-2c1)CCCN5C,O,658.0
3855,O=S(=O)(/N=c1\oc2cccc3c4c(-c5ccccc5)oc5cccc(c(c1-c1ccccc1)c23)c54)C(F)(F)F,ClC(Cl)Cl,558.0
7665,CN(C)c1ccc(C2=Cc3cccc[n+]3[B-](F)(F)O2)cc1,CCOCC,477.0
4475,O=c1oc2cccc3c4cccc5ccc6c7cc(F)ccc7c1c(c23)c6c54,C1CCOC1,424.0
5938,COc1cc(/C=C/c2cc[n+](Cc3ccc(Br)cc3)cc2)ccc1O,CCCCCO,554.0
1964,CN1C2=Nc3n(C)c4ccccc4[n+]3CN2c2ccccc21,CO,376.0
95,C(/C=C/c1ccc(-n2c3ccccc3c3ccccc32)cc1)=C\c1ccncc1,CO,496.0
33,Oc1ccc(-c2ccco2)cc1-c1nc2ccccc2s1,ClCCl,406.0
5095,CCC1(CC)c2cc(/C=C/c3ccc(N(c4ccccc4)c4ccccc4)cc3)ccc2-c2ccc(/C=C/c3ccc(N(c4ccccc4)c4ccccc4)cc3)cc21,Cc1ccccc1,451.0
2586,CC(C)(C)c1ccc2c(c1)c1cc(C(C)(C)C)ccc1n2-c1cccs1,ClCCl,368.0
9712,COc1ccc(-c2oc3c(c2Br)=[N+]2C(=C(C(F)(F)F)c4c(Br)c5oc(-c6ccc(OC)cc6)c(Br)c5n4[B-]2(F)F)C=3Br)cc1,ClC(Cl)Cl,765.0
9380,Cc1oc2c(Cl)cc3c(C)cc(=O)oc3c2c1C,OCC(F)(F)F,469.0
3651,CCCCNc1ccc2c3c(cccc13)C(=O)N(c1ccc(O)cc1)C2=O,ClC(Cl)Cl,497.0
6307,CN(C)c1ccc(/C=C/C(=C(C#N)C#N)c2ccc3c4c(cccc24)CC3)cc1,CC(C)=O,593.0
8626,CCC1=C(C)C2=C(C)c3c(I)c(I)cn3[B-](F)(F)[N+]2=C1C,CC(C)=O,533.0
59,CC1(C)CC(/C=C/c2cn(-c3ccccc3)nc2-c2ccccc2)=CC(=C(C#N)C#N)C1,ClCCl,550.0
10260,Oc1ccc2ccccc2c1-c1nc(-c2ccccc2)c2ccccn12,C1CCCCC1,407.0
1139,Cc1cc(O)c(C(C)C)cc1/N=C/c1ccc(O)cc1,CO,416.0
5762,CCC[n+]1ccc(/C=C/c2ccc(N(C)C)cc2)cc1,ClCCl,560.0
2039,COc1ccc(/C=C/c2ccccc2)cc1,CCOCC,366.0
3037,CC(=O)O[B-]1(OC(C)=O)OC(/C=C/c2ccc(C)cc2)=CC(/C=C/c2ccc(C)cc2)=[O+]1,C1CCOC1,484.0
3400,CCN(CC)c1ccc2cc(-c3csc(NC(C)=O)c3C#N)c(=O)oc2c1,C1CCOC1,457.0
7883,CC1=CC(=[N+]2CCC2)C=C2C1=Nc1c(C)cc(N3CCC3)cc1[Si]2(C)C,CCO,745.0
7144,CC/[NH+]=c1\cc2oc3cc(NCCN)c4ccccc4c3nc-2cc1C,CCO,647.0
6057,CN(C)c1ccc(C#Cc2ccccc2)cc1,CC(C)=O,410.4921801
7854,CC1(C)CC(=O)C2=C(C1)Oc1ccc3cc(O)ccc3c1C2c1ccccn1,CCO,377.0
2236,CC1=[N+]2C(=C(c3ccc(N4CCOCC4)cc3)c3ccc(C)n3[B-]2(F)F)C=C1,C1CCCCC1,520.0
3187,CC[N+](CC)=c1ccc2c(-c3ccccc3C(=O)O)c3c(=O)oc4cc5c(cc4c3oc-2c1)CCCN5C,O,658.0
1950,COc1ccc(C(=O)/C=C2\C(=O)Nc3ccccc32)c(OC)c1,C1COCCO1,424.0
5761,CCC[n+]1ccc(/C=C/c2ccc(N(C)C)cc2)cc1,ClC(Cl)Cl,560.0
1068,N#Cc1ccc(-c2ccc(C3=CCC(c4ccccc4)CC3)s2)s1,C1CCOC1,442.0
9572,COC(=O)C(Cc1ccc2oc(-c3ccc(-n4c5ccccc5c5ccccc54)cc3)nc2c1)NC(=O)OC(C)(C)C,CCCCO,429.99656
7766,Nc1ccc2c(c1)-c1ccccc1C2=O,C1CCCCC1,476.0
7601,N#Cc1nnn(-c2ccnc3cc(Cl)ccc23)c1N,CO,403.0145488
2340,Cc1cc(=O)[nH]c(=O)[nH]1,CC#N,308.0
10109,CCCCCCc1ccsc1-c1ccc(-c2sc(C(=O)O)cc2CCCCCC)s1,CC(C)=O,468.0
4826,CCc1c(C)c2n(c1C)[B-](F)(F)[N+]1=C(NCc3ccc(OC)cc3)C(SC#N)=CC1=C2C,CO,583.0
7850,CC1(C)CC(=O)C2=C(C1)Oc1ccc3cc(O)ccc3c1C2c1ccccn1,C1CCOC1,374.0
6096,CCCCCCN(CCCCCC)c1ccc(C#Cc2c(F)c(F)c(F)c(F)c2F)cc1,CO,464.0
1793,CC(C)(C)c1ccc(-c2nc3c4ccccc4c4ccccc4c3n2-c2ccc(C(C)(C)C)cc2)cc1,CC#N,389.0
6739,C1=[N+]2N=C(c3ccccc3)O[B-]2(c2ccc([B-]34OC(c5ccccc5)=N[N+]3=Cc3c(ccc5ccccc35)O4)cc2)Oc2ccc3ccccc3c21,C1CCOC1,489.0
2102,CN1CCN(CCCN2c3ccccc3Sc3ccc(C(F)(F)F)cc32)CC1,O,482.0
11580,CCN(CC)c1ccc2c(C)cc(=O)oc2c1,O,470.0
3154,CN(C)c1ccc(-c2nc(-c3ccccc3)c3ccccn23)cc1,CC#N,509.0
7746,CC1(C)C(/C=C/C2=C(Cl)/C(=C/C=C3/N(CCCCS(=O)(=O)[O-])c4ccc5ccccc5c4C3(C)C)CCC2)=[N+](CCCCS(=O)(=O)[O-])c2ccc3ccccc3c21,CO,836.0
3846,CCCCN(CCCC)c1ccc(/C=C/c2ccc3nc(-c4ccccc4)c(/C=C/c4ccc(N(C)C)cc4)nc3c2)cc1,C1COCCO1,540.0
5654,COc1ccccc1C1=[N+]2C(=C(c3ccccc3)c3c4c(c(-c5ccccc5OC)n3[B-]2(F)F)C2C=CC4CC2)C2=C1C1C=CC2CC1,ClCCl,587.0
6045,CN(C)c1ccc(C#Cc2ccc(C=O)cc2)cc1,CCCCCCCCCCCCCCCC,397.9941097
8509,CCCCn1c2ccc(-c3ccc4ccccc4c3)cc2c2ccc3c4cc(-c5ccc6ccccc6c5)ccc4n(CCCC)c3c21,ClC(Cl)Cl,418.0
5038,CCCCCCOc1ccc2oc3c(c2c1)=CC1=C(c2ccccc2C)c2cc4c5cc(OCCCCCC)ccc5oc4n2[B-](F)(F)[N+]=31,CCOC(C)=O,602.5
9134,CN(C)c1ccc2c(c1)Cc1ccccc1-2,CCO,370.0
5284,COc1ccc(C2=[N+]3C(=Nc4c(-c5cc(OC)c(OC)c(OC)c5)c(-c5ccc(C(C)(C)C)cc5)c(-c5ccc(OC)cc5)n4[B-]3(F)F)C(c3cc(OC)c(OC)c(OC)c3)=C2c2ccc(C(C)(C)C)cc2)cc1,Cc1ccccc1,726.0
1006,CC1(C)CC[N+]2=c3c(cc4c(c31)Oc1cc3c(cc1C=4c1ccccc1C(=O)O)C(c1ccccc1C(=O)O)=c1cc4c5c(c1O3)C(C)(C)CC[N+]=5CCC4)CCC2,ClC(Cl)Cl,635.0
3706,Cc1nc2c(c[n+]1C)CN1C(=O)N([C@H]3O[C@@H](CO)[C@H](O)[C@@H]3O)C=CC1=N2,CCCO,417.0
373,COc1ccc(-c2ccc(-c3ccc(OC)cc3)c3nc(-c4ccccc4)c(-c4ccccc4)nc23)cc1,ClC(Cl)Cl,502.0
1002,CCN(CC)c1ccc2cc(/C=C/C3=C4CC/C(=C\c5cc6ccc(N(CC)CC)cc6oc5=O)C4=[O+][B-](F)(F)O3)c(=O)oc2c1,CS(C)=O,780.0
10302,O=c1oc2ccccc2cc1-c1nc2ccccc2o1,OCCO,447.0
3328,COc1ccc(C2=C3C(C)=CC(C)=[N+]3[B-](F)(F)n3c(/C=C/c4ccc(N(C)C)cc4)cc(C)c32)cc1,CO,696.0
1722,N#C/C(=C\c1ccc(Cl)cc1)c1nc2ccccc2s1,CO,430.0
7477,CCN(CC)c1ccc2cc(/C=C/C3=CC(/C=C/c4cc5ccc(N(CC)CC)cc5oc4=O)=[O+][B-](F)(F)O3)c(=O)oc2c1,ClC(Cl)Cl,669.0
7563,COc1ccc([C@@H]2C[C@](O)(c3ccccn3)C[C@](O)(c3ccccn3)[C@H]2C(=O)c2ccc(N(c3ccccc3)c3ccccc3)cc2)cc1,ClCCl,513.0
8868,CCn1c2ccccc2c2cc(-c3cc(-c4ccc5c(c4)c4ccccc4n5CC)nc(S(C)(=O)=O)n3)ccc21,CN(C)C=O,451.0
3838,COc1cc(-c2ncc(-c3ccncc3)o2)cc(OC)c1OC,ClCCl,417.0
10075,COc1cn2cc(-c3ccc(C#N)cc3)[n-][n+]2c1,ClCCl,505.0
7566,O=C(c1ccc(N(c2ccccc2)c2ccccc2)cc1)[C@H]1[C@H](c2ccc(F)cc2)C[C@](O)(c2ccccn2)C[C@]1(O)c1ccccn1,CC#N,523.0
4237,Fc1ccccc1-c1c2cc(Cl)ccc2nc2cc3ccccc3cc12,ClCCl,526.0
1413,COc1cc(/C=C2/SC(=O)NC2=O)cc(OC)c1O,OCCO,466.0
101,CCCCc1ccc(N(c2ccc(CCCC)cc2)c2ccc3c(c2)S(=O)(=O)c2cc(N(c4ccc(CCCC)cc4)c4ccc(CCCC)cc4)ccc2-3)cc1,Cc1ccccc1,482.0
3013,CC(=O)c1ccc2cc(C#Cc3cn([C@H]4C[C@H](O)[C@@H](CO)O4)c4ncnc(N)c34)ccc2c1,CCO,475.0
7134,CC/[NH+]=c1\cc2oc3cc(NCCC(=O)NC(C(=O)OC)C(C)C)c4ccccc4c3nc-2cc1C,O,653.0
3528,COc1cc(-c2nc3sc4ccccc4c3s2)cc(OC)c1OC,CS(C)=O,424.0
10609,COc1ccc(-c2cnc(/C=C/c3ccc(C#N)cc3)o2)cc1OC,ClCCl,500.0
10665,Cc1ccc2c(c1)C(C)(C)c1cc(C)ccc1N2c1ccc2c(c1)C(C)(C)c1cc(N3c4ccc(C)cc4C(C)(C)c4cc(C)ccc43)ccc1S2(=O)=O,Cc1ccccc1,470.0657895
10776,CC1(C)OB(c2ccc3ccc4cccc5ccc2c3c45)OC1(C)C,Cc1ccccc1,379.0
2973,CC1=CC(C)=[N+]2C1=C(c1ccc(-c3c4ccccc4c(-c4ccccc4)c4ccccc34)cc1)c1c(C)cc(C)n1[B-]2(F)F,CN(C)C=O,510.0
5130,CC1=CC(/C=C/c2ccc(OCCCN=[N+]=[N-])cc2)=[N+]2C1=C(c1ccccc1)c1c(C)cc(C)n1[B-]2(F)F,CO,578.0
10745,Fc1c(F)c(F)c2c(c1F)C1=Nc3c4c(F)c(F)c(F)c(F)c4c4n3[B-]3(Cl)n5c(c6c(F)c(F)c(F)c(F)c6c5=N4)=NC2=[N+]13,CC(C)=O,589.0
11765,c1ccc(-c2nc(-c3ccc(-c4ccc(-n5c6ccccc6c6ccccc65)cc4)cn3)oc2-c2ccccc2)cc1,c1ccccc1,405.0
11691,c1cc2ccc3cc4cccc5ccc6cc(c1)c2c3c6c54,C1CCCCC1,436.0
11788,CN(C)c1ccc(-c2ccc(-c3cc(N4CCCCC4)c(C#N)c4c3-c3ccccc3CC4)s2)cc1,C1CCCCC1,491.0
12248,CCOC(=O)CN(CC(=O)OCC)c1ccc(-c2cc(-c3ccncc3)nc(-c3ccncc3)c2)cc1,c1ccccc1,412.0
12096,CC(C)[Si](C#Cc1c2cc3ccccc3cc2c(C#C[Si](C(C)C)(C(C)C)C(C)C)c2cc3ccccc3cc12)(C(C)C)C(C)C,ClCCl,649.0
7836,C(#Cc1ccc(N(c2ccc(C#Cc3ccc(-c4cc(-c5ccccc5)nc(-c5ccccc5)c4)cc3)cc2)c2ccc(C#Cc3ccc(-c4cc(-c5ccccc5)nc(-c5ccccc5)c4)cc3)cc2)cc1)c1ccc(-c2cc(-c3ccccc3)nc(-c3ccccc3)c2)cc1,C1CCOC1,455.0
6487,CCN(CC)c1ccc(-c2nc3c(c4c2-c2ccc(C#N)cc2CC4)-c2ccc(C#N)cc2CC3)cc1,CO,525.0
11082,F[B-]1(F)n2c(Cl)ccc2C(c2c(Cl)cccc2Cl)=C2C=CC(NCc3ccccc3)=[N+]21,ClCCl,537.0
99,CC1(C)C(/C=C/C2=C(Oc3ccc(CCN=C=S)cc3F)/C(=C/C=C3/N(CCCS(=O)(=O)[O-])c4ccccc4C3(C)C)CCC2)=[N+](CCCS(=O)(=O)[O-])c2ccccc21,CO,797.0
10749,Fc1c(F)c(F)c2c(c1F)C1=Nc3c4c(F)c(F)c(F)c(F)c4c4n3[B-]3(Cl)n5c(c6c(F)c(F)c(F)c(F)c6c5=N4)=NC2=[N+]13,CCOCC,585.0
11801,C(=C/c1cccc2ccccc12)\c1ccc(-c2nnc(-c3ccc(-c4cc5ccccc5s4)cc3)o2)cc1,CCCO,441.0
2596,COc1cc(C=O)cc(-c2[nH]c(=O)n3c2-c2ccccc2C3=O)c1O,CC#N,473.0
3772,Cc1ccc(-c2c3nc(c(-c4ccc(C)cc4)c4ccc([nH]4)c(-c4ccco4)c4nc(c(-c5ccc(C)cc5)c5ccc2[nH]5)C=C4)C=C3)cc1,ClCCl,659.0
5025,O=Cc1ccc(C2=C3C=c4c(oc5ccccc45)=[N+]3[B-](F)(F)n3c2cc2c4ccccc4oc23)cc1,CN(C)C=O,615.5
9690,Clc1cnc2nn3ccccc3c2c1,C1CCOC1,410.0
2318,CCCCCCc1ccc(-n2c3[n+](c4c5ccccc5c5ccccc5c42)[B-](C)(C)c2cc(N(c4ccccc4)c4ccccc4)ccc2-3)cc1,CC#N,446.0
2576,CCCCC1(c2ccccc2)Nc2c(-c3ccc(N(C)C)cc3)ccc(-c3ccc(N(C)C)cc3)c2N=C1c1ccccc1,ClC(Cl)Cl,561.0
9083,COc1ccc(-c2cc3ccccc3p2-c2ccccc2)cc1,C1CCOC1,412.0
11234,O=c1oc2ccc(Br)cc2cc1-c1cc2cc(Br)ccc2o1,CC#N,433.0
8900,O=Cc1nc2ccc(C#Cc3ccc(N(c4ccccc4)c4ccccc4)cc3)cc2s1,Cc1ccccc1,519.0
11089,CN(C)c1ccc(C2=Cc3ccc4ccccc4[n+]3[B-](F)(F)O2)cc1,C1COCCO1,516.0
2420,Oc1ccccc1-c1nc2ccccc2s1,ClCCl,396.0
5111,N#C/C(=C\c1cn(-c2ccccc2)nc1-c1ccccc1)c1nc2ccccc2s1,C1CCOC1,453.0
10110,CCCCCCc1ccsc1-c1ccc(-c2sc(C(=O)O)cc2CCCCCC)s1,CCCCCC,458.0
7520,CSc1sc(C(=O)c2ccccc2)c2nn[nH]c(=O)c12,CS(C)=O,497.0
119,c1ccc(N(c2ccccc2)c2ccc3c4cccc5c(N(c6ccccc6)c6ccccc6)ccc(c6cccc2c63)c54)cc1,ClCCl,547.0
4767,N#Cc1c(-c2cccs2)cc(-c2cccs2)[nH]c1=O,CO,452.0
5627,CCCCCCCCC1(CCCCCCCC)c2cc(-c3ccc(C=C4C(=O)c5ccccc5C4=O)cc3)ccc2-c2ccc(-c3ccc(C=C4C(=O)c5ccccc5C4=O)cc3)cc21,C1CCOC1,531.0
3194,CN(C)c1ccc2c3c(ccc2c1)CCCC3=O,CCC(C)=O,517.0
4347,CC(=O)c1ccc(NC(=O)c2ccc(N(C)C)cc2)cc1,CCOCC,470.0
1188,N#CC(C#N)=Cc1ccc(-c2ccc(N(c3ccccc3)c3ccccc3)cc2)cc1,ClC(Cl)Cl,634.0
3143,N#Cc1c(N2CCCCC2)cc(-c2cccc3ccccc23)c2c1-c1ccccc1C2=O,C1CCOC1,526.0
6572,COc1c(/C=N/Nc2ccc(C#N)cc2)ccc2ccccc12,ClC(Cl)Cl,453.0
1175,Cc1cc(O)c(C(C)C)cc1/N=C/c1ccc(O)cc1,ClCCl,412.0
10280,CCN(CC)c1ccc2cc(/C=C/C(=O)/C=C(O)/C=C/c3cc4ccc(N(CC)CC)cc4oc3=O)c(=O)oc2c1,CN(C)C=O,611.0
6449,N#CSc1ccc2n1[B-](F)(F)[N+]1=C(N3CCOCC3)C=CC1=C2c1ccccc1,CCOC(C)=O,560.0
1053,CCC1=C(C)C2=C(c3cc(C4=C5C(C)=C(CC)C(C)=[N+]5[B-](F)(F)n5c(C)c(CC)c(C)c54)cc(C4=C5C(C)=C(CC)C(C)=[N+]5[B-](F)(F)n5c(C)c(CC)c(C)c54)c3)c3c(C)c(CC)c(C)n3[B-](F)(F)[N+]2=C1C,ClC(Cl)Cl,571.0
6044,CN(C)c1ccc(C#Cc2ccc(C=O)cc2)cc1,CC1CCCO1,517.4912026
6654,CC(=O)c1nc(-c2ccc(N(c3ccccc3)c3ccccc3)cc2)oc1C,CCO,468.0
7799,CNc1ccc2c(c1)-c1ccccc1C2=O,C1CCCCC1,489.0
12205,COc1ccc(C2=C(c3ccc(OC)cc3)C(C)(C)c3cc(-c4ccccc4)ccc32)cc1,C1CCCCC1,417.0
11022,CCCCCCN1C(=O)c2cccc3cc(/N=C\c4c[nH]c5c4ccc4ccccc45)cc(c23)C1=O,ClC(Cl)Cl,501.0
2034,COc1ccc(/C=C/c2ccccc2)cc1,C1CCCCC1,364.0
1498,CC(C)(C)c1ccc2c(c1)c1cc(C(C)(C)C)ccc1n2-c1cc(C(=O)c2ccccc2)cc(-n2c3ccc(C(C)(C)C)cc3c3cc(C(C)(C)C)ccc32)c1,c1cc(-c2cccc(-n3c4ccccc4c4ccccc43)c2)cc(-n2c3ccccc3c3ccccc32)c1,470.8133971
744,CCCCN(CCCC)c1ccc(/C=C/c2ccc3nc(/C=C/c4ccc(N(C)C)cc4)c(-c4ccccc4)nc3c2)cc1,ClCCl,615.0
2609,O=C1c2ccccc2-c2c(-c3cc(Br)ccc3O)[nH]c(=O)n21,CO,492.0
5666,CCN(CC)c1ccc2cc(/C=C(\C#N)c3nc4ccccc4s3)c(=O)oc2c1,ClCCl,580.0
3139,CCOC(=O)c1sc(SC)c2c(=O)n(C)nnc12,CS(C)=O,501.0
5218,O=C1CC(c2cccc([N+](=O)[O-])c2)c2c(c3ccccc3c3nc4ccccc4nc23)O1,CCOC(C)=O,429.0
12070,c1ccc(-c2nn(-c3ccccc3)c3nc4ccc(-n5c6ccccc6c6ccccc65)cc4cc23)cc1,CCCCOCCCC,465.5493482
11742,CN(C)c1ccc2cc(C(/C=C/c3c[nH]c4ccccc34)=C(C#N)C#N)c(=O)oc2c1,ClCCl,587.0
2301,C/C(=C\c1ccccc1)c1nc2ccccc2o1,CO,380.0
9889,Cc1ccc(/C=C(\c2ccccc2)c2nc3ccccc3s2)cc1,CO,410.0
1720,COc1ccc(/C=C/c2nc3ccccc3s2)cc1,CO,420.0
10709,CCOc1cc2c(cc1/C=C/C(=C(C#N)C#N)c1ccccc1)c1ccccc1n2CC,C1CCOC1,541.0
5494,N#Cc1c(-c2cccs2)cc(-c2ccc3c(c2)Cc2ccccc2-3)[nH]c1=O,ClC(Cl)Cl,474.0
7756,CC(C)(C)c1ccc2c(c1)c1cc(C(C)(C)C)ccc1n2-c1cccc(-c2nc(-c3cccc(P(=O)(c4ccccc4)c4ccccc4)c3)nc(-c3cccc(P(=O)(c4ccccc4)c4ccccc4)c3)n2)c1,CC#N,581.7216981
4983,CC(C)CCCCN1CCc2c1ccc1c3c(ccc21)C(=O)CCC3,Cc1ccccc1,452.0
2168,CCCCC1(CCCC)c2cc(C#Cc3ccc4ccc5cccc6ccc3c4c56)ccc2-c2ccc(C#Cc3ccc4ccc5cccc6ccc3c4c56)cc21,C1CCCCC1,433.0
10447,Cn1nc(-c2ccccc2)c2n[nH]nc2/c1=N\c1ccccn1,CC#N,423.0
8265,N#Cc1ccc(C#N)c(N)c1,CCO,412.0
424,CCCCn1c2c(-c3ccc(N(c4ccccc4)c4ccccc4)cc3)cc(C#N)cc2c2cc(C#N)cc(-c3ccc(N(c4ccccc4)c4ccccc4)cc3)c21,Cc1ccccc1,415.0
554,CCCCN1C(=O)C(=C/C=C/C=C/C=C2N(CCCC)c3ccccc3N2CCCC)C(=O)N(CCCC)C1=S,ClC(Cl)Cl,702.0
5781,Fc1ccc(-c2cc3c4c(c2)CCc2cc(-c5ccc(F)cc5)cc(c2-4)CC3)cc1,ClCCl,378.9138943
487,CCOc1ccc(/C=C/C=C/C=C/c2ccc([N+](=O)[O-])cc2)cc1,Cc1ccccc1,541.0
7889,Cc1cc(=O)oc2cc3cc(O)ccc3cc12,CCO,466.0
8637,C#CCNC1=C2C(C)=CC(C)=[N+]2[B-](F)(F)n2c(C)cc(C)c21,CO,496.0
7717,CCOC(=O)c1cc(C(=O)OCC)c2cccc(OC)c2n1,CCO,526.0
5389,CCN(CC)c1ccc(-c2nc3c4ccc(-c5ccccc5)cc4c4cc(-c5ccccc5)ccc4c3[nH]2)c(O)c1,CO,444.0
10823,CN(C)c1ccc(C2=Cc3c4ccccc4c4ccccc4[n+]3[B-](F)(F)O2)cc1,CC#N,569.0
3233,COc1ccc2c(c1)sc1[n+]2[B-](F)(F)OC(c2ccc(N(C)C)cc2)=N1,C1CCOC1,466.0
8217,COCCOc1ccc(OCCOC)c(C=O)c1,CNC=O,459.0
2167,O=c1[nH]c2ccccc2[nH]1,CCO,310.00062
468,O=C1c2ccc(-c3ccc(N(c4ccccc4)c4ccccc4)cc3)cc2C(=O)c2ccc(-c3ccc(N(c4ccccc4)c4ccccc4)cc3)cc21,c1ccc2c(c1)c1ccccc1n2-c1ccc(-c2ccc(-n3c4ccccc4c4ccccc43)cc2)cc1,594.0
4860,CN(C)c1nc(N)c2nc(C#N)n(Cc3ccccc3)c2n1,ClCCl,387.0
5282,COc1cc(OC)cc(C2=C(c3cc(OC)c(OC)c(OC)c3)C3=Nc4c(-c5cc(OC)c(OC)c(OC)c5)c(-c5cc(OC)cc(OC)c5)c(-c5ccc(C(C)(C)C)cc5)n4[B-](F)(F)[N+]3=C2c2ccc(C(C)(C)C)cc2)c1,Cc1ccccc1,721.0
7954,CCN(CC)c1cccc(C=O)c1,CS(C)=O,512.0
7620,COc1ccc(-c2nnc(-c3cc(-c4nnc(-c5ccc(OC)cc5)o4)c(-n4c5ccccc5c5ccccc54)cc3-n3c4ccccc4c4ccccc43)o2)cc1,O=P(c1ccccc1)(c1ccccc1)c1ccccc1Oc1ccccc1P(=O)(c1ccccc1)c1ccccc1,452.0
741,C[n+]1ccc(/C=C/c2ccc(N(c3ccccc3)c3ccc(/C=C/c4cc[n+](C)cc4)cc3)cc2)cc1,ClCCl,502.0
9992,CCCCNc1ccc(NCCCC)c2c1C(=O)c1ccccc1C2=O,CCCCCCO,670.0
1740,CN(C)c1ccc(/C=C(\C#N)c2nc3ccccc3s2)cc1,CO,520.0
3372,F[B-]1(F)n2c(c3cccc4cccc2c43)=Nc2sc3ccccc3[n+]21,ClCCl,529.0
839,OCC1O[C@@H](Cc2cc(O)cc(/C=C/c3ccc(O)c(O)c3)c2)[C@H](O)[C@@H](O)[C@@H]1O,CO,394.0
2582,CCCCC1(c2ccccc2)Nc2c(-c3ccc(OC)cc3)ccc(-c3ccc(OC)cc3)c2N=C1c1ccccc1,ClC(Cl)Cl,537.0
3547,CCCCCCC(CCCCCC)n1c(=O)c2c3ccc4cccc5c6cccc7ccc(c2c1=O)c(c76)c3c45,ClC(Cl)(Cl)Cl,482.0
11559,OC1(c2ccc(-c3cccs3)s2)CCC1,CC#N,460.0
3693,CN(C)c1ccc2c(c1)COc1c-2oc2ccccc2c1=O,C1CCCCC1,411.4285714
2709,Cc1ccccc1C(=O)NN1C2=C(CC3=C1CC(C)(C)CC3=O)C(=O)CC(C)(C)C2,CO,432.0
9189,O=Cc1cc(C=O)c2ccc3c(N4CCCCC4)cc(N4CCCCC4)c4ccc1c2c43,CCOC(C)=O,587.0
9008,N#Cc1cc2ccccc2[nH]1,C1COCCO1,329.0
1984,CCCCCCc1ccc(-n2c3[n+](c4c5ccccc5c5ccccc5c42)[B-](C)(C)c2ccccc2-3)cc1,ClCCl,385.0
3487,CCc1c(C(=O)OC)c(C(=O)OC)c2ccc(-c3ccccc3)nn12,CCCCCC,471.0
7540,O=C(O)C1=CC(=C/C=[N+]2/c3cc(O)c(C[C@@H]4O[C@H](CO)[C@@H](O)C(O)[C@H]4O)cc3C[C@H]2C(=O)O)C=C(C(=O)O)N1,OCCO,594.0
12210,COc1ccc(/C=C/C2=N/C(=C\c3ccncc3)C(=O)N2C)cc1,O,577.0
5538,CCCCCCC(CCCCCC)N1C(=O)c2cccc3c(-c4ccc(OC)c5cccc(C)c45)ccc(c23)C1=O,CCCCO,570.1
7583,Cc1ccc([C@@H]2C[C@](O)(c3ccccn3)C[C@](O)(c3ccccn3)[C@H]2C(=O)c2ccc(N(c3ccccc3)c3ccccc3)cc2)cc1,c1ccccc1,466.0
5963,c1ccc(N2c3ccccc3B3c4ccccc4N(c4ccccc4)c4cccc2c43)cc1,c1cc(-c2cccc(-n3c4ccccc4c4ccccc43)c2)cc(-n2c3ccccc3c3ccccc32)c1,460.0
5337,CCCCC(CC)Cn1c2cc(C#N)ccc2c2cc(-c3ccc(N(c4ccccc4)c4ccccc4)cc3)c(C#N)cc21,CCN(CC)CC,461.6924329
6088,COC(=O)c1ccc(C#Cc2ccc(N(C)C)cc2)cc1,Cc1ccccc1,380.9959233
245,CCCCn1c2ccc3ccc4ccccc4c3c2c2c3c(ccc4ccccc43)ccc21,ClCCl,430.0
3393,CCCCCCc1ccc2c3c(ccc2c1)O[B-](F)(F)[N+](c1ccc([N+]2=Cc4c(ccc5cc(CCCCCC)ccc45)O[B-]2(F)F)cc1)=C3,Cc1ccccc1,508.0
10990,N#CC(C#N)=Cc1ccc2c(c1)[nH]c1c3ccccc3ccc21,C1CCOC1,550.0
9537,O=C(c1ccc(N2c3ccccc3Sc3ccccc32)cc1)c1ccc2sc3ccccc3c2c1,c1ccc2c(c1)c1ccccc1n2-c1ccc(-c2ccc(-n3c4ccccc4c4ccccc43)cc2)cc1,524.0
10128,c1ccc(-c2nc(-c3ccc(-c4nc(-c5ccccc5)c(-c5ccccc5)[nH]4)s3)[nH]c2-c2ccccc2)cc1,CCOCC,454.0044493
3794,c1ccc(-c2nn(-c3ccccc3)c3nc4ccccc4cc23)cc1,C1CCOC1,467.7268475
1864,COc1ccc(C(=O)/C=C2\C(=O)Nc3ccccc32)c(OC)c1,CO,420.0
4584,c1ccc2c(c1)[nH]c1ccccc12,CC#N,340.0
7893,COc1ccc2cc3c(C)cc(=O)oc3cc2c1,CO,469.0
6975,c1csc(-c2cnc(-c3cccs3)c3nonc23)c1,CCO,614.0
724,O=Cc1ccc(-c2ccc(C3=CCCCC3)s2)s1,CCCCCC,444.0
11866,NS(=O)(=O)c1ccc(N2N=C(c3ccc(O)cc3)CC2c2ccc(Br)cc2)cc1,CO,432.0
5707,N#CC1=c2c3cccc4cccc(c43)n2[B-](F)(F)[n+]2ccccc21,ClCCl,530.0
1368,Cc1ccc2cc3c(=O)n(C)c(=O)n(C)c3nc2c1,ClC(Cl)Cl,406.0
9632,COc1c2ccccc2c(-c2ccccc2)c2ccccc12,OCC(O)CO,426.0
9334,CCn1c2ccccc2c2cc(/C=C/C(=O)c3ccc4c(c3)c3cc(C(=O)/C=C/c5ccc6c(c5)c5ccccc5n6CC)ccc3n4CC)ccc21,CC#N,491.0
4012,Fc1c(F)c(-n2c3ccccc3c3ccccc32)c(F)c(-n2c3ccccc3c3ccccc32)c1-c1nnc(-c2ccccc2)o1,Cc1ccccc1,449.0
5502,CCCCCCCCC1(CCCCCCCC)c2cc(C#Cc3ccc(N(c4ccccc4)c4ccccc4)cc3)ccc2-c2ccc(C=O)cc21,C1COCCO1,449.0
12222,Cc1ccccc1CN(Cc1ccccc1C)c1nc(C#N)c(N(Cc2ccccc2C)Cc2ccccc2C)nc1C#N,ClC(Cl)Cl,582.0
6759,COc1cc(/C=C/c2nc3ccccc3o2)c(OC)cc1/C=C/c1nc(C)nc(C)n1,CC#N,495.0
461,c1ccc([B-]23Oc4ccccc4-c4c5[n+]6c(c([n+]42)-c2ccccc2O3)-c2ccccc2O[B-]6(c2ccccc2)Oc2ccccc2-5)cc1,ClCCl,653.0
6830,COc1cc(N(c2ccc(C=C(C#N)C#N)c(OC)c2)c2ccc(C=C(C#N)C#N)c(OC)c2)ccc1C=C(C#N)C#N,CCOC(C)=O,532.0
1010,c1ccc(-n2c(-c3ccc(N(c4ccc(-c5ccc(N(c6ccc(-c7nc8c9ccccc9c9ccccc9c8n7-c7ccccc7)cc6)c6ccc(-c7nc8c9ccccc9c9ccccc9c8n7-c7ccccc7)cc6)cc5)cc4)c4ccc(-c5nc6c7ccccc7c7ccccc7c6n5-c5ccccc5)cc4)cc3)nc3c4ccccc4c4ccccc4c32)cc1,ClCCl,432.0
2333,c1ccc(-c2cc(-c3ccc(N4c5ccccc5C5(c6ccccc64)c4ccccc4N(c4ccc(-c6cc(-c7ccccc7)nc(-c7ccccc7)n6)cc4)c4ccccc45)cc3)nc(-c3ccccc3)n2)cc1,Cc1ccccc1,455.8495822
932,CC1=C2c3ccccc3C(c3[nH]c(C)cc3C)=[N+]2[B-](F)(F)n2c(C)cc(C)c21,ClCCl,625.0
1121,Cc1ccc(/C=N/c2cc(C(C)C)c(O)cc2C)cc1,CCOC(C)=O,409.0
1701,C1=C(c2ccccc2)C=C(c2ccccc2)/C1=C/c1ccc2ccc3cccc4ccc1c2c34,C1CCOC1,480.0
14,CC(C)(C)c1ccc(-c2nc3c4ccc(-c5cc6ccccc6c6ccccc56)cc4c4cc(-c5cc6ccccc6c6ccccc56)ccc4c3n2-c2ccc(C(C)(C)C)cc2)cc1,ClC=C(Cl)Cl,388.0
9156,OCCSc1cccc2[n+]1[B-](F)(F)n1c(c3cccc4cccc1c43)=N2,ClCCl,501.0
10335,COc1cc2oc(=O)c3c4ccc(C(=O)c5ccccc5)cc4c4ccc5cccc6c(c1)c2c3c4c56,C1CCOC1,443.0
7080,O=C1c2ccccc2-c2ccc(N3CCN(c4ccccc4)CC3)c3cccc1c23,CCCCCO,586.0
3685,O=c1cc(C(F)(F)F)c2cc3c4c(c2o1)CCCN4CCC3,OCC(O)CO,546.0
2873,COc1ccc(C#Cc2ccc(C#Cc3ccc(P(=O)(c4ccc(C#Cc5ccc(C#Cc6ccc(OC)cc6)cc5)cc4)c4ccc(C#Cc5ccc(C#Cc6ccc(OC)cc6)cc5)cc4)cc3)cc2)cc1,CCO,418.0
3914,CCCCc1ccc(-n2c3c(c4c2c2c(n4-c4ccc(CCCC)cc4)-c4ccc(C(F)(F)F)cc4NB2c2ccccc2)B(c2ccccc2)Nc2cc(C(F)(F)F)ccc2-3)cc1,Cc1ccccc1,413.0
11777,CC(=O)c1ccn2c3c(c(-c4ccc(F)cc4)c2c1)CN(CCCNC(=O)OC(C)(C)C)C3=O,CO,525.0
5778,Fc1ccc(-c2cc3c4c(c2)CCc2cc(-c5ccc(F)cc5)cc(c2-4)CC3)cc1,CN(C)C=O,380.6751468
5306,CCCCC[n+]1ccc(/C=C/c2ccc(N(C)C)c3ccccc23)c2ccccc21,C1CCOC1,697.0
5265,O=C(O)c1c2ccccc2nc2ccccc12,COCCOC,419.0
4877,COC(=O)c1nc2c(N)nc(N(C)C)nc2n1Cc1ccccc1,C1COCCO1,399.0
6255,CN(C)c1ccc2cc3c(cc2c1)OCCN=C3,Cc1ccccc1,415.0
8818,CN(C)c1ccc(/C=C/c2cc(/C=C/c3ccc(N(C)C)cc3)nc(/C=C/c3ccc(N(c4ccccc4)c4ccccc4)cc3)n2)cc1,CC#N,584.0
3299,COc1cc(OC)cc(C2=C3C(C)=C(I)C(C)=[N+]3[B-](F)(F)n3c(/C=C/c4c[nH]c5ccc([N+](=O)[O-])cc45)c(I)c(C)c32)c1,ClCCl,630.0
6030,CN(C)c1ccc(C#Cc2ccc(C#N)cc2)cc1,CCCCCCCCCCCCCCCCCl,423.6031686
1634,COc1ccc(-c2cc3c(s2)c(C)cc(=O)n3C)cc1,CC#N,425.0
8788,O=P(c1ccccc1)(c1ccc(N2c3ccccc3Oc3ccccc32)cc1)c1ccc(N2c3ccccc3Oc3ccccc32)cc1,Cc1ccccc1,465.9116648
8589,CCOC(=O)c1ccccc1-c1c2ccc(=[N+](CC)CC)cc-2oc2c1c(=O)oc1cc(N(CC)CC)ccc12,CCO,642.0
6670,Cc1cc(=O)oc2cc3c4ccccc4c4ccccc4c3cc12,CS(C)=O,418.0
7388,CN(C)CCN(Cc1c2ccccc2cc2ccccc12)c1ccc([N+](=O)[O-])cc1,CN(C)C=O,389.0
3647,CN(C)CCNc1ccc2c3c(cccc13)C(=O)N(c1ccc(O)cc1)C2=O,CC#N,516.0
8952,CCOC(=O)CCCn1c(C(=O)OC)c(C)c2c(=O)n3c(cc21)C(CC)=C(C)C3=O,c1ccccc1,446.0
2963,F[B-]1(F)n2cccc2C(c2ccc(-c3c4ccccc4c(-c4ccccc4)c4ccccc34)cc2)=C2C=CC=[N+]21,ClCCl,518.0
7234,CCOC(=O)/C(C#N)=C\c1cn(-c2ccccc2)nc1-c1ccccc1,CN(C)C=O,434.0
1282,c1ccc2c(-n3c4ccccc4c4ccccc43)cccc2c1,CC#N,404.0
4216,CN(C)c1ccc2c(c1)C(C)(C)C(=O)C=C2,O,554.0
7495,CN(C)c1ccc(/C=C/C=N/N=C/c2ccc3ccc4cccc5ccc2c3c45)cc1,CS(C)=O,490.0
214,COc1ccc(/C=C/c2cc(/C=C/c3ccc(OC)cc3)nc(/C=C/c3ccccc3)n2)cc1,Cc1ccccc1,408.0
5438,COc1ccc2c3c(cccc13)C(=O)N(C)C2=O,ClC(Cl)(Cl)Cl,412.0
9990,CCCCNc1ccc(NCCCC)c2c1C(=O)c1ccccc1C2=O,CCCCCCCCCCO,668.0
5239,CSC1=C2C=C(c3cc4n(c3)[B-](F)(F)[N+]3=CC=CC3=C4c3c(C)cc(C)cc3C)C(C)=[N+]2[B-](F)(F)n2c(C)ccc21,CCOC(C)=O,664.0
3853,O=S(=O)(/N=c1\oc2cccc3c4c(-c5ccccc5)oc5cccc(c(c1-c1ccccc1)c23)c54)C(F)(F)F,CO,582.0
3524,Fc1ccc2sc3nc(-c4ccccc4)sc3c2c1,CS(C)=O,409.0
4914,CC1=CC(C)=[N+]2C1=Cc1c3ccccc3c(C#Cc3cccs3)n1[B-]2(F)F,CCCCCC,628.0
7493,CC1(C)C2=C(c3ccccc31)S(=O)(=O)c1ccccc12,ClCCl,444.0
7113,CCOC(=O)CCOc1ccc(C(c2c(C)[nH]c3ccccc23)c2c(C)[nH]c3ccccc23)cc1OC,CC#N,344.0
2020,COc1cc(/C=C/c2ccccc2)cc(OC)c1,C1CCCCC1,364.0
11458,F[B-]1(F)n2cccc2C(c2c3ccccc3c(-c3ccccc3)c3ccccc23)=C2C=CC=[N+]21,CC#N,524.0
3912,CCCCCCc1ccc(-n2c3c(c4c2c2c(n4-c4ccc(CCCCCC)cc4)-c4cccc(OC)c4NB2c2ccccc2)B(c2ccccc2)Nc2c(OC)cccc2-3)cc1,Cc1ccccc1,395.0
9529,c1ccc(-c2cc(-c3ccc4ccc5c(-c6ccnc(-c7ccccn7)c6)ccc6ccc3c4c65)ccn2)nc1,CCC#N,407.996736
772,CN(c1ccccc1)c1ccc(/C=C2\C(=O)c3ccccc3S2(=O)=O)cc1,ClCCl,547.0
3433,CN1/C(=C/C=C(/C=C/C2=[N+](C)c3ccccc3C2(C)C)c2cc(F)cc(F)c2)C(C)(C)c2ccccc21,CO,655.0
11427,CCn1c2ccccc2c2cc(/C=C3\C(=O)c4ccccc4S3(=O)=O)ccc21,Cc1ccccc1,495.0
5058,O=C1/C(=C2\Sc3ccc(S(=O)(=O)Cl)cc3C2=O)Sc2ccc(S(=O)(=O)Cl)cc21,CS(C)=O,624.0
6125,COc1ccc(C#Cc2ccc(C#N)cc2)cc1OC,ClC(Cl)Cl,404.0
3297,COc1cc(OC)cc(C2=C3C(C)=C(I)C(C)=[N+]3[B-](F)(F)n3c(/C=C/c4c[nH]c5ccc([N+](=O)[O-])cc45)c(I)c(C)c32)c1,C1CCOC1,635.0
6373,C(=C/c1ccc(N(c2ccccc2)c2ccccc2)cc1)\c1ccc(/C=C/c2ccc(N(c3ccccc3)c3ccccc3)cc2)cc1,C1CCOC1,486.0
3519,Clc1cccc(-c2nc3sc4ccccc4c3s2)c1,CS(C)=O,420.0
7377,c1ccc2cc(-c3c4ccccc4c(-c4ccc(-n5c6ccccc6c6ccccc65)cc4)c4ccccc34)ccc2c1,ClCCl,427.0
647,Cn1ncc2c3c(C#N)c4c5ccccc5n(C)c4nc3ccc21,CCOC(C)=O,478.0
5711,O=C(O)c1ccccc1Nc1cccc(C(F)(F)F)c1,CC#N,426.0
10145,COc1ccc(N(c2ccc(OC)cc2)c2ccc3c(c2)C2(c4cc(N(c5ccc(OC)cc5)c5ccc(OC)cc5)ccc4C=C3)c3ccccc3-c3ccccc32)cc1,ClCCl,483.0
8811,F[B-]1(F)N(c2ccccc2)C=Cc2cccc[n+]21,C1CCCCC1,543.0
9341,CCn1c2ccccc2c2cc(/C=C/C(=O)c3ccc4c(c3)c3cc(C(=O)/C=C/c5ccc6c(c5)c5ccccc5n6CC)ccc3n4CC)ccc21,ClC(Cl)(Cl)Cl,454.0
2616,O=C1c2ccccc2-c2c(-c3cc(Cl)ccc3O)[nH]c(=O)n21,ClCCl,475.0
736,C1=C(c2ccc(-c3cccs3)s2)CCCC1,CCCCCC,411.0
8206,COCCOc1cc(C=O)c(OCCOC)cc1C=O,CNC=O,450.0
2372,CC(C)(C)c1ccc2c(c1)c1cc(C(C)(C)C)ccc1n2-c1ccc(C(=CC#N)c2ccc(-n3c4ccc(C(C)(C)C)cc4c4cc(C(C)(C)C)ccc43)cc2)cc1,Cc1ccccc1,450.0
7463,O=c1c2ccccc2nc2n1[B-](F)(F)[n+]1ccccc1-2,CC#N,439.0
7254,CCCn1c(=O)c(/C=C/c2nc3ccc(C)cc3n(CCC)c2=O)nc2ccc(C)cc21,CC#N,502.0
1178,Cc1cc(O)c(C(C)C)cc1/N=C/c1ccc(O)cc1,CS(C)=O,415.0
10650,C(=C/c1ccc(-c2nc3c4cccnc4c4ncccc4c3[nH]2)cc1)\c1ccncc1,CC#N,461.0
7272,CN1C(=O)/C(=C/c2ccncc2)N=C1/C=C/c1ccncc1,CCO,545.0
31,Oc1c(-c2ccco2)cccc1-c1nc2ccccc2s1,CCO,575.0
9416,FC(F)(F)c1ccc2oc3nc4oc5ccc(-n6c7ccccc7c7ccccc76)cc5c4cc3c2c1,ClC(Cl)Cl,438.0
7229,COc1ccc(N(c2ccc(C=C(c3ccccc3)c3ccccc3)cc2)c2ccc(C=C(c3ccccc3)c3ccccc3)cc2)cc1,Cc1ccccc1,477.0
7603,N#Cc1nnn(-c2ccnc3cc(Cl)ccc23)c1N,ClC(Cl)Cl,398.0099502
1586,CCCCC(CC)COc1cc(OCC(CC)CCCC)c2c#cc3ccc4c(c3)c3cc(c#cc5cc(c#cc6ccc7c(c6)c6cc(c#cc1c2)ccc6n7CC(CC)CCCC)c(C(CCCC)OCCC)cc5C(CCCC)OCCC)ccc3n4CC(CC)CCCC,ClCCl,388.0
6870,CC(=O)OCCN1C(=O)c2cccc3c(Oc4ccc(C#N)cc4)ccc(c23)C1=O,ClC(Cl)Cl,410.0
2380,COC(=O)c1ccc(-c2nc3ccc(N(C)C)cc3s2)cc1,CC#N,558.0
9683,N#Cc1ccc(/C=C/C=C/c2ccccc2)cc1,C1CCOC1,418.0
6023,CN(C)c1ccc(C#Cc2ccc(C#N)cc2)cc1,C1COCCO1,446.0104366
2174,CCCCC1(CCCC)c2cc(C#Cc3ccc4ccc5cccc6ccc3c4c56)ccc2-c2ccc(C#Cc3ccc4ccc5cccc6ccc3c4c56)cc21,ClC(Cl)Cl,439.0
50,Cc1ccc(N(c2ccc(C)cc2)c2ccc(-c3ccc(-c4ccc(N(c5ccc(C)cc5)c5ccc(C)cc5)cc4)c4nsnc34)cc2)cc1,ClCCl,609.0
9956,CC1=N/C(=C\c2ccccc2N)C(=O)N1C,CS(C)=O,530.0
483,CN(C)c1ccc(/C=C/C=C/C=C/c2ccc(N(C)C)cc2)cc1,ClC(Cl)Cl,489.0
11416,Cc1nn(-c2ccccc2)c(C2=NN(c3ccc(Br)cc3)[C@@H](c3ccccc3)[C@@H]2c2ccccc2)c1C#N,CO,496.0
11114,Cn1nc(-c2ccccc2)c2nc3cc(F)ccc3nc21,C1CCOC1,520.0
3742,Cc1ccc2nc3cc4c(cc3c(-c3ccccc3)c2c1)[Si](C)(C)O[Si]4(C)C,ClCCl,504.0
5279,O=C(O)c1c2ccccc2nc2ccccc12,ClCCl,422.0
8606,CCC1=C(C)C2=C(C)c3c(C)c(CC)c(C)n3[B-](F)(F)[N+]2=C1C,CCCO,534.0
7039,Cc1cc(=O)c2ccc(N)cc2o1,CC#N,388.0
8653,CC1=CC(C)=[N+]2C1=Cc1c(C)cc(C)n1[B-]2(F)F,CO,510.0
8617,CCC1=C(C)C2=C(C)c3c(C)c(CC)c(C)n3[B-](F)(F)[N+]2=C1C,OCCOc1ccccc1,536.8
10747,Fc1c(F)c(F)c2c(c1F)C1=Nc3c4c(F)c(F)c(F)c(F)c4c4n3[B-]3(Cl)n5c(c6c(F)c(F)c(F)c(F)c6c5=N4)=NC2=[N+]13,CCO,585.0
6497,CCN(CC)c1ccc(-c2nc3c(c4c2-c2ccccc2CC4)-c2ccccc2CC3)cc1,Cc1ccccc1,437.0
8419,N#CC1=C(c2ccc(-c3cccs3)s2)CC1,CCO,454.0
9668,N#C/C(=C\C=C\c1ccc([N+](=O)[O-])cc1)c1ccccc1,CN(C)C=O,517.0
11811,NS(=O)(=O)c1ccc(N2N=C(c3ccc(O)cc3)CC2c2ccc([N+](=O)[O-])cc2)cc1,C1CCOC1,420.0
10686,Cc1cc2cc3ccccc3cc2cn1,CCO,437.0629371
1047,F[B-]1(F)n2c(c3cccc4cccc2c43)=Nc2ccc3ccccc3[n+]21,CC#N,505.0
299,Cc1ccc(/C2=c3\cc/c(o3)=C(\c3ccc(C)cc3)c3ccc([nH]3)-c3ccc4n3[B-](F)(F)[N+]3=C(C=CC3=C4c3ccco3)c3ccc2[nH]3)cc1,ClC(Cl)Cl,731.0
8300,N#Cc1cccc(N)c1C#N,CCO,414.0
2366,CC(C)(C)c1ccc(-c2nc3c4ccc(-c5ccccc5)cc4c4cc(-c5ccccc5)ccc4c3n2-c2ccc(C(C)(C)C)cc2)cc1,ClCCl,390.0
11077,c1ccc2c3c(ccc2c1)-c1cc2ccccc2c2cccc-3c12,CCCCCCC,486.0
5504,CCCCCCCCC1(CCCCCCCC)c2cc(C#Cc3ccc(N(c4ccccc4)c4ccccc4)cc3)ccc2-c2ccc(C=O)cc21,CC(C)=O,544.0
856,CCc1c(C)[nH]c(C2=[N+]3C(=C(C)c4c(C)c(CC)c(C)n4[B-]3(F)F)c3ccccc32)c1C,CC#N,652.0
3105,N#Cc1cc(-c2ccc(F)cc2)cnc1O,ClC(Cl)(Cl)Cl,429.0
5385,c1ccc(Cn2c3sccc3c3c4nsnc4c4c5ccsc5n(Cc5ccccc5)c4c32)cc1,ClCCl,541.0
5700,N#CC1=c2c3cccc4c(Br)ccc(c43)n2[B-](F)(F)[n+]2ccccc21,CCCCCC,545.0
7760,CC(C)(C)c1ccc2c(c1)c1cc(C(C)(C)C)ccc1n2-c1cccc(-c2nc(-c3cccc(P(=O)(c4ccccc4)c4ccccc4)c3)nc(-c3cccc(P(=O)(c4ccccc4)c4ccccc4)c3)n2)c1,ClC(Cl)Cl,512.5
11268,COc1cc(Br)cc2cc(-c3cc4cc(Br)cc(OC)c4oc3=O)oc12,CCOC(C)=O,434.0
6431,c1ccc(N(c2ccccc2)c2ccc(-c3nc4c5ccccc5c5ccccc5c4[nH]3)cc2)cc1,CCCCO,416.0
668,c1ccc(N2c3ccc4ccccc4c3-c3c4ccccc4nc[n+]3[B-]2(c2ccccc2)c2ccccc2)cc1,Cc1ccccc1,654.0
2608,O=C1c2ccccc2-c2c(-c3cc(Br)ccc3O)[nH]c(=O)n21,CC#N,475.0
3464,CC1(C)c2ccccc2-c2cc3c4ccccc4n(-c4ccc(-c5nc(-c6ccccc6)nc(-c6ccccc6)n5)cc4)c3cc21,ClCCl,533.2907348
6292,CCn1c2ccccc2c2cc(/C=C/c3cc(/C=C/c4ccc5c(c4)c4ccccc4n5CC)nc(SC)n3)ccc21,C1CCOC1,464.0
10054,CN(C)c1ccc(/C=C/c2nc3ccc(Br)cc3nc2-c2ccccc2)cc1,C1COCCO1,555.0
3116,CSc1sc(C(C)=O)c2nn[nH]c(=O)c12,C1CCOC1,476.0
8158,COCCOCCOCCOc1cc(C=O)c(OCCOCCOCCOC)cc1C=O,CNC=O,450.0
8281,N#Cc1ccc(N)cc1,O,344.0
2109,CCCCn1c(-c2ccc(-c3nnc(-c4cccs4)o3)cc2)nc2c3ccccc3c3ccccc3c21,ClCCl,448.0
11308,CN1CCN(c2ccc3c4c(cccc24)C(=O)c2ccccc2-3)CC1,ClC(Cl)Cl,601.0
9494,c1cnc(-c2c3ccccc3c(-c3cncnc3)c3ccccc23)nc1,ClCCl,436.0
10398,CCCCC1=Cc2c3ccc4cccc5ccc(c6cc(-c7ccc(N(c8ccccc8)c8ccccc8)cc7)n(c26)P1(=O)c1ccccc1)c3c45,CC(C)=O,560.0
3418,C[N+]1=C(/C=C/C2=C3Oc4c(cc5c6c4CCCN6CCC5)C(c4ccccc4C(=O)O)=C3CCC2)C(C)(C)c2ccccc21,CC#N,760.0
8291,N#Cc1cccc(C#N)c1N,O,394.0
4833,Cc1cc2cc(N3c4ccccc4Oc4ccccc43)ccc2c(=O)o1,Cc1ccccc1,540.0
6632,COC(=O)c1cc(=O)n(C)c2cc(-c3ccc4c(c3)OCCO4)sc12,CC#N,478.0
1320,FC(F)(F)C(F)(F)C(F)(F)C(F)(F)C(F)(F)C(F)(F)C(F)(F)C(F)(F)CCOc1nnc(Cl)nn1,OCC(F)(F)F,553.0
1236,CC1=CC(C)=[N+]2C1=Cc1c(C)c(C3=C(C)C4=Cc5c(C)cc(C)n5[B-](F)(F)[N+]4=C3C)c(C)n1[B-]2(F)F,ClCCl,563.0
9928,CC1=N/C(=C\c2cc(N(C)C)ccc2C#N)C(=O)N1C,C1CCOC1,560.0
970,CCCCCCCCCCCCOc1cc(/C=C/c2ccc3c(c2)C(CC)(CC)c2cc(N4c5ccccc5Sc5ccccc54)ccc2-3)c(OCCCCCCCCCCCC)cc1/C=C/c1ccc2c(c1)C(CC)(CC)c1cc(N3c4ccccc4Sc4ccccc43)ccc1-2,Cc1ccccc1,468.0
9534,c1ccc(-c2cc(-c3ccc4ccc5c(-c6ccnc(-c7ccccn7)c6)ccc6ccc3c4c65)ccn2)nc1,CO,429.99656
12117,CCCCCCC(CCCCCC)N1C(=O)c2cccc3c(-c4ccc(N(C)C)cc4)ccc(c23)C1=O,CCCCO,638.4
2554,CN(C)c1ccc2c3c(ccc2c1)C(=O)CCC3,CS(C)=O,453.0
8097,O=Cc1cc(O)ccc1O,CN(C)P(=O)(N(C)C)N(C)C,438.0
5945,Cc1cc(-c2nnc(-c3ccccc3)o2)ccc1-n1c2ccccc2c2ccccc21,Cc1ccccc1,382.0
9419,CC(C)(C)c1ccc2c(c1)c1cc(C(C)(C)C)ccc1n2-c1ccc2oc3nc4oc5ccc(C(F)(F)F)cc5c4cc3c2c1,C1CCOC1,455.0
5687,OCc1cc(/N=N\c2ccc(-c3cccs3)cc2F)ccc1O,CS(C)=O,470.0
8064,COC(=O)/C=C/C=C/c1ccc(N(C)C)cc1,CO,435.0
1373,CCN(CC)c1ccc2cc(/C(Cl)=C/C=C/C(=C(C#N)C#N)c3ccc(N(c4ccccc4)c4ccccc4)cc3)c(=O)oc2c1,CS(C)=O,746.0
5817,COC(=O)C1=C(C(=O)OC)C2(c3ccccc3-c3ccccc32)[C@@H](c2ccc(C)cc2)C=C2c3cc(OC)c(OC)cc3CCN21,ClCCl,425.0
1250,Oc1ccccc1/C=N/CC/N=C/c1ccccc1O,CC#N,461.0
8825,COc1ccc(/C=C/c2cc(/C=C/c3ccc(OC)cc3)nc(/C=C/c3ccc(N(c4ccccc4)c4ccccc4)cc3)n2)cc1,CC#N,627.0
6105,CCCCCCN(CCCCCC)c1ccc(C#Cc2ccc([N+](=O)[O-])cc2)cc1,ClCCl,618.0
8802,CCC1=C(C)C2=C(C)c3c(C)c(-c4csc(N5CCOCC5)n4)c(C)n3[B-](F)(F)[N+]2=C1C,ClCCl,537.0
3827,NC(=O)C1=CN([C@H]2C[C@H](O)[C@@H](COP(=O)([O-])OP(=O)([O-])OC[C@H]3O[C@@H](n4cnc5c(N)ncnc54)C[C@@H]3O)O2)C=CC1,O,450.0
1402,CCOC(=O)c1csc2[n+]1[B-](F)(F)OC(c1ccc(N(C)C)cc1)=N2,ClCCl,456.0
7764,Nc1ccc2c(c1)C(=O)c1ccccc1-2,C1CCCCC1,569.0
10184,O=C(c1ccc(-n2c3ccccc3c3cc(-n4c5ccccc5c5ccccc54)ccc32)cc1)c1ccc(-n2c3ccccc3c3cc(-n4c5ccccc5c5ccccc54)ccc32)cn1,O=P(c1ccccc1)(c1ccccc1)c1ccccc1Oc1ccccc1P(=O)(c1ccccc1)c1ccccc1,475.0
6071,CN(C)c1ccc(C#Cc2ccccc2)cc1,Cc1ccccc1,366.0054169
895,F[B-]1(F)n2cccc2C=C2c3ccccc3C(c3ccc[nH]3)=[N+]21,Cc1ccccc1,600.0
10992,COc1cccc2cc(C)c3c4ccccc4[nH]c3c12,ClCCl,365.0
7061,O=C1OC(c2ccccc2)=N/C1=C\c1ccc(N(c2ccccc2)c2ccccc2)cc1,CCCCC,485.0
11201,COc1ccsc1-c1ccc(-c2ccc(-c3sccc3OC)s2)s1,CCCCCCCCCCCCCC,483.0
9488,CCCCn1c2ccccc2c2ccc3c4cc(-c5ccc(OC)cc5)ccc4n(CCCC)c3c21,ClC(Cl)Cl,409.0
12145,CCCCCCC(CCCCCC)N1C(=O)c2cccc3c(-c4cc(OC)c(OC)c(OC)c4)ccc(c23)C1=O,CN(C)C=O,618.8
10741,Fc1c(F)c(F)c2c(c1F)C1=Nc3c4c(F)c(F)c(F)c(F)c4c4n3[B-]3(Cl)n5c(c6c(F)c(F)c(F)c(F)c6c5=N4)=NC2=[N+]13,C1COCCO1,590.0
1408,COc1cc(/C=C2/SC(=O)NC2=O)cc(OC)c1O,CC#N,450.0
7682,CCN(CC)c1ccc2cc(/C=C(\C#N)c3nc4ccccc4o3)c(=O)oc2c1,CC#N,585.0
11389,COc1ccc(N(c2ccc(OC)cc2)c2ccc(-c3ccc(C=C(C#N)C#N)o3)cc2)cc1,ClC(Cl)Cl,696.0
1261,O=C1c2ccccc2-c2ccc(N3CCOCC3)c3cccc1c23,ClCCl,625.0
1039,CC(C)(C)c1ccc2c(c1)sc1[n+]2[B-](F)(F)n2c(c3cccc4cccc2c43)=C1C#N,CCCCCC,538.0
8947,CCC1=C(C)C(=O)n2c1cc1c(c(C)c(C(=O)OCC(C)C)n1CC(C)C)c2=O,c1ccccc1,446.0
10987,COc1ccc(/C=C/C2=[O+][B-](F)(F)OC(/C=C/c3ccc(OC)c4ccccc34)=C2c2ccccc2)c2ccccc12,ClC(Cl)(Cl)Cl,577.0
6321,C(#Cc1cccc(C#Cc2ccc(-n3c4ccccc4c4ccccc43)cc2)c1)c1ccc(-n2c3ccccc3c3ccccc32)cc1,CCCCC,366.0
9820,COc1ccc(C#Cc2nc3ccccc3nc2-c2cn(C)c3ccccc23)cc1,CC(C)=O,513.0
434,Cc1ccc(-c2ccc(/C=C/c3ccc(Cl)cc3)cn2)nc1,CC#N,392.0
7017,C(=C/c1ccnc2ccccc12)\c1ccc(/C=C/c2ccnc3ccccc23)cc1,CCCO,438.0
3272,COCCC1(CCOC)c2cc(-c3ccc(OC)cc3)ccc2-c2ccc(-c3ccc4c(c3)C(CCOC)(CCOC)c3cc(-c5ccc(OC)cc5)ccc3-4)cc21,CN(C)C=O,395.0
8188,COCCOCCOc1ccc(OCCOCCOC)c(C=O)c1,CC(C)(C)O,444.0
2407,CN(C)C(=O)c1ccc(-c2nc3ccc(N(C)C)cc3s2)cc1,C1CCCCC1,415.0
5481,Cc1cc(C)c(B(c2c(C)cc(C)cc2C)c2cc3ccc4ccccc4c3c3c2ccc2ccccc23)c(C)c1,CC#N,449.0
5303,Cc1ccc2c(c1)B(c1c(C(C)C)cc(C(C)C)cc1C(C)C)c1cc(C)cc3c1N2c1ccc(C)cc1B3c1c(C(C)C)cc(C(C)C)cc1C(C)C,ClCCl,482.0
3710,Cc1nc2c(c[n+]1C)CN1C(=O)N([C@H]3O[C@@H](CO)[C@H](O)[C@@H]3O)C=CC1=N2,[2H]OC,417.0
8583,c1ccc(-c2ccc(-c3ccc(-n4c5ccccc5c5ccccc54)cc3)c3nsnc23)cc1,CCCCCC,481.0
11838,COc1ccc(C2CC(c3ccc(O)cc3)=NN2c2ccc(S(N)(=O)=O)cc2)cc1,CCOC(C)=O,416.0
12039,CC[N+](CC)=c1ccc2c(-c3ccccc3C(=O)O)c3oc4cc(N)ccc4c3oc-2c1,CCO,622.0
1732,Clc1ccc(/C=C/c2nc3ccccc3s2)cc1,C1CCCCC1,395.0
1457,COc1ccc(-c2ccc(-c3ccc(C#N)s3)s2)cc1,C1CCCCC1,445.0
12220,CC(C)(C)c1cc2ccc3c(-c4ccc(N(c5ccccc5)c5ccccc5)cc4)ccc4c5nc6cc(C#N)c(C#N)cc6nc5c(c1)c2c34,ClC(Cl)Cl,784.6938776
9036,N#Cc1c[nH]c2ccccc12,C1COCCO1,305.0
4301,CCCCCCCCOc1ccc(C#Cc2ccc3c(c2)c2ccccc2n3CCCCCCCC)c(OCCCCCCCC)c1,ClCCl,375.0
5053,C(=C/c1ncnc2ccccc12)\c1ccc(N2CCCCC2)cc1,CS(C)=O,589.0
8075,COCCOc1ccc(OCCOC)c(C=O)c1,CO,467.0
5766,CC1=CC(c2ccc(N(C)C)cc2)=[N+]2C1=Nc1c(C)cc(-c3ccc(N(C)C)cc3)n1[B-]2(F)F,Cc1ccccc1,779.0
8042,COc1ccc(O)c(C(=O)[O-])c1,O,447.0
5733,CC(C)=CCN1C(=O)c2cccc3c2c(cc2oc(C)nc23)C1=O,CCO,415.0
6072,COc1ccccc1C#Cc1ccccc1OC,ClCCl,348.0
10391,C(#Cc1ncnc2ccccc12)c1ccc(N(c2ccccc2)c2ccccc2)cc1,CC#N,610.0
5561,CCCCN1/C(=C\C=C\C=C\C2=[N+](CCCC)c3ccc4cc(Br)ccc4c3C2(C)C)C(C)(C)c2c1ccc1cc(Br)ccc21,CN(C)C=O,708.0
4600,CCOC(=O)/C(C#N)=C/c1cc2c3ccccc3n(C)c2cc1OC,CO,486.0
2270,CCOC(=O)CN1C(=O)C2=C(c3ccc(N4CCCCC4)cc3)N(CC(=O)OCC)C(=O)C2=C1c1ccccc1,CC#N,587.0
6848,COc1cc(N(c2ccccc2)c2ccccc2)ccc1C=C(C#N)C#N,CCOC(C)=O,573.0
2342,O=c1[nH]cc(F)c(=O)[nH]1,CC#N,322.0
10410,CCCCCCN1C(=O)c2cccc3cc(/N=C\c4cn(C)c5ccccc45)cc(c23)C1=O,ClC(Cl)Cl,500.0
3522,Clc1ccc(-c2nc3sc4ccccc4c3s2)cc1,CS(C)=O,418.0
5611,CCCN1c2ccccc2Sc2cc(/C=C\c3cc(=O)oc4cc(O)ccc34)ccc21,ClC(Cl)Cl,631.0
850,OCC1O[C@@H](Cc2cc(O)cc(/C=C/c3ccc(O)c(O)c3)c2)[C@H](O)[C@@H](O)[C@@H]1O,CCO,390.0
9535,c1ccc(-c2cc(-c3ccc4ccc5c(-c6ccnc(-c7ccccn7)c6)ccc6ccc3c4c65)ccn2)nc1,Cc1ccccc1,410.1722724
9783,S=P1(c2ccccc2)c2cccc3ccc4ccc1n4c23,ClCCl,490.0
11392,S=c1[nH]nc(-c2ccc(/C=C/c3ccc(-c4n[nH]c(=S)o4)cc3)cc2)o1,CN(C)C=O,401.0
9858,CCNc1cc2oc(=O)c3c(=O)oc4ccccc4c3c2cc1C,CS(C)=O,552.0
107,Cc1ccc(N(c2ccc(C)cc2)c2ccc3c4cccc5c(N(c6ccc(C)cc6)c6ccc(C)cc6)ccc(c6cccc2c63)c54)cc1,CC#N,574.0
9682,N#Cc1ccc(/C=C/C=C/c2ccc([N+](=O)[O-])cc2)cc1,CO,588.0
8747,CC1=C(C(C)(C)C)C(C)=[N+]2C1=C(C)c1c(C)c(C(C)(C)C)c(C)n1[B-]2(F)F,COC(C)=O,561.8
5317,CCCCC[n+]1ccc(/C=C/c2ccc(N(C)C)c3ccccc23)c2ccccc21,c1ccncc1,706.0
6407,CCCCN1C(=O)C(=CC=C2N(CCCC)c3ccccc3N2CCCC)C(=O)N(CCCC)C1=S,ClCCl,486.0
2054,CN(C)c1ccc(/C=C/c2ccc([N+](=O)[O-])c(O)c2)cc1,C1CCCCC1,529.0
5768,Nc1nc2c(ncn2[C@H]2C[C@H](O)[C@@H](CO)O2)c(=O)[nH]1,O,338.9830508
11009,Cc1cc(C)c(C2=C3C=CC=[N+]3[B-]3(F)Oc4cc(O)cc5c6ccc(C)cc6c6cc2n3c6c45)c(C)c1,ClC(Cl)Cl,649.0
4653,CCN1C(=O)C(C2C(=O)c3c4ccccc4cc4cc5ccccc5c2c34)C(=O)N(CC)C1=S,CCCCCC,544.0
1078,C(=C/c1ccncn1)\c1ccc(-c2ccc(N(c3ccccc3)c3ccccc3)cc2)cc1,CCCCCCC,445.0
3944,COC(=O)C(NC(=O)OC(C)(C)C)c1ccc2oc(-c3cc(OC)c(OC)c(OC)c3)nc2c1,CC#N,371.0
3070,CCC1(CC)c2cc(Br)ccc2-c2c1c1c(c3c2C(CC)(CC)c2cc(-c4cccs4)ccc2-3)C(CC)(CC)c2cc(-c3cccs3)ccc2-1,C1CCOC1,388.0
993,CC1(C)CC(NCc2ccc3ccc4cccc5ccc2c3c45)CC(C)(C)N1,CC#N,375.0
3274,CCN(CC)c1ccc2cc(-c3nc4ccccc4s3)c(=O)oc2c1,CCC(C)CC,461.6
217,COc1ccc(/C=C/c2nc(/C=C/c3ccc(N(C)C)cc3)cc(/C=C/c3ccc(N(C)C)cc3)n2)cc1,CC(C)=O,559.0
5349,CC1(C)c2cc(C#N)ccc2-c2ccc(N3c4ccccc4Oc4ccccc43)cc21,ClC(Cl)Cl,530.0
9500,CC(=O)c1ccc(/C=C/C=C/C2=NC3C(=O)NC(N)=NC3N2[C@H]2C[C@H](O)[C@@H](CO)O2)cc1,CC#N,547.0
8151,COCCOCCOCCOc1cc(C=O)c(OCCOCCOCCOC)cc1C=O,CC(C)(C)O,478.0
4655,CCN1C(=O)C(C2C(=O)c3c4ccccc4cc4cc5ccccc5c2c34)C(=O)N(CC)C1=S,ClCCl,582.0
3550,O=C(N/N=C/c1ccccc1O)c1cccc2ccccc12,CC#N,376.0
1595,CCCCCCn1c2ccccc2c2cc3c4cc5c6ccccc6n(CCCCCC)c5cc4c4cc5c(C)cc(=O)oc5cc4c3cc21,ClC(Cl)Cl,415.0
510,CCCCOc1ccc(/C=C/C=C/C=C/c2ccc([N+](=O)[O-])cc2)cc1,CC1CCCCC1,488.0
700,CN1/C(=C/C=C(/C=C/c2sc3ccccc3[n+]2C)c2ccccc2)Sc2ccccc21,CCO,676.0
5024,O=Cc1ccc(C2=C3C=c4c(oc5ccccc45)=[N+]3[B-](F)(F)n3c2cc2c4ccccc4oc23)cc1,CCOC(C)=O,610.0
9230,CN(C)c1ccc(/C=C/C=C/c2nc3ccccc3s2)cc1,ClC(Cl)Cl,526.0
1399,CCOC(=O)c1csc2[n+]1[B-](F)(F)OC(c1ccc(N(C)C)cc1)=N2,C1CCOC1,459.0
7981,C/C=C/c1cccc(OC)c1,CCCCCC,325.0
9479,CCCC1(CCC)c2cc(-c3ccco3)ccc2-c2ccc(-c3ccco3)cc21,C1CCCCC1,377.0
4483,N#Cc1nn(-c2ccc(F)cc2)nc1N1CCCC1,CC#N,422.0
573,COc1ccc(C2=[N+]3C(=Nc4c(-c5ccccc5)c(Br)c(-c5ccc(OC)cc5)n4[B-]3(F)F)C(c3ccccc3)=C2Br)cc1,ClC(Cl)Cl,714.0
8693,CNC1=C2C=CC=[N+]2[B-](F)(F)n2cccc21,CC(C)=O,441.5
39,N#CC(C#N)=Cc1ccc(-c2ccc(O)c(-c3nc4ccccc4s3)c2)o1,O,652.0
4948,CC(C)Nc1cc2oc3cc(NC(C)C)c(F)cc3c(=O)c2cc1F,CCO,422.0
4393,O=Cc1cc(N2CCCCC2)c2ccc3c(N4CCCCC4)cc(N4CCCCC4)c4ccc1c2c43,CCCCCC,520.0
11796,C(=C/c1cccc2ccccc12)\c1ccc(-c2nnc(-c3ccc(-c4cc5ccccc5s4)cc3)o2)cc1,CC(C)=O,437.0
7092,CCOC(=O)CN(CC(=O)OCC)c1ccc(-c2cc(-c3ccccn3)nc(-c3ccccn3)c2)cc1,CC#N,452.0
2760,CCOC(=O)COc1ccc(/C=C/C2=C3c4ccccc4C(c4ccc[nH]4)=[N+]3[B-](F)(F)n3ccc(C)c32)cc1,CO,624.0
3668,CC(C)(C)c1ccc(-c2nc3c4ccc(-c5c6ccccc6cc6ccccc56)cc4c4cc(-c5c6ccccc6cc6ccccc56)ccc4c3n2-c2ccc(C(C)(C)C)cc2)cc1,CCCCOCCCC,424.0
10165,COc1cc2cc(C#Cc3ccc(/C=C(\C#N)C(=O)O)cc3)c(=O)oc2cc1OC,CC#N,464.0
6482,COc1ccc(-c2nc3c(c4c2-c2ccccc2CC4)-c2ccccc2CC3)cc1,ClCCl,424.0
2614,O=C1c2ccccc2-c2c(-c3cc(Cl)ccc3O)[nH]c(=O)n21,CC#N,475.0
11200,c1csc(-c2ccc(-c3ccc(-c4cccs4)s3)s2)c1,ClCCl,480.0
6695,COc1ccc2c3cccc4c(OC)ccc(c5cccc1c52)c43,ClC(Cl)Cl,467.9787336
12219,CC(C)(C)c1cc2ccc3c(-c4ccc(N(c5ccccc5)c5ccccc5)cc4)ccc4c5nc6cc(C#N)c(C#N)cc6nc5c(c1)c2c34,Cc1ccccc1,613.0
8330,C(#Cc1ccccc1)C1=Cc2ccc3ccccc3c2NB1c1ccccc1,C1CCCCC1,416.0
4843,C=CCOC(=O)C(C#N)=C1C=C(/C=C/c2ccc(N(C)C)cc2)OC(/C=C/c2ccc(N(C)C)cc2)=C1,CC#N,624.0
1662,CC(C)(C)c1ccc(C2=C(Br)C3=C(c4ccccc4)c4c(Br)c(-c5ccc(C(C)(C)C)cc5)c(-c5ccc(C(C)(C)C)cc5)n4[B-](F)(F)[N+]3=C2c2ccc(C(C)(C)C)cc2)cc1,C1CCCCC1,614.0
346,CCCCN(CCCC)c1ccc(C#Cc2cc(C#Cc3ccc(C(F)(F)F)cc3)c(C#Cc3ccc(C(F)(F)F)cc3)cc2C#Cc2ccc(N(CCCC)CCCC)cc2)cc1,c1ccccc1,490.0
6878,CCC1(CC)c2ccccc2-c2ccc(C#Cc3ccc4ccc5cccc6ccc3c4c56)cc21,Cc1ccccc1,412.0
11884,O=C(c1ccncc1)c1cc(-n2c3ccccc3c3ccccc32)ccc1-n1c2ccccc2c2ccccc21,CCCCCC,454.3610548
11883,O=C(c1ccncc1)c1cc(-n2c3ccccc3c3ccccc32)ccc1-n1c2ccccc2c2ccccc21,C1CCOC1,494.3204868
3434,CN1/C(=C/C=C(/C=C/C2=[N+](C)c3ccccc3C2(C)C)c2cc(F)cc(F)c2)C(C)(C)c2ccccc21,CS(C)=O,663.0
2150,c1ccc(-c2nc(-c3ccc(-c4nc(-c5ccccc5)c(-c5ccccc5)o4)cc3)oc2-c2ccccc2)cc1,C1COCCO1,428.0
6786,COc1ccc(-c2nnc(-c3cc(-n4c5ccccc5c5ccccc54)c(-n4c5ccccc5c5ccccc54)cc3-c3nnc(-c4ccc(OC)cc4)o3)o2)cc1,CC#N,515.809344
10803,Cc1ccc(C2=C3C=CC(c4ccccc4)=[N+]3[B-](F)(F)n3c2ccc3-c2ccccc2)cc1,ClC(Cl)Cl,588.0
251,Cc1ccc2nc3[nH]c(=O)[nH]c(=O)c3nc2c1,ClCCCl,442.0
2754,CC[n+]1c(C=C2C(=O)C(C=C3N(C)c4ccccc4C3(C)C)=C2[O-])[se]c2ccccc21,CO,661.0
3429,CCCN1/C(=C/C=C(/C=C/C2=[N+](CCC)c3ccccc3C2(C)C)c2ccc([N+](=O)[O-])cc2)C(C)(C)c2ccccc21,CO,656.0
1512,Oc1cccc(/N=C/c2ccccc2Oc2ccccc2)c1,CCCCO,416.0
11473,Fc1ccc(-c2nc3n(c2-c2ccncc2)CCS3)cc1,C1COCCO1,412.0
12038,CC1(C)C(/C=C/C=C/C=C/C=C2/N(c3ccc(S(=O)(=O)[O-])cc3)c3ccc(S(=O)(=O)[O-])cc3C2(C)C)=[N+](c2ccc(S(=O)(=O)[O-])cc2)c2ccc(S(=O)(=O)[O-])cc21,O,779.0
6137,Cc1cc(C)c(C2=C3C=CC=[N+]3[B-]3(c4cccc5ccccc45)Oc4cc(O)cc5c6ccc(C)cc6c6cc2n3c6c45)c(C)c1,ClC(Cl)Cl,669.0
10955,CCN(CC)c1ccc2cc(-c3ccc(S(C)(=O)=O)cc3)oc(=O)c2c1,CCCCCC,419.0
11026,O=C(O)c1cc2c(ccc3ccccc32)oc1=O,CCCCO,440.0
10815,CC1=[N+]2C(=C(NC(C)c3ccccc3)c3ccc(C)n3[B-]2(F)F)C=C1c1cc2n(c1)[B-](F)(F)[N+]1=CC=CC1=C2c1c(C)cc(C)cc1C,C1CCCCC1,640.0
8729,CC1=C(C(C)(C)C)C(C)=[N+]2C1=C(C)c1c(C)c(C(C)(C)C)c(C)n1[B-]2(F)F,C1COCCO1,565.4
6661,COc1cc2c3cc(OC)c(OC)cc3c3cc4c(C)cc(=O)oc4cc3c2cc1OC,C1CCOC1,489.0
11680,CC(C)c1cccc(C(C)C)c1-n1c(=O)c2ccc3c4ccc5c(=O)n(-c6c(C(C)C)cccc6C(C)C)c(=O)c6cc7c(-c8ccccc8)nc8cc(c1=O)c2c3c8c7c4c56,ClC(Cl)Cl,493.0
8069,CCOC(=O)c1ccc(N)cc1,CC#N,329.368932
6245,Nc1ccc(-c2ccc3c(c2)C(=O)c2ccccc2C3=O)cc1,Cc1ccccc1,599.0
7013,C(=C/c1ccnc2ccccc12)\c1ccc(/C=C/c2ccnc3ccccc23)cc1,C1COCCO1,428.0
7886,COc1ccc2cc3c(C)cc(=O)oc3cc2c1,OCC(F)(F)F,496.0
5914,O=C(O)c1c2ccccc2c(C(=O)O)c2ccccc12,CN(C)C=O,451.0
5503,CCCCCCCCC1(CCCCCCCC)c2cc(C#Cc3ccc(N(c4ccccc4)c4ccccc4)cc3)ccc2-c2ccc(C=O)cc21,CC#N,556.0
811,CCn1c2ccccc2c2cc(-c3cc(-c4ccc5c(c4)c4ccccc4n5CC)nc(-c4ccccc4)n3)ccc21,C1CCOC1,391.0
9115,Nc1ccc2c(c1)Cc1ccccc1-2,C1COCCO1,363.0
11809,NS(=O)(=O)c1ccc(N2N=C(c3ccc(O)cc3)CC2c2ccc(F)cc2)cc1,CS(C)=O,424.0
7964,Nc1ccccc1C(=O)O,CO,406.0
1142,Cc1cc(O)c(C(C)C)cc1/N=C/c1ccc(C(F)(F)F)cc1,C1COCCO1,424.0
9677,N#C/C(=C\C=C\c1ccccc1)c1ccccc1,C1COCCO1,421.0
10602,Oc1cc(N(c2ccccc2)c2ccccc2)ccc1-c1nc2c3ccc(-c4ccccc4)cc3c3cc(-c4ccccc4)ccc3c2[nH]1,Cc1ccccc1,423.0
4381,Cc1cc(C)c(B(c2ccc(-c3ccc4ccc5cccc6ccc3c4c56)cc2)c2c(C)cc(C)cc2C)c(C)c1,Cc1ccccc1,431.0
7637,COc1cccc(OC)c1-c1c2ccc(=[N+]3CCN(C(=O)OC(C)(C)C)CC3)cc-2oc2cc(N3CCN(C(=O)OC(C)(C)C)CC3)ccc12,ClCCl,580.0
8457,COc1ccc2cc(/C=C/c3nc(/C=C/c4ccc(N(c5ccccc5)c5ccccc5)cc4)cc(/C=C/c4ccc(N(c5ccccc5)c5ccccc5)cc4)n3)ccc2c1,C1CCOC1,519.0
812,CCn1c2ccccc2c2cc(-c3cc(-c4ccc5c(c4)c4ccccc4n5CC)nc(-c4ccccc4)n3)ccc21,CCOC(C)=O,389.0
8870,CCn1c2ccccc2c2cc(-c3cc(-c4ccc5c(c4)c4ccccc4n5CC)nc(S(C)(=O)=O)n3)ccc21,ClCCl,437.0
177,CN(C)c1ccc(/C=C/c2cc(/C=C/c3ccc(N(C)C)cc3)nc(/C=C/c3ccc(C(F)(F)F)cc3)n2)cc1,CCCCCCC,456.0
10330,CCC1(CC)c2ccccc2-c2c1c1c(c3c2C(CC)(CC)c2cc(B(c4c(C)cc(C)cc4C)c4c(C)cc(C)cc4C)ccc2-3)C(CC)(CC)c2ccccc2-1,CCCCCC,372.0
5272,COC(=O)c1c2ccccc2nc2ccccc12,CCCO,430.0
4707,CC1(C)c2ccccc2N(c2ccc(-c3nnc(-c4ccc(N5c6ccccc6C(C)(C)c6ccccc65)cc4)o3)cc2)c2ccccc21,Cc1ccccc1,461.0
10780,CCOC(=O)C1=C(C(=O)OCC)C2(c3cc(Cl)ccc3-c3ccc(Cl)cc32)C2(/C=C/c3ccccc3)c3cc(OC)c(OC)cc3CCN12,ClCCl,456.0
1570,Oc1ccccc1/N=C/c1ccccc1Oc1ccccc1,CCOCC,420.0
8478,CN(C)c1ccc(/C=C/C=C2\CC/C(=C\c3ccc(N(C)C)cc3)C2=O)cc1,CN(C)C=O,656.0
6779,Cc1cc(C(F)(F)F)nc2c1ccc1nc(-c3ccc(Cl)cc3)cn12,CCCCCC,439.0
8749,CC1=C2C=CC(C)=[N+]2[B-](F)(F)n2cccc21,CCCCCC,504.0
11282,COC1=C/C(=C\C=C2C=CN(Cc3ccc(Br)cc3)C=C2)C=CC1=O,CC#N,665.0
10771,COc1ccc(-n2nc(C#N)c(NC3CCCCC3)n2)cc1,ClC(Cl)Cl,402.0
1427,O=C1NC(=O)/C(=C\c2ccccc2O)S1,O,480.0
8413,CCN1c2ccccc2Sc2cc(/C=C(\C#N)c3ccccc3)ccc21,ClCCl,579.0
1369,Cc1ccc2cc3c(=O)n(C)c(=O)n(C)c3nc2c1,ClCCl,405.0
4040,CCOC(=O)c1c(-c2cc3ccccc3oc2=O)nn(-c2ccc(Br)cc2)c1C(=O)OCC,ClCCl,400.0
8180,COCCOCCOCCOc1ccc(OCCOCCOCCOC)c(C=O)c1,CN(C)C=O,423.0
457,c1ccc(-c2cc3c(oc4ccccc43)c(-c3ccccc3)[o+]2)cc1,ClCCCl,451.0
10711,CC1(C)c2ccccc2N(c2ccc(-c3cnc(C#N)nc3)cc2)c2ccccc21,N#Cc1ccc2c(c1)c1ccccc1n2-c1cccc(-n2c3ccccc3c3ccccc32)c1,526.0
1434,COc1ccc(-c2c3cc4cc(C)sc4cc3c(C#Cc3ccccc3)c3cc4cc(C)sc4cc23)cc1,ClCCl,561.0
11351,O=Cc1ccc(N(c2ccc(C=O)cc2)c2ccc(-c3ccc4c(c3)C(=O)c3ccccc3C4=O)cc2)cc1,CCOCC,585.0
8934,CCCCCCCC1=C(C)C(=O)n2c1cc1[nH]c(C(=O)OC)c(C)c1c2=O,CO,500.0
9811,CCN1c2ccc(/C=C(\C#N)c3ccccc3)cc2Sc2cc(/C=C(\C#N)c3ccccc3)ccc21,CC#N,584.0
12060,CN(C)c1ccc(/C=C2\CCCC2=O)cc1,ClC(Cl)Cl,469.0
4043,CCOC(=O)c1c(-c2cc3ccccc3oc2=O)nn(-c2ccc(OC)cc2)c1C(=O)OCC,ClCCl,457.0
11171,COc1c2ccccc2c(OC)c2c1c1c(F)cccc1n2C,ClCCl,418.0
1971,C[Si](C)(C)c1ccc(-c2ccc(-c3ccc(-c4ccc(-c5ccc([Si](C)(C)C)cc5)cc4)c4nsnc34)cc2)cc1,C1CCOC1,516.0
1421,COc1cc(/C=C2/SC(=O)NC2=O)ccc1O,OCCO,435.0
11847,NS(=O)(=O)c1ccc(N2N=C(c3ccc(O)cc3)CC2c2ccc(Cl)cc2)cc1,CN(C)C=O,422.0
1022,CCCCCCCCCCCCCCCCn1c(-c2cc(-c3nc4ccc(C)cc4n3CCCCCCCCCCCCCCCC)cc(-c3nc4ccc(C)cc4n3CCCCCCCCCCCCCCCC)c2)nc2ccc(C)cc21,C1CCOC1,366.9
4828,CCc1c(C)c2n(c1C)[B-](F)(F)[N+]1=C(NCc3ccc(OC)cc3)C=CC1=C2C,CC#N,546.0
5910,Nc1cccc2cc3ccccc3cc12,C1CCCCC1,487.0920604
9332,CCn1c2ccccc2c2cc(/C=C/C(=O)c3ccc4c(c3)c3cc(C(=O)/C=C/c5ccc6c(c5)c5ccccc5n6CC)ccc3n4CC)ccc21,C1CCCCC1,430.0
2798,CCCCCCCCCCCCOc1ccc(C#Cc2ccc(C#Cc3ccc(OCCCCCCCCCCCC)c(OCCCCCCCCCCCC)c3)c3nc4c5ccccc5c5ccccc5c4nc23)cc1OCCCCCCCCCCCC,C1CCOC1,558.0
10170,CC(C)Oc1ccc(C#Cc2cc3ccccc3oc2=O)cc1,CC#N,464.0
3776,c1ccc2cc(-n3cnc4ccccc43)ccc2c1,CCO,376.0
4993,Cc1cccc(-c2c3ccccc3c(-c3cccc(C)n3)c3ccccc23)n1,ClCCl,428.0
2088,F[B-]1(F)n2ccnc2-c2cccc[n+]21,CC#N,359.0
9225,CN(C)c1ccc(/C=C/C=C/c2nc3ccccc3s2)cc1,CCO,560.0
7416,Cc1ccc(C(=O)/C=C/c2ccc(N(C)C)cc2)cc1,C1CCOC1,503.0
7505,CN(C)c1ccc(/C=C/c2cc[n+](CCCCCCCCCCCC[n+]3ccc(/C=C/c4ccc(N(C)C)cc4)cc3)cc2)cc1,CC(C)=O,601.9998435
5629,CCCCCCCCC1(CCCCCCCC)c2cc(-c3ccc(C=C4C(=O)c5ccccc5C4=O)cc3)ccc2-c2ccc(-c3ccc(C=C4C(=O)c5ccccc5C4=O)cc3)cc21,CCCCCC,462.0
2238,CC1=CC(C)=[N+]2C1=C(c1ccc(N3CCOCC3)cc1)c1c(C)cc(C)n1[B-]2(F)F,C1CCOC1,514.0
1470,COc1ccc(-c2ccc(-c3ccc(C#N)s3)s2)cc1,O,529.0
9573,COC(=O)C(Cc1ccc2oc(-c3ccc(-n4c5ccccc5c5ccccc54)cc3)nc2c1)NC(=O)OC(C)(C)C,CCO,444.99822
5152,c1ccc(-c2csc(-c3ccncc3)n2)cc1,CCO,407.0
11947,c1ccc2c(c1)[nH]c1cccnc12,Cc1ccccc1,350.0
6390,COc1ccc(N(c2ccc(/C=C(\C)c3ccccc3)cc2)c2ccc(OC)cc2)cc1,Cc1ccccc1,448.0
2611,Cc1cccc(-c2[nH]c(=O)n3c2-c2ccccc2C3=O)c1O,CC#N,480.0
10088,Cc1ccccc1N(c1ccc(C(C)(C)C)cc1)c1ccc2ccc3c(N(c4ccc(C(C)(C)C)cc4)c4ccccc4C)ccc4ccc1c2c43,Cc1ccccc1,462.0
1275,c1ccc2c(-n3c4ccccc4c4ccccc43)cccc2c1,CO,401.0
6604,C(=C/c1cc2ccccc2c2ccccc12)\c1cc2ccccc2c2ccccc12,C1CCOC1,416.0
2791,CCCCCCOc1ccc(C#Cc2ccc(C#Cc3ccc(OCCCCCC)c(OCCCCCC)c3)c3nsnc23)cc1OCCCCCC,ClC(Cl)Cl,580.0
333,c1cc2c3c(c1)-c1cccc4ccn(c14)B3n1ccc3cccc-2c31,C1CCOC1,387.0
5044,COc1ccc(C2=C3C=c4c(oc5ccccc45)=[N+]3[B-](F)(F)n3c2cc2c4ccccc4oc23)cc1,CCOC(C)=O,594.0
3523,Fc1ccc2c(c1)sc1nc(-c3ccccc3)sc12,CS(C)=O,407.0
7720,COc1ccc2ncccc2c1,CC#N,358.0
8057,COC(=O)/C=C/C=C/c1ccc(N(C)C)cc1,C1COCCO1,470.0
1516,Oc1cccc(/N=C/c2ccccc2Oc2ccccc2)c1,CCOCC,404.0
303,Cc1cc(C2(c3cc(C)c(O)c(Br)c3)OS(=O)(=O)c3ccccc32)cc(Br)c1O,C1CCOC1,492.0
11919,CC1(C)c2ccccc2N(c2ccc3nc4c5ccc(N6c7ccccc7C(C)(C)c7ccccc76)cc5c5cc(N6c7ccccc7C(C)(C)c7ccccc76)ccc5c4nc3c2)c2ccccc21,Cc1ccccc1,605.0
4291,O=C1C=C(Nc2ccccc2)CCC1,CC(C)O,372.0
9377,Cc1oc2c(Cl)cc3c(C)cc(=O)oc3c2c1C,C1COCCO1,416.0
10655,C(=C/c1ccc(-c2nc3c4cccnc4c4ncccc4c3[nH]2)cc1)\c1ccncc1,ClCCl,456.0
5499,CCCCCCCCC1(CCCCCCCC)c2cc(C#Cc3ccc(N(c4ccccc4)c4ccccc4)cc3)ccc2-c2ccc(C=O)cc21,ClC(Cl)Cl,517.0
10999,Cc1cccc2cc(C)c3c4ccccc4[nH]c3c12,ClCCl,364.0
210,COc1ccc(/C=C/c2cc(/C=C/c3ccc(OC)cc3)nc(/C=C/c3ccccc3)n2)cc1,CC#N,470.0
8708,CC1=[N+]2C(=Cc3cccn3[B-]2(F)F)C=C1,ClCCl,517.0
4436,Cn1cc(-c2nc3ccccc3nc2/C=C/N2CCCC2)c2ccccc21,CC#N,556.9662921
9546,O=c1ccc2ccc(C#Cc3ccccc3)cc2o1,CC#N,364.0
651,CN(C)c1ccc(C#Cc2ccc(-c3nc(C#N)c(C#N)n3C)cc2)cc1,C1CCCCC1,406.0
11226,COc1cc2cc(-c3cc4cc(OC)c(OC)cc4oc3=O)oc2cc1OC,CCOC(C)=O,478.0
8121,CN(C)c1cc(C#N)c(N(C)C)c(C#N)c1,CCCCCC,493.8271605
10364,c1ccc(-c2ccc(-c3ccc(N(c4ccccc4)c4ccccc4)cc3)c3nsnc23)cc1,CCCCCC,526.0
8301,N#Cc1cccc(N)c1C#N,O,419.0
2348,CCCCN(CCCC)c1ccc2c#cc3cc4c#cc5ccc(C(F)(F)F)cc5c#cc#cc5cc(N(CCCC)CCCC)ccc5c#cc4cc3c#cc3ccc(C(F)(F)F)cc3c#cc#cc2c1,c1ccccc1,521.0
2589,CSc1ccc2c(c1)N(CCCN1CCN(C)CN1C)c1ccccc1S2,CO,453.0
3265,c1ccc(-c2nn(-c3ccccn3)c3nc4ccccc4cc23)cc1,C1CCOC1,434.0
9267,C#CCn1c2ccccc2c2cc(/C=C/c3cc(C)c4n3[B-](F)(F)[N+]3=C(C)C=C(C)C3=C4c3ccc(I)cc3)ccc21,ClC(Cl)Cl,607.0
7844,COC(=O)C1=C(C(=O)OC)C2=C[C@H]3c4ccccc4[C@]2([Se]1)c1ccccc13,ClCCl,494.0
9842,CCCCCCOc1cc(/C=C/c2cc(OCCCCCC)c(/C=C/c3cc(OCCCCCC)c(C=O)cc3OCCCCCC)cc2OCCCCCC)c(OCCCCCC)cc1C=O,ClCCl,521.0
11560,OC1(c2ccc(-c3cccs3)s2)CCC1,CCCCCC,465.0
9585,O=c1oc2cc3ccccc3cc2nc1-c1ccccc1,CC#N,538.0
7765,Nc1ccc2c(c1)C(=O)c1ccccc1-2,c1ccccc1,622.0
5465,F[B-]1(F)n2c(c3ccccc3c2-c2ccccc2)C=C2c3ccccc3C(c3ccccc3)=[N+]21,C1CCOC1,662.0
1791,CC(C)(C)c1ccc(-c2nc3c4ccccc4c4ccccc4c3n2-c2ccc(C(C)(C)C)cc2)cc1,C1CCOC1,390.0
10487,COc1c2ccccc2c(OC)c2c(C#Cc3ccccc3)c3cc4ccccc4cc3c(C#Cc3ccccc3)c12,ClCCl,718.0
4541,C=CC1CN2CCC1CC2[C@H](O)c1ccnc2ccc(OC)cc12,O,451.0
10481,Cc1c2ccncc2c(C)c2c1[nH]c1ccccc12,CN(C)C=O,425.0
8229,CN(C)c1cc(C#N)c(N(C)C)c(C#N)c1,N#Cc1ccccc1,529.1005291
2267,CCOC(=O)CN1C(=O)C2=C(c3ccc(N4CCCCC4)cc3)N(CC(=O)OCC)C(=O)C2=C1c1ccc(C#N)cc1,CC#N,638.0
3844,O=C(c1ccc(N(c2ccccc2)c2ccccc2)cc1)[C@H]1[C@H](c2cccs2)C[C@](O)(c2ccccn2)C[C@]1(O)c1ccccn1,ClCCl,520.0
6605,CN(C)c1cc(-c2ccccc2)cc2ccccc12,ClCCl,422.0
6518,CN(C)c1ccc(-c2nc3c(c4c2-c2ccccc2CC4)-c2ccccc2CC3)cc1,CO,460.0
10021,CN(C)c1cccc2c1C(=O)c1ccccc1C2=O,CC1CCCCC1,566.5
6750,Cn1c(/C=C/c2ccc(/C=C/c3nc4ccccc4[nH]3)cc2)[n+](C)c2ccccc21,CC(C)=O,580.0
1432,CC1(C)c2ccccc2N(c2ccc3c(ccc4nc5ccc6cc(N7c8ccccc8C(C)(C)c8ccccc87)ccc6c5nc43)c2)c2ccccc21,C1CCOC1,661.0
8138,COCCOCCOCCOCCOc1cc(C=O)c(OCCOCCOCCOCCOC)cc1C=O,NC=O,456.0
8302,N#Cc1ccccc1N,C1CCCCC1,348.0
2534,CC(C)(C)Nc1oc(C=Cc2ccccc2)c(C(=O)OC(C)(C)C)c1C(=O)OC(C)(C)C,CC#N,460.0
1786,Cc1cc(O)c(C(=O)/C=C/c2ccccc2[N+](=O)[O-])c(=O)o1,ClCCl,471.0
1844,CCOc1ccc2c(-c3nc(-c4cccc(C)c4)no3)cc(=O)oc2c1,ClC(Cl)Cl,456.0
8242,CN(C)c1ccc(/C=C/C(=O)O)cc1,CO,453.0
11587,N#C[Se]CCCCCOc1ccc2ccc(=O)oc2c1,C1CCCCC1,378.0
9245,CN(C)c1ccc(-c2ccc3c(=O)c(O)coc3c2)cc1,CC#N,559.0
10920,COc1ccc2cc(-c3ccc(C(F)(F)F)cc3)oc(=O)c2c1,CCCCO,411.0
398,CC(C)(C)c1cc2c3c(c1)c1cc(C(C)(C)C)cc4c1n3B1c3c-2cccc3-c2cc(C(C)(C)C)cc3c5cc(C(C)(C)C)cc-4c5n1c23,C1CCOC1,450.0
10236,CCCCN1C(=O)C(=C/C=C/C=C2N(CCCC)c3ccccc3N2CCCC)C(=O)N(CCCC)C1=S,CCCCCC,595.0
5210,COc1ccc(C2CC(=O)Oc3c2c2nc4ccccc4nc2c2ccccc32)cc1,ClC(Cl)Cl,449.0
908,Cc1cc(C)n2c1C=C1c3ccccc3C(c3ccc[nH]3)=[N+]1[B-]2(F)F,ClCCl,621.0
321,CCCCN(CCCC)c1ccc(/C=C/c2ccc(-c3ccc(/C=C/c4ccc(N(CCCC)CCCC)cc4)cc3)cc2)cc1,CS(C)=O,545.7
9993,CCCCNc1ccc(NCCCC)c2c1C(=O)c1ccccc1C2=O,CCCCO,671.0
10902,C1=CB2C=Cc3ccccc3N2C=C1,C1CCCCC1,356.0
2714,COc1ccc(C(=O)NN2C3=C(CC4=C2CCCC4=O)C(=O)CCC3)cc1,ClC(Cl)Cl,436.0
2522,CN(C)c1ccc(-c2nc(-c3ccc(N(C)C)cc3)c3ccccc3n2)cc1,ClCCl,530.0
592,COc1c(-c2ccc(N(C)C)cc2)oc2ccccc2c1=O,C1CCCCC1,413.8888889
9102,CCC1(CC)c2cc(C=O)ccc2-c2ccc(N(C)C)cc21,c1ccccc1,437.0
2144,O=P(c1ccccc1)(c1ccccc1)c1ccc(N2c3ccccc3Oc3ccccc32)cc1,C1CCOC1,490.5436014
12188,c1ccc(-n2c(-c3cccc(-c4c5ccccc5c(-c5cccc(-n6c7ccccc7c7ccccc76)c5)c5ccccc45)c3)nc3c4ccccc4c4ccccc4c32)cc1,CCOCC,409.8830409
12140,CCCCCCC(CCCCCC)N1C(=O)c2cccc3c(-c4ccccc4)ccc(c23)C1=O,ClC(Cl)Cl,420.0
9403,CCOC(=O)C1CC(c2c(C#N)c(C)nn2-c2ccccc2)=CN1c1ccc(Br)cc1,C1COCCO1,480.0
12109,CCCCCCC(CCCCCC)N1C(=O)c2cccc3c(-c4ccc(C#N)cc4)ccc(c23)C1=O,CCCCCCCCCCCO,457.5
7831,O=C(O)c1ccc(-c2cnc(-c3ccc(N(c4ccccc4)c4ccccc4)cc3)s2)cc1,CO,496.0
9468,COc1ccc(/C=C/C2=CC(/C=C/c3ccc(OC)c4ccccc34)=[O+][B-](F)(F)O2)c2ccccc12,CC(C)=O,622.0
11668,CCNc1ccc2c(C(F)(F)F)cc(=O)oc2c1,CC#N,485.0
764,CN(c1ccccc1)c1ccc(/C=C2\C(=O)c3ccccc3S2(=O)=O)cc1,CC#N,511.0
4295,O=C1C=C(Nc2ccccc2)CCC1,CCOCC,371.0
11970,Cc1ccc(/C(C#N)=C/c2cc(/C=C(\C#N)c3ccc(C)cc3)c(-c3ccc(N(c4ccccc4)c4ccccc4)cc3)cc2-c2ccc(N(c3ccccc3)c3ccccc3)cc2)cc1,ClC(Cl)Cl,517.0
2464,CCOC(=O)c1ccccc1-c1c2ccc(=O)cc-2oc2cc(OC(=O)[C@H](CO[Si](C)(C)C(C)(C)C)NC(=O)OC(C)(C)C)ccc12,CCO,525.0
2216,COc1ccc(C(=O)NC(C)(C)C)c2c1ccc1c3ccccc3c3ccccc3c12,ClCCl,407.0
10911,Nc1ccc2cc(-c3ccc(C(F)(F)F)cc3)oc(=O)c2c1,CCCO,459.0
8504,Cc1cccc2nc3c(=O)n(C)c(=O)nc-3n(C)c12,CC#N,532.0
1839,COc1ccc2c(-c3nc(-c4ccccc4Cl)no3)cc(=O)oc2c1,ClC(Cl)Cl,450.0
4614,CCN(CC)c1ccc2nc3c4ccccc4c(=O)cc-3oc2c1,CCOC(C)=O,594.0
4129,CCN1/C(=C\c2c(-c3ccc(N(C)C)cc3)c(=O)c2=O)C=Cc2ccccc21,C1CCCCC1,427.0
11843,NS(=O)(=O)c1ccc(N2N=C(c3ccc(O)cc3)CC2c2ccc(F)cc2)cc1,CC#N,417.0
10125,c1ccc(-c2nc(-c3ccc(-c4nc(-c5ccccc5)c(-c5ccccc5)[nH]4)s3)[nH]c2-c2ccccc2)cc1,CC(=O)O,502.9964036
12201,Cc1cc(C)c(B(c2ccccc2N(c2ccccc2)c2ccccc2)c2c(C)cc(C)cc2C)c(C)c1,Cc1ccccc1,498.0
7318,CCN(CC)c1ccc(/C=N/c2cc3nc4ccccc4nc3cc2/N=C/c2ccc(N(CC)CC)cc2O)c(O)c1,CC#N,551.0
8891,CCCCc1cc(C(=O)CCC)c2ccc3c(CCCC)cc(N4CCCCC4)c4ccc1c2c34,CCO,587.0
1157,Cc1cc(O)c(C(C)C)cc1/N=C/c1ccc(O)cc1,C1CCCCC1,400.0
10197,Cc1ccc2[nH]c(-c3ccc(-c4ccc(-c5ccc(-c6nc7cc(C)ccc7[nH]6)cc5)c(C)c4)cc3)nc2c1,CN(C)C=O,408.0
4845,C=CCOC(=O)C(C#N)=C1C=C(/C=C/c2ccc(N(C)C)cc2)OC(/C=C/c2ccc(N(C)C)cc2)=C1,Cc1ccccc1,556.0
9326,Oc1cc(-c2cccs2)ccc1-c1nc2ccccc2s1,CCO,408.0
6232,CCOC(=O)/C(C#N)=C\c1ccc2c(c1)c1ccccc1n2-c1ccc(C)cc1,CS(C)=O,503.0
11524,CCCCCCCCOc1ccc(-c2c3c4n(c(-c5ccc(OCCCCCCCC)cc5)c3c3n2[B-](F)(F)[n+]2c(sc5ccccc52)N=3)[B-](F)(F)[n+]2c(sc3ccccc32)N=4)cc1,ClC(Cl)Cl,676.0
3254,CN(C)c1ccc(C2=Nc3sc4cc(F)ccc4[n+]3[B-](F)(F)O2)cc1,CC(C)=O,483.0
10296,O=c1oc2ccccc2cc1-c1nc2ccccc2o1,CN(C)C=O,445.0
8337,c1ccc2c(c1)c1ccccc1c1[nH]c(-c3ccc(-c4nc5c6ccccc6c6ccccc6c5[nH]4)cc3)nc21,ClCCl,465.0
2519,CN(C)c1ccc(-c2nc(-c3ccc(N(C)C)cc3)c3ccccc3n2)cc1,C1CCOC1,528.0
7320,CCN(CC)c1ccc(/C=N/c2cc3nc4ccccc4nc3cc2/N=C/c2ccc(N(CC)CC)cc2O)c(O)c1,ClCCl,568.0
6101,CCCCCCN(CCCCCC)c1ccc(C#Cc2ccc(C(F)(F)F)cc2)cc1,CO,456.0
1414,COc1cc(/C=C2/SC(=O)NC2=O)ccc1O,C1CCCCC1,400.0
8396,COC(=O)C(Cc1ccc2oc(-c3ccc4c(c3)c3ccccc3n4-c3ccccc3)nc2c1)NC(=O)OC(C)(C)C,ClC(Cl)Cl,384.4970778
9975,COC(=O)/C(C#N)=c1\s/c(=c2/s/c(=C(/C#N)C(=O)OC)c3cc(-c4ccc(OC)cc4)sc23)c2sc(-c3ccc(OC)cc3)cc12,Cc1ccccc1,680.0
8506,CC(=O)c1ccc(C#Cc2ccc3c(N(C)C)cc(-c4ccccc4)cc3c2)cc1,ClCCl,577.0
5508,CCCCCCCCC1(CCCCCCCC)c2cc(C#Cc3ccc(N(c4ccccc4)c4ccccc4)cc3)ccc2-c2ccc(C=O)cc21,CS(C)=O,560.0
9604,Cn1c(=O)c(/N=N/c2ccc(Nc3ccc([N+](=O)[O-])cc3S(=O)(=O)O)cc2)c(O)c2ccccc21,ClCCl,617.0
6494,CCN(CC)c1ccc(-c2nc3c(c4c2-c2ccccc2CC4)-c2ccccc2CC3)cc1,CCOC(C)=O,449.0
7448,CN(C)c1ccc(/C=C/C(=O)c2ccccc2)cc1,CC(=O)O,517.0
9877,O=S1(=O)c2cc(-n3c4ccccc4c4ccccc43)ccc2-c2ccc(-n3c4ccccc4c4ccccc43)cc21,Cc1ccccc1,442.0
12032,Cc1ccc(-c2c3ccc([nH]3)c3nc(c(-c4ccc(C#N)cc4)c4ccc([nH]4)c4ccc([nH]4)c(-c4ccc(C)cc4)c4ccc2o4)C=C3)cc1,C1CCOC1,730.0
9870,C=C[Si](c1c2ccccc2cc2ccccc12)(c1c2ccccc2cc2ccccc12)c1c2ccccc2cc2ccccc12,ClC(Cl)Cl,437.0
1713,CCCCn1c2ccc(-c3ccc(OC)cc3)cc2c2ccc3c4cc(-c5ccc(OC)cc5)ccc4n(CCCC)c3c21,ClC(Cl)Cl,415.0
8293,N#Cc1cccc(N)c1,CC#N,369.4461351
11297,CCCCn1c(-c2ccc(-c3nnc(-c4ccc5ccccc5c4)o3)cc2)nc(-c2ccccc2)c1-c1ccccc1,ClCCl,445.0
3508,CC(C)(C)c1ccc2c(c1)c1cc(C(C)(C)C)ccc1n2-c1cc[n+]2c(c1)-c1ccccc1O[B-]2(F)F,O=P(c1ccccc1)(c1ccccc1)c1ccccc1Oc1ccccc1P(=O)(c1ccccc1)c1ccccc1,488.0
2145,O=P(c1ccccc1)(c1ccccc1)c1ccc(N2c3ccccc3Oc3ccccc32)cc1,CC#N,530.7474519
2442,CC(C)(C)c1ccc(-c2c(-c3ccc(-n4c5ccccc5c5ccccc54)cc3)cc(-c3ccc(-n4c5ccccc5c5ccccc54)cc3)c(-c3ccc(C(C)(C)C)cc3)c2-c2ccc(C(C)(C)C)cc2)cc1,C1CCOC1,367.0
1383,CCn1c2cc(-c3cccs3)ccc2c2ccc(-c3cccs3)cc21,ClCCl,391.0
8486,CN(C)c1ccc(/C=C/C=C2\CC/C(=C\c3ccc(N(C)C)cc3)C2=O)cc1,S=C=S,540.0
4338,Cc1cccc(NC(=O)c2ccc(N(C)C)cc2)c1,CC#N,502.0
7174,CCn1c2ccccc2c2cc(/C=C/c3cccc[n+]3CCCS(=O)(=O)[O-])ccc21,CC#N,565.0
7729,CC1=[N+]2C(=C(c3ccc(C(=C(c4ccccc4)c4ccccc4)c4ccccc4)cc3)c3ccc(/C=C/c4ccc(C(=C(c5ccccc5)c5ccccc5)c5ccccc5)cc4)n3[B-]2(F)F)C=C1,C1CCOC1,612.0
4053,Nc1ncnc2c1c(C#Cc1c3ccccc3cc3ccccc13)cn2[C@H]1C[C@H](O)[C@@H](CO)O1,ClC(Cl)Cl,443.0
11546,CC(C)[Si](C#Cc1c2cc3ccccc3cc2c(C#C[Si](C(C)C)(C(C)C)C(C)C)c2nc3cc4c(cc3nc12)C1c2ccccc2C4c2ccccc21)(C(C)C)C(C)C,CCCCCC,682.0
8297,N#Cc1cccc(N)c1,OCC(F)(F)F,380.0
5312,CCCCC[n+]1ccc(/C=C/c2ccc(N(C)C)c3ccccc23)c2ccccc21,CN(C)C=O,721.0
9313,N#CC(C#N)=C(c1ccc(N(c2ccccc2)c2ccccc2)cc1)c1ccc(N(c2ccccc2)c2ccccc2)cc1,CN(C)C=O,515.2360515
7962,Nc1ccccc1C(=O)O,CC(C)=O,394.0
248,CC[n+]1nc2cc3c4c(c2c2cc(C)ccc21)CCCN4CCC3,O,571.0
4162,COc1cccc2cc(-c3ccc([N+](=O)[O-])cc3)c(=N)oc12,CS(C)=O,392.0
8117,CN(C)c1cc(C#N)c(N(C)C)c(C#N)c1,CC(C)OC(C)C,503.0181087
11677,CCNc1ccc2c(C(F)(F)F)cc(=O)oc2c1,CCO,500.0
562,CC(C)(C)c1ccc(-c2nc(-c3ccc(C(C)(C)C)cc3)nc(-c3ccc(-n4c5ccccc5c5c6oc7ccccc7c6ccc54)c(C#N)c3)n2)cc1,C1CCOC1,450.7352941
1954,O=[N+]([O-])c1ccc(-c2ccc3ncnc(Nc4ccccc4)c3c2)cc1,ClC(Cl)Cl,446.0
8806,CCCCCCN1C(=O)c2cccc3c(-c4ccc(-c5cccs5)s4)ccc(c23)C1=O,ClC(Cl)Cl,534.0
4365,CN(C)c1ccc(C#Cc2ccc3ccc4ccc(C#Cc5ccc(N(C)C)cc5)c5ccc2c3c45)cc1,CC(C)=O,570.9
2638,COc1ccc(OC)c(-c2[nH]c(=O)n3c2-c2ccccc2C3=O)c1,CC#N,466.0
10936,CS(=O)(=O)c1ccc(-c2cc3ccc(N)cc3c(=O)o2)cc1,ClC(Cl)Cl,439.0
914,Cc1cc(C)n2c1C=C1c3ccccc3C(c3cccn3C)=[N+]1[B-]2(F)F,ClCCl,611.0
7244,N#CC(C#N)=Cc1cn(-c2ccccc2)nc1-c1ccccc1,CN(C)C=O,438.0
10880,N#C/C(=C\c1ccncc1)c1nc(-c2ccccc2)cs1,Cc1ccccc1,463.0
5026,O=Cc1ccc(C2=C3C=c4c(oc5ccccc45)=[N+]3[B-](F)(F)n3c2cc2c4ccccc4oc23)cc1,CO,609.5
3958,COC(=O)C(NC(=O)OC(C)(C)C)c1ccc2oc(-c3ccc(F)cc3)nc2c1,CO,342.0
7142,CC/[NH+]=c1\cc2oc3cc(NCCC(=O)O)c4ccccc4c3nc-2cc1C,CCO,644.0
7908,COc1ccc(-n2c3ccccc3c3cc(/C=C/C(=C(C#N)C#N)c4ccccc4)ccc32)cc1,Cc1ccccc1,526.0
862,CCc1c(C)[nH]c(C2=[N+]3C(=Cc4c(C)c(CC)c(C)n4[B-]3(F)F)c3ccccc32)c1C,CC#N,643.0
3616,COc1ccc(-c2sc3c(c2Br)=[N+]2C(=C(C(F)(F)F)c4c(Br)c5sc(-c6ccc(OC)cc6)c(Br)c5n4[B-]2(F)F)C=3Br)cc1,ClC(Cl)Cl,820.0
8379,COC(=O)C(Cc1ccc2oc(-c3ccc4c(c3)c3ccccc3n4-c3ccccc3)nc2c1)NC(=O)OC(C)(C)C,CCCCC,372.4949713
7228,CCC1=C(C)C2=Cc3cscc3B(O)N2C1=O,ClC(Cl)Cl,414.0
10679,O=Cc1cnc(-c2c3ccccc3cc3ccccc23)nc1,ClCCl,531.0
1166,COc1ccc(/C=N/c2cc(C(C)C)c(O)cc2C)cc1,CCO,414.0
180,CN(C)c1ccc(/C=C/c2cc(/C=C/c3ccc(N(C)C)cc3)nc(/C=C/c3ccc(C(F)(F)F)cc3)n2)cc1,ClCCl,545.0
1562,Oc1ccccc1/N=C/c1ccccc1Oc1ccccc1,CCCCCCCCO,414.0
8923,CCOC(=O)CN(CC(=O)OCC)c1ccc(-c2cc(-c3cccnc3)nc(-c3cccnc3)c2)cc1,CC#N,438.0
5720,O=C(O)c1ccccc1Nc1ccccc1,CCOC(C)=O,434.0
2998,O=[N+]([O-])c1ccc([N+]2=Cc3ccc4c5c(ccc4c3O[B-]2(c2c(F)c(F)c(F)c(F)c2F)c2c(F)c(F)c(F)c(F)c2F)C=[N+](c2ccc([N+](=O)[O-])cc2)[B-](c2c(F)c(F)c(F)c(F)c2F)(c2c(F)c(F)c(F)c(F)c2F)O5)cc1,Cc1ccccc1,613.0
10288,O=c1oc2ccccc2cc1-c1nc2ccccc2o1,C1CCOC1,444.0
6849,COc1cc(N(c2ccccc2)c2ccccc2)ccc1C=C(C#N)C#N,CN(C)C=O,558.0
9024,N#Cc1ccc2[nH]ccc2c1,OCC(F)(F)F,374.0
9770,CCCCCCN1C(=O)c2cccc3c(-c4ccc(-c5ccc6c7c(cccc57)C(=O)N(CCCCCC)C6=O)s4)ccc(c23)C1=O,ClC(Cl)Cl,495.0
7127,CCOC(=O)COc1ccc(C(c2c(C)[nH]c3ccccc23)c2c(C)[nH]c3ccccc23)cc1OC,O,350.0
5236,CSC1=C2C=C(c3cc4n(c3)[B-](F)(F)[N+]3=CC=CC3=C4c3c(C)cc(C)cc3C)C(C)=[N+]2[B-](F)(F)n2c(C)ccc21,C1CCCCC1,652.0
11360,CC1(C)CCc2c(c3ccccc3c3nc4c(nc23)c2c(c3ccccc34)OC(C)(C)CC2)O1,C1COCCO1,443.2624113
8218,CN(C)c1cc(C#N)c(N(C)C)c(C#N)c1,CCCCOCCCC,502.2601708
6685,Nc1ccc2c3cccc4cccc(c5cccc1c52)c43,CCOC(C)=O,555.0
3650,CCCCNc1ccc2c3c(cccc13)C(=O)N(c1ccc(O)cc1)C2=O,CN(C)C=O,520.0
10536,COc1nc(Nc2ccc3c4c(cccc24)C(=O)c2ccccc2-3)nc(OC)n1,O=C1CCCCC1,531.9148936
7379,c1ccc(-c2ccc(-c3ccccc3)cc2)cc1,C1COCCO1,342.0
10027,CNc1cccc2c1C(=O)c1ccccc1C2=O,CCOC(C)=O,600.0
900,Cc1cc(C)c(C2=[N+]3C(=Cc4c(C)cc(C)n4[B-]3(F)F)c3ccccc32)[nH]1,CO,622.0
12167,COc1ccc2c(c1)c1cc(OC)ccc1n2-c1nc2ccccc2nc1-n1c2ccc(OC)cc2c2cc(OC)ccc21,CCCCCC,521.2074303
1496,CC(C)C[Si](C#Cc1c2c(=O)c3ccccc3c2c(C#C[Si](CC(C)C)(CC(C)C)CC(C)C)c2c(=O)c3ccccc3c12)(CC(C)C)CC(C)C,ClC(Cl)Cl,567.0
12101,COc1cc2c(cc1/C=C(\C#N)c1nc3ccccc3s1)c1ccccc1n2C,CCOC(C)=O,493.0
8864,CCn1c2ccccc2c2cc(-c3cc(-c4ccc5c(c4)c4ccccc4n5CC)nc(OC)n3)ccc21,Cc1ccccc1,382.0
10131,COc1ccc(-c2nc(-c3ccc(-c4nc(-c5ccc(OC)cc5)c(-c5ccc(OC)cc5)[nH]4)s3)[nH]c2-c2ccc(OC)cc2)cc1,CC#N,451.5
7444,CN(C)c1ccc(/C=C/C(=O)c2ccc(Cl)cc2)cc1,ClC(Cl)Cl,522.0
92,C(/C=C/c1ccc(-n2c3ccccc3c3ccccc32)cc1)=C\c1ccncc1,C1COCCO1,436.0
5758,CCC[n+]1ccc(/C=C/c2ccc(N(C)C)cc2)cc1,CCO,576.0
10878,N#C/C(=C\c1ccncc1)c1nc(-c2ccccc2)cs1,CN(C)C=O,499.0
9947,CC1=N/C(=C\c2ccccc2N(C)C)C(=O)N1C,CC#N,536.0
7573,O=C(c1ccc(N(c2ccccc2)c2ccccc2)cc1)[C@H]1[C@H](c2ccccc2)C[C@](O)(c2ccccn2)C[C@]1(O)c1ccccn1,CC#N,523.0
2943,Cn1cccc1-c1ccc(C#N)cc1,C1CCOC1,383.0
4847,C=CCOC(=O)C(C#N)=C1C=C(/C=C/c2ccc(N(C)C)cc2)OC(/C=C/c2ccc(N(C)C)cc2)=C1,ClCCCl,614.0
5339,CCCCC(CC)Cn1c2cc(C#N)ccc2c2cc(-c3ccc(N(c4ccccc4)c4ccccc4)cc3)c(C#N)cc21,CCOCC,501.0
1766,COc1ccc(/C=C/C(=O)c2c(O)cc(C)oc2=O)cc1,ClCCl,487.0
11484,Fc1ccc(-c2nc3n(c2-c2ccncc2)CCS3)cc1,Cc1ccc(C)cc1,411.5
9241,O=c1c2ccccc2n2c3ccccc3c(=O)c3cc(-c4ccccc4)cc1c32,c1cc(-c2cccc(-n3c4ccccc4c4ccccc43)c2)cc(-n2c3ccccc3c3ccccc32)c1,472.0
2471,O=C([O-])c1c(Cl)c(Cl)c(Cl)c(Cl)c1-c1c2cc(I)c(=O)c(I)c-2oc2c(I)c([O-])c(I)cc12,CC(C)O,576.0
1084,CC1(C)c2ccccc2N(c2ccc3c(c2)c2cc(N4c5ccccc5C(C)(C)c5ccccc54)ccc2c2nc4ccccc4nc32)c2ccccc21,Cc1ccccc1,553.0
9863,C1=CC2=CC=CC3C=c4c(cc5cccc6cccc4c65)C(=C1)C23,ClCCl,574.0
8881,CCCCc1cc(C=O)c2ccc3c(CCCC)cc(N4CCCCC4)c4ccc1c2c34,CCCCCC,488.0
8177,COCCOCCOCCOc1ccc(OCCOCCOCCOC)c(C=O)c1,CCCCO,458.0
4075,CN(C)c1ccc2nc(-c3ccc(C(=O)Nc4ccccc4)cc3)sc2c1,CC#N,553.0
3210,c1ccc(-c2nc(-c3ccccc3)nc(-c3ccc(N4c5ccccc5C5(c6ccccc64)c4ccccc4N(c4ccc(-c6nc(-c7ccccc7)nc(-c7ccccc7)n6)cc4)c4ccccc45)cc3)n2)cc1,Cc1ccccc1,477.4373259
2585,COc1ccc(-c2c3ccccc3c(C#Cc3ccccc3)c3cc4cc(C)sc4cc23)cc1,ClCCl,504.0
10879,N#C/C(=C\c1ccncc1)c1nc(-c2ccccc2)cs1,CS(C)=O,510.0
6658,c1ccc2c(c1)-c1c(ccc3ccccc13)C21c2cc(-c3ccc4ccc5cccc6ccc3c4c56)ccc2-c2ccc(-c3ccc4ccc5cccc6ccc3c4c56)cc21,ClC(Cl)Cl,422.0
9675,N#C/C(=C\C=C\c1ccccc1)c1ccc([N+](=O)[O-])cc1,CO,557.0
3721,CC1(C)c2ccccc2N(c2ccc(-c3nnc(-c4ccccc4)o3)cc2)c2ccccc21,c1ccc(-n2c(-c3c(-n4c5ccccc5c5ccccc54)cccc3-n3c4ccccc4c4ccccc43)nc3ccccc32)cc1,455.0
2254,Cn1c(-c2ccc(-c3ccc(-c4ccc(-c5n(C)c6ccccc6[n+]5C)cc4)cc3)cc2)[n+](C)c2ccccc21,O,397.0
408,CCCCCCCCC1(CCCCCCCC)c2cc(-c3ccc(C(=O)OC)cc3)ccc2-c2ccc(-c3ccc(C(=O)OC)cc3)cc21,ClC(Cl)Cl,388.0
3559,CN(C)c1ccc(-c2nc3cnccc3[nH]2)cc1,CC#N,391.0
7971,Cc1ccc(O)c(C(=O)[O-])c1,CO,444.0
11973,N#C/C(=C\c1cc(/C=C(\C#N)c2ccc(C(F)(F)F)cc2)c(-c2ccc(N(c3ccccc3)c3ccccc3)cc2)cc1-c1ccc(N(c2ccccc2)c2ccccc2)cc1)c1ccc(C(F)(F)F)cc1,C1CCOC1,587.0
7930,CCN(CC)c1ccc(OC)c(C=O)c1,Cc1ccccc1,509.0
9767,c1cc(N2CCCC2)ccn1,ClC(Cl)Cl,313.0
3851,COc1ccc(-c2oc3cccc4c5c(-c6ccc(OC)cc6)c(=N)oc6cccc(c2c34)c65)cc1,ClC(Cl)Cl,505.0
3470,OC1(c2ccc(-c3cccs3)s2)CCCC1,OCCOCCO,418.0
6906,CN(C)c1ccc(/C=C/c2nc3ccc(N(C)C)cc3oc2=O)cc1,ClCCl,619.0
7960,Nc1ccccc1C(=O)O,C1COCCO1,395.0
8176,COCCOCCOCCOc1ccc(OCCOCCOCCOC)c(C=O)c1,CC(C)O,455.0
6862,COC(=O)c1[nH]c(-c2ccc(OC)cc2)c2nnc3ccc(OC)cc3c12,ClCCl,504.0
6508,CN(C)c1ccc(-c2nc3c(c4c2-c2ccc(C#N)cc2CC4)-c2ccc(C#N)cc2CC3)cc1,CCCCCC,444.0
10318,CN(c1ccccc1)c1ccc(-c2ccc(-c3ccc(N(C)c4ccccc4)cc3)c3nc(-c4ccccc4)c(-c4ccccc4)nc23)cc1,CN(C)C=O,661.0
8748,CC1=C(C(C)(C)C)C(C)=[N+]2C1=C(C)c1c(C)c(C(C)(C)C)c(C)n1[B-]2(F)F,OCC(F)(F)F,561.2
10839,CCN(CC)c1ccc(/C=N/C2CCCCC2/N=C/c2ccc(N(CC)CC)cc2O)c(O)c1,ClCCl,461.0
11766,O=C(O)C1CCCN1C(=O)c1ccc(C2CC(c3cccc4ccccc34)=NN2c2ccccc2)cc1,C1CCCCC1,482.0
4782,C=CCNc1ccc2ccc3oc4cc(=[N+](C)C)ccc-4nc3c2c1,ClCCl,620.0
5522,C(=C/c1ccc(-c2ccc(/C=C/c3ccc(-n4c5ccccc5c5ccccc54)cc3)s2)s1)\c1ccc(-n2c3ccccc3c3ccccc32)cc1,Cc1ccccc1,532.0
8403,N#Cc1nc2c3ccc(-c4ccc(N(c5ccccc5)c5ccccc5)cc4)cc3c3cc(-c4ccc(N(c5ccccc5)c5ccccc5)cc4)ccc3c2nc1C#N,CCCCCC,503.5443038
3038,CC(=O)O[B-]1(OC(C)=O)OC(/C=C/c2ccc(C)cc2)=CC(/C=C/c2ccc(C)cc2)=[O+]1,CC#N,493.0
8542,Cn1cc(/C=C/C(=O)c2ccccc2)c2ccccc21,CO,446.1884595
1351,CCOC(=O)COc1ccc(/C=C/c2c(CC)c(C)c3n2[B-](F)(F)[N+]2=C(c4[nH]c(C)c(CC)c4C)c4ccccc4C2=C3C)cc1,CC#N,707.0
3132,CCOC(=O)c1sc(SC)c2c(=O)[nH]nnc12,CO,499.0
10094,N#Cc1ccc(N(c2ccccc2)c2ccc3ccc4c(N(c5ccccc5)c5ccc(C#N)cc5)ccc5ccc2c3c54)cc1,ClCCl,454.0
5289,COc1cc(C2=C(c3ccc(C(C)(C)C)cc3)C(c3ccc(C(C)(C)C)cc3)=[N+]3C2=Nc2c(-c4cc(OC)c(OC)c(OC)c4)c(-c4ccc(C(C)(C)C)cc4)c(-c4ccc(C(C)(C)C)cc4)n2[B-]3(F)F)cc(OC)c1OC,Cc1ccccc1,726.0
11977,C/C(=N\Nc1ccc(C#N)cc1)c1ccccn1,CO,482.0
1669,CC(C)(C)c1ccc(C2=CC3=C(c4ccccc4)c4cc(-c5ccc(C(C)(C)C)cc5)c(-c5ccc(C(C)(C)C)cc5)n4[B-](F)(F)[N+]3=C2c2ccc(C(C)(C)C)cc2)cc1,CC#N,647.0
11869,NS(=O)(=O)c1ccc(N2N=C(c3ccc(O)cc3)CC2c2ccc(Cl)cc2)cc1,C1CCOC1,418.0
8290,N#Cc1cccc(C#N)c1N,CCO,391.0
9191,O=Cc1cc(C=O)c2ccc3c(N4CCCCC4)cc(N4CCCCC4)c4ccc1c2c43,CS(C)=O,609.0
4313,CN(C)c1ccc(C(=O)Nc2ccc(Cl)cc2)cc1,C1CCOC1,490.0
11503,CCOC(=O)c1c2c3c(ccc(OC)c3c3cc4ccccc4cc13)N(C)C2=O,CC#N,413.0
330,Cc1ccc(C2=C3C=CC(C#Cc4ccccc4)=[N+]3[B-](F)(F)n3c(C#Cc4ccccc4)ccc32)cc1,ClCCl,628.0
1346,CCc1c(C)[nH]c(C2=[N+]3C(=Cc4c(C)c(CC)c(/C=C/c5ccc(N(C)C)cc5)n4[B-]3(F)F)c3ccccc32)c1C,C1CCOC1,764.0
1650,COc1cc(C2=CC3=C(c4c(C)cc(C)cc4C)c4cc(-c5cc(OC)c(OC)c(OC)c5)c(-c5cc(OC)c(OC)c(OC)c5)n4[B-](F)(F)[N+]3=C2c2cc(OC)c(OC)c(OC)c2)cc(OC)c1OC,CC#N,628.0
9517,c1ccc2c(-c3c4ccccc4c(-c4ccc(-c5ccc(-n6c7ccccc7c7ccccc76)cc5)cc4)c4ccccc34)cccc2c1,ClCCl,420.0
4770,N#Cc1c(-c2cccs2)cc(-c2cccs2)[nH]c1=O,C1CCOC1,472.0
1091,c1ccc(N(c2ccccc2)c2ccc(-c3ccc4c(c3)C3(c5cc(-c6ccc(N(c7ccccc7)c7ccccc7)cc6)ccc5S4)c4ccccc4-c4ccccc43)cc2)cc1,Cc1ccccc1,398.7358916
73,O=c1ccc2cc3ccoc3cc2o1,CCO,460.0
7590,CC1(C)c2ccccc2N(c2ccccc2)c2ccc(-c3ccc(S(=O)(=O)c4ccc(-c5ccc6c(c5)C(C)(C)c5ccccc5N6c5ccccc5)cc4)cc3)cc21,O=P(c1ccccc1)(c1ccccc1)c1ccccc1Oc1ccccc1P(=O)(c1ccccc1)c1ccccc1,439.0
7317,Oc1ccccc1/C=N/c1cc2nc3ccccc3nc2cc1/N=C/c1ccccc1O,CC#N,501.0
5751,C[n+]1ccc(/C=C/c2ccc([O-])cc2)cc1,NC=O,577.0
7591,COc1ccc(-c2c3nc(cc4ccc([nH]4)c(-c4ccc(OC)c(OCC(=O)O)c4)c4nc(cc5ccc2[nH]5)CC4)CC3)cc1OCC(=O)O,CS(C)=O,738.0
9418,CC(C)(C)c1ccc2c(c1)c1cc(C(C)(C)C)ccc1n2-c1ccc2oc3nc4oc5ccc(C(F)(F)F)cc5c4cc3c2c1,C1CCCCC1,396.0
5003,CCCCCCn1c2cc(C=C(C#N)C#N)sc2c2sc3c(sc4c5sc(C=C(C#N)C#N)cc5n(CCCCCC)c43)c21,ClCCl,620.0
41,Oc1c(-c2ccco2)cccc1-c1nc2ccccc2s1,O,569.0
9370,c1ccc2c(-c3cc4c(ccc5sc(-c6cccc7ccccc67)cc54)s3)cccc2c1,ClCCl,423.0
11225,COc1cc2cc(-c3cc4cc(OC)c(OC)cc4oc3=O)oc2cc1OC,CC#N,493.0
5544,CCCCCCC(CCCCCC)N1C(=O)c2cccc3c(-c4ccc(OC)c5ccccc45)ccc(c23)C1=O,CCCCCCCCCCCO,532.4
12182,O=C1/C(=C2\Sc3ccc(S(=O)(=O)Nc4ccccc4)cc3C2=O)Sc2ccc(S(=O)(=O)Nc3ccccc3)cc21,C1COCCO1,588.0
318,COC(=O)C(NC(=O)OC(C)(C)C)c1ccc2oc(-c3ccc(OC(=O)c4ccccc4)cc3O)nc2c1,CC#N,471.0
8243,CN(C)c1ccc(/C=C/C(=O)O)cc1,Cc1ccccc1,413.0
2087,F[B-]1(F)n2ccnc2-c2cccc[n+]21,C1COCCO1,352.0
3599,CCCCn1c(-c2ccc(-c3nnc(-c4ccccc4)o3)cc2)nc2c3ccccc3c3ccccc3c21,ClCCl,446.0
9797,COc1ccc(-c2sc3c(-c4ccc(OC)cc4)c4n(c3c2-c2ccc(OC)cc2)[B-](F)(F)[N+]2=Cc3c(-c5ccc(OC)cc5)c5sc(-c6ccc(OC)cc6)c(-c6ccc(OC)cc6)c5n3[B-](F)(F)[N+]2=C4)cc1,CCCCCC,630.0
8821,CN(C)c1ccc(/C=C/c2cc(/C=C/c3ccc(N(C)C)cc3)nc(/C=C/c3ccc(N(c4ccccc4)c4ccccc4)cc3)n2)cc1,CS(C)=O,596.0
9730,CCCCCCc1cc(-c2ccc3c(c2)C2CCCC2N3c2ccc3c(c2)C(C)(C)c2ccccc2-3)sc1/C=C1\C(=O)c2ccc(C(=O)O)cc2C1=O,ClC(Cl)Cl,732.0
2685,CCN(CC)c1ccc2c(-c3ccc(S(=O)(=O)[O-])cc3S(=O)(=O)[O-])c3ccc(=[N+](CC)CC)cc-3oc2c1,O,588.0
1614,COC(=O)c1cc(=O)n(C)c2cc(-c3ccc(OC)cc3)sc12,ClCCl,472.0
7556,Cc1c(C)n2c(COC(=O)c3ccccc3O)c(C)c(=O)n2c1=O,CCO,465.0
2046,NNC(=O)c1ccc(/C=C/c2ccc(C(=O)NN)cc2)cc1,CN(C)C=O,395.0
1277,c1ccc2c(-n3c4ccccc4c4ccccc43)cccc2c1,ClC(Cl)Cl,395.0
2751,CCNc1cc2c(cc1C)C(c1ccccc1C(=O)O)=C1CCCC(/C=C/C3=[N+](C)c4ccc5ccccc5c4C3(C)C)=C1O2,ClC(Cl)Cl,748.0
8534,COC(=O)c1ccc(/C=C2\C=C(c3ccc([N+](=O)[O-])cc3)OC2=O)cc1,C1COCCO1,493.0
8677,CCC1=C(C)C2=Cc3cc(I)c(I)n3[B-](F)(F)[N+]2=C1C,CCOC(C)=O,551.5
5566,CCCCN1/C(=C\C=C\C=C\C2=[N+](CCCC)c3ccc4ccccc4c3C2(C)C)C(C)(C)c2c1ccc1ccccc21,CC#N,698.0
85,O=c1oc2ccc3ccccc3c2nc1-c1ccccc1,CO,476.0
1350,CCOC(=O)COc1ccc(/C=C/c2c(CC)c(C)c3n2[B-](F)(F)[N+]2=C(c4[nH]c(C)c(CC)c4C)c4ccccc4C2=C3C)cc1,C1CCOC1,709.0
6177,CN(C)c1ccc(/C=C2/N=C(c3ccccc3)OC2=O)cc1,ClCCl,526.0
1934,O=C1Nc2ccccc2/C1=C/C(=O)c1ccc(O)cc1,CO,408.0
2766,Cc1ccc(-c2ccc(/C=C/c3cccn3C)cn2)nc1,CCCCCC,436.0
1035,CC(C)(C)c1ccc2c(c1)sc1[n+]2[B-](F)(F)n2c(c3cccc4c(Br)ccc2c43)=C1C#N,Cc1ccccc1,563.0
9641,CN(C)c1ccc(/C=C/C=C/c2ccc(C#N)cc2)cc1,CCCC#N,579.0
6556,Cc1c(C)c(-c2cccnc2)c(C)c(C)c1B(c1c(C)c(C)c(-c2cccnc2)c(C)c1C)c1c(C)c(C)c(-c2cccnc2)c(C)c1C,ClCCl,403.0
3378,COc1ccc(C2=C3C=c4c(oc5cc6c(cc45)[C@H]4CC[C@]5(C)C(=O)CC[C@H]5[C@@H]4CC6)=[N+]3[B-](F)(F)n3c2cc2c4cc5c(cc4oc23)CC[C@@H]2[C@@H]5CC[C@]3(C)C(=O)CC[C@@H]23)cc1,CCOC(C)=O,615.0
2960,F[B-]1(F)n2cccc2C(c2ccc(-c3c4ccccc4c(-c4ccccc4)c4ccccc34)cc2)=C2C=CC=[N+]21,CCO,516.0
6330,CN1C(=CC2=C([O-])C(=Cc3oc4ccccc4[n+]3C)C2=O)C(C)(C)c2ccccc21,ClC(Cl)Cl,619.0
9228,CN(C)c1ccc(/C=C/C=C/c2nc3ccccc3s2)cc1,Cc1ccccc1,500.0
1692,Cc1cc(C)c(C2=C3C=C(c4ccccc4)C(c4ccccc4)=[N+]3[B-](F)(F)n3c2cc(-c2ccccc2)c3-c2ccccc2)c(C)c1,C1CCCCC1,624.0
11144,O=C(c1ccc2c3c(cccc13)-c1cccc3c1C2CC=C3)c1c(Cc2ccccc2)c2ccc3cccc4c5cccc6ccc1c(c65)c2c34,ClCCl,528.0
4984,CC(C)CCCCN1CCc2c1ccc1c3c(ccc21)C(=O)CCC3,ClCCl,472.0
9308,CCC1=C(C)C2=C(c3c(C)cc(C)nc3-c3cccs3)c3c(C)c(CC)c(C)n3[B-](F)(F)[N+]2=C1C,Cc1ccccc1,553.0
8758,CCC1=C(C)C2=C(C)c3c(C)c(CC)c(C)n3[B-](F)(F)[N+]2=C1C,C1CCCCC1,537.2
2310,C/C(=C\c1ccc(C)cc1)c1nc2ccccc2o1,C1CCCCC1,370.0
1355,Cc1ccc(N(c2ccc(C)cc2)c2ccc(Oc3nnc(Cl)nn3)cc2)cc1,ClCCl,550.0
6083,COC(=O)c1ccc(C#Cc2ccc(N(C)C)cc2)cc1,CCOC(C)=O,470.4996707
9714,COc1ccc(-c2oc3c(c2Br)=[N+]2C(=C(C(F)(F)F)c4cc5oc(-c6ccc(OC)cc6)c(Br)c5n4[B-]2(F)F)C=3)cc1,ClC(Cl)Cl,756.0
10388,c1ccc(N(c2ccccc2)c2ccc(-c3ccc4c(c3)C3(c5cc(-c6ccc(N(c7ccccc7)c7ccccc7)cc6)ccc5-4)c4ccccc4N(c4ccccc4)c4ccccc43)cc2)cc1,c1cc(-n2c3ccccc3c3ccccc32)cc(-n2c3ccccc3c3ccccc32)c1,432.0
4807,CC(C)c1cccc(C(C)C)c1-n1c(=O)c2cc3nc(-c4ccccc4)c4cc5c(=O)n(-c6c(C(C)C)cccc6C(C)C)c(=O)c6cc7c(-c8ccccc8)nc8cc(c1=O)c2c1c3c4c(c56)c7c81,ClC(Cl)Cl,488.0
1453,CCOC(=O)CSc1nc(-c2ccccc2)c(C)c(C#N)c1C#N,CCO,434.0
9244,CN(C)c1ccc(-c2ccc3c(=O)c(O)coc3c2)cc1,C1COCCO1,457.0
12171,CC1(C)Cc2c(c3ccccc3c3nc4c(nc23)c2c(c3ccccc34)OC(C)(C)C2)O1,C1COCCO1,462.1072089
898,Cc1cc(C)c(C2=[N+]3C(=Cc4c(C)cc(C)n4[B-]3(F)F)c3ccccc32)[nH]1,CC#N,624.0
8876,CCn1c2ccccc2c2cc(-c3cc(-c4ccc5c(c4)c4ccccc4n5CC)ncn3)ccc21,C1CCOC1,395.0
5829,CCOC(=O)C1=C(C(=O)OCC)C2(c3ccccc3-c3ccccc32)[C@@H](c2ccc(Cl)cc2)C=C2c3cc(OC)c(OC)cc3CCN21,ClCCl,445.0
958,CCn1c2ccccc2c2cccc(N(c3ccccc3)c3ccccc3)c21,ClCCl,423.0
4533,O=C(/C=C/c1cn(-c2ccccc2)nc1-c1ccccc1)c1c(O)c2ccccc2oc1=O,Cc1ccccc1,480.0
8672,CCC1=C(C)C2=Cc3c(I)c(I)cn3[B-](F)(F)[N+]2=C1C,CO,541.5
2633,Cc1cc(O)c(-c2[nH]c(=O)n3c2-c2ccccc2C3=O)cc1Cl,CO,496.0
465,c1ccc2c(-c3cc(-c4nccs4)nc(-c4nccs4)c3)cccc2c1,ClC(Cl)Cl,377.0
3817,N#Cc1nc2c3ccc(-n4c5ccccc5c5ccccc54)cc3c3cc(-n4c5ccccc5c5ccccc54)ccc3c2nc1C#N,ClC(Cl)Cl,612.693683
3011,Nc1ncnc2c1c(C#Cc1ccc3ccccc3c1)cn2[C@H]1C[C@H](O)[C@@H](CO)O1,ClC(Cl)Cl,374.0
5613,CCCN1c2ccccc2Sc2cc(/C=C\c3cc(=O)oc4ccccc34)ccc21,ClC(Cl)Cl,618.0
6952,O=c1c2ccc(N3CCCCC3)cc2oc2cc(N3CCCCC3)ccc12,CO,448.1509434
4467,C=CC1CN2CCC1CC2[C@@H](OCc1ccccc1)c1ccnc2ccc(O)cc12,Cc1ccccc1,355.0
868,CCc1c(C)[nH]c(C2=[N+]3C(=Cc4c(C)cc(C)n4[B-]3(F)F)c3ccccc32)c1C,CC#N,632.0
7946,Cc1ccc(C)cc1,C1CCCCC1,292.0560748
3088,CN(C)c1ccc(/C=C/c2nc3c4ccccc4c4ccccc4c3[nH]2)cc1,CC#N,476.0
10759,CCOC(=O)c1c2c3c(ccc(Br)c3c3cc4c(cc13)[Si](C)(C)O[Si]4(C)C)N(C)C2=O,CC#N,412.0
3773,c1ccc2cc(-n3cnc4ccccc43)ccc2c1,C1CCCCC1,374.0
10437,COC(=O)c1cc(=O)n(C)c2cc(-c3cc4c5c(c3)CCCN5CCC4)sc12,CC#N,511.0
5909,Nc1ccc2cc3ccccc3cc2c1,C1CCCCC1,488.997555
7467,O=c1c2cc(Cl)ccc2nc2n1[B-](F)(F)[n+]1ccccc1-2,CC#N,439.0
8326,CCn1c2ccc(/C=C/c3ccc4c(c3)c3cc(-c5nc6ccccc6s5)ccc3n4CC)cc2c2cc(-c3nc4ccccc4s3)ccc21,CC#N,491.0
1688,COc1ccc(C2=CC3=C(c4c(C)cc(C)cc4C)c4cc(-c5ccc(OC)cc5)c(-c5ccc(OC)cc5)n4[B-](F)(F)[N+]3=C2c2ccc(OC)cc2)cc1,C1CCOC1,674.0
11930,Cc1ccc(N(c2ccc(C)cc2)c2ccc(-c3ccc(C=C(C#N)C#N)s3)cc2)cc1,ClC(Cl)Cl,670.0
6119,COc1ccc(C#Cc2ccc(C#N)cc2)cc1OC,CC#N,451.0
7706,CCOC(=O)c1cc(C(=O)OCC)c2cc(N(CC)CC)ccc2n1,CCO,561.0
4335,CN(C)c1ccc(C(=O)Nc2ccccc2)cc1,CCOCC,494.0
2002,Cc1ccccc1/C(C#N)=C/c1ccc(N(C)C)cc1,CCCCCC,431.0
11256,O=c1oc2ccccc2cc1-c1cc2ccccc2o1,Cc1ccccc1,431.0
3461,CC1(C)c2ccccc2-c2cc3c4ccccc4n(-c4ccc(-c5nc(-c6ccccc6)nc(-c6ccccc6)n5)cc4)c3cc21,C1CCOC1,505.686901
4279,CC(C)(C)C1Nc2ccccc2C(=O)N1c1ccccc1,CCCCCCCCCCCCCCCC,388.0
7510,CN(C)c1ccc(/C=C/c2cc[n+](CCCCCCCCCCCC[n+]3ccc(/C=C/c4ccc(N(C)C)cc4)cc3)cc2)cc1,CO,597.0006686
5271,COC(=O)c1c2ccccc2nc2ccccc12,CCCCO,431.0
9542,COCCOCCOCCOCC(COCCOCCOCCOC)Oc1cc(/C=C/c2ccc(/C=C(\C#N)C(=O)c3ccccc3)cc2)c(OC(COCCOCCOCCOC)COCCOCCOCCOC)cc1/C=C/c1ccc(/C=C(\C#N)C(=O)c2ccccc2)cc1,ClCCl,621.0
12174,CC1(C)Cc2c(c3ccccc3c3nc4c(nc23)c2c(c3ccccc34)OC(C)(C)C2)O1,CCCCCC,454.1326067
8309,CCN(CC)c1ccc(OC)c(C=O)c1,CO,645.0
9936,CC1=N/C(=C\c2ccc(N(C)C)cc2)C(=O)N1C,CC#N,483.0
10553,O=C1c2ccccc2C2=Cc3ccc4ccccc4[n+]3[B-](F)(F)N12,CCO,465.0
5331,CCC1(CC)c2cc(-c3ccc(N(c4ccc(-c5ccc6c(c5)C(CC)(CC)c5cc(N7c8ccccc8C(C)(C)c8ccccc87)ccc5-6)cc4)c4ccc(-c5ccc6c(c5)C(CC)(CC)c5cc(N7c8ccccc8C(C)(C)c8ccccc87)ccc5-6)cc4)cc3)ccc2-c2ccc(N3c4ccccc4C(C)(C)c4ccccc43)cc21,ClC(Cl)Cl,431.0
9857,CC(C)(C)OC(=O)COc1ccc2c(c1)oc(=O)c1c(=O)oc3ccccc3c12,CS(C)=O,449.0
1111,CCc1ccc(/C=N/c2cc(C(C)C)c(O)cc2C)cc1,OCCO,429.0
11874,NS(=O)(=O)c1ccc(N2N=C(c3ccc(O)cc3)CC2c2ccc(F)cc2)cc1,CC(C)O,423.0
7524,Nc1ccc(/C=C/c2ccc3ccccc3c2)cc1,CC#N,450.0
7702,CCOC(=O)c1cc(C(=O)OCC)c2c(C)ccc(O)c2n1,CCO,528.0
5873,CC(C)[Si]1(C(C)C)c2cc(N(C)C)ccc2-c2ccc(C(F)(F)F)cc21,CCOCC,410.0
11024,O=C(O)c1cc2c(ccc3ccccc32)oc1=O,C1COCCO1,428.0
9839,Cc1cc(=O)cc(-c2ccc(-c3nc4ccccn4c3NC3CCCCC3)cc2)o1,ClCCl,500.0
2021,COc1cc(/C=C/c2ccccc2)cc(OC)c1,CC#N,390.0
12194,Cc1cc(-n2c3ccccc3c3cc(C#N)ccc32)ccc1-c1ccc(S(=O)(=O)c2ccccc2)cc1C,Cc1ccccc1,352.0
5362,N#CC1=CC(/C=C/c2ccccc2)=CC(C#N)=P1(c1ccccc1)c1ccccc1,ClC(Cl)Cl,581.0
1347,CCc1c(C)[nH]c(C2=[N+]3C(=Cc4c(C)c(CC)c(/C=C/c5ccc(N(C)C)cc5)n4[B-]3(F)F)c3ccccc32)c1C,CC#N,805.0
8541,Cn1cc(/C=C/C(=O)c2ccccc2)c2ccccc21,CC#N,419.3223928
4189,CN(C)c1ccc(C=C2Cc3ccccc3C2=O)cc1,Cc1ccccc1,467.0
6211,c1ccc(-n2c3ccccc3c3ccccc32)cc1,CCO,344.0
1665,CC(C)(C)c1ccc(C2=C(Br)C3=C(c4ccccc4)c4c(Br)c(-c5ccc(C(C)(C)C)cc5)c(-c5ccc(C(C)(C)C)cc5)n4[B-](F)(F)[N+]3=C2c2ccc(C(C)(C)C)cc2)cc1,Cc1ccccc1,618.0
12040,CC[N+](CC)=c1ccc2c(-c3ccccc3C(=O)O)c3oc4cc(N)ccc4c3oc-2c1,ClCCl,617.0
1219,COc1ccc(-c2cc(-c3ccc(C)cc3)c(C#N)c(OC)n2)cc1,CCCCCC,375.0
9012,N#Cc1cc2ccccc2[nH]1,CO,335.0
5852,O=c1c2cc(F)c(N3CCCCC3)cc2sc2cc(N3CCCCC3)c(F)cc12,CCO,487.0
10575,CCCCCCc1ccc2c(/C=N/c3ccc(/N=C/c4c(O)ccc5cc(CCCCCC)ccc45)cc3)c(O)ccc2c1,C1CCOC1,542.0
2984,CCN(CC)c1ccc([N+]2=Cc3ccc4c5c(ccc4c3O[B-]2(c2ccccc2)c2ccccc2)C=[N+](c2ccc(N(CC)CC)cc2)[B-](c2ccccc2)(c2ccccc2)O5)cc1,ClCCl,644.0
6249,CN(C)c1ccc2cc3c(cc2c1)OCCN=C3,C1CCOC1,425.0
4091,CCCCC1(CCCC)c2cc(C#Cc3ccc4ccc5cccc6ccc3c4c56)ccc2-c2ccc(N(c3ccccc3)c3ccccc3)cc21,C1CCCCC1,436.0
11541,c1ccc2nc3cccc(-c4ccc(-n5c6ccccc6c6ccccc65)cc4)c3cc2c1,CCCCCC,434.0
7202,CCCCCCCCN1c2ccc(C#Cc3ccc(F)cc3)cc2Sc2cc(C=O)ccc21,C1CCOC1,513.0
8421,N#CC1=C(c2ccc(-c3cccs3)s2)CC1,c1ccncc1,456.0
3130,CCOC(=O)c1sc(SC)c2c(=O)[nH]nnc12,CCO,492.0
2701,CCCCOC(=O)c1ccccc1-c1c2ccc(=[N+](CC)CC)cc-2oc2cc(N(CC)CC)ccc12,CN(C)C=O,588.0
4447,COc1cc(/C=C/c2nc3ccccc3s2)c(OC)cc1/C=C/c1ccncc1,C1CCOC1,473.0
7169,Cc1ccc(C)c(C2=C3C=CC(=[N+](C)C)C=C3[Si](C)(C)c3cc(N(C)C)ccc32)c1,O,660.0
1530,Oc1ccccc1/N=C/c1ccccc1Oc1ccccc1,N#Cc1ccccc1,410.0
3931,COc1ccc(-c2pc3ccccc3s2)cc1,CC#N,445.0
543,CN(C)c1ccc(/C=C/c2cc[n+](CCCCC[n+]3ccc(/C=C/c4ccc(N(C)C)cc4)cc3)cc2)cc1,c1ccncc1,596.0008344
9486,Oc1c(-c2nc3c4ccc(-c5ccccc5)cc4c4cc(-c5ccccc5)ccc4c3[nH]2)ccc2c1c1ccccc1n2-c1ccccc1,ClCCl,495.0
9635,N#Cc1cc(-c2ccccc2)c(N2c3ccccc3Oc3ccccc32)c(-c2ccccc2)c1,C1CCCCC1,455.0
3425,Oc1c(-c2nc3c4ccc(-c5ccccc5)cc4c4cc(-c5ccccc5)ccc4c3[nH]2)cc2c3c1CCCN3CCC2,ClCCl,485.0
3669,CC(C)(C)c1ccc(-c2nc3c4ccc(-c5c6ccccc6cc6ccccc56)cc4c4cc(-c5c6ccccc6cc6ccccc56)ccc4c3n2-c2ccc(C(C)(C)C)cc2)cc1,CCN(CC)CC,421.0
5128,CC1=CC(/C=C/c2ccc(OCCCN=[N+]=[N-])cc2)=[N+]2C1=C(c1ccc(N(C)C)cc1)c1c(C)cc(C)n1[B-]2(F)F,CO,586.0
10593,Cc1cccn2c1cc1c3ccccc3nc(-c3ccc(Cl)o3)c12,CS(C)=O,508.5
3025,COc1ccc(/C=C/C2=CC(/C=C/c3ccc(OC)cc3)=[O+][B-](F)(F)O2)cc1,CC(C)=O,534.0
7529,Cc1c(-c2ccc(N3c4ccccc4C(C)(C)c4ccccc43)cc2)ncnc1-c1ccc(N2c3ccccc3C(C)(C)c3ccccc32)cc1,O=P(c1ccccc1)(c1ccccc1)c1ccccc1Oc1ccccc1P(=O)(c1ccccc1)c1ccccc1,481.0
2588,CSc1ccc2c(c1)N(CCCN1CCN(C)CN1C)c1ccccc1S2,CC#N,455.0
9246,CN(C)c1ccc(-c2ccc3c(=O)c(O)coc3c2)cc1,CCCCCCC,393.0
11371,O=Cc1cc2c(cc3ccc4cccc5ccc2c3c45)[nH]1,CCOC(C)=O,438.0
11373,COC(=O)c1cc2c(cc3ccc4cccc5ccc2c3c45)[nH]1,C1CCOC1,404.0
7518,CSc1sc(C(=O)c2ccccc2)c2nn[nH]c(=O)c12,CN(C)C=O,492.0
11153,COc1c2ccccc2c(OC)c2c1c1ccccc1n2C,CC#N,423.0
8485,CN(C)c1ccc(/C=C/C=C2\CC/C(=C\c3ccc(N(C)C)cc3)C2=O)cc1,Clc1ccccc1Cl,608.0
733,N#Cc1ccc(-c2ccc(C3=CCCCC3)s2)s1,c1ccncc1,448.0
4890,N#Cc1nc2cnc(N)nc2n1Cc1ccccc1,C1COCCO1,381.0
3488,COC(=O)c1c(C(=O)OC)c2ccc(-c3ccccc3)nn2c1C,CCCCCC,471.0
5820,COc1cc2c(cc1OC)C1=C[C@H](c3ccc(C)cc3)C3(C(C#N)=C(C#N)N1CC2)c1cc(Br)ccc1-c1ccc(Br)cc13,ClCCl,405.0
7748,O=S1(=O)C2=C(c3ccc(-c4ccc(N(c5ccccc5)c5ccccc5)cc4)cc31)C1(C3=C(c4ccccc41)S(=O)(=O)c1cc(-c4ccc(N(c5ccccc5)c5ccccc5)cc4)ccc13)c1ccccc12,C1CCOC1,599.0
6876,CCC1(CC)c2ccccc2-c2ccc(C#Cc3ccc4ccc5cccc6ccc3c4c56)cc21,CCOC(C)=O,406.0
2498,COc1ccc2c(c1)c1c(c3cc(OC)ccc32)=[N+]2C(=C(c3c(C)cc(C)cc3C)c3cc4c5cc(OC)ccc5c5ccc(OC)cc5c4n3[B-]2(F)F)C=1,C1CCOC1,713.0
1433,CC1(C)c2ccccc2N(c2ccc3c(ccc4nc5ccc6cc(N7c8ccccc8C(C)(C)c8ccccc87)ccc6c5nc43)c2)c2ccccc21,Cc1ccccc1,552.0
2678,CCN(CC)c1ccc2c(-c3ccc(S(=O)(=O)O)cc3S(=O)(=O)[O-])c3ccc(=[N+](CC)CC)cc-3oc2c1,CC#N,575.0
11027,O=C(O)c1cc2c(ccc3ccccc32)oc1=O,CCO,429.0
5277,COC(=O)c1c2ccccc2nc2ccccc12,ClCCl,422.0
3016,CC(=O)c1ccc2cc(C#Cc3cn([C@H]4C[C@H](O)[C@@H](CO)O4)c4ncnc(N)c34)ccc2c1,ClC(Cl)Cl,445.0
12226,N#Cc1nc(N(Cc2ccc(F)cc2)Cc2ccc(F)cc2)c(C#N)nc1N(Cc1ccc(F)cc1)Cc1ccc(F)cc1,ClC(Cl)Cl,577.0
1623,COC(=O)c1cc(=O)n(C)c2cc(-c3ccccc3OC)sc12,CC#N,468.0
9980,CCC(CC)COC1=CC2=C3c4cc(OCC(CC)CC)c(-c5cccs5)n4[B-](F)(F)[n+]4c3n(c3cc(C(C)(C)C)ccc34)[B-](F)(F)[N+]2=C1c1cccs1,C1CCOC1,809.0
6769,Cc1cc(C(F)(F)F)nc2c1ccc1nc(-c3ccc(F)c(F)c3)cn12,CC#N,460.0
10694,CCOc1cc2c(cc1/C=C/C(=C(C#N)C#N)c1ccccc1)c1ccccc1n2CC,CN(C)C=O,573.0
10887,N#C/C(=C\c1ccc(C#N)cc1)c1nc(-c2ccc(Cl)cc2)c(-c2ccccc2)s1,CC#N,522.0
12155,CN(C)c1ccc2nc(-c3ccc(C(=O)OC[C@H](NC(=O)OC(C)(C)C)C(=O)OCc4ccccc4)cc3)sc2c1,c1ccccc1,484.0
1953,c1ccc(Nc2ncnc3ccc(-c4ccccc4)cc23)cc1,ClC(Cl)Cl,502.0
8371,COC(=O)C(Cc1ccc2oc(-c3ccc4c(c3)c3ccccc3n4-c3ccccc3)nc2c1)NC(=O)OC(C)(C)C,CC(C)CC(C)(C)C,372.9951511
5466,F[B-]1(F)n2c(c3ccccc3c2-c2ccccc2)C=C2c3ccccc3C(c3ccccc3)=[N+]21,ClCCl,658.0
3860,N=c1oc2cccc3c4c(-c5ccccc5)oc5cccc(c(c1-c1ccccc1)c23)c54,ClC(Cl)Cl,488.0
11645,CCN(CC)c1ccc2ccc(=O)oc2c1,CCCO,442.0
3290,Cc1ccc(Nc2ccc(Nc3ccc(C)cc3)c3c2C(=O)c2ccccc2C3=O)cc1,c1ccccc1,684.0
902,Cc1cc(C)c(C2=[N+]3C(=Cc4c(C)cc(C)n4[B-]3(F)F)c3ccccc32)[nH]1,ClCCl,631.0
11902,COc1cccc(-c2c3ccccc3c3n2[B-](F)(F)[N+]2=Cc4c5ccccc5c(-c5cccc(OC)c5)n4[B-](F)(F)[N+]2=C3)c1,CCCCCC,598.0
5598,CCCCC(CC)CN1C(=O)c2cccc3c(C#Cc4ccc(N(c5ccccc5)c5ccccc5)cc4)ccc(c23)C1=O,CC#N,547.0
12127,CCCCCCC(CCCCCC)N1C(=O)c2cccc3c(-c4ccc([Si](C)(C)C)cc4)ccc(c23)C1=O,CCCCCC,406.7
8536,N#Cc1ccc(/C=C2\C=C(c3ccccc3)OC2=O)cc1,C1COCCO1,494.0
493,CN(C)c1ccc(C=C/C=C/C=C/c2ccc(C#N)cc2)cc1,CCCCOCCCC,541.0
4417,CC(C)(C)c1ccc2c(c1)[nH]c1c3[nH]c4cc(C(C)(C)C)ccc4c3c3nsnc3c21,ClCCl,502.0
6631,CC1(C)CC(=O)c2c(F)c(C(F)(F)F)c(F)c(F)c2N1,CCO,453.0
1617,COC(=O)c1cc(=O)n(C)c2cc(-c3cccc(OC)c3)sc12,CC#N,463.0
2036,COc1ccc(/C=C/c2ccccc2)cc1,CC(C)O,365.0
2127,c1ccc(-c2ccc(-c3ccc4c(c3)CCCO4)cc2)cc1,C1CCCCC1,359.0
5763,CCC[n+]1ccc(/C=C/c2ccc(N(C)C)cc2)cc1,c1ccccc1,552.0
3473,CCOC(=O)c1c(-c2cc3cc4c(cc3oc2=O)OC(C)(C)CC4)nn(-c2cccc(C)c2)c1C(=O)OCC,ClCCl,428.0
2357,CC(C)(C)c1ccc(-c2nc3c4ccc(-c5ccccc5)cc4c4cc(-c5ccccc5)ccc4c3n2-c2ccc(C(C)(C)C)cc2)cc1,CC#N,391.0
150,O=C1OC(c2ccccc2)=N/C1=C\c1ccc(N(c2ccc(/C=C3\N=C(c4ccccc4)OC3=O)cc2)c2ccc(/C=C3/N=C(c4ccccc4)OC3=O)cc2)cc1,CC(C)=O,619.8
8406,N#Cc1nc2c3ccc(-c4ccc(N(c5ccccc5)c5ccccc5)cc4)cc3c3cc(-c4ccc(N(c5ccccc5)c5ccccc5)cc4)ccc3c2nc1C#N,O=P(c1ccccc1)(c1ccccc1)c1cccc(-c2cc(-n3c4ccccc4c4ccccc43)cc(-n3c4ccccc4c4ccccc43)c2)n1,628.0
4403,COc1ccc2c(c1)[nH]c1c3[nH]c4cc(OC)ccc4c3c3nsnc3c21,CN(C)C=O,544.0
11728,CCC12C(=C3C(=C4c5ccc(-c6ccc(C)s6)cc5S(=O)(=O)C41CC)C(F)(F)C(F)(F)C3(F)F)c1ccc(-c3ccc(C)s3)cc1S2(=O)=O,ClCCl,599.7802198
2968,CCC1=C(C)C2=C(c3ccc(-c4c5ccccc5c(-c5ccccc5)c5ccccc45)cc3)c3c(C)c(CC)c(C)n3[B-](F)(F)[N+]2=C1C,Cc1ccccc1,539.0
11739,CN(CC(O)c1cccc(O)c1)c1ccc([N+](=O)[O-])c(C2CC(c3cccc4ccccc34)=NN2c2ccccc2)c1,O,518.0
8696,CNC1=C2C=CC=[N+]2[B-](F)(F)n2cccc21,CO,440.0
1430,CC1(C)c2ccccc2N(c2ccc3c(ccc4nc5ccc6cc(N7c8ccccc8C(C)(C)c8ccccc87)ccc6c5nc43)c2)c2ccccc21,ClCCl,699.0
7372,CCN(CC)c1ccc2cc(-c3nc4cc(C(=O)Nc5ccccc5[N+](=O)[O-])ccc4o3)c(=O)oc2c1,ClCCl,498.0
4710,CC(C)[Si](C#Cc1ccc(C#C[Si](C(C)C)(C(C)C)C(C)C)c2nc3cc4c(cc3nc12)[C@H]1c2ccccc2[C@@H]4c2ccccc21)(C(C)C)C(C)C,CCCCCC,455.0
11907,COc1ccc(-c2c3ccccc3c3n2[B-](F)(F)[N+]2=Cc4c5ccccc5c(-c5ccc(OC)cc5)n4[B-](F)(F)[N+]2=C3)cc1,CCCCCC,607.0
1935,O=C1Nc2ccccc2/C1=C/C(=O)c1ccc(O)cc1,ClCCl,400.0
4829,CCc1c(C)c2n(c1C)[B-](F)(F)[N+]1=C(NCc3ccc(OC)cc3)C=CC1=C2C,CCCCCC,554.0
708,CC1CC=C(c2ccc(-c3ccc(C#N)s3)s2)CC1,OCCOCCO,451.0
4253,CN(C)c1ccc(/C=C/c2ccc(-c3ccc(/C=C/c4ccc(N(C)C)cc4)s3)s2)cc1,C1CCOC1,535.0
10710,CC1(C)c2ccccc2N(c2ccc(-c3cnc(C#N)nc3)cc2)c2ccccc21,Cc1ccccc1,524.0
2483,Cc1cc(C)c(C2=C3C=c4c(c5ccccc5c5ccccc45)=[N+]3[B-](F)(F)n3c2cc2c4ccccc4c4ccccc4c23)c(C)c1,C1CCCCC1,688.0
6552,CC[N+]1=C(/C=C/C=C/C=C/C=C2/N(CCCCCC(=O)O)c3ccc(S(=O)(=O)[O-])cc3C2(C)C)C(C)(C)c2cc(S(=O)(=O)[O-])ccc21,CO,773.0
2531,FC(F)(F)C(F)(F)C(F)(F)C1=NC2=C(c3ccccc3)C=C3c4cc(-c5ccccc5)c5nc(C(F)(F)C(F)(F)C(F)(F)F)nc6c(-c7ccccc7)cc(c4c56)=C4C=C(c5ccccc5)C(=N1)C2C34,C1CCOC1,527.0
1491,Fc1nc(F)c(F)c(C#Cc2nccnc2C#Cc2c(F)c(F)nc(F)c2F)c1F,CC#N,440.0
7369,CCN(CC)c1ccc2cc(-c3nc4cc(C(=O)Nc5cccc(OC)c5)ccc4o3)c(=O)oc2c1,ClCCl,494.0
1090,c1ccc(N(c2ccccc2)c2ccc(-c3ccc4c(c3)C3(c5cc(-c6ccc(N(c7ccccc7)c7ccccc7)cc6)ccc5S4)c4ccccc4-c4ccccc43)cc2)cc1,CN(C)C=O,421.1286682
35,Oc1c(-c2ccco2)cccc1-c1nc2ccccc2s1,ClCCl,577.0
11347,O=C1c2ccccc2C(=O)c2cc(-c3ccc(N(c4ccccc4)c4ccccc4)cc3)ccc21,ClC(Cl)(Cl)Cl,588.0
3578,COC(=O)/C(C#N)=c1/cc/c(=c2/cc/c(=C(\C#N)C(=O)OC)s2)s1,Cc1ccccc1,601.0
4096,CCCCC1(CCCC)c2cc(C#Cc3ccc4ccc5cccc6ccc3c4c56)ccc2-c2ccc(N(c3ccccc3)c3ccccc3)cc21,Cc1ccccc1,449.0
9995,CCCCNc1ccc(NCCCC)c2c1C(=O)c1ccccc1C2=O,CN(C)C=O,664.0
2564,O=S(=O)(O)c1cccc2cccc(Nc3ccccc3)c12,CCCCO,477.0
5893,CN(C)c1c2ccccc2cc2ccccc12,C1CCOC1,392.0
4706,CCCN1/C(=C/C=C(/C=C/C2=[N+](CCC)c3ccccc3C2(C)C)c2cc[n+](C)cc2)C(C)(C)c2ccccc21,O,658.0
4387,CCn1c(-c2ccc(-c3ccc4c(c3)C3(c5ccccc5-c5ccccc53)c3ccccc3-4)cc2)c(-c2ccc3ccccc3c2)c(-c2ccc3ccccc3c2)c1-c1ccc(-c2ccc3c(c2)C2(c4ccccc4-c4ccccc42)c2ccccc2-3)cc1,CCOC(C)=O,441.0
428,C[C@@]12SC(Cl)=CC1=c1nc(-c3ccc(Cl)cc3)[nH]c1=C1C=C(Cl)S[C@]12C,CC#N,449.0
11849,Cc1ccc(C2CC(c3ccc(O)cc3)=NN2c2ccc(S(N)(=O)=O)cc2)cc1,C1CCOC1,417.0
10556,F[B-]1(F)n2c(c3ccccc3c2-c2ccccc2)C(c2ccccc2)=C2c3ccccc3C(c3ccccc3)=[N+]21,ClCCl,664.0
3349,O=C([O-])c1cc(N2C(=O)C=CC2=O)ccc1-c1c2cc(F)c(=O)cc-2oc2cc([O-])c(F)cc12,O,520.0
6671,Cc1cc(=O)oc2cc3c4ccccc4c4ccccc4c3cc12,Cc1ccccc1,410.0
3002,N#Cc1ccc2cc(C#Cc3cn([C@H]4C[C@H](O)[C@@H](CO)O4)c4ncnc(N)c34)ccc2c1,CC#N,494.0
5358,O=P1(c2ccccc2)C(c2cc(C(F)(F)F)cc(C(F)(F)F)c2)=Cc2c3ccc4cccc5ccc(c6cc(-c7ccc(N(c8ccccc8)c8ccccc8)cc7)n1c26)c3c45,C1CCOC1,620.0
5843,Cc1cc(C)c(B(c2cc3c4c(c(B(c5c(C)cc(C)cc5C)c5c(C)cc(C)cc5C)cc5c4c2CCC5)CCC3)c2c(C)cc(C)cc2C)c(C)c1,CCCCCC,456.0
11790,CN(C)c1ccc(-c2ccc(-c3cc(N4CCCCC4)c(C#N)c4c3-c3ccccc3CC4)s2)cc1,CN(C)C=O,590.0
5354,O=P1(c2ccccc2)C(c2cc(C(F)(F)F)cc(C(F)(F)F)c2)=Cc2c3ccc4cccc5ccc(c6cc(-c7ccc(N(c8ccccc8)c8ccccc8)cc7)n1c26)c3c45,Cc1ccccc1,586.0
11079,F[B-]1(F)n2c(Cl)ccc2C(c2c(Cl)cccc2Cl)=C2C=CC(NCc3ccccc3)=[N+]21,CCCCCC,538.0
9222,CN(C)c1ccc(/C=C/C=C/c2nc3ccccc3s2)cc1,CCCCCC,478.0
2128,CC1=C(/C=C/c2ccccc2)C(C)=[N+]2C1=C(c1ccccc1)c1c(C)c(/C=C/c3ccccc3)c(C)n1[B-]2(F)F,ClC(Cl)Cl,633.0
9314,N#CC(C#N)=C(c1ccc(N(c2ccccc2)c2ccccc2)cc1)c1ccc(N(c2ccccc2)c2ccccc2)cc1,Cc1ccccc1,439.4849785
8005,Cc1cccc(C)c1,C1CCCCC1,291.5451895
2848,CC(=O)Nc1ccc(S(=O)(=O)O)c(/N=N/c2c(O)c3ccccc3n(C)c2=O)c1,O,549.0
10448,Cn1nc(-c2ccccc2)c2n[nH]nc2/c1=N\c1ccccn1,CCO,419.0
704,CC1CC=C(c2ccc(-c3ccc(C#N)s3)s2)CC1,C1CCOC1,443.0
6143,COc1ccc(-c2ccc3c(c2)c2cc(-c4ccc(OC)cc4)ccc2n3-c2ccc(C(=O)c3ccc4sc5ccccc5c4c3)cn2)cc1,Cc1ccccc1,479.2270531
6532,O=[N+]([O-])c1ccc(-c2nc3c(c4c2-c2ccccc2CC4)-c2ccccc2CC3)cc1,ClCCl,540.0
7711,CCOC(=O)c1cc(C(=O)OCC)c2cc(OC)ccc2n1,CCO,441.0
9171,c1ccc(-c2oc(-c3ccccc3)c3ccccc23)cc1,C1CCCCC1,448.0
9603,Cn1c(=O)c(/N=N/c2ccc(Nc3ccc([N+](=O)[O-])cc3S(=O)(=O)O)cc2)c(O)c2ccccc21,Cc1ccccc1,605.0
5664,CCCCCCCCCCCCN1C(=O)c2c(c3ccc4cc(-c5ccccc5)c(OC)cc4c3c3c2ccc2cc(-c4ccccc4)c(OC)cc23)C1=O,ClCCl,526.0
608,CCN(CC)c1ccc(/C=N/Nc2ccc(C#N)cc2)c(O)c1,ClC(Cl)Cl,410.0
2157,CCCCCCc1ccc2c(/C=N/c3cc(/N=C/c4c(O)ccc5cc(CCCCCC)ccc45)cc(/N=C/c4c(O)ccc5cc(CCCCCC)ccc45)c3)c(O)ccc2c1,C1CCOC1,509.0
4879,COC(=O)c1nc2c(N)nc(N(C)C)nc2n1Cc1ccccc1,CO,436.0
2210,CC(C)(C)NC(=O)c1cccc2ccc3c4ccc(Cl)cc4c4cc(Cl)ccc4c3c12,ClCCl,415.0
11422,CCn1c2ccccc2c2cc(/C=C3\C(=O)c4ccccc4S3(=O)=O)ccc21,CC(C)=O,544.0
3034,COc1ccc(/C=C/C2=CC(/C=C/c3ccc(OC)cc3)=[O+][B-](OC(C)=O)(OC(C)=O)O2)cc1,Cc1ccccc1,510.0
2879,Cc1nc(-c2ccccc2)c2ccccn12,C1CCCCC1,475.0
5888,CC(C)[Si]1(C(C)C)c2cc(C#N)ccc2-c2ccc(N(C)C)cc21,CCOCC,423.0
5066,O=C1/C(=C2\Sc3ccccc3C2=O)Sc2ccccc21,CO,624.0
1593,O=S1(=O)c2ccc(-n3c4ccccc4c4ccccc43)cc2-c2cc(-n3c4ccccc4c4ccccc43)ccc21,Cc1ccccc1,424.0
8424,O=CC1=C(c2ccc(-c3cccs3)s2)CC1,CCCCCC,464.0
9069,CC1(C)c2cccc(-c3nc(-c4ccccc4)nc(-c4ccccc4)n3)c2Oc2c(-n3c4ccccc4c4ccccc43)cccc21,CC(C)=O,469.0
758,C[Si](C)(C)c1ccc(-c2ccc(-c3ccc(-c4ccc(-c5ccc([Si](C)(C)C)cc5)s4)c4nsnc34)s2)cc1,C1CCOC1,620.0
6051,CN(C)c1ccc(C#Cc2ccc(C=O)cc2)cc1,CS(C)=O,578.5028347
3592,CN(C)CCCN1c2ccccc2Sc2ccc(Cl)cc21,CC#N,451.0
5333,CC(C)(C)c1ccc2c(c1)c1cc(C(C)(C)C)ccc1n2-c1cccc(C(=O)c2cccc(-n3c4ccc(C(C)(C)C)cc4c4cc(C(C)(C)C)ccc43)n2)n1,Cc1ccccc1,381.6425121
7051,CC(C)(C)c1cc2ccc3cc(C(C)(C)C)cc4c(N(c5ccccc5)c5ccccc5)cc(c1)c2c34,CCCCCC,415.0
12165,CC(C)(C)c1ccc2c(c1)c1cc(C(C)(C)C)ccc1n2-c1nc2ccccc2nc1-n1c2ccc(C(C)(C)C)cc2c2cc(C(C)(C)C)ccc21,Cc1ccccc1,527.0
6329,C[n+]1cc2ccc3c[n+](C)c4ccccc4c3c2c2ccccc21,CC#N,504.0
6921,c1ccc2c(-n3cnc4ccccc43)cccc2c1,C1CCOC1,359.0
7631,Cc1cc(C)c(B(c2ccc(-n3c4ccccc4c4ccccc43)cc2)c2c(C)cc(C)cc2C)c(C)c1,Cc1ccccc1,403.5
399,CC1(C)c2ccccc2N(c2ccc3c(c2)c2ccccc2n2c4ccccc4nc32)c2ccccc21,Cc1ccccc1,437.0
930,CC1=C2c3ccccc3C(c3[nH]c(C)cc3C)=[N+]2[B-](F)(F)n2c(C)cc(C)c21,CO,622.0
9272,O=c1c2ccccc2n2c3ccc(-c4ccccc4)cc3c(=O)c3cccc1c32,CCOC(C)=O,470.0
542,CN(C)c1ccc(/C=C/c2cc[n+](CCCCC[n+]3ccc(/C=C/c4ccc(N(C)C)cc4)cc3)cc2)cc1,O,597.0006686
10084,CCCC1=Cc2nc1ccc1[nH]c(cc1CCC)c1nc(c(OCc3ccc(C(=O)O)cc3)cc3[nH]c2cc3CCC)C(CCC)=C1,Cc1ccccc1,685.0
8271,N#Cc1ccc(C[C@H](N)C(=O)O)cc1,O=CO,294.1629687
3540,CCCCCCC(CCCCCC)n1c(=O)c2c3ccc4cccc5c6cccc7ccc(c2c1=O)c(c76)c3c45,CC#N,527.0
11530,c1ccc(Nc2nc(Nc3ccccc3)nc(Nc3ccc4c5cccc6cccc(c7cccc3c74)c65)n2)cc1,CC#N,492.0
1418,COc1cc(/C=C2/SC(=O)NC2=O)ccc1O,CO,424.0
4345,CC(=O)c1ccc(NC(=O)c2ccc(N(C)C)cc2)cc1,C1CCOC1,468.0
1989,C1=Cc2nc1c(-c1ccco1)c1ccc([nH]1)c(-c1ccco1)c1nc(c(-c3ccco3)c3ccc(s3)c2-c2ccco2)C=C1,ClCCl,729.0
5937,COc1cc(/C=C/c2cc[n+](Cc3ccc(Br)cc3)cc2)ccc1O,CC(C)O,559.0
5090,Oc1cc2c(cc1-c1nc3c4ccccc4c4ccccc4c3[nH]1)c1ccccc1n2-c1ccccc1,CCCCCC,505.0
4885,COC(=O)c1nc2cnc(N)nc2n1Cc1ccccc1,C1COCCO1,386.0
2055,CN(C)c1ccc(/C=C/c2ccc([N+](=O)[O-])c(O)c2)cc1,C1COCCO1,633.0
11616,Nc1ccc2c(C(F)(F)F)cc(=O)oc2c1,CCCCCCCCO,480.0
367,CN(C)c1ccc(-c2ccc(-c3ccc(N(C)C)cc3)c3nc(-c4ccccc4)c(-c4ccccc4)nc23)cc1,CCCCCC,538.0
1393,Cc1csc2[n+]1[B-](F)(F)OC(c1ccc(N(C)C)cc1)=N2,ClCCl,453.0
9815,CCN1c2ccc(/C=C(\C#N)c3ccccc3)cc2Sc2cc(/C=C(\C#N)c3ccccc3)ccc21,Cc1ccccc1,562.0
4702,CC1(C)c2ccccc2N(c2ccc(-c3ccc4c(c3)C(=O)c3ccc(-c5ccc(N6c7ccccc7C(C)(C)c7ccccc76)cc5)cc3C4=O)cc2)c2ccccc21,Cc1ccccc1,609.0
4442,CCCCC(CC)CN1C(=O)c2cccc3c(C#Cc4ccc(N(c5ccccc5)c5ccc(C#Cc6ccc7c8c(cccc68)C(=O)N(CC(CC)CCCC)C7=O)cc5)cc4)ccc(c23)C1=O,Cc1ccccc1,514.0
4194,CC[N+](CC)=c1ccc2c(-c3ccccc3C(=O)O)c3c(=O)oc4c5c6c(cc4c3oc-2c1)CCCN6CCC5,O,684.0
4429,F[B-]1(F)OC(c2ccccc2)=Nc2sc(-c3ccccc3)n[n+]21,CCOC(C)=O,411.0
10507,CCn1c2ccccc2c2cc(C#Cc3cc(C#Cc4ccc5c(c4)c4ccccc4n5CC)ncn3)ccc21,C1CCOC1,451.0
11771,O=C(O)C1CCCN1C(=O)c1ccc(C2CC(c3cccc4ccccc34)=NN2c2ccccc2)cc1,CO,492.0
7441,CN(C)c1ccc(/C=C/C(=O)c2ccc(Cl)cc2)cc1,CN(C)C=O,542.0
63,CCC12C(=C3C(=C4c5ccc(-c6ccc(CO)cc6)cc5S(=O)(=O)C41CC)C(F)(F)C(F)(F)C3(F)F)c1ccc(-c3ccc(CO)cc3)cc1S2(=O)=O,C1COCCO1,538.5654886
4374,N#Cc1ccc(C#Cc2ccc3ccc4ccc(C#Cc5ccc(C#N)cc5)c5ccc2c3c45)cc1,CCO,445.5
3312,CC1=CC(C)=[N+]2C1=C(c1ccccc1)c1c(C)cc(/C=C/c3ccc(O)cc3)n1[B-]2(F)F,O,590.0
134,CC1(C)C(/C=C/c2cc3ccc(O)cc3oc2=O)=[N+](CCCS(=O)(=O)[O-])c2ccc(S(=O)(=O)O)cc21,CS(C)=O,604.0
5412,COCCC1=Cc2nc1ccc1[nH]c(cc1CCOC)c1nc(c(O)cc3[nH]c2cc3CCOC)C(CCOC)=C1,Cc1ccccc1,688.0
11317,CCOC(=O)c1sc2nc(C)c(CC)c(C#N)c2c1N,c1ccccc1,541.0
10976,Cc1cc(C)c2c(c1)c1cc(C)cc(C)c1n2-c1ccc2c(c1)B(c1c(C(C)C)cc(C(C)C)cc1C(C)C)c1cc(-n3c4c(C)cc(C)cc4c4cc(C)cc(C)c43)ccc1N2c1ccccc1,ClCCl,453.4013605
10042,Nc1ccc2c(-c3ccccc3C(=O)[O-])c3ccc(=[NH2+])cc-3oc2c1,CCO,525.0
2344,Cn1ccc(=O)n(C)c1=O,CC#N,308.0
3526,COc1cc2sc3nc(-c4ccccc4OC)sc3c2cc1OC,CS(C)=O,438.0
5353,O=P1(c2ccccc2)C(c2cc(C(F)(F)F)cc(C(F)(F)F)c2)=Cc2c3ccc4cccc5ccc(c6cc(-c7ccc(N(c8ccccc8)c8ccccc8)cc7)n1c26)c3c45,CO,636.0
4084,O=c1c2cc(-n3c4ccccc4c4ccccc43)ccc2sc2ccc(-n3c4ccccc4c4ccccc43)cc12,ClC(Cl)Cl,493.5
5942,COc1cc(/C=C/c2cc[n+](Cc3ccc(Br)cc3)cc2)ccc1O,CO,566.0
10310,CN(C)c1ccc(/C=C/c2cc[n+](CCC[n+]3ccc(/C=C/c4ccc(N(C)C)cc4)cc3)cc2)cc1,CS(C)=O,610.001586
696,CN1/C(=C/C=C(/C=C/c2sc3ccccc3[n+]2C)c2cccc(C(F)(F)F)c2)Sc2ccccc21,CCO,665.0
427,COc1ccc(-c2cc3c(ccc4sc5ccc6sccc6c5c43)s2)cc1,ClCCl,409.0
7663,CN(C)c1ccc(C2=Cc3cccc[n+]3[B-](F)(F)O2)cc1,CC1CCCCC1,447.0
1579,c1ccc(-c2nc(-c3c[nH]c4ccccc34)n3ccccc23)cc1,CC#N,506.0
6742,C(=C/c1cnccn1)\c1ccc(N(c2ccccc2)c2ccccc2)cc1,C1CCOC1,487.0
7719,CCOC(=O)c1cc(C(=O)OCC)c2ccccc2n1,CCO,420.0
3447,CN1/C(=C/C=C(/C=C/C2=[N+](C)c3ccccc3C2(C)C)c2ccccc2)C(C)(C)c2ccccc21,O,661.0
8102,COC(=O)c1cc(OC)ccc1OC,CO,391.0
8985,CN(C)c1ccc(/C=C/C=C/c2ccncc2)cc1,C1COCCO1,488.0
2351,N#Cc1c(-n2c3ccc(Br)cc3c3cc(Br)ccc32)c(C#N)c(-n2c3ccc(Br)cc3c3cc(Br)ccc32)c(-n2c3ccc(Br)cc3c3cc(Br)ccc32)c1-n1c2ccc(Br)cc2c2cc(Br)ccc21,Cc1ccccc1,521.0
10056,CC1(C)C(/C=C/C2=C(Cl)/C(=C/C=C3/N(Cc4ccc(C(=O)O)cc4)c4ccccc4C3(C)C)CCC2)=[N+](Cc2ccc(C(=O)O)cc2)c2ccccc21,CO,814.0
4816,Cc1cc(-c2ccccc2C)cc(C)[o+]1,ClCCl,469.0
3126,CSc1sc(C(N)=O)c2nnn(C)c(=O)c12,CO,521.0
676,Cc1cc2ccc(-c3cccc4cccc(-c5ccc6cc(C)c(=O)oc6c5)c34)cc2oc1=O,C1COCCO1,399.0
4498,N#Cc1nn(-c2cc(F)cc(F)c2)nc1N1CCCC1,CC#N,435.0
10944,CS(=O)(=O)c1ccc(-c2cc3ccc(N)cc3c(=O)o2)cc1,CCCCCCCCO,461.0
8513,CSc1cc(-c2cc3cc4c5c(c3oc2=O)CCCN5CCC4)oc(=O)c1C#N,CC#N,603.0
7163,COc1ccc(C2=C3C=CC(=[N+](C)C)C=C3[Si](C)(C)c3cc(N(C)C)ccc32)c(OC)c1,O,663.0
8031,CCCCC(CC)COC(=O)/C=C/c1ccc(OC)c(OC)c1OC,CO,462.0
5153,c1cc2c3c(c1)ccc1[n+]3[B-]3(Oc4cccc5ccc6[n+](c45)[B-](O2)(O3)n2c-6cc3c4ccccc4c4ccccc4c32)n2c-1cc1c3ccccc3c3ccccc3c12,ClCCl,568.0
6743,C(=C/c1cnccn1)\c1ccc(N(c2ccccc2)c2ccccc2)cc1,CC#N,535.0
6453,F[B-]1(F)n2cccc2C(c2ccccc2)=C2C=CC(N3CCOCC3)=[N+]21,CCCCCC,548.0
6440,CCCn1c2cccc3oc4cccc5c4[c+](c32)c2c1cccc2n5CCC,CC#N,590.0
6436,CC1=CC(C)=[N+]2C1=C(c1ccc(I)cc1)c1c(C)cc(C)n1[B-]2(Oc1ccc([N+](=O)[O-])cc1)Oc1ccc([N+](=O)[O-])cc1,ClC(Cl)Cl,516.5027751
8452,c1ccc(-c2cc(-c3ccc(N(c4ccccc4)c4ccccc4)cc3)cc(-c3ccccc3)n2)cc1,CCO,505.0
9673,N#C/C(=C\C=C\c1ccccc1)c1ccc([N+](=O)[O-])cc1,CCCCCCC,456.0
9775,Cn1c(=O)c(/N=N/c2ccc(/N=N/c3ccc(S(=O)(=O)O)cc3)cc2)c(O)c2ccccc21,C1CCOC1,537.0
9157,CCCCCCCCCCCCNc1cccc2[n+]1[B-](F)(F)n1c(c3cccc4cccc1c43)=N2,C1CCOC1,523.0
12204,C(=C/c1nc(-c2ccccc2)c2ccccn12)\c1nc(-c2ccccc2)c2ccccn12,CC#N,491.0
6746,C(=C/c1cnccn1)\c1ccc(N(c2ccccc2)c2ccccc2)cc1,ClCCl,543.0
7919,O=C(/C=C(\O)c1ccc(N2c3ccccc3Oc3ccccc32)cc1)c1ccc(N2c3ccccc3Oc3ccccc32)cc1,c1ccc2c(c1)c1ccccc1n2-c1ccc(-c2ccc(-n3c4ccccc4c4ccccc43)cc2)cc1,550.3184713
2487,Cc1cc(C)c(C2=C3C=c4c(c5ccccc5c5ccccc45)=[N+]3[B-](F)(F)n3c2cc2c4ccccc4c4ccccc4c23)c(C)c1,ClCCl,692.5
10983,COc1ccc(/C=C/C2=[O+][B-](F)(F)OC(/C=C/c3ccc(OC)c4ccccc34)=C2c2ccccc2)c2ccccc12,CC#N,649.0
11289,COC1=C/C(=C\C=C2C=CN(Cc3ccc(Br)cc3)C=C2)C=CC1=O,CCCCO,640.0
2452,CC1=[N+]2C(=C(/C=C/c3ccc(C(F)(F)F)cc3)c3ccc(C)n3[B-]2(F)F)C=C1c1cc2n(c1)[B-](F)(F)[N+]1=CC=CC1=C2c1c(C)cc(C)cc1C,CCOC(C)=O,710.0
740,C[n+]1ccc(/C=C/c2ccc(N(c3ccccc3)c3ccc(/C=C/c4cc[n+](C)cc4)cc3)cc2)cc1,OCC(O)CO,649.0
0,COc1ccc(-c2c3ccccc3c(-c3ccc(OC)cc3)c3cc4sc(C)cc4cc23)cc1,ClCCl,469.0
5743,C[n+]1ccc(/C=C/c2ccc([O-])cc2)cc1,CC(C)=O,610.0
8978,CC(C)[Si](C#Cc1c2cc3ccccc3cc2c(C#Cc2ccc(Br)cc2)c2cc3ccccc3cc12)(C(C)C)C(C)C,ClCCl,663.0
4786,COc1ccc(N2c3sc4ccccc4c3Sc3sc4ccccc4c32)cc1,ClCCl,562.0
9343,O=Cc1c(O)c(-c2nc3ccccc3s2)cc2ccccc12,ClCCl,505.0
10219,c1cc2c3c(cccc3c1)C(N1CCOCCNCCOCCOCC1)=N2,CC#N,589.0
9782,Cc1ccc(N(c2ccc(C)cc2)c2ccc(-c3cc4c(cc(-c5ccc(N(c6ccc(C)cc6)c6ccc(C)cc6)cc5)c5nsnc54)c4nsnc34)cc2)cc1,ClCCl,683.0
3679,Cc1cc(=O)oc2c3c4c(cc12)CCCN4CCC3,CCO,473.0
8422,O=CC1=C(c2ccc(-c3cccs3)s2)CC1,C1CCOC1,470.0
8919,Oc1c(-c2nc3c4ccccc4c4ccccc4c3[nH]2)cc2c3c1CCCN3CCC2,CO,465.0
6714,COC(=O)c1ccc2c3ccc(C(=O)OC)c4c(C(=O)OC)ccc(c5ccc(C(=O)OC)c1c25)c43,C1COCCO1,480.0
5270,COC(=O)c1c2ccccc2nc2ccccc12,CCCCCO,432.0
10517,CC1(CCCCC(=O)NCCCCCCO)C(/C=C/C=C/C=C2/N(CCCS(=O)(=O)[O-])c3ccc(S(=O)(=O)[O-])cc3C2(C)C)=[N+](CCCS(=O)(=O)[O-])c2ccc(S(=O)(=O)[O-])cc21,O,672.0
8136,COCCOCCOCCOCCOc1cc(C=O)c(OCCOCCOCCOCCOC)cc1C=O,CNC=O,451.0
11896,CC(C)(C)c1ccc(-c2c3ccccc3c3n2[B-](F)(F)[N+]2=Cc4c5ccccc5c(-c5ccc(C(C)(C)C)cc5)n4[B-](F)(F)[N+]2=C3)cc1,CC#N,601.0
5363,CCCCC(CC)Cn1c2ccccc2c2ccc(-c3ccc4c(c3)S(=O)(=O)c3cc(-c5ccc6c7ccccc7n(CC(CC)CCCC)c6c5)ccc3-4)cc21,Cc1ccccc1,420.0
7063,O=C1OC(c2ccccc2)=N/C1=C\c1ccc(N(c2ccccc2)c2ccccc2)cc1,CCCCCCC,488.0
7740,c1ccc(-c2nc(-c3ccccc3)nc(-n3c4ccccc4c4cc(-n5c6ccccc6c6ccccc65)ccc43)n2)cc1,C1CCOC1,535.4267311
5228,CC1(C)CC(/N=C/c2ccc3ccc4cccc5ccc2c3c45)CC(C)(C)N1,CO,405.0
6755,CCC1(CC)c2cc(-c3ccc4c(c3)C(CC)(CC)c3cc(C(C)(C)C)ccc3-4)ccc2-c2ccc(-c3ccc4c(c3)C(CC)(CC)c3cc(C(C)(C)C)ccc3-4)cc21,CO,385.5932203
4549,N#CC(C#N)=C(c1cccc(N(c2ccccc2)c2ccccc2)c1)c1cccc(N(c2ccccc2)c2ccccc2)c1,Cc1ccccc1,442.9184549
7278,CC1=[N+]2C(=C(c3ccc(N4CCCCC4)cc3)c3ccc(C)n3[B-]2(F)F)C=C1,CC(C)=O,517.0
7371,CCN(CC)c1ccc2cc(-c3nc4cc(C(=O)Nc5ccccc5Cl)ccc4o3)c(=O)oc2c1,ClCCl,496.0
9864,Cn1c(=O)cc(C(=O)c2ccccc2)c2sc(-c3ccc(N(c4ccccc4)c4ccccc4)cc3)cc21,CC#N,504.0
12053,CN(C)c1ccc(/C=C2\CCCC2=O)cc1,CCOC(C)=O,448.0
9731,CC1(C)c2ccccc2-c2ccc(N3c4ccc(-c5ccc(/C=C6\C(=O)c7ccc(C(=O)O)cc7C6=O)s5)cc4C4CCCC43)cc21,ClC(Cl)Cl,741.0
4028,CCOC(=O)c1c(-c2c(Cl)c3ccccc3oc2=O)nn(-c2ccc(Br)cc2)c1C(=O)OCC,ClCCl,406.0
5015,Cc1ccccc1C1=C2C=c3c(oc4ccccc34)=[N+]2[B-](F)(F)n2c1cc1c3ccccc3oc12,C1CCCCC1,595.5
7708,CCOC(=O)c1cc(C(=O)OCC)c2cc(NC(=O)C(F)(F)F)ccc2n1,CCO,436.0
7625,COc1cc(OC)cc(-c2nnc(-c3cc(-c4nnc(-c5cc(OC)cc(OC)c5)o4)cc(-c4nnc(-c5cc(OC)cc(OC)c5)o4)c3)o2)c1,CC#N,447.0
11619,CCN(CC)c1ccc2cc(/C=C/C(O)=C/C(C)=O)c(=O)oc2c1,CC#N,542.0
216,COc1ccc(/C=C/c2nc(/C=C/c3ccc(N(C)C)cc3)cc(/C=C/c3ccc(N(C)C)cc3)n2)cc1,CC#N,581.0
6286,COC(=O)C(NC(=O)CCNc1cccc2ccccc12)c1ccccc1,CCO,415.0
3033,COc1ccc(/C=C/C2=CC(/C=C/c3ccc(OC)cc3)=[O+][B-](OC(C)=O)(OC(C)=O)O2)cc1,CS(C)=O,548.0
9261,Cc1cc(-c2c3ccccc3c(-c3ccc4ccccc4c3)c3ccccc23)c(C)cc1-c1ccc(N(c2ccccc2)c2ccccc2)cc1,ClC(Cl)Cl,420.0
7087,O=C1c2ccccc2-c2ccc(N3CCN(c4ccccc4)CC3)c3cccc1c23,CS(C)=O,613.0
921,Cc1ccc(C2=[N+]3C(=Cc4ccc(C)n4[B-]3(F)F)c3ccccc32)[nH]1,C1CCOC1,621.0
866,CCc1c(C)[nH]c(C2=[N+]3C(=Cc4c(C)c(CC)c(C)n4[B-]3(F)F)c3ccccc32)c1C,ClCCl,650.0
6934,CCCCC1(c2ccc(OC)cc2)Nc2ccccc2N=C1c1ccc(OC)cc1,CCCCCC,485.0
8614,CCC1=C(C)C2=C(C)c3c(C)c(CC)c(C)n3[B-](F)(F)[N+]2=C1C,ClCCl,534.0
17,c1ccc2c(-c3ccc(-c4nnc(-c5ccc(-c6nnc(-c7ccc(-c8cccc9ccccc89)s7)o6)cc5)o4)s3)cccc2c1,CC#N,458.0
8375,COC(=O)C(Cc1ccc2oc(-c3ccc4c(c3)c3ccccc3n4-c3ccccc3)nc2c1)NC(=O)OC(C)(C)C,CC(O)CO,396.4949843
7346,O=C(N/N=C/c1ccccc1O)c1ccccc1,ClCCl,392.0
4502,c1ccc(-n2c3c(c4c2-c2ccccc2C42c4ccccc4-c4ccccc42)C2(c4ccccc4-c4ccccc42)c2ccccc2-3)cc1,C1CCOC1,408.0
10586,CCN(CC)c1ccc2cc(-c3cn4ccccc4n3)c(=O)oc2c1,Cc1ccccc1,469.0
6740,Oc1ccc(C2=N[N+]3=Cc4c(ccc5ccccc45)O[B-]3(c3ccc([B-]45OC(c6ccc(O)cc6)=N[N+]4=Cc4c(ccc6ccccc46)O5)cc3)O2)cc1,C1CCOC1,477.0
7586,Cc1cc(C)nc(N)n1,CCO,337.0
3601,CC(C)(C)c1ccc2oc3nc4oc5cc(-n6c7ccccc7c7ccccc76)ccc5c4cc3c2c1,ClC(Cl)Cl,396.0
10707,COc1cc2c(cc1/C=C/C(=C(C#N)C#N)c1ccccc1)c1ccccc1n2C,ClC(Cl)Cl,554.0
3295,c1ccc(/C(=C(\c2ccccc2)c2ccccc2-c2ccc(-c3ccccc3)cc2)c2ccccc2-c2ccc(-c3ccccc3)cc2)cc1,C1CCOC1,492.0
10008,CCNc1ccc(NCC)c2c1C(=O)c1ccccc1C2=O,CN(C)C=O,680.0
3448,Cc1c(C)n2c(COC(=O)CNC(=O)OC(C)(C)C)c(C)c(=O)n2c1=O,CCO,459.0
1783,Cc1cc(O)c(C(=O)/C=C/c2ccccc2O)c(=O)o1,CC#N,510.0
5822,COc1cc2c(cc1OC)C1=C[C@H](c3ccc(C)cc3)C3(C(C#N)=C(C#N)N1CC2)c1ccccc1-c1ccccc13,ClCCl,403.0
6479,COc1ccc(-c2nc3c(c4c2-c2ccccc2CC4)-c2ccccc2CC3)cc1,CO,428.0
4401,CCn1c2ccccc2c2c3nsnc3c3c4ccccc4n(CC)c3c21,Cc1ccccc1,470.0
5323,Cc1ccc(-c2ccc3ccc4cc(C(C)(C)C)cc5ccc2c3c45)cc1,ClCCl,384.0
795,Cc1cc(-c2ccc(-c3ccccc3)cc2)cc(C)[o+]1,ClCCl,501.0
3204,COc1ccc2nc(N)n[n+]([O-])c2c1,O,547.0
11398,C[N+]1=C(/C=C/C=C2/N(CCCS(=O)(=O)[O-])c3ccccc3C2(C)C)C(C)(C)c2ccccc21,CS(C)=O,565.0
4398,O=Cc1cc(N2CCCCC2)c2ccc3c(N4CCCCC4)cc(N4CCCCC4)c4ccc1c2c43,Cc1ccccc1,554.0
6568,COc1c(/C=N/Nc2ccc(C#N)cc2)ccc2ccccc12,CC#N,458.0
9969,c1ccc2c(c1)ccc1c3ccccc3ccc21,ClCCl,366.0
5262,O=C(O)c1c2ccccc2nc2ccccc12,CCCO,422.0
11936,F[B-]1(F)n2c(Nc3cccc4cccnc34)ccc2C(c2ccccc2)=C2C=CC(Cl)=[N+]21,CC#N,580.0
6885,COc1cc(OC)cc(C2=[O+][B-](F)(F)OC(c3ccc4cc(OC)ccc4c3)=C2)c1,CCCCCC,430.9526775
6176,CN(C)c1ccc(/C=C2/N=C(c3ccccc3)OC2=O)cc1,ClC(Cl)Cl,518.0
532,c1ccc2c(c1)[nH]c1ncccc12,CC#N,351.0
2470,O=C([O-])c1c(Cl)c(Cl)c(Cl)c(Cl)c1-c1c2cc(Cl)c(=O)c(Cl)c-2oc2c(Cl)c(O)c(Cl)cc12,O,553.0
5196,CC1=C(c2cccs2)C(C)=[N+]2C1=C(c1ccc(OS(=O)(=O)c3ccc([N+](=O)[O-])cc3[N+](=O)[O-])cc1)c1c(C)c(-c3cccs3)c(C)n1[B-]2(F)F,CO,609.0
1697,CC(=O)Nc1ccccc1C(=O)OC1CC(C)CCC1C(C)C,C1CCCCC1,363.0
4064,O=C1/C(=C\c2ccc(N(c3ccccc3)c3ccccc3)cc2)S(=O)(=O)c2ccccc21,ClC(Cl)Cl,626.0
8374,COC(=O)C(Cc1ccc2oc(-c3ccc4c(c3)c3ccccc3n4-c3ccccc3)nc2c1)NC(=O)OC(C)(C)C,CC(C)OC(C)C,384.4970778
11601,CC(=O)c1c(N[C@H](C(=O)O)C(C)C)c2ccc(N(C)C)cc2oc1=O,ClCCl,446.0
11241,O=c1oc2ccc(Cl)cc2cc1-c1cc2cc(Cl)ccc2o1,CS(C)=O,488.0
7290,CC1=[N+]2C(=C(c3ccc(N4CCCCC4)cc3)c3ccc(C)n3[B-]2(F)F)C=C1,Cc1ccccc1,593.0
10545,O=C1c2ccccc2-c2ccc(Nc3nc(Cl)nc(Cl)n3)c3cccc1c23,Clc1ccccc1,514.9330587
683,CCCN1/C(=C/C=C(/C=C/c2sc3ccccc3[n+]2CCC)c2ccc([N+](=O)[O-])cc2)Sc2ccccc21,O,669.0
4874,COC(=O)c1nc2c(N(C)C)nc(N)nc2n1Cc1ccccc1,CC#N,399.0
2802,CCCCCCCCOc1ccc(C#Cc2ccc(C#Cc3ccc(OCCCCCCCC)c(OCCCCCCCC)c3)c3nc4c5ccccc5c5ccccc5c4nc23)cc1OCCCCCCCC,Cc1ccccc1,541.0
2444,CN(C)c1ccc(/C=C/c2nc(/C=C/c3ccc(N(C)C)cc3)c3ccccc3n2)cc1,C1CCOC1,540.0
577,COc1ccc(C2=C(Br)C(c3ccccc3)=[N+]3C2=Nc2c(-c4ccc(OC)cc4)c(Br)c(-c4ccccc4)n2[B-]3(F)F)cc1,Cc1ccccc1,691.0
11385,CC1(C)CCc2c(c3ccccc3c3nc4c5c(c6ccccc6c4nc23)OC(C)(C)CC5)O1,CO,478.9272031
5528,CS(=O)(=O)Nc1ccc(-c2c3nc(c(-c4ccc(NS(C)(=O)=O)cc4)c4ccc([nH]4)c(-c4ccc(NS(C)(=O)=O)cc4)c4nc(c(-c5ccc(NS(C)(=O)=O)cc5)c5ccc2[nH]5)C=C4)C=C3)cc1,CN(C)C=O,655.0
9231,CN(C)c1ccc(/C=C/C=C/c2nc3ccccc3s2)cc1,ClCCl,533.0
8294,N#Cc1cccc(N)c1,CCCCCC,339.8660986
3344,Cn1c2ccccc2[c+](-c2ccccc2)c2cc([N+](=O)[O-])ccc21,CS(C)=O,473.98
11015,c1cnc(-c2c3ccccc3c(-c3ncccn3)c3ccccc23)nc1,ClCCl,439.0
7732,CCOC(=O)C1=C(C)NC2=C(C(=O)c3ccccc32)C1c1ccc(N(C)C)cc1,ClC(Cl)Cl,532.0
5027,O=Cc1ccc(C2=C3C=c4c(oc5ccccc45)=[N+]3[B-](F)(F)n3c2cc2c4ccccc4oc23)cc1,Cc1ccccc1,620.5
761,C(=C/c1cc[n+]2ccc(/C=C/c3ccsc3)cc2c1)\c1ccsc1,CO,529.0
8008,C=Cc1ccc(OC)c(OC)c1,C1CCCCC1,331.0
5609,CCCN1c2ccccc2Sc2cc(/C=C\c3cc(=O)oc4cc(C)ccc34)ccc21,ClC(Cl)Cl,631.0
796,COc1ccc(-c2nc(C)cc(-c3ccc(-n4c5ccccc5c5ccccc54)cc3)n2)cc1,ClC(Cl)Cl,421.0
7131,CCOC(=O)COc1ccccc1C(c1c(C)[nH]c2ccccc12)c1c(C)[nH]c2ccccc12,O,350.0
6577,CCCCC1(c2ccccc2)Nc2c(-c3ccc(N(C)c4ccccc4)cc3)ccc(-c3ccc(N(C)c4ccccc4)cc3)c2N=C1c1ccccc1,C1CCOC1,580.0
6075,COC(=O)c1ccc(C#Cc2ccc(N(C)C)cc2)cc1,C1COCCO1,450.0045
4639,C(=C/c1cnc2ccccc2n1)\c1ccc(N2CCCCC2)cc1,CC#N,617.0
6854,c1ccc(N(c2ccccc2)c2ccccc2)cc1,CCO,353.0
10376,O=C(N/N=C/c1ccccc1O)c1cc2ccccc2cc1O,CS(C)=O,557.0
10226,CC1(C)Cc2c(c3ccccc3c3nc4c5c(c6ccccc6c4nc23)OC(C)(C)C5)O1,CCCCCC,489.4762604
3898,COc1ccc2c(c1)c1cc(OC)ccc1n2-c1cccc(-n2c3ccc(OC)cc3c3cc(OC)ccc32)c1C#N,Cc1ccccc1,460.0
2874,COc1ccc(C#Cc2ccc(C#Cc3ccc(P(=O)(c4ccc(C#Cc5ccc(C#Cc6ccc(OC)cc6)cc5)cc4)c4ccc(C#Cc5ccc(C#Cc6ccc(OC)cc6)cc5)cc4)cc3)cc2)cc1,CS(C)=O,443.0
5916,C[Si](C)(C)[Si](C)(C)c1ccc2cc3ccccc3cc2c1,CC#N,412.0
8200,COCCOc1cc(C=O)c(OCCOC)cc1C=O,CC(C)CO,479.0
12256,CC1(C)C(/C=C/C=C/c2cc3ccc(O)cc3oc2=O)=[N+](CCCS(=O)(=O)[O-])c2ccccc21,CS(C)=O,653.0
10420,CN(C)CCCN1c2ccccc2CCc2ccc(Cl)cc21,CC#N,348.0
2057,CN(C)c1ccc(/C=C/c2ccc([N+](=O)[O-])c(O)c2)cc1,Cc1ccccc1,605.0
5795,COc1ccc(-c2cc3c4c(c2)CCc2cc(-c5ccc(OC)cc5)cc(c2-4)CC3)cc1,CCO,386.9892473
5426,CCCCCCCCCCCCCCCCCCN1C(=O)c2cccc3c(OCCN(C)C)ccc(c23)C1=O,CN(C)C=O,516.0
8961,c1ccc(-c2nc(-c3ccc(N4c5ccccc5Sc5ccccc54)cc3)nn2-c2ccc(N3c4ccccc4Sc4ccccc43)cc2)nc1,ClCCl,490.0
7028,N#Cc1coc2ccccc2c1=O,CC(C)O,411.0
3755,O=C1c2ccccc2-c2c(-c3ccccc3)c(-c3ccccc3)c(-c3ccccc3)c3cccc1c23,CC#N,498.0
455,CN(C)c1ccc(C2=Nc3scc(-c4ccccc4)[n+]3[B-](F)(F)O2)cc1,ClCCl,454.0
6700,CCCCCCCC(=O)Oc1ccc2c3cccc4c(OC(=O)CCCCCCC)ccc(c5cccc1c52)c43,ClC(Cl)(Cl)Cl,456.9876679
11867,NS(=O)(=O)c1ccc(N2N=C(c3ccc(O)cc3)CC2c2ccc(Br)cc2)cc1,CS(C)=O,424.0
6312,CN(C)c1ccc(/C=C/C(=C(C#N)C#N)c2ccc3c4c(cccc24)CC3)cc1,ClC(Cl)Cl,568.0
5224,Cc1ccc(C2CC(=O)Oc3c2c2nc4ccc(C)cc4nc2c2ccccc32)cc1,ClC(Cl)Cl,442.0
10950,CCN(CC)c1ccc2cc(-c3ccc(C(F)(F)F)cc3)oc(=O)c2c1,CCOC(C)=O,443.0
1041,CC(C)(C)c1ccc2c(c1)sc1[n+]2[B-](F)(F)n2c(c3cccc4cccc2c43)=C1C#N,ClCCl,543.0
7747,CCCCC1(CCCC)c2ccccc2-c2ccc(-c3c4c(nc5ccccc35)-c3cc5c(cc3CC4)-c3nc4ccccc4c(-c4ccc6c(c4)C(CCCC)(CCCC)c4ccccc4-6)c3CC5)cc21,ClC(Cl)Cl,385.0
4889,COC(=O)c1nc2cnc(N)nc2n1Cc1ccccc1,O,420.0
6338,CC1=[N+]2C(=c3c4c5ccccc5cc5cccc(c6cc(C)n(c36)[B-]2(F)F)c54)C=C1,C1CCOC1,637.0
173,CCCCOc1ccc(-c2oc3c(-c4ccc(OCCCC)cc4)c4n(c3c2-c2ccc(OCCCC)cc2)[B-](F)(F)[N+]2=Cc3c(-c5ccc(OCCCC)cc5)c5oc(-c6ccc(OCCCC)cc6)c(-c6ccc(OCCCC)cc6)c5n3[B-](F)(F)[N+]2=C4)cc1,ClCCl,667.0
6647,CCOC(=O)c1sc2nc(-c3ccccc3)c(C)c(C#N)c2c1N,CC#N,570.0
169,CCCCOc1ccc(-c2oc3c(-c4ccc(OCCCC)cc4)c4n(c3c2-c2ccc(OCCCC)cc2)[B-](F)(F)[N+]2=Cc3c(-c5ccc(OCCCC)cc5)c5oc(-c6ccc(OCCCC)cc6)c(-c6ccc(OCCCC)cc6)c5n3[B-](F)(F)[N+]2=C4)cc1,CN(C)C=O,672.0
7286,CC1=CC(C)=[N+]2C1=C(c1ccc(N3CCCCC3)cc1)c1c(C)cc(C)n1[B-]2(F)F,CO,514.0
9051,N#Cc1cccc2[nH]ccc12,O,405.0
9124,Nc1ccc2c(c1)Cc1ccccc1-2,CCOC(C)=O,360.0
10346,CCCn1c2cccc3c2[c+]2c4c1cccc4n(CCC)c1cccc(c12)n3CCC,CC#N,557.0
11600,CC(=O)c1c(N[C@@H](CS)C(=O)O)c2ccc(N(C)C)cc2oc1=O,ClCCl,424.0
7797,COc1ccc2c(c1)C(=O)c1ccccc1-2,C1CCCCC1,518.0
1272,CCCCC(CC)Cn1c2cc(C#N)c(-c3ccc(N(c4ccccc4)c4ccccc4)cc3)cc2c2cc(-c3ccc(N(c4ccccc4)c4ccccc4)cc3)c(C#N)cc21,ClC=C(Cl)Cl,478.0
10103,CC1(C)C(/C=C/c2cc3ccc(O)cc3oc2=O)=[N+](CCCS(=O)(=O)[O-])c2ccc3c(S(=O)(=O)O)cc(S(=O)(=O)O)cc3c21,CS(C)=O,625.0
960,CCCCCCc1ccc(-n2c3c4cccc(OC)c4nc(-c4ccc(C)cc4)c3c3c2c2c(-c4ccc(C)cc4)nc4c(OC)cccc4c2n3-c2ccc(CCCCCC)cc2)cc1,ClC(Cl)Cl,464.0
5608,CCCN1c2ccccc2Sc2cc(/C=C\c3cc(=O)oc4cc(C)c(Cl)cc34)ccc21,ClC(Cl)Cl,648.0
4738,Cc1ccc(-c2cc(-c3ccccc3)c(C#N)c(=S)[nH]2)cc1,CN(C)C=O,502.0
3208,Nc1nc2ccccc2[n+]([O-])n1,CC#N,478.0
2771,Cc1ccc(-c2ccc(/C=C/c3cccn3C)cn2)nc1,Cc1ccccc1,459.0
883,CCc1c(C)c2n(c1C)[B-](F)(F)[N+]1=C(c3ccc[nH]3)c3ccccc3C1=C2C,Cc1ccccc1,630.0
5728,Cc1cccc(Nc2ccccc2C(=O)O)c1C,CCOC(C)=O,439.0
6323,C(#Cc1cccc(C#Cc2ccc(-n3c4ccccc4c4ccccc43)cc2)c1)c1ccc(-n2c3ccccc3c3ccccc32)cc1,Cc1ccccc1,374.0
9448,CC(C)(C)c1ccc(-c2nc3c4ccc(-c5ccc6ccccc6c5)cc4c4cc(-c5ccc6ccccc6c5)ccc4c3n2-c2ccc(C(C)(C)C)cc2)cc1,CCCCOCCCC,394.0
799,COc1ccc(-c2nc(C)cc(-c3ccc(-n4c5ccccc5c5ccccc54)cc3)n2)cc1,Cc1ccccc1,390.0
5640,CN(C)c1ccc(/C=C/c2ccc(-c3nc(C#N)c(C#N)n3C)cc2)cc1,CC#N,530.0
1655,COc1ccc(C2=[N+]3C(=C(c4ccc(C#N)cc4)c4cc(-c5ccc(C#N)cc5)c(-c5ccc(OC)cc5)n4[B-]3(F)F)C=C2c2ccc(C#N)cc2)cc1,Cc1ccccc1,677.0
1730,C/C(=C\c1ccc(Cl)cc1)c1nc2ccccc2s1,C1CCCCC1,390.0
3133,CCOC(=O)c1sc(SC)c2c(=O)[nH]nnc12,CS(C)=O,491.0
2991,Fc1c(F)c(F)c([B-]2(c3c(F)c(F)c(F)c(F)c3F)Oc3c(ccc4c5c(ccc34)C=[N+](c3ccccc3)[B-](c3c(F)c(F)c(F)c(F)c3F)(c3c(F)c(F)c(F)c(F)c3F)O5)C=[N+]2c2ccccc2)c(F)c1F,Cc1ccccc1,580.0
9979,COc1nc(Nc2cc3ccc4cccc5ccc(c2)c3c45)nc(OC)n1,CC#N,393.0
6234,CCOC(=O)/C(C#N)=C\c1ccc2c(c1)c1ccccc1n2-c1ccc(C)cc1,ClC(Cl)Cl,482.0
9447,CC(C)(C)c1ccc(-c2nc3c4ccc(-c5ccc6ccccc6c5)cc4c4cc(-c5ccc6ccccc6c5)ccc4c3n2-c2ccc(C(C)(C)C)cc2)cc1,CCCCCC,392.0
2910,CN(C)c1ccc(C2=C(c3ccccc3)c3oc4ccccc4[n+]3[B-](F)(F)O2)cc1,C1CCOC1,476.0
7768,Nc1ccc2c(c1)-c1ccccc1C2=O,CCO,592.0
3852,O=S(=O)(/N=c1\oc2cccc3c4c(-c5ccccc5)oc5cccc(c(c1-c1ccccc1)c23)c54)C(F)(F)F,CCCCCC,535.0
7664,CN(C)c1ccc(C2=Cc3cccc[n+]3[B-](F)(F)O2)cc1,CCOC(C)=O,499.0
9239,O=c1c2ccccc2n2c3ccccc3c(=O)c3cc(-c4ccccc4)cc1c32,CN(C)C=O,477.0
9311,N#CC(C#N)=C(c1ccc(N(c2ccccc2)c2ccccc2)cc1)c1ccc(N(c2ccccc2)c2ccccc2)cc1,C1CCCCC1,413.304721
7660,O=C1/C(=C/C=C/c2cc3c4c(c2)CCCN4CCC3)CC/C1=C\C=C\c1cc2c3c(c1)CCCN3CCC2,ClCCl,723.0
4819,COc1ccc(-c2cnc(C#Cc3ccccc3)o2)cc1OC,ClCCl,410.0
7482,CCN(CC)c1ccc2cc(/C=C/C3=CC(/C=C/c4cc5ccc(N(CC)CC)cc5oc4=O)=[O+][B-](F)(F)O3)c(=O)oc2c1,CN(C)C=O,729.0
3387,CCCC1(CCC)c2ccccc2-c2ccc(-c3ccc4c(c3)C(CCC)(CCC)c3cc(-c5ccc6c(c5)C(CCC)(CCC)c5cc(-c7ccc8c(c7)C(CCC)(CCC)c7ccccc7-8)ccc5-6)ccc3-4)cc21,C1CCCCC1,407.0
1160,COc1ccc(/C=N/c2cc(C(C)C)c(O)cc2C)cc1,C1COCCO1,407.0
1479,COc1cc(OC)cc(-c2ccc(-c3ccc(C#N)s3)s2)c1,CO,448.0
10101,C(#Cc1cccs1)C(C#Cc1cccs1)=Cc1ccc(C=C(C#Cc2cccs2)C#Cc2cccs2)s1,ClC(Cl)Cl,550.0
11072,CN1c2ccc(C(=O)c3ccccc3)cc2Sc2cc(C(=O)c3ccccc3)ccc21,C1CCOC1,531.0
8455,c1ccc(C2(c3ccccc3)c3cc4c(cc3-c3sc5ccccc5c32)C(c2ccccc2)(c2ccccc2)c2c-4sc3ccccc23)cc1,C1CCOC1,408.0
5230,COc1ccc(-c2ncc3ccccn23)cc1,ClC(Cl)Cl,469.0
9717,CCc1ccc(-c2nc(-c3ccc(-n4c5ccccc5c5ccccc54)cc3)cc(-c3ccc(-n4c5ccccc5c5ccccc54)cc3)n2)cc1,Cc1ccccc1,402.0
2769,Cc1ccc(-c2ccc(/C=C/c3cccn3C)cn2)nc1,CO,507.0
720,CC1CC=C(c2ccc(-c3cccs3)s2)CC1,OCCOCCO,414.0
586,C#CCOc1ccc(C2=[N+]3C(=Nc4c(-c5ccccc5)cc(-c5ccc(O)cc5)n4[B-]3(F)F)C(c3ccccc3)=C2)cc1,Cc1ccccc1,711.0
6950,O=c1c2ccc(N3CCCCC3)cc2oc2cc(N3CCCCC3)ccc12,ClCCl,407.4688797
9885,O=C1c2cccc3c(-n4c5ccccc5c5ccccc54)ccc(c23)C(=O)N1c1ccccc1,ClCCl,568.0
7301,CCN(CC)c1cccc2c1ccc1c(=O)oc(-c3ccc(C(F)(F)F)cc3)cc12,CO,604.0
3680,Cc1cc(=O)oc2c3c4c(cc12)CCCN4CCC3,O,489.0
4672,Cc1ccc(-c2nnc(-c3ccc4ccc5cccc6ccc3c4c56)o2)cc1,ClC(Cl)Cl,426.0
11825,NS(=O)(=O)c1ccc(N2N=C(c3ccc(O)cc3)CC2c2ccccc2)cc1,CC(C)O,423.0
7297,CCN(CC)c1cccc2c1ccc1c(=O)oc(-c3ccc(C(F)(F)F)cc3)cc12,CCCO,587.0
7838,c1ccc2c(c1)-c1ccccc1C21c2ccccc2-c2ncccc21,CC1CCCO1,333.0
5261,O=C(O)c1c2ccccc2nc2ccccc12,CCCCO,422.0
7771,O=C1c2ccccc2-c2ccccc21,C1CCCCC1,463.0
1147,Cc1cc(O)c(C(C)C)cc1/N=C/c1ccc(C(F)(F)F)cc1,CCCCO,436.0
10394,CCCCC1=Cc2c3ccc4cccc5ccc(c6cc(-c7ccc(N(c8ccccc8)c8ccccc8)cc7)n(c26)P1(=O)c1ccccc1)c3c45,C1CCCCC1,502.0
11438,c1ccc2cc(-c3c4ccccc4c(-c4ccc(-c5ccc(-n6c7ccccc7c7ccccc76)cc5)cc4)c4ccccc34)ccc2c1,ClCCl,427.0
2069,COC(=O)C(Cc1ccc2oc(-c3ccc(N(c4ccccc4)c4ccccc4)cc3)nc2c1)NC(=O)OC(C)(C)C,CCCCCC,392.749838
4755,N#Cc1cc(-n2c3ccccc3c3ccccc32)c(-n2c3ccccc3c3ccccc32)cc1C#N,C1CCOC1,501.0
10490,CCn1c2ccccc2c2cc(C#Cc3cc(C#Cc4ccc5c(c4)c4ccccc4n5CC)nc(C#N)n3)ccc21,Cc1ccccc1,445.0
8565,Nc1ccc2c(c1)C(=O)NC2=O,C1COCCO1,435.0
12031,COc1ccc(-c2c3ccc([nH]3)c3nc(c(-c4ccc([N+](=O)[O-])cc4)c4ccc([nH]4)c4ccc([nH]4)c(-c4ccc(OC)cc4)c4ccc2o4)C=C3)cc1,c1ccccc1,739.0
4682,O=S(=O)(c1cccc(N2c3ccccc3Sc3ccccc32)c1)c1cccc(N2c3ccccc3Sc3ccccc32)c1,C1CCOC1,596.0
4731,Cc1ccc(-c2cc(-c3ccccc3)c(C#N)c(=S)[nH]2)cc1,C1COCCO1,506.0
5473,Cc1cc(C)c(B(c2c(C)cc(C)cc2C)c2cc3cc(N(C)C)c4ccccc4c3c3c2ccc2ccccc23)c(C)c1,c1ccccc1,539.0
3544,CCCCCCC(CCCCCC)n1c(=O)c2c3ccc4cccc5c6cccc7ccc(c2c1=O)c(c76)c3c45,CCOCC,495.0
1747,CN(C)c1ccc(/C=C/c2nc3ccccc3s2)cc1,CCOCC,460.0
11950,CCCCCCn1c2cc(/C=C(\C#N)c3cccs3)ccc2c2ccc(/C=C(\C#N)c3cccs3)cc21,ClC(Cl)Cl,469.4835681
8772,COc1ccc(C2=[O+][B-](F)(F)OC(c3ccc4c(c3)Cc3ccccc3-4)=C2)cc1,CC#N,466.0
2807,CN(c1ccccc1)c1ccc(/C=C/c2ccccc2)cc1,CCCCCC,385.0
11890,CC(C)(C)c1ccc2c(c1)c1cc(C(C)(C)C)ccc1n2-c1ccc(-n2c3ccc(C(C)(C)C)cc3c3cc(C(C)(C)C)ccc32)c(C(=O)c2ccncc2)c1,ClCCl,561.3970588
1501,Oc1ccccc1/N=C/c1ccccc1Oc1ccccc1,ClC(Cl)Cl,410.0
10401,CCCCC1=Cc2c3ccc4cccc5ccc(c6cc(-c7ccc(N(c8ccccc8)c8ccccc8)cc7)n(c26)P1(=O)c1ccccc1)c3c45,ClC(Cl)Cl,537.0
10994,N#CC(C#N)=Cc1ccc2c(c1)[nH]c1c3ccccc3ccc21,CN(C)C=O,594.0
8132,COCCOCCOCCOCCOc1cc(C=O)c(OCCOCCOCCOCCOC)cc1C=O,CCCCO,479.0
2390,CN(C)c1ccc2nc(-c3ccc(C(=O)O)cc3)sc2c1,C1CCCCC1,426.0
2684,CCN(CC)c1ccc2c(-c3ccc(S(=O)(=O)[O-])cc3S(=O)(=O)[O-])c3ccc(=[N+](CC)CC)cc-3oc2c1,CN(C)C=O,574.0
11912,COc1ccc(Nc2nc(/C=C/c3ccccc3)[n+]([O-])c3c2CCCC3)cc1,ClCCl,520.0
103,Nc1ccc(/C=C/c2cccnc2)cc1,CC#N,446.0
10275,CCN(CC)c1ccc2cc(/C=C/C(=O)/C=C(O)/C=C/c3cc4ccc(N(CC)CC)cc4oc3=O)c(=O)oc2c1,C1CCOC1,568.0
10876,N#C/C(=C\c1ccncc1)c1nc(-c2ccccc2)cs1,CC#N,495.0
1626,CC(=O)c1cc(=O)n(C)c2cc(-c3ccc(N(C)C)cc3)sc12,ClCCl,610.0
2473,O=C([O-])c1c(Cl)c(Cl)c(Cl)c(Cl)c1-c1c2cc(I)c(=O)c(I)c-2oc2c(I)c([O-])c(I)cc12,CO,571.0
484,CN(C)c1ccc(/C=C/C=C/C=C/c2ccc(N(C)C)cc2)cc1,ClCCl,488.0
6504,c1ccc(-c2nc3c(c4c2-c2ccccc2CC4)-c2ccccc2CC3)cc1,CCCCCC,363.0
9599,Cn1c(=O)c(/N=N/c2ccc(Nc3ccc([N+](=O)[O-])cc3S(=O)(=O)O)cc2)c(O)c2ccccc21,CC(C)=O,617.0
9099,CCC1(CC)c2cc(C=O)ccc2-c2ccc(N(C)C)cc21,CCOCC,436.0
11245,COc1ccc2oc(-c3cc4cc(OC)ccc4oc3=O)cc2c1,CS(C)=O,484.0
11821,NS(=O)(=O)c1ccc(N2N=C(c3ccc(O)cc3)CC2c2ccc([N+](=O)[O-])cc2)cc1,O,451.0
2183,CCN1c2ccc(/C=N/Nc3ccccn3)cc2Sc2cc(-c3ccccc3)ccc21,Cc1ccccc1,485.0
9084,c1ccc(-c2nc(-c3ccccc3)nc(-n3c4ccccc4c4cc(-n5c6ccccc6c6ccccc65)cc(-n5c6ccccc6c6ccccc65)c43)n2)cc1,Cc1ccccc1,465.0563607
3643,C[C@]12SC(=O)C=C1c1nc(-c3ccccc3O)[nH]c1C1=CC(=O)S[C@@]12C,CC#N,407.0
9575,COC(=O)C(Cc1ccc2oc(-c3ccc(-n4c5ccccc5c5ccccc54)cc3)nc2c1)NC(=O)OC(C)(C)C,CCOCC,402.3173479
4115,N#Cc1c(-c2ccc([N+](=O)[O-])cc2)cc(-c2ccc([N+](=O)[O-])cc2)[nH]c1=O,ClC(Cl)Cl,475.0
6393,CCN1C(=CC=Cc2n(CC)c3cc(Cl)c(Cl)cc3[n+]2CC)N(CC)c2cc(Cl)c(Cl)cc21,CC#N,529.0
5378,COC(=O)C1=C(C(=O)OC)C2=C[C@H]3c4ccccc4[C@]2(S1)c1ccccc13,c1ccccc1,477.0
291,CN(CCO)c1ccc(/C=C/C2=CC(=C(C#N)C#N)CC(C)(C)C2)cc1,CC(C)=O,648.0
12158,c1ccc2nc(-n3c4ccccc4c4ccccc43)c(-n3c4ccccc4c4ccccc43)nc2c1,C1CCOC1,516.7938931
6814,COc1cccc(-n2c(-c3ccccc3)nc(C)c2C)c1,CCOC(C)=O,370.0
2447,CN(C)c1ccc(/C=C/c2nc(/C=C/c3ccc(N(C)C)cc3)c3ccccc3n2)cc1,ClCCl,545.0
12037,CC1(C)C(/C=C/C=C/C=C/C=C2/N(c3ccc(S(=O)(=O)[O-])cc3)c3ccc(S(=O)(=O)[O-])cc3C2(C)C)=[N+](c2ccc(S(=O)(=O)[O-])cc2)c2ccc(S(=O)(=O)[O-])cc21,CO,782.0
9620,CCN(CC)c1ccc(-c2ccc(-c3nc4ccccc4c(=O)[nH]3)s2)cc1,Cc1ccccc1,490.0
9065,CC(C)(C)c1ccc2c(c1)c1cc(C(C)(C)C)ccc1n2-c1cccc2c1Oc1c(-c3nc(-c4ccccc4)nc(-c4ccccc4)n3)cccc1C2(C)C,CC(C)=O,503.0
4046,CCOC(=O)c1c(-c2cc3ccccc3oc2=O)nn(-c2cccc(F)c2)c1C(=O)OCC,ClCCl,401.0
1472,COc1cc(OC)cc(-c2ccc(-c3ccc(C#N)s3)s2)c1,C1COCCO1,437.0
3576,N#Cc1ccc(-c2cc(-c3ccc(N4CCCC4)cc3)nc(-c3ccccc3)n2)cc1,ClC(Cl)Cl,518.0
4705,CCCN1/C(=C/C=C(/C=C/C2=[N+](CCC)c3ccccc3C2(C)C)c2cc[n+](C)cc2)C(C)(C)c2ccccc21,CS(C)=O,657.0
11048,O=[N+]([O-])c1ccc(F)cc1C1CC(c2cccc3ccccc23)=NN1c1ccccc1,CC#N,480.0
1795,CC(C)(C)c1ccc(-c2nc3c4ccccc4c4ccccc4c3n2-c2ccc(C(C)(C)C)cc2)cc1,CCCCOCCCC,389.0
5674,CCN(CC)c1ccc2cc(/C=C(\C#N)c3nc4ccccc4s3)c(=O)oc2c1,C1COCCO1,570.0
8492,Cn1c(=O)nc2n(C)c3ccccc3nc-2c1=O,CC1CCCO1,490.0
6377,CCC(CC)COC1=CC2=C3c4cc(OCC(CC)CC)c(-c5ccccc5)n4[B-](F)(F)[n+]4nnn(c43)[B-](F)(F)[N+]2=C1c1ccccc1,C1CCOC1,725.0
2864,COc1nc(Nc2ccc3cc4ccccc4cc3c2)nc(OC)n1,CC#N,431.0
6666,COc1ccc2c3ccc(OC)cc3c3cc4c(C)cc(=O)oc4cc3c2c1,ClC(Cl)Cl,475.0
1255,O=C1c2ccccc2-c2ccc(N3CCOCC3)c3cccc1c23,CCOC(C)=O,600.0
3570,COc1ccc(/C=C/C2=CC(c3ccccc3)=[O+][B-](F)(F)O2)cc1,ClCCl,506.0
4730,O=C1CCCc2c1[nH]c1cc3c(cc21)OCO3,c1ccccc1,384.1199204
2019,Cc1ccccc1/C(C#N)=C/c1ccc(N(C)C)cc1,ClC(Cl)Cl,481.0
8159,COCCOCCOCCOc1cc(C=O)c(OCCOCCOCCOC)cc1C=O,CO,467.0
578,COc1ccccc1C1=[N+]2C(=Nc3c(-c4ccccc4)cc(-c4ccccc4OC)n3[B-]2(F)F)C(c2ccccc2)=C1,Cc1ccccc1,688.0
10137,Cc1ccc(/C=C/c2ccccc2-[n+]2noc([O-])c2C)cc1,CC#N,450.0
1511,Oc1cccc(/N=C/c2ccccc2Oc2ccccc2)c1,CCCCCCO,400.0
5748,C[n+]1ccc(/C=C/c2ccc([O-])cc2)cc1,CO,576.0
6973,c1csc(-c2cnc(-c3cccs3)c3nonc23)c1,CCCCCC,564.0
6965,CCCCCCCCCCOc1cc(OCCCCCCCCCC)cc(C2=C3C(C)=CC(/C=C/c4ccc(OC)cc4)=[N+]3[B-](F)(F)n3c(/C=C/c4ccc(OC)cc4)cc(C)c32)c1,ClC(Cl)Cl,660.0
2459,Cc1nc2c(ccc3c2sc(/C=C/C=C/c2ccc(N(C)C)cc2)[n+]3C)s1,CO,700.0
9833,C(=C/c1ncc2ccccc2n1)\c1ccc(N(c2ccccc2)c2ccccc2)cc1,ClCCl,520.0
9734,CCN(CC)c1ccc2c(c1)oc(=O)c1cc3c(-c4ccccc4)nn(-c4ccccc4)c3nc12,ClCCl,509.0
4074,CN(C)c1ccc2nc(-c3ccc(C(=O)Nc4ccccc4)cc3)sc2c1,C1CCCCC1,427.0
11518,Cc1ccc(NC(=O)c2sc(Br)nc2C)cc1,CN(C)C=O,451.0
5786,CC(C)(C)c1ccc(-c2cc3c4c(c2)CCc2cc(-c5ccc(C(C)(C)C)cc5)cc(c2-4)CC3)cc1,CCO,382.7272727
2993,Fc1cccc(F)c1[B-]1(c2c(F)cccc2F)Oc2c(ccc3c4c(ccc23)C=[N+](c2ccccc2)[B-](c2c(F)cccc2F)(c2c(F)cccc2F)O4)C=[N+]1c1ccccc1,Cc1ccccc1,592.0
10374,O=C(N/N=C/c1ccccc1O)c1cc2ccccc2cc1O,CCO,557.0
3520,Clc1ccccc1-c1nc2sc3ccccc3c2s1,CS(C)=O,412.0
9027,N#Cc1ccc2cc[nH]c2c1,C1COCCO1,342.0
9004,N#Cc1ccc2cc[nH]c2c1,CS(C)=O,363.0
621,CC(C)(C)c1ccc2c(c1)c1cc(C(C)(C)C)ccc1n2-c1cccc(-c2nc(-c3cccc(-n4c5ccc(C(C)(C)C)cc5c5cc(C(C)(C)C)ccc54)c3)nc(-c3cccc(P(=O)(c4ccccc4)c4ccccc4)c3)n2)c1,ClC(Cl)Cl,511.4822547
6935,CCCCC1(c2ccc(OC)cc2)Nc2ccccc2N=C1c1ccc(OC)cc1,CN(C)C=O,525.0
9481,Oc1c(-c2nc3c4ccc(-c5ccccc5)cc4c4cc(-c5ccccc5)ccc4c3[nH]2)ccc2c1c1ccccc1n2-c1ccccc1,CC#N,498.0
9841,CCCCCCOc1cc(/C=C/c2cc(OCCCCCC)c(/C=C/c3cc(OCCCCCC)c(C=C(C#N)C#N)cc3OCCCCCC)cc2OCCCCCC)c(OCCCCCC)cc1C=C(C#N)C#N,ClCCl,624.0
10072,CCN(CC)c1ccc(/C=N/C(C#N)=C(C#N)/N=C/c2ccc(N(CC)CC)cc2O)c(O)c1,ClCCl,612.0
11768,O=C(O)C1CCCN1C(=O)c1ccc(C2CC(c3cccc4ccccc34)=NN2c2ccccc2)cc1,C1COCCO1,485.0
8183,COCCOCCOCCOc1ccc(OCCOCCOCCOC)c(C=O)c1,NC=O,463.0
3485,CCc1ccc2ccc(-c3ccccc3)nn12,CCCCCC,495.0
2221,COc1cc2cc(OC)c(C#Cc3ccc([N+](=O)[O-])cc3)cc2cc1C#Cc1ccc([N+](=O)[O-])cc1,ClCCl,593.0
265,Cc1cccc2nc3[nH]c(=O)[nH]c(=O)c3nc12,CC#N,452.0
833,COc1ccc(/C=C/c2nc(/C=C/c3ccc(N(C)C)cc3)cc(/C=C/c3ccc(N(c4ccccc4)c4ccccc4)cc3)n2)cc1,CS(C)=O,589.0
10903,C1=CB2C=Cc3ccccc3N2C=C1,ClCCl,352.0
6478,COc1ccc(-c2nc3c(c4c2-c2ccccc2CC4)-c2ccccc2CC3)cc1,CCOC(C)=O,425.0
2677,CC[N+]1(CC)CN2C(=N1)C(C(=O)O)=Cc1c2ccc2ccccc12,O,487.0
1285,c1ccc2c(-n3c4ccccc4c4ccccc43)cccc2c1,CCOCC,384.0
1608,COC(=O)c1cc(=O)n(C)c2cc(-c3ccc(OC)cc3)sc12,CCO,480.0
4375,N#Cc1ccc(C#Cc2ccc3ccc4ccc(C#Cc5ccc(C#N)cc5)c5ccc2c3c45)cc1,CCOC(C)=O,442.4
7181,CC(C)(C)c1cc(-c2ccc3c(-c4cc(C(C)(C)C)cc(C(C)(C)C)c4)cc4c5cc(-c6cc(C(C)(C)C)cc(C(C)(C)C)c6)ccc5c(-c5cc(C(C)(C)C)cc(C(C)(C)C)c5)cc4c3c2)cc(C(C)(C)C)c1,ClCCl,401.0
68,[BH3-][P+]1(c2ccccc2)c2ccccc2-c2sc3ccccc3c21,ClCCl,400.0
7499,CN(C)c1ccc(/C=C/C=N/N=C/c2ccc3ccc4cccc5ccc2c3c45)cc1,CC#N,485.0
6613,Clc1ccc(/C=C/c2ccc(-c3nc4c5cccnc5c5ncccc5c4[nH]3)cc2)cc1,CO,473.0
4184,COc1ccc(-c2nc(-c3ccccc3)c(-c3ccccc3)[nH]2)cc1,CO,395.0
10607,CC(C)(C)c1cc(-c2c3cc(c(-c4cc(C(C)(C)C)cc(C(C)(C)C)c4)c4ccc([nH]4)c(-c4ccc([N+](=O)[O-])cc4)c4nc(c(-c5ccc([N+](=O)[O-])cc5)c5ccc2[nH]5)C=C4)N=C3)cc(C(C)(C)C)c1,ClCCl,741.0
6578,CCCCC1(c2ccccc2)Nc2c(-c3ccc(N(C)c4ccccc4)cc3)ccc(-c3ccc(N(C)c4ccccc4)cc3)c2N=C1c1ccccc1,CC#N,602.0
6978,c1csc(-c2cnc(-c3cccs3)c3nonc23)c1,Cc1ccccc1,600.0
9186,O=Cc1cc(C=O)c2ccc3c(N4CCCCC4)cc(N4CCCCC4)c4ccc1c2c43,CC(C)=O,598.0
11822,NS(=O)(=O)c1ccc(N2N=C(c3ccc(O)cc3)CC2c2ccccc2)cc1,C1CCOC1,418.0
11092,CN(C)c1ccc(C2=Cc3ccc4ccccc4[n+]3[B-](F)(F)O2)cc1,CCOC(C)=O,534.0
1396,CN(C)c1ccc(C2=Nc3scc[n+]3[B-](F)(F)O2)cc1,Cc1ccccc1,439.0
259,Cc1cc2nc3[nH]c(=O)n(C)c(=O)c3nc2cc1C,CC#N,436.0
2189,CCN1c2ccc(/C=N/Nc3ccccn3)cc2Sc2cc(-c3ccc(OC)cc3)ccc21,C1CCOC1,491.0
3910,O=C1c2cc3ccccc3cc2C2=Nc3ccc4ccccc4[n+]3[B-](F)(F)N12,ClCCl,430.0
11906,COc1ccc(-c2c3ccccc3c3n2[B-](F)(F)[N+]2=Cc4c5ccccc5c(-c5ccc(OC)cc5)n4[B-](F)(F)[N+]2=C3)cc1,CC#N,606.0
7422,Cc1ccc(C(=O)/C=C/c2ccc(N(C)C)cc2)cc1,CO,533.0
1671,CC(C)(C)c1ccc(C2=CC3=C(c4ccccc4)c4cc(-c5ccc(C(C)(C)C)cc5)c(-c5ccc(C(C)(C)C)cc5)n4[B-](F)(F)[N+]3=C2c2ccc(C(C)(C)C)cc2)cc1,ClCCl,649.0
10414,O=c1[nH]c(=O)c2scc([C@H]3C[C@H](O)[C@@H](CO)O3)c2[nH]1,CO,351.0
6131,COc1cc2c(cc1OC)C1=C3C(=O)N4C=Cc5cc(OC)c(OC)cc5C4=C3C(=O)N1C=C2,ClC(Cl)Cl,597.0
6383,COc1ccc(C2=C(c3ccc(OC)cc3)C(c3ccc(OC)cc3)=[N+]3C2=C(c2ccc(OC)cc2)c2c(-c4ccc(OC)cc4)c(-c4ccc(OC)cc4)c(-c4ccc(OC)cc4)n2[B-]3(F)F)cc1,C1CCOC1,640.0
756,Cc1ccc(-c2cnc3ccc4ccccc4n23)cc1,ClCCl,424.0
1201,CC(=O)O[B-]1(OC(C)=O)OC(/C=C/C=C/c2ccccc2)=CC(/C=C/C=C/c2ccccc2)=[O+]1,CS(C)=O,558.0
11687,c1cc2ccc3cc4cccc5ccc6cc(c1)c2c3c6c54,CC#N,436.0
9482,Oc1c(-c2nc3c4ccc(-c5ccccc5)cc4c4cc(-c5ccccc5)ccc4c3[nH]2)ccc2c1c1ccccc1n2-c1ccccc1,CCCCCC,506.0
6903,CN(C)c1ccc(/C=C/c2nc3ccc(N(C)C)cc3oc2=O)cc1,CS(C)=O,666.0
10667,C[Si]1(C)C2=C(c3ccccc31)S(=O)(=O)c1cc3c(cc12)S(=O)(=O)C1=C3[Si](C)(C)c2ccccc21,C1CCOC1,507.0
2215,COc1ccc2c(c1)c1cc(OC)ccc1c1c2ccc2cccc(C(=O)NC(C)(C)C)c21,ClCCl,415.0
4400,CCn1c2ccccc2c2c3nsnc3c3c4ccccc4n(CC)c3c21,CN(C)C=O,500.0
4149,O=c1cc(COc2ccc(I)cc2)c2c(ccc3ccccc32)o1,ClCCl,418.0
1744,CN(C)c1ccc(/C=C/c2nc3ccccc3s2)cc1,CCOC(C)=O,477.0
10731,CC(C)[Si]1(C(C)C)c2cc(C#N)ccc2-c2ccc(N(c3ccccc3)c3ccccc3)cc21,CC#N,500.0
5688,OCc1cc(/N=N/c2ccc(-c3cccs3)cc2F)ccc1O,CS(C)=O,477.0
9549,O=C1C2=C3c4ccsc4C=CN3C(=O)C2=C2c3ccsc3C=CN12,ClC(Cl)Cl,578.0
7614,N#CC(C#N)=Cc1ccc2c(c1)c1ccccc1n2-c1cc2ccccc2c2ccccc12,ClCCl,480.0
4724,O=C1CCCc2c1[nH]c1cc3c(cc21)OCO3,CC#N,399.4154895
694,CN1/C(=C/C=C(/C=C/c2sc3ccccc3[n+]2C)c2ccc(F)cc2)Sc2ccccc21,CS(C)=O,681.0
4382,CC(C)[Si](C#Cc1c2nsnc2c(C#C[Si](C(C)C)(C(C)C)C(C)C)c2nc3c(nc12)C1c2ccccc2C3c2ccccc21)(C(C)C)C(C)C,CCCCCC,526.0
10413,O=c1[nH]c(=O)c2scc([C@H]3C[C@H](O)[C@@H](CO)O3)c2[nH]1,CCOC(C)=O,343.0
1807,O=C1c2ccccc2NCN1Cc1ccccc1,CC#N,416.0
9722,CN(C)c1ccc(-c2nc(-c3ccc(-n4c5ccccc5c5ccccc54)cc3)cc(-c3ccc(-n4c5ccccc5c5ccccc54)cc3)n2)cc1,ClC(Cl)Cl,520.0
3107,N#Cc1cc(-c2ccc(F)cc2)cnc1O,C1COCCO1,422.0
3115,OB1c2ccccc2Nc2ccccc21,ClCCl,377.0
3858,Cc1ccc(-c2oc3cccc4c5c(-c6ccc(C)cc6)/c(=N/S(=O)(=O)C(F)(F)F)oc6cccc(c2c34)c65)cc1,ClC(Cl)Cl,577.0
6673,COc1cc(OC)c2c(c1)c1cc3oc(=O)cc(C)c3cc1c1cc(OC)cc(OC)c12,ClC(Cl)Cl,538.0
2948,O=C1c2cc(F)ccc2-c2cnccc21,CC#N,540.4298781
8443,CC(C)(C)c1ccc(-c2nc3c4ccc(-c5ccc6ccc7cccc8ccc5c6c78)cc4c4cc(-c5ccc6ccc7cccc8ccc5c6c78)ccc4c3n2-c2ccc(C(C)(C)C)cc2)cc1,C1CCOC1,442.0
3780,c1ccc2cc(-n3cnc4ccccc43)ccc2c1,Cc1ccccc1,374.0
4081,O=c1c2cc(-n3c4ccccc4c4ccccc43)ccc2sc2ccc(-n3c4ccccc4c4ccccc43)cc12,C1CCOC1,460.0
6084,COC(=O)c1ccc(C#Cc2ccc(N(C)C)cc2)cc1,CCOCC,458.5052728
6086,COC(=O)c1ccc(C#Cc2ccc(N(C)C)cc2)cc1,CO,465.0081376
3884,CCCCCCCCn1c(=O)c2cc3cc4cc5c(=O)n(CCCCCCCC)c(=O)c5cc4c(C#Cc4ccc(N(c5ccccc5)c5ccccc5)cc4)c3cc2c1=O,ClC(Cl)Cl,611.0
8351,CCCCCCn1c(=O)c2c3oc4ccccc4oc3c3c(=O)n(CCCCCC)c(=O)c3c2c1=O,ClCCl,487.0
9624,COc1c2ccccc2c(-c2ccccc2)c2ccccc12,CCCCCCC,420.0
9116,Nc1ccc2c(c1)Cc1ccccc1-2,CC#N,363.0
5792,COc1ccc(-c2cc3c4c(c2)CCc2cc(-c5ccc(OC)cc5)cc(c2-4)CC3)cc1,C1CCOC1,390.2150538
6896,CN(C)c1ccc(/C=C/c2nc3ccc(N(C)C)cc3oc2=O)cc1,CC#N,650.0
4250,CCN(CC)c1ccc(/C=C/c2ccc(-c3ccc(/C=C/c4ccc(N(CC)CC)cc4)s3)s2)cc1,CC(C)=O,570.0
5377,COC(=O)C1=C(C(=O)OC)C2=C[C@H]3c4ccccc4[C@]2(S1)c1ccccc13,ClCCl,488.0
7809,CN(C)c1cccc2c1-c1ccccc1C2=O,C1CCCCC1,532.0
8546,CCCCCOc1cc2oc(=O)c3c4ccc(N(c5ccc(C)cc5)c5ccc(C)cc5)cc4c4ccc5cccc6c(c1)c2c3c4c56,C1CCOC1,605.0
10772,COc1ccc(C2=C(c3ccc(-c4ccccc4)cc3)C(c3ccccc3)=[N+]3C2=Nc2c(-c4ccc(OC)cc4)c(-c4ccc(-c5ccccc5)cc4)c(-c4ccccc4)n2[B-]3(F)F)cc1,Cc1ccccc1,716.0
9176,c1ccc(-c2oc(-c3ccccc3)c3ccccc23)cc1,CS(C)=O,460.0
11819,NS(=O)(=O)c1ccc(N2N=C(c3ccc(O)cc3)CC2c2ccc([N+](=O)[O-])cc2)cc1,CO,434.0
3441,CN1/C(=C/C=C(/C=C/C2=[N+](C)c3ccccc3C2(C)C)c2ccc(F)cc2)C(C)(C)c2ccccc21,CO,666.0
5924,CN(C)CCNCc1c2ccccc2cc2ccccc12,CC(C)=O,387.0
11957,c1ccc(C2(c3ccccc3)c3cc4c(cc3-c3ccc5ccc6cccc7cc2c3c5c67)-c2ccc3ccc5cccc6cc(c2c3c56)C4(c2ccccc2)c2ccccc2)cc1,CCOC(C)=O,408.0
1463,COc1ccc(-c2ccc(-c3ccc(C#N)s3)s2)cc1,CCOC(C)=O,461.0
10182,CC[n+]1c(-c2ccccc2)c2cc(NC(=O)N[C@H]3C[C@@H]([NH3+])[C@H](O)[C@@H](O)[C@@H]3O)ccc2c2ccc(NC(=O)N[C@@H]3C[C@H]([NH3+])[C@@H](O)[C@@H](O)[C@H]3O)cc21,O,522.0
1237,C[Si](C)(C)[Si](c1cc2sc3cc([Si]([Si](C)(C)C)([Si](C)(C)C)[Si](C)(C)C)sc3c2s1)([Si](C)(C)C)[Si](C)(C)C,ClCCl,381.0
5461,CCC(C)(C)c1ccc2c(c1)C(CC)(CC)c1cc(-c3ccc(-c4ccc5c(c4)C(CC)(CC)c4cc(C(C)(C)CC)ccc4-5)cc3)ccc1-2,C1CCCCC1,381.0
4722,c1ccc2c(c1)c1ccccc1n2-c1cc(-c2nc3ccccn3n2)cc(-n2c3ccccc3c3ccccc32)c1,Cc1ccccc1,373.0
10846,CC(C)(C)c1ccc(-c2cc(-c3ccc(-c4cc(-c5ccc(C(C)(C)C)cc5)c(C(=O)NC5CCCCC5)s4)s3)sc2C(=O)NC2CCCCC2)cc1,ClCCl,448.0
9329,O=c1oc2ccccc2c2c1c(=O)oc1c3ccccc3cc(O)c12,ClCCl,533.0
5156,O=C1Cc2cc3c(cc2CCCc2ccc(cc2)CCC3)CC(=O)Cc2ccc(c3nsnc23)C1,ClC(Cl)Cl,522.0
6834,COc1cc(N(c2ccc(C=C(C#N)C#N)c(OC)c2)c2ccc(C=C(C#N)C#N)c(OC)c2)ccc1C=C(C#N)C#N,ClC(Cl)Cl,514.0
10671,O=P(c1ccccc1)(c1ccccc1)c1cccc(-c2nc3ccccc3n2-c2cccc(P(=O)(c3ccccc3)c3ccccc3)c2)c1,ClCCl,376.0
8992,O=C1Cc2ccc(cc2)CC(=O)Cc2ccc(c3nsnc23)C1,CC#N,495.0
8391,COC(=O)C(Cc1ccc2oc(-c3ccc4c(c3)c3ccccc3n4-c3ccccc3)nc2c1)NC(=O)OC(C)(C)C,CO,392.8501277
11647,CCN(CC)c1ccc2ccc(=O)oc2c1,CCOCC,405.0
7800,CNc1ccc2c(c1)-c1ccccc1C2=O,CC#N,548.0
8709,CCC1=C(C)C2=C(C)c3cc(I)c(I)n3[B-](F)(F)[N+]2=C1C,CCOC(C)=O,544.5
7363,COc1ccc2c3ccc(OC)cc3n(-c3ccc(-c4nnc(C)o4)cc3)c2c1,Cc1ccccc1,428.0
6592,Cc1ccc2ccc3c(c2n1)N/C(=C\C1=C([O-])/C(=C/C2=[NH+]c4c(ccc5ccc(C)nc45)C2(C)C)C1=O)C3(C)C,ClC(Cl)Cl,708.0
8627,CCC1=C(C)C2=C(C)c3c(I)c(I)cn3[B-](F)(F)[N+]2=C1C,CCO,534.0
8207,COCCOc1cc(C=O)c(OCCOC)cc1C=O,CO,466.0
2124,CC(C)(C)c1ccc2oc(-c3ccc(-c4nc5cc(C(C)(C)C)ccc5o4)s3)nc2c1,c1ccccc1,434.0
7403,CN(C)CCN(Cc1c2ccccc2cc2ccccc12)c1ccc([N+](=O)[O-])cc1,CC#N,389.0
819,O=S(=O)(c1ccccc1)c1ccc(-c2ccc3c4ccc(-c5ccc(S(=O)(=O)c6ccccc6)cc5)cc4n(-c4ccccc4)c3c2)cc1,CN(C)C=O,437.0
11514,Cc1ccc(NC(=O)c2sc(Br)nc2C)cc1,C1CCOC1,407.5
4105,N#Cc1c(-c2ccc(Br)cc2)cc(-c2ccc(Br)cc2)[nH]c1=O,CN(C)C=O,464.0
10930,COc1ccc2cc(-c3ccc(S(C)(=O)=O)cc3)oc(=O)c2c1,CCO,410.0
10489,CC1(C)C2=[N+](CCCCCC(=O)NCCCNC(=O)CCCCCN3/C(=C/C=C/C=C/C=C/2)C(C)(C)c2cc(S(=O)(=O)[O-])ccc23)c2ccc(S(=O)(=O)[O-])cc21,CO,776.0
2928,COc1ccc(-c2csc(/C(C#N)=C/c3ccc(C#N)cc3)n2)cc1,ClCCl,554.0
6681,Nc1ccc2c3cccc4cccc(c5cccc1c52)c43,C1CCOC1,564.0
8933,CCCCCCCC1=C(C)C(=O)n2c1cc1[nH]c(C(=O)OC)c(C)c1c2=O,C1CCCCC1,448.0
6348,CCOC(=O)C1c2cc(Cl)ccc2C(=O)N1c1ccc(OC)c(OC)c1,CCCCCC,456.0
9295,CCCCc1c2ccccc2c(-c2ccc(-c3nc4cc(CC(NC(=O)OC(C)(C)C)C(=O)OC)ccc4o3)cc2)c2ccccc12,C1CCCCC1,420.5002271
1670,CC(C)(C)c1ccc(C2=CC3=C(c4ccccc4)c4cc(-c5ccc(C(C)(C)C)cc5)c(-c5ccc(C(C)(C)C)cc5)n4[B-](F)(F)[N+]3=C2c2ccc(C(C)(C)C)cc2)cc1,Cc1ccccc1,649.0
7872,C(/C=C/c1cc2c3c(c1)CCCN3CCC2)=C\c1ccncc1,CCCCCCC,442.0
1061,C1=C(c2ccc(-c3cccs3)s2)CCC(c2ccccc2)C1,CCO,411.0
6179,O=C1OC(c2ccccc2)=N/C1=C\c1ccccc1,C1COCCO1,447.0
4190,Cc1cc(C)c(C2=C3C=CC(c4ccc5c(ccc6ccccc65)c4)=[N+]3[B-](F)(F)n3c2ccc3-c2ccc3c(ccc4ccccc43)c2)c(C)c1,ClC(Cl)Cl,624.0
3060,COc1ccc(/C=C/C2=CC(/C=C/c3ccc(OC)c(OC)c3)=[O+][B-](F)(F)O2)cc1OC,CCOCC,521.94
1254,O=C1c2ccccc2-c2ccc(N3CCOCC3)c3cccc1c23,CCO,640.0
952,CN(C)c1ccc(/C=C/C=C2\CCCC2=O)cc1,ClC(Cl)(Cl)Cl,498.0
4867,CN(C)c1ncc2nc(C#N)n(Cc3ccccc3)c2n1,CO,456.0
9646,CN(C)c1ccc(/C=C/C=C/c2ccc([N+](=O)[O-])c(O)c2)cc1,C1COCCO1,634.0
7801,CNc1ccc2c(c1)-c1ccccc1C2=O,CCO,583.0
9967,C(=C/c1cc(-c2ccccc2)c(/C=C/c2ccc(N(c3ccccc3)c3ccccc3)cc2)cc1-c1ccccc1)\c1ccc(N(c2ccccc2)c2ccccc2)cc1,ClCCl,495.0
1118,Cc1ccc(/C=N/c2cc(C(C)C)c(O)cc2C)cc1,CCCCCC,402.0
7772,Nc1cccc2c1C(=O)c1ccccc1-2,C1CCCCC1,471.0
6594,CCN1/C(=C\C2=C([O-])/C(=C/C3=[N+](CC)c4c(ccc5ccc(C)nc45)C3(C)C)C2=O)C(C)(C)c2ccc3ccc(C)nc3c21,C1CCOC1,699.0
9128,CN(C)c1ccc2c(c1)Cc1ccccc1-2,CCCCCC,359.0
8327,CCn1c2ccc(/C=C/c3ccc4c(c3)c3cc(-c5nc6ccccc6s5)ccc3n4CC)cc2c2cc(-c3nc4ccccc4s3)ccc21,CCOC(C)=O,412.0
1718,CCCN1/C(=C/C=C(/C=C/C2=[N+](CCC)c3ccccc3C2(C)C)c2ccc3ccccc3n2)C(C)(C)c2ccccc21,CS(C)=O,664.0
3955,COC(=O)C(NC(=O)OC(C)(C)C)c1ccc2oc(-c3ccc(C#N)cc3)nc2c1,CO,385.0
8473,CN(C)c1ccc(/C=C/C=C2\CC/C(=C\c3ccc(N(C)C)cc3)C2=O)cc1,CCCO,717.0
11468,CC1=CC(C)=[N+]2C1=C(c1c3ccccc3c(-c3ccccc3)c3ccccc13)c1c(C)cc(C)n1[B-]2(F)F,Cc1ccccc1,519.0
2455,O=P(c1ccccc1)(c1ccccc1)n1c2ccccc2c2cc(-n3c4ccccc4c4cc(-n5c6ccccc6c6ccccc65)ccc43)ccc21,C1CCOC1,373.0
9034,N#Cc1ccc2cc[nH]c2c1,CO,367.0
4419,c1ccc(Nc2nc(Nc3ccccc3)nc(Nc3ccc4cc5ccccc5cc4c3)n2)cc1,C1COCCO1,442.0
8833,C(=C/c1ccncn1)\c1ccc(N(c2ccccc2)c2ccccc2)cc1,ClCCl,526.0
10794,F[B-]1(F)n2c(ccc2-c2ccccc2)C(c2ccc(I)cc2)=C2C=CC(c3ccccc3)=[N+]21,ClC(Cl)Cl,588.0
2859,COc1nc(Cl)nc(Nc2ccc3cc4ccccc4cc3c2)n1,C1COCCO1,432.0
2788,CCCCCCOc1ccc(C#Cc2ccc(C#Cc3ccc(OCCCCCC)c(OCCCCCC)c3)c3nsnc23)cc1OCCCCCC,CN(C)C=O,600.0
6908,CN(C)c1ccc2nc(/C=C/c3ccccc3)c(=O)oc2c1,C1CCCCC1,488.0
11239,O=c1oc2ccc(Cl)cc2cc1-c1cc2cc(Cl)ccc2o1,CC#N,431.0
1978,O=C1OC(=O)c2ccc(N(c3ccccc3)c3ccc4ccccc4c3)c3cccc1c23,CCCCCC,520.0
2620,CCOC(=O)c1ccc(O)c(-c2[nH]c(=O)n3c2-c2ccccc2C3=O)c1,CC#N,476.0
8603,CCC1=C(C)C2=C(C)c3c(C)c(CC)c(C)n3[B-](F)(F)[N+]2=C1C,CCCCCCCCO,534.4
2319,Cc1ccc(C(=O)/N=c2\oc3cccc4c5c(-c6ccccc6)oc6cccc(c(c2-c2ccccc2)c34)c65)cc1,ClC(Cl)Cl,535.0
4031,CCOC(=O)c1c(-c2c(Cl)c3ccccc3oc2=O)nn(-c2cccc(Cl)c2)c1C(=O)OCC,ClCCl,409.0
9625,COc1c2ccccc2c(-c2ccccc2)c2ccccc12,CCCCO,426.0
10734,CC(C)[Si]1(C(C)C)c2cc(C#N)ccc2-c2ccc(N(c3ccccc3)c3ccccc3)cc21,CS(C)=O,500.0
1056,CCC1=C(C)C2=C(c3cc(C4=C5C(C)=C(CC)C(C)=[N+]5[B-](F)(F)n5c(C)c(CC)c(C)c54)cc(C4=C5C(C)=C(CC)C(C)=[N+]5[B-](F)(F)n5c(C)c(CC)c(C)c54)c3)c3c(C)c(CC)c(C)n3[B-](F)(F)[N+]2=C1C,CN(C)C=O,570.0
1146,Cc1cc(O)c(C(C)C)cc1/N=C/c1ccc(C(F)(F)F)cc1,CCCCCC,401.0
7649,O=C1/C(=C/C=C/c2cc3c4c(c2)CCCN4CCC3)CC/C1=C\C=C\c1cc2c3c(c1)CCCN3CCC2,CC(C)O,740.0
1937,O=C1Nc2ccccc2/C1=C/C(=O)c1ccccc1,C1CCCCC1,374.0
4643,CCOC(=O)C1=CN(Cc2ccccc2)C=C(C(=O)OCC)C1,C1CCOC1,420.0
8663,CCC1=C(C)C2=Cc3c(I)c(I)c(I)n3[B-](F)(F)[N+]2=C1C,CC(C)=O,553.0
8484,CN(C)c1ccc(/C=C/C=C2\CC/C(=C\c3ccc(N(C)C)cc3)C2=O)cc1,ClCCl,635.0
7105,CC(C)c1cc(C(C)C)c(B2c3cc(N4c5ccccc5C(C)(C)c5ccccc54)ccc3N(c3ccccc3)c3ccc(N4c5ccccc5C(C)(C)c5ccccc54)cc32)c(C(C)C)c1,CCOC(C)=O,481.9727891
6462,C(=C(c1ccccc1)c1ccccc1)c1ccc(C=C(c2ccccc2)c2ccccc2)cc1,C1CCOC1,461.0
8657,CCC1=C(C)C2=C(C)c3cccn3[B-](F)(F)[N+]2=C1C,OCC(F)(F)F,511.0
8480,CN(C)c1ccc(/C=C/C=C2\CC/C(=C\c3ccc(N(C)C)cc3)C2=O)cc1,CS(C)=O,676.0
8,CC(C)(C)c1ccc(-c2nc3c4ccc(-c5cc6ccccc6c6ccccc56)cc4c4cc(-c5cc6ccccc6c6ccccc56)ccc4c3n2-c2ccc(C(C)(C)C)cc2)cc1,CCCCOCCCC,384.0
7464,O=c1c2ccccc2nc2n1[B-](F)(F)[n+]1ccccc1-2,ClCCl,441.0
3746,C[Si]1(C)O[Si](C)(C)c2cc3c(-c4ccccc4F)c4cc(Cl)ccc4nc3cc21,ClCCl,498.0
9148,F[B-]1(F)n2c(c3cccc4cccc2c43)=Nc2cccc[n+]21,CC#N,514.0
11379,CC1(C)CCc2c(c3ccccc3c3nc4c5c(c6ccccc6c4nc23)OC(C)(C)CC5)O1,C1CCOC1,467.2897196
7696,Oc1ccc2ncccc2c1,CC#N,358.0
96,CC1(C)C(/C=C/C2=C(Oc3ccc(CCN=C=S)cc3)/C(=C/C=C3/N(CCCS(=O)(=O)[O-])c4ccccc4C3(C)C)CCC2)=[N+](CCCS(=O)(=O)[O-])c2ccccc21,CO,794.0
1459,COc1ccc(-c2ccc(-c3ccc(C#N)s3)s2)cc1,CC#N,476.0
1082,c1ccc(N(c2ccccc2)c2ccc(-c3ncc(-c4cccs4)s3)cc2)cc1,CO,490.0
6025,CN(C)c1ccc(C#Cc2ccc(C#N)cc2)cc1,CC(C)=O,543.0060817
426,CCCCn1c2c(-c3ccc(N(c4ccccc4)c4ccccc4)cc3)cc(C#N)cc2c2cc(C#N)cc(-c3ccc(N(c4ccccc4)c4ccccc4)cc3)c21,ClCCl,452.0
10740,Fc1c(F)c(F)c2c(c1F)C1=Nc3c4c(F)c(F)c(F)c(F)c4c4n3[B-]3(Cl)n5c(c6c(F)c(F)c(F)c(F)c6c5=N4)=NC2=[N+]13,C1CCOC1,591.0
1883,Cc1ccc(C(=O)/C=C2\C(=O)Nc3ccccc32)cc1,CCCCO,412.0
8740,CC1=C(C(C)(C)C)C(C)=[N+]2C1=C(C)c1c(C)c(C(C)(C)C)c(C)n1[B-]2(F)F,CCCO,564.6
6690,c1cc2cccc3c4cccc5cccc(c(c1)c23)c54,ClC(Cl)Cl,443.0
2627,Cc1ccc(-c2[nH]c(=O)n3c2-c2ccccc2C3=O)c(O)c1,CO,498.0
4450,Cc1cc(C)c(B(c2ccc(C#Cc3cc4ccc5cc(C#Cc6ccc(B(c7c(C)cc(C)cc7C)c7c(C)cc(C)cc7C)cc6)cc6ccc(c3)c4c56)cc2)c2c(C)cc(C)cc2C)c(C)c1,Cc1ccccc1,426.0
8713,CCC1=C(C)C2=C(C)c3cc(I)cn3[B-](F)(F)[N+]2=C1C,CC(C)=O,532.5
4513,CC(C)(C)c1ccc(-c2nc3c4ccc(-c5cccc6ccccc56)cc4c4cc(-c5cccc6ccccc56)ccc4c3n2-c2ccc(C(C)(C)C)cc2)cc1,CCOCC,382.0
6435,CC1=CC(C)=[N+]2C1=C(c1ccc(I)cc1)c1c(C)cc(C)n1[B-]2(Oc1ccc(Cl)cc1)Oc1ccc(Cl)cc1,ClC(Cl)Cl,519.7006606
10532,COc1nc(Nc2ccc3c4c(cccc24)C(=O)c2ccccc2-3)nc(OC)n1,CCOC(C)=O,523.0125523
5321,COc1cc(/C=C/c2cc(OC)c(-c3nc(-c4ccccc4)c(-c4ccccc4)[nH]3)cc2OC)c(OC)cc1/C=C/c1cc(OC)c(-c2nc(-c3ccccc3)c(-c3ccccc3)[nH]2)cc1OC,Cc1ccccc1,502.0
11743,CN(C)c1ccc2cc(C(/C=C/c3cn(C)c4ccccc34)=C(C#N)C#N)c(=O)oc2c1,C1CCOC1,584.0
979,CCC1(CC)c2cc(/C=C/c3cc(C#N)c(/C=C/c4ccc5c(c4)C(CC)(CC)c4cc(N6c7ccccc7Sc7ccccc76)ccc4-5)cc3C#N)ccc2-c2ccc(N3c4ccccc4Sc4ccccc43)cc21,CCCCCC,518.0
11851,Cc1ccc(C2CC(c3ccc(O)cc3)=NN2c2ccc(S(N)(=O)=O)cc2)cc1,CC#N,417.0
1042,CC(C)(C)c1ccc2c(c1)sc1[n+]2[B-](F)(F)n2c(c3cccc4c(Br)ccc2c43)=C1C#N,C1CCOC1,563.0
2085,F[B-]1(F)n2ccnc2-c2cccc[n+]21,C1CCCCC1,338.0
10874,COc1ccc(-c2csc(/C(C#N)=C/c3ccncc3)n2)cc1,ClCCl,542.0
3021,CN(C)c1ccc2cc(C#Cc3cn([C@H]4C[C@H](O)[C@@H](CO)O4)c4ncnc(N)c34)ccc2c1,CCOC(C)=O,418.0
9202,CCN(CC)c1ccc2cc(/C=C/C(=C(C#N)C#N)c3ccc(N(c4ccccc4)c4ccccc4)cc3)c(=O)oc2c1,CS(C)=O,643.0
1592,COc1cc2c(cc1F)c(=O)c1cc(F)c(OC)cc1n2Cc1ccccc1,CCO,416.0
8336,c1ccc2c(c1)c1ccccc1c1[nH]c(-c3ccc(-c4nc5c6ccccc6c6ccccc6c5[nH]4)cc3)nc21,CS(C)=O,430.0
2619,O=C1c2ccccc2-c2c(-c3cccc(Cl)c3O)[nH]c(=O)n21,ClCCl,470.0
3375,c1ccc(-c2cc(-c3ccccc3)cc(-c3ccc4c(c3)C3(c5cc(-c6cc(-c7ccccc7)cc(-c7ccccc7)c6)ccc5-4)c4ccccc4-c4c3c3c5ccccc5ccc3c3ccccc43)c2)cc1,C1CCOC1,420.0
2631,COC(=O)c1ccc(O)c(-c2[nH]c(=O)n3c2-c2ccccc2C3=O)c1,ClCCl,474.0
2742,Cc1cc(C)c(B(c2ccc(-c3ccc(-c4nc5c6ccccc6c6ccccc6c5[nH]4)cc3)cc2)c2c(C)cc(C)cc2C)c(C)c1,Cc1ccccc1,435.0
3048,COc1cc(/C=C/C2=CC(/C=C/c3ccc(O)c(OC)c3)=[O+][B-](F)(F)O2)ccc1O,Cc1ccccc1,521.04
9587,CCOC(=O)C(Cc1ccc(O[Si]2(Oc3ccc(CC(NC(C)=O)C(=O)OCC)cc3)n3c4c5ccccc5c3/N=C3\N=C(/N=c5/c6ccccc6/c(n52)=N/C2=N/C(=N\4)c4ccccc42)c2ccccc23)cc1)NC(C)=O,CN(C)C=O,686.0
5050,C(=C/c1ncnc2ccccc12)\c1ccc(N2CCCCC2)cc1,C1CCCCC1,480.0
3469,OC1(c2ccc(-c3cccs3)s2)CCCC1,CCO,416.0
582,C#CCOc1ccc(C2=[N+]3C(=Nc4c(-c5ccccc5)cc(-c5ccc(O)cc5)n4[B-]3(F)F)C(c3ccccc3)=C2)cc1,ClC(Cl)Cl,708.0
11894,O=P1(c2ccccc2)c2ccc(N3c4ccccc4Sc4ccccc43)cc2-c2cc(N3c4ccccc4Sc4ccccc43)ccc21,Cc1ccccc1,559.0
5403,CC(=O)n1cc(/C=C/c2ccc([N+](=O)[O-])cc2)c2ccccc21,CO,424.0
5651,c1cc2c3c(cccc3c1)NC(c1ccc3ccc4cccc5ccc1c3c45)N2,Cc1ccccc1,502.0
10980,CCN1c2ccc(/C=N/Nc3ccccn3)cc2Sc2cc(/C=N/Nc3ccccn3)ccc21,C1CCOC1,495.0
11511,Cc1cc(C)cc(NC(=O)c2sc(Br)nc2C)c1,CO,402.0
12081,C=Cc1ccc(-c2ccc(-c3nnc(-c4ccc(-c5nnc(-c6ccc(-c7ccc(C=C)cc7)s6)o5)cc4)o3)s2)cc1,CCCCCCCCO,400.0
2992,Fc1c(F)c(F)c([B-]2(c3c(F)c(F)c(F)c(F)c3F)Oc3c(ccc4c5c(ccc34)C=[N+](c3ccccc3)[B-](c3c(F)c(F)c(F)c(F)c3F)(c3c(F)c(F)c(F)c(F)c3F)O5)C=[N+]2c2ccccc2)c(F)c1F,ClCCl,580.0
3,CCCCCCN1C(=O)c2cccc3c(-c4ccc(-c5cc(-c6cccc7ccccc67)nn5-c5ccccc5)s4)ccc(c23)C1=O,ClCCl,515.0
4779,C=CCNc1ccc2c(ccc3oc4cc(=[N+](C)C)ccc-4nc32)c1,O,660.0
410,CCCC1(CCC)c2cc(-c3cccc(C)c3)ccc2-c2ccc(-c3cccc(C)c3)cc21,C1CCCCC1,363.0
10210,CC1(C)c2ccccc2N(c2ccc3c(c2)c2ccccc2c2nc4ccccc4nc32)c2ccccc21,Cc1ccccc1,541.0
11578,CCN(CC)c1ccc2c(C)cc(=O)oc2c1,CCOC(C)=O,416.0
9628,COc1c2ccccc2c(-c2ccccc2)c2ccccc12,Cc1ccccc1,419.0
4168,Cc1ccc(-c2nc(-c3ccc(C#N)cc3)[nH]c2-c2ccc(C)cc2)cc1,CO,447.0
2884,CC1=[N+]2C(=C(c3cccs3)c3ccc(C)n3[B-]2(F)F)C=C1c1cc2n(c1)[B-](F)(F)[N+]1=CC=CC1=C2c1c(C)cc(C)cc1C,C1CCCCC1,650.0
9507,CC(C)(C)c1ccc(-c2cc(-c3ccc(-c4cc(-c5ccc(C(C)(C)C)cc5)c(C(=O)NCc5ccccc5)s4)s3)sc2C(=O)NCc2ccccc2)cc1,ClCCl,449.0
263,N#Cc1ccc2nc3c(=O)[nH]c(=O)[nH]c3nc2c1,ClCCCl,430.0
1983,CCCCCCc1ccc(-n2c3[n+](c4c5ccccc5c5ccccc5c42)[B-](C)(C)c2ccccc2-3)cc1,Cc1ccccc1,385.0
7338,O=C(N/N=C/c1ccccc1O)c1ccc([N+](=O)[O-])cc1,CS(C)=O,330.0
439,COc1ccc(/C=C/c2ccc(-c3ccc(C)cn3)nc2)cc1,CC#N,431.0
8482,CN(C)c1ccc(/C=C/C=C2\CC/C(=C\c3ccc(N(C)C)cc3)C2=O)cc1,ClC(Cl)(Cl)Cl,515.0
8778,CC1=[N+]2C(=C(c3ccccc3C)c3ccc(C)n3[B-]2(F)F)C=C1c1cc2n(c1)[B-](F)(F)[N+]1=CC=CC1=C2c1c(C)cc(C)cc1C,C1CCCCC1,640.0
5683,COc1ccc(C#CC2=C3CCc4ccccc4C3=[O+][B-](F)(F)O2)cc1,ClCCl,493.0
8263,N#Cc1ccc(C#N)c(N)c1,CC#N,401.0
11753,C(=C/c1ccc2ccccc2c1)\c1ccc(Nc2ccccc2)cc1,CCCCCC,388.0
1107,CCc1ccc(/C=N/c2cc(C(C)C)c(O)cc2C)cc1,CS(C)=O,431.0
2913,CCOC(=O)c1sc2nc3c(c(C#N)c2c1N)CCCC3,c1ccccc1,545.0
7923,Cc1ccc(C2=Cc3c4ccccc4cc[n+]3[B-](F)(F)O2)cc1,ClC(Cl)Cl,471.0
3883,Cc1ccc(-c2ccc(/C=C/c3cccs3)cn2)nc1,CC#N,422.0
88,c1ccc2c(c1)sc1c3ccccc3c3ncncc3c21,ClCCl,412.0
3231,CCOC(=O)/C(C#N)=C(\C=C\c1ccc(N(c2ccccc2)c2ccc(/C=C/C(=C(/C#N)C(=O)OCC)c3ccccc3)cc2)cc1)c1ccccc1,ClCCl,577.0
11099,Fc1cccc(C2=Cc3ccc4ccccc4[n+]3[B-](F)(F)O2)c1,ClC(Cl)Cl,435.0
4617,CCN(CC)c1ccc2nc3c4ccccc4c(=O)cc-3oc2c1,Cc1ccccc1,572.0
7502,CN(C)c1ccc(/C=C/C=N/N=C/c2ccc3ccc4cccc5ccc2c3c45)cc1,CC(C)O,472.0
9402,CCOC(=O)C1CC(c2c(C#N)c(C)nn2-c2ccccc2)=CN1c1ccc(Br)cc1,C1CCOC1,480.0
1768,Cc1cc(O)c(C(=O)/C=C/c2ccc(Cl)cc2)c(=O)o1,ClCCl,478.0
3881,C[N+](C)=c1ccc2c(-c3ccccc3C(=O)O)c3ccc4cc(O)ccc4c3oc-2c1,O,583.0
1043,CCOC(=O)CSc1nc2c(c(C#N)c1C#N)CCCC2,c1ccccc1,407.0
8001,COc1ccc(C(=O)[O-])c(O)c1,CO,403.0
274,CCCCCCCCCCCCOc1ccc(/C=N/c2ccc3[nH]c(OCCCCCC)nc3c2)c(O)c1,ClC(Cl)Cl,508.0
1281,c1ccc2c(-n3c4ccccc4c4ccccc43)cccc2c1,C1CCOC1,393.0
7103,CC1(C)c2ccccc2N(c2cc3c4ccccc4n4c5ccccc5c(c2)c34)c2ccccc21,Cc1ccccc1,439.0
2391,CN(C)c1ccc2nc(-c3ccc(C(=O)O)cc3)sc2c1,CC#N,558.0
3386,CCCC1(CCC)c2cc(-c3ccc4c(c3)C(CCC)(CCC)c3cc(-c5ccc6c(c5)C(CCC)(CCC)c5cc(C(C)(C)CC)ccc5-6)ccc3-4)ccc2-c2ccc(-c3ccc4c(c3)C(CCC)(CCC)c3cc(C(C)(C)CC)ccc3-4)cc21,C1CCCCC1,407.0
4602,CCOC(=O)/C(C#N)=C/c1cc2c3ccccc3n(C)c2cc1OC,Cc1ccccc1,446.0
9303,CCC1=C(C)C2=C(c3c(C)cc(C)nc3-c3cccs3)c3c(C)c(CC)c(C)n3[B-](F)(F)[N+]2=C1C,CCO,550.0
9053,N#Cc1cccc2cc[nH]c12,C1CCOC1,368.0
4329,CN(C)c1ccc(C(=O)Nc2cccc(Cl)c2)cc1,C1CCOC1,455.0
8550,Cc1ccc(C2=C3C=CC(C#Cc4ccccc4)=[N+]3[B-](F)(F)n3c(Cl)ccc32)cc1,C1COCCO1,575.0
10068,CCC1(CC)c2cc(-c3ccc(-c4ccccc4)cc3-c3ccccc3)ccc2-c2nc3c(nc21)-c1ccc(-c2ccc(-c4ccccc4)cc2-c2ccccc2)cc1C3(CC)CC,C1CCOC1,434.0
3413,O=C1c2cccc3c(NCc4ccccn4)c4ccccc4c(c23)C(=O)N1Cc1ccccn1,Cc1ccccc1,606.0
10475,Cc1c2ccncc2c(C)c2c1[nH]c1ccccc12,CCC(C)(C)O,419.0
415,CCCCCCCCC1(CCCCCCCC)c2cc(-c3ccccc3)ccc2-c2ccc(-c3ccccc3)cc21,ClC(Cl)Cl,361.0
6326,c1ccc(N(c2ccccc2)c2ccc(-c3ccc(-c4ccc(-c5ccc(-c6ccc(N(c7ccccc7)c7ccccc7)cc6)s5)c5nsnc45)s3)cc2)cc1,ClC(Cl)Cl,690.0
7865,CCOC(=O)C1c2ccccc2C(=O)N1c1ccccn1,CCCCCC,392.0
8414,Fc1ccc(C2=[N+]3C(=Nc4c5ccccc5c(-c5ccc(F)cc5)n4[B-]3(F)F)c3ccccc32)cc1,ClCCl,724.0
710,CC1CC=C(c2ccc(-c3ccc(C=O)s3)s2)CC1,C1CCOC1,467.0
4308,Cc1ccc(NC(=O)c2ccc(N(C)C)cc2)cc1,C1CCCCC1,465.0
3707,Cc1nc2c(c[n+]1C)CN1C(=O)N([C@H]3O[C@@H](CO)[C@H](O)[C@@H]3O)C=CC1=N2,CCO,417.0
407,CCCC1(CCC)c2cc(-c3ccc(C(C)(C)CC)cc3)ccc2-c2ccc(-c3ccc(C(C)(C)CC)cc3)cc21,C1CCCCC1,368.0
8886,CCCCc1cc(C=O)c2ccc3c(CCCC)cc(N4CCCCC4)c4ccc1c2c34,ClC(Cl)Cl,562.0
10082,N#Cc1nc2c3ccc(-c4ccc(-n5c6ccccc6c6ccccc65)cc4)cc3c3cc(-c4ccc(-n5c6ccccc6c6ccccc65)cc4)ccc3c2nc1C#N,O=P(c1ccccc1)(c1ccccc1)c1cccc(-c2cc(-n3c4ccccc4c4ccccc43)cc(-n3c4ccccc4c4ccccc43)c2)n1,552.0
3315,COc1ccc(C2=C3C(C)=CC(C)=[N+]3[B-](F)(F)n3c(/C=C/c4ccc(N(C)C)cc4)cc(C)c32)cc1,C1CCOC1,664.0
7107,CC(C)c1cc(C(C)C)c(B2c3cc(N4c5ccccc5C(C)(C)c5ccccc54)ccc3N(c3ccccc3)c3ccc(N4c5ccccc5C(C)(C)c5ccccc54)cc32)c(C(C)C)c1,ClCCl,494.5578231
12058,CN(C)c1ccc(/C=C2\CCCC2=O)cc1,Cc1ccccc1,424.0
4191,CC(C)(C)c1ccc2c(c1)c1cc(C(C)(C)C)ccc1n2-c1ccc(C#Cc2ccc(C#Cc3ccc(C=C(C#N)C#N)cc3)cc2)cc1,ClCCl,474.0
10898,O=S(=O)(c1ccc(-c2ccc(-c3nc4c5ccccc5c5ccccc5c4n3-c3ccccc3)cc2)cc1)c1ccc(-c2ccc(-c3nc4c5ccccc5c5ccccc5c4n3-c3ccccc3)cc2)cc1,CC#N,479.0
6691,c1cc2cccc3c4cccc5cccc(c(c1)c23)c54,ClCCl,448.0
4772,N#Cc1c(-c2cccs2)cc(-c2cccs2)[nH]c1=O,CCOC(C)=O,470.0
4676,CC(C)(C)c1ccc(-c2nnc(-c3ccc4ccc5cccc6ccc3c4c56)o2)cc1,CCCCCC,418.0
6757,CCCC1(CCC)c2ccccc2-c2ccc(-c3ccc4c(c3)C(CCC)(CCC)c3cc(-c5ccc6c(c5)C(CCC)(CCC)c5ccccc5-6)ccc3-4)cc21,C1CCCCC1,396.0
1523,Oc1cccc(/N=C/c2ccccc2Oc2ccccc2)c1,N#Cc1ccccc1,385.0
3314,COc1ccc(C2=C3C(C)=CC(C)=[N+]3[B-](F)(F)n3c(/C=C/c4ccc(N(C)C)cc4)cc(C)c32)cc1,C1CCCCC1,612.0
1110,CCc1ccc(/C=N/c2cc(C(C)C)c(O)cc2C)cc1,O,444.0
10059,CC1(C)C(/C=C/C2=C(Cl)/C(=C/C=C3/N(Cc4ccccc4)c4ccccc4C3(C)C)CCC2)=[N+](Cc2ccccc2)c2ccccc21,CO,813.0
1406,COc1cc(/C=C2/SC(=O)NC2=O)cc(OC)c1O,C1CCCCC1,408.0
6679,OCc1ccc2c3cccc4cccc(c5cccc1c52)c43,CCO,446.0
2932,COc1ccc(-c2csc(/C(C#N)=C/c3ccccc3Cl)n2)cc1,CC#N,555.0
7135,CC/[NH+]=c1\cc2oc3cc(NCCC(=O)NC(C)C(=O)OC)c4ccccc4c3nc-2cc1C,CCO,644.0
6925,c1ccc2c(-n3cnc4ccccc43)cccc2c1,CCOCC,361.0
8560,CN(C)c1ccc2c(c1)C(=O)NC2=O,CC(C)O,523.0
11343,O=C1c2ccccc2C(=O)c2cc(-c3ccc(N(c4ccccc4)c4ccccc4)cc3)ccc21,CCCCCC,529.0
11290,COC1=C/C(=C\C=C2C=CN(Cc3ccc(Br)cc3)C=C2)C=CC1=O,CCCO,639.0
633,C1=Cc2ccccc2Cc2ccccc21,CO,380.0
8383,COC(=O)C(Cc1ccc2oc(-c3ccc4c(c3)c3ccccc3n4-c3ccccc3)nc2c1)NC(=O)OC(C)(C)C,CCCCCCCO,382.9950211
10566,c1ccc(-c2nc(-c3ccc(-c4ccc(N(c5ccccc5)c5ccccc5)cc4)cn3)oc2-c2ccccc2)cc1,CCCCCC,399.0
6372,COc1ccc(-c2nc(-c3cc(Cl)sc3C)c(-c3cc(Cl)sc3C)[nH]2)cc1,CC#N,489.0
6425,Oc1cc(N(c2ccccc2)c2ccccc2)ccc1-c1nc2c3ccccc3c3ccccc3c2[nH]1,CS(C)=O,430.0
131,CCOC(=O)CN1C(=O)C2=C(c3ccc(N4CCCCC4)cc3)N(CC(=O)OCC)C(=O)C2=C1c1ccc(N2CCCCC2)cc1,CS(C)=O,603.0
5297,N#CC(C#N)=C(/C=C/c1cn(-c2ccccc2)nc1-c1ccccc1)c1ccccc1,CS(C)=O,509.0
4004,COC(=O)C(Cc1ccc2oc(-c3ccc(N(C)C)cc3)nc2c1)NC(=O)OC(C)(C)C,OC1CCCCC1,398.9945338
9643,CN(C)c1ccc(/C=C/C=C/c2ccc(C#N)cc2)cc1,CCOCC,509.0
774,N#Cc1c(N2CCCCC2)cc(-c2ccc(O)cc2)c2c1-c1cccc3cccc-2c13,C1COCCO1,540.0
9744,CN1c2ccc3c(c2-c2ccccc2S1(=O)=O)-c1ccccc1S(=O)(=O)N3C,ClCCl,443.0
3857,O=S(=O)(/N=c1\oc2cccc3c4c(-c5ccccc5)oc5cccc(c(c1-c1ccccc1)c23)c54)C(F)(F)F,O,601.0
469,CCn1c(-c2ccc(-c3ccc4c(c3)C(c3ccccc3)(c3ccccc3)c3ccccc3-4)cc2)c(-c2ccc3ccccc3c2)c(-c2ccc3ccccc3c2)c1-c1ccc(-c2ccc3c(c2)C(c2ccccc2)(c2ccccc2)c2ccccc2-3)cc1,CCOC(C)=O,441.0
8784,COc1ccccc1-c1nc2c3ccccc3c3ccccc3c2o1,Cc1ccccc1,368.0
11184,COc1c2ccccc2c(OC)c2c1c1ccc(C(F)(F)F)cc1n2C,C1CCCCC1,426.0
10183,O=C(c1ccc(-n2c3ccccc3c3cc(-n4c5ccccc5c5ccccc54)ccc32)cc1)c1ccc(-n2c3ccccc3c3cc(-n4c5ccccc5c5ccccc54)ccc32)cn1,Cc1ccccc1,462.0
10687,Cc1ccc2cc3cc(C)ncc3cc2c1,CCO,443.2624113
12166,COc1ccc2c(c1)c1ccccc1n2-c1nc2ccccc2nc1-n1c2ccccc2c2cc(OC)ccc21,C1CCOC1,588.8567294
5553,c1ccc(-c2nc3ccccc3nc2-c2cc(-n3c4ccccc4c4ccccc43)cc(-n3c4ccccc4c4ccccc43)c2)cc1,Cc1ccccc1,446.0
12254,CC1(C)C(/C=C/C=C/c2cc3ccc(O)cc3oc2=O)=[N+](CCCS(=O)(=O)[O-])c2ccc(S(=O)(=O)O)cc21,CS(C)=O,655.0
563,CCOC(=O)/C(C)=C/C1=C(c2ccc(C)cc2)C2=Nc3c(-c4ccc(C)cc4)c(Br)c(-c4ccc(C)cc4)n3[B-](F)(F)[N+]2=C1c1ccc(C)cc1,ClC(Cl)Cl,702.0
1905,O=C1Nc2ccccc2/C1=C/C(=O)c1ccc(Cl)cc1,CC(C)O,404.0
7300,CCN(CC)c1cccc2c1ccc1c(=O)oc(-c3ccc(C(F)(F)F)cc3)cc12,CN(C)C=O,613.0
6851,COc1cc(N(c2ccccc2)c2ccccc2)ccc1C=C(C#N)C#N,Cc1ccccc1,525.0
7553,COc1cc(OC)cc(C(=O)OCc2c(C)c(=O)n3c(=O)c(C)c(C)n23)c1,CCO,462.0
1576,c1ccc(-c2nc(-c3c[nH]c4ccccc34)n3ccccc23)cc1,ClCCl,506.0
5361,c1ccc(-n2nc(-c3ccc(N4c5ccccc5Oc5ccccc54)cc3)nc2-c2ccccn2)cc1,ClCCl,468.0
3128,CCOC(=O)c1sc(SC)c2c(=O)[nH]nnc12,C1CCOC1,465.0
7676,CCN(CC)c1ccc2c(C#N)c(/C=C(\C#N)c3nc4ccccc4o3)c(=O)oc2c1,CCO,700.0
11140,CCCCC(CC)CN1C(=O)c2cccc3c(C#Cc4ccc(N(c5ccc(C#Cc6ccc7c8c(cccc68)C(=O)N(CC(CC)CCCC)C7=O)cc5)c5ccc(C#Cc6ccc7c8c(cccc68)C(=O)N(CC(CC)CCCC)C7=O)cc5)cc4)ccc(c23)C1=O,Cc1ccccc1,516.0
79,O=c1oc2ccc3ccc(O)cc3c2nc1-c1ccccc1,c1ccccc1,486.0
6703,CCCCCCCC(=O)Oc1ccc2c3cccc4c(OC(=O)CCCCCCC)ccc(c5cccc1c52)c43,c1ccncc1,459.01638
2474,O=C([O-])c1c(Cl)c(Cl)c(Cl)c(Cl)c1-c1c2cc(I)c(=O)c(I)c-2oc2c(I)c([O-])c(I)cc12,O,566.0
4449,COc1cc(/C=C/c2nc3ccccc3s2)c(OC)cc1/C=C/c1ccncc1,CN(C)C=O,485.0
3355,Oc1ccc2ccccc2c1/C=N/CC/N=C/c1c(O)ccc2ccccc12,CC#N,466.0
4884,COC(=O)c1nc2cnc(N(C)C)nc2n1Cc1ccccc1,ClCCl,433.0
10962,CCN(CC)c1ccc2cc(-c3ccc(S(C)(=O)=O)cc3)oc(=O)c2c1,ClC(Cl)Cl,456.0
4622,CN(C)c1ccc2c3c(c(=O)oc2c1)C=c1cc2c(cc1O3)=[N+](CCC(=O)O)CCC2,CC#N,644.0
5545,CCCCCCC(CCCCCC)N1C(=O)c2cccc3c(-c4ccc(OC)c5ccccc45)ccc(c23)C1=O,CCCCO,576.8
2954,CC1=[N+]2C(=C(c3ccc(-c4c5ccccc5c(-c5ccccc5)c5ccccc45)cc3)c3ccc(C)n3[B-]2(F)F)C=C1,CCO,526.0
8471,CN(C)c1ccc(/C=C/C=C2\CC/C(=C\c3ccc(N(C)C)cc3)C2=O)cc1,CCCCO,712.0
12015,Cc1cc(C)c([B-]2(c3c(C)cc(C)cc3C)[O+]=P(c3ccccc3)(c3ccccc3)c3cc(-c4ccccc4)sc3-c3sc(-c4ccccc4)cc32)c(C)c1,C1CCOC1,488.0
1904,O=C1Nc2ccccc2/C1=C/C(=O)c1ccc(Cl)cc1,CC(C)(C)O,405.0
9822,COc1ccc(C#Cc2nc3ccccc3nc2-c2cn(C)c3ccccc23)cc1,CCO,522.0
1851,COc1ccc2c(-c3nc(-c4ccccc4F)no3)cc(=O)oc2c1,ClC(Cl)Cl,453.0
4328,CN(C)c1ccc(C(=O)Nc2cccc(Cl)c2)cc1,C1CCCCC1,338.0
2901,O=c1c2ccccc2sc2ccc(-n3c4ccccc4c4ccccc43)cc12,ClCCl,483.5
3492,Cc1c2ccc3c(C)[n+](C)ccc3c2cc[n+]1C,CC#N,408.0
10119,CCN(CC)c1ccc2c(c1)oc(=O)c1c(C)nc3c(c(C)nn3-c3ccccc3)c12,ClCCl,452.0
1145,Cc1cc(O)c(C(C)C)cc1/N=C/c1ccc(C(F)(F)F)cc1,CC(C)O,434.0
4111,N#Cc1c(-c2ccc([N+](=O)[O-])cc2)cc(-c2ccc([N+](=O)[O-])cc2)[nH]c1=O,CCOC(C)=O,486.0
6386,COc1cccc(C2=C(c3ccc(C(C)(C)C)cc3)C(c3ccc(C(C)(C)C)cc3)=[N+]3C2=C(c2ccccc2)c2c(-c4cccc(OC)c4)c(-c4ccc(C(C)(C)C)cc4)c(-c4ccc(C(C)(C)C)cc4)n2[B-]3(F)F)c1,C1CCOC1,638.0
11084,Cc1ccc(C2=Cc3ccc4ccccc4[n+]3[B-](F)(F)O2)cc1,ClC(Cl)Cl,443.0
8493,Cc1cc(C)c2nc3c(=O)n(C)c(=O)nc-3n(C)c2c1,CC#N,540.0
852,c1ccc(-c2nc(-c3ccccc3)c(N(c3ccccc3)c3ccccc3)[se]2)cc1,ClC(Cl)Cl,480.0
1494,CC[Si](C#Cc1c2c(=O)c3ccccc3c2c(C#C[Si](CC)(CC)CC)c2c(=O)c3ccccc3c12)(CC)CC,ClC(Cl)Cl,569.0
7635,Cc1ccccc1-c1c2ccc(=[N+]3CCN(C(=O)OC(C)(C)C)CC3)cc-2oc2cc(N3CCN(C(=O)OC(C)(C)C)CC3)ccc12,ClCCl,577.0
3101,Cc1nc2cc(/C=C/c3ccc(N(C)C)cc3)ccc2nc1-c1ccccc1,ClCCl,596.0
4217,CCN(CC)c1ccc2c(c1)C(C)(C)C(=O)C=C2,O,552.0
1805,Oc1ccccc1-c1nc2c3ccccc3c3ccccc3c2n1-c1ccccc1,Cc1ccccc1,369.0
4060,O=C1/C(=C\c2ccc(N(c3ccccc3)c3ccccc3)cc2)S(=O)(=O)c2ccccc21,CN(C)C=O,520.0
5008,CN(C)c1ccc(-c2cc(-c3ccc(N(C)C)cc3)ncn2)cc1,ClCCl,429.0
4900,COC(=O)CNC(=O)c1nc2c(N(C)C)nc(N(C)C)nc2n1Cc1ccccc1,CO,429.0
188,CN(C)c1ccc(/C=C/c2cc(/C=C/c3ccc(N(C)C)cc3)nc(/C=C/c3ccccc3)n2)cc1,C1CCOC1,526.0
1123,Cc1ccc(/C=N/c2cc(C(C)C)c(O)cc2C)cc1,CO,422.0
10285,Cc1cc2ccsc2c2[nH]c3ccccc3c12,ClCCl,351.0
2271,CCOC(=O)CN1C(=O)C2=C(c3ccc(N4CCCCC4)cc3)N(CC(=O)OCC)C(=O)C2=C1c1ccccc1,CS(C)=O,601.0
5747,C[n+]1ccc(/C=C/c2ccc([O-])cc2)cc1,CN(C)C=O,608.0
1594,O=S1(=O)c2ccc(-n3c4ccccc4c4ccccc43)cc2-c2cc(-n3c4ccccc4c4ccccc43)ccc21,ClC(Cl)Cl,456.0
10416,Clc1ccc(-c2nc(-c3ccccc3)c(N(c3ccccc3)c3ccccc3)s2)cc1,ClC(Cl)Cl,474.0
500,COc1ccc(/C=C/C=C/C=C/c2ccc([N+](=O)[O-])cc2)cc1,CO,690.0
8715,CCC1=C(C)C2=C(C)c3cc(I)cn3[B-](F)(F)[N+]2=C1C,CCOC(C)=O,531.5
2412,CN(C)C(=O)c1ccc(-c2nc3ccc(N(C)C)cc3s2)cc1,ClC(Cl)Cl,472.0
11292,COC1=C/C(=C\C=C2C=CN(Cc3ccc(Br)cc3)C=C2)C=CC1=O,CN(C)C=O,682.0
3859,Cc1ccc(-c2oc3cccc4c5c(-c6ccc(C)cc6)c(=N)oc6cccc(c2c34)c65)cc1,ClC(Cl)Cl,495.0
590,COc1ccc(C2=CC(c3ccccc3)=[N+]3C2=Nc2c(-c4ccc(OC)cc4)cc(-c4ccccc4)n2[B-]3(F)F)cc1,Cc1ccccc1,697.0
5684,COc1ccc2c(c1)CCC1=C(C#Cc3ccc(Cl)cc3)O[B-](F)(F)[O+]=C12,ClCCl,472.0
4029,CCOC(=O)c1c(-c2c(Cl)c3ccccc3oc2=O)nn(-c2ccc(OC)cc2)c1C(=O)OCC,ClCCl,484.0
7132,CCOC(=O)CCOc1ccc(C(c2c(C)[nH]c3ccccc23)c2c(C)[nH]c3ccccc23)cc1,C1CCCCC1,328.0
4519,CCOC(=O)C1=C(N)n2c(=O)c3ccccc3c(=O)n2C1c1cccs1,CS(C)=O,439.0
2075,COC(=O)C(Cc1ccc2oc(-c3ccc(N(c4ccccc4)c4ccccc4)cc3)nc2c1)NC(=O)OC(C)(C)C,CN(C)C=O,461.7508669
5431,COc1ccc2c3c(cccc13)C(=O)N(C)C2=O,CC#N,434.0
3017,CN(C)c1ccc2cc(C#Cc3cn([C@H]4C[C@H](O)[C@@H](CO)O4)c4ncnc(N)c34)ccc2c1,C1CCOC1,418.0
9920,COCCN1C(=O)/C(=C/c2cccc(N(C)C)c2)N=C1C,C1CCOC1,563.0
777,N#Cc1c(N2CCCCC2)cc(-c2ccc(O)cc2)c2c1-c1cccc3cccc-2c13,CN(C)C=O,573.0
5157,CCCCc1ccc2c(c1)c1cc(CCCC)ccc1n2-c1ccc(S(=O)(=O)c2ccc(S(=O)(=O)c3ccc(-n4c5ccc(CCCC)cc5c5cc(CCCC)ccc54)cc3)cc2)cc1,c1cc(-n2c3ccccc3c3ccccc32)nc(-n2c3ccccc3c3ccccc32)c1,467.2413793
7303,CN(C)c1ccc(-c2cc3c(ccc4c([N+](=O)[O-])cccc43)c(=O)o2)cc1,CC(C)=O,530.0
1194,COc1ccc(N(c2ccc(OC)cc2)c2ccc(-c3ccc(C=C(C#N)C#N)cc3)cc2)cc1,ClC(Cl)Cl,696.0
10074,Cc1cn2cc(-c3ccc(C#N)cc3)[n-][n+]2c1,ClCCl,518.0
11366,CCOC(=O)C1(O)c2cc3ccc4cccc5ccc(c2C(=O)N1C(C)(C)C)c3c45,ClC(Cl)Cl,387.0
8931,CCC1=C(C)C(=O)n2c1cc1[nH]c(C(=O)OC(C)(C)C)c(C)c1c2=O,ClC(Cl)Cl,453.0
9307,CCC1=C(C)C2=C(c3c(C)cc(C)nc3-c3cccs3)c3c(C)c(CC)c(C)n3[B-](F)(F)[N+]2=C1C,CS(C)=O,552.0
3131,CCOC(=O)c1sc(SC)c2c(=O)[nH]nnc12,CN(C)C=O,478.0
7334,O=C(N/N=C/c1ccccc1O)c1ccc([N+](=O)[O-])cc1,CC#N,378.0
1113,Cc1ccc(/C=N/c2cc(C(C)C)c(O)cc2C)cc1,C1CCOC1,410.0
8256,N#Cc1cc(N)cc(C#N)c1,CCCCCCC,360.0
6946,Cc1ccc(C2=Nc3cccc4[n+]3[B-](c3ccccc3)(N2)NC(c2ccc(C)cc2)=N4)cc1,ClCCl,508.0
5062,O=C1/C(=C2\Sc3ccc(S(=O)(=O)O)cc3C2=O)Sc2ccc(S(=O)(=O)O)cc21,CS(C)=O,629.0
10133,C(S/C=C/c1ccc(-c2ccc(/C=C/SC=C3CCCCCCC3)cc2)cc1)=C1CCCCCCC1,ClCCl,437.0
6108,N#Cc1ccc(C#Cc2ccccc2C#N)cc1,ClC(Cl)Cl,332.0
3437,CN1/C(=C/C=C(/C=C/C2=[N+](C)c3ccccc3C2(C)C)c2ccc(C(F)(F)F)cc2)C(C)(C)c2ccccc21,CO,659.0
9801,CC(C)(C)c1ccc(-c2sc3c(-c4ccc(C(C)(C)C)cc4)c4n(c3c2-c2ccc(C(C)(C)C)cc2)[B-](F)(F)[N+]2=Cc3c(-c5ccc(C(C)(C)C)cc5)c5sc(-c6ccc(C(C)(C)C)cc6)c(-c6ccc(C(C)(C)C)cc6)c5n3[B-](F)(F)[N+]2=C4)cc1,CC#N,627.0
5665,CCN(CC)c1ccc2cc(/C=C(\C#N)c3nc4ccccc4s3)c(=O)oc2c1,Cc1ccccc1,567.0
565,CCOC(=O)/C=C/C1=C(c2ccc(C)cc2)C2=Nc3c(-c4ccc(C)cc4)cc(-c4ccc(C)cc4)n3[B-](F)(F)[N+]2=C1c1ccc(C)cc1,ClC(Cl)Cl,700.0
8446,CC(C)(C)c1ccc(-c2nc3c4ccc(-c5ccc6ccc7cccc8ccc5c6c78)cc4c4cc(-c5ccc6ccc7cccc8ccc5c6c78)ccc4c3n2-c2ccc(C(C)(C)C)cc2)cc1,CCCCCC,428.0
1803,Cc1ccc(-n2c(-c3ccccc3N)nc3c4ccccc4c4ccccc4c32)cc1,Cc1ccccc1,396.0
8362,C(=C/c1ncnc2ccccc12)\c1ccc(-c2ccc(N(c3ccccc3)c3ccccc3)cc2)cc1,CS(C)=O,641.0
6997,CC[n+]1c(C=C2C(=O)C(C=C3N(C)c4ccccc4C3(C)C)=C2[O-])sc2ccccc21,ClC(Cl)Cl,666.0
1642,CN1C(=O)c2cccc3c(-n4c5ccccc5c5ccccc54)ccc(c23)C1=O,CCCCCC,440.0
5894,CN(C)c1c2ccccc2cc2ccccc12,C1COCCO1,392.0
4077,CN(C)c1ccc2nc(-c3ccc(C(=O)Nc4ccccc4)cc3)sc2c1,CO,565.0
10632,CC(=O)c1c2c(cc3ccc(N(C)C)cc13)CCC2,C1CCCCC1,466.0
8797,CCC1=C(C)C2=C(C)c3c(C)c(-c4csc(N5CCOCC5)n4)c(C)n3[B-](F)(F)[N+]2=C1C,CN(C)C=O,539.0
6554,Cc1cc2[nH]c3ccccc3c2c2[nH]c3ccccc3c12,ClCCl,355.0
46,COC(=O)[C@@H]1C(=O)Oc2ccccc2[C@H]1c1c[nH]c2ccccc12,CS(C)=O,376.0
1149,Cc1cc(O)c(C(C)C)cc1/N=C/c1ccc(C(F)(F)F)cc1,CCOC(C)=O,421.0
4822,COc1ccc(C#Cc2ncc(-c3ccccc3)o2)cc1OC,ClCCl,390.0
8059,COC(=O)/C=C/C=C/c1ccc(N(C)C)cc1,CC(C)O,435.0
765,CN(c1ccccc1)c1ccc(/C=C2\C(=O)c3ccccc3S2(=O)=O)cc1,CC(C)=O,537.0
3942,CN(C)c1ccc2cc3ccc(=[N+](C)C)cc-3oc2c1,CCO,568.0
3886,C/C(=N\Nc1ccc(C#N)cc1)c1cccc(/C(C)=N/Nc2ccc(C#N)cc2)c1,CCCCCC,467.0
1566,Oc1ccccc1/N=C/c1ccccc1Oc1ccccc1,CCCCOC(C)=O,409.0
10154,CCCC1(CCC)c2ccccc2-c2ccc(-c3ccc(C(C)(C)C)cc3)cc21,C1CCCCC1,314.0
6159,c1ccc(-n2c(-c3cccc4ccccc34)nc3c4ccccc4c4ccccc4c32)cc1,Cc1ccccc1,410.0
5259,O=C(O)c1c2ccccc2nc2ccccc12,CC#N,421.0
10085,c1ccc(N(c2ccccc2)c2ccc3ccc4c(N(c5ccccc5)c5ccccc5)ccc5ccc2c3c54)cc1,Cc1ccccc1,458.0
5171,Brc1ccc(/C=C/c2cnc3ccccc3n2)cc1,ClCCl,455.0
11020,CC(C)[Si](C#Cc1c2ccccc2c(C#C[Si](C(C)C)(C(C)C)C(C)C)c2nc3c(nc12)Cc1ccccc1-3)(C(C)C)C(C)C,CCCCCC,494.0
11940,O=C1c2ccccc2C(=O)C1C1C(=O)c2c3ccccc3cc3cc4ccccc4c1c23,Cc1ccccc1,563.0
2655,CC1=CC(c2ccc3cc(N(C)C)ccc3c2)=[O+][B-](F)(F)O1,CS(C)=O,624.0
1011,FC(F)(F)c1ccc(-n2c(-c3ccc(N(c4ccc(-c5ccc(N(c6ccc(-c7nc8c9ccccc9c9ccccc9c8n7-c7ccc(C(F)(F)F)cc7)cc6)c6ccc(-c7nc8c9ccccc9c9ccccc9c8n7-c7ccc(C(F)(F)F)cc7)cc6)cc5)cc4)c4ccc(-c5nc6c7ccccc7c7ccccc7c6n5-c5ccc(C(F)(F)F)cc5)cc4)cc3)nc3c4ccccc4c4ccccc4c32)cc1,ClCCl,442.0
3026,COc1ccc(/C=C/C2=CC(/C=C/c3ccc(OC)cc3)=[O+][B-](F)(F)O2)cc1,CCOC(C)=O,515.0
9589,COC(=O)c1nc(Br)c(-c2ccccc2)o1,C1CCCCC1,344.0
3602,CC(C)(C)c1cccc2c1oc1nc3oc4cc(-n5c6ccccc6c6ccccc65)ccc4c3cc12,ClC(Cl)Cl,397.0
6224,Cc1ccc(-n2c3ccccc3c3cc(C=C(C#N)C#N)ccc32)cc1,CO,519.0
4714,COc1cc(OC)c2cc(-c3ccc(-c4cc5c(OC)cc(OC)cc5oc4=O)cc3)c(=O)oc2c1,ClC(Cl)Cl,446.0
11037,Brc1ccc(-c2nc(-c3ccc(C#Cc4ccc(-n5c6ccccc6c6ccccc65)cc4)cc3)nc(-c3ccc(C#Cc4ccc(-n5c6ccccc6c6ccccc65)cc4)cc3)n2)cc1,CCCCCC,411.0
6651,CCOC(=O)c1sc2nc(-c3ccccc3)c(C)c(C#N)c2c1N,c1ccccc1,549.0
7381,c1ccc(-c2ccc(-c3ccccc3)cc2)cc1,CCO,375.0
2439,CCCCCCN(c1ccccc1)c1ccc(/C=C/c2cc(=O)oc3cc(C)ccc23)cc1,CS(C)=O,583.0
10403,c1cc2c3c(cccc3c1)-c1c-2ccc2ccc3ccccc3c12,CCCCCCC,496.0
11873,NS(=O)(=O)c1ccc(N2N=C(c3ccc(O)cc3)CC2c2ccc(Cl)cc2)cc1,CCO,427.0
10509,CCn1c2ccccc2c2cc(C#Cc3cc(C#Cc4ccc5c(c4)c4ccccc4n5CC)ncn3)ccc21,CN(C)C=O,502.0
11449,CC1=[N+]2C(=C(c3c4ccccc4c(-c4ccccc4)c4ccccc34)c3ccc(C)n3[B-]2(F)F)C=C1,CN(C)C=O,533.0
10192,Cc1cccc(C)c1Nc1ccc(/C=C/c2cccnc2)cc1,CC#N,450.0
1345,CCc1c(C)[nH]c(C2=[N+]3C(=Cc4c(C)c(CC)c(/C=C/c5ccc(N(C)C)cc5)n4[B-]3(F)F)c3ccccc32)c1C,ClCCl,770.0
1444,O=C1OC(=O)c2ccc(N(c3ccccc3)c3ccc4ccc5cccc6ccc3c4c56)c3cccc1c23,c1ccccc1,605.0
10891,O=S(=O)(c1ccc(-c2ccc(-c3nc4c5ccccc5c5ccccc5c4n3-c3ccccc3)cc2)cc1)c1ccc(-c2ccc(-c3nc4c5ccccc5c5ccccc5c4n3-c3ccccc3)cc2)cc1,CCOC(C)=O,448.0
4960,CCCCn1c2ccc(C#N)cc2c2cc(C#N)cc(-c3ccc(N(c4ccccc4)c4ccccc4)cc3)c21,CC#N,474.0
9830,C(=C/c1ncc2ccccc2n1)\c1ccc(N(c2ccccc2)c2ccccc2)cc1,C1CCOC1,498.0
80,COc1ccc2ccc3oc(=O)c(-c4ccccc4)nc3c2c1,c1ccccc1,488.0
10521,COc1nc(Cl)nc(Nc2ccc3c4c(cccc24)C(=O)c2ccccc2-3)n1,CC#N,537.9236148
2615,O=C1c2ccccc2-c2c(-c3cc(Cl)ccc3O)[nH]c(=O)n21,CO,493.0
335,CCCCN(CCCC)c1ccc(C#Cc2cc(C#Cc3c(F)c(F)c(F)c(F)c3F)c(C#Cc3c(F)c(F)c(F)c(F)c3F)cc2C#Cc2ccc(N(CCCC)CCCC)cc2)cc1,ClCCl,556.0
10938,CN(C)c1ccc(-c2cc3ccc([N+](=O)[O-])cc3c(=O)o2)cc1,CCCCO,559.0
6422,Oc1cc(N(c2ccccc2)c2ccccc2)ccc1-c1nc2c3ccccc3c3ccccc3c2[nH]1,CC#N,431.0
6444,N#CSC1=CC2=C(c3ccccc3)c3ccc(SC#N)n3[B-](F)(F)[N+]2=C1N1CCOCC1,CCOC(C)=O,589.0
1572,Oc1ccccc1/N=C/c1ccccc1Oc1ccccc1,CO,414.0
8883,CCCCc1cc(C=O)c2ccc3c(CCCC)cc(N4CCCCC4)c4ccc1c2c34,CN(C)C=O,575.0
10619,CC(=O)c1c2c(cc3c(N(C)C)cccc13)CCC2,CS(C)=O,598.0
879,CCc1c(C)c2n(c1C)[B-](F)(F)[N+]1=C(c3ccc[nH]3)c3ccccc3C1=C2C,C1CCOC1,627.0
8539,O=C1OC(c2ccccc2)=C/C1=C\c1ccccc1,C1COCCO1,493.0
10469,Cc1c2ccncc2c(C)c2c1[nH]c1ccccc12,C1CCCCC1,392.0
1509,Oc1cccc(/N=C/c2ccccc2Oc2ccccc2)c1,CCCCCCCCO,410.0
1896,Cc1ccc(C(=O)/C=C2\C(=O)Nc3ccccc32)cc1C,CCOC(C)=O,395.0
4785,Clc1ccc(N2c3sc4ccccc4c3Sc3sc4ccccc4c32)cc1,ClCCl,563.0
6909,CN(C)c1ccc2nc(/C=C/c3ccccc3)c(=O)oc2c1,C1COCCO1,533.0
7966,Nc1ccccc1C(=O)O,O,398.5
10076,N#Cc1ccc(-c2cn3cc(C#N)c[n+]3[n-]2)cc1,ClCCl,453.0
1845,CCOc1ccc2c(-c3nc(-c4ccccc4)no3)cc(=O)oc2c1,CCO,468.0
111,N#Cc1ccc(N(c2ccc(C#N)cc2)c2ccc3c4cccc5c(N(c6ccc(C#N)cc6)c6ccc(C#N)cc6)ccc(c6cccc2c63)c54)cc1,C1CCOC1,531.0
472,CN(C)c1ccc(/C=C/C=C/C=C/c2ccc(N(C)C)cc2)cc1,C1CCOC1,482.0
9750,CC[n+]1ccc(/C=C/c2cc3cccc4ccc5cccc2c5c43)cc1,CC#N,622.0
8893,CCCCc1cc(C(=O)CCC)c2ccc3c(CCCC)cc(N4CCCCC4)c4ccc1c2c34,CO,601.0
7067,O=C1OC(c2ccccc2)=N/C1=C\c1ccc(N(c2ccccc2)c2ccccc2)cc1,CN(C)C=O,627.0
5138,C(/C=C/c1ccc(N(c2ccccc2)c2ccccc2)cc1)=C\c1ccncc1,CC#N,534.0
8450,c1ccc(-c2cc(-c3ccc(N(c4ccccc4)c4ccccc4)cc3)cc(-c3ccccc3)n2)cc1,CC#N,489.0
10196,Fc1cc(-c2ccc(-c3nc4ccccc4[nH]3)cc2)ccc1-c1ccc(-c2nc3ccccc3[nH]2)cc1,CN(C)C=O,414.0
1183,CCn1c2ccsc2c2c3nsnc3c3c4sccc4n(CC)c3c21,Cc1ccccc1,523.0
9626,COc1c2ccccc2c(-c2ccccc2)c2ccccc12,CCO,426.0
3247,CN(C)c1ccc(C2=Nc3sc4cc(Cl)ccc4[n+]3[B-](F)(F)O2)cc1,C1CCOC1,477.0
6300,CCn1c2ccccc2c2cc(/C=C/c3cc(/C=C/c4ccc5c(c4)c4ccccc4n5CC)ncn3)ccc21,Cc1ccccc1,440.0
2507,CC(C)(C)c1ccc2c3c(c4ccc(C(C)(C)C)cc4c2c1)=[N+]1C(=C(c2ccccc2)c2cc4c5ccc(C(C)(C)C)cc5c5cc(C(C)(C)C)ccc5c4n2[B-]1(F)F)C=3,C1CCCCC1,709.0
2108,COc1cc(N(CC(=O)[O-])CC(=O)[O-])c2nc(COc3cc(C)ccc3N(CC(=O)[O-])CC(=O)[O-])ccc2c1,O,500.0
3405,Oc1ccc2ccccc2c1/C=N/c1cc2ccccc2cc1/N=C/c1c(O)ccc2ccccc12,CC#N,509.0
11643,CCN(CC)c1ccc2ccc(=O)oc2c1,CCCCCCC,390.0
6557,O=C(c1ccc(N2c3ccccc3Oc3ccccc32)cc1)c1cccc(C(=O)c2ccc(N3c4ccccc4Oc4ccccc43)cc2)c1,Cc1ccccc1,566.0
4317,CN(C)c1ccc(C(=O)Nc2ccc(F)cc2)cc1,C1CCOC1,504.0
3617,COc1ccc(-c2sc3c(c2Br)=[N+]2C(=C(C(F)(F)F)c4cc5sc(-c6ccc(OC)cc6)c(Br)c5n4[B-]2(F)F)C=3)cc1,C1CCOC1,754.0
2927,COc1ccc(-c2csc(/C(C#N)=C/c3ccc(C#N)cc3)n2)cc1,Cc1ccccc1,519.0
8995,c1ccc(N(c2ccccc2)c2ccc(-c3ccc(-c4nc(-c5ccccn5)n(-c5ccccc5)n4)cc3)cc2)cc1,ClCCl,435.0
3702,COc1ccc(C2=c3sc(-c4ccc(OC)cc4)c(-c4ccc(OC)cc4)c3=[N+]3C2=Nc2c(-c4ccc(OC)cc4)c4sc(-c5ccc(OC)cc5)c(-c5ccc(OC)cc5)c4n2[B-]3(F)F)cc1,ClC(Cl)Cl,816.0
3463,CC1(C)c2ccccc2-c2cc3c4ccccc4n(-c4ccc(-c5nc(-c6ccccc6)nc(-c6ccccc6)n5)cc4)c3cc21,Cc1ccccc1,456.0
11577,CCN(CC)c1ccc2c(C)cc(=O)oc2c1,CCO,452.5
5322,Cc1ccc(-c2ccc3ccc4cc(C(C)(C)C)cc5ccc2c3c45)cc1,C1CCOC1,384.0
11330,O=C1CCCC2=C1C(c1ccccc1)c1c(c3ccccc3oc1=O)N2,CS(C)=O,440.0
11164,COc1c2ccccc2c(OC)c2c1c1c(C)ccc(OC)c1n2C,C1CCCCC1,427.0
10505,CCn1c2ccccc2c2cc(C#Cc3cc(C#Cc4ccc5c(c4)c4ccccc4n5CC)nc(SC)n3)ccc21,Cc1ccccc1,416.0
4949,CCN(CC)c1cc2oc3cc(N(CC)CC)c(F)cc3c(=O)c2cc1F,CCO,452.0
5076,CCCCC1(c2ccccc2)Nc2c(-c3ccc(N(c4ccccc4)c4ccccc4)cc3)ccc(-c3ccc(N(c4ccccc4)c4ccccc4)cc3)c2N=C1c1ccccc1,CN(C)C=O,578.0
11576,CCN(CC)c1ccc2c(C)cc(=O)oc2c1,CCCO,452.0
4609,CCN(CC)c1ccc2nc3c4ccccc4c(=O)cc-3oc2c1,C1COCCO1,582.0
2882,Cc1nc(-c2ccccc2)c2ccccn12,ClCCl,485.0
1193,Cc1ccc(N(c2ccc(C)cc2)c2ccc(-c3ccc(C=C(C#N)C#N)cc3)cc2)cc1,ClC(Cl)Cl,676.0
45,O=Cc1ccc(-c2ccc(O)c(-c3nc4ccccc4s3)c2)o1,O,564.0
10033,CCN(CC)c1ccc(-c2nc(Oc3ccc(-c4nc5ccccc5s4)cc3)nc(Oc3ccc(-c4nc5ccccc5s4)cc3)n2)cc1,CN(C)C=O,419.0
9939,CC1=N/C(=C\c2ccc(N(C)C)cc2)C(=O)N1C,ClCCl,482.0
11161,COc1ccc2c(c1)c1c(OC)c3ccccc3c(OC)c1n2C,CC#N,445.0
1578,c1ccc(-c2nc(-c3c[nH]c4ccccc34)n3ccccc23)cc1,C1CCCCC1,482.0
2303,COc1ccc(/C=C/c2nc3ccccc3o2)cc1,CO,420.0
5022,O=Cc1ccc(C2=C3C=c4c(oc5ccccc45)=[N+]3[B-](F)(F)n3c2cc2c4ccccc4oc23)cc1,C1CCOC1,615.0
3509,F[B-]1(F)Oc2ccccc2-c2cc(-n3c4ccccc4c4ccccc43)cc[n+]21,Cc1ccccc1,449.0
1584,O=C1NC(=O)[C@H]([C@H]2C[C@H](O)[C@@H](CO)O2)C=C1C#Cc1ccc2c(c1)Cc1ccccc1-2,CO,444.0
4128,CN(C)c1ccc(-c2c(/C=C3/C=Cc4ccccc4N3C)c(=O)c2=O)cc1,ClCCl,588.0
11287,COC1=C/C(=C\C=C2C=CN(Cc3ccc(Br)cc3)C=C2)C=CC1=O,CCCCCCO,645.0
10460,O=C1/C(=C\c2ccc3oc4ccccc4c3c2)S(=O)(=O)c2ccccc21,Cc1ccccc1,430.0
9039,N#Cc1c[nH]c2ccccc12,CCO,314.0
7053,C1=CN2B(C=Cc3ccccc32)C(c2ccccc2)=C1,C1CCCCC1,379.0
5799,COc1ccc(-c2cc3c4c(c2)CCc2cc(-c5ccc(OC)cc5)cc(c2-4)CC3)cc1,ClCCl,391.0752688
7187,ClP1(Cl)=N[P@@](Cl)(Oc2ccc3ccc4cccc5ccc2c3c45)=N[P@@](Cl)(Oc2ccc3ccc4cccc5ccc2c3c45)=N1,ClCCl,455.0
315,CN(C)c1ccc(/C=C/c2cnc(-c3ccncc3)o2)cc1,ClCCl,550.0
10514,CCn1c2ccccc2c2cc(C#Cc3cc(C#Cc4ccc5c(c4)c4ccccc4n5CC)nc(C#N)n3)ccc21,CN(C)C=O,557.0
9807,COc1cc(C2=c3c(c4ccc(C(C)(C)C)cc4c4c(OC)c(OC)c(OC)cc34)=[N+]3C2=Nc2c(-c4cc(OC)c(OC)c(OC)c4)c4c5cc(OC)c(OC)c(OC)c5c5cc(C(C)(C)C)ccc5c4n2[B-]3(F)F)cc(OC)c1OC,Cc1ccccc1,820.0
10020,CN(C)c1cccc2c1C(=O)c1ccccc1C2=O,CC#N,593.0
9568,COC(=O)C(Cc1ccc2oc(-c3ccc(-n4c5ccccc5c5ccccc54)cc3)nc2c1)NC(=O)OC(C)(C)C,CC1CCCO1,404.0077569
2328,Cc1cc2c(o1)=CC1=C(C(F)(F)F)c3cc4oc(C)cc4n3[B-](F)(F)[N+]=21,ClC(Cl)Cl,620.0
1624,COC(=O)c1cc(=O)n(C)c2cc(-c3ccccc3OC)sc12,ClCCl,469.0
5601,COc1ccc2c(c1)SC1=Nc3sc4cc(OC)ccc4[n+]3CN12,CO,470.0
10697,CCOc1cc2c(cc1/C=C/C(=C(C#N)C#N)c1ccccc1)c1ccccc1n2CC,ClC(Cl)Cl,550.0
5421,CCCC1=Cc2nc1ccc1[nH]c(cc1CCC)c1nc(c(O)cc3[nH]c2cc3CCC)C(CCC)=C1,Cc1ccccc1,683.0
7120,CCOC(=O)COc1ccc(C(c2c(C)[nH]c3ccccc23)c2c(C)[nH]c3ccccc23)cc1,C1CCCCC1,327.0
6223,Cc1ccc(-n2c3ccccc3c3cc(C=C(C#N)C#N)ccc32)cc1,CCOC(C)=O,474.0
4083,O=c1c2cc(-n3c4ccccc4c4ccccc43)ccc2sc2ccc(-n3c4ccccc4c4ccccc43)cc12,Cc1ccccc1,455.5
1071,N#Cc1ccc(-c2ccc(C3=CCC(c4ccccc4)CC3)s2)s1,CCO,444.0
10060,c1ccc(COc2cc(C[n+]3ccc(-c4cc[n+](Cc5cc(OCc6ccccc6)cc(OCc6ccccc6)c5)cc4)cc3)cc(OCc3ccccc3)c2)cc1,CC#N,365.0
6149,Cc1cc(C)c(B(c2cc(-c3ccccc3)sc2-c2sc(-c3ccccc3)cc2P(=O)(c2ccccc2)c2ccccc2)c2c(C)cc(C)cc2C)c(C)c1,CO,558.0
5844,[O-]c1c(-c2nc3ccccc3s2)cc2ccc3cccc4ccc1c2c34,CC#N,553.72
10178,CCCCCCCCCCCCC(CCCCCCCCCC)Cn1c2cc(/C=C/C=C/c3nc4ccccc4s3)c3cccc4c5cccc6c(/C=C/C=C/c7nc8ccccc8s7)cc1c(c65)c2c34,C1CCCCC1,588.0
8674,CCC1=C(C)C2=Cc3cc(I)c(I)n3[B-](F)(F)[N+]2=C1C,C1CCCCC1,550.5
409,COCCC1(CCOC)c2cc(-c3ccc(OC)cc3)ccc2-c2ccc(-c3ccc(OC)cc3)cc21,C1CCCCC1,371.0
9296,CCCCc1c2ccccc2c(-c2ccc(-c3nc4cc(CC(NC(=O)OC(C)(C)C)C(=O)OC)ccc4o3)cc2)c2ccccc12,C1CCOC1,427.9997432
6085,COC(=O)c1ccc(C#Cc2ccc(N(C)C)cc2)cc1,CN(C)C=O,523.9991616
2818,COc1ccc(N(c2ccc(OC)cc2)c2ccc3ccc4c(B(c5c(C)cc(C)cc5C)c5c(C)cc(C)cc5C)ccc5ccc2c3c54)cc1,CC(C)=O,658.0
576,COc1ccc(C2=[N+]3C(=Nc4c(-c5ccccc5)cc(-c5ccc(OC)cc5)n4[B-]3(F)F)C(c3ccccc3)=C2)cc1,ClCCl,715.0
10942,CN(C)c1ccc(-c2cc3ccc([N+](=O)[O-])cc3c(=O)o2)cc1,ClC(Cl)Cl,652.0
9871,CO[Si](c1c2ccccc2cc2ccccc12)(c1c2ccccc2cc2ccccc12)c1c2ccccc2cc2ccccc12,ClC(Cl)Cl,439.0
7503,CN(C)c1ccc(/C=C/C=N/N=C/c2ccc3ccc4cccc5ccc2c3c45)cc1,CCCCO,475.0
713,CC1CC=C(c2ccc(-c3ccc(C=O)s3)s2)CC1,CCO,500.0
4209,CCCCCCc1ccsc1-c1cc2c3cc(-c4sccc4CCCCCC)c4nc(C(F)(F)C(F)(F)C(F)(F)F)nc5c(-c6sccc6CCCCCC)cc(c6cc(-c7sccc7CCCCCC)c7nc(C(F)(F)C(F)(F)C(F)(F)F)nc1c7c26)c3c45,C1CCOC1,627.0
5511,CCOC(=O)C1=CNC=C(C(=O)OCC)C1c1ccccc1,C1CCOC1,412.0
1087,CC(C)(C)c1ccc2c(c1)c1cc(C(C)(C)C)ccc1n2-c1ccc(-c2nc3cc(C#N)c(C#N)cc3nc2-c2ccc(-n3c4ccc(C(C)(C)C)cc4c4cc(C(C)(C)C)ccc43)cc2)cc1,Cc1ccccc1,544.0
9471,COc1ccc(/C=C/C2=CC(/C=C/c3ccc(OC)c4ccccc34)=[O+][B-](F)(F)O2)c2ccccc12,ClC(Cl)(Cl)Cl,561.0
2335,[O-][n+]1c(/C=C/C=C/c2ccccc2)nc(N2CCOCC2)c2c1CCCC2,ClCCl,546.0
4176,COc1ccc(-c2nc(-c3ccc(C#N)cc3)[nH]c2-c2ccc(OC)cc2)cc1,CO,473.0
7076,O=C1c2ccccc2-c2ccc(N3CCN(c4ccccc4)CC3)c3cccc1c23,CC#N,603.0
2405,[NH-]c1cc(N)cc(-c2nc3ccccc3s2)c1,O,484.0
1454,CCOC(=O)CSc1nc(-c2ccccc2)c(C)c(C#N)c1C#N,CCOC(C)=O,421.0
11035,Brc1ccc(-c2nc(-c3ccc(C#Cc4ccc(-n5c6ccccc6c6ccccc65)cc4)cc3)nc(-c3ccc(C#Cc4ccc(-n5c6ccccc6c6ccccc65)cc4)cc3)n2)cc1,C1CCOC1,465.0
2876,COc1ccc(C#Cc2ccc(C#Cc3ccc(P(=O)(c4ccc(C#Cc5ccc(C#Cc6ccc(OC)cc6)cc5)cc4)c4ccc(C#Cc5ccc(C#Cc6ccc(OC)cc6)cc5)cc4)cc3)cc2)cc1,ClCCl,406.0
4100,Cc1ccc(/C=C/c2ccccc2-[n+]2noc([O-])c2-c2ccccc2)cc1,CC#N,506.0
881,CCc1c(C)c2n(c1C)[B-](F)(F)[N+]1=C(c3ccc[nH]3)c3ccccc3C1=C2C,CCCCCC,622.0
1710,Cc1cc2nc3cc(C)c(N)cc3[n+](-c3ccccc3)c2cc1N,CO,563.8
3219,N#CC(C#N)=C(/C=C/c1ccc(N(c2ccccc2)c2ccc(/C=C/C(=C(C#N)C#N)c3ccccc3)cc2)cc1)c1ccccc1,Cc1ccccc1,570.0
7484,Cc1ccc(-c2nc(/C=C/c3ccccc3)c(/C=C/c3ccccc3)[nH]2)cc1,ClCCl,468.0
11177,COc1c2ccccc2c(OC)c2c1c1cc(Cl)ccc1n2C,CC#N,432.0
4913,CC1(C)c2ccccc2N(c2ccccc2)c2ccc(C(=O)c3ccc4c(c3)C(C)(C)c3ccccc3N4c3ccccc3)cc21,O=P(c1ccccc1)(c1ccccc1)c1ccccc1Oc1ccccc1P(=O)(c1ccccc1)c1ccccc1,440.0
2777,CCN(CC)c1ccc2cc(C#N)/c(=N\C(=O)c3ccc(C)cc3)oc2c1,ClCCl,502.0
2245,CC1=[N+]2C(=C(c3ccc(N4CCOCC4)cc3)c3ccc(C)n3[B-]2(F)F)C=C1,CC(=O)C(C)(C)C,530.0
2613,Cc1cccc(-c2[nH]c(=O)n3c2-c2ccccc2C3=O)c1O,ClCCl,473.0
10664,CC1(C)c2ccccc2N(c2ccc3c(c2)C(C)(C)c2cc(N4c5ccccc5C(C)(C)c5ccccc54)ccc2S3(=O)=O)c2ccccc21,ClCCl,504.0
8975,CC1(C)CC(/C=C/c2ccc(-n3ccnc3)cc2)=CC(=C(C#N)C#N)C1,c1ccccc1,511.0
3323,COc1ccc(C2=C3C(C)=CC(C)=[N+]3[B-](F)(F)n3c(/C=C/c4ccc(N(C)C)cc4)cc(C)c32)cc1,CCCCO,678.0
6912,CN(C)c1ccc2nc(/C=C/c3ccccc3)c(=O)oc2c1,CCCCCCC,485.0
6955,CC1=CC(/C=C/c2ccc([N+](C)(C)C)cc2)=[N+]2C1=C(c1ccc(I)cc1)c1c(C)cc(/C=C/c3ccc([N+](C)(C)C)cc3)n1[B-]2(F)F,CC#N,630.0
6203,CC(C)(C)c1ccc(-n2c(-c3ccc(-c4cc(-c5ccccc5)c(-c5ccccc5)c(-c5ccccc5)c4-c4ccccc4)cc3)nc3c4ccccc4c4ccccc4c32)cc1,C1CCOC1,406.0
7433,COc1ccc(/C=C/C(=O)c2ccccc2O)cc1OC,CCCO,495.0
1597,CCOC(=O)c1sc(-c2ccc(-c3cc(-c4cccs4)c(C(=O)OCC)s3)s2)cc1-c1cccs1,ClCCl,455.0
6939,CCCCC1(c2ccccc2)Nc2ccccc2N=C1c1ccccc1,ClC(Cl)Cl,515.0
7191,CCCCCCCCN1c2ccc(C#Cc3cc(C(F)(F)F)cc(C(F)(F)F)c3)cc2Sc2cc(C=O)ccc21,CO,517.0
6455,F[B-]1(F)n2cccc2C(c2ccccc2)=C2C=CC(N3CCOCC3)=[N+]21,CO,542.0
8844,C(=C/c1cc(/C=C/c2ccc(-n3c4ccccc4c4ccccc43)cc2)cc(/C=C/c2ccc(-n3c4ccccc4c4ccccc43)cc2)c1)\c1ccc(-n2c3ccccc3c3ccccc32)cc1,Cc1ccccc1,401.0
3724,CC1(C)c2ccccc2N(c2ccc(-c3nnc(-c4ccccc4O)o3)cc2)c2ccccc21,CC#N,553.0
2628,Cc1ccc(-c2[nH]c(=O)n3c2-c2ccccc2C3=O)c(O)c1,ClCCl,474.0
11055,O=[N+]([O-])c1ccc(F)cc1C1CC(c2cccc3ccccc23)=NN1c1ccccc1,O,473.0
1180,CCn1c2ccsc2c2c3nsnc3c3c4sccc4n(CC)c3c21,C1CCOC1,539.0
6005,O=C(/C=C/c1ccc(O)c(O)c1)O[C@H](Cc1ccc(O)c(O)c1)C(=O)O,CCCC#N,406.0
1911,O=C1Nc2ccccc2/C1=C/C(=O)c1ccc(Cl)cc1,ClCCl,394.0
2955,CC1=[N+]2C(=C(c3ccc(-c4c5ccccc5c(-c5ccccc5)c5ccccc45)cc3)c3ccc(C)n3[B-]2(F)F)C=C1,CN(C)C=O,529.0
7840,CCCC1(CCC)c2cc(-c3ccc(C(C)(C)C)cc3)ccc2-c2ccc(-c3ccc4c(c3)C(CCC)(CCC)c3cc(-c5ccc6c(c5)C(CCC)(CCC)c5cc(-c7ccc(C(C)(C)C)cc7)ccc5-6)ccc3-4)cc21,C1CCCCC1,408.0
2214,Cc1ccc(C(=O)NC(C)(C)C)c2c1ccc1c3ccccc3c3ccccc3c12,ClCCl,407.0
7283,CC1=CC(C)=[N+]2C1=C(c1ccc(N3CCCCC3)cc1)c1c(C)cc(C)n1[B-]2(F)F,CC(C)=O,515.0
7284,CC1=CC(C)=[N+]2C1=C(c1ccc(N3CCCCC3)cc1)c1c(C)cc(C)n1[B-]2(F)F,CCCCCC,511.0
7453,CN(C)c1ccc(/C=C/C(=O)c2ccccc2)cc1,Cc1ccccc1,470.0
6178,N#Cc1ccc(/C=C2\N=C(c3ccccc3)OC2=O)cc1,C1COCCO1,426.0
5009,Cc1ccccc1C1=C2C=c3c(oc4ccc(C(C)(C)C)cc34)=[N+]2[B-](F)(F)n2c1cc1c3cc(C(C)(C)C)ccc3oc12,C1CCCCC1,602.0
9985,Nc1ccc2c(c1)C(=O)c1ccc(N)cc1C2=O,CO,616.0
4553,Cc1ccccc1N1c2c(sc3ccccc23)Sc2sc3ccccc3c21,ClCCl,583.0
6625,CC1(C)CC(=O)c2c(F)c(F)cc(F)c2N1,CC#N,459.0
3264,c1ccc(-c2nn(-c3ccccn3)c3nc4ccccc4cc23)cc1,C1CCCCC1,421.0
10820,CC(C)[Si](C#Cc1c2nsnc2c(C#C[Si](C(C)C)(C(C)C)C(C)C)c2nc3c4ccccc4c(=O)c4ccccc4c3nc12)(C(C)C)C(C)C,ClCCl,594.0
6206,c1ccc2c(c1)c1ccccc1n2-c1ccc(-c2ccc(-n3c4ccccc4c4ccccc43)nc2-n2c3ccccc3c3ccccc32)nn1,CC#N,464.9590164
12029,COc1ccc(-c2c3ccc([nH]3)c3nc(c(-c4ccc([N+](=O)[O-])cc4)c4ccc([nH]4)c4ccc([nH]4)c(-c4ccc(OC)cc4)c4ccc2o4)C=C3)cc1,C1CCOC1,761.0
1691,COc1ccc(C2=CC3=C(c4c(C)cc(C)cc4C)c4cc(-c5ccc(OC)cc5)c(-c5ccc(OC)cc5)n4[B-](F)(F)[N+]3=C2c2ccc(OC)cc2)cc1,ClCCl,672.0
5120,Cc1ccc(C2=C3C=CC(/C=C/c4ccccc4)=[N+]3[B-](F)(F)n3c(Cl)ccc32)cc1,C1COCCO1,582.0
123,COc1ccc(N(c2ccc(OC)cc2)c2ccc3c4cccc5c(N(c6ccc(OC)cc6)c6ccc(OC)cc6)ccc(c6cccc2c63)c54)cc1,Cc1ccccc1,574.0
10338,N#CC(C#N)=Cc1ccc(-c2ccc(-c3nc4ccccc4s3)c(O)c2)o1,CCO,501.0
1952,c1ccc(-c2cc(-c3ccccc3)[o+]c(-c3ccccc3)c2)cc1,ClCCCl,463.0
10501,CCn1c2ccccc2c2cc(C#Cc3cc(C#Cc4ccc5c(c4)c4ccccc4n5CC)nc(S(C)(=O)=O)n3)ccc21,ClCCl,510.0
10144,C1=Cc2ccc(N(c3ccccc3)c3ccccc3)cc2C2(c3cc(N(c4ccccc4)c4ccccc4)ccc31)c1ccccc1-c1ccccc12,ClCCl,461.0
3282,Cc1ccc(Nc2ccc(Nc3ccc(C)cc3)c3c2C(=O)c2ccccc2C3=O)cc1,CCCCCCCO,684.0
7680,CCN(CC)c1ccc2c(C#N)c(/C=C(\C#N)c3nc4ccccc4o3)c(=O)oc2c1,ClCCl,666.0
3305,C(=C/c1nc2ccccc2[nH]1)\c1ccc(/C=C/c2nc3ccccc3[nH]2)cc1,CO,422.0
10900,O=S(=O)(c1ccc(-c2ccc(-c3nc4c5ccccc5c5ccccc5c4n3-c3ccccc3)cc2)cc1)c1ccc(-c2ccc(-c3nc4c5ccccc5c5ccccc5c4n3-c3ccccc3)cc2)cc1,CC(C)OC(C)C,437.0
3468,OC1(c2ccc(-c3cccs3)s2)CCCC1,CCCCCC,410.0
6277,Cc1cc(C)c(B(c2c(C)cc(C)cc2C)c2c(C)cc(N3c4ccccc4Oc4ccccc43)cc2C)c(C)c1,Cc1ccccc1,509.0
10929,CS(=O)(=O)c1ccc(-c2cc3ccc(N)cc3c(=O)o2)cc1,CN(C)C=O,479.0
10855,c1ccc2c(c1)cc(-c1cc(-c3nccs3)nc(-c3nccs3)c1)c1ccccc12,ClC(Cl)Cl,383.0
11368,C[Si](C)(C)c1cc2c(cc3ccc4cccc5ccc2c3c45)[nH]1,CCOC(C)=O,406.0
10241,O=C1NC(=O)c2c1c1c3ccccc3[nH]c1c1[nH]c3ccccc3c21,CC#N,500.0
9096,CCC1(CC)c2cc(C=O)ccc2-c2ccc(N(C)C)cc21,C1CCCCC1,416.0
11980,CC(C)[Si](C#CC1=CC2=c3cc(C#C[Si](C(C)C)(C(C)C)C(C)C)c4nc(C(F)(F)C(F)(F)C(F)(F)F)nc5c(C#C[Si](C(C)C)(C(C)C)C(C)C)cc(c3c54)C3=CC(C#C[Si](C(C)C)(C(C)C)C(C)C)=C4N=C(C(F)(F)C(F)(F)C(F)(F)F)N=C1C4C32)(C(C)C)C(C)C,C1CCOC1,525.0
5234,c1ccc2c(c1)c1ccccc1n2-c1ccc(-c2ccc(-c3ccc(-n4c5ccccc5c5ccccc54)nc3-n3c4ccccc4c4ccccc43)nn2)c(-n2c3ccccc3c3ccccc32)n1,Cc1ccccc1,400.0
6389,COc1cccc(C2=C(c3ccc(C(C)(C)C)cc3)C(c3ccc(C(C)(C)C)cc3)=[N+]3C2=C(c2ccccc2)c2c(-c4cccc(OC)c4)c(-c4ccc(C(C)(C)C)cc4)c(-c4ccc(C(C)(C)C)cc4)n2[B-]3(F)F)c1,ClCCl,640.0
2680,CCN(CC)c1ccc2c(-c3ccc(S(=O)(=O)O)cc3S(=O)(=O)[O-])c3ccc(=[N+](CC)CC)cc-3oc2c1,CN(C)C=O,576.0
1891,Cc1ccc(C(=O)/C=C2\C(=O)Nc3ccccc32)cc1C,CC#N,413.0
11090,CN(C)c1ccc(C2=Cc3ccc4ccccc4[n+]3[B-](F)(F)O2)cc1,CC#N,573.0
7046,Cc1cc(=O)c2ccc(N)cc2o1,CS(C)=O,402.0
295,CN(CCO)c1ccc(/C=C/C2=CC(=C(C#N)C#N)CC(C)(C)C2)cc1,c1ccccc1,588.0
8119,CN(C)c1cc(C#N)c(N(C)C)c(C#N)c1,CCC#N,525.7623554
4695,Cn1c(=O)c(/N=N/c2ccc(S(=O)(=O)O)c3ccccc23)c(O)c2ccccc21,O,582.0
11761,c1ccc(-c2nc(-c3ccc(-c4ccc(-n5c6ccccc6c6ccccc65)cc4)cn3)oc2-c2ccccc2)cc1,CCN(CC)CC,396.0
6428,c1ccc(N(c2ccccc2)c2ccc(-c3nc4c5ccccc5c5ccccc5c4[nH]3)cc2)cc1,C1COCCN1,419.0
1785,Cc1cc(O)c(C(=O)/C=C/c2ccccc2[N+](=O)[O-])c(=O)o1,CC#N,480.0
9415,COc1ccc(-c2cc(C)nc(-c3ccc(-n4c5ccccc5c5ccccc54)cc3)n2)cc1,ClC(Cl)Cl,406.0
286,COc1ccc(-c2cc(/C=C/c3ccc(N(c4ccccc4)c4ccccc4)cc3)c(C#N)c(N3CCCCC3)c2)cc1,CS(C)=O,520.0
5470,c1ccc(N(c2ccccc2)c2ccc(-c3ncnc4ccccc34)cc2)cc1,CC#N,559.0
8316,N#CC(C#N)=C(/C=C/c1ccc(N(c2ccccc2)c2ccccc2)cc1)c1ccccc1,CO,631.0
1758,CCN(CC)c1ccc(/C=C/C(=O)c2c(O)cc(C)oc2=O)cc1,CCCO,562.0
6463,O=C1c2ccccc2-c2cc3ccccc3c(=O)n21,CC#N,443.0
1284,c1ccc2c(-n3c4ccccc4c4ccccc43)cccc2c1,CCOC(C)=O,392.0
4924,CCCCCCCCCCCCN1C(=O)c2cccc3c(N(Cc4ccccn4)Cc4ccccn4)c4ccccc4c(c23)C1=O,ClCCl,587.0
5219,O=C1CC(c2cccc([N+](=O)[O-])c2)c2c(c3ccccc3c3nc4ccccc4nc23)O1,CN(C)C=O,443.0
10354,CCc1c(C)c2n(c1C)[B-](F)(F)[N+]1=C(C=C3C=Cc4ccccc43)C=CC1=C2C,C1CCCCC1,596.0
4219,CC1(C)C(=O)C=Cc2ccc(O)cc21,O,522.0
6253,CN(C)c1ccc2cc3c(cc2c1)OCCN=C3,CN(C)C=O,442.0
9950,CC1=N/C(=C\c2ccccc2N(C)C)C(=O)N1C,ClCCl,535.0
6192,C(=C/c1ccnc(/C=C/c2ccc(N(c3ccccc3)c3ccccc3)cc2)n1)\c1ccc(N(c2ccccc2)c2ccccc2)cc1,ClCCl,527.0
4058,O=C1/C(=C\c2ccc(N(c3ccccc3)c3ccccc3)cc2)S(=O)(=O)c2ccccc21,CC(C)=O,540.0
9006,N#Cc1ccc2cc[nH]c2c1,OCC(F)(F)F,364.0
549,CCCCN1C(=O)C(=C/C=C/C=C/C=C2N(CCCC)c3ccccc3N2CCCC)C(=O)N(CCCC)C1=S,CCCCCC,707.0
9630,COc1c2ccccc2c(-c2ccccc2)c2ccccc12,ClC(Cl)Cl,426.0
2673,C(=C/c1ccccn1)\c1ccc(N(c2ccc(/C=C/c3ccccn3)cc2)c2ccc(-c3nc4ccccc4nc3-c3ccc(N(c4ccc(/C=C/c5ccccn5)cc4)c4ccc(/C=C/c5ccccn5)cc4)cc3)cc2)cc1,Cc1ccccc1,533.0
4418,CC(=O)c1ccn2c3c(c(/C=C/c4cc[n+](C)cc4)c2c1)CN(C)C3=O,O,551.0
9558,CN1C(=CC2=C([O-])C(=Cc3oc4ccccc4[n+]3C)C2=C(C#N)C#N)Sc2ccccc21,ClC(Cl)Cl,682.0
11156,COc1ccc2c3c(OC)c4ccccc4c(OC)c3n(C)c2c1,C1CCCCC1,402.0
6650,CCOC(=O)c1sc2nc(-c3ccccc3)c(C)c(C#N)c2c1N,ClC(Cl)Cl,550.0
5070,CC(C)(C)NS(=O)(=O)c1ccc2c(c1)C(=O)/C(=C1\Sc3ccc(S(=O)(=O)NC(C)(C)C)cc3C1=O)S2,CN(C)C=O,604.0
4580,CC1=C(Cc2ccccc2)C(C)=[N+]2C1=C(C)c1c(C)c(-c3csc(N4CCOCC4)n3)c(C)n1[B-]2(F)F,C1CCOC1,620.0
3790,c1ccc(-c2nn(-c3ccccc3)c3nc4ccccc4cc23)cc1,CCCCCl,462.962963
11699,COC(=O)c1cc(=O)n(C)c2cc(-c3ccc4c(c3)OCO4)sc12,CC#N,482.0
12162,COc1ccc2c(c1)c1ccccc1n2-c1nc2ccccc2nc1-n1c2ccccc2c2cc(OC)ccc21,CCCCCC,508.9725036
4515,CC(C)(C)c1ccc(-c2nc3c4ccc(-c5cccc6ccccc56)cc4c4cc(-c5cccc6ccccc56)ccc4c3n2-c2ccc(C(C)(C)C)cc2)cc1,Cc1ccccc1,385.0
4299,O=C1C=C(Nc2ccccc2)CCC1,ClC(Cl)Cl,362.0
5931,CCCCNc1nc(/C=C/c2ccccc2)[n+]([O-])c2c1CCCC2,ClCCl,520.0
2377,Nc1cc(N)cc(-c2nc3ccccc3s2)c1,CC#N,482.0
9388,Cc1cc2c(o1)c(C)cc1ccc(=O)oc12,CC#N,435.0
4048,N#Cc1cc(-c2ccc(/C=C/c3ccc(N(c4ccccc4)c4ccccc4)cc3)c(C#N)c2)ccc1/C=C/c1ccc(N(c2ccccc2)c2ccccc2)cc1,ClCCl,541.0
3334,CC(C)CCCCN1CCc2c1ccc1c3c(ccc21)CCCC3=O,CC#N,625.0
7030,N#Cc1coc2ccccc2c1=O,CCCO,440.0
5903,CN(C)c1c2ccccc2cc2ccccc12,OCCO,392.0
5501,CCCCCCCCC1(CCCCCCCC)c2cc(C#Cc3ccc(N(c4ccccc4)c4ccccc4)cc3)ccc2-c2ccc(C=O)cc21,C1CCOC1,495.0
5865,CC(C)[Si]1(C(C)C)c2cc(C=O)ccc2-c2ccc(N(C)C)cc21,CCO,565.0
10826,CN(C)c1ccc(C2=Cc3c4ccccc4c4ccccc4[n+]3[B-](F)(F)O2)cc1,CCOCC,513.0
8722,CC(C)(C)NC1=C2C=CC=[N+]2[B-](F)(F)n2cccc21,CC(C)=O,492.0
4972,c1ccc(-c2nc(-c3ccccc3)nc(-c3ccc(-n4c5ccc(-c6ccc7sc8ccccc8c7c6)cc5c5cc(-c6ccc7sc8ccccc8c7c6)ccc54)cc3)n2)cc1,CCOC(C)=O,473.0
3146,O=C(O)c1ccccc1-c1nc(-c2ccccc2)c2ccccn12,CC#N,494.0
10559,CCCCC1(CCCC)c2cc(C#Cc3ccc(/C=C(\C)c4ccccc4)cc3)ccc2-c2ccc(C#Cc3ccc(/C=C(\C)c4ccccc4)cc3)cc21,C1CCOC1,403.0
1303,N#Cc1cc(-n2c3ccccc3c3ncccc32)c(-n2c3ccccc3c3ncccc32)cc1C#N,c1cc(-n2c3ccccc3c3ccccc32)cc(-n2c3ccccc3c3ccccc32)c1,477.2727273
8157,COCCOCCOCCOc1cc(C=O)c(OCCOCCOCCOC)cc1C=O,CN(C)C=O,464.0
5858,CC(C)[Si]1(C(C)C)c2cc(C=C(C#N)C#N)ccc2-c2ccc(N(C)C)cc21,CCO,691.0
3465,CC1(C)c2ccccc2-c2cc3c4ccccc4n(-c4ccc(-c5nc(-c6ccccc6)nc(-c6ccccc6)n5)cc4)c3cc21,O=P(c1ccccc1)(c1ccccc1)c1ccccc1Oc1ccccc1P(=O)(c1ccccc1)c1ccccc1,488.0
5517,CC(C)(C)/C=C1\C=C(c2ccccc2)C=C1c1ccccc1,C1CCOC1,460.0
4868,CN(C)c1ncc2nc(C#N)n(Cc3ccccc3)c2n1,ClCCl,429.0
8240,CN(C)c1ccc(/C=C/C(=O)O)cc1,CCCO,441.0
9819,COc1ccc(C#Cc2nc3ccccc3nc2-c2cn(C)c3ccccc23)cc1,CC#N,518.0
6698,CCCCCCCC(=O)Oc1ccc2c3cccc4c(OC(=O)CCCCCCC)ccc(c5cccc1c52)c43,C1CCOC1,454.0107514
11321,Cc1nc(-c2cc(N)ccc2O)n2c1CCCC2,ClCCl,543.0
7704,CCOC(=O)c1cc(C(=O)OCC)c2cc(C)ccc2n1,CCO,417.0
8377,COC(=O)C(Cc1ccc2oc(-c3ccc4c(c3)c3ccccc3n4-c3ccccc3)nc2c1)NC(=O)OC(C)(C)C,CC1COC(=O)O1,377.8004458
10255,c1ccc2c(-c3cc(-c4nccs4)nc(-c4nccs4)c3)c3ccccc3cc2c1,ClC(Cl)Cl,440.0
10349,F[B-]1(F)n2c(c3cc4ccccc4cc3c2-c2ccccc2)C=C2c3cc4ccccc4cc3C(c3ccccc3)=[N+]21,CN(C)C=O,788.0
5221,O=C1CC(c2cccc([N+](=O)[O-])c2)c2c(c3ccccc3c3nc4ccccc4nc23)O1,CS(C)=O,452.0
9720,CN(C)c1ccc(-c2nc(-c3ccc(-n4c5ccccc5c5ccccc54)cc3)cc(-c3ccc(-n4c5ccccc5c5ccccc54)cc3)n2)cc1,CN(C)C=O,487.0
6684,Nc1ccc2c3cccc4cccc(c5cccc1c52)c43,CCCCOCCCC,540.0
5735,N#Cc1ccc(C=C(c2ccccc2)c2ccccc2)cc1,C1CCOC1,390.0
3169,N#Cc1ccc(-c2nc(-c3ccccc3)c3ccccn23)cc1,O,470.0
2813,c1ccc(-c2nc(-c3c4ccccc4cc4ccccc34)n3ccccc23)cc1,CO,552.0
2861,COc1nc(Cl)nc(Nc2ccc3cc4ccccc4cc3c2)n1,CCCCOCCCC,429.0
7868,CCOC(=O)C1c2ccccc2C(=O)N1c1ccccn1,ClCCl,392.0
467,O=C1c2ccc(-c3ccc(N(c4ccccc4)c4ccccc4)cc3)cc2C(=O)c2ccc(-c3ccc(N(c4ccccc4)c4ccccc4)cc3)cc21,Cc1ccccc1,597.0
11749,CN(C)c1ccc2cc(C(/C=C/c3c[nH]c4ccccc34)=C(C#N)C#N)c(=O)oc2c1,C1COCCO1,556.0
7677,CCN(CC)c1ccc2c(C#N)c(/C=C(\C#N)c3nc4ccccc4o3)c(=O)oc2c1,CCOC(C)=O,658.0
6958,Cc1ccc(C2=C3C=CC(/C=C/c4ccccc4)=[N+]3[B-](F)(F)n3c(/C=C/c4ccccc4)ccc32)cc1,C1CCCCC1,642.0
9293,CCCCc1c2ccccc2c(-c2ccc(-c3nc4cc(CC(NC(=O)OC(C)(C)C)C(=O)OC)ccc4o3)cc2)c2ccccc12,NC=O,491.4995159
106,Cc1ccc(N(c2ccc(C)cc2)c2ccc3c4cccc5c(N(c6ccc(C)cc6)c6ccc(C)cc6)ccc(c6cccc2c63)c54)cc1,C1CCOC1,551.0
7879,CC1(C)c2ccccc2N(c2ccc3c(c2)c2cc(N4c5ccccc5C(C)(C)c5ccccc54)cc4c5ccccc5n3c42)c2ccccc21,Cc1ccccc1,449.0
10828,CN(C)c1ccc(C2=Cc3c4ccccc4c4ccccc4[n+]3[B-](F)(F)O2)cc1,CO,559.0
4202,CCN(CC)c1ccc(/N=N/c2nc3ccc(OC)cc3s2)cc1,ClCCl,574.0
6847,COc1cc(N(c2ccccc2)c2ccccc2)ccc1C=C(C#N)C#N,CC(C)=O,587.0
411,CCCCCCCCC1(CCCCCCCC)c2cc(-c3ccc([N+](=O)[O-])cc3)ccc2-c2ccc(-c3ccc([N+](=O)[O-])cc3)cc21,CN(C)C=O,569.0
7816,CN(C)c1cccc2c1C(=O)c1ccccc1-2,c1ccccc1,520.0
6994,F[B-]1(F)n2c(c(-c3ccccc3)c(-c3ccccc3)c2-c2ccccc2)C=C2C(c3ccccc3)=C(c3ccccc3)C(c3ccccc3)=[N+]21,C1CCOC1,608.0
10884,COc1ccc(-c2nc(/C(C#N)=C/c3ccc(Cl)cc3)sc2-c2ccc(OC)cc2)cc1,CC#N,553.0
2512,CC(=O)c1ccc(-c2cnc3nn4ccccc4c3n2)cc1,C1CCOC1,455.0
5902,CN(C)c1c2ccccc2cc2ccccc12,OCC(O)CO,393.0
6535,Oc1ccccc1-c1nc2c(c3c1-c1ccccc1CC3)-c1ccccc1CC2,ClCCl,413.0
2981,CCN(CC)c1ccc([N+]2=Cc3ccc4c5c(ccc4c3O[B-]2(c2c(F)c(F)c(F)c(F)c2F)c2c(F)c(F)c(F)c(F)c2F)C=[N+](c2ccc(N(CC)CC)cc2)[B-](c2c(F)c(F)c(F)c(F)c2F)(c2c(F)c(F)c(F)c(F)c2F)O5)cc1,Cc1ccccc1,644.0
9021,N#Cc1ccc2[nH]ccc2c1,CO,367.0
6280,C(=C/c1ccc(-c2nnc(-c3ccccc3)o2)cc1)\c1ccc(-c2nnc(-c3ccccc3)o2)cc1,CN(C)C=O,415.0
11613,Nc1ccc2c(C(F)(F)F)cc(=O)oc2c1,CC1CCCCC1,401.0
4708,CC1(C)c2ccccc2N(c2ccc(-c3nnc(-c4ccc(N5c6ccccc6C(C)(C)c6ccccc65)cc4)o3)cc2)c2ccccc21,O=P(c1ccccc1)(c1ccccc1)c1ccccc1Oc1ccccc1P(=O)(c1ccccc1)c1ccccc1,472.0
11065,Cc1ccc(-c2ccc(-c3ccc(-c4ccc(C)cc4)cc3/C(=C(/c3ccccc3)c3cc(-c4ccc(C)cc4)ccc3-c3ccc(-c4ccc(C)cc4)cc3)c3ccccc3)cc2)cc1,C1CCOC1,498.0
4679,O=C(c1sc(-c2ccc(-c3cc(-c4cccs4)c(C(=O)N4CCOCC4)s3)s2)cc1-c1cccs1)N1CCOCC1,ClCCl,465.0
11271,COc1cc(Br)cc2cc(-c3cc4cc(Br)cc(OC)c4oc3=O)oc12,O,497.0
4838,c1ccc2cc3cc(-c4cc(-c5nccs5)nc(-c5nccs5)c4)ccc3cc2c1,CCCCCC,376.0
1862,COc1ccc(C(=O)/C=C2\C(=O)Nc3ccccc32)c(OC)c1,CCOC(C)=O,425.0
3585,CCCCCCc1ccc(-n2c3[n+](c4c5ccccc5c5ccccc5c42)[B-](C)(C)c2cc(-n4c5ccccc5c5ccccc54)ccc2-3)cc1,ClCCl,408.0
9248,CN(C)c1ccc(-c2ccc3c(=O)c(O)coc3c2)cc1,CS(C)=O,567.0
5035,Cc1ccc(C2=C3C=c4c(oc5ccccc45)=[N+]3[B-](F)(F)n3c2cc2c4ccccc4oc23)cc1,Cc1ccccc1,603.0
2360,CC(C)(C)c1ccc(-c2nc3c4ccc(-c5ccccc5)cc4c4cc(-c5ccccc5)ccc4c3n2-c2ccc(C(C)(C)C)cc2)cc1,CCN(CC)CC,386.0
7781,CN(C)c1ccc2c(c1)-c1ccccc1C2=O,C1CCCCC1,491.0
4093,CCCCC1(CCCC)c2cc(C#Cc3ccc4ccc5cccc6ccc3c4c56)ccc2-c2ccc(N(c3ccccc3)c3ccccc3)cc21,CC#N,557.0
4721,O=c1oc2ccccc2cc1-c1ccc(-c2cc3ccccc3oc2=O)cc1,ClC(Cl)Cl,430.0
2406,[NH3+]c1cc([NH3+])cc(-c2nc3ccccc3s2)c1,O,402.0
29,O=Cc1ccc(-c2cccc(-c3nc4ccccc4s3)c2O)o1,ClCCl,565.0
9121,Nc1ccc2c(c1)Cc1ccccc1-2,CCCCCC,344.0
4474,CCCCCOc1ccc2c(c1)c1ccc3cccc4c5cccc6oc(=O)c2c(c65)c1c34,C1CCOC1,462.0
3316,COc1ccc(C2=C3C(C)=CC(C)=[N+]3[B-](F)(F)n3c(/C=C/c4ccc(N(C)C)cc4)cc(C)c32)cc1,C1COCCO1,648.0
6624,CC1(C)CC(=O)c2ccccc2N1,CCO,483.0
568,CN(C)c1ccc(C2=[N+]3C(=Nc4c(-c5ccc(O)cc5)cc(-c5ccc(N(C)C)cc5)n4[B-]3(F)F)C(c3ccc(O)cc3)=C2)cc1,C1CCOC1,815.0
12213,CN1C(=O)/C(=C/c2ccncc2)N=C1/C=C/c1ccccc1,CCO,550.0
5860,CC(C)[Si]1(C(C)C)c2cc(C=C(C#N)C#N)ccc2-c2ccc(N(C)C)cc21,CS(C)=O,714.0
1245,N#Cc1c(N2CCCCC2)cc(-c2ccccc2)c2c1Cc1ccccc1-2,C1CCOC1,449.0
5632,CCCCCCCCC1(CCCCCCCC)c2cc(-c3ccc(C=C4C(=O)c5ccccc5C4=O)cc3)ccc2-c2ccc(-c3ccc(C=C4C(=O)c5ccccc5C4=O)cc3)cc21,ClC(Cl)Cl,530.0
5773,Fc1ccc(-c2cc3c4c(c2)CCc2cc(-c5ccc(F)cc5)cc(c2-4)CC3)cc1,C1CCCCC1,374.6575342
1458,COc1ccc(-c2ccc(-c3ccc(C#N)s3)s2)cc1,C1COCCO1,455.0
9050,N#Cc1cccc2[nH]ccc12,CS(C)=O,392.0
1835,COc1ccc2c(-c3nc(-c4cccc(C)c4)no3)cc(=O)oc2c1,ClC(Cl)Cl,450.0
316,F[B-]1(F)Oc2ccc3ccccc3c2-c2c3c(c4c([n+]21)CCc1ccccc1-4)CCc1ccccc1-3,ClCCl,476.0
108,Cc1ccc(N(c2ccc(C)cc2)c2ccc3c4cccc5c(N(c6ccc(C)cc6)c6ccc(C)cc6)ccc(c6cccc2c63)c54)cc1,Cc1ccccc1,548.0
7070,O=C1OC(c2ccccc2)=N/C1=C\c1ccc(N(c2ccccc2)c2ccccc2)cc1,ClC(Cl)Cl,577.0
6987,C(#Cc1ccncc1)C(C#Cc1ccncc1)=Cc1ccc(C=C(C#Cc2ccncc2)C#Cc2ccncc2)s1,ClC(Cl)Cl,587.0
6672,Cc1cc(=O)oc2cc3c4ccccc4c4ccccc4c3cc12,ClC(Cl)Cl,415.0
10816,CC1=[N+]2C(=C(NC(C)c3ccccc3)c3ccc(C)n3[B-]2(F)F)C=C1c1cc2n(c1)[B-](F)(F)[N+]1=CC=CC1=C2c1c(C)cc(C)cc1C,CCOC(C)=O,700.0
4351,N#Cc1ccc(C#Cc2ccc3ccc4ccc(C#Cc5ccc(C#N)cc5)c5ccc2c3c45)cc1,ClCCl,448.8
10024,CN(C)c1cccc2c1C(=O)c1ccccc1C2=O,CCOC(C)=O,585.0
4844,C=CCOC(=O)C(C#N)=C1C=C(/C=C/c2ccc(N(C)C)cc2)OC(/C=C/c2ccc(N(C)C)cc2)=C1,CN(C)C=O,616.0
3997,COC(=O)C(Cc1ccc2oc(-c3ccc(N(C)C)cc3)nc2c1)NC(=O)OC(C)(C)C,COCCOC,395.50704
11994,Cc1c2oc3c(C)c(N)cc(C(=O)NC4OC(=O)C(C(C)C)N(C)C(=O)CN(C)C(=O)C5CCCN5C(=O)C(C(C)C)NC4=O)c3nc-2c(C(=O)NC2OC(=O)C(C(C)C)N(C)C(=O)CN(C)C(=O)C3CCCN3C(=O)C(C(C)C)NC2=O)c(N)c1=O,CN(C)C=O,640.7832935
10549,O=C1c2ccccc2C2=Nc3ccc4ccccc4[n+]3[B-](F)(F)N12,ClCCl,444.0
6341,CCCCCCc1ccc(-n2c3[n+](c4c5ccccc5c5ccccc5c42)[B-](C)(C)c2ccc4ccccc4c2-3)cc1,CC#N,443.0
11579,CCN(CC)c1ccc2c(C)cc(=O)oc2c1,CO,462.0
10234,CCCCN1C(=O)C(=C/C=C/C=C2N(CCCC)c3ccccc3N2CCCC)C(=O)N(CCCC)C1=S,ClC(Cl)Cl,589.0
10386,CCn1c2ccccc2c2ccc(-c3ccc(OC)cc3)cc21,C1CCCCC1,383.0
4023,COC(=O)c1c(-c2cc3ccccc3oc2=O)nn(-c2cccc(F)c2)c1C(=O)OC,ClCCl,402.0
12003,Cc1c2oc3c(C)c(N)cc(C(=O)NC4OC(=O)C(C(C)C)N(C)C(=O)CN(C)C(=O)C5CCCN5C(=O)C(C(C)C)NC4=O)c3nc-2c(C(=O)NC2OC(=O)C(C(C)C)N(C)C(=O)CN(C)C(=O)C3CCCN3C(=O)C(C(C)C)NC2=O)c(N)c1=O,c1ccncc1,648.0671398
8313,N#CC(C#N)=C(/C=C/c1ccc(N(c2ccccc2)c2ccccc2)cc1)c1ccccc1,CCO,630.0
4872,COC(=O)c1nc2c(N(C)C)nc(N(C)C)nc2n1Cc1ccccc1,ClCCl,409.0
4414,CCn1c2cc(OC)ccc2c2c3nsnc3c3c4ccc(OC)cc4n(CC)c3c21,ClCCl,553.0
4641,C(=C/c1cnc2ccccc2n1)\c1ccc(N2CCCCC2)cc1,CS(C)=O,626.0
6306,CN(C)c1ccc(/C=C/C(=C(C#N)C#N)c2ccc3c4c(cccc24)CC3)cc1,CC#N,598.0
3635,O=C1c2ccccc2C(=O)N1c1ccc(Cn2cncn2)cc1,CCCCCC,310.0
973,CCC1(CC)c2cc(/C=C/c3cc(Br)c(/C=C/c4ccc5c(c4)C(CC)(CC)c4cc(N6c7ccccc7Sc7ccccc76)ccc4-5)cc3Br)ccc2-c2ccc(N3c4ccccc4Sc4ccccc43)cc21,CC#N,573.0
8796,CCC1=C(C)C2=C(C)c3c(C)c(-c4csc(N5CCOCC5)n4)c(C)n3[B-](F)(F)[N+]2=C1C,CCOC(C)=O,549.0
9818,COc1ccc(C#Cc2nc3ccccc3nc2-c2cn(C)c3ccccc23)cc1,C1CCOC1,490.0
7168,Cc1cc(N(C)C)ccc1C1=C2C=CC(=[N+](C)C)C=C2[Si](C)(C)c2cc(N(C)C)ccc21,O,663.0
7359,O=c1c2cc(F)c(N3CCOCC3)cc2sc2cc(N3CCOCC3)c(F)cc12,CCO,481.0
6620,CC1(C)CC(=O)c2cc(F)cc(F)c2N1,CCO,492.0
10190,C(=C/c1cccnc1)\c1ccc(Nc2ccccc2)cc1,CCCCCC,385.0
6167,CN(C)c1ccc(/C=C2/N=C(c3ccccc3)OC2=O)cc1,CC(C)=O,536.0
1374,CCN(CC)c1ccc2cc(/C(Cl)=C/C=C/C(=C(C#N)C#N)c3ccc(N(c4ccccc4)c4ccccc4)cc3)c(=O)oc2c1,Cc1ccccc1,619.0
11718,COc1ccc(C#Cc2ccc(C#Cc3ccc(C#Cc4ccccc4C#N)cc3C#N)cc2C#N)cc1,CN(C)C=O,513.0
8655,CCC1=C(C)C2=C(C)c3cccn3[B-](F)(F)[N+]2=C1C,CCOC(C)=O,512.5
7308,CN(C)c1cccc2c1ccc1c(=O)oc(-c3ccc(C(F)(F)F)cc3)cc12,CC(C)=O,611.0
4862,CN(C)c1nc(N)nc2c1nc(C#N)n2Cc1ccccc1,CC#N,378.0
9962,C(=C/c1nc2c3ccccc3c3ccccc3c2o1)\c1ccccc1,CC#N,434.0
10,CC(C)(C)c1ccc(-c2nc3c4ccc(-c5cc6ccccc6c6ccccc56)cc4c4cc(-c5cc6ccccc6c6ccccc56)ccc4c3n2-c2ccc(C(C)(C)C)cc2)cc1,CCOC(C)=O,388.0
10149,CC[n+]1c(-c2ccccc2)c2cc(N)ccc2c2ccc(NC(N)=[NH2+])cc21,O,590.0
11905,COc1cccc(-c2c3ccccc3c3n2[B-](F)(F)[N+]2=Cc4c5ccccc5c(-c5cccc(OC)c5)n4[B-](F)(F)[N+]2=C3)c1,ClCCl,602.0
1426,O=C1NC(=O)/C(=C\c2ccccc2O)S1,CO,428.0
9902,C#CCN1C(=O)/C(=C/c2cc(OC(C)C)ccc2OC(C)C)N=C1C,CCCCCC,440.0
8368,COC(=O)C(Cc1ccc2oc(-c3ccc4c(c3)c3ccccc3n4-c3ccccc3)nc2c1)NC(=O)OC(C)(C)C,C1COCCO1,379.5066414
9779,Cn1c(=O)c(/N=N/c2ccc(/N=N/c3ccc(S(=O)(=O)O)cc3)cc2)c(O)c2ccccc21,CS(C)=O,540.0
718,CC1CC=C(c2ccc(-c3cccs3)s2)CC1,CCCCCC,408.0
8193,COCCOCCOc1ccc(OCCOCCOC)c(C=O)c1,CCO,461.0
3445,CN1/C(=C/C=C(/C=C/C2=[N+](C)c3ccccc3C2(C)C)c2ccccc2)C(C)(C)c2ccccc21,CO,666.0
5933,CC1=[N+]2C(=C(Oc3ccccc3)c3ccc(C)n3[B-]2(F)F)C=C1c1cc2n(c1)[B-](F)(F)[N+]1=CC=CC1=C2c1c(C)cc(C)cc1C,C1CCCCC1,630.0
11339,Cc1ccc(N(c2ccc(C)cc2)c2ccc(-c3ccc4c(c3)C(=O)c3ccccc3C4=O)cc2)cc1,CCOCC,680.0
735,C1=C(c2ccc(-c3cccs3)s2)CCCC1,CC#N,415.0
4950,CCN(CC)c1cc2oc3cc(O)c(F)cc3c(=O)c2cc1F,CCO,438.0
11836,COc1ccc(C2CC(c3ccc(O)cc3)=NN2c2ccc(S(N)(=O)=O)cc2)cc1,CC(C)O,423.0
9253,COc1coc2cc(-c3ccc(N(C)C)cc3)ccc2c1=O,CC#N,530.0
3562,CN(C)c1ccc(-c2nc3cnccc3[nH]2)cc1,CCO,395.0
2140,CC1(C)Cc2c(c3ccccc3c3nc4ccccc4nc23)O1,ClC(Cl)Cl,505.0505051
4606,Cc1ccc(-c2c3nc(c(-c4ccc(C)cc4)c4ccc(s4)c(-c4ccco4)c4nc(c(-c5ccc(C)cc5)c5ccc2[nH]5)C=C4)C=C3)cc1,ClCCl,698.0
7251,COc1ccc2[nH]cc(/C=C/C3=[NH+]c4cccc5cccc3c45)c2c1,CO,583.0
909,Cc1cc(C)n2c1C=C1c3ccccc3C(c3cccn3C)=[N+]1[B-]2(F)F,C1CCOC1,608.0
8270,N#Cc1ccc(C[C@H](N)C(=O)O)cc1,O,293.5429182
496,COc1ccc(/C=C/C=C/C=C/c2ccc([N+](=O)[O-])cc2)cc1,C1CCOC1,611.0
9350,O=Cc1c(O)c(-c2nc3ccccc3s2)cc2ccccc12,CO,525.0
10299,O=c1oc2ccccc2cc1-c1nc2ccccc2o1,Cc1ccccc1,445.0
5533,Nc1cccc(-c2c3nc(c(-c4cccc(N)c4)c4ccc([nH]4)c(-c4cccc(N)c4)c4nc(c(-c5cccc(N)c5)c5ccc2[nH]5)C=C4)C=C3)c1,CN(C)C=O,651.0
8420,N#CC1=C(c2ccc(-c3cccs3)s2)CC1,OCCOCCO,462.0
7173,CCn1c2ccccc2c2cc(/C=C/c3cccc[n+]3CCCS(=O)(=O)[O-])ccc21,C1CCOC1,559.0
1206,Cc1ccc(-c2c3nc(c(-c4ccc(C)cc4)c4ccc([nH]4)c(-c4ccc(OC(=O)C(C)c5ccc(CC(C)C)cc5)cc4)c4nc(c(-c5ccc(C)cc5)c5ccc2[nH]5)C=C4)C=C3)cc1,ClCCl,652.0
9876,F[Si](c1c2ccccc2cc2ccccc12)(c1c2ccccc2cc2ccccc12)c1c2ccccc2cc2ccccc12,ClC(Cl)Cl,434.0
6008,O=C(/C=C/c1ccc(O)c(O)c1)O[C@H](Cc1ccc(O)c(O)c1)C(=O)O,CO,432.0
5857,CC(C)[Si]1(C(C)C)c2cc(C=C(C#N)C#N)ccc2-c2ccc(N(C)C)cc21,CC#N,694.0
1195,CC1(C)c2ccccc2N(c2ccc(C(=C(C#N)C#N)c3ccc(N4c5ccccc5C(C)(C)c5ccccc54)cc3)cc2)c2ccccc21,Cc1ccccc1,649.0
8451,c1ccc(-c2cc(-c3ccc(N(c4ccccc4)c4ccccc4)cc3)cc(-c3ccccc3)n2)cc1,CCCCCC,393.0
5652,N#Cc1c(N2CCCC2)cc(-c2ccccc2)c2c1-c1cccc3cccc-2c13,O,550.0
6662,COc1cc2c3cc(OC)c(OC)cc3c3cc4c(C)cc(=O)oc4cc3c2cc1OC,CO,556.0
9478,Cc1cn(CCCn2cc(C)c(=O)[nH]c2=O)c(=O)nc1-n1cncn1,O,382.0
6378,CCC(CC)COC1=CC2=C3c4cc(OCC(CC)CC)c(-c5ccccc5)n4[B-](F)(F)[n+]4nnn(c43)[B-](F)(F)[N+]2=C1c1ccccc1,CC#N,721.0
2995,O=[N+]([O-])c1ccc([N+]2=Cc3ccc4c5c(ccc4c3O[B-]2(c2c(F)c(F)c(F)c(F)c2F)c2c(F)c(F)c(F)c(F)c2F)C=[N+](c2ccc([N+](=O)[O-])cc2)[B-](c2c(F)c(F)c(F)c(F)c2F)(c2c(F)c(F)c(F)c(F)c2F)O5)cc1,C1CCOC1,615.0
8149,COCCOCCOCCOCCOc1ccc(OCCOCCOCCOCCOC)c(C=O)c1,NC=O,464.0
288,N#Cc1c(N2CCCCC2)cc(-c2ccccc2)c2c1-c1ccccc1C2,C1CCOC1,453.0
8129,COCCOCCOCCOCCOc1cc(C=O)c(OCCOCCOCCOCCOC)cc1C=O,CC(C)(C)O,479.0
5614,CCCCN1c2ccccc2Sc2cc(/C=C\c3cc(=O)oc4cc(C)ccc34)ccc21,ClC(Cl)Cl,632.0
8268,N#Cc1ccc(C[C@H](N)C(=O)O)cc1,CCO,292.9917622
4671,Cc1ccc(-c2nnc(-c3ccc4ccc5cccc6ccc3c4c56)o2)cc1,Cc1ccccc1,425.0
8255,N#Cc1cc(N)cc(C#N)c1,CC#N,392.0
6208,CCOC(=O)/C(C#N)=C\c1ccc2c(c1)c1ccccc1n2-c1ccc(OC)cc1,Cc1ccccc1,455.0
388,c1ccc(-c2nc3ccccc3nc2-c2ccccc2)cc1,Cc1ccccc1,400.0
836,Cc1cc(-c2cccc3ccccc23)cc(C)[o+]1,ClCCl,554.0
9020,N#Cc1ccc2[nH]ccc2c1,CCO,364.0
9271,O=c1c2ccccc2n2c3ccc(-c4ccccc4)cc3c(=O)c3cccc1c32,CCCCOCCCC,458.0
280,CN(C)c1ccc(/C=C/c2ncc3ccccc3n2)cc1,CS(C)=O,594.0
5419,CCCC1=Cc2nc1ccc1[nH]c(cc1CCC)c1nc(c(NC(=O)CCCC(=O)OC)cc3[nH]c2cc3CCC)C(CCC)=C1,Cc1ccccc1,680.0
4649,COc1cc(/C=C/c2nc3ccccc3o2)c(OC)cc1/C=C/c1nc(C)nc(/C=C/c2cc(OC)c(/C=C/c3nc4ccccc4o3)cc2OC)n1,C1CCOC1,487.0
3412,O=C1c2cccc3c(NCc4ccccn4)c4ccccc4c(c23)C(=O)N1Cc1ccccn1,CCO,615.0
6113,COc1ccc(C#Cc2ccc(C#N)cc2)cc1,CCCO,395.0
1112,Cc1ccc(/C=N/c2cc(C(C)C)c(O)cc2C)cc1,C1CCCCC1,400.0
7149,CC/[NH+]=c1\cc2oc3cc(NCCO)c4ccccc4c3nc-2cc1C,O,651.0
10550,CC1=c2cc3c(C)c4n(c3cc2=[N+]2C1=Cc1c3ccccc3c(C)n1[B-]2(F)F)[B-](F)(F)[N+]1=C(C)c2ccccc2C1=C4,ClC(Cl)Cl,781.0
10258,c1ccc(N(c2ccccc2)c2ccc3c(c2)-c2ccccc2C32c3ccccc3-n3c4ccccc4c4cccc2c43)cc1,ClCCl,410.0
10066,COc1ccc(N(c2ccc(OC)cc2)c2cc3ccc4cc(B(c5c(C)cc(C)cc5C)c5c(C)cc(C)cc5C)cc5ccc(c2)c3c45)cc1,ClCCl,561.0
3689,c1ccc(-c2cc3c(-c4ccccc4)c4cccc5c(-c6ccccc6)cc6c(-c7ccccc7)c7cccc2c7c3c6c54)cc1,ClCCl,462.0
5617,C[P+]1(c2ccccc2)C2=C(c3ccccc31)S(=O)(=O)c1ccccc12,ClCCl,483.0
4257,COC(=O)/C=C/c1sc(-c2ccc(N(C)C)s2)c(-c2ccsc2)c1N,CC#N,557.0
267,Cc1cccc2nc3c(=O)[nH]c(=O)[nH]c3nc12,CC#N,449.0
10264,Oc1ccc2ccccc2c1-c1nc(-c2ccccc2)c2ccccn12,O,440.0
1598,C(#Cc1ccccc1)C(C#Cc1ccccc1)=Cc1ccc2cc(C=C(C#Cc3ccccc3)C#Cc3ccccc3)ccc2c1,ClC(Cl)Cl,473.0
3954,COC(=O)C(NC(=O)OC(C)(C)C)c1ccc2oc(-c3ccc(C#N)cc3)nc2c1,CC1CCCCC1,342.0
8167,CN(C)CCNc1ccc([N+](=O)[O-])cc1[N+](=O)[O-],CCCCCC,363.0
11656,N#Cc1cc2ccccc2oc1=O,C1CCOC1,409.0
7189,CCCCCCCCN1c2ccc(C#Cc3cc(C(F)(F)F)cc(C(F)(F)F)c3)cc2Sc2cc(C=O)ccc21,CC#N,532.0
7242,N#CC(C#N)=Cc1cn(-c2ccccc2)nc1-c1ccccc1,CCO,426.0
7752,O=S1(=O)C2=C(c3ccc(-c4ccc(N(c5ccccc5)c5ccccc5)cc4)cc31)C1(C3=C(c4ccccc41)S(=O)(=O)c1cc(-c4ccc(N(c5ccccc5)c5ccccc5)cc4)ccc13)c1ccccc12,ClCCl,624.0
5145,COc1ccc(-c2csc(-c3ccncc3)n2)cc1,CC#N,560.0
5028,O=Cc1ccc(C2=C3C=c4c(oc5ccccc45)=[N+]3[B-](F)(F)n3c2cc2c4ccccc4oc23)cc1,ClCCl,618.5
10657,CCCCCCN1C(=O)C(c2ccc(-n3c4ccccc4c4ccccc43)cc2)=C(c2ccc(-n3c4ccccc4c4ccccc43)cc2)C1=O,ClC(Cl)Cl,626.0
1379,CC(C)[Si](C#Cc1c2cc3ccccc3cc2c(C#C[Si](C(C)C)(C(C)C)C(C)C)c2nc3c(ccc4cc5ccccc5cc43)nc12)(C(C)C)C(C)C,CCCCCC,654.0
9691,c1ccc2c(c1)-c1ccccc1C21c2ccccc2-c2ccncc21,CC1CCCO1,348.0
9656,Cc1cc(N(C)C)cc(C)c1/C=C/C=C/c1ccc(C#N)cc1,CC#N,599.0
416,CCCCn1c2c(-c3ccc(N(c4ccccc4)c4ccccc4)cc3)cc(C#N)cc2c2cc(C#N)cc(-c3ccc(N(c4ccccc4)c4ccccc4)cc3)c21,C1CCCCC1,404.0
5875,CC(C)[Si]1(C(C)C)c2cc(N(C)C)ccc2-c2ccc(C(F)(F)F)cc21,ClCCl,423.0
4412,CCn1c2cc(OC)ccc2c2c3nsnc3c3c4ccc(OC)cc4n(CC)c3c21,CN(C)C=O,557.0
1962,COC(=O)C1(C(=O)OC)Cc2c(C#Cc3ccc(OC)cc3)c(-c3ccc(OC)cc3)c3c(-c4ccccc4)c(-c4ccccc4)c(-c4ccccc4)c(-c4ccccc4)c3c2C1,C1CCOC1,421.7741935
620,CC(C)(C)c1ccc2c(c1)c1cc(C(C)(C)C)ccc1n2-c1cccc(-c2nc(-c3cccc(-n4c5ccc(C(C)(C)C)cc5c5cc(C(C)(C)C)ccc54)c3)nc(-c3cccc(P(=O)(c4ccccc4)c4ccccc4)c3)n2)c1,Cc1ccccc1,481.2108559
1703,COc1cc(/C=C/c2nc3ccccc3s2)c(OC)cc1/C=C/c1nc(C)nc(/C=C/c2cc(OC)c(/C=C/c3nc4ccccc4s3)cc2OC)n1,CC#N,505.0
6562,c1cc2c3ccc[n+]4cccc(c5ccc[n+](c1)c25)c34,C[N+](=O)[O-],441.0
5862,CC(C)[Si]1(C(C)C)c2cc(C=C(C#N)C#N)ccc2-c2ccc(N(C)C)cc21,c1ccccc1,566.0
3752,CC1(C)c2ccccc2N(c2ccc(-c3nc(-c4ccccc4)cc(-c4ccccc4)n3)cc2)c2ccccc21,Cc1ccccc1,454.8309179
3000,O=[N+]([O-])c1ccc([N+]2=Cc3ccc4c5c(ccc4c3O[B-]2(c2ccccc2)c2ccccc2)C=[N+](c2ccc([N+](=O)[O-])cc2)[B-](c2ccccc2)(c2ccccc2)O5)cc1,Cc1ccccc1,643.0
11556,COOCc1noc(-c2ccccc2)c1Br,C1CCCCC1,345.0
8394,COC(=O)C(Cc1ccc2oc(-c3ccc4c(c3)c3ccccc3n4-c3ccccc3)nc2c1)NC(=O)OC(C)(C)C,Cc1ccccc1,379.5066414
6258,c1ccc(-c2cc(-c3ccc(N4c5ccccc5C(c5ccccc5)(c5ccccc5)c5ccccc54)cc3)nc(-c3ccccc3)n2)cc1,O=P(c1ccccc1)(c1ccccc1)c1ccccc1Oc1ccccc1P(=O)(c1ccccc1)c1ccccc1,464.0
2516,CC(C)[Si](C#Cc1c2cc3ccccc3cc2c(C#C[Si](C(C)C)(C(C)C)C(C)C)c2nc3ccccc3nc12)(C(C)C)C(C)C,CCCCCC,699.0
9410,CCCCn1c(-c2ccc(-c3nnc(-c4ccc5ccccc5c4)o3)cc2)nc2c3ccccc3c3ccccc3c21,ClCCl,448.0
1190,OB(O)c1ccc(-c2ccc(N(c3ccccc3)c3ccccc3)cc2)cc1,C1CCOC1,410.0
9327,Oc1cc(-c2cccs2)ccc1-c1nc2ccccc2s1,ClCCl,515.0
6271,c1ccc(N2c3ccccc3Sc3cc(-c4cccc5nc6ccccc6cc45)ccc32)cc1,CN(C)C=O,495.0
12179,C(=C/c1c2ccccc2cc2ccccc12)\c1ccc2ccccc2c1,CC#N,490.0
3467,OC1(c2ccc(-c3cccs3)s2)CCCC1,CC#N,412.0
5641,CN(C)c1ccc(/C=C/c2ccc(-c3nc(C#N)c(C#N)n3C)cc2)cc1,CO,514.0
4246,CN(C)c1ccc(/C=C/c2ccc(-c3ccc(/C=C/c4ccc(N(C)C)cc4)s3)s2)cc1,CN(C)C=O,583.0
8918,Oc1c(-c2nc3c4ccccc4c4ccccc4c3[nH]2)cc2c3c1CCCN3CCC2,CCCCCC,406.0
1506,Oc1cccc(/N=C/c2ccccc2Oc2ccccc2)c1,CC(C)CO,387.0
3887,C/C(=N\Nc1ccc(C#N)cc1)c1cccc(/C(C)=N/Nc2ccc(C#N)cc2)c1,CO,525.0
10620,CC(=O)c1c2c(cc3c(N(C)C)cccc13)CCC2,Cc1ccccc1,520.0
5298,N#CC(C#N)=C(/C=C/c1cn(-c2ccccc2)nc1-c1ccccc1)c1ccccc1,Cc1ccccc1,460.0
4464,C=CC1CN2CCC1CC2[C@@H](OCc1ccccc1)c1ccnc2ccc(O)cc12,C1CCOC1,358.0
12022,c1ccc(C2=C(c3ccccn3)[Si](c3ccccc3)(c3ccccc3)c3ccccc32)cc1,ClCCl,406.0
9342,CCn1c2ccccc2c2cc(/C=C/C(=O)c3ccc4c(c3)c3cc(C(=O)/C=C/c5ccc6c(c5)c5ccccc5n6CC)ccc3n4CC)ccc21,ClC(Cl)Cl,475.0
11956,c1ccc(C2(c3ccccc3)c3cc4c(cc3-c3ccc5ccc6cccc7cc2c3c5c67)-c2ccc3ccc5cccc6cc(c2c3c56)C4(c2ccccc2)c2ccccc2)cc1,CC#N,408.0
794,C1#Cc2ccccc2OCc2cccc(c2)COc2ccccc21,ClCCl,350.0
730,N#Cc1ccc(-c2ccc(C3=CCCCC3)s2)s1,CCCCCC,427.0
7450,CN(C)c1ccc(/C=C/C(=O)c2ccccc2)cc1,CCO,530.0
12138,CCCCCCC(CCCCCC)N1C(=O)c2cccc3c(-c4ccccc4)ccc(c23)C1=O,CN(C)C=O,427.2
5173,CN(C)c1ccc(/C=C/c2cnc3ccccc3n2)cc1,C1CCOC1,556.0
3404,CCN(CC)c1ccc2cc(-c3csc(NC(C)=O)c3C#N)c(=O)oc2c1,ClCCl,463.0
10104,CC1(C)C(/C=C/c2cc3ccc(O)cc3oc2=O)=[N+](CCCS(=O)(=O)[O-])c2ccc3c(S(=O)(=O)O)cc(S(=O)(=O)O)cc3c21,O,643.0
2626,Cc1ccc(-c2[nH]c(=O)n3c2-c2ccccc2C3=O)c(O)c1,CC#N,481.0
4102,N#Cc1c(-c2ccc(Br)cc2)cc(-c2ccc(Br)cc2)[nH]c1=O,C1CCOC1,452.0
7153,COc1ccc2cc3cccc[n+]3cc2c1,O,455.0
1745,CN(C)c1ccc(/C=C/c2nc3ccccc3s2)cc1,CCO,498.0
3708,Cc1nc2c(c[n+]1C)CN1C(=O)N([C@H]3O[C@@H](CO)[C@H](O)[C@@H]3O)C=CC1=N2,CO,417.0
8464,C[n+]1ccnc(/C=C/c2ccc(N(c3ccccc3)c3ccc(/C=C/c4c[n+](C)ccn4)cc3)cc2)c1,CS(C)=O,530.0
9255,COc1coc2cc(-c3ccc(N(C)C)cc3)ccc2c1=O,CCCCCCCCO,540.0
11962,N#C/C(=C\c1cc(/C=C(\C#N)c2ccc(C(F)(F)F)cc2)c(-c2ccc(N(c3ccccc3)c3ccccc3)cc2)cc1-c1ccc(N(c2ccccc2)c2ccccc2)cc1)c1ccc(C(F)(F)F)cc1,CCOC(C)=O,581.0
3307,C(=C/c1nc2ccccc2[nH]1)\c1ccc(/C=C/c2nc3ccccc3[nH]2)cc1,C1CCOC1,428.0
2675,CCC1(CC)c2ccccc2-c2c1c1c(c3c2C(CC)(CC)c2cc(-c4cccs4)ccc2-3)C(CC)(CC)c2cc(N(c3ccccc3)c3ccccc3)ccc2-1,C1CCOC1,422.0
1199,CC(=O)O[B-]1(OC(C)=O)OC(/C=C/C=C/c2ccccc2)=CC(/C=C/C=C/c2ccccc2)=[O+]1,CC#N,550.0
9883,O=C1c2cccc3c(-n4c5ccccc5c5ccccc54)ccc(c23)C(=O)N1c1ccccc1,CCCCCC,443.0
5998,COc1ccc2c(c1)CCc1c-2nc(N)c(C#N)c1-c1ccc(Br)cc1,CN(C)C=O,423.0
4119,Cc1ccc(-c2cc(-c3ccc(C)cc3)c(C#N)c(=O)[nH]2)cc1,CN(C)C=O,450.0
5636,CCCCCCCCCCCCC1(CCCCCCCCCCCC)c2cc(-c3ccc(C=C4C(=O)c5ccccc5C4=O)cc3)ccc2-c2ccc(-c3ccc(C=C4C(=O)c5ccccc5C4=O)cc3)cc21,CS(C)=O,598.0
2952,CC1=[N+]2C(=C(c3ccc(-c4c5ccccc5c(-c5ccccc5)c5ccccc45)cc3)c3ccc(C)n3[B-]2(F)F)C=C1,CC#N,523.0
1889,Cc1ccc(C(=O)/C=C2\C(=O)Nc3ccccc32)cc1C,C1CCCCC1,387.0
7420,Cc1ccc(C(=O)/C=C/c2ccc(N(C)C)cc2)cc1,CCO,533.0
6260,COc1ccc(-n2nc(C(=O)c3ccc(Cl)cc3)c(N3CCCC3)n2)cc1,CC#N,421.0
11875,Cc1nc2c(ccc3ccc(O)cc32)oc1=O,c1ccccc1,461.0
32,Oc1ccc(-c2ccco2)cc1-c1nc2ccccc2s1,CCO,435.0
8282,N#Cc1ccc(N)cc1,OCC(F)(F)F,335.0
7411,CN(C)c1ccc(C=CC(=O)c2ccccc2)cc1,CC#N,536.0
6861,COC(=O)c1[nH]c(-c2ccc(Br)cc2)c2nnc3ccc(OC)cc3c12,ClCCl,475.0
12153,CN(C)c1ccc2nc(-c3ccc(C(=O)OC[C@H](NC(=O)OC(C)(C)C)C(=O)OCc4ccccc4)cc3)sc2c1,CS(C)=O,583.0
10496,CCn1c2ccccc2c2cc(C#Cc3cc(C#Cc4ccc5c(c4)c4ccccc4n5CC)nc(OC)n3)ccc21,ClCCl,467.0
6347,COc1ccc(N2C(=O)c3ccccc3C2C(=O)OC(C)(C)C)cc1OC,CS(C)=O,484.0
8773,F[B-]1(F)OC(c2ccc3c(c2)Cc2ccccc2-3)=CC(c2ccccc2)=[O+]1,CC#N,491.0
8892,CCCCc1cc(C(=O)CCC)c2ccc3c(CCCC)cc(N4CCCCC4)c4ccc1c2c34,CN(C)C=O,556.0
9544,Cc1ccc(C#Cc2ccc3ccc(=O)oc3c2)cc1,CC#N,440.0
5294,N#CC(C#N)=C(/C=C/c1cn(-c2ccccc2)nc1-c1ccccc1)c1ccccc1,CCOC(C)=O,487.0
7814,CN(C)c1cccc2c1C(=O)c1ccccc1-2,CC#N,534.0
5441,CCCCN1C(=O)c2cccc3c(OC)ccc(c23)C1=O,Cc1ccccc1,422.0
9649,N#Cc1ccc(/C=C/C=C/c2ccccc2)cc1,CO,420.0
11736,CN(CC(O)c1cccc(O)c1)c1ccc([N+](=O)[O-])c(C2CC(c3cccc4ccccc34)=NN2c2ccccc2)c1,CO,514.0
3928,CN1c2cc3nc4cc(Cl)c(Cl)cc4nc3cc2N(C)C1(C)C,CCO,497.0
10941,CN(C)c1ccc(-c2cc3ccc([N+](=O)[O-])cc3c(=O)o2)cc1,CO,605.0
1486,COc1ccc(-c2nc3ccccc3oc2=O)cc1,c1ccccc1,444.0
605,CCN(CC)c1ccc(/C=N/Nc2ccc(C#N)cc2)c(O)c1,CCCCCC,403.0
3821,N#Cc1c(-c2ccccc2)cc(N2c3ccccc3Oc3ccccc32)cc1-c1ccccc1,C1CCCCC1,455.0
11413,Cc1nn(-c2ccccc2)c(C2=NN(c3ccc(Br)cc3)[C@@H](c3ccccc3)[C@@H]2c2ccccc2)c1C#N,CCCCCCC,467.0
1533,Oc1ccc(/N=C/c2ccccc2Oc2ccccc2)cc1,C1CCCCC1,410.0
2651,CC1=CC(c2ccc3cc(N(C)C)ccc3c2)=[O+][B-](F)(F)O1,CC#N,611.0
7376,C1=[N+](c2ccccc2)[B-]2(Oc3c1ccc1c4c(ccc31)C=[N+](c1ccccc1)[B-]1(O4)c3ccccc3Oc3ccccc31)c1ccccc1Oc1ccccc12,ClCCl,599.0
2894,c1ccc(N(c2ccccc2)c2ccc(-c3cccc4nc5ccccc5cc34)cc2)cc1,CCOCC,507.0
9619,CCN(CC)c1ccc(-c2ccc(-c3nc4ccccc4c(=O)[nH]3)s2)cc1,CC#N,541.0
8211,COCCOc1ccc(OCCOC)c(C=O)c1,CC(C)CO,451.0
5702,N#CC1=c2c3cccc4c(Br)ccc(c43)n2[B-](F)(F)[n+]2ccccc21,ClCCl,546.0
1330,F[B-]1(F)OC(c2ccc3ccccc3c2)=CC(c2ccc3ccccc3c2)=[O+]1,ClC(Cl)(Cl)Cl,428.0
11535,CN(C)c1ccc2c(c1)[Si](C)(C)C1=CC(=[N+](C)C)C=CC1=C2,CO,648.0
957,N#Cc1nc(-c2ccc(N3c4ccccc4Oc4ccccc43)cc2)c(-c2ccc(N3c4ccccc4Oc4ccccc43)cc2)nc1C#N,c1cc(-c2cccc(-n3c4ccccc4c4ccccc43)c2)cc(-n2c3ccccc3c3ccccc32)c1,610.0
4635,Cc1nc2c(ccc3c2sc(/C=C/c2ccc(N(CCO)CCO)cc2)[n+]3C)s1,ClC(Cl)Cl,603.0
10733,CC(C)[Si]1(C(C)C)c2cc(C#N)ccc2-c2ccc(N(c3ccccc3)c3ccccc3)cc21,CCOCC,436.0
6940,CCCCC1(c2ccccc2)Nc2ccccc2N=C1c1ccccc1,CCCCCC,490.0
4148,O=c1cc(COc2ccc(I)cc2)c2c(ccc3ccccc32)o1,Cc1ccccc1,416.0
12052,CN(C)c1ccc(/C=C2\CCCC2=O)cc1,CCO,480.0
1660,F[B-]1(F)n2c(cc(-c3ccccc3)c2-c2ccccc2)C(c2ccccc2)=C2C=C(c3ccccc3)C(c3ccccc3)=[N+]21,Cc1ccccc1,622.0
1026,N#Cc1nc2c(nc1C#N)C1c3ccc(N(c4ccccc4)c4ccccc4)cc3C2c2ccc(N(c3ccccc3)c3ccccc3)cc21,CC#N,495.0
6032,CN(C)c1ccc(C#Cc2ccc(C#N)cc2)cc1,CCOCC,453.0011325
3207,COc1ccc2nc(N)n[n+]([O-])c2c1,CC#N,509.0
1247,c1cc(-n2c3ccccc3c3ccccc32)c(-c2nc3ccccn3n2)c(-n2c3ccccc3c3ccccc32)c1,Cc1ccccc1,397.0
9197,CC1=CC(C)=[N+]2C1=C(c1ccc(-c3ccc(O)cc3)s1)c1c(C)cc(C)n1[B-]2(F)F,Cc1ccccc1,528.0
655,CN1C(=O)/C(=C/c2ccncc2)N=C1c1ccccc1,CC#N,475.0
623,CC(C)(C)c1ccc2c(c1)c1cc(C(C)(C)C)ccc1n2-c1cccc(-c2nc(-c3cccc(-n4c5ccc(C(C)(C)C)cc5c5cc(C(C)(C)C)ccc54)c3)nc(-c3cccc(P(=O)(c4ccccc4)c4ccccc4)c3)n2)c1,O=P(c1ccccc1)(c1ccccc1)c1ccccc1Oc1ccccc1P(=O)(c1ccccc1)c1ccccc1,484.0
7749,O=S1(=O)C2=C(c3ccc(-c4ccc(N(c5ccccc5)c5ccccc5)cc4)cc31)C1(C3=C(c4ccccc41)S(=O)(=O)c1cc(-c4ccc(N(c5ccccc5)c5ccccc5)cc4)ccc13)c1ccccc12,CC#N,665.0
11808,NS(=O)(=O)c1ccc(N2N=C(c3ccc(O)cc3)CC2c2ccc(F)cc2)cc1,CO,430.0
3688,Cc1ccccc1-c1c2cccc3c(-c4ccc(C(C)(C)C)cc4)cc4c(-c5ccccc5C)c5cccc6c(-c7ccc(C(C)(C)C)cc7)cc1c(c65)c4c32,ClCCl,455.0
2199,CCN(CC)c1ccc2cc(/C(Cl)=C/C=C/C(=C(C#N)C#N)c3ccc4c(c3)c3ccccc3n4CC)c(=O)oc2c1,CS(C)=O,743.0
7884,CC1=CC(=[N+]2CCC2)C=C2C1=Nc1c(C)cc(N3CCC3)cc1[Si]2(C)C,O,739.0
12065,c1ccc(-c2nn(-c3ccccc3)c3nc4ccc(-n5c6ccccc6c6ccccc65)cc4cc23)cc1,C1CCCCC1,461.6805171
12094,COc1c2ccccc2c(OC)c2c(C#CC(C)(C)C)c3cc4ccccc4cc3c(C#CC(C)(C)C)c12,ClCCl,682.0
10654,COc1cc(-c2nc3c4cccnc4c4ncccc4c3[nH]2)c(OC)cc1/C=C/c1ccncc1,Cc1ccccc1,444.0
9362,COc1cc(OC)cc(-c2nnc(-c3ccc(-c4nnc(-c5cc(OC)cc(OC)c5)o4)cc3)o2)c1,C1CCOC1,381.0
10859,CC(C)(C)c1ccc2c(c1)c1cc(C(C)(C)C)ccc1n2-c1ccc(S(=O)(=O)c2ccc(-n3c4ccc(C(C)(C)C)cc4c4cc(C(C)(C)C)ccc43)cn2)nc1,Cc1ccccc1,444.3740095
2919,N#C/C(=C\c1ccc(C#N)cc1)c1nc(-c2ccccc2)cs1,ClCCl,490.0
8126,CCCCCCOc1cc(C=C(C#N)C#N)c(OCCCCCC)cc1C=C(C#N)C#N,ClCCl,564.0
2625,O=C1c2ccccc2-c2c(-c3ccccc3O)[nH]c(=O)n21,ClCCl,477.0
9103,CCC1(CC)c2cc(N(C)C)ccc2-c2ccc(C(F)(F)F)cc21,C1CCCCC1,360.0
3027,COc1ccc(/C=C/C2=CC(/C=C/c3ccc(OC)cc3)=[O+][B-](F)(F)O2)cc1,CCOCC,497.0
2996,O=[N+]([O-])c1ccc([N+]2=Cc3ccc4c5c(ccc4c3O[B-]2(c2c(F)c(F)c(F)c(F)c2F)c2c(F)c(F)c(F)c(F)c2F)C=[N+](c2ccc([N+](=O)[O-])cc2)[B-](c2c(F)c(F)c(F)c(F)c2F)(c2c(F)c(F)c(F)c(F)c2F)O5)cc1,CC#N,615.0
1746,CN(C)c1ccc(/C=C/c2nc3ccccc3s2)cc1,CCCCCCC,446.0
5250,CCCc1ccc(C#Cc2ccc3nc4ccc(C#Cc5ccc(CCC)cc5)cn4c(=O)c3c2)cc1,ClCCl,480.0
10970,CC(C)c1cc(C(C)C)c(B2c3cc(-n4c5ccccc5c5ccccc54)ccc3N(c3ccccc3)c3ccc(-n4c5ccccc5c5ccccc54)cc32)c(C(C)C)c1,Cc1ccccc1,442.5170068
3094,CN(C)c1ccc(/C=C/c2nc3c4ccccc4c4ccccc4c3[nH]2)cc1,CS(C)=O,480.0
2457,O=P(c1ccccc1)(c1ccccc1)n1c2ccccc2c2cc(-n3c4ccccc4c4cc(-n5c6ccccc6c6ccccc65)ccc43)ccc21,Cc1ccccc1,373.0
6104,CCCCCCN(CCCCCC)c1ccc(C#Cc2ccc([N+](=O)[O-])cc2)cc1,CO,630.0
10672,Cc1cccc(C)c1N1C(c2ccccc2)=Cc2cccc[n+]2[B-]1(F)F,ClCCl,453.0
76,O=c1ccc2cc3ccoc3cc2o1,O,505.0
12059,CN(C)c1ccc(/C=C2\CCCC2=O)cc1,ClC(Cl)(Cl)Cl,431.0
4685,O=S(=O)(c1cccc(N2c3ccccc3Sc3ccccc32)c1)c1cccc(N2c3ccccc3Sc3ccccc32)c1,ClC(Cl)Cl,579.0
8235,CN(C)c1ccc(/C=C/C(=O)O)cc1,C1CCCCC1,399.0
2698,CN(C)c1ccc2c(-c3ccc(N)cc3C(=O)[O-])c3ccc(=[N+](C)C)cc-3oc2c1,O,572.0
4097,CCCCC1(CCCC)c2cc(C#Cc3ccc4ccc5cccc6ccc3c4c56)ccc2-c2ccc(N(c3ccccc3)c3ccccc3)cc21,ClC(Cl)Cl,486.0
10736,CC1=CC(C)=[N+]2C1=C(c1ccc(-c3ccc(OS(=O)(=O)c4ccc([N+](=O)[O-])cc4[N+](=O)[O-])cc3)s1)c1c(C)cc(C)n1[B-]2(F)F,CO,523.0
5245,CCN(CC)c1ccc(/C=N/c2ccccc2/N=C/c2ccc(N(CC)CC)cc2O)c(O)c1,CC#N,502.0
2260,CCn1c(-c2ccc(-c3ccc(-c4ccc(-c5n(CC)c6ccccc6[n+]5CC)cc4)c(C)c3)cc2)[n+](CC)c2ccccc21,O,400.0
1775,Cc1cc(O)c(C(=O)/C=C/c2ccc([N+](=O)[O-])cc2)c(=O)o1,CC#N,490.0
10904,O=S1(=O)c2ccccc2-c2c1c1ccccc1p2-c1ccccc1,C1CCCCC1,436.0
93,C(/C=C/c1ccc(-n2c3ccccc3c3ccccc32)cc1)=C\c1ccncc1,CC#N,492.0
2858,COc1nc(Nc2ccc3cc4ccccc4cc3c2)nc(OC)n1,CCOC(C)=O,432.0
8348,O=C1c2ccccc2C2=Nc3cccc[n+]3[B-](F)(F)N12,ClCCl,413.0
8852,c1ccc(-c2c3ccccc3c(-c3ncccn3)c3ccccc23)cc1,CCO,440.0
12149,CN(C)c1ccc2nc(-c3ccc(C(=O)OC[C@H](NC(=O)OC(C)(C)C)C(=O)OCc4ccccc4)cc3)sc2c1,C1CCCCC1,456.0
7887,C#Cc1ccc2cc3c(C)cc(=O)oc3cc2c1,CCO,437.0
714,CC1CC=C(c2ccc(-c3ccc(C=O)s3)s2)CC1,OCCOCCO,508.0
1076,Cc1ccc2c(c1)C1(c3ccccc3Oc3ccccc31)c1cc(C)ccc1N2c1ccc(-c2nc(-c3ccccc3)cc(-c3ccccc3)n2)cc1,O=P(c1ccccc1)(c1ccccc1)c1ccc2oc3ccc(P(=O)(c4ccccc4)c4ccccc4)cc3c2c1,452.0
11982,C[Si](C)(C)C#CC1=CC2=c3cc(C#C[Si](C)(C)C)c4nc(C(F)(F)C(F)(F)C(F)(F)F)nc5c(C#C[Si](C)(C)C)cc(c3c54)C3=CC(C#C[Si](C)(C)C)=C4N=C(C(F)(F)C(F)(F)C(F)(F)F)N=C1C4C32,C1CCOC1,522.0
3705,Cc1nc2c(c[n+]1C)CN1C(=O)N([C@H]3O[C@@H](CO)[C@H](O)[C@@H]3O)C=CC1=N2,CCCCO,417.0
10680,N#Cc1cnc(-c2c3ccccc3cc3ccccc23)nc1,CCO,510.0
2015,Cc1ccccc1/C(C#N)=C/c1ccc(N(C)C)cc1,CN(C)C=O,456.0
1885,Cc1ccc(C(=O)/C=C2\C(=O)Nc3ccccc32)cc1,CN(C)C=O,408.0
9120,[NH3+]c1ccc2c(c1)Cc1ccccc1-2,O,314.0
9144,F[B-]1(F)n2c(c3cccc4cccc2c43)=Nc2cccc(Cl)[n+]21,CCCCCC,498.0
5712,O=C(O)c1ccccc1Nc1cccc(C(F)(F)F)c1,CCOC(C)=O,410.0
6061,CN(C)c1ccc(C#Cc2ccccc2)cc1,CC(C)CC(C)(C)C,342.9943406
3946,COC(=O)C(NC(=O)OC(C)(C)C)c1ccc2oc(-c3cc(OC)c(OC)c(OC)c3)nc2c1,CO,373.0
1488,COc1ccc2nc(-c3ccccc3)c(=O)oc2c1,c1ccccc1,448.0
5304,Cc1cc(C)c(B2c3cc(C)ccc3N3c4ccc(C)cc4B(c4c(C)cc(C)cc4C)c4cc(C)cc2c43)c(C)c1,ClCCl,484.0
3784,C(=C/c1cnc2ccccc2n1)\c1ccc(N(c2ccccc2)c2ccccc2)cc1,C1CCOC1,535.0
11301,CN1CCN(c2ccc3c4c(cccc24)C(=O)c2ccccc2-3)CC1,CCCO,637.0
3621,c1ccc(C2=C3c4ccccc4C4=[N+]3[B-]3(Oc5ccccc54)Oc4ccccc4-c4c5ccccc5c2n43)cc1,ClCCl,733.0
9238,O=c1c2ccccc2n2c3ccccc3c(=O)c3cc(-c4ccccc4)cc1c32,CCOC(C)=O,464.0
2759,CCOC(=O)COc1ccc(/C=C/C2=C3c4ccccc4C(c4ccc[nH]4)=[N+]3[B-](F)(F)n3ccc(C)c32)cc1,CCCCCC,630.0
9669,N#C/C(=C\C=C\c1ccc([N+](=O)[O-])cc1)c1ccccc1,CO,573.0
3206,Nc1nc2ccc(F)cc2[n+]([O-])n1,CC#N,491.0
1437,COC(=O)CN1C(=O)c2cc3ccc(N(C)C)cc3cc2C1=O,CC(C)=O,532.0
1233,CC1=NN(c2ccccc2)C(=O)/C1=C/c1cn(-c2ccccc2)nc1-c1ccccc1,ClC(Cl)Cl,432.0
185,CN(C)c1ccc(/C=C/c2cc(/C=C/c3ccc(N(C)C)cc3)nc(/C=C/c3ccc(N(C)C)cc3)n2)cc1,CS(C)=O,601.0
7476,CCN(CC)c1ccc2cc(/C=C/C3=CC(/C=C/c4cc5ccc(N(CC)CC)cc5oc4=O)=[O+][B-](F)(F)O3)c(=O)oc2c1,Cc1ccccc1,626.0
2465,CCOC(=O)c1ccccc1-c1c2ccc(=O)cc-2oc2cc(OC(=O)[C@H](CO[Si](C)(C)C(C)(C)C)NC(=O)OC(C)(C)C)ccc12,CS(C)=O,547.0
7762,CC(C)(C)c1ccc2c(c1)c1cc(C(C)(C)C)ccc1n2-c1cccc(-c2nc(-c3cccc(P(=O)(c4ccccc4)c4ccccc4)c3)nc(-c3cccc(P(=O)(c4ccccc4)c4ccccc4)c3)n2)c1,O=P(c1ccccc1)(c1ccccc1)c1ccccc1Oc1ccccc1P(=O)(c1ccccc1)c1ccccc1,484.0
5537,CCCCCCC(CCCCCC)N1C(=O)c2cccc3c(-c4ccc(OC)c5cccc(C)c45)ccc(c23)C1=O,CCCCCCCCCCCO,537.0
8095,O=Cc1cc(O)ccc1O,CCO,487.0
1297,c1ccc(N(c2ccccc2)c2ccc(-c3ncc(-c4ccc(-c5ccc(-c6cnc(-c7ccc(N(c8ccccc8)c8ccccc8)cc7)s6)s5)s4)s3)cc2)cc1,CO,509.0
3111,N#Cc1cc(-c2ccc(F)cc2)cnc1O,CCO,425.0
6180,COc1ccc(C2=N/C(=C\c3ccc(C#N)cc3)C(=O)O2)cc1OC,C1COCCO1,489.0
4560,CCCCCCOc1cc2cc(=O)oc3ccc4cccc1c4c23,CC1CCCO1,468.0
449,CN(C)c1ccc(C2=Nc3scc(-c4ccc([N+](=O)[O-])cc4)[n+]3[B-](F)(F)O2)cc1,CC#N,453.0
4256,c1ccc(-c2cc(-c3ccccc3)cc(-c3ccc4c(c3)C3(c5ccccc5-4)c4ccccc4-c4c3c3c5ccccc5c(-c5cc(-c6ccccc6)cc(-c6ccccc6)c5)cc3c3ccccc43)c2)cc1,C1CCOC1,440.0
4092,CCCCC1(CCCC)c2cc(C#Cc3ccc4ccc5cccc6ccc3c4c56)ccc2-c2ccc(N(c3ccccc3)c3ccccc3)cc21,C1CCOC1,498.0
7733,CCOC(=O)C1=C(C)NC2=C(C(=O)c3ccccc32)C1c1ccc(N(C)C)cc1,ClCCl,530.0
3660,CN(CCO)c1ccc(/C=C/C2=C(C#N)C(C(C#N)C#N)OC2(C)C)cc1,CCO,644.0
7268,Nc1ccc2c(c1)C(=O)N(C13C[C@H]4C[C@@H](C1)C[C@@H](C3)C4)C2=O,Cc1ccccc1,433.0
381,COc1ccc(-c2nc3ccccc3nc2-c2ccc(OC)cc2)cc1,CN(C)C=O,432.0
4215,c1ccc(N(c2ccccc2)c2ccc(-c3nc(-c4ccc(N(c5ccccc5)c5ccccc5)cc4)c4ccccc4n3)cc2)cc1,CC#N,565.0
1155,Cc1cc(O)c(C(C)C)cc1/N=C/c1ccc(C(F)(F)F)cc1,O,449.0
5584,CCN1/C(=C\C=C\C=C\C2=[N+](CC)c3ccc4ccccc4c3C2(C)C)C(C)(C)c2c1ccc1ccccc21,CCO,702.0
5328,COC(=O)C1CCN(c2ccc3c(N4CCCCC4)c4ccc(=[N+]5CCC(C(=O)OC)CC5)cc-4oc3c2)CC1,ClCCl,552.0
5367,CC1=N/C(=C\c2ccncc2)C(=O)N1C,CCO,453.0
1728,C/C(=C\c1ccc(C)cc1)c1nc2ccccc2s1,C1CCCCC1,390.0
3014,CC(=O)c1ccc2cc(C#Cc3cn([C@H]4C[C@H](O)[C@@H](CO)O4)c4ncnc(N)c34)ccc2c1,CCOC(C)=O,461.0
8618,CCC1=C(C)C2=C(C)c3c(C)c(CC)c(C)n3[B-](F)(F)[N+]2=C1C,c1ccccc1,536.4
2425,CN(C)c1ccc(-c2ccc(/C=C/c3cnc4ccccc4n3)cc2)cc1,ClCCl,617.0
2727,O=C1CCCC2=C1CC1=C(CCCC1=O)N2NC(=O)c1ccc(O)cc1,CCCCCO,447.0
1253,O=C1c2ccccc2-c2ccc(N3CCOCC3)c3cccc1c23,CCCCCC,529.0
4536,Cc1nc2cc3c4c(cccc4c2o1)C(=O)OC3=O,CCO,412.0
3458,CC1=C(I)C(C)=[N+]2C1=C(c1c(-c3ccccn3)nc3ccccn13)c1c(C)c(I)c(C)n1[B-]2(F)F,ClCCl,580.0
2503,CC(C)(C)c1ccc2c3c(c4ccc(C(C)(C)C)cc4c2c1)=[N+]1C(=C(c2ccccc2)c2c(Br)c4c5ccc(C(C)(C)C)cc5c5cc(C(C)(C)C)ccc5c4n2[B-]1(F)F)C=3Br,C1CCOC1,715.0
5149,COc1ccc(-c2csc(-c3ccncc3)n2)cc1,Cc1ccccc1,415.0
5723,O=C(O)c1ccccc1Nc1ccccc1,ClC(Cl)Cl,450.0
7018,C(=C/c1ccnc2ccccc12)\c1ccc(/C=C/c2ccnc3ccccc23)cc1,CCO,438.0
8296,N#Cc1cccc(N)c1,O,392.0
5216,O=C1CC(c2ccc([N+](=O)[O-])cc2)c2c(c3ccccc3c3nc4ccccc4nc23)O1,ClC(Cl)Cl,432.0
5900,CN(C)c1c2ccccc2cc2ccccc12,CS(C)=O,395.0
5180,COC(=O)c1cc(=O)n(C)c2cc(-c3ccc(Oc4ccccc4)cc3)sc12,ClCCl,469.0
1612,COC(=O)c1cc(=O)n(C)c2cc(-c3ccc(OC)cc3)sc12,Cc1ccccc1,473.0
5357,O=P1(c2ccccc2)C(c2cc(C(F)(F)F)cc(C(F)(F)F)c2)=Cc2c3ccc4cccc5ccc(c6cc(-c7ccc(N(c8ccccc8)c8ccccc8)cc7)n1c26)c3c45,C1CCCCC1,558.0
2191,CCN1c2ccc(/C=N/Nc3ccccn3)cc2Sc2cc(-c3ccc(OC)cc3)ccc21,Cc1ccccc1,484.0
4049,N#Cc1cc(/C=C/c2ccc(N(c3ccccc3)c3ccccc3)cc2)ccc1-c1ccc(/C=C/c2ccc(N(c3ccccc3)c3ccccc3)cc2)cc1C#N,ClCCl,472.0
11654,CCN(CC)c1ccc2ccc(=O)oc2c1,OCCO,445.0
11454,CCC1=C(C)C2=C(c3c4ccccc4c(-c4ccccc4)c4ccccc34)c3c(C)c(CC)c(C)n3[B-](F)(F)[N+]2=C1C,CCO,538.0
9974,COC(=O)/C(C#N)=c1\s/c(=c2/s/c(=C(/C#N)C(=O)OC)c3cc(-c4ccc(F)cc4)sc23)c2sc(-c3ccc(F)cc3)cc12,Cc1ccccc1,640.0
7965,Nc1ccccc1C(=O)O,CS(C)=O,400.0
9033,COC(=O)C[C@H](NC(=O)[C@H](Cc1c[nH]c2ccccc12)NC(=O)OC(C)(C)C)C(=O)OC,CO,338.0
7991,CCOC(=O)/C=C/c1ccc(N(C)C)cc1,CCCCCCCCO,424.0
9821,COc1ccc(C#Cc2nc3ccccc3nc2-c2cn(C)c3ccccc23)cc1,CC(C)O,519.0
530,CN(C)c1ccc(/C=C/c2ccccn2)cc1,C1CCOC1,453.0
7238,CCOC(=O)/C(C#N)=C\c1cn(-c2ccccc2)nc1-c1ccccc1,ClC(Cl)Cl,431.0
5113,N#C/C(=C\c1cn(-c2ccccc2)nc1-c1ccccc1)c1nc2ccccc2s1,CCO,455.0
10189,C[Si]1(C)c2ccc(-c3ccccc3)cc2C=Cc2cc(-c3ccccc3)ccc21,ClCCl,371.0
11995,Cc1c2oc3c(C)c(N)cc(C(=O)NC4OC(=O)C(C(C)C)N(C)C(=O)CN(C)C(=O)C5CCCN5C(=O)C(C(C)C)NC4=O)c3nc-2c(C(=O)NC2OC(=O)C(C(C)C)N(C)C(=O)CN(C)C(=O)C3CCCN3C(=O)C(C(C)C)NC2=O)c(N)c1=O,CO,673.8362847
3369,CC(C)(C)c1ccc2c(c1)sc1[n+]2[B-](F)(F)n2c(c3cccc4cccc2c43)=N1,ClCCl,534.0
6706,CCCCCCCCOc1ccc2c3cccc4c(OCCCCCCCC)ccc(c5cccc1c52)c43,ClC(Cl)(Cl)Cl,471.0088929
8249,COc1cc(C(=O)O)ccc1O,CC#N,330.0
8544,C(=C/c1c2ccccc2cc2ccccc12)\c1ccccc1,CC1CCCCC1,468.0
6181,c1ccc2c(c1)Oc1ccccc1N2c1ccc2c(c1)c1ccccc1n1ccnc21,Cc1ccccc1,473.0
5610,CCCN1c2ccccc2Sc2cc(/C=C\c3cc(=O)oc4cc(NC(=O)OCC)ccc34)ccc21,ClC(Cl)Cl,635.0
3991,COC(=O)C(Cc1ccc2oc(-c3ccc(N(C)C)cc3)nc2c1)NC(=O)OC(C)(C)C,CCCCO,399.5046143
11128,CC(C)[Si](C#Cc1c2cc3ccccc3cc2c(C#C[Si](C(C)C)(C(C)C)C(C)C)c2nc3c4ccccc4c(=O)c4ccccc4c3nc12)(C(C)C)C(C)C,ClCCl,651.0
4962,CCCCn1c2ccc(C#N)cc2c2cc(C#N)cc(-c3ccc(N(c4ccccc4)c4ccccc4)cc3)c21,CCN(CC)CC,410.4819277
12160,c1ccc2nc(-n3c4ccccc4c4ccccc43)c(-n3c4ccccc4c4ccccc43)nc2c1,CCCCCC,467.1755725
144,O=C1OC(c2ccccc2)=N/C1=C\c1ccc(N(c2ccc(/C=C3\N=C(c4ccccc4)OC3=O)cc2)c2ccc(/C=C3/N=C(c4ccccc4)OC3=O)cc2)cc1,Cc1ccccc1,541.6
3366,CC(C)(C)c1ccc2c(c1)sc1[n+]2[B-](F)(F)n2c(c3cccc4cccc2c43)=N1,CC#N,502.0
4902,N#Cc1nc2cnc(N)nc2n1Cc1ccccc1,O,406.0
8675,CCC1=C(C)C2=Cc3cc(I)c(I)n3[B-](F)(F)[N+]2=C1C,CC(C)=O,552.5
7628,Cc1cc(C)c(B(c2ccc(-n3c4ccccc4c4ccccc43)cc2)c2c(C)cc(C)cc2C)c(C)c1,C1CCCCC1,381.7948718
2755,CC[n+]1c(C=C2C(=O)C(C=C3N(C)c4ccccc4C3(C)C)=C2[O-])[se]c2ccccc21,ClC(Cl)Cl,675.0
2492,COc1ccc2c3c(c4ccc(OC)cc4c2c1)=[N+]1C(=C(c2c(C)cc(C)cc2C)c2cc4c5ccc(OC)cc5c5cc(OC)ccc5c4n2[B-]1(F)F)C=3,Cc1ccccc1,712.0
5049,CC1(C)c2ccccc2N(c2ccc(-c3nc(-c4ccccn4)n(-c4ccccc4)n3)cc2)c2ccccc21,ClCCl,431.0
7188,CCCCCCCCN1c2ccc(C#Cc3cc(C(F)(F)F)cc(C(F)(F)F)c3)cc2Sc2cc(C=O)ccc21,C1CCOC1,514.0
4618,CCN(CC)c1ccc2nc3c4ccccc4c(=O)cc-3oc2c1,ClCCl,608.0
8741,CC1=C(C(C)(C)C)C(C)=[N+]2C1=C(C)c1c(C)c(C(C)(C)C)c(C)n1[B-]2(F)F,CCO,563.2
10436,COC(=O)c1cc(=O)n(C)c2cc(-c3cc4c5c(c3)CCCN5CCC4)sc12,C1CCOC1,502.0
5477,Cc1cc(C)c(B(c2c(C)cc(C)cc2C)c2cc3ccc4ccccc4c3c3c2cc(N(C)C)c2ccccc23)c(C)c1,ClC(Cl)Cl,585.0
9855,COc1cccc2c1oc(=O)c1c(=O)oc3cc(O)ccc3c12,ClCCl,438.0
2889,c1ccc(N(c2ccccc2)c2ccc(-c3cccc4nc5ccccc5cc34)cc2)cc1,CC(C)OC(C)C,496.0
6158,c1ccc(-n2c(-c3cccc4ccccc34)nc3c4ccccc4c4ccccc4c32)cc1,CS(C)=O,423.0
4341,COC(=O)c1ccc(NC(=O)c2ccc(N(C)C)cc2)cc1,C1CCOC1,470.0
788,Cc1cc(C)c(C)c(-c2ccc3cc(C)c(=O)oc3c2)c1C,CC#N,388.0
9420,CC(C)(C)c1ccc2c(c1)c1cc(C(C)(C)C)ccc1n2-c1ccc2oc3nc4oc5ccc(C(F)(F)F)cc5c4cc3c2c1,CC#N,513.0
3068,CC(C)[Si](C#Cc1c2nc3ccccc3nc2c(C#C[Si](C(C)C)(C(C)C)C(C)C)c2nc3c(ccc4cc5ccccc5cc43)nc12)(C(C)C)C(C)C,CCCCCC,648.0
2676,c1ccc2c3c(ccc2c1)-c1cccc2cc4ccccc4c-3c12,CCCCCCC,610.0
6533,c1ccc(-c2nc3c(c4c2-c2ccccc2CC4)-c2ccccc2CC3)cc1,Cc1ccccc1,361.0
4754,N#Cc1cc(-n2c3ccccc3c3ccccc32)c(-n2c3ccccc3c3cc(Br)ccc32)cc1C#N,c1ccc2c(c1)c1ccccc1n2-c1ccc(-c2ccc(-n3c4ccccc4c4ccccc43)cc2)cc1,481.0
2030,COc1cccc(/C=C/c2ccccc2)c1,CC(C)O,357.0
5006,Cc1cc2sccc2c2[nH]c3ccccc3c12,ClCCl,346.0
9309,CCC1=C(C)C2=C(c3c(C)cc(C)nc3-c3cccs3)c3c(C)c(CC)c(C)n3[B-](F)(F)[N+]2=C1C,ClC(Cl)(Cl)Cl,553.0
5896,CN(C)c1c2ccccc2cc2ccccc12,CCO,389.0
3684,O=c1cc(C(F)(F)F)c2cc3c4c(c2o1)CCCN4CCC3,CCOC(C)=O,501.0
10833,Cc1ccc(C2=Cc3c4ccccc4c4ccccc4[n+]3[B-](F)(F)O2)cc1,ClC(Cl)Cl,450.0
431,c1ccc(-c2ccc(-c3ccc(-c4ccccc4)cc3)cc2)cc1,C1CCOC1,368.0
7735,CCOC(=O)C1=C(C)NC2=C(C(=O)c3ccccc32)C1c1ccc(N(C)C)cc1,C1COCCO1,490.0
1780,Cc1cc(O)c(C(=O)/C=C/c2ccccc2)c(=O)o1,ClCCl,466.0
8909,COc1ccc(-c2cc3c(s2)c(C(C)=O)cc(=O)n3Cc2ccccc2)cc1,ClCCl,512.0
2974,CC1=CC(C)=[N+]2C1=C(c1ccc(-c3c4ccccc4c(-c4ccccc4)c4ccccc34)cc1)c1c(C)cc(C)n1[B-]2(F)F,Cc1ccccc1,515.0
5740,CN(C)c1ccc(C(=Cc2ccc(C=O)cc2)c2ccc(N(C)C)cc2)cc1,C1CCOC1,401.0
349,CCCCN(CCCC)c1ccc(C#Cc2cc(C#Cc3ccc(N(CCCC)CCCC)cc3)c(C#Cc3c(F)c(F)c(F)c(F)c3F)cc2C#Cc2c(F)c(F)c(F)c(F)c2F)cc1,ClCCl,555.0
9736,O=C1O[B-]2(OC1=O)OC(c1ccccc1)=CC(c1ccc3ccccc3c1)=[O+]2,CC#N,555.0
2909,CCOC(=O)c1ccc(C2=C(c3ccccc3)c3oc4ccccc4[n+]3[B-](F)(F)O2)cc1,C1CCOC1,400.0
9899,C#CCN1C(=O)/C(=C/c2cc(OC(C)C)ccc2OC(C)C)N=C1C,C1COCCO1,476.0
42,N#CC(C#N)=Cc1ccc(-c2cccc(-c3nc4ccccc4s3)c2O)o1,CCO,631.0
10977,Cc1cc(C)c2c(c1)c1cc(C)cc(C)c1n2-c1ccc2c(c1)B(c1c(C(C)C)cc(C(C)C)cc1C(C)C)c1cc(-n3c4c(C)cc(C)cc4c4cc(C)cc(C)c43)ccc1N2c1ccccc1,c1cc(-c2cccc(-n3c4ccccc4c4ccccc43)c2)cc(-n2c3ccccc3c3ccccc32)c1,451.0
981,CCC1(CC)c2cc(/C=C/c3cc(C#N)c(/C=C/c4ccc5c(c4)C(CC)(CC)c4cc(N6c7ccccc7Sc7ccccc76)ccc4-5)cc3C#N)ccc2-c2ccc(N3c4ccccc4Sc4ccccc43)cc21,ClCCl,520.0
2312,Cc1c(C)c(B(c2c(C)c(C)c(N3c4ccccc4Oc4ccccc43)c(C)c2C)c2c(C)c(C)c(N3c4ccccc4Oc4ccccc43)c(C)c2C)c(C)c(C)c1C#N,c1ccc([Si](c2ccccc2)(c2ccc(-n3c4ccccc4c4ccccc43)cc2)c2ccc(-n3c4ccccc4c4ccccc43)cc2)cc1,517.0
3842,O=C(c1ccc(N(c2ccccc2)c2ccccc2)cc1)[C@H]1[C@H](c2cccs2)C[C@](O)(c2ccccn2)C[C@]1(O)c1ccccn1,CCOC(C)=O,497.0
7118,CCOC(=O)CCOc1ccccc1C(c1c(C)[nH]c2ccccc12)c1c(C)[nH]c2ccccc12,CO,345.0
5635,CCCCCCCCCCCCC1(CCCCCCCCCCCC)c2cc(-c3ccc(C=C4C(=O)c5ccccc5C4=O)cc3)ccc2-c2ccc(-c3ccc(C=C4C(=O)c5ccccc5C4=O)cc3)cc21,CCCCCC,463.0
3079,COc1ccc2cc(C3=[N+]4C(=Nc5c(-c6ccccc6)cc(-c6ccc7cc(OC)ccc7c6)n5[B-]4(F)F)C(c4ccccc4)=C3Br)ccc2c1,ClC(Cl)Cl,728.0
5826,CCOC(=O)C1=C(C(=O)OC)N2CCc3cc(OC)c(OC)cc3C2=C[C@H](c2ccc(Cl)cc2)C12c1ccccc1-c1ccccc12,ClCCl,445.0
4871,COC(=O)c1nc2c(N(C)C)nc(N(C)C)nc2n1Cc1ccccc1,CO,432.0
9040,N#Cc1c[nH]c2ccccc12,CO,314.0
5183,CC1=C2C3=C(CCc4ccccc43)C(C)=[N+]2[B-](F)(F)n2c(C)c3c(c21)-c1ccccc1CC3,CC#N,599.0
6880,CCC1(CC)c2ccccc2-c2ccc(C#Cc3ccc4ccc5cccc6ccc3c4c56)cc21,ClCCl,412.0
10102,CC1(C)C(/C=C/c2cc3ccc(O)cc3oc2=O)=[N+](CCCS(=O)(=O)[O-])c2ccc3c(S(=O)(=O)O)cc(S(=O)(=O)O)cc3c21,CCO,659.0
7709,CCOC(=O)c1cc(C(=O)OCC)c2cc(NC)ccc2n1,CCO,539.0
916,Cc1ccc(C2=[N+]3C(=Cc4c(C)cc(C)n4[B-]3(F)F)c3ccccc32)[nH]1,CC#N,623.0
5318,COc1cc(/C=C/c2cc(OC)c(-c3nc(-c4ccccc4)c(-c4ccccc4)[nH]3)cc2OC)c(OC)cc1/C=C/c1cc(OC)c(-c2nc(-c3ccccc3)c(-c3ccccc3)[nH]2)cc1OC,C1CCOC1,510.0
6717,COC(=O)c1ccc2c3ccc(C(=O)OC)c4c(C(=O)OC)ccc(c5ccc(C(=O)OC)c1c25)c43,CC(C)O,480.0
7223,CCCc1c(C(=O)c2ccc3c4c(cccc24)-c2cccc4c2C3CC=C4)c2ccc3cccc4c5cccc6ccc1c(c65)c2c34,ClCCl,526.0
11424,CCn1c2ccccc2c2cc(/C=C3\C(=O)c4ccccc4S3(=O)=O)ccc21,CN(C)C=O,557.0
1616,COC(=O)c1cc(=O)n(C)c2cc(-c3cccc(N(C)C)c3)sc12,ClCCl,560.0
2846,CC(=O)Nc1ccc(S(=O)(=O)O)c(/N=N/c2c(O)c3ccccc3n(C)c2=O)c1,Cc1ccccc1,517.0
6266,c1ccc(N2c3ccccc3Sc3cc(-c4cccc5nc6ccccc6cc45)ccc32)cc1,CCCCCC,487.0
11409,Cc1nn(-c2ccccc2)c(C2=NN(c3ccc(Br)cc3)[C@@H](c3ccccc3)[C@@H]2c2ccccc2)c1C#N,C1CCCCC1,468.0
6964,Cc1ccc(C2=C3C=CC(/C=C/c4ccccc4)=[N+]3[B-](F)(F)n3c(/C=C/c4ccccc4)ccc32)cc1,ClC(Cl)Cl,647.0
11951,CCCCCCn1c2cc(/C=C/c3cccs3)ccc2c2ccc(/C=C/c3cccs3)cc21,ClC(Cl)Cl,427.3504274
1833,COc1ccc2c(-c3nc(-c4cccc(Br)c4)no3)cc(=O)oc2c1,ClC(Cl)Cl,449.0
10631,CC(=O)c1c2c(cc3cc(N(C)C)ccc13)CCC2,ClCCl,509.0
4608,CCCCN(CCCC)c1ccc2nc3c4ccccc4c(=O)c(OC(=C(C(F)(C(F)(F)F)C(F)(F)F)C(F)(C(F)(F)F)C(F)(F)F)C(F)(F)F)c-3oc2c1,ClCCl,631.0
8858,CCn1c2ccccc2c2cc(-c3cc(-c4ccc5c(c4)c4ccccc4n5CC)nc(C#N)n3)ccc21,CN(C)C=O,455.0
3379,COc1ccc(C2=C3C=c4c(oc5cc6c(cc45)[C@H]4CC[C@]5(C)C(=O)CC[C@H]5[C@@H]4CC6)=[N+]3[B-](F)(F)n3c2cc2c4cc5c(cc4oc23)CC[C@@H]2[C@@H]5CC[C@]3(C)C(=O)CC[C@@H]23)cc1,CCOCC,611.5
8385,COC(=O)C(Cc1ccc2oc(-c3ccc4c(c3)c3ccccc3n4-c3ccccc3)nc2c1)NC(=O)OC(C)(C)C,CCCCCO,380.9959233
8834,C(=C/c1ccncn1)\c1ccc(N(c2ccccc2)c2ccccc2)cc1,C1CCOC1,496.0
782,N#Cc1c(N2CCCCC2)cc(-c2ccc(O)cc2)c2c1-c1cccc3cccc-2c13,ClCCl,545.0
591,COc1ccc(C2=CC(c3ccccc3)=[N+]3C2=Nc2c(-c4ccc(OC)cc4)cc(-c4ccccc4)n2[B-]3(F)F)cc1,ClC(Cl)Cl,695.0
1156,Cc1cc(O)c(C(C)C)cc1/N=C/c1ccc(C(F)(F)F)cc1,OCCO,438.0
1536,Oc1ccc(/N=C/c2ccccc2Oc2ccccc2)cc1,CC(C)=O,423.0
6883,COc1cc(OC)cc(C2=[O+][B-](F)(F)OC(c3ccc4cc(OC)ccc4c3)=C2)c1,CC#N,550.5043587
7741,c1ccc(-c2nc(-c3ccccc3)nc(-n3c4ccccc4c4cc(-n5c6ccccc6c6ccccc65)ccc43)n2)cc1,Cc1ccccc1,502.8180354
10608,COc1ccc(/C=C/c2ncc(-c3ccccc3)o2)cc1OC,ClCCl,420.0
7688,CCN(CC)c1ccc2cc(/C=C(\C#N)c3nc4ccccc4o3)c(=O)oc2c1,Cc1ccccc1,560.0
6648,CCOC(=O)c1sc2nc(-c3ccccc3)c(C)c(C#N)c2c1N,CCO,580.0
3090,CN(C)c1ccc(/C=C/c2nc3c4ccccc4c4ccccc4c3[nH]2)cc1,CCOC(C)=O,460.0
2401,CN(C)c1ccc2nc(-c3ccc(C(=O)OC(C)(C)C)cc3)sc2c1,CS(C)=O,568.0
9999,CCCCNc1ccc(NCCCC)c2c1C(=O)c1ccccc1C2=O,c1ccccc1,667.0
5489,N#Cc1c(-c2cccs2)cc(-c2ccc3c(c2)Cc2ccccc2-3)[nH]c1=O,CC#N,486.0
11868,NS(=O)(=O)c1ccc(N2N=C(c3ccc(O)cc3)CC2c2ccc(Br)cc2)cc1,O,449.0
5032,Cc1ccc(C2=C3C=c4c(oc5ccccc45)=[N+]3[B-](F)(F)n3c2cc2c4ccccc4oc23)cc1,CCOC(C)=O,594.5
2152,C1=Cc2ccccc2C(=Cc2ccc(C=C3c4ccccc4C=Cc4ccccc43)cc2)c2ccccc21,C1CCOC1,405.0
8511,c1ccc2c(c1)c1ccccc1n2-c1ccc(-c2nnc(-c3ccc(-n4c5ccccc5c5ccccc54)cc3)o2)cc1,O=P(c1ccccc1)(c1ccccc1)c1ccccc1Oc1ccccc1P(=O)(c1ccccc1)c1ccccc1,414.0
4394,O=Cc1cc(N2CCCCC2)c2ccc3c(N4CCCCC4)cc(N4CCCCC4)c4ccc1c2c43,CCO,635.0
5990,C(#Cc1nccnc1C#Cc1ccccc1)c1ccccc1,CC#N,380.0
9606,Cn1c(=O)c(/N=N/c2ccc(Nc3ccccc3)c(S(=O)(=O)O)c2)c(O)c2ccccc21,C1CCOC1,502.0
8997,CCC(CC)COC1=CC2=C3c4cc(OCC(CC)CC)c(-c5ccccc5)n4[B-](F)(F)[n+]4c3n(c3cc(C(C)(C)C)ccc34)[B-](F)(F)[N+]2=C1c1ccccc1,ClCCl,736.0
2816,CN1C(=CC2=C([O-])C(=CC3=[N+](C)c4ccccc4C3(C)C)C2=NC#N)C(C)(C)c2ccccc21,ClC(Cl)Cl,665.0
4764,CCCCCCCN1C(=CC2=C([O-])C(=CC3=[N+](CCCCCCC)c4ccccc4C3(C)C)C2=C(C#N)C#N)C(C)(C)c2ccccc21,CN(C)C=O,691.0
9666,N#C/C(=C\C=C\c1ccc([N+](=O)[O-])cc1)c1ccccc1,CC#N,523.0
8904,CCn1c2ccccc2c2cc(/C=C/c3cccc(/C=C/c4ccc5c(c4)c4ccccc4n5CC)[n+]3CCCS(=O)(=O)[O-])ccc21,C1CCOC1,581.0
4907,CNc1ncc2nc(C(=O)OC)n(Cc3ccccc3)c2n1,C1COCCO1,405.0
6189,C(=C/c1ccnc(/C=C/c2ccc(N(c3ccccc3)c3ccccc3)cc2)n1)\c1ccc(N(c2ccccc2)c2ccccc2)cc1,CCCCCCC,447.0
4509,CC(C)(C)c1ccc(-c2nc3c4ccc(-c5cccc6ccccc56)cc4c4cc(-c5cccc6ccccc56)ccc4c3n2-c2ccc(C(C)(C)C)cc2)cc1,CCCCCC,381.0
11382,CC1(C)CCc2c(c3ccccc3c3nc4c5c(c6ccccc6c4nc23)OC(C)(C)CC5)O1,CC(C)O,475.0593824
4123,CCCCCCN1C(=O)c2cccc3c(-c4ccc(-c5cc(-c6ccccc6)nn5-c5ccccc5)s4)ccc(c23)C1=O,ClCCl,517.0
3100,Cc1nc2cc(/C=C/c3ccc(N(C)C)cc3)ccc2nc1-c1ccccc1,CC#N,646.0
8950,CCOC(=O)CCCn1c(C(=O)OC)c(C)c2c(=O)n3c(cc21)C(CC)=C(C)C3=O,CS(C)=O,481.0
9593,C[Si]1(C)c2ccccc2-c2cc3c(cc21)-c1ccccc1[Si]3(C)C,ClCCl,384.0
8986,CN(C)c1ccc(/C=C/C=C/c2ccncc2)cc1,CC#N,540.0
8469,CN(C)c1ccc(/C=C/C=C2\CC/C(=C\c3ccc(N(C)C)cc3)C2=O)cc1,CC(C)O,687.0
9073,O=[N+]([O-])c1ccc(/C=C/c2ccc3ncnc(Nc4ccccc4)c3c2)cc1,ClC(Cl)Cl,539.0
1731,C/C(=C\c1ccc(Cl)cc1)c1nc2ccccc2s1,CO,400.0
7402,CN(C)CCN(Cc1c2ccccc2cc2ccccc12)c1ccc([N+](=O)[O-])cc1,C1CCOC1,414.0
11669,CCNc1ccc2c(C(F)(F)F)cc(=O)oc2c1,CC(C)=O,485.0
11214,CC(C)(C)c1ccc(C#Cc2cc(C#Cc3ccc(C(C)(C)C)cc3)c(C#Cc3ccc(C(C)(C)C)cc3)c(C#Cc3ccc(C(C)(C)C)cc3)c2C#Cc2ccc(C(C)(C)C)cc2)cc1,ClCCl,429.0
11795,C(=C/c1cccc2ccccc12)\c1ccc(-c2nnc(-c3ccc(-c4cc5ccccc5s4)cc3)o2)cc1,CC#N,441.0
1870,COc1ccc(C(=O)/C=C2\C(=O)Nc3ccccc32)cc1,CC(C)O,378.0
2804,Cc1cccc(C)c1Nc1ccc(/C=C/c2ccccc2)cc1,CC#N,424.0
12218,CC(C)(C)c1cc2ccc3c(-c4ccc(N(c5ccccc5)c5ccccc5)cc4)ccc4c5nc6cc(C#N)c(C#N)cc6nc5c(c1)c2c34,CCCCCC,575.3061224
2211,CC(C)(C)NC(=O)c1cccc2ccc3c4ccc(F)cc4c4cc(F)ccc4c3c12,ClCCl,388.0
10328,CCC1(CC)c2ccccc2-c2c1c1c(c3c2C(CC)(CC)c2cc(B(c4c(C)cc(C)cc4C)c4c(C)cc(C)cc4C)ccc2-3)C(CC)(CC)c2ccccc2-1,CC#N,404.0
11590,N#C[Se]CCCCCOc1ccc2ccc(=O)oc2c1,CC#N,387.0
168,CCCCOc1ccc(-c2oc3c(-c4ccc(OCCCC)cc4)c4n(c3c2-c2ccc(OCCCC)cc2)[B-](F)(F)[N+]2=Cc3c(-c5ccc(OCCCC)cc5)c5oc(-c6ccc(OCCCC)cc6)c(-c6ccc(OCCCC)cc6)c5n3[B-](F)(F)[N+]2=C4)cc1,C1CCOC1,663.0
11762,c1ccc(-c2nc(-c3ccc(-c4ccc(-n5c6ccccc6c6ccccc65)cc4)cn3)oc2-c2ccccc2)cc1,CCOC(C)=O,408.0
11711,N#Cc1ccc(C#Cc2ccc(C#Cc3ccc(C#Cc4ccccc4C#N)cc3C#N)cc2C#N)cc1,C1CCOC1,390.0
10157,CC(C)(C)c1ccc2c(c1)c1cc(C(C)(C)C)cc3c1n2-c1cc(-c2ccc(F)cc2)cc2c1B3c1cc(C(C)(C)C)cc3c4cc(C(C)(C)C)ccc4n-2c13,Cc1ccccc1,496.9447709
10113,CCCCCCc1ccsc1-c1ccc(-c2sc(C(=O)O)cc2CCCCCC)s1,ClCCl,479.0
9224,CN(C)c1ccc(/C=C/C=C/c2nc3ccccc3s2)cc1,CCCO,533.0
5360,O=P1(c2ccccc2)C(c2cc(C(F)(F)F)cc(C(F)(F)F)c2)=Cc2c3ccc4cccc5ccc(c6cc(-c7ccc(N(c8ccccc8)c8ccccc8)cc7)n1c26)c3c45,CC#N,645.0
2107,O=c1c2cccc3cccc(c32)c2nc3c4ccccc4c4ccccc4c3n12,ClCCl,589.0
5371,O=C(O)C1=C(C(=O)O)C2=C[C@H]3c4ccccc4[C@]2(S1)c1ccccc13,ClCCl,503.0
9282,CCCCc1c2ccccc2c(-c2ccc(-c3nc4cc(CC(NC(=O)OC(C)(C)C)C(=O)OC)ccc4o3)cc2)c2ccccc12,CC1COC(=O)O1,450.9989627
3753,O=C1c2ccccc2-c2c(-c3ccc([N+](=O)[O-])cc3)c(-c3ccc([N+](=O)[O-])cc3)c(-c3ccccc3)c3cccc1c23,CC#N,496.0
3529,CCc1ccc(C2=[N+]3C(=Cc4c5ccc(OC)cc5c(-c5ccc(CC)s5)n4[B-]3(F)F)c3ccc(OC)cc32)s1,ClCCl,780.0
7047,Cc1cc(=O)c2ccc(N)cc2o1,ClC(Cl)Cl,380.0
567,COc1ccc(C2=[N+]3C(=Nc4c(-c5cc(OC)c(OC)c(OC)c5)cc(-c5ccc(OC)cc5)n4[B-]3(F)F)C(c3cc(OC)c(OC)c(OC)c3)=C2)cc1,Cc1ccccc1,724.0
6888,COc1cc(OC)cc(C2=[O+][B-](F)(F)OC(c3ccc4ccccc4c3)=C2)c1,CC#N,521.2056481
11812,NS(=O)(=O)c1ccc(N2N=C(c3ccc(O)cc3)CC2c2ccc([N+](=O)[O-])cc2)cc1,C1COCCO1,417.0
2367,CC(C)(C)c1ccc(-c2nc3c4ccc(-c5ccccc5)cc4c4cc(-c5ccccc5)ccc4c3n2-c2ccc(C(C)(C)C)cc2)cc1,C1CCOC1,389.0
6865,Cc1cc(=O)oc2cc(-c3cn(Cc4ccccc4)nn3)ccc12,CCO,381.0
10570,c1ccc(-c2nc(-c3ccc(-c4ccc(N(c5ccccc5)c5ccccc5)cc4)cn3)oc2-c2ccccc2)cc1,CCOCC,440.0
11846,NS(=O)(=O)c1ccc(N2N=C(c3ccc(O)cc3)CC2c2ccc(Cl)cc2)cc1,CCOC(C)=O,416.0
6608,COc1ccc2cc(-c3ccc([N+](=O)[O-])cc3)ccc2c1,ClC(Cl)Cl,573.0
440,Cc1c2c(c(C)c3ccccc13)-c1cc3nc4ccccc4nc3cc1-2,ClC(Cl)Cl,454.0
2018,Cc1ccccc1/C(C#N)=C/c1ccc(N(C)C)cc1,Cc1ccccc1,464.0
10329,CCC1(CC)c2ccccc2-c2c1c1c(c3c2C(CC)(CC)c2cc(B(c4c(C)cc(C)cc4C)c4c(C)cc(C)cc4C)ccc2-3)C(CC)(CC)c2ccccc2-1,CC(C)=O,395.0
10070,CCN(CC)c1ccc(/C=N/C(C#N)=C(C#N)/N=C/c2ccc(N(CC)CC)cc2O)c(O)c1,CC#N,609.0
8233,COc1cc(/C=C/C(=O)O)ccc1O,O,413.0
6414,CCCCCCCCCCOc1ccc2c3c(oc2c1)C1=C2C(=O)N4C=Cc5c(oc6cc(OCCCCCCCCCC)ccc56)C4=C2C(=O)N1C=C3,CN(C)C=O,660.0
11319,Cc1nc(-c2cc(C(F)(F)F)ccc2O)n2c1CCCC2,ClCCl,432.0
4540,C[Si]1(C)c2ccc(-c3cccs3)cc2C=Cc2cc(-c3cccs3)ccc21,ClCCl,373.0
12049,CN(C)c1ccc(/C=C2\CCCC2=O)cc1,CCCCCC,405.0
7905,COc1ccc(-n2c3ccccc3c3cc(/C=C/C(=C(C#N)C#N)c4ccccc4)ccc32)cc1,CCOC(C)=O,550.0
1224,COc1ccc(-c2cc(-c3ccc(C)cc3)c(C#N)c(OC)n2)cc1,ClC(Cl)Cl,392.0
5928,CN(C)CCNCc1c2ccccc2cc2ccccc12,ClC(Cl)Cl,417.0
2592,CC1=C(C)C(c2c(C)c(C)c3n2[B-](F)(F)[N+]2=C(C)C(C)=C(C)C2=C3)=[N+]2C1=Cc1c(C)c(C)c(C)n1[B-]2(F)F,ClCCl,650.0
2753,CCN(CC)c1ccc2c(c1)OC1=C(/C=C/C3=[N+](C)c4ccc5ccccc5c4C3(C)C)CCCC1=C2c1ccccc1C(=O)O,CCO,750.0
6210,Cc1ccc(-n2c3ccccc3c3cc(C=C(C#N)C#N)ccc32)cc1,ClC(Cl)Cl,478.0
4894,CCCCNC(=O)c1nc2c(N(C)C)nc(N(C)C)nc2n1Cc1ccccc1,CO,424.0
4601,CCOC(=O)/C(C#N)=C/c1cc2c3ccccc3n(C)c2cc1OC,CS(C)=O,488.0
2691,CN(C)c1ccc2c(-c3cc(C(=O)[O-])ccc3C(=O)[O-])c3ccc(=[N+](C)C)cc-3oc2c1,O,575.0
36,Oc1ccc(-c2ccco2)cc1-c1nc2ccccc2s1,O,577.0
4525,F[B-]1(F)n2c(-c3cccs3)cc(-c3cccs3)c2N=C2C(c3cccs3)=CC(c3cccs3)=[N+]21,ClCCl,764.0
9487,CCCCn1c2ccccc2c2ccc3c4cc(-c5ccc(C(F)(F)F)cc5)ccc4n(CCCC)c3c21,ClC(Cl)Cl,402.0
7348,O=C(N/N=C/c1ccccc1O)c1ccccc1O,CC#N,474.0
2249,COc1ccc(-n2nc(C(=O)N3CCCC3)c(N3CCCC3)n2)cc1,CCO,410.0
7060,O=C1OC(c2ccccc2)=N/C1=C\c1ccc(N(c2ccccc2)c2ccccc2)cc1,CC1CCCCC1,492.6
3938,CCN(CC)c1ccc2cc3ccc(=[N+](CC)CC)cc-3oc2c1,CN(C)C=O,532.0
10474,Cc1c2ccncc2c(C)c2c1[nH]c1ccccc12,CC(C)O,424.0
3181,CN(C)c1ccc(-c2ccc(-c3nc(C#N)c(C#N)n3C)cc2)cc1,CC#N,439.0
6931,Clc1nc(Nc2ccccc2)nc(Nc2ccc3c4cccc5cccc(c6cccc2c63)c54)n1,CC#N,477.0
9867,F[B-]1(F)n2c(-c3cccs3)cc(-c3ccccc3)c2N=C2C(c3ccccc3)=CC(c3cccs3)=[N+]21,ClCCl,740.0
9926,CC1=N/C(=C\c2cc(C#N)cc(N(C)C)c2)C(=O)N1C,CC#N,595.0
8147,COCCOCCOCCOCCOc1ccc(OCCOCCOCCOCCOC)c(C=O)c1,CNC=O,458.0
7977,C/C=C/c1ccc(OC)c(OC)c1,CCCCCC,334.0
5011,Cc1ccccc1C1=C2C=c3c(oc4ccc(C(C)(C)C)cc34)=[N+]2[B-](F)(F)n2c1cc1c3cc(C(C)(C)C)ccc3oc12,CO,600.5
3984,COC(=O)C(Cc1ccc2oc(-c3ccc(N(C)C)cc3)nc2c1)NC(=O)OC(C)(C)C,CCCCC,373.9995512
12216,CC1=C(c2ccc(N(c3ccccc3)c3ccccc3)cc2)C(C)=[N+]2C1=C(c1c(-c3ccccn3)nc3ccccn13)c1c(C)c(-c3ccc(N(c4ccccc4)c4ccccc4)cc3)c(C)n1[B-]2(F)F,ClCCl,709.0
9957,CC1=N/C(=C\c2ccccc2N)C(=O)N1C,ClCCl,452.0
1360,Cc1cccc2cc3c(=O)n(C)c(=O)n(C)c3nc12,CCO,423.0
11209,N#Cc1ccc(N)c2nonc12,O,612.0
8710,CCC1=C(C)C2=C(C)c3cc(I)c(I)n3[B-](F)(F)[N+]2=C1C,CO,546.0
486,CCOc1ccc(/C=C/C=C/C=C/c2ccc([N+](=O)[O-])cc2)cc1,CC1CCCCC1,488.0
4526,O=C(/C=C/c1cn(-c2ccccc2)nc1-c1ccccc1)c1c(O)c2ccccc2oc1=O,C1CCOC1,489.0
5639,CN(C)c1ccc(/C=C/c2ccc(-c3nc(C#N)c(C#N)n3C)cc2)cc1,C1CCCCC1,437.0
3421,C[N+]1=C(/C=C/C2=C3Oc4c(cc5c6c4CCCN6CCC5)C(c4ccccc4C(=O)O)=C3CCC2)C(C)(C)c2ccccc21,ClC(Cl)Cl,757.0
6818,COc1cccc(-n2c(-c3ccccc3)nc(C)c2C)c1,c1ccccc1,372.0
5453,c1ccc2cc(-n3c4ccccc4c4ccccc43)ccc2c1,CCOCC,368.0
3703,CC(C)(C)c1ccc(C2=c3sc(-c4ccc(C(C)(C)C)cc4)c(-c4ccc(C(C)(C)C)cc4)c3=[N+]3C2=Nc2c(-c4ccc(C(C)(C)C)cc4)c4sc(-c5ccc(C(C)(C)C)cc5)c(-c5ccc(C(C)(C)C)cc5)c4n2[B-]3(F)F)cc1,ClC(Cl)Cl,807.0
637,CCCN1/C(=C/C=C(/C=C/c2sc3ccccc3[n+]2CCC)c2ccc([N+](=O)[O-])cc2)C(C)(C)c2ccccc21,CO,659.0
4832,CCc1c(C)c2n(c1C)[B-](F)(F)[N+]1=C(NCc3ccc(OC)cc3)C=CC1=C2C,ClCCl,551.0
9429,O=Cc1ccc(-c2ccc3c(c2)C(=O)c2cc(-c4ccc(C=O)cc4)ccc2-3)cc1,C1CCOC1,371.0
3613,CCn1c2ccc(S(=O)(=O)O)cc2c(=O)c2cc3c(cc21)c(=O)c1cc(S(=O)(=O)O)ccc1n3CCCCCC(=O)O,O,559.0
8062,COC(=O)/C=C/C=C/c1ccc(N(C)C)cc1,CCCCO,438.0
3646,CC(C)[Si](C#Cc1c2cc3ccccc3cc2c(C#C[Si](C(C)C)(C(C)C)C(C)C)c2nc3c(nc12)C1c2ccccc2C3c2ccccc21)(C(C)C)C(C)C,CCCCCC,548.0
9320,O=Cc1ccc(-c2ccc(-c3nc4ccccc4s3)c(O)c2)s1,CCO,540.0
9104,CCC1(CC)c2cc(N(C)C)ccc2-c2ccc(C(F)(F)F)cc21,CC#N,337.0
7012,C(=C/c1ccnc2ccccc12)\c1ccc(/C=C/c2ccnc3ccccc23)cc1,C1CCCCC1,421.0
12230,N#Cc1nc(N(Cc2ccccc2Cl)Cc2ccccc2Cl)c(C#N)nc1N(Cc1ccccc1Cl)Cc1ccccc1Cl,ClC(Cl)Cl,567.0
11909,COc1ccc(-c2c3ccccc3c3n2[B-](F)(F)[N+]2=Cc4c5ccccc5c(-c5ccc(OC)cc5)n4[B-](F)(F)[N+]2=C3)cc1,Cc1ccccc1,616.0
10625,CC(=O)c1c2c(cc3cc(N(C)C)ccc13)CCC2,C1COCCO1,495.0
5493,N#Cc1c(-c2cccs2)cc(-c2ccc3c(c2)Cc2ccccc2-3)[nH]c1=O,CS(C)=O,437.0
167,c1ccc(-c2nc(-c3ccc(-c4ccc(-c5nc(-c6ccccc6)c(-c6ccccc6)o5)cc4)cc3)oc2-c2ccccc2)cc1,C1COCCO1,428.0
1915,O=C1Nc2ccccc2/C1=C/C(=O)c1ccc(Cl)cc1Cl,CC#N,407.0
9611,Cn1c(=O)c(/N=N/c2ccc(Nc3ccccc3)c(S(=O)(=O)O)c2)c(O)c2ccccc21,Cc1ccccc1,500.0
7019,C(=C/c1ccnc2ccccc12)\c1ccc(/C=C/c2ccnc3ccccc23)cc1,CN(C)C=O,440.0
8936,CCCCCCCC1=C(C)C(=O)n2c1cc1[nH]c(C(=O)OC)c(C)c1c2=O,ClC(Cl)Cl,448.0
7675,CCN(CC)c1ccc2c(C#N)c(/C=C(\C#N)c3nc4ccccc4o3)c(=O)oc2c1,CC#N,676.0
11495,CN(C)c1ccc(-c2nc(C#N)c(C#N)n2C)cc1,ClC(Cl)Cl,437.0
6576,Cc1cc(-c2ccc(-n3c4ccccc4c4ccccc43)cc2)nc(-c2ccc(-c3ccccc3)cc2)n1,ClC(Cl)Cl,423.0
11924,CC[n+]1ccc(/C=C/c2ccc3ccc4cccc5ccc2c3c45)cc1,CS(C)=O,595.0
801,CCn1c2ccccc2c2cc(-c3cc(-c4ccc5c(c4)c4ccccc4n5CC)nc(-c4ccc(C#N)cc4)n3)ccc21,C1CCOC1,408.0
2138,CC1(C)Cc2c(c3ccccc3c3nc4ccccc4nc23)O1,CN(C)C=O,521.9206681
7391,CN(C)CCN(Cc1c2ccccc2cc2ccccc12)c1ccc([N+](=O)[O-])cc1[N+](=O)[O-],C1CCCCC1,391.0
3351,CC(C)(C)c1ccc(C2=C(c3ccc(-n4c5ccccc5c5ccccc54)cc3)S(=O)(=O)c3c2sc(-c2ccc(-n4c5ccccc5c5ccccc54)cc2)c3-c2ccc(C(C)(C)C)cc2)cc1,C1CCOC1,542.0
742,C[n+]1ccc(/C=C/c2ccc(N(c3ccccc3)c3ccc(/C=C/c4cc[n+](C)cc4)cc3)cc2)cc1,O,656.0
6510,CN(C)c1ccc(-c2nc3c(c4c2-c2ccc(C#N)cc2CC4)-c2ccc(C#N)cc2CC3)cc1,CO,489.0
7210,CCCCCCCCN1c2ccc(C#Cc3ccc(OC)cc3)cc2Sc2cc(C=O)ccc21,CC#N,538.0
6822,CCCCCCCCCCCCCCCCOC(=O)c1ccc(N(c2ccccc2)c2ccccc2)cc1,C1CCOC1,428.0
11019,c1ccc(-n2c(-c3ccc(-c4c5ccccc5c(-c5cccc(-n6c7ccccc7c7ccccc76)c5)c5ccccc45)cc3)nc3c4ccccc4c4ccccc4c32)cc1,CCCCCC,428.5964912
10130,c1ccc(-c2nc(-c3ccc(-c4nc(-c5ccccc5)c(-c5ccccc5)[nH]4)s3)[nH]c2-c2ccccc2)cc1,ClC(Cl)Cl,484.99478635
3678,Cc1cc(=O)oc2c3c4c(cc12)CCCN4CCC3,CC#N,450.0
11460,F[B-]1(F)n2cccc2C(c2c3ccccc3c(-c3ccccc3)c3ccccc23)=C2C=CC=[N+]21,CCO,522.0
4367,CN(C)c1ccc(C#Cc2ccc3ccc4ccc(C#Cc5ccc(N(C)C)cc5)c5ccc2c3c45)cc1,CCCCCCO,531.8
3963,COC(=O)C(NC(=O)OC(C)(C)C)c1ccc2oc(-c3ccc(O)cc3O)nc2c1,CC1CCCCC1,470.0
9321,O=Cc1ccc(-c2ccc(-c3nc4ccccc4s3)c(O)c2)s1,ClCCl,535.0
2847,CC(=O)Nc1ccc(S(=O)(=O)O)c(/N=N/c2c(O)c3ccccc3n(C)c2=O)c1,ClCCl,528.0
9608,Cn1c(=O)c(/N=N/c2ccc(Nc3ccccc3)c(S(=O)(=O)O)c2)c(O)c2ccccc21,CCOC(C)=O,503.0
2478,Cc1cc(C)c(C2=C3C=c4c(c5ccc(C(C)(C)C)cc5c5cc(C(C)(C)C)ccc45)=[N+]3[B-](F)(F)n3c2cc2c4ccc(C(C)(C)C)cc4c4cc(C(C)(C)C)ccc4c23)c(C)c1,C1CCOC1,711.0
715,CC1CC=C(c2ccc(-c3ccc(C=O)s3)s2)CC1,c1ccncc1,483.0
2957,CC1=[N+]2C(=C(c3ccc(-c4c5ccccc5c(-c5ccccc5)c5ccccc45)cc3)c3ccc(C)n3[B-]2(F)F)C=C1,ClCCl,526.0
6433,Oc1cc(N(c2ccccc2)c2ccccc2)ccc1-c1nc2c3ccccc3c3ccccc3c2[nH]1,C1CCOC1,420.0
5556,CC(C)[Si](C#Cc1ccc(C#C[Si](C(C)C)(C(C)C)C(C)C)c2nc3c(ccc4cc5ccccc5cc43)nc12)(C(C)C)C(C)C,CCCCCC,466.0
10003,CCNc1ccc(NCC)c2c1C(=O)c1ccccc1C2=O,CCCCCCCCCCO,672.0
7481,CCN(CC)c1ccc2cc(/C=C/C3=CC(/C=C/c4cc5ccc(N(CC)CC)cc5oc4=O)=[O+][B-](F)(F)O3)c(=O)oc2c1,CCOC(C)=O,659.0
3244,CN(C)c1ccc(C2=Nc3sc4cc(C(F)(F)F)ccc4[n+]3[B-](F)(F)O2)cc1,CC(C)=O,495.0
10484,Cc1c2ccncc2c(C)c2c1[nH]c1ccccc12,Cc1ccccc1,403.0
12184,O=C1/C(=C2\Sc3ccc(S(=O)(=O)Nc4ccccc4)cc3C2=O)Sc2ccc(S(=O)(=O)Nc3ccccc3)cc21,CO,618.0
2089,F[B-]1(F)n2ccnc2-c2cccc[n+]21,CCCCCC,337.0
9378,Cc1oc2c(Cl)cc3c(C)cc(=O)oc3c2c1C,CC#N,431.0
10371,CN(C)C1=Nc2cccc3cccc1c23,CC#N,589.0
4963,CCCCn1c2ccc(C#N)cc2c2cc(C#N)cc(-c3ccc(N(c4ccccc4)c4ccccc4)cc3)c21,CCOC(C)=O,438.0
4265,O=C1OCC2=C1C(c1ccccc1)c1cc3c(cc1N2CCO)CCC3,ClCCl,420.0
1834,COc1ccc2c(-c3nc(-c4cccc(C)c4)no3)cc(=O)oc2c1,CCO,464.0
7332,CC1(C)c2ccccc2N(c2ccc(-c3nc(-c4ccccn4)n(-c4ccc(N5c6ccccc6C(C)(C)c6ccccc65)cc4)n3)cc2)c2ccccc21,ClCCl,445.0
6452,F[B-]1(F)n2cccc2C(c2ccccc2)=C2C=CC(N3CCOCC3)=[N+]21,CC#N,550.0
9693,CCCCCCCCOc1cc(/C=C/c2ccncc2)c(OCCCCCCCC)cc1/C=C/c1ccncc1,ClCCl,470.0
8935,CCCCCCCC1=C(C)C(=O)n2c1cc1[nH]c(C(=O)OC)c(C)c1c2=O,CS(C)=O,482.0
11470,CCc1ccc(-n2c3ccccc3c3cc4c(cc32)c2ccccc2n4-c2ccc(CC)s2)s1,ClC(Cl)Cl,405.0
6443,N#CSC1=CC2=C(c3ccccc3)c3ccc(SC#N)n3[B-](F)(F)[N+]2=C1N1CCOCC1,CCCCCC,588.0
3833,CCCCOc1ccc(-c2oc3cc4n(c3c2-c2ccc(OCCCC)cc2)[B-](F)(F)[N+]2=Cc3cc5oc(-c6ccc(OCCCC)cc6)c(-c6ccc(OCCCC)cc6)c5n3[B-](F)(F)[N+]2=C4)cc1,Cc1ccccc1,641.0
7452,CN(C)c1ccc(/C=C/C(=O)c2ccccc2)cc1,CO,531.0
2485,Cc1cc(C)c(C2=C3C=c4c(c5ccccc5c5ccccc45)=[N+]3[B-](F)(F)n3c2cc2c4ccccc4c4ccccc4c23)c(C)c1,CC#N,688.0
5079,COc1ccc(C2=C3C(/C=C/c4cc(OC)c(OC)c(OC)c4)=C(C=O)C(/C=C/c4cc(OC)c(OC)c(OC)c4)=[N+]3[B-](F)(F)n3c(/C=C/c4cc(OC)c(OC)c(OC)c4)c(C=O)c(C=Cc4cc(OC)c(OC)c(OC)c4)c32)cc1,ClCCl,722.0
10937,CN(C)c1ccc(-c2cc3ccc([N+](=O)[O-])cc3c(=O)o2)cc1,CC(C)=O,682.0
12111,CCCCCCC(CCCCCC)N1C(=O)c2cccc3c(-c4ccc(C#N)cc4)ccc(c23)C1=O,CN(C)C=O,478.3
3399,CCN(CC)c1ccc2cc(-c3csc(N)c3C#N)c(=O)oc2c1,ClCCl,464.0
1886,Cc1ccc(C(=O)/C=C2\C(=O)Nc3ccccc32)cc1,CO,411.0
3003,N#Cc1ccc2cc(C#Cc3cn([C@H]4C[C@H](O)[C@@H](CO)O4)c4ncnc(N)c34)ccc2c1,CCO,469.0
23,c1ccc2c(-c3ccc(-c4nnc(-c5ccc(-c6nnc(-c7ccc(-c8cccc9ccccc89)s7)o6)cc5)o4)s3)cccc2c1,CCO,459.0
4634,Cc1nc2c(ccc3c2sc(/C=C/c2ccc(N(CCO)CCO)cc2)[n+]3C)s1,CO,601.0
9118,Nc1ccc2c(c1)Cc1ccccc1-2,CC(C)O,369.0
1309,C1=CSC(=C2SC=C(/C=C/C=C/C=C/C3=CSC(=C4SC=CS4)S3)S2)S1,CCCCCC,631.0
6029,CN(C)c1ccc(C#Cc2ccc(C#N)cc2)cc1,CCCCCCCCCCCCCCCC,385.000385
789,BrC1=CN2C[n+]3cc(Br)cc(Br)c3N=C2C(Br)=C1,CS(C)=O,494.0
3411,O=C1c2cccc3c(NCc4ccccn4)c4ccccc4c(c23)C(=O)N1Cc1ccccn1,CCCCCC,594.0
5030,Cc1ccc(C2=C3C=c4c(oc5ccccc45)=[N+]3[B-](F)(F)n3c2cc2c4ccccc4oc23)cc1,C1CCOC1,596.5
9755,Cc1nn(-c2ccccc2)c2c1c(=O)oc1ccc(-n3c4ccccc4c4ccccc43)cc12,Cc1ccccc1,412.0
4850,O=S1(=O)c2ccc(-c3ccc(N(c4ccccc4)c4ccccc4)cc3)cc2C2(c3ccccc3-c3ccccc32)c2cc(-c3ccc(N(c4ccccc4)c4ccccc4)cc3)ccc21,CCCCCC,398.3747178
2514,COc1ccc(-c2cnc3nn4ccccc4c3n2)cc1,C1CCOC1,455.0
8018,CC(=O)Nc1ccc(O)cc1,CS(C)=O,329.0
4035,CCOC(=O)c1c(-c2cc3ccc(OC)cc3oc2=O)nn(-c2cccc(Cl)c2)c1C(=O)OCC,ClCCl,422.0
8615,CCC1=C(C)C2=C(C)c3c(C)c(CC)c(C)n3[B-](F)(F)[N+]2=C1C,OCC(F)(F)F,535.2
9954,CC1=N/C(=C\c2ccccc2N)C(=O)N1C,CC#N,453.0
4743,N#Cc1c(-c2ccccc2)cc(-c2ccccc2)[nH]c1=S,CCCCO,506.0
3574,C(=C/c1nc2ccccc2s1)\c1ccc(-c2nc3c4cccnc4c4ncccc4c3[nH]2)cc1,CC#N,485.0
6194,c1ccc(-c2ccc(-c3nc(-n4c5ccccc5c5ccc6c7ccccc7n(-c7ccccc7)c6c54)nc(-n4c5ccccc5c5ccc6c7ccccc7n(-c7ccccc7)c6c54)n3)cc2)cc1,Cc1ccccc1,495.0
1957,CCCCCCCCCCOc1cc(OCCCCCCCCCC)cc(C2=C3C(/C=C/c4ccc(N(C)C)cc4)=C(C#Cc4ccc(C(C)(C)C)cc4)C(/C=C/c4ccc(N(C)C)cc4)=[N+]3[B-](F)(F)n3c(/C=C/c4ccc(N(C)C)cc4)c(C#Cc4ccc(C(C)(C)C)cc4)c(/C=C/c4ccc(N(C)C)cc4)c32)c1,ClC(Cl)Cl,835.0
9485,Oc1c(-c2nc3c4ccc(-c5ccccc5)cc4c4cc(-c5ccccc5)ccc4c3[nH]2)ccc2c1c1ccccc1n2-c1ccccc1,Cc1ccccc1,507.0
11710,C(#Cc1ccc(C#Cc2ccc(C#Cc3ccccc3)cc2)cc1)c1ccccc1,ClC(Cl)Cl,387.0
10427,CNCCCN1c2ccccc2CCc2ccccc21,CO,356.0
10411,O=c1[nH]c(=O)c2scc([C@H]3C[C@H](O)[C@@H](CO)O3)c2[nH]1,O,351.0
10863,N#CC(C#N)=C(/C=C/c1ccc(N(c2ccccc2)c2ccccc2)cc1)c1ccc2c3c(cccc13)CC2,CC(C)=O,644.0
7066,O=C1OC(c2ccccc2)=N/C1=C\c1ccc(N(c2ccccc2)c2ccccc2)cc1,CCOCC,540.4
6496,CCN(CC)c1ccc(-c2nc3c(c4c2-c2ccccc2CC4)-c2ccccc2CC3)cc1,CS(C)=O,470.0
1395,CN(C)c1ccc(C2=Nc3scc[n+]3[B-](F)(F)O2)cc1,CC#N,469.0
9209,COC(=O)c1nc2c(OCc3ccccc3)nc(N)nc2n1Cc1ccccc1,C1COCCO1,376.0
7535,CCOC(=O)C1=CN(c2ccccc2)C=C(C(=O)OCC)C1c1ccccc1,CO,426.0
5706,N#CC1=c2c3cccc4cccc(c43)n2[B-](F)(F)[n+]2ccccc21,Cc1ccccc1,535.0
6886,COc1cc(OC)cc(C2=[O+][B-](F)(F)OC(c3ccc4cc(OC)ccc4c3)=C2)c1,Cc1ccccc1,475.7845579
12192,Cc1cc(-n2c3ccccc3c3cc(C#N)ccc32)ccc1-c1ccc(S(=O)(=O)c2ccccc2)cc1C,C1CCOC1,369.1935484
12198,Cc1cc(-n2c3ccccc3c3ccccc32)ccc1-c1ccc(S(=O)(=O)c2ccccc2)cc1C,Cc1ccccc1,349.0
8084,O=Cc1cc(O)c(C=O)cc1O,CCCO,491.0
7354,C1=C/C2=C(\c3ccccc3)c3c[nH]c(c3)/C(c3ccccc3)=C3/C=CC(=N3)/C(c3ccccc3)=c3/cc/c([nH]3)=C(\c3ccccc3)C1=N2,CC(=O)N(C)C,713.0
11036,Brc1ccc(-c2nc(-c3ccc(C#Cc4ccc(-n5c6ccccc6c6ccccc65)cc4)cc3)nc(-c3ccc(C#Cc4ccc(-n5c6ccccc6c6ccccc65)cc4)cc3)n2)cc1,CC#N,563.0
7306,CN(C)c1ccc(-c2cc3c(ccc4c([N+](=O)[O-])cccc43)c(=O)o2)cc1,CO,548.0
5872,CC(C)[Si]1(C(C)C)c2cc(N(C)C)ccc2-c2ccc(C(F)(F)F)cc21,CCO,422.0
1226,CC1=NN(c2ccccc2)C(=O)/C1=C/c1cn(-c2ccccc2)nc1-c1ccccc1,C1COCCO1,407.0
5467,N#Cc1c(N2CCCC2)cc(-c2ccccc2)c2c1Cc1ccccc1-2,C1CCOC1,446.0
3286,Cc1ccc(Nc2ccc(Nc3ccc(C)cc3)c3c2C(=O)c2ccccc2C3=O)cc1,CN(C)C=O,686.0
12016,C(=C/c1ncc2ccccc2n1)\c1ccc(-c2ccc(N(c3ccccc3)c3ccccc3)cc2)cc1,C1CCCCC1,455.0
9973,COC(=O)/C(C#N)=c1\s/c(=c2/s/c(=C(/C#N)C(=O)OC)c3cc(-c4ccc(C)cc4)sc23)c2sc(-c3ccc(C)cc3)cc12,Cc1ccccc1,652.0
4395,O=Cc1cc(N2CCCCC2)c2ccc3c(N4CCCCC4)cc(N4CCCCC4)c4ccc1c2c43,CCOC(C)=O,562.0
6705,CCCCCCCCOc1ccc2c3cccc4c(OCCCCCCCC)ccc(c5cccc1c52)c43,Cc1ccccc1,467.989043
8598,CCC1=C(C)C2=C(C)c3c(C)c(CC)c(C)n3[B-](F)(F)[N+]2=C1C,CC(C)O,534.0
9826,COc1ccc(C#Cc2nc3ccccc3nc2-c2cn(C)c3ccccc23)cc1,ClCCl,506.0
10515,CCCN1/C(=C/C=C/C=C/C2=[N+](CCC)c3ccccc3C2(C)C)C(C)(C)c2ccccc21,CS(C)=O,660.0
1310,C1=CSC(=C2SC=C(/C=C/C=C/C=C/C3=CSC(=C4SC=CS4)S3)S2)S1,CCOCC,700.0
4718,O=c1oc2ccccc2cc1-c1ccc(-c2cc3ccccc3oc2=O)cc1,CCOC(C)=O,426.0
3798,CN(C)c1ccc2nc3c(cc2c1)c(-c1ccccc1)nn3-c1ccccc1,C1CCOC1,534.1880342
4934,CCN(CC)c1ccc2cc(/C=C/C(=O)c3cc4ccc(N(CC)CC)cc4oc3=O)c(=O)oc2c1,ClCCl,562.0
9383,Cc1cc2c(o1)c(Br)cc1c(C)cc(=O)oc12,CC#N,435.0
9301,CCC1=C(C)C2=C(c3c(C)cc(C)nc3-c3cccs3)c3c(C)c(CC)c(C)n3[B-](F)(F)[N+]2=C1C,CC#N,549.0
4007,COC(=O)C(NC(=O)OC(C)(C)C)c1ccc2oc(-c3cc(C(F)(F)F)cc(C(F)(F)F)c3)nc2c1,CC#N,378.0
10065,COc1ccc(N(c2ccc(OC)cc2)c2cc3ccc4cc(B(c5c(C)cc(C)cc5C)c5c(C)cc(C)cc5C)cc5ccc(c2)c3c45)cc1,ClC(Cl)Cl,532.0
1822,CC(C)(C)C1Nc2ccccc2C(=O)N1Cc1ccccc1,CO,439.0
8813,F[B-]1(F)N(c2ccccc2)C=Cc2cccc[n+]21,CC#N,555.0
1315,C1=CSC(=C2SC=C(/C=C/C=C/C=C/C3=CSC(=C4SC=CS4)S3)S2)S1,ClC(Cl)Cl,730.0
11163,COc1ccc2c(c1)c1c(OC)c3ccccc3c(OC)c1n2C,ClCCl,443.0
11569,CCN(CC)c1ccc2c(C(F)(F)F)cc(=O)oc2c1,CCOC(C)=O,479.0
11528,C(=C/c1ccc(N(c2ccccc2)c2ccccc2)cc1)\c1ccc(-c2cc(-c3ccccn3)nc(-c3ccccn3)c2)cc1,CCO,556.0
2315,CCCCCCc1ccc(-n2c3[n+](c4c5ccccc5c5ccccc5c42)[B-](C)(C)c2cc(N(c4ccccc4)c4ccccc4)ccc2-3)cc1,Cc1ccccc1,428.0
2826,COc1ccc(/N=N/c2c(O)c3ccccc3n(C)c2=O)c(S(=O)(=O)O)c1,CO,532.0
10366,CN(C)c1ccc(C#Cc2nc(-c3ccccc3)nc3ccccc23)cc1,C1CCCCC1,423.0
6826,CCCCCCCCCCCCCCCCOC(=O)c1ccc(N(c2ccccc2)c2ccccc2)cc1,c1ccccc1,412.0
2595,O=Cc1ccc2nc(C#Cc3ccc(N(c4ccccc4)c4ccccc4)cc3)sc2c1,Cc1ccccc1,473.0
9753,CC[n+]1ccc(/C=C/c2cc3cccc4ccc5cccc2c5c43)cc1,O,606.0
1339,CCOC(=O)COc1ccc(/C=C/c2cc(C)c3n2[B-](F)(F)[N+]2=C(c4[nH]c(C)cc4C)c4ccccc4C2=C3)cc1,CC#N,699.0
4410,CCn1c2cc(C(C)(C)C)ccc2c2c3nsnc3c3c4ccc(C(C)(C)C)cc4n(CC)c3c21,Cc1ccccc1,489.0
738,C1=C(c2ccc(-c3cccs3)s2)CCCC1,OCCOCCO,446.0
965,COc1ccc(-n2c3c4ccccc4nc(-c4ccc(C#N)cc4)c3c3c2c2c(-c4ccc(C#N)cc4)nc4ccccc4c2n3-c2ccc(OC)cc2)cc1,ClC(Cl)Cl,513.0
252,Cc1ccc2nc3[nH]c(=O)[nH]c(=O)c3nc2c1C,CC#N,469.0
4989,CC1=C(c2ccccc2)C(C)=[N+]2C1=C(c1ccccc1)c1c(C)c(-c3ccccc3)c(C)n1[B-]2(F)F,CO,550.0
8736,CC1=C(C(C)(C)C)C(C)=[N+]2C1=C(C)c1c(C)c(C(C)(C)C)c(C)n1[B-]2(F)F,CCCCCCCCO,565.0
2098,F[B-]1(F)n2c(nc(Br)c2Br)-c2cccc[n+]21,ClC(Cl)Cl,469.0
5479,Cc1cc(C)c(B(c2c(C)cc(C)cc2C)c2cc3ccc4ccccc4c3c3c2ccc2ccccc23)c(C)c1,C1CCCCC1,436.0
6109,COc1ccc(C#Cc2ccc(C#N)cc2)cc1,C1COCCO1,369.0
10661,CC1(C)c2ccccc2N(c2ccc3c(c2)C(C)(C)c2cc(N4c5ccccc5C(C)(C)c5ccccc54)ccc2S3(=O)=O)c2ccccc21,C1CCOC1,473.0994152
872,CCc1c(C)[nH]c(C2=[N+]3C(=Cc4c(C)cc(C)n4[B-]3(F)F)c3ccccc32)c1C,ClCCl,640.0
4610,CCCCN(CCCC)c1ccc2nc3c4ccccc4c(=O)cc-3oc2c1,ClCCl,609.0
10224,CC1(C)Cc2c(c3ccccc3c3nc4c5c(c6ccccc6c4nc23)OC(C)(C)C5)O1,CC#N,508.9058524
8897,CCCCc1cc(C=O)c2ccc3c(CCCC)cc(N4CCCCC4)c4ccc1c2c34,C1CCOC1,540.0
12191,COc1ccc2c(c1)O[B-]13Oc4cc(OC)ccc4-c4cc(-c5ccccc5)c(n41)N=C1C(c4ccccc4)=CC2=[N+]13,ClC(Cl)Cl,782.0
11545,c1ccc2nc3cccc(-c4ccc(-n5c6ccccc6c6ccccc65)cc4)c3cc2c1,ClCCl,486.0
10552,c1ccc2c3c(ccc2c1)-c1c2ccccc2cc2cccc-3c12,CCCCCCC,603.0
3781,c1ccc2cc(-n3cnc4ccccc43)ccc2c1,ClC(Cl)Cl,375.0
6066,CN(C)c1ccc(C#Cc2ccccc2)cc1,CCOC(C)=O,382.49694
8067,CCOC(=O)c1ccc(N(C)C)cc1,CC#N,501.9230769
6080,COC(=O)c1ccc(C#Cc2ccc(N(C)C)cc2)cc1,CC1CCCO1,464.5113341
9729,c1cc2c3c(cccc3c1)-c1c-2ccc2c1ccc1ccccc12,CCCCCCC,483.0
6162,COC(=O)c1ccc(/C=C2\N=C(c3ccc(OC)c(OC)c3)OC2=O)cc1,C1COCCO1,474.0
10781,CCOC(=O)C1=C(C(=O)OCC)C2(c3ccccc3-c3c(Br)cc(Br)cc32)C2(/C=C/c3ccc(Cl)cc3)c3cc(OC)c(OC)cc3CCN12,ClCCl,495.0
5117,N#C/C(=C\c1cn(-c2ccccc2)nc1-c1ccccc1)c1nc2ccccc2s1,CS(C)=O,465.0
5746,C[n+]1ccc(/C=C/c2ccc([O-])cc2)cc1,CCO,582.0
10585,CCN(CC)c1ccc2cc(-c3cn4ccccc4n3)c(=O)oc2c1,CS(C)=O,482.0
9832,C(=C/c1ncc2ccccc2n1)\c1ccc(N(c2ccccc2)c2ccccc2)cc1,CS(C)=O,547.0
10244,O=C1NC(=O)c2c1c1c3ccccc3[nH]c1c1[nH]c3ccccc3c21,CCO,550.0
5697,CCCCC(CC)Cn1c2ccccc2c2cc(-c3ccc4c(c3)-c3cc(-c5ccc6c(c5)c5ccccc5n6CC(CC)CCCC)ccc3S4(=O)=O)ccc21,ClC(Cl)Cl,438.0
7203,CCCCCCCCN1c2ccc(C#Cc3ccc(F)cc3)cc2Sc2cc(C=O)ccc21,CC#N,538.0
11570,CCN(CC)c1ccc2c(C(F)(F)F)cc(=O)oc2c1,OCC(O)CO,524.0
3921,COc1ccc(C2=C(c3ccc(OC)cc3)C3(c4ccccc42)c2ccccc2-c2ccccc23)cc1,C1CCCCC1,437.0
8803,c1ccc2c(c1)c1ccccc1n2-c1ccc2c(c1)c1ccccc1n2-c1cc2c3ccccc3n3c4ccccc4c(c1)c23,C1CCCCC1,391.8250951
12025,Cc1ccc(-c2c3ccc([nH]3)c3nc(c(-c4ccc([N+](=O)[O-])cc4)c4ccc([nH]4)c4ccc([nH]4)c(-c4ccc(C)cc4)c4ccc2o4)C=C3)cc1,c1ccccc1,737.0
447,CN(C)c1ccc(C2=Nc3scc(-c4ccc(N(C)C)cc4)[n+]3[B-](F)(F)O2)cc1,ClCCl,590.0
9798,COc1ccc(-c2sc3c(-c4ccc(OC)cc4)c4n(c3c2-c2ccc(OC)cc2)[B-](F)(F)[N+]2=Cc3c(-c5ccc(OC)cc5)c5sc(-c6ccc(OC)cc6)c(-c6ccc(OC)cc6)c5n3[B-](F)(F)[N+]2=C4)cc1,CN(C)C=O,654.0
56,CC1(C)CC(/C=C/c2cn(-c3ccccc3)nc2-c2ccccc2)=CC(=C(C#N)C#N)C1,CS(C)=O,578.0
3449,O=P1(c2ccccc2)C2=C(c3ccccc31)C(c1ccccc1)(c1ccccc1)c1cc(N(c3ccccc3)c3ccccc3)ccc12,CC#N,594.0
2855,CC(C)(C)c1ccc2oc3nc4oc5ccc(-n6c7ccccc7c(=O)c7ccccc76)cc5c4cc3c2c1,ClC(Cl)Cl,409.0
4165,Oc1cccc(-c2nc(-c3ccccc3)c(-c3ccccc3)[nH]2)c1,CO,390.0
2986,Fc1c(F)c(F)c([B-]2(c3c(F)c(F)c(F)c(F)c3F)Oc3c(ccc4c5c(ccc34)C=[N+](c3ccccc3)[B-](c3c(F)c(F)c(F)c(F)c3F)(c3c(F)c(F)c(F)c(F)c3F)O5)C=[N+]2c2ccccc2)c(F)c1F,C1CCOC1,578.0
476,CN(C)c1ccc(/C=C/C=C/C=C/c2ccc(N(C)C)cc2)cc1,CC1CCCCC1,465.0
5871,CC(C)[Si]1(C(C)C)c2cc(N(C)C)ccc2-c2ccc(C(F)(F)F)cc21,CC#N,440.0
6913,CN(C)c1ccc2nc(/C=C/c3ccccc3)c(=O)oc2c1,CCO,574.0
5523,CCN(CC)c1ccc2c(c1)oc(=O)c1c(=O)oc3c(C)c4oc(=O)c5c(=O)oc6cc(N(CC)CC)ccc6c5c4cc3c12,CS(C)=O,558.0
8607,CCC1=C(C)C2=C(C)c3c(C)c(CC)c(C)n3[B-](F)(F)[N+]2=C1C,CCO,532.4
7100,F[B-]1(F)n2c(Oc3ccccc3)c(Cl)c(Br)c2C(Oc2ccccc2)=C2C(Br)=C(Cl)C(Oc3ccccc3)=[N+]21,ClCCl,544.0
7307,CN(C)c1ccc(-c2cc3c(ccc4c([N+](=O)[O-])cccc43)c(=O)o2)cc1,ClC(Cl)Cl,634.0
8079,O=Cc1cc(O)c(C=O)cc1O,C1CCOC1,468.0
6117,COc1ccc(C#Cc2ccc(C#N)cc2)cc1,ClCCl,386.0
750,COc1ccc(C(=Cc2ccc(/C=C(\C#N)c3ccc([N+](=O)[O-])cc3)cc2)c2ccc(OC)cc2)cc1,C1CCOC1,643.0
10751,Fc1c(F)c(F)c2c(c1F)C1=Nc3c4c(F)c(F)c(F)c(F)c4c4n3[B-]3(Cl)n5c(c6c(F)c(F)c(F)c(F)c6c5=N4)=NC2=[N+]13,CO,586.0
8444,CC(C)(C)c1ccc(-c2nc3c4ccc(-c5ccc6ccc7cccc8ccc5c6c78)cc4c4cc(-c5ccc6ccc7cccc8ccc5c6c78)ccc4c3n2-c2ccc(C(C)(C)C)cc2)cc1,C1COCCO1,432.0
4981,CC(C)CCCCN1CCc2c1ccc1c3c(ccc21)C(=O)CCC3,CCOC(C)=O,467.0
376,N#Cc1cc(N2c3ccccc3Sc3ccccc32)cc(N2c3ccccc3Sc3ccccc32)c1,Cc1ccccc1,536.0
2458,O=P(c1ccccc1)(c1ccccc1)n1c2ccccc2c2cc(-n3c4ccccc4c4cc(-n5c6ccccc6c6ccccc65)ccc43)ccc21,ClCCl,381.0
10660,Cc1ccc2c(c1)C(C)(C)c1cc(C)ccc1N2c1ccc2c(c1)C(C)(C)c1cc(N3c4ccc(C)cc4C(C)(C)c4cc(C)ccc43)ccc1S2(=O)=O,ClCCl,538.0
7769,Nc1cccc2c1-c1ccccc1C2=O,c1ccccc1,544.0
7775,COc1cc(OC)c2c(c1)C(=O)c1cc(OC)cc(OC)c1-2,C1CCCCC1,585.0
9233,CN(C)c1ccc(/C=C/C=C/c2nc3ccccc3s2)cc1,OCCO,583.0
8649,C#CCNC1=C2C=CC=[N+]2[B-](F)(F)n2cccc21,ClC(Cl)Cl,485.0
3837,CCCCN(CCCC)c1ccc2nc3c4ccccc4c(=O)c(-c4c5ccccc5cc5ccccc45)c-3oc2c1,ClCCl,619.0
8055,COc1ccc(OC)c(C=O)c1,NC=O,464.0
12247,CCOC(=O)CN(CC(=O)OCC)c1ccc(-c2cc(-c3ccncc3)nc(-c3ccncc3)c2)cc1,CS(C)=O,496.0
3352,C(=N/c1ccc(-c2cn3nc(-c4cccs4)sc3n2)cc1)\c1c2ccccc2cc2ccccc12,ClC(Cl)Cl,526.0
5444,CCCCCCCCCCCCCCCCCCN1C(=O)c2cccc3c(OCCN(C)C)ccc(c23)C1=O,CC#N,514.0
5411,COCCC1=Cc2nc1ccc1[nH]c(cc1CCOC)c1nc(c(NC(=O)CCCC(=O)O)cc3[nH]c2cc3CCOC)C(CCOC)=C1,Cc1ccccc1,680.0
9527,c1ccc(-c2cc(-c3ccc4ccc5c(-c6ccnc(-c7ccccn7)c6)ccc6ccc3c4c65)ccn2)nc1,C1CCOC1,407.996736
2400,CN(C)c1ccc2nc(-c3ccc(C(=O)OC(C)(C)C)cc3)sc2c1,CO,557.0
8009,C=Cc1ccc(OC)c(OC)c1,CC#N,334.0
7412,CN(C)c1ccc(C=CC(=O)c2ccccc2)cc1,CCOC(C)=O,498.0
11345,O=C1c2ccccc2C(=O)c2cc(-c3ccc(N(c4ccccc4)c4ccccc4)cc3)ccc21,CCOCC,645.0
6902,CN(C)c1ccc(/C=C/c2nc3ccc(N(C)C)cc3oc2=O)cc1,CN(C)C=O,650.0
5386,CCN(CC)c1ccc(-c2nc3c4ccc(-c5ccccc5)cc4c4cc(-c5ccccc5)ccc4c3[nH]2)c(O)c1,C1CCOC1,431.0
11684,CCCCCCCCn1nnc(-c2ccc(C#Cc3ccc(C#Cc4ccc(-c5nnn(CCCCCCCC)n5)cc4)c4nc5c6ccccc6c6ccccc6c5nc34)cc2)n1,C1CCOC1,495.0
8025,CNc1ccc(/C=C/C#N)cc1,CC(C)O,408.0
9584,O=c1oc2cc3ccccc3cc2nc1-c1ccccc1,c1ccccc1,514.0
5912,CC(C)[Si](C#Cc1c2ccc(C(C)(C)C)cc2c(C#C[Si](C(C)C)(C(C)C)C(C)C)c2ccc(C(C)(C)C)cc12)(C(C)C)C(C)C,Cc1ccccc1,461.0
5459,Cc1nc2cccc(-c3nc4ccc(Cl)cc4o3)c2c(=O)[nH]1,CN(C)C=O,401.0
4640,C(=C/c1cnc2ccccc2n1)\c1ccc(N2CCCCC2)cc1,CCCCCCC,480.0
3989,COC(=O)C(Cc1ccc2oc(-c3ccc(N(C)C)cc3)nc2c1)NC(=O)OC(C)(C)C,CCCCCCO,397.9941097
227,CCOC(=O)CC[N+]1=c2cc3c(cc2CCC1)=Cc1c(c2cc4c5c(c2oc1=O)CCCN5CCC4)O3,ClCCl,676.0
6817,COc1cccc(-n2c(-c3ccccc3)nc(C)c2C)c1,ClCCl,364.0
2317,CCCCCCc1ccc(-n2c3[n+](c4c5ccccc5c5ccccc5c42)[B-](C)(C)c2cc(N(c4ccccc4)c4ccccc4)ccc2-3)cc1,C1CCOC1,435.0
3482,O=C1NC(c2ccccc2)=N/C1=C\c1ccccc1,C1COCCO1,444.0
11329,O=C1CCCC2=C1C(c1cccc(Cl)c1)c1c(c3ccccc3oc1=O)N2,CS(C)=O,443.0
5464,COc1ccc(C2=[N+]3C(=Cc4c5ccc(OC)cc5c(-c5ccc(OC)cc5)n4[B-]3(F)F)c3ccc(OC)cc32)cc1,ClCCl,704.0
2648,C(#Cc1ccc(-n2c3ccccc3c3ccccc32)cc1)c1ccc(-c2nc(-c3ccc(C#Cc4ccc(-n5c6ccccc6c6ccccc65)cc4)cc3)nc(-c3ccc(C#Cc4ccc(-n5c6ccccc6c6ccccc65)cc4)cc3)n2)cc1,ClCCl,500.0
1508,Oc1cccc(/N=C/c2ccccc2Oc2ccccc2)c1,CCCCC,403.0
11331,[O-][n+]1c(/C=C/c2ccccc2)nc(N2CCOCC2)c2c1CCCC2,ClCCl,535.0
11441,Cc1c(C(=O)c2ccc(C(F)(F)F)cc2)c2ccc3cccc4c5cccc6ccc1c(c65)c2c34,ClCCl,545.0
1684,Cc1cc(C)c(C2=C3C=C(c4ccc(C(C)(C)C)cc4)C(c4ccc(C(C)(C)C)cc4)=[N+]3[B-](F)(F)n3c2cc(-c2ccc(C(C)(C)C)cc2)c3-c2ccc(C(C)(C)C)cc2)c(C)c1,CC#N,643.0
499,COc1ccc(/C=C/C=C/C=C/c2ccc([N+](=O)[O-])cc2)cc1,CC1CCCCC1,485.0
7034,N#Cc1coc2ccccc2c1=O,CS(C)=O,490.0
1699,CC(=O)Nc1ccccc1C(=O)OC1CC(C)CCC1C(C)C,CCO,370.0
1877,Cc1ccc(C(=O)/C=C2\C(=O)Nc3ccccc32)cc1,C1CCCCC1,377.0
11333,COc1ccc(/C=C/c2nc(N3CCOCC3)c3c([n+]2[O-])CCCC3)cc1,ClCCl,533.0
513,COc1ccc2c(c1)c1cc(OC)ccc1c1c2c2c(C(=O)NC(C)(C)C)ccc(C(=O)NC(C)(C)C)c2c2c3ccc(OC)cc3c3cc(OC)ccc3c21,ClCCl,498.0
10479,Cc1c2ccncc2c(C)c2c1[nH]c1ccccc12,CCOC(C)=O,410.0
5399,O=[N+]([O-])c1ccc(/C=C/c2c[nH]c3ccccc23)cc1,CO,567.0
8683,CCC1=C(C)C2=Cc3cc(I)cn3[B-](F)(F)[N+]2=C1C,CCOC(C)=O,540.5
2704,Cc1cc(=O)oc2cc3c(cc12)c1c2ccccc2c2ccccc2c1c1c2ccccc2c2ccccc2c31,ClC(Cl)Cl,536.0
820,O=S(=O)(c1ccccc1)c1ccc(-c2ccc3c4ccc(-c5ccc(S(=O)(=O)c6ccccc6)cc5)cc4n(-c4ccccc4)c3c2)cc1,CO,434.0
6200,O=C1c2ccccc2NC(c2ccccc2)N1Cc1ccccc1,CO,442.0
9364,COc1cc(OC)cc(-c2nnc(-c3ccc(-c4nnc(-c5cc(OC)cc(OC)c5)o4)cc3)o2)c1,CCO,389.0
7538,O=C(O)C1=CC(=C/C=[N+]2/c3cc(O)c(C[C@@H]4O[C@H](CO)[C@@H](O)C(O)[C@H]4O)cc3C[C@H]2C(=O)O)C=C(C(=O)O)N1,CO,588.0
4619,CCN(CC)c1ccc2nc3c4ccccc4c(=O)cc-3oc2c1,CCO,638.0
8431,CCCCNC(=O)c1sc(-c2ccc(-c3cc(-c4ccc(C(C)(C)C)cc4)c(C(=O)NCCCC)s3)s2)cc1-c1ccc(C(C)(C)C)cc1,ClCCl,448.0
8109,COCCOCCOc1cc(C=O)c(OCCOCCOC)cc1C=O,CNC=O,450.0
474,CN(C)c1ccc(/C=C/C=C/C=C/c2ccc(N(C)C)cc2)cc1,CC#N,497.0
5950,c1ccc(-c2nnc(-c3ccc(-n4c5ccccc5c5ccccc54)cc3)o2)cc1,Cc1ccccc1,387.0
10984,COc1ccc(/C=C/C2=[O+][B-](F)(F)OC(/C=C/c3ccc(OC)c4ccccc34)=C2c2ccccc2)c2ccccc12,CC(C)=O,631.0
3919,c1ccc(-c2nc(-c3ccccc3)nc(-c3ccc(-n4c5ccccc5c5c6c(ccc54)C4(c5ccccc5-c5ccccc54)c4ccccc4-6)cc3)n2)cc1,ClC(Cl)Cl,496.9907407
11380,CC1(C)CCc2c(c3ccccc3c3nc4c5c(c6ccccc6c4nc23)OC(C)(C)CC5)O1,C1COCCO1,470.3668862
6270,c1ccc(N2c3ccccc3Sc3cc(-c4cccc5nc6ccccc6cc45)ccc32)cc1,CCOCC,549.0
2916,N#C/C(=C\c1ccc(C#N)cc1)c1nc(-c2ccccc2)cs1,CCO,500.0
3608,CCOC(=O)CCCCCn1c2ccc(OC)cc2c(=O)c2cc3c(cc21)c(=O)c1cc(OC)ccc1n3CCCCCC(=O)OCC,CCO,592.0
8628,CCC1=C(C)C2=C(C)c3c(I)c(I)cn3[B-](F)(F)[N+]2=C1C,CCOC(C)=O,533.0
480,CN(C)c1ccc(/C=C/C=C/C=C/c2ccc(N(C)C)cc2)cc1,CO,499.0
8769,c1ccc(-c2nn(-c3ccccc3)c3nc4ccc(N(c5ccccc5)c5cccc6ccccc56)cc4cc23)cc1,CN(C)C=O,553.0973451
10836,Oc1ccccc1/C=N/C1CCCCC1/N=C/c1ccccc1O,CC#N,435.0
5562,CCCCN1/C(=C\C=C\C=C\C2=[N+](CCCC)c3ccc4cc(Br)ccc4c3C2(C)C)C(C)(C)c2c1ccc1cc(Br)ccc21,CO,704.0
2577,CCCCC1(c2ccccc2)Nc2c(-c3ccc(OC)cc3)ccc(-c3ccc(OC)cc3)c2N=C1c1ccccc1,C1CCOC1,547.0
11091,CN(C)c1ccc(C2=Cc3ccc4ccccc4[n+]3[B-](F)(F)O2)cc1,CC1CCCCC1,478.0
5701,N#CC1=c2c3cccc4c(Br)ccc(c43)n2[B-](F)(F)[n+]2ccccc21,Cc1ccccc1,550.0
4768,N#Cc1c(-c2cccs2)cc(-c2cccs2)[nH]c1=O,CS(C)=O,468.0
10801,Cc1ccc(C2=C3C=CC(c4ccccc4)=[N+]3[B-](F)(F)n3c2ccc3-c2ccccc2)cc1,CO,582.0
8739,CC1=C(C(C)(C)C)C(C)=[N+]2C1=C(C)c1c(C)c(C(C)(C)C)c(C)n1[B-]2(F)F,CCCCOC(C)=O,564.6
7068,O=C1OC(c2ccccc2)=N/C1=C\c1ccc(N(c2ccccc2)c2ccccc2)cc1,CS(C)=O,635.2
6076,COC(=O)c1ccc(C#Cc2ccc(N(C)C)cc2)cc1,CC#N,544.010445
7924,F[B-]1(F)OC(c2ccc(Br)cc2)=Cc2c3ccccc3cc[n+]21,ClC(Cl)Cl,466.4
7794,CN(C)c1ccc2c(c1)C(=O)c1ccccc1-2,C1CCCCC1,600.0
1349,CCc1c(C)[nH]c(C2=[N+]3C(=Cc4c(C)c(CC)c(/C=C/c5ccc(N(C)C)cc5)n4[B-]3(F)F)c3ccccc32)c1C,CCCCCC,740.0
7699,Oc1ccc2ncccc2c1,Cc1ccccc1,353.0
5478,Cc1cc(C)c(B(c2c(C)cc(C)cc2C)c2cc3ccc4ccccc4c3c3c2cc(N(C)C)c2ccccc23)c(C)c1,c1ccccc1,582.0
10714,COc1cc(OC)cc(C2=C3C(C)=C(I)C(C)=[N+]3[B-](F)(F)n3c(/C=C/c4ccsc4)c(I)c(C)c32)c1,C1CCOC1,610.0
10425,CN(C)CCCN1c2ccccc2CCc2ccccc21,O,400.0
2922,N#C/C(=C\c1ccc([N+](=O)[O-])cc1)c1nc(-c2ccccc2)cs1,CC#N,552.0
8828,COc1ccc(/C=C/c2cc(/C=C/c3ccc(OC)cc3)nc(/C=C/c3ccc(N(c4ccccc4)c4ccccc4)cc3)n2)cc1,Cc1ccccc1,466.0
7222,CCCCCc1c(C(=O)c2ccc3c4c(cccc24)-c2cccc4c2C3CC=C4)c2ccc3cccc4c5cccc6ccc1c(c65)c2c34,ClCCl,525.0
1606,CCN(CC)c1ccc(-c2cc3c(s2)c(C(=O)OC)cc(=O)n3C)cc1,ClC(Cl)Cl,545.0
5225,Cc1ccc(C2CC(=O)Oc3c2c2nc4ccccc4nc2c2ccccc32)cc1,ClC(Cl)Cl,440.0
3031,COc1ccc(/C=C/C2=CC(/C=C/c3ccc(OC)cc3)=[O+][B-](OC(C)=O)(OC(C)=O)O2)cc1,CC#N,541.0
2762,CCOC(=O)COc1ccc(/C=C/C2=C3c4ccccc4C(c4ccc[nH]4)=[N+]3[B-](F)(F)n3ccc(C)c32)cc1,ClCCl,631.0
6752,Cn1c(/C=C/c2ccc(/C=C/c3nc4ccccc4[nH]3)cc2)[n+](C)c2ccccc21,CO,567.0
11531,c1ccc(Nc2nc(Nc3ccccc3)nc(Nc3ccc4c5cccc6cccc(c7cccc3c74)c65)n2)cc1,CCCCOCCCC,486.0
3148,COc1ccccc1-c1nc(-c2ccccc2)c2ccccn12,C1CCCCC1,477.0
9384,Cc1cc2c(o1)c(Br)cc1c(C)cc(=O)oc12,CCO,439.0
1659,F[B-]1(F)n2c(cc(-c3ccccc3)c2-c2ccccc2)C(c2ccccc2)=C2C=C(c3ccccc3)C(c3ccccc3)=[N+]21,CC#N,616.0
7219,O=C(O)COc1cccc(-c2c3nc(cc4ccc([nH]4)c(-c4cccc(OCC(=O)O)c4)c4nc(cc5ccc2[nH]5)CC4)C=C3)c1,CS(C)=O,649.0
10079,N#Cc1nc2c3ccc(-c4ccc(-n5c6ccccc6c6ccccc65)cc4)cc3c3cc(-c4ccc(-n5c6ccccc6c6ccccc65)cc4)ccc3c2nc1C#N,CCCCCC,455.785124
1446,O=S(=O)(c1ccccc1)c1ccc(-c2ccc3c(c2)c2cc(-c4ccc(S(=O)(=O)c5ccccc5)cc4)ccc2n3-c2ccccc2)cc1,CN(C)C=O,431.0
4139,O=c1cc(COc2ccc(I)cc2)c2c(ccc3ccccc32)o1,C1COCCO1,414.0
1020,CCCCCCCCCCn1c(-c2cc(-c3nc4ccccc4n3CCCCCCCCCC)cc(-c3nc4ccccc4n3CCCCCCCCCC)c2)nc2ccccc21,C1CCOC1,360.5
705,CC1CC=C(c2ccc(-c3ccc(C#N)s3)s2)CC1,CC#N,448.0
8401,COC(=O)C(Cc1ccc2oc(-c3ccc4c(c3)c3ccccc3n4-c3ccccc3)nc2c1)NC(=O)OC(C)(C)C,c1ccccc1,380.503025
1866,COc1ccc(C(=O)/C=C2\C(=O)Nc3ccccc32)c(OC)c1,O,411.0
10580,CCN(CC)c1ccc2cc(-c3cn4ccccc4n3)c(=O)oc2c1,CC#N,475.0
3889,C/C(=N\Nc1ccc(C#N)cc1)c1cccc(/C(C)=N/Nc2ccc(C#N)cc2)c1,ClC(Cl)Cl,476.0
9060,N#Cc1cccc2cc[nH]c12,O,400.0
2122,CC(C)(C)c1ccc2oc(-c3ccc(-c4nc5cc(C(C)(C)C)ccc5o4)s3)nc2c1,Cc1ccccc1,434.0
2574,CCCCC1(c2ccccc2)Nc2c(-c3ccc(N(C)C)cc3)ccc(-c3ccc(N(C)C)cc3)c2N=C1c1ccccc1,CN(C)C=O,596.0
10628,CC(=O)c1c2c(cc3cc(N(C)C)ccc13)CCC2,CS(C)=O,558.0
1921,O=C1Nc2ccccc2/C1=C/C(=O)c1ccc(Cl)cc1Cl,CN(C)C=O,411.0
2956,CC1=[N+]2C(=C(c3ccc(-c4c5ccccc5c(-c5ccccc5)c5ccccc45)cc3)c3ccc(C)n3[B-]2(F)F)C=C1,Cc1ccccc1,532.0
7110,CCOC(=O)CCOc1ccc(C(c2c(C)[nH]c3ccccc23)c2c(C)[nH]c3ccccc23)cc1,CO,349.0
6824,CCCCCCCCCCCCCCCCOC(=O)c1ccc(N(c2ccccc2)c2ccccc2)cc1,CCOC(C)=O,428.0
6379,CCC(CC)COC1=CC2=C3c4cc(OCC(CC)CC)c(-c5ccccc5)n4[B-](F)(F)[n+]4nnn(c43)[B-](F)(F)[N+]2=C1c1ccccc1,ClCCl,730.0
7899,CCCCCCCCCCCCn1cccc1/C=C/c1cc(OCCCC)c(/C=C/c2cccn2CCCCCCCCCCCC)cc1OCCCC,Cc1ccccc1,472.0
1419,COc1cc(/C=C2/SC(=O)NC2=O)ccc1O,O,474.0
8499,Cc1cc2nc3c(=O)[nH]c(=O)nc-3n(C)c2cc1C,CC#N,533.0
9595,C[n+]1ccc(/C=C/c2ccc(N(c3ccccc3)c3ccc(/C=C/c4cc[n+](C)cn4)cc3)cc2)nc1,CS(C)=O,720.0
5257,O=C(O)c1c2ccccc2nc2ccccc12,C1CCOC1,418.0
2025,COc1cc(/C=C/c2ccccc2)cc(OC)c1,CCOCC,374.0
594,COc1c(-c2ccc(N(C)C)cc2)oc2ccccc2c1=O,CCOC(C)=O,468.6507937
1558,Oc1ccccc1/N=C/c1ccccc1Oc1ccccc1,CC(C)=O,410.0
8178,COCCOCCOCCOc1ccc(OCCOCCOCCOC)c(C=O)c1,CCCO,459.0
9045,N#Cc1cccc2[nH]ccc12,C1COCCO1,369.0
9360,C[Si]1(C)C(c2ccccc2)=Cc2ccccc21,ClCCl,390.0
10476,Cc1c2ccncc2c(C)c2c1[nH]c1ccccc12,CCCCCC,390.0
4691,Cn1c(=O)c(/N=N/c2ccc(S(=O)(=O)O)c3ccccc23)c(O)c2ccccc21,CO,562.0
7928,COc1ccccc1C1=[N+]2C(=C(c3ccccc3)c3c4c(c(-c5ccccc5OC)n3[B-]2(F)F)C2CCC4CC2)C2=C1C1CCC2CC1,ClCCl,583.0
3694,CN(C)c1ccc2c(c1)COc1c-2oc2ccccc2c1=O,CC#N,490.2142857
2058,CN(C)c1ccc(/C=C/c2ccccc2)cc1,CC#N,440.0
7847,COc1ccc2c(c1)CCc1c(-c3ccccc3)c3n(c1-2)[B-](F)(F)[N+]1=C2C=NC=CN2[B-](F)(F)[N+]1=C3,ClCCl,576.0
11052,O=[N+]([O-])c1ccc(F)cc1C1CC(c2cccc3ccccc23)=NN1c1ccccc1,CO,488.0
4605,CCCCn1c2ccc(C#N)cc2c2cc(C#N)ccc21,ClCCl,357.0
6058,C(#Cc1ccccc1)c1ccccc1,CO,307.0
11755,c1ccc(-c2nc(-c3ccc(-c4ccc(-n5c6ccccc6c6ccccc65)cc4)cn3)oc2-c2ccccc2)cc1,C1COCCO1,406.0
7050,CC(C)(C)c1cc2ccc3cc(C(C)(C)C)cc4c(N(c5ccccc5)c5ccccc5)cc(c1)c2c34,CC#N,483.8779956
7197,CCCCCCCCN1c2ccc(C#Cc3ccc(C(F)(F)F)cc3)cc2Sc2cc(C=O)ccc21,CCCCCC,490.0
12185,Cc1cc(C)c(C2=C3C=CC(c4csc5ccccc45)=[N+]3[B-](F)(F)n3c2ccc3-c2csc3ccccc23)c(C)c1,ClC(Cl)Cl,625.0
3894,Cc1ccc2c(c1)c1cc(C)ccc1n2-c1cccc(-n2c3ccc(C)cc3c3cc(C)ccc32)c1C#N,O=P(c1ccccc1)(c1ccccc1)c1ccccc1Oc1ccccc1P(=O)(c1ccccc1)c1ccccc1,432.0
9427,CC(C)(C)c1ccc2c(c1)oc1nc3oc4ccc(-n5c6ccccc6c6ccccc65)cc4c3cc12,ClC(Cl)Cl,417.0
10239,c1ccc(-c2nc(-c3ccc(-c4cncc5ccccc45)cc3)[nH]c2-c2ccccc2)cc1,C1CCOC1,442.0
8496,CCn1c(=O)nc2n(C)c3cc(C)ccc3nc-2c1=O,CO,532.0
535,CN(C)c1ccc(/C=C/c2cc[n+](CCCCC[n+]3ccc(/C=C/c4ccc(N(C)C)cc4)cc3)cc2)cc1,CC(C)O,593.0002253
9644,CN(C)c1ccc(/C=C/C=C/c2ccc([N+](=O)[O-])c(O)c2)cc1,C1CCCCC1,530.0
292,CN(CCO)c1ccc(/C=C/C2=CC(=C(C#N)C#N)CC(C)(C)C2)cc1,CCCCO,649.0
2836,Cn1c(=O)c(/N=N/c2cc(S(=O)(=O)O)ccc2C(=O)O)c(O)c2ccccc21,CCOC(C)=O,528.0
6702,CCCCCCCC(=O)Oc1ccc2c3cccc4c(OC(=O)CCCCCCC)ccc(c5cccc1c52)c43,ClCCl,455.0023159
9462,CC(=O)O[B-]1(OC(C)=O)OC(/C=C/c2cccc3ccccc23)=CC(/C=C/c2cccc3ccccc23)=[O+]1,CC(C)=O,553.0
2870,COc1ccc(C#Cc2ccc(C#Cc3ccc(P(=O)(c4ccc(C#Cc5ccc(C#Cc6ccc(OC)cc6)cc5)cc4)c4ccc(C#Cc5ccc(C#Cc6ccc(OC)cc6)cc5)cc4)cc3)cc2)cc1,C1CCCCC1,366.0
7811,CN(C)c1cccc2c1-c1ccccc1C2=O,CCO,700.0
5340,CCCCC(CC)Cn1c2cc(C#N)ccc2c2cc(-c3ccc(N(c4ccccc4)c4ccccc4)cc3)c(C#N)cc21,CN(C)C=O,543.0
8459,COc1ccc2cc(/C=C/c3nc(/C=C/c4ccc(N(c5ccccc5)c5ccccc5)cc4)cc(/C=C/c4ccc(N(c5ccccc5)c5ccccc5)cc4)n3)ccc2c1,CC(C)=O,558.0
8639,C#CCNC1=C2C=CC=[N+]2[B-](F)(F)n2cccc21,C1CCCCC1,484.0
4792,CC(C)(C)c1ccc2c(c1)c1cc(C(C)(C)C)ccc1n2-c1ccc(-c2nc(-c3ccc(P(=O)(c4ccccc4)c4ccccc4)cc3)nc(-c3ccc(P(=O)(c4ccccc4)c4ccccc4)cc3)n2)cc1,C1CCOC1,508.1902246
3692,CC(C)(C)c1ccc(-c2cc3c(-c4ccc(C(C)(C)C)cc4)c4cccc5c(-c6ccc(C(C)(C)C)cc6)cc6c(-c7ccc(C(C)(C)C)cc7)c7cccc2c7c3c6c54)cc1,Cc1ccccc1,467.0
5405,CCCC1=Cc2nc1ccc1[nH]c(cc1CCC)c1nc(c(OC(C)=O)cc3[nH]c2cc3CCC)C(CCC)=C1,Cc1ccccc1,650.0
1318,COc1nnc(Cl)nn1,OCC(F)(F)F,558.0
7920,F[B-]1(F)OC(c2cccc(Br)c2)=Cc2c3ccccc3cc[n+]21,ClC(Cl)Cl,465.0
7852,CC1(C)CC(=O)C2=C(C1)Oc1ccc3cc(O)ccc3c1C2c1ccccn1,CC#N,378.0
10905,O=S1(=O)c2ccccc2-c2c1c1ccccc1p2-c1ccccc1,CC#N,453.0
10692,CCOc1cc2c(cc1/C=C/C(=C(C#N)C#N)c1ccccc1)c1ccccc1n2CC,CCO,575.0
9229,CN(C)c1ccc(/C=C/C=C/c2nc3ccccc3s2)cc1,ClC(Cl)(Cl)Cl,499.0
12115,CCCCCCC(CCCCCC)N1C(=O)c2cccc3c(-c4ccc(N(C)C)cc4)ccc(c23)C1=O,CCCCCCCCCCCCCC,469.8
12168,COc1ccc2c(c1)c1ccccc1n2-c1nc2ccccc2nc1-n1c2ccccc2c2cc(OC)ccc21,Cc1ccccc1,560.0
4999,Cc1nc2c(cc3c4c(cccc42)C(=O)OC3=O)o1,CCO,418.0
6735,c1ccc(N(c2ccccc2)c2ccc3c(ccc4nc5ccc6cc(N(c7ccccc7)c7ccccc7)ccc6c5nc43)c2)cc1,CN(C)C=O,626.0
5676,CCN(CC)c1ccc2cc(/C=C(\C#N)c3nc4ccccc4s3)c(=O)oc2c1,CCO,594.0
11172,COc1c2ccccc2c(OC)c2c1c1cc(C)ccc1n2C,C1CCCCC1,421.0
2546,CCCCC(CC)Cn1c2cc(-c3ccc(N(c4ccccc4)c4ccccc4)cc3)c(C#N)cc2c2cc(C#N)c(-c3ccc(N(c4ccccc4)c4ccccc4)cc3)cc21,ClC=C(Cl)Cl,436.0
2228,CCCCCCN1C(=O)c2cccc3cc(/N=C\c4ccc5c(c4)c4ccccc4n5CC)cc(c23)C1=O,ClC(Cl)Cl,501.0
8885,CCCCc1cc(C=O)c2ccc3c(CCCC)cc(N4CCCCC4)c4ccc1c2c34,Cc1ccccc1,521.0
6201,O=C1c2ccccc2NC(c2ccccc2)N1Cc1ccccc1,ClC(Cl)Cl,398.0
8077,c1ccccc1,C1CCCCC1,287.3563218
4975,CN1/C(=C\C=C\C2=C3C=CC(c4ccccc4)=[N+]3[B-](F)(F)n3c2ccc3-c2ccccc2)C(C)(C)c2ccccc21,CC#N,720.0
3284,Cc1ccc(Nc2ccc(Nc3ccc(C)cc3)c3c2C(=O)c2ccccc2C3=O)cc1,CCCCO,683.0
7077,O=C1c2ccccc2-c2ccc(N3CCN(c4ccccc4)CC3)c3cccc1c23,CC(C)=O,601.0
9097,CCC1(CC)c2cc(C=O)ccc2-c2ccc(N(C)C)cc21,CC#N,521.0
11365,CC1(C)CCc2c(c3ccccc3c3nc4c(nc23)c2c(c3ccccc34)OC(C)(C)CC2)O1,c1ccccc1,441.6961131
356,CCCCN(CCCC)c1ccc(C#Cc2cc(C#Cc3ccc(N(CCCC)CCCC)cc3)c(C#Cc3ccc(C(F)(F)F)cc3)cc2C#Cc2ccc(C(F)(F)F)cc2)cc1,c1ccccc1,493.0
12177,C(=C/c1ccnc2ccccc12)\c1c2ccccc2cc2ccccc12,CC#N,530.0
9149,F[B-]1(F)n2c(c3cccc4cccc2c43)=Nc2cccc[n+]21,CCCCCC,516.0
12044,CCOC(=O)c1ccccc1-c1c2ccc(=[N+](CC)CC)cc-2oc2c1oc1cc(N)ccc12,O,645.0
11038,Brc1ccc(-c2nc(-c3ccc(C#Cc4ccc(-n5c6ccccc6c6ccccc65)cc4)cc3)nc(-c3ccc(C#Cc4ccc(-n5c6ccccc6c6ccccc65)cc4)cc3)n2)cc1,Cc1ccccc1,432.0
10461,O=C1/C(=C\c2ccc3oc4ccccc4c3c2)S(=O)(=O)c2ccccc21,ClC(Cl)Cl,441.0
837,OCC1O[C@@H](Cc2cc(O)cc(/C=C/c3ccc(O)c(O)c3)c2)[C@H](O)[C@@H](O)[C@@H]1O,CCOCC,372.0
12091,CCc1ccc(-c2ccc(-c3nnc(-c4ccc(-c5nnc(-c6ccc(-c7ccc(CC)cc7)s6)o5)cc4)o3)s2)cc1,CS(C)=O,426.0
266,Cc1cccc2nc3c(=O)[nH]c(=O)[nH]c3nc12,C1COCCO1,437.0
7599,N#Cc1nnn(-c2ccnc3cc(Cl)ccc23)c1N,CCOC(C)=O,376.0105283
2006,C(=C/c1ccccc1)\c1ccccc1,C1CCCCC1,349.0
7401,CN(C)CCN(Cc1c2ccccc2cc2ccccc12)c1ccc([N+](=O)[O-])cc1,C1CCCCC1,411.0
4132,CCCCN1/C(=C\c2c(-c3ccc(N(C)C)cc3)c(=O)c2=O)C=Cc2ccccc21,C1CCCCC1,428.0
10485,COc1ccc(C#Cc2c3cc4ccccc4cc3c(C#Cc3ccc(OC)cc3)c3cc4ccccc4cc23)cc1,ClCCl,706.0
2362,CC(C)(C)c1ccc(-c2nc3c4ccc(-c5ccccc5)cc4c4cc(-c5ccccc5)ccc4c3n2-c2ccc(C(C)(C)C)cc2)cc1,CCOCC,386.0
5380,COC(=O)c1cc(=O)n(C)c2cc(-c3ccc(N4CCN(C)CC4)cc3)sc12,ClCCl,550.0
5181,COC(=O)c1cc(=O)n(C)c2cc(-c3ccc(Oc4ccccc4)cc3)sc12,CC#N,469.0
10083,C(=C1c2ccccc2CCc2ccccc21)c1ccc(-c2ccc(C=C3c4ccccc4CCc4ccccc43)cc2)cc1,C1CCOC1,394.0
8959,CC1=C(c2cccs2)C(C)=[N+]2C1=C(c1ccccc1)c1c(C)c(-c3cccs3)c(C)n1[B-]2(F)F,ClCCl,609.0
7277,CC1=[N+]2C(=C(c3ccc(N4CCCCC4)cc3)c3ccc(C)n3[B-]2(F)F)C=C1,CCOC(C)=O,518.0
2899,O=c1c2ccccc2sc2ccc(-n3c4ccccc4c4ccccc43)cc12,Cc1ccccc1,447.5
1890,Cc1ccc(C(=O)/C=C2\C(=O)Nc3ccccc32)cc1C,C1COCCO1,397.0
11703,CN(C)c1ccc(C#Cc2ccc(C#Cc3ccc(C#Cc4ccccc4C#N)cc3C#N)cc2C#N)cc1,C1CCOC1,621.0
157,Cn1c(=O)cc(C(=O)c2ccccc2)c2sc(-c3ccc(C(F)(F)F)cc3)cc21,ClCCl,511.0
5703,N#CC1=c2c3cccc4cccc(c43)n2[B-](F)(F)[n+]2ccccc21,C1CCOC1,530.0
127,Fc1ccc(N(c2ccc(F)cc2)c2ccc3c4cccc5c(N(c6ccc(F)cc6)c6ccc(F)cc6)ccc(c6cccc2c63)c54)cc1,CC#N,548.0
5595,c1ccc(N(c2ccccc2)c2ccc(-c3ccc4c(c3)C3(c5cc(-c6ccc(N(c7ccccc7)c7ccccc7)cc6)ccc5O4)c4ccccc4-c4ccccc43)cc2)cc1,c1cc(-n2c3ccccc3c3ccccc32)cc(-n2c3ccccc3c3ccccc32)c1,407.0
7874,CCCCN(CCCC)c1ccc(/C=C/c2ccc3nc(/C=C/c4nc5ccc(/C=C/c6ccc(N(CCCC)CCCC)cc6)cc5n(CCC)c4=O)c(=O)n(CCC)c3c2)cc1,C1COCCO1,630.0
1441,C=C(C)C(CN1C(=O)c2cccc3c2c(cc2nc(C)oc23)C1=O)OO,CCO,412.0
5667,CCN(CC)c1ccc2c(C#N)c(/C=C(\C#N)c3nc4ccccc4s3)c(=O)oc2c1,C1COCCO1,647.0
6947,c1ccc(C2=Nc3cccc4[n+]3[B-](c3ccccc3)(N2)NC(c2ccccc2)=N4)cc1,ClCCl,513.0
7588,Cc1cc(C)nc(N)n1,O,342.0
2748,CCNc1cc2c(cc1C)C(c1ccccc1C(=O)O)=C1CCCC(/C=C/C3=[N+](C)c4ccc5ccccc5c4C3(C)C)=C1O2,CC#N,749.0
4959,CCCCn1c2ccc(C#N)cc2c2cc(C#N)cc(-c3ccc(N(c4ccccc4)c4ccccc4)cc3)c21,C1CCOC1,440.0
11723,CCC12C(=C3C(=C4c5ccc(-c6ccc(C)s6)cc5S(=O)(=O)C41CC)C(F)(F)C(F)(F)C3(F)F)c1ccc(-c3ccc(C)s3)cc1S2(=O)=O,CC#N,633.0
9792,CC(C)(C)c1ccc(-c2sc3c(-c4ccc(C(C)(C)C)cc4)c4n(c3c2-c2ccc(C(C)(C)C)cc2)[B-](F)(F)[N+]2=Cc3c(-c5ccc(C(C)(C)C)cc5)c5sc(-c6ccc(C(C)(C)C)cc6)c(-c6ccc(C(C)(C)C)cc6)c5n3[B-](F)(F)[N+]2=C4)cc1,CCCCCC,626.0
11054,O=[N+]([O-])c1ccc(F)cc1C1CC(c2cccc3ccccc23)=NN1c1ccccc1,ClC(Cl)Cl,464.0
3061,COc1ccc(/C=C/C2=CC(/C=C/c3ccc(OC)c(OC)c3)=[O+][B-](F)(F)O2)cc1OC,CO,582.94
9763,C[n+]1ccc(/C=C/c2ccc3cc(O)ccc3c2)cc1,CO,571.0
6291,c1ccc2c(c1)-c1ccccc1C21c2ccccc2-c2oc3c(c21)C1(c2ccccc2-c2ccccc21)c1ccccc1-3,C1CCOC1,393.0
10875,N#C/C(=C\c1ccncc1)c1nc(-c2ccc(Cl)cc2)cs1,CC#N,495.0
10261,Oc1ccc2ccccc2c1-c1nc(-c2ccccc2)c2ccccn12,CC#N,435.0
1057,CCC1=C(C)C2=C(c3cc(C4=C5C(C)=C(CC)C(C)=[N+]5[B-](F)(F)n5c(C)c(CC)c(C)c54)cc(C4=C5C(C)=C(CC)C(C)=[N+]5[B-](F)(F)n5c(C)c(CC)c(C)c54)c3)c3c(C)c(CC)c(C)n3[B-](F)(F)[N+]2=C1C,Cc1ccccc1,571.0
1963,COC(=O)C1(C(=O)OC)Cc2c(C#Cc3ccccc3)c(-c3ccccc3)c3c(-c4ccccc4)c(-c4ccccc4)c(-c4ccccc4)c(-c4ccccc4)c3c2C1,C1CCOC1,416.3306452
3125,CSc1sc(C(N)=O)c2nnn(C)c(=O)c12,CN(C)C=O,514.0
3822,CC1=C(C#Cc2ccc(N(c3ccccc3)c3ccccc3)cc2)C(C)=[N+]2C1=C(c1ccccc1)c1c(C)c(C#Cc3ccc(N(c4ccccc4)c4ccccc4)cc3)c(C)n1[B-]2(F)F,C1CCOC1,659.0
7325,CCN(CC)c1ccc2cc(-c3cc(SC)c(C#N)c(=O)o3)c(=O)oc2c1,ClCCl,560.0
1127,Cc1ccc(/C=N/c2cc(C(C)C)c(O)cc2C)cc1,O,441.0
6853,COc1cc(N(c2ccccc2)c2ccccc2)ccc1C=C(C#N)C#N,ClCCl,590.0
6067,CN(C)c1ccc(C#Cc2ccccc2)cc1,CCOCC,368.5005712
9661,N#Cc1ccc(/C=C/C=C/c2ccc([N+](=O)[O-])cc2)cc1,CC#N,539.0
6123,COc1ccc(C#Cc2ccc(C#N)cc2)cc1OC,CCOC(C)=O,408.0
4288,O=C1C=C(Nc2ccccc2)CCC1,C1CCCCC1,335.0
9761,C[n+]1ccc(/C=C/c2ccc3cc(O)ccc3c2)cc1,CCCCO,563.0
8288,N#Cc1cccc(C#N)c1N,CC#N,382.0
7808,CNc1cccc2c1-c1ccccc1C2=O,c1ccccc1,570.0
11446,CC1=[N+]2C(=C(c3c4ccccc4c(-c4ccccc4)c4ccccc34)c3ccc(C)n3[B-]2(F)F)C=C1,CC#N,536.0
8579,Cc1cc(C)c(C2=C3C=C(/C=C/C(=O)OC(C)(C)C)C=[N+]3[B-](F)(F)n3c2ccc3N2CCOCC2)c(C)c1,Cc1ccccc1,585.0
1543,Oc1ccc(/N=C/c2ccccc2Oc2ccccc2)cc1,CCCCO,419.0
3263,C(#Cc1cccc2cc(-c3ccccc3)c3cc(-c4cc[b-]5c(c4)c(-c4ccccc4)cc4cccc(C#Cc6ccccc6)[n+]54)cc[b-]3[n+]12)c1ccccc1,C1CCCCC1,630.0
11471,Fc1ccc(-c2nc3n(c2-c2ccncc2)CCS3)cc1,C1CCCCC1,397.5
4696,N#Cc1ccccc1N1c2ccccc2C(c2ccccc2)(c2ccccc2)c2ccccc21,Cc1ccccc1,441.0
7798,COc1ccc2c(c1)C(=O)c1ccccc1-2,CC#N,568.0
2268,CCOC(=O)CN1C(=O)C2=C(c3ccc(N4CCCCC4)cc3)N(CC(=O)OCC)C(=O)C2=C1c1ccc(C#N)cc1,CS(C)=O,654.0
4720,COc1ccc2cc(-c3ccc(-c4cc5ccc(OC)cc5oc4=O)cc3)c(=O)oc2c1,ClC(Cl)Cl,434.0
11876,Cc1nc2c(ccc3ccccc32)oc1=O,c1ccccc1,424.0
5268,COC(=O)c1c2ccccc2nc2ccccc12,C1COCCO1,420.0
132,CCOC(=O)CN1C(=O)C2=C(c3ccc(N4CCCCC4)cc3)N(CC(=O)OCC)C(=O)C2=C1c1ccc(N2CCCCC2)cc1,Cc1ccccc1,575.0
6758,COc1cc(/C=C/c2nc3ccccc3o2)c(OC)cc1/C=C/c1nc(C)nc(C)n1,C1CCOC1,483.0
4863,CN(C)c1nc(N)nc2c1nc(C#N)n2Cc1ccccc1,CO,389.0
10359,Cc1cc(-c2ccc(C(C)(C)C)cc2)c2nsnc2c1-c1ccc(N(c2ccccc2)c2ccccc2)cc1,ClCCl,571.0
603,Cc1cc(C)n2c1C=[N+]1[N+](=C3C=NC=CN3[B-]1(F)F)[B-]2(F)F,ClCCl,490.0
5174,CN(C)c1ccc(/C=C/c2cnc3ccccc3n2)cc1,CCCCCCC,468.0
11266,Cc1cccc2cc(-c3cc4cccc(C)c4oc3=O)oc12,O,488.0
11845,NS(=O)(=O)c1ccc(N2N=C(c3ccc(O)cc3)CC2c2ccc(F)cc2)cc1,C1COCCO1,417.0
393,F[B-]1(F)Oc2ccccc2-c2c3c(c4c([n+]21)CCc1ccccc1-4)CCc1ccccc1-3,ClCCl,442.0
11208,N#Cc1ccc(N)c2nonc12,ClCCl,535.0
5400,O=[N+]([O-])c1ccc(/C=C/c2c[nH]c3ccccc23)cc1,O,552.0
4015,N#Cc1c(-n2nnc3cc(Cl)ccc32)n([C@H]2C[C@H](O)[C@@H](CO)O2)c2ncnc(N)c12,CO,480.0
5155,O=C1Cc2cc3c(cc2CCCc2ccc(cc2)CCC3)CC(=O)Cc2ccc(c3nsnc23)C1,CC#N,544.0
6375,C(=C/c1ccc(N(c2ccccc2)c2ccccc2)cc1)\c1ccc(/C=C/c2ccc(N(c3ccccc3)c3ccccc3)cc2)cc1,Cc1ccccc1,456.0
9598,Cn1c(=O)c(/N=N/c2ccc(Nc3ccc([N+](=O)[O-])cc3S(=O)(=O)O)cc2)c(O)c2ccccc21,C1CCOC1,615.0
9965,CCN(CC)c1ccc2cc(C#N)/c(=N\C(=O)c3ccco3)oc2c1,ClCCl,460.0
5460,Cc1nc2cccc(-c3nc4ccccc4o3)c2c(=O)[nH]1,CN(C)C=O,398.0
7078,O=C1c2ccccc2-c2ccc(N3CCN(c4ccccc4)CC3)c3cccc1c23,CC1COC(=O)O1,614.0
5514,CCCCCCC1(CCCCCC)c2ccccc2-c2ccc(-c3cc4c(cc3F)-c3cc(F)c(-c5ccc6c(c5)C(CCCCCC)(CCCCCC)c5ccccc5-6)cc3S4(=O)=O)cc21,ClC(Cl)Cl,425.0
4604,CCOC(=O)/C(C#N)=C/c1cc2c3ccccc3n(C)c2cc1OC,ClCCl,472.0
181,CN(C)c1ccc(/C=C/c2cc(/C=C/c3ccc(N(C)C)cc3)nc(/C=C/c3ccc(N(C)C)cc3)n2)cc1,C1CCOC1,521.0
2277,CC(C)c1cccc(C(C)C)c1N1C(=O)c2ccc3c(-c4ccc(C(=O)O)cc4)c4c5ccc6c7c(ccc(c(-c8ccc(C(=O)O)cc8)c4c4ccc(c2c34)C1=O)c75)C(=O)N(c1c(C(C)C)cccc1C(C)C)C6=O,ClCCl,682.0
8596,N#Cc1cc(-c2ccc(N3c4ccccc4Oc4ccccc43)cc2)c(-c2ccc(N3c4ccccc4Oc4ccccc43)cc2)cc1C#N,Cc1ccccc1,577.0
3234,COc1ccc2c(c1)sc1[n+]2[B-](F)(F)OC(c2ccc(N(C)C)cc2)=N1,CC#N,481.0
8719,CCC1=C(C)C2=C(C)c3cccn3[B-](F)(F)[N+]2=C1C,CC(C)=O,512.5
7589,CC1(C)c2ccccc2N(c2ccccc2)c2ccc(-c3ccc(S(=O)(=O)c4ccc(-c5ccc6c(c5)C(C)(C)c5ccccc5N6c5ccccc5)cc4)cc3)cc21,Cc1ccccc1,419.0340909
6775,Cc1cc(C(F)(F)F)nc2c1ccc1nc(-c3ccc(F)c(F)c3)cn12,ClC(Cl)Cl,448.0
4112,N#Cc1c(-c2ccc([N+](=O)[O-])cc2)cc(-c2ccc([N+](=O)[O-])cc2)[nH]c1=O,CN(C)C=O,451.0
8440,CC(C)(C)c1ccc(-c2nc3c4ccc(-c5ccc6ccc7cccc8ccc5c6c78)cc4c4cc(-c5ccc6ccc7cccc8ccc5c6c78)ccc4c3n2-c2ccc(C(C)(C)C)cc2)cc1,Cc1ccccc1,433.0
9279,CCCCc1c2ccccc2c(-c2ccc(-c3nc4cc(CC(NC(=O)OC(C)(C)C)C(=O)OC)ccc4o3)cc2)c2ccccc12,CC(C)O,446.5003304
3948,COC(=O)C(NC(=O)OC(C)(C)C)c1ccc2oc(-c3cc(OC)c(OC)cc3OC)nc2c1,CC1CCCCC1,357.0
401,CC1(C)c2ccccc2N(c2ccc3c(c2)c2cc(N4c5ccccc5C(C)(C)c5ccccc54)ccc2c2nc(C#N)c(C#N)nc32)c2ccccc21,C1COCCO1,753.649635
3902,COc1cc2c3c4c(c5ccc(C(C)(C)C)cc5c5c(OC)c(OC)c(OC)c(c2c(OC)c1OC)c45)=[N+]1C3=Nc2c3c4cc(OC)c(OC)c(OC)c4c4c(OC)c(OC)c(OC)c5c6cc(C(C)(C)C)ccc6c(c3c54)n2[B-]1(F)F,Cc1ccccc1,873.0
3595,CN(C)CCCN1c2ccccc2Sc2ccccc21,CC#N,444.0
1631,COc1ccc(-c2cc3c(s2)c(C(C)=O)cc(=O)n3C)cc1,CC#N,512.0
3652,CN(C)CCNc1ccc2c3c(cccc13)C(=O)N(c1ccc(O)cc1)C2=O,ClC(Cl)Cl,498.0
7807,CNc1cccc2c1-c1ccccc1C2=O,CCO,686.0
3891,Cc1ccc(N2C(c3ccccc3[NH-])=[NH+]C(c3ccccc3)C2c2ccccc2)cc1,Cc1ccccc1,572.0
7248,N#CC(C#N)=Cc1cn(-c2ccccc2)nc1-c1ccccc1,ClC(Cl)Cl,432.0
9043,N#Cc1c[nH]c2ccccc12,OCC(F)(F)F,314.0
11594,N#C[Se]CCCCCOc1ccc2ccc(=O)oc2c1,CO,391.0
12121,CCCCCCC(CCCCCC)N1C(=O)c2cccc3c(-c4ccc(OC)cc4)ccc(c23)C1=O,CCCCCCCCCCCCCC,427.8
3403,CCN(CC)c1ccc2cc(-c3csc(NC(C)=O)c3C#N)c(=O)oc2c1,Cc1ccccc1,448.0
4794,CC(C)(C)c1ccc2c(c1)c1cc(C(C)(C)C)ccc1n2-c1ccc(-c2nc(-c3ccc(P(=O)(c4ccccc4)c4ccccc4)cc3)nc(-c3ccc(P(=O)(c4ccccc4)c4ccccc4)cc3)n2)cc1,CC(C)=O,560.8982827
6621,CC1(C)CC(=O)c2ccc(F)cc2N1,CC#N,421.0
10404,C(=C/c1ccc(-c2cccc3ccccc23)s1)\c1cccs1,ClCCl,453.0
7383,COc1ccc(-c2ccc(-c3ccc(F)cc3)cc2)cc1,C1COCCO1,352.0
4220,CCNc1ccc2c(c1)C(C)(C)C(=O)C=C2,O,541.0
8612,CCC1=C(C)C2=C(C)c3c(C)c(CC)c(C)n3[B-](F)(F)[N+]2=C1C,CO,531.6
11648,CCN(CC)c1ccc2ccc(=O)oc2c1,CN(C)C=O,440.0
7182,COc1ccc(-c2c3cc4cc(C)sc4cc3c(-c3ccc(OC)cc3)c3cc4cc(C)sc4cc23)cc1,ClCCl,514.0
12056,CN(C)c1ccc(/C=C2\CCCC2=O)cc1,CO,488.0
6243,Nc1ccc(-c2ccc3c(c2)C(=O)c2ccccc2C3=O)cc1,CCCCCC,512.0
6325,C(#Cc1cccc(C#Cc2ccc(-n3c4ccccc4c4ccccc43)cc2)c1)c1ccc(-n2c3ccccc3c3ccccc32)cc1,ClCCl,394.0
6398,CCN1C(=CC=Cc2n(CC)c3cc(Cl)c(Cl)cc3[n+]2CC)N(CC)c2cc(Cl)c(Cl)cc21,CO,528.0
2067,COC(=O)C(Cc1ccc2oc(-c3ccc(N(c4ccccc4)c4ccccc4)cc3)nc2c1)NC(=O)OC(C)(C)C,CC1CCCCC1,395.000869
4667,Cc1ccc(-c2nnc(-c3ccc4ccc5cccc6ccc3c4c56)o2)cc1,C1CCOC1,425.0
5643,CC(C)c1cccc(C(C)C)c1-n1c(=O)c2cc3nc(-c4ccccc4)c4cc5c(=O)n(-c6c(C(C)C)cccc6C(C)C)c(=O)c6cc7nc(-c8ccccc8)c8cc(c1=O)c2c1c3c4c(c65)c7c81,ClC(Cl)Cl,502.0
5492,N#Cc1c(-c2cccs2)cc(-c2ccc3c(c2)Cc2ccccc2-3)[nH]c1=O,CO,438.0
5169,CSc1ccc(/C=C/c2cnc3ccccc3n2)cc1,CS(C)=O,513.0
1599,CC[n+]1c(-c2ccccc2)c2cc(-n3cccc3)ccc2c2ccc(N)cc21,O,603.0
5019,F[B-]1(F)n2c(cc3c4ccccc4oc32)C(c2ccccc2)=C2C=c3c(oc4ccccc34)=[N+]21,CCOC(C)=O,596.5
10928,CS(=O)(=O)c1ccc(-c2cc3ccc(N)cc3c(=O)o2)cc1,CCOC(C)=O,446.0
1385,CCn1c(-c2ccc(-c3ccc4ccc5cccc6ccc3c4c56)cc2)c(-c2ccc3ccccc3c2)c(-c2ccc3ccccc3c2)c1-c1ccc(-c2ccc3ccc4cccc5ccc2c3c45)cc1,CCOC(C)=O,460.0
12009,C[Si]1(C)O[Si](C)(C)c2cc3cc4c(cc3cc21)C(=O)c1cc2cc3c(cc2cc1C4=O)[Si](C)(C)O[Si]3(C)C,ClC(Cl)Cl,437.0
7434,COc1ccc(/C=C/C(=O)c2ccccc2O)cc1OC,CCO,500.0
9315,N#CC(C#N)=C(c1ccc(N(c2ccccc2)c2ccccc2)cc1)c1ccc(N(c2ccccc2)c2ccccc2)cc1,ClC(Cl)Cl,491.2017167
9052,N#Cc1cccc2[nH]ccc12,OCC(F)(F)F,394.0
1405,CCCCCCCCn1c(=O)c2cc3c(C#Cc4ccc(N(c5ccccc5)c5ccccc5)cc4)c4cc5c(=O)n(CCCCCCCC)c(=O)c5cc4c(C#Cc4ccc(N(c5ccccc5)c5ccccc5)cc4)c3cc2c1=O,ClC(Cl)Cl,641.0
4991,CC1=C(c2ccccc2)C(C)=[N+]2C1=C(c1ccccc1)c1c(C)c(-c3ccccc3)c(C)n1[B-]2(F)F,ClCCl,555.0
3275,CCN(CC)c1ccc2cc(-c3nc4ccccc4s3)c(=O)oc2c1,CCCCCC,463.0
809,CCn1c2ccccc2c2cc(-c3cc(-c4ccc5c(c4)c4ccccc4n5CC)nc(-c4ccc(OC)cc4)n3)ccc21,Cc1ccccc1,379.0
9016,N#Cc1ccc2[nH]ccc2c1,C1CCOC1,349.0
2029,COc1cccc(/C=C/c2ccccc2)c1,CC#N,359.0
6153,CN(C)c1ccc(-c2c(/C=C3/C=Cc4ccccc4N3Cc3ccccc3)c(=O)c2=O)cc1,ClCCl,586.0
2650,CC1=CC(c2ccc3cc(N(C)C)ccc3c2)=[O+][B-](F)(F)O1,C1CCOC1,566.0
4439,CCCCC(CC)CN1C(=O)c2cccc3c(C#Cc4ccc(N(c5ccccc5)c5ccc(C#Cc6ccc7c8c(cccc68)C(=O)N(CC(CC)CCCC)C7=O)cc5)cc4)ccc(c23)C1=O,C1CCCCC1,472.0
3024,CCCCCCCCCCCCN1C(=O)c2c(c3ccc4cc(-c5ccc(-c6ccccc6)cc5)c(OC)cc4c3c3c2ccc2cc(-c4ccc(-c5ccccc5)cc4)c(OC)cc23)C1=O,ClCCl,527.0
12144,CCCCCCC(CCCCCC)N1C(=O)c2cccc3c(-c4cc(OC)c(OC)c(OC)c4)ccc(c23)C1=O,CCCCO,572.0
8254,COc1cc(C(=O)O)ccc1O,CO,340.0
9541,COc1ccc(C2=[N+]3C(=Nc4c(-c5ccccc5)c5c(n4[B-]3(F)F)-c3ccc(OC)cc3CC5)C(c3ccccc3)=C2)cc1,ClC(Cl)Cl,732.0
5045,COc1ccc(C2=C3C=c4c(oc5ccccc45)=[N+]3[B-](F)(F)n3c2cc2c4ccccc4oc23)cc1,CO,592.0
7399,CN(C)CCN(Cc1c2ccccc2cc2ccccc12)c1ccc([N+](=O)[O-])cc1[N+](=O)[O-],ClC(Cl)Cl,394.0
1702,COc1cc(/C=C/c2nc3ccccc3s2)c(OC)cc1/C=C/c1nc(C)nc(/C=C/c2cc(OC)c(/C=C/c3nc4ccccc4s3)cc2OC)n1,C1CCOC1,490.0
4504,F[B-]1(F)Oc2c(ccc3c4c(ccc23)C=[N+](c2ccccc2)[B-](F)(F)O4)C=[N+]1c1ccccc1,ClCCl,533.0
61,S=P1(c2ccccc2)c2cccc3c4c5ccccc5c5ccccc5c4c4ccc1n4c23,ClCCl,493.0
3971,COC(=O)C(Cc1ccc2oc(-c3ccc(N(C)C)cc3)nc2c1)NC(=O)OC(C)(C)C,C1CCCCC1,377.0028275
5140,C(/C=C/c1ccc(N(c2ccccc2)c2ccccc2)cc1)=C\c1ccncc1,CO,540.0
4773,c1ccc(-c2c3c(c(-c4ccccc4)c4c2-c2ccccc2C4)-c2ccccc2C3)cc1,C1CCCCC1,375.0
2094,F[B-]1(F)n2c(nc(Br)c2Br)-c2cccc[n+]21,C1COCCO1,493.0
5151,c1ccc(-c2csc(-c3ccncc3)n2)cc1,CC#N,498.0
10347,COc1ccccc1C1=[N+]2C(=Cc3c4cc5ccccc5cc4c(-c4ccccc4OC)n3[B-]2(F)F)c2cc3ccccc3cc21,C1CCOC1,760.0
1880,Cc1ccc(C(=O)/C=C2\C(=O)Nc3ccccc32)cc1,CC(C)(C)O,412.0
3370,F[B-]1(F)n2c(c3cccc4cccc2c43)=Nc2sc3ccccc3[n+]21,CCCCCC,493.0
8694,CNC1=C2C=CC=[N+]2[B-](F)(F)n2cccc21,CCO,439.0
10270,Cc1cc(C)c(B(c2ccc(-c3nc4c5ccccc5c5ccccc5c4[nH]3)cc2)c2c(C)cc(C)cc2C)c(C)c1,C1CCOC1,456.0
4269,O=C1OCC2=C1C(c1ccccc1)c1cc3c(cc1N2CCO)CCC3,C1COCCO1,392.0
10604,COC(=O)C1=NNC(C(=O)OC)=C2c3ccccc3C(=O)c3ccccc3C12,CC#N,505.0
8641,C#CCNC1=C2C=CC=[N+]2[B-](F)(F)n2cccc21,CCCCO,463.0
2287,CCc1nc2c(nc1CC)C(c1ccccc1)=[N+]1C2=Nc2c3nc(CC)c(CC)nc3c(-c3ccccc3)n2[B-]1(F)F,C1CCOC1,721.0
7037,Cc1cc(=O)c2ccc(N)cc2o1,C1CCOC1,382.0
9129,CN(C)c1ccc2c(c1)Cc1ccccc1-2,CCCCCCO,367.0
7515,CSc1sc(C(=O)c2ccccc2)c2nn[nH]c(=O)c12,C1CCOC1,482.0
4665,COc1cc(-c2nnc(-c3ccc4ccc5cccc6ccc3c4c56)o2)cc(OC)c1OC,Cc1ccccc1,428.0
8347,CC[N+](CC)=c1ccc2cc3c(=O)oc4cc5c(cc4c3oc-2c1)CCCN5C,ClCCl,648.0
6489,CCN(CC)c1ccc(-c2nc3c(c4c2-c2ccc(C#N)cc2CC4)-c2ccc(C#N)cc2CC3)cc1,Cc1ccccc1,474.0
664,c1ccc(N2c3ccc4ccccc4c3-c3c4ccccc4nc[n+]3[B-]2(c2ccccc2)c2ccccc2)cc1,CC(C)=O,675.0
2906,C(#Cc1nc2ccccc2s1)c1ccc(N(c2ccc(C#Cc3nc4ccccc4s3)cc2)c2ccc(C#Cc3nc4ccccc4s3)cc2)cc1,Cc1ccccc1,434.0
7969,N#Cc1ccccc1N,O,383.0
1046,F[B-]1(F)n2c(c3cccc4cccc2c43)=Nc2ccc3ccccc3[n+]21,C1CCOC1,508.0
10821,CN(C)c1ccc(C2=Cc3c4ccccc4c4ccccc4[n+]3[B-](F)(F)O2)cc1,C1CCOC1,539.0
2404,Nc1cc([NH3+])cc(-c2nc3ccccc3s2)c1,O,493.5
5425,CCCCCCCCCCCCCCCCCCN1C(=O)c2cccc3c(OCCN(C)C)ccc(c23)C1=O,CCOCC,492.0
8093,O=Cc1cc(O)ccc1O,CC(C)=O,423.0
9180,CC1(C)CC(/C=C/c2ccc(-n3c4ccccc4c4ccccc43)cc2)=CC(=C(C#N)C#N)C1,CCO,583.0
1568,Oc1ccccc1/N=C/c1ccccc1Oc1ccccc1,CCO,408.0
462,c1ccc2c(-c3cc(-c4nccs4)nc(-c4nccs4)c3)cccc2c1,CC#N,386.0
743,CCCCN(CCCC)c1ccc(/C=C/c2ccc3nc(/C=C/c4ccc(N(C)C)cc4)c(-c4ccccc4)nc3c2)cc1,CC#N,661.0
222,c1ccc(N(c2ccccc2)c2ccc(-c3ccc(-c4cc(-c5ccccn5)nc(-c5ccccn5)c4)cc3)cc2)cc1,ClCCl,489.0
12110,CCCCCCC(CCCCCC)N1C(=O)c2cccc3c(-c4ccc(C#N)cc4)ccc(c23)C1=O,CCCCO,480.0
8690,CCC1=C(C)C2=Cc3cccn3[B-](F)(F)[N+]2=C1C,CO,516.5
8030,CCCCC(CC)COC(=O)/C=C/c1ccc(OC)c(OC)c1OC,CCCCCC,351.0
625,O=c1c2ccccc2nc2ccccn12,ClCCl,442.0
3656,CN(CCO)c1ccc(/C=C/C2=C(C#N)C(C(C#N)C#N)OC2(C)C)cc1,ClCCl,629.0
6805,COc1cccc(-n2c(-c3ccc(O)cc3)nc(C)c2C)c1,CO,369.0
2188,CCN1c2ccc(/C=N/Nc3ccccn3)cc2Sc2cc(-c3ccc(C#N)cc3)ccc21,ClCCl,525.0
2177,c1ccc(-c2nc(-c3ccccc3)nc(-n3c4ccccc4c4cccc(-n5c6ccccc6c6ccccc65)c43)n2)cc1,Cc1ccccc1,459.2592593
9317,CCN(CC)c1ccc(/C=N/c2cc3ccccc3cc2/N=C/c2ccc(N(CC)CC)cc2O)c(O)c1,ClCCl,539.0
3499,COc1ccc(Oc2ccc3c4c(cccc24)C(=O)N(c2c(C(C)C)cccc2C(C)C)C3=O)cc1,ClCCl,434.0
9812,CCN1c2ccc(/C=C(\C#N)c3ccccc3)cc2Sc2cc(/C=C(\C#N)c3ccccc3)ccc21,CC(C)=O,578.0
6022,CN(C)c1ccc(C#Cc2ccc(C#N)cc2)cc1,C1CCOC1,504.999495
8983,CCCCCCCCOc1ccc(C#Cc2c3cc4ccccc4cc3c(C#C[Si](C(C)C)(C(C)C)C(C)C)c3cc4ccccc4cc23)cc1,ClCCl,666.0
8949,CCOC(=O)CCCn1c(C(=O)OC)c(C)c2c(=O)n3c(cc21)C(CC)=C(C)C3=O,CO,499.0
438,Cc1ccc(-c2ccc(/C=C/c3ccccc3)cn2)nc1,CC#N,392.0
4520,CN(C)c1ccc(/C=C/c2cnc(/C=C/c3ccc(C#N)cc3)o2)cc1,ClCCl,640.0
5623,CCCCC1(CCCC)c2cc(-c3ccc(C=C4C(=O)c5ccccc5C4=O)cc3)ccc2-c2ccc(-c3ccc(C=C4C(=O)c5ccccc5C4=O)cc3)cc21,CCCCCC,465.0
353,CCCCN(CCCC)c1ccc(C#Cc2cc(C#Cc3ccc(N(CCCC)CCCC)cc3)c(C#Cc3ccc(C#N)cc3)cc2C#Cc2ccc(C#N)cc2)cc1,ClCCl,557.0
11688,c1cc2ccc3cc4cccc5ccc6cc(c1)c2c3c6c54,CO,436.0
456,c1ccc(-c2cc3c(oc4ccccc43)c(-c3ccccc3)[o+]2)cc1,CC#N,450.0
9835,O=C(c1ccc(-n2c3ccccc3c3ccccc32)cc1)c1ccc(-n2c3ccccc3c3ccccc32)cc1,O=P(c1ccccc1)(c1ccccc1)c1ccccc1Oc1ccccc1P(=O)(c1ccccc1)c1ccccc1,444.0
9616,COc1ccc2cc(C#CC3=C4CCc5ccccc5C4=[O+][B-](F)(F)O3)ccc2c1,ClCCl,566.0
239,O=S(=O)([O-])c1ccc(/C=C/c2ccc(-c3nnc(-c4ccc(/C=C/c5ccc(S(=O)(=O)[O-])cc5S(=O)(=O)[O-])cc4)o3)cc2)c(S(=O)(=O)[O-])c1,C1CCOC1,416.0
8165,CN(C)CCNc1ccc([N+](=O)[O-])cc1[N+](=O)[O-],CC#N,399.0
7298,CCN(CC)c1cccc2c1ccc1c(=O)oc(-c3ccc(C(F)(F)F)cc3)cc12,CCO,599.0
230,O=C(O)CC[N+]1=c2cc3c(cc2CCC1)=Cc1c(c2cc4c5c(c2oc1=O)CCCN5CCC4)O3,ClCCl,675.0
9565,COC(=O)C(Cc1ccc2oc(-c3ccc(-n4c5ccccc5c5ccccc54)cc3)nc2c1)NC(=O)OC(C)(C)C,CC(C)CC(C)(C)C,361.0108303
10127,c1ccc(-c2nc(-c3ccc(-c4nc(-c5ccccc5)c(-c5ccccc5)[nH]4)s3)[nH]c2-c2ccccc2)cc1,CCOC(C)=O,456.9983091
8231,CN(C)c1cc(C#N)c(N(C)C)c(C#N)c1,OCC(O)CO,547.3453749
4407,c1ccc2c(c1)[nH]c1c3[nH]c4ccccc4c3c3nsnc3c21,Cc1ccccc1,456.0
6550,CC1(C)C(/C=C/C=C/C=C/C=C2/N(S(=O)(=O)[O-])c3ccc(S(=O)(=O)[O-])cc3C2(C)C)=[N+](S(=O)(=O)[O-])c2ccc(S(=O)(=O)[O-])cc21,CO,776.0
4793,CC(C)(C)c1ccc2c(c1)c1cc(C(C)(C)C)ccc1n2-c1ccc(-c2nc(-c3ccc(P(=O)(c4ccccc4)c4ccccc4)cc3)nc(-c3ccc(P(=O)(c4ccccc4)c4ccccc4)cc3)n2)cc1,CC#N,573.7120211
1018,CCCn1c(-c2cc(-c3nc4ccccc4n3CCC)cc(-c3nc4ccccc4n3CCC)c2)nc2ccccc21,CS(C)=O,381.0
7271,CN1C(=O)/C(=C/c2ccncc2)N=C1/C=C/c1ccncc1,CC#N,541.0
8721,CC(C)(C)NC1=C2C=CC=[N+]2[B-](F)(F)n2cccc21,C1CCCCC1,503.0
8331,CCCCC(CC)Cn1c2cc(C#N)ccc2c2ccc(C#Cc3ccc4ccc5ccc(C#Cc6ccc7c8ccc(C#N)cc8n(CC(CC)CCCC)c7c6)c6ccc3c4c56)cc21,ClCCl,458.0
1760,CCN(CC)c1ccc(/C=C/C(=O)c2c(O)cc(C)oc2=O)cc1,CCOC(C)=O,545.0
5725,Cc1cccc(Nc2ccccc2C(=O)O)c1C,C1CCOC1,438.0
8622,CCC1=C(C)C2=C(C)c3c(I)c(I)c(I)n3[B-](F)(F)[N+]2=C1C,CCOC(C)=O,552.0
10765,CCOC(=O)c1c2c3c(cccc3c3cc4c(cc13)[Si](C)(C)O[Si]4(C)C)N(C)C2=O,CC#N,413.0
10400,CCCCC1=Cc2c3ccc4cccc5ccc(c6cc(-c7ccc(N(c8ccccc8)c8ccccc8)cc7)n(c26)P1(=O)c1ccccc1)c3c45,Cc1ccccc1,518.0
1103,CCc1ccc(/C=N/c2cc(C(C)C)c(O)cc2C)cc1,CCO,422.0
11108,CCC1(CC)c2cc(B(c3c(C)cc(C)cc3C)c3c(C)cc(C)cc3C)ccc2-c2ccc(N(c3ccccc3)c3ccc4c(c3)C(CC)(CC)c3cc(B(c5c(C)cc(C)cc5C)c5c(C)cc(C)cc5C)ccc3-4)cc21,ClC(Cl)Cl,477.0
11908,COc1ccc(-c2c3ccccc3c3n2[B-](F)(F)[N+]2=Cc4c5ccccc5c(-c5ccc(OC)cc5)n4[B-](F)(F)[N+]2=C3)cc1,CN(C)C=O,613.0
8153,COCCOCCOCCOc1cc(C=O)c(OCCOCCOCCOC)cc1C=O,CC(C)O,481.0
4415,CC(C)(C)c1ccc2c(c1)[nH]c1c3[nH]c4cc(C(C)(C)C)ccc4c3c3nsnc3c21,CN(C)C=O,507.0
4226,Cc1n[nH]c2c1C(c1ccc([N+](=O)[O-])cc1)C(C#N)=C(N)O2,CCO,414.0
3251,CN(C)c1ccc(C2=Nc3sc4cc(Cl)ccc4[n+]3[B-](F)(F)O2)cc1,ClCCl,473.0
8530,COC(=O)c1ccc(/C=C2\C=C(c3ccc(C#N)cc3)OC2=O)cc1,C1COCCO1,501.0
5526,C1=Cc2nc1c(-c1ccccc1)c1ccc([nH]1)c(-c1ccccc1)c1nc(c(-c3ccccc3)c3ccc([nH]3)c2-c2ccccc2)C=C1,CC(=O)N(C)C,650.0
3063,COc1ccc(/C=C/C2=CC(/C=C/c3ccc(OC)c(OC)c3)=[O+][B-](F)(F)O2)cc1OC,Cc1ccccc1,531.02
4929,F[B-]1(F)n2c(NCc3ccccc3)ccc2C(c2c(Cl)cccc2Cl)=C2C=CC(NCc3ccccc3)=[N+]21,ClCCl,594.0
4344,CC(=O)c1ccc(NC(=O)c2ccc(N(C)C)cc2)cc1,C1CCCCC1,345.0
11243,COc1ccc2oc(-c3cc4cc(OC)ccc4oc3=O)cc2c1,CC#N,480.0
2947,O=C1c2ccccc2-c2cnccc21,CCCCCC,464.1664611
11230,COc1cccc2oc(-c3cc4c(OC)cccc4oc3=O)cc12,CCOC(C)=O,460.0
11316,CCOC(=O)c1sc2nc(C)c(C)c(C#N)c2c1N,c1ccccc1,535.0
7205,CCCCCCCCN1c2ccc(C#Cc3ccc(F)cc3)cc2Sc2cc(C=O)ccc21,CO,466.0
3431,CCCN1/C(=C/C=C(/C=C/C2=[N+](CCC)c3ccccc3C2(C)C)c2ccc([N+](=O)[O-])cc2)C(C)(C)c2ccccc21,O,663.0
11759,c1ccc(-c2nc(-c3ccc(-c4ccc(-n5c6ccccc6c6ccccc65)cc4)cn3)oc2-c2ccccc2)cc1,CCCCCC,392.0
4742,N#Cc1c(-c2ccccc2)cc(-c2ccccc2)[nH]c1=S,CC#N,495.0
10675,CCCCCCN1C(=O)c2cccc3c(-c4ccc(Cl)s4)ccc(c23)C1=O,ClC(Cl)Cl,482.0
11101,CCCCn1c(-c2ccc(-c3nnc(-c4ccc(-c5nc6ccccc6n5CCCC)cc4)o3)cc2)nc2ccccc21,ClCCl,407.0
4789,Cc1ccccc1N1c2sc3ccccc3c2Sc2sc3ccccc3c21,ClCCl,564.0
9868,Cc1cc(C2=C(c3cc(C)sc3C)S(=O)(=O)c3ccccc32)c(C)s1,C1CCOC1,465.0
10308,CN(C)c1ccc(/C=C/c2cc[n+](CCC[n+]3ccc(/C=C/c4ccc(N(C)C)cc4)cc3)cc2)cc1,CN(C)C=O,606.998695
10032,COc1ccc2cc(C(C)C(=O)Oc3ccc(-c4c5nc(c(-c6ccc(C)cc6)c6ccc([nH]6)c(-c6ccc(C)cc6)c6nc(c(-c7ccc(C)cc7)c7ccc4[nH]7)C=C6)C=C5)cc3)ccc2c1,ClCCl,654.0
1034,CC(C)(C)c1ccc2c(c1)sc1[n+]2[B-](F)(F)n2c(c3cccc4c(Br)ccc2c43)=C1C#N,CCCCCC,558.0
2264,CC1(C)c2ccccc2N(c2ccc(-c3ccc(C#N)cc3)cc2)c2ccccc21,N#Cc1ccc2c(c1)c1ccccc1n2-c1cccc(-n2c3ccccc3c3ccccc32)c1,470.0
11406,COc1cc(C)c(-c2cc(-c3c(C)cc(OC)cc3C)c3ccc4c(-c5c(C)cc(OC)cc5C)cc(-c5c(C)cc(OC)cc5C)c5ccc2c3c54)c(C)c1,ClCCl,411.0
8222,CN(C)c1cc(C#N)c(N(C)C)c(C#N)c1,CCOCC,507.3566717
4205,COc1ccc2nc(/N=N/c3ccc(N(C)C)cc3)sc2c1,CC#N,574.0
6209,CCOC(=O)/C(C#N)=C\c1ccc2c(c1)c1ccccc1n2-c1ccc(OC)cc1,ClC(Cl)Cl,486.0
906,Cc1cc(C)n2c1C=C1c3ccccc3C(c3ccc[nH]3)=[N+]1[B-]2(F)F,CO,618.0
10670,Cc1ccc(N(c2ccc(C)cc2)c2ccc(-c3c4ccccc4c(-c4ccc(N(c5ccc(C)cc5)c5ccc(C)cc5)cc4)c4nsnc34)cc2)cc1,ClCCl,706.0
8761,CCC1=C(C)C2=C(C)c3c(C)c(CC)c(C)n3[B-](F)(F)[N+]2=C1C,CC#N,530.4
368,CN(C)c1ccc(-c2ccc(-c3ccc(N(C)C)cc3)c3nc(-c4ccccc4)c(-c4ccccc4)nc23)cc1,CN(C)C=O,648.0
10565,c1ccc(-c2nc(-c3ccc(-c4ccc(N(c5ccccc5)c5ccccc5)cc4)cn3)oc2-c2ccccc2)cc1,CC(C)OC(C)C,434.0
3593,CN(C)CCCN1c2ccccc2Sc2ccc(Cl)cc21,CO,449.0
1415,COc1cc(/C=C2/SC(=O)NC2=O)ccc1O,C1COCCO1,420.0
7310,CN(C)c1cccc2c1ccc1c(=O)oc(-c3ccc(C(F)(F)F)cc3)cc12,CCCCO,586.0
2286,COc1ccc2c(c1)N(c1ccc(C)cc1)c1cc3c(cc1=N2)Oc1c(cc(C(C)(C)C)cc1C(C)(C)C)N=3,CO,635.0
8602,CCC1=C(C)C2=C(C)c3c(C)c(CC)c(C)n3[B-](F)(F)[N+]2=C1C,CCCCCCCCCCO,534.8
11702,CCCCCCn1c2ccccc2c2cc(/C=C/c3cc(=O)oc4cc(C)ccc34)ccc21,CS(C)=O,542.0
12154,CN(C)c1ccc2nc(-c3ccc(C(=O)OC[C@H](NC(=O)OC(C)(C)C)C(=O)OCc4ccccc4)cc3)sc2c1,ClC(Cl)Cl,504.0
8671,CCC1=C(C)C2=Cc3c(I)c(I)cn3[B-](F)(F)[N+]2=C1C,CCOC(C)=O,539.5
5437,COc1ccc2c3c(cccc13)C(=O)N(C)C2=O,CS(C)=O,452.0
114,N#Cc1ccc(N(c2ccc(C#N)cc2)c2ccc3c4cccc5c(N(c6ccc(C#N)cc6)c6ccc(C#N)cc6)ccc(c6cccc2c63)c54)cc1,ClCCl,522.0
5800,O=C(c1ccc(C(=C(c2ccccc2)c2ccccc2)c2ccccc2)cc1)c1ccc(-n2c3ccccc3c3ccccc32)cc1,C1CCOC1,496.0
3873,O=C1c2cc(-n3c4ccccc4c4ccccc43)ccc2S(=O)(=O)c2ccc(-n3c4ccccc4c4ccccc43)cc21,ClC(Cl)Cl,606.0
2900,O=c1c2ccccc2sc2ccc(-n3c4ccccc4c4ccccc43)cc12,ClC(Cl)Cl,486.5
1721,N#C/C(=C\c1ccc(Cl)cc1)c1nc2ccccc2s1,C1CCCCC1,390.0
8726,CC(C)(C)NC1=C2C=CC=[N+]2[B-](F)(F)n2cccc21,OCC(F)(F)F,497.5
4562,O=c1cc2c(S(=O)(=O)O)c(O)c3cccc4ccc(o1)c2c43,CC1CCCO1,472.0
3184,N#Cc1c(N2CCCCC2)cc(-c2ccc3ccc4cccc5ccc2c3c45)c2c1C(=O)c1ccccc1-2,C1CCOC1,473.0
4342,COC(=O)c1ccc(NC(=O)c2ccc(N(C)C)cc2)cc1,CC#N,516.0
1824,CC(C)(C)C1Nc2ccccc2C(=O)N1Cc1ccccc1,c1ccccc1,393.0
3080,COc1ccc2cc(C3=[N+]4C(=Nc5c(-c6ccccc6)cc(-c6ccc7cc(OC)ccc7c6)n5[B-]4(F)F)C(c4ccccc4)=C3Br)ccc2c1,ClCCl,728.0
10313,CN(C)c1ccc(/C=C/c2cc[n+](CCC[n+]3ccc(/C=C/c4ccc(N(C)C)cc4)cc3)cc2)cc1,c1ccncc1,598.000287
3023,F[B-]1(F)n2c(cc(Br)c2Br)C(c2ccccc2)=C2C=C(Br)C(c3ccc[nH]3)=[N+]21,ClC(Cl)Cl,642.0
4740,N#Cc1c(-c2ccccc2)cc(-c2ccccc2)[nH]c1=S,C1CCCCC1,510.0
9862,COc1ccc(C2=C3C(C)=CC(C=Cc4ccc(C(=O)OC5C[C@H]6CCC5(C)C6(C)C)cc4)=[N+]3[B-](F)(F)n3c(C)cc(C)c32)cc1,Cc1ccccc1,627.0
1901,O=C1Nc2ccccc2/C1=C/C(=O)c1ccc(Cl)cc1,C1CCCCC1,382.0
3232,CN(C)c1ccc(C2=Nc3sc4ccccc4[n+]3[B-](F)(F)O2)cc1,ClCCl,467.0
2320,CN(C)CCN(Cc1c2ccccc2c(CN(CCN(C)C)c2ccc([N+](=O)[O-])cc2[N+](=O)[O-])c2ccccc12)c1ccc([N+](=O)[O-])cc1[N+](=O)[O-],C1CCCCC1,416.0
1918,O=C1Nc2ccccc2/C1=C/C(=O)c1ccc(Cl)cc1Cl,CCCCCC,384.0
5418,CCCC1=Cc2nc1ccc1[nH]c(cc1CCC)c1nc(c(NC(=O)CCCC(=O)O)cc3[nH]c2cc3CCC)C(CCC)=C1,ClCCl,680.0
5821,COc1cc2c(cc1OC)C1=C[C@H](c3ccc(C)cc3)C3(C(C#N)=C(C#N)N1CC2)c1cc(Cl)ccc1-c1ccc(Cl)cc13,ClCCl,402.0
1569,Oc1ccccc1/N=C/c1ccccc1Oc1ccccc1,CCOC(C)=O,400.0
5960,c1ccc2c(c1)Cc1ccccc1N2c1c2ccccc2cc2ccccc12,Cc1ccccc1,535.0
347,CCCCN(CCCC)c1ccc(C#Cc2cc(C#Cc3ccc(C(F)(F)F)cc3)c(C#Cc3ccc(N(CCCC)CCCC)cc3)cc2C#Cc2ccc(C(F)(F)F)cc2)cc1,ClCCl,546.0
1242,CCN1c2ccc(-c3cc(C(F)(F)F)[nH]n3)cc2Sc2cc(-c3cc(C(F)(F)F)[nH]n3)ccc21,ClCCl,467.0
420,CCCCn1c2c(-c3ccc(N(c4ccccc4)c4ccccc4)cc3)cc(C#N)cc2c2cc(C#N)cc(-c3ccc(N(c4ccccc4)c4ccccc4)cc3)c21,CCN(CC)CC,415.0
11567,CCN(CC)c1ccc2c(C(F)(F)F)cc(=O)oc2c1,CC#N,501.0
9258,COc1coc2cc(-c3ccc(N(C)C)cc3)ccc2c1=O,ClCCl,488.0
37,N#CC(C#N)=Cc1ccc(-c2ccc(O)c(-c3nc4ccccc4s3)c2)o1,CCO,632.0
9854,Nc1ccc2c(c1)oc(=O)c1c(=O)oc3ccccc3c12,CS(C)=O,534.0
9972,COC(=O)/C(C#N)=c1\s/c(=c2/s/c(=C(/C#N)C(=O)OC)c3cc(-c4ccc(C(F)(F)F)cc4)sc23)c2sc(-c3ccc(C(F)(F)F)cc3)cc12,Cc1ccccc1,625.0
6515,CN(C)c1ccc(-c2nc3c(c4c2-c2ccccc2CC4)-c2ccccc2CC3)cc1,CC#N,463.0
8830,CCC(CC)n1c2ccccc2c2cc3c(cc21)c1ccccc1n3C(CC)CC,ClC(Cl)Cl,423.0
10689,CN1CCCc2cc3c(C(F)(F)F)cc(=O)oc3cc21,CC#N,510.0
1031,O=C1c2ccccc2-c2nc3ccccc3n21,ClCCl,519.0
4339,Cc1cccc(NC(=O)c2ccc(N(C)C)cc2)c1,CCOCC,498.0
10525,COc1nc(Cl)nc(Nc2ccc3c4c(cccc24)C(=O)c2ccccc2-3)n1,CCOC(C)=O,520.0208008
4320,CN(C)c1ccc(C(=O)Nc2ccc([N+](=O)[O-])cc2)cc1,C1CCCCC1,360.0
7292,CC1=[N+]2C(=C(c3ccc(N4CCCCC4)cc3)c3ccc(C)n3[B-]2(F)F)C=C1,CCCCCC,520.0
9825,COc1ccc(C#Cc2nc3ccccc3nc2-c2cn(C)c3ccccc23)cc1,Cc1ccccc1,468.0
10172,Cc1cccc2nc(-c3ccc(-c4cc(=O)cc(-c5ccccc5)o4)cc3)c(NC3CCCCC3)n12,ClCCl,506.0
6639,Cc1cc(C)c(B(c2ccccc2-n2c3ccccc3c3ccccc32)c2c(C)cc(C)cc2C)c(C)c1,ClCCl,478.6082474
763,CN(c1ccccc1)c1ccc(/C=C2\C(=O)c3ccccc3S2(=O)=O)cc1,C1COCCO1,542.0
4974,c1ccc(-c2nc(-c3ccccc3)nc(-c3ccc(-n4c5ccc(-c6ccc7sc8ccccc8c7c6)cc5c5cc(-c6ccc7sc8ccccc8c7c6)ccc54)cc3)n2)cc1,Cc1ccccc1,437.0
10897,O=S(=O)(c1ccc(-c2ccc(-c3nc4c5ccccc5c5ccccc5c4n3-c3ccccc3)cc2)cc1)c1ccc(-c2ccc(-c3nc4c5ccccc5c5ccccc5c4n3-c3ccccc3)cc2)cc1,C1CCOC1,451.0
10171,O=c1cc(-c2ccccc2)oc(-c2ccc(-c3nc4ccccn4c3NC3CCCCC3)cc2)c1,ClCCl,508.0
8692,CNC1=C2C=CC=[N+]2[B-](F)(F)n2cccc21,C1CCCCC1,463.0
10843,N#Cc1cc(-n2c3ccccc3c3cccnc32)c(-n2c3ccccc3c3cccnc32)cc1C#N,ClCCl,468.372093
2484,Cc1cc(C)c(C2=C3C=c4c(c5ccccc5c5ccccc45)=[N+]3[B-](F)(F)n3c2cc2c4ccccc4c4ccccc4c23)c(C)c1,C1CCOC1,691.0
6107,COC(=O)c1ccccc1C#Cc1ccccc1NC(C)=O,ClCCl,419.0
1222,COc1ccc(-c2cc(-c3ccc(C)cc3)c(C#N)c(OC)n2)cc1,CO,405.0
10730,CC(C)[Si]1(C(C)C)c2cc(C#N)ccc2-c2ccc(N(c3ccccc3)c3ccccc3)cc21,C1CCCCC1,413.0
8387,COC(=O)C(Cc1ccc2oc(-c3ccc4c(c3)c3ccccc3n4-c3ccccc3)nc2c1)NC(=O)OC(C)(C)C,CCO,390.00039
2134,O=[N+]([O-])c1ccc(C#Cc2ccc3ccccc3c2)cc1,ClC(Cl)Cl,536.0
2423,COCCOCCOCCOCC(COCCOCCOCCOC)Oc1cc(/C=C/c2ccc(/C=C(\C#N)c3ccncc3)cc2)c(OC(COCCOCCOCCOC)COCCOCCOCCOC)cc1/C=C/c1ccc(/C=C(\C#N)c2ccncc2)cc1,ClCCl,574.0
4098,CCCCC1(CCCC)c2cc(C#Cc3ccc4ccc5cccc6ccc3c4c56)ccc2-c2ccc(N(c3ccccc3)c3ccccc3)cc21,ClCCl,516.0
12105,COc1cc2c(cc1/C=C(\C#N)c1nc3ccccc3s1)c1ccccc1n2C,Cc1ccccc1,494.0
6929,CCn1c2ccccc2sc2c(C#N)c3oc4ccccc4oc3c(C#N)c21,ClC(Cl)Cl,580.0
10799,Cc1ccc(C2=C3C=CC(c4ccccc4)=[N+]3[B-](F)(F)n3c2ccc3-c2ccccc2)cc1,C1COCCO1,587.0
5680,CCN(CC)c1ccc2cc(/C=C(\C#N)c3nc4ccccc4s3)c(=O)oc2c1,CS(C)=O,613.0
10456,O=C1/C(=C\c2ccc3oc4ccccc4c3c2)S(=O)(=O)c2ccccc21,CCOC(C)=O,429.0
11359,CC1(C)CCc2c(c3ccccc3c3nc4c(nc23)c2c(c3ccccc34)OC(C)(C)CC2)O1,C1CCCCC1,434.9717268
10497,CCn1c2ccccc2c2cc(C#Cc3cc(C#Cc4ccc5c(c4)c4ccccc4n5CC)nc(S(C)(=O)=O)n3)ccc21,C1CCOC1,496.0
4521,F[B-]1(F)n2c(-c3cccs3)cc(-c3cccs3)c2N=C2C(c3cccs3)=CC(c3cccs3)=[N+]21,C1CCOC1,763.0
1575,c1ccc(-c2nc(-c3c[nH]c4ccccc34)n3ccccc23)cc1,CO,500.0
509,CCCCOc1ccc(/C=C/C=C/C=C/c2ccc([N+](=O)[O-])cc2)cc1,CC#N,740.0
10203,Cc1cc(-c2ccc(-c3nc4ccccc4[nH]3)cc2)ccc1-c1ccc(-c2nc3ccccc3[nH]2)cc1,CN(C)C=O,403.0
6458,O=P1(c2ccccc2)C2=C(c3ccccc31)S(=O)(=O)c1ccccc12,ClCCl,466.0
9182,CC1(C)CC(/C=C/c2ccc(-n3c4ccccc4c4ccccc43)cc2)=CC(=C(C#N)C#N)C1,ClCCl,582.0
2304,Clc1ccc(/C=C/c2nc3ccccc3o2)cc1,CO,385.0
4638,C(=C/c1cnc2ccccc2n1)\c1ccc(N2CCCCC2)cc1,C1CCOC1,557.0
4010,C[Si](C)(C)C#Cc1ccc(C#Cc2cnc(C#Cc3ccccc3)nc2)cc1,C1CCCCC1,390.0
748,N#C/C(=C\c1ccc(C=C(c2ccccc2)c2ccccc2)cc1)c1ccccc1,C1CCOC1,468.0
4193,CC[N+](CC)=c1ccc2c(-c3ccccc3C(=O)O)c3c(=O)oc4c5c6c(cc4c3oc-2c1)CCCN6CCC5,ClC(Cl)Cl,664.0
11785,FC(F)(F)c1ccc(-c2c3cccc4c5cccc6c(-c7ccc(C(F)(F)F)cc7)c7cccc8c9cccc2c9c(c34)c(c65)c78)cc1,Cc1ccccc1,699.0
1259,O=C1c2ccccc2-c2ccc(N3CCOCC3)c3cccc1c23,ClC(Cl)(Cl)Cl,552.0
3077,CC1(C)C(/C=C2\C(=O)C(/C=C3\Nc4ccccc4C3(C)C)=C2[O-])=[NH+]c2ccccc21,ClC(Cl)Cl,670.0
5992,C1=C2c3cc4ccccc4cc3C3=[N+]2[B-]2(Oc4ccccc43)Oc3ccccc3-c3c4cc5ccccc5cc4c1n32,C1CCOC1,832.0
1888,Cc1ccc(C(=O)/C=C2\C(=O)Nc3ccccc32)cc1,O,412.0
11815,NS(=O)(=O)c1ccc(N2N=C(c3ccc(O)cc3)CC2c2ccc([N+](=O)[O-])cc2)cc1,CCO,422.0
3813,COc1ccc(-c2c3cc4ccccc4cc3c(-c3ccc(OC)cc3)c3cc4sc(C)cc4cc23)cc1,ClCCl,570.0
711,CC1CC=C(c2ccc(-c3ccc(C=O)s3)s2)CC1,CC#N,482.0
8928,CCC1=C(C)C(=O)n2c1cc1[nH]c(C(=O)OC(C)(C)C)c(C)c1c2=O,C1CCCCC1,443.0
11183,COc1c2ccccc2c(OC)c2c1c1cc(F)ccc1n2C,ClCCl,434.0
3896,N#Cc1c(-n2c3ccccc3c3ccccc32)cccc1-n1c2ccccc2c2ccccc21,O=P(c1ccccc1)(c1ccccc1)c1ccccc1Oc1ccccc1P(=O)(c1ccccc1)c1ccccc1,415.0
11039,Brc1ccc(-c2nc(-c3ccc(C#Cc4ccc(-n5c6ccccc6c6ccccc65)cc4)cc3)nc(-c3ccc(C#Cc4ccc(-n5c6ccccc6c6ccccc65)cc4)cc3)n2)cc1,ClCCl,498.0
8166,CN(C)CCNc1ccc([N+](=O)[O-])cc1[N+](=O)[O-],CC(C)=O,401.0
1372,CCN(CC)c1ccc2cc(/C(Cl)=C/C=C/C(=C(C#N)C#N)c3ccc(N(c4ccccc4)c4ccccc4)cc3)c(=O)oc2c1,CN(C)C=O,737.0
6537,Oc1ccc(Br)cc1-c1nc2c(c3c1-c1ccccc1CC3)-c1ccccc1CC2,ClCCl,421.0
712,CC1CC=C(c2ccc(-c3ccc(C=O)s3)s2)CC1,CCCCCC,445.0
3329,COc1ccc(C2=C3C(C)=CC(C)=[N+]3[B-](F)(F)n3c(/C=C/c4ccc(N(C)C)cc4)cc(C)c32)cc1,CS(C)=O,737.0
8051,COc1ccc(OC)c(C=O)c1,CNC=O,458.0
12071,c1ccc(-c2nn(-c3ccccc3)c3nc4ccc(-n5c6ccccc6c6ccccc65)cc4cc23)cc1,CN(C)C=O,480.0768123
10118,CCN(CC)c1ccc2c(c1)oc(=O)c1cnc3c(cnn3-c3ccccc3)c12,ClCCl,441.0
8163,CN(C)CCNc1ccc([N+](=O)[O-])cc1[N+](=O)[O-],C1CCOC1,389.0
12033,Cc1ccc(-c2c3ccc([nH]3)c3nc(c(-c4ccc(C#N)cc4)c4ccc([nH]4)c4ccc([nH]4)c(-c4ccc(C)cc4)c4ccc2o4)C=C3)cc1,Cc1ccccc1,722.0
8908,COc1ccc(-c2cc3c(s2)c(C(C)=O)cc(=O)n3Cc2ccccc2)cc1,CC#N,515.0
11798,C(=C/c1cccc2ccccc12)\c1ccc(-c2nnc(-c3ccc(-c4cc5ccccc5s4)cc3)o2)cc1,CCCCCCCCCCO,437.0
4392,O=Cc1cc(N2CCCCC2)c2ccc3c(N4CCCCC4)cc(N4CCCCC4)c4ccc1c2c43,CC(C)=O,581.0
7275,Cc1cc(C)c([B-]2(c3c(C)cc(C)cc3C)[O+]=P(c3ccccc3)(c3ccccc3)c3cc(C#Cc4ccccc4)sc3-c3sc(C#Cc4ccccc4)cc32)c(C)c1,C1CCOC1,498.0
9266,C#CCn1c2ccccc2c2cc(/C=C/c3cc(C)c4n3[B-](F)(F)[N+]3=C(C)C=C(C)C3=C4c3ccc(I)cc3)ccc21,CS(C)=O,614.0
1482,COc1cc(OC)cc(-c2ccc(-c3ccc(C#N)s3)s2)c1,ClC(Cl)Cl,441.0
1489,O=c1oc2ccccc2nc1-c1ccccc1,c1ccccc1,450.0
104,Nc1ccc(/C=C/c2cccnc2)cc1,CCCCCC,390.0
10213,c1ccc(-c2nc(-c3ccccc3)nc(-c3ccc(-n4c5ccccc5c5cc(-n6c7ccccc7c7ccccc76)ccc54)cc3)n2)cc1,Cc1ccccc1,458.0
1794,CC(C)(C)c1ccc(-c2nc3c4ccccc4c4ccccc4c3n2-c2ccc(C(C)(C)C)cc2)cc1,CCCCCC,385.0
8515,CSc1cc(-c2cc3cc4c5c(c3oc2=O)CCCN5CCC4)oc(=O)c1C#N,CCOC(C)=O,575.0
1821,CC(C)(C)C1Nc2ccccc2C(=O)N1Cc1ccccc1,CCCCCCCCCCCCCCCC,381.0
2386,Nc1cc(N)cc(-c2nc3ccccc3s2)c1,CCOC(C)=O,468.0
4315,CN(C)c1ccc(C(=O)Nc2ccc(Cl)cc2)cc1,CCOCC,481.0
11073,CN1c2ccc(C(=O)c3ccccc3)cc2Sc2cc(C(=O)c3ccccc3)ccc21,CN(C)C=O,555.0
4156,N=c1oc2ccccc2cc1-c1ccc([N+](=O)[O-])cc1,C1CCOC1,442.0
1741,CN(C)c1ccc(/C=C/c2nc3ccccc3s2)cc1,CC#N,504.0
1658,F[B-]1(F)n2c(cc(-c3ccccc3)c2-c2ccccc2)C(c2ccccc2)=C2C=C(c3ccccc3)C(c3ccccc3)=[N+]21,C1CCOC1,620.0
212,COc1ccc(/C=C/c2cc(/C=C/c3ccc(OC)cc3)nc(/C=C/c3ccccc3)n2)cc1,CCCCCCC,397.0
9564,COC(=O)C(Cc1ccc2oc(-c3ccc(-n4c5ccccc5c5ccccc54)cc3)nc2c1)NC(=O)OC(C)(C)C,CC(C)=O,432.9941546
4508,CC(C)(C)c1ccc(-c2nc3c4ccc(-c5cccc6ccccc56)cc4c4cc(-c5cccc6ccccc56)ccc4c3n2-c2ccc(C(C)(C)C)cc2)cc1,CC#N,391.0
6275,Cc1cc(C)c(B(c2c(C)cc(C)cc2C)c2c(C)cc(N3c4ccccc4Oc4ccccc43)cc2C)c(C)c1,c1ccc2c(c1)c1ccccc1n2-c1ccc(-c2ccc(-n3c4ccccc4c4ccccc43)cc2)cc1,504.0
3058,COc1cc(/C=C/C2=CC(/C=C/c3ccc(O)c(OC)c3)=[O+][B-](F)(F)O2)ccc1O,c1ccccc1,534.85
323,Cc1ccc(C2=C3C=CC(C#Cc4ccccc4)=[N+]3[B-](F)(F)n3c(C#Cc4ccccc4)ccc32)cc1,C1CCCCC1,626.0
11551,CC1(C)c2ccccc2N(c2ccc(C(=O)/C=C(\O)c3ccc(N4c5ccccc5C(C)(C)c5ccccc54)cc3)cc2)c2ccccc21,c1ccc2c(c1)c1ccccc1n2-c1ccc(-c2ccc(-n3c4ccccc4c4ccccc43)cc2)cc1,524.6284501
1097,CCc1ccc(/C=N/c2cc(C(C)C)c(O)cc2C)cc1,C1COCCO1,410.0
12090,CCc1ccc(-c2ccc(-c3nnc(-c4ccc(-c5nnc(-c6ccc(-c7ccc(CC)cc7)s6)o5)cc4)o3)s2)cc1,CCO,399.0
10043,Nc1ccc2c(-c3ccccc3C(=O)[O-])c3ccc(=[NH2+])cc-3oc2c1,CN(C)C=O,536.0
1359,Cc1cccc2cc3c(=O)n(C)c(=O)n(C)c3nc12,CC(C)O,421.0
334,N#Cc1c(N2CCCCC2)cc(-c2ccc3ccccc3c2)c2c1-c1ccccc1C2,C1CCOC1,462.0
10571,c1ccc(-c2nc(-c3ccc(-c4ccc(N(c5ccccc5)c5ccccc5)cc4)cn3)oc2-c2ccccc2)cc1,Cc1ccccc1,435.0
3110,N#Cc1cc(-c2ccc(F)cc2)cnc1O,CC1CCCCC1,425.0
3474,CCOC(=O)c1c(-c2cc3cc4c(cc3oc2=O)OC(C)(C)CC4)nn(-c2cccc(Cl)c2)c1C(=O)OCC,ClCCl,432.0
2840,Cn1c(=O)c(/N=N/c2cc(S(=O)(=O)O)ccc2C(=O)O)c(O)c2ccccc21,ClCCl,516.0
3691,CC(C)(C)c1ccc(-c2cc3c(-c4ccc(C(C)(C)C)cc4)c4cccc5c(-c6ccc(C(C)(C)C)cc6)cc6c(-c7ccc(C(C)(C)C)cc7)c7cccc2c7c3c6c54)cc1,CO,462.0
1613,COC(=O)c1cc(=O)n(C)c2cc(-c3ccc(OC)cc3)sc12,ClC(Cl)Cl,472.0
5837,CC(C)(C)c1cc2ccc3c(N(c4ccccc4)c4ccccc4)cc(N(c4ccccc4)c4ccccc4)c4ccc(c1)c2c34,ClCCl,467.0
792,ClC1=CN2C[n+]3cc(Cl)ccc3N=C2C=C1,CO,473.0
233,O=c1c(N(c2ccccc2)c2ccc3ccccc3c2)c([O-])/c1=[N+](\c1ccccc1)c1ccc2ccccc2c1,CN(C)C=O,510.0
6890,COc1cc(OC)cc(C2=[O+][B-](F)(F)OC(c3ccc4ccccc4c3)=C2)c1,CCCCCC,418.8884866
5382,c1cc2ccc1CCCc1cc3c(cc1CCCc1ccc(c4nsnc14)CCC3)CCC2,CC#N,534.0
1064,O=Cc1ccc(-c2ccc(C3=CCC(c4ccccc4)CC3)s2)s1,C1CCOC1,446.0
209,COc1ccc(/C=C/c2cc(/C=C/c3ccc(OC)cc3)nc(/C=C/c3ccccc3)n2)cc1,C1CCOC1,432.0
9371,CC(=O)c1c(N[C@@H](Cc2ccc(O)cc2)C(=O)O)c2ccc(N(C)C)cc2oc1=O,ClCCl,415.0
1327,CC(=O)[B-]1(C(C)=O)OC(c2ccc3ccccc3c2)=CC(c2ccc3ccccc3c2)=[O+]1,CC#N,505.0
5692,CCCCCCCCOc1ccc(C#Cc2ccc3oc4ccccc4c3c2)c(OCCCCCCCC)c1,ClCCl,373.0
7633,CC1=[N+]2C(=C(c3ccc(N(c4ccccc4)c4ccccc4)cc3)c3ccc(C)n3[B-]2(F)F)C=C1c1cc2n(c1)[B-](F)(F)[N+]1=CC=CC1=C2c1c(C)cc(C)cc1C,C1CCCCC1,645.0
5042,COC(=O)[C@H](Cc1ccc2oc3c(c2c1)=CC1=C(c2ccc(OC)cc2)c2cc4c5cc(C[C@H](NC(=O)OC(C)(C)C)C(=O)OC)ccc5oc4n2[B-](F)(F)[N+]=31)NC(=O)OC(C)(C)C,CO,595.0
4094,CCCCC1(CCCC)c2cc(C#Cc3ccc4ccc5cccc6ccc3c4c56)ccc2-c2ccc(N(c3ccccc3)c3ccccc3)cc21,CCOC(C)=O,490.0
10263,Oc1ccc2ccccc2c1-c1nc(-c2ccccc2)c2ccccn12,ClCCl,467.0
2413,CN(C)C(=O)c1ccc(-c2nc3ccc(N(C)C)cc3s2)cc1,c1ccccc1,457.0
10744,Fc1c(F)c(F)c2c(c1F)C1=Nc3c4c(F)c(F)c(F)c(F)c4c4n3[B-]3(Cl)n5c(c6c(F)c(F)c(F)c(F)c6c5=N4)=NC2=[N+]13,CC(=O)OC(C)=O,588.0
5809,O=P1(c2ccccc2)C(c2ccccc2)=Cc2ccccc21,ClCCl,423.0
11887,CC(C)(C)c1ccc2c(c1)c1cc(C(C)(C)C)ccc1n2-c1ccc(-n2c3ccc(C(C)(C)C)cc3c3cc(C(C)(C)C)ccc32)c(C(=O)c2ccncc2)c1,C1CCOC1,519.4852941
9470,COc1ccc(/C=C/C2=CC(/C=C/c3ccc(OC)c4ccccc34)=[O+][B-](F)(F)O2)c2ccccc12,CCOCC,587.0
3542,CCCCCCC(CCCCCC)n1c(=O)c2c3ccc4cccc5c6cccc7ccc(c2c1=O)c(c76)c3c45,CCCCCC,469.0
3872,O=C1c2cc(-n3c4ccccc4c4ccccc43)ccc2S(=O)(=O)c2ccc(-n3c4ccccc4c4ccccc43)cc21,Cc1ccccc1,546.0
871,CCc1c(C)[nH]c(C2=[N+]3C(=Cc4c(C)cc(C)n4[B-]3(F)F)c3ccccc32)c1C,Cc1ccccc1,642.0
10317,CN(c1ccccc1)c1ccc(-c2ccc(-c3ccc(N(C)c4ccccc4)cc3)c3nc(-c4ccccc4)c(-c4ccccc4)nc23)cc1,CCCCCC,598.0
1263,CCCCC(CC)Cn1c2cc(C#N)c(-c3ccc(N(c4ccccc4)c4ccccc4)cc3)cc2c2cc(-c3ccc(N(c4ccccc4)c4ccccc4)cc3)c(C#N)cc21,C1CCCCC1,450.0
1618,COC(=O)c1cc(=O)n(C)c2cc(-c3cccc(OC)c3)sc12,ClCCl,464.0
7130,CCOC(=O)COc1ccccc1C(c1c(C)[nH]c2ccccc12)c1c(C)[nH]c2ccccc12,CO,349.0
8314,N#CC(C#N)=C(/C=C/c1ccc(N(c2ccccc2)c2ccccc2)cc1)c1ccccc1,CCOC(C)=O,620.0
11932,N#CC(C#N)=Cc1ccc(-c2ccc(N(c3ccccc3)c3ccccc3)cc2)s1,ClC(Cl)Cl,634.0
2414,CN(C)c1ccc2nc(-c3ccccc3)sc2c1,C1CCCCC1,393.0
5344,CCCCC(CC)Cn1c2cc(C#N)ccc2c2cc(-c3ccc(N(c4ccccc4)c4ccccc4)cc3)c(C#N)cc21,C1CCCCC1,444.0
7075,O=C1c2ccccc2-c2ccc(N3CCN(c4ccccc4)CC3)c3cccc1c23,C1COCCO1,578.0
8516,CSc1cc(-c2cc3cc4c5c(c3oc2=O)CCCN5CCC4)oc(=O)c1C#N,CN(C)C=O,612.0
1220,COc1ccc(-c2cc(-c3ccc(C)cc3)c(C#N)c(OC)n2)cc1,CCOC(C)=O,394.0
7273,CN1C(=O)/C(=C/c2ccncc2)N=C1/C=C/c1ccncc1,CCOC(C)=O,535.0
1765,COc1ccc(/C=C/C(=O)c2c(O)cc(C)oc2=O)cc1,CC#N,488.0
4561,O=c1cc2c(Br)c(O)c3cccc4ccc(o1)c2c43,CC1CCCO1,484.0
2456,O=P(c1ccccc1)(c1ccccc1)n1c2ccccc2c2cc(-n3c4ccccc4c4cc(-n5c6ccccc6c6ccccc65)ccc43)ccc21,CC(C)=O,374.0
8098,O=Cc1cc(O)ccc1O,CNC=O,479.0
10909,Nc1ccc2cc(-c3ccc(C(F)(F)F)cc3)oc(=O)c2c1,CCCCCC,418.0
2001,Cc1ccccc1/C(C#N)=C/c1ccc(N(C)C)cc1,CC#N,427.0
1513,Oc1cccc(/N=C/c2ccccc2Oc2ccccc2)c1,CCCCOC(C)=O,404.0
6388,COc1cccc(C2=C(c3ccc(C(C)(C)C)cc3)C(c3ccc(C(C)(C)C)cc3)=[N+]3C2=C(c2ccccc2)c2c(-c4cccc(OC)c4)c(-c4ccc(C(C)(C)C)cc4)c(-c4ccc(C(C)(C)C)cc4)n2[B-]3(F)F)c1,Cc1ccccc1,640.0
4629,CCOC(=O)CC[N+]1=c2cc3c(cc2CCC1)=Cc1c(c2ccc(N(C)C)cc2oc1=O)O3,O,644.0
2801,CCCCCCCCOc1ccc(C#Cc2ccc(C#Cc3ccc(OCCCCCCCC)c(OCCCCCCCC)c3)c3nc4c5ccccc5c5ccccc5c4nc23)cc1OCCCCCCCC,C1CCOC1,558.0
4802,CC1=CC(C)=[N+]2C1=Cc1c3ccccc3c(C#Cc3ccsc3)n1[B-]2(F)F,CN(C)C=O,623.0
7143,CC/[NH+]=c1\cc2oc3cc(NCCC(=O)O)c4ccccc4c3nc-2cc1C,O,652.0
3582,CCCCCCc1ccc(-n2c3[n+](c4c5ccccc5c5ccccc5c42)[B-](C)(C)c2cc(-n4c5ccccc5c5ccccc54)ccc2-3)cc1,C1CCOC1,409.0
2523,CC1=C(C2=C(C)C(C)=[N+]3C2=Cc2cc(C)c(C)n2[B-]3(F)F)C2=Cc3cc(C)c(C)n3[B-](F)(F)[N+]2=C1C,ClCCl,598.0
8937,CCCCCCCC1=C(C)C(=O)n2c1cc1[nH]c(C(=O)OC)c(C)c1c2=O,c1ccccc1,441.0
6221,Cc1ccc(-n2c3ccccc3c3cc(C=C(C#N)C#N)ccc32)cc1,CC#N,516.0
9395,Cc1cc(=O)oc2c1cc(Br)c1occ(C)c12,OCC(F)(F)F,426.0
8116,CN(C)c1cc(C#N)c(N(C)C)c(C#N)c1,CC(C)=O,524.9343832
10646,c1ccc(-c2nc(-c3ccccc3)nc(-c3ccc(-n4c5ccccc5c5cc(-c6ccc7sc8ccccc8c7c6)ccc54)cc3)n2)cc1,Cc1ccccc1,433.0
9351,O=Cc1c(O)c(-c2nc3ccccc3s2)cc2ccccc12,Cc1ccccc1,509.0
3078,COc1ccc2cc(C3=[N+]4C(=Nc5c(-c6ccccc6)cc(-c6ccc7cc(OC)ccc7c6)n5[B-]4(F)F)C(c4ccccc4)=C3)ccc2c1,ClCCl,733.0
5267,COC(=O)c1c2ccccc2nc2ccccc12,C1CCOC1,418.0
5372,COC(=O)C1=C(C(=O)OC)C2=C[C@H]3c4ccccc4[C@]2(S1)c1ccccc13,C1CCOC1,477.0
6699,CCCCCCCC(=O)Oc1ccc2c3cccc4c(OC(=O)CCCCCCC)ccc(c5cccc1c52)c43,Cc1ccccc1,456.9876679
11854,Cc1ccc(C2CC(c3ccc(O)cc3)=NN2c2ccc(S(N)(=O)=O)cc2)cc1,CCOC(C)=O,415.0
10547,O=C1c2ccccc2-c2ccc(Nc3nc(Cl)nc(Cl)n3)c3cccc1c23,O=C1CCCCC1,520.0208008
2110,c1ccc(N(c2ccccc2)c2ccc(-c3ccc(-c4ccc(-c5cccs5)c5nsnc45)s3)cc2)cc1,ClC(Cl)Cl,670.0
5563,CCCCN1/C(=C\C=C\C=C\C2=[N+](CCCC)c3ccc4cc(Br)ccc4c3C2(C)C)C(C)(C)c2c1ccc1cc(Br)ccc21,CS(C)=O,713.0
2375,Nc1cc(N)cc(-c2nc3ccccc3s2)c1,C1CCCCC1,410.5
11886,O=C(c1ccncc1)c1cc(-n2c3ccccc3c3ccccc32)ccc1-n1c2ccccc2c2ccccc21,ClCCl,531.643002
9365,COc1cc(OC)cc(-c2nnc(-c3ccc(-c4nnc(-c5cc(OC)cc(OC)c5)o4)cc3)o2)c1,ClCCl,383.0
1328,CC(=O)[B-]1(C(C)=O)OC(c2ccc3ccccc3c2)=CC(c2ccc3ccccc3c2)=[O+]1,ClC(Cl)(Cl)Cl,488.0
11981,CC(C)(C)[Si](C)(C)C#CC1=CC2=c3cc(C#C[Si](C)(C)C(C)(C)C)c4nc(C(F)(F)C(F)(F)C(F)(F)F)nc5c(C#C[Si](C)(C)C(C)(C)C)cc(c3c54)C3=CC(C#C[Si](C)(C)C(C)(C)C)=C4N=C(C(F)(F)C(F)(F)C(F)(F)F)N=C1C4C32,C1CCOC1,523.0
2308,COc1ccc(/C=C(\C)c2nc3ccccc3o2)cc1,C1CCCCC1,380.0
11195,COc1c2ccccc2c(OC)c2c1c1ccc(F)cc1n2C,ClCCl,411.0
3546,CCCCCCC(CCCCCC)n1c(=O)c2c3ccc4cccc5c6cccc7ccc(c2c1=O)c(c76)c3c45,Cc1ccccc1,491.0
3527,Cc1cccc(-c2nc3sc4ccccc4c3s2)c1,CS(C)=O,412.0
10382,Cc1nc2cccc(-c3nc4ccccc4[nH]3)c2c(=O)[nH]1,CN(C)C=O,441.0
7258,O=[N+]([O-])c1ccc(N/C=C/C=[NH+]c2ccc([N+](=O)[O-])cc2)cc1,CS(C)=O,508.0
5677,CCN(CC)c1ccc2cc(/C=C(\C#N)c3nc4ccccc4s3)c(=O)oc2c1,CCOC(C)=O,576.0
617,CC(C)(C)c1ccc2c(c1)c1cc(C(C)(C)C)ccc1n2-c1cccc(-c2nc(-c3cccc(-n4c5ccc(C(C)(C)C)cc5c5cc(C(C)(C)C)ccc54)c3)nc(-c3cccc(P(=O)(c4ccccc4)c4ccccc4)c3)n2)c1,CC#N,572.1294363
4047,C(=C/c1ccc(N(c2ccccc2)c2ccccc2)cc1)\c1ccc(-c2ccc(/C=C/c3ccc(N(c4ccccc4)c4ccccc4)cc3)cc2)cc1,ClCCl,480.0
10277,CCN(CC)c1ccc2cc(/C=C/C(=O)/C=C(O)/C=C/c3cc4ccc(N(CC)CC)cc4oc3=O)c(=O)oc2c1,CC#N,609.0
5227,CC1(C)CC(/N=C/c2ccc3ccc4cccc5ccc2c3c45)CC(C)(C)N1,CC#N,390.0
6248,Cc1ccc(C2=[N+]3C(=Nc4c5ccccc5c(-c5ccc(C)s5)n4[B-]3(F)F)c3ccccc32)s1,ClCCl,841.0
5955,Cc1cc(C)c(-c2nnc(-c3ccc(-n4c5ccccc5c5ccccc54)cc3)o2)c(C)c1,CCO,435.0
9141,C[Si](C)(C)c1ccc(-c2ccc(-c3ccc(-c4ccc(-c5ccc([Si](C)(C)C)s5)cc4)c4nsnc34)cc2)s1,C1CCOC1,540.0
9417,CC(C)(C)c1ccc2c(c1)c1cc(C(C)(C)C)ccc1n2-c1ccc2oc3nc4oc5cc(C(F)(F)F)ccc5c4cc3c2c1,ClC(Cl)Cl,466.0
6747,c1cc2ccc3[s+]c4ccc5cccc6c7cccc8c(c1)c2c3c(c87)c4c56,ClCCl,643.0
7861,CC1(C)CC(=O)C2=C(C1)Oc1ccc3ccc(O)cc3c1C2c1ccccn1,CCO,344.0
2652,CC1=CC(c2ccc3cc(N(C)C)ccc3c2)=[O+][B-](F)(F)O1,CC(C)=O,492.0
10077,N#Cc1ccc(-c2cn3ccc[n+]3[n-]2)cc1,ClCCl,509.0
11976,C/C(=N\Nc1ccc(C#N)cc1)c1ccccn1,CCCCCC,452.0
745,CCCCN(CCCC)c1ccc(/C=C/c2ccc3nc(/C=C/c4ccc(N(C)C)cc4)c(-c4ccccc4)nc3c2)cc1,C1COCCO1,549.0
3541,CCCCCCC(CCCCCC)n1c(=O)c2c3ccc4cccc5c6cccc7ccc(c2c1=O)c(c76)c3c45,CC(C)=O,514.0
12014,Cc1cc(C)c([B-]2(c3c(C)cc(C)cc3C)[O+]=P(c3ccccc3)(c3ccccc3)c3cc(-c4ccc(N(C)C)cc4)sc3-c3sc(-c4ccc(N(C)C)cc4)cc32)c(C)c1,C1CCOC1,552.0
3745,C[Si]1(C)O[Si](C)(C)c2cc3c(-c4ccccc4)c4ccccc4nc3cc21,ClCCl,502.0
2004,Cc1ccccc1/C(C#N)=C/c1ccc(N(C)C)cc1,CCCCCO,495.0
7731,CCOC(=O)C1=C(C)NC2=C(C(=O)c3ccccc32)C1c1ccc(N(C)C)cc1,ClC(Cl)(Cl)Cl,475.0
4759,CCCCCCCN1C(=CC2=C([O-])C(=CC3=[N+](CCCCCCC)c4ccccc4C3(C)C)C2=C(C#N)C#N)C(C)(C)c2ccccc21,ClC(Cl)Cl,695.0
11721,CCC12C(=C3C(=C4c5ccc(-c6ccc(C(C)=O)s6)cc5S(=O)(=O)C41CC)C(F)(F)C(F)(F)C3(F)F)c1ccc(-c3ccc(C(C)=O)s3)cc1S2(=O)=O,C1COCCO1,560.3950104
3047,COc1cc(/C=C/C2=CC(/C=C/c3ccc(O)c(OC)c3)=[O+][B-](F)(F)O2)ccc1O,CS(C)=O,612.94
11513,Cc1cc(C)cc(NC(=O)c2sc(Br)nc2C)c1,ClC(Cl)Cl,411.5
10857,c1ccc2c(c1)cc(-c1cc(-c3nccs3)nc(-c3nccs3)c1)c1ccccc12,CCCCCC,361.0
1336,CCOC(=O)COc1ccc(/C=C/c2c(CC)c(C)c3n2[B-](F)(F)[N+]2=C(c4[nH]c(C)c(CC)c4C)c4ccccc4C2=C3C)cc1,Cc1ccccc1,709.0
8899,C(#Cc1ccc2ncsc2c1)c1ccc(N(c2ccccc2)c2ccccc2)cc1,Cc1ccccc1,428.0
4607,Cc1c2c(c(C)c3ccccc13)C1=CC3Nc4ccccc4NC3C=C12,ClC(Cl)Cl,502.0
5497,CCCCCCN1C(=O)c2cccc3c(-c4ccc(-c5cc(-c6ccc(C)cc6)n(-c6ccccc6)n5)s4)ccc(c23)C1=O,ClCCl,521.0
6772,Cc1cc(C(F)(F)F)nc2c1ccc1nc(-c3ccc(F)c(F)c3)cn12,CCOC(C)=O,454.0
3095,CN(C)c1ccc(/C=C/c2nc3c4ccccc4c4ccccc4c3[nH]2)cc1,Cc1ccccc1,436.0
8524,CCCCCCC(CCCCCC)N1C(=O)c2cccc3c(-c4ccc(-c5ccc(OC)cc5)cc4)ccc(c23)C1=O,CCCCCCCCCCCO,518.2
3285,Cc1ccc(Nc2ccc(Nc3ccc(C)cc3)c3c2C(=O)c2ccccc2C3=O)cc1,CCO,684.0
11754,c1ccc(-c2nc(-c3ccc(-c4ccc(-n5c6ccccc6c6ccccc65)cc4)cn3)oc2-c2ccccc2)cc1,C1CCOC1,411.0
7293,CCN(CC)c1cccc2c1ccc1c(=O)oc(-c3ccc(C(F)(F)F)cc3)cc12,CC(C)=O,604.0
11487,Fc1ccc(-c2nc3n(c2-c2ccncc2)CCS3)cc1,ClCCl,415.0
3751,C(=C/c1ccc(/C=C/c2c3ccccc3cc3ccccc23)cc1)\c1ccncc1,C1CCOC1,515.0
1313,C1=CSC(=C2SC=C(/C=C/C=C/C=C/C3=CSC(=C4SC=CS4)S3)S2)S1,Cc1ccccc1,685.0
4700,F[B-]1(F)OC(c2ccc(N3CCCCC3)cc2)=Cc2cccc[n+]21,ClC(Cl)Cl,499.0
11893,COc1ccc(C2=[N+]3C(=Nc4c(-c5ccc6ccccc6c5)cc(-c5ccc(OC)cc5)n4[B-]3(F)F)C(c3ccc4ccccc4c3)=C2)cc1,ClCCl,733.0
5721,O=C(O)c1ccccc1Nc1ccccc1,CN(C)C=O,386.0
2903,c1ccc(-p2c3ccccc3c3sc4ccccc4c32)cc1,C1CCCCC1,416.0
11614,Nc1ccc2c(C(F)(F)F)cc(=O)oc2c1,CCC(C)CC,400.0
7336,O=C(N/N=C/c1ccccc1O)c1ccc([N+](=O)[O-])cc1,CCO,430.0
3333,CC(C)CCCCN1CCc2c1ccc1c3c(ccc21)CCCC3=O,C1CCCCC1,507.0
6597,CCN1/C(=C\C2=C([O-])/C(=C/C3=[N+](CC)c4c(ccc5ccc(C)nc45)C3(C)C)C2=O)C(C)(C)c2ccc3ccc(C)nc3c21,CN(C)C=O,705.0
7528,O=[N+]([O-])c1ccc([N+]2=CC3=C(O[B-]2(F)F)c2ccccc2SC3)cc1,ClCCl,575.0
6027,CN(C)c1ccc(C#Cc2ccc(C#N)cc2)cc1,CC(C)O,509.99592
3053,CC(=O)O[B-]1(OC(C)=O)OC(/C=C/c2ccccc2)=CC(/C=C/c2ccccc2)=[O+]1,CC(C)=O,473.0
9085,c1ccc(-c2nc(-c3ccccc3)nc(-n3c4ccccc4c4cc(-n5c6ccccc6c6ccccc65)cc(-n5c6ccccc6c6ccccc65)c43)n2)cc1,C1CCOC1,482.5281804
976,CCC1(CC)c2cc(/C=C/c3cc(Br)c(/C=C/c4ccc5c(c4)C(CC)(CC)c4cc(N6c7ccccc7Sc7ccccc76)ccc4-5)cc3Br)ccc2-c2ccc(N3c4ccccc4Sc4ccccc43)cc21,ClCCl,550.0
6112,COc1ccc(C#Cc2ccc(C#N)cc2)cc1,CCCCCCC,337.0
8370,COC(=O)C(Cc1ccc2oc(-c3ccc4c(c3)c3ccccc3n4-c3ccccc3)nc2c1)NC(=O)OC(C)(C)C,CC(C)=O,379.0032215
653,CN(C)c1ccc(C#Cc2ccc(-c3nc(C#N)c(C#N)n3C)cc2)cc1,CO,489.0
9912,COC(C)CC1=N/C(=C\c2cccc(N(C)C)c2)C(=O)N1C,CCCCCC,495.0
2269,CCOC(=O)CN1C(=O)C2=C(c3ccc(N4CCCCC4)cc3)N(CC(=O)OCC)C(=O)C2=C1c1ccc(C#N)cc1,Cc1ccccc1,603.0
5381,c1cc2ccc1CCCc1cc3c(cc1CCCc1ccc(c4nsnc14)CCC3)CCC2,C1CCCCC1,496.0
8128,C[Si](C)(C)C#CC(C#C[Si](C)(C)C)=Cc1ccc(C=C(C#C[Si](C)(C)C)C#C[Si](C)(C)C)cc1,ClC(Cl)Cl,426.0
7324,CCN(CC)c1ccc2cc(-c3cc(SC)c(C#N)c(=O)o3)c(=O)oc2c1,ClC(Cl)Cl,547.0
8111,COCCOCCOc1cc(C=O)c(OCCOCCOC)cc1C=O,CO,466.0
7159,CN1/C(=C/C=C/C=O)C(C)(C)c2ccccc21,CS(C)=O,460.0
8625,CCC1=C(C)C2=C(C)c3c(I)c(I)cn3[B-](F)(F)[N+]2=C1C,C1CCCCC1,538.5
6182,c1ccc2c(c1)Oc1ccccc1N2c1ccc2c(c1)c1ccccc1n1ccnc21,O=P(c1ccccc1)(c1ccccc1)c1ccccc1Oc1ccccc1P(=O)(c1ccccc1)c1ccccc1,500.0
7826,Cc1ccc(-c2c3nc(c(-c4ccc(C)cc4)c4ccc(s4)c(-c4ccc(C)cc4)c4nc(c(-c5ccc(C)cc5)c5ccc2[nH]5)C=C4)C=C3)cc1,ClCCl,678.0
6821,CCCCCCCCCCCCCCCCOC(=O)c1ccc(N(c2ccccc2)c2ccccc2)cc1,C1CCCCC1,380.0
8122,CN(C)c1cc(C#N)c(N(C)C)c(C#N)c1,CCCCCCCCO,523.2862376
611,COc1ccc2cc(/C=C/C3=C4CCc5ccccc5C4=[O+][B-](F)(F)O3)ccc2c1,ClCCl,564.0
4766,N#Cc1c(-c2cccs2)cc(-c2cccs2)[nH]c1=O,CN(C)C=O,464.0
2114,c1cc2ccc1CCCc1ccc(c3nsnc13)CCC2,CC#N,497.0
4881,COC(=O)c1nc2cnc(N(C)C)nc2n1Cc1ccccc1,C1COCCO1,426.0
5805,CCc1ccc(-n2c3ccccc3c3cc4c(cc32)c2ccccc2n4-c2ccc(CC)cc2)cc1,ClC(Cl)Cl,415.0
12211,CN1C(=O)/C(=C/c2ccncc2)N=C1/C=C/c1ccccc1,C1COCCO1,546.0
8498,Cn1c2nc(=O)[nH]c(=O)c-2nc2ccccc21,CC1CCCO1,489.0
3166,N#Cc1ccc(-c2nc(-c3ccccc3)c3ccccn23)cc1,CC#N,453.0
2602,COc1cccc(-c2[nH]c(=O)n3c2-c2ccccc2C3=O)c1O,CC#N,478.0
7021,C(=C/c1ccnc2ccccc12)\c1ccc(/C=C/c2ccnc3ccccc23)cc1,CS(C)=O,443.0
511,CCCCOc1ccc(/C=C/C=C/C=C/c2ccc([N+](=O)[O-])cc2)cc1,Cc1ccccc1,546.0
11395,Oc1ccc2ccccc2c1C1Nc2cccc3cccc(c23)N1,Cc1ccccc1,468.0
7580,Cc1ccc([C@@H]2C[C@](O)(c3ccccn3)C[C@](O)(c3ccccn3)[C@H]2C(=O)c2ccc(N(c3ccccc3)c3ccccc3)cc2)cc1,CCOC(C)=O,496.0
3015,CC(=O)c1ccc2cc(C#Cc3cn([C@H]4C[C@H](O)[C@@H](CO)O4)c4ncnc(N)c34)ccc2c1,CO,464.0
4441,CCCCC(CC)CN1C(=O)c2cccc3c(C#Cc4ccc(N(c5ccccc5)c5ccc(C#Cc6ccc7c8c(cccc68)C(=O)N(CC(CC)CCCC)C7=O)cc5)cc4)ccc(c23)C1=O,CC#N,549.0
4463,CCCCC#Cc1cccc2cc(CCCC)c3cc(-c4cc[b-]5c(c4)c(CCCC)cc4cccc(C#CCCCC)[n+]54)cc[b-]3[n+]12,C1CCCCC1,598.0
8635,C#CCNC1=C2C(C)=CC(C)=[N+]2[B-](F)(F)n2c(C)cc(C)c21,CC(C)=O,496.0
8074,CCOC(=O)c1cccc(N)c1,CCCCCC,351.4563107
9136,CN(C)c1ccc2c(c1)Cc1ccccc1-2,CCOCC,364.0
8066,COC(=O)/C=C/C=C/c1ccc(N(C)C)cc1,O,435.0
3704,Cc1nc2c(c[n+]1C)CN1C(=O)N([C@H]3O[C@@H](CO)[C@H](O)[C@@H]3O)C=CC1=N2,CC(C)=O,418.0
520,CN(C)c1ccc(/C=C/c2ccccn2)cc1,CCCCCCC,417.0
8573,Nc1ccc2c(c1)C(=O)NC2=O,CO,518.0
8141,COCCOCCOCCOCCOc1ccc(OCCOCCOCCOCCOC)c(C=O)c1,CC(C)CO,452.0
9480,Oc1c(-c2nc3c4ccc(-c5ccccc5)cc4c4cc(-c5ccccc5)ccc4c3[nH]2)ccc2c1c1ccccc1n2-c1ccccc1,C1CCOC1,506.0
6418,CC(C)[Si](C#Cc1ccc(C#C[Si](C(C)C)(C(C)C)C(C)C)c2nc3c4ccccc4c(=O)c4ccccc4c3nc12)(C(C)C)C(C)C,ClCCl,455.0
1092,c1ccc(N(c2ccccc2)c2ccc(-c3ccc4c(c3)C3(c5cc(-c6ccc(N(c7ccccc7)c7ccccc7)cc6)ccc5S4)c4ccccc4-c4ccccc43)cc2)cc1,ClCCl,410.0
8847,c1ccc(-c2nc(-c3ccccc3)nc(-c3cc(-n4c5ccccc5c5ncccc54)c(-n4c5ccccc5c5ccccc54)c(-n4c5ccccc5c5ncccc54)c3)n2)cc1,CC#N,525.3488372
5957,CC(C)(C)c1cc(C(C)(C)C)c(-c2nnc(-c3ccc(-n4c5ccccc5c5ccccc54)cc3)o2)c(C(C)(C)C)c1,CCO,432.0
6760,COc1cc(/C=C/c2nc3ccccc3o2)c(OC)cc1/C=C/c1nc(C)nc(C)n1,ClC(Cl)Cl,490.0
8568,Nc1ccc2c(c1)C(=O)NC2=O,CC(C)=O,457.0
12150,CN(C)c1ccc2nc(-c3ccc(C(=O)OC[C@H](NC(=O)OC(C)(C)C)C(=O)OCc4ccccc4)cc3)sc2c1,CC#N,568.0
5838,CC(C)(C)c1ccc(N(c2ccc(C(C)(C)C)cc2)c2cc(N(c3ccc(C(C)(C)C)cc3)c3ccc(C(C)(C)C)cc3)c3ccc4cc(C(C)(C)C)cc5ccc2c3c54)cc1,ClCCl,491.0
3771,N#Cc1cc(-n2c3ccccc3c3ccccc32)nc(-n2c3ccccc3c3ccccc32)n1,Cc1ccccc1,471.0
9192,O=Cc1cc(C=O)c2ccc3c(N4CCCCC4)cc(N4CCCCC4)c4ccc1c2c43,Cc1ccccc1,582.0
1109,CCc1ccc(/C=N/c2cc(C(C)C)c(O)cc2C)cc1,ClCCl,420.0
11775,CC(=O)c1ccn2c3c(c(-c4ccc(C(F)(F)F)cc4)c2c1)CN(CCCNC(=O)OC(C)(C)C)C3=O,CO,514.0
7634,CC1=[N+]2C(=C(c3ccc(N(c4ccccc4)c4ccccc4)cc3)c3ccc(C)n3[B-]2(F)F)C=C1c1cc2n(c1)[B-](F)(F)[N+]1=CC=CC1=C2c1c(C)cc(C)cc1C,CCOC(C)=O,680.0
1038,CC(C)(C)c1ccc2c(c1)sc1[n+]2[B-](F)(F)n2c(c3cccc4cccc2c43)=C1C#N,CC#N,540.0
11281,F[B-]1(F)n2cccc2C(c2ccccc2)=C2C=CC(c3cccc(OC4=[N+]5C(=C(c6ccccc6)c6cc(Br)c(-c7ccc[nH]7)n6[B-]5(F)F)C=C4Br)c3)=[N+]21,ClC(Cl)Cl,644.0
6693,COc1ccc2c3cccc4c(OC)ccc(c5cccc1c52)c43,Cc1ccccc1,465.9942475
20,c1ccc2c(-c3ccc(-c4nnc(-c5ccc(-c6nnc(-c7ccc(-c8cccc9ccccc89)s7)o6)cc5)o4)s3)cccc2c1,CCCCCCCCO,442.0
9434,FC(F)(F)c1ccc(C#Cc2cc(C#Cc3ccc(C(F)(F)F)cc3)c3ccc4c(C#Cc5ccc(C(F)(F)F)cc5)cc(C#Cc5ccc(C(F)(F)F)cc5)c5ccc2c3c54)cc1,ClCCl,491.0
5719,O=C(O)c1ccccc1Nc1ccccc1,CC#N,398.0
4454,CCCCC(CC)Cn1c2ccccc2c2cc(-c3cc4c(cc3F)-c3cc(F)c(-c5ccc6c(c5)c5ccccc5n6CC(CC)CCCC)cc3S4(=O)=O)ccc21,Cc1ccccc1,432.0
7834,F[Si](c1ccccc1)(c1ccccc1)c1c2ccccc2cc2ccccc12,C1CCOC1,405.0
6240,CCOC(=O)/C(C#N)=C\c1ccc2c(c1)c1ccccc1n2-c1ccc(OC)cc1,CS(C)=O,542.0
4851,O=S1(=O)c2ccc(-c3ccc(N(c4ccccc4)c4ccccc4)cc3)cc2C2(c3ccccc3-c3ccccc32)c2cc(-c3ccc(N(c4ccccc4)c4ccccc4)cc3)ccc21,CN(C)C=O,491.1963883
934,CC1=C2c3ccccc3C(c3ccc[nH]3)=[N+]2[B-](F)(F)n2cccc21,CC#N,586.0
11987,Cc1c2oc3c(C)c(N)cc(C(=O)NC4OC(=O)C(C(C)C)N(C)C(=O)CN(C)C(=O)C5CCCN5C(=O)C(C(C)C)NC4=O)c3nc-2c(C(=O)NC2OC(=O)C(C(C)C)N(C)C(=O)CN(C)C(=O)C3CCCN3C(=O)C(C(C)C)NC2=O)c(N)c1=O,CC(C)=O,609.7226372
6391,C(=C/c1ccc(N(c2ccccc2)c2ccccc2)cc1)\c1ccccc1,CC#N,455.0
11069,Cc1cc(C)c(B(c2c(C)cc(C)cc2C)c2c(C)cc(-n3c4ccccc4c4cc(N(c5ccccc5)c5ccccc5)ccc43)cc2C)c(C)c1,Cc1ccccc1,477.0
8397,COC(=O)C(Cc1ccc2oc(-c3ccc4c(c3)c3ccccc3n4-c3ccccc3)nc2c1)NC(=O)OC(C)(C)C,ClCCl,382.0001528
1726,N#C/C(=C\c1ccc([N+](=O)[O-])cc1)c1nc2ccccc2s1,CO,520.0
394,CCOc1cccc2c1O[B-](F)(F)[n+]1c3c(c4c(c1-2)-c1ccccc1CC4)-c1ccccc1CC3,ClCCl,483.0
8423,O=CC1=C(c2ccc(-c3cccs3)s2)CC1,CC#N,493.0
6571,COc1c(/C=N/Nc2ccc(C#N)cc2)ccc2ccccc12,CS(C)=O,463.0
1737,CN(C)c1ccc(/C=C/c2nc3ccccc3s2)cc1,C1CCOC1,482.0
2165,O=c1[nH]c2ccccc2[nH]1,CCCO,310.00062
5559,CCCCN1/C(=C\C=C\C=C\C2=[N+](CCCC)c3ccc4cc(Br)ccc4c3C2(C)C)C(C)(C)c2c1ccc1cc(Br)ccc21,CC(C)=O,705.0
561,CC(C)(C)c1ccc(-c2nc(-c3ccc(C(C)(C)C)cc3)nc(-c3cc(C#N)c(-n4c5ccccc5c5c6oc7ccccc7c6ccc54)c(C#N)c3)n2)cc1,C1CCOC1,504.6568627
3069,C[n+]1ccn(CCCCc2ccc3c(c2)c2ccccc2n3-c2cc(C#N)c(C#N)cc2F)c1,CC#N,558.0
12148,CCCCCCC(CCCCCC)N1C(=O)c2cccc3c(-c4ccc(C#N)cc4)ccc(c23)C1=O,CCCCCC,407.4
11300,CN1CCN(c2ccc3c4c(cccc24)C(=O)c2ccccc2-3)CC1,CCCCO,632.0
9723,C=Cc1c(C)c2cc3nc(c4c5[nH]c(cc6nc(cc1[nH]2)C(C)=C6CC)c(C)c5C(=O)C4)[C@@H](CCC(=O)OC)[C@@H]3C,ClCCl,674.0
1162,COc1ccc(/C=N/c2cc(C(C)C)c(O)cc2C)cc1,CC(C)(C)O,411.0
6399,CCN1C(=CC=Cc2n(CC)c3cc(Cl)c(Cl)cc3[n+]2CC)N(CC)c2cc(Cl)c(Cl)cc21,CS(C)=O,536.0
8198,COCCOCCOc1ccc(OCCOCCOC)c(C=O)c1,O,485.0
9257,COc1coc2cc(-c3ccc(N(C)C)cc3)ccc2c1=O,Cc1ccccc1,432.0
1729,C/C(=C\c1ccc(C)cc1)c1nc2ccccc2s1,CO,400.0
1527,Oc1ccccc1/N=C/c1ccccc1Oc1ccccc1,C1CCOC1,412.0
9688,COC(=O)c1nc(-c2cccc3ccccc23)oc1C,CCOC(C)=O,342.0
842,OCC1O[C@@H](Cc2cc(O)cc(/C=C/c3ccc(O)c(O)c3)c2)[C@H](O)[C@@H](O)[C@@H]1O,ClC(Cl)Cl,373.0
2930,COc1ccc(-c2csc(/C(C#N)=C/c3ccc(Cl)cc3)n2)cc1,CC#N,543.0
7235,CCOC(=O)/C(C#N)=C\c1cn(-c2ccccc2)nc1-c1ccccc1,CO,434.0
58,CC1(C)CC(/C=C/c2cn(-c3ccccc3)nc2-c2ccccc2)=CC(=C(C#N)C#N)C1,ClC(Cl)Cl,550.0
6227,CCOC(=O)/C(C#N)=C\c1ccc2c(c1)c1ccccc1n2-c1ccc(C)cc1,C1CCOC1,461.0
5527,C1=Cc2nc1c(-c1ccccc1)c1ccc([nH]1)c(-c1ccccc1)c1nc(c(-c3ccccc3)c3ccc([nH]3)c2-c2ccccc2)C=C1,ClCCl,651.0
2865,COc1nc(Nc2ccc3cc4ccccc4cc3c2)nc(OC)n1,CCCCOCCCC,435.0
10450,CCCCCCCc1cc2c(o1)=CC1=C3c4cc5oc(CCCCCCC)cc5n4[B-](F)(F)[n+]4nnn(c43)[B-](F)(F)[N+]=21,C1CCOC1,691.0
6835,COc1cc(N(c2ccc(C=C(C#N)C#N)c(OC)c2)c2ccc(C=C(C#N)C#N)c(OC)c2)ccc1C=C(C#N)C#N,ClCCl,531.0
2291,N#Cc1nc2c3ccc(N(c4ccccc4)c4ccccc4)cc3c3cc(N(c4ccccc4)c4ccccc4)ccc3c2nc1C#N,CCCCCC,515.2712264
6345,COc1ccc(N2C(=O)c3ccccc3C2C(=O)OC(C)(C)C)cc1OC,CCCCCC,381.0
83,O=c1oc2ccc3ccccc3c2nc1-c1ccccc1,CCCCCC,453.0
7672,CN(C)c1ccc(C2=Cc3cccc[n+]3[B-](F)(F)O2)cc1,C1CCOC1,499.0
11507,Cc1cc(C)cc(NC(=O)c2sc(Br)nc2C)c1,CC#N,399.0
1945,O=C1Nc2ccccc2/C1=C/C(=O)c1ccccc1,CN(C)C=O,404.0
9457,CC(C)(C)OC(=O)N[C@@H](CCn1cc(COc2ccc(-c3cc(-c4ccccc4)c4n3[B-](F)(F)[N+]3=C(c5ccc(OCCCS(=O)(=O)[O-])cc5)C=C(c5ccccc5)C3=N4)cc2)nn1)C(=O)O,O,722.0
1649,CCC1(CC)c2ccccc2-c2c1c1c(c3c2C(CC)(CC)c2cc(N(c4ccccc4)c4ccccc4)ccc2-3)C(CC)(CC)c2ccccc2-1,Cc1ccccc1,383.0
4477,COc1cc2c(c(OC)c1OC)c1ccc3cccc4c5cccc6oc(=O)c2c(c65)c1c34,C1CCOC1,492.0
4118,Cc1ccc(-c2cc(-c3ccc(C)cc3)c(C#N)c(=O)[nH]2)cc1,CCOC(C)=O,446.0
2724,Cc1ccc(C(=O)NN2C3=C(CC4=C2CCCC4=O)C(=O)CCC3)cc1,ClCCl,435.0
8083,O=Cc1cc(O)c(C=O)cc1O,CC(C)=O,470.0
5775,Fc1ccc(-c2cc3c4c(c2)CCc2cc(-c5ccc(F)cc5)cc(c2-4)CC3)cc1,CC#N,375.9784736
414,CCCCCCCCC1(CCCCCCCC)c2cc(-c3ccc([Si](C)(C)C)cc3)ccc2-c2ccc(-c3ccc([Si](C)(C)C)cc3)cc21,ClC(Cl)Cl,368.0
5549,O=C1c2ccccc2C2=Cc3ccccc3B(O)N12,CC#N,432.0
12050,CN(C)c1ccc(/C=C2\CCCC2=O)cc1,CCCCO,479.0
2450,c1ccc(-c2ccc(-c3ccc4c(c3)CCO4)cc2)cc1,C1CCCCC1,377.0
9745,Cc1ccc(S(=O)(=O)Nc2cc(-c3ccc(N(C)C)cc3)sc2/C=C/c2ccccc2)cc1,CC#N,604.0
5168,CSc1ccc(/C=C/c2cnc3ccccc3n2)cc1,CCCCCCC,426.0
4385,c1cc2c3c4c5c(cccc5cc3c1)-c1cccn1B4n1cccc1-2,C1CCOC1,601.0
9536,O=C(c1ccc(N2c3ccccc3Sc3ccccc32)cc1)c1ccc2sc3ccccc3c2c1,C1CCOC1,604.0
10715,COc1cc(OC)cc(C2=C3C(C)=C(I)C(C)=[N+]3[B-](F)(F)n3c(/C=C/c4ccsc4)c(I)c(C)c32)c1,CS(C)=O,621.0
10463,O=C1/C(=C\c2ccc3oc4ccccc4c3c2)S(=O)(=O)c2ccccc21,C1CCOC1,437.0
3870,O=C1c2cc(-n3c4ccccc4c4ccccc43)ccc2S(=O)(=O)c2ccc(-n3c4ccccc4c4ccccc43)cc21,C1CCOC1,592.0
9918,C/C=C/C=C/C1=N/C(=C\c2ccc(O)cc2)C(=O)N1C,O,523.0
8171,CN(C)CCNc1ccc([N+](=O)[O-])cc1[N+](=O)[O-],CO,389.0
8856,CCn1c2ccccc2c2cc(-c3cc(-c4ccc5c(c4)c4ccccc4n5CC)nc(C#N)n3)ccc21,C1CCOC1,427.0
11658,N#Cc1cc2ccccc2oc1=O,CCOC(C)=O,410.0
2907,O=Cc1ccc2nc(C#Cc3ccc(N(c4ccc(C#Cc5nc6ccc(C=O)cc6s5)cc4)c4ccc(C#Cc5nc6ccc(C=O)cc6s5)cc4)cc3)sc2c1,Cc1ccccc1,458.0
8823,CN(C)c1ccc(/C=C/c2cc(/C=C/c3ccc(N(C)C)cc3)nc(/C=C/c3ccc(N(c4ccccc4)c4ccccc4)cc3)n2)cc1,ClCCl,533.0
11921,CC(C)[Si](C#Cc1c2ccc(C(C)(C)C)cc2c(C#Cc2c3ccc(C(C)(C)C)cc3c(C#C[Si](C(C)C)(C(C)C)C(C)C)c3ccc(C(C)(C)C)cc23)c2ccc(C(C)(C)C)cc12)(C(C)C)C(C)C,Cc1ccccc1,541.0
3538,CC1=CC(C)=[N+]2C1=C(c1ccc(I)cc1)c1c(C)cc(C)n1[B-]2(OCc1ccccc1)OCc1ccccc1,ClC(Cl)Cl,521.9248672
2133,COc1ccc2cc(C#Cc3ccc([N+](=O)[O-])cc3)ccc2c1,ClCCl,635.0
1897,Cc1ccc(C(=O)/C=C2\C(=O)Nc3ccccc32)cc1C,CN(C)C=O,417.0
9291,CCCCc1c2ccccc2c(-c2ccc(-c3nc4cc(CC(NC(=O)OC(C)(C)C)C(=O)OC)ccc4o3)cc2)c2ccccc12,ClC(Cl)Cl,439.5005516
6831,COc1cc(N(c2ccc(C=C(C#N)C#N)c(OC)c2)c2ccc(C=C(C#N)C#N)c(OC)c2)ccc1C=C(C#N)C#N,CN(C)C=O,575.0
11472,Fc1ccc(-c2nc3n(c2-c2ccncc2)CCS3)cc1,C1CCOC1,414.0
9952,CC1=N/C(=C\c2ccccc2N)C(=O)N1C,C1CCCCC1,451.0
1817,CC(C)(C)C1Nc2c(Cl)cc(Cl)cc2C(=O)N1Cc1ccccc1,CO,448.0
11969,Cc1ccc(/C(C#N)=C/c2cc(/C=C(\C#N)c3ccc(C)cc3)c(-c3ccc(N(c4ccccc4)c4ccccc4)cc3)cc2-c2ccc(N(c3ccccc3)c3ccccc3)cc2)cc1,Cc1ccccc1,480.0
3949,COC(=O)C(NC(=O)OC(C)(C)C)c1ccc2oc(-c3cc(OC)c(OC)cc3OC)nc2c1,CO,389.0
337,CCCCN(CCCC)c1ccc(C#Cc2cc(C#Cc3c(F)c(F)c(F)c(F)c3F)c(C#Cc3ccc(N(CCCC)CCCC)cc3)cc2C#Cc2c(F)c(F)c(F)c(F)c2F)cc1,ClCCl,563.0
2072,COC(=O)C(Cc1ccc2oc(-c3ccc(N(c4ccccc4)c4ccccc4)cc3)nc2c1)NC(=O)OC(C)(C)C,CCCCO,454.5000045
10615,CC(=O)c1c2c(cc3c(N(C)C)cccc13)CCC2,C1CCOC1,543.0
8624,CCC1=C(C)C2=C(C)c3c(I)c(I)c(I)n3[B-](F)(F)[N+]2=C1C,OCC(F)(F)F,548.5
5496,CCCCCCN1C(=O)c2cccc3c(-c4ccc(-c5cc(-c6ccccc6)n(-c6ccccc6)n5)s4)ccc(c23)C1=O,ClCCl,519.0
12126,CCCCCCC(CCCCCC)N1C(=O)c2cccc3c(-c4ccc(OC)cc4)ccc(c23)C1=O,ClC(Cl)Cl,459.6
2815,c1ccc(-c2nc(-c3c4ccccc4cc4ccccc34)n3ccccc23)cc1,O,530.0
5061,O=C1/C(=C2\Sc3ccc(S(=O)(=O)O)cc3C2=O)Sc2ccc(S(=O)(=O)O)cc21,CO,629.0
5802,CSc1nccc(/C=C/c2ccc(N(c3ccccc3)c3ccc(/C=C/c4ccnc(SC)n4)cc3)cc2)n1,ClCCl,540.0
5146,COc1ccc(-c2csc(-c3ccncc3)n2)cc1,CCO,457.0
8857,CCn1c2ccccc2c2cc(-c3cc(-c4ccc5c(c4)c4ccccc4n5CC)nc(C#N)n3)ccc21,CCOC(C)=O,422.0
766,CN(c1ccccc1)c1ccc(/C=C2\C(=O)c3ccccc3S2(=O)=O)cc1,CCOC(C)=O,533.0
3782,C(=C/c1cnc2ccccc2n1)\c1ccc(N(c2ccccc2)c2ccccc2)cc1,CS(C)=O,598.0
5220,O=C1CC(c2cccc([N+](=O)[O-])c2)c2c(c3ccccc3c3nc4ccccc4nc23)O1,CO,452.0
1144,Cc1cc(O)c(C(C)C)cc1/N=C/c1ccc(C(F)(F)F)cc1,CC(C)(C)O,431.0
10014,NCCNc1cccc2c1C(=O)c1ccccc1C2=O,ClCCl,535.0
2510,COc1cc2c3c(c4cc(OC)c(OC)c(OC)c4c2c(OC)c1OC)=[N+]1C(=C(c2c(C)cc(C)cc2C)c2cc4c5cc(OC)c(OC)c(OC)c5c5c(OC)c(OC)c(OC)cc5c4n2[B-]1(F)F)C=3,Cc1ccccc1,767.0
4952,F[B-]1(F)n2c(cc3oc4ccccc4c32)C(c2ccc(I)cc2)=C2C=c3oc4ccccc4c3=[N+]21,ClC(Cl)Cl,647.0
2273,F[Si](c1ccccc1)(c1ccccc1)c1cccc2ccccc12,C1CCOC1,332.0
10719,CC(C)[Si]1(C(C)C)c2cc(C=C(C#N)C#N)ccc2-c2ccc(N(c3ccccc3)c3ccccc3)cc21,C1CCCCC1,515.0
7953,CCN(CC)c1cccc(C=O)c1,CO,600.0
6366,Cc1ccc2c(c1)C1(c3ccccc3-c3ccccc31)c1cc(C)ccc1N2c1ccc2c(c1)Oc1ccccc1P2(=S)c1ccccc1,Cc1ccccc1,443.0894309
4484,N#Cc1nn(-c2cccc(C(F)(F)F)c2)nc1N1CCCC1,CC#N,430.0
4292,O=C1C=C(Nc2ccccc2)CCC1,CC1CCCCC1,334.0
1672,Cc1cccc(C2=CC3=C(c4c(C)cc(C)cc4C)c4cc(-c5cccc(C)c5)c(-c5cccc(C)c5)n4[B-](F)(F)[N+]3=C2c2cccc(C)c2)c1,C1CCCCC1,625.0
6186,C(=C/c1ccnc(/C=C/c2ccc(N(c3ccccc3)c3ccccc3)cc2)n1)\c1ccc(N(c2ccccc2)c2ccccc2)cc1,C1CCOC1,502.0
7990,CCOC(=O)/C=C/c1ccc(N(C)C)cc1,CC#N,446.0
4055,O=C1/C(=C\c2ccc(N(c3ccccc3)c3ccccc3)cc2)S(=O)(=O)c2ccccc21,C1CCOC1,630.0
5278,COC(=O)c1c2ccccc2nc2ccccc12,OCCO,418.0
1808,O=C1c2ccccc2NCN1Cc1ccccc1,CCCCCCCCCCCCCCCC,381.0
2275,CCOC(=O)c1c(NC(C)(C)C)oc(-c2ccc(-c3ccccc3)cc2)c1C(=O)OCC,CC#N,448.0
3761,Cc1ccccc1-c1c2ccc(=[N+]3CCOCC3)cc-2oc2cc(N3CCOCC3)ccc12,CCO,582.0
4698,Cc1cc(C#N)ccc1N1c2ccccc2C(c2ccccc2)(c2ccccc2)c2ccccc21,Cc1ccccc1,421.0
8661,F[B-]1(F)n2c(Cl)c(Cl)c(Br)c2C(Cl)=C2C(Br)=C(Cl)C(Cl)=[N+]21,ClCCl,560.0
7949,CCN(CC)c1cccc(C=O)c1,CC#N,509.0
2045,COc1ccc(/C=C/c2ccccc2)cc1OC,CCOCC,373.0
11199,c1csc(-c2ccc(-c3ccc(-c4cccs4)s3)s2)c1,CCCCCCCCCCCCCC,474.0
12061,CN(C)c1ccc(/C=C2\CCCC2=O)cc1,ClCCl,472.0
1295,COc1ccc(N2c3sc4ccccc4c3Sc3c2sc2ccccc32)cc1,ClCCl,549.0
5899,CN(C)c1c2ccccc2cc2ccccc12,COCCOC,392.0
3952,COC(=O)C(NC(=O)OC(C)(C)C)c1ccc2oc(-c3cc(OC)ccc3OC)nc2c1,CO,405.0
7820,CNc1cccc2c1C(=O)c1ccccc1-2,c1ccccc1,519.0
8221,CN(C)c1cc(C#N)c(N(C)C)c(C#N)c1,CCOC(C)=O,519.2107996
444,CN(C)c1ccc(C2=Nc3scc(-c4ccc(C#N)cc4)[n+]3[B-](F)(F)O2)cc1,ClCCl,456.0
858,CCc1c(C)[nH]c(C2=[N+]3C(=C(C)c4c(C)c(CC)c(C)n4[B-]3(F)F)c3ccccc32)c1C,CO,650.0
841,OCC1O[C@@H](Cc2cc(O)cc(/C=C/c3ccc(O)c(O)c3)c2)[C@H](O)[C@@H](O)[C@@H]1O,Cc1ccccc1,371.0
4684,O=S(=O)(c1cccc(N2c3ccccc3Sc3ccccc32)c1)c1cccc(N2c3ccccc3Sc3ccccc32)c1,Cc1ccccc1,561.0
8373,COC(=O)C(Cc1ccc2oc(-c3ccc4c(c3)c3ccccc3n4-c3ccccc3)nc2c1)NC(=O)OC(C)(C)C,CC(C)O,384.4970778
9459,c1ccc(-c2ccc3c(c2)c2cc(-c4ccccc4)ccc2n3-c2ccc3c(c2)c2cc(-n4c5ccc(-c6ccccc6)cc5c5cc(-c6ccccc6)ccc54)ccc2n3-c2ccc(-c3nc(-c4ccccc4)nc(-c4ccccc4)n3)cc2)cc1,O=P(c1ccccc1)(c1ccccc1)c1ccccc1Oc1ccccc1P(=O)(c1ccccc1)c1ccccc1,480.0
994,CC1(C)CC(NCc2ccc3ccc4cccc5ccc2c3c45)CC(C)(C)N1,CO,375.0
6606,COc1ccc2cc(-c3ccc([N+](=O)[O-])cc3)ccc2c1,C1CCOC1,534.0
1554,Oc1ccc(/N=C/c2ccccc2Oc2ccccc2)cc1,ClC(Cl)Cl,415.0
7539,O=C(O)C1=CC(=C/C=[N+]2/c3cc(O)c(C[C@@H]4O[C@H](CO)[C@@H](O)C(O)[C@H]4O)cc3C[C@H]2C(=O)O)C=C(C(=O)O)N1,O,620.0
8704,F[B-]1(F)n2cccc2C=C2C=CC=[N+]21,ClCCl,510.0
11547,CC(C)[Si](C#Cc1c2cc3ccccc3cc2c(C#C[Si](C(C)C)(C(C)C)C(C)C)c2nc3cc4c(cc3nc12)C1c2ccccc2C4c2ccccc21)(C(C)C)C(C)C,ClCCl,718.0
7344,O=C(N/N=C/c1ccccc1O)c1ccccc1,CN(C)C=O,458.0
6459,O=P1(c2ccccc2)C2=C(c3ccccc31)S(=O)(=O)c1ccccc12,C1CCCCC1,453.0
2513,Cc1ccc(-c2cnc3nn4ccccc4c3n2)cc1,C1CCOC1,450.0
2835,Cn1c(=O)c(/N=N/c2cc(S(=O)(=O)O)ccc2C(=O)O)c(O)c2ccccc21,CC(C)=O,538.0
7109,CCOC(=O)CCOc1ccc(C(c2c(C)[nH]c3ccccc23)c2c(C)[nH]c3ccccc23)cc1,CC#N,348.0
2233,CC1=[N+]2C(=C(c3ccc(N4CCOCC4)cc3)c3ccc(C)n3[B-]2(F)F)C=C1,CO,521.0
3050,COc1cc(/C=C/C2=CC(/C=C/c3ccc(O)c(OC)c3)=[O+][B-](F)(F)O2)ccc1O,ClCCl,557.01
8201,COCCOc1cc(C=O)c(OCCOC)cc1C=O,CC(C)O,479.0
400,CC1(C)c2ccccc2N(c2ccc3c(c2)c2ccccc2n2c4ccccc4nc32)c2ccccc21,O=P(c1ccccc1)(c1ccccc1)c1ccccc1Oc1ccccc1P(=O)(c1ccccc1)c1ccccc1,447.0588235
11945,c1ccc2c(c1)[nH]c1cccnc12,CCO,385.0
5980,CSc1nc(-c2ccc(-n3c4ccccc4c4ccccc43)cc2)cc(-c2ccc(-n3c4ccccc4c4ccccc43)cc2)n1,C1CCOC1,447.0
11791,CN(C)c1ccc(-c2ccc(-c3cc(N4CCCCC4)c(C#N)c4c3-c3ccccc3CC4)s2)cc1,CS(C)=O,570.0
1023,CCCCCCCCCCCCCCCCn1c(-c2cc(-c3nc4ccccc4n3CCCCCCCCCCCCCCCC)cc(-c3nc4ccccc4n3CCCCCCCCCCCCCCCC)c2)nc2ccccc21,C1CCOC1,363.0
3298,COc1cc(OC)cc(C2=C3C(C)=C(I)C(C)=[N+]3[B-](F)(F)n3c(/C=C/c4c[nH]c5ccc([N+](=O)[O-])cc45)c(I)c(C)c32)c1,CS(C)=O,651.0
4359,Nc1ccc(C#Cc2ccc3ccc4ccc(C#Cc5ccc(N)cc5)c5ccc2c3c45)cc1,CCOC(C)=O,506.0
11709,Cc1ccc(C#Cc2ccc(C#Cc3ccc(C#Cc4ccccc4C#N)cc3C#N)cc2C#N)cc1,ClC(Cl)Cl,403.0
12097,CC(C)[Si](C#Cc1c2cc3ccccc3cc2c(C#C[Si](C)(C)C)c2cc3ccccc3cc12)(C(C)C)C(C)C,ClCCl,649.0
5195,c1ccc(-c2nc(-c3ccccc3)nc(-c3ccc(-n4c5ccccc5c5ccc6c7ccccc7n(-c7ccccc7)c6c54)cc3)n2)cc1,O=P(c1ccccc1)(c1ccccc1)c1ccc2oc3ccc(P(=O)(c4ccccc4)c4ccccc4)cc3c2c1,477.0
4080,CN(C)c1ccc2nc(-c3ccc(C(=O)Nc4ccccc4)cc3)sc2c1,c1ccccc1,475.0
8101,O=Cc1cc(O)ccc1O,NC=O,490.0
1550,Oc1ccc(/N=C/c2ccccc2Oc2ccccc2)cc1,CO,415.0
1009,C1=Cc2nc1c(-c1cccs1)c1ccc([nH]1)c(-c1cccs1)c1nc(c(-c3cccs3)c3ccc([nH]3)c2-c2cccs2)C=C1,ClCCl,670.0
7645,O=C1/C(=C/C=C/c2cc3c4c(c2)CCCN4CCC3)CC/C1=C\C=C\c1cc2c3c(c1)CCCN3CCC2,c1ccccc1,593.0
2737,O=C1CCCC2=C1CC1=C(CCCC1=O)N2NC(=O)c1ccccc1,ClCCl,435.0
648,CCn1c2ccccc2c2c(C#N)c3c(ccc4c3cnn4C)nc21,CCOC(C)=O,476.0
6322,C(#Cc1cccc(C#Cc2ccc(-n3c4ccccc4c4ccccc43)cc2)c1)c1ccc(-n2c3ccccc3c3ccccc32)cc1,CO,412.0
2862,COc1nc(Cl)nc(Nc2ccc3cc4ccccc4cc3c2)n1,CCOC(C)=O,430.0
4791,c1cc2c3c(c1)-c1cccc4cccc(c14)B3c1cccc3cccc-2c13,Cc1ccccc1,491.0
6522,N#Cc1ccc2c(c1)CCc1nc(-c3ccc([N+](=O)[O-])cc3)c3c(c1-2)CCc1cc(C#N)ccc1-3,C1CCOC1,469.0
550,CCCCN1C(=O)C(=C/C=C/C=C/C=C2N(CCCC)c3ccccc3N2CCCC)C(=O)N(CCCC)C1=S,CCO,685.0
9205,FC(F)(F)c1ccc(B2c3ccccc3Nc3ccccc32)c(C(F)(F)F)c1,ClCCl,407.0
6400,CCN1C(=CC=Cc2n(CC)c3cc(Cl)c(Cl)cc3[n+]2CC)N(CC)c2cc(Cl)c(Cl)cc21,OCC(O)CO,535.0
211,COc1ccc(/C=C/c2cc(/C=C/c3ccc(OC)cc3)nc(/C=C/c3ccccc3)n2)cc1,CC(C)=O,450.0
10245,O=C1NC(=O)c2c1c1c3ccccc3[nH]c1c1[nH]c3ccccc3c21,CCOC(C)=O,473.0
5922,CN(C)CCNCc1c2ccccc2cc2ccccc12,C1CCOC1,413.0
5964,CC(C)(C)NC(=O)c1cc2ccccc2c2ccc3c4ccccc4c4ccccc4c3c12,ClCCl,419.0
9387,Cc1cc2c(o1)c(C)cc1ccc(=O)oc12,C1COCCO1,380.0
3543,CCCCCCC(CCCCCC)n1c(=O)c2c3ccc4cccc5c6cccc7ccc(c2c1=O)c(c76)c3c45,CCO,550.0
5013,Cc1ccccc1C1=C2C=c3c(oc4ccc(F)cc34)=[N+]2[B-](F)(F)n2c1cc1c3cc(F)ccc3oc12,CCOC(C)=O,587.5
1438,COC(=O)CN1C(=O)c2cc3ccc(N(C)C)cc3cc2C1=O,CCO,584.0
2515,c1ccc(-c2cnc3nn4ccccc4c3n2)cc1,C1CCOC1,449.0
2868,COc1cc(-c2nc(-c3ccccc3)c(-c3ccccc3)[nH]2)c(OC)cc1/C=C/c1ccncc1,CN(C)C=O,492.0
2434,COc1ccc(-c2csc(/C(C#N)=C\Nc3ccc(C#N)cc3)n2)cc1,CN(C)C=O,453.0
10989,COc1ccc2c(c1)cc(C)c1c3ccccc3[nH]c21,ClCCl,363.0
6984,c1csc(-c2cnc(-c3cccs3)c3nonc23)c1,c1ccc2ncccc2c1,625.0
4233,CN1C(=CC2=C([O-])C(=CC3=[N+](C)c4ccccc4C3(C)C)C2=C2C(=O)NC(=O)NC2=O)C(C)(C)c2ccccc21,ClC(Cl)Cl,665.0
1314,C1=CSC(=C2SC=C(/C=C/C=C/C=C/C3=CSC(=C4SC=CS4)S3)S2)S1,ClC(Cl)(Cl)Cl,659.0
7785,Nc1cccc2c1-c1ccccc1C2=O,CC#N,604.0
5790,CC(C)(C)c1ccc(-c2cc3c4c(c2)CCc2cc(-c5ccc(C(C)(C)C)cc5)cc(c2-4)CC3)cc1,ClCCl,386.3636364
3979,COC(=O)C(Cc1ccc2oc(-c3ccc(N(C)C)cc3)nc2c1)NC(=O)OC(C)(C)C,CC(C)OC(C)C,387.5067814
12,CC(C)(C)c1ccc(-c2nc3c4ccc(-c5cc6ccccc6c6ccccc56)cc4c4cc(-c5cc6ccccc6c6ccccc56)ccc4c3n2-c2ccc(C(C)(C)C)cc2)cc1,CN(C)C=O,404.0
818,O=S(=O)(c1ccccc1)c1ccc(-c2ccc3c4ccc(-c5ccc(S(=O)(=O)c6ccccc6)cc5)cc4n(-c4ccccc4)c3c2)cc1,CCCCCC,409.0
2784,c1ccc(-c2nc(-c3ccccc3)nc(-c3ccc(N4c5ccccc5C5(c6ccccc64)c4ccccc4C4(c6ccccc6Sc6ccccc64)c4ccccc45)cc3)n2)cc1,Cc1ccccc1,468.9265537
10606,CC(C)(C)c1cc(-c2c3cc(c(-c4cc(C(C)(C)C)cc(C(C)(C)C)c4)c4ccc([nH]4)c(-c4ccc(Br)cc4)c4nc(c(-c5ccc(Br)cc5)c5ccc2[nH]5)C=C4)N=C3)cc(C(C)(C)C)c1,ClCCl,741.0
453,CN(C)c1ccc(C2=Nc3scc(-c4ccccc4)[n+]3[B-](F)(F)O2)cc1,CC#N,471.0
6545,c1csc(-c2ccc3c4ccc(-c5cccs5)cc4n(-c4cccs4)c3c2)c1,ClCCl,387.0
11882,c1cc2ccc3sc4ccc5cccc6c(c1)c2c3c4c56,ClC(Cl)Cl,418.0
1656,Cc1cc(C)c(C2=C3C=C(c4ccccc4)C(c4ccccc4)=[N+]3[B-](F)(F)n3c2cc(-c2ccccc2)c3-c2ccccc2)c(C)c1,Cc1ccccc1,629.0
3457,CC1=CC(C)=[N+]2C1=C(c1c(-c3ccccn3)nc3ccccn13)c1c(C)cc(C)n1[B-]2(F)F,ClCCl,536.0
10459,O=C1/C(=C\c2ccc3oc4ccccc4c3c2)S(=O)(=O)c2ccccc21,CS(C)=O,449.0
10708,COc1cc2c(cc1/C=C/C(=C(C#N)C#N)c1ccccc1)c1ccccc1n2C,ClCCl,560.0
9636,N#Cc1ccc(/C=C/C=C/c2ccccc2)cc1,CC#N,420.0
10634,CC(=O)c1c2c(cc3ccc(N(C)C)cc13)CCC2,C1COCCO1,495.0
2908,N#CC(C#N)=Cc1ccc2nc(C#Cc3ccc(N(c4ccc(C#Cc5nc6ccc(C=C(C#N)C#N)cc6s5)cc4)c4ccc(C#Cc5nc6ccc(C=C(C#N)C#N)cc6s5)cc4)cc3)sc2c1,Cc1ccccc1,512.0
11021,CCOC(CN1C(=O)C2=C(c3cccs3)N(CC(OCC)OCC)C(=O)C2=C1c1cccs1)OCC,ClC(Cl)Cl,557.0
940,CN(C)c1ccc(/C=C/C=C2\CCCC2=O)cc1,CC(C)=O,554.0
7856,CC1(C)CC(=O)C2=C(C1)Oc1ccc3cc(O)ccc3c1C2c1ccccn1,O,378.0
5840,Cc1ccc(N(c2ccc(C)cc2)c2cc(N(c3ccc(C)cc3)c3ccc(C)cc3)c3ccc4cc(C(C)(C)C)cc5ccc2c3c54)cc1,ClCCl,489.0
11119,COc1ccc2nc3c(nc2c1)c(-c1ccccc1)nn3C,C1CCOC1,495.0
5114,N#C/C(=C\c1cn(-c2ccccc2)nc1-c1ccccc1)c1nc2ccccc2s1,CCOC(C)=O,458.0
11720,COc1ccc(C#Cc2ccc(C#Cc3ccc(C#Cc4ccccc4C#N)cc3C#N)cc2C#N)cc1,c1ccccc1,420.0
8757,CC1=CC(C)=[N+]2C1=C(C)c1cccn1[B-]2(F)F,ClCCl,500.0
5568,CCCCN1/C(=C\C=C\C=C\C2=[N+](CCCC)c3ccc4ccccc4c3C2(C)C)C(C)(C)c2c1ccc1ccccc21,CCO,704.0
12257,CC1(C)C(/C=C/C=C/c2cc3ccc(O)cc3oc2=O)=[N+](CCCS(=O)(=O)[O-])c2ccccc21,O,720.0
1400,CCOC(=O)c1csc2[n+]1[B-](F)(F)OC(c1ccc(N(C)C)cc1)=N2,CC#N,477.0
30,O=Cc1ccc(-c2cccc(-c3nc4ccccc4s3)c2O)o1,O,585.0
3677,Cc1cc(=O)oc2c3c4c(cc12)CCCN4CCC3,C1CCCCC1,407.0
6429,c1ccc(N(c2ccccc2)c2ccc(-c3nc4c5ccccc5c5ccccc5c4[nH]3)cc2)cc1,C1COCCO1,401.0
8887,CCCCc1cc(C=O)c2ccc3c(CCCC)cc(N4CCCCC4)c4ccc1c2c34,ClCCl,562.0
7237,CCOC(=O)/C(C#N)=C\c1cn(-c2ccccc2)nc1-c1ccccc1,Cc1ccccc1,407.0
6727,O=c1[nH]c(=O)n([C@@H]2O[C@H](CO)[C@@H](O)[C@H]2O)cc1-c1cc2ccccc2s1,CO,446.0
1108,CCc1ccc(/C=N/c2cc(C(C)C)c(O)cc2C)cc1,ClC(Cl)Cl,415.0
10752,Fc1c(F)c(F)c2c(c1F)C1=Nc3c4c(F)c(F)c(F)c(F)c4c4n3[B-]3(Cl)n5c(c6c(F)c(F)c(F)c(F)c6c5=N4)=NC2=[N+]13,CS(C)=O,590.0
11086,COc1ccc(C2=Cc3ccc4ccccc4[n+]3[B-](F)(F)O2)cc1,ClC(Cl)Cl,457.0
3229,CCOC(=O)/C(C#N)=C(\C=C\c1ccc(N(c2ccccc2)c2ccc(/C=C/C(=C(/C#N)C(=O)OCC)c3ccccc3)cc2)cc1)c1ccccc1,Cc1ccccc1,562.0
12028,COc1ccc(-c2c3ccc([nH]3)c3nc(c(-c4ccc(C#N)cc4)c4ccc([nH]4)c4ccc([nH]4)c(-c4ccc(OC)cc4)c4ccc2o4)C=C3)cc1,c1ccccc1,724.0
11917,Nc1n[n+]([O-])c2ccccc2[n+]1[O-],CC#N,505.0
9559,COC(=O)C(Cc1ccc2oc(-c3ccc(-n4c5ccccc5c5ccccc54)cc3)nc2c1)NC(=O)OC(C)(C)C,C1CCCCC1,362.0040544
3319,COc1ccc(C2=C3C(C)=CC(C)=[N+]3[B-](F)(F)n3c(/C=C/c4ccc(N(C)C)cc4)cc(C)c32)cc1,CC(C)OC(C)C,629.0
7146,CC/[NH+]=c1\cc2oc3cc(NCCNC(=O)C(NC(=O)OC(C)(C)C)C(C)C)c4ccccc4c3nc-2cc1C,CCO,653.0
7040,Cc1cc(=O)c2ccc(N)cc2o1,CC(C)O,418.0
7439,CN(C)c1ccc(/C=C/C(=O)c2ccc(Cl)cc2)cc1,CC(C)=O,532.0
6676,CC(=O)Nc1ccc2c3cccc4cccc(c5cccc1c52)c43,CC#N,471.0
4954,CC(C)(C)c1ccc2c(c1)c1cc(C(C)(C)C)ccc1n2-c1cc(C(=O)c2ccncc2)cc(-n2c3ccc(C(C)(C)C)cc3c3cc(C(C)(C)C)ccc32)c1,c1cc(-c2cccc(-n3c4ccccc4c4ccccc43)c2)cc(-n2c3ccccc3c3ccccc32)c1,500.0
9166,Cc1cccc2[n+]1[B-](F)(F)n1c(c3cccc4cccc1c43)=N2,ClCCl,521.0
1563,Oc1ccccc1/N=C/c1ccccc1Oc1ccccc1,CCCCCCCO,410.0
8494,CCn1c(=O)nc2n(C)c3cc(C)ccc3nc-2c1=O,C1COCCO1,527.0
8487,CN(C)c1ccc(/C=C/C=C2\CC/C(=C\c3ccc(N(C)C)cc3)C2=O)cc1,c1ccccc1,532.0
3071,CN1C(=CC2=C([O-])C(=CC3=[N+](C)c4ccc(Cl)cc4C3(C)C)C2=O)C(C)(C)c2cc(Cl)ccc21,CO,653.0
11733,CN(CC(O)c1cccc(O)c1)c1ccc([N+](=O)[O-])c(C2CC(c3cccc4ccccc34)=NN2c2ccccc2)c1,CC(C)O,511.0
11686,CCCCCCCCn1nnc(-c2ccc(C#Cc3ccc(C#Cc4ccc(-c5nnn(CCCCCCCC)n5)cc4)c4nc5c6ccccc6c6ccccc6c5nc34)cc2)n1,ClCCl,502.0
12036,Cc1ccc(-c2c3ccc([nH]3)c3nc(c(-c4ccc([N+](=O)[O-])cc4)c4ccc([nH]4)c4ccc([nH]4)c(-c4ccc(C)cc4)c4ccc2o4)C=C3)cc1,Cc1ccccc1,737.0
4420,c1ccc(Nc2nc(Nc3ccccc3)nc(Nc3ccc4cc5ccccc5cc4c3)n2)cc1,CC#N,441.0
11968,Cc1ccc(/C(C#N)=C/c2cc(/C=C(\C#N)c3ccc(C)cc3)c(-c3ccc(N(c4ccccc4)c4ccccc4)cc3)cc2-c2ccc(N(c3ccccc3)c3ccccc3)cc2)cc1,CCOC(C)=O,533.0
11221,COc1ccc(C#Cc2ccc(C#Cc3ccc(P(=O)(c4ccccc4)c4ccccc4)cc3)cc2)cc1,CS(C)=O,434.0
7936,CN(C)c1ccc(C#N)cc1,CC#N,480.7129799
5440,CCCCN1C(=O)c2cccc3c(N(C)C)ccc(c23)C1=O,Cc1ccccc1,486.0
10644,c1ccc(-c2nc(-c3ccccc3)nc(-c3ccc(-n4c5ccccc5c5cc(-c6ccc7sc8ccccc8c7c6)ccc54)cc3)n2)cc1,CCOC(C)=O,474.0
10327,c1cc(-c2c3ccccc3cc3ccccc23)cc(-c2c3ccccc3cc3ccccc23)c1,C1CCOC1,397.0
11928,Cc1nc2c(ccc3c2sc(/C=C/c2ccc(N4CCN(C)CC4)cc2)[n+]3C)s1,CO,602.0
2213,COC(=O)c1ccc(C(=O)NC(C)(C)C)c2c1ccc1c3ccccc3c3ccccc3c12,ClCCl,448.0
8943,CCC1=C(C)C(=O)n2c1cc1c(c(C)c(C(=O)OCC(C)C)n1CC(C)C)c2=O,C1CCCCC1,437.0
11445,Cc1ccc(C(=O)c2c(C)c3ccc4cccc5c6cccc7ccc2c(c76)c3c45)cc1,ClCCl,450.0
9780,Cn1c(=O)c(/N=N/c2ccc(/N=N/c3ccc(S(=O)(=O)O)cc3)cc2)c(O)c2ccccc21,Cc1ccccc1,538.0
5816,COC(=O)C1=C(C(=O)OC)C2(c3ccccc3-c3c(C(=O)OC)cccc32)[C@@H](c2ccc(Cl)cc2)C=C2c3cc(OC)c(OC)cc3CCN21,ClCCl,439.0
2111,COc1ccc(N(c2ccc(OC)cc2)c2ccc(-c3ccc(-c4ccc(-c5cccs5)c5nsnc45)s3)cc2)cc1,ClC(Cl)Cl,705.0
4457,COc1cc(OC)cc(C2=[O+][B-](F)(F)OC(c3cccs3)=C2)c1,CCCCCC,434.8759305
11106,CCC1(CC)c2cc(B(c3c(C)cc(C)cc3C)c3c(C)cc(C)cc3C)ccc2-c2ccc(N(c3ccccc3)c3ccc4c(c3)C(CC)(CC)c3cc(B(c5c(C)cc(C)cc5C)c5c(C)cc(C)cc5C)ccc3-4)cc21,CN(C)C=O,533.0
11269,COc1cc(Br)cc2cc(-c3cc4cc(Br)cc(OC)c4oc3=O)oc12,CS(C)=O,387.0
4808,CN(C)c1ccc(-c2ccc(-c3cc(-c4ccccc4)c(-c4ccccc4)c(-c4ccccc4)c3-c3ccccc3)s2)cc1,ClC(Cl)Cl,419.0
11071,CN1c2ccc(C(=O)c3ccccc3)cc2Sc2cc(C(=O)c3ccccc3)ccc21,C1CCCCC1,499.0
9495,CN(C)c1ccc(/C=C/C=C/C2=NC3C(=O)NC(N)=NC3N2[C@H]2C[C@H](O)[C@@H](CO)O2)cc1,CO,438.0
5123,Cc1ccc(C2=C3C=CC(/C=C/c4ccccc4)=[N+]3[B-](F)(F)n3c(Cl)ccc32)cc1,Cc1ccccc1,588.0
6282,CN(C)c1ccc(C(=O)c2ccccc2)cc1,CC#N,602.0
9837,CC(C)(C)c1ccc2c3ccccc3c3cncnc3c2c1,ClCCl,376.0
7652,O=C1/C(=C/C=C/c2cc3c4c(c2)CCCN4CCC3)CC/C1=C\C=C\c1cc2c3c(c1)CCCN3CCC2,CCCO,747.0
7445,CN(C)c1ccc(/C=C/C(=O)c2ccc(Cl)cc2)cc1,c1ccccc1,488.0
355,CCCCN(CCCC)c1ccc(C#Cc2cc(C#Cc3ccc(N(CCCC)CCCC)cc3)c(C#Cc3ccc(C(F)(F)F)cc3)cc2C#Cc2ccc(C(F)(F)F)cc2)cc1,ClCCl,541.0
1429,O=C1NC(=O)/C(=C\c2ccccc2O)S1,OCCO,440.0
5936,COc1cc(/C=C/c2cc[n+](Cc3ccc(Br)cc3)cc2)ccc1O,CC(C)=O,562.0
8670,CCC1=C(C)C2=Cc3c(I)c(I)cn3[B-](F)(F)[N+]2=C1C,CCO,541.5
8866,CCn1c2ccccc2c2cc(-c3cc(-c4ccc5c(c4)c4ccccc4n5CC)nc(S(C)(=O)=O)n3)ccc21,C1CCOC1,426.0
9886,COc1ccc(/C=C(\c2ccccc2)c2nc3ccccc3s2)cc1,C1CCCCC1,400.0
332,C[Si]1(C)c2cc(-c3ccccc3)ccc2C=Cc2ccc(-c3ccccc3)cc21,ClCCl,413.0
6580,CCCCC1(c2ccccc2)Nc2c(-c3ccc(N(C)c4ccccc4)cc3)ccc(-c3ccc(N(C)c4ccccc4)cc3)c2N=C1c1ccccc1,CN(C)C=O,603.0
11456,CCC1=C(C)C2=C(c3c4ccccc4c(-c4ccccc4)c4ccccc34)c3c(C)c(CC)c(C)n3[B-](F)(F)[N+]2=C1C,Cc1ccccc1,544.0
4224,Cc1n[nH]c2c1C(c1ccc([N+](=O)[O-])cc1)C(C#N)=C(N)O2,CCCCO,410.0
964,CCCCc1ccc(-n2c3c4ccc(C(F)(F)F)cc4nc(-c4ccc(C#N)cc4)c3c3c2c2c(-c4ccc(C#N)cc4)nc4cc(C(F)(F)F)ccc4c2n3-c2ccc(CCCC)cc2)cc1,ClC(Cl)Cl,499.0
120,COc1ccc(N(c2ccc(OC)cc2)c2ccc3c4cccc5c(N(c6ccc(OC)cc6)c6ccc(OC)cc6)ccc(c6cccc2c63)c54)cc1,C1CCCCC1,551.0
4352,CN(C)c1ccc(C#Cc2ccc3ccc4ccc(C#Cc5ccc(N(C)C)cc5)c5ccc2c3c45)cc1,CO,555.1
5329,COc1ccc2cc(/C=C/C3=[O+][B-](F)(F)OC(/C=C/c4ccc5cc(OC)ccc5c4)=C3c3ccccc3)ccc2c1,ClCCl,600.0
3281,CN(C)c1ccc(C2=Nc3ccc4c(C(F)(F)F)cc(C(F)(F)F)nc4[n+]3[B-](F)(F)O2)cc1,ClCCl,642.0
9522,CN(C)c1ccc(/C=C/c2ncnc3ccccc23)cc1,CC#N,572.0
2544,CCCCC(CC)Cn1c2cc(-c3ccc(N(c4ccccc4)c4ccccc4)cc3)c(C#N)cc2c2cc(C#N)c(-c3ccc(N(c4ccccc4)c4ccccc4)cc3)cc21,CN(C)C=O,484.0
7322,CCN(CC)c1ccc2cc(-c3cc(SC)c(C#N)c(=O)o3)c(=O)oc2c1,CS(C)=O,593.0
10175,CCN1c2ccc(-c3cc(-c4ccccc4)[nH]n3)cc2Sc2cc(-c3cc(-c4ccccc4)[nH]n3)ccc21,CN(C)C=O,458.0
2885,CC1=[N+]2C(=C(c3cccs3)c3ccc(C)n3[B-]2(F)F)C=C1c1cc2n(c1)[B-](F)(F)[N+]1=CC=CC1=C2c1c(C)cc(C)cc1C,CCOC(C)=O,670.0
8216,COCCOc1ccc(OCCOC)c(C=O)c1,CN(C)C=O,425.0
2178,COC(=O)C[C@H](Cc1c[nH]c2ccccc12)NC(=O)[C@H](CC(=O)N[C@@H](CC1=CCc2ccccc21)C(=O)OC)NC(=O)OC(C)(C)C,CO,337.0
6415,CCCCCCCCCCOc1ccc2c3c(oc2c1)C1=C2C(=O)N4C=Cc5c(oc6cc(OCCCCCCCCCC)ccc56)C4=C2C(=O)N1C=C3,ClC(Cl)Cl,653.0
5106,CN(C)c1ccc(-n2c(-c3ccncc3)nc3ccccc32)cc1,CC#N,556.0
5653,F[B-]1(F)n2c(c3c(c2-c2ccccc2)C2C=CC3CC2)C(c2ccccc2)=C2C3=C(C(c4ccccc4)=[N+]21)C1C=CC3CC1,ClCCl,588.0
3123,CSc1sc(C(N)=O)c2nnn(C)c(=O)c12,CC#N,505.0
11748,CN(C)c1ccc2cc(C(/C=C/c3c[nH]c4ccccc34)=C(C#N)C#N)c(=O)oc2c1,C1CCOC1,576.0
1544,Oc1ccc(/N=C/c2ccccc2Oc2ccccc2)cc1,CCCCOC(C)=O,410.0
6558,O=C(c1ccc(N2c3ccccc3Oc3ccccc32)cc1)c1cccc(C(=O)c2ccc(N3c4ccccc4Oc4ccccc43)cc2)c1,c1cc(-c2cccc(-n3c4ccccc4c4ccccc43)c2)cc(-n2c3ccccc3c3ccccc32)c1,541.0
11661,N#Cc1cc2ccccc2oc1=O,C1CCCCC1,412.0
8794,CCC1=C(C)C2=C(C)c3c(C)c(-c4csc(N5CCOCC5)n4)c(C)n3[B-](F)(F)[N+]2=C1C,CC(C)O,538.0
5981,CSc1nc(-c2ccc(-n3c4ccccc4c4ccccc43)cc2)cc(-c2ccc(-n3c4ccccc4c4ccccc43)cc2)n1,CN(C)C=O,497.0
8274,N#Cc1ccc(N)c(C#N)c1,CCCCCCC,350.0
6492,CCN(CC)c1ccc(-c2nc3c(c4c2-c2ccccc2CC4)-c2ccccc2CC3)cc1,CC#N,463.0
945,CN(C)c1ccc(/C=C/C=C2\CCCC2=O)cc1,CCO,602.0
7793,COc1ccc2c(c1)C(=O)c1cc(OC)cc(OC)c1-2,C1CCCCC1,570.0
6053,CN(C)c1ccc(C#Cc2ccccc2)cc1,C1CCCCC1,344.9941351
6311,CN(C)c1ccc(/C=C/C(=C(C#N)C#N)c2ccc3c4c(cccc24)CC3)cc1,Cc1ccccc1,551.0
11671,CCNc1ccc2c(C(F)(F)F)cc(=O)oc2c1,CC1CCCCC1,417.0
10116,c1csc(-c2ccc(-c3cccs3)s2)c1,ClCCl,432.0
9354,CCOC(=O)c1ccccc1-c1c2ccc(=O)cc-2oc2cc(OC(=O)[C@H](CSCc3ccc(C)cc3)NC(=O)OC(C)(C)C)ccc12,CC#N,521.0
1561,Oc1ccccc1/N=C/c1ccccc1Oc1ccccc1,CCCCC,425.0
11667,CCNc1ccc2c(C(F)(F)F)cc(=O)oc2c1,C1CCCCC1,417.0
8731,CC1=C(C(C)(C)C)C(C)=[N+]2C1=C(C)c1c(C)c(C(C)(C)C)c(C)n1[B-]2(F)F,CC(C)=O,563.6
6351,CCOC(=O)C1c2cc(Cl)ccc2C(=O)N1c1ccc(OC)c(OC)c1,ClCCl,460.0
1095,CCc1ccc(/C=N/c2cc(C(C)C)c(O)cc2C)cc1,C1CCCCC1,406.0
9934,CC1=N/C(=C\c2ccc(N(C)C)cc2)C(=O)N1C,C1CCCCC1,437.0
3287,Cc1ccc(Nc2ccc(Nc3ccc(C)cc3)c3c2C(=O)c2ccccc2C3=O)cc1,CO,682.0
11483,Fc1ccc(-c2nc3n(c2-c2ccncc2)CCS3)cc1,CS(C)=O,436.0
7195,CCCCCCCCN1c2ccc(C#Cc3ccc(C(F)(F)F)cc3)cc2Sc2cc(C=O)ccc21,C1CCOC1,512.0
2605,Cc1ccc(O)c(-c2[nH]c(=O)n3c2-c2ccccc2C3=O)c1,CC#N,480.0
1392,Cc1csc2[n+]1[B-](F)(F)OC(c1ccc(N(C)C)cc1)=N2,Cc1ccccc1,437.0
4680,Cc1cc(C2=C(c3c(C)sc(-c4ccc(-c5nc(-c6ccccc6)c(-c6ccccc6)[nH]5)cc4)c3C)C(F)(F)C(F)(F)C2(F)F)c(C)s1,C1CCOC1,390.0
10599,Oc1cc(N(c2ccccc2)c2ccccc2)ccc1-c1nc2c3ccc(-c4ccccc4)cc3c3cc(-c4ccccc4)ccc3c2[nH]1,CCCCCC,417.0
752,COc1ccc(C(=Cc2ccc(/C=C/c3ccc(C#N)cc3)cc2)c2ccc(OC)cc2)cc1,C1CCOC1,467.0
7319,CCN(CC)c1ccc(/C=N/c2cc3nc4ccccc4nc3cc2/N=C/c2ccc(N(CC)CC)cc2O)c(O)c1,CN(C)C=O,599.0
3737,CC1(C)c2ccccc2N(c2c(F)cc(-c3nnc(-c4ccccc4)o3)cc2F)c2ccccc21,Cc1ccccc1,490.0
11992,Cc1c2oc3c(C)c(N)cc(C(=O)NC4OC(=O)C(C(C)C)N(C)C(=O)CN(C)C(=O)C5CCCN5C(=O)C(C(C)C)NC4=O)c3nc-2c(C(=O)NC2OC(=O)C(C(C)C)N(C)C(=O)CN(C)C(=O)C3CCCN3C(=O)C(C(C)C)NC2=O)c(N)c1=O,CCO,668.999244
10464,O=C1/C(=C\c2ccc3oc4ccccc4c3c2)S(=O)(=O)c2ccccc21,C1COCCO1,436.0
3215,N#CC(C#N)=C(/C=C/c1ccc(N(c2ccccc2)c2ccc(/C=C/C(=C(C#N)C#N)c3ccccc3)cc2)cc1)c1ccccc1,CCO,633.0
6464,O=C1c2ccccc2-c2cc3ccccc3c(=O)n21,CO,445.0
9805,C[Si](c1ccc(-c2nc3ccccc3n2-c2ccccc2)cc1)(c1ccc(-c2nc3ccccc3n2-c2ccccc2)cc1)c1ccc(-c2nc3ccccc3n2-c2ccccc2)cc1,ClCCl,361.0
1777,Cc1cc(O)c(C(=O)/C=C/c2cccc(O)c2)c(=O)o1,CC#N,523.0
4113,N#Cc1c(-c2ccc([N+](=O)[O-])cc2)cc(-c2ccc([N+](=O)[O-])cc2)[nH]c1=O,CO,444.0
1770,Cc1cc(O)c(C(=O)/C=C/c2ccc(Cl)cc2Cl)c(=O)o1,ClCCl,472.0
10443,COC(=O)c1cc(=O)n(C)c2cc(-c3cc4c5c(c3)CCCN5CCC4)sc12,ClC(Cl)Cl,580.0
4687,F[B-]1(F)n2c(ccc2-c2nc3ccccc3s2)C(c2ccccc2)=C2C=CC(c3nc4ccccc4s3)=[N+]21,ClC(Cl)Cl,643.0
3022,CN(C)c1ccc2cc(C#Cc3cn([C@H]4C[C@H](O)[C@@H](CO)O4)c4ncnc(N)c34)ccc2c1,CO,424.0
4228,Cc1n[nH]c2c1C(c1ccc([N+](=O)[O-])cc1)C(C#N)=C(N)O2,CN(C)C=O,405.0
3012,CC(=O)c1ccc2cc(C#Cc3cn([C@H]4C[C@H](O)[C@@H](CO)O4)c4ncnc(N)c34)ccc2c1,CC#N,508.0
11181,COc1c2ccccc2c(OC)c2c1c1cc(F)ccc1n2C,CC#N,435.0
10841,N#Cc1cc(-n2c3ccccc3c3cccnc32)c(-n2c3ccccc3c3cccnc32)cc1C#N,CCCCCC,386.9767442
9015,N#Cc1cc2ccccc2[nH]1,OCC(F)(F)F,339.0
8855,N#Cc1cnc(-c2c3ccccc3c(-c3ccccc3)c3ccccc23)nc1,ClCCl,504.0
7180,O=P1(c2ccccc2)c2ccccc2-c2sc3ccccc3c21,ClCCl,428.0
527,CN(C)c1ccc(/C=C/c2ccccn2)cc1,CS(C)=O,478.0
6188,C(=C/c1ccnc(/C=C/c2ccc(N(c3ccccc3)c3ccccc3)cc2)n1)\c1ccc(N(c2ccccc2)c2ccccc2)cc1,CC(C)=O,531.0
11240,O=c1oc2ccc(Cl)cc2cc1-c1cc2cc(Cl)ccc2o1,CCOC(C)=O,429.0
4264,O=C1OCC2=C1C(c1ccccc1)c1cc3c(cc1N2CCO)CCC3,ClC(Cl)Cl,419.0
4262,O=C1OCC2=C1C(c1ccccc1)c1cc3c(cc1N2CCO)CCC3,CCO,410.0
5577,CCN1/C(=C\C=C\C=C\C2=[N+](CC)c3ccc4cc(Br)ccc4c3C2(C)C)C(C)(C)c2c1ccc1cc(Br)ccc21,CN(C)C=O,705.0
1919,O=C1Nc2ccccc2/C1=C/C(=O)c1ccc(Cl)cc1Cl,CCCCO,415.0
701,CN1/C(=C/C=C(/C=C/c2sc3ccccc3[n+]2C)c2ccccc2)Sc2ccccc21,CO,679.0
4397,O=Cc1cc(N2CCCCC2)c2ccc3c(N4CCCCC4)cc(N4CCCCC4)c4ccc1c2c43,CS(C)=O,601.0
4480,CC(C)(C)c1ccc2c(c1)c1ccc3cccc4c5cccc6oc(=O)c2c(c65)c1c34,C1CCOC1,424.0
9707,F[B-]1(F)n2c(cc3oc(-c4ccccc4)cc32)C=C2C=c3oc(-c4ccccc4)cc3=[N+]21,ClC(Cl)Cl,661.0
1298,O=S(=O)(c1ccccc1)c1ccc(-n2c3ccccc3c3c2c2ccccc2n3-c2ccccc2)cc1,Cc1ccccc1,476.0
1352,CCOC(=O)COc1ccc(/C=C/c2c(CC)c(C)c3n2[B-](F)(F)[N+]2=C(c4[nH]c(C)c(CC)c4C)c4ccccc4C2=C3C)cc1,CCCCCC,698.0
2926,COc1ccc(-c2csc(/C(C#N)=C/c3ccc(C#N)cc3)n2)cc1,CN(C)C=O,570.0
9531,c1ccc(-c2cc(-c3ccc4ccc5c(-c6ccnc(-c7ccccn7)c6)ccc6ccc3c4c65)ccn2)nc1,CCCCCC,397.9941097
1287,Cc1nnc(-c2cc(-n3c4ccccc4c4ccccc43)c(-n3c4ccccc4c4ccccc43)cc2-c2nnc(C)o2)o1,Cc1ccccc1,453.0
4693,Cn1c(=O)c(/N=N/c2ccc(S(=O)(=O)O)c3ccccc23)c(O)c2ccccc21,Cc1ccccc1,540.0
10036,COC(=O)c1ccccc1-c1c2ccc(=[NH2+])cc-2oc2cc(N)ccc12,CC#N,525.0
6380,c1csc(-c2ccc(-c3ccc(-c4ccc(-c5cccs5)s4)s3)s2)c1,CC#N,479.0
6110,COc1ccc(C#Cc2ccc(C#N)cc2)cc1,CC#N,411.0
3697,CCCCN1C(=O)C2=C(c3ccc(-c4ccc5c(c4)C(C)(C)c4ccccc4-5)cc3)NC(=O)C2=C1c1ccc(-c2ccc3c(c2)C(C)(C)c2ccccc2-3)cc1,ClCCl,563.0
2013,Cc1ccccc1/C(C#N)=C/c1ccc(N(C)C)cc1,CCO,509.0
9443,CCCc1ccc(C#Cc2cc(C#Cc3ccc(N(C)C)cc3)c3ccc4c(C#Cc5ccc(N(C)C)cc5)cc(C#Cc5ccc(N(C)C)cc5)c5ccc2c3c54)cc1,ClCCl,603.0
4373,N#Cc1ccc(C#Cc2ccc3ccc4ccc(C#Cc5ccc(C#N)cc5)c5ccc2c3c45)cc1,CCCCCCO,448.0
7689,CCN(CC)c1ccc2cc(/C=C(\C#N)c3nc4ccccc4o3)c(=O)oc2c1,ClCCl,576.0
5861,CC(C)[Si]1(C(C)C)c2cc(C=C(C#N)C#N)ccc2-c2ccc(N(C)C)cc21,ClCCl,644.0
2147,O=P(c1ccccc1)(c1ccccc1)c1ccc(N2c3ccccc3Oc3ccccc32)cc1,Cc1ccccc1,458.2672707
5770,CC(C)(C)NC(=O)c1ccc(-c2ccccc2)c2ccc3c4ccccc4c4ccccc4c3c12,ClCCl,413.0
7918,O=C(/C=C(\O)c1ccc(N2c3ccccc3Oc3ccccc32)cc1)c1ccc(N2c3ccccc3Oc3ccccc32)cc1,Cc1ccccc1,594.0
5880,CC(C)[Si]1(C(C)C)c2ccccc2-c2ccc(N(C)C)cc21,CCOCC,406.0
6480,COc1ccc(-c2nc3c(c4c2-c2ccccc2CC4)-c2ccccc2CC3)cc1,CS(C)=O,415.0
7442,CN(C)c1ccc(/C=C/C(=O)c2ccc(Cl)cc2)cc1,CO,544.0
7615,FC(F)(F)c1ccc(-c2nnc(-c3cc(-c4nnc(-c5ccc(C(F)(F)F)cc5)o4)c(-n4c5ccccc5c5ccccc54)cc3-n3c4ccccc4c4ccccc43)o2)cc1,Cc1ccccc1,456.0
11233,COc1cccc2oc(-c3cc4c(OC)cccc4oc3=O)cc12,O,521.0
4870,COC(=O)c1nc2c(N(C)C)nc(N(C)C)nc2n1Cc1ccccc1,CC#N,415.0
8977,COc1ccc(C#Cc2c3cc4ccccc4cc3c(C#C[Si](C(C)C)(C(C)C)C(C)C)c3cc4ccccc4cc23)cc1,ClCCl,666.0
810,CCn1c2ccccc2c2cc(-c3cc(-c4ccc5c(c4)c4ccccc4n5CC)nc(-c4ccc(OC)cc4)n3)ccc21,ClCCl,404.0
6472,Oc1ccccc1-c1nc2c3cccnc3c3ncccc3c2n1-c1ccccc1,Cc1ccccc1,379.0
2073,COC(=O)C(Cc1ccc2oc(-c3ccc(N(c4ccccc4)c4ccccc4)cc3)nc2c1)NC(=O)OC(C)(C)C,CCO,475.7509729
8538,COc1ccc(C2=C/C(=C\c3ccc(C#N)cc3)C(=O)O2)cc1OC,C1COCCO1,531.0
9001,Cc1cc(-c2ccc(-c3ccccc3)cc2)nc(-c2ccc(-n3c4ccccc4c4ccccc43)cc2)n1,CN(C)C=O,474.0
885,CCCCCCCCCCCn1cccc1C1=[N+]2C(=Cc3c(C)cc(C)n3[B-]2(F)F)c2ccccc21,C1CCOC1,610.0
1477,COc1cc(OC)cc(-c2ccc(-c3ccc(C#N)s3)s2)c1,CCOC(C)=O,440.0
1790,CCC1=C(C)C2=Cc3cc4c(cc3B(O)N2C1=O)OCO4,CC#N,488.0
8600,CCC1=C(C)C2=C(C)c3c(C)c(CC)c(C)n3[B-](F)(F)[N+]2=C1C,CCCCCC,533.6
2008,C(=C/c1ccccc1)\c1ccccc1,CC(C)O,348.0
5890,CC(C)[Si]1(C(C)C)c2cc(C#N)ccc2-c2ccc(N(C)C)cc21,ClCCl,442.0
682,CCCN1/C(=C/C=C(/C=C/c2sc3ccccc3[n+]2CCC)c2ccc([N+](=O)[O-])cc2)Sc2ccccc21,CS(C)=O,673.0
3895,N#Cc1c(-n2c3ccccc3c3ccccc32)cccc1-n1c2ccccc2c2ccccc21,Cc1ccccc1,403.0
9703,CN1c2ccccc2C(O)(c2ccccc2)c2cc([N+](=O)[O-])ccc21,CCO,536.2
11967,Cc1ccc(/C(C#N)=C/c2cc(/C=C(\C#N)c3ccc(C)cc3)c(-c3ccc(N(c4ccccc4)c4ccccc4)cc3)cc2-c2ccc(N(c3ccccc3)c3ccccc3)cc2)cc1,CCCCCC,453.0
10673,Cc1ccc(/N=C2\N=C(N)c3cccc4cccc2c34)cc1,ClCCl,498.0
57,CC1(C)CC(/C=C/c2cn(-c3ccccc3)nc2-c2ccccc2)=CC(=C(C#N)C#N)C1,Cc1ccccc1,542.0
8634,C#CCNC1=C2C(C)=CC(C)=[N+]2[B-](F)(F)n2c(C)cc(C)c21,C1CCCCC1,501.5
2399,CN(C)c1ccc2nc(-c3ccc(C(=O)OC(C)(C)C)cc3)sc2c1,CC(C)O,537.0
5771,Cc1ccc(-c2ccc(C(=O)NC(C)(C)C)c3c2ccc2c4ccccc4c4ccccc4c23)cc1,ClCCl,413.0
11803,C(=C/c1cccc2ccccc12)\c1ccc(-c2nnc(-c3ccc(-c4cc5ccccc5s4)cc3)o2)cc1,CO,448.0
7698,Oc1ccc2ncccc2c1,CO,371.0
8572,Nc1ccc2c(c1)C(=O)NC2=O,CN(C)C=O,470.0
7020,C(=C/c1ccnc2ccccc12)\c1ccc(/C=C/c2ccnc3ccccc23)cc1,CO,440.0
1468,COc1ccc(-c2ccc(-c3ccc(C#N)s3)s2)cc1,ClC(Cl)Cl,465.0
1416,COc1cc(/C=C2/SC(=O)NC2=O)ccc1O,CC#N,430.0
7281,CC1=CC(C)=[N+]2C1=C(c1ccc(N3CCCCC3)cc1)c1c(C)cc(C)n1[B-]2(F)F,CC#N,511.0
2358,CC(C)(C)c1ccc(-c2nc3c4ccc(-c5ccccc5)cc4c4cc(-c5ccccc5)ccc4c3n2-c2ccc(C(C)(C)C)cc2)cc1,CCCCCC,385.0
12129,CCCCCCC(CCCCCC)N1C(=O)c2cccc3c(-c4ccc([Si](C)(C)C)cc4)ccc(c23)C1=O,CCCCCCCCCCCO,430.6
5824,COc1cc2c(cc1OC)C1=C[C@H](c3ccc(Cl)cc3)C3(C(C#N)=C(C#N)N1CC2)c1cc(Cl)ccc1-c1ccc(Cl)cc13,ClCCl,406.0
10449,Cn1nc(-c2ccccc2)c2n[nH]nc2/c1=N\c1ccccn1,Cc1ccccc1,428.0
10390,C(#Cc1ncnc2ccccc12)c1ccc(N(c2ccccc2)c2ccccc2)cc1,C1CCOC1,535.0
11067,CC(C)(C)c1ccc(-c2ccc(-c3ccc(C(C)(C)C)cc3)c3nsnc23)cc1,ClCCl,512.0
3869,Cc1cc(C)n2c1C=C1c3ccccc3C(c3[nH]c4ccccc4c3C)=[N+]1[B-]2(F)F,ClCCl,631.0
11760,c1ccc(-c2nc(-c3ccc(-c4ccc(-n5c6ccccc6c6ccccc65)cc4)cn3)oc2-c2ccccc2)cc1,CCCCOCCCC,399.0
7360,Cc1ccc(-c2c3nc(c(-c4ccco4)c4ccc(s4)c(-c4ccco4)c4nc(c(-c5ccc(C)cc5)c5ccc2[nH]5)C=C4)C=C3)cc1,ClCCl,717.0
8620,CCC1=C(C)C2=C(C)c3c(I)c(I)c(I)n3[B-](F)(F)[N+]2=C1C,CC(C)=O,551.5
12072,CCc1ccc(-c2ccc(-c3nnc(-c4ccc(-c5nnc(-c6ccc(-c7ccc(CC)cc7)s6)o5)cc4)o3)s2)cc1,CC(=O)N(C)C,420.0
10086,c1ccc(N(c2ccccc2)c2ccc3ccc4c(N(c5ccccc5)c5ccccc5)ccc5ccc2c3c54)cc1,ClCCl,472.0
1055,CCC1=C(C)C2=C(c3cc(C4=C5C(C)=C(CC)C(C)=[N+]5[B-](F)(F)n5c(C)c(CC)c(C)c54)cc(C4=C5C(C)=C(CC)C(C)=[N+]5[B-](F)(F)n5c(C)c(CC)c(C)c54)c3)c3c(C)c(CC)c(C)n3[B-](F)(F)[N+]2=C1C,CC#N,556.0
2281,COc1ccc(N2c3cc(OC)ccc3N=c3cc4c(cc32)=Nc2cc(C(C)(C)C)cc(C(C)(C)C)c2O4)cc1,CC#N,624.0
5716,O=C(O)c1ccccc1Nc1ccccc1,C1CCCCC1,430.0
1924,O=C1Nc2ccccc2/C1=C/C(=O)c1ccc(Cl)cc1Cl,O,427.0
11066,c1ccc(/C(=C(\c2ccccc2)c2cc(-c3ccccc3)ccc2-c2ccc(-c3ccccc3)cc2)c2cc(-c3ccccc3)ccc2-c2ccc(-c3ccccc3)cc2)cc1,C1CCOC1,494.0
1075,O=Cc1ccc(-c2ccc(C3=CCC(c4ccccc4)CC3)s2)s1,c1ccncc1,481.0
1115,Cc1ccc(/C=N/c2cc(C(C)C)c(O)cc2C)cc1,CC#N,415.0
3936,c1ccc(-c2pc3ccccc3s2)cc1,CC#N,443.0
3533,c1ccc(-c2nc3c(ccc4[nH]ccc43)o2)cc1,CO,437.0
6784,c1ccc(-c2nnc(-c3cc(-n4c5ccccc5c5ccccc54)c(-n4c5ccccc5c5ccccc54)cc3-c3nnc(-c4ccccc4)o3)o2)cc1,Cc1ccccc1,466.0
460,CCCCCCCCCCCCN1C(=O)c2c(c3ccc4cc(-c5cccs5)c(OC)cc4c3c3c2ccc2cc(-c4cccs4)c(OC)cc23)C1=O,ClCCl,545.0
3032,COc1ccc(/C=C/C2=CC(/C=C/c3ccc(OC)cc3)=[O+][B-](OC(C)=O)(OC(C)=O)O2)cc1,CC(C)=O,531.0
4207,CCOC(=O)c1ccc2nc(/N=N/c3ccc(N(CC)CC)cc3)sc2c1,CC#N,582.0
10915,Nc1ccc2cc(-c3ccc(C(F)(F)F)cc3)oc(=O)c2c1,CO,461.0
1452,CCOC(=O)CSc1nc(-c2ccccc2)c(C)c(C#N)c1C#N,CC#N,426.0
2149,O=P(c1ccccc1)(c1ccccc1)c1ccc(N2c3ccccc3Oc3ccccc32)cc1,O=P(c1ccccc1)(c1ccccc1)c1ccccc1Oc1ccccc1P(=O)(c1ccccc1)c1ccccc1,470.0
319,COC(=O)C(NC(=O)OC(C)(C)C)c1ccc2oc(-c3ccc(OC(=O)c4ccccc4)cc3O)nc2c1,CC1CCCCC1,480.0
8364,C(=C/c1ncnc2ccccc12)\c1ccc(-c2ccc(N(c3ccccc3)c3ccccc3)cc2)cc1,C1CCCCC1,461.0
1922,O=C1Nc2ccccc2/C1=C/C(=O)c1ccc(Cl)cc1Cl,CO,415.0
8518,CSc1cc(-c2cc3cc4c5c(c3oc2=O)CCCN5CCC4)oc(=O)c1C#N,CS(C)=O,616.0
10886,Cc1ccc(-c2sc(/C(C#N)=C/c3ccc(C#N)cc3)nc2-c2ccc(Cl)cc2)cc1,CC#N,535.0
11818,NS(=O)(=O)c1ccc(N2N=C(c3ccc(O)cc3)CC2c2ccc([N+](=O)[O-])cc2)cc1,CN(C)C=O,422.0
9896,N#Cc1c(N2CCCCC2)cc(-c2ccc3ccc4cccc5ccc2c3c45)c2c1Cc1ccccc1-2,C1CCOC1,481.0
10208,CN(C)c1ccc(-c2nc3cc(C(F)(F)F)ccc3n2-c2ccccc2)cc1,CC#N,406.0
2129,C[Si](C)(c1cccc2cc3ccccc3cc12)[Si](C)(C)c1cccc2cc3ccccc3cc12,C1CCCCC1,412.0
5972,CCN(CC)c1ccc2cc(/C=C/C(O)=C3\CC/C(=C\c4cc5ccc(N(CC)CC)cc5oc4=O)C3=O)c(=O)oc2c1,ClC(Cl)Cl,605.0
7654,O=C1/C(=C/C=C/c2cc3c4c(c2)CCCN4CCC3)CC/C1=C\C=C\c1cc2c3c(c1)CCCN3CCC2,CCOC(C)=O,660.0
7945,Cc1ccc(C)c(C)c1,C1CCCCC1,295.7704821
1052,CN(C)c1ccc(-c2cc3c(s2)c(C(=O)c2ccccc2)cc(=O)n3Cc2ccccc2)cc1,ClCCl,678.0
5993,COc1ccc2c(c1)CCc1c-2nc(N)c(C#N)c1-c1ccc(Br)cc1,C1CCOC1,403.0
8417,N#CC1=C(c2ccc(-c3cccs3)s2)CC1,CC#N,451.0
4067,O=C1C=Cc2cc3ccccc3c(=O)n21,CS(C)=O,420.0
1456,CCOC(=O)CSc1nc(-c2ccccc2)c(C)c(C#N)c1C#N,c1ccccc1,421.0
5513,CCCCCCC1(CCCCCC)c2ccccc2-c2ccc(-c3cc4c(cc3F)-c3cc(F)c(-c5ccc6c(c5)C(CCCCCC)(CCCCCC)c5ccccc5-6)cc3S4(=O)=O)cc21,Cc1ccccc1,411.0
361,c1ccc([B-]2(c3ccccc3)Oc3ccc4ccccc4c3-c3c4ccccc4cc[n+]32)cc1,Cc1ccccc1,522.0
12098,Cc1ccc(C2=C3C=CC(Oc4ccccc4)=[N+]3[B-](F)(F)n3c(Oc4ccccc4)ccc32)cc1,C1CCOC1,533.0
3145,CC(C)(C)OC(=O)NC(Cc1ccccc1)C(=O)OCc1ccc2c3cccc4cccc(c5cccc1c52)c43,CCO,447.0
5572,CCCCN1/C(=C\C=C\C=C\C2=[N+](CCCC)c3ccc4ccccc4c3C2(C)C)C(C)(C)c2c1ccc1ccccc21,ClCCl,713.0
8454,c1ccc(-c2cc(-c3ccc(N(c4ccccc4)c4ccccc4)cc3)cc(-c3ccccc3)n2)cc1,ClCCl,476.0
6930,Clc1nc(Nc2ccccc2)nc(Nc2ccc3c4cccc5cccc(c6cccc2c63)c54)n1,C1COCCO1,478.0
8537,O=C1OC(c2ccccc2)=C/C1=C\c1ccc([N+](=O)[O-])cc1,C1COCCO1,518.0
9866,F[B-]1(F)n2c(-c3cccs3)cc(-c3ccccc3)c2N=C2C(c3ccccc3)=CC(c3cccs3)=[N+]21,CC#N,732.0
7607,O=Cc1ccc2c(c1)c1ccccc1n2-c1cc2ccccc2c2ccccc12,CC#N,416.0
540,CN(C)c1ccc(/C=C/c2cc[n+](CCCCC[n+]3ccc(/C=C/c4ccc(N(C)C)cc4)cc3)cc2)cc1,CS(C)=O,610.001586
7915,CCCN1/C(=C/C=C(/C=C/C2=[N+](CCC)c3ccccc3C2(C)C)c2ccncc2)C(C)(C)c2ccccc21,O,658.0
10378,O=C(N/N=C/c1ccccc1O)c1cc2ccccc2cc1O,C1CCOC1,311.0
6551,CC1(C)C(/C=C/C=C/C=C/C=C2/N(S(=O)(=O)[O-])c3ccc(S(=O)(=O)[O-])cc3C2(C)C)=[N+](S(=O)(=O)[O-])c2ccc(S(=O)(=O)[O-])cc21,O,771.0
11057,O=C(O)c1ccc(C2CC(c3cccc4ccccc34)=NN2c2ccccc2)cc1,C1CCOC1,469.0
754,CN(C)c1ccc(C(=Cc2ccc(/C=C/c3ccc(C#N)cc3)cc2)c2ccc(N(C)C)cc2)cc1,C1CCOC1,481.0
6641,O=P(c1ccccc1)(c1ccccc1)n1c2ccccc2c2ccccc21,CC(C)=O,406.0
2003,Cc1ccccc1/C(C#N)=C/c1ccc(N(C)C)cc1,CCCCCCC,433.0
2542,CCCCC(CC)Cn1c2cc(-c3ccc(N(c4ccccc4)c4ccccc4)cc3)c(C#N)cc2c2cc(C#N)c(-c3ccc(N(c4ccccc4)c4ccccc4)cc3)cc21,CCOC(C)=O,455.0
5943,Cc1cc(-c2nnc(-c3c(C(C)C)cc(C(C)C)cc3C(C)C)o2)ccc1-n1c2ccccc2c2ccccc21,Cc1ccccc1,375.0
8990,COC(=O)C[C@H](Cc1c[nH]c2ccccc12)NC(=O)[C@H](CC(=O)N[C@@H](CC1=CCc2ccccc21)C(=O)OC)NC(=O)[C@H](Cc1c[nH]c2ccccc12)NC(=O)OC(C)(C)C,CCOC(C)=O,330.0
6485,CCN(CC)c1ccc(-c2nc3c(c4c2-c2ccc(C#N)cc2CC4)-c2ccc(C#N)cc2CC3)cc1,CCCCCC,455.0
4271,O=C1OCC2=C1C(c1ccccc1)c1cc3c(cc1N2CCO)CCC3,CC(C)O,409.0
100,CC1(C)C(/C=C/C2=C(Oc3ccc(CCN=C=S)cc3I)/C(=C/C=C3/N(CCCS(=O)(=O)[O-])c4ccccc4C3(C)C)CCC2)=[N+](CCCS(=O)(=O)[O-])c2ccccc21,CO,796.0
6961,Cc1ccc(C2=C3C=CC(/C=C/c4ccccc4)=[N+]3[B-](F)(F)n3c(/C=C/c4ccccc4)ccc32)cc1,CCOC(C)=O,641.0
601,CC(C)(C)Nc1cc2sc3cc(NC(C)(C)C)c(F)cc3c(=O)c2cc1F,CCO,432.0
10926,COc1ccc2cc(-c3ccc(C(F)(F)F)cc3)oc(=O)c2c1,ClC(Cl)Cl,409.0
6454,F[B-]1(F)n2cccc2C(c2ccccc2)=C2C=CC(N3CCOCC3)=[N+]21,CCOC(C)=O,547.0
10837,CCN(CC)c1ccc(/C=N/C2CCCCC2/N=C/c2ccc(N(CC)CC)cc2O)c(O)c1,CC#N,426.0
1044,F[B-]1(F)n2c(c3cccc4cccc2c43)=Nc2ccc3ccccc3[n+]21,Cc1ccccc1,511.0
9501,CC(=O)c1ccc(/C=C/C=C/C2=NC3C(=O)NC(N)=NC3N2[C@H]2C[C@H](O)[C@@H](CO)O2)cc1,CO,554.0
1557,Oc1ccc(/N=C/c2ccccc2Oc2ccccc2)cc1,c1ccccc1,414.0
1487,Nc1ccc2nc(-c3ccccc3)c(=O)oc2c1,c1ccccc1,480.0
8968,O=C([O-])c1ccccc1C1=c2cc3c4c(c2Oc2c1cc1c5c2CCCN5CCC1)CCC[N+]=4CCC3,CN(C)C=O,608.0
11265,Cc1cccc2cc(-c3cc4cccc(C)c4oc3=O)oc12,Cc1ccccc1,436.0
8090,O=Cc1cc(O)c(C=O)cc1O,CO,492.0
2115,CC(C)(C)c1ccc2oc(-c3ccc(-c4nc5cc(C(C)(C)C)ccc5o4)s3)nc2c1,C1CCCCC1,426.0
10890,O=S(=O)(c1ccc(-c2ccc(-c3nc4c5ccccc5c5ccccc5c4n3-c3ccccc3)cc2)cc1)c1ccc(-c2ccc(-c3nc4c5ccccc5c5ccccc5c4n3-c3ccccc3)cc2)cc1,CCN(CC)CC,413.0
618,CC(C)(C)c1ccc2c(c1)c1cc(C(C)(C)C)ccc1n2-c1cccc(-c2nc(-c3cccc(-n4c5ccc(C(C)(C)C)cc5c5cc(C(C)(C)C)ccc54)c3)nc(-c3cccc(P(=O)(c4ccccc4)c4ccccc4)c3)n2)c1,CC(C)=O,552.2964509
8759,CCC1=C(C)C2=C(C)c3c(C)c(CC)c(C)n3[B-](F)(F)[N+]2=C1C,C1CCOC1,534.0
6843,COc1cc(N(c2ccccc2)c2ccc(C=C(C#N)C#N)c(OC)c2)ccc1C=C(C#N)C#N,ClC(Cl)Cl,524.0
5125,C#CCOc1ccc(/C=C/C2=[N+]3C(=C(c4ccc(N(C)C)cc4)c4c(C)cc(C)n4[B-]3(F)F)C(C)=C2)cc1,CO,582.0
3396,CCN(CC)c1ccc2cc(-c3csc(N)c3C#N)c(=O)oc2c1,CO,514.0
1600,c1ccc(N(c2ccccc2)c2ccc(-c3ccncn3)cc2)cc1,ClCCl,482.0
8412,CCN1c2ccccc2Sc2cc(/C=C(\C#N)c3ccccc3)ccc21,Cc1ccccc1,551.0
10465,COc1ccc(-c2cnc(-c3ccccc3)o2)cc1OC,ClCCl,400.0
1615,COC(=O)c1cc(=O)n(C)c2cc(-c3cccc(N(C)C)c3)sc12,CC#N,460.0
1752,CN(C)c1ccc(/C=C/c2nc3ccccc3s2)cc1,OCC(O)CO,530.0
6013,CC[N+](CC)=c1ccc2c(C(F)(F)F)c3oc4cc(N)ccc4c3oc-2c1,ClCCl,695.0
2083,COC(=O)C(Cc1ccc2oc(-c3ccc(N(c4ccccc4)c4ccccc4)cc3)nc2c1)NC(=O)OC(C)(C)C,O,502.9928072
5359,O=P1(c2ccccc2)C(c2cc(C(F)(F)F)cc(C(F)(F)F)c2)=Cc2c3ccc4cccc5ccc(c6cc(-c7ccc(N(c8ccccc8)c8ccccc8)cc7)n1c26)c3c45,C1COCCO1,595.0
8805,c1ccc2c(c1)c1ccccc1n2-c1ccc2c(c1)c1ccccc1n2-c1cc2c3ccccc3n3c4ccccc4c(c1)c23,Cc1ccccc1,400.0
8631,CCC1=C(C)C2=C(C)c3cc(I)c(I)n3[B-](F)(F)[N+]2=C1C,C1CCCCC1,546.0
6927,c1ccc2c(-n3cnc4ccccc43)cccc2c1,Cc1ccccc1,359.0
9161,CCCCCCCCCCCCNc1cccc2[n+]1[B-](F)(F)n1c(c3cccc4cccc1c43)=N2,ClCCl,522.0
675,Cc1cc2ccc(-c3cccc4cccc(-c5ccc6cc(C)c(=O)oc6c5)c34)cc2oc1=O,C1CCCCC1,392.0
2545,CCCCC(CC)Cn1c2cc(-c3ccc(N(c4ccccc4)c4ccccc4)cc3)c(C#N)cc2c2cc(C#N)c(-c3ccc(N(c4ccccc4)c4ccccc4)cc3)cc21,Cc1ccccc1,432.0
6569,COc1c(/C=N/Nc2ccc(C#N)cc2)ccc2ccccc12,CCCCCC,448.0
10201,c1ccc2[nH]c(-c3ccc(-c4ccc(-c5ccc(-c6nc7ccccc7[nH]6)cc5)cc4)cc3)nc2c1,CN(C)C=O,409.0
3999,COC(=O)C(Cc1ccc2oc(-c3ccc(N(C)C)cc3)nc2c1)NC(=O)OC(C)(C)C,Cc1ccccc1,374.5037825
11644,CCN(CC)c1ccc2ccc(=O)oc2c1,CCCCO,442.0
175,CN(C)c1ccc(/C=C/c2cc(/C=C/c3ccc(N(C)C)cc3)nc(/C=C/c3ccc(C(F)(F)F)cc3)n2)cc1,CC#N,587.0
5739,CN(C)c1ccc(C(=Cc2ccc(C#N)cc2)c2ccc(N(C)C)cc2)cc1,C1CCOC1,412.0
3609,CCOC(=O)CCCCCn1c2ccc([N+](=O)[O-])cc2c(=O)c2cc3c(cc21)c(=O)c1cc([N+](=O)[O-])ccc1n3CCCCCC(=O)OCC,ClCCl,553.0
10639,CC(=O)c1c2c(cc3ccc(N(C)C)cc13)CCC2,ClC(Cl)Cl,516.0
3787,CN(C)c1ccc2nc3c(cc2c1)c(-c1ccccc1)nn3-c1ccccc1,CCCCCl,515.995872
9002,Cc1cc(-c2ccc(-c3ccccc3)cc2)nc(-c2ccc(-n3c4ccccc4c4ccccc43)cc2)n1,Cc1ccccc1,386.0
2225,F[B-]1(F)n2c(nc(-c3ccccc3)c2-c2ccccc2)-c2cccc[n+]21,C1COCCO1,510.0
9545,CN(C)c1ccc(C#Cc2ccc3ccc(=O)oc3c2)cc1,CC#N,438.0
6069,CN(C)c1ccc(C#Cc2ccccc2)cc1,CO,371.9961312
1126,Cc1ccc(/C=N/c2cc(C(C)C)c(O)cc2C)cc1,ClCCl,415.0
8955,CC1=C(c2cccs2)C(C)=[N+]2C1=C(c1ccc(O)cc1)c1c(C)c(-c3cccs3)c(C)n1[B-]2(F)F,Cc1ccccc1,604.0
6062,CN(C)c1ccc(C#Cc2ccccc2)cc1,CC(C)O,365.0034675
2441,CC(C)(C)c1ccc(-c2c(-c3ccc(-n4c5ccccc5c5ccccc54)cc3)c(C#N)c(-c3ccc(-n4c5ccccc5c5ccccc54)cc3)c(-c3ccc(C(C)(C)C)cc3)c2-c2ccc(C(C)(C)C)cc2)cc1,C1CCOC1,406.0
1322,FC(F)(F)C(F)(F)C(F)(F)C(F)(F)C(F)(F)C(F)(F)CCOc1nnc(Cl)nn1,OCC(F)(F)F,555.0
1603,CCN(CC)c1ccc(-c2cc3c(s2)c(C(=O)OC)cc(=O)n3C)cc1,CO,503.0
4210,Cc1ccsc1-c1cc2c3cc(-c4sccc4C)c4nc(C(F)(F)C(F)(F)C(F)(F)F)nc5c(-c6sccc6C)cc(c6cc(-c7sccc7C)c7nc(C(F)(F)C(F)(F)C(F)(F)F)nc1c7c26)c3c45,C1CCOC1,627.0
9553,CCN(CC)c1ccc2cc(/C=C/C(=C(C#N)C#N)c3ccc4c(c3)c3ccccc3n4CC)c(=O)oc2c1,CCOC(C)=O,590.0
11695,N#Cc1ccc(-c2ccc3c(c2)c2cc(-c4ccc(C#N)cc4)ccc2c2c3nc(-c3ccc(-c4ccc(N(c5ccccc5)c5ccccc5)cc4)cc3)n2-c2ccccc2)cc1,C1CCOC1,468.6788155
4065,O=C1/C(=C\c2ccc(N(c3ccccc3)c3ccccc3)cc2)S(=O)(=O)c2ccccc21,ClCCl,631.0
7655,O=C1/C(=C/C=C/c2cc3c4c(c2)CCCN4CCC3)CC/C1=C\C=C\c1cc2c3c(c1)CCCN3CCC2,CCOCC,632.0
11457,CCC1=C(C)C2=C(c3c4ccccc4c(-c4ccccc4)c4ccccc34)c3c(C)c(CC)c(C)n3[B-](F)(F)[N+]2=C1C,ClCCl,543.0
9733,CCn1c2ccccc2oc2c(C#N)c3oc4ccccc4oc3c(C#N)c21,ClC(Cl)Cl,555.0
5324,C(#Cc1nc(C#Cc2cccs2)c(C#Cc2cccs2)c(C#Cc2cccs2)c1C#Cc1cccs1)c1cccs1,ClCCl,441.0
4071,CCC1=C(C)c2cc3c(OC)cc(OC)cc3c(=O)n2C1=O,CS(C)=O,485.0
1507,Oc1cccc(/N=C/c2ccccc2Oc2ccccc2)c1,CC(C)O,406.0
1559,Oc1ccccc1/N=C/c1ccccc1Oc1ccccc1,CC(C)CO,409.0
5579,CCN1/C(=C\C=C\C=C\C2=[N+](CC)c3ccc4cc(Br)ccc4c3C2(C)C)C(C)(C)c2c1ccc1cc(Br)ccc21,CS(C)=O,709.0
11501,CCOC(=O)c1c2c3c(ccc(Cl)c3c3cc4ccccc4cc13)N(C)C2=O,CC#N,414.0
4830,CCc1c(C)c2n(c1C)[B-](F)(F)[N+]1=C(NCc3ccc(OC)cc3)C=CC1=C2C,CCOC(C)=O,549.0
9987,CCCCNc1ccc(NCCCC)c2c1C(=O)c1ccccc1C2=O,C1CCCCC1,665.0
5886,CC(C)[Si]1(C(C)C)c2cc(C#N)ccc2-c2ccc(N(C)C)cc21,CC#N,464.0
1836,COc1ccc2c(-c3nc(-c4ccccc4)no3)cc(=O)oc2c1,CCO,464.0
1354,Cc1c(COC(=O)Cc2cccc3ccccc23)n2c(OCC(=O)Cc3cccc4ccccc34)c(C)c(=O)n2c1=O,CCO,458.0
6498,CCN(CC)c1ccc(-c2nc3c(c4c2-c2ccccc2CC4)-c2ccccc2CC3)cc1,ClCCl,449.0
9605,Cn1c(=O)c(/N=N/c2ccc(Nc3ccc([N+](=O)[O-])cc3S(=O)(=O)O)cc2)c(O)c2ccccc21,O,636.0
10810,c1ccc(-c2cccc3ncc(-c4ccccc4)n23)cc1,ClCCl,473.0
8817,CN(C)c1ccc(/C=C/c2cc(/C=C/c3ccc(N(C)C)cc3)nc(/C=C/c3ccc(N(c4ccccc4)c4ccccc4)cc3)n2)cc1,C1CCOC1,521.0
4032,CCOC(=O)c1c(-c2cc3cc(OC)ccc3oc2=O)nn(-c2cccc(C)c2)c1C(=O)OCC,ClCCl,444.0
12112,CCCCCCC(CCCCCC)N1C(=O)c2cccc3c(-c4ccc(C#N)cc4)ccc(c23)C1=O,Cc1ccccc1,427.5
8869,CCn1c2ccccc2c2cc(-c3cc(-c4ccc5c(c4)c4ccccc4n5CC)nc(S(C)(=O)=O)n3)ccc21,Cc1ccccc1,406.0
8660,CC1=CC(C)=[N+]2C1=Cc1cccn1[B-]2(F)F,ClCCl,507.0
7825,O=C1c2ccccc2-c2ccccc21,c1ccccc1,485.0
2251,COc1ccc(-n2nc(C(=O)N3CCCC3)c(N3CCCC3)n2)cc1,ClC(Cl)Cl,411.0
1025,CCCCCCCCCCCCCCn1c(-c2cc(-c3nc4ccccc4n3CCCCCCCCCCCCCC)cc(-c3nc4ccccc4n3CCCCCCCCCCCCCC)c2)nc2ccccc21,C1CCOC1,363.4
9554,CCN(CC)c1ccc2cc(/C=C/C(=C(C#N)C#N)c3ccc4c(c3)c3ccccc3n4CC)c(=O)oc2c1,CN(C)C=O,629.0
5709,O=C(O)c1ccccc1Nc1cccc(C(F)(F)F)c1,C1CCOC1,408.0
5414,COCCC1=Cc2nc1ccc1[nH]c(cc1CCOC)c1nc(c(OC)cc3[nH]c2cc3CCOC)C(CCOC)=C1,Cc1ccccc1,690.0
4716,O=c1oc2ccccc2cc1-c1ccc(-c2cc3ccccc3oc2=O)cc1,CC#N,426.0
3397,CCN(CC)c1ccc2cc(-c3csc(N)c3C#N)c(=O)oc2c1,CS(C)=O,482.0
313,Cc1cc(C2(c3cc(C)c(O)c(Br)c3)OS(=O)(=O)c3ccccc32)cc(Br)c1O,CCOCC,476.0
7716,CCOC(=O)c1cc(C(=O)OCC)c2cccc(O)c2n1,CCO,527.0
6018,C1=C(c2ccccc2)C=C(c2ccccc2)/C1=C/c1ccccc1,C1CCOC1,500.0
7472,O=c1c2cc(I)ccc2nc2n1[B-](F)(F)[n+]1ccccc1-2,ClCCl,449.0
9375,CC(C)[Si](C#Cc1c2nsnc2c(C#C[Si](C(C)C)(C(C)C)C(C)C)c2nc3c(ccc4ccccc43)nc12)(C(C)C)C(C)C,CCCCCC,617.0
4978,CC(C)CCCCN1CCc2c1ccc1c3c(ccc21)C(=O)CCC3,CC(C)O,512.0
8072,CCOC(=O)c1cccc(N(C)C)c1,CCCCCC,370.6043956
2970,CC1=CC(C)=[N+]2C1=C(c1ccc(-c3c4ccccc4c(-c4ccccc4)c4ccccc34)cc1)c1c(C)cc(C)n1[B-]2(F)F,CC#N,508.0
5532,Oc1ccc(-c2c3nc(c(-c4ccc(O)cc4)c4ccc([nH]4)c(-c4ccc(O)cc4)c4nc(c(-c5ccc(O)cc5)c5ccc2[nH]5)C=C4)C=C3)cc1,CN(C)C=O,660.0
9475,O=P1(c2ccccc2)C2=C(c3ccccc31)[Si](c1ccccc1)(c1ccccc1)c1cc(N(c3ccccc3)c3ccccc3)ccc12,Cc1ccccc1,558.0
3885,C/C(=N\Nc1ccc(C#N)cc1)c1cccc(/C(C)=N/Nc2ccc(C#N)cc2)c1,CC#N,492.0
11780,CC(=O)c1ccn2c3c(c(-c4ccccc4)c2c1)CN(CCCNC(=O)OC(C)(C)C)C3=O,CO,523.0
9466,CC(=O)O[B-]1(OC(C)=O)OC(/C=C/c2cccc3ccccc23)=CC(/C=C/c2cccc3ccccc23)=[O+]1,ClCCl,554.0
8576,Cc1cc(C)c(C2=C3C=C(/C=C/C(=O)OC(C)(C)C)C=[N+]3[B-](F)(F)n3c2ccc3N2CCOCC2)c(C)c1,CCCCCC,583.0
10491,CCn1c2ccccc2c2cc(C#Cc3cc(C#Cc4ccc5c(c4)c4ccccc4n5CC)nc(C#N)n3)ccc21,ClCCl,510.0
8426,O=CC1=C(c2ccc(-c3cccs3)s2)CC1,OCCOCCO,526.0
5176,CN(C)c1ccc(/C=C/c2cnc3ccccc3n2)cc1,ClCCl,570.0
9219,CN(C)c1ccc(/C=C/C=C/c2nc3ccccc3s2)cc1,C1COCCO1,516.0
6130,CCCCCCCCCCCCOc1cc2c(cc1OCCCCCCCCCCCC)C1=C3C(=O)N4C=Cc5cc(OCCCCCCCCCCCC)c(OCCCCCCCCCCCC)cc5C4=C3C(=O)N1C=C2,ClC(Cl)Cl,597.0
9586,O=c1oc2cc3ccccc3cc2nc1-c1ccccc1,CCCCCC,500.0
1840,COc1ccc2c(-c3nc(-c4ccccc4F)no3)cc(=O)oc2c1,CCO,464.0
11133,Cc1cc(C)c(N(c2ccccc2)c2ccc(S(=O)(=O)c3ccc(S(=O)(=O)c4ccc(N(c5ccccc5)c5c(C)cc(C)cc5C)cc4)cc3)cc2)c(C)c1,c1cc(-n2c3ccccc3c3ccccc32)nc(-n2c3ccccc3c3ccccc32)c1,452.1202237
7937,CN(C)c1ccc(C#N)cc1,CCCCCC,339.488117
3673,CC(C)(C)c1ccc(-c2nc3c4ccc(-c5c6ccccc6cc6ccccc56)cc4c4cc(-c5c6ccccc6cc6ccccc56)ccc4c3n2-c2ccc(C(C)(C)C)cc2)cc1,Cc1ccccc1,428.0
5396,CC(=O)n1cc(/C=C/c2ccc([N+](=O)[O-])cc2)c2ccccc21,O,537.0
10611,COc1ccc(-c2cnc(/C=C/c3ccc(OC)c(OC)c3)o2)cc1,ClCCl,435.0
12232,N#Cc1nc(N(Cc2ccccc2I)Cc2ccccc2I)c(C#N)nc1N(Cc1ccccc1I)Cc1ccccc1I,ClC(Cl)Cl,567.0
3320,COc1ccc(C2=C3C(C)=CC(C)=[N+]3[B-](F)(F)n3c(/C=C/c4ccc(N(C)C)cc4)cc(C)c32)cc1,CC1CCCCC1,612.0
2272,CCOC(=O)CN1C(=O)C2=C(c3ccc(N4CCCCC4)cc3)N(CC(=O)OCC)C(=O)C2=C1c1ccccc1,Cc1ccccc1,563.0
11512,Cc1cc(C)cc(NC(=O)c2sc(Br)nc2C)c1,CS(C)=O,402.5
4254,CN(C)c1ccc(/C=C/c2ccc(-c3ccc(/C=C/c4ccc(N(C)C)cc4)s3)s2)cc1,CC#N,574.0
8253,COc1cc(C(=O)O)ccc1O,CCOC(C)=O,330.0
847,OCC1O[C@@H](Cc2cc(O)cc(/C=C/c3ccc(O)c(O)c3)c2)[C@H](O)[C@@H](O)[C@@H]1O,CC(C)=O,376.0
9404,CCOC(=O)C1CC(c2c(C#N)c(C)nn2-c2ccccc2)=CN1c1ccc(Br)cc1,CC#N,488.0
11369,O=C(O)c1cc2c(cc3ccc4cccc5ccc2c3c45)[nH]1,CCOC(C)=O,403.0
10701,COc1cc2c(cc1/C=C/C(=C(C#N)C#N)c1ccccc1)c1ccccc1n2C,CCO,575.0
9909,C#CCN1C(=O)/C(=C/c2cc(OC(C)C)ccc2OC(C)C)N=C1C,CS(C)=O,510.0
7744,c1cc2ccc3ccc(-n4c5ccccc5c5ccccc54)c4ccc(c1)c2c34,ClCCl,399.0
4597,CCOC(=O)/C(C#N)=C/c1cc2c3ccccc3n(C)c2cc1OC,CC#N,486.0
1417,COc1cc(/C=C2/SC(=O)NC2=O)ccc1O,CN(C)C=O,417.0
10259,c1ccc(-[n+]2c3ccc4cccc5c6cccc7c8cccc9ccc2c(c98)c(c67)c3c45)cc1,ClCCl,531.0
3848,CCCCN(CCCC)c1ccc(/C=C/c2ccc3nc(-c4ccccc4)c(/C=C/c4ccc(N(C)C)cc4)nc3c2)cc1,ClCCl,627.0
604,CCN(CC)c1ccc(/C=N/Nc2ccc(C#N)cc2)c(O)c1,CC#N,418.0
6070,CN(C)c1ccc(C#Cc2ccccc2)cc1,CS(C)=O,423.4955321
2078,COC(=O)C(Cc1ccc2oc(-c3ccc(N(c4ccccc4)c4ccccc4)cc3)nc2c1)NC(=O)OC(C)(C)C,CS(C)=O,474.5003511
10742,Fc1c(F)c(F)c2c(c1F)C1=Nc3c4c(F)c(F)c(F)c(F)c4c4n3[B-]3(Cl)n5c(c6c(F)c(F)c(F)c(F)c6c5=N4)=NC2=[N+]13,CC#N,586.0
2311,Cc1cc(C)c(C)c(B(c2c(C)c(C)c(N3c4ccccc4Oc4ccccc43)c(C)c2C)c2c(C)c(C)c(N3c4ccccc4Oc4ccccc43)c(C)c2C)c1C,CC(C)(C)c1ccc(-n2c3ccc([Si](c4ccccc4)(c4ccccc4)c4ccccc4)cc3c3cc([Si](c4ccccc4)(c4ccccc4)c4ccccc4)ccc32)cc1,484.0
4343,COC(=O)c1ccc(NC(=O)c2ccc(N(C)C)cc2)cc1,CCOCC,456.0
11220,COc1ccc(C#Cc2ccc(C#Cc3ccc(P(=O)(c4ccccc4)c4ccccc4)cc3)cc2)cc1,CCO,412.0
1982,CCOC(=O)CSc1nc(C)c(CC)c(C#N)c1C#N,c1ccccc1,407.0
4466,C=CC1CN2CCC1CC2[C@@H](OCc1ccccc1)c1ccnc2ccc(O)cc12,CCCC#N,361.0
199,COc1ccc(/C=C/c2cc(/C=C/c3ccc(OC)cc3)nc(/C=C/c3ccc(C(F)(F)F)cc3)n2)cc1,CS(C)=O,475.0
485,CCOc1ccc(/C=C/C=C/C=C/c2ccc([N+](=O)[O-])cc2)cc1,CC#N,740.0
3270,CCCC1(CCC)c2cc(-c3ccc(C(C)(C)C)cc3)ccc2-c2ccc(-c3ccc4c(c3)C(CCC)(CCC)c3cc(-c5ccc(C(C)(C)C)cc5)ccc3-4)cc21,C1CCCCC1,395.0
2823,COc1ccc(/N=N/c2c(O)c3ccccc3n(C)c2=O)c(S(=O)(=O)O)c1,C1CCOC1,527.0
4551,CC(C)(C)c1ccc(-c2cc(-c3ccc(-c4cc(-c5ccc(C(C)(C)C)cc5)c(C(=O)NCc5cccs5)s4)s3)sc2C(=O)NCc2cccs2)cc1,ClCCl,450.0
3245,CN(C)c1ccc(C2=Nc3sc4cc(C(F)(F)F)ccc4[n+]3[B-](F)(F)O2)cc1,Cc1ccccc1,460.0
4453,CCCCC(CC)Cn1c2ccccc2c2cc(-c3ccc4c(c3)S(=O)(=O)c3cc(-c5ccc6c(c5)c5ccccc5n6CC(CC)CCCC)ccc3-4)ccc21,ClC(Cl)Cl,458.0
8360,O=P1(c2ccccc2)c2ccccc2-n2cccc21,ClCCl,378.0
6214,COc1ccc(-n2c3ccccc3c3cc(C=C(C#N)C#N)ccc32)cc1,CC(C)=O,525.0
3749,COc1ccc(-c2cc3oc(=O)cc(C)c3cc2-c2ccc(OC)c(OC)c2)cc1OC,C1CCOC1,457.0
7792,COc1ccc2c(c1)-c1ccccc1C2=O,CCO,549.0
5958,CC(C)(C)c1cc(C(C)(C)C)c(-c2nnc(-c3ccc(-n4c5ccccc5c5ccccc54)cc3)o2)c(C(C)(C)C)c1,Cc1ccccc1,376.0
10005,CCNc1ccc(NCC)c2c1C(=O)c1ccccc1C2=O,CCCCCCO,663.0
2794,CCCCCCCCCCCCn1cccc1/C=C/c1ccc(OCCCC)c2c(/C=C/c3cccn3CCCCCCCCCCCC)ccc(OCCCC)c12,Cc1ccccc1,490.0
6536,O=[N+]([O-])c1ccc(O)c(-c2nc3c(c4c2-c2ccccc2CC4)-c2ccccc2CC3)c1,ClCCl,541.0
10023,CN(C)c1cccc2c1C(=O)c1ccccc1C2=O,CCCCCC,566.2
8470,CN(C)c1ccc(/C=C/C=C2\CC/C(=C\c3ccc(N(C)C)cc3)C2=O)cc1,CCCCCC,504.0
524,CN(C)c1ccc(/C=C/c2ccccn2)cc1,CCOCC,429.0
947,CN(C)c1ccc(/C=C/C=C2\CCCC2=O)cc1,CCOCC,500.0
12173,CC1(C)Cc2c(c3ccccc3c3nc4c(nc23)c2c(c3ccccc34)OC(C)(C)C2)O1,CC(C)O,469.2632567
11933,F[B-]1(F)n2c(Nc3cccc4cccnc34)ccc2C(c2ccccc2)=C2C=CC(Cl)=[N+]21,Cc1ccccc1,586.0
1280,c1ccc2c(-n3c4ccccc4c4ccccc43)cccc2c1,C1CCCCC1,367.0
122,COc1ccc(N(c2ccc(OC)cc2)c2ccc3c4cccc5c(N(c6ccc(OC)cc6)c6ccc(OC)cc6)ccc(c6cccc2c63)c54)cc1,CC#N,598.0
4366,CN(C)c1ccc(C#Cc2ccc3ccc4ccc(C#Cc5ccc(N(C)C)cc5)c5ccc2c3c45)cc1,CCCCCC,459.0
4747,N#Cc1c(-c2ccccc2)cc(-c2ccccc2)[nH]c1=S,CCOCC,518.0
5407,CCCC1=Cc2nc1ccc1[nH]c(cc1CCC)c1nc(ccc3[nH]c2cc3CCC)C(CCC)=C1,Cc1ccccc1,641.0
2302,COc1ccc(/C=C/c2nc3ccccc3o2)cc1,C1CCCCC1,390.0
11051,O=[N+]([O-])c1ccc(F)cc1C1CC(c2cccc3ccccc23)=NN1c1ccccc1,CCOCC,461.0
9221,CN(C)c1ccc(/C=C/C=C/c2nc3ccccc3s2)cc1,CC(C)=O,557.0
1005,CCN(CC)c1ccc2cc(/C=C/C3=C4CC/C(=C\c5cc6ccc(N(CC)CC)cc6oc5=O)C4=[O+][B-](F)(F)O3)c(=O)oc2c1,ClCCl,730.0
3460,CC1=C(Br)C(C)=[N+]2C1=C(c1c(-c3ccccn3)nc3ccccn13)c1c(C)c(Br)c(C)n1[B-]2(F)F,ClCCl,571.0
4674,CC(C)(C)c1ccc(-c2nnc(-c3ccc4ccc5cccc6ccc3c4c56)o2)cc1,CC#N,423.0
9188,O=Cc1cc(C=O)c2ccc3c(N4CCCCC4)cc(N4CCCCC4)c4ccc1c2c43,CCO,609.0
11004,CC(C)(C)c1ccc(C(C)(C)C)c(N2C(=O)c3cccc4c(-c5ccc(-c6ccc([N+](=O)[O-])cc6)s5)ccc(c34)C2=O)c1,CS(C)=O,538.0
3055,CC(=O)O[B-]1(OC(C)=O)OC(/C=C/c2ccccc2)=CC(/C=C/c2ccccc2)=[O+]1,Cc1ccccc1,466.0
3566,CN(C)c1ccc(-c2nc3cnccc3[nH]2)cc1,O,415.0
6438,C(/C=C/C1=[NH+]c2cccc3cccc1c23)=c1/[nH]c2cccc3cccc1c32,CO,651.0
2132,COc1ccc2cc(C#Cc3ccc([N+](=O)[O-])cc3)ccc2c1,ClC(Cl)Cl,592.0
8730,CC1=C(C(C)(C)C)C(C)=[N+]2C1=C(C)c1c(C)c(C(C)(C)C)c(C)n1[B-]2(F)F,CC#N,560.6
5646,Cc1nc2cccc(-c3nc4ccccc4s3)c2c(=O)[nH]1,CN(C)C=O,416.0
8140,COCCOCCOCCOCCOc1ccc(OCCOCCOCCOCCOC)c(C=O)c1,CC(C)(C)O,444.0
229,O=C(O)CC[N+]1=c2cc3c(cc2CCC1)=Cc1c(c2cc4c5c(c2oc1=O)CCCN5CCC4)O3,CO,679.0
9699,Cc1cc(C#Cc2ccccc2)c2ccc3c(C#Cc4ccccc4)cc(C#Cc4ccccc4)c4ccc1c2c43,CS(C)=O,461.0
4001,COC(=O)C(Cc1ccc2oc(-c3ccc(N(C)C)cc3)nc2c1)NC(=O)OC(C)(C)C,ClC(Cl)Cl,382.0001528
12045,O=c1c2ccccc2n(-c2ccc(-c3ccc(-n4c5ccccc5c(=O)c5ccccc54)cc3)cc2)c2ccccc12,ClCCl,405.0
8608,CCC1=C(C)C2=C(C)c3c(C)c(CC)c(C)n3[B-](F)(F)[N+]2=C1C,CCOC(C)=O,531.6
6889,COc1cc(OC)cc(C2=[O+][B-](F)(F)OC(c3ccc4ccccc4c3)=C2)c1,CC(C)=O,521.2056481
3007,Nc1ncnc2c1c(C#Cc1ccc3ccccc3c1)cn2[C@H]1C[C@H](O)[C@@H](CO)O1,CC#N,400.0
11014,c1cnc(-c2c3ccccc3c(-c3ncccn3)c3ccccc23)nc1,CCO,440.0
4587,COc1cc2c(cc1C=C(C#N)C#N)c1ccccc1n2C,C1CCOC1,479.0
4221,Cc1n[nH]c2c1C(c1ccc([N+](=O)[O-])cc1)C(C#N)=C(N)O2,C1CCOC1,393.0
10504,CCn1c2ccccc2c2cc(C#Cc3cc(C#Cc4ccc5c(c4)c4ccccc4n5CC)nc(SC)n3)ccc21,CN(C)C=O,502.0
6866,N#Cc1ccc(Oc2ccc3c4c(cccc24)C(=O)N(CCO)C3=O)cc1,ClC(Cl)Cl,413.0
5785,CC(C)(C)c1ccc(-c2cc3c4c(c2)CCc2cc(-c5ccc(C(C)(C)C)cc5)cc(c2-4)CC3)cc1,CCCCCC,381.0160428
2750,CCNc1cc2c(cc1C)C(c1ccccc1C(=O)O)=C1CCCC(/C=C/C3=[N+](C)c4ccc5ccccc5c4C3(C)C)=C1O2,CO,744.0
6590,Cc1ccc2ccc3c(c2n1)N/C(=C\C1=C([O-])/C(=C/C2=[NH+]c4c(ccc5ccc(C)nc45)C2(C)C)C1=O)C3(C)C,CS(C)=O,717.0
6001,COc1ccc2c(c1)CCc1c-2nc(N)c(C#N)c1-c1ccc(Br)cc1,ClC(Cl)Cl,415.0
4376,N#Cc1ccc(C#Cc2ccc3ccc4ccc(C#Cc5ccc(C#N)cc5)c5ccc2c3c45)cc1,CO,445.3
2944,Cn1cccc1-c1ccc(C#N)cc1,CC#N,407.0
6712,CCCCOc1c(C#N)cc2cc(C#N)c(OCCCC)c3c4c(OCCCC)c(C#N)cc5cc(C#N)c(OCCCC)c(c1c23)c54,ClCCl,514.0
2718,Cc1ccc(C(=O)NN2C3=C(CC4=C2CCCC4=O)C(=O)CCC3)cc1,C1CCOC1,435.0
7015,C(=C/c1ccnc2ccccc12)\c1ccc(/C=C/c2ccnc3ccccc23)cc1,CC(C)=O,432.0
7194,CCCCCCCCN1c2ccc(C#Cc3cc(C(F)(F)F)cc(C(F)(F)F)c3)cc2Sc2cc(C=O)ccc21,ClC(Cl)Cl,529.0
5833,c1ccc(N(c2ccccc2)c2ccc(-c3ncc(-c4cnc(-c5ccc(N(c6ccccc6)c6ccccc6)cc5)s4)s3)cc2)cc1,CO,510.0
11283,COC1=C/C(=C\C=C2C=CN(Cc3ccc(Br)cc3)C=C2)C=CC1=O,CC(C)=O,670.0
11944,c1ccc2c(c1)[nH]c1cccnc12,C1COCCO1,367.0
6596,CCN1/C(=C\C2=C([O-])/C(=C/C3=[N+](CC)c4c(ccc5ccc(C)nc45)C3(C)C)C2=O)C(C)(C)c2ccc3ccc(C)nc3c21,CC#N,697.0
4161,COc1cccc2cc(-c3ccc([N+](=O)[O-])cc3)c(=N)oc12,CC#N,366.0
10446,CCCCc1cc2cccc3cc(CCCC)c4cc(-c5cc6[b-]7c(c5)c(CCCC)cc5cccc(cc6CCCC)[n+]75)cc1[b-]4[n+]23,C1CCCCC1,550.0
9440,CCCc1ccc(C#Cc2cc(C#Cc3ccc(CCC)cc3)c3ccc4c(C#Cc5ccc(CCC)cc5)cc(C#Cc5ccc(CCC)cc5)c5ccc2c3c54)cc1,ClCCl,494.0
6020,CCN(CC)c1ccc(-c2nc(Oc3ccc(-c4nc5cc([N+](=O)[O-])ccc5[nH]4)cc3)nc(Oc3ccc(-c4nc5cc([N+](=O)[O-])ccc5[nH]4)cc3)n2)cc1,CN(C)C=O,429.0
10087,Cc1ccc(N(c2ccccc2)c2ccc3ccc4c(N(c5ccccc5)c5ccc(C)cc5)ccc5ccc2c3c54)cc1,ClCCl,484.0
6503,c1ccc(-c2nc3c(c4c2-c2ccccc2CC4)-c2ccccc2CC3)cc1,CC#N,360.0
10761,CCOC(=O)c1c2c3c(ccc(Cl)c3c3cc4c(cc13)[Si](C)(C)O[Si]4(C)C)N(C)C2=O,CC#N,413.0
10853,N#CC1=C(N)n2c(=O)c3ccccc3c(=O)n2C1c1ccccc1,CS(C)=O,438.0
6213,COc1ccc(-n2c3ccccc3c3cc(C=C(C#N)C#N)ccc32)cc1,CC#N,536.0
1017,CCCCCCCCCCn1c(-c2cc(-c3nc4ccc(C)cc4n3CCCCCCCCCC)cc(-c3nc4ccc(C)cc4n3CCCCCCCCCC)c2)nc2ccc(C)cc21,C1CCOC1,379.1
10120,CCN(CC)c1ccc2c(c1)oc(=O)c1c(C)nc3c(cnn3-c3ccccc3)c12,ClCCl,439.0
7562,COc1ccc([C@@H]2C[C@](O)(c3ccccn3)C[C@](O)(c3ccccn3)[C@H]2C(=O)c2ccc(N(c3ccccc3)c3ccccc3)cc2)cc1,CN(C)C=O,521.0
1928,O=C1Nc2ccccc2/C1=C/C(=O)c1ccc(O)cc1,CC(C)(C)O,406.0
350,CCCCN(CCCC)c1ccc(C#Cc2cc(C#Cc3ccc(N(CCCC)CCCC)cc3)c(C#Cc3c(F)c(F)c(F)c(F)c3F)cc2C#Cc2c(F)c(F)c(F)c(F)c2F)cc1,c1ccccc1,512.0
6874,CCC1(CC)c2ccccc2-c2ccc(C#Cc3ccc4ccc5cccc6ccc3c4c56)cc21,C1CCOC1,410.0
11450,CC1=[N+]2C(=C(c3c4ccccc4c(-c4ccccc4)c4ccccc34)c3ccc(C)n3[B-]2(F)F)C=C1,Cc1ccccc1,532.0
9226,CN(C)c1ccc(/C=C/C=C/c2nc3ccccc3s2)cc1,CN(C)C=O,567.0
6858,COc1cc(C2=CC(c3ccccc3)=C(c3ccccc3)C2)cc(OC)c1OC,ClCCl,469.0
7691,COC(=O)C(NC(=O)OC(C)(C)C)c1ccc2oc(-c3cccc(Oc4ccccc4)c3)nc2c1,CC#N,360.0
8411,CCN1c2ccccc2Sc2cc(/C=C(\C#N)c3ccccc3)ccc21,CS(C)=O,598.0
7598,N#Cc1nnn(-c2ccnc3cc(Cl)ccc23)c1N,CC#N,395.0071101
564,CCOC(=O)/C=C/C1=C(c2ccc(C)cc2)C2=Nc3c(-c4ccc(C)cc4)c(Br)c(-c4ccc(C)cc4)n3[B-](F)(F)[N+]2=C1c1ccc(C)cc1,ClC(Cl)Cl,703.0
1582,CCCCCCOc1ccc(-c2ccc(/C=C/c3cc(/C=C/c4ccc(-c5ccc(OCCCCCC)cc5)cc4)ncn3)cc2)cc1,ClCCl,483.0
2175,CCCCC1(CCCC)c2cc(C#Cc3ccc4ccc5cccc6ccc3c4c56)ccc2-c2ccc(C#Cc3ccc4ccc5cccc6ccc3c4c56)cc21,ClCCl,439.0
7362,Cc1nnc(-c2ccc(-n3c4ccccc4c4ccccc43)cc2)o1,Cc1ccccc1,372.0
8127,CCCCCCOc1cc(C=O)c(OCCCCCC)cc1C=O,ClCCl,467.0
3933,Brc1ccc(-c2pc3ccccc3s2)cc1,CC#N,439.0
2707,Cc1ccccc1C(=O)NN1C2=C(CC3=C1CC(C)(C)CC3=O)C(=O)CC(C)(C)C2,CC(C)=O,435.0
12108,CCCCCCC(CCCCCC)N1C(=O)c2cccc3c(-c4ccc(C#N)cc4)ccc(c23)C1=O,CCCCCCCCCCCCCC,410.8
5940,COc1cc(/C=C/c2cc[n+](Cc3ccc(Br)cc3)cc2)ccc1O,CCO,564.0
3535,c1ccc(-c2nc3c(ccc4[nH]ccc43)o2)cc1,O,459.0
8922,Oc1c(-c2nc3c4ccccc4c4ccccc4c3[nH]2)cc2c3c1CCCN3CCC2,ClCCl,433.0
8673,CCC1=C(C)C2=Cc3c(I)c(I)cn3[B-](F)(F)[N+]2=C1C,OCC(F)(F)F,538.0
7054,O=C1OC(c2ccccc2)=N/C1=C\c1ccc(N(c2ccccc2)c2ccccc2)cc1,C1CCCCC1,491.0
3739,CC(C)[Si](C#Cc1c2ccccc2c(C#C[Si](C(C)C)(C(C)C)C(C)C)c2nc3c(ccc4cc5ccccc5cc43)nc12)(C(C)C)C(C)C,CCCCCC,548.0
11527,C(=C/c1ccc(N(c2ccccc2)c2ccccc2)cc1)\c1ccc(-c2cc(-c3ccccn3)nc(-c3ccccn3)c2)cc1,CC#N,560.0
821,O=S(=O)(c1ccccc1)c1ccc(-c2ccc3c4ccc(-c5ccc(S(=O)(=O)c6ccccc6)cc5)cc4n(-c4ccccc4)c3c2)cc1,Cc1ccccc1,413.0
2063,COC(=O)C(Cc1ccc2oc(-c3ccc(N(c4ccccc4)c4ccccc4)cc3)nc2c1)NC(=O)OC(C)(C)C,CC#N,465.7510002
8280,N#Cc1ccc(N)cc1,CCO,341.0
81,O=c1oc2ccc3ccccc3c2nc1-c1ccc(Cl)cc1,c1ccccc1,465.0
8824,COc1ccc(/C=C/c2cc(/C=C/c3ccc(OC)cc3)nc(/C=C/c3ccc(N(c4ccccc4)c4ccccc4)cc3)n2)cc1,C1CCOC1,511.0
2697,CN(C)c1ccc2c(-c3ccc(N)cc3C(=O)[O-])c3ccc(=[N+](C)C)cc-3oc2c1,CCO,564.0
831,COc1ccc(/C=C/c2nc(/C=C/c3ccc(N(C)C)cc3)cc(/C=C/c3ccc(N(c4ccccc4)c4ccccc4)cc3)n2)cc1,CC(C)=O,571.0
4574,CC1=C(Cc2ccccc2)C(C)=[N+]2C1=C(C)c1c(C)c(-c3csc(N4CCOCC4)n3)c(C)n1[B-]2(F)F,CN(C)C=O,537.0
3826,CC1=CC(C)=[N+]2C1=C(c1ccccc1)c1c(C)c(-c3cccs3)c(C)n1[B-]2(F)F,Cc1ccccc1,591.0
10764,CCOC(=O)c1c2c3c(ccc([N+](=O)[O-])c3c3cc4c(cc13)[Si](C)(C)O[Si]4(C)C)N(C)C2=O,CC#N,413.0
2833,Cn1c(=O)c(/N=N/c2cc(S(=O)(=O)O)ccc2S(=O)(=O)O)c(O)c2ccccc21,O,500.0
8035,CCCCC(CC)COC(=O)/C=C\c1c(OC)ccc(OC)c1OC,CO,409.0
11388,C1=C(c2ccccc2)B(c2ccccc2)Nc2c1ccc1ccccc21,C1CCCCC1,396.0
6611,Clc1ccc(/C=C/c2ccc(-c3nc4c5cccnc5c5ncccc5c4[nH]3)cc2)cc1,C1CCOC1,463.0
48,c1ccc(N(c2ccccc2)c2ccc(-c3ccc(-c4ccc(N(c5ccccc5)c5ccccc5)cc4)c4nsnc34)cc2)cc1,ClCCl,639.0
8047,COc1ccc(OC)c(C(C)=O)c1,CO,449.0
4898,COC(=O)CNC(=O)c1nc2c(N(C)C)nc(N(C)C)nc2n1Cc1ccccc1,C1COCCO1,397.0
7250,CN1/C(=C\C=C\C2=C3C=CC(c4ccccc4)=[N+]3[B-](F)(F)n3c2ccc3-c2ccccc2)Sc2ccccc21,CC#N,727.0
9373,COC(=O)[C@H](Cc1ccccc1)Nc1c(C(C)=O)c(=O)oc2cc(N(C)C)ccc12,ClCCl,449.0
4921,CCCCCCCCCCCCN1C(=O)c2cccc3c(N(Cc4ccccn4)Cc4ccccn4)c4ccccc4c(c23)C1=O,CCCCCC,555.0
9216,N#Cc1nc2c(OCc3ccccc3)nc(N)nc2n1Cc1ccccc1,ClCCl,355.0
4095,CCCCC1(CCCC)c2cc(C#Cc3ccc4ccc5cccc6ccc3c4c56)ccc2-c2ccc(N(c3ccccc3)c3ccccc3)cc21,CN(C)C=O,565.0
2689,CCN(CC)c1ccc2c(-c3ccccc3C(=O)[O-])c3ccc(=[N+](CC)CC)cc-3oc2c1,O,580.0
5885,CC(C)[Si]1(C(C)C)c2cc(C#N)ccc2-c2ccc(N(C)C)cc21,C1CCCCC1,410.0
10659,O=P1(c2ccccc2)C(c2cccs2)=Cc2ccccc21,C1CCOC1,444.0
11418,Cc1nn(-c2ccccc2)c(C2=NN(c3ccc(Br)cc3)[C@@H](c3ccccc3)[C@@H]2c2ccccc2)c1C#N,OCCO,500.0
2373,c1ccc2cc3c(cc2c1)-c1cccc2cc4ccccc4c-3c12,CCCCCCC,471.0
7602,N#Cc1nnn(-c2ccnc3cc(Cl)ccc23)c1N,CS(C)=O,386.0109627
2758,CCOC(=O)COc1ccc(/C=C/C2=C3c4ccccc4C(c4ccc[nH]4)=[N+]3[B-](F)(F)n3ccc(C)c32)cc1,CC#N,617.0
7585,O=C(c1ccc(N(c2ccccc2)c2ccccc2)cc1)[C@H]1[C@H](c2ccccc2)C[C@](O)(c2ccccn2)C[C@]1(O)c1ccccn1,c1ccccc1,468.0
6808,COc1cccc(-n2c(-c3ccc(O)cc3)nc(C)c2C)c1,c1ccccc1,371.0
7492,CC[n+]1nc2ccc(N(C)C)cc2c2cc(C)ccc21,O,542.0
11712,N#Cc1ccc(C#Cc2ccc(C#Cc3ccc(C#Cc4ccccc4C#N)cc3C#N)cc2C#N)cc1,CC#N,388.0
3880,C[N+](C)=c1ccc2c(-c3c(F)c(F)c(F)c(F)c3C(=O)[O-])c3ccc4cc([O-])ccc4c3oc-2c1,O,650.0
8014,CC(=O)Nc1ccc(O)cc1,C1CCOC1,324.0
5163,O=c1oc2ccccc2cc1/C=C/c1ccccc1,CC#N,440.0
11242,O=c1oc2ccc(Cl)cc2cc1-c1cc2cc(Cl)ccc2o1,Cc1ccccc1,433.0
9893,[O-][n+]1c(-c2ccccc2)cc(N2CCOCC2)nc1/C=C/c1ccccc1,ClCCl,548.0
6842,COc1cc(N(c2ccccc2)c2ccc(C=C(C#N)C#N)c(OC)c2)ccc1C=C(C#N)C#N,Cc1ccccc1,500.0
3945,COC(=O)C(NC(=O)OC(C)(C)C)c1ccc2oc(-c3cc(OC)c(OC)c(OC)c3)nc2c1,CC1CCCCC1,345.0
9680,N#C/C(=C\C=C\c1ccccc1)c1ccccc1,CN(C)C=O,424.0
2164,O=c1[nH]c2ccccc2[nH]1,CCCCO,311.0032966
2886,Clc1cnc2nn3ccccc3c2n1,C1CCOC1,448.0
5264,O=C(O)c1c2ccccc2nc2ccccc12,CO,421.0
8872,CCn1c2ccccc2c2cc(-c3cc(-c4ccc5c(c4)c4ccccc4n5CC)nc(SC)n3)ccc21,CCOC(C)=O,392.0
516,CN(C)c1ccc(/C=C/c2ccccn2)cc1,C1COCCO1,438.0
9746,COc1ccc(-c2ccc3c(c2)c2cc(-c4ccc(OC)cc4)ccc2n3-c2ccc(C(=O)c3ccc4sc5ccccc5c4c3)nc2)cc1,Cc1ccccc1,487.1980676
5424,CCCCCCCCCCCCCCCCCCN1C(=O)c2cccc3c(OCCN(C)C)ccc(c23)C1=O,CCOC(C)=O,497.0
172,CCCCOc1ccc(-c2oc3c(-c4ccc(OCCCC)cc4)c4n(c3c2-c2ccc(OCCCC)cc2)[B-](F)(F)[N+]2=Cc3c(-c5ccc(OCCCC)cc5)c5oc(-c6ccc(OCCCC)cc6)c(-c6ccc(OCCCC)cc6)c5n3[B-](F)(F)[N+]2=C4)cc1,ClC(Cl)Cl,666.0
639,CCCN1/C(=C/C=C(/C=C/c2sc3ccccc3[n+]2CCC)c2ccc([N+](=O)[O-])cc2)C(C)(C)c2ccccc21,O,662.0
5098,CC(C)(C)c1ccc(C#Cc2c(C#Cc3ccc(C(C)(C)C)cc3)c3cccc4c(C#Cc5ccc(C(C)(C)C)cc5)c(C#Cc5ccc(C(C)(C)C)cc5)c5cccc2c5c34)cc1,ClCCl,443.0
6512,CN(C)c1ccc(-c2nc3c(c4c2-c2ccc(C#N)cc2CC4)-c2ccc(C#N)cc2CC3)cc1,Cc1ccccc1,469.0
1143,Cc1cc(O)c(C(C)C)cc1/N=C/c1ccc(C(F)(F)F)cc1,CC#N,425.0
8829,COc1ccc(/C=C/c2cc(/C=C/c3ccc(OC)cc3)nc(/C=C/c3ccc(N(c4ccccc4)c4ccccc4)cc3)n2)cc1,ClCCl,558.0
7428,COc1ccc(C(=O)/C=C/c2ccc(N(C)C)cc2)cc1OC,C1CCOC1,500.0
11744,CN(C)c1ccc2cc(C(/C=C/c3cn(C)c4ccccc34)=C(C#N)C#N)c(=O)oc2c1,C1COCCO1,568.0
1832,COc1ccc2c(-c3nc(-c4cccc(Br)c4)no3)cc(=O)oc2c1,CCO,466.0
10834,F[B-]1(F)OC(c2ccc(Br)cc2)=Cc2c3ccccc3c3ccccc3[n+]21,ClC(Cl)Cl,449.0
6392,C(=C/c1ccc(N(c2ccccc2)c2ccccc2)cc1)\c1ccccc1,CCCCCC,395.0
3686,CCN(CC)c1ccc2cc(-c3ccc(-c4ccc5ccc6c(-c7ccc(-c8cc9ccc(N(CC)CC)cc9oc8=O)cc7)ccc7ccc4c5c76)cc3)c(=O)oc2c1,ClC(Cl)Cl,475.0
9300,CCC1=C(C)C2=C(c3c(C)cc(C)nc3-c3cccs3)c3c(C)c(CC)c(C)n3[B-](F)(F)[N+]2=C1C,C1COCCO1,552.0
9072,COc1ccc(/C=C/c2ccc3ncnc(Nc4ccccc4)c3c2)cc1,ClC(Cl)Cl,440.0
4537,CCCCCCCCOc1ccc(C2=C(c3ccc(OCCCCCCCC)cc3)C(C)(C)c3ccccc32)cc1,C1CCCCC1,390.0
6216,COc1ccc(-n2c3ccccc3c3cc(C=C(C#N)C#N)ccc32)cc1,CO,534.0
7630,Cc1cc(C)c(B(c2ccc(-n3c4ccccc4c4ccccc43)cc2)c2c(C)cc(C)cc2C)c(C)c1,CN(C)C=O,461.0
834,COc1ccc(/C=C/c2nc(/C=C/c3ccc(N(C)C)cc3)cc(/C=C/c3ccc(N(c4ccccc4)c4ccccc4)cc3)n2)cc1,Cc1ccccc1,491.0
2486,Cc1cc(C)c(C2=C3C=c4c(c5ccccc5c5ccccc45)=[N+]3[B-](F)(F)n3c2cc2c4ccccc4c4ccccc4c23)c(C)c1,Cc1ccccc1,697.0
9169,CC[N+]1(CC)CN2C(C)=CC(C)=C(C(=O)[O-])C2=N1,CN(C)C=O,453.0
9727,CCc1ccccc1-c1c2ccccc2c(C#Cc2ccccc2)c2cc3ccccc3cc12,ClCCl,537.0
6850,COc1cc(N(c2ccccc2)c2ccccc2)ccc1C=C(C#N)C#N,CO,562.0
8369,COC(=O)C(Cc1ccc2oc(-c3ccc4c(c3)c3ccccc3n4-c3ccccc3)nc2c1)NC(=O)OC(C)(C)C,CC#N,382.0001528
10804,CC(=O)c1ccc(-c2cccc3ncc(-c4ccccc4)n23)cc1,ClCCl,506.0
7058,O=C1OC(c2ccccc2)=N/C1=C\c1ccc(N(c2ccccc2)c2ccccc2)cc1,CC(C)=O,610.4
65,[BH3-][P+]1(c2ccccc2)c2ccccc2-c2sc3ccccc3c21,C1CCCCC1,395.0
10503,CCn1c2ccccc2c2cc(C#Cc3cc(C#Cc4ccc5c(c4)c4ccccc4n5CC)nc(SC)n3)ccc21,CCOC(C)=O,446.0
5034,Cc1ccc(C2=C3C=c4c(oc5ccccc45)=[N+]3[B-](F)(F)n3c2cc2c4ccccc4oc23)cc1,CO,594.5
8332,Cc1ccc(Sc2ccc3ccc4cccc5ccc2c3c45)cc1,ClCCl,415.0
2024,COc1cc(/C=C/c2ccccc2)cc(OC)c1,CCOC(C)=O,382.0
6442,N#CSC1=CC2=C(c3ccccc3)c3ccc(SC#N)n3[B-](F)(F)[N+]2=C1N1CCOCC1,CC#N,585.0
354,CCCCN(CCCC)c1ccc(C#Cc2cc(C#Cc3ccc(N(CCCC)CCCC)cc3)c(C#Cc3ccc(C#N)cc3)cc2C#Cc2ccc(C#N)cc2)cc1,c1ccccc1,512.0
6887,COc1cc(OC)cc(C2=[O+][B-](F)(F)OC(c3ccc4cc(OC)ccc4c3)=C2)c1,ClCCl,520.0
4762,CCCCCCCN1C(=CC2=C([O-])C(=CC3=[N+](CCCCCCC)c4ccccc4C3(C)C)C2=C(C#N)C#N)C(C)(C)c2ccccc21,C1COCCO1,702.0
6220,Cc1ccc(-n2c3ccccc3c3cc(C=C(C#N)C#N)ccc32)cc1,C1CCOC1,454.0
9933,CC1=N/C(=C\c2ccc(C#N)c(N(C)C)c2)C(=O)N1C,CCCCCC,496.0
8462,COc1ccc2cc(/C=C/c3nc(/C=C/c4ccc(N(c5ccccc5)c5ccccc5)cc4)cc(/C=C/c4ccc(N(c5ccccc5)c5ccccc5)cc4)n3)ccc2c1,Cc1ccccc1,479.0
6505,c1ccc(-c2nc3c(c4c2-c2ccccc2CC4)-c2ccccc2CC3)cc1,CCOC(C)=O,359.0
5007,O=c1c2ccccc2n2c3ccccc3c(=O)c3cccc1c32,Cc1ccccc1,465.7997399
4568,CCN(CC)c1ccc2c(c1)oc(=O)c1cc3c(C)nn(-c4ccccc4)c3nc12,ClCCl,499.0
3127,CSc1sc(C(N)=O)c2nnn(C)c(=O)c12,CS(C)=O,527.0
4864,CN(C)c1nc(N)nc2c1nc(C#N)n2Cc1ccccc1,ClCCl,375.0
309,Cc1cc(C2(c3cc(C)c(O)c(Br)c3)OS(=O)(=O)c3ccccc32)cc(Br)c1O,CCCCCO,485.0
4842,C=CCOC(=O)C(C#N)=C1C=C(/C=C/c2ccc(N(C)C)cc2)OC(/C=C/c2ccc(N(C)C)cc2)=C1,C1COCCO1,564.0
8161,COCCOCCOCCOc1cc(C=O)c(OCCOCCOCCOC)cc1C=O,O,495.0
5920,O=C(O)c1ccc(C(=O)O)c2cc3ccccc3cc12,CN(C)C=O,522.0
4354,Nc1ccc(C#Cc2ccc3ccc4ccc(C#Cc5ccc(N)cc5)c5ccc2c3c45)cc1,C1COCCO1,476.0
7796,COc1ccc2c(c1)C(=O)c1cc(OC)cc(OC)c1-2,CC#N,628.0
5500,CCCCCCCCC1(CCCCCCCC)c2cc(C#Cc3ccc(N(c4ccccc4)c4ccccc4)cc3)ccc2-c2ccc(C=O)cc21,ClCCl,532.0
9597,CN(C)c1ccc(-c2cc(-c3cccs3)nc(-c3ccccc3)n2)cc1,ClC(Cl)Cl,473.0
11420,CCn1c2ccccc2c2cc(/C=C3\C(=O)c4ccccc4S3(=O)=O)ccc21,C1COCCO1,505.0
2583,Cc1ccc(C2=C3C=CC(Nc4ccccc4)=[N+]3[B-](F)(F)n3c(Nc4ccccc4)ccc32)cc1,CO,613.0
5397,O=[N+]([O-])c1ccc(/C=C/c2c[nH]c3ccccc23)cc1,CC#N,642.0
2770,Cc1ccc(-c2ccc(/C=C/c3cccn3C)cn2)nc1,CS(C)=O,500.0
4812,Cc1cc(-c2ccc(C(C)(C)C)cc2)cc(C)[o+]1,ClCCl,417.0
8840,Cc1cc(-c2ccc3ccccc3c2)cc(C)[o+]1,ClCCl,544.0
8349,CC(C)(C)NC(=O)c1ccc2ccc3cccc4c3c2c1c1c2ccccc2c2ccccc2c41,ClCCl,425.0
5932,C(#Cc1cccc2ccccc12)c1ncc(-c2ccccc2)o1,ClCCl,400.0
3209,Nc1nc2ccccc2[n+]([O-])n1,O,521.0
7049,CC(C)(C)c1cc2ccc3cc(C(C)(C)C)cc4c(N(c5ccccc5)c5ccccc5)cc(c1)c2c34,C1CCOC1,455.0108932
3905,c1ccc(-c2cc3cccc[n+]3[b-]3c(-c4cccc5[b-]4[n+]4ccccc4cc5-c4ccccc4)cccc32)cc1,C1CCCCC1,591.0
9802,C(=C/c1c2ccccc2cc2ccccc12)\c1c2ccccc2cc2ccccc12,C1CCOC1,650.0
11794,Cc1ccc([N+]2=c3c4n(c5ccccc35)[B-](F)(F)[N+](c3ccc(C)cc3)=c3c=4n(c4ccccc34)[B-]2(F)F)cc1,ClCCl,808.0
5883,CC(C)[Si]1(C(C)C)c2ccccc2-c2ccc(N(C)C)cc21,c1ccccc1,404.0
8134,COCCOCCOCCOCCOc1cc(C=O)c(OCCOCCOCCOCCOC)cc1C=O,CCO,466.0
2379,COC(=O)c1ccc(-c2nc3ccc(N(C)C)cc3s2)cc1,C1CCCCC1,426.0
8956,CC1=C(c2cccs2)C(C)=[N+]2C1=C(c1ccc(O)cc1)c1c(C)c(-c3cccs3)c(C)n1[B-]2(F)F,ClCCl,605.0
6501,c1ccc(-c2nc3c(c4c2-c2ccccc2CC4)-c2ccccc2CC3)cc1,CS(C)=O,360.0
4169,Cc1ccc(-c2nc(-c3ccc(O)cc3)[nH]c2-c2ccc(C)cc2)cc1,CO,395.0
6127,O=C1c2ccccc2C(=O)c2c(NCCNc3nc(Cl)nc(Cl)n3)cccc21,ClCCl,588.0
3428,Oc1c(-c2nc3c4ccc(-c5ccccc5)cc4c4cc(-c5ccccc5)ccc4c3[nH]2)cc2c3c1CCCN3CCC2,CCCCCC,413.0
4421,c1ccc(Nc2nc(Nc3ccccc3)nc(Nc3ccc4cc5ccccc5cc4c3)n2)cc1,CCCCOCCCC,441.0
1101,CCc1ccc(/C=N/c2cc(C(C)C)c(O)cc2C)cc1,CCCCCC,402.0
6290,Cc1cc(C)c2c(c1)c1cc(C)cc(C)c1n2-c1ccc2c(c1)Oc1ccccc1B2c1c(C(C)C)cc(C(C)C)cc1C(C)C,Cc1ccccc1,443.0
5292,N#CC(C#N)=C(/C=C/c1cn(-c2ccccc2)nc1-c1ccccc1)c1ccccc1,C1COCCO1,461.0
11694,CC1(C)c2ccccc2N(c2ccc3c(c2)Oc2ccccc2P3(=O)c2ccccc2)c2ccccc21,O=P(c1ccccc1)(c1ccccc1)c1ccccc1Oc1ccccc1P(=O)(c1ccccc1)c1ccccc1,434.0
3250,CN(C)c1ccc(C2=Nc3sc4cc(Cl)ccc4[n+]3[B-](F)(F)O2)cc1,Cc1ccccc1,456.0
4409,CCn1c2cc(C(C)(C)C)ccc2c2c3nsnc3c3c4ccc(C(C)(C)C)cc4n(CC)c3c21,CN(C)C=O,515.0
4140,O=c1cc(COc2ccc(I)cc2)c2c(ccc3ccccc32)o1,CC#N,418.0
3557,O=C(c1ccccc1)c1cc2ccc1CCc1ccc(cc1-c1ccc(N(c3ccccc3)c3ccccc3)cc1)CC2,c1cc(-n2c3ccccc3c3ccccc32)cc(-n2c3ccccc3c3ccccc32)c1,481.1258278
7152,c1ccc(N(c2ccccc2)c2ccc(N(c3ccccc3)c3ccc4ccc5c(N(c6ccccc6)c6ccc(N(c7ccccc7)c7ccccc7)cc6)ccc6ccc3c4c65)cc2)cc1,ClCCl,600.0
118,c1ccc(N(c2ccccc2)c2ccc3c4cccc5c(N(c6ccccc6)c6ccccc6)ccc(c6cccc2c63)c54)cc1,Cc1ccccc1,541.0
2022,COc1cc(/C=C/c2ccccc2)cc(OC)c1,CC(C)O,382.0
4598,CCOC(=O)/C(C#N)=C/c1cc2c3ccccc3n(C)c2cc1OC,CCOC(C)=O,458.0
11387,CC1(C)CCc2c(c3ccccc3c3nc4c5c(c6ccccc6c4nc23)OC(C)(C)CC5)O1,c1ccccc1,469.7040864
4896,N#Cc1nc2cnc(N)nc2n1Cc1ccccc1,CO,398.0
10621,CC(=O)c1c2c(cc3c(N(C)C)cccc13)CCC2,ClC(Cl)Cl,562.0
5749,C[n+]1ccc(/C=C/c2ccc([O-])cc2)cc1,CS(C)=O,608.0
8810,CC(C)(C)c1ccc2oc3nc4oc5ccc(N6c7ccccc7Sc7ccccc76)cc5c4cc3c2c1,ClC(Cl)Cl,371.0
4681,Cc1csc(C)c1C1=C(c2c(C)sc(-c3ccc(-c4nc(-c5ccccc5)c(-c5ccccc5)[nH]4)cc3)c2C)C(F)(F)C(F)(F)C1(F)F,C1CCOC1,410.0
5023,O=Cc1ccc(C2=C3C=c4c(oc5ccccc45)=[N+]3[B-](F)(F)n3c2cc2c4ccccc4oc23)cc1,CC#N,611.0
10052,CN(C)c1ccc(/C=C/c2nc3cc(Br)ccc3nc2-c2ccccc2)cc1,CC#N,643.0
4273,O=C1OCC2=C1C(c1ccccc1)c1cc3c(cc1N2CCO)CCC3,CCCCCCC,389.0
6795,COc1cccc(-n2c(-c3ccc(F)cc3)nc(C)c2C)c1,CO,368.0
87,O=c1oc2cc(S(=O)(=O)O)c3ccccc3c2nc1-c1ccccc1,CC#N,480.0
5165,COc1ccc2cc(/C=C/c3ccccc3)c(=O)oc2c1,CC#N,464.0
3382,O=C1c2ccc(-c3ccc(N(c4ccc(-c5ccccc5)cc4)c4ccc(-c5ccccc5)cc4)cc3)cc2C(=O)c2ccc(-c3ccc(N(c4ccc(-c5ccccc5)cc4)c4ccc(-c5ccccc5)cc4)cc3)cc21,c1ccc2c(c1)c1ccccc1n2-c1ccc(-c2ccc(-n3c4ccccc4c4ccccc43)cc2)cc1,601.0
11526,C(=C/c1ccc(N(c2ccccc2)c2ccccc2)cc1)\c1ccc(-c2cc(-c3ccccn3)nc(-c3ccccn3)c2)cc1,C1COCCO1,466.0
403,CC1(C)c2ccccc2N(c2ccc3c(c2)c2cc(N4c5ccccc5C(C)(C)c5ccccc54)ccc2c2nc(C#N)c(C#N)nc32)c2ccccc21,Cc1ccccc1,678.0
3350,CC(C)(C)c1ccc(C2=C(c3ccc(-n4c5ccc(C(C)(C)C)cc5c5cc(C(C)(C)C)ccc54)cc3)S(=O)(=O)c3c2sc(-c2ccc(-n4c5ccc(C(C)(C)C)cc5c5cc(C(C)(C)C)ccc54)cc2)c3-c2ccc(C(C)(C)C)cc2)cc1,C1CCOC1,555.0
10206,Clc1ccc(-c2nc3ccccc3n2-c2ccccc2)cc1,CC#N,367.0
5087,O=S1(=O)C2=C(c3ccc(N(c4ccccc4)c4ccccc4)cc31)C1(C3=C(c4ccccc41)S(=O)(=O)c1cc(N(c4ccccc4)c4ccccc4)ccc13)c1ccccc12,CCCCCC,521.0
8654,CC1=CC(C)=[N+]2C1=Cc1c(C)cc(C)n1[B-]2(F)F,ClCCl,513.0
2241,CC1=CC(C)=[N+]2C1=C(c1ccc(N3CCOCC3)cc1)c1c(C)cc(C)n1[B-]2(F)F,CC(C)=O,516.0
8750,CC1=C2C=CC(C)=[N+]2[B-](F)(F)n2cccc21,CO,502.0
12169,CN(C)c1ccc(-c2ccc(-c3cc(-c4ccccc4)c(-c4ccccc4)c(-c4ccccc4)c3-c3ccccc3)nc2)cc1,ClC(Cl)Cl,429.0
1027,N#Cc1nc2c(nc1C#N)C1c3ccc(N(c4ccccc4)c4ccccc4)cc3C2c2ccc(N(c3ccccc3)c3ccccc3)cc21,Cc1ccccc1,542.0
11899,CC(C)(C)c1ccc(-c2c3ccccc3c3n2[B-](F)(F)[N+]2=Cc4c5ccccc5c(-c5ccc(C(C)(C)C)cc5)n4[B-](F)(F)[N+]2=C3)cc1,Cc1ccccc1,611.0
6157,c1ccc(-n2c(-c3cccc4ccccc34)nc3c4ccccc4c4ccccc4c32)cc1,CCCCCC,384.0
2436,COc1ccc(-c2csc(/C(C#N)=C\Nc3ccc(C#N)cc3)n2)cc1,ClCCl,447.0
5935,COc1cc(/C=C/c2cc[n+](Cc3ccc(Br)cc3)cc2)ccc1O,CC#N,557.0
8284,N#Cc1ccc(N)cc1C#N,CCCCCCC,353.0
1278,N#CC(C#N)=Cc1ccc2c(c1)c1cc(C=C(C#N)C#N)ccc1n2-c1cccc2ccccc12,ClCCl,453.0
12107,COc1cc2c(cc1/C=C(\C#N)c1nc3ccccc3s1)c1ccccc1n2C,ClCCl,501.0
11396,Oc1ccc2ccccc2c1C1Nc2cccc3cccc(c23)N1,CC#N,540.0
1425,O=C1NC(=O)/C(=C\c2ccccc2O)S1,CN(C)C=O,424.0
6911,CN(C)c1ccc2nc(/C=C/c3ccccc3)c(=O)oc2c1,CC(C)=O,557.0
1502,Oc1cccc(/N=C/c2ccccc2Oc2ccccc2)c1,C1CCCCC1,402.0
11943,c1ccc2c(c1)[nH]c1cccnc12,C1CCOC1,352.0
10499,CCn1c2ccccc2c2cc(C#Cc3cc(C#Cc4ccc5c(c4)c4ccccc4n5CC)nc(S(C)(=O)=O)n3)ccc21,CN(C)C=O,550.0
10044,Nc1ccc2c(-c3ccccc3C(=O)[O-])c3ccc(=[NH2+])cc-3oc2c1,O,523.0
11659,N#Cc1cc2ccccc2oc1=O,CS(C)=O,405.0
678,Cc1cc2ccc(-c3cccc4cccc(-c5ccc6cc(C)c(=O)oc6c5)c34)cc2oc1=O,CCO,442.0
9523,CN(C)c1ccc(/C=C/c2ncnc3ccccc23)cc1,CS(C)=O,585.0
5828,COc1cc2c(cc1OC)C1=C[C@H](c3ccccc3)C3(C(C#N)=C(C#N)N1CC2)c1cc(Cl)ccc1-c1ccc(Cl)cc13,ClCCl,389.0
7073,O=C1c2ccccc2-c2ccc(N3CCN(c4ccccc4)CC3)c3cccc1c23,C1CCCCC1,529.0
6820,CCCCN1/C(=C/C=C/C2=[N+](C)c3ccccc3C2(C)C)Oc2ccccc21,CS(C)=O,537.0
1070,N#Cc1ccc(-c2ccc(C3=CCC(c4ccccc4)CC3)s2)s1,CCCCCC,427.0
7091,Cc1cc(C)c(B(c2ccsc2-c2sccc2P(=O)(c2ccccc2)c2ccccc2)c2c(C)cc(C)cc2C)c(C)c1,CO,512.0
2480,Cc1cc(C)c(C2=C3C=c4c(c5ccc(C(C)(C)C)cc5c5cc(C(C)(C)C)ccc45)=[N+]3[B-](F)(F)n3c2cc2c4ccc(C(C)(C)C)cc4c4cc(C(C)(C)C)ccc4c23)c(C)c1,CC#N,711.0
10186,CCCCCCCc1ccc(C2=[N+]3C(=C4c5cc(OCC(CC)CC)c(-c6ccc(CCCCCCC)o6)n5[B-](F)(F)[n+]5c4n(c4cc(C(C)(C)C)ccc45)[B-]3(F)F)C=C2OCC(CC)CC)o1,C1CCOC1,829.0
3392,CCCCCCc1ccc2c3c(ccc2c1)O[B-](F)(F)[N+](c1ccc([N+]2=Cc4c(ccc5cc(CCCCCC)ccc45)O[B-]2(F)F)cc1)=C3,CC#N,502.0
1099,CCc1ccc(/C=N/c2cc(C(C)C)c(O)cc2C)cc1,CC(C)(C)O,414.0
6754,Cn1c(/C=C/c2ccc(/C=C/c3nc4ccccc4[nH]3)cc2)[n+](C)c2ccccc21,O,574.0
7855,CC1(C)CC(=O)C2=C(C1)Oc1ccc3cc(O)ccc3c1C2c1ccccn1,CO,377.0
418,CCCCn1c2c(-c3ccc(N(c4ccccc4)c4ccccc4)cc3)cc(C#N)cc2c2cc(C#N)cc(-c3ccc(N(c4ccccc4)c4ccccc4)cc3)c21,CC#N,476.0
7302,CCN(CC)c1cccc2c1ccc1c(=O)oc(-c3ccc(C(F)(F)F)cc3)cc12,ClC(Cl)Cl,542.0
5286,COc1ccc(C2=C(c3ccccc3)C(c3ccccc3)=[N+]3C2=Nc2c(-c4ccc(OC)cc4)c(-c4ccccc4)c(-c4ccccc4)n2[B-]3(F)F)cc1,Cc1ccccc1,695.0
1947,O=C1Nc2ccccc2/C1=C/C(=O)c1ccccc1,ClCCl,398.0
3336,CC(C)CCCCN1CCc2c1ccc1c3c(ccc21)CCCC3=O,CCC(C)=O,612.0
2299,C/C(=C\c1ccc(Cl)cc1)c1nc2ccccc2o1,CO,380.0
6836,COc1cc(N(c2ccccc2)c2ccc(C=C(C#N)C#N)c(OC)c2)ccc1C=C(C#N)C#N,C1COCCO1,520.0
6840,COc1cc(N(c2ccccc2)c2ccc(C=C(C#N)C#N)c(OC)c2)ccc1C=C(C#N)C#N,CN(C)C=O,576.0
11986,Cc1c2oc3c(C)c(N)cc(C(=O)NC4OC(=O)C(C(C)C)N(C)C(=O)CN(C)C(=O)C5CCCN5C(=O)C(C(C)C)NC4=O)c3nc-2c(C(=O)NC2OC(=O)C(C(C)C)N(C)C(=O)CN(C)C(=O)C3CCCN3C(=O)C(C(C)C)NC2=O)c(N)c1=O,CC(=O)O,638.8633344
208,COc1ccc(/C=C/c2cc(/C=C/c3ccc(OC)cc3)nc(/C=C/c3ccc(OC)cc3)n2)cc1,ClCCl,439.0
7571,O=C(c1ccc(N(c2ccccc2)c2ccccc2)cc1)[C@H]1[C@H](c2ccc(F)cc2)C[C@](O)(c2ccccn2)C[C@]1(O)c1ccccn1,c1ccccc1,485.0
6174,CN(C)c1ccc(/C=C2/N=C(c3ccccc3)OC2=O)cc1,CO,537.0
5524,CCN(CC)c1ccc2c(c1)oc(=O)c1c(=O)oc3c(C)c4oc(=O)c5c(=O)oc6cc(N(CC)CC)ccc6c5c4cc3c12,ClCCl,542.0
11913,COc1ccc2c(c1)[n+]([O-])nc(N)[n+]2[O-],CC#N,510.0
528,CN(C)c1ccc(/C=C/c2ccccn2)cc1,O,512.0
779,N#Cc1c(N2CCCCC2)cc(-c2ccc(O)cc2)c2c1-c1cccc3cccc-2c13,CO,554.0
722,O=Cc1ccc(-c2ccc(C3=CCCCC3)s2)s1,C1CCOC1,467.0
10539,O=C1c2ccccc2-c2ccc(Nc3nc(Cl)nc(Cl)n3)c3cccc1c23,CC(C)O,557.1030641
1860,COc1ccc(C(=O)/C=C2\C(=O)Nc3ccccc32)c(OC)c1,CCCCCC,385.0
10393,C(#Cc1ncnc2ccccc12)c1ccc(N(c2ccccc2)c2ccccc2)cc1,ClCCl,565.0
11724,CCC12C(=C3C(=C4c5ccc(-c6ccc(C)s6)cc5S(=O)(=O)C41CC)C(F)(F)C(F)(F)C3(F)F)c1ccc(-c3ccc(C)s3)cc1S2(=O)=O,CCCCCC,560.0
11076,CN1c2ccc(C(=O)c3ccccc3)cc2Sc2cc(C(=O)c3ccccc3)ccc21,ClCCl,542.0
11110,Cn1nc(-c2ccccc2)c2nc3cc(Cl)ccc3nc21,C1CCCCC1,487.0
1992,CCN(CC)c1ccc2c(c1)oc(=O)c1c(=O)oc3cc(C#Cc4ccc(N(C)C)cc4)ccc3c12,ClCCl,691.0
2332,O=c1c2ccccc2n(-c2ccc(-c3ccc(-n4c5ccccc5c5ccccc54)cc3)cc2)c2ccccc12,ClCCl,404.0
7745,c1cc2ccc3ccc(-n4c5ccccc5c5ccccc54)c4ccc(c1)c2c34,CCCCCC,407.0
8022,CNc1ccc(/C=C/C#N)cc1,C1CCOC1,419.0
10304,CN(C)c1ccc(/C=C/c2cc[n+](CCC[n+]3ccc(/C=C/c4ccc(N(C)C)cc4)cc3)cc2)cc1,CC(C)=O,607.9988326
3459,CC1=C(I)C(C)=[N+]2C1=C(c1c(-c3ccccn3)nc3ccccn13)c1c(C)cc(C)n1[B-]2(F)F,ClCCl,558.0
8752,CC1=C2C=CC=[N+]2[B-](F)(F)n2cccc21,CCCCCC,506.0
5612,CCCN1c2ccccc2Sc2cc(/C=C\c3cc(=O)oc4ccc(C)cc34)ccc21,ClC(Cl)Cl,637.0
7007,C[n+]1ccc2c(ccc3c[n+](C)c4ccc5ccccc5c4c32)c1,CC#N,566.0
12186,c1ccc(-n2c(-c3cccc(-c4c5ccccc5c(-c5cccc(-n6c7ccccc7c7ccccc76)c5)c5ccccc45)c3)nc3c4ccccc4c4ccccc4c32)cc1,CC#N,411.5204678
4518,N#CC1=C(N)n2c(=O)c3ccccc3c(=O)n2C1c1cccs1,CS(C)=O,446.0
5491,N#Cc1c(-c2cccs2)cc(-c2ccc3c(c2)Cc2ccccc2-3)[nH]c1=O,CN(C)C=O,457.0
9970,CC(C)[Si](C#Cc1ccc2c(C#C[Si](C(C)C)(C(C)C)C(C)C)cc3c4cc(C#C[Si](C(C)C)(C(C)C)C(C)C)ccc4c(C#C[Si](C(C)C)(C(C)C)C(C)C)cc3c2c1)(C(C)C)C(C)C,ClCCl,408.0
10212,F[B-]1(F)n2c(ccc2-c2cccs2)C(C(F)(F)F)=C2C=CC(c3cccs3)=[N+]21,CCCCCC,674.0
257,Cc1cc(C)c2nc3c(=O)[nH]c(=O)[nH]c3nc2c1,CC#N,461.0
9338,CCn1c2ccccc2c2cc(/C=C/C(=O)c3ccc4c(c3)c3cc(C(=O)/C=C/c5ccc6c(c5)c5ccccc5n6CC)ccc3n4CC)ccc21,CN(C)C=O,487.0
11979,C/C(=N\Nc1ccc(C#N)cc1)c1ccccn1,ClC(Cl)Cl,460.0
10558,FC(F)(F)C(F)(F)C(F)(F)C1=NC2=C(Oc3ccccc3)C=C3c4cc(Oc5ccccc5)c5nc(C(F)(F)C(F)(F)C(F)(F)F)nc6c(Oc7ccccc7)cc(c4c56)=C4C=C(Oc5ccccc5)C(=N1)C2C34,C1CCOC1,523.0
9794,CC(C)(C)c1ccc(-c2sc3c(-c4ccc(C(C)(C)C)cc4)c4n(c3c2-c2ccc(C(C)(C)C)cc2)[B-](F)(F)[N+]2=Cc3c(-c5ccc(C(C)(C)C)cc5)c5sc(-c6ccc(C(C)(C)C)cc6)c(-c6ccc(C(C)(C)C)cc6)c5n3[B-](F)(F)[N+]2=C4)cc1,Cc1ccccc1,632.0
7940,Nc1ccc(C(=O)[O-])c(O)c1,O,389.0
3625,O=C1c2ccccc2C(=O)N1c1ccc(Cn2cncn2)cc1,CN(C)C=O,503.0
702,CN1/C(=C/C=C(/C=C/c2sc3ccccc3[n+]2C)c2ccccc2)Sc2ccccc21,CS(C)=O,683.0
3189,CCOC(=O)c1ccccc1-c1c2ccc(=[N+](CC)CC)cc-2oc2c1c(=O)oc1cc3c(cc12)CCCN3C,ClC(Cl)Cl,647.0
503,COc1ccc(/C=C/C=C/C=C/c2ccc([N+](=O)[O-])cc2)cc1,ClC(Cl)Cl,681.0
10806,COc1ccc(-c2cccc3ncc(-c4ccccc4)n23)cc1,ClCCl,468.0
2556,CN(C)c1ccc2c3c(ccc2c1)C(=O)CCC3,ClCCl,440.0
9270,O=c1c2ccccc2n2c3ccc(-c4ccccc4)cc3c(=O)c3cccc1c32,CCCCCC,448.0
2248,COc1ccc(-n2nc(C(=O)N3CCCC3)c(N3CCCC3)n2)cc1,CCCCCC,405.0
372,COc1ccc(-c2ccc(-c3ccc(OC)cc3)c3nc(-c4ccccc4)c(-c4ccccc4)nc23)cc1,CN(C)C=O,514.0
4052,Nc1ncnc2c1c(C#Cc1c3ccccc3cc3ccccc13)cn2[C@H]1C[C@H](O)[C@@H](CO)O1,CO,440.0
3937,CCN(CC)c1ccc2cc3ccc(=[N+](CC)CC)cc-3oc2c1,CCO,557.0
12131,CCCCCCC(CCCCCC)N1C(=O)c2cccc3c(-c4ccc([Si](C)(C)C)cc4)ccc(c23)C1=O,CN(C)C=O,432.7
4076,CN(C)c1ccc2nc(-c3ccc(C(=O)Nc4ccccc4)cc3)sc2c1,CC(C)O,534.0
997,CCN(CC)c1ccc2cc(/C=C/C3=C4CC/C(=C\c5cc6ccc(N(CC)CC)cc6oc5=O)C4=[O+][B-](F)(F)O3)c(=O)oc2c1,C1COCCO1,675.0
4332,CN(C)c1ccc(C(=O)Nc2ccccc2)cc1,C1CCCCC1,448.0
6678,CC(=O)Nc1ccc2c3cccc4cccc(c5cccc1c52)c43,CCOC(C)=O,471.0
1176,Cc1cc(O)c(C(C)C)cc1/N=C/c1ccc(O)cc1,O,452.0
11878,Cc1nc2c(ccc3ccc(N(C)C)cc32)oc1=O,c1ccccc1,564.0
551,CCCCN1C(=O)C(=C/C=C/C=C/C=C2N(CCCC)c3ccccc3N2CCCC)C(=O)N(CCCC)C1=S,CN(C)C=O,690.0
4840,CC1(C)C(/C=C/C=C/C=C/C=C2/N(CCC(=O)O)c3ccc4ccccc4c3C2(C)C)=[N+](CCC(=O)O)c2ccc3ccccc3c21,CO,817.0
4372,N#Cc1ccc(C#Cc2ccc3ccc4ccc(C#Cc5ccc(C#N)cc5)c5ccc2c3c45)cc1,CCCCCC,435.5
3497,c1ccc(-n2c(-c3cccc4ccccc34)nc3c4cccc5ccc6cccc(c6c54)c32)cc1,Cc1ccccc1,420.0
5369,CC1=N/C(=C\c2ccncc2)C(=O)N1C,O,464.0
5020,F[B-]1(F)n2c(cc3c4ccccc4oc32)C(c2ccccc2)=C2C=c3c(oc4ccccc34)=[N+]21,CO,596.5
9165,Cc1cccc2[n+]1[B-](F)(F)n1c(c3cccc4cccc1c43)=N2,Cc1ccccc1,498.0
9940,CC1=N/C(=C\c2ccc(N(C)C)cc2)C(=O)N1C,O,520.0
8104,COCCOCCOc1cc(C=O)c(OCCOCCOC)cc1C=O,CCCCO,467.0
6832,COc1cc(N(c2ccc(C=C(C#N)C#N)c(OC)c2)c2ccc(C=C(C#N)C#N)c(OC)c2)ccc1C=C(C#N)C#N,CO,551.0
7516,CSc1sc(C(=O)c2ccccc2)c2nn[nH]c(=O)c12,CC#N,485.0
8405,N#Cc1nc2c3ccc(-c4ccc(N(c5ccccc5)c5ccccc5)cc4)cc3c3cc(-c4ccc(N(c5ccccc5)c5ccccc5)cc4)ccc3c2nc1C#N,ClC(Cl)Cl,721.1392405
693,CN1/C(=C/C=C(/C=C/c2sc3ccccc3[n+]2C)c2ccc(F)cc2)Sc2ccccc21,CO,674.0
2533,FC(F)(F)c1ccc(C2=CC3=c4cc(-c5ccc(C(F)(F)F)cc5)c5nc(C(F)(F)C(F)(F)C(F)(F)F)nc6c(-c7ccc(C(F)(F)F)cc7)cc(c4c65)C4=CC(c5ccc(C(F)(F)F)cc5)=C5N=C(C(F)(F)C(F)(F)C(F)(F)F)N=C2C5C43)cc1,C1CCOC1,512.0
3443,CN1/C(=C/C=C(/C=C/C2=[N+](C)c3ccccc3C2(C)C)c2ccc(F)cc2)C(C)(C)c2ccccc21,O,662.0
982,CCC1(CC)c2cc(/C=C/c3ccc(/C=C/c4ccc5c(c4)C(CC)(CC)c4cc(N6c7ccccc7Sc7ccccc76)ccc4-5)cc3)ccc2-c2ccc(N3c4ccccc4Sc4ccccc43)cc21,C1CCOC1,434.0
9971,COC(=O)/C(C#N)=c1\s/c(=c2/s/c(=C(/C#N)C(=O)OC)c3cc(-c4ccccc4)sc23)c2sc(-c3ccccc3)cc12,Cc1ccccc1,640.0
11539,c1ccc2nc3cccc(-c4ccc(-n5c6ccccc6c6ccccc65)cc4)c3cc2c1,CC(C)=O,497.0
4222,Cc1n[nH]c2c1C(c1ccc([N+](=O)[O-])cc1)C(C#N)=C(N)O2,C1COCCO1,390.0
91,COC(=O)c1ccc(C2=C3C(C)=CC(C)=[N+]3[B-](F)(F)n3c(/C=C/c4c[nH]cn4)cc(C)c32)cc1,ClC(Cl)Cl,589.0
2266,CC1(C)c2ccccc2N(c2ccc(-c3cccc(C#N)c3)cc2)c2ccccc21,N#Cc1ccc2c(c1)c1ccccc1n2-c1cccc(-n2c3ccccc3c3ccccc32)c1,436.0
8791,CCC1=C(C)C2=C(C)c3c(C)c(-c4csc(N5CCOCC5)n4)c(C)n3[B-](F)(F)[N+]2=C1C,C1CCOC1,618.0
7375,C1=[N+](c2ccccc2)[B-]2(Oc3c1ccc1c4c(ccc31)C=[N+](c1ccccc1)[B-]1(O4)c3ccccc3Oc3ccccc31)c1ccccc1Oc1ccccc12,Cc1ccccc1,605.0
7475,CCN(CC)c1ccc2cc(/C=C/C3=CC(/C=C/c4cc5ccc(N(CC)CC)cc5oc4=O)=[O+][B-](F)(F)O3)c(=O)oc2c1,CS(C)=O,741.0
261,Cc1cc2nc3c(=O)n(C)c(=O)n(C)c3nc2cc1C,CC#N,437.0
3337,CC(C)CCCCN1CCc2c1ccc1c3c(ccc21)CCCC3=O,CCO,539.0
7821,COc1cccc2c1-c1ccccc1C2=O,C1CCCCC1,518.0
9741,Clc1ccc(-c2c3nc(c(-c4ccc(Cl)cc4)c4ccc([nH]4)c(-c4ccc(Cl)cc4)c4nc(c(-c5ccc(Cl)cc5)c5ccc2[nH]5)C=C4N2CCOCC2)C=C3)cc1,CS(C)=O,662.0
9787,CC1=CC(/C=C/c2ccc([N+](C)(C)C)cc2)=[N+]2C1=C(c1ccc(C#CCO[C@@H]3O[C@H](CO)[C@@H](O)C(O)[C@H]3O)cc1)c1c(C)cc(/C=C/c3ccc([N+](C)(C)C)cc3)n1[B-]2(F)F,CC#N,629.0
445,CN(C)c1ccc(C2=Nc3scc(-c4ccc(N(C)C)cc4)[n+]3[B-](F)(F)O2)cc1,C1CCOC1,616.0
3555,O=C(N/N=C/c1ccccc1O)c1cccc2ccccc12,ClCCl,393.0
2194,c1ccc2c(c1)c1ccccc1n2-c1ccc2cc(-c3ccc(-c4ccc(-c5cc6ccc(-n7c8ccccc8c8ccccc87)cc6o5)cc4)cc3)oc2c1,c1ccc2c(c1)c1ccccc1n2-c1ccc(-c2ccc(-n3c4ccccc4c4ccccc43)cc2)cc1,441.0
6768,Cc1cc(C(F)(F)F)nc2c1ccc1nc(-c3ccc(Cl)cc3)cn12,c1ccccc1,455.0
7172,CCn1c2ccccc2c2cc(/C=C/c3cccc[n+]3CCCS(=O)(=O)[O-])ccc21,Cc1ccccc1,590.0
2867,COc1cc(-c2nc(-c3ccccc3)c(-c3ccccc3)[nH]2)c(OC)cc1/C=C/c1ccncc1,CC#N,493.0
2526,C(S/C=C/c1ccc(/C=C/SC=C2CCCCC2)cc1)=C1CCCCC1,ClCCl,421.0
11856,Cc1ccc(C2CC(c3ccc(O)cc3)=NN2c2ccc(S(N)(=O)=O)cc2)cc1,CO,432.0
5847,c1ccc(-c2nc(-c3ccccc3)nc(-c3ccc(-n4c5ccccc5c5cc6c7ccccc7n7c8ccccc8c(c54)c67)cc3)n2)cc1,O=P(c1ccccc1)(c1ccccc1)c1ccc2oc3ccc(P(=O)(c4ccccc4)c4ccccc4)cc3c2c1,460.0
8366,COC(=O)C(Cc1ccc2oc(-c3ccc4c(c3)c3ccccc3n4-c3ccccc3)nc2c1)NC(=O)OC(C)(C)C,C1CCCCC1,373.9715782
1168,COc1ccc(/C=N/c2cc(C(C)C)c(O)cc2C)cc1,CN(C)C=O,413.0
4144,O=c1cc(COc2ccc(I)cc2)c2c(ccc3ccccc32)o1,CCO,418.0
84,COc1ccc(-c2nc3c(ccc4ccccc43)oc2=O)cc1,c1ccccc1,480.0
3149,COc1ccccc1-c1nc(-c2ccccc2)c2ccccn12,CC#N,479.0
10298,O=c1oc2ccccc2cc1-c1nc2ccccc2o1,CS(C)=O,453.0
880,CCc1c(C)c2n(c1C)[B-](F)(F)[N+]1=C(c3ccc[nH]3)c3ccccc3C1=C2C,CC#N,623.0
10431,c1ccc2c(c1)CCc1ccccc1N2,CO,359.0
5689,c1ccc(-n2c3ccccc3c3cc(-c4cccc(-n5c6cccnc6c6c7sc8ccccc8c7ccc65)c4)ccc32)cc1,ClCCl,384.0
1467,COc1ccc(-c2ccc(-c3ccc(C#N)s3)s2)cc1,Cc1ccccc1,450.0
10932,COc1ccc2cc(-c3ccc(S(C)(=O)=O)cc3)oc(=O)c2c1,CN(C)C=O,410.0
7225,CCC1=C(C)C2=Cc3cscc3B(O)N2C1=O,CCCCCC,396.0
7055,O=C1OC(c2ccccc2)=N/C1=C\c1ccc(N(c2ccccc2)c2ccccc2)cc1,C1CCOC1,571.6
4326,CN(C)c1ccc(C(=O)Nc2cccc(Br)c2)cc1,CC#N,496.0
4044,CCOC(=O)c1c(-c2cc3ccccc3oc2=O)nn(-c2cccc(C)c2)c1C(=O)OCC,ClCCl,404.0
4137,CCCN1/C(=C\c2c(-c3ccc(N(C)C)cc3)c(=O)c2=O)C=Cc2ccccc21,ClCCl,585.0
3039,CC(=O)O[B-]1(OC(C)=O)OC(/C=C/c2ccc(C)cc2)=CC(/C=C/c2ccc(C)cc2)=[O+]1,CC(C)=O,489.0
10111,CCCCCCc1ccsc1-c1ccc(-c2sc(C(=O)O)cc2CCCCCC)s1,CCO,451.0
10842,N#Cc1cc(-n2c3ccccc3c3cccnc32)c(-n2c3ccccc3c3cccnc32)cc1C#N,Cc1ccccc1,417.4418605
5226,CC1(C)CC(/N=C/c2ccc3ccc4cccc5ccc2c3c45)CC(C)(C)N1,C1CCCCC1,380.0
579,C#CCOc1ccc(-c2cc(-c3ccccc3)c3n2[B-](F)(F)[N+]2=C(c4ccc(OCCCS(=O)(=O)[O-])cc4)C=C(c4ccccc4)C2=N3)cc1,O,720.0
10399,CCCCC1=Cc2c3ccc4cccc5ccc(c6cc(-c7ccc(N(c8ccccc8)c8ccccc8)cc7)n(c26)P1(=O)c1ccccc1)c3c45,CO,563.0
9023,N#Cc1ccc2[nH]ccc2c1,O,390.0
5332,CC(C)(C)c1ccc2c(c1)c1cc(C(C)(C)C)ccc1n2-c1cccc(C(=O)c2cccc(-n3c4ccc(C(C)(C)C)cc4c4cc(C(C)(C)C)ccc43)n2)n1,C1CCOC1,378.6561265
9853,O=c1oc2ccccc2c2c1c(=O)oc1cc(O)ccc12,ClCCl,455.0
2467,O=C([O-])c1ccccc1-c1c2cc(I)c(=O)c(I)c-2oc2c(I)c([O-])c(I)cc12,CCO,551.0
4157,N=c1oc2ccccc2cc1-c1ccc([N+](=O)[O-])cc1,CC#N,550.0
6021,CN(C)c1ccc(C#Cc2ccc(C#N)cc2)cc1,C1CCCCC1,382.9950211
413,CCCCCCCCC1(CCCCCCCC)c2cc(-c3ccc([N+](=O)[O-])cc3)ccc2-c2ccc(-c3ccc([N+](=O)[O-])cc3)cc21,ClC(Cl)Cl,538.0
402,CC1(C)c2ccccc2N(c2ccc3c(c2)c2cc(N4c5ccccc5C(C)(C)c5ccccc54)ccc2c2nc(C#N)c(C#N)nc32)c2ccccc21,CCCCCC,572.4452555
4428,F[B-]1(F)OC(c2ccccc2)=Nc2sc(-c3ccccc3)n[n+]21,CCO,409.0
2084,COC(=O)C(Cc1ccc2oc(-c3ccc(N(c4ccccc4)c4ccccc4)cc3)nc2c1)NC(=O)OC(C)(C)C,OCC(F)(F)F,496.250825
3057,CC(=O)O[B-]1(OC(C)=O)OC(/C=C/c2ccccc2)=CC(/C=C/c2ccccc2)=[O+]1,ClCCl,473.0
10645,c1ccc(-c2nc(-c3ccccc3)nc(-c3ccc(-n4c5ccccc5c5cc(-c6ccc7sc8ccccc8c7c6)ccc54)cc3)n2)cc1,CN(C)C=O,527.0
164,CCCCn1cc(/C=C/c2cc(=O)oc3cc(C)ccc23)c2ccccc21,ClC(Cl)Cl,474.0
10931,COc1ccc2cc(-c3ccc(S(C)(=O)=O)cc3)oc(=O)c2c1,CCOC(C)=O,404.0
4302,c1ccc(N(c2ccccc2)c2ccc(-c3ccc4c(c3)C3(c5ccccc5Oc5ccccc53)c3cc(-c5ccc(N(c6ccccc6)c6ccccc6)cc5)ccc3-4)cc2)cc1,ClCCl,457.0
11176,COc1c2ccccc2c(OC)c2c1c1cc(Cl)ccc1n2C,C1CCCCC1,421.0
11834,COc1ccc(C2CC(c3ccc(O)cc3)=NN2c2ccc(S(N)(=O)=O)cc2)cc1,C1COCCO1,418.0
3317,COc1ccc(C2=C3C(C)=CC(C)=[N+]3[B-](F)(F)n3c(/C=C/c4ccc(N(C)C)cc4)cc(C)c32)cc1,CC#N,717.0
9824,COc1ccc(C#Cc2nc3ccccc3nc2-c2cn(C)c3ccccc23)cc1,CO,525.0
3934,N#Cc1ccc(-c2pc3ccccc3s2)cc1,CC#N,433.0
1847,CCOc1ccc2c(-c3nc(-c4ccccc4Cl)no3)cc(=O)oc2c1,CCO,432.0
1334,C(#Cc1cc(C#Cc2cccs2)c(C#Cc2cccs2)c(C#Cc2cccs2)c1C#Cc1cccs1)c1cccs1,ClCCl,425.0
9423,CC(C)(C)c1ccc2c(c1)c1cc(C(C)(C)C)ccc1n2-c1ccc2oc3nc4oc5ccc(C(F)(F)F)cc5c4cc3c2c1,ClC(Cl)Cl,364.0
753,CN(C)c1ccc(C(=Cc2ccc(/C=C(\C#N)c3ccccc3)cc2)c2ccc(N(C)C)cc2)cc1,C1CCOC1,616.0
3064,COc1ccc(/C=C/C2=CC(/C=C/c3ccc(OC)c(OC)c3)=[O+][B-](F)(F)O2)cc1OC,ClC(Cl)Cl,555.07
706,CC1CC=C(c2ccc(-c3ccc(C#N)s3)s2)CC1,CCCCCC,427.0
3491,C[n+]1ccc2c(ccc3c[n+](C)ccc32)c1,CC#N,407.0
4573,CC1=C(Cc2ccccc2)C(C)=[N+]2C1=C(C)c1c(C)c(-c3csc(N4CCOCC4)n3)c(C)n1[B-]2(F)F,CCOC(C)=O,545.0
9340,CCn1c2ccccc2c2cc(/C=C/C(=O)c3ccc4c(c3)c3cc(C(=O)/C=C/c5ccc6c(c5)c5ccccc5n6CC)ccc3n4CC)ccc21,CS(C)=O,493.0
5071,CC(C)(C)NS(=O)(=O)c1ccc2c(c1)C(=O)/C(=C1\Sc3ccc(S(=O)(=O)NC(C)(C)C)cc3C1=O)S2,CS(C)=O,618.0
3151,COc1ccccc1-c1nc(-c2ccccc2)c2ccccn12,ClCCl,479.0
11466,CC1=CC(C)=[N+]2C1=C(c1c3ccccc3c(-c3ccccc3)c3ccccc13)c1c(C)cc(C)n1[B-]2(F)F,CCO,512.0
3799,CN(C)c1ccc2nc3c(cc2c1)c(-c1ccccc1)nn3-c1ccccc1,CC#N,561.4823133
4022,COC(=O)c1c(-c2cc3ccccc3oc2=O)nn(-c2cccc(Cl)c2)c1C(=O)OC,ClCCl,418.0
1074,O=Cc1ccc(-c2ccc(C3=CCC(c4ccccc4)CC3)s2)s1,OCCOCCO,506.0
8697,CNC1=C2C=CC=[N+]2[B-](F)(F)n2cccc21,OCC(F)(F)F,449.0
3438,CN1/C(=C/C=C(/C=C/C2=[N+](C)c3ccccc3C2(C)C)c2ccc(C(F)(F)F)cc2)C(C)(C)c2ccccc21,CS(C)=O,665.0
9432,COC(=O)c1ccc(-c2ccc3c(c2)C(=O)c2cc(-c4ccc(C(=O)OC)cc4)ccc2-3)cc1,C1CCOC1,366.0
10953,CCN(CC)c1ccc2cc(-c3ccc(C(F)(F)F)cc3)oc(=O)c2c1,ClC(Cl)Cl,450.0
11299,CN1CCN(c2ccc3c4c(cccc24)C(=O)c2ccccc2-3)CC1,CCCCCO,635.0
2429,N#C/C(=C/Nc1ccc(C#N)cc1)c1nc(-c2ccccc2)cs1,CN(C)C=O,436.0
246,CC(C)[Si](C#Cc1c2ccccc2c(C#C[Si](C(C)C)(C(C)C)C(C)C)c2nc3c4ccccc4c(=O)c4ccccc4c3nc12)(C(C)C)C(C)C,ClCCl,544.0
3815,N#Cc1nc2c3ccc(-n4c5ccccc5c5ccccc54)cc3c3cc(-n4c5ccccc5c5ccccc54)ccc3c2nc1C#N,CCCCCC,469.6066746
5727,Cc1cccc(Nc2ccccc2C(=O)O)c1C,CC#N,398.0
3632,O=C1c2ccccc2C(=O)N1c1ccc(Cn2cncn2)cc1,CC#N,471.0
11294,COC1=C/C(=C\C=C2C=CN(Cc3ccc(Br)cc3)C=C2)C=CC1=O,CO,636.0
2262,COc1ccc2c(c1)CCC1=C(C#Cc3cc4ccccc4c4ccccc34)O[B-](F)(F)[O+]=C12,ClCCl,500.0
2246,O=P1(c2ccccc2)C(c2ccc(C3=Cc4ccccc4P3(=O)c3ccccc3)cc2)=Cc2ccccc21,C1CCOC1,431.0
835,COc1ccc(/C=C/c2nc(/C=C/c3ccc(N(C)C)cc3)cc(/C=C/c3ccc(N(c4ccccc4)c4ccccc4)cc3)n2)cc1,ClCCl,549.0
5064,O=C1/C(=C2\Sc3ccccc3C2=O)Sc2ccccc21,C1COCCO1,590.0
432,c1ccc(-c2ccc(-c3ccc(-c4ccccc4)cc3)cc2)cc1,C1COCCO1,369.0
5335,CCCCC(CC)Cn1c2cc(C#N)ccc2c2cc(-c3ccc(N(c4ccccc4)c4ccccc4)cc3)c(C#N)cc21,C1CCOC1,507.0
1173,COc1ccc(/C=N/c2cc(C(C)C)c(O)cc2C)cc1,O,440.0
5714,O=C(O)c1ccccc1Nc1cccc(C(F)(F)F)c1,CO,428.0
4656,CN(c1ccccc1)c1ccc(N(c2ccccc2)c2ccc3ccc4c(N(c5ccccc5)c5ccc(N(C)c6ccccc6)cc5)ccc5ccc2c3c54)cc1,ClCCl,620.0
12069,c1ccc(-c2nn(-c3ccccc3)c3nc4ccc(-n5c6ccccc6c6ccccc65)cc4cc23)cc1,CCCCCl,468.3840749
10743,Fc1c(F)c(F)c2c(c1F)C1=Nc3c4c(F)c(F)c(F)c(F)c4c4n3[B-]3(Cl)n5c(c6c(F)c(F)c(F)c(F)c6c5=N4)=NC2=[N+]13,CC(=O)N(C)C,582.0
250,Cc1ccc2nc3[nH]c(=O)[nH]c(=O)c3nc2c1,CC#N,443.0
5144,c1ccc(-c2csc(-c3ccncc3)n2)cc1,CN(C)C=O,402.0
11996,Cc1c2oc3c(C)c(N)cc(C(=O)NC4OC(=O)C(C(C)C)N(C)C(=O)CN(C)C(=O)C5CCCN5C(=O)C(C(C)C)NC4=O)c3nc-2c(C(=O)NC2OC(=O)C(C(C)C)N(C)C(=O)CN(C)C(=O)C3CCCN3C(=O)C(C(C)C)NC2=O)c(N)c1=O,CS(C)=O,637.0075931
9520,CN(C)c1ccc(/C=C/c2ncnc3ccccc23)cc1,C1CCCCC1,465.0
8145,COCCOCCOCCOCCOc1ccc(OCCOCCOCCOCCOC)c(C=O)c1,CCO,460.0
5379,COC(=O)c1cc(=O)n(C)c2cc(-c3ccc(N4CCN(C)CC4)cc3)sc12,CC#N,587.0
3407,CC(=O)N(Cc1ccccn1)c1c2ccccc2c2c3c(cccc13)C(=O)N(Cc1ccccn1)C2=O,CCO,509.0
2729,O=C1CCCC2=C1CC1=C(CCCC1=O)N2NC(=O)c1ccc(O)cc1,ClC(Cl)Cl,444.0
12139,CCCCCCC(CCCCCC)N1C(=O)c2cccc3c(-c4ccccc4)ccc(c23)C1=O,Cc1ccccc1,410.6
433,Cc1ccc(-c2ccc(/C=C/c3ccc(C#N)cc3)cn2)nc1,CC#N,403.0
9286,CCCCc1c2ccccc2c(-c2ccc(-c3nc4cc(CC(NC(=O)OC(C)(C)C)C(=O)OC)ccc4o3)cc2)c2ccccc12,CN(C)C=O,449.5008293
9287,CCCCc1c2ccccc2c(-c2ccc(-c3nc4cc(CC(NC(=O)OC(C)(C)C)C(=O)OC)ccc4o3)cc2)c2ccccc12,CNC=O,458.9998394
11136,CC(C)(C)c1ccccc1N(c1ccccc1)c1ccc(S(=O)(=O)c2ccc(S(=O)(=O)c3ccc(N(c4ccccc4)c4ccccc4C(C)(C)C)cc3)cc2)cc1,c1cc(-n2c3ccccc3c3ccccc32)nc(-n2c3ccccc3c3ccccc32)c1,465.0629077
11615,Nc1ccc2c(C(F)(F)F)cc(=O)oc2c1,CCCCCC,401.0
7666,CN(C)c1ccc(C2=Cc3cccc[n+]3[B-](F)(F)O2)cc1,CN(C)C=O,530.0
5952,COc1ccc2c3ccc(OC)cc3n(-c3ccc(-c4nnc(-c5c(C)cc(C)cc5C)o4)cc3C)c2c1,Cc1ccccc1,436.0
10696,CCOc1cc2c(cc1/C=C/C(=C(C#N)C#N)c1ccccc1)c1ccccc1n2CC,Cc1ccccc1,522.0
4002,COC(=O)C(Cc1ccc2oc(-c3ccc(N(C)C)cc3)nc2c1)NC(=O)OC(C)(C)C,ClCCl,388.0029488
8063,COC(=O)/C=C/C=C/c1ccc(N(C)C)cc1,CCO,435.0
1332,CC1=[O+][B-]2(OC(=O)C(=O)O2)OC(c2c3ccccc3cc3ccccc23)=C1,CC#N,527.0
7917,Cc1ccc(/C2=c3\cc/c(o3)=C(\c3ccc(C)cc3)c3ccc([nH]3)-c3ccc4n3[P-](=O)(=O)[N+]3=C(C=CC3=C4c3ccco3)c3ccc2[nH]3)cc1,ClC(Cl)Cl,744.0
5434,COc1ccc2c3c(cccc13)C(=O)N(C)C2=O,CCO,444.0
5531,Nc1ccc(-c2c3nc(c(-c4ccc(N)cc4)c4ccc([nH]4)c(-c4ccc(N)cc4)c4nc(c(-c5ccc(N)cc5)c5ccc2[nH]5)C=C4)C=C3)cc1,CN(C)C=O,686.0
1443,O=C1OC(=O)c2ccc(N(c3ccccc3)c3ccc4ccc5cccc6ccc3c4c56)c3cccc1c23,CCCCCC,536.0
10562,c1ccc(-c2nc(-c3ccc(-c4ccc(N(c5ccccc5)c5ccccc5)cc4)cn3)oc2-c2ccccc2)cc1,C1COCCO1,454.0
5206,CCC(C)[Si](C#Cc1c2nc3c4ccccc4c(=O)c4ccccc4c3nc2c(C#C[Si](C(C)CC)(C(C)CC)C(C)CC)c2nc3c4ccccc4c(=O)c4ccccc4c3nc12)(C(C)CC)C(C)CC,ClCCl,571.0
4310,Cc1ccc(NC(=O)c2ccc(N(C)C)cc2)cc1,CC#N,502.0
4899,COC(=O)CNC(=O)c1nc2c(N(C)C)nc(N(C)C)nc2n1Cc1ccccc1,CC#N,409.0
10009,CCNc1ccc(NCC)c2c1C(=O)c1ccccc1C2=O,CO,669.0
6384,F[B-]1(F)n2c(c(-c3ccccc3)c(-c3ccccc3)c2-c2ccccc2)C(c2ccccc2)=C2C(c3ccccc3)=C(c3ccccc3)C(c3ccccc3)=[N+]21,C1CCOC1,613.0
8287,Oc1ccccc1,C1CCCCC1,294.9852507
9679,N#C/C(=C\C=C\c1ccccc1)c1ccccc1,CCCCCCC,421.0
2569,O=S(=O)(O)c1cccc2cccc(Nc3ccccc3)c12,OCCO,495.0
10584,CCN(CC)c1ccc2cc(-c3cn4ccccc4n3)c(=O)oc2c1,CO,485.0
4277,c1ccc(-n2c3ccccc3c3c2c2ccccc2n3-c2ccccc2)cc1,Cc1ccccc1,376.0
3666,CC(C)(C)c1ccc(-c2nc3c4ccc(-c5c6ccccc6cc6ccccc56)cc4c4cc(-c5c6ccccc6cc6ccccc56)ccc4c3n2-c2ccc(C(C)(C)C)cc2)cc1,CC#N,455.0
12089,CCc1ccc(-c2ccc(-c3nnc(-c4ccc(-c5nnc(-c6ccc(-c7ccc(CC)cc7)s6)o5)cc4)o3)s2)cc1,CCCCO,401.0
2446,CN(C)c1ccc(/C=C/c2nc(/C=C/c3ccc(N(C)C)cc3)c3ccccc3n2)cc1,CS(C)=O,580.0
5969,CCN(CC)c1ccc2cc(/C=C/C(O)=C3\CC/C(=C\c4cc5ccc(N(CC)CC)cc5oc4=O)C3=O)c(=O)oc2c1,CN(C)C=O,638.0
3657,CN(CCO)c1ccc(/C=C/C2=C(C#N)C(C(C#N)C#N)OC2(C)C)cc1,O,648.0
9891,Clc1ccc(/C=C(\c2ccccc2)c2nc3ccccc3s2)cc1,CO,430.0
3172,c1ccc(-c2nc(-c3ccccc3)n3ccccc23)cc1,C1CCCCC1,445.0
1223,COc1ccc(-c2cc(-c3ccc(C)cc3)c(C#N)c(OC)n2)cc1,CS(C)=O,412.0
10286,Cc1cc2cc(C)c3c4ccccc4[nH]c3c2s1,ClCCl,351.0
4166,COc1cccc(-c2nc(-c3ccccc3)c(-c3ccccc3)[nH]2)c1,CO,379.0
544,Cc1cc(C)c(C2=C(c3c(C)sc(-c4ccc(-c5nc(-c6ccccc6)c(-c6ccccc6)[nH]5)cc4)c3C)C(F)(F)C(F)(F)C2(F)F)s1,C1CCOC1,393.0
1204,c1cc2ccc3ccc4cc3c2cc1c1ccc2ccc3ccc(cc3c2c1)c1ccc2c(c1)c1cc4ccc1[C@]13OCCO[C@]21OCCO3,Cc1ccccc1,421.0
10365,c1ccc(-c2ccc(-c3ccc(N(c4ccccc4)c4ccccc4)cc3)c3nsnc23)cc1,CCOCC,558.0
6334,CC1=[N+]2C(=c3c4c5ccccc5cc5cccc(c6cc(C)n(c36)[B-]2(F)F)c54)C=C1,CO,637.0
11154,COc1c2ccccc2c(OC)c2c1c1ccccc1n2C,CO,420.0
2637,COc1ccc(O)c(-c2[nH]c(=O)n3c2-c2ccccc2C3=O)c1,ClCCl,481.0
11872,NS(=O)(=O)c1ccc(N2N=C(c3ccc(O)cc3)CC2c2ccc(Cl)cc2)cc1,CC(C)O,423.0
7613,N#CC(C#N)=Cc1ccc2c(c1)c1ccccc1n2-c1cc2ccccc2c2ccccc12,Cc1ccccc1,445.0
10194,CC(=O)c1ccn2c3c(c(-c4cc[n+](C)cc4)c2c1)CN(C)C3=O,O,501.0
7474,CCCCCCCCn1c(=O)c2cc3cc4cc5c(=O)n(CCCCCCCC)c(=O)c5cc4cc3cc2c1=O,ClC(Cl)Cl,423.0
10685,Cc1cc2cc3cc(C)c(C)cc3cc2cn1,CCO,444.6420631
877,CCc1c(C)c2n(c1C)[B-](F)(F)[N+]1=C(c3ccc[nH]3)c3ccccc3C1=C2,Cc1ccccc1,635.0
9942,CC1=N/C(=C\c2cccc(N(C)C)c2)C(=O)N1CCO,C1CCOC1,585.0
196,COc1ccc(/C=C/c2cc(/C=C/c3ccc(OC)cc3)nc(/C=C/c3ccc(C(F)(F)F)cc3)n2)cc1,CC#N,463.0
11948,c1ccc2c(c1)[nH]c1cccnc12,ClC(Cl)Cl,369.0
3383,CN(C)c1ccc(-c2nc3cccnc3[nH]2)cc1,C1CCCCC1,359.0
4379,C[Si]1(c2ccccc2)C(c2ccc3c4ccccc4n(-c4ccccc4)c3c2)=C(c2ccccc2)C(c2ccccc2)=C1c1ccc2c3ccccc3n(-c3ccccc3)c2c1,C1CCOC1,525.0
9056,N#Cc1cccc2cc[nH]c12,CC(C)O,380.0
9749,CC[n+]1ccc(/C=C/c2cc3cccc4ccc5cccc2c5c43)cc1,C1CCOC1,613.0
2997,O=[N+]([O-])c1ccc([N+]2=Cc3ccc4c5c(ccc4c3O[B-]2(c2c(F)c(F)c(F)c(F)c2F)c2c(F)c(F)c(F)c(F)c2F)C=[N+](c2ccc([N+](=O)[O-])cc2)[B-](c2c(F)c(F)c(F)c(F)c2F)(c2c(F)c(F)c(F)c(F)c2F)O5)cc1,CC(C)=O,617.0
11784,CC(C)[Si](C#Cc1ccc(-c2c3cccc4c5cccc6c(-c7ccc(C#C[Si](C(C)C)(C(C)C)C(C)C)cc7)c7cccc8c9cccc2c9c(c34)c(c65)c78)cc1)(C(C)C)C(C)C,Cc1ccccc1,744.0
2571,CCCCC1(c2ccccc2)Nc2c(-c3ccc(N(C)C)cc3)ccc(-c3ccc(N(C)C)cc3)c2N=C1c1ccccc1,C1CCOC1,568.0
5905,c1ccc2cc3ccccc3cc2c1,C1CCOC1,397.0
10573,CC1(C)c2ccccc2N(c2ccc(-c3nc4c(C#N)ccc(C#N)c4nc3-c3ccc(N4c5ccccc5C(C)(C)c5ccccc54)cc3)cc2)c2ccccc21,Cc1ccccc1,663.0
11618,Nc1ccc2c(C(F)(F)F)cc(=O)oc2c1,CCCCO,484.0
11745,CN(C)c1ccc2cc(C(/C=C/c3cn(C)c4ccccc34)=C(C#N)C#N)c(=O)oc2c1,CN(C)C=O,539.0
4969,CCN(CC)c1ccc(C=Cc2nc3nc4ccccc4nc3s2)c(OC)c1,CO,625.0
4711,CC(C)[Si](C#Cc1ccc(C#C[Si](C(C)C)(C(C)C)C(C)C)c2nc3cc4c(cc3nc12)[C@H]1c2ccccc2[C@@H]4c2ccccc21)(C(C)C)C(C)C,ClCCl,473.0
4163,COc1cccc2cc(-c3ccc([N+](=O)[O-])cc3)c(=N)oc12,ClC(Cl)Cl,380.0
5186,COc1ccc(-c2nc3ccccc3nc2/C=C/N2CCCC2)s1,CC#N,583.9416058
10265,c1ccc(-c2nc(-c3cccc4ccccc34)n3ccccc23)cc1,C1CCCCC1,478.0
9212,COC(=O)c1nc2c(OCc3ccccc3)nc(N)nc2n1Cc1ccccc1,ClCCl,371.0
2682,CCN(CC)c1ccc2c(-c3ccc(S(=O)(=O)[O-])cc3S(=O)(=O)[O-])c3ccc(=[N+](CC)CC)cc-3oc2c1,CC#N,573.0
6118,COc1ccc(C#Cc2ccc(C#N)cc2)cc1OC,C1COCCO1,400.0
2508,COc1cc2c3c(c4cc(OC)c(OC)c(OC)c4c2c(OC)c1OC)=[N+]1C(=C(c2c(C)cc(C)cc2C)c2cc4c5cc(OC)c(OC)c(OC)c5c5c(OC)c(OC)c(OC)cc5c4n2[B-]1(F)F)C=3,C1CCOC1,763.0
10211,CC1(C)c2ccccc2N(c2ccc3c(c2)c2ccccc2c2nc4ccccc4nc32)c2ccccc21,c1cc(-c2cccc(-n3c4ccccc4c4ccccc43)c2)cc(-n2c3ccccc3c3ccccc32)c1,549.0
1510,Oc1cccc(/N=C/c2ccccc2Oc2ccccc2)c1,CCCCCCCO,410.0
4314,CN(C)c1ccc(C(=O)Nc2ccc(Cl)cc2)cc1,CC#N,498.0
10533,COc1nc(Nc2ccc3c4c(cccc24)C(=O)c2ccccc2-3)nc(OC)n1,CCOCC,520.0208008
1244,C1=C(c2ccccc2)C=C(c2ccccc2)/C1=C/C1CCCCC1,C1CCOC1,420.0
10455,O=C1/C(=C\c2ccc3oc4ccccc4c3c2)S(=O)(=O)c2ccccc21,CC(C)=O,458.0
11751,Cc1cccc(C)c1Nc1ccc(/C=C/c2ccc3ccccc3c2)cc1,CCCCCC,385.0
10802,Cc1ccc(C2=C3C=CC(c4ccccc4)=[N+]3[B-](F)(F)n3c2ccc3-c2ccccc2)cc1,Cc1ccccc1,589.0
4121,Cc1ccc(-c2cc(-c3ccc(C)cc3)c(C#N)c(=O)[nH]2)cc1,CS(C)=O,450.0
4995,C(C1=[NH+]c2cccc3cccc1c23)=c1[nH]c2cccc3cccc1c32,CO,617.0
8890,CCCCc1cc(C(=O)CCC)c2ccc3c(CCCC)cc(N4CCCCC4)c4ccc1c2c34,CCCCCC,482.0
6962,Cc1ccc(C2=C3C=CC(/C=C/c4ccccc4)=[N+]3[B-](F)(F)n3c(/C=C/c4ccccc4)ccc32)cc1,CO,639.0
10095,C(=C/c1cc(-c2ccc3ccccc3c2)c(/C=C/c2ccc(N(c3ccccc3)c3ccccc3)cc2)cc1-c1ccc2ccccc2c1)\c1ccc(N(c2ccccc2)c2ccccc2)cc1,ClCCl,489.0
12001,Cc1c2oc3c(C)c(N)cc(C(=O)NC4OC(=O)C(C(C)C)N(C)C(=O)CN(C)C(=O)C5CCCN5C(=O)C(C(C)C)NC4=O)c3nc-2c(C(=O)NC2OC(=O)C(C(C)C)N(C)C(=O)CN(C)C(=O)C3CCCN3C(=O)C(C(C)C)NC2=O)c(N)c1=O,O=[N+]([O-])c1ccccc1,623.2393488
254,Cc1ccc2nc3c(=O)[nH]c(=O)[nH]c3nc2c1,ClCCCl,425.0
9247,CN(C)c1ccc(-c2ccc3c(=O)c(O)coc3c2)cc1,CCCCCCCCO,532.0
4511,CC(C)(C)c1ccc(-c2nc3c4ccc(-c5cccc6ccccc56)cc4c4cc(-c5cccc6ccccc56)ccc4c3n2-c2ccc(C(C)(C)C)cc2)cc1,CCN(CC)CC,382.0
9526,F[B-]1(F)n2c(cc3c2-c2ccccc2CC3)C(c2ccc(I)cc2)=C2C=C3CCc4ccccc4C3=[N+]21,ClC(Cl)Cl,647.0
5159,CCCCc1ccc2c(c1)c1cc(CCCC)ccc1n2-c1ccc(S(=O)(=O)c2ccc(S(=O)(=O)c3ccc(-n4c5ccc(CCCC)cc5c5cc(CCCC)ccc54)cc3)cc2)cc1,Cc1ccccc1,450.0
10117,CCN(CC)c1ccc2c(c1)oc(=O)c1cnc3c(c(C)nn3-c3ccccc3)c12,ClCCl,445.0
759,C(=C/c1c2ccccc2cc2ccccc12)\c1ccc(Oc2ccc3ccccc3c2-c2c(Oc3ccc(/C=C/c4c5ccccc5cc5ccccc45)cc3)ccc3ccccc23)cc1,ClCCl,486.0
654,CN1C(=O)/C(=C/c2ccncc2)N=C1c1ccccc1,C1COCCO1,471.0
7600,N#Cc1nnn(-c2ccnc3cc(Cl)ccc23)c1N,CN(C)C=O,393.0045196
3401,CCN(CC)c1ccc2cc(-c3csc(NC(C)=O)c3C#N)c(=O)oc2c1,CO,477.0
1420,COc1cc(/C=C2/SC(=O)NC2=O)ccc1O,OCC(O)CO,447.0
3044,COc1cc(/C=C/C2=CC(/C=C/c3ccc(O)c(OC)c3)=[O+][B-](F)(F)O2)ccc1O,CCO,586.91
2830,COc1ccc(/N=N/c2c(O)c3ccccc3n(C)c2=O)c(S(=O)(=O)O)c1,O,583.0
8292,N#Cc1cccc(N)c1,C1CCCCC1,343.0
328,Cc1ccc(C2=C3C=CC(C#Cc4ccccc4)=[N+]3[B-](F)(F)n3c(C#Cc4ccccc4)ccc32)cc1,Cc1ccccc1,629.0
253,Cc1ccc2nc3c(=O)[nH]c(=O)[nH]c3nc2c1,CC#N,426.0
7658,O=C1/C(=C/C=C/c2cc3c4c(c2)CCCN4CCC3)CC/C1=C\C=C\c1cc2c3c(c1)CCCN3CCC2,CS(C)=O,740.0
6098,CCCCCCN(CCCCCC)c1ccc(C#Cc2ccc(C#N)cc2)cc1,CC#N,530.0
4377,CN(C)c1cc(-c2ccc(C#Cc3cc[n+](C)cc3)cc2)cc2ccccc12,ClCCl,510.0
5092,Oc1cc2c(cc1-c1nc3c4ccccc4c4ccccc4c3[nH]1)c1ccccc1n2-c1ccccc1,CS(C)=O,502.0
3019,CN(C)c1ccc2cc(C#Cc3cn([C@H]4C[C@H](O)[C@@H](CO)O4)c4ncnc(N)c34)ccc2c1,CC(C)O,419.0
3029,COc1ccc(/C=C/C2=CC(/C=C/c3ccc(OC)cc3)=[O+][B-](F)(F)O2)cc1,ClCCl,538.0
2636,COc1ccc(O)c(-c2[nH]c(=O)n3c2-c2ccccc2C3=O)c1,CO,500.0
11479,Fc1ccc(-c2nc3n(c2-c2ccncc2)CCS3)cc1,CCOC(C)=O,414.0
6765,Cc1cc(C(F)(F)F)nc2c1ccc1nc(-c3ccc(Cl)cc3)cn12,Cc1ccccc1,455.0
3018,CN(C)c1ccc2cc(C#Cc3cn([C@H]4C[C@H](O)[C@@H](CO)O4)c4ncnc(N)c34)ccc2c1,CC#N,432.0
2945,Cn1cccc1-c1ccc(C#N)cc1,CCCCCC,357.0
3659,CN(CCO)c1ccc(/C=C/C2=C(C#N)C(C(C#N)C#N)OC2(C)C)cc1,CC(C)=O,640.0
8681,CCC1=C(C)C2=Cc3cc(I)cn3[B-](F)(F)[N+]2=C1C,CC(C)=O,541.0
7349,O=C(N/N=C/c1ccccc1O)c1ccccc1O,CC(C)=O,484.0
8023,CNc1ccc(/C=C/C#N)cc1,C1COCCO1,399.0
2663,c1ccc2sc(-c3ccc(-c4nnc(-c5ccc(-c6nnc(-c7ccc(-c8cc9ccccc9s8)s7)o6)cc5)o4)s3)cc2c1,CCCCCCO,399.0
6517,CN(C)c1ccc(-c2nc3c(c4c2-c2ccccc2CC4)-c2ccccc2CC3)cc1,CCOC(C)=O,449.0
1362,Cc1cccc2cc3c(=O)n(C)c(=O)n(C)c3nc12,ClC(Cl)Cl,417.0
11488,Fc1ccc(-c2nc3n(c2-c2ccncc2)CCS3)cc1,O,415.0
3481,N#Cc1ccc(/C=C2\N=C(c3ccccc3)NC2=O)cc1,C1COCCO1,464.0
11810,NS(=O)(=O)c1ccc(N2N=C(c3ccc(O)cc3)CC2c2ccc(F)cc2)cc1,O,448.0
8991,COC(=O)C[C@H](Cc1c[nH]c2ccccc12)NC(=O)[C@H](CC(=O)N[C@@H](CC1=CCc2ccccc21)C(=O)OC)NC(=O)[C@H](Cc1c[nH]c2ccccc12)NC(=O)OC(C)(C)C,CO,338.0
10383,Cc1ccc2nc(-c3cccc4nc(C)[nH]c(=O)c34)[nH]c2c1,CN(C)C=O,431.0
7457,COc1ccc(C(=O)/C=C/c2ccc(N(C)C)cc2)cc1OC,CC(=O)O,513.0
5350,CCCCCCCCCc1c2ccccc2cc2c1oc1c3oc4c5oc6cc7ccccc7cc6c5c5ccccc5c4c3c3ccccc3c21,C1CCOC1,428.0
7853,CC1(C)CC(=O)C2=C(C1)Oc1ccc3cc(O)ccc3c1C2c1ccccn1,CCCCCCC,359.0
8299,N#Cc1cccc(N)c1C#N,CCCCCCC,374.0
2880,Cc1nc(-c2ccccc2)c2ccccn12,CC#N,467.0
3381,O=C1c2ccc(-c3ccc(N(c4ccc(-c5ccccc5)cc4)c4ccc(-c5ccccc5)cc4)cc3)cc2C(=O)c2ccc(-c3ccc(N(c4ccc(-c5ccccc5)cc4)c4ccc(-c5ccccc5)cc4)cc3)cc21,Cc1ccccc1,608.0
1302,N#Cc1cc(-n2c3ccccc3c3ncccc32)c(-n2c3ccccc3c3ncccc32)cc1C#N,ClCCl,476.5116279
6302,O=S1(=O)c2ccccc2C2(c3cc(-c4ccc(N(c5ccccc5)c5ccccc5)cc4)ccc3-c3ccc(-c4ccc(N(c5ccccc5)c5ccccc5)cc4)cc32)c2ccccc21,ClCCl,460.0
4957,N#Cc1c(-n2cc(-c3ccccc3)nn2)n([C@H]2C[C@H](O)[C@@H](CO)O2)c2ncnc(N)c12,CO,412.0
4836,c1ccc2cc3cc(-c4cc(-c5nccs5)nc(-c5nccs5)c4)ccc3cc2c1,ClC(Cl)Cl,452.0
6152,CN(C)c1ccc(-c2c(/C=C3/C=Cc4ccccc4N3Cc3ccccc3)c(=O)c2=O)cc1,Cc1ccccc1,435.0
7447,CN(C)c1ccc(/C=C/C(=O)c2ccccc2)cc1,CC#N,532.0
7090,CCCCCCc1cc(B(c2c(C)cc(C)cc2C)c2c(C)cc(C)cc2C)c(-c2sc(CCCCCC)cc2P(=O)(c2ccccc2)c2ccccc2)s1,CO,605.0
11160,COc1ccc2c(c1)c1c(OC)c3ccccc3c(OC)c1n2C,C1CCCCC1,431.0
942,CN(C)c1ccc(/C=C/C=C2\CCCC2=O)cc1,CCCCCC,469.0
3235,COc1ccc2c(c1)sc1[n+]2[B-](F)(F)OC(c2ccc(N(C)C)cc2)=N1,CC(C)=O,477.0
3257,CN(C)c1ccc(C2=Nc3sc4ccccc4[n+]3[B-](F)(F)O2)cc1,C1CCOC1,469.0
9284,CCCCc1c2ccccc2c(-c2ccc(-c3nc4cc(CC(NC(=O)OC(C)(C)C)C(=O)OC)ccc4o3)cc2)c2ccccc12,CCCCO,448.5008858
9079,CC1(C)c2ccccc2N(c2cccc(S(=O)(=O)c3cccc(N4c5ccccc5C(C)(C)c5ccccc54)c3)c2)c2ccccc21,CCCCC(CC)n1c2ccc(-n3c4ccccc4c4ccccc43)cc2c2cc(-n3c4ccccc4c4ccccc43)ccc21,509.2797784
176,CN(C)c1ccc(/C=C/c2cc(/C=C/c3ccc(N(C)C)cc3)nc(/C=C/c3ccc(C(F)(F)F)cc3)n2)cc1,CC(C)=O,565.0
435,Cc1ccc(-c2ccc(/C=C/c3ccc(F)cc3)cn2)nc1,CC#N,391.0
7803,CNc1ccc2c(c1)C(=O)c1ccccc1-2,C1CCCCC1,587.0
308,Cc1cc(C2(c3cc(C)c(O)c(Br)c3)OS(=O)(=O)c3ccccc32)cc(Br)c1O,CC(C)O,498.0
1565,Oc1ccccc1/N=C/c1ccccc1Oc1ccccc1,CCCCO,395.0
3964,COC(=O)C(NC(=O)OC(C)(C)C)c1ccc2oc(-c3ccc(O)cc3O)nc2c1,CO,365.0
2135,O=[N+]([O-])c1ccc(C#Cc2ccc3ccccc3c2)cc1,ClCCl,546.0
7255,CCCn1c(=O)c(/C=C/c2nc3ccc(C)cc3n(CCC)c2=O)nc2ccc(C)cc21,ClCCl,490.0
10758,c1ccc(-c2nc(-c3ccccc3)nc(-c3ccc(-n4c5ccccc5c5cc6c(cc54)c4ccccc4n6-c4ccccc4)cc3)n2)cc1,O=P(c1ccccc1)(c1ccccc1)c1ccc2oc3ccc(P(=O)(c4ccccc4)c4ccccc4)cc3c2c1,511.0
4977,CC(C)CCCCN1CCc2c1ccc1c3c(ccc21)C(=O)CCC3,CC#N,489.0
6595,CCN1/C(=C\C2=C([O-])/C(=C/C3=[N+](CC)c4c(ccc5ccc(C)nc45)C3(C)C)C2=O)C(C)(C)c2ccc3ccc(C)nc3c21,C1COCCO1,698.0
10029,c1ccc(C(=C(c2ccccc2)c2ccc(-c3ccc(-c4nc5c(-c6ccc(-c7ccc(C(=C(c8ccccc8)c8ccccc8)c8ccccc8)cc7)cc6)sc(-c6ccc(-c7ccc(C(=C(c8ccccc8)c8ccccc8)c8ccccc8)cc7)cc6)c5nc4-c4ccc(-c5ccc(C(=C(c6ccccc6)c6ccccc6)c6ccccc6)cc5)cc4)cc3)cc2)c2ccccc2)cc1,Cc1ccccc1,637.0
595,CN(C)c1ccc(-c2cc(=O)c3ccccc3o2)cc1,C1CCCCC1,382.3529412
10637,CC(=O)c1c2c(cc3ccc(N(C)C)cc13)CCC2,CS(C)=O,536.0
4625,CN(C)c1ccc2c3c(c(=O)oc2c1)C=c1cc2c(cc1O3)=[N+](CCC(=O)O)CCC2,O,641.0
8380,COC(=O)C(Cc1ccc2oc(-c3ccc4c(c3)c3ccccc3n4-c3ccccc3)nc2c1)NC(=O)OC(C)(C)C,CCCCCC,372.9951511
10614,CC(=O)c1c2c(cc3c(N(C)C)cccc13)CCC2,C1CCCCC1,480.0
2623,O=C1c2ccccc2-c2c(-c3ccccc3O)[nH]c(=O)n21,CC#N,480.0
4572,CC1=C(Cc2ccccc2)C(C)=[N+]2C1=C(C)c1c(C)c(-c3csc(N4CCOCC4)n3)c(C)n1[B-]2(F)F,CCO,538.0
9298,CCC1=C(C)C2=C(c3c(C)cc(C)nc3-c3cccs3)c3c(C)c(CC)c(C)n3[B-](F)(F)[N+]2=C1C,C1CCCCC1,551.0
11515,Cc1ccc(NC(=O)c2sc(Br)nc2C)cc1,CC#N,399.5
231,O=C(O)CC[N+]1=c2cc3c(cc2CCC1)=Cc1c(c2cc4c5c(c2oc1=O)CCCN5CCC4)O3,O,684.0
179,CN(C)c1ccc(/C=C/c2cc(/C=C/c3ccc(N(C)C)cc3)nc(/C=C/c3ccc(C(F)(F)F)cc3)n2)cc1,Cc1ccccc1,486.0
737,C1=C(c2ccc(-c3cccs3)s2)CCCC1,CCO,445.0
11786,CCCCn1c2ccccc2c2ccc3c4cc(-c5ccc6ccccc6c5)ccc4n(CCCC)c3c21,ClC(Cl)Cl,410.0
5851,O=S1(=O)c2ccc(-c3ccc(-n4c5ccccc5c5ccccc54)cc3)cc2C2(c3ccccc3-c3ccccc32)c2cc(-c3ccc(-n4c5ccccc5c5ccccc54)cc3)ccc21,CCCCCC,400.1805869
8982,CC(C)[Si](C#Cc1ccc(C#Cc2c3cc4ccccc4cc3c(C#C[Si](C(C)C)(C(C)C)C(C)C)c3cc4ccccc4cc23)cc1)(C(C)C)C(C)C,ClCCl,668.0
7712,CCOC(=O)c1cc(C(=O)OCC)c2ccc(C)cc2n1,CCO,422.0
9513,c1ccc(-c2nc(-c3ccc(N(c4ccccc4)c4ccccc4)cc3)n3ccccc23)cc1,CO,488.0
7728,CC(C)c1cc(C(C)C)c(B2c3cc(N4c5ccccc5Oc5ccccc54)ccc3N(c3ccccc3)c3ccc(N4c5ccccc5Oc5ccccc54)cc32)c(C(C)C)c1,c1cc(-c2cccc(-n3c4ccccc4c4ccccc43)c2)cc(-n2c3ccccc3c3ccccc32)c1,512.0
5859,CC(C)[Si]1(C(C)C)c2cc(C=C(C#N)C#N)ccc2-c2ccc(N(C)C)cc21,CCOCC,584.0
1321,FC(F)(F)C(F)(F)C(F)(F)C(F)(F)C(F)(F)C(F)(F)CCOc1nnc(Cl)nn1,ClCCl,566.0
1995,C[Si](C)(C)C#CC(C#C[Si](C)(C)C)=Cc1ccc(C=C(C#C[Si](C)(C)C)C#C[Si](C)(C)C)s1,ClC(Cl)Cl,475.0
6408,N#Cc1ccc(-c2cc3c(ccc4sccc43)s2)cc1,ClCCl,413.0
5519,C(=C/c1ccc(-c2ccc(/C=C/c3ccc(-n4c5ccccc5c5ccccc54)cc3)s2)s1)\c1ccc(-n2c3ccccc3c3ccccc32)cc1,CC#N,527.0
9059,N#Cc1cccc2cc[nH]c12,CS(C)=O,391.0
10305,CN(C)c1ccc(/C=C/c2cc[n+](CCC[n+]3ccc(/C=C/c4ccc(N(C)C)cc4)cc3)cc2)cc1,CC(C)O,594.000594
800,CCc1c(C)c2n(c1C)[B-](F)(F)[N+]1=C(C=C3c4ccccc4-c4ccccc43)C=CC1=C2C,C1CCCCC1,612.0
9512,c1ccc(-c2nc(-c3ccc(N(c4ccccc4)c4ccccc4)cc3)n3ccccc23)cc1,CC#N,492.0
2086,F[B-]1(F)n2ccnc2-c2cccc[n+]21,C1CCOC1,353.0
7436,CN(C)c1ccc(/C=C/C(=O)c2ccc(Cl)cc2)cc1,C1CCOC1,516.0
69,C[P+]1(c2ccccc2)c2ccccc2-c2sc3ccccc3c21,CC#N,442.0
6412,CC(C)(C)c1cc(C(C)(C)C)c2oc3c(c2c1)C=CN1C(=O)C2=C4c5oc6c(C(C)(C)C)cc(C(C)(C)C)cc6c5C=CN4C(=O)C2=C31,CN(C)C=O,658.0
8304,N#Cc1ccccc1N,CCO,377.0
5170,CSc1ccc(/C=C/c2cnc3ccccc3n2)cc1,ClCCl,475.0
1680,COc1cccc(C2=CC3=C(c4c(C)cc(C)cc4C)c4cc(-c5cccc(OC)c5)c(-c5cccc(OC)c5)n4[B-](F)(F)[N+]3=C2c2cccc(OC)c2)c1,Cc1ccccc1,636.0
377,CCCCCCCCC1(CCCCCCCC)c2cc3c(cc2-c2sc(-c4ccc(/C=C5\SC(=S)N(CC)C5=O)c5nsnc45)cc21)C(CCCCCCCC)(CCCCCCCC)c1cc(-c2ccc(/C=C4\SC(=S)N(CC)C4=O)c4nsnc24)sc1-3,ClC(Cl)Cl,728.0
1469,COc1ccc(-c2ccc(-c3ccc(C#N)s3)s2)cc1,ClCCl,468.0
2603,COc1cccc(-c2[nH]c(=O)n3c2-c2ccccc2C3=O)c1O,CO,496.0
4181,COc1ccc(-c2nc(-c3cccc(C#N)c3)[nH]c2-c2ccc(OC)cc2)cc1,CO,478.0
9657,Cc1cc(N(C)C)cc(C)c1/C=C/C=C/c1ccc(C#N)cc1,CCCCCC,442.0
4505,Cc1cc(C)c(B2c3cc(C(C)(C)C)ccc3-c3cc4ccccc4c4cc(C(C)(C)C)cc2c34)c(C)c1,C1CCCCC1,420.0
8049,COc1ccc(OC)c(C=O)c1,CCCO,458.0
4230,Cc1n[nH]c2c1C(c1ccc([N+](=O)[O-])cc1)C(C#N)=C(N)O2,CS(C)=O,404.0
3091,CN(C)c1ccc(/C=C/c2nc3c4ccccc4c4ccccc4c3[nH]2)cc1,CCOCC,448.0
2726,O=C1CCCC2=C1CC1=C(CCCC1=O)N2NC(=O)c1ccc(O)cc1,CC(C)=O,432.0
477,CN(C)c1ccc(/C=C/C=C/C=C/c2ccc(N(C)C)cc2)cc1,CCCCCC,461.0
1329,F[B-]1(F)OC(c2ccc3ccccc3c2)=CC(c2ccc3ccccc3c2)=[O+]1,CC#N,510.0
2283,COc1ccc(N2c3cc(OC)ccc3N=c3cc4c(cc32)=Nc2cc(C(C)(C)C)cc(C(C)(C)C)c2O4)cc1,CO,633.0
3732,CC1(C)c2ccccc2N(c2ccc(-c3nnc(-c4ccccc4O)o3)cc2)c2ccccc21,Cc1ccccc1,462.0
11827,NS(=O)(=O)c1ccc(N2N=C(c3ccc(O)cc3)CC2c2ccccc2)cc1,CCOC(C)=O,416.0
751,COc1ccc(C(=Cc2ccc(/C=C(\C#N)c3ccccc3)cc2)c2ccc(OC)cc2)cc1,C1CCOC1,510.0
6148,Cc1cc(C)c(B(c2cc(-c3ccc(N(C)C)cc3)sc2-c2sc(-c3ccc(N(C)C)cc3)cc2P(=O)(c2ccccc2)c2ccccc2)c2c(C)cc(C)cc2C)c(C)c1,CO,645.0
8400,COC(=O)C(Cc1ccc2oc(-c3ccc4c(c3)c3ccccc3n4-c3ccccc3)nc2c1)NC(=O)OC(C)(C)C,OCCO,396.9986899
873,CCc1c(C)c2n(c1C)[B-](F)(F)[N+]1=C(c3ccc[nH]3)c3ccccc3C1=C2,C1CCOC1,631.0
11145,N#Cc1c2nc3ccccn3c2nc2nc3ccccn3c12,C1CCCCC1,485.0
11496,CN(C)c1ccc(-c2nc(C#N)c(C#N)n2C)cc1,C1CCCCC1,375.0
11075,CN1c2ccc(C(=O)c3ccccc3)cc2Sc2cc(C(=O)c3ccccc3)ccc21,ClC(Cl)Cl,545.0
4564,Nc1ccc2nc3c4ccccc4c(=[NH2+])cc-3oc2c1,CCO,619.0
1545,Oc1ccc(/N=C/c2ccccc2Oc2ccccc2)cc1,CCCO,415.0
739,C1=C(c2ccc(-c3cccs3)s2)CCCC1,c1ccncc1,423.0
10493,CCn1c2ccccc2c2cc(C#Cc3cc(C#Cc4ccc5c(c4)c4ccccc4n5CC)nc(OC)n3)ccc21,CCOC(C)=O,442.0
2683,CCN(CC)c1ccc2c(-c3ccc(S(=O)(=O)[O-])cc3S(=O)(=O)[O-])c3ccc(=[N+](CC)CC)cc-3oc2c1,CCO,578.0
9405,CCOC(=O)C1CC(c2c(C#N)c(C)nn2-c2ccccc2)=CN1c1ccc(Br)cc1,CCCCCCC,455.0
11167,COc1c2ccccc2c(OC)c2c1c1c(C)ccc(OC)c1n2C,ClCCl,443.0
5121,Cc1ccc(C2=C3C=CC(/C=C/c4ccccc4)=[N+]3[B-](F)(F)n3c(Cl)ccc32)cc1,CCOC(C)=O,580.0
8114,CN(C)c1cc(C#N)c(N(C)C)c(C#N)c1,CC#N,529.9417064
3518,Cc1ccc(-c2nc3sc4ccccc4c3s2)cc1,CS(C)=O,410.0
5364,CCCCC(CC)Cn1c2ccccc2c2ccc(-c3ccc4c(c3)S(=O)(=O)c3cc(-c5ccc6c7ccccc7n(CC(CC)CCCC)c6c5)ccc3-4)cc21,ClC(Cl)Cl,438.0
2354,N#Cc1c(-n2c3ccccc3c3cc(Br)ccc32)c(C#N)c(-n2c3ccccc3c3cc(Br)ccc32)c(-n2c3ccccc3c3cc(Br)ccc32)c1-n1c2ccccc2c2cc(Br)ccc21,Cc1ccccc1,515.0
10345,COc1cc(/C=C/c2ncc(-c3ccncc3)o2)cc(OC)c1OC,ClCCl,463.0
5787,CC(C)(C)c1ccc(-c2cc3c4c(c2)CCc2cc(-c5ccc(C(C)(C)C)cc5)cc(c2-4)CC3)cc1,CN(C)C=O,386.7914439
773,N#Cc1c(N2CCCCC2)cc(-c2ccc(O)cc2)c2c1-c1cccc3cccc-2c13,C1CCCCC1,527.0
5589,Cc1ccc(C#Cc2ccc3ccc4cccc5ccc2c3c45)cc1,CCCCCC,387.0
10800,Cc1ccc(C2=C3C=CC(c4ccccc4)=[N+]3[B-](F)(F)n3c2ccc3-c2ccccc2)cc1,CCOC(C)=O,583.0
5200,c1cc2ccc3cccc4c(-c5cc(-c6nccs6)nc(-c6nccs6)c5)cc(c1)c2c34,CCCCCC,392.0
9698,O=C(O)CCCc1cc(C#Cc2ccccc2)c2ccc3c(C#Cc4ccccc4)cc(C#Cc4ccccc4)c4ccc1c2c34,ClC(Cl)(Cl)Cl,460.0
641,CCn1c2ccccc2c2cc(-c3cc(-c4ccc5c(c4)c4ccccc4n5CC)nc(N4CCCCC4)n3)ccc21,CCOC(C)=O,409.0
7621,COc1cc(OC)cc(-c2nnc(-c3cc(-c4nnc(-c5cc(OC)cc(OC)c5)o4)cc(-c4nnc(-c5cc(OC)cc(OC)c5)o4)c3)o2)c1,CS(C)=O,475.0
6800,COc1cccc(-n2c(-c3ccc(O)cc3)nc(C)c2C)c1,CC#N,364.0
6187,C(=C/c1ccnc(/C=C/c2ccc(N(c3ccccc3)c3ccccc3)cc2)n1)\c1ccc(N(c2ccccc2)c2ccccc2)cc1,CC#N,546.0
8034,CCCCC(CC)COC(=O)/C=C\c1c(OC)ccc(OC)c1OC,CCCCCC,361.0
4309,Cc1ccc(NC(=O)c2ccc(N(C)C)cc2)cc1,C1CCOC1,532.0
5204,CC1=[N+]2C(=C(c3ccccc3)c3c4c(c(C)n3[B-]2(F)F)C2CCC4CC2)C2=C1C1CCC2CC1,CC#N,543.0
865,CCc1c(C)[nH]c(C2=[N+]3C(=Cc4c(C)c(CC)c(C)n4[B-]3(F)F)c3ccccc32)c1C,Cc1ccccc1,651.0
9193,O=Cc1cc(C=O)c2ccc3c(N4CCCCC4)cc(N4CCCCC4)c4ccc1c2c43,ClCCl,602.0
11732,CN(CC(O)c1cccc(O)c1)c1ccc([N+](=O)[O-])c(C2CC(c3cccc4ccccc34)=NN2c2ccccc2)c1,CC#N,526.0
7410,COc1ccc(/C=C/C(=O)c2ccccc2O)cc1OC,ClC(Cl)Cl,462.0
12124,CCCCCCC(CCCCCC)N1C(=O)c2cccc3c(-c4ccc(OC)cc4)ccc(c23)C1=O,CN(C)C=O,497.2
10640,CC(=O)c1c2c(cc3ccc(N(C)C)cc13)CCC2,ClCCl,510.0
11224,COc1cccc2oc(-c3cc4c(OC)cccc4oc3=O)cc12,CC#N,480.0
8248,COc1cc(C(=O)O)ccc1O,C1COCCO1,330.0
962,CCCCc1ccc(-n2c3c4cc(F)ccc4nc(-c4ccc(OC)cc4)c3c3c2c2c(-c4ccc(OC)cc4)nc4ccc(F)cc4c2n3-c2ccc(CCCC)cc2)cc1,ClC(Cl)Cl,527.0
9095,CCC1(CC)c2cc(C=C(C#N)C#N)ccc2-c2ccc(N(C)C)cc21,c1ccccc1,560.0
8260,CNc1ccc(/C=C/C#N)cc1,ClC(Cl)Cl,404.0
12119,CCCCCCC(CCCCCC)N1C(=O)c2cccc3c(-c4ccc(N(C)C)cc4)ccc(c23)C1=O,ClC(Cl)Cl,578.4
5576,CCN1/C(=C\C=C\C=C\C2=[N+](CC)c3ccc4cc(Br)ccc4c3C2(C)C)C(C)(C)c2c1ccc1cc(Br)ccc21,CCO,705.0
3309,c1ccc(-n2c3ccccc3c3cc(-c4ccn5nc(-c6ccc(-n7c8ccccc8c8ccccc87)cc6)nc5c4)ccc32)cc1,C1CCOC1,389.0
2166,O=c1[nH]c2ccccc2[nH]1,CCCOCCC,310.00062
363,COc1ccc(-c2ccc(-c3ccc(OC)cc3)c3nc(-c4ccccc4)c(-c4ccccc4)nc23)cc1,C1CCOC1,504.0
3723,CC1(C)c2ccccc2N(c2ccc(-c3nnc(-c4ccccc4O)o3)cc2)c2ccccc21,C1COCCO1,479.0
2825,COc1ccc(/N=N/c2c(O)c3ccccc3n(C)c2=O)c(S(=O)(=O)O)c1,CCOC(C)=O,525.0
7157,c1ccc2c[n+]3ccccc3cc2c1,O,404.0
3597,CN(C)CCCN1c2ccccc2Sc2ccccc21,O,452.0
4726,O=C1CCCc2c1[nH]c1cc3c(cc21)OCO3,CCO,437.6250834
546,N#CC1=CC(Br)=CC(C#N)=P1(c1ccccc1)c1ccccc1,ClC(Cl)Cl,519.0
2940,Cn1cccc1-c1cc(C#N)ccc1C#N,CCCCCC,423.0
471,CN(C)c1ccc(/C=C/C=C/C=C/c2ccc(B(O)O)cc2)cc1,C1CCCCC1,470.0
1641,CN1C(=O)c2cccc3c(-n4c5ccccc5c5ccccc54)ccc(c23)C1=O,C1CCOC1,537.0
11255,O=c1oc2ccccc2cc1-c1cc2ccccc2o1,CS(C)=O,450.0
3338,CC(C)CCCCN1CCc2c1ccc1c3c(ccc21)CCCC3=O,CCOC(C)=O,586.0
5516,CCCCCCC1(CCCCCC)c2ccccc2-c2ccc(-c3ccc4c(c3)S(=O)(=O)c3cc(-c5ccc6c(c5)C(CCCCCC)(CCCCCC)c5ccccc5-6)ccc3-4)cc21,ClC(Cl)Cl,427.0
1172,COc1ccc(/C=N/c2cc(C(C)C)c(O)cc2C)cc1,ClCCl,413.0
7199,CCCCCCCCN1c2ccc(C#Cc3ccc(C(F)(F)F)cc3)cc2Sc2cc(C=O)ccc21,CS(C)=O,539.0
5273,COC(=O)c1c2ccccc2nc2ccccc12,CCO,432.0
5376,COC(=O)C1=C(C(=O)OC)C2=C[C@H]3c4ccccc4[C@]2(S1)c1ccccc13,CO,500.0
10530,COc1nc(Nc2ccc3c4c(cccc24)C(=O)c2ccccc2-3)nc(OC)n1,CC#N,554.0166205
7201,CCCCCCCCN1c2ccc(C#Cc3ccc(C(F)(F)F)cc3)cc2Sc2cc(C=O)ccc21,ClC(Cl)Cl,535.0
6884,COc1cc(OC)cc(C2=[O+][B-](F)(F)OC(c3ccc4cc(OC)ccc4c3)=C2)c1,CC(C)=O,533.3188045
6627,CC(C)=CC(=O)c1cc2c(cc1F)NC(C)(C)CC2=O,CC#N,422.0
8250,COc1cc(C(=O)O)ccc1O,CC(C)(C)O,340.0
10483,Cc1c2ccncc2c(C)c2c1[nH]c1ccccc12,CS(C)=O,428.0
1410,COc1cc(/C=C2/SC(=O)NC2=O)cc(OC)c1O,CO,437.0
7261,COc1ccc(/C=C/c2cc[n+]3ccc(/C=C/c4ccc(OC)cc4)cc3c2)cc1,CO,540.0
6507,CN(C)c1ccc(-c2nc3c(c4c2-c2ccc(C#N)cc2CC4)-c2ccc(C#N)cc2CC3)cc1,CC#N,505.0
5587,CCN1/C(=C\C=C\C=C\C2=[N+](CC)c3ccc4ccccc4c3C2(C)C)C(C)(C)c2c1ccc1ccccc21,CS(C)=O,705.0
9123,Nc1ccc2c(c1)Cc1ccccc1-2,CCO,368.0
2694,CN(C)c1ccc2c(-c3ccc(Br)cc3)c3ccc(=[N+](C)C)cc-3oc2c1,CCO,579.0
815,CCn1c2ccccc2c2cc(-c3cc(-c4ccc5c(c4)c4ccccc4n5CC)nc(-c4ccccc4)n3)ccc21,ClCCl,405.0
2131,COc1ccc2cc(C#Cc3ccc([N+](=O)[O-])cc3)ccc2c1,C1CCOC1,533.0
1797,CC(C)(C)c1ccc(-c2nc3c4ccccc4c4ccccc4c3n2-c2ccc(C(C)(C)C)cc2)cc1,CCOC(C)=O,390.0
4575,CC1=C(Cc2ccccc2)C(C)=[N+]2C1=C(C)c1c(C)c(-c3csc(N4CCOCC4)n3)c(C)n1[B-]2(F)F,CO,539.0
5190,COc1cc(OC)cc(-c2nnc(-c3cccc(-c4nnc(-c5cc(OC)cc(OC)c5)o4)c3)o2)c1,CCO,391.0
3122,CSc1sc(C(N)=O)c2nnn(C)c(=O)c12,C1CCOC1,496.0
5365,Cc1cccc(C)c1-c1cc2c(C)c3c4ccc5nc6c(ccc7c8c(C)c9cc(-c%10c(C)cccc%10C)c(-c%10c(C)cccc%10C)cc9c(C)c8c76)nc5c4c3c(C)c2cc1-c1c(C)cccc1C,ClC(Cl)Cl,670.0
6663,COc1cc2c3cc(OC)c(OC)cc3c3cc4c(C)cc(=O)oc4cc3c2cc1OC,CS(C)=O,519.0
4275,O=[N+]([O-])c1ccc(-n2c3ccccc3c3c2c2ccccc2n3-c2ccccc2)cc1,Cc1ccccc1,660.0
11340,Cc1ccc(N(c2ccc(C)cc2)c2ccc(-c3ccc4c(c3)C(=O)c3ccccc3C4=O)cc2)cc1,Cc1ccccc1,635.0
3089,CN(C)c1ccc(/C=C/c2nc3c4ccccc4c4ccccc4c3[nH]2)cc1,CC1CCCCC1,430.0
6827,COc1cc(N(c2ccc(C=C(C#N)C#N)c(OC)c2)c2ccc(C=C(C#N)C#N)c(OC)c2)ccc1C=C(C#N)C#N,C1COCCO1,521.0
10385,c1cc(-c2ccc3sc4ccccc4c3c2)cc(-c2cc(-c3cccc(-c4ccc5sc6ccccc6c5c4)c3)ncn2)c1,ClCCl,411.0
12242,C1CCN2CCCn3c2c(c2c3=NCCN=2)C1,CS(C)=O,473.0
7534,CCOC(=O)C1=CN(c2ccccc2)C=C(C(=O)OCC)C1c1ccccc1,C1CCOC1,412.0
5253,c1cc2ccc3ccc4cc3c2cc1CCCCCCc1ccc2ccc3ccc-4cc3c2c1,Cc1ccccc1,376.0
237,CCC1(CC)c2ccccc2-c2c1c1c(c3c2C(CC)(CC)c2cc(B(c4c(C)cc(C)cc4C)c4c(C)cc(C)cc4C)ccc2-3)C(CC)(CC)c2cc(B(c3c(C)cc(C)cc3C)c3c(C)cc(C)cc3C)ccc2-1,CCCCCC,378.0
1532,Oc1ccccc1/N=C/c1ccccc1Oc1ccccc1,OCCO,415.0
11543,c1ccc2nc3cccc(-c4ccc(-n5c6ccccc6c6ccccc65)cc4)c3cc2c1,CCOC(C)=O,460.0
5756,CCC[n+]1ccc(/C=C/c2ccc(N(C)C)cc2)cc1,CCCCO,576.0
3410,O=C1c2cccc3c(NCc4ccccn4)c4ccccc4c(c23)C(=O)N1Cc1ccccn1,C1CCOC1,609.0
2831,Cn1c(=O)c(/N=N/c2cc(S(=O)(=O)O)ccc2S(=O)(=O)O)c(O)c2ccccc21,Cc1ccccc1,490.0
11159,COc1ccc2c3c(OC)c4ccccc4c(OC)c3n(C)c2c1,ClCCl,411.0
1535,Oc1ccc(/N=C/c2ccccc2Oc2ccccc2)cc1,CC#N,424.0
3879,C[N+](C)=c1ccc2c(-c3c(F)c(F)c(F)c(F)c3C(=O)O)c3ccc4cc(O)ccc4c3oc-2c1,O,603.0
5302,CCCCCCCCn1cc(-n2c(-c3cc(-c4nc5ccc(C)cc5n4-c4cn(CCCCCCCC)nn4)cc(-c4nc5ccc(C)cc5n4-c4cn(CCCCCCCC)nn4)c3)nc3ccc(C)cc32)nn1,C1CCOC1,382.5
9376,Cc1oc2c(Cl)cc3c(C)cc(=O)oc3c2c1C,C1CCCCC1,403.0
1299,N#Cc1cc(-n2c3ccccc3c3ncccc32)c(-n2c3ccccc3c3ncccc32)cc1C#N,CC#N,520.4651163
5484,Cc1cc(C)c(B(c2c(C)cc(C)cc2C)c2cc3cc(N(C)C)c4ccccc4c3c3c2ccc2ccccc23)c(C)c1,C1CCCCC1,509.0
9285,CCCCc1c2ccccc2c(-c2ccc(-c3nc4cc(CC(NC(=O)OC(C)(C)C)C(=O)OC)ccc4o3)cc2)c2ccccc12,CCOC(C)=O,425.9996081
1480,COc1cc(OC)cc(-c2ccc(-c3ccc(C#N)s3)s2)c1,CS(C)=O,452.0
2793,CCCCCCOc1ccc(C#Cc2ccc(C#Cc3ccc(OCCCCCC)c(OCCCCCC)c3)c3nsnc23)cc1OCCCCCC,ClCCl,577.0
7313,CN(C)c1cccc2c1ccc1c(=O)oc(-c3ccc(C(F)(F)F)cc3)cc12,CCOC(C)=O,578.0
11991,Cc1c2oc3c(C)c(N)cc(C(=O)NC4OC(=O)C(C(C)C)N(C)C(=O)CN(C)C(=O)C5CCCN5C(=O)C(C(C)C)NC4=O)c3nc-2c(C(=O)NC2OC(=O)C(C(C)C)N(C)C(=O)CN(C)C(=O)C3CCCN3C(=O)C(C(C)C)NC2=O)c(N)c1=O,CCN(CC)CC,597.7715078
5091,Oc1cc2c(cc1-c1nc3c4ccccc4c4ccccc4c3[nH]1)c1ccccc1n2-c1ccccc1,CO,485.0
2329,Cc1cc2c(o1)=CC1=Cc3cc4oc(C)cc4n3[B-](F)(F)[N+]=21,ClC(Cl)Cl,583.0
5948,CC(C)c1cc(C(C)C)c(-c2nnc(-c3ccc(-n4c5ccccc5c5ccccc54)cc3)o2)c(C(C)C)c1,Cc1ccccc1,377.0
5662,CCCCCCCCCCCCN1C(=O)c2c(c3ccc4cc(-c5ccc(N(C)C)cc5)c(OC)cc4c3c3c2ccc2cc(-c4ccc(N(C)C)cc4)c(OC)cc23)C1=O,ClCCl,620.0
6954,COCCOCCOCCOc1ccc(/C=C/C2=[N+]3C(=C(c4cc(OC)cc(OC)c4)c4c(C)c(I)c(/C=C/c5ccc(OCCOCCOCCOC)cc5)n4[B-]3(F)F)C(C)=C2I)cc1,CS(C)=O,695.0
11083,F[B-]1(F)OC(c2ccccc2)=Cc2ccc3ccccc3[n+]21,ClCCl,441.0
3661,CN(CCO)c1ccc(/C=C/C2=C(C#N)C(C(C#N)C#N)OC2(C)C)cc1,CCOC(C)=O,628.0
555,CCCCN1C(=O)C(=C/C=C/C=C/C=C2N(CCCC)c3ccccc3N2CCCC)C(=O)N(CCCC)C1=S,ClCCl,697.0
4825,CCc1c(C)c2n(c1C)[B-](F)(F)[N+]1=C(NCc3ccc(OC)cc3)C(SC#N)=CC1=C2C,CCOC(C)=O,586.0
1163,COc1ccc(/C=N/c2cc(C(C)C)c(O)cc2C)cc1,CC(C)O,413.0
7507,CN(C)c1ccc(/C=C/c2cc[n+](CCCCCCCCCCCC[n+]3ccc(/C=C/c4ccc(N(C)C)cc4)cc3)cc2)cc1,CC1COC(=O)O1,601.9998435
4715,O=c1oc2ccccc2cc1-c1ccc(-c2cc3ccccc3oc2=O)cc1,Cc1ccccc1,424.0
397,C(S/C=C/c1ccc(/C=C/SC=C2CCCCCCC2)cc1)=C1CCCCCCC1,ClCCl,424.0
9528,c1ccc(-c2cc(-c3ccc4ccc5c(-c6ccnc(-c7ccccn7)c6)ccc6ccc3c4c65)ccn2)nc1,CC#N,418.0077749
7959,Nc1ccccc1C(=O)O,C1CCCCC1,387.0
10783,COC(=O)C1=C(C(=O)OC)C2(c3cc([N+](=O)[O-])ccc3-c3ccc([N+](=O)[O-])cc32)C2(/C=C/c3ccccc3)c3cc(OC)c(OC)cc3CCN12,ClCCl,495.0
11165,COc1c2ccccc2c(OC)c2c1c1c(C)ccc(OC)c1n2C,CC#N,445.0
7925,F[B-]1(F)OC(c2ccc(C(F)(F)F)cc2)=Cc2c3ccccc3cc[n+]21,ClC(Cl)Cl,464.6
6461,c1ccc2c(c1)Sc1ccccc1N2c1ccc2c(c1)C1(c3ccccc3-c3ccccc31)c1cc(N3c4ccccc4Sc4ccccc43)ccc1-2,Cc1ccccc1,498.0
723,O=Cc1ccc(-c2ccc(C3=CCCCC3)s2)s1,CC#N,485.0
300,CCCCn1c2ccc(C#Cc3cccs3)cc2c2c1c1c3ccc(C#Cc4cccs4)cc3n(CCCC)c1c1c3ccc(C#Cc4cccs4)cc3n(CCCC)c21,C1CCOC1,430.0
10293,O=c1oc2ccccc2cc1-c1nc2ccccc2o1,CC(C)O,444.0
10363,c1ccc(-c2ccc(-c3ccc(N(c4ccccc4)c4ccccc4)cc3)c3nsnc23)cc1,CC(C)=O,619.0
4294,O=C1C=C(Nc2ccccc2)CCC1,CCOC(C)=O,332.0
9213,N#Cc1nc2c(OCc3ccccc3)nc(N)nc2n1Cc1ccccc1,C1COCCO1,362.0
4185,COc1ccc(-c2nc(-c3ccccc3OC)[nH]c2-c2ccc(OC)cc2)cc1,CO,392.0
8951,CCOC(=O)CCCn1c(C(=O)OC)c(C)c2c(=O)n3c(cc21)C(CC)=C(C)C3=O,ClC(Cl)Cl,456.0
6657,CC(=O)c1nc(-c2ccc(N(c3ccccc3)c3ccccc3)cc2)oc1C,ClCCl,448.0
12057,CN(C)c1ccc(/C=C2\CCCC2=O)cc1,CS(C)=O,493.0
3142,FC(F)(F)c1cc2n(n1)[B-]1(c3ccccc3-c3ccccc31)[n+]1ccc3ccccc3c1-2,ClCCl,564.0
6191,C(=C/c1ccnc(/C=C/c2ccc(N(c3ccccc3)c3ccccc3)cc2)n1)\c1ccc(N(c2ccccc2)c2ccccc2)cc1,Cc1ccccc1,470.0
3205,Nc1nc2ccc(F)cc2[n+]([O-])n1,O,526.0
4955,CCCCCCn1c2cc(/C=C/c3ccccc3)ccc2c2ccc(/C=C/c3ccccc3)cc21,ClC(Cl)Cl,414.9377593
4582,CCCCC(CC)Cn1c2cc(C#N)ccc2c2ccc(C#N)cc21,ClCCl,396.0
11098,F[B-]1(F)OC(c2ccc(Br)cc2)=Cc2ccc3ccccc3[n+]21,ClC(Cl)Cl,440.0
11737,CN(CC(O)c1cccc(O)c1)c1ccc([N+](=O)[O-])c(C2CC(c3cccc4ccccc34)=NN2c2ccccc2)c1,Cc1ccccc1,497.0
10847,CCCCCCC1(CCCCCC)c2cc(-c3ccc(-c4ccc(-c5ccc(-c6ccc7c(c6)C(CCCCCC)(CCCCCC)c6cc(-n8c9ccccc9c9ccccc98)ccc6-7)s5)c5nsnc45)s3)ccc2-c2ccc(-n3c4ccccc4c4ccccc43)cc21,ClCCl,611.0
7335,O=C(N/N=C/c1ccccc1O)c1ccc([N+](=O)[O-])cc1,CC(C)=O,427.0
9638,N#Cc1ccc(/C=C/C=C/c2ccccc2)cc1,CN(C)C=O,422.0
1152,Cc1cc(O)c(C(C)C)cc1/N=C/c1ccc(C(F)(F)F)cc1,CS(C)=O,439.0
1212,c1ccc(N(c2ccccc2)c2cc3c4c(c2)N(c2ccccc2)c2cc5c(cc2B4c2ccccc2N3c2ccccc2)B2c3ccccc3N(c3ccccc3)c3cc(N(c4ccccc4)c4ccccc4)cc(c32)N5c2ccccc2)cc1,Cc1ccccc1,468.0
4503,F[B-]1(F)Oc2c(ccc3c4c(ccc23)C=[N+](c2ccccc2)[B-](F)(F)O4)C=[N+]1c1ccccc1,Cc1ccccc1,538.0
10061,COc1ccc(N(c2ccc(OC)cc2)c2cc3ccc4cc(B(c5c(C)cc(C)cc5C)c5c(C)cc(C)cc5C)cc5ccc(c2)c3c45)cc1,C1CCOC1,550.0
11897,CC(C)(C)c1ccc(-c2c3ccccc3c3n2[B-](F)(F)[N+]2=Cc4c5ccccc5c(-c5ccc(C(C)(C)C)cc5)n4[B-](F)(F)[N+]2=C3)cc1,CCCCCC,603.0
8939,CCC1=C(C)C(=O)n2c1cc1c(c(C)c(C(=O)OC)n1C)c2=O,CO,501.0
5427,CCCCCCCCCCCCCCCCCCN1C(=O)c2cccc3c(OCCN(C)C)ccc(c23)C1=O,ClCCl,502.0
7755,CC(C)(C)c1ccc2c(c1)c1cc(C(C)(C)C)ccc1n2-c1cccc(-c2nc(-c3cccc(P(=O)(c4ccccc4)c4ccccc4)c3)nc(-c3cccc(P(=O)(c4ccccc4)c4ccccc4)c3)n2)c1,C1CCOC1,511.9103774
9622,COc1c2ccccc2c(-c2ccccc2)c2ccccc12,C1COCCO1,424.0
665,c1ccc(N2c3ccc4ccccc4c3-c3c4ccccc4nc[n+]3[B-]2(c2ccccc2)c2ccccc2)cc1,CCCCCC,641.0
11043,CCOC(=O)c1ccc(C2CC(c3cccc4ccccc34)=NN2c2ccc(F)cc2)cc1,ClCCl,481.0
642,CCn1c2ccccc2c2cc(-c3cc(-c4ccc5c(c4)c4ccccc4n5CC)nc(N4CCCCC4)n3)ccc21,CN(C)C=O,417.0
11326,Cc1ccc(C2C3=C(CCCC3=O)Nc3c2c(=O)oc2ccccc32)cc1,CS(C)=O,441.0
3767,O=c1[nH]c2[n+](c3ccccc13)[B-](F)(F)Oc1ccccc1-2,Cc1ccccc1,423.0
4272,O=C1OCC2=C1C(c1ccccc1)c1cc3c(cc1N2CCO)CCC3,CCCCCC,387.0
5657,CCCCCCCCCCCCN1C(=O)c2c(c3ccc4cc(-c5ccc(C(F)(F)F)cc5)c(OC)cc4c3c3c2ccc2cc(-c4ccc(C(F)(F)F)cc4)c(OC)cc23)C1=O,ClCCl,522.0
786,Cc1cc(C)c(C)c(-c2ccc3cc(C)c(=O)oc3c2)c1C,CO,394.0
2857,O=C1C2=C3c4sccc4C=CN3C(=O)C2=C2c3sccc3C=CN12,ClC(Cl)Cl,609.0
3202,CC1(C)c2ccccc2N(c2ccc3c(c2)S(=O)(=O)c2cc(N4c5ccccc5C(C)(C)c5ccccc54)ccc2C3(C)C)c2ccccc21,ClCCl,506.0
7257,Brc1ccc(N/C=C/C=[NH+]c2ccc(Br)cc2)cc1,CS(C)=O,497.0
4187,CN(C)c1ccc(C=C2Cc3ccccc3C2=O)cc1,CC#N,534.0
10827,CN(C)c1ccc(C2=Cc3c4ccccc4c4ccccc4[n+]3[B-](F)(F)O2)cc1,CN(C)C=O,571.0
10166,CCCCCCCCCCOc1cc2cc(C#Cc3ccc(/C=C(\C#N)C(=O)O)cc3)c(=O)oc2cc1OCCCCCCCCCC,CC#N,470.0
4824,CCc1c(C)c2n(c1C)[B-](F)(F)[N+]1=C(NCc3ccc(OC)cc3)C(SC#N)=CC1=C2C,CCCCCC,589.0
2905,c1ccc(-p2c3ccccc3c3sc4ccccc4c32)cc1,CCO,421.0
4626,CCOC(=O)CC[N+]1=c2cc3c(cc2CCC1)=Cc1c(c2ccc(N(C)C)cc2oc1=O)O3,CC#N,643.0
9910,COC(C)CC1=N/C(=C\c2cccc(N(C)C)c2)C(=O)N1C,C1CCOC1,569.0
996,CCCCCCN1C(=O)c2cccc3cc(/N=C\c4cnc5ccccc5c4)cc(c23)C1=O,ClC(Cl)Cl,500.0
6357,CCOC(=O)C1c2ccccc2C(=O)N1c1ccc(OC)cc1,CS(C)=O,486.0
8771,CCCCCCCCCCc1csc(/C=N/c2sc(/N=C/c3cc(CCCCCCCCCC)cs3)c(C(=O)OCC)c2C(=O)OCC)c1,CC#N,529.0
7488,COc1ccc(/C=C/c2nc(-c3ccccc3)[nH]c2/C=C/c2ccc(OC)cc2)cc1,ClCCl,490.0
8169,CN(C)CCNc1ccc([N+](=O)[O-])cc1[N+](=O)[O-],CCOC(C)=O,384.0
156,Cn1c(=O)cc(C(=O)c2ccccc2)c2sc(-c3ccc(C(F)(F)F)cc3)cc21,CC#N,517.0
7942,Nc1ccc(O)c(C(=O)[O-])c1,O,493.0
3085,COC(=O)COc1ccc(/C=C/C2=[N+]3C(=C(c4ccc(N5CCCCC5)cc4)c4c(C)cc(C)n4[B-]3(F)F)C(C)=C2)cc1,CO,581.0
8543,C(=C/c1c2ccccc2cc2ccccc12)\c1ccccc1,CC#N,476.0
1552,Oc1ccc(/N=C/c2ccccc2Oc2ccccc2)cc1,Cc1ccccc1,410.0
7642,O=C(c1ccncc1)c1ccc(-n2c3ccc(-n4c5ccccc5c5ccccc54)cc3c3cc(-n4c5ccccc5c5ccccc54)ccc32)cc1,C1CCOC1,532.748538
6951,O=c1c2cc(F)c(N3CCCCC3)cc2oc2cc(N3CCCCC3)c(F)cc12,CCO,457.0
7713,CCOC(=O)c1cc(C(=O)OCC)c2ccc(N(C)C)cc2n1,CCO,541.0
3795,c1ccc(-c2nn(-c3ccccc3)c3nc4ccccc4cc23)cc1,CC#N,478.0114723
495,CN(C)c1ccc(C=C/C=C/C=C/c2ccc(C#N)cc2)cc1,CCOCC,567.0
2321,CN(C)CCN(Cc1c2ccccc2c(CN(CCN(C)C)c2ccc([N+](=O)[O-])cc2[N+](=O)[O-])c2ccccc12)c1ccc([N+](=O)[O-])cc1[N+](=O)[O-],C1CCOC1,419.0
6423,Oc1cc(N(c2ccccc2)c2ccccc2)ccc1-c1nc2c3ccccc3c3ccccc3c2[nH]1,CCCCCC,413.0
11274,COc1cccc2cc(-c3cc4cccc(OC)c4oc3=O)oc12,CS(C)=O,488.0
151,O=C1OC(c2ccccc2)=N/C1=C\c1ccc(N(c2ccc(/C=C3\N=C(c4ccccc4)OC3=O)cc2)c2ccc(/C=C3/N=C(c4ccccc4)OC3=O)cc2)cc1,CC(C)CC(C)(C)C,507.0
7148,CC/[NH+]=c1\cc2oc3cc(NCCO)c4ccccc4c3nc-2cc1C,CCO,643.0
9318,CCN(CC)c1ccc(/C=N/c2cc3ccccc3cc2/N=C/c2ccc(N(CC)CC)cc2O)c(O)c1,CC#N,512.0
6660,CC1(C)c2ccccc2N(c2cc[n+]3c(c2)-c2ccccc2O[B-]3(F)F)c2ccccc21,O=P(c1ccccc1)(c1ccccc1)c1ccccc1Oc1ccccc1P(=O)(c1ccccc1)c1ccccc1,542.0
8384,COC(=O)C(Cc1ccc2oc(-c3ccc4c(c3)c3ccccc3n4-c3ccccc3)nc2c1)NC(=O)OC(C)(C)C,CCCCCCO,385.9960628
1738,CN(C)c1ccc(/C=C/c2nc3ccccc3s2)cc1,C1COCCO1,467.0
3001,O=[N+]([O-])c1ccc([N+]2=Cc3ccc4c5c(ccc4c3O[B-]2(c2ccccc2)c2ccccc2)C=[N+](c2ccc([N+](=O)[O-])cc2)[B-](c2ccccc2)(c2ccccc2)O5)cc1,ClCCl,642.0
10870,COc1ccc(-c2csc(/C(C#N)=C/c3ccncc3)n2)cc1,CCO,559.0
7500,CN(C)c1ccc(/C=C/C=N/N=C/c2ccc3ccc4cccc5ccc2c3c45)cc1,CC(C)(C)O,478.0
6983,c1csc(-c2cnc(-c3cccs3)c3nonc23)c1,OCc1ccccc1,628.0
11034,C[n+]1ccc(/C=C/c2cc[n+](C)cc2)cc1,CC#N,372.0
10754,Fc1c(F)c(F)c2c(c1F)C1=Nc3c4c(F)c(F)c(F)c(F)c4c4n3[B-]3(Cl)n5c(c6c(F)c(F)c(F)c(F)c6c5=N4)=NC2=[N+]13,O=[N+]([O-])c1ccccc1,597.0
2883,Cc1nc(-c2ccccc2)c2ccccn12,O,470.0
3720,CC1(C)c2ccccc2N(c2ccc(-c3nnc(-c4ccccc4)o3)cc2)c2ccccc21,Cc1ccccc1,450.0
10796,F[B-]1(F)n2c(cc(Cl)c2-c2ccccc2)C(c2ccccc2)=C2C=C(Cl)C(c3ccccc3)=[N+]21,C1CCOC1,597.0
10993,COc1cccc2cc(C)c3c4ccccc4n(C)c3c12,ClCCl,380.0
6310,CN(C)c1ccc(/C=C/C(=C(C#N)C#N)c2ccc3c4c(cccc24)CC3)cc1,CO,593.0
5471,c1ccc(N(c2ccccc2)c2ccc(-c3ncnc4ccccc34)cc2)cc1,CS(C)=O,563.0
5965,CCN(CC)c1ccc2cc(/C=C/C(O)=C3\CC/C(=C\c4cc5ccc(N(CC)CC)cc5oc4=O)C3=O)c(=O)oc2c1,C1COCCO1,581.0
7671,Cc1cc(C2=Cc3cccc[n+]3[B-](F)(F)O2)ccc1N(C)C,ClC(Cl)Cl,491.0
2276,COC(=O)c1c(NC(C)(C)C)oc(-c2ccc(-c3ccccc3)cc2)c1C(=O)OC,CC#N,446.0
4823,CCc1c(C)c2n(c1C)[B-](F)(F)[N+]1=C(NCc3ccc(OC)cc3)C(SC#N)=CC1=C2C,CC#N,582.0
4704,CCCN1/C(=C/C=C(/C=C/C2=[N+](CCC)c3ccccc3C2(C)C)c2cc[n+](C)cc2)C(C)(C)c2ccccc21,CO,658.0
4461,CCCCCCOc1ccc(/C=C/c2ccc(N(c3ccc(/C=C/c4ccc(OCCCCCC)cc4)cc3)c3ccc(-c4nc5ccccc5nc4-c4ccc(N(c5ccc(/C=C/c6ccc(OCCCCCC)cc6)cc5)c5ccc(/C=C/c6ccc(OCCCCCC)cc6)cc5)cc4)cc3)cc2)cc1,C1CCOC1,518.0
343,CCCCN(CCCC)c1ccc(C#Cc2cc(C#Cc3ccc(C#N)cc3)c(C#Cc3ccc(N(CCCC)CCCC)cc3)cc2C#Cc2ccc(C#N)cc2)cc1,ClCCl,563.0
6301,CCn1c2ccccc2c2cc(/C=C/c3cc(/C=C/c4ccc5c(c4)c4ccccc4n5CC)ncn3)ccc21,ClCCl,492.0
4136,CCCN1/C(=C\c2c(-c3ccc(N(C)C)cc3)c(=O)c2=O)C=Cc2ccccc21,Cc1ccccc1,435.0
8846,F[B-]1(F)n2c(/C=C/c3ccc(C(=C(c4ccccc4)c4ccccc4)c4ccccc4)cc3)ccc2C(c2ccc(C(=C(c3ccccc3)c3ccccc3)c3ccccc3)cc2)=C2C=CC(/C=C/c3ccc(C(=C(c4ccccc4)c4ccccc4)c4ccccc4)cc3)=[N+]21,C1CCOC1,685.0
6346,COc1ccc(N2C(=O)c3ccccc3C2C(=O)OC(C)(C)C)cc1OC,CO,468.0
6421,CC(C)(C)c1ccc2c(c1)c1cc(C(C)(C)C)cc3c1n2B1c2c-3cccc2-c2cc(C(C)(C)C)cc3c4cc(C(C)(C)C)ccc4n1c23,C1CCOC1,384.0
2223,F[B-]1(F)n2c(nc(-c3ccccc3)c2-c2ccccc2)-c2cccc[n+]21,C1CCCCC1,517.0
4196,CCOC(=O)c1ccccc1-c1c2ccc(=[N+](CC)CC)cc-2oc2c1c(=O)oc1c3c4c(cc12)CCCN4CCC3,ClC(Cl)Cl,669.0
7926,COc1ccc(C2=Cc3c4ccccc4cc[n+]3[B-](F)(F)O2)cc1,ClC(Cl)Cl,478.2
8061,COC(=O)/C=C/C=C/c1ccc(N(C)C)cc1,CCCCCC,424.0
8510,c1ccc2c(c1)c1ccccc1n2-c1ccc(-c2nnc(-c3ccc(-n4c5ccccc5c5ccccc54)cc3)o2)cc1,Cc1ccccc1,386.0
5081,CCCCCCCCCCOc1cc(OCCCCCCCCCC)cc(C2=C3C(/C=C/c4ccc(OC)cc4)=CC(/C=C/c4ccc(OC)cc4)=[N+]3[B-](F)(F)n3c(/C=C/c4ccc(OC)cc4)cc(C=Cc4ccc(OC)cc4)c32)c1,ClC(Cl)Cl,710.0
7370,CCN(CC)c1ccc2cc(-c3nc4cc(C(=O)Nc5ccccc5)ccc4o3)c(=O)oc2c1,ClCCl,495.0
6723,COC(=O)c1ccc2c3ccc(C(=O)OC)c4c(C(=O)OC)ccc(c5ccc(C(=O)OC)c1c25)c43,ClC(Cl)Cl,478.0
11198,C[Si](C)(C)[Si](c1ccc(-c2ccc(-c3ccc(-c4ccc([Si]([Si](C)(C)C)([Si](C)(C)C)[Si](C)(C)C)s4)s3)s2)s1)([Si](C)(C)C)[Si](C)(C)C,ClCCl,511.0
4734,Cc1ccc(-c2cc(-c3ccccc3)c(C#N)c(=S)[nH]2)cc1,CCCO,490.0
6856,COc1ccc(N(c2ccccc2)c2ccccc2)cc1,Cc1ccccc1,373.0
1465,COc1ccc(-c2ccc(-c3ccc(C#N)s3)s2)cc1,CO,476.0
4593,COc1cc2c(cc1C=C(C#N)C#N)c1ccccc1n2C,Cc1ccccc1,457.0
2234,CC1=[N+]2C(=C(c3ccc(N4CCOCC4)cc3)c3ccc(C)n3[B-]2(F)F)C=C1,Cc1ccccc1,524.0
8695,CNC1=C2C=CC=[N+]2[B-](F)(F)n2cccc21,CCOC(C)=O,444.5
3903,COc1cc2c3c4c(c5ccc(C(C)(C)C)cc5c5c(OC)cc(OC)c(c2c(OC)c1OC)c45)=[N+]1C3=Nc2c3c4cc(OC)c(OC)c(OC)c4c4c(OC)cc(OC)c5c6cc(C(C)(C)C)ccc6c(c3c54)n2[B-]1(F)F,Cc1ccccc1,907.0
283,COc1ccc(C2=Cc3cc4ccccc4cc3P2(=O)c2ccccc2)cc1,ClCCl,448.0
11355,COc1ccc(N(c2ccc(OC)cc2)c2ccc(-c3ccc4c(c3)C(=O)c3ccccc3C4=O)cc2)cc1,CCCCCC,571.0
10409,Cc1cc(C)c(C2=C3C=CC(c4ccc5ccccc5c4)=[N+]3[B-](F)(F)n3c2ccc3-c2ccc3ccccc3c2)c(C)c1,ClC(Cl)Cl,618.0
10510,CCn1c2ccccc2c2cc(C#Cc3cc(C#Cc4ccc5c(c4)c4ccccc4n5CC)ncn3)ccc21,Cc1ccccc1,411.0
8425,O=CC1=C(c2ccc(-c3cccs3)s2)CC1,CCO,516.0
7584,O=C(c1ccc(N(c2ccccc2)c2ccccc2)cc1)[C@H]1[C@H](c2ccccc2)C[C@](O)(c2ccccn2)C[C@]1(O)c1ccccn1,ClCCl,516.0
4151,Cc1ccc(C2=C3C=CC([Te]c4ccccc4)=[N+]3[B-](F)(F)n3c([Te]c4ccccc4)ccc32)cc1,C1CCOC1,659.0
8753,CC1=C2C=CC=[N+]2[B-](F)(F)n2cccc21,CO,503.0
9786,CC1=CC(/C=C/c2ccc(N(C)C)cc2)=[N+]2C1=C(c1ccc(C#CCO[C@@H]3O[C@H](CO)[C@@H](O)C(O)[C@H]3O)cc1)c1c(C)cc(/C=C/c3ccc(N(C)C)cc3)n1[B-]2(F)F,CC#N,770.0
2121,CC(C)(C)c1ccc2oc(-c3ccc(-c4nc5cc(C(C)(C)C)ccc5o4)s3)nc2c1,CN(C)C=O,434.0
11910,COc1ccc(-c2c3ccccc3c3n2[B-](F)(F)[N+]2=Cc4c5ccccc5c(-c5ccc(OC)cc5)n4[B-](F)(F)[N+]2=C3)cc1,ClCCl,614.0
5012,Cc1ccccc1C1=C2C=c3c(oc4ccc(F)cc34)=[N+]2[B-](F)(F)n2c1cc1c3cc(F)ccc3oc12,C1CCCCC1,590.0
9445,CC(C)(C)c1ccc(-c2nc3c4ccc(-c5ccc6ccccc6c5)cc4c4cc(-c5ccc6ccccc6c5)ccc4c3n2-c2ccc(C(C)(C)C)cc2)cc1,C1COCCO1,397.0
6252,CN(C)c1ccc2cc3c(cc2c1)OCCN=C3,CCOC(C)=O,426.0
3161,Oc1ccccc1-c1nc(-c2ccccc2)c2ccccn12,CO,474.0
2630,COC(=O)c1ccc(O)c(-c2[nH]c(=O)n3c2-c2ccccc2C3=O)c1,CO,491.0
7341,O=C(N/N=C/c1ccccc1O)c1ccccc1,CC#N,373.0
10432,CC(C)CCCN1c2ccccc2CCc2ccccc21,CC#N,352.0
8196,COCCOCCOc1ccc(OCCOCCOC)c(C=O)c1,CO,468.0
10995,N#CC(C#N)=Cc1ccc2c(c1)[nH]c1c3ccccc3ccc21,Cc1ccccc1,517.0
1203,CC(=O)O[B-]1(OC(C)=O)OC(/C=C/C=C/c2ccccc2)=CC(/C=C/C=C/c2ccccc2)=[O+]1,ClC(Cl)Cl,543.0
8318,N#CC(C#N)=C(/C=C/c1ccc(N(c2ccccc2)c2ccccc2)cc1)c1ccccc1,ClC(Cl)Cl,619.0
616,CC(C)(C)c1ccc2c(c1)c1cc(C(C)(C)C)ccc1n2-c1cccc(-c2nc(-c3cccc(-n4c5ccc(C(C)(C)C)cc5c5cc(C(C)(C)C)ccc54)c3)nc(-c3cccc(P(=O)(c4ccccc4)c4ccccc4)c3)n2)c1,C1CCOC1,514.4050104
1926,O=C1Nc2ccccc2/C1=C/C(=O)c1ccc(O)cc1,C1COCCO1,399.0
3114,ClB1c2ccccc2Nc2ccccc21,ClCCl,379.0
2641,c1ccc2nc3c(nc2c1)c1c2n3CCCN2CCCC1,CCCCCC,470.0
10988,COc1ccc(/C=C/C2=[O+][B-](F)(F)OC(/C=C/c3ccc(OC)c4ccccc34)=C2c2ccccc2)c2ccccc12,ClCCl,633.0
2562,CC1=C(C#Cc2ccc([Si](c3ccccc3)(c3ccccc3)c3ccccc3)cc2)C(C)=[N+]2C1=C(c1ccccc1)c1c(C)c(C#Cc3ccc([Si](c4ccccc4)(c4ccccc4)c4ccccc4)cc3)c(C)n1[B-]2(F)F,ClCCl,600.0
6161,COc1ccc(C2=N/C(=C\c3ccccc3)C(=O)O2)cc1OC,C1COCCO1,447.0
2728,O=C1CCCC2=C1CC1=C(CCCC1=O)N2NC(=O)c1ccc(O)cc1,CO,449.0
5803,C(=C/c1ccncn1)\c1ccc(N(c2ccccc2)c2ccc(/C=C/c3ccncn3)cc2)cc1,ClCCl,555.0
9728,C(#Cc1c2ccccc2c(-c2ccccc2)c2cc3ccccc3cc12)c1ccccc1,ClCCl,541.0
2126,CCCCCCCCOc1ccc(-c2c3c4n(c(-c5ccc(OCCCCCCCC)cc5)c3c3n2[B-](F)(F)[n+]2c(ccc5cc(C(C)(C)C)ccc52)C=3C#N)[B-](F)(F)[n+]2c(ccc3cc(C(C)(C)C)ccc32)C=4C#N)cc1,ClC(Cl)Cl,773.0
8948,CCOC(=O)CCCn1c(C(=O)OC)c(C)c2c(=O)n3c(cc21)C(CC)=C(C)C3=O,C1CCCCC1,434.0
10098,CCN(CC)c1ccc(/C=C/c2cc(/C=C/c3ccc(N(CC)CC)cc3)nc(N)n2)cc1,Cc1ccccc1,468.0
7111,CCOC(=O)CCOc1ccc(C(c2c(C)[nH]c3ccccc23)c2c(C)[nH]c3ccccc23)cc1,O,350.0
7465,O=c1c2cc(Br)ccc2nc2n1[B-](F)(F)[n+]1ccccc1-2,CC#N,440.0
805,CCn1c2ccccc2c2cc(-c3cc(-c4ccc5c(c4)c4ccccc4n5CC)nc(-c4ccc(C#N)cc4)n3)ccc21,ClCCl,417.0
4694,Cn1c(=O)c(/N=N/c2ccc(S(=O)(=O)O)c3ccccc23)c(O)c2ccccc21,ClCCl,541.0
9511,c1ccc(-c2nc(-c3ccc(N(c4ccccc4)c4ccccc4)cc3)n3ccccc23)cc1,C1CCCCC1,462.0
6315,CC(C)(C)c1ccc2c(c1)c1cc(C(C)(C)C)ccc1n2-c1ccc(C#Cc2cccc(C#Cc3ccc(-n4c5ccc(C(C)(C)C)cc5c5cc(C(C)(C)C)ccc54)cc3)c2)cc1,CCCCC,359.0
3140,FC(F)(F)c1cc2n(n1)[B-]1(c3ccccc3-c3ccccc31)[n+]1ccc3ccccc3c1-2,C1CCCCC1,490.0
4280,CC(C)(C)C1Nc2ccccc2C(=O)N1c1ccccc1,CO,449.0
5338,CCCCC(CC)Cn1c2cc(C#N)ccc2c2cc(-c3ccc(N(c4ccccc4)c4ccccc4)cc3)c(C#N)cc21,CCOC(C)=O,463.0
9251,COc1coc2cc(-c3ccc(N(C)C)cc3)ccc2c1=O,C1CCOC1,470.0
566,COc1ccc(C2=[N+]3C(=Nc4c(-c5cc(OC)c(OC)c(OC)c5)c(Br)c(-c5ccc(OC)cc5)n4[B-]3(F)F)C(c3cc(OC)c(OC)c(OC)c3)=C2Br)cc1,Cc1ccccc1,723.0
11833,COc1ccc(C2CC(c3ccc(O)cc3)=NN2c2ccc(S(N)(=O)=O)cc2)cc1,C1CCOC1,417.0
547,N#CC1=CC(C=O)=CC(C#N)=P1(c1ccccc1)c1ccccc1,ClC(Cl)Cl,463.0
26,c1ccc2c(-c3ccc(-c4nnc(-c5ccc(-c6nnc(-c7ccc(-c8cccc9ccccc89)s7)o6)cc5)o4)s3)cccc2c1,ClC(Cl)Cl,410.0
7469,O=c1c2cc(F)ccc2nc2n1[B-](F)(F)[n+]1ccccc1-2,CC#N,437.0
3918,c1ccc(-c2nc(-c3ccccc3)nc(-c3ccc(-n4c5ccccc5c5c6c(ccc54)C4(c5ccccc5-c5ccccc54)c4ccccc4-6)cc3)n2)cc1,Cc1ccccc1,444.0
4486,COc1ccc(-n2nc(C#N)c(N3CCCC3)n2)cc1,CC#N,418.0
10063,COc1ccc(N(c2ccc(OC)cc2)c2cc3ccc4cc(B(c5c(C)cc(C)cc5C)c5c(C)cc(C)cc5C)cc5ccc(c2)c3c45)cc1,CCCCCC,458.0
5398,O=[N+]([O-])c1ccc(/C=C/c2c[nH]c3ccccc23)cc1,CCCCCCC,511.0
8475,CN(C)c1ccc(/C=C/C=C2\CC/C(=C\c3ccc(N(C)C)cc3)C2=O)cc1,CCOC(=O)c1ccccc1,604.0
6064,CN(C)c1ccc(C#Cc2ccccc2)cc1,CCCCCCCCCCCCCCCC,346.981263
1221,COc1ccc(-c2cc(-c3ccc(C)cc3)c(C#N)c(OC)n2)cc1,CN(C)C=O,409.0
7532,Cc1c(-c2ccc(N3c4ccccc4C(C)(C)c4ccccc43)cc2)ncnc1-c1ccc(N2c3ccccc3C(C)(C)c3ccccc32)cc1,Cc1ccccc1,477.0
2548,CN(C)c1ccc2c3c(ccc2c1)C(=O)CCC3,C1CCCCC1,407.0
11609,Nc1ccc2c(C(F)(F)F)cc(=O)oc2c1,C1COCCO1,442.0
437,Cc1ccc(-c2ccc(/C=C/c3ccc([N+](=O)[O-])cc3)cn2)nc1,CC#N,551.0
6586,Cc1ccc2ccc3c(c2n1)N/C(=C\C1=C([O-])/C(=C/C2=[NH+]c4c(ccc5ccc(C)nc45)C2(C)C)C1=O)C3(C)C,C1COCCO1,708.0
10372,O=C(N/N=C/c1ccccc1O)c1cc2ccccc2cc1O,CC#N,360.0
8763,c1ccc(-c2nn(-c3ccccc3)c3nc4ccc(N(c5ccccc5)c5cccc6ccccc56)cc4cc23)cc1,C1CCCCC1,484.7309743
1861,COc1ccc(C(=O)/C=C2\C(=O)Nc3ccccc32)c(OC)c1,CCCCO,411.0
2699,CCCCOC(=O)c1ccccc1-c1c2ccc(=[N+](CC)CC)cc-2oc2cc(N(CC)CC)ccc12,CC#N,581.0
8559,CN(C)c1ccc2c(c1)C(=O)NC2=O,CC(C)=O,483.0
9215,N#Cc1nc2c(OCc3ccccc3)nc(N)nc2n1Cc1ccccc1,CO,382.0
2481,Cc1cc(C)c(C2=C3C=c4c(c5ccc(C(C)(C)C)cc5c5cc(C(C)(C)C)ccc45)=[N+]3[B-](F)(F)n3c2cc2c4ccc(C(C)(C)C)cc4c4cc(C(C)(C)C)ccc4c23)c(C)c1,Cc1ccccc1,715.0
6014,CC[N+](CC)=c1ccc2c(C(F)(F)F)c3oc4cc(N)ccc4c3oc-2c1,O,707.0
10334,C[N+]1=c2ccc3c(c2C(C)(C)CC1)Oc1cc2c(cc1C=3c1ccccc1C(=O)O)C(c1ccccc1C(=O)O)=c1ccc3c(c1O2)C(C)(C)CC[N+]=3C,ClC(Cl)Cl,640.0
2706,COc1ccc(C(=O)NN2C3=C(CC4=C2CCCC4=O)C(=O)CCC3)cc1,CC#N,434.0
6601,CCN1/C(=C\C2=C([O-])/C(=C/C3=[N+](CC)c4c(ccc5ccc(C)nc45)C3(C)C)C2=O)C(C)(C)c2ccc3ccc(C)nc3c21,ClC(Cl)Cl,702.0
326,Cc1ccc(C2=C3C=CC(C#Cc4ccccc4)=[N+]3[B-](F)(F)n3c(C#Cc4ccccc4)ccc32)cc1,CCOC(C)=O,621.0
5135,CCN(CC)c1ccc(C2=C3C(C)=CC(/C=C/c4ccc(OCC(=O)OC)cc4)=[N+]3[B-](F)(F)n3c(C)cc(C)c32)cc1,CO,581.0
5325,CC(C)(C)c1ccc(-c2c(-c3ccc(N(c4ccccc4)c4ccccc4)cc3)c(C#N)c(-c3ccc(N(c4ccccc4)c4ccccc4)cc3)c(-c3ccc(C(C)(C)C)cc3)c2-c2ccc(C(C)(C)C)cc2)cc1,C1CCOC1,443.0
2499,COc1ccc2c(c1)c1c(c3cc(OC)ccc32)=[N+]2C(=C(c3c(C)cc(C)cc3C)c3cc4c5cc(OC)ccc5c5ccc(OC)cc5c4n3[B-]2(F)F)C=1,CC#N,711.0
1004,CCN(CC)c1ccc2cc(/C=C/C3=C4CC/C(=C\c5cc6ccc(N(CC)CC)cc6oc5=O)C4=[O+][B-](F)(F)O3)c(=O)oc2c1,ClC(Cl)Cl,706.0
6385,COc1cccc(C2=C(c3ccc(C(C)(C)C)cc3)C(c3ccc(C(C)(C)C)cc3)=[N+]3C2=C(c2ccccc2)c2c(-c4cccc(OC)c4)c(-c4ccc(C(C)(C)C)cc4)c(-c4ccc(C(C)(C)C)cc4)n2[B-]3(F)F)c1,C1CCCCC1,636.0
6829,COc1cc(N(c2ccc(C=C(C#N)C#N)c(OC)c2)c2ccc(C=C(C#N)C#N)c(OC)c2)ccc1C=C(C#N)C#N,CC(C)=O,557.0
4011,C#Cc1ccc(C#Cc2cnc(C#Cc3ccccc3)nc2)cc1,C1CCCCC1,415.0
10959,CCN(CC)c1ccc2cc(-c3ccc(S(C)(=O)=O)cc3)oc(=O)c2c1,CCOC(C)=O,465.0
534,CN(C)c1ccc(/C=C/c2cc[n+](CCCCC[n+]3ccc(/C=C/c4ccc(N(C)C)cc4)cc3)cc2)cc1,CC(C)=O,603.9996859
7958,Nc1ccccc1/C=C/C(F)(F)F,C1CCOC1,427.0
3960,COC(=O)C(NC(=O)OC(C)(C)C)c1ccc2oc(-c3ccc(N(C)C)cc3OC)nc2c1,CC1CCCCC1,363.0
585,CC(C)(C)c1ccc(C2=CC(c3ccccc3)=[N+]3C2=Nc2c(-c4ccc(C(C)(C)C)cc4)cc(-c4ccccc4)n2[B-]3(F)F)cc1,ClC(Cl)Cl,680.0
12130,CCCCCCC(CCCCCC)N1C(=O)c2cccc3c(-c4ccc([Si](C)(C)C)cc4)ccc(c23)C1=O,CCCCO,434.2
8531,CC(=O)Nc1ccc(C2=C/C(=C\c3ccc(C#N)cc3)C(=O)O2)cc1,C1COCCO1,521.0
11429,CCn1c2ccccc2c2cc(/C=C3\C(=O)c4ccccc4S3(=O)=O)ccc21,ClCCl,535.0
8836,C(=C/c1ccncn1)\c1ccc(N(c2ccccc2)c2ccccc2)cc1,CS(C)=O,550.0
8295,N#Cc1cccc(N)c1,CCO,384.0
491,CN(C)c1ccc(C=C/C=C/C=C/c2ccc(C#N)cc2)cc1,CCCC#N,640.0
7356,CC(C)(C)c1cc(/C2=C3\C=CC(=N3)/C(c3ccc([N+](=O)[O-])cc3)=c3/cc/c([nH]3)=C(\c3ccc([N+](=O)[O-])cc3)C3=N/C(=C(/c4cc(C(C)(C)C)cc(C(C)(C)C)c4)c4cc2c[nH]4)C=C3)cc(C(C)(C)C)c1,CC(=O)N(C)C,717.0
7211,CCCCCCCCN1c2ccc(C#Cc3ccc(OC)cc3)cc2Sc2cc(C=O)ccc21,CCCCCC,494.0
10957,CCN(CC)c1ccc2cc(-c3ccc(S(C)(=O)=O)cc3)oc(=O)c2c1,CCCO,480.0
7108,CC(C)c1cc(C(C)C)c(B2c3cc(N4c5ccccc5C(C)(C)c5ccccc54)ccc3N(c3ccccc3)c3ccc(N4c5ccccc5C(C)(C)c5ccccc54)cc32)c(C(C)C)c1,c1cc(-c2cccc(-n3c4ccccc4c4ccccc43)c2)cc(-n2c3ccccc3c3ccccc32)c1,469.0
9621,CCN(CC)c1ccc2c(c1)oc(=O)c1c(C)nc3c(c(-c4ccccc4)nn3C)c12,ClCCl,461.0
3548,CCCCCCC(CCCCCC)n1c(=O)c2c3ccc4cccc5c6cccc7ccc(c2c1=O)c(c76)c3c45,ClC(Cl)Cl,522.0
9923,CC(O)CC1=N/C(=C\c2cccc(N(C)C)c2)C(=O)N1C,CC#N,642.0
1916,O=C1Nc2ccccc2/C1=C/C(=O)c1ccc(Cl)cc1Cl,CC(C)(C)O,414.0
3185,CC[N+](CC)=c1ccc2c(-c3ccccc3C(=O)O)c3c(=O)oc4cc5c(cc4c3oc-2c1)CCCN5C,CCO,651.0
5769,CCn1c2cc(-c3ccc(-c4cccs4)s3)ccc2c2ccc(-c3ccc(-c4cccs4)s3)cc21,ClCCl,447.0
1910,O=C1Nc2ccccc2/C1=C/C(=O)c1ccc(Cl)cc1,CO,406.0
8052,COc1ccc(OC)c(C=O)c1,CO,466.0
6387,COc1cccc(C2=C(c3ccc(C(C)(C)C)cc3)C(c3ccc(C(C)(C)C)cc3)=[N+]3C2=C(c2ccccc2)c2c(-c4cccc(OC)c4)c(-c4ccc(C(C)(C)C)cc4)c(-c4ccc(C(C)(C)C)cc4)n2[B-]3(F)F)c1,CC#N,632.0
1133,Cc1cc(O)c(C(C)C)cc1/N=C/c1ccc(O)cc1,CC(C)O,412.0
7774,Nc1cccc2c1C(=O)c1ccccc1-2,CCO,521.0
7309,CN(C)c1cccc2c1ccc1c(=O)oc(-c3ccc(C(F)(F)F)cc3)cc12,CCCCCCCCO,585.0
2518,CN(C)c1ccc(-c2nc(-c3ccc(N(C)C)cc3)c3ccccc3n2)cc1,C1CCCCC1,436.0
8816,CCCCCCCCn1c(=O)c2cc3c(-c4ccc(N(c5ccccc5)c5ccccc5)cc4)c4cc5c(=O)n(CCCCCCCC)c(=O)c5cc4c(-c4ccc(N(c5ccccc5)c5ccccc5)cc4)c3cc2c1=O,ClC(Cl)Cl,587.0
1317,COc1nnc(Cl)nn1,ClCCl,567.0
4368,CN(C)c1ccc(C#Cc2ccc3ccc4ccc(C#Cc5ccc(N(C)C)cc5)c5ccc2c3c45)cc1,CCO,543.0
121,COc1ccc(N(c2ccc(OC)cc2)c2ccc3c4cccc5c(N(c6ccc(OC)cc6)c6ccc(OC)cc6)ccc(c6cccc2c63)c54)cc1,C1CCOC1,583.0
9390,Cc1cc2c(o1)c(C)cc1ccc(=O)oc12,OCC(F)(F)F,485.0
2449,Cc1ccc(-n2c(-c3ccccc3NS(=O)(=O)c3ccc(C)cc3)nc3c4ccccc4c4ccccc4c32)cc1,Cc1ccccc1,365.0
6081,COC(=O)c1ccc(C#Cc2ccc(N(C)C)cc2)cc1,CCCCCCCCCCCCCCCC,370.00037
11451,CC1=[N+]2C(=C(c3c4ccccc4c(-c4ccccc4)c4ccccc34)c3ccc(C)n3[B-]2(F)F)C=C1,ClCCl,533.0
2601,COc1ccc(-c2[nH]c(=O)n3c2-c2ccccc2C3=O)c(OC)c1,ClCCl,488.0
1522,Oc1cccc(/N=C/c2ccccc2Oc2ccccc2)c1,ClCCl,407.0
3484,COc1ccc(C2=N/C(=C\c3ccccc3)C(=O)N2)cc1OC,C1COCCO1,455.0
2173,CCCCC1(CCCC)c2cc(C#Cc3ccc4ccc5cccc6ccc3c4c56)ccc2-c2ccc(C#Cc3ccc4ccc5cccc6ccc3c4c56)cc21,Cc1ccccc1,438.0
3283,Cc1ccc(Nc2ccc(Nc3ccc(C)cc3)c3c2C(=O)c2ccccc2C3=O)cc1,CCCCCCO,682.0
4554,Cc1ccc(C2=C3C=CC4=[N+]3[P-](=O)(=O)n3c2ccc3-c2ccc([nH]2)/C(c2ccc(C)cc2)=c2/cc/c(o2)=C(\c2ccc(C)cc2)c2ccc4[nH]2)cc1,ClC(Cl)Cl,714.0
3605,CCOC(=O)CCCCCn1c2ccc(Cl)cc2c(=O)c2cc3c(cc21)c(=O)c1cc(Cl)ccc1n3CCCCCC(=O)OCC,CO,556.0
10564,c1ccc(-c2nc(-c3ccc(-c4ccc(N(c5ccccc5)c5ccccc5)cc4)cn3)oc2-c2ccccc2)cc1,CC(C)=O,495.0
9422,CC(C)(C)c1ccc2c(c1)c1cc(C(C)(C)C)ccc1n2-c1ccc2oc3nc4oc5ccc(C(F)(F)F)cc5c4cc3c2c1,Cc1ccccc1,422.0
5835,FC(F)(F)C(F)(F)C(F)(F)C1=NC2=C(Sc3ccccc3)C=C3c4cc(Sc5ccccc5)c5nc(C(F)(F)C(F)(F)C(F)(F)F)nc6c(Sc7ccccc7)cc(c4c56)=C4C=C(Sc5ccccc5)C(=N1)C2C34,C1CCOC1,606.0
11113,Cn1nc(-c2ccccc2)c2nc3cc(F)ccc3nc21,C1CCCCC1,486.0
3768,COc1ccc2c(c1)C(C)(C)c1c-2c2ccc(OC)cc2c2cc(OC)ccc12,C1CCCCC1,398.0
8903,CC(C)(C)Nc1c(-c2ccc(-c3cc(=O)cc(-c4ccccc4)o3)cc2)nc2ccccn12,ClCCl,515.0
9838,c1ccc2c(c1)c1ccccc1c1ncncc21,ClCCl,368.0
4038,CCOC(=O)c1c(-c2cc3ccc(OCC=C(C)C)cc3oc2=O)nn(-c2cccc(Cl)c2)c1C(=O)OCC,ClCCl,426.0
3502,CC(C)c1cccc(C(C)C)c1N1C(=O)c2cccc3c(Oc4ccccc4)ccc(c23)C1=O,ClCCl,425.0
1407,COc1cc(/C=C2/SC(=O)NC2=O)cc(OC)c1O,C1COCCO1,430.0
4631,c1ccc2cc3c(cc2c1)-c1cccc2c1c-3cc1ccccc12,CCCCCCC,401.0
8156,COCCOCCOCCOc1cc(C=O)c(OCCOCCOCCOC)cc1C=O,CCO,465.0
11938,O=C1c2ccccc2C(=O)C1C1C(=O)c2c3ccccc3cc3cc4ccccc4c1c23,CC#N,591.0
4935,CCN(CC)c1ccc2cc(/C=C/C(=O)c3cc4ccc(N(CC)CC)cc4oc3=O)c(=O)oc2c1,C1CCOC1,549.0
7364,Cc1nnc(-c2ccc(-n3c4ccccc4c4ccccc43)cc2)o1,CCO,440.0
12066,c1ccc(-c2nn(-c3ccccc3)c3nc4ccc(-n5c6ccccc6c6ccccc65)cc4cc23)cc1,C1CCOC1,470.3668862
2579,CCCCC1(c2ccccc2)Nc2c(-c3ccc(OC)cc3)ccc(-c3ccc(OC)cc3)c2N=C1c1ccccc1,CCCCCC,517.0
8953,c1ccc(C2=C3C4=C(C5=[N+]3[B-]3(Oc6ccccc65)Oc5ccccc5-c5c6c(c2n53)C2CCC6CC2)C2CCC4CC2)cc1,ClCCl,645.0
3269,c1ccc(-c2nn(-c3ccccn3)c3nc4ccccc4cc23)cc1,CN(C)C=O,441.0
11717,COc1ccc(C#Cc2ccc(C#Cc3ccc(C#Cc4ccccc4C#N)cc3C#N)cc2C#N)cc1,CC#N,490.0
1867,COc1ccc(C(=O)/C=C2\C(=O)Nc3ccccc32)cc1,C1COCCO1,373.0
5550,O=C1c2ccccc2C2=Cc3ccccc3B(O)N12,CO,430.0
12152,CN(C)c1ccc2nc(-c3ccc(C(=O)OC[C@H](NC(=O)OC(C)(C)C)C(=O)OCc4ccccc4)cc3)sc2c1,CO,577.0
8279,N#Cc1ccc(N)cc1,CCCCCC,318.8679245
2521,CN(C)c1ccc(-c2nc(-c3ccc(N(C)C)cc3)c3ccccc3n2)cc1,CS(C)=O,575.0
11989,Cc1c2oc3c(C)c(N)cc(C(=O)NC4OC(=O)C(C(C)C)N(C)C(=O)CN(C)C(=O)C5CCCN5C(=O)C(C(C)C)NC4=O)c3nc-2c(C(=O)NC2OC(=O)C(C(C)C)N(C)C(=O)CN(C)C(=O)C3CCCN3C(=O)C(C(C)C)NC2=O)c(N)c1=O,CCCCOC(C)=O,624.0522207
1820,CC(C)(C)C1Nc2ccccc2C(=O)N1Cc1ccccc1,CC#N,409.0
6729,Cc1ccccc1-c1c2ccc(=[N+]3CCCC3)cc-2oc2cc(N3CCCC3)ccc12,CCO,576.0
51,CC1(C)CC(/C=C/c2cn(-c3ccccc3)nc2-c2ccccc2)=CC(=C(C#N)C#N)C1,C1COCCO1,548.0
3888,C/C(=N\Nc1ccc(C#N)cc1)c1cccc(/C(C)=N/Nc2ccc(C#N)cc2)c1,CS(C)=O,504.0
5187,COc1cc(OC)cc(-c2nnc(-c3cccc(-c4nnc(-c5cc(OC)cc(OC)c5)o4)c3)o2)c1,C1CCCCC1,350.0
8225,CN(C)c1cc(C#N)c(N(C)C)c(C#N)c1,CS(C)=O,538.2131324
3577,O=S1(=O)C2=C(c3ccccc31)C1(C3=C(c4ccccc41)S(=O)(=O)c1ccccc13)c1ccccc12,ClCCl,444.0
4565,c1ccc(-c2nc(-c3ccccc3)nc(-c3cc(-n4c5ccccc5c5ncccc54)c(-n4c5ccccc5c5ncccc54)c(-n4c5ccccc5c5ncccc54)c3)n2)cc1,Cc1ccccc1,435.7615894
12221,CC(C)(C)c1cc2ccc3c(-c4ccc(N(c5ccccc5)c5ccccc5)cc4)ccc4c5nc6cc(C#N)c(C#N)cc6nc5c(c1)c2c34,ClCCl,839.1836735
10089,Cc1ccccc1N(c1ccccc1C)c1ccc2ccc3c(N(c4ccccc4C)c4ccccc4C)ccc4ccc1c2c43,Cc1ccccc1,452.0
6417,CCCCCCn1c2c(c3ccccc31)-c1c(c3ccccc3n1CCCCCC)-c1c(c3ccccc3n1CCCCCC)-c1c-2c2ccccc2n1CCCCCC,ClCCl,352.0
1858,COc1ccc(C(=O)/C=C2\C(=O)Nc3ccccc32)c(OC)c1,CC(C)(C)O,416.0
7624,COc1cc(OC)cc(-c2nnc(-c3cc(-c4nnc(-c5cc(OC)cc(OC)c5)o4)cc(-c4nnc(-c5cc(OC)cc(OC)c5)o4)c3)o2)c1,C1CCOC1,402.0
11689,c1cc2ccc3cc4cccc5ccc6cc(c1)c2c3c6c54,Cc1ccccc1,436.0
4961,CCCCn1c2ccc(C#N)cc2c2cc(C#N)cc(-c3ccc(N(c4ccccc4)c4ccccc4)cc3)c21,CCCCOCCCC,412.0
11793,CN(C)c1ccc(-c2ccc(-c3cc(N4CCCCC4)c(C#N)c4c3-c3ccccc3CC4)s2)cc1,ClC(Cl)Cl,540.0
10035,CC1=C(Cl)C(/C=C/c2ccc3c(c2)c2ccccc2n3Cc2cn(CCC[P+](c3ccccc3)(c3ccccc3)c3ccccc3)nn2)=[N+]2C1=C(c1ccc(I)cc1)c1c(C)c(Cl)c(C)n1[B-]2(F)F,CCO,650.0
8809,CCCc1cc2c(s1)-c1cc3c(cc1NB2c1ccccc1)-c1sc(CCC)cc1B(c1ccccc1)N3,ClCCl,418.0
11306,CN1CCN(c2ccc3c4c(cccc24)C(=O)c2ccccc2-3)CC1,CS(C)=O,624.0
5198,CC1=C(c2cccs2)C(C)=[N+]2C1=C(c1ccc(OS(=O)(=O)c3ccc([N+](=O)[O-])cc3[N+](=O)[O-])cc1)c1c(C)c(-c3cccs3)c(C)n1[B-]2(F)F,ClCCl,607.0
9147,F[B-]1(F)n2c(c3cccc4cccc2c43)=Nc2cccc[n+]21,C1CCOC1,518.0
425,CCCCn1c2c(-c3ccc(N(c4ccccc4)c4ccccc4)cc3)cc(C#N)cc2c2cc(C#N)cc(-c3ccc(N(c4ccccc4)c4ccccc4)cc3)c21,ClC=C(Cl)Cl,424.0
4284,COc1ccc(N2C(=O)c3ccccc3NC2C(C)(C)C)cc1,CO,444.0
8339,CC1(C)C(/C=C/C2=C(c3ccc(C(=O)O)cc3)/C(=C/C=C3/N(CCCS(=O)(=O)[O-])c4ccc5ccccc5c4C3(C)C)CCC2)=[N+](CCCS(=O)(=O)[O-])c2ccc3ccccc3c21,CO,811.0
9302,CCC1=C(C)C2=C(c3c(C)cc(C)nc3-c3cccs3)c3c(C)c(CC)c(C)n3[B-](F)(F)[N+]2=C1C,CCCCCC,550.0
228,CCOC(=O)CC[N+]1=c2cc3c(cc2CCC1)=Cc1c(c2cc4c5c(c2oc1=O)CCCN5CCC4)O3,O,688.0
10956,CCN(CC)c1ccc2cc(-c3ccc(S(C)(=O)=O)cc3)oc(=O)c2c1,CCCCO,476.0
2741,Cc1cc(C)c(B(c2ccc(-c3ccc(-c4nc5c6ccccc6c6ccccc6c5[nH]4)cc3)cc2)c2c(C)cc(C)cc2C)c(C)c1,CS(C)=O,520.0
5137,C(/C=C/c1ccc(N(c2ccccc2)c2ccccc2)cc1)=C\c1ccncc1,C1COCCO1,481.0
10722,CC(C)[Si]1(C(C)C)c2cc(C=C(C#N)C#N)ccc2-c2ccc(N(c3ccccc3)c3ccccc3)cc21,c1ccccc1,564.0
10838,CCN(CC)c1ccc(/C=N/C2CCCCC2/N=C/c2ccc(N(CC)CC)cc2O)c(O)c1,CN(C)C=O,432.0
7367,CCN(CC)c1ccc2cc(-c3nc4cc(C(=O)Nc5ccc(C)cc5[N+](=O)[O-])ccc4o3)c(=O)oc2c1,ClCCl,496.0
2921,N#C/C(=C\c1ccc(Cl)cc1)c1nc(-c2ccccc2)cs1,CC#N,480.0
5718,O=C(O)c1ccccc1Nc1ccccc1,C1COCCO1,432.0
10812,COc1ccc(-c2cnc3cccc(-c4ccccc4)n23)cc1,ClCCl,484.0
5583,CCN1/C(=C\C=C\C=C\C2=[N+](CC)c3ccc4ccccc4c3C2(C)C)C(C)(C)c2c1ccc1ccccc21,CC(C)=O,698.0
10331,CCC1(CC)c2ccccc2-c2c1c1c(c3c2C(CC)(CC)c2cc(B(c4c(C)cc(C)cc4C)c4c(C)cc(C)cc4C)ccc2-3)C(CC)(CC)c2ccccc2-1,ClC(Cl)Cl,387.0
3653,N#Cc1c(N2CCCC2)cc(-c2ccccc2)c2c1-c1ccccc1C2=O,C1CCOC1,527.0
10642,C(#Cc1ccc(C#Cc2ccccc2)cc1)c1ccccc1,ClC(Cl)Cl,348.0
6175,CN(C)c1ccc(/C=C2/N=C(c3ccccc3)OC2=O)cc1,ClC(Cl)(Cl)Cl,489.0
1128,Cc1ccc(/C=N/c2cc(C(C)C)c(O)cc2C)cc1,OCCO,425.0
7656,O=C1/C(=C/C=C/c2cc3c4c(c2)CCCN4CCC3)CC/C1=C\C=C\c1cc2c3c(c1)CCCN3CCC2,CN(C)C=O,736.0
2331,Cc1nc2c(ccc3c2sc(/C=C/c2ccc(-n4c5ccccc5c5ccccc54)cc2)[n+]3C)s1,ClC(Cl)Cl,638.0
2208,CC(C)(C)NC(=O)c1cccc2ccc3c4cc(Cl)ccc4c4ccc(Cl)cc4c3c12,ClCCl,407.0
7572,O=C(c1ccc(N(c2ccccc2)c2ccccc2)cc1)[C@H]1[C@H](c2ccccc2)C[C@](O)(c2ccccn2)C[C@]1(O)c1ccccn1,C1CCOC1,496.0
10907,O=S1(=O)c2ccccc2-c2c1c1ccccc1p2-c1ccccc1,ClCCl,453.0
7859,CC1(C)CC(=O)C2=C(C1)Oc1ccc3ccc(O)cc3c1C2c1ccccn1,CC#N,345.0
3153,CN(C)c1ccc(-c2nc(-c3ccccc3)c3ccccn23)cc1,C1CCCCC1,482.0
6697,COc1ccc2c3cccc4c(OC)ccc(c5cccc1c52)c43,c1ccncc1,469.9850589
9607,Cn1c(=O)c(/N=N/c2ccc(Nc3ccccc3)c(S(=O)(=O)O)c2)c(O)c2ccccc21,CC(C)=O,512.0
8745,CC1=C(C(C)(C)C)C(C)=[N+]2C1=C(C)c1c(C)c(C(C)(C)C)c(C)n1[B-]2(F)F,CNC=O,560.6
11779,CC(=O)c1ccn2c3c(c(-c4ccc(O)cc4)c2c1)CN(CCCNC(=O)OC(C)(C)C)C3=O,CO,572.0
4990,CC1=C(c2ccccc2)C(C)=[N+]2C1=C(c1ccccc1)c1c(C)c(-c3ccccc3)c(C)n1[B-]2(F)F,Cc1ccccc1,556.0
2374,c1ccc2c(c1)CCc1ccccc1N2c1c2ccccc2cc2ccccc12,Cc1ccccc1,507.0
1632,CCN(CC)c1ccc(-c2cc3c(s2)c(C(=O)OC)cc(=O)n3C)cc1,C1CCOC1,543.0
8976,Cc1ccc(C#Cc2c3cc4ccccc4cc3c(C#C[Si](C(C)C)(C(C)C)C(C)C)c3cc4ccccc4cc23)cc1,ClCCl,661.0
2298,C(=C/c1nc2ccccc2o1)\c1ccccc1,CO,380.0
7636,CC(C)(C)OC(=O)N1CCN(c2ccc3c(-c4ccc(I)cc4)c4ccc(=[N+]5CCN(C(=O)OC(C)(C)C)CC5)cc-4oc3c2)CC1,ClCCl,585.0
4252,CCN(CC)c1ccc(/C=C/c2ccc(-c3ccc(/C=C/c4ccc(N(CC)CC)cc4)s3)s2)cc1,Cc1ccccc1,530.0
12143,CCCCCCC(CCCCCC)N1C(=O)c2cccc3c(-c4cc(OC)c(OC)c(OC)c4)ccc(c23)C1=O,CCCCCCCCCCCO,526.4
2721,Cc1ccc(C(=O)NN2C3=C(CC4=C2CCCC4=O)C(=O)CCC3)cc1,CCCCCO,445.0
11275,COc1cccc2cc(-c3cc4cccc(OC)c4oc3=O)oc12,Cc1ccccc1,448.0
9778,Cn1c(=O)c(/N=N/c2ccc(/N=N/c3ccc(S(=O)(=O)O)cc3)cc2)c(O)c2ccccc21,CO,539.0
6319,CC(C)(C)c1ccc2c(c1)c1cc(C(C)(C)C)ccc1n2-c1ccc(C#Cc2cccc(C#Cc3ccc(-n4c5ccc(C(C)(C)C)cc5c5cc(C(C)(C)C)ccc54)cc3)c2)cc1,ClCCl,416.0
1736,CN(C)c1ccc(/C=C/c2nc3ccccc3s2)cc1,C1CCCCC1,447.0
6343,CCCCCCc1ccc(-n2c3[n+](c4c5ccccc5c5ccccc5c42)[B-](C)(C)c2ccc4ccccc4c2-3)cc1,ClCCl,435.0
9875,F[Si](c1c2ccccc2cc2ccccc12)(c1c2ccccc2cc2ccccc12)c1c2ccccc2cc2ccccc12,C1CCOC1,416.0
5736,COc1ccc(C(=Cc2ccc(C#N)cc2)c2ccc(OC)cc2)cc1,C1CCOC1,395.0
10939,CN(C)c1ccc(-c2cc3ccc([N+](=O)[O-])cc3c(=O)o2)cc1,CCOC(C)=O,621.0
8962,O=C([O-])c1ccc(C(=O)[O-])c(C2=c3cc4c5c(c3Oc3c2cc2c6c3CCCN6CCC2)CCC[N+]=5CCC4)c1,CCO,596.0
5094,Oc1cc2c(cc1-c1nc3c4ccccc4c4ccccc4c3[nH]1)c1ccccc1n2-c1ccccc1,ClCCl,499.0
8071,CCOC(=O)c1cccc(N(C)C)c1,CC#N,430.2197802
8456,CN1/C(=C/C=C/C=N/c2sc3ccccc3[n+]2C)C(C)(C)c2ccccc21,CS(C)=O,608.0
8144,COCCOCCOCCOCCOc1ccc(OCCOCCOCCOCCOC)c(C=O)c1,CCCO,459.0
8267,N#Cc1ccc(C[C@H](N)C(=O)O)cc1,C1CCOC1,292.4406061
9960,COc1ccc(/C=C/c2nc3c4ccccc4c4ccccc4c3o2)cc1,CC#N,430.0
2550,CN(C)c1ccc2c3c(ccc2c1)C(=O)CCC3,CC(C)O,482.0
9249,CN(C)c1ccc(-c2ccc3c(=O)c(O)coc3c2)cc1,Cc1ccccc1,442.0
9469,COc1ccc(/C=C/C2=CC(/C=C/c3ccc(OC)c4ccccc34)=[O+][B-](F)(F)O2)c2ccccc12,CCOC(C)=O,590.0
938,CC1=C2c3ccccc3C(c3ccc[nH]3)=[N+]2[B-](F)(F)n2cccc21,ClCCl,592.0
10770,COc1ccc(-n2nc(C#N)c(NC3CCCCC3)n2)cc1,CN(C)C=O,408.0
10862,N#CC(C#N)=C(/C=C/c1ccc(N(c2ccccc2)c2ccccc2)cc1)c1ccc2c3c(cccc13)CC2,CC#N,654.0
8099,O=Cc1cc(O)ccc1O,CS(C)=O,446.0
11922,CC[n+]1ccc(/C=C/c2ccc3ccc4cccc5ccc2c3c45)cc1,C1CCOC1,594.0
4852,O=S1(=O)c2ccc(-c3ccc(N(c4ccccc4)c4ccccc4)cc3)cc2C2(c3ccccc3-c3ccccc32)c2cc(-c3ccc(N(c4ccccc4)c4ccccc4)cc3)ccc21,Cc1ccccc1,425.462754
2644,C(#Cc1ccc(-n2c3ccccc3c3ccccc32)cc1)c1ccc(-c2nc(-c3ccc(C#Cc4ccc(-n5c6ccccc6c6ccccc65)cc4)cc3)nc(-c3ccc(C#Cc4ccc(-n5c6ccccc6c6ccccc65)cc4)cc3)n2)cc1,C1CCOC1,467.0
10713,COc1ccc(-n2c(-c3ccc(-c4cncc5ccccc45)cc3)nc(-c3ccccc3)c2-c2ccccc2)cc1,C1CCOC1,432.0
3165,N#Cc1ccc(-c2nc(-c3ccccc3)c3ccccn23)cc1,C1CCCCC1,444.0
3639,C[C@]12SC(=O)C=C1c1nc(-c3ccc(Cl)cc3Cl)[nH]c1C1=CC(=O)S[C@@]12C,CC#N,500.0
5069,CC(C)(C)NS(=O)(=O)c1ccc2c(c1)C(=O)/C(=C1\Sc3ccc(S(=O)(=O)NC(C)(C)C)cc3C1=O)S2,C1COCCO1,589.0
6363,CCOC(=O)C1c2cc(OC)c(OC)cc2C(=O)N1c1ccc(OC)c(OC)c1,CO,474.0
8019,Cc1ccccc1,C1CCCCC1,286.615076
2061,COC(=O)C(Cc1ccc2oc(-c3ccc(N(c4ccccc4)c4ccccc4)cc3)nc2c1)NC(=O)OC(C)(C)C,C1CCOC1,447.039259
4645,Cc1ccc(/C2=c3\cc/c(o3)=C(\c3ccc(C)cc3)c3ccc([nH]3)-c3ccc4n3[P-](=O)(=O)[N+]3=C(C=CC3=C4c3cccs3)c3ccc2[nH]3)cc1,ClC(Cl)Cl,736.0
6470,COc1ccc(/C=C/c2ccc(/C=C/c3cc[n+]4ccc(/C=C/c5ccc(/C=C/c6ccc(OC)cc6)cc5)cc4c3)cc2)cc1,CO,620.0
2812,c1ccc(-c2nc(-c3c4ccccc4cc4ccccc34)n3ccccc23)cc1,CC#N,577.0
11502,CCOC(=O)c1c2c3c(ccc(F)c3c3cc4ccccc4cc13)N(C)C2=O,CC#N,415.0
10587,CCN(CC)c1ccc2cc(-c3cn4ccccc4n3)c(=O)oc2c1,ClC(Cl)Cl,471.0
11852,Cc1ccc(C2CC(c3ccc(O)cc3)=NN2c2ccc(S(N)(=O)=O)cc2)cc1,CC(C)O,423.0
11017,c1ccc(-n2c(-c3ccc(-c4c5ccccc5c(-c5cccc(-n6c7ccccc7c7ccccc76)c5)c5ccccc45)cc3)nc3c4ccccc4c4ccccc4c32)cc1,ClCCl,436.0
2549,CN(C)c1ccc2c3c(ccc2c1)C(=O)CCC3,CC#N,448.0
9915,C/C=C/C1=N/C(=C\c2ccc(O)cc2)C(=O)N1C,O,460.0
7288,CC1=[N+]2C(=C(c3ccc(N4CCCCC4)cc3)c3ccc(C)n3[B-]2(F)F)C=C1,CC#N,519.0
6466,O=C1c2ccccc2-c2cc3ccccc3c(=O)n21,ClC(Cl)Cl,445.0
9748,CCN(CC)c1ccc2cc(-c3cn4cc5ccccc5cc4n3)c(=O)oc2c1,ClC(Cl)Cl,460.0
4174,N#Cc1cccc(-c2nc(-c3ccccc3)c(-c3ccccc3)[nH]2)c1,CO,440.0
5836,CC(C)(C)c1cc2ccc3c(N(c4ccc(F)cc4)c4ccc(F)cc4)cc(N(c4ccc(F)cc4)c4ccc(F)cc4)c4ccc(c1)c2c34,ClCCl,465.0
10732,CC(C)[Si]1(C(C)C)c2cc(C#N)ccc2-c2ccc(N(c3ccccc3)c3ccccc3)cc21,CCO,482.0
1024,CCCCCCCCCCCCCCn1c(-c2cc(-c3nc4ccc(C)cc4n3CCCCCCCCCCCCCC)cc(-c3nc4ccc(C)cc4n3CCCCCCCCCCCCCC)c2)nc2ccc(C)cc21,C1CCOC1,368.6
4848,C=CCOC(=O)C(C#N)=C1C=C(/C=C/c2ccc(N(C)C)cc2)OC(/C=C/c2ccc(N(C)C)cc2)=C1,ClCCl,601.0
6050,CN(C)c1ccc(C#Cc2ccc(C=O)cc2)cc1,CO,493.169601
11350,O=Cc1ccc(N(c2ccc(C=O)cc2)c2ccc(-c3ccc4c(c3)C(=O)c3ccccc3C4=O)cc2)cc1,CCOC(C)=O,654.0
1951,c1ccc(-c2cc(-c3ccccc3)[o+]c(-c3ccccc3)c2)cc1,CC#N,465.0
7514,CN(C)c1ccc(/C=C/c2cc[n+](CCCCCCCCCCCC[n+]3ccc(/C=C/c4ccc(N(C)C)cc4)cc3)cc2)cc1,c1ccncc1,598.000287
351,CCCCN(CCCC)c1ccc(C#Cc2cc(C#Cc3ccc(N(CCCC)CCCC)cc3)c(C#Cc3cc(C(F)(F)F)cc(C(F)(F)F)c3)cc2C#Cc2cc(C(F)(F)F)cc(C(F)(F)F)c2)cc1,ClCCl,552.0
9781,Cc1ccc(N(c2ccc(C)cc2)c2ccc(-c3cc4c(cc(-c5ccc(N(c6ccc(C)cc6)c6ccc(C)cc6)cc5)c5nsnc54)c4nsnc34)cc2)cc1,Cc1ccccc1,659.0
7289,CC1=[N+]2C(=C(c3ccc(N4CCCCC4)cc3)c3ccc(C)n3[B-]2(F)F)C=C1,CC(=O)C(C)(C)C,523.0
5480,Cc1cc(C)c(B(c2c(C)cc(C)cc2C)c2cc3ccc4ccccc4c3c3c2ccc2ccccc23)c(C)c1,C1CCOC1,446.0
9623,COc1c2ccccc2c(-c2ccccc2)c2ccccc12,CCCCCC,420.0
4797,CC(C)(C)c1ccc2c(c1)c1cc(C(C)(C)C)ccc1n2-c1ccc(-c2nc(-c3ccc(P(=O)(c4ccccc4)c4ccccc4)cc3)nc(-c3ccc(P(=O)(c4ccccc4)c4ccccc4)cc3)n2)cc1,ClCCl,530.7793923
5863,CC(C)[Si]1(C(C)C)c2cc(C=O)ccc2-c2ccc(N(C)C)cc21,C1CCCCC1,414.0
3662,CN(CCO)c1ccc(/C=C/C2=C(C#N)C(C(C#N)C#N)OC2(C)C)cc1,CN(C)C=O,656.0
7578,Cc1ccc([C@@H]2C[C@](O)(c3ccccn3)C[C@](O)(c3ccccn3)[C@H]2C(=O)c2ccc(N(c3ccccc3)c3ccccc3)cc2)cc1,CC#N,525.0
4657,COc1ccc(-c2c3nc(cc4ccc([nH]4)c(-c4ccc(OC)c(OCC(=O)O)c4)c4nc(cc5ccc2[nH]5)C=C4)C=C3)cc1OCC(=O)O,CS(C)=O,644.0
9614,CC(=O)NC(Cc1ccc(O)cc1)C(=O)O[Si]1(OC(=O)C(Cc2ccc(O)cc2)NC(C)=O)n2c3c4ccccc4c2/N=C2\N=C(/N=c4/c5ccccc5/c(n41)=N/C1=N/C(=N\3)c3ccccc31)c1ccccc12,CN(C)C=O,690.0
3150,COc1ccccc1-c1nc(-c2ccccc2)c2ccccn12,CO,475.0
7198,CCCCCCCCN1c2ccc(C#Cc3ccc(C(F)(F)F)cc3)cc2Sc2cc(C=O)ccc21,CO,500.0
8718,CCC1=C(C)C2=C(C)c3cccn3[B-](F)(F)[N+]2=C1C,C1CCCCC1,515.0
4813,Cc1cc(-c2ccccc2)cc(C)[o+]1,CC#N,462.0
6092,COC(=O)c1ccc(C#Cc2ccccc2)cc1,CCCCCC,318.9996172
8644,C#CCNC1=C2C=CC=[N+]2[B-](F)(F)n2cccc21,CCOC(C)=O,469.5
5143,c1ccc(-c2csc(-c3ccncc3)n2)cc1,ClCCl,472.0
2939,Cn1cccc1-c1cc(C#N)ccc1C#N,CC#N,524.0
4510,CC(C)(C)c1ccc(-c2nc3c4ccc(-c5cccc6ccccc56)cc4c4cc(-c5cccc6ccccc56)ccc4c3n2-c2ccc(C(C)(C)C)cc2)cc1,CCCCOCCCC,383.0
1340,CCOC(=O)COc1ccc(/C=C/c2cc(C)c3n2[B-](F)(F)[N+]2=C(c4[nH]c(C)cc4C)c4ccccc4C2=C3)cc1,CCCCCC,693.0
11489,Fc1ccc(-c2nc3n(c2-c2ccncc2)CCS3)cc1,OCCO,440.5
1391,C(S/C=C/c1ccc(/C=C/SC=C2CCCCCC2)cc1)=C1CCCCCC1,ClCCl,422.0
7701,CCOC(=O)c1cc(C(=O)O)nc2cc(OC)ccc12,CCO,462.0
6967,C#CCOc1ccc(/C=C/C2=[N+]3C(=C(c4ccc(N(CC)CC)cc4)c4c(C)cc(/C=C/c5ccc(OCC(=O)OC)cc5)n4[B-]3(F)F)C(C)=C2)cc1,CO,655.0
9640,CN(C)c1ccc(/C=C/C=C/c2ccc(C#N)cc2)cc1,CC#N,589.0
10848,Cc1ccc(C2C(C#N)=C(N)n3c(=O)c4ccccc4c(=O)n32)cc1,CS(C)=O,450.0
7328,CCN(CC)c1ccc2cc(-c3cc(SC)c(C#N)c(=O)o3)c(=O)oc2c1,CC(C)=O,573.0
10502,CCn1c2ccccc2c2cc(C#Cc3cc(C#Cc4ccc5c(c4)c4ccccc4n5CC)nc(SC)n3)ccc21,C1CCOC1,449.0
1583,O=C1NC(=O)[C@H]([C@H]2C[C@H](O)[C@@H](CO)O2)C=C1C#Cc1ccc2c(c1)Cc1ccccc1-2,O,467.0
1412,COc1cc(/C=C2/SC(=O)NC2=O)cc(OC)c1O,OCC(O)CO,457.0
7366,O=C(Nc1ccccc1[N+](=O)[O-])c1ccc2oc(-c3cc4ccccc4oc3=O)nc2c1,ClCCl,443.0
10728,CC(C)[Si]1(C(C)C)c2cc(C=O)ccc2-c2ccc(N(c3ccccc3)c3ccccc3)cc21,ClCCl,524.0
2256,CCCCn1c(-c2ccc(-c3ccc(-c4ccc(-c5n(CCCC)c6ccccc6[n+]5CCCC)cc4)cc3)cc2)[n+](CCCC)c2ccccc21,O,397.0
9081,CC1(C)c2ccccc2N(c2cccc(S(=O)(=O)c3cccc(N4c5ccccc5C(C)(C)c5ccccc54)c3)c2)c2ccccc21,ClC(Cl)Cl,515.0
7998,CCOC(=O)/C=C/c1ccc(N(C)C)cc1,Cc1ccccc1,406.0
2212,CC(C)(C)NC(=O)c1cccc2ccc3c4ccccc4c4ccccc4c3c12,ClCCl,403.0
5603,CC1(C)C(/C=C/C2=C(c3ccc(C(=O)O)cc3)/C(=C/C=C3/N(CCCCS(=O)(=O)[O-])c4ccccc4C3(C)C)CCC2)=[N+](CCCCS(=O)(=O)[O-])c2ccccc21,CO,780.0
2622,CCOC(=O)c1ccc(O)c(-c2[nH]c(=O)n3c2-c2ccccc2C3=O)c1,ClCCl,474.0
9436,CN(C)c1ccc(C#Cc2cc(C#Cc3ccc(C(F)(F)F)cc3)c3ccc4c(C#Cc5ccc(C(F)(F)F)cc5)cc(C#Cc5ccc(N(C)C)cc5)c5ccc2c3c54)cc1,ClCCl,608.0
5417,CCCC1=Cc2nc1ccc1[nH]c(cc1CCC)c1nc(c(N)cc3[nH]c2cc3CCC)C(CCC)=C1,Cc1ccccc1,729.0
4938,CCN(CC)c1ccc2cc(/C=C/C(=O)c3cc4ccc(N(CC)CC)cc4oc3=O)c(=O)oc2c1,CC(C)=O,571.0
8957,CC1=C(c2cccs2)C(C)=[N+]2C1=C(c1ccccc1)c1c(C)c(-c3cccs3)c(C)n1[B-]2(F)F,CO,610.0
3624,O=C1c2ccccc2C(=O)N1c1ccc(Cn2cncn2)cc1,CCOCC,339.0
9706,CN1c2ccccc2C(O)(c2ccccc2)c2cc([N+](=O)[O-])ccc21,Cc1ccccc1,480.7
4267,O=C1OCC2=C1C(c1ccccc1)c1cc3c(cc1N2CCO)CCC3,C1CCCCC1,381.0
11007,CC(C)(C)c1ccc(C(C)(C)C)c(N2C(=O)c3cccc4c(-c5ccc(-c6ccccc6)s5)ccc(c34)C2=O)c1,CS(C)=O,557.0
463,c1ccc2c(-c3cc(-c4nccs4)nc(-c4nccs4)c3)cccc2c1,CCCCCC,359.0
1754,COc1ccc(/C=C(\C)c2nc3ccccc3s2)cc1,CO,420.0
6922,c1ccc2c(-n3cnc4ccccc43)cccc2c1,CC#N,362.0
5638,CCCCCCCCCCCCC1(CCCCCCCCCCCC)c2cc(-c3ccc(C=C4C(=O)c5ccccc5C4=O)cc3)ccc2-c2ccc(-c3ccc(C=C4C(=O)c5ccccc5C4=O)cc3)cc21,ClC(Cl)Cl,529.0
6634,O=S1(=O)c2ccc(-c3ccc4c(c3)c3ccccc3n4-c3ccccc3)cc2C2(c3cc(-c4ccc5c(c4)c4ccccc4n5-c4ccccc4)ccc31)c1cc(-c3ccc4c(c3)c3ccccc3n4-c3ccccc3)ccc1S(=O)(=O)c1ccc(-c3ccc4c(c3)c3ccccc3n4-c3ccccc3)cc12,CC1CCCO1,413.0
6077,COC(=O)c1ccc(C#Cc2ccc(N(C)C)cc2)cc1,CC(C)=O,426.9854825
9772,CCC1(CC)c2ccccc2-c2c1c1c(c3c2C(CC)(CC)c2cc(/C=C/c4cccs4)ccc2-3)C(CC)(CC)c2ccccc2-1,C1CCOC1,395.0
378,COc1ccc(-c2nc3ccccc3nc2-c2ccc(OC)cc2)cc1,C1CCOC1,432.0
3106,N#Cc1cc(-c2ccc(F)cc2)cnc1O,O,425.0
4803,CC1=CC(C)=[N+]2C1=Cc1c3ccccc3c(C#Cc3ccsc3)n1[B-]2(F)F,ClCCl,628.0
1335,CCN(CC)c1ccc2c(-c3ccccc3C(=O)O)c3c([o+]c2c1)/C(=C/c1ccc(N2CCCC2)s1)CCC3,ClCCl,770.0
10786,O=C1c2cccc3c(-n4c5ccccc5c5ccccc54)ccc(c23)C(=O)N1C1CCCCC1,C1CCOC1,546.0
11885,O=C(c1ccncc1)c1cc(-n2c3ccccc3c3ccccc32)ccc1-n1c2ccccc2c2ccccc21,Cc1ccccc1,490.0
2716,Cc1ccccc1C(=O)NN1C2=C(CC3=C1CC(C)(C)CC3=O)C(=O)CC(C)(C)C2,ClCCl,436.0
7536,CCOC(=O)C1=CN(c2ccccc2)C=CC1c1ccccc1,C1CCOC1,419.0
10158,CC(C)(C)c1ccc2c(c1)c1cc(C(C)(C)C)cc3c1n2-c1cc(-c2cccc(F)c2)cc2c1B3c1cc(C(C)(C)C)cc3c4cc(C(C)(C)C)ccc4n-2c13,Cc1ccccc1,493.6545241
7632,Cc1cc(C)c(B(c2ccc(-n3c4ccccc4c4ccccc43)cc2)c2c(C)cc(C)cc2C)c(C)c1,ClCCl,434.0
8085,O=Cc1cc(O)c(C=O)cc1O,CCO,491.0
7305,CN(C)c1ccc(-c2cc3c(ccc4c([N+](=O)[O-])cccc43)c(=O)o2)cc1,CN(C)C=O,546.0
7681,CCN(CC)c1ccc2cc(/C=C(\C#N)c3nc4ccccc4o3)c(=O)oc2c1,C1COCCO1,560.0
1811,CC(C)(C)C1Nc2c(Br)cc(Br)cc2C(=O)N1Cc1ccccc1,CC#N,422.0
10115,c1csc(-c2ccc(-c3cccs3)s2)c1,CC#N,405.0
6923,c1ccc2c(-n3cnc4ccccc43)cccc2c1,CCO,360.0
1894,Cc1ccc(C(=O)/C=C2\C(=O)Nc3ccccc32)cc1C,CCCCCC,387.0
9049,N#Cc1cccc2[nH]ccc12,CO,390.0
6598,CCN1/C(=C\C2=C([O-])/C(=C/C3=[N+](CC)c4c(ccc5ccc(C)nc45)C3(C)C)C2=O)C(C)(C)c2ccc3ccc(C)nc3c21,CO,691.0
7662,O=C1/C(=C/C=C/c2cc3c4c(c2)CCCN4CCC3)CC/C1=C\C=C\c1cc2c3c(c1)CCCN3CCC2,S=C=S,616.0
11664,CCNc1cc2oc(=O)cc(C)c2cc1C,CC#N,420.0
1189,OB(O)c1ccc(-c2ccc(N(c3ccccc3)c3ccccc3)cc2)cc1,C1CCCCC1,384.0
5194,c1ccc(-c2nc(-c3ccccc3)nc(-c3ccc(-n4c5ccccc5c5ccc6c7ccccc7n(-c7ccccc7)c6c54)cc3)n2)cc1,Cc1ccccc1,459.0
8205,COCCOc1cc(C=O)c(OCCOC)cc1C=O,CN(C)C=O,465.0
7093,CCOC(=O)CN(CC(=O)OCC)c1ccc(-c2cc(-c3ccccn3)nc(-c3ccccn3)c2)cc1,CCOC(C)=O,419.0
11475,Fc1ccc(-c2nc3n(c2-c2ccncc2)CCS3)cc1,CC(C)(C)O,420.0
3454,Fc1c(-n2c3ccccc3c3ccccc32)c(-c2nnc(-c3ccccc3)o2)c(-n2c3ccccc3c3ccccc32)c(-n2c3ccccc3c3ccccc32)c1-n1c2ccccc2c2ccccc21,Cc1ccccc1,483.0
11800,C(=C/c1cccc2ccccc12)\c1ccc(-c2nnc(-c3ccc(-c4cc5ccccc5s4)cc3)o2)cc1,CCCCCO,438.0
11061,O=C(O)c1ccc(C2CC(c3cccc4ccccc34)=NN2c2ccccc2)cc1,CO,476.0
6041,CN(C)c1ccc(C#Cc2ccc(C=O)cc2)cc1,CC(C)=O,401.493556
9030,N#Cc1ccc2cc[nH]c2c1,CCO,358.0
10972,CC(C)c1cc(C(C)C)c(B2c3cc(-n4c5ccccc5c5ccccc54)ccc3N(c3ccccc3)c3ccc(-n4c5ccccc5c5ccccc54)cc32)c(C(C)C)c1,c1cc(-c2cccc(-n3c4ccccc4c4ccccc43)c2)cc(-n2c3ccccc3c3ccccc32)c1,452.0
4613,CCN(CC)c1ccc2nc3c4ccccc4c(=O)cc-3oc2c1,CCCCCC,532.0
3992,COC(=O)C(Cc1ccc2oc(-c3ccc(N(C)C)cc3)nc2c1)NC(=O)OC(C)(C)C,CCO,402.9983074
11337,Cc1cccc(C)c1/C=C/c1nc(N2CCOCC2)c2c([n+]1[O-])CCCC2,ClCCl,536.0
1030,O=C1c2ccccc2-c2nc3c(F)c(F)c(F)c(F)c3n21,ClCCl,485.0
7008,CCCCCCCN1C(=CC2=C([O-])C(=CC3=[N+](CCCCCCC)c4ccccc4C3(C)C)C2=C(C#N)C#N)Sc2ccccc21,C1COCCO1,709.0
2220,COc1cc2cc(OC)c(C#Cc3ccc([N+](=O)[O-])cc3)cc2cc1C#Cc1ccc([N+](=O)[O-])cc1,ClC(Cl)Cl,577.0
3774,c1ccc2cc(-n3cnc4ccccc43)ccc2c1,C1CCOC1,374.0
10924,COc1ccc2cc(-c3ccc(C(F)(F)F)cc3)oc(=O)c2c1,CN(C)C=O,411.0
9725,COc1ccc(-c2c3ccccc3c(C#Cc3ccccc3)c3cc4ccccc4cc23)cc1,ClCCl,550.0
1755,C(=C/c1nc2ccccc2s1)\c1ccccc1,C1CCCCC1,390.0
10122,CC1=CC(C)=[N+]2C1=C(c1ccc(O)cc1)c1c(C)cc(/C=C/C=C3/N(C)c4ccccc4C3(C)C)n1[B-]2(F)F,O,708.0
8963,O=C([O-])c1ccc(C(=O)[O-])c(C2=c3cc4c5c(c3Oc3c2cc2c6c3CCCN6CCC2)CCC[N+]=5CCC4)c1,O,603.0
8593,N#CC(C#N)=Cc1ccc2c(c1)[nH]c1c3ccccc3sc21,C1CCOC1,547.0
4327,CN(C)c1ccc(C(=O)Nc2cccc(Br)c2)cc1,CCOCC,445.0
10471,Cc1c2ccncc2c(C)c2c1[nH]c1ccccc12,C1COCCO1,410.0
110,N#Cc1ccc(N(c2ccc(C#N)cc2)c2ccc3c4cccc5c(N(c6ccc(C#N)cc6)c6ccc(C#N)cc6)ccc(c6cccc2c63)c54)cc1,C1CCCCC1,494.0
11627,Nc1ccc2c(C(F)(F)F)cc(=O)oc2c1,CCO,485.0
11361,CC1(C)CCc2c(c3ccccc3c3nc4c(nc23)c2c(c3ccccc34)OC(C)(C)CC2)O1,CC#N,449.0345757
5731,Cc1cccc(Nc2ccccc2C(=O)O)c1C,ClC(Cl)Cl,442.0
2917,N#C/C(=C\c1ccc(C#N)cc1)c1nc(-c2ccccc2)cs1,CN(C)C=O,507.0
10702,COc1cc2c(cc1/C=C/C(=C(C#N)C#N)c1ccccc1)c1ccccc1n2C,CCOC(C)=O,548.5
1515,Oc1cccc(/N=C/c2ccccc2Oc2ccccc2)c1,CCOC(C)=O,420.0
11581,CCN(CC)c1ccc2c(C)cc(=O)oc2c1,OCC(O)CO,463.0
11295,COC1=C/C(=C\C=C2C=CN(Cc3ccc(Br)cc3)C=C2)C=CC1=O,CS(C)=O,669.0
12235,CC1(C)c2ccccc2N(c2ccc(-c3ncccn3)cc2)c2ccccc21,Cc1ccccc1,448.0
10303,CN(C)c1ccc(/C=C/c2cc[n+](CCC[n+]3ccc(/C=C/c4ccc(N(C)C)cc4)cc3)cc2)cc1,CC#N,608.9985628
2263,CC1(C)c2ccccc2N(c2ccc(-c3ccc(C#N)cc3)cc2)c2ccccc21,Cc1ccccc1,462.0
6810,COc1cccc(-n2c(-c3ccccc3)nc(C)c2C)c1,CC#N,373.0
11927,CC[n+]1ccc(/C=C/c2ccc3ccc4cccc5ccc2c3c45)cc1,OCC(O)CO,591.0
10408,CC(C)(C)c1ccc2c(c1)c1cc(C(C)(C)C)ccc1n2-c1ccc(S(=O)(=O)c2ccc(-n3c4ccc(C(C)(C)C)cc4c4cc(C(C)(C)C)ccc43)nc2)cn1,O=P(c1ccccc1)(c1ccccc1)c1ccc2sc3cccc(P(=O)(c4ccccc4)c4ccccc4)c3c2c1,467.0
10284,CCN(CC)c1ccc2cc(/C=C/C(=O)/C=C(O)/C=C/c3cc4ccc(N(CC)CC)cc4oc3=O)c(=O)oc2c1,ClCCl,593.0
893,F[B-]1(F)n2cccc2C=C2c3ccccc3C(c3ccc[nH]3)=[N+]21,CCCCCC,588.0
1490,CN(C)c1ccc2nc(-c3ccccc3)c(=O)oc2c1,c1ccccc1,500.0
1850,CCOc1ccc2c(-c3nc(-c4ccccc4F)no3)cc(=O)oc2c1,ClC(Cl)Cl,453.0
9003,COc1cc(/C=C/C2=CC(/C=C/c3ccc(OS(=O)(=O)c4ccc(C)cc4)c(OC)c3)=[O+][B-](F)(F)O2)ccc1OS(=O)(=O)c1ccc(C)cc1,ClCCl,505.07
7612,N#CC(C#N)=Cc1ccc2c(c1)c1ccccc1n2-c1cc2ccccc2c2ccccc12,CCCCC,451.0
324,Cc1ccc(C2=C3C=CC(C#Cc4ccccc4)=[N+]3[B-](F)(F)n3c(C#Cc4ccccc4)ccc32)cc1,C1CCOC1,625.0
1215,CC1(C)c2ccccc2N(c2ccc(-c3ccc(C#N)nc3)cc2)c2ccccc21,N#Cc1ccc2c(c1)c1ccccc1n2-c1cccc(-n2c3ccccc3c3ccccc32)c1,490.0
2933,COc1ccc(/C=C(\C#N)c2nc(-c3ccc(Cl)cc3)cs2)cc1,CC#N,472.0
4689,Cn1c(=O)c(/N=N/c2ccc(S(=O)(=O)O)c3ccccc23)c(O)c2ccccc21,CC(C)=O,564.0
9070,CC1(C)c2cccc(-c3nc(-c4ccccc4)nc(-c4ccccc4)n3)c2Oc2c(-n3c4ccccc4c4ccccc43)cccc21,Cc1ccccc1,419.0
10869,COc1ccc(-c2csc(/C(C#N)=C/c3ccncc3)n2)cc1,CC#N,561.0
10520,CC1=C(/C=C/c2ccccc2)C2=Cc3c(/C=C/c4ccccc4)c(C)c(C)n3[B-](F)(F)[N+]2=C1C,CC#N,589.0
11253,O=c1oc2ccccc2cc1-c1cc2ccccc2o1,CC#N,442.0
11923,CC[n+]1ccc(/C=C/c2ccc3ccc4cccc5ccc2c3c45)cc1,CC#N,597.0
1129,Cc1cc(O)c(C(C)C)cc1/N=C/c1ccc(O)cc1,C1CCOC1,406.0
11611,Nc1ccc2c(C(F)(F)F)cc(=O)oc2c1,CC(C)=O,466.0
2918,N#C/C(=C\c1ccc(C#N)cc1)c1nc(-c2ccccc2)cs1,Cc1ccccc1,472.0
9705,CN1c2ccccc2C(O)(c2ccccc2)c2cc([N+](=O)[O-])ccc21,CS(C)=O,566.8
3084,CC1=CC(/C=C/c2ccc(OCCCN=[N+]=[N-])cc2)=[N+]2C1=C(c1ccc(N3CCCCC3)cc1)c1c(C)cc(C)n1[B-]2(F)F,CO,586.0
4588,COc1cc2c(cc1C=C(C#N)C#N)c1ccccc1n2C,CC#N,515.0
4304,CCCCC1(CCCC)c2cc(C#Cc3ccc(C=C(c4ccccc4)c4ccccc4)cc3)ccc2-c2ccc(C#Cc3ccc(C=C(c4ccccc4)c4ccccc4)cc3)cc21,C1CCOC1,416.0
2795,CCCCCCCCCCOc1ccc(C#Cc2ccc(C#Cc3ccc(OCCCCCCCCCC)c(OCCCCCCCCCC)c3)c3nc4c5ccccc5c5ccccc5c4nc23)cc1OCCCCCCCCCC,C1CCOC1,558.0
5994,COc1ccc2c(c1)CCc1c-2nc(N)c(C#N)c1-c1ccc(Br)cc1,C1COCCO1,412.0
798,COc1ccc(-c2nc(C)cc(-c3ccc(-n4c5ccccc5c5ccccc54)cc3)n2)cc1,CN(C)C=O,453.0
734,C1=C(c2ccc(-c3cccs3)s2)CCCC1,C1CCOC1,423.0
6128,COc1cc2c(cc1OC)C1=C3C(=O)N4C=Cc5cc(OC)c(OC)cc5C4=C3C(=O)N1C=C2,CN(C)C=O,602.0
2244,CC1=CC(C)=[N+]2C1=C(c1ccc(N3CCOCC3)cc1)c1c(C)cc(C)n1[B-]2(F)F,CO,514.0
178,CN(C)c1ccc(/C=C/c2cc(/C=C/c3ccc(N(C)C)cc3)nc(/C=C/c3ccc(C(F)(F)F)cc3)n2)cc1,CS(C)=O,592.0
8488,CN(C)c1ccc(/C=C/C=C2\CC/C(=C\c3ccc(N(C)C)cc3)C2=O)cc1,c1ccncc1,643.0
9290,CCCCc1c2ccccc2c(-c2ccc(-c3nc4cc(CC(NC(=O)OC(C)(C)C)C(=O)OC)ccc4o3)cc2)c2ccccc12,CS(C)=O,454.5000045
1174,COc1ccc(/C=N/c2cc(C(C)C)c(O)cc2C)cc1,OCCO,426.0
9563,COC(=O)C(Cc1ccc2oc(-c3ccc(-n4c5ccccc5c5ccccc54)cc3)nc2c1)NC(=O)OC(C)(C)C,CC(C)(C)O,420.9994527
10735,CC(C)c1cccc(C(C)C)c1-n1c(=O)c2ccc3c4ccc5c(=O)n(-c6c(C(C)C)cccc6C(C)C)c(=O)c6cc7c(-c8ccccn8)nc8cc(c1=O)c2c3c8c7c4c56,ClC(Cl)Cl,485.0
1831,Cc1cc(-c2nc(-c3ccccc3)nc(-c3ccccc3)n2)cc(C)c1N1c2ccccc2CCc2ccccc21,Cc1ccccc1,475.7936508
9906,C#CCN1C(=O)/C(=C/c2cc(OC(C)C)ccc2OC(C)C)N=C1C,CCOC(C)=O,475.0
6475,COc1ccc(-c2nc3c(c4c2-c2ccccc2CC4)-c2ccccc2CC3)cc1,C1CCOC1,420.0
9843,CCCCCCCCOc1cc(/C=C/c2cc(OCCCCCCCC)c(/C=C/c3cc(OCCCCCCCC)c(Br)cc3OCCCCCCCC)cc2OCCCCCCCC)c(OCCCCCCCC)cc1Br,ClCCl,467.0
1781,Cc1cc(O)c(C(=O)/C=C/c2ccccc2Cl)c(=O)o1,CC#N,481.0
3201,CC1(C)c2ccccc2N(c2ccc3c(c2)S(=O)(=O)c2cc(N4c5ccccc5C(C)(C)c5ccccc54)ccc2C3(C)C)c2ccccc21,Cc1ccccc1,466.1184211
198,COc1ccc(/C=C/c2cc(/C=C/c3ccc(OC)cc3)nc(/C=C/c3ccc(C(F)(F)F)cc3)n2)cc1,CCCCCCC,398.0
10053,CN(C)c1ccc(/C=C/c2nc3cc(Br)ccc3nc2-c2ccccc2)cc1,ClCCl,601.0
4087,CN(C)c1ccc(-c2nc3nccnc3n2-c2ccccc2)cc1,CC#N,477.0
5193,c1ccc2c(-c3c4ccccc4c(-c4ccc(-n5c6ccccc6c6ccccc65)cc4)c4ccccc34)cccc2c1,ClCCl,421.0
548,CCCCN1C(=O)C(=C/C=C/C=C/C=C2N(CCCC)c3ccccc3N2CCCC)C(=O)N(CCCC)C1=S,CC#N,688.0
3339,CC(C)CCCCN1CCc2c1ccc1c3c(ccc21)CCCC3=O,CS(C)=O,643.0
11565,C=CC(=O)Oc1ccc2cc(C=C)c(=O)oc2c1,CC#N,430.0
9066,CC(C)(C)c1ccc2c(c1)c1cc(C(C)(C)C)ccc1n2-c1cccc2c1Oc1c(-c3nc(-c4ccccc4)nc(-c4ccccc4)n3)cccc1C2(C)C,Cc1ccccc1,451.0
6867,CC(=O)OCCN1C(=O)c2cccc3c(Oc4ccc(C=O)cc4)ccc(c23)C1=O,ClC(Cl)Cl,411.0
11231,COc1cccc2oc(-c3cc4c(OC)cccc4oc3=O)cc12,CS(C)=O,484.0
2532,CCOC(=O)c1ccc(C2=CC3=c4cc(-c5ccc(C(=O)OCC)cc5)c5nc(C(F)(F)C(F)(F)C(F)(F)F)nc6c(-c7ccc(C(=O)OCC)cc7)cc(c4c65)C4=CC(c5ccc(C(=O)OCC)cc5)=C5N=C(C(F)(F)C(F)(F)C(F)(F)F)N=C2C5C43)cc1,C1CCOC1,523.0
6145,Cc1cc(C)c(B(c2cc(-c3c(C)cc(C)cc3C)sc2-c2sc(-c3c(C)cc(C)cc3C)cc2P(=O)(c2ccccc2)c2ccccc2)c2c(C)cc(C)cc2C)c(C)c1,CO,536.0
2314,COc1ccc(C#Cc2c3ccccc3c(C#Cc3ccc(OC)cc3)c3cc4ccccc4cc23)cc1,ClCCl,576.0
9057,N#Cc1cccc2cc[nH]c12,CCO,382.0
8723,CC(C)(C)NC1=C2C=CC=[N+]2[B-](F)(F)n2cccc21,CCO,494.0
10105,CC1=NN(c2cccc3ccccc23)[B-](F)(F)[n+]2ccccc21,ClCCl,538.0
6004,O=C(/C=C/c1ccc(O)c(O)c1)O[C@H](Cc1ccc(O)c(O)c1)C(=O)O,CC#N,413.0
66,[BH3-][P+]1(c2ccccc2)c2ccccc2-c2sc3ccccc3c21,CC#N,401.0
5127,C#CCOc1ccc(/C=C/C2=[N+]3C(=C(c4ccc(N(CC)CC)cc4)c4c(C)cc(C)n4[B-]3(F)F)C(C)=C2)cc1,CO,582.0
4712,COc1ccc(-c2cc3c(s2)c(-c2ccccc2)cc(=O)n3C)cc1,CC#N,435.0
5214,O=C1CC(c2ccc(F)cc2)c2c(c3ccccc3c3nc4ccccc4nc23)O1,ClC(Cl)Cl,437.0
3260,CN(C)c1ccc(C2=Nc3sc4ccccc4[n+]3[B-](F)(F)O2)cc1,Cc1ccccc1,450.0
5033,Cc1ccc(C2=C3C=c4c(oc5ccccc45)=[N+]3[B-](F)(F)n3c2cc2c4ccccc4oc23)cc1,CN(C)C=O,598.5
2572,CCCCC1(c2ccccc2)Nc2c(-c3ccc(N(C)C)cc3)ccc(-c3ccc(N(C)C)cc3)c2N=C1c1ccccc1,CC#N,588.0
8382,COC(=O)C(Cc1ccc2oc(-c3ccc4c(c3)c3ccccc3n4-c3ccccc3)nc2c1)NC(=O)OC(C)(C)C,CCCCCCCCCC,373.9995512
8819,CN(C)c1ccc(/C=C/c2cc(/C=C/c3ccc(N(C)C)cc3)nc(/C=C/c3ccc(N(c4ccccc4)c4ccccc4)cc3)n2)cc1,CC(C)=O,561.0
622,CC(C)(C)c1ccc2c(c1)c1cc(C(C)(C)C)ccc1n2-c1cccc(-c2nc(-c3cccc(-n4c5ccc(C(C)(C)C)cc5c5cc(C(C)(C)C)ccc54)c3)nc(-c3cccc(P(=O)(c4ccccc4)c4ccccc4)c3)n2)c1,ClCCl,532.9853862
1681,COc1cccc(C2=CC3=C(c4c(C)cc(C)cc4C)c4cc(-c5cccc(OC)c5)c(-c5cccc(OC)c5)n4[B-](F)(F)[N+]3=C2c2cccc(OC)c2)c1,ClCCl,632.0
787,Cc1cc(C)c(C)c(-c2ccc3cc(C)c(=O)oc3c2)c1C,C1CCCCC1,383.0
3332,CC1=C(c2ccc(N(c3ccccc3)c3ccccc3)cc2)C(C)=[N+]2C1=C(c1c(-c3ccccn3)nc3ccccn13)c1c(C)cc(C)n1[B-]2(F)F,ClCCl,698.0
6991,c1ccc(-c2nc(-c3ccccc3)nc(-c3ccc(-c4ccc(N5c6ccccc6[Si](c6ccccc6)(c6ccccc6)c6ccccc65)cc4)cc3)n2)cc1,ClC(Cl)Cl,492.5925926
7487,COc1ccc(/C=C/c2nc(-c3ccc(C)cc3)[nH]c2/C=C/c2ccc(OC)cc2)cc1,ClCCl,493.0
10723,CC(C)[Si]1(C(C)C)c2cc(C=O)ccc2-c2ccc(N(c3ccccc3)c3ccccc3)cc21,C1CCCCC1,425.0
3280,CCN(CC)c1ccc2cc(-c3nc4ccccc4s3)c(=O)oc2c1,CC1CCCCC1,462.0
11068,Cc1cc(-c2ccc(C(C)(C)C)cc2)c2nsnc2c1-c1ccc(C(C)(C)C)cc1,ClCCl,489.0
11178,COc1c2ccccc2c(OC)c2c1c1cc(Cl)ccc1n2C,CO,428.0
8303,N#Cc1ccccc1N,CC#N,368.0
7104,CC(C)c1cc(C(C)C)c(B2c3cc(N4c5ccccc5C(C)(C)c5ccccc54)ccc3N(c3ccccc3)c3ccc(N4c5ccccc5C(C)(C)c5ccccc54)cc32)c(C(C)C)c1,C1CCOC1,485.7142857
10601,Oc1cc(N(c2ccccc2)c2ccccc2)ccc1-c1nc2c3ccc(-c4ccccc4)cc3c3cc(-c4ccccc4)ccc3c2[nH]1,CS(C)=O,429.0
515,CC(C)(C)NC(=O)c1ccc(C(=O)NC(C)(C)C)c2c1c1c3ccccc3c3ccccc3c1c1c3ccccc3c3ccccc3c21,ClCCl,476.0
478,CN(C)c1ccc(/C=C/C=C/C=C/c2ccc(N(C)C)cc2)cc1,CCOCC,471.0
9913,COCCN1C(=O)/C(=C/c2cccc(N(C)C)c2)N=C1C,CCCCCC,491.0
6434,COc1ccc(O[B-]2(Oc3ccc(OC)cc3)n3c(C)cc(C)c3C(c3ccc(I)cc3)=C3C(C)=CC(C)=[N+]32)cc1,ClC(Cl)Cl,518.4875585
8775,COC(=O)c1[nH]c(-c2ccccc2)c2nnc3ccsc3c12,ClCCl,478.0
2647,C(#Cc1ccc(-n2c3ccccc3c3ccccc32)cc1)c1ccc(-c2nc(-c3ccc(C#Cc4ccc(-n5c6ccccc6c6ccccc65)cc4)cc3)nc(-c3ccc(C#Cc4ccc(-n5c6ccccc6c6ccccc65)cc4)cc3)n2)cc1,Cc1ccccc1,428.0
10045,COC(=O)c1c(NC(C)(C)C)oc(-c2ccccc2)c1C(=O)OC,CC#N,446.0
6339,CC1=[N+]2C(=c3c4c5ccccc5cc5cccc(c6cc(C)n(c36)[B-]2(F)F)c54)C=C1,CCCCCC,637.0
8439,CC(C)(C)c1ccc(-c2nc3c4ccc(-c5ccc6ccc7cccc8ccc5c6c78)cc4c4cc(-c5ccc6ccc7cccc8ccc5c6c78)ccc4c3n2-c2ccc(C(C)(C)C)cc2)cc1,CN(C)C=O,459.0
1033,CC(C)(C)c1ccc2c(c1)sc1[n+]2[B-](F)(F)n2c(c3cccc4c(Br)ccc2c43)=C1C#N,CC#N,558.0
7072,CCCCCCc1cc2c(s1)-c1sc(CCCCCC)cc1P(c1ccccc1)(c1ccccc1)=[O+][B-]2(c1c(C)cc(C)cc1C)c1c(C)cc(C)cc1C,C1CCOC1,536.0
2598,COc1cc(C=O)cc(-c2[nH]c(=O)n3c2-c2ccccc2C3=O)c1O,ClCCl,467.0
6244,Nc1ccc(-c2ccc3c(c2)C(=O)c2ccccc2C3=O)cc1,CCOCC,643.0
9880,CCCCc1ccc(N(c2ccc(CCCC)cc2)c2ccc(-c3ccc4c(c3)S(=O)(=O)c3cc(-c5ccc(N(c6ccc(CCCC)cc6)c6ccc(CCCC)cc6)cc5)ccc3-4)cc2)cc1,Cc1ccccc1,471.0
8974,CC1(C)CC(/C=C/c2ccc(-n3ccnc3)cc2)=CC(=C(C#N)C#N)C1,ClCCl,504.0
8305,CCN(CC)c1ccc(OC)c(C=O)c1,CC#N,548.0
6860,COC(=O)c1[nH]c(-c2ccccc2)c2nnc3ccc(OC)cc3c12,ClCCl,475.0
344,CCCCN(CCCC)c1ccc(C#Cc2cc(C#Cc3ccc(C#N)cc3)c(C#Cc3ccc(N(CCCC)CCCC)cc3)cc2C#Cc2ccc(C#N)cc2)cc1,c1ccccc1,530.0
5521,C(=C/c1ccc(-c2ccc(/C=C/c3ccc(-n4c5ccccc5c5ccccc54)cc3)s2)s1)\c1ccc(-n2c3ccccc3c3ccccc32)cc1,CN(C)C=O,530.0
7530,Cc1cc(N2c3ccccc3C(C)(C)c3ccccc32)ccc1-c1cc(-c2ccc(N3c4ccccc4C(C)(C)c4ccccc43)cc2C)ncn1,O=P(c1ccccc1)(c1ccccc1)c1ccccc1Oc1ccccc1P(=O)(c1ccccc1)c1ccccc1,477.0
1871,COc1ccc(C(=O)/C=C2\C(=O)Nc3ccccc32)cc1,CCCCO,378.0
2977,COc1ccc(-c2ccc(/C=C/c3ccncn3)cc2)cc1,ClCCl,447.0
10538,O=C1c2ccccc2-c2ccc(Nc3nc(Cl)nc(Cl)n3)c3cccc1c23,CC(C)=O,521.1047421
3986,COC(=O)C(Cc1ccc2oc(-c3ccc(N(C)C)cc3)nc2c1)NC(=O)OC(C)(C)C,CCCCCCCCC,375.9963904
11781,COc1ccc(-c2c3c(n4ccc(C(C)=O)cc24)C(=O)N(CCCNC(=O)OC(C)(C)C)C3)cc1,CO,555.0
2888,c1ccc(N(c2ccccc2)c2ccc(-c3cccc4nc5ccccc5cc34)cc2)cc1,CC#N,572.0
8241,CN(C)c1ccc(/C=C/C(=O)O)cc1,CCOC(C)=O,421.0
4623,CN(C)c1ccc2c3c(c(=O)oc2c1)C=c1cc2c(cc1O3)=[N+](CCC(=O)O)CCC2,CO,640.0
4818,Cc1ccc(-c2cc(C)[o+]c(C)c2)cc1,ClCCl,417.0
6844,COc1cc(N(c2ccccc2)c2ccc(C=C(C#N)C#N)c(OC)c2)ccc1C=C(C#N)C#N,ClCCl,534.0
220,COc1ccc(/C=C/c2nc(/C=C/c3ccc(N(C)C)cc3)cc(/C=C/c3ccc(N(C)C)cc3)n2)cc1,Cc1ccccc1,480.0
11263,Cc1cccc2cc(-c3cc4cccc(C)c4oc3=O)oc12,CCOC(C)=O,436.0
12002,Cc1c2oc3c(C)c(N)cc(C(=O)NC4OC(=O)C(C(C)C)N(C)C(=O)CN(C)C(=O)C5CCCN5C(=O)C(C(C)C)NC4=O)c3nc-2c(C(=O)NC2OC(=O)C(C(C)C)N(C)C(=O)CN(C)C(=O)C3CCCN3C(=O)C(C(C)C)NC2=O)c(N)c1=O,c1ccccc1,621.2492079
7267,Nc1ccc2c(c1)C(=O)N(C13C[C@H]4C[C@@H](C1)C[C@@H](C3)C4)C2=O,CS(C)=O,480.0
10198,Cc1ccc2[nH]c(-c3ccc(-c4ccc(-c5ccc(-c6nc7cc(C)ccc7[nH]6)cc5)c(F)c4)cc3)nc2c1,CN(C)C=O,423.0
7700,Oc1ccc2ncccc2c1,ClCCl,354.0
6147,Cc1cc(C)c(B(c2cc(-c3ccc(C(F)(F)F)cc3)sc2-c2sc(-c3ccc(C(F)(F)F)cc3)cc2P(=O)(c2ccccc2)c2ccccc2)c2c(C)cc(C)cc2C)c(C)c1,CO,548.0
6607,COc1ccc2cc(-c3ccc([N+](=O)[O-])cc3)ccc2c1,CC#N,647.0
4016,N#Cc1c(-n2nnc3ccc(Cl)cc32)n([C@H]2C[C@H](O)[C@@H](CO)O2)c2ncnc(N)c12,CO,480.0
6193,COc1ccc(C#Cc2nc3ccccc3nc2-c2ccn(-c3ccccc3)c2)cc1,ClCCl,474.0
4248,CCN(CC)c1ccc(/C=C/c2ccc(-c3ccc(/C=C/c4ccc(N(CC)CC)cc4)s3)s2)cc1,C1CCOC1,544.0
11215,Fc1ccc(C#Cc2cc(C#Cc3ccc(F)cc3)c(C#Cc3ccc(F)cc3)c(C#Cc3ccc(F)cc3)c2C#Cc2ccc(F)cc2)cc1,ClCCl,421.0
8765,c1ccc(-c2nn(-c3ccccc3)c3nc4ccc(N(c5ccccc5)c5cccc6ccccc56)cc4cc23)cc1,CC#N,555.247085
10271,Cc1cc(C)c(B(c2ccc(-c3nc4c5ccccc5c5ccccc5c4[nH]3)cc2)c2c(C)cc(C)cc2C)c(C)c1,CC(C)=O,469.0
5868,CC(C)[Si]1(C(C)C)c2cc(C=O)ccc2-c2ccc(N(C)C)cc21,ClCCl,501.0
6521,CN(C)c1ccc(-c2nc3c(c4c2-c2ccccc2CC4)-c2ccccc2CC3)cc1,ClCCl,449.0
1264,CCCCC(CC)Cn1c2cc(C#N)c(-c3ccc(N(c4ccccc4)c4ccccc4)cc3)cc2c2cc(-c3ccc(N(c4ccccc4)c4ccccc4)cc3)c(C#N)cc21,C1CCOC1,494.0
4241,C(=C/c1ccc(N(c2ccc(/C=C/c3ccc(-c4cc(-c5ccccc5)nc(-c5ccccc5)c4)cc3)cc2)c2ccc(/C=C/c3ccc(-c4cc(-c5ccccc5)nc(-c5ccccc5)c4)cc3)cc2)cc1)\c1ccc(-c2cc(-c3ccccc3)nc(-c3ccccc3)c2)cc1,C1CCOC1,496.0
5650,c1cc2c3c(cccc3c1)NC(c1ccc3ccc4cccc5ccc1c3c45)N2,CS(C)=O,420.0
6369,Fc1ccc(-c2ccc(-c3cc(-c4ccccn4)nc(-c4ccccn4)c3)cc2)c(F)c1,ClCCl,358.0
11138,CCCCC(CC)CN1C(=O)c2cccc3c(C#Cc4ccc(N(c5ccc(C#Cc6ccc7c8c(cccc68)C(=O)N(CC(CC)CCCC)C7=O)cc5)c5ccc(C#Cc6ccc7c8c(cccc68)C(=O)N(CC(CC)CCCC)C7=O)cc5)cc4)ccc(c23)C1=O,C1CCOC1,633.0
11584,C=Cc1cc2ccccc2oc1=O,CC#N,413.0
12087,C=Cc1ccc(-c2ccc(-c3nnc(-c4ccc(-c5nnc(-c6ccc(-c7ccc(C=C)cc7)s6)o5)cc4)o3)s2)cc1,ClC(Cl)Cl,398.0
7089,O=C1c2ccccc2-c2ccc(N3CCN(c4ccccc4)CC3)c3cccc1c23,ClC(Cl)Cl,591.0
10421,CN(C)CCCN1c2ccccc2CCc2ccc(Cl)cc21,CO,353.0
2881,Cc1nc(-c2ccccc2)c2ccccn12,CO,473.0
1677,COc1cccc(C2=CC3=C(c4c(C)cc(C)cc4C)c4cc(-c5cccc(OC)c5)c(-c5cccc(OC)c5)n4[B-](F)(F)[N+]3=C2c2cccc(OC)c2)c1,C1CCCCC1,633.0
6486,CCN(CC)c1ccc(-c2nc3c(c4c2-c2ccc(C#N)cc2CC4)-c2ccc(C#N)cc2CC3)cc1,CCOC(C)=O,494.0
11376,C(=C/c1c2ccccc2cc2ccccc12)\c1cccc2ccccc12,CC#N,503.0
901,Cc1cc(C)c(C2=[N+]3C(=Cc4c(C)cc(C)n4[B-]3(F)F)c3ccccc32)[nH]1,Cc1ccccc1,633.0
9363,COc1cc(OC)cc(-c2nnc(-c3ccc(-c4nnc(-c5cc(OC)cc(OC)c5)o4)cc3)o2)c1,CC#N,405.0
2296,C/C(=C\c1ccc(Cl)cc1)c1nc2ccccc2o1,C1CCCCC1,375.0
3402,CCN(CC)c1ccc2cc(-c3csc(NC(C)=O)c3C#N)c(=O)oc2c1,CS(C)=O,479.0
8781,CC1=[N+]2C(=C(c3ccc(Br)cc3)c3ccc(C)n3[B-]2(F)F)C=C1c1cc2n(c1)[B-](F)(F)[N+]1=CC=CC1=C2c1c(C)cc(C)cc1C,CCOC(C)=O,670.0
296,CC(C)CCCC(C)CCN1C(=O)c2ccc3c(-c4ccccc4)c4c5ccc6c7c(ccc(c(-c8ccccc8)c4c4ccc(c2c34)C1=O)c75)C(=O)N(CCC(C)CCCC(C)C)C6=O,ClCCl,704.0
10767,COc1ccc(-n2nc(C#N)c(NC3CCCCC3)n2)cc1,CC#N,402.0
4153,Cc1cc(C)c(B2c3cc(C(C)(C)C)ccc3-c3c(-c4ccccc4)ccc4cc(C(C)(C)C)cc2c34)c(C)c1,C1CCCCC1,470.0
9955,CC1=N/C(=C\c2ccccc2N)C(=O)N1C,CO,454.0
9924,CC(O)CC1=N/C(=C\c2cccc(N(C)C)c2)C(=O)N1C,CCCCCC,506.0
27,c1ccc(-c2ccc(-c3ccccc3)s2)cc1,C1CCOC1,389.0
9663,N#Cc1ccc(/C=C/C=C/c2ccc([N+](=O)[O-])cc2)cc1,CN(C)C=O,540.0
9075,CN(C)c1ccc(/C=C/c2ccc3ncnc(Nc4ccccc4)c3c2)cc1,ClC(Cl)Cl,495.0
3829,Cc1cccc(C)c1N1C(c2ccccc2)=Cc2ccc3ccccc3[n+]2[B-]1(F)F,ClCCl,468.0
8495,CCn1c(=O)nc2n(C)c3cc(C)ccc3nc-2c1=O,CC#N,530.0
3248,CN(C)c1ccc(C2=Nc3sc4cc(Cl)ccc4[n+]3[B-](F)(F)O2)cc1,CC#N,491.0
8046,COc1ccc(OC)c(C(=O)O)c1,CO,388.0
9704,CN1c2ccccc2C(O)(c2ccccc2)c2cc([N+](=O)[O-])ccc21,CO,544.7
7810,CN(C)c1cccc2c1-c1ccccc1C2=O,CC#N,646.0
2580,CCCCC1(c2ccccc2)Nc2c(-c3ccc(OC)cc3)ccc(-c3ccc(OC)cc3)c2N=C1c1ccccc1,CN(C)C=O,568.0
6637,Cc1cc(C)c(B(c2ccccc2-n2c3ccccc3c3ccccc32)c2c(C)cc(C)cc2C)c(C)c1,CC(C)=O,485.8247423
9112,Nc1ccc2c(c1)Cc1ccccc1-2,ClCCl,353.0
11638,N#Cc1cc2ccc(O)cc2oc1=O,O,410.0
1370,CCN(CC)c1ccc2cc(/C(Cl)=C/C=C/C(=C(C#N)C#N)c3ccc(N(c4ccccc4)c4ccccc4)cc3)c(=O)oc2c1,CC(C)=O,712.0
12086,C=Cc1ccc(-c2ccc(-c3nnc(-c4ccc(-c5nnc(-c6ccc(-c7ccc(C=C)cc7)s6)o5)cc4)o3)s2)cc1,Cc1ccccc1,399.0
9281,CCCCc1c2ccccc2c(-c2ccc(-c3nc4cc(CC(NC(=O)OC(C)(C)C)C(=O)OC)ccc4o3)cc2)c2ccccc12,CC1CCCCC1,420.5002271
11862,NS(=O)(=O)c1ccc(N2N=C(c3ccc(O)cc3)CC2c2ccc(Br)cc2)cc1,CC(C)O,423.0
5551,O=C1c2ccccc2C2=Cc3ccccc3B(O)N12,CS(C)=O,438.0
7458,c1ccc(-c2cc3cccc4cc(-c5ccccc5)c5cc(-c6cc7[b-]8c(c6)c(-c6ccccc6)cc6cccc(cc7-c7ccccc7)[n+]86)cc2[b-]5[n+]34)cc1,C1CCCCC1,521.0
5254,COc1ccc(-n2c(-c3ccc(-c4cncc5ccccc45)cc3)nc3c4ccccc4c4ccccc4c32)cc1,C1CCOC1,429.0
681,CCCN1/C(=C/C=C(/C=C/c2sc3ccccc3[n+]2CCC)c2ccc([N+](=O)[O-])cc2)Sc2ccccc21,CO,663.0
11410,Cc1nn(-c2ccccc2)c(C2=NN(c3ccc(Br)cc3)[C@@H](c3ccccc3)[C@@H]2c2ccccc2)c1C#N,C1CCOC1,483.0
4775,CC[N+](CC)=c1ccc2nc3c(cc(NCCC(=O)NC(C)C(=O)OC)c4ccccc43)oc-2c1,O,684.0
5422,CCCC1=Cc2nc1ccc1[nH]c(cc1CCC)c1nc(c(OC(=O)CCCC(=O)OC(C)(C)C)cc3[nH]c2cc3CCC)C(CCC)=C1,Cc1ccccc1,651.0
3159,Oc1ccccc1-c1nc(-c2ccccc2)c2ccccn12,C1CCCCC1,479.0
8910,COC(=O)c1cc(=O)n(Cc2ccccc2)c2cc(-c3ccc(N(C)C)cc3)sc12,CC#N,610.0
2987,Fc1c(F)c(F)c([B-]2(c3c(F)c(F)c(F)c(F)c3F)Oc3c(ccc4c5c(ccc34)C=[N+](c3ccccc3)[B-](c3c(F)c(F)c(F)c(F)c3F)(c3c(F)c(F)c(F)c(F)c3F)O5)C=[N+]2c2ccccc2)c(F)c1F,CC#N,577.0
4908,CNc1ncc2nc(C(=O)OC)n(Cc3ccccc3)c2n1,CC#N,413.0
1882,Cc1ccc(C(=O)/C=C2\C(=O)Nc3ccccc32)cc1,CCCCCC,376.0
6114,COc1ccc(C#Cc2ccc(C#N)cc2)cc1,CCOC(C)=O,377.0
8490,Cc1cc(C)c2c(c1)nc1c(=O)n(C)c(=O)nc-1n2C,CC#N,552.0
1940,O=C1Nc2ccccc2/C1=C/C(=O)c1ccccc1,CC(C)(C)O,407.0
3296,Cc1ccc(N(CC(=O)[O-])CC(=O)[O-])cc1OCCOc1cc(-c2cc3ccc(C(=O)[O-])cc3[nH]2)ccc1N(CC(=O)[O-])CC(=O)[O-],O,482.0
3534,c1ccc(-c2nc3c(ccc4[nH]ccc43)o2)cc1,Cc1ccccc1,390.0
10062,COc1ccc(N(c2ccc(OC)cc2)c2cc3ccc4cc(B(c5c(C)cc(C)cc5C)c5c(C)cc(C)cc5C)cc5ccc(c2)c3c45)cc1,CC(C)=O,600.0
3729,CC1(C)c2ccccc2N(c2ccc(-c3nnc(-c4ccccc4O)o3)cc2)c2ccccc21,CCOC(C)=O,504.0
490,CN(C)c1ccc(C=C/C=C/C=C/c2ccc(C#N)cc2)cc1,CC#N,658.0
9139,CN(C)c1ccc2c(c1)Cc1ccccc1-2,O,393.0
1181,CCn1c2ccsc2c2c3nsnc3c3c4sccc4n(CC)c3c21,CCOC(C)=O,538.0
1375,CCN(CC)c1ccc2cc(/C(Cl)=C/C=C/C(=C(C#N)C#N)c3ccc(N(c4ccccc4)c4ccccc4)cc3)c(=O)oc2c1,ClCCl,641.0
5014,Cc1ccccc1C1=C2C=c3c(oc4ccc(F)cc34)=[N+]2[B-](F)(F)n2c1cc1c3cc(F)ccc3oc12,CO,587.5
7873,C(/C=C/c1cc2c3c(c1)CCCN3CCC2)=C\c1ccncc1,CO,583.0
6875,CCC1(CC)c2ccccc2-c2ccc(C#Cc3ccc4ccc5cccc6ccc3c4c56)cc21,CC#N,408.0
626,CC(C)(C)c1ccc2c(c1)Sc1cc(C(C)(C)C)ccc1N2c1ccc2c(ccc3nc4ccc5cc(N6c7ccc(C(C)(C)C)cc7Sc7cc(C(C)(C)C)ccc76)ccc5c4nc32)c1,C1CCCCC1,575.0
4758,CC1=C(c2ccccc2)C2=Cc3c(-c4ccccc4)c(C)c(C)n3[B-](F)(F)[N+]2=C1C,CC#N,549.0
11632,N#Cc1cc2ccc(O)cc2oc1=O,C1CCCCC1,411.0
2112,c1cc2ccc1CCCc1ccc(c3nsnc13)CCC2,ClC(Cl)Cl,496.0
8466,CN(C)c1ccc(/C=C/C=C2\CC/C(=C\c3ccc(N(C)C)cc3)C2=O)cc1,C1CCOC1,649.0
7890,COc1ccc2cc3c(C)cc(=O)oc3cc2c1,CC#N,453.0
6225,Cc1ccc(-n2c3ccccc3c3cc(C=C(C#N)C#N)ccc32)cc1,CS(C)=O,524.0
1767,Cc1cc(O)c(C(=O)/C=C/c2ccc(Cl)cc2)c(=O)o1,CC#N,497.0
10626,CC(=O)c1c2c(cc3cc(N(C)C)ccc13)CCC2,CC#N,545.0
4180,c1ccc(-c2nc(-c3ccccc3)c(-c3ccccc3)[nH]2)cc1,CO,386.5
9278,CCCCc1c2ccccc2c(-c2ccc(-c3nc4cc(CC(NC(=O)OC(C)(C)C)C(=O)OC)ccc4o3)cc2)c2ccccc12,CC(C)CC(C)(C)C,419.0008506
9718,CCc1ccc(-c2nc(-c3ccc(-n4c5ccccc5c5ccccc54)cc3)cc(-c3ccc(-n4c5ccccc5c5ccccc54)cc3)n2)cc1,ClC(Cl)Cl,435.0
1462,COc1ccc(-c2ccc(-c3ccc(C#N)s3)s2)cc1,CCO,474.0
2887,c1ccc(N(c2ccccc2)c2ccc(-c3cccc4nc5ccccc5cc34)cc2)cc1,C1CCOC1,535.0
6957,CC1=CC(/C=C/c2ccccc2)=[N+]2C1=C(c1ccccc1)c1c(C)cc(/C=C/c3ccccc3)n1[B-]2(F)F,Cc1ccccc1,641.0
684,CN1/C(=C/C=C(/C=C/c2sc3ccccc3[n+]2C)c2cc(F)cc(F)c2)Sc2ccccc21,CCO,670.0
4539,COc1ccc(C2=C(c3ccc(OC)cc3)C(C)(C)c3ccccc32)cc1,C1CCCCC1,391.0
4514,CC(C)(C)c1ccc(-c2nc3c4ccc(-c5cccc6ccccc56)cc4c4cc(-c5cccc6ccccc56)ccc4c3n2-c2ccc(C(C)(C)C)cc2)cc1,CN(C)C=O,394.0
9421,CC(C)(C)c1ccc2c(c1)c1cc(C(C)(C)C)ccc1n2-c1ccc2oc3nc4oc5ccc(C(F)(F)F)cc5c4cc3c2c1,CS(C)=O,517.0
9639,CN(C)c1ccc(/C=C/C=C/c2ccc(B(O)O)cc2)cc1,C1CCCCC1,441.0
1366,Cc1ccc2cc3c(=O)n(C)c(=O)n(C)c3nc2c1,CCO,409.0
3916,c1ccc(-c2nc(-c3ccccc3)nc(-c3ccc(-n4c5ccccc5c5c6c(ccc54)C4(c5ccccc5-c5ccccc54)c4ccccc4-6)cc3)n2)cc1,C1COCCO1,453.7037037
12021,CCCCC(CC)Cn1c2ccc(-n3c4ccccc4c4ccccc43)cc2c2cc(-n3c4ccccc4c4ccccc43)ccc21,C1CCOC1,391.0
2639,COc1ccc(OC)c(-c2[nH]c(=O)n3c2-c2ccccc2C3=O)c1,CO,484.0
11599,CC(=O)c1c(N[C@@H](CC(C)C)C(=O)O)c2ccc(N(C)C)cc2oc1=O,ClCCl,446.0
5602,Cn1c2ccccc2c2cc(/C=C/C3=[O+][B-](F)(F)OC(/C=C/c4ccc5c(c4)c4ccccc4n5C)=C3c3ccccc3)ccc21,ClCCl,636.0
11064,C[n+]1cc2ccc3c[n+](C)cc4ccc(c1)c2c34,CC#N,423.0
5729,Cc1cccc(Nc2ccccc2C(=O)O)c1C,CN(C)C=O,385.0
5730,Cc1cccc(Nc2ccccc2C(=O)O)c1C,CO,390.0
7565,O=C(c1ccc(N(c2ccccc2)c2ccccc2)cc1)[C@H]1[C@H](c2ccc(F)cc2)C[C@](O)(c2ccccn2)C[C@]1(O)c1ccccn1,C1CCOC1,502.0
8479,CN(C)c1ccc(/C=C/C=C2\CC/C(=C\c3ccc(N(C)C)cc3)C2=O)cc1,CO,737.0
2300,C/C(=C\c1ccccc1)c1nc2ccccc2o1,C1CCCCC1,370.0
4787,CN(C)c1ccc(N2c3sc4ccccc4c3Sc3sc4ccccc4c32)cc1,ClCCl,424.0
2938,Cn1cccc1-c1cc(C#N)ccc1C#N,C1CCOC1,489.0
5659,CCCCCCCCCCCCN1C(=O)c2c(c3ccc4cc(-c5ccc(C=O)cc5)c(OC)cc4c3c3c2ccc2cc(-c4ccc(C=O)cc4)c(OC)cc23)C1=O,ClCCl,523.0
10845,O=P(c1ccccc1)(c1ccccc1)c1ccc(-n2c(-c3ccccc3P(=O)(c3ccccc3)c3ccccc3)nc3ccccc32)cc1,ClCCl,384.0
10613,c1cc2c3c(cccc3c1)C(N1CCOCCOCCN(C3=Nc4cccc5cccc3c45)CCOCC1)=N2,CC#N,590.0
7567,O=C(c1ccc(N(c2ccccc2)c2ccccc2)cc1)[C@H]1[C@H](c2ccc(F)cc2)C[C@](O)(c2ccccn2)C[C@]1(O)c1ccccn1,CCO,515.0
1979,O=C1OC(=O)c2ccc(N(c3ccccc3)c3ccc4ccccc4c3)c3cccc1c23,ClCCl,638.0
5979,C(=C(c1ccccc1)c1ccccc1)c1ccc(-c2cc(-c3ccc(C=C(c4ccccc4)c4ccccc4)cc3)c(-c3ccc(C=C(c4ccccc4)c4ccccc4)cc3)cc2-c2ccc(C=C(c3ccccc3)c3ccccc3)cc2)cc1,C1CCOC1,440.0
3803,C#CCn1c2ccccc2c2cc(/C=C/C3=[N+]4C(=C(c5ccc(I)cc5)c5c(C)c(Cl)c(/C=C/c6ccc7c(c6)c6ccccc6n7CC#C)n5[B-]4(F)F)C(C)=C3Cl)ccc21,CC#N,731.0
4534,O=C(/C=C/c1cn(-c2ccccc2)nc1-c1ccccc1)c1c(O)c2ccccc2oc1=O,ClC(Cl)Cl,493.0
11722,CCC12C(=C3C(=C4c5ccc(-c6ccc(C)s6)cc5S(=O)(=O)C41CC)C(F)(F)C(F)(F)C3(F)F)c1ccc(-c3ccc(C)s3)cc1S2(=O)=O,C1COCCO1,591.0
9919,C/C=C/C=C/C1=N/C(=C\c2ccc([O-])cc2)C(=O)N1C,O,565.0
9265,C#CCn1c2ccccc2c2cc(/C=C/c3cc(C)c4n3[B-](F)(F)[N+]3=C(C)C=C(C)C3=C4c3ccc(I)cc3)ccc21,CC#N,605.0
10750,Fc1c(F)c(F)c2c(c1F)C1=Nc3c4c(F)c(F)c(F)c(F)c4c4n3[B-]3(Cl)n5c(c6c(F)c(F)c(F)c(F)c6c5=N4)=NC2=[N+]13,CN(C)C=O,582.0
9194,c1ccc(/C(=C(\c2ccccc2)c2cc(-c3ccc(-c4ccccc4)cc3)ccc2-c2ccc(-c3ccccc3)cc2)c2cc(-c3ccc(-c4ccccc4)cc3)ccc2-c2ccc(-c3ccccc3)cc2)cc1,C1CCOC1,496.0
4800,CC1=CC(C)=[N+]2C1=Cc1c3ccccc3c(C#Cc3ccsc3)n1[B-]2(F)F,CCCCCCCCO,621.0
2280,CN(C)c1[se]c(-c2ccc(Cl)cc2)nc1-c1ccccc1,ClC(Cl)Cl,455.0
8665,CCC1=C(C)C2=Cc3c(I)c(I)c(I)n3[B-](F)(F)[N+]2=C1C,CCOC(C)=O,553.5
6247,Nc1ccc(-c2ccc3c(c2)C(=O)c2ccccc2C3=O)cc1,ClCCl,695.0
4469,CCCCCOc1cc2oc(=O)c3c4ccc(C#N)cc4c4ccc5cccc6c(c1)c2c3c4c56,C1CCOC1,444.0
5133,CCN(C)c1ccc(C2=C3C(C)=CC(/C=C/c4ccc(OCC(=O)OC)cc4)=[N+]3[B-](F)(F)n3c(C)cc(C)c32)cc1,CO,581.0
7767,Nc1ccc2c(c1)-c1ccccc1C2=O,CC#N,544.0
998,CCN(CC)c1ccc2cc(/C=C/C3=C4CC/C(=C\c5cc6ccc(N(CC)CC)cc6oc5=O)C4=[O+][B-](F)(F)O3)c(=O)oc2c1,CC#N,758.0
4130,CCN1/C(=C\c2c(-c3ccc(N(C)C)cc3)c(=O)c2=O)C=Cc2ccccc21,Cc1ccccc1,434.0
5266,O=C(O)c1c2ccccc2nc2ccccc12,ClC(Cl)Cl,436.0
8643,C#CCNC1=C2C=CC=[N+]2[B-](F)(F)n2cccc21,CCO,465.5
12026,COc1ccc(-c2c3ccc([nH]3)c3nc(c(-c4ccc(C#N)cc4)c4ccc([nH]4)c4ccc([nH]4)c(-c4ccc(OC)cc4)c4ccc2o4)C=C3)cc1,C1CCOC1,736.0
1784,Cc1cc(O)c(C(=O)/C=C/c2ccccc2O)c(=O)o1,ClCCl,477.0
3182,CN(C)c1ccc(-c2ccc(-c3nc(C#N)c(C#N)n3C)cc2)cc1,CO,440.0
10623,CC(=O)c1c2c(cc3cc(N(C)C)ccc13)CCC2,C1CCCCC1,445.0
494,CN(C)c1ccc(C=C/C=C/C=C/c2ccc(C#N)cc2)cc1,CCO,637.0
6720,CC(C)(C)OC(=O)NCCCC(=O)OCc1ccc2c3cccc4cccc(c5cccc1c52)c43,CCO,446.0
10622,CC(=O)c1c2c(cc3c(N(C)C)cccc13)CCC2,ClCCl,562.0
11372,OCc1cc2c(cc3ccc4cccc5ccc2c3c45)[nH]1,CCOC(C)=O,404.0
2860,COc1nc(Cl)nc(Nc2ccc3cc4ccccc4cc3c2)n1,CC#N,431.0
2038,COc1ccc(/C=C/c2ccccc2)cc1,CCOC(C)=O,366.0
4041,CCOC(=O)c1c(-c2cc3ccccc3oc2=O)nn(-c2ccc(C)c(C)c2)c1C(=O)OCC,ClCCl,408.0
10256,c1ccc2c(-c3cc(-c4nccs4)nc(-c4nccs4)c3)c3ccccc3cc2c1,CC#N,463.0
2897,O=c1c2ccccc2sc2ccc(-n3c4ccccc4c4ccccc43)cc12,C1CCOC1,452.5
366,CN(C)c1ccc(-c2ccc(-c3ccc(N(C)C)cc3)c3nc(-c4ccccc4)c(-c4ccccc4)nc23)cc1,CC#N,646.0
849,OCC1O[C@@H](Cc2cc(O)cc(/C=C/c3ccc(O)c(O)c3)c2)[C@H](O)[C@@H](O)[C@@H]1O,CCCO,386.0
7837,C(#Cc1ccc(N(c2ccc(C#Cc3ccc(-c4cc(-c5ccccc5)nc(-c5ccccc5)c4)cc3)cc2)c2ccc(C#Cc3ccc(-c4cc(-c5ccccc5)nc(-c5ccccc5)c4)cc3)cc2)cc1)c1ccc(-c2cc(-c3ccccc3)nc(-c3ccccc3)c2)cc1,Cc1ccccc1,426.0
12095,COc1c2ccccc2c(OC)c2c(C#C[Si](C(C)C)(C(C)C)C(C)C)c3cc4ccccc4cc3c(C#C[Si](C(C)C)(C(C)C)C(C)C)c12,ClCCl,712.0
8091,O=Cc1cc(O)c(C=O)cc1O,CS(C)=O,495.0
8184,COCCOCCOCCOc1ccc(OCCOCCOCCOC)c(C=O)c1,O,485.0
2653,CC(=O)[B-]1(C(C)=O)OC(C)=CC(c2ccc3ccccc3c2)=[O+]1,CC#N,470.0
3503,COC(=O)c1ccc(Oc2ccc3c4c(cccc24)C(=O)N(c2c(C(C)C)cccc2C(C)C)C3=O)cc1,ClCCl,421.0
8449,CC1=[N+]2C(=C(c3ccc(C(=C(c4ccccc4)c4ccccc4)c4ccccc4)cc3)c3ccc(C)n3[B-]2(F)F)C=C1,C1CCOC1,530.0
6095,COC(=O)c1ccc(C#Cc2ccccc2)cc1,CO,363.5966985
1541,Oc1ccc(/N=C/c2ccccc2Oc2ccccc2)cc1,CCCCCCCO,413.0
6273,CCC1=C(C)C2=C(/C=C/c3ccc([N+](=O)[O-])cc3)c3c(C)c(CC)c(C)n3[B-](F)(F)[N+]2=C1C,ClCCl,532.0
10865,N#CC(C#N)=C(/C=C/c1ccc(N(c2ccccc2)c2ccccc2)cc1)c1ccc2c3c(cccc13)CC2,CN(C)C=O,652.0
322,CCCCN(CCCC)c1ccc(/C=C/c2ccc(-c3ccc(/C=C/c4ccc(N(CCCC)CCCC)cc4)cc3)cc2)cc1,Cc1ccccc1,455.4
2031,COc1cccc(/C=C/c2ccccc2)c1,CCCCOCCCC,358.0
7907,COc1ccc(-n2c3ccccc3c3cc(/C=C/C(=C(C#N)C#N)c4ccccc4)ccc32)cc1,CS(C)=O,601.0
7145,CC/[NH+]=c1\cc2oc3cc(NCCN)c4ccccc4c3nc-2cc1C,O,647.0
813,CCn1c2ccccc2c2cc(-c3cc(-c4ccc5c(c4)c4ccccc4n5CC)nc(-c4ccccc4)n3)ccc21,CN(C)C=O,415.0
2528,CC1(C)OB(c2cc3ccc4cc(B5OC(C)(C)C(C)(C)O5)cc5ccc(c2)c3c45)OC1(C)C,Cc1ccccc1,400.0
12077,C=Cc1ccc(-c2ccc(-c3nnc(-c4ccc(-c5nnc(-c6ccc(-c7ccc(C=C)cc7)s6)o5)cc4)o3)s2)cc1,C1COCCO1,397.0
6730,Cc1ccccc1-c1c2ccc(=[N+]3CCCC3)cc-2oc2cc(N3CCCC3)ccc12,ClCCl,573.0
11272,COc1cccc2cc(-c3cc4cccc(OC)c4oc3=O)oc12,CC#N,488.0
11474,Fc1ccc(-c2nc3n(c2-c2ccncc2)CCS3)cc1,CC#N,420.0
5274,COC(=O)c1c2ccccc2nc2ccccc12,CO,432.0
1079,C(=C/c1ccncn1)\c1ccc(-c2ccc(N(c3ccccc3)c3ccccc3)cc2)cc1,CS(C)=O,609.0
2226,F[B-]1(F)n2c(nc(-c3ccccc3)c2-c2ccccc2)-c2cccc[n+]21,CCCCCC,512.5
9571,COC(=O)C(Cc1ccc2oc(-c3ccc(-n4c5ccccc5c5ccccc54)cc3)nc2c1)NC(=O)OC(C)(C)C,CCCCCO,408.997955
11194,COc1c2ccccc2c(OC)c2c1c1ccc(F)cc1n2C,CO,410.0
3515,C(#Cc1cc2ccc3cccc4ccc(c1)c2c34)c1ccccc1,Cc1ccccc1,399.0
2705,Cc1ccccc1C(=O)NN1C2=C(CC3=C1CC(C)(C)CC3=O)C(=O)CC(C)(C)C2,C1CCOC1,434.0
9170,CC[N+]1(CC)CN2C(C)=CC(C)=C(C(=O)[O-])C2=N1,O,449.0
6403,CCCCN1C(=O)C(=CC=C2N(CCCC)c3ccccc3N2CCCC)C(=O)N(CCCC)C1=S,CCO,478.0
1164,COc1ccc(/C=N/c2cc(C(C)C)c(O)cc2C)cc1,CCCCCC,401.0
3261,c1ccc(-c2nc(-c3ccccc3)nc(-c3ccc(-n4c5ccccc5c5ccccc54)cc3)n2)cc1,Cc1ccccc1,416.0
7220,COc1ccc(-c2c3nc(cc4ccc([nH]4)c(-c4ccc(OC)c(OCCCC(=O)O)c4)c4nc(cc5ccc2[nH]5)CC4)C=C3)cc1OCCCC(=O)O,CS(C)=O,651.0
8917,Oc1c(-c2nc3c4ccccc4c4ccccc4c3[nH]2)cc2c3c1CCCN3CCC2,CC#N,478.0
1450,CCOC(=O)CSc1nc(-c2ccc(OC)cc2)c(C)c(C#N)c1C#N,c1ccccc1,432.0
6126,COc1ccc(C#Cc2ccc(C#N)cc2)cc1OC,ClCCl,417.0
4229,Cc1n[nH]c2c1C(c1ccc([N+](=O)[O-])cc1)C(C#N)=C(N)O2,CO,417.0
3862,COC(=O)c1[nH]c(-c2ccccc2)c2nnc3c4ccccc4oc3c12,ClCCl,473.0
2936,Cn1cccc1-c1ccc(C#N)cc1,CCCCOCCCC,367.0
9898,CCCCCCn1c2ccccc2c2cc(-c3ccc(-c4cc(-c5ccccn5)nc(-c5ccccn5)c4)cc3)ccc21,ClCCl,447.0
3917,c1ccc(-c2nc(-c3ccccc3)nc(-c3ccc(-n4c5ccccc5c5c6c(ccc54)C4(c5ccccc5-c5ccccc54)c4ccccc4-6)cc3)n2)cc1,CN(C)C=O,525.2314815
5487,Cc1cc(C)c(B(c2c(C)cc(C)cc2C)c2cc3cc(N(C)C)c4ccccc4c3c3c2ccc2ccccc23)c(C)c1,ClC(Cl)Cl,536.0
7384,COc1ccc(-c2ccc(-c3ccc(OC)cc3)cc2)cc1,C1CCCCC1,360.0
9982,Nc1ccc2c(c1)C(=O)c1ccc(N)cc1C2=O,CC(C)O,616.0
1723,N#C/C(=C\c1ccc([N+](=O)[O-])cc1)c1nc2ccccc2s1,C1CCCCC1,450.0
9359,O=P1(c2ccccc2)c2ccc(N3c4ccccc4Oc4ccccc43)cc2-c2cc(N3c4ccccc4Oc4ccccc43)ccc21,c1ccc2c(c1)c1ccccc1n2-c1ccc(-c2ccc(-n3c4ccccc4c4ccccc43)cc2)cc1,551.0
10951,CCN(CC)c1ccc2cc(-c3ccc(C(F)(F)F)cc3)oc(=O)c2c1,CN(C)C=O,462.0
6778,Cc1cc(C(F)(F)F)nc2c1ccc1nc(-c3ccc(Cl)cc3)cn12,CC#N,463.0
4056,O=C1/C(=C\c2ccc(N(c3ccccc3)c3ccccc3)cc2)S(=O)(=O)c2ccccc21,C1COCCO1,600.0
11662,CC[C@H](C)[C@H](Nc1c(C(C)=O)c(=O)oc2cc(N(C)C)ccc12)C(=O)O,ClCCl,445.0
2999,O=[N+]([O-])c1ccc([N+]2=Cc3ccc4c5c(ccc4c3O[B-]2(c2c(F)c(F)c(F)c(F)c2F)c2c(F)c(F)c(F)c(F)c2F)C=[N+](c2ccc([N+](=O)[O-])cc2)[B-](c2c(F)c(F)c(F)c(F)c2F)(c2c(F)c(F)c(F)c(F)c2F)O5)cc1,ClCCl,620.0
10512,CCn1c2ccccc2c2cc(C#Cc3cc(C#Cc4ccc5c(c4)c4ccccc4n5CC)nc(C#N)n3)ccc21,C1CCOC1,495.0
11050,O=[N+]([O-])c1ccc(F)cc1C1CC(c2cccc3ccccc23)=NN1c1ccccc1,CCOC(C)=O,463.0
1231,CC1=NN(c2ccccc2)C(=O)/C1=C/c1cn(-c2ccccc2)nc1-c1ccccc1,CS(C)=O,437.0
1514,Oc1cccc(/N=C/c2ccccc2Oc2ccccc2)c1,CCCO,395.0
2313,Cc1ccc(C2=C3C=CC(Sc4ccccc4)=[N+]3[B-](F)(F)n3c(Sc4ccccc4)ccc32)cc1,C1CCOC1,599.0
8981,CC(C)[Si](C#Cc1c2cc3ccccc3cc2c(C#Cc2ccccc2)c2cc3ccccc3cc12)(C(C)C)C(C)C,ClCCl,661.0
1451,CCOC(=O)CSc1nc(-c2ccccc2)c(C)c(C#N)c1C#N,C1COCCO1,414.0
10289,O=c1oc2ccccc2cc1-c1nc2ccccc2o1,C1COCCO1,443.0
8746,CC1=C(C(C)(C)C)C(C)=[N+]2C1=C(C)c1c(C)c(C(C)(C)C)c(C)n1[B-]2(F)F,CO,561.2
10795,COc1ccc(C2=[N+]3C(=C(c4ccc(I)cc4)c4ccc(-c5ccc(OC)cc5)n4[B-]3(F)F)C=C2)cc1,ClC(Cl)Cl,626.0
10452,CCCCCC#Cc1cc(C#CCCCCC)c2ccc3c(C(=O)c4ccccc4)cc(C#CCCCCC)c4ccc1c2c43,ClCCl,479.0
4321,CN(C)c1ccc(C(=O)Nc2ccc([N+](=O)[O-])cc2)cc1,C1CCOC1,400.0
8310,N#CC(C#N)=C(/C=C/c1ccc(N(c2ccccc2)c2ccccc2)cc1)c1ccccc1,C1COCCO1,610.0
838,OCC1O[C@@H](Cc2cc(O)cc(/C=C/c3ccc(O)c(O)c3)c2)[C@H](O)[C@@H](O)[C@@H]1O,CN(C)C=O,378.0
12156,N#Cc1c2oc3ccccc3oc2c(C#N)c2oc3ccccc3oc12,ClC(Cl)Cl,475.0
8185,COCCOCCOc1cc(C=O)c(OCCOCCOC)cc1C=O,CC(C)(C)O,478.0
3899,COc1ccc2c(c1)c1cc(OC)ccc1n2-c1cccc(-n2c3ccc(OC)cc3c3cc(OC)ccc32)c1C#N,O=P(c1ccccc1)(c1ccccc1)c1ccccc1Oc1ccccc1P(=O)(c1ccccc1)c1ccccc1,462.0
10417,Clc1ccc(-c2nc(-c3ccccc3)sc2N(c2ccccc2)c2ccccc2)cc1,ClC(Cl)Cl,463.0
3567,CN(C)c1ccc(-c2nc3cnccc3[nH]2)cc1,C1CCCCC1,350.0
11356,COc1ccc(N(c2ccc(OC)cc2)c2ccc(-c3ccc4c(c3)C(=O)c3ccccc3C4=O)cc2)cc1,CCOCC,720.0
5452,c1ccc2cc(-n3c4ccccc4c4ccccc43)ccc2c1,CCOC(C)=O,372.0
3087,CN(C)c1ccc(/C=C/c2nc3c4ccccc4c4ccccc4c3[nH]2)cc1,C1COCCO1,436.0
8137,COCCOCCOCCOCCOc1cc(C=O)c(OCCOCCOCCOCCOC)cc1C=O,CO,467.0
10596,O=c1c2ccccc2c2c(C#C[Si](c3ccccc3)(c3ccccc3)c3ccccc3)c3c(=O)c4ccccc4c3c(C#C[Si](c3ccccc3)(c3ccccc3)c3ccccc3)c12,ClC(Cl)Cl,570.0
4546,N#CC(C#N)=C(c1cccc(N(c2ccccc2)c2ccccc2)c1)c1cccc(N(c2ccccc2)c2ccccc2)c1,C1CCCCC1,415.6652361
4692,Cn1c(=O)c(/N=N/c2ccc(S(=O)(=O)O)c3ccccc23)c(O)c2ccccc21,CS(C)=O,571.0
1714,CCCCn1c2ccc(-c3cccc(F)c3)cc2c2ccc3c4cc(-c5cccc(F)c5)ccc4n(CCCC)c3c21,ClC(Cl)Cl,411.0
6926,c1ccc2c(-n3cnc4ccccc43)cccc2c1,CO,360.0
4270,O=C1OCC2=C1C(c1ccccc1)c1cc3c(cc1N2CCO)CCC3,CC#N,400.0
339,CCCCN(CCCC)c1ccc(C#Cc2cc(C#Cc3cc(C(F)(F)F)cc(C(F)(F)F)c3)c(C#Cc3ccc(N(CCCC)CCCC)cc3)cc2C#Cc2cc(C(F)(F)F)cc(C(F)(F)F)c2)cc1,ClCCl,561.0
10557,COc1ccccc1C1=[N+]2C(=C(c3ccccc3)c3c4ccccc4c(-c4ccccc4OC)n3[B-]2(F)F)c2ccccc21,ClCCl,652.0
4086,CN(C)c1ccc(-c2nc3nccnc3n2-c2ccc(N(C)C)cc2)cc1,CC#N,472.0
7726,CC(C)c1cc(C(C)C)c(B2c3cc(N4c5ccccc5Oc5ccccc54)ccc3N(c3ccccc3)c3ccc(N4c5ccccc5Oc5ccccc54)cc32)c(C(C)C)c1,Cc1ccccc1,510.2040816
9966,CC1=C(c2cccs2)C2=Cc3c(-c4cccs4)c(C)c(C)n3[B-](F)(F)[N+]2=C1C,CC#N,571.0
7405,CN(C)CCN(Cc1c2ccccc2cc2ccccc12)c1ccc([N+](=O)[O-])cc1,CCO,410.0
588,F[B-]1(F)n2c(-c3ccccc3)cc(-c3ccccc3)c2N=C2C(c3ccccc3)=CC(c3ccccc3)=[N+]21,ClC(Cl)Cl,672.0
3365,CC(C)(C)c1ccc2c(c1)sc1[n+]2[B-](F)(F)n2c(c3cccc4cccc2c43)=N1,C1CCOC1,504.0
2670,CCN(CC)c1ccc2cc(-c3ccc(-c4ccc(-c5cc6ccc(N(CC)CC)cc6oc5=O)cc4)cc3)c(=O)oc2c1,ClCCl,484.0
5515,CCCCCCC1(CCCCCC)c2ccccc2-c2ccc(-c3ccc4c(c3)S(=O)(=O)c3cc(-c5ccc6c(c5)C(CCCCCC)(CCCCCC)c5ccccc5-6)ccc3-4)cc21,Cc1ccccc1,412.0
3589,CN(C)CCCN1c2ccccc2Sc2ccc(C(F)(F)F)cc21,CC#N,470.0
34,O=Cc1ccc(-c2ccc(O)c(-c3nc4ccccc4s3)c2)o1,CCO,550.0
28,O=Cc1ccc(-c2cccc(-c3nc4ccccc4s3)c2O)o1,CCO,567.0
2395,CN(C)c1ccc2nc(-c3ccc(C(=O)O)cc3)sc2c1,ClC(Cl)Cl,509.0
6745,C(=C/c1cnccn1)\c1ccc(N(c2ccccc2)c2ccccc2)cc1,CS(C)=O,537.0
11582,C=Cc1cc2ccc(N(CC)CC)cc2oc1=O,CC#N,470.0
5506,CCCCCCCCC1(CCCCCCCC)c2cc(C#Cc3ccc(N(c4ccccc4)c4ccccc4)cc3)ccc2-c2ccc(C=O)cc21,CCOC(C)=O,502.0
6918,CN(C)c1ccc2nc(/C=C/c3ccccc3)c(=O)oc2c1,ClC(Cl)Cl,542.0
2170,CCCCC1(CCCC)c2cc(C#Cc3ccc4ccc5cccc6ccc3c4c56)ccc2-c2ccc(C#Cc3ccc4ccc5cccc6ccc3c4c56)cc21,CC#N,433.0
7759,CC(C)(C)c1ccc2c(c1)c1cc(C(C)(C)C)ccc1n2-c1cccc(-c2nc(-c3cccc(P(=O)(c4ccccc4)c4ccccc4)c3)nc(-c3cccc(P(=O)(c4ccccc4)c4ccccc4)c3)n2)c1,Cc1ccccc1,480.7783019
7042,Cc1cc(=O)c2ccc(N)cc2o1,CCCO,416.0
889,CCCCCCCCCCCn1cccc1C1=[N+]2C(=Cc3c(C)cc(C)n3[B-]2(F)F)c2ccccc21,Cc1ccccc1,613.0
3878,C[N+](C)=c1ccc2c(-c3c(Cl)c(Cl)c(Cl)c(Cl)c3C(=O)[O-])c3ccc4cc([O-])ccc4c3oc-2c1,O,651.0
3322,COc1ccc(C2=C3C(C)=CC(C)=[N+]3[B-](F)(F)n3c(/C=C/c4ccc(N(C)C)cc4)cc(C)c32)cc1,CCCC#N,695.0
11520,Cc1ccc(NC(=O)c2sc(Br)nc2C)cc1,CS(C)=O,401.5
3514,CCCCN(CCCC)c1ccc2nc3c4ccccc4c(=O)c(-c4ccccc4)c-3oc2c1,ClCCl,625.0
6664,COc1cc2c3cc(OC)c(OC)cc3c3cc4c(C)cc(=O)oc4cc3c2cc1OC,Cc1ccccc1,463.0
10220,C(=C/c1c2ccccc2cc2ccccc12)\c1cnc2ccccc2c1,CC#N,494.0
5673,CCN(CC)c1ccc2c(C#N)c(/C=C(\C#N)c3nc4ccccc4s3)c(=O)oc2c1,ClCCl,666.0
8107,COCCOCCOc1cc(C=O)c(OCCOCCOC)cc1C=O,CN(C)C=O,466.0
3733,CC1(C)c2ccccc2N(c2ccc(-c3nnc(-c4ccccc4O)o3)cc2)c2ccccc21,ClC(Cl)Cl,502.0
7095,CCOC(=O)CN(CC(=O)OCC)c1ccc(-c2cc(-c3ccccn3)nc(-c3ccccn3)c2)cc1,CS(C)=O,466.0
11606,COc1cc(OC)c2ccc(=O)oc2c1,O,450.0
9330,C1=Cc2nc1c(-c1ccco1)c1ccc(s1)c(-c1ccco1)c1nc(c(-c3ccco3)c3ccc(s3)c2-c2ccco2)C=C1,ClCCl,773.0
4528,O=C(/C=C/c1cn(-c2ccccc2)nc1-c1ccccc1)c1c(O)c2ccccc2oc1=O,CCO,507.0
1654,COc1ccc(C2=[N+]3C(=C(c4ccc(C#N)cc4)c4cc(-c5ccc(C#N)cc5)c(-c5ccc(OC)cc5)n4[B-]3(F)F)C=C2c2ccc(C#N)cc2)cc1,CC#N,676.0
7784,CN(C)c1ccc2c(c1)-c1ccccc1C2=O,c1ccccc1,526.0
7593,COc1ccc(-c2c3nc(cc4ccc([nH]4)c(-c4ccc(OC)c(OCCCC(=O)O)c4)c4nc(cc5ccc2[nH]5)CC4)CC3)cc1OCCCC(=O)O,CS(C)=O,738.0
223,COc1cc2cc(-c3ccc(C(=O)OCOC(C)=O)cc3C(=O)OCOC(C)=O)oc2cc1N1CCOCCOCCN(c2cc3oc(-c4ccc(C(=O)OCOC(C)=O)cc4C(=O)OCOC(C)=O)cc3cc2OC)CCOCCOCC1,O,546.0
10569,c1ccc(-c2nc(-c3ccc(-c4ccc(N(c5ccccc5)c5ccccc5)cc4)cn3)oc2-c2ccccc2)cc1,CCOC(C)=O,456.0
6567,CN(C)c1ccc2c(C(=O)NCc3ccccc3)cc(C(=O)[O-])nc2c1,CCO,603.0
6688,Nc1ccc2c3cccc4cccc(c5cccc1c52)c43,ClCCl,543.0
5982,CSc1nc(-c2ccc(-n3c4ccccc4c4ccccc43)cc2)cc(-c2ccc(-n3c4ccccc4c4ccccc43)cc2)n1,Cc1ccccc1,410.0
4239,c1ccc(-c2c3ccccc3nc3cc4ccccc4cc23)cc1,ClCCl,525.0
5882,CC(C)[Si]1(C(C)C)c2ccccc2-c2ccc(N(C)C)cc21,ClCCl,410.0
1590,CCCCN(CCCC)c1ccc(/C=C/c2ccc3nc(/C=C/c4ccc(N(C)C)cc4)c(=O)n(CCC)c3c2)cc1,ClCCl,611.0
10835,CC[n+]1nc2cc3c(cc2c2cc(C)ccc21)N(C)CCC3,O,544.0
3256,CN(C)c1ccc(C2=Nc3sc4cc(F)ccc4[n+]3[B-](F)(F)O2)cc1,ClCCl,468.0
10885,N#C/C(=C\c1ccc(Cl)cc1)c1nc(-c2ccccc2)c(-c2ccccc2)s1,CC#N,501.0
7200,CCCCCCCCN1c2ccc(C#Cc3ccc(C(F)(F)F)cc3)cc2Sc2cc(C=O)ccc21,Cc1ccccc1,509.0
2181,CCN1c2ccc(/C=N/Nc3ccccn3)cc2Sc2cc(-c3ccccc3)ccc21,C1CCOC1,487.0
7549,O=C1c2ccccc2S(=O)(=O)c2ccc(-n3c4ccccc4c4ccccc43)cc21,Cc1ccccc1,535.5
9158,CCCCCCCCCCCCNc1cccc2[n+]1[B-](F)(F)n1c(c3cccc4cccc1c43)=N2,CC#N,519.0
7414,COc1ccc(/C=C/C(=O)c2ccccc2O)cc1OC,ClCCl,460.0
6165,CN(C)c1ccc(/C=C2/N=C(c3ccccc3)OC2=O)cc1,C1COCCO1,513.0
10737,CC1=CC(C)=[N+]2C1=C(c1ccc(-c3ccc(OS(=O)(=O)c4ccc([N+](=O)[O-])cc4[N+](=O)[O-])cc3)s1)c1c(C)cc(C)n1[B-]2(F)F,Cc1ccccc1,530.0
7466,O=c1c2cc(Br)ccc2nc2n1[B-](F)(F)[n+]1ccccc1-2,ClCCl,448.0
9498,COc1ccc(/C=C/C=C/C2=NC3C(=O)NC(N)=NC3N2[C@H]2C[C@H](O)[C@@H](CO)O2)cc1,CO,438.0
9145,F[B-]1(F)n2c(c3cccc4cccc2c43)=Nc2cccc(Cl)[n+]21,Cc1ccccc1,503.0
4817,Cc1ccc(-c2cc(C)[o+]c(C)c2)cc1,CC#N,435.0
7233,CCOC(=O)/C(C#N)=C\c1cn(-c2ccccc2)nc1-c1ccccc1,CCOC(C)=O,427.0
8273,N#Cc1ccc(N)c(C#N)c1,CC#N,367.0
1209,CCCN1C(=O)c2c3c(c4c(c2C1=O)CCc1cc(-c2ccc(N(C)C)cc2)c(OC)cc1-4)-c1cc(OC)c(-c2ccc(N(C)C)cc2)cc1CC3,C1CCOC1,602.0
6499,c1ccc(-c2nc3c(c4c2-c2ccccc2CC4)-c2ccccc2CC3)cc1,CO,362.0
421,CCCCn1c2c(-c3ccc(N(c4ccccc4)c4ccccc4)cc3)cc(C#N)cc2c2cc(C#N)cc(-c3ccc(N(c4ccccc4)c4ccccc4)cc3)c21,CCOC(C)=O,443.0
10721,CC(C)[Si]1(C(C)C)c2cc(C=C(C#N)C#N)ccc2-c2ccc(N(c3ccccc3)c3ccccc3)cc21,ClCCl,674.0
1706,C1=Cc2ccc(N(c3ccccc3)c3ccccc3)cc2Cc2cc(N(c3ccccc3)c3ccccc3)ccc21,ClCCl,440.0
1158,COc1ccc(/C=N/c2cc(C(C)C)c(O)cc2C)cc1,C1CCCCC1,404.0
2306,CN(C)c1ccc(/C=C/c2nc3ccccc3o2)cc1,CO,490.0
273,CCCCCCCCOc1ccc(/C=N/c2ccc3[nH]c(OCCCCCC)nc3c2)c(O)c1,ClC(Cl)Cl,506.0
171,CCCCOc1ccc(-c2oc3c(-c4ccc(OCCCC)cc4)c4n(c3c2-c2ccc(OCCCC)cc2)[B-](F)(F)[N+]2=Cc3c(-c5ccc(OCCCC)cc5)c5oc(-c6ccc(OCCCC)cc6)c(-c6ccc(OCCCC)cc6)c5n3[B-](F)(F)[N+]2=C4)cc1,Cc1ccccc1,668.0
3956,COC(=O)C(NC(=O)OC(C)(C)C)c1ccc2oc(-c3ccc(F)cc3)nc2c1,CC#N,341.0
5606,c1cc2cc(c1)c1cccc(c1)c1cccc(c1)c1cccc(c1)c1cccc(c1)c1cccc2c1,ClC(Cl)Cl,337.0
7478,CCN(CC)c1ccc2cc(/C=C/C3=CC(/C=C/c4cc5ccc(N(CC)CC)cc5oc4=O)=[O+][B-](F)(F)O3)c(=O)oc2c1,ClCCl,705.0
4865,CN(C)c1ncc2nc(C#N)n(Cc3ccccc3)c2n1,C1COCCO1,424.0
7333,O=C(N/N=C/c1ccccc1O)c1ccc([N+](=O)[O-])cc1,C1CCOC1,311.0
3188,CCOC(=O)c1ccccc1-c1c2ccc(=[N+](CC)CC)cc-2oc2c1c(=O)oc1cc3c(cc12)CCCN3C,CCO,658.0
1725,Cc1ccc(/C=C/c2nc3ccccc3s2)cc1,CO,405.0
6473,CCCCCCn1c(=O)c2c3[nH]c4ccccc4oc3c3c(=O)n(CCCCCC)c(=O)c3c2c1=O,ClCCl,560.0
8358,C1=Cc2ccc3ccccc3c2NB1c1ccccc1,C1CCCCC1,383.0
1564,Oc1ccccc1/N=C/c1ccccc1Oc1ccccc1,CCCCCCO,410.0
1782,Cc1cc(O)c(C(=O)/C=C/c2ccccc2Cl)c(=O)o1,ClCCl,469.0
843,OCC1O[C@@H](Cc2cc(O)cc(/C=C/c3ccc(O)c(O)c3)c2)[C@H](O)[C@@H](O)[C@@H]1O,O,403.0
11459,F[B-]1(F)n2cccc2C(c2c3ccccc3c(-c3ccccc3)c3ccccc23)=C2C=CC=[N+]21,CCCCCC,564.0
6733,c1ccc(N(c2ccccc2)c2ccc3c(ccc4nc5ccc6cc(N(c7ccccc7)c7ccccc7)ccc6c5nc43)c2)cc1,C1CCCCC1,492.0
904,Cc1cc(C)n2c1C=C1c3ccccc3C(c3ccc[nH]3)=[N+]1[B-]2(F)F,CC#N,618.0
3494,c1ccc(-n2c(-c3cccc4ccccc34)nc3c4cccc5ccc6cccc(c6c54)c32)cc1,C1CCOC1,422.4582498
11861,NS(=O)(=O)c1ccc(N2N=C(c3ccc(O)cc3)CC2c2ccc(Br)cc2)cc1,CC#N,417.0
7724,CC(C)c1cc(C(C)C)c(B2c3cc(N4c5ccccc5Oc5ccccc54)ccc3N(c3ccccc3)c3ccc(N4c5ccccc5Oc5ccccc54)cc32)c(C(C)C)c1,C1CCOC1,554.0816327
1547,Oc1ccc(/N=C/c2ccccc2Oc2ccccc2)cc1,CCOC(C)=O,412.0
11188,COc1c2ccccc2c(OC)c2c1c1ccc(C)cc1n2C,C1CCCCC1,411.0
2080,COC(=O)C(Cc1ccc2oc(-c3ccc(N(c4ccccc4)c4ccccc4)cc3)nc2c1)NC(=O)OC(C)(C)C,ClCCl,451.2492836
11831,NS(=O)(=O)c1ccc(N2N=C(c3ccc(O)cc3)CC2c2ccccc2)cc1,O,448.0
9178,CC1(C)CC(/C=C/c2ccc(-n3c4ccccc4c4ccccc43)cc2)=CC(=C(C#N)C#N)C1,C1CCOC1,571.0
12073,CCc1ccc(-c2ccc(-c3nnc(-c4ccc(-c5nnc(-c6ccc(-c7ccc(CC)cc7)s6)o5)cc4)o3)s2)cc1,CCCCCCCCCCO,400.0
3985,COC(=O)C(Cc1ccc2oc(-c3ccc(N(C)C)cc3)nc2c1)NC(=O)OC(C)(C)C,CCCCCC,374.9953126
11430,CCCCCCOc1ccc(-c2cnc(-c3nnc(-c4ccc(OCCCCCC)cc4)o3)o2)cc1,C1CCCCC1,370.0
7921,F[B-]1(F)OC(c2ccccc2)=Cc2c3ccccc3cc[n+]21,ClC(Cl)Cl,463.2
8728,CC1=C(C(C)(C)C)C(C)=[N+]2C1=C(C)c1c(C)c(C(C)(C)C)c(C)n1[B-]2(F)F,C1CCOC1,566.6
8993,O=C1Cc2ccc(cc2)CC(=O)Cc2ccc(c3nsnc23)C1,ClC(Cl)Cl,488.0
11419,CCn1c2ccccc2c2cc(/C=C3\C(=O)c4ccccc4S3(=O)=O)ccc21,C1CCOC1,518.0
4677,CC(C)(C)c1ccc(-c2nnc(-c3ccc4ccc5cccc6ccc3c4c56)o2)cc1,Cc1ccccc1,426.0
3820,CCN1c2ccc(C3=CC(c4ccccc4)=[O+][B-](F)(F)O3)cc2Sc2cc(C3=CC(c4ccccc4)=[O+][B-](F)(F)O3)ccc21,ClCCl,639.0
5209,Cc1ccc2nc3c4c(c5ccccc5c3nc2c1)OC(=O)CC4c1ccc(F)cc1,ClC(Cl)Cl,431.0
2646,C(#Cc1ccc(-n2c3ccccc3c3ccccc32)cc1)c1ccc(-c2nc(-c3ccc(C#Cc4ccc(-n5c6ccccc6c6ccccc65)cc4)cc3)nc(-c3ccc(C#Cc4ccc(-n5c6ccccc6c6ccccc65)cc4)cc3)n2)cc1,CCCCCC,405.0
6719,CC(C)(C)OC(=O)NCC(=O)OCc1ccc2c3cccc4cccc(c5cccc1c52)c43,CCO,446.0
9386,Cc1cc2c(o1)c(C)cc1ccc(=O)oc12,C1CCCCC1,360.0
7819,CNc1cccc2c1C(=O)c1ccccc1-2,CCO,542.0
256,Cc1cc(C)c2nc3[nH]c(=O)[nH]c(=O)c3nc2c1,CC#N,463.0
9288,CCCCc1c2ccccc2c(-c2ccc(-c3nc4cc(CC(NC(=O)OC(C)(C)C)C(=O)OC)ccc4o3)cc2)c2ccccc12,CO,463.4994206
4350,N#Cc1ccc(C#Cc2ccc3ccc4ccc(C#Cc5ccc(C#N)cc5)c5ccc2c3c45)cc1,Cc1ccccc1,446.4
8650,C#CCNC1=C2C=CC=[N+]2[B-](F)(F)n2cccc21,OCC(F)(F)F,480.5
7213,CCCCCCCCN1c2ccc(C#Cc3ccc(OC)cc3)cc2Sc2cc(C=O)ccc21,CS(C)=O,524.0
5923,CN(C)CCNCc1c2ccccc2cc2ccccc12,CC#N,389.0
6365,CC[n+]1c(-c2ccccc2)c2cc(N)ccc2c2ccc(-n3cccc3)cc21,O,592.0
2155,CCCCCCc1ccc2c(/C=N/c3cc(/N=C/c4c(O)ccc5cc(CCCCCC)ccc45)cc(/N=C/c4c(O)ccc5cc(CCCCCC)ccc45)c3)c(O)ccc2c1,Cc1ccccc1,507.0
10544,O=C1c2ccccc2-c2ccc(Nc3nc(Cl)nc(Cl)n3)c3cccc1c23,Cc1ccccc1,509.4243505
10894,O=S(=O)(c1ccc(-c2ccc(-c3nc4c5ccccc5c5ccccc5c4n3-c3ccccc3)cc2)cc1)c1ccc(-c2ccc(-c3nc4c5ccccc5c5ccccc5c4n3-c3ccccc3)cc2)cc1,ClC(Cl)Cl,450.0
3715,CC(=O)OC[C@@H]1O[C@H](N2C=CC3=Nc4nc(C)[n+](C)cc4CN3C2=O)[C@@H](O)[C@H]1O,O,414.0
4057,O=C1/C(=C\c2ccc(N(c3ccccc3)c3ccccc3)cc2)S(=O)(=O)c2ccccc21,CC#N,518.0
8970,CC1(C)CC(/C=C/c2ccc(-n3ccnc3)cc2)=CC(=C(C#N)C#N)C1,C1CCOC1,524.0
10162,CCCCCCc1ccc2c3c(ccc2c1)O[B-](F)(F)[N+](c1cc([N+]2=Cc4c(ccc5cc(CCCCCC)ccc45)O[B-]2(F)F)cc([N+]2=Cc4c(ccc5cc(CCCCCC)ccc45)O[B-]2(F)F)c1)=C3,ClCCl,495.0
3622,O=C1c2ccccc2C(=O)N1c1ccc(Cn2cncn2)cc1,CCO,422.0
5648,c1cc2c3c(cccc3c1)NC(c1ccc3ccc4cccc5ccc1c3c45)N2,CC#N,458.0
6734,c1ccc(N(c2ccccc2)c2ccc3c(ccc4nc5ccc6cc(N(c7ccccc7)c7ccccc7)ccc6c5nc43)c2)cc1,C1CCOC1,552.0
3102,C1=Cc2ccc(N(c3ccccc3)c3cccc4ccccc34)cc2C2(c3cc(N(c4ccccc4)c4cccc5ccccc45)ccc31)c1ccccc1-c1ccccc12,ClCCl,454.0
558,N#CC1=CC(C#Cc2ccccc2)=CC(C#N)=P1(c1ccccc1)c1ccccc1,ClC(Cl)Cl,538.0
10949,CCN(CC)c1ccc2cc(-c3ccc(C(F)(F)F)cc3)oc(=O)c2c1,CCO,471.0
11461,F[B-]1(F)n2cccc2C(c2c3ccccc3c(-c3ccccc3)c3ccccc23)=C2C=CC=[N+]21,CN(C)C=O,526.0
1436,COC(=O)CN1C(=O)c2cc3ccc(N(C)C)cc3cc2C1=O,CC#N,549.0
507,CCCOc1ccc(/C=C/C=C/C=C/c2ccc([N+](=O)[O-])cc2)cc1,Cc1ccccc1,546.0
5275,COC(=O)c1c2ccccc2nc2ccccc12,COCCOC,420.0
4472,COc1ccc2c(c1)c1ccc3cccc4c5cccc6oc(=O)c2c(c65)c1c34,C1CCOC1,440.0
1869,COc1ccc(C(=O)/C=C2\C(=O)Nc3ccccc32)cc1,CC(C)(C)O,381.0
5663,CCCCCCCCCCCCN1C(=O)c2c(c3ccc4cc(-c5ccc(OC)cc5)c(OC)cc4c3c3c2ccc2cc(-c4ccc(OC)cc4)c(OC)cc23)C1=O,ClCCl,532.0
6728,c1ccc2c(c1)Oc1ccccc1C21c2cc(-c3ccc4ccc5cccc6ccc3c4c56)ccc2-c2ccc(-c3ccc4ccc5cccc6ccc3c4c56)cc21,ClC(Cl)Cl,422.0
5930,COc1cc(/C=C/C2=[O+][B-](F)(F)OC(/C=C/c3ccc(OS(=O)(=O)c4ccc(C)cc4)c(OC)c3)=C2)ccc1O,ClCCl,562.0
8563,CN(C)c1ccc2c(c1)C(=O)NC2=O,O,562.0
755,N#CC(C#N)=C(c1ccc(-n2ccc3ccccc32)cc1)c1ccc(-n2ccc3ccccc32)cc1,Cc1ccccc1,536.0
7754,CCN(CC)c1ccc2c(-c3ccccc3C(=O)O)c3c([o+]c2c1)/C(=C/C=C/c1ccc(N(C)C)cc1)CCC3,ClCCl,857.0
2339,O=c1cc[nH]c(=O)[nH]1,CC#N,311.0
4050,Nc1ncnc2c1c(C#Cc1c3ccccc3cc3ccccc13)cn2[C@H]1C[C@H](O)[C@@H](CO)O1,CCO,441.0
7944,Cc1ccc(C(=O)[O-])c(O)c1,O,407.0
3836,CCC1(CC)c2ccccc2-c2c1c1c(c3c2C(CC)(CC)c2cc(/C=C/c4cccs4)ccc2-3)C(CC)(CC)c2cc(/C=C/c3cccs3)ccc2-1,C1CCOC1,397.0
4386,C[Si]1(C)c2cc(-c3cccs3)ccc2C=Cc2ccc(-c3cccs3)cc21,ClCCl,415.0
7885,CC1=CC(=[N+]2CCC2)C=C2C1=Nc1c(C)cc(N3CCC3)cc1[Si]2(C)C,OCCO,747.0
7038,Cc1cc(=O)c2ccc(N)cc2o1,C1COCCO1,378.0
2118,CC(C)(C)c1ccc2oc(-c3ccc(-c4nc5cc(C(C)(C)C)ccc5o4)s3)nc2c1,CC1CCCCC1,426.0
10844,N#Cc1cc(-n2c3ccccc3c3cccnc32)c(-n2c3ccccc3c3cccnc32)cc1C#N,c1cc(-n2c3ccccc3c3ccccc32)cc(-n2c3ccccc3c3ccccc32)c1,441.0596026
729,N#Cc1ccc(-c2ccc(C3=CCCCC3)s2)s1,CC#N,448.0
501,COc1ccc(/C=C/C=C/C=C/c2ccc([N+](=O)[O-])cc2)cc1,CS(C)=O,744.0
6526,N#Cc1ccc2c(c1)CCc1nc(-c3ccc([N+](=O)[O-])cc3)c3c(c1-2)CCc1cc(C#N)ccc1-3,CO,475.0
643,CCn1c2ccccc2c2cc(-c3cc(-c4ccc5c(c4)c4ccccc4n5CC)nc(N4CCCCC4)n3)ccc21,Cc1ccccc1,406.0
7508,CN(C)c1ccc(/C=C/c2cc[n+](CCCCCCCCCCCC[n+]3ccc(/C=C/c4ccc(N(C)C)cc4)cc3)cc2)cc1,CCO,593.0002253
1539,Oc1ccc(/N=C/c2ccccc2Oc2ccccc2)cc1,CCCCCC,428.0
8701,F[B-]1(F)n2cccc2C=C2C=CC=[N+]21,CCO,508.0
1211,CCCN1C(=O)c2c3c(c4c(c2C1=O)CCc1cc(-c2ccc(N(C)C)cc2)c(OC)cc1-4)-c1cc(OC)c(-c2ccc(N(C)C)cc2)cc1CC3,Cc1ccccc1,548.0
9044,N#Cc1cccc2[nH]ccc12,C1CCOC1,371.0
11620,CCN(CC)c1ccc2cc(/C=C/C(O)=C/C(C)=O)c(=O)oc2c1,CC(C)=O,532.0
672,c1ccc(-n2c(-c3c(-n4c5ccccc5c5ccccc54)cccc3-n3c4ccccc4c4ccccc43)nc3ccccc32)cc1,C1CCOC1,418.0
4915,CC1=CC(C)=[N+]2C1=Cc1c3ccccc3c(C#Cc3cccs3)n1[B-]2(F)F,CCCCCCCCO,636.0
6106,COC(=O)c1ccccc1C#Cc1ccccc1NC(C)=O,CC#N,422.0
6520,CN(C)c1ccc(-c2nc3c(c4c2-c2ccccc2CC4)-c2ccccc2CC3)cc1,Cc1ccccc1,436.0
3377,C[Si](C)(C)[Si](c1cc2sc([Si]([Si](C)(C)C)([Si](C)(C)C)[Si](C)(C)C)cc2s1)([Si](C)(C)C)[Si](C)(C)C,ClCCl,354.0
4476,O=c1oc2cccc3c4cccc5ccc6c7ccccc7c1c(c23)c6c54,C1CCOC1,446.0
5615,C[P+]1(c2ccccc2)C2=C(c3ccccc31)S(=O)(=O)c1ccccc12,CC#N,479.0
10773,O=C(c1ccc(N2c3ccccc3Oc3ccccc32)cc1)c1ccc(N2c3ccccc3Oc3ccccc32)cc1,Cc1ccccc1,509.0
1464,COc1ccc(-c2ccc(-c3ccc(C#N)s3)s2)cc1,CN(C)C=O,479.0
4745,N#Cc1c(-c2ccccc2)cc(-c2ccccc2)[nH]c1=S,CCO,465.0
10933,COc1ccc2cc(-c3ccc(S(C)(=O)=O)cc3)oc(=O)c2c1,CO,410.0
1192,OB(O)c1ccc(-c2ccc(N(c3ccccc3)c3ccccc3)cc2)cc1,CCOCC,398.0
3793,c1ccc(-c2nn(-c3ccccc3)c3nc4ccccc4cc23)cc1,C1CCCCC1,443.6557232
1872,COc1ccc(C(=O)/C=C2\C(=O)Nc3ccccc32)cc1,CCOC(C)=O,375.0
3590,CN(C)CCCN1c2ccccc2Sc2ccc(C(F)(F)F)cc21,CO,463.0
6360,CCOC(=O)C1c2ccccc2C(=O)N1c1ccccc1,CO,466.0
3158,CN(C)c1ccc(-c2nc(-c3ccccc3)n3ccccc23)cc1,ClC(Cl)Cl,524.0
9897,CCCCn1c(-c2ccc(-c3nnc(-c4ccc(-c5nc6c7ccccc7c7ccccc7c6n5CCCC)cc4)o3)cc2)nc2c3ccccc3c3ccccc3c21,ClCCl,451.0
505,CCCOc1ccc(/C=C/C=C/C=C/c2ccc([N+](=O)[O-])cc2)cc1,CC#N,747.0
243,O=S(=O)([O-])c1ccccc1/C=C/c1ccc(-c2nnc(-c3ccc(/C=C/c4ccccc4S(=O)(=O)[O-])cc3)o2)cc1,CC(C)=O,416.0
5678,CCN(CC)c1ccc2cc(/C=C(\C#N)c3nc4ccccc4s3)c(=O)oc2c1,CN(C)C=O,605.0
506,CCCOc1ccc(/C=C/C=C/C=C/c2ccc([N+](=O)[O-])cc2)cc1,CC1CCCCC1,488.0
10022,CN(C)c1cccc2c1C(=O)c1ccccc1C2=O,CCC(C)CC,566.0
9543,COc1ccc(C#Cc2ccc3ccc(=O)oc3c2)cc1,CC#N,465.0
6682,Nc1ccc2c3cccc4cccc(c5cccc1c52)c43,C1COCCO1,549.0
4717,O=c1oc2ccccc2cc1-c1ccc(-c2cc3ccccc3oc2=O)cc1,CCO,426.0
6222,Cc1ccc(-n2c3ccccc3c3cc(C=C(C#N)C#N)ccc32)cc1,CC(C)=O,502.0
6959,Cc1ccc(C2=C3C=CC(/C=C/c4ccccc4)=[N+]3[B-](F)(F)n3c(/C=C/c4ccccc4)ccc32)cc1,C1CCOC1,645.0
8774,O=Cc1ccc2c(c1)c1ccccc1n2-c1ccc(-c2ccc(-n3c4ccccc4c4cc(C=O)ccc43)cc2)cc1,ClCCl,405.0
8324,CN(C)c1ccc(/C=C/C=C/c2ccc3ncnc(Nc4ccccc4)c3c2)cc1,ClC(Cl)Cl,510.0
1773,Cc1cc(O)c(C(=O)/C=C/c2ccc(O)c(O)c2)c(=O)o1,CC#N,518.0
6495,CCN(CC)c1ccc(-c2nc3c(c4c2-c2ccccc2CC4)-c2ccccc2CC3)cc1,CO,461.0
3010,Nc1ncnc2c1c(C#Cc1ccc3ccccc3c1)cn2[C@H]1C[C@H](O)[C@@H](CO)O1,CO,377.0
7407,COc1ccc(C(=O)/C=C/c2ccc(N(C)C)cc2)cc1OC,CCO,533.0
10012,CCNc1ccc(NCC)c2c1C(=O)c1ccccc1C2=O,c1ccccc1,670.0
797,COc1ccc(-c2nc(C)cc(-c3ccc(-n4c5ccccc5c5ccccc54)cc3)n2)cc1,C1CCOC1,418.0
3618,COc1ccc(-c2cc3c(s2)=CC2=C(C(F)(F)F)c4cc5sc(-c6ccc(OC)cc6)cc5n4[B-](F)(F)[N+]=32)cc1,C1CCOC1,754.0
2381,COC(=O)c1ccc(-c2nc3ccc(N(C)C)cc3s2)cc1,CC(C)O,550.0
2829,COc1ccc(/N=N/c2c(O)c3ccccc3n(C)c2=O)c(S(=O)(=O)O)c1,ClCCl,542.0
11235,O=c1oc2ccc(Br)cc2cc1-c1cc2cc(Br)ccc2o1,CCOC(C)=O,431.0
11425,CCn1c2ccccc2c2cc(/C=C3\C(=O)c4ccccc4S3(=O)=O)ccc21,CO,560.0
11898,CC(C)(C)c1ccc(-c2c3ccccc3c3n2[B-](F)(F)[N+]2=Cc4c5ccccc5c(-c5ccc(C(C)(C)C)cc5)n4[B-](F)(F)[N+]2=C3)cc1,CN(C)C=O,607.0
4633,Cc1nc2c(ccc3c2sc(/C=C/c2ccc(N(C)C)cc2)[n+]3C)s1,ClC(Cl)Cl,603.0
312,Cc1cc(C2(c3cc(C)c(O)c(Br)c3)OS(=O)(=O)c3ccccc32)cc(Br)c1O,CCOC(C)=O,478.0
746,c1ccc(B2Nc3cc4c(cc3-c3occc32)NB(c2ccccc2)c2ccoc2-4)cc1,ClCCl,393.0
3569,F[B-]1(F)OC(/C=C/c2ccccc2)=CC(c2ccccc2)=[O+]1,ClCCl,443.0
790,BrC1=CN2C[n+]3cc(Br)ccc3N=C2C=C1,CO,476.0
2476,C(=C/c1ccc(-c2ccccc2)cc1)\c1ccc(Oc2ccc3ccccc3c2-c2c(Oc3ccc(/C=C/c4ccc(-c5ccccc5)cc4)cc3)ccc3ccccc23)cc1,ClCCl,385.0
6120,COc1ccc(C#Cc2ccc(C#N)cc2)cc1OC,CCCCCC,346.0
10092,Cc1ccc(N(c2cc(C(C)(C)C)ccc2C)c2ccc3ccc4c(N(c5ccc(C)cc5C)c5cc(C(C)(C)C)ccc5C)ccc5ccc2c3c54)c(C)c1,Cc1ccccc1,461.0
11434,CCCCCCOc1ccc(-c2cnc(-c3nnc(-c4ccc(OCCCCCC)cc4)o3)o2)cc1,CO,419.0
2570,CCCCCCCCn1c2ccc(/C=C/c3ccc(N(c4ccccc4)c4ccccc4)cc3)cc2c2cc3c(cc21)c1cc(/C=C/c2ccc(N(c4ccccc4)c4ccccc4)cc2)ccc1n3CCCCCCCC,Cc1ccccc1,453.0
5753,C[n+]1ccc(/C=C/c2ccc([O-])cc2)cc1,OCCO,573.0
9612,Cn1c(=O)c(/N=N/c2ccc(Nc3ccccc3)c(S(=O)(=O)O)c2)c(O)c2ccccc21,ClCCl,512.0
10597,Oc1cc(N(c2ccccc2)c2ccccc2)ccc1-c1nc2c3ccc(-c4ccccc4)cc3c3cc(-c4ccccc4)ccc3c2[nH]1,C1CCOC1,420.0
6448,N#CSc1ccc2n1[B-](F)(F)[N+]1=C(N3CCOCC3)C=CC1=C2c1ccccc1,CCCCCC,561.0
5599,CCCCC(CC)CN1C(=O)c2cccc3c(C#Cc4ccc(N(c5ccccc5)c5ccccc5)cc4)ccc(c23)C1=O,Cc1ccccc1,512.0
7877,CC1(C)c2ccccc2N(c2ccc3c(c2)c2cc(N4c5ccccc5C(C)(C)c5ccccc54)cc4c5ccccc5n3c42)c2ccccc21,C1CCCCC1,427.5665399
4355,Nc1ccc(C#Cc2ccc3ccc4ccc(C#Cc5ccc(N)cc5)c5ccc2c3c45)cc1,CC(C)=O,538.0
2163,O=c1[nH]c2ccccc2[nH]1,CCCCCl,301.9961948
9000,Cc1cc(-c2ccc(-c3ccccc3)cc2)nc(-c2ccc(-n3c4ccccc4c4ccccc43)cc2)n1,C1CCOC1,418.0
8827,COc1ccc(/C=C/c2cc(/C=C/c3ccc(OC)cc3)nc(/C=C/c3ccc(N(c4ccccc4)c4ccccc4)cc3)n2)cc1,CS(C)=O,622.0
380,COc1ccc(-c2nc3ccccc3nc2-c2ccc(OC)cc2)cc1,CCCCCC,423.0
11155,COc1c2ccccc2c(OC)c2c1c1ccccc1n2C,ClCCl,422.0
1292,Clc1ccc(N2c3sc4ccccc4c3Sc3c2sc2ccccc32)cc1,ClCCl,546.0
1912,O=C1Nc2ccccc2/C1=C/C(=O)c1ccc(Cl)cc1,O,410.0
6899,CN(C)c1ccc(/C=C/c2nc3ccc(N(C)C)cc3oc2=O)cc1,CCCCCCC,519.0
599,O=c1c2cc(F)c(O)cc2sc2cc(O)c(F)cc12,CCO,465.0
3892,CC(C)(C)c1ccc2c(c1)c1cc(C(C)(C)C)ccc1n2-c1cccc(-n2c3ccc(C(C)(C)C)cc3c3cc(C(C)(C)C)ccc32)c1C#N,O=P(c1ccccc1)(c1ccccc1)c1ccccc1Oc1ccccc1P(=O)(c1ccccc1)c1ccccc1,424.0
4141,O=c1cc(COc2ccc(I)cc2)c2c(ccc3ccccc32)o1,CC(C)=O,417.0
5540,CCCCCCC(CCCCCC)N1C(=O)c2cccc3c(-c4ccc(OC)c5cccc(C)c45)ccc(c23)C1=O,Cc1ccccc1,487.0
1652,COc1cc(C2=CC3=C(c4c(C)cc(C)cc4C)c4cc(-c5cc(OC)c(OC)c(OC)c5)c(-c5cc(OC)c(OC)c(OC)c5)n4[B-](F)(F)[N+]3=C2c2cc(OC)c(OC)c(OC)c2)cc(OC)c1OC,ClCCl,651.0
7900,CCCCCCCCCCCCn1cccc1/C=C/c1ccc(/C=C/c2cccn2CCCCCCCCCCCC)cc1,Cc1ccccc1,443.0
9658,Cc1cc(N(C)C)cc(C)c1/C=C/C=C/c1ccc(C#N)cc1,CCOCC,527.0
1893,Cc1ccc(C(=O)/C=C2\C(=O)Nc3ccccc32)cc1C,CC(C)O,403.0
1944,O=C1Nc2ccccc2/C1=C/C(=O)c1ccccc1,CCOC(C)=O,394.0
3395,CCN(CC)c1ccc2cc(-c3csc(N)c3C#N)c(=O)oc2c1,C1CCOC1,458.0
3388,COc1ccc2c(c1)N(c1ccccc1-c1ccccc1)c1cc3c(cc1=N2)Oc1c(cc(C(C)(C)C)cc1C(C)(C)C)N=3,CC#N,619.0
6502,c1ccc(-c2nc3c(c4c2-c2ccccc2CC4)-c2ccccc2CC3)cc1,C1CCOC1,362.0
4362,Nc1ccc(C#Cc2ccc3ccc4ccc(C#Cc5ccc(N)cc5)c5ccc2c3c45)cc1,ClCCl,492.0
11978,C/C(=N\Nc1ccc(C#N)cc1)c1ccccn1,CS(C)=O,475.0
375,CN(C)c1ccc2c(c1)C(C)(C)C1=CC(=[N+](C)C)C=CC1=C2C#Cc1ccccc1,CO,705.0
1966,O=c1c2cccc3cccc(c32)c2nc3ccccc3n12,ClCCl,499.0
3957,COC(=O)C(NC(=O)OC(C)(C)C)c1ccc2oc(-c3ccc(F)cc3)nc2c1,CC1CCCCC1,320.0
6195,c1ccc(-c2ccc(-c3nc(-n4c5ccccc5c5ccc6c7ccccc7n(-c7ccccc7)c6c54)nc(-n4c5ccccc5c5ccc6c7ccccc7n(-c7ccccc7)c6c54)n3)cc2)cc1,O=P(c1ccccc1)(c1ccccc1)c1ccccc1Oc1ccccc1P(=O)(c1ccccc1)c1ccccc1,492.0
11895,O=P1(c2ccccc2)c2ccc(N3c4ccccc4Sc4ccccc43)cc2-c2cc(N3c4ccccc4Sc4ccccc43)ccc21,c1ccc2c(c1)c1ccccc1n2-c1ccc(-c2ccc(-n3c4ccccc4c4ccccc43)cc2)cc1,555.0
4423,COc1ccc2cc(C3=[N+]4C(=Nc5c(-c6ccc7ccccc7c6)cc(-c6ccc7cc(OC)ccc7c6)n5[B-]4(F)F)C(c4ccc5ccccc5c4)=C3)ccc2c1,ClCCl,754.0
5351,COc1cc2c(cc1-c1ccsc1)Cc1c3c(c4c(c1-2)-c1cc(OC)c(-c2ccsc2)cc1C4)C(=O)N(CCC(C)C)C3=O,C1CCOC1,487.0
5696,CCCCC(CC)Cn1c2ccccc2c2cc(-c3ccc4c(c3)-c3cc(-c5ccc6c(c5)c5ccccc5n6CC(CC)CCCC)ccc3S4(=O)=O)ccc21,Cc1ccccc1,408.0
1243,CCN1c2ccc(-c3cc(C(F)(F)F)[nH]n3)cc2Sc2cc(-c3cc(C(F)(F)F)[nH]n3)ccc21,c1ccccc1,463.0
8060,COC(=O)/C=C/C=C/c1ccc(N(C)C)cc1,CC1CCCCC1,424.0
12007,COc1ccc(C#Cc2c3cc4ccccc4cc3c(C#Cc3ccc(OC)cc3)c3cc4sc(C)cc4cc23)cc1,ClCCl,634.0
6798,COc1cccc(-n2c(-c3ccc(F)cc3)nc(C)c2C)c1,c1ccccc1,365.0
7802,CNc1ccc2c(c1)-c1ccccc1C2=O,c1ccccc1,509.0
11713,N#Cc1ccc(C#Cc2ccc(C#Cc3ccc(C#Cc4ccccc4C#N)cc3C#N)cc2C#N)cc1,CN(C)C=O,394.0
1471,COc1cc(OC)cc(-c2ccc(-c3ccc(C#N)s3)s2)c1,C1CCCCC1,437.0
3346,Cn1c2ccccc2[c+](-c2ccccc2)c2cc([N+](=O)[O-])ccc21,CCO,431.4
4522,F[B-]1(F)n2c(-c3cccs3)cc(-c3cccs3)c2N=C2C(c3cccs3)=CC(c3cccs3)=[N+]21,CC#N,757.0
2657,CC1=CC(c2ccc3cc(N(C)C)ccc3c2)=[O+][B-](F)(F)O1,ClC(Cl)Cl,552.0
2853,Cn1c(=O)c(/N=N/c2cc(S(=O)(=O)O)ccc2S(=O)(=O)O)c(O)c2ccccc21,CO,483.0
4506,CC(C)(C)c1ccc(-c2nc3c4ccc(-c5cccc6ccccc56)cc4c4cc(-c5cccc6ccccc56)ccc4c3n2-c2ccc(C(C)(C)C)cc2)cc1,C1CCOC1,386.0
11622,CCN(CC)c1ccc2cc(/C=C/C(O)=C/C(C)=O)c(=O)oc2c1,CO,558.0
11010,COc1ccc2c(c1)CCC1=C(c3ccccc3)C3=Nc4c(-c5ccccc5)c5c(n4[B-](F)(F)[N+]3=C12)-c1ccc(OC)cc1CC5,ClC(Cl)Cl,752.0
11985,COC(=O)/C(C#N)=c1\s/c(=c2/s/c(=C(/C#N)C(=O)OC)c3cc(-c4ccc5c(c4)C(C)(C)c4ccccc4-5)sc23)c2sc(-c3ccc4c(c3)C(C)(C)c3ccccc3-4)cc12,Cc1ccccc1,682.0
4045,CCOC(=O)c1c(-c2cc3ccccc3oc2=O)nn(-c2cccc(Cl)c2)c1C(=O)OCC,ClCCl,402.0
4062,O=C1/C(=C\c2ccc(N(c3ccccc3)c3ccccc3)cc2)S(=O)(=O)c2ccccc21,CS(C)=O,553.0
5326,CC(C)(C)c1ccc(-c2c(-c3ccc(N(c4ccccc4)c4ccccc4)cc3)cc(-c3ccc(N(c4ccccc4)c4ccccc4)cc3)c(-c3ccc(C(C)(C)C)cc3)c2-c2ccc(C(C)(C)C)cc2)cc1,C1CCOC1,406.0
7839,c1ccc(-c2nc(-c3ccccc3)nc(-c3ccc(N4c5ccccc5C5(c6ccccc64)c4ccccc4C4(c6ccccc6-c6ccccc64)c4ccccc45)cc3)n2)cc1,Cc1ccccc1,475.4237288
9240,O=c1c2ccccc2n2c3ccccc3c(=O)c3cc(-c4ccccc4)cc1c32,Cc1ccccc1,464.9810367
7246,N#CC(C#N)=Cc1cn(-c2ccccc2)nc1-c1ccccc1,CS(C)=O,443.0
4306,C[Si]1(C)c2ccc(C#Cc3ccccc3)cc2C=Cc2cc(C#Cc3ccccc3)ccc21,ClCCl,375.0
5139,C(/C=C/c1ccc(N(c2ccccc2)c2ccccc2)cc1)=C\c1ccncc1,CCCCCCC,472.0
8558,CN(C)c1ccc2c(c1)C(=O)NC2=O,CC(C)(C)O,516.0
9441,CCCc1ccc(C#Cc2cc(C#Cc3ccc(CCC)cc3)c3ccc4c(C#Cc5ccc(N(C)C)cc5)cc(C#Cc5ccc(CCC)cc5)c5ccc2c3c54)cc1,ClCCl,596.0
7978,C/C=C/c1ccc(OC)cc1,CC#N,330.0
3990,COC(=O)C(Cc1ccc2oc(-c3ccc(N(C)C)cc3)nc2c1)NC(=O)OC(C)(C)C,CCCCCO,388.5003885
1049,COc1ccc(-c2cc3c(s2)c(C(=O)c2ccccc2)cc(=O)n3Cc2ccccc2)cc1,ClCCl,547.0
3823,CCCCN1C(=S)c2cccc3cccc(c23)C1=S,Cc1ccccc1,506.0
8065,COC(=O)/C=C/C=C/c1ccc(N(C)C)cc1,ClCCl,435.0
11696,N#Cc1ccc(-c2ccc3c(c2)c2cc(-c4ccc(C#N)cc4)ccc2c2c3nc(-c3ccc(-c4ccc(N(c5ccccc5)c5ccccc5)cc4)cc3)n2-c2ccccc2)cc1,CC#N,519.9316629
2035,COc1ccc(/C=C/c2ccccc2)cc1,CC#N,374.0
4039,CCOC(=O)c1c(-c2cc3ccc(OCC=C(C)C)cc3oc2=O)nn(-c2ccccc2)c1C(=O)OCC,ClCCl,425.0
7912,N#Cc1cc(N2c3ccccc3Oc3ccccc32)cc(N2c3ccccc3Oc3ccccc32)c1,Cc1ccccc1,520.0
7841,CCC1(CC)c2cc(-c3ccc(C(C)(C)C)cc3)ccc2-c2ccc(-c3ccc4c(c3)C(CC)(CC)c3cc(-c5ccc6c(c5)C(CC)(CC)c5cc(-c7ccc(C(C)(C)C)cc7)ccc5-6)ccc3-4)cc21,CO,402.2964509
11469,CC1=CC(C)=[N+]2C1=C(c1c3ccccc3c(-c3ccccc3)c3ccccc13)c1c(C)cc(C)n1[B-]2(F)F,ClCCl,515.0
1972,O=[N+]([O-])c1ccc(/C2=C3/N=C(C(c4ccccc4)=C3c3ccccc3)/C(c3ccc([N+](=O)[O-])cc3)=c3\[nH]/c(c(-c4ccccc4)c3-c3ccccc3)=C(/c3ccc([N+](=O)[O-])cc3)C3=N/C(=C(/c4ccc([N+](=O)[O-])cc4)c4[nH]c2c(-c2ccccc2)c4-c2ccccc2)C(c2ccccc2)=C3c2ccccc2)cc1,ClCCl,745.0
8283,N#Cc1ccc(N)cc1C#N,CC#N,384.0
2099,C1=Cc2ccc3ccccc3c2N(c2ccccc2)B1c1ccccc1,C1CCCCC1,392.0
1499,Oc1ccccc1/N=C/c1ccccc1Oc1ccccc1,ClCCl,415.0
5205,c1ccc(-c2nc(-c3ccccc3)nc(-c3ccc(-c4ccc5c(c4)[Si](c4ccccc4)(c4ccccc4)c4cc(-c6ccc(-c7nc(-c8ccccc8)nc(-c8ccccc8)n7)cc6)ccc4N5c4ccccc4)cc3)n2)cc1,c1cc(-c2cccc(-n3c4ccccc4c4ccccc43)c2)cc(-n2c3ccccc3c3ccccc32)c1,459.0
3512,CCOC(CN1C(=O)C2=C(c3ccsc3)N(CC(OCC)OCC)C(=O)C2=C1c1ccsc1)OCC,ClC(Cl)Cl,524.0
6575,Cc1cc(-c2ccc(-n3c4ccccc4c4ccccc43)cc2)nc(-c2ccc(-c3ccccc3)cc2)n1,Cc1ccccc1,392.0
8587,CCN(CC)c1ccc2c(c1)oc(=O)c1c(-c3ccccc3C(=O)O)c3ccc(=[N+](CC)CC)cc-3oc12,ClC(Cl)Cl,636.0
652,CN(C)c1ccc(C#Cc2ccc(-c3nc(C#N)c(C#N)n3C)cc2)cc1,CC#N,514.0
170,CCCCOc1ccc(-c2oc3c(-c4ccc(OCCCC)cc4)c4n(c3c2-c2ccc(OCCCC)cc2)[B-](F)(F)[N+]2=Cc3c(-c5ccc(OCCCC)cc5)c5oc(-c6ccc(OCCCC)cc6)c(-c6ccc(OCCCC)cc6)c5n3[B-](F)(F)[N+]2=C4)cc1,CS(C)=O,676.0
4085,O=c1c2cc(-n3c4ccccc4c4ccccc43)ccc2sc2ccc(-n3c4ccccc4c4ccccc43)cc12,ClCCl,495.0
242,O=S(=O)([O-])c1ccccc1/C=C/c1ccc(-c2nnc(-c3ccc(/C=C/c4ccccc4S(=O)(=O)[O-])cc3)o2)cc1,C1CCOC1,415.0
9671,N#C/C(=C\C=C\c1ccccc1)c1ccc([N+](=O)[O-])cc1,C1COCCO1,484.0
5798,COc1ccc(-c2cc3c4c(c2)CCc2cc(-c5ccc(OC)cc5)cc(c2-4)CC3)cc1,ClC(Cl)Cl,391.4605418
10415,COc1ccc(-c2nc(-c3ccccc3)c(N(c3ccccc3)c3ccccc3)s2)cc1,ClC(Cl)Cl,457.0
4371,CN(C)c1ccc(C#Cc2ccc3ccc4ccc(C#Cc5ccc(N(C)C)cc5)c5ccc2c3c45)cc1,Cc1ccccc1,482.0
1644,CN1C(=O)c2cccc3c(-n4c5ccccc5c5ccccc54)ccc(c23)C1=O,ClCCl,556.0
6355,CCOC(=O)C1c2ccccc2C(=O)N1c1ccc(OC)cc1,CCCCCC,453.0
5594,c1ccc(N(c2ccccc2)c2ccc(-c3ccc4c(c3)C3(c5cc(-c6ccc(N(c7ccccc7)c7ccccc7)cc6)ccc5O4)c4ccccc4-c4ccccc43)cc2)cc1,ClCCl,419.0
2756,CN(/N=C1\N=C(N)C2(CCCC2)c2ccccc21)c1ccccc1,ClCCl,471.0
7968,Nc1ccccc1C(=O)O,c1ccccc1,394.0
7995,CCOC(=O)/C=C/c1ccc(N(C)C)cc1,CCO,455.0
9590,COC(=O)c1nc(Cl)c(-c2ccccc2)o1,C1CCCCC1,344.0
9211,COC(=O)c1nc2c(OCc3ccccc3)nc(N)nc2n1Cc1ccccc1,CO,405.0
8409,CCN1c2ccccc2Sc2cc(/C=C(\C#N)c3ccccc3)ccc21,CC(C)=O,582.0
5231,FC(F)(F)c1ccc(-c2ncc3ccccn23)cc1,ClC(Cl)Cl,459.0
2076,COC(=O)C(Cc1ccc2oc(-c3ccc(N(c4ccccc4)c4ccccc4)cc3)nc2c1)NC(=O)OC(C)(C)C,CO,486.0007484
4103,N#Cc1c(-c2ccc(Br)cc2)cc(-c2ccc(Br)cc2)[nH]c1=O,CC#N,453.0
11725,CCC12C(=C3C(=C4c5ccc(-c6ccc(C)s6)cc5S(=O)(=O)C41CC)C(F)(F)C(F)(F)C3(F)F)c1ccc(-c3ccc(C)s3)cc1S2(=O)=O,CCO,618.0
3996,COC(=O)C(Cc1ccc2oc(-c3ccc(N(C)C)cc3)nc2c1)NC(=O)OC(C)(C)C,CO,403.5024008
4801,CC1=CC(C)=[N+]2C1=Cc1c3ccccc3c(C#Cc3ccsc3)n1[B-]2(F)F,CCOC(C)=O,616.0
5968,CCN(CC)c1ccc2cc(/C=C/C(O)=C3\CC/C(=C\c4cc5ccc(N(CC)CC)cc5oc4=O)C3=O)c(=O)oc2c1,CCOC(C)=O,589.0
7316,CN(C)c1cccc2c1ccc1c(=O)oc(-c3ccc(C(F)(F)F)cc3)cc12,ClC(Cl)Cl,538.0
7393,CN(C)CCN(Cc1c2ccccc2cc2ccccc12)c1ccc([N+](=O)[O-])cc1[N+](=O)[O-],CC#N,394.0
8807,c1ccc(B2Nc3cc4c(cc3-c3sccc32)NB(c2ccccc2)c2ccsc2-4)cc1,ClCCl,412.0
8507,CN(C)c1ccc(C#Cc2ccc3c(N(C)C)cc(-c4ccccc4)cc3c2)cc1,CC#N,476.5886288
12262,O=c1c2cc(F)c(O)cc2n(-c2ccccc2)c2cc(O)c(F)cc12,CCO,454.0
11491,CC(C)(C)c1ccc2c(c1)c1cc(C(C)(C)C)ccc1n2-c1ccc(S(=O)(=O)c2cccc(S(=O)(=O)c3ccc(-n4c5ccc(C(C)(C)C)cc5c5cc(C(C)(C)C)ccc54)cc3)c2)cc1,Cc1ccccc1,422.0
9922,CC(O)CC1=N/C(=C\c2cccc(N(C)C)c2)C(=O)N1C,C1CCOC1,585.0
8814,F[B-]1(F)N(c2ccccc2)C=Cc2cccc[n+]21,CCO,553.0
5849,O=S1(=O)c2ccc(-c3ccc(-n4c5ccccc5c5ccccc54)cc3)cc2C2(c3ccccc3-c3ccccc32)c2cc(-c3ccc(-n4c5ccccc5c5ccccc54)cc3)ccc21,ClCCl,432.0
6948,CCCCCCCCCCCCCCCCCCOc1ccc([B-]23NC(c4ccccc4)=Nc4cccc([n+]42)N=C(c2ccccc2)N3)cc1,ClCCl,511.0
6762,Cc1cc(C(F)(F)F)nc2c1ccc1nc(-c3ccc(Cl)cc3)cn12,CCCCOC(C)=O,455.0
10191,Cc1cccc(C)c1Nc1ccc(/C=C/c2cccnc2)cc1,CCCCCC,383.0
4661,COc1cc(-c2nnc(-c3ccc4ccc5cccc6ccc3c4c56)o2)cc(OC)c1OC,C1CCOC1,426.0
4078,CN(C)c1ccc2nc(-c3ccc(C(=O)Nc4ccccc4)cc3)sc2c1,CS(C)=O,564.0
6054,CN(C)c1ccc(C#Cc2ccccc2)cc1,C1CCOC1,385.9960628
10974,Cc1cc(C)c2c(c1)c1cc(C)cc(C)c1n2-c1ccc2c(c1)B(c1c(C(C)C)cc(C(C)C)cc1C(C)C)c1cc(-n3c4c(C)cc(C)cc4c4cc(C)cc(C)c43)ccc1N2c1ccccc1,CCOC(C)=O,447.9591837
5974,c1ccc2c(-n3c(-c4ccc(-c5ccc(-c6nc7c8ccccc8c8ccccc8c7n6-c6cccc7ccccc67)c6ccccc56)c5ccccc45)nc4c5ccccc5c5ccccc5c43)cccc2c1,ClCCl,428.0
640,CCn1c2ccccc2c2cc(-c3cc(-c4ccc5c(c4)c4ccccc4n5CC)nc(N4CCCCC4)n3)ccc21,C1CCOC1,408.0
1270,CCCCC(CC)Cn1c2cc(C#N)c(-c3ccc(N(c4ccccc4)c4ccccc4)cc3)cc2c2cc(-c3ccc(N(c4ccccc4)c4ccccc4)cc3)c(C#N)cc21,CN(C)C=O,542.0
6920,c1ccc2c(-n3cnc4ccccc43)cccc2c1,C1CCCCC1,358.0
2778,CCN(CC)c1ccc2cc(C#N)/c(=N\C(=O)c3ccc(F)cc3)oc2c1,CCO,533.0
7952,CCN(CC)c1cccc(C=O)c1,CCOC(C)=O,464.0
4932,CCN(CC)c1ccc2cc(/C=C/C(=O)c3cc4ccc(N(CC)CC)cc4oc3=O)c(=O)oc2c1,Cc1ccccc1,515.0
6060,C(#Cc1ccccc1)c1ccccc1,ClCCl,302.0
1985,CCCCCCc1ccc(-n2c3[n+](c4c5ccccc5c5ccccc5c42)[B-](C)(C)c2ccccc2-3)cc1,C1CCOC1,384.0
3861,COc1ccc(-c2oc3cccc4c5c(-c6ccc(OC)c(OC)c6)/c(=N/S(=O)(=O)C(F)(F)F)oc6cccc(c2c34)c65)cc1OC,ClC(Cl)Cl,613.0
3480,COC(=O)c1ccc(/C=C2\N=C(c3ccccc3)NC2=O)cc1,C1COCCO1,461.0
1534,Oc1ccc(/N=C/c2ccccc2Oc2ccccc2)cc1,C1COCCO1,414.0
325,Cc1ccc(C2=C3C=CC(C#Cc4ccccc4)=[N+]3[B-](F)(F)n3c(C#Cc4ccccc4)ccc32)cc1,C1COCCO1,626.0
5764,CC1=CC(c2ccc(N(C)C)cc2)=[N+]2C1=Nc1c(C)cc(-c3ccc(N(C)C)cc3)n1[B-]2(F)F,C1CCOC1,791.0
2338,CCN(CC)c1ccc(/C=C2\CC/C(=C\c3ccc(N(c4ccc(/C=C5\CC/C(=C\c6ccc(N(CC)CC)cc6)C5=C(C#N)C#N)cc4)c4ccc(/C=C5\CC/C(=C\c6ccc(N(CC)CC)cc6)C5=C(C#N)C#N)cc4)cc3)C2=C(C#N)C#N)cc1,CN(C)C=O,720.0
6998,COc1ccc(C2=C3C(C)=CC(C=Cc4ccc(C(=O)OC5C[C@H]6CCC5(C)C6(C)C)cc4)=[N+]3[B-](F)(F)n3c(/C=C/c4ccc(C(=O)OC5CC6CCC5(C)C6(C)C)cc4)cc(C)c32)cc1,Cc1ccccc1,710.0
3980,COC(=O)C(Cc1ccc2oc(-c3ccc(N(C)C)cc3)nc2c1)NC(=O)OC(C)(C)C,CC(O)CO,408.496732
11734,CN(CC(O)c1cccc(O)c1)c1ccc([N+](=O)[O-])c(C2CC(c3cccc4ccccc34)=NN2c2ccccc2)c1,CCOC(C)=O,498.0
12245,CN(C)c1ccc(/C=C/c2cccnn2)cc1,CCCCCCC,459.0
4054,Nc1ncnc2c1c(C#Cc1c3ccccc3cc3ccccc13)cn2[C@H]1C[C@H](O)[C@@H](CO)O1,CC#N,468.0
2237,CC1=[N+]2C(=C(c3ccc(N4CCOCC4)cc3)c3ccc(C)n3[B-]2(F)F)C=C1,CC#N,534.0
5229,CC1(C)CC(/N=C/c2ccc3ccc4cccc5ccc2c3c45)CC(C)(C)N1,ClC(Cl)Cl,393.0
10152,CC[n+]1c(-c2ccccc2)c2cc(NC(N)=O)ccc2c2ccc(NC(N)=O)cc21,O,520.0
4571,CC1=C(Cc2ccccc2)C(C)=[N+]2C1=C(C)c1c(C)c(-c3csc(N4CCOCC4)n3)c(C)n1[B-]2(F)F,CC(C)O,543.0
11858,Cc1ccc(C2CC(c3ccc(O)cc3)=NN2c2ccc(S(N)(=O)=O)cc2)cc1,O,449.0
5474,Cc1cc(C)c(B(c2c(C)cc(C)cc2C)c2cc3ccc4ccccc4c3c3c2cc(N(C)C)c2ccccc23)c(C)c1,C1CCCCC1,554.0
10195,Fc1cc(-c2ccc(-c3nc4cc(Br)ccc4[nH]3)cc2)ccc1-c1ccc(-c2nc3cc(Br)ccc3[nH]2)cc1,CN(C)C=O,417.0
864,CCc1c(C)[nH]c(C2=[N+]3C(=Cc4c(C)c(CC)c(C)n4[B-]3(F)F)c3ccccc32)c1C,CO,642.0
8376,COC(=O)C(Cc1ccc2oc(-c3ccc4c(c3)c3ccccc3n4-c3ccccc3)nc2c1)NC(=O)OC(C)(C)C,CC1CCCO1,379.0032215
4942,CCN(CC)c1ccc2cc(/C=C/C(=O)c3cc4ccc(N(CC)CC)cc4oc3=O)c(=O)oc2c1,CS(C)=O,590.0
2253,CCN(CC)c1ccc(-c2ccc(-c3nc(C#N)c4ccccc4n3)s2)cc1,CC#N,539.0
6010,O=C(/C=C/c1ccc(O)c(O)c1)O[C@H](Cc1ccc(O)c(O)c1)C(=O)O,ClCCl,396.0
9895,CCCCCCN1C(=O)c2cccc3cc(/N=C\c4ccc(N5CCOCC5)cc4)cc(c23)C1=O,ClC(Cl)Cl,557.0
371,COc1ccc(-c2ccc(-c3ccc(OC)cc3)c3nc(-c4ccccc4)c(-c4ccccc4)nc23)cc1,CCCCCC,477.0
8799,CCC1=C(C)C2=C(C)c3c(C)c(-c4csc(N5CCOCC5)n4)c(C)n3[B-](F)(F)[N+]2=C1C,CS(C)=O,539.0
11624,CCN(CC)c1ccc2cc(/C=C/C(O)=C/C(C)=O)c(=O)oc2c1,Cc1ccccc1,502.0
609,CN1/C(=C/C=C/C2=[N+](C)c3c(F)c(F)c4c(F)c(F)c(F)c(F)c4c3C2(C)C)C(C)(C)c2c1c(F)c(F)c1c(F)c(F)c(F)c(F)c21,ClCCl,597.0
7139,CC/[NH+]=c1\cc2oc3cc(NCCC(=O)NCC(=O)OC)c4ccccc4c3nc-2cc1C,O,652.0
12209,COc1ccc(/C=C/C2=N/C(=C\c3ccncc3)C(=O)N2C)cc1,CCOC(C)=O,566.0
10681,N#Cc1cnc(-c2c3ccccc3cc3ccccc23)nc1,ClCCl,492.0
8545,COc1cc(OC)cc(-c2ccc(C3=CC(c4ccccc4)=C(c4ccccc4)C3)cc2)c1,ClCCl,455.0
11958,c1ccc(C2(c3ccccc3)c3cc4c(cc3-c3ccc5ccc6cccc7cc2c3c5c67)-c2ccc3ccc5cccc6cc(c2c3c56)C4(c2ccccc2)c2ccccc2)cc1,Cc1ccccc1,411.0
9578,COC(=O)C(Cc1ccc2oc(-c3ccc(-n4c5ccccc5c5ccccc54)cc3)nc2c1)NC(=O)OC(C)(C)C,CS(C)=O,445.990545
11830,NS(=O)(=O)c1ccc(N2N=C(c3ccc(O)cc3)CC2c2ccccc2)cc1,CS(C)=O,424.0
9234,CN(C)c1ccc(/C=C/C=C/c2nc3ccccc3s2)cc1,c1ccccc1,504.0
5830,CCOC(=O)C1=C(C(=O)OCC)C2(c3ccccc3-c3ccccc32)[C@@H](c2ccc([N+](=O)[O-])cc2)C=C2c3cc(OC)c(OC)cc3CCN21,ClCCl,430.0
2364,CC(C)(C)c1ccc(-c2nc3c4ccc(-c5ccccc5)cc4c4cc(-c5ccccc5)ccc4c3n2-c2ccc(C(C)(C)C)cc2)cc1,Cc1ccccc1,388.0
3213,N#CC(C#N)=C(/C=C/c1ccc(N(c2ccccc2)c2ccc(/C=C/C(=C(C#N)C#N)c3ccccc3)cc2)cc1)c1ccccc1,CC#N,652.0
5456,c1ccc2cc(-n3c4ccccc4c4ccccc43)ccc2c1,ClC(Cl)Cl,376.0
911,Cc1cc(C)n2c1C=C1c3ccccc3C(c3cccn3C)=[N+]1[B-]2(F)F,CCCCCC,605.0
11078,F[B-]1(F)n2c(Cl)ccc2C(c2c(Cl)cccc2Cl)=C2C=CC(NCc3ccccc3)=[N+]21,CC#N,532.0
10690,CN1CCCc2cc3c(C(F)(F)F)cc(=O)oc3cc21,CCO,515.0
3789,CN(C)c1ccc2nc3c(cc2c1)c(-c1ccccc1)nn3-c1ccccc1,CN(C)C=O,566.893424
11698,N#Cc1ccc(-c2ccc3c(c2)c2cc(-c4ccc(C#N)cc4)ccc2c2c3nc(-c3ccc(-c4ccc(N(c5ccccc5)c5ccccc5)cc4)cc3)n2-c2ccccc2)cc1,CCOCC,449.2027335
10323,N#Cc1cc(/C=C/c2ccc(N(c3ccccc3)c3ccccc3)cc2)ccc1/C=C/c1ccc(/C=C/c2ccc(N(c3ccccc3)c3ccccc3)cc2)cc1,ClCCl,560.0
5581,CCN1/C(=C\C=C\C=C\C2=[N+](CC)c3ccc4ccccc4c3C2(C)C)C(C)(C)c2c1ccc1ccccc21,C1CCOC1,707.0
11492,c1ccc(-c2ccc3c4ccc(-c5ccccc5)c5c(-c6ccccc6)ccc(c6cccc2c63)c54)cc1,ClCCl,500.0
8972,CC1(C)CC(/C=C/c2ccc(-n3ccnc3)cc2)=CC(=C(C#N)C#N)C1,CCO,520.0
8574,Nc1ccc2c(c1)C(=O)NC2=O,O,540.0
5060,O=C1/C(=C2\Sc3ccc(S(=O)(=O)O)cc3C2=O)Sc2ccc(S(=O)(=O)O)cc21,CN(C)C=O,613.0
1423,O=C1NC(=O)/C(=C\c2ccccc2O)S1,C1COCCO1,418.0
12023,CC(C)c1cc(C(C)C)c(B2c3ccccc3Oc3cc(N4c5ccccc5C(C)(C)c5ccccc54)ccc32)c(C(C)C)c1,Cc1ccccc1,475.0
479,CN(C)c1ccc(/C=C/C=C/C=C/c2ccc(N(C)C)cc2)cc1,CN(C)C=O,500.0
662,c1ccc(N2c3ccc4ccccc4c3-c3c4ccccc4nc[n+]3[B-]2(c2ccccc2)c2ccccc2)cc1,C1CCOC1,665.0
6756,CCCC1(CCC)c2cc(-c3ccc4c(c3)C(CCC)(CCC)c3cc(C(C)(C)CC)ccc3-4)ccc2-c2ccc(-c3ccc4c(c3)C(CCC)(CCC)c3cc(C(C)(C)CC)ccc3-4)cc21,C1CCCCC1,400.0
6437,CC1=CC(C)=[N+]2C1=C(c1ccc(I)cc1)c1c(C)cc(C)n1[B-]2(Oc1ccccc1)Oc1ccccc1,ClC(Cl)Cl,517.4953308
11536,CN(C)c1ccc2c(c1)[Si](C)(C)C1=CC(=[N+](C)C)C=CC1=C2,O,648.0
9953,CC1=N/C(=C\c2ccccc2N)C(=O)N1C,C1CCOC1,513.0
2988,C1=[N+](c2ccccc2)[B-](c2ccccc2)(c2ccccc2)Oc2c1ccc1c3c(ccc21)C=[N+](c1ccccc1)[B-](c1ccccc1)(c1ccccc1)O3,Cc1ccccc1,602.0
1119,Cc1ccc(/C=N/c2cc(C(C)C)c(O)cc2C)cc1,CCCCO,417.0
2776,CCN(CC)c1ccc2cc(C#N)/c(=N\C(=O)c3ccc(C)cc3)oc2c1,CCO,530.0
4535,O=C(/C=C/c1cn(-c2ccccc2)nc1-c1ccccc1)c1c(O)c2ccccc2oc1=O,ClCCl,502.0
12125,CCCCCCC(CCCCCC)N1C(=O)c2cccc3c(-c4ccc(OC)cc4)ccc(c23)C1=O,Cc1ccccc1,443.2
8703,F[B-]1(F)n2cccc2C=C2C=CC=[N+]21,CO,506.0
8873,CCn1c2ccccc2c2cc(-c3cc(-c4ccc5c(c4)c4ccccc4n5CC)nc(SC)n3)ccc21,CN(C)C=O,421.0
6349,CCOC(=O)C1c2cc(Cl)ccc2C(=O)N1c1ccc(OC)c(OC)c1,CO,459.0
10135,Cc1ccc(/C=C/c2ccccc2-[n+]2cc([O-])on2)cc1,CC#N,504.0
9055,N#Cc1cccc2cc[nH]c12,CC#N,378.0
11490,Fc1ccc(-c2nc3n(c2-c2ccncc2)CCS3)cc1,c1ccncc1,434.0
5573,CCN1/C(=C\C=C\C=C\C2=[N+](CC)c3ccc4cc(Br)ccc4c3C2(C)C)C(C)(C)c2c1ccc1cc(Br)ccc21,C1CCOC1,709.0
6135,C(=C/c1ccc(-c2nnc(-c3ccc(/C=C/c4ccc(-c5nc(-c6ccccc6)c(-c6ccccc6)[nH]5)cc4)cc3)o2)cc1)\c1ccc(-c2nc(-c3ccccc3)c(-c3ccccc3)[nH]2)cc1,CN(C)C=O,524.0
5269,COC(=O)c1c2ccccc2nc2ccccc12,CC#N,422.0
4427,F[B-]1(F)OC(c2ccccc2)=Nc2sc(-c3ccccc3)n[n+]21,CC#N,415.0
10240,O=C1NC(=O)c2c1c1c3ccccc3[nH]c1c1[nH]c3ccccc3c21,C1CCOC1,475.0
5247,CCN(CC)c1ccc(/C=N/c2ccccc2/N=C/c2ccc(N(CC)CC)cc2O)c(O)c1,ClCCl,535.0
7217,c1ccc(-c2nc(-c3ccc(N4c5ccccc5C(c5ccccc5)(c5ccccc5)c5ccccc54)cc3)cc(-c3ccc(N4c5ccccc5C(c5ccccc5)(c5ccccc5)c5ccccc54)cc3)n2)cc1,O=P(c1ccccc1)(c1ccccc1)c1ccc2oc3ccc(P(=O)(c4ccccc4)c4ccccc4)cc3c2c1,462.0
3981,COC(=O)C(Cc1ccc2oc(-c3ccc(N(C)C)cc3)nc2c1)NC(=O)OC(C)(C)C,CC1CCCO1,384.4970778
8839,c1ccc(-c2nc(-c3ccc(N4c5ccccc5C(c5ccccc5)(c5ccccc5)c5ccccc54)cc3)cc(-c3ccccn3)n2)cc1,O=P(c1ccccc1)(c1ccccc1)c1ccccc1Oc1ccccc1P(=O)(c1ccccc1)c1ccccc1,468.0
11675,CCNc1ccc2c(C(F)(F)F)cc(=O)oc2c1,CCCCCCO,490.0
2893,c1ccc(N(c2ccccc2)c2ccc(-c3cccc4nc5ccccc5cc34)cc2)cc1,CCOC(C)=O,532.0
2669,O=c1oc2ccccc2cc1-c1ccc(-c2ccc(-c3cc4ccccc4oc3=O)cc2)cc1,ClCCl,430.0
3977,COC(=O)C(Cc1ccc2oc(-c3ccc(N(C)C)cc3)nc2c1)NC(=O)OC(C)(C)C,CC(C)CO,396.4949843
8037,CCCCC(CC)COC(=O)/C=C\c1ccc(OC)c(OC)c1OC,CO,468.0
279,CN(C)c1ccc(/C=C/c2ncc3ccccc3n2)cc1,CC#N,582.0
9672,N#C/C(=C\C=C\c1ccccc1)c1ccc([N+](=O)[O-])cc1,CC#N,540.0
10377,O=C(N/N=C/c1ccccc1O)c1cc2ccccc2cc1O,ClCCl,394.0
9061,N#Cc1cccc2cc[nH]c12,OCC(F)(F)F,391.0
10807,N#Cc1ccc(-c2cnc3cccc(-c4ccccc4)n23)cc1,ClCCl,457.0
9294,CCCCc1c2ccccc2c(-c2ccc(-c3nc4cc(CC(NC(=O)OC(C)(C)C)C(=O)OC)ccc4o3)cc2)c2ccccc12,OC(C(F)(F)F)C(F)(F)F,454.5000045
5197,CC1=C(c2cccs2)C(C)=[N+]2C1=C(c1ccc(OS(=O)(=O)c3ccc([N+](=O)[O-])cc3[N+](=O)[O-])cc1)c1c(C)c(-c3cccs3)c(C)n1[B-]2(F)F,Cc1ccccc1,608.0
4664,COc1cc(-c2nnc(-c3ccc4ccc5cccc6ccc3c4c56)o2)cc(OC)c1OC,CCCCCC,423.0
1694,Cc1cc(C)c(C2=C3C=C(c4ccccc4)C(c4ccccc4)=[N+]3[B-](F)(F)n3c2cc(-c2ccccc2)c3-c2ccccc2)c(C)c1,CC#N,623.0
10918,COc1ccc2cc(-c3ccc(C(F)(F)F)cc3)oc(=O)c2c1,CCCCCC,397.0
5018,F[B-]1(F)n2c(cc3c4ccccc4oc32)C(c2ccccc2)=C2C=c3c(oc4ccccc34)=[N+]21,C1CCCCC1,597.5
6133,C(=C/c1ccc(-c2nnc(-c3ccc(/C=C/c4ccc(-c5nc(-c6ccccc6)c(-c6ccccc6)[nH]5)cc4)cc3)o2)cc1)\c1ccc(-c2nc(-c3ccccc3)c(-c3ccccc3)[nH]2)cc1,C1CCOC1,492.0
3479,COC(=O)c1ccc(/C=C2\N=C(c3ccc([N+](=O)[O-])cc3)NC2=O)cc1,C1COCCO1,510.0
5554,CC1(C)c2ccccc2N(c2ccc(-c3cc(C#N)c(C#N)cc3-c3ccc(N4c5ccccc5C(C)(C)c5ccccc54)cc3)cc2)c2ccccc21,Cc1ccccc1,532.0
4416,CC(C)(C)c1ccc2c(c1)[nH]c1c3[nH]c4cc(C(C)(C)C)ccc4c3c3nsnc3c21,Cc1ccccc1,472.0
11412,Cc1nn(-c2ccccc2)c(C2=NN(c3ccc(Br)cc3)[C@@H](c3ccccc3)[C@@H]2c2ccccc2)c1C#N,CC#N,491.0
4155,COC(=O)CCC1=CC(C#Cc2cccs2)=[N+]2C1=Cc1c(CCC(=O)OC)cc(C#Cc3cccs3)n1[B-]2(F)F,ClCCl,681.0
4883,COC(=O)c1nc2cnc(N(C)C)nc2n1Cc1ccccc1,CO,466.0
5807,O=P(c1c2ccccc2cc2ccccc12)(c1c2ccccc2cc2ccccc12)c1c2ccccc2cc2ccccc12,C1CCOC1,452.0
3809,c1ccc(-c2cnc3nn4ccccc4c3c2)cc1,C1CCOC1,415.0
10698,CCOc1cc2c(cc1/C=C/C(=C(C#N)C#N)c1ccccc1)c1ccccc1n2CC,ClCCl,558.0
10561,c1ccc(-c2nc(-c3ccc(-c4ccc(N(c5ccccc5)c5ccccc5)cc4)cn3)oc2-c2ccccc2)cc1,C1CCOC1,458.0
9774,Cn1c(=O)c(/N=N/c2ccc(/N=N/c3ccc(S(=O)(=O)O)cc3)cc2)c(O)c2ccccc21,O,551.0
4296,O=C1C=C(Nc2ccccc2)CCC1,CN(C)C=O,349.0
11467,CC1=CC(C)=[N+]2C1=C(c1c3ccccc3c(-c3ccccc3)c3ccccc13)c1c(C)cc(C)n1[B-]2(F)F,CN(C)C=O,515.0
4683,O=S(=O)(c1cccc(N2c3ccccc3Sc3ccccc32)c1)c1cccc(N2c3ccccc3Sc3ccccc32)c1,CCCCC(CC)n1c2ccc(-n3c4ccccc4c4ccccc43)cc2c2cc(-n3c4ccccc4c4ccccc43)ccc21,554.5706371
10315,CN(c1ccccc1)c1ccc(-c2ccc(-c3ccc(N(C)c4ccccc4)cc3)c3nc(-c4ccccc4)c(-c4ccccc4)nc23)cc1,C1CCOC1,638.0
9355,CCOC(=O)c1ccccc1-c1c2ccc(=O)cc-2oc2cc(OC(=O)[C@H](CSCc3ccc(C)cc3)NC(=O)OC(C)(C)C)ccc12,CCO,516.0
10610,N#Cc1ccc(/C=C/c2ncc(-c3ccccc3)o2)cc1,ClCCl,450.0
5593,C(#Cc1ccc2ccc3cccc4ccc1c2c34)c1ccccc1,Cc1ccccc1,391.0
2209,CC(C)(C)NC(=O)c1cccc2ccc3c4cc(F)ccc4c4ccc(F)cc4c3c12,ClCCl,385.0
9665,N#C/C(=C\C=C\c1ccc([N+](=O)[O-])cc1)c1ccccc1,C1COCCO1,430.0
8861,CCn1c2ccccc2c2cc(-c3cc(-c4ccc5c(c4)c4ccccc4n5CC)nc(OC)n3)ccc21,C1CCOC1,388.0
5402,CC(=O)n1cc(/C=C/c2ccc([N+](=O)[O-])cc2)c2ccccc21,CCCCCCC,408.0
2410,CN(C)C(=O)c1ccc(-c2nc3ccc(N(C)C)cc3s2)cc1,CO,543.0
4563,O=c1cc2cc(O)c3c(O)ccc4ccc(o1)c2c43,CC1CCCO1,486.0
184,CN(C)c1ccc(/C=C/c2cc(/C=C/c3ccc(N(C)C)cc3)nc(/C=C/c3ccc(N(C)C)cc3)n2)cc1,CCCCCCC,450.0
7252,CC(C)(C)OC(=O)c1c(C=Cc2ccccc2)oc(NC2CCCCC2)c1C(=O)OC(C)(C)C,CC#N,462.0
7315,CN(C)c1cccc2c1ccc1c(=O)oc(-c3ccc(C(F)(F)F)cc3)cc12,CO,612.0
4516,CC(C)(C)c1ccc(-c2nc3c4ccc(-c5cccc6ccccc56)cc4c4cc(-c5cccc6ccccc56)ccc4c3n2-c2ccc(C(C)(C)C)cc2)cc1,ClC=C(Cl)Cl,386.0
2350,CCCCN(CCCC)c1ccc2c#cc3cc4c#cc5ccc(N(CCCC)CCCC)cc5c#cc#cc5cc(C(F)(F)F)ccc5c#cc4cc3c#cc3ccc(C(F)(F)F)cc3c#cc#cc2c1,c1ccccc1,501.0
553,CCCCN1C(=O)C(=C/C=C/C=C/C=C2N(CCCC)c3ccccc3N2CCCC)C(=O)N(CCCC)C1=S,Cc1ccccc1,715.0
1397,CN(C)c1ccc(C2=Nc3scc[n+]3[B-](F)(F)O2)cc1,ClCCl,453.0
1384,Cc1cc(C)n2c1C=C1C(=O)N(C)C(c3ccc([N+](=O)[O-])cc3)=[N+]1[B-]2(F)F,CCCCCC,587.0
9754,CC[n+]1ccc(/C=C/c2cc3cccc4ccc5cccc2c5c43)cc1,OCC(O)CO,606.0
11286,COC1=C/C(=C\C=C2C=CN(Cc3ccc(Br)cc3)C=C2)C=CC1=O,CCC#N,665.0
5856,CC(C)[Si]1(C(C)C)c2cc(C=C(C#N)C#N)ccc2-c2ccc(N(C)C)cc21,C1CCCCC1,509.0
4903,CNc1ncc2nc(C#N)n(Cc3ccccc3)c2n1,C1COCCO1,390.0
297,COCCOCCOCN1C(=O)c2ccc3c(-c4ccccc4)c4c5ccc6c7c(ccc(c(-c8ccccc8)c4c4ccc(c2c34)C1=O)c75)C(=O)N(COCCOCCOC)C6=O,ClCCl,695.0
443,CN(C)c1ccc(C2=Nc3scc(-c4ccc(C#N)cc4)[n+]3[B-](F)(F)O2)cc1,Cc1ccccc1,448.0
10779,COC(=O)C1=C(C(=O)OC)C2(c3ccccc3-c3ccc([N+](=O)[O-])cc32)C2(/C=C/c3ccccc3)c3cc(OC)c(OC)cc3CCN12,ClCCl,510.0
5215,O=C1CC(c2ccc([N+](=O)[O-])cc2)c2c(c3ccccc3c3nc4cc(Cl)c(Cl)cc4nc23)O1,ClC(Cl)Cl,439.0
11258,COc1ccc2cc(-c3cc4ccc(OC)cc4oc3=O)oc2c1,CC#N,473.0
7551,O=C1c2ccccc2S(=O)(=O)c2ccc(-n3c4ccccc4c4ccccc43)cc21,ClCCl,609.5
2077,COC(=O)C(Cc1ccc2oc(-c3ccc(N(c4ccccc4)c4ccccc4)cc3)nc2c1)NC(=O)OC(C)(C)C,COCCOC,453.7493307
6017,CC[N+](CC)=c1ccc2cc3oc4cc(N)ccc4c3oc-2c1,O,627.0
4751,N#Cc1cc(-n2c3ccccc3c3cc(Br)ccc32)c(-n2c3ccccc3c3cc(Br)ccc32)cc1C#N,C1CCOC1,495.0
10237,CCCCN1C(=O)C(=C/C=C/C=C2N(CCCC)c3ccccc3N2CCCC)C(=O)N(CCCC)C1=S,CCO,573.0
2229,CC(C)[Si](C#Cc1c2ccccc2c(C#Cc2c3ccccc3c(C#Cc3c4ccccc4c(C#Cc4c5ccccc5c(C#Cc5c6ccccc6c(C#C[Si](C(C)C)(C(C)C)C(C)C)c6ccccc56)c5ccccc45)c4ccccc34)c3ccccc23)c2ccccc12)(C(C)C)C(C)C,Cc1ccccc1,623.0
2842,CC(=O)Nc1ccc(S(=O)(=O)O)c(/N=N/c2c(O)c3ccccc3n(C)c2=O)c1,CC(C)=O,516.0
2537,N#C/C(=C(/C#N)c1ccc(-c2ccncc2)cc1)c1ccc(-c2ccncc2)cc1,ClCCl,444.0
194,CN(C)c1ccc(/C=C/c2cc(/C=C/c3ccc(N(C)C)cc3)nc(/C=C/c3ccccc3)n2)cc1,ClCCl,537.0
10164,Cc1ccc(C#Cc2cc3ccccc3oc2=O)cc1,CC#N,416.0
6636,Cc1c(C)c(-c2ccc(-c3cccnc3)cc2)c(C)c(C)c1B(c1c(C)c(C)c(-c2ccc(-c3cccnc3)cc2)c(C)c1C)c1c(C)c(C)c(-c2ccc(-c3cccnc3)cc2)c(C)c1C,ClCCl,404.0
7497,CN(C)c1ccc(/C=C/C=N/N=C/c2ccc3ccc4cccc5ccc2c3c45)cc1,ClCCl,478.0
817,OCc1cc(/N=N/c2ccc(-c3c4ccccc4cc4ccccc34)cc2F)ccc1O,CS(C)=O,520.0
3367,CC(C)(C)c1ccc2c(c1)sc1[n+]2[B-](F)(F)n2c(c3cccc4cccc2c43)=N1,CCCCCC,504.0
12017,C(=C/c1ncc2ccccc2n1)\c1ccc(-c2ccc(N(c3ccccc3)c3ccccc3)cc2)cc1,C1CCOC1,516.0
6553,CC[N+]1=C(/C=C/C=C/C=C/C=C2/N(CCCCCC(=O)O)c3ccc(S(=O)(=O)[O-])cc3C2(C)C)C(C)(C)c2cc(S(=O)(=O)[O-])ccc21,O,769.0
2578,CCCCC1(c2ccccc2)Nc2c(-c3ccc(OC)cc3)ccc(-c3ccc(OC)cc3)c2N=C1c1ccccc1,CC#N,556.0
1131,Cc1cc(O)c(C(C)C)cc1/N=C/c1ccc(O)cc1,CC#N,411.0
7044,Cc1cc(=O)c2ccc(N)cc2o1,CN(C)C=O,408.0
5505,CCCCCCCCC1(CCCCCCCC)c2cc(C#Cc3ccc(N(c4ccccc4)c4ccccc4)cc3)ccc2-c2ccc(C=O)cc21,CCCCCC,411.0
6761,COc1cc(/C=C/c2nc3ccccc3o2)c(OC)cc1/C=C/c1nc(C)nc(C)n1,ClCCl,492.0
6802,COc1cccc(-n2c(-c3ccc(O)cc3)nc(C)c2C)c1,CCCCO,371.0
7276,CCC(C)[Si](C#Cc1c2cc3cc4c(cc3cc2c(C#C[Si](C(C)CC)(C(C)CC)C(C)CC)c2cc3cc5cc6c(cc5cc3cc12)OC(CC(C)C)(CC(C)C)O6)OC(CC(C)C)(CC(C)C)O4)(C(C)CC)C(C)CC,CCCCCC,723.4031133
10612,COc1ccc(-c2cnc(/C=C/c3ccccc3)o2)cc1OC,ClCCl,450.0
320,C1=C(c2ccccc2)C(c2ccccc2)=CC1c1ccccc1,C1CCOC1,345.0
1371,CCN(CC)c1ccc2cc(/C(Cl)=C/C=C/C(=C(C#N)C#N)c3ccc(N(c4ccccc4)c4ccccc4)cc3)c(=O)oc2c1,CCOC(C)=O,657.0
4042,CCOC(=O)c1c(-c2cc3ccccc3oc2=O)nn(-c2ccc(Cl)cc2)c1C(=O)OCC,ClCCl,402.0
6956,COCCOCCOCCOc1ccc(/C=C/C2=[N+]3C(=C(c4cc(OC)cc(OC)c4)c4c(C)c(I)c(/C=C/c5ccc(OCCOCCOCCOC)cc5)n4[B-]3(F)F)C(C)=C2I)cc1,ClCCl,687.0
7773,Nc1cccc2c1C(=O)c1ccccc1-2,CC#N,501.0
907,Cc1cc(C)n2c1C=C1c3ccccc3C(c3ccc[nH]3)=[N+]1[B-]2(F)F,Cc1ccccc1,627.0
305,Cc1cc(C2(c3cc(C)c(O)c(Br)c3)OS(=O)(=O)c3ccccc32)cc(Br)c1O,CC#N,497.0
3950,COC(=O)C(NC(=O)OC(C)(C)C)c1ccc2oc(-c3cc(OC)ccc3OC)nc2c1,CC#N,390.0
5529,CS(=O)(=O)Nc1cccc(-c2c3nc(c(-c4cccc(NS(C)(=O)=O)c4)c4ccc([nH]4)c(-c4cccc(NS(C)(=O)=O)c4)c4nc(c(-c5cccc(NS(C)(=O)=O)c5)c5ccc2[nH]5)C=C4)C=C3)c1,CN(C)C=O,648.0
10788,F[B-]1(F)n2c(cc(Cl)c2-c2ccccc2)C(c2ccccc2)=C2C=C(Cl)C(c3ccccc3)=[N+]21,CC#N,588.0
10892,O=S(=O)(c1ccc(-c2ccc(-c3nc4c5ccccc5c5ccccc5c4n3-c3ccccc3)cc2)cc1)c1ccc(-c2ccc(-c3nc4c5ccccc5c5ccccc5c4n3-c3ccccc3)cc2)cc1,CCOCC,438.0
9082,CC1(C)c2ccccc2N(c2cccc(S(=O)(=O)c3cccc(N4c5ccccc5C(C)(C)c5ccccc54)c3)c2)c2ccccc21,c1cc(-n2c3ccccc3c3ccccc32)cc(-n2c3ccccc3c3ccccc32)c1,505.1246537
7512,CN(C)c1ccc(/C=C/c2cc[n+](CCCCCCCCCCCC[n+]3ccc(/C=C/c4ccc(N(C)C)cc4)cc3)cc2)cc1,ClC(Cl)Cl,579.999304
9236,O=c1c2ccccc2n2c3ccccc3c(=O)c3cc(-c4ccccc4)cc1c32,CCCCCC,447.0
8664,CCC1=C(C)C2=Cc3c(I)c(I)c(I)n3[B-](F)(F)[N+]2=C1C,CCO,557.0
10292,O=c1oc2ccccc2cc1-c1nc2ccccc2o1,CC(C)CO,445.0
926,Cc1ccc(C2=[N+]3C(=Cc4ccc(C)n4[B-]3(F)F)c3ccccc32)[nH]1,ClCCl,624.0
244,O=S(=O)([O-])c1ccccc1/C=C/c1ccc(-c2nnc(-c3ccc(/C=C/c4ccccc4S(=O)(=O)[O-])cc3)o2)cc1,CN(C)C=O,422.0
9533,c1ccc(-c2cc(-c3ccc4ccc5c(-c6ccnc(-c7ccccn7)c6)ccc6ccc3c4c65)ccn2)nc1,CCO,429.99656
15,CC(C)(C)c1ccc(-c2nc3c4ccc(-c5cc6ccccc6c6ccccc56)cc4c4cc(-c5cc6ccccc6c6ccccc56)ccc4c3n2-c2ccc(C(C)(C)C)cc2)cc1,ClCCl,404.0
143,O=C1OC(c2ccccc2)=N/C1=C\c1ccc(N(c2ccc(/C=C3\N=C(c4ccccc4)OC3=O)cc2)c2ccc(/C=C3/N=C(c4ccccc4)OC3=O)cc2)cc1,CS(C)=O,650.0
5983,CSc1nc(-c2ccc(-n3c4ccccc4c4ccccc43)cc2)cc(-c2ccc(-n3c4ccccc4c4ccccc43)cc2)n1,ClC(Cl)Cl,446.0
2363,CC(C)(C)c1ccc(-c2nc3c4ccc(-c5ccccc5)cc4c4cc(-c5ccccc5)ccc4c3n2-c2ccc(C(C)(C)C)cc2)cc1,CN(C)C=O,392.0
8994,O=C1Cc2ccc(cc2)CC(=O)Cc2ccc(c3nsnc23)C1,C1CCCCC1,468.0
129,Fc1ccc(N(c2ccc(F)cc2)c2ccc3c4cccc5c(N(c6ccc(F)cc6)c6ccc(F)cc6)ccc(c6cccc2c63)c54)cc1,ClCCl,546.0
1161,COc1ccc(/C=N/c2cc(C(C)C)c(O)cc2C)cc1,CC#N,411.0
8522,CCCCCCC(CCCCCC)N1C(=O)c2cccc3c(-c4ccc(-c5ccc(OC)cc5)cc4)ccc(c23)C1=O,CCCCCC,426.8
12008,COc1c2ccccc2c(OC)c2c(C#Cc3ccccc3)c3cc4sccc4cc3c(C#Cc3ccccc3)c12,ClCCl,672.0
7822,COc1cccc2c1-c1ccccc1C2=O,CC#N,568.0
11335,CN(C)c1ccc(/C=C/c2nc(N3CCOCC3)c3c([n+]2[O-])CCCC3)cc1,ClCCl,523.0
7791,COc1ccc2c(c1)-c1ccccc1C2=O,CC#N,510.0
7606,CCC(CC)COC1=CC2=C3c4cc(OCC(CC)CC)c(-c5cccs5)n4[B-](F)(F)[n+]4nnn(c43)[B-](F)(F)[N+]2=C1c1cccs1,C1CCOC1,802.0
5458,Cc1ccc2nc(-c3cccc4nc(C)[nH]c(=O)c34)oc2c1,CN(C)C=O,410.0
9460,CC(=O)O[B-]1(OC(C)=O)OC(/C=C/c2cccc3ccccc23)=CC(/C=C/c2cccc3ccccc23)=[O+]1,C1CCOC1,539.0
5308,CCCCC[n+]1ccc(/C=C/c2ccc(N(C)C)c3ccccc23)c2ccccc21,CC#N,720.0
1876,COc1ccc(C(=O)/C=C2\C(=O)Nc3ccccc32)cc1,O,407.0
2488,CC(C)(C)c1ccc2c3c(c4ccc(C(C)(C)C)cc4c2c1)=[N+]1C(=C(c2ccccc2)c2cc4c5ccc(C(C)(C)C)cc5c5cc(C(C)(C)C)ccc5c4n2[B-]1(F)F)C=3,Cc1ccccc1,713.0
7176,N#Cc1c(-n2c3ccccc3c3ccccc32)cc(N2c3ccccc3C(c3ccccc3)(c3ccccc3)c3ccccc32)cc1-n1c2ccccc2c2ccccc21,Cc1ccccc1,471.0
4479,COc1cc2oc(=O)c3c4ccc(N(C)C)cc4c4ccc5cccc6c(c1)c2c3c4c56,C1CCOC1,577.0
1182,CCn1c2ccsc2c2c3nsnc3c3c4sccc4n(CC)c3c21,CN(C)C=O,573.0
2525,CC(C)(C)C1CCC(=CS/C=C/c2ccc(/C=C/SC=C3CCC(C(C)(C)C)CC3)cc2)CC1,ClCCl,422.0
9552,CCN(CC)c1ccc2cc(/C=C/C(=C(C#N)C#N)c3ccc4c(c3)c3ccccc3n4CC)c(=O)oc2c1,CC(C)=O,614.0
1170,COc1ccc(/C=N/c2cc(C(C)C)c(O)cc2C)cc1,CS(C)=O,417.0
10651,COc1cc(-c2nc3c4cccnc4c4ncccc4c3[nH]2)c(OC)cc1/C=C/c1ccncc1,C1CCOC1,451.0
2182,CCN1c2ccc(/C=N/Nc3ccccn3)cc2Sc2cc(-c3ccccc3)ccc21,CS(C)=O,503.0
11705,CN(C)c1ccc(C#Cc2ccc(C#Cc3ccc(C#Cc4ccccc4C#N)cc3C#N)cc2C#N)cc1,CN(C)C=O,699.0
6877,CCC1(CC)c2ccccc2-c2ccc(C#Cc3ccc4ccc5cccc6ccc3c4c56)cc21,CN(C)C=O,412.0
6792,COc1cccc(-n2c(-c3ccc(F)cc3)nc(C)c2C)c1,CCCCO,370.0
8998,CCC(CC)COC1=CC2=C3c4cc(OCC(CC)CC)c(-c5ccccc5)n4[B-](F)(F)[n+]4c3n(c3cc(C(C)(C)C)ccc34)[B-](F)(F)[N+]2=C1c1ccccc1,C1CCOC1,734.0
10435,CN1c2ccccc2CCc2ccccc21,CO,348.0
7750,O=S1(=O)C2=C(c3ccc(-c4ccc(N(c5ccccc5)c5ccccc5)cc4)cc31)C1(C3=C(c4ccccc41)S(=O)(=O)c1cc(-c4ccc(N(c5ccccc5)c5ccccc5)cc4)ccc13)c1ccccc12,CCCCCC,485.0
3371,F[B-]1(F)n2c(c3cccc4cccc2c43)=Nc2sc3ccccc3[n+]21,Cc1ccccc1,504.0
9931,CC1=N/C(=C\c2ccc(C#N)c(N(C)C)c2)C(=O)N1C,C1CCOC1,568.0
1859,COc1ccc(C(=O)/C=C2\C(=O)Nc3ccccc32)c(OC)c1,CC(C)O,411.0
7337,O=C(N/N=C/c1ccccc1O)c1ccc([N+](=O)[O-])cc1,CN(C)C=O,453.0
7209,CCCCCCCCN1c2ccc(C#Cc3ccc(OC)cc3)cc2Sc2cc(C=O)ccc21,C1CCOC1,512.0
9068,CC1(C)c2cccc(-c3nc(-c4ccccc4)nc(-c4ccccc4)n3)c2Oc2c(-n3c4ccccc4c4ccccc43)cccc21,C1CCCCC1,395.0
6781,FC(F)(F)c1ccc(-c2nnc(-c3cc(-n4c5ccccc5c5ccccc54)c(-n4c5ccccc5c5ccccc54)cc3-c3nnc(-c4ccc(C(F)(F)F)cc4)o3)o2)cc1,Cc1ccccc1,487.0
1878,Cc1ccc(C(=O)/C=C2\C(=O)Nc3ccccc32)cc1,C1COCCO1,392.0
7342,O=C(N/N=C/c1ccccc1O)c1ccccc1,CC(C)=O,426.0
3588,CSc1ccc2c(c1)N(CCCN(C)C)c1ccccc1S2,CO,455.0
8334,c1ccc2c(c1)c1ccccc1c1[nH]c(-c3ccc(-c4nc5c6ccccc6c6ccccc6c5[nH]4)cc3)nc21,CC#N,462.0
3121,CSc1sc(C(C)=O)c2nn[nH]c(=O)c12,CS(C)=O,497.0
387,c1ccc(-c2nc3ccccc3nc2-c2ccccc2)cc1,CN(C)C=O,403.0
1311,C1=CSC(=C2SC=C(/C=C/C=C/C=C/C3=CSC(=C4SC=CS4)S3)S2)S1,CN(C)C=O,765.0
1032,CC1=CC(C)=[N+]2C1=C(c1ccc(I)cc1)c1c(C)cc(C)n1[B-]21Oc2ccc3ccccc3c2-c2c(ccc3ccccc23)O1,ClC(Cl)Cl,516.3996697
9810,CCN1c2ccc(/C=C(\C#N)c3ccccc3)cc2Sc2cc(/C=C(\C#N)c3ccccc3)ccc21,C1CCOC1,570.0
6584,Cc1ccc2ccc3c(c2n1)N/C(=C\C1=C([O-])/C(=C/C2=[NH+]c4c(ccc5ccc(C)nc45)C2(C)C)C1=O)C3(C)C,C1CCCCC1,713.0
8192,COCCOCCOc1ccc(OCCOCCOC)c(C=O)c1,CCCO,460.0
6382,Cc1nc(-c2ccc(N3c4ccccc4C(c4ccccc4)(c4ccccc4)c4ccccc43)cc2)cc(-c2ccc(N3c4ccccc4C(c4ccccc4)(c4ccccc4)c4ccccc43)cc2)n1,Cc1ccccc1,453.0
6725,O=c1[nH]c(=O)n([C@@H]2O[C@H](CO)[C@@H](O)[C@H]2O)cc1-c1cc2ccccc2s1,C1COCCO1,435.0
7983,CN(C)c1cccc(C#N)c1,CCCCCC,365.2650823
10442,COC(=O)c1cc(=O)n(C)c2cc(-c3cc4c5c(c3)CCCN5CCC4)sc12,Cc1ccccc1,529.0
4936,CCN(CC)c1ccc2cc(/C=C/C(=O)c3cc4ccc(N(CC)CC)cc4oc3=O)c(=O)oc2c1,C1COCCO1,521.0
931,CC1=C2c3ccccc3C(c3[nH]c(C)cc3C)=[N+]2[B-](F)(F)n2c(C)cc(C)c21,Cc1ccccc1,635.0
7471,O=c1c2cc(I)ccc2nc2n1[B-](F)(F)[n+]1ccccc1-2,CC#N,449.0
4019,CCOC(=O)c1c(C(=O)OC)c(-c2cc3cc(OC)ccc3oc2=O)nn1-c1ccccc1,ClCCl,451.0
691,CN1/C(=C/C=C(/C=C/c2sc3ccccc3[n+]2C)c2ccc(C(F)(F)F)cc2)Sc2ccccc21,O,659.0
8015,CC(=O)Nc1ccc(O)cc1,CC#N,322.0
5987,Cc1nc(-c2ccc(-n3c4ccccc4c4ccccc43)cc2)cc(-c2ccc(-n3c4ccccc4c4ccccc43)cc2)n1,ClC(Cl)Cl,438.0
6364,Cc1c2c(c(C)c3ccccc13)C1=C2C=CC2Nc3ccccc3NC12,ClC(Cl)Cl,544.0
1909,O=C1Nc2ccccc2/C1=C/C(=O)c1ccc(Cl)cc1,CN(C)C=O,398.0
829,COc1ccc(/C=C/c2nc(/C=C/c3ccc(N(C)C)cc3)cc(/C=C/c3ccc(N(c4ccccc4)c4ccccc4)cc3)n2)cc1,C1CCOC1,542.0
3498,c1ccc(-n2c(-c3cccc4ccccc34)nc3c4cccc5ccc6cccc(c6c54)c32)cc1,ClCCl,424.7826087
9263,C#CCn1c2ccccc2c2cc(/C=C/c3c(Cl)c(C)c4n3[B-](F)(F)[N+]3=C(C)C(Cl)=C(C)C3=C4c3ccc(I)cc3)ccc21,CS(C)=O,666.0
2081,COC(=O)C(Cc1ccc2oc(-c3ccc(N(c4ccccc4)c4ccccc4)cc3)nc2c1)NC(=O)OC(C)(C)C,N#Cc1ccccc1,461.2503575
10917,CS(=O)(=O)c1ccc(-c2cc3ccc(N)cc3c(=O)o2)cc1,CCCCO,471.0
11574,CCN(CC)c1ccc2c(C)cc(=O)oc2c1,CCCCCCO,444.0
44,N#CC(C#N)=Cc1ccc(-c2cccc(-c3nc4ccccc4s3)c2O)o1,O,635.0
3939,CCN(CC)c1ccc2cc3ccc(=[N+](CC)CC)cc-3oc2c1,O,555.0
7955,CCN(CC)c1cccc(C=O)c1,Cc1ccccc1,456.0
10254,c1ccc2c(-c3cc(-c4nccs4)nc(-c4nccs4)c3)c3ccccc3cc2c1,CO,501.0
4319,CN(C)c1ccc(C(=O)Nc2ccc(F)cc2)cc1,CCOCC,500.0
2965,CCC1=C(C)C2=C(c3ccc(-c4c5ccccc5c(-c5ccccc5)c5ccccc45)cc3)c3c(C)c(CC)c(C)n3[B-](F)(F)[N+]2=C1C,CCCCCC,536.0
3969,C=CCOc1ccc(-c2nc3cc(C(NC(=O)OC(C)(C)C)C(=O)OC)ccc3o2)cc1,CC1CCCCC1,329.0
1187,OB(O)c1ccc(-c2ccc(N(c3ccccc3)c3ccccc3)cc2)cc1,CO,432.0
11505,CCOC(=O)c1c2c3c(cccc3c3cc4ccccc4cc13)N(C)C2=O,CC#N,413.0
8027,CNc1ccc(/C=C/C#N)cc1,CCO,414.0
11249,Cc1ccc2oc(-c3cc4cc(C)ccc4oc3=O)cc2c1,CS(C)=O,448.0
9393,Cc1cc(=O)oc2c1cc(Br)c1occ(C)c12,CC#N,413.0
284,O=P1(c2ccccc2)C(c2ccccc2)=Cc2cc3ccccc3cc21,ClCCl,428.0
10873,COc1ccc(-c2csc(/C(C#N)=C/c3ccncc3)n2)cc1,Cc1ccccc1,501.0
6308,CN(C)c1ccc(/C=C/C(=C(C#N)C#N)c2ccc3c4c(cccc24)CC3)cc1,CCOC(C)=O,573.0
4159,N=c1oc2ccccc2cc1-c1ccc([N+](=O)[O-])cc1,ClC(Cl)Cl,436.0
3092,CN(C)c1ccc(/C=C/c2nc3c4ccccc4c4ccccc4c3[nH]2)cc1,CN(C)C=O,478.0
9592,C=C[Si]1(C)c2ccccc2-c2cc3c(cc21)-c1ccccc1[Si]3(C)C=C,ClCCl,389.0
4556,O=c1cc2cc(O)c3cccc4ccc(o1)c2c43,CC1CCCO1,472.0
5555,CC1(C)c2ccccc2N(c2ccc(-c3cc(C#N)c(C#N)cc3-c3ccc(N4c5ccccc5C(C)(C)c5ccccc54)cc3)cc2)c2ccccc21,c1cc(-c2cccc(-n3c4ccccc4c4ccccc43)c2)cc(-n2c3ccccc3c3ccccc32)c1,499.0
6916,CN(C)c1ccc2nc(/C=C/c3ccccc3)c(=O)oc2c1,CS(C)=O,581.0
4323,CN(C)c1ccc(C(=O)Nc2ccc([N+](=O)[O-])cc2)cc1,CCOCC,536.0
3982,COC(=O)C(Cc1ccc2oc(-c3ccc(N(C)C)cc3)nc2c1)NC(=O)OC(C)(C)C,CC1COC(=O)O1,404.0077569
8054,COc1ccc(OC)c(C=O)c1,ClC(Cl)Cl,427.0
3364,F[B-]1(F)n2c(c3cccc4cccc2c43)=Nc2sc3ccccc3[n+]21,CC#N,500.0
1404,CCCCn1c(-c2ccc(-c3nnc(-c4ccccc4)o3)cc2)nc(-c2ccccc2)c1-c1ccccc1,ClCCl,441.0
3195,CN(C)c1ccc2c3c(ccc2c1)CCCC3=O,CCO,495.0
8404,N#Cc1nc2c3ccc(-c4ccc(N(c5ccccc5)c5ccccc5)cc4)cc3c3cc(-c4ccc(N(c5ccccc5)c5ccccc5)cc4)ccc3c2nc1C#N,Cc1ccccc1,588.0
7753,c1ccc(N(c2ccccc2)c2ccc(-c3cncs3)cc2)cc1,CO,446.0
969,CCCCCCCCCCCCOc1cc(/C=C/c2ccc3c(c2)C(CC)(CC)c2cc(N4c5ccccc5Sc5ccccc54)ccc2-3)c(OCCCCCCCCCCCC)cc1/C=C/c1ccc2c(c1)C(CC)(CC)c1cc(N3c4ccccc4Sc4ccccc43)ccc1-2,CCCCCC,477.0
9951,CC1=N/C(=C\c2ccccc2N(C)C)C(=O)N1C,O,426.0
6543,COc1ccc(-c2nc3c(c4c2-c2ccc(C#N)cc2CC4)-c2ccc(C#N)cc2CC3)cc1,CS(C)=O,435.0
3734,CC1(C)c2ccccc2N(c2ccc(-c3nnc(-c4ccccc4O)o3)cc2)c2ccccc21,ClCCCl,521.0
925,Cc1ccc(C2=[N+]3C(=Cc4ccc(C)n4[B-]3(F)F)c3ccccc32)[nH]1,Cc1ccccc1,623.0
11646,CCN(CC)c1ccc2ccc(=O)oc2c1,CCO,443.0
8902,COc1ccc2c3c(c4ccc(OC)cc4c2c1)C1(c2ccccc2-c2ccccc21)c1ccccc1-3,C1CCCCC1,389.0
4725,O=C1CCCc2c1[nH]c1cc3c(cc21)OCO3,CCCCCCO,430.7288247
2843,CC(=O)Nc1ccc(S(=O)(=O)O)c(/N=N/c2c(O)c3ccccc3n(C)c2=O)c1,CCOC(C)=O,523.0
2851,Cn1c(=O)c(/N=N/c2cc(S(=O)(=O)O)ccc2S(=O)(=O)O)c(O)c2ccccc21,CC(C)=O,491.0
10100,O=Cc1ccc(C#CC(C#Cc2ccc(C=O)s2)=Cc2ccc(C=C(C#Cc3ccc(C=O)s3)C#Cc3ccc(C=O)s3)s2)s1,ClC(Cl)Cl,595.0
11857,Cc1ccc(C2CC(c3ccc(O)cc3)=NN2c2ccc(S(N)(=O)=O)cc2)cc1,CS(C)=O,424.0
5956,Cc1cc(C)c(-c2nnc(-c3ccc(-n4c5ccccc5c5ccccc54)cc3)o2)c(C)c1,Cc1ccccc1,379.0
519,CN(C)c1ccc(/C=C/c2ccccn2)cc1,CCCCCC,416.0
10864,N#CC(C#N)=C(/C=C/c1ccc(N(c2ccccc2)c2ccccc2)cc1)c1ccc2c3c(cccc13)CC2,CCOC(C)=O,611.0
9791,c1ccc2c(c1)-c1ccccc1C21c2ccccc2-c2c(-c3ccncc3)cccc21,C1CCCCC1,369.5
4471,CCCCCOc1cc2oc(=O)c3c4ccc(O)cc4c4ccc5cccc6c(c1)c2c3c4c56,C1CCOC1,459.0
7780,Nc1cccc2c1-c1ccccc1C2=O,C1CCCCC1,513.0
4348,CC(C)(C)c1ccc2oc3nc4oc5ccc(N6c7ccccc7Oc7ccccc76)cc5c4cc3c2c1,ClC(Cl)Cl,491.0
11678,CCNc1ccc2c(C(F)(F)F)cc(=O)oc2c1,CCOC(C)=O,478.0
9848,CCN(CC)c1ccc2c(c1)oc(=O)c1c(=O)oc3c(OC)cccc3c12,CS(C)=O,572.0
3626,O=C1c2ccccc2C(=O)N1c1ccc(Cn2cncn2)cc1,CO,440.0
1789,CCC1=C(C)C2=Cc3cc4c(cc3B(O)N2C1=O)OCO4,ClC(Cl)Cl,474.0
10146,CC[n+]1c(-c2ccccc2)c2cc(NC(N)=[NH2+])ccc2c2ccc(NC(N)=[NH2+])cc21,O,500.0
2059,CN(C)c1ccc(/C=C/c2ccccc2)cc1,CCCCCC,379.0
9256,COc1coc2cc(-c3ccc(N(C)C)cc3)ccc2c1=O,CS(C)=O,545.0
7136,CC/[NH+]=c1\cc2oc3cc(NCCC(=O)NC(CCC(=O)OC)C(=O)OC)c4ccccc4c3nc-2cc1C,CCO,644.0
4013,Cc1ccc2nnn(-c3c(C#N)c4c(N)ncnc4n3[C@H]3C[C@H](O)[C@@H](CO)O3)c2c1,CO,419.0
6006,O=C(/C=C/c1ccc(O)c(O)c1)O[C@H](Cc1ccc(O)c(O)c1)C(=O)O,CCO,417.0
1902,O=C1Nc2ccccc2/C1=C/C(=O)c1ccc(Cl)cc1,C1COCCO1,394.0
8916,Oc1c(-c2nc3c4ccccc4c4ccccc4c3[nH]2)cc2c3c1CCCN3CCC2,C1CCOC1,439.0
6215,COc1ccc(-n2c3ccccc3c3cc(C=C(C#N)C#N)ccc32)cc1,CCOC(C)=O,495.0
4686,O=S(=O)(c1cccc(N2c3ccccc3Sc3ccccc32)c1)c1cccc(N2c3ccccc3Sc3ccccc32)c1,c1cc(-n2c3ccccc3c3ccccc32)cc(-n2c3ccccc3c3ccccc32)c1,550.8310249
8298,N#Cc1cccc(N)c1C#N,CC#N,404.0
4922,CCCCCCCCCCCCN1C(=O)c2cccc3c(N(Cc4ccccn4)Cc4ccccn4)c4ccccc4c(c23)C1=O,CCO,597.0
6785,c1ccc(-c2nnc(-c3cc(-n4c5ccccc5c5ccccc54)c(-n4c5ccccc5c5ccccc54)cc3-c3nnc(-c4ccccc4)o3)o2)cc1,ClCCl,500.5191128
7895,CCCCCCC1(CCCCCC)c2ccccc2-c2ccc(-c3ccc(-c4cc(-c5ccccn5)nc(-c5ccccn5)c4)cc3)cc21,ClCCl,409.0
9581,Oc1ccc2ccccc2c1-c1nc2c(c3c1-c1ccccc1CC3)-c1ccccc1CC2,ClCCl,405.0
9681,N#C/C(=C\C=C\c1ccccc1)c1ccccc1,CO,419.0
75,O=c1ccc2cc3ccoc3cc2o1,CO,465.0
2345,CCCCN(CCCC)c1ccc2c#cc3cc4c#cc5ccc(C(F)(F)F)cc5c#cc#cc5cc(C(F)(F)F)ccc5c#cc4cc3c#cc3ccc(N(CCCC)CCCC)cc3c#cc#cc2c1,ClCCl,554.0
6447,N#CSc1ccc2n1[B-](F)(F)[N+]1=C(N3CCOCC3)C=CC1=C2c1ccccc1,CC#N,557.0
8236,CN(C)c1ccc(/C=C/C(=O)O)cc1,C1CCOC1,418.0
430,COc1ccc(-c2nc3c([nH]2)=C2C=C(Cl)S[C@@]2(C)[C@]2(C)SC(Cl)=CC=32)cc1,CC#N,378.0
4586,c1ccc2c(c1)[nH]c1ccccc12,CCO,339.0
5483,Cc1cc(C)c(B(c2c(C)cc(C)cc2C)c2cc3ccc4ccccc4c3c3c2ccc2ccccc23)c(C)c1,c1ccccc1,444.0
7456,COc1ccc(C(=O)/C=C/c2ccc(N(C)C)cc2)cc1OC,CC#N,525.0
6405,CCCCN1C(=O)C(=CC=C2N(CCCC)c3ccccc3N2CCCC)C(=O)N(CCCC)C1=S,Cc1ccccc1,490.0
11799,C(=C/c1cccc2ccccc12)\c1ccc(-c2nnc(-c3ccc(-c4cc5ccccc5s4)cc3)o2)cc1,CCCCCCCCO,436.0
7608,O=Cc1ccc2c(c1)c1ccccc1n2-c1cc2ccccc2c2ccccc12,CCCCC,376.0
10831,Cc1cccc(C2=Cc3c4ccccc4c4ccccc4[n+]3[B-](F)(F)O2)c1,ClC(Cl)Cl,447.0
12227,N#Cc1nc(N(Cc2ccc(I)cc2)Cc2ccc(I)cc2)c(C#N)nc1N(Cc1ccc(I)cc1)Cc1ccc(I)cc1,ClC(Cl)Cl,574.0
9399,Cc1cc(=O)oc2c1cc(Cl)c1occ(C)c12,OCC(F)(F)F,428.0
1553,Oc1ccc(/N=C/c2ccccc2Oc2ccccc2)cc1,Cc1ccccc1C,414.0
5874,CC(C)[Si]1(C(C)C)c2cc(N(C)C)ccc2-c2ccc(C(F)(F)F)cc21,CS(C)=O,451.0
240,O=S(=O)([O-])c1ccc(/C=C/c2ccc(-c3nnc(-c4ccc(/C=C/c5ccc(S(=O)(=O)[O-])cc5S(=O)(=O)[O-])cc4)o3)cc2)c(S(=O)(=O)[O-])c1,CC(C)=O,415.0
783,N#Cc1c(N2CCCCC2)cc(-c2ccc(O)cc2)c2c1-c1cccc3cccc-2c13,O,550.0
10193,C(=C/c1cccnc1)\c1ccc(Nc2ccccc2)cc1,CC#N,456.0
3066,COc1ccc(/C=C/C2=CC(/C=C/c3ccc(OC)c(OC)c3)=[O+][B-](F)(F)O2)cc1OC,c1ccccc1,532.79
11959,CCCc1ccc2c(c1)cc1n2B2c3c4c-1cccc4cc1cccc(c31)-c1cc3cc(CCC)ccc3n12,C1CCOC1,565.0
977,CCC1(CC)c2cc(/C=C/c3cc(C#N)c(/C=C/c4ccc5c(c4)C(CC)(CC)c4cc(N6c7ccccc7Sc7ccccc76)ccc4-5)cc3C#N)ccc2-c2ccc(N3c4ccccc4Sc4ccccc43)cc21,C1CCOC1,514.0
4905,CNc1ncc2nc(C#N)n(Cc3ccccc3)c2n1,CO,417.0
6264,c1ccc(N2c3ccccc3Sc3cc(-c4cccc5nc6ccccc6cc45)ccc32)cc1,CC(C)=O,495.0
9185,O=Cc1cc(C=O)c2ccc3c(N4CCCCC4)cc(N4CCCCC4)c4ccc1c2c43,CC#N,602.0
5695,c1ccc(-c2nc(-c3ccccc3)nc(-c3ccc(-n4c5ccccc5c5cc(-n6c7ccccc7c7ccccc76)ccc54)c4c5ccccc5n(-c5ccccc5)c34)n2)cc1,ClCCl,531.3636364
2941,Cn1cccc1-c1cc(C#N)ccc1C#N,CCCCOCCCC,455.0
7150,CC/[NH+]=c1\cc2oc3cc(NCCOC(=O)C(NC(=O)OC(C)(C)C)C(C)C)c4ccccc4c3nc-2cc1C,CCO,652.0
8594,N#CC(C#N)=Cc1ccc2c(c1)[nH]c1c3ccccc3sc21,CN(C)C=O,581.0
9497,COc1ccc(/C=C/C=C/C2=NC3C(=O)NC(N)=NC3N2[C@H]2C[C@H](O)[C@@H](CO)O2)cc1,CC#N,441.0
10877,N#C/C(=C\c1ccncc1)c1nc(-c2ccccc2)cs1,CCO,501.0
8187,COCCOCCOc1cc(C=O)c(OCCOCCOC)cc1C=O,CC(C)O,481.0
11262,Cc1cccc2cc(-c3cc4cccc(C)c4oc3=O)oc12,CC#N,451.0
1620,COC(=O)c1cc(=O)n(C)c2cc(-c3ccccc3)sc12,ClCCl,462.0
5642,CN(C)c1ccc(/C=C/c2ccc(-c3nc(C#N)c(C#N)n3C)cc2)cc1,ClC(Cl)Cl,500.0
12252,CCCCN1C(=O)C2=C(c3ccc(-c4ccccc4)cc3)NC(=O)C2=C1c1ccc(-c2ccccc2)cc1,ClCCl,545.0
2146,O=P(c1ccccc1)(c1ccccc1)c1ccc(N2c3ccccc3Oc3ccccc32)cc1,CO,557.6443941
1801,CC(C)(C)c1ccc(-c2nc3c4ccccc4c4ccccc4c3n2-c2ccc(C(C)(C)C)cc2)cc1,ClC=C(Cl)Cl,392.0
2095,F[B-]1(F)n2c(nc(Br)c2Br)-c2cccc[n+]21,CC#N,492.0
9019,N#Cc1ccc2[nH]ccc2c1,CC(C)O,362.0
7933,[NH3+]C(Cc1ccc(O)cc1)C(=O)[O-],O,304.0
1357,Clc1nnc(Oc2ccc(N(c3ccccc3)c3ccccc3)cc2)nn1,ClCCl,564.0
9944,CC1=N/C(=C\c2cccc(N(C)C)c2)C(=O)N1CCO,CCCCCC,506.0
9048,N#Cc1cccc2[nH]ccc12,CCO,387.0
6782,FC(F)(F)c1ccc(-c2nnc(-c3cc(-n4c5ccccc5c5ccccc54)c(-n4c5ccccc5c5ccccc54)cc3-c3nnc(-c4ccc(C(F)(F)F)cc4)o3)o2)cc1,ClCCl,519.9150543
10243,O=C1NC(=O)c2c1c1c3ccccc3[nH]c1c1[nH]c3ccccc3c21,CCCCOCCCC,461.0
7224,CCC1=C(C)C2=Cc3cscc3B(O)N2C1=O,CC#N,412.0
9413,COc1ccc(-c2cc(C)nc(-c3ccc(-n4c5ccccc5c5ccccc54)cc3)n2)cc1,CN(C)C=O,432.0
3565,CN(C)c1ccc(-c2nc3cnccc3[nH]2)cc1,CO,398.0
12172,CC1(C)Cc2c(c3ccccc3c3nc4c(nc23)c2c(c3ccccc34)OC(C)(C)C2)O1,CC#N,471.9207173
10756,Fc1c(F)c(F)c2c(c1F)C1=Nc3c4c(F)c(F)c(F)c(F)c4c4n3[B-]3(Cl)n5c(c6c(F)c(F)c(F)c(F)c6c5=N4)=NC2=[N+]13,c1ccncc1,588.0
9232,CN(C)c1ccc(/C=C/C=C/c2nc3ccccc3s2)cc1,OCC(O)CO,583.0
1609,COC(=O)c1cc(=O)n(C)c2cc(-c3ccc(OC)cc3)sc12,CN(C)C=O,477.0
3096,CN(C)c1ccc(/C=C/c2nc3c4ccccc4c4ccccc4c3[nH]2)cc1,ClC(Cl)Cl,467.0
4590,COc1cc2c(cc1C=C(C#N)C#N)c1ccccc1n2C,CN(C)C=O,526.0
2415,CN(C)c1ccc2nc(-c3ccccc3)sc2c1,CC#N,474.6666666666667
2017,Cc1ccccc1/C(C#N)=C/c1ccc(N(C)C)cc1,CS(C)=O,453.0
2971,CC1=CC(C)=[N+]2C1=C(c1ccc(-c3c4ccccc4c(-c4ccccc4)c4ccccc34)cc1)c1c(C)cc(C)n1[B-]2(F)F,CCCCCC,511.0
6424,Oc1cc(N(c2ccccc2)c2ccccc2)ccc1-c1nc2c3ccccc3c3ccccc3c2[nH]1,CO,436.0
4125,CCCCCCN1C(=O)c2cccc3c(-c4ccc(-c5cc(-c6ccc(Cl)cc6)nn5-c5ccccc5)s4)ccc(c23)C1=O,ClCCl,519.0
5846,c1ccc(-c2nc(-c3ccccc3)nc(-c3ccc(-n4c5ccccc5c5cc6c7ccccc7n7c8ccccc8c(c54)c67)cc3)n2)cc1,Cc1ccccc1,450.0
5375,COC(=O)C1=C(C(=O)OC)C2=C[C@H]3c4ccccc4[C@]2(S1)c1ccccc13,CCOCC,473.0
12018,C(=C/c1ncc2ccccc2n1)\c1ccc(-c2ccc(N(c3ccccc3)c3ccccc3)cc2)cc1,CC#N,579.0
11757,c1ccc(-c2nc(-c3ccc(-c4ccc(-n5c6ccccc6c6ccccc65)cc4)cn3)oc2-c2ccccc2)cc1,CC(C)=O,413.0
3246,CN(C)c1ccc(C2=Nc3sc4cc(C(F)(F)F)ccc4[n+]3[B-](F)(F)O2)cc1,ClCCl,478.0
124,COc1ccc(N(c2ccc(OC)cc2)c2ccc3c4cccc5c(N(c6ccc(OC)cc6)c6ccc(OC)cc6)ccc(c6cccc2c63)c54)cc1,ClCCl,591.0
1106,CCc1ccc(/C=N/c2cc(C(C)C)c(O)cc2C)cc1,CO,428.0
11448,CC1=[N+]2C(=C(c3c4ccccc4c(-c4ccccc4)c4ccccc34)c3ccc(C)n3[B-]2(F)F)C=C1,CCO,528.0
8029,CCCCC(CC)COC(=O)/C=C/c1c(OC)ccc(OC)c1OC,CO,405.0
840,OCC1O[C@@H](Cc2cc(O)cc(/C=C/c3ccc(O)c(O)c3)c2)[C@H](O)[C@@H](O)[C@@H]1O,CS(C)=O,381.0
6394,CCN1C(=CC=Cc2n(CC)c3cc(Cl)c(Cl)cc3[n+]2CC)N(CC)c2cc(Cl)c(Cl)cc21,CCCCCCO,535.0
9648,CN(C)c1ccc(/C=C/C=C/c2ccc([N+](=O)[O-])c(O)c2)cc1,Cc1ccccc1,609.0
5649,c1cc2c3c(cccc3c1)NC(c1ccc3ccc4cccc5ccc1c3c45)N2,CO,450.0
11218,COc1ccc(C#Cc2ccc(C#Cc3ccc(P(=O)(c4ccccc4)c4ccccc4)cc3)cc2)cc1,C1COCCO1,374.0
3341,CC(C)CCCCN1CCc2c1ccc1c3c(ccc21)CCCC3=O,ClCCl,595.0
598,CC(C)Nc1cc2sc3cc(NC(C)C)c(F)cc3c(=O)c2cc1F,CCO,446.0
2123,CC(C)(C)c1ccc2oc(-c3ccc(-c4nc5cc(C(C)(C)C)ccc5o4)s3)nc2c1,Clc1ccccc1Cl,437.0
5512,CCOC(=O)C1=CNC=C(C(=O)OCC)C1c1ccccc1,CO,423.0
10360,Cc1cc(-c2ccc(N(c3ccccc3)c3ccccc3)cc2)c2nsnc2c1-c1ccc(C(C)(C)C)cc1,ClCCl,575.0
9642,CN(C)c1ccc(/C=C/C=C/c2ccc(C#N)cc2)cc1,CCCCCC,440.0
10444,COC(=O)c1cc(=O)n(C)c2cc(-c3cc4c5c(c3)CCCN5CCC4)sc12,ClCCl,605.0
9840,C[Si](C)(C)c1sc([Si](C)(C)C)c2c1sc1ccsc12,ClC(Cl)Cl,362.0
11850,Cc1ccc(C2CC(c3ccc(O)cc3)=NN2c2ccc(S(N)(=O)=O)cc2)cc1,C1COCCO1,417.0
5999,COc1ccc2c(c1)CCc1c-2nc(N)c(C#N)c1-c1ccc(Br)cc1,CO,418.0
2197,CCN(CC)c1ccc2cc(/C(Cl)=C/C=C/C(=C(C#N)C#N)c3ccc4c(c3)c3ccccc3n4CC)c(=O)oc2c1,CCOC(C)=O,654.0
4051,Nc1ncnc2c1c(C#Cc1c3ccccc3cc3ccccc13)cn2[C@H]1C[C@H](O)[C@@H](CO)O1,CCOC(C)=O,465.0
1216,COc1ccc(-c2cc(-c3ccc(C)cc3)c(C#N)c(OC)n2)cc1,C1CCOC1,400.0
3362,CC(C)(C)c1ccc2c(c1)sc1[n+]2[B-](F)(F)n2c(c3cccc4c(Br)ccc2c43)=N1,ClCCl,552.0
2501,COc1ccc2c(c1)c1c(c3cc(OC)ccc32)=[N+]2C(=C(c3c(C)cc(C)cc3C)c3cc4c5cc(OC)ccc5c5ccc(OC)cc5c4n3[B-]2(F)F)C=1,ClCCl,713.0
725,O=Cc1ccc(-c2ccc(C3=CCCCC3)s2)s1,CCO,498.0
7533,Cc1ccc(-c2c3nc(c(-c4ccco4)c4ccc([nH]4)c(-c4ccco4)c4nc(c(-c5ccco5)c5ccc2[nH]5)C=C4)C=C3)cc1,ClCCl,680.0
978,CCC1(CC)c2cc(/C=C/c3cc(C#N)c(/C=C/c4ccc5c(c4)C(CC)(CC)c4cc(N6c7ccccc7Sc7ccccc76)ccc4-5)cc3C#N)ccc2-c2ccc(N3c4ccccc4Sc4ccccc43)cc21,CC#N,610.0
808,CCn1c2ccccc2c2cc(-c3cc(-c4ccc5c(c4)c4ccccc4n5CC)nc(-c4ccc(OC)cc4)n3)ccc21,CN(C)C=O,414.0
9813,CCN1c2ccc(/C=C(\C#N)c3ccccc3)cc2Sc2cc(/C=C(\C#N)c3ccccc3)ccc21,CN(C)C=O,588.0
1475,COc1cc(OC)cc(-c2ccc(-c3ccc(C#N)s3)s2)c1,CCCCO,443.0
9201,CCN(CC)c1ccc2cc(/C=C/C(=C(C#N)C#N)c3ccc(N(c4ccccc4)c4ccccc4)cc3)c(=O)oc2c1,CN(C)C=O,636.0
9411,COc1ccc(-c2c3cc4ccccc4cc3c(C#Cc3ccccc3)c3cc4ccccc4cc23)cc1,ClCCl,697.0
8269,N#Cc1ccc(C[C@H](N)C(=O)O)cc1,CO,292.4406061
4906,CNc1ncc2nc(C#N)n(Cc3ccccc3)c2n1,ClCCl,383.0
12088,CCc1ccc(-c2ccc(-c3nnc(-c4ccc(-c5nnc(-c6ccc(-c7ccc(CC)cc7)s6)o5)cc4)o3)s2)cc1,CCCCCCO,400.0
11063,CCCCCCCCCC[n+]1cc2ccc3c[n+](CCCCCCCCCC)cc4ccc(c1)c2c34,CC#N,424.0
4930,Cc1cc(C)c(C2=C3C=C(/C=C/C(=O)OCc4ccccc4)C=[N+]3[B-](F)(F)n3cc(/C=C/C(=O)OCc4ccccc4)cc32)c(C)c1,ClCCl,604.0
4542,CB1C=Cc2ccc3ccccc3c2N1c1ccccc1,C1CCCCC1,387.0
3962,COC(=O)C(NC(=O)OC(C)(C)C)c1ccc2oc(-c3ccc(O)cc3O)nc2c1,CC#N,380.0
11149,N#Cc1c2nc3ccccn3c2nc2nc3ccccn3c12,ClC(Cl)Cl,510.0
2671,CCN(CC)c1ccc2cc(-c3ccc(-c4ccc(-c5cc6ccccc6oc5=O)cc4)cc3)c(=O)oc2c1,ClCCl,478.0
7406,COc1ccc(C(=O)/C=C/c2ccc(N(C)C)cc2)cc1OC,c1ccccc1,470.0
1235,COc1ccc(N(c2ccccc2)c2cc3ccc4cc(N(c5ccccc5)c5ccc(OC)cc5)cc5ccc(c2)c3c45)cc1,Cc1ccccc1,482.0
1225,CC1=NN(c2ccccc2)C(=O)/C1=C/c1cn(-c2ccccc2)nc1-c1ccccc1,C1CCOC1,429.0
1764,COc1cccc(/C=C/C(=O)c2c(O)cc(C)oc2=O)c1,ClCCl,490.0
8779,CC1=[N+]2C(=C(c3ccccc3C)c3ccc(C)n3[B-]2(F)F)C=C1c1cc2n(c1)[B-](F)(F)[N+]1=CC=CC1=C2c1c(C)cc(C)cc1C,CCOC(C)=O,679.0
8011,C=Cc1ccc(OC)cc1,CC#N,323.0
7259,Cc1ccc(N/C=C/C=[NH+]c2ccc(C)cc2)cc1,CS(C)=O,491.0
11362,CC1(C)CCc2c(c3ccccc3c3nc4c(nc23)c2c(c3ccccc34)OC(C)(C)CC2)O1,CC(C)O,448.0286738
7085,O=C1c2ccccc2-c2ccc(N3CCN(c4ccccc4)CC3)c3cccc1c23,CN(C)C=O,602.0
3217,N#CC(C#N)=C(/C=C/c1ccc(N(c2ccccc2)c2ccc(/C=C/C(=C(C#N)C#N)c3ccccc3)cc2)cc1)c1ccccc1,CN(C)C=O,653.0
5737,COc1ccc(C(=Cc2ccc(C=O)cc2)c2ccc(OC)cc2)cc1,C1CCOC1,396.0
287,N#Cc1c(/C=C/c2ccc(N(c3ccccc3)c3ccccc3)cc2)cc(-c2ccccc2)cc1N1CCCCC1,CS(C)=O,520.0
9983,Nc1ccc2c(c1)C(=O)c1ccc(N)cc1C2=O,CCO,616.0
2966,CCC1=C(C)C2=C(c3ccc(-c4c5ccccc5c(-c5ccccc5)c5ccccc45)cc3)c3c(C)c(CC)c(C)n3[B-](F)(F)[N+]2=C1C,CCO,537.0
3164,CC(C)c1ccc(-c2nc(-c3ccccc3)c3ccccn23)cc1,CC#N,478.0
11152,COc1c2ccccc2c(OC)c2c1c1ccccc1n2C,C1CCCCC1,413.0
9406,CCOC(=O)C1CC(c2c(C#N)c(C)nn2-c2ccccc2)=CN1c1ccc(Br)cc1,CCO,490.0
11974,C(=C1c2ccccc2CCc2ccccc21)c1ccc(-c2cc(-c3ccc(C=C4c5ccccc5CCc5ccccc54)cc3)cc(-c3ccc(C=C4c5ccccc5CCc5ccccc54)cc3)c2)cc1,C1CCOC1,403.0
1657,Cc1cc(C)c(C2=C3C=C(c4ccccc4)C(c4ccccc4)=[N+]3[B-](F)(F)n3c2cc(-c2ccccc2)c3-c2ccccc2)c(C)c1,ClCCl,626.0
1975,N#Cc1ccc(/C2=C3/N=C(C(c4ccccc4)=C3c3ccccc3)/C(c3ccc(C#N)cc3)=c3\[nH]/c(c(-c4ccccc4)c3-c3ccccc3)=C(/c3ccc(C#N)cc3)C3=N/C(=C(/c4ccc(C#N)cc4)c4[nH]c2c(-c2ccccc2)c4-c2ccccc2)C(c2ccccc2)=C3c2ccccc2)cc1,ClCCl,725.0
2397,CN(C)c1ccc2nc(-c3ccc(C(=O)OC(C)(C)C)cc3)sc2c1,C1CCCCC1,423.0
452,CN(C)c1ccc(C2=Nc3scc(-c4ccccc4)[n+]3[B-](F)(F)O2)cc1,C1CCOC1,456.0
2710,Cc1ccccc1C(=O)NN1C2=C(CC3=C1CC(C)(C)CC3=O)C(=O)CC(C)(C)C2,ClC(Cl)Cl,440.0
11378,CC1(C)CCc2c(c3ccccc3c3nc4c5c(c6ccccc6c4nc23)OC(C)(C)CC5)O1,C1CCCCC1,458.9261129
10766,CCN1CCCc2cc3c(cc21)Oc1cc2c(cc1=N3)C(CS(=O)(=O)[O-])CC(C)(C)[N+]=2CCCC(=O)[O-],O,690.0
3681,O=c1cc(C(F)(F)F)c2cc3c4c(c2o1)CCCN4CCC3,C1CCCCC1,455.0
6715,COC(=O)c1ccc2c3ccc(C(=O)OC)c4c(C(=O)OC)ccc(c5ccc(C(=O)OC)c1c25)c43,CC#N,478.0
422,CCCCn1c2c(-c3ccc(N(c4ccccc4)c4ccccc4)cc3)cc(C#N)cc2c2cc(C#N)cc(-c3ccc(N(c4ccccc4)c4ccccc4)cc3)c21,CCOCC,430.0
8638,C#CCNC1=C2C(C)=CC(C)=[N+]2[B-](F)(F)n2c(C)cc(C)c21,OCC(F)(F)F,494.5
5316,CCCCC[n+]1ccc(/C=C/c2ccc(N(C)C)c3ccccc23)c2ccccc21,c1ccccc1,675.0
7025,N#Cc1coc2ccccc2c1=O,C1CCOC1,373.0
657,CN1C(=O)/C(=C/c2ccncc2)N=C1c1ccccc1,CCOC(C)=O,472.0
3301,COc1cc(OC)cc(C2=C3C(C)=C(I)C(C)=[N+]3[B-](F)(F)n3c(/C=C/c4c[nH]c5ccccc45)c(I)c(C)c32)c1,CS(C)=O,676.0
8585,CCN(CC)c1ccc2c(-c3ccccc3C(=O)O)c3c([o+]c2c1)/C(=C/c1ccc2c(c1)c1ccccc1n2CC)CCC3,ClCCl,712.0
2845,CC(=O)Nc1ccc(S(=O)(=O)O)c(/N=N/c2c(O)c3ccccc3n(C)c2=O)c1,CS(C)=O,526.0
4066,O=C1C=Cc2cc3ccccc3c(=O)n21,CO,450.0
9602,Cn1c(=O)c(/N=N/c2ccc(Nc3ccc([N+](=O)[O-])cc3S(=O)(=O)O)cc2)c(O)c2ccccc21,CS(C)=O,622.0
5244,[O-]c1ccccc1/C=N/c1ccccc1/N=C/c1ccccc1[O-],C1CCOC1,490.0
1001,CCN(CC)c1ccc2cc(/C=C/C3=C4CC/C(=C\c5cc6ccc(N(CC)CC)cc6oc5=O)C4=[O+][B-](F)(F)O3)c(=O)oc2c1,CN(C)C=O,758.0
4198,CCOC(=O)c1ccc2nc(/N=N/c3ccc(N(CC)CC)cc3)sc2c1,ClCCl,571.0
2418,CN(C)c1ccc2nc(-c3ccccc3)sc2c1,ClC(Cl)Cl,442.6666666666667
875,CCc1c(C)c2n(c1C)[B-](F)(F)[N+]1=C(c3ccc[nH]3)c3ccccc3C1=C2,CCCCCC,626.0
8604,CCC1=C(C)C2=C(C)c3c(C)c(CC)c(C)n3[B-](F)(F)[N+]2=C1C,CCCCCCO,534.8
6726,O=c1[nH]c(=O)n([C@@H]2O[C@H](CO)[C@@H](O)[C@H]2O)cc1-c1cc2ccccc2s1,CC#N,443.0
3847,CCCCN(CCCC)c1ccc(/C=C/c2ccc3nc(-c4ccccc4)c(/C=C/c4ccc(N(C)C)cc4)nc3c2)cc1,CC#N,650.0
961,CCCCCCc1ccc(-n2c3c4cccc(OC)c4nc(-c4ccc(OC)cc4)c3c3c2c2c(-c4ccc(OC)cc4)nc4c(OC)cccc4c2n3-c2ccc(CCCCCC)cc2)cc1,ClC(Cl)Cl,453.0
1580,CC(C)c1cc(N(C)C)c(C#N)c2c1-c1cccc3cccc-2c13,O,554.0
7550,O=C1c2ccccc2S(=O)(=O)c2ccc(-n3c4ccccc4c4ccccc43)cc21,ClC(Cl)Cl,595.5
7639,COc1cccc(OC)c1-c1c2ccc(=[N+]3CCNCC3)cc-2oc2cc(N3CCNCC3)ccc12,O,568.0
2206,CC(C)(C)NC(=O)c1ccc(Br)c2ccc3c4ccccc4c4ccccc4c3c12,ClCCl,388.0
4266,O=C1OCC2=C1C(c1ccccc1)c1cc3c(cc1N2CCO)CCC3,O,423.0
9089,CCC1(CC)c2cc(C=C(C#N)C#N)ccc2-c2ccc(N(C)C)cc21,C1CCCCC1,528.0
12163,CC(C)(C)c1ccc2c(c1)c1cc(C(C)(C)C)ccc1n2-c1nc2ccccc2nc1-n1c2ccc(C(C)(C)C)cc2c2cc(C(C)(C)C)ccc21,C1CCOC1,544.3438914
4231,Cc1n[nH]c2c1C(c1ccc([N+](=O)[O-])cc1)C(C#N)=C(N)O2,Cc1ccccc1,387.0
757,Cc1cccc(-c2cnc3ccc4ccccc4n23)c1,ClCCl,425.0
4866,CN(C)c1ncc2nc(C#N)n(Cc3ccccc3)c2n1,CC#N,440.0
5406,CCCC1=Cc2nc1ccc1[nH]c(cc1CCC)c1nc(c(OC)cc3[nH]c2cc3CCC)C(CCC)=C1,Cc1ccccc1,688.0
5313,CCCCC[n+]1ccc(/C=C/c2ccc(N(C)C)c3ccccc23)c2ccccc21,CO,708.0
2284,COc1ccc2c(c1)N(c1ccc(C)cc1)c1cc3c(cc1=N2)Oc1c(cc(C(C)(C)C)cc1C(C)(C)C)N=3,CC#N,625.0
9063,C(=C(c1ccccc1)c1ccccc1)c1ccc(-c2ccc(C=C(c3ccccc3)c3ccccc3)cc2)cc1,C1CCOC1,445.0
7001,O=S(=O)(c1cccc(N2c3ccccc3Oc3ccccc32)c1)c1cccc(N2c3ccccc3Oc3ccccc32)c1,Cc1ccccc1,547.0
10038,COC(=O)c1ccccc1-c1c2ccc(=[NH2+])cc-2oc2cc(N)ccc12,CN(C)C=O,538.0
5507,CCCCCCCCC1(CCCCCCCC)c2cc(C#Cc3ccc(N(c4ccccc4)c4ccccc4)cc3)ccc2-c2ccc(C=O)cc21,CN(C)C=O,555.0
5309,CCCCC[n+]1ccc(/C=C/c2ccc(N(C)C)c3ccccc23)c2ccccc21,CC(C)=O,714.0
9187,O=Cc1cc(C=O)c2ccc3c(N4CCCCC4)cc(N4CCCCC4)c4ccc1c2c43,CCCCCC,557.0
4827,CCc1c(C)c2n(c1C)[B-](F)(F)[N+]1=C(NCc3ccc(OC)cc3)C(SC#N)=CC1=C2C,ClCCl,586.0
7640,CC(C)(C)OC(=O)CN1CCN(c2ccc3c(-c4ccc(I)cc4)c4ccc(=[N+]5CCN(CC(=O)OC(C)(C)C)CC5)cc-4oc3c2)CC1,ClCCl,586.0
7623,COc1cc(OC)cc(-c2nnc(-c3cc(-c4nnc(-c5cc(OC)cc(OC)c5)o4)cc(-c4nnc(-c5cc(OC)cc(OC)c5)o4)c3)o2)c1,C1CCCCC1,342.0
807,CCn1c2ccccc2c2cc(-c3cc(-c4ccc5c(c4)c4ccccc4n5CC)nc(-c4ccc(OC)cc4)n3)ccc21,CCOC(C)=O,384.0
3907,c1ccc2c(c1)-c1sc3ccccc3c1C21c2ccccc2-c2sc3ccccc3c21,ClCCl,368.0
6141,CN(C)c1ccc(-c2cc[n+](C)cc2)s1,CCO,507.0
7779,COc1cc(OC)c2c(c1)C(=O)c1ccccc1-2,CC#N,592.0
9743,O=P(c1ccccc1)(c1ccccc1)c1ccc(-c2nc3ccccc3n2-c2cccc(P(=O)(c3ccccc3)c3ccccc3)c2)cc1,ClCCl,384.0
7023,C(=C/c1ccnc2ccccc12)\c1ccc(/C=C/c2ccnc3ccccc23)cc1,ClCCl,432.0
1956,CN(C)c1ccc(-c2ccc3ncnc(Nc4ccccc4)c3c2)cc1,ClC(Cl)Cl,485.0
2445,CN(C)c1ccc(/C=C/c2nc(/C=C/c3ccc(N(C)C)cc3)c3ccccc3n2)cc1,CC#N,570.0
11729,CN(CC(O)c1cccc(O)c1)c1ccc([N+](=O)[O-])c(C2CC(c3cccc4ccccc34)=NN2c2ccccc2)c1,C1CCCCC1,495.0
6969,CC1=CC(/C=C/c2ccc(N(C)C)cc2)=[N+]2C1=C(c1ccccc1)c1c(C)cc(/C=C/c3ccc(N(C)C)cc3)n1[B-]2(F)F,ClC(Cl)Cl,753.0
10004,CCNc1ccc(NCC)c2c1C(=O)c1ccccc1C2=O,CCCCCCCO,666.0
8699,F[B-]1(F)n2cccc2C=C2C=CC=[N+]21,CC(C)=O,507.5
10000,CCNc1ccc(NCC)c2c1C(=O)c1ccccc1C2=O,C1CCCCC1,670.0
2402,CN(C)c1ccc2nc(-c3ccc(C(=O)OC(C)(C)C)cc3)sc2c1,ClC(Cl)Cl,487.0
8832,C(=C/c1ccccc1/C=C/c1c2ccccc2cc2ccccc12)\c1ccncc1,C1CCOC1,498.0
1073,N#Cc1ccc(-c2ccc(C3=CCC(c4ccccc4)CC3)s2)s1,c1ccncc1,452.0
10590,CCN(CC)c1ccc2cc(-c3cn4cc(C)ccc4n3)c(=O)oc2c1,ClC(Cl)Cl,473.0
3398,CCN(CC)c1ccc2cc(-c3csc(N)c3C#N)c(=O)oc2c1,Cc1ccccc1,447.0
4240,c1ccc2c(-c3cc4c(ccc5sccc54)s3)cccc2c1,ClCCl,405.0
6524,N#Cc1ccc2c(c1)CCc1nc(-c3ccc([N+](=O)[O-])cc3)c3c(c1-2)CCc1cc(C#N)ccc1-3,CCCCCC,413.0
5436,COc1ccc2c3c(cccc13)C(=O)N(C)C2=O,CO,450.0
7910,COc1ccc(C2=CC(c3ccccc3)=C(c3ccccc3)C2)c2ccccc12,ClCCl,479.0
10423,CN(C)CCCN1c2ccccc2CCc2ccccc21,CC#N,348.0
2091,F[B-]1(F)n2ccnc2-c2cccc[n+]21,ClC(Cl)Cl,356.0
4527,O=C(/C=C/c1cn(-c2ccccc2)nc1-c1ccccc1)c1c(O)c2ccccc2oc1=O,C1COCCO1,482.0
12255,CC1(C)C(/C=C/C=C/c2cc3ccc(O)cc3oc2=O)=[N+](CCCS(=O)(=O)[O-])c2ccc(S(=O)(=O)O)cc21,O,722.0
1698,CC(=O)Nc1ccccc1C(=O)OC1CC(C)CCC1C(C)C,CC#N,369.0
11911,[O-][n+]1c(/C=C/c2ccccc2)nc(Nc2ccccc2)c2c1CCCC2,ClCCl,508.0
10278,CCN(CC)c1ccc2cc(/C=C/C(=O)/C=C(O)/C=C/c3cc4ccc(N(CC)CC)cc4oc3=O)c(=O)oc2c1,CC(C)=O,598.0
9551,O=c1cc(-c2nc3ccccn3c2NC2CCCCC2)occ1OCc1ccccc1,ClCCl,478.0
8048,COc1ccc(OC)c(C=O)c1,CC(C)=O,410.0
11805,NS(=O)(=O)c1ccc(N2N=C(c3ccc(O)cc3)CC2c2ccc(F)cc2)cc1,CCO,427.0
1003,CCN(CC)c1ccc2cc(/C=C/C3=C4CC/C(=C\c5cc6ccc(N(CC)CC)cc6oc5=O)C4=[O+][B-](F)(F)O3)c(=O)oc2c1,Cc1ccccc1,658.0
10138,CC[N+]1=C(/C=C/c2ccc3ccc4cccc5ccc2c3c45)C(C)(C)c2ccccc21,C1CCOC1,626.0
11143,CC(C)(C)c1ccc(-n2c(-c3ccc(-c4ccc(-c5c(-c6ccccc6)nc6ccccn56)cc4)cc3)nc3c4ccccc4c4ccccc4c32)cc1,ClCCl,426.0
10199,Cc1ccc2[nH]c(-c3ccc(-c4ccc(-c5ccc(-c6nc7cc(C)ccc7[nH]6)cc5)cc4)cc3)nc2c1,CN(C)C=O,416.0
8028,CCCCC(CC)COC(=O)/C=C/c1c(OC)ccc(OC)c1OC,CCCCCC,359.0
4651,COc1cc(/C=C/c2nc3ccccc3o2)c(OC)cc1/C=C/c1nc(C)nc(/C=C/c2cc(OC)c(/C=C/c3nc4ccccc4o3)cc2OC)n1,ClC(Cl)Cl,494.0
11322,COc1ccc(O)c(-c2nc(C)c3n2CCCC3)c1,ClCCl,503.0
10968,CC(C)c1cc(C(C)C)c(B2c3cc(-n4c5ccccc5c5ccccc54)ccc3N(c3ccccc3)c3ccc(-n4c5ccccc5c5ccccc54)cc32)c(C(C)C)c1,C1CCOC1,442.5170068
6156,c1ccc(-n2c(-c3cccc4ccccc34)nc3c4ccccc4c4ccccc4c32)cc1,C1CCOC1,413.9078156
1485,O=c1oc2ccccc2nc1-c1ccc(Cl)cc1,c1ccccc1,440.0
11756,c1ccc(-c2nc(-c3ccc(-c4ccc(-n5c6ccccc6c6ccccc65)cc4)cn3)oc2-c2ccccc2)cc1,CC#N,415.0
5368,CC1=N/C(=C\c2ccncc2)C(=O)N1C,CCOC(C)=O,442.0
9904,C#CCN1C(=O)/C(=C/c2cc(OC(C)C)ccc2OC(C)C)N=C1C,CCCO,521.0
1411,COc1cc(/C=C2/SC(=O)NC2=O)cc(OC)c1O,O,497.0
6289,Cc1cc(=O)oc2cc(/[NH+]=C/C=C3/C=C(C(=O)O)NC(C(=O)O)C3)ccc12,O,570.0
11564,CCOC(=O)/C=C/c1cc2ccc(O)cc2oc1=O,CCO,430.0
11126,C[Si]1(C)c2cc3c(cc2-c2sc4ccccc4c21)[Si](C)(C)c1c-3sc2ccccc12,C1CCOC1,432.0
8118,CN(C)c1cc(C#N)c(N(C)C)c(C#N)c1,CC1COC(=O)O1,532.4813632
709,CC1CC=C(c2ccc(-c3ccc(C#N)s3)s2)CC1,c1ccncc1,452.0
8668,CCC1=C(C)C2=Cc3c(I)c(I)cn3[B-](F)(F)[N+]2=C1C,C1CCCCC1,537.0
3603,O=c1c2cc3[nH]c4c(S(=O)(=O)O)cc(S(=O)(=O)O)cc4c(=O)c3cc2[nH]c2c(S(=O)(=O)O)cc(S(=O)(=O)O)cc12,O,550.0
985,CCC1(CC)c2cc(/C=C/c3ccc(/C=C/c4ccc5c(c4)C(CC)(CC)c4cc(N6c7ccccc7Sc7ccccc76)ccc4-5)cc3)ccc2-c2ccc(N3c4ccccc4Sc4ccccc43)cc21,Cc1ccccc1,462.0
3076,CN1C(=CC2=C([S-])C(=CC3=[N+](C)c4ccccc4C3(C)C)C2=O)C(C)(C)c2ccccc21,ClC(Cl)Cl,663.0
6169,CN(C)c1ccc(/C=C2/N=C(c3ccccc3)OC2=O)cc1,CCCCCC,472.0
9401,O=C1O/C(=C\c2cccs2)c2ccccc21,CC#N,438.0
11280,C=CCNc1ccc2ccc3oc4cc(=O)ccc-4nc3c2c1,ClCCl,617.0
6713,CCCCOc1c(OC)cc2cc(OC)c(OCCCC)c3c4c(OCCCC)c(OC)cc5cc(OC)c(OCCCC)c(c1c23)c54,ClCCl,474.0
5077,CCCCC1(c2ccccc2)Nc2c(-c3ccc(N(c4ccccc4)c4ccccc4)cc3)ccc(-c3ccc(N(c4ccccc4)c4ccccc4)cc3)c2N=C1c1ccccc1,Cc1ccccc1,533.0
4101,C[N+]1=C(/C=C/C=C2/N(CCCc3ccccc3)c3ccccc3C2(C)C)C(C)(C)c2ccccc21,CS(C)=O,567.0
7722,Nc1cccc2ncccc12,O,534.0
2722,Cc1ccc(C(=O)NN2C3=C(CC4=C2CCCC4=O)C(=O)CCC3)cc1,CO,447.0
11537,c1ccc2nc3cccc(-c4ccc(-n5c6ccccc6c6ccccc65)cc4)c3cc2c1,C1CCOC1,466.0
1268,CCCCC(CC)Cn1c2cc(C#N)c(-c3ccc(N(c4ccccc4)c4ccccc4)cc3)cc2c2cc(-c3ccc(N(c4ccccc4)c4ccccc4)cc3)c(C#N)cc21,CCOC(C)=O,494.0
2462,CCOC(=O)c1ccccc1-c1c2ccc(=O)cc-2oc2cc(OC(=O)[C@H](CO[Si](C)(C)C(C)(C)C)NC(=O)OC(C)(C)C)ccc12,C1CCOC1,512.0
8793,CCC1=C(C)C2=C(C)c3c(C)c(-c4csc(N5CCOCC5)n4)c(C)n3[B-](F)(F)[N+]2=C1C,CC#N,543.0
268,Cc1cccc2nc3c(=O)[nH]c(=O)[nH]c3nc12,CCO,465.0
3580,c1ccc(-c2cc(-c3ccccc3)cc(-c3ccccc3)c2)cc1,C1COCCO1,354.0
4750,Cc1ccc(-c2cc(-c3ccccc3)c(C#N)c(=S)[nH]2)cc1,C1CCCCC1,504.0
8092,O=Cc1cc(O)c(C=O)cc1O,NC=O,490.0
7454,CN(C)c1ccc(/C=C/C(=O)c2ccccc2)cc1,ClC(Cl)Cl,510.0
7795,CN(C)c1ccc2c(c1)C(=O)c1ccccc1-2,c1ccccc1,644.0
7770,Nc1ccc2c(c1)-c1ccccc1C2=O,c1ccccc1,504.0
9022,N#Cc1ccc2[nH]ccc2c1,CS(C)=O,371.0
2821,COc1ccc(N(c2ccc(OC)cc2)c2ccc3ccc4c(B(c5c(C)cc(C)cc5C)c5c(C)cc(C)cc5C)ccc5ccc2c3c54)cc1,ClC(Cl)Cl,601.0
10985,COc1ccc(/C=C/C2=[O+][B-](F)(F)OC(/C=C/c3ccc(OC)c4ccccc34)=C2c2ccccc2)c2ccccc12,CCOC(C)=O,603.0
589,Cc1ccc(C2=CC(c3ccc(C)cc3)=[N+]3C2=Nc2c(-c4ccc(C)cc4)cc(-c4ccc(C)cc4)n2[B-]3(F)F)cc1,ClC(Cl)Cl,697.0
11423,CCn1c2ccccc2c2cc(/C=C3\C(=O)c4ccccc4S3(=O)=O)ccc21,CCOC(C)=O,515.0
11006,CC(C)(C)c1ccc(C(C)(C)C)c(N2C(=O)c3cccc4c(-c5ccc(-c6ccccc6)s5)ccc(c34)C2=O)c1,CO,572.0
7947,COc1ccc(/C=C/C(F)(F)F)c(N)c1,C1CCOC1,410.0
656,CN1C(=O)/C(=C/c2ccncc2)N=C1c1ccccc1,CCO,477.0
9943,CC1=N/C(=C\c2cccc(N(C)C)c2)C(=O)N1CCO,CC#N,656.0
9894,C(=C/c1cc[n+]2ccc(/C=C/c3cc[nH]c3)cc2c1)\c1cc[nH]c1,CO,542.0
2037,COc1ccc(/C=C/c2ccccc2)cc1,CCCCOCCCC,367.0
9532,c1ccc(-c2cc(-c3ccc4ccc5c(-c6ccnc(-c7ccccn7)c6)ccc6ccc3c4c65)ccn2)nc1,CCCO,429.000429
8871,CCn1c2ccccc2c2cc(-c3cc(-c4ccc5c(c4)c4ccccc4n5CC)nc(SC)n3)ccc21,C1CCOC1,394.0
3758,COc1ccc(-c2c(-c3ccc(OC)cc3)c3c4c(cccc4c2-c2ccccc2)C(=O)c2ccccc2-3)cc1,CO,579.0
6845,COc1cc(N(c2ccccc2)c2ccccc2)ccc1C=C(C#N)C#N,C1COCCO1,548.0
6151,CN(C)c1ccc(-c2c(/C=C3/C=Cc4ccccc4N3Cc3ccccc3)c(=O)c2=O)cc1,C1CCCCC1,427.0
7931,CCN(CC)c1ccc(OC)c(C=O)c1,ClCCl,538.0
2028,COc1cccc(/C=C/c2ccccc2)c1,C1CCCCC1,358.0
12228,N#Cc1nc(N(Cc2ccccc2)Cc2ccccc2)c(C#N)nc1N(Cc1ccccc1)Cc1ccccc1,ClC(Cl)Cl,588.0
677,Cc1cc2ccc(-c3cccc4cccc(-c5ccc6cc(C)c(=O)oc6c5)c34)cc2oc1=O,CC#N,420.0
9948,CC1=N/C(=C\c2ccccc2N(C)C)C(=O)N1C,CO,522.0
1232,CC1=NN(c2ccccc2)C(=O)/C1=C/c1cn(-c2ccccc2)nc1-c1ccccc1,Cc1ccccc1,416.0
5454,c1ccc2cc(-n3c4ccccc4c4ccccc43)ccc2c1,CO,382.0
8012,C=Cc1cccc(OC)c1,C1CCCCC1,327.0
9562,COC(=O)C(Cc1ccc2oc(-c3ccc(-n4c5ccccc5c5ccccc54)cc3)nc2c1)NC(=O)OC(C)(C)C,CC#N,447.0072862
7881,C[Si]1(C)C2=CC(=[N+]3CCC3)C=C(F)C2=Nc2c(F)cc(N3CCC3)cc21,CCO,719.0
8131,COCCOCCOCCOCCOc1cc(C=O)c(OCCOCCOCCOCCOC)cc1C=O,CC(C)O,481.0
4856,CN(C)c1nc(N(C)C)c2nc(C#N)n(Cc3ccccc3)c2n1,ClCCl,388.0
8215,COCCOc1ccc(OCCOC)c(C=O)c1,CCO,462.0
2432,COc1ccc(-c2csc(/C(C#N)=C\Nc3ccc(C#N)cc3)n2)cc1,CC#N,451.0
8812,F[B-]1(F)N(c2ccccc2)C=Cc2cccc[n+]21,C1CCOC1,541.0
8685,CCC1=C(C)C2=Cc3cc(I)cn3[B-](F)(F)[N+]2=C1C,OCC(F)(F)F,540.0
4647,Cc1cc(C)c(B2c3cc(C(C)(C)C)cc4c5ccccc5c5c6ccccc6c6cc(C(C)(C)C)cc2c6c5c34)c(C)c1,C1CCCCC1,439.0
8762,CCC1=C(C)C2=C(C)c3c(C)c(CC)c(C)n3[B-](F)(F)[N+]2=C1C,CC(C)=O,532.0
7626,COc1cc(OC)cc(-c2nnc(-c3cc(-c4nnc(-c5cc(OC)cc(OC)c5)o4)cc(-c4nnc(-c5cc(OC)cc(OC)c5)o4)c3)o2)c1,CCO,385.0
896,F[B-]1(F)n2cccc2C=C2c3ccccc3C(c3ccc[nH]3)=[N+]21,ClCCl,599.0
1611,COC(=O)c1cc(=O)n(C)c2cc(-c3ccc(OC)cc3)sc12,CS(C)=O,480.0
10090,Fc1ccc(N(c2ccccc2)c2ccc3ccc4c(N(c5ccccc5)c5ccc(F)cc5)ccc5ccc2c3c54)cc1,ClCCl,470.0
1587,CC1(C)c2ccccc2N(c2cc(C#N)c(C#N)cc2N2c3ccccc3C(C)(C)c3ccccc32)c2ccccc21,c1ccc2c(c1)c1ccccc1n2-c1ccc(-c2ccc(-n3c4ccccc4c4ccccc43)cc2)cc1,557.0
6686,Nc1ccc2c3cccc4cccc(c5cccc1c52)c43,CN(C)C=O,588.0
7386,CCC(C)(C)c1ccc(-c2ccc(-c3ccc(C(C)(C)CC)cc3)cc2)cc1,C1COCCO1,354.0
8517,CSc1cc(-c2cc3cc4c5c(c3oc2=O)CCCN5CCC4)oc(=O)c1C#N,CO,601.0
1719,COc1ccc(/C=C/c2nc3ccccc3s2)cc1,C1CCCCC1,400.0
7496,CN(C)c1ccc(/C=C/C=N/N=C/c2ccc3ccc4cccc5ccc2c3c45)cc1,ClC(Cl)Cl,482.0
9664,N#C/C(=C\C=C\c1ccc([N+](=O)[O-])cc1)c1ccccc1,C1CCOC1,473.0
3806,C#CCn1c2ccccc2c2cc(/C=C/C3=[N+]4C(=C(c5ccc(I)cc5)c5c(C)cc(/C=C/c6ccc7c(c6)c6ccccc6n7CC#C)n5[B-]4(F)F)C(C)=C3)ccc21,CC#N,688.0
8621,CCC1=C(C)C2=C(C)c3c(I)c(I)c(I)n3[B-](F)(F)[N+]2=C1C,CCO,554.0
9425,CC(C)(C)c1cccc2c1oc1nc3oc4ccc(-n5c6ccccc6c6ccccc65)cc4c3cc12,ClC(Cl)Cl,419.0
4701,C(=C/c1cc2ccccc2c2ccccc12)\c1c2ccccc2cc2ccccc12,C1CCOC1,510.0
3961,COC(=O)C(NC(=O)OC(C)(C)C)c1ccc2oc(-c3ccc(N(C)C)cc3OC)nc2c1,CO,398.0
8191,COCCOCCOc1ccc(OCCOCCOC)c(C=O)c1,CCCCO,456.0
5557,CCCCN1/C(=C\C=C\C=C\C2=[N+](CCCC)c3ccc4cc(Br)ccc4c3C2(C)C)C(C)(C)c2c1ccc1cc(Br)ccc21,C1CCOC1,712.0
8013,C=Cc1cccc(OC)c1,CC#N,330.0
5564,CCCCN1/C(=C\C=C\C=C\C2=[N+](CCCC)c3ccc4cc(Br)ccc4c3C2(C)C)C(C)(C)c2c1ccc1cc(Br)ccc21,ClCCl,716.0
9515,c1ccc(-c2nc(-c3ccc(N(c4ccccc4)c4ccccc4)cc3)n3ccccc23)cc1,O,498.0
10368,CN(C)c1ccc(C#Cc2nc(-c3ccccc3)nc3ccccc23)cc1,CC#N,570.0
6087,COC(=O)c1ccc(C#Cc2ccc(N(C)C)cc2)cc1,CS(C)=O,548.4861781
890,CCCCCCCCCCCn1cccc1C1=[N+]2C(=Cc3c(C)cc(C)n3[B-]2(F)F)c2ccccc21,ClCCl,611.0
7541,O=C(O)C1=CC(=C/C=[N+]2/c3cc(O)c(C[C@@H]4O[C@H](CO)[C@@H](O)C(O)[C@H]4O)cc3C[C@H]2C(=O)O)C=C(C(=O)O)N1,[2H]O[2H],620.0
11030,C#Cc1ccc2ccc3oc(=O)cc(C)c3c2c1,CCO,403.0
4006,COC(=O)C(Cc1ccc2oc(-c3ccc(N(C)C)cc3)nc2c1)NC(=O)OC(C)(C)C,c1ccccc1,375.5022342
4939,CCN(CC)c1ccc2cc(/C=C/C(=O)c3cc4ccc(N(CC)CC)cc4oc3=O)c(=O)oc2c1,CCO,610.0
9726,CCc1cccc(CC)c1-c1c2ccccc2c(C#Cc2ccccc2)c2cc3ccccc3cc12,ClCCl,538.0
7695,COc1cc(N(CC(=O)[O-])CC(=O)[O-])c2ncccc2c1,O,487.0
5898,CN(C)c1c2ccccc2cc2ccccc12,CO,389.0
6173,CN(C)c1ccc(/C=C2/N=C(c3ccccc3)OC2=O)cc1,CN(C)C=O,547.0
9243,CN(C)c1ccc(-c2ccc3c(=O)c(O)coc3c2)cc1,C1CCOC1,490.0
5819,COC(=O)C1=C(C(=O)OC)C2(c3ccccc3-c3ccccc32)[C@@H](c2ccccc2)C=C2c3cc(OC)c(OC)cc3CCN21,ClCCl,431.0
12083,C=Cc1ccc(-c2ccc(-c3nnc(-c4ccc(-c5nnc(-c6ccc(-c7ccc(C=C)cc7)s6)o5)cc4)o3)s2)cc1,CCCCO,400.0
8432,CCOC(=O)c1sc(-c2ccc(-c3cc(-c4ccc(C(C)(C)C)cc4)c(C(=O)OCC)s3)s2)cc1-c1ccc(C(C)(C)C)cc1,ClCCl,453.0
2799,CCCCCCCCCCCCOc1ccc(C#Cc2ccc(C#Cc3ccc(OCCCCCCCCCCCC)c(OCCCCCCCCCCCC)c3)c3nc4c5ccccc5c5ccccc5c4nc23)cc1OCCCCCCCCCCCC,Cc1ccccc1,541.0
8760,CCC1=C(C)C2=C(C)c3c(C)c(CC)c(C)n3[B-](F)(F)[N+]2=C1C,C1COCCO1,533.2
584,CC(C)(C)c1ccc(C2=CC(c3ccccc3)=[N+]3C2=Nc2c(-c4ccc(C(C)(C)C)cc4)cc(-c4ccccc4)n2[B-]3(F)F)cc1,Cc1ccccc1,683.0
3268,c1ccc(-c2nn(-c3ccccn3)c3nc4ccccc4cc23)cc1,CCCCOCCCC,427.0
3932,FC(F)(F)c1ccc(-c2pc3ccccc3s2)cc1,CC#N,430.0
4965,CCCCn1c2ccc(C#N)cc2c2cc(C#N)cc(-c3ccc(N(c4ccccc4)c4ccccc4)cc3)c21,CN(C)C=O,472.0
1260,O=C1c2ccccc2-c2ccc(N3CCOCC3)c3cccc1c23,ClC(Cl)Cl,625.0
8570,Nc1ccc2c(c1)C(=O)NC2=O,CCO,520.0
6199,O=C1c2ccccc2NC(c2ccccc2)N1Cc1ccccc1,CCCCCCCCCCCCCCCC,383.0
6692,COc1ccc2c3cccc4c(OC)ccc(c5cccc1c52)c43,C1CCOC1,463.9927447
310,Cc1cc(C2(c3cc(C)c(O)c(Br)c3)OS(=O)(=O)c3ccccc32)cc(Br)c1O,CCCO,505.0
1716,CCCN1/C(=C/C=C(/C=C/C2=[N+](CCC)c3ccccc3C2(C)C)c2ccc3ccccc3n2)C(C)(C)c2ccccc21,O,653.0
7459,CC(C)(C)c1ccc(-c2cc(-c3ccc(-c4cc(-c5ccc(C(C)(C)C)cc5)c(C(=O)N5CCCCC5)s4)s3)sc2C(=O)N2CCCCC2)cc1,ClCCl,461.0
6009,O=C(/C=C/c1ccc(O)c(O)c1)O[C@H](Cc1ccc(O)c(O)c1)C(=O)O,CS(C)=O,432.0
2052,CN(C)c1ccc(/C=C/c2ccc(C#N)cc2)cc1,CCO,524.0
8532,CC(=O)Nc1ccc(C2=C/C(=C\c3ccc([N+](=O)[O-])cc3)C(=O)O2)cc1,C1COCCO1,550.0
4668,Cc1ccc(-c2nnc(-c3ccc4ccc5cccc6ccc3c4c56)o2)cc1,CC#N,423.0
4298,O=C1C=C(Nc2ccccc2)CCC1,CS(C)=O,365.0
6646,CCOC(=O)c1sc2nc(-c3ccccc3)c(C)c(C#N)c2c1N,C1COCCO1,554.0
3783,C(=C/c1cnc2ccccc2n1)\c1ccc(N(c2ccccc2)c2ccccc2)cc1,ClCCl,565.0
1008,C1=Cc2nc1c(-c1cccs1)c1ccc([nH]1)c(-c1cccs1)c1nc(c(-c3cccs3)c3ccc([nH]3)c2-c2cccs2)C=C1,CN(C)C=O,665.0
10223,CC1(C)Cc2c(c3ccccc3c3nc4c5c(c6ccccc6c4nc23)OC(C)(C)C5)O1,C1COCCO1,498.0079681
2185,CCN1c2ccc(/C=N/Nc3ccccn3)cc2Sc2cc(-c3ccc(C#N)cc3)ccc21,C1CCOC1,519.0
3623,O=C1c2ccccc2C(=O)N1c1ccc(Cn2cncn2)cc1,CCOC(C)=O,355.0
11999,Cc1c2oc3c(C)c(N)cc(C(=O)NC4OC(=O)C(C(C)C)N(C)C(=O)CN(C)C(=O)C5CCCN5C(=O)C(C(C)C)NC4=O)c3nc-2c(C(=O)NC2OC(=O)C(C(C)C)N(C)C(=O)CN(C)C(=O)C3CCCN3C(=O)C(C(C)C)NC2=O)c(N)c1=O,ClCCCl,609.6482939
11623,CCN(CC)c1ccc2cc(/C=C/C(O)=C/C(C)=O)c(=O)oc2c1,CS(C)=O,556.0
11864,NS(=O)(=O)c1ccc(N2N=C(c3ccc(O)cc3)CC2c2ccc(Br)cc2)cc1,CCOC(C)=O,415.0
8678,CCC1=C(C)C2=Cc3cc(I)c(I)n3[B-](F)(F)[N+]2=C1C,CO,552.0
8276,N#Cc1ccc(N)c(C#N)c1,O,377.0
4834,N#Cc1cc(N2c3ccccc3Oc3ccccc32)c(N2c3ccccc3Oc3ccccc32)cc1C#N,c1ccc2c(c1)c1ccccc1n2-c1ccc(-c2ccc(-n3c4ccccc4c4ccccc43)cc2)cc1,612.0
4059,O=C1/C(=C\c2ccc(N(c3ccccc3)c3ccccc3)cc2)S(=O)(=O)c2ccccc21,CCOC(C)=O,617.0
4756,N#Cc1cc(-n2c3ccccc3c3ccccc32)c(-n2c3ccccc3c3ccccc32)cc1C#N,Cc1ccccc1,473.0
9010,N#Cc1cc2ccccc2[nH]1,CC(C)O,332.0
90,COc1cc2c3sc4ccccc4c3c3cncnc3c2c(OC)c1OC,ClCCl,426.0
1987,Cc1cc(C)c(B(c2c(C)cc(C)cc2C)c2c(C)cc(-n3c4ccc(N(c5ccccc5)c5ccccc5)cc4c4cc(N(c5ccccc5)c5ccccc5)ccc43)cc2C)c(C)c1,Cc1ccccc1,495.0
470,COc1ccc(-c2c3cc4ccccc4cc3c(C#Cc3ccccc3)c3cc4cc(C)sc4cc23)cc1,ClCCl,620.0
1326,C=CCOc1nnc(OCCC(F)(F)C(F)(F)C(F)(F)C(F)(F)C(F)(F)C(F)(F)F)nn1,OCC(F)(F)F,562.0
7279,CC1=[N+]2C(=C(c3ccc(N4CCCCC4)cc3)c3ccc(C)n3[B-]2(F)F)C=C1,CO,518.0
8317,N#CC(C#N)=C(/C=C/c1ccc(N(c2ccccc2)c2ccccc2)cc1)c1ccccc1,Cc1ccccc1,574.0
9850,CCN(CC)c1ccc2c(c1)oc(=O)c1c(=O)oc3cc(Br)ccc3c12,CS(C)=O,572.0
2117,CC(C)(C)c1ccc2oc(-c3ccc(-c4nc5cc(C(C)(C)C)ccc5o4)s3)nc2c1,CC#N,432.0
2937,Cn1cccc1-c1ccc(C#N)cc1,CCOCC,371.0
888,CCCCCCCCCCCn1cccc1C1=[N+]2C(=Cc3c(C)cc(C)n3[B-]2(F)F)c2ccccc21,CO,607.0
983,CCC1(CC)c2cc(/C=C/c3ccc(/C=C/c4ccc5c(c4)C(CC)(CC)c4cc(N6c7ccccc7Sc7ccccc76)ccc4-5)cc3)ccc2-c2ccc(N3c4ccccc4Sc4ccccc43)cc21,CC#N,457.0
6932,Clc1nc(Nc2ccccc2)nc(Nc2ccc3c4cccc5cccc(c6cccc2c63)c54)n1,CCCCOCCCC,476.0
11633,N#Cc1cc2ccc(O)cc2oc1=O,C1CCOC1,405.0
9260,CCN1C(=CC2=C([O-])C(=Cc3[se]c4ccccc4[n+]3CC)C2=O)[Se]c2ccccc21,CO,688.0
8323,COc1ccc(/C=C/C=C/c2ccc3ncnc(Nc4ccccc4)c3c2)cc1,ClC(Cl)Cl,443.0
10542,O=C1c2ccccc2-c2ccc(Nc3nc(Cl)nc(Cl)n3)c3cccc1c23,CCOCC,501.002004
2925,COc1ccc(-c2csc(/C(C#N)=C/c3ccc(C#N)cc3)n2)cc1,CCO,555.0
11127,CC1=C2c3ccccc3C(C)=[N+]2[B-](F)(F)n2c(C)c3cc4c(-c5ccccc5)c5c(c(-c6ccccc6)c4cc3c21)-c1cccc2cccc-5c12,ClCCl,697.0
3214,N#CC(C#N)=C(/C=C/c1ccc(N(c2ccccc2)c2ccc(/C=C/C(=C(C#N)C#N)c3ccccc3)cc2)cc1)c1ccccc1,CC(C)=O,643.0
5884,C[Si]1(C)c2ccccc2-c2ccccc21,ClCCl,359.0
2341,Cc1c[nH]c(=O)[nH]c1=O,CC#N,315.0
11692,S=P1(c2ccccc2)C(c2ccccc2)=Cc2cc3ccccc3cc21,ClCCl,425.0
8247,COc1cc(C(=O)O)ccc1O,C1CCCCC1,320.0
9306,CCC1=C(C)C2=C(c3c(C)cc(C)nc3-c3cccs3)c3c(C)c(CC)c(C)n3[B-](F)(F)[N+]2=C1C,CN(C)C=O,551.0
8727,CC1=C(C(C)(C)C)C(C)=[N+]2C1=C(C)c1c(C)c(C(C)(C)C)c(C)n1[B-]2(F)F,C1CCCCC1,571.2
9674,N#C/C(=C\C=C\c1ccccc1)c1ccc([N+](=O)[O-])cc1,CN(C)C=O,522.0
10041,Nc1ccc2c(-c3ccccc3C(=O)[O-])c3ccc(=[NH2+])cc-3oc2c1,CC#N,523.0
627,CC(C)(C)c1ccc2c(c1)Sc1cc(C(C)(C)C)ccc1N2c1ccc2c(ccc3nc4ccc5cc(N6c7ccc(C(C)(C)C)cc7Sc7cc(C(C)(C)C)ccc76)ccc5c4nc32)c1,Cc1ccccc1,682.0
8523,CCCCCCC(CCCCCC)N1C(=O)c2cccc3c(-c4ccc(-c5ccc(OC)cc5)cc4)ccc(c23)C1=O,CCCCCCCCCCCCCC,436.7
4947,O=c1c2cc(F)c(O)cc2oc2cc(O)c(F)cc12,CCO,439.0
5080,CCCCOc1ccc(/C=C/C2=[N+]3C(=C(c4ccc(I)cc4)c4c(/C=C/c5ccc(N(C)C)cc5)cc(/C=C/c5ccc(OC)cc5)n4[B-]3(F)F)C(/C=C/c3ccc(OCCOCCOC)cc3)=C2)cc1,C1COCCO1,714.0
4244,COc1ccc(C2=[N+]3C(=Nc4c5c6cc(OC)c(OC)c(OC)c6c6cc(C(C)(C)C)ccc6c5c(-c5ccc(OC)cc5)n4[B-]3(F)F)c3c2c2ccc(C(C)(C)C)cc2c2c(OC)c(OC)c(OC)cc32)cc1,Cc1ccccc1,771.0
7738,CCOC(=O)C1=C(C)NC2=C(C(=O)c3ccccc32)C1c1ccc(N(C)C)cc1,CN(C)C=O,540.0
4765,COc1ccc(C2=C(c3ccc(OC)cc3)C(C)(C)c3ccc4ccccc4c32)cc1,C1CCCCC1,419.0
1601,CCN(CC)c1ccc(-c2cc3c(s2)c(C(=O)OC)cc(=O)n3C)cc1,CCO,516.0
12013,Cc1cc(C)c([B-]2(c3c(C)cc(C)cc3C)[O+]=P(c3ccccc3)(c3ccccc3)c3cc(-c4ccc(C(F)(F)F)cc4)sc3-c3sc(-c4ccc(C(F)(F)F)cc4)cc32)c(C)c1,C1CCOC1,468.0
1269,CCCCC(CC)Cn1c2cc(C#N)c(-c3ccc(N(c4ccccc4)c4ccccc4)cc3)cc2c2cc(-c3ccc(N(c4ccccc4)c4ccccc4)cc3)c(C#N)cc21,CCOCC,472.0
128,Fc1ccc(N(c2ccc(F)cc2)c2ccc3c4cccc5c(N(c6ccc(F)cc6)c6ccc(F)cc6)ccc(c6cccc2c63)c54)cc1,Cc1ccccc1,540.0
9799,COc1ccc(-c2sc3c(-c4ccc(OC)cc4)c4n(c3c2-c2ccc(OC)cc2)[B-](F)(F)[N+]2=Cc3c(-c5ccc(OC)cc5)c5sc(-c6ccc(OC)cc6)c(-c6ccc(OC)cc6)c5n3[B-](F)(F)[N+]2=C4)cc1,Cc1ccccc1,649.0
10777,COC(=O)C1=C(C(=O)OC)C2(c3ccccc3-c3c(Br)cc(Br)cc32)C2(/C=C/c3ccc(Cl)cc3)c3cc(OC)c(OC)cc3CCN12,ClCCl,520.0
1711,Cc1cc2nc3cc(C)c(N)cc3[n+](-c3ccccc3)c2cc1N,O,588.3
4182,COc1ccc(-c2nc(-c3cccc(OC)c3)[nH]c2-c2ccc(OC)cc2)cc1,CO,399.0
7299,CCN(CC)c1cccc2c1ccc1c(=O)oc(-c3ccc(C(F)(F)F)cc3)cc12,CCOC(C)=O,568.0
8912,COC(=O)c1cc(=O)n(Cc2ccccc2)c2cc(-c3ccc(OC)cc3)sc12,CC#N,477.0
4235,Fc1ccc(-c2c3ccccc3nc3cc4ccccc4cc23)cc1,ClCCl,524.0
6995,CN1C(=CC2=C([S-])C(=Cc3sc4ccccc4[n+]3C)C2=O)C(C)(C)c2ccccc21,ClC(Cl)Cl,676.0
8460,COc1ccc2cc(/C=C/c3nc(/C=C/c4ccc(N(c5ccccc5)c5ccccc5)cc4)cc(/C=C/c4ccc(N(c5ccccc5)c5ccccc5)cc4)n3)ccc2c1,CCCCCCC,460.0
2398,CN(C)c1ccc2nc(-c3ccc(C(=O)OC(C)(C)C)cc3)sc2c1,CC#N,550.0
10964,CC(C)c1cc(C(C)C)c(B2c3cc(-n4c5ccc(C(C)(C)C)cc5c5cc(C(C)(C)C)ccc54)ccc3N(c3ccccc3)c3ccc(-n4c5ccc(C(C)(C)C)cc5c5cc(C(C)(C)C)ccc54)cc32)c(C(C)C)c1,CCOC(C)=O,453.0612245
9026,N#Cc1ccc2cc[nH]c2c1,C1CCOC1,345.0
8203,COCCOc1cc(C=O)c(OCCOC)cc1C=O,CCCO,463.0
8642,C#CCNC1=C2C=CC=[N+]2[B-](F)(F)n2cccc21,CCCO,467.0
11029,O=C(O)c1cc2c(ccc3ccccc32)oc1=O,O,460.0
1186,CCN(CC)c1ccc2cc(-c3ccc(-c4c5ccccc5c(-c5ccc(-c6cc7ccc(N(CC)CC)cc7oc6=O)cc5)c5ccccc45)cc3)c(=O)oc2c1,ClC(Cl)Cl,472.0
10424,CN(C)CCCN1c2ccccc2CCc2ccccc21,CO,353.0
12048,CN(C)c1ccc(/C=C2\CCCC2=O)cc1,CC(C)O,472.0
12006,c1cc2ccc1-c1ccc(cc1)-c1sc(c3c1OCCO3)-c1ccc(cc1)-c1ccc(cc1)-c1sc(c3c1OCCO3)-c1ccc(cc1)-c1ccc(cc1)-c1sc-2c2c1OCCO2,C1CCOC1,555.0
11971,Cc1ccc(/C(C#N)=C/c2cc(/C=C(\C#N)c3ccc(C)cc3)c(-c3ccc(N(c4ccccc4)c4ccccc4)cc3)cc2-c2ccc(N(c3ccccc3)c3ccccc3)cc2)cc1,ClCCl,552.0
1977,O=C1OC(=O)c2ccc(N(c3ccccc3)c3ccc4ccccc4c3)c3cccc1c23,C1CCOC1,621.0
5314,CCCCC[n+]1ccc(/C=C/c2ccc(N(C)C)c3ccccc23)c2ccccc21,CS(C)=O,720.0
12123,CCCCCCC(CCCCCC)N1C(=O)c2cccc3c(-c4ccc(OC)cc4)ccc(c23)C1=O,CCCCO,498.1
4247,CN(C)c1ccc(/C=C/c2ccc(-c3ccc(/C=C/c4ccc(N(C)C)cc4)s3)s2)cc1,Cc1ccccc1,521.0
9709,COc1ccc(-c2cc3c(o2)=CC2=Cc4cc5oc(-c6ccc(OC)cc6)cc5n4[B-](F)(F)[N+]=32)cc1,ClC(Cl)Cl,683.0
915,Cc1ccc(C2=[N+]3C(=Cc4c(C)cc(C)n4[B-]3(F)F)c3ccccc32)[nH]1,C1CCOC1,625.0
1305,C1=CSC(=C2SC=C(/C=C/C=C/C=C/C3=CSC(=C4SC=CS4)S3)S2)S1,C1COCCO1,703.0
1096,CCc1ccc(/C=N/c2cc(C(C)C)c(O)cc2C)cc1,C1CCOC1,412.0
3049,COc1cc(/C=C/C2=CC(/C=C/c3ccc(O)c(OC)c3)=[O+][B-](F)(F)O2)ccc1O,ClC(Cl)Cl,554.77
10156,CCC(C)(C)c1ccc(-c2ccc3c(c2)C(CCOC)(CCOC)c2cc(C(C)(C)CC)ccc2-3)cc1,C1CCCCC1,360.0
6653,CC(=O)c1nc(-c2ccc(N(c3ccccc3)c3ccccc3)cc2)oc1C,CCCCCC,385.0
11673,CCNc1ccc2c(C(F)(F)F)cc(=O)oc2c1,CCCC(C)C,415.0
1273,CCCCC(CC)Cn1c2cc(C#N)c(-c3ccc(N(c4ccccc4)c4ccccc4)cc3)cc2c2cc(-c3ccc(N(c4ccccc4)c4ccccc4)cc3)c(C#N)cc21,ClCCl,513.0
5698,N#CC1=c2c3cccc4c(Br)ccc(c43)n2[B-](F)(F)[n+]2ccccc21,C1CCOC1,545.0
6945,CCCCC1(c2ccc(OC)cc2)Nc2ccccc2N=C1c1ccc(OC)cc1,CC#N,522.0
9938,CC1=N/C(=C\c2ccc(N(C)C)cc2)C(=O)N1C,CS(C)=O,490.0
2796,CCCCCCCCCCOc1ccc(C#Cc2ccc(C#Cc3ccc(OCCCCCCCCCC)c(OCCCCCCCCCC)c3)c3nc4c5ccccc5c5ccccc5c4nc23)cc1OCCCCCCCCCC,Cc1ccccc1,541.0
6797,COc1cccc(-n2c(-c3ccc(F)cc3)nc(C)c2C)c1,ClCCl,368.0
1398,Cc1csc2[n+]1[B-](F)(F)OC(c1ccc(N(C)C)cc1)=N2,C1CCOC1,453.0
6615,CC(=O)c1cc2c(cc1F)NC(C)(C)CC2=O,CC#N,417.0
3358,CC(C)(C)c1ccc2c(c1)sc1[n+]2[B-](F)(F)n2c(c3cccc4c(Br)ccc2c43)=N1,C1CCOC1,520.0
183,CN(C)c1ccc(/C=C/c2cc(/C=C/c3ccc(N(C)C)cc3)nc(/C=C/c3ccc(N(C)C)cc3)n2)cc1,CC(C)=O,558.0
7627,Cn1ccc(-c2nc3ccccc3nc2/C=C/N2CCCC2)c1,CC#N,579.0754258
4462,CCCCc1cc2cccc[n+]2[b-]2ccc(-c3cc[b-]4c(c3)c(CCCC)cc3cccc[n+]43)cc21,C1CCCCC1,543.0
8888,CCCCc1cc(C(=O)CCC)c2ccc3c(CCCC)cc(N4CCCCC4)c4ccc1c2c34,C1CCOC1,528.0
8040,CNc1ccc(/C=C/C(=O)OC)cc1,O,470.0
3563,CN(C)c1ccc(-c2nc3cnccc3[nH]2)cc1,CCOC(C)=O,379.0
9280,CCCCc1c2ccccc2c(-c2ccc(-c3nc4cc(CC(NC(=O)OC(C)(C)C)C(=O)OC)ccc4o3)cc2)c2ccccc12,CC(O)CO,455.499934
11386,CC1(C)CCc2c(c3ccccc3c3nc4c5c(c6ccccc6c4nc23)OC(C)(C)CC5)O1,ClC(Cl)Cl,477.0992366
6513,CN(C)c1ccc(-c2nc3c(c4c2-c2ccc(C#N)cc2CC4)-c2ccc(C#N)cc2CC3)cc1,ClCCl,482.0
4567,CCN(CC)c1ccc2c(c1)oc(=O)c1cc3cnn(-c4ccccc4)c3nc12,ClCCl,501.0
9391,Cc1cc(=O)oc2c1cc(Br)c1occ(C)c12,C1CCCCC1,400.0
6603,c1ccc([B-]2(c3ccccc3)Oc3ccc4ccccc4c3-c3c4ccccc4nc[n+]32)cc1,Cc1ccccc1,543.0
9929,CC1=N/C(=C\c2cc(N(C)C)ccc2C#N)C(=O)N1C,CC#N,606.0
2656,CC1=CC(c2ccc3cc(N(C)C)ccc3c2)=[O+][B-](F)(F)O1,Cc1ccccc1,521.0
10168,O=c1oc2ccccc2cc1C#Cc1ccccc1,CC#N,406.0
4305,CCCCC1(CCCC)c2cc(C#Cc3ccc(C=C4c5ccccc5-c5ccccc54)cc3)ccc2-c2ccc(C#Cc3ccc(C=C4c5ccccc5-c5ccccc54)cc3)cc21,C1CCOC1,406.0
1961,COC(=O)c1ccc(C#Cc2c3c(c4c(-c5ccccc5)c(-c5ccccc5)c(-c5ccccc5)c(-c5ccccc5)c4c2-c2ccc(C(=O)OC)cc2)CC(C(=O)OC)(C(=O)OC)C3)cc1,C1CCOC1,432.358871
4992,c1ccc(-c2nc(-c3ccccc3)nc(-c3ccc(-n4c5ccccc5c5c4c4ccccc4n5-c4ccccc4)cc3)n2)cc1,Cc1ccccc1,526.0
4891,N#Cc1nc2cnc(N)nc2n1Cc1ccccc1,CC#N,381.0
6138,COc1ccc(C#Cc2c3ccccc3c(C#Cc3ccc(OC)cc3)c3cc4sc(C)cc4cc23)cc1,ClCCl,538.0
5815,c1ccc(Nc2nc(Nc3ccccc3)nc(Nc3ccc4ccc5cccc6ccc3c4c56)n2)cc1,CC#N,395.0
5869,CC(C)[Si]1(C(C)C)c2cc(C=O)ccc2-c2ccc(N(C)C)cc21,c1ccccc1,450.0
8860,CCn1c2ccccc2c2cc(-c3cc(-c4ccc5c(c4)c4ccccc4n5CC)nc(C#N)n3)ccc21,ClCCl,435.0
6395,CCN1C(=CC=Cc2n(CC)c3cc(Cl)c(Cl)cc3[n+]2CC)N(CC)c2cc(Cl)c(Cl)cc21,CCCCO,534.0
11621,CCN(CC)c1ccc2cc(/C=C/C(O)=C/C(C)=O)c(=O)oc2c1,CCOC(C)=O,518.0
6226,Cc1ccc(-n2c3ccccc3c3cc(C=C(C#N)C#N)ccc32)cc1,Cc1ccccc1,454.0
9237,O=c1c2ccccc2n2c3ccccc3c(=O)c3cc(-c4ccccc4)cc1c32,CCCCOCCCC,454.0
12229,N#Cc1nc(N(Cc2ccccc2Br)Cc2ccccc2Br)c(C#N)nc1N(Cc1ccccc1Br)Cc1ccccc1Br,ClC(Cl)Cl,565.0
8700,F[B-]1(F)n2cccc2C=C2C=CC=[N+]21,CCCCCC,509.0
1251,CCN(CC)c1ccc(/C=N/CC/N=C/c2ccc(N(CC)CC)cc2O)c(O)c1,CC#N,415.0
3176,c1ccc(-c2nc(-c3ccccc3)n3ccccc23)cc1,ClCCl,484.0
5072,C=CCNS(=O)(=O)c1ccc2c(c1)C(=O)/C(=C1\Sc3ccc(S(=O)(=O)NCC=C)cc3C1=O)S2,CN(C)C=O,604.0
3359,CC(C)(C)c1ccc2c(c1)sc1[n+]2[B-](F)(F)n2c(c3cccc4c(Br)ccc2c43)=N1,CC#N,519.0
7559,COc1ccc([C@@H]2C[C@](O)(c3ccccn3)C[C@](O)(c3ccccn3)[C@H]2C(=O)c2ccc(N(c3ccccc3)c3ccccc3)cc2)cc1,CC#N,522.0
10629,CC(=O)c1c2c(cc3cc(N(C)C)ccc13)CCC2,Cc1ccccc1,481.0
9505,CN(C)c1ccc(/C=C/C=C/C2=NC3C(=O)NC(N)=NC3N2[C@H]2C[C@H](O)[C@@H](CO)O2)cc1,C1COCCO1,429.0
8973,CC1(C)CC(/C=C/c2ccc(-n3ccnc3)cc2)=CC(=C(C#N)C#N)C1,CCOC(C)=O,518.0
11013,N#Cc1cnc(-c2c3ccccc3c(-c3ncc(C#N)cn3)c3ccccc23)nc1,ClCCl,500.0
3289,Cc1ccc(Nc2ccc(Nc3ccc(C)cc3)c3c2C(=O)c2ccccc2C3=O)cc1,ClC(Cl)(Cl)Cl,685.0
11056,O=C(O)c1ccc(C2CC(c3cccc4ccccc34)=NN2c2ccccc2)cc1,C1CCCCC1,452.0
10705,COc1cc2c(cc1/C=C/C(=C(C#N)C#N)c1ccccc1)c1ccccc1n2C,CS(C)=O,581.0
3190,CCOC(=O)c1ccccc1-c1c2ccc(=[N+](CC)CC)cc-2oc2c1c(=O)oc1cc3c(cc12)CCCN3C,O,666.0
1573,Oc1ccccc1/N=C/c1ccccc1Oc1ccccc1,CS(C)=O,410.0
9214,N#Cc1nc2c(OCc3ccccc3)nc(N)nc2n1Cc1ccccc1,CC#N,366.0
1051,CN(C)c1ccc(-c2cc3c(s2)c(C(=O)c2ccccc2)cc(=O)n3Cc2ccccc2)cc1,CC#N,521.0
4069,CCC1=C(C)c2cc3c(OC)cc(OC)cc3c(=O)n2C1=O,CC#N,476.0
11538,c1ccc2nc3cccc(-c4ccc(-n5c6ccccc6c6ccccc65)cc4)c3cc2c1,CC#N,527.0
3218,N#CC(C#N)=C(/C=C/c1ccc(N(c2ccccc2)c2ccc(/C=C/C(=C(C#N)C#N)c3ccccc3)cc2)cc1)c1ccccc1,CO,627.0
8285,N#Cc1ccc(N)cc1C#N,CCO,394.0
272,O=c1[nH]c(=O)c2nc3ccccc3nc2[nH]1,CC#N,432.0
2042,COc1ccc(/C=C/c2ccccc2)cc1OC,CC(C)O,374.0
4763,CCCCCCCN1C(=CC2=C([O-])C(=CC3=[N+](CCCCCCC)c4ccccc4C3(C)C)C2=C(C#N)C#N)C(C)(C)c2ccccc21,CCO,687.0
7506,CN(C)c1ccc(/C=C/c2cc[n+](CCCCCCCCCCCC[n+]3ccc(/C=C/c4ccc(N(C)C)cc4)cc3)cc2)cc1,CC(C)O,589.998348
7864,Cc1cc(C)c(B(c2ccc(N(c3ccccc3)c3ccccc3)cc2)c2c(C)cc(C)cc2C)c(C)c1,Cc1ccccc1,437.0
9878,O=S1(=O)c2cc(-n3c4ccccc4c4ccccc43)ccc2-c2ccc(-n3c4ccccc4c4ccccc43)cc21,ClC(Cl)Cl,454.0
1086,CC(C)(C)c1ccc2c(c1)c1cc(C(C)(C)C)ccc1n2-c1ccc(-c2nc3c(C#N)ccc(C#N)c3nc2-c2ccc(-n3c4ccc(C(C)(C)C)cc4c4cc(C(C)(C)C)ccc43)cc2)cc1,Cc1ccccc1,584.0
1473,COc1cc(OC)cc(-c2ccc(-c3ccc(C#N)s3)s2)c1,CC#N,443.0
7282,CC1=CC(C)=[N+]2C1=C(c1ccc(N3CCCCC3)cc1)c1c(C)cc(C)n1[B-]2(F)F,CC(=O)C(C)(C)C,516.0
8835,C(=C/c1ccncn1)\c1ccc(N(c2ccccc2)c2ccccc2)cc1,CCCCCCC,443.0
12195,Cc1cc(-n2c3ccccc3c3cc(C#N)ccc32)ccc1-c1ccc(S(=O)(=O)c2ccccc2)cc1C,ClCCl,369.1935484
11244,COc1ccc2oc(-c3cc4cc(OC)ccc4oc3=O)cc2c1,CCOC(C)=O,443.0
2186,CCN1c2ccc(/C=N/Nc3ccccn3)cc2Sc2cc(-c3ccc(C#N)cc3)ccc21,CS(C)=O,557.0
10854,c1ccc2c(c1)cc(-c1cc(-c3nccs3)nc(-c3nccs3)c1)c1ccccc12,CO,431.0
4322,CN(C)c1ccc(C(=O)Nc2ccc([N+](=O)[O-])cc2)cc1,CC#N,430.0
9252,COc1coc2cc(-c3ccc(N(C)C)cc3)ccc2c1=O,C1COCCO1,451.0
9757,C[n+]1ccc(/C=C/c2ccc3cc(O)ccc3c2)cc1,CC#N,557.0
5831,CCOC(=O)C1=C(C(=O)OCC)C2(c3ccccc3-c3ccccc32)[C@@H](c2ccccc2)C=C2c3cc(OC)c(OC)cc3CCN21,ClCCl,430.0
11746,CN(C)c1ccc2cc(C(/C=C/c3cn(C)c4ccccc34)=C(C#N)C#N)c(=O)oc2c1,CS(C)=O,555.0
498,COc1ccc(/C=C/C=C/C=C/c2ccc([N+](=O)[O-])cc2)cc1,CC#N,740.0
7727,CC(C)c1cc(C(C)C)c(B2c3cc(N4c5ccccc5Oc5ccccc54)ccc3N(c3ccccc3)c3ccc(N4c5ccccc5Oc5ccccc54)cc32)c(C(C)C)c1,ClCCl,546.2585034
8720,CCC1=C(C)C2=C(C)c3cccn3[B-](F)(F)[N+]2=C1C,CCO,513.5
4709,CC(C)(C)c1ccc2c(c1)c1cc(C(C)(C)C)ccc1n2-c1ccc(-c2cccs2)s1,ClCCl,417.0
8361,C(=C/c1ncnc2ccccc12)\c1ccc(-c2ccc(N(c3ccccc3)c3ccccc3)cc2)cc1,CC#N,642.0
9976,COc1nc(Nc2cc3ccc4cccc5ccc(c2)c3c45)nc(OC)n1,CCCCOCCCC,393.0
4485,N#Cc1nn(-c2ccccc2)nc1N1CCCC1,CC#N,423.0
10617,CC(=O)c1c2c(cc3c(N(C)C)cccc13)CCC2,CC#N,590.0
3478,COC(=O)c1ccc(/C=C2\N=C(c3ccc(OC)c(OC)c3)NC2=O)cc1,C1COCCO1,478.0
9353,CCOC(=O)c1ccccc1-c1c2ccc(=O)cc-2oc2cc(OC(=O)[C@H](CSCc3ccc(C)cc3)NC(=O)OC(C)(C)C)ccc12,C1CCOC1,518.0
3924,CC1(C)Nc2cc3nc4cc(Br)c(Br)cc4nc3cc2N1,CCO,508.0
1748,CN(C)c1ccc(/C=C/c2nc3ccccc3s2)cc1,CN(C)C=O,504.0
732,N#Cc1ccc(-c2ccc(C3=CCCCC3)s2)s1,OCCOCCO,449.0
2553,CN(C)c1ccc2c3c(ccc2c1)C(=O)CCC3,CCOC(C)=O,429.0
2463,CCOC(=O)c1ccccc1-c1c2ccc(=O)cc-2oc2cc(OC(=O)[C@H](CO[Si](C)(C)C(C)(C)C)NC(=O)OC(C)(C)C)ccc12,CC#N,542.0
7460,CCN(CC)c1ccc2c(-c3ccccc3C(=O)O)c3c([o+]c2c1)/C(=C/Nc1ccccc1)CCC3,CCO,641.0
9071,CC1(C)c2cccc(-c3nc(-c4ccccc4)nc(-c4ccccc4)n3)c2Oc2c(-n3c4ccccc4c4ccccc43)cccc21,ClC(Cl)Cl,454.0
8751,CC1=C2C=CC(C)=[N+]2[B-](F)(F)n2cccc21,ClCCl,506.0
2662,c1ccc2sc(-c3ccc(-c4nnc(-c5ccc(-c6nnc(-c7ccc(-c8cc9ccccc9s8)s7)o6)cc5)o4)s3)cc2c1,CCCCCCCCO,399.0
8204,COCCOc1cc(C=O)c(OCCOC)cc1C=O,CCO,464.0
9080,CC1(C)c2ccccc2N(c2cccc(S(=O)(=O)c3cccc(N4c5ccccc5C(C)(C)c5ccccc54)c3)c2)c2ccccc21,Cc1ccccc1,489.0
3113,CCB1c2ccccc2Nc2ccccc21,ClCCl,494.0
3303,C(=C/c1nc2ccccc2[nH]1)\c1ccc(/C=C/c2nc3ccccc3[nH]2)cc1,CC(C)=O,427.0
6250,CN(C)c1ccc2cc3c(cc2c1)OCCN=C3,CC#N,562.0
1344,CCc1c(C)[nH]c(C2=[N+]3C(=Cc4c(C)c(CC)c(/C=C/c5ccc(N(C)C)cc5)n4[B-]3(F)F)c3ccccc32)c1C,Cc1ccccc1,760.0
10784,O=C1c2cccc3c(-n4c5ccccc5c5ccccc54)ccc(c23)C(=O)N1C1CCCCC1,ClC(Cl)Cl,495.0
7692,COC(=O)C(NC(=O)OC(C)(C)C)c1ccc2oc(-c3cccc(Oc4ccccc4)c3)nc2c1,CC1CCCCC1,325.0
1690,COc1ccc(C2=CC3=C(c4c(C)cc(C)cc4C)c4cc(-c5ccc(OC)cc5)c(-c5ccc(OC)cc5)n4[B-](F)(F)[N+]3=C2c2ccc(OC)cc2)cc1,Cc1ccccc1,677.0
11158,COc1ccc2c3c(OC)c4ccccc4c(OC)c3n(C)c2c1,CO,409.0
8944,CCC1=C(C)C(=O)n2c1cc1c(c(C)c(C(=O)OCC(C)C)n1CC(C)C)c2=O,CO,498.0
5048,COc1ccc2c(c1)-c1cc3c(cc1[Si]2(c1ccccc1)c1ccccc1)-c1ccccc1[Si]3(c1ccccc1)c1ccccc1,ClCCl,397.0
8742,CC1=C(C(C)(C)C)C(C)=[N+]2C1=C(C)c1c(C)c(C(C)(C)C)c(C)n1[B-]2(F)F,CCOC(C)=O,562.4
8261,CNc1ccc(/C=C/C#N)cc1,O,445.0
3308,C(=C/c1nc2ccccc2[nH]1)\c1ccc(/C=C/c2nc3ccccc3[nH]2)cc1,CC#N,427.0
1504,Oc1cccc(/N=C/c2ccccc2Oc2ccccc2)c1,CC#N,395.0
11216,C(#Cc1cc(C#Cc2ccccc2)c(C#Cc2ccccc2)c(C#Cc2ccccc2)c1C#Cc1ccccc1)c1ccccc1,ClCCl,424.0
1806,COc1ccccc1-c1nc2c3ccccc3c3ccccc3c2n1-c1ccc(C)cc1,Cc1ccccc1,371.0
3871,O=C1c2cc(-n3c4ccccc4c4ccccc43)ccc2S(=O)(=O)c2ccc(-n3c4ccccc4c4ccccc43)cc21,CCCCCC,484.0
8115,COCCOCCOc1cc(C=O)c(OCCOCCOC)cc1C=O,O,496.0
3791,c1ccc(-c2nn(-c3ccccc3)c3nc4ccccc4cc23)cc1,CCCCOCCCC,454.9590537
5217,O=C1CC(c2cccc([N+](=O)[O-])c2)c2c(c3ccccc3c3nc4ccccc4nc23)O1,CCCCCC,417.0
12005,Cc1c2oc3c(C)c(N)cc(C(=O)NC4OC(=O)C(C(C)C)N(C)C(=O)CN(C)C(=O)C5CCCN5C(=O)C(C(C)C)NC4=O)c3nc-2c(C(=O)NC2OC(=O)C(C(C)C)N(C)C(=O)CN(C)C(=O)C3CCCN3C(=O)C(C(C)C)NC2=O)c(N)c1=O,CC#N,634.4131044
11672,CCNc1ccc2c(C(F)(F)F)cc(=O)oc2c1,CCC(C)CC,415.0
1067,O=Cc1ccc(-c2ccc(C3=CCC(c4ccccc4)CC3)s2)s1,CCO,498.0
8552,Cc1ccc(C2=C3C=CC(C#Cc4ccccc4)=[N+]3[B-](F)(F)n3c(Cl)ccc32)cc1,CO,569.0
11639,N#Cc1cc2ccc([O-])cc2oc1=O,O,450.0
1717,CCCN1/C(=C/C=C(/C=C/C2=[N+](CCC)c3ccccc3C2(C)C)c2ccc3ccccc3n2)C(C)(C)c2ccccc21,CO,652.0
2696,CN(C)c1ccc2c(-c3ccc(C(=O)[O-])cc3C(=O)[O-])c3ccc(=[N+](C)C)cc-3oc2c1,O,578.0
6451,N#CSc1ccc2n1[B-](F)(F)[N+]1=C(N3CCOCC3)C=CC1=C2c1ccccc1,ClCCl,562.0
1848,CCOc1ccc2c(-c3nc(-c4ccccc4Cl)no3)cc(=O)oc2c1,ClC(Cl)Cl,446.0
4512,CC(C)(C)c1ccc(-c2nc3c4ccc(-c5cccc6ccccc56)cc4c4cc(-c5cccc6ccccc56)ccc4c3n2-c2ccc(C(C)(C)C)cc2)cc1,CCOC(C)=O,385.0
9125,CN(C)c1ccc2c(c1)Cc1ccccc1-2,C1CCOC1,371.0
11320,Cc1nc(-c2cc(F)ccc2O)n2c1CCCC2,ClCCl,464.0
2431,N#C/C(=C/Nc1ccc(C#N)cc1)c1nc(-c2ccccc2)cs1,ClCCl,437.0
10684,c1ccc2cc3cnccc3cc2c1,CCO,426.4392324
4660,O=C(O)CCCOc1cccc(-c2c3nc(cc4ccc([nH]4)c(-c4cccc(OCCCC(=O)O)c4)c4nc(cc5ccc2[nH]5)C=C4)C=C3)c1,CS(C)=O,632.0
6622,CC1(C)CC(=O)c2ccc(F)cc2N1,CCO,461.0
3435,CN1/C(=C/C=C(/C=C/C2=[N+](C)c3ccccc3C2(C)C)c2cc(F)cc(F)c2)C(C)(C)c2ccccc21,O,659.0
11693,CC1(C)c2ccccc2N(c2ccc3c(c2)Oc2ccccc2P3(=O)c2ccccc2)c2ccccc21,Cc1ccccc1,433.0
7347,O=C(N/N=C/c1ccccc1O)c1ccccc1O,C1CCOC1,446.0
11498,O=C(O)c1ccc(-c2nc(-c3ccccc3)c3c4ccccc4ccn23)cc1,CC#N,473.0
142,O=C1OC(c2ccccc2)=N/C1=C\c1ccc(N(c2ccc(/C=C3\N=C(c4ccccc4)OC3=O)cc2)c2ccc(/C=C3/N=C(c4ccccc4)OC3=O)cc2)cc1,CN(C)C=O,640.6
8610,CCC1=C(C)C2=C(C)c3c(C)c(CC)c(C)n3[B-](F)(F)[N+]2=C1C,CN(C)C=O,532.8
5586,CCN1/C(=C\C=C\C=C\C2=[N+](CC)c3ccc4ccccc4c3C2(C)C)C(C)(C)c2c1ccc1ccccc21,CO,698.0
10746,Fc1c(F)c(F)c2c(c1F)C1=Nc3c4c(F)c(F)c(F)c(F)c4c4n3[B-]3(Cl)n5c(c6c(F)c(F)c(F)c(F)c6c5=N4)=NC2=[N+]13,CCC#N,581.0
6992,c1ccc(-c2nc(-c3ccccc3)nc(-c3ccc(-c4ccc(N5c6ccccc6[Si](c6ccccc6)(c6ccccc6)c6ccccc65)cc4)cc3)n2)cc1,c1cc(-n2c3ccccc3c3ccccc32)cc(-n2c3ccccc3c3ccccc32)c1,439.0
7882,CC1=CC(=[N+]2CCC2)C=C2C1=Nc1c(C)cc(N3CCC3)cc1[Si]2(C)C,C1COCCO1,734.0
8272,N#Cc1ccc(N)c(/C=C/C(F)(F)F)c1,C1CCOC1,409.0
6804,COc1cccc(-n2c(-c3ccc(O)cc3)nc(C)c2C)c1,CCOC(C)=O,368.0
6749,Cn1c(/C=C/c2ccc(/C=C/c3nc4ccccc4[nH]3)cc2)[n+](C)c2ccccc21,CC#N,576.0
6100,CCCCCCN(CCCCCC)c1ccc(C#Cc2ccc(C#N)cc2)cc1,ClCCl,484.0
5290,COc1ccc2c3c(c4ccc(OC)cc4c2c1)C(C)(C)c1c-3ccc2ccccc12,C1CCCCC1,396.0
7963,Nc1ccccc1C(=O)O,CCO,407.0
3409,CC(=O)N(Cc1ccccn1)c1c2ccccc2c2c3c(cccc13)C(=O)N(Cc1ccccn1)C2=O,ClCCl,497.0
1117,Cc1ccc(/C=N/c2cc(C(C)C)c(O)cc2C)cc1,CC(C)O,416.0
7685,CCN(CC)c1ccc2cc(/C=C(\C#N)c3nc4ccccc4o3)c(=O)oc2c1,CN(C)C=O,594.0
1756,C(=C/c1nc2ccccc2s1)\c1ccccc1,CO,400.0
497,COc1ccc(/C=C/C=C/C=C/c2ccc([N+](=O)[O-])cc2)cc1,C1COCCO1,565.0
7582,Cc1ccc([C@@H]2C[C@](O)(c3ccccn3)C[C@](O)(c3ccccn3)[C@H]2C(=O)c2ccc(N(c3ccccc3)c3ccccc3)cc2)cc1,ClCCl,516.0
7828,CCOC(=O)c1c(/N=C/c2ccc(-c3cccs3)s2)sc(/N=C/c2ccc(-c3cccs3)s2)c1C(=O)OCC,CC#N,592.0
870,CCc1c(C)[nH]c(C2=[N+]3C(=Cc4c(C)cc(C)n4[B-]3(F)F)c3ccccc32)c1C,CO,631.0
3357,CC(C)(C(=O)c1ccc(N2c3ccccc3C(C)(C)c3ccccc32)cc1)C(=O)c1ccc(N2c3ccccc3C(C)(C)c3ccccc32)cc1,c1ccc2c(c1)c1ccccc1n2-c1ccc(-c2ccc(-n3c4ccccc4c4ccccc43)cc2)cc1,495.9660297
912,Cc1cc(C)n2c1C=C1c3ccccc3C(c3cccn3C)=[N+]1[B-]2(F)F,CO,605.0
721,CC1CC=C(c2ccc(-c3cccs3)s2)CC1,c1ccncc1,417.0
2805,Cc1cccc(C)c1Nc1ccc(/C=C/c2ccccc2)cc1,CCCCCC,375.0
12189,c1ccc(-n2c(-c3cccc(-c4c5ccccc5c(-c5cccc(-n6c7ccccc7c7ccccc76)c5)c5ccccc45)c3)nc3c4ccccc4c4ccccc4c32)cc1,ClCCl,414.0
886,CCCCCCCCCCCn1cccc1C1=[N+]2C(=Cc3c(C)cc(C)n3[B-]2(F)F)c2ccccc21,CC#N,606.0
11772,O=C(O)C1CCCN1C(=O)c1ccc(C2CC(c3cccc4ccccc34)=NN2c2ccccc2)cc1,O,468.0
9009,N#Cc1cc2ccccc2[nH]1,CC#N,330.0
10179,CCCCCCCCCCCCC(CCCCCCCCCC)Cn1c2cc(/C=C/C=C/c3nc4ccccc4s3)c3cccc4c5cccc6c(/C=C/C=C/c7nc8ccccc8s7)cc1c(c65)c2c34,CC#N,608.0
11049,O=[N+]([O-])c1ccc(F)cc1C1CC(c2cccc3ccccc23)=NN1c1ccccc1,CC(C)O,488.0
1520,Oc1cccc(/N=C/c2ccccc2Oc2ccccc2)c1,Cc1ccccc1C,403.0
7396,CN(C)CCN(Cc1c2ccccc2cc2ccccc12)c1ccc([N+](=O)[O-])cc1[N+](=O)[O-],CN(C)C=O,396.0
10656,CCCCCCN1C(=O)C(c2ccc(-n3c4ccccc4c4ccccc43)cc2)=C(c2ccc(-n3c4ccccc4c4ccccc43)cc2)C1=O,c1ccc2c(c1)c1ccccc1n2-c1ccc(-c2ccc(-n3c4ccccc4c4ccccc43)cc2)cc1,591.0
2746,CCN(CC)c1ccc2c(c1)OC1=C(/C=C/C3=[N+](C)c4ccc5ccccc5c4C3(C)C)CCCC1=C2c1ccccc1C(=O)O,ClC(Cl)Cl,761.0
8372,COC(=O)C(Cc1ccc2oc(-c3ccc4c(c3)c3ccccc3n4-c3ccccc3)nc2c1)NC(=O)OC(C)(C)C,CC(C)CO,385.000385
3545,CCCCCCC(CCCCCC)n1c(=O)c2c3ccc4cccc5c6cccc7ccc(c2c1=O)c(c76)c3c45,CS(C)=O,534.0
314,Cc1cc(C2(c3cc(C)c(O)c(Br)c3)OS(=O)(=O)c3ccccc32)cc(Br)c1O,CO,502.0
1799,CC(C)(C)c1ccc(-c2nc3c4ccccc4c4ccccc4c3n2-c2ccc(C(C)(C)C)cc2)cc1,CN(C)C=O,391.0
327,Cc1ccc(C2=C3C=CC(C#Cc4ccccc4)=[N+]3[B-](F)(F)n3c(C#Cc4ccccc4)ccc32)cc1,CO,622.0
3757,COc1ccc(-c2c(-c3ccc(OC)cc3)c3c4c(cccc4c2-c2ccccc2)C(=O)c2ccccc2-3)cc1,CC#N,527.0
9174,c1ccc(-c2oc(-c3ccccc3)c3ccccc23)cc1,CCO,451.0
4204,CCN(CC)c1ccc(/N=N/c2nc3ccc([N+](=O)[O-])cc3s2)cc1,ClCCl,603.0
5850,O=S1(=O)c2ccc(-c3ccc(-n4c5ccccc5c5ccccc54)cc3)cc2C2(c3ccccc3-c3ccccc32)c2cc(-c3ccc(-n4c5ccccc5c5ccccc54)cc3)ccc21,CC(C)=O,443.8826185
6129,CCCCCCCCCCCCOc1cc2c(cc1OCCCCCCCCCCCC)C1=C3C(=O)N4C=Cc5cc(OCCCCCCCCCCCC)c(OCCCCCCCCCCCC)cc5C4=C3C(=O)N1C=C2,CN(C)C=O,602.0
5447,N#Cc1c(N2CCCCC2)cc(-c2ccccc2)c2c1-c1ccccc1C2=O,C1CCOC1,529.0
3129,CCOC(=O)c1sc(SC)c2c(=O)[nH]nnc12,CC#N,478.0
7440,CN(C)c1ccc(/C=C/C(=O)c2ccc(Cl)cc2)cc1,CCO,542.0
1996,C[Si](C)(C)[Si](c1ccc([Si]([Si](C)(C)C)([Si](C)(C)C)[Si](C)(C)C)s1)([Si](C)(C)C)[Si](C)(C)C,ClCCl,355.0
9113,Nc1ccc2c(c1)Cc1ccccc1-2,O,377.0
3968,C=CCOc1ccc(-c2nc3cc(C(NC(=O)OC(C)(C)C)C(=O)OC)ccc3o2)cc1,CC#N,333.0
9994,CCCCNc1ccc(NCCCC)c2c1C(=O)c1ccccc1C2=O,CCO,674.0
9701,CN1c2ccccc2C(O)(c2ccccc2)c2cc([N+](=O)[O-])ccc21,C1CCOC1,501.3
1973,FC(F)(F)c1ccc(/C2=C3/N=C(C(c4ccccc4)=C3c3ccccc3)/C(c3ccc(C(F)(F)F)cc3)=c3\[nH]/c(c(-c4ccccc4)c3-c3ccccc3)=C(/c3ccc(C(F)(F)F)cc3)C3=N/C(=C(/c4ccc(C(F)(F)F)cc4)c4[nH]c2c(-c2ccccc2)c4-c2ccccc2)C(c2ccccc2)=C3c2ccccc2)cc1,ClCCl,730.0
336,CCCCN(CCCC)c1ccc(C#Cc2cc(C#Cc3c(F)c(F)c(F)c(F)c3F)c(C#Cc3c(F)c(F)c(F)c(F)c3F)cc2C#Cc2ccc(N(CCCC)CCCC)cc2)cc1,c1ccccc1,505.0
2764,Cc1ccc(-c2ccc(/C=C/c3cccn3C)cn2)nc1,C1COCCO1,464.0
9702,CN1c2ccccc2C(O)(c2ccccc2)c2cc([N+](=O)[O-])ccc21,CC#N,557.0
275,CCCCCCCCCCCCOc1ccc(/C=N/c2ccc3[nH]c(OCCCCCCCCCCCC)nc3c2)c(O)c1,ClC(Cl)Cl,508.0
2985,CCN(CC)c1ccc([N+]2=Cc3ccc4c5c(ccc4c3O[B-]2(c2ccccc2)c2ccccc2)C=[N+](c2ccc([N+](=O)[O-])cc2)[B-](c2ccccc2)(c2ccccc2)O5)cc1,Cc1ccccc1,644.0
2686,CCN(CC)c1ccc2c(-c3ccccc3C(=O)[O-])c3ccc(=[N+](CC)CC)cc-3oc2c1,CC#N,579.0
4620,C[Si](C)(c1ccc(-c2nc3ccccc3n2-c2ccccc2)cc1)c1ccc(-c2nc3ccccc3n2-c2ccccc2)cc1,ClCCl,359.0
6531,O=[N+]([O-])c1ccc(-c2nc3c(c4c2-c2ccccc2CC4)-c2ccccc2CC3)cc1,CS(C)=O,563.0
3477,N#Cc1c(N2CCCCC2)cc(-c2ccc3ccccc3c2)c2c1Cc1ccccc1-2,C1CCOC1,465.0
11782,CN1C(=CC=Cc2nc3nc4ccccc4nc3s2)C(C)(C)c2ccccc21,CO,623.0
3558,CN(C)c1ccc(-c2nc3cnccc3[nH]2)cc1,C1COCCO1,376.0
5715,O=C(O)c1ccccc1Nc1cccc(C(F)(F)F)c1,ClC(Cl)Cl,426.0
2809,C(=C/c1ccc(Nc2ccccc2)cc1)\c1ccccc1,CCCCCC,378.0
11162,COc1ccc2c(c1)c1c(OC)c3ccccc3c(OC)c1n2C,CO,441.0
4861,CN(C)c1nc(N)nc2c1nc(C#N)n2Cc1ccccc1,C1COCCO1,373.0
2334,c1ccc(-c2cc(-c3ccc(N4c5ccccc5C5(c6ccccc64)c4ccccc4N(c4ccc(-c6cc(-c7ccccc7)nc(-c7ccccc7)n6)cc4)c4ccccc45)cc3)nc(-c3ccccc3)n2)cc1,O=P(c1ccccc1)(c1ccccc1)c1ccccc1Oc1ccccc1P(=O)(c1ccccc1)c1ccccc1,472.4759615
8898,CCCCc1cc(C=O)c2ccc3c(CCCC)cc(N4CCCCC4)c4ccc1c2c34,CC#N,576.0
5246,CCN(CC)c1ccc(/C=N/c2ccccc2/N=C/c2ccc(N(CC)CC)cc2O)c(O)c1,CN(C)C=O,573.0
3416,CC(=O)N(Cc1ccccn1)c1c2ccccc2c2c3c(cccc13)C(=O)N(Cc1ccccn1)C2=O,CCCCCC,486.0
307,Cc1cc(C2(c3cc(C)c(O)c(Br)c3)OS(=O)(=O)c3ccccc32)cc(Br)c1O,CC(C)=O,490.0
3908,Cc1ccc(C2=C3C=CC4=[N+]3[B-](F)(F)n3c2ccc3-c2ccc([nH]2)/C(c2ccc(C)cc2)=c2/cc/c(o2)=C(\c2ccc(C)cc2)c2ccc4[nH]2)cc1,ClC(Cl)Cl,703.0
9319,C(#Cc1ccccc1)C(C#Cc1ccccc1)=Cc1cccc(C=C(C#Cc2ccccc2)C#Cc2ccccc2)c1,ClC(Cl)Cl,413.0
348,CCCCN(CCCC)c1ccc(C#Cc2cc(C#Cc3ccc(C(F)(F)F)cc3)c(C#Cc3ccc(N(CCCC)CCCC)cc3)cc2C#Cc2ccc(C(F)(F)F)cc2)cc1,c1ccccc1,506.0
5918,O=C(O)c1ccc2cc3cc(C(=O)O)ccc3cc2c1,C1CCOC1,419.0
826,COc1ccc(/C=C/c2cc(/C=C/c3ccc(N(c4ccccc4)c4ccccc4)cc3)nc(/C=C/c3ccc(N(C)C)cc3)n2)cc1,CS(C)=O,485.0
5296,N#CC(C#N)=C(/C=C/c1cn(-c2ccccc2)nc1-c1ccccc1)c1ccccc1,CO,496.0
7243,N#CC(C#N)=Cc1cn(-c2ccccc2)nc1-c1ccccc1,CCOC(C)=O,427.0
11651,CCN(CC)c1ccc2ccc(=O)oc2c1,ClC(Cl)(Cl)Cl,412.0
9861,COc1cc2c(cc1-c1cccs1)Cc1c3c(c4c(c1-2)-c1cc(OC)c(-c2cccs2)cc1C4)C(=O)N(CCC(C)C)C3=O,C1CCOC1,505.0
4482,COc1ccccc1-n1nc(C#N)c(N2CCCC2)n1,CC#N,418.0
8999,Cc1cc(-c2ccc(-c3ccccc3)cc2)nc(-c2ccc(-n3c4ccccc4c4ccccc43)cc2)n1,ClC(Cl)Cl,416.0
3682,O=c1cc(C(F)(F)F)c2cc3c4c(c2o1)CCCN4CCC3,CC#N,521.0
8528,CCCCCCC(CCCCCC)N1C(=O)c2cccc3c(-c4ccc(-c5ccc(OC)cc5)cc4)ccc(c23)C1=O,ClC(Cl)Cl,492.2
10266,c1ccc(-c2nc(-c3cccc4ccccc34)n3ccccc23)cc1,CC#N,480.0
2053,CN(C)c1ccc(/C=C/c2ccc(C#N)cc2)cc1,CCOCC,475.0
10658,C1=Cc2ccccc2C(=Cc2ccc(-c3ccc(C=C4c5ccccc5-c5ccccc54)cc3)cc2)c2ccccc21,C1CCOC1,450.0
11787,N#Cc1c(N2CCCCC2)cc(-c2ccc(-c3ccccc3)s2)c2c1CCc1ccccc1-2,C1CCOC1,515.0
71,C[P+]1(c2ccccc2)c2ccccc2-c2sc3ccccc3c21,ClCCl,445.0
8257,N#Cc1cc(N)cc(C#N)c1,CCO,402.0
6855,COc1ccc(N(c2ccccc2)c2ccc(OC)cc2)cc1,Cc1ccccc1,387.0
11146,N#Cc1c2nc3ccccn3c2nc2nc3ccccn3c12,C1COCCO1,505.0
11679,CCNc1ccc2c(C(F)(F)F)cc(=O)oc2c1,CO,500.0
6751,Cn1c(/C=C/c2ccc(/C=C/c3nc4ccccc4[nH]3)cc2)[n+](C)c2ccccc21,CN(C)C=O,582.0
9292,CCCCc1c2ccccc2c(-c2ccc(-c3nc4cc(CC(NC(=O)OC(C)(C)C)C(=O)OC)ccc4o3)cc2)c2ccccc12,N#Cc1ccccc1,451.9998734
8786,O=P(c1ccccc1)(c1ccc(N2c3ccccc3Oc3ccccc32)cc1)c1ccc(N2c3ccccc3Oc3ccccc32)cc1,CC#N,540.9399773
11860,NS(=O)(=O)c1ccc(N2N=C(c3ccc(O)cc3)CC2c2ccc(Br)cc2)cc1,C1COCCO1,417.0
8239,CN(C)c1ccc(/C=C/C(=O)O)cc1,CCCCO,439.0
5356,O=P1(c2ccccc2)C(c2cc(C(F)(F)F)cc(C(F)(F)F)c2)=Cc2c3ccc4cccc5ccc(c6cc(-c7ccc(N(c8ccccc8)c8ccccc8)cc7)n1c26)c3c45,ClCCl,622.0
1666,CC(C)(C)c1ccc(C2=C(Br)C3=C(c4ccccc4)c4c(Br)c(-c5ccc(C(C)(C)C)cc5)c(-c5ccc(C(C)(C)C)cc5)n4[B-](F)(F)[N+]3=C2c2ccc(C(C)(C)C)cc2)cc1,ClCCl,619.0
7579,Cc1ccc([C@@H]2C[C@](O)(c3ccccn3)C[C@](O)(c3ccccn3)[C@H]2C(=O)c2ccc(N(c3ccccc3)c3ccccc3)cc2)cc1,CCO,511.0
5570,CCCCN1/C(=C\C=C\C=C\C2=[N+](CCCC)c3ccc4ccccc4c3C2(C)C)C(C)(C)c2c1ccc1ccccc21,CO,701.0
8724,CC(C)(C)NC1=C2C=CC=[N+]2[B-](F)(F)n2cccc21,CCOC(C)=O,498.0
52,CC1(C)CC(/C=C/c2cn(-c3ccccc3)nc2-c2ccccc2)=CC(=C(C#N)C#N)C1,CCO,564.0
8113,COCCOCCOc1cc(C=O)c(OCCOCCOC)cc1C=O,NC=O,458.0
6263,c1ccc(N2c3ccccc3Sc3cc(-c4cccc5nc6ccccc6cc45)ccc32)cc1,CC#N,504.0
1445,O=S(=O)(c1ccccc1)c1ccc(-c2ccc3c(c2)c2cc(-c4ccc(S(=O)(=O)c5ccccc5)cc4)ccc2n3-c2ccccc2)cc1,CCCCCC,377.0
7903,COc1ccc(-n2c3ccccc3c3cc(/C=C/C(=C(C#N)C#N)c4ccccc4)ccc32)cc1,CC#N,594.0
9463,CC(=O)O[B-]1(OC(C)=O)OC(/C=C/c2cccc3ccccc23)=CC(/C=C/c2cccc3ccccc23)=[O+]1,CS(C)=O,574.0
12164,CC(C)(C)c1ccc2c(c1)c1cc(C(C)(C)C)ccc1n2-c1nc2ccccc2nc1-n1c2ccc(C(C)(C)C)cc2c2cc(C(C)(C)C)ccc21,CCCCCC,488.6877828
1695,COc1cc(C2=CC3=C(c4c(C)cc(C)cc4C)c4cc(-c5cc(OC)c(OC)c(OC)c5)c(-c5cc(OC)c(OC)c(OC)c5)n4[B-](F)(F)[N+]3=C2c2cc(OC)c(OC)c(OC)c2)cc(OC)c1OC,C1CCCCC1,670.0
2892,c1ccc(N(c2ccccc2)c2ccc(-c3cccc4nc5ccccc5cc34)cc2)cc1,CCN(CC)CC,479.0
12259,CC1=[N+]2C(=C(Oc3cc(C)c4c(c3)CC[C@@](C)(CCC[C@H](C)CCC[C@H](C)CCCC(C)C)O4)c3ccc(C)n3[B-]2(F)F)C=C1c1cc2n(c1)[B-](F)(F)[N+]1=CC=CC1=C2c1c(C)cc(C)cc1C,CCOC(C)=O,662.0
1574,Oc1ccccc1/N=C/c1ccccc1Oc1ccccc1,Cc1ccccc1,411.0
9195,Cc1ccc(-c2ccc(-c3ccc(-c4ccc(-c5ccc(C)cc5)cc4)c(/C(=C(/c4ccccc4)c4cc(-c5ccc(-c6ccc(C)cc6)cc5)ccc4-c4ccc(-c5ccc(C)cc5)cc4)c4ccccc4)c3)cc2)cc1,C1CCOC1,498.0
3203,c1ccc2c(c1)-c1ccccc1C21c2ccccc2-c2cccnc21,CC1CCCO1,333.0
4405,COc1ccc2c(c1)[nH]c1c3[nH]c4cc(OC)ccc4c3c3nsnc3c21,ClCCl,540.0
1630,COC(=O)c1cc(=O)n(C)c2cc(-c3cc(OC)c(OC)c(OC)c3)sc12,ClCCl,485.0
10307,CN(C)c1ccc(/C=C/c2cc[n+](CCC[n+]3ccc(/C=C/c4ccc(N(C)C)cc4)cc3)cc2)cc1,CCO,601.0012681
1881,Cc1ccc(C(=O)/C=C2\C(=O)Nc3ccccc32)cc1,CC(C)O,411.0
12161,c1ccc2nc(-n3c4ccccc4c4ccccc43)c(-n3c4ccccc4c4ccccc43)nc2c1,Cc1ccccc1,503.0
5112,N#C/C(=C\c1cn(-c2ccccc2)nc1-c1ccccc1)c1nc2ccccc2s1,C1COCCO1,433.0
5708,O=C(O)c1ccccc1Nc1cccc(C(F)(F)F)c1,C1CCCCC1,406.0
5074,CCCCC1(c2ccccc2)Nc2c(-c3ccc(N(c4ccccc4)c4ccccc4)cc3)ccc(-c3ccc(N(c4ccccc4)c4ccccc4)cc3)c2N=C1c1ccccc1,CC#N,567.0
5509,CCCCCCCCC1(CCCCCCCC)c2cc(C#Cc3ccc(N(c4ccccc4)c4ccccc4)cc3)ccc2-c2ccc(C=O)cc21,Cc1ccccc1,441.0
10814,CC(C)(C)c1ccc(-c2cnc3cccc(-c4ccccc4)n23)cc1,ClCCl,479.0
12106,COc1cc2c(cc1/C=C(\C#N)c1nc3ccccc3s1)c1ccccc1n2C,ClC(Cl)Cl,504.0
848,OCC1O[C@@H](Cc2cc(O)cc(/C=C/c3ccc(O)c(O)c3)c2)[C@H](O)[C@@H](O)[C@@H]1O,CCCCO,385.0
2924,COc1ccc(-c2csc(/C(C#N)=C/c3ccc(C#N)cc3)n2)cc1,CC#N,561.0
8725,CC(C)(C)NC1=C2C=CC=[N+]2[B-](F)(F)n2cccc21,CO,491.0
8520,CSc1cc(-c2cc3cc4c5c(c3oc2=O)CCCN5CCC4)oc(=O)c1C#N,ClC(Cl)Cl,570.0
2877,COc1ccccc1C1=NC2c3cccc4cccc(c34)C2N1c1ccccc1,Cc1ccccc1,379.0
6367,FC(F)(F)c1ccc(-c2ccc(-c3cc(-c4ccccn4)nc(-c4ccccn4)c3)cc2)cc1,ClCCl,359.0
9921,COCCN1C(=O)/C(=C/c2cccc(N(C)C)c2)N=C1C,CC#N,632.0
186,CN(C)c1ccc(/C=C/c2cc(/C=C/c3ccc(N(C)C)cc3)nc(/C=C/c3ccc(N(C)C)cc3)n2)cc1,Cc1ccccc1,479.0
3779,c1ccc2cc(-n3cnc4ccccc43)ccc2c1,CO,377.0
1830,c1ccc(-c2nc(-c3ccccc3)nc(-c3ccc(N4c5ccccc5CCc5ccccc54)cc3)n2)cc1,Cc1ccccc1,422.2222222
7670,F[B-]1(F)OC(c2ccccc2)=Cc2cccc[n+]21,ClCCl,450.0
2959,F[B-]1(F)n2cccc2C(c2ccc(-c3c4ccccc4c(-c4ccccc4)c4ccccc34)cc2)=C2C=CC=[N+]21,CCCCCC,517.0
7185,CC(C)[Si](C#Cc1c2ccccc2c(C#C[Si](C(C)C)(C(C)C)C(C)C)c2nc3c(nc12)C1c2ccccc2C3c2ccccc21)(C(C)C)C(C)C,CCCCCC,464.0
11325,CC1(C)c2ccccc2N(c2ccc3c(c2)-c2cc(N4c5ccccc5C(C)(C)c5ccccc54)ccc2P3(=O)c2ccccc2)c2ccccc21,c1ccc2c(c1)c1ccccc1n2-c1ccc(-c2ccc(-n3c4ccccc4c4ccccc43)cc2)cc1,501.0
9431,CC(=O)c1ccc(-c2ccc3c(c2)C(=O)c2cc(-c4ccc(C(C)=O)cc4)ccc2-3)cc1,C1CCOC1,375.0
6904,CN(C)c1ccc(/C=C/c2nc3ccc(N(C)C)cc3oc2=O)cc1,Cc1ccccc1,567.0
5446,CCCCn1c2ccccc2c2c1c1c3ccccc3n(CCCC)c1c1c3ccccc3n(CCCC)c21,C1CCOC1,396.0
6587,Cc1ccc2ccc3c(c2n1)N/C(=C\C1=C([O-])/C(=C/C2=[NH+]c4c(ccc5ccc(C)nc45)C2(C)C)C1=O)C3(C)C,CC#N,705.0
1234,CC1=NN(c2ccccc2)C(=O)/C1=C/c1cn(-c2ccccc2)nc1-c1ccccc1,ClCCl,436.0
9634,c1ccc(-c2c3ccccc3cc3ccccc23)cc1,C1CCOC1,394.0
10249,CCCCc1cc(-c2cccc(COC)c2)oc1-c1cccc(-c2oc(-c3cccc(COC)c3)cc2CCCC)c1,ClC(Cl)Cl,371.0
3915,c1ccc(-c2nc(-c3ccccc3)nc(-c3ccc(-n4c5ccccc5c5c6c(ccc54)C4(c5ccccc5-c5ccccc54)c4ccccc4-6)cc3)n2)cc1,C1CCOC1,488.1944444
446,CN(C)c1ccc(C2=Nc3scc(-c4ccc(N(C)C)cc4)[n+]3[B-](F)(F)O2)cc1,Cc1ccccc1,518.0
9100,CCC1(CC)c2cc(C=O)ccc2-c2ccc(N(C)C)cc21,CS(C)=O,532.0
5839,COc1ccc(N(c2ccc(OC)cc2)c2cc(N(c3ccc(OC)cc3)c3ccc(OC)cc3)c3ccc4cc(C(C)(C)C)cc5ccc2c3c54)cc1,ClCCl,525.0
844,OCC1O[C@@H](Cc2cc(O)cc(/C=C/c3ccc(O)c(O)c3)c2)[C@H](O)[C@@H](O)[C@@H]1O,C1CCOC1,375.0
5201,c1cc2ccc3cccc4c(-c5cc(-c6nccs6)nc(-c6nccs6)c5)cc(c1)c2c34,CO,483.0
10775,CCCCCCCCc1ccc(-c2c3cc(-c4cc(CCCCCCCC)c(-c5ccc(-c6sc(/C=C7\SC(SCC)=NC7=O)cc6CCCCCCCC)s5)s4)sc3c(-c3ccc(CCCCCCCC)s3)c3cc(-c4cc(CCCCCCCC)c(-c5ccc(-c6sc(/C=C7\SC(SCC)=NC7=O)cc6CCCCCCCC)s5)s4)sc23)s1,ClC(Cl)Cl,653.0
8437,CC(C)(C)c1ccc(-c2nc3c4ccc(-c5ccc6ccc7cccc8ccc5c6c78)cc4c4cc(-c5ccc6ccc7cccc8ccc5c6c78)ccc4c3n2-c2ccc(C(C)(C)C)cc2)cc1,CCOC(C)=O,440.0
12122,CCCCCCC(CCCCCC)N1C(=O)c2cccc3c(-c4ccc(OC)cc4)ccc(c23)C1=O,CCCCCCCCCCCO,476.4
10537,O=C1c2ccccc2-c2ccc(Nc3nc(Cl)nc(Cl)n3)c3cccc1c23,CC#N,526.8703899
8168,CN(C)CCNc1ccc([N+](=O)[O-])cc1[N+](=O)[O-],CCO,394.0
2440,CCCCCCN(c1ccccc1)c1ccc(/C=C/c2cc(=O)oc3cc(C)ccc23)cc1,ClC(Cl)Cl,544.0
3103,O=C1c2ccccc2C2=C(c3ccccn3)NN=C(c3ccccn3)C2c2ccccc21,CC#N,547.0
10519,C[Si]1(C)c2ccccc2-c2[se]c3cc4c5c([se]c4cc3c21)-c1ccccc1[Si]5(C)C,C1CCOC1,420.0
4774,CC1(C)c2ccccc2-c2cc3c(cc21)N(c1ccc(-c2nc(-c4ccc(N5c6ccccc6C(c6ccccc6)(c6ccccc6)c6cc7c(cc65)C(C)(C)c5ccccc5-7)cc4)nc(-c4ccc(N5c6ccccc6C(c6ccccc6)(c6ccccc6)c6cc7c(cc65)C(C)(C)c5ccccc5-7)cc4)n2)cc1)c1ccccc1C3(c1ccccc1)c1ccccc1,Cc1ccccc1,515.0
8354,C[C@]12C(=O)NC(=O)N([C@H]3CC(O)[C@@H](CO)O3)[C@H]1[C@H]1Oc3cc4oc(=O)ccc4cc3[C@H]12,CCOCC,410.0
6974,c1csc(-c2cnc(-c3cccs3)c3nonc23)c1,CCCO,611.0
6094,COC(=O)c1ccc(C#Cc2ccccc2)cc1,CCCCCCCCCCCCCCCCCl,327.0004251
1294,Clc1ccccc1N1c2sc3ccccc3c2Sc2c1sc1ccccc21,ClCCl,541.0
7669,CN(C)c1ccc(C2=Cc3cccc[n+]3[B-](F)(F)O2)cc1,ClC(Cl)Cl,490.0
5518,C(=C/c1ccc(-c2ccc(/C=C/c3ccc(-n4c5ccccc5c5ccccc54)cc3)s2)s1)\c1ccc(-n2c3ccccc3c3ccccc32)cc1,C1CCOC1,528.0
11778,CC(=O)c1ccn2c3c(c(-c4ccc(N)cc4)c2c1)CN(CCCNC(=O)OC(C)(C)C)C3=O,CO,546.0
5067,O=C1/C(=C2\Sc3ccccc3C2=O)Sc2ccccc21,CS(C)=O,614.0
3442,CN1/C(=C/C=C(/C=C/C2=[N+](C)c3ccccc3C2(C)C)c2ccc(F)cc2)C(C)(C)c2ccccc21,CS(C)=O,669.0
11134,O=S(=O)(c1ccc(N(c2ccccc2)c2ccccc2)cc1)c1ccc(S(=O)(=O)c2ccc(N(c3ccccc3)c3ccccc3)cc2)cc1,Cc1ccccc1,451.0
9458,c1ccc(-c2ccc3c(c2)c2cc(-c4ccccc4)ccc2n3-c2ccc3c(c2)c2cc(-n4c5ccc(-c6ccccc6)cc5c5cc(-c6ccccc6)ccc54)ccc2n3-c2ccc(-c3nc(-c4ccccc4)nc(-c4ccccc4)n3)cc2)cc1,Cc1ccccc1,457.0
11399,C[N+]1=C(/C=C/C=C2/N(CCC[N+](C)(C)C)c3ccc(Br)cc3C2(C)C)C(C)(C)c2ccccc21,CS(C)=O,568.0
2837,Cn1c(=O)c(/N=N/c2cc(S(=O)(=O)O)ccc2C(=O)O)c(O)c2ccccc21,CO,532.0
776,N#Cc1c(N2CCCCC2)cc(-c2ccc(O)cc2)c2c1-c1cccc3cccc-2c13,CCO,548.0
11914,COc1ccc2c(c1)[n+]([O-])nc(N)[n+]2[O-],O,542.0
11384,CC1(C)CCc2c(c3ccccc3c3nc4c5c(c6ccccc6c4nc23)OC(C)(C)CC5)O1,CN(C)C=O,477.0992366
6324,C(#Cc1cccc(C#Cc2ccc(-n3c4ccccc4c4ccccc43)cc2)c1)c1ccc(-n2c3ccccc3c3ccccc32)cc1,ClC(Cl)Cl,368.0
2153,CC1=[N+]2C(=C(c3ccccc3)c3c4c(c(C)n3[B-]2(F)F)CCc2ccccc2-4)C2=C1CCc1ccccc12,CC#N,612.0
5558,CCCCN1/C(=C\C=C\C=C\C2=[N+](CCCC)c3ccc4cc(Br)ccc4c3C2(C)C)C(C)(C)c2c1ccc1cc(Br)ccc21,CC#N,701.0
4920,CCCCCCCCCCCCN1C(=O)c2cccc3c(N(Cc4ccccn4)Cc4ccccn4)c4ccccc4c(c23)C1=O,C1CCOC1,583.0
10663,CC1(C)c2ccccc2N(c2ccc3c(c2)C(C)(C)c2cc(N4c5ccccc5C(C)(C)c5ccccc54)ccc2S3(=O)=O)c2ccccc21,Cc1ccccc1,452.5402047
8106,COCCOCCOc1cc(C=O)c(OCCOCCOC)cc1C=O,CCO,464.0
11641,CCN(CC)c1ccc2ccc(=O)oc2c1,CC(C)=O,430.0
11025,O=C(O)c1cc2c(ccc3ccccc32)oc1=O,CC#N,446.0
3136,CCOC(=O)c1sc(SC)c2c(=O)n(C)nnc12,CCO,501.0
10322,N#Cc1cc(/C=C/c2ccc(/C=C/c3ccc(N(c4ccccc4)c4ccccc4)cc3)c(C#N)c2)ccc1/C=C/c1ccc(N(c2ccccc2)c2ccccc2)cc1,ClCCl,577.0
5462,CCC(C)(C)c1ccc2c(c1)C(CCOC)(CCOC)c1cc(-c3ccc(-c4ccc5c(c4)C(CCOC)(CCOC)c4cc(C(C)(C)CC)ccc4-5)cc3)ccc1-2,C1CCCCC1,380.0
8925,CCOC(=O)CN(CC(=O)OCC)c1ccc(-c2cc(-c3cccnc3)nc(-c3cccnc3)c2)cc1,CN(C)C=O,442.0
9930,CC1=N/C(=C\c2cc(N(C)C)ccc2C#N)C(=O)N1C,CCCCCC,492.0
3183,CN(C)c1ccc(-c2ccc(-c3nc(C#N)c(C#N)n3C)cc2)cc1,ClC(Cl)Cl,464.0
11942,c1ccc2c(c1)[nH]c1cccnc12,C1CCCCC1,341.0
7522,COc1cc(OC)cc(C2=C3C(C)=C(I)C(/C=C/c4ccsc4)=[N+]3[B-](F)(F)n3c(/C=C/c4ccsc4)c(I)c(C)c32)c1,CS(C)=O,692.0
1943,O=C1Nc2ccccc2/C1=C/C(=O)c1ccccc1,CCCCO,411.0
9751,CC[n+]1ccc(/C=C/c2cc3cccc4ccc5cccc2c5c43)cc1,CS(C)=O,616.0
3199,CN(C)c1ccc2c3c(ccc2c1)CCCC3=O,ClCCl,511.0
9297,CCCCc1c2ccccc2c(-c2ccc(-c3nc4cc(CC(NC(=O)OC(C)(C)C)C(=O)OC)ccc4o3)cc2)c2ccccc12,C1COCCO1,424.4986671
1289,Cc1cc(C)c(B(c2cc3ccc4cccc5ccc(c2)c3c45)c2c(C)cc(C)cc2C)c(C)c1,Cc1ccccc1,434.0
4581,CC1=C(Cc2ccccc2)C(C)=[N+]2C1=C(C)c1c(C)c(-c3csc(N4CCOCC4)n3)c(C)n1[B-]2(F)F,C1COCCO1,602.0
6335,CC1=[N+]2C(=c3c4c5ccccc5cc5cccc(c6cc(C)n(c36)[B-]2(F)F)c54)C=C1,CS(C)=O,639.0
2500,COc1ccc2c(c1)c1c(c3cc(OC)ccc32)=[N+]2C(=C(c3c(C)cc(C)cc3C)c3cc4c5cc(OC)ccc5c5ccc(OC)cc5c4n3[B-]2(F)F)C=1,Cc1ccccc1,717.0
11663,CCNc1cc2oc(=O)cc(C(F)(F)F)c2cc1C,CC#N,481.0
10945,CCN(CC)c1ccc2cc(-c3ccc(C(F)(F)F)cc3)oc(=O)c2c1,CC(C)=O,454.0
11704,CN(C)c1ccc(C#Cc2ccc(C#Cc3ccc(C#Cc4ccccc4C#N)cc3C#N)cc2C#N)cc1,CC#N,682.0
9137,CN(C)c1ccc2c(c1)Cc1ccccc1-2,CO,371.0
4106,N#Cc1c(-c2ccc(Br)cc2)cc(-c2ccc(Br)cc2)[nH]c1=O,CO,448.0
7542,BrC1=CN2C[n+]3cc(Br)c4ccccc4c3N=C2c2ccccc21,CO,502.0
4126,CN(C)c1ccc(-c2c(/C=C3/C=Cc4ccccc4N3C)c(=O)c2=O)cc1,C1CCCCC1,427.0
10046,CN(C)c1ccc(/C=C/c2nc3ccc(Br)cc3nc2-c2ccccc2)cc1,CC#N,648.0
6933,Clc1nc(Nc2ccccc2)nc(Nc2ccc3c4cccc5cccc(c6cccc2c63)c54)n1,CCOC(C)=O,475.0
11665,COc1c(C(C)=O)c(=O)oc2cc(N(C)C)ccc12,ClCCl,419.0
11683,CCCCCCCCCCn1nnc(-c2ccc(C#Cc3ccc(C#Cc4ccc(-c5nnn(CCCCCCCCCC)n5)cc4)c4nc5c6ccccc6c6ccccc6c5nc34)cc2)n1,ClCCl,502.0
3966,CCN(CC)c1ccc(-c2nc3cc(C(NC(=O)OC(C)(C)C)C(=O)OC)ccc3o2)c(O)c1,CC1CCCCC1,389.0
1879,Cc1ccc(C(=O)/C=C2\C(=O)Nc3ccccc32)cc1,CC#N,409.0
10405,CN1CCc2cc(C3=Cc4cccc[n+]4[B-](F)(F)O3)ccc21,ClC(Cl)Cl,515.0
11397,N#Cc1c(N2CCCCC2)cc(-c2ccc(Br)cc2)c2c1CCc1ccccc1-2,C1CCOC1,468.0
9379,Cc1oc2c(Cl)cc3c(C)cc(=O)oc3c2c1C,CCO,440.0
5457,CCCCCCCCCc1csc2cc(-c3cc(-c4cc5scc(CCCCCCCCC)c5s4)c4ccc5c(-c6cc7scc(CCCCCCCCC)c7s6)cc(-c6cc7scc(CCCCCCCCC)c7s6)c6ccc3c4c65)sc12,ClC(Cl)Cl,490.0
8658,CC1=CC(C)=[N+]2C1=Cc1cccn1[B-]2(F)F,CCCCCC,504.0
3587,CSc1ccc2c(c1)N(CCCN(C)C)c1ccccc1S2,CC#N,460.0
10774,O=C(c1ccc(N2c3ccccc3Oc3ccccc32)cc1)c1ccc(N2c3ccccc3Oc3ccccc32)cc1,c1cc(-n2c3ccccc3c3ccccc32)cc(-n2c3ccccc3c3ccccc32)c1,538.0
3865,Cc1cc(C)n2c1C=C1c3ccccc3C(c3[nH]c4ccccc4c3C)=[N+]1[B-]2(F)F,CC#N,623.0
2148,O=P(c1ccccc1)(c1ccccc1)c1ccc(N2c3ccccc3Oc3ccccc32)cc1,ClCCl,467.0441676
4131,CCN1/C(=C\c2c(-c3ccc(N(C)C)cc3)c(=O)c2=O)C=Cc2ccccc21,ClCCl,588.0
1036,CC(C)(C)c1ccc2c(c1)sc1[n+]2[B-](F)(F)n2c(c3cccc4c(Br)ccc2c43)=C1C#N,ClCCl,560.0
636,CNCCCC1c2ccccc2C=Cc2ccccc21,O,360.0
11682,CCCCCCCCCCn1nnc(-c2ccc(C#Cc3ccc(C#Cc4ccc(-c5nnn(CCCCCCCCCC)n5)cc4)c4nc5c6ccccc6c6ccccc6c5nc34)cc2)n1,Cc1ccccc1,488.0
7216,c1ccc(-c2nc(-c3ccc(N4c5ccccc5C(c5ccccc5)(c5ccccc5)c5ccccc54)cc3)cc(-c3ccc(N4c5ccccc5C(c5ccccc5)(c5ccccc5)c5ccccc54)cc3)n2)cc1,Cc1ccccc1,456.0
3611,CCOC(=O)CCCCCn1c2ccccc2c(=O)c2cc3c(cc21)c(=O)c1ccccc1n3CC,CO,550.0
4134,CCCCN1/C(=C\c2c(-c3ccc(N(C)C)cc3)c(=O)c2=O)C=Cc2ccccc21,ClCCl,585.0
8076,COCCOc1ccc(OCCOC)c(C=O)c1,O,483.0
1083,CC1(C)c2ccccc2N(c2ccc3c(c2)c2cc(N4c5ccccc5C(C)(C)c5ccccc54)ccc2c2nc4ccccc4nc32)c2ccccc21,c1cc(-c2cccc(-n3c4ccccc4c4ccccc43)c2)cc(-n2c3ccccc3c3ccccc32)c1,565.0
6711,CCCCOc1c(Br)cc2cc(Br)c(OCCCC)c3c4c(OCCCC)c(Br)cc5cc(Br)c(OCCCC)c(c1c23)c54,ClCCl,489.0
861,CCc1c(C)[nH]c(C2=[N+]3C(=Cc4c(C)c(CC)c(C)n4[B-]3(F)F)c3ccccc32)c1C,C1CCOC1,644.0
5212,O=C1CC(c2ccc(C(F)(F)F)cc2)c2c(c3ccccc3c3nc4ccccc4nc23)O1,ClC(Cl)Cl,433.0
903,Cc1cc(C)n2c1C=C1c3ccccc3C(c3ccc[nH]3)=[N+]1[B-]2(F)F,C1CCOC1,620.0
191,CN(C)c1ccc(/C=C/c2cc(/C=C/c3ccc(N(C)C)cc3)nc(/C=C/c3ccccc3)n2)cc1,CCCCCCC,453.0
109,Cc1ccc(N(c2ccc(C)cc2)c2ccc3c4cccc5c(N(c6ccc(C)cc6)c6ccc(C)cc6)ccc(c6cccc2c63)c54)cc1,ClCCl,568.0
6026,CN(C)c1ccc(C#Cc2ccc(C#N)cc2)cc1,CC(C)CC(C)(C)C,379.99696
4455,COc1cc(OC)cc(C2=[O+][B-](F)(F)OC(c3cccs3)=C2)c1,Cc1ccccc1,502.2456576
1942,O=C1Nc2ccccc2/C1=C/C(=O)c1ccccc1,CCCCCC,374.0
8000,CCOC(=O)/C=C/c1ccc(N(C)C)cc1,c1ccccc1,407.0
4331,CN(C)c1ccc(C(=O)Nc2cccc(Cl)c2)cc1,CCOCC,445.0
10850,CCOC(=O)C1=C(N)n2c(=O)c3ccccc3c(=O)n2C1c1ccc([N+](=O)[O-])cc1,CS(C)=O,510.0
10466,F[Si-](F)(c1c2ccccc2cc2ccccc12)(c1c2ccccc2cc2ccccc12)c1c2ccccc2cc2ccccc12,C1CCOC1,396.0
5927,CN(C)CCNCc1c2ccccc2cc2ccccc12,CO,388.0
2040,COc1ccc(/C=C/c2ccccc2)cc1OC,C1CCCCC1,372.0
10294,O=c1oc2ccccc2cc1-c1nc2ccccc2o1,CC1CCCCC1,438.0
9190,O=Cc1cc(C=O)c2ccc3c(N4CCCCC4)cc(N4CCCCC4)c4ccc1c2c43,CO,613.0
9836,CCCCCCOc1cc(/C=C/c2cc(OCCCCCC)c(/C=C/c3cc(OCCCCCC)c(/C=C4\C(=O)c5ccccc5C4=C(C#N)C#N)cc3OCCCCCC)cc2OCCCCCC)c(OCCCCCC)cc1/C=C1\C(=O)c2ccccc2C1=C(C#N)C#N,ClCCl,765.0
4878,COC(=O)c1nc2c(N)nc(N(C)C)nc2n1Cc1ccccc1,CC#N,414.0
4659,COc1ccc(-c2c3nc(cc4ccc([nH]4)c(-c4ccc(OC)c(OCCCC(=O)O)c4)c4nc(cc5ccc2[nH]5)C=C4)C=C3)cc1OCCCC(=O)O,CS(C)=O,639.0
8395,COC(=O)C(Cc1ccc2oc(-c3ccc4c(c3)c3ccccc3n4-c3ccccc3)nc2c1)NC(=O)OC(C)(C)C,Cc1ccccc1C,379.5066414
5001,CCCCCCOc1cc(N(CC)CC)ccc1/C=C(\C#N)c1ccc(/C=C/C(=C(C#N)C#N)c2ccc3c(c2)c2ccccc2n3CC)s1,ClCCl,742.0
2775,Cc1cccc2[n+]1[B-](c1ccccc1)(c1ccccc1)c1cccc3c4c5c(cccc5c-2c13)[B-](c1ccccc1)(c1ccccc1)[n+]1c(C)cccc1-4,ClCCl,611.0
7525,Nc1ccc(/C=C/c2ccc3ccccc3c2)cc1,CCCCCC,392.0
4145,O=c1cc(COc2ccc(I)cc2)c2c(ccc3ccccc32)o1,CCOC(C)=O,415.0
2323,CN(C)CCN(Cc1c2ccccc2c(CN(CCN(C)C)c2ccc([N+](=O)[O-])cc2[N+](=O)[O-])c2ccccc12)c1ccc([N+](=O)[O-])cc1[N+](=O)[O-],CC(C)=O,387.0
762,CN(c1ccccc1)c1ccc(/C=C2\C(=O)c3ccccc3S2(=O)=O)cc1,C1CCOC1,532.0
5921,CN(C)CCNCc1c2ccccc2cc2ccccc12,C1CCCCC1,388.0
2617,O=C1c2ccccc2-c2c(-c3cccc(Cl)c3O)[nH]c(=O)n21,CC#N,476.0
2411,CN(C)C(=O)c1ccc(-c2nc3ccc(N(C)C)cc3s2)cc1,CS(C)=O,534.0
1094,COc1ccc(-n2nc(C#N)c(N3CCCCCC3)n2)cc1,CC#N,413.0
6065,CN(C)c1ccc(C#Cc2ccccc2)cc1,CCCCCCCCCCCCCCCCCl,360.4902668
7265,Nc1ccc2c(c1)C(=O)N(C13C[C@H]4C[C@@H](C1)C[C@@H](C3)C4)C2=O,CCOC(C)=O,454.0
1546,Oc1ccc(/N=C/c2ccccc2Oc2ccccc2)cc1,CCO,415.0
4589,COc1cc2c(cc1C=C(C#N)C#N)c1ccccc1n2C,CCOC(C)=O,470.0
6034,CN(C)c1ccc(C#Cc2ccc(C#N)cc2)cc1,CO,547.0160276
11602,COc1cc(OC)c2ccc(=O)oc2c1,CC(C)O,417.0
7517,CSc1sc(C(=O)c2ccccc2)c2nn[nH]c(=O)c12,CCO,489.0
6953,CC1=CC(/C=C/c2ccc(N(C)C)cc2)=[N+]2C1=C(c1ccc(I)cc1)c1c(C)cc(/C=C/c3ccc(N(C)C)cc3)n1[B-]2(F)F,CC#N,768.0
3135,CCOC(=O)c1sc(SC)c2c(=O)n(C)nnc12,CC#N,484.0
3856,O=S(=O)(/N=c1\oc2cccc3c4c(-c5ccccc5)oc5cccc(c(c1-c1ccccc1)c23)c54)C(F)(F)F,ClCCl,569.0
5040,COC(=O)[C@H](Cc1ccc2oc3c(c2c1)=CC1=C(c2ccc(OC)cc2)c2cc4c5cc(C[C@H](NC(=O)OC(C)(C)C)C(=O)OC)ccc5oc4n2[B-](F)(F)[N+]=31)NC(=O)OC(C)(C)C,C1CCCCC1,596.5
7435,COc1ccc(/C=C/C(=O)c2ccccc2O)cc1OC,CN(C)C=O,473.0
11293,COC1=C/C(=C\C=C2C=CN(Cc3ccc(Br)cc3)C=C2)C=CC1=O,CN(C)P(=O)(N(C)C)N(C)C,670.0
5428,C=C(C)C(CN1C(=O)c2cccc3cccc(c23)C1=O)OO,CCO,372.0
6523,N#Cc1ccc2c(c1)CCc1nc(-c3ccc([N+](=O)[O-])cc3)c3c(c1-2)CCc1cc(C#N)ccc1-3,CC#N,525.0
6419,F[B-]1(F)OC(c2ccc(N3CCCC3)cc2)=Cc2cccc[n+]21,ClC(Cl)Cl,496.0
9453,CC(C)(C)c1ccc(-c2nc3c4ccc(-c5ccc6ccccc6c5)cc4c4cc(-c5ccc6ccccc6c5)ccc4c3n2-c2ccc(C(C)(C)C)cc2)cc1,Cc1ccccc1,397.0
3805,C#CCn1c2ccccc2c2cc(/C=C/C3=[N+]4C(=C(c5ccc(I)cc5)c5c(C)c(Cl)c(/C=C/c6ccc7c(c6)c6ccccc6n7CC#C)n5[B-]4(F)F)C(C)=C3Cl)ccc21,ClC(Cl)Cl,730.0
884,CCc1c(C)c2n(c1C)[B-](F)(F)[N+]1=C(c3ccc[nH]3)c3ccccc3C1=C2C,ClCCl,629.0
2654,CC(=O)[B-]1(C(C)=O)OC(C)=CC(c2ccc3ccccc3c2)=[O+]1,ClC(Cl)(Cl)Cl,400.0
10439,COC(=O)c1cc(=O)n(C)c2cc(-c3cc4c5c(c3)CCCN5CCC4)sc12,CN(C)C=O,509.0
7988,CCOC(=O)/C=C/c1ccc(N(C)C)cc1,C1CCOC1,422.0
8689,CCC1=C(C)C2=Cc3cccn3[B-](F)(F)[N+]2=C1C,CCOC(C)=O,516.5
6774,Cc1cc(C(F)(F)F)nc2c1ccc1nc(-c3ccc(F)c(F)c3)cn12,Cc1ccccc1,451.0
10763,CCOC(=O)c1c2c3c(ccc(OC)c3c3cc4c(cc13)[Si](C)(C)O[Si]4(C)C)N(C)C2=O,CC#N,418.0
11303,CN1CCN(c2ccc3c4c(cccc24)C(=O)c2ccccc2-3)CC1,CCOC(C)=O,595.0
464,c1ccc2c(-c3cc(-c4nccs4)nc(-c4nccs4)c3)cccc2c1,CO,422.0
1257,O=C1c2ccccc2-c2ccc(N3CCOCC3)c3cccc1c23,CO,661.0
9676,N#C/C(=C\C=C\c1ccccc1)c1ccccc1,C1CCOC1,422.0
2259,CCn1c(-c2ccc(-c3ccc(-c4ccc(-c5n(CC)c6cc(C)ccc6[n+]5CC)cc4)cc3)cc2)[n+](CC)c2ccc(C)cc21,O,397.0
4274,CC(C)[Si](C#Cc1c2cc3ccccc3cc2c(C#C[Si](C(C)C)(C(C)C)C(C)C)c2nc3c(ccc4ccccc43)nc12)(C(C)C)C(C)C,CCCCCC,661.0
7074,O=C1c2ccccc2-c2ccc(N3CCN(c4ccccc4)CC3)c3cccc1c23,C1CCOC1,583.0
5192,COc1cc(OC)cc(-c2nnc(-c3cccc(-c4nnc(-c5cc(OC)cc(OC)c5)o4)c3)o2)c1,ClCCl,374.0
5630,CCCCCCCCC1(CCCCCCCC)c2cc(-c3ccc(C=C4C(=O)c5ccccc5C4=O)cc3)ccc2-c2ccc(-c3ccc(C=C4C(=O)c5ccccc5C4=O)cc3)cc21,CS(C)=O,596.0
11879,C[Si]1(C)c2ccc(-c3ccc(N(c4ccccc4)c4ccccc4)cc3)cc2C=Cc2cc(-c3ccc(N(c4ccccc4)c4ccccc4)cc3)ccc21,ClCCl,447.0
6231,CCOC(=O)/C(C#N)=C\c1ccc2c(c1)c1ccccc1n2-c1ccc(C)cc1,CO,495.0
7382,CC(C)(C)c1cc(-c2ccc(-c3cc(C(C)(C)C)cc(C(C)(C)C)c3)cc2)cc(C(C)(C)C)c1,C1COCCO1,349.0
5300,N#CC(C#N)=C(/C=C/c1cn(-c2ccccc2)nc1-c1ccccc1)c1ccccc1,ClCCl,489.0
2202,COc1ccc(C2=Cc3ccccc3[Si]2(c2ccccc2)c2ccccc2)cc1,ClCCl,418.0
10935,CS(=O)(=O)c1ccc(-c2cc3ccc(N)cc3c(=O)o2)cc1,CO,473.0
10121,CC1=CC(C)=[N+]2C1=Cc1ccc(CCC(=O)ON3C(=O)CCC3=O)n1[B-]2(F)F,CO,510.0
1262,O=C1c2ccccc2-c2ccc(N3CCOCC3)c3cccc1c23,c1ccccc1,562.0
8081,COCCOCCOCCOc1ccc(OCCOCCOCCOC)c(C=O)c1,CC(C)(C)O,444.0
7212,CCCCCCCCN1c2ccc(C#Cc3ccc(OC)cc3)cc2Sc2cc(C=O)ccc21,CO,464.0
975,CCC1(CC)c2cc(/C=C/c3cc(Br)c(/C=C/c4ccc5c(c4)C(CC)(CC)c4cc(N6c7ccccc7Sc7ccccc76)ccc4-5)cc3Br)ccc2-c2ccc(N3c4ccccc4Sc4ccccc43)cc21,Cc1ccccc1,515.0
8790,O=P(c1ccccc1)(c1ccc(N2c3ccccc3Oc3ccccc32)cc1)c1ccc(N2c3ccccc3Oc3ccccc32)cc1,O=P(c1ccccc1)(c1ccccc1)c1ccccc1Oc1ccccc1P(=O)(c1ccccc1)c1ccccc1,476.0
5866,CC(C)[Si]1(C(C)C)c2cc(C=O)ccc2-c2ccc(N(C)C)cc21,CCOCC,449.0
4925,F[B-]1(F)n2c(NCc3ccccc3)ccc2C(c2c(Cl)cccc2Cl)=C2C=CC(NCc3ccccc3)=[N+]21,CC#N,590.0
941,CN(C)c1ccc(/C=C/C=C2\CCCC2=O)cc1,CC(C)O,585.0
5263,O=C(O)c1c2ccccc2nc2ccccc12,CCO,421.0
6582,CCCCC1(c2ccccc2)Nc2c(-c3ccc(N(C)c4ccccc4)cc3)ccc(-c3ccc(N(C)c4ccccc4)cc3)c2N=C1c1ccccc1,ClC(Cl)Cl,589.0
4723,O=C1CCCc2c1[nH]c1cc3c(cc21)OCO3,C1CCOC1,403.8414184
2387,Nc1cc(N)cc(-c2nc3ccccc3s2)c1,CCOCC,457.0
11929,Cc1nc2c(ccc3c2sc(/C=C/c2ccc(N4CCN(C)CC4)cc2)[n+]3C)s1,ClC(Cl)Cl,603.0
5021,O=Cc1ccc(C2=C3C=c4c(oc5ccccc45)=[N+]3[B-](F)(F)n3c2cc2c4ccccc4oc23)cc1,C1CCCCC1,612.0
7129,CCOC(=O)COc1ccccc1C(c1c(C)[nH]c2ccccc12)c1c(C)[nH]c2ccccc12,CC#N,348.0
4391,O=Cc1cc(N2CCCCC2)c2ccc3c(N4CCCCC4)cc(N4CCCCC4)c4ccc1c2c43,CC#N,596.0
5148,COc1ccc(-c2csc(-c3ccncc3)n2)cc1,CS(C)=O,455.0
10242,O=C1NC(=O)c2c1c1c3ccccc3[nH]c1c1[nH]c3ccccc3c21,CC(C)OC(C)C,450.0
6803,COc1cccc(-n2c(-c3ccc(O)cc3)nc(C)c2C)c1,CCO,372.0
3221,N#CC(C#N)=C(/C=C/c1ccc(N(c2ccccc2)c2ccc(/C=C/C(=C(C#N)C#N)c3ccccc3)cc2)cc1)c1ccccc1,ClCCl,588.0
3882,C[N+](C)=c1ccc2c(-c3ccccc3C(=O)[O-])c3ccc4cc([O-])ccc4c3oc-2c1,O,627.0
6055,CN(C)c1ccc(C#Cc2ccccc2)cc1,C1COCCO1,372.4949713
11572,CCN(CC)c1ccc2c(C)cc(=O)oc2c1,CC#N,430.0
1610,COC(=O)c1cc(=O)n(C)c2cc(-c3ccc(OC)cc3)sc12,CO,484.0
10228,CC1(C)Cc2c(c3ccccc3c3nc4c5c(c6ccccc6c4nc23)OC(C)(C)C5)O1,ClC(Cl)Cl,512.0327701
8744,CC1=C(C(C)(C)C)C(C)=[N+]2C1=C(C)c1c(C)c(C(C)(C)C)c(C)n1[B-]2(F)F,CN(C)C=O,565.4
3875,c1cc2c3c(cccc3c1)C(N1CCOCCOCCOCCOCC1)=N2,CC#N,590.0
5953,Cc1cc(C)c(-c2nnc(-c3ccc(-n4c5ccccc5c5ccccc54)c(C)c3)o2)c(C)c1,CCO,440.0
2789,CCCCCCOc1ccc(C#Cc2ccc(C#Cc3ccc(OCCCCCC)c(OCCCCCC)c3)c3nsnc23)cc1OCCCCCC,COc1ccccc1,561.0
944,CN(C)c1ccc(/C=C/C=C2\CCCC2=O)cc1,CCCO,594.0
10914,Nc1ccc2cc(-c3ccc(C(F)(F)F)cc3)oc(=O)c2c1,CN(C)C=O,448.0
1857,COc1ccc(C(=O)/C=C2\C(=O)Nc3ccccc32)c(OC)c1,CC#N,412.0
12212,CN1C(=O)/C(=C/c2ccncc2)N=C1/C=C/c1ccccc1,CC#N,550.0
4108,N#Cc1c(-c2ccc(Br)cc2)cc(-c2ccc(Br)cc2)[nH]c1=O,ClC(Cl)Cl,452.0
5213,O=C1CC(c2ccc(Cl)cc2)c2c(c3ccccc3c3nc4ccccc4nc23)O1,ClC(Cl)Cl,434.0
10430,c1ccc2c(c1)CCc1ccccc1N2,CCCCCC,329.0
3255,CN(C)c1ccc(C2=Nc3sc4cc(F)ccc4[n+]3[B-](F)(F)O2)cc1,Cc1ccccc1,452.0
7323,CCN(CC)c1ccc2cc(-c3cc(SC)c(C#N)c(=O)o3)c(=O)oc2c1,Cc1ccccc1,533.0
2690,CN(C)c1ccc2c(-c3cc(C(=O)[O-])ccc3C(=O)[O-])c3ccc(=[N+](C)C)cc-3oc2c1,CCO,564.0
8430,CCCCCCNC(=O)c1sc(-c2ccc(-c3cc(-c4ccc(C(C)(C)C)cc4)c(C(=O)NCCCCCC)s3)s2)cc1-c1ccc(C(C)(C)C)cc1,ClCCl,448.0
7389,CN(C)CCN(Cc1c2ccccc2cc2ccccc12)c1ccc([N+](=O)[O-])cc1,CO,389.0
4627,CCOC(=O)CC[N+]1=c2cc3c(cc2CCC1)=Cc1c(c2ccc(N(C)C)cc2oc1=O)O3,CO,641.0
9152,OCCSc1cccc2[n+]1[B-](F)(F)n1c(c3cccc4cccc1c43)=N2,C1CCOC1,505.0
1319,FC(F)(F)C(F)(F)C(F)(F)C(F)(F)C(F)(F)C(F)(F)C(F)(F)C(F)(F)CCOc1nnc(Cl)nn1,ClCCl,552.0
9275,O=c1c2ccccc2n2c3ccc(-c4ccccc4)cc3c(=O)c3cccc1c32,c1cc(-c2cccc(-n3c4ccccc4c4ccccc43)c2)cc(-n2c3ccccc3c3ccccc32)c1,478.0
12116,CCCCCCC(CCCCCC)N1C(=O)c2cccc3c(-c4ccc(N(C)C)cc4)ccc(c23)C1=O,CCCCCCCCCCCO,610.0
5162,O=c1oc2ccccc2cc1/C=C/c1ccc([N+](=O)[O-])cc1,CC#N,539.0
8913,COC(=O)c1cc(=O)n(Cc2ccccc2)c2cc(-c3ccc(OC)cc3)sc12,ClCCl,474.0
10333,C[Si](C)(C)c1sc([Si](C)(C)C)c2c1sc1c2sc2sc3sc4c(sc5c([Si](C)(C)C)sc([Si](C)(C)C)c54)c3c21,ClC(Cl)Cl,360.0
9150,F[B-]1(F)n2c(c3cccc4cccc2c43)=Nc2cccc[n+]21,Cc1ccccc1,520.0
1135,Cc1cc(O)c(C(C)C)cc1/N=C/c1ccc(O)cc1,CCCCO,414.0
4529,O=C(/C=C/c1cn(-c2ccccc2)nc1-c1ccccc1)c1c(O)c2ccccc2oc1=O,CCOC(C)=O,487.0
3475,CCOC(=O)c1c(-c2cc3cc4c(cc3oc2=O)OC(C)(C)CC4)nn(-c2ccccc2)c1C(=O)OCC,ClCCl,430.0
3505,CC(C)(C)c1ccc2c(c1)c1cc(C(C)(C)C)ccc1n2-c1ccc2c(c1)C(=O)c1ccc(-n3c4ccc(C(C)(C)C)cc4c4cc(C(C)(C)C)ccc43)cc1C2=O,c1ccc2c(c1)c1ccccc1n2-c1ccc(-c2ccc(-n3c4ccccc4c4ccccc43)cc2)cc1,575.0
4749,N#Cc1c(-c2ccccc2)cc(-c2ccccc2)[nH]c1=S,ClC(Cl)(Cl)Cl,510.0
2477,Cc1cc(C)c(C2=C3C=c4c(c5ccc(C(C)(C)C)cc5c5cc(C(C)(C)C)ccc45)=[N+]3[B-](F)(F)n3c2cc2c4ccc(C(C)(C)C)cc4c4cc(C(C)(C)C)ccc4c23)c(C)c1,C1CCCCC1,707.0
8237,CN(C)c1ccc(/C=C/C(=O)O)cc1,C1COCCO1,414.0
8343,O=C(c1ccc(N2c3ccccc3[Si](c3ccccc3)(c3ccccc3)c3ccccc32)cc1)c1ccc(N2c3ccccc3[Si](c3ccccc3)(c3ccccc3)c3ccccc32)cc1,Cc1ccccc1,469.1044776
7086,O=C1c2ccccc2-c2ccc(N3CCN(c4ccccc4)CC3)c3cccc1c23,CO,577.0
9577,COC(=O)C(Cc1ccc2oc(-c3ccc(-n4c5ccccc5c5ccccc54)cc3)nc2c1)NC(=O)OC(C)(C)C,CO,465.9832246
9509,CC1(C)c2ccccc2N(c2ccc3c(c2)Oc2ccccc2S3(=O)=O)c2ccccc21,Cc1ccccc1,451.0
4501,Cc1ccc2c(c1)C1(c3ccccc3-c3ccccc31)c1cc(C)ccc1N2c1ccc(-c2ncccn2)cc1,O=P(c1ccccc1)(c1ccccc1)c1ccc2oc3ccc(P(=O)(c4ccccc4)c4ccccc4)cc3c2c1,466.0
8086,COCCOCCOCCOc1ccc(OCCOCCOCCOC)c(C=O)c1,CC(C)CO,453.0
12099,COc1cc2c(cc1/C=C(\C#N)c1nc3ccccc3s1)c1ccccc1n2C,C1CCOC1,499.0
6336,CC1=[N+]2C(=c3c4c5ccccc5cc5cccc(c6cc(C)n(c36)[B-]2(F)F)c54)C=C1,ClC(Cl)Cl,637.0
8969,O=C([O-])c1ccccc1C1=c2cc3c4c(c2Oc2c1cc1c5c2CCCN5CCC1)CCC[N+]=4CCC3,O,604.0
6982,c1csc(-c2cnc(-c3cccs3)c3nonc23)c1,OCC(O)CO,633.0
7231,CCOC(=O)/C(C#N)=C\c1cn(-c2ccccc2)nc1-c1ccccc1,C1COCCO1,408.0
9143,F[B-]1(F)n2c(c3cccc4cccc2c43)=Nc2cccc(Cl)[n+]21,CC#N,502.0
1874,COc1ccc(C(=O)/C=C2\C(=O)Nc3ccccc32)cc1,CO,380.0
10433,CC(C)CCCN1c2ccccc2CCc2ccccc21,CO,360.0
7972,Cc1ccc(O)c(C(=O)[O-])c1,O,418.0
11571,CCN(CC)c1ccc2c(C)cc(=O)oc2c1,C1CCCCC1,395.0
5096,CC1(C)c2ccccc2N(c2ccccc2)c2ccc(-c3ccc(-c4ccc5c(c4)C(C)(C)c4ccccc4N5c4ccccc4)c4nsnc34)cc21,Cc1ccccc1,596.0227273
2904,c1ccc(-p2c3ccccc3c3sc4ccccc4c32)cc1,CC#N,425.0
7678,CCN(CC)c1ccc2c(C#N)c(/C=C(\C#N)c3nc4ccccc4o3)c(=O)oc2c1,CO,695.0
570,CN(C)c1ccc(C2=[N+]3C(=Nc4c(-c5ccc(O)cc5)cc(-c5ccc(N(C)C)cc5)n4[B-]3(F)F)C(c3ccc(O)cc3)=C2)cc1,Cc1ccccc1,813.0
1448,O=S(=O)(c1ccccc1)c1ccc(-c2ccc3c(c2)c2cc(-c4ccc(S(=O)(=O)c5ccccc5)cc4)ccc2n3-c2ccccc2)cc1,Cc1ccccc1,381.0
3414,O=C1c2cccc3c(NCc4ccccn4)c4ccccc4c(c23)C(=O)N1Cc1ccccn1,ClCCl,611.0
9887,COc1ccc(/C=C(\c2ccccc2)c2nc3ccccc3s2)cc1,CO,420.0
939,CN(C)c1ccc(/C=C/C=C2\CCCC2=O)cc1,CC#N,576.0
9514,c1ccc(-c2nc(-c3ccc(N(c4ccccc4)c4ccccc4)cc3)n3ccccc23)cc1,ClCCl,491.0
8965,O=C([O-])c1ccc(C2=c3cc4c5c(c3Oc3c2cc2c6c3CCCN6CCC2)CCC[N+]=5CCC4)c(C(=O)[O-])c1,O,603.0
8613,CCC1=C(C)C2=C(C)c3c(C)c(CC)c(C)n3[B-](F)(F)[N+]2=C1C,Cc1ccccc1,536.4
11175,COc1c2ccccc2c(OC)c2c1c1cc(C)ccc1n2C,ClCCl,428.0
5841,Cc1cc(C)c(B(c2cc3c4c(c(B(c5c(C)cc(C)cc5C)c5c(C)cc(C)cc5C)cc5c4c2CCC5)CCC3)c2c(C)cc(C)cc2C)c(C)c1,C1CCOC1,464.5424837
6837,COc1cc(N(c2ccccc2)c2ccc(C=C(C#N)C#N)c(OC)c2)ccc1C=C(C#N)C#N,CCOC(C)=O,532.0
8940,CCC1=C(C)C(=O)n2c1cc1c(c(C)c(C(=O)OC)n1C)c2=O,CS(C)=O,482.0
3226,CCOC(=O)/C(C#N)=C(\C=C\c1ccc(N(c2ccccc2)c2ccc(/C=C/C(=C(/C#N)C(=O)OCC)c3ccccc3)cc2)cc1)c1ccccc1,CCOC(C)=O,602.0
11946,c1ccc2c(c1)[nH]c1cccnc12,CN(C)C=O,371.0
6332,O=P1(c2ccccc2)c2cc(N3c4ccccc4Oc4ccccc43)ccc2-c2ccc(N3c4ccccc4Oc4ccccc43)cc21,Cc1ccccc1,540.0
3978,COC(=O)C(Cc1ccc2oc(-c3ccc(N(C)C)cc3)nc2c1)NC(=O)OC(C)(C)C,CC(C)O,396.9986899
4383,N#Cc1c(-n2c3ccccc3c3ccccc32)nc(-n2c3ccccc3c3ccccc32)c(C#N)c1-c1ccccc1,c1cc(-c2cccc(-n3c4ccccc4c4ccccc43)c2)cc(-n2c3ccccc3c3ccccc32)c1,475.0
5834,CCCCCOc1cc2oc(=O)c3c4occc4c4ccc5cccc6c(c1)c2c3c4c56,C1CCOC1,433.0
9697,O=C(O)CCCc1cc(C#Cc2ccccc2)c2ccc3c(C#Cc4ccccc4)cc(C#Cc4ccccc4)c4ccc1c2c34,CS(C)=O,461.0
9385,Cc1cc2c(o1)c(Br)cc1c(C)cc(=O)oc12,OCC(F)(F)F,436.0
7845,O=C(O)C1=C(C(=O)O)C2=C[C@H]3c4ccccc4[C@]2([Se]1)c1ccccc13,ClCCl,507.0
3539,CCCCCCC(CCCCCC)n1c(=O)c2c3ccc4cccc5c6cccc7ccc(c2c1=O)c(c76)c3c45,C1CCCCC1,471.0
8679,CCC1=C(C)C2=Cc3cc(I)c(I)n3[B-](F)(F)[N+]2=C1C,OCC(F)(F)F,548.0
11519,Cc1ccc(NC(=O)c2sc(Br)nc2C)cc1,CO,403.0
10895,O=S(=O)(c1ccc(-c2ccc(-c3nc4c5ccccc5c5ccccc5c4n3-c3ccccc3)cc2)cc1)c1ccc(-c2ccc(-c3nc4c5ccccc5c5ccccc5c4n3-c3ccccc3)cc2)cc1,ClCCl,461.0
9713,COc1ccc(-c2oc3c(c2Br)=[N+]2C(=C(C(F)(F)F)c4cc5oc(-c6ccc(OC)cc6)c(Br)c5n4[B-]2(F)F)C=3)cc1,C1CCOC1,756.0
5681,COc1ccc2c(c1)CCC1=C(C#Cc3ccccc3)O[B-](F)(F)[O+]=C12,ClCCl,469.0
2827,COc1ccc(/N=N/c2c(O)c3ccccc3n(C)c2=O)c(S(=O)(=O)O)c1,CS(C)=O,548.0
5780,Fc1ccc(-c2cc3c4c(c2)CCc2cc(-c5ccc(F)cc5)cc(c2-4)CC3)cc1,ClC(Cl)Cl,379.6819788
3634,O=C1c2ccccc2C(=O)N1c1ccc(Cn2cncn2)cc1,CC(C)O,427.0
4996,CCCCCCCCn1c2cc(/C=C/c3ccc(N(c4ccccc4)c4ccccc4)cc3)ccc2c2cc3c(cc21)c1ccc(/C=C/c2ccc(N(c4ccccc4)c4ccccc4)cc2)cc1n3CCCCCCCC,Cc1ccccc1,473.0
1338,CCOC(=O)COc1ccc(/C=C/c2cc(C)c3n2[B-](F)(F)[N+]2=C(c4[nH]c(C)cc4C)c4ccccc4C2=C3)cc1,C1CCOC1,703.0
3262,c1ccc(-c2nc(-c3ccccc3)nc(-c3ccc(-n4c5ccccc5c5ccccc54)cc3)n2)cc1,O=P(c1ccccc1)(c1ccccc1)c1ccccc1Oc1ccccc1P(=O)(c1ccccc1)c1ccccc1,441.0
7876,c1ccc(N(c2ccccc2)c2ccc(-n3ccc4cc(-c5ccc(C6(c7ccccc7)c7ccccc7-c7ccccc76)cc5)ccc43)cc2)cc1,ClCCl,379.0
8862,CCn1c2ccccc2c2cc(-c3cc(-c4ccc5c(c4)c4ccccc4n5CC)nc(OC)n3)ccc21,CCOC(C)=O,388.0
6838,COc1cc(N(c2ccccc2)c2ccc(C=C(C#N)C#N)c(OC)c2)ccc1C=C(C#N)C#N,CC#N,571.0
5089,Oc1cc2c(cc1-c1nc3c4ccccc4c4ccccc4c3[nH]1)c1ccccc1n2-c1ccccc1,CC#N,498.0
5741,Cc1ccc(-c2c3nc(c(-c4ccc(C)cc4)c4ccc(s4)c(-c4ccc(C)cc4)c4nc(c(-c5ccc(C)cc5)c5ccc2s5)C=C4)C=C3)cc1,ClCCl,706.0
650,CN(C)c1ccc(C#Cc2ccc(-c3nc(C#N)c(C#N)n3C)cc2)cc1,ClC(Cl)Cl,479.0
6039,CN(C)c1ccc(C#Cc2ccc(C=O)cc2)cc1,C1COCCO1,502.9928072
2902,c1ccc(-p2c3ccccc3c3sc4ccccc4c32)cc1,ClCCl,421.0
2258,Cc1cc(-c2ccc(-c3n(C)c4ccccc4[n+]3C)cc2)ccc1-c1ccc(-c2n(C)c3ccccc3[n+]2C)cc1,O,399.0
12135,CCCCCCC(CCCCCC)N1C(=O)c2cccc3c(-c4ccccc4)ccc(c23)C1=O,CCCCCCCCCCCCCC,402.3
5395,Cc1cc2c3ccccc3n(C)c2c2c1c1ccccc1n2C,ClCCl,391.0
10704,COc1cc2c(cc1/C=C/C(=C(C#N)C#N)c1ccccc1)c1ccccc1n2C,CO,575.0
7082,O=C1c2ccccc2-c2ccc(N3CCN(c4ccccc4)CC3)c3cccc1c23,CCCO,586.0
9538,Cc1cc(C)c(B(c2ccccc2N2c3ccccc3Oc3ccccc32)c2c(C)cc(C)cc2C)c(C)c1,CC(C)=O,638.5135135
8687,CCC1=C(C)C2=Cc3cccn3[B-](F)(F)[N+]2=C1C,CC(C)=O,516.0
3521,Fc1ccccc1-c1nc2sc3ccccc3c2s1,CS(C)=O,407.0
2730,O=C1CCCC2=C1CC1=C(CCCC1=O)N2NC(=O)c1ccc(O)cc1,ClCCl,436.0
8246,COc1cc(C(=O)O)cc(OC)c1O,O,333.0
4478,COc1cc2oc(=O)c3c4ccc(C=O)cc4c4ccc5cccc6c(c1)c2c3c4c56,C1CCOC1,442.0
5660,CCCCCCCCCCCCN1C(=O)c2c(c3ccc4cc(-c5ccc(Cl)cc5)c(OC)cc4c3c3c2ccc2cc(-c4ccc(Cl)cc4)c(OC)cc23)C1=O,ClCCl,526.0
1596,Cc1cc(C)c(C2=C3C=C(/C=C/C(=O)OC(C)(C)C)C=[N+]3[B-](F)(F)n3c2ccc3N2CCCC2)c(C)c1,ClCCl,551.0
67,[BH3-][P+]1(c2ccccc2)c2ccccc2-c2sc3ccccc3c21,CCO,400.0
2584,N#Cc1c(N2CCCCC2)cc(-c2ccc3ccccc3c2)c2c1-c1ccccc1C2=O,C1CCOC1,527.0
8209,COCCOc1cc(C=O)c(OCCOC)cc1C=O,O,495.0
6281,CN(C)c1ccc(C(=O)c2ccccc2)cc1,C1CCCCC1,462.0
3196,CN(C)c1ccc2c3c(ccc2c1)CCCC3=O,CCOC(C)=O,506.0
11485,Fc1ccc(-c2nc3n(c2-c2ccncc2)CCS3)cc1,Cc1ccccc1,412.0
5327,CCC1=C(C)C2=C(/C=C/Sc3ccccc3)c3c(C)c(CC)c(C)n3[B-](F)(F)[N+]2=C1C,ClCCl,580.0
9997,CCCCNc1ccc(NCCCC)c2c1C(=O)c1ccccc1C2=O,CS(C)=O,678.0
8124,CN(C)c1cc(C#N)c(N(C)C)c(C#N)c1,CCCCOC(C)=O,516.7958656
7609,O=Cc1ccc2c(c1)c1ccccc1n2-c1cc2ccccc2c2ccccc12,Cc1ccccc1,380.0
1258,O=C1c2ccccc2-c2ccc(N3CCOCC3)c3cccc1c23,Cc1ccccc1,568.0
11597,Cc1cc(=O)oc2cc(O)ccc12,CCO,380.0
6350,CCOC(=O)C1c2cc(Cl)ccc2C(=O)N1c1ccc(OC)c(OC)c1,CS(C)=O,500.0
7862,CC1(C)CC(=O)C2=C(C1)Oc1ccc3ccc(O)cc3c1C2c1ccccn1,CO,346.0
10440,COC(=O)c1cc(=O)n(C)c2cc(-c3cc4c5c(c3)CCCN5CCC4)sc12,CO,493.0
7523,COc1cc(OC)cc(C2=C3C(C)=C(I)C(/C=C/c4ccsc4)=[N+]3[B-](F)(F)n3c(/C=C/c4ccsc4)c(I)c(C)c32)c1,ClCCl,682.0
991,COc1cccc(C2=c3c(c4ccc(C(C)(C)C)cc4c4cc(C(C)(C)C)ccc34)=[N+]3C2=C(c2ccccc2)c2c(-c4cccc(OC)c4)c4c5ccc(C(C)(C)C)cc5c5cc(C(C)(C)C)ccc5c4n2[B-]3(F)F)c1,ClCCl,737.0
3504,CC(C)(C)c1ccc2c(c1)c1cc(C(C)(C)C)ccc1n2-c1ccc2c(c1)C(=O)c1ccc(-n3c4ccc(C(C)(C)C)cc4c4cc(C(C)(C)C)ccc43)cc1C2=O,Cc1ccccc1,602.0
113,N#Cc1ccc(N(c2ccc(C#N)cc2)c2ccc3c4cccc5c(N(c6ccc(C#N)cc6)c6ccc(C#N)cc6)ccc(c6cccc2c63)c54)cc1,Cc1ccccc1,513.0
919,Cc1ccc(C2=[N+]3C(=Cc4c(C)cc(C)n4[B-]3(F)F)c3ccccc32)[nH]1,Cc1ccccc1,629.0
2509,CC(C)(C)c1ccc2c3c(c4ccc(C(C)(C)C)cc4c2c1)=[N+]1C(=C(c2ccccc2)c2cc4c5ccc(C(C)(C)C)cc5c5cc(C(C)(C)C)ccc5c4n2[B-]1(F)F)C=3,CC#N,712.0
11529,C(=C/c1ccc(N(c2ccccc2)c2ccccc2)cc1)\c1ccc(-c2cc(-c3ccccn3)nc(-c3ccccn3)c2)cc1,ClCCl,519.0
165,C(=C/c1cnc2ccccc2n1)\c1ccc(-c2ccc(N(c3ccccc3)c3ccccc3)cc2)cc1,ClCCl,632.0
6741,CC(C)(C)c1ccc(N2c3ccc(C(C)(C)C)cc3B3c4cc(C(C)(C)C)ccc4N(c4ccc(C(C)(C)C)cc4)c4cc(-n5c6ccc(C(C)(C)C)cc6c6cc(C(C)(C)C)ccc65)cc2c43)cc1,Cc1ccccc1,470.0
11455,CCC1=C(C)C2=C(c3c4ccccc4c(-c4ccccc4)c4ccccc34)c3c(C)c(CC)c(C)n3[B-](F)(F)[N+]2=C1C,CN(C)C=O,539.0
12141,CCCCCCC(CCCCCC)N1C(=O)c2cccc3c(-c4cc(OC)c(OC)c(OC)c4)ccc(c23)C1=O,CCCCCC,440.2
8863,CCn1c2ccccc2c2cc(-c3cc(-c4ccc5c(c4)c4ccccc4n5CC)nc(OC)n3)ccc21,CN(C)C=O,415.0
4603,CCOC(=O)/C(C#N)=C/c1cc2c3ccccc3n(C)c2cc1OC,ClC(Cl)Cl,468.0
9025,[NH3+]C(Cc1c[nH]c2ccccc12)C(=O)[O-],O,350.0
10422,CN(C)CCCN1c2ccccc2CCc2ccc(Cl)cc21,O,400.0
949,CN(C)c1ccc(/C=C/C=C2\CCCC2=O)cc1,CO,614.0
4594,COc1cc2c(cc1C=C(C#N)C#N)c1ccccc1n2C,ClC(Cl)Cl,474.0
9941,CC1=N/C(=C\c2cccc(N(C)C)c2)C(=O)N1C,CCCCCC,484.0
3770,COc1ccc2c3c(c4ccc(OC)cc4c2c1)C(C)(C)c1ccccc1-3,C1CCCCC1,391.0
2506,CC(C)(C)c1ccc2c3c(c4ccc(C(C)(C)C)cc4c2c1)=[N+]1C(=C(c2ccccc2)c2c(Br)c4c5ccc(C(C)(C)C)cc5c5cc(C(C)(C)C)ccc5c4n2[B-]1(F)F)C=3Br,ClCCl,717.0
5107,CCn1c2ccccc2c2c(N(c3ccccc3)c3ccccc3)cccc21,ClCCl,418.0
2850,Cn1c(=O)c(/N=N/c2cc(S(=O)(=O)O)ccc2S(=O)(=O)O)c(O)c2ccccc21,C1CCOC1,498.0
6000,COc1ccc2c(c1)CCc1c-2nc(N)c(C#N)c1-c1ccc(Br)cc1,CS(C)=O,427.0
11789,CN(C)c1ccc(-c2ccc(-c3cc(N4CCCCC4)c(C#N)c4c3-c3ccccc3CC4)s2)cc1,C1CCOC1,537.0
12236,CC1(C)c2ccccc2N(c2ccc(-c3ncccn3)cc2)c2ccccc21,O=P(c1ccccc1)(c1ccccc1)c1ccc2oc3ccc(P(=O)(c4ccccc4)c4ccccc4)cc3c2c1,457.0
8108,CN(C)c1cc(C#N)c(N(C)C)c(C#N)c1,C1CCCCC1,495.7858205
10306,CN(C)c1ccc(/C=C/c2cc[n+](CCC[n+]3ccc(/C=C/c4ccc(N(C)C)cc4)cc3)cc2)cc1,CC1COC(=O)O1,603.9996859
4446,COc1cc(/C=C/c2nc3ccccc3s2)c(OC)cc1/C=C/c1ccncc1,Cc1ccccc1,470.0
5794,COc1ccc(-c2cc3c4c(c2)CCc2cc(-c5ccc(OC)cc5)cc(c2-4)CC3)cc1,CCCCCC,384.6236559
9961,O=[N+]([O-])c1ccc(/C=C/c2nc3c4ccccc4c4ccccc4c3o2)cc1,CC#N,602.0
4460,CC(C)(C)c1ccc(/C=C/c2ccc(N(c3ccc(/C=C/c4ccc(C(C)(C)C)cc4)cc3)c3ccc(-c4nc5ccccc5nc4-c4ccc(N(c5ccc(/C=C/c6ccc(C(C)(C)C)cc6)cc5)c5ccc(/C=C/c6ccc(C(C)(C)C)cc6)cc5)cc4)cc3)cc2)cc1,Cc1ccccc1,497.0
10073,CCN(CC)c1ccc(/C=N/C(C#N)=C(C#N)\N=C\c2ccc(N(CC)CC)cc2O)c(O)c1,CC#N,606.0
2505,CC(C)(C)c1ccc2c3c(c4ccc(C(C)(C)C)cc4c2c1)=[N+]1C(=C(c2ccccc2)c2c(Br)c4c5ccc(C(C)(C)C)cc5c5cc(C(C)(C)C)ccc5c4n2[B-]1(F)F)C=3Br,Cc1ccccc1,715.0
9276,O=c1c2ccccc2n2c3ccc(-c4ccccc4)cc3c(=O)c3cccc1c32,c1cc(-n2c3ccccc3c3ccccc32)cc(-n2c3ccccc3c3ccccc32)c1,478.0
6623,CC1(C)CC(=O)c2ccccc2N1,CC#N,439.0
1114,Cc1ccc(/C=N/c2cc(C(C)C)c(O)cc2C)cc1,C1COCCO1,408.0
6942,CCCCC1(c2ccccc2)Nc2ccccc2N=C1c1ccccc1,C1CCOC1,520.0
10279,CCN(CC)c1ccc2cc(/C=C/C(=O)/C=C(O)/C=C/c3cc4ccc(N(CC)CC)cc4oc3=O)c(=O)oc2c1,CCOC(C)=O,566.0
298,COc1ccc(C#Cc2nc3ccccc3nc2-c2csc(OC)c2)cc1,ClCCl,508.0
1675,Cc1cccc(C2=CC3=C(c4c(C)cc(C)cc4C)c4cc(-c5cccc(C)c5)c(-c5cccc(C)c5)n4[B-](F)(F)[N+]3=C2c2cccc(C)c2)c1,Cc1ccccc1,628.0
3347,Cc1ccc(S(=O)(=O)Nc2c(/C=C/c3ccccc3)sc(-c3ccc(N(C)C)cc3)c2-c2ccsc2)cc1,CC#N,627.0
6170,CN(C)c1ccc(/C=C2/N=C(c3ccccc3)OC2=O)cc1,CCCCCO,515.0
2735,O=C1CCCC2=C1CC1=C(CCCC1=O)N2NC(=O)c1ccccc1,CO,449.0
5669,CCN(CC)c1ccc2c(C#N)c(/C=C(\C#N)c3nc4ccccc4s3)c(=O)oc2c1,CCO,692.0
9796,COc1ccc(-c2sc3c(-c4ccc(OC)cc4)c4n(c3c2-c2ccc(OC)cc2)[B-](F)(F)[N+]2=Cc3c(-c5ccc(OC)cc5)c5sc(-c6ccc(OC)cc6)c(-c6ccc(OC)cc6)c5n3[B-](F)(F)[N+]2=C4)cc1,CC#N,641.0
4988,CC1=[N+]2C(=C(c3ccc(C(=O)c4ccccc4)cc3)c3ccc(C)n3[B-]2(F)F)C=C1c1cc2n(c1)[B-](F)(F)[N+]1=CC=CC1=C2c1c(C)cc(C)cc1C,CCOC(C)=O,664.0
11018,c1ccc(-n2c(-c3ccc(-c4c5ccccc5c(-c5cccc(-n6c7ccccc7c7ccccc76)c5)c5ccccc45)cc3)nc3c4ccccc4c4ccccc4c32)cc1,CC#N,437.0175439
2378,Nc1cc(N)cc(-c2nc3ccccc3s2)c1,CC(C)O,513.0
7431,COc1ccc(/C=C/C(=O)c2ccccc2O)cc1OC,C1COCCO1,425.0
7425,Cc1ccc(C(=O)/C=C/c2ccc(N(C)C)cc2)cc1,c1ccccc1,473.0
8525,CCCCCCC(CCCCCC)N1C(=O)c2cccc3c(-c4ccc(-c5ccc(OC)cc5)cc4)ccc(c23)C1=O,CCCCO,556.6
4325,CN(C)c1ccc(C(=O)Nc2cccc(Br)c2)cc1,C1CCOC1,455.0
4172,Cc1ccc(-c2nc(-c3ccccc3O)[nH]c2-c2ccc(C)cc2)cc1,CO,430.0
8557,CN(C)c1ccc2c(c1)C(=O)NC2=O,CC#N,490.0
4550,N#CC(C#N)=C(c1cccc(N(c2ccccc2)c2ccccc2)c1)c1cccc(N(c2ccccc2)c2ccccc2)c1,ClC(Cl)Cl,489.055794
7934,[NH3+]C(Cc1ccccc1)C(=O)[O-],O,280.0
7911,COc1ccc2ccccc2c1C1=CC(c2ccccc2)=C(c2ccccc2)C1,ClCCl,471.0
8142,COCCOCCOCCOCCOc1ccc(OCCOCCOCCOCCOC)c(C=O)c1,CC(C)O,455.0
8798,CCC1=C(C)C2=C(C)c3c(C)c(-c4csc(N5CCOCC5)n4)c(C)n3[B-](F)(F)[N+]2=C1C,CO,540.0
9808,COc1cc(C2=c3c(c4ccc(C(C)(C)C)cc4c4cc(C(C)(C)C)ccc34)=[N+]3C2=Nc2c(-c4cc(OC)c(OC)c(OC)c4)c4c5ccc(C(C)(C)C)cc5c5cc(C(C)(C)C)ccc5c4n2[B-]3(F)F)cc(OC)c1OC,Cc1ccccc1,816.0
2103,CN1CCN(CCCN2c3ccccc3Sc3ccc(Cl)cc32)CC1,CC#N,449.0
5336,CCCCC(CC)Cn1c2cc(C#N)ccc2c2cc(-c3ccc(N(c4ccccc4)c4ccccc4)cc3)c(C#N)cc21,CC#N,548.0
10546,O=C1c2ccccc2-c2ccc(Nc3nc(Cl)nc(Cl)n3)c3cccc1c23,N#Cc1ccccc1,520.0208008
3759,c1ccc2c(c1)Nc1ccccc1B2c1c2ccccc2cc2ccccc12,ClCCl,424.0
9570,COC(=O)C(Cc1ccc2oc(-c3ccc(-n4c5ccccc5c5ccccc54)cc3)nc2c1)NC(=O)OC(C)(C)C,CCCCCCO,423.998304
1837,COc1ccc2c(-c3nc(-c4ccccc4)no3)cc(=O)oc2c1,ClC(Cl)Cl,450.0
10287,c1ccc(N(c2ccccc2)c2ccc(-c3nc4ccccc4n3-c3ccccc3)cc2)cc1,CC#N,444.0
10180,CCCCCCCCCCCCC(CCCCCCCCCC)Cn1c2cc(/C=C/C=C/c3nc4ccccc4s3)c3cccc4c5cccc6c(/C=C/C=C/c7nc8ccccc8s7)cc1c(c65)c2c34,Cc1ccccc1,604.0
11593,N#C[Se]CCCCCOc1ccc2ccc(=O)oc2c1,CN(C)C=O,396.0
5710,O=C(O)c1ccccc1Nc1cccc(C(F)(F)F)c1,C1COCCO1,410.0
9963,CN(C)c1ccc(/C=C/c2nc3c4ccccc4c4ccccc4c3o2)cc1,CC#N,498.0
607,CCN(CC)c1ccc(/C=N/Nc2ccc(C#N)cc2)c(O)c1,CS(C)=O,422.0
4500,Cc1ccc2c(c1)C1(c3ccccc3-c3ccccc31)c1cc(C)ccc1N2c1ccc(-c2ncccn2)cc1,Cc1ccccc1,461.0
7036,N#Cc1coc2ccccc2c1=O,O,396.0
1093,C(=C/c1c[nH]c2ccc(Oc3ccccc3)cc12)\C1=[NH+]c2cccc3cccc1c23,CO,584.0
8197,COCCOCCOc1ccc(OCCOCCOC)c(C=O)c1,NC=O,463.0
6718,COC(=O)c1ccc2c3ccc(C(=O)OC)c4c(C(=O)OC)ccc(c5ccc(C(=O)OC)c1c25)c43,CCCCO,480.0
8822,CN(C)c1ccc(/C=C/c2cc(/C=C/c3ccc(N(C)C)cc3)nc(/C=C/c3ccc(N(c4ccccc4)c4ccccc4)cc3)n2)cc1,Cc1ccccc1,480.0
10979,CCN1c2ccc(/C=N/Nc3ccccn3)cc2Sc2cc(/C=N/Nc3ccccn3)ccc21,ClCCl,498.0
4487,COc1ccc(-n2nc(C#N)c(N3CCCC3)n2)cc1,CCCCCC,389.0
7707,CCOC(=O)c1cc(C(=O)OCC)c2cc(N)ccc2n1,CCO,537.0
160,CN(C)c1ccc(-c2nc3nc4ccccc4nc3n2-c2ccc(C(C)(C)C)cc2)cc1,CC#N,529.0
203,COc1ccc(/C=C/c2cc(/C=C/c3ccc(OC)cc3)nc(/C=C/c3ccc(OC)cc3)n2)cc1,CC#N,453.0
6483,CCN(CC)c1ccc(-c2nc3c(c4c2-c2ccc(C#N)cc2CC4)-c2ccc(C#N)cc2CC3)cc1,C1CCOC1,499.0
3940,CN(C)c1ccc2cc3ccc(=[N+](C)C)cc-3oc2c1,O,565.0
8540,COc1ccc(C2=C/C(=C\c3ccccc3)C(=O)O2)cc1OC,C1COCCO1,495.0
6103,CCCCCCN(CCCCCC)c1ccc(C#Cc2ccc(N(CCCCCC)CCCCCC)cc2)cc1,CO,446.0
4933,CCN(CC)c1ccc2cc(/C=C/C(=O)c3cc4ccc(N(CC)CC)cc4oc3=O)c(=O)oc2c1,ClC(Cl)Cl,550.0
2934,O=C(c1ccncc1)c1ccc(-n2c3ccccc3c3cc(-n4c5ccccc5c5ccccc54)ccc32)cc1,Cc1ccccc1,480.0
1814,CC(C)(C)C1Nc2c(Br)cc(Br)cc2C(=O)N1Cc1ccccc1,ClC(Cl)Cl,415.0
7647,O=C1/C(=C/C=C/c2cc3c4c(c2)CCCN4CCC3)CC/C1=C\C=C\c1cc2c3c(c1)CCCN3CCC2,CC#N,736.0
2435,COc1ccc(-c2csc(/C(C#N)=C\Nc3ccc(C#N)cc3)n2)cc1,Cc1ccccc1,441.0
1230,CC1=NN(c2ccccc2)C(=O)/C1=C/c1cn(-c2ccccc2)nc1-c1ccccc1,CO,430.0
10635,CC(=O)c1c2c(cc3ccc(N(C)C)cc13)CCC2,CC#N,529.0
9695,CC(C)(C)c1ccc(-c2ccc(-c3c4c(nc5ccccc35)-c3cc5c(cc3CC4)-c3nc4ccccc4c(-c4ccc(-c6ccc(C(C)(C)C)cc6)cc4)c3CC5)cc2)cc1,ClC(Cl)Cl,388.0
3046,COc1cc(/C=C/C2=CC(/C=C/c3ccc(O)c(OC)c3)=[O+][B-](F)(F)O2)ccc1O,CO,592.05
5705,N#CC1=c2c3cccc4cccc(c43)n2[B-](F)(F)[n+]2ccccc21,CCCCCC,530.0
7957,Nc1ccccc1,C1CCCCC1,323.4152652
11842,COc1ccc(C2CC(c3ccc(O)cc3)=NN2c2ccc(S(N)(=O)=O)cc2)cc1,O,448.0
2915,N#C/C(=C\c1ccc(C#N)cc1)c1nc(-c2ccccc2)cs1,CC#N,501.0
11118,COc1ccc2nc3c(nc2c1)c(-c1ccccc1)nn3C,C1CCCCC1,478.0
7948,CN(C)c1ccc(N(C)C)cc1,C1CCCCC1,394.4773176
9322,N#CC(C#N)=Cc1ccc(-c2ccc(-c3nc4ccccc4s3)c(O)c2)s1,CCO,499.0
7545,CCCCCCN1C(=O)C(c2ccc(-c3ccc(-n4c5ccccc5c5ccccc54)cc3)cc2)=C(c2ccc(-c3ccc(-n4c5ccccc5c5ccccc54)cc3)cc2)C1=O,ClC(Cl)Cl,552.0
3988,COC(=O)C(Cc1ccc2oc(-c3ccc(N(C)C)cc3)nc2c1)NC(=O)OC(C)(C)C,CCCCCCCO,396.4949843
4251,CCN(CC)c1ccc(/C=C/c2ccc(-c3ccc(/C=C/c4ccc(N(CC)CC)cc4)s3)s2)cc1,CN(C)C=O,586.0
6111,COc1ccc(C#Cc2ccc(C#N)cc2)cc1,CCCCCC,336.0
6828,COc1cc(N(c2ccc(C=C(C#N)C#N)c(OC)c2)c2ccc(C=C(C#N)C#N)c(OC)c2)ccc1C=C(C#N)C#N,CC#N,566.0
10720,CC(C)[Si]1(C(C)C)c2cc(C=C(C#N)C#N)ccc2-c2ccc(N(c3ccccc3)c3ccccc3)cc21,CCOCC,586.0
9449,CC(C)(C)c1ccc(-c2nc3c4ccc(-c5ccc6ccccc6c5)cc4c4cc(-c5ccc6ccccc6c5)ccc4c3n2-c2ccc(C(C)(C)C)cc2)cc1,CCN(CC)CC,393.0
6204,Cc1cc(C)c(B(c2c(C)cc(C)cc2C)c2ccc3ccc4cccc5ccc2c3c45)c(C)c1,Cc1ccccc1,423.0
3293,Cc1ccc(Nc2ccc(Nc3ccc(C)cc3)c3c2C(=O)c2ccccc2C3=O)cc1,CC(C)=O,684.0
4034,CCOC(=O)c1c(-c2cc3ccc(OC)cc3oc2=O)nn(-c2cccc(C)c2)c1C(=O)OCC,ClCCl,422.0
2725,O=C1CCCC2=C1CC1=C(CCCC1=O)N2NC(=O)c1ccc(O)cc1,CC#N,434.0
4290,O=C1C=C(Nc2ccccc2)CCC1,CC#N,360.0
4334,CN(C)c1ccc(C(=O)Nc2ccccc2)cc1,CC#N,494.0
2552,CN(C)c1ccc2c3c(ccc2c1)C(=O)CCC3,CCO,489.0
3877,C[N+](C)=c1ccc2c(-c3c(Cl)c(Cl)c(Cl)c(Cl)c3C(=O)O)c3ccc4cc(O)ccc4c3oc-2c1,O,603.0
6205,c1ccc2c(c1)c1ccccc1n2-c1ccc(-c2ccc(-n3c4ccccc4c4ccccc43)nc2-n2c3ccccc3c3ccccc32)nn1,ClCCl,432.6844262
383,COc1ccc(-c2nc3ccccc3nc2-c2ccc(OC)cc2)cc1,ClC(Cl)Cl,430.0
11998,Cc1c2oc3c(C)c(N)cc(C(=O)NC4OC(=O)C(C(C)C)N(C)C(=O)CN(C)C(=O)C5CCCN5C(=O)C(C(C)C)NC4=O)c3nc-2c(C(=O)NC2OC(=O)C(C(C)C)N(C)C(=O)CN(C)C(=O)C3CCCN3C(=O)C(C(C)C)NC2=O)c(N)c1=O,ClC(Cl)Cl,620.1127365
6879,CCC1(CC)c2ccccc2-c2ccc(C#Cc3ccc4ccc5cccc6ccc3c4c56)cc21,ClC(Cl)Cl,413.0
7485,C(=C/c1nc(-c2ccccc2)[nH]c1/C=C/c1ccccc1)\c1ccccc1,ClCCl,452.4
4753,N#Cc1cc(-n2c3ccccc3c3ccccc32)c(-n2c3ccccc3c3cc(Br)ccc32)cc1C#N,C1CCOC1,502.0
4886,COC(=O)c1nc2cnc(N)nc2n1Cc1ccccc1,CC#N,388.0
857,CCc1c(C)[nH]c(C2=[N+]3C(=C(C)c4c(C)c(CC)c(C)n4[B-]3(F)F)c3ccccc32)c1C,CCCCCC,636.0
370,CN(C)c1ccc(-c2ccc(-c3ccc(N(C)C)cc3)c3nc(-c4ccccc4)c(-c4ccccc4)nc23)cc1,ClC(Cl)Cl,597.0
6539,COc1ccc(-c2nc3c(c4c2-c2ccc(C#N)cc2CC4)-c2ccc(C#N)cc2CC3)cc1,CC#N,430.0
10251,CCCCCCc1ccc2c3c(ccc2c1)O[B-](c1ccccc1)(c1ccccc1)[N+](c1ccc([N+]2=Cc4c(ccc5cc(CCCCCC)ccc45)O[B-]2(c2ccccc2)c2ccccc2)cc1)=C3,Cc1ccccc1,569.0
2561,COc1ccc(-c2cc(-c3ccc(N(C)C)cc3)nc(-c3ccccc3)n2)cc1,ClC(Cl)Cl,453.0
3801,F[B-]1(F)Oc2c(-c3cccc4c3O[B-](F)(F)[n+]3c(-c5ccccc5)c(-c5ccccc5)n(-c5ccc(C(F)(F)F)cc5)c3-4)cccc2-c2n(-c3ccc(C(F)(F)F)cc3)c(-c3ccccc3)c(-c3ccccc3)[n+]21,C1CCOC1,399.0
2640,COc1ccc(OC)c(-c2[nH]c(=O)n3c2-c2ccccc2C3=O)c1,ClCCl,462.0
5455,c1ccc2cc(-n3c4ccccc4c4ccccc43)ccc2c1,Cc1ccccc1,364.0
10630,CC(=O)c1c2c(cc3cc(N(C)C)ccc13)CCC2,ClC(Cl)Cl,511.0
4490,COc1ccc(-n2nc(C#N)c(N3CCCC3)n2)cc1,CO,416.0
2347,CCCCN(CCCC)c1ccc2c#cc3cc4c#cc5ccc(C(F)(F)F)cc5c#cc#cc5cc(N(CCCC)CCCC)ccc5c#cc4cc3c#cc3ccc(C(F)(F)F)cc3c#cc#cc2c1,ClCCl,555.0
649,CCn1ncc2c3c(C#N)c4c5ccccc5n(CC)c4nc3ccc21,CCOC(C)=O,476.0
6859,COc1cc(OC)cc(C2=CC(c3ccccc3)=C(c3ccccc3)C2)c1,ClCCl,449.0
2781,CCN(CC)c1ccc2cc(C#N)/c(=N\C(=O)c3ccccc3)oc2c1,ClCCl,460.0
8355,C[C@]12C(=O)NC(=O)N([C@H]3CC(O)[C@@H](CO)O3)[C@H]1[C@H]1Oc3cc4oc(=O)ccc4cc3[C@H]12,CO,446.0
10468,c1ccc2c(c1)nc1ccccn12,CC#N,414.0
10638,CC(=O)c1c2c(cc3ccc(N(C)C)cc13)CCC2,Cc1ccccc1,490.0
11773,CC(=O)c1ccn2c3c(c(-c4ccc(C#N)c(C#N)c4)c2c1)CN(CCCNC(=O)OC(C)(C)C)C3=O,CO,500.0
7207,CCCCCCCCN1c2ccc(C#Cc3ccc(F)cc3)cc2Sc2cc(C=O)ccc21,Cc1ccccc1,507.0
5944,Cc1cc(-c2nnc(-c3ccccc3)o2)ccc1-n1c2ccccc2c2ccccc21,CCO,445.0
8416,F[B-]1(F)n2c(c3ccccc3c2-c2ccccc2)N=C2c3ccccc3C(c3ccccc3)=[N+]21,ClCCl,736.0
615,c1ccc(-c2nc(-c3ccccc3)nc(-c3ccc(-n4c5ccccc5c5cc(-c6ccc7oc8ccccc8c7c6)ccc54)cc3)n2)cc1,Cc1ccccc1,433.0
10340,N#CC(C#N)=Cc1ccc(-c2ccc(-c3nc4ccccc4s3)c(O)c2)o1,O,596.0
2575,CCCCC1(c2ccccc2)Nc2c(-c3ccc(N(C)C)cc3)ccc(-c3ccc(N(C)C)cc3)c2N=C1c1ccccc1,Cc1ccccc1,547.0
53,CC1(C)CC(/C=C/c2cn(-c3ccccc3)nc2-c2ccccc2)=CC(=C(C#N)C#N)C1,CCOC(C)=O,564.0
8756,CC1=CC(C)=[N+]2C1=C(C)c1cccn1[B-]2(F)F,CO,497.0
3340,CC(C)CCCCN1CCc2c1ccc1c3c(ccc21)CCCC3=O,Cc1ccccc1,554.0
9304,CCC1=C(C)C2=C(c3c(C)cc(C)nc3-c3cccs3)c3c(C)c(CC)c(C)n3[B-](F)(F)[N+]2=C1C,CCOC(C)=O,550.0
1705,COc1cc(/C=C/c2nc3ccccc3s2)c(OC)cc1/C=C/c1nc(C)nc(/C=C/c2cc(OC)c(/C=C/c3nc4ccccc4s3)cc2OC)n1,ClCCl,502.0
11095,CN(C)c1ccc(C2=Cc3ccc4ccccc4[n+]3[B-](F)(F)O2)cc1,CO,564.0
8262,Cc1cc(C)cc(C)c1,C1CCCCC1,294.7244327
8223,CN(C)c1cc(C#N)c(N(C)C)c(C#N)c1,CN(C)C=O,533.9028297
1493,CC(C)(C)[Si](C)(C)C#Cc1c2c(=O)c3ccccc3c2c(C#C[Si](C)(C)C(C)(C)C)c2c(=O)c3ccccc3c12,ClC(Cl)Cl,571.0
5876,CC(C)[Si]1(C(C)C)c2cc(N(C)C)ccc2-c2ccc(C(F)(F)F)cc21,c1ccccc1,410.0
12217,CC(C)(C)c1cc2ccc3c(-c4ccc(N(c5ccccc5)c5ccccc5)cc4)ccc4c5nc6cc(C#N)c(C#N)cc6nc5c(c1)c2c34,C1CCOC1,839.1836735
8344,O=C(c1ccc(N2c3ccccc3[Si](c3ccccc3)(c3ccccc3)c3ccccc32)cc1)c1ccc(N2c3ccccc3[Si](c3ccccc3)(c3ccccc3)c3ccccc32)cc1,ClC(Cl)Cl,534.1791045
803,CCn1c2ccccc2c2cc(-c3cc(-c4ccc5c(c4)c4ccccc4n5CC)nc(-c4ccc(C#N)cc4)n3)ccc21,CN(C)C=O,422.0
4953,CC(C)(C)c1ccc2c(c1)c1cc(C(C)(C)C)ccc1n2-c1cc(C(=O)c2ccncc2)cc(-n2c3ccc(C(C)(C)C)cc3c3cc(C(C)(C)C)ccc32)c1,Cc1ccccc1,496.4879852
7743,c1cc2ccc3ccc(-n4c5ccccc5c5ccccc54)c4ccc(c1)c2c34,CCOC(C)=O,398.0
1812,CC(C)(C)C1Nc2c(Br)cc(Br)cc2C(=O)N1Cc1ccccc1,CCCCCCCCCCCCCCCC,399.0
9344,O=Cc1c(O)c(-c2nc3ccccc3s2)cc2ccccc12,C1CCOC1,497.0
990,COc1cccc(C2=c3c(c4ccc(C(C)(C)C)cc4c4cc(C(C)(C)C)ccc34)=[N+]3C2=C(c2ccccc2)c2c(-c4cccc(OC)c4)c4c5ccc(C(C)(C)C)cc5c5cc(C(C)(C)C)ccc5c4n2[B-]3(F)F)c1,Cc1ccccc1,730.0
2774,O=C1/C(=C2\Nc3cc4ccc5cccc6ccc(c3C2=O)c4c56)Nc2cc3ccc4cccc5ccc(c21)c3c45,C1CCOC1,707.0
9629,COc1c2ccccc2c(-c2ccccc2)c2ccccc12,ClC(Cl)(Cl)Cl,426.0
2448,CCCCOc1c(-c2ccc(C=O)cc2)cc2cc(-c3ccc(C=O)cc3)c(OCCCC)c3c4c(OCCCC)c(-c5ccc(C=O)cc5)cc5cc(-c6ccc(C=O)cc6)c(OCCCC)c(c1c23)c54,ClCCl,500.0
3513,F[Si-](F)(c1ccccc1)(c1ccccc1)c1cccc2ccccc12,C1CCOC1,338.0
8514,CSc1cc(-c2cc3cc4c5c(c3oc2=O)CCCN5CCC4)oc(=O)c1C#N,CC(C)=O,596.0
10282,CCN(CC)c1ccc2cc(/C=C/C(=O)/C=C(O)/C=C/c3cc4ccc(N(CC)CC)cc4oc3=O)c(=O)oc2c1,Cc1ccccc1,542.0
219,COc1ccc(/C=C/c2nc(/C=C/c3ccc(N(C)C)cc3)cc(/C=C/c3ccc(N(C)C)cc3)n2)cc1,CS(C)=O,598.0
2942,Cn1cccc1-c1cc(C#N)ccc1C#N,CCOCC,463.0
1288,Cc1nnc(-c2cc(-n3c4ccccc4c4ccccc43)c(-n3c4ccccc4c4ccccc43)cc2-c2nnc(C)o2)o1,ClCCl,485.512034
3163,Oc1ccccc1-c1nc(-c2ccccc2)c2ccccn12,O,481.0
4678,CC(C)(C)c1ccc(-c2nnc(-c3ccc4ccc5cccc6ccc3c4c56)o2)cc1,ClC(Cl)Cl,426.0
2618,O=C1c2ccccc2-c2c(-c3cccc(Cl)c3O)[nH]c(=O)n21,CO,492.0
3612,CCOC(=O)CCCCCn1c2ccccc2c(=O)c2cc3c(cc21)c(=O)c1ccccc1n3CCCCCC(=O)OCC,CO,560.0
43,N#CC(C#N)=Cc1ccc(-c2cccc(-c3nc4ccccc4s3)c2O)o1,ClCCl,605.0
7871,C(/C=C/c1cc2c3c(c1)CCCN3CCC2)=C\c1ccncc1,CC#N,569.0
9806,COc1cc(OC)c2c(c1)c1c(c3ccc(C(C)(C)C)cc32)=[N+]2C(=Nc3c(-c4cc(OC)c(OC)c(OC)c4)c4c5cc(OC)cc(OC)c5c5cc(C(C)(C)C)ccc5c4n3[B-]2(F)F)C=1c1cc(OC)c(OC)c(OC)c1,Cc1ccccc1,809.0
10888,O=S(=O)(c1ccc(-c2ccc(-c3nc4c5ccccc5c5ccccc5c4n3-c3ccccc3)cc2)cc1)c1ccc(-c2ccc(-c3nc4c5ccccc5c5ccccc5c4n3-c3ccccc3)cc2)cc1,CCCCCC,404.0
9803,CCCCCCCCC1(CCCCCCCC)c2cc3c(cc2-c2sc(-c4ccc(/C=C5\SC(SCC)=NC5=O)c5nsnc45)cc21)C(CCCCCCCC)(CCCCCCCC)c1cc(-c2ccc(/C=C4\SC(SCC)=NC4=O)c4nsnc24)sc1-3,ClC(Cl)Cl,718.0
3792,c1ccc(-c2nn(-c3ccccc3)c3nc4ccccc4cc23)cc1,CN(C)C=O,476.6444233
3571,C(=C/c1nc2ccccc2s1)\c1ccc(-c2nc3c4cccnc4c4ncccc4c3[nH]2)cc1,CO,488.0
12237,O=C1c2ccc(N(c3ccc(-c4ccccc4)cc3)c3ccc(-c4ccccc4)cc3)cc2C(=O)c2ccc(N(c3ccc(-c4ccccc4)cc3)c3ccc(-c4ccccc4)cc3)cc21,Cc1ccccc1,629.0
1503,Oc1cccc(/N=C/c2ccccc2Oc2ccccc2)c1,C1COCCO1,406.0
8289,N#Cc1cccc(C#N)c1N,CCCCCCC,365.0
12054,CN(C)c1ccc(/C=C2\CCCC2=O)cc1,CCOCC,420.0
7596,N#Cc1nnn(-c2ccnc3cc(Cl)ccc23)c1N,C1CCOC1,375.0093752
3439,CN1/C(=C/C=C(/C=C/C2=[N+](C)c3ccccc3C2(C)C)c2ccc(C(F)(F)F)cc2)C(C)(C)c2ccccc21,O,658.0
1892,Cc1ccc(C(=O)/C=C2\C(=O)Nc3ccccc32)cc1C,CC(C)(C)O,400.0
11820,NS(=O)(=O)c1ccc(N2N=C(c3ccc(O)cc3)CC2c2ccc([N+](=O)[O-])cc2)cc1,CS(C)=O,425.0
11431,CCCCCCOc1ccc(-c2cnc(-c3nnc(-c4ccc(OCCCCCC)cc4)o3)o2)cc1,C1CCOC1,386.0
9305,CCC1=C(C)C2=C(c3c(C)cc(C)nc3-c3cccs3)c3c(C)c(CC)c(C)n3[B-](F)(F)[N+]2=C1C,CCOCC,548.0
5255,O=C(O)c1c2ccccc2nc2ccccc12,OCCO,425.0
1955,N#Cc1ccc(-c2ccc3ncnc(Nc4ccccc4)c3c2)cc1,ClC(Cl)Cl,508.0
11549,CCCCC(CC)COc1ccc2nc(-c3ccc(-c4cccs4)s3)sc2c1,ClCCl,438.0
5167,CSc1ccc(/C=C/c2cnc3ccccc3n2)cc1,CC#N,499.0
4814,Cc1cc(-c2ccccc2)cc(C)[o+]1,ClCCl,434.0
3575,CC1=C(C#Cc2ccccc2)C2=Cc3c(C#Cc4ccccc4)c(C)c(C)n3[B-](F)(F)[N+]2=C1C,CC#N,579.0
6460,O=P1(c2ccccc2)C2=C(c3ccccc31)S(=O)(=O)c1ccccc12,CC#N,465.0
1505,Oc1cccc(/N=C/c2ccccc2Oc2ccccc2)c1,CC(C)=O,415.0
8483,CN(C)c1ccc(/C=C/C=C2\CC/C(=C\c3ccc(N(C)C)cc3)C2=O)cc1,ClC(Cl)Cl,623.0
670,COc1c(-c2c(OC)c3cccc4ccc5oc(=O)cc2c5c43)c2cc(=O)oc3ccc4cccc1c4c32,CC1CCCO1,543.0
6491,CCN(CC)c1ccc(-c2nc3c(c4c2-c2ccccc2CC4)-c2ccccc2CC3)cc1,C1CCOC1,452.0
7048,Cc1cc(=O)c2ccc(N)cc2o1,O,435.0
10508,CCn1c2ccccc2c2cc(C#Cc3cc(C#Cc4ccc5c(c4)c4ccccc4n5CC)ncn3)ccc21,CCOC(C)=O,445.0
10913,Nc1ccc2cc(-c3ccc(C(F)(F)F)cc3)oc(=O)c2c1,CCOC(C)=O,436.0
1085,N#Cc1c(-c2ccc(N(c3ccccc3)c3ccccc3)cc2)c(C#N)c(-c2ccc(N(c3ccccc3)c3ccccc3)cc2)c(C#N)c1-c1ccc(N(c2ccccc2)c2ccccc2)cc1,O=P(c1ccccc1)(c1ccccc1)c1ccccc1Oc1ccccc1P(=O)(c1ccccc1)c1ccccc1,533.0
897,Cc1cc(C)c(C2=[N+]3C(=Cc4c(C)cc(C)n4[B-]3(F)F)c3ccccc32)[nH]1,C1CCOC1,627.0
3306,C(=C/c1nc2ccccc2[nH]1)\c1ccc(/C=C/c2nc3ccccc3[nH]2)cc1,CS(C)=O,439.0
7581,Cc1ccc([C@@H]2C[C@](O)(c3ccccn3)C[C@](O)(c3ccccn3)[C@H]2C(=O)c2ccc(N(c3ccccc3)c3ccccc3)cc2)cc1,CN(C)C=O,523.0
8026,CNc1ccc(/C=C/C#N)cc1,CC1CCCCC1,391.0
6239,CCOC(=O)/C(C#N)=C\c1ccc2c(c1)c1ccccc1n2-c1ccc(OC)cc1,CO,532.0
2666,c1ccc2sc(-c3ccc(-c4nnc(-c5ccc(-c6nnc(-c7ccc(-c8cc9ccccc9s8)s7)o6)cc5)o4)s3)cc2c1,CS(C)=O,423.0
7646,O=C1/C(=C/C=C/c2cc3c4c(c2)CCCN4CCC3)CC/C1=C\C=C\c1cc2c3c(c1)CCCN3CCC2,c1ccncc1,720.0
3193,CN(C)c1ccc2c3c(ccc2c1)CCCC3=O,CC(C)O,520.0
2890,c1ccc(N(c2ccccc2)c2ccc(-c3cccc4nc5ccccc5cc34)cc2)cc1,CCCCCC,462.0
6003,O=C(/C=C/c1ccc(O)c(O)c1)O[C@H](Cc1ccc(O)c(O)c1)C(=O)O,C1CCOC1,397.0
7739,CCOC(=O)C1=C(C)NC2=C(C(=O)c3ccccc32)C1c1ccc(N(C)C)cc1,CO,561.0
9356,CCOC(=O)c1ccccc1-c1c2ccc(=O)cc-2oc2cc(OC(=O)[C@H](CSCc3ccc(C)cc3)NC(=O)OC(C)(C)C)ccc12,CS(C)=O,549.0
4739,Cc1ccc(-c2cc(-c3ccccc3)c(C#N)c(=S)[nH]2)cc1,ClC(Cl)(Cl)Cl,508.0
2621,CCOC(=O)c1ccc(O)c(-c2[nH]c(=O)n3c2-c2ccccc2C3=O)c1,CO,490.0
8878,CCn1c2ccccc2c2cc(-c3cc(-c4ccc5c(c4)c4ccccc4n5CC)ncn3)ccc21,CN(C)C=O,418.0
6202,O=C1c2ccccc2NC(c2ccccc2)N1Cc1ccccc1,c1ccccc1,393.0
9464,CC(=O)O[B-]1(OC(C)=O)OC(/C=C/c2cccc3ccccc23)=CC(/C=C/c2cccc3ccccc23)=[O+]1,Cc1ccccc1,529.0
9609,Cn1c(=O)c(/N=N/c2ccc(Nc3ccccc3)c(S(=O)(=O)O)c2)c(O)c2ccccc21,CO,509.0
8582,c1ccc(-c2ccc(-c3ccc(-n4c5ccccc5c5ccccc54)cc3)c3nsnc23)cc1,CC(C)=O,562.0
5813,c1ccc(Nc2nc(Nc3ccccc3)nc(Nc3ccc4ccc5cccc6ccc3c4c56)n2)cc1,CCCCOCCCC,394.0
2,CN(C)c1ccc(-c2ccc(-c3cc(-c4ccccc4)c(-c4ccccc4)c(-c4ccccc4)c3-c3ccccc3)cc2)cc1,ClC(Cl)Cl,373.0
5970,CCN(CC)c1ccc2cc(/C=C/C(O)=C3\CC/C(=C\c4cc5ccc(N(CC)CC)cc5oc4=O)C3=O)c(=O)oc2c1,CS(C)=O,639.0
2370,CCCCCCOc1ccc(N(c2ccc(OCCCCCC)cc2)c2ccc(-c3sc(-c4ccc(N(c5ccc(OCCCCCC)cc5)c5ccc(OCCCCCC)cc5)cc4)c4nc(-c5ccc(OC)cc5)c(-c5ccc(OC)cc5)nc34)cc2)cc1,ClCCl,752.0
3804,C#CCn1c2ccccc2c2cc(/C=C/C3=[N+]4C(=C(c5ccc(I)cc5)c5c(C)c(Cl)c(/C=C/c6ccc7c(c6)c6ccccc6n7CC#C)n5[B-]4(F)F)C(C)=C3Cl)ccc21,CS(C)=O,749.0
1769,Cc1cc(O)c(C(=O)/C=C/c2ccc(Cl)cc2Cl)c(=O)o1,CC#N,473.0
10419,c1ccc(-c2nc(-c3ccccc3)c(N(c3ccccc3)c3ccccc3)s2)cc1,ClC(Cl)Cl,463.0
10811,COc1ccc(-c2cnc3cccc(-c4ccc(C(C)=O)cc4)n23)cc1,ClCCl,537.0
6079,COC(=O)c1ccc(C#Cc2ccc(N(C)C)cc2)cc1,CC(C)O,441.5011038
531,c1ccc2c(c1)[nH]c1ncccc12,CCCCCC,338.0
10567,c1ccc(-c2nc(-c3ccc(-c4ccc(N(c5ccccc5)c5ccccc5)cc4)cn3)oc2-c2ccccc2)cc1,CCCCOCCCC,431.0
8181,COCCOCCOCCOc1ccc(OCCOCCOCCOC)c(C=O)c1,CNC=O,458.0
10603,Oc1cc(N(c2ccccc2)c2ccccc2)ccc1-c1nc2c3ccc(-c4ccccc4)cc3c3cc(-c4ccccc4)ccc3c2[nH]1,ClCCl,426.0
6476,COc1ccc(-c2nc3c(c4c2-c2ccccc2CC4)-c2ccccc2CC3)cc1,CC#N,416.0
6977,c1csc(-c2cnc(-c3cccs3)c3nonc23)c1,CO,616.0
10925,COc1ccc2cc(-c3ccc(C(F)(F)F)cc3)oc(=O)c2c1,CO,413.0
10384,[NH3+]c1cc([NH3+])cc(-c2[nH+]c3ccccc3s2)c1,O,460.0
3120,CSc1sc(C(C)=O)c2nn[nH]c(=O)c12,CO,498.0
11047,O=[N+]([O-])c1ccc(F)cc1C1CC(c2cccc3ccccc23)=NN1c1ccccc1,C1COCCO1,461.0
6259,c1ccc(-c2cc(-c3ccc(N4c5ccccc5C(c5ccccc5)(c5ccccc5)c5ccccc54)cc3)nc(-c3ccccc3)n2)cc1,Cc1ccccc1,450.0
731,N#Cc1ccc(-c2ccc(C3=CCCCC3)s2)s1,CCO,436.0
3406,CC(C)c1cc(C(C)C)c(B2c3ccccc3Oc3cc(N4c5ccccc5C5(c6ccccc6Oc6ccccc65)c5ccccc54)ccc32)c(C(C)C)c1,Cc1ccccc1,451.0
5991,CCCCN(CCCC)c1ccc2nc3c4ccccc4c(=O)c(-c4cccc5ccccc45)c-3oc2c1,ClCCl,620.0
6328,COc1ccc(C#Cc2c3cc4cc(C)sc4cc3c(C#Cc3ccc(OC)cc3)c3cc4cc(C)sc4cc23)cc1,ClCCl,590.0
8500,Cc1cc2nc3c(=O)n(C)c(=O)nc-3n(C)c2cc1C,CC#N,531.0
2565,O=S(=O)(O)c1cccc2cccc(Nc3ccccc3)c12,CCCO,479.0
2581,CCCCC1(c2ccccc2)Nc2c(-c3ccc(OC)cc3)ccc(-c3ccc(OC)cc3)c2N=C1c1ccccc1,Cc1ccccc1,525.0
10017,CNc1cccc2c1C(=O)c1ccccc1C2=O,CC#N,617.0
2607,Cc1ccc(O)c(-c2[nH]c(=O)n3c2-c2ccccc2C3=O)c1,ClCCl,475.0
11610,Nc1ccc2c(C(F)(F)F)cc(=O)oc2c1,CC#N,463.0
2104,CN1CCN(CCCN2c3ccccc3Sc3ccc(Cl)cc32)CC1,CO,449.0
11393,Oc1ccc2ccccc2c1C1Nc2cccc3cccc(c23)N1,CO,476.0
9804,O=c1cc(-c2ccccc2)oc(-c2nc3ccccn3c2NC2CCCCC2)c1,ClCCl,475.0
11210,N#Cc1ccc(N)c2nonc12,C1COCCO1,540.0
4994,Cc1ccc(Sc2cc3ccc4cccc5ccc(c2)c3c45)cc1,ClCCl,405.0
11141,CCCCC(CC)CN1C(=O)c2cccc3c(C#Cc4ccc(N(c5ccc(C#Cc6ccc7c8c(cccc68)C(=O)N(CC(CC)CCCC)C7=O)cc5)c5ccc(C#Cc6ccc7c8c(cccc68)C(=O)N(CC(CC)CCCC)C7=O)cc5)cc4)ccc(c23)C1=O,ClC(Cl)Cl,588.0
5057,O=C1/C(=C2\Sc3ccc(S(=O)(=O)Cl)cc3C2=O)Sc2ccc(S(=O)(=O)Cl)cc21,C1COCCO1,576.0
658,CN1C(=O)/C(=C/c2ccncc2)N=C1c1ccccc1,O,477.0
4434,O=[N+]([O-])c1ccc(C2=Nc3sc(-c4ccccc4)n[n+]3[B-](F)(F)O2)cc1,Cc1ccccc1,409.0
11642,CCN(CC)c1ccc2ccc(=O)oc2c1,CCCCCC,392.0
3816,N#Cc1nc2c3ccc(-n4c5ccccc5c5ccccc54)cc3c3cc(-n4c5ccccc5c5ccccc54)ccc3c2nc1C#N,Cc1ccccc1,531.0
6773,Cc1cc(C(F)(F)F)nc2c1ccc1nc(-c3ccc(F)c(F)c3)cn12,CO,456.0
11552,CCCCCc1ccc(C#Cc2cc(C#Cc3ccc(CCCCC)cc3)c3ccc4c(C(=O)c5ccccc5)cc(C#Cc5ccc(CCCCC)cc5)c5ccc2c3c54)cc1,ClCCl,511.0
7260,C(/C=C/Nc1ccccc1)=[NH+]c1ccccc1,CS(C)=O,492.0
3904,COc1cc2c3c4c(c5ccc(C(C)(C)C)cc5c5cc(C(C)(C)C)cc(c2c(OC)c1OC)c45)=[N+]1C3=Nc2c3c4cc(OC)c(OC)c(OC)c4c4cc(C(C)(C)C)cc5c6cc(C(C)(C)C)ccc6c(c3c54)n2[B-]1(F)F,Cc1ccccc1,832.0
10908,Nc1ccc2cc(-c3ccc(C(F)(F)F)cc3)oc(=O)c2c1,CC(C)=O,439.0
6811,COc1cccc(-n2c(-c3ccccc3)nc(C)c2C)c1,CCCCCC,365.0
8845,C(=C/c1cc(/C=C/c2ccc(-n3c4ccccc4c4ccccc43)cc2)cc(/C=C/c2ccc(-n3c4ccccc4c4ccccc43)cc2)c1)\c1ccc(-n2c3ccccc3c3ccccc32)cc1,ClCCl,419.0
3700,Cc1cc(-c2ccc(-n3c4ccccc4c4ccccc43)cc2)nc(-c2ccc(-n3c4ccccc4c4ccccc43)cc2)n1,Cc1ccccc1,398.0
9372,CC(=O)c1c(N[C@@H](Cc2ccccc2)C(=O)O)c2ccc(N(C)C)cc2oc1=O,ClCCl,450.0
1788,CCC1=C(C)C2=Cc3cc4c(cc3B(O)N2C1=O)OCO4,CS(C)=O,498.0
6314,CC(C)(C)c1ccc2c(c1)c1cc(C(C)(C)C)ccc1n2-c1ccc(C#Cc2cccc(C#Cc3ccc(-n4c5ccc(C(C)(C)C)cc5c5cc(C(C)(C)C)ccc54)cc3)c2)cc1,CC#N,435.0
3645,COc1ccccc1-c1nc2c([nH]1)C1=CC(=O)S[C@]1(C)[C@@]1(C)SC(=O)C=C21,CC#N,505.0
1776,Cc1cc(O)c(C(=O)/C=C/c2ccc([N+](=O)[O-])cc2)c(=O)o1,ClCCl,480.0
192,CN(C)c1ccc(/C=C/c2cc(/C=C/c3ccc(N(C)C)cc3)nc(/C=C/c3ccccc3)n2)cc1,CS(C)=O,601.0
8402,N#Cc1nc2c3ccc(-c4ccc(N(c5ccccc5)c5ccccc5)cc4)cc3c3cc(-c4ccc(N(c5ccccc5)c5ccccc5)cc4)ccc3c2nc1C#N,C1COCCO1,633.4177215
10540,O=C1c2ccccc2-c2ccc(Nc3nc(Cl)nc(Cl)n3)c3cccc1c23,CCCCOCCCC,496.031746
5388,CCN(CC)c1ccc(-c2nc3c4ccc(-c5ccccc5)cc4c4cc(-c5ccccc5)ccc4c3[nH]2)c(O)c1,CCCCCC,414.0
8441,CC(C)(C)c1ccc(-c2nc3c4ccc(-c5ccc6ccc7cccc8ccc5c6c78)cc4c4cc(-c5ccc6ccc7cccc8ccc5c6c78)ccc4c3n2-c2ccc(C(C)(C)C)cc2)cc1,ClC=C(Cl)Cl,437.0
4951,CCCCCCOc1cc(N(CC)CC)ccc1/C=C(\C#N)c1ccc(/C=C/C(=C(C#N)C#N)c2ccc(N(c3ccccc3)c3ccccc3)cc2)s1,ClCCl,750.0
2687,CCN(CC)c1ccc2c(-c3ccccc3C(=O)[O-])c3ccc(=[N+](CC)CC)cc-3oc2c1,CCO,571.0
4390,O=Cc1cc(N2CCCCC2)c2ccc3c(N4CCCCC4)cc(N4CCCCC4)c4ccc1c2c43,C1COCCO1,557.0
4927,F[B-]1(F)n2c(NCc3ccccc3)ccc2C(c2c(Cl)cccc2Cl)=C2C=CC(NCc3ccccc3)=[N+]21,CCOC(C)=O,592.0
5552,O=C1c2ccccc2C2=Cc3ccccc3B(O)N12,ClC(Cl)Cl,437.0
11588,N#C[Se]CCCCCOc1ccc2ccc(=O)oc2c1,C1CCOC1,391.0
238,CCC1(CC)c2ccccc2-c2c1c1c(c3c2C(CC)(CC)c2cc(B(c4c(C)cc(C)cc4C)c4c(C)cc(C)cc4C)ccc2-3)C(CC)(CC)c2cc(B(c3c(C)cc(C)cc3C)c3c(C)cc(C)cc3C)ccc2-1,ClC(Cl)Cl,387.0
11354,O=Cc1ccc(N(c2ccc(C=O)cc2)c2ccc(-c3ccc4c(c3)C(=O)c3ccccc3C4=O)cc2)cc1,ClCCl,685.0
8398,COC(=O)C(Cc1ccc2oc(-c3ccc4c(c3)c3ccccc3n4-c3ccccc3)nc2c1)NC(=O)OC(C)(C)C,NC=O,404.0077569
6901,CN(C)c1ccc(/C=C/c2nc3ccc(N(C)C)cc3oc2=O)cc1,CCOC(C)=O,587.0
8979,CC(C)[Si](C#Cc1c2cc3ccccc3cc2c(C#Cc2ccc(C(F)(F)F)cc2)c2cc3ccccc3cc12)(C(C)C)C(C)C,ClCCl,667.0
12146,CCCCCCC(CCCCCC)N1C(=O)c2cccc3c(-c4cc(OC)c(OC)c(OC)c4)ccc(c23)C1=O,Cc1ccccc1,492.4
8879,CCn1c2ccccc2c2cc(-c3cc(-c4ccc5c(c4)c4ccccc4n5CC)ncn3)ccc21,Cc1ccccc1,379.0
5097,CC1(C)c2ccccc2N(c2ccccc2)c2ccc(-c3ccc(-c4ccc5c(c4)C(C)(C)c4ccccc4N5c4ccccc4)c4nsnc34)cc21,c1ccc2c(c1)c1ccccc1n2-c1ccc(-c2ccc(-n3c4ccccc4c4ccccc43)cc2)cc1,588.0
8877,CCn1c2ccccc2c2cc(-c3cc(-c4ccc5c(c4)c4ccccc4n5CC)ncn3)ccc21,CCOC(C)=O,392.0
9159,CCCCCCCCCCCCNc1cccc2[n+]1[B-](F)(F)n1c(c3cccc4cccc1c43)=N2,CCCCCC,509.0
10462,O=C1/C(=C\c2ccc3oc4ccccc4c3c2)S(=O)(=O)c2ccccc21,ClCCl,438.0
3552,O=C(N/N=C/c1ccccc1O)c1cccc2ccccc12,CCO,429.0
12224,N#Cc1nc(N(Cc2ccc(Br)cc2)Cc2ccc(Br)cc2)c(C#N)nc1N(Cc1ccc(Br)cc1)Cc1ccc(Br)cc1,ClC(Cl)Cl,575.0
3360,CC(C)(C)c1ccc2c(c1)sc1[n+]2[B-](F)(F)n2c(c3cccc4c(Br)ccc2c43)=N1,CCCCCC,516.0
5628,CCCCCCCCC1(CCCCCCCC)c2cc(-c3ccc(C=C4C(=O)c5ccccc5C4=O)cc3)ccc2-c2ccc(-c3ccc(C=C4C(=O)c5ccccc5C4=O)cc3)cc21,CC(C)=O,568.0
7751,O=S1(=O)C2=C(c3ccc(-c4ccc(N(c5ccccc5)c5ccccc5)cc4)cc31)C1(C3=C(c4ccccc41)S(=O)(=O)c1cc(-c4ccc(N(c5ccccc5)c5ccccc5)cc4)ccc13)c1ccccc12,Cc1ccccc1,543.0
5783,CC(C)(C)c1ccc(-c2cc3c4c(c2)CCc2cc(-c5ccc(C(C)(C)C)cc5)cc(c2-4)CC3)cc1,C1CCOC1,384.8663102
4507,CC(C)(C)c1ccc(-c2nc3c4ccc(-c5cccc6ccccc56)cc4c4cc(-c5cccc6ccccc56)ccc4c3n2-c2ccc(C(C)(C)C)cc2)cc1,C1COCCO1,385.0
10358,CC(C)[Si](C#Cc1c2nc3ccccc3nc2c(C#C[Si](C(C)C)(C(C)C)C(C)C)c2nc3c(ccc4ccccc43)nc12)(C(C)C)C(C)C,CCCCCC,656.0
146,O=C1OC(c2ccccc2)=N/C1=C\c1ccc(N(c2ccc(/C=C3\N=C(c4ccccc4)OC3=O)cc2)c2ccc(/C=C3/N=C(c4ccccc4)OC3=O)cc2)cc1,C1CCCCC1,511.0
9054,N#Cc1cccc2cc[nH]c12,C1COCCO1,367.0
2294,N#Cc1nc2c3ccc(N(c4ccccc4)c4ccccc4)cc3c3cc(N(c4ccccc4)c4ccccc4)ccc3c2nc1C#N,O=P(c1ccccc1)(c1ccccc1)c1cccc(-c2cc(-n3c4ccccc4c4ccccc43)cc(-n3c4ccccc4c4ccccc43)c2)n1,606.0
7178,O=P1(c2ccccc2)c2ccccc2-c2sc3ccccc3c21,CC#N,427.0
8826,COc1ccc(/C=C/c2cc(/C=C/c3ccc(OC)cc3)nc(/C=C/c3ccc(N(c4ccccc4)c4ccccc4)cc3)n2)cc1,CC(C)=O,572.0
11617,Nc1ccc2c(C(F)(F)F)cc(=O)oc2c1,CCCCCCO,481.0
11828,NS(=O)(=O)c1ccc(N2N=C(c3ccc(O)cc3)CC2c2ccccc2)cc1,CN(C)C=O,422.0
7081,O=C1c2ccccc2-c2ccc(N3CCN(c4ccccc4)CC3)c3cccc1c23,CCCCO,581.0
4733,Cc1ccc(-c2cc(-c3ccccc3)c(C#N)c(=S)[nH]2)cc1,CCCCO,503.0
4384,CCCCCCN(CCCCCC)c1ccc(C#Cc2ccc(C#Cc3ccc(-c4ccc(C#Cc5ccc(C#Cc6ccc(N(CCCCCC)CCCCCC)cc6)cc5)cc4)cc3)cc2)cc1,Cc1ccccc1,433.0
8410,CCN1c2ccccc2Sc2cc(/C=C(\C#N)c3ccccc3)ccc21,CN(C)C=O,590.0
4545,COc1ccc(C2=[N+]3C(=Nc4c(-c5ccccc5-c5ccc(C(C)(C)C)cc5)cc(-c5ccc(OC)cc5)n4[B-]3(F)F)c3c2c2cc(C(C)(C)C)ccc2c2ccccc32)cc1,Cc1ccccc1,723.0
596,CN(C)c1ccc(-c2cc(=O)c3ccccc3o2)cc1,Cc1ccccc1,417.0
11135,CC(C)(C)c1ccccc1N(c1ccccc1)c1ccc(S(=O)(=O)c2ccc(S(=O)(=O)c3ccc(N(c4ccccc4)c4ccccc4C(C)(C)C)cc3)cc2)cc1,Cc1ccccc1,444.0
8640,C#CCNC1=C2C=CC=[N+]2[B-](F)(F)n2cccc21,CC(C)=O,466.5
5164,COc1ccc2cc(/C=C/c3ccc([N+](=O)[O-])cc3)c(=O)oc2c1,CC#N,610.0
11202,Cc1ccsc1-c1ccc(-c2ccc(-c3sccc3C)s2)s1,CCCCCCCCCCCCCC,473.0
1647,CCC1(CC)c2ccccc2-c2c1c1c(c3c2C(CC)(CC)c2cc(N(c4ccccc4)c4ccccc4)ccc2-3)C(CC)(CC)c2ccccc2-1,CC(C)=O,399.0
6815,COc1cccc(-n2c(-c3ccccc3)nc(C)c2C)c1,CO,368.0
2700,CCCCOC(=O)c1ccccc1-c1c2ccc(=[N+](CC)CC)cc-2oc2cc(N(CC)CC)ccc12,CCO,572.0
1700,CC(=O)Nc1ccccc1C(=O)OC1CC(C)CCC1C(C)C,Cc1ccccc1,368.0
2773,Cc1ccc(-c2ccc(/C=C/c3cccn3C)cn2)nc1,c1ccccc1,464.0
6968,C#CCOc1ccc(/C=C/C2=[N+]3C(=C(c4ccc(N(CC)CC)cc4)c4c(C)cc(/C=C/c5ccc(S(=O)(=O)O)cc5S(=O)(=O)O)n4[B-]3(F)F)C(C)=C2)cc1,O,660.0
8143,COCCOCCOCCOCCOc1ccc(OCCOCCOCCOCCOC)c(C=O)c1,CCCCO,458.0
6219,COc1ccc(-n2c3ccccc3c3cc(C=C(C#N)C#N)ccc32)cc1,ClC(Cl)Cl,511.0
86,O=c1oc2ccc3ccccc3c2nc1-c1ccccc1,c1ccccc1,463.5
10050,Cc1ccc2nc(/C=C/c3ccc(N(C)C)cc3)c(-c3ccccc3)nc2c1,ClCCl,571.0
11087,F[B-]1(F)OC(c2ccccc2)=Cc2ccc3ccccc3[n+]21,ClC(Cl)Cl,438.0
10727,CC(C)[Si]1(C(C)C)c2cc(C=O)ccc2-c2ccc(N(c3ccccc3)c3ccccc3)cc21,CS(C)=O,557.0
2594,C(#Cc1nc2ccccc2s1)c1ccc(N(c2ccccc2)c2ccccc2)cc1,Cc1ccccc1,437.0
1029,N#Cc1nc2c(nc1C#N)C1c3ccc(N(c4ccccc4)c4ccccc4)cc3C2c2ccc(N(c3ccccc3)c3ccccc3)cc21,C1CCCCC1,475.0
136,CC1(C)C(/C=C/c2cc3ccc(O)cc3oc2=O)=[N+](CCCS(=O)(=O)[O-])c2ccccc21,CCO,642.0
6972,c1csc(-c2cnc(-c3cccs3)c3nonc23)c1,CC(C)=O,612.0
7024,C(=C/c1ccnc2ccccc12)\c1ccc(/C=C/c2ccnc3ccccc23)cc1,OCCO,459.0
2854,Cn1c(=O)c(/N=N/c2cc(S(=O)(=O)O)ccc2S(=O)(=O)O)c(O)c2ccccc21,CS(C)=O,490.0
1200,CC(=O)O[B-]1(OC(C)=O)OC(/C=C/C=C/c2ccccc2)=CC(/C=C/C=C/c2ccccc2)=[O+]1,CC(C)=O,544.0
6121,COc1ccc(C#Cc2ccc(C#N)cc2)cc1OC,CCCCCCC,347.0
9451,CC(C)(C)c1ccc(-c2nc3c4ccc(-c5ccc6ccccc6c5)cc4c4cc(-c5ccc6ccccc6c5)ccc4c3n2-c2ccc(C(C)(C)C)cc2)cc1,CCOCC,393.0
6296,CCn1c2ccccc2c2cc(/C=C/c3cc(/C=C/c4ccc5c(c4)c4ccccc4n5CC)nc(SC)n3)ccc21,ClCCl,489.0
3927,CN1c2cc3nc4cc(Br)c(Br)cc4nc3cc2N(C)C1(C)C,CCO,500.0
10819,CCCCn1c(-c2ccc(-c3nnc(-c4cccs4)o3)cc2)nc(-c2ccccc2)c1-c1ccccc1,ClCCl,444.0
3606,CCOC(=O)CCCCCn1c2ccc(F)cc2c(=O)c2cc3c(cc21)c(=O)c1cc(F)ccc1n3CCCCCC(=O)OCC,CO,566.0
10919,COc1ccc2cc(-c3ccc(C(F)(F)F)cc3)oc(=O)c2c1,CCCCCCCCO,410.0
2330,Cc1nc2c(ccc3c2sc(/C=C/c2ccc(-n4c5ccccc5c5ccccc54)cc2)[n+]3C)s1,CO,607.0
2187,CCN1c2ccc(/C=N/Nc3ccccn3)cc2Sc2cc(-c3ccc(C#N)cc3)ccc21,Cc1ccccc1,503.0
195,COc1ccc(/C=C/c2cc(/C=C/c3ccc(OC)cc3)nc(/C=C/c3ccc(C(F)(F)F)cc3)n2)cc1,C1CCOC1,436.0
5059,O=C1/C(=C2\Sc3ccc(S(=O)(=O)O)cc3C2=O)Sc2ccc(S(=O)(=O)O)cc21,C1COCCO1,587.0
802,CCn1c2ccccc2c2cc(-c3cc(-c4ccc5c(c4)c4ccccc4n5CC)nc(-c4ccc(C#N)cc4)n3)ccc21,CCOC(C)=O,408.0
2668,c1ccc2sc(-c3ccc(-c4nnc(-c5ccc(-c6nnc(-c7ccc(-c8cc9ccccc9s8)s7)o6)cc5)o4)s3)cc2c1,ClC(Cl)Cl,399.0
241,O=S(=O)([O-])c1ccc(/C=C/c2ccc(-c3nnc(-c4ccc(/C=C/c5ccc(S(=O)(=O)[O-])cc5S(=O)(=O)[O-])cc4)o3)cc2)c(S(=O)(=O)[O-])c1,CN(C)C=O,430.0
2068,COC(=O)C(Cc1ccc2oc(-c3ccc(N(c4ccccc4)c4ccccc4)cc3)nc2c1)NC(=O)OC(C)(C)C,CC1COC(=O)O1,474.0010428
8447,CC(C)(C)c1ccc(-c2nc3c4ccc(-c5ccc6ccc7cccc8ccc5c6c78)cc4c4cc(-c5ccc6ccc7cccc8ccc5c6c78)ccc4c3n2-c2ccc(C(C)(C)C)cc2)cc1,CCCCOCCCC,427.0
10725,CC(C)[Si]1(C(C)C)c2cc(C=O)ccc2-c2ccc(N(c3ccccc3)c3ccccc3)cc21,CCO,482.0
644,CCn1c2ccccc2c2cc(-c3cc(-c4ccc5c(c4)c4ccccc4n5CC)nc(N4CCCCC4)n3)ccc21,ClCCl,414.0
5103,O=C1c2cccc3cc4ccccc4c(c23)C(=O)N1Cc1ccccn1,Cc1ccccc1,483.0
1637,COC(=O)c1cc(=O)n(C)c2cc(-c3ccc(N(C)C)cc3)sc12,CC#N,599.0
7552,Cc1ccc(C(=O)OCc2c(C)c(=O)n3c(=O)c(C)c(C)n23)cc1,CCO,460.0
8312,N#CC(C#N)=C(/C=C/c1ccc(N(c2ccccc2)c2ccccc2)cc1)c1ccccc1,CC(C)=O,652.0
3074,CN1C(=CC2=C([O-])C(=CC3=[N+](C)c4ccccc4C3(C)C)C2=O)C(C)(C)c2cc(Cl)ccc21,ClC(Cl)Cl,653.0
7296,CCN(CC)c1cccc2c1ccc1c(=O)oc(-c3ccc(C(F)(F)F)cc3)cc12,CCCCO,578.0
3278,CCN(CC)c1ccc2cc(-c3nc4ccccc4s3)c(=O)oc2c1,C1CCCCC1,462.0
8003,O=C([O-])c1ccccc1O,CO,405.0
4970,CCN(CC)c1ccc(C=Cc2nc3nc4ccccc4nc3s2)cc1,CO,630.0
8732,CC1=C(C(C)(C)C)C(C)=[N+]2C1=C(C)c1c(C)c(C(C)(C)C)c(C)n1[B-]2(F)F,CC(C)CC(C)(C)C,569.0
6915,CN(C)c1ccc2nc(/C=C/c3ccccc3)c(=O)oc2c1,CN(C)C=O,571.0
8581,c1ccc(-c2ccc(-c3ccc(-n4c5ccccc5c5ccccc54)cc3)c3nsnc23)cc1,C1CCOC1,527.0
7829,Cc1cc2oc3ccccc3c2c2[nH]c3ccccc3c12,ClCCl,342.0
62,CCC12C(=C3C(=C4c5ccc(-c6ccc(C(C)=O)cc6)cc5S(=O)(=O)C41CC)C(F)(F)C(F)(F)C3(F)F)c1ccc(-c3ccc(C(C)=O)cc3)cc1S2(=O)=O,C1COCCO1,561.954262
9711,COc1ccc(-c2oc3c(c2Br)=[N+]2C(=C(C(F)(F)F)c4c(Br)c5oc(-c6ccc(OC)cc6)c(Br)c5n4[B-]2(F)F)C=3Br)cc1,C1CCOC1,765.0
9756,C[n+]1ccc(/C=C/c2ccc3cc(O)ccc3c2)cc1,O,565.0
9834,O=C(c1ccc(-n2c3ccccc3c3ccccc32)cc1)c1ccc(-n2c3ccccc3c3ccccc32)cc1,Cc1ccccc1,438.0
8889,CCCCc1cc(C(=O)CCC)c2ccc3c(CCCC)cc(N4CCCCC4)c4ccc1c2c34,CC#N,556.0
679,Cc1cc2ccc(-c3cccc4cccc(-c5ccc6cc(C)c(=O)oc6c5)c34)cc2oc1=O,CCOC(C)=O,403.0
2041,COc1ccc(/C=C/c2ccccc2)cc1OC,CC#N,385.0
5307,CCCCC[n+]1ccc(/C=C/c2ccc(N(C)C)c3ccccc23)c2ccccc21,C1COCCO1,680.0
9117,CCCC1(CCC)c2cc(C#N)ccc2-c2ccc(C#N)cc21,C1CCCCC1,324.0
3641,C[C@]12SC(=O)C=C1c1nc(-c3ccccc3)[nH]c1C1=CC(=O)S[C@@]12C,CC#N,513.0
9988,CCCCNc1ccc(NCCCC)c2c1C(=O)c1ccccc1C2=O,C1COCCO1,672.0
3258,CN(C)c1ccc(C2=Nc3sc4ccccc4[n+]3[B-](F)(F)O2)cc1,CC#N,486.0
1873,COc1ccc(C(=O)/C=C2\C(=O)Nc3ccccc32)cc1,CN(C)C=O,375.0
4744,N#Cc1c(-c2ccccc2)cc(-c2ccccc2)[nH]c1=S,CCCO,493.0
2912,c1ccc(-c2nc(-c3ccccc3)c(-c3ccccc3)o2)cc1,Cc1ccccc1,381.0
4027,CCOC(=O)c1c(-c2c(Cl)c3cc(C)ccc3oc2=O)nn(-c2ccccc2)c1C(=O)OCC,ClCCl,417.0
5488,N#Cc1c(-c2cccs2)cc(-c2ccc3c(c2)Cc2ccccc2-3)[nH]c1=O,C1CCOC1,492.0
10581,CCN(CC)c1ccc2cc(-c3cn4ccccc4n3)c(=O)oc2c1,CCO,482.0
8024,CNc1ccc(/C=C/C#N)cc1,CC#N,421.0
7786,COc1ccc2c(c1)-c1cc(OC)ccc1C2=O,C1CCCCC1,490.0
11334,O=Cc1ccc(/C=C/c2nc(N3CCOCC3)c3c([n+]2[O-])CCCC3)cc1,ClCCl,565.0
6864,CCOC(=O)/C=C/c1cc2ccc(-c3cn(Cc4ccccc4)nn3)cc2oc1=O,CCO,435.0
489,CN(C)c1ccc(C=C/C=C/C=C/c2ccc(C#N)cc2)cc1,C1CCOC1,609.0
690,CN1/C(=C/C=C(/C=C/c2sc3ccccc3[n+]2C)c2ccc(C(F)(F)F)cc2)Sc2ccccc21,CS(C)=O,668.0
602,CCN(CC)c1cc2sc3cc(N(CC)CC)c(F)cc3c(=O)c2cc1F,CCO,475.0
1014,CCCCCCCCCCCCn1c(-c2cc(-c3nc4ccccc4n3CCCCCCCCCCCC)cc(-c3nc4ccccc4n3CCCCCCCCCCCC)c2)nc2ccccc21,C1CCOC1,367.4
869,CCc1c(C)[nH]c(C2=[N+]3C(=Cc4c(C)cc(C)n4[B-]3(F)F)c3ccccc32)c1C,CCCCCC,630.0
1993,CCN(CC)c1ccc2c(c1)oc(=O)c1c(=O)oc3cc(C#Cc4ccc(C#N)cc4)ccc3c12,CS(C)=O,625.0
7610,O=Cc1ccc2c(c1)c1ccccc1n2-c1cc2ccccc2c2ccccc12,ClCCl,402.0
5283,COc1ccc(C2=C(c3ccc(OC)cc3)C(c3ccccc3)=[N+]3C2=Nc2c(-c4ccc(OC)cc4)c(-c4ccc(OC)cc4)c(-c4ccccc4)n2[B-]3(F)F)cc1,Cc1ccccc1,750.0
4370,N#Cc1ccc(C#Cc2ccc3ccc4ccc(C#Cc5ccc(C#N)cc5)c5ccc2c3c45)cc1,C1COCCO1,443.3
1361,Cc1cccc2cc3c(=O)n(C)c(=O)n(C)c3nc12,CO,425.0
1526,Oc1ccccc1/N=C/c1ccccc1Oc1ccccc1,C1CCCCC1,413.0
1629,COC(=O)c1cc(=O)n(C)c2cc(-c3cc(OC)c(OC)c(OC)c3)sc12,CC#N,495.0
1551,Oc1ccc(/N=C/c2ccccc2Oc2ccccc2)cc1,CS(C)=O,418.0
8777,CC1=[N+]2C(=C(c3ccc(C=O)cc3)c3ccc(C)n3[B-]2(F)F)C=C1c1cc2n(c1)[B-](F)(F)[N+]1=CC=CC1=C2c1c(C)cc(C)cc1C,CCOC(C)=O,669.0
11880,C(=C/c1cccc2ccccc12)\c1ncc(-c2ccccc2)o1,ClCCl,440.0
1337,CCOC(=O)COc1ccc(/C=C/c2c(CC)c(C)c3n2[B-](F)(F)[N+]2=C(c4[nH]c(C)c(CC)c4C)c4ccccc4C2=C3C)cc1,ClCCl,714.0
3901,CC(C)(C)c1ccc2c(c1)c1cc(C(C)(C)C)ccc1n2-c1cccc(-n2c3ccc(C(C)(C)C)cc3c3cc(C(C)(C)C)ccc32)c1C#N,Cc1ccccc1,414.0
5041,COC(=O)[C@H](Cc1ccc2oc3c(c2c1)=CC1=C(c2ccc(OC)cc2)c2cc4c5cc(C[C@H](NC(=O)OC(C)(C)C)C(=O)OC)ccc5oc4n2[B-](F)(F)[N+]=31)NC(=O)OC(C)(C)C,CCOC(C)=O,597.0
8252,COc1cc(C(=O)O)ccc1O,CC(C)O,340.0
8971,CC1(C)CC(/C=C/c2ccc(-n3ccnc3)cc2)=CC(=C(C#N)C#N)C1,CC#N,526.0
5039,CCCCCCOc1ccc2oc3c(c2c1)=CC1=C(c2ccccc2C)c2cc4c5cc(OCCCCCC)ccc5oc4n2[B-](F)(F)[N+]=31,CO,603.0
2346,CCCCN(CCCC)c1ccc2c#cc3cc4c#cc5ccc(C(F)(F)F)cc5c#cc#cc5cc(C(F)(F)F)ccc5c#cc4cc3c#cc3ccc(N(CCCC)CCCC)cc3c#cc#cc2c1,c1ccccc1,504.0
11377,C(=C/c1c2ccccc2cc2ccccc12)\c1cccc2ccccc12,CC1CCCCC1,501.0
5485,Cc1cc(C)c(B(c2c(C)cc(C)cc2C)c2cc3cc(N(C)C)c4ccccc4c3c3c2ccc2ccccc23)c(C)c1,C1CCOC1,553.0
10868,N#CC(C#N)=C(/C=C/c1ccc(N(c2ccccc2)c2ccccc2)cc1)c1ccc2c3c(cccc13)CC2,ClC(Cl)Cl,615.0
5694,c1ccc(-c2nc(-c3ccccc3)nc(-c3ccc(-n4c5ccccc5c5cc(-n6c7ccccc7c7ccccc76)ccc54)c4c5ccccc5n(-c5ccccc5)c34)n2)cc1,Cc1ccccc1,429.0
5119,Cc1ccc(C2=C3C=CC(/C=C/c4ccccc4)=[N+]3[B-](F)(F)n3c(Cl)ccc32)cc1,C1CCOC1,581.0
5166,CSc1ccc(/C=C/c2cnc3ccccc3n2)cc1,C1CCOC1,467.0
1134,Cc1cc(O)c(C(C)C)cc1/N=C/c1ccc(O)cc1,CCCCCC,399.0
8342,O=C(c1ccc(N2c3ccccc3[Si](c3ccccc3)(c3ccccc3)c3ccccc32)cc1)c1ccc(N2c3ccccc3[Si](c3ccccc3)(c3ccccc3)c3ccccc32)cc1,CN(C)C=O,560.5970149
4017,N#Cc1c(-n2nnc3ccccc32)n([C@H]2C[C@H](O)[C@@H](CO)O2)c2ncnc(N)c12,CO,416.0
2424,CCCCCCCCOc1cc(/C=C/c2cc(OCCCCCCCC)c(/C=C/c3cc(OCCCCCCCC)c(/C=C/c4ccncc4)cc3OCCCCCCCC)cc2OCCCCCCCC)c(OCCCCCCCC)cc1/C=C/c1ccncc1,ClCCl,570.0
4138,O=c1cc(COc2ccc(I)cc2)c2c(ccc3ccccc32)o1,C1CCOC1,416.0
859,CCc1c(C)[nH]c(C2=[N+]3C(=C(C)c4c(C)c(CC)c(C)n4[B-]3(F)F)c3ccccc32)c1C,Cc1ccccc1,646.0
2962,F[B-]1(F)n2cccc2C(c2ccc(-c3c4ccccc4c(-c4ccccc4)c4ccccc34)cc2)=C2C=CC=[N+]21,Cc1ccccc1,524.0
8089,O=Cc1cc(O)c(C=O)cc1O,CNC=O,479.0
9964,CCN(CC)c1ccc2cc(C#N)/c(=N\C(=O)c3ccco3)oc2c1,CCO,470.0
9491,CCN(CC)c1ccc2cc3c(cc2c1)C1(c2ccccc2Oc2ccccc21)c1cc2cc(N(CC)CC)ccc2cc1C3=O,CC#N,552.0
10494,CCn1c2ccccc2c2cc(C#Cc3cc(C#Cc4ccc5c(c4)c4ccccc4n5CC)nc(OC)n3)ccc21,CN(C)C=O,499.0
10527,COc1nc(Cl)nc(Nc2ccc3c4c(cccc24)C(=O)c2ccccc2-3)n1,Clc1ccccc1,524.9343832
1364,Cc1ccc2cc3c(=O)n(C)c(=O)n(C)c3nc2c1,CC#N,405.0
10830,CN(C)c1ccc(C2=Cc3c4ccccc4c4ccccc4[n+]3[B-](F)(F)O2)cc1,ClC(Cl)Cl,521.0
1779,Cc1cc(O)c(C(=O)/C=C/c2ccccc2)c(=O)o1,CC#N,483.0
8521,CSc1cc(-c2cc3cc4c5c(c3oc2=O)CCCN5CCC4)oc(=O)c1C#N,ClCCl,586.0
2101,CN1CCN(CCCN2c3ccccc3Sc3ccc(C(F)(F)F)cc32)CC1,CO,467.0
1818,CC(C)(C)C1Nc2c(Cl)cc(Cl)cc2C(=O)N1Cc1ccccc1,ClC(Cl)Cl,415.0
369,CN(C)c1ccc(-c2ccc(-c3ccc(N(C)C)cc3)c3nc(-c4ccccc4)c(-c4ccccc4)nc23)cc1,Cc1ccccc1,577.0
4937,CCN(CC)c1ccc2cc(/C=C/C(=O)c3cc4ccc(N(CC)CC)cc4oc3=O)c(=O)oc2c1,CC#N,574.0
5285,COc1ccc(C2=C(c3ccc([N+](=O)[O-])cc3)C(c3ccccc3)=[N+]3C2=Nc2c(-c4ccc(OC)cc4)c(-c4ccc([N+](=O)[O-])cc4)c(-c4ccccc4)n2[B-]3(F)F)cc1,Cc1ccccc1,688.0
8367,COC(=O)C(Cc1ccc2oc(-c3ccc4c(c3)c3ccccc3n4-c3ccccc3)nc2c1)NC(=O)OC(C)(C)C,C1CCOC1,380.503025
9935,CC1=N/C(=C\c2ccc(N(C)C)cc2)C(=O)N1C,C1CCOC1,452.0
7071,Cc1cc(C)c([B-]2(c3c(C)cc(C)cc3C)[O+]=P(c3ccccc3)(c3ccccc3)c3ccsc3-c3sccc32)c(C)c1,C1CCOC1,429.0
2093,F[B-]1(F)n2c(nc(Br)c2Br)-c2cccc[n+]21,C1CCOC1,484.0
7817,CNc1cccc2c1C(=O)c1ccccc1-2,C1CCCCC1,497.0
1920,O=C1Nc2ccccc2/C1=C/C(=O)c1ccc(Cl)cc1Cl,CCOC(C)=O,403.0
82,O=c1oc2ccc3ccccc3c2nc1-c1ccccc1,CC#N,475.0
7331,CC1(C)C2=C3C=C4C5=[N+](CCC4OC3CCN2c2ccc(CC(=O)NCCCCCCO)cc21)c1ccc(S(=O)(=O)[O-])cc1C5(C)C,O,572.0
7304,CN(C)c1ccc(-c2cc3c(ccc4c([N+](=O)[O-])cccc43)c(=O)o2)cc1,CCOC(C)=O,624.0
816,OCc1cc(/N=N\c2ccc(-c3c4ccccc4cc4ccccc34)cc2F)ccc1O,CS(C)=O,467.0
4396,O=Cc1cc(N2CCCCC2)c2ccc3c(N4CCCCC4)cc(N4CCCCC4)c4ccc1c2c43,CO,643.0
6124,COc1ccc(C#Cc2ccc(C#N)cc2)cc1OC,CS(C)=O,462.0
4120,Cc1ccc(-c2cc(-c3ccc(C)cc3)c(C#N)c(=O)[nH]2)cc1,CO,438.0
9800,COc1ccc(-c2sc3c(-c4ccc(OC)cc4)c4n(c3c2-c2ccc(OC)cc2)[B-](F)(F)[N+]2=Cc3c(-c5ccc(OC)cc5)c5sc(-c6ccc(OC)cc6)c(-c6ccc(OC)cc6)c5n3[B-](F)(F)[N+]2=C4)cc1,ClCCl,648.0
1813,CC(C)(C)C1Nc2c(Br)cc(Br)cc2C(=O)N1Cc1ccccc1,CO,447.0
1271,CCCCC(CC)Cn1c2cc(C#N)c(-c3ccc(N(c4ccccc4)c4ccccc4)cc3)cc2c2cc(-c3ccc(N(c4ccccc4)c4ccccc4)cc3)c(C#N)cc21,Cc1ccccc1,473.0
2994,Fc1cccc(F)c1[B-]1(c2c(F)cccc2F)Oc2c(ccc3c4c(ccc23)C=[N+](c2ccccc2)[B-](c2c(F)cccc2F)(c2c(F)cccc2F)O4)C=[N+]1c1ccccc1,ClCCl,585.0
9349,O=Cc1c(O)c(-c2nc3ccccc3s2)cc2ccccc12,CN(C)C=O,538.0
6409,CC(=O)c1ccc(-c2cc3c(ccc4sccc43)s2)cc1,ClCCl,430.0
2642,c1ccc2nc3c(nc2c1)c1c2n3CCCN2CCCC1,CO,533.0
8526,CCCCCCC(CCCCCC)N1C(=O)c2cccc3c(-c4ccc(-c5ccc(OC)cc5)cc4)ccc(c23)C1=O,CN(C)C=O,583.4
2305,CN(C)c1ccc(/C=C/c2nc3ccccc3o2)cc1,C1CCCCC1,430.0
10370,CN(C)c1ccc(C#Cc2nc(-c3ccccc3)nc3ccccc23)cc1,ClCCl,551.0
10269,c1ccc(-c2nc(-c3cccc4ccccc34)n3ccccc23)cc1,O,475.0
4195,CCOC(=O)c1ccccc1-c1c2ccc(=[N+](CC)CC)cc-2oc2c1c(=O)oc1c3c4c(cc12)CCCN4CCC3,CCO,681.0
10235,CCCCN1C(=O)C(=C/C=C/C=C2N(CCCC)c3ccccc3N2CCCC)C(=O)N(CCCC)C1=S,ClCCl,587.0
3849,F[Si](c1ccccc1)(c1ccccc1)c1cc2ccccc2c2ccccc12,C1CCOC1,353.0
12074,CCc1ccc(-c2ccc(-c3nnc(-c4ccc(-c5nnc(-c6ccc(-c7ccc(CC)cc7)s6)o5)cc4)o3)s2)cc1,CCCCCCCCO,400.0
10283,CCN(CC)c1ccc2cc(/C=C/C(=O)/C=C(O)/C=C/c3cc4ccc(N(CC)CC)cc4oc3=O)c(=O)oc2c1,ClC(Cl)Cl,581.0
11741,CN(C)c1ccc2cc(C(/C=C/c3c[nH]c4ccccc34)=C(C#N)C#N)c(=O)oc2c1,CS(C)=O,547.0
3554,O=C(N/N=C/c1ccccc1O)c1cccc2ccccc12,CS(C)=O,336.0
2195,COC(=O)c1c(C(=O)OC)c2ccc(C)nn2c1C,CCCCCC,449.0
2600,COc1ccc(-c2[nH]c(=O)n3c2-c2ccccc2C3=O)c(OC)c1,CO,507.0
6163,CC(=O)Nc1ccc(C2=N/C(=C\c3ccc(C#N)cc3)C(=O)O2)cc1,C1COCCO1,461.0
1518,Oc1cccc(/N=C/c2ccccc2Oc2ccccc2)c1,CS(C)=O,396.0
8645,C#CCNC1=C2C=CC=[N+]2[B-](F)(F)n2cccc21,CN(C)C=O,458.0
10726,CC(C)[Si]1(C(C)C)c2cc(C=O)ccc2-c2ccc(N(c3ccccc3)c3ccccc3)cc21,CCOCC,459.0
6309,CN(C)c1ccc(/C=C/C(=C(C#N)C#N)c2ccc3c4c(cccc24)CC3)cc1,CN(C)C=O,606.0
5755,CCC[n+]1ccc(/C=C/c2ccc(N(C)C)cc2)cc1,CC(C)O,571.0
5633,CCCCCCCCCCCCC1(CCCCCCCCCCCC)c2cc(-c3ccc(C=C4C(=O)c5ccccc5C4=O)cc3)ccc2-c2ccc(-c3ccc(C=C4C(=O)c5ccccc5C4=O)cc3)cc21,C1CCOC1,531.0
8399,COC(=O)C(Cc1ccc2oc(-c3ccc4c(c3)c3ccccc3n4-c3ccccc3)nc2c1)NC(=O)OC(C)(C)C,OC1CCCCC1,383.9950849
11405,CCCCN1/C(=C/C=C/C2=[N+](C)c3ccccc3C2(C)C)C(C)(C)c2ccccc21,CS(C)=O,565.0
7162,COc1ccc(C2=C3C=CC(=[N+](C)C)C=C3[Si](C)(C)c3cc(N(C)C)ccc32)c(C)c1,O,662.0
9264,C#CCn1c2ccccc2c2cc(/C=C/c3c(Cl)c(C)c4n3[B-](F)(F)[N+]3=C(C)C(Cl)=C(C)C3=C4c3ccc(I)cc3)ccc21,ClC(Cl)Cl,644.0
9029,N#Cc1ccc2cc[nH]c2c1,CC(C)O,356.0
1988,Cc1cc(C)c(B(c2c(C)cc(C)cc2C)c2c(C)cc(-n3c4ccc(N(c5ccccc5)c5ccccc5)cc4c4cc(N(c5ccccc5)c5ccccc5)ccc43)cc2C)c(C)c1,O=P(c1ccccc1)(c1ccccc1)c1ccccc1Oc1ccccc1P(=O)(c1ccccc1)c1ccccc1,487.0
7737,CCOC(=O)C1=C(C)NC2=C(C(=O)c3ccccc32)C1c1ccc(N(C)C)cc1,CCO,559.0
517,CN(C)c1ccc(/C=C/c2ccccn2)cc1,CC#N,473.0
6160,c1ccc(-n2c(-c3cccc4ccccc34)nc3c4ccccc4c4ccccc4c32)cc1,ClCCl,415.5978624
9198,CC1=CC(C)=[N+]2C1=C(c1ccc(-c3ccc(O)cc3)s1)c1c(C)cc(C)n1[B-]2(F)F,ClCCl,525.0
11123,COc1ccc(NC(=O)C(C(=O)Nc2ccc(OC)cc2)C(c2ccccc2O)c2c(C)[nH]c3ccccc23)cc1,CS(C)=O,360.0
9892,[O-][n+]1c(-c2ccc(Br)cc2)cc(N2CCOCC2)nc1/C=C/c1ccccc1,ClCCl,548.0
8880,CCn1c2ccccc2c2cc(-c3cc(-c4ccc5c(c4)c4ccccc4n5CC)ncn3)ccc21,ClCCl,414.0
4456,COc1cc(OC)cc(C2=[O+][B-](F)(F)OC(c3cccs3)=C2)c1,ClCCl,567.0
2761,CCOC(=O)COc1ccc(/C=C/C2=C3c4ccccc4C(c4ccc[nH]4)=[N+]3[B-](F)(F)n3ccc(C)c32)cc1,Cc1ccccc1,637.0
6481,COc1ccc(-c2nc3c(c4c2-c2ccccc2CC4)-c2ccccc2CC3)cc1,Cc1ccccc1,419.0
5911,C[NH+](C)c1c2ccccc2cc2ccccc12,O,400.0
11058,O=C(O)c1ccc(C2CC(c3cccc4ccccc34)=NN2c2ccccc2)cc1,C1COCCO1,465.0
6547,CC1(C)C(/C=C/C=C/C=C/C=C2/N(CCCCCC(=O)O)c3ccc(S(=O)(=O)[O-])cc3C2(C)C)=[N+](CCCCS(=O)(=O)[O-])c2ccc(S(=O)(=O)[O-])cc21,O,771.0
4855,CN(C)c1nc(N(C)C)c2nc(C#N)n(Cc3ccccc3)c2n1,CO,403.0
7644,O=C(c1ccncc1)c1ccc(-n2c3ccc(-n4c5ccccc5c5ccccc54)cc3c3cc(-n4c5ccccc5c5ccccc54)ccc32)cc1,c1cc(-c2cccc(-n3c4ccccc4c4ccccc43)c2)cc(-n2c3ccccc3c3ccccc32)c1,487.5
10858,N#Cc1ccc(-n2c(-c3ccc(-c4ccc(-c5nc6c7ccccc7c7ccccc7c6n5-c5ccc(C#N)c6ccccc56)cc4)cc3)nc3c4ccccc4c4ccccc4c32)c2ccccc12,ClCCl,430.0
11877,COc1ccc2ccc3oc(=O)c(C)nc3c2c1,c1ccccc1,461.0
6358,CCOC(=O)C1c2ccccc2C(=O)N1c1ccc(OC)cc1,ClCCl,472.0
2438,Cc1cccc(C)c1-c1cc2c(C)c3c4cc5nc6cc7c(cc6nc5cc4c3c(C)c2cc1-c1c(C)cccc1C)c1c(C)c2cc(-c3c(C)cccc3C)c(-c3c(C)cccc3C)cc2c(C)c71,ClC(Cl)Cl,523.0
3765,CC(C)(C)c1cc2c(c(C(C)(C)C)c1)O[B-](F)(F)[n+]1c-2[nH]c(=O)c2ccccc21,CC#N,455.0
6432,c1ccc(N(c2ccccc2)c2ccc(-c3nc4c5ccccc5c5ccccc5c4[nH]3)cc2)cc1,CCO,417.0
7846,CCCCCCCCC1(CCCCCCCC)c2ccccc2-c2ccc(-c3nnc(-c4cccc(-n5c6ccc(C(C)(C)C)cc6c6cc(C(C)(C)C)ccc65)c4)o3)cc21,Cc1ccccc1,419.0
8743,CC1=C(C(C)(C)C)C(C)=[N+]2C1=C(C)c1c(C)c(C(C)(C)C)c(C)n1[B-]2(F)F,CCOCC,565.4
10991,Cc1cc2ccccc2c2[nH]c3ccccc3c12,ClCCl,360.0
6340,CCCCCCc1ccc(-n2c3[n+](c4c5ccccc5c5ccccc5c42)[B-](C)(C)c2ccc4ccccc4c2-3)cc1,C1CCOC1,444.0
4821,N#Cc1ccc(C#Cc2ncc(-c3ccccc3)o2)cc1,ClCCl,410.0
18,c1ccc2c(-c3ccc(-c4nnc(-c5ccc(-c6nnc(-c7ccc(-c8cccc9ccccc89)s7)o6)cc5)o4)s3)cccc2c1,CC(=O)N(C)C,462.0
3560,CN(C)c1ccc(-c2nc3cnccc3[nH]2)cc1,CCCCO,391.0
3951,COC(=O)C(NC(=O)OC(C)(C)C)c1ccc2oc(-c3cc(OC)ccc3OC)nc2c1,CC1CCCCC1,364.0
49,Cc1ccc(N(c2ccc(C)cc2)c2ccc(-c3ccc(-c4ccc(N(c5ccc(C)cc5)c5ccc(C)cc5)cc4)c4nsnc34)cc2)cc1,Cc1ccccc1,628.0
12136,CCCCCCC(CCCCCC)N1C(=O)c2cccc3c(-c4ccccc4)ccc(c23)C1=O,CCCCCCCCCCCO,420.6
887,CCCCCCCCCCCn1cccc1C1=[N+]2C(=Cc3c(C)cc(C)n3[B-]2(F)F)c2ccccc21,CCCCCC,605.0
6261,c1ccc(N2c3ccccc3Sc3cc(-c4cccc5nc6ccccc6cc45)ccc32)cc1,ClCCl,483.0
7236,CCOC(=O)/C(C#N)=C\c1cn(-c2ccccc2)nc1-c1ccccc1,CS(C)=O,440.0
6989,c1ccc(-c2nc(-c3ccccc3)nc(-c3ccc(-c4ccc(N5c6ccccc6[Si](c6ccccc6)(c6ccccc6)c6ccccc65)cc4)cc3)n2)cc1,CN(C)C=O,444.3019943
6043,CN(C)c1ccc(C#Cc2ccc(C=O)cc2)cc1,CC(C)O,493.9979252
3168,N#Cc1ccc(-c2nc(-c3ccccc3)c3ccccn23)cc1,ClCCl,477.0
2949,O=C1c2cc(F)ccc2-c2cnccc21,CCCCCC,486.2565543
1424,O=C1NC(=O)/C(=C\c2ccccc2O)S1,CC#N,428.0
139,O=C1OC(c2ccccc2)=N/C1=C\c1ccc(N(c2ccc(/C=C3\N=C(c4ccccc4)OC3=O)cc2)c2ccc(/C=C3/N=C(c4ccccc4)OC3=O)cc2)cc1,CCCCOCCCC,533.0
3197,CN(C)c1ccc2c3c(ccc2c1)CCCC3=O,CS(C)=O,538.0
5131,COC(=O)COc1ccc(/C=C/C2=[N+]3C(=C(c4ccc(N(C)C)cc4)c4c(C)cc(C)n4[B-]3(F)F)C(C)=C2)cc1,CO,580.0
112,N#Cc1ccc(N(c2ccc(C#N)cc2)c2ccc3c4cccc5c(N(c6ccc(C#N)cc6)c6ccc(C#N)cc6)ccc(c6cccc2c63)c54)cc1,CC#N,535.0
8160,COCCOCCOCCOc1cc(C=O)c(OCCOCCOCCOC)cc1C=O,NC=O,458.0
11707,CN(C)c1ccc(C#Cc2ccc(C#Cc3ccc(C#Cc4ccccc4C#N)cc3C#N)cc2C#N)cc1,c1ccccc1,519.0
4559,CCCCCCOc1ccc2ccc3oc(=O)cc4cc(OCCCCCC)c1c2c43,CC1CCCO1,490.0
4595,COc1cc2c(cc1C=C(C#N)C#N)c1ccccc1n2C,ClCCl,481.0
4690,Cn1c(=O)c(/N=N/c2ccc(S(=O)(=O)O)c3ccccc23)c(O)c2ccccc21,CCOC(C)=O,555.0
7951,CCN(CC)c1cccc(C=O)c1,CCCCCC,426.0
3277,CCN(CC)c1ccc2cc(-c3nc4ccccc4s3)c(=O)oc2c1,CCOC(C)=O,492.8
4068,O=C1C=Cc2cc3ccccc3c(=O)n21,ClC(Cl)Cl,410.0
4408,c1ccc2c(c1)[nH]c1c3[nH]c4ccccc4c3c3nsnc3c21,ClCCl,489.0
9133,CN(C)c1ccc2c(c1)Cc1ccccc1-2,CCCO,367.0
10522,COc1nc(Cl)nc(Nc2ccc3c4c(cccc24)C(=O)c2ccccc2-3)n1,CC(C)=O,526.8703899
451,CN(C)c1ccc(C2=Nc3scc(-c4ccc([N+](=O)[O-])cc4)[n+]3[B-](F)(F)O2)cc1,ClCCl,454.0
7262,Nc1ccc2c(c1)C(=O)N(C13C[C@H]4C[C@@H](C1)C[C@@H](C3)C4)C2=O,C1CCCCC1,408.0
3731,CC1(C)c2ccccc2N(c2ccc(-c3nnc(-c4ccccc4O)o3)cc2)c2ccccc21,CS(C)=O,553.0
7256,CCCn1c(=O)c(/C=C/c2nc3ccc(C)cc3n(CCC)c2=O)nc2ccc(C)cc21,C1COCCO1,484.0
11700,COC(=O)c1cc(=O)n(C)c2cc(-c3ccc4c(c3)OCO4)sc12,ClCCl,474.0
4986,C1=Cc2ccccc2C(=Cc2ccc(-c3cc(-c4ccc(C=C5c6ccccc6C=Cc6ccccc65)cc4)cc(-c4ccc(C=C5c6ccccc6C=Cc6ccccc65)cc4)c3)cc2)c2ccccc21,C1CCOC1,405.0
3663,CN(CCO)c1ccc(/C=C/C2=C(C#N)C(C(C#N)C#N)OC2(C)C)cc1,CO,644.0
2763,Cc1ccc(-c2ccc(/C=C/c3ccc(Br)n3C)cn2)nc1,CC#N,480.0
9038,N#Cc1c[nH]c2ccccc12,CC(C)O,315.0
1855,CN(C)c1ccc(C#Cc2ncnc3ccccc23)cc1,CS(C)=O,583.0
999,CCN(CC)c1ccc2cc(/C=C/C3=C4CC/C(=C\c5cc6ccc(N(CC)CC)cc6oc5=O)C4=[O+][B-](F)(F)O3)c(=O)oc2c1,CC(C)=O,734.0
389,c1ccc(-c2nc3ccccc3nc2-c2ccccc2)cc1,ClC(Cl)Cl,398.0
6426,Oc1cc(N(c2ccccc2)c2ccccc2)ccc1-c1nc2c3ccccc3c3ccccc3c2[nH]1,Cc1ccccc1,422.0
1476,COc1cc(OC)cc(-c2ccc(-c3ccc(C#N)s3)s2)c1,CCO,443.0
2240,CC1=CC(C)=[N+]2C1=C(c1ccc(N3CCOCC3)cc1)c1c(C)cc(C)n1[B-]2(F)F,CC(=O)C(C)(C)C,520.0
11197,COc1c2ccccc2c(OC)c2c1c1cccc(OC)c1n2C,CC#N,433.0
8112,CN(C)c1cc(C#N)c(N(C)C)c(C#N)c1,C1COCCO1,521.648409
992,CC1(C)CC(NCc2ccc3ccc4cccc5ccc2c3c45)CC(C)(C)N1,C1CCCCC1,375.0
7032,N#Cc1coc2ccccc2c1=O,CN(C)C=O,494.0
4997,c1ccc(N2N=C(c3ccc4ccc5cccc6ccc3c4c56)CC2c2ccc3ccc4cccc5ccc2c3c45)cc1,ClCCl,508.0
3922,O=C1c2cc3ccccc3cc2C2=Nc3cccc[n+]3[B-](F)(F)N12,ClCCl,414.0
2972,CC1=CC(C)=[N+]2C1=C(c1ccc(-c3c4ccccc4c(-c4ccccc4)c4ccccc34)cc1)c1c(C)cc(C)n1[B-]2(F)F,CCO,510.0
6871,O=Cc1ccc(Oc2ccc3c4c(cccc24)C(=O)N(CCO)C3=O)cc1,ClC(Cl)Cl,414.0
9396,Cc1cc(=O)oc2c1cc(Cl)c1occ(C)c12,C1COCCO1,408.0
4769,N#Cc1c(-c2cccs2)cc(-c2cccs2)[nH]c1=O,ClC(Cl)Cl,469.0
1293,CN(C)c1ccc(N2c3sc4ccccc4c3Sc3c2sc2ccccc32)cc1,ClCCl,556.0
4173,N#Cc1ccc(-c2nc(-c3ccccc3)c(-c3ccccc3)[nH]2)cc1,CO,435.0
2535,C(=C/c1ccc(-c2ccncc2)cc1)\c1ccc(-c2ccncc2)cc1,ClCCl,387.0
11187,COc1c2ccccc2c(OC)c2c1c1ccc(C(F)(F)F)cc1n2C,ClCCl,437.0
1907,O=C1Nc2ccccc2/C1=C/C(=O)c1ccc(Cl)cc1,CCCCO,405.0
11182,COc1c2ccccc2c(OC)c2c1c1cc(F)ccc1n2C,CO,431.0
11640,CCN(CC)c1ccc2cc(C#N)c(=O)oc2c1,ClCCl,460.0
6033,CN(C)c1ccc(C#Cc2ccc(C#N)cc2)cc1,CN(C)C=O,565.9950192
7619,COc1ccc(-c2nnc(-c3cc(-c4nnc(-c5ccc(OC)cc5)o4)c(-n4c5ccccc5c5ccccc54)cc3-n3c4ccccc4c4ccccc43)o2)cc1,Cc1ccccc1,428.0
1151,Cc1cc(O)c(C(C)C)cc1/N=C/c1ccc(C(F)(F)F)cc1,CO,434.0
1567,Oc1ccccc1/N=C/c1ccccc1Oc1ccccc1,CCCO,410.0
3171,COc1ccc(-c2nc(-c3ccc(OC)cc3)n3ccccc23)cc1,ClC(Cl)Cl,479.0
7106,CC(C)c1cc(C(C)C)c(B2c3cc(N4c5ccccc5C(C)(C)c5ccccc54)ccc3N(c3ccccc3)c3ccc(N4c5ccccc5C(C)(C)c5ccccc54)cc32)c(C(C)C)c1,Cc1ccccc1,469.3877551
4160,COc1cccc2cc(-c3ccc([N+](=O)[O-])cc3)c(=N)oc12,C1CCOC1,374.0
4287,O=C(c1ccc(/C(=C(/c2ccccc2)c2ccc(C(=O)c3ccc(-n4c5ccccc5c5ccccc54)cc3)cc2)c2ccccc2)cc1)c1ccc(-n2c3ccccc3c3ccccc32)cc1,C1CCOC1,502.0
2230,CC1=[N+]2C(=C(c3ccc(N4CCOCC4)cc3)c3ccc(C)n3[B-]2(F)F)C=C1,CC(C)=O,517.0
174,CN(C)c1ccc(/C=C/c2cc(/C=C/c3ccc(N(C)C)cc3)nc(/C=C/c3ccc(C(F)(F)F)cc3)n2)cc1,C1CCOC1,533.0
1903,O=C1Nc2ccccc2/C1=C/C(=O)c1ccc(Cl)cc1,CC#N,398.0
9014,N#Cc1cc2ccccc2[nH]1,O,350.0
3408,CC(=O)N(Cc1ccccn1)c1c2ccccc2c2c3c(cccc13)C(=O)N(Cc1ccccn1)C2=O,Cc1ccccc1,491.0
1538,Oc1ccc(/N=C/c2ccccc2Oc2ccccc2)cc1,CCCCC,410.0
2292,N#Cc1nc2c3ccc(N(c4ccccc4)c4ccccc4)cc3c3cc(N(c4ccccc4)c4ccccc4)ccc3c2nc1C#N,Cc1ccccc1,566.0
1363,Cc1cccc2cc3c(=O)n(C)c(=O)n(C)c3nc12,ClCCl,417.0
4357,Nc1ccc(C#Cc2ccc3ccc4ccc(C#Cc5ccc(N)cc5)c5ccc2c3c45)cc1,CCCCCCO,534.0
5260,O=C(O)c1c2ccccc2nc2ccccc12,CCCCCO,422.0
9164,Cc1cccc2[n+]1[B-](F)(F)n1c(c3cccc4cccc1c43)=N2,CCCCCC,494.0
9316,CCN(CC)c1ccc(/C=N/c2cc3ccccc3cc2/N=C/c2ccc(N(CC)CC)cc2O)c(O)c1,CN(C)C=O,516.0
680,Cc1cc2ccc(-c3cccc4cccc(-c5ccc6cc(C)c(=O)oc6c5)c34)cc2oc1=O,CN(C)C=O,417.0
9696,COc1ccc(-c2ccc(-c3c4c(nc5ccccc35)-c3cc5c(cc3CC4)-c3nc4ccccc4c(-c4ccc(-c6ccc(OC)cc6)cc4)c3CC5)cc2)cc1,ClC(Cl)Cl,388.0
3664,CC(C)(C)c1ccc(-c2nc3c4ccc(-c5c6ccccc6cc6ccccc56)cc4c4cc(-c5c6ccccc6cc6ccccc56)ccc4c3n2-c2ccc(C(C)(C)C)cc2)cc1,C1CCOC1,428.0
1661,F[B-]1(F)n2c(cc(-c3ccccc3)c2-c2ccccc2)C(c2ccccc2)=C2C=C(c3ccccc3)C(c3ccccc3)=[N+]21,ClCCl,628.0
508,CCCOc1ccc(/C=C/C=C/C=C/c2ccc([N+](=O)[O-])cc2)cc1,ClCCl,699.0
166,c1ccc2c(c1)oc1nc3oc4ccc(-n5c6ccccc6c6cc(-n7c8ccccc8c8ccccc87)ccc65)cc4c3cc12,ClC(Cl)Cl,489.0
10155,CCCC1(CCC)c2ccccc2-c2ccc(-c3ccc(OC)cc3)cc21,C1CCCCC1,345.0
10221,C(=C/c1c2ccccc2cc2ccccc12)\c1cnc2ccccc2c1,CC1CCCCC1,488.0
7365,O=c1cccc2n1C[C@@H]1CNC[C@H]2C1,CC#N,380.0
1914,O=C1Nc2ccccc2/C1=C/C(=O)c1ccc(Cl)cc1Cl,C1COCCO1,399.0
7263,Nc1ccc2c(c1)C(=O)N(C13C[C@H]4C[C@@H](C1)C[C@@H](C3)C4)C2=O,C1CCOC1,450.0
11816,NS(=O)(=O)c1ccc(N2N=C(c3ccc(O)cc3)CC2c2ccc(Cl)cc2)cc1,CS(C)=O,424.0
11953,F[B-]1(F)Oc2ccccc2-c2cnc3ccccc3[n+]21,Cc1ccccc1,530.0
7361,Cc1c2c(c(C)c3ccccc13)-c1c-2ccc2nc3ccccc3nc12,ClC(Cl)Cl,648.0
1104,CCc1ccc(/C=N/c2cc(C(C)C)c(O)cc2C)cc1,CCOC(C)=O,412.0
9617,CCCCCCCc1ccc(C2=[N+]3C(=C4c5cc(OCC(CC)CC)c(-c6ccc(CCCCCCC)o6)n5[B-](F)(F)[n+]5nnn(c54)[B-]3(F)F)C=C2OCC(CC)CC)o1,C1CCOC1,829.0
5310,CCCCC[n+]1ccc(/C=C/c2ccc(N(C)C)c3ccccc23)c2ccccc21,CCCCO,695.0
9269,O=c1c2ccccc2n2c3ccc(-c4ccccc4)cc3c(=O)c3cccc1c32,CC#N,484.0
5754,CCC[n+]1ccc(/C=C/c2ccc(N(C)C)cc2)cc1,C1COCCO1,557.0
152,O=C1OC(c2ccccc2)=N/C1=C\c1ccc(N(c2ccc(/C=C3\N=C(c4ccccc4)OC3=O)cc2)c2ccc(/C=C3/N=C(c4ccccc4)OC3=O)cc2)cc1,CC1CCCCC1,511.6
9742,COc1ccc(-c2c3nc(c(-c4ccc(OC)cc4)c4ccc([nH]4)c(-c4ccc(OC)cc4)c4nc(c(-c5ccc(OC)cc5)c5ccc2[nH]5)C=C4N2CCOCC2)C=C3)cc1,CS(C)=O,672.0
5679,CCN(CC)c1ccc2cc(/C=C(\C#N)c3nc4ccccc4s3)c(=O)oc2c1,CO,598.0
11192,COc1c2ccccc2c(OC)c2c1c1ccc(F)cc1n2C,C1CCCCC1,404.0
3551,O=C(N/N=C/c1ccccc1O)c1cccc2ccccc12,CC(C)=O,428.0
3722,CC1(C)c2ccccc2N(c2ccc(-c3nnc(-c4ccccc4O)o3)cc2)c2ccccc21,C1CCOC1,506.0
4538,COc1ccc(C2=C(c3ccc(OC)cc3)C(C)(C)c3cc(OC)ccc32)cc1,C1CCCCC1,398.0
9140,CN(C)c1ccc2c(c1)Cc1ccccc1-2,OC1CCCCC1,370.0
8463,COc1ccc2cc(/C=C/c3nc(/C=C/c4ccc(N(c5ccccc5)c5ccccc5)cc4)cc(/C=C/c4ccc(N(c5ccccc5)c5ccccc5)cc4)n3)ccc2c1,ClCCl,544.0
1991,CCN(CC)c1ccc2c(c1)oc(=O)c1c(=O)oc3cc(C#Cc4ccc(C#N)cc4)ccc3c12,ClCCl,572.0
10792,COc1ccc(C2=[N+]3C(=C(c4ccc(C#N)cc4)c4cc(Cl)c(-c5ccc(OC)cc5)n4[B-]3(F)F)C=C2Cl)cc1,Cc1ccccc1,650.0
8501,Cc1ccc2c(c1)nc1c(=O)n(C)c(=O)nc-1n2C,CC#N,532.0
5141,C(S/C=C/c1ccc(-c2ccc(/C=C/SC=C3CCCCCC3)cc2)cc1)=C1CCCCCC1,ClCCl,434.0
3811,COc1ccc(-c2cnc3nn4ccccc4c3c2)cc1,C1CCOC1,423.0
10669,Cc1ccc(N(c2ccc(C)cc2)c2ccc(-c3c4ccccc4c(-c4ccc(N(c5ccc(C)cc5)c5ccc(C)cc5)cc4)c4nsnc34)cc2)cc1,Cc1ccccc1,710.0
3450,O=P1(c2ccccc2)C2=C(c3ccccc31)C(c1ccccc1)(c1ccccc1)c1cc(N(c3ccccc3)c3ccccc3)ccc12,CO,608.0
4591,COc1cc2c(cc1C=C(C#N)C#N)c1ccccc1n2C,CO,520.0
7352,O=C(N/N=C/c1ccccc1O)c1ccccc1O,CS(C)=O,458.0
205,COc1ccc(/C=C/c2cc(/C=C/c3ccc(OC)cc3)nc(/C=C/c3ccc(OC)cc3)n2)cc1,CCCCCCC,402.0
6680,Nc1ccc2c3cccc4cccc(c5cccc1c52)c43,C1CCCCC1,500.0
2749,CCNc1cc2c(cc1C)C(c1ccccc1C(=O)O)=C1CCCC(/C=C/C3=[N+](C)c4ccc5ccccc5c4C3(C)C)=C1O2,CCO,741.0
8497,CCn1c(=O)nc2n(C)c3cc(C)ccc3nc-2c1=O,ClCCCl,531.0
1849,CCOc1ccc2c(-c3nc(-c4ccccc4F)no3)cc(=O)oc2c1,CCO,465.0
11103,CCC1(CC)c2cc(B(c3c(C)cc(C)cc3C)c3c(C)cc(C)cc3C)ccc2-c2ccc(N(c3ccccc3)c3ccc4c(c3)C(CC)(CC)c3cc(B(c5c(C)cc(C)cc5C)c5c(C)cc(C)cc5C)ccc3-4)cc21,CC#N,538.0
3240,CN(C)c1ccc(C2=Nc3sc4c(F)c(F)c(F)c(F)c4[n+]3[B-](F)(F)O2)cc1,Cc1ccccc1,464.0
10582,CCN(CC)c1ccc2cc(-c3cn4ccccc4n3)c(=O)oc2c1,CCOC(C)=O,468.0
3109,N#Cc1cc(-c2ccc(F)cc2)cnc1O,CC(C)O,424.0
5934,CC1=[N+]2C(=C(Oc3ccccc3)c3ccc(C)n3[B-]2(F)F)C=C1c1cc2n(c1)[B-](F)(F)[N+]1=CC=CC1=C2c1c(C)cc(C)cc1C,CCOC(C)=O,665.0
10034,F[B-]1(F)n2c(c(-c3cccs3)c3c2-c2ccccc2CC3)C=C2C(c3cccs3)=C3CCc4ccccc4C3=[N+]21,CC#N,650.0
5810,CN(C)c1ccc(C2=Cc3ccccc3P2(=O)c2ccccc2)cc1,ClCCl,536.0
8575,Cc1cc(C)c(C2=C3C=C(/C=C/C(=O)OC(C)(C)C)C=[N+]3[B-](F)(F)n3c2ccc3N2CCOCC2)c(C)c1,CC#N,579.0
5634,CCCCCCCCCCCCC1(CCCCCCCCCCCC)c2cc(-c3ccc(C=C4C(=O)c5ccccc5C4=O)cc3)ccc2-c2ccc(-c3ccc(C=C4C(=O)c5ccccc5C4=O)cc3)cc21,CC(C)=O,566.0
4307,COc1ccc(-n2nc(C#N)c(N3CCCCC3)n2)cc1,CC#N,415.0
3156,CN(C)c1ccc(-c2nc(-c3ccccc3)c3ccccn23)cc1,ClCCl,495.0
6534,c1ccc(-c2nc3c(c4c2-c2ccccc2CC4)-c2ccccc2CC3)cc1,ClCCl,361.0
10649,C(=C/c1ccc(-c2nc3c4cccnc4c4ncccc4c3[nH]2)cc1)\c1ccncc1,C1CCOC1,449.0
10159,CC(C)(C)c1ccc2c(c1)c1cc(C(C)(C)C)cc3c1n2-c1cc(-c2ccccc2F)cc2c1B3c1cc(C(C)(C)C)cc3c4cc(C(C)(C)C)ccc4n-2c13,Cc1ccccc1,499.7649824
3832,CCCCOc1ccc(-c2oc3cc4n(c3c2-c2ccc(OCCCC)cc2)[B-](F)(F)[N+]2=Cc3cc5oc(-c6ccc(OCCCC)cc6)c(-c6ccc(OCCCC)cc6)c5n3[B-](F)(F)[N+]2=C4)cc1,CS(C)=O,647.0
10676,CCCCCCN1C(=O)c2cccc3c(-c4ccc(OC)s4)ccc(c23)C1=O,ClC(Cl)Cl,503.0
4776,C=CCNc1ccc2c(ccc3oc4cc(=[N+](C)C)ccc-4nc32)c1,CC#N,654.0
7997,CCOC(=O)/C=C/c1ccc(N(C)C)cc1,CO,463.0
4276,N#Cc1ccc(-n2c3ccccc3c3c2c2ccccc2n3-c2ccccc2)cc1,Cc1ccccc1,460.0
11952,O=S(=O)([O-])CCCOc1ccc(C2=[N+]3C(=Nc4c(-c5ccccc5)cc(-c5ccc(OCc6cn([C@@H]7O[C@H](CO)[C@@H](O)[C@@H](O)[C@H]7O)nn6)cc5)n4[B-]3(F)F)C(c3ccccc3)=C2)cc1,O,722.0
11315,CN1CCN(c2ccc3c4c(cccc24)C(=O)c2ccccc2-3)CC1,CCCCCCCCO,626.0
11769,O=C(O)C1CCCN1C(=O)c1ccc(C2CC(c3cccc4ccccc34)=NN2c2ccccc2)cc1,CC#N,506.0
278,CN(C)c1ccc(/C=C/c2ncc3ccccc3n2)cc1,C1CCOC1,520.0
6771,Cc1cc(C(F)(F)F)nc2c1ccc1nc(-c3ccc(F)c(F)c3)cn12,CCCCOC(C)=O,453.0
7415,COc1ccc(C(=O)/C=C/c2ccc(N(C)C)cc2)cc1OC,CN(C)C=O,523.0
3252,CN(C)c1ccc(C2=Nc3sc4cc(F)ccc4[n+]3[B-](F)(F)O2)cc1,C1CCOC1,472.0
8768,c1ccc(-c2nn(-c3ccccc3)c3nc4ccc(N(c5ccccc5)c5cccc6ccccc56)cc4cc23)cc1,CCCCOCCCC,494.8045522
11522,O=c1c2cc(F)c(O)cc2oc2cc(N3CCCCC3)c(F)cc12,CCO,445.0
289,CCn1c2ccc(-c3cccs3)cc2c2cc(-c3cccs3)ccc21,ClCCl,392.0
3075,CN1C(=CC2=C([O-])C(=CC3=[N+](C)c4ccccc4C3(C)C)C2=O)C(C)(C)c2ccccc21,ClC(Cl)Cl,643.0
8874,CCn1c2ccccc2c2cc(-c3cc(-c4ccc5c(c4)c4ccccc4n5CC)nc(SC)n3)ccc21,Cc1ccccc1,387.0
8688,CCC1=C(C)C2=Cc3cccn3[B-](F)(F)[N+]2=C1C,CCO,517.0
270,Cc1cccc2nc3c(=O)[nH]c(=O)[nH]c3nc12,ClCCCl,450.0
4570,CC1=C(Cc2ccccc2)C(C)=[N+]2C1=C(C)c1c(C)c(-c3csc(N4CCOCC4)n3)c(C)n1[B-]2(F)F,CC#N,537.0
11250,Cc1ccc2oc(-c3cc4cc(C)ccc4oc3=O)cc2c1,Cc1ccccc1,436.0
6696,COc1ccc2c3cccc4c(OC)ccc(c5cccc1c52)c43,ClCCl,466.9952862
4316,CN(C)c1ccc(C(=O)Nc2ccc(F)cc2)cc1,C1CCCCC1,452.0
3180,CN(C)c1ccc(-c2ccc(-c3nc(C#N)c(C#N)n3C)cc2)cc1,C1CCCCC1,398.0
1422,O=C1NC(=O)/C(=C\c2ccccc2O)S1,C1CCCCC1,397.0
8275,N#Cc1ccc(N)c(C#N)c1,CCO,389.0
9684,N#Cc1ccc(/C=C/C=C/c2ccccc2)cc1,C1COCCO1,407.0
4557,O=c1oc2ccc3cccc4c(O)c(Cl)c(c1Cl)c2c34,CC1CCCO1,500.0
7812,CN(C)c1cccc2c1-c1ccccc1C2=O,c1ccccc1,575.0
6297,CCn1c2ccccc2c2cc(/C=C/c3cc(/C=C/c4ccc5c(c4)c4ccccc4n5CC)ncn3)ccc21,C1CCOC1,463.0
11480,Fc1ccc(-c2nc3n(c2-c2ccncc2)CCS3)cc1,CN(C)C=O,426.0
11888,CC(C)(C)c1ccc2c(c1)c1cc(C(C)(C)C)ccc1n2-c1ccc(-n2c3ccc(C(C)(C)C)cc3c3cc(C(C)(C)C)ccc32)c(C(=O)c2ccncc2)c1,CCCCCC,476.8382353
1132,Cc1cc(O)c(C(C)C)cc1/N=C/c1ccc(O)cc1,CC(C)(C)O,410.0
6242,N#Cc1c(N2CCCCC2)cc(-c2ccc3ccc4cccc5ccc2c3c45)c2c1-c1ccccc1C2=O,C1CCOC1,528.0
11186,COc1c2ccccc2c(OC)c2c1c1ccc(C(F)(F)F)cc1n2C,CO,437.0
11481,Fc1ccc(-c2nc3n(c2-c2ccncc2)CCS3)cc1,CNC=O,446.0
7423,Cc1ccc(C(=O)/C=C/c2ccc(N(C)C)cc2)cc1,Cc1ccccc1,477.0
8938,CCC1=C(C)C(=O)n2c1cc1c(c(C)c(C(=O)OC)n1C)c2=O,C1CCCCC1,435.0
8842,C(=C/c1cc(/C=C/c2ccc(-n3c4ccccc4c4ccccc43)cc2)cc(/C=C/c2ccc(-n3c4ccccc4c4ccccc43)cc2)c1)\c1ccc(-n2c3ccccc3c3ccccc32)cc1,C1CCOC1,403.0
5520,C(=C/c1ccc(-c2ccc(/C=C/c3ccc(-n4c5ccccc5c5ccccc54)cc3)s2)s1)\c1ccc(-n2c3ccccc3c3ccccc32)cc1,CC(C)=O,523.0
10666,CC[C@H](C)COc1ccc(C2=C3C(C)=C(c4ccc5ccc6cccc7ccc4c5c67)C(C)=[N+]3[B-](F)(F)n3c(C)c(-c4ccc5ccc6cccc7ccc4c5c67)c(C)c32)cc1,ClCCl,585.0
9199,CCN(CC)c1ccc2cc(/C=C/C(=C(C#N)C#N)c3ccc(N(c4ccccc4)c4ccccc4)cc3)c(=O)oc2c1,CC(C)=O,621.0
3786,CN(C)c1ccc2nc3c(cc2c1)c(-c1ccccc1)nn3-c1ccccc1,CC(C)=O,552.7915976
10691,CCOc1cc2c(cc1/C=C/C(=C(C#N)C#N)c1ccccc1)c1ccccc1n2CC,CC#N,569.0
8345,O=C(c1ccc(N2c3ccccc3[Si](c3ccccc3)(c3ccccc3)c3ccccc32)cc1)c1ccc(N2c3ccccc3[Si](c3ccccc3)(c3ccccc3)c3ccccc32)cc1,c1cc(-n2c3ccccc3c3ccccc32)cc(-n2c3ccccc3c3ccccc32)c1,469.0
2161,O=c1[nH]c2ccccc2[nH]1,CC(C)=O,307.0027323
3008,Nc1ncnc2c1c(C#Cc1ccc3ccccc3c1)cn2[C@H]1C[C@H](O)[C@@H](CO)O1,CCO,371.0
1105,CCc1ccc(/C=N/c2cc(C(C)C)c(O)cc2C)cc1,CN(C)C=O,423.0
9058,N#Cc1cccc2cc[nH]c12,CO,387.0
692,CN1/C(=C/C=C(/C=C/c2sc3ccccc3[n+]2C)c2ccc(F)cc2)Sc2ccccc21,CCO,674.0
4956,O=C1c2ccccc2-c2nc3c4ccccc4c4ccccc4c3n21,ClCCl,616.0
8307,CCN(CC)c1ccc(OC)c(C=O)c1,CCCCCC,470.0
4369,CN(C)c1ccc(C#Cc2ccc3ccc4ccc(C#Cc5ccc(N(C)C)cc5)c5ccc2c3c45)cc1,CCOC(C)=O,529.9
2765,Cc1ccc(-c2ccc(/C=C/c3cccn3C)cn2)nc1,CC#N,488.0
3929,CN1c2cc3nc4cc(F)c(F)cc4nc3cc2N(C)C1(C)C,CCO,488.0
9366,C[N+]1=C(/C=C/C2=C3Oc4c(cc5c6c4CCCN6CCC5)C(c4ccccc4C(=O)O)=C3CCC2)C(C)(C)c2c1ccc1ccccc21,CC#N,780.0
12046,CN(C)c1ccc(/C=C2\CCCC2=O)cc1,CC#N,488.0
7778,COc1cc(OC)c2c(c1)C(=O)c1ccccc1-2,C1CCCCC1,537.0
628,c1ccc2c(c1)Sc1ccccc1N2c1ccc2c(ccc3nc4ccc5cc(N6c7ccccc7Sc7ccccc76)ccc5c4nc32)c1,C1CCCCC1,543.0
2451,CC(C)(C)c1ccc(-c2c(-c3ccc4c5ccccc5n(-c5ccccc5)c4c3)c(C#N)c(-c3ccc4c5ccccc5n(-c5ccccc5)c4c3)c(-c3ccc(C(C)(C)C)cc3)c2-c2ccc(C(C)(C)C)cc2)cc1,C1CCOC1,400.0
3824,CC1=CC(C)=[N+]2C1=C(c1ccccc1)c1c(C)c(-c3cccs3)c(C)n1[B-]2(F)F,ClCCl,594.0
10997,Cc1cc2ccccc2c2c1c1ccccc1n2C,ClCCl,371.0
3743,C[Si]1(C)O[Si](C)(C)c2cc3c(-c4ccc(F)cc4)c4ccccc4nc3cc21,ClCCl,503.0
2176,c1ccc(-c2nc(-c3ccccc3)nc(-n3c4ccccc4c4cccc(-n5c6ccccc6c6ccccc65)c43)n2)cc1,C1CCOC1,477.8582931
6689,c1cc2cccc3c4cccc5cccc(c(c1)c23)c54,C1CCCCC1,438.3950112
3318,COc1ccc(C2=C3C(C)=CC(C)=[N+]3[B-](F)(F)n3c(/C=C/c4ccc(N(C)C)cc4)cc(C)c32)cc1,CC(C)=O,695.0
10412,O=c1[nH]c(=O)c2scc([C@H]3C[C@H](O)[C@@H](CO)O3)c2[nH]1,CC#N,345.0
7432,COc1ccc(/C=C/C(=O)c2ccccc2O)cc1OC,CC#N,436.0
2787,CCCCCCOc1ccc(C#Cc2ccc(C#Cc3ccc(OCCCCCC)c(OCCCCCC)c3)c3nsnc23)cc1OCCCCCC,CCOC(C)=O,550.0
1196,CC1(C)c2ccccc2N(c2ccc(C(=CC#N)c3ccc(N4c5ccccc5C(C)(C)c5ccccc54)cc3)cc2)c2ccccc21,Cc1ccccc1,519.0
1676,Cc1cccc(C2=CC3=C(c4c(C)cc(C)cc4C)c4cc(-c5cccc(C)c5)c(-c5cccc(C)c5)n4[B-](F)(F)[N+]3=C2c2cccc(C)c2)c1,ClCCl,627.0
3947,COC(=O)C(NC(=O)OC(C)(C)C)c1ccc2oc(-c3cc(OC)c(OC)cc3OC)nc2c1,CC#N,383.0
7618,c1ccc(-c2nnc(-c3cc(-c4nnc(-c5ccccc5)o4)c(-n4c5ccccc5c5ccccc54)cc3-n3c4ccccc4c4ccccc43)o2)cc1,O=P(c1ccccc1)(c1ccccc1)c1ccccc1Oc1ccccc1P(=O)(c1ccccc1)c1ccccc1,459.0
4444,c1cc2oc3cccc4oc5cccc6oc(c1)c2[c+](c34)c65,CC#N,524.0
5722,O=C(O)c1ccccc1Nc1ccccc1,CO,390.0
10387,c1ccc(N(c2ccccc2)c2ccc(-c3ccc4c(c3)C3(c5cc(-c6ccc(N(c7ccccc7)c7ccccc7)cc6)ccc5-4)c4ccccc4N(c4ccccc4)c4ccccc43)cc2)cc1,ClCCl,451.0
2369,CCCCCCOc1ccc(N(c2ccc(OCCCCCC)cc2)c2ccc(-c3sc(-c4ccc(N(c5ccc(OCCCCCC)cc5)c5ccc(OCCCCCC)cc5)cc4)c4nc(-c5ccc(C(=O)OC)cc5)c(-c5ccc(C(=O)OC)cc5)nc34)cc2)cc1,ClCCl,820.0
4967,CCCCn1c2ccc(C#N)cc2c2cc(C#N)cc(-c3ccc(N(c4ccccc4)c4ccccc4)cc3)c21,ClC=C(Cl)Cl,420.0
2217,O=c1oc2cc3c(cc2cc1/C=C/c1ccccc1)OCO3,CC#N,469.0
8148,COCCOCCOCCOCCOc1ccc(OCCOCCOCCOCCOC)c(C=O)c1,CO,467.0
3326,COc1ccc(C2=C3C(C)=CC(C)=[N+]3[B-](F)(F)n3c(/C=C/c4ccc(N(C)C)cc4)cc(C)c32)cc1,CCOCC,641.0
11238,O=c1oc2ccc(Br)cc2cc1-c1cc2cc(Br)ccc2o1,O,507.0
3583,CCCCCCc1ccc(-n2c3[n+](c4c5ccccc5c5ccccc5c42)[B-](C)(C)c2cc(-n4c5ccccc5c5ccccc54)ccc2-3)cc1,CC#N,409.0
11984,CC(C)(C)NC1=CC2=c3cc(NC(C)(C)C)c4nc(C(F)(F)C(F)(F)C(F)(F)F)nc5c(NC(C)(C)C)cc(c3c54)C3=CC(NC(C)(C)C)=C4N=C(C(F)(F)C(F)(F)C(F)(F)F)N=C1C4C32,C1CCOC1,666.0
12047,CN(C)c1ccc(/C=C2\CCCC2=O)cc1,CC(C)=O,474.0
3619,COc1ccc(-c2cc3c(s2)=CC2=C(C(F)(F)F)c4cc5sc(-c6ccc(OC)cc6)cc5n4[B-](F)(F)[N+]=32)cc1,ClC(Cl)Cl,754.0
6217,COc1ccc(-n2c3ccccc3c3cc(C=C(C#N)C#N)ccc32)cc1,CS(C)=O,547.0
2468,O=C([O-])c1ccccc1-c1c2cc(I)c(=O)c(I)c-2oc2c(I)c([O-])c(I)cc12,CO,545.0
8277,N#Cc1ccc(N)cc1,C1CCCCC1,323.0
10369,CN(C)c1ccc(C#Cc2nc(-c3ccccc3)nc3ccccc23)cc1,CS(C)=O,584.0
5973,N#Cc1ccc(-n2c(-c3ccc(-c4ccc(-c5nc6c7ccccc7c7ccccc7c6n5-c5ccc(C#N)c6ccccc56)c5ccccc45)c4ccccc34)nc3c4ccccc4c4ccccc4c32)c2ccccc12,ClCCl,425.0
3667,CC(C)(C)c1ccc(-c2nc3c4ccc(-c5c6ccccc6cc6ccccc56)cc4c4cc(-c5c6ccccc6cc6ccccc56)ccc4c3n2-c2ccc(C(C)(C)C)cc2)cc1,CCCCCC,419.0
5158,CC(C)(C)c1ccc2c(c1)c1cc(C(C)(C)C)ccc1n2-c1ccc(S(=O)(=O)c2ccc(S(=O)(=O)c3ccc(-n4c5ccc(C(C)(C)C)cc5c5cc(C(C)(C)C)ccc54)cc3)cc2)cc1,Cc1ccccc1,446.0
7594,O=C(O)CCCOc1cccc(-c2c3nc(cc4ccc([nH]4)c(-c4cccc(OCCCC(=O)O)c4)c4nc(cc5ccc2[nH]5)CC4)CC3)c1,CS(C)=O,740.0
6976,c1csc(-c2cnc(-c3cccs3)c3nonc23)c1,CCOCC,587.0
3423,Oc1c(-c2nc3c4ccc(-c5ccccc5)cc4c4cc(-c5ccccc5)ccc4c3[nH]2)cc2c3c1CCCN3CCC2,CS(C)=O,496.0
8199,COCCOc1cc(C=O)c(OCCOC)cc1C=O,CC(C)(C)O,478.0
2409,CN(C)C(=O)c1ccc(-c2nc3ccc(N(C)C)cc3s2)cc1,CC(C)O,518.0
3212,N#CC(C#N)=C(/C=C/c1ccc(N(c2ccccc2)c2ccc(/C=C/C(=C(C#N)C#N)c3ccccc3)cc2)cc1)c1ccccc1,C1COCCO1,601.0
5366,CC1=N/C(=C\c2ccncc2)C(=O)N1C,CC#N,452.0
10337,O=Cc1ccc(-c2ccc(-c3nc4ccccc4s3)c(O)c2)o1,ClCCl,526.0
6593,CCN1/C(=C\C2=C([O-])/C(=C/C3=[N+](CC)c4c(ccc5ccc(C)nc45)C3(C)C)C2=O)C(C)(C)c2ccc3ccc(C)nc3c21,C1CCCCC1,700.0
2895,c1ccc(N(c2ccccc2)c2ccc(-c3cccc4nc5ccccc5cc34)cc2)cc1,CN(C)C=O,566.0
10724,CC(C)[Si]1(C(C)C)c2cc(C=O)ccc2-c2ccc(N(c3ccccc3)c3ccccc3)cc21,CC#N,555.0
11288,COC1=C/C(=C\C=C2C=CN(Cc3ccc(Br)cc3)C=C2)C=CC1=O,CCCCCO,643.0
3642,COc1cccc(-c2nc3c([nH]2)C2=CC(=O)S[C@]2(C)[C@@]2(C)SC(=O)C=C32)c1OC,CC#N,520.0
9389,Cc1cc2c(o1)c(C)cc1ccc(=O)oc12,CCO,460.0
10883,COc1ccc(-c2nc(/C(C#N)=C/c3ccc(C#N)cc3)sc2-c2ccc(OC)cc2)cc1,CC#N,572.0
11881,CC1=CC(C)=[N+]2C1=C(C1=C3C(C)=CC(C)=[N+]3[B-](F)(F)n3c(C)cc(C)c31)c1c(C)cc(C)n1[B-]2(F)F,ClC(Cl)Cl,588.0
10981,CCN1c2ccc(/C=N/Nc3ccccn3)cc2Sc2cc(/C=N/Nc3ccccn3)ccc21,CS(C)=O,507.0
8548,Cc1ccc(C2=C3C=CC(C#Cc4ccccc4)=[N+]3[B-](F)(F)n3c(Cl)ccc32)cc1,C1CCCCC1,575.0
12147,CCCCCCC(CCCCCC)N1C(=O)c2cccc3c(-c4cc(OC)c(OC)c(OC)c4)ccc(c23)C1=O,ClC(Cl)Cl,525.1
5451,c1ccc2cc(-n3c4ccccc4c4ccccc43)ccc2c1,CCO,379.0
7160,COc1ccc(C)cc1C1=C2C=CC(=[N+](C)C)C=C2[Si](C)(C)c2cc(N(C)C)ccc21,O,664.0
7866,CCOC(=O)C1c2ccccc2C(=O)N1c1ccccn1,CO,392.0
2743,Cc1cc(C)c(B(c2ccc(-c3ccc(-c4nc5c6ccccc6c6ccccc6c5[nH]4)cc3)cc2)c2c(C)cc(C)cc2C)c(C)c1,ClCCl,469.0
4958,CCCCn1c2ccc(C#N)cc2c2cc(C#N)cc(-c3ccc(N(c4ccccc4)c4ccccc4)cc3)c21,C1CCCCC1,407.0
6474,COc1ccc(-c2nc3c(c4c2-c2ccc(C#N)cc2CC4)-c2ccc(C#N)cc2CC3)cc1,ClCCl,425.0
7888,Cc1cc(=O)oc2cc3cc(O)ccc3cc12,CC#N,450.0
492,CN(C)c1ccc(C=C/C=C/C=C/c2ccc(C#N)cc2)cc1,CCCCCC,467.0
1116,Cc1ccc(/C=N/c2cc(C(C)C)c(O)cc2C)cc1,CC(C)(C)O,412.0
5637,CCCCCCCCCCCCC1(CCCCCCCCCCCC)c2cc(-c3ccc(C=C4C(=O)c5ccccc5C4=O)cc3)ccc2-c2ccc(-c3ccc(C=C4C(=O)c5ccccc5C4=O)cc3)cc21,Cc1ccccc1,490.0
10762,CCOC(=O)c1c2c3c(ccc(F)c3c3cc4c(cc13)[Si](C)(C)O[Si]4(C)C)N(C)C2=O,CC#N,411.0
12103,COc1cc2c(cc1/C=C(\C#N)c1nc3ccccc3s1)c1ccccc1n2C,CO,510.0
9090,CCC1(CC)c2cc(C=C(C#N)C#N)ccc2-c2ccc(N(C)C)cc21,CC#N,688.0
10551,O=C1OC(=O)C2=C1S[C@]13C2=C[C@H](c2ccccc21)c1ccccc13,ClCCl,514.0
6589,Cc1ccc2ccc3c(c2n1)N/C(=C\C1=C([O-])/C(=C/C2=[NH+]c4c(ccc5ccc(C)nc45)C2(C)C)C1=O)C3(C)C,CO,703.0
11109,Cc1ccc2nc3c(nc2c1)c(-c1ccccc1)nn3C,CC#N,516.0
7557,COc1ccc(C(=O)OCc2c(C)c(=O)n3c(=O)c(C)c(C)n23)cc1,CCO,461.0
9809,COc1ccc2c3c(c4ccc(C(C)(C)C)cc4c2c1)=C(c1cc(OC)c(OC)c(OC)c1)C1=Nc2c(-c4cc(OC)c(OC)c(OC)c4)c4c5ccc(C(C)(C)C)cc5c5cc(OC)ccc5c4n2[B-](F)(F)[N+]=31,Cc1ccccc1,810.0
5241,CC1=[N+]2C(=Cc3ccc(C)n3[B-]2(F)F)C=C1c1cc2n(c1)[B-](F)(F)[N+]1=CC=CC1=C2c1c(C)cc(C)cc1C,C1CCCCC1,636.0
11324,CC1(C)c2ccccc2N(c2ccc3c(c2)-c2cc(N4c5ccccc5C(C)(C)c5ccccc54)ccc2P3(=O)c2ccccc2)c2ccccc21,Cc1ccccc1,480.0
2783,Cc1c(C(=O)c2ccc3ccc4cccc5ccc2c3c45)c2ccc3cccc4c5cccc6ccc1c(c65)c2c34,ClCCl,551.0
9035,N#Cc1c[nH]c2ccccc12,C1CCOC1,314.0
1696,COc1cc(C2=CC3=C(c4c(C)cc(C)cc4C)c4cc(-c5cc(OC)c(OC)c(OC)c5)c(-c5cc(OC)c(OC)c(OC)c5)n4[B-](F)(F)[N+]3=C2c2cc(OC)c(OC)c(OC)c2)cc(OC)c1OC,C1CCOC1,662.0
5685,CN(C)c1cccc(/C=C/c2ncc(-c3ccc(OCc4ccccc4)c(OCc4ccccc4)c3)o2)c1,ClCCl,490.0
2295,C/C(=C\c1ccc(C)cc1)c1nc2ccccc2o1,CO,380.0
5939,COc1cc(/C=C/c2cc[n+](Cc3ccc(Br)cc3)cc2)ccc1O,CCCCO,558.0
7763,Nc1cccc2c1C(=O)c1ccccc1-2,c1ccccc1,482.0
3313,CC1=CC(C)=[N+]2C1=C(c1ccccc1)c1c(C)cc(/C=C/c3ccccc3)n1[B-]2(F)F,CC#N,569.0
4781,C=CCNc1ccc2ccc3oc4cc(=[N+](C)C)ccc-4nc3c2c1,CCO,631.0
8350,Cc1ccc(S(=O)(=O)/N=c2\oc3cccc4c5c(-c6ccccc6)oc6cccc(c(c2-c2ccccc2)c34)c65)cc1,ClC(Cl)Cl,560.0
9142,F[B-]1(F)n2c(c3cccc4cccc2c43)=Nc2cccc(Cl)[n+]21,C1CCOC1,503.0
7605,CCC(CC)COC1=CC2=C3c4cc(OCC(CC)CC)c(-c5cccs5)n4[B-](F)(F)[n+]4nnn(c43)[B-](F)(F)[N+]2=C1c1cccs1,ClCCl,815.0
215,COc1ccc(/C=C/c2nc(/C=C/c3ccc(N(C)C)cc3)cc(/C=C/c3ccc(N(C)C)cc3)n2)cc1,C1CCOC1,522.0
6707,CCCCCCCCOc1ccc2c3cccc4c(OCCCCCCCC)ccc(c5cccc1c52)c43,ClC(Cl)Cl,471.0088929
10099,CCN(CC)c1ccc(/C=C/c2cc(/C=C/c3ccc(N(CC)CC)cc3)nc(N)n2)cc1,ClC(Cl)Cl,518.0
8682,CCC1=C(C)C2=Cc3cc(I)cn3[B-](F)(F)[N+]2=C1C,CCO,543.0
11190,COc1c2ccccc2c(OC)c2c1c1ccc(C)cc1n2C,CO,418.0
3483,COc1ccc(C2=N/C(=C\c3ccc(C#N)cc3)C(=O)N2)cc1OC,C1COCCO1,482.0
7006,CCCCCCCCC1(CCCCCCCC)c2ccccc2-c2ccc(-c3nnc(-c4ccc(-n5c6ccc(C(C)(C)C)cc6c6cc(C(C)(C)C)ccc65)cc4)o3)cc21,Cc1ccccc1,409.0
5102,O=C1c2cccc3cc4ccccc4c(c23)C(=O)N1Cc1ccccn1,CCO,500.0
6599,CCN1/C(=C\C2=C([O-])/C(=C/C3=[N+](CC)c4c(ccc5ccc(C)nc45)C3(C)C)C2=O)C(C)(C)c2ccc3ccc(C)nc3c21,CS(C)=O,707.0
3764,O=c1[nH]c2[n+](c3ccccc13)[B-](F)(F)Oc1ccccc1-2,CC#N,420.0
9737,O=C1O[B-]2(OC1=O)OC(c1ccccc1)=CC(c1ccc3ccccc3c1)=[O+]2,ClC(Cl)(Cl)Cl,451.0
6410,COc1ccc(-c2cc3c(ccc4sccc43)s2)cc1,ClCCl,379.0
10407,CC(C)(C)c1ccc2c(c1)c1cc(C(C)(C)C)ccc1n2-c1ccc(S(=O)(=O)c2ccc(-n3c4ccc(C(C)(C)C)cc4c4cc(C(C)(C)C)ccc43)nc2)cn1,Cc1ccccc1,444.3740095
25,c1ccc2c(-c3ccc(-c4nnc(-c5ccc(-c6nnc(-c7ccc(-c8cccc9ccccc89)s7)o6)cc5)o4)s3)cccc2c1,Cc1ccccc1,434.0
7659,O=C1/C(=C/C=C/c2cc3c4c(c2)CCCN4CCC3)CC/C1=C\C=C\c1cc2c3c(c1)CCCN3CCC2,Cc1ccccc1,588.0
10683,Cc1cc(C)c2cc3cc(C)ncc3cc2c1,CCO,448.4304933
11277,C=CCNc1ccc2ccc3oc4cc(=O)ccc-4nc3c2c1,O,624.0
10563,c1ccc(-c2nc(-c3ccc(-c4ccc(N(c5ccccc5)c5ccccc5)cc4)cn3)oc2-c2ccccc2)cc1,CC#N,507.0
6683,Nc1ccc2c3cccc4cccc(c5cccc1c52)c43,CC(C)=O,574.0
10081,N#Cc1nc2c3ccc(-c4ccc(-n5c6ccccc6c6ccccc65)cc4)cc3c3cc(-c4ccc(-n5c6ccccc6c6ccccc65)cc4)ccc3c2nc1C#N,ClC(Cl)Cl,618.5950413
8584,c1ccc(-c2ccc(-c3ccc(-n4c5ccccc5c5ccccc54)cc3)c3nsnc23)cc1,CCOCC,504.0
9473,O=P1(c2ccccc2)C2=C(c3ccccc31)[Si](c1ccccc1)(c1ccccc1)c1cc(N(c3ccccc3)c3ccccc3)ccc12,CC#N,629.0
10534,COc1nc(Nc2ccc3c4c(cccc24)C(=O)c2ccccc2-3)nc(OC)n1,Cc1ccccc1,521.9206681
11832,NS(=O)(=O)c1ccc(N2N=C(c3ccc(O)cc3)CC2c2ccc(Cl)cc2)cc1,O,448.0
10151,CC[n+]1c(-c2ccccc2)c2cc(NC(N)=O)ccc2c2ccc(N)cc21,O,601.0
1102,CCc1ccc(/C=N/c2cc(C(C)C)c(O)cc2C)cc1,CCCCO,420.0
3276,CCN(CC)c1ccc2cc(-c3nc4ccccc4s3)c(=O)oc2c1,CCO,505.0
5345,CC1(C)c2cc(C#N)ccc2-c2ccc(N3c4ccccc4Oc4ccccc43)cc21,C1CCCCC1,433.0
11116,Cc1ccc2nc3c(nc2c1)c(-c1ccccc1)nn3C,C1CCCCC1,472.0
10782,COC(=O)C1=C(C(=O)OC)C2(c3cc(Cl)ccc3-c3c(Cl)cc(Cl)cc32)C2(/C=C/c3ccccc3)c3cc(OC)c(OC)cc3CCN12,ClCCl,487.0
8386,COC(=O)C(Cc1ccc2oc(-c3ccc4c(c3)c3ccccc3n4-c3ccccc3)nc2c1)NC(=O)OC(C)(C)C,CCCCO,385.5050116
8911,COC(=O)c1cc(=O)n(Cc2ccccc2)c2cc(-c3ccc(N(C)C)cc3)sc12,ClCCl,563.0
12253,CC1(C)C(/C=C/C=C/c2cc3ccc(O)cc3oc2=O)=[N+](CCCS(=O)(=O)[O-])c2ccc(S(=O)(=O)O)cc21,CCO,654.0
2207,CC(C)(C)NC(=O)c1ccc(F)c2ccc3c4ccccc4c4ccccc4c3c12,ClCCl,405.0
4552,Clc1ccccc1N1c2c(sc3ccccc23)Sc2sc3ccccc3c21,ClCCl,574.0
4402,CCn1c2ccccc2c2c3nsnc3c3c4ccccc4n(CC)c3c21,ClCCl,497.0
7395,CN(C)CCN(Cc1c2ccccc2cc2ccccc12)c1ccc([N+](=O)[O-])cc1[N+](=O)[O-],CCO,394.0
3718,COc1ccc2c3c(c4ccc(OC)cc4c2c1)C(C)(C)c1sccc1-3,C1CCCCC1,402.0
972,CCC1(CC)c2cc(/C=C/c3cc(Br)c(/C=C/c4ccc5c(c4)C(CC)(CC)c4cc(N6c7ccccc7Sc7ccccc76)ccc4-5)cc3Br)ccc2-c2ccc(N3c4ccccc4Sc4ccccc43)cc21,C1CCOC1,522.0
4579,CC1=C(Cc2ccccc2)C(C)=[N+]2C1=C(C)c1c(C)c(-c3csc(N4CCOCC4)n3)c(C)n1[B-]2(F)F,ClCCl,535.0
6516,CN(C)c1ccc(-c2nc3c(c4c2-c2ccccc2CC4)-c2ccccc2CC3)cc1,CCCCCC,422.0
719,CC1CC=C(c2ccc(-c3cccs3)s2)CC1,CCO,411.0
6155,CCC1(CC)c2cc(Br)ccc2-c2c1c1c(c3c2C(CC)(CC)c2cc(-c4cccs4)ccc2-3)C(CC)(CC)c2cc(Br)ccc2-1,C1CCOC1,371.0
11562,OC1(c2ccc(-c3cccs3)s2)CCC1,OCCOCCO,465.0
2803,CCCCCCCCOc1ccc(C#Cc2ccc(C#Cc3ccc(OCCCCCCCC)c(OCCCCCCCC)c3)c3nc4c5ccccc5c5ccccc5c4nc23)cc1OCCCCCCCC,ClCCl,566.0
2566,O=S(=O)(O)c1cccc2cccc(Nc3ccccc3)c12,CCO,485.0
4025,CCOC(=O)c1c(-c2c(Cl)c3cc(C)ccc3oc2=O)nn(-c2cccc(C)c2)c1C(=O)OCC,ClCCl,418.0
6198,O=C1c2ccccc2NC(c2ccccc2)N1Cc1ccccc1,CC#N,407.0
8224,CN(C)c1cc(C#N)c(N(C)C)c(C#N)c1,CO,530.5039788
10825,CN(C)c1ccc(C2=Cc3c4ccccc4c4ccccc4[n+]3[B-](F)(F)O2)cc1,CCOC(C)=O,536.0
4063,O=C1/C(=C\c2ccc(N(c3ccccc3)c3ccccc3)cc2)S(=O)(=O)c2ccccc21,Cc1ccccc1,587.0
2792,CCCCCCOc1ccc(C#Cc2ccc(C#Cc3ccc(OCCCCCC)c(OCCCCCC)c3)c3nsnc23)cc1OCCCCCC,ClCCCl,581.0
2222,O=[N+]([O-])c1ccc(C#Cc2ccc3ccc(C#Cc4ccc([N+](=O)[O-])cc4)cc3c2)cc1,ClCCl,527.0
5818,COC(=O)C1=C(C(=O)OC)C2(c3ccccc3-c3ccccc32)[C@@H](c2ccc([N+](=O)[O-])cc2)C=C2c3cc(OC)c(OC)cc3CCN21,ClCCl,431.0
3866,Cc1cc(C)n2c1C=C1c3ccccc3C(c3[nH]c4ccccc4c3C)=[N+]1[B-]2(F)F,CCCCCC,626.0
8882,CCCCc1cc(C=O)c2ccc3c(CCCC)cc(N4CCCCC4)c4ccc1c2c34,CCO,601.0
10618,CC(=O)c1c2c(cc3c(N(C)C)cccc13)CCC2,CCO,634.0
3227,CCOC(=O)/C(C#N)=C(\C=C\c1ccc(N(c2ccccc2)c2ccc(/C=C/C(=C(/C#N)C(=O)OCC)c3ccccc3)cc2)cc1)c1ccccc1,CN(C)C=O,640.0
4214,c1ccc(N(c2ccccc2)c2ccc(-c3nc(-c4ccc(N(c5ccccc5)c5ccccc5)cc4)c4ccccc4n3)cc2)cc1,C1CCOC1,518.0
3923,c1ccc2c(c1)Sc1ccccc1N2c1ccc2c(c1)C1(CC1)c1cc(N3c4ccccc4Sc4ccccc43)ccc1-2,Cc1ccccc1,494.0
9162,Cc1cccc2[n+]1[B-](F)(F)n1c(c3cccc4cccc1c43)=N2,C1CCOC1,496.0
1401,CCOC(=O)c1csc2[n+]1[B-](F)(F)OC(c1ccc(N(C)C)cc1)=N2,Cc1ccccc1,439.0
7703,CCOC(=O)c1cc(C(=O)OCC)c2c(C)ccc(OC(=O)OC(C)(C)C)c2n1,CCO,505.0
4979,CC(C)CCCCN1CCc2c1ccc1c3c(ccc21)C(=O)CCC3,CCC(C)=O,481.0
3253,CN(C)c1ccc(C2=Nc3sc4cc(F)ccc4[n+]3[B-](F)(F)O2)cc1,CC#N,487.0
10576,CCCCCCc1ccc2c(/C=N/c3ccc(/N=C/c4c(O)ccc5cc(CCCCCC)ccc45)cc3)c(O)ccc2c1,CC#N,539.0
2661,c1ccc2sc(-c3ccc(-c4nnc(-c5ccc(-c6nnc(-c7ccc(-c8cc9ccccc9s8)s7)o6)cc5)o4)s3)cc2c1,CCCCCCCCCCO,389.0
2158,CC1=[N+]2C(=Cc3c4c(cn3[B-]2(F)F)-c2nc-4c(-c3ccccc3)c3ccc([nH]3)c(-c3ccccc3)c3nc(c(-c4ccccc4)c4ccc([nH]4)c2-c2ccccc2)C=C3)C(C)C1,ClCCl,693.0
8578,Cc1cc(C)c(C2=C3C=C(/C=C/C(=O)OC(C)(C)C)C=[N+]3[B-](F)(F)n3c2ccc3N2CCOCC2)c(C)c1,CO,577.0
8088,O=Cc1cc(O)c(C=O)cc1O,CN(C)P(=O)(N(C)C)N(C)C,493.0
674,Cc1cc2ccc(-c3cccc4cccc(-c5ccc6cc(C)c(=O)oc6c5)c34)cc2oc1=O,c1ccccc1,398.0
9336,CCn1c2ccccc2c2cc(/C=C/C(=O)c3ccc4c(c3)c3cc(C(=O)/C=C/c5ccc6c(c5)c5ccccc5n6CC)ccc3n4CC)ccc21,CCO,521.0
7011,CCCCCCCN1C(=CC2=C([O-])C(=CC3=[N+](CCCCCCC)c4ccccc4C3(C)C)C2=C(C#N)C#N)Sc2ccccc21,ClC(Cl)Cl,709.0
10595,Brc1ccc2cc3c4ccccc4nc(-c4ccco4)c3n2c1,CS(C)=O,487.0
3841,O=C(c1ccc(N(c2ccccc2)c2ccccc2)cc1)[C@H]1[C@H](c2cccs2)C[C@](O)(c2ccccn2)C[C@]1(O)c1ccccn1,CCO,515.0
1815,CC(C)(C)C1Nc2c(Cl)cc(Cl)cc2C(=O)N1Cc1ccccc1,CC#N,420.0
10202,Cc1cc(-c2ccc(-c3nc4ccccc4[nH]3)cc2)c(C)cc1-c1ccc(-c2nc3ccccc3[nH]2)cc1,CN(C)C=O,401.0
12064,CN(C)c1ccc(/C=C2\CCCC2=O)cc1,c1ccncc1,480.0
2100,CN1CCN(CCCN2c3ccccc3Sc3ccc(C(F)(F)F)cc32)CC1,CC#N,470.0
10798,Cc1ccc(C2=C3C=CC(c4ccccc4)=[N+]3[B-](F)(F)n3c2ccc3-c2ccccc2)cc1,C1CCOC1,586.0
6708,CCCCCCCCOc1ccc2c3cccc4c(OCCCCCCCC)ccc(c5cccc1c52)c43,ClCCl,469.9916452
1673,Cc1cccc(C2=CC3=C(c4c(C)cc(C)cc4C)c4cc(-c5cccc(C)c5)c(-c5cccc(C)c5)n4[B-](F)(F)[N+]3=C2c2cccc(C)c2)c1,C1CCOC1,626.0
4213,c1ccc(N(c2ccccc2)c2ccc(-c3nc(-c4ccc(N(c5ccccc5)c5ccccc5)cc4)c4ccccc4n3)cc2)cc1,C1CCCCC1,447.0
8929,CCC1=C(C)C(=O)n2c1cc1[nH]c(C(=O)OC(C)(C)C)c(C)c1c2=O,CO,505.0
1548,Oc1ccc(/N=C/c2ccccc2Oc2ccccc2)cc1,CCOCC,427.0
8875,CCn1c2ccccc2c2cc(-c3cc(-c4ccc5c(c4)c4ccccc4n5CC)nc(SC)n3)ccc21,ClCCl,411.0
8547,CCCCCOc1cc2oc(=O)c3c4ccc(N(c5ccccc5)c5ccccc5)cc4c4ccc5cccc6c(c1)c2c3c4c56,C1CCOC1,570.0
5184,c1ccc2c(c1)c1ccccc1n2-c1ccc(-c2cc3ccc(-c4ccc5cc(-c6ccc(-n7c8ccccc8c8ccccc87)cc6)oc5c4)cc3o2)cc1,Cc1ccccc1,407.0
1461,COc1ccc(-c2ccc(-c3ccc(C#N)s3)s2)cc1,CCCCO,471.0
12093,CCc1ccc(-c2ccc(-c3nnc(-c4ccc(-c5nnc(-c6ccc(-c7ccc(CC)cc7)s6)o5)cc4)o3)s2)cc1,ClC(Cl)Cl,401.0
3220,N#CC(C#N)=C(/C=C/c1ccc(N(c2ccccc2)c2ccc(/C=C/C(=C(C#N)C#N)c3ccccc3)cc2)cc1)c1ccccc1,ClC(Cl)Cl,604.0
11222,COc1ccc(C#Cc2ccc(C#Cc3ccc(P(=O)(c4ccccc4)c4ccccc4)cc3)cc2)cc1,ClC(Cl)Cl,388.0
7170,CCC1(CC)c2ccccc2-c2ccc(C#Cc3cc(C#Cc4ccc5c(c4)C(CC)(CC)c4ccccc4-5)c4ccc5c(C#Cc6ccc7c(c6)C(CC)(CC)c6ccccc6-7)cc(C#Cc6ccc7c(c6)C(CC)(CC)c6ccccc6-7)c6ccc3c4c65)cc21,Cc1ccccc1,549.0
7430,COc1ccc(C(=O)/C=C/c2ccc(N(C)C)cc2)cc1OC,CC(C)=O,511.0
1751,CN(C)c1ccc(/C=C/c2nc3ccccc3s2)cc1,O,516.0
3976,COC(=O)C(Cc1ccc2oc(-c3ccc(N(C)C)cc3)nc2c1)NC(=O)OC(C)(C)C,CC(C)CC(C)(C)C,374.9953126
8353,C[C@]12C(=O)NC(=O)N([C@H]3CC(O)[C@@H](CO)O3)[C@H]1[C@H]1Oc3cc4oc(=O)ccc4cc3[C@H]12,CCO,432.0
1772,Cc1cc(O)c(C(=O)/C=C/c2ccc(N(C)C)cc2)c(=O)o1,ClCCl,573.0
2016,Cc1ccccc1/C(C#N)=C/c1ccc(N(C)C)cc1,CO,450.0
2005,Cc1ccccc1/C(C#N)=C/c1ccc(N(C)C)cc1,CCCCO,502.0
3893,Cc1ccc2c(c1)c1cc(C)ccc1n2-c1cccc(-n2c3ccc(C)cc3c3cc(C)ccc32)c1C#N,Cc1ccccc1,417.0
3237,COc1ccc2c(c1)sc1[n+]2[B-](F)(F)OC(c2ccc(N(C)C)cc2)=N1,ClCCl,467.0
4424,COc1ccc(C2=Nc3sc(-c4ccccc4)n[n+]3[B-](F)(F)O2)cc1,Cc1ccccc1,414.0
8588,CCN(CC)c1ccc2c(c1)oc(=O)c1c(-c3ccccc3C(=O)O)c3ccc(=[N+](CC)CC)cc-3oc12,O,646.0
2257,Cc1ccc2c(c1)n(C)c(-c1ccc(-c3ccc(-c4ccc(-c5n(C)c6cc(C)ccc6[n+]5C)cc4)cc3)cc1)[n+]2C,O,397.0
4072,CCC1=C(C)c2cc3c(OC)cc(OC)cc3c(=O)n2C1=O,ClC(Cl)Cl,469.0
5574,CCN1/C(=C\C=C\C=C\C2=[N+](CC)c3ccc4cc(Br)ccc4c3C2(C)C)C(C)(C)c2c1ccc1cc(Br)ccc21,CC#N,699.0
11676,CCNc1ccc2c(C(F)(F)F)cc(=O)oc2c1,CCCCO,493.0
5355,O=P1(c2ccccc2)C(c2cc(C(F)(F)F)cc(C(F)(F)F)c2)=Cc2c3ccc4cccc5ccc(c6cc(-c7ccc(N(c8ccccc8)c8ccccc8)cc7)n1c26)c3c45,ClC(Cl)Cl,603.0
8418,N#CC1=C(c2ccc(-c3cccs3)s2)CC1,CCCCCC,433.0
6093,COC(=O)c1ccc(C#Cc2ccccc2)cc1,CCCCCCCCCCCCCCCC,322.2999323
7935,Cc1ccc(/C=C/C(F)(F)F)c(N)c1,C1CCOC1,423.0
9932,CC1=N/C(=C\c2ccc(C#N)c(N(C)C)c2)C(=O)N1C,CC#N,592.0
1519,Oc1cccc(/N=C/c2ccccc2Oc2ccccc2)c1,Cc1ccccc1,412.0
10025,CNc1cccc2c1C(=O)c1ccccc1C2=O,CCC(C)CC,562.0
1378,COc1cc(OC)cc(C2=C3C(C)=C(I)C(/C=C/c4c[nH]c5ccccc45)=[N+]3[B-](F)(F)n3c(/C=C/c4c[nH]c5ccccc45)c(I)c(C)c32)c1,C1CCOC1,748.0
5672,CCN(CC)c1ccc2c(C#N)c(/C=C(\C#N)c3nc4ccccc4s3)c(=O)oc2c1,Cc1ccccc1,637.0
2587,c1csc(-n2c3ccccc3c3ccccc32)c1,ClCCl,370.0
11972,N#C/C(=C\c1cc(/C=C(\C#N)c2ccc(C(F)(F)F)cc2)c(-c2ccc(N(c3ccccc3)c3ccccc3)cc2)cc1-c1ccc(N(c2ccccc2)c2ccccc2)cc1)c1ccc(C(F)(F)F)cc1,C1CCCCC1,478.0
5621,CCCCC1(CCCC)c2cc(-c3ccc(C=C4C(=O)c5ccccc5C4=O)cc3)ccc2-c2ccc(-c3ccc(C=C4C(=O)c5ccccc5C4=O)cc3)cc21,C1CCOC1,532.0
10028,Nc1ccc2c(c1)C(=O)c1ccc(N)cc1C2=O,CC#N,594.0
10097,CN(C)c1ccc(/C=C/c2cc(/C=C/c3ccc(N(C)C)cc3)nc(N)n2)cc1,ClC(Cl)Cl,511.0
5842,Cc1cc(C)c(B(c2cc3c4c(c(B(c5c(C)cc(C)cc5C)c5c(C)cc(C)cc5C)cc5c4c2CCC5)CCC3)c2c(C)cc(C)cc2C)c(C)c1,CC#N,465.9041394
7122,CCOC(=O)COc1ccc(C(c2c(C)[nH]c3ccccc23)c2c(C)[nH]c3ccccc23)cc1,CO,344.0
5832,COc1cc2c(cc1OC)C1=C[C@H](c3ccccc3)C3(C(C#N)=C(C#N)N1CC2)c1ccccc1-c1ccccc13,ClCCl,410.0
4888,COC(=O)c1nc2cnc(N)nc2n1Cc1ccccc1,ClCCl,379.0
5904,O=C([O-])c1c2ccccc2c(C(=O)[O-])c2ccccc12,CN(C)C=O,410.0
522,CN(C)c1ccc(/C=C/c2ccccn2)cc1,CCO,476.0
8043,COc1ccc(O)c(C=O)c1,CO,471.0
3607,CCOC(=O)CCCCCn1c2ccc(N)cc2c(=O)c2cc3c(cc21)c(=O)c1cc(N)ccc1n3CCCCCC(=O)OCC,ClCCl,608.0
234,CCC1(CC)c2ccccc2-c2c1c1c(c3c2C(CC)(CC)c2cc(B(c4c(C)cc(C)cc4C)c4c(C)cc(C)cc4C)ccc2-3)C(CC)(CC)c2cc(B(c3c(C)cc(C)cc3C)c3c(C)cc(C)cc3C)ccc2-1,C1CCOC1,387.0
3796,c1ccc(-c2nn(-c3ccccc3)c3nc4ccccc4cc23)cc1,CC(C)=O,472.5897921
6318,CC(C)(C)c1ccc2c(c1)c1cc(C(C)(C)C)ccc1n2-c1ccc(C#Cc2cccc(C#Cc3ccc(-n4c5ccc(C(C)(C)C)cc5c5cc(C(C)(C)C)ccc54)cc3)c2)cc1,ClC(Cl)Cl,400.0
7094,CCOC(=O)CN(CC(=O)OCC)c1ccc(-c2cc(-c3ccccn3)nc(-c3ccccn3)c2)cc1,CN(C)C=O,458.0
1948,O=C1Nc2ccccc2/C1=C/C(=O)c1ccccc1,O,424.0
6361,CCOC(=O)C1c2ccccc2C(=O)N1c1ccccc1,CS(C)=O,472.0
11523,COC(=O)CCC1=CC(C#Cc2ccsc2)=[N+]2C1=Cc1c(CCC(=O)OC)cc(C#Cc3ccsc3)n1[B-]2(F)F,ClCCl,653.0
6091,COC(=O)c1ccc(C#Cc2ccccc2)cc1,CC(C)O,353.1572256
11131,CCN(CC)c1ccc2nc3ccc(=[N+](CC)CC)cc-3oc2c1,CCCCc1ccc(/N=C/c2ccc(OC)cc2)cc1,668.0
2224,F[B-]1(F)n2c(nc(-c3ccccc3)c2-c2ccccc2)-c2cccc[n+]21,C1CCOC1,537.0
5571,CCCCN1/C(=C\C=C\C=C\C2=[N+](CCCC)c3ccc4ccccc4c3C2(C)C)C(C)(C)c2c1ccc1ccccc21,CS(C)=O,709.0
4523,F[B-]1(F)n2c(-c3cccs3)cc(-c3cccs3)c2N=C2C(c3cccs3)=CC(c3cccs3)=[N+]21,CS(C)=O,775.0
5793,COc1ccc(-c2cc3c4c(c2)CCc2cc(-c5ccc(OC)cc5)cc(c2-4)CC3)cc1,CC#N,388.0645161
10769,COc1ccc(-n2nc(C#N)c(NC3CCCCC3)n2)cc1,CCO,408.0
5738,O=Cc1ccc(C=C(c2ccccc2)c2ccccc2)cc1,C1CCOC1,383.0
2624,O=C1c2ccccc2-c2c(-c3ccccc3O)[nH]c(=O)n21,CO,498.0
4728,O=C1CCCc2c1[nH]c1cc3c(cc21)OCO3,CS(C)=O,403.5433071
7818,CNc1cccc2c1C(=O)c1ccccc1-2,CC#N,533.0
8859,CCn1c2ccccc2c2cc(-c3cc(-c4ccc5c(c4)c4ccccc4n5CC)nc(C#N)n3)ccc21,Cc1ccccc1,404.0
12157,COc1ccc2c(c1)c1cc(OC)ccc1n2-c1nc2ccccc2nc1-n1c2ccc(OC)cc2c2cc(OC)ccc21,Cc1ccccc1,582.0
11170,COc1c2ccccc2c(OC)c2c1c1c(F)cccc1n2C,CO,417.0
9132,CN(C)c1ccc2c(c1)Cc1ccccc1-2,CCCCO,369.0
2437,CC1(C)c2ccccc2-c2cc3c4cc(-n5c6ccccc6c6ccccc65)ccc4n(-c4ccc(-c5nc(-c6ccccc6)nc(-c6ccccc6)n5)cc4)c3cc21,Cc1ccccc1,454.0
6056,CN(C)c1ccc(C#Cc2ccccc2)cc1,CC#N,415.5067104
6352,CCOC(=O)C1c2cc(OC)c(OC)cc2C(=O)N1c1ccc(OC)c(OC)c1,CCCCCC,440.0
3167,N#Cc1ccc(-c2nc(-c3ccccc3)c3ccccn23)cc1,CO,487.0
1809,O=C1c2ccccc2NCN1Cc1ccccc1,CO,443.0
9927,CC1=N/C(=C\c2cc(C#N)cc(N(C)C)c2)C(=O)N1C,CCCCCC,475.0
7161,COc1ccccc1C1=C2C=CC(=[N+](C)C)C=C2[Si](C)(C)c2cc(N(C)C)ccc21,O,663.0
5086,O=S1(=O)C2=C(c3ccc(N(c4ccccc4)c4ccccc4)cc31)C1(C3=C(c4ccccc41)S(=O)(=O)c1cc(N(c4ccccc4)c4ccccc4)ccc13)c1ccccc12,CC#N,598.0
9881,CCCCc1ccc(N(c2ccc(CCCC)cc2)c2ccc(-c3ccc4c(c3)S(=O)(=O)c3cc(-c5ccc(N(c6ccc(CCCC)cc6)c6ccc(CCCC)cc6)cc5)ccc3-4)cc2)cc1,ClC(Cl)Cl,520.0
7016,C(=C/c1ccnc2ccccc12)\c1ccc(/C=C/c2ccnc3ccccc23)cc1,CC(C)O,436.0
9567,COC(=O)C(Cc1ccc2oc(-c3ccc(-n4c5ccccc5c5ccccc54)cc3)nc2c1)NC(=O)OC(C)(C)C,CC(O)CO,455.000455
4945,CN(C)c1cc2oc3cc(N(C)C)c(F)cc3c(=O)c2cc1F,CCO,446.0
6046,CN(C)c1ccc(C#Cc2ccc(C=O)cc2)cc1,CCCCCCCCCCCCCCCCCl,402.4954719
11346,O=C1c2ccccc2C(=O)c2cc(-c3ccc(N(c4ccccc4)c4ccccc4)cc3)ccc21,Cc1ccccc1,615.0
6919,CN(C)c1ccc2nc(/C=C/c3ccccc3)c(=O)oc2c1,ClCCl,547.0
5590,Cc1ccc(C#Cc2ccc3ccc4cccc5ccc2c3c45)cc1,CCO,391.0
7226,CCC1=C(C)C2=Cc3cscc3B(O)N2C1=O,CO,418.0
1228,CC1=NN(c2ccccc2)C(=O)/C1=C/c1cn(-c2ccccc2)nc1-c1ccccc1,CCOC(C)=O,422.0
9455,CC(C)(C)c1ccc(-c2nc3c4ccc(-c5ccc6ccccc6c5)cc4c4cc(-c5ccc6ccccc6c5)ccc4c3n2-c2ccc(C(C)(C)C)cc2)cc1,ClCCl,405.0
6846,COc1cc(N(c2ccccc2)c2ccccc2)ccc1C=C(C#N)C#N,CC#N,581.0
8244,CN(C)c1ccc(/C=C/C(=O)O)cc1,O,453.0
6555,N#CC(/N=C/c1c(O)ccc2ccccc12)=C(C#N)/N=C/c1c(O)ccc2ccccc12,CC#N,560.0
159,Cn1c(=O)cc(C(=O)c2ccccc2)c2sc(-c3ccc(OC(F)(F)F)cc3)cc21,ClCCl,518.0
8851,c1ccc(-c2nc(-c3ccccc3)nc(-c3cc(-n4c5ccccc5c5ncccc54)c(-n4c5ccccc5c5ccccc54)c(-n4c5ccccc5c5ncccc54)c3)n2)cc1,O=P(c1ccccc1)(c1ccccc1)c1ccccc1Oc1ccccc1P(=O)(c1ccccc1)c1ccccc1,455.4896142
1589,CCCCN(CCCC)c1ccc(/C=C/c2ccc3nc(/C=C/c4ccc(N(C)C)cc4)c(=O)n(CCC)c3c2)cc1,CC#N,651.0
12067,c1ccc(-c2nn(-c3ccccc3)c3nc4ccc(-n5c6ccccc6c6ccccc65)cc4cc23)cc1,CC#N,482.6254826
11630,Nc1ccc2c(C(F)(F)F)cc(=O)oc2c1,CO,487.0
11607,Nc1ccc2c(C(F)(F)F)cc(=O)oc2c1,C1CCC2CCCCC2C1,404.0
11439,COc1ccc(C(=O)c2c(C)c3ccc4cccc5c6cccc7ccc2c(c76)c3c45)cc1,ClCCl,443.0
6687,Nc1ccc2c3cccc4cccc(c5cccc1c52)c43,CO,577.0
11452,CCC1=C(C)C2=C(c3c4ccccc4c(-c4ccccc4)c4ccccc34)c3c(C)c(CC)c(C)n3[B-](F)(F)[N+]2=C1C,CC#N,536.0
9242,O=c1c2ccccc2n2c3ccccc3c(=O)c3cc(-c4ccccc4)cc1c32,c1cc(-n2c3ccccc3c3ccccc32)cc(-n2c3ccccc3c3ccccc32)c1,472.0
7480,CCN(CC)c1ccc2cc(/C=C/C3=CC(/C=C/c4cc5ccc(N(CC)CC)cc5oc4=O)=[O+][B-](F)(F)O3)c(=O)oc2c1,CC(C)=O,710.0
11349,O=Cc1ccc(N(c2ccc(C=O)cc2)c2ccc(-c3ccc4c(c3)C(=O)c3ccccc3C4=O)cc2)cc1,CCCCCC,493.0
1556,Oc1ccc(/N=C/c2ccccc2Oc2ccccc2)cc1,OCCO,405.0
2828,COc1ccc(/N=N/c2c(O)c3ccccc3n(C)c2=O)c(S(=O)(=O)O)c1,Cc1ccccc1,519.0
436,Cc1ccc(-c2ccc(/C=C/c3ccc(N(C)C)cc3)cn2)nc1,CC#N,532.0
5789,CC(C)(C)c1ccc(-c2cc3c4c(c2)CCc2cc(-c5ccc(C(C)(C)C)cc5)cc(c2-4)CC3)cc1,ClC(Cl)Cl,387.9269729
10007,CCNc1ccc(NCC)c2c1C(=O)c1ccccc1C2=O,CCO,672.0
1588,CCCCN(CCCC)c1ccc(/C=C/c2ccc3nc(/C=C/c4ccc(N(C)C)cc4)c(=O)n(CCC)c3c2)cc1,C1COCCO1,559.0
7398,CN(C)CCN(Cc1c2ccccc2cc2ccccc12)c1ccc([N+](=O)[O-])cc1[N+](=O)[O-],CS(C)=O,398.0
2780,CCN(CC)c1ccc2cc(C#N)/c(=N\C(=O)c3ccccc3)oc2c1,CCO,472.0
11002,O=c1c2cccc3cccc(c32)c2nc3cccc4cccc(c43)n12,ClCCl,682.0
5686,O=C1c2cc(-n3c4ccccc4c4ccccc43)c(-n3c4ccccc4c4ccccc43)cc2C(=O)N1c1ccccc1,Cc1ccccc1,510.0
3965,CCN(CC)c1ccc(-c2nc3cc(C(NC(=O)OC(C)(C)C)C(=O)OC)ccc3o2)c(O)c1,CC#N,394.0
4727,O=C1CCCc2c1[nH]c1cc3c(cc21)OCO3,CCOC(C)=O,388.9020631
1238,c1cc2sc3ccsc3c2s1,ClCCl,335.0
2951,Cc1ccc2c(c1)C(=O)c1ccncc1-2,CCCCCC,487.8344181
8960,CC(C)(C)c1cc2c3cc(C(C)(C)C)c(-c4cc5cc6c7cccc8cccc(c9cc(C(C)(C)C)cc(c5cc4C(C)(C)C)c96)c87)cc3cc3c4cccc5cccc(c(c1)c23)c54,CC1CCCCC1,454.0
9484,Oc1c(-c2nc3c4ccc(-c5ccccc5)cc4c4cc(-c5ccccc5)ccc4c3[nH]2)ccc2c1c1ccccc1n2-c1ccccc1,CS(C)=O,504.0
1497,CC(C)(C)c1ccc2c(c1)c1cc(C(C)(C)C)ccc1n2-c1cc(C(=O)c2ccccc2)cc(-n2c3ccc(C(C)(C)C)cc3c3cc(C(C)(C)C)ccc32)c1,Cc1ccccc1,466.3585952
6465,O=C1c2ccccc2-c2cc3ccccc3c(=O)n21,CS(C)=O,455.0
7355,CC(C)(C)c1cc(/C2=C3\C=CC(=N3)/C(c3ccc(Br)cc3)=c3/cc/c([nH]3)=C(\c3ccc(Br)cc3)C3=N/C(=C(/c4cc(C(C)(C)C)cc(C(C)(C)C)c4)c4cc2c[nH]4)C=C3)cc(C(C)(C)C)c1,CC(=O)N(C)C,716.0
7823,O=C1c2ccccc2-c2ccccc21,CC#N,507.0
7547,O=C1c2ccccc2S(=O)(=O)c2ccc(-n3c4ccccc4c4ccccc43)cc21,C1CCOC1,576.0
7913,CCCN1/C(=C/C=C(/C=C/C2=[N+](CCC)c3ccccc3C2(C)C)c2ccncc2)C(C)(C)c2ccccc21,CO,648.0
10495,CCn1c2ccccc2c2cc(C#Cc3cc(C#Cc4ccc5c(c4)c4ccccc4n5CC)nc(OC)n3)ccc21,Cc1ccccc1,411.0
5185,c1ccc2c(c1)c1ccccc1n2-c1ccc(-c2cc3ccc(-c4ccc5cc(-c6ccc(-n7c8ccccc8c8ccccc87)cc6)oc5c4)cc3o2)cc1,c1ccc2c(c1)c1ccccc1n2-c1ccc(-c2ccc(-n3c4ccccc4c4ccccc43)cc2)cc1,419.0
5647,CCn1c2c(-c3ccc(-c4cccs4)s3)cc(C(C)(C)C)cc2c2cc(C(C)(C)C)cc(-c3ccc(-c4cccs4)s3)c21,ClCCl,440.0
11603,COc1cc(OC)c2ccc(=O)oc2c1,CCO,425.0
5242,CC1=[N+]2C(=Cc3ccc(C)n3[B-]2(F)F)C=C1c1cc2n(c1)[B-](F)(F)[N+]1=CC=CC1=C2c1c(C)cc(C)cc1C,CCOC(C)=O,683.0
2130,C[Si](C)(c1cccc2cc3ccccc3cc12)[Si](C)(C)c1cccc2cc3ccccc3cc12,CC#N,412.0
2092,F[B-]1(F)n2c(nc(Br)c2Br)-c2cccc[n+]21,C1CCCCC1,463.0
5409,CCCC1=Cc2nc1ccc1[nH]c(cc1CCOC)c1nc(ccc3[nH]c2cc3CCC)C(CCOC)=C1,Cc1ccccc1,642.0
187,CN(C)c1ccc(/C=C/c2cc(/C=C/c3ccc(N(C)C)cc3)nc(/C=C/c3ccc(N(C)C)cc3)n2)cc1,ClCCl,536.0
7938,N[C@@H](Cc1ccc(O)cc1)C(=O)O,O,300.0
3655,CN(CCO)c1ccc(/C=C/C2=C(C#N)C(C(C#N)C#N)OC2(C)C)cc1,Cc1ccccc1,614.0
3426,Oc1c(-c2nc3c4ccc(-c5ccccc5)cc4c4cc(-c5ccccc5)ccc4c3[nH]2)cc2c3c1CCCN3CCC2,C1CCOC1,454.0
9412,COc1ccc(-c2cc(C)nc(-c3ccc(-n4c5ccccc5c5ccccc54)cc3)n2)cc1,C1CCOC1,402.0
1381,Cc1cn(C)c(=O)nc1-n1cncn1,O,389.0
9582,c1ccc(N(c2ccccc2)c2ccc(-c3nc4c5ccccc5c5ccccc5c4n3-c3ccccc3)cc2)cc1,ClCCl,468.0
8605,CCC1=C(C)C2=C(C)c3c(C)c(CC)c(C)n3[B-](F)(F)[N+]2=C1C,CCCCO,534.4
7427,COc1ccc(C(=O)/C=C/c2ccc(N(C)C)cc2)cc1OC,ClC(Cl)Cl,507.0
5037,CCCCCCOc1ccc2oc3c(c2c1)=CC1=C(c2ccccc2C)c2cc4c5cc(OCCCCCC)ccc5oc4n2[B-](F)(F)[N+]=31,C1CCCCC1,603.0
4897,N#Cc1nc2cnc(N)nc2n1Cc1ccccc1,ClCCl,381.0
3175,c1ccc(-c2nc(-c3ccccc3)n3ccccc23)cc1,ClC(Cl)Cl,454.0
9784,CC(=O)OC[C@H]1O[C@@H](OCC#Cc2ccc(C3=C4C(C)=CC(/C=C/c5ccc(N(C)C)cc5)=[N+]4[B-](F)(F)n4c(/C=C/c5ccc(N(C)C)cc5)cc(C)c43)cc2)[C@H](OC(C)=O)C(OC(C)=O)[C@@H]1OC(C)=O,CC#N,769.0
8448,CC(C)[Si](C#Cc1ccc(C#C[Si](C(C)C)(C(C)C)C(C)C)c2nc3c(nc12)C1c2ccccc2C3c2ccccc21)(C(C)C)C(C)C,CCCCCC,404.0
12137,CCCCCCC(CCCCCC)N1C(=O)c2cccc3c(-c4ccccc4)ccc(c23)C1=O,CCCCO,429.1
9724,CCC1=C(C)c2cc3[nH]c(cc4nc(c5c6[nH]c(cc1n2)c(C)c6C(=O)C5)[C@@H](CCC(=O)OC)[C@@H]4C)c(C)c3/C=C/[N+](=O)[O-],ClCCl,720.0
2235,CC1=[N+]2C(=C(c3ccc(N4CCOCC4)cc3)c3ccc(C)n3[B-]2(F)F)C=C1,ClC(Cl)Cl,531.0
8068,CCOC(=O)c1ccc(N(C)C)cc1,CCCCCC,328.5714286
4236,Clc1ccc2nc3cc4ccccc4cc3c(-c3ccccc3)c2c1,ClCCl,527.0
9107,CCC1(CC)c2cc(N(C)C)ccc2-c2ccc(C(F)(F)F)cc21,CS(C)=O,414.0
9392,Cc1cc(=O)oc2c1cc(Br)c1occ(C)c12,C1COCCO1,407.0
24,c1ccc2c(-c3ccc(-c4nnc(-c5ccc(-c6nnc(-c7ccc(-c8cccc9ccccc89)s7)o6)cc5)o4)s3)cccc2c1,CS(C)=O,468.0
3363,F[B-]1(F)n2c(c3cccc4cccc2c43)=Nc2sc3ccccc3[n+]21,C1CCOC1,501.0
1088,c1ccc(N(c2ccccc2)c2ccc(-c3ccc4c(c3)C3(c5cc(-c6ccc(N(c7ccccc7)c7ccccc7)cc6)ccc5S4)c4ccccc4-c4ccccc43)cc2)cc1,CC(C)=O,414.9887133
8733,CC1=C(C(C)(C)C)C(C)=[N+]2C1=C(C)c1c(C)c(C(C)(C)C)c(C)n1[B-]2(F)F,CCC(C)C,569.0
11217,COc1ccc(C#Cc2ccc(C#Cc3ccc(P(=O)(c4ccccc4)c4ccccc4)cc3)cc2)cc1,C1CCCCC1,364.0
2841,CC(=O)Nc1ccc(S(=O)(=O)O)c(/N=N/c2c(O)c3ccccc3n(C)c2=O)c1,C1CCOC1,523.0
7537,CCOC(=O)C1=CN(c2ccccc2)C=CC1c1ccccc1,CO,442.0
7470,O=c1c2cc(F)ccc2nc2n1[B-](F)(F)[n+]1ccccc1-2,ClCCl,438.0
11421,CCn1c2ccccc2c2cc(/C=C3\C(=O)c4ccccc4S3(=O)=O)ccc21,CC#N,561.0
4152,N#Cc1c(N2CCCCC2)cc(-c2ccc3c(c2)OCO3)c2c1-c1cccc3cccc-2c13,O,552.0
695,CN1/C(=C/C=C(/C=C/c2sc3ccccc3[n+]2C)c2ccc(F)cc2)Sc2ccccc21,O,669.0
11246,COc1ccc2oc(-c3cc4cc(OC)ccc4oc3=O)cc2c1,Cc1ccccc1,446.0
6337,CC1=[N+]2C(=c3c4c5ccccc5cc5cccc(c6cc(C)n(c36)[B-]2(F)F)c54)C=C1,ClCCl,638.0
1227,CC1=NN(c2ccccc2)C(=O)/C1=C/c1cn(-c2ccccc2)nc1-c1ccccc1,CCO,427.0
1999,Cc1ccccc1/C(C#N)=C/c1ccc(N(C)C)cc1,C1CCOC1,484.0
276,CCCCCCCCCCCCOc1nc2cc(/N=C/c3ccc(OCCCCCCCC)cc3O)ccc2[nH]1,ClC(Cl)Cl,510.0
5929,CCn1c(-c2ccc(OC)cc2)c(-c2ccc3ccccc3c2)c(-c2ccc3ccccc3c2)c1-c1ccc(OC)cc1,CCOC(C)=O,404.0
2953,CC1=[N+]2C(=C(c3ccc(-c4c5ccccc5c(-c5ccccc5)c5ccccc45)cc3)c3ccc(C)n3[B-]2(F)F)C=C1,CCCCCC,526.0
3637,Cc1ccc(-c2nc3c([nH]2)C2=CC(=O)S[C@]2(C)[C@@]2(C)SC(=O)C=C32)cc1,CC#N,520.0
3906,CCCCc1cc2c3c(c1)-c1ccccc1B(c1c(C)cc(C)cc1C)N3B(c1c(C)cc(C)cc1C)c1ccccc1-2,ClCCl,413.0
4778,C=CCNc1ccc2c(ccc3oc4cc(=[N+](C)C)ccc-4nc32)c1,ClCCl,645.0
5845,[O-]c1c(-c2nc3ccccc3s2)cc2ccc3cccc4ccc1c2c34,CS(C)=O,555.0
11892,COc1ccc(C2=[N+]3C(=Nc4c(-c5ccc6ccccc6c5)c(Br)c(-c5ccc(OC)cc5)n4[B-]3(F)F)C(c3ccc4ccccc4c3)=C2Br)cc1,ClCCl,734.0
4117,Cc1ccc(-c2cc(-c3ccc(C)cc3)c(C#N)c(=O)[nH]2)cc1,CC#N,443.0
1137,Cc1cc(O)c(C(C)C)cc1/N=C/c1ccc(O)cc1,CCOC(C)=O,405.0
2767,Cc1ccc(-c2ccc(/C=C/c3cccn3C)cn2)nc1,CCO,501.0
8182,COCCOCCOCCOc1ccc(OCCOCCOCCOC)c(C=O)c1,CO,468.0
9735,CCCCCN1c2ccccc2Sc2cc(/C=C/c3ccc(/C=C(\C#N)C(=O)O)s3)ccc21,ClCCl,704.0
7661,O=C1/C(=C/C=C/c2cc3c4c(c2)CCCN4CCC3)CC/C1=C\C=C\c1cc2c3c(c1)CCCN3CCC2,OCC(F)(F)F,785.0
10760,CCOC(=O)c1c2c3c(ccc(C)c3c3cc4c(cc13)[Si](C)(C)O[Si]4(C)C)N(C)C2=O,CC#N,413.0
2490,COc1ccc2c3c(c4ccc(OC)cc4c2c1)=[N+]1C(=C(c2c(C)cc(C)cc2C)c2cc4c5ccc(OC)cc5c5cc(OC)ccc5c4n2[B-]1(F)F)C=3,C1CCOC1,712.0
11871,NS(=O)(=O)c1ccc(N2N=C(c3ccc(O)cc3)CC2c2ccc(Cl)cc2)cc1,CC#N,417.0
7742,c1cc2ccc3ccc(-n4c5ccccc5c5ccccc54)c4ccc(c1)c2c34,CCO,398.0
3935,N#Cc1cccc(-c2pc3ccccc3s2)c1,CC#N,432.0
2384,COC(=O)c1ccc(-c2nc3ccc(N(C)C)cc3s2)cc1,ClC(Cl)Cl,496.0
8016,CC(=O)Nc1ccc(O)cc1,CCCCO,320.0
7084,O=C1c2ccccc2-c2ccc(N3CCN(c4ccccc4)CC3)c3cccc1c23,CCOC(C)=O,587.0
115,c1ccc(N(c2ccccc2)c2ccc3c4cccc5c(N(c6ccccc6)c6ccccc6)ccc(c6cccc2c63)c54)cc1,C1CCCCC1,531.0
1863,COc1ccc(C(=O)/C=C2\C(=O)Nc3ccccc32)c(OC)c1,CN(C)C=O,422.0
3119,CSc1sc(C(C)=O)c2nn[nH]c(=O)c12,CN(C)C=O,490.0
4258,C[Si]1(C)C2=C(c3cc4c(cc31)C1=C(c3ccccc3S1(=O)=O)[Si]4(C)C)S(=O)(=O)c1ccccc12,C1CCOC1,470.0
11904,COc1cccc(-c2c3ccccc3c3n2[B-](F)(F)[N+]2=Cc4c5ccccc5c(-c5cccc(OC)c5)n4[B-](F)(F)[N+]2=C3)c1,Cc1ccccc1,608.0
2819,COc1ccc(N(c2ccc(OC)cc2)c2ccc3ccc4c(B(c5c(C)cc(C)cc5C)c5c(C)cc(C)cc5C)ccc5ccc2c3c54)cc1,CCCCCC,534.0
9357,c1cnc2c(c1)c1nc(-c3ccc(-c4nc5c6cccnc6c6ncccc6c5[nH]4)cc3)[nH]c1c1cccnc12,CS(C)=O,426.0
9217,COc1ccc(/C=C/C2=C3CCc4ccccc4C3=[O+][B-](F)(F)O2)cc1,ClCCl,515.0
11132,Cc1cc(C)c(N(c2ccccc2)c2ccc(S(=O)(=O)c3ccc(S(=O)(=O)c4ccc(N(c5ccccc5)c5c(C)cc(C)cc5C)cc4)cc3)cc2)c(C)c1,Cc1ccccc1,450.0
4699,N#Cc1ccc(N2c3ccccc3C(c3ccccc3)(c3ccccc3)c3ccccc32)cc1,Cc1ccccc1,428.0
3802,c1ccc2cc(-c3c4ccccc4c(-c4nccc5ccccc45)c4ccccc34)ccc2c1,ClCCl,418.0
6068,CN(C)c1ccc(C#Cc2ccccc2)cc1,CN(C)C=O,418.4975936
3536,Cc1ccc(C(=O)OCc2ccc3c4cccc5cccc(c6cccc2c63)c54)cc1,CCO,445.0
3825,CC1=CC(C)=[N+]2C1=C(c1ccccc1)c1c(C)c(-c3cccs3)c(C)n1[B-]2(F)F,CO,600.0
6642,O=P(c1ccccc1)(c1ccccc1)n1c2ccccc2c2ccccc21,Cc1ccccc1,372.0
10594,Cc1cccn2c1cc1c3ccccc3nc(-c3ccco3)c12,CS(C)=O,502.0
1946,O=C1Nc2ccccc2/C1=C/C(=O)c1ccccc1,CO,412.0
10699,COc1cc2c(cc1/C=C/C(=C(C#N)C#N)c1ccccc1)c1ccccc1n2C,C1CCOC1,568.0
9367,C[N+]1=C(/C=C/C2=C3Oc4c(cc5c6c4CCCN6CCC5)C(c4ccccc4C(=O)O)=C3CCC2)C(C)(C)c2c1ccc1ccccc21,CCO,763.0
10218,C(=C/c1ccc(-n2c3ccccc3c3ccccc32)cc1)\c1ccc(-c2ccc(/C=C/c3ccc(-n4c5ccccc5c5ccccc54)cc3)cc2)cc1,c1ccc2c(c1)c1ccccc1n2-c1ccc(-c2ccc(-n3c4ccccc4c4ccccc43)cc2)cc1,438.0
7269,Nc1ccc2c(c1)C(=O)N(C13C[C@H]4C[C@@H](C1)C[C@@H](C3)C4)C2=O,ClCCl,444.0
11557,COOCc1noc(-c2ccccc2)c1Cl,C1CCCCC1,345.0
7929,CCN(CC)c1ccc(OC)c(C=O)c1,CS(C)=O,558.0
7166,COc1ccc(OC)c(C2=C3C=CC(=[N+](C)C)C=C3[Si](C)(C)c3cc(N(C)C)ccc32)c1,O,665.0
6963,Cc1ccc(C2=C3C=CC(/C=C/c4ccccc4)=[N+]3[B-](F)(F)n3c(/C=C/c4ccccc4)ccc32)cc1,Cc1ccccc1,649.0
5867,CC(C)[Si]1(C(C)C)c2cc(C=O)ccc2-c2ccc(N(C)C)cc21,CS(C)=O,541.0
4761,CCCCOC(=O)/C(C#N)=C1\C(=CC2=[N+](C)c3ccccc3C2(C)C)C([O-])=C1C=C1N(C)c2ccccc2C1(C)C,ClC(Cl)Cl,708.0
882,CCc1c(C)c2n(c1C)[B-](F)(F)[N+]1=C(c3ccc[nH]3)c3ccccc3C1=C2C,CO,622.0
557,F[B-]1(F)n2c(-c3ccccc3)cc(-c3cccs3)c2N=C2C(c3cccs3)=CC(c3ccccc3)=[N+]21,ClCCl,725.0
9946,CC1=N/C(=C\c2ccccc2N(C)C)C(=O)N1C,C1CCOC1,519.0
1207,Cc1ccc(-c2c3nc(c(-c4ccc(C)cc4)c4ccc([nH]4)c(-c4ccc(OC(=O)C(C)c5ccccc5)cc4)c4nc(c(-c5ccc(C)cc5)c5ccc2[nH]5)C=C4)C=C3)cc1,ClCCl,653.0
7684,CCN(CC)c1ccc2cc(/C=C(\C#N)c3nc4ccccc4o3)c(=O)oc2c1,CCOC(C)=O,570.0
9483,Oc1c(-c2nc3c4ccc(-c5ccccc5)cc4c4cc(-c5ccccc5)ccc4c3[nH]2)ccc2c1c1ccccc1n2-c1ccccc1,CO,484.0
6538,COc1ccc(-c2nc3c(c4c2-c2ccc(C#N)cc2CC4)-c2ccc(C#N)cc2CC3)cc1,C1CCOC1,426.0
3211,c1ccc(-c2nc(-c3ccccc3)nc(-c3ccc(N4c5ccccc5C5(c6ccccc64)c4ccccc4N(c4ccc(-c6nc(-c7ccccc7)nc(-c7ccccc7)n6)cc4)c4ccccc45)cc3)n2)cc1,O=P(c1ccccc1)(c1ccccc1)c1ccccc1Oc1ccccc1P(=O)(c1ccccc1)c1ccccc1,499.2788462
3630,O=C1c2ccccc2C(=O)N1c1ccc(Cn2cncn2)cc1,C1CCOC1,361.0
1708,Cc1cc2nc3cc(C)c(N)cc3[n+](-c3ccccc3)c2cc1N,CC(C)O,562.0
8458,COc1ccc2cc(/C=C/c3nc(/C=C/c4ccc(N(c5ccccc5)c5ccccc5)cc4)cc(/C=C/c4ccc(N(c5ccccc5)c5ccccc5)cc4)n3)ccc2c1,CC#N,586.0
1140,Cc1cc(O)c(C(C)C)cc1/N=C/c1ccc(C(F)(F)F)cc1,C1CCCCC1,398.0
3162,Oc1ccccc1-c1nc(-c2ccccc2)c2ccccn12,ClCCl,484.0
6207,c1ccc2c(c1)c1ccccc1n2-c1ccc(-c2ccc(-n3c4ccccc4c4ccccc43)nc2-n2c3ccccc3c3ccccc32)nn1,Cc1ccccc1,423.0
3730,CC1(C)c2ccccc2N(c2ccc(-c3nnc(-c4ccccc4O)o3)cc2)c2ccccc21,CN(C)C=O,546.0
2660,c1ccc2sc(-c3ccc(-c4nnc(-c5ccc(-c6nnc(-c7ccc(-c8cc9ccccc9s8)s7)o6)cc5)o4)s3)cc2c1,CC(=O)N(C)C,406.0
8848,c1ccc(-c2nc(-c3ccccc3)nc(-c3cc(-n4c5ccccc5c5ncccc54)c(-n4c5ccccc5c5ccccc54)c(-n4c5ccccc5c5ncccc54)c3)n2)cc1,CCCCCC,446.0465116
1307,C1=CSC(=C2SC=C(/C=C/C=C/C=C/C3=CSC(=C4SC=CS4)S3)S2)S1,CC(C)=O,795.0
2567,O=S(=O)(O)c1cccc2cccc(Nc3ccccc3)c12,CO,490.0
2834,Cn1c(=O)c(/N=N/c2cc(S(=O)(=O)O)ccc2C(=O)O)c(O)c2ccccc21,C1CCOC1,523.0
11738,CN(CC(O)c1cccc(O)c1)c1ccc([N+](=O)[O-])c(C2CC(c3cccc4ccccc34)=NN2c2ccccc2)c1,ClC(Cl)Cl,451.0
2151,N#CC1=CC(c2ccccc2)=CC(C#N)=P1(c1ccccc1)c1ccccc1,ClC(Cl)Cl,525.0
9574,COC(=O)C(Cc1ccc2oc(-c3ccc(-n4c5ccccc5c5ccccc54)cc3)nc2c1)NC(=O)OC(C)(C)C,CCOC(C)=O,408.997955
3835,CCCCOc1ccc(-c2oc3cc4n(c3c2-c2ccc(OCCCC)cc2)[B-](F)(F)[N+]2=Cc3cc5oc(-c6ccc(OCCCC)cc6)c(-c6ccc(OCCCC)cc6)c5n3[B-](F)(F)[N+]2=C4)cc1,ClCCl,646.0
11889,CC(C)(C)c1ccc2c(c1)c1cc(C(C)(C)C)ccc1n2-c1ccc(-n2c3ccc(C(C)(C)C)cc3c3cc(C(C)(C)C)ccc32)c(C(=O)c2ccncc2)c1,Cc1ccccc1,508.0
9408,CCOC(=O)C1CC(c2c(C#N)c(C)nn2-c2ccccc2)=CN1c1ccc(Br)cc1,OCC(O)CO,492.0
10071,CCN(CC)c1ccc(/C=N/C(C#N)=C(C#N)/N=C/c2ccc(N(CC)CC)cc2O)c(O)c1,CN(C)C=O,618.0
5004,CCCCCCn1c2cc(C=O)sc2c2sc3c(sc4c5sc(C=O)cc5n(CCCCCC)c43)c21,ClCCl,496.0
6626,CC1(C)CC(=O)c2c(F)c(C(F)(F)F)c(F)c(F)c2N1,CC#N,419.0
1627,COc1ccc(-c2cc3c(ccc(=O)n3C)s2)cc1,CC#N,424.0
10187,CCCCCCCc1ccc(C2=[N+]3C(=C4c5cc(OCC(CC)CC)c(-c6ccc(CCCCCCC)o6)n5[B-](F)(F)[n+]5c4n(c4cc(C(C)(C)C)ccc45)[B-]3(F)F)C=C2OCC(CC)CC)o1,ClCCl,835.0
12027,COc1ccc(-c2c3ccc([nH]3)c3nc(c(-c4ccc(C#N)cc4)c4ccc([nH]4)c4ccc([nH]4)c(-c4ccc(OC)cc4)c4ccc2o4)C=C3)cc1,Cc1ccccc1,724.0
358,CCCCN(CCCC)c1ccc(C#Cc2cc(C#Cc3ccc([N+](=O)[O-])cc3)c(C#Cc3ccc(N(CCCC)CCCC)cc3)cc2C#Cc2ccc([N+](=O)[O-])cc2)cc1,ClCCl,557.0
138,CC1(C)C(/C=C/c2cc3ccc(O)cc3oc2=O)=[N+](CCCS(=O)(=O)[O-])c2ccccc21,O,620.0
8491,Cc1cccc2c1nc1c(=O)n(C)c(=O)nc-1n2C,CC#N,493.0
382,COc1ccc(-c2nc3ccccc3nc2-c2ccc(OC)cc2)cc1,Cc1ccccc1,426.0
9254,COc1coc2cc(-c3ccc(N(C)C)cc3)ccc2c1=O,CCCCCCC,388.0
4857,CN(C)c1nc(N)c2nc(C#N)n(Cc3ccccc3)c2n1,C1COCCO1,382.0
11390,N#CC(C#N)=Cc1ccc(-c2ccc(N(c3ccccc3)c3ccccc3)cc2)o1,ClC(Cl)Cl,618.0
1439,COC(=O)CN1C(=O)c2cc3ccc(N(C)C)cc3cc2C1=O,Cc1ccccc1,491.0
946,CN(C)c1ccc(/C=C/C=C2\CCCC2=O)cc1,CCOC(C)=O,559.0
5498,CCCCCCN1C(=O)c2cccc3c(-c4ccc(-c5cc(-c6ccc(Cl)cc6)n(-c6ccccc6)n5)s4)ccc(c23)C1=O,ClCCl,517.0
4916,CC1=CC(C)=[N+]2C1=Cc1c3ccccc3c(C#Cc3cccs3)n1[B-]2(F)F,CCOC(C)=O,632.0
8556,CN(C)c1ccc2c(c1)C(=O)NC2=O,C1COCCO1,457.0
1932,O=C1Nc2ccccc2/C1=C/C(=O)c1ccc(O)cc1,CCOC(C)=O,398.0
2352,N#Cc1c(-n2c3ccc(Cl)cc3c3cc(Cl)ccc32)c(C#N)c(-n2c3ccc(Cl)cc3c3cc(Cl)ccc32)c(-n2c3ccc(Cl)cc3c3cc(Cl)ccc32)c1-n1c2ccc(Cl)cc2c2cc(Cl)ccc21,Cc1ccccc1,518.0
3236,COc1ccc2c(c1)sc1[n+]2[B-](F)(F)OC(c2ccc(N(C)C)cc2)=N1,Cc1ccccc1,454.0
10142,CC[N+]1=C(/C=C/c2ccc3ccc4cccc5ccc2c3c45)C(C)(C)c2ccccc21,O,616.0
3807,C#CCn1c2ccccc2c2cc(/C=C/C3=[N+]4C(=C(c5ccc(I)cc5)c5c(C)cc(/C=C/c6ccc7c(c6)c6ccccc6n7CC#C)n5[B-]4(F)F)C(C)=C3)ccc21,CS(C)=O,703.0
1936,O=C1Nc2ccccc2/C1=C/C(=O)c1ccc(O)cc1,O,424.0
10910,Nc1ccc2cc(-c3ccc(C(F)(F)F)cc3)oc(=O)c2c1,CCCCO,460.0
4154,c1ccc(-c2ccc(-c3cc(-c4ccc(-c5ccccc5)cc4)cc(-c4ccc(-c5ccccc5)cc4)c3)cc2)cc1,C1COCCO1,364.0
8988,CN(C)c1ccc(/C=C/C=C/c2ccncc2)cc1,CO,551.0
2416,CN(C)c1ccc2nc(-c3ccccc3)sc2c1,CO,483.3333333333333
9394,Cc1cc(=O)oc2c1cc(Br)c1occ(C)c12,CCO,416.0
6139,COc1ccc2cc(-c3cc(-c4ccccc4)c4n3[B-](F)(F)[N+]3=C5C=NC=CN5[B-](F)(F)[N+]3=C4)ccc2c1,ClCCl,568.0
785,CCCCOc1cc2ccccc2c2c1oc1cc3ccccc3cc12,C1CCOC1,381.0
6789,COc1cccc(-n2c(-c3ccc(F)cc3)nc(C)c2C)c1,C1COCCO1,369.0
8036,CCCCC(CC)COC(=O)/C=C\c1ccc(OC)c(OC)c1OC,CCCCCC,354.0
8315,N#CC(C#N)=C(/C=C/c1ccc(N(c2ccccc2)c2ccccc2)cc1)c1ccccc1,CN(C)C=O,654.0
11598,O=c1ccc2ccccc2o1,O,385.0
5668,CCN(CC)c1ccc2c(C#N)c(/C=C(\C#N)c3nc4ccccc4s3)c(=O)oc2c1,CC#N,679.0
2172,CCCCC1(CCCC)c2cc(C#Cc3ccc4ccc5cccc6ccc3c4c56)ccc2-c2ccc(C#Cc3ccc4ccc5cccc6ccc3c4c56)cc21,CN(C)C=O,441.0
2169,CCCCC1(CCCC)c2cc(C#Cc3ccc4ccc5cccc6ccc3c4c56)ccc2-c2ccc(C#Cc3ccc4ccc5cccc6ccc3c4c56)cc21,C1CCOC1,437.0
6628,CC(C)=CC(=O)c1cc2c(cc1F)NC(C)(C)CC2=O,CCO,459.0
4009,C(#Cc1cnc(C#Cc2ccccc2)nc1)c1ccccc1,C1CCCCC1,425.0
4340,COC(=O)c1ccc(NC(=O)c2ccc(N(C)C)cc2)cc1,C1CCCCC1,434.0
910,Cc1cc(C)n2c1C=C1c3ccccc3C(c3cccn3C)=[N+]1[B-]2(F)F,CC#N,606.0
6268,c1ccc(N2c3ccccc3Sc3cc(-c4cccc5nc6ccccc6cc45)ccc32)cc1,CCN(CC)CC,525.0
2309,COc1ccc(/C=C(\C)c2nc3ccccc3o2)cc1,CO,400.0
6591,Cc1ccc2ccc3c(c2n1)N/C(=C\C1=C([O-])/C(=C/C2=[NH+]c4c(ccc5ccc(C)nc45)C2(C)C)C1=O)C3(C)C,Cc1ccccc1,718.0
4458,CCCCCCOc1ccc(/C=C/c2ccc(N(c3ccc(/C=C/c4ccc(OCCCCCC)cc4)cc3)c3ccc(-c4nc5ccccc5nc4-c4ccc(N(c5ccc(/C=C/c6ccc(OCCCCCC)cc6)cc5)c5ccc(/C=C/c6ccc(OCCCCCC)cc6)cc5)cc4)cc3)cc2)cc1,Cc1ccccc1,505.0
7597,N#Cc1nnn(-c2ccnc3cc(Cl)ccc23)c1N,C1COCCO1,376.0105283
9433,O=C(NCc1ccccc1)c1sc(-c2ccc(-c3cc(C4CC4)c(C(=O)NCc4ccccc4)s3)s2)cc1C1CC1,ClCCl,448.0
11440,Cc1c(C(=O)c2c(F)cc(F)cc2F)c2ccc3cccc4c5cccc6ccc1c(c65)c2c34,ClCCl,499.0
4652,CCN1C(=O)C(C2C(=O)c3c4ccccc4cc4cc5ccccc5c2c34)C(=O)N(CC)C1=S,C1CCOC1,571.0
6218,COc1ccc(-n2c3ccccc3c3cc(C=C(C#N)C#N)ccc32)cc1,Cc1ccccc1,450.0
442,CN(C)c1ccc(C2=Nc3scc(-c4ccc(C#N)cc4)[n+]3[B-](F)(F)O2)cc1,CC#N,477.0
3415,CC(=O)N(Cc1ccccn1)c1c2ccccc2c2c3c(cccc13)C(=O)N(Cc1ccccn1)C2=O,C1CCOC1,497.0
10717,CC(C)[Si]1(C(C)C)c2cc(C#N)ccc2-c2ccc(N(c3ccccc3)c3ccccc3)cc21,ClCCl,470.0
9407,CCOC(=O)C1CC(c2c(C#N)c(C)nn2-c2ccccc2)=CN1c1ccc(Br)cc1,O,495.0
9618,CCCCCCCc1ccc(C2=[N+]3C(=C4c5cc(OCC(CC)CC)c(-c6ccc(CCCCCCC)o6)n5[B-](F)(F)[n+]5nnn(c54)[B-]3(F)F)C=C2OCC(CC)CC)o1,ClCCl,835.0
5744,C[n+]1ccc(/C=C/c2ccc([O-])cc2)cc1,CC(C)O,594.0
1054,CCC1=C(C)C2=C(c3cc(C4=C5C(C)=C(CC)C(C)=[N+]5[B-](F)(F)n5c(C)c(CC)c(C)c54)cc(C4=C5C(C)=C(CC)C(C)=[N+]5[B-](F)(F)n5c(C)c(CC)c(C)c54)c3)c3c(C)c(CC)c(C)n3[B-](F)(F)[N+]2=C1C,C1CCOC1,567.0
3699,Cc1cc(-c2ccc(-n3c4ccccc4c4ccccc43)cc2)nc(-c2ccc(-n3c4ccccc4c4ccccc43)cc2)n1,CN(C)C=O,461.0
929,CC1=C2c3ccccc3C(c3[nH]c(C)cc3C)=[N+]2[B-](F)(F)n2c(C)cc(C)c21,CCCCCC,619.0
6468,CCN(CC)c1ccc2cc3c([o+]c2c1)/C(=C/Nc1ccccc1)CCC3,ClC(Cl)Cl,642.0
8767,c1ccc(-c2nn(-c3ccccc3)c3nc4ccc(N(c5ccccc5)c5cccc6ccccc56)cc4cc23)cc1,CCCCCl,509.6839959
1829,Cc1cc(-c2nc(-c3ccccc3)nc(-c3ccccc3)n2)ccc1N1c2ccccc2CCc2ccccc21,Cc1ccccc1,481.7460317
9490,CCCCn1c2ccccc2c2ccc3c4cc(-c5ccccc5)ccc4n(CCCC)c3c21,ClC(Cl)Cl,406.0
9978,Clc1nc(Cl)nc(Nc2cc3ccc4cccc5ccc(c2)c3c45)n1,CCCCOCCCC,374.0
2011,C(=C/c1ccccc1)\c1ccccc1,CCOCC,349.0
913,Cc1cc(C)n2c1C=C1c3ccccc3C(c3cccn3C)=[N+]1[B-]2(F)F,Cc1ccccc1,613.0
7611,N#CC(C#N)=Cc1ccc2c(c1)c1ccccc1n2-c1cc2ccccc2c2ccccc12,CC#N,503.0
10091,CC(C)(C)c1ccc(N(c2ccccc2)c2ccc3ccc4c(N(c5ccccc5)c5ccc(C(C)(C)C)cc5)ccc5ccc2c3c54)cc1,ClCCl,481.0
9452,CC(C)(C)c1ccc(-c2nc3c4ccc(-c5ccc6ccccc6c5)cc4c4cc(-c5ccc6ccccc6c5)ccc4c3n2-c2ccc(C(C)(C)C)cc2)cc1,CN(C)C=O,417.0
2606,Cc1ccc(O)c(-c2[nH]c(=O)n3c2-c2ccccc2C3=O)c1,CO,500.0
4928,F[B-]1(F)n2c(NCc3ccccc3)ccc2C(c2c(Cl)cccc2Cl)=C2C=CC(NCc3ccccc3)=[N+]21,CO,592.0
6564,c1csc(-c2ccc(-c3cccs3)c3nsnc23)c1,ClC(Cl)Cl,565.0
9981,CCC(CC)COC1=CC2=C3c4cc(OCC(CC)CC)c(-c5cccs5)n4[B-](F)(F)[n+]4c3n(c3cc(C(C)(C)C)ccc34)[B-](F)(F)[N+]2=C1c1cccs1,ClCCl,811.0
6,CC(C)(C)c1ccc(-c2nc3c4ccc(-c5cc6ccccc6c6ccccc56)cc4c4cc(-c5cc6ccccc6c6ccccc56)ccc4c3n2-c2ccc(C(C)(C)C)cc2)cc1,CC#N,405.0
7835,CC1(C)c2ccccc2-c2sc3ccccc3c21,ClCCl,354.0
6583,CN1CCN(c2cccc(/C=C/c3ncc(-c4ccc(OCc5ccccc5)c(OCc5ccccc5)c4)o3)c2)CC1,ClCCl,465.0
3361,CC(C)(C)c1ccc2c(c1)sc1[n+]2[B-](F)(F)n2c(c3cccc4c(Br)ccc2c43)=N1,Cc1ccccc1,524.0
9569,COC(=O)C(Cc1ccc2oc(-c3ccc(-n4c5ccccc5c5ccccc54)cc3)nc2c1)NC(=O)OC(C)(C)C,CCCCCCCO,421.9943453
1635,COc1ccc(-c2cc3c(s2)c(C)cc(=O)n3C)cc1,ClCCl,427.0
1141,Cc1cc(O)c(C(C)C)cc1/N=C/c1ccc(C(F)(F)F)cc1,C1CCOC1,426.0
359,CCCCN(CCCC)c1ccc(C#Cc2cc(C#Cc3ccc([N+](=O)[O-])cc3)c(C#Cc3ccc([N+](=O)[O-])cc3)cc2C#Cc2ccc(N(CCCC)CCCC)cc2)cc1,ClCCl,563.0
2070,COC(=O)C(Cc1ccc2oc(-c3ccc(N(c4ccccc4)c4ccccc4)cc3)nc2c1)NC(=O)OC(C)(C)C,CCCCCCCC,394.0001655
3134,CCOC(=O)c1sc(SC)c2c(=O)n(C)nnc12,C1CCOC1,470.0
5160,CCN(CC)c1ccc2cc(/C=C/c3ccccc3)c(=O)oc2c1,CC#N,477.0
6990,c1ccc(-c2nc(-c3ccccc3)nc(-c3ccc(-c4ccc(N5c6ccccc6[Si](c6ccccc6)(c6ccccc6)c6ccccc65)cc4)cc3)n2)cc1,Cc1ccccc1,441.5954416
3243,CN(C)c1ccc(C2=Nc3sc4cc(C(F)(F)F)ccc4[n+]3[B-](F)(F)O2)cc1,CC#N,500.0
2242,CC1=CC(C)=[N+]2C1=C(c1ccc(N3CCOCC3)cc1)c1c(C)cc(C)n1[B-]2(F)F,CCCCCC,511.0
1474,COc1cc(OC)cc(-c2ccc(-c3ccc(C#N)s3)s2)c1,CC(C)O,441.0
10986,COc1ccc(/C=C/C2=[O+][B-](F)(F)OC(/C=C/c3ccc(OC)c4ccccc34)=C2c2ccccc2)c2ccccc12,CCOCC,583.0
3259,CN(C)c1ccc(C2=Nc3sc4ccccc4[n+]3[B-](F)(F)O2)cc1,CC(C)=O,482.0
4020,COC(=O)c1c(-c2cc3ccccc3oc2=O)nn(-c2ccc(Br)cc2)c1C(=O)OC,ClCCl,401.0
10824,CN(C)c1ccc(C2=Cc3c4ccccc4c4ccccc4[n+]3[B-](F)(F)O2)cc1,CC1CCCCC1,485.0
8566,Nc1ccc2c(c1)C(=O)NC2=O,CC#N,458.0
3500,CC(C)c1cccc(C(C)C)c1N1C(=O)c2cccc3c(Oc4ccc(C(C)(C)C)cc4)ccc(c23)C1=O,ClCCl,434.0
2658,c1ccc2sc(-c3ccc(-c4nnc(-c5ccc(-c6nnc(-c7ccc(-c8cc9ccccc9s8)s7)o6)cc5)o4)s3)cc2c1,C1COCCO1,397.0
12042,CCOC(=O)c1ccccc1-c1c2ccc(=[N+](CC)CC)cc-2oc2c1oc1cc(N)ccc12,CCO,640.0
1130,Cc1cc(O)c(C(C)C)cc1/N=C/c1ccc(O)cc1,C1COCCO1,405.0
1819,CC(C)(C)C1Nc2c(Cl)cc(Cl)cc2C(=O)N1Cc1ccccc1,c1ccccc1,407.0
7461,CCN(CC)c1ccc2c(-c3ccccc3C(=O)O)c3c([o+]c2c1)/C(=C/Nc1ccccc1)CCC3,ClC(Cl)Cl,644.0
9627,COc1c2ccccc2c(-c2ccccc2)c2ccccc12,CN(C)C=O,426.0
9594,CCCCCCOc1ccc2c(c1)-c1cc3c(cc1[Si]2(C)C)-c1ccccc1[Si]3(C)C,ClCCl,387.0
10013,CCNc1cccc2c1C(=O)c1ccccc1C2=O,ClCCl,608.0
7064,O=C1OC(c2ccccc2)=N/C1=C\c1ccc(N(c2ccccc2)c2ccccc2)cc1,CCCCOCCCC,518.0
4318,CN(C)c1ccc(C(=O)Nc2ccc(F)cc2)cc1,CC#N,492.0
4669,Cc1ccc(-c2nnc(-c3ccc4ccc5cccc6ccc3c4c56)o2)cc1,CC1CCCCC1,426.0
5476,Cc1cc(C)c(B(c2c(C)cc(C)cc2C)c2cc3ccc4ccccc4c3c3c2cc(N(C)C)c2ccccc23)c(C)c1,CC#N,613.0
12062,CN(C)c1ccc(/C=C2\CCCC2=O)cc1,S=C=S,422.0
12197,Cc1cc(-n2c3ccccc3c3ccccc32)ccc1-c1ccc(S(=O)(=O)c2ccccc2)cc1C,CC#N,450.4823151
1856,CN(C)c1ccc(C#Cc2ncnc3ccccc23)cc1,ClCCl,560.0
2282,COc1ccc(N2c3cc(OC)ccc3N=c3cc4c(cc32)=Nc2cc(C(C)(C)C)cc(C(C)(C)C)c2O4)cc1,CCCCCC,587.0
10662,CC1(C)c2ccccc2N(c2ccc3c(c2)C(C)(C)c2cc(N4c5ccccc5C(C)(C)c5ccccc54)ccc2S3(=O)=O)c2ccccc21,CC#N,526.3157895
4008,COC(=O)C(NC(=O)OC(C)(C)C)c1ccc2oc(-c3cc(C(F)(F)F)cc(C(F)(F)F)c3)nc2c1,CC1CCCCC1,334.0
6401,CCN1C(=CC=Cc2n(CC)c3cc(Cl)c(Cl)cc3[n+]2CC)N(CC)c2cc(Cl)c(Cl)cc21,OCCO,532.0
12170,CC1(C)Cc2c(c3ccccc3c3nc4c(nc23)c2c(c3ccccc34)OC(C)(C)C2)O1,C1CCCCC1,454.3389368
12250,CCOC(=O)CN(CC(=O)OCC)c1ccc(-c2cc(-c3ccncc3)nc(-c3ccncc3)c2)cc1,CCOC(C)=O,438.0
386,c1ccc(-c2nc3ccccc3nc2-c2ccccc2)cc1,CCCCCC,396.0
1628,COc1ccc(-c2cc3c(ccc(=O)n3C)s2)cc1,ClCCl,426.0
10325,C(=C/c1ccc(/C=C/c2ccc(N(c3ccccc3)c3ccccc3)cc2)cc1)\c1ccc(/C=C/c2ccc(N(c3ccccc3)c3ccccc3)cc2)cc1,ClCCl,510.0
11591,N#C[Se]CCCCCOc1ccc2ccc(=O)oc2c1,CCCCCCC,391.0
7718,COc1ccc2ncccc2c1,CCCC#N,355.0
9428,COc1cc2c(cc1-c1ccc(N(c3ccccc3)c3ccccc3)cc1)Cc1c3c(c4c(c1-2)-c1cc(OC)c(-c2ccc(N(c5ccccc5)c5ccccc5)cc2)cc1C4)C(=O)N(CCC(C)C)C3=O,C1CCOC1,563.0
12223,Cc1ccc(CN(Cc2ccc(C)cc2)c2nc(C#N)c(N(Cc3ccc(C)cc3)Cc3ccc(C)cc3)nc2C#N)cc1,ClC(Cl)Cl,592.0
9101,CCC1(CC)c2cc(C=O)ccc2-c2ccc(N(C)C)cc21,ClCCl,491.0
1842,CCOc1ccc2c(-c3nc(-c4cccc(Br)c4)no3)cc(=O)oc2c1,ClC(Cl)Cl,452.0
2497,COc1ccc2c(c1)c1c(c3cc(OC)ccc32)=[N+]2C(=C(c3c(C)cc(C)cc3C)c3cc4c5cc(OC)ccc5c5ccc(OC)cc5c4n3[B-]2(F)F)C=1,C1CCCCC1,710.0
201,COc1ccc(/C=C/c2cc(/C=C/c3ccc(OC)cc3)nc(/C=C/c3ccc(C(F)(F)F)cc3)n2)cc1,ClCCl,441.0
9849,CCN(CC)c1ccc2c(c1)oc(=O)c1c(=O)oc3c(OC)cccc3c12,ClCCl,530.0
3868,Cc1cc(C)n2c1C=C1c3ccccc3C(c3[nH]c4ccccc4c3C)=[N+]1[B-]2(F)F,Cc1ccccc1,636.0
5054,C(=C/c1ncnc2ccccc12)\c1ccc(N2CCCCC2)cc1,ClCCl,558.0
5889,CC(C)[Si]1(C(C)C)c2cc(C#N)ccc2-c2ccc(N(C)C)cc21,CS(C)=O,473.0
2702,CCCCOC(=O)c1ccccc1-c1c2ccc(=[N+](CC)CC)cc-2oc2cc(N(CC)CC)ccc12,O,584.0
7922,Cc1cccc(C2=Cc3c4ccccc4cc[n+]3[B-](F)(F)O2)c1,ClC(Cl)Cl,464.8
331,COc1ccc(-c2ccc3c(c2)[Si](C)(C)c2cc(-c4ccc(OC)cc4)ccc2C=C3)cc1,ClCCl,424.0
3808,C#CCn1c2ccccc2c2cc(/C=C/C3=[N+]4C(=C(c5ccc(I)cc5)c5c(C)cc(/C=C/c6ccc7c(c6)c6ccccc6n7CC#C)n5[B-]4(F)F)C(C)=C3)ccc21,ClC(Cl)Cl,691.0
935,CC1=C2c3ccccc3C(c3ccc[nH]3)=[N+]2[B-](F)(F)n2cccc21,CCCCCC,582.0
1774,Cc1cc(O)c(C(=O)/C=C/c2ccc(O)c(O)c2)c(=O)o1,ClCCl,493.0
9660,N#Cc1ccc(/C=C/C=C/c2ccc([N+](=O)[O-])cc2)cc1,C1COCCO1,463.0
8611,CCC1=C(C)C2=C(C)c3c(C)c(CC)c(C)n3[B-](F)(F)[N+]2=C1C,CN1CCCC1=O,533.2
11207,N#Cc1ccc(N)c2nonc12,Cc1ccccc1,529.0
989,COc1cccc(C2=c3c(c4ccc(C(C)(C)C)cc4c4cc(C(C)(C)C)ccc34)=[N+]3C2=C(c2ccccc2)c2c(-c4cccc(OC)c4)c4c5ccc(C(C)(C)C)cc5c5cc(C(C)(C)C)ccc5c4n2[B-]3(F)F)c1,CC#N,721.0
5443,NNC(=O)N1C(=O)c2cc(S(=O)(=O)[O-])cc3c(N)c(S(=O)(=O)[O-])cc(c23)C1=O,O,535.0
10216,Cc1nc2c(ccc3c2sc(/C=C/c2cc4c5c(c2)CCCN5CCC4)[n+]3C)s1,ClC(Cl)Cl,623.0
6993,c1ccc(C2CSC(c3c4ccc(=[N+]5CCCCC5)cc-4oc4cc(N5CCCCC5)ccc34)SC2)cc1,CO,606.3492063
10477,Cc1c2ccncc2c(C)c2c1[nH]c1ccccc12,CCCCO,427.0
5806,CCc1cc(CC)cc(-n2c3ccccc3c3cc4c(cc32)c2ccccc2n4-c2cc(CC)cc(CC)c2)c1,ClC(Cl)Cl,416.0
10712,Cc1cc(C)c(B2c3cc(C(C)(C)C)ccc3-c3cccc4cc(C(C)(C)C)cc2c34)c(C)c1,C1CCCCC1,431.0
10668,O=C(c1ccc(-n2c3ccc(-c4ccccc4)cc3c3cc(-c4ccccc4)ccc32)cc1)c1ccc(-n2c3ccc(-c4ccccc4)cc3c3cc(-c4ccccc4)ccc32)cc1,Cc1ccccc1,438.0
6574,Cc1cc(-c2ccc(-n3c4ccccc4c4ccccc43)cc2)nc(-c2ccc(-c3ccccc3)cc2)n1,CN(C)C=O,458.0
3052,CC(=O)O[B-]1(OC(C)=O)OC(/C=C/c2ccccc2)=CC(/C=C/c2ccccc2)=[O+]1,CC#N,476.0
11247,Cc1ccc2oc(-c3cc4cc(C)ccc4oc3=O)cc2c1,CC#N,445.0
8365,C(=C/c1ncnc2ccccc12)\c1ccc(-c2ccc(N(c3ccccc3)c3ccccc3)cc2)cc1,C1CCOC1,572.0
4615,CCN(CC)c1ccc2nc3c4ccccc4c(=O)cc-3oc2c1,CO,643.0
3321,COc1ccc(C2=C3C(C)=CC(C)=[N+]3[B-](F)(F)n3c(/C=C/c4ccc(N(C)C)cc4)cc(C)c32)cc1,CCC#N,710.0
10688,CN1CCCc2cc3c(C(F)(F)F)cc(=O)oc3cc21,C1CCCCC1,439.0
6246,Nc1ccc(-c2ccc3c(c2)C(=O)c2ccccc2C3=O)cc1,ClC(Cl)(Cl)Cl,562.0
6048,CN(C)c1ccc(C#Cc2ccc(C=O)cc2)cc1,CCOCC,503.0181087
3311,CC1=CC(C)=[N+]2C1=C(c1ccccc1)c1c(C)cc(/C=C/c3ccc(N(C)C)cc3)n1[B-]2(F)F,CCOCC,638.0
9548,O=C1C2=C3c4ccsc4C=CN3C(=O)C2=C2c3ccsc3C=CN12,CN(C)C=O,586.0
11497,CN(C)c1ccc(-c2nc(C#N)c(C#N)n2C)cc1,CC#N,519.0
8210,COCCOc1ccc(OCCOC)c(C=O)c1,CC(C)(C)O,441.0
3628,O=C1c2ccccc2C(=O)N1c1ccc(Cn2cncn2)cc1,Cc1ccccc1,323.0
10861,N#CC(C#N)=C(/C=C/c1ccc(N(c2ccccc2)c2ccccc2)cc1)c1ccc2c3c(cccc13)CC2,C1CCOC1,617.0
1356,Clc1nnc(Oc2ccc(N(c3ccc(Br)cc3)c3ccc(Br)cc3)cc2)nn1,ClCCl,559.0
5002,CCCCCCn1c2ccsc2c2sc3c(sc4c5sccc5n(CCCCCC)c43)c21,ClCCl,411.0
9530,c1ccc(-c2cc(-c3ccc4ccc5c(-c6ccnc(-c7ccccn7)c6)ccc6ccc3c4c65)ccn2)nc1,CCCC#N,407.996736
5823,COc1cc2c(cc1OC)C1=C[C@H](c3ccc(Cl)cc3)C3(C(C#N)=C(C#N)N1CC2)c1cc(Br)ccc1-c1ccc(Br)cc13,ClCCl,420.0
11652,CCN(CC)c1ccc2ccc(=O)oc2c1,ClC(Cl)Cl,435.0
5670,CCN(CC)c1ccc2c(C#N)c(/C=C(\C#N)c3nc4ccccc4s3)c(=O)oc2c1,CCOC(C)=O,664.0
3112,N#Cc1cc(-c2ccc(F)cc2)cnc1O,CO,425.0
182,CN(C)c1ccc(/C=C/c2cc(/C=C/c3ccc(N(C)C)cc3)nc(/C=C/c3ccc(N(C)C)cc3)n2)cc1,CC#N,577.0
10856,c1ccc2c(c1)cc(-c1cc(-c3nccs3)nc(-c3nccs3)c1)c1ccccc12,CC#N,403.0
855,CCc1c(C)[nH]c(C2=[N+]3C(=C(C)c4c(C)c(CC)c(C)n4[B-]3(F)F)c3ccccc32)c1C,C1CCOC1,656.0
10332,CCC1(CC)c2ccccc2-c2c1c1c(c3c2C(CC)(CC)c2cc(B(c4c(C)cc(C)cc4C)c4c(C)cc(C)cc4C)ccc2-3)C(CC)(CC)c2ccccc2-1,C1CCOC1,385.0
4912,CC1(C)c2ccccc2N(c2ccccc2)c2ccc(C(=O)c3ccc4c(c3)C(C)(C)c3ccccc3N4c3ccccc3)cc21,Cc1ccccc1,413.6363636
10467,CCCCCCOc1cc(N(CC)CC)ccc1/C=C/C(=C(C#N)C#N)c1ccc2c(c1)c1ccccc1n2CC,ClCCl,583.0
1800,CC(C)(C)c1ccc(-c2nc3c4ccccc4c4ccccc4c3n2-c2ccc(C(C)(C)C)cc2)cc1,Cc1ccccc1,390.0
11341,Cc1ccc(N(c2ccc(C)cc2)c2ccc(-c3ccc4c(c3)C(=O)c3ccccc3C4=O)cc2)cc1,ClC(Cl)(Cl)Cl,610.0
5482,Cc1cc(C)c(B(c2c(C)cc(C)cc2C)c2cc3ccc4ccccc4c3c3c2ccc2ccccc23)c(C)c1,ClC(Cl)Cl,443.0
10214,c1ccc(-c2nc(-c3ccccc3)nc(-c3ccc(-n4c5ccccc5c5cc(-n6c7ccccc7c7ccccc76)ccc54)cc3)n2)cc1,O=P(c1ccccc1)(c1ccccc1)c1ccccc1Oc1ccccc1P(=O)(c1ccccc1)c1ccccc1,475.0
1968,C(=C(c1ccccc1)c1ccccc1)c1ccc(-c2ccc(-c3nc4c5ccccc5c5ccccc5c4n3-c3cccc(-c4ccc(C=C(c5ccccc5)c5ccccc5)cc4)c3)cc2)cc1,C1CCOC1,449.0
10207,CN(C)c1ccc(-n2c(-c3ccc(C#N)cc3)nc3ccccc32)cc1,CC#N,586.0
11276,COc1cccc2cc(-c3cc4cccc(OC)c4oc3=O)oc12,O,504.0
4697,N#Cc1cccc(N2c3ccccc3C(c3ccccc3)(c3ccccc3)c3ccccc32)c1,Cc1ccccc1,433.0
4987,CC1=[N+]2C(=C(c3ccc(C(=O)c4ccccc4)cc3)c3ccc(C)n3[B-]2(F)F)C=C1c1cc2n(c1)[B-](F)(F)[N+]1=CC=CC1=C2c1c(C)cc(C)cc1C,C1CCCCC1,645.0
4650,COc1cc(/C=C/c2nc3ccccc3o2)c(OC)cc1/C=C/c1nc(C)nc(/C=C/c2cc(OC)c(/C=C/c3nc4ccccc4o3)cc2OC)n1,CC#N,502.0
1159,COc1ccc(/C=N/c2cc(C(C)C)c(O)cc2C)cc1,C1CCOC1,408.0
9502,N#Cc1ccc(/C=C/C=C/C2=NC3C(=O)NC(N)=NC3N2[C@H]2C[C@H](O)[C@@H](CO)O2)cc1,CO,522.0
1325,C=CCOc1nnc(OCCC(F)(F)C(F)(F)C(F)(F)C(F)(F)C(F)(F)C(F)(F)F)nn1,ClCCl,573.0
9652,O=[N+]([O-])c1ccc(/C=C/C=C/c2ccccc2)cc1,CC#N,574.0
4796,CC(C)(C)c1ccc2c(c1)c1cc(C(C)(C)C)ccc1n2-c1ccc(-c2nc(-c3ccc(P(=O)(c4ccccc4)c4ccccc4)cc3)nc(-c3ccc(P(=O)(c4ccccc4)c4ccccc4)cc3)n2)cc1,Cc1ccccc1,454.8216645
6796,COc1cccc(-n2c(-c3ccc(F)cc3)nc(C)c2C)c1,ClC(Cl)Cl,369.0
5808,O=P1(c2ccccc2)C(c2ccccc2)=Cc2ccccc21,C1CCOC1,417.0
12100,COc1cc2c(cc1/C=C(\C#N)c1nc3ccccc3s1)c1ccccc1n2C,CC#N,509.0
1455,CCOC(=O)CSc1nc(-c2ccccc2)c(C)c(C#N)c1C#N,ClC(Cl)Cl,435.0
5410,COCCC1=Cc2nc1ccc1[nH]c(cc1CCOC)c1nc(c(N)cc3[nH]c2cc3CCOC)C(CCOC)=C1,Cc1ccccc1,748.0
8333,c1ccc2c(c1)c1ccccc1c1[nH]c(-c3ccc(-c4nc5c6ccccc6c6ccccc6c5[nH]4)cc3)nc21,C1CCOC1,456.0
2800,CCCCCCCCCCCCOc1ccc(C#Cc2ccc(C#Cc3ccc(OCCCCCCCCCCCC)c(OCCCCCCCCCCCC)c3)c3nc4c5ccccc5c5ccccc5c4nc23)cc1OCCCCCCCCCCCC,ClCCl,566.0
7616,c1ccc(-c2nnc(-c3cc(-c4nnc(-c5ccccc5)o4)c(-n4c5ccccc5c5ccccc54)cc3-n3c4ccccc4c4ccccc43)o2)cc1,Cc1ccccc1,439.0
10963,CC(C)c1cc(C(C)C)c(B2c3cc(-n4c5ccc(C(C)(C)C)cc5c5cc(C(C)(C)C)ccc54)ccc3N(c3ccccc3)c3ccc(-n4c5ccc(C(C)(C)C)cc5c5cc(C(C)(C)C)ccc54)cc32)c(C(C)C)c1,C1CCOC1,453.0612245
7815,CN(C)c1cccc2c1C(=O)c1ccccc1-2,CCO,541.0
4378,ClP1(Cl)=NP(Cl)(Cl)=NP(Cl)(Oc2ccc3ccc4cccc5ccc2c3c45)=N1,ClCCl,417.0
8921,Oc1c(-c2nc3c4ccccc4c4ccccc4c3[nH]2)cc2c3c1CCCN3CCC2,Cc1ccccc1,419.0
9758,C[n+]1ccc(/C=C/c2ccc3cc(O)ccc3c2)cc1,CC(=O)OC(C)=O,561.0
6716,COC(=O)c1ccc2c3ccc(C(=O)OC)c4c(C(=O)OC)ccc(c5ccc(C(=O)OC)c1c25)c43,CC(C)=O,475.0
3736,CC1(C)c2ccccc2N(c2ccc(-c3nnc(-c4ccccc4O)o3)cc2)c2ccccc21,Clc1ccccc1,492.0
2261,CCn1c(-c2ccc(-c3ccc(-c4ccc(-c5n(CC)c6ccccc6[n+]5CC)cc4)cc3)cc2)[n+](CC)c2ccccc21,O,397.0
7429,COc1ccc(C(=O)/C=C/c2ccc(N(C)C)cc2)cc1OC,Cc1ccccc1,468.0
4005,COC(=O)C(Cc1ccc2oc(-c3ccc(N(C)C)cc3)nc2c1)NC(=O)OC(C)(C)C,OCCO,408.496732
2394,CN(C)c1ccc2nc(-c3ccc(C(=O)O)cc3)sc2c1,CS(C)=O,568.0
1185,C1=C(c2ccccn2)[Si](c2ccccc2)(c2ccccc2)c2ccccc21,ClCCl,395.0
2007,C(=C/c1ccccc1)\c1ccccc1,CC#N,350.0
193,CN(C)c1ccc(/C=C/c2cc(/C=C/c3ccc(N(C)C)cc3)nc(/C=C/c3ccccc3)n2)cc1,Cc1ccccc1,483.0
8770,CCOC(=O)c1c(/N=C/c2cccs2)sc(/N=C/c2cccs2)c1C(=O)OCC,CC#N,534.0
5525,O=C(Nc1ccc(-c2c3nc(c(-c4ccc(NC(=O)C(F)(F)F)cc4)c4ccc([nH]4)c(-c4ccc(NC(=O)C(F)(F)F)cc4)c4nc(c(-c5ccc(NC(=O)C(F)(F)F)cc5)c5ccc2[nH]5)C=C4)C=C3)cc1)C(F)(F)F,CN(C)C=O,652.0
771,CN(c1ccccc1)c1ccc(/C=C2\C(=O)c3ccccc3S2(=O)=O)cc1,ClC(Cl)Cl,532.0
1478,COc1cc(OC)cc(-c2ccc(-c3ccc(C#N)s3)s2)c1,CN(C)C=O,447.0
1846,CCOc1ccc2c(-c3nc(-c4ccccc4)no3)cc(=O)oc2c1,ClC(Cl)Cl,454.0
3740,c1ccc2c(c1)Cc1cc3c(cc1-2)Cc1ccccc1-3,C1CCCCC1,340.0
7986,O=C(O)c1ccccc1,O,315.0
405,F[B-]1(F)n2c(ccc2-c2cccs2)C(c2ccc(Br)cc2)=C2C=CC(c3cccs3)=[N+]21,ClC(Cl)Cl,643.0
11697,N#Cc1ccc(-c2ccc3c(c2)c2cc(-c4ccc(C#N)cc4)ccc2c2c3nc(-c3ccc(-c4ccc(N(c5ccccc5)c5ccccc5)cc4)cc3)n2-c2ccccc2)cc1,CCCCCC,421.1845103
10480,Cc1c2ccncc2c(C)c2c1[nH]c1ccccc12,CCOCC,405.0
6317,CC(C)(C)c1ccc2c(c1)c1cc(C(C)(C)C)ccc1n2-c1ccc(C#Cc2cccc(C#Cc3ccc(-n4c5ccc(C(C)(C)C)cc5c5cc(C(C)(C)C)ccc54)cc3)c2)cc1,Cc1ccccc1,379.0
6581,CCCCC1(c2ccccc2)Nc2c(-c3ccc(N(C)c4ccccc4)cc3)ccc(-c3ccc(N(C)c4ccccc4)cc3)c2N=C1c1ccccc1,Cc1ccccc1,573.0
1447,O=S(=O)(c1ccccc1)c1ccc(-c2ccc3c(c2)c2cc(-c4ccc(S(=O)(=O)c5ccccc5)cc4)ccc2n3-c2ccccc2)cc1,CO,434.0
342,CCCCN(CCCC)c1ccc(C#Cc2cc(C#Cc3ccc(C#N)cc3)c(C#Cc3ccc(C#N)cc3)cc2C#Cc2ccc(N(CCCC)CCCC)cc2)cc1,c1ccccc1,508.0
7468,O=c1c2cc(Cl)ccc2nc2n1[B-](F)(F)[n+]1ccccc1-2,ClCCl,444.0
727,O=Cc1ccc(-c2ccc(C3=CCCCC3)s2)s1,c1ccncc1,483.0
4577,CC1=C(Cc2ccccc2)C(C)=[N+]2C1=C(C)c1c(C)c(-c3csc(N4CCOCC4)n3)c(C)n1[B-]2(F)F,Cc1ccccc1,603.0
9168,CC[N+]1(CC)CN2C(C)=CC(C)=C(C(=O)O)C2=N1,O,449.0
9250,CN(C)c1ccc(-c2ccc3c(=O)c(O)coc3c2)cc1,ClCCl,503.0
3516,CSc1ccc(-c2nc3sc4ccccc4c3s2)cc1,CS(C)=O,431.0
10896,O=S(=O)(c1ccc(-c2ccc(-c3nc4c5ccccc5c5ccccc5c4n3-c3ccccc3)cc2)cc1)c1ccc(-c2ccc(-c3nc4c5ccccc5c5ccccc5c4n3-c3ccccc3)cc2)cc1,c1ccc2c(c1)c1ccccc1n2-c1ccc(-c2ccc(-n3c4ccccc4c4ccccc43)cc2)cc1,443.0
9890,Clc1ccc(/C=C(\c2ccccc2)c2nc3ccccc3s2)cc1,C1CCCCC1,420.0
7156,Fc1ccc2cc3cccc[n+]3cc2c1,O,408.0
7851,CC1(C)CC(=O)C2=C(C1)Oc1ccc3cc(O)ccc3c1C2c1ccccn1,C1COCCO1,377.0
1348,CCc1c(C)[nH]c(C2=[N+]3C(=Cc4c(C)c(CC)c(/C=C/c5ccc(N(C)C)cc5)n4[B-]3(F)F)c3ccccc32)c1C,CO,770.0
660,c1ccc(N2c3ccc4ccccc4c3-c3c4ccccc4nc[n+]3[B-]2(c2ccccc2)c2ccccc2)cc1,C1CCC2CCCCC2C1,642.0
1492,CC(C)[Si](C#Cc1c2c(=O)c3ccccc3c2c(C#C[Si](C(C)C)(C(C)C)C(C)C)c2c(=O)c3ccccc3c12)(C(C)C)C(C)C,ClC(Cl)Cl,568.0
10451,CCCCCCCc1cc2c(o1)=CC1=C3c4cc5oc(CCCCCCC)cc5n4[B-](F)(F)[n+]4nnn(c43)[B-](F)(F)[N+]=21,ClCCl,697.0
5154,O=C1Cc2cc3c(cc2CCCc2ccc(cc2)CCC3)CC(=O)Cc2ccc(c3nsnc23)C1,C1CCCCC1,501.0
11750,Cc1cccc(C)c1Nc1ccc(/C=C/c2ccc3ccccc3c2)cc1,CC#N,450.0
9277,CCCCc1c2ccccc2c(-c2ccc(-c3nc4cc(CC(NC(=O)OC(C)(C)C)C(=O)OC)ccc4o3)cc2)c2ccccc12,CC#N,446.9992937
2524,Oc1ccc2ccccc2c1/C=N/c1cc2nc3ccccc3nc2cc1/N=C/c1c(O)ccc2ccccc12,CC#N,525.0
9450,CC(C)(C)c1ccc(-c2nc3c4ccc(-c5ccc6ccccc6c5)cc4c4cc(-c5ccc6ccccc6c5)ccc4c3n2-c2ccc(C(C)(C)C)cc2)cc1,CCOC(C)=O,396.0
10381,Cc1nc2cccc(-c3nc4ccc([N+](=O)[O-])cc4[nH]3)c2c(=O)[nH]1,CN(C)C=O,450.0
5374,COC(=O)C1=C(C(=O)OC)C2=C[C@H]3c4ccccc4[C@]2(S1)c1ccccc13,CCCCCC,465.0
3198,CN(C)c1ccc2c3c(ccc2c1)CCCC3=O,Cc1ccccc1,478.0
5717,O=C(O)c1ccccc1Nc1ccccc1,C1CCOC1,434.0
9345,O=Cc1c(O)c(-c2nc3ccccc3s2)cc2ccccc12,CC#N,505.0
11147,N#Cc1c2nc3ccccn3c2nc2nc3ccccn3c12,CC#N,525.0
10078,N#Cc1nc2c3ccc(-c4ccc(-n5c6ccccc6c6ccccc65)cc4)cc3c3cc(-c4ccc(-n5c6ccccc6c6ccccc65)cc4)ccc3c2nc1C#N,C1COCCO1,553.3057851
8259,CNc1ccc(/C=C/C#N)cc1,CO,423.0
9859,CCNc1cc2oc(=O)c3c(=O)oc4ccccc4c3c2cc1C,ClCCl,509.0
40,O=Cc1ccc(-c2ccc(O)c(-c3nc4ccccc4s3)c2)o1,ClCCl,553.0
10832,F[B-]1(F)OC(c2ccccc2)=Cc2c3ccccc3c3ccccc3[n+]21,ClC(Cl)Cl,447.0
6816,COc1cccc(-n2c(-c3ccccc3)nc(C)c2C)c1,ClC(Cl)Cl,366.0
9430,O=C1c2cc(-c3ccccc3)ccc2-c2ccc(-c3ccccc3)cc21,C1CCOC1,360.0
10006,CCNc1ccc(NCC)c2c1C(=O)c1ccccc1C2=O,CCCCO,670.0
2723,Cc1ccc(C(=O)NN2C3=C(CC4=C2CCCC4=O)C(=O)CCC3)cc1,ClC(Cl)Cl,438.0
11257,O=c1oc2ccccc2cc1-c1cc2ccccc2o1,O,475.0
10511,CCn1c2ccccc2c2cc(C#Cc3cc(C#Cc4ccc5c(c4)c4ccccc4n5CC)ncn3)ccc21,ClCCl,484.0
9335,CCn1c2ccccc2c2cc(/C=C/C(=O)c3ccc4c(c3)c3cc(C(=O)/C=C/c5ccc6c(c5)c5ccccc5n6CC)ccc3n4CC)ccc21,CC(C)=O,476.0
11937,O=C1c2ccccc2C(=O)C1C1C(=O)c2c3ccccc3cc3cc4ccccc4c1c23,C1CCOC1,569.0
7155,Clc1ccc2cc3cccc[n+]3cc2c1,O,408.0
9426,c1ccc2c(c1)oc1nc3oc4ccc(-n5c6ccccc6c6ccccc65)cc4c3cc12,ClC(Cl)Cl,448.0
11302,CN1CCN(c2ccc3c4c(cccc24)C(=O)c2ccccc2-3)CC1,CCO,640.0
7230,CCOC(=O)/C(C#N)=C\c1cn(-c2ccccc2)nc1-c1ccccc1,C1CCOC1,429.0
5075,CCCCC1(c2ccccc2)Nc2c(-c3ccc(N(c4ccccc4)c4ccccc4)cc3)ccc(-c3ccc(N(c4ccccc4)c4ccccc4)cc3)c2N=C1c1ccccc1,CCCCCC,521.0
7880,CCN(CC)c1ccc2c(-c3ccccc3C(=O)O)c3c([o+]c2c1)/C(=C/c1ccc(N(C)C)s1)CCC3,ClCCl,766.0
5394,Cc1cc2c3ccccc3[nH]c2c2[nH]c3ccccc3c12,ClCCl,371.0
10482,Cc1c2ccncc2c(C)c2c1[nH]c1ccccc12,CO,434.0
7789,Nc1cccc2c1-c1ccccc1C2=O,CCO,667.0
12024,CCOC(=O)c1ccc(/C=C/C2=[N+]3C(=C(c4ccccc4)c4ccc(/C=C/c5ccc(C(=O)OCC)o5)n4[B-]3(F)F)C=C2)o1,ClC(Cl)Cl,681.0
4088,CC(C)(C)c1ccc2c(c1)c1cc(C(C)(C)C)ccc1n2-c1ccc(N(c2ccc(-c3ccc(N(c4ccc(-n5c6ccc(C(C)(C)C)cc6c6cc(C(C)(C)C)ccc65)cc4)c4ccc(-n5c6ccc(C(C)(C)C)cc6c6cc(C(C)(C)C)ccc65)cc4)cc3)cc2)c2ccc(-n3c4ccc(C(C)(C)C)cc4c4cc(C(C)(C)C)ccc43)cc2)cc1,ClCCl,422.0
1967,Cc1cc(C)c(B(c2cc(C#Cc3ccccc3)sc2-c2sc(C#Cc3ccccc3)cc2P(=O)(c2ccccc2)c2ccccc2)c2c(C)cc(C)cc2C)c(C)c1,CO,560.0
11011,COc1ccc2c(c1)CCc1c(-c3ccccc3)c3n(c1-2)[B-](F)(F)[N+]1=C2C(=C(c4ccccc4)C1=N3)CCc1ccccc12,ClC(Cl)Cl,734.0
10791,COc1ccc(C2=[N+]3C(=C(c4ccc(C#N)cc4)c4cc(Cl)c(-c5ccc(OC)cc5)n4[B-]3(F)F)C=C2Cl)cc1,CC#N,636.0
11764,c1ccc(-c2nc(-c3ccc(-c4ccc(-n5c6ccccc6c6ccccc65)cc4)cn3)oc2-c2ccccc2)cc1,Cc1ccccc1,404.0
6999,O=S(=O)(c1cccc(N2c3ccccc3Oc3ccccc32)c1)c1cccc(N2c3ccccc3Oc3ccccc32)c1,C1CCOC1,596.0
423,CCCCn1c2c(-c3ccc(N(c4ccccc4)c4ccccc4)cc3)cc(C#N)cc2c2cc(C#N)cc(-c3ccc(N(c4ccccc4)c4ccccc4)cc3)c21,CN(C)C=O,476.0
11358,COc1ccc(N(c2ccc(OC)cc2)c2ccc(-c3ccc4c(c3)C(=O)c3ccccc3C4=O)cc2)cc1,ClC(Cl)(Cl)Cl,646.0
11655,CCN(CC)c1ccc2ccc(=O)oc2c1,c1ccccc1,395.0
10513,CCn1c2ccccc2c2cc(C#Cc3cc(C#Cc4ccc5c(c4)c4ccccc4n5CC)nc(C#N)n3)ccc21,CCOC(C)=O,494.0
6142,COCCC1=Cc2nc1ccc1[nH]c(cc1CCOC)c1nc(c(N3C(=O)CCCC3=O)cc3[nH]c2cc3CCOC)C(CCOC)=C1,Cc1ccccc1,646.0
5661,CCCCCCCCCCCCN1C(=O)c2c(c3ccc4cc(-c5ccc(F)cc5)c(OC)cc4c3c3c2ccc2cc(-c4ccc(F)cc4)c(OC)cc23)C1=O,ClCCl,525.0
9031,COC(=O)C[C@H](NC(=O)[C@H](Cc1c[nH]c2ccccc12)NC(=O)OC(C)(C)C)C(=O)OC,CC#N,330.0
4596,CCOC(=O)/C(C#N)=C/c1cc2c3ccccc3n(C)c2cc1OC,C1CCOC1,460.0
2659,c1ccc2sc(-c3ccc(-c4nnc(-c5ccc(-c6nnc(-c7ccc(-c8cc9ccccc9s8)s7)o6)cc5)o4)s3)cc2c1,CC#N,399.0
141,O=C1OC(c2ccccc2)=N/C1=C\c1ccc(N(c2ccc(/C=C3\N=C(c4ccccc4)OC3=O)cc2)c2ccc(/C=C3/N=C(c4ccccc4)OC3=O)cc2)cc1,CCOCC,545.0
2597,COc1cc(C=O)cc(-c2[nH]c(=O)n3c2-c2ccccc2C3=O)c1O,CO,490.0
6701,CCCCCCCC(=O)Oc1ccc2c3cccc4c(OC(=O)CCCCCCC)ccc(c5cccc1c52)c43,ClC(Cl)Cl,456.006236
1377,COc1cc(OC)cc(C2=C3C(C)=C(I)C(/C=C/c4c[nH]c5ccccc45)=[N+]3[B-](F)(F)n3c(/C=C/c4c[nH]c5ccccc45)c(I)c(C)c32)c1,ClCCl,735.0
3674,CC(C)(C)c1ccc(-c2nc3c4ccc(-c5c6ccccc6cc6ccccc56)cc4c4cc(-c5c6ccccc6cc6ccccc56)ccc4c3n2-c2ccc(C(C)(C)C)cc2)cc1,ClC=C(Cl)Cl,429.0
12134,CCCCCCC(CCCCCC)N1C(=O)c2cccc3c(-c4ccccc4)ccc(c23)C1=O,CCCCCC,402.7
6362,CCOC(=O)C1c2ccccc2C(=O)N1c1ccccc1,ClCCl,471.0
11478,Fc1ccc(-c2nc3n(c2-c2ccncc2)CCS3)cc1,CCO,438.0
4741,N#Cc1c(-c2ccccc2)cc(-c2ccccc2)[nH]c1=S,C1COCCO1,512.0
1138,Cc1cc(O)c(C(C)C)cc1/N=C/c1ccc(O)cc1,CN(C)C=O,409.0
7374,CCCCn1c2ccccc2c2cc(C#Cc3ccc4ccc5cccc6ccc3c4c56)ccc21,ClCCl,450.0
1787,CCC1=C(C)C2=Cc3cc4c(cc3B(O)N2C1=O)OCO4,CO,484.0
9846,CC(C)(C)OC(=O)COc1ccc2c(c1)oc(=O)c1c(=O)oc3ccccc3c12,ClCCl,440.0
4646,c1cc2ccc3[se]c4ccc5cccc6c(c1)c2c3c4c56,ClC(Cl)Cl,424.0
7568,O=C(c1ccc(N(c2ccccc2)c2ccccc2)cc1)[C@H]1[C@H](c2ccc(F)cc2)C[C@](O)(c2ccccn2)C[C@]1(O)c1ccccn1,CCOC(C)=O,502.0
459,c1ccc2c(c1)-c1ccccc1C21c2ccccc2-c2sc3c(c21)C1(c2ccccc2-c2ccccc21)c1ccccc1-3,C1CCOC1,403.0
6115,COc1ccc(C#Cc2ccc(C#N)cc2)cc1,CS(C)=O,418.0
8179,COCCOCCOCCOc1ccc(OCCOCCOCCOC)c(C=O)c1,CCO,462.0
948,CN(C)c1ccc(/C=C/C=C2\CCCC2=O)cc1,CN(C)C=O,559.0
6370,Cc1sc(Cl)cc1-c1nc(-c2ccccc2)[nH]c1-c1cc(Cl)sc1C,CC#N,381.0
4628,CCOC(=O)CC[N+]1=c2cc3c(cc2CCC1)=Cc1c(c2ccc(N(C)C)cc2oc1=O)O3,ClCCl,637.0
7358,c1cc2ccc3[o+]c4ccc5cccc6c7cccc8c(c1)c2c3c(c87)c4c56,ClCCl,594.0
5925,CN(C)CCNCc1c2ccccc2cc2ccccc12,CCO,410.0
6040,CN(C)c1ccc(C#Cc2ccc(C=O)cc2)cc1,CC#N,576.0368664
441,CN(C)c1ccc(C2=Nc3scc(-c4ccc(C#N)cc4)[n+]3[B-](F)(F)O2)cc1,C1CCOC1,462.0
6659,CC1(C)c2ccccc2N(c2cc[n+]3c(c2)-c2ccccc2O[B-]3(F)F)c2ccccc21,Cc1ccccc1,540.0
8831,CCn1c2ccccc2c2cc3c(cc21)c1ccccc1n3CC,ClC(Cl)Cl,425.0
9046,N#Cc1cccc2[nH]ccc12,CC#N,380.0
3830,CCCCOc1ccc(-c2oc3cc4n(c3c2-c2ccc(OCCCC)cc2)[B-](F)(F)[N+]2=Cc3cc5oc(-c6ccc(OCCCC)cc6)c(-c6ccc(OCCCC)cc6)c5n3[B-](F)(F)[N+]2=C4)cc1,C1CCOC1,638.0
11517,Cc1ccc(NC(=O)c2sc(Br)nc2C)cc1,CCOC(C)=O,404.5
6144,COc1ccc(-c2ccc3c(c2)c2cc(-c4ccc(OC)cc4)ccc2n3-c2ccc(C(=O)c3ccc4sc5ccccc5c4c3)cn2)cc1,c1cc(-n2c3ccccc3c3ccccc32)cc(-n2c3ccccc3c3ccccc32)c1,484.0
11085,Cc1cccc(C2=Cc3ccc4ccccc4[n+]3[B-](F)(F)O2)c1,ClC(Cl)Cl,440.0
6344,COc1ccc(N2C(=O)c3ccccc3C2C(=O)OC(C)(C)C)cc1OC,ClCCl,452.0
1958,CCCCCCCCCCOc1cc(OCCCCCCCCCC)cc(C2=C3C(/C=C/c4ccc(OC)cc4)=C(C#Cc4ccc(C(C)(C)C)cc4)C(/C=C/c4ccc(OC)cc4)=[N+]3[B-](F)(F)n3c(/C=C/c4ccc(OC)cc4)c(C#Cc4ccc(C(C)(C)C)cc4)c(/C=C/c4ccc(OC)cc4)c32)c1,ClC(Cl)Cl,756.0
9262,C#CCn1c2ccccc2c2cc(/C=C/c3c(Cl)c(C)c4n3[B-](F)(F)[N+]3=C(C)C(Cl)=C(C)C3=C4c3ccc(I)cc3)ccc21,CC#N,650.0
155,O=C1OC(c2ccccc2)=N/C1=C\c1ccc(N(c2ccc(/C=C3\N=C(c4ccccc4)OC3=O)cc2)c2ccc(/C=C3/N=C(c4ccccc4)OC3=O)cc2)cc1,CCCCCCC,508.0
9773,Cn1c(=O)c(/N=N/c2ccc(/N=N/c3ccc(S(=O)(=O)O)cc3)cc2)c(O)c2ccccc21,ClCCl,541.0
4578,CC1=C(Cc2ccccc2)C(C)=[N+]2C1=C(C)c1c(C)c(-c3csc(N4CCOCC4)n3)c(C)n1[B-]2(F)F,ClC(Cl)Cl,607.0
1089,c1ccc(N(c2ccccc2)c2ccc(-c3ccc4c(c3)C3(c5cc(-c6ccc(N(c7ccccc7)c7ccccc7)cc6)ccc5S4)c4ccccc4-c4ccccc43)cc2)cc1,CCCCCC,392.9571106
6049,CN(C)c1ccc(C#Cc2ccc(C=O)cc2)cc1,CN(C)C=O,571.0043967
11219,COc1ccc(C#Cc2ccc(C#Cc3ccc(P(=O)(c4ccccc4)c4ccccc4)cc3)cc2)cc1,CC#N,422.0
9122,Nc1ccc2c(c1)Cc1ccccc1-2,CCCCCCC,344.0
7950,CCN(CC)c1cccc(C=O)c1,CC(C)O,560.0
1674,Cc1cccc(C2=CC3=C(c4c(C)cc(C)cc4C)c4cc(-c5cccc(C)c5)c(-c5cccc(C)c5)n4[B-](F)(F)[N+]3=C2c2cccc(C)c2)c1,CC#N,620.0
6763,Cc1cc(C(F)(F)F)nc2c1ccc1nc(-c3ccc(Cl)cc3)cn12,CCOC(C)=O,457.0
10889,O=S(=O)(c1ccc(-c2ccc(-c3nc4c5ccccc5c5ccccc5c4n3-c3ccccc3)cc2)cc1)c1ccc(-c2ccc(-c3nc4c5ccccc5c5ccccc5c4n3-c3ccccc3)cc2)cc1,CCCCOCCCC,420.0
6416,Clc1nnc(O/N=C/c2ccc(N(c3ccccc3)c3ccccc3)cc2)nn1,ClCCl,520.0
11727,CCC12C(=C3C(=C4c5ccc(-c6ccc(C)s6)cc5S(=O)(=O)C41CC)C(F)(F)C(F)(F)C3(F)F)c1ccc(-c3ccc(C)s3)cc1S2(=O)=O,ClC(Cl)(Cl)Cl,571.8681319
2326,CN(C)CCN(Cc1c2ccccc2c(CN(CCN(C)C)c2ccc([N+](=O)[O-])cc2[N+](=O)[O-])c2ccccc12)c1ccc([N+](=O)[O-])cc1[N+](=O)[O-],CO,389.0
7096,CCOC(=O)CN(CC(=O)OCC)c1ccc(-c2cc(-c3ccccn3)nc(-c3ccccn3)c2)cc1,c1ccccc1,400.0
10526,COc1nc(Cl)nc(Nc2ccc3c4c(cccc24)C(=O)c2ccccc2-3)n1,Cc1ccccc1,518.134715
9653,O=[N+]([O-])c1ccc(/C=C/C=C/c2ccccc2)cc1,CCCCCCC,470.0
6450,N#CSc1ccc2n1[B-](F)(F)[N+]1=C(N3CCOCC3)C=CC1=C2c1ccccc1,CO,559.0
1715,CCCCn1c2ccc(-c3ccccc3)cc2c2ccc3c4cc(-c5ccccc5)ccc4n(CCCC)c3c21,ClC(Cl)Cl,414.0
9172,c1ccc(-c2oc(-c3ccccc3)c3ccccc23)cc1,C1CCOC1,451.0
8381,COC(=O)C(Cc1ccc2oc(-c3ccc4c(c3)c3ccccc3n4-c3ccccc3)nc2c1)NC(=O)OC(C)(C)C,CCCCCCCCC,374.5037825
3831,CCCCOc1ccc(-c2oc3cc4n(c3c2-c2ccc(OCCCC)cc2)[B-](F)(F)[N+]2=Cc3cc5oc(-c6ccc(OCCCC)cc6)c(-c6ccc(OCCCC)cc6)c5n3[B-](F)(F)[N+]2=C4)cc1,CN(C)C=O,644.0
6299,CCn1c2ccccc2c2cc(/C=C/c3cc(/C=C/c4ccc5c(c4)c4ccccc4n5CC)ncn3)ccc21,CN(C)C=O,500.0
3348,CC(C)(C)c1ccc(-c2nc3c4ccccc4c4ccccc4c3n2-c2ccc(-c3ccc(N(c4ccccc4)c4ccccc4)cc3)cc2)cc1,ClCCl,426.0
11670,CCNc1ccc2c(C(F)(F)F)cc(=O)oc2c1,CC(C)O,490.0
9177,c1ccc(-c2oc(-c3ccccc3)c3ccccc23)cc1,Cc1ccccc1,454.0
587,F[B-]1(F)n2c(-c3ccccc3)cc(-c3ccccc3)c2N=C2C(c3ccccc3)=CC(c3ccccc3)=[N+]21,CC#N,673.0
9346,O=Cc1c(O)c(-c2nc3ccccc3s2)cc2ccccc12,CC(C)=O,507.0
11674,CCNc1ccc2c(C(F)(F)F)cc(=O)oc2c1,CCCCCC,417.0
2990,Fc1c(F)c(F)c([B-]2(c3c(F)c(F)c(F)c(F)c3F)Oc3c(ccc4c5c(ccc34)C=[N+](c3ccccc3)[B-](c3c(F)c(F)c(F)c(F)c3F)(c3c(F)c(F)c(F)c(F)c3F)O5)C=[N+]2c2ccccc2)c(F)c1F,CC(C)=O,578.0
11374,c1cc2ccc3cc4[nH]ccc4c4ccc(c1)c2c34,CCOC(C)=O,398.0
9694,COC(=O)c1ccc(-c2cc3ccc4cccc5ccc(c2)c3c45)cc1,Cc1ccccc1,406.0
10871,COc1ccc(-c2csc(/C(C#N)=C/c3ccncc3)n2)cc1,CN(C)C=O,559.0
264,Cc1ccc(C)c2nc3c(=O)[nH]c(=O)[nH]c3nc12,CC#N,491.0
9740,Cc1ccc(-c2c3nc(c(-c4ccc(C)cc4)c4ccc([nH]4)c(-c4ccc(C)cc4)c4nc(c(-c5ccc(C)cc5)c5ccc2[nH]5)C=C4N2CCOCC2)C=C3)cc1,CS(C)=O,666.0
6788,COc1ccc(-c2nnc(-c3cc(-n4c5ccccc5c5ccccc54)c(-n4c5ccccc5c5ccccc54)cc3-c3nnc(-c4ccc(OC)cc4)o3)o2)cc1,ClCCl,487.9188296
10434,CN1c2ccccc2CCc2ccccc21,CC#N,346.0
3864,Cc1cc(C)n2c1C=C1c3ccccc3C(c3[nH]c4ccccc4c3C)=[N+]1[B-]2(F)F,C1CCOC1,628.0
6274,Cc1c(C)c(B(c2c(C)c(C)c(C#N)c(C)c2C)c2c(C)c(C)c(N3c4ccccc4Oc4ccccc43)c(C)c2C)c(C)c(C)c1C#N,c1ccc([Si](c2ccccc2)(c2ccc(-n3c4ccccc4c4ccccc43)cc2)c2ccc(-n3c4ccccc4c4ccccc43)cc2)cc1,533.0
12019,C(=C/c1ncc2ccccc2n1)\c1ccc(-c2ccc(N(c3ccccc3)c3ccccc3)cc2)cc1,CS(C)=O,585.0
3711,Cc1nc2c(c[n+]1C)CN1C(=O)N([C@H]3O[C@@H](CO)[C@H](O)[C@@H]3O)C=CC1=N2,[2H]OCC,417.0
8438,CC(C)(C)c1ccc(-c2nc3c4ccc(-c5ccc6ccc7cccc8ccc5c6c78)cc4c4cc(-c5ccc6ccc7cccc8ccc5c6c78)ccc4c3n2-c2ccc(C(C)(C)C)cc2)cc1,CCOCC,432.0
1529,Oc1ccccc1/N=C/c1ccccc1Oc1ccccc1,c1ccccc1,410.0
10058,CC1(C)C(/C=C/C2=C(Cl)/C(=C/C=C3/N(Cc4ccc([N+](=O)[O-])cc4)c4ccccc4C3(C)C)CCC2)=[N+](Cc2ccc([N+](=O)[O-])cc2)c2ccccc21,CO,807.0
923,Cc1ccc(C2=[N+]3C(=Cc4ccc(C)n4[B-]3(F)F)c3ccccc32)[nH]1,CCCCCC,613.0
11954,c1ccc(C2(c3ccccc3)c3cc4c(cc3-c3ccc5ccc6cccc7cc2c3c5c67)-c2ccc3ccc5cccc6cc(c2c3c56)C4(c2ccccc2)c2ccccc2)cc1,ClC(Cl)Cl,412.0
7329,CCN(CC)c1ccc2cc(-c3cc(SC)c(C#N)c(=O)o3)c(=O)oc2c1,CCOC(C)=O,554.0
4364,CN(C)c1ccc(C#Cc2ccc3ccc4ccc(C#Cc5ccc(N(C)C)cc5)c5ccc2c3c45)cc1,C1COCCO1,491.8
669,c1ccc(N2c3ccc4ccccc4c3-c3c4ccccc4nc[n+]3[B-]2(c2ccccc2)c2ccccc2)cc1,ClC(Cl)Cl,676.0
3604,CCOC(=O)CCCCCn1c2ccc(C)cc2c(=O)c2cc3c(cc21)c(=O)c1cc(C)ccc1n3CCCCCC(=O)OCC,CO,565.0
5108,N#C/C(=C\c1cn(-c2ccccc2)nc1-c1ccccc1)c1nc2ccccc2s1,Cc1ccccc1,437.0
11032,Cc1cc(=O)oc2ccc3ccc(O)cc3c12,CCO,450.0
5248,O=c1c2cc(C#Cc3ccc(Cl)cc3)ccc2nc2ccc(C#Cc3ccc(Cl)cc3)cn12,ClCCl,478.0
7183,CCC1=C(C)c2cc3[nH]c(cc4nc(c5c6[nH]c(cc1n2)c(C)c6C(=O)C5)[C@@H](CCC(=O)OC)[C@@H]4C)c(C)c3/C=C(\c1ccccc1)[N+](=O)[O-],ClCCl,704.0
2591,Brc1cnc(-c2ccncc2)s1,CO,396.0
5906,c1ccc2cc3ccccc3cc2c1,CO,400.0
6509,CN(C)c1ccc(-c2nc3c(c4c2-c2ccc(C#N)cc2CC4)-c2ccc(C#N)cc2CC3)cc1,CCOC(C)=O,489.0
7133,CC/[NH+]=c1\cc2oc3cc(NCCC(=O)NC(C(=O)OC)C(C)C)c4ccccc4c3nc-2cc1C,CCO,644.0
2307,Clc1ccc(/C=C/c2nc3ccccc3o2)cc1,C1CCCCC1,380.0
8804,c1ccc2c(c1)c1ccccc1n2-c1ccc2c(c1)c1ccccc1n2-c1cc2c3ccccc3n3c4ccccc4c(c1)c23,C1CCOC1,402.0912548
3690,CC(C)(C)c1ccc(-c2cc3c(-c4ccc(C(C)(C)C)cc4)c4cccc5c(-c6ccc(C(C)(C)C)cc6)cc6c(-c7ccc(C(C)(C)C)cc7)c7cccc2c7c3c6c54)cc1,CC#N,464.0
687,CN1/C(=C/C=C(/C=C/c2sc3ccccc3[n+]2C)c2cc(F)cc(F)c2)Sc2ccccc21,O,671.0
612,CCCC1(CCC)c2cc(C=C(C#Cc3ccccc3)C#Cc3ccccc3)ccc2-c2ccc(C=C(C#Cc3ccccc3)C#Cc3ccccc3)cc21,ClC(Cl)Cl,473.0
7167,Cc1ccccc1C1=C2C=CC(=[N+](C)C)C=C2[Si](C)(C)c2cc(N(C)C)ccc21,O,660.0
9689,C[Si](C)(C)O[Si]1(O[Si](C)(C)C)n2c3c4ccccc4c2/N=C2\N=C(/N=c4/c5ccccc5/c(n41)=N/C1=N/C(=N\3)c3ccccc31)c1ccccc12,CN(C)C=O,677.0
3200,CN(C)c1ccc2c3c(ccc2c1)CCCC3=O,Clc1ccccc1,498.0
6629,CC1(C)CC(=O)c2c(F)c(F)c(F)c(F)c2N1,CC#N,449.0
4135,CCCN1/C(=C\c2c(-c3ccc(N(C)C)cc3)c(=O)c2=O)C=Cc2ccccc21,C1CCCCC1,428.0
1898,Cc1ccc(C(=O)/C=C2\C(=O)Nc3ccccc32)cc1C,CO,399.0
282,N#Cc1ccc(C2=Cc3cc4ccccc4cc3P2(=O)c2ccccc2)cc1,ClCCl,434.0
258,Cc1cc2nc3[nH]c(=O)[nH]c(=O)c3nc2cc1C,CC#N,437.0
11554,COC(=O)c1noc(-c2ccccc2)c1Br,C1CCCCC1,344.0
4943,CC1(C)c2ccccc2N(c2ccc(-c3nnc(-c4ccc(-n5c6ccccc6c6ccccc65)cc4)o3)cc2)c2ccccc21,O=P(c1ccccc1)(c1ccccc1)c1ccccc1Oc1ccccc1P(=O)(c1ccccc1)c1ccccc1,479.0
2822,COc1ccc(N(c2ccc(OC)cc2)c2ccc3ccc4c(B(c5c(C)cc(C)cc5C)c5c(C)cc(C)cc5C)ccc5ccc2c3c54)cc1,ClCCl,633.0
3525,COc1cc2sc3nc(-c4ccccc4)sc3c2cc1OC,CS(C)=O,446.0
11844,NS(=O)(=O)c1ccc(N2N=C(c3ccc(O)cc3)CC2c2ccc(F)cc2)cc1,C1CCOC1,417.0
5223,O=C1CC(c2ccccc2)c2c(c3ccccc3c3nc4ccccc4nc23)O1,ClC(Cl)Cl,431.0
2285,COc1ccc2c(c1)N(c1ccc(C)cc1)c1cc3c(cc1=N2)Oc1c(cc(C(C)(C)C)cc1C(C)(C)C)N=3,CCCCCC,586.0
6063,CN(C)c1ccc(C#Cc2ccccc2)cc1,CC1CCCO1,377.5009438
8078,O=C(O)c1ccccc1O,O,407.0
4654,CCN1C(=O)C(C2C(=O)c3c4ccccc4cc4cc5ccccc5c2c34)C(=O)N(CC)C1=S,Cc1ccccc1,564.0
5000,O=S(=O)([O-])CCCOc1ccc(C2=[N+]3C(=Nc4c(-c5ccccc5)cc(-c5ccc(OCc6cn([C@H]7[C@H](O)[C@H](O)[C@@H](CO)O[C@H]7O)nn6)cc5)n4[B-]3(F)F)C(c3ccccc3)=C2)cc1,O,722.0
6710,CC(NC(=O)OC(C)(C)C)C(=O)OCc1ccc2c3cccc4cccc(c5cccc1c52)c43,CCO,443.0
11433,CCCCCCOc1ccc(-c2cnc(-c3nnc(-c4ccc(OCCCCCC)cc4)o3)o2)cc1,CCO,411.0
8676,CCC1=C(C)C2=Cc3cc(I)c(I)n3[B-](F)(F)[N+]2=C1C,CCO,555.0
5416,COCCC1=Cc2nc1ccc1[nH]c(cc1CCOC)c1nc(ccc3[nH]c2cc3CCOC)C(CCOC)=C1,Cc1ccccc1,642.0
475,CN(C)c1ccc(/C=C/C=C/C=C/c2ccc(N(C)C)cc2)cc1,CC(C)=O,488.0
2555,CN(C)c1ccc2c3c(ccc2c1)C(=O)CCC3,Cc1ccccc1,417.0
8087,O=Cc1cc(O)c(C=O)cc1O,CN(C)C=O,492.0
7,CC(C)(C)c1ccc(-c2nc3c4ccc(-c5cc6ccccc6c6ccccc56)cc4c4cc(-c5cc6ccccc6c6ccccc56)ccc4c3n2-c2ccc(C(C)(C)C)cc2)cc1,CCCCCC,382.0
6411,CC1=[N+]2C(=C(c3ccccc3)c3ccc(/C=C/c4ccc(C(=C(c5ccccc5)c5ccccc5)c5ccccc5)cc4)n3[B-]2(F)F)C=C1,C1CCOC1,610.0
11228,COc1cc2cc(-c3cc4cc(OC)c(OC)cc4oc3=O)oc2cc1OC,Cc1ccccc1,475.0
11070,Cc1cc(C)c(B(c2c(C)cc(C)cc2C)c2c(C)cc(-n3c4ccccc4c4cc(N(c5ccccc5)c5ccccc5)ccc43)cc2C)c(C)c1,O=P(c1ccccc1)(c1ccccc1)c1ccccc1Oc1ccccc1P(=O)(c1ccccc1)c1ccccc1,477.0
5546,CCCCCCC(CCCCCC)N1C(=O)c2cccc3c(-c4ccc(OC)c5ccccc45)ccc(c23)C1=O,CN(C)C=O,581.8
2426,COc1ccc(-c2ccc(/C=C/c3cnc4ccccc4n3)cc2)cc1,ClCCl,485.0
6744,C(=C/c1cnccn1)\c1ccc(N(c2ccccc2)c2ccccc2)cc1,CCCCCCC,433.0
11807,NS(=O)(=O)c1ccc(N2N=C(c3ccc(O)cc3)CC2c2ccc(F)cc2)cc1,CN(C)C=O,421.0
2274,c1ccc2c(c1)Sc1ccccc1N2c1ccc2c(c1)C1(CCCC1)c1cc(N3c4ccccc4Sc4ccccc43)ccc1-2,Cc1ccccc1,491.0
9203,CCN(CC)c1ccc2cc(/C=C/C(=C(C#N)C#N)c3ccc(N(c4ccccc4)c4ccccc4)cc3)c(=O)oc2c1,Cc1ccccc1,576.0
1577,c1ccc(-c2nc(-c3c[nH]c4ccccc34)n3ccccc23)cc1,O,507.0
7264,Nc1ccc2c(c1)C(=O)N(C13C[C@H]4C[C@@H](C1)C[C@@H](C3)C4)C2=O,CC#N,469.0
9259,CCN1C(=CC2=C([O-])C(=Cc3[se]c4ccccc4[n+]3CC)C2=O)[Se]c2ccccc21,ClC(Cl)Cl,714.0
3970,C=CCOc1ccc(-c2nc3cc(C(NC(=O)OC(C)(C)C)C(=O)OC)ccc3o2)cc1,CO,353.0
5879,CC(C)[Si]1(C(C)C)c2ccccc2-c2ccc(N(C)C)cc21,CCO,405.0
10319,CN(c1ccccc1)c1ccc(-c2ccc(-c3ccc(N(C)c4ccccc4)cc3)c3nc(-c4ccccc4)c(-c4ccccc4)nc23)cc1,Cc1ccccc1,627.0
11437,CC1(C)C(/C=C/C2=C(Cl)/C(=C/C=C3/N(CCCS(=O)(=O)[O-])c4ccccc4C3(C)C)CCC2)=[N+](CCCS(=O)(=O)[O-])c2ccccc21,CO,802.0
7193,CCCCCCCCN1c2ccc(C#Cc3cc(C(F)(F)F)cc(C(F)(F)F)c3)cc2Sc2cc(C=O)ccc21,Cc1ccccc1,508.0
3867,Cc1cc(C)n2c1C=C1c3ccccc3C(c3[nH]c4ccccc4c3C)=[N+]1[B-]2(F)F,CO,624.0
11544,c1ccc2nc3cccc(-c4ccc(-n5c6ccccc6c6ccccc65)cc4)c3cc2c1,CCOCC,443.0
6823,CCCCCCCCCCCCCCCCOC(=O)c1ccc(N(c2ccccc2)c2ccccc2)cc1,CC#N,480.0
7548,O=C1c2ccccc2S(=O)(=O)c2ccc(-n3c4ccccc4c4ccccc43)cc21,CCCCCC,485.0
781,N#Cc1c(N2CCCCC2)cc(-c2ccc(O)cc2)c2c1-c1cccc3cccc-2c13,Cc1ccccc1,530.0
1749,CN(C)c1ccc(/C=C/c2nc3ccccc3s2)cc1,CO,507.0
6519,CN(C)c1ccc(-c2nc3c(c4c2-c2ccccc2CC4)-c2ccccc2CC3)cc1,CS(C)=O,470.0
5774,Fc1ccc(-c2cc3c4c(c2)CCc2cc(-c5ccc(F)cc5)cc(c2-4)CC3)cc1,C1CCOC1,378.1800391
9283,CCCCc1c2ccccc2c(-c2ccc(-c3nc4cc(CC(NC(=O)OC(C)(C)C)C(=O)OC)ccc4o3)cc2)c2ccccc12,CCCCCO,446.0004906
9369,C[N+]1=C(/C=C/C2=C3Oc4c(cc5c6c4CCCN6CCC5)C(c4ccccc4C(=O)O)=C3CCC2)C(C)(C)c2c1ccc1ccccc21,ClC(Cl)Cl,775.0
2324,CN(C)CCN(Cc1c2ccccc2c(CN(CCN(C)C)c2ccc([N+](=O)[O-])cc2[N+](=O)[O-])c2ccccc12)c1ccc([N+](=O)[O-])cc1[N+](=O)[O-],CCO,388.0
5055,c1ccc2c(c1)-c1ccccc1C21c2ccccc2-c2ccc(-c3ccncc3)cc21,C1CCCCC1,337.0
11105,CCC1(CC)c2cc(B(c3c(C)cc(C)cc3C)c3c(C)cc(C)cc3C)ccc2-c2ccc(N(c3ccccc3)c3ccc4c(c3)C(CC)(CC)c3cc(B(c5c(C)cc(C)cc5C)c5c(C)cc(C)cc5C)ccc3-4)cc21,CCCCCC,445.0
1727,N#C/C(=C\c1ccccc1)c1nc2ccccc2s1,C1CCCCC1,430.0
610,CN1/C(=C/C=C/C2=[N+](C)c3ccc4ccccc4c3C2(C)C)C(C)(C)c2c1ccc1ccccc21,ClCCl,612.0
4666,COc1cc(-c2nnc(-c3ccc4ccc5cccc6ccc3c4c56)o2)cc(OC)c1OC,ClC(Cl)Cl,428.0
5413,COCCC1=Cc2nc1ccc1[nH]c(cc1CCOC)c1nc(c(OC(C)=O)cc3[nH]c2cc3CCOC)C(CCOC)=C1,Cc1ccccc1,652.0
8103,COC(=O)c1ccc(/C=C/C(F)(F)F)c(N)c1,C1CCOC1,447.0
8174,CN(C)CCNc1ccc([N+](=O)[O-])cc1[N+](=O)[O-],ClC(Cl)Cl,389.0
8535,COC(=O)c1ccc(/C=C2\C=C(c3ccccc3)OC2=O)cc1,C1COCCO1,495.0
3750,CCCC1(CCC)c2cc(-c3cccc(Cc4ccc(/C=C/c5ccccc5)cc4)c3)ccc2-c2ccc(-c3cccc(Cc4ccc(/C=C/c5ccccc5)cc4)c3)cc21,C1CCCCC1,359.0
97,CC1(C)C(/C=C/C2=C(Oc3ccc(CCN=C=S)cc3Br)/C(=C/C=C3/N(CCCS(=O)(=O)[O-])c4ccccc4C3(C)C)CCC2)=[N+](CCCS(=O)(=O)[O-])c2ccccc21,CO,798.0
6985,c1csc(-c2cnc(-c3cccs3)c3nonc23)c1,c1ccccc1,601.0
3137,CCOC(=O)c1sc(SC)c2c(=O)n(C)nnc12,CN(C)C=O,487.0
1537,Oc1ccc(/N=C/c2ccccc2Oc2ccccc2)cc1,CC(C)CO,410.0
3648,CN(C)CCNc1ccc2c3c(cccc13)C(=O)N(c1ccc(O)cc1)C2=O,CN(C)C=O,523.0
1517,Oc1cccc(/N=C/c2ccccc2Oc2ccccc2)c1,CO,380.0
12010,COc1ccc(-c2cc3c(s2)-c2sc(-c4ccc(OC)cc4)cc2P(c2ccccc2)(c2ccccc2)=[O+][B-]3(c2c(C)cc(C)cc2C)c2c(C)cc(C)cc2C)cc1,C1CCOC1,513.0
4624,CN(C)c1ccc2c3c(c(=O)oc2c1)C=c1cc2c(cc1O3)=[N+](CCC(=O)O)CCC2,ClCCl,638.0
6566,CCOC(=O)c1cc(C(=O)NCc2ccccc2)c2ccc(N(C)C)cc2n1,CCO,586.0
2090,F[B-]1(F)n2ccnc2-c2cccc[n+]21,CO,362.0
7097,c1ccc(-c2nc(-c3ccc(-c4ccc(-c5ccc(-c6nc(-c7ccccc7)c(-c7ccccc7)o6)cc5)cc4)cc3)oc2-c2ccccc2)cc1,C1COCCO1,426.0
6171,CN(C)c1ccc(/C=C2/N=C(c3ccccc3)OC2=O)cc1,CCCCO,521.0
7521,COc1cc(OC)cc(C2=C3C(C)=C(I)C(/C=C/c4ccsc4)=[N+]3[B-](F)(F)n3c(/C=C/c4ccsc4)c(I)c(C)c32)c1,C1CCOC1,680.0
572,CN(C)c1ccc(C2=[N+]3C(=Nc4c(-c5ccccc5)cc(-c5ccc(N(C)C)cc5)n4[B-]3(F)F)C(c3ccccc3)=C2)cc1,ClC(Cl)Cl,823.0
11112,Cn1nc(-c2ccccc2)c2nc3cc(Cl)ccc3nc21,CC#N,540.0
3062,COc1ccc(/C=C/C2=CC(/C=C/c3ccc(OC)c(OC)c3)=[O+][B-](F)(F)O2)cc1OC,CS(C)=O,587.05
597,CN(C)c1cc2sc3cc(N(C)C)c(F)cc3c(=O)c2cc1F,CCO,477.0
6633,COC(=O)c1cc(=O)n(C)c2cc(-c3ccc4c(c3)OCCO4)sc12,ClCCl,473.0
11558,OC1(c2ccc(-c3cccs3)s2)CCC1,C1CCOC1,470.0
7875,CCCCN(CCCC)c1ccc(/C=C/c2ccc3nc(/C=C/c4nc5ccc(/C=C/c6ccc(N(CCCC)CCCC)cc6)cc5n(CCC)c4=O)c(=O)n(CCC)c3c2)cc1,ClCCl,736.0
7345,O=C(N/N=C/c1ccccc1O)c1ccccc1,CS(C)=O,552.0
6304,CN1/C(=C/C=C/C2=[N+](C)c3ccccc3C2(C)C)Sc2ccccc21,CS(C)=O,569.0
9845,COCCOCCOCCOCC(COCCOCCOCCOC)Oc1cc(/C=C/c2ccc(C=C(C#N)C#N)cc2)c(OC(COCCOCCOCCOC)COCCOCCOCCOC)cc1/C=C/c1ccc(C=C(C#N)C#N)cc1,ClCCl,596.0
11573,CCN(CC)c1ccc2c(C)cc(=O)oc2c1,CCCCCCCCO,443.0
5976,COc1ccc(-c2cc(-c3ccccc3)c3n2[B-](F)(F)[N+]2=C4C=NC=CN4[B-](F)(F)[N+]2=C3)cc1,ClCCl,565.0
8562,CN(C)c1ccc2c(c1)C(=O)NC2=O,CO,534.0
1938,O=C1Nc2ccccc2/C1=C/C(=O)c1ccccc1,C1COCCO1,396.0
8100,COc1ccccc1,C1CCCCC1,295.6830278
1753,COc1ccc(/C=C(\C)c2nc3ccccc3s2)cc1,C1CCCCC1,400.0
3670,CC(C)(C)c1ccc(-c2nc3c4ccc(-c5c6ccccc6cc6ccccc56)cc4c4cc(-c5c6ccccc6cc6ccccc56)ccc4c3n2-c2ccc(C(C)(C)C)cc2)cc1,CCOC(C)=O,429.0
9851,CCN(CC)c1ccc2c(c1)oc(=O)c1c(=O)oc3cc(Br)ccc3c12,ClCCl,540.0
2361,CC(C)(C)c1ccc(-c2nc3c4ccc(-c5ccccc5)cc4c4cc(-c5ccccc5)ccc4c3n2-c2ccc(C(C)(C)C)cc2)cc1,CCOC(C)=O,388.0
4260,O=C1OCC2=C1C(c1ccccc1)c1cc3c(cc1N2CCO)CCC3,CCCCCCCCO,407.0
5432,COc1ccc2c3c(cccc13)C(=O)N(C)C2=O,CC(C)CC(C)(C)C,402.0
6285,CN(C)c1ccc(C(=O)c2ccccc2)cc1,c1ccccc1,497.0
11770,O=C(O)C1CCCN1C(=O)c1ccc(C2CC(c3cccc4ccccc34)=NN2c2ccccc2)cc1,CCCCCCC,469.0
11605,COc1cc(OC)c2ccc(=O)oc2c1,CO,432.0
9615,Cc1ccc(S(=O)(=O)/N=C/C2=Cc3c(-c4ccccc4)oc(-c4ccccc4)c3C=C(/C=N/S(=O)(=O)c3ccc(C)cc3)C2)cc1,ClC(Cl)Cl,511.0
12251,CCOC(=O)CN(CC(=O)OCC)c1ccc(-c2cc(-c3ccncc3)nc(-c3ccncc3)c2)cc1,CN(C)C=O,490.0
11336,CCOc1ccc(/C=C/c2nc(N3CCOCC3)c3c([n+]2[O-])CCCC3)cc1,ClCCl,515.0
5591,Cc1ccc(C#Cc2ccc3ccc4cccc5ccc2c3c45)cc1,CCOC(C)=O,391.0
1171,COc1ccc(/C=N/c2cc(C(C)C)c(O)cc2C)cc1,ClC(Cl)Cl,413.0
7927,O=S(=O)([O-])CCCCN1C=C/C(=C/C=C/C=C/c2cc[n+](CCCCS(=O)(=O)[O-])c3ccccc23)c2ccccc21,CO,830.0
9869,O=S1(=O)C(c2ccsc2)=C(c2ccsc2)c2ccccc21,C1CCOC1,433.0
11465,CC1=CC(C)=[N+]2C1=C(c1c3ccccc3c(-c3ccccc3)c3ccccc13)c1c(C)cc(C)n1[B-]2(F)F,CCCCCC,514.0
10996,N#CC(C#N)=Cc1ccc2c(c1)[nH]c1c3ccccc3ccc21,ClCCl,533.0
11227,COc1cc2cc(-c3cc4cc(OC)c(OC)cc4oc3=O)oc2cc1OC,CS(C)=O,500.0
874,CCc1c(C)c2n(c1C)[B-](F)(F)[N+]1=C(c3ccc[nH]3)c3ccccc3C1=C2,CC#N,628.0
2297,C(=C/c1nc2ccccc2o1)\c1ccccc1,C1CCCCC1,380.0
11404,CCCCN1/C(=C/C=C/C2=[N+](C)c3ccccc3C2(C)C)C(C)(C)c2cc(OC)ccc21,CS(C)=O,585.0
2643,c1ccc2nc3c(nc2c1)c1c2n3CCCN2CCCC1,CS(C)=O,521.0
5347,CC1(C)c2cc(C#N)ccc2-c2ccc(N3c4ccccc4Oc4ccccc43)cc21,CC#N,620.0
9032,COC(=O)C[C@H](NC(=O)[C@H](Cc1c[nH]c2ccccc12)NC(=O)OC(C)(C)C)C(=O)OC,CCOC(C)=O,327.0
12181,O=C1/C(=C2\Sc3ccc(S(=O)(=O)Nc4ccccc4)cc3C2=O)Sc2ccc(S(=O)(=O)Nc3ccccc3)cc21,CS(C)=O,627.0
581,C#CCOc1ccc(C2=[N+]3C(=Nc4c(-c5ccccc5)cc(-c5ccc(O)cc5)n4[B-]3(F)F)C(c3ccccc3)=C2)cc1,CO,716.0
204,COc1ccc(/C=C/c2cc(/C=C/c3ccc(OC)cc3)nc(/C=C/c3ccc(OC)cc3)n2)cc1,CC(C)=O,440.0
7896,CCCCc1cc2cccc[n+]2[b-]2c(-c3cccc4[b-]3[n+]3ccccc3cc4CCCC)cccc21,C1CCCCC1,451.0
2014,Cc1ccccc1/C(C#N)=C/c1ccc(N(C)C)cc1,CCOC(C)=O,490.0
905,Cc1cc(C)n2c1C=C1c3ccccc3C(c3ccc[nH]3)=[N+]1[B-]2(F)F,CCCCCC,617.0
631,CCN(CC)c1ccc2c(-c3ccccc3C(=O)O)c3c([o+]c2c1)/C(=C/c1nc(C)n2ccccc12)CCC3,ClCCl,735.0
8461,COc1ccc2cc(/C=C/c3nc(/C=C/c4ccc(N(c5ccccc5)c5ccccc5)cc4)cc(/C=C/c4ccc(N(c5ccccc5)c5ccccc5)cc4)n3)ccc2c1,CS(C)=O,585.0
10217,C(=C/c1ccc(-n2c3ccccc3c3ccccc32)cc1)\c1ccc(-c2ccc(/C=C/c3ccc(-n4c5ccccc5c5ccccc54)cc3)cc2)cc1,Cc1ccccc1,420.0
1974,COc1ccc(/C2=C3/N=C(C(c4ccccc4)=C3c3ccccc3)/C(c3ccc(OC)cc3)=c3\[nH]/c(c(-c4ccccc4)c3-c3ccccc3)=C(/c3ccc(OC)cc3)C3=N/C(=C(/c4ccc(OC)cc4)c4[nH]c2c(-c2ccccc2)c4-c2ccccc2)C(c2ccccc2)=C3c2ccccc2)cc1,ClCCl,800.0
162,c1ccc(-c2nc3nc4ccccc4nc3n2-c2ccccc2)cc1,CC#N,409.0
4998,c1cc(-c2c3ccccc3c(-c3ccc4ccccc4c3)c3ccccc23)cc(-n2c3ccccc3c3ccccc32)c1,ClCCl,419.0
10107,N#Cc1cccc(C#N)c1-c1ccc(N2c3ccccc3C3(c4ccccc42)c2ccccc2N(c2ccc(-c4c(C#N)cccc4C#N)cc2)c2ccccc23)cc1,O=P(c1ccccc1)(c1ccccc1)c1ccccc1Oc1ccccc1P(=O)(c1ccccc1)c1ccccc1,449.0
9557,CCN(CC)c1ccc2cc(/C=C/C(=C(C#N)C#N)c3ccc4c(c3)c3ccccc3n4CC)c(=O)oc2c1,ClCCl,604.0
4713,COc1ccc(-c2cc3c(s2)c(-c2ccccc2)cc(=O)n3C)cc1,ClCCl,437.0
9067,CC(C)(C)c1ccc2c(c1)c1cc(C(C)(C)C)ccc1n2-c1cccc2c1Oc1c(-c3nc(-c4ccccc4)nc(-c4ccccc4)n3)cccc1C2(C)C,ClC(Cl)Cl,489.0
1431,CC1(C)c2ccccc2N(c2ccc3c(ccc4nc5ccc6cc(N7c8ccccc8C(C)(C)c8ccccc87)ccc6c5nc43)c2)c2ccccc21,C1CCCCC1,484.0
6868,CC(=O)OCCN1C(=O)c2cccc3c(Oc4ccccc4C)ccc(c23)C1=O,ClC(Cl)Cl,419.0
11196,COc1c2ccccc2c(OC)c2c1c1cccc(OC)c1n2C,C1CCCCC1,418.0
7710,CCOC(=O)c1cc(C(=O)OCC)c2cc(O)ccc2n1,CCO,466.0
7736,CCOC(=O)C1=C(C)NC2=C(C(=O)c3ccccc32)C1c1ccc(N(C)C)cc1,CC#N,542.0
4283,COc1ccc(N2C(=O)c3ccccc3NC2C(C)(C)C)cc1,CC#N,413.0
7531,Cc1cc(N2c3ccccc3C(C)(C)c3ccccc32)ccc1-c1cc(-c2ccc(N3c4ccccc4C(C)(C)c4ccccc43)cc2C)ncn1,Cc1ccccc1,477.0
9764,C[n+]1ccc(/C=C/c2ccc3cc(O)ccc3c2)cc1,CS(C)=O,565.0
3384,CN(C)c1ccc(-c2nc3cccnc3[nH]2)cc1,CC#N,408.0
11730,CN(CC(O)c1cccc(O)c1)c1ccc([N+](=O)[O-])c(C2CC(c3cccc4ccccc34)=NN2c2ccccc2)c1,C1CCOC1,467.0
9959,Fc1ccc(/C=C/c2nc3c4ccccc4c4ccccc4c3o2)cc1,CC#N,432.0
10215,Cc1nc2c(ccc3c2sc(/C=C/c2cc4c5c(c2)CCCN5CCC4)[n+]3C)s1,CO,622.0
7462,CCN(CC)c1ccc2c(-c3ccccc3C(=O)O)c3c([o+]c2c1)/C(=C/Nc1ccccc1)CCC3,ClCCl,644.0
3331,COc1ccc(C2=C3C(C)=CC(C)=[N+]3[B-](F)(F)n3c(/C=C/c4ccc(N(C)C)cc4)cc(C)c32)cc1,ClC(Cl)Cl,656.0
6404,CCCCN1C(=O)C(=CC=C2N(CCCC)c3ccccc3N2CCCC)C(=O)N(CCCC)C1=S,CN(C)C=O,482.0
8895,CCCCc1cc(C(=O)CCC)c2ccc3c(CCCC)cc(N4CCCCC4)c4ccc1c2c34,ClC(Cl)Cl,545.0
2096,F[B-]1(F)n2c(nc(Br)c2Br)-c2cccc[n+]21,CCCCCC,464.0
10291,O=c1oc2ccccc2cc1-c1nc2ccccc2o1,CC(C)=O,444.0
7999,CCOC(=O)/C=C/c1ccc(N(C)C)cc1,O,485.0
5017,Cc1ccccc1C1=C2C=c3c(oc4ccccc34)=[N+]2[B-](F)(F)n2c1cc1c3ccccc3oc12,CO,595.0
8738,CC1=C(C(C)(C)C)C(C)=[N+]2C1=C(C)c1c(C)c(C(C)(C)C)c(C)n1[B-]2(F)F,CCCCO,566.6
1449,O=S(=O)(c1ccccc1)c1ccc(-c2ccc3c(c2)c2cc(-c4ccc(S(=O)(=O)c5ccccc5)cc4)ccc2n3-c2ccccc2)cc1,ClCCl,395.0
6900,CN(C)c1ccc(/C=C/c2nc3ccc(N(C)C)cc3oc2=O)cc1,CCO,666.0
2610,O=C1c2ccccc2-c2c(-c3cc(Br)ccc3O)[nH]c(=O)n21,ClCCl,474.0
1900,Cc1ccc(C(=O)/C=C2\C(=O)Nc3ccccc32)cc1C,O,409.0
8186,COCCOCCOc1cc(C=O)c(OCCOCCOC)cc1C=O,CC(C)CO,481.0
3920,O=P1(c2ccccc2)c2cccc3c4c5ccccc5c5ccccc5c4c4ccc1n4c23,ClCCl,490.0
2757,CCOC(=O)COc1ccc(/C=C/C2=C3c4ccccc4C(c4ccc[nH]4)=[N+]3[B-](F)(F)n3ccc(C)c32)cc1,C1CCOC1,625.0
6397,CCN1C(=CC=Cc2n(CC)c3cc(Cl)c(Cl)cc3[n+]2CC)N(CC)c2cc(Cl)c(Cl)cc21,CCO,530.0
10624,CC(=O)c1c2c(cc3cc(N(C)C)ccc13)CCC2,C1CCOC1,505.0
2097,F[B-]1(F)n2c(nc(Br)c2Br)-c2cccc[n+]21,CO,487.0
8329,CCn1c2ccc(/C=C/c3ccc4c(c3)c3cc(-c5nc6ccccc6s5)ccc3n4CC)cc2c2cc(-c3nc4ccccc4s3)ccc21,ClCCl,442.0
11585,C#Cc1ccc2c(C)cc(=O)oc2c1,CCO,380.0
5624,CCCCC1(CCCC)c2cc(-c3ccc(C=C4C(=O)c5ccccc5C4=O)cc3)ccc2-c2ccc(-c3ccc(C=C4C(=O)c5ccccc5C4=O)cc3)cc21,CS(C)=O,596.0
9028,N#Cc1ccc2cc[nH]c2c1,CC#N,354.0
3471,OC1(c2ccc(-c3cccs3)s2)CCCC1,c1ccncc1,419.0
8266,N#Cc1ccc(C#N)c(N)c1,O,418.0
2171,CCCCC1(CCCC)c2cc(C#Cc3ccc4ccc5cccc6ccc3c4c56)ccc2-c2ccc(C#Cc3ccc4ccc5cccc6ccc3c4c56)cc21,CCOC(C)=O,433.0
11313,CN1CCN(c2ccc3c4c(cccc24)C(=O)c2ccccc2-3)CC1,CC(C)=O,615.0
11254,O=c1oc2ccccc2cc1-c1cc2ccccc2o1,CCOC(C)=O,433.0
8590,CCOC(=O)c1ccccc1-c1c2ccc(=[N+](CC)CC)cc-2oc2c1c(=O)oc1cc(N(CC)CC)ccc12,ClC(Cl)Cl,640.0
2010,C(=C/c1ccccc1)\c1ccccc1,CCOC(C)=O,349.0
12004,Cc1c2oc3c(C)c(N)cc(C(=O)NC4OC(=O)C(C(C)C)N(C)C(=O)CN(C)C(=O)C5CCCN5C(=O)C(C(C)C)NC4=O)c3nc-2c(C(=O)NC2OC(=O)C(C(C)C)N(C)C(=O)CN(C)C(=O)C3CCCN3C(=O)C(C(C)C)NC2=O)c(N)c1=O,C1CCOC1,608.3576169
1283,c1ccc2c(-n3c4ccccc4c4ccccc43)cccc2c1,CCO,397.0
11776,CC(=O)c1ccn2c3c(c(-c4ccc(C)cc4)c2c1)CN(CCCNC(=O)OC(C)(C)C)C3=O,CO,534.0
1019,Cc1ccc2nc(-c3cc(-c4nc5ccc(C)cc5[nH]4)cc(-c4nc5ccc(C)cc5[nH]4)c3)[nH]c2c1,CS(C)=O,386.5
9518,CC(C)[Si](C#Cc1c2nc3ccccc3nc2c(C#C[Si](C(C)C)(C(C)C)C(C)C)c2nc3c4ccccc4c(=O)c4ccccc4c3nc12)(C(C)C)C(C)C,ClCCl,627.0
8667,CCC1=C(C)C2=Cc3c(I)c(I)c(I)n3[B-](F)(F)[N+]2=C1C,OCC(F)(F)F,550.5
2810,F[B-]1(F)Oc2ccccc2-c2n(-c3ccc(C(F)(F)F)cc3)c(-c3ccccc3)c(-c3ccccc3)[n+]21,C1CCOC1,390.0
10577,CCCCCCc1ccc2c(/C=N/c3ccc(/N=C/c4c(O)ccc5cc(CCCCCC)ccc45)cc3)c(O)ccc2c1,Cc1ccccc1,546.0
1651,COc1cc(C2=CC3=C(c4c(C)cc(C)cc4C)c4cc(-c5cc(OC)c(OC)c(OC)c5)c(-c5cc(OC)c(OC)c(OC)c5)n4[B-](F)(F)[N+]3=C2c2cc(OC)c(OC)c(OC)c2)cc(OC)c1OC,Cc1ccccc1,677.0
11792,CN(C)c1ccc(-c2ccc(-c3cc(N4CCCCC4)c(C#N)c4c3-c3ccccc3CC4)s2)cc1,Cc1ccccc1,515.0
1169,COc1ccc(/C=N/c2cc(C(C)C)c(O)cc2C)cc1,CO,417.0
9398,Cc1cc(=O)oc2c1cc(Cl)c1occ(C)c12,CCO,418.0
6256,CN(C)c1ccc2cc3c(cc2c1)OCCN=C3,ClCCl,532.0
5469,c1ccc(N(c2ccccc2)c2ccc(-c3ncnc4ccccc34)cc2)cc1,C1CCOC1,508.0
10703,COc1cc2c(cc1/C=C/C(=C(C#N)C#N)c1ccccc1)c1ccccc1n2C,CN(C)C=O,573.0
867,CCc1c(C)[nH]c(C2=[N+]3C(=Cc4c(C)cc(C)n4[B-]3(F)F)c3ccccc32)c1C,C1CCOC1,635.0
5093,Oc1cc2c(cc1-c1nc3c4ccccc4c4ccccc4c3[nH]1)c1ccccc1n2-c1ccccc1,Cc1ccccc1,506.0
5433,COc1ccc2c3c(cccc13)C(=O)N(C)C2=O,CCCCCCCCCCCC,402.0
541,CN(C)c1ccc(/C=C/c2cc[n+](CCCCC[n+]3ccc(/C=C/c4ccc(N(C)C)cc4)cc3)cc2)cc1,ClC(Cl)Cl,574.0000918
9324,N#CC(C#N)=Cc1ccc(-c2ccc(-c3nc4ccccc4s3)c(O)c2)s1,O,609.0
12063,CN(C)c1ccc(/C=C2\CCCC2=O)cc1,c1ccccc1,435.0
6354,CCOC(=O)C1c2cc(OC)c(OC)cc2C(=O)N1c1ccc(OC)c(OC)c1,ClCCl,457.0
11444,COc1cc(C(=O)c2c(C)c3ccc4cccc5c6cccc7ccc2c(c76)c3c45)cc(OC)c1OC,ClCCl,456.0
3390,COc1ccc2c(c1)N(c1ccccc1-c1ccccc1)c1cc3c(cc1=N2)Oc1c(cc(C(C)(C)C)cc1C(C)(C)C)N=3,CO,636.0
9856,Nc1ccc2c(c1)oc(=O)c1c(=O)oc3ccccc3c12,ClCCl,498.0
12180,C(=C/c1c2ccccc2cc2ccccc12)\c1ccc2ccccc2c1,CC1CCCCC1,488.0
3959,COC(=O)C(NC(=O)OC(C)(C)C)c1ccc2oc(-c3ccc(N(C)C)cc3OC)nc2c1,CC#N,393.0
6643,O=P(c1ccccc1)(c1ccccc1)n1c2ccccc2c2ccccc21,ClCCl,355.0
6841,COc1cc(N(c2ccccc2)c2ccc(C=C(C#N)C#N)c(OC)c2)ccc1C=C(C#N)C#N,CO,558.0
10153,CC[n+]1c(-c2ccccc2)c2cc(NC(N)=[NH2+])ccc2c2ccc(N)cc21,O,605.0
3586,COc1ccc(C2=C3C(/C=C/c4cc(OC)c(OC)c(OC)c4)=C(C=O)C(C)=[N+]3[B-](F)(F)n3c(/C=C/c4cc(OC)c(OC)c(OC)c4)c(C=O)c(C=Cc4cc(OC)c(OC)c(OC)c4)c32)cc1,ClCCl,686.0
10923,COc1ccc2cc(-c3ccc(C(F)(F)F)cc3)oc(=O)c2c1,CCOC(C)=O,404.0
2563,CCn1c(-c2ccc(-c3ccc4c(c3)C(C)(C)c3ccccc3-4)cc2)c(-c2ccc3ccccc3c2)c(-c2ccc3ccccc3c2)c1-c1ccc(-c2ccc3c(c2)C(C)(C)c2ccccc2-3)cc1,CCOC(C)=O,442.0
5036,Cc1ccc(C2=C3C=c4c(oc5ccccc45)=[N+]3[B-](F)(F)n3c2cc2c4ccccc4oc23)cc1,ClCCl,598.0
1080,C(=C/c1ccncn1)\c1ccc(-c2ccc(N(c3ccccc3)c3ccccc3)cc2)cc1,ClCCl,563.0
5891,CC(C)[Si]1(C(C)C)c2cc(C#N)ccc2-c2ccc(N(C)C)cc21,c1ccccc1,422.0
4966,CCCCn1c2ccc(C#N)cc2c2cc(C#N)cc(-c3ccc(N(c4ccccc4)c4ccccc4)cc3)c21,Cc1ccccc1,415.0
2023,COc1cc(/C=C/c2ccccc2)cc(OC)c1,CCCCOCCCC,372.0
11735,CN(CC(O)c1cccc(O)c1)c1ccc([N+](=O)[O-])c(C2CC(c3cccc4ccccc34)=NN2c2ccccc2)c1,CCOCC,497.0
7909,COc1ccc(-n2c3ccccc3c3cc(/C=C/C(=C(C#N)C#N)c4ccccc4)ccc32)cc1,ClC(Cl)Cl,554.0
10693,CCOc1cc2c(cc1/C=C/C(=C(C#N)C#N)c1ccccc1)c1ccccc1n2CC,CCOC(C)=O,537.0
7321,CCN(CC)c1ccc2cc(-c3cc(SC)c(C#N)c(=O)o3)c(=O)oc2c1,CO,582.0
226,O=C(O)CC[N+]1=c2cc3c(cc2CCC1)=Cc1c(c2cc4c5c(c2oc1=O)CCCN5CCC4)O3,CC#N,683.0
1013,CCCCCCCCCCCCn1c(-c2cc(-c3nc4ccc(C)cc4n3CCCCCCCCCCCC)cc(-c3nc4ccc(C)cc4n3CCCCCCCCCCCC)c2)nc2ccc(C)cc21,C1CCOC1,375.8
1929,O=C1Nc2ccccc2/C1=C/C(=O)c1ccc(O)cc1,CC(C)O,407.0
10274,Cc1cc(C)c(B(c2ccc(-c3nc4c5ccccc5c5ccccc5c4[nH]3)cc2)c2c(C)cc(C)cc2C)c(C)c1,ClCCl,454.0
5251,Cc1ccc(C#Cc2ccc3nc4ccc(C#Cc5ccc(C)cc5)cn4c(=O)c3c2)cc1,ClCCl,480.0
9596,C[n+]1ccc(/C=C/c2ccc(N(c3ccccc3)c3ccc(/C=C/c4cc[n+](C)cn4)cc3)cc2)nc1,OCC(O)CO,685.0
2179,COC(=O)C[C@H](Cc1c[nH]c2ccccc12)NC(=O)[C@H](CC(=O)N[C@@H](CC1=CCc2ccccc21)C(=O)OC)NC(=O)OC(C)(C)C,CC#N,332.0
697,CN1/C(=C/C=C(/C=C/c2sc3ccccc3[n+]2C)c2cccc(C(F)(F)F)c2)Sc2ccccc21,CO,661.0
1124,Cc1ccc(/C=N/c2cc(C(C)C)c(O)cc2C)cc1,CS(C)=O,417.0
7378,c1ccc(-c2ccc(-c3ccccc3)cc2)cc1,C1CCOC1,340.0
10051,CN(C)c1ccc(/C=C/c2nc3cc(Br)ccc3nc2-c2ccccc2)cc1,C1COCCO1,555.0
5110,N#C/C(=C\c1cn(-c2ccccc2)nc1-c1ccccc1)c1nc2ccccc2s1,ClCCl,434.0
7902,COc1ccc(-n2c3ccccc3c3cc(/C=C/C(=C(C#N)C#N)c4ccccc4)ccc32)cc1,C1CCOC1,560.0
1778,Cc1cc(O)c(C(=O)/C=C/c2cccc(O)c2)c(=O)o1,ClCCl,491.0
10039,COC(=O)c1ccccc1-c1c2ccc(=[NH2+])cc-2oc2cc(N)ccc12,O,527.0
2634,Cc1cc(O)c(-c2[nH]c(=O)n3c2-c2ccccc2C3=O)cc1Cl,ClCCl,478.0
7544,CC(C)(C)c1ccc(-c2cc(-c3ccc(-c4cc(-c5ccc(C(C)(C)C)cc5)c(C(=O)N5CCOCC5)s4)s3)sc2C(=O)N2CCOCC2)cc1,ClCCl,464.0
7604,CCC1=C(CC)C(C)=[N+]2C1=Cc1c(C)c3cc4c(cc3n1[B-]2(F)F)=[N+]1C(=Cc2c(CC)c(CC)c(C)n2[B-]1(F)F)C=4C,ClC(Cl)Cl,703.0
3489,Cc1cc2c(ccc3c(C)[n+](C)c(C)cc32)c(C)[n+]1C,CC#N,424.0
1037,CC(C)(C)c1ccc2c(c1)sc1[n+]2[B-](F)(F)n2c(c3cccc4cccc2c43)=C1C#N,C1CCOC1,543.0
10018,CNc1cccc2c1C(=O)c1ccccc1C2=O,CC1CCCCC1,565.0
8505,CN(C)c1ccc(C#Cc2ccc3c(N(C)C)cc(-c4ccccc4)cc3c2)cc1,ClCCl,444.0
2649,CC1=CC(c2ccc3cc(N(C)C)ccc3c2)=[O+][B-](F)(F)O1,ClCCl,574.0
2979,COc1ccccc1CC(=O)OCc1c(C)c(=O)n2c(=O)c(C)c(C)n12,CCO,461.0
2547,CCCCC(CC)Cn1c2cc(-c3ccc(N(c4ccccc4)c4ccccc4)cc3)c(C#N)cc2c2cc(C#N)c(-c3ccc(N(c4ccccc4)c4ccccc4)cc3)cc21,ClCCl,460.0
5132,COC(=O)COc1ccc(/C=C/C2=[N+]3C(=C(c4ccccc4)c4c(C)cc(C)n4[B-]3(F)F)C(C)=C2)cc1,CO,574.0
2159,O=c1[nH]c2ccccc2[nH]1,C1CCOC1,315.000315
9114,Nc1ccc2c(c1)Cc1ccccc1-2,C1CCCCC1,347.0
6445,N#CSC1=CC2=C(c3ccccc3)c3ccc(SC#N)n3[B-](F)(F)[N+]2=C1N1CCOCC1,CO,583.0
3967,CCN(CC)c1ccc(-c2nc3cc(C(NC(=O)OC(C)(C)C)C(=O)OC)ccc3o2)c(O)c1,CO,391.0
1428,O=C1NC(=O)/C(=C\c2ccccc2O)S1,OCC(O)CO,451.0
10309,CN(C)c1ccc(/C=C/c2cc[n+](CCC[n+]3ccc(/C=C/c4ccc(N(C)C)cc4)cc3)cc2)cc1,CO,603.9996859
2520,CN(C)c1ccc(-c2nc(-c3ccc(N(C)C)cc3)c3ccccc3n2)cc1,CC#N,571.0
8033,CCCCC(CC)COC(=O)/C=C/c1ccccc1OC,CO,463.0
10579,N#Cc1c(N2CCCCC2)cc(-c2ccc3ccc4cccc5ccc2c3c45)c2c1-c1ccccc1C2,C1CCOC1,460.0
12104,COc1cc2c(cc1/C=C(\C#N)c1nc3ccccc3s1)c1ccccc1n2C,CS(C)=O,518.0
448,CN(C)c1ccc(C2=Nc3scc(-c4ccc([N+](=O)[O-])cc4)[n+]3[B-](F)(F)O2)cc1,C1CCOC1,454.0
10397,CCCCC1=Cc2c3ccc4cccc5ccc(c6cc(-c7ccc(N(c8ccccc8)c8ccccc8)cc7)n(c26)P1(=O)c1ccccc1)c3c45,CC#N,572.0
9476,C(#Cc1ccccc1)C(C#Cc1ccccc1)=Cc1ccc(C=C(C#Cc2ccccc2)C#Cc2ccccc2)s1,ClC(Cl)Cl,528.0
5995,COc1ccc2c(c1)CCc1c-2nc(N)c(C#N)c1-c1ccc(Br)cc1,CC#N,408.0
9844,CON(C)C(=O)c1ccc(/C=C/c2ccc(/C=C/c3ccc(C(=O)N(C)OC)cc3)cc2)cc1,c1ccccc1,434.0
3727,CC1(C)c2ccccc2N(c2ccc(-c3nnc(-c4ccccc4O)o3)cc2)c2ccccc21,CCN(CC)CC,447.0
7353,O=C(N/N=C/c1ccccc1O)c1ccccc1O,ClCCl,392.0
8553,Cc1ccc(C2=C3C=CC(C#Cc4ccccc4)=[N+]3[B-](F)(F)n3c(Cl)ccc32)cc1,Cc1ccccc1,577.0
6279,Cc1nnc(-c2cc(-c3nnc(C)o3)c(-n3c4ccccc4c4ccccc43)cc2-n2c3ccccc3c3ccccc32)o1,O=P(c1ccccc1)(c1ccccc1)c1ccccc1Oc1ccccc1P(=O)(c1ccccc1)c1ccccc1,448.0
10952,CCN(CC)c1ccc2cc(-c3ccc(C(F)(F)F)cc3)oc(=O)c2c1,CO,475.0
7295,CCN(CC)c1cccc2c1ccc1c(=O)oc(-c3ccc(C(F)(F)F)cc3)cc12,CCCCCCCCO,561.0
9496,COc1ccc(/C=C/C=C/C2=NC3C(=O)NC(N)=NC3N2[C@H]2C[C@H](O)[C@@H](CO)O2)cc1,C1COCCO1,429.0
6251,CN(C)c1ccc2cc3c(cc2c1)OCCN=C3,CC(C)O,447.0
5926,CN(C)CCNCc1c2ccccc2cc2ccccc12,CN(C)C=O,414.0
2460,Cc1nc2c(ccc3c2sc(/C=C/C=C/c2ccc(N(C)C)cc2)[n+]3C)s1,ClC(Cl)Cl,696.0
22,c1ccc2c(-c3ccc(-c4nnc(-c5ccc(-c6nnc(-c7ccc(-c8cccc9ccccc89)s7)o6)cc5)o4)s3)cccc2c1,CCCCO,451.0
2066,COC(=O)C(Cc1ccc2oc(-c3ccc(N(c4ccccc4)c4ccccc4)cc3)nc2c1)NC(=O)OC(C)(C)C,CC(O)CO,482.7489657
1653,COc1ccc(C2=[N+]3C(=C(c4ccc(C#N)cc4)c4cc(-c5ccc(C#N)cc5)c(-c5ccc(OC)cc5)n4[B-]3(F)F)C=C2c2ccc(C#N)cc2)cc1,C1CCOC1,676.0
8894,CCCCc1cc(C(=O)CCC)c2ccc3c(CCCC)cc(N4CCCCC4)c4ccc1c2c34,Cc1ccccc1,510.0
8706,CC1=[N+]2C(=Cc3cccn3[B-]2(F)F)C=C1,CCCCCC,515.0
1376,COc1cc(OC)cc(C2=C3C(C)=C(I)C(/C=C/c4c[nH]c5ccccc45)=[N+]3[B-](F)(F)n3c(/C=C/c4c[nH]c5ccccc45)c(I)c(C)c32)c1,CS(C)=O,771.0
1724,Cc1ccc(/C=C/c2nc3ccccc3s2)cc1,C1CCCCC1,390.0
3754,O=C1c2ccccc2-c2c(-c3ccc([N+](=O)[O-])cc3)c(-c3ccc([N+](=O)[O-])cc3)c(-c3ccccc3)c3cccc1c23,CO,509.0
8652,CC1=CC(C)=[N+]2C1=Cc1c(C)cc(C)n1[B-]2(F)F,CCCCCC,514.0
4183,COc1ccc(-c2nc(-c3ccccc3)[nH]c2-c2ccc(OC)cc2)cc1,CO,397.0
4082,O=c1c2cc(-n3c4ccccc4c4ccccc43)ccc2sc2ccc(-n3c4ccccc4c4ccccc43)cc12,CCCCCC,438.0
9678,N#C/C(=C\C=C\c1ccccc1)c1ccccc1,CC#N,421.0
8474,CN(C)c1ccc(/C=C/C=C2\CC/C(=C\c3ccc(N(C)C)cc3)C2=O)cc1,CCO,725.0
6579,CCCCC1(c2ccccc2)Nc2c(-c3ccc(N(C)c4ccccc4)cc3)ccc(-c3ccc(N(C)c4ccccc4)cc3)c2N=C1c1ccccc1,CCCCCC,553.0
4558,COc1c(Br)c2cc(=O)oc3ccc4cccc1c4c32,CC1CCCO1,487.0
3537,COc1ccc(C(=O)OCc2ccc3c4cccc5cccc(c6cccc2c63)c54)cc1,CCO,447.0
7003,O=S(=O)(c1cccc(N2c3ccccc3Oc3ccccc32)c1)c1cccc(N2c3ccccc3Oc3ccccc32)c1,c1cc(-n2c3ccccc3c3ccccc32)cc(-n2c3ccccc3c3ccccc32)c1,546.2603878
9560,COC(=O)C(Cc1ccc2oc(-c3ccc(-n4c5ccccc5c5ccccc54)cc3)nc2c1)NC(=O)OC(C)(C)C,C1CCOC1,429.000429
11612,Nc1ccc2c(C(F)(F)F)cc(=O)oc2c1,CC(C)O,481.0
10080,N#Cc1nc2c3ccc(-c4ccc(-n5c6ccccc6c6ccccc65)cc4)cc3c3cc(-c4ccc(-n5c6ccccc6c6ccccc65)cc4)ccc3c2nc1C#N,Cc1ccccc1,520.0
8789,O=P(c1ccccc1)(c1ccc(N2c3ccccc3Oc3ccccc32)cc1)c1ccc(N2c3ccccc3Oc3ccccc32)cc1,ClCCl,474.405436
646,CCn1ncc2c3c(C#N)c4c5ccccc5n(C)c4nc3ccc21,CCOC(C)=O,473.0
6381,Cc1nc(-c2ccc(N3c4ccccc4C(c4ccccc4)(c4ccccc4)c4ccccc43)cc2)cc(-c2ccc(N3c4ccccc4C(c4ccccc4)(c4ccccc4)c4ccccc43)cc2)n1,O=P(c1ccccc1)(c1ccccc1)c1ccc2oc3ccc(P(=O)(c4ccccc4)c4ccccc4)cc3c2c1,458.0
7527,C[C@H](Nc1c2ccc(=[N+]3CCCCC3)cc-2oc2cc(N3CCCCC3)ccc12)C(=O)OC(C)(C)C,ClCCl,544.0
11891,c1ccc2c(c1)Cc1ccccc1N2c1c2ccccc2c(N2c3ccccc3Cc3ccccc32)c2ccccc12,Cc1ccccc1,553.0
7165,Cc1ccc(C2=C3C=CC(=[N+](C)C)C=C3[Si](C)(C)c3cc(N(C)C)ccc32)c(C)c1,O,660.0
9785,CC(=O)OC[C@H]1O[C@@H](OCC#Cc2ccc(C3=C4C(C)=CC(/C=C/c5ccc([N+](C)(C)C)cc5)=[N+]4[B-](F)(F)n4c(/C=C/c5ccc([N+](C)(C)C)cc5)cc(C)c43)cc2)[C@H](OC(C)=O)C(OC(C)=O)[C@@H]1OC(C)=O,CC#N,629.0
7697,Oc1ccc2ncccc2c1,CCCC#N,358.0
11532,c1ccc(Nc2nc(Nc3ccccc3)nc(Nc3ccc4c5cccc6cccc(c7cccc3c74)c65)n2)cc1,CCOC(C)=O,488.0
4875,COC(=O)c1nc2c(N(C)C)nc(N)nc2n1Cc1ccccc1,CO,420.0
10531,COc1nc(Nc2ccc3c4c(cccc24)C(=O)c2ccccc2-3)nc(OC)n1,CC(C)O,576.0368664
5341,CCCCC(CC)Cn1c2cc(C#N)ccc2c2cc(-c3ccc(N(c4ccccc4)c4ccccc4)cc3)c(C#N)cc21,Cc1ccccc1,474.0
10458,O=C1/C(=C\c2ccc3oc4ccccc4c3c2)S(=O)(=O)c2ccccc21,CO,439.0
7031,N#Cc1coc2ccccc2c1=O,CCOC(C)=O,495.0
2160,O=c1[nH]c2ccccc2[nH]1,CC#N,313.008639
685,CN1/C(=C/C=C(/C=C/c2sc3ccccc3[n+]2C)c2cc(F)cc(F)c2)Sc2ccccc21,CO,668.0
2461,F[B-]1(F)OC(c2cc3c4c(c2)CCCN4CCC3)=Cc2cccc[n+]21,ClC(Cl)Cl,525.0
7128,CCOC(=O)COc1ccccc1C(c1c(C)[nH]c2ccccc12)c1c(C)[nH]c2ccccc12,C1CCCCC1,328.0
6267,c1ccc(N2c3ccccc3Sc3cc(-c4cccc5nc6ccccc6cc45)ccc32)cc1,CCCCOCCCC,533.0
4941,CCN(CC)c1ccc2cc(/C=C/C(=O)c3cc4ccc(N(CC)CC)cc4oc3=O)c(=O)oc2c1,CN(C)C=O,579.0
5946,Fc1c(F)c(-n2c3ccccc3c3ccccc32)c(F)c(F)c1-c1nnc(-c2ccccc2)o1,Cc1ccccc1,444.0
4583,CCn1c2ccccc2c2ccc(C#N)cc21,C1CCCCC1,373.0
5784,CC(C)(C)c1ccc(-c2cc3c4c(c2)CCc2cc(-c5ccc(C(C)(C)C)cc5)cc(c2-4)CC3)cc1,CC#N,383.1550802
7569,O=C(c1ccc(N(c2ccccc2)c2ccccc2)cc1)[C@H]1[C@H](c2ccc(F)cc2)C[C@](O)(c2ccccn2)C[C@]1(O)c1ccccn1,CN(C)C=O,524.0
10441,COC(=O)c1cc(=O)n(C)c2cc(-c3cc4c5c(c3)CCCN5CCC4)sc12,CS(C)=O,508.0
521,CN(C)c1ccc(/C=C/c2ccccn2)cc1,CCCCO,465.0
8714,CCC1=C(C)C2=C(C)c3cc(I)cn3[B-](F)(F)[N+]2=C1C,CCO,534.0
10943,CS(=O)(=O)c1ccc(-c2cc3ccc(N)cc3c(=O)o2)cc1,CC(C)=O,461.0
3983,COC(=O)C(Cc1ccc2oc(-c3ccc(N(C)C)cc3)nc2c1)NC(=O)OC(C)(C)C,CCC(C)CC,374.5037825
11726,CCC12C(=C3C(=C4c5ccc(-c6ccc(C)s6)cc5S(=O)(=O)C41CC)C(F)(F)C(F)(F)C3(F)F)c1ccc(-c3ccc(C)s3)cc1S2(=O)=O,CS(C)=O,663.0769231
780,N#Cc1c(N2CCCCC2)cc(-c2ccc(O)cc2)c2c1-c1cccc3cccc-2c13,CS(C)=O,580.0
10067,CC(C)(C)c1ccc(C2=C(c3ccc(N4c5ccccc5C(C)(C)c5ccccc54)cc3)S(=O)(=O)c3c2sc(-c2ccc(N4c5ccccc5C(C)(C)c5ccccc54)cc2)c3-c2ccc(C(C)(C)C)cc2)cc1,C1CCOC1,581.0
5607,CCCN1c2ccccc2Sc2cc(/C=C\c3cc(=O)oc4c(O)c(O)ccc34)ccc21,ClC(Cl)Cl,643.0
5978,c1ccc(N2N=C(c3c4ccccc4cc4ccccc34)CC2c2ccc3ccc4cccc5ccc2c3c45)cc1,ClCCl,509.0
8843,C(=C/c1cc(/C=C/c2ccc(-n3c4ccccc4c4ccccc43)cc2)cc(/C=C/c2ccc(-n3c4ccccc4c4ccccc43)cc2)c1)\c1ccc(-n2c3ccccc3c3ccccc32)cc1,CC#N,429.0
3747,CC(C)[Si](C#Cc1c2cc3ccccc3cc2c(C#C[Si](C(C)C)(C(C)C)C(C)C)c2nc3c(nc12)Cc1ccccc1-3)(C(C)C)C(C)C,CCCCCC,584.0
2196,CCN(CC)c1ccc2cc(/C(Cl)=C/C=C/C(=C(C#N)C#N)c3ccc4c(c3)c3ccccc3n4CC)c(=O)oc2c1,CC(C)=O,704.0
8561,CN(C)c1ccc2c(c1)C(=O)NC2=O,CCOCC,440.0
12120,CCCCCCC(CCCCCC)N1C(=O)c2cccc3c(-c4ccc(OC)cc4)ccc(c23)C1=O,CCCCCC,424.0
4285,COc1ccc(N2C(=O)c3ccccc3NC2C(C)(C)C)cc1,ClC(Cl)Cl,410.0
8569,Nc1ccc2c(c1)C(=O)NC2=O,CC(C)O,505.0
6979,c1csc(-c2cnc(-c3cccs3)c3nonc23)c1,ClC(Cl)(Cl)Cl,580.0
1827,c1ccc(-n2c(-c3ccc(-n4c5ccccc5c5ccccc54)cc3)nc3nccnc32)cc1,CC#N,490.0
9154,OCCSc1cccc2[n+]1[B-](F)(F)n1c(c3cccc4cccc1c43)=N2,CCCCCC,497.0
11863,NS(=O)(=O)c1ccc(N2N=C(c3ccc(O)cc3)CC2c2ccc(Br)cc2)cc1,CCO,428.0
2376,Nc1cc(N)cc(-c2nc3ccccc3s2)c1,C1COCCO1,458.0
8551,Cc1ccc(C2=C3C=CC(C#Cc4ccccc4)=[N+]3[B-](F)(F)n3c(Cl)ccc32)cc1,CCOC(C)=O,571.0
3839,O=C(c1ccc(N(c2ccccc2)c2ccccc2)cc1)[C@H]1[C@H](c2cccs2)C[C@](O)(c2ccccn2)C[C@]1(O)c1ccccn1,C1CCOC1,501.0
1246,COc1ccc2c(c1)CCc1c(-c3ccccc3)c3n(c1-2)[B-](F)(F)[N+]1=c2ccc4ccccc4c2=C(c2ccccc2)C1=N3,ClC(Cl)Cl,730.0
7504,CN(C)c1ccc(/C=C/c2cc[n+](CCCCCCCCCCCC[n+]3ccc(/C=C/c4ccc(N(C)C)cc4)cc3)cc2)cc1,CC#N,601.9998435
6511,CN(C)c1ccc(-c2nc3c(c4c2-c2ccc(C#N)cc2CC4)-c2ccc(C#N)cc2CC3)cc1,CS(C)=O,516.0
11213,COc1ccc(C#Cc2cc(C#Cc3ccc(OC)cc3)c(C#Cc3ccc(OC)cc3)c(C#Cc3ccc(OC)cc3)c2C#Cc2ccc(OC)cc2)cc1,ClCCl,437.0
5439,COc1ccc2c3c(cccc13)C(=O)N(C)C2=O,O,462.0
11327,COc1ccc(C2C3=C(CCCC3=O)Nc3c2c(=O)oc2ccccc32)cc1,CS(C)=O,441.0
8964,O=C([O-])c1ccc(C2=c3cc4c5c(c3Oc3c2cc2c6c3CCCN6CCC2)CCC[N+]=5CCC4)c(C(=O)[O-])c1,CCO,601.0
11918,Nc1n[n+]([O-])c2ccccc2[n+]1[O-],O,545.0
5510,c1ccc(-n2c3ccccc3c3cc(-c4cccc(-n5c6ccccc6c6c7sc8ccccc8c7ccc65)c4)ccc32)cc1,ClCCl,361.0
5330,FC(F)(F)c1ccccc1B1c2ccccc2N(c2ccccc2)c2ccccc21,ClCCl,404.0
4531,O=C(/C=C/c1cn(-c2ccccc2)nc1-c1ccccc1)c1c(O)c2ccccc2oc1=O,CO,504.0
365,CN(C)c1ccc(-c2ccc(-c3ccc(N(C)C)cc3)c3nc(-c4ccccc4)c(-c4ccccc4)nc23)cc1,C1CCOC1,601.0
12240,C(=C/c1nc2c(c(N3CCOCC3)n1)CCCC2)\c1ccccc1,ClCCl,333.0
147,O=C1OC(c2ccccc2)=N/C1=C\c1ccc(N(c2ccc(/C=C3\N=C(c4ccccc4)OC3=O)cc2)c2ccc(/C=C3/N=C(c4ccccc4)OC3=O)cc2)cc1,C1CCOC1,582.0
1668,CC(C)(C)c1ccc(C2=CC3=C(c4ccccc4)c4cc(-c5ccc(C(C)(C)C)cc5)c(-c5ccc(C(C)(C)C)cc5)n4[B-](F)(F)[N+]3=C2c2ccc(C(C)(C)C)cc2)cc1,C1CCOC1,649.0
10840,N#Cc1cc(-n2c3ccccc3c3cccnc32)c(-n2c3ccccc3c3cccnc32)cc1C#N,CC#N,504.4186047
7650,O=C1/C(=C/C=C/c2cc3c4c(c2)CCCN4CCC3)CC/C1=C\C=C\c1cc2c3c(c1)CCCN3CCC2,CCCCCC,524.0
8599,CCC1=C(C)C2=C(C)c3c(C)c(CC)c(C)n3[B-](F)(F)[N+]2=C1C,CCC(C)C,534.4
7788,COc1ccc2c(c1)-c1cc(OC)ccc1C2=O,CCO,552.0
3456,CCN(CC)c1ccc(-c2ccc(-c3nc(N4CCOCC4)c4ccccc4n3)s2)cc1,Cc1ccccc1,476.0
3271,CCCC1(CCC)c2cc(-c3ccc(OC)cc3)ccc2-c2ccc(-c3ccc4c(c3)C(CCC)(CCC)c3cc(-c5ccc(OC)cc5)ccc3-4)cc21,C1CCCCC1,395.0
4940,CCN(CC)c1ccc2cc(/C=C/C(=O)c3cc4ccc(N(CC)CC)cc4oc3=O)c(=O)oc2c1,CCOC(C)=O,546.0
9223,CN(C)c1ccc(/C=C/C=C/c2nc3ccccc3s2)cc1,CCCCO,531.0
6230,CCOC(=O)/C(C#N)=C\c1ccc2c(c1)c1ccccc1n2-c1ccc(C)cc1,CCOC(C)=O,460.0
10912,Nc1ccc2cc(-c3ccc(C(F)(F)F)cc3)oc(=O)c2c1,CCO,460.0
9937,CC1=N/C(=C\c2ccc(N(C)C)cc2)C(=O)N1C,CO,492.0
9047,N#Cc1cccc2[nH]ccc12,CC(C)O,385.0
3926,CC1(C)Nc2cc3nc4cc(F)c(F)cc4nc3cc2N1,CCO,496.0
10472,Cc1c2ccncc2c(C)c2c1[nH]c1ccccc12,CC#N,420.0
8080,O=Cc1cc(O)c(C=O)cc1O,C1COCCO1,468.0
78,CN(C)c1ccc2ccc3oc(=O)c(-c4ccccc4)nc3c2c1,c1ccccc1,608.0
7088,O=C1c2ccccc2-c2ccc(N3CCN(c4ccccc4)CC3)c3cccc1c23,Cc1ccccc1,562.0
2247,COc1ccc(-n2nc(C(=O)N3CCCC3)c(N3CCCC3)n2)cc1,CC#N,412.0
10108,C[Si](C)(C)[Si](c1ccc(-c2ccc(-c3ccc([Si]([Si](C)(C)C)([Si](C)(C)C)[Si](C)(C)C)s3)s2)s1)([Si](C)(C)C)[Si](C)(C)C,ClCCl,471.0
12196,Cc1cc(-n2c3ccccc3c3ccccc32)ccc1-c1ccc(S(=O)(=O)c2ccccc2)cc1C,C1CCOC1,401.7684887
10148,CC[n+]1c(-c2ccccc2)c2cc(N)ccc2c2ccc(NC(N)=O)cc21,O,587.0
7451,CN(C)c1ccc(/C=C/C(=O)c2ccccc2)cc1,CN(C)C=O,531.0
8980,CC(C)[Si](C#Cc1c2cc3ccccc3cc2c(C#Cc2ccc(F)cc2)c2cc3ccccc3cc12)(C(C)C)C(C)C,ClCCl,660.0
2279,Brc1cnc(-c2ccc(N(c3ccccc3)c3ccccc3)cc2)s1,CO,493.0
8123,CN(C)c1cc(C#N)c(N(C)C)c(C#N)c1,CCCCCOCCCCC,505.8168943
3897,N#Cc1cc(C#N)c(-n2c3ccccc3c3ccccc32)cc1-n1c2ccccc2c2ccccc21,O=P(c1ccccc1)(c1ccccc1)c1ccccc1Oc1ccccc1P(=O)(c1ccccc1)c1ccccc1,477.0
10134,Cc1ccc(/C=C/c2ccccc2-[n+]2cc([O-])on2)cc1,C1CCCCC1,400.0
7177,O=P1(c2ccccc2)c2ccccc2-c2sc3ccccc3c21,C1CCCCC1,417.0
9312,N#CC(C#N)=C(c1ccc(N(c2ccccc2)c2ccccc2)cc1)c1ccc(N(c2ccccc2)c2ccccc2)cc1,CC(C)=O,505.5793991
11592,N#C[Se]CCCCCOc1ccc2ccc(=O)oc2c1,CCO,386.0
3631,O=C1c2ccccc2C(=O)N1c1ccc(Cn2cncn2)cc1,C1COCCO1,313.0
10652,C(=C/c1ccc(-c2nc3c4cccnc4c4ncccc4c3[nH]2)cc1)\c1ccncc1,CO,469.0
6272,CCC1=C(C)C2=C(/C=C/c3ccc(OC)cc3)c3c(C)c(CC)c(C)n3[B-](F)(F)[N+]2=C1C,ClCCl,542.0
8616,CCC1=C(C)C2=C(C)c3c(C)c(CC)c(C)n3[B-](F)(F)[N+]2=C1C,OCCO,536.4
392,F[B-]1(F)Oc2ccc(Br)cc2-c2c3c(c4c([n+]21)CCc1ccccc1-4)CCc1ccccc1-3,ClCCl,450.0
3191,CN(C)c1ccc2c3c(ccc2c1)CCCC3=O,C1CCCCC1,449.0
16,c1ccc2c(-c3ccc(-c4nnc(-c5ccc(-c6nnc(-c7ccc(-c8cccc9ccccc89)s7)o6)cc5)o4)s3)cccc2c1,C1COCCO1,434.0
4200,CCN(CC)c1ccc(/N=N/c2nc3ccc(Br)cc3s2)cc1,ClCCl,578.0
2672,C(=C/c1ccccn1)\c1ccc(N(c2ccc(/C=C/c3ccccn3)cc2)c2ccc(-c3nc4ccccc4nc3-c3ccc(N(c4ccc(/C=C/c5ccccn5)cc4)c4ccc(/C=C/c5ccccn5)cc4)cc3)cc2)cc1,C1CCOC1,548.0
6164,CN(C)c1ccc(/C=C2/N=C(c3ccccc3)OC2=O)cc1,C1CCCCC1,476.0
3493,C(S/C=C/c1ccc(-c2ccc(/C=C/SC=C(c3ccccc3)c3ccccc3)cc2)cc1)=C(c1ccccc1)c1ccccc1,ClCCl,441.0
9651,O=[N+]([O-])c1ccc(/C=C/C=C/c2ccccc2)cc1,C1COCCO1,495.0
7394,CN(C)CCN(Cc1c2ccccc2cc2ccccc12)c1ccc([N+](=O)[O-])cc1[N+](=O)[O-],CC(C)=O,393.0
4839,c1ccc2cc3cc(-c4cc(-c5nccs5)nc(-c5nccs5)c4)ccc3cc2c1,CO,377.0
593,COc1c(-c2ccc(N(C)C)cc2)oc2ccccc2c1=O,CC#N,490.4761905
11417,Cc1nn(-c2ccccc2)c(C2=NN(c3ccc(Br)cc3)[C@@H](c3ccccc3)[C@@H]2c2ccccc2)c1C#N,O,485.0
8737,CC1=C(C(C)(C)C)C(C)=[N+]2C1=C(C)c1c(C)c(C(C)(C)C)c(C)n1[B-]2(F)F,CCCCCCO,565.4
5827,COc1cc2c(cc1OC)C1=C[C@H](c3ccccc3)C3(C(C#N)=C(C#N)N1CC2)c1cc(Br)ccc1-c1ccc(Br)cc13,ClCCl,403.0
7961,Nc1ccccc1C(=O)O,CC#N,397.0
5887,CC(C)[Si]1(C(C)C)c2cc(C#N)ccc2-c2ccc(N(C)C)cc21,CCO,456.0
2355,N#Cc1c(-n2c3ccccc3c3cc(I)ccc32)c(C#N)c(-n2c3ccccc3c3cc(I)ccc32)c(-n2c3ccccc3c3cc(I)ccc32)c1-n1c2ccccc2c2cc(I)ccc21,Cc1ccccc1,518.0
6036,CN(C)c1ccc(C#Cc2ccc(C#N)cc2)cc1,Cc1ccccc1,427.0037149
4798,CC(C)(C)c1ccc2c(c1)c1cc(C(C)(C)C)ccc1n2-c1ccc(-c2nc(-c3ccc(P(=O)(c4ccccc4)c4ccccc4)cc3)nc(-c3ccc(P(=O)(c4ccccc4)c4ccccc4)cc3)n2)cc1,O=P(c1ccccc1)(c1ccccc1)c1ccccc1Oc1ccccc1P(=O)(c1ccccc1)c1ccccc1,494.0
10598,Oc1cc(N(c2ccccc2)c2ccccc2)ccc1-c1nc2c3ccc(-c4ccccc4)cc3c3cc(-c4ccccc4)ccc3c2[nH]1,CC#N,427.0
4592,COc1cc2c(cc1C=C(C#N)C#N)c1ccccc1n2C,CS(C)=O,531.0
8656,CCC1=C(C)C2=C(C)c3cccn3[B-](F)(F)[N+]2=C1C,CO,512.5
163,CCCCn1cc(/C=C/c2cc(=O)oc3cc(C)ccc23)c2ccccc21,CS(C)=O,532.0
11353,O=Cc1ccc(N(c2ccc(C=O)cc2)c2ccc(-c3ccc4c(c3)C(=O)c3ccccc3C4=O)cc2)cc1,ClC(Cl)(Cl)Cl,541.0
11566,CCN(CC)c1ccc2c(C(F)(F)F)cc(=O)oc2c1,C1CCCCC1,433.0
11988,Cc1c2oc3c(C)c(N)cc(C(=O)NC4OC(=O)C(C(C)C)N(C)C(=O)CN(C)C(=O)C5CCCN5C(=O)C(C(C)C)NC4=O)c3nc-2c(C(=O)NC2OC(=O)C(C(C)C)N(C)C(=O)CN(C)C(=O)C3CCCN3C(=O)C(C(C)C)NC2=O)c(N)c1=O,CCCCO,669.5053694
7380,COc1ccc(-c2ccc(-c3ccc(C#N)cc3)cc2)cc1,C1CCCCC1,377.0
12208,COc1ccc(/C=C/C2=N/C(=C\c3ccncc3)C(=O)N2C)cc1,CCO,570.0
6356,CCOC(=O)C1c2ccccc2C(=O)N1c1ccc(OC)cc1,CO,481.0
9092,CCC1(CC)c2cc(C=C(C#N)C#N)ccc2-c2ccc(N(C)C)cc21,CCOCC,579.0
5542,CCCCCCC(CCCCCC)N1C(=O)c2cccc3c(-c4ccc(OC)c5ccccc45)ccc(c23)C1=O,CCCCCC,427.1
6007,O=C(/C=C/c1ccc(O)c(O)c1)O[C@H](Cc1ccc(O)c(O)c1)C(=O)O,CN(C)C=O,420.0
7993,CCOC(=O)/C=C/c1ccc(N(C)C)cc1,CCCCO,443.0
7638,COc1cccc(OC)c1-c1c2ccc(=[N+]3CCNCC3)cc-2oc2cc(N3CCNCC3)ccc12,CCO,582.0
6793,COc1cccc(-n2c(-c3ccc(F)cc3)nc(C)c2C)c1,CCO,371.0
7758,CC(C)(C)c1ccc2c(c1)c1cc(C(C)(C)C)ccc1n2-c1cccc(-c2nc(-c3cccc(P(=O)(c4ccccc4)c4ccccc4)c3)nc(-c3cccc(P(=O)(c4ccccc4)c4ccccc4)c3)n2)c1,CN(C)C=O,567.8066038
4837,c1ccc2cc3cc(-c4cc(-c5nccs5)nc(-c5nccs5)c4)ccc3cc2c1,CC#N,474.0
2293,N#Cc1nc2c3ccc(N(c4ccccc4)c4ccccc4)cc3c3cc(N(c4ccccc4)c4ccccc4)ccc3c2nc1C#N,ClC(Cl)Cl,639.4457547
6548,CC1(C)C(/C=C/C=C/C=C/C=C2/N(CS(=O)(=O)[O-])c3ccc(S(=O)(=O)[O-])cc3C2(C)C)=[N+](CS(=O)(=O)[O-])c2ccc(S(=O)(=O)[O-])cc21,CO,776.0
7898,CC1=c2ccccc2=[N+]2C1=Cc1c3ccccc3c(-c3[nH]c4ccccc4c3C)n1[B-]2(F)F,ClCCl,648.0
4481,N#Cc1nn(-c2ccc(Cl)cc2)nc1N1CCCC1,CC#N,429.0
3716,Cc1nc2c(c[n+]1C)CN1C(=O)N([C@H]3O[C@@H](CO)[C@H](O)[C@@H]3O)C=CC1=N2,CC#N,416.0
6140,Fc1c(-c2nnc(-c3ccccc3)o2)c(-n2c3ccccc3c3ccccc32)c(F)c(-n2c3ccccc3c3ccccc32)c1-n1c2ccccc2c2ccccc21,Cc1ccccc1,459.0
1549,Oc1ccc(/N=C/c2ccccc2Oc2ccccc2)cc1,CN(C)C=O,423.0
2044,COc1ccc(/C=C/c2ccccc2)cc1OC,CCOC(C)=O,382.0
767,CN(c1ccccc1)c1ccc(/C=C2\C(=O)c3ccccc3S2(=O)=O)cc1,CN(C)C=O,524.0
5693,c1ccc(-c2nc(-c3ccccc3)nc(-c3ccc(-n4c5ccccc5c5cc(-n6c7ccccc7c7ccccc76)ccc54)c4c5ccccc5n(-c5ccccc5)c34)n2)cc1,C1CCOC1,496.5909091
7870,C(/C=C/c1cc2c3c(c1)CCCN3CCC2)=C\c1ccncc1,C1COCCO1,518.0
9700,Cc1cc(C#Cc2ccccc2)c2ccc3c(C#Cc4ccccc4)cc(C#Cc4ccccc4)c4ccc1c2c43,ClC(Cl)(Cl)Cl,460.0
7857,CC1(C)CC(=O)C2=C(C1)Oc1ccc3ccc(O)cc3c1C2c1ccccn1,C1CCOC1,354.0
3302,COc1cc(OC)cc(C2=C3C(C)=C(I)C(C)=[N+]3[B-](F)(F)n3c(/C=C/c4c[nH]c5ccccc45)c(I)c(C)c32)c1,ClCCl,661.0
4517,CC(C)(C)c1ccc(-c2nc3c4ccc(-c5cccc6ccccc56)cc4c4cc(-c5cccc6ccccc56)ccc4c3n2-c2ccc(C(C)(C)C)cc2)cc1,ClCCl,388.0
11117,Cc1ccc2nc3c(nc2c1)c(-c1ccccc1)nn3C,C1CCOC1,500.0
9901,C#CCN1C(=O)/C(=C/c2cc(OC(C)C)ccc2OC(C)C)N=C1C,CC(C)=O,487.0
3292,Cc1ccc(Nc2ccc(Nc3ccc(C)cc3)c3c2C(=O)c2ccccc2C3=O)cc1,C1COCCO1,684.0
9011,N#Cc1cc2ccccc2[nH]1,CCO,334.0
1403,Cc1csc2[n+]1[B-](F)(F)OC(c1ccc(N(C)C)cc1)=N2,CC#N,466.0
1382,c1ccc2c(-c3ccc(-n4c5ccccc5c5ccccc54)cc3)c3c(nc2c1)-c1cc2c(cc1CC3)-c1nc3ccccc3c(-c3ccc(-n4c5ccccc5c5ccccc54)cc3)c1CC2,ClC(Cl)Cl,385.0
6928,c1ccc2c(-n3cnc4ccccc43)cccc2c1,ClC(Cl)Cl,362.0
5671,CCN(CC)c1ccc2c(C#N)c(/C=C(\C#N)c3nc4ccccc4s3)c(=O)oc2c1,CO,701.0
1638,COC(=O)c1cc(=O)n(C)c2cc(-c3ccc(N(C)C)cc3)sc12,ClCCl,554.0
12011,Cc1cc(C)c(-c2cc3c(s2)-c2sc(-c4c(C)cc(C)cc4C)cc2P(c2ccccc2)(c2ccccc2)=[O+][B-]3(c2c(C)cc(C)cc2C)c2c(C)cc(C)cc2C)c(C)c1,C1CCOC1,472.0
6907,CN(C)c1ccc(/C=C/c2nc3ccc(N(C)C)cc3oc2=O)cc1,OCC(O)CO,659.0
8591,CCOC(=O)c1ccccc1-c1c2ccc(=[N+](CC)CC)cc-2oc2c1c(=O)oc1cc(N(CC)CC)ccc12,O,652.0
6406,CCCCN1C(=O)C(=CC=C2N(CCCC)c3ccccc3N2CCCC)C(=O)N(CCCC)C1=S,ClC(Cl)Cl,489.0
9074,N#Cc1ccc(/C=C/c2ccc3ncnc(Nc4ccccc4)c3c2)cc1,ClC(Cl)Cl,436.0
1179,Cc1cc(O)c(C(C)C)cc1/N=C/c1ccc(O)cc1,ClC(Cl)Cl,401.0
5448,c1ccc2cc(-n3c4ccccc4c4ccccc43)ccc2c1,C1CCCCC1,362.0
5078,CCCCC1(c2ccccc2)Nc2c(-c3ccc(N(c4ccccc4)c4ccccc4)cc3)ccc(-c3ccc(N(c4ccccc4)c4ccccc4)cc3)c2N=C1c1ccccc1,ClC(Cl)Cl,547.0
8648,C#CCNC1=C2C=CC=[N+]2[B-](F)(F)n2cccc21,Cc1ccccc1,485.0
5175,CN(C)c1ccc(/C=C/c2cnc3ccccc3n2)cc1,CS(C)=O,622.0
689,CN1/C(=C/C=C(/C=C/c2sc3ccccc3[n+]2C)c2ccc(C(F)(F)F)cc2)Sc2ccccc21,CO,676.0
10851,CCOC(=O)C1=C(N)n2c(=O)c3ccccc3c(=O)n2C1c1ccccc1,CS(C)=O,519.0
6525,N#Cc1ccc2c(c1)CCc1nc(-c3ccc([N+](=O)[O-])cc3)c3c(c1-2)CCc1cc(C#N)ccc1-3,CCOC(C)=O,452.0
12041,CC[N+](CC)=c1ccc2c(-c3ccccc3C(=O)O)c3oc4cc(N)ccc4c3oc-2c1,O,634.0
6488,CCN(CC)c1ccc(-c2nc3c(c4c2-c2ccc(C#N)cc2CC4)-c2ccc(C#N)cc2CC3)cc1,CS(C)=O,541.0
7154,Fc1cc(F)c2cc3cccc[n+]3cc2c1,O,420.0
10311,CN(C)c1ccc(/C=C/c2cc[n+](CCC[n+]3ccc(/C=C/c4ccc(N(C)C)cc4)cc3)cc2)cc1,ClC(Cl)Cl,566.0014263
6610,Clc1ccc(/C=C/c2ccc(-c3nc4c5cccnc5c5ncccc5c4[nH]3)cc2)cc1,ClCCl,467.0
10498,CCn1c2ccccc2c2cc(C#Cc3cc(C#Cc4ccc5c(c4)c4ccccc4n5CC)nc(S(C)(=O)=O)n3)ccc21,CCOC(C)=O,491.0
4349,FC(F)(F)c1ccc2oc3nc4oc5ccc(N6c7ccccc7Oc7ccccc76)cc5c4cc3c2c1,ClC(Cl)Cl,489.0
1884,Cc1ccc(C(=O)/C=C2\C(=O)Nc3ccccc32)cc1,CCOC(C)=O,398.0
10591,CCN(CC)c1ccc2cc(-c3cn4cc(OC)ccc4n3)c(=O)oc2c1,ClC(Cl)Cl,478.0
2494,COc1ccc2c3c(c4ccc(OC)cc4c2c1)=[N+]1C(=C(c2c(C)cc(C)cc2C)c2cc4c5ccc(OC)cc5c5cc(OC)ccc5c4n2[B-]1(F)F)C=3,ClCCl,711.0
5947,CC(C)c1cc(C(C)C)c(-c2nnc(-c3ccc(-n4c5ccccc5c5ccccc54)cc3)o2)c(C(C)C)c1,CCO,435.0
3036,COc1ccc(/C=C/C2=CC(/C=C/c3ccc(OC)cc3)=[O+][B-](OC(C)=O)(OC(C)=O)O2)cc1,ClCCl,535.0
5777,Fc1ccc(-c2cc3c4c(c2)CCc2cc(-c5ccc(F)cc5)cc(c2-4)CC3)cc1,CCO,375.2446184
845,OCC1O[C@@H](Cc2cc(O)cc(/C=C/c3ccc(O)c(O)c3)c2)[C@H](O)[C@@H](O)[C@@H]1O,C1COCCO1,370.0
8734,CC1=C(C(C)(C)C)C(C)=[N+]2C1=C(C)c1c(C)c(C(C)(C)C)c(C)n1[B-]2(F)F,CCCC(C)=O,562.6
7967,Nc1ccccc1C(=O)O,OCC(F)(F)F,423.0
10392,C(#Cc1ncnc2ccccc12)c1ccc(N(c2ccccc2)c2ccccc2)cc1,CS(C)=O,616.0
7340,O=C(N/N=C/c1ccccc1O)c1ccccc1,C1CCOC1,306.0
11031,Cc1cc(=O)oc2ccc3ccc(O)cc3c12,CC#N,429.0
10143,CC[N+]1=C(/C=C/c2ccc3ccc4cccc5ccc2c3c45)C(C)(C)c2ccccc21,OCC(O)CO,630.0
7137,CC/[NH+]=c1\cc2oc3cc(NCCC(=O)NC(CCC(=O)OC)C(=O)OC)c4ccccc4c3nc-2cc1C,O,652.0
2964,CCC1=C(C)C2=C(c3ccc(-c4c5ccccc5c(-c5ccccc5)c5ccccc45)cc3)c3c(C)c(CC)c(C)n3[B-](F)(F)[N+]2=C1C,CC#N,534.0
2529,CC1(C)c2ccccc2N2c3ccccc3C3(c4cc(C#N)ccc4-c4ccc(C#N)cc43)c3cccc1c32,Cc1ccccc1,485.3741497
5772,COc1ccc(-c2ccc(C(=O)NC(C)(C)C)c3c2ccc2c4ccccc4c4ccccc4c23)cc1,ClCCl,420.0
1048,F[B-]1(F)n2c(c3cccc4cccc2c43)=Nc2ccc3ccccc3[n+]21,CCCCCC,502.0
7045,Cc1cc(=O)c2ccc(N)cc2o1,CO,421.0
1960,F[B-]1(F)Oc2ccccc2-c2cc(-n3c4ccc(-c5ccccc5)cc4c4cc(-c5ccccc5)ccc43)cc[n+]21,O=P(c1ccccc1)(c1ccccc1)c1ccccc1Oc1ccccc1P(=O)(c1ccccc1)c1ccccc1,496.0
2530,N#Cc1ccc(C2=CC3=c4cc(-c5ccc(C#N)cc5)c5nc(C(F)(F)C(F)(F)C(F)(F)F)nc6c(-c7ccc(C#N)cc7)cc(c4c65)C4=CC(c5ccc(C#N)cc5)=C5N=C(C(F)(F)C(F)(F)C(F)(F)F)N=C2C5C43)cc1,C1CCOC1,518.0
8429,Cc1ccc(N(CC(=O)[O-])CC(=O)[O-])c(OCCOc2cc3cc(-c4ncc(C(=O)[O-])o4)oc3cc2N(CC(=O)[O-])CC(=O)[O-])c1,O,500.0
4917,CC1=CC(C)=[N+]2C1=Cc1c3ccccc3c(C#Cc3cccs3)n1[B-]2(F)F,CN(C)C=O,639.0
9325,O=Cc1ccc(-c2ccc(-c3nc4ccccc4s3)c(O)c2)s1,O,557.0
5901,CN(C)c1c2ccccc2cc2ccccc12,O,390.0
8286,N#Cc1ccc(N)cc1C#N,O,401.0
4259,c1ccc2c(-c3nc4sc5ccccc5c4s3)cccc2c1,CS(C)=O,447.0
10506,CCn1c2ccccc2c2cc(C#Cc3cc(C#Cc4ccc5c(c4)c4ccccc4n5CC)nc(SC)n3)ccc21,ClCCl,471.0
5656,CCCCCCCCCCCCN1C(=O)c2c(c3ccc4cc(-c5ccc(C#N)cc5)c(OC)cc4c3c3c2ccc2cc(-c4ccc(C#N)cc4)c(OC)cc23)C1=O,ClCCl,520.0
6097,CCCCCCN(CCCCCC)c1ccc(C#Cc2c(F)c(F)c(F)c(F)c2F)cc1,ClCCl,502.0
5907,O=C([O-])c1ccc(C(=O)[O-])c2cc3ccccc3cc12,CN(C)C=O,430.0
7373,Cc1ccc(/C2=c3\cc/c(o3)=C(\c3ccc(C)cc3)c3ccc([nH]3)-c3ccc4n3[B-](F)(F)[N+]3=C(C=CC3=C4c3cccs3)c3ccc2[nH]3)cc1,ClC(Cl)Cl,722.0
2978,c1ccc(-c2nc3cc4c(cc3n2-c2ccccc2)nc(-c2ccccc2)n4-c2ccccc2)cc1,CC#N,397.0
10860,CC(C)(C)c1ccc2c(c1)c1cc(C(C)(C)C)ccc1n2-c1ccc(S(=O)(=O)c2ccc(-n3c4ccc(C(C)(C)C)cc4c4cc(C(C)(C)C)ccc43)cn2)nc1,O=P(c1ccccc1)(c1ccccc1)c1ccc2sc3cccc(P(=O)(c4ccccc4)c4ccccc4)c3c2c1,444.0
11401,C[N+]1=C(/C=C/C=C2/N(CCC[N+](C)(C)C)c3ccccc3C2(C)C)C(C)(C)c2ccccc21,CS(C)=O,565.0
6721,COC(=O)c1ccc2c3ccc(C(=O)OC)c4c(C(=O)OC)ccc(c5ccc(C(=O)OC)c1c25)c43,CN(C)C=O,480.0
7842,O=S(=O)(c1ccc2c(c1)c1ccccc1n2-c1ccccc1)c1ccc2c(c1)c1ccccc1n2-c1ccccc1,ClCCl,372.0
8264,N#Cc1ccc(C#N)c(N)c1,CCCCCCC,374.0
10753,Fc1c(F)c(F)c2c(c1F)C1=Nc3c4c(F)c(F)c(F)c(F)c4c4n3[B-]3(Cl)n5c(c6c(F)c(F)c(F)c(F)c6c5=N4)=NC2=[N+]13,C[N+](=O)[O-],588.0
3138,CCOC(=O)c1sc(SC)c2c(=O)n(C)nnc12,CO,508.0
8325,CCn1c2ccc(/C=C/c3ccc4c(c3)c3cc(-c5nc6ccccc6s5)ccc3n4CC)cc2c2cc(-c3nc4ccccc4s3)ccc21,C1CCOC1,408.0
12175,CC1(C)Cc2c(c3ccccc3c3nc4c(nc23)c2c(c3ccccc34)OC(C)(C)C2)O1,ClC(Cl)Cl,470.3668862
1826,C[Si]1(C)c2ccccc2-c2sc3cc4c5c(sc4cc3c21)-c1ccccc1[Si]5(C)C,C1CCOC1,408.0
5548,CCCCCCC(CCCCCC)N1C(=O)c2cccc3c(-c4ccc(OC)c5ccccc45)ccc(c23)C1=O,ClC(Cl)Cl,509.7
8785,O=P(c1ccccc1)(c1ccc(N2c3ccccc3Oc3ccccc32)cc1)c1ccc(N2c3ccccc3Oc3ccccc32)cc1,C1CCOC1,504.6998867
560,CC(C)(C)c1ccc(-c2nc(-c3ccc(-n4c5ccccc5c5c6oc7ccccc7c6ccc54)cc3)nc(-c3ccc(C(C)(C)C)cc3)n2)cc1,C1CCOC1,415.1960784
10797,Cc1ccc(C2=C3C=CC(c4ccccc4)=[N+]3[B-](F)(F)n3c2ccc3-c2ccccc2)cc1,C1CCCCC1,585.0
8435,Cn1c2cc(N3CCCCC3)c(F)cc2c(=O)c2cc(F)c(N3CCCCC3)cc21,CCO,455.0
5435,COc1ccc2c3c(cccc13)C(=O)N(C)C2=O,CN(C)C=O,444.0
4437,Cn1cc(-c2nc3ccccc3nc2/C=C/N2CCCC2)c2ccccc21,CC(C)=O,465.9925094
8597,N#Cc1cc(-c2ccc(N3c4ccccc4Oc4ccccc43)cc2)c(-c2ccc(N3c4ccccc4Oc4ccccc43)cc2)cc1C#N,c1cc(-c2cccc(-n3c4ccccc4c4ccccc43)c2)cc(-n2c3ccccc3c3ccccc32)c1,540.0
1442,CC(C)=CCN1C(=O)c2cccc3c2c(cc2nc(C)oc23)C1=O,CCO,412.0
8453,c1ccc(-c2cc(-c3ccc(N(c4ccccc4)c4ccccc4)cc3)cc(-c3ccccc3)n2)cc1,CO,524.0
4406,c1ccc2c(c1)[nH]c1c3[nH]c4ccccc4c3c3nsnc3c21,CN(C)C=O,493.0
11716,COc1ccc(C#Cc2ccc(C#Cc3ccc(C#Cc4ccccc4C#N)cc3C#N)cc2C#N)cc1,C1CCOC1,460.0
1689,COc1ccc(C2=CC3=C(c4c(C)cc(C)cc4C)c4cc(-c5ccc(OC)cc5)c(-c5ccc(OC)cc5)n4[B-](F)(F)[N+]3=C2c2ccc(OC)cc2)cc1,CC#N,673.0
12102,COc1cc2c(cc1/C=C(\C#N)c1nc3ccccc3s1)c1ccccc1n2C,CN(C)C=O,508.0
9917,C/C=C/C=C/C1=N/C(=C\c2ccc(O)cc2)C(=O)N1C,ClC(Cl)Cl,531.0
12206,COc1ccc(/C=C/C2=N/C(=C\c3ccncc3)C(=O)N2C)cc1,C1COCCO1,564.0
5962,c1ccc(N2c3ccccc3B3c4ccccc4N(c4ccccc4)c4cccc2c43)cc1,ClCCl,462.0
2496,COc1cc2c3c(c4cc(OC)c(OC)c(OC)c4c2c(OC)c1OC)=[N+]1C(=C(c2c(C)cc(C)cc2C)c2cc4c5cc(OC)c(OC)c(OC)c5c5c(OC)c(OC)c(OC)cc5c4n2[B-]1(F)F)C=3,CC#N,755.0
10031,c1ccc(-c2ccc3c(c2)C2(c4ccccc4-c4ccccc42)c2ccccc2-3)cc1,C1CCCCC1,335.0
340,CCCCN(CCCC)c1ccc(C#Cc2cc(C#Cc3cc(C(F)(F)F)cc(C(F)(F)F)c3)c(C#Cc3ccc(N(CCCC)CCCC)cc3)cc2C#Cc2cc(C(F)(F)F)cc(C(F)(F)F)c2)cc1,c1ccccc1,531.0
2408,CN(C)C(=O)c1ccc(-c2nc3ccc(N(C)C)cc3s2)cc1,CC#N,521.0
9793,CC(C)(C)c1ccc(-c2sc3c(-c4ccc(C(C)(C)C)cc4)c4n(c3c2-c2ccc(C(C)(C)C)cc2)[B-](F)(F)[N+]2=Cc3c(-c5ccc(C(C)(C)C)cc5)c5sc(-c6ccc(C(C)(C)C)cc6)c(-c6ccc(C(C)(C)C)cc6)c5n3[B-](F)(F)[N+]2=C4)cc1,CN(C)C=O,636.0
10229,CC1(C)Cc2c(c3ccccc3c3nc4c5c(c6ccccc6c4nc23)OC(C)(C)C5)O1,c1ccccc1,496.031746
5782,CC(C)(C)c1ccc(-c2cc3c4c(c2)CCc2cc(-c5ccc(C(C)(C)C)cc5)cc(c2-4)CC3)cc1,C1CCCCC1,382.0855615
4576,CC1=C(Cc2ccccc2)C(C)=[N+]2C1=C(C)c1c(C)c(-c3csc(N4CCOCC4)n3)c(C)n1[B-]2(F)F,CS(C)=O,548.0
3725,CC1(C)c2ccccc2N(c2ccc(-c3nnc(-c4ccccc4O)o3)cc2)c2ccccc21,CC(C)=O,539.0
2785,C1=C(c2ccccc2)C=C(c2ccccc2)/C1=C/c1ccc(-c2cccs2)s1,C1CCOC1,503.0
9715,CCc1ccc(-c2nc(-c3ccc(-n4c5ccccc5c5ccccc54)cc3)cc(-c3ccc(-n4c5ccccc5c5ccccc54)cc3)n2)cc1,C1CCOC1,436.0
1012,CC(C)(C)NC(=O)c1ccc(-c2cc3ccccc3o2)c2ccc3c4ccccc4c4ccccc4c3c12,ClCCl,441.0
5280,COc1ccc(C2=C(c3ccc(C)cc3)C(c3ccccc3)=[N+]3C2=Nc2c(-c4ccc(OC)cc4)c(-c4ccc(C)cc4)c(-c4ccccc4)n2[B-]3(F)F)cc1,Cc1ccccc1,709.0
4895,CCCCNC(=O)c1nc2c(N(C)C)nc(N(C)C)nc2n1Cc1ccccc1,ClCCl,402.0
9958,CC1=N/C(=C\c2ccccc2N)C(=O)N1C,O,452.0
7121,CCOC(=O)COc1ccc(C(c2c(C)[nH]c3ccccc23)c2c(C)[nH]c3ccccc23)cc1,CC#N,340.0
6549,CC1(C)C(/C=C/C=C/C=C/C=C2/N(CS(=O)(=O)[O-])c3ccc(S(=O)(=O)[O-])cc3C2(C)C)=[N+](CS(=O)(=O)[O-])c2ccc(S(=O)(=O)[O-])cc21,O,771.0
4037,CCOC(=O)c1c(-c2cc3ccc(OCC=C(C)C)cc3oc2=O)nn(-c2cccc(C)c2)c1C(=O)OCC,ClCCl,425.0
148,O=C1OC(c2ccccc2)=N/C1=C\c1ccc(N(c2ccc(/C=C3\N=C(c4ccccc4)OC3=O)cc2)c2ccc(/C=C3/N=C(c4ccccc4)OC3=O)cc2)cc1,C1COCCO1,553.0
285,Cc1ccc(-c2cc(/C=C/c3ccc(N(c4ccccc4)c4ccccc4)cc3)c(C#N)c(N3CCCCC3)c2)cc1,CS(C)=O,523.0
11839,COc1ccc(C2CC(c3ccc(O)cc3)=NN2c2ccc(S(N)(=O)=O)cc2)cc1,CN(C)C=O,422.0
8555,CN(C)c1ccc2c(c1)C(=O)NC2=O,C1CCOC1,459.0
10295,O=c1oc2ccccc2cc1-c1nc2ccccc2o1,CCOC(C)=O,443.0
9732,O=CC1=Cc2c(-c3ccc(-c4ccccc4)cc3)oc(-c3ccc(-c4ccccc4)cc3)c2C=C(C=O)C1,ClC(Cl)Cl,483.0
6770,Cc1cc(C(F)(F)F)nc2c1ccc1nc(-c3ccc(F)c(F)c3)cn12,CCCCCC,433.0
4443,CCCCC(CC)CN1C(=O)c2cccc3c(C#Cc4ccc(N(c5ccccc5)c5ccc(C#Cc6ccc7c8c(cccc68)C(=O)N(CC(CC)CCCC)C7=O)cc5)cc4)ccc(c23)C1=O,ClC(Cl)Cl,587.0
7446,CN(C)c1ccc(/C=C/C(=O)c2ccccc2)cc1,C1CCOC1,506.0
236,CCC1(CC)c2ccccc2-c2c1c1c(c3c2C(CC)(CC)c2cc(B(c4c(C)cc(C)cc4C)c4c(C)cc(C)cc4C)ccc2-3)C(CC)(CC)c2cc(B(c3c(C)cc(C)cc3C)c3c(C)cc(C)cc3C)ccc2-1,CC(C)=O,394.0
11763,c1ccc(-c2nc(-c3ccc(-c4ccc(-n5c6ccccc6c6ccccc65)cc4)cn3)oc2-c2ccccc2)cc1,CCOCC,400.0
7123,CCOC(=O)COc1ccc(C(c2c(C)[nH]c3ccccc23)c2c(C)[nH]c3ccccc23)cc1,O,350.0
11121,COc1ccc(NC(=O)C(C(=O)Nc2ccc(OC)cc2)C(c2cc(F)ccc2O)c2c[nH]c3ccc(OC)cc23)cc1,CS(C)=O,341.0
3083,C#CCOc1ccc(/C=C/C2=[N+]3C(=C(c4ccc(N5CCCCC5)cc4)c4c(C)cc(C)n4[B-]3(F)F)C(C)=C2)cc1,CO,582.0
632,C1=Cc2ccccc2Cc2ccccc21,CC#N,383.0
6813,COc1cccc(-n2c(-c3ccccc3)nc(C)c2C)c1,CCO,369.0
2493,CC(C)(C)c1ccc2c3c(c4ccc(C(C)(C)C)cc4c2c1)=[N+]1C(=C(c2ccccc2)c2cc4c5ccc(C(C)(C)C)cc5c5cc(C(C)(C)C)ccc5c4n2[B-]1(F)F)C=3,ClCCl,716.0
2665,c1ccc2sc(-c3ccc(-c4nnc(-c5ccc(-c6nnc(-c7ccc(-c8cc9ccccc9s8)s7)o6)cc5)o4)s3)cc2c1,CCO,400.0
10402,CCCCC1=Cc2c3ccc4cccc5ccc(c6cc(-c7ccc(N(c8ccccc8)c8ccccc8)cc7)n(c26)P1(=O)c1ccccc1)c3c45,ClCCl,551.0
10473,Cc1c2ccncc2c(C)c2c1[nH]c1ccccc12,CC(C)(C)O,420.0
10312,CN(C)c1ccc(/C=C/c2cc[n+](CCC[n+]3ccc(/C=C/c4ccc(N(C)C)cc4)cc3)cc2)cc1,O,597.0006686
10375,O=C(N/N=C/c1ccccc1O)c1cc2ccccc2cc1O,CN(C)C=O,528.0
4211,c1ccc(N(c2ccccc2)c2ccc(-c3nc(-c4ccc(N(c5ccccc5)c5ccccc5)cc4)c4ccccc4n3)cc2)cc1,CS(C)=O,568.0
9686,COC(=O)c1nc(-c2cccc3ccccc23)oc1C,CC#N,343.0
3874,O=C1c2cc(-n3c4ccccc4c4ccccc43)ccc2S(=O)(=O)c2ccc(-n3c4ccccc4c4ccccc43)cc21,ClCCl,614.0
9424,CC(C)(C)c1ccc2oc3nc4oc5ccc(-n6c7ccc(C(C)(C)C)cc7c7cc(C(C)(C)C)ccc76)cc5c4cc3c2c1,ClC(Cl)Cl,444.0
2817,COc1ccc(N(c2ccc(OC)cc2)c2ccc3ccc4c(B(c5c(C)cc(C)cc5C)c5c(C)cc(C)cc5C)ccc5ccc2c3c54)cc1,C1CCOC1,626.0
10114,CCCCCCc1ccsc1-c1ccc(-c2sc(C(=O)O)cc2CCCCCC)s1,O,490.0
12034,Cc1ccc(-c2c3ccc([nH]3)c3nc(c(-c4ccc(C#N)cc4)c4ccc([nH]4)c4ccc([nH]4)c(-c4ccc(C)cc4)c4ccc2o4)C=C3)cc1,c1ccccc1,722.0
11001,CCCCCc1c(C)c2c3ccccc3[nH]c2c2ccccc12,ClCCl,369.0
7426,COc1ccc(C(=O)/C=C/c2ccc(N(C)C)cc2)cc1OC,CO,535.0
12214,CN1C(=O)/C(=C/c2ccncc2)N=C1/C=C/c1ccccc1,CCOC(C)=O,544.0
10379,C(=C/c1ccc(N(c2ccccc2)c2ccccc2)cc1)\c1ccc(-c2nc(-c3ccc(/C=C/c4ccc(N(c5ccccc5)c5ccccc5)cc4)cc3)nc(-c3ccc(/C=C/c4ccc(N(c5ccccc5)c5ccccc5)cc4)cc3)n2)cc1,ClC(Cl)Cl,535.0
11278,C=CCNc1ccc2ccc3oc4cc(=O)ccc-4nc3c2c1,CC#N,621.0
9777,Cn1c(=O)c(/N=N/c2ccc(/N=N/c3ccc(S(=O)(=O)O)cc3)cc2)c(O)c2ccccc21,CCOC(C)=O,536.0
1735,CC(C)c1ccc(/C=C/c2nc3ccc(N(C)C)cc3s2)cc1,CC#N,517.0
7397,CN(C)CCN(Cc1c2ccccc2cc2ccccc12)c1ccc([N+](=O)[O-])cc1[N+](=O)[O-],CO,392.0
4255,CN(C)c1ccc(/C=C/c2ccc(-c3ccc(/C=C/c4ccc(N(C)C)cc4)s3)s2)cc1,CC(C)=O,564.0
10140,CC[N+]1=C(/C=C/c2ccc3ccc4cccc5ccc2c3c45)C(C)(C)c2ccccc21,CS(C)=O,635.0
2475,CCN(CC)c1ccc2c(c1)oc(=O)c1cc3c(-c4ccccc4)nn(C)c3nc12,ClCCl,506.0
12241,C1CCN2CCCn3c2c(c2c3=NCCN=2)C1,CCCCCC,416.0
3713,CC(=O)OC[C@@H]1O[C@H](N2C=CC3=Nc4nc(C)[n+](C)cc4CN3C2=O)[C@@H](O)[C@H]1O,CC#N,416.0
10998,Cc1cc2ccccc2c2c1c1ccccc1n2C(=O)OC(C)(C)C,ClCCl,355.0
1804,c1ccc(-c2nc3c4ccccc4c4ccccc4c3n2-c2ccccc2)cc1,C1CCOC1,387.0
707,CC1CC=C(c2ccc(-c3ccc(C#N)s3)s2)CC1,CCO,443.0
11267,COc1cc(Br)cc2cc(-c3cc4cc(Br)cc(OC)c4oc3=O)oc12,CC#N,381.0
5189,COc1cc(OC)cc(-c2nnc(-c3cccc(-c4nnc(-c5cc(OC)cc(OC)c5)o4)c3)o2)c1,CC#N,396.0
5472,c1ccc(N(c2ccccc2)c2ccc(-c3ncnc4ccccc34)cc2)cc1,ClCCl,528.0
72,O=c1ccc2cc3ccoc3cc2o1,CC(C)O,460.0
7843,C=Cc1cc2ccc(OC(=O)c3ccccc3)cc2oc1=O,CC#N,420.0
5101,O=C1c2cccc3cc4ccccc4c(c23)C(=O)N1Cc1ccccn1,CCCCCC,465.0
6764,Cc1cc(C(F)(F)F)nc2c1ccc1nc(-c3ccc(Cl)cc3)cn12,CO,459.0
9382,Cc1cc2c(o1)c(Br)cc1c(C)cc(=O)oc12,C1COCCO1,418.0
1125,Cc1ccc(/C=N/c2cc(C(C)C)c(O)cc2C)cc1,ClC(Cl)Cl,415.0
1241,CCN1c2ccc(-c3cc(C(F)(F)F)[nH]n3)cc2Sc2cc(-c3cc(C(F)(F)F)[nH]n3)ccc21,CN(C)C=O,464.0
10096,CN(C)c1ccc(/C=C/c2cc(/C=C/c3ccc(N(C)C)cc3)nc(N)n2)cc1,Cc1ccccc1,466.0
2349,CCCCN(CCCC)c1ccc2c#cc3cc4c#cc5ccc(N(CCCC)CCCC)cc5c#cc#cc5cc(C(F)(F)F)ccc5c#cc4cc3c#cc3ccc(C(F)(F)F)cc3c#cc#cc2c1,ClCCl,544.0
6602,Cc1ccc(-n2c(-c3cccc4cc[n-]c34)[nH+]c3c4ccccc4c4ccccc4c32)cc1,Cc1ccccc1,566.0
6780,FC(F)(F)c1ccc(-c2nnc(-c3cc(-n4c5ccccc5c5ccccc54)c(-n4c5ccccc5c5ccccc54)cc3-c3nnc(-c4ccc(C(F)(F)F)cc4)o3)o2)cc1,CC#N,544.9740444
9769,C1=Cc2nc1c(-c1ccco1)c1ccc([nH]1)c(-c1ccco1)c1nc(c(-c3ccco3)c3ccc([nH]3)c2-c2ccco2)C=C1,ClCCl,697.0
4358,Nc1ccc(C#Cc2ccc3ccc4ccc(C#Cc5ccc(N)cc5)c5ccc2c3c45)cc1,CCO,540.0
1343,CCOC(=O)COc1ccc(/C=C/c2cc(C)c3n2[B-](F)(F)[N+]2=C(c4[nH]c(C)cc4C)c4ccccc4C2=C3)cc1,ClCCl,705.0
12246,CN(C)c1ccc(/C=C/c2cccnn2)cc1,CS(C)=O,518.0
10643,COc1ccc(-c2cc3c(ccc4sc(/C=C/c5cccs5)cc43)s2)cc1,ClCCl,445.0
11747,CN(C)c1ccc2cc(C(/C=C/c3cn(C)c4ccccc34)=C(C#N)C#N)c(=O)oc2c1,ClCCl,583.0
8632,CCC1=C(C)C2=C(C)c3cc(I)c(I)n3[B-](F)(F)[N+]2=C1C,CC(C)=O,544.5
6652,CC(=O)c1nc(-c2ccc(N(c3ccccc3)c3ccccc3)cc2)oc1C,CC#N,452.0
1100,CCc1ccc(/C=N/c2cc(C(C)C)c(O)cc2C)cc1,CC(C)O,418.0
9160,CCCCCCCCCCCCNc1cccc2[n+]1[B-](F)(F)n1c(c3cccc4cccc1c43)=N2,Cc1ccccc1,529.0
8841,COc1ccc2c(c1)CCC1=C(c3ccccc3)C3=C(c4ccc5cccc(O)c5n4)c4c(-c5ccccc5)c5c(n4[B-](F)(F)[N+]3=C12)-c1ccc(OC)cc1CC5,O,680.0
9738,O=P(c1ccccc1)(c1ccccc1)c1ccc(-c2nc3ccccc3n2-c2ccc(P(=O)(c3ccccc3)c3ccccc3)cc2)cc1,ClCCl,384.0
7327,CCN(CC)c1ccc2cc(-c3cc(SC)c(C#N)c(=O)o3)c(=O)oc2c1,CC#N,578.0
7622,COc1cc(OC)cc(-c2nnc(-c3cc(-c4nnc(-c5cc(OC)cc(OC)c5)o4)cc(-c4nnc(-c5cc(OC)cc(OC)c5)o4)c3)o2)c1,ClCCl,402.0
987,COc1cccc(C2=c3c(c4ccc(C(C)(C)C)cc4c4cc(C(C)(C)C)ccc34)=[N+]3C2=C(c2ccccc2)c2c(-c4cccc(OC)c4)c4c5ccc(C(C)(C)C)cc5c5cc(C(C)(C)C)ccc5c4n2[B-]3(F)F)c1,C1CCCCC1,727.0
2852,Cn1c(=O)c(/N=N/c2cc(S(=O)(=O)O)ccc2S(=O)(=O)O)c(O)c2ccccc21,CCOC(C)=O,493.0
8853,c1ccc(-c2c3ccccc3c(-c3ncccn3)c3ccccc23)cc1,ClCCl,442.0
630,c1cncc(-c2cccc3c2-c2ccccc2C32c3ccccc3-c3ccccc32)c1,C1CCCCC1,363.0
1249,CCN(CC)c1ccc(/C=N/CC/N=C/c2ccc(N(CC)CC)cc2O)c(O)c1,ClCCl,432.0
3179,O=C(O)c1ccc(-c2nc(-c3ccccc3)c3ccccn23)cc1,CC#N,501.0
482,CN(C)c1ccc(/C=C/C=C/C=C/c2ccc(N(C)C)cc2)cc1,ClC(Cl)(Cl)Cl,475.0
9776,Cn1c(=O)c(/N=N/c2ccc(/N=N/c3ccc(S(=O)(=O)O)cc3)cc2)c(O)c2ccccc21,CC(C)=O,536.0
9654,O=[N+]([O-])c1ccc(/C=C/C=C/c2ccccc2)cc1,CN(C)C=O,567.0
3040,CC(=O)O[B-]1(OC(C)=O)OC(/C=C/c2ccc(C)cc2)=CC(/C=C/c2ccc(C)cc2)=[O+]1,CS(C)=O,499.0
5010,Cc1ccccc1C1=C2C=c3c(oc4ccc(C(C)(C)C)cc34)=[N+]2[B-](F)(F)n2c1cc1c3cc(C(C)(C)C)ccc3oc12,CCOC(C)=O,602.0
10706,COc1cc2c(cc1/C=C/C(=C(C#N)C#N)c1ccccc1)c1ccccc1n2C,Cc1ccccc1,566.0
7000,O=S(=O)(c1cccc(N2c3ccccc3Oc3ccccc32)c1)c1cccc(N2c3ccccc3Oc3ccccc32)c1,CCCCC(CC)n1c2ccc(-n3c4ccccc4c4ccccc43)cc2c2cc(-n3c4ccccc4c4ccccc43)ccc21,542.5207756
3273,CCCC1(CCC)c2cc(-c3ccccc3)ccc2-c2ccc(-c3ccc4c(c3)C(CCC)(CCC)c3cc(-c5ccccc5)ccc3-4)cc21,C1CCCCC1,387.0
7227,CCC1=C(C)C2=Cc3cscc3B(O)N2C1=O,CS(C)=O,425.0
3683,O=c1cc(C(F)(F)F)c2cc3c4c(c2o1)CCCN4CCC3,CCO,531.0
6674,Cc1ccc2c3ccc(C)cc3c3cc4c(C)cc(=O)oc4cc3c2c1,ClC(Cl)Cl,422.0
6807,COc1cccc(-n2c(-c3ccc(O)cc3)nc(C)c2C)c1,ClCCl,369.0
11939,O=C1c2ccccc2C(=O)C1C1C(=O)c2c3ccccc3cc3cc4ccccc4c1c23,CCCCCC,538.0
1316,C1=CSC(=C2SC=C(/C=C/C=C/C=C/C3=CSC(=C4SC=CS4)S3)S2)S1,ClCCl,750.0
3225,CCOC(=O)/C(C#N)=C(\C=C\c1ccc(N(c2ccccc2)c2ccc(/C=C/C(=C(/C#N)C(=O)OCC)c3ccccc3)cc2)cc1)c1ccccc1,CCO,619.0
1072,N#Cc1ccc(-c2ccc(C3=CCC(c4ccccc4)CC3)s2)s1,OCCOCCO,452.0
4815,Cc1cc(-c2ccccc2C)cc(C)[o+]1,CC#N,518.0
10355,OCc1cc(/N=N\c2ccc(C#Cc3ccc4ccc5cccc6ccc3c4c56)cc2F)ccc1O,CS(C)=O,435.0
9852,O=c1oc2ccccc2c2c1c(=O)oc1cc(O)cc(O)c12,ClCCl,511.0
5752,C[n+]1ccc(/C=C/c2ccc([O-])cc2)cc1,O,560.0
11204,C[Si](C)(C)c1ccc(-c2ccc(-c3ccc(-c4ccc(-c5ccc([Si](C)(C)C)s5)s4)c4nsnc34)s2)s1,C1CCOC1,656.0
4616,CCN(CC)c1ccc2nc3c4ccccc4c(=O)cc-3oc2c1,CS(C)=O,635.0
3097,C[Si]1(C)c2cc(-c3ccc(-c4cccs4)s3)ccc2C=Cc2ccc(-c3ccc(-c4cccs4)s3)cc21,ClCCl,463.0
11563,OC1(c2ccc(-c3cccs3)s2)CCC1,c1ccncc1,468.0
6869,Cc1ccccc1Oc1ccc2c3c(cccc13)C(=O)N(CCO)C2=O,ClC(Cl)Cl,424.0
1300,N#Cc1cc(-n2c3ccccc3c3ncccc32)c(-n2c3ccccc3c3ncccc32)cc1C#N,CCCCCC,443.7209302
7285,CC1=CC(C)=[N+]2C1=C(c1ccc(N3CCCCC3)cc1)c1c(C)cc(C)n1[B-]2(F)F,CCOC(C)=O,515.0
6284,CN(C)c1ccc(C(=O)c2ccccc2)cc1,CS(C)=O,609.0
10866,N#CC(C#N)=C(/C=C/c1ccc(N(c2ccccc2)c2ccccc2)cc1)c1ccc2c3c(cccc13)CC2,CO,552.0
5495,CCCCCCN1C(=O)c2cccc3c(-c4ccc(-c5cc(-c6ccc(OC)cc6)n(-c6ccccc6)n5)s4)ccc(c23)C1=O,ClCCl,521.0
5291,N#CC(C#N)=C(/C=C/c1cn(-c2ccccc2)nc1-c1ccccc1)c1ccccc1,C1CCOC1,459.0
9600,Cn1c(=O)c(/N=N/c2ccc(Nc3ccc([N+](=O)[O-])cc3S(=O)(=O)O)cc2)c(O)c2ccccc21,CCOC(C)=O,610.0
10037,COC(=O)c1ccccc1-c1c2ccc(=[NH2+])cc-2oc2cc(N)ccc12,CCO,529.0
1798,CC(C)(C)c1ccc(-c2nc3c4ccccc4c4ccccc4c3n2-c2ccc(C(C)(C)C)cc2)cc1,CCOCC,388.0
9667,N#C/C(=C\C=C\c1ccc([N+](=O)[O-])cc1)c1ccccc1,CCCCCCC,399.0
5203,CC(C)(C)C1=CC2=C3C(=CC=C4C=CC(c5cc6c7cc(-c8ccc9ccc%10cc(C(C)(C)C)cc%11ccc8c9c%10%11)ccc7c(-c7ccc8ccc9cc(C(C)(C)C)cc%10ccc7c8c9%10)cc6c6cc(-c7ccc8ccc9cc(C(C)(C)C)cc%10ccc7c8c9%10)ccc56)=C(C=C2)C43)C1,ClCCl,443.0
8227,CN(C)c1cc(C#N)c(N(C)C)c(C#N)c1,ClCCCl,523.5602094
5047,c1ccc([Si]2(c3ccccc3)c3ccccc3-c3cc4c(cc32)-c2ccccc2[Si]4(c2ccccc2)c2ccccc2)cc1,ClCCl,395.0
6441,Fc1nc(F)c(F)c(/C=C2/C(c3c(F)c(F)nc(F)c3F)=Cc3ccccc32)c1F,CC#N,395.0
8636,C#CCNC1=C2C(C)=CC(C)=[N+]2[B-](F)(F)n2c(C)cc(C)c21,CCOC(C)=O,497.0
8105,COCCOCCOc1cc(C=O)c(OCCOCCOC)cc1C=O,CCCO,464.0
2359,CC(C)(C)c1ccc(-c2nc3c4ccc(-c5ccccc5)cc4c4cc(-c5ccccc5)ccc4c3n2-c2ccc(C(C)(C)C)cc2)cc1,CCCCOCCCC,386.0
11500,CCOC(=O)c1c2c3c(ccc(C)c3c3cc4ccccc4cc13)N(C)C2=O,CC#N,413.0
3654,CN(CCO)c1ccc(/C=C/C2=C(C#N)C(C(C#N)C#N)OC2(C)C)cc1,CS(C)=O,665.0
7052,CC(C)(C)c1ccc(C2=Cc3cc4c(cc3P2(=O)c2ccccc2)C=C(c2ccc(C(C)(C)C)cc2)P4(=O)c2ccccc2)cc1,C1CCOC1,495.0
1286,Cc1nnc(-c2cc(-n3c4ccccc4c4ccccc43)c(-n3c4ccccc4c4ccccc43)cc2-c2nnc(C)o2)o1,CC#N,504.624823
11179,COc1c2ccccc2c(OC)c2c1c1cc(Cl)ccc1n2C,ClCCl,431.0
4445,c1ccc(-n2c(-c3ccc(-c4ccc5c(c4)C4(c6ccccc6-5)c5ccccc5-c5ccc(-c6ccc(-c7nc8ccccc8n7-c7ccccc7)cc6)c6cccc4c56)cc3)nc3ccccc32)cc1,ClC(Cl)Cl,440.0
2137,CC1(C)Cc2c(c3ccccc3c3nc4ccccc4nc23)O1,C1CCOC1,505.0505051
6787,COc1ccc(-c2nnc(-c3cc(-n4c5ccccc5c5ccccc54)c(-n4c5ccccc5c5ccccc54)cc3-c3nnc(-c4ccc(OC)cc4)o3)o2)cc1,Cc1ccccc1,459.0
9873,C[Si](C)(C)C#C[Si](c1c2ccccc2cc2ccccc12)(c1c2ccccc2cc2ccccc12)c1c2ccccc2cc2ccccc12,ClC(Cl)Cl,438.0
11955,c1ccc(C2(c3ccccc3)c3cc4c(cc3-c3ccc5ccc6cccc7cc2c3c5c67)-c2ccc3ccc5cccc6cc(c2c3c56)C4(c2ccccc2)c2ccccc2)cc1,C1CCCCC1,408.0
10695,CCOc1cc2c(cc1/C=C/C(=C(C#N)C#N)c1ccccc1)c1ccccc1n2CC,CS(C)=O,575.0
10982,CCN1c2ccc(/C=N/Nc3ccccn3)cc2Sc2cc(/C=N/Nc3ccccn3)ccc21,Cc1ccccc1,491.0
6894,CN(C)c1ccc(/C=C/c2nc3ccc(N(C)C)cc3oc2=O)cc1,C1CCCCC1,521.0
9884,O=C1c2cccc3c(-n4c5ccccc5c5ccccc54)ccc(c23)C(=O)N1c1ccccc1,ClC(Cl)Cl,495.0
10500,CCn1c2ccccc2c2cc(C#Cc3cc(C#Cc4ccc5c(c4)c4ccccc4n5CC)nc(S(C)(=O)=O)n3)ccc21,Cc1ccccc1,447.0
8564,Nc1ccc2c(c1)C(=O)NC2=O,C1CCOC1,445.0
7151,CC/[NH+]=c1\cc2oc3cc(NCCOC(=O)C(NC(=O)OC(C)(C)C)C(C)C)c4ccccc4c3nc-2cc1C,O,652.0
963,CCCCCCCCc1ccc(-n2c3c4ccccc4nc(-c4ccc(C#N)cc4)c3c3c2c2c(-c4ccc(C#N)cc4)nc4ccccc4c2n3-c2ccc(CCCCCCCC)cc2)cc1,ClC(Cl)Cl,510.0
6012,CC[N+](CC)=c1ccc2c(C(F)(F)F)c3oc4cc(N)ccc4c3oc-2c1,CCO,706.0
4882,COC(=O)c1nc2cnc(N(C)C)nc2n1Cc1ccccc1,CC#N,444.0
140,O=C1OC(c2ccccc2)=N/C1=C\c1ccc(N(c2ccc(/C=C3\N=C(c4ccccc4)OC3=O)cc2)c2ccc(/C=C3/N=C(c4ccccc4)OC3=O)cc2)cc1,CCOC(C)=O,573.2
11059,O=C(O)c1ccc(C2CC(c3cccc4ccccc34)=NN2c2ccccc2)cc1,CC#N,482.0
8906,CCn1c2ccccc2c2cc(/C=C/c3cccc(/C=C/c4ccc5c(c4)c4ccccc4n5CC)[n+]3CCCS(=O)(=O)[O-])ccc21,CC(C)=O,578.0
6936,CCCCC1(c2ccc(OC)cc2)Nc2ccccc2N=C1c1ccc(OC)cc1,Cc1ccccc1,501.0
6542,COc1ccc(-c2nc3c(c4c2-c2ccc(C#N)cc2CC4)-c2ccc(C#N)cc2CC3)cc1,CO,426.0
5243,CC1(C)c2ccccc2N(c2ccc3c(c2)c(=O)c2cccc4c(=O)c5cc(N6c7ccccc7C(C)(C)c7ccccc76)ccc5n3c24)c2ccccc21,Cc1ccccc1,549.3498049
10030,c1ccc(C(=C(c2ccccc2)c2ccc(-c3ccc(-c4nc5c(-c6ccc(-c7ccc(C(=C(c8ccccc8)c8ccccc8)c8ccccc8)cc7)cc6)sc(-c6ccc(-c7ccc(C(=C(c8ccccc8)c8ccccc8)c8ccccc8)cc7)cc6)c5nc4-c4ccc(-c5ccc(C(=C(c6ccccc6)c6ccccc6)c6ccccc6)cc5)cc4)cc3)cc2)c2ccccc2)cc1,ClCCl,647.0
4431,F[B-]1(F)OC(c2ccccc2)=Nc2sc(-c3ccccc3)n[n+]21,Cc1ccccc1,410.0
10316,CN(c1ccccc1)c1ccc(-c2ccc(-c3ccc(N(C)c4ccccc4)cc3)c3nc(-c4ccccc4)c(-c4ccccc4)nc23)cc1,CC#N,659.0
406,CCCCCCCCC1(CCCCCCCC)c2cc(-c3ccc(C#N)cc3)ccc2-c2ccc(-c3ccc(C#N)cc3)cc21,ClC(Cl)Cl,385.0
8212,COCCOc1ccc(OCCOC)c(C=O)c1,CC(C)O,453.0
9196,CC1=CC(C)=[N+]2C1=C(c1ccc(-c3ccc(O)cc3)s1)c1c(C)cc(C)n1[B-]2(F)F,CO,521.0
10252,CCCCCCc1ccc2c3c(ccc2c1)O[B-](c1ccccc1)(c1ccccc1)[N+](c1ccc([N+]2=Cc4c(ccc5cc(CCCCCC)ccc45)O[B-]2(c2ccccc2)c2ccccc2)cc1)=C3,ClCCl,568.0
10572,c1ccc(-c2nc(-c3ccc(-c4ccc(N(c5ccccc5)c5ccccc5)cc4)cn3)oc2-c2ccccc2)cc1,c1ccccc1,438.0
9135,CN(C)c1ccc2c(c1)Cc1ccccc1-2,CCOC(C)=O,370.0
8234,COc1cc(/C=C/CO)ccc1O,O,338.0
4399,O=Cc1cc(N2CCCCC2)c2ccc3c(N4CCCCC4)cc(N4CCCCC4)c4ccc1c2c43,ClCCl,597.0
5252,Cc1cc(C)c(C2=C3C=C(/C=C/C(=O)OCc4ccccc4)C=[N+]3[B-](F)(F)n3cccc32)c(C)c1,ClCCl,568.0
11,CC(C)(C)c1ccc(-c2nc3c4ccc(-c5cc6ccccc6c6ccccc56)cc4c4cc(-c5cc6ccccc6c6ccccc56)ccc4c3n2-c2ccc(C(C)(C)C)cc2)cc1,CCOCC,384.0
4760,CN1C(=CC2=C([O-])C(=CC3=[N+](C)c4ccccc4C3(C)C)C2=C(C#N)C#N)C(C)(C)c2ccccc21,ClC(Cl)Cl,700.0
1177,Cc1cc(O)c(C(C)C)cc1/N=C/c1ccc(O)cc1,OCCO,421.0
10139,CC[N+]1=C(/C=C/c2ccc3ccc4cccc5ccc2c3c45)C(C)(C)c2ccccc21,CC#N,629.0
2863,COc1nc(Nc2ccc3cc4ccccc4cc3c2)nc(OC)n1,C1COCCO1,435.0
6471,COc1ccccc1-c1nc2c3cccnc3c3ncccc3c2n1-c1ccccc1,Cc1ccccc1,396.0
6228,CCOC(=O)/C(C#N)=C\c1ccc2c(c1)c1ccccc1n2-c1ccc(C)cc1,CC#N,508.0
9218,CCCCn1c(-c2ccc(-c3nnc(-c4ccc(-c5nc(-c6ccccc6)c(-c6ccccc6)n5CCCC)cc4)o3)cc2)nc(-c2ccccc2)c1-c1ccccc1,ClCCl,445.0
2989,C1=[N+](c2ccccc2)[B-](c2ccccc2)(c2ccccc2)Oc2c1ccc1c3c(ccc21)C=[N+](c1ccccc1)[B-](c1ccccc1)(c1ccccc1)O3,ClCCl,594.0
9153,OCCSc1cccc2[n+]1[B-](F)(F)n1c(c3cccc4cccc1c43)=N2,CC#N,502.0
7117,CCOC(=O)CCOc1ccccc1C(c1c(C)[nH]c2ccccc12)c1c(C)[nH]c2ccccc12,CC#N,340.0
7010,CCCCCCCN1C(=CC2=C([O-])C(=CC3=[N+](CCCCCCC)c4ccccc4C3(C)C)C2=C(C#N)C#N)Sc2ccccc21,CN(C)C=O,702.0
11767,O=C(O)C1CCCN1C(=O)c1ccc(C2CC(c3cccc4ccccc34)=NN2c2ccccc2)cc1,C1CCOC1,490.0
8927,CCOC(=O)CN(CC(=O)OCC)c1ccc(-c2cc(-c3cccnc3)nc(-c3cccnc3)c2)cc1,c1ccccc1,394.0
1440,COC(=O)CN1C(=O)c2cc3ccc(N(C)C)cc3cc2C1=O,ClC(Cl)Cl,509.0
11949,c1ccc2c(c1)[nH]c1cccnc12,Clc1ccccc1,364.0
2875,COc1ccc(C#Cc2ccc(C#Cc3ccc(P(=O)(c4ccc(C#Cc5ccc(C#Cc6ccc(OC)cc6)cc5)cc4)c4ccc(C#Cc5ccc(C#Cc6ccc(OC)cc6)cc5)cc4)cc3)cc2)cc1,ClC(Cl)Cl,392.0
9108,CCC1(CC)c2cc(N(C)C)ccc2-c2ccc(C(F)(F)F)cc21,ClCCl,387.0
11142,Cc1cc(-c2nc3c4ccccc4c4ccccc4c3n2-c2ccc(C(C)(C)C)cc2)ccc1-c1ccc(-c2c(-c3ccccc3)nc3ccccn23)cc1,ClCCl,416.0
10778,COC(=O)C1=C(C(=O)OC)C2(c3ccccc3-c3c(Br)cc(Br)cc32)C2(/C=C/c3ccccc3)c3cc(OC)c(OC)cc3CCN12,ClCCl,491.0
7232,CCOC(=O)/C(C#N)=C\c1cn(-c2ccccc2)nc1-c1ccccc1,CCO,423.0
3726,CC1(C)c2ccccc2N(c2ccc(-c3nnc(-c4ccccc4O)o3)cc2)c2ccccc21,CCCCCC,424.0
2772,Cc1ccc(-c2ccc(/C=C/c3cccn3C)cn2)nc1,ClC(Cl)Cl,476.0
9816,CCN1c2ccc(/C=C(\C#N)c3ccccc3)cc2Sc2cc(/C=C(\C#N)c3ccccc3)ccc21,ClCCl,573.0
454,CN(C)c1ccc(C2=Nc3scc(-c4ccccc4)[n+]3[B-](F)(F)O2)cc1,Cc1ccccc1,444.0
9013,N#Cc1cc2ccccc2[nH]1,CS(C)=O,335.0
8189,COCCOCCOc1ccc(OCCOCCOC)c(C=O)c1,CC(C)CO,453.0
1367,Cc1ccc2cc3c(=O)n(C)c(=O)n(C)c3nc2c1,CO,409.0
3712,Cc1nc2c(c[n+]1C)CN1C(=O)N([C@H]3O[C@@H](CO)[C@H](O)[C@@H]3O)C=CC1=N2,[2H]O[2H],414.0
12082,C=Cc1ccc(-c2ccc(-c3nnc(-c4ccc(-c5nnc(-c6ccc(-c7ccc(C=C)cc7)s6)o5)cc4)o3)s2)cc1,CCCCCCO,399.0
1388,O=S(=O)(c1cccc(-n2c3ccccc3c3ccccc32)c1)c1cccc(-n2c3ccccc3c3ccccc32)c1,CCCCC(CC)n1c2ccc(-n3c4ccccc4c4ccccc43)cc2c2cc(-n3c4ccccc4c4ccccc43)ccc21,409.9722992
9042,N#Cc1c[nH]c2ccccc12,O,320.0
1000,CCN(CC)c1ccc2cc(/C=C/C3=C4CC/C(=C\c5cc6ccc(N(CC)CC)cc6oc5=O)C4=[O+][B-](F)(F)O3)c(=O)oc2c1,CCOC(C)=O,693.0
7761,CC(C)(C)c1ccc2c(c1)c1cc(C(C)(C)C)ccc1n2-c1cccc(-c2nc(-c3cccc(P(=O)(c4ccccc4)c4ccccc4)c3)nc(-c3cccc(P(=O)(c4ccccc4)c4ccccc4)c3)n2)c1,ClCCl,535.0235849
3553,O=C(N/N=C/c1ccccc1O)c1cccc2ccccc12,CN(C)C=O,560.0
4114,N#Cc1c(-c2ccc([N+](=O)[O-])cc2)cc(-c2ccc([N+](=O)[O-])cc2)[nH]c1=O,CS(C)=O,446.0
9829,C(=C/c1ncc2ccccc2n1)\c1ccc(N(c2ccccc2)c2ccccc2)cc1,C1CCCCC1,449.0
1667,CC(C)(C)c1ccc(C2=CC3=C(c4ccccc4)c4cc(-c5ccc(C(C)(C)C)cc5)c(-c5ccc(C(C)(C)C)cc5)n4[B-](F)(F)[N+]3=C2c2ccc(C(C)(C)C)cc2)cc1,C1CCCCC1,643.0
3173,c1ccc(-c2nc(-c3ccccc3)n3ccccc23)cc1,CC#N,478.0
9539,Cc1cc(C)c(B(c2ccccc2N2c3ccccc3Oc3ccccc32)c2c(C)cc(C)cc2C)c(C)c1,Cc1ccccc1,585.0
11521,Cc1ccc(NC(=O)c2sc(Br)nc2C)cc1,ClC(Cl)Cl,412.4
488,CCOc1ccc(/C=C/C=C/C=C/c2ccc([N+](=O)[O-])cc2)cc1,ClCCl,694.0
3230,CCOC(=O)/C(C#N)=C(\C=C\c1ccc(N(c2ccccc2)c2ccc(/C=C/C(=C(/C#N)C(=O)OCC)c3ccccc3)cc2)cc1)c1ccccc1,ClC(Cl)Cl,604.0
3828,c1ccc(-c2nc(-c3ccccn3)sc2N(c2ccccc2)c2ccccc2)cc1,ClC(Cl)Cl,482.0
10605,C#Cc1ccc(-c2c3nc(c(-c4ccc(C#C)cc4)c4ccc([nH]4)c(-c4cc(C(C)(C)C)cc(C(C)(C)C)c4)c4cc(c(-c5cc(C(C)(C)C)cc(C(C)(C)C)c5)c5ccc2[nH]5)C=N4)C=C3)cc1,ClCCl,744.0
5208,Cc1ccc2nc3c4c(c5ccccc5c3nc2c1)OC(=O)CC4c1ccc(C(F)(F)F)cc1,ClC(Cl)Cl,430.0
7848,COc1ccc(CCNC(=O)c2sc(-c3ccc(-c4cc(-c5ccc(C(C)(C)C)cc5)c(C(=O)NCCc5ccc(OC)c(OC)c5)s4)s3)cc2-c2ccc(C(C)(C)C)cc2)cc1OC,ClCCl,449.0
5704,N#CC1=c2c3cccc4cccc(c43)n2[B-](F)(F)[n+]2ccccc21,CC#N,527.0
11824,NS(=O)(=O)c1ccc(N2N=C(c3ccc(O)cc3)CC2c2ccccc2)cc1,CC#N,417.0
8133,COCCOCCOCCOCCOc1cc(C=O)c(OCCOCCOCCOCCOC)cc1C=O,CCCO,472.0
703,CN1/C(=C/C=C(/C=C/c2sc3ccccc3[n+]2C)c2ccccc2)Sc2ccccc21,O,673.0
5105,c1ccc(N(c2ccccc2)c2ccc(-c3ncc(-c4ccc(-c5cnc(-c6ccc(N(c7ccccc7)c7ccccc7)cc6)s5)s4)s3)cc2)cc1,CO,503.0
10899,O=S(=O)(c1ccc(-c2ccc(-c3nc4c5ccccc5c5ccccc5c4n3-c3ccccc3)cc2)cc1)c1ccc(-c2ccc(-c3nc4c5ccccc5c5ccccc5c4n3-c3ccccc3)cc2)cc1,CC(C)=O,468.0
3291,Cc1ccc(Nc2ccc(Nc3ccc(C)cc3)c3c2C(=O)c2ccccc2C3=O)cc1,C1CCCCC1,680.0
8125,CN(C)c1cc(C#N)c(N(C)C)c(C#N)c1,CCCOCCC,507.6142132
9519,O=C1NC(=O)c2ccc(N3CCCCC3)c3cccc1c23,ClC(Cl)Cl,517.0
11813,NS(=O)(=O)c1ccc(N2N=C(c3ccc(O)cc3)CC2c2ccc([N+](=O)[O-])cc2)cc1,CC#N,419.0
11046,O=[N+]([O-])c1ccc(F)cc1C1CC(c2cccc3ccccc23)=NN1c1ccccc1,C1CCOC1,473.0
4909,CNc1ncc2nc(C(=O)OC)n(Cc3ccccc3)c2n1,CO,429.0
4440,CCCCC(CC)CN1C(=O)c2cccc3c(C#Cc4ccc(N(c5ccccc5)c5ccc(C#Cc6ccc7c8c(cccc68)C(=O)N(CC(CC)CCCC)C7=O)cc5)cc4)ccc(c23)C1=O,C1CCOC1,631.0
11189,COc1c2ccccc2c(OC)c2c1c1ccc(C)cc1n2C,CC#N,422.0
986,CCC1(CC)c2cc(/C=C/c3ccc(/C=C/c4ccc5c(c4)C(CC)(CC)c4cc(N6c7ccccc7Sc7ccccc76)ccc4-5)cc3)ccc2-c2ccc(N3c4ccccc4Sc4ccccc43)cc21,ClCCl,435.0
11318,Cc1ccc(O)c(-c2nc(C)c3n2CCCC3)c1,ClCCl,473.0
11097,CN(C)c1ccc(C2=Cc3ccc4ccccc4[n+]3[B-](F)(F)O2)cc1,ClC(Cl)Cl,521.0
7705,CCOC(=O)c1cc(C(=O)OCC)c2cc(N(C)C)ccc2n1,CCO,564.0
6257,CN(C)c1ccc2cc3c(cc2c1)OCCN=C3,O,559.0
6089,COC(=O)c1ccc(C#Cc2ccccc2)cc1,C1CCCCC1,321.2025825
5238,CSC1=C2C=C(c3cc4n(c3)[B-](F)(F)[N+]3=CC=CC3=C4c3c(C)cc(C)cc3C)C(C)=[N+]2[B-](F)(F)n2c(C)ccc21,CC(C)=O,694.0
1198,CC(=O)O[B-]1(OC(C)=O)OC(/C=C/C=C/c2ccccc2)=CC(/C=C/C=C/c2ccccc2)=[O+]1,C1CCOC1,531.0
9710,COc1ccccc1-c1cc2c(o1)=CC1=Cc3cc4oc(-c5ccccc5OC)cc4n3[B-](F)(F)[N+]=21,ClC(Cl)Cl,680.0
11107,CCC1(CC)c2cc(B(c3c(C)cc(C)cc3C)c3c(C)cc(C)cc3C)ccc2-c2ccc(N(c3ccccc3)c3ccc4c(c3)C(CC)(CC)c3cc(B(c5c(C)cc(C)cc5C)c5c(C)cc(C)cc5C)ccc3-4)cc21,Cc1ccccc1,461.0
7519,CSc1sc(C(=O)c2ccccc2)c2nn[nH]c(=O)c12,CO,495.0
6812,COc1cccc(-n2c(-c3ccccc3)nc(C)c2C)c1,CCCCO,370.0
9991,CCCCNc1ccc(NCCCC)c2c1C(=O)c1ccccc1C2=O,CCCCCCCO,661.0
9206,FC(F)(F)c1ccccc1B1c2ccccc2Nc2ccccc21,ClCCl,401.0
8320,O=[N+]([O-])c1ccc(/C=C/C=C/c2ccc3ncnc(Nc4ccccc4)c3c2)cc1,ClC(Cl)Cl,561.0
9556,CCN(CC)c1ccc2cc(/C=C/C(=C(C#N)C#N)c3ccc4c(c3)c3ccccc3n4CC)c(=O)oc2c1,Cc1ccccc1,571.0
10225,CC1(C)Cc2c(c3ccccc3c3nc4c5c(c6ccccc6c4nc23)OC(C)(C)C5)O1,CC(C)O,509.1649695
7175,CC(C)(C)c1ccc2c(c1)c1cc(C(C)(C)C)ccc1n2-c1cc(N2c3ccccc3C(c3ccccc3)(c3ccccc3)c3ccccc32)cc(-n2c3ccc(C(C)(C)C)cc3c3cc(C(C)(C)C)ccc32)c1C#N,Cc1ccccc1,458.0
4470,CCCCCOc1cc2oc(=O)c3c4ccc(N)cc4c4ccc5cccc6c(c1)c2c3c4c56,C1CCOC1,550.0
891,F[B-]1(F)n2cccc2C=C2c3ccccc3C(c3ccc[nH]3)=[N+]21,C1CCOC1,596.0
1969,COc1ccc(C2=c3sc(-c4ccc(OC)cc4)cc3=[N+]3C2=Nc2c(-c4ccc(OC)cc4)c4sc(-c5ccc(OC)cc5)cc4n2[B-]3(F)F)cc1,ClC(Cl)Cl,814.0
5757,CCC[n+]1ccc(/C=C/c2ccc(N(C)C)cc2)cc1,CCCO,576.0
6527,N#Cc1ccc2c(c1)CCc1nc(-c3ccc([N+](=O)[O-])cc3)c3c(c1-2)CCc1cc(C#N)ccc1-3,CS(C)=O,510.0
6294,CCn1c2ccccc2c2cc(/C=C/c3cc(/C=C/c4ccc5c(c4)c4ccccc4n5CC)nc(SC)n3)ccc21,CN(C)C=O,504.0
7595,N#Cc1nnn(-c2ccnc3cc(Cl)ccc23)c1N,C1CCCCC1,394.0110323
9110,Nc1ccc2c(c1)Cc1ccccc1-2,CCOCC,349.0
3249,CN(C)c1ccc(C2=Nc3sc4cc(Cl)ccc4[n+]3[B-](F)(F)O2)cc1,CC(C)=O,488.0
6570,COc1c(/C=N/Nc2ccc(C#N)cc2)ccc2ccccc12,CO,472.0
6638,Cc1cc(C)c(B(c2ccccc2-n2c3ccccc3c3ccccc32)c2c(C)cc(C)cc2C)c(C)c1,Cc1ccccc1,463.0
7351,O=C(N/N=C/c1ccccc1O)c1ccccc1O,CN(C)C=O,455.0
11237,O=c1oc2ccc(Br)cc2cc1-c1cc2cc(Br)ccc2o1,Cc1ccccc1,436.0
9400,N#Cc1cc(N2c3ccccc3Sc3ccccc32)c(N2c3ccccc3Sc3ccccc32)cc1C#N,c1ccc2c(c1)c1ccccc1n2-c1ccc(-c2ccc(-n3c4ccccc4c4ccccc43)cc2)cc1,605.0
7473,c1ccc2cc3c(cc2c1)oc1c2oc4cc5ccccc5cc4c2c2ccccc2c31,C1CCOC1,399.0
11285,COC1=C/C(=C\C=C2C=CN(Cc3ccc(Br)cc3)C=C2)C=CC1=O,CC(C)O,641.0
10633,CC(=O)c1c2c(cc3ccc(N(C)C)cc13)CCC2,C1CCOC1,497.0
1239,CCN1c2ccc(-c3cc(C(F)(F)F)[nH]n3)cc2Sc2cc(-c3cc(C(F)(F)F)[nH]n3)ccc21,C1CCOC1,469.0
2289,COc1ccc2c3c(c4ccc(OC)cc4c2c1)C(C)(C)c1ccc2ccccc2c1-3,C1CCCCC1,396.0
2740,Cc1cc(C)c(B(c2ccc(-c3ccc(-c4nc5c6ccccc6c6ccccc6c5[nH]4)cc3)cc2)c2c(C)cc(C)cc2C)c(C)c1,CC(C)=O,493.0
8467,CN(C)c1ccc(/C=C/C=C2\CC/C(=C\c3ccc(N(C)C)cc3)C2=O)cc1,CC#N,666.0
4585,c1ccc2c(c1)[nH]c1ccccc12,CCCCCC,332.0
9227,CN(C)c1ccc(/C=C/C=C/c2nc3ccccc3s2)cc1,CO,573.0
1229,CC1=NN(c2ccccc2)C(=O)/C1=C/c1cn(-c2ccccc2)nc1-c1ccccc1,CN(C)C=O,435.0
9200,CCN(CC)c1ccc2cc(/C=C/C(=C(C#N)C#N)c3ccc(N(c4ccccc4)c4ccccc4)cc3)c(=O)oc2c1,CCOC(C)=O,599.0
6980,c1csc(-c2cnc(-c3cccs3)c3nonc23)c1,ClC(Cl)Cl,611.0
5178,CCOC(=O)c1sc(-c2ccc(-c3cc(C4CC4)c(C(=O)OCC)s3)s2)cc1C1CC1,ClCCl,448.0
4293,O=C1C=C(Nc2ccccc2)CCC1,CCO,346.0
1058,C1=C(c2ccc(-c3cccs3)s2)CCC(c2ccccc2)C1,C1CCOC1,412.0
6262,c1ccc(N2c3ccccc3Sc3cc(-c4cccc5nc6ccccc6cc45)ccc32)cc1,C1CCOC1,476.0
281,CN(C)c1ccc(/C=C/c2ncc3ccccc3n2)cc1,ClCCl,536.0
9235,O=c1c2ccccc2n2c3ccccc3c(=O)c3cc(-c4ccccc4)cc1c32,CC#N,475.0
9508,c1ccc2c(c1)-c1cc(-n3c4ccccc4c4ccccc43)ccc1C21c2ccccc2-n2c3ccccc3c3cccc1c32,ClCCl,372.0
968,CCCCCCCCCCCCOc1cc(/C=C/c2ccc3c(c2)C(CC)(CC)c2cc(N4c5ccccc5Sc5ccccc54)ccc2-3)c(OCCCCCCCCCCCC)cc1/C=C/c1ccc2c(c1)C(CC)(CC)c1cc(N3c4ccccc4Sc4ccccc43)ccc1-2,CC#N,473.0
3953,COC(=O)C(NC(=O)OC(C)(C)C)c1ccc2oc(-c3ccc(C#N)cc3)nc2c1,CC#N,384.0
1939,O=C1Nc2ccccc2/C1=C/C(=O)c1ccccc1,CC#N,398.0
10362,c1ccc(-c2ccc(-c3ccc(N(c4ccccc4)c4ccccc4)cc3)c3nsnc23)cc1,C1CCOC1,578.0
1274,F[B-]1(F)n2c(-c3ccccc3)c3ccc4ccccc4c3c2N=C2c3c(ccc4ccccc34)C(c3ccccc3)=[N+]21,ClCCl,753.0
619,CC(C)(C)c1ccc2c(c1)c1cc(C(C)(C)C)ccc1n2-c1cccc(-c2nc(-c3cccc(-n4c5ccc(C(C)(C)C)cc5c5cc(C(C)(C)C)ccc54)c3)nc(-c3cccc(P(=O)(c4ccccc4)c4ccccc4)c3)n2)c1,CN(C)C=O,532.9853862
10418,COc1ccc(N(c2ccc(OC)cc2)c2sc(-c3ccc(Cl)cc3)nc2-c2ccccc2)cc1,ClC(Cl)Cl,509.0
1742,CN(C)c1ccc(/C=C/c2nc3ccccc3s2)cc1,CC(C)O,493.0
1390,O=S(=O)(c1cccc(-n2c3ccccc3c3ccccc32)c1)c1cccc(-n2c3ccccc3c3ccccc32)c1,ClC(Cl)Cl,422.0
2203,C1=C(c2ccccc2)[Si](c2ccccc2)(c2ccccc2)c2ccccc21,ClCCl,400.0
9771,CC1=CC(C)=[N+]2C1=C(c1ccc(OCCN3CCCCC3)cc1)c1c(C)cc(C)n1[B-]2(F)F,CCO,510.0
9847,CCCCCCCCCCCCN(CCCCCCCCCCCC)c1ccc2c(c1)oc(=O)c1c(=O)oc3ccccc3c12,ClCCl,528.0
3568,CN(C)c1ccc(-c2nc3cnccc3[nH]2)cc1,C1CCOC1,380.0
6116,COc1ccc(C#Cc2ccc(C#N)cc2)cc1,ClC(Cl)Cl,374.0
12225,N#Cc1nc(N(Cc2ccc(Cl)cc2)Cc2ccc(Cl)cc2)c(C#N)nc1N(Cc1ccc(Cl)cc1)Cc1ccc(Cl)cc1,ClC(Cl)Cl,577.0
6052,CN(C)c1ccc(C#Cc2ccc(C=O)cc2)cc1,Cc1ccccc1,463.4994206
3178,c1ccc(-c2nc(-c3ccccc3)n3ccccc23)cc1,O,479.0
3192,CN(C)c1ccc2c3c(ccc2c1)CCCC3=O,CC#N,523.0
9499,CC(=O)c1ccc(/C=C/C=C/C2=NC3C(=O)NC(N)=NC3N2[C@H]2C[C@H](O)[C@@H](CO)O2)cc1,C1COCCO1,494.0
6099,CCCCCCN(CCCCCC)c1ccc(C#Cc2ccc(C#N)cc2)cc1,CO,514.0
7029,N#Cc1coc2ccccc2c1=O,CCCCO,500.0
575,COc1ccc(C2=[N+]3C(=Nc4c(-c5ccccc5)cc(-c5ccc(OC)cc5)n4[B-]3(F)F)C(c3ccccc3)=C2)cc1,ClC(Cl)Cl,715.0
6656,CC(=O)c1nc(-c2ccc(N(c3ccccc3)c3ccccc3)cc2)oc1C,CCOCC,408.0
7115,CCOC(=O)CCOc1ccc(C(c2c(C)[nH]c3ccccc23)c2c(C)[nH]c3ccccc23)cc1OC,O,351.0
10793,COc1ccccc1C1=[N+]2C(=C(c3ccc(I)cc3)c3ccc(-c4ccccc4OC)n3[B-]2(F)F)C=C1,ClC(Cl)Cl,597.5
6276,Cc1cc(C)c(C)c(B(c2c(C)c(C)cc(C)c2C)c2c(C)c(C)c(N3c4ccccc4Oc4ccccc43)c(C)c2C)c1C,CC(C)(C)c1ccc(-n2c3ccc([Si](c4ccccc4)(c4ccccc4)c4ccccc4)cc3c3cc([Si](c4ccccc4)(c4ccccc4)c4ccccc4)ccc32)cc1,478.0
9472,COc1ccc(/C=C/C2=CC(/C=C/c3ccc(OC)c4ccccc34)=[O+][B-](F)(F)O2)c2ccccc12,ClCCl,616.0
11005,CC(C)(C)c1ccc(C(C)(C)C)c(N2C(=O)c3cccc4c(-c5ccc(-c6ccc([N+](=O)[O-])cc6)s5)ccc(c34)C2=O)c1,Cc1ccccc1,479.0
5897,CN(C)c1c2ccccc2cc2ccccc12,CN(C)C=O,392.0
5724,Cc1cccc(Nc2ccccc2C(=O)O)c1C,C1CCCCC1,438.0
10185,O=P(c1ccccc1)(c1ccccc1)c1cccc(-n2c(-c3ccccc3P(=O)(c3ccccc3)c3ccccc3)nc3ccccc32)c1,ClCCl,384.0
269,Cc1cccc2nc3c(=O)[nH]c(=O)[nH]c3nc12,CO,469.0
629,c1ccc2c(c1)Sc1ccccc1N2c1ccc2c(ccc3nc4ccc5cc(N6c7ccccc7Sc7ccccc76)ccc5c4nc32)c1,Cc1ccccc1,657.0
3081,COc1ccc2cc(C3=[N+]4C(=Nc5c(-c6ccccc6)cc(-c6ccc7cc(OC)ccc7c6)n5[B-]4(F)F)C(c4ccccc4)=C3)ccc2c1,ClC(Cl)Cl,733.0
3466,OC1(c2ccc(-c3cccs3)s2)CCCC1,C1CCOC1,414.0
6430,c1ccc(N(c2ccccc2)c2ccc(-c3nc4c5ccccc5c5ccccc5c4[nH]3)cc2)cc1,CC(=O)O,502.0
11415,Cc1nn(-c2ccccc2)c(C2=NN(c3ccc(Br)cc3)[C@@H](c3ccccc3)[C@@H]2c2ccccc2)c1C#N,CN(C)C=O,492.0
7062,O=C1OC(c2ccccc2)=N/C1=C\c1ccc(N(c2ccccc2)c2ccccc2)cc1,CCCCCC,486.0
11926,CC[n+]1ccc(/C=C/c2ccc3ccc4cccc5ccc2c3c45)cc1,O,600.0
5543,CCCCCCC(CCCCCC)N1C(=O)c2cccc3c(-c4ccc(OC)c5ccccc45)ccc(c23)C1=O,CCCCCCCCCCCCCC,431.7
10238,CCCCN1C(=O)C(=C/C=C/C=C2N(CCCC)c3ccccc3N2CCCC)C(=O)N(CCCC)C1=S,CN(C)C=O,580.0
4356,Nc1ccc(C#Cc2ccc3ccc4ccc(C#Cc5ccc(N)cc5)c5ccc2c3c45)cc1,CCCCCC,444.0
11166,COc1c2ccccc2c(OC)c2c1c1c(C)ccc(OC)c1n2C,CO,440.0
2113,c1cc2ccc1CCCc1ccc(c3nsnc13)CCC2,C1CCCCC1,468.0
8219,COCCOc1ccc(OCCOC)c(C=O)c1,NC=O,464.0
10232,FC(F)(F)c1ccc2oc3nc4oc5ccc(N(c6ccccc6)c6ccccc6)cc5c4cc3c2c1,ClC(Cl)Cl,487.0
3216,N#CC(C#N)=C(/C=C/c1ccc(N(c2ccccc2)c2ccc(/C=C/C(=C(C#N)C#N)c3ccccc3)cc2)cc1)c1ccccc1,CCOC(C)=O,615.0
3814,N#Cc1nc2c3ccc(-n4c5ccccc5c5ccccc54)cc3c3cc(-n4c5ccccc5c5ccccc54)ccc3c2nc1C#N,C1COCCO1,568.057211
8321,C(/C=C/c1ccc2ncnc(Nc3ccccc3)c2c1)=C\c1ccccc1,ClC(Cl)Cl,422.0
10523,COc1nc(Cl)nc(Nc2ccc3c4c(cccc24)C(=O)c2ccccc2-3)n1,CC(C)O,570.1254276
2278,CC(C)c1cccc(C(C)C)c1N1C(=O)c2ccc3c(-c4ccccc4)c4c5ccc6c7c(ccc(c(-c8ccccc8)c4c4ccc(c2c34)C1=O)c75)C(=O)N(c1c(C(C)C)cccc1C(C)C)C6=O,ClCCl,702.0
4599,CCOC(=O)/C(C#N)=C/c1cc2c3ccccc3n(C)c2cc1OC,CN(C)C=O,486.0
13,CC(C)(C)c1ccc(-c2nc3c4ccc(-c5cc6ccccc6c6ccccc56)cc4c4cc(-c5cc6ccccc6c6ccccc56)ccc4c3n2-c2ccc(C(C)(C)C)cc2)cc1,Cc1ccccc1,385.0
11307,CN1CCN(c2ccc3c4c(cccc24)C(=O)c2ccccc2-3)CC1,Cc1ccccc1,569.0
1525,Oc1cccc(/N=C/c2ccccc2Oc2ccccc2)c1,c1ccccc1,414.0
2365,CC(C)(C)c1ccc(-c2nc3c4ccc(-c5ccccc5)cc4c4cc(-c5ccccc5)ccc4c3n2-c2ccc(C(C)(C)C)cc2)cc1,ClC=C(Cl)Cl,389.0
4648,COc1cc(/C=C/c2nc3ccccc3o2)c(OC)cc1/C=C/c1nc(C)nc(/C=C/c2cc(OC)c(/C=C/c3nc4ccccc4o3)cc2OC)n1,ClCCl,496.0
374,CN(C)c1ccc2c(c1)C(C)(C)C1=CC(=[N+](C)C)C=CC1=C2C#Cc1ccccc1,O,708.0
10438,COC(=O)c1cc(=O)n(C)c2cc(-c3cc4c5c(c3)CCCN5CCC4)sc12,CCO,508.0
6477,COc1ccc(-c2nc3c(c4c2-c2ccccc2CC4)-c2ccccc2CC3)cc1,CCCCCC,408.0
525,CN(C)c1ccc(/C=C/c2ccccn2)cc1,CN(C)C=O,469.0
9131,CN(C)c1ccc2c(c1)Cc1ccccc1-2,CCCCCO,365.0
6895,CN(C)c1ccc(/C=C/c2nc3ccc(N(C)C)cc3oc2=O)cc1,C1COCCO1,581.0
10339,N#CC(C#N)=Cc1ccc(-c2ccc(-c3nc4ccccc4s3)c(O)c2)o1,ClCCl,502.0
3591,CN(C)CCCN1c2ccccc2Sc2ccc(C(F)(F)F)cc21,O,475.0
7904,COc1ccc(-n2c3ccccc3c3cc(/C=C/C(=C(C#N)C#N)c4ccccc4)ccc32)cc1,CC(C)=O,582.0
2958,F[B-]1(F)n2cccc2C(c2ccc(-c3c4ccccc4c(-c4ccccc4)c4ccccc34)cc2)=C2C=CC=[N+]21,CC#N,516.0
529,CN(C)c1ccc(/C=C/c2ccccn2)cc1,C1CCCCC1,418.0
3714,CC(=O)OC[C@@H]1O[C@H](N2C=CC3=Nc4nc(C)[n+](C)cc4CN3C2=O)[C@@H](O)[C@H]1O,CCO,418.0
4732,Cc1ccc(-c2cc(-c3ccccc3)c(C#N)c(=S)[nH]2)cc1,CC#N,488.0
9461,CC(=O)O[B-]1(OC(C)=O)OC(/C=C/c2cccc3ccccc23)=CC(/C=C/c2cccc3ccccc23)=[O+]1,CC#N,569.0
1394,CN(C)c1ccc(C2=Nc3scc[n+]3[B-](F)(F)O2)cc1,C1CCOC1,454.0
9989,CCCCNc1ccc(NCCCC)c2c1C(=O)c1ccccc1C2=O,CC(C)=O,671.0
9633,COc1c2ccccc2c(-c2ccccc2)c2ccccc12,OCCO,426.0
5631,CCCCCCCCC1(CCCCCCCC)c2cc(-c3ccc(C=C4C(=O)c5ccccc5C4=O)cc3)ccc2-c2ccc(-c3ccc(C=C4C(=O)c5ccccc5C4=O)cc3)cc21,Cc1ccccc1,486.0
9465,CC(=O)O[B-]1(OC(C)=O)OC(/C=C/c2cccc3ccccc23)=CC(/C=C/c2cccc3ccccc23)=[O+]1,ClC(Cl)Cl,551.0
6563,c1cc2c3ccc[n+]4cccc(c5ccc[n+](c1)c25)c34,O,441.0
4703,CC1(C)c2ccccc2N(c2ccc(-c3ccc4c(c3)C(=O)c3ccc(-c5ccc(N6c7ccccc7C(C)(C)c7ccccc76)cc5)cc3C4=O)cc2)c2ccccc21,c1ccc2c(c1)c1ccccc1n2-c1ccc(-c2ccc(-n3c4ccccc4c4ccccc43)cc2)cc1,564.0
1712,CCCCn1c2ccc(-c3ccc(C(F)(F)F)cc3)cc2c2ccc3c4cc(-c5ccc(C(F)(F)F)cc5)ccc4n(CCCC)c3c21,ClC(Cl)Cl,412.0
11960,N#C/C(=C\c1cc(/C=C(\C#N)c2ccc(C(F)(F)F)cc2)c(-c2ccc(N(c3ccccc3)c3ccccc3)cc2)cc1-c1ccc(N(c2ccccc2)c2ccccc2)cc1)c1ccc(C(F)(F)F)cc1,CCCCCC,473.0
955,CN(C)c1ccc(/C=C/C=C2\CCCC2=O)cc1,c1ccccc1,514.0
6675,CC(=O)Nc1ccc2c3cccc4cccc(c5cccc1c52)c43,C1COCCO1,471.0
3453,Cc1cc(C)c(C2=C3C=CC4=[N+]3[B-]3(Oc5ccccc54)Oc4ccccc4-c4ccc2n43)c(C)c1,ClC(Cl)Cl,645.0
9579,COC(=O)C(Cc1ccc2oc(-c3ccc(-n4c5ccccc5c5ccccc54)cc3)nc2c1)NC(=O)OC(C)(C)C,Cc1ccccc1,391.0068426
8595,N#CC(C#N)=Cc1ccc2c(c1)[nH]c1c3ccccc3sc21,Cc1ccccc1,518.0
2071,COC(=O)C(Cc1ccc2oc(-c3ccc(N(c4ccccc4)c4ccccc4)cc3)nc2c1)NC(=O)OC(C)(C)C,CCCCCO,454.7500921
11941,O=C1c2ccccc2C(=O)C1C1C(=O)c2c3ccccc3cc3cc4ccccc4c1c23,ClCCl,583.0
10169,CN(C)c1ccc(C#Cc2cc3ccccc3oc2=O)cc1,ClCCl,550.0
158,Cn1c(=O)cc(C(=O)c2ccccc2)c2sc(-c3ccc(OC(F)(F)F)cc3)cc21,CC#N,526.0
7005,CC1(C)c2ccccc2-c2ccc(N(c3ccc(-c4ccccc4)cc3)c3ccc(-c4cc5ccccc5c5c4oc4ccccc45)cc3)cc21,C1CCOC1,467.0
9094,CCC1(CC)c2cc(C=C(C#N)C#N)ccc2-c2ccc(N(C)C)cc21,ClCCl,631.0
352,CCCCN(CCCC)c1ccc(C#Cc2cc(C#Cc3ccc(N(CCCC)CCCC)cc3)c(C#Cc3cc(C(F)(F)F)cc(C(F)(F)F)c3)cc2C#Cc2cc(C(F)(F)F)cc(C(F)(F)F)c2)cc1,c1ccccc1,514.0
6078,COC(=O)c1ccc(C#Cc2ccc(N(C)C)cc2)cc1,CC(C)CC(C)(C)C,377.5009438
6236,CCOC(=O)/C(C#N)=C\c1ccc2c(c1)c1ccccc1n2-c1ccc(OC)cc1,CC#N,522.0
8946,CCC1=C(C)C(=O)n2c1cc1c(c(C)c(C(=O)OCC(C)C)n1CC(C)C)c2=O,ClC(Cl)Cl,457.0
12233,CC1(C)c2ccccc2N(c2ccc(-c3ncc(C#N)cn3)cc2)c2ccccc21,Cc1ccccc1,543.0
2920,N#C/C(=C\c1ccc(C(F)(F)F)cc1)c1nc(-c2ccc(Cl)cc2)cs1,CC#N,490.0
8503,Cc1ccc2nc3c(=O)n(C)c(=O)nc-3n(C)c2c1,CC#N,518.0
4644,CCOC(=O)C1=CN(Cc2ccccc2)C=C(C(=O)OCC)C1,CO,433.0
661,c1ccc(N2c3ccc4ccccc4c3-c3c4ccccc4nc[n+]3[B-]2(c2ccccc2)c2ccccc2)cc1,C1CCCCC1,640.0
7057,O=C1OC(c2ccccc2)=N/C1=C\c1ccc(N(c2ccccc2)c2ccccc2)cc1,CC#N,634.0
10181,CCCCCCCCCCCCC(CCCCCCCCCC)Cn1c2cc(/C=C/C=C/c3nc4ccccc4s3)c3cccc4c5cccc6c(/C=C/C=C/c7nc8ccccc8s7)cc1c(c65)c2c34,ClCCl,612.0
3665,CC(C)(C)c1ccc(-c2nc3c4ccc(-c5c6ccccc6cc6ccccc56)cc4c4cc(-c5c6ccccc6cc6ccccc56)ccc4c3n2-c2ccc(C(C)(C)C)cc2)cc1,C1COCCO1,429.0
7979,C/C=C/c1ccc(OC)cc1,CCCCCC,328.0
306,Cc1cc(C2(c3cc(C)c(O)c(Br)c3)OS(=O)(=O)c3ccccc32)cc(Br)c1O,CC(C)(C)O,473.0
4790,COc1ccc2c3c(c4ccc(OC)cc4c2c1)C(C)(C)c1cc(-c2ccccc2)ccc1-3,C1CCCCC1,392.0
2356,CC(C)(C)c1ccc(-c2nc3c4ccc(-c5ccccc5)cc4c4cc(-c5ccccc5)ccc4c3n2-c2ccc(C(C)(C)C)cc2)cc1,C1COCCO1,389.0
1927,O=C1Nc2ccccc2/C1=C/C(=O)c1ccc(O)cc1,CC#N,401.0
11442,Cc1c(C(=O)c2ccccc2)c2ccc3cccc4c5cccc6ccc1c(c65)c2c34,ClCCl,478.0
3427,Oc1c(-c2nc3c4ccc(-c5ccccc5)cc4c4cc(-c5ccccc5)ccc4c3[nH]2)cc2c3c1CCCN3CCC2,CC#N,487.0
8941,CCC1=C(C)C(=O)n2c1cc1c(c(C)c(C(=O)OC)n1C)c2=O,ClC(Cl)Cl,455.0
3638,C[C@]12SC(=O)C=C1c1nc(-c3ccc(Cl)cc3)[nH]c1C1=CC(=O)S[C@@]12C,CC#N,509.0
10428,CNCCCN1c2ccccc2CCc2ccccc21,O,400.0
1266,CCCCC(CC)Cn1c2cc(C#N)c(-c3ccc(N(c4ccccc4)c4ccccc4)cc3)cc2c2cc(-c3ccc(N(c4ccccc4)c4ccccc4)cc3)c(C#N)cc21,CCCCOCCCC,464.0
1560,Oc1ccccc1/N=C/c1ccccc1Oc1ccccc1,CC(C)O,406.0
10326,CCCCCCn1c(=O)c2c3sc4ccccc4sc3c3c(=O)n(CCCCCC)c(=O)c3c2c1=O,ClCCl,567.0
7179,O=P1(c2ccccc2)c2ccccc2-c2sc3ccccc3c21,CCO,434.0
4109,N#Cc1c(-c2ccc([N+](=O)[O-])cc2)cc(-c2ccc([N+](=O)[O-])cc2)[nH]c1=O,C1CCOC1,492.0
7867,CCOC(=O)C1c2ccccc2C(=O)N1c1ccccn1,CS(C)=O,395.0
4904,CNc1ncc2nc(C#N)n(Cc3ccccc3)c2n1,CC#N,405.0
7294,CCN(CC)c1cccc2c1ccc1c(=O)oc(-c3ccc(C(F)(F)F)cc3)cc12,CCCCCC,469.0
514,CC(C)(C)NC(=O)c1ccc(C(=O)NC(C)(C)C)c2c1c1c3ccc(Cl)cc3c3cc(Cl)ccc3c1c1c3ccc(Cl)cc3c3cc(Cl)ccc3c21,ClCCl,476.0
894,F[B-]1(F)n2cccc2C=C2c3ccccc3C(c3ccc[nH]3)=[N+]21,CO,592.0
8601,CCC1=C(C)C2=C(C)c3c(C)c(CC)c(C)n3[B-](F)(F)[N+]2=C1C,CCCCCCCC,535.2
21,c1ccc2c(-c3ccc(-c4nnc(-c5ccc(-c6nnc(-c7ccc(-c8cccc9ccccc89)s7)o6)cc5)o4)s3)cccc2c1,CCCCCCO,445.0
899,Cc1cc(C)c(C2=[N+]3C(=Cc4c(C)cc(C)n4[B-]3(F)F)c3ccccc32)[nH]1,CCCCCC,626.0
207,COc1ccc(/C=C/c2cc(/C=C/c3ccc(OC)cc3)nc(/C=C/c3ccc(OC)cc3)n2)cc1,Cc1ccccc1,410.0
458,Cc1cc2cc(C)c3c4ccccc4[nH]c3c2o1,ClCCl,338.0
10246,O=C1NC(=O)c2c1c1c3ccccc3[nH]c1c1[nH]c3ccccc3c21,CN(C)C=O,503.0
2430,N#C/C(=C/Nc1ccc(C#N)cc1)c1nc(-c2ccccc2)cs1,Cc1ccccc1,438.0
8442,CC(C)(C)c1ccc(-c2nc3c4ccc(-c5ccc6ccc7cccc8ccc5c6c78)cc4c4cc(-c5ccc6ccc7cccc8ccc5c6c78)ccc4c3n2-c2ccc(C(C)(C)C)cc2)cc1,ClCCl,450.0
9299,CCC1=C(C)C2=C(c3c(C)cc(C)nc3-c3cccs3)c3c(C)c(CC)c(C)n3[B-](F)(F)[N+]2=C1C,C1CCOC1,551.0
3389,COc1ccc2c(c1)N(c1ccccc1-c1ccccc1)c1cc3c(cc1=N2)Oc1c(cc(C(C)(C)C)cc1C(C)(C)C)N=3,CCCCCC,583.0
9905,C#CCN1C(=O)/C(=C/c2cc(OC(C)C)ccc2OC(C)C)N=C1C,CCO,523.0
3911,CCCCCCCCc1ccc(-n2c3c(c4c2c2c(n4-c4ccc(CCCCCCCC)cc4)-c4ccccc4NB2c2ccccc2)B(c2ccccc2)Nc2ccccc2-3)cc1,Cc1ccccc1,400.0
5383,c1cc2ccc1CCCc1cc3c(cc1CCCc1ccc(c4nsnc14)CCC3)CCC2,ClC(Cl)Cl,531.0
8907,CCn1c2ccccc2c2cc(/C=C/c3cccc(/C=C/c4ccc5c(c4)c4ccccc4n5CC)[n+]3CCCS(=O)(=O)[O-])ccc21,Cc1ccccc1,598.0
552,CCCCN1C(=O)C(=C/C=C/C=C/C=C2N(CCCC)c3ccccc3N2CCCC)C(=O)N(CCCC)C1=S,CO,682.0
9631,COc1c2ccccc2c(-c2ccccc2)c2ccccc12,ClCCl,426.0
3144,COC(=O)/C=C/c1sc(-c2ccc(N(C)C)cc2)c(-c2ccc(OC)cc2)c1O,CC#N,606.0
6917,CN(C)c1ccc2nc(/C=C/c3ccccc3)c(=O)oc2c1,Cc1ccccc1,523.0
2056,CN(C)c1ccc(/C=C/c2ccc([N+](=O)[O-])c(O)c2)cc1,CCCCCCC,523.0
1925,O=C1Nc2ccccc2/C1=C/C(=O)c1ccc(O)cc1,C1CCCCC1,384.0
634,CNCCCC1c2ccccc2C=Cc2ccccc21,CC#N,358.0
6082,COC(=O)c1ccc(C#Cc2ccc(N(C)C)cc2)cc1,CCCCCCCCCCCCCCCCCl,382.49694
8508,CN(C)c1ccc(C#Cc2ccc3c(N(C)C)cc(-c4ccccc4)cc3c2)cc1,CCO,455.7692308
11364,CC1(C)CCc2c(c3ccccc3c3nc4c(nc23)c2c(c3ccccc34)OC(C)(C)CC2)O1,ClC(Cl)Cl,446.4285714
11870,NS(=O)(=O)c1ccc(N2N=C(c3ccc(O)cc3)CC2c2ccc(Cl)cc2)cc1,C1COCCO1,417.0
8619,CCC1=C(C)C2=C(C)c3c(I)c(I)c(I)n3[B-](F)(F)[N+]2=C1C,C1CCCCC1,554.5
10529,COc1nc(Cl)nc(Nc2ccc3c4c(cccc24)C(=O)c2ccccc2-3)n1,O=C1CCCCC1,524.1090147
105,Cc1ccc(N(c2ccc(C)cc2)c2ccc3c4cccc5c(N(c6ccc(C)cc6)c6ccc(C)cc6)ccc(c6cccc2c63)c54)cc1,C1CCCCC1,546.0
3041,CC(=O)O[B-]1(OC(C)=O)OC(/C=C/c2ccc(C)cc2)=CC(/C=C/c2ccc(C)cc2)=[O+]1,Cc1ccccc1,481.0
10361,CC(C)(C)c1ccc(-c2ccc(-c3ccc(N(c4ccccc4)c4ccccc4)cc3)c3nsnc23)cc1,ClCCl,630.0
1709,Cc1cc2nc3cc(C)c(N)cc3[n+](-c3ccccc3)c2cc1N,CCO,564.0
89,CC(C)(C)c1ccc2c(c1)c1ncncc1c1c3ccccc3sc21,ClCCl,414.0
7014,C(=C/c1ccnc2ccccc12)\c1ccc(/C=C/c2ccnc3ccccc23)cc1,CC#N,434.0
3174,c1ccc(-c2nc(-c3ccccc3)n3ccccc23)cc1,CO,477.0
917,Cc1ccc(C2=[N+]3C(=Cc4c(C)cc(C)n4[B-]3(F)F)c3ccccc32)[nH]1,CCCCCC,618.0
7833,F[Si](c1ccccc1)(c1ccccc1)c1c2ccccc2cc2ccccc12,ClC(Cl)Cl,426.0
6732,F[B-]1(F)n2c(/C=C/c3ccc(C(=C(c4ccccc4)c4ccccc4)c4ccccc4)cc3)ccc2C(c2ccccc2)=C2C=CC(/C=C/c3ccc(C(=C(c4ccccc4)c4ccccc4)c4ccccc4)cc3)=[N+]21,C1CCOC1,690.0
1949,COc1ccc(C(=O)/C=C2\C(=O)Nc3ccccc32)c(OC)c1,C1CCCCC1,379.0
6368,COc1ccc(-c2ccc(-c3cc(-c4ccccn4)nc(-c4ccccn4)c3)cc2)cc1,ClCCl,403.0
1,COc1cc(-c2cc(-c3ccccc3)c(-c3ccccc3)c(-c3ccccc3)c2-c2ccccc2)c(OC)cc1-c1ccc(N(C)C)cc1,ClC(Cl)Cl,396.0
8032,CCCCC(CC)COC(=O)/C=C/c1ccccc1OC,CCCCCC,358.0
6047,CN(C)c1ccc(C#Cc2ccc(C=O)cc2)cc1,CCOC(C)=O,502.9928072
9127,CN(C)c1ccc2c(c1)Cc1ccccc1-2,CC(=O)N(C)C,385.0
11291,COC1=C/C(=C\C=C2C=CN(Cc3ccc(Br)cc3)C=C2)C=CC1=O,CCO,638.0
2720,Cc1ccc(C(=O)NN2C3=C(CC4=C2CCCC4=O)C(=O)CCC3)cc1,CC(C)=O,368.0
8783,Oc1ccccc1-c1nc2c3ccccc3c3ccccc3c2o1,Cc1ccccc1,367.0
12030,COc1ccc(-c2c3ccc([nH]3)c3nc(c(-c4ccc([N+](=O)[O-])cc4)c4ccc([nH]4)c4ccc([nH]4)c(-c4ccc(OC)cc4)c4ccc2o4)C=C3)cc1,Cc1ccccc1,739.0
3117,CSc1sc(C(C)=O)c2nn[nH]c(=O)c12,CC#N,483.0
11608,Nc1ccc2c(C(F)(F)F)cc(=O)oc2c1,C1CCCCC1,401.0
9768,c1cc(N2CCCC2)ccn1,CC1CCCCC1,313.0
3762,Cc1ccccc1-c1c2ccc(=[N+]3CCOCC3)cc-2oc2cc(N3CCOCC3)ccc12,ClCCl,575.0
213,COc1ccc(/C=C/c2cc(/C=C/c3ccc(OC)cc3)nc(/C=C/c3ccccc3)n2)cc1,CS(C)=O,471.0
778,COc1cc(-c2cc(N3CCCCC3)c(C#N)c3c2-c2cccc4cccc-3c24)cc(OC)c1OC,O,545.0
3496,c1ccc(-n2c(-c3cccc4ccccc34)nc3c4cccc5ccc6cccc(c6c54)c32)cc1,CS(C)=O,436.0
10809,Fc1ccc(-c2cccc3ncc(-c4ccccc4)n23)cc1,ClCCl,469.0
2043,COc1ccc(/C=C/c2ccccc2)cc1OC,CCCCOCCCC,375.0
8920,Oc1c(-c2nc3c4ccccc4c4ccccc4c3[nH]2)cc2c3c1CCCN3CCC2,CS(C)=O,491.0
5420,CCCC1=Cc2nc1ccc1[nH]c(cc1CCC)c1nc(c(NC(C)=O)cc3[nH]c2cc3CCC)C(CCC)=C1,Cc1ccccc1,679.0
6154,C(#Cc1ccc2c(c1)c1cc(C#Cc3ccccc3)ccc1n2-c1cc2ccccc2c2ccccc12)c1ccccc1,ClCCl,392.0
9759,C[n+]1ccc(/C=C/c2ccc3cc(O)ccc3c2)cc1,CC(C)O,563.0
8357,c1ccc(-c2ccnc(-c3ccccc3)n2)cc1,ClC(Cl)Cl,311.0
10678,CCCCCCN1C(=O)c2cccc3c(-c4ccc(C)s4)ccc(c23)C1=O,ClC(Cl)Cl,482.0
10205,C[Si](C)(C)c1ccc(-c2nc3ccccc3n2-c2ccccc2)cc1,ClCCl,358.0
8465,C[n+]1ccnc(/C=C/c2ccc(N(c3ccccc3)c3ccc(/C=C/c4c[n+](C)ccn4)cc3)cc2)c1,OCC(O)CO,690.0
4167,Oc1ccccc1-c1nc(-c2ccccc2)c(-c2ccccc2)[nH]1,CO,432.0
3788,CN(C)c1ccc2nc3c(cc2c1)c(-c1ccccc1)nn3-c1ccccc1,CCCCOCCCC,498.7531172
8586,CCN(CC)c1ccc2c(c1)oc(=O)c1c(-c3ccccc3C(=O)O)c3ccc(=[N+](CC)CC)cc-3oc12,CCO,637.0
583,CC(C)(C)c1ccc(C2=CC(c3ccccc3)=[N+]3C2=Nc2c(-c4ccc(C(C)(C)C)cc4)cc(-c4ccccc4)n2[B-]3(F)F)cc1,C1CCOC1,681.0
12151,CN(C)c1ccc2nc(-c3ccc(C(=O)OC[C@H](NC(=O)OC(C)(C)C)C(=O)OCc4ccccc4)cc3)sc2c1,CC(C)O,558.0
12243,CN(C)c1ccc(/C=C/c2cccnn2)cc1,ClCCl,480.0
116,c1ccc(N(c2ccccc2)c2ccc3c4cccc5c(N(c6ccccc6)c6ccccc6)ccc(c6cccc2c63)c54)cc1,C1CCOC1,545.0
6644,c1ccc2c3c(ccc2c1)-c1cccc2c1c-3cc1ccccc12,CCCCCCC,482.0
11060,O=C(O)c1ccc(C2CC(c3cccc4ccccc34)=NN2c2ccccc2)cc1,CCCCCCC,451.0
12199,Cc1cc(-n2c3ccccc3c3ccccc32)ccc1-c1ccc(S(=O)(=O)c2ccccc2)cc1C,ClCCl,419.8553055
11975,C/C(=N\Nc1ccc(C#N)cc1)c1ccccn1,CC#N,463.0
10973,Cc1cc(C)c2c(c1)c1cc(C)cc(C)c1n2-c1ccc2c(c1)B(c1c(C(C)C)cc(C(C)C)cc1C(C)C)c1cc(-n3c4c(C)cc(C)cc4c4cc(C)cc(C)c43)ccc1N2c1ccccc1,C1CCOC1,447.9591837
8712,CCC1=C(C)C2=C(C)c3cc(I)cn3[B-](F)(F)[N+]2=C1C,C1CCCCC1,532.0
1763,COc1cccc(/C=C/C(=O)c2c(O)cc(C)oc2=O)c1,CC#N,500.0
1875,COc1ccc(C(=O)/C=C2\C(=O)Nc3ccccc32)cc1,ClCCl,411.0
10445,c1ccc(-n2c3ccccc3c3cc(-n4ccc5cc(-c6ccc(C7(c8ccccc8)c8ccccc8-c8ccccc87)cc6)ccc54)ccc32)cc1,ClCCl,379.0
3224,CCOC(=O)/C(C#N)=C(\C=C\c1ccc(N(c2ccccc2)c2ccc(/C=C/C(=C(/C#N)C(=O)OCC)c3ccccc3)cc2)cc1)c1ccccc1,CC(C)=O,634.0
526,CN(C)c1ccc(/C=C/c2ccccn2)cc1,CO,482.0
7725,CC(C)c1cc(C(C)C)c(B2c3cc(N4c5ccccc5Oc5ccccc54)ccc3N(c3ccccc3)c3ccc(N4c5ccccc5Oc5ccccc54)cc32)c(C(C)C)c1,CCOC(C)=O,546.2585034
2946,O=C1c2ccccc2-c2cnccc21,CC#N,516.7619211
4473,CCCCCOc1ccc2c(c1)c1ccc3cccc4c5cc(OC)cc6oc(=O)c2c(c65)c1c34,C1CCOC1,454.0
5655,c1ccc(-n2c3ccccc3c3cc([Si](c4ccccc4)(c4ccccc4)c4ccc5c(c4)c4ccccc4n5-c4ccccc4)ccc32)cc1,ClCCl,350.0
8884,CCCCc1cc(C=O)c2ccc3c(CCCC)cc(N4CCCCC4)c4ccc1c2c34,CO,614.0
6059,C(#Cc1ccccc1)c1ccccc1,ClC(Cl)Cl,320.0
959,CCCCCCc1ccc(-n2c3c4cccc(OC)c4nc(-c4ccc(C#N)cc4)c3c3c2c2c(-c4ccc(C#N)cc4)nc4c(OC)cccc4c2n3-c2ccc(CCCCCC)cc2)cc1,ClC(Cl)Cl,504.0
6342,CCCCCCc1ccc(-n2c3[n+](c4c5ccccc5c5ccccc5c42)[B-](C)(C)c2ccc4ccccc4c2-3)cc1,Cc1ccccc1,444.0
3633,O=C1c2ccccc2C(=O)N1c1ccc(Cn2cncn2)cc1,CC(C)=O,407.0
1050,COc1ccc(-c2cc3c(s2)c(C(=O)c2ccccc2)cc(=O)n3Cc2ccccc2)cc1,CC#N,558.0
8782,N#Cc1ccc(-n2c(-c3ccc(-c4ccc(-n5c6ccccc6c6ccccc65)cc4)s3)nc3c4ccccc4c4ccccc4c32)c2ccccc12,ClCCl,400.0
8711,CCC1=C(C)C2=C(C)c3cc(I)c(I)n3[B-](F)(F)[N+]2=C1C,OCC(F)(F)F,542.5
3380,COc1ccc(C2=C3C=c4c(oc5cc6c(cc45)[C@H]4CC[C@]5(C)C(=O)CC[C@H]5[C@@H]4CC6)=[N+]3[B-](F)(F)n3c2cc2c4cc5c(cc4oc23)CC[C@@H]2[C@@H]5CC[C@]3(C)C(=O)CC[C@@H]23)cc1,CO,613.5
3676,c1ccc(C[n+]2cc3ccc4c[n+](Cc5ccccc5)cc5ccc(c2)c3c45)cc1,CC#N,427.0
5776,Fc1ccc(-c2cc3c4c(c2)CCc2cc(-c5ccc(F)cc5)cc(c2-4)CC3)cc1,CCCCCC,374.5107632
11074,CN1c2ccc(C(=O)c3ccccc3)cc2Sc2cc(C(=O)c3ccccc3)ccc21,Cc1ccccc1,526.0
6573,Cc1cc(-c2ccc(-n3c4ccccc4c4ccccc43)cc2)nc(-c2ccc(-c3ccccc3)cc2)n1,C1CCOC1,422.0
5179,C1=C2C3=C(C4=[N+]2[B-]2(Oc5ccccc54)Oc4ccccc4-c4c5c(c1n42)C1CCC5CC1)C1CCC3CC1,ClCCl,645.0
1607,CCN(CC)c1ccc(-c2cc3c(s2)c(C(=O)OC)cc(=O)n3C)cc1,ClCCl,562.0
3610,CCOC(=O)CCCCCn1c2ccccc2c(=O)c2cc3c(cc21)c(=O)c1cc(I)ccc1n3CCCCCC(=O)OCC,CO,558.0
11963,N#C/C(=C\c1cc(/C=C(\C#N)c2ccc(C(F)(F)F)cc2)c(-c2ccc(N(c3ccccc3)c3ccccc3)cc2)cc1-c1ccc(N(c2ccccc2)c2ccccc2)cc1)c1ccc(C(F)(F)F)cc1,Cc1ccccc1,515.0
6635,C(=C/c1cccc(/C=C/c2c3ccccc3cc3ccccc23)c1)\c1ccncc1,C1CCOC1,475.0
12260,c1ccc2c(c1)c1ccccc1c1ccccc21,ClCCl,355.0
10001,CCNc1ccc(NCC)c2c1C(=O)c1ccccc1C2=O,C1COCCO1,684.0
791,C1=CC2=Nc3cccc[n+]3CN2C=C1,CO,448.0
8984,CN(C)c1ccc(-n2c(-c3ccncc3)nc3nccnc32)cc1,CC#N,405.0
3056,CC(=O)O[B-]1(OC(C)=O)OC(/C=C/c2ccccc2)=CC(/C=C/c2ccccc2)=[O+]1,ClC(Cl)Cl,472.0
10047,CN(C)c1ccc(/C=C/c2nc3ccc(Br)cc3nc2-c2ccccc2)cc1,ClCCl,602.0
1980,O=C1OC(=O)c2ccc(N(c3ccccc3)c3ccc4ccccc4c3)c3cccc1c23,c1ccccc1,580.0
3598,CSc1ccc2c(c1)N(CCCN(C)C)c1ccccc1S2,O,475.0
933,CC1=C2c3ccccc3C(c3ccc[nH]3)=[N+]2[B-](F)(F)n2cccc21,C1CCOC1,589.0
7424,Cc1ccc(C(=O)/C=C/c2ccc(N(C)C)cc2)cc1,ClC(Cl)Cl,508.0
5626,CCCCC1(CCCC)c2cc(-c3ccc(C=C4C(=O)c5ccccc5C4=O)cc3)ccc2-c2ccc(-c3ccc(C=C4C(=O)c5ccccc5C4=O)cc3)cc21,ClC(Cl)Cl,527.0
1682,Cc1cc(C)c(C2=C3C=C(c4ccc(C(C)(C)C)cc4)C(c4ccc(C(C)(C)C)cc4)=[N+]3[B-](F)(F)n3c2cc(-c2ccc(C(C)(C)C)cc2)c3-c2ccc(C(C)(C)C)cc2)c(C)c1,C1CCCCC1,639.0
4179,COc1ccc(-c2nc(-c3ccc(OC)cc3)c(-c3ccc(OC)cc3)[nH]2)cc1,CO,389.0
6446,N#CSC1=CC2=C(c3ccccc3)c3ccc(SC#N)n3[B-](F)(F)[N+]2=C1N1CCOCC1,ClCCl,594.0
4116,Cc1ccc(-c2cc(-c3ccc(C)cc3)c(C#N)c(=O)[nH]2)cc1,C1CCOC1,446.0
988,COc1cccc(C2=c3c(c4ccc(C(C)(C)C)cc4c4cc(C(C)(C)C)ccc34)=[N+]3C2=C(c2ccccc2)c2c(-c4cccc(OC)c4)c4c5ccc(C(C)(C)C)cc5c5cc(C(C)(C)C)ccc5c4n2[B-]3(F)F)c1,C1CCOC1,737.0
2896,c1ccc(N(c2ccccc2)c2ccc(-c3cccc4nc5ccccc5cc34)cc2)cc1,ClCCl,555.0
3778,c1ccc2cc(-n3cnc4ccccc43)ccc2c1,CCOCC,376.0
5658,CCCCCCCCCCCCN1C(=O)c2c(c3ccc4cc(-c5ccc(C)cc5)c(OC)cc4c3c3c2ccc2cc(-c4ccc(C)cc4)c(OC)cc23)C1=O,ClCCl,529.0
3093,CN(C)c1ccc(/C=C/c2nc3c4ccccc4c4ccccc4c3[nH]2)cc1,COC(C)=O,471.0
3155,CN(C)c1ccc(-c2nc(-c3ccccc3)c3ccccn23)cc1,CO,500.0
1823,CC(C)(C)C1Nc2ccccc2C(=O)N1Cc1ccccc1,ClC(Cl)Cl,404.0
11804,C(=C/c1cccc2ccccc12)\c1ccc(-c2nnc(-c3ccc(-c4cc5ccccc5s4)cc3)o2)cc1,CS(C)=O,455.0
1098,CCc1ccc(/C=N/c2cc(C(C)C)c(O)cc2C)cc1,CC#N,421.0
10396,CCCCC1=Cc2c3ccc4cccc5ccc(c6cc(-c7ccc(N(c8ccccc8)c8ccccc8)cc7)n(c26)P1(=O)c1ccccc1)c3c45,C1COCCO1,526.0
2844,CC(=O)Nc1ccc(S(=O)(=O)O)c(/N=N/c2c(O)c3ccccc3n(C)c2=O)c1,CO,512.0
9078,CC1(C)c2ccccc2N(c2cccc(S(=O)(=O)c3cccc(N4c5ccccc5C(C)(C)c5ccccc54)c3)c2)c2ccccc21,C1CCOC1,422.0
3342,CC(C)CCCCN1CCc2c1ccc1c3c(ccc21)CCCC3=O,Clc1ccccc1,573.0
38,N#CC(C#N)=Cc1ccc(-c2ccc(O)c(-c3nc4ccccc4s3)c2)o1,ClCCl,612.0
6540,COc1ccc(-c2nc3c(c4c2-c2ccc(C#N)cc2CC4)-c2ccc(C#N)cc2CC3)cc1,CCCCCC,420.0
11462,F[B-]1(F)n2cccc2C(c2c3ccccc3c(-c3ccccc3)c3ccccc23)=C2C=CC=[N+]21,Cc1ccccc1,529.0
8707,CC1=[N+]2C(=Cc3cccn3[B-]2(F)F)C=C1,CO,512.0
3356,CC(C)(C(=O)c1ccc(N2c3ccccc3C(C)(C)c3ccccc32)cc1)C(=O)c1ccc(N2c3ccccc3C(C)(C)c3ccccc32)cc1,Cc1ccccc1,506.0
9645,CN(C)c1ccc(/C=C/C=C/c2ccc([N+](=O)[O-])c(O)c2)cc1,C1CCOC1,686.0
7813,CN(C)c1cccc2c1C(=O)c1ccccc1-2,C1CCCCC1,498.0
9098,CCC1(CC)c2cc(C=O)ccc2-c2ccc(N(C)C)cc21,CCO,562.0
8220,CN(C)c1cc(C#N)c(N(C)C)c(C#N)c1,CCO,528.262018
11685,CCCCCCCCn1nnc(-c2ccc(C#Cc3ccc(C#Cc4ccc(-c5nnn(CCCCCCCC)n5)cc4)c4nc5c6ccccc6c6ccccc6c5nc34)cc2)n1,Cc1ccccc1,488.0
2428,N#C/C(=C/Nc1ccc(C#N)cc1)c1nc(-c2ccccc2)cs1,CCO,434.0
5043,COc1ccc(C2=C3C=c4c(oc5ccccc45)=[N+]3[B-](F)(F)n3c2cc2c4ccccc4oc23)cc1,C1CCCCC1,593.5
5346,CC1(C)c2cc(C#N)ccc2-c2ccc(N3c4ccccc4Oc4ccccc43)cc21,C1CCOC1,550.0
8954,CC1=C(c2cccs2)C(C)=[N+]2C1=C(c1ccc(O)cc1)c1c(C)c(-c3cccs3)c(C)n1[B-]2(F)F,CO,602.0
4811,Cc1cc(-c2ccc(C(C)(C)C)cc2)cc(C)[o+]1,CC#N,430.0
8476,CN(C)c1ccc(/C=C/C=C2\CC/C(=C\c3ccc(N(C)C)cc3)C2=O)cc1,CCOC(C)=O,591.0
686,CN1/C(=C/C=C(/C=C/c2sc3ccccc3[n+]2C)c2cc(F)cc(F)c2)Sc2ccccc21,CS(C)=O,675.0
4799,CC1=CC(C)=[N+]2C1=Cc1c3ccccc3c(C#Cc3ccsc3)n1[B-]2(F)F,CCCCCC,615.0
7437,CN(C)c1ccc(/C=C/C(=O)c2ccc(Cl)cc2)cc1,CC#N,540.0
2353,N#Cc1c(-n2c3ccc(I)cc3c3cc(I)ccc32)c(C#N)c(-n2c3ccc(I)cc3c3cc(I)ccc32)c(-n2c3ccc(I)cc3c3cc(I)ccc32)c1-n1c2ccc(I)cc2c2cc(I)ccc21,Cc1ccccc1,533.0
6353,CCOC(=O)C1c2cc(OC)c(OC)cc2C(=O)N1c1ccc(OC)c(OC)c1,CS(C)=O,477.0
4569,CCCCCn1c2cc(/C=C/c3ccc(N(c4ccccc4)c4ccccc4)cc3)ccc2c2ccc(/C=C/c3ccc(N(c4ccccc4)c4ccccc4)cc3)cc21,Cc1ccccc1,451.0
8213,COCCOc1ccc(OCCOC)c(C=O)c1,CCCCO,457.0
2752,CCN(CC)c1ccc2c(c1)OC1=C(/C=C/C3=[N+](C)c4ccc5ccccc5c4C3(C)C)CCCC1=C2c1ccccc1C(=O)O,CC#N,763.0
9077,O=S1(=O)C(c2cccs2)=C(c2cccs2)c2ccccc21,C1CCOC1,432.0
8073,CCOC(=O)c1cccc(N)c1,CC#N,395.3883495
9109,CCC1(CC)c2cc(N(C)C)ccc2-c2ccc(C(F)(F)F)cc21,c1ccccc1,374.0
1040,CC(C)(C)c1ccc2c(c1)sc1[n+]2[B-](F)(F)n2c(c3cccc4cccc2c43)=C1C#N,Cc1ccccc1,545.0
7491,Cc1cc(C)c(C2=C3C=CC(c4ccccc4O)=[N+]3[B-]3(c4ccccc4)Oc4ccccc4-c4ccc2n43)c(C)c1,ClC(Cl)Cl,614.0
1265,CCCCC(CC)Cn1c2cc(C#N)c(-c3ccc(N(c4ccccc4)c4ccccc4)cc3)cc2c2cc(-c3ccc(N(c4ccccc4)c4ccccc4)cc3)c(C#N)cc21,CC#N,542.0
11357,COc1ccc(N(c2ccc(OC)cc2)c2ccc(-c3ccc4c(c3)C(=O)c3ccccc3C4=O)cc2)cc1,Cc1ccccc1,679.0
7059,O=C1OC(c2ccccc2)=N/C1=C\c1ccc(N(c2ccccc2)c2ccccc2)cc1,CC(C)CC(C)(C)C,490.0
277,CN(C)c1ccc(/C=C/c2ncc3ccccc3n2)cc1,C1CCCCC1,443.0
5084,O=S1(=O)C2=C(c3ccc(N(c4ccccc4)c4ccccc4)cc31)C1(C3=C(c4ccccc41)S(=O)(=O)c1cc(N(c4ccccc4)c4ccccc4)ccc13)c1ccccc12,ClCCl,577.0
10276,CCN(CC)c1ccc2cc(/C=C/C(=O)/C=C(O)/C=C/c3cc4ccc(N(CC)CC)cc4oc3=O)c(=O)oc2c1,C1COCCO1,561.0
9437,CN(C)c1ccc(C#Cc2cc(C#Cc3ccc(C(F)(F)F)cc3)c3ccc4c(C#Cc5ccc(N(C)C)cc5)cc(C#Cc5ccc(C(F)(F)F)cc5)c5ccc2c3c45)cc1,ClCCl,605.0
2382,COC(=O)c1ccc(-c2nc3ccc(N(C)C)cc3s2)cc1,CO,569.0
571,CN(C)c1ccc(C2=[N+]3C(=Nc4c(-c5ccc(OCCCCS(=O)(=O)[O-])cc5)cc(-c5ccc(N(C)C)cc5)n4[B-]3(F)F)C(c3ccc(OCCCCS(=O)(=O)[O-])cc3)=C2)cc1,CS(C)=O,826.0
1435,COC(=O)CN1C(=O)c2cc3ccc(N(C)C)cc3cc2C1=O,C1CCOC1,510.0
9439,CN(C)c1ccc(C#Cc2cc(C#Cc3ccc(N(C)C)cc3)c3ccc4c(C#Cc5ccc(N(C)C)cc5)cc(C#Cc5ccc(N(C)C)cc5)c5ccc2c3c54)cc1,ClCCl,562.0
5352,O=P1(c2ccccc2)C(c2cc(C(F)(F)F)cc(C(F)(F)F)c2)=Cc2c3ccc4cccc5ccc(c6cc(-c7ccc(N(c8ccccc8)c8ccccc8)cc7)n1c26)c3c45,CC(C)=O,635.0
5445,CCCCCCCCCCCCCCCCCCN1C(=O)c2cccc3c(OCCN(C)C)ccc(c23)C1=O,CC(C)=O,507.0
1007,CC1(C)c2ccccc2N(c2ccc3c(c2)C(c2ccccc2)(c2ccccc2)c2cc(N4c5ccccc5C(C)(C)c5ccccc54)ccc2S3(=O)=O)c2ccccc21,Cc1ccccc1,448.0
4543,OCc1cc(/N=N\c2ccc(-c3ccc4ccccc4c3)cc2F)ccc1O,CS(C)=O,430.0
11626,CCN(CC)c1ccc2cc(/C=C/C(O)=C/C(C)=O)c(=O)oc2c1,ClCCl,525.0
2064,COC(=O)C(Cc1ccc2oc(-c3ccc(N(c4ccccc4)c4ccccc4)cc3)nc2c1)NC(=O)OC(C)(C)C,CC(C)=O,456.1669206
1136,Cc1cc(O)c(C(C)C)cc1/N=C/c1ccc(O)cc1,CCO,414.0
9882,O=C1c2cccc3c(-n4c5ccccc5c5ccccc54)ccc(c23)C(=O)N1c1ccccc1,C1CCOC1,546.0
5343,CCCCC(CC)Cn1c2cc(C#N)ccc2c2cc(-c3ccc(N(c4ccccc4)c4ccccc4)cc3)c(C#N)cc21,ClCCl,517.0
10177,CCN1c2ccc(-c3cc(-c4ccccc4)[nH]n3)cc2Sc2cc(-c3cc(-c4ccccc4)[nH]n3)ccc21,c1ccccc1,458.0
294,CN(CCO)c1ccc(/C=C/C2=CC(=C(C#N)C#N)CC(C)(C)C2)cc1,ClCCl,634.0
9739,c1ccc(-n2c(-c3ccc(-c4ccc5c(c4)C4(c6ccccc6-c6ccccc64)c4cc(-c6ccc(-c7nc8ccccc8n7-c7ccccc7)cc6)c6ccccc6c4-5)cc3)nc3ccccc32)cc1,ClC(Cl)Cl,440.0
10204,COc1ccc2c(c1)nc(-c1ccccc1)n2-c1ccccc1,CC#N,391.0
8780,CC1=[N+]2C(=C(c3ccc(Br)cc3)c3ccc(C)n3[B-]2(F)F)C=C1c1cc2n(c1)[B-](F)(F)[N+]1=CC=CC1=C2c1c(C)cc(C)cc1C,C1CCCCC1,642.0
2403,CN(C)c1ccc2nc(-c3ccc(C(=O)OC(C)(C)C)cc3)sc2c1,c1ccccc1,470.0
10321,Cc1cccc(-c2c3ccccc3cc3ccccc23)n1,ClCCl,418.0
3998,COC(=O)C(Cc1ccc2oc(-c3ccc(N(C)C)cc3)nc2c1)NC(=O)OC(C)(C)C,CS(C)=O,408.496732
11432,CCCCCCOc1ccc(-c2cnc(-c3nnc(-c4ccc(OCCCCCC)cc4)o3)o2)cc1,CC#N,400.0
3741,c1ccc2c(c1)Cc1cc3c(cc1-2)Cc1ccccc1-3,ClCCl,356.0
11304,CN1CCN(c2ccc3c4c(cccc24)C(=O)c2ccccc2-3)CC1,CN(C)C=O,621.0
2719,Cc1ccc(C(=O)NN2C3=C(CC4=C2CCCC4=O)C(=O)CCC3)cc1,CC#N,343.0
11731,CN(CC(O)c1cccc(O)c1)c1ccc([N+](=O)[O-])c(C2CC(c3cccc4ccccc34)=NN2c2ccccc2)c1,C1COCCO1,454.0
5150,COc1ccc(-c2csc(-c3ccncc3)n2)cc1,ClCCl,548.0
2808,C(=C/c1ccc(Nc2ccccc2)cc1)\c1ccccc1,CC#N,436.0
9017,N#Cc1ccc2[nH]ccc2c1,C1COCCO1,348.0
556,CCCCN1C(=O)C(=C/C=C/C=C/C=C2N(CCCC)c3ccccc3N2CCCC)C(=O)N(CCCC)C1=S,OCC(F)(F)F,663.0
10934,COc1ccc2cc(-c3ccc(S(C)(=O)=O)cc3)oc(=O)c2c1,ClC(Cl)Cl,408.0
4795,CC(C)(C)c1ccc2c(c1)c1cc(C(C)(C)C)ccc1n2-c1ccc(-c2nc(-c3ccc(P(=O)(c4ccccc4)c4ccccc4)cc3)nc(-c3ccc(P(=O)(c4ccccc4)c4ccccc4)cc3)n2)cc1,CN(C)C=O,569.2206077
2469,O=C([O-])c1ccccc1-c1c2cc(I)c(=O)c(I)c-2oc2c(I)c([O-])c(I)cc12,O,534.0
3738,CC1(C)c2ccccc2N(c2c(F)cc(-c3nnc(-c4ccccc4)o3)cc2F)c2ccccc21,O=P(c1ccccc1)(c1ccccc1)c1ccccc1Oc1ccccc1P(=O)(c1ccccc1)c1ccccc1,495.0
4286,COc1ccc(N2C(=O)c3ccccc3NC2C(C)(C)C)cc1,c1ccccc1,400.0
9908,C#CCN1C(=O)/C(=C/c2cc(OC(C)C)ccc2OC(C)C)N=C1C,CO,538.0
2604,COc1cccc(-c2[nH]c(=O)n3c2-c2ccccc2C3=O)c1O,ClCCl,471.0
362,COc1ccc(-c2ccc(-c3ccc(OC)cc3)c3nc(-c4ccccc4)c(-c4ccccc4)nc23)cc1,Cc1ccccc1,492.0
6924,c1ccc2c(-n3cnc4ccccc43)cccc2c1,CCOC(C)=O,361.0
1704,COc1cc(/C=C/c2nc3ccccc3s2)c(OC)cc1/C=C/c1nc(C)nc(/C=C/c2cc(OC)c(/C=C/c3nc4ccccc4s3)cc2OC)n1,ClC(Cl)Cl,500.0
2139,CC1(C)Cc2c(c3ccccc3c3nc4ccccc4nc23)O1,CO,529.1005291
3239,CN(C)c1ccc(C2=Nc3sc4c(F)c(F)c(F)c(F)c4[n+]3[B-](F)(F)O2)cc1,CC#N,503.0
2383,COC(=O)c1ccc(-c2nc3ccc(N(C)C)cc3s2)cc1,CS(C)=O,580.0
7314,CN(C)c1cccc2c1ccc1c(=O)oc(-c3ccc(C(F)(F)F)cc3)cc12,CN(C)C=O,614.0
4311,Cc1ccc(NC(=O)c2ccc(N(C)C)cc2)cc1,CCOCC,518.0
9477,CCn1c2ccccc2sc2c(C#N)c3[nH]c4ccccc4sc3c(C#N)c21,ClC(Cl)Cl,615.0
1312,C1=CSC(=C2SC=C(/C=C/C=C/C=C/C3=CSC(=C4SC=CS4)S3)S2)S1,CO,782.0
11553,C(=C/c1ccc(-c2cccc3ccccc23)s1)\c1ccc(-c2cccc3ccccc23)s1,ClCCl,475.0
3930,c1ccc(N(c2ccccc2)c2ccc(-n3ccc4cc(-c5cccc6c5-c5ccccc5C6(c5ccccc5)c5ccccc5)ccc43)cc2)cc1,ClCCl,381.0
6183,CCc1cccc(CC)c1-c1c2ccccc2c(-c2c(CC)cccc2CC)c2cc3ccccc3cc12,ClCCl,501.0
1591,O=c1c2cc(F)c(O)cc2n(Cc2ccccc2)c2cc(O)c(F)cc12,CCO,431.0
11508,Cc1cc(C)cc(NC(=O)c2sc(Br)nc2C)c1,CCCCCC,400.6
2162,O=c1[nH]c2ccccc2[nH]1,CCCCCCC,297.000297
2396,CN(C)c1ccc2nc(-c3ccc(C(=O)O)cc3)sc2c1,c1ccccc1,484.5
317,COC(=O)C(NC(=O)OC(C)(C)C)c1ccc2oc(-c3ccc(OC(=O)c4ccccc4)cc3O)nc2c1,CO,405.0
9516,CCn1c2ccccc2c2cc(/C=C(\C#N)c3ccccc3)ccc21,ClCCl,411.0
5233,c1ccc2c(c1)c1ccccc1n2-c1ccc(-c2ccc(-c3ccc(-n4c5ccccc5c5ccccc54)nc3-n3c4ccccc4c4ccccc43)nn2)c(-n2c3ccccc3c3ccccc32)n1,CC#N,474.1803279
5068,O=C1/C(=C2\Sc3ccccc3C2=O)Sc2ccccc21,c1ccccc1,598.0
4036,CCOC(=O)c1c(-c2cc3ccc(OC)cc3oc2=O)nn(-c2ccccc2)c1C(=O)OCC,ClCCl,421.0
8987,CN(C)c1ccc(/C=C/C=C/c2ccncc2)cc1,CCCCCCC,446.0
3020,CN(C)c1ccc2cc(C#Cc3cn([C@H]4C[C@H](O)[C@@H](CO)O4)c4ncnc(N)c34)ccc2c1,CCO,421.0
9903,C#CCN1C(=O)/C(=C/c2cc(OC(C)C)ccc2OC(C)C)N=C1C,CCCCO,516.0
8228,CN(C)c1cc(C#N)c(N(C)C)c(C#N)c1,ClCCl,522.7391532
9105,CCC1(CC)c2cc(N(C)C)ccc2-c2ccc(C(F)(F)F)cc21,CCO,388.0
5295,N#CC(C#N)=C(/C=C/c1cn(-c2ccccc2)nc1-c1ccccc1)c1ccccc1,CN(C)C=O,504.0
3972,COC(=O)C(Cc1ccc2oc(-c3ccc(N(C)C)cc3)nc2c1)NC(=O)OC(C)(C)C,C1CCOC1,391.4966919
5370,CC1=N/C(=C\c2ccncc2)C(=O)N1C,C1COCCO1,439.0
4133,CCCCN1/C(=C\c2c(-c3ccc(N(C)C)cc3)c(=O)c2=O)C=Cc2ccccc21,Cc1ccccc1,435.0
974,CCC1(CC)c2cc(/C=C/c3cc(Br)c(/C=C/c4ccc5c(c4)C(CC)(CC)c4cc(N6c7ccccc7Sc7ccccc76)ccc4-5)cc3Br)ccc2-c2ccc(N3c4ccccc4Sc4ccccc43)cc21,CCCCCC,478.0
7291,CC1=[N+]2C(=C(c3ccc(N4CCCCC4)cc3)c3ccc(C)n3[B-]2(F)F)C=C1,ClC(Cl)Cl,527.0
9175,c1ccc(-c2oc(-c3ccccc3)c3ccccc23)cc1,CN(C)C=O,458.0
954,CN(C)c1ccc(/C=C/C=C2\CCCC2=O)cc1,ClCCl,565.0
9610,Cn1c(=O)c(/N=N/c2ccc(Nc3ccccc3)c(S(=O)(=O)O)c2)c(O)c2ccccc21,CS(C)=O,483.0
9752,CC[n+]1ccc(/C=C/c2cc3cccc4ccc5cccc2c5c43)cc1,Cc1ccccc1,600.0
9547,CC(C)Oc1ccc(C#Cc2ccc3ccc(=O)oc3c2)cc1,CC#N,470.0
11408,CCCCOc1ccc(-c2cc(-c3ccc(OCCCC)cc3)c3ccc4c(-c5ccc(OCCCC)cc5)cc(-c5ccc(OCCCC)cc5)c5ccc2c3c54)cc1,ClC(Cl)Cl,433.0
5016,Cc1ccccc1C1=C2C=c3c(oc4ccccc34)=[N+]2[B-](F)(F)n2c1cc1c3ccccc3oc12,CCOC(C)=O,595.0
11931,COc1ccc(N(c2ccc(OC)cc2)c2ccc(-c3ccc(C=C(C#N)C#N)s3)cc2)cc1,ClC(Cl)Cl,700.0
9179,CC1(C)CC(/C=C/c2ccc(-n3c4ccccc4c4ccccc43)cc2)=CC(=C(C#N)C#N)C1,CC#N,600.0
7490,Clc1ccc(/C=C/c2nc(-c3ccccc3)[nH]c2/C=C/c2ccc(Cl)cc2)cc1,ClCCl,465.6
1640,COC(=O)c1cc(=O)n(C)c2cc(-c3ccc(OC)cc3)sc12,CC#N,474.0
1290,CCN(CC)c1ccc2cc(-c3nc4ccccc4n3C)c(=O)oc2c1,CC#N,480.0
1380,Cn1ccc(-n2cncn2)nc1=O,O,366.0
1933,O=C1Nc2ccccc2/C1=C/C(=O)c1ccc(O)cc1,CN(C)C=O,401.0
4675,CC(C)(C)c1ccc(-c2nnc(-c3ccc4ccc5cccc6ccc3c4c56)o2)cc1,CC1CCCCC1,425.0
11193,COc1c2ccccc2c(OC)c2c1c1ccc(F)cc1n2C,CC#N,413.0
10222,CC1(C)Cc2c(c3ccccc3c3nc4c5c(c6ccccc6c4nc23)OC(C)(C)C5)O1,C1CCCCC1,489.2367906
892,F[B-]1(F)n2cccc2C=C2c3ccccc3C(c3ccc[nH]3)=[N+]21,CC#N,594.0
7287,CC1=[N+]2C(=C(c3ccc(N4CCCCC4)cc3)c3ccc(C)n3[B-]2(F)F)C=C1,C1CCCCC1,519.0
4876,COC(=O)c1nc2c(N(C)C)nc(N)nc2n1Cc1ccccc1,ClCCl,393.0
7906,COc1ccc(-n2c3ccccc3c3cc(/C=C/C(=C(C#N)C#N)c4ccccc4)ccc32)cc1,CO,597.0
8194,COCCOCCOc1ccc(OCCOCCOC)c(C=O)c1,CN(C)C=O,424.0
11499,CCOC(=O)c1c2c3c(ccc(Br)c3c3cc4ccccc4cc13)N(C)C2=O,CC#N,413.0
10301,O=c1oc2ccccc2cc1-c1nc2ccccc2o1,ClC(Cl)Cl,443.0
9041,N#Cc1c[nH]c2ccccc12,CS(C)=O,316.0
2466,O=C([O-])c1ccccc1-c1c2cc(I)c(=O)c(I)c-2oc2c(I)c([O-])c(I)cc12,CC(C)O,557.0
7657,O=C1/C(=C/C=C/c2cc3c4c(c2)CCCN4CCC3)CC/C1=C\C=C\c1cc2c3c(c1)CCCN3CCC2,CO,750.0
10106,N#Cc1cccc(C#N)c1-c1ccc(N2c3ccccc3C3(c4ccccc42)c2ccccc2N(c2ccc(-c4c(C#N)cccc4C#N)cc2)c2ccccc23)cc1,Cc1ccccc1,487.0473538
9788,N#Cc1ccc(-n2c(-c3ccc(-c4ccc(N(c5ccccc5)c5ccccc5)cc4)s3)nc3c4ccccc4c4ccccc4c32)c2ccccc12,ClCCl,408.0
1913,O=C1Nc2ccccc2/C1=C/C(=O)c1ccc(Cl)cc1Cl,C1CCCCC1,387.0
2736,O=C1CCCC2=C1CC1=C(CCCC1=O)N2NC(=O)c1ccccc1,ClC(Cl)Cl,440.0
726,O=Cc1ccc(-c2ccc(C3=CCCCC3)s2)s1,OCCOCCO,508.0
7214,CCCCCCCCN1c2ccc(C#Cc3ccc(OC)cc3)cc2Sc2cc(C=O)ccc21,Cc1ccccc1,510.0
8245,CN(C)c1ccc(/C=C/C(=O)O)cc1,c1ccccc1,416.0
1796,CC(C)(C)c1ccc(-c2nc3c4ccccc4c4ccccc4c3n2-c2ccc(C(C)(C)C)cc2)cc1,CCN(CC)CC,388.0
3845,O=C(c1ccc(N(c2ccccc2)c2ccccc2)cc1)[C@H]1[C@H](c2cccs2)C[C@](O)(c2ccccn2)C[C@]1(O)c1ccccn1,c1ccccc1,471.0
6402,CCCCN1C(=O)C(=CC=C2N(CCCC)c3ccccc3N2CCCC)C(=O)N(CCCC)C1=S,CCCCCC,488.0
936,CC1=C2c3ccccc3C(c3ccc[nH]3)=[N+]2[B-](F)(F)n2cccc21,CO,585.0
2265,CC1(C)c2ccccc2N(c2ccc(-c3cccc(C#N)c3)cc2)c2ccccc21,Cc1ccccc1,431.0
824,COc1ccc(/C=C/c2cc(/C=C/c3ccc(N(c4ccccc4)c4ccccc4)cc3)nc(/C=C/c3ccc(N(C)C)cc3)n2)cc1,CC#N,463.0
7274,CN1C(=O)/C(=C/c2ccncc2)N=C1/C=C/c1ccncc1,O,542.0
1389,O=S(=O)(c1cccc(-n2c3ccccc3c3ccccc32)c1)c1cccc(-n2c3ccccc3c3ccccc32)c1,Cc1ccccc1,405.0
3564,CN(C)c1ccc(-c2nc3cnccc3[nH]2)cc1,CCOCC,372.0
9076,C(=C/c1ccc2ncnc(Nc3ccccc3)c2c1)\c1ccccc1,ClC(Cl)Cl,455.0
5429,COc1ccc2c3c(cccc13)C(=O)N(C)C2=O,C1CCCCC1,404.0
7827,CN1C(=CC2=C([O-])C(=Cc3oc(-c4ccc(-c5ccccc5)cc4)c[n+]3C)C2=O)C(C)(C)c2ccccc21,ClC(Cl)Cl,625.0
5690,CC1=[N+]2C(=C(c3ccccc3)c3c4c5ccccc5c5ccccc5c4c(C)n3[B-]2(F)F)c2c1c1ccccc1c1ccccc21,CCCCCC,647.0
7878,CC1(C)c2ccccc2N(c2ccc3c(c2)c2cc(N4c5ccccc5C(C)(C)c5ccccc54)cc4c5ccccc5n3c42)c2ccccc21,C1CCOC1,481.9391635
1868,COc1ccc(C(=O)/C=C2\C(=O)Nc3ccccc32)cc1,CC#N,372.0
8202,COCCOc1cc(C=O)c(OCCOC)cc1C=O,CCCCO,462.0
7486,Cc1ccc(/C=C/c2nc(-c3ccc(C)cc3)[nH]c2/C=C/c2ccc(C)cc2)cc1,ClCCl,479.7
9655,O=[N+]([O-])c1ccc(/C=C/C=C/c2ccccc2)cc1,CO,606.0
806,CCn1c2ccccc2c2cc(-c3cc(-c4ccc5c(c4)c4ccccc4n5CC)nc(-c4ccc(OC)cc4)n3)ccc21,C1CCOC1,385.0
4805,Cc1cc(C)c(B(c2c(C)cc(C)cc2C)c2cc3cccc4c(B(c5c(C)cc(C)cc5C)c5c(C)cc(C)cc5C)cc5cccc2c5c34)c(C)c1,CC#N,441.3943355
11129,CCN(CC)c1ccc2nc3ccc(=[N+](CC)CC)cc-3oc2c1,CCCCCCc1ccc(-c2ccc(C#N)cc2)cc1,670.0
10300,O=c1oc2ccccc2cc1-c1nc2ccccc2o1,ClC(Cl)(Cl)Cl,444.0
11212,N#Cc1ccc(N)c2nonc12,CCCCCC,522.0
12207,COc1ccc(/C=C/C2=N/C(=C\c3ccncc3)C(=O)N2C)cc1,CC#N,574.0
10426,CNCCCN1c2ccccc2CCc2ccccc21,CC#N,348.0
9155,OCCSc1cccc2[n+]1[B-](F)(F)n1c(c3cccc4cccc1c43)=N2,Cc1ccccc1,505.0
7511,CN(C)c1ccc(/C=C/c2cc[n+](CCCCCCCCCCCC[n+]3ccc(/C=C/c4ccc(N(C)C)cc4)cc3)cc2)cc1,CS(C)=O,606.998695
8056,COc1ccc(OC)cc1,C1CCCCC1,323.2062056
4494,N#Cc1nn(-c2ccccc2Cl)nc1N1CCCC1,CC#N,426.0
2632,Cc1cc(O)c(-c2[nH]c(=O)n3c2-c2ccccc2C3=O)cc1Cl,CC#N,479.0
10906,O=S1(=O)c2ccccc2-c2c1c1ccccc1p2-c1ccccc1,CCO,464.0
8896,CCCCc1cc(C(=O)CCC)c2ccc3c(CCCC)cc(N4CCCCC4)c4ccc1c2c34,ClCCl,545.0
8623,CCC1=C(C)C2=C(C)c3c(I)c(I)c(I)n3[B-](F)(F)[N+]2=C1C,CO,552.5
7832,C(/C=C/Nc1cccc2ccccc12)=[NH+]c1cccc2ccccc12,CS(C)=O,527.0
4388,Nc1ccc2c(-c3ccc(C(=O)CN4C(=O)CCC4=O)cc3C(=O)[O-])c3ccc(=[NH2+])c(S(=O)(=O)[O-])c-3oc2c1S(=O)(=O)[O-],O,519.0
145,O=C1OC(c2ccccc2)=N/C1=C\c1ccc(N(c2ccc(/C=C3\N=C(c4ccccc4)OC3=O)cc2)c2ccc(/C=C3/N=C(c4ccccc4)OC3=O)cc2)cc1,ClC(Cl)Cl,577.8
6467,CCN(CC)c1ccc2cc3c([o+]c2c1)/C(=C/Nc1ccccc1)CCC3,CCO,647.0
2033,COc1cccc(/C=C/c2ccccc2)c1,CCOCC,357.0
11180,COc1c2ccccc2c(OC)c2c1c1cc(F)ccc1n2C,C1CCCCC1,425.0
1165,COc1ccc(/C=N/c2cc(C(C)C)c(O)cc2C)cc1,CCCCO,414.0
2050,CN(C)c1ccc(/C=C/c2ccc(C#N)cc2)cc1,CCCCCC,415.0
3760,CCCCc1cc(-c2cccc(COC)c2)oc1-c1cccc(COC)c1,ClC(Cl)Cl,363.0
4435,Cn1cc(-c2nc3ccccc3nc2/C=C/N2CCCC2)c2ccccc21,CCO,548.0524345
3430,CCCN1/C(=C/C=C(/C=C/C2=[N+](CCC)c3ccccc3C2(C)C)c2ccc([N+](=O)[O-])cc2)C(C)(C)c2ccccc21,CS(C)=O,664.0
8190,COCCOCCOc1ccc(OCCOCCOC)c(C=O)c1,CC(C)O,454.0
10739,CC1(C)c2ccccc2N(c2ccc(-c3cc(-c4ccccc4)nc(-c4ccccc4)n3)cc2)c2ccccc21,Cc1ccccc1,475.6038647
7069,O=C1OC(c2ccccc2)=N/C1=C\c1ccc(N(c2ccccc2)c2ccccc2)cc1,Cc1ccccc1,530.4
4361,Nc1ccc(C#Cc2ccc3ccc4ccc(C#Cc5ccc(N)cc5)c5ccc2c3c45)cc1,Cc1ccccc1,463.0
10616,CC(=O)c1c2c(cc3c(N(C)C)cccc13)CCC2,C1COCCO1,534.0
9454,CC(C)(C)c1ccc(-c2nc3c4ccc(-c5ccc6ccccc6c5)cc4c4cc(-c5ccc6ccccc6c5)ccc4c3n2-c2ccc(C(C)(C)C)cc2)cc1,ClC=C(Cl)Cl,398.0
1771,Cc1cc(O)c(C(=O)/C=C/c2ccc(N(C)C)cc2)c(=O)o1,CC#N,561.0
3511,Cc1ccc(N2C(c3ccccc3NS(=O)(=O)c3ccc(C)cc3)=NC(c3ccccc3)C2c2ccccc2)cc1,Cc1ccccc1,375.0
271,Cc1cccc2nc3c(=O)[nH]c(=O)[nH]c3nc12,O,495.0
8436,CC(C)(C)c1ccc(-c2nc3c4ccc(-c5ccc6ccc7cccc8ccc5c6c78)cc4c4cc(-c5ccc6ccc7cccc8ccc5c6c78)ccc4c3n2-c2ccc(C(C)(C)C)cc2)cc1,CCN(CC)CC,428.0
2032,COc1cccc(/C=C/c2ccccc2)c1,CCOC(C)=O,358.0
9005,N#Cc1ccc2cc[nH]c2c1,O,375.0
11853,Cc1ccc(C2CC(c3ccc(O)cc3)=NN2c2ccc(S(N)(=O)=O)cc2)cc1,CCO,428.0
3810,Cc1ccc(-c2cnc3nn4ccccc4c3c2)cc1,C1CCOC1,418.0
9996,CCCCNc1ccc(NCCCC)c2c1C(=O)c1ccccc1C2=O,CO,666.0
4346,CC(=O)c1ccc(NC(=O)c2ccc(N(C)C)cc2)cc1,CC#N,550.0
10653,COc1cc(-c2nc3c4cccnc4c4ncccc4c3[nH]2)c(OC)cc1/C=C/c1ccncc1,CN(C)C=O,471.0
545,N#CC1=CC=CC(C#N)=P1(c1ccccc1)c1ccccc1,ClC(Cl)Cl,491.0
3241,CN(C)c1ccc(C2=Nc3sc4c(F)c(F)c(F)c(F)c4[n+]3[B-](F)(F)O2)cc1,ClCCl,483.0
8930,CCC1=C(C)C(=O)n2c1cc1[nH]c(C(=O)OC(C)(C)C)c(C)c1c2=O,CS(C)=O,483.0
8502,Cc1ccc2c(nc3c(=O)n(C)c(=O)nc-3n2C)c1C,CC#N,543.0
9323,N#CC(C#N)=Cc1ccc(-c2ccc(-c3nc4ccccc4s3)c(O)c2)s1,ClCCl,503.0
12159,COc1ccc2c(c1)c1cc(OC)ccc1n2-c1nc2ccccc2nc1-n1c2ccc(OC)cc2c2cc(OC)ccc21,C1CCOC1,608.9783282
7564,COc1ccc([C@@H]2C[C@](O)(c3ccccn3)C[C@](O)(c3ccccn3)[C@H]2C(=O)c2ccc(N(c3ccccc3)c3ccccc3)cc2)cc1,c1ccccc1,468.0
920,Cc1ccc(C2=[N+]3C(=Cc4c(C)cc(C)n4[B-]3(F)F)c3ccccc32)[nH]1,ClCCl,629.0
11169,COc1c2ccccc2c(OC)c2c1c1c(F)cccc1n2C,CC#N,421.0
6640,O=P(c1ccccc1)(c1ccccc1)n1c2ccccc2c2ccccc21,C1CCOC1,360.0
7694,c1cc2ccc1-c1ccc(cc1)-c1ccc(s1)-c1ccc(cc1)-c1ccc(cc1)-c1ccc(s1)-c1ccc(cc1)-c1ccc(cc1)-c1ccc(s1)-c1ccc(cc1)-c1ccc(cc1)-c1ccc-2s1,C1CCOC1,472.0
8230,CN(C)c1cc(C#N)c(N(C)C)c(C#N)c1,O,555.247085
7126,CCOC(=O)COc1ccc(C(c2c(C)[nH]c3ccccc23)c2c(C)[nH]c3ccccc23)cc1OC,CO,345.0
4278,CC(C)(C)C1Nc2ccccc2C(=O)N1c1ccccc1,CC#N,417.0
2983,CCN(CC)c1ccc([N+]2=Cc3ccc4c5c(ccc4c3O[B-]2(c2ccccc2)c2ccccc2)C=[N+](c2ccc(N(CC)CC)cc2)[B-](c2ccccc2)(c2ccccc2)O5)cc1,Cc1ccccc1,627.0
130,CCOC(=O)CN1C(=O)C2=C(c3ccc(N4CCCCC4)cc3)N(CC(=O)OCC)C(=O)C2=C1c1ccc(N2CCCCC2)cc1,CC#N,590.0
7980,C/C=C/c1cccc(OC)c1,CC#N,327.0
2667,c1ccc2sc(-c3ccc(-c4nnc(-c5ccc(-c6nnc(-c7ccc(-c8cc9ccccc9s8)s7)o6)cc5)o4)s3)cc2c1,Cc1ccccc1,399.0
7138,CC/[NH+]=c1\cc2oc3cc(NCCC(=O)NCC(=O)OC)c4ccccc4c3nc-2cc1C,CCO,644.0
3223,CCOC(=O)/C(C#N)=C(\C=C\c1ccc(N(c2ccccc2)c2ccc(/C=C/C(=C(/C#N)C(=O)OCC)c3ccccc3)cc2)cc1)c1ccccc1,CC#N,643.0
9374,Cc1cccc(C)c1-c1cc2c(C)c3c4cc5nc6ccc7c8c(C)c9cc(-c%10c(C)cccc%10C)c(-c%10c(C)cccc%10C)cc9c(C)c8c7c6nc5cc4c3c(C)c2cc1-c1c(C)cccc1C,ClC(Cl)Cl,576.0
7693,COC(=O)C(NC(=O)OC(C)(C)C)c1ccc2oc(-c3cccc(Oc4ccccc4)c3)nc2c1,CO,348.0
5392,CCN(CC)c1ccc(-c2nc3c4ccc(-c5ccccc5)cc4c4cc(-c5ccccc5)ccc4c3[nH]2)c(O)c1,ClCCl,435.0
614,c1ccc(-c2nc(-c3ccccc3)nc(-c3ccc(-n4c5ccccc5c5cc(-c6ccc7oc8ccccc8c7c6)ccc54)cc3)n2)cc1,CN(C)C=O,526.0
12142,CCCCCCC(CCCCCC)N1C(=O)c2cccc3c(-c4cc(OC)c(OC)c(OC)c4)ccc(c23)C1=O,CCCCCCCCCCCCCC,442.3
1466,COc1ccc(-c2ccc(-c3ccc(C#N)s3)s2)cc1,CS(C)=O,484.0
4497,N#Cc1nn(-c2c(Cl)cccc2Cl)nc1N1CCCC1,CC#N,418.0
3042,CC(=O)O[B-]1(OC(C)=O)OC(/C=C/c2ccc(C)cc2)=CC(/C=C/c2ccc(C)cc2)=[O+]1,ClC(Cl)Cl,491.0
9126,CN(C)c1ccc2c(c1)Cc1ccccc1-2,C1COCCO1,369.0
2419,Oc1ccccc1-c1nc2ccccc2s1,CCO,373.0
5085,O=S1(=O)C2=C(c3ccc(N(c4ccccc4)c4ccccc4)cc31)C1(C3=C(c4ccccc41)S(=O)(=O)c1cc(N(c4ccccc4)c4ccccc4)ccc13)c1ccccc12,C1CCOC1,561.0
3294,Cc1ccc(Nc2ccc(Nc3ccc(C)cc3)c3c2C(=O)c2ccccc2C3=O)cc1,CCCCCCCCCCO,682.0
6737,c1ccc(N(c2ccccc2)c2ccc3c(ccc4nc5ccc6cc(N(c7ccccc7)c7ccccc7)ccc6c5nc43)c2)cc1,ClCCl,576.0
1500,Oc1ccccc1/N=C/c1ccccc1Oc1ccccc1,Cc1ccccc1C,412.0
9018,N#Cc1ccc2[nH]ccc2c1,CC#N,362.0
1521,Oc1cccc(/N=C/c2ccccc2Oc2ccccc2)c1,ClC(Cl)Cl,415.0
11168,COc1c2ccccc2c(OC)c2c1c1c(F)cccc1n2C,C1CCCCC1,411.0
4232,Cc1n[nH]c2c1C(c1ccc([N+](=O)[O-])cc1)C(C#N)=C(N)O2,ClCCl,402.0
7686,CCN(CC)c1ccc2cc(/C=C(\C#N)c3nc4ccccc4o3)c(=O)oc2c1,CO,584.0
8820,CN(C)c1ccc(/C=C/c2cc(/C=C/c3ccc(N(C)C)cc3)nc(/C=C/c3ccc(N(c4ccccc4)c4ccccc4)cc3)n2)cc1,CCCCCCC,451.0
4430,F[B-]1(F)OC(c2ccccc2)=Nc2sc(-c3ccccc3)n[n+]21,CN(C)C=O,419.0
390,c1ccc(B2Nc3cc4c(cc3-c3sc5ccccc5c32)NB(c2ccccc2)c2c-4sc3ccccc23)cc1,ClCCl,418.0
12092,CCc1ccc(-c2ccc(-c3nnc(-c4ccc(-c5nnc(-c6ccc(-c7ccc(CC)cc7)s6)o5)cc4)o3)s2)cc1,Cc1ccccc1,402.0
7124,CCOC(=O)COc1ccc(C(c2c(C)[nH]c3ccccc23)c2c(C)[nH]c3ccccc23)cc1OC,C1CCCCC1,329.0
5913,O=C(O)c1c2ccccc2c(C(=O)O)c2ccccc12,C1CCOC1,451.0
8592,N#CC(C#N)=Cc1ccc2c(c1)[nH]c1c3ccccc3sc21,ClCCl,544.0
4806,Cc1cc(C)c(B(c2c(C)cc(C)cc2C)c2cc3cccc4c(B(c5c(C)cc(C)cc5C)c5c(C)cc(C)cc5C)cc5cccc2c5c34)c(C)c1,CCCCCC,419.0
10967,CC(C)c1cc(C(C)C)c(B2c3cc(-n4c5ccc(C(C)(C)C)cc5c5cc(C(C)(C)C)ccc54)ccc3N(c3ccccc3)c3ccc(-n4c5ccc(C(C)(C)C)cc5c5cc(C(C)(C)C)ccc54)cc32)c(C(C)C)c1,c1cc(-c2cccc(-n3c4ccccc4c4ccccc43)c2)cc(-n2c3ccccc3c3ccccc32)c1,458.0
8238,CN(C)c1ccc(/C=C/C(=O)O)cc1,CC#N,445.0
8044,COc1ccc(O)cc1C=O,CO,489.0
11993,Cc1c2oc3c(C)c(N)cc(C(=O)NC4OC(=O)C(C(C)C)N(C)C(=O)CN(C)C(=O)C5CCCN5C(=O)C(C(C)C)NC4=O)c3nc-2c(C(=O)NC2OC(=O)C(C(C)C)N(C)C(=O)CN(C)C(=O)C3CCCN3C(=O)C(C(C)C)NC2=O)c(N)c1=O,CCOC(C)=O,598.7522004
3993,COC(=O)C(Cc1ccc2oc(-c3ccc(N(C)C)cc3)nc2c1)NC(=O)OC(C)(C)C,CCOC(C)=O,381.5046544
11714,N#Cc1ccc(C#Cc2ccc(C#Cc3ccc(C#Cc4ccccc4C#N)cc3C#N)cc2C#N)cc1,ClC(Cl)Cl,392.0
6609,COc1ccc2cc(-c3ccc([N+](=O)[O-])cc3)ccc2c1,ClCCl,591.0
5319,COc1cc(/C=C/c2cc(OC)c(-c3nc(-c4ccccc4)c(-c4ccccc4)[nH]3)cc2OC)c(OC)cc1/C=C/c1cc(OC)c(-c2nc(-c3ccccc3)c(-c3ccccc3)[nH]2)cc1OC,CC#N,515.0
12068,c1ccc(-c2nn(-c3ccccc3)c3nc4ccc(-n5c6ccccc6c6ccccc65)cc4cc23)cc1,CC(C)=O,474.8338082
7119,CCOC(=O)CCOc1ccccc1C(c1c(C)[nH]c2ccccc12)c1c(C)[nH]c2ccccc12,O,350.0
2421,Oc1ccccc1-c1nc2ccccc2s1,O,463.0
5604,CC1(C)C(/C=C/C2=C(c3ccc(C(=O)O)cc3)/C(=C/C=C3/N(CCCCS(=O)(=O)[O-])c4ccc(S(=O)(=O)[O-])cc4C3(C)C)CCC2)=[N+](CCCCS(=O)(=O)[O-])c2ccc(S(=O)(=O)[O-])cc21,CO,787.5
1750,CN(C)c1ccc(/C=C/c2nc3ccccc3s2)cc1,CS(C)=O,513.0
11040,CCOC(=O)c1ccc(C2CC(c3cccc4ccccc34)=NN2c2ccc(C#N)cc2)cc1,ClCCl,430.0
11916,Nc1n[n+]([O-])c2cc(F)ccc2[n+]1[O-],O,562.0
338,CCCCN(CCCC)c1ccc(C#Cc2cc(C#Cc3c(F)c(F)c(F)c(F)c3F)c(C#Cc3ccc(N(CCCC)CCCC)cc3)cc2C#Cc2c(F)c(F)c(F)c(F)c2F)cc1,c1ccccc1,534.0
8407,CCN1c2ccccc2Sc2cc(/C=C(\C#N)c3ccccc3)ccc21,C1CCOC1,569.0
1341,CCOC(=O)COc1ccc(/C=C/c2cc(C)c3n2[B-](F)(F)[N+]2=C(c4[nH]c(C)cc4C)c4ccccc4C2=C3)cc1,CO,697.0
11706,CN(C)c1ccc(C#Cc2ccc(C#Cc3ccc(C#Cc4ccccc4C#N)cc3C#N)cc2C#N)cc1,ClC(Cl)Cl,555.0
7982,CN(C)c1cccc(C#N)c1,CC#N,404.7531993
3640,C[C@]12SC(=O)C=C1c1nc(-c3ccc(O)cc3)[nH]c1C1=CC(=O)S[C@@]12C,CC#N,536.0
329,Cc1ccc(C2=C3C=CC(C#Cc4ccccc4)=[N+]3[B-](F)(F)n3c(C#Cc4ccccc4)ccc32)cc1,ClC(Cl)Cl,628.0
10822,CN(C)c1ccc(C2=Cc3c4ccccc4c4ccccc4[n+]3[B-](F)(F)O2)cc1,C1COCCO1,518.0
3004,N#Cc1ccc2cc(C#Cc3cn([C@H]4C[C@H](O)[C@@H](CO)O4)c4ncnc(N)c34)ccc2c1,CCOC(C)=O,458.0
6960,Cc1ccc(C2=C3C=CC(/C=C/c4ccccc4)=[N+]3[B-](F)(F)n3c(/C=C/c4ccccc4)ccc32)cc1,C1COCCO1,646.0
4090,O=C1O[B-]2(OC1=O)OC(c1ccc3ccccc3c1)=CC(c1ccc3ccccc3c1)=[O+]2,CC#N,550.0
9828,Cn1cc(-c2nc3ccccc3nc2C#Cc2ccccc2)c2ccccc21,ClCCl,510.0
2322,CN(C)CCN(Cc1c2ccccc2c(CN(CCN(C)C)c2ccc([N+](=O)[O-])cc2[N+](=O)[O-])c2ccccc12)c1ccc([N+](=O)[O-])cc1[N+](=O)[O-],CC#N,389.0
6667,Cc1cc(=O)oc2cc3c4ccccc4c4ccccc4c3cc12,C1CCOC1,410.0
7009,CCCCCCCN1C(=CC2=C([O-])C(=CC3=[N+](CCCCCCC)c4ccccc4C3(C)C)C2=C(C#N)C#N)Sc2ccccc21,CCO,699.0
4197,CCOC(=O)c1ccccc1-c1c2ccc(=[N+](CC)CC)cc-2oc2c1c(=O)oc1c3c4c(cc12)CCCN4CCC3,O,687.0
3549,O=C(N/N=C/c1ccccc1O)c1cccc2ccccc12,C1CCOC1,436.0
9650,O=[N+]([O-])c1ccc(/C=C/C=C/c2ccccc2)cc1,C1CCOC1,508.0
8363,C(=C/c1ncnc2ccccc12)\c1ccc(-c2ccc(N(c3ccccc3)c3ccccc3)cc2)cc1,ClCCl,610.0
4203,CCN(CC)c1ccc(/N=N/c2nc3ccc([N+](=O)[O-])cc3s2)cc1,CC#N,607.0
11628,Nc1ccc2c(C(F)(F)F)cc(=O)oc2c1,CCOC(C)=O,456.0
10946,CCN(CC)c1ccc2cc(-c3ccc(C(F)(F)F)cc3)oc(=O)c2c1,CCCCCC,418.0
6185,c1ccc(-c2c3ccccc3c(-c3ccccc3)c3cc4ccccc4cc23)cc1,ClCCl,503.0
1639,COC(=O)c1cc(=O)n(C)c2cc(-c3ccc(OC)cc3)sc12,C1CCOC1,472.0
9130,CC(C)(C)c1ccc2c(c1)Cc1cc(C(C)(C)C)ccc1-2,C1CCCCC1,348.0
60,CC1(C)CC(/C=C/c2cn(-c3ccccc3)nc2-c2ccccc2)=CC(=C(C#N)C#N)C1,C1CCOC1,556.0
1240,CCN1c2ccc(-c3cc(C(F)(F)F)[nH]n3)cc2Sc2cc(-c3cc(C(F)(F)F)[nH]n3)ccc21,CC#N,469.0
5760,CCC[n+]1ccc(/C=C/c2ccc(N(C)C)cc2)cc1,CS(C)=O,589.0
5136,CCN(CC)c1ccc(C2=C3C(C)=CC(/C=C/c4ccc(OCCCN=[N+]=[N-])cc4)=[N+]3[B-](F)(F)n3c(C)cc(C)c32)cc1,CO,587.0
2343,Cc1cn(C(F)(F)F)c(=O)[nH]c1=O,CC#N,307.0
2120,CC(C)(C)c1ccc2oc(-c3ccc(-c4nc5cc(C(C)(C)C)ccc5o4)s3)nc2c1,CCO,434.0
1524,Oc1cccc(/N=C/c2ccccc2Oc2ccccc2)c1,OCCO,418.0
7617,FC(F)(F)c1ccc(-c2nnc(-c3cc(-c4nnc(-c5ccc(C(F)(F)F)cc5)o4)c(-n4c5ccccc5c5ccccc54)cc3-n3c4ccccc4c4ccccc43)o2)cc1,O=P(c1ccccc1)(c1ccccc1)c1ccccc1Oc1ccccc1P(=O)(c1ccccc1)c1ccccc1,480.0
153,O=C1OC(c2ccccc2)=N/C1=C\c1ccc(N(c2ccc(/C=C3\N=C(c4ccccc4)OC3=O)cc2)c2ccc(/C=C3/N=C(c4ccccc4)OC3=O)cc2)cc1,CCCCC,504.0
481,CN(C)c1ccc(/C=C/C=C/C=C/c2ccc(N(C)C)cc2)cc1,Cc1ccccc1,480.0
6122,COc1ccc(C#Cc2ccc(C#N)cc2)cc1OC,CCCO,425.0
7674,CN(C)c1ccc(C2=Cc3cccc[n+]3[B-](F)(F)O2)cc1,CC#N,528.0
7101,CC1(C)c2ccccc2N(c2cc3c4ccccc4n4c5ccccc5c(c2)c34)c2ccccc21,C1CCCCC1,416.9201521
1762,CCN(CC)c1ccc(/C=C/C(=O)c2c(O)cc(C)oc2=O)cc1,ClCCl,575.0
8942,CCC1=C(C)C(=O)n2c1cc1c(c(C)c(C(=O)OC)n1C)c2=O,c1ccccc1,447.0
7715,CCOC(=O)c1cc(C(=O)OCC)c2ccc(OC)cc2n1,CCO,451.0
9977,COc1nc(Nc2cc3ccc4cccc5ccc(c2)c3c45)nc(OC)n1,CO,392.0
11122,COc1ccc(NC(=O)C(C(=O)Nc2ccc(OC)cc2)C(c2ccccc2O)c2c(C)[nH]c3ccccc23)cc1,CO,350.0
7479,CCN(CC)c1ccc2cc(/C=C/C3=CC(/C=C/c4cc5ccc(N(CC)CC)cc5oc4=O)=[O+][B-](F)(F)O3)c(=O)oc2c1,CC#N,725.0
6212,COc1ccc(-n2c3ccccc3c3cc(C=C(C#N)C#N)ccc32)cc1,C1CCOC1,499.0
4853,O=S1(=O)c2ccc(-c3ccc(N(c4ccccc4)c4ccccc4)cc3)cc2C2(c3ccccc3-c3ccccc32)c2cc(-c3ccc(N(c4ccccc4)c4ccccc4)cc3)ccc21,ClCCl,465.0
2711,COc1ccc(C(=O)NN2C3=C(CC4=C2CCCC4=O)C(=O)CCC3)cc1,CC(C)=O,435.0
6766,Cc1cc(C(F)(F)F)nc2c1ccc1nc(-c3ccc(Cl)cc3)cn12,ClC(Cl)Cl,452.0
4150,N#Cc1ccc2c(c1)C1(c3cc(C#N)ccc3-2)c2ccccc2N(c2ccccc2)c2ccccc21,Cc1ccccc1,492.1768707
1333,CC1=[O+][B-]2(OC(=O)C(=O)O2)OC(c2c3ccccc3cc3ccccc23)=C1,ClC(Cl)(Cl)Cl,514.0
12176,CC1(C)Cc2c(c3ccccc3c3nc4c(nc23)c2c(c3ccccc34)OC(C)(C)C2)O1,c1ccccc1,463.1773969
8378,COC(=O)C(Cc1ccc2oc(-c3ccc4c(c3)c3ccccc3n4-c3ccccc3)nc2c1)NC(=O)OC(C)(C)C,CCC(C)CC,372.4949713
9328,Oc1cc(-c2cccs2)ccc1-c1nc2ccccc2s1,O,517.0
11510,Cc1cc(C)cc(NC(=O)c2sc(Br)nc2C)c1,CN(C)C=O,398.2
11903,COc1cccc(-c2c3ccccc3c3n2[B-](F)(F)[N+]2=Cc4c5ccccc5c(-c5cccc(OC)c5)n4[B-](F)(F)[N+]2=C3)c1,CN(C)C=O,603.0
10250,CCCCCCc1ccc2c3c(ccc2c1)O[B-](c1ccccc1)(c1ccccc1)[N+](c1ccc([N+]2=Cc4c(ccc5cc(CCCCCC)ccc45)O[B-]2(c2ccccc2)c2ccccc2)cc1)=C3,CC#N,561.0
11173,COc1c2ccccc2c(OC)c2c1c1cc(C)ccc1n2C,CC#N,431.0
3850,COc1ccc(-c2oc3cccc4c5c(-c6ccc(OC)cc6)/c(=N/S(=O)(=O)C(F)(F)F)oc6cccc(c2c34)c65)cc1,ClC(Cl)Cl,612.0
8340,CC1(C)C(/C=C/C2=C(c3ccc(C(=O)O)cc3)/C(=C/C=C3/N(CCCCS(=O)(=O)[O-])c4ccc5ccccc5c4C3(C)C)CCC2)=[N+](CCCCS(=O)(=O)[O-])c2ccc3ccccc3c21,CO,811.0
4124,CCCCCCN1C(=O)c2cccc3c(-c4ccc(-c5cc(-c6ccc(C)cc6)nn5-c5ccccc5)s4)ccc(c23)C1=O,ClCCl,519.0
10978,c1ccc(-n2c3ccccc3c3cc(-n4ccc5cc(-c6ccc7c(c6)C(c6ccccc6)(c6ccccc6)c6ccccc6-7)ccc54)ccc32)cc1,ClCCl,378.0
4788,Clc1ccccc1N1c2sc3ccccc3c2Sc2sc3ccccc3c21,ClCCl,553.0
2866,COc1cc(-c2nc(-c3ccccc3)c(-c3ccccc3)[nH]2)c(OC)cc1/C=C/c1ccncc1,C1CCOC1,475.0
1386,O=S(=O)(c1cccc(-n2c3ccccc3c3ccccc32)c1)c1cccc(-n2c3ccccc3c3ccccc32)c1,c1cc(-n2c3ccccc3c3ccccc32)cc(-n2c3ccccc3c3ccccc32)c1,419.9445983
5941,COc1cc(/C=C/c2cc[n+](Cc3ccc(Br)cc3)cc2)ccc1O,CN(C)P(=O)(N(C)C)N(C)C,567.0
3067,COc1ccc(/C=C/C2=CC(/C=C/c3ccc(OC)cc3)=[O+][B-](F)(F)O2)cc1,CC#N,549.0
11865,NS(=O)(=O)c1ccc(N2N=C(c3ccc(O)cc3)CC2c2ccc(Br)cc2)cc1,CN(C)C=O,422.0
3629,O=C1c2ccccc2C(=O)N1c1ccc(Cn2cncn2)cc1,ClCCl,367.0
11595,N#C[Se]CCCCCOc1ccc2ccc(=O)oc2c1,O,397.0
10961,CCN(CC)c1ccc2cc(-c3ccc(S(C)(=O)=O)cc3)oc(=O)c2c1,CO,489.0
3028,COc1ccc(/C=C/C2=CC(/C=C/c3ccc(OC)cc3)=[O+][B-](F)(F)O2)cc1,ClC(Cl)(Cl)Cl,492.0
2969,CCC1=C(C)C2=C(c3ccc(-c4c5ccccc5c(-c5ccccc5)c5ccccc45)cc3)c3c(C)c(CC)c(C)n3[B-](F)(F)[N+]2=C1C,ClCCl,540.0
9900,C#CCN1C(=O)/C(=C/c2cc(OC(C)C)ccc2OC(C)C)N=C1C,CC#N,508.0
8646,C#CCNC1=C2C=CC=[N+]2[B-](F)(F)n2cccc21,CO,464.5
6136,C(=C/c1ccc(-c2nnc(-c3ccc(/C=C/c4ccc(-c5nc(-c6ccccc6)c(-c6ccccc6)[nH]5)cc4)cc3)o2)cc1)\c1ccc(-c2nc(-c3ccccc3)c(-c3ccccc3)[nH]2)cc1,Cc1ccccc1,445.0
8801,CCC1=C(C)C2=C(C)c3c(C)c(-c4csc(N5CCOCC5)n4)c(C)n3[B-](F)(F)[N+]2=C1C,ClC(Cl)Cl,603.0
4263,O=C1OCC2=C1C(c1ccccc1)c1cc3c(cc1N2CCO)CCC3,CO,413.0
645,CC1CC(C)(C)N(C)c2ccc(/C=C/c3ccc(/C=C(\C#N)C(=O)O)s3)cc21,ClCCl,712.0
11841,COc1ccc(C2CC(c3ccc(O)cc3)=NN2c2ccc(S(N)(=O)=O)cc2)cc1,CS(C)=O,425.0
2074,COC(=O)C(Cc1ccc2oc(-c3ccc(N(c4ccccc4)c4ccccc4)cc3)nc2c1)NC(=O)OC(C)(C)C,CCOC(C)=O,448.7504544
341,CCCCN(CCCC)c1ccc(C#Cc2cc(C#Cc3ccc(C#N)cc3)c(C#Cc3ccc(C#N)cc3)cc2C#Cc2ccc(N(CCCC)CCCC)cc2)cc1,ClCCl,563.0
8041,COc1ccc(O)c(C(=O)[O-])c1,CO,416.0
1622,COC(=O)c1cc(=O)n(C)c2cc(-c3ccccc3N(C)C)sc12,ClCCl,537.0
7141,CC/[NH+]=c1\cc2oc3cc(NCCC(=O)NCCCCC(NC(C)=O)C(=O)OC)c4ccccc4c3nc-2cc1C,O,654.0
5796,COc1ccc(-c2cc3c4c(c2)CCc2cc(-c5ccc(OC)cc5)cc(c2-4)CC3)cc1,CN(C)C=O,392.1505376
7184,c1ccc2c(c1)-c1c(cc3ccc4cccc5ccc1c3c45)C21c2cc(-c3ccc4ccc5cccc6ccc3c4c56)ccc2-c2ccc(-c3ccc4ccc5cccc6ccc3c4c56)cc21,ClC(Cl)Cl,424.0
11435,CCCCCCOc1ccc(-c2cnc(-c3nnc(-c4ccc(OCCCCCC)cc4)o3)o2)cc1,ClC(Cl)Cl,390.0
8232,CN(C)c1cc(C#N)c(N(C)C)c(C#N)c1,c1ccccc1,519.4805195
5475,Cc1cc(C)c(B(c2c(C)cc(C)cc2C)c2cc3ccc4ccccc4c3c3c2cc(N(C)C)c2ccccc23)c(C)c1,C1CCOC1,601.0
10281,CCN(CC)c1ccc2cc(/C=C/C(=O)/C=C(O)/C=C/c3cc4ccc(N(CC)CC)cc4oc3=O)c(=O)oc2c1,CS(C)=O,621.0
10367,CN(C)c1ccc(C#Cc2nc(-c3ccccc3)nc3ccccc23)cc1,C1CCOC1,549.0
11342,O=C1c2ccccc2C(=O)c2cc(-c3ccc(N(c4ccccc4)c4ccccc4)cc3)ccc21,C1CCOC1,713.0
74,O=c1ccc2cc3ccoc3cc2o1,CCOCC,393.0
12132,CCCCCCC(CCCCCC)N1C(=O)c2cccc3c(-c4ccc([Si](C)(C)C)cc4)ccc(c23)C1=O,Cc1ccccc1,416.7
10849,CCOC(=O)C1=C(N)n2c(=O)c3ccccc3c(=O)n2C1c1ccc(C)cc1,CS(C)=O,517.0
10268,c1ccc(-c2nc(-c3cccc4ccccc34)n3ccccc23)cc1,ClCCl,486.0
8633,CCC1=C(C)C2=C(C)c3cc(I)c(I)n3[B-](F)(F)[N+]2=C1C,CCO,548.0
11311,CN1CCN(c2ccc3c4c(cccc24)C(=O)c2ccccc2-3)CC1,C1COCCO1,584.0
2051,CN(C)c1ccc(/C=C/c2ccc(C#N)cc2)cc1,CCCCOCCCC,453.0
2541,CCCCC(CC)Cn1c2cc(-c3ccc(N(c4ccccc4)c4ccccc4)cc3)c(C#N)cc2c2cc(C#N)c(-c3ccc(N(c4ccccc4)c4ccccc4)cc3)cc21,CCN(CC)CC,427.88
1301,N#Cc1cc(-n2c3ccccc3c3ncccc32)c(-n2c3ccccc3c3ncccc32)cc1C#N,Cc1ccccc1,450.6976744
5877,CC(C)[Si]1(C(C)C)c2ccccc2-c2ccc(N(C)C)cc21,C1CCCCC1,397.0
7368,CCN(CC)c1ccc2cc(-c3nc4cc(C(=O)Nc5cccc(C)c5)ccc4o3)c(=O)oc2c1,ClCCl,495.0
1304,C1=CSC(=C2SC=C(/C=C/C=C/C=C/C3=CSC(=C4SC=CS4)S3)S2)S1,C1CCOC1,736.0
8428,N#CC1=C(c2ccc(-c3cccs3)s2)CC1,C1CCOC1,447.0
11137,CCCCC(CC)CN1C(=O)c2cccc3c(C#Cc4ccc(N(c5ccc(C#Cc6ccc7c8c(cccc68)C(=O)N(CC(CC)CCCC)C7=O)cc5)c5ccc(C#Cc6ccc7c8c(cccc68)C(=O)N(CC(CC)CCCC)C7=O)cc5)cc4)ccc(c23)C1=O,C1CCCCC1,474.0
2599,COc1ccc(-c2[nH]c(=O)n3c2-c2ccccc2C3=O)c(OC)c1,CC#N,492.0
2573,CCCCC1(c2ccccc2)Nc2c(-c3ccc(N(C)C)cc3)ccc(-c3ccc(N(C)C)cc3)c2N=C1c1ccccc1,CCCCCC,530.0
3186,CC[N+](CC)=c1ccc2c(-c3ccccc3C(=O)O)c3c(=O)oc4cc5c(cc4c3oc-2c1)CCCN5C,ClC(Cl)Cl,647.0
2768,Cc1ccc(-c2ccc(/C=C/c3cccn3C)cn2)nc1,CN(C)C=O,493.0
4831,CCc1c(C)c2n(c1C)[B-](F)(F)[N+]1=C(NCc3ccc(OC)cc3)C=CC1=C2C,CO,548.0
4223,Cc1n[nH]c2c1C(c1ccc([N+](=O)[O-])cc1)C(C#N)=C(N)O2,CC#N,407.0
12133,CCCCCCC(CCCCCC)N1C(=O)c2cccc3c(-c4ccc([Si](C)(C)C)cc4)ccc(c23)C1=O,ClC(Cl)Cl,425.4
2106,O=C(Cc1ccccc1)OCc1ccc2c3cccc4cccc(c5cccc1c52)c43,CCO,445.0
2679,CCN(CC)c1ccc2c(-c3ccc(S(=O)(=O)O)cc3S(=O)(=O)[O-])c3ccc(=[N+](CC)CC)cc-3oc2c1,CCO,581.0
1387,O=S(=O)(c1cccc(-n2c3ccccc3c3ccccc32)c1)c1cccc(-n2c3ccccc3c3ccccc32)c1,C1CCOC1,426.0
10940,CN(C)c1ccc(-c2cc3ccc([N+](=O)[O-])cc3c(=O)o2)cc1,CN(C)C=O,605.0
11848,NS(=O)(=O)c1ccc(N2N=C(c3ccc(O)cc3)CC2c2ccc(Cl)cc2)cc1,CO,431.0
7083,O=C1c2ccccc2-c2ccc(N3CCN(c4ccccc4)CC3)c3cccc1c23,CCO,589.0
1279,N#CC(C#N)=Cc1ccc2c(c1)c1ccccc1n2-c1cccc2ccccc12,ClCCl,473.0
804,CCn1c2ccccc2c2cc(-c3cc(-c4ccc5c(c4)c4ccccc4n5CC)nc(-c4ccc(C#N)cc4)n3)ccc21,Cc1ccccc1,388.0
1555,Oc1ccc(/N=C/c2ccccc2Oc2ccccc2)cc1,ClCCl,414.0
11634,N#Cc1cc2ccc(O)cc2oc1=O,CC#N,402.0
4566,COc1ccc(C#Cc2c3ccccc3c(C#Cc3ccc(OC)cc3)c3ccccc23)cc1,ClCCl,492.0
11859,NS(=O)(=O)c1ccc(N2N=C(c3ccc(O)cc3)CC2c2ccc(Br)cc2)cc1,C1CCOC1,417.0
4841,C=CCOC(=O)C(C#N)=C1C=C(/C=C/c2ccc(N(C)C)cc2)OC(/C=C/c2ccc(N(C)C)cc2)=C1,C1CCOC1,595.0
3594,CN(C)CCCN1c2ccccc2Sc2ccc(Cl)cc21,O,453.0
6035,CN(C)c1ccc(C#Cc2ccc(C#N)cc2)cc1,CS(C)=O,573.0002292
6852,COc1cc(N(c2ccccc2)c2ccccc2)ccc1C=C(C#N)C#N,ClC(Cl)Cl,567.0
10112,CCCCCCc1ccsc1-c1ccc(-c2sc(C(=O)O)cc2CCCCCC)s1,CO,451.0
8705,F[B-]1(F)n2cccc2C=C2C=CC=[N+]21,OCC(F)(F)F,505.0
4177,COc1ccc(-c2nc(-c3ccc(C(=O)O)cc3)[nH]c2-c2ccc(OC)cc2)cc1,CO,447.0
1308,C1=CSC(=C2SC=C(/C=C/C=C/C=C/C3=CSC(=C4SC=CS4)S3)S2)S1,CC1CCCCC1,638.0
9106,CCC1(CC)c2cc(N(C)C)ccc2-c2ccc(C(F)(F)F)cc21,CCOCC,373.0
3452,Ic1ccc(C2=C3C=CC4=[N+]3[B-]3(Oc5ccccc54)Oc4ccccc4-c4ccc2n43)cc1,ClC(Cl)Cl,654.0
3695,CN(C)c1ccc2c(c1)COc1c-2oc2ccccc2c1=O,CCOC(C)=O,462.5357143
4242,C(=C/c1ccc(N(c2ccc(/C=C/c3ccc(-c4cc(-c5ccccc5)nc(-c5ccccc5)c4)cc3)cc2)c2ccc(/C=C/c3ccc(-c4cc(-c5ccccc5)nc(-c5ccccc5)c4)cc3)cc2)cc1)\c1ccc(-c2cc(-c3ccccc3)nc(-c3ccccc3)c2)cc1,Cc1ccccc1,466.0
2198,CCN(CC)c1ccc2cc(/C(Cl)=C/C=C/C(=C(C#N)C#N)c3ccc4c(c3)c3ccccc3n4CC)c(=O)oc2c1,CN(C)C=O,732.0
8966,O=C([O-])c1ccccc1C1=c2cc3c4c(c2Oc2c1cc1c5c2CCCN5CCC1)CCC[N+]=4CCC3,CC#N,603.0
4425,COc1ccc(-c2n[n+]3c(s2)N=C(c2ccccc2)O[B-]3(F)F)cc1,Cc1ccccc1,436.0
6150,COc1ccc(-c2cc(B(c3c(C)cc(C)cc3C)c3c(C)cc(C)cc3C)c(-c3sc(-c4ccc(OC)cc4)cc3P(=O)(c3ccccc3)c3ccccc3)s2)cc1,CO,586.0
943,CN(C)c1ccc(/C=C/C=C2\CCCC2=O)cc1,CCCCO,590.0
822,O=S(=O)(c1ccccc1)c1ccc(-c2ccc3c4ccc(-c5ccc(S(=O)(=O)c6ccccc6)cc5)cc4n(-c4ccccc4)c3c2)cc1,ClCCl,411.0
5005,c1ccc(-c2ccc(-c3ccc(-c4cc(-c5ccc(-c6ccc(-c7ccccc7)cc6)cc5)cc(-c5ccc(-c6ccc(-c7ccccc7)cc6)cc5)c4)cc3)cc2)cc1,C1COCCO1,375.0
6612,Clc1ccc(/C=C/c2ccc(-c3nc4c5cccnc5c5ncccc5c4[nH]3)cc2)cc1,CC#N,471.0
8356,C[C@]12C(=O)NC(=O)N([C@H]3CC(O)[C@@H](CO)O3)[C@H]1[C@H]1Oc3cc4oc(=O)ccc4cc3[C@H]12,O,465.0
5619,CN(C)c1ccc2c(c1)[Si](C)(C)C1=CC(=[N+](C)C)C=CC1=C2C#Cc1ccccc1,O,736.0
4547,N#CC(C#N)=C(c1cccc(N(c2ccccc2)c2ccccc2)c1)c1cccc(N(c2ccccc2)c2ccccc2)c1,CC(C)=O,505.5793991
2538,CCCCC(CC)Cn1c2cc(-c3ccc(N(c4ccccc4)c4ccccc4)cc3)c(C#N)cc2c2cc(C#N)c(-c3ccc(N(c4ccccc4)c4ccccc4)cc3)cc21,C1CCCCC1,416.0
9503,N#Cc1ccc(/C=C/C=C/C2=NC3C(=O)NC(N)=NC3N2[C@H]2C[C@H](O)[C@@H](CO)O2)cc1,C1COCCO1,486.0
5207,COc1cc(C2CC(=O)Oc3c2c2nc4ccc(C)cc4nc2c2ccccc32)cc(OC)c1OC,ClC(Cl)Cl,439.0
12035,Cc1ccc(-c2c3ccc([nH]3)c3nc(c(-c4ccc([N+](=O)[O-])cc4)c4ccc([nH]4)c4ccc([nH]4)c(-c4ccc(C)cc4)c4ccc2o4)C=C3)cc1,C1CCOC1,758.0
11033,Cc1cc(C)c(-c2c3ccccc3c3ccc4cc5c(-c6c(C)cc(C)cc6C)c6ccccc6c6ccc7cc2c3c4c7c56)c(C)c1,ClCCl,617.0
3054,CC(=O)O[B-]1(OC(C)=O)OC(/C=C/c2ccccc2)=CC(/C=C/c2ccccc2)=[O+]1,CS(C)=O,480.0
3675,CC(C)(C)c1ccc(-c2nc3c4ccc(-c5c6ccccc6cc6ccccc56)cc4c4cc(-c5c6ccccc6cc6ccccc56)ccc4c3n2-c2ccc(C(C)(C)C)cc2)cc1,ClCCl,442.0
7776,COc1cc(OC)c2c(c1)C(=O)c1ccc(OC)cc1-2,C1CCCCC1,537.0
7218,COc1ccc(-c2c3nc(cc4ccc([nH]4)c(-c4ccc(OC)c(OCC(=O)O)c4)c4nc(cc5ccc2[nH]5)CC4)C=C3)cc1OCC(=O)O,CS(C)=O,650.0
6722,COC(=O)c1ccc2c3ccc(C(=O)OC)c4c(C(=O)OC)ccc(c5ccc(C(=O)OC)c1c25)c43,CO,478.0
3300,COc1cc(OC)cc(C2=C3C(C)=C(I)C(C)=[N+]3[B-](F)(F)n3c(/C=C/c4c[nH]c5ccccc45)c(I)c(C)c32)c1,C1CCOC1,668.0
3310,CC1=CC(C)=[N+]2C1=C(c1ccc(N(C)C)cc1)c1c(C)cc(/C=C/c3ccc(N(C)C)cc3)n1[B-]2(F)F,CCOCC,632.0
7221,O=C(O)CCCOc1cccc(-c2c3nc(cc4ccc([nH]4)c(-c4cccc(OCCCC(=O)O)c4)c4nc(cc5ccc2[nH]5)CC4)C=C3)c1,CS(C)=O,649.0
8519,CSc1cc(-c2cc3cc4c5c(c3oc2=O)CCCN5CCC4)oc(=O)c1C#N,Cc1ccccc1,553.0
10682,O=Cc1cnc(-c2c3ccccc3cc3ccccc23)nc1,CCO,438.0
5954,Cc1cc(C)c(-c2nnc(-c3ccc(-n4c5ccccc5c5ccccc54)c(C)c3)o2)c(C)c1,Cc1ccccc1,377.0
832,COc1ccc(/C=C/c2nc(/C=C/c3ccc(N(C)C)cc3)cc(/C=C/c3ccc(N(c4ccccc4)c4ccccc4)cc3)n2)cc1,CCCCCCC,457.0
3462,CC1(C)c2ccccc2-c2cc3c4ccccc4n(-c4ccc(-c5nc(-c6ccccc6)nc(-c6ccccc6)n5)cc4)c3cc21,CCCCCC,404.4728435
11436,CC1(C)C(/C=C/C2=C(Cl)/C(=C/C=C3/N(CCCCCC(=O)O)c4ccccc4C3(C)C)CCC2)=[N+](CCCCCC(=O)O)c2ccccc21,CO,808.0
7643,O=C(c1ccncc1)c1ccc(-n2c3ccc(-n4c5ccccc5c5ccccc54)cc3c3cc(-n4c5ccccc5c5ccccc54)ccc32)cc1,Cc1ccccc1,481.092437
54,CC1(C)CC(/C=C/c2cn(-c3ccccc3)nc2-c2ccccc2)=CC(=C(C#N)C#N)C1,CN(C)C=O,565.0
3451,O=P1(c2ccccc2)C2=C(c3ccccc31)C(c1ccccc1)(c1ccccc1)c1cc(N(c3ccccc3)c3ccccc3)ccc12,Cc1ccccc1,522.0
6305,CN(C)c1ccc(/C=C/C(=C(C#N)C#N)c2ccc3c4c(cccc24)CC3)cc1,C1CCOC1,577.0
10093,COc1ccc(N(c2ccccc2)c2ccc3ccc4c(N(c5ccccc5)c5ccc(OC)cc5)ccc5ccc2c3c54)cc1,ClCCl,513.0
1481,COc1cc(OC)cc(-c2ccc(-c3ccc(C#N)s3)s2)c1,Cc1ccccc1,439.0
4873,COC(=O)c1nc2c(N(C)C)nc(N)nc2n1Cc1ccccc1,C1COCCO1,391.0
8038,CCCCC(CC)COC(=O)/C=C\c1ccccc1OC,CCCCCC,340.0
3335,CC(C)CCCCN1CCc2c1ccc1c3c(ccc21)CCCC3=O,CC(C)O,637.0
6016,CC[N+](CC)=c1ccc2cc3oc4cc(N)ccc4c3oc-2c1,ClCCl,623.0
4926,F[B-]1(F)n2c(NCc3ccccc3)ccc2C(c2c(Cl)cccc2Cl)=C2C=CC(NCc3ccccc3)=[N+]21,CCCCCC,592.0
9138,CN(C)c1ccc2c(c1)Cc1ccccc1-2,CS(C)=O,388.0
5797,COc1ccc(-c2cc3c4c(c2)CCc2cc(-c5ccc(OC)cc5)cc(c2-4)CC3)cc1,CO,386.5591398
10353,C(S/C=C/c1ccc(/C=C/SC=C2CCCC2)cc1)=C1CCCC1,ClCCl,424.0
12055,CN(C)c1ccc(/C=C2\CCCC2=O)cc1,CN(C)C=O,504.0
5083,O=S1(=O)C2=C(c3ccc(N(c4ccccc4)c4ccccc4)cc31)C1(C3=C(c4ccccc41)S(=O)(=O)c1cc(N(c4ccccc4)c4ccccc4)ccc13)c1ccccc12,Cc1ccccc1,543.0
6645,CCOC(=O)c1sc2nc(-c3ccc(OC)cc3)c(C)c(C#N)c2c1N,c1ccccc1,545.0
5490,N#Cc1c(-c2cccs2)cc(-c2ccc3c(c2)Cc2ccccc2-3)[nH]c1=O,CCOC(C)=O,484.0
768,CN(c1ccccc1)c1ccc(/C=C2\C(=O)c3ccccc3S2(=O)=O)cc1,CO,525.0
2065,COC(=O)C(Cc1ccc2oc(-c3ccc(N(c4ccccc4)c4ccccc4)cc3)nc2c1)NC(=O)OC(C)(C)C,CC(C)O,455.7511234
11650,CCN(CC)c1ccc2ccc(=O)oc2c1,Cc1ccccc1,418.0
7311,CN(C)c1cccc2c1ccc1c(=O)oc(-c3ccc(C(F)(F)F)cc3)cc12,CCCO,591.0
8477,CN(C)c1ccc(/C=C/C=C2\CC/C(=C\c3ccc(N(C)C)cc3)C2=O)cc1,CCOCC,546.0
12183,O=C1/C(=C2\Sc3ccc(S(=O)(=O)Nc4ccccc4)cc3C2=O)Sc2ccc(S(=O)(=O)Nc3ccccc3)cc21,CN(C)C=O,604.0
4524,F[B-]1(F)n2c(-c3cccs3)cc(-c3cccs3)c2N=C2C(c3cccs3)=CC(c3cccs3)=[N+]21,Cc1ccccc1,765.0
10524,COc1nc(Cl)nc(Nc2ccc3c4c(cccc24)C(=O)c2ccccc2-3)n1,CCCCOCCCC,507.0993915
2717,Cc1ccccc1C(=O)NN1C2=C(CC3=C1CC(C)(C)CC3=O)C(=O)CC(C)(C)C2,CC#N,435.0
2079,COC(=O)C(Cc1ccc2oc(-c3ccc(N(c4ccccc4)c4ccccc4)cc3)nc2c1)NC(=O)OC(C)(C)C,ClC(Cl)Cl,445.0002003
8914,C(=C/c1ccc2ccccc2c1)\c1ccc(N(c2ccccc2)c2ccccc2)cc1,CC#N,489.0
951,CN(C)c1ccc(/C=C/C=C2\CCCC2=O)cc1,Cc1ccccc1,506.0
8058,COC(=O)/C=C/C=C/c1ccc(N(C)C)cc1,CC#N,430.0
2482,Cc1cc(C)c(C2=C3C=c4c(c5ccc(C(C)(C)C)cc5c5cc(C(C)(C)C)ccc45)=[N+]3[B-](F)(F)n3c2cc2c4ccc(C(C)(C)C)cc4c4cc(C(C)(C)C)ccc4c23)c(C)c1,ClCCl,715.0
10454,O=C1/C(=C\c2ccc3oc4ccccc4c3c2)S(=O)(=O)c2ccccc21,CC#N,480.0
9181,CC1(C)CC(/C=C/c2ccc(-n3c4ccccc4c4ccccc43)cc2)=CC(=C(C#N)C#N)C1,CCOC(C)=O,565.0
1759,CCN(CC)c1ccc(/C=C/C(=O)c2c(O)cc(C)oc2=O)cc1,CCO,570.0
9984,Nc1ccc2c(c1)C(=O)c1ccc(N)cc1C2=O,CCOC(C)=O,547.6
4422,c1ccc(Nc2nc(Nc3ccccc3)nc(Nc3ccc4cc5ccccc5cc4c3)n2)cc1,CCOC(C)=O,440.0
6704,CCCCCCCCOc1ccc2c3cccc4c(OCCCCCCCC)ccc(c5cccc1c52)c43,C1CCOC1,468.0304667
9916,C/C=C/C1=N/C(=C\c2ccc([O-])cc2)C(=O)N1C,O,530.0
5182,CCCCCCCCCc1c2ccccc2cc2c1oc1c3c(c4ccccc4c12)-c1c(c2oc4cc5ccccc5cc4c2c2ccccc12)OCO3,C1CCOC1,416.0
8533,COC(=O)c1ccc(/C=C2\C=C(c3ccc(OC)c(OC)c3)OC2=O)cc1,C1COCCO1,522.0
3701,Cc1cc(-c2ccc(-n3c4ccccc4c4ccccc43)cc2)nc(-c2ccc(-n3c4ccccc4c4ccccc43)cc2)n1,ClC(Cl)Cl,426.0
4243,CCCCCCCCOC(=O)c1ccc(-c2cc3ccc4cc(-c5ccc(C(=O)OCCCCCCCC)cc5)cc5ccc(c2)c3c45)cc1,Cc1ccccc1,421.0
688,CN1/C(=C/C=C(/C=C/c2sc3ccccc3[n+]2C)c2ccc(C(F)(F)F)cc2)Sc2ccccc21,CCO,678.0
3432,CN1/C(=C/C=C(/C=C/C2=[N+](C)c3ccccc3C2(C)C)c2cc(F)cc(F)c2)C(C)(C)c2ccccc21,CCO,661.0
4944,CC1(C)c2ccccc2N(c2ccc(-c3nnc(-c4ccc(-n5c6ccccc6c6ccccc65)cc4)o3)cc2)c2ccccc21,Cc1ccccc1,460.0
966,C[Si]1(C)c2cc(C#Cc3ccccc3)ccc2C=Cc2ccc(C#Cc3ccccc3)cc21,ClCCl,407.0
11631,Nc1ccc2c(C(F)(F)F)cc(=O)oc2c1,CS(C)=O,487.0
10395,CCCCC1=Cc2c3ccc4cccc5ccc(c6cc(-c7ccc(N(c8ccccc8)c8ccccc8)cc7)n(c26)P1(=O)c1ccccc1)c3c45,C1CCOC1,541.0
2713,COc1ccc(C(=O)NN2C3=C(CC4=C2CCCC4=O)C(=O)CCC3)cc1,CO,449.0
4757,N#Cc1cc(-n2c3ccccc3c3ccccc32)c(-n2c3ccccc3c3ccccc32)cc1C#N,c1ccc2c(c1)c1ccccc1n2-c1ccc(-c2ccc(-n3c4ccccc4c4ccccc43)cc2)cc1,474.0
11708,CSc1ccc(C#Cc2ccc(C#Cc3ccc(C#Cc4ccccc4C#N)cc3C#N)cc2C#N)cc1,ClC(Cl)Cl,455.0
6320,C(#Cc1cccc(C#Cc2ccc(-n3c4ccccc4c4ccccc43)cc2)c1)c1ccc(-n2c3ccccc3c3ccccc32)cc1,CC#N,425.0
5975,c1ccc(-c2nc(-c3ccccc3)nc(-c3ccc(-n4c5ccc(-n6c7ccccc7c7ccccc76)cc5c5cc(-n6c7ccccc7c7ccccc76)ccc54)cc3)n2)cc1,Cc1ccccc1,458.0
3572,C(=C/c1nc2ccccc2s1)\c1ccc(-c2nc3c4cccnc4c4ncccc4c3[nH]2)cc1,ClCCl,472.0
5299,N#CC(C#N)=C(/C=C/c1cn(-c2ccccc2)nc1-c1ccccc1)c1ccccc1,ClC(Cl)Cl,488.0
1990,CCC1(CC)c2cc(/C=C/c3cccs3)ccc2-c2c1c1c(c3c2C(CC)(CC)c2cc(/C=C/c4cccs4)ccc2-3)C(CC)(CC)c2cc(/C=C/c3cccs3)ccc2-1,C1CCOC1,400.0
1205,COc1ccc(-c2ncccn2)cc1,ClCCl,356.0
4971,CC(C)(C)c1ccc2c(c1)c1cc(C(C)(C)C)ccc1n2-c1ccc(N(c2ccc(-c3ccc(-c4ccc(-c5ccc(N(c6ccc(-n7c8ccc(C(C)(C)C)cc8c8cc(C(C)(C)C)ccc87)cc6)c6ccc(-n7c8ccc(C(C)(C)C)cc8c8cc(C(C)(C)C)ccc87)cc6)cc5)s4)s3)cc2)c2ccc(-n3c4ccc(C(C)(C)C)cc4c4cc(C(C)(C)C)ccc43)cc2)cc1,ClCCl,494.0
11925,CC[n+]1ccc(/C=C/c2ccc3ccc4cccc5ccc2c3c45)cc1,Cc1ccccc1,590.0
6783,c1ccc(-c2nnc(-c3cc(-n4c5ccccc5c5ccccc54)c(-n4c5ccccc5c5ccccc54)cc3-c3nnc(-c4ccccc4)o3)o2)cc1,CC#N,525.1533742
3600,Cc1sc(-c2ccc(-c3nc(-c4ccccc4)c(-c4ccccc4)[nH]3)cc2)c(C)c1C1=C(c2c(C)n(C)c3ccccc23)C(F)(F)C(F)(F)C1(F)F,C1CCOC1,392.0
6490,CCN(CC)c1ccc(-c2nc3c(c4c2-c2ccc(C#N)cc2CC4)-c2ccc(C#N)cc2CC3)cc1,ClCCl,493.0
8609,CCC1=C(C)C2=C(C)c3c(C)c(CC)c(C)n3[B-](F)(F)[N+]2=C1C,CCOCC,532.8
12234,CC1(C)c2ccccc2N(c2ccc(-c3ncc(C#N)cn3)cc2)c2ccccc21,N#Cc1ccc2c(c1)c1ccccc1n2-c1cccc(-n2c3ccccc3c3ccccc32)c1,541.0
8070,CCOC(=O)c1ccc(N)cc1,CCCCCC,314.8058252
8577,Cc1cc(C)c(C2=C3C=C(/C=C/C(=O)OC(C)(C)C)C=[N+]3[B-](F)(F)n3c2ccc3N2CCOCC2)c(C)c1,CN(C)C=O,577.0
7973,Cc1ccc(O)cc1,O,307.0
11997,Cc1c2oc3c(C)c(N)cc(C(=O)NC4OC(=O)C(C(C)C)N(C)C(=O)CN(C)C(=O)C5CCCN5C(=O)C(C(C)C)NC4=O)c3nc-2c(C(=O)NC2OC(=O)C(C(C)C)N(C)C(=O)CN(C)C(=O)C3CCCN3C(=O)C(C(C)C)NC2=O)c(N)c1=O,Cc1ccccc1,613.0719195
1625,CC(=O)c1cc(=O)n(C)c2cc(-c3ccc(N(C)C)cc3)sc12,CC#N,504.0
536,CN(C)c1ccc(/C=C/c2cc[n+](CCCCC[n+]3ccc(/C=C/c4ccc(N(C)C)cc4)cc3)cc2)cc1,CC1COC(=O)O1,603.0017427
8766,c1ccc(-c2nn(-c3ccccc3)c3nc4ccc(N(c5ccccc5)c5cccc6ccccc56)cc4cc23)cc1,CC(C)=O,538.2131324
7970,N#Cc1ccccc1N,OCC(F)(F)F,376.0
4212,c1ccc(N(c2ccccc2)c2ccc(-c3nc(-c4ccc(N(c5ccccc5)c5ccccc5)cc4)c4ccccc4n3)cc2)cc1,ClCCl,534.0
6456,F[B-]1(F)n2cccc2C(c2ccccc2)=C2C=CC(N3CCOCC3)=[N+]21,ClCCl,553.0
3507,CC(C)(C)c1ccc2c(c1)c1cc(C(C)(C)C)ccc1n2-c1cc[n+]2c(c1)-c1ccccc1O[B-]2(F)F,Cc1ccccc1,473.0
8393,COC(=O)C(Cc1ccc2oc(-c3ccc4c(c3)c3ccccc3n4-c3ccccc3)nc2c1)NC(=O)OC(C)(C)C,CS(C)=O,388.9991053
9524,CN(C)c1ccc(/C=C/c2ncnc3ccccc23)cc1,ClCCl,548.0
7112,CCOC(=O)CCOc1ccc(C(c2c(C)[nH]c3ccccc23)c2c(C)[nH]c3ccccc23)cc1OC,C1CCCCC1,330.0
2708,Cc1ccccc1C(=O)NN1C2=C(CC3=C1CC(C)(C)CC3=O)C(=O)CC(C)(C)C2,CCCCCO,448.0
5031,Cc1ccc(C2=C3C=c4c(oc5ccccc45)=[N+]3[B-](F)(F)n3c2cc2c4ccccc4oc23)cc1,CC#N,595.5
6514,CN(C)c1ccc(-c2nc3c(c4c2-c2ccccc2CC4)-c2ccccc2CC3)cc1,C1CCOC1,452.0
4662,COc1cc(-c2nnc(-c3ccc4ccc5cccc6ccc3c4c56)o2)cc(OC)c1OC,CC#N,427.0
4021,COC(=O)c1c(-c2cc3ccccc3oc2=O)nn(-c2cccc(C)c2)c1C(=O)OC,ClCCl,401.0
1854,CN(C)c1ccc(C#Cc2ncnc3ccccc23)cc1,CC#N,573.0
11555,COC(=O)c1noc(-c2ccccc2)c1Cl,C1CCCCC1,344.0
2872,COc1ccc(C#Cc2ccc(C#Cc3ccc(P(=O)(c4ccc(C#Cc5ccc(C#Cc6ccc(OC)cc6)cc5)cc4)c4ccc(C#Cc5ccc(C#Cc6ccc(OC)cc6)cc5)cc4)cc3)cc2)cc1,CC#N,428.0
3030,COc1ccc(/C=C/C2=CC(/C=C/c3ccc(OC)cc3)=[O+][B-](OC(C)=O)(OC(C)=O)O2)cc1,C1CCOC1,518.0
9397,Cc1cc(=O)oc2c1cc(Cl)c1occ(C)c12,CC#N,414.0
1645,CCC1(CC)c2ccccc2-c2c1c1c(c3c2C(CC)(CC)c2cc(N(c4ccccc4)c4ccccc4)ccc2-3)C(CC)(CC)c2ccccc2-1,C1CCOC1,392.0
3417,CCCCc1cc(-c2cccc(COC)c2)oc1-c1cccc(-c2cc(CCCC)c(-c3cccc(-c4oc(-c5cccc(-c6oc(-c7cccc(COC)c7)cc6CCCC)c5)cc4CCCC)c3)o2)c1,ClC(Cl)Cl,373.0
3476,CCn1c2ccc(/C=C(\C#N)c3ccccc3)cc2c2cc(/C=C(\C#N)c3ccccc3)ccc21,ClCCl,412.0
11715,N#Cc1ccc(C#Cc2ccc(C#Cc3ccc(C#Cc4ccccc4C#N)cc3C#N)cc2C#N)cc1,c1ccccc1,393.0
11053,O=[N+]([O-])c1ccc(F)cc1C1CC(c2cccc3ccccc23)=NN1c1ccccc1,Cc1ccccc1,462.0
1792,CC(C)(C)c1ccc(-c2nc3c4ccccc4c4ccccc4c3n2-c2ccc(C(C)(C)C)cc2)cc1,C1COCCO1,389.0
3797,CN(C)c1ccc2nc3c(cc2c1)c(-c1ccccc1)nn3-c1ccccc1,C1CCCCC1,444.4444444
3368,CC(C)(C)c1ccc2c(c1)sc1[n+]2[B-](F)(F)n2c(c3cccc4cccc2c43)=N1,Cc1ccccc1,506.0
7196,CCCCCCCCN1c2ccc(C#Cc3ccc(C(F)(F)F)cc3)cc2Sc2cc(C=O)ccc21,CC#N,534.0
11826,NS(=O)(=O)c1ccc(N2N=C(c3ccc(O)cc3)CC2c2ccccc2)cc1,CCO,428.0
5109,N#C/C(=C\c1cn(-c2ccccc2)nc1-c1ccccc1)c1nc2ccccc2s1,ClC(Cl)Cl,435.0
6024,CN(C)c1ccc(C#Cc2ccc(C#N)cc2)cc1,CC#N,571.0043967
8795,CCC1=C(C)C2=C(C)c3c(C)c(-c4csc(N5CCOCC5)n4)c(C)n3[B-](F)(F)[N+]2=C1C,CCO,539.0
11391,Cc1ccc(N(c2ccc(C)cc2)c2ccc(-c3ccc(C=C(C#N)C#N)o3)cc2)cc1,ClC(Cl)Cl,654.0
126,Fc1ccc(N(c2ccc(F)cc2)c2ccc3c4cccc5c(N(c6ccc(F)cc6)c6ccc(F)cc6)ccc(c6cccc2c63)c54)cc1,C1CCOC1,544.0
5959,Cc1cc(-c2nnc(-c3c(C(C)C)cc(C(C)C)cc3C(C)C)o2)ccc1-n1c2ccccc2c2ccccc21,CCO,440.0
3876,c1ccc2c(c1)CC1(C2)c2cc(N3c4ccccc4Sc4ccccc43)ccc2-c2ccc(N3c4ccccc4Sc4ccccc43)cc21,Cc1ccccc1,495.0
4451,CCCCC(CC)Cn1c2ccccc2c2cc(-c3cc4c(cc3F)-c3cc(F)c(-c5ccc6c(c5)c5ccccc5n6CC(CC)CCCC)cc3S4(=O)=O)ccc21,ClC(Cl)Cl,454.0
7147,CC/[NH+]=c1\cc2oc3cc(NCCNC(=O)C(NC(=O)OC(C)(C)C)C(C)C)c4ccccc4c3nc-2cc1C,O,653.0
3531,c1ccc(-c2nc3c(ccc4[nH]ccc43)o2)cc1,C1COCCO1,409.0
10922,COc1ccc2cc(-c3ccc(C(F)(F)F)cc3)oc(=O)c2c1,CCO,412.0
827,COc1ccc(/C=C/c2cc(/C=C/c3ccc(N(c4ccccc4)c4ccccc4)cc3)nc(/C=C/c3ccc(N(C)C)cc3)n2)cc1,Cc1ccccc1,411.0
9831,C(=C/c1ncc2ccccc2n1)\c1ccc(N(c2ccccc2)c2ccccc2)cc1,CC#N,543.0
7790,COc1ccc2c(c1)-c1ccccc1C2=O,C1CCCCC1,472.0
984,CCC1(CC)c2cc(/C=C/c3ccc(/C=C/c4ccc5c(c4)C(CC)(CC)c4cc(N6c7ccccc7Sc7ccccc76)ccc4-5)cc3)ccc2-c2ccc(N3c4ccccc4Sc4ccccc43)cc21,CCCCCC,455.0
7783,CN(C)c1ccc2c(c1)-c1ccccc1C2=O,CCO,592.0
10380,CCCC(=O)c1c(OCOC)c(OCOC)c(C(=O)CCC)c2c1OCO2,CC#N,503.0
11752,C(=C/c1ccc2ccccc2c1)\c1ccc(Nc2ccccc2)cc1,CC#N,455.0
2443,CN(C)c1ccc(/C=C/c2nc(/C=C/c3ccc(N(C)C)cc3)c3ccccc3n2)cc1,C1CCCCC1,503.0
8554,Cc1ccc(C2=C3C=CC(C#Cc4ccccc4)=[N+]3[B-](F)(F)n3c(Cl)ccc32)cc1,ClC(Cl)Cl,577.0
10541,O=C1c2ccccc2-c2ccc(Nc3nc(Cl)nc(Cl)n3)c3cccc1c23,CCOC(C)=O,512.0327701
345,CCCCN(CCCC)c1ccc(C#Cc2cc(C#Cc3ccc(C(F)(F)F)cc3)c(C#Cc3ccc(C(F)(F)F)cc3)cc2C#Cc2ccc(N(CCCC)CCCC)cc2)cc1,ClCCl,544.0
814,CCn1c2ccccc2c2cc(-c3cc(-c4ccc5c(c4)c4ccccc4n5CC)nc(-c4ccccc4)n3)ccc21,Cc1ccccc1,380.0
6166,CN(C)c1ccc(/C=C2/N=C(c3ccccc3)OC2=O)cc1,CC#N,539.0
11115,Cn1nc(-c2ccccc2)c2nc3cc(F)ccc3nc21,CC#N,535.0
5779,Fc1ccc(-c2cc3c4c(c2)CCc2cc(-c5ccc(F)cc5)cc(c2-4)CC3)cc1,CO,375.0978474
2116,CC(C)(C)c1ccc2oc(-c3ccc(-c4nc5cc(C(C)(C)C)ccc5o4)s3)nc2c1,C1CCOC1,432.0
10026,CNc1cccc2c1C(=O)c1ccccc1C2=O,CCCCCC,560.0
793,CC1=CC(Br)=CN2C[n+]3cc(Br)cc(C)c3N=C12,CO,502.0
12193,Cc1cc(-n2c3ccccc3c3cc(C#N)ccc32)ccc1-c1ccc(S(=O)(=O)c2ccccc2)cc1C,CC#N,369.1935484
6898,CN(C)c1ccc(/C=C/c2nc3ccc(N(C)C)cc3oc2=O)cc1,CC(O)CO,649.5
2674,Cc1cc(=O)oc2ccc3ccc(-c4cn(Cc5ccccc5)nn4)cc3c12,CCO,420.0
94,C(/C=C/c1ccc(-n2c3ccccc3c3ccccc32)cc1)=C\c1ccncc1,CCCCCCC,382.0
4225,Cc1n[nH]c2c1C(c1ccc([N+](=O)[O-])cc1)C(C#N)=C(N)O2,CCCO,411.0
3756,O=C1c2ccccc2-c2c(-c3ccccc3)c(-c3ccccc3)c(-c3ccccc3)c3cccc1c23,CO,521.0
2891,c1ccc(N(c2ccccc2)c2ccc(-c3cccc4nc5ccccc5cc34)cc2)cc1,CCCCOCCCC,491.0
2371,CC(C)(C)c1ccc2c(c1)c1cc(C(C)(C)C)ccc1n2-c1ccc(C(=C(C#N)C#N)c2ccc(-n3c4ccc(C(C)(C)C)cc4c4cc(C(C)(C)C)ccc43)cc2)cc1,Cc1ccccc1,566.0
11509,Cc1cc(C)cc(NC(=O)c2sc(Br)nc2C)c1,CCOC(C)=O,405.5
3228,CCOC(=O)/C(C#N)=C(\C=C\c1ccc(N(c2ccccc2)c2ccc(/C=C/C(=C(/C#N)C(=O)OCC)c3ccccc3)cc2)cc1)c1ccccc1,CO,628.0
7863,CC1(C)CC(=O)C2=C(C1)Oc1ccc3ccc(O)cc3c1C2c1ccccn1,O,377.0
6359,CCOC(=O)C1c2ccccc2C(=O)N1c1ccccc1,CCCCCC,435.0
11273,COc1cccc2cc(-c3cc4cccc(OC)c4oc3=O)oc12,CCOC(C)=O,460.0
7326,CCN(CC)c1ccc2cc(-c3cc(SC)c(C#N)c(=O)o3)c(=O)oc2c1,C1CCOC1,558.0
6028,CN(C)c1ccc(C#Cc2ccc(C#N)cc2)cc1,CC1CCCO1,468.0114195
11045,O=[N+]([O-])c1ccc(F)cc1C1CC(c2cccc3ccccc23)=NN1c1ccccc1,C1CCCCC1,467.0
11104,CCC1(CC)c2cc(B(c3c(C)cc(C)cc3C)c3c(C)cc(C)cc3C)ccc2-c2ccc(N(c3ccccc3)c3ccc4c(c3)C(CC)(CC)c3cc(B(c5c(C)cc(C)cc5C)c5c(C)cc(C)cc5C)ccc3-4)cc21,CC(C)=O,515.0
1865,COc1ccc(C(=O)/C=C2\C(=O)Nc3ccccc32)c(OC)c1,ClCCl,403.0
4612,CCN(CC)c1ccc2nc3c4ccccc4c(=O)cc-3oc2c1,CC(C)=O,614.0
10049,Cc1ccc2nc(/C=C/c3ccc(N(C)C)cc3)c(-c3ccccc3)nc2c1,CC#N,614.0
2645,C(#Cc1ccc(-n2c3ccccc3c3ccccc32)cc1)c1ccc(-c2nc(-c3ccc(C#Cc4ccc(-n5c6ccccc6c6ccccc65)cc4)cc3)nc(-c3ccc(C#Cc4ccc(-n5c6ccccc6c6ccccc65)cc4)cc3)n2)cc1,CC#N,565.0
2243,CC1=CC(C)=[N+]2C1=C(c1ccc(N3CCOCC3)cc1)c1c(C)cc(C)n1[B-]2(F)F,CCOC(C)=O,517.0
5373,COC(=O)C1=C(C(=O)OC)C2=C[C@H]3c4ccccc4[C@]2(S1)c1ccccc13,CC#N,489.0
2336,CCCCCCCCOc1ccc(-c2c3c4n(c(-c5ccc(OCCCCCCCC)cc5)c3c3n2[B-](c2ccccc2)(c2ccccc2)[n+]2c(ccc5cc(C(C)(C)C)ccc52)C=3C#N)[B-](c2ccccc2)(c2ccccc2)[n+]2c(ccc3cc(C(C)(C)C)ccc32)C=4C#N)cc1,ClC(Cl)Cl,831.0
950,CN(C)c1ccc(/C=C/C=C2\CCCC2=O)cc1,CS(C)=O,576.0
1120,Cc1ccc(/C=N/c2cc(C(C)C)c(O)cc2C)cc1,CCO,417.0
10789,F[B-]1(F)n2c(cc(Cl)c2-c2ccccc2)C(c2ccccc2)=C2C=C(Cl)C(c3ccccc3)=[N+]21,Cc1ccccc1,603.0
2204,CC1(C)c2ccccc2-c2ccc(N(c3ccccc3)c3ccc4c(c3)C(C)(C)c3cc(-c5cc6ccccc6c6c5oc5ccccc56)ccc3-4)cc21,C1CCOC1,469.0
419,CCCCn1c2c(-c3ccc(N(c4ccccc4)c4ccccc4)cc3)cc(C#N)cc2c2cc(C#N)cc(-c3ccc(N(c4ccccc4)c4ccccc4)cc3)c21,CCCCOCCCC,419.0
922,Cc1ccc(C2=[N+]3C(=Cc4ccc(C)n4[B-]3(F)F)c3ccccc32)[nH]1,CC#N,620.0
9446,CC(C)(C)c1ccc(-c2nc3c4ccc(-c5ccc6ccccc6c5)cc4c4cc(-c5ccc6ccccc6c5)ccc4c3n2-c2ccc(C(C)(C)C)cc2)cc1,CC#N,413.0
8669,CCC1=C(C)C2=Cc3c(I)c(I)cn3[B-](F)(F)[N+]2=C1C,CC(C)=O,544.0
10227,CC1(C)Cc2c(c3ccccc3c3nc4c5c(c6ccccc6c4nc23)OC(C)(C)C5)O1,CO,508.9058524
5408,CCCC1=Cc2nc1ccc1[nH]c(cc1CCO)c1nc(ccc3[nH]c2cc3CCC)C(CCO)=C1,Cc1ccccc1,642.0
5788,CC(C)(C)c1ccc(-c2cc3c4c(c2)CCc2cc(-c5ccc(C(C)(C)C)cc5)cc(c2-4)CC3)cc1,CO,381.8716578
5742,C[n+]1ccc(/C=C/c2ccc([O-])cc2)cc1,CC#N,606.0
7667,CN(C)c1ccc(C2=Cc3cccc[n+]3[B-](F)(F)O2)cc1,CO,517.0
5567,CCCCN1/C(=C\C=C\C=C\C2=[N+](CCCC)c3ccc4ccccc4c3C2(C)C)C(C)(C)c2c1ccc1ccccc21,CC(C)=O,701.0
8135,COCCOCCOCCOCCOc1cc(C=O)c(OCCOCCOCCOCCOC)cc1C=O,CN(C)C=O,465.0
1202,CC(=O)O[B-]1(OC(C)=O)OC(/C=C/C=C/c2ccccc2)=CC(/C=C/C=C/c2ccccc2)=[O+]1,Cc1ccccc1,523.0
10818,CC1=[N+]2C(=C(NCc3ccccc3)c3ccc(C)n3[B-]2(F)F)C=C1c1cc2n(c1)[B-](F)(F)[N+]1=CC=CC1=C2c1c(C)cc(C)cc1C,CCOC(C)=O,700.0
5765,CC1=CC(c2ccc(N(C)C)cc2)=[N+]2C1=Nc1c(C)cc(-c3ccc(N(C)C)cc3)n1[B-]2(F)F,CS(C)=O,822.0
8389,COC(=O)C(Cc1ccc2oc(-c3ccc4c(c3)c3ccccc3n4-c3ccccc3)nc2c1)NC(=O)OC(C)(C)C,CCOCC,376.5060241
1970,CC(C)(C)c1ccc(C2=c3sc(-c4ccc(C(C)(C)C)cc4)cc3=[N+]3C2=Nc2c(-c4ccc(C(C)(C)C)cc4)c4sc(-c5ccc(C(C)(C)C)cc5)cc4n2[B-]3(F)F)cc1,ClC(Cl)Cl,793.0
4018,CCOC(=O)c1c(-c2cc3ccccc3oc2=O)nn(-c2ccccc2)c1C(=O)OCC,ClCCl,401.0
10343,Oc1cc(-c2ccco2)ccc1-c1nc2ccccc2s1,ClCCl,512.0
3687,CC(C)(C)c1ccc(-c2c3cccc4c(-c5ccccc5)cc5c(-c6ccc(C(C)(C)C)cc6)c6cccc7c(-c8ccccc8)cc2c(c76)c5c43)cc1,ClCCl,465.0
1997,c1ccsc1,ClCCl,247.0
4033,CCOC(=O)c1c(-c2cc3cc(OC)ccc3oc2=O)nn(-c2cccc(Cl)c2)c1C(=O)OCC,ClCCl,445.0
1248,CCN(CC)c1ccc(/C=N/CC/N=C/c2ccc(N(CC)CC)cc2O)c(O)c1,CN(C)C=O,433.0
2192,CCN1c2ccc(/C=N/Nc3ccccn3)cc2Sc2cc(-c3ccc(OC)cc3)ccc21,ClCCl,497.0
2712,COc1ccc(C(=O)NN2C3=C(CC4=C2CCCC4=O)C(=O)CCC3)cc1,CCCCCO,445.0
9184,O=Cc1cc(C=O)c2ccc3c(N4CCCCC4)cc(N4CCCCC4)c4ccc1c2c43,C1COCCO1,585.0
2190,CCN1c2ccc(/C=N/Nc3ccccn3)cc2Sc2cc(-c3ccc(OC)cc3)ccc21,CS(C)=O,503.0
4670,Cc1ccc(-c2nnc(-c3ccc4ccc5cccc6ccc3c4c56)o2)cc1,CCCCCC,418.0
5142,CCCCC(CC)Cn1c2cc(C#N)ccc2c2ccc(C#Cc3cc(C#Cc4ccc5c6ccc(C#N)cc6n(CC(CC)CCCC)c5c4)c4ccc5c(C#Cc6ccc7c8ccc(C#N)cc8n(CC(CC)CCCC)c7c6)cc(C#Cc6ccc7c8ccc(C#N)cc8n(CC(CC)CCCC)c7c6)c6ccc3c4c65)cc21,ClCCl,486.0
5984,Cc1nc(-c2ccc(-n3c4ccccc4c4ccccc43)cc2)cc(-c2ccc(-n3c4ccccc4c4ccccc43)cc2)n1,C1CCOC1,423.0
6565,C(=N/c1ccc(-c2cn3nc(-c4cccs4)sc3n2)cc1)\c1ccc2ccc3cccc4ccc1c2c34,ClC(Cl)Cl,572.0
7804,CNc1ccc2c(c1)C(=O)c1ccccc1-2,c1ccccc1,635.0
6943,CCCCC1(c2ccccc2)Nc2ccccc2N=C1c1ccccc1,CC#N,534.0
9510,CC1(C)c2ccccc2N(c2ccc3c(c2)Oc2ccccc2S3(=O)=O)c2ccccc21,O=P(c1ccccc1)(c1ccccc1)c1ccccc1Oc1ccccc1P(=O)(c1ccccc1)c1ccccc1,458.0
10055,Cc1ccc(CN2/C(=C/C=C3\CCCC(/C=C/C4=[N+](Cc5ccc(C)cc5)c5ccccc5C4(C)C)=C3Cl)C(C)(C)c3ccccc32)cc1,CO,813.0
10535,COc1nc(Nc2ccc3c4c(cccc24)C(=O)c2ccccc2-3)nc(OC)n1,Clc1ccccc1,526.8703899
10641,N#Cc1ccc(C#Cc2ccc(C#Cc3ccccc3C#N)cc2C#N)cc1,ClC(Cl)Cl,370.0
2136,CC1(C)Cc2c(c3ccccc3c3nc4ccccc4nc23)O1,C1CCCCC1,475.9638267
1065,O=Cc1ccc(-c2ccc(C3=CCC(c4ccccc4)CC3)s2)s1,CC#N,483.0
600,COc1cc2sc3cc(OC)c(F)cc3c(=O)c2cc1F,CS(C)=O,416.0
4227,Cc1n[nH]c2c1C(c1ccc([N+](=O)[O-])cc1)C(C#N)=C(N)O2,CCOC(C)=O,396.0
10813,Cc1ccc(-c2cccc3ncc(-c4ccccc4)n23)cc1,ClCCl,470.0
7577,Cc1ccc([C@@H]2C[C@](O)(c3ccccn3)C[C@](O)(c3ccccn3)[C@H]2C(=O)c2ccc(N(c3ccccc3)c3ccccc3)cc2)cc1,C1CCOC1,495.0
77,Oc1ccc2ccccc2c1/C=N/c1ccccc1/N=C/c1c(O)ccc2ccccc12,CC#N,496.0
7546,CCCCCCN1C(=O)C(c2ccc(-c3ccc(-n4c5ccccc5c5ccccc54)cc3)cc2)=C(c2ccc(-c3ccc(-n4c5ccccc5c5ccccc54)cc3)cc2)C1=O,c1ccc2c(c1)c1ccccc1n2-c1ccc(-c2ccc(-n3c4ccccc4c4ccccc43)cc2)cc1,580.0
2898,O=c1c2ccccc2sc2ccc(-n3c4ccccc4c4ccccc43)cc12,CCCCCC,436.0
4820,FC(F)(F)c1ccc(C#Cc2ncc(-c3ccccc3)o2)cc1,ClCCl,390.0
9506,CN(C)c1ccc(/C=C/C=C/C2=NC3C(=O)NC(N)=NC3N2[C@H]2C[C@H](O)[C@@H](CO)O2)cc1,CC#N,443.0
11403,CCCCN1/C(=C/C=C/C2=[N+](C)c3ccccc3C2(C)C)C(C)(C)c2cc(Br)ccc21,CS(C)=O,569.0
6413,CC(C)(C)c1cc(C(C)(C)C)c2oc3c(c2c1)C=CN1C(=O)C2=C4c5oc6c(C(C)(C)C)cc(C(C)(C)C)cc6c5C=CN4C(=O)C2=C31,ClC(Cl)Cl,651.0
9444,CC(C)(C)c1ccc(-c2nc3c4ccc(-c5ccc6ccccc6c5)cc4c4cc(-c5ccc6ccccc6c5)ccc4c3n2-c2ccc(C(C)(C)C)cc2)cc1,C1CCOC1,398.0
9064,CC(C)(C)c1ccc2c(c1)c1cc(C(C)(C)C)ccc1n2-c1cccc2c1Oc1c(-c3nc(-c4ccccc4)nc(-c4ccccc4)n3)cccc1C2(C)C,C1CCCCC1,428.0
8007,C=Cc1cc(OC)cc(OC)c1,CC#N,350.0
5468,c1ccc(N(c2ccccc2)c2ccc(-c3ncnc4ccccc34)cc2)cc1,C1CCCCC1,445.0
5951,COc1ccc2c3ccc(OC)cc3n(-c3ccc(-c4nnc(-c5c(C(C)C)cc(C(C)C)cc5C(C)C)o4)cc3)c2c1,Cc1ccccc1,437.0
11157,COc1ccc2c3c(OC)c4ccccc4c(OC)c3n(C)c2c1,CC#N,413.0
3391,CCCCCCc1ccc2c3c(ccc2c1)O[B-](F)(F)[N+](c1ccc([N+]2=Cc4c(ccc5cc(CCCCCC)ccc45)O[B-]2(F)F)cc1)=C3,C1CCOC1,505.0
5415,COCCC1=Cc2nc1ccc1[nH]c(cc1CCOC)c1nc(ccc3[nH]c2cc3CCO)C(CCOC)=C1,Cc1ccccc1,643.0
2560,CN(C)c1ccc(-c2cc(-c3ccc(C#N)cc3)nc(-c3ccccc3)n2)cc1,ClC(Cl)Cl,495.0
12128,CCCCCCC(CCCCCC)N1C(=O)c2cccc3c(-c4ccc([Si](C)(C)C)cc4)ccc(c23)C1=O,CCCCCCCCCCCCCC,407.0
8162,CN(C)CCNc1ccc([N+](=O)[O-])cc1[N+](=O)[O-],C1CCCCC1,368.0
2635,COc1ccc(O)c(-c2[nH]c(=O)n3c2-c2ccccc2C3=O)c1,CC#N,480.0
5256,CN(C)c1ccc2cc3ccc(N(C)C)cc3nc2c1,O,530.0
3530,c1ccc(-c2nc3c(ccc4[nH]ccc43)o2)cc1,C1CCCCC1,372.0
8567,Nc1ccc2c(c1)C(=O)NC2=O,CC(C)(C)O,501.0
1908,O=C1Nc2ccccc2/C1=C/C(=O)c1ccc(Cl)cc1,CCOC(C)=O,395.0
11352,O=Cc1ccc(N(c2ccc(C=O)cc2)c2ccc(-c3ccc4c(c3)C(=O)c3ccccc3C4=O)cc2)cc1,Cc1ccccc1,558.0
235,CCC1(CC)c2ccccc2-c2c1c1c(c3c2C(CC)(CC)c2cc(B(c4c(C)cc(C)cc4C)c4c(C)cc(C)cc4C)ccc2-3)C(CC)(CC)c2cc(B(c3c(C)cc(C)cc3C)c3c(C)cc(C)cc3C)ccc2-1,CC#N,398.0
1604,CCN(CC)c1ccc(-c2cc3c(s2)c(C(=O)OC)cc(=O)n3C)cc1,CS(C)=O,615.0
7984,O=C(O)c1cc(O)c(O)c(O)c1,O,341.0
9310,CCC1=C(C)C2=C(c3c(C)cc(C)nc3-c3cccs3)c3c(C)c(CC)c(C)n3[B-](F)(F)[N+]2=C1C,ClC(Cl)Cl,554.0
3490,Cc1cc2c(ccc3c[n+](C)c(C)cc32)c[n+]1C,CC#N,419.0
12079,C=Cc1ccc(-c2ccc(-c3nnc(-c4ccc(-c5nnc(-c6ccc(-c7ccc(C=C)cc7)s6)o5)cc4)o3)s2)cc1,CC(=O)N(C)C,407.0
11150,COc1c2ccccc2c(OC)c2c1c1cccc(OC)c1n2C,CO,429.0
1994,CCOC(=O)c1c(N)sc(N)c1C(=O)OCC,CC#N,335.0
2824,COc1ccc(/N=N/c2c(O)c3ccccc3n(C)c2=O)c(S(=O)(=O)O)c1,CC(C)=O,528.0
11381,CC1(C)CCc2c(c3ccccc3c3nc4c5c(c6ccccc6c4nc23)OC(C)(C)CC5)O1,CC#N,477.0992366
10568,c1ccc(-c2nc(-c3ccc(-c4ccc(N(c5ccccc5)c5ccccc5)cc4)cn3)oc2-c2ccccc2)cc1,CCN(CC)CC,422.0
1342,CCOC(=O)COc1ccc(/C=C/c2cc(C)c3n2[B-](F)(F)[N+]2=C(c4[nH]c(C)cc4C)c4ccccc4C2=C3)cc1,Cc1ccccc1,707.0
8512,CSc1cc(-c2cc3cc4c5c(c3oc2=O)CCCN5CCC4)oc(=O)c1C#N,C1CCOC1,580.0
1619,COC(=O)c1cc(=O)n(C)c2cc(-c3ccccc3)sc12,CC#N,462.0
5287,COc1ccc(C2=[N+]3C(=Nc4c(-c5cc(OC)c(OC)c(OC)c5Br)c(-c5ccc(C(C)(C)C)cc5)c(-c5ccc(OC)cc5)n4[B-]3(F)F)C(c3cc(OC)c(OC)c(OC)c3Br)=C2c2ccc(C(C)(C)C)cc2)cc1,Cc1ccccc1,740.0
2060,COC(=O)C(Cc1ccc2oc(-c3ccc(N(c4ccccc4)c4ccccc4)cc3)nc2c1)NC(=O)OC(C)(C)C,C1CCCCC1,395.250668
12203,Cc1cc(C)c(B(c2ccccc2N(c2ccccc2)c2ccccc2)c2c(C)cc(C)cc2C)c(C)c1,CC(C)=O,532.9479769
2219,COc1cc2cc(OC)c(C#Cc3ccc([N+](=O)[O-])cc3)cc2cc1C#Cc1ccc([N+](=O)[O-])cc1,C1CCOC1,514.0
9865,Cn1c(=O)cc(C(=O)c2ccccc2)c2sc(-c3ccc(N(c4ccccc4)c4ccccc4)cc3)cc21,ClCCl,635.0
6038,CN(C)c1ccc(C#Cc2ccc(C=O)cc2)cc1,C1CCOC1,534.0168749
260,Cc1cc2nc3c(=O)[nH]c(=O)n(C)c3nc2cc1C,CC#N,437.0
11482,Fc1ccc(-c2nc3n(c2-c2ccncc2)CCS3)cc1,CO,439.0
10231,CC(C)(C)c1ccc2oc3nc4oc5ccc(N(c6ccccc6)c6ccccc6)cc5c4cc3c2c1,ClC(Cl)Cl,379.0
9093,CCC1(CC)c2cc(C=C(C#N)C#N)ccc2-c2ccc(N(C)C)cc21,CS(C)=O,711.0
3744,C[Si]1(C)O[Si](C)(C)c2cc3c(-c4ccccc4)c4cc([N+](=O)[O-])ccc4nc3cc21,ClCCl,521.0
2026,Nc1ccc(/C=C/c2ccccc2)cc1,CC#N,423.0
6988,c1ccc(-c2nc(-c3ccccc3)nc(-c3ccc(-c4ccc(N5c6ccccc6[Si](c6ccccc6)(c6ccccc6)c6ccccc65)cc4)cc3)n2)cc1,CC(C)=O,444.5868946
4234,Cc1ccc2nc3cc4ccccc4cc3c(-c3ccccc3)c2c1,ClCCl,521.0
1917,O=C1Nc2ccccc2/C1=C/C(=O)c1ccc(Cl)cc1Cl,CC(C)O,415.0
1828,C(=C/c1cccc2ccccc12)\c1ccc(Oc2ccc3ccccc3c2-c2c(Oc3ccc(/C=C/c4cccc5ccccc45)cc3)ccc3ccccc23)cc1,ClCCl,409.0
9765,C[n+]1ccc(/C=C/c2ccc3cc(O)ccc3c2)cc1,ClC(Cl)Cl,537.0
6233,CCOC(=O)/C(C#N)=C\c1ccc2c(c1)c1ccccc1n2-c1ccc(C)cc1,Cc1ccccc1,444.0
11740,CN(C)c1ccc2cc(C(/C=C/c3c[nH]c4ccccc34)=C(C#N)C#N)c(=O)oc2c1,CN(C)C=O,545.0
6283,CN(C)c1ccc(C(=O)c2ccccc2)cc1,CO,480.0
4208,c1ccc(N2N=C(c3cccc4ccccc34)CC2c2ccc3ccc4cccc5ccc2c3c45)cc1,ClCCl,455.0
224,CCOC(=O)CC[N+]1=c2cc3c(cc2CCC1)=Cc1c(c2cc4c5c(c2oc1=O)CCCN5CCC4)O3,CC#N,687.0
8915,C(=C/c1ccc2ccccc2c1)\c1ccc(N(c2ccccc2)c2ccccc2)cc1,CCCCCC,405.0
10002,CCNc1ccc(NCC)c2c1C(=O)c1ccccc1C2=O,CC(C)=O,671.0
9333,CCn1c2ccccc2c2cc(/C=C/C(=O)c3ccc4c(c3)c3cc(C(=O)/C=C/c5ccc6c(c5)c5ccccc5n6CC)ccc3n4CC)ccc21,C1CCOC1,474.0
6469,CCN(CC)c1ccc2cc3c([o+]c2c1)/C(=C/Nc1ccccc1)CCC3,ClCCl,647.0
11542,c1ccc2nc3cccc(-c4ccc(-n5c6ccccc6c6ccccc65)cc4)c3cc2c1,CCCCOCCCC,442.0
10954,CCN(CC)c1ccc2cc(-c3ccc(S(C)(=O)=O)cc3)oc(=O)c2c1,CC(C)=O,487.0
846,OCC1O[C@@H](Cc2cc(O)cc(/C=C/c3ccc(O)c(O)c3)c2)[C@H](O)[C@@H](O)[C@@H]1O,CC#N,387.0
4289,O=C1C=C(Nc2ccccc2)CCC1,C1COCCO1,349.0
5560,CCCCN1/C(=C\C=C\C=C\C2=[N+](CCCC)c3ccc4cc(Br)ccc4c3C2(C)C)C(C)(C)c2c1ccc1cc(Br)ccc21,CCO,709.0
2551,CN(C)c1ccc2c3c(ccc2c1)C(=O)CCC3,CCC(C)=O,443.0
11120,COc1ccc2nc3c(nc2c1)c(-c1ccccc1)nn3C,CC#N,507.0
117,c1ccc(N(c2ccccc2)c2ccc3c4cccc5c(N(c6ccccc6)c6ccccc6)ccc(c6cccc2c63)c54)cc1,CC#N,548.0
8837,F[B-]1(F)N(c2ccccc2)c2cccc3ccc4ccc[n+]1c4c23,ClCCl,584.0
5966,CCN(CC)c1ccc2cc(/C=C/C(O)=C3\CC/C(=C\c4cc5ccc(N(CC)CC)cc5oc4=O)C3=O)c(=O)oc2c1,CC#N,637.0
8195,COCCOCCOc1ccc(OCCOCCOC)c(C=O)c1,CNC=O,458.0
8659,CC1=CC(C)=[N+]2C1=Cc1cccn1[B-]2(F)F,CO,503.0
7489,Cc1ccc(/C=C/c2nc(-c3ccccc3)[nH]c2/C=C/c2ccc(C)cc2)cc1,ClCCl,455.6
5,CC(C)(C)c1ccc(-c2nc3c4ccc(-c5cc6ccccc6c6ccccc56)cc4c4cc(-c5cc6ccccc6c6ccccc56)ccc4c3n2-c2ccc(C(C)(C)C)cc2)cc1,C1COCCO1,386.0
5342,CCCCC(CC)Cn1c2cc(C#N)ccc2c2cc(-c3ccc(N(c4ccccc4)c4ccccc4)cc3)c(C#N)cc21,ClC=C(Cl)Cl,477.0
9111,Nc1ccc2c(c1)Cc1ccccc1-2,CO,367.0
10787,O=C1c2cccc3c(-n4c5ccccc5c5ccccc54)ccc(c23)C(=O)N1C1CCCCC1,CCCCCC,441.0
4324,CN(C)c1ccc(C(=O)Nc2cccc(Br)c2)cc1,C1CCCCC1,338.0
1063,C1=C(c2ccc(-c3cccs3)s2)CCC(c2ccccc2)C1,c1ccncc1,417.0
2590,CSc1ccc2c(c1)N(CCCN1CCN(C)CN1C)c1ccccc1S2,O,466.0
8434,COc1ccc(C2=C(c3ccc(OC)cc3)C(C)(C)c3c2ccc2ccccc32)cc1,C1CCCCC1,419.0
9352,O=Cc1c(O)c(-c2nc3ccccc3s2)cc2ccccc12,ClC(Cl)Cl,505.0
11062,O=C(O)c1ccc(C2CC(c3cccc4ccccc34)=NN2c2ccccc2)cc1,O,491.0
3735,CC1(C)c2ccccc2N(c2ccc(-c3nnc(-c4ccccc4O)o3)cc2)c2ccccc21,ClCCl,519.0
10589,O=c1oc2ccccc2cc1-c1cn2ccccc2n1,ClC(Cl)Cl,456.0
3517,c1ccc(-c2nc3sc4ccccc4c3s2)cc1,CS(C)=O,412.0
6986,c1csc(-c2cnc(-c3cccs3)c3nonc23)c1,c1ccncc1,617.0
10755,Fc1c(F)c(F)c2c(c1F)C1=Nc3c4c(F)c(F)c(F)c(F)c4c4n3[B-]3(Cl)n5c(c6c(F)c(F)c(F)c(F)c6c5=N4)=NC2=[N+]13,c1ccccc1,595.0
6767,Cc1cc(C(F)(F)F)nc2c1ccc1nc(-c3ccc(Cl)cc3)cn12,ClCCl,455.0
5622,CCCCC1(CCCC)c2cc(-c3ccc(C=C4C(=O)c5ccccc5C4=O)cc3)ccc2-c2ccc(-c3ccc(C=C4C(=O)c5ccccc5C4=O)cc3)cc21,CC(C)=O,564.0
1605,CCN(CC)c1ccc(-c2cc3c(s2)c(C(=O)OC)cc(=O)n3C)cc1,Cc1ccccc1,504.0
1733,Clc1ccc(/C=C/c2nc3ccccc3s2)cc1,CO,400.0
10516,CCCN1/C(=C/C=C/C=C/C2=[N+](CCC)c3ccccc3C2(C)C)C(C)(C)c2ccccc21,CO,659.0
10901,BrC1=CC=CN2B1C=Cc1ccccc12,C1CCCCC1,371.0
11823,NS(=O)(=O)c1ccc(N2N=C(c3ccc(O)cc3)CC2c2ccccc2)cc1,C1COCCO1,417.0
9504,N#Cc1ccc(/C=C/C=C/C2=NC3C(=O)NC(N)=NC3N2[C@H]2C[C@H](O)[C@@H](CO)O2)cc1,CC#N,526.0
3812,CC(=O)c1ccc(-c2cnc3nn4ccccc4c3c2)cc1,C1CCOC1,420.0
11806,NS(=O)(=O)c1ccc(N2N=C(c3ccc(O)cc3)CC2c2ccc(F)cc2)cc1,CCOC(C)=O,416.0
10554,O=C1c2ccccc2C2=Cc3ccc4ccccc4[n+]3[B-](F)(F)N12,Cc1ccccc1,474.0
10167,COc1ccc(C#Cc2cc3ccccc3oc2=O)cc1,CC#N,456.0
1761,CCN(CC)c1ccc(/C=C/C(=O)c2c(O)cc(C)oc2=O)cc1,Cc1ccccc1,534.0
5401,CC(=O)n1cc(/C=C/c2ccc([N+](=O)[O-])cc2)c2ccccc21,CC#N,428.0
2739,Cc1cc(C)c(B(c2ccc(-c3ccc(-c4nc5c6ccccc6c6ccccc6c5[nH]4)cc3)cc2)c2c(C)cc(C)cc2C)c(C)c1,C1CCOC1,474.0
11814,NS(=O)(=O)c1ccc(N2N=C(c3ccc(O)cc3)CC2c2ccc([N+](=O)[O-])cc2)cc1,CC(C)O,421.0
2472,O=C([O-])c1c(Cl)c(Cl)c(Cl)c(Cl)c1-c1c2cc(I)c(=O)c(I)c-2oc2c(I)c([O-])c(I)cc12,CCO,573.0
6738,c1ccc2cc3c4c(ccc3cc2c1)-c1cccc2cccc-4c12,CCCCCCC,520.0
6891,COc1cc(OC)cc(C2=[O+][B-](F)(F)OC(c3ccc4ccccc4c3)=C2)c1,Cc1ccccc1,492.3135409
7943,Cc1ccc(C(=O)[O-])c(O)c1,CO,389.0
9685,COC(=O)c1nc(-c2cccc3ccccc23)oc1C,C1CCCCC1,340.0
4206,COc1ccc2nc(/N=N/c3ccc(N(C)C)cc3)sc2c1,ClCCl,572.0
6371,Cc1sc(Cl)cc1-c1nc(-c2ccc(Cl)cc2)[nH]c1-c1cc(Cl)sc1C,CC#N,390.0
10350,F[B-]1(F)n2c(c3cc4ccccc4cc3c2-c2ccccc2)C=C2c3cc4ccccc4cc3C(c3ccccc3)=[N+]21,ClCCl,785.0
9361,COc1cc(OC)cc(-c2nnc(-c3ccc(-c4nnc(-c5cc(OC)cc(OC)c5)o4)cc3)o2)c1,C1CCCCC1,371.0
10348,F[B-]1(F)n2c(c3cc4ccccc4cc3c2-c2ccccc2)C=C2c3cc4ccccc4cc3C(c3ccccc3)=[N+]21,C1CCOC1,782.0
232,CCCCn1c2ccc(-c3ccc4c(c3)c3c5c(ccc6ccccc65)ccc3n4CCCC)cc2c2c3c(ccc4ccccc43)ccc21,ClCCl,437.0
8258,N#Cc1cc(N)cc(C#N)c1,O,408.0
7561,COc1ccc([C@@H]2C[C@](O)(c3ccccn3)C[C@](O)(c3ccccn3)[C@H]2C(=O)c2ccc(N(c3ccccc3)c3ccccc3)cc2)cc1,CCOC(C)=O,495.0
9795,CC(C)(C)c1ccc(-c2sc3c(-c4ccc(C(C)(C)C)cc4)c4n(c3c2-c2ccc(C(C)(C)C)cc2)[B-](F)(F)[N+]2=Cc3c(-c5ccc(C(C)(C)C)cc5)c5sc(-c6ccc(C(C)(C)C)cc6)c(-c6ccc(C(C)(C)C)cc6)c5n3[B-](F)(F)[N+]2=C4)cc1,ClCCl,631.0
6168,CN(C)c1ccc(/C=C2/N=C(c3ccccc3)OC2=O)cc1,CC(C)O,536.0
3596,CN(C)CCCN1c2ccccc2Sc2ccccc21,CO,444.0
6288,O=C(O)C1=C/C(=C/C=[NH+]/c2ccc3c(C(F)(F)F)cc(=O)oc3c2)CC(C(=O)O)N1,O,570.0
4632,Cc1nc2c(ccc3c2sc(/C=C/c2ccc(N(C)C)cc2)[n+]3C)s1,CO,600.0
125,Fc1ccc(N(c2ccc(F)cc2)c2ccc3c4cccc5c(N(c6ccc(F)cc6)c6ccc(F)cc6)ccc(c6cccc2c63)c54)cc1,C1CCCCC1,529.0
7641,Cc1ccccc1-c1c2ccc(=[N+]3CCN(C(=O)OC(C)(C)C)CC3)cc-2oc2cc(N3CCN(C(=O)OC(C)(C)C)CC3)ccc12,CCO,580.0
6229,CCOC(=O)/C(C#N)=C\c1ccc2c(c1)c1ccccc1n2-c1ccc(C)cc1,CC(C)=O,503.0
1296,CC(C)(C)c1ccc2c(c1)c1cc(C(C)(C)C)ccc1n2-c1ccc(C#Cc2ccc3c4ccc(C#Cc5ccc(-n6c7ccc(C(C)(C)C)cc7c7cc(C(C)(C)C)ccc76)cc5)cc4n(-c4ccc(C(F)(F)F)cc4)c3c2)cc1,ClCCl,431.0
1976,Cc1ccc(/C2=C3/N=C(C(c4ccccc4)=C3c3ccccc3)/C(c3ccc(C)cc3)=c3\[nH]/c(c(-c4ccccc4)c3-c3ccccc3)=C(/c3ccc(C)cc3)C3=N/C(=C(/c4ccc(C)cc4)c4[nH]c2c(-c2ccccc2)c4-c2ccccc2)C(c2ccccc2)=C3c2ccccc2)cc1,ClCCl,768.0
11625,CCN(CC)c1ccc2cc(/C=C/C(O)=C/C(C)=O)c(=O)oc2c1,ClC(Cl)Cl,515.0
11568,CCN(CC)c1ccc2c(C(F)(F)F)cc(=O)oc2c1,CCO,509.0
10267,c1ccc(-c2nc(-c3cccc4ccccc34)n3ccccc23)cc1,CO,475.0
5750,C[n+]1ccc(/C=C/c2ccc([O-])cc2)cc1,ClCCl,615.0
8152,COCCOCCOCCOc1cc(C=O)c(OCCOCCOCCOC)cc1C=O,CC(C)CO,479.0
3086,CN(C)c1ccc(/C=C/c2nc3c4ccccc4c4ccccc4c3[nH]2)cc1,C1CCOC1,463.0
11370,CC(C)(C)OC(=O)n1ccc2c3ccc4cccc5ccc(cc21)c3c54,CCOC(C)=O,401.0
6882,CCOC(=O)c1c(N)sc(/N=C/c2ccc(-c3cccs3)s2)c1C(=O)OCC,CC#N,541.0
11407,Cc1cc(C)c(C)c(-c2cc(-c3c(C)c(C)cc(C)c3C)c3ccc4c(-c5c(C)c(C)cc(C)c5C)cc(-c5c(C)c(C)cc(C)c5C)c5ccc2c3c54)c1C,ClCCl,412.0
7673,CN(C)c1ccc(C2=Cc3cccc[n+]3[B-](F)(F)O2)cc1,C1COCCO1,486.0
3345,Cn1c2ccccc2[c+](-c2ccccc2)c2cc([N+](=O)[O-])ccc21,CC#N,433.5
8172,CN(C)CCNc1ccc([N+](=O)[O-])cc1[N+](=O)[O-],CS(C)=O,417.0
11550,CC1(C)c2ccccc2N(c2ccc(C(=O)/C=C(\O)c3ccc(N4c5ccccc5C(C)(C)c5ccccc54)cc3)cc2)c2ccccc21,Cc1ccccc1,533.0
5870,CC(C)[Si]1(C(C)C)c2cc(N(C)C)ccc2-c2ccc(C(F)(F)F)cc21,C1CCCCC1,402.0
6506,CN(C)c1ccc(-c2nc3c(c4c2-c2ccc(C#N)cc2CC4)-c2ccc(C#N)cc2CC3)cc1,C1CCOC1,500.0
2797,CCCCCCCCCCOc1ccc(C#Cc2ccc(C#Cc3ccc(OCCCCCCCCCC)c(OCCCCCCCCCC)c3)c3nc4c5ccccc5c5ccccc5c4nc23)cc1OCCCCCCCCCC,ClCCl,566.0
918,Cc1ccc(C2=[N+]3C(=Cc4c(C)cc(C)n4[B-]3(F)F)c3ccccc32)[nH]1,CO,620.0
1646,CCC1(CC)c2ccccc2-c2c1c1c(c3c2C(CC)(CC)c2cc(N(c4ccccc4)c4ccccc4)ccc2-3)C(CC)(CC)c2ccccc2-1,CC#N,404.0
5122,Cc1ccc(C2=C3C=CC(/C=C/c4ccccc4)=[N+]3[B-](F)(F)n3c(Cl)ccc32)cc1,CO,579.0
5126,C#CCOc1ccc(/C=C/C2=[N+]3C(=C(c4ccc(N(C)CC)cc4)c4c(C)cc(C)n4[B-]3(F)F)C(C)=C2)cc1,CO,582.0
4621,F[B-]1(F)n2c(cc3sc4ccccc4c32)C(c2ccc(I)cc2)=C2C=c3sc4ccccc4c3=[N+]21,ClC(Cl)Cl,673.0
6809,COc1cccc(-n2c(-c3ccccc3)nc(C)c2C)c1,C1COCCO1,366.0
364,COc1ccc(-c2ccc(-c3ccc(OC)cc3)c3nc(-c4ccccc4)c(-c4ccccc4)nc23)cc1,CC#N,512.0
2125,c1ccc(-c2nc3ccccc3nc2-c2ccc(-n3c4ccccc4c4ccccc43)cc2)cc1,Cc1ccccc1,434.0
8150,COCCOCCOCCOCCOc1ccc(OCCOCCOCCOCCOC)c(C=O)c1,O,481.0
8717,CCC1=C(C)C2=C(C)c3cc(I)cn3[B-](F)(F)[N+]2=C1C,OCC(F)(F)F,530.5
55,CC1(C)CC(/C=C/c2cn(-c3ccccc3)nc2-c2ccccc2)=CC(=C(C#N)C#N)C1,CO,561.0
638,CCCN1/C(=C/C=C(/C=C/c2sc3ccccc3[n+]2CCC)c2ccc([N+](=O)[O-])cc2)C(C)(C)c2ccccc21,CS(C)=O,666.0
302,CCN(CC)c1ccc(/C=C2\CC/C(=C\c3ccc(N(c4ccccc4)c4ccc(/C=C5\CC/C(=C\c6ccc(N(CC)CC)cc6)C5=C(C#N)C#N)cc4)cc3)C2=C(C#N)C#N)cc1,CN(C)C=O,722.0
10958,CCN(CC)c1ccc2cc(-c3ccc(S(C)(=O)=O)cc3)oc(=O)c2c1,CCO,485.0
5811,N#Cc1ccc(C2=Cc3ccccc3P2(=O)c2ccccc2)cc1,ClCCl,426.0
1276,c1ccc2c(-n3c4ccccc4c4ccccc43)cccc2c1,Cc1ccccc1,379.0
10247,O=C1NC(=O)c2c1c1c3ccccc3[nH]c1c1[nH]c3ccccc3c21,Cc1ccccc1,465.0
4432,F[B-]1(F)OC(c2ccccc2)=Nc2sc(-c3ccccc3)n[n+]21,ClC(Cl)Cl,413.0
3644,COc1ccc(-c2nc3c([nH]2)C2=CC(=O)S[C@]2(C)[C@@]2(C)SC(=O)C=C32)cc1,CC#N,533.0
4143,O=c1cc(COc2ccc(I)cc2)c2c(ccc3ccccc32)o1,CCCO,419.0
2878,Oc1ccccc1C1=NC2c3cccc4cccc(c34)C2N1c1ccccc1,Cc1ccccc1,575.0
6493,CCN(CC)c1ccc(-c2nc3c(c4c2-c2ccccc2CC4)-c2ccccc2CC3)cc1,CCCCCC,425.0
10478,Cc1c2ccncc2c(C)c2c1[nH]c1ccccc12,CCO,429.0
10453,C[Si](C)(C)C#Cc1cc(C#C[Si](C)(C)C)c2ccc3c(C(=O)c4ccccc4)cc(C#C[Si](C)(C)C)c4ccc1c2c43,ClCCl,467.0
5240,CSC1=C2C=C(c3cc4n(c3)[B-](F)(F)[N+]3=CC=CC3=C4c3c(C)cc(C)cc3C)C(C)=[N+]2[B-](F)(F)n2c(C)ccc21,Cc1ccccc1,663.0
11533,c1ccc(Nc2nc(Nc3ccccc3)nc(Nc3ccc4c5cccc6cccc(c7cccc3c74)c65)n2)cc1,C1COCCO1,487.0
10488,CC1(C)C2=[N+](CCCCCC(=O)NCCCNC(=O)CCCCCN3/C(=C/C=C/C=C/C=C/2)C(C)(C)c2cc(S(=O)(=O)[O-])ccc23)c2ccc(S(=O)(=O)[O-])cc21,O,768.0
6937,CCCCC1(c2ccc(OC)cc2)Nc2ccccc2N=C1c1ccc(OC)cc1,ClC(Cl)Cl,507.0
7240,N#CC(C#N)=Cc1cn(-c2ccccc2)nc1-c1ccccc1,C1CCOC1,427.0
9945,CC1=N/C(=C\c2ccccc2N(C)C)C(=O)N1C,C1CCCCC1,472.0
10160,CCCCCCc1ccc2c3c(ccc2c1)O[B-](F)(F)[N+](c1cc([N+]2=Cc4c(ccc5cc(CCCCCC)ccc45)O[B-]2(F)F)cc([N+]2=Cc4c(ccc5cc(CCCCCC)ccc45)O[B-]2(F)F)c1)=C3,CC#N,495.0
2593,N#CC(C#N)=Cc1ccc2nc(C#Cc3ccc(N(c4ccccc4)c4ccccc4)cc3)sc2c1,Cc1ccccc1,535.0
11309,CN1CCN(c2ccc3c4c(cccc24)C(=O)c2ccccc2-3)CC1,C1CCCCC1,533.0
2393,CN(C)c1ccc2nc(-c3ccc(C(=O)O)cc3)sc2c1,CO,512.0
523,CN(C)c1ccc(/C=C/c2ccccn2)cc1,CCOC(C)=O,449.0
6376,Brc1cc(/C=C/c2ccc(N(c3ccccc3)c3ccccc3)cc2)c(Br)cc1/C=C/c1ccc(N(c2ccccc2)c2ccccc2)cc1,ClCCl,528.0
6981,c1csc(-c2cnc(-c3cccs3)c3nonc23)c1,O=[N+]([O-])c1ccccc1,614.0
6677,CC(=O)Nc1ccc2c3cccc4cccc(c5cccc1c52)c43,CCCCOCCCC,471.0
3900,N#Cc1cc(C#N)c(-n2c3ccccc3c3ccccc32)cc1-n1c2ccccc2c2ccccc21,Cc1ccccc1,454.0
11817,NS(=O)(=O)c1ccc(N2N=C(c3ccc(O)cc3)CC2c2ccc([N+](=O)[O-])cc2)cc1,CCOC(C)=O,417.0
5585,CCN1/C(=C\C=C\C=C\C2=[N+](CC)c3ccc4ccccc4c3C2(C)C)C(C)(C)c2c1ccc1ccccc21,CN(C)C=O,702.0
11477,Fc1ccc(-c2nc3n(c2-c2ccncc2)CCS3)cc1,CC(C)O,436.0
7956,CCN(CC)c1cccc(C=O)c1,ClCCl,492.0
7570,O=C(c1ccc(N(c2ccccc2)c2ccccc2)cc1)[C@H]1[C@H](c2ccc(F)cc2)C[C@](O)(c2ccccn2)C[C@]1(O)c1ccccn1,ClCCl,518.0
11314,CN1CCN(c2ccc3c4c(cccc24)C(=O)c2ccccc2-3)CC1,CC1COC(=O)O1,619.0
6777,Cc1cc(C(F)(F)F)nc2c1ccc1nc(-c3ccc(F)c(F)c3)cn12,c1ccccc1,450.0
10161,CCCCCCc1ccc2c3c(ccc2c1)O[B-](F)(F)[N+](c1cc([N+]2=Cc4c(ccc5cc(CCCCCC)ccc45)O[B-]2(F)F)cc([N+]2=Cc4c(ccc5cc(CCCCCC)ccc45)O[B-]2(F)F)c1)=C3,Cc1ccccc1,493.0
671,O=c1cc2c(-c3c(O)c4cccc5ccc6oc(=O)cc3c6c54)c(O)c3cccc4ccc(o1)c2c43,CC1CCCO1,552.0
4188,CN(C)c1ccc(C=C2Cc3ccccc3C2=O)cc1,CCOC(C)=O,497.0
666,c1ccc(N2c3ccc4ccccc4c3-c3c4ccccc4nc[n+]3[B-]2(c2ccccc2)c2ccccc2)cc1,CCOC(C)=O,665.0
3266,c1ccc(-c2nn(-c3ccccn3)c3nc4ccccc4cc23)cc1,CC#N,441.0
1887,Cc1ccc(C(=O)/C=C2\C(=O)Nc3ccccc32)cc1,ClCCl,399.0
8472,CN(C)c1ccc(/C=C/C=C2\CC/C(=C\c3ccc(N(C)C)cc3)C2=O)cc1,CCCCOC(C)=O,581.0
9911,COC(C)CC1=N/C(=C\c2cccc(N(C)C)c2)C(=O)N1C,CC#N,632.0
11139,CCCCC(CC)CN1C(=O)c2cccc3c(C#Cc4ccc(N(c5ccc(C#Cc6ccc7c8c(cccc68)C(=O)N(CC(CC)CCCC)C7=O)cc5)c5ccc(C#Cc6ccc7c8c(cccc68)C(=O)N(CC(CC)CCCC)C7=O)cc5)cc4)ccc(c23)C1=O,CC#N,612.0
9091,CCC1(CC)c2cc(C=C(C#N)C#N)ccc2-c2ccc(N(C)C)cc21,CCO,677.0
7687,CCN(CC)c1ccc2cc(/C=C(\C#N)c3nc4ccccc4o3)c(=O)oc2c1,CS(C)=O,589.0
6031,CN(C)c1ccc(C#Cc2ccc(C#N)cc2)cc1,CCOC(C)=O,481.9973972
6090,COC(=O)c1ccc(C#Cc2ccccc2)cc1,CC#N,353.7944454
6238,CCOC(=O)/C(C#N)=C\c1ccc2c(c1)c1ccccc1n2-c1ccc(OC)cc1,CCOC(C)=O,479.0
7350,O=C(N/N=C/c1ccccc1O)c1ccccc1O,CCO,463.0
7830,F[B-]1(F)n2cccc2C(c2ccccc2)=C2C=CC(c3ccc(OC4=[N+]5C(=C(c6ccccc6)c6cc(Br)c(Br)n6[B-]5(F)F)C=C4Br)cc3)=[N+]21,ClC(Cl)Cl,574.0
760,C[Si](C)(C)c1sc([Si](C)(C)C)c2c1sc1c3sc4c(sc5c4sc4c([Si](C)(C)C)sc([Si](C)(C)C)c45)c3sc12,ClC(Cl)Cl,442.0
6254,CN(C)c1ccc2cc3c(cc2c1)OCCN=C3,CS(C)=O,447.0
1906,O=C1Nc2ccccc2/C1=C/C(=O)c1ccc(Cl)cc1,CCCCCC,382.0
3818,N#Cc1nc2c3ccc(-n4c5ccccc5c5ccccc54)cc3c3cc(-n4c5ccccc5c5ccccc54)ccc3c2nc1C#N,O=P(c1ccccc1)(c1ccccc1)c1cccc(-c2cc(-n3c4ccccc4c4ccccc43)cc(-n3c4ccccc4c4ccccc43)c2)n1,560.0
6269,c1ccc(N2c3ccccc3Sc3cc(-c4cccc5nc6ccccc6cc45)ccc32)cc1,CCOC(C)=O,474.0
4300,O=C1C=C(Nc2ccccc2)CCC1,O,380.0
5569,CCCCN1/C(=C\C=C\C=C\C2=[N+](CCCC)c3ccc4ccccc4c3C2(C)C)C(C)(C)c2c1ccc1ccccc21,CN(C)C=O,705.0
7941,Nc1ccc(O)c(C(=O)[O-])c1,CO,490.0
10785,O=C1c2cccc3c(-n4c5ccccc5c5ccccc54)ccc(c23)C(=O)N1C1CCCCC1,ClCCl,563.0
4164,COc1ccccc1-c1nc(-c2ccccc2)c(-c2ccccc2)[nH]1,CO,375.0
11223,COc1ccc(C#Cc2ccc(C#Cc3ccc(P(=O)(c4ccccc4)c4ccccc4)cc3)cc2)cc1,ClCCl,402.0
5971,CCN(CC)c1ccc2cc(/C=C/C(O)=C3\CC/C(=C\c4cc5ccc(N(CC)CC)cc5oc4=O)C3=O)c(=O)oc2c1,Cc1ccccc1,570.0
3579,c1ccc2c(c1)CCc1ccccc1N2c1c2ccccc2c(N2c3ccccc3CCc3ccccc32)c2ccccc12,Cc1ccccc1,525.0
2832,Cn1c(=O)c(/N=N/c2cc(S(=O)(=O)O)ccc2S(=O)(=O)O)c(O)c2ccccc21,ClCCl,493.0
5449,c1ccc2cc(-n3c4ccccc4c4ccccc43)ccc2c1,C1CCOC1,374.0
3472,c1ccc(-c2nc(-c3ccc(N4c5ccccc5Oc5ccccc54)cc3)nn2-c2ccc(N3c4ccccc4Oc4ccccc43)cc2)nc1,ClCCl,490.0
6327,COc1ccc(N(c2ccc(OC)cc2)c2ccc(-c3ccc(-c4ccc(-c5ccc(-c6ccc(N(c7ccc(OC)cc7)c7ccc(OC)cc7)cc6)s5)c5nsnc45)s3)cc2)cc1,ClC(Cl)Cl,710.0
137,CC1(C)C(/C=C/c2cc3ccc(O)cc3oc2=O)=[N+](CCCS(=O)(=O)[O-])c2ccccc21,CS(C)=O,649.0
7043,Cc1cc(=O)c2ccc(N)cc2o1,CCOC(C)=O,378.0
4892,CCCCNC(=O)c1nc2c(N(C)C)nc(N(C)C)nc2n1Cc1ccccc1,C1COCCO1,392.0
2180,COC(=O)C[C@H](Cc1c[nH]c2ccccc12)NC(=O)[C@H](CC(=O)N[C@@H](CC1=CCc2ccccc21)C(=O)OC)NC(=O)OC(C)(C)C,CCOC(C)=O,326.0
10320,CN(c1ccccc1)c1ccc(-c2ccc(-c3ccc(N(C)c4ccccc4)cc3)c3nc(-c4ccccc4)c(-c4ccccc4)nc23)cc1,ClC(Cl)Cl,640.0
7730,CCOC(=O)C1=C(C)NC2=C(C(=O)c3ccccc32)C1c1ccc(N(C)C)cc1,CS(C)=O,548.0
3177,FC(F)(F)c1ccc(-c2nc(-c3ccc(C(F)(F)F)cc3)n3ccccc23)cc1,ClC(Cl)Cl,480.0
4854,CN(C)c1nc(N(C)C)c2nc(C#N)n(Cc3ccccc3)c2n1,CC#N,394.0
4637,COCCN(CCOC)c1ccc(/C=C/c2sc3c4nc(C)sc4ccc3[n+]2C)cc1,ClC(Cl)Cl,601.0
5115,N#C/C(=C\c1cn(-c2ccccc2)nc1-c1ccccc1)c1nc2ccccc2s1,CN(C)C=O,465.0
11402,CCN1/C(=C/C=C/C2=[N+](C)c3ccccc3C2(C)C)C(C)(C)c2ccccc21,CS(C)=O,565.0
7648,O=C1/C(=C/C=C/c2cc3c4c(c2)CCCN4CCC3)CC/C1=C\C=C\c1cc2c3c(c1)CCCN3CCC2,CC(C)=O,732.0
4261,O=C1OCC2=C1C(c1ccccc1)c1cc3c(cc1N2CCO)CCC3,CCCCO,410.0
1331,c1ccc2c(c1)c1ccccc1n2-c1ccc(-c2ccc3nc(-c4ccc(-n5c6ccccc6c6ccccc65)cc4)nn3c2)cc1,C1CCOC1,385.0
10209,CN(C)c1ccc(-c2nc3ccccc3n2-c2ccccc2)cc1,CC#N,397.0
10674,N#Cc1c(N2CCCCC2)cc(-c2cccc3ccccc23)c2c1C(=O)c1ccccc1-2,C1CCOC1,460.0
7002,O=S(=O)(c1cccc(N2c3ccccc3Oc3ccccc32)c1)c1cccc(N2c3ccccc3Oc3ccccc32)c1,ClC(Cl)Cl,572.0
9550,Cc1cccc2nc(-c3cc(=O)c(OCc4ccccc4)co3)c(NC3CCCCC3)n12,ClCCl,476.0
6941,CCCCC1(c2ccccc2)Nc2ccccc2N=C1c1ccccc1,CN(C)C=O,544.0
8017,CC(=O)Nc1ccc(O)cc1,CO,322.0
6241,CC1=CC(/C=C/c2ccc(OCCN3CCOCC3)cc2)=[N+]2C1=C(c1ccc(OCCN3CCCCC3)cc1)c1c(C)cc(/C=C/c3ccc(OCCN4CCOCC4)cc3)n1[B-]2(F)F,CCO,655.0
9521,CN(C)c1ccc(/C=C/c2ncnc3ccccc23)cc1,C1CCOC1,537.0
12244,CN(C)c1ccc(/C=C/c2cccnn2)cc1,C1CCOC1,476.0
6881,CCCCCc1ccc(-c2ccc(C#Cc3cc(C#Cc4ccc(-c5ccc(CCCCC)cc5)cc4)c4ccc5c(C(=O)c6ccccc6)cc(C#Cc6ccc(-c7ccc(CCCCC)cc7)cc6)c6ccc3c4c65)cc2)cc1,ClCCl,517.0
10342,Oc1cc(-c2ccco2)ccc1-c1nc2ccccc2s1,CCO,405.0
4530,O=C(/C=C/c1cn(-c2ccccc2)nc1-c1ccccc1)c1c(O)c2ccccc2oc1=O,CN(C)C=O,505.0
10314,O=P1(c2ccccc2)c2cccc3c4ccccc4c4ccc1n4c23,ClCCl,462.0
4673,CC(C)(C)c1ccc(-c2nnc(-c3ccc4ccc5cccc6ccc3c4c56)o2)cc1,C1CCOC1,423.0
6996,CC[n+]1c(C=C2C(=O)C(C=C3N(C)c4ccccc4C3(C)C)=C2[O-])sc2ccccc21,CO,651.0
1252,O=C1c2ccccc2-c2ccc(N3CCOCC3)c3cccc1c23,C1CCOC1,600.0
3374,C(=C/c1ccc(/C=C/c2cccs2)s1)\c1cccs1,CC#N,445.0
2814,c1ccc(-c2nc(-c3c4ccccc4cc4ccccc34)n3ccccc23)cc1,ClCCl,548.0
4719,O=c1oc2ccccc2cc1-c1ccc(-c2cc3ccccc3oc2=O)cc1,CS(C)=O,430.0
6544,COc1ccc(-c2nc3c(c4c2-c2ccc(C#N)cc2CC4)-c2ccc(C#N)cc2CC3)cc1,Cc1ccccc1,422.0
10040,Nc1ccc2c(-c3ccc(Br)cc3)c3ccc(=[NH2+])cc-3oc2c1,CCO,532.0
4858,CN(C)c1nc(N)c2nc(C#N)n(Cc3ccccc3)c2n1,CC#N,396.0
7901,N#Cc1c(-n2nnc3c2-c2ccccc2CN(C(=O)CCN)c2ccccc2-3)n([C@H]2C[C@H](O)[C@@H](CO)O2)c2ncnc(N)c12,CO,434.0
11229,COc1cc2cc(-c3cc4cc(OC)c(OC)cc4oc3=O)oc2cc1OC,O,435.0
8580,Cc1cc(C)c(C2=C3C=C(/C=C/C(=O)OC(C)(C)C)C=[N+]3[B-](F)(F)n3c2ccc3N2CCOCC2)c(C)c1,ClCCl,581.0
8427,O=CC1=C(c2ccc(-c3cccs3)s2)CC1,c1ccncc1,495.0
1077,Cc1ccc2c(c1)C1(c3ccccc3Oc3ccccc31)c1cc(C)ccc1N2c1ccc(-c2nc(-c3ccccc3)cc(-c3ccccc3)n2)cc1,Cc1ccccc1,451.0
10176,CCN1c2ccc(-c3cc(-c4ccccc4)[nH]n3)cc2Sc2cc(-c3cc(-c4ccccc4)[nH]n3)ccc21,ClCCl,461.0
4363,N#Cc1ccc(C#Cc2ccc3ccc4ccc(C#Cc5ccc(C#N)cc5)c5ccc2c3c45)cc1,CC(C)=O,445.8
770,CN(c1ccccc1)c1ccc(/C=C2\C(=O)c3ccccc3S2(=O)=O)cc1,Cc1ccccc1,576.0
10357,[O-]c1ccccc1-c1[nH+]c2c3ccccc3c3ccccc3c2n1-c1ccccc1,Cc1ccccc1,478.0
8865,CCn1c2ccccc2c2cc(-c3cc(-c4ccc5c(c4)c4ccccc4n5CC)nc(OC)n3)ccc21,ClCCl,408.0
249,CC[n+]1nc2cc3c4c(c2c2cc(F)ccc21)CCCN4CCC3,O,564.0
9766,c1cc(N2CCCC2)ccn1,CCO,313.0
7239,CCOC(=O)/C(C#N)=C\c1cn(-c2ccccc2)nc1-c1ccccc1,ClCCl,428.0
3419,C[N+]1=C(/C=C/C2=C3Oc4c(cc5c6c4CCCN6CCC5)C(c4ccccc4C(=O)O)=C3CCC2)C(C)(C)c2ccccc21,CCO,745.0
10273,Cc1cc(C)c(B(c2ccc(-c3nc4c5ccccc5c5ccccc5c4[nH]3)cc2)c2c(C)cc(C)cc2C)c(C)c1,Cc1ccccc1,435.0
10015,CNc1cccc2c1C(=O)c1ccccc1C2=O,C1CCC2CCCCC2C1,565.0
4976,CC(C)CCCCN1CCc2c1ccc1c3c(ccc21)C(=O)CCC3,C1CCCCC1,433.0
4544,OCc1cc(/N=N/c2ccc(-c3ccc4ccccc4c3)cc2F)ccc1O,CS(C)=O,446.0
5565,CCCCN1/C(=C\C=C\C=C\C2=[N+](CCCC)c3ccc4ccccc4c3C2(C)C)C(C)(C)c2c1ccc1ccccc21,C1CCOC1,710.0
7939,Nc1ccc(C(=O)[O-])c(O)c1,CO,386.0
716,CC1CC=C(c2ccc(-c3cccs3)s2)CC1,C1CCOC1,412.0
11840,COc1ccc(C2CC(c3ccc(O)cc3)=NN2c2ccc(S(N)(=O)=O)cc2)cc1,CO,432.0
2048,CN(C)c1ccc(/C=C/c2ccc(C#N)cc2)cc1,CC#N,530.0
5997,COc1ccc2c(c1)CCc1c-2nc(N)c(C#N)c1-c1ccc(Br)cc1,CCO,419.0
6600,CCN1/C(=C\C2=C([O-])/C(=C/C3=[N+](CC)c4c(ccc5ccc(C)nc45)C3(C)C)C2=O)C(C)(C)c2ccc3ccc(C)nc3c21,Cc1ccccc1,706.0
7245,N#CC(C#N)=Cc1cn(-c2ccccc2)nc1-c1ccccc1,CO,426.0
4178,c1ccc(-c2nc(-c3ccccc3)c(-c3ccccc3)[nH]2)cc1,CC#N,387.0
4809,CCCCCCCCOc1ccc(-c2c3c4n(c(-c5ccc(OCCCCCCCC)cc5)c3c3n2[B-](F)(F)[n+]2ccccc2N=3)[B-](F)(F)[n+]2ccccc2N=4)cc1,ClC(Cl)Cl,661.0
10916,Nc1ccc2cc(-c3ccc(C(F)(F)F)cc3)oc(=O)c2c1,ClC(Cl)Cl,438.0
11629,Nc1ccc2c(C(F)(F)F)cc(=O)oc2c1,CN(C)C=O,480.0
7140,CC/[NH+]=c1\cc2oc3cc(NCCC(=O)NCCCCC(NC(C)=O)C(=O)OC)c4ccccc4c3nc-2cc1C,CCO,645.0
7190,CCCCCCCCN1c2ccc(C#Cc3cc(C(F)(F)F)cc(C(F)(F)F)c3)cc2Sc2cc(C=O)ccc21,CCCCCC,491.0
1460,COc1ccc(-c2ccc(-c3ccc(C#N)s3)s2)cc1,CC(C)O,471.0
5989,CC(C)(C)OC(=O)NC(C(=O)OCc1ccc2c3cccc4cccc(c5cccc1c52)c43)c1c[nH]c2ccccc12,CCO,447.0
9860,CCCCCCCCCCCCN(CCCCCCCCCCCC)c1ccc2c(c1)oc(=O)c1c(=O)oc3ccccc3c12,CS(C)=O,562.0
10948,CCN(CC)c1ccc2cc(-c3ccc(C(F)(F)F)cc3)oc(=O)c2c1,CCCO,470.0
2000,Cc1ccccc1/C(C#N)=C/c1ccc(N(C)C)cc1,C1COCCO1,476.0
8175,CN(C)CCNc1ccc([N+](=O)[O-])cc1[N+](=O)[O-],ClCCl,393.0
404,CC1(C)c2ccccc2N(c2ccc3c(c2)c2cc(N4c5ccccc5C(C)(C)c5ccccc54)ccc2c2nc(C#N)c(C#N)nc32)c2ccccc21,O=P(c1ccccc1)(c1ccccc1)c1cccc(-c2cc(-n3c4ccccc4c4ccccc43)cc(-n3c4ccccc4c4ccccc43)c2)n1,618.0
384,c1ccc(-c2nc3ccccc3nc2-c2ccccc2)cc1,C1CCOC1,401.0
11583,C=Cc1cc2ccc(OC)cc2oc1=O,CC#N,425.0
11635,N#Cc1cc2ccc(O)cc2oc1=O,CCOC(C)=O,406.0
10344,Oc1cc(-c2ccco2)ccc1-c1nc2ccccc2s1,O,516.0
1633,COc1ccc(-c2cc3c(s2)c(C(C)=O)cc(=O)n3C)cc1,ClCCl,510.0
11719,COc1ccc(C#Cc2ccc(C#Cc3ccc(C#Cc4ccccc4C#N)cc3C#N)cc2C#N)cc1,ClC(Cl)Cl,434.0
4784,CC[N+](CC)=c1ccc2nc3c(cc(NCCC(=O)NC(C)C(=O)OC)c4ccccc43)oc-2c1,CCO,672.0
11596,N#C[Se]CCCCCOc1ccc2ccc(=O)oc2c1,OCCO,392.0
6970,COCCOCCOCCOc1ccc(/C=C/C2=[N+]3C(=C(c4cc(OC)cc(OC)c4)c4c(C)c(I)c(/C=C/c5ccc(OCCOCCOCCOC)cc5)n4[B-]3(F)F)C(C)=C2I)cc1,C1CCOC1,684.0
3925,CC1(C)Nc2cc3nc4cc(Cl)c(Cl)cc4nc3cc2N1,CCO,506.0
4158,N=c1oc2ccccc2cc1-c1ccc([N+](=O)[O-])cc1,CS(C)=O,589.0
7449,CN(C)c1ccc(/C=C/C(=O)c2ccccc2)cc1,CC(C)=O,519.0
8415,CN(C)c1ccc(C2=[N+]3C(=Nc4c5ccccc5c(-c5ccc(N(C)C)cc5)n4[B-]3(F)F)c3ccccc32)cc1,ClCCl,830.0
2193,c1ccc2c(c1)c1ccccc1n2-c1ccc2cc(-c3ccc(-c4ccc(-c5cc6ccc(-n7c8ccccc8c8ccccc87)cc6o5)cc4)cc3)oc2c1,Cc1ccccc1,419.0
11328,O=C1CCCC2=C1C(c1ccc([N+](=O)[O-])cc1)c1c(c3ccccc3oc1=O)N2,CS(C)=O,441.0
10016,CNc1cccc2c1C(=O)c1ccccc1C2=O,C1CCCCC1,563.0
1015,CCCCCCCCCn1c(-c2cc(-c3nc4ccc(C)cc4n3CCCCCCCCC)cc(-c3nc4ccc(C)cc4n3CCCCCCCCC)c2)nc2ccc(C)cc21,C1CCOC1,371.0
5124,Cc1ccc(C2=C3C=CC(/C=C/c4ccccc4)=[N+]3[B-](F)(F)n3c(Cl)ccc32)cc1,ClC(Cl)Cl,585.0
7418,Cc1ccc(C(=O)/C=C/c2ccc(N(C)C)cc2)cc1,CC(=O)O,512.0
7409,COc1ccc(/C=C/C(=O)c2ccccc2O)cc1OC,CS(C)=O,480.0
8989,COC(=O)C[C@H](Cc1c[nH]c2ccccc12)NC(=O)[C@H](CC(=O)N[C@@H](CC1=CCc2ccccc21)C(=O)OC)NC(=O)[C@H](Cc1c[nH]c2ccccc12)NC(=O)OC(C)(C)C,CC#N,334.0
2871,COc1ccc(C#Cc2ccc(C#Cc3ccc(P(=O)(c4ccc(C#Cc5ccc(C#Cc6ccc(OC)cc6)cc5)cc4)c4ccc(C#Cc5ccc(C#Cc6ccc(OC)cc6)cc5)cc4)cc3)cc2)cc1,C1COCCO1,379.0
9,CC(C)(C)c1ccc(-c2nc3c4ccc(-c5cc6ccccc6c6ccccc56)cc4c4cc(-c5cc6ccccc6c6ccccc56)ccc4c3n2-c2ccc(C(C)(C)C)cc2)cc1,CCN(CC)CC,384.0
10136,Cc1ccc(/C=C/c2ccccc2-[n+]2noc([O-])c2C)cc1,C1CCCCC1,348.0
1838,COc1ccc2c(-c3nc(-c4ccccc4Cl)no3)cc(=O)oc2c1,CCO,464.0
4804,Cc1cc(C)c(B(c2c(C)cc(C)cc2C)c2cc3cccc4c(B(c5c(C)cc(C)cc5C)c5c(C)cc(C)cc5C)cc5cccc2c5c34)c(C)c1,C1CCOC1,435.4030501
255,Cc1ccc2nc3c(=O)[nH]c(=O)[nH]c3nc2c1C,CC#N,461.0
7026,N#Cc1coc2ccccc2c1=O,C1COCCO1,402.0
5713,O=C(O)c1ccccc1Nc1cccc(C(F)(F)F)c1,CN(C)C=O,425.0
3324,COc1ccc(C2=C3C(C)=CC(C)=[N+]3[B-](F)(F)n3c(/C=C/c4ccc(N(C)C)cc4)cc(C)c32)cc1,CCCCOCCCC,627.0
7714,CCOC(=O)c1cc(C(=O)OCC)c2ccc(O)cc2n1,CCO,474.0
1581,CCOC(=O)c1c(N)sc(/N=C/c2cccs2)c1C(=O)OCC,CC#N,480.0
11148,N#Cc1c2nc3ccccn3c2nc2nc3ccccn3c12,CN(C)C=O,540.0
924,Cc1ccc(C2=[N+]3C(=Cc4ccc(C)n4[B-]3(F)F)c3ccccc32)[nH]1,CO,616.0
2779,CCN(CC)c1ccc2cc(C#N)/c(=N\C(=O)c3ccc(F)cc3)oc2c1,ClCCl,507.0
10700,COc1cc2c(cc1/C=C/C(=C(C#N)C#N)c1ccccc1)c1ccccc1n2C,CC#N,589.0
7891,COc1ccc2cc3c(C)cc(=O)oc3cc2c1,CCO,464.0
6132,c1ccc2c(-c3ccncc3)c3c(nc2c1)-c1cc2c(cc1CC3)-c1nc3ccccc3c(-c3ccncc3)c1CC2,ClC(Cl)Cl,389.0
5320,COc1cc(/C=C/c2cc(OC)c(-c3nc(-c4ccccc4)c(-c4ccccc4)[nH]3)cc2OC)c(OC)cc1/C=C/c1cc(OC)c(-c2nc(-c3ccccc3)c(-c3ccccc3)[nH]2)cc1OC,CN(C)C=O,512.0
7312,CN(C)c1cccc2c1ccc1c(=O)oc(-c3ccc(C(F)(F)F)cc3)cc12,CCO,602.0
7102,CC1(C)c2ccccc2N(c2cc3c4ccccc4n4c5ccccc5c(c2)c34)c2ccccc21,C1CCOC1,470.9125475
6042,CN(C)c1ccc(C#Cc2ccc(C=O)cc2)cc1,CC(C)CC(C)(C)C,396.5107058
