row_idx_in_train,smiles,solvent,empeakwavs_max
2536,c1ccc(-c2nnc(-c3ccc(-n4c5ccccc5c5ccccc54)cc3)o2)cc1,Cc1ccccc1,387.0
1210,Cc1ccc(-c2cc3ccccc3oc2=O)cc1,C1CCOC1,410.0
7782,CC/[NH+]=c1\cc2oc3cc(NCCN)c4ccccc4c3nc-2cc1C,O,647.0
9493,CCOC(=O)c1ccc(O)c(-c2[nH]c(=O)n3c2-c2ccccc2C3=O)c1,CC#N,476.0
4901,CCC1=C(C)C2=C(c3c4ccccc4c(C)c4ccccc34)c3c(C)c(CC)c(C)n3[B-](F)(F)[N+]2=C1C,CN(C)C=O,540.0
10200,O=C(O)c1ccccc1Nc1cccc(C(F)(F)F)c1,CC#N,426.0
9289,C=CCNc1ccc2c(ccc3oc4cc(=[N+](C)C)ccc-4nc32)c1,CC#N,654.0
11525,CCOC(=O)c1c(-c2cc3ccc(OCC=C(C)C)cc3oc2=O)nn(-c2cccc(C)c2)c1C(=O)OCC,ClCCl,425.0
8170,c1ccc(-n2c3c(c4c2-c2ccccc2C42c4ccccc4-c4ccccc42)C2(c4ccccc4-c4ccccc42)c2ccccc2-3)cc1,C1CCOC1,408.0
8021,F[B-]1(F)OC(c2ccccc2)=C(c2ccccc2)c2sc3ccccc3[n+]21,C1CCOC1,446.0
7171,C(=C/c1ccncn1)\c1ccc(N(c2ccccc2)c2ccccc2)cc1,CS(C)=O,550.0
8278,CN(C)c1ccc(/C=C/C=C2\CCCC2=O)cc1,CCOC(C)=O,559.0
5804,CCn1c2ccccc2c2cc(C#Cc3cc(C#Cc4ccc5c(c4)c4ccccc4n5CC)nc(C#N)n3)ccc21,CN(C)C=O,557.0
9438,CCN(CC)c1ccc2cc(/C=C/C(=C(C#N)C#N)c3ccc(N(c4ccccc4)c4ccccc4)cc3)c(=O)oc2c1,Cc1ccccc1,576.0
2337,N#CC(C#N)=C(/C=C/c1ccc(N(c2ccccc2)c2ccccc2)cc1)c1ccc2c3c(cccc13)CC2,CC(C)=O,644.0
9566,Cc1nc2c(ccc3c2sc(/C=C/c2ccc(-n4c5ccccc5c5ccccc54)cc2)[n+]3C)s1,ClC(Cl)Cl,638.0
8408,COC(=O)C(NC(=O)OC(C)(C)C)c1ccc2oc(-c3cc(OC)ccc3OC)nc2c1,CO,405.0
2715,O=Cc1cc(N2CCCCC2)c2ccc3c(N4CCCCC4)cc(N4CCCCC4)c4ccc1c2c43,CO,643.0
1825,[C-]#[N+]c1ccc(-c2ccc(N(C)C)cc2)cc1,ClCCl,412.0
10768,CCC1(CC)c2cc(/C=C/c3cc(C#N)c(/C=C/c4ccc5c(c4)C(CC)(CC)c4cc(N6c7ccccc7Sc7ccccc76)ccc4-5)cc3C#N)ccc2-c2ccc(N3c4ccccc4Sc4ccccc43)cc21,ClCCl,520.0
8629,CN(C)c1ccc(C2=CC3=C(c4ccc(C=C(C#N)C#N)cc4)[C@H]4c5ccccc5[C@]3(S2)c2ccccc24)cc1,ClCCl,735.0
6298,COc1ccc2c(c1)CCC1=C(C#Cc3cc4ccccc4c4ccccc34)O[B-](F)(F)[O+]=C12,ClCCl,500.0
4110,CN(C)c1ccc(-c2cc(-c3ccc(C#N)cc3)nn2C)cc1,ClCCl,499.0
4923,CC1=C2c3ccccc3C(c3ccc[nH]3)=[N+]2[B-](F)(F)n2cccc21,CC#N,586.0
11081,CCOC(=O)C1=C(C(=O)OCC)C2(c3ccccc3-c3c(Br)cc(Br)cc32)C2(/C=C/c3ccc(Cl)cc3)c3cc(OC)c(OC)cc3CCN12,ClCCl,495.0
4771,CC(=O)n1cc(/C=C/c2ccc([N+](=O)[O-])cc2)c2ccccc21,O,537.0
6669,c1ccc(-c2cc(-c3ccc(-c4nc(-c5ccccn5)c(-c5ccccn5)[nH]4)cc3)cc(-c3ccccn3)n2)nc1,O,525.0
5199,Cc1cc(-n2c3ccccc3c3cc4c(cc32)C2c3ccccc3C4c3ccccc32)c(C)cc1-c1nc(-c2ccccc2)nc(-c2ccccc2)n1,Cc1ccccc1,427.0
11206,CN(C)c1ccc(/C=C/c2cc[n+](CCC[n+]3ccc(/C=C/c4ccc(N(C)C)cc4)cc3)cc2)cc1,CCO,601.0012681
538,CN(C)c1ccc(C#Cc2ccc(C#N)cc2)cc1,CC#N,571.0043967
4089,CC1=[N+]2C(=Cc3ccc(C)n3[B-]2(F)F)C=C1c1cc2n(c1)[B-](F)(F)[N+]1=CC=CC1=C2c1c(C)cc(C)cc1C,CCOC(C)=O,683.0
11102,CN(C)c1ccc(/C=C/C(=O)O)cc1,CO,453.0
10648,O=C([O-])c1cc2c(ccc3ccccc32)oc1=O,O,428.0
5825,O=S(=O)([O-])c1ccc(/C=C/c2ccc(-c3nnc(-c4ccc(/C=C/c5ccc(S(=O)(=O)[O-])cc5S(=O)(=O)[O-])cc4)o3)cc2)c(S(=O)(=O)[O-])c1,CC(C)=O,415.0
3098,CC(C)(C)c1ccc(C2=C(Br)C3=C(c4ccccc4)c4c(Br)c(-c5ccc(C(C)(C)C)cc5)c(-c5ccc(C(C)(C)C)cc5)n4[B-](F)(F)[N+]3=C2c2ccc(C(C)(C)C)cc2)cc1,ClCCl,619.0
2422,c1ccc(-c2nc(-c3c[nH]c4ccccc34)n3ccccc23)cc1,CO,500.0
5908,Cc1cc(C)c(C2=C3C=CC=[N+]3[B-]3(F)Oc4cc(O)cc5c6ccc(C)cc6c6cc2n3c6c45)c(C)c1,ClC(Cl)Cl,649.0
2692,Cc1nc2c(cc3c4c(cccc42)C(=O)OC3=O)o1,CCO,418.0
4170,COC(=O)c1nc2c(OCc3ccccc3)nc(N)nc2n1Cc1ccccc1,CO,405.0
5046,COc1ccc(/C=C/c2nc(-c3ccccc3)[nH]c2/C=C/c2ccc(OC)cc2)cc1,ClCCl,490.0
8698,CCCCCCCCC1(CCCCCCCC)c2cc(-c3ccc(C=C4C(=O)c5ccccc5C4=O)cc3)ccc2-c2ccc(-c3ccc(C=C4C(=O)c5ccccc5C4=O)cc3)cc21,CCCCCC,462.0
2982,CN(C)c1ccc2c3c(ccc2c1)C(=O)CCC3,CCC(C)=O,443.0
11298,c1ccc2cc(-c3cc(-c4nccs4)nc(-c4nccs4)c3)ccc2c1,CO,392.0
10126,C[n+]1ccc(/C=C/c2ccc3cc(O)ccc3c2)cc1,O,565.0
10129,CN1C(=CC2=C([S-])C(=CC3=[N+](C)c4ccccc4C3(C)C)C2=O)C(C)(C)c2ccccc21,ClC(Cl)Cl,663.0
6649,CC/[NH+]=c1\cc2oc3cc(NCCNC(=O)C(NC(=O)OC(C)(C)C)C(C)C)c4ccccc4c3nc-2cc1C,O,653.0
5597,c1ccc(N(c2ccccc2)c2ccc(-c3cccc4nc5ccccc5cc34)cc2)cc1,C1CCOC1,535.0
5100,O=C1NC(=O)/C(=C\c2ccccc2O)S1,C1COCCO1,418.0
8854,CCc1c(C)[nH]c(C2=[N+]3C(=Cc4c(C)c(CC)c(/C=C/c5ccc(N(C)C)cc5)n4[B-]3(F)F)c3ccccc32)c1C,Cc1ccccc1,760.0
3698,CC1(C)c2ccccc2N(c2ccccc2)c2ccc(C(=O)c3ccc4c(c3)C(C)(C)c3ccccc3N4c3ccccc3)cc21,O=P(c1ccccc1)(c1ccccc1)c1ccccc1Oc1ccccc1P(=O)(c1ccccc1)c1ccccc1,440.0
11400,Oc1cc(N(c2ccccc2)c2ccccc2)ccc1-c1nc2c3ccccc3c3ccccc3c2[nH]1,Cc1ccccc1,422.0
6559,CCN(CC)c1ccc2cc(/C=C/C(=C(C#N)C#N)c3ccc4c(c3)c3ccccc3n4CC)c(=O)oc2c1,CS(C)=O,638.0
12080,COC(=O)c1cc(=O)n(Cc2ccccc2)c2cc(-c3ccc(N(C)C)cc3)sc12,CC#N,610.0
3160,c1ccc(-c2oc(-c3ccccc3)c3ccccc23)cc1,Cc1ccccc1,454.0
5620,CC(=O)c1cc(=O)n(C)c2cc(-c3ccc(N(C)C)cc3)sc12,CC#N,504.0
3035,CN(C)c1cc2sc3cc(N(C)C)c(F)cc3c(=O)c2cc1F,CCO,477.0
5118,COc1ccc(/C=C/C=C/C=C/c2ccc([N+](=O)[O-])cc2)cc1,ClCCl,694.0
12190,O=S(=O)(c1ccc(-c2ccc(-n3c4ccccc4c4ccccc43)cc2)cc1)c1ccc(-c2ccc(-n3c4ccccc4c4ccccc43)cc2)cc1,C1CCCCC1,372.9328165
2392,CC(C)(C)c1ccc2ccc3cccc4ccc1c2c34,CO,376.0
7653,CN(CCO)c1ccc(/C=C/C2=C(C#N)C(C(C#N)C#N)OC2(C)C)cc1,CC(C)=O,640.0
12215,COC(=O)C(Cc1ccc2oc(-c3ccc(N(C)C)cc3)nc2c1)NC(=O)OC(C)(C)C,CCCCCCCCC,375.9963904
5547,CC(=O)c1c(N[C@@H](Cc2ccc(O)cc2)C(=O)O)c2ccc(N(C)C)cc2oc1=O,ClCCl,415.0
3834,c1ccc(-c2nn(-c3ccccc3)c3nc4ccc(-n5c6ccccc6c6ccccc65)cc4cc23)cc1,CC(C)=O,474.8338082
3424,CCCCCCCCC1(CCCCCCCC)c2cc(-c3ccc(C=C4C(=O)c5ccccc5C4=O)cc3)ccc2-c2ccc(-c3ccc(C=C4C(=O)c5ccccc5C4=O)cc3)cc21,C1CCOC1,531.0
6897,CN(C)c1ccc2cc(C3=[O+][B-](F)(F)OC(c4ccc(C#N)cc4)=C3)ccc2c1,CS(C)=O,700.0
1683,CCOC(=O)COc1ccc(/C=C/c2cc(C)c3n2[B-](F)(F)[N+]2=C(c4[nH]c(C)cc4C)c4ccccc4C2=C3)cc1,CCCCCC,693.0
10881,COc1c2ccccc2c(-c2ccccc2)c2ccccc12,OCC(O)CO,426.0
6618,COC(=O)/C=C/C=C/c1ccc(N(C)C)cc1,CC1CCCCC1,424.0
1483,Clc1ccc(/C=C(\c2ccccc2)c2nc3ccccc3s2)cc1,CO,430.0
3995,C1=CSC(=C2SC=C(/C=C/C=C/C=C/C3=CSC(=C4SC=CS4)S3)S2)S1,CO,782.0
357,c1ccc(-n2c(-c3ccc(-c4c5ccccc5c(-c5cccc(-n6c7ccccc7c7ccccc76)c5)c5ccccc45)cc3)nc3c4ccccc4c4ccccc4c32)cc1,CCCCCC,428.5964912
4192,N#Cc1c(-c2ccccc2)cc(N2c3ccccc3Oc3ccccc32)cc1-c1ccccc1,C1CCCCC1,455.0
3909,CC(C)(C)c1ccc2c(c1)c1cc(C(C)(C)C)ccc1n2-c1cccc(C(=O)c2cccc(-n3c4ccc(C(C)(C)C)cc4c4cc(C(C)(C)C)ccc43)n2)n1,Cc1ccccc1,381.6425121
8776,CCCCCCCCCCOc1ccc(C#Cc2ccc(C#Cc3ccc(OCCCCCCCCCC)c(OCCCCCCCCCC)c3)c3nc4c5ccccc5c5ccccc5c4nc23)cc1OCCCCCCCCCC,ClCCl,566.0
4353,O=C1c2cccn2[B-](F)(F)[n+]2ccccc21,Cc1ccccc1,570.0
2517,Nc1cccc2cccc(N)c12,CC#N,413.0
2231,Cc1ccc(C2=C3C=CC4=[N+]3[B-](F)(F)n3c2ccc3-c2ccc([nH]2)/C(c2ccc(C)cc2)=c2/cc/c(o2)=C(\c2ccc(C)cc2)c2ccc4[nH]2)cc1,ClC(Cl)Cl,703.0
3785,CN(C)c1ccc(C#Cc2ccc3ccc4ccc(C#Cc5ccc(N(C)C)cc5)c5ccc2c3c45)cc1,CC(C)=O,570.9
11270,CC1=CC(=[N+]2CCC2)C=C2C1=Nc1c(C)cc(N3CCC3)cc1[Si]2(C)C,O,739.0
7894,COc1ccc2cc(/C=C/c3nc(/C=C/c4ccc(N(C)C)cc4)cc(/C=C/c4ccc(N(C)C)cc4)n3)ccc2c1,ClCCl,536.0
10543,Oc1ccccc1/C=N/N=C/c1ccccc1O,CCCCCCCCC,581.3953488
2543,O=C1c2ccccc2C2=Cc3cc4c(cc3B(O)N12)OCO4,CC#N,490.0
5767,CCCCC[n+]1ccc(/C=C/c2ccc(N(C)C)c3ccccc23)c2ccccc21,C1COCCO1,680.0
2154,O=C1Nc2ccccc2/C1=C/C(=O)c1ccc(Cl)cc1Cl,CC(C)(C)O,414.0
9210,COc1ccc(/C=N/c2cc(C(C)C)c(O)cc2C)cc1,CCO,414.0
7413,COc1ccc2c(c1)[n+]([O-])nc(N)[n+]2[O-],CC#N,510.0
3045,CCCCc1cc(C=O)c2ccc3c(CCCC)cc(N4CCCCC4)c4ccc1c2c34,CO,614.0
1743,Cc1ccc(/C2=c3\cc/c(o3)=C(\c3ccc(C)cc3)c3ccc([nH]3)-c3ccc4n3[P-](=O)(=O)[N+]3=C(C=CC3=C4c3cccs3)c3ccc2[nH]3)cc1,ClC(Cl)Cl,736.0
6011,CCCC1(CCC)c2cc(-c3cccc(C)c3)ccc2-c2ccc(-c3cccc(C)c3)cc21,C1CCCCC1,363.0
379,C#CCNC1=C2C=CC=[N+]2[B-](F)(F)n2cccc21,CCCO,467.0
10829,CN(C)c1ccc2nc3c(cc2c1)c(-c1ccccc1)nn3-c1ccccc1,CC(C)=O,552.7915976
2252,CN(C)c1ccc(/C=C2\CC/C(=C\c3ccc(C#N)cc3)C2=O)cc1,CCOC(C)=O,643.0
7065,O=C1c2ccccc2-c2c(-c3cc(Cl)ccc3O)[nH]c(=O)n21,ClCCl,475.0
10872,CCCCOc1ccc(/C=C/C=C/C=C/c2ccc([N+](=O)[O-])cc2)cc1,ClCCl,701.0
4303,CCN(CC)c1ccc(/C=C2\CC/C(=C\c3ccc(N(c4ccc(/C=C5\CC/C(=C\c6ccc(N(CC)CC)cc6)C5=C(C#N)C#N)cc4)c4ccc(/C=C5\CC/C(=C\c6ccc(N(CC)CC)cc6)C5=C(C#N)C#N)cc4)cc3)C2=C(C#N)C#N)cc1,CN(C)C=O,720.0
450,Cc1cc(C(F)(F)F)nc2c1ccc1nc(-c3ccc(Cl)cc3)cn12,ClC(Cl)Cl,452.0
3975,CCCCCCc1cc(B(c2c(C)cc(C)cc2C)c2c(C)cc(C)cc2C)c(-c2sc(CCCCCC)cc2P(=O)(c2ccccc2)c2ccccc2)s1,CO,605.0
5281,O=C1Nc2ccccc2/C1=C/C(=O)c1ccccc1,O,424.0
3288,COc1cc(N(c2ccc(C=C(C#N)C#N)c(OC)c2)c2ccc(C=C(C#N)C#N)c(OC)c2)ccc1C=C(C#N)C#N,Cc1ccccc1,500.0
4024,C(=C/c1cccc2ccccc12)\c1ccc(-c2nnc(-c3ccc(-c4cc5ccccc5s4)cc3)o2)cc1,CCCCCCCCO,436.0
3573,C(=C/c1ccc(/C=C/c2ccc(N(c3ccccc3)c3ccccc3)cc2)c2nsnc12)\c1ccc(N(c2ccccc2)c2ccccc2)cc1,CCOC(C)=O,627.0
4026,CCOc1cc2c(cc1/C=C/C1=CC(=C(C#N)C#N)CC(C)(C)C1)c1ccccc1n2CC,CCOC(C)=O,591.0
1358,Cc1cccc2nc3c(=O)[nH]c(=O)[nH]c3nc12,CCO,465.0
2009,Oc1cccc(/N=C/c2ccccc2Oc2ccccc2)c1,CO,380.0
2495,CCC1(CC)c2cc(/C=C/c3cc(C#N)c(/C=C/c4ccc5c(c4)C(CC)(CC)c4cc(N6c7ccccc7Sc7ccccc76)ccc4-5)cc3C#N)ccc2-c2ccc(N3c4ccccc4Sc4ccccc43)cc21,C1CCOC1,514.0
10389,Cn1c(=O)c(/N=N/c2ccc(S(=O)(=O)O)c3ccccc23)c(O)c2ccccc21,Cc1ccccc1,540.0
8481,O=[N+]([O-])c1ccc(F)cc1C1CC(c2cccc3ccccc23)=NN1c1ccccc1,CCOC(C)=O,463.0
5580,CC1(C)c2ccccc2-c2ccc(N(c3ccccc3)c3ccc4c(c3)C(C)(C)c3cc(-c5cc6ccccc6c6c5oc5ccccc56)ccc3-4)cc21,C1CCOC1,469.0
9414,CCCCC(CC)Cn1c2cc(C#N)c(-c3ccc(N(c4ccccc4)c4ccccc4)cc3)cc2c2cc(-c3ccc(N(c4ccccc4)c4ccccc4)cc3)c(C#N)cc21,CC#N,542.0
2227,CCN(CC)c1ccc2c(c1)oc(=O)c1c(=O)oc3c(OC)cccc3c12,ClCCl,530.0
3118,CCc1c(C)[nH]c(C2=[N+]3C(=Cc4c(C)cc(C)n4[B-]3(F)F)c3ccccc32)c1C,Cc1ccccc1,642.0
473,O=[N+]([O-])c1ccc(NCCN(Cc2c3ccccc3cc3ccccc23)c2ccc([N+](=O)[O-])cc2[N+](=O)[O-])c([N+](=O)[O-])c1,CN(C)C=O,409.0
10574,CN(C)c1ccc(-c2cc(-c3ccc4ccccc4c3)nc(-c3ccccc3)n2)cc1,ClC(Cl)Cl,510.0
3006,CCC12C(=C3C(=C4c5ccc(-c6ccc(C(C)=O)s6)cc5S(=O)(=O)C41CC)C(F)(F)C(F)(F)C3(F)F)c1ccc(-c3ccc(C(C)=O)s3)cc1S2(=O)=O,C1COCCO1,560.3950104
3671,O=Cc1cc(O)c(C=O)cc1O,C1COCCO1,468.0
5582,C[n+]1ccc(/C=C/c2ccc(N(c3ccccc3)c3ccc(/C=C/c4cc[n+](C)cn4)cc3)cc2)nc1,CS(C)=O,720.0
6561,O=C1OC(c2ccccc2)=N/C1=C\c1ccc(N(c2ccc(/C=C3\N=C(c4ccccc4)OC3=O)cc2)c2ccc(/C=C3/N=C(c4ccccc4)OC3=O)cc2)cc1,CCCCOCCCC,533.0
12084,CC(C)(C)c1ccc(-c2nc3c4ccc(-c5c6ccccc6cc6ccccc56)cc4c4cc(-c5c6ccccc6cc6ccccc56)ccc4c3n2-c2ccc(C(C)(C)C)cc2)cc1,Cc1ccccc1,428.0
3658,F[B-]1(F)n2cccc2C(c2ccc(-c3c4ccccc4c(-c4ccccc4)c4ccccc34)cc2)=C2C=CC=[N+]21,CCO,516.0
11205,COc1ccc(-c2c(-c3ccc(OC)cc3)c3c4c(cccc4c2-c2ccccc2)C(=O)c2ccccc2-3)cc1,CC#N,527.0
2856,Nc1ccc(C#Cc2ccc3ccc4ccc(C#Cc5ccc(N)cc5)c5ccc2c3c45)cc1,CCOC(C)=O,506.0
9968,COc1cc2c(cc1-c1ccc(Cl)cc1)Cc1c3c(c4c(c1-2)-c1cc(OC)c(-c2ccc(Cl)cc2)cc1C4)C(=O)N(CCC(C)C)C3=O,C1CCOC1,466.0
9088,COc1ccccc1C1=C2C(C)=CC(C)=[N+]2[B-](F)(F)n2c(C)cc(C)c21,CC(C)=O,513.0
8390,O=C1Nc2ccccc2/C1=C/C(=O)c1ccc(Cl)cc1,CCCCCC,382.0
5202,CC1=[N+]2C(=C(c3ccc(N4CCOCC4)cc3)c3ccc(C)n3[B-]2(F)F)C=C1,CO,521.0
10141,CN(C)c1ccc(C2=Cc3c4ccccc4c4ccccc4[n+]3[B-](F)(F)O2)cc1,C1COCCO1,518.0
12113,CC[n+]1ccc(/C=C/c2ccc3ccc4cccc5ccc2c3c45)cc1,CC#N,597.0
2629,N#C/C(=C\c1cn(-c2ccccc2)nc1-c1ccccc1)c1nc2ccccc2s1,CN(C)C=O,465.0
5682,O=Cc1cc(O)c(C=O)cc1O,CN(C)C=O,492.0
9381,COc1ccc(C(=O)/C=C/c2ccc(N(C)C)cc2)cc1OC,Cc1ccccc1,468.0
11604,CN(C)/C=N\c1ccc2c3c(cccc13)C(=O)c1ccccc1-2,CCO,634.0
7932,CN(C)c1ccc(/C=C/C(=O)c2ccc(Cl)cc2)cc1,CO,544.0
247,O=c1cc(COc2ccc(I)cc2)c2c(ccc3ccccc32)o1,CC#N,418.0
6560,Nc1ccc2c(c1)C(=O)N(C13C[C@H]4C[C@@H](C1)C[C@@H](C3)C4)C2=O,CS(C)=O,480.0
1941,COc1c(/C=N/Nc2ccc(C#N)cc2)ccc2ccccc12,CCCCCC,448.0
3455,CC[N+](CC)=c1ccc2cc3c(=O)oc4cc5c(cc4c3oc-2c1)CCCN5C,ClCCl,648.0
218,Cc1c(-c2ccc(N3c4ccccc4C(C)(C)c4ccccc43)cc2)ncnc1-c1ccc(N2c3ccccc3C(C)(C)c3ccccc32)cc1,O=P(c1ccccc1)(c1ccccc1)c1ccccc1Oc1ccccc1P(=O)(c1ccccc1)c1ccccc1,481.0
3353,C#CCNC1=C2C=CC=[N+]2[B-](F)(F)n2cccc21,CC(C)=O,466.5
6872,Oc1ccccc1/C=N/N=C/c1ccccc1O,OC(C(F)(F)F)C(F)(F)F,571.4285714
7690,CC(C)(C)OC(=O)CN1CCN(c2ccc3c(-c4ccc(I)cc4)c4ccc(=[N+]5CCN(CC(=O)OC(C)(C)C)CC5)cc-4oc3c2)CC1,ClCCl,586.0
4333,CCC(C)[Si](C#Cc1c2cc3cc4c(cc3cc2c(C#C[Si](C(C)CC)(C(C)CC)C(C)CC)c2cc3cc5cc6c(cc5cc3cc12)OC(CC(C)C)(CC(C)C)O6)OC(CC(C)C)(CC(C)C)O4)(C(C)CC)C(C)CC,CCCCCC,723.4031133
11260,COc1ccc(C2=C3C(C)=CC(C)=[N+]3[B-](F)(F)n3c(/C=C/c4ccc(N(C)C)cc4)cc(C)c32)cc1,ClC(Cl)Cl,656.0
9613,COc1cc2c(cc1/C=C/C1=CC(=C(C#N)C#N)CC(C)(C)C1)c1ccccc1n2C,Cc1ccccc1,576.0
11094,CCCCCCC(CCCCCC)N1C(=O)c2cccc3c(-c4ccc(OC)c5cccc(C)c45)ccc(c23)C1=O,CN(C)C=O,597.8
3279,CN(C)c1ccc(-c2ccc(-c3nc(C#N)c(C#N)n3C)cc2)cc1,CC#N,439.0
2527,Nc1ncnc2c1c(C#Cc1ccc3ccccc3c1)cn2[C@H]1C[C@H](O)[C@@H](CO)O1,ClC(Cl)Cl,374.0
3238,CCOC(=O)/C(C#N)=C\c1cn(-c2ccccc2)nc1-c1ccccc1,CCO,423.0
3941,CC1=N/C(=C\c2ccccc2N)C(=O)N1C,CO,454.0
11042,CN1CCN(c2cccc(/C=C/c3ncc(-c4ccc(OCc5ccccc5)c(OCc5ccccc5)c4)o3)c2)CC1,ClCCl,465.0
10356,O=C(N/N=C/c1ccccc1O)c1cccc2ccccc12,C1CCOC1,436.0
11586,CCN1c2ccc(/C=N/Nc3ccccn3)cc2Sc2cc(-c3ccc(OC)cc3)ccc21,C1CCOC1,491.0
11100,F[B-]1(F)n2c(nc(Br)c2Br)-c2cccc[n+]21,CCCCCC,464.0
6914,COc1cc(N(c2ccc(C=C(C#N)C#N)c(OC)c2)c2ccc(C=C(C#N)C#N)c(OC)c2)ccc1C=C(C#N)C#N,ClC(Cl)Cl,514.0
9747,CCOC(=O)COc1ccc(C(c2c(C)[nH]c3ccccc23)c2c(C)[nH]c3ccccc23)cc1OC,C1CCCCC1,329.0
7501,CC1=CC(C)=[N+]2C1=C(c1c(F)c(F)c(NCCNP(=O)(OC(C)C)OC(C)C)c(F)c1F)c1c(C)cc(C)n1[B-]2(F)F,CC#N,528.0
2325,CC1(C)CC(/C=C/c2ccc(-n3cccn3)cc2)=CC(=C(C#N)C#N)C1,c1ccccc1,511.0
7975,COc1cc(/C=C/C2=CC(/C=C/c3ccc(OS(=O)(=O)c4ccc(C)cc4)c(OC)c3)=[O+][B-](F)(F)O2)ccc1OS(=O)(=O)c1ccc(C)cc1,ClCCl,505.07
1739,CCN(CC)c1ccc2cc(/C=C/c3cccc[n+]3CCCS(=O)(=O)[O-])c(=O)oc2c1,CS(C)=O,642.0
10336,CCC/N=C/c1cc2ccc(N(C)C)cc2cc1OC,O,556.0
6790,Cc1ccc(NC(=O)c2sc(Br)nc2C)cc1,CC#N,399.5
8764,Fc1ccc(C#Cc2nc(C#Cc3ccc(F)cc3)c(C#Cc3ccc(F)cc3)c(C#Cc3ccc(F)cc3)c2C#Cc2ccc(F)cc2)cc1,ClCCl,436.0
200,c1ccc(-c2cc3cccc4cc(-c5ccccc5)c5cc(-c6cc7[b-]8c(c6)c(-c6ccccc6)cc6cccc(cc7-c7ccccc7)[n+]86)cc2[b-]5[n+]34)cc1,C1CCCCC1,521.0
10351,CC(=O)Nc1ccc2ccc3cccc4ccc1c2c34,CC#N,386.0
11802,CCCCCCCCCCCCCCCCOc1cc(C#Cc2ccc3ccccc3c2)c(OCCCCCCCCCCCCCCCC)cc1C#Cc1ccc(C=C(C#N)C#N)cc1,C1COCCO1,554.0
2540,O=CC1=Cc2c(-c3ccccc3)oc(-c3ccccc3)c2C=C(C=O)C1,ClC(Cl)Cl,467.0
5147,CCC1=C(C)C(=O)n2c1cc1c(CCC(=O)OC)c(C)c(C)n1c2=O,CO,535.0
11797,CN(C)c1ccc2nc(-c3ccc(C(=O)Nc4ccccc4)cc3)sc2c1,CO,565.0
4630,c1ccc2cc(-n3c4ccccc4c4ccccc43)ccc2c1,CO,382.0
1621,C(=C/c1cc(/C=C/c2ccc(-n3c4ccccc4c4ccccc43)cc2)cc(/C=C/c2ccc(-n3c4ccccc4c4ccccc43)cc2)c1)\c1ccc(-n2c3ccccc3c3ccccc32)cc1,C1CCOC1,403.0
3994,CN(C)c1ccc2cc3c(cc2c1)OCCN=C3,C1CCOC1,425.0
5814,COc1cc2c(cc1/C=C(\C#N)c1nc3ccccc3s1)c1ccccc1n2C,CCOC(C)=O,493.0
613,CCC(=O)c1ccc2cc(N(C)C)ccc2c1,Clc1ccccc1,427.5
7757,CC(=O)N(Cc1ccccn1)c1c2ccccc2c2c3c(cccc13)C(=O)N(Cc1ccccn1)C2=O,CCCCCC,486.0
9659,CN(C)c1ccc(C(=O)Nc2cccc(Br)c2)cc1,C1CCCCC1,338.0
2929,COc1cc(C(=O)O)ccc1O,C1CCCCC1,320.0
2388,O=C1NC(=O)c2c1c1c3ccccc3[nH]c1c1[nH]c3ccccc3c21,CC#N,500.0
5961,COc1ccc(C2=C(c3ccc(OC)cc3)C(C)(C)c3sccc32)cc1,C1CCCCC1,433.0
2559,c1ccc(-c2ccc(-c3ccc(-c4ccccc4)cc3)cc2)cc1,C1COCCO1,369.0
4532,COc1cc(S(=O)(=O)[O-])c2ccc3c(S(=O)(=O)[O-])cc(S(=O)(=O)[O-])c4ccc1c2c43,ClC(Cl)Cl,407.1163946
3800,CC(C)(C)c1ccc(-c2nc3c4ccc(-c5cccc6ccccc56)cc4c4cc(-c5cccc6ccccc56)ccc4c3n2-c2ccc(C(C)(C)C)cc2)cc1,CCOC(C)=O,385.0
10600,C1=C(c2ccccc2)C(c2ccccc2)C(c2ccccc2)=C1,C1CCOC1,385.0
4982,O=C1Nc2ccccc2/C1=C/C(=O)c1ccc(Cl)cc1Cl,C1CCCCC1,387.0
9037,COC(=O)C(Cc1ccc2oc(-c3ccc(N(c4ccccc4)c4ccccc4)cc3)nc2c1)NC(=O)OC(C)(C)C,CC#N,465.7510002
5235,Cc1cc2nc3c(=O)[nH]c(=O)n(C)c3nc2cc1C,CC#N,437.0
3717,CCOC(=O)COc1ccc(C(c2c(C)[nH]c3ccccc23)c2c(C)[nH]c3ccccc23)cc1,CC#N,340.0
8468,c1ccc(-c2nc(-c3ccccc3)nc(-n3c4ccccc4c4cccc(-n5c6ccccc6c6ccccc65)c43)n2)cc1,C1CCOC1,477.8582931
102,CC(C)(C)c1ccc2c(c1)sc1[n+]2[B-](F)(F)n2c(c3cccc4c(Br)ccc2c43)=C1C#N,Cc1ccccc1,563.0
5065,CN(C)c1cccc(C#N)c1,CC#N,404.7531993
4281,COCCOCCOCCOCC(COCCOCCOCCOC)Oc1cc(/C=C/c2ccc(/C=C(\C#N)c3ccncc3)cc2)c(OC(COCCOCCOCCOC)COCCOCCOCCOC)cc1/C=C/c1ccc(/C=C(\C#N)c2ccncc2)cc1,ClCCl,574.0
4489,Clc1ccc(/C=C/c2nc3ccccc3o2)cc1,C1CCCCC1,380.0
533,CC(=O)N(Cc1ccccn1)c1c2ccccc2c2c3c(cccc13)C(=O)N(Cc1ccccn1)C2=O,ClCCl,497.0
4411,CCCCCCOc1ccc(-c2ccc(/C=C/c3cc(/C=C/c4ccc(-c5ccc(OCCCCCC)cc5)cc4)ncn3)cc2)cc1,ClCCl,483.0
8849,Clc1nc(Nc2ccccc2)nc(Nc2ccc3cc4ccccc4cc3c2)n1,CCOC(C)=O,433.0
5853,CC1=CC(C)=[N+]2C1=C(c1ccc(I)cc1)c1c(C)cc(C)n1[B-]2(Oc1ccc([N+](=O)[O-])cc1)Oc1ccc([N+](=O)[O-])cc1,ClC(Cl)Cl,516.5027751
3501,CCCCCCC(CCCCCC)N1C(=O)c2cccc3c(-c4ccc(N(C)C)cc4)ccc(c23)C1=O,Cc1ccccc1,532.4
11203,CC(C)c1cccc(C(C)C)c1N1C(=O)c2ccc3c(-c4ccc(C(=O)O)cc4)c4c5ccc6c7c(ccc(c(-c8ccc(C(=O)O)cc8)c4c4ccc(c2c34)C1=O)c75)C(=O)N(c1c(C(C)C)cccc1C(C)C)C6=O,ClCCl,682.0
747,Cc1nc(-c2ccc(N3c4ccccc4C(c4ccccc4)(c4ccccc4)c4ccccc43)cc2)cc(-c2ccc(N3c4ccccc4C(c4ccccc4)(c4ccccc4)c4ccccc43)cc2)n1,O=P(c1ccccc1)(c1ccccc1)c1ccc2oc3ccc(P(=O)(c4ccccc4)c4ccccc4)cc3c2c1,458.0
11348,O=Cc1ccc(C=C(c2ccccc2)c2ccccc2)cc1,C1CCOC1,383.0
10528,CC(C)(C)c1ccc(-c2nc3c4ccc(-c5cccc6ccccc56)cc4c4cc(-c5cccc6ccccc56)ccc4c3n2-c2ccc(C(C)(C)C)cc2)cc1,C1CCOC1,386.0
3422,c1ccc2c(c1)-c1c(cc3ccc4cccc5ccc1c3c45)C21c2cc(-c3ccc4ccc5cccc6ccc3c4c56)ccc2-c2ccc(-c3ccc4ccc5cccc6ccc3c4c56)cc21,ClC(Cl)Cl,424.0
3222,O=c1c2cc(Br)ccc2nc2n1[B-](F)(F)[n+]1ccccc1-2,ClCCl,448.0
2250,COc1ccc(OC)c(-c2[nH]c(=O)n3c2-c2ccccc2C3=O)c1,CC#N,466.0
6791,Cc1cc(-c2ccccc2)nc2c1ccc1nc(-c3ccccc3)cn12,CO,450.0
304,COc1ccc(C#Cc2ccc(C#N)cc2)cc1,CCOC(C)=O,377.0
4459,CCC1(CC)c2cc(B(c3c(C)cc(C)cc3C)c3c(C)cc(C)cc3C)ccc2-c2ccc(N(c3ccccc3)c3ccc4c(c3)C(CC)(CC)c3cc(B(c5c(C)cc(C)cc5C)c5c(C)cc(C)cc5C)ccc3-4)cc21,Cc1ccccc1,461.0
2316,c1ccc2c(-n3c4ccccc4c4ccccc43)cccc2c1,CCOC(C)=O,392.0
2290,CCn1c2ccccc2c2cc(-c3cc(-c4ccc5c(c4)c4ccccc4n5CC)nc(-c4ccccc4)n3)ccc21,ClCCl,405.0
6630,CN(C)c1ccc(/C=C/C=C2\CC/C(=C\C=C\c3ccc(N(C)C)cc3)C2=O)cc1,c1ccncc1,681.0
6724,CCCCCCCCCCCCn1c(-c2cc(-c3nc4ccccc4n3CCCCCCCCCCCC)cc(-c3nc4ccccc4n3CCCCCCCCCCCC)c2)nc2ccccc21,C1CCOC1,367.4
3082,O=C(O)c1c2ccccc2c(C(=O)O)c2ccccc12,CN(C)C=O,451.0
4688,CCOC(=O)COc1ccccc1C(c1c(C)[nH]c2ccccc12)c1c(C)[nH]c2ccccc12,C1CCCCC1,328.0
135,c1ccc(-c2nc(-c3ccccc3)nc(-c3ccc(-n4c5ccccc5c5ccc6c7ccccc7n(-c7ccccc7)c6c54)cc3)n2)cc1,O=P(c1ccccc1)(c1ccccc1)c1ccc2oc3ccc(P(=O)(c4ccccc4)c4ccccc4)cc3c2c1,477.0
9814,CC1(C)Nc2cc(Cl)ccc2-c2[nH]c3ccccc3c(=O)c21,Cc1ccccc1,460.0
9220,C/C=C/C1=N/C(=C\c2ccc(O)cc2)C(=O)N1C,O,460.0
4245,CCCCCC(=O)c1c2c(c(C(=O)CCCCC)c3c1OC1(CCCC1)O3)OC1(CCCC1)O2,CCO,596.0
2389,COc1ccc(C#Cc2ccc(C#Cc3ccc(P(=O)(c4ccc(C#Cc5ccc(C#Cc6ccc(OC)cc6)cc5)cc4)c4ccc(C#Cc5ccc(C#Cc6ccc(OC)cc6)cc5)cc4)cc3)cc2)cc1,C1CCCCC1,366.0
3777,CC1=C(C#Cc2ccccc2)C(C)=[N+]2C1=C(c1ccccc1)c1c(C)c(C#Cc3ccccc3)c(C)n1[B-]2(F)F,ClCCl,594.0
360,CN(C)c1ccc(/C=C/C=C2\CC/C(=C\C=C\c3ccc(N(C)C)cc3)C2=O)cc1,C1CCCCC1,500.0
9790,CCCC1=Cc2nc1ccc1[nH]c(cc1CCC)c1nc(c(OC(=O)CCCC(=O)OC(C)(C)C)cc3[nH]c2cc3CCC)C(CCC)=C1,Cc1ccccc1,651.0
9716,Cc1cc(O)c(C(C)C)cc1/N=C/c1ccc(O)cc1,CN(C)C=O,409.0
3065,CCN(CC)c1ccc2cc(/C=C/C(=O)/C=C(O)/C=C/c3cc4ccc(N(CC)CC)cc4oc3=O)c(=O)oc2c1,CC#N,609.0
2688,Cc1ccc(-c2c3nc(c(-c4ccco4)c4ccc([nH]4)c(-c4ccco4)c4nc(c(-c5ccco5)c5ccc2[nH]5)C=C4)C=C3)cc1,ClCCl,680.0
7824,CCCCc1cc(C(=O)CCC)c2ccc3c(CCCC)cc(N4CCCCC4)c4ccc1c2c34,ClC(Cl)Cl,545.0
8926,CCCSC1=[N+]2C(=C(c3ccccc3)c3ccc(SCCC)n3[B-]2(F)F)C=C1SC#N,CO,582.0
4663,COC(=O)C(Cc1ccc2oc(-c3ccc(N(C)c4ccccc4)cc3)nc2c1)NC(=O)OC(C)(C)C,COCCOC,497.4876872
5967,CC(C)(C)NC(=O)c1cccc2ccc3c4ccccc4c4ccccc4c3c12,ClCCl,403.0
7116,CC(C)(C)NC(=O)c1cccc2ccc3c4cc(F)ccc4c4ccc(F)cc4c3c12,ClCCl,385.0
4073,COc1nc(Nc2cc3ccc4cccc5ccc(c2)c3c45)nc(OC)n1,CCCCOCCCC,393.0
1208,COc1cc2c(cc1F)c(=O)c1cc(F)c(OC)cc1n2-c1ccccc1,CCO,424.0
7592,CC1(C)CC(=O)C2=C(C1)Oc1ccc3ccc(O)cc3c1C2c1ccccn1,C1COCCO1,354.0
11236,CC(C)(C)c1ccccc1N(c1ccccc1)c1ccc(S(=O)(=O)c2ccc(S(=O)(=O)c3ccc(N(c4ccccc4)c4ccccc4C(C)(C)C)cc3)cc2)cc1,c1cc(-n2c3ccccc3c3ccccc32)nc(-n2c3ccccc3c3ccccc32)c1,465.0629077
2184,O=C(O)c1ccc(C2CC(c3cccc4ccccc34)=NN2c2ccccc2)cc1,CC#N,482.0
10790,Nc1cccc2c1-c1ccccc1C2=O,CC#N,604.0
12231,N#Cc1c(-c2ccc([N+](=O)[O-])cc2)cc(-c2ccc([N+](=O)[O-])cc2)[nH]c1=O,CC#N,480.0
1981,CCc1c(C)c2n(c1C)[B-](F)(F)[N+]1=C(C=C3C=Cc4ccccc43)C=CC1=C2C,C1CCCCC1,596.0
11901,CCN(CC)c1cc2ccc3cccc4ccc(c1)c2c34,CC#N,468.0
1153,CCN1c2ccc(/C=N/Nc3ccccn3)cc2Sc2cc(-c3ccc(OC)cc3)ccc21,Cc1ccccc1,484.0
10960,CCN(CC)c1ccc2c(c1)OC1=C(/C=C/C3=[N+](C)c4ccccc4C3(C)C)CCCC1=C2c1ccccc1C(=O)O,CCO,731.0
10341,CCCCCCCCCCCCN1C(=O)c2c(c3ccc4cc(-c5ccc(OC)cc5)c(OC)cc4c3c3c2ccc2cc(-c4ccc(OC)cc4)c(OC)cc23)C1=O,ClCCl,532.0
10548,Cc1ccc2ccc3c(c2n1)N/C(=C\C1=C([O-])/C(=C/C2=[NH+]c4c(ccc5ccc(C)nc45)C2(C)C)C1=O)C3(C)C,C1CCOC1,711.0
1217,c1ccc(-c2nc(-c3c4ccccc4cc4ccccc34)n3ccccc23)cc1,C1CCCCC1,500.0
9583,O=CC1=Cc2c(-c3ccc(-c4ccccc4)cc3)oc(-c3ccc(-c4ccccc4)cc3)c2C=C(C=O)C1,ClC(Cl)Cl,483.0
6037,c1ccc(N(c2ccccc2)c2cc3c4c(c2)N(c2ccccc2)c2cc5c(cc2B4c2ccccc2N3c2ccccc2)B2c3ccccc3N(c3ccccc3)c3cc(N(c4ccccc4)c4ccccc4)cc(c32)N5c2ccccc2)cc1,Cc1ccccc1-c1cccc(Oc2cc3c4c(c2)Oc2cc(-c5ccccc5C)ccc2B4c2ccc(-c4ccccc4C)cc2O3)c1,473.0
927,COc1ccc2cc(C3=[N+]4C(=Nc5c(-c6ccccc6)cc(-c6ccc7cc(OC)ccc7c6)n5[B-]4(F)F)C(c4ccccc4)=C3Br)ccc2c1,ClCCl,728.0
2012,CC(O)CC1=N/C(=C\c2cccc(N(C)C)c2)C(=O)N1C,CC#N,642.0
11660,COc1cc(OC)cc(C2=C3C(C)=C(I)C(C)=[N+]3[B-](F)(F)n3c(/C=C/c4ccsc4)c(I)c(C)c32)c1,C1CCOC1,610.0
396,COc1c2ccccc2c(OC)c2c1c1c(F)cccc1n2C,ClCCl,418.0
3059,COc1ccc2nc3c(nc2c1)c(-c1ccccc1)nn3C,C1CCCCC1,478.0
149,N#C/C(=C\C=C\c1ccccc1)c1ccc([N+](=O)[O-])cc1,CN(C)C=O,522.0
8388,CN(C)c1ccc(/C=C/C(=C(C#N)C#N)c2ccc3c4c(cccc24)CC3)cc1,CCOC(C)=O,573.0
2119,CCCN1C(=O)c2c3c(c4c(c2C1=O)CCc1cc(-c2ccc(N(C)C)cc2)c(OC)cc1-4)-c1cc(OC)c(-c2ccc(N(C)C)cc2)cc1CC3,Cc1ccccc1,548.0
7417,CCOC(=O)c1sc2nc(-c3ccccc3)c(C)c(C#N)c2c1N,ClC(Cl)Cl,550.0
293,C(=C/c1cccnc1)\c1ccc(Nc2ccccc2)cc1,CCCCCC,385.0
10718,Cc1ccc2occ(CC(=O)NN)c2c1,C1CCOC1,399.0
8214,N#Cc1c2nc3ccccn3c2nc2nc3ccccn3c12,C1COCCO1,505.0
3649,COc1ccc(C2=CC3=C(c4c(C)cc(C)cc4C)c4cc(-c5ccc(OC)cc5)c(-c5ccc(OC)cc5)n4[B-](F)(F)[N+]3=C2c2ccc(OC)cc2)cc1,C1CCOC1,674.0
11044,Cc1cc(C)n2c1C=C1c3ccccc3C(c3[nH]c4ccccc4c3C)=[N+]1[B-]2(F)F,Cc1ccccc1,636.0
311,CN(C)c1ccc(C#Cc2ccccc2)cc1,CCCCCCCCCCCCCCCCCl,360.4902668
971,COc1ccc(-c2ccc(-c3ccc(C#N)cc3)cc2)cc1,C1CCCCC1,377.0
4122,COc1cc(OC)cc(C2=[O+][B-](F)(F)OC(c3ccc4ccccc4c3)=C2)c1,ClCCl,560.0
8850,COC(=O)C(Cc1ccc2oc(-c3ccc4c(c3)c3ccccc3n4-c3ccccc3)nc2c1)NC(=O)OC(C)(C)C,CCOC(C)=O,378.5011355
4919,COc1ccc(C2=C(c3ccc(OC)cc3)C(c3ccccc3)=[N+]3C2=Nc2c(-c4ccc(OC)cc4)c(-c4ccc(OC)cc4)c(-c4ccccc4)n2[B-]3(F)F)cc1,Cc1ccccc1,750.0
10373,CC1=[N+]2C(=C(Oc3ccccc3)c3ccc(C)n3[B-]2(F)F)C=C1c1cc2n(c1)[B-](F)(F)[N+]1=CC=CC1=C2c1c(C)cc(C)cc1C,CCOC(C)=O,665.0
4238,CCOC(=O)/C(C#N)=C(\C=C\c1ccc(N(c2ccccc2)c2ccc(/C=C/C(=C(/C#N)C(=O)OCC)c3ccccc3)cc2)cc1)c1ccccc1,CC#N,643.0
8094,Cc1cc(C)cc(NC(=O)c2sc(Br)nc2C)c1,CS(C)=O,402.5
5616,N#Cc1cc(N2c3ccccc3Sc3ccccc32)cc(N2c3ccccc3Sc3ccccc32)c1,Cc1ccccc1,536.0
7387,Cc1cc(C)n2c1C=C1c3ccccc3C(c3c[nH]c4ccccc34)=[N+]1[B-]2(F)F,C1CCOC1,606.0
4127,COC1=C/C(=C\C=C2C=CN(Cc3ccc(Br)cc3)C=C2)C=CC1=O,CS(C)=O,669.0
2142,COc1ccc(OC)c(C=O)c1,CS(C)=O,431.0
7558,N#CC1=C(c2ccc(-c3cccs3)s2)CC1,C1CCOC1,447.0
10560,CN(C)c1ccc(/C=C/C=C2\CC/C(=C\c3ccc(N(C)C)cc3)C2=O)cc1,Clc1ccccc1Cl,608.0
2201,Cc1ccc(N(c2ccc(C)cc2)c2cc(N(c3ccc(C)cc3)c3ccc(C)cc3)c3ccc4cc(C(C)(C)C)cc5ccc2c3c54)cc1,ClCCl,489.0
7438,CC1=C(c2ccccc2)C(C)=[N+]2C1=C(c1ccccc1)c1c(C)c(-c3ccccc3)c(C)n1[B-]2(F)F,Cc1ccccc1,556.0
10272,CCN(CC)c1ccc2cc(/C=C(\C#N)c3nc4ccccc4o3)c(=O)oc2c1,Cc1ccccc1,560.0
5985,CCC1=C(C)C2=Cc3c(I)c(I)c(I)n3[B-](F)(F)[N+]2=C1C,CCOC(C)=O,553.5
4030,CCn1c2ccccc2c2c(C#N)c3c(ccc4c3cnn4C)nc21,CCOC(C)=O,476.0
11961,CC1=CC(C)=[N+]2C1=C(c1ccc(-c3ccc(O)cc3)s1)c1c(C)cc(C)n1[B-]2(F)F,ClCCl,525.0
6857,COc1cc(OC)cc(-c2ccc(-c3ccc(C#N)s3)s2)c1,CC#N,443.0
5605,CCCCCn1c2ccccc2c(=O)c2ccccc21,CS(C)=O,414.0
6753,Nc1cc([NH3+])cc(-c2nc3ccccc3s2)c1,O,493.5
8686,CCn1c2ccccc2c2cc(-c3cc(-c4ccc5c(c4)c4ccccc4n5CC)ncn3)ccc21,CN(C)C=O,418.0
4104,c1ccc(-c2ccnc(-c3ccccc3)n2)cc1,ClC(Cl)Cl,311.0
70,Cc1cc(C(F)(F)F)nc2c1ccc1nc(-c3ccc(F)c(F)c3)cn12,ClCCl,451.0
2820,Cc1ccc2c(c1)C(=O)c1ccncc1-2,CC#N,536.7481959
4003,COc1ccc(/C=C/C=C/C=C/c2ccc([N+](=O)[O-])cc2)cc1,ClC(Cl)Cl,681.0
10592,CCCCC1(c2ccccc2)Nc2c(-c3ccc(N(C)c4ccccc4)cc3)ccc(-c3ccc(N(C)c4ccccc4)cc3)c2N=C1c1ccccc1,ClC(Cl)Cl,589.0
11264,[BH3-][P+]1(c2ccccc2)c2ccccc2-c2sc3ccccc3c21,ClCCl,400.0
8651,c1ccc(-c2nc(-c3ccccc3)nc(-c3ccc(-n4c5ccccc5c5c6c(ccc54)C4(c5ccccc5-c5ccccc54)c4ccccc4-6)cc3)n2)cc1,C1COCCO1,453.7037037
3728,O=C(O)c1ccc(-c2ccc(-c3nc(-c4ccccc4)c4ccccn34)cc2)s1,CC#N,485.0
1643,O=C1/C(=C\c2ccc3oc4ccccc4c3c2)S(=O)(=O)c2ccccc21,CCOC(C)=O,429.0
10163,CC(C)(C)c1ccc(-c2nc3c4ccc(-c5ccc6ccc7cccc8ccc5c6c78)cc4c4cc(-c5ccc6ccc7cccc8ccc5c6c78)ccc4c3n2-c2ccc(C(C)(C)C)cc2)cc1,CCCCCC,428.0
4746,Cc1ccc(/C=N/c2cc(C(C)C)c(O)cc2C)cc1,OCCO,425.0
8020,COc1ccc2n1[B-](F)(F)[N+]1=CC=CC1=C2c1ccccc1,CC#N,513.0
3973,CCN(CC)c1ccc2cc(/C=C/C(=O)c3cc4ccc(N(CC)CC)cc4oc3=O)c(=O)oc2c1,C1COCCO1,521.0
5099,CC(C)(C)c1ccc2c(c1)c1cc(C(C)(C)C)ccc1n2-c1ccc(-c2nc(-c3ccccc3)nc(-c3ccccc3)n2)c2c1c1ccccc1n2-c1ccccc1,C1CCOC1,450.0
2453,COc1ccc(/C=C/C(=O)c2ccccc2O)cc1OC,CC#N,436.0
2417,COC(=O)c1cc(=O)n(C)c2cc(-c3cc4c5c(c3)CCCN5CCC4)sc12,ClCCl,605.0
7204,CCCCCCc1ccc2c(/C=N/c3ccc(/N=C/c4c(O)ccc5cc(CCCCCC)ccc45)cc3)c(O)ccc2c1,CC#N,539.0
6146,COC(=O)c1ccc(C#Cc2ccccc2)cc1,C1CCCCC1,321.2025825
7787,c1ccc(N2c3ccc4ccccc4c3-c3c4ccccc4nc[n+]3[B-]2(c2ccccc2)c2ccccc2)cc1,C1CCC2CCCCC2C1,642.0
7914,CCN(CC)c1ccc(/C=N/c2cc3nc4ccccc4nc3cc2/N=C/c2ccc(N(CC)CC)cc2O)c(O)c1,CC#N,551.0
8359,CCC1=C(C)C(=O)n2c1cc1c(c(C)c(C(=O)OCC(C)C)n1CC(C)C)c2=O,CS(C)=O,479.0
8735,CC1=[N+]2C(=c3c4c5ccccc5cc5cccc(c6cc(C)n(c36)[B-]2(F)F)c54)C=C1,CCCCCC,637.0
11305,COc1ccc2ncccc2c1,CC#N,358.0
1923,CC1=C(c2cccs2)C(C)=[N+]2C1=C(c1ccc(OS(=O)(=O)c3ccc([N+](=O)[O-])cc3[N+](=O)[O-])cc1)c1c(C)c(-c3cccs3)c(C)n1[B-]2(F)F,ClCCl,607.0
5082,CCCCC1(CCCC)c2cc(C#Cc3ccc(C=C(c4ccccc4)c4ccccc4)cc3)ccc2-c2ccc(C#Cc3ccc(C=C(c4ccccc4)c4ccccc4)cc3)cc21,C1CCOC1,416.0
47,CCN(CC)c1ccc2ccc(=O)oc2c1,ClCCl,466.0
1965,Cc1cccc(C2=CC3=C(c4c(C)cc(C)cc4C)c4cc(-c5cccc(C)c5)c(-c5cccc(C)c5)n4[B-](F)(F)[N+]3=C2c2cccc(C)c2)c1,ClCCl,627.0
10297,Cc1cc(O)c(C(C)C)cc1/N=C/c1ccc(O)cc1,CC(C)(C)O,410.0
385,CCCCN1/C(=C\C=C\C=C\C2=[N+](CCCC)c3ccc4cc(Br)ccc4c3C2(C)C)C(C)(C)c2c1ccc1cc(Br)ccc21,C1CCOC1,712.0
5391,O=CC1=Cc2c(-c3ccccc3)oc(-c3ccccc3)c2C=C(C=O)C1,CCO,509.0
221,Clc1nc(Nc2ccccc2)nc(Nc2ccc3c4cccc5cccc(c6cccc2c63)c54)n1,CCCCOCCCC,476.0
8139,COC(=O)C(Cc1ccc2oc(-c3ccc4c(c3)c3ccccc3n4-c3ccccc3)nc2c1)NC(=O)OC(C)(C)C,CS(C)=O,388.9991053
8341,Cc1ccc2c(c1)NC(=O)CC(=O)N2,CS(C)=O,346.0
11323,N#Cc1cccc(N2c3ccccc3C(c3ccccc3)(c3ccccc3)c3ccccc32)c1,Cc1ccccc1,433.0
624,COC(=O)C1=C(C(=O)OC)C2=C[C@H]3c4ccccc4[C@]2(S1)c1ccccc13,ClCCl,488.0
8251,CCN(C)c1ccc(C2=C3C(C)=CC(/C=C/c4ccc(OCCCN=[N+]=[N-])cc4)=[N+]3[B-](F)(F)n3c(C)cc(C)c32)cc1,CO,586.0
4336,CC1=CC(C)=[N+]2C1=C(C)c1cccn1[B-]2(F)F,ClCCl,500.0
7033,N#C/C(=C\c1cc(/C=C(\C#N)c2ccc(C(F)(F)F)cc2)c(-c2ccc(N(c3ccccc3)c3ccccc3)cc2)cc1-c1ccc(N(c2ccccc2)c2ccccc2)cc1)c1ccc(C(F)(F)F)cc1,ClC(Cl)Cl,553.0
6073,C[Si]1(C)c2ccccc2-c2ccccc21,ClCCl,359.0
1197,Cc1cc(C)n2c1C=C1c3ccccc3C(c3c[nH]c4ccccc34)=[N+]1[B-]2(F)F,ClCCl,606.0
967,CCCCCCOc1cc(C=O)c(OCCCCCC)cc1C=O,ClCCl,467.0
10588,CC1(C)Nc2ccccc2-c2[nH]c3ccccc3c(=O)c21,CCCCO,521.0
10057,CCn1c2ccccc2c2cc(/C=C3\C(=O)c4ccccc4S3(=O)=O)ccc21,ClC(Cl)Cl,522.0
7897,CN(C)c1cccc2c1ccc1c(=O)oc(-c3ccc(C(F)(F)F)cc3)cc12,CO,612.0
4810,CC[n+]1ccc(/C=C/c2cc3cccc4ccc5cccc2c5c43)cc1,CC#N,622.0
429,[C-]#[N+]c1ccc(-c2ccc(N(C)C)cc2)cc1,Cc1ccccc1,387.0
2935,c1cc2ccc1CCCc1ccc(c3nsnc13)CCC2,CC#N,497.0
8489,Nc1cccc2cccc(N)c12,Cc1ccccc1,403.0
6333,Nc1ccccc1C(=O)O,c1ccccc1,394.0
5996,CN(C)c1ccc2c(c1)Cc1ccccc1-2,C1COCCO1,369.0
11701,COc1ccc(-c2cnc(/C=C/c3ccc(OC)c(OC)c3)o2)cc1,ClCCl,435.0
2239,CN(C)c1ccc(/C=C/c2nc3ccccc3s2)cc1,CCOCC,460.0
2232,Fc1c(F)c(-n2c3ccccc3c3ccccc32)c(F)c(F)c1/C=C/c1ccc(C(=C(c2ccccc2)c2ccccc2)c2ccccc2)cc1,Cc1ccccc1,498.0
9368,O=S1(=O)c2ccccc2-c2c1c1ccccc1p2-c1ccccc1,CC#N,453.0
11463,O=c1c2ccccc2[nH]c2ccccc12,CS(C)=O,408.0
6500,CCCCCCCc1cc2c(o1)=CC1=C3c4cc5oc(CCCCCCC)cc5n4[B-](F)(F)[n+]4nnn(c43)[B-](F)(F)[N+]=21,ClCCl,697.0
11012,c1ccc(N(c2ccccc2)c2ccc(-c3nc(-c4ccc(N(c5ccccc5)c5ccccc5)cc4)c4ccccc4n3)cc2)cc1,ClCCl,534.0
6427,C(#Cc1cnc(C#Cc2ccccc2)nc1)c1ccccc1,C1CCCCC1,425.0
6237,CCOC(CN1C(=O)C2=C(c3ccsc3)N(CC(OCC)OCC)C(=O)C2=C1c1ccsc1)OCC,ClC(Cl)Cl,524.0
4880,COc1ccc(/C=C/C2=CC(/C=C/c3ccc(OC)cc3)=[O+][B-](F)(F)O2)cc1,CCOC(C)=O,515.0
10010,CCCCc1ccc(N(c2ccc(CCCC)cc2)c2ccc3c(c2)S(=O)(=O)c2cc(N(c4ccc(CCCC)cc4)c4ccc(CCCC)cc4)ccc2-3)cc1,Cc1ccccc1,482.0
1323,COc1ccc(-c2ccc(-c3ccc(C#N)s3)s2)cc1,CCCCO,471.0
19,O=c1oc2cc3ccccc3cc2nc1-c1ccccc1,CC#N,538.0
4438,COC(=O)C(Cc1ccc2oc(-c3ccc(Nc4ccccc4)cc3)nc2c1)NC(=O)OC(C)(C)C,CCCCCCCO,434.4992396
9119,CCC1=C(C)C(=O)n2c1cc1[nH]c(C(=O)OC(C)(C)C)c(C)c1c2=O,C1CCCCC1,443.0
3043,COc1cccc(C2=C3C=C(/C=C/C(=O)OC(C)(C)C)C=[N+]3[B-](F)(F)n3cccc32)c1,ClCCl,581.0
9591,O=Cc1ccc2c(c1)c1ccccc1n2-c1ccc(-c2ccc(-n3c4ccccc4c4cc(C=O)ccc43)cc2)cc1,ClCCl,405.0
4985,CN(C)c1nc(N(C)C)c2nc(C#N)n(Cc3ccccc3)c2n1,C1COCCO1,383.0
3819,C[Si](C)(C)c1ccc2ccc3cccc4ccc1c2c34,ClCCl,377.0
2664,CN1c2ccc3c(c2-c2ccccc2S1(=O)=O)-c1ccccc1S(=O)(=O)N3C,ClCCl,443.0
828,CCOC(=O)c1c(-c2cc3ccc(OC)cc3oc2=O)nn(-c2ccccc2)c1C(=O)OCC,ClCCl,421.0
4918,Cc1ccc(C2C(C#N)=C(N)n3c(=O)c4ccccc4c(=O)n32)cc1,CS(C)=O,450.0
673,O=S(=O)(c1ccc(-c2ccc3c(c2)c2ccccc2n3-c2ccccc2)cc1)c1ccc(-c2ccc3c(c2)c2ccccc2n3-c2ccccc2)cc1,CN(C)C=O,431.8083961
7247,Nc1ccc2c(c1)Cc1ccccc1-2,CCCCCCC,344.0
3615,CCOC(=O)CCOc1ccc(C(c2c(C)[nH]c3ccccc23)c2c(C)[nH]c3ccccc23)cc1OC,CO,350.0
11783,CCCCCCc1ccsc1-c1ccc(-c2sc(C(=O)O)cc2CCCCCC)s1,CO,451.0
4404,CC(C)(C)c1ccc2c(c1)c1cc(C(C)(C)C)ccc1n2-c1cc(C(=O)c2ccncc2)cc(-n2c3ccc(C(C)(C)C)cc3c3cc(C(C)(C)C)ccc32)c1,Cc1ccccc1,496.4879852
937,O=C1OC(c2ccccc2)=N/C1=C\c1ccc(N(c2ccccc2)c2ccccc2)cc1,CCOCC,540.4
5384,COc1ccc(/N=N/c2c(O)c3ccccc3n(C)c2=O)c(S(=O)(=O)O)c1,C1CCOC1,527.0
8039,C1=C(c2ccccn2)[Si](c2ccccc2)(c2ccccc2)c2ccccc21,ClCCl,395.0
6074,c1ccc2cc3cc(-c4cc(-c5nccs5)nc(-c5nccs5)c4)ccc3cc2c1,CCCCCC,376.0
2288,C(=C/c1cnccn1)\c1ccc(N(c2ccccc2)c2ccccc2)cc1,ClCCl,543.0
11028,CC1(C)CC(=O)c2ccccc2N1,CC#N,439.0
3495,COc1ccc(-c2cnc3cccc(-c4ccc(C(C)=O)cc4)n23)cc1,ClCCl,537.0
7498,Cc1cc(O)c(C(C)C)cc1/N=C/c1ccc(O)cc1,C1CCCCC1,400.0
10132,COC(=O)c1cc(OC)ccc1OC,CO,391.0
3325,CN1/C(=C/C=C(/C=C/c2sc3ccccc3[n+]2C)c2ccccc2)Sc2ccccc21,O,673.0
8630,CCOC(=O)CN(CC(=O)OCC)c1ccc(-c2cc(-c3cccnc3)nc(-c3cccnc3)c2)cc1,CS(C)=O,454.0
5430,CCN(CC)c1ccc2cc(/C=C(\C#N)c3nc4ccccc4o3)c(=O)oc2c1,CO,584.0
4201,COc1cc(N(CC(=O)[O-])CC(=O)[O-])c2ncccc2c1,O,487.0
8146,O=S1(=O)C2=C(c3ccc(N(c4ccccc4)c4ccccc4)cc31)C1(C3=C(c4ccccc41)S(=O)(=O)c1cc(N(c4ccccc4)c4ccccc4)ccc13)c1ccccc12,Cc1ccccc1,543.0
11248,CCCCCCCCCCCCOc1cc2cc(N(C)C)ccc2cc1C=C(C#N)C#N,C1CCOC1,576.0
9489,Oc1ccc(C2=N[N+]3=Cc4c(ccc5ccccc45)O[B-]3(c3ccc([B-]45OC(c6ccc(O)cc6)=N[N+]4=Cc4c(ccc6ccccc46)O5)cc3)O2)cc1,C1CCOC1,477.0
8045,CC(C)(C)/C=C/C1=[N+]2C(=C(c3c4ccccc4cc4ccccc34)c3ccc(/C=C/C(C)(C)C)n3[B-]2(F)F)C=C1,ClC(Cl)Cl,589.0
10290,COc1ccc(C2=C3C(C)=CC(C)=[N+]3[B-](F)(F)n3c(/C=C/c4ccc(N(C)C)cc4)cc(C)c32)cc1,CC(C)=O,695.0
7985,CC1(C)c2ccccc2N(c2ccc(-c3n[n+]4c(o3)-c3ccccc3O[B-]4(F)F)cc2)c2ccccc21,CCOC(C)=O,503.0
11504,COCCC1=Cc2nc1ccc1[nH]c(cc1CCOC)c1nc(ccc3[nH]c2cc3CCOC)C(CCOC)=C1,Cc1ccccc1,642.0
9647,F[B-]1(F)N(c2ccccc2)C=Cc2cccc[n+]21,C1CCCCC1,543.0
7976,C#CCNC1=C2C=CC=[N+]2[B-](F)(F)n2cccc21,ClC(Cl)Cl,485.0
10064,COc1cccc(-n2c(-c3ccccc3)nc(C)c2C)c1,CCOC(C)=O,370.0
7974,c1ccc2c(-n3c4ccccc4c4ccccc43)cccc2c1,CCOCC,384.0
6839,COc1ccc(/C=C/c2nc(/C=C/c3ccc(N(C)C)cc3)cc(/C=C/c3ccc(N(c4ccccc4)c4ccccc4)cc3)n2)cc1,ClCCl,549.0
4099,COC(=O)C(Cc1ccc2oc(-c3ccc(N(c4ccccc4)c4ccccc4)cc3)nc2c1)NC(=O)OC(C)(C)C,COCCOC,453.7493307
2732,CCOc1cc2c(cc1/C=C/C(=C(C#N)C#N)c1ccccc1)c1ccccc1n2CC,CCO,575.0
5129,Cc1ccc(/C2=c3\cc/c(o3)=C(\c3ccc(C)cc3)c3ccc([nH]3)-c3ccc4n3[B-](F)(F)[N+]3=C(C=CC3=C4c3cccs3)c3ccc2[nH]3)cc1,ClC(Cl)Cl,722.0
5404,Cc1ccccc1/C(C#N)=C/c1ccc(N(C)C)cc1,CCO,509.0
12051,CN(C)c1ccc(/C=C/c2nc3ccc(N(C)C)cc3oc2=O)cc1,ClCCl,619.0
10124,CCOC(=O)COc1ccccc1C(c1c(C)[nH]c2ccccc12)c1c(C)[nH]c2ccccc12,CC#N,348.0
11124,O=Cc1ccc2c(c1)c1ccccc1n2-c1cc2ccccc2c2ccccc12,Cc1ccccc1,380.0
749,CCCCC1(CCCC)c2cc(C#Cc3ccc(C=C4c5ccccc5CCc5ccccc54)cc3)ccc2-c2ccc(C#Cc3ccc(C=C4c5ccccc5CCc5ccccc54)cc3)cc21,C1CCOC1,406.0
6529,CCC(CC)COC1=CC2=C3c4cc(OCC(CC)CC)c(-c5ccccc5)n4[B-](F)(F)[n+]4c3n(c3cc(C(C)(C)C)ccc34)[B-](F)(F)[N+]2=C1c1ccccc1,C1CCOC1,734.0
518,N#CSc1ccc2n1[B-](F)(F)[N+]1=C(N3CCOCC3)C=CC1=C2c1ccccc1,CCCCCC,561.0
10947,F[B-]1(F)n2c(c3cccc4cccc2c43)=Nc2sc3ccccc3[n+]21,CC#N,500.0
9456,F[B-]1(F)n2c(nc3c4ccccc4c4ccccc4c32)-c2ccc3ccccc3[n+]21,ClCCl,585.0
7443,CCCCCCCCC1(CCCCCCCC)c2cc(C#Cc3ccc(N(c4ccccc4)c4ccccc4)cc3)ccc2-c2ccc(C=O)cc21,CC(C)=O,544.0
5848,O=C1c2ccccc2-c2ccc(Nc3nc(Cl)nc(Cl)n3)c3cccc1c23,CCCCOCCCC,496.031746
11232,CN(C)c1ccc(/C=C/C(=O)c2ccccc2)cc1,C1CCOC1,506.0
3620,Cc1ccc(Nc2ccc(Nc3ccc(C)cc3)c3c2C(=O)c2ccccc2C3=O)cc1,CS(C)=O,689.0
3614,COC(=O)c1[nH]c(-c2ccc(Br)cc2)c2nnc3ccc(OC)cc3c12,ClCCl,475.0
4147,F[B-]1(F)n2c(nc(Br)c2Br)-c2cccc[n+]21,C1CCCCC1,463.0
9525,c1ccc(N(c2ccccc2)c2ccc(-c3cccc4nc5ccccc5cc34)cc2)cc1,CCOCC,507.0
4337,COC(=O)c1cccc2c1C#Cc1c(N)cccc1OCCCO2,ClCCl,453.0
10069,[C-]#[N+]c1ccc(-c2ccc(N)cc2)cc1,Cc1ccccc1,371.0
4448,O=C1c2cccn2[B-](F)(F)[n+]2ccccc21,ClCCl,563.0
3532,c1ccc2c(c1)Oc1ccccc1C21c2cc(-c3ccc4ccc5cccc6ccc3c4c56)ccc2-c2ccc(-c3ccc4ccc5cccc6ccc3c4c56)cc21,ClC(Cl)Cl,422.0
9173,CN(C)c1ccc(/C=C/c2ccc(-c3nnc(-c4ccc(-c5cc6ccccc6s5)cc4)o3)cc2)cc1,CC#N,397.0
11934,Cc1ccc(-c2cc3ccccc3oc2=O)cc1,CCO,408.0
7249,COc1c2ccccc2c(OC)c2c1c1cc(C)ccc1n2C,ClCCl,428.0
6134,F[B-]1(F)n2c(c3cccc4cccc2c43)=Nc2cccc(Cl)[n+]21,CC#N,502.0
2980,COc1ccc2c(c1)CCc1c(-c3ccccc3)c3n(c1-2)[B-](F)(F)[N+]1=C2C(=C(c4ccccc4)C1=N3)CCc1ccccc12,ClC(Cl)Cl,734.0
6794,CCC1=C(C)C2=Cc3cc(I)c(I)n3[B-](F)(F)[N+]2=C1C,CCOC(C)=O,551.5
9601,c1ccc(N(c2ccccc2)c2ccc(-c3ncc(-c4cnc(-c5ccc(N(c6ccccc6)c6ccccc6)cc5)s4)s3)cc2)cc1,CO,510.0
10324,COC(=O)C(Cc1ccc2oc(-c3ccc(-n4c5ccccc5c5ccccc54)cc3)nc2c1)NC(=O)OC(C)(C)C,CS(C)=O,445.990545
12261,N#CC(C#N)=C(/C=C/c1cc2c3c(c1)CCCN3CCC2)c1ccc2c3c(cccc13)CC2,C1CCOC1,602.0
1602,O=C(c1ccc(N(c2ccccc2)c2ccccc2)cc1)[C@H]1[C@H](c2cccs2)C[C@](O)(c2ccccn2)C[C@]1(O)c1ccccn1,ClCCl,520.0
5288,COc1ccc(-c2cc3c(s2)c(C(=O)c2ccccc2)cc(=O)n3Cc2ccccc2)cc1,CC#N,558.0
5211,CC(C)(C)C1Nc2ccccc2C(=O)N1Cc1ccccc1,ClC(Cl)Cl,404.0
290,Oc1c(-c2nc3c4ccccc4c4ccccc4c3[nH]2)cc2c3c1CCCN3CCC2,CO,465.0
6825,BrCCCCCCCCCCCCOc1cc2ccc3cccc4ccc(c1)c2c34,Cc1ccccc1,384.0
4783,CN(C)c1ccc(/C=C/C=C2\CC/C(=C\c3ccc(N(C)C)cc3)C2=O)cc1,CC(C)O,687.0
1213,CCCCCCCCCCn1cc(C2=C(c3cn(CCCCCCCCCC)c4ccccc34)C(=O)N(C)C2=O)c2ccccc21,C1CCCCC1,556.0
2218,CN(C)c1ccc(-c2cc3ccc([N+](=O)[O-])cc3c(=O)o2)cc1,CN(C)C=O,605.0
5812,CCc1c(C)[nH]c(C2=[N+]3C(=Cc4c(C)c(CC)c(C)n4[B-]3(F)F)c3ccccc32)c1C,Cc1ccccc1,651.0
8328,F[B-]1(F)n2cccc2C=C2C=CC=[N+]21,ClCCl,510.0
6196,COc1ccc(-c2c3cc4ccccc4cc3c(C#Cc3ccccc3)c3cc4ccccc4cc23)cc1,ClCCl,697.0
8346,Cc1cc(-c2ccc(-c3nc4ccccc4[nH]3)cc2)c(C)cc1-c1ccc(-c2nc3ccccc3[nH]2)cc1,CN(C)C=O,401.0
3855,N#Cc1ccc(C#Cc2ccc3ccc4ccc(C#Cc5ccc(C#N)cc5)c5ccc2c3c45)cc1,ClCCl,448.8
7665,CCCCCCCCCCc1cc(-c2cc(CCCCCCCCCC)c(-c3cccs3)s2)sc1-c1cccs1,CCCCCCCCCCCCCC,481.0
4475,COc1cc2c3c(c4cc(OC)c(OC)c(OC)c4c2c(OC)c1OC)=[N+]1C(=C(c2c(C)cc(C)cc2C)c2cc4c5cc(OC)c(OC)c(OC)c5c5c(OC)c(OC)c(OC)cc5c4n2[B-]1(F)F)C=3,C1CCOC1,763.0
5938,COc1c2ccccc2c(-c2ccccc2)c2ccccc12,Cc1ccccc1,419.0
1964,CC1=[N+]2C(=C(c3ccccc3)c3ccc(C)n3[B-]2(F)F)C=C1,ClC(Cl)Cl,526.0
95,COc1ccc2c3c(c4ccc(OC)cc4c2c1)=[N+]1C(=C(c2c(C)cc(C)cc2C)c2cc4c5ccc(OC)cc5c5cc(OC)ccc5c4n2[B-]1(F)F)C=3,C1CCOC1,712.0
33,CC(C)CCCN1c2ccccc2CCc2ccccc21,CO,360.0
5095,COc1cc(OC)cc(-c2ccc(-c3ccc(C#N)s3)s2)c1,C1COCCO1,437.0
2586,COC(=O)C(Cc1ccc2oc(-c3ccc4c(c3)c3ccccc3n4-c3ccccc3)nc2c1)NC(=O)OC(C)(C)C,CCC(C)CC,372.4949713
9712,Cc1ccccc1/C(C#N)=C/c1ccc(N(C)C)cc1,CCCO,505.0
9380,O=C(O)C1=CC(=C/C=[N+]2/c3cc(O)c(C[C@@H]4O[C@H](CO)[C@@H](O)C(O)[C@H]4O)cc3C[C@H]2C(=O)O)C=C(C(=O)O)N1,O,620.0
3651,NS(=O)(=O)c1ccc(N2N=C(c3ccc(O)cc3)CC2c2ccc([N+](=O)[O-])cc2)cc1,CO,434.0
6307,O=c1cc(COc2ccc(I)cc2)c2c(ccc3ccccc32)o1,C1CCOC1,416.0
8626,CCCCCCCCCCn1nnc(-c2ccc(C#Cc3ccc(C#Cc4ccc(-c5nnn(CCCCCCCCCC)n5)cc4)c4nc5c6ccccc6c6ccccc6c5nc34)cc2)n1,C1CCOC1,495.0
59,Oc1cccc(/N=C/c2ccccc2Oc2ccccc2)c1,CCCCCCCO,410.0
10260,F[B-]1(F)n2c(nc(Br)c2Br)-c2cccc[n+]21,CO,487.0
1139,Cn1nc(-c2ccc(C#N)cc2)cc1-c1ccccc1,ClCCl,348.0
5762,CCCCNc1ccc(NCCCC)c2c1C(=O)c1ccccc1C2=O,CO,666.0
2039,O=S1(=O)C2=C(c3ccc(-c4ccc(N(c5ccccc5)c5ccccc5)cc4)cc31)C1(C3=C(c4ccccc41)S(=O)(=O)c1cc(-c4ccc(N(c5ccccc5)c5ccccc5)cc4)ccc13)c1ccccc12,CCCCCC,485.0
3037,COc1ccc2c(c1)cc(C)c1c3ccccc3[nH]c21,ClCCl,363.0
3400,Cc1c2oc3c(C)c(N)cc(C(=O)NC4OC(=O)C(C(C)C)N(C)C(=O)CN(C)C(=O)C5CCCN5C(=O)C(C(C)C)NC4=O)c3nc-2c(C(=O)NC2OC(=O)C(C(C)C)N(C)C(=O)CN(C)C(=O)C3CCCN3C(=O)C(C(C)C)NC2=O)c(N)c1=O,CC(C)=O,609.7226372
7883,CN(C)c1ccc(-c2cc3c(ccc4c([N+](=O)[O-])cccc43)c(=O)o2)cc1,CN(C)C=O,546.0
7144,Cc1cccc(C)c1Nc1ccc(/C=C/c2ccccc2)cc1,CC#N,424.0
6057,c1ccc(-c2nn(-c3ccccn3)c3nc4ccccc4cc23)cc1,C1CCOC1,434.0
7854,CCCC(=O)c1c2c(c(C(=O)CCC)c3c1OC(CC(=O)OC)(C(=O)O)O3)OCO2,CCO,603.0
2236,COc1c2ccccc2c(OC)c2c1c1ccc(C)cc1n2C,ClCCl,419.0
3187,CCCCCCOc1cc2cc(=O)oc3ccc4cccc1c4c23,CC1CCCO1,468.0
1950,CCC/N=C/c1cc2ccc(N(C)C)cc2cc1OC,ClCCl,434.0
5761,CN(C)c1ccc(/C=C/C=C/c2nc3ccccc3o2)cc1,OCCO,562.0
1068,C[Si]1(C)C(c2ccccc2)=Cc2ccccc21,ClCCl,390.0
9572,CC1(C)Cc2c(c3ccccc3c3nc4c5c(c6ccccc6c4nc23)OC(C)(C)C5)O1,CC(C)O,509.1649695
7766,CCCCCCCCC1(CCCCCCCC)c2cc(C#Cc3ccc(N(c4ccccc4)c4ccccc4)cc3)ccc2-c2ccc(C=O)cc21,CCOC(C)=O,502.0
7601,CN(C)C(=O)c1ccc(-c2nc3ccc(N(C)C)cc3s2)cc1,CC#N,521.0
2340,COc1cc2c(cc1C=C(C#N)C#N)c1ccccc1n2C,CS(C)=O,531.0
10109,Cc1cccc2[n+]1[B-](c1ccccc1)(c1ccccc1)c1cccc3c4c5c(cccc5c-2c13)[B-](c1ccccc1)(c1ccccc1)[n+]1c(C)cccc1-4,ClCCl,611.0
4826,CCC1=C(C)C2=C(c3cc(C(=O)Cl)cc(C4=C5C(C)=C(CC)C(C)=[N+]5[B-](F)(F)n5c(C)c(CC)c(C)c54)c3)c3c(C)c(CC)c(C)n3[B-](F)(F)[N+]2=C1C,CN(C)C=O,560.0
7850,N#C/C(=C\c1cn(-c2ccccc2)nc1-c1ccccc1)c1nc2ccccc2s1,CS(C)=O,465.0
6096,COc1cc2c(cc1-c1ccc(C(F)(F)F)cc1)Cc1c3c(c4c(c1-2)-c1cc(OC)c(-c2ccc(C(F)(F)F)cc2)cc1C4)C(=O)N(CCC(C)C)C3=O,C1CCOC1,458.0
1793,N#CC(C#N)=C(/C=C/c1ccc(N(c2ccccc2)c2ccccc2)cc1)c1ccc2c3c(cccc13)CC2,CCOC(C)=O,611.0
6739,CN(C)c1ccc(/C=C/c2nc(N3CCOCC3)c3c([n+]2[O-])CCCC3)cc1,ClCCl,523.0
2102,CCCCCCCCCCCCC(CCCCCCCCCC)Cn1c2cc(/C=C/C=C(C#N)C#N)c3cccc4c5cccc6c(/C=C/C=C(C#N)C#N)cc1c(c65)c2c34,C1CCCCC1,648.0
11580,CCCCCCC(CCCCCC)N1C(=O)c2cccc3c(-c4ccc(C#N)cc4)ccc(c23)C1=O,CN(C)C=O,478.3
3154,Cn1c2nc(=O)[nH]c(=O)c-2nc2ccccc21,CC1CCCO1,489.0
7746,CCN(CC)c1ccc2c(c1)OC1=C(/C=C/C3=[N+](C)c4ccccc4C3(C)C)CCCC1=C2c1ccccc1C(=O)O,CO,732.0
3846,O=C(O)CC[N+]1=c2cc3c(cc2CCC1)=Cc1c(c2cc4c5c(c2oc1=O)CCCN5CCC4)O3,ClCCl,675.0
5654,C[Si](C)(C)c1sc([Si](C)(C)C)c2c1sc1ccsc12,ClC(Cl)Cl,362.0
6045,C(=C/c1cccc2ccccc12)\c1ccc(-c2nnc(-c3ccc(-c4cc5ccccc5s4)cc3)o2)cc1,CN(C)C=O,447.0
8509,CCCCNc1ccc(NCCCC)c2c1C(=O)c1ccccc1C2=O,CCCCCCO,670.0
5038,COC(=O)c1ccc(-c2nc3ccc(N(C)C)cc3s2)cc1,C1CCCCC1,426.0
9134,COc1ccc(-c2cc3c4c(c2)CCc2cc(-c5ccc(OC)cc5)cc(c2-4)CC3)cc1,CN(C)C=O,392.1505376
5284,CC1=C(Cc2ccccc2)C(C)=[N+]2C1=C(C)c1c(C)c(-c3csc(N4CCOCC4)n3)c(C)n1[B-]2(F)F,ClC(Cl)Cl,607.0
1006,CN(C)c1ccc(/C=C/c2cc[n+](CCCCCCCCCCCC[n+]3ccc(/C=C/c4ccc(N(C)C)cc4)cc3)cc2)cc1,CCO,593.0002253
3706,CN(C)c1ccc2nc(-c3ccc(C(=O)O)cc3)sc2c1,CC#N,558.0
373,C[Si]1(C)c2cc(-c3ccc(-c4cccs4)s3)ccc2C=Cc2ccc(-c3ccc(-c4cccs4)s3)cc21,ClCCl,463.0
1002,COC(=O)c1ccc2c3ccc(C(=O)OC)c4c(C(=O)OC)ccc(c5ccc(C(=O)OC)c1c25)c43,CC(C)O,480.0
10302,CC1=[N+]2C(=C(c3ccc(N4CCCCC4)cc3)c3ccc(C)n3[B-]2(F)F)C=C1,CCCCCC,520.0
3328,FC(F)(F)c1ccc(-c2ncc3ccccn23)cc1,ClC(Cl)Cl,459.0
1722,COc1nc(Nc2ccc3cc4ccccc4cc3c2)nc(OC)n1,C1COCCO1,435.0
7477,O=P(c1ccccc1)(c1ccccc1)n1c2ccccc2c2cc(-n3c4ccccc4c4cc(-n5c6ccccc6c6ccccc65)ccc43)ccc21,Cc1ccccc1,373.0
7563,CC(C)(C)c1ccc(C(C)(C)C)c(N2C(=O)c3cccc4c(-c5ccc(-c6ccc([N+](=O)[O-])cc6)s5)ccc(c34)C2=O)c1,CS(C)=O,538.0
8868,CC(C)(C)c1ccc(-c2cnc3cccc(-c4ccccc4)n23)cc1,ClCCl,479.0
3838,CN(C)c1ccc2cc(C(/C=C/c3c[nH]c4ccccc34)=C(C#N)C#N)c(=O)oc2c1,CN(C)C=O,545.0
10075,CC(=O)c1c2c(cc3ccc(N(C)C)cc13)CCC2,C1CCOC1,497.0
7566,CN1/C(=C/C=C(/C=C/C2=[N+](C)c3ccccc3C2(C)C)c2ccccc2)C(C)(C)c2ccccc21,CCO,670.0
4237,COc1ccc(-c2cc3c(ccc(=O)n3C)s2)cc1,ClCCl,426.0
1413,C(#Cc1ncnc2ccccc12)c1ccc(N(c2ccccc2)c2ccccc2)cc1,CC#N,610.0
101,COc1cc(OC)cc(-c2ccc(-c3ccc(C#N)s3)s2)c1,C1CCCCC1,437.0
3013,CN(C)c1ccc(/C=C/C=C2\CC/C(=C\c3ccc(N(C)C)cc3)C2=O)cc1,Cc1ccccc1,530.0
7134,Cn1c(=O)c(/N=N/c2ccc(Nc3ccccc3)c(S(=O)(=O)O)c2)c(O)c2ccccc21,CS(C)=O,483.0
3528,Nc1ccc2c3cccc4cccc(c5cccc1c52)c43,CCCCOCCCC,540.0
10609,[C-]#[N+]c1ccc(-c2ccc(N(C)C)cc2)cc1,CC#N,429.0
10665,c1ccc(C2CSC(c3c4ccc(=[N+]5CCCCC5)cc-4oc4cc(N5CCCCC5)ccc34)SC2)cc1,CO,606.3492063
10776,CCOc1cc2c(cc1/C=C/C(=C(C#N)C#N)c1ccccc1)c1ccccc1n2CC,CS(C)=O,575.0
2973,O=CN1N=C(c2ccc(Br)cc2)C[C@@H]1c1ccccc1,C1COCCO1,352.0
5130,O=Cc1cc(C=O)c2ccc3c(N4CCCCC4)cc(N4CCCCC4)c4ccc1c2c43,CCOC(C)=O,587.0
10745,COc1ccc2cc(-c3cc4ccc(OC)cc4oc3=O)oc2c1,CS(C)=O,484.0
11765,O=S(=O)([O-])c1ccc(O)c2ccccc12,CCCCO,361.0
11691,Cc1cc(=O)oc2cc3c(cc12)c1c2ccccc2c2ccccc2c1c1c2ccccc2c2ccccc2c31,ClC(Cl)Cl,536.0
11788,CC(C)(C)c1ccc(-c2nc3c4ccc(-c5ccccc5)cc4c4cc(-c5ccccc5)ccc4c3n2-c2ccc(C(C)(C)C)cc2)cc1,Cc1ccccc1,388.0
12248,CCC1=C(C)C2=C(C)c3c(C)c(CC)c(C)n3[B-](F)(F)[N+]2=C1C,CCC(C)C,534.4
12096,C[C@@]12SC(Cl)=CC1=c1nc(-c3ccc(Cl)cc3)[nH]c1=C1C=C(Cl)S[C@]12C,CC#N,449.0
7836,Cc1ccc2occ(CC(=O)NN)c2c1,CC(C)=O,404.0
6487,CCCCn1c2c(-c3ccc(N(c4ccccc4)c4ccccc4)cc3)cc(C#N)cc2c2cc(C#N)cc(-c3ccc(N(c4ccccc4)c4ccccc4)cc3)c21,ClCCl,452.0
11082,CCCCC(CC)Cn1c2cc(C#N)ccc2c2cc(-c3ccc(N(c4ccccc4)c4ccccc4)cc3)c(C#N)cc21,C1CCOC1,507.0
99,CCCSc1ccc2n1[B-](F)(F)[N+]1=CC=CC1=C2c1ccccc1,ClCCl,594.0
10749,CN(C)c1ccc(C2=Cc3cc(Cl)nc[n+]3[B-](F)(F)O2)cc1,CC#N,565.0
11801,N#Cc1c(N2CCCCC2)cc(-c2ccc3ccc4cccc5ccc2c3c45)c2c1Cc1ccccc1-2,C1CCOC1,481.0
2596,Cc1cc2ccc(-c3cccc4cccc(-c5ccc6cc(C)c(=O)oc6c5)c34)cc2oc1=O,C1CCCCC1,392.0
3772,CN(C)c1ccc(C#Cc2ccccc2)cc1,CCOCC,368.5005712
5025,CCOC(=O)COc1ccc(/C=C/C2=C3c4ccccc4C(c4ccc[nH]4)=[N+]3[B-](F)(F)n3ccc(C)c32)cc1,CCCCCC,630.0
9690,CC(C)(C)c1ccc(-c2nc3c4ccc(-c5ccccc5)cc4c4cc(-c5ccccc5)ccc4c3n2-c2ccc(C(C)(C)C)cc2)cc1,CN(C)C=O,392.0
2318,O=P(c1ccccc1)(c1ccc(N2c3ccccc3Oc3ccccc32)cc1)c1ccc(N2c3ccccc3Oc3ccccc32)cc1,CC#N,540.9399773
2576,O=P(c1ccccc1)(c1ccccc1)n1c2ccccc2c2ccccc21,CC(C)=O,406.0
9083,COc1ccc(C#Cc2ccc(C#N)cc2)cc1,CCCCCCC,337.0
11234,CCOC(=O)CN1C(=O)C2=C(c3ccc(N4CCCCC4)cc3)N(CC(=O)OCC)C(=O)C2=C1c1ccccc1,Cc1ccccc1,563.0
8900,COc1ccc(/C=C/c2nc(/C=C/c3ccc(N(C)C)cc3)cc(/C=C/c3ccc(N(C)C)cc3)n2)cc1,ClCCl,533.0
11089,CCCCN(CCCC)c1ccc(C#Cc2cc(C#Cc3ccc(N(CCCC)CCCC)cc3)c(C#Cc3ccc(C(F)(F)F)cc3)cc2C#Cc2ccc(C(F)(F)F)cc2)cc1,ClCCl,541.0
2420,COc1nc(Nc2ccc3cc4ccccc4cc3c2)nc(OC)n1,CCOC(C)=O,432.0
5111,CCC1=C(C)C2=C(c3c(C)cc(C)nc3-c3cccs3)c3c(C)c(CC)c(C)n3[B-](F)(F)[N+]2=C1C,C1COCCO1,552.0
10110,CC1=N/C(=C\c2cc(N(C)C)ccc2C#N)C(=O)N1C,CC#N,606.0
7520,c1ccc(-c2oc(-c3ccccc3)c3ccccc23)cc1,CC#N,452.0
119,Cc1cc(=O)oc2c1cc(Br)c1occ(C)c12,C1COCCO1,407.0
4767,CN(C)c1ccc(/C=C/C=C/c2nc3ccccc3o2)cc1,CCCCCC,474.0
5627,CCN(CC)c1ccc2nc3c4ccccc4c(=O)cc-3oc2c1,CCO,638.0
3194,CC1(C)c2ccccc2N(c2cccc(S(=O)(=O)c3cccc(N4c5ccccc5C(C)(C)c5ccccc54)c3)c2)c2ccccc21,Cc1ccccc1,489.0
4347,CC(C)(C)NC(=O)c1ccc(C(=O)NC(C)(C)C)c2c1c1c3ccccc3c3ccccc3c1c1c3ccccc3c3ccccc3c21,ClCCl,476.0
1188,O=C(O)c1ccc(-c2nc(-c3ccccc3)c3ccccn23)cc1,CC#N,501.0
3143,N#C/C(=C\c1ccncc1)c1nc(-c2ccccc2)cs1,CCO,501.0
6572,Cn1cccc1-c1cc(C#N)ccc1C#N,CC#N,524.0
1175,C(=C/c1cc(/C=C/c2ccc(N(c3ccccc3)c3ccccc3)cc2)nc(/C=C/c2ccc(N(c3ccccc3)c3ccccc3)cc2)n1)\c1ccc(N(c2ccccc2)c2ccccc2)cc1,Cc1ccccc1,479.0
10280,CCCCC(CC)CN1C(=O)c2cccc3c(C#Cc4ccc(N(c5ccccc5)c5ccccc5)cc4)ccc(c23)C1=O,C1CCOC1,621.0
6449,C(=C/c1ncnc2ccccc12)\c1ccc(N(c2ccccc2)c2ccccc2)cc1,C1CCOC1,540.0
1053,CN(C)c1ccc(C(=O)Nc2ccc(Cl)cc2)cc1,C1CCOC1,490.0
6044,CCCCN(c1ccccc1)c1ccc2c(c1)C(CC)(CC)c1cc(/C=C/c3ccc(/C=C(\C#N)C(=O)O)s3)ccc1-2,CS(C)=O,520.0
6654,C(#Cc1ncnc2ccccc12)c1ccc(N(c2ccccc2)c2ccccc2)cc1,CS(C)=O,616.0
7799,COc1ccc(/C=C/c2nc(/C=C/c3ccc(N(C)C)cc3)cc(/C=C/c3ccc(N(C)C)cc3)n2)cc1,CC#N,581.0
12205,Cc1ccc(NC(=O)c2ccc(N(C)C)cc2)cc1,C1CCOC1,532.0
11022,CC(C)[Si](C#Cc1ccc(-c2c3cccc4c5cccc6c(-c7ccc(C#C[Si](C(C)C)(C(C)C)C(C)C)cc7)c7cccc8c9cccc2c9c(c34)c(c65)c78)cc1)(C(C)C)C(C)C,Cc1ccccc1,744.0
2034,c1ccc(-n2c(-c3cccc4ccccc34)nc3c4cccc5ccc6cccc(c6c54)c32)cc1,ClCCl,424.7826087
1498,Cc1nn(-c2ccccc2)c(C2=NN(c3ccc(Br)cc3)[C@@H](c3ccccc3)[C@@H]2c2ccccc2)c1C#N,O,485.0
744,CCOC(=O)C1=C(C(=O)OCC)C2(c3ccccc3-c3ccccc32)[C@@H](c2ccc([N+](=O)[O-])cc2)C=C2c3cc(OC)c(OC)cc3CCN21,ClCCl,430.0
2609,COc1nc(Nc2ccc3cc4ccccc4cc3c2)nc(OC)n1,CCCCOCCCC,435.0
5666,O=C1OC(c2ccccc2)=N/C1=C\c1ccc(N(c2ccccc2)c2ccccc2)cc1,CC(C)CC(C)(C)C,490.0
3139,CCOC(=O)C(C(=O)OCC)C1=[N+]2C(=C(c3ccc(C)cc3)c3ccc(Cl)n3[B-]2(F)F)C=C1,ClC(Cl)Cl,526.0
5218,CC[C@H](C)COc1ccc(C2=C3C(C)=C(I)C(C)=[N+]3[B-](F)(F)n3c(C)c(I)c(C)c32)cc1,ClCCl,557.0
12070,CC1=C(c2ccc(N(c3ccccc3)c3ccccc3)cc2)C(C)=[N+]2C1=C(c1c(-c3ccccn3)nc3ccccn13)c1c(C)c(-c3ccc(N(c4ccccc4)c4ccccc4)cc3)c(C)n1[B-]2(F)F,ClCCl,709.0
11742,CN(C)c1cc(C#N)c(N(C)C)c(C#N)c1,CCCCOCCCC,502.2601708
2301,N#Cc1c2nc3ccccn3c2nc2nc3ccccn3c12,CC#N,525.0
9889,Cc1cc2oc3ccccc3c2c2[nH]c3ccccc3c12,ClCCl,342.0
1720,CCOC(=O)C1c2cc(Cl)ccc2C(=O)N1c1ccc(OC)c(OC)c1,ClCCl,460.0
10709,N#C/C(=C\c1ccncc1)c1nc(-c2ccccc2)cs1,CC#N,495.0
5494,Cc1ccc2ccc3c(c2n1)N/C(=C\C1=C([O-])/C(=C/C2=[NH+]c4c(ccc5ccc(C)nc45)C2(C)C)C1=O)C3(C)C,C1COCCO1,708.0
7756,O=Cc1ccc(-c2ccc(-c3nc4ccccc4s3)c(O)c2)o1,CCO,530.0
4983,Cc1ccc(-c2cc(-c3ccc(N(C)C)cc3)c3c(N)nc(N4CCCC4)c(C#N)c3n2)cc1,ClC(Cl)Cl,496.0
2168,COC(=O)C(Cc1ccc2oc(-c3ccc(N(c4ccccc4)c4ccccc4)cc3)nc2c1)NC(=O)OC(C)(C)C,CCCCCC,392.749838
10447,CC1=CC(C)=[N+]2C1=Cc1cccn1[B-]2(F)F,CCCCCC,504.0
8265,CN(C)c1ccc(/C=C/C=C/c2nc3ccccc3o2)cc1,CCCCO,525.0
424,CCOC(=O)COc1ccc(/C=C/c2c(CC)c(C)c3n2[B-](F)(F)[N+]2=C(c4[nH]c(C)c(CC)c4C)c4ccccc4C2=C3C)cc1,Cc1ccccc1,709.0
554,CCNc1ccc2c(C(F)(F)F)cc(=O)oc2c1,CC(C)O,490.0
5781,CCCCC(CC)Cn1c2cc(-c3ccc(N(c4ccccc4)c4ccccc4)cc3)c(C#N)cc2c2cc(C#N)c(-c3ccc(N(c4ccccc4)c4ccccc4)cc3)cc21,ClC=C(Cl)Cl,436.0
487,Cc1ccc(C2CC(c3ccc(O)cc3)=NN2c2ccc(S(N)(=O)=O)cc2)cc1,CN(C)C=O,422.0
7889,CC[N+]1(CC)CN2C(=N1)C(C(=O)O)=Cc1cc(OC)ccc12,O,491.0
8637,CCC12C(=C3C(=C4c5ccc(-c6ccc(C)s6)cc5S(=O)(=O)C41CC)C(F)(F)C(F)(F)C3(F)F)c1ccc(-c3ccc(C)s3)cc1S2(=O)=O,C1COCCO1,591.0
7717,c1ccc(-c2ccc(-c3ccccc3)cc2)cc1,C1CCOC1,340.0
5389,O=c1c(Nc2ccccc2)c([O-])c1=[NH+]c1ccccc1,CC(C)=O,490.0
10823,N#Cc1ccccc1N1c2ccccc2C(c2ccccc2)(c2ccccc2)c2ccccc21,Cc1ccccc1,441.0
3233,C=Cc1cc2cc3c(cc2oc1=O)OCO3,CC#N,448.0
8217,COc1cc(S(=O)(=O)[O-])c2ccc3c(S(=O)(=O)[O-])cc(S(=O)(=O)[O-])c4ccc1c2c43,CC#N,401.8323555
2167,O=C1CC(c2cccc([N+](=O)[O-])c2)c2c(c3ccccc3c3nc4ccccc4nc23)O1,CCCCCC,417.0
468,Fc1ccc2cc3cccc[n+]3cc2c1,O,408.0
4860,Oc1cccc2ccccc12,C1CCCCC1,344.2340792
5282,O=C(O)c1ccccc1Nc1cccc(C(F)(F)F)c1,C1CCOC1,408.0
7954,F[B-]1(F)n2cccc2C=C2C=CC=[N+]21,CO,506.0
7620,CC1=[N+]2C(=C(c3ccccc3)c3ccc(C)n3[B-]2(F)F)C=C1,C1CCCCC1,524.0
741,Cc1c(C(=O)c2c(F)cc(F)cc2F)c2ccc3cccc4c5cccc6ccc1c(c65)c2c34,ClCCl,499.0
9992,CSc1cc(-c2cc3cc4c5c(c3oc2=O)CCCN5CCC4)oc(=O)c1C#N,CC(C)=O,596.0
1740,CC(C)(C)C1Nc2ccccc2C(=O)N1c1ccccc1,CC#N,417.0
3372,CN(C)c1ccc2nc(-c3ccc(C(=O)OC[C@H](NC(=O)OC(C)(C)C)C(=O)OCc4ccccc4)cc3)sc2c1,ClC(Cl)Cl,504.0
839,COc1c2ccccc2c(OC)c2c1c1cccc(OC)c1n2C,CC#N,433.0
2582,CCCCc1cc(C=O)c2ccc3c(CCCC)cc(N4CCCCC4)c4ccc1c2c34,ClCCl,562.0
3547,COc1ccc(-c2sc3c(-c4ccc(OC)cc4)c4n(c3c2-c2ccc(OC)cc2)[B-](F)(F)[N+]2=Cc3c(-c5ccc(OC)cc5)c5sc(-c6ccc(OC)cc6)c(-c6ccc(OC)cc6)c5n3[B-](F)(F)[N+]2=C4)cc1,CN(C)C=O,654.0
11559,CCN(CC)c1ccc2c(C)cc(=O)oc2c1,C1CCCCC1,395.0
3693,CCOC(=O)/C=C/c1ccc(N(C)C)cc1,CC#N,446.0
2709,COc1ccc(O)c(-c2[nH]c(=O)n3c2-c2ccccc2C3=O)c1,CC#N,480.0
9189,CSc1sc(C(C)=O)c2nn[nH]c(=O)c12,CC#N,483.0
9008,COc1ccc(C2=C/C(=C\c3ccc(C#N)cc3)C(=O)N2)cc1OC,C1COCCO1,585.0
1984,Cc1ccc(NC(=O)c2ccc(N(C)C)cc2)cc1,CC#N,502.0
3487,CN(C)c1ccc(C(=O)Nc2cccc(Cl)c2)cc1,C1CCCCC1,338.0
7540,N#Cc1nc2cnc(N)nc2n1Cc1ccccc1,CC#N,381.0
12210,O=c1c2ccccc2nc2ccc(-c3ccc(-c4ccc(N(c5ccccc5)c5ccccc5)cc4)cc3)cn12,ClCCl,533.0
5538,CCN1C(=O)C(C2C(=O)c3c4ccccc4cc4cc5ccccc5c2c34)C(=O)N(CC)C1=S,ClCCl,582.0
7583,COC(=O)c1cc2c(cc3ccc4cccc5ccc2c3c45)[nH]1,C1CCOC1,404.0
5963,COC(=O)C(Cc1ccc2oc(-c3ccc(-n4c5ccccc5c5ccccc54)cc3)nc2c1)NC(=O)OC(C)(C)C,CCCCO,429.99656
5337,O=C1C=C(Nc2ccccc2)CCC1,ClC(Cl)Cl,362.0
6088,NS(=O)(=O)c1ccc(N2N=C(c3ccc(O)cc3)CC2c2ccc(Cl)cc2)cc1,C1CCOC1,418.0
245,O=P(c1ccccc1)(c1ccccc1)n1c2ccccc2c2cc(-n3c4ccccc4c4ccccc43)ccc21,Cc1ccccc1,372.0
3393,CCN1C(=O)C(C2C(=O)c3c4ccccc4cc4cc5ccccc5c2c34)SC1=S,CCCCCC,539.0
10990,CCCCCCC(CCCCCC)N1C(=O)c2cccc3c(-c4ccc(-c5ccc(OC)cc5)cc4)ccc(c23)C1=O,Cc1ccccc1,454.6
9537,COc1ccc2cc(-c3ccc(C(F)(F)F)cc3)oc(=O)c2c1,CO,413.0
10128,Cc1ccc(-c2cc3ccccc3oc2=O)cc1,CS(C)=O,409.0
3794,CCC1=C(C)C2=C(c3cc(C(=O)Cl)cc(C(=O)Cl)c3)c3c(C)c(CC)c(C)n3[B-](F)(F)[N+]2=C1C,ClC(Cl)Cl,550.0
1864,CCCCn1cc(/C=C/c2cc(=O)oc3cc(C)ccc23)c2ccccc21,ClC(Cl)Cl,474.0
4584,COc1ccc2n1[B-](F)(F)[N+]1=C(SC#N)C=CC1=C2c1ccccc1,ClCCl,531.0
7893,[C-]#[N+]c1ccc(-c2ccc(NC)cc2)cc1,CCCCCC,366.0
6975,COc1ccc(C#Cc2ccc(C#N)cc2)cc1OC,C1COCCO1,400.0
724,CCCCCCCCOC(=O)c1cc2ccc3ccccc3c2c(C#N)c1N,Cc1ccccc1,467.0
11866,COc1ccc(N(c2ccc(OC)cc2)c2cc3ccc4cc(B(c5c(C)cc(C)cc5C)c5c(C)cc(C)cc5C)cc5ccc(c2)c3c45)cc1,C1CCOC1,550.0
5707,C[SiH](C)c1cccc2ccccc12,C1CCCCC1,328.0
1368,CCOc1ccc(/C=C/c2nc(N3CCOCC3)c3c([n+]2[O-])CCCC3)cc1,ClCCl,515.0
9632,Cc1c2ccncc2c(C)c2c1[nH]c1ccccc12,CO,434.0
9334,CC(C)(C)c1ccc(-c2nc3c4ccc(-c5cccc6ccccc56)cc4c4cc(-c5cccc6ccccc56)ccc4c3n2-c2ccc(C(C)(C)C)cc2)cc1,C1COCCO1,385.0
4012,O=C1Nc2ccccc2/C1=C/C(=O)c1ccc(O)cc1,C1COCCO1,399.0
5502,CCCCc1cc(CCCC)c2ccc3c(CCCC)cc(CCCC)c4ccc1c2c43,CO,388.0
12222,CCCCCCn1c(=O)c2c3oc4ccccc4sc3c3c(=O)n(CCCCCC)c(=O)c3c2c1=O,ClCCl,522.0
6759,N#Cc1ccc(-n2c(-c3ccc(-c4ccc(-c5nc6c7ccccc7c7ccccc7c6n5-c5ccc(C#N)c6ccccc56)c5ccccc45)c4ccccc34)nc3c4ccccc4c4ccccc4c32)c2ccccc12,ClCCl,425.0
461,CC(=O)c1ccc2ccc3cccc4ccc1c2c34,ClCCl,396.0
6830,CC1(C)c2ccccc2N(c2ccc(-c3nnc(-c4ccccc4)o3)cc2)c2ccccc21,c1ccc(-n2c(-c3c(-n4c5ccccc5c5ccccc54)cccc3-n3c4ccccc4c4ccccc43)nc3ccccc32)cc1,455.0
1010,C/C(=C\c1ccccc1)c1nc2ccccc2o1,CO,380.0
2333,CN1/C(=C/C=C(/C=C/C2=[N+](C)c3ccccc3C2(C)C)c2ccc(F)cc2)C(C)(C)c2ccccc21,CO,666.0
932,COc1cc(/C=C2/SC(=O)NC2=O)cc(OC)c1O,CC#N,450.0
1121,CCN(CC)c1ccc2c(-c3ccc(S(=O)(=O)[O-])cc3S(=O)(=O)[O-])c3ccc(=[N+](CC)CC)cc-3oc2c1,CN(C)C=O,574.0
1701,CCN(CC)c1ccc2cc(/C=C(\C#N)c3nc4ccccc4s3)c(=O)oc2c1,Cc1ccccc1,567.0
14,N#Cc1cc(N2c3ccccc3Oc3ccccc32)c(N2c3ccccc3Oc3ccccc32)cc1C#N,c1ccc2c(c1)c1ccccc1n2-c1ccc(-c2ccc(-n3c4ccccc4c4ccccc43)cc2)cc1,612.0
9156,COc1cc(OC)c2c(c1)C(=O)c1ccc(OC)cc1-2,C1CCCCC1,537.0
10335,c1csc(-c2cnc(-c3cccs3)c3nonc23)c1,ClC(Cl)Cl,611.0
7080,CN(C)c1ccc(-c2ccc(-c3cc(N4CCCCC4)c(C#N)c4c3-c3ccccc3CC4)s2)cc1,C1CCOC1,537.0
3685,C(=C/c1nc2ccccc2[nH]1)\c1ccc(/C=C/c2nc3ccccc3[nH]2)cc1,CC(C)=O,427.0
2873,Cc1cc2c(o1)=CC1=Cc3cc4oc(C)cc4n3[B-](F)(F)[N+]=21,ClC(Cl)Cl,583.0
3914,N#Cc1c(-c2ccc(Br)cc2)cc(-c2ccc(Br)cc2)[nH]c1=O,CO,448.0
11777,O=C1c2ccccc2NC(c2ccccc2)N1Cc1ccccc1,c1ccccc1,393.0
5778,CCOc1cc2c(cc1/C=C/C1=CC(=C(C#N)C#N)CC(C)(C)C1)c1ccccc1n2CC,ClC(Cl)Cl,608.0
5306,O=C1c2cccc3c(NCc4ccccn4)c4ccccc4c(c23)C(=O)N1Cc1ccccn1,CCO,615.0
5265,CCC1(CC)c2cc(/C=C/c3ccc(/C=C/c4ccc5c(c4)C(CC)(CC)c4cc(N6c7ccccc7Sc7ccccc76)ccc4-5)cc3)ccc2-c2ccc(N3c4ccccc4Sc4ccccc43)cc21,CC#N,457.0
4877,C(=C/c1c2ccccc2cc2ccccc12)\c1ccc2ccccc2n1,CC1CCCCC1,492.0
6255,Cc1ccc(C#Cc2cc3ccccc3oc2=O)cc1,CC#N,416.0
8818,CN(C)c1cc(C#N)c(N(C)C)c(C#N)c1,CCCCCC,493.8271605
3299,CCn1c2cc(OC)ccc2c2c3nsnc3c3c4ccc(OC)cc4n(CC)c3c21,ClCCl,553.0
6030,COC(=O)c1ccc(/C=C2\C=C(c3ccc(C#N)cc3)OC2=O)cc1,C1COCCO1,501.0
1634,Oc1c(-c2nc3c4ccccc4c4ccccc4c3[nH]2)cc2c3c1CCCN3CCC2,C1CCOC1,439.0
8788,c1ccc(C2(c3ccccc3)c3cc4c(cc3-c3sc5ccccc5c32)C(c2ccccc2)(c2ccccc2)c2c-4sc3ccccc23)cc1,C1CCOC1,408.0
8589,c1ccc2c3c(ccc2c1)-c1cccc2c1c-3cc1ccccc12,CCCCCCC,482.0
6670,c1ccc(-c2nc(-c3ccc(-c4ccc(-n5c6ccccc6c6ccccc65)cc4)cn3)oc2-c2ccccc2)cc1,CCCCCC,392.0
7388,COc1ccc2cc(/C=C/c3nc(/C=C/c4ccc(N(c5ccccc5)c5ccccc5)cc4)cc(/C=C/c4ccc(N(c5ccccc5)c5ccccc5)cc4)n3)ccc2c1,ClCCl,544.0
3647,CN(C)c1ccc(/C=C/c2cccnn2)cc1,CS(C)=O,518.0
8952,CCCCCCc1ccc2c(/C=N/c3cc(/N=C/c4c(O)ccc5cc(CCCCCC)ccc45)cc(/N=C/c4c(O)ccc5cc(CCCCCC)ccc45)c3)c(O)ccc2c1,CC#N,507.0
2963,CCN(CC)c1ccc(/N=N/c2nc3ccc([N+](=O)[O-])cc3s2)cc1,CC#N,607.0
7234,Fc1cc(-c2ccc(-c3nc4cc(Br)ccc4[nH]3)cc2)ccc1-c1ccc(-c2nc3cc(Br)ccc3[nH]2)cc1,CN(C)C=O,417.0
1282,COc1ccc2c3ccc(OC)cc3n(-c3ccc(-c4nnc(C)o4)cc3)c2c1,Cc1ccccc1,428.0
4216,CN(C)c1ccc(/C=C/C(=O)c2ccc(Cl)cc2)cc1,CC(C)=O,532.0
7495,CCN(CC)c1ccc(-c2nc3c(c4c2-c2ccc(C#N)cc2CC4)-c2ccc(C#N)cc2CC3)cc1,CS(C)=O,541.0
214,Brc1ccc(Nc2ccc3ccccc3n2)cc1,CCO,444.13
5438,CC(C)CCCCN1CCc2c1ccc1c3c(ccc21)CCCC3=O,ClCCl,595.0
9990,O=C1/C(=C/C=C/c2cc3c4c(c2)CCCN4CCC3)CC/C1=C\C=C\c1cc2c3c(c1)CCCN3CCC2,c1ccncc1,720.0
5239,N#Cc1c(-c2cccs2)cc(-c2ccc3c(c2)Cc2ccccc2-3)[nH]c1=O,CS(C)=O,437.0
3853,CC(C)(C)c1ccc2oc3nc4oc5ccc(N6c7ccccc7Oc7ccccc76)cc5c4cc3c2c1,ClC(Cl)Cl,491.0
3524,COC(=O)c1ccc(C2=C3C=CC(C)=[N+]3[B-](F)(F)n3c(C)ccc32)cc1,CC#N,531.0
4914,CCCCC(CC)Cn1c2cc(C#N)c(-c3ccc(N(c4ccccc4)c4ccccc4)cc3)cc2c2cc(-c3ccc(N(c4ccccc4)c4ccccc4)cc3)c(C#N)cc21,CCN(CC)CC,464.6541904
7493,CCCCN1C(=O)C2=C(c3ccc(-c4ccc5c(c4)C(C)(C)c4ccccc4-5)cc3)NC(=O)C2=C1c1ccc(-c2ccc3c(c2)C(C)(C)c2ccccc2-3)cc1,ClCCl,563.0
7113,c1ccc(-c2nc(-c3ccccc3)c(-c3ccccc3)o2)cc1,Cc1ccccc1,381.0
2020,COC(=O)c1ccc(C2=C3C=CC(C)=[N+]3[B-](F)(F)n3c(C)ccc32)cc1,C1CCOC1,536.0
11458,CCOC(=O)CCOc1ccc(C(c2c(C)[nH]c3ccccc23)c2c(C)[nH]c3ccccc23)cc1OC,C1CCCCC1,330.0
3912,CC1=CC(C)=[N+]2C1=C(c1c3ccccc3cc3ccccc13)c1c(C)cc(C)n1[B-]2(F)F,ClCCl,517.0
9529,CNCCCC1c2ccccc2C=Cc2ccccc21,CO,358.0
772,O=P(c1ccccc1)(c1ccccc1)c1ccc(N2c3ccccc3Oc3ccccc32)cc1,Cc1ccccc1,458.2672707
3433,COc1cc2cc(-c3cc4cc(OC)c(OC)cc4oc3=O)oc2cc1OC,CC#N,493.0
11427,O=P(c1ccc(N2c3ccccc3Oc3ccccc32)cc1)(c1ccc(N2c3ccccc3Oc3ccccc32)cc1)c1ccc(N2c3ccccc3Oc3ccccc32)cc1,Cc1ccccc1,470.4416761
5058,CCCCC(CC)Cn1c2ccccc2c2ccc(-c3ccc4c5ccccc5n(CC(CC)CCCC)c4c3)cc21,C1CCOC1,398.0
6125,CCC1(CC)c2cc(B(c3c(C)cc(C)cc3C)c3c(C)cc(C)cc3C)ccc2-c2ccc(N(c3ccccc3)c3ccc4c(c3)C(CC)(CC)c3cc(B(c5c(C)cc(C)cc5C)c5c(C)cc(C)cc5C)ccc3-4)cc21,CC(C)=O,515.0
3297,Cc1ccc(N(c2ccc(C)cc2)c2ccc3c4cccc5c(N(c6ccc(C)cc6)c6ccc(C)cc6)ccc(c6cccc2c63)c54)cc1,CC#N,574.0
6373,CCCCCCC(CCCCCC)N1C(=O)c2cccc3c(-c4ccc(-c5ccc(OC)cc5)cc4)ccc(c23)C1=O,CCCCO,556.6
3519,c1ccc(Nc2nc(Nc3ccccc3)nc(Nc3ccc4ccc5cccc6ccc3c4c56)n2)cc1,CCCCOCCCC,394.0
7377,c1ccc(N2c3ccc4ccccc4c3-c3c4ccccc4nc[n+]3[B-]2(c2ccccc2)c2ccccc2)cc1,CN(C)C=O,680.0
647,COc1ccc(C2=[N+]3C(=Nc4c(-c5ccccc5)cc(-c5ccc(OC)cc5)n4[B-]3(F)F)C(c3ccccc3)=C2)cc1,ClCCl,715.0
5711,Cc1ccc(Sc2cc3cccc4ccc5cccc2c5c43)cc1,ClCCl,416.0
10145,C[n+]1ccc(/C=C/c2ccc3cc(O)ccc3c2)cc1,ClC(Cl)Cl,537.0
8811,Cc1ccccc1/C(C#N)=C/c1ccc(N(C)C)cc1,CCCCO,502.0
9341,COc1cccc2cc(-c3ccc([N+](=O)[O-])cc3)c(=O)oc12,CC#N,363.0
2616,Cc1ccc2ccc3c(c2n1)N/C(=C\C1=C([O-])/C(=C/C2=[NH+]c4c(ccc5ccc(C)nc45)C2(C)C)C1=O)C3(C)C,CS(C)=O,717.0
736,Nc1ccc2c(c1)C(=O)NC2=O,CN(C)C=O,470.0
8206,Cc1cc(C)c(-c2nnc(-c3ccc(-n4c5ccccc5c5ccccc54)c(C)c3)o2)c(C)c1,Cc1ccccc1,377.0
2372,CC1(C)c2ccccc2N(c2ccccc2)c2ccc(-c3ccc(-c4ccc5c(c4)C(C)(C)c4ccccc4N5c4ccccc4)c4nsnc34)cc21,Cc1ccccc1,596.0227273
7463,N#CSC1=CC2=C(c3ccccc3)c3ccc(N4CCOCC4)n3[B-](F)(F)[N+]2=C1N1CCOCC1,CO,599.0
7254,CN(C)c1ccc(-c2cc(-c3ccc4ccccc4c3)nc(-c3ccccc3)n2)cc1,C1CCCCC1,422.0
1178,C[n+]1ccc(/C=C/c2ccc3cc(O)ccc3c2)cc1,CS(C)=O,565.0
10650,COc1ccc(/C=N/c2cc(C(C)C)c(O)cc2C)cc1,CCCCO,414.0
7272,COc1ccc2c(=O)c3c([nH]c2c1)-c1ccccc1NC3(C)C,ClC(Cl)(Cl)Cl,488.0
31,CCN(C)c1ccc(C2=C3C(C)=CC(/C=C/c4ccc(OCC(=O)OC)cc4)=[N+]3[B-](F)(F)n3c(C)cc(C)c32)cc1,CO,581.0
9416,CCCCCN1c2ccccc2Sc2cc(/C=C/c3ccc(/C=C(\C#N)C(=O)O)s3)ccc21,ClCCl,704.0
7229,CC(C)(C)c1ccc(-c2nnc(-c3ccc4ccc5cccc6ccc3c4c56)o2)cc1,CC#N,423.0
7603,Cc1ccc(-c2cc(C)[o+]c(C)c2)cc1,CC#N,435.0
1586,COc1ccc(-c2csc(/C(C#N)=C\Nc3ccc(C#N)cc3)n2)cc1,CN(C)C=O,453.0
6870,COc1ccc(C2=C3C=CC(C)=[N+]3[B-](F)(F)n3c(C)ccc32)cc1,CCOC(C)=O,518.0
2380,COc1cc(OC)cc(C2=C3C(C)=C(I)C(/C=C/c4ccsc4)=[N+]3[B-](F)(F)n3c(/C=C/c4ccsc4)c(I)c(C)c32)c1,CS(C)=O,692.0
9683,Cc1ccc(O)c(-c2[nH]c(=O)n3c2-c2ccccc2C3=O)c1,ClCCl,475.0
6023,COc1c2ccccc2c(OC)c2c1c1ccc(C(F)(F)F)cc1n2C,CO,437.0
2174,COc1ccc(C(=O)/C=C2\C(=O)Nc3ccccc32)cc1,CCCCO,378.0
50,N#Cc1c(-c2ccc(Br)cc2)cc(-c2ccc(Br)cc2)[nH]c1=O,CC#N,453.0
9956,CC(C)[Si](C#Cc1c2ccccc2c(C#C[Si](C(C)C)(C(C)C)C(C)C)c2nc3c4ccccc4c(=O)c4ccccc4c3nc12)(C(C)C)C(C)C,ClCCl,544.0
483,F[B-]1(F)OC(c2ccccc2)=Cc2c3ccccc3c3ccccc3[n+]21,ClC(Cl)Cl,447.0
11416,c1ccc(-c2cc3c(oc4ccccc43)c(-c3ccccc3)[o+]2)cc1,ClCCCl,451.0
11114,CCCCCCCCCCCCN1C(=O)c2c(c3ccc4cc(-c5ccc(F)cc5)c(OC)cc4c3c3c2ccc2cc(-c4ccc(F)cc4)c(OC)cc23)C1=O,ClCCl,525.0
3742,Cc1cccc(C2=Cc3ccc4ccccc4[n+]3[B-](F)(F)O2)c1,ClC(Cl)Cl,440.0
5279,C(=C/c1cc[n+]2ccc(/C=C/c3ccsc3)cc2c1)\c1ccsc1,CO,529.0
8606,COc1ccc(C#Cc2nc3ccccc3nc2-c2cn(C)c3ccccc23)cc1,Cc1ccccc1,468.0
7039,CCN(CC)c1ccc(-c2cc3c(s2)c(C(=O)OC)cc(=O)n3C)cc1,Cc1ccccc1,504.0
8653,COc1ccc(C2=C(c3ccc(OC)cc3)[Si](c3ccccc3)(c3ccccc3)c3ccccc32)cc1,C1CCOC1,457.0
8617,CCCCn1c2ccc(-c3ccc4ccccc4c3)cc2c2ccc3c4cc(-c5ccc6ccccc6c5)ccc4n(CCCC)c3c21,ClC(Cl)Cl,418.0
10747,O=Cc1cc(C=O)c2ccc3c(N4CCCCC4)cc(N4CCCCC4)c4ccc1c2c43,CC#N,602.0
6497,Fc1c(F)c(F)c2c(c1F)C1=Nc3c4c(F)c(F)c(F)c(F)c4c4n3[B-]3(Cl)n5c(c6c(F)c(F)c(F)c(F)c6c5=N4)=NC2=[N+]13,O=[N+]([O-])c1ccccc1,597.0
8419,CCCCC1(c2ccccc2)Nc2ccccc2N=C1c1ccccc1,CN(C)C=O,544.0
9668,CC[N+]1(CC)CN2C(=N1)C(C(=O)O)=Cc1c2ccc2ccccc12,O,487.0
11811,CC(C)(C)c1ccc2c(c1)c1cc(C(C)(C)C)ccc1n2-c1ccc(-c2nc(-c3ccccc3)nc(-c3ccccc3)n2)c2c1c1ccccc1n2-c1ccccc1,ClCCl,474.7727273
10686,O=[N+]([O-])c1ccc(/C=C/C=C/c2ccccc2)cc1,CCCCCCC,470.0
1047,CC1(C)CC(/C=C/c2ccc(-n3c4ccccc4c4ccccc43)cc2)=CC(=C(C#N)C#N)C1,C1CCOC1,571.0
299,COc1ccc2c(c1)CCC1=C(c3ccccc3)C3=Nc4c(-c5ccccc5)c5c(n4[B-](F)(F)[N+]3=C12)-c1ccc(OC)cc1CC5,ClC(Cl)Cl,752.0
8300,CCn1c2ccccc2c2cc(/C=C/c3cccc[n+]3CCCS(=O)(=O)[O-])ccc21,C1CCOC1,559.0
2366,CC(C)(C)c1ccc2c(c1)c1cc(C(C)(C)C)ccc1n2-c1ccc(C#Cc2ccc3c4ccc(C#Cc5ccc(-n6c7ccc(C(C)(C)C)cc7c7cc(C(C)(C)C)ccc76)cc5)cc4n(-c4ccc(C(F)(F)F)cc4)c3c2)cc1,ClCCl,431.0
11077,CC1(C)OB(c2ccc3ccc4cccc5ccc2c3c45)OC1(C)C,Cc1ccccc1,379.0
5504,N#Cc1ccc2c(c1)CCc1nc(-c3ccc([N+](=O)[O-])cc3)c3c(c1-2)CCc1cc(C#N)ccc1-3,CC#N,525.0
856,CN(C)CCN(Cc1c2ccccc2cc2ccccc12)c1ccc([N+](=O)[O-])cn1,CC(C)=O,388.0
3105,Cc1ccc2c(c1)C(C)(C)c1cc(C)ccc1N2c1ccc2c(c1)C(C)(C)c1cc(N3c4ccc(C)cc4C(C)(C)c4cc(C)ccc43)ccc1S2(=O)=O,Cc1ccccc1,470.0657895
5385,F[B-]1(F)n2c(-c3cccs3)cc(-c3cccs3)c2N=C2C(c3cccs3)=CC(c3cccs3)=[N+]21,CC#N,757.0
5700,Cc1ccc(Nc2ccc(Nc3ccc(C)cc3)c3c2C(=O)c2ccccc2C3=O)cc1,CC(C)=O,684.0
7760,N#Cc1ccc(N)c(C#N)c1,CC#N,367.0
11268,O=C(c1ccncc1)c1ccc(-n2c3ccccc3c3cc(-n4c5ccccc5c5ccccc54)ccc32)cc1,Cc1ccccc1,480.0
6431,F[B-]1(F)n2c(cc3c4ccccc4oc32)C(c2ccccc2)=C2C=c3c(oc4ccccc34)=[N+]21,C1CCCCC1,597.5
668,CN(/N=C1\N=C(N)C2(CCCC2)c2ccccc21)c1ccccc1,ClCCl,471.0
2608,c1ccc(-c2nc(-c3ccccc3)nc(-c3ccc(-n4c5ccccc5c5c6c(ccc54)C4(c5ccccc5-c5ccccc54)c4ccccc4-6)cc3)n2)cc1,Cc1ccccc1,444.0
3464,O=Cc1cc(O)c(C=O)cc1O,CCO,491.0
6292,[C-]#[N+]c1ccc(-c2ccc(N(C)C)cc2)cc1,CO,430.0
10054,CC1(C)CC(/C=C/c2ccc(N3CCOCCOCCOCCOCC3)cc2)=CC(=C(C#N)C#N)C1,c1ccccc1,596.0
3116,CC1(C)CC(/N=C/c2ccc3ccc4cccc5ccc2c3c45)CC(C)(C)N1,CO,405.0
8158,CC1(C)c2ccccc2-c2cc3c4ccccc4n(-c4ccc(-c5nc(-c6ccccc6)nc(-c6ccccc6)n5)cc4)c3cc21,CCCCCC,404.4728435
8281,CCOC(=O)c1sc(-c2ccc(-c3cc(-c4cccs4)c(C(=O)OCC)s3)s2)cc1-c1cccs1,ClCCl,455.0
2109,COC(=O)C(Cc1ccc2oc(-c3ccc(Nc4ccccc4)cc3)nc2c1)NC(=O)OC(C)(C)C,CCCCCCCCC,384.4970778
11308,N#Cc1ccc(-c2nc(-c3ccccc3)c3ccccn23)cc1,C1CCCCC1,444.0
9494,CN(C)c1ccc(/C=C/c2nc3c(ccc4ccccc43)s2)cc1,CC#N,524.0
10398,CC(C)(C)c1ccc(-c2nc3c4ccc(-c5cc6ccccc6c6ccccc56)cc4c4cc(-c5cc6ccccc6c6ccccc56)ccc4c3n2-c2ccc(C(C)(C)C)cc2)cc1,ClC=C(Cl)Cl,388.0
3418,COc1ccccc1-c1nc(-c2ccccc2)c2ccccn12,C1CCCCC1,477.0
8291,COc1ccc(/C=C/C2=CC(/C=C/c3ccc(OC)cc3)=[O+][B-](OC(C)=O)(OC(C)=O)O2)cc1,CC(C)=O,531.0
4833,CCCCNc1ccc(NCCCC)c2c1C(=O)c1ccccc1C2=O,CCCCO,671.0
6632,COc1ccc(-c2ccc3c(c2)c2cc(-c4ccc(OC)cc4)ccc2n3-c2ccc(C(=O)c3ccc4sc5ccccc5c4c3)cn2)cc1,Cc1ccccc1,479.2270531
1320,FC(F)(F)c1ccc(/C=C/c2nc(/C=C/c3ccc(N(c4ccccc4)c4ccccc4)cc3)cc(/C=C/c3ccc(N(c4ccccc4)c4ccccc4)cc3)n2)cc1,CS(C)=O,599.0
1236,CCN(CC)c1ccc2cc(-c3nc4ccccc4s3)c(=O)oc2c1,CC1CCCCC1,462.0
9928,CC(C)c1cccc(C(C)C)c1N1C(=O)c2cccc3c(Oc4ccc(Cl)cc4)ccc(c23)C1=O,ClCCl,423.0
970,COc1ccc(C(=O)NN2C3=C(CC4=C2CCCC4=O)C(=O)CCC3)cc1,ClCCl,439.0
9534,CNc1ncc2nc(C#N)n(Cc3ccccc3)c2n1,C1COCCO1,390.0
12117,Cc1ccc(/C2=c3\cc/c(o3)=C(\c3ccc(C)cc3)c3ccc([nH]3)-c3ccc4n3[B-](F)(F)[N+]3=C(C=CC3=C4c3ccco3)c3ccc2[nH]3)cc1,ClC(Cl)Cl,731.0
2554,CSc1cc(-c2cc3cc4c5c(c3oc2=O)CCCN5CCC4)oc(=O)c1C#N,ClC(Cl)Cl,570.0
8097,CC(C)(C)c1ccc2c(c1)c1cc(C(C)(C)C)ccc1n2-c1ccc(-n2c3ccc(C(C)(C)C)cc3c3cc(C(C)(C)C)ccc32)c(C(=O)c2ccncc2)c1,C1CCOC1,519.4852941
5945,COc1c2ccccc2c(OC)c2c1c1cc(F)ccc1n2C,CO,431.0
9419,Fc1nc(F)c(F)c(/C=C2/C(c3c(F)c(F)nc(F)c3F)=Cc3ccccc32)c1F,CC#N,395.0
5687,C[Si](C)(C)c1sc([Si](C)(C)C)c2c1sc1c3sc4c(sc5c4sc4c([Si](C)(C)C)sc([Si](C)(C)C)c45)c3sc12,ClC(Cl)Cl,442.0
8064,CC(C)(C)OC(=O)/C=C/C1=CC2=C(c3ccccc3)c3cccn3[B-](F)(F)[N+]2=C1,ClCCl,575.0
1373,CCCCCCCCC1(CCCCCCCC)c2cc(C#Cc3ccc(N(c4ccccc4)c4ccccc4)cc3)ccc2-c2ccc(C=O)cc21,CCCCCC,411.0
5817,c1ccc2cc(-n3cnc4ccccc43)ccc2c1,CCO,376.0
1250,COc1ccc(-c2nc(C(C)=O)c(C)o2)cc1,ClCCl,351.0
8825,C[Si](C)(C)c1cc2c(cc3ccc4cccc5ccc2c3c45)[nH]1,CCOC(C)=O,406.0
6105,O=c1[nH]c2ccccc2[nH]1,CCCCO,311.0032966
8802,N#Cc1ccc(-c2ccc(C3=CCC(c4ccccc4)CC3)s2)s1,c1ccncc1,452.0
3827,O=c1c2cc(F)c(N3CCOCC3)cc2oc2cc(N3CCOCC3)c(F)cc12,CCO,448.0
1402,O=C1Nc2ccccc2/C1=C/C(=O)c1ccc(Cl)cc1Cl,O,427.0
7764,CN(C)c1ccc(/C=C/c2ccc(-c3nnc(-c4ccc(-c5cc6ccccc6s5)cc4)o3)cc2)cc1,CCCO,399.0
10184,c1ccc(N2c3ccccc3Sc3cc(-c4cccc5nc6ccccc6cc45)ccc32)cc1,CC#N,504.0
6071,Cc1ccc(/C=N/c2cc(C(C)C)c(O)cc2C)cc1,CCO,417.0
895,CCCCCCOc1cc(/C=C/c2cc(OCCCCCC)c(/C=C/c3cc(OCCCCCC)c(C=C4C(=O)c5ccccc5C4=O)cc3OCCCCCC)cc2OCCCCCC)c(OCCCCCC)cc1C=C1C(=O)c2ccccc2C1=O,ClCCl,662.0
10992,CN(C)c1ccc(-c2nc3cnccc3[nH]2)cc1,C1CCOC1,380.0
7061,c1ccc(N(c2ccccc2)c2ccc(-c3cccc4nc5ccccc5cc34)cc2)cc1,CC(C)OC(C)C,496.0
11201,c1ccc(-c2nc(-c3ccccc3)nc(-c3ccc(-c4ccc(N5c6ccccc6[Si](c6ccccc6)(c6ccccc6)c6ccccc65)cc4)cc3)n2)cc1,c1cc(-n2c3ccccc3c3ccccc32)cc(-n2c3ccccc3c3ccccc32)c1,439.0
9488,CC1=[N+]2C(=C(c3c4ccccc4c(C)c4ccccc34)c3ccc(C)n3[B-]2(F)F)C=C1,CCCCCC,525.0
12145,N#Cc1c2nc3ccccn3c2nc2c1nc1ccccn12,C1CCCCC1,460.0
10741,COc1ccc(-n2nc(C#N)c(N3CCCCC3)n2)cc1,CC#N,415.0
1408,CCOC(=O)/C=C/c1ccc(N(C)C)cc1,CCCCCCCCO,424.0
7682,CC(C)(C)c1ccc(N2c3ccc(C(C)(C)C)cc3B3c4cc(C(C)(C)C)ccc4N(c4ccc(C(C)(C)C)cc4)c4cc(-n5c6ccc(C(C)(C)C)cc6c6cc(C(C)(C)C)ccc65)cc2c43)cc1,Cc1ccccc1,470.0
11389,CCN(CC)c1ccc2c(C)cc(=O)oc2c1,CO,462.0
1261,Cc1ccc2c(c1)C1(c3ccccc3-c3ccccc31)c1cc(C)ccc1N2c1ccc(-c2nc(-c3ccccc3)cc(-c3ccccc3)n2)cc1,O=P(c1ccccc1)(c1ccccc1)c1ccc2oc3ccc(P(=O)(c4ccccc4)c4ccccc4)cc3c2c1,464.0
1039,COC(=O)C(Cc1ccc2oc(-c3ccc(-n4c5ccccc5c5ccccc54)cc3)nc2c1)NC(=O)OC(C)(C)C,C1COCCO1,400.0
8947,CCN(CC)c1cc2ccc3cc(C#N)cc4ccc(c1)c2c34,C1CCOC1,473.0
10987,Oc1cc(-c2cccs2)ccc1-c1nc2ccccc2s1,ClCCl,515.0
6321,CCCCNc1ccc2c3c(cccc13)C(=O)N(c1ccc(OCc3cc(Oc4ccc5c6c(cccc46)C(=O)N(CCCC)C5=O)cc(Oc4ccc5c6c(cccc46)C(=O)N(CCCC)C5=O)c3)cc1)C2=O,CN(C)C=O,524.0
9820,CC(C)(C)c1ccc2c3c(c4ccc(C(C)(C)C)cc4c2c1)=[N+]1C(=C(c2ccccc2)c2cc4c5ccc(C(C)(C)C)cc5c5cc(C(C)(C)C)ccc5c4n2[B-]1(F)F)C=3,ClCCl,716.0
434,CCCCCCC(CCCCCC)N1C(=O)c2cccc3c(-c4ccc(N(C)C)cc4)ccc(c23)C1=O,CCCCCCCCCCCO,610.0
7017,CN(C)c1ccc(C2=Cc3ccc4ccccc4[n+]3[B-](F)(F)O2)cc1,CN(C)C=O,581.0
3272,CC[N+]1=C(/C=C/C=C/C=C/C=C2/N(CCCCCC(=O)O)c3ccc(S(=O)(=O)[O-])cc3C2(C)C)C(C)(C)c2cc(S(=O)(=O)[O-])ccc21,CO,773.0
8188,COc1ccc(-c2c3ccccc3c3n2[B-](F)(F)[N+]2=Cc4c5ccccc5c(-c5ccc(OC)cc5)n4[B-](F)(F)[N+]2=C3)cc1,Cc1ccccc1,616.0
2407,O=C(/C=C/c1ccc(O)c(O)c1)O[C@H](Cc1ccc(O)c(O)c1)C(=O)O,C1CCOC1,397.0
5481,N#Cc1ccc(-c2nc(-c3ccccc3)c(-c3ccccc3)[nH]2)cc1,CO,435.0
5303,C[Si]1(C)c2ccccc2-c2[se]c3cc4c5c([se]c4cc3c21)-c1ccccc1[Si]5(C)C,C1CCOC1,420.0
3710,CCCCCCC(CCCCCC)n1c(=O)c2c3ccc4cccc5c6cccc7ccc(c2c1=O)c(c76)c3c45,CCO,550.0
8583,CCCCn1c2ccccc2c2ccc3c4cc(-c5ccccc5)ccc4n(CCCC)c3c21,ClC(Cl)Cl,406.0
11838,CS(=O)(=O)Nc1ccc(-c2c3nc(c(-c4ccc(NS(C)(=O)=O)cc4)c4ccc([nH]4)c(-c4ccc(NS(C)(=O)=O)cc4)c4nc(c(-c5ccc(NS(C)(=O)=O)cc5)c5ccc2[nH]5)C=C4)C=C3)cc1,CN(C)C=O,655.0
12039,CN(C)c1ccc(/C=C2\CCCC2=O)cc1,CCCO,479.0
1732,Cc1cc(-c2ccc(-c3ccccc3)cc2)nc(-c2ccc(-n3c4ccccc4c4ccccc43)cc2)n1,Cc1ccccc1,386.0
1457,CCCN1/C(=C/C=C(/C=C/c2sc3ccccc3[n+]2CCC)c2ccc([N+](=O)[O-])cc2)Sc2ccccc21,CS(C)=O,673.0
12220,COc1ccc(C2=C3C=CC(C)=[N+]3[B-](F)(F)n3c(C)ccc32)cc1,CO,518.0
9036,Nc1ncnc2c1c(C#Cc1c3ccccc3cc3ccccc13)cn2[C@H]1C[C@H](O)[C@@H](CO)O1,CC#N,468.0
4301,Cc1ccc(/C2=C3/N=C(C(c4ccccc4)=C3c3ccccc3)/C(c3ccc(C)cc3)=c3\[nH]/c(c(-c4ccccc4)c3-c3ccccc3)=C(/c3ccc(C)cc3)C3=N/C(=C(/c4ccc(C)cc4)c4[nH]c2c(-c2ccccc2)c4-c2ccccc2)C(c2ccccc2)=C3c2ccccc2)cc1,ClCCl,768.0
5053,Cc1c2oc3c(C)c(N)cc(C(=O)NC4OC(=O)C(C(C)C)N(C)C(=O)CN(C)C(=O)C5CCCN5C(=O)C(C(C)C)NC4=O)c3nc-2c(C(=O)NC2OC(=O)C(C(C)C)N(C)C(=O)CN(C)C(=O)C3CCCN3C(=O)C(C(C)C)NC2=O)c(N)c1=O,CN(C)C=O,640.7832935
8075,O=c1cc(C(F)(F)F)c2cc3c4c(c2o1)CCCN4CCC3,CC#N,521.0
5766,Cc1nc(-c2ccccc2)c2ccccn12,ClCCl,485.0
8042,CCCCC(CC)CN1C(=O)c2cccc3c(C#Cc4ccc(N(c5ccc(C#Cc6ccc7c8c(cccc68)C(=O)N(CC(CC)CCCC)C7=O)cc5)c5ccc(C#Cc6ccc7c8c(cccc68)C(=O)N(CC(CC)CCCC)C7=O)cc5)cc4)ccc(c23)C1=O,Cc1ccccc1,516.0
5733,CN(C)c1ccc(/C=C2\CCCC2=O)cc1,ClC(Cl)Cl,469.0
6072,Cc1cc(O)c(C(=O)/C=C/c2cccc(O)c2)c(=O)o1,ClCCl,491.0
10391,Cc1cc(-c2ccc(-c3ccccc3)cc2)nc(-c2ccc(-n3c4ccccc4c4ccccc43)cc2)n1,ClC(Cl)Cl,416.0
5561,CC/[NH+]=c1\cc2oc3cc(NCCO)c4ccccc4c3nc-2cc1C,O,651.0
4600,COc1ccc(-n2c3ccccc3c3cc(C=C(C#N)C#N)ccc32)cc1,CS(C)=O,547.0
2270,COc1ccccc1C1=C2C(C)=CC(C)=[N+]2[B-](F)(F)n2c(C)cc(C)c21,CC(=O)C(C)(C)C,514.0
6848,CCC1=C(C)C(=O)n2c1cc1c(c(C)c(C(=O)OC)n1C)c2=O,C1CCCCC1,435.0
2342,c1ccc2c(c1)-c1ccccc1C21c2ccccc2-c2oc3c(c21)C1(c2ccccc2-c2ccccc21)c1ccccc1-3,C1CCOC1,393.0
10410,CN(C)c1cc(-c2ccc(C#Cc3ccccc3)cc2)cc2ccccc12,CC#N,500.887574
3522,CN(C)c1ccc2nc(-c3ccc(C(=O)OC(C)(C)C)cc3)sc2c1,C1CCCCC1,423.0
5611,O=C1/C(=C\c2ccc3oc4ccccc4c3c2)S(=O)(=O)c2ccccc21,Cc1ccccc1,430.0
850,COc1cc(S(=O)(=O)[O-])c2ccc3c(S(=O)(=O)[O-])cc(S(=O)(=O)[O-])c4ccc1c2c43,CO,413.0012803
9535,CCCCCCCC1=C(C)C(=O)n2c1cc1[nH]c(C(=O)OC)c(C)c1c2=O,CO,500.0
9783,O=CN1N=C(c2ccc(Br)cc2)C[C@@H]1c1ccccc1,Cc1ccccc1,349.0
11392,Cc1cc(C)c(B(c2c(C)cc(C)cc2C)c2cc3ccc4ccccc4c3c3c2ccc2ccccc23)c(C)c1,CC#N,449.0
9858,CC(C)(C)c1ccc2c(c1)c1cc(C(C)(C)C)ccc1n2-c1cccc(-c2nc(-c3cccc(P(=O)(c4ccccc4)c4ccccc4)c3)nc(-c3cccc(P(=O)(c4ccccc4)c4ccccc4)c3)n2)c1,ClC(Cl)Cl,512.5
107,Cc1cc2nc3cc(C)c(N)cc3[n+](-c3ccccc3)c2cc1N,CO,563.8
9682,C[P+]1(c2ccccc2)C2=C(c3ccccc31)S(=O)(=O)c1ccccc12,CCO,419.0
8747,Cc1ccc(C#Cc2ccc3ccc4cccc5ccc2c3c45)cc1,CCCCCC,387.0
5317,CN(C)c1ccc(/C=C/c2ccccn2)cc1,O,512.0
6407,O=C(O)c1ccccc1Nc1ccccc1,C1COCCO1,432.0
2054,c1ccc(-n2c(-c3ccc(-c4ccc(-c5ccc(-c6nc7c8ccccc8c8ccccc8c7n6-c6ccccc6)cc5)cc4)cc3)nc3ccccc32)cc1,ClCCl,432.0
5768,FC(F)(F)c1ccc(/C=C/c2ccc(-c3nnc(-c4ccc(-c5cc6ccccc6s5)cc4)o3)cc2)cc1,CCCO,391.0
11009,Cc1ccc([C@@H]2C[C@](O)(c3ccccn3)C[C@](O)(c3ccccn3)[C@H]2C(=O)c2ccc(N(c3ccccc3)c3ccccc3)cc2)cc1,CN(C)C=O,523.0
4653,CN(C)c1ccc(C#Cc2nc(-c3ccccc3)nc3ccccc23)cc1,C1CCCCC1,423.0
1078,CCCCNC(=O)c1sc(-c2ccc(-c3cc(-c4ccc(C(C)(C)C)cc4)c(C(=O)NCCCC)s3)s2)cc1-c1ccc(C(C)(C)C)cc1,ClCCl,448.0
3944,CCCC1(CCC)c2cc(-c3ccc(C(C)(C)C)cc3)ccc2-c2ccc(-c3ccc4c(c3)C(CCC)(CCC)c3cc(-c5ccc(C(C)(C)C)cc5)ccc3-4)cc21,C1CCCCC1,395.0
3070,CC1=C(C#Cc2ccc(N(c3ccccc3)c3ccccc3)cc2)C(C)=[N+]2C1=C(c1ccccc1)c1c(C)c(C#Cc3ccc(N(c4ccccc4)c4ccccc4)cc3)c(C)n1[B-]2(F)F,C1CCOC1,659.0
993,c1ccc(-c2nc3cc4c(cc3n2-c2ccccc2)nc(-c2ccccc2)n4-c2ccccc2)cc1,CC#N,397.0
3274,CCCCN1/C(=C\C=C\C=C\C2=[N+](CCCC)c3ccc4cc(Br)ccc4c3C2(C)C)C(C)(C)c2c1ccc1cc(Br)ccc21,CC#N,701.0
217,COc1ccc(/C=C/c2nc(/C=C/c3ccc(N(C)C)cc3)cc(/C=C/c3ccc(N(C)C)cc3)n2)cc1,Cc1ccccc1,480.0
5349,CC(C)(C)c1ccc2c(c1)c1cc(C(C)(C)C)ccc1n2-c1ccc(C#Cc2ccc(C=C(C#N)C#N)cc2)cc1,CC#N,490.0
9500,C=C(C)C(CN1C(=O)c2cccc3c2c(cc2nc(C)oc23)C1=O)OO,CCO,412.0
8151,COC(=O)c1[nH]c(-c2ccc(OC)cc2)c2nnc3ccc(OC)cc3c12,ClCCl,504.0
4655,CCCCCCC1(CCCCCC)c2ccccc2-c2ccc(-c3ccc4c(c3)S(=O)(=O)c3cc(-c5ccc6c(c5)C(CCCCCC)(CCCCCC)c5ccccc5-6)ccc3-4)cc21,Cc1ccccc1,412.0
3550,COc1ccc(C2=[N+]3C(=Nc4c5c6cc(OC)c(OC)c(OC)c6c6cc(C(C)(C)C)ccc6c5c(-c5ccc(OC)cc5)n4[B-]3(F)F)c3c2c2ccc(C(C)(C)C)cc2c2c(OC)c(OC)c(OC)cc32)cc1,Cc1ccccc1,771.0
1595,COc1cccc(C2=CC3=C(c4c(C)cc(C)cc4C)c4cc(-c5cccc(OC)c5)c(-c5cccc(OC)c5)n4[B-](F)(F)[N+]3=C2c2cccc(OC)c2)c1,Cc1ccccc1,636.0
510,c1ccc(-c2nc3c(-c4ccc(N(c5ccccc5)c5ccccc5)cc4)ccc(-c4ccc(N(c5ccccc5)c5ccccc5)cc4)c3nc2-c2ccccc2)cc1,C1CCOC1,566.0
700,COc1cc2c(cc1OC)C1=C3C(=O)N4C=Cc5cc(OC)c(OC)cc5C4=C3C(=O)N1C=C2,CN(C)C=O,602.0
5024,CN(C)CCNc1ccc([N+](=O)[O-])cc1[N+](=O)[O-],C1CCOC1,389.0
9230,CCCCCN(c1ccccc1)c1ccc2c(c1)C(CC)(CC)c1cc(/C=C/c3ccc(/C=C(\C#N)C(=O)O)s3)ccc1-2,C1COCCO1,618.0
1399,F[B-]1(F)n2c(cc3c4ccccc4c4ccccc4c32)-c2ccc3ccccc3[n+]21,ClCCl,585.0
7981,Cc1ccc(C)n1-c1ccccc1,CC#N,412.0
9479,COc1c2ccccc2c(OC)c2c1c1cc(C)ccc1n2C,CO,426.0
4483,COc1ccc2cc(C3=[N+]4C(=Nc5c(-c6ccccc6)cc(-c6ccc7cc(OC)ccc7c6)n5[B-]4(F)F)C(c4ccccc4)=C3Br)ccc2c1,ClC(Cl)Cl,728.0
573,c1ccc2nc3cccc(-c4ccc(-n5c6ccccc6c6ccccc65)cc4)c3cc2c1,CCCCOCCCC,442.0
8693,O=C(N/N=C/c1ccccc1O)c1cccc2ccccc12,ClCCl,393.0
39,CCCCn1c2ccccc2c2cc(C#Cc3ccc4ccc5cccc6ccc3c4c56)ccc21,ClCCl,450.0
4948,Nc1ccc(/C=C/c2ccc3ccccc3c2)cc1,CCCCCC,392.0
4393,O=C1c2ccccc2-c2ccc(N3CCN(c4ccccc4)CC3)c3cccc1c23,CN(C)C=O,602.0
11796,[C-]#[N+]c1ccc(-c2ccc(N(C)C)cc2)cc1,ClC(Cl)Cl,405.0
7092,COc1ccc(-c2csc(-c3ccncc3)n2)cc1,CC#N,560.0
2760,CN(C)c1ccc(/C=C/c2cnccn2)cc1,ClCCl,511.0
3668,CN(C)c1ccc(/C=C/c2cc(/C=C/c3ccc(N(C)C)cc3)nc(N)n2)cc1,ClC(Cl)Cl,511.0
10165,COc1ccc(C2=[N+]3C(=Nc4c(-c5cc(OC)c(OC)c(OC)c5)c(Br)c(-c5ccc(OC)cc5)n4[B-]3(F)F)C(c3cc(OC)c(OC)c(OC)c3)=C2Br)cc1,Cc1ccccc1,723.0
6482,C(=C/c1ccc(-c2nnc(-c3ccc(/C=C/c4ccc(-c5nc(-c6ccccc6)c(-c6ccccc6)[nH]5)cc4)cc3)o2)cc1)\c1ccc(-c2nc(-c3ccccc3)c(-c3ccccc3)[nH]2)cc1,C1CCOC1,492.0
2614,Oc1c(-c2nc3c4ccccc4c4ccccc4c3[nH]2)cc2c3c1CCCN3CCC2,CS(C)=O,491.0
11200,O=c1cc2cc(O)c3cccc4ccc(o1)c2c43,CC1CCCO1,472.0
6695,C[Si](C)(C)C#Cc1c2c(=O)c3ccccc3c2c(C#C[Si](C)(C)C)c2c(=O)c3ccccc3c12,ClC(Cl)Cl,571.0
12219,N#CC(C#N)=Cc1ccc(-c2ccc(O)c(-c3nc4ccccc4s3)c2)o1,ClCCl,612.0
8330,CCC1=C(C)C2=C(c3c(C)cc(C)nc3-c3cccs3)c3c(C)c(CC)c(C)n3[B-](F)(F)[N+]2=C1C,CCCCCC,550.0
4843,CCN(CC)c1ccc([N+]2=Cc3ccc4c5c(ccc4c3O[B-]2(c2c(F)c(F)c(F)c(F)c2F)c2c(F)c(F)c(F)c(F)c2F)C=[N+](c2ccc(N(CC)CC)cc2)[B-](c2c(F)c(F)c(F)c(F)c2F)(c2c(F)c(F)c(F)c(F)c2F)O5)cc1,ClCCl,683.0
1662,Cc1oc(-c2ccccc2)nc1C(=O)O,C1CCCCC1,309.0
346,CCOC(=O)C1=C(C)NC2=C(C(=O)c3ccccc32)C1c1ccc(N(C)C)cc1,CS(C)=O,548.0
6878,CC1(C)c2ccccc2N(c2ccc(-c3nnc(-c4ccccc4O)o3)cc2)c2ccccc21,CC#N,553.0
11884,COC(=O)C(NC(=O)OC(C)(C)C)c1ccc2oc(-c3cccc(Oc4ccccc4)c3)nc2c1,CC1CCCCC1,325.0
11883,Oc1ccccc1/C=N/N=C/c1ccccc1O,CC(C)CCCC(C)CCCC(C)CCCCC(C)CCCC(C)CCCC(C)C,583.090379
3434,CCOC(=O)/C=C/c1ccc(N(C)C)cc1,C1COCCO1,416.0
2150,CCN(CC)c1cc2ccc3cc(C#N)cc4ccc(c1)c2c34,CCCCCC,440.0
6786,c1ccc(-c2nc(-c3ccccc3)nc(-c3ccc(N4c5ccccc5CCc5ccccc54)cc3)n2)cc1,Cc1ccccc1,422.2222222
10803,c1ccc(Nc2nc(Nc3ccccc3)nc(Nc3ccc4ccc5cccc6ccc3c4c56)n2)cc1,CO,395.0
251,N#CC(C#N)=Cc1ccc(-c2ccc(-c3nc4ccccc4s3)c(O)c2)o1,ClCCl,502.0
2754,CCCN1/C(=C/C=C(/C=C/C2=[N+](CCC)c3ccccc3C2(C)C)c2cc[n+](C)cc2)C(C)(C)c2ccccc21,CS(C)=O,657.0
3429,COc1cc(OC)cc(C2=[O+][B-](F)(F)OC(c3cccs3)=C2)c1,Cc1ccccc1,502.2456576
1512,COc1cc2c(cc1C=C(C#N)C#N)c1ccccc1n2C,Cc1ccccc1,457.0
11473,Brc1ccc(-c2nc(-c3ccc(C#Cc4ccc(-n5c6ccccc6c6ccccc65)cc4)cc3)nc(-c3ccc(C#Cc4ccc(-n5c6ccccc6c6ccccc65)cc4)cc3)n2)cc1,CCCCCC,411.0
12038,C(=C/c1ccc(/C=C/c2ccc(N(c3ccccc3)c3ccccc3)cc2)c2nsnc12)\c1ccc(N(c2ccccc2)c2ccccc2)cc1,ClC(Cl)Cl,651.0
6137,COC(=O)C(Cc1ccc2oc(-c3ccc(N(C)C)cc3)nc2c1)NC(=O)OC(C)(C)C,CC1CCCO1,384.4970778
10955,CCC1=C(C)C(=O)n2c1cc1c(CCC(=O)O)c(C)c(C)n1c2=O,CS(C)=O,510.0
11026,CSc1cc(-c2cc3cc4c5c(c3oc2=O)CCCN5CCC4)oc(=O)c1C#N,CC#N,603.0
10815,Fc1c(F)c(F)c2c(c1F)C1=Nc3c4c(F)c(F)c(F)c(F)c4c4n3[B-]3(Cl)n5c(c6c(F)c(F)c(F)c(F)c6c5=N4)=NC2=[N+]13,CC#N,586.0
8729,Cc1ccc(-c2c3nc(c(-c4ccc(C)cc4)c4ccc([nH]4)c(-c4ccc(OC(=O)C(C)c5ccccc5)cc4)c4nc(c(-c5ccc(C)cc5)c5ccc2[nH]5)C=C4)C=C3)cc1,ClCCl,653.0
6661,CC1=CC(C)=[N+]2C1=C(c1ccc(N(C)C)cc1)c1c(C)cc(C)n1[B-]2(F)F,CC#N,508.0
11680,CC(C)(C)c1ccc2c(c1)c1cc(C(C)(C)C)ccc1n2-c1ccc(-c2nc(-c3ccc(P(=O)(c4ccccc4)c4ccccc4)cc3)nc(-c3ccc(P(=O)(c4ccccc4)c4ccccc4)cc3)n2)cc1,C1CCOC1,508.1902246
8069,CN(C)c1ccc(/C=C2/N=C(c3ccccc3)OC2=O)cc1,ClC(Cl)Cl,518.0
6245,CCN(CC)c1ccc2c(c1)OC1=C(/C=C/C3=[N+](C)c4ccccc4C3(C)C)CCCC1=C2c1ccccc1C(=O)O,CC#N,738.0
7013,O=C1c2ccccc2S(=O)(=O)c2ccc(-n3c4ccccc4c4ccccc43)cc21,ClCCl,609.5
7886,c1cc2ccc3ccc(-n4c5ccccc5c5ccccc54)c4ccc(c1)c2c34,ClCCl,399.0
5914,CCCCCCOc1cc(N(CC)CC)ccc1/C=C/C(=C(C#N)C#N)c1ccc(N(c2ccccc2)c2ccccc2)cc1,ClCCl,595.0
5503,COC(=O)C(Cc1ccc2oc(-c3ccc4c(c3)c3ccccc3n4-c3ccccc3)nc2c1)NC(=O)OC(C)(C)C,CC(O)CO,396.4949843
811,Nc1ccc2c(-c3ccccc3C(=O)[O-])c3ccc(=[NH2+])cc-3oc2c1,CCO,525.0
9115,Brc1cnc(-c2ccncc2)s1,CO,396.0
11809,COc1ccc(-c2nc3c(c4c2-c2ccccc2CC4)-c2ccccc2CC3)cc1,CCCCCC,408.0
7964,c1ccc(-c2nn(-c3ccccc3)c3nc4ccc(-n5c6ccccc6c6ccccc65)cc4cc23)cc1,CCCCCl,468.3840749
1142,CCCCn1c2ccc(C#N)cc2c2cc(C#N)cc(-c3ccc(N(c4ccccc4)c4ccccc4)cc3)c21,CN(C)C=O,472.0
9677,COc1ccc(C#Cc2ccc(C#N)cc2)cc1,ClC(Cl)Cl,374.0
10602,CN(C)CCCN1c2ccccc2CCc2ccc(Cl)cc21,CO,353.0
4381,COc1cc2[nH]c3c(c2cc1OC)CCCC3=O,CS(C)=O,413.9920424
7637,CC1=C2C3=C(CCc4ccccc43)C(C)=[N+]2[B-](F)(F)n2c(C)c3c(c21)-c1ccccc1CC3,CC#N,599.0
8457,CN(CCO)c1ccc(/C=C/C2=C(C#N)C(C(C#N)C#N)OC2(C)C)cc1,CC#N,646.0
812,CCOC(=O)c1c(-c2cc3ccccc3oc2=O)nn(-c2ccc(Br)cc2)c1C(=O)OCC,ClCCl,400.0
8870,F[B-]1(F)n2c(Nc3cccc4cccnc34)ccc2C(c2ccccc2)=C2C=CC(Cl)=[N+]21,ClC(Cl)Cl,583.0
177,CC(=O)c1ccc2ccc3cccc4ccc1c2c34,CN(C)C=O,392.0
10330,O=Cc1ccc(-c2ccc(C3=CCCCC3)s2)s1,CCCCCC,444.0
5272,N#C[Se]CCCCCOc1ccc2ccc(=O)oc2c1,CCO,386.0
4707,CCOC(=O)c1cc(C(=O)OCC)c2ccc(N(C)C)cc2n1,CCO,541.0
10780,Cc1c2ccncc2c(C)c2c1[nH]c1ccccc12,CCO,429.0
1570,COc1ccc2c(=O)c3c([nH]c2c1)-c1ccccc1NC3(C)C,CO,526.0
8478,COc1ccc2c3c(c4ccc(OC)cc4c2c1)=[N+]1C(=C(c2c(C)cc(C)cc2C)c2cc4c5ccc(OC)cc5c5cc(OC)ccc5c4n2[B-]1(F)F)C=3,CC#N,712.0
6779,C#CCn1c2ccccc2c2cc(/C=C/c3cc(C)c4n3[B-](F)(F)[N+]3=C(C)C=C(C)C3=C4c3ccc(I)cc3)ccc21,CC#N,605.0
8749,CN(C)c1ccc(/C=C/c2ccc(C#N)cc2)cc1,CCCC#N,522.0
11282,O=C1c2ccccc2-c2ccc(N3CCN(c4ccccc4)CC3)c3cccc1c23,C1CCOC1,583.0
10771,CCCCC(CC)Cn1c2ccc(C(=C(C#N)C#N)c3ccccc3)cc2c2c(-c3ccc(Br)cc3)c3c(c(-c4ccc(Br)cc4)c21)c1cc(C(=C(C#N)C#N)c2ccccc2)ccc1n3CC(CC)CCCC,CC#N,536.0
1427,CN1C(=CC2=C([O-])C(=CC3=[N+](C)c4ccccc4C3(C)C)C2=C(C#N)C#N)C(C)(C)c2ccccc21,ClC(Cl)Cl,700.0
8413,COc1ccc(-c2cc3c(ccc(=O)n3C)s2)cc1,CC#N,424.0
1369,COc1ccc(-c2ccc(C(=O)NC(C)(C)C)c3c2ccc2c4ccccc4c4ccccc4c23)cc1,ClCCl,420.0
4040,C[Si](C)(C)[Si](c1cc2sc3cc([Si]([Si](C)(C)C)([Si](C)(C)C)[Si](C)(C)C)sc3c2s1)([Si](C)(C)C)[Si](C)(C)C,ClCCl,381.0
8180,COC(=O)C(Cc1ccc2oc(-c3ccc4c(c3)c3ccccc3n4-c3ccccc3)nc2c1)NC(=O)OC(C)(C)C,CC#N,382.0001528
457,CCOC(=O)CC[N+]1=c2cc3c(cc2CCC1)=Cc1c(c2ccc(N(C)C)cc2oc1=O)O3,CO,641.0
10711,CN(C)c1ccc(N(C)C)cc1,C1CCCCC1,394.4773176
1434,Nc1cc(N)cc(-c2nc3ccccc3s2)c1,CO,519.0
11351,Cc1ccc2oc(-c3cc4cc(C)ccc4oc3=O)cc2c1,CCOC(C)=O,436.0
8934,CN(C)c1ccc(/C=C/C=C/c2nc3ccccc3o2)cc1,CCO,531.0
9811,CN(C)c1ccc(/C=C/C=C2\CC/C(=C\C=C\c3ccc(N(C)C)cc3)C2=O)cc1,CCCCCC,496.0
12060,O=C(c1ccc(N(c2ccccc2)c2ccccc2)cc1)[C@H]1[C@H](c2ccc(F)cc2)C[C@](O)(c2ccccn2)C[C@]1(O)c1ccccn1,C1CCOC1,502.0
4043,COc1ccc(/C=C/c2ccc3ncnc(Nc4ccccc4)c3c2)cc1,ClC(Cl)Cl,440.0
11171,CCN(CC)c1ccc(-c2nc3c4ccc(-c5ccccc5)cc4c4cc(-c5ccccc5)ccc4c3[nH]2)c(O)c1,CS(C)=O,459.0
1971,N#Cc1ccc(N)c(C#N)c1,CCCCCCC,350.0
1421,CC1=CC(C)=[N+]2C1=C(c1ccc(I)cc1)c1c(C)cc(C)n1[B-]2(O)O,ClC(Cl)Cl,522.2403947
11847,COc1cc(N(c2ccccc2)c2ccccc2)ccc1C=C(C#N)C#N,ClCCl,590.0
1022,O=c1c2cc(F)c(N3CCCCC3)cc2oc2cc(N3CCCCC3)c(F)cc12,CCO,457.0
4828,CN(C)c1ccc(/C=C2\CC/C(=C\c3ccc(N(C)C)cc3)C2=O)cc1,CC#N,587.0
5910,COc1nc(Nc2cc3ccc4cccc5ccc(c2)c3c45)nc(OC)n1,CC#N,393.0
9332,F[B-]1(F)n2c(ccc2N2CCOCC2)C(c2ccccc2)=C2C=CC(N3CCOCC3)=[N+]21,ClCCl,598.0
2798,Nc1ccccc1C(=O)O,CC#N,397.0
10170,COc1ccc(/C=C/C2=CC(/C=C/c3ccc(OC)c(OC)c3)=[O+][B-](F)(F)O2)cc1OC,ClC(Cl)Cl,555.07
3776,O=C1OCC2=C1C(c1ccccc1)c1cc3c(cc1N2CCO)CCC3,CCCCCCC,389.0
4993,O=c1[nH]c(=O)n([C@@H]2O[C@H](CO)[C@@H](O)[C@H]2O)c2ccsc12,CC#N,344.0
2088,COC(=O)C(Cc1ccc2oc(-c3ccc(N(c4ccccc4)c4ccccc4)cc3)nc2c1)NC(=O)OC(C)(C)C,ClC(Cl)Cl,445.0002003
9225,CC[n+]1c(-c2ccccc2)c2cc(-n3cccc3)ccc2c2ccc(-n3cccc3)cc21,O,502.0
7416,CC(C)c1ccc2ccc3c(C(C)C)ccc4ccc1c2c43,CO,380.0
7505,CN1C(=O)/C(=C/c2ccncc2)N=C1c1ccccc1,C1COCCO1,471.0
5629,CCC(=O)c1ccc2cc(N(C)C)ccc2c1,ClC(Cl)Cl,439.0
2238,CC1=[N+]2C(=C(c3ccccc3)c3ccc(C)n3[B-]2(F)F)C=C1,CCOC(C)=O,522.0
1470,FC(F)(F)C(F)(F)C(F)(F)C1=NC2=C(Br)C=C3c4cc(Br)c5nc(C(F)(F)C(F)(F)C(F)(F)F)nc6c(Br)cc(c4c56)=C4C=C(Br)C(=N1)C2C34,C1CCOC1,486.0
9573,c1ccc(-n2c(-c3cccc4ccccc34)nc3c4ccccc4c4ccccc4c32)cc1,CCCCCC,384.0
5152,CN(C)c1ccc(/C=C/c2cc(/C=C/c3ccc(N(C)C)cc3)nc(/C=C/c3ccc(C(F)(F)F)cc3)n2)cc1,C1CCOC1,533.0
11947,O=c1ccc2cc3c(cc2o1)OCC3,CCO,402.0
6390,CCCCCCN1C(=O)c2cccc3c(-c4ccc(-c5ccc(-c6ccc7c8c(cccc68)C(=O)N(CCCCCC)C7=O)s5)s4)ccc(c23)C1=O,ClC(Cl)Cl,542.0
2611,CC(=O)O[B-]1(OC(C)=O)OC(/C=C/c2ccccc2)=CC(/C=C/c2ccccc2)=[O+]1,ClC(Cl)Cl,472.0
10088,CC1=C(c2ccccc2)C(C)=[N+]2C1=C(c1c(-c3ccccn3)nc3ccccn13)c1c(C)c(-c3ccccc3)c(C)n1[B-]2(F)F,ClCCl,585.0
1275,Oc1ccc2ccc3cccc4ccc1c2c34,CN(C)C=O,390.0460254
6604,O=S(=O)(c1ccc(-c2ccc(-n3c4ccccc4c4ccccc43)cc2)cc1)c1ccc(-c2ccc(-n3c4ccccc4c4ccccc43)cc2)cc1,Cc1ccccc1,399.0
2791,CCCN1/C(=C/C=C(/C=C/c2sc3ccccc3[n+]2CCC)c2ccc([N+](=O)[O-])cc2)C(C)(C)c2ccccc21,CO,659.0
333,CCOC(=O)COc1ccc(C(c2c(C)[nH]c3ccccc23)c2c(C)[nH]c3ccccc23)cc1,C1CCCCC1,327.0
5044,CN(C)c1ccc(/C=C2\CC/C(=C\c3ccc(N(C)C)cc3)C2=O)cc1,C1CCOC1,529.0
3523,CCCN1C(=O)C(=CC=CC=C2Oc3ccccc3N2CCCS(=O)(=O)[O-])C(=O)N(CCC)C1=S,C1COCCO1,584.0
7720,c1ccc(-n2c(-c3cccc4ccccc34)nc3c4ccccc4c4ccccc4c32)cc1,CS(C)=O,423.0
8057,Cc1nc2c(ccc3ccccc32)oc1=O,c1ccccc1,424.0
1516,Cc1ccccc1/C(C#N)=C/c1ccc(N(C)C)cc1,ClC(Cl)Cl,481.0
303,O=C1OC(=O)c2ccc(N(c3ccccc3)c3ccc4ccccc4c3)c3cccc1c23,ClCCl,638.0
11919,CC(C)(C)c1ccc(-c2nc3c4ccc(-c5c6ccccc6cc6ccccc56)cc4c4cc(-c5c6ccccc6cc6ccccc56)ccc4c3n2-c2ccc(C(C)(C)C)cc2)cc1,C1COCCO1,429.0
4291,Cc1c2ccncc2c(C)c2c1[nH]c1ccccc12,CCOCC,405.0
9377,COc1c2ccccc2c(OC)c2c1c1c(C)ccc(OC)c1n2C,ClCCl,443.0
10655,CCCCN(CCCC)c1ccc(/C=C/c2ccc3nc(/C=C/c4nc5ccc(/C=C/c6ccc(N(CCCC)CCCC)cc6)cc5n(CCC)c4=O)c(=O)n(CCC)c3c2)cc1,ClCCl,736.0
5499,Nc1ccc(-c2ccc(N)cc2)cc1,CO,397.0
10999,CCCCn1c2ccccc2c2ccc3c4cc(-c5cccc(F)c5)ccc4n(CCCC)c3c21,ClC(Cl)Cl,398.0
210,O=c1c2cc(Br)ccc2nc2n1[B-](F)(F)[n+]1ccccc1-2,CC#N,440.0
8708,CN(C)c1ccc2nc(-c3ccc(C(=O)OC[C@H](NC(=O)OC(C)(C)C)C(=O)OCc4ccccc4)cc3)sc2c1,c1ccccc1,484.0
4436,c1ccc(-c2nc(-c3ccc(-c4ccc(N(c5ccccc5)c5ccccc5)cc4)cn3)oc2-c2ccccc2)cc1,CC(C)=O,495.0
9546,CCCCn1c(-c2ccc(-c3nnc(-c4ccccc4)o3)cc2)nc(-c2ccccc2)c1-c1ccccc1,ClCCl,441.0
651,Clc1ccc(/C=C/c2ccc(-c3nc4c5cccnc5c5ncccc5c4[nH]3)cc2)cc1,ClCCl,467.0
11226,O=[N+]([O-])c1ccc(/C=C/C=C/c2ccccc2)cc1,C1COCCO1,495.0
8121,COC1=[N+]2C(=C(c3ccccc3)c3ccc(OC)n3[B-]2(F)F)C=C1,CCOC(C)=O,628.0
10364,COc1ccc(C2=[N+]3C(=C(c4ccc(C#N)cc4)c4cc(-c5cccs5)c(-c5ccc(OC)cc5)n4[B-]3(F)F)C=C2c2cccs2)cc1,CC#N,706.0
8301,COC1=C/C(=C\C=C2C=CN(Cc3ccc(Br)cc3)C=C2)C=CC1=O,CC(C)O,641.0
2348,CC1(C)c2ccccc2N(c2ccc(-c3nnc(-c4ccccc4O)o3)cc2)c2ccccc21,C1COCCO1,479.0
2589,COc1ccc(N(c2ccc(OC)cc2)c2ccc3c4cccc5c(N(c6ccc(OC)cc6)c6ccc(OC)cc6)ccc(c6cccc2c63)c54)cc1,C1CCOC1,583.0
3265,O=C1OC(c2ccccc2)=N/C1=C\c1ccc(N(c2ccc(/C=C3\N=C(c4ccccc4)OC3=O)cc2)c2ccc(/C=C3/N=C(c4ccccc4)OC3=O)cc2)cc1,CCCCCC,506.0
9267,Cc1nn(-c2ccccc2)c(C2=NN(c3ccc(Br)cc3)[C@@H](c3ccccc3)[C@@H]2c2ccccc2)c1C#N,CCO,493.0
7844,CC1=CC(C)=[N+]2C1=C(c1c3ccccc3c(C)c3ccccc13)c1c(C)cc(C)n1[B-]2(F)F,CN(C)C=O,519.0
9842,CCOC(=O)c1c2c3c(cccc3c3cc4ccccc4cc13)N(C)C2=O,CC#N,413.0
11560,CC1(C)CC(/N=C/c2ccc3ccc4cccc5ccc2c3c45)CC(C)(C)N1,ClC(Cl)Cl,393.0
9585,O=S(=O)(c1ccccc1)c1ccc(-c2ccc3c(c2)c2cc(-c4ccc(S(=O)(=O)c5ccccc5)cc4)ccc2n3-c2ccccc2)cc1,CN(C)C=O,431.0
7765,CC(C)(C)c1ccc2c(c1)sc1[n+]2[B-](F)(F)n2c(c3cccc4c(Br)ccc2c43)=C1C#N,ClCCl,560.0
5465,CN(C)c1ccc2c3c(ccc2c1)CCCC3=O,C1CCCCC1,449.0
1791,CC[n+]1c(-c2ccccc2)c2cc(NC(N)=[NH2+])ccc2c2ccc(NC(N)=[NH2+])cc21,O,500.0
10487,Cc1ccccc1C1=C2C=c3c(oc4c3ccc3ccccc34)=[N+]2[B-](F)(F)n2c1cc1c3ccc4ccccc4c3oc12,CCOC(C)=O,626.5
4541,COCCOCCOCCOCCOc1ccc(OCCOCCOCCOCCOC)c(C=O)c1,CNC=O,458.0
10481,COc1cc2cc(OC)c(-c3ccc([N+](=O)[O-])cc3)cc2cc1-c1ccc([N+](=O)[O-])cc1,ClCCl,578.0
8229,CNc1ncc2nc(C#N)n(Cc3ccccc3)c2n1,CO,417.0
2267,N#C/C=C/c1ccc2ccc3cccc4ccc1c2c34,CC#N,440.5
3844,Fc1ccc(-c2cc3c4c(c2)CCc2cc(-c5ccc(F)cc5)cc(c2-4)CC3)cc1,CO,375.0978474
6605,Cc1ccccc1C1=C2C=c3c(oc4c3ccc3ccccc34)=[N+]2[B-](F)(F)n2c1cc1c3ccc4ccccc4c3oc12,CO,625.0
6518,CCN1c2ccc(-c3cc(C(F)(F)F)[nH]n3)cc2Sc2cc(-c3cc(C(F)(F)F)[nH]n3)ccc21,CC#N,469.0
10021,c1ccc2c(-c3cc(-c4nccs4)nc(-c4nccs4)c3)cccc2c1,ClC(Cl)Cl,377.0
6750,COc1ccc(-c2ccccc2)cc1,C1CCCCC1,344.589938
1432,Cc1ccc(-c2cc(-c3ccccc3)c(C#N)c(=S)[nH]2)cc1,CCCO,490.0
8138,c1ccc2c(c1)cc(-c1cc(-c3nccs3)nc(-c3nccs3)c1)c1ccccc12,CO,431.0
8302,CCN(CC)c1ccc2cc(/C=C/C(=O)/C=C(O)/C=C/c3cc4ccc(N(CC)CC)cc4oc3=O)c(=O)oc2c1,ClC(Cl)Cl,581.0
2534,C(=C/c1cccc2ccccc12)\c1ccc(-c2nnc(-c3ccc(-c4cc5ccccc5s4)cc3)o2)cc1,CC(C)=O,437.0
1786,Cc1ccc(C(=O)/C=C/c2ccc(N(C)C)cc2)cc1,Cc1ccccc1,477.0
1844,F[B-]1(F)n2c(Cl)ccc2C(c2c(Cl)cccc2Cl)=C2C=CC(NCc3ccccc3)=[N+]21,CC#N,532.0
8242,c1ccc(-[n+]2c3ccc4cccc5c6cccc7c8cccc9ccc2c(c98)c(c67)c3c45)cc1,ClCCl,531.0
11587,CC(C)c1cc(C(C)C)c(B2c3cc(-n4c5ccc(C(C)(C)C)cc5c5cc(C(C)(C)C)ccc54)ccc3N(c3ccccc3)c3ccc(-n4c5ccc(C(C)(C)C)cc5c5cc(C(C)(C)C)ccc54)cc32)c(C(C)C)c1,C1CCOC1,453.0612245
9245,Cc1ccc2c(c1)c1cc(C)ccc1n2-c1cccc(-n2c3ccc(C)cc3c3cc(C)ccc32)c1C#N,Cc1ccccc1,417.0
10920,COc1ccc(C2=[N+]3C(=C(c4ccc(C(=O)OCc5ccccc5)cc4)c4cc(Cl)c(-c5ccc(OC)cc5)n4[B-]3(F)F)C=C2Cl)cc1,C1CCOC1,637.0
398,CC1(C)CC(/C=C/c2ccc(-n3ccnc3)cc2)=CC(=C(C#N)C#N)C1,c1ccccc1,511.0
10236,CC(=O)Nc1cccc2c1C#Cc1c(cccc1C(=O)N(C)C)OCCCO2,CC#N,394.0
5210,CCOC(=O)C1=C(C)NC2=C(C(=O)c3ccccc32)C1c1ccc(N(C)C)cc1,CC#N,542.0
908,Cc1cc(-c2nc(-c3ccccc3)nc(-c3ccccc3)n2)cc(C)c1N1c2ccccc2CCc2ccccc21,Cc1ccccc1,475.7936508
321,CCn1c2sccc2c2c3nsnc3c3c4ccsc4n(CC)c3c21,CN(C)C=O,552.0
9993,CCCCCCCCCCCCN1C(=O)c2c(c3ccc4cc(-c5ccc(Cl)cc5)c(OC)cc4c3c3c2ccc2cc(-c4ccc(Cl)cc4)c(OC)cc23)C1=O,ClCCl,526.0
10902,Oc1cc2c(cc1-c1nc3c4ccccc4c4ccccc4c3[nH]1)c1ccccc1n2-c1ccccc1,C1CCOC1,504.0
2714,CN(C)c1ccc(/C=C/c2cc[n+](CCCCC[n+]3ccc(/C=C/c4ccc(N(C)C)cc4)cc3)cc2)cc1,O,597.0006686
2522,C=CB1C=Cc2ccc3ccccc3c2N1,C1CCCCC1,387.0
592,CC(C)(C)c1ccc(-c2nc3c4ccccc4c4ccccc4c3n2-c2ccc(-c3ccc(N(c4ccccc4)c4ccccc4)cc3)cc2)cc1,ClCCl,426.0
9102,C/C(=C\c1ccc(C)cc1)c1nc2ccccc2o1,CO,380.0
2144,CCN(CC)c1cccc2c1ccc1c(=O)oc(-c3ccc(C(F)(F)F)cc3)cc12,CCCO,587.0
12188,COc1ccc(C2=[N+]3C(=C(c4ccc(C#N)cc4)c4cc(-c5ccc(C#N)cc5)c(-c5ccc(OC)cc5)n4[B-]3(F)F)C=C2c2ccc(C#N)cc2)cc1,Cc1ccccc1,677.0
12140,O=S(=O)(c1cccc(N2c3ccccc3Oc3ccccc32)c1)c1cccc(N2c3ccccc3Oc3ccccc32)c1,ClC(Cl)Cl,572.0
9403,CC(C)(C)NC1=CC2=c3cc(NC(C)(C)C)c4nc(C(F)(F)C(F)(F)C(F)(F)F)nc5c(NC(C)(C)C)cc(c3c54)C3=CC(NC(C)(C)C)=C4N=C(C(F)(F)C(F)(F)C(F)(F)F)N=C1C4C32,C1CCOC1,666.0
12109,CCN1C(=CC=Cc2n(CC)c3cc(Cl)c(Cl)cc3[n+]2CC)N(CC)c2cc(Cl)c(Cl)cc21,CCCCCCO,535.0
7831,CC(C)(C)c1ccc(-c2sc3c(-c4ccc(C(C)(C)C)cc4)c4n(c3c2-c2ccc(C(C)(C)C)cc2)[B-](F)(F)[N+]2=Cc3c(-c5ccc(C(C)(C)C)cc5)c5sc(-c6ccc(C(C)(C)C)cc6)c(-c6ccc(C(C)(C)C)cc6)c5n3[B-](F)(F)[N+]2=C4)cc1,CCCCCC,626.0
9468,CCCCCCC(CCCCCC)N1C(=O)c2cccc3c(-c4ccc(N(C)C)cc4)ccc(c23)C1=O,CCCCCCCCCCCCCC,469.8
11668,Cc1ccc(-c2cc(-c3ccccc3)c(C#N)c(=S)[nH]2)cc1,CCOC(C)=O,522.0
764,Cc1ccc2c(CC(=O)NN)coc2c1,ClCCl,399.0
4295,O=c1cc(COc2ccc(I)cc2)c2c(ccc3ccccc32)o1,CCCO,419.0
11970,CN(C)c1ccccc1,C1CCCCC1,339.9048266
2464,c1cc2ccc3ccc(-c4ccc(-c5nnc(-c6ccc(-c7nnc(-c8ccc(-c9ccc%10ccc%11cccc%12ccc9c%10c%11%12)s8)o7)cc6)o5)s4)c4ccc(c1)c2c34,CCO,393.0
2216,CN(C)CCN(Cc1c2ccccc2cc2ccccc12)c1ccc([N+](=O)[O-])cc1,C1CCCCC1,411.0
10911,Fc1c(F)c(F)c2c(c1F)C1=Nc3c4c(F)c(F)c(F)c(F)c4c4n3[B-]3(Cl)n5c(c6c(F)c(F)c(F)c(F)c6c5=N4)=NC2=[N+]13,c1ccncc1,588.0
8504,CCN(CC)c1ccc(/C=N/Nc2ccc(C#N)cc2)c(O)c1,CO,430.0
1839,Cc1ccc(C2=C3C=c4c(oc5ccccc45)=[N+]3[B-](F)(F)n3c2cc2c4ccccc4oc23)cc1,Cc1ccccc1,603.0
4614,COC(=O)C(Cc1ccc2oc(-c3ccc(N(C)c4ccccc4)cc3)nc2c1)NC(=O)OC(C)(C)C,NC=O,429.99656
4129,N#Cc1ccc(N(c2ccc(C#N)cc2)c2ccc3c4cccc5c(N(c6ccc(C#N)cc6)c6ccc(C#N)cc6)ccc(c6cccc2c63)c54)cc1,C1CCOC1,531.0
11843,CC(=O)c1ccc2ccc3c(NCCC(=O)NCCCCCCc4nc5c(=O)[nH]c(N)nc5n4[C@H]4C[C@H](O)[C@@H](CO)O4)ccc4ccc1c2c43,CO,565.0
10125,CCN(CC)c1ccc(/C=N/c2ccccc2/N=C/c2ccc(N(CC)CC)cc2O)c(O)c1,ClCCl,535.0
12201,COc1ccc2cc(-c3ccc(C)cc3)c(=O)oc2c1,CS(C)=O,431.0
7318,C(/C=C/c1cc2c3c(c1)CCCN3CCC2)=C\c1ccncc1,C1COCCO1,518.0
8891,N#Cc1nc(N(Cc2ccccc2I)Cc2ccccc2I)c(C#N)nc1N(Cc1ccccc1I)Cc1ccccc1I,ClC(Cl)Cl,567.0
1157,CCCC1=Cc2nc1ccc1[nH]c(cc1CCC)c1nc(c(NC(C)=O)cc3[nH]c2cc3CCC)C(CCC)=C1,Cc1ccccc1,679.0
10197,Cc1ccc(C2=Cc3c4ccccc4cc[n+]3[B-](F)(F)O2)cc1,ClC(Cl)Cl,471.0
4845,CC(C)(C)c1cc(-c2ccc3c(-c4cc(C(C)(C)C)cc(C(C)(C)C)c4)cc4c5cc(-c6cc(C(C)(C)C)cc(C(C)(C)C)c6)ccc5c(-c5cc(C(C)(C)C)cc(C(C)(C)C)c5)cc4c3c2)cc(C(C)(C)C)c1,ClCCl,401.0
9326,O=C1c2ccccc2-c2c(-c3cccc(Cl)c3O)[nH]c(=O)n21,CC#N,476.0
6232,CN(C)c1ccc(/C=C/C=C/c2nc3ccccc3o2)cc1,ClC(Cl)(Cl)Cl,491.0
11524,N#Cc1c(-c2cccs2)cc(-c2cccs2)[nH]c1=O,CO,452.0
3254,CCCCCCCCCCCCOc1ccc(C#CC(C#Cc2ccc(OCCCCCCCCCCCC)cc2)=Cc2ccc(C=C(C#Cc3ccc(OCCCCCCCCCCCC)cc3)C#Cc3ccc(OCCCCCCCCCCCC)cc3)cc2)cc1,CCOC(C)=O,485.0
10296,N#CC(C#N)=C(c1ccc(N(c2ccccc2)c2ccccc2)cc1)c1ccc(N(c2ccccc2)c2ccccc2)cc1,C1CCCCC1,413.304721
8337,CCCC(=O)c1c2c(c(C(=O)CCC)c3c1OC(CC(=O)OC)(C(=O)O)O3)OCO2,CC#N,542.0
2519,CN1C(=CC2=C([S-])C(=Cc3sc4ccccc4[n+]3C)C2=O)C(C)(C)c2ccccc21,ClC(Cl)Cl,676.0
7320,COc1ccc(-c2cc(-c3ccc(C(F)(F)F)cc3)nn2C)cc1,ClCCl,367.0
6101,COc1ccc(C(=O)/C=C2\C(=O)Nc3ccccc32)c(OC)c1,C1COCCO1,424.0
1414,CC1=N/C(=C\c2ccccc2N(C)C)C(=O)N1C,C1CCOC1,519.0
8396,CN(C)c1ccc(/C=C/c2nc(/C=C/c3ccc(N(c4ccccc4)c4ccccc4)cc3)cc(/C=C/c3ccc(N(c4ccccc4)c4ccccc4)cc3)n2)cc1,CCCCCCC,460.0
9975,Nc1ccc(-c2ccc(N)cc2)cc1,Cc1ccccc1,395.0
8506,COc1ccc2c3c(c4ccc(OC)cc4c2c1)=[N+]1C(=C(c2c(C)cc(C)cc2C)c2cc4c5ccc(OC)cc5c5cc(OC)ccc5c4n2[B-]1(F)F)C=3,Cc1ccccc1,712.0
5508,COc1ccc(C#Cc2ccc(-c3nn[nH]n3)cc2)cc1OC,CC#N,362.0
9604,N#Cc1c(-c2cccs2)cc(-c2ccc3c(c2)Cc2ccccc2-3)[nH]c1=O,CN(C)C=O,457.0
6494,Cc1ccc2c(c1)c1cc(C)ccc1n2-c1cccc(-n2c3ccc(C)cc3c3cc(C)ccc32)c1C#N,O=P(c1ccccc1)(c1ccccc1)c1ccccc1Oc1ccccc1P(=O)(c1ccccc1)c1ccccc1,432.0
7448,c1ccc2c(c1)oc1nc3oc4ccc(-n5c6ccccc6c6cc(-n7c8ccccc8c8ccccc87)ccc65)cc4c3cc12,ClC(Cl)Cl,489.0
9877,Nc1cccc2ccccc12,C1CCCCC1,387.897595
12032,CCn1c2ccccc2c2cc(/C=C/c3cc(/C=C/c4ccc5c(c4)c4ccccc4n5CC)ncn3)ccc21,C1CCOC1,463.0
9870,Clc1cnc2nn3ccccc3c2c1,C1CCOC1,410.0
1713,O=c1c2cc(I)ccc2nc2n1[B-](F)(F)[n+]1ccccc1-2,ClCCl,449.0
8293,CCN(CC)c1ccc2c(C)cc(=O)oc2c1,OCC(O)CO,463.0
11297,CN1/C(=C/C=C(/C=C/c2sc3ccccc3[n+]2C)c2ccc(F)cc2)Sc2ccccc21,CCO,674.0
3508,CC1=N/C(=C\c2cccc(N(C)C)c2)C(=O)N1C,CCCCCC,484.0
2145,CC(C)[Si](C#Cc1ccc(C#C[Si](C(C)C)(C(C)C)C(C)C)c2nc3c(nc12)C1c2ccccc2C3c2ccccc21)(C(C)C)C(C)C,CCCCCC,404.0
2442,Oc1cc2c(cc1-c1nc3c4ccccc4c4ccccc4c3[nH]1)c1ccccc1n2-c1ccccc1,ClCCl,499.0
1383,CCCCCCCCCCOc1cc(OCCCCCCCCCC)cc(C2=C3C(/C=C/c4ccc(OC)cc4)=CC(/C=C/c4ccc(OC)cc4)=[N+]3[B-](F)(F)n3c(/C=C/c4ccc(OC)cc4)cc(C=Cc4ccc(OC)cc4)c32)c1,ClC(Cl)Cl,710.0
8486,c1ccc(N(c2ccccc2)c2ccc3c(ccc4nc5ccc6cc(N(c7ccccc7)c7ccccc7)ccc6c5nc43)c2)cc1,Cc1ccccc1,512.0
4338,COc1cccc(OC)c1-c1c2ccc(=[N+]3CCNCC3)cc-2oc2cc(N3CCNCC3)ccc12,O,568.0
7174,CN(C)c1cccc2c1C(=O)c1ccccc1-2,c1ccccc1,520.0
7729,COc1ccc2n1[B-](F)(F)[N+]1=C(SC#N)C=CC1=C2c1ccccc1,CCCCCC,532.0
4053,Cc1c2ccccc2c(C2=C3C=CC=[N+]3[B-](F)(F)n3cccc32)c2ccccc12,CN(C)C=O,528.0
11546,CC(=O)c1ccn2c3c(c(-c4ccc(N)cc4)c2c1)CN(CCCNC(=O)OC(C)(C)C)C3=O,CO,546.0
8297,Cc1nc(-c2cc(C(F)(F)F)ccc2O)n2c1CCCC2,ClCCl,432.0
5312,CCCCCCC1(CCCCCC)c2ccccc2-c2ccc(-c3ccc4c(c3)S(=O)(=O)c3cc(-c5ccc6c(c5)C(CCCCCC)(CCCCCC)c5ccccc5-6)ccc3-4)cc21,ClC(Cl)Cl,427.0
9313,CN(C)c1ccc(/C=C/c2cc(/C=C/c3ccc(N(C)C)cc3)nc(/C=C/c3ccccc3)n2)cc1,Cc1ccccc1,483.0
7962,Cn1c(=O)c(/N=N/c2cc(S(=O)(=O)O)ccc2S(=O)(=O)O)c(O)c2ccccc21,ClCCl,493.0
248,CC(C)(C)c1ccc(-c2cc3c4c(c2)CCc2cc(-c5ccc(C(C)(C)C)cc5)cc(c2-4)CC3)cc1,ClC(Cl)Cl,387.9269729
4162,COc1nc(Nc2ccc3c4c(cccc24)C(=O)c2ccccc2-3)nc(OC)n1,CCOCC,520.0208008
8117,CC1=[N+]2C(=C(c3c4ccccc4cc4ccccc34)c3ccc(C)n3[B-]2(F)F)C=C1,ClC(Cl)Cl,526.0
11677,O=S(=O)(c1ccc(-c2ccc(-c3nc4c5ccccc5c5ccccc5c4n3-c3ccccc3)cc2)cc1)c1ccc(-c2ccc(-c3nc4c5ccccc5c5ccccc5c4n3-c3ccccc3)cc2)cc1,c1ccc2c(c1)c1ccccc1n2-c1ccc(-c2ccc(-n3c4ccccc4c4ccccc43)cc2)cc1,443.0
562,CCOC(=O)C1=C(C(=O)OCC)C2(c3cc(Cl)ccc3-c3ccc(Cl)cc32)C2(/C=C/c3ccccc3)c3cc(OC)c(OC)cc3CCN12,ClCCl,456.0
1954,COc1ccc(C2=C/C(=C\c3ccc(C#N)cc3)C(=O)O2)cc1OC,C1COCCO1,531.0
8806,CCc1ccc(/C=C/c2ccc(-c3nnc(-c4ccc(-c5cc6ccccc6s5)cc4)o3)cc2)cc1,CN(C)C=O,429.0
4365,Nc1ccc(O)c(C(=O)[O-])c1,O,493.0
2638,CC(C)(C)C1Nc2c(Br)cc(Br)cc2C(=O)N1Cc1ccccc1,ClC(Cl)Cl,415.0
10936,CC(C)(C)c1ccc(C(C)(C)C)c(N2C(=O)c3cccc4c(-c5ccc(-c6ccccc6)s5)ccc(c34)C2=O)c1,CS(C)=O,557.0
914,CN(C)c1ccc2nc(/C=C/c3ccccc3)c(=O)oc2c1,CN(C)C=O,571.0
7244,C(=C/c1c2ccccc2cc2ccccc12)\c1ccc2ccccc2c1,CC#N,490.0
10880,COc1cc(OC)c2c3c([nH]c2c1)C(=O)CCC3,CN(C)C=O,407.0
5026,CC(C)(C)c1ccc2oc3nc4oc5cc(-n6c7ccccc7c7ccccc76)ccc5c4cc3c2c1,ClC(Cl)Cl,396.0
3958,N#Cc1c(N2CCCCC2)cc(-c2ccc3ccccc3c2)c2c1-c1ccccc1C2=O,C1CCOC1,527.0
7142,Cc1ccc(-n2c(-c3ccccc3O)nc(-c3ccccc3O)c2-c2ccccc2O)cc1,CO,438.0
7908,Cc1cc(C)n2c1C=C1c3ccccc3C(c3cccn3C)=[N+]1[B-]2(F)F,CC#N,606.0
862,CC(C)(C)c1ccc2c(c1)c1cc(C(C)(C)C)ccc1n2-c1ccc2c(c1)C(=O)c1ccc(-n3c4ccc(C(C)(C)C)cc4c4cc(C(C)(C)C)ccc43)cc1C2=O,c1ccc2c(c1)c1ccccc1n2-c1ccc(-c2ccc(-n3c4ccccc4c4ccccc43)cc2)cc1,575.0
3616,N#C/C(=C\c1ccc(C#N)cc1)c1nc(-c2ccccc2)cs1,CC#N,501.0
8379,CCCN1C(=O)C(=CC=CC=C2Oc3ccccc3N2CCCS(=O)(=O)[O-])C(=O)N(CCC)C1=S,CCCCO,583.0
7228,[C-]#[N+]c1ccc(-c2ccc(N)cc2)cc1,C1COCCO1,383.0
10679,CC1=CC(C)=[N+]2C1=C(c1c(F)c(F)c(NCCCCNP(=O)(OC(C)C)OC(C)C)c(F)c1F)c1c(C)cc(C)n1[B-]2(F)F,CCCCCC,526.0
1166,Cc1ccc(Nc2ccc(Nc3ccc(C)cc3)c3c2C(=O)c2ccccc2C3=O)cc1,CCCCCCO,682.0
180,CCCCC(CC)CN1C(=O)C2=C(c3ccc(-c4ccc(C5=C6C(C)=CC(C)=[N+]6[B-](F)(F)n6c(C)cc(C)c65)cc4)s3)N(CC(CC)CCCC)C(=O)C2=C1c1ccc(-c2ccc(C3=C4C(C)=CC(C)=[N+]4[B-](F)(F)n4c(C)cc(C)c43)cc2)s1,Cc1ccccc1,637.0
1562,CCCCC(CC)CN1C(=O)c2cccc3c(C#Cc4ccc(N(c5ccc(C#Cc6ccc7c8c(cccc68)C(=O)N(CC(CC)CCCC)C7=O)cc5)c5ccc(C#Cc6ccc7c8c(cccc68)C(=O)N(CC(CC)CCCC)C7=O)cc5)cc4)ccc(c23)C1=O,CC#N,612.0
8923,c1ccc(-c2nc(-c3nc(-c4ccccc4)c(-c4ccccc4)o3)oc2-c2ccccc2)cc1,C1COCCO1,411.0
5720,CCCCc1c2ccccc2c(-c2ccc(-c3nc4cc(CC(NC(=O)OC(C)(C)C)C(=O)OC)ccc4o3)cc2)c2ccccc12,COCCOC,437.9990452
2998,Cc1cc(C)c(B(c2ccc(-n3c4ccccc4c4ccccc43)cc2)c2c(C)cc(C)cc2C)c(C)c1,Cc1ccccc1,403.5
10288,COc1ccc(-c2csc(-c3ccncc3)n2)cc1,Cc1ccccc1,415.0
6849,C/C=C/C=C/C1=N/C(=C\c2ccc([O-])cc2)C(=O)N1C,O,565.0
9024,c1ccc([Si]2(c3ccccc3)c3ccccc3-c3cc4c(cc32)-c2ccccc2[Si]4(c2ccccc2)c2ccccc2)cc1,ClCCl,395.0
9770,COc1ccc(-c2c3ccccc3c3n2[B-](F)(F)[N+]2=Cc4c5ccccc5c(-c5ccc(OC)cc5)n4[B-](F)(F)[N+]2=C3)cc1,ClCCl,614.0
7127,Cc1ccc2nc3c(nc2c1)c(-c1ccccc1)nn3C,CC#N,516.0
5236,CCCn1c(=O)c(/C=C/c2nc3ccc(C)cc3n(CCC)c2=O)nc2ccc(C)cc21,ClCCl,490.0
11360,CN1CCN(c2ccc3c4c(cccc24)C(=O)c2ccccc2-3)CC1,C1CCCCC1,533.0
8218,FC(F)(F)c1cc2n(n1)[B-]1(c3ccccc3-c3ccccc31)[n+]1ccc3ccccc3c1-2,Cc1ccccc1,538.0
6685,CC(=O)c1ccc2ccc3c(NCCC(=O)NCCCCCCc4nc5c(=O)[nH]c(N)nc5n4[C@H]4C[C@H](O)[C@@H](CO)O4)ccc4ccc1c2c43,O,573.0
3650,CCN(CC)c1ccc2cc(C#N)/c(=N\C(=O)c3ccco3)oc2c1,ClCCl,460.0
10536,O=C1Nc2ccccc2/C1=C/C(=O)c1ccc(Cl)cc1,CC#N,398.0
7379,CC(=O)c1nc(-c2ccc(N(c3ccccc3)c3ccccc3)cc2)oc1C,CCOC(C)=O,419.0
10027,CC1(C)c2ccccc2N(c2ccc(-c3cc(C#N)c(C#N)cc3-c3ccc(N4c5ccccc5C(C)(C)c5ccccc54)cc3)cc2)c2ccccc21,c1cc(-c2cccc(-n3c4ccccc4c4ccccc43)c2)cc(-n2c3ccccc3c3ccccc32)c1,499.0
900,CN(C)c1ccc(C2=Nc3sc4cc(Cl)ccc4[n+]3[B-](F)(F)O2)cc1,Cc1ccccc1,456.0
12167,N#CC(C#N)=Cc1ccc2nc(C#Cc3ccc(N(c4ccccc4)c4ccccc4)cc3)sc2c1,Cc1ccccc1,535.0
1496,C(=C(c1ccccc1)c1ccccc1)c1ccc(C=C(c2ccccc2)c2ccccc2)cc1,C1CCOC1,461.0
12101,COc1ccc(-c2c3c(n4ccc(C(C)=O)cc24)C(=O)N(CCCNC(=O)OC(C)(C)C)C3)cc1,CO,555.0
8864,Cc1nc2c(ccc3c2sc(/C=C/C=C/c2ccc(N(C)C)cc2)[n+]3C)s1,ClC(Cl)Cl,696.0
10131,CCc1c(C)[nH]c(C2=[N+]3C(=Cc4c(C)cc(C)n4[B-]3(F)F)c3ccccc32)c1C,CO,631.0
7444,Cc1ccc(C2=C3C=CC(C#Cc4ccccc4)=[N+]3[B-](F)(F)n3c(Cl)ccc32)cc1,CCOC(C)=O,571.0
92,N#Cc1nc(N(Cc2ccc(F)cc2)Cc2ccc(F)cc2)c(C#N)nc1N(Cc1ccc(F)cc1)Cc1ccc(F)cc1,ClC(Cl)Cl,577.0
5758,Cc1cc(C)c([B-]2(c3c(C)cc(C)cc3C)[O+]=P(c3ccccc3)(c3ccccc3)c3cc(-c4ccc(C(C)(C)C)cc4)sc3-c3sc(-c4ccc(C(C)(C)C)cc4)cc32)c(C)c1,C1CCOC1,498.0
10878,COc1cccc(-n2c(-c3ccccc3)nc(C)c2C)c1,ClC(Cl)Cl,366.0
9947,CN(C)c1ccc(C=C2Cc3ccccc3C2=O)cc1,Cc1ccccc1,467.0
7573,COc1cccc(-n2c(-c3ccc(F)cc3)nc(C)c2C)c1,CC#N,365.4
2943,c1cc2ccc3[nH]c4ccc5cccc6c(c1)c2c3c4c56,ClC(Cl)Cl,436.0
4847,Cn1c(/C=C/c2ccc(/C=C/c3nc4ccccc4[nH]3)cc2)[n+](C)c2ccccc21,CC(C)=O,580.0
5339,Cc1ccc(-c2oc3cccc4c5c(-c6ccc(C)cc6)/c(=N/S(=O)(=O)C(F)(F)F)oc6cccc(c2c34)c65)cc1,ClC(Cl)Cl,577.0
1766,C(#Cc1cccs1)C(C#Cc1cccs1)=Cc1ccc(C=C(C#Cc2cccs2)C#Cc2cccs2)cc1,ClC(Cl)Cl,498.0
11484,CCOC(=O)C(C(=O)OCC)C1=[N+]2C(=C(c3ccc(C)cc3)c3ccc(C(C(=O)OCC)C(=O)OCC)n3[B-]2(F)F)C=C1,C1CCCCC1,527.0
9241,CC1=CC(C)=[N+]2C1=C(c1c(F)c(F)c(NCCNP(=O)(OC(C)C)OC(C)C)c(F)c1F)c1c(C)cc(C)n1[B-]2(F)F,CCOC(C)=O,525.0
2471,CN(C)c1ccc(/C=C/C=C2\CC/C(=C\c3ccc(N(C)C)cc3)C2=O)cc1,C1CCOC1,649.0
1084,CCOC(=O)c1sc(SC)c2c(=O)n(C)nnc12,C1CCOC1,470.0
9863,COc1ccc(-c2cc3c4c(c2)CCc2cc(-c5ccc(OC)cc5)cc(c2-4)CC3)cc1,ClCCl,391.0752688
8881,Cc1ccc(C(=O)/C=C2\C(=O)Nc3ccccc32)cc1,CCOC(C)=O,398.0
8177,O=C1c2ccccc2C(=O)c2cc(-c3ccc(N(c4ccccc4)c4ccccc4)cc3)ccc21,CCOC(C)=O,699.0
4075,CC(C)(C)c1ccc(-c2cc3c(-c4ccc(C(C)(C)C)cc4)c4cccc5c(-c6ccc(C(C)(C)C)cc6)cc6c(-c7ccc(C(C)(C)C)cc7)c7cccc2c7c3c6c54)cc1,Cc1ccccc1,467.0
3210,C#CCNC1=C2C(C)=CC(C)=[N+]2[B-](F)(F)n2c(C)cc(C)c21,CO,496.0
2585,COc1ccc(-c2nc(-c3ccccc3OC)[nH]c2-c2ccc(OC)cc2)cc1,CO,392.0
10879,COCCOCCOCCOCC(COCCOCCOCCOC)Oc1cc(/C=C/c2ccc(/C=C(\C#N)C(=O)c3ccccc3)cc2)c(OC(COCCOCCOCCOC)COCCOCCOCCOC)cc1/C=C/c1ccc(/C=C(\C#N)C(=O)c2ccccc2)cc1,ClCCl,621.0
6658,CCN(CC)c1ccc(/C=C/C2=[O+][B-](F)(F)Oc3c2c(=O)oc2cc(N(CC)CC)ccc32)cc1,C1CCCCC1,556.0
9675,c1ccc(-c2nc3ccccc3nc2-c2ccccc2)cc1,C1CCOC1,401.0
3721,N#Cc1ccc(N)cc1C#N,O,401.0
2254,CCN(CC)c1ccc2c(C#N)c(/C=C(\C#N)c3nc4ccccc4s3)c(=O)oc2c1,Cc1ccccc1,637.0
408,CC(C)[Si](C#Cc1c2cc3ccccc3cc2c(C#Cc2ccc(C(F)(F)F)cc2)c2cc3ccccc3cc12)(C(C)C)C(C)C,ClCCl,667.0
3559,CCCCCCCC1=C(C)C(=O)n2c1cc1[nH]c(C(=O)OC)c(C)c1c2=O,C1CCCCC1,448.0
7971,COc1cc2c(cc1/C=C/C1=CC(=C(C#N)C#N)CC(C)(C)C1)c1ccccc1n2C,ClCCl,615.0
11973,CCCCCCN1C(=O)c2cccc3c(-c4ccc(-c5ccc6c7c(cccc57)C(=O)N(CCCCCC)C6=O)s4)ccc(c23)C1=O,ClC(Cl)Cl,495.0
7930,CCn1c(=O)nc2n(C)c3cc(C)ccc3nc-2c1=O,C1COCCO1,527.0
9767,CCCCN(CCCC)c1ccc(C#Cc2cc(C#Cc3c(F)c(F)c(F)c(F)c3F)c(C#Cc3ccc(N(CCCC)CCCC)cc3)cc2C#Cc2c(F)c(F)c(F)c(F)c2F)cc1,ClCCl,563.0
3851,F[B-]1(F)n2c(-c3cccs3)cc(-c3cccs3)c2N=C2C(c3cccs3)=CC(c3cccs3)=[N+]21,Cc1ccccc1,765.0
3470,CCCCN1C(=O)C(=C/C=C/C=C2N(CCCC)c3ccccc3N2CCCC)C(=O)N(CCCC)C1=S,ClC(Cl)Cl,589.0
6906,CCN(CC)c1ccc2cc(-c3csc(N)c3C#N)c(=O)oc2c1,ClCCl,464.0
7960,CC1=N/C(=C\c2cccc(N(C)C)c2)C(=O)N1CCO,CC#N,656.0
8176,COC(=O)c1nc(-c2ccco2)oc1C,CCOC(C)=O,304.0
6862,CN(C)c1cccc(/C=C/c2ncc(-c3ccc(OCc4ccccc4)c(OCc4ccccc4)c3)o2)c1,ClCCl,490.0
6508,N#Cc1ccc(-n2c3ccccc3c3c2c2ccccc2n3-c2ccccc2)cc1,Cc1ccccc1,460.0
10318,[C-]#[N+]c1ccc(-c2ccc(N(C)C)cc2)cc1,CC(C)=O,422.0
8748,CC1CCC(=CS/C=C/c2ccc(/C=C/SC=C3CCC(C)CC3)cc2)CC1,ClCCl,427.0
10839,CN(C)c1ccc(/C=C/C=C/c2nc3ccccc3s2)cc1,CCO,560.0
11766,CCOC(=O)C1=C(C)NC2=C(C(=O)c3ccccc32)C1c1ccc(N(C)C)cc1,CN(C)C=O,540.0
4782,CCOC(=O)c1[nH]c(C)c(/C=C/c2c(I)c(C)c3n2[B-](F)(F)[N+]2=C(C)C(I)=C(C)C2=C3c2cc(OC)cc(OC)c2)c1C,C1CCOC1,632.0
5522,CCN(CC)c1ccc2c(C#N)c(/C=C(\C#N)c3nc4ccccc4o3)c(=O)oc2c1,ClCCl,666.0
8403,c1ccc(-c2nn(-c3ccccc3)c3nc4ccc(N(c5ccccc5)c5ccccc5)cc4cc23)cc1,CC(C)=O,551.2679162
3038,O=C1CC(=O)Nc2cc(Br)ccc2N1,CS(C)=O,350.0
8542,CCCCCCOc1ccc(C#Cc2ccc(C#Cc3ccc(OCCCCCC)c(OCCCCCC)c3)c3nsnc23)cc1OCCCCCC,ClCCl,577.0
1351,COc1ccc(/C=C/c2cc(/C=C/c3ccc(OC)cc3)nc(/C=C/c3ccc(C(F)(F)F)cc3)n2)cc1,CS(C)=O,475.0
3132,Cn1c(=O)c(/N=N/c2ccc(S(=O)(=O)O)c3ccccc23)c(O)c2ccccc21,CS(C)=O,571.0
10094,O=C(c1ccc(-n2c3ccccc3c3ccccc32)cc1)c1ccc(-n2c3ccccc3c3ccccc32)cc1,Cc1ccccc1,438.0
5289,CC1=N/C(=C\c2ccc(N(C)C)cc2)C(=O)N1C,C1CCOC1,452.0
11977,F[B-]1(F)n2c(nc(Br)c2Br)-c2cccc[n+]21,C1COCCO1,493.0
1669,c1ccc(-c2nn(-c3ccccn3)c3nc4ccccc4cc23)cc1,CN(C)C=O,441.0
11869,CC1=NN(c2ccccc2)C(=O)/C1=C/c1cn(-c2ccccc2)nc1-c1ccccc1,C1CCOC1,429.0
8290,N#Cc1c(N2CCCCC2)cc(-c2ccc(O)cc2)c2c1-c1cccc3cccc-2c13,Cc1ccccc1,530.0
9191,C(=C/c1ccc(/C=C/c2cccs2)s1)\c1cccs1,CC#N,445.0
4313,COc1ccc(/C=C/C2=CC(/C=C/c3ccc(OC)c(OC)c3)=[O+][B-](F)(F)O2)cc1OC,CO,582.94
11503,CN(C)c1ccc(/C=C2/N=C(c3ccccc3)OC2=O)cc1,CCCCCO,515.0
330,COc1cc(OC)c2ccc(=O)oc2c1,CCOCC,390.0
1346,COC(=O)c1cc(=O)n(C)c2cc(-c3ccc(OC)cc3)sc12,CN(C)C=O,477.0
1650,Cc1ccc(C2=C3C=CC(C#Cc4ccccc4)=[N+]3[B-](F)(F)n3c(C#Cc4ccccc4)ccc32)cc1,ClC(Cl)Cl,628.0
9517,Cc1ccc(C2=C3C=CC(Oc4ccccc4)=[N+]3[B-](F)(F)n3c(Oc4ccccc4)ccc32)cc1,C1CCOC1,533.0
4770,CSc1ccc(/C=C/c2cnc3ccccc3n2)cc1,CCCCCCC,426.0
1091,CCCCN(CCCC)c1ccc(C#Cc2cc(C#Cc3c(F)c(F)c(F)c(F)c3F)c(C#Cc3c(F)c(F)c(F)c(F)c3F)cc2C#Cc2ccc(N(CCCC)CCCC)cc2)cc1,c1ccccc1,505.0
73,CC1(C)CC(/C=C/c2cn(-c3ccccc3)nc2-c2ccccc2)=CC(=C(C#N)C#N)C1,CN(C)C=O,565.0
7590,CC(=O)[B-]1(C(C)=O)OC(c2ccccc2)=CC(c2ccccc2)=[O+]1,CC#N,400.0
7317,COc1cc2c(cc1/C=C/C1=CC(=C(C#N)C#N)CC(C)(C)C1)c1ccccc1n2C,CC#N,622.0
5751,Cc1cc(-c2ccc(C(C)(C)C)cc2)c2nsnc2c1-c1ccc(C(C)(C)C)cc1,ClCCl,489.0
7591,COc1ccc(/C=C/c2ccccc2)cc1,CC(C)O,365.0
9418,Cc1ccc(C(=O)/C=C/c2ccc(N(C)C)cc2)cc1,c1ccccc1,473.0
5003,OC1(c2ccc(-c3cccs3)s2)CCC(c2ccccc2)CC1,OCCOCCO,384.0
41,CCN(CC)c1ccc([N+]2=Cc3ccc4c5c(ccc4c3O[B-]2(c2ccccc2)c2ccccc2)C=[N+](c2ccc(N(CC)CC)cc2)[B-](c2ccccc2)(c2ccccc2)O5)cc1,ClCCl,644.0
9370,CCCCC1(CCCC)c2cc(C#Cc3ccc4ccc5cccc6ccc3c4c56)ccc2-c2ccc(C#Cc3ccc4ccc5cccc6ccc3c4c56)cc21,ClC(Cl)Cl,439.0
11225,COc1cc2[nH]c3c(c2cc1OC)CCCC3=O,CCO,450.397878
5544,CCCCCCC(CCCCCC)N1C(=O)c2cccc3c(-c4ccc(OC)c5ccccc45)ccc(c23)C1=O,CN(C)C=O,581.8
12182,CC(=O)c1ccc2cc(C#Cc3cn([C@H]4C[C@H](O)[C@@H](CO)O4)c4ncnc(N)c34)ccc2c1,CC#N,508.0
318,CCN(CC)c1ccc2c(-c3ccccc3C(=O)O)c3c([o+]c2c1)/C(=C/Nc1ccccc1)CCC3,ClC(Cl)Cl,644.0
8243,COc1ccc(-c2csc(-c3ccncc3)n2)cc1,CN(C)C=O,451.0
2087,F[B-]1(F)Oc2ccccc2-c2cc(-n3c4ccccc4c4ccccc43)cc[n+]21,Cc1ccccc1,449.0
3599,CC(C)(C)c1ccc2c(c1)c1cc(C(C)(C)C)ccc1n2-c1ccc(C#Cc2ccccc2)cc1,CO,418.0
9797,F[B-]1(F)n2c(nc3c4ccccc4c4ccccc4c32)-c2cccc[n+]21,CCCCCC,507.0
8821,C(#Cc1ccc2ncsc2c1)c1ccc(N(c2ccccc2)c2ccccc2)cc1,Cc1ccccc1,428.0
9730,Cc1ccc(C2=C3C=CC4=[N+]3[P-](=O)(=O)n3c2ccc3-c2ccc([nH]2)/C(c2ccc(C)cc2)=c2/cc/c(o2)=C(\c2ccc(C)cc2)c2ccc4[nH]2)cc1,ClC(Cl)Cl,714.0
2685,F[B-]1(F)n2c(cc3sc4ccccc4c32)C(c2ccc(I)cc2)=C2C=c3sc4ccccc4c3=[N+]21,ClC(Cl)Cl,673.0
1614,c1ccc(-c2nc(-c3c4ccccc4cc4ccccc34)n3ccccc23)cc1,ClCCl,548.0
7556,N#Cc1ccc2c(c1)CCc1nc(-c3ccc([N+](=O)[O-])cc3)c3c(c1-2)CCc1cc(C#N)ccc1-3,Cc1ccccc1,443.0
2046,COc1ccc(/C=C/C2=N/C(=C\c3ccncc3)C(=O)N2C)cc1,CC#N,574.0
1277,Cc1ccc(C2=C3C=CC(C#Cc4ccccc4)=[N+]3[B-](F)(F)n3c(Cl)ccc32)cc1,ClC(Cl)Cl,577.0
2751,Cc1cc2nc3cc(C)c(N)cc3[n+](-c3ccccc3)c2cc1N,CCO,564.0
8534,COc1coc2cc(-c3ccc(N(C)C)cc3)ccc2c1=O,C1COCCO1,451.0
8677,Cc1nc(-c2ccccc2)c2ccccn12,C1CCCCC1,475.0
5566,CC(C)(C)c1ccc(-c2nc3c4ccc(-c5cccc6ccccc56)cc4c4cc(-c5cccc6ccccc56)ccc4c3n2-c2ccc(C(C)(C)C)cc2)cc1,CCCCCC,381.0
85,O=S(=O)(c1cccc(-n2c3ccccc3c3ccccc32)c1)c1cccc(-n2c3ccccc3c3ccccc32)c1,CCCCC(CC)n1c2ccc(-n3c4ccccc4c4ccccc43)cc2c2cc(-n3c4ccccc4c4ccccc43)ccc21,409.9722992
1350,CCC1=C(C)C2=C(C)c3cccn3[B-](F)(F)[N+]2=C1C,CCO,513.5
6177,CN(C)c1ccc(/C=C/C=C/C=C/c2ccc(N(C)C)cc2)cc1,C1CCOC1,482.0
1934,Cc1cc(C)n2c1C=C1c3ccccc3C(c3cccn3C)=[N+]1[B-]2(F)F,CCCCCC,605.0
2766,N#Cc1c(N2CCCCC2)cc(-c2ccc(O)cc2)c2c1-c1cccc3cccc-2c13,CCO,548.0
1035,CCOC(=O)c1c2c3c(ccc(Br)c3c3cc4c(cc13)[Si](C)(C)O[Si]4(C)C)N(C)C2=O,CC#N,412.0
9641,COc1cc2c(cc1-c1ccccc1)Cc1c3c(c4c(c1-2)-c1cc(OC)c(-c2ccccc2)cc1C4)C(=O)N(CCC(C)C)C3=O,C1CCOC1,469.0
6556,Cc1nc(-c2ccc(-n3c4ccccc4c4ccccc43)cc2)cc(-c2ccc(-n3c4ccccc4c4ccccc43)cc2)n1,ClC(Cl)Cl,438.0
3378,Cc1ccc(-c2ccc(-c3ccc(-c4ccc(-c5ccc(C)cc5)cc4)c(/C(=C(/c4ccccc4)c4cc(-c5ccc(-c6ccc(C)cc6)cc5)ccc4-c4ccc(-c5ccc(C)cc5)cc4)c4ccccc4)c3)cc2)cc1,C1CCOC1,498.0
2960,c1ccc(-c2cc(-c3ccccc3)cc(-c3ccc4c(c3)C3(c5cc(-c6cc(-c7ccccc7)cc(-c7ccccc7)c6)ccc5-4)c4ccccc4-c4c3c3c5ccccc5ccc3c3ccccc43)c2)cc1,C1CCOC1,420.0
6330,CCC1=C(C)C(=O)n2c1cc1c(C)c(CCC(=O)OC)c(C)n1c2=O,ClC(Cl)Cl,495.0
9228,O=S(=O)(c1ccc(-c2ccc(-n3c4ccccc4c4ccccc43)cc2)cc1)c1ccc(-c2ccc(-n3c4ccccc4c4ccccc43)cc2)cc1,ClCCl,446.25323
1692,CN(C)c1ccc(C2=Cc3cc(Cl)nc[n+]3[B-](F)(F)O2)cc1,C1CCOC1,532.0
11144,CC(=O)O[B-]1(OC(C)=O)OC(/C=C/C=C/c2ccccc2)=CC(/C=C/C=C/c2ccccc2)=[O+]1,ClCCl,545.0
4984,COc1ccc2c3cccc4c(OC)ccc(c5cccc1c52)c43,C1CCOC1,463.9927447
9308,CN(C)c1ccc(/C=C/c2nc3ccccc3s2)cc1,C1CCOC1,482.0
8758,CCCCN1C(=O)C(=C/C=C/C=C2N(CCCC)c3ccccc3N2CCCC)C(=O)N(CCCC)C1=S,CN(C)C=O,580.0
2310,COc1ccc(-c2nc(C(C)=O)c(C)o2)cc1,CCO,354.0
1355,Cc1ccc(C2=C3C=C(I)C=[N+]3[B-](F)(F)n3cc(I)cc32)cc1,C1CCCCC1,567.5
6083,N#Cc1c2nc3ccccn3c2nc2c1nc1ccccn12,CC#N,495.0
9714,COC(=O)C(Cc1ccc2oc(-c3ccc(N(C)C)cc3)nc2c1)NC(=O)OC(C)(C)C,ClCCl,388.0029488
10388,COC(=O)C(Cc1ccc2oc(-c3c4ccccc4cc4ccccc34)nc2c1)NC(=O)OC(C)(C)C,CCCCO,494.5011472
4807,CC1=CC(C)=[N+]2C1=C(c1ccc(-c3c4ccccc4c(-c4ccccc4)c4ccccc34)cc1)c1c(C)cc(C)n1[B-]2(F)F,CC#N,508.0
1453,Cc1cc(=O)oc2c3c4c(cc12)CCCN4CCC3,O,489.0
9244,CCC1=C(C)C(=O)n2c1cc1c(C)cc(C)n1c2=O,CO,520.0
12171,COC(=O)C(NC(=O)OC(C)(C)C)c1ccc2oc(-c3cccc(Oc4ccccc4)c3)nc2c1,CC#N,360.0
898,CCCCCCCCn1c(=O)c2cc3c(C#Cc4ccc(N(c5ccccc5)c5ccccc5)cc4)c4cc5c(=O)n(CCCCCCCC)c(=O)c5cc4c(C#Cc4ccc(N(c5ccccc5)c5ccccc5)cc4)c3cc2c1=O,ClC(Cl)Cl,641.0
8876,CC(C)[Si](C#Cc1ccc(C#C[Si](C(C)C)(C(C)C)C(C)C)c2nc3cc4c(cc3nc12)[C@H]1c2ccccc2[C@@H]4c2ccccc21)(C(C)C)C(C)C,CCCCCC,455.0
5829,Cc1cccc2ccccc12,C1CCCCC1,339.9048266
958,Cc1c2oc3c(C)c(N)cc(C(=O)NC4OC(=O)C(C(C)C)N(C)C(=O)CN(C)C(=O)C5CCCN5C(=O)C(C(C)C)NC4=O)c3nc-2c(C(=O)NC2OC(=O)C(C(C)C)N(C)C(=O)CN(C)C(=O)C3CCCN3C(=O)C(C(C)C)NC2=O)c(N)c1=O,CO,673.8362847
4533,N#Cc1cc2ccccc2[nH]1,CCO,334.0
8672,CNc1ncc2nc(C(=O)OC)n(Cc3ccccc3)c2n1,CC#N,413.0
2633,C[P+]1(c2ccccc2)c2ccccc2-c2sc3ccccc3c21,CCO,442.0
465,CC(C)(C)c1ccc2c3c(c4ccc(C(C)(C)C)cc4c2c1)=[N+]1C(=C(c2ccccc2)c2c(Br)c4c5ccc(C(C)(C)C)cc5c5cc(C(C)(C)C)ccc5c4n2[B-]1(F)F)C=3Br,CC#N,714.0
3817,COC(=O)C[C@H](Cc1c[nH]c2ccccc12)NC(=O)[C@H](CC(=O)N[C@@H](CC1=CCc2ccccc21)C(=O)OC)NC(=O)OC(C)(C)C,CO,337.0
3011,CCN1c2ccc(/C=N/Nc3ccccn3)cc2Sc2cc(-c3ccc(C#N)cc3)ccc21,CS(C)=O,557.0
5613,CN(C)c1ccc(/C=C/c2cnc(-c3ccncc3)o2)cc1,ClCCl,550.0
6952,COc1ccc2cc3c(C)cc(=O)oc3cc2c1,CO,469.0
4467,c1cc2c3c(cccc3c1)NC(c1ccc3ccc4cccc5ccc1c3c45)N2,CC#N,458.0
868,CC1=CC(C)=[N+]2C1=C(c1c(F)c(F)c(NCCCCCCNP(=O)(OC(C)C)OC(C)C)c(F)c1F)c1c(C)cc(C)n1[B-]2(F)F,CCOC(C)=O,525.0
7946,CCN(CC)c1ccc(/C=C/C2=[O+][B-](F)(F)Oc3c2c(=O)oc2cc(N(CC)CC)ccc32)cc1,C1COCCO1,610.0
3088,Cc1nc2c(ccc3ccc(N(C)C)cc32)oc1=O,c1ccccc1,564.0
10759,Cc1ccc2nc3[nH]c(=O)[nH]c(=O)c3nc2c1C,CC#N,469.0
3773,O=C1CC(=O)Nc2cc([N+](=O)[O-])ccc2N1,CS(C)=O,403.0
10437,c1csc(-c2ccc(-c3cccs3)s2)c1,CC#N,405.0
5909,O=c1oc2ccc3ccccc3c2nc1-c1ccccc1,c1ccccc1,463.5
7467,N#Cc1c(N2CCCCC2)cc(-c2ccccc2)c2c1-c1ccccc1C2=O,C1CCOC1,529.0
8326,CCOC(=O)C1c2ccccc2C(=O)N1c1ccc(OC)cc1,ClCCl,472.0
1688,CCN(CC)c1ccc2nc3c4ccccc4c(=O)cc-3oc2c1,CS(C)=O,635.0
11930,O=S1(=O)c2ccccc2-c2c1c1ccccc1p2-c1ccccc1,C1CCCCC1,436.0
6119,Cc1ccc2[nH]c(-c3ccc(-c4ccc(-c5ccc(-c6nc7cc(C)ccc7[nH]6)cc5)cc4)cc3)nc2c1,CN(C)C=O,416.0
7706,CCCCN(CCCC)c1ccc(C#Cc2cc(C#Cc3ccc(C#N)cc3)c(C#Cc3ccc(N(CCCC)CCCC)cc3)cc2C#Cc2ccc(C#N)cc2)cc1,ClCCl,563.0
4335,CC(C)[Si]1(C(C)C)c2cc(C=O)ccc2-c2ccc(N(c3ccccc3)c3ccccc3)cc21,CS(C)=O,557.0
2002,CCCCC(CC)Cn1c2ccc(C(=C(C#N)C#N)c3ccccc3)cc2c2c(-c3ccc(Br)cc3)c3c(c(-c4ccc(Br)cc4)c21)c1cc(C(=C(C#N)C#N)c2ccccc2)ccc1n3CC(CC)CCCC,C1CCOC1,584.0
11256,COc1ccc2cc3c(C)cc(=O)oc3cc2c1,OCC(F)(F)F,496.0
3461,CC1=[N+]2C(=C(c3ccc(N4CCOCC4)cc3)c3ccc(C)n3[B-]2(F)F)C=C1,CC#N,534.0
4279,CC[C@H](C)[C@H](Nc1c(C(C)=O)c(=O)oc2cc(N(C)C)ccc12)C(=O)O,ClCCl,445.0
7510,c1ccc2c(c1)[nH]c1ncccc12,CCCCCC,338.0
5271,Cc1cccc2c3ccccc3n(-c3ccc(-c4c(-c5ccccc5)c(C#N)c(C#N)c(-c5ccccc5)c4-c4ccc(-n5c6ccccc6c6cccc(C)c65)cc4)cc3)c12,Cc1ccccc1,440.0
9542,O=c1c2ccccc2nc2n1[B-](F)(F)[n+]1ccccc1-2,CC#N,439.0
12174,Cc1ccccc1/C(C#N)=C/c1ccc(N(C)C)cc1,CCCCCCC,433.0
8309,CC(C)(C)c1ccc(-c2cc3c4c(c2)CCc2cc(-c5ccc(C(C)(C)C)cc5)cc(c2-4)CC3)cc1,ClCCl,386.3636364
9936,OCc1cc(/N=N\c2ccc(C#Cc3ccc4ccc5cccc6ccc3c4c56)cc2F)ccc1O,CS(C)=O,435.0
10553,COc1ccc(-c2ccc3c(c2)c2cc(-c4ccc(OC)cc4)ccc2n3-c2ccc(C(=O)c3ccc4sc5ccccc5c4c3)cn2)cc1,c1cc(-n2c3ccccc3c3ccccc32)cc(-n2c3ccccc3c3ccccc32)c1,484.0
5331,[BH3-][P+]1(c2ccccc2)c2ccccc2-c2sc3ccccc3c21,C1CCCCC1,395.0
9857,CCc1ccc(/C=N/c2cc(C(C)C)c(O)cc2C)cc1,CCO,422.0
1111,Nc1ccc2c3cccc4cccc(c5cccc1c52)c43,CN(C)C=O,588.0
11874,C[Si](C)(C)[Si](c1ccc(-c2ccc(-c3ccc([Si]([Si](C)(C)C)([Si](C)(C)C)[Si](C)(C)C)s3)s2)s1)([Si](C)(C)C)[Si](C)(C)C,ClCCl,471.0
7524,CC(C)(C)OC(=O)c1c(C=Cc2ccccc2)oc(NC2CCCCC2)c1C(=O)OC(C)(C)C,CC#N,462.0
7702,CCCCN1/C(=C\C=C\C=C\C2=[N+](CCCC)c3ccc4cc(Br)ccc4c3C2(C)C)C(C)(C)c2c1ccc1cc(Br)ccc21,CC(C)=O,705.0
5873,CCN(CC)c1ccc2c(c1)oc(=O)c1c(=O)oc3c(C)c4oc(=O)c5c(=O)oc6cc(N(CC)CC)ccc6c5c4cc3c12,ClCCl,542.0
11024,O=C([O-])c1ccccc1O,CO,405.0
9839,COc1ccc(-c2cc(-c3ccc(OC)cc3)c3c(N)nc(N4CCCC4)c(C#N)c3n2)cc1,CC#N,516.0
2021,O=C1Nc2ccccc2/C1=C/C(=O)c1ccccc1,CC(C)(C)O,407.0
12194,O=c1cc2c(S(=O)(=O)O)c(O)c3cccc4ccc(o1)c2c43,CC1CCCO1,472.0
5362,c1ccc(-c2cc(-c3ccc(-c4nc(-c5ccccn5)c(-c5ccccn5)[nH]4)cc3)cc(-c3ccccn3)n2)nc1,ClC(Cl)Cl,438.0
1347,CCOc1ccc(/C=C/C=C/C=C/c2ccc([N+](=O)[O-])cc2)cc1,CC1CCCCC1,488.0
8541,N#C/C(=C\C=C\c1ccccc1)c1ccccc1,CC#N,421.0
4189,CNc1ncc2nc(C#N)n(Cc3ccccc3)c2n1,ClCCl,383.0
6211,c1ccc(N(c2ccccc2)c2ccc(-n3ccc4cc(-c5ccc6c(c5)C(c5ccccc5)(c5ccccc5)c5ccccc5-6)ccc43)cc2)cc1,ClCCl,380.0
1665,N#C/C=C/c1ccc2ccc3cccc4ccc1c2c34,CC(C)=O,433.0
12040,CC(C)(C)Nc1oc(C=Cc2ccccc2)c(C(=O)OC(C)(C)C)c1C(=O)OC(C)(C)C,CC#N,460.0
1219,CCN(CC)c1ccc2cc(/C=C/C(=C(C#N)C#N)c3ccc(N(c4ccccc4)c4ccccc4)cc3)c(=O)oc2c1,CCOC(C)=O,599.0
9012,CCN(CC)c1ccc(-c2nc3c4ccc(-c5ccccc5)cc4c4cc(-c5ccccc5)ccc4c3[nH]2)c(O)c1,CO,444.0
5852,CCCN(c1ccccc1)c1ccc2c(c1)C(CC)(CC)c1cc(/C=C/c3ccc(/C=C(\C#N)C(=O)O)s3)ccc1-2,C1COCCO1,617.0
10575,CCn1c2ccccc2c2cc(C#Cc3cc(C#Cc4ccc5c(c4)c4ccccc4n5CC)ncn3)ccc21,Cc1ccccc1,411.0
2984,CCCCCCCCC1(CCCCCCCC)c2cc(C#Cc3ccc(N(c4ccccc4)c4ccccc4)cc3)ccc2-c2ccc(C=O)cc21,C1COCCO1,449.0
6249,COC(=O)C(Cc1ccc2oc(-c3ccc(-n4c5ccccc5c5ccccc54)cc3)nc2c1)NC(=O)OC(C)(C)C,CCOCC,402.3173479
4091,CN(C)c1ccc(C#Cc2ncnc3ccccc23)cc1,C1CCCCC1,444.0
11541,CCCCCCCCCCCCN1C(=O)c2c(c3ccc4cc(-c5ccc(C)cc5)c(OC)cc4c3c3c2ccc2cc(-c4ccc(C)cc4)c(OC)cc23)C1=O,ClCCl,529.0
7202,Cn1c(-c2ccc(-c3ccc(-c4ccc(-c5n(C)c6ccccc6[n+]5C)cc4)cc3)cc2)[n+](C)c2ccccc21,O,397.0
8421,CCCCn1cc(/C=C/c2cc(=O)oc3cc(C)ccc23)c2ccccc21,CS(C)=O,532.0
3130,CCCC(=O)c1c2c(c(C(=O)CCC)c3c1OC(CC(=O)OC)(C(=O)OC)O3)OCO2,CO,580.0
2701,COCCN(CCOC)c1ccc(/C=C/c2sc3c4nc(C)sc4ccc3[n+]2C)cc1,ClC(Cl)Cl,601.0
4447,CN(C)c1c2ccccc2cc2ccccc12,O,390.0
7169,Cn1c(=O)c(/N=N/c2ccc(Nc3ccccc3)c(S(=O)(=O)O)c2)c(O)c2ccccc21,Cc1ccccc1,500.0
1530,Cc1cc(-c2nc(-c3ccccc3)nc(-c3ccccc3)n2)ccc1N1c2ccccc2[Si](c2ccccc2)(c2ccccc2)c2ccccc21,O=P(c1ccccc1)(c1ccccc1)c1ccccc1Oc1ccccc1P(=O)(c1ccccc1)c1ccccc1,460.0
3931,Cc1ccc(/C=C/c2ccccc2-[n+]2cc([O-])on2)cc1,C1CCCCC1,400.0
543,Cc1cc(=O)c2ccc(N)cc2o1,CCOC(C)=O,378.0
9486,N#Cc1nc2c3ccc(-c4ccc(N(c5ccccc5)c5ccccc5)cc4)cc3c3cc(-c4ccc(N(c5ccccc5)c5ccccc5)cc4)ccc3c2nc1C#N,O=P(c1ccccc1)(c1ccccc1)c1cccc(-c2cc(-n3c4ccccc4c4ccccc43)cc(-n3c4ccccc4c4ccccc43)c2)n1,628.0
9635,CCCCOc1c(-c2c(OCCCC)c3oc4cc5ccccc5cc4c3c3ccccc23)c2ccccc2c2c1oc1cc3ccccc3cc12,C1CCOC1,406.0
3425,CCC1(CC)c2cc(B(c3c(C)cc(C)cc3C)c3c(C)cc(C)cc3C)ccc2-c2ccc(N(c3ccccc3)c3ccc4c(c3)C(CC)(CC)c3cc(B(c5c(C)cc(C)cc5C)c5c(C)cc(C)cc5C)ccc3-4)cc21,CCCCCC,445.0
3669,Oc1ccc(/N=C/c2ccccc2Oc2ccccc2)cc1,CCOCC,427.0
5128,N#Cc1c(N2CCCCC2)cc(-c2ccc(-c3ccccc3)s2)c2c1CCc1ccccc1-2,C1CCOC1,515.0
10593,Cc1cccc(C)c1Nc1ccc(/C=C/c2cccnc2)cc1,CC#N,450.0
3025,COc1ccc(C#Cc2ccc(-c3nn[nH]n3)cc2)cc1OC,CS(C)=O,365.0
7529,O=C1OCC2=C1C(c1ccccc1)c1cc3c(cc1N2CCO)CCC3,CO,413.0
2588,c1ccc(-c2cccc3ncc(-c4ccccc4)n23)cc1,ClCCl,473.0
9246,CCOc1cc2c(cc1/C=C/C(=C(C#N)C#N)c1ccccc1)c1ccccc1n2CC,CCOC(C)=O,537.0
11371,CC(C)(C)NC(=O)c1ccc(C(=O)NC(C)(C)C)c2c1c1c3ccc(Cl)cc3c3cc(Cl)ccc3c1c1c3ccc(Cl)cc3c3cc(Cl)ccc3c21,ClCCl,476.0
11373,CN(C)c1ccc(-c2cc3ccc([N+](=O)[O-])cc3c(=O)o2)cc1,CC(C)=O,682.0
7518,Fc1ccc(-c2nc3n(c2-c2ccncc2)CCS3)cc1,C1CCCCC1,397.5
11153,CCCCCCCCCCCn1cccc1C1=[N+]2C(=Cc3c(C)cc(C)n3[B-]2(F)F)c2ccccc21,Cc1ccccc1,613.0
8485,C(=C/c1cc2ccccc2c2ccccc12)\c1c2ccccc2cc2ccccc12,C1CCOC1,510.0
733,N#Cc1nc2c3ccc(N(c4ccccc4)c4ccccc4)cc3c3cc(N(c4ccccc4)c4ccccc4)ccc3c2nc1C#N,Cc1ccccc1,566.0
4890,CC(C)(C)c1ccc2c(c1)sc1[n+]2[B-](F)(F)n2c(c3cccc4c(Br)ccc2c43)=N1,CCCCCC,516.0
3488,COc1cc2c(cc1-c1cccs1)Cc1c3c(c4c(c1-2)-c1cc(OC)c(-c2cccs2)cc1C4)C(=O)N(CCC(C)C)C3=O,C1CCOC1,505.0
5820,N#Cc1nc(N(Cc2ccc(Cl)cc2)Cc2ccc(Cl)cc2)c(C#N)nc1N(Cc1ccc(Cl)cc1)Cc1ccc(Cl)cc1,ClC(Cl)Cl,577.0
7748,CCCCCCC(CCCCCC)N1C(=O)c2cccc3c(-c4ccc(-c5ccc(OC)cc5)cc4)ccc(c23)C1=O,CCCCCCCCCCCO,518.2
6876,Cc1ccc(-c2cc(-c3ccccc3Cl)c3c(N)nc(N4CCCC4)c(C#N)c3n2)cc1,ClC(Cl)Cl,508.0
2498,Cc1nn(-c2ccccc2)c2c1c(=O)oc1ccc(-n3c4ccccc4c4cc(-n5c6ccccc6c6ccccc65)ccc43)cc12,Cc1ccccc1,423.0
1433,c1ccc(N(c2ccccc2)c2ccc3c4cccc5c(N(c6ccccc6)c6ccccc6)ccc(c6cccc2c63)c54)cc1,Cc1ccccc1,541.0
2678,Cc1cccc(-c2[nH]c(=O)n3c2-c2ccccc2C3=O)c1O,CC#N,480.0
11027,CC[n+]1c(-c2ccccc2)c2cc(NC(N)=O)ccc2c2ccc(N)cc21,O,601.0
5277,COC(=O)C(Cc1ccc2oc(-c3ccc4c(c3)c3ccccc3n4-c3ccccc3)nc2c1)NC(=O)OC(C)(C)C,CO,392.8501277
3016,CCCCCCn1c2cc(C=C(C#N)C#N)sc2c2sc3c(sc4c5sc(C=C(C#N)C#N)cc5n(CCCCCC)c43)c21,ClCCl,620.0
12226,Cc1ccc2c(CC(=O)NN)coc2c1,CCCCO,398.0
1623,c1ccc(N(c2ccccc2)c2ccc(-c3ccc4c(c3)C3(c5cc(-c6ccc(N(c7ccccc7)c7ccccc7)cc6)ccc5S4)c4ccccc4-c4ccccc43)cc2)cc1,CN(C)C=O,421.1286682
9980,COc1ccc(C2=N/C(=C\c3ccc(C#N)cc3)C(=O)O2)cc1OC,C1COCCO1,489.0
6769,CCCCc1c2ccccc2c(-c2ccc(-c3nc4cc(CC(NC(=O)OC(C)(C)C)C(=O)OC)ccc4o3)cc2)c2ccccc12,CO,463.4994206
10694,Cn1nc(-c2ccccc2)c2nc3cc(Cl)ccc3nc21,C1CCCCC1,487.0
10887,CN(C)CCNc1ccc2c3c(cccc13)C(=O)N(c1ccc(O)cc1)C2=O,CN(C)C=O,523.0
12155,Cc1ccc2occ(CC(=O)NN)c2c1,CCCO,389.0
1953,Fc1ccc(-c2cc3c4c(c2)CCc2cc(-c5ccc(F)cc5)cc(c2-4)CC3)cc1,CCO,375.2446184
8371,CC(C)(C)c1ccc2c(c1)c1cc(C(C)(C)C)ccc1n2-c1cc(C(=O)c2ccncc2)cc(-n2c3ccc(C(C)(C)C)cc3c3cc(C(C)(C)C)ccc32)c1,c1cc(-c2cccc(-n3c4ccccc4c4ccccc43)c2)cc(-n2c3ccccc3c3ccccc32)c1,500.0
5466,O=P(c1ccccc1)(c1ccc(N2c3ccccc3Oc3ccccc32)cc1)c1ccc(N2c3ccccc3Oc3ccccc32)cc1,ClCCl,474.405436
3860,C(S/C=C/c1ccc(/C=C/SC=C2CCCCCC2)cc1)=C1CCCCCC1,ClCCl,422.0
11645,Cc1cc(-c2ccccc2)nc2c1ccc1nc(-c3ccccc3)cn12,CCCCOC(C)=O,449.0
3290,CN(C)c1ccc2c3c(ccc2c1)C(=O)CCC3,CC#N,448.0
902,CCn1c2ccccc2c2cc(/C=C/C(=O)c3ccc4c(c3)c3cc(C(=O)/C=C/c5ccc6c(c5)c5ccccc5n6CC)ccc3n4CC)ccc21,CCOCC,475.0
11902,c1csc(-c2cnc(-c3cccs3)c3nonc23)c1,ClC(Cl)(Cl)Cl,580.0
5598,C#CCn1c2ccccc2c2cc(/C=C/C3=[N+]4C(=C(c5ccc(I)cc5)c5c(C)cc(/C=C/c6ccc7c(c6)c6ccccc6n7CC#C)n5[B-]4(F)F)C(C)=C3)ccc21,CS(C)=O,703.0
12127,CCN(CC)c1ccc2cc(-c3cc(SC)c(C#N)c(=O)o3)c(=O)oc2c1,CCOC(C)=O,554.0
8536,CCCCN1C(=O)c2cccc3c(N(C)C)ccc(c23)C1=O,Cc1ccccc1,486.0
493,CCCCCCCCC1(CCCCCCCC)c2cc(-c3ccc([N+](=O)[O-])cc3)ccc2-c2ccc(-c3ccc([N+](=O)[O-])cc3)cc21,ClC(Cl)Cl,538.0
4417,Nc1cc2ccc3cccc4ccc(c1)c2c34,CCCCOCCCC,432.0
6631,CCCCCCN(c1ccccc1)c1ccc2c(c1)C(CC)(CC)c1cc(/C=C/c3ccc(/C=C(\C#N)C(=O)O)s3)ccc1-2,C1COCCO1,620.0
1617,C[Si](C)(C)c1ccc(C#N)c2ccccc12,C1CCCCC1,333.0
2036,CCN(CC)c1ccc(/C=C/C2=[O+][B-](F)(F)Oc3c2c(=O)oc2cc(N(CC)CC)ccc32)cc1,CC(C)=O,636.0
2127,CN(C)c1ccc(/C=C/C(=O)O)cc1,C1CCOC1,418.0
5763,CN(C)c1ccc(/C=C/c2cc[n+](Cc3cc(C[n+]4ccc(/C=C/c5ccc(N(C)C)cc5)cc4)cc(C[n+]4ccc(/C=C/c5ccc(N(C)C)cc5)cc4)c3)cc2)cc1,CC(C)O,607.0
3473,COc1cc(/C=C/c2cc(OC)c(-c3nc(-c4ccccc4)c(-c4ccccc4)[nH]3)cc2OC)c(OC)cc1/C=C/c1cc(OC)c(-c2nc(-c3ccccc3)c(-c3ccccc3)[nH]2)cc1OC,CC#N,515.0
2357,O=Cc1cnc(-c2c3ccccc3cc3ccccc23)nc1,CCO,438.0
150,COc1ccc2n1[B-](F)(F)[N+]1=C(c3ccccc3)C=CC1=C2c1ccc(C)cc1,Cc1ccccc1,558.0
8406,CCN(CC)c1ccc2c(C#N)c(/C=C(\C#N)c3nc4ccccc4o3)c(=O)oc2c1,CO,695.0
4403,c1ccc(C2(c3ccccc3)c3cc4c(cc3-c3ccc5ccc6cccc7cc2c3c5c67)-c2ccc3ccc5cccc6cc(c2c3c56)C4(c2ccccc2)c2ccccc2)cc1,Cc1ccccc1,411.0
11728,N#Cc1cc2ccc(O)cc2oc1=N,C1CCOC1,412.0
2968,Oc1ccc(/N=C/c2ccccc2Oc2ccccc2)cc1,ClC(Cl)Cl,415.0
11739,Cc1cc(C)c(B(c2cc3c4c(c(B(c5c(C)cc(C)cc5C)c5c(C)cc(C)cc5C)cc5c4c2CCC5)CCC3)c2c(C)cc(C)cc2C)c(C)c1,CCCCCC,456.0
8696,CN(C)CCN(Cc1c2ccccc2cc2ccccc12)c1ccc([N+](=O)[O-])cc1[N+](=O)[O-],ClC(Cl)Cl,394.0
1430,CCN(CC)c1ccc(/C=N/c2cc3nc4ccccc4nc3cc2/N=C/c2ccc(N(CC)CC)cc2O)c(O)c1,CN(C)C=O,599.0
7372,O=[N+]([O-])c1ccc(-n2c3ccccc3c3c2c2ccccc2n3-c2ccccc2)cc1,Cc1ccccc1,660.0
4710,CN(C)CCN(Cc1c2ccccc2cc2ccccc12)c1ccc([N+](=O)[O-])cc1[N+](=O)[O-],C1CCCCC1,391.0
11907,O=C1C=C(Nc2ccccc2)CCC1,CO,370.0
1935,CCCCNc1ccc2c3c(cccc13)C(=O)N(c1ccc(O)cc1)C2=O,CN(C)C=O,520.0
4829,CC1=C(c2ccccc2)C2=Cc3c(-c4ccccc4)c(C)c(C)n3[B-](F)(F)[N+]2=C1C,CC#N,549.0
708,N#Cc1ccc(/C=C/c2ncc(-c3ccccc3)o2)cc1,ClCCl,450.0
4253,O=C1NC(=O)/C(=C\c2ccccc2O)S1,CO,428.0
10710,c1ccc(-n2c(-c3ccc(-c4ccc(-c5ccc(-c6nc7c8ccccc8c8ccccc8c7n6-c6ccccc6)cc5)cc4)cc3)nc3ccccc32)cc1,C1CCOC1,435.0
2483,CN(C)c1ccc(-c2cc(-c3ccc(C(F)(F)F)cc3)nn2C)cc1,ClCCl,448.0
6552,CNc1cccc2c1C(=O)c1ccccc1C2=O,CCCCCC,560.0
2531,Cc1cccc2cc(-c3cc4cccc(C)c4oc3=O)oc12,O,488.0
1491,CC1=CC(C)=[N+]2C1=C(c1ccccc1)c1c(C)cc(C)n1[B-]2(F)F,C1CCOC1,511.0
7369,C[Si](C)(C)c1ccc2ccc3c([Si](C)(C)C)ccc4ccc1c2c43,ClCCl,381.0
1090,CC(C)(C)NC(=O)c1cccc2ccc3c4cc(Cl)ccc4c4ccc(Cl)cc4c3c12,ClCCl,407.0
35,CCCC1(CCC)c2cc(-c3ccc(C(C)(C)C)cc3)ccc2-c2ccc(-c3ccc4c(c3)C(CCC)(CCC)c3cc(-c5ccc6c(c5)C(CCC)(CCC)c5cc(-c7ccc(C(C)(C)C)cc7)ccc5-6)ccc3-4)cc21,C1CCCCC1,408.0
11347,COc1ccc(C#Cc2ccc(C#N)cc2)cc1OC,CS(C)=O,462.0
3578,Clc1ccccc1N1c2sc3ccccc3c2Sc2c1sc1ccccc21,ClCCl,541.0
4096,COC(=O)C(Cc1ccc2oc(-c3ccc(N(C)C)cc3)nc2c1)NC(=O)OC(C)(C)C,CCCCCCO,397.9941097
9995,COc1ccc(/C=C/C2=CC(/C=C/c3ccc(OC)cc3)=[O+][B-](F)(F)O2)cc1,CCOCC,497.0
2564,[O-][n+]1c(/C=C/c2ccccc2)nc(Nc2ccccc2)c2c1CCCC2,ClCCl,508.0
5893,CC(C)(C)c1ccc2c(c1)c1cc(C(C)(C)C)ccc1n2-c1ccc(-c2nc(-c3ccc(P(=O)(c4ccccc4)c4ccccc4)cc3)nc(-c3ccc(P(=O)(c4ccccc4)c4ccccc4)cc3)n2)cc1,ClCCl,530.7793923
4706,O=CC1=Cc2c(-c3ccccc3)oc(-c3ccccc3)c2C=C(C=O)C1,ClCCCl,460.0
4387,c1cc2ccc3cc4cccc5ccc6cc(c1)c2c3c6c54,CO,436.0
428,CN1C(=CC2=C([O-])C(=Cc3sc4ccccc4[n+]3C)C2=C(C#N)C#N)C(C)(C)c2ccccc21,ClC(Cl)Cl,708.0
11849,COc1ccc2c(-c3nc(-c4cccc(C)c4)no3)cc(=O)oc2c1,CCO,464.0
10556,Fc1ccc(-c2nc3n(c2-c2ccncc2)CCS3)cc1,Cc1ccccc1,412.0
3349,Cc1c2ccccc2c(C2=C3C=CC=[N+]3[B-](F)(F)n3cccc32)c2ccccc12,CCO,528.0
6671,CN(C)c1ccc2c3c(ccc2c1)C(=O)CCC3,CC(C)O,482.0
3002,Cc1ccc(NC(=O)c2sc(Br)nc2C)cc1,CO,403.0
5358,CCCCCOc1ccc2c(c1)c1ccc3cccc4c5cccc6oc(=O)c2c(c65)c1c34,C1CCOC1,462.0
5843,O=c1c2cc(C#Cc3ccc(Cl)cc3)ccc2nc2ccc(C#Cc3ccc(Cl)cc3)cn12,ClCCl,478.0
11790,O=S(=O)(/N=c1\oc2cccc3c4c(-c5ccccc5)oc5cccc(c(c1-c1ccccc1)c23)c54)C(F)(F)F,O,601.0
5354,CN(C)c1ccc(/C=C/c2cc[n+](Cc3cc(C[n+]4ccc(/C=C/c5ccc(N(C)C)cc5)cc4)cc(C[n+]4ccc(/C=C/c5ccc(N(C)C)cc5)cc4)c3)cc2)cc1,CS(C)=O,627.0
11079,Cc1cc(C2(c3cc(C)c(O)c(Br)c3)OS(=O)(=O)c3ccccc32)cc(Br)c1O,CO,502.0
9222,O=C1NC(=O)[C@H]([C@H]2C[C@H](O)[C@@H](CO)O2)C=C1C#Cc1ccc2c(c1)C(=O)c1ccccc1-2,ClC(Cl)Cl,536.0
2128,CN(C)c1ccc(/C=C/c2cc[n+](CCC[n+]3ccc(/C=C/c4ccc(N(C)C)cc4)cc3)cc2)cc1,O,597.0006686
9314,COc1cc(OC)c2c(c1)C(=O)c1ccccc1-2,CC#N,592.0
8005,Cc1ccc(/C=C/c2nc3ccccc3s2)cc1,CO,405.0
2848,CC1=N/C(=C\c2ccc(N(C)C)cc2)C(=O)N1C,CO,492.0
10448,CCCCNc1nc(/C=C/c2ccccc2)[n+]([O-])c2c1CCCC2,ClCCl,520.0
704,Cc1ccc(C2=C3C=CC(/C=C/c4ccccc4)=[N+]3[B-](F)(F)n3c(Cl)ccc32)cc1,ClC(Cl)Cl,585.0
6143,CCCCN1C(=O)C(=C/C=C/C=C2N(CCCC)c3ccccc3N2CCCC)C(=O)N(CCCC)C1=S,Cc1ccccc1,598.0
6532,N#Cc1c(-c2ccccc2)cc(-c2ccccc2)[nH]c1=S,C1CCCCC1,510.0
7711,C[N+]1=C(/C=C/C2=C3Oc4c(cc5c6c4CCCN6CCC5)C(c4ccccc4C(=O)O)=C3CCC2)C(C)(C)c2c1ccc1ccccc21,CCO,763.0
9171,CN(C)c1ccc(/C=C/c2cc(/C=C/c3ccc(N(C)C)cc3)nc(/C=C/c3ccc(N(c4ccccc4)c4ccccc4)cc3)n2)cc1,CCCCCCC,451.0
9603,CC(=O)c1nc(-c2ccc(N(C)C)cc2)oc1C,CCOCC,368.0
5664,CCn1c2ccccc2c2c3nsnc3c3c4ccccc4n(CC)c3c21,Cc1ccccc1,470.0
608,Cc1cc2c3ccccc3oc2c2[nH]c3ccccc3c12,ClCCl,353.0
2157,N#Cc1c(-c2ccc([N+](=O)[O-])cc2)cc(-c2ccc([N+](=O)[O-])cc2)[nH]c1=O,C1CCOC1,492.0
4879,Cc1cccc(C)c1,C1CCCCC1,291.5451895
2210,Cc1ccc2occ(CC(=O)NN)c2c1,CC#N,400.0
11422,c1ccc2c(c1)-c1ccccc1C21c2cc(-c3ccc(-n4c5ccccc5c5ccccc54)cc3)ccc2Sc2ccc(-c3ccc(-n4c5ccccc5c5ccccc54)cc3)cc21,CCCCCC,398.7358916
3034,CN1/C(=C/C=C(/C=C/C2=[N+](C)c3ccccc3C2(C)C)c2cc(F)cc(F)c2)C(C)(C)c2ccccc21,CCO,661.0
2879,N#CC(C#N)=C(/C=C/c1ccc(N(c2ccccc2)c2ccccc2)cc1)c1ccc2c3c(cccc13)CC2,C1CCOC1,617.0
5888,CCN(CC)c1ccc2cc(/C=C/C3=CC(/C=C/c4cc5ccc(N(CC)CC)cc5oc4=O)=[O+][B-](F)(F)O3)c(=O)oc2c1,CN(C)C=O,729.0
5066,CCNc1ccc(NCC)c2c1C(=O)c1ccccc1C2=O,CS(C)=O,672.0
1593,N=c1oc2ccccc2cc1-c1ccc([N+](=O)[O-])cc1,CS(C)=O,589.0
8424,CCCCn1c2c(-c3ccc(N(c4ccccc4)c4ccccc4)cc3)cc(C#N)cc2c2cc(C#N)cc(-c3ccc(N(c4ccccc4)c4ccccc4)cc3)c21,C1CCOC1,449.0
9069,COc1cc2c(cc1OC)C1=C[C@H](c3ccc(Cl)cc3)C3(C(C#N)=C(C#N)N1CC2)c1cc(Br)ccc1-c1ccc(Br)cc13,ClCCl,420.0
758,CC1(C)c2ccccc2N(c2ccccc2)c2ccc(-c3ccc(C(=O)c4ccc(-c5ccc6c(c5)C(C)(C)c5ccccc5N6c5ccccc5)cc4)cc3)cc21,O=P(c1ccccc1)(c1ccccc1)c1ccccc1Oc1ccccc1P(=O)(c1ccccc1)c1ccccc1,475.0
6051,c1ccc2c(c1)c1ccccc1n2-c1ccc(-c2nnc(-c3ccc(-n4c5ccccc5c5ccccc54)cc3)o2)cc1,O=P(c1ccccc1)(c1ccccc1)c1ccccc1Oc1ccccc1P(=O)(c1ccccc1)c1ccccc1,414.0
3592,FC(F)(F)c1ccc(/C=C/c2ccc(-c3nnc(-c4ccc(-c5cc6ccccc6s5)cc4)o3)cc2)cc1,CS(C)=O,397.0
5333,Cc1ccc(/C=N/c2cc(C(C)C)c(O)cc2C)cc1,CCCCO,417.0
7051,C(=C/c1c[nH]c2ccc(Oc3ccccc3)cc12)\C1=[NH+]c2cccc3cccc1c23,CO,584.0
12165,Nc1cc(N)cc(-c2nc3ccccc3s2)c1,CC#N,482.0
6329,CN(C)c1ccc(C(=Cc2ccc(/C=C/c3ccc(C#N)cc3)cc2)c2ccc(N(C)C)cc2)cc1,C1CCOC1,481.0
6921,COC(=O)CC1(C(=O)OC)Oc2c(c(C(C)=O)c3c(c2C(C)=O)OCO3)O1,CC#N,532.0
7631,COc1cc(/C=C/c2nc3ccccc3s2)c(OC)cc1/C=C/c1nc(C)nc(/C=C/c2cc(OC)c(/C=C/c3nc4ccccc4s3)cc2OC)n1,ClC(Cl)Cl,500.0
399,O=[N+]([O-])c1ccc([N+]2=Cc3ccc4ccccc4c3O[B-]2(F)F)cc1,ClCCl,515.0
930,CNc1cccc2c1-c1ccccc1C2=O,c1ccccc1,570.0
9272,CCN(CC)c1ccc2cc(-c3ccc(-c4ccc(-c5cc6ccc(N(CC)CC)cc6oc5=O)cc4)cc3)c(=O)oc2c1,ClCCl,484.0
542,FC(F)(F)c1ccc(/C=C/c2nc(/C=C/c3ccc(N(c4ccccc4)c4ccccc4)cc3)cc(/C=C/c3ccc(N(c4ccccc4)c4ccccc4)cc3)n2)cc1,ClCCl,554.0
10084,NS(=O)(=O)c1ccc(N2N=C(c3ccc(O)cc3)CC2c2ccc([N+](=O)[O-])cc2)cc1,CS(C)=O,425.0
8271,Brc1cc(/C=C/c2ccc(N(c3ccccc3)c3ccccc3)cc2)c(Br)cc1/C=C/c1ccc(N(c2ccccc2)c2ccccc2)cc1,ClCCl,528.0
3540,O=S(=O)(c1ccc(-c2ccc(-c3nc4c5ccccc5c5ccccc5c4n3-c3ccccc3)cc2)cc1)c1ccc(-c2ccc(-c3nc4c5ccccc5c5ccccc5c4n3-c3ccccc3)cc2)cc1,CCCCOCCCC,420.0
11530,N#Cc1cc2ccc(O)cc2oc1=O,ClC(Cl)Cl,408.0
1418,CC1=C(Cc2ccccc2)C(C)=[N+]2C1=C(C)c1c(C)c(-c3csc(N4CCOCC4)n3)c(C)n1[B-]2(F)F,CC(C)O,543.0
4345,CN(C)c1ccc(C=C2Cc3ccccc3C2=O)cc1,CCOC(C)=O,497.0
1989,CC1=CC(C)=[N+]2C1=C(c1c3ccccc3cc3ccccc13)c1c(C)cc(C)n1[B-]2(F)F,CN(C)C=O,518.0
5937,CN(C)c1ccc(/C=C/C=C2\CC/C(=C\c3ccc(N(C)C)cc3)C2=O)cc1,CC(C)=O,650.0
5090,CCCCC1(c2ccccc2)Nc2c(-c3ccc(N(C)C)cc3)ccc(-c3ccc(N(C)C)cc3)c2N=C1c1ccccc1,CN(C)C=O,596.0
4885,CCC1(CC)c2cc(B(c3c(C)cc(C)cc3C)c3c(C)cc(C)cc3C)ccc2-c2ccc(N(c3ccccc3)c3ccc4c(c3)C(CC)(CC)c3cc(B(c5c(C)cc(C)cc5C)c5c(C)cc(C)cc5C)ccc3-4)cc21,ClC(Cl)Cl,477.0
2055,C(=C/c1cccc2ccccc12)\c1ccc(-c2nnc(-c3ccc(-c4cc5ccccc5s4)cc3)o2)cc1,CCCCCCCC,426.0
11616,CCCCn1c2ccc(C#Cc3cccs3)cc2c2c1c1c3ccc(C#Cc4cccs4)cc3n(CCCC)c1c1c3ccc(C#Cc4cccs4)cc3n(CCCC)c21,C1CCOC1,430.0
367,COc1ccc(/C=N/c2cc(C(C)C)c(O)cc2C)cc1,CCOC(C)=O,407.0
1393,CCCCN1C(=O)C(=CC=C2N(CCCC)c3ccccc3N2CCCC)C(=O)N(CCCC)C1=S,CCCCCC,488.0
9815,COc1ccc(-n2nc(C#N)c(N3CCCC3)n2)cc1OC,CC#N,417.0
4702,COc1cc(-c2nnc(-c3ccc4ccc5cccc6ccc3c4c56)o2)cc(OC)c1OC,CCCCCC,423.0
4442,C(#Cc1ccc(-n2c3ccccc3c3ccccc32)cc1)c1ccc(-c2nc(-c3ccc(C#Cc4ccc(-n5c6ccccc6c6ccccc65)cc4)cc3)nc(-c3ccc(C#Cc4ccc(-n5c6ccccc6c6ccccc65)cc4)cc3)n2)cc1,CC#N,565.0
4194,CN(C)c1ccc(/C=C/c2cc(/C=C/c3ccc(N(C)C)cc3)nc(/C=C/c3ccc(C(F)(F)F)cc3)n2)cc1,CS(C)=O,592.0
4429,CC[N+]1(CC)CN2C(=N1)C(C(=O)[O-])=Cc1ccccc12,O,458.0
10507,CC(C)n1c2cc(O)c(F)cc2c(=O)c2cc(F)c(O)cc21,CCO,438.0
11771,CN(C)c1ccc2c(-c3ccc(C(=O)[O-])cc3C(=O)[O-])c3ccc(=[N+](C)C)cc-3oc2c1,O,578.0
7441,CC1=CC(C)=[N+]2C1=Cc1c3ccccc3c(C#Cc3ccccc3)n1[B-]2(F)F,CN(C)C=O,624.0
63,Cc1cc(-n2c3ccccc3c3ccccc32)ccc1-c1ccc(S(=O)(=O)c2ccccc2)cc1C,ClCCl,419.8553055
4374,CCCCC(CC)CN1C(=O)c2cccc3c(C#Cc4ccc(N(c5ccccc5)c5ccc(C#Cc6ccc7c8c(cccc68)C(=O)N(CC(CC)CCCC)C7=O)cc5)cc4)ccc(c23)C1=O,CC#N,549.0
3312,CCCCCCCCCCCCCCCCOC(=O)c1ccc(N(c2ccccc2)c2ccccc2)cc1,C1CCOC1,428.0
134,CC[N+]1(CC)CN2C(=N1)C(C(=O)O)=Cc1ccc(Cl)cc12,O,459.0
5412,COC(=O)C(NC(=O)OC(C)(C)C)c1ccc2oc(-c3cc(OC)c(OC)c(OC)c3)nc2c1,CO,373.0
11317,CC(C)(C)c1ccc(-c2cc3c(-c4ccc(C(C)(C)C)cc4)c4cccc5c(-c6ccc(C(C)(C)C)cc6)cc6c(-c7ccc(C(C)(C)C)cc7)c7cccc2c7c3c6c54)cc1,CO,462.0
10976,CC(C)CN1C(=O)/C(=C/c2ccc(C#N)cc2)C=C1c1ccccc1,C1COCCO1,598.0
10042,c1ccc(-c2c3ccccc3nc3cc4ccccc4cc23)cc1,ClCCl,525.0
2344,O=P(c1ccccc1)(c1ccccc1)c1cccc(-c2nc3ccccc3n2-c2cccc(P(=O)(c3ccccc3)c3ccccc3)c2)c1,ClCCl,376.0
3526,F[B-]1(F)OC(c2ccc(C(F)(F)F)cc2)=Cc2cc(Cl)nc[n+]21,CCCCCC,421.0
5353,C(=C/c1ccc(/C=C/c2ccc(N(c3ccccc3)c3ccccc3)cc2)c2nsnc12)\c1ccc(N(c2ccccc2)c2ccccc2)cc1,C1CCOC1,637.0
4084,Brc1ccc(-c2nc(-c3ccc(C#Cc4ccc(-n5c6ccccc6c6ccccc65)cc4)cc3)nc(-c3ccc(C#Cc4ccc(-n5c6ccccc6c6ccccc65)cc4)cc3)n2)cc1,C1CCOC1,465.0
5942,CCCCCCC(CCCCCC)N1C(=O)c2cccc3c(-c4ccc(OC)cc4)ccc(c23)C1=O,CCCCCCCCCCCO,476.4
10310,CN(C)c1ccc(C#Cc2cc3ccc4cc(C#Cc5ccc(N(C)C)cc5)cc5ccc(c2)c3c45)cc1,Cc1ccccc1,436.0
696,CN(C)c1ccc(/C=C2\CC/C(=C\c3ccc(N(C)C)cc3)C2=O)cc1,CCO,613.0
427,N#Cc1ccc(/C=C/C=C/c2ccc([N+](=O)[O-])cc2)cc1,CC#N,539.0
7663,CCCCCCc1ccc(-n2c3c4cccc(OC)c4nc(-c4ccc(C#N)cc4)c3c3c2c2c(-c4ccc(C#N)cc4)nc4c(OC)cccc4c2n3-c2ccc(CCCCCC)cc2)cc1,ClC(Cl)Cl,504.0
1579,CCc1ccc(-c2ccc(-c3nnc(-c4ccc(-c5nnc(-c6ccc(-c7ccc(CC)cc7)s6)o5)cc4)o3)s2)cc1,CC#N,413.0
6742,CCOc1ccc2c(-c3nc(-c4ccccc4)no3)cc(=O)oc2c1,ClC(Cl)Cl,454.0
7719,CC(C)(C)c1ccc2c(c1)c1cc(C(C)(C)C)ccc1n2-c1ccccc1-c1nc(-c2ccccc2-n2c3ccc(C(C)(C)C)cc3c3cc(C(C)(C)C)ccc32)nc(-c2ccccc2P(=O)(c2ccccc2)c2ccccc2)n1,CC#N,546.0431655
3447,C[Si](C)(C)[Si](c1ccc([Si]([Si](C)(C)C)([Si](C)(C)C)[Si](C)(C)C)s1)([Si](C)(C)C)[Si](C)(C)C,ClCCl,355.0
8102,CC(C)(C)c1ccc2c(c1)c1cc(C(C)(C)C)ccc1n2-c1ccc(C#Cc2ccc(C#Cc3ccc(-n4c5ccc(C(C)(C)C)cc5c5cc(C(C)(C)C)ccc54)cc3)cc2)cc1,Cc1ccccc1,400.0
8985,CCc1ccc(-c2nc(-c3ccc(-n4c5ccccc5c5ccccc54)cc3)cc(-c3ccc(-n4c5ccccc5c5ccccc54)cc3)n2)cc1,CN(C)C=O,482.0
2351,CC1(C)CC(=O)c2c(F)c(C(F)(F)F)c(F)c(F)c2N1,CCO,453.0
10056,COc1ccc(-c2cc(-c3ccccc3)c3n2[B-](F)(F)[N+]2=C4C=NC=CN4[B-](F)(F)[N+]2=C3)cc1,ClCCl,565.0
4816,CCCCN(CCCC)c1ccc(C#Cc2cc(C#Cc3ccc(N(CCCC)CCCC)cc3)c(C#Cc3cc(C(F)(F)F)cc(C(F)(F)F)c3)cc2C#Cc2cc(C(F)(F)F)cc(C(F)(F)F)c2)cc1,ClCCl,552.0
3126,COC(=O)c1ccc(C#Cc2ccc(N(C)C)cc2)cc1,CC(C)CC(C)(C)C,377.5009438
676,Nc1ccc2c(c1)C(=O)c1ccc(N)cc1C2=O,CCOC(C)=O,547.6
4498,CC(C)(C)c1ccc(C2=CC(c3ccccc3)=[N+]3C2=Nc2c(-c4ccc(C(C)(C)C)cc4)cc(-c4ccccc4)n2[B-]3(F)F)cc1,C1CCOC1,681.0
10944,CCC1(CC)c2ccccc2-c2ccc(C#Cc3ccc4ccc5cccc6ccc3c4c56)cc21,CCOC(C)=O,406.0
8513,O=C(O)c1ccc(-c2nc(-c3ccccc3)c(-c3ccccc3)[nH]2)cc1,CO,414.5
7163,COc1cc2c(cc1OC)C1=C[C@H](c3ccccc3)C3(C(C#N)=C(C#N)N1CC2)c1cc(Br)ccc1-c1ccc(Br)cc13,ClCCl,403.0
8031,c1ccc(-c2nc3c(-c4ccc(N(c5ccccc5)c5ccccc5)cc4)ccc(-c4ccc(N(c5ccccc5)c5ccccc5)cc4)c3nc2-c2ccccc2)cc1,ClC(Cl)Cl,570.0
5153,Oc1ccc2ncccc2c1,CCCC#N,358.0
6743,Nc1ccc2c(c1)C(=O)N(C13C[C@H]4C[C@@H](C1)C[C@@H](C3)C4)C2=O,CO,516.0
6453,COC(=O)c1nc2c(OCc3ccccc3)nc(N)nc2n1Cc1ccccc1,ClCCl,371.0
6440,[NH3+]c1cc([NH3+])cc(-c2nc3ccccc3s2)c1,O,402.0
6436,O=S1(=O)c2ccc(-c3ccc(-n4c5ccccc5c5ccccc54)cc3)cc2C2(c3ccccc3-c3ccccc32)c2cc(-c3ccc(-n4c5ccccc5c5ccccc54)cc3)ccc21,ClCCl,432.0
8452,O=C1c2ccccc2-c2ccc(N3CCOCC3)c3cccc1c23,CCCCCC,529.0
9673,CCCCN(CCCC)c1ccc(/C=C/c2ccc3nc(/C=C/c4ccc(N(C)C)cc4)c(-c4ccccc4)nc3c2)cc1,CC#N,661.0
9775,CCOC(=O)COc1ccc(/C=C/c2cc(C)c3n2[B-](F)(F)[N+]2=C(c4[nH]c(C)cc4C)c4ccccc4C2=C3)cc1,Cc1ccccc1,707.0
9157,Cc1ccc(-c2c3nc(c(-c4ccc(C)cc4)c4ccc(s4)c(-c4ccco4)c4nc(c(-c5ccc(C)cc5)c5ccc2s5)C=C4)C=C3)cc1,ClCCl,720.0
12204,O=C([O-])c1ccccc1-c1c2cc(I)c(=O)c(I)c-2oc2c(I)c([O-])c(I)cc12,CC(C)O,557.0
6746,N#Cc1ccc(Oc2ccc3c4c(cccc24)C(=O)N(CCO)C3=O)cc1,ClC(Cl)Cl,413.0
7919,CCCCCCCCCCOc1cc(OCCCCCCCCCC)cc(C2=C3C(/C=C/c4ccc(OC)cc4)=C(C#Cc4ccc(C(C)(C)C)cc4)C(/C=C/c4ccc(OC)cc4)=[N+]3[B-](F)(F)n3c(/C=C/c4ccc(OC)cc4)c(C#Cc4ccc(C(C)(C)C)cc4)c(/C=C/c4ccc(OC)cc4)c32)c1,ClC(Cl)Cl,756.0
2487,CC1=CC(C)=[N+]2C1=C(c1ccccc1)c1c(C)cc(/C=C/c3ccccc3)n1[B-]2(F)F,CC#N,569.0
10983,COc1ccc(N(c2ccccc2)c2cc3ccc4cc(N(c5ccccc5)c5ccc(OC)cc5)cc5ccc(c2)c3c45)cc1,Cc1ccccc1,482.0
11289,Cc1ccc(C)n1-c1cccc(C#N)c1,CCCCCC,403.0
2452,O=C(O)C1CCCN1C(=O)c1ccc(C2CC(c3cccc4ccccc34)=NN2c2ccccc2)cc1,O,468.0
740,N#CC(C#N)=Cc1ccc(-c2ccc(-c3nc4ccccc4s3)c(O)c2)s1,ClCCl,503.0
0,CC(C)(C)c1ccc(-c2nc3c4ccc(-c5c6ccccc6cc6ccccc56)cc4c4cc(-c5c6ccccc6cc6ccccc56)ccc4c3n2-c2ccc(C(C)(C)C)cc2)cc1,ClCCl,442.0
5743,O=Cc1ccc2ccc3cccc4ccc1c2c34,ClCCl,417.0
8978,CN(C)c1ccc(/C=C/C=N/N=C/c2ccc3ccc4cccc5ccc2c3c45)cc1,CC(C)O,472.0
4786,CCN(CC)c1ccc2cc(/C=C/C3=C4CC/C(=C\c5cc6ccc(N(CC)CC)cc6oc5=O)C4=[O+][B-](F)(F)O3)c(=O)oc2c1,C1COCCO1,675.0
9343,N#CC(C#N)=C(/C=C/c1ccc(N(c2ccccc2)c2ccc(/C=C/C(=C(C#N)C#N)c3ccccc3)cc2)cc1)c1ccccc1,CC#N,652.0
10219,O=C1/C(=C2\Sc3ccc(S(=O)(=O)O)cc3C2=O)Sc2ccc(S(=O)(=O)O)cc21,CS(C)=O,629.0
9782,CCOC(=O)c1ccc(N)cc1,CCCCCC,314.8058252
3679,Cc1ccc(C#Cc2ccc3ccc4cccc5ccc2c3c45)cc1,CCOC(C)=O,391.0
8422,CN(C)c1ccc(/C=C/c2ccc(-c3cc(-c4ccccn4)nc(-c4ccccn4)c3)cc2)cc1,C1COCCO1,485.0
8919,COC(=O)c1nc(-c2ccccc2)oc1C,CCO,324.0
6714,c1ccc(-c2nc(-c3ccc(-c4ccc(N(c5ccccc5)c5ccccc5)cc4)cn3)oc2-c2ccccc2)cc1,CC#N,507.0
5270,O=C1CC(c2cccc([N+](=O)[O-])c2)c2c(c3ccccc3c3nc4ccccc4nc23)O1,CCOC(C)=O,429.0
10517,O=C(N/N=C/c1ccccc1O)c1ccccc1,C1CCOC1,306.0
8136,c1ccc(-c2ccc(-c3ccccc3)cc2)cc1,C1COCCO1,342.0
11896,CCc1ccc(/C=N/c2cc(C(C)C)c(O)cc2C)cc1,CO,428.0
5363,c1ccc(-n2c(-c3cccc4ccccc34)nc3c4cccc5ccc6cccc(c6c54)c32)cc1,CS(C)=O,436.0
7063,c1ccc(-n2c(-c3cccc(-c4c5ccccc5c(-c5cccc(-n6c7ccccc7c7ccccc76)c5)c5ccccc45)c3)nc3c4ccccc4c4ccccc4c32)cc1,ClCCl,414.0
7740,C[Si]1(C)O[Si](C)(C)c2cc3c(-c4ccc(F)cc4)c4ccccc4nc3cc21,ClCCl,503.0
5228,Nc1ccc2c3cccc4cccc(c5cccc1c52)c43,C1CCCCC1,500.0
6755,COc1cc(OC)c2c3c([nH]c2c1)C(=O)CCC3,CCCCCCCCO,438.0
4549,COc1ccc(C(=Cc2ccc(C#N)cc2)c2ccc(OC)cc2)cc1,C1CCOC1,395.0
7278,O=C(N/N=C/c1ccccc1O)c1ccc([N+](=O)[O-])cc1,CC(C)=O,427.0
7371,COc1ccc2c3c(cccc13)C(=O)N(C)C2=O,C1CCOC1,430.0
9864,Cc1n[nH]c2c1C(c1ccc([N+](=O)[O-])cc1)C(C#N)=C(N)O2,C1CCOC1,393.0
12053,O=C(c1ccc(N(c2ccccc2)c2ccccc2)cc1)[C@H]1[C@H](c2ccc(F)cc2)C[C@](O)(c2ccccn2)C[C@]1(O)c1ccccn1,c1ccccc1,485.0
9731,C#CCOc1ccc(/C=C/C2=[N+]3C(=C(c4ccc(N(CC)CC)cc4)c4c(C)cc(C)n4[B-]3(F)F)C(C)=C2)cc1,CO,582.0
4028,CCCCCCCCCCCCC(CCCCCCCCCC)Cn1c2cc(/C=C/C=C(C#N)C#N)c3cccc4c5cccc6c(/C=C/C=C(C#N)C#N)cc1c(c65)c2c34,Cc1ccccc1,668.0
5015,COc1ccccc1C1=C2C(C)=CC(C)=[N+]2[B-](F)(F)n2c(C)cc(C)c21,CC#N,512.0
7708,COc1cc2oc(=O)c3c4ccc(C=O)cc4c4ccc5cccc6c(c1)c2c3c4c56,C1CCOC1,442.0
7625,CC1(C)CC(=O)C2=C(C1)Oc1ccc3ccc(O)cc3c1C2c1ccccn1,CO,346.0
11619,CCN(CC)/C(C)=N\c1ccc2c3c(cccc13)C(=O)c1ccccc1-2,CCOC(C)=O,612.0
216,CCn1c2ccccc2c2cc(/C=C/c3cccc(/C=C/c4ccc5c(c4)c4ccccc4n5CC)[n+]3CCCS(=O)(=O)[O-])ccc21,C1CCOC1,581.0
6286,N#CC(C#N)=C(/C=C/c1ccc(N(c2ccccc2)c2ccc(/C=C/C(=C(C#N)C#N)c3ccccc3)cc2)cc1)c1ccccc1,CC(C)=O,643.0
3033,COc1ccc2c(c1)-c1cc(OC)ccc1C2=O,C1CCCCC1,490.0
9261,CCC1=C(C)C2=C(C)c3c(C)c(CC)c(C)n3[B-](F)(F)[N+]2=C1C,CCCO,534.0
7087,O=C1OCC2=C1C(c1ccccc1)c1cc3c(cc1N2CCO)CCC3,C1COCCO1,392.0
921,CCc1ccc(/C=C/c2ccc(-c3nnc(-c4ccc(-c5cc6ccccc6s5)cc4)o3)cc2)cc1,CCCCCCCC,389.0
866,Cc1sc(Cl)cc1-c1nc(-c2ccccc2)[nH]c1-c1cc(Cl)sc1C,CC#N,381.0
6934,Cc1ccc(N(c2ccc(C)cc2)c2c3ccccc3c(N(c3ccc(C)cc3)c3ccc(C)cc3)c3ccccc23)cc1,Cc1ccccc1,533.0
8614,CN(C)c1ccc(/C=C/c2nc3c4ccccc4c4ccccc4c3[nH]2)cc1,CN(C)C=O,478.0
17,Cc1cc2c(cc1[N+](=O)[O-])NC(=O)CC(=O)N2,CS(C)=O,350.0
8375,COc1cc(OC)cc(C2=C3C(C)=C(I)C(/C=C/c4ccsc4)=[N+]3[B-](F)(F)n3c(/C=C/c4ccsc4)c(I)c(C)c32)c1,ClCCl,682.0
7346,O=C(O)c1cc2c(ccc3ccccc32)oc1=O,CCCCO,440.0
4502,CN(C)c1ccc(C#Cc2cc(C#Cc3ccc(C(F)(F)F)cc3)c3ccc4c(C#Cc5ccc(C(F)(F)F)cc5)cc(C#Cc5ccc(N(C)C)cc5)c5ccc2c3c54)cc1,ClCCl,608.0
10586,CCC[n+]1ccc(/C=C/c2ccc(N(C)C)cc2)cc1,ClCCl,560.0
6740,CCOC(=O)c1sc(SC)c2c(=O)[nH]nnc12,CC#N,478.0
7586,CC1=CC(C)=[N+]2C1=C(c1ccc(-c3ccc(O)cc3)s1)c1c(C)cc(C)n1[B-]2(F)F,Cc1ccccc1,528.0
3601,C[n+]1ccc(/C=C/c2ccc3cc(O)ccc3c2)cc1,CC(C)O,563.0
10707,Cc1cc(=O)oc2cc3c4ccccc4c4ccccc4c3cc12,CO,420.0
3295,c1ccc(N(c2ccccc2)c2ccc(-c3ncnc4ccccc34)cc2)cc1,C1CCOC1,508.0
10008,CCCCc1ccc2ccc3c(CCCC)cc(CCCC)c4ccc1c2c34,CCCCCC,384.0
3448,F[B-]1(F)n2cccc2C(c2ccccc2)=C2C=CC(c3cccc(OC4=[N+]5C(=C(c6ccccc6)c6cc(Br)c(-c7ccc[nH]7)n6[B-]5(F)F)C=C4Br)c3)=[N+]21,ClC(Cl)Cl,644.0
1783,COc1cc(OC)cc(C2=C3C(C)=C(I)C(/C=C/c4c[nH]c5ccccc45)=[N+]3[B-](F)(F)n3c(/C=C/c4c[nH]c5ccccc45)c(I)c(C)c32)c1,ClCCl,735.0
5822,O=c1c2cc(F)c(N3CCCCC3)cc2sc2cc(N3CCCCC3)c(F)cc12,CCO,487.0
6479,CCOc1cc2c(cc1/C=C/C1=CC(=C(C#N)C#N)CC(C)(C)C1)c1ccccc1n2CC,CN(C)C=O,635.0
4401,Cc1ccc2c(c1)c1cc(Br)ccc1n2-c1c(C#N)c(-n2c3ccc(Br)cc3c3cc(Br)ccc32)c(-n2c3ccc(Br)cc3c3cc(Br)ccc32)c(C#N)c1-n1c2ccc(Br)cc2c2cc(Br)ccc21,Cc1ccccc1,546.0
5323,O=c1oc2ccccc2cc1-c1ccc(-c2cc3ccccc3oc2=O)cc1,CC#N,426.0
795,CC(=O)c1nc(-c2ccc(N(C)C)cc2)oc1C,CCO,377.0
3204,Nc1ccc2c(c1)C(=O)NC2=O,C1COCCO1,435.0
11398,COc1ccc(-c2nc(-c3cccc(C#N)c3)[nH]c2-c2ccc(OC)cc2)cc1,CO,478.0
4398,O=Cc1ccc2c(c1)c1ccccc1n2-c1cc2ccccc2c2ccccc12,CC#N,416.0
6568,CC1(C)c2cc(C#N)ccc2-c2ccc(N3c4ccccc4Oc4ccccc43)cc21,C1CCCCC1,433.0
9969,CN(C)c1ccc(C(=O)Nc2ccc(Cl)cc2)cc1,CC#N,498.0
5262,O=Cc1ccc2c(c1)c1ccccc1n2-c1cc2ccccc2c2ccccc12,ClCCl,402.0
11936,CN(C)c1ccc(-c2cc3c(s2)c(C(=O)c2ccccc2)cc(=O)n3Cc2ccccc2)cc1,CC#N,521.0
6885,Cc1cc(C)c(C2=C3C=C(c4ccc(C(C)(C)C)cc4)C(c4ccc(C(C)(C)C)cc4)=[N+]3[B-](F)(F)n3c2cc(-c2ccc(C(C)(C)C)cc2)c3-c2ccc(C(C)(C)C)cc2)c(C)c1,ClCCl,644.0
6176,COc1c2ccccc2c(OC)c2c1c1cccc(OC)c1n2C,ClCCl,431.0
532,COc1cc2c(cc1-c1ccc(N(C)C)cc1)Cc1c3c(c4c(c1-2)-c1cc(OC)c(-c2ccc(N(C)C)cc2)cc1C4)C(=O)N(CCC(C)C)C3=O,C1CCOC1,593.0
2470,c1ccc2cc(-n3cnc4ccccc43)ccc2c1,CCOC(C)=O,375.0
5196,COc1ccc(/C=C/c2nc(/C=C/c3ccc(N(C)C)cc3)cc(/C=C/c3ccc(N(C)C)cc3)n2)cc1,C1CCOC1,522.0
1697,CCCCCCCCC1(CCCCCCCC)c2cc(-c3ccc(C=C4C(=O)c5ccccc5C4=O)cc3)ccc2-c2ccc(-c3ccc(C=C4C(=O)c5ccccc5C4=O)cc3)cc21,ClC(Cl)Cl,530.0
4064,C#CCNC1=C2C=CC=[N+]2[B-](F)(F)n2cccc21,Cc1ccccc1,485.0
8374,COc1ccc(C#CC2=C3CCc4ccccc4C3=[O+][B-](F)(F)O2)cc1,ClCCl,493.0
11601,O=S(=O)([O-])c1ccc(O)c2ccccc12,CCO,360.0
11241,CCN(CC)c1ccc(/C=N/C2CCCCC2/N=C/c2ccc(N(CC)CC)cc2O)c(O)c1,ClCCl,461.0
7290,CN(C)c1ccc(/C=C/c2nc3ccc(N(C)C)cc3oc2=O)cc1,CCO,666.0
10545,CC(C)c1cc(C(C)C)c(B2c3cc(-n4c5ccccc5c5ccccc54)ccc3N(c3ccccc3)c3ccc(-n4c5ccccc5c5ccccc54)cc32)c(C(C)C)c1,Cc1ccccc1,442.5170068
683,CC(C)(C)c1ccc2ccc3cccc4ccc1c2c34,ClCCl,377.0
4874,Cc1ccc(C2=C3C=C(I)C=[N+]3[B-](F)(F)n3c2cc(I)c3I)cc1,CC#N,578.0
2802,COC(=O)C(Cc1ccc2oc(-c3c4ccccc4cc4ccccc34)nc2c1)NC(=O)OC(C)(C)C,C1CCOC1,488.0000781
2444,CCC1(CC)c2cc(/C=C/c3cccs3)ccc2-c2c1c1c(c3c2C(CC)(CC)c2cc(/C=C/c4cccs4)ccc2-3)C(CC)(CC)c2cc(/C=C/c3cccs3)ccc2-1,C1CCOC1,400.0
577,CCC1(CC)c2cc(/C=C/c3cc(Br)c(/C=C/c4ccc5c(c4)C(CC)(CC)c4cc(N6c7ccccc7Sc7ccccc76)ccc4-5)cc3Br)ccc2-c2ccc(N3c4ccccc4Sc4ccccc43)cc21,CC#N,573.0
11385,CCN(CC)c1ccc2cc(C#N)/c(=N\C(=O)c3ccc(F)cc3)oc2c1,CCO,533.0
5528,CN(C)c1ccc2cc(C(/C=C/c3c[nH]c4ccccc34)=C(C#N)C#N)c(=O)oc2c1,CS(C)=O,547.0
9231,CCCCCCOc1ccc(C#Cc2ccc(C#Cc3ccc(OCCCCCC)c(OCCCCCC)c3)c3nsnc23)cc1OCCCCCC,ClC(Cl)Cl,580.0
8294,CN(C)c1ccc(-c2ccc3c(=O)c(O)coc3c2)cc1,ClCCl,503.0
3344,CC(C)[Si]1(C(C)C)c2cc(C#N)ccc2-c2ccc(N(C)C)cc21,c1ccccc1,422.0
11015,CC1(C)c2ccccc2N(c2ccc(-c3n[n+]4c(o3)-c3ccccc3O[B-]4(F)F)cc2)c2ccccc21,CC(C)=O,540.0
7732,c1ccc2c(-n3cnc4ccccc43)cccc2c1,C1CCOC1,359.0
5027,CCN(CC)c1ccc(-c2nc3c4ccccc4n(C)c3nc2-c2ccc(B(c3c(C)cc(C)cc3C)c3c(C)cc(C)cc3C)cc2)cc1,CC(C)=O,602.0
761,c1ccc(-c2cc(-c3ccccc3)cc(-c3ccc4c(c3)C3(c5ccccc5-4)c4ccccc4-c4c3c3c5ccccc5c(-c5cc(-c6ccccc6)cc(-c6ccccc6)c5)cc3c3ccccc43)c2)cc1,C1CCOC1,440.0
8008,CCOC(=O)c1c(-c2cc3cc4c(cc3oc2=O)OC(C)(C)CC4)nn(-c2cccc(Cl)c2)c1C(=O)OCC,ClCCl,432.0
5609,CCc1ccc(-c2ccc(-c3nnc(-c4ccc(-c5nnc(-c6ccc(-c7ccc(CC)cc7)s6)o5)cc4)o3)s2)cc1,CCCCO,401.0
796,CCCCCCCCn1c(=O)c2cc3cc4cc5c(=O)n(CCCCCCCC)c(=O)c5cc4c(C#Cc4ccc(N(c5ccccc5)c5ccccc5)cc4)c3cc2c1=O,ClC(Cl)Cl,611.0
7131,CN(C)c1ccc(/C=C/C(=O)c2ccc(Cl)cc2)cc1,CCO,542.0
6577,CN(C)c1ccc(C2=Nc3scc(-c4ccc(C#N)cc4)[n+]3[B-](F)(F)O2)cc1,Cc1ccccc1,448.0
6075,c1ccc(-c2nc(-c3ccc(-c4ccc(-n5c6ccccc6c6ccccc65)cc4)cn3)oc2-c2ccccc2)cc1,CCOCC,400.0
4639,O=C(N/N=C/c1ccccc1O)c1cc2ccccc2cc1O,ClCCl,394.0
6854,CCC1=C(C)C2=C(C)c3c(C)c(-c4csc(N5CCOCC5)n4)c(C)n3[B-](F)(F)[N+]2=C1C,CN(C)C=O,539.0
10376,CCC1=C(C)C(=O)n2c1cc1c(CCC(=O)OC)c(C)c(C)n1c2=O,CS(C)=O,510.0
10226,COc1cc(N(c2ccccc2)c2ccc(C=C(C#N)C#N)c(OC)c2)ccc1C=C(C#N)C#N,CCOC(C)=O,532.0
3898,CCNc1ccc(NCC)c2c1C(=O)c1ccccc1C2=O,C1CCCCC1,670.0
2874,O=C(O)c1ccccc1Nc1cccc(C(F)(F)F)c1,C1CCCCC1,406.0
5916,O=C(c1ccc(N2c3ccccc3[Si](c3ccccc3)(c3ccccc3)c3ccccc32)cc1)c1ccc(N2c3ccccc3[Si](c3ccccc3)(c3ccccc3)c3ccccc32)cc1,c1cc(-n2c3ccccc3c3ccccc32)cc(-n2c3ccccc3c3ccccc32)c1,469.0
8200,CC(C)(C)c1ccc2c(c1)c1cc(C(C)(C)C)ccc1n2-c1ccc(C(=C(C#N)C#N)c2ccc(-n3c4ccc(C(C)(C)C)cc4c4cc(C(C)(C)C)ccc43)cc2)cc1,Cc1ccccc1,566.0
12256,N#Cc1ccc(/C=C/C=C/C2=NC3C(=O)NC(N)=NC3N2[C@H]2C[C@H](O)[C@@H](CO)O2)cc1,CC#N,526.0
10420,CC1(C)C(/C=C/C2=C(c3ccc(C(=O)O)cc3)/C(=C/C=C3/N(CCCCS(=O)(=O)[O-])c4ccc5ccccc5c4C3(C)C)CCC2)=[N+](CCCCS(=O)(=O)[O-])c2ccc3ccccc3c21,CO,811.0
2057,FC(F)(F)c1ccc(/C=C/c2nc3c(ccc4ccccc43)s2)cc1,C1CCCCC1,432.0
5795,CCCCCCN(c1ccccc1)c1ccc2c(c1)C(CC)(CC)c1cc(/C=C/c3ccc(/C=C(\C#N)C(=O)O)s3)ccc1-2,CC#N,554.0
5426,CCN(CC)c1ccc2c(C#N)c(/C=C(\C#N)c3nc4ccccc4s3)c(=O)oc2c1,ClCCl,666.0
8961,CNc1cccc2c1C(=O)c1ccccc1-2,c1ccccc1,519.0
7028,CN(C)CCN(Cc1c2ccccc2c(CN(CCN(C)C)c2ccc([N+](=O)[O-])cc2[N+](=O)[O-])c2ccccc12)c1ccc([N+](=O)[O-])cc1[N+](=O)[O-],C1CCOC1,419.0
3755,CCCCN(CCCC)c1ccc(C#Cc2cc(C#Cc3ccc([N+](=O)[O-])cc3)c(C#Cc3ccc(N(CCCC)CCCC)cc3)cc2C#Cc2ccc([N+](=O)[O-])cc2)cc1,ClCCl,557.0
455,OC1(c2ccc(-c3cccs3)s2)CCCC1,CC#N,412.0
6700,CN1CCCc2cc3c(C(F)(F)F)cc(=O)oc3cc21,C1CCCCC1,439.0
11867,F[B-]1(F)n2c(-c3ccccc3)cnc2-c2cccc[n+]21,C1CCOC1,509.0
6312,CC1(C)c2ccccc2N(c2ccc(-c3nnc(-c4ccccc4O)o3)cc2)c2ccccc21,ClC(Cl)Cl,502.0
5224,c1cc2ccc3cccc4ccc(c1)c2c34,CO,373.0
10950,CC1=CC(C)=[N+]2C1=C(c1ccccc1)c1c(C)cc(C)n1[B-]2(F)F,Cc1ccccc1,516.0
1041,CC[N+]1(CC)CN2C(=N1)C(C(=O)O)=Cc1cc(F)ccc12,O,474.0
7747,Cn1c2ccc(S(=O)(=O)O)cc2c(=O)c2cc(S(=O)(=O)O)ccc21,CS(C)=O,424.0
4889,CC/[NH+]=c1\cc2oc3cc(NCCC(=O)NC(CCC(=O)OC)C(=O)OC)c4ccccc4c3nc-2cc1C,O,652.0
6338,N#CC(C#N)=C(/C=C/c1ccc(N(c2ccccc2)c2ccccc2)cc1)c1ccccc1,ClCCl,599.0
173,CCC1=C(C)C(=O)n2c1cc1c(C)cc(C)n1c2=O,CS(C)=O,495.0
6647,O=C1c2ccccc2C(=O)C1C1C(=O)c2c3ccccc3cc3cc4ccccc4c1c23,Cc1ccccc1,563.0
169,COc1ccc(-c2nc(C(C)=O)c(C)o2)cc1,CC#N,347.0
7286,O=C1C2=C3c4sccc4C=CN3C(=O)C2=C2c3sccc3C=CN12,CN(C)C=O,618.0
9051,O=S(=O)([O-])c1cc(O)c2ccc3c(S(=O)(=O)[O-])cc(S(=O)(=O)[O-])c4ccc1c2c34,CS(C)=O,410.2900751
9124,COc1cc(/C=C/C2=CC(/C=C/c3ccc(O)c(OC)c3)=[O+][B-](F)(F)O2)ccc1O,ClC(Cl)Cl,554.77
10346,Cc1cccc(Nc2ccccc2C(=O)O)c1C,C1CCOC1,438.0
11600,c1ccc(-c2c3ccccc3c(-c3cncnc3)c3ccccc23)cc1,ClCCl,414.0
7797,CC(C)(C)c1ccc2c(c1)c1cc(C(C)(C)C)ccc1n2-c1ccc(S(=O)(=O)c2ccc(-n3c4ccc(C(C)(C)C)cc4c4cc(C(C)(C)C)ccc43)cn2)nc1,O=P(c1ccccc1)(c1ccccc1)c1ccc2sc3cccc(P(=O)(c4ccccc4)c4ccccc4)c3c2c1,444.0
1272,COC(=O)C(Cc1ccc2oc(-c3ccc(N(C)C)cc3)nc2c1)NC(=O)OC(C)(C)C,CS(C)=O,408.496732
10103,CCNc1ccc(NCC)c2c1C(=O)c1ccccc1C2=O,ClC(Cl)(Cl)Cl,679.0
960,COc1cccc(C2=C(c3ccc(C(C)(C)C)cc3)C(c3ccc(C(C)(C)C)cc3)=[N+]3C2=C(c2ccccc2)c2c(-c4cccc(OC)c4)c(-c4ccc(C(C)(C)C)cc4)c(-c4ccc(C(C)(C)C)cc4)n2[B-]3(F)F)c1,CC#N,632.0
5608,Cc1ccc(C)n1-c1ccc(C#N)cc1,CCCCCl,480.0
4738,O=C1c2ccccc2C(=O)c2cc(-c3ccc(N(c4ccccc4)c4ccccc4)cc3)ccc21,CCCCCC,529.0
3208,CCc1c(C)c2n(c1C)[B-](F)(F)[N+]1=C(NCc3ccc(OC)cc3)C(SC#N)=CC1=C2C,ClCCl,586.0
2771,O=c1oc2ccccc2nc1-c1ccccc1,c1ccccc1,450.0
883,COc1cc2c(cc1/C=C(\C#N)c1nc3ccccc3s1)c1ccccc1n2C,ClCCl,501.0
5728,COCCOCCOc1cc(C=O)c(OCCOCCOC)cc1C=O,CC(C)CO,481.0
6323,CCC1=C(C)C2=Cc3cc(I)cn3[B-](F)(F)[N+]2=C1C,CO,542.5
9448,N#Cc1ccc(/C2=C3/N=C(C(c4ccccc4)=C3c3ccccc3)/C(c3ccc(C#N)cc3)=c3\[nH]/c(c(-c4ccccc4)c3-c3ccccc3)=C(/c3ccc(C#N)cc3)C3=N/C(=C(/c4ccc(C#N)cc4)c4[nH]c2c(-c2ccccc2)c4-c2ccccc2)C(c2ccccc2)=C3c2ccccc2)cc1,ClCCl,725.0
799,Cc1ccc(C2=C3C=CC(C#Cc4ccccc4)=[N+]3[B-](F)(F)n3c(Cl)ccc32)cc1,C1CCCCC1,575.0
5640,Nc1ccc2c(C(F)(F)F)cc(=O)oc2c1,CCCCCCCCO,480.0
1655,Cc1ccc([C@@H]2C[C@](O)(c3ccccn3)C[C@](O)(c3ccccn3)[C@H]2C(=O)c2ccc(N(c3ccccc3)c3ccccc3)cc2)cc1,CCO,511.0
1730,C(=C/c1ccncn1)\c1ccc(-c2ccc(N(c3ccccc3)c3ccccc3)cc2)cc1,CCCCCCC,445.0
3133,CN1C(=CC2=C([O-])C(=CC3=[N+](C)c4ccc(Cl)cc4C3(C)C)C2=O)C(C)(C)c2cc(Cl)ccc21,ClC(Cl)Cl,654.0
2991,N#Cc1cccc(C#N)c1-c1ccc(N2c3ccccc3C3(c4ccccc42)c2ccccc2N(c2ccc(-c4c(C#N)cccc4C#N)cc2)c2ccccc23)cc1,O=P(c1ccccc1)(c1ccccc1)c1ccccc1Oc1ccccc1P(=O)(c1ccccc1)c1ccccc1,449.0
9979,CN(C)CCN(Cc1c2ccccc2cc2ccccc12)c1ccc([N+](=O)[O-])cn1,C1CCOC1,416.0
6234,Oc1cccc(C2=[N+]3C(=C(c4ccccc4)c4cccn4[B-]3(F)F)C=C2)c1,ClC(Cl)Cl,553.0
9447,c1cc2c3c4c5c(cccc5cc3c1)-c1cccn1B4n1cccc1-2,C1CCOC1,601.0
2910,Cc1ccc2nc3c(nc2c1)c(-c1ccccc1)nn3C,C1CCOC1,500.0
7768,CC[N+](CC)=c1ccc2cc3oc4cc(N)ccc4c3oc-2c1,O,627.0
3852,Cc1cc(O)c(C(=O)/C=C/c2ccccc2[N+](=O)[O-])c(=O)o1,ClCCl,471.0
7664,NS(=O)(=O)c1ccc(N2N=C(c3ccc(O)cc3)CC2c2ccc([N+](=O)[O-])cc2)cc1,C1CCOC1,420.0
9239,CC1=[N+]2C(=C(c3ccc(C(=O)c4ccccc4)cc3)c3ccc(C)n3[B-]2(F)F)C=C1c1cc2n(c1)[B-](F)(F)[N+]1=CC=CC1=C2c1c(C)cc(C)cc1C,CCOC(C)=O,664.0
9311,CC(C)(C)OC(=O)N[C@@H](CCn1cc(COc2ccc(-c3cc(-c4ccccc4)c4n3[B-](F)(F)[N+]3=C(c5ccc(OCCCS(=O)(=O)[O-])cc5)C=C(c5ccccc5)C3=N4)cc2)nn1)C(=O)O,O,722.0
7660,CN1/C(=C/C=C/C2=[N+](C)c3c(F)c(F)c4c(F)c(F)c(F)c(F)c4c3C2(C)C)C(C)(C)c2c1c(F)c(F)c1c(F)c(F)c(F)c(F)c21,ClCCl,597.0
4819,CC(=O)c1ccc2cc(C#Cc3cn([C@H]4C[C@H](O)[C@@H](CO)O4)c4ncnc(N)c34)ccc2c1,CCOC(C)=O,461.0
7482,O=C1OC(c2ccccc2)=N/C1=C\c1ccc(N(c2ccc(/C=C3\N=C(c4ccccc4)OC3=O)cc2)c2ccc(/C=C3/N=C(c4ccccc4)OC3=O)cc2)cc1,CN(C)C=O,640.6
3387,COc1ccc(/C=N/c2cc(C(C)C)c(O)cc2C)cc1,CO,417.0
1160,Oc1ccccc1/C=N/c1ccc(Cn2cncn2)cc1,CC#N,428.0089026
1479,COc1ccc(C#Cc2ccc(C#N)cc2)cc1,CCCCCC,336.0
10101,C(#Cc1cc2ccc3cc(C#Cc4ccccc4)cc4ccc(c1)c2c34)c1ccccc1,Cc1ccccc1,418.0
11072,c1ccc(-c2cc(-c3ccc4ccc5c(-c6ccnc(-c7ccccn7)c6)ccc6ccc3c4c65)ccn2)nc1,CO,429.99656
8455,CN(C)/C=N\c1ccc2c3c(cccc13)C(=O)c1ccccc1-2,ClC(Cl)(Cl)Cl,540.0
5230,CN(C)c1ccc2c(-c3cc(N)ccc3C(=O)[O-])c3ccc(=[N+](C)C)cc-3oc2c1,O,574.0
9717,CN(C)c1ccc(-c2nc3c(c4c2-c2ccc(C#N)cc2CC4)-c2ccc(C#N)cc2CC3)cc1,Cc1ccccc1,469.0
2769,O=S(=O)(c1cccc(N2c3ccccc3Sc3ccccc32)c1)c1cccc(N2c3ccccc3Sc3ccccc32)c1,C1CCOC1,596.0
720,C=CCOc1nnc(OCCC(F)(F)C(F)(F)C(F)(F)C(F)(F)C(F)(F)C(F)(F)F)nn1,OCC(F)(F)F,562.0
586,CCCCOc1ccc(-c2oc3c(-c4ccc(OCCCC)cc4)c4n(c3c2-c2ccc(OCCCC)cc2)[B-](F)(F)[N+]2=Cc3c(-c5ccc(OCCCC)cc5)c5oc(-c6ccc(OCCCC)cc6)c(-c6ccc(OCCCC)cc6)c5n3[B-](F)(F)[N+]2=C4)cc1,Cc1ccccc1,668.0
6950,COc1cccc(OC)c1-c1c2ccc(=[N+]3CCN(C(=O)OC(C)(C)C)CC3)cc-2oc2cc(N3CCN(C(=O)OC(C)(C)C)CC3)ccc12,ClCCl,580.0
9885,c1ccc(Nc2nc(Nc3ccccc3)nc(Nc3ccc4cc5ccccc5cc4c3)n2)cc1,C1COCCO1,442.0
7301,CN1c2ccccc2C(O)(c2ccccc2)c2cc([N+](=O)[O-])ccc21,CCO,536.2
3680,N#C/C(=C\c1cn(-c2ccccc2)nc1-c1ccccc1)c1nc2ccccc2s1,C1CCOC1,453.0
4672,COC1=[N+]2C(=C(c3ccccc3)c3ccc(OC)n3[B-]2(F)F)C=C1,CCCCCC,623.0
11825,Cc1ccc(C2=C3C=CC(c4ccccc4)=[N+]3[B-](F)(F)n3c2ccc3-c2ccccc2)cc1,C1CCCCC1,585.0
7297,CCCSC1=[N+]2C(=C(c3ccccc3)c3ccc(SCCC)n3[B-]2(F)F)C=C1SC#N,CC#N,584.0
7838,CCN(CC)c1ccc2ccc(=O)oc2c1,ClC(Cl)(Cl)Cl,412.0
5261,N#Cc1c(-c2ccc(Br)cc2)cc(-c2ccc(Br)cc2)[nH]c1=O,ClC(Cl)Cl,452.0
7771,c1ccc(-c2nnc(-c3cc(-n4c5ccccc5c5ccccc54)c(-n4c5ccccc5c5ccccc54)cc3-c3nnc(-c4ccccc4)o3)o2)cc1,CC#N,525.1533742
1147,CCCCC(CC)Cn1c2cc(C#N)ccc2c2cc(-c3ccc(N(c4ccccc4)c4ccccc4)cc3)c(C#N)cc21,CCN(CC)CC,461.6924329
10394,Fc1c(-n2c3ccccc3c3ccccc32)c(-c2nnc(-c3ccccc3)o2)c(-n2c3ccccc3c3ccccc32)c(-n2c3ccccc3c3ccccc32)c1-n1c2ccccc2c2ccccc21,Cc1ccccc1,483.0
11438,COc1ccc(C#Cc2cc3ccccc3oc2=O)cc1,CC#N,456.0
2069,NS(=O)(=O)c1ccc(N2N=C(c3ccc(O)cc3)CC2c2ccc(Cl)cc2)cc1,CN(C)C=O,422.0
4755,CCN(CC)c1ccc2cc(/C=C(\C#N)c3nc4ccccc4s3)c(=O)oc2c1,CS(C)=O,613.0
10490,Cc1cc(O)c(C(C)C)cc1/N=C/c1ccc(C(F)(F)F)cc1,CC#N,425.0
8565,CCC1=C(C)C2=C(C)c3c(C)c(CC)c(C)n3[B-](F)(F)[N+]2=C1C,CCCCCCO,534.8
12031,CCC1(CC)c2cc(/C=C/c3cc(Br)c(/C=C/c4ccc5c(c4)C(CC)(CC)c4cc(N6c7ccccc7Sc7ccccc76)ccc4-5)cc3Br)ccc2-c2ccc(N3c4ccccc4Sc4ccccc43)cc21,CCCCCC,478.0
4682,Cc1cn(C(F)(F)F)c(=O)[nH]c1=O,CC#N,307.0
4731,N#CC(C#N)=Cc1ccc(-c2ccc(N(c3ccccc3)c3ccccc3)cc2)cc1,ClC(Cl)Cl,634.0
5473,C/C(=N\Nc1ccc(C#N)cc1)c1cccc(/C(C)=N/Nc2ccc(C#N)cc2)c1,ClC(Cl)Cl,476.0
3544,COc1ccc(/C=C/C=C/C=C/c2ccc([N+](=O)[O-])cc2)cc1,CC#N,740.0
1747,O=P1(c2ccccc2)C(c2cc(C(F)(F)F)cc(C(F)(F)F)c2)=Cc2c3ccc4cccc5ccc(c6cc(-c7ccc(N(c8ccccc8)c8ccccc8)cc7)n1c26)c3c45,CC(C)=O,635.0
11950,c1ccc(-c2c3ccccc3c(-c3ncccn3)c3ccccc23)cc1,CCO,440.0
8772,O=Cc1cc(N2CCCCC2)c2ccc3c(N4CCCCC4)cc(N4CCCCC4)c4ccc1c2c43,ClCCl,597.0
2807,Clc1ccc(-c2c3nc(c(-c4ccc(Cl)cc4)c4ccc([nH]4)c(-c4ccc(Cl)cc4)c4nc(c(-c5ccc(Cl)cc5)c5ccc2[nH]5)C=C4N2CCOCC2)C=C3)cc1,CS(C)=O,662.0
11890,CCCc1ccc(C#Cc2cc(C#Cc3ccc(CCC)cc3)c3ccc4c(C#Cc5ccc(N(C)C)cc5)cc(C#Cc5ccc(CCC)cc5)c5ccc2c3c54)cc1,ClCCl,596.0
1501,C#CCn1c2ccccc2c2cc(/C=C/C3=[N+]4C(=C(c5ccc(I)cc5)c5c(C)cc(/C=C/c6ccc7c(c6)c6ccccc6n7CC#C)n5[B-]4(F)F)C(C)=C3)ccc21,ClC(Cl)Cl,691.0
10401,c1ccc(CO[Si]23n4c5c6ccccc6c4/N=C4\N=C(/N=c6/c7ccccc7c(n62)=c2c6ccccc6c(n23)=N5)c2ccccc24)cc1,CN(C)C=O,671.0
10994,CC1(C)CC(/C=C/c2ccc(-n3cccn3)cc2)=CC(=C(C#N)C#N)C1,CC#N,538.0
8132,CCCCCCCCC1(CCCCCCCC)c2cc(-c3ccc([N+](=O)[O-])cc3)ccc2-c2ccc(-c3ccc([N+](=O)[O-])cc3)cc21,CS(C)=O,589.0
2390,FC(F)(F)c1ccc(/C=C/c2ccc(-c3nnc(-c4ccc(-c5cc6ccccc6s5)cc4)o3)cc2)cc1,CC(C)=O,390.0
2684,Nc1cc2nc3cc(Cl)c(Cl)cc3nc2cc1N,CCO,549.0
11912,Cc1ccc(-n2c(-c3ccccc3[N-]S(=O)(=O)c3ccc(C)cc3)[nH+]c3c4ccccc4c4ccccc4c32)cc1,Cc1ccccc1,506.0
103,CCCCn1c2ccc(/C=C(\C#N)c3ccc([N+](=O)[O-])cc3)cc2c2cc(Cn3c(-c4ccc5c(c4)c4ccccc4n5CCCC)nc4ccccc43)ccc21,O,570.0
10275,CC1=[N+]2C(=C(c3ccccc3)c3c4c(c(C)n3[B-]2(F)F)CCc2ccccc2-4)C2=C1CCc1ccccc12,CC#N,612.0
10876,Cc1ccc([N+]2=c3c4n(c5ccccc35)[B-](F)(F)[N+](c3ccc(C)cc3)=c3c=4n(c4ccccc34)[B-]2(F)F)cc1,ClCCl,808.0
1626,CCOc1cc2c(cc1/C=C/C(=C(C#N)C#N)c1ccccc1)c1ccccc1n2CC,CN(C)C=O,573.0
2473,O=C(O)c1ccccc1O,O,407.0
484,CCCCCCCCCCCCCCCCCCN1C(=O)c2cccc3c(OCCN(C)C)ccc(c23)C1=O,CN(C)C=O,516.0
6504,CC(=O)c1ccc(/C=C/C=C/C2=NC3C(=O)NC(N)=NC3N2[C@H]2C[C@H](O)[C@@H](CO)O2)cc1,CO,554.0
9599,CN(C)c1ccc2c3c(ccc2c1)CCCC3=O,CC(C)O,520.0
9099,c1ccc(-c2ccc(-c3ccccc3)s2)cc1,C1CCOC1,389.0
11245,CN(C)/C=N\c1ccc2c3c(cccc13)C(=O)c1ccccc1-2,c1ccccc1,550.0
11821,COC(=O)c1[nH]c(-c2ccccc2)c2nnc3ccsc3c12,ClCCl,478.0
2183,CN1/C(=C/C=C(/C=C/c2sc3ccccc3[n+]2C)c2ccc(C(F)(F)F)cc2)Sc2ccccc21,CO,676.0
9084,N#Cc1ccc(N(c2ccccc2)c2ccc3ccc4c(N(c5ccccc5)c5ccc(C#N)cc5)ccc5ccc2c3c54)cc1,ClCCl,454.0
3643,COc1ccc(C(=O)/C=C2\C(=O)Nc3ccccc32)c(OC)c1,CCCCCC,385.0
9575,CCCCc1c2ccccc2c(-c2ccc(-c3nc4cc(CC(NC(=O)OC(C)(C)C)C(=O)OC)ccc4o3)cc2)c2ccccc12,OC(C(F)(F)F)C(F)(F)F,454.5000045
4115,COC(=O)C(Cc1ccc2oc(-c3ccc(Nc4ccccc4)cc3)nc2c1)NC(=O)OC(C)(C)C,ClCCl,415.5067104
6393,N#Cc1nn(-c2c(Cl)cccc2Cl)nc1N1CCCC1,CC#N,418.0
5378,CC1=CC(C)=[N+]2C1=C(C1=C3C(C)=CC(C)=[N+]3[B-](F)(F)n3c(C)cc(C)c31)c1c(C)cc(C)n1[B-]2(F)F,ClC(Cl)Cl,588.0
291,CC1=CC(C)=[N+]2C1=Cc1c3ccccc3c(C#Cc3ccsc3)n1[B-]2(F)F,CN(C)C=O,623.0
12158,CCOC(=O)CC[N+]1=c2cc3c(cc2CCC1)=Cc1c(c2cc4c5c(c2oc1=O)CCCN5CCC4)O3,CO,681.0
6814,CC1=CC(C)=[N+]2C1=C(c1ccccc1)c1c(C)cc(C)n1[B-]2(F)F,CCOC(C)=O,510.0
2447,Fc1ccc(-c2nc3n(c2-c2ccncc2)CCS3)cc1,ClC(Cl)Cl,413.5
12037,CC(C)(C)c1ccc(C2=C(Br)C3=C(c4ccccc4)c4c(Br)c(-c5ccc(C(C)(C)C)cc5)c(-c5ccc(C(C)(C)C)cc5)n4[B-](F)(F)[N+]3=C2c2ccc(C(C)(C)C)cc2)cc1,C1CCCCC1,614.0
9620,c1ccc2sc(-c3ccc(-c4nnc(-c5ccc(-c6nnc(-c7ccc(-c8cc9ccccc9s8)s7)o6)cc5)o4)s3)cc2c1,ClC(Cl)Cl,399.0
9065,Nc1cccc2c1ccc1[n+]2[B-](F)(F)n2c-1cc1c3ccccc3c3ccccc3c12,ClCCl,580.0
4046,CC(C)(C)c1cc(-c2ccc(-c3cccs3)s2)c2c(c1)c1cc(C(C)(C)C)cc(-c3ccc(-c4cccs4)s3)c1n2-c1ccc(-c2cccs2)s1,ClCCl,434.0
1472,c1cc2ccc3ccc(-c4ccc(-c5nnc(-c6ccc(-c7nnc(-c8ccc(-c9ccc%10ccc%11cccc%12ccc9c%10c%11%12)s8)o7)cc6)o5)s4)c4ccc(c1)c2c34,CCCCCCCCO,393.0
3576,CN(C)c1ccc2c(c1)Cc1ccccc1-2,OC1CCCCC1,370.0
4705,CNc1ccc(/C=C/C#N)cc1,C1CCOC1,419.0
11048,CN(C)c1ccc(/C=C/C=C/c2nc3ccccc3o2)cc1,CC#N,535.0
1795,CC(C)(C)c1ccc2ccc3cccc4ccc1c2c34,CCCCCC,376.0
5674,CC1=CC(C)=[N+]2C1=C(c1ccc(N3CCCCC3)cc1)c1c(C)cc(C)n1[B-]2(F)F,CO,514.0
8492,Cc1ccc(N(C)C)cc1C1=C2C=CC(=[N+](C)C)C=C2[Si](C)(C)c2cc(N(C)C)ccc21,O,662.0
6377,Cc1ccc(C2=C3C=CC([Te]c4ccccc4)=[N+]3[B-](F)(F)n3c([Te]c4ccccc4)ccc32)cc1,C1CCOC1,659.0
2864,Cc1cscc1-c1cc2c3cc(-c4cscc4C)c4nc(C(F)(F)C(F)(F)C(F)(F)F)nc5c(-c6cscc6C)cc(c6cc(-c7cscc7C)c7nc(C(F)(F)C(F)(F)C(F)(F)F)nc1c7c26)c3c45,C1CCOC1,551.0
6666,FC(F)(F)c1ccc(-n2c(-c3ccc(N(c4ccc(-c5ccc(N(c6ccc(-c7nc8c9ccccc9c9ccccc9c8n7-c7ccc(C(F)(F)F)cc7)cc6)c6ccc(-c7nc8c9ccccc9c9ccccc9c8n7-c7ccc(C(F)(F)F)cc7)cc6)cc5)cc4)c4ccc(-c5nc6c7ccccc7c7ccccc7c6n5-c5ccc(C(F)(F)F)cc5)cc4)cc3)nc3c4ccccc4c4ccccc4c32)cc1,ClCCl,442.0
1255,CC1(C)CC(/C=C/c2ccc(-n3ccnc3)cc2)=CC(=C(C#N)C#N)C1,CCO,520.0
3570,C=CCOc1nnc(OCCC(F)(F)C(F)(F)C(F)(F)C(F)(F)C(F)(F)C(F)(F)C(F)(F)C(F)(F)F)nn1,ClCCl,572.0
4730,CC(C)(C)C1Nc2ccccc2C(=O)N1Cc1ccccc1,CC#N,409.0
2019,Cn1cccc1-c1ccc(C#N)cc1,CCCCCC,357.0
8159,CC(=O)c1ccn2c3c(c(-c4ccc(O)cc4)c2c1)CN(CCCNC(=O)OC(C)(C)C)C3=O,CO,572.0
578,CC(C)c1cccc(C(C)C)c1N1C(=O)c2cccc3c(Oc4ccccc4)ccc(c23)C1=O,ClCCl,425.0
10137,CC(=O)Nc1ccc2ccc3cccc4ccc1c2c34,CO,383.0
1511,Cc1ccc(C2=C3C=CC(/C=C/c4ccccc4)=[N+]3[B-](F)(F)n3c(Cl)ccc32)cc1,C1CCCCC1,581.0
5748,CCNc1cc2oc3c/c(=[NH+]\CC)c(C)cc-3c(-c3ccccc3C(=O)OCC)c2cc1C,CN(C)C=O,532.0
6973,Cc1cc(O)c(C(C)C)cc1/N=C/c1ccc(C(F)(F)F)cc1,CN(C)C=O,434.0
6965,CC(C)(C)c1ccc2c(c1)c1cc(C(C)(C)C)ccc1n2-c1ccc(C#Cc2cccc(C#Cc3ccc(-n4c5ccc(C(C)(C)C)cc5c5cc(C(C)(C)C)ccc54)cc3)c2)cc1,CC#N,435.0
2459,COc1cc(/C=C/C2=CC(/C=C/c3ccc(O)c(OC)c3)=[O+][B-](F)(F)O2)ccc1O,Cc1ccccc1,521.04
9833,Cc1ccccc1Oc1ccc2c3c(cccc13)C(=O)N(CCO)C2=O,ClC(Cl)Cl,424.0
9734,CCN1/C(=C\C2=C([O-])/C(=C/C3=[N+](CC)c4c(ccc5ccc(C)nc45)C3(C)C)C2=O)C(C)(C)c2ccc3ccc(C)nc3c21,CC#N,697.0
4074,CCOC(=O)CCCn1c(C(=O)OC)c(C)c2c(=O)n3c(cc21)C(CC)=C(C)C3=O,c1ccccc1,446.0
11518,Nc1ccc(C#Cc2ccc3ccc4ccc(C#Cc5ccc(N)cc5)c5ccc2c3c45)cc1,Cc1ccccc1,463.0
5786,c1cc2ccc3cccc4ccc(c1)c2c34,CCCCCC,373.0
2993,Cn1c2ccc(S(=O)(=O)Cl)cc2c(=O)c2cc(S(=O)(=O)Cl)ccc21,CS(C)=O,424.0
10374,CCOC(=O)/C(C#N)=C/c1cc2c3ccccc3n(C)c2cc1OC,CC#N,486.0
3520,O=C(O)c1ccc(-c2cnc(-c3ccc(N(c4ccccc4)c4ccccc4)cc3)s2)cc1,CO,496.0
9027,COc1cc(-c2nnc(-c3ccc4ccc5cccc6ccc3c4c56)o2)cc(OC)c1OC,Cc1ccccc1,428.0
9004,COC(=O)/C=C/c1ccc2ccc3cccc4ccc1c2c34,C=CC#N,447.5
621,COc1nc(Cl)nc(Nc2ccc3cc4ccccc4cc3c2)n1,CCCCOCCCC,429.0
6935,COc1cc(OC)cc(C2=[O+][B-](F)(F)OC(c3ccc4ccccc4c3)=C2)c1,CCCCCC,418.8884866
9481,CN(C)c1ccc(/C=C2/N=C(c3ccccc3)OC2=O)cc1,ClC(Cl)(Cl)Cl,489.0
9841,C/C=C/c1ccc(OC)cc1,CCCCCC,328.0
10072,COc1ccc(C#Cc2c3ccccc3c(C#Cc3ccc(OC)cc3)c3cc4sc(C)cc4cc23)cc1,ClCCl,538.0
11768,CCOC(=O)COc1ccc(C(c2c(C)[nH]c3ccccc23)c2c(C)[nH]c3ccccc23)cc1OC,O,350.0
8183,CCCCCCn1c2cc(/C=C(\C#N)c3cccs3)ccc2c2ccc(/C=C(\C#N)c3cccs3)cc21,ClC(Cl)Cl,469.4835681
3485,COc1ccc(-c2ccc(-c3ccc(OC)cc3)c3nc(-c4ccccc4)c(-c4ccccc4)nc23)cc1,CCCCCC,477.0
2221,c1ccc(N(c2ccccc2)c2ccc3c4cccc5c(N(c6ccccc6)c6ccccc6)ccc(c6cccc2c63)c54)cc1,CC#N,548.0
265,COc1ccc2c(-c3nc(-c4ccccc4F)no3)cc(=O)oc2c1,CCO,464.0
833,COC(=O)C(Cc1ccc2oc(-c3ccc(N(C)c4ccccc4)cc3)nc2c1)NC(=O)OC(C)(C)C,CC1COC(=O)O1,517.4912026
10903,CC1=C(C(C)(C)C)C(C)=[N+]2C1=C(C)c1c(C)c(C(C)(C)C)c(C)n1[B-]2(F)F,CC(C)=O,563.6
6478,C(/C=C/c1ccc(-n2c3ccccc3c3ccccc32)cc1)=C\c1ccncc1,CCCCCCC,382.0
2677,c1ccc2c(c1)c1ccccc1n2-c1ccc2c(c1)c1ccccc1n2-c1ccc(-n2c3ccccc3c3cc(-n4c5ccccc5c5ccccc54)ccc32)cc1,ClCCl,383.0
1285,Cc1nn(-c2ccccc2)c(C2=NN(c3ccc(Br)cc3)[C@@H](c3ccccc3)[C@@H]2c2ccccc2)c1C#N,OCCO,500.0
1608,N#C/C(=C\c1ccncc1)c1nc(-c2ccccc2)cs1,CN(C)C=O,499.0
4375,COc1ccc2c(c1)c1ccccc1n2-c1nc2ccccc2nc1-n1c2ccccc2c2cc(OC)ccc21,CCCCCC,508.9725036
7181,CCCCn1c2ccc(C#N)cc2c2cc(C#N)cc(-c3ccc(N(c4ccccc4)c4ccccc4)cc3)c21,ClC=C(Cl)Cl,420.0
68,CC1=[N+]2C(=C(c3c4ccccc4c(C)c4ccccc34)c3ccc(C)n3[B-]2(F)F)C=C1,Cc1ccccc1,534.0
7499,CN(C)c1ccc(/C=C/c2ccccn2)cc1,CC#N,473.0
6613,F[B-]1(F)n2cccc2C(c2ccccc2)=C2C=CC=[N+]21,ClCCl,522.0
4184,CCCCCCCC(=O)Oc1ccc2c3cccc4c(OC(=O)CCCCCCC)ccc(c5cccc1c52)c43,ClC(Cl)(Cl)Cl,456.9876679
10607,COc1cc(/C=C/c2nc3ccccc3o2)c(OC)cc1/C=C/c1nc(C)nc(C)n1,ClCCl,492.0
6578,CC(C)=CCN1C(=O)c2cccc3c2c(cc2nc(C)oc23)C1=O,CCO,412.0
6978,Cc1ccc(C2=C3C=CC(c4ccccc4)=[N+]3[B-](F)(F)n3c2ccc3-c2ccccc2)cc1,Cc1ccccc1,589.0
9186,O=P(c1ccccc1)(c1ccccc1)n1c2ccccc2c2cc(-n3c4ccccc4c4cc(-n5c6ccccc6c6cc(-n7c8ccccc8c8ccccc87)ccc65)ccc43)ccc21,Cc1ccccc1,376.0
11822,F[B-]1(F)n2cccc2C(c2ccccc2)=C2C=CC(c3ccc(OC4=[N+]5C(=C(c6ccccc6)c6cc(Br)c(Br)n6[B-]5(F)F)C=C4Br)cc3)=[N+]21,ClC(Cl)Cl,574.0
11092,C/C(=C\c1ccc(Cl)cc1)c1nc2ccccc2s1,C1CCCCC1,390.0
1396,CCOC(=O)C1CC(c2c(C#N)c(C)nn2-c2ccccc2)=CN1c1ccc(Br)cc1,C1COCCO1,480.0
259,CC(C)[Si](C#Cc1ccc(C#C[Si](C(C)C)(C(C)C)C(C)C)c2nc3cc4c(cc3nc12)[C@H]1c2ccccc2[C@@H]4c2ccccc21)(C(C)C)C(C)C,ClCCl,473.0
2189,Cc1nc2c(c[n+]1C)CN1C(=O)N([C@H]3O[C@@H](CO)[C@H](O)[C@@H]3O)C=CC1=N2,[2H]OC,417.0
3910,COc1cc(-c2cc(-c3ccc(C)cc3)nc3c(C#N)c(N4CCCC4)nc(N)c23)cc(OC)c1OC,CC(C)O,513.0
11906,CC1=C(Br)C(/C=C/c2ccncc2)=[N+]2C1=C(c1ccccc1)c1c(C)c(Br)c(/C=C/c3ccncc3)n1[B-]2(F)F,ClC(Cl)Cl,640.0
7422,O=C(N/N=C/c1ccccc1O)c1cc2ccccc2cc1O,CC(C)=O,513.0
1671,Cn1c2ccccc2[c+](-c2ccccc2)c2cc([N+](=O)[O-])ccc21,CO,439.8
10414,CCOC(=O)c1cc(C(=O)OCC)c2cccc(O)c2n1,CCO,527.0
6131,CN(C)c1ccc2cc(C3=[O+][B-](F)(F)OC(c4ccccc4)=C3)ccc2c1,CC#N,406.0
6383,COc1ccc(-c2cc3c(ccc4sc5ccc6sc(-c7ccc(C(C)=O)cc7)cc6c5c43)s2)cc1,ClCCl,477.0
756,CN(C)/C=N\c1ccc2c3c(cccc13)C(=O)c1ccccc1-2,CCOC(C)=O,586.0
1201,CCN(CC)c1ccc2cc(/C=C/C(=C(C#N)C#N)c3ccc4c(c3)c3ccccc3n4CC)c(=O)oc2c1,ClCCl,604.0
11687,c1cc2ccc3cccc4c(-c5cc(-c6nccs6)nc(-c6nccs6)c5)cc(c1)c2c34,CCCCCC,392.0
9482,Cc1cc(C)nc(N)n1,O,342.0
6903,O=P1(c2ccccc2)C(c2cc(C(F)(F)F)cc(C(F)(F)F)c2)=Cc2c3ccc4cccc5ccc(c6cc(-c7ccc(N(c8ccccc8)c8ccccc8)cc7)n1c26)c3c45,C1CCOC1,620.0
10667,CCCCCCCCCCCCN1C(=O)c2c(c3ccc4cc(-c5ccc(C#N)cc5)c(OC)cc4c3c3c2ccc2cc(-c4ccc(C#N)cc4)c(OC)cc23)C1=O,ClCCl,520.0
2215,Nc1cccc2c1C(=O)c1ccccc1-2,CC#N,501.0
4400,CN(C)c1ccc(C(=O)Nc2ccccc2)cc1,CCOCC,494.0
4149,CC1=[N+]2C(=C(c3c4ccccc4cc4ccccc34)c3ccc(C)n3[B-]2(F)F)C=C1,CCO,524.0
1744,CC1(C)c2ccccc2-c2cc3c4ccccc4n(-c4ccc(-c5nc(-c6ccccc6)nc(-c6ccccc6)n5)cc4)c3cc21,ClCCl,533.2907348
10731,COc1ccc(/C=C/C2=CC(/C=C/c3ccc(OC)c4ccccc34)=[O+][B-](F)(F)O2)c2ccccc12,CC#N,651.0
5688,CCN(CC)c1ccc2cc3c([o+]c2c1)/C(=C/Nc1ccccc1)CCC3,CCO,647.0
9549,O=C1OC(c2ccccc2)=N/C1=C\c1ccc(N(c2ccccc2)c2ccccc2)cc1,C1CCCCC1,491.0
7614,CN1C(=O)/C(=C/c2ccncc2)N=C1/C=C/c1ccncc1,CCOC(C)=O,535.0
4724,CN(C)c1ccc(C2=Nc3ccc4c(C(F)(F)F)cc(C(F)(F)F)nc4[n+]3[B-](F)(F)O2)cc1,ClCCl,642.0
694,c1ccc([B-]2(c3ccccc3)Oc3ccc4ccccc4c3-c3c4ccccc4nc[n+]32)cc1,Cc1ccccc1,543.0
4382,CN(C)c1ccc(-c2ccc(/C=C/c3cnc4ccccc4n3)cc2)cc1,ClCCl,617.0
10413,Cc1ccc(C(=O)/C=C2\C(=O)Nc3ccccc32)cc1C,CCCCCC,387.0
1807,CCCCCCOc1cc(N(CC)CC)ccc1/C=C(\C#N)c1ccc(/C=C/C(=C(C#N)C#N)c2ccc(N(c3ccccc3)c3ccccc3)cc2)s1,ClCCl,750.0
9722,COc1ccc(C2=C3C(C)=CC(C)=[N+]3[B-](F)(F)n3c(/C=C/c4ccc(N(C)C)cc4)cc(C)c32)cc1,CCOCC,641.0
3107,F[B-]1(F)OC(c2ccccc2)=Cc2cc(Cl)nc[n+]21,Cc1ccccc1,432.0
3115,CC(C)(C)c1ccc2c(c1)sc1[n+]2[B-](F)(F)n2c(c3cccc4cccc2c43)=C1C#N,CCCCCC,538.0
3858,CC[n+]1c(-c2ccccc2)c2cc(NC(N)=O)ccc2c2ccc(NC(N)=O)cc21,O,520.0
6673,O=c1oc2ccccc2cc1-c1cccc(-c2cc3ccccc3oc2=O)c1,ClC(Cl)Cl,419.0
2948,Oc1cc(N(c2ccccc2)c2ccccc2)ccc1-c1nc2c3ccc(-c4ccccc4)cc3c3cc(-c4ccccc4)ccc3c2[nH]1,ClCCl,426.0
8443,CCC1=C(C)C2=C(c3cc(C(=O)Cl)cc(C(=O)Cl)c3)c3c(C)c(CC)c(C)n3[B-](F)(F)[N+]2=C1C,CN(C)C=O,564.0
3780,CC(C)CCCCN1CCc2c1ccc1c3c(ccc21)CCCC3=O,CCOC(C)=O,586.0
4081,COCCOCCOc1cc(C=O)c(OCCOCCOC)cc1C=O,NC=O,458.0
6084,C1=C(c2ccc(-c3cccs3)s2)CCC(c2ccccc2)C1,c1ccncc1,417.0
6086,CC(C)(C)c1ccc2c(c1)sc1[n+]2[B-](F)(F)n2c(c3cccc4cccc2c43)=C1C#N,C1CCOC1,543.0
3884,Cn1c(=O)c(/N=N/c2ccc(/N=N/c3ccc(S(=O)(=O)O)cc3)cc2)c(O)c2ccccc21,CCOC(C)=O,536.0
8351,CCCCN1/C(=C\c2c(-c3ccc(N(C)C)cc3)c(=O)c2=O)C=Cc2ccccc21,Cc1ccccc1,435.0
9624,COc1cc2c3c(c4cc(OC)c(OC)c(OC)c4c2c(OC)c1OC)=[N+]1C(=C(c2c(C)cc(C)cc2C)c2cc4c5cc(OC)c(OC)c(OC)c5c5c(OC)c(OC)c(OC)cc5c4n2[B-]1(F)F)C=3,C1CCCCC1,749.0
9116,CC(=O)O[B-]1(OC(C)=O)OC(/C=C/c2ccccc2)=CC(/C=C/c2ccccc2)=[O+]1,CC(C)=O,473.0
5792,COC(=O)c1nc2c(N(C)C)nc(N(C)C)nc2n1Cc1ccccc1,CC#N,415.0
6896,CC(C)(C)c1ccc2c(c1)c1cc(C(C)(C)C)cc3c1n2-c1cc(-c2ccc(F)cc2)cc2c1B3c1cc(C(C)(C)C)cc3c4cc(C(C)(C)C)ccc4n-2c13,Cc1ccccc1,496.9447709
4250,O=C(O)C1=CC(=C/C=[N+]2/c3cc(O)c(C[C@@H]4O[C@H](CO)[C@@H](O)C(O)[C@H]4O)cc3C[C@H]2C(=O)O)C=C(C(=O)O)N1,CO,588.0
5377,COc1ccc(-c2cc(-c3ccc(OC)cc3)c3c(N)nc(N4CCCC4)c(C#N)c3n2)cc1,CO,515.0
7809,CC1=CC(=[N+]2CCC2)C=C2C1=Nc1c(C)cc(N3CCC3)cc1[Si]2(C)C,CCO,745.0
8546,C[Si]1(C)O[Si](C)(C)c2cc3nc4ccc(Cl)cc4c(-c4ccccc4F)c3cc2[Si](C)(C)O1,ClCCl,501.0
10772,CCCCCCCCCCCCCCCCOC(=O)c1ccc(N(c2ccccc2)c2ccccc2)cc1,ClCCCl,450.0
9176,Cc1cc(C)c(B(c2ccccc2N2c3ccccc3Oc3ccccc32)c2c(C)cc(C)cc2C)c(C)c1,ClCCl,628.3783784
11819,FC(F)(F)c1ccc(/C=C/c2ccc(-c3nnc(-c4ccc(-c5cc6ccccc6s5)cc4)o3)cc2)cc1,CO,389.0
3441,CCN(CC)c1ccc2cc(/C=C/C(=O)/C=C(O)/C=C/c3cc4ccc(N(CC)CC)cc4oc3=O)c(=O)oc2c1,CCOC(C)=O,566.0
5924,CCN1C(=O)C(C2C(=O)c3c4ccccc4cc4cc5ccccc5c2c34)C(=O)N(CC)C1=S,CCCCCC,544.0
11957,COc1ccc(-c2c3cc4cc(C)sc4cc3c(-c3ccc(OC)cc3)c3cc4cc(C)sc4cc23)cc1,ClCCl,514.0
1463,Nc1ccc(-c2ccc3c(c2)C(=O)c2ccccc2C3=O)cc1,CCOCC,643.0
10182,F[B-]1(F)N2C=CN=CC2=[N+]2[N+]1=Cc1c(-c3ccccc3)cc(-c3ccccc3)n1[B-]2(F)F,ClCCl,560.0
1237,OC1(c2ccc(-c3cccs3)s2)CCCC1,c1ccncc1,419.0
5461,COc1ccc(/C=C/c2cc(/C=C/c3ccc(N(c4ccccc4)c4ccccc4)cc3)nc(/C=C/c3ccc(N(C)C)cc3)n2)cc1,CC(C)=O,452.0
4722,CCCCn1c2ccc(C#N)cc2c2cc(C#N)ccc21,ClCCl,357.0
10846,CCN1c2ccc(-c3cc(-c4ccccc4)[nH]n3)cc2Sc2cc(-c3cc(-c4ccccc4)[nH]n3)ccc21,CN(C)C=O,458.0
9329,C(=C/c1ccc(N(c2ccccc2)c2ccccc2)cc1)\c1ccc(-c2ccc(/C=C/c3ccc(N(c4ccccc4)c4ccccc4)cc3)cc2)cc1,ClCCl,480.0
5156,Oc1cc2ccc3cc(O)cc4ccc(c1)c2c34,CO,405.0
6834,Cc1oc2c(Cl)cc3c(C)cc(=O)oc3c2c1C,CC#N,431.0
10671,CCC1=C(C)C2=C(c3c4ccccc4c(-c4ccccc4)c4ccccc34)c3c(C)c(CC)c(C)n3[B-](F)(F)[N+]2=C1C,ClCCl,543.0
8992,CC(=O)c1c2c(cc3ccc(N(C)C)cc13)CCC2,CCO,578.0
8391,CC1(C)Nc2cc3nc4cc(Cl)c(Cl)cc4nc3cc2N1,CCO,506.0
11647,FC(F)(F)c1cc2n(n1)[B-]1(c3ccccc3Oc3ccccc31)[n+]1ccc3ccccc3c1-2,C1CCCCC1,473.0
7800,N#Cc1c(C#N)c2cc(Cl)ccc2c2ccc(Cl)cc12,ClC(Cl)Cl,388.0
8709,c1ccc(-c2nc3c(c4c2-c2ccccc2CC4)-c2ccccc2CC3)cc1,CCCCCC,363.0
7363,CCCCCCCCCCCCOc1ccc(C#Cc2ccc(C#Cc3ccc(OCCCCCCCCCCCC)c(OCCCCCCCCCCCC)c3)c3nc4c5ccccc5c5ccccc5c4nc23)cc1OCCCCCCCCCCCC,ClCCl,566.0
6592,c1ccc2c(c1)[nH]c1cccnc12,C1COCCO1,367.0
8627,COc1cc(OC)cc(C2=[O+][B-](F)(F)OC(c3cccs3)=C2)c1,ClCCl,567.0
8207,COc1ccc2cc(-c3ccc(C(F)(F)F)cc3)oc(=O)c2c1,ClC(Cl)Cl,409.0
2124,O=C(O)COc1cccc(-c2c3nc(cc4ccc([nH]4)c(-c4cccc(OCC(=O)O)c4)c4nc(cc5ccc2[nH]5)CC4)CC3)c1,CS(C)=O,738.0
7403,COc1cc(/C=C/c2cc[n+](Cc3ccc(Br)cc3)cc2)ccc1O,CC(C)=O,562.0
819,CCCCCCOc1cc(/C=C/c2cc(OCCCCCC)c(/C=C/c3cc(OCCCCCC)c(C=O)cc3OCCCCCC)cc2OCCCCCC)c(OCCCCCC)cc1C=O,ClCCl,521.0
11514,Cc1cc(C)c(C2=C3C=CC=[N+]3[B-]3(c4ccccc4)Oc4cc(O)cc5c6ccc(C)cc6c6cc2n3c6c45)c(C)c1,ClC(Cl)Cl,669.0
4105,O=c1ccc2cc3ccoc3cc2o1,CO,465.0
10930,COc1cc2[nH]c3c(c2cc1OC)CCCC3=O,CO,461.3395225
10489,CN(C)c1ccc(/C=C2\CC/C(=C\c3ccc(C#N)cc3)C2=O)cc1,CC(C)=O,718.0
2928,COc1ccc(-c2nc3c(c4c2-c2ccc(C#N)cc2CC4)-c2ccc(C#N)cc2CC3)cc1,CCOC(C)=O,423.0
6681,Fc1ccc(-c2nc3n(c2-c2ccncc2)CCS3)cc1,C1COCCO1,412.0
8933,CC(=O)O[B-]1(OC(C)=O)OC(/C=C/c2ccccc2)=CC(/C=C/c2ccccc2)=[O+]1,CC#N,476.0
6348,CCOC(=O)c1c(-c2cc3cc(OC)ccc3oc2=O)nn(-c2cccc(C)c2)c1C(=O)OCC,ClCCl,444.0
9295,COc1ccc(C2=C3C=c4c(oc5ccccc45)=[N+]3[B-](F)(F)n3c2cc2c4ccccc4oc23)cc1,CO,592.0
1670,c1ccc(-c2nn(-c3ccccn3)c3nc4ccccc4cc23)cc1,CC#N,441.0
7872,CC1(C)CCc2c(c3ccccc3c3nc4c5c(c6ccccc6c4nc23)OC(C)(C)CC5)O1,CC(C)O,475.0593824
1061,COC(=O)C(NC(=O)OC(C)(C)C)c1ccc2oc(-c3cc(C(F)(F)F)cc(C(F)(F)F)c3)nc2c1,CO,377.0
6179,N#Cc1ccc(-c2nc(-c3ccccc3)c3ccccn23)cc1,CC#N,453.0
4190,c1ccc(C2=C(c3ccccn3)[Si](c3ccccc3)(c3ccccc3)c3ccccc32)cc1,ClCCl,406.0
3060,CCOC(=O)C1CC(c2c(C#N)c(C)nn2-c2ccccc2)=CN1c1ccc(Br)cc1,CCO,490.0
1254,CN(C)CCNCc1c2ccccc2cc2ccccc12,ClC(Cl)Cl,417.0
952,CC(C)(C)c1ccc(-c2cc3c4c(c2)CCc2cc(-c5ccc(C(C)(C)C)cc5)cc(c2-4)CC3)cc1,CN(C)C=O,386.7914439
4867,c1ccc(N2c3ccccc3B3c4ccccc4N(c4ccccc4)c4cccc2c43)cc1,c1cc(-c2cccc(-n3c4ccccc4c4ccccc43)c2)cc(-n2c3ccccc3c3ccccc32)c1,460.0
9646,CNc1ccc(/C=C/C#N)cc1,C1CCCCC1,368.0
7801,O=C1CC(=O)Nc2cc(C(=O)O)ccc2N1,CS(C)=O,407.0
9967,O=c1oc2ccc(Br)cc2cc1-c1cc2cc(Br)ccc2o1,CC#N,433.0
1118,CCC1=C(C)C2=Cc3cc(I)c(I)n3[B-](F)(F)[N+]2=C1C,CC(C)=O,552.5
7772,CC(C)(C)c1ccc(-c2nc3c4ccc(-c5ccc6ccc7cccc8ccc5c6c78)cc4c4cc(-c5ccc6ccc7cccc8ccc5c6c78)ccc4c3n2-c2ccc(C(C)(C)C)cc2)cc1,CCCCOCCCC,427.0
6594,CN(C)c1ccc(/C=C/C(=C(C#N)C#N)c2ccc3c4c(cccc24)CC3)cc1,CC#N,598.0
9128,CN1C(=CC2=C([O-])C(=Cc3sc4ccccc4[n+]3C)C2=C(C#N)C#N)Sc2ccccc21,ClC(Cl)Cl,723.0
8327,COCCOCCOc1cc(C=O)c(OCCOCCOC)cc1C=O,CCO,464.0
1718,COC(=O)c1ccc2ccc3cccc4ccc1c2c34,CN(C)C=O,391.0
3955,C(=C/c1nc2ccccc2[nH]1)\c1ccc(-c2nc3c4cccnc4c4ncccc4c3[nH]2)cc1,CC#N,450.0
8473,CCCCC1(CCCC)c2cc(C#Cc3ccc4ccc5cccc6ccc3c4c56)ccc2-c2ccc(N(c3ccccc3)c3ccccc3)cc21,C1CCOC1,498.0
11468,BrC1=CN2C[n+]3cc(Br)cc(Br)c3N=C2C(Br)=C1,CS(C)=O,494.0
2455,COc1cc(N(c2ccc(C=C(C#N)C#N)c(OC)c2)c2ccc(C=C(C#N)C#N)c(OC)c2)ccc1C=C(C#N)C#N,CC#N,566.0
9034,O=[N+]([O-])c1ccc(/C=C/c2cn(S(=O)(=O)c3ccccc3)c3ccccc23)cc1,CO,417.0
4419,CCCCOc1ccc2cc(-c3ccc(C)cc3)c(=O)oc2c1,CS(C)=O,431.0
8833,CCCCn1c2ccc(-c3cccc(F)c3)cc2c2ccc3c4cc(-c5cccc(F)c5)ccc4n(CCCC)c3c21,ClC(Cl)Cl,411.0
10794,O=C1OC(c2ccccc2)=N/C1=C\c1ccc(N(c2ccc(/C=C3\N=C(c4ccccc4)OC3=O)cc2)c2ccc(/C=C3/N=C(c4ccccc4)OC3=O)cc2)cc1,C1CCOC1,582.0
2859,COC(=O)C(Cc1ccc2oc(-c3ccc(N(C)C)cc3)nc2c1)NC(=O)OC(C)(C)C,CC(C)CC(C)(C)C,374.9953126
2788,CCCCCCCCCCCCOc1cc2cc(N(C)C)ccc2cc1C=C(C#N)C#N,ClCCl,578.0
6908,CN(C)c1ccc(/C=C/C=C/C=C/c2ccc(N(C)C)cc2)cc1,CCCCCC,461.0
11239,Fc1ccc(-c2nc3n(c2-c2ccncc2)CCS3)cc1,C1CCOC1,414.0
1978,CC(=O)c1c2c(cc3c(N(C)C)cccc13)CCC2,ClCCl,562.0
2620,O=C(O)C1CCCN1C(=O)c1ccc(C2CC(c3cccc4ccccc34)=NN2c2ccccc2)cc1,CC#N,506.0
8603,O=S(=O)([O-])c1cc([O-])c2ccc3c(S(=O)(=O)[O-])cc(S(=O)(=O)[O-])c4ccc1c2c34,OC(C(F)(F)F)C(F)(F)F,505.9960532
2319,Oc1cc(-c2ccco2)ccc1-c1nc2ccccc2s1,CCO,405.0
4031,CCn1c2ccc(/C=C/c3ccc4c(c3)c3cc(-c5nc6ccccc6s5)ccc3n4CC)cc2c2cc(-c3nc4ccccc4s3)ccc21,ClCCl,442.0
9625,CC1=C2C=CC(C)=[N+]2[B-](F)(F)n2cccc21,CCCCCC,504.0
10734,Cn1cc(-c2nc3ccccc3nc2C#Cc2ccccc2)c2ccccc21,ClCCl,510.0
1056,CC1=C(Cc2ccccc2)C(C)=[N+]2C1=C(C)c1c(C)c(-c3csc(N4CCOCC4)n3)c(C)n1[B-]2(F)F,C1COCCO1,602.0
1146,CC1=CC(C)=[N+]2C1=C(c1c(F)c(F)c(NCCCCNP(=O)(OC(C)C)OC(C)C)c(F)c1F)c1c(C)cc(C)n1[B-]2(F)F,CC#N,524.0
7649,CCCCCCN(CCCCCC)c1ccc(C#Cc2ccc(C#Cc3ccc(-c4ccc(C#Cc5ccc(C#Cc6ccc(N(CCCCCC)CCCCCC)cc6)cc5)cc4)cc3)cc2)cc1,Cc1ccccc1,433.0
1937,O=P(c1ccc(N2c3ccccc3Oc3ccccc32)cc1)(c1ccc(N2c3ccccc3Oc3ccccc32)cc1)c1ccc(N2c3ccccc3Oc3ccccc32)cc1,CO,570.1019253
4643,CC1=CC(C)=[N+]2C1=Cc1c3ccccc3c(C#Cc3cccs3)n1[B-]2(F)F,CCCCCCCCO,636.0
8663,CC1=[N+]2C(=C(c3ccccc3)c3ccc(C)n3[B-]2(F)F)C=C1,CC#N,521.0
8484,CN(C)c1ccc(C(=O)c2ccccc2)cc1,CO,480.0
7105,N#Cc1cc(N2c3ccccc3Oc3ccccc32)cc(N2c3ccccc3Oc3ccccc32)c1,Cc1ccccc1,520.0
6462,O=C1c2ccccc2-c2ccc(N3CCN(c4ccccc4)CC3)c3cccc1c23,CC(C)=O,601.0
8657,O=C(O)c1ccccc1Nc1ccccc1,C1CCCCC1,430.0
8480,C1=C(c2ccccc2)C(c2ccccc2)=CC1c1ccccc1,C1CCOC1,345.0
8,CCn1c2ccccc2c2cc(-c3cc(-c4ccc5c(c4)c4ccccc4n5CC)nc(S(C)(=O)=O)n3)ccc21,CN(C)C=O,451.0
7464,O=CN1N=C(c2ccc(Br)cc2)C[C@@H]1c1ccccc1,CO,350.0
3746,CC1(C)c2ccccc2N(c2ccc3c(c2)Oc2ccccc2P3(=O)c2ccccc2)c2ccccc21,O=P(c1ccccc1)(c1ccccc1)c1ccccc1Oc1ccccc1P(=O)(c1ccccc1)c1ccccc1,434.0
9148,COc1ccc2c3c(cccc13)C(=O)N(C)C2=O,CCO,444.0
11379,CCCCC1(c2ccccc2)Nc2c(-c3ccc(OC)cc3)ccc(-c3ccc(OC)cc3)c2N=C1c1ccccc1,Cc1ccccc1,525.0
7696,CCOC(=O)C(C(=O)OCC)C1=[N+]2C(=C(c3ccc(C)cc3)c3ccc(C(C(=O)OCC)C(=O)OCC)n3[B-]2(F)F)C=C1,CO,522.0
96,c1ccc(C2CCN3COc4c5ccccc5c5c6c7c(c2c3c46)C(c2ccccc2)CCN7CO5)cc1,CC#N,610.0
1459,COc1cc(C(=O)O)ccc1O,CC(C)(C)O,340.0
1082,Cc1ccc(C2=C3C=CC(C#Cc4ccccc4)=[N+]3[B-](F)(F)n3c(Cl)ccc32)cc1,Cc1ccccc1,577.0
6025,CCOC(=O)CCCn1c(C(=O)OC)c(C)c2c(=O)n3c(cc21)C(CC)=C(C)C3=O,CO,499.0
426,CC1(C)c2cccc(-c3nc(-c4ccccc4)nc(-c4ccccc4)n3)c2Oc2c(-n3c4ccccc4c4ccccc43)cccc21,ClC(Cl)Cl,454.0
10740,CN(C)c1ccc2c(c1)Cc1ccccc1-2,CCCO,367.0
1883,COc1ccc2cc(-c3ccc(C(F)(F)F)cc3)oc(=O)c2c1,CCOC(C)=O,404.0
8740,COc1ccc(/C=N/c2cc(C(C)C)c(O)cc2C)cc1,CC(C)(C)O,411.0
6690,CC(C)(C)c1cc2c3c(c1)c1cc(C(C)(C)C)cc4c1n3B1c3c-2cccc3-c2cc(C(C)(C)C)cc3c5cc(C(C)(C)C)cc-4c5n1c23,C1CCOC1,450.0
2627,CC[NH+](CC)c1ccc(-c2nc3c4ccccc4n(C)c3nc2-c2ccc(B(c3c(C)cc(C)cc3C)c3c(C)cc(C)cc3C)cc2)cc1,C1CCOC1,451.187905
4450,COc1ccc(N(c2ccc(OC)cc2)c2ccc(-c3ccc(-c4ccc(-c5ccc(-c6ccc(N(c7ccc(OC)cc7)c7ccc(OC)cc7)cc6)s5)c5nsnc45)s3)cc2)cc1,ClC(Cl)Cl,710.0
8713,COc1ccc(/C=C/c2ccc(-c3nnc(-c4ccc(-c5cc6ccccc6s5)cc4)o3)cc2)cc1,CCCCCCCCO,433.0
4513,COc1ccc(C2=Cc3ccccc3[Si]2(c2ccccc2)c2ccccc2)cc1,ClCCl,418.0
6435,CN(C)c1ccc(C#Cc2ccc3ccc4c(C#Cc5ccc(N(C)C)cc5)ccc5ccc2c3c54)cc1,ClCCl,532.8
10532,CC1=CC(C)=[N+]2C1=C(c1ccc(OCCN3CCCCC3)cc1)c1c(C)cc(C)n1[B-]2(F)F,CCO,510.0
5321,CN(C)c1ccc(C2=Nc3sc4cc(Cl)ccc4[n+]3[B-](F)(F)O2)cc1,ClCCl,473.0
11743,COc1ccc(/C=C/c2ccc(-c3ccc(C)cn3)nc2)cc1,CC#N,431.0
979,CN(C)c1ccc2c(c1)-c1ccccc1C2=O,CCO,592.0
11851,COc1ccc(C2=C(c3ccccc3)C(c3ccccc3)=[N+]3C2=Nc2c(-c4ccc(OC)cc4)c(-c4ccccc4)c(-c4ccccc4)n2[B-]3(F)F)cc1,Cc1ccccc1,695.0
1042,COc1ccc(-c2nc3c(c4c2-c2ccccc2CC4)-c2ccccc2CC3)cc1,CO,428.0
2085,CCC1=C(C)C(=O)n2c1cc1c(c(C)c(C(=O)OCC(C)C)n1CC(C)C)c2=O,CO,498.0
10874,COc1ccc2c3c(OC)c4ccccc4c(OC)c3n(C)c2c1,CC#N,413.0
3021,c1ccc(Nc2ccc3ccccc3n2)cc1,Cc1ccccc1,404.04
9202,CC(=O)c1ccc(/C=C/C=C/C2=NC3C(=O)NC(N)=NC3N2[C@H]2C[C@H](O)[C@@H](CO)O2)cc1,C1COCCO1,494.0
1592,CC1(C)Cc2c(c3ccccc3c3nc4c(nc23)c2c(c3ccccc34)OC(C)(C)C2)O1,C1CCCCC1,454.3389368
8336,CCCCc1cc2cccc[n+]2[b-]2ccc(-c3cc[b-]4c(c3)c(CCCC)cc3cccc[n+]43)cc21,C1CCCCC1,543.0
2619,COc1ccc(/C=C/c2cc(/C=C/c3ccc(OC)cc3)nc(/C=C/c3ccc(OC)cc3)n2)cc1,CC#N,453.0
3375,CN(C)c1ccc2cc3c(cc2c1)OCCN=C3,Cc1ccccc1,415.0
2631,O=C1c2ccccc2-c2ccc(N3CCN(c4ccccc4)CC3)c3cccc1c23,CCCCCCCCO,590.0
2742,Clc1nnc(Oc2ccc(N(c3ccccc3)c3ccccc3)cc2)nn1,ClCCl,564.0
3048,NC(=O)Cc1cccc2ccccc12,C1COCCO1,326.0
9587,CC(C)[Si](C#Cc1c2cc3ccccc3cc2c(C#C[Si](C(C)C)(C(C)C)C(C)C)c2nc3c(nc12)C1c2ccccc2C3c2ccccc21)(C(C)C)C(C)C,CCCCCC,548.0
5050,COc1cccc(-n2c(-c3ccc(F)cc3)nc(C)c2C)c1,ClCCl,368.0
3469,CCN(CC)c1ccc2cc(/C=C/C(=C(C#N)C#N)c3ccc4c(c3)c3ccccc3n4CC)c(=O)oc2c1,CN(C)C=O,629.0
582,C(=C/c1ccc(-c2nnc(-c3ccccc3)o2)cc1)\c1ccc(-c2nnc(-c3ccccc3)o2)cc1,CN(C)C=O,415.0
11894,COc1ccc(/C=C/C(=O)c2ccccc2O)cc1OC,CCCO,495.0
5403,COc1ccc(-c2cc3oc(=O)cc(C)c3cc2-c2ccc(OC)c(OC)c2)cc1OC,C1CCOC1,457.0
5651,COc1ccc(-c2cnc3cccc(-c4ccccc4)n23)cc1,ClCCl,484.0
10980,O=C1c2ccccc2C2=C(c3ccccn3)NN=C(c3ccccn3)C2c2ccccc21,CC#N,547.0
11511,CCC1=C(C)C2=C(C)c3c(C)c(CC)c(C)n3[B-](F)(F)[N+]2=C1C,C1COCCO1,533.2
12081,NS(=O)(=O)c1ccc(N2N=C(c3ccc(O)cc3)CC2c2ccc(Br)cc2)cc1,O,449.0
2992,COc1ccc(/C=N/c2cc(C(C)C)c(O)cc2C)cc1,OCCO,426.0
3,Cc1cc(C)c2c(c1)c1cc(C)cc(C)c1n2-c1ccc2c(c1)B(c1c(C(C)C)cc(C(C)C)cc1C(C)C)c1cc(-n3c4c(C)cc(C)cc4c4cc(C)cc(C)c43)ccc1N2c1ccccc1,C1CCOC1,447.9591837
4779,CC1(C)Nc2cc3nc4cc(F)c(F)cc4nc3cc2N1,CCO,496.0
410,F[B-]1(F)n2c(Cl)ccc2C(c2c(Cl)cccc2Cl)=C2C=CC(NCc3ccccc3)=[N+]21,CCOC(C)=O,532.0
10210,CCC1=C(C)C2=Cc3cscc3B(O)N2C1=O,CS(C)=O,425.0
11578,O=C1/C(=C\c2ccc(N(c3ccccc3)c3ccccc3)cc2)S(=O)(=O)c2ccccc21,CCOC(C)=O,617.0
9628,COc1ccc(-c2oc3cccc4c5c(-c6ccc(OC)cc6)c(=N)oc6cccc(c2c34)c65)cc1,ClC(Cl)Cl,505.0
4168,O=c1c(Nc2ccccc2)c([O-])c1=[NH+]c1ccccc1,O,504.0
2884,O=C1c2ccccc2-c2ccc(Nc3nc(Cl)nc(Cl)n3)c3cccc1c23,Cc1ccccc1,509.4243505
9507,CCOC(=O)C1c2ccccc2C(=O)N1c1ccccc1,CCCCCC,435.0
263,N#Cc1ncc(-c2c3ccccc3c(-c3cnc(C#N)nc3)c3ccccc23)cn1,ClCCl,464.0
1983,COc1ccc(C#Cc2ccc(C#N)cc2)cc1OC,CCCCCCC,347.0
7338,COC(=O)c1cc(=O)n(C)c2cc(-c3cc(OC)c(OC)c(OC)c3)sc12,ClCCl,485.0
439,F[B-]1(F)n2cccc2C=C2c3ccccc3C(c3ccc[nH]3)=[N+]21,Cc1ccccc1,600.0
8482,COc1cc2c(cc1-c1ccc(C#N)cc1)Cc1c3c(c4c(c1-2)-c1cc(OC)c(-c2ccc(C#N)cc2)cc1C4)C(=O)N(CCC(C)C)C3=O,C1CCOC1,460.0
8778,[BH3-][P+]1(c2ccccc2)c2ccccc2-c2sc3ccccc3c21,CCO,400.0
5683,CCN(CC)c1ccc2cc(C#N)/c(=N\C(=O)c3ccccc3)oc2c1,ClCCl,460.0
8263,Cc1c2oc3c(C)c(N)cc(C(=O)NC4OC(=O)C(C(C)C)N(C)C(=O)CN(C)C(=O)C5CCCN5C(=O)C(C(C)C)NC4=O)c3nc-2c(C(=O)NC2OC(=O)C(C(C)C)N(C)C(=O)CN(C)C(=O)C3CCCN3C(=O)C(C(C)C)NC2=O)c(N)c1=O,O=[N+]([O-])c1ccccc1,623.2393488
11753,CCOc1ccc2c(-c3nc(-c4cccc(C)c4)no3)cc(=O)oc2c1,ClC(Cl)Cl,456.0
1107,C(=C/c1c2ccccc2cc2ccccc12)\c1ccc2ccccc2n1,CC#N,510.0
2913,CC1=[N+]2C(=C(c3ccc(-c4c5ccccc5c(-c5ccccc5)c5ccccc45)cc3)c3ccc(C)n3[B-]2(F)F)C=C1,ClCCl,526.0
7923,O=S(=O)(c1ccc(-c2ccc3c(c2)c2ccccc2n3-c2ccccc2)cc1)c1ccc(-c2ccc3c(c2)c2ccccc2n3-c2ccccc2)cc1,C1CCOC1,403.2831001
3883,CCCCc1ccc(N(c2ccc(CCCC)cc2)c2ccc(-c3ccc4c(c3)S(=O)(=O)c3cc(-c5ccc(N(c6ccc(CCCC)cc6)c6ccc(CCCC)cc6)cc5)ccc3-4)cc2)cc1,Cc1ccccc1,471.0
88,O=C1OC(c2ccccc2)=N/C1=C\c1ccc(N(c2ccccc2)c2ccccc2)cc1,CC1CCCCC1,492.6
3231,CN(C)c1ccc(C#Cc2ccccc2)cc1,C1CCCCC1,344.9941351
11099,COc1ccc(C2=[O+][B-](F)(F)OC(c3ccc4c(c3)Cc3ccccc3-4)=C2)cc1,CC#N,466.0
4617,CC(C)(C)c1ccc(-c2sc3c(-c4ccc(C(C)(C)C)cc4)c4n(c3c2-c2ccc(C(C)(C)C)cc2)[B-](F)(F)[N+]2=Cc3c(-c5ccc(C(C)(C)C)cc5)c5sc(-c6ccc(C(C)(C)C)cc6)c(-c6ccc(C(C)(C)C)cc6)c5n3[B-](F)(F)[N+]2=C4)cc1,CC#N,627.0
7502,O=S(=O)([O-])c1ccccc1/C=C/c1ccc(-c2nnc(-c3ccc(/C=C/c4ccccc4S(=O)(=O)[O-])cc3)o2)cc1,CC(C)=O,416.0
9402,COc1ccc(N2c3sc4ccccc4c3Sc3c2sc2ccccc32)cc1,ClCCl,549.0
1768,CCn1c2ccccc2c2ccc(-c3ccc(OC)cc3)cc21,C1CCCCC1,383.0
3881,CSc1sc(C(=O)c2ccccc2)c2nn[nH]c(=O)c12,CC#N,485.0
1043,Cc1ccc(C2=C3C=C(I)C=[N+]3[B-](F)(F)n3c2cc(I)c3I)cc1,OCC(F)(F)F,576.0
8001,CC(C)(C)c1cc(-c2c3cccc4c5cccc6c(-c7cc(C(C)(C)C)cc(C(C)(C)C)c7)c7cccc8c9cccc2c9c(c34)c(c65)c78)cc(C(C)(C)C)c1,Cc1ccccc1,701.0
274,C#CCN1C(=O)/C(=C/c2cc(OC(C)C)ccc2OC(C)C)N=C1C,CN(C)C=O,500.0
1281,CC(C)(C)c1ccc(-c2nc3c4ccc(-c5cccc6ccccc56)cc4c4cc(-c5cccc6ccccc56)ccc4c3n2-c2ccc(C(C)(C)C)cc2)cc1,ClC=C(Cl)Cl,386.0
7103,FC(F)(F)c1ccccc1B1c2ccccc2N(c2ccccc2)c2ccccc21,ClCCl,404.0
2391,CN(C)c1ccc2cc(C#Cc3cn([C@H]4C[C@H](O)[C@@H](CO)O4)c4ncnc(N)c34)ccc2c1,C1CCOC1,418.0
3386,CN1CCN(CCCN2c3ccccc3Sc3ccc(Cl)cc32)CC1,O,457.0
4602,CCCCn1c(=O)c2cc3ccc4cccc5ccc(c2c1=O)c3c45,ClC(Cl)Cl,460.0
9303,N#Cc1nc2c3ccc(N(c4ccccc4)c4ccccc4)cc3c3cc(N(c4ccccc4)c4ccccc4)ccc3c2nc1C#N,O=P(c1ccccc1)(c1ccccc1)c1cccc(-c2cc(-n3c4ccccc4c4ccccc43)cc(-n3c4ccccc4c4ccccc43)c2)n1,606.0
9053,C(=C/c1ccccc1)\c1ccccc1,CC#N,350.0
4329,CN(C)c1ccc2nc(/C=C/c3ccccc3)c(=O)oc2c1,C1CCCCC1,488.0
8550,Cc1cc(-c2ccc(-n3c4ccccc4c4ccccc43)cc2)nc(-c2ccc(-n3c4ccccc4c4ccccc43)cc2)n1,CN(C)C=O,461.0
10068,Cc1ccc(C(=O)/C=C/c2ccc(N(C)C)cc2)cc1,CO,533.0
3413,CCOC(=O)c1cc(C(=O)OCC)c2cc(C)ccc2n1,CCO,417.0
10475,CC(C)[Si](C#Cc1c2cc3ccccc3cc2c(C#C[Si](C(C)C)(C(C)C)C(C)C)c2nc3c(nc12)Cc1ccccc1-3)(C(C)C)C(C)C,CCCCCC,584.0
415,Cc1cc(C)c2nc3c(=O)n(C)c(=O)nc-3n(C)c2c1,CC#N,540.0
6326,c1ccc(-c2nn(-c3ccccc3)c3nc4ccc(-n5c6ccccc6c6ccccc65)cc4cc23)cc1,C1CCCCC1,461.6805171
7865,CN1CCN(c2ccc3c4c(cccc24)C(=O)c2ccccc2-3)CC1,C1CCOC1,593.0
8414,CCCCC(CC)Cn1c2cc(C#N)ccc2c2ccc(C#N)cc21,ClCCl,396.0
710,CN(C)c1ccc(/C=C2\CC/C(=C\c3ccc(C#N)cc3)C2=O)cc1,CCO,659.0
4308,CCN(CC)c1ccc(/C=C/c2cc(/C=C/c3ccc(N(CC)CC)cc3)nc(N)n2)cc1,Cc1ccccc1,468.0
3707,COc1ccc(/C=C/C=C/C=C/c2ccc([N+](=O)[O-])cc2)cc1,CO,690.0
407,COC(=O)c1ccc(-c2nc3ccc(N(C)C)cc3s2)cc1,c1ccccc1,475.0
8886,N#CC(C#N)=Cc1ccc(-c2cccc(-c3nc4ccccc4s3)c2O)s1,ClCCl,607.0
10082,CN(C)c1ccc(/C=C/C=C2\CC/C(=C\c3ccc(N(C)C)cc3)C2=O)cc1,ClC(Cl)Cl,623.0
3315,CC(C)(C)c1ccc(/C=C/c2ccc(N(c3ccc(/C=C/c4ccc(C(C)(C)C)cc4)cc3)c3ccc(-c4nc5ccccc5nc4-c4ccc(N(c5ccc(/C=C/c6ccc(C(C)(C)C)cc6)cc5)c5ccc(/C=C/c6ccc(C(C)(C)C)cc6)cc5)cc4)cc3)cc2)cc1,Cc1ccccc1,497.0
7107,CCC1=C(C)C2=C(C)c3c(C)c(CC)c(C)n3[B-](F)(F)[N+]2=C1C,OCC(F)(F)F,535.2
12058,Oc1cc(N(c2ccccc2)c2ccccc2)ccc1-c1nc2c3ccc(-c4ccccc4)cc3c3cc(-c4ccccc4)ccc3c2[nH]1,CC#N,427.0
4191,O=S(=O)([O-])c1cc(O)c2ccc3c(S(=O)(=O)[O-])cc(S(=O)(=O)[O-])c4ccc1c2c34,CN(C)C=O,405.334198
10898,CC1=[N+]2C(=C(c3c4ccccc4cc4ccccc34)c3ccc(C)n3[B-]2(F)F)C=C1,CCCCCC,526.0
6691,CC(C)(C)OC(=O)COc1ccc2c(c1)oc(=O)c1c(=O)oc3ccccc3c12,ClCCl,440.0
4772,Cc1ccc(C2=C3C=C(I)C=[N+]3[B-](F)(F)n3cc(I)cc32)cc1,CCO,573.0
4676,Cn1c(=O)c(/N=N/c2ccc(S(=O)(=O)O)c3ccccc23)c(O)c2ccccc21,CCOC(C)=O,555.0
6757,c1ccc(-c2nc(-c3ccccc3)n3ccccc23)cc1,ClC(Cl)Cl,454.0
1523,O=c1oc2ccc(Cl)cc2cc1-c1cc2cc(Cl)ccc2o1,CS(C)=O,488.0
3314,COC(=O)c1ccc(C#Cc2ccc(N(C)C)cc2)cc1,CCCCCCCCCCCCCCCCCl,382.49694
1110,Cc1cccc2cc3c(=O)n(C)c(=O)n(C)c3nc12,ClC(Cl)Cl,417.0
10059,O=C(N/N=C/c1ccccc1O)c1cccc2ccccc12,CS(C)=O,336.0
1406,COC(=O)/C=C/c1ccc2ccc3cccc4ccc1c2c34,CO,462.5
6679,COc1ccc(-n2nc(C#N)c(N3CCCC3)n2)cc1,ClC(Cl)Cl,406.0
2932,OC1(c2ccc(-c3cccs3)s2)CCC(c2ccccc2)CC1,CCO,460.0
7135,Cc1cccc(-c2nc3sc4ccccc4c3s2)c1,CS(C)=O,412.0
6925,CCCc1ccc(C#Cc2cc(C#Cc3ccc(CCC)cc3)c3ccc4c(C#Cc5ccc(CCC)cc5)cc(C#Cc5ccc(CCC)cc5)c5ccc2c3c54)cc1,ClCCl,494.0
8560,NS(=O)(=O)c1ccc(N2N=C(c3ccc(O)cc3)CC2c2ccc(F)cc2)cc1,CC#N,417.0
11343,CN(C)c1ccc(/C=C2/N=C(c3ccccc3)OC2=O)cc1,C1CCCCC1,476.0
11290,CCN(CC)c1ccc2cc(-c3cn4ccccc4n3)c(=O)oc2c1,CS(C)=O,482.0
633,CCCSc1ccc2n1[B-](F)(F)[N+]1=C(SC#N)C=CC1=C2c1ccccc1,ClCCl,569.0
8383,CN(C)c1ccc(/C=C/c2cc(/C=C/c3ccc(N(C)C)cc3)nc(/C=C/c3ccc(N(c4ccccc4)c4ccccc4)cc3)n2)cc1,C1CCOC1,521.0
10566,CCN(CC)c1ccc2cc(-c3ccc(S(C)(=O)=O)cc3)oc(=O)c2c1,CO,489.0
6372,O=C(c1ccc(-n2c3ccccc3c3cc(-n4c5ccccc5c5ccccc54)ccc32)cc1)c1ccc(-n2c3ccccc3c3cc(-n4c5ccccc5c5ccccc54)ccc32)cn1,Cc1ccccc1,462.0
6425,C(=C/c1cnc2ccccc2n1)\c1ccc(-c2ccc(N(c3ccccc3)c3ccccc3)cc2)cc1,ClCCl,632.0
131,COC(=O)C(Cc1ccc2oc(-c3ccc(Nc4ccccc4)cc3)nc2c1)NC(=O)OC(C)(C)C,OC1CCCCC1,440.0052801
5297,c1ccc(N(c2ccccc2)c2ccc(-c3ncc(-c4ccc(-c5cnc(-c6ccc(N(c7ccccc7)c7ccccc7)cc6)s5)s4)s3)cc2)cc1,CO,503.0
4004,CN(C)c1ccc2nc(/C=C/c3cc4c5c(c3)CCCN5CCC4)c(=O)oc2c1,CC(C)=O,679.0
9643,CCCCn1c2ccc(-c3ccc(C(F)(F)F)cc3)cc2c2ccc3c4cc(-c5ccc(C(F)(F)F)cc5)ccc4n(CCCC)c3c21,ClC(Cl)Cl,412.0
774,CC(C)(C)c1ccc(C#Cc2cc(C#Cc3ccc(C(C)(C)C)cc3)c(C#Cc3ccc(C(C)(C)C)cc3)c(C#Cc3ccc(C(C)(C)C)cc3)c2C#Cc2ccc(C(C)(C)C)cc2)cc1,ClCCl,429.0
9744,CC(C)Nc1cc2sc3cc(NC(C)C)c(F)cc3c(=O)c2cc1F,CCO,446.0
3857,CN(C)c1ccc(/C=C/C=C/c2ccc(B(O)O)cc2)cc1,C1CCCCC1,441.0
469,COCCOc1ccc(OCCOC)c(C=O)c1,CCCO,458.0
8784,C/C(=N\Nc1ccc(C#N)cc1)c1cccc(/C(C)=N/Nc2ccc(C#N)cc2)c1,CCCCCC,467.0
11184,COC(=O)C1CCN(c2ccc3c(N4CCCCC4)c4ccc(=[N+]5CCC(C(=O)OC)CC5)cc-4oc3c2)CC1,ClCCl,552.0
10183,Cc1ccc(C(=O)/C=C2\C(=O)Nc3ccccc32)cc1C,C1CCCCC1,387.0
10687,Cc1ccc(-c2c3ccc([nH]3)c3nc(c(-c4ccc(C#N)cc4)c4ccc([nH]4)c4ccc([nH]4)c(-c4ccc(C)cc4)c4ccc2o4)C=C3)cc1,c1ccccc1,722.0
12166,CCCCCCCCCCCCOc1cc2cc(N(C)C)ccc2cc1C#N,CC#N,432.0
5553,O=C1c2ccccc2C(=O)N1c1ccc(Cn2cncn2)cc1,CO,440.0
12254,c1ccc(-c2cc(-c3ccc(N(c4ccccc4)c4ccccc4)cc3)cc(-c3ccccc3)n2)cc1,CC#N,489.0
563,CC(=O)Nc1ccc2c3c(cccc13)C(=O)c1ccccc1-2,O=C1CCCCC1,526.8703899
1905,CC1=[N+]2C(=C(c3c4ccccc4cc4ccccc34)c3ccc(C)n3[B-]2(F)F)C=C1,Cc1ccccc1,530.0
7300,CN(C)c1ccc2cc3c(cc2c1)OCCN=C3,CC#N,562.0
6851,COC(=O)C(Cc1ccc2oc(-c3ccc(N(C)c4ccccc4)cc3)nc2c1)NC(=O)OC(C)(C)C,C1CCCCC1,405.0058726
7553,[C-]#[N+]c1ccc(-c2ccc(N(C)C)cc2)cc1,C1CCCCC1,360.0
1576,COc1cc(/C=C/c2cc[n+](Cc3ccc(Br)cc3)cc2)ccc1O,CCO,564.0
5361,C#CCNC1=C2C(C)=CC(C)=[N+]2[B-](F)(F)n2c(C)cc(C)c21,C1CCCCC1,501.5
3128,N#Cc1ccc2cc[nH]c2c1,CS(C)=O,363.0
7676,CS(=O)(=O)c1ccc(-c2cc3ccc(N)cc3c(=O)o2)cc1,CO,473.0
11140,Cc1cc2c(cc1C)NC(=O)CC(=O)N2,CS(C)=O,349.0
79,N#Cc1c(N2CCCCC2)cc(-c2ccc3ccc4cccc5ccc2c3c45)c2c1-c1ccccc1C2,C1CCOC1,460.0
6703,O=Cc1cc(C=O)c2ccc3c(N4CCCCC4)cc(N4CCCCC4)c4ccc1c2c43,CCO,609.0
2474,CC1(C)Oc2c(c3nc4ccccc4nc3c3ccccc23)CC1Br,C1COCCO1,449.4382022
4449,CN(C)c1ccc(C#Cc2ncnc3ccccc23)cc1,CS(C)=O,583.0
3355,CN1CCN(CCCN2c3ccccc3Sc3ccc(Cl)cc32)CC1,CO,449.0
4884,CC(C)(C)c1cc2c(c(C(C)(C)C)c1)O[B-](F)(F)[n+]1c-2[nH]c(=O)c2ccccc21,Cc1ccccc1,441.0
10962,Cc1cc(C)c(C2=C3C=C(c4ccccc4)C(c4ccccc4)=[N+]3[B-](F)(F)n3c2cc(-c2ccccc2)c3-c2ccccc2)c(C)c1,C1CCCCC1,624.0
4622,Clc1ccc(/C=C(\c2ccccc2)c2nc3ccccc3o2)cc1,CO,420.0
5545,CCn1c(=O)nc2n(C)c3cc(C)ccc3nc-2c1=O,CC#N,530.0
2954,O=C1Nc2ccccc2/C1=C/C(=O)c1ccc(Cl)cc1Cl,C1COCCO1,399.0
8471,O=C1c2cc(-n3c4ccccc4c4ccccc43)ccc2S(=O)(=O)c2ccc(-n3c4ccccc4c4ccccc43)cc21,C1CCOC1,592.0
12015,CN(C)c1ccc(C2=Nc3sc4ccccc4[n+]3[B-](F)(F)O2)cc1,ClCCl,467.0
1904,CCCCCCCCCCCCCCCCCCN1C(=O)c2cccc3c(OCCN(C)C)ccc(c23)C1=O,ClCCl,502.0
9822,Oc1ccc2ccccc2c1C1Nc2cccc3cccc(c23)N1,CS(C)=O,528.0
1851,CC(C)(C)c1ccc(-c2c3ccccc3c3n2[B-](F)(F)[N+]2=Cc4c5ccccc5c(-c5ccc(C(C)(C)C)cc5)n4[B-](F)(F)[N+]2=C3)cc1,CC#N,601.0
4328,C(=C/c1ccccc1)\c1ccccc1,CCOCC,349.0
2901,CCCCCCN1C(=O)c2cccc3cc(/N=C\c4ccc(N(c5ccccc5)c5ccccc5)cc4)cc(c23)C1=O,ClC(Cl)Cl,565.0
3492,CN(C)c1ccc(C#Cc2nc(-c3ccccc3)nc3ccccc23)cc1,C1CCOC1,549.0
10119,CCn1c2ccccc2c2cc(/C=C/c3cc(/C=C/c4ccc5c(c4)c4ccccc4n5CC)[n+](CCCS(=O)(=O)[O-])c(/C=C/c4ccc5c(c4)c4ccccc4n5CC)c3)ccc21,C1CCOC1,605.0
1145,CCCCCN(c1ccccc1)c1ccc2c(c1)C(CC)(CC)c1cc(/C=C/c3ccc(/C=C(\C#N)C(=O)O)s3)ccc1-2,CCOC(C)=O,580.0
4111,CCCC1=Cc2nc1ccc1[nH]c(cc1CCC)c1nc(c(OC)cc3[nH]c2cc3CCC)C(CCC)=C1,Cc1ccccc1,688.0
6386,COC(=O)c1cc(=O)n(C)c2cc(-c3ccc(N(C)C)cc3)sc12,ClCCl,554.0
11084,O=C(O)c1ccccc1Nc1ccccc1,ClC(Cl)Cl,450.0
8493,CC(C)(C)c1ccc(-c2nc3c4ccc(-c5cc6ccccc6c6ccccc56)cc4c4cc(-c5cc6ccccc6c6ccccc56)ccc4c3n2-c2ccc(C(C)(C)C)cc2)cc1,Cc1ccccc1,385.0
852,COc1ccc(-c2nc3c(c4c2-c2ccccc2CC4)-c2ccccc2CC3)cc1,Cc1ccccc1,419.0
1494,Cc1ccc(-n2c(-c3cccc4cc[nH]c34)nc3c4ccccc4c4ccccc4c32)cc1,Cc1ccccc1,377.0
7635,O=Cc1cc(O)ccc1O,CCCO,484.0
3101,CCC1(CC)c2ccccc2-c2c1c1c(c3c2C(CC)(CC)c2cc(/C=C/c4cccs4)ccc2-3)C(CC)(CC)c2ccccc2-1,C1CCOC1,395.0
4217,Cc1ccc(-c2ccc(/C=C/c3cccn3C)cn2)nc1,CN(C)C=O,493.0
1805,CCN(CC)/C(C)=N\c1ccc2c3c(cccc13)C(=O)c1ccccc1-2,CCO,670.0
4060,CCCCCCCCCCCCCCCCOC(=O)c1ccc(N(c2ccccc2)c2ccccc2)cc1,CCOC(C)=O,428.0
5008,Cc1ccc2c(CC(=O)NN)coc2c1,CC(C)=O,402.0
4900,CC1=CC(C)=[N+]2C1=C(c1c3ccccc3c(-c3ccccc3)c3ccccc13)c1c(C)cc(C)n1[B-]2(F)F,CC#N,508.0
188,O=S(=O)([O-])c1ccc(/C=C/c2ccc(-c3nnc(-c4ccc(/C=C/c5ccc(S(=O)(=O)[O-])cc5S(=O)(=O)[O-])cc4)o3)cc2)c(S(=O)(=O)[O-])c1,C1CCOC1,416.0
1123,CN(C)c1ccc2nc(-c3ccc(C(=O)OC[C@H](NC(=O)OC(C)(C)C)C(=O)OCc4ccccc4)cc3)sc2c1,CC(C)O,558.0
10285,O=Cc1ccc(-c2cccc(-c3nc4ccccc4s3)c2O)o1,ClCCl,565.0
2271,Cc1ccc(C(=O)/C=C2\C(=O)Nc3ccccc32)cc1,ClCCl,399.0
5747,O=c1[nH]c2ccccc2[nH]1,C1CCOC1,315.000315
1594,C=CC1CN2CCC1CC2[C@H](O)c1ccnc2ccc(OC)cc12,O,451.0
10416,Fc1nc(F)c(F)c(C#Cc2cc3c(cc2C#Cc2c(F)c(F)nc(F)c2F)OC2(CCCCC2)O3)c1F,CC#N,460.0
500,C(=C/c1nc(/C=C/c2ccc(-n3c4ccccc4c4ccccc43)cc2)nc(/C=C/c2ccc(-n3c4ccccc4c4ccccc43)cc2)n1)\c1ccc(-n2c3ccccc3c3ccccc32)cc1,C1CCOC1,500.0
8715,c1csc(-c2nc3ccccc3c3cc4ccccn4c23)c1,CS(C)=O,508.0
2412,CCCCC[n+]1ccc(/C=C/c2ccc(N(C)C)c3ccccc23)c2ccccc21,CCO,670.0
11292,CN1c2ccccc2CCc2ccccc21,CO,348.0
3859,c1csc(-c2ccc3c4ccc(-c5cccs5)cc4n(-c4cccs4)c3c2)c1,ClCCl,387.0
590,CN(C)c1ccc(/C=C/c2cnc3ccccc3n2)cc1,CS(C)=O,622.0
5684,CC(C)c1cccc(C(C)C)c1N1C(=O)c2ccc3cc4c(cc5ccc6c7c(ccc4c57)C(=O)N(c4c(C(C)C)cccc4C(C)C)C6=O)c4ccc(c2c34)C1=O,ClCCl,668.0
4029,FC(F)(F)c1ccc(/C2=C3/N=C(C(c4ccccc4)=C3c3ccccc3)/C(c3ccc(C(F)(F)F)cc3)=c3\[nH]/c(c(-c4ccccc4)c3-c3ccccc3)=C(/c3ccc(C(F)(F)F)cc3)C3=N/C(=C(/c4ccc(C(F)(F)F)cc4)c4[nH]c2c(-c2ccccc2)c4-c2ccccc2)C(c2ccccc2)=C3c2ccccc2)cc1,ClCCl,730.0
7132,Oc1ccccc1-c1nc2c3cccnc3c3ncccc3c2n1-c1ccccc1,Cc1ccccc1,379.0
4519,CNc1cc2nc3cc(F)c(F)cc3nc2cc1NC,CCO,529.0
2075,N#Cc1coc2ccccc2c1=O,CCCO,440.0
5431,N#CSC1=CC2=C(c3ccccc3)c3cc(SC#N)c(N4CCOCC4)n3[B-](F)(F)[N+]2=C1N1CCOCC1,CCCCCC,623.0
3017,COc1cc(C2=CC3=C(c4c(C)cc(C)cc4C)c4cc(-c5cc(OC)c(OC)c(OC)c5)c(-c5cc(OC)c(OC)c(OC)c5)n4[B-](F)(F)[N+]3=C2c2cc(OC)c(OC)c(OC)c2)cc(OC)c1OC,Cc1ccccc1,677.0
9920,C[n+]1c2c(c(-c3ccccc3)c3c1CCCC3)CCCC2,CCO,420.0
777,COCCOCCOCCOc1ccc(OCCOCCOCCOC)c(C=O)c1,O,485.0
5157,COc1ccc(/C=C/C(F)(F)F)c(N)c1,C1CCOC1,410.0
7303,O=C1/C(=C/C=C/c2cc3c4c(c2)CCCN4CCC3)CC/C1=C\C=C\c1cc2c3c(c1)CCCN3CCC2,CC(C)O,740.0
1194,COc1ccc(/C=C/C(=O)c2ccccc2O)cc1OC,CO,510.0
10074,Oc1ccccc1-c1nc2ccccc2s1,ClCCl,396.0
11366,COc1ccc(C2=[N+]3C(=Nc4c(-c5cc(OC)c(OC)c(OC)c5)c(-c5ccc(C(C)(C)C)cc5)c(-c5ccc(OC)cc5)n4[B-]3(F)F)C(c3cc(OC)c(OC)c(OC)c3)=C2c2ccc(C(C)(C)C)cc2)cc1,Cc1ccccc1,726.0
8931,Cc1cc(C(F)(F)F)nc2c1ccc1nc(-c3ccc(Cl)cc3)cn12,c1ccccc1,455.0
9307,COc1coc2cc(-c3ccc(N(C)C)cc3)ccc2c1=O,ClCCl,488.0
3131,CC(C)c1cc(C(C)C)c(B2c3cc(-n4c5ccc(C(C)(C)C)cc5c5cc(C(C)(C)C)ccc54)ccc3N(c3ccccc3)c3ccc(-n4c5ccc(C(C)(C)C)cc5c5cc(C(C)(C)C)ccc54)cc32)c(C(C)C)c1,ClCCl,456.462585
7334,c1ccc2c(c1)ccc1ccc3ccc4ccccc4c3c12,ClC(Cl)Cl,424.0
1113,O=C1C=C(Nc2ccccc2)CCC1,CC(C)O,372.0
8256,CCOC(=O)C1=C(C)NC2=C(C(=O)c3ccccc32)C1c1ccc(N(C)C)cc1,ClC(Cl)(Cl)Cl,475.0
6946,Nc1ccc(C#Cc2ccc3ccc4ccc(C#Cc5ccc(NS(=O)(=O)c6ccc([N+](=O)[O-])cc6[N+](=O)[O-])cc5)c5ccc2c3c45)cc1,CO,552.0
5062,CCc1ccc(/C=N/c2cc(C(C)C)c(O)cc2C)cc1,CCOC(C)=O,412.0
10133,COc1cc(/C=C/C(=O)O)ccc1O,O,413.0
6108,Oc1cccc(/N=C/c2ccccc2Oc2ccccc2)c1,N#Cc1ccccc1,385.0
3437,CN(C)c1ccc(/C=C/c2cc[n+](CCCCCCCCCCCC[n+]3ccc(/C=C/c4ccc(N(C)C)cc4)cc3)cc2)cc1,CC(C)=O,601.9998435
9801,Oc1c(-c2nc3c4ccc(-c5ccccc5)cc4c4cc(-c5ccccc5)ccc4c3[nH]2)cc2c3c1CCCN3CCC2,CO,474.0
5665,Cc1ccc(/C=C/c2nc(-c3ccc(C)cc3)[nH]c2/C=C/c2ccc(C)cc2)cc1,ClCCl,479.7
565,CC1(C)CCc2c(c3ccccc3c3nc4c(nc23)c2c(c3ccccc34)OC(C)(C)CC2)O1,ClC(Cl)Cl,446.4285714
8446,COc1ccc(C2=C(Br)C(c3ccccc3)=[N+]3C2=Nc2c(-c4ccc(OC)cc4)c(Br)c(-c4ccccc4)n2[B-]3(F)F)cc1,Cc1ccccc1,691.0
1803,CCN(CC)c1ccc2cc(/C=C/C3=CC(/C=C/c4cc5ccc(N(CC)CC)cc5oc4=O)=[O+][B-](F)(F)O3)c(=O)oc2c1,CCOC(C)=O,659.0
8362,COc1cc(OC)c(C2=C3C(C)=CC(C)=[N+]3[B-](F)(F)n3c(C)cc(C)c32)c(OC)c1,C1CCOC1,517.0
6997,C(/C=C/c1ccc(N(c2ccccc2)c2ccccc2)cc1)=C\c1ccncc1,CCCCCCC,472.0
1642,COCCOCCOCCOCCOc1ccc(OCCOCCOCCOCCOC)c(C=O)c1,CO,467.0
5894,c1ccc(-c2nc3c(-c4ccc(N(c5ccccc5)c5ccccc5)cc4)ccc(-c4ccc(N(c5ccccc5)c5ccccc5)cc4)c3nc2-c2ccccc2)cc1,CC#N,600.0
4077,F[B-]1(F)n2c(-c3ccccc3)cnc2-c2cccc[n+]21,CC#N,514.0
10632,CCN(CC)c1ccc(-c2nc3cc(C(NC(=O)OC(C)(C)C)C(=O)OC)ccc3o2)c(O)c1,CO,391.0
8797,CC1(C)Cc2c(c3ccccc3c3nc4c5c(c6ccccc6c4nc23)OC(C)(C)C5)O1,CCCCCC,489.4762604
6554,COc1ccc(/C=C/c2cc(/C=C/c3ccc(OC)cc3)nc(/C=C/c3ccc(C(F)(F)F)cc3)n2)cc1,CC#N,463.0
46,c1ccc(-c2cc(-c3ccc4ccc5c(-c6ccnc(-c7ccccn7)c6)ccc6ccc3c4c65)ccn2)nc1,CC#N,418.0077749
1149,Oc1ccc2ccccc2c1/C=N/c1cc2ccccc2cc1/N=C/c1c(O)ccc2ccccc12,CC#N,509.0
4822,CCN(CC)c1ccc2cc(-c3nc4ccccc4n3C)c(=O)oc2c1,CC#N,480.0
8059,CN(C)c1ccc(C(=O)Nc2cccc(Br)c2)cc1,CC#N,496.0
765,COc1ccc(/C=C/c2ccc(-c3nnc(-c4ccc(-c5cc6ccccc6s5)cc4)o3)cc2)cc1,CN(C)C=O,463.0
3942,O=C1NC(=O)c2ccc(N3CCCCC3)c3cccc1c23,ClC(Cl)Cl,517.0
3886,CCOC(=O)c1[nH]c(C)c(/C=C/C2=[N+]3C(=C(c4cc(OC)cc(OC)c4)c4c(C)c(I)c(/C=C/c5c(C)[nH]c(C(=O)OCC)c5C)n4[B-]3(F)F)C(C)=C2I)c1C,CS(C)=O,731.0
1566,CC(C)c1cc(C(C)C)c(B2c3cc(-n4c5ccc(C(C)(C)C)cc5c5cc(C(C)(C)C)ccc54)ccc3N(c3ccccc3)c3ccc(-n4c5ccc(C(C)(C)C)cc5c5cc(C(C)(C)C)ccc54)cc32)c(C(C)C)c1,Cc1ccccc1,453.0612245
10154,COC(=O)c1ccc(O)c(-c2[nH]c(=O)n3c2-c2ccccc2C3=O)c1,ClCCl,474.0
6159,c1ccc2c(c1)CCc1c-2cnc2c1-c1ccccc1CC2,CCOC(C)=O,358.0
5259,CCCCC(CC)Cn1c2ccc(C(=C(C#N)C#N)c3ccccc3)cc2c2c(-c3ccc(Br)cc3)c3c(c(-c4ccc(Br)cc4)c21)c1cc(C(=C(C#N)C#N)c2ccccc2)ccc1n3CC(CC)CCCC,Cc1ccccc1,540.0
10085,CCCCCCC(CCCCCC)n1c(=O)c2c3ccc4cccc5c6cccc7ccc(c2c1=O)c(c76)c3c45,Cc1ccccc1,491.0
5171,COc1ccc(C2=Cc3ccc4ccccc4[n+]3[B-](F)(F)O2)cc1,ClC(Cl)Cl,457.0
11020,F[B-]1(F)n2cccc2C(c2ccc(-c3c4ccccc4c(-c4ccccc4)c4ccccc34)cc2)=C2C=CC=[N+]21,CCCCCC,517.0
11940,c1ccc2c(-n3c4ccccc4c4ccccc43)cccc2c1,C1CCOC1,393.0
2655,COC(=O)CN1C(=O)c2cc3ccc(N(C)C)cc3cc2C1=O,CCO,584.0
1011,COc1ccc2c3ccc(OC)cc3c3cc4c(C)cc(=O)oc4cc3c2c1,ClC(Cl)Cl,475.0
3026,Cc1cc(C)c(C2=C3C=C(c4ccccc4)C(c4ccccc4)=[N+]3[B-](F)(F)n3c2cc(-c2ccccc2)c3-c2ccccc2)c(C)c1,ClCCl,626.0
9589,CN(C)c1ccc(/C=C/c2ccc(-c3nc(C#N)c(C#N)n3C)cc2)cc1,C1CCCCC1,437.0
3602,Cn1c(=O)c(/N=N/c2ccc(Nc3ccc([N+](=O)[O-])cc3S(=O)(=O)O)cc2)c(O)c2ccccc21,CO,619.0
6224,CN(C)CCCN1c2ccccc2Sc2ccc(Cl)cc21,CO,449.0
4714,CC(C)(C)c1ccc(-c2nnc(-c3ccc4ccc5cccc6ccc3c4c56)o2)cc1,CC1CCCCC1,425.0
11037,CCN(CC)c1ccc(-c2nc3c(c4c2-c2ccc(C#N)cc2CC4)-c2ccc(C#N)cc2CC3)cc1,CC#N,525.0
6651,CN(C)c1ccc(-c2c(/C=C3/C=Cc4ccccc4N3Cc3ccccc3)c(=O)c2=O)cc1,ClCCl,586.0
7381,CC(C)(C)c1ccc2oc(-c3ccc(-c4nc5cc(C(C)(C)C)ccc5o4)s3)nc2c1,C1CCCCC1,426.0
2439,O=c1c2cc(-n3c4ccccc4c4ccccc43)ccc2sc2ccc(-n3c4ccccc4c4ccccc43)cc12,CCCCCC,438.0
10403,c1ccc(C2CCN3COc4c5ccccc5c5c6c7c(c2c3c46)C(c2ccccc2)CCN7CO5)cc1,C1CCCCC1,535.0
11873,CCc1ccc(C2=[N+]3C(=Cc4c5ccc(OC)cc5c(-c5ccc(CC)s5)n4[B-]3(F)F)c3ccc(OC)cc32)s1,ClCCl,780.0
10509,c1ccc2cc(-n3c4ccccc4c4ccccc43)ccc2c1,ClC(Cl)Cl,376.0
11449,CCCCC1(c2ccc(OC)cc2)Nc2ccccc2N=C1c1ccc(OC)cc1,Cc1ccccc1,501.0
10192,CC1(C)CC(/C=C/c2ccc(-n3ccnc3)cc2)=CC(=C(C#N)C#N)C1,CC#N,526.0
1345,CC1(C)C(/C=C/C=C/C=C/C=C2/N(S(=O)(=O)[O-])c3ccc(S(=O)(=O)[O-])cc3C2(C)C)=[N+](S(=O)(=O)[O-])c2ccc(S(=O)(=O)[O-])cc21,CO,776.0
1444,O=[N+]([O-])c1ccc([N+]2=Cc3ccc4c5c(ccc4c3O[B-]2(c2c(F)c(F)c(F)c(F)c2F)c2c(F)c(F)c(F)c(F)c2F)C=[N+](c2ccc([N+](=O)[O-])cc2)[B-](c2c(F)c(F)c(F)c(F)c2F)(c2c(F)c(F)c(F)c(F)c2F)O5)cc1,Cc1ccccc1,613.0
10891,COC(=O)C(Cc1ccc2oc(-c3ccc4c(c3)c3ccccc3n4-c3ccccc3)nc2c1)NC(=O)OC(C)(C)C,C1CCOC1,380.503025
4960,CCn1c(-c2ccc(-c3cccc4ccccc34)cc2)c(-c2ccc3ccccc3c2)c(-c2ccc3ccccc3c2)c1-c1ccc(-c2cccc3ccccc23)cc1,CCOC(C)=O,429.0
9830,c1ccc(-c2nn(-c3ccccc3)c3nc4ccc(N(c5ccccc5)c5cccc6ccccc56)cc4cc23)cc1,CCCCOCCCC,494.8045522
80,O=S(=O)([O-])CCCOc1ccc(C2=[N+]3C(=Nc4c(-c5ccccc5)cc(-c5ccc(OCc6cn([C@H]7[C@H](O)[C@H](O)[C@@H](CO)O[C@H]7O)nn6)cc5)n4[B-]3(F)F)C(c3ccccc3)=C2)cc1,O,722.0
10521,c1ccc(-n2c(-c3cccc4ccccc34)nc3c4ccccc4c4ccccc4c32)cc1,Cc1ccccc1,410.0
2615,CCCN1/C(=C/C=C(/C=C/C2=[N+](CCC)c3ccccc3C2(C)C)c2ccc([N+](=O)[O-])cc2)C(C)(C)c2ccccc21,CS(C)=O,664.0
335,CN(C)c1ccc2c(c1)-c1ccccc1C2=O,c1ccccc1,526.0
10938,O=C1/C(=C\c2ccc(N(c3ccccc3)c3ccccc3)cc2)S(=O)(=O)c2ccccc21,CO,597.0
6422,NS(=O)(=O)c1ccc(N2N=C(c3ccc(O)cc3)CC2c2ccc(F)cc2)cc1,C1COCCO1,417.0
6444,NS(=O)(=O)c1ccc(N2N=C(c3ccc(O)cc3)CC2c2ccc(F)cc2)cc1,CCOC(C)=O,416.0
1572,CCCCOc1ccc(/C=C/C=C/C=C/c2ccc([N+](=O)[O-])cc2)cc1,CC#N,740.0
8883,CC(C)(C)c1ccc2c(c1)c1cc(C(C)(C)C)ccc1n2-c1ccc(C#Cc2cccc(C#Cc3ccc(-n4c5ccc(C(C)(C)C)cc5c5cc(C(C)(C)C)ccc54)cc3)c2)cc1,CCCCC,359.0
10619,CC(C)(C)c1ccc2c(c1)c1cc(C(C)(C)C)ccc1n2-c1ccc(C#Cc2ccc(C#Cc3ccc(-n4c5ccc(C(C)(C)C)cc5c5cc(C(C)(C)C)ccc54)cc3)cc2)cc1,CC#N,470.0
879,CN1CCCc2cc3c(C(F)(F)F)cc(=O)oc3cc21,CCO,515.0
8539,CCN(CC)c1ccc2c(c1)oc(=O)c1cnc3c(c(C)nn3-c3ccccc3)c12,ClCCl,445.0
10469,O=C(O)c1cc(O)c(O)c(O)c1,O,341.0
1509,C=CCNc1ccc2ccc3oc4cc(=[N+](C)C)ccc-4nc3c2c1,O,650.0
1896,COc1ccc2c(CC(=O)NN)coc2c1,CC(C)=O,396.0
4785,O=CC1=C(c2ccc(-c3cccs3)s2)CCC1,CCO,514.0
6909,CCCCCCC(CCCCCC)n1c(=O)c2c3ccc4cccc5c6cccc7ccc(c2c1=O)c(c76)c3c45,C1CCCCC1,471.0
7966,CC(C)(C)c1ccc(-c2nc3c4ccccc4c4ccccc4c3n2-c2ccc(C(C)(C)C)cc2)cc1,Cc1ccccc1,390.0
10076,O=C1NC(=O)c2c1c1c3ccccc3[nH]c1c1[nH]c3ccccc3c21,CCO,550.0
1845,C#CCNC1=C2C(C)=CC(C)=[N+]2[B-](F)(F)n2c(C)cc(C)c21,CC(C)=O,496.0
111,CCN(CC)c1ccc2nc3ccc(=[N+](CC)CC)cc-3oc2c1,CCCCCc1ccc(-c2ccc(C#N)cc2)cc1,670.0
472,CC1(C)c2ccccc2N(c2cc[n+]3c(c2)-c2ccccc2O[B-]3(F)F)c2ccccc21,O=P(c1ccccc1)(c1ccccc1)c1ccccc1Oc1ccccc1P(=O)(c1ccccc1)c1ccccc1,542.0
9750,CC(C)(C)c1ccc(-c2nc3c4ccccc4c4ccccc4c3n2-c2ccc(C(C)(C)C)cc2)cc1,C1CCOC1,390.0
8893,CCOC(=O)CN(CC(=O)OCC)c1ccc(-c2cc(-c3cccnc3)nc(-c3cccnc3)c2)cc1,c1ccccc1,394.0
7067,Fc1ccc(-c2nc3n(c2-c2ccncc2)CCS3)cc1,CN(C)C=O,426.0
5138,CCCCCCCCCCCCCCn1c(-c2cc(-c3nc4ccc(C)cc4n3CCCCCCCCCCCCCC)cc(-c3nc4ccc(C)cc4n3CCCCCCCCCCCCCC)c2)nc2ccc(C)cc21,C1CCOC1,368.6
8450,CN(C)c1ccc(/C=C/c2nc(/C=C/c3ccc(N(C)C)cc3)c3ccccc3n2)cc1,C1CCCCC1,503.0
10196,Cn1c2ccccc2c(=O)c2ccccc21,O,430.0
1183,c1ccc(C(=C(c2ccccc2)c2ccc(-c3ccc(-c4nc5c(-c6ccc(-c7ccc(C(=C(c8ccccc8)c8ccccc8)c8ccccc8)cc7)cc6)sc(-c6ccc(-c7ccc(C(=C(c8ccccc8)c8ccccc8)c8ccccc8)cc7)cc6)c5nc4-c4ccc(-c5ccc(C(=C(c6ccccc6)c6ccccc6)c6ccccc6)cc5)cc4)cc3)cc2)c2ccccc2)cc1,ClCCl,647.0
9626,OB1c2ccccc2Nc2ccccc21,ClCCl,377.0
3247,CCOC(=O)/C(C#N)=C\c1ccc2c(c1)c1ccccc1n2-c1ccc(OC)cc1,CC(C)=O,508.0
6300,O=C(O)c1ccc2ccc3cccc4ccc1c2c34,Cc1ccccc1,392.0
2507,CC(C)CCCC(C)CCN1C(=O)c2ccc3c(-c4ccccc4)c4c5ccc6c7c(ccc(c(-c8ccccc8)c4c4ccc(c2c34)C1=O)c75)C(=O)N(CCC(C)CCCC(C)C)C6=O,ClCCl,704.0
2108,CN(C)c1ccc(C#Cc2ccc(C#N)cc2)cc1,C1CCOC1,504.999495
3405,COC(=O)c1ccc(-c2nc3ccc(N(C)C)cc3s2)cc1,CO,569.0
11643,O=c1c2cc(S(=O)(=O)Cl)ccc2[nH]c2ccc(S(=O)(=O)Cl)cc12,CS(C)=O,417.0
6557,N#Cc1ccc(C[C@H](N)C(=O)O)cc1,O=CO,294.1629687
4317,C1=C(c2ccc(-c3cccs3)s2)CCC1,CCO,408.0
3617,c1ccc(-c2nc3c(c4c2-c2ccccc2CC4)-c2ccccc2CC3)cc1,ClCCl,361.0
2927,[O-][n+]1c(/C=C/c2ccccc2)nc(N2CCOCC2)c2c1CCCC2,ClCCl,535.0
8995,[O-]c1ccc2ccccc2c1,O,414.0
3702,O=c1[nH]c(=O)c2scc([C@H]3C[C@H](O)[C@@H](CO)O3)c2[nH]1,CC#N,345.0
3463,COC(=O)C(Cc1ccc2oc(-c3ccc(N(c4ccccc4)c4ccccc4)cc3)nc2c1)NC(=O)OC(C)(C)C,CS(C)=O,474.5003511
11577,COC1=[N+]2C(=C(c3ccccc3)c3ccc(OC)n3[B-]2(F)F)C=C1SC#N,ClCCl,543.0
5322,c1cc(N2CCCC2)ccn1,CC1CCCCC1,313.0
11330,CCN1c2ccc(/C=N/Nc3ccccn3)cc2Sc2cc(-c3ccccc3)ccc21,CS(C)=O,503.0
11164,CCCCN(CCCC)c1ccc(C#Cc2cc(C#Cc3ccc(C(F)(F)F)cc3)c(C#Cc3ccc(N(CCCC)CCCC)cc3)cc2C#Cc2ccc(C(F)(F)F)cc2)cc1,c1ccccc1,506.0
10505,NC(=O)Cc1cccc2ccccc12,ClC(Cl)Cl,325.0
4949,O=C1c2ccccc2-c2ccc(Nc3nc(Cl)nc(Cl)n3)c3cccc1c23,CO,570.1254276
5076,COc1c2ccccc2c(OC)c2c1c1c(F)cccc1n2C,C1CCCCC1,411.0
11576,COc1cc2c(cc1OC)C1=C[C@H](c3ccc(C)cc3)C3(C(C#N)=C(C#N)N1CC2)c1ccccc1-c1ccccc13,ClCCl,403.0
4609,CCn1c2ccc(/C=C/c3ccc4c(c3)c3cc(-c5nc6ccccc6s5)ccc3n4CC)cc2c2cc(-c3nc4ccccc4s3)ccc21,CCOC(C)=O,412.0
2882,COOCc1noc(-c2ccccc2)c1Cl,C1CCCCC1,345.0
1193,Nc1ccccc1C(=O)O,CS(C)=O,400.0
45,O=C1NC(=O)c2c1c1c3ccccc3[nH]c1c1[nH]c3ccccc3c21,CC(C)OC(C)C,450.0
10033,Fc1ccc(-c2nc3n(c2-c2ccncc2)CCS3)cc1,Cc1ccc(C)cc1,411.5
9939,CC(=O)c1ccc(C#Cc2ccc(-c3cc(N(C)C)c4ccccc4c3)cc2)cc1,ClCCl,458.0
11161,CN1c2ccc(C(=O)c3ccccc3)cc2Sc2cc(C(=O)c3ccccc3)ccc21,CN(C)C=O,555.0
1578,C(=C/c1nc(/C=C/c2ccc(N(c3ccccc3)c3ccccc3)cc2)cc(/C=C/c2ccc(N(c3ccccc3)c3ccccc3)cc2)n1)\c1ccccc1,CS(C)=O,596.0
2303,Cc1cc(-c2ccccc2)nc2c1ccc1nc(-c3ccccc3)cn12,ClC(Cl)Cl,448.0
5022,CCCCNc1ccc2c3c(cccc13)C(=O)N(c1ccc(OCc3cc(Oc4ccc5c6c(cccc46)C(=O)N(CCCC)C5=O)cc(Oc4ccc5c6c(cccc46)C(=O)N(CCCC)C5=O)c3)cc1)C2=O,ClC(Cl)Cl,493.0
3509,CCC1(CC)c2ccccc2-c2c1c1c(c3c2C(CC)(CC)c2cc(B(c4c(C)cc(C)cc4C)c4c(C)cc(C)cc4C)ccc2-3)C(CC)(CC)c2ccccc2-1,CC#N,404.0
1584,CCC1=C(C)C2=Cc3cc4c(cc3B(O)N2C1=O)OCO4,CC#N,488.0
4128,CC1=CC(C)=[N+]2C1=C(c1ccc3cccnc3n1)c1c(C)cc(C)n1[B-]2(F)F,CC#N,516.0
11287,N#Cc1cc2ccc3cccc4ccc(c1)c2c34,CC#N,393.0
10460,CCCCN(CCCC)c1ccc(C#Cc2cc(C#Cc3cc(C(F)(F)F)cc(C(F)(F)F)c3)c(C#Cc3ccc(N(CCCC)CCCC)cc3)cc2C#Cc2cc(C(F)(F)F)cc(C(F)(F)F)c2)cc1,c1ccccc1,531.0
9039,O=C1NC(=O)C(c2c[nH]c3ccccc23)=C1c1c[nH]c2ccccc12,CN(C)C=O,584.0
7053,COCCOCCOCCOc1cc(C=O)c(OCCOCCOCCOC)cc1C=O,CC(C)CO,479.0
5799,CCN(CC)c1ccc2c(C#N)c(/C=C(\C#N)c3nc4ccccc4o3)c(=O)oc2c1,CC#N,676.0
7187,C(=C/c1cnc2ccccc2n1)\c1ccc(N2CCCCC2)cc1,ClCCl,583.0
315,COC(=O)C(Cc1ccc2oc(-c3c4ccccc4cc4ccccc34)nc2c1)NC(=O)OC(C)(C)C,CC(C)CC(C)(C)C,483.0007873
10514,c1ccc(-n2c(-c3cccc(-c4c5ccccc5c(-c5cccc(-n6c7ccccc7c7ccccc76)c5)c5ccccc45)c3)nc3c4ccccc4c4ccccc4c32)cc1,CCCCCC,409.1812865
9807,CCN(CC)c1ccc2c(C#N)c(/C=C(\C#N)c3nc4ccccc4s3)c(=O)oc2c1,CCOC(C)=O,664.0
10020,O=C1c2ccccc2C2=Cc3cc4c(cc3B(O)N12)OCO4,ClC(Cl)Cl,474.0
9568,CCCCCCC(CCCCCC)N1C(=O)c2cccc3c(-c4ccc(OC)c5ccccc45)ccc(c23)C1=O,CCCCO,576.8
2328,N#CC1=c2c3cccc4c(Br)ccc(c43)n2[B-](F)(F)[n+]2ccccc21,C1CCOC1,545.0
1624,COc1cc(N(c2ccc(C=C(C#N)C#N)c(OC)c2)c2ccc(C=C(C#N)C#N)c(OC)c2)ccc1C=C(C#N)C#N,CO,551.0
5601,CN(C)c1ccc(C2=Cc3ccc4ccccc4[n+]3[B-](F)(F)O2)cc1,CC1CCCCC1,478.0
10697,CC1=C(c2cccs2)C(C)=[N+]2C1=C(c1ccccc1)c1c(C)c(-c3cccs3)c(C)n1[B-]2(F)F,ClCCl,609.0
5421,Cc1cc(C(F)(F)F)nc2c1ccc1nc(-c3ccc(F)c(F)c3)cn12,CCCCOC(C)=O,453.0
7120,O=[N+]([O-])c1ccc(/C=C/C=C/c2ccccc2)cc1,CN(C)C=O,567.0
6223,Fc1ccc(-c2ccc(-c3cc(-c4ccccn4)nc(-c4ccccn4)c3)cc2)c(F)c1,ClCCl,358.0
4083,N#C/C(=C\c1ccc(C#N)cc1)c1nc(-c2ccccc2)cs1,Cc1ccccc1,472.0
1071,CCOC(=O)C1=CN(c2ccccc2)C=C(C(=O)OCC)C1,CO,441.0
10060,CN(C)c1cccc(C#N)c1,CCCCCC,365.2650823
6149,c1ccc(-c2nc(-c3ccc(-c4ccc(-c5nc(-c6ccccc6)c(-c6ccccc6)o5)cc4)cc3)oc2-c2ccccc2)cc1,C1COCCO1,428.0
5844,COC(=O)C(Cc1ccc2oc(-c3c4ccccc4cc4ccccc34)nc2c1)NC(=O)OC(C)(C)C,CCCCCO,493.5005971
10178,O=C1c2cccc3c(-n4c5ccccc5c5ccccc54)ccc(c23)C(=O)N1C1CCCCC1,CCCCCC,441.0
8674,CCN1c2ccc(C3=CC(c4ccccc4)=[O+][B-](F)(F)O3)cc2Sc2cc(C3=CC(c4ccccc4)=[O+][B-](F)(F)O3)ccc21,ClCCl,639.0
409,O=C(O)c1cc2c(ccc3ccccc32)oc1=O,CO,431.0
9296,CCN(CC)c1ccc2cc(/C(Cl)=C/C=C/C(=C(C#N)C#N)c3ccc4c(c3)c3ccccc3n4CC)c(=O)oc2c1,Cc1ccccc1,606.0
6085,O=C1NC(c2ccccc2)=N/C1=C\c1ccccc1,C1COCCO1,444.0
2818,CC1=NN(c2ccccc2)C(=O)/C1=C/c1cn(-c2ccccc2)nc1-c1ccccc1,CN(C)C=O,435.0
576,CCCCCCCCCc1csc2cc(-c3cc(-c4cc5scc(CCCCCCCCC)c5s4)c4ccc5c(-c6cc7scc(CCCCCCCCC)c7s6)cc(-c6cc7scc(CCCCCCCCC)c7s6)c6ccc3c4c65)sc12,ClC(Cl)Cl,490.0
10942,c1ccc2c(-c3cc4c(ccc5sc(-c6cccc7ccccc67)cc54)s3)cccc2c1,ClCCl,423.0
9871,CN(C)c1ccc(/C=C/c2ccc(C#N)cc2)cc1,CCOCC,475.0
7503,CN(C)c1ccc(C2=Nc3scc(-c4ccc(N(C)C)cc4)[n+]3[B-](F)(F)O2)cc1,Cc1ccccc1,518.0
713,COC(=O)c1ccc(/C=C2\N=C(c3ccc(OC)c(OC)c3)OC2=O)cc1,C1COCCO1,474.0
4209,CN(c1ccccc1)c1ccc(/C=C2\C(=O)c3ccccc3S2(=O)=O)cc1,CS(C)=O,552.0
5511,CCN(CC)c1ccc2cc(-c3nc4ccccc4s3)c(=O)oc2c1,CCC(C)CC,461.6
1087,CC(C)[Si]1(C(C)C)c2cc(C=C(C#N)C#N)ccc2-c2ccc(N(c3ccccc3)c3ccccc3)cc21,CCOCC,586.0
9471,N=c1oc2cccc3c4c(-c5ccccc5)oc5cccc(c(c1-c1ccccc1)c23)c54,ClC(Cl)Cl,488.0
2335,c1ccc(C2CCN3COc4c5ccccc5c5c6c7c(c2c3c46)C(c2ccccc2)CCN7CO5)cc1,CCOC(C)=O,584.0
4176,CCC1(CC)c2ccccc2-c2ccc(C#Cc3ccc4ccc5cccc6ccc3c4c56)cc21,C1CCOC1,410.0
7076,O=Cc1cc(O)ccc1O,CN(C)P(=O)(N(C)C)N(C)C,438.0
2405,N#Cc1ccc(C[C@H](N)C(=O)O)cc1,CO,292.4406061
1454,CC(C)(C)c1ccc(-c2cc3c4c(c2)CCc2cc(-c5ccc(C(C)(C)C)cc5)cc(c2-4)CC3)cc1,CCO,382.7272727
11035,CN(C)c1ccc(/C=C/c2nc3ccccc3s2)cc1,OCC(O)CO,530.0
2876,N#CC(C#N)=Cc1ccc2c(c1)c1ccccc1n2-c1cc2ccccc2c2ccccc12,ClCCl,480.0
4100,CCOC(=O)c1sc2nc(-c3ccccc3)c(C)c(C#N)c2c1N,CCOC(C)=O,558.0
881,CC1=[N+]2C(=C(c3ccc(N4CCCCC4)cc3)c3ccc(C)n3[B-]2(F)F)C=C1,C1CCCCC1,519.0
1710,F[B-]1(F)n2cccc2C=C2c3ccccc3C(c3ccc[nH]3)=[N+]21,CC#N,594.0
3219,F[B-]1(F)Oc2ccccc2-c2cc(-n3c4ccc(-c5ccccc5)cc4c4cc(-c5ccccc5)ccc43)cc[n+]21,Cc1ccccc1,471.0
7484,CCCCCCCCC1(CCCCCCCC)c2cc(-c3ccc([Si](C)(C)C)cc3)ccc2-c2ccc(-c3ccc([Si](C)(C)C)cc3)cc21,ClC(Cl)Cl,368.0
11177,F[B-]1(F)n2c(Nc3cccc4cccnc34)ccc2C(c2ccccc2)=C2C=CC(Cl)=[N+]21,C1CCCCC1,580.0
4913,O=C1CC(c2ccc(C(F)(F)F)cc2)c2c(c3ccccc3c3nc4ccccc4nc23)O1,ClC(Cl)Cl,433.0
2777,c1ccc(-c2cc(-c3ccc(N4c5ccccc5C(c5ccccc5)(c5ccccc5)c5ccccc54)cn3)nc(-c3ccccc3)n2)cc1,O=P(c1ccccc1)(c1ccccc1)c1ccccc1Oc1ccccc1P(=O)(c1ccccc1)c1ccccc1,486.0
2245,c1ccc(Nc2nc(Nc3ccccc3)nc(Nc3ccc4c5cccc6cccc(c7cccc3c74)c65)n2)cc1,CCOC(C)=O,488.0
2613,CSc1sc(C(C)=O)c2nn[nH]c(=O)c12,CCO,489.0
10664,C(=C/c1ncc(-c2ccc(OCc3ccccc3)c(OCc3ccccc3)c2)o1)\c1cccc(N2CCN(c3ccccc3)CC2)c1,ClCCl,500.0
8975,COc1ccc(-c2nc3c(c4c2-c2ccccc2CC4)-c2ccccc2CC3)cc1,CC#N,416.0
3323,Cc1cc(=O)oc2c3c4c(cc12)CCCN4CCC3,CC#N,450.0
6912,C/C(=C\c1ccc(Cl)cc1)c1nc2ccccc2o1,CO,380.0
6955,CC1(C)C(/C=C/C=C/c2cc3ccc(O)cc3oc2=O)=[N+](CCCS(=O)(=O)[O-])c2ccc(S(=O)(=O)O)cc21,CCO,654.0
6203,CN(C)c1c2ccccc2cc2ccccc12,C1CCCCC1,391.0
7433,COc1ccc(-c2ccc(-c3ccc(OC)cc3)c3nc(-c4ccccc4)c(-c4ccccc4)nc23)cc1,CC#N,512.0
1597,CC(C)(C)c1ccc(-c2nc3c4ccc(-c5ccc6ccc7cccc8ccc5c6c78)cc4c4cc(-c5ccc6ccc7cccc8ccc5c6c78)ccc4c3n2-c2ccc(C(C)(C)C)cc2)cc1,CCN(CC)CC,428.0
6939,COc1cccc(-n2c(-c3ccc(O)cc3)nc(C)c2C)c1,CCOC(C)=O,368.0
7191,Cc1cc(C)c(C2=C3C=C(c4ccccc4)C(c4ccccc4)=[N+]3[B-](F)(F)n3c2cc(-c2ccccc2)c3-c2ccccc2)c(C)c1,Cc1ccccc1,629.0
6455,NS(=O)(=O)c1ccc(N2N=C(c3ccc(O)cc3)CC2c2ccccc2)cc1,CCO,428.0
8844,COc1ccc2c(c1)sc1[n+]2[B-](F)(F)OC(c2ccc(N(C)C)cc2)=N1,Cc1ccccc1,454.0
3724,CN(CCO)c1ccc(/C=C/C2=CC(=C(C#N)C#N)CC(C)(C)C2)cc1,CC#N,651.0
2628,CN(C)c1ccc(/C=C/c2nc3c4ccccc4c4ccccc4c3[nH]2)cc1,COC(C)=O,471.0
11055,CC1=[N+]2C(=C(c3ccc(N(C)C)cc3)c3ccc(C)n3[B-]2(F)F)C=C1,CCOC(C)=O,513.0
1180,CC(C)c1ccc2ccc3c(C(C)C)ccc4ccc1c2c43,ClCCl,381.0
6005,CCN(CC)c1ccc(/C=C/C2=[O+][B-](F)(F)Oc3c2c(=O)oc2cc(N(CC)CC)ccc32)cc1,CS(C)=O,659.0
1911,CN(CC(O)c1cccc(O)c1)c1ccc([N+](=O)[O-])c(C2CC(c3cccc4ccccc34)=NN2c2ccccc2)c1,C1CCOC1,467.0
2955,COc1ccc(N(c2ccc(OC)cc2)c2ccc(-c3ccc(-c4ccc(-c5cccs5)c5nsnc45)s3)cc2)cc1,ClC(Cl)Cl,705.0
7840,CN(C)c1ccc(/C=C/c2ncnc3ccccc23)cc1,ClCCl,548.0
2214,CC(C)(C)c1ccc2c3c(c4ccc(C(C)(C)C)cc4c2c1)=[N+]1C(=C(c2ccccc2)c2c(Br)c4c5ccc(C(C)(C)C)cc5c5cc(C(C)(C)C)ccc5c4n2[B-]1(F)F)C=3Br,Cc1ccccc1,715.0
7283,COC(=O)C(NC(=O)CCNc1cccc2ccccc12)c1ccccc1,CCO,415.0
7284,C[n+]1cc2ccc3c[n+](C)c4ccccc4c3c2c2ccccc21,CC#N,504.0
7453,Cc1ccc(C)c(C)c1,C1CCCCC1,295.7704821
6178,CN(C)c1ccc(C#Cc2nc(-c3ccccc3)nc3ccccc23)cc1,CS(C)=O,584.0
5009,N#Cc1c(/C=C/c2ccc(N(c3ccccc3)c3ccccc3)cc2)cc(-c2cccs2)cc1N1CCCCC1,CS(C)=O,533.0
9985,Cc1ccc(N(c2ccc(C)cc2)c2ccc(-c3ccc(C=C(C#N)C#N)cc3)cc2)cc1,ClC(Cl)Cl,676.0
4553,Cc1cc(=O)c2ccc(N)cc2o1,CN(C)C=O,408.0
6625,COc1ccc(N2C(=O)c3ccccc3C2C(=O)OC(C)(C)C)cc1OC,CCCCCC,381.0
3264,Cc1c(C(=O)c2ccc(C(F)(F)F)cc2)c2ccc3cccc4c5cccc6ccc1c(c65)c2c34,ClCCl,545.0
10820,CCCCN1/C(=C\C=C\C=C\C2=[N+](CCCC)c3ccc4cc(Br)ccc4c3C2(C)C)C(C)(C)c2c1ccc1cc(Br)ccc21,CS(C)=O,713.0
6206,CC(=O)O[B-]1(OC(C)=O)OC(/C=C/C=C/c2ccccc2)=CC(/C=C/C=C/c2ccccc2)=[O+]1,CC#N,550.0
12029,O=C1c2ccccc2C(=O)c2cc(-c3ccc(N(c4ccccc4)c4ccccc4)cc3)ccc21,ClC(Cl)(Cl)Cl,588.0
1691,COc1ccc2c(c1)c1c(c3cc(OC)ccc32)=[N+]2C(=C(c3c(C)cc(C)cc3C)c3cc4c5cc(OC)ccc5c5ccc(OC)cc5c4n3[B-]2(F)F)C=1,C1CCCCC1,710.0
5120,COc1cc(OC)cc(-c2nnc(-c3cc(-c4nnc(-c5cc(OC)cc(OC)c5)o4)cc(-c4nnc(-c5cc(OC)cc(OC)c5)o4)c3)o2)c1,ClCCl,402.0
123,C=CCOC(=O)C(C#N)=C1C=C(/C=C/c2ccc(N(C)C)cc2)OC(/C=C/c2ccc(N(C)C)cc2)=C1,C1CCOC1,595.0
10338,CCOC(=O)c1sc2nc(-c3ccccc3)c(C)c(C#N)c2c1N,c1ccccc1,549.0
1952,O=C1Nc2ccccc2/C1=C/C(=O)c1ccc(O)cc1,CCOC(C)=O,398.0
10501,CCCCC(CC)COc1ccc2nc(-c3ccc(-c4ccc(N(C)C)cc4)s3)sc2c1,ClCCl,512.0
10144,CC(C)[Si]1(C(C)C)c2cc(C#N)ccc2-c2ccc(N(C)C)cc21,C1CCCCC1,410.0
3282,COC1=[N+]2C(=C(c3ccccc3)c3cc(SC#N)c(OC)n3[B-]2(F)F)C=C1SC#N,CO,550.0
7680,COC(=O)c1ccc(/C=C2\C=C(c3ccc(OC)c(OC)c3)NC2=O)cc1,C1COCCO1,574.0
3305,CC(C)[Si]1(C(C)C)c2cc(C=C(C#N)C#N)ccc2-c2ccc(N(C)C)cc21,CS(C)=O,714.0
10900,Cc1ccc(-c2ccc(/C=C/c3ccc(F)cc3)cn2)nc1,CC#N,391.0
3468,Cc1ccc(O)c(C(=O)[O-])c1,O,418.0
6277,O=C1/C(=C2\Sc3ccc(S(=O)(=O)Nc4ccccc4)cc3C2=O)Sc2ccc(S(=O)(=O)Nc3ccccc3)cc21,CN(C)C=O,604.0
10929,COc1ccc(O)c(-c2[nH]c(=O)n3c2-c2ccccc2C3=O)c1,CO,500.0
10855,Cc1cc2c3ccccc3oc2c2c1c1ccccc1n2-c1ccc(C#N)cc1,CS(C)=O,440.0
11368,Oc1ccccc1/N=C/c1ccccc1Oc1ccccc1,CCCO,410.0
10241,CC1(C)CC(=O)c2ccc(F)cc2N1,CC#N,421.0
9096,Cc1cc(C)c(B(c2cc(C#Cc3ccccc3)sc2-c2sc(C#Cc3ccccc3)cc2P(=O)(c2ccccc2)c2ccccc2)c2c(C)cc(C)cc2C)c(C)c1,CO,560.0
11980,CC1(C)C(/C=C/c2cc3ccc(O)cc3oc2=O)=[N+](CCCS(=O)(=O)[O-])c2ccccc21,O,620.0
5234,c1ccc(-c2cc(-c3ccc(N4c5ccccc5C(c5ccccc5)(c5ccccc5)c5ccccc54)cc3)nc(-c3ccccc3)n2)cc1,O=P(c1ccccc1)(c1ccccc1)c1ccccc1Oc1ccccc1P(=O)(c1ccccc1)c1ccccc1,464.0
6389,Fc1ccc(-c2cccc3ncc(-c4ccccc4)n23)cc1,ClCCl,469.0
2680,O=C(O)c1ccc2ccc3cccc4ccc1c2c34,CCCCCC,387.0
1891,CCc1ccc(-c2nc(-c3ccc(-n4c5ccccc5c5ccccc54)cc3)cc(-c3ccc(-n4c5ccccc5c5ccccc54)cc3)n2)cc1,Cc1ccccc1,402.0
11090,N#Cc1cc(-n2c3ccccc3c3ncccc32)c(-n2c3ccccc3c3ncccc32)cc1C#N,Cc1ccccc1,450.6976744
7046,c1ccc(N(c2ccccc2)c2cc3c4c(c2)N(c2ccccc2)c2cc5c(cc2B4c2ccccc2N3c2ccccc2)B2c3ccccc3N(c3ccccc3)c3cc(N(c4ccccc4)c4ccccc4)cc(c32)N5c2ccccc2)cc1,Cc1ccccc1,468.0
295,CCCCc1cc(C(=O)CCC)c2ccc3c(CCCC)cc(N4CCCCC4)c4ccc1c2c34,C1CCOC1,528.0
8119,CCn1c2ccccc2c2cc(-c3cc(-c4ccc5c(c4)c4ccccc4n5CC)ncn3)ccc21,Cc1ccccc1,379.0
4695,N#Cc1c(-c2ccc(Br)cc2)cc(-c2ccc(Br)cc2)[nH]c1=O,CS(C)=O,464.0
11761,c1ccc(-c2nc(-c3ccc(N(c4ccccc4)c4ccccc4)cc3)n3ccccc23)cc1,ClCCl,491.0
6428,c1ccc(-c2nc(-c3ccc(-c4ccc(N(c5ccccc5)c5ccccc5)cc4)cn3)oc2-c2ccccc2)cc1,CCN(CC)CC,422.0
1785,FC(F)(F)c1ccc(/C=C/c2nc(/C=C/c3ccc(N(c4ccccc4)c4ccccc4)cc3)cc(/C=C/c3ccc(N(c4ccccc4)c4ccccc4)cc3)n2)cc1,CC(C)=O,567.0
9415,Cc1ccc(/C2=c3\cc/c(o3)=C(\c3ccc(C)cc3)c3ccc([nH]3)-c3ccc4n3[P-](=O)(=O)[N+]3=C(C=CC3=C4c3ccco3)c3ccc2[nH]3)cc1,ClC(Cl)Cl,744.0
286,CN(C)/C=N\c1ccc2c3c(cccc13)C(=O)c1ccccc1-2,CCCCCC,528.0
5470,O=C(O)c1cc2c(ccc3ccccc32)oc1=O,C1COCCO1,428.0
8316,CN(C)c1ccc(-c2ccc3n2[B-](F)(F)[N+]2=C(c4ccccc4)C=CC2=C3C(F)(F)F)cc1,CCCCCC,696.0
1758,O=Cc1ccc(-c2cccs2)s1,CC#N,425.0
6463,CN(C)c1ccc(/C=C/c2cccnn2)cc1,CCCCCCC,459.0
1284,CN(C)c1ccc(/C=C/C=C2\CC/C(=C\c3ccc(N(C)C)cc3)C2=O)cc1,CCOC(C)=O,591.0
4924,CCC1=C(C)C2=C(C)c3c(C)c(CC)c(C)n3[B-](F)(F)[N+]2=C1C,CCCCCCCC,535.2
5219,CN(C)c1ccc(/C=C/c2ncc3ccccc3n2)cc1,C1CCCCC1,443.0
10354,O=C(c1ccc(N2c3ccccc3Oc3ccccc32)cc1)c1cccc(C(=O)c2ccc(N3c4ccccc4Oc4ccccc43)cc2)c1,Cc1ccccc1,566.0
4219,F[B-]1(F)n2c(c3cccc4cccc2c43)=Nc2sc3ccccc3[n+]21,Cc1ccccc1,504.0
6253,CCc1ccc(/C=N/c2cc(C(C)C)c(O)cc2C)cc1,C1CCOC1,412.0
9950,COc1cc(S(=O)(=O)[O-])c2ccc3c(S(=O)(=O)[O-])cc(S(=O)(=O)[O-])c4ccc1c2c43,CCOC(C)=O,401.5741707
6192,CCn1c(=O)nc2n(C)c3cc(C)ccc3nc-2c1=O,CO,532.0
4058,COc1cc(OC)cc(-c2ccc(-c3ccc(C#N)s3)s2)c1,O,529.0
9006,CN(C)c1ccc(/C=C/C=C/c2nc3ccccc3s2)cc1,CCCO,533.0
549,CCN(CC)c1ccc2c(C#N)c(/C=C(\C#N)c3nc4ccccc4o3)c(=O)oc2c1,CCO,700.0
9630,CC(C)CCCCN1CCc2c1ccc1c3c(ccc21)C(=O)CCC3,CS(C)=O,472.0
2673,O=C1c2cc(F)ccc2-c2cnccc21,CCCCCC,486.2565543
4418,C#CCOc1ccc(/C=C/C2=[N+]3C(=C(c4ccc(N(C)CC)cc4)c4c(C)cc(C)n4[B-]3(F)F)C(C)=C2)cc1,CO,582.0
9558,CCn1c2ccccc2c2cc(-c3cc(-c4ccc5c(c4)c4ccccc4n5CC)nc(C#N)n3)ccc21,CN(C)C=O,455.0
11156,Nc1ccc2cc(-c3ccc(C(F)(F)F)cc3)oc(=O)c2c1,CC(C)=O,439.0
6650,NCc1ccc2ccc3cccc4ccc1c2c34,C1CCCCC1,375.0
5070,COc1c2ccccc2c(OC)c2c(C#C[Si](C(C)C)(C(C)C)C(C)C)c3cc4ccccc4cc3c(C#C[Si](C(C)C)(C(C)C)C(C)C)c12,ClCCl,712.0
4580,COc1ccc(-n2nc(C#N)c(N3CCCC3)n2)cc1,CN(C)C=O,418.0
3790,O=C(N/N=C/c1ccccc1O)c1ccccc1,ClCCl,392.0
11699,CN(C)c1ccc(C(=Cc2ccc(C=O)cc2)c2ccc(N(C)C)cc2)cc1,C1CCOC1,401.0
12162,COc1cccc(/C=C/c2ccccc2)c1,CCOC(C)=O,358.0
4515,CCN(CC)c1ccc2cc(/C=C/C3=C4CC/C(=C\c5cc6ccc(N(CC)CC)cc6oc5=O)C4=[O+][B-](F)(F)O3)c(=O)oc2c1,CC(C)=O,734.0
4299,Cc1ccccc1N(c1ccc(C(C)(C)C)cc1)c1ccc2ccc3c(N(c4ccc(C(C)(C)C)cc4)c4ccccc4C)ccc4ccc1c2c43,Cc1ccccc1,462.0
5931,C(=C/c1nc(/C=C/c2ccc(N(c3ccccc3)c3ccccc3)cc2)cc(/C=C/c2ccc(N(c3ccccc3)c3ccccc3)cc2)n1)\c1ccccc1,CCCCCCC,464.0
2377,c1cc2c3c(cccc3c1)C(N1CCOCCOCCN(C3=Nc4cccc5cccc3c45)CCOCC1)=N2,CC#N,590.0
9388,CCN(CC)c1ccc2c(C(F)(F)F)cc(=O)oc2c1,CCO,509.0
4048,O=CC1=Cc2c(-c3ccccc3)oc(-c3ccccc3)c2C=C(C=O)C1,ClCCl,465.0
3334,CCCN1C(=O)C(=CC=CC=C2Oc3ccccc3N2CCCS(=O)(=O)[O-])C(=O)N(CCC)C1=S,CC(C)=O,580.0
7030,N#Cc1coc2ccccc2c1=O,O,396.0
5903,COC(=O)C(Cc1ccc2oc(-c3ccc(N(c4ccccc4)c4ccccc4)cc3)nc2c1)NC(=O)OC(C)(C)C,CC1CCCCC1,395.000869
5501,N#C/C(=N/Nc1ccc(C#N)cc1)c1nc(-c2ccccc2)cs1,ClCCl,492.0
5865,CN(C)c1ccc(-c2ccc(-c3cc(N4CCCCC4)c(C#N)c4c3-c3ccccc3CC4)cc2)cc1,Cc1ccccc1,475.0
10826,CC(C)(C)OC(=O)NCC(=O)OCc1ccc2c3cccc4cccc(c5cccc1c52)c43,CCO,446.0
8722,COc1ccc(C(=O)/C=C/c2ccc(N(C)C)cc2)cc1OC,C1CCOC1,500.0
4972,CC(=O)O[B-]1(OC(C)=O)OC(/C=C/c2cccc3ccccc23)=CC(/C=C/c2cccc3ccccc23)=[O+]1,Cc1ccccc1,529.0
3146,N#Cc1ccc(C=C(c2ccccc2)c2ccccc2)cc1,C1CCOC1,390.0
10559,Cc1ccc(N(CC(=O)[O-])CC(=O)[O-])c(OCCOc2cc3cc(-c4ncc(C(=O)[O-])o4)oc3cc2N(CC(=O)[O-])CC(=O)[O-])c1,O,500.0
1303,CN(C)c1ccc(/C=C/c2nc3ccc(N(C)C)cc3oc2=O)cc1,CC(O)CO,649.5
8157,Cc1cc(C)n2c1C=C1C(=O)N(C)C(c3ccc([N+](=O)[O-])cc3)=[N+]1[B-]2(F)F,CCCCCC,587.0
5858,Cc1cc(C2(c3cc(C)c(O)c(Br)c3)OS(=O)(=O)c3ccccc32)cc(Br)c1O,C1COCCO1,450.0
3465,CC1=CC(C)=[N+]2C1=C(c1ccc(N3CCCCC3)cc1)c1c(C)cc(C)n1[B-]2(F)F,CCOC(C)=O,515.0
5517,CCCCCCCCCCCCNc1cccc2[n+]1[B-](F)(F)n1c(c3cccc4cccc1c43)=N2,C1CCOC1,523.0
4868,Cc1ccc(C2=C3C=C4C(=[N+]3[B-](F)(F)n3c2cc2c3-c3ccccc3C23c2ccccc2-c2ccccc23)c2ccccc2C42c3ccccc3-c3ccccc32)cc1,C1CCOC1,642.0
8240,CCC1=C(C)C2=C(c3c4ccccc4cc4ccccc34)c3c(C)c(CC)c(C)n3[B-](F)(F)[N+]2=C1C,CC#N,537.0
9819,CC1(C)C(/C=C/C2=C(Oc3ccc(CCN=C=S)cc3F)/C(=C/C=C3/N(CCCS(=O)(=O)[O-])c4ccccc4C3(C)C)CCC2)=[N+](CCCS(=O)(=O)[O-])c2ccccc21,CO,797.0
6698,CCCCC(CC)Cn1c2ccccc2c2cc(-c3cc4c(cc3F)-c3cc(F)c(-c5ccc6c(c5)c5ccccc5n6CC(CC)CCCC)cc3S4(=O)=O)ccc21,ClC(Cl)Cl,454.0
11321,CCCN1/C(=C\c2c(-c3ccc(N(C)C)cc3)c(=O)c2=O)C=Cc2ccccc21,ClCCl,585.0
7704,CC(C)c1ccc(-c2nc(-c3ccccc3)c3ccccn23)cc1,CC#N,478.0
8377,CCC1=C(C)C2=C(c3cc(C(=O)Cl)cc(C(=O)Cl)c3)c3c(C)c(CC)c(C)n3[B-](F)(F)[N+]2=C1C,C1CCOC1,547.0
10255,CC(O)CC1=N/C(=C\c2cccc(N(C)C)c2)C(=O)N1C,CCCCCC,506.0
10349,NS(=O)(=O)c1ccc(N2N=C(c3ccc(O)cc3)CC2c2ccc(Br)cc2)cc1,CC#N,417.0
5221,CN1/C(=C/C=C(/C=C/c2sc3ccccc3[n+]2C)c2cc(F)cc(F)c2)Sc2ccccc21,O,671.0
9720,CCN(CC)c1ccc2c(c1)oc(=O)c1c(=O)oc3cc(C#Cc4ccc(C#N)cc4)ccc3c12,CS(C)=O,625.0
6684,FC(F)(F)c1ccc(/C=C/c2ccc(-c3nnc(-c4ccc(-c5cc6ccccc6s5)cc4)o3)cc2)cc1,CN(C)C=O,416.0
5735,CSc1ccc(-c2nc3sc4ccccc4c3s2)cc1,CS(C)=O,431.0
3169,O=C1c2ccccc2-c2ccc(N3CCOCC3)c3cccc1c23,C1CCOC1,600.0
2813,O=C1c2ccccc2C(=O)N1c1ccc(Cn2cncn2)cc1,CC(C)=O,407.0
2861,CC(C)(C)c1ccc(-c2nc3c4ccc(-c5cc6ccccc6c6ccccc56)cc4c4cc(-c5cc6ccccc6c6ccccc56)ccc4c3n2-c2ccc(C(C)(C)C)cc2)cc1,CN(C)C=O,404.0
7868,CCn1c2ccccc2c2cc(/C=C/c3cc(/C=C/c4ccc5c(c4)c4ccccc4n5CC)nc(SC)n3)ccc21,ClCCl,489.0
467,COc1cc2c(cc1-c1ccc(F)cc1)Cc1c3c(c4c(c1-2)-c1cc(OC)c(-c2ccc(F)cc2)cc1C4)C(=O)N(CCC(C)C)C3=O,C1CCOC1,468.0
11749,Fc1ccc(-c2nc3n(c2-c2ccncc2)CCS3)cc1,c1ccncc1,434.0
7677,Cc1cc2cc(C)c3c4ccccc4[nH]c3c2s1,ClCCl,351.0
6958,c1ccc(N(c2ccccc2)c2ccc3c4cccc5c(N(c6ccccc6)c6ccccc6)ccc(c6cccc2c63)c54)cc1,C1CCOC1,545.0
9293,Cc1cc(-c2ccccc2)cc(C)[o+]1,CC#N,462.0
106,O=c1oc2ccccc2cc1-c1ccc([N+](=O)[O-])cc1,C1CCOC1,421.0
7879,O=C1Nc2ccccc2/C1=C/C(=O)c1ccc(Cl)cc1Cl,CCCCO,415.0
10828,CN(C)c1ccc(/C=C/C(=C(C#N)C#N)c2ccc3c4c(cccc24)CC3)cc1,CN(C)C=O,606.0
4202,CCc1c(C)c2n(c1C)[B-](F)(F)[N+]1=C(NCc3ccc(OC)cc3)C=CC1=C2C,CC#N,546.0
6847,O=P(c1ccccc1)(c1ccccc1)n1c2ccccc2c2ccccc21,C1CCOC1,360.0
411,CN(C)C1=Nc2cccc3cccc1c23,CC#N,589.0
7816,COc1ccc(C2=[N+]3C(=Cc4c5ccc(OC)cc5c(-c5ccc(OC)cc5)n4[B-]3(F)F)c3ccc(OC)cc32)cc1,ClCCl,704.0
6994,Cc1ccc(C2=C3C=c4c(oc5ccccc45)=[N+]3[B-](F)(F)n3c2cc2c4ccccc4oc23)cc1,C1CCOC1,596.5
10884,CN(C)c1ccc(C2=Nc3sc4cc(F)ccc4[n+]3[B-](F)(F)O2)cc1,ClCCl,468.0
2512,CCCCCCc1ccc2c(/C=N/c3cc(/N=C/c4c(O)ccc5cc(CCCCCC)ccc45)cc(/N=C/c4c(O)ccc5cc(CCCCCC)ccc45)c3)c(O)ccc2c1,ClCCl,511.0
5902,CC(C)(C)c1ccc(-c2nc3c4ccccc4c4ccccc4c3n2-c2ccc(C(C)(C)C)cc2)cc1,CCOC(C)=O,390.0
6535,COc1cc2c(cc1-c1ccsc1)Cc1c3c(c4c(c1-2)-c1cc(OC)c(-c2ccsc2)cc1C4)C(=O)N(CCC(C)C)C3=O,C1CCOC1,487.0
2981,Cc1csc2[n+]1[B-](F)(F)OC(c1ccc(N(C)C)cc1)=N2,CC#N,466.0
9021,COc1ccc(C#Cc2ccc(C#Cc3ccc(C#Cc4ccccc4C#N)cc3C#N)cc2C#N)cc1,C1CCOC1,460.0
6280,CC(C)(C)c1ccc2c(c1)c1cc(C(C)(C)C)ccc1n2-c1ccc2oc3nc4oc5ccc(C(F)(F)F)cc5c4cc3c2c1,CC#N,513.0
11613,COc1ccc(OC)c(C=O)c1,CCO,459.0
4708,CN(C)c1ccc(/C=C/C=C/c2nc3ccccc3s2)cc1,C1COCCO1,516.0
11065,C(=C/c1nc2ccccc2s1)\c1ccc(-c2nc3c4cccnc4c4ncccc4c3[nH]2)cc1,C1CCOC1,469.0
4679,Cc1cc(C)c(B(c2cc(-c3ccccc3)sc2-c2sc(-c3ccccc3)cc2P(=O)(c2ccccc2)c2ccccc2)c2c(C)cc(C)cc2C)c(C)c1,CO,558.0
11271,O=Cc1cc(C=O)c2ccc3c(N4CCCCC4)cc(N4CCCCC4)c4ccc1c2c43,Cc1ccccc1,582.0
4838,CN(C)c1ccc(/C=C/c2cc[n+](CCCOCC(COCCC[n+]3ccc(/C=C/c4ccc(N(C)C)cc4)cc3)(COCCC[n+]3ccc(/C=C/c4ccc(N(C)C)cc4)cc3)COCCC[n+]3ccc(/C=C/c4ccc(N(C)C)cc4)cc3)cc2)cc1,CCCCO,600.0
1862,C(=C/c1ccc(N(c2ccccc2)c2ccccc2)cc1)\c1ccc(/C=C/c2ccc(N(c3ccccc3)c3ccccc3)cc2)cc1,Cc1ccccc1,456.0
3585,O=C(N/N=C/c1ccccc1O)c1ccc([N+](=O)[O-])cc1,CN(C)C=O,453.0
9248,CN1C(=O)/C(=C/c2ccncc2)N=C1c1ccccc1,CCO,477.0
5035,COc1cc2c(cc1/C=C/C1=CC(=C(C#N)C#N)CC(C)(C)C1)c1ccccc1n2C,CS(C)=O,639.0
2360,COc1ccc2cc(-c3ccc(C(F)(F)F)cc3)oc(=O)c2c1,CCCCCC,397.0
7781,CCOC(=O)CSc1nc(-c2ccccc2)c(C)c(C#N)c1C#N,c1ccccc1,421.0
4093,COC(=O)C(Cc1ccc2oc(-c3ccc(N(c4ccccc4)c4ccccc4)cc3)nc2c1)NC(=O)OC(C)(C)C,CC(O)CO,482.7489657
4721,COc1ccc(C2=CC3=C(c4c(C)cc(C)cc4C)c4cc(-c5ccc(OC)cc5)c(-c5ccc(OC)cc5)n4[B-](F)(F)[N+]3=C2c2ccc(OC)cc2)cc1,CC#N,673.0
2406,[NH3+]C(Cc1ccc(O)c(O)c1)C(=O)[O-],O,318.0
29,CCCc1ccc(C#Cc2cc(C#Cc3ccc(N(C)C)cc3)c3ccc4c(C#Cc5ccc(N(C)C)cc5)cc(C#Cc5ccc(CCC)cc5)c5ccc2c3c54)cc1,ClCCl,591.0
9121,Fc1c(F)c(F)c2c(c1F)C1=Nc3c4c(F)c(F)c(F)c(F)c4c4n3[B-]3(Cl)n5c(c6c(F)c(F)c(F)c(F)c6c5=N4)=NC2=[N+]13,CC(C)=O,589.0
4474,COc1ccc2c(c1)CCC1=C(c3ccccc3)C3=C(c4ccc5cccc(O)c5n4)c4c(-c5ccccc5)c5c(n4[B-](F)(F)[N+]3=C12)-c1ccc(OC)cc1CC5,O,680.0
3316,COc1cc(/C=C/c2cc[n+](Cc3ccc(Br)cc3)cc2)ccc1O,CN(C)P(=O)(N(C)C)N(C)C,567.0
6624,Nc1ccc2c3cccc4cccc(c5cccc1c52)c43,CCOC(C)=O,555.0
568,C(=C/c1cnc2ccccc2n1)\c1ccc(N2CCCCC2)cc1,CS(C)=O,626.0
12213,CCOC(=O)CCCCCn1c2ccc(N)cc2c(=O)c2cc3c(cc21)c(=O)c1cc(N)ccc1n3CCCCCC(=O)OCC,ClCCl,608.0
5860,c1cc2ccc3cccc4ccc(c1)c2c34,CC#N,374.0
1245,CCCCCCCCOc1ccc(C#Cc2ccc(C#Cc3ccc(OCCCCCCCC)c(OCCCCCCCC)c3)c3nc4c5ccccc5c5ccccc5c4nc23)cc1OCCCCCCCC,Cc1ccccc1,541.0
5632,CC1=CC(C)=[N+]2C1=Cc1c3ccccc3c(C#Cc3ccc(F)cc3)n1[B-]2(F)F,CCCCCCCCO,623.0
5773,O=C(c1ccncc1)c1ccc(-n2c3ccccc3c3cc(-n4c5ccccc5c5ccccc54)ccc32)cc1,c1cc(-c2cccc(-n3c4ccccc4c4ccccc43)c2)cc(-n2c3ccccc3c3ccccc32)c1,475.2314815
1458,O=Cc1ccc(-c2ccc(O)c(-c3nc4ccccc4s3)c2)s1,CCO,558.0
9050,c1ccc(-c2nc(-c3ccc(-c4ccc(-n5c6ccccc6c6ccccc65)cc4)cn3)oc2-c2ccccc2)cc1,CC(C)=O,413.0
1835,COc1cccc2cc(-c3cc4cccc(OC)c4oc3=O)oc12,CCOC(C)=O,460.0
316,CN(C)c1ccc(C(=Cc2ccc(C#N)cc2)c2ccc(N(C)C)cc2)cc1,C1CCOC1,412.0
108,CCOC(=O)c1ccccc1-c1c2ccc(=[N+](CC)CC)cc-2oc2c1c(=O)oc1cc(N(CC)CC)ccc12,O,652.0
7070,O=Cc1nc2ccc(C#Cc3ccc(N(c4ccc(C#Cc5ccc6nc(C=O)sc6c5)cc4)c4ccc(C#Cc5ccc6nc(C=O)sc6c5)cc4)cc3)cc2s1,Cc1ccccc1,500.0
6987,CC(C)[Si](C#Cc1ccc(C#C[Si](C(C)C)(C(C)C)C(C)C)c2nc3c(nc12)Cc1ccccc1-3)(C(C)C)C(C)C,CCCCCC,430.0
6672,COc1ccc(-n2c3ccccc3c3cc(/C=C/C(=C(C#N)C#N)c4ccccc4)ccc32)cc1,C1CCOC1,560.0
10816,CN(C)/C=N\c1ccc2c3c(cccc13)C(=O)c1ccccc1-2,ClCCl,593.0
4351,CN(C)c1ccc(/C=C2/N=C(c3ccccc3)OC2=O)cc1,ClCCl,526.0
10024,O=[N+]([O-])c1ccc(C#Cc2ccc3ccc(C#Cc4ccc([N+](=O)[O-])cc4)cc3c2)cc1,ClCCl,527.0
4844,CCCSc1ccc2n1[B-](F)(F)[N+]1=C(SC#N)C=CC1=C2c1ccccc1,CCOC(C)=O,567.0
3997,CN(C)c1ccc(/C=C/c2ccc(-c3ccc(/C=C/c4ccc(N(C)C)cc4)s3)s2)cc1,CC#N,574.0
11994,COc1cccc(-n2c(-c3ccccc3)nc(C)c2C)c1,CO,368.0
10549,Nc1ccc2c(C(F)(F)F)cc(=O)oc2c1,CCO,485.0
6341,COc1ccc2ccc([O-])cc2c1,O,413.0
11579,c1cc2ccc3ccc4cc3c2cc1c1ccc2ccc3ccc(cc3c2c1)c1ccc2ccc3ccc4cc3c2c1,Cc1ccccc1,419.0
10234,Cc1ccc(-c2cc(-c3ccc(N(C)C)cc3)c3c(N)nc(N4CCCC4)c(C#N)c3n2)cc1,CO,517.0
10386,CC/[NH+]=c1\cc2oc3cc(NCCC(=O)NC(C)C(=O)OC)c4ccccc4c3nc-2cc1C,CCO,644.0
4023,O=C(O)c1ccccc1Nc1ccccc1,C1CCOC1,434.0
12003,CSc1sc(C(C)=O)c2nn[nH]c(=O)c12,CS(C)=O,497.0
8313,c1ccc2c(-c3cc(-c4nccs4)nc(-c4nccs4)c3)c3ccccc3cc2c1,CO,501.0
4872,C(=C/c1ccc(-c2ccc(/C=C/c3ccc(-n4c5ccccc5c5ccccc54)cc3)s2)s1)\c1ccc(-n2c3ccccc3c3ccccc32)cc1,CC#N,527.0
4414,N#CC(C#N)=C(c1ccc(-n2ccc3ccccc32)cc1)c1ccc(-n2ccc3ccccc32)cc1,Cc1ccccc1,536.0
4641,CCN1c2ccc(-c3cc(-c4ccccc4)[nH]n3)cc2Sc2cc(-c3cc(-c4ccccc4)[nH]n3)ccc21,ClCCl,461.0
6306,COc1ccc2cc(/C=C/c3nc(/C=C/c4ccc(N(C)C)cc4)cc(/C=C/c4ccc(N(C)C)cc4)n3)ccc2c1,C1CCOC1,520.0
3635,C1=[N+]2N=C(c3ccccc3)O[B-]2(c2ccc([B-]34OC(c5ccccc5)=N[N+]3=Cc3c(ccc5ccccc35)O4)cc2)Oc2ccc3ccccc3c21,C1CCOC1,489.0
973,COc1ccc2c(c1)c(C#N)cc1c(OC)c(OC)c3cc(C#N)c4cc(OC)ccc4c3c12,ClC(Cl)Cl,496.0
8796,CN(C)c1ccc2c(c1)Cc1ccccc1-2,CC(=O)N(C)C,385.0
9818,Oc1ccc(/N=C/c2ccccc2Oc2ccccc2)cc1,CC(C)CO,410.0
7168,CN1CCN(c2ccc3c4c(cccc24)C(=O)c2ccccc2-3)CC1,CC#N,619.0
7359,COc1cc(OC)c2cc(-c3ccc(-c4cc5c(OC)cc(OC)cc5oc4=O)cc3)c(=O)oc2c1,ClC(Cl)Cl,446.0
6620,CCC1=C(C)C2=Cc3cscc3B(O)N2C1=O,ClC(Cl)Cl,414.0
10190,CN(C)c1ccc(C2=Nc3sc4cc(F)ccc4[n+]3[B-](F)(F)O2)cc1,CC(C)=O,483.0
6167,C#CCNC1=C2C(C)=CC(C)=[N+]2[B-](F)(F)n2c(C)cc(C)c21,CCOC(C)=O,497.0
1374,CC(C)(C)c1ccc(C2=CC(c3ccccc3)=[N+]3C2=Nc2c(-c4ccc(C(C)(C)C)cc4)cc(-c4ccccc4)n2[B-]3(F)F)cc1,ClC(Cl)Cl,680.0
11718,COc1ccc2cc(-c3cc4ccc(OC)cc4oc3=O)oc2c1,CCOC(C)=O,465.0
8655,COCCOc1cc(C=O)c(OCCOC)cc1C=O,NC=O,456.0
7308,Cc1ccccc1C(=O)NN1C2=C(CC3=C1CC(C)(C)CC3=O)C(=O)CC(C)(C)C2,C1CCOC1,434.0
4862,c1ccc(-c2c3ccccc3c(-c3cncnc3)c3ccccc23)cc1,CCO,441.0
9962,Cc1cc(C)n2c1C=C1c3ccccc3C(c3ccc[nH]3)=[N+]1[B-]2(F)F,CO,618.0
10,CCCCCc1ccc(C#Cc2cc(C#Cc3ccc(CCCCC)cc3)c3ccc4c(C(=O)c5ccccc5)cc(C#Cc5ccc(CCCCC)cc5)c5ccc2c3c54)cc1,ClCCl,511.0
10149,CCN1/C(=C\C=C\C=C\C2=[N+](CC)c3ccc4ccccc4c3C2(C)C)C(C)(C)c2c1ccc1ccccc21,ClCCl,710.0
11905,COC(=O)c1nc(-c2ccco2)oc1C,C1CCCCC1,302.0
1426,COC(=O)c1cc(=O)n(C)c2cc(-c3cccc(N(C)C)c3)sc12,CC#N,460.0
9902,O=C(O)C1=C/C(=C/C=[N+]2/c3cc(O)c(C[C@@H]4O[C@H](CO)[C@@H](O)C(O)[C@H]4O)cc3C[C@H]2C(=O)O)C[C@@H](C(=O)O)N1,OCCO,607.0
8368,C[Si](C)(C)c1ccc(-c2nc3ccccc3n2-c2ccccc2)cc1,ClCCl,358.0
9779,CC1(C)C(/C=C/C2=C(Cl)/C(=C/C=C3/N(Cc4ccccc4)c4ccccc4C3(C)C)CCC2)=[N+](Cc2ccccc2)c2ccccc21,CO,813.0
718,COC(=O)C(Cc1ccc2oc(-c3ccc(N(C)C)cc3)nc2c1)NC(=O)OC(C)(C)C,CN(C)C=O,400.4966158
8193,CCN(CC)c1ccc2c(c1)oc(=O)c1c(C)nc3c(c(C)nn3-c3ccccc3)c12,ClCCl,452.0
3445,F[B-]1(F)OC(c2ccccc2)=Nc2sc(-c3ccccc3)n[n+]21,CCO,409.0
5933,COC(=O)C(Cc1ccc2oc(-c3c4ccccc4cc4ccccc34)nc2c1)NC(=O)OC(C)(C)C,CN(C)C=O,495.5008523
11339,CCC1=C(C)C2=C(/C=C/Sc3ccccc3)c3c(C)c(CC)c(C)n3[B-](F)(F)[N+]2=C1C,ClCCl,580.0
735,CCC1(CC)c2cc(-c3ccc4c(c3)C(CC)(CC)c3cc(C(C)(C)C)ccc3-4)ccc2-c2ccc(-c3ccc4c(c3)C(CC)(CC)c3cc(C(C)(C)C)ccc3-4)cc21,CO,385.5932203
4950,CCn1c2ccccc2c2cc(-c3cc(-c4ccc5c(c4)c4ccccc4n5CC)nc(SC)n3)ccc21,CCOC(C)=O,392.0
11836,CCCCc1c2ccccc2c(-c2ccc(-c3nc4cc(CC(NC(=O)OC(C)(C)C)C(=O)OC)ccc4o3)cc2)c2ccccc12,CCCCCO,446.0004906
9253,CC(C)(C)c1ccc2c(c1)sc1[n+]2[B-](F)(F)n2c(c3cccc4cccc2c43)=N1,C1CCOC1,504.0
3562,CC(=O)c1c2c(cc3cc(N(C)C)ccc13)CCC2,Cc1ccccc1,481.0
2140,CCOC(=O)CSc1nc(-c2ccccc2)c(C)c(C#N)c1C#N,CCO,434.0
4606,O=C1OC(c2ccccc2)=N/C1=C\c1ccc(N(c2ccc(/C=C3\N=C(c4ccccc4)OC3=O)cc2)c2ccc(/C=C3/N=C(c4ccccc4)OC3=O)cc2)cc1,C1COCCO1,553.0
7251,COc1ccc(C2=C(c3ccc(OC)cc3)C(c3ccc(OC)cc3)=[N+]3C2=C(c2ccc(OC)cc2)c2c(-c4ccc(OC)cc4)c(-c4ccc(OC)cc4)c(-c4ccc(OC)cc4)n2[B-]3(F)F)cc1,C1CCOC1,640.0
909,NS(=O)(=O)c1ccc(N2N=C(c3ccc(O)cc3)CC2c2ccccc2)cc1,CN(C)C=O,422.0
8270,CC1(C)c2ccccc2N(c2ccc(-c3nc(-c4ccccn4)n(-c4ccccc4)n3)cc2)c2ccccc21,ClCCl,431.0
496,CCN(CC)c1ccc2c(C#N)c(/C=C(\C#N)c3nc4ccccc4s3)c(=O)oc2c1,CO,701.0
9350,Cc1cccc(Nc2ccccc2C(=O)O)c1C,CC#N,398.0
10299,Oc1c(-c2nc3c4ccc(-c5ccccc5)cc4c4cc(-c5ccccc5)ccc4c3[nH]2)cc2c3c1CCCN3CCC2,CC#N,487.0
5533,N#Cc1cc(/C=C/c2ccc(N(c3ccccc3)c3ccccc3)cc2)ccc1/C=C/c1ccc(/C=C/c2ccc(N(c3ccccc3)c3ccccc3)cc2)cc1,ClCCl,560.0
8420,F[B-]1(F)OC(c2ccc(N3CCCC3)cc2)=Cc2cccc[n+]21,ClC(Cl)Cl,496.0
7173,CC/[NH+]=c1\cc2oc3cc(NCCC(=O)NC(C(=O)OC)c4ccccc4)c4ccccc4c3nc-2cc1C,O,657.0
1206,CCN(CC)c1ccc(-c2nc3c4ccc(-c5ccccc5)cc4c4cc(-c5ccccc5)ccc4c3[nH]2)c(O)c1,C1CCOC1,431.0
9876,C1=CSC(=C2SC=C(/C=C/C=C/C=C/C3=CSC(=C4SC=CS4)S3)S2)S1,CCOCC,700.0
6008,CC1(C)c2ccccc2N(c2ccc(-c3n[n+]4c(o3)-c3ccccc3O[B-]4(F)F)cc2)c2ccccc21,CN(C)C=O,548.0
5857,COc1cc2c(cc1/C=C/C(=C(C#N)C#N)c1ccccc1)c1ccccc1n2C,ClCCl,560.0
1195,COc1cc(OC)c2c3c([nH]c2c1)C(=O)CCC3,c1ccccc1,391.0
8451,CCC1=C(C)c2cc3c(OC)cc(OC)cc3c(=O)n2C1=O,ClC(Cl)Cl,469.0
5652,CCOC(=O)/C=C/c1ccc(N(C)C)cc1,CCCO,452.0
6662,COc1ccc(-c2cc(-c3ccc(C)cc3)nc3c(C#N)c(N4CCCC4)nc(N)c23)cc1,ClC(Cl)Cl,504.0
9478,C(=C/c1ccncn1)\c1ccc(N2CCCCC2)cc1,CCCCCCC,435.0
6378,COc1ccc(-c2nc3ccccc3nc2-c2ccc(OC)cc2)cc1,C1CCOC1,432.0
2995,CCCCCCCCCCCCOc1cc2cc(N(C)C)ccc2cc1C=C(C#N)C#N,O,674.0
8149,COc1ccc2nc(N)n[n+]([O-])c2c1,O,547.0
288,Cc1cc(C2(c3cc(C)c(O)c(Br)c3)OS(=O)(=O)c3ccccc32)cc(Br)c1O,CCO,507.0
8129,CCCCN1C(=O)c2cccc3c(Oc4cc(COc5ccc(N6C(=O)c7cccc8c(NCCN(C)C)ccc(c78)C6=O)cc5)cc(Oc5ccc6c7c(cccc57)C(=O)N(CCCC)C6=O)c4)ccc(c23)C1=O,CC#N,497.0
5614,COC(=O)COc1ccc(/C=C/C2=[N+]3C(=C(c4ccccc4)c4c(C)cc(C)n4[B-]3(F)F)C(C)=C2)cc1,CO,574.0
8268,c1ccc(-n2cccc2)cc1,CCCCCC,304.0
4671,COc1cc(N(c2ccccc2)c2ccccc2)ccc1C=C(C#N)C#N,CC#N,581.0
8255,O=S(=O)([O-])c1cc(O)c2ccc3c(S(=O)(=O)[O-])cc(S(=O)(=O)[O-])c4ccc1c2c34,C1COCCO1,405.4327995
6208,Cc1ccc2c(c1)n(C)c(-c1ccc(-c3ccc(-c4ccc(-c5n(C)c6cc(C)ccc6[n+]5C)cc4)cc3)cc1)[n+]2C,O,397.0
388,N#CC(C#N)=Cc1ccc(-c2ccc(N(c3ccccc3)c3ccccc3)cc2)s1,ClC(Cl)Cl,634.0
836,CN(C)c1ccc2nc(-c3ccc(C(=O)OC[C@H](NC(=O)OC(C)(C)C)C(=O)OCc4ccccc4)cc3)sc2c1,CC#N,568.0
9020,Cn1c(=O)c(/N=N/c2cc(S(=O)(=O)O)ccc2C(=O)O)c(O)c2ccccc21,C1CCOC1,523.0
9271,CCN(CC)c1ccc2cc(-c3cc(SC)c(C#N)c(=O)o3)c(=O)oc2c1,CS(C)=O,593.0
280,COc1ccc(C(=Cc2ccc(/C=C(\C#N)c3ccccc3)cc2)c2ccc(OC)cc2)cc1,C1CCOC1,510.0
5419,N#Cc1c2nc3ccccn3c2nc2nc3ccccn3c12,C1CCCCC1,485.0
4649,CC1(C)CC(/C=C/c2ccc(N3CCOCCOCCOCCOCC3)cc2)=CC(=C(C#N)C#N)C1,CC#N,640.0
3412,F[B-]1(F)n2c(cc3ccc4ccccc4c32)C(c2ccc(I)cc2)=C2C=C3CCc4ccccc4C3=[N+]21,ClC(Cl)Cl,668.0
6113,CC(C)(C)c1ccc2c(c1)c1cc(C(C)(C)C)ccc1n2-c1cccc(-c2nc(-c3cccc(P(=O)(c4ccccc4)c4ccccc4)c3)nc(-c3cccc(P(=O)(c4ccccc4)c4ccccc4)c3)n2)c1,CN(C)C=O,567.8066038
1112,CCCCN(CCCC)c1ccc(C#Cc2cc(C#Cc3ccc(C(F)(F)F)cc3)c(C#Cc3ccc(C(F)(F)F)cc3)cc2C#Cc2ccc(N(CCCC)CCCC)cc2)cc1,c1ccccc1,490.0
7149,Cc1ccc2c(c1)C1(c3ccccc3-c3ccccc31)c1cc(C)ccc1N2c1ccc2c(c1)Oc1ccccc1P2(=O)c1ccccc1,Cc1ccccc1,443.0894309
10550,COc1ccc2c3c(c4ccc(OC)cc4c2c1)C1(c2ccccc2-c2ccccc21)c1ccccc1-3,C1CCCCC1,389.0
10258,O=c1c2cc3[nH]c4c(S(=O)(=O)O)cc(S(=O)(=O)O)cc4c(=O)c3cc2[nH]c2c(S(=O)(=O)O)cc(S(=O)(=O)O)cc12,O,550.0
10066,FC(F)(F)c1ccc(/C=C/c2nc(/C=C/c3ccc(N(c4ccccc4)c4ccccc4)cc3)cc(/C=C/c3ccc(N(c4ccccc4)c4ccccc4)cc3)n2)cc1,C1CCOC1,526.0
3689,C1=Cc2nc1c(-c1cccs1)c1ccc([nH]1)c(-c1cccs1)c1nc(c(-c3cccs3)c3ccc([nH]3)c2-c2cccs2)C=C1,ClCCl,670.0
5617,CCCCCCCN1C(=CC2=C([O-])C(=Cc3sc4ccccc4[n+]3CCCCCCC)C2=C(C#N)C#N)Sc2ccccc21,ClC(Cl)Cl,724.0
4257,CN(C)c1ccc(/C=C2\CCCC2=O)cc1,CCOCC,420.0
267,CCN(CC)c1ccc2cc(/C=C/C(O)=C3\CC/C(=C\c4cc5ccc(N(CC)CC)cc5oc4=O)C3=O)c(=O)oc2c1,CS(C)=O,639.0
10264,CC(C)(C)c1ccc2oc(-c3ccc(-c4nc5cc(C(C)(C)C)ccc5o4)s3)nc2c1,c1ccccc1,434.0
1598,COc1cc2c3cc(OC)c(OC)cc3c3cc4c(C)cc(=O)oc4cc3c2cc1OC,C1CCOC1,489.0
3954,CN(C)c1ccc2cc(C3=[O+][B-](F)(F)OC(c4ccc(C#N)cc4)=C3)ccc2c1,C1CCOC1,627.0
8167,Cc1nc2c(c[n+]1C)CN1C(=O)N([C@H]3O[C@@H](CO)[C@H](O)[C@@H]3O)C=CC1=N2,CO,417.0
11656,CCN(CC)c1ccc(-c2ccc(-c3nc4ccccc4c(=O)[nH]3)s2)cc1,CC#N,541.0
7189,Cc1cc(C)cc(C)c1,C1CCCCC1,294.7244327
7242,O=C1/C(=C/C=C/c2cc3c4c(c2)CCCN4CCC3)CC/C1=C\C=C\c1cc2c3c(c1)CCCN3CCC2,CCOC(C)=O,660.0
7752,CCc1c(C)c2n(c1C)[B-](F)(F)[N+]1=C(c3ccc[nH]3)c3ccccc3C1=C2,CCCCCC,626.0
5145,CN1/C(=C/C=C(/C=C/c2sc3ccccc3[n+]2C)c2cccc(C(F)(F)F)c2)Sc2ccccc21,CO,661.0
5028,Cc1nc(-c2ccc(-n3c4ccccc4c4ccccc43)cc2)cc(-c2ccc(-n3c4ccccc4c4ccccc43)cc2)n1,CN(C)C=O,479.0
10657,C1=C(c2ccc(-c3cccs3)s2)CCCC1,c1ccncc1,423.0
1379,c1ccc(-c2nc(-c3ccccc3)nc(-c3ccc(-n4c5ccccc5c5cc(-n6c7ccccc7c7ccccc76)ccc54)cc3)n2)cc1,O=P(c1ccccc1)(c1ccccc1)c1ccccc1Oc1ccccc1P(=O)(c1ccccc1)c1ccccc1,475.0
9691,C(=C/c1ccc(Nc2ccccc2)cc1)\c1ccccc1,CCCCCC,378.0
9656,CC1=[N+]2C(=C(c3c4ccccc4c(-c4ccccc4)c4ccccc34)c3ccc(C)n3[B-]2(F)F)C=C1,CN(C)C=O,533.0
416,CC1=C(c2ccc(N(C)C)cc2)C(C)=[N+]2C1=C(c1c(-c3ccccn3)nc3ccccn13)c1c(C)c(-c3ccc(N(C)C)cc3)c(C)n1[B-]2(F)F,ClCCl,722.0
5875,CC(C)[Si]1(C(C)C)c2cc(C#N)ccc2-c2ccc(N(C)C)cc21,CCO,456.0
4412,Cc1cc(C)c(B(c2ccsc2-c2sccc2P(=O)(c2ccccc2)c2ccccc2)c2c(C)cc(C)cc2C)c(C)c1,CO,512.0
1962,CN(C)c1ccc(/C=C/c2cc[n+](CCC[n+]3ccc(/C=C/c4ccc(N(C)C)cc4)cc3)cc2)cc1,CS(C)=O,610.001586
620,COc1ccc(O)c(C(=O)[O-])c1,O,447.0
1703,C1=C(c2ccccc2)C=C(c2ccccc2)/C1=C/c1ccccc1,C1CCOC1,500.0
6562,c1ccc(N(c2ccccc2)c2ccc(-c3nc4c5ccccc5c5ccccc5c4[nH]3)cc2)cc1,C1COCCO1,401.0
5862,CC1=[N+]2C(=C(c3c4ccccc4c(C)c4ccccc34)c3ccc(C)n3[B-]2(F)F)C=C1,CCO,533.0
3752,Cc1cccc(-c2[nH]c(=O)n3c2-c2ccccc2C3=O)c1O,CO,496.0
3000,Cc1ccccc1C1=C2C=CC(=[N+](C)C)C=C2[Si](C)(C)c2cc(N(C)C)ccc21,O,660.0
11556,COc1ccc2cc([C@H](C)C(=O)O)ccc2c1,O,355.5
8394,COc1ccc(/C=C/C=C/C=C/c2ccc([N+](=O)[O-])cc2)cc1,C1COCCO1,565.0
6258,CC(C)(C)c1cc(-c2c3cc(c(-c4cc(C(C)(C)C)cc(C(C)(C)C)c4)c4ccc([nH]4)c(-c4ccc(Br)cc4)c4nc(c(-c5ccc(Br)cc5)c5ccc2[nH]5)C=C4)N=C3)cc(C(C)(C)C)c1,ClCCl,741.0
2516,CCCCCCCCCCCCCCCCCCOC(=O)/C=C/C1=CC2=C(c3c(C)cc(C)cc3C)c3cccn3[B-](F)(F)[N+]2=C1,ClCCl,569.0
9410,CC1=CC(C)=[N+]2C1=C(c1c(F)c(F)c(NCCCCCCNP(=O)(OC(C)C)OC(C)C)c(F)c1F)c1c(C)cc(C)n1[B-]2(F)F,C1CCOC1,528.0
1190,Clc1nc(Nc2ccccc2)nc(Nc2ccc3c4cccc5cccc(c6cccc2c63)c54)n1,CCOC(C)=O,475.0
9327,CC1(C)CC(/C=C/c2ccc(-n3c4ccccc4c4ccccc43)cc2)=CC(=C(C#N)C#N)C1,c1ccccc1,534.0
6271,N#Cc1ccc2[nH]ccc2c1,C1COCCO1,348.0
12179,CC(C)(C)c1ccc(-c2cc(-c3ccc(-c4cc(-c5ccc(C(C)(C)C)cc5)c(C(=O)N5CCCCC5)s4)s3)sc2C(=O)N2CCCCC2)cc1,ClCCl,461.0
3467,CC/[NH+]=c1\cc2oc3cc(NCCNC(=O)C(NC(=O)OC(C)(C)C)C(C)C)c4ccccc4c3nc-2cc1C,CCO,653.0
5641,Cc1ccc2c3ccc(C)cc3c3cc4c(C)cc(=O)oc4cc3c2c1,ClC(Cl)Cl,422.0
4246,C1=C(c2ccc(-c3cccs3)s2)CCCC1,CC#N,415.0
8918,COc1cc(-c2nnc(-c3ccc4ccc5cccc6ccc3c4c56)o2)cc(OC)c1OC,CC1CCCCC1,430.0
1506,CN(C)c1ccc(/C=C/C=C/C=C/c2ccc(N(C)C)cc2)cc1,ClC(Cl)(Cl)Cl,475.0
3887,CC1=CC(C)=[N+]2C1=C(c1ccc(I)cc1)c1c(C)cc(C)n1[B-]2(Oc1ccccc1)Oc1ccccc1,ClC(Cl)Cl,517.4953308
10620,COC(=O)c1ccc2c3ccc(C(=O)OC)c4c(C(=O)OC)ccc(c5ccc(C(=O)OC)c1c25)c43,CO,478.0
5298,Nc1ccc2c(c1)C(=O)c1ccccc1-2,c1ccccc1,622.0
4464,Clc1nc(Cl)nc(Nc2ccc3c4cccc5cccc(c6cccc2c63)c54)n1,CC#N,475.0
12022,CC(C)(C)c1cc2ccc3c(-c4ccc(N(c5ccccc5)c5ccccc5)cc4)ccc4c5nc6cc(C#N)c(C#N)cc6nc5c(c1)c2c34,CCCCCC,575.3061224
9342,CC(C)(C)c1ccc(-c2cc(-c3ccc(-c4cc(-c5ccc(C(C)(C)C)cc5)c(C(=O)NC5CCCCC5)s4)s3)sc2C(=O)NC2CCCCC2)cc1,ClCCl,448.0
11956,CN(C)c1ccc(/C=C/c2nc3ccc(N(C)C)cc3oc2=O)cc1,CN(C)C=O,650.0
794,O=S1(=O)c2ccc(-c3ccc(-n4c5ccccc5c5ccccc54)cc3)cc2C2(c3ccccc3-c3ccccc32)c2cc(-c3ccc(-n4c5ccccc5c5ccccc54)cc3)ccc21,CN(C)C=O,455.8013544
730,Cc1cc(C)c2nc3c(=O)[nH]c(=O)[nH]c3nc2c1,CC#N,461.0
7450,c1ccc2cc(-c3cc(-c4nccs4)nc(-c4nccs4)c3)ccc2c1,ClC(Cl)Cl,372.0
12138,COC(C)CC1=N/C(=C\c2cccc(N(C)C)c2)C(=O)N1C,CC#N,632.0
5173,Cc1ccc2c(CC(=O)NN)coc2c1,CCCO,394.0
3404,CCN(CC)c1ccc(/C=N/Nc2ccc(C#N)cc2)c(O)c1,CC#N,418.0
10104,COc1cc(/C=C2/SC(=O)NC2=O)ccc1O,C1COCCO1,420.0
2626,[C-]#[N+]c1ccc(-c2ccc(NC)cc2)cc1,c1ccncc1,421.0
4102,CCN(CC)c1ccc(-c2nc3c(nc2-c2ccc(B(c4c(C)cc(C)cc4C)c4c(C)cc(C)cc4C)cc2)c2ccccc2n3C)cc1,CC(C)=O,544.0
7153,COc1ccccc1C1=[N+]2C(=C(c3ccccc3)c3c4c(c(-c5ccccc5OC)n3[B-]2(F)F)C2C=CC4CC2)C2=C1C1C=CC2CC1,ClCCl,587.0
1745,CC(=O)Nc1ccc2c(c1)c(=O)c1ccccc1n2CCCCCC(=O)O,O,450.0
3708,c1ccc(-c2nc(-c3ccccc3)nc(-c3ccc(-n4c5ccccc5c5cc(-c6ccc7sc8ccccc8c7c6)ccc54)cc3)n2)cc1,CN(C)C=O,527.0
8464,CC(C)CCCCN1CCc2c1ccc1c3c(ccc21)C(=O)CCC3,CCO,522.0
9255,COc1ccc(/C=C/C2=CC(/C=C/c3ccc(OC)cc3)=[O+][B-](F)(F)O2)cc1,CC#N,549.0
11962,CCCCC1(CCCC)c2cc(C#Cc3ccc4ccc5cccc6ccc3c4c56)ccc2-c2ccc(C#Cc3ccc4ccc5cccc6ccc3c4c56)cc21,CC#N,433.0
3307,CC1(C)c2ccccc2N(c2ccc(-c3cc(C#N)c(C#N)cc3-c3ccc(N4c5ccccc5C(C)(C)c5ccccc54)cc3)cc2)c2ccccc21,Cc1ccccc1,532.0
2675,CCCCN1C(=O)c2cccc3cccc(c23)C1=O,Cc1ccccc1,392.0
1199,CC/[NH+]=c1\cc2oc3cc(NCCOC(=O)C(NC(=O)OC(C)(C)C)C(C)C)c4ccccc4c3nc-2cc1C,CCO,652.0
9883,Oc1ccc2ccc3cccc4ccc1c2c34,CC1COC(=O)O1,387.2366791
5998,N#CSC1=CC2=C(c3ccccc3)c3ccc(SC#N)n3[B-](F)(F)[N+]2=C1N1CCOCC1,CC#N,585.0
4119,COC(=O)c1ccc(O)c(-c2[nH]c(=O)n3c2-c2ccccc2C3=O)c1,CO,491.0
5636,c1cc2c([nH]c3c4[nH]c5sccc5c4c4nsnc4c23)s1,CCOC(C)=O,510.0
2952,C(=C/c1ncc2ccccc2n1)\c1ccc(N2CCCCC2)cc1,CC#N,592.0
1889,COc1ccc2c(=O)c3c([nH]c2c1)-c1ccccc1NC3(C)C,CCO,516.0
7420,NNC(=O)c1ccc(/C=C/c2ccc(C(=O)NN)cc2)cc1,CN(C)C=O,395.0
6260,CC(C)(C)c1ccc2c(c1)c1cc(C(C)(C)C)ccc1n2-c1ccc(-c2ccc3c(c2)C(=O)c2ccc(-c4ccc(-n5c6ccc(C(C)(C)C)cc6c6cc(C(C)(C)C)ccc65)cc4)cc2C3=O)cc1,Cc1ccccc1,558.0
11875,C(=C/c1cccc2ccccc12)\c1ccc(-c2nnc(-c3ccc(-c4cc5ccccc5s4)cc3)o2)cc1,CCCCCCCCCCO,437.0
32,CC1=[N+]2C(=C(c3ccc(C#N)cc3)c3ccc(C)n3[B-]2(F)F)C=C1,ClC(Cl)Cl,543.0
8282,N#C/C(=C\c1ccncc1)c1nc(-c2ccccc2)cs1,CS(C)=O,510.0
7411,CCCn1c(=O)c(/C=C/c2nc3ccc(C)cc3n(CCC)c2=O)nc2ccc(C)cc21,C1COCCO1,484.0
6861,COc1ccc(/C=C/c2nc(/C=C/c3ccc(N(C)C)cc3)cc(/C=C/c3ccc(N(c4ccccc4)c4ccccc4)cc3)n2)cc1,C1CCOC1,542.0
12153,CC(=O)c1c(N[C@@H](CC(C)C)C(=O)O)c2ccc(N(C)C)cc2oc1=O,ClCCl,446.0
10496,CN(C)c1ccc(/C=C/C(=O)O)cc1,c1ccccc1,416.0
6347,FC(F)(F)c1ccc(-c2pc3ccccc3s2)cc1,CC#N,430.0
8773,O=S1(=O)c2ccccc2C2(c3cc(-c4ccc(-n5c6ccccc6c6ccccc65)cc4)ccc3-c3ccc(-c4ccc(-n5c6ccccc6c6ccccc65)cc4)cc32)c2ccccc21,c1cc(-n2c3ccccc3c3ccccc32)cc(-n2c3ccccc3c3ccccc32)c1,412.0
8892,c1ccc(N(c2ccccc2)c2ccc(-c3ccc4c(c3)C3(c5cc(-c6ccc(N(c7ccccc7)c7ccccc7)cc6)ccc5S4)c4ccccc4-c4ccccc43)cc2)cc1,CCCCCC,392.9571106
9544,F[B-]1(F)n2c(-c3ccccc3)cc(-c3ccccc3)c2N=C2C(c3ccccc3)=CC(c3ccccc3)=[N+]21,ClC(Cl)Cl,672.0
5294,[C-]#[N+]c1ccc(-c2ccc(N)cc2)cc1,CS(C)=O,424.0
7814,CN(C)c1ccc2nc(-c3ccc(C(=O)OC(C)(C)C)cc3)sc2c1,CO,557.0
5441,O=C1/C(=C2\Sc3ccc(S(=O)(=O)O)cc3C2=O)Sc2ccc(S(=O)(=O)O)cc21,O,644.0
9649,O=S(=O)([O-])CCCCN1C=C/C(=C/C=C/C=C/c2cc[n+](CCCCS(=O)(=O)[O-])c3ccccc23)c2ccccc21,CO,830.0
11736,COC(=O)C(NC(=O)CCNc1cccc2ccccc12)C(C)C,CCO,415.0
3928,CCCCCCCCCCCCC(CCCCCCCCCC)Cn1c2cc(/C=C/C=C/c3nc4ccccc4s3)c3cccc4c5cccc6c(/C=C/C=C/c7nc8ccccc8s7)cc1c(c65)c2c34,CC#N,608.0
10941,N#C/C(=C\c1ccc(C#N)cc1)c1nc(-c2ccccc2)cs1,CN(C)C=O,507.0
1486,CCn1c2ccccc2c2cc(-c3cc(-c4ccc5c(c4)c4ccccc4n5CC)nc(-c4ccc(C#N)cc4)n3)ccc21,C1CCOC1,408.0
605,CN(C)c1ccc(-c2ccc3n2[B-](F)(F)[N+]2=C(c4ccccc4)C=CC2=C3C(F)(F)F)cc1,ClC(Cl)(Cl)Cl,712.0
3821,CC(C)(C)c1ccc(C2=C(c3ccc(N4c5ccccc5C(C)(C)c5ccccc54)cc3)S(=O)(=O)c3c2sc(-c2ccc(N4c5ccccc5C(C)(C)c5ccccc54)cc2)c3-c2ccc(C(C)(C)C)cc2)cc1,C1CCOC1,581.0
11413,CC(C)(C)c1ccc(-c2nc(-c3ccc(C(C)(C)C)cc3)nc(-c3cc(C#N)c(-n4c5ccccc5c5c6oc7ccccc7c6ccc54)c(C#N)c3)n2)cc1,C1CCOC1,504.6568627
1533,CCOC(=O)CN(CC(=O)OCC)c1ccc(-c2cc(-c3ccncc3)nc(-c3ccncc3)c2)cc1,c1ccccc1,412.0
2651,C(=C/c1nc(-c2ccccc2)c2ccccn12)\c1nc(-c2ccccc2)c2ccccn12,CC#N,491.0
7376,COC(=O)/C=C/C=C/c1ccc(N(C)C)cc1,C1COCCO1,470.0
2894,CN1/C(=C/C=C(/C=C/C2=[N+](C)c3ccccc3C2(C)C)c2ccc(C(F)(F)F)cc2)C(C)(C)c2ccccc21,CCO,665.0
9619,COc1ccc(C2=C3C(C)=CC(C)=[N+]3[B-](F)(F)n3c(/C=C/c4ccc(N(C)C)cc4)cc(C)c32)cc1,CCCCOCCCC,627.0
8211,CCCOc1ccc(/C=C/C=C/C=C/c2ccc([N+](=O)[O-])cc2)cc1,CC#N,747.0
5702,COc1ccc(-c2oc3c(c2Br)=[N+]2C(=C(C(F)(F)F)c4c(Br)c5oc(-c6ccc(OC)cc6)c(Br)c5n4[B-]2(F)F)C=3Br)cc1,ClC(Cl)Cl,765.0
1330,CC1=CC(=[N+]2CCC2)C=C2C1=Nc1c(C)cc(N3CCC3)cc1[Si]2(C)C,OCCO,747.0
11535,Cc1cc(C)c(C)c(B(c2c(C)c(C)cc(C)c2C)c2c(C)c(C)c(N3c4ccccc4Oc4ccccc43)c(C)c2C)c1C,CC(C)(C)c1ccc(-n2c3ccc([Si](c4ccccc4)(c4ccccc4)c4ccccc4)cc3c3cc([Si](c4ccccc4)(c4ccccc4)c4ccccc4)ccc32)cc1,478.0
957,COc1ccc2cc([C@H](C)C(=O)O)ccc2c1,CC(C)O,351.3
4635,N#Cc1c(N2CCCCC2)cc(-c2ccc(O)cc2)c2c1-c1cccc3cccc-2c13,CN(C)C=O,573.0
10733,Cc1cc(C(F)(F)F)nc2c1ccc1nc(-c3ccc(Cl)cc3)cn12,CCOC(C)=O,457.0
6940,COc1ccc(-c2nc(-c3ccccc3O)c(-c3ccccc3O)n2-c2ccc(C)cc2)cc1,CS(C)=O,389.0
4148,CCCCCCc1ccc(-n2c3[n+](c4c5ccccc5c5ccccc5c42)[B-](C)(C)c2ccc4ccccc4c2-3)cc1,CC#N,443.0
12052,C[N+]1=C(/C=C/C=C2/N(CCC[N+](C)(C)C)c3ccccc3C2(C)C)C(C)(C)c2ccccc21,CS(C)=O,565.0
1660,CC(C)c1cc(C(C)C)c(B2c3cc(N4c5ccccc5C(C)(C)c5ccccc54)ccc3N(c3ccccc3)c3ccc(N4c5ccccc5C(C)(C)c5ccccc54)cc32)c(C(C)C)c1,CCOC(C)=O,481.9727891
1026,COc1cccc(OC)c1C1=C2C(C)=CC(C)=[N+]2[B-](F)(F)n2c(C)cc(C)c21,CCOC(C)=O,520.0
6032,COc1ccc(-c2nc(C(C)=O)c(C)o2)cc1,CCOCC,345.0
3207,O=Cc1cc(O)c(C=O)cc1O,NC=O,490.0
1247,O=C1OCC2=C1C(c1ccccc1)c1cc3c(cc1N2CCO)CCC3,C1CCOC1,395.0
9197,Cc1cc(C)c(B(c2c(C)cc(C)cc2C)c2c(C)cc(N3c4ccccc4Oc4ccccc43)cc2C)c(C)c1,c1ccc2c(c1)c1ccccc1n2-c1ccc(-c2ccc(-n3c4ccccc4c4ccccc43)cc2)cc1,504.0
655,CC1=C2c3ccccc3C(c3ccc[nH]3)=[N+]2[B-](F)(F)n2cccc21,C1CCOC1,589.0
623,CN(CCO)c1ccc(/C=C/C2=CC(=C(C#N)C#N)CC(C)(C)C2)cc1,CC(C)=O,648.0
7749,CC1(C)c2ccccc2N(c2ccc3c(c2)Oc2ccccc2S3(=O)=O)c2ccccc21,Cc1ccccc1,451.0
11808,CCOc1ccc2cc(-c3ccc(C)cc3)c(=O)oc2c1,C1CCOC1,425.0
3688,Cc1cccc2nc3c(=O)[nH]c(=O)[nH]c3nc12,O,495.0
2199,CC1(C)CCc2c(c3ccccc3c3nc4c5c(c6ccccc6c4nc23)OC(C)(C)CC5)O1,C1CCOC1,467.2897196
7884,Cc1cc2c(ccc3c[n+](C)c(C)cc32)c[n+]1C,CC#N,419.0
12065,CCCCC1(c2ccc(OC)cc2)Nc2ccccc2N=C1c1ccc(OC)cc1,CCCCCC,485.0
12094,CCOc1cc2c(cc1/C=C/C1=CC(=C(C#N)C#N)CC(C)(C)C1)c1ccccc1n2CC,CS(C)=O,641.0
10654,CC(C)(C)c1ccc(-c2nc3c4ccccc4c4ccccc4c3n2-c2ccc(C(C)(C)C)cc2)cc1,ClC=C(Cl)Cl,392.0
9362,COc1ccc(/C=C(\C)c2nc3ccccc3s2)cc1,C1CCCCC1,400.0
10859,CNc1ncc2nc(C#N)n(Cc3ccccc3)c2n1,CC#N,405.0
2919,C=C(C)C(CN1C(=O)c2cccc3c2c(cc2oc(C)nc23)C1=O)OO,CCO,416.0
8126,CN(CCO)c1ccc(/C=C/C2=CC(=C(C#N)C#N)CC(C)(C)C2)cc1,CCCCO,649.0
2625,CCN(CC)c1ccc(-c2nc3cc(C(NC(=O)OC(C)(C)C)C(=O)OC)ccc3o2)c(O)c1,CC#N,394.0
9103,COc1ccc(-c2nc(-c3ccccc3)c(N(c3ccccc3)c3ccccc3)s2)cc1,ClC(Cl)Cl,457.0
3027,Cc1ccc(C2=C3C=CC(c4ccccc4)=[N+]3[B-](F)(F)n3c2ccc3-c2ccccc2)cc1,ClC(Cl)Cl,588.0
2996,Fc1ccccc1-c1nc2sc3ccccc3c2s1,CS(C)=O,407.0
1746,COC(=O)c1nc(-c2ccc(OC)cc2)oc1C,CCO,328.0
5250,CC[N+]1(CC)CN2C(=N1)C(C(=O)O)=Cc1ccccc12,O,462.0
10970,CCN(CC)c1ccc2c(c1)oc(=O)c1cc3c(-c4ccccc4)nn(-c4ccccc4)c3nc12,ClCCl,509.0
3094,CN(C)c1ccc(/C=C/c2cc(/C=C/c3ccc(N(C)C)cc3)nc(/C=C/c3ccc(N(c4ccccc4)c4ccccc4)cc3)n2)cc1,CC(C)=O,561.0
2457,CCc1ccc(/C=C/c2ccc(-c3nnc(-c4ccc(-c5cc6ccccc6s5)cc4)o3)cc2)cc1,CCCO,422.0
6104,N#Cc1nc(N(Cc2ccccc2)Cc2ccccc2)c(C#N)nc1N(Cc1ccccc1)Cc1ccccc1,ClC(Cl)Cl,588.0
10672,CN(C)c1ccc(/C=C/C=C/c2nc3ccccc3o2)cc1,OCC(O)CO,566.0
76,COc1ccc(/C=C/c2nc(/C=C/c3ccc(N(C)C)cc3)cc(/C=C/c3ccc(N(c4ccccc4)c4ccccc4)cc3)n2)cc1,CCCCCCC,457.0
12059,CCC1=C(C)C(=O)n2c1cc1[nH]c(C(=O)OC(C)(C)C)c(C)c1c2=O,CO,505.0
4685,CC(C)[Si]1(C(C)C)c2cc(C=O)ccc2-c2ccc(N(C)C)cc21,C1CCCCC1,414.0
8235,CCCCn1c2c(-c3ccc(N(c4ccccc4)c4ccccc4)cc3)cc(C#N)cc2c2cc(C#N)cc(-c3ccc(N(c4ccccc4)c4ccccc4)cc3)c21,Cc1ccccc1,415.0
2698,CC1(C)CC(=O)C2=C(C1)Oc1ccc3cc(O)ccc3c1C2c1ccccn1,CC#N,378.0
4097,CC1CC=C(c2ccc(-c3ccc(C#N)s3)s2)CC1,C1CCOC1,443.0
10736,CCN(CC)c1ccc2cc(/C=C/C(=O)/C=C(O)/C=C/c3cc4ccc(N(CC)CC)cc4oc3=O)c(=O)oc2c1,C1COCCO1,561.0
5245,Cc1cc(O)c(C(C)C)cc1/N=C/c1ccc(O)cc1,CCCCO,414.0
2260,Cc1nc(-c2ccc(N3c4ccccc4C(c4ccccc4)(c4ccccc4)c4ccccc43)cc2)cc(-c2ccc(N3c4ccccc4C(c4ccccc4)(c4ccccc4)c4ccccc43)cc2)n1,Cc1ccccc1,453.0
1775,O=C1CCCC2=C1CC1=C(CCCC1=O)N2NC(=O)c1ccccc1,ClCCl,435.0
10904,Cc1ccc(-c2ccc(/C=C/c3ccc(C#N)cc3)cn2)nc1,CC#N,403.0
93,CCc1ccc(/C=C/c2ccc(-c3nnc(-c4ccc(-c5cc6ccccc6s5)cc4)o3)cc2)cc1,CCCCCO,421.0
2858,CCCN1/C(=C\c2c(-c3ccc(N(C)C)cc3)c(=O)c2=O)C=Cc2ccccc21,Cc1ccccc1,435.0
8348,C1=Cc2ccccc2C(=Cc2ccc(-c3cc(-c4ccc(C=C5c6ccccc6C=Cc6ccccc65)cc4)cc(-c4ccc(C=C5c6ccccc6C=Cc6ccccc65)cc4)c3)cc2)c2ccccc21,C1CCOC1,405.0
8852,N#Cc1ccc(C#Cc2ccc3ccc4ccc(C#Cc5ccc(C#N)cc5)c5ccc2c3c45)cc1,CCCCCC,435.5
12149,CCc1ccc(-c2ccc(-c3nnc(-c4ccc(-c5nnc(-c6ccc(-c7ccc(CC)cc7)s6)o5)cc4)o3)s2)cc1,CCCCCCCCO,400.0
7887,O=C1c2cccn2[B-](F)(F)[n+]2ccccc21,CN(C)C=O,577.0
714,COC(=O)C(Cc1ccc2oc(-c3ccc(N(C)c4ccccc4)cc3)nc2c1)NC(=O)OC(C)(C)C,CCOCC,442.4974556
1076,c1ccc2[nH]c(-c3ccc(-c4ccc(-c5ccc(-c6nc7ccccc7[nH]6)cc5)cc4)cc3)nc2c1,CN(C)C=O,409.0
11982,CN(C)c1ccc(C#Cc2ccc3ccc4c(C#Cc5ccc(N(C)C)cc5)ccc5ccc2c3c54)cc1,CCOC(C)=O,523.5
3705,CCC1=C(C)C(=O)n2c1cc1c(CCC(=O)OC)c(C)c(C)n1c2=O,c1ccccc1,470.0
10680,O=C1c2ccccc2-c2c(-c3ccccc3)c(-c3ccccc3)c(-c3ccccc3)c3cccc1c23,CC#N,498.0
2015,CCOC(=O)/C=C/C1=[N+]2C(=C(c3c(C)cc(C)cc3C)c3ccc(/C=C/C(=O)OCC)n3[B-]2(F)F)C=C1,ClCCl,602.0
1885,COc1cc2c(cc1C=C(C#N)C#N)c1ccccc1n2C,ClCCl,481.0
9120,CC1=[N+]2C(=C(c3ccc(N4CCOCC4)cc3)c3ccc(C)n3[B-]2(F)F)C=C1,C1CCCCC1,520.0
9144,Oc1cccc(/N=C/c2ccccc2Oc2ccccc2)c1,CCCCCCCCO,410.0
5712,COc1cccc(/C=C/c2ccccc2)c1,CCCCOCCCC,358.0
6061,CC1(C)c2cc(C#N)ccc2-c2ccc(N3c4ccccc4Oc4ccccc43)cc21,CC#N,620.0
3946,CCN(CC)c1ccc2c(c1)C(C)(C)C(=O)C=C2,O,552.0
1488,CN(C)c1ccc(/C=C/c2nc3ccccc3s2)cc1,CO,507.0
5304,COc1nc(Nc2ccc3ccc4cccc5ccc2c3c45)nc(OC)n1,CCCCOCCCC,388.0
3784,O=C(O)c1ccccc1Nc1cccc(C(F)(F)F)c1,CO,428.0
11301,Nc1ccccc1C(=O)O,C1COCCO1,395.0
3621,COC(=O)/C=C/C=C/c1ccc(N(C)C)cc1,ClCCl,435.0
9238,Nc1ccc2c3cccc4cccc(c5cccc1c52)c43,ClCCl,543.0
2759,CC1=N/C(=C\c2ccccc2N(C)C)C(=O)N1C,CO,522.0
9669,CN(C)c1ccc(C2=Nc3sc4cc(C(F)(F)F)ccc4[n+]3[B-](F)(F)O2)cc1,Cc1ccccc1,460.0
3206,CCOc1cc2c(cc1/C=C/C1=CC(=C(C#N)C#N)CC(C)(C)C1)c1ccccc1n2CC,Cc1ccccc1,578.0
1437,COc1ccc(C2=C/C(=C\c3ccccc3)C(=O)N2)cc1OC,C1COCCO1,542.0
1233,C=Cc1cc(OC)cc(OC)c1,C1CCCCC1,341.0
185,CNc1cccc2c1C(=O)c1ccccc1C2=O,C1CCC2CCCCC2C1,565.0
7476,c1ccc(-c2nc(-c3c[nH]c4ccccc34)n3ccccc23)cc1,ClCCl,506.0
2465,c1ccc2c(c1)c1ccccc1n2-c1ccc(-c2cc3ccc(-c4ccc5cc(-c6ccc(-n7c8ccccc8c8ccccc87)cc6)oc5c4)cc3o2)cc1,Cc1ccccc1,407.0
7762,C(=C/c1nc2ccccc2[nH]1)\c1ccc(/C=C/c2nc3ccccc3[nH]2)cc1,CC#N,427.0
5537,COc1ccc(/C=C/c2nc(/C=C/c3ccc(N(C)C)cc3)cc(/C=C/c3ccc(N(c4ccccc4)c4ccccc4)cc3)n2)cc1,CC(C)=O,571.0
8095,FC(F)(F)c1ccc(/C=C/c2ccc(-c3nnc(-c4ccc(-c5cc6ccccc6s5)cc4)o3)cc2)cc1,CC#N,388.0
1297,CCN(CC)c1ccc(OC)c(C=O)c1,CC#N,548.0
3111,[O-]c1ccccc1-c1[nH+]c2c3ccccc3c3ccccc3c2n1-c1ccccc1,Cc1ccccc1,478.0
6180,C/C=C/c1ccc(OC)c(OC)c1,CCCCCC,334.0
4560,CN(C)c1ccc(-c2cc(-c3ccc(C#N)cc3)nn2C)cc1,CC#N,595.0
449,C(=C/c1nc(/C=C/c2ccc(N(c3ccccc3)c3ccccc3)cc2)cc(/C=C/c2ccc(N(c3ccccc3)c3ccccc3)cc2)n1)\c1ccccc1,CC#N,591.0
4256,CC(=O)c1c2c(cc3ccc(N(C)C)cc13)CCC2,C1COCCO1,495.0
4092,COc1ccc(-c2nc(N)nc(C#N)c2C#N)cc1OC,C1COCCO1,428.0
7733,CCc1ccc(/C=N/c2cc(C(C)C)c(O)cc2C)cc1,CS(C)=O,431.0
3660,COC(=O)c1ccc(-c2nc3ccc(N(C)C)cc3s2)cc1,CS(C)=O,580.0
7268,N#Cc1c(N2CCCCC2)cc(-c2cccc3ccccc23)c2c1C(=O)c1ccccc1-2,C1CCOC1,460.0
381,Brc1ccc(-c2nc(-c3ccc(C#Cc4ccc(-n5c6ccccc6c6ccccc65)cc4)cc3)nc(-c3ccc(C#Cc4ccc(-n5c6ccccc6c6ccccc65)cc4)cc3)n2)cc1,ClCCl,498.0
4215,COc1ccc(C2=[N+]3C(=C(c4ccc(C#N)cc4)c4cc(Cl)c(-c5ccc(OC)cc5)n4[B-]3(F)F)C=C2Cl)cc1,Cc1ccccc1,650.0
1155,c1cc2c3c(cccc3c1)-c1c-2ccc2c1ccc1ccccc12,CCCCCCC,483.0
5584,CC(C)(C)c1ccc2c(c1)sc1[n+]2[B-](F)(F)n2c(c3cccc4c(Br)ccc2c43)=N1,Cc1ccccc1,524.0
5328,COc1ccc(C2=C3C(C)=CC(C)=[N+]3[B-](F)(F)n3c(/C=C/c4ccc(N(C)C)cc4)cc(C)c32)cc1,CCOC(C)=O,665.0
5367,O=C1Nc2ccccc2/C1=C/C(=O)c1ccc(O)cc1,CC(C)O,407.0
1728,C1=C(c2ccc(-c3cccs3)s2)CCC1,C1CCOC1,413.0
3014,CC(C)(C)c1cccc2c1oc1nc3oc4cc(-n5c6ccccc6c6ccccc65)ccc4c3cc12,ClC(Cl)Cl,397.0
8618,O=c1c2ccccc2nc2ccc(-c3ccc(N(c4ccccc4)c4ccccc4)cc3)cn12,ClCCl,521.0
2425,c1cc2ccc3ccc(-n4c5ccccc5c5ccccc54)c4ccc(c1)c2c34,CCO,398.0
2727,N#C/C(=C\c1ccc([N+](=O)[O-])cc1)c1nc2ccccc2s1,CO,520.0
1253,CN(C)c1ccc2cc(C3=[O+][B-](F)(F)OC(c4ccc(C#N)cc4)=C3)ccc2c1,ClC(Cl)Cl,623.0
4536,COc1ccc(-c2csc(/C(C#N)=C/c3ccccc3Cl)n2)cc1,CC#N,555.0
3458,COc1c(/C=N/Nc2ccc(C#N)cc2)ccc2ccccc12,CC#N,458.0
2503,CC(=O)O[B-]1(OC(C)=O)OC(/C=C/C=C/c2ccccc2)=CC(/C=C/C=C/c2ccccc2)=[O+]1,ClC(Cl)Cl,543.0
5149,CC1=N/C(=C\c2cc(C#N)cc(N(C)C)c2)C(=O)N1C,CC#N,595.0
5723,COc1ccc(-c2c3ccccc3c(-c3ccc(OC)cc3)c3cc4sc(C)cc4cc23)cc1,ClCCl,469.0
7018,CC1(C)C(/C=C/C2=C(Cl)/C(=C/C=C3/N(Cc4ccc(C(=O)O)cc4)c4ccccc4C3(C)C)CCC2)=[N+](Cc2ccc(C(=O)O)cc2)c2ccccc21,CO,814.0
8296,Cc1cc(-c2ccc(-n3c4ccccc4c4ccccc43)cc2)nc(-c2ccc(-n3c4ccccc4c4ccccc43)cc2)n1,Cc1ccccc1,398.0
5216,CCCCCCCCOc1ccc2c3cccc4c(OCCCCCCCC)ccc(c5cccc1c52)c43,ClC(Cl)Cl,471.0088929
5900,C/C(=C\c1ccc(Cl)cc1)c1nc2ccccc2s1,CO,400.0
5180,Cc1ccc(C)n1-c1ccc(C#N)cc1,CCOCC,479.0
1612,N#Cc1c(-c2cccs2)cc(-c2cccs2)[nH]c1=O,CC#N,460.0
5357,C(=C/c1ccc(N(c2ccc(/C=C/c3ccc(N(c4ccccc4)c4ccccc4)cc3)cc2)c2ccc(-c3nc4ccccc4nc3-c3ccc(N(c4ccc(/C=C/c5ccc(N(c6ccccc6)c6ccccc6)cc5)cc4)c4ccc(/C=C/c5ccc(N(c6ccccc6)c6ccccc6)cc5)cc4)cc3)cc2)cc1)\c1ccc(N(c2ccccc2)c2ccccc2)cc1,C1CCOC1,532.0
2191,O=C(O)CCCCCn1c2ccccc2c(=O)c2ccccc21,O,426.0
4049,CC(=O)OCCN1C(=O)c2cccc3c(Oc4ccc(C#N)cc4)ccc(c23)C1=O,ClC(Cl)Cl,410.0
11654,Cc1cccc2cc(C)c3c4ccccc4[nH]c3c12,ClCCl,364.0
11454,CC1(C)Nc2ccccc2-c2[nH]c3ccccc3c(=O)c21,O,552.0
9974,c1ccc2c[n+]3ccccc3cc2c1,O,404.0
7965,CCC1(CC)c2ccccc2-c2ccc(C#Cc3ccc4ccc5cccc6ccc3c4c56)cc21,ClCCl,412.0
9033,COc1cc(-c2cc(-c3ccc(C)cc3)nc3c(C#N)c(N4CCCC4)nc(N)c23)cc(OC)c1OC,ClCCl,515.0
7991,CC1=C2C=CC(C)=[N+]2[B-](F)(F)n2cccc21,ClCCl,506.0
9821,CCCCCCCCN1c2ccc(C#Cc3ccc(C(F)(F)F)cc3)cc2Sc2cc(C=O)ccc21,CC#N,534.0
530,O=C1c2ccccc2-c2c(-c3cccc(Cl)c3O)[nH]c(=O)n21,CO,492.0
7238,CC(C)(C)c1ccc(-c2nc3c4ccc(-c5cccc6ccccc56)cc4c4cc(-c5cccc6ccccc56)ccc4c3n2-c2ccc(C(C)(C)C)cc2)cc1,CN(C)C=O,394.0
5113,CCN(CC)c1ccc2c(C)cc(=O)oc2c1,CCOC(C)=O,416.0
10189,CC1=CC(C)=[N+]2C1=C(c1ccc(N3CCCCC3)cc1)c1c(C)cc(C)n1[B-]2(F)F,CC#N,511.0
11995,c1ccc(-c2ccc(-c3ccc4c(c3)CCO4)cc2)cc1,C1CCCCC1,377.0
3369,COc1ccc(C(=O)/C=C2\C(=O)Nc3ccccc32)cc1,ClCCl,411.0
6706,CC1(C)Nc2ccccc2-c2[nH]c3ccccc3c(=O)c21,CS(C)=O,510.0
8249,CCn1c2ccccc2c2cc(-c3cc(-c4ccc5c(c4)c4ccccc4n5CC)nc(S(C)(=O)=O)n3)ccc21,C1CCOC1,426.0
8544,CCN(CC)c1ccc2cc(/C(Cl)=C/C=C/C(=C(C#N)C#N)c3ccc4c(c3)c3ccccc3n4CC)c(=O)oc2c1,ClCCl,664.0
6181,Cc1cc(O)c(-c2[nH]c(=O)n3c2-c2ccccc2C3=O)cc1Cl,CC#N,479.0
5610,CN(C)c1ccc(/C=C2\CC/C(=C\c3ccc(C#N)cc3)C2=O)cc1,ClCCl,643.0
3991,CCCCCCCCC1(CCCCCCCC)c2cc(-c3ccc(C=C4C(=O)c5ccccc5C4=O)cc3)ccc2-c2ccc(-c3ccc(C=C4C(=O)c5ccccc5C4=O)cc3)cc21,CC(C)=O,568.0
11128,N#C/C(=C\c1ccncc1)c1nc(-c2ccccc2)cs1,Cc1ccccc1,463.0
4962,C(=C/c1ccc(-c2nnc(-c3ccc(/C=C/c4ccc(-c5nc(-c6ccccc6)c(-c6ccccc6)[nH]5)cc4)cc3)o2)cc1)\c1ccc(-c2nc(-c3ccccc3)c(-c3ccccc3)[nH]2)cc1,Cc1ccccc1,445.0
12160,CN(C)c1ccc(C(=O)Nc2ccc([N+](=O)[O-])cc2)cc1,C1CCOC1,400.0
144,CN(C)c1ccc(/C=C/C=C/c2nc3ccccc3s2)cc1,ClCCl,533.0
3366,CCN(CC)c1ccc(/C=C/C(=O)c2c(O)cc(C)oc2=O)cc1,CC#N,562.0
4902,CN(C)c1ccc(/C=C/c2cc[n+](CCC[n+]3ccc(/C=C/c4ccc(N(C)C)cc4)cc3)cc2)cc1,CC(C)O,594.000594
8675,COc1ccc(/C=C/C2=CC(/C=C/c3ccc(OC)cc3)=[O+][B-](OC(C)=O)(OC(C)=O)O2)cc1,ClC(Cl)Cl,529.0
7628,COc1c2ccccc2c(-c2ccccc2)c2ccccc12,OCCO,426.0
2755,COc1coc2cc(-c3ccc(N(C)C)cc3)ccc2c1=O,Cc1ccccc1,432.0
2492,CN(C)c1ccc2c(c1)C(=O)NC2=O,CC(C)=O,483.0
5049,O=C1c2ccccc2C(=O)c2cc(-c3ccc(N(c4ccccc4)c4ccccc4)cc3)ccc21,Cc1ccccc1,615.0
7188,Cc1cc2ccc(-c3cccc4cccc(-c5ccc6cc(C)c(=O)oc6c5)c34)cc2oc1=O,CCOC(C)=O,403.0
4618,CCN(CC)c1ccc(C2=C3C(C)=CC(/C=C/c4ccc(OCCCN=[N+]=[N-])cc4)=[N+]3[B-](F)(F)n3c(C)cc(C)c32)cc1,CO,587.0
8741,COC(=O)c1ccc(C2=C3C=CC(C)=[N+]3[B-](F)(F)n3c(C)ccc32)cc1,ClC(Cl)Cl,538.0
10436,Cc1nnc(-c2cc(-n3c4ccccc4c4ccccc43)c(-n3c4ccccc4c4ccccc43)cc2-c2nnc(C)o2)o1,Cc1ccccc1,453.0
5477,COc1cc2cc(-c3cc4cc(OC)c(OC)cc4oc3=O)oc2cc1OC,Cc1ccccc1,475.0
9855,O=Cc1c(O)c(-c2nc3ccccc3s2)cc2ccccc12,CCOC(C)=O,501.0
2889,CCCCN(CCCC)c1ccc(/C=C/c2ccc3c(c2)CCc2cc(/C=C/c4ccc(N(CCCC)CCCC)cc4)ccc2-3)cc1,CS(C)=O,536.5
6158,Oc1ccc(/N=C/c2ccccc2Oc2ccccc2)cc1,CC(C)=O,423.0
4341,OC1(c2ccc(-c3cccs3)s2)CCCCC1,CCCCCC,465.0
788,Clc1ccc(-c2nc(-c3ccccc3)c(N(c3ccccc3)c3ccccc3)s2)cc1,ClC(Cl)Cl,474.0
9420,COC(=O)C[C@H](NC(=O)[C@H](Cc1c[nH]c2ccccc12)NC(=O)OC(C)(C)C)C(=O)OC,CCOC(C)=O,327.0
3068,Cc1cc(C2(c3cc(C)c(O)c(Br)c3)OS(=O)(=O)c3ccccc32)cc(Br)c1O,CC(C)(C)O,473.0
2676,COc1cc2c3cc(OC)c(OC)cc3c3cc4c(C)cc(=O)oc4cc3c2cc1OC,CS(C)=O,519.0
6533,CCCCCCOc1ccc2oc3c(c2c1)=CC1=C(c2ccccc2C)c2cc4c5cc(OCCCCCC)ccc5oc4n2[B-](F)(F)[N+]=31,CO,603.0
4754,CCCCCCCCN1c2ccc(C#Cc3ccc(OC)cc3)cc2Sc2cc(C=O)ccc21,Cc1ccccc1,510.0
2030,N#CC(C#N)=Cc1cn(-c2ccccc2)nc1-c1ccccc1,CN(C)C=O,438.0
5006,CCn1c2ccccc2c2cc(/C=C/c3cc(/C=C/c4ccc5c(c4)c4ccccc4n5CC)ncn3)ccc21,CCOC(C)=O,460.0
9309,CSc1nc(-c2ccc(-n3c4ccccc4c4ccccc43)cc2)cc(-c2ccc(-n3c4ccccc4c4ccccc43)cc2)n1,CN(C)C=O,497.0
5896,CCCC1=Cc2nc1ccc1[nH]c(cc1CCO)c1nc(ccc3[nH]c2cc3CCC)C(CCO)=C1,Cc1ccccc1,642.0
3684,O=S(=O)(c1ccc(N2c3ccccc3[Si](c3ccccc3)(c3ccccc3)c3ccccc32)cc1)c1ccc(N2c3ccccc3[Si](c3ccccc3)(c3ccccc3)c3ccccc32)cc1,c1cc(-n2c3ccccc3c3ccccc32)cc(-n2c3ccccc3c3ccccc32)c1,413.0
10833,CC(=O)O[B-]1(OC(C)=O)OC(/C=C/c2ccc(C)cc2)=CC(/C=C/c2ccc(C)cc2)=[O+]1,ClCCl,492.0
431,CN(C)c1ccc(-c2nc(-c3ccc(-n4c5ccccc5c5ccccc54)cc3)cc(-c3ccc(-n4c5ccccc5c5ccccc54)cc3)n2)cc1,CN(C)C=O,487.0
7735,c1ccc2c(c1)Sc1ccccc1N2c1ccc2c(ccc3nc4ccc5cc(N6c7ccccc7Sc7ccccc76)ccc5c4nc32)c1,C1CCCCC1,543.0
1780,CC1=C(c2cccs2)C(C)=[N+]2C1=C(c1ccc(O)cc1)c1c(C)c(-c3cccs3)c(C)n1[B-]2(F)F,CO,602.0
8909,COC(=O)c1c2ccccc2nc2ccccc12,CCO,432.0
2974,N#Cc1cc(-c2ccc(F)cc2)cnc1O,CC1CCCCC1,425.0
5740,COc1ccccc1CC(=O)OCc1c(C)c(=O)n2c(=O)c(C)c(C)n12,CCO,461.0
349,CCN(CC)c1ccc2cc(/C=C/C(=C(C#N)C#N)c3ccc4c(c3)c3ccccc3n4CC)c(=O)oc2c1,CC(C)=O,614.0
9736,C(#Cc1ccc(-n2c3ccccc3c3ccccc32)cc1)c1ccccc1,CC#N,443.0
2909,COCCOCCOCCOCCOc1cc(C=O)c(OCCOCCOCCOCCOC)cc1C=O,CC(C)CO,480.0
9899,Cc1nc2c(ccc3c2sc(/C=C/c2cc4c5c(c2)CCCN5CCC4)[n+]3C)s1,ClC(Cl)Cl,623.0
42,CN(C)c1ccc(/C=C2\CC/C(=C\c3ccc(C#N)cc3)C2=O)cc1,CC#N,721.0
10977,COc1ccc(N(c2ccc(OC)cc2)c2ccc3c4cccc5c(N(c6ccc(OC)cc6)c6ccc(OC)cc6)ccc(c6cccc2c63)c54)cc1,C1CCCCC1,551.0
981,COc1cc(C=C(C#Cc2ccccc2)C#Cc2ccccc2)c(OC)cc1C=C(C#Cc1ccccc1)C#Cc1ccccc1,ClC(Cl)Cl,522.0
2312,CC1=[N+]2C(=C(c3ccc(-c4c5ccccc5c(-c5ccccc5)c5ccccc45)cc3)c3ccc(C)n3[B-]2(F)F)C=C1,CCCCCC,526.0
3842,CCCCc1cc2c3c(c1)-c1ccccc1B(c1c(C)cc(C)cc1C)N3B(c1c(C)cc(C)cc1C)c1ccccc1-2,ClCCl,413.0
7118,O=C1CCCC2=C1CC1=C(CCCC1=O)N2NC(=O)c1ccc(O)cc1,CO,449.0
5635,F[B-]1(F)OC(c2ccccc2)=Nc2sc(-c3ccccc3)n[n+]21,Cc1ccccc1,410.0
3079,CN(C)c1ccc(C#Cc2ccc3ccc4ccc(C#Cc5ccc(N(C)C)cc5)c5ccc2c3c45)cc1,CCOC(C)=O,529.9
5826,O=Cc1ccc(C2=C3C=c4c(oc5ccccc45)=[N+]3[B-](F)(F)n3c2cc2c4ccccc4oc23)cc1,C1CCOC1,615.0
4871,CCOC(=O)c1ccccc1-c1c2ccc(=[N+](CC)CC)cc-2oc2c1c(=O)oc1c3c4c(cc12)CCCN4CCC3,ClC(Cl)Cl,669.0
9040,COc1ccc(C(=O)NN2C3=C(CC4=C2CCCC4=O)C(=O)CCC3)cc1,CC#N,434.0
5183,Cc1ccc(C2=C3C=CC(c4ccccc4)=[N+]3[B-](F)(F)n3c(Cl)ccc32)cc1,Cc1ccccc1,558.0
6880,CN(C)c1ccc(C2=Cc3ccc4ccccc4[n+]3[B-](F)(F)O2)cc1,CC#N,573.0
10102,O=Cc1ccc(-c2cccc(-c3nc4ccccc4s3)c2O)s1,CCO,576.0
7709,CN(C)CCN(Cc1c2ccccc2cc2ccccc12)c1ccc([N+](=O)[O-])cc1[N+](=O)[O-],CS(C)=O,398.0
916,CN(C)c1ccc(C2=[N+]3C(=Nc4c(-c5ccc(OCCCCS(=O)(=O)[O-])cc5)cc(-c5ccc(N(C)C)cc5)n4[B-]3(F)F)C(c3ccc(OCCCCS(=O)(=O)[O-])cc3)=C2)cc1,CS(C)=O,826.0
5318,CN(C)CCN(Cc1c2ccccc2cc2ccccc12)c1ccc([N+](=O)[O-])cc1,CO,389.0
6717,C[Si](C)(C)O[Si]1(O[Si](C)(C)C)n2c3c4ccccc4c2/N=C2\N=C(/N=c4/c5ccccc5/c(n41)=N/C1=N/C(=N\3)c3ccccc31)c1ccccc12,CN(C)C=O,677.0
7223,C(=C/c1ccc(-c2nc3c4cccnc4c4ncccc4c3[nH]2)cc1)\c1ccncc1,C1CCOC1,449.0
11424,CCOC(=O)/C=C/c1ccc(N(C)C)cc1,CCCCO,443.0
1616,Cn1cc(/C=C/C(=O)c2ccccc2)c2ccccc21,CO,446.1884595
2846,N#Cc1nc2c(OCc3ccccc3)nc(N)nc2n1Cc1ccccc1,CO,382.0
6266,COc1ccc(C(=O)[O-])c(O)c1,O,394.0
11409,CN(C)c1ccc(/C=C/C=C2\CCCC2=O)cc1,CCCCO,590.0
6964,Oc1ccc(Nc2ccc3ccccc3n2)cc1,Cc1ccccc1,446.54
11951,COC(=O)c1cc(=O)n(C)c2cc(-c3ccccc3OC)sc12,ClCCl,469.0
1833,Nc1ccc2c3c(cccc13)C(=O)c1ccccc1-2,CCOC(C)=O,592.0663114
10631,N#Cc1nnn(-c2ccnc3cc(Cl)ccc23)c1N,ClC(Cl)Cl,398.0099502
4608,CCCCn1c(-c2ccc(-c3ccc(-c4ccc(-c5n(CCCC)c6ccccc6[n+]5CCCC)cc4)cc3)cc2)[n+](CCCC)c2ccccc21,O,397.0
8858,COc1ccc2cc3cccc[n+]3cc2c1,O,455.0
3379,COC(=O)c1ccc(NC(=O)c2ccc(N(C)C)cc2)cc1,C1CCOC1,470.0
8385,COc1ccc(C2=CC(c3ccc4cc(N(C)C)ccc4c3)=[O+][B-](F)(F)O2)cc1,ClC(Cl)Cl,596.0
8834,N#C/C(=C\c1cn(-c2ccccc2)nc1-c1ccccc1)c1nc2ccccc2s1,C1COCCO1,433.0
782,COc1ccc(C(=O)/C=C2\C(=O)Nc3ccccc32)cc1,CN(C)C=O,375.0
591,CCn1c2ccccc2c2cc(/C=C/c3cc(/C=C/c4ccc5c(c4)c4ccccc4n5CC)[n+](CCCS(=O)(=O)[O-])c(/C=C/c4ccc5c(c4)c4ccccc4n5CC)c3)ccc21,CC#N,611.0
1156,F[B-]1(F)n2c(c3cccc4cccc2c43)=Nc2cccc(Cl)[n+]21,ClCCl,526.0
1536,CC1=C(c2cccs2)C2=Cc3c(-c4cccs4)c(C)c(C)n3[B-](F)(F)[N+]2=C1C,CC#N,571.0
6883,O=C1OC(c2ccccc2)=N/C1=C\c1ccc(N(c2ccc(/C=C3\N=C(c4ccccc4)OC3=O)cc2)c2ccc(/C=C3/N=C(c4ccccc4)OC3=O)cc2)cc1,Cc1ccccc1,541.6
7741,c1cc2sc3ccsc3c2s1,ClCCl,335.0
10608,CSc1cc(-c2cc3cc4c5c(c3oc2=O)CCCN5CCC4)oc(=O)c1C#N,CS(C)=O,616.0
7688,CCCCc1c2ccccc2c(-c2ccc(-c3nc4cc(CC(NC(=O)OC(C)(C)C)C(=O)OC)ccc4o3)cc2)c2ccccc12,NC=O,491.4995159
6648,O=S1(=O)C2=C(c3ccc(-c4ccc(N(c5ccccc5)c5ccccc5)cc4)cc31)C1(C3=C(c4ccccc41)S(=O)(=O)c1cc(-c4ccc(N(c5ccccc5)c5ccccc5)cc4)ccc13)c1ccccc12,Cc1ccccc1,543.0
3090,N#CSC1=CC2=C(c3ccccc3)c3ccc(SC#N)n3[B-](F)(F)[N+]2=C1N1CCOCC1,CCOC(C)=O,589.0
2401,c1cc2ccc1-c1ccc(cc1)-c1sc(c3c1OCCO3)-c1ccc(cc1)-c1ccc(cc1)-c1sc(c3c1OCCO3)-c1ccc(cc1)-c1ccc(cc1)-c1sc-2c2c1OCCO2,C1CCOC1,555.0
9999,N#Cc1ccc(-c2ccc(C3=CCC(c4ccccc4)CC3)s2)s1,OCCOCCO,452.0
5489,CN(C)c1ccc(/C=C/C=N/N=C/c2ccc3ccc4cccc5ccc2c3c45)cc1,ClCCl,478.0
11868,COc1ccc2cc3c(C)cc(=O)oc3cc2c1,ClC(Cl)Cl,443.0
5032,CCOC(=O)CN1C(=O)C2=C(c3ccc(C#N)cc3)N(CC(=O)OCC)C(=O)C2=C1c1ccc(C#N)cc1,CC#N,549.0
2152,Cc1ccc(-c2nnc(-c3ccc4ccc5cccc6ccc3c4c56)o2)cc1,Cc1ccccc1,425.0
8511,C(=C/c1ccncn1)\c1ccc(N2CCCCC2)cc1,CC#N,514.0
4394,c1ccc2c(c1)-c1ccccc1C21c2cc(-c3ccc(-n4c5ccccc5c5ccccc54)cc3)ccc2Sc2ccc(-c3ccc(-n4c5ccccc5c5ccccc54)cc3)cc21,ClCCl,386.0
5990,COc1cc2cc(OC)c(-c3ccc([N+](=O)[O-])cc3)cc2cc1-c1ccc([N+](=O)[O-])cc1,ClC(Cl)Cl,544.0
9606,O=C(/C=C/c1cn(-c2ccccc2)nc1-c1ccccc1)c1c(O)c2ccccc2oc1=O,C1COCCO1,482.0
8997,c1ccc2c(c1)c1ccccc1n2-c1ccc2c(c1)c1ccccc1n2-c1ccc(-n2c3ccccc3c3cc(-n4c5ccccc5c5ccccc54)ccc32)cc1,C1CCOC1,372.0
2816,COc1cc(S(=O)(=O)[O-])c2ccc3c(S(=O)(=O)[O-])cc(S(=O)(=O)[O-])c4ccc1c2c43,OCC(F)(F)F,427.0037149
4764,CC1(C)C(/C=C/C2=C(Oc3ccc(CCN=C=S)cc3I)/C(=C/C=C3/N(CCCS(=O)(=O)[O-])c4ccccc4C3(C)C)CCC2)=[N+](CCCS(=O)(=O)[O-])c2ccccc21,CO,796.0
9666,C/C(=C\c1ccc(C)cc1)c1nc2ccccc2s1,C1CCCCC1,390.0
8904,CCOC(=O)C1=C(C)NC2=C(C(=O)c3ccccc32)C1c1ccc(N(C)C)cc1,C1COCCO1,490.0
4907,O=C1CCCc2c1[nH]c1cc3c(cc21)OCO3,C1CCOC1,403.8414184
6189,F[B-]1(F)N(c2ccccc2)c2cccc3ccc4ccc[n+]1c4c23,ClCCl,584.0
4509,F[B-]1(F)OC(c2ccccc2)=Cc2cc(Cl)nc[n+]21,ClC(Cl)Cl,429.0
11382,CCCCCCC1(CCCCCC)c2cc(-c3ccc(-c4ccc(-c5ccc(-c6ccc7c(c6)C(CCCCCC)(CCCCCC)c6cc(-n8c9ccccc9c9ccccc98)ccc6-7)s5)c5nsnc45)s3)ccc2-c2ccc(-n3c4ccccc4c4ccccc43)cc21,ClCCl,611.0
4123,Nc1ccccc1C(=O)O,CO,406.0
3100,c1ccc(Nc2nc(Nc3ccccc3)nc(Nc3cc4ccc5cccc6ccc(c3)c4c56)n2)cc1,CO,399.0
8950,C(S/C=C/c1ccc(/C=C/SC=C2CCCCCCC2)cc1)=C1CCCCCCC1,ClCCl,424.0
9593,COC(=O)c1cc(=O)n(C)c2cc(-c3ccc(N4CCN(C)CC4)cc3)sc12,ClCCl,550.0
8986,CC(C)(C)c1ccc2c(c1)c1cc(C(C)(C)C)ccc1n2-c1ccccc1-c1nc(-c2ccccc2P(=O)(c2ccccc2)c2ccccc2)nc(-c2ccccc2P(=O)(c2ccccc2)c2ccccc2)n1,C1CCOC1,515.1033386
8469,CN(C)c1ccc2c(c1)Cc1ccccc1-2,CCO,370.0
9073,O=[N+]([O-])c1ccc(F)cc1C1CC(c2cccc3ccccc23)=NN1c1ccccc1,O,473.0
1731,N#CC(C#N)=C(/C=C/c1ccc(N(c2ccccc2)c2ccccc2)cc1)c1ccccc1,Cc1ccccc1,574.0
7402,CCC1(CC)c2cc(-c3ccc(C(C)(C)C)cc3)ccc2-c2ccc(-c3ccc4c(c3)C(CC)(CC)c3cc(-c5ccc6c(c5)C(CC)(CC)c5cc(-c7ccc(C(C)(C)C)cc7)ccc5-6)ccc3-4)cc21,CO,402.2964509
11669,N#Cc1cccc(-c2nc(-c3ccccc3)c(-c3ccccc3)[nH]2)c1,CO,440.0
11214,C1=Cc2nc1c(-c1ccccc1)c1ccc([nH]1)c(-c1ccccc1)c1nc(c(-c3ccccc3)c3ccc([nH]3)c2-c2ccccc2)C=C1,CC(=O)N(C)C,650.0
11795,CCCCCCN(CCCCCC)c1ccc(C#Cc2ccc(C#N)cc2)cc1,ClCCl,484.0
1870,CCc1ccc(-c2ccc(-c3nnc(-c4ccc(-c5nnc(-c6ccc(-c7ccc(CC)cc7)s6)o5)cc4)o3)s2)cc1,CC(=O)N(C)C,420.0
2804,[O-][n+]1c(/C=C/c2cccs2)nc(N2CCOCC2)c2c1CCCC2,ClCCl,534.0
12218,NS(=O)(=O)c1ccc(N2N=C(c3ccc(O)cc3)CC2c2ccc(Br)cc2)cc1,CO,432.0
2211,COc1ccc(-c2[nH]c(=O)n3c2-c2ccccc2C3=O)c(OC)c1,CC#N,492.0
10328,Cc1cc(C)c(B2c3cc(C(C)(C)C)ccc3-c3cc4ccccc4c4cc(C(C)(C)C)cc2c34)c(C)c1,C1CCCCC1,420.0
11590,C(=C/c1nc(/C=C/c2ccc(-n3c4ccccc4c4ccccc43)cc2)nc(/C=C/c2ccc(-n3c4ccccc4c4ccccc43)cc2)n1)\c1ccc(-n2c3ccccc3c3ccccc32)cc1,CC#N,574.0
168,c1ccc2c(c1)Oc1ccccc1N2c1ccc2c(c1)c1ccccc1n1ccnc21,O=P(c1ccccc1)(c1ccccc1)c1ccccc1Oc1ccccc1P(=O)(c1ccccc1)c1ccccc1,500.0
11762,N#Cc1ccc(C#Cc2ccc3ccc4ccc(C#Cc5ccc(C#N)cc5)c5ccc2c3c45)cc1,CCO,445.5
11711,c1ccc(-c2c3c(cc4c2-c2ccccc2C4)-c2ccccc2C3)cc1,C1CCCCC1,364.0
10157,CCCCCCCCCCCCOc1cc2cc(N(C)C)ccc2cc1C#N,C1CCOC1,417.0
10113,FC(F)(F)c1ccc(C#Cc2ncc(-c3ccccc3)o2)cc1,ClCCl,390.0
9224,O=C1c2ccccc2NC(c2ccccc2)N1Cc1ccccc1,CCCCCCCCCCCCCCCC,383.0
5360,O=P(c1ccccc1)(c1ccccc1)n1c2ccccc2c2ccccc21,ClCCl,355.0
2107,c1ccc(-c2nc(-c3ccc(-c4ccc(N(c5ccccc5)c5ccccc5)cc4)cn3)oc2-c2ccccc2)cc1,CCOC(C)=O,456.0
5371,Cc1ccc(-c2cc(-c3ccccc3Cl)c3c(N)nc(N4CCCC4)c(C#N)c3n2)cc1,ClCCl,514.0
9282,COC(=O)C(Cc1ccc2oc(-c3ccc(Nc4ccccc4)cc3)nc2c1)NC(=O)OC(C)(C)C,CC(C)CC(C)(C)C,383.9950849
3753,CCCCC(CC)Cn1c2cc(C#N)ccc2c2cc(-c3ccc(N(c4ccccc4)c4ccccc4)cc3)c(C#N)cc21,C1CCCCC1,444.0
3529,COc1ccc(-c2ccc(-c3cc(-c4ccccn4)nc(-c4ccccn4)c3)cc2)cc1,ClCCl,403.0
7047,CCCCc1c2ccccc2c(-c2ccc(-c3nc4cc(CC(NC(=O)OC(C)(C)C)C(=O)OC)ccc4o3)cc2)c2ccccc12,CC1CCCCC1,420.5002271
567,C(/C=C/c1ccc(-n2c3ccccc3c3ccccc32)cc1)=C\c1ccncc1,CO,496.0
6888,Cc1ccc(O)c(C(=O)[O-])c1,CO,444.0
11812,Cc1c2oc3c(C)c(N)cc(C(=O)NC4OC(=O)C(C(C)C)N(C)C(=O)CN(C)C(=O)C5CCCN5C(=O)C(C(C)C)NC4=O)c3nc-2c(C(=O)NC2OC(=O)C(C(C)C)N(C)C(=O)CN(C)C(=O)C3CCCN3C(=O)C(C(C)C)NC2=O)c(N)c1=O,ClC(Cl)Cl,620.1127365
2367,[O-][n+]1c(-c2ccccc2)cc(N2CCOCC2)nc1/C=C/c1ccccc1,ClCCl,548.0
6865,Cc1ccc(C2=C3C=CC(Sc4ccccc4)=[N+]3[B-](F)(F)n3c(Sc4ccccc4)ccc32)cc1,C1CCOC1,599.0
10570,CN(C)c1ccc(-c2ccc3n2[B-](F)(F)[N+]2=C(c4ccccc4)C=CC2=C3C(F)(F)F)cc1,CCCCOCCCC,728.0
11846,CCCCCCN1C(=O)c2cccc3c(-c4ccc(-c5cc(-c6ccc(C)cc6)n(-c6ccccc6)n5)s4)ccc(c23)C1=O,ClCCl,521.0
6608,CN(C)c1ccc(/C=C2\CC/C(=C\c3ccc(C#N)cc3)C2=O)cc1,CO,693.0
440,CCN(CC)c1ccc2ccc(=O)oc2c1,ClC(Cl)Cl,435.0
2018,c1ccc(-c2nc(-c3ccccc3)nc(-c3ccc(N4c5ccccc5C5(c6ccccc64)c4ccccc4N(c4ccc(-c6nc(-c7ccccc7)nc(-c7ccccc7)n6)cc4)c4ccccc45)cc3)n2)cc1,O=P(c1ccccc1)(c1ccccc1)c1ccccc1Oc1ccccc1P(=O)(c1ccccc1)c1ccccc1,499.2788462
10329,CCCCCCCCN1c2ccc(C#Cc3ccc(F)cc3)cc2Sc2cc(C=O)ccc21,CS(C)=O,542.0
10070,F[B-]1(F)n2cccc2C(c2c3ccccc3cc3ccccc23)=C2C=CC=[N+]21,Cc1ccccc1,525.0
8233,Cc1ccc(C)n1-c1ccc(C#N)cc1,ClCCl,517.0
6414,N#C[Se]CCCCCOc1ccc2ccc(=O)oc2c1,CN(C)C=O,396.0
11319,CCN(CC)c1ccc2cc(/C=C/C(=O)c3cc4ccc(N(CC)CC)cc4oc3=O)c(=O)oc2c1,ClCCl,562.0
4540,O=Cc1ccc(-c2ccc(-c3nc4ccccc4s3)c(O)c2)o1,O,563.0
12049,N#Cc1c(-c2cccs2)cc(-c2ccc3c(c2)Cc2ccccc2-3)[nH]c1=O,CC#N,486.0
7905,O=C(c1ccccc1)c1cc2ccc1CCc1ccc(cc1-c1ccc(N(c3ccccc3)c3ccccc3)cc1)CC2,Cc1ccccc1,492.0
1224,CCC1=C(C)C2=C(C)c3c(C)c(CC)c(C)n3[B-](F)(F)[N+]2=C1C,CN1CCCC1=O,533.2
5928,C[Si](C)(C)c1ccc([Si](C)(C)C)c2ccccc12,C1CCCCC1,333.0
2592,COC(=O)C(Cc1ccc2oc(-c3ccc(N(C)C)cc3)nc2c1)NC(=O)OC(C)(C)C,CO,403.5024008
2753,Fc1c(F)c(F)c2c(c1F)C1=Nc3c4c(F)c(F)c(F)c(F)c4c4n3[B-]3(Cl)n5c(c6c(F)c(F)c(F)c(F)c6c5=N4)=NC2=[N+]13,CC(=O)N(C)C,582.0
6210,CN(C)c1ccc(C(=O)c2ccccc2)cc1,CS(C)=O,609.0
4894,CCOC(=O)/C(C#N)=C(\C=C\c1ccc(N(c2ccccc2)c2ccc(/C=C/C(=C(/C#N)C(=O)OCC)c3ccccc3)cc2)cc1)c1ccccc1,CN(C)C=O,640.0
4601,CN(CC(O)c1cccc(O)c1)c1ccc([N+](=O)[O-])c(C2CC(c3cccc4ccccc34)=NN2c2ccccc2)c1,CC#N,526.0
2691,c1ccc(N2c3ccc4ccccc4c3-c3c4ccccc4nc[n+]3[B-]2(c2ccccc2)c2ccccc2)cc1,Cc1ccccc1,654.0
36,CN(C)c1ccc(/C=C/C=C/c2nc3ccccc3s2)cc1,CC(C)=O,557.0
4525,Cc1ccc(N(c2ccc(C)cc2)c2ccc(-c3ccc4c(c3)C(=O)c3ccccc3C4=O)cc2)cc1,CCCCCC,542.0
9487,COc1ccc2n1[B-](F)(F)[N+]1=C(c3ccccc3)C=CC1=C2c1ccc(C)cc1,ClC(Cl)Cl,557.0
7348,COc1ccc(-c2nc(-c3ccc(OC)cc3)n3ccccc23)cc1,ClC(Cl)Cl,479.0
2249,O=c1oc2ccc(Cl)cc2cc1-c1cc2cc(Cl)ccc2o1,Cc1ccccc1,433.0
7060,Cn1c(=O)c(/N=N/c2ccc(S(=O)(=O)O)c3ccccc23)c(O)c2ccccc21,CC(C)=O,564.0
3938,CN(C)CCNCc1c2ccccc2cc2ccccc12,C1CCOC1,413.0
10474,CC[N+]1(CC)CN2C(C)=CC(C)=C(C(=O)[O-])C2=N1,O,449.0
3181,C=Cc1ccc(OC)cc1,CC#N,323.0
6931,F[B-]1(F)n2c(-c3ccccc3)cnc2-c2cccc[n+]21,C1COCCO1,509.0
9867,CN(C)c1ccc(/C=C/c2ccc([N+](=O)[O-])c(O)c2)cc1,CCCCCCC,523.0
9926,CCC1=C(C)C2=C(c3c(C)cc(C)nc3-c3cccs3)c3c(C)c(CC)c(C)n3[B-](F)(F)[N+]2=C1C,CCO,550.0
8147,CN(C)c1ccc2nc(/C=C/c3ccccc3)c(=O)oc2c1,Cc1ccccc1,523.0
7977,O=Cc1ccc(-c2ccc(O)c(-c3nc4ccccc4s3)c2)o1,O,564.0
5011,C[Si](C)(C)C#CC(C#C[Si](C)(C)C)=Cc1ccc(C=C(C#C[Si](C)(C)C)C#C[Si](C)(C)C)cc1,ClC(Cl)Cl,426.0
3984,COc1ccc(-n2c3ccccc3c3c(C)cc4ccccc4c32)cc1,ClCCl,367.0
12216,CC(C)(C)c1ccc2c(c1)c1cc(C(C)(C)C)ccc1n2-c1ccc(-c2ccc3c(c2)C2(c4cc(-c5ccc(-n6c7ccc(C(C)(C)C)cc7c7cc(C(C)(C)C)ccc76)cc5)ccc4-3)c3ccccc3S(=O)(=O)c3ccccc32)cc1,ClCCl,449.0
9957,c1ccc2cc(-n3c4ccccc4c4ccccc43)ccc2c1,CCO,379.0
1360,CC1(C)CCc2c(c3ccccc3c3nc4ccccc4nc23)O1,ClC(Cl)Cl,490.9180167
11209,CCCCCCCCCCCCCCCCOc1cc(C#Cc2ccc3ccccc3c2)c(OCCCCCCCCCCCCCCCC)cc1C#Cc1ccc(C=C(C#N)C#N)cc1,Cc1ccccc1,530.0
8710,O=C(O)CC[N+]1=c2cc3c(cc2CCC1)=Cc1c(c2cc4c5c(c2oc1=O)CCCN5CCC4)O3,O,684.0
486,CC1(C)c2ccccc2N(c2ccc3c(c2)Oc2ccccc2S3(=O)=O)c2ccccc21,O=P(c1ccccc1)(c1ccccc1)c1ccccc1Oc1ccccc1P(=O)(c1ccccc1)c1ccccc1,458.0
4526,C=CCNc1ccc2ccc3oc4cc(=[N+]5CCCC5)ccc-4nc3c2c1,CCO,632.0
5639,Cc1nc(-c2cc(F)ccc2O)n2c1CCCC2,ClCCl,464.0
3421,CN(C)c1ccc(/C=C/c2ccc(-c3nnc(-c4ccc(-c5cc6ccccc6s5)cc4)o3)cc2)cc1,CN(C)C=O,401.0
6818,C1=CSC(=C2SC=C(/C=C/C=C/C=C/C3=CSC(=C4SC=CS4)S3)S2)S1,CC1CCCCC1,638.0
5453,Cc1ccc(C2=C3C=CC(c4ccccc4)=[N+]3[B-](F)(F)n3c2ccc3-c2ccccc2)cc1,C1CCOC1,586.0
3703,c1cc2ccc3cc4[nH]c(-c5cc6c(cc7ccc8cccc9ccc6c7c89)[nH]5)cc4c4ccc(c1)c2c34,C1CCOC1,482.0
637,COc1ccc2cc(/C=C/c3nc(/C=C/c4ccc(N(C)C)cc4)cc(/C=C/c4ccc(N(C)C)cc4)n3)ccc2c1,CCCCCCC,449.0
4832,O=C1c2ccccc2-c2c(-c3ccccc3O)[nH]c(=O)n21,CO,498.0
9429,c1ccc(-n2c(-c3ccc(-c4ccc(-c5ccc(-c6nc7c8ccccc8c8ccccc8c7n6-c6ccccc6)cc5)cc4)cc3)nc3ccccc32)cc1,Cc1ccccc1,413.0
3613,c1ccc(-n2c3ccccc3c3cc(-c4cccc(-n5c6cccnc6c6c7sc8ccccc8c7ccc65)c4)ccc32)cc1,ClCCl,384.0
8062,COc1cccc2oc(-c3cc4c(OC)cccc4oc3=O)cc12,O,521.0
3646,C[n+]1ccc(/C=C/c2ccc([O-])cc2)cc1,CCCO,587.0
9320,CC(C)(C)c1ccc(-c2nc3c4ccc(-c5ccc6ccccc6c5)cc4c4cc(-c5ccc6ccccc6c5)ccc4c3n2-c2ccc(C(C)(C)C)cc2)cc1,CCOCC,393.0
9104,F[B-]1(F)OC(c2ccc3ccccc3c2)=CC(c2ccc3ccccc3c2)=[O+]1,ClC(Cl)(Cl)Cl,428.0
7012,O=CN1N=C(c2ccc(Br)cc2)C[C@@H]1c1ccccc1,CCOC(C)=O,350.0
12230,CCN(CC)c1ccc2cc(/C(Cl)=C/C=C/C(=C(C#N)C#N)c3ccc(N(c4ccccc4)c4ccccc4)cc3)c(=O)oc2c1,Cc1ccccc1,619.0
11909,CC1=[N+]2C(=C(c3ccc(N4CCOCC4)cc3)c3ccc(C)n3[B-]2(F)F)C=C1,CCCCCC,520.0
10625,Cc1ccc(C2=C3C=CC=[N+]3[B-](F)(F)n3cccc32)cc1,C1CCCCC1,516.0
5493,COc1ccc(N(c2ccc(OC)cc2)c2ccc(-c3ccc(C=C(C#N)C#N)o3)cc2)cc1,ClC(Cl)Cl,696.0
167,N#C/C(=C\c1ccncc1)c1nc(-c2ccc(Cl)cc2)cs1,CC#N,495.0
1915,CCCN1c2ccccc2Sc2cc(/C=C\c3cc(=O)oc4ccc(C)cc34)ccc21,ClC(Cl)Cl,637.0
9611,N#Cc1cc(-n2c3ccccc3c3cccnc32)c(-n2c3ccccc3c3cccnc32)cc1C#N,Cc1ccccc1,417.4418605
7019,CC1(C)c2ccccc2N(c2ccc3c(c2)C(C)(C)c2cc(N4c5ccccc5C(C)(C)c5ccccc54)ccc2S3(=O)=O)c2ccccc21,CC#N,526.3157895
8936,CC[N+]1=C(/C=C/c2cc3cccc4ccc5cccc2c5c43)C(C)(C)c2ccccc21,OCC(O)CO,660.0
7675,C1=[N+](c2ccccc2)[B-]2(Oc3c1ccc1c4c(ccc31)C=[N+](c1ccccc1)[B-]1(O4)c3ccccc3Oc3ccccc31)c1ccccc1Oc1ccccc12,ClCCl,599.0
11495,COc1ccc(C(=O)/C=C/c2ccc(N(C)C)cc2)cc1OC,CO,535.0
6576,C/C=C/C1=N/C(=C\c2ccc(O)cc2)C(=O)N1C,ClC(Cl)Cl,472.0
11924,CN(C)c1cc(C#N)c(N(C)C)c(C#N)c1,Cc1ccccc1,516.7958656
801,N#CC1=C(c2ccc(-c3cccs3)s2)CCC1,C1CCOC1,441.0
2138,COc1ccc(/N=N/c2c(O)c3ccccc3n(C)c2=O)c(S(=O)(=O)O)c1,CS(C)=O,548.0
7391,N#CC(C#N)=Cc1cn(-c2ccccc2)nc1-c1ccccc1,ClC(Cl)Cl,432.0
3351,c1ccc2sc(-c3ccc(-c4nnc(-c5ccc(-c6nnc(-c7ccc(-c8cc9ccccc9s8)s7)o6)cc5)o4)s3)cc2c1,CC(=O)N(C)C,406.0
742,C=C[Si]1(C)c2ccccc2-c2cc3c(cc21)-c1ccccc1[Si]3(C)C=C,ClCCl,389.0
6510,COC1=[N+]2C(=C(c3ccccc3)c3ccc(OC)n3[B-]2(F)F)C=C1,CC#N,628.0
7210,COc1ccc2c(c1)c1c(OC)c3ccccc3c(OC)c1n2C,CC#N,445.0
6822,Cc1cccc(C2=CC3=C(c4c(C)cc(C)cc4C)c4cc(-c5cccc(C)c5)c(-c5cccc(C)c5)n4[B-](F)(F)[N+]3=C2c2cccc(C)c2)c1,Cc1ccccc1,628.0
11019,COc1cc(/C=C/C2=[O+][B-](F)(F)OC(/C=C/c3ccc(OS(=O)(=O)c4ccc(C)cc4)c(OC)c3)=C2)ccc1O,ClCCl,562.0
10130,CC1=CC(C)=[N+]2C1=C(C)c1cccn1[B-]2(F)F,CO,497.0
3678,C(=C/c1ccc(N(c2ccccc2)c2ccccc2)cc1)\c1ccc(-c2cc(-c3ccccn3)nc(-c3ccccn3)c2)cc1,CC#N,560.0
11460,c1ccc(-c2cc(-c3ccc4ccc5c(-c6ccnc(-c7ccccn7)c6)ccc6ccc3c4c65)ccn2)nc1,CCO,429.99656
4367,CCC1=C(C)C(=O)n2c1cc1c(C)cc(C)n1c2=O,ClC(Cl)Cl,490.0
3963,N#Cc1nnn(-c2ccnc3cc(Cl)ccc23)c1N,C1CCCCC1,394.0110323
9321,CC1=[N+]2C(=C(c3ccc(Br)cc3)c3ccc(C)n3[B-]2(F)F)C=C1c1cc2n(c1)[B-](F)(F)[N+]1=CC=CC1=C2c1c(C)cc(C)cc1C,CCOC(C)=O,670.0
2847,F[Si-](F)(c1ccccc1)(c1ccccc1)c1cccc2ccccc12,C1CCOC1,338.0
9608,CCCCC1(c2ccccc2)Nc2c(-c3ccc(OC)cc3)ccc(-c3ccc(OC)cc3)c2N=C1c1ccccc1,CCCCCC,517.0
2478,N#Cc1ccc(C#N)c(N)c1,O,418.0
715,N#CC(C#N)=C(c1cccc(N(c2ccccc2)c2ccccc2)c1)c1cccc(N(c2ccccc2)c2ccccc2)c1,CN(C)C=O,518.4549356
2957,Cc1cc(O)c(C(C)C)cc1/N=C/c1ccc(C(F)(F)F)cc1,C1CCOC1,426.0
6433,CN(C)c1ccc(/C=C/c2ccc(-c3cc(-c4ccccn4)nc(-c4ccccn4)c3)cc2)cc1,ClCCl,542.0
5556,Cn1c(=O)cc(C(=O)c2ccccc2)c2sc(-c3ccc(N(c4ccccc4)c4ccccc4)cc3)cc21,CC#N,504.0
10003,C(=C/c1c2ccccc2cc2ccccc12)\c1ccc(Oc2ccc3ccccc3c2-c2c(Oc3ccc(/C=C/c4c5ccccc5cc5ccccc45)cc3)ccc3ccccc23)cc1,ClCCl,486.0
7481,CCCCCCN1C(=O)c2cccc3c(-c4ccc(-c5cc(-c6ccc(Cl)cc6)nn5-c5ccccc5)s4)ccc(c23)C1=O,ClCCl,519.0
3244,CCN(CC)c1ccc(OC)c(C=O)c1,Cc1ccccc1,509.0
10484,F[B-]1(F)n2c(c3cc4ccccc4cc3c2-c2ccccc2)C=C2c3cc4ccccc4cc3C(c3ccccc3)=[N+]21,CN(C)C=O,788.0
12184,Fc1nc(F)c(F)c(C#Cc2nccnc2C#Cc2c(F)c(F)nc(F)c2F)c1F,CC#N,440.0
2089,COc1ccc(/C=C/C2=N/C(=C\c3ccncc3)C(=O)N2C)cc1,O,577.0
9378,C=CCNc1ccc2c(ccc3oc4cc(=[N+](C)C)ccc-4nc32)c1,CCO,650.0
10371,COc1ccc(-c2nc(-c3ccc(C#N)cc3)[nH]c2-c2ccc(OC)cc2)cc1,CO,473.0
4963,Cc1c2ccccc2c(C2=C3C=CC=[N+]3[B-](F)(F)n3cccc32)c2ccccc12,Cc1ccccc1,533.0
4265,CCOC(=O)/N=c1/oc2cc(OC)cc(OC)c2cc1C#N,ClCCl,442.0
1834,CN(C)c1ccc(-c2cc(-c3cccs3)nc(-c3ccccc3)n2)cc1,ClC(Cl)Cl,473.0
7332,CC(C)(C)c1cc2c3cc(C(C)(C)C)c(-c4cc5cc6c7cccc8cccc(c9cc(C(C)(C)C)cc(c5cc4C(C)(C)C)c96)c87)cc3cc3c4cccc5cccc(c(c1)c23)c54,CC1CCCCC1,454.0
6452,CCN1c2ccc(/C=N/Nc3ccccn3)cc2Sc2cc(-c3cccc4ccccc34)ccc21,ClCCl,491.0
9693,CC1=C(C(C)(C)C)C(C)=[N+]2C1=C(C)c1c(C)c(C(C)(C)C)c(C)n1[B-]2(F)F,CCCCCC,567.8
8935,O=C(c1ccc(N(c2ccccc2)c2ccccc2)cc1)[C@H]1[C@H](c2ccccc2)C[C@](O)(c2ccccn2)C[C@]1(O)c1ccccn1,c1ccccc1,468.0
11470,CCCCC(CC)CN1C(=O)c2cccc3c(C#Cc4ccc(N(c5ccccc5)c5ccccc5)cc4)ccc(c23)C1=O,C1CCCCC1,462.0
6443,O=C(O)CCCc1ccc2ccc3cccc4ccc1c2c34,CO,375.0
3833,c1csc(-c2cnc(-c3cccs3)c3nonc23)c1,CO,616.0
7452,O=C(c1ccc(C(=O)c2ccc(N3c4ccccc4Oc4ccccc43)cc2)cc1)c1ccc(N2c3ccccc3Oc3ccccc32)cc1,c1cc(-c2cccc(-n3c4ccccc4c4ccccc43)c2)cc(-n2c3ccccc3c3ccccc32)c1,555.0
2485,COC(=O)C(Cc1ccc2oc(-c3ccc(N(c4ccccc4)c4ccccc4)cc3)nc2c1)NC(=O)OC(C)(C)C,CCO,475.7509729
5079,F[B-]1(F)n2c(c3cccc4cccc2c43)=Nc2cccc[n+]21,Cc1ccccc1,520.0
10937,Nc1cccc(-c2c3nc(c(-c4cccc(N)c4)c4ccc([nH]4)c(-c4cccc(N)c4)c4nc(c(-c5cccc(N)c5)c5ccc2[nH]5)C=C4)C=C3)c1,CN(C)C=O,651.0
12111,CCCCN(CCCC)c1ccc(/C=C/c2ccc3nc(/C=C/c4ccc(N(C)C)cc4)c(=O)n(CCC)c3c2)cc1,CC#N,651.0
3399,COC(=O)C1=C(C(=O)OC)C2(c3cc([N+](=O)[O-])ccc3-c3ccc([N+](=O)[O-])cc32)C2(/C=C/c3ccccc3)c3cc(OC)c(OC)cc3CCN12,ClCCl,495.0
1886,COc1cc(OC)cc(-c2nnc(-c3cc(-c4nnc(-c5cc(OC)cc(OC)c5)o4)cc(-c4nnc(-c5cc(OC)cc(OC)c5)o4)c3)o2)c1,C1CCCCC1,342.0
3003,CC[N+]1=C(/C=C/c2c(C)nn3c(-c4ccc(OC)cc4)ccnc23)C(C)(C)c2ccccc21,O,525.0
23,COc1cc(/C=C/c2nc3ccccc3o2)c(OC)cc1/C=C/c1nc(C)nc(C)n1,C1CCOC1,483.0
4634,Cc1csc2[n+]1[B-](F)(F)n1c(c3cccc4cccc1c43)=N2,CCCCCC,488.0
9118,O=C1OCC2=C1C(c1ccccc1)c1cc3c(cc1N2CCO)CCC3,C1CCCCC1,381.0
1309,CCCCCCn1c2ccccc2c2cc(/C=C/c3cc(=O)oc4cc(C)ccc34)ccc21,ClC(Cl)Cl,504.0
6029,COC(=O)c1ccc(C#Cc2c3c(c4c(-c5ccccc5)c(-c5ccccc5)c(-c5ccccc5)c(-c5ccccc5)c4c2-c2ccc(C(=O)OC)cc2)CC(C(=O)OC)(C(=O)OC)C3)cc1,C1CCOC1,432.358871
789,CCOC(=O)c1c(-c2c(Cl)c3ccccc3oc2=O)nn(-c2ccc(OC)cc2)c1C(=O)OCC,ClCCl,484.0
3411,COCCOCCOCCOc1cc(C=O)c(OCCOCCOCCOC)cc1C=O,CN(C)C=O,464.0
5030,Cc1ccc2c(c1)nnn2-c1c(C#N)c2c(N)ncnc2n1[C@H]1C[C@H](O)[C@@H](CO)O1,CO,419.0
9755,O=C1c2ccccc2-c2ccc(N3CCN(c4ccccc4)CC3)c3cccc1c23,Cc1ccccc1,562.0
4850,COC(=O)C(Cc1ccc2oc(-c3ccc(Nc4ccccc4)cc3)nc2c1)NC(=O)OC(C)(C)C,CO,456.9966182
2514,CN(C)c1ccc(/C=C/c2nc(/C=C/c3ccc(N(c4ccccc4)c4ccccc4)cc3)cc(/C=C/c3ccc(N(c4ccccc4)c4ccccc4)cc3)n2)cc1,CS(C)=O,577.0
8018,CCCCCCCCCCn1cc(C2=C(c3cn(CCCCCCCCCC)c4ccccc34)C(=O)N(C)C2=O)c2ccccc21,CCCCOCCCC,570.0
4035,CCOC(=O)c1sc(SC)c2c(=O)n(C)nnc12,CS(C)=O,501.0
8615,CN1/C(=C/C=C(/C=C/c2sc3ccccc3[n+]2C)c2ccccc2)Sc2ccccc21,CO,679.0
9954,O=C(O)c1ccc(-c2nc(-c3ccccc3)c3c4ccccc4ccn23)cc1,CC#N,473.0
4743,Cc1ccc(-c2ccc(-c3ccc(C)cc3)c(/C(=C(/c3ccccc3)c3cc(-c4ccc(C)cc4)ccc3-c3ccc(C)cc3)c3ccccc3)c2)cc1,C1CCOC1,492.0
3574,O=[N+]([O-])c1ccc(-c2ccc3ncnc(Nc4ccccc4)c3c2)cc1,ClC(Cl)Cl,446.0
6194,Cc1ccc2ccc3c(C)ccc4ccc1c2c43,CCCCCC,380.0
1957,CN(C)c1ccc(/C=C/c2cc(/C=C/c3ccc(N(C)C)cc3)nc(/C=C/c3ccccc3)n2)cc1,ClCCl,537.0
9485,CCCCn1c2ccc(/C=C(\C#N)c3ccc([N+](=O)[O-])cc3)cc2c2cc(Cn3c(-c4ccc5c(c4)c4ccccc4n5CCCC)nc4ccccc43)ccc21,c1ccccc1,505.0
11710,COc1ccc(C2CC(c3ccc(O)cc3)=NN2c2ccc(S(N)(=O)=O)cc2)cc1,CCO,429.0
10427,Cc1cccc2[n+]1[B-](F)(F)n1c(c3cccc4cccc1c43)=N2,CCCCCC,494.0
10411,CC(C)(C)c1ccc(-c2nc3c4ccc(-c5cccc6ccccc56)cc4c4cc(-c5cccc6ccccc56)ccc4c3n2-c2ccc(C(C)(C)C)cc2)cc1,CCN(CC)CC,382.0
10863,CCCCCCC(CCCCCC)N1C(=O)c2cccc3c(-c4ccc(N(C)C)cc4)ccc(c23)C1=O,CCCCO,638.4
7066,CCN(CC)c1ccc2cc(-c3cn4ccccc4n3)c(=O)oc2c1,CO,485.0
6496,CCCN(c1ccccc1)c1ccc2c(c1)C(CC)(CC)c1cc(/C=C/c3ccc(/C=C(\C#N)C(=O)O)s3)ccc1-2,CCOC(C)=O,552.0
1395,Cc1cc(N(C)C)ccc1C1=C2C=CC(=[N+](C)C)C=C2[Si](C)(C)c2cc(N(C)C)ccc21,O,663.0
9209,CCN1c2ccccc2Sc2cc(/C=C(\C#N)c3ccccc3)ccc21,C1CCOC1,569.0
7535,COC(=O)C(Cc1ccc2oc(-c3ccc(N(C)c4ccccc4)cc3)nc2c1)NC(=O)OC(C)(C)C,CCCCCCO,484.0036784
5706,c1ccc2c(-c3ccc(-c4nnc(-c5ccc(-c6nnc(-c7ccc(-c8cccc9ccccc89)s7)o6)cc5)o4)s3)cccc2c1,CCCCO,451.0
6886,CN(C)c1ccc2cc(C3=[O+][B-](F)(F)OC(c4ccccc4)=C3)ccc2c1,CS(C)=O,422.0
12192,C=CCOC(=O)C(C#N)=C1C=C(/C=C/c2ccc(N(C)C)cc2)OC(/C=C/c2ccc(N(C)C)cc2)=C1,CN(C)C=O,616.0
12198,CCOC(=O)CC[N+]1=c2cc3c(cc2CCC1)=Cc1c(c2ccc(N(C)C)cc2oc1=O)O3,CC#N,643.0
8084,CCOC(=O)CN1C(=O)C2=C(c3ccc(N4CCCCC4)cc3)N(CC(=O)OCC)C(=O)C2=C1c1ccc(C#N)cc1,Cc1ccccc1,603.0
7354,CCCCCCCCOc1ccc(C#Cc2ccc(C#Cc3ccc(OCCCCCCCC)c(OCCCCCCCC)c3)c3nc4c5ccccc5c5ccccc5c4nc23)cc1OCCCCCCCC,ClCCl,566.0
11036,O=S(=O)([O-])c1ccc(O)c2ccccc12,CS(C)=O,370.0
7306,C1=C(c2ccc(-c3cccs3)s2)CCC1,OCCOCCO,416.0
5872,COc1cc(OC)cc(C(=O)OCc2c(C)c(=O)n3c(=O)c(C)c(C)n23)c1,CCO,462.0
1226,C#Cc1cccc2ccccc12,C1CCCCC1,330.0
5467,CN(C)c1ccc(/C=C2\CCCC2=O)cc1,ClC(Cl)(Cl)Cl,431.0
3286,O=Cc1ccc(-c2ccc3c(c2)C(=O)c2cc(-c4ccc(C=O)cc4)ccc2-3)cc1,C1CCOC1,371.0
12016,C(=C/c1ccnc2ccccc12)\c1ccc(/C=C/c2ccnc3ccccc23)cc1,ClC(Cl)Cl,433.0
9973,c1ccc(-c2cc(-c3ccc(-c4nc(-c5ccccn5)c(-c5ccccn5)[nH]4)cc3)cc(-c3ccccn3)n2)nc1,CCO,462.0
4395,CN1C2=Nc3n(C)c4ccccc4[n+]3CN2c2ccccc21,CO,376.0
6705,O=P1(c2ccccc2)C2=C(c3ccccc31)[Si](c1ccccc1)(c1ccccc1)c1cc(N(c3ccccc3)c3ccccc3)ccc12,CO,640.0
8598,COc1ccc2c(c1)-c1cc3c(cc1[Si]2(c1ccccc1)c1ccccc1)-c1ccccc1[Si]3(c1ccccc1)c1ccccc1,ClCCl,397.0
9826,COc1ccc(-c2c3cc4cc(C)sc4cc3c(C#Cc3ccccc3)c3cc4cc(C)sc4cc23)cc1,ClCCl,561.0
10515,CN(C)c1ccc(/C=C/c2cc(/C=C/c3ccc(N(C)C)cc3)nc(/C=C/c3ccc(N(C)C)cc3)n2)cc1,CS(C)=O,601.0
1310,CN(C)c1ccc(/C=C/c2cc[n+](Cc3cc(C[n+]4ccc(/C=C/c5ccc(N(C)C)cc5)cc4)cc(C[n+]4ccc(/C=C/c5ccc(N(C)C)cc5)cc4)c3)cc2)cc1,CCCCO,608.0
4718,COc1ccc(N(c2ccc(C)cc2)c2c([O-])/c(=[N+](\c3ccc(C)cc3)c3ccc(OC)cc3)c2=O)cc1,CN(C)C=O,510.0
3798,Cc1ccc(C2=[N+]3C(=Nc4c5ccccc5c(-c5ccc(C)s5)n4[B-]3(F)F)c3ccccc32)s1,ClCCl,841.0
4934,CCn1c2ccccc2c2cc(C#Cc3cc(C#Cc4ccc5c(c4)c4ccccc4n5CC)nc(SC)n3)ccc21,Cc1ccccc1,416.0
9383,COc1ccc2cc(-c3ccc([N+](=O)[O-])cc3)ccc2c1,CC#N,647.0
9301,CCCCCCN1C(=O)c2cccc3cc(/N=C\c4nc5ccccc5s4)cc(c23)C1=O,ClC(Cl)Cl,495.0
4007,N#Cc1c(N2CCCCC2)cc(-c2ccc(O)cc2)c2c1-c1cccc3cccc-2c13,C1CCCCC1,527.0
10065,CCCCCCN1C(=O)c2cccc3c(-c4cccs4)ccc(c23)C1=O,ClC(Cl)Cl,465.0
1822,c1ccc2c(-c3ccc(-c4nnc(-c5ccc(-c6nnc(-c7ccc(-c8cccc9ccccc89)s7)o6)cc5)o4)s3)cccc2c1,CCCCCCCCO,442.0
8813,COc1ccc(-c2cc(-c3ccc(C)cc3)c(C#N)c(OC)n2)cc1,CN(C)C=O,409.0
1315,CCOC(=O)/C(C#N)=C\c1ccc2c(c1)c1ccccc1n2-c1ccc(OC)cc1,CC#N,522.0
11163,c1ccc2c(c1)[nH]c1cccnc12,C1CCOC1,352.0
11569,CCC1=C(C)C2=Cc3ccccc3B(O)N2C1=O,CCCCCC,405.0
11528,O=P1(c2ccccc2)C2=C(c3ccccc31)S(=O)(=O)c1ccccc12,C1CCCCC1,453.0
2315,CCOC(=O)c1cc(C(=O)OCC)c2c(C)ccc(OC(=O)OC(C)(C)C)c2n1,CCO,505.0
2826,C[n+]1ccc(/C=C/c2ccc(N(c3ccccc3)c3ccc(/C=C/c4cc[n+](C)cn4)cc3)cc2)nc1,OCC(O)CO,685.0
10366,NS(=O)(=O)c1ccc(N2N=C(c3ccc(O)cc3)CC2c2ccc([N+](=O)[O-])cc2)cc1,CCO,422.0
6826,C[NH+](C)c1c2ccccc2cc2ccccc12,O,400.0
2595,N#CC(C#N)=Cc1ccc(-c2cccc(-c3nc4ccccc4s3)c2O)o1,O,635.0
9753,CC1=CC(c2ccc3cc(N(C)C)ccc3c2)=[O+][B-](F)(F)O1,Cc1ccccc1,521.0
1339,CNc1ccc2c(c1)-c1ccccc1C2=O,C1CCCCC1,489.0
4410,COc1ccc2c(=O)c3c([nH]c2c1)-c1ccccc1NC3(C)C,ClCCl,482.0
738,F[B-]1(F)n2c(c3cccc4cccc2c43)=Nc2sc3ccccc3[n+]21,C1CCOC1,501.0
965,CCCCCCCCc1ccc(-n2c3c4ccccc4nc(-c4ccc(C#N)cc4)c3c3c2c2c(-c4ccc(C#N)cc4)nc4ccccc4c2n3-c2ccc(CCCCCCCC)cc2)cc1,ClC(Cl)Cl,510.0
252,CC1=CC(C)=[N+]2C1=C(c1ccccc1)c1c(C)cc(/C=C/c3ccc(O)cc3)n1[B-]2(F)F,O,590.0
4989,CN(C)c1ccc(-c2ccc(-c3cc(-c4ccccc4)c(-c4ccccc4)c(-c4ccccc4)c3-c3ccccc3)s2)cc1,ClC(Cl)Cl,419.0
8736,CCC1(CC)c2ccccc2-c2c1c1c(c3c2C(CC)(CC)c2cc(B(c4c(C)cc(C)cc4C)c4c(C)cc(C)cc4C)ccc2-3)C(CC)(CC)c2cc(B(c3c(C)cc(C)cc3C)c3c(C)cc(C)cc3C)ccc2-1,CC(C)=O,394.0
2098,CN(C)c1ccc2cc(C(/C=C/c3cn(C)c4ccccc34)=C(C#N)C#N)c(=O)oc2c1,CN(C)C=O,539.0
5479,Cc1ccc(C2CC(c3ccc(O)cc3)=NN2c2ccc(S(N)(=O)=O)cc2)cc1,C1CCOC1,417.0
6109,c1ccc(-c2oc(-c3ccccc3)c3ccccc23)cc1,CN(C)C=O,458.0
10661,COc1ccc(C(=O)/C=C2\C(=O)Nc3ccccc32)c(OC)c1,CCCCO,411.0
872,O=C1/C(=C2\Sc3ccc(S(=O)(=O)O)cc3C2=O)Sc2ccc(S(=O)(=O)O)cc21,C1COCCO1,587.0
4610,FC(F)(F)c1ccc(B2c3ccccc3Nc3ccccc32)c(C(F)(F)F)c1,ClCCl,407.0
10224,CCN(CC)c1ccc2cc(-c3ccc(-c4ccc5c6ccccc6c6c7cc(-c8ccc(-c9cc%10ccc(N(CC)CC)cc%10oc9=O)cc8)ccc7c7ccccc7c6c5c4)cc3)c(=O)oc2c1,ClC(Cl)Cl,482.0
8897,O=C(O)c1c2ccccc2nc2ccccc12,C1CCOC1,418.0
12191,CC1=C(c2cccs2)C(C)=[N+]2C1=C(c1ccc(O)cc1)c1c(C)c(-c3cccs3)c(C)n1[B-]2(F)F,ClCCl,605.0
11545,COc1ccc(/C=C/c2cc(/C=C/c3ccc(OC)cc3)nc(/C=C/c3ccc(N(c4ccccc4)c4ccccc4)cc3)n2)cc1,ClCCl,558.0
10552,Oc1cccc(/N=C/c2ccccc2Oc2ccccc2)c1,CCCCCCO,400.0
3781,COc1ccc2c3ccc(OC)cc3n(-c3ccc(-c4nnc(-c5c(C)cc(C)cc5C)o4)cc3C)c2c1,Cc1ccccc1,436.0
6066,c1ccc(-c2nc(-c3ccccc3)nc(-c3cc(-n4c5ccccc5c5ncccc54)c(-n4c5ccccc5c5ccccc54)c(-n4c5ccccc5c5ncccc54)c3)n2)cc1,ClCCl,502.7906977
8067,COc1cc2c(cc1/C=C(\C#N)c1nc3ccccc3s1)c1ccccc1n2C,CS(C)=O,518.0
6080,CCCCCCCCCCCn1cccc1C1=[N+]2C(=Cc3c(C)cc(C)n3[B-]2(F)F)c2ccccc21,CCCCCC,605.0
9729,COC(=O)C(NC(=O)OC(C)(C)C)c1ccc2oc(-c3ccc(OC(=O)c4ccccc4)cc3O)nc2c1,CO,405.0
6162,CN(C)c1ccc(C2=Cc3cc(Cl)nc[n+]3[B-](F)(F)O2)cc1,ClC(Cl)Cl,512.0
10781,N#Cc1ccc2[nH]ccc2c1,OCC(F)(F)F,374.0
5117,CC1=C(c2cccs2)C(C)=[N+]2C1=C(c1ccc(OS(=O)(=O)c3ccc([N+](=O)[O-])cc3[N+](=O)[O-])cc1)c1c(C)c(-c3cccs3)c(C)n1[B-]2(F)F,CO,609.0
5746,CC[n+]1nc2cc3c4c(c2c2cc(C)ccc21)CCCN4CCC3,O,571.0
10585,COc1ccc2c(c1)c1cc(OC)ccc1n2-c1nc2ccccc2nc1-n1c2ccc(OC)cc2c2cc(OC)ccc21,CCCCCC,521.2074303
9832,CC(C)(C)c1ccc(-c2c3cccc4c(-c5ccccc5)cc5c(-c6ccc(C(C)(C)C)cc6)c6cccc7c(-c8ccccc8)cc2c(c76)c5c43)cc1,ClCCl,465.0
10244,CCOC(=O)CCOc1ccccc1C(c1c(C)[nH]c2ccccc12)c1c(C)[nH]c2ccccc12,C1CCCCC1,329.0
5697,CC1=CC(C)=[N+]2C1=C(c1c3ccccc3cc3ccccc13)c1c(C)cc(C)n1[B-]2(F)F,CCCCCC,515.0
7203,[C-]#[N+]c1ccc(-c2ccc(N(C)C)cc2)cc1,C1CCOC1,408.0
11570,CCOC(=O)C(C(=O)OCC)C1=[N+]2C(=C(c3ccc(C)cc3)c3ccc(C(C(=O)OCC)C(=O)OCC)n3[B-]2(F)F)C=C1,Cc1ccccc1,527.0
3921,COC(=O)C(Cc1ccc2oc(-c3ccc(N(C)c4ccccc4)cc3)nc2c1)NC(=O)OC(C)(C)C,CCCCCCCO,482.509047
8803,CC(=O)[B-]1(C(C)=O)OC(C)=CC(c2ccc3ccccc3c2)=[O+]1,ClC(Cl)(Cl)Cl,400.0
12025,Cc1cccc(C2=Cc3c4ccccc4cc[n+]3[B-](F)(F)O2)c1,ClC(Cl)Cl,464.8
447,CCC1(CC)c2cc(C=C(C#N)C#N)ccc2-c2ccc(N(C)C)cc21,c1ccccc1,560.0
9798,Cc1cc(C)c(B2c3cc(C(C)(C)C)cc4ccc5ccc6cc(C(C)(C)C)cc2c6c5c34)c(C)c1,C1CCCCC1,430.0
56,Cc1ccc2oc(-c3cc4cc(C)ccc4oc3=O)cc2c1,Cc1ccccc1,436.0
3449,c1ccc(-c2nn(-c3ccccc3)c3nc4ccccc4cc23)cc1,CC(C)=O,472.5897921
2855,CN(C)c1cc(C#N)c(N(C)C)c(C#N)c1,CC1COC(=O)O1,532.4813632
4165,COc1ccc(/C=C(\C)c2nc3ccccc3o2)cc1,C1CCCCC1,380.0
2986,N#Cc1cccc2cc[nH]c12,OCC(F)(F)F,391.0
476,COc1coc2cc(-c3ccc(N(C)C)cc3)ccc2c1=O,CC#N,530.0
5871,Cc1ccc2occ(CC(=O)NN)c2c1,CN(C)C=O,404.0
6913,C(/C=C/c1ccc(-n2c3ccccc3c3ccccc32)cc1)=C\c1ccncc1,C1COCCO1,436.0
5523,Cc1ccc(-c2ccc(/C=C/c3cccn3C)cn2)nc1,C1COCCO1,464.0
8607,CN(C)c1ccc(C#Cc2ccc3ccc4c(C#Cc5ccc(N(C)C)cc5)ccc5ccc2c3c54)cc1,CCCCCC,460.4
7100,C=CCNc1ccc2ccc3oc4cc(=[N+](C)C)ccc-4nc3c2c1,CC#N,637.0
7307,O=C1CCCC2=C1CC1=C(CCCC1=O)N2NC(=O)c1ccc(O)cc1,ClC(Cl)Cl,444.0
8079,COc1ccc(C(=O)/C=C2\C(=O)Nc3ccccc32)cc1,CC(C)(C)O,381.0
6117,CCCCNc1ccc(NCCCC)c2c1C(=O)c1ccccc1C2=O,C1CCCCC1,665.0
750,COc1c2ccccc2c(OC)c2c1c1cc(F)ccc1n2C,CC#N,435.0
10751,Oc1cc2c(cc1-c1nc3c4ccccc4c4ccccc4c3[nH]1)c1ccccc1n2-c1ccccc1,CCCCCC,505.0
8444,Cc1cc(C)c(B(c2cc(-c3ccc(C(C)(C)C)cc3)sc2-c2sc(-c3ccc(C(C)(C)C)cc3)cc2P(=O)(c2ccccc2)c2ccccc2)c2c(C)cc(C)cc2C)c(C)c1,CO,572.0
4981,c1ccc(-c2nc(-c3ccc(-c4nc(-c5ccccc5)c(-c5ccccc5)[nH]4)s3)[nH]c2-c2ccccc2)cc1,CCOC(C)=O,456.9983091
376,C1=C(c2ccc(-c3cccs3)s2)CCC(c2ccccc2)C1,CC#N,411.0
2458,CN(C)c1ccc2c(-c3ccc(N)cc3C(=O)[O-])c3ccc(=[N+](C)C)cc-3oc2c1,O,572.0
10660,Cc1ccc(-c2nc(-c3cccc(O)c3)[nH]c2-c2ccc(C)cc2)cc1,CO,399.0
7769,CC(C)(C)c1ccc2c(c1)c1cc(C(C)(C)C)ccc1n2-c1ccccc1-c1nc(-c2ccccc2P(=O)(c2ccccc2)c2ccccc2)nc(-c2ccccc2P(=O)(c2ccccc2)c2ccccc2)n1,CC(C)=O,532.7503975
7775,C(=C/c1ccnc2ccccc12)\c1ccc(/C=C/c2ccnc3ccccc23)cc1,C1COCCO1,428.0
9233,CCCCN1C(=O)C(=C/C=C/C=C/C=C2N(CCCC)c3ccccc3N2CCCC)C(=O)N(CCCC)C1=S,CO,682.0
8649,COc1nc(Nc2ccc3c4c(cccc24)C(=O)c2ccccc2-3)nc(OC)n1,Cc1ccccc1,521.9206681
3837,Cc1cc(C)c(B(c2ccc(-c3ccc(-c4nc5c6ccccc6c6ccccc6c5[nH]4)cc3)cc2)c2c(C)cc(C)cc2C)c(C)c1,CS(C)=O,520.0
8055,Nc1cccc2c1C(=O)c1ccccc1-2,C1CCCCC1,471.0
12247,CCCCN(CCCC)c1ccc(/C=C/c2ccc3nc(/C=C/c4ccc(N(C)C)cc4)c(-c4ccccc4)nc3c2)cc1,ClCCl,615.0
3352,c1ccc2c(c1)-c1ccccc1C21c2ccccc2-c2c1c1c3ccccc3ccc1c1ccccc21,C1CCOC1,417.0
5444,O=c1c2ccccc2sc2ccc(-n3c4ccccc4c4ccccc43)cc12,C1CCOC1,452.5
5411,COC(=O)C(Cc1ccc2oc(-c3ccc(N(C)c4ccccc4)cc3)nc2c1)NC(=O)OC(C)(C)C,CCOC(C)=O,455.000455
9527,CN1C(=O)/C(=C/c2ccncc2)N=C1/C=C/c1ccccc1,CCOC(C)=O,544.0
2400,c1ccc(-c2nc(-c3ccc(N(c4ccccc4)c4ccccc4)cc3)n3ccccc23)cc1,O,498.0
8009,COc1ccc2c(c1)c1ccccc1n2-c1nc2ccccc2nc1-n1c2ccccc2c2cc(OC)ccc21,C1CCOC1,588.8567294
7412,CC(C)(C)c1ccc(-c2nc(-c3ccc(C(C)(C)C)cc3)nc(-c3ccc(-n4c5ccccc5c5c6oc7ccccc7c6ccc54)c(C#N)c3)n2)cc1,C1CCOC1,450.7352941
11345,Cc1ccc(OCc2cc(=O)oc3c2ccc2ccccc23)cc1,CCCCO,428.0
6902,CCN1C(=CC2=C([O-])C(=Cc3[se]c4ccccc4[n+]3CC)C2=O)[Se]c2ccccc21,CO,688.0
5386,COC1=[N+]2C(=C(c3ccc(C)cc3)c3ccc(OC)n3[B-]2(F)F)C=C1,C1CCOC1,528.0
11684,c1ccc(N2c3ccc4ccccc4c3-c3c4ccccc4nc[n+]3[B-]2(c2ccccc2)c2ccccc2)cc1,CC(C)=O,675.0
8025,N#Cc1cnc(-c2c3ccccc3c(-c3ncc(C#N)cn3)c3ccccc23)nc1,ClCCl,500.0
9584,CC1(C)Oc2c(c3nc4ccccc4nc3c3ccccc23)CC1Br,c1ccccc1,444.2470013
5912,c1ccc(-n2c(-c3ccc(-n4c5ccccc5c5ccccc54)cc3)nc3nccnc32)cc1,CC#N,490.0
5459,OC1(c2ccc(-c3cccs3)s2)CCC1,c1ccncc1,468.0
4640,COc1cc(OC)c2ccc(=O)oc2c1,O,450.0
3989,CCn1c2ccccc2c2cc(-c3cc(-c4ccc5c(c4)c4ccccc4n5CC)nc(-c4ccc(C#N)cc4)n3)ccc21,CN(C)C=O,422.0
227,CC1=C(Cc2ccccc2)C(C)=[N+]2C1=C(C)c1c(C)c(-c3csc(N4CCOCC4)n3)c(C)n1[B-]2(F)F,Cc1ccccc1,603.0
6817,F[B-]1(F)n2cccc2C=C2C=CC=[N+]21,CCOC(C)=O,507.5
2317,N=c1oc2ccccc2cc1-c1ccc([N+](=O)[O-])cc1,C1CCOC1,442.0
3482,CN(C)c1ccc2nc(-c3ccccc3)sc2c1,CC#N,474.6666666666667
11329,O=C(c1ccc(N2c3ccccc3Oc3ccccc32)cc1)c1ccc2sc3ccccc3c2c1,C1CCOC1,594.0
5464,CCN(CC)c1ccc2cc(/C(Cl)=C/C=C/C(=C(C#N)C#N)c3ccc4c(c3)c3ccccc3n4CC)c(=O)oc2c1,CC(C)=O,704.0
2648,Cc1ccc2c(c1)C1(c3ccccc3-c3ccccc31)c1cc(C)ccc1N2c1ccc2c(c1)Oc1ccccc1P2(=S)c1ccccc1,Cc1ccccc1,443.0894309
1508,O=C1C=C(Nc2ccccc2)CCC1,C1CCCCC1,335.0
11331,COc1ccc(N(c2ccc(/C=C(\C)c3ccccc3)cc2)c2ccc(/C=C(\C)c3ccccc3)cc2)cc1,Cc1ccccc1,435.0
11441,OCC1O[C@@H](Cc2cc(O)cc(/C=C/c3ccc(O)c(O)c3)c2)[C@H](O)[C@@H](O)[C@@H]1O,Cc1ccccc1,371.0
1684,CC1(C)C(/C=C/c2cc3ccc(O)cc3oc2=O)=[N+](CCCS(=O)(=O)[O-])c2ccc(S(=O)(=O)O)cc21,O,636.0
499,N#Cc1c(-c2ccccc2)cc(-c2ccccc2)[nH]c1=S,ClC(Cl)(Cl)Cl,510.0
7034,COc1cccc(-c2[nH]c(=O)n3c2-c2ccccc2C3=O)c1O,ClCCl,471.0
1699,OCC1O[C@@H](Cc2cc(O)cc(/C=C/c3ccc(O)c(O)c3)c2)[C@H](O)[C@@H](O)[C@@H]1O,C1CCOC1,375.0
1877,CCCCCCC(CCCCCC)N1C(=O)c2cccc3c(-c4ccc(C#N)cc4)ccc(c23)C1=O,CCCCO,480.0
11333,CC(C)(C)c1ccc(-n2c(-c3ccc(-c4ccc(-c5c(-c6ccccc6)nc6ccccn56)cc4)cc3)nc3c4ccccc4c4ccccc4c32)cc1,ClCCl,426.0
513,c1cc2c([nH]c3c4[nH]c5sccc5c4c4nsnc4c23)s1,Cc1ccccc1,496.0
10479,CCCCC1=Cc2c3ccc4cccc5ccc(c6cc(-c7ccc(N(c8ccccc8)c8ccccc8)cc7)n(c26)P1(=O)c1ccccc1)c3c45,Cc1ccccc1,518.0
5399,CN(C)c1ccc2c(c1)Cc1ccccc1-2,CO,371.0
8683,CC(C)(C)c1ccc2c(c1)c1cc(C(C)(C)C)ccc1n2-c1ccccc1-c1nc(-c2ccccc2-n2c3ccc(C(C)(C)C)cc3c3cc(C(C)(C)C)ccc32)nc(-c2ccccc2P(=O)(c2ccccc2)c2ccccc2)n1,ClCCl,529.290853
2704,COC(=O)C(Cc1ccc2oc(-c3ccc(N(C)c4ccccc4)cc3)nc2c1)NC(=O)OC(C)(C)C,CS(C)=O,526.0112566
820,CCOC(=O)c1cc(C)n2nc(-c3ccccc3)ccc12,CCCCCC,471.0
6200,CCC[n+]1ccc(/C=C/c2ccc(N(C)C)cc2)cc1,c1ccccc1,552.0
9364,CN(C)c1ccc(/C=C/C=C/C2=NC3C(=O)NC(N)=NC3N2[C@H]2C[C@H](O)[C@@H](CO)O2)cc1,C1COCCO1,429.0
7538,c1ccc2c(c1)-c1ccccc1C21c2ccccc2-c2cnccc21,CC1CCCO1,318.0
4619,Cc1ccc(-n2c(-c3ccccc3O)nc(-c3ccccc3O)c2-c2ccccc2O)cc1,CS(C)=O,445.0
8431,O=C(c1ccc(N(c2ccccc2)c2ccccc2)cc1)[C@H]1[C@H](c2ccc(F)cc2)C[C@](O)(c2ccccn2)C[C@]1(O)c1ccccn1,CN(C)C=O,524.0
8109,C[Si]1(C)O[Si](C)(C)c2cc3nc4ccccc4c(-c4ccc(F)cc4)c3cc2[Si](C)(C)O1,ClCCl,500.0
474,c1ccc(-c2cc(-c3ccc(-c4nc(-c5ccccn5)c(-c5ccccn5)[nH]4)cc3)cc(-c3ccccn3)n2)nc1,CCOC(C)=O,432.0
5950,Cc1cc(C)n2c1C=C1c3ccccc3C(c3cccn3C)=[N+]1[B-]2(F)F,Cc1ccccc1,613.0
10984,C1=CSC(=C2SC=C(/C=C/C=C/C=C/C3=CSC(=C4SC=CS4)S3)S2)S1,Cc1ccccc1,685.0
3919,O=C1c2cc3ccccc3cc2C2=Nc3cccc[n+]3[B-](F)(F)N12,ClCCl,414.0
11380,O=C1C2=C3c4ccsc4C=CN3C(=O)C2=C2c3ccsc3C=CN12,CN(C)C=O,586.0
6270,COc1ccc(/C=C/c2cc(/C=C/c3ccc(OC)cc3)nc(/C=C/c3ccc(OC)cc3)n2)cc1,Cc1ccccc1,410.0
2916,COc1ccc(/C=N/c2cc(C(C)C)c(O)cc2C)cc1,ClC(Cl)Cl,413.0
3608,COC(=O)C[C@H](Cc1c[nH]c2ccccc12)NC(=O)[C@H](CC(=O)N[C@@H](CC1=CCc2ccccc21)C(=O)OC)NC(=O)OC(C)(C)C,CC#N,332.0
8628,CCCCCCc1cc2/c(=C(\C#N)C(=O)OC)s/c(=c3/s/c(=C(/C#N)C(=O)OC)c4cc(CCCCCC)sc34)c2s1,Cc1ccccc1,605.0
480,CCC[n+]1ccc(/C=C/c2ccc(N(C)C)cc2)cc1,CO,579.0
8769,CN(C)c1ccc(/C=C/c2cc[n+](CCCOCC(COCCC[n+]3ccc(/C=C/c4ccc(N(C)C)cc4)cc3)(COCCC[n+]3ccc(/C=C/c4ccc(N(C)C)cc4)cc3)COCCC[n+]3ccc(/C=C/c4ccc(N(C)C)cc4)cc3)cc2)cc1,CS(C)=O,621.0
10836,CN(C)c1ccc(-c2nc(C#N)c(C#N)n2C)cc1,ClC(Cl)Cl,437.0
5562,O=C1/C(=C\c2ccc(N(c3ccccc3)c3ccccc3)cc2)S(=O)(=O)c2ccccc21,Cc1ccccc1,587.0
2577,O=C(O)C1=C/C(=C/C=[N+]2/c3cc(O)c(C[C@@H]4O[C@H](CO)[C@@H](O)C(O)[C@H]4O)cc3C[C@H]2C(=O)O)C[C@@H](C(=O)O)N1,O,640.0
11091,CN(C)c1ccc(-c2ccc(-c3ccc(N(C)C)cc3)c3nc(-c4ccccc4)c(-c4ccccc4)nc23)cc1,Cc1ccccc1,577.0
5701,N#Cc1ccc(C[C@H](N)C(=O)O)cc1,C1CCOC1,292.4406061
4768,CN(C)c1ccc(/C=C2\CC/C(=C\c3ccc(C#N)cc3)C2=O)cc1,Cc1ccccc1,558.0
10801,CC(NC(=O)OC(C)(C)C)C(=O)OCc1ccc2c3cccc4cccc(c5cccc1c52)c43,CCO,443.0
8739,c1cc2ccc1CCCc1cc3c(cc1CCCc1ccc(c4nsnc14)CCC3)CCC2,ClC(Cl)Cl,531.0
7068,CC1=CC(C)=[N+]2C1=Cc1c(C)cc(C)n1[B-]2(F)F,ClCCl,513.0
6076,O=S(=O)(/N=c1\oc2cccc3c4c(-c5ccccc5)oc5cccc(c(c1-c1ccccc1)c23)c54)C(F)(F)F,CS(C)=O,596.0
7924,CC[N+]1(CC)CN2C(=N1)C(C(=O)O)=Cc1ccc(C)cc12,O,457.0
7794,c1ccc(-c2nc3c(ccc4[nH]ccc43)o2)cc1,C1CCCCC1,372.0
1349,c1ccc(-c2nn(-c3ccccc3)c3nc4ccc(N(c5ccccc5)c5cccc6ccccc56)cc4cc23)cc1,CN(C)C=O,553.0973451
7699,CCOC(=O)CN1C(=O)C2=C(c3ccc(N4CCCCC4)cc3)N(CC(=O)OCC)C(=O)C2=C1c1ccc(N2CCCCC2)cc1,CS(C)=O,603.0
5478,CC(C)(C)C1Nc2c(Cl)cc(Cl)cc2C(=O)N1Cc1ccccc1,ClC(Cl)Cl,415.0
10714,COc1cc(OC)cc(-c2nnc(-c3cccc(-c4nnc(-c5cc(OC)cc(OC)c5)o4)c3)o2)c1,CCO,391.0
10425,CCOC(=O)c1ccc(C2CC(c3cccc4ccccc34)=NN2c2ccc(F)cc2)cc1,ClCCl,481.0
2922,O=[N+]([O-])c1ccc(F)cc1C1CC(c2cccc3ccccc23)=NN1c1ccccc1,C1CCCCC1,467.0
8828,COc1cc2c(cc1-c1ccccc1)Cc1c3c(c4c(c1-2)-c1cc(OC)c(-c2ccccc2)cc1C4)C(=O)N(CCC(C)C)C3=O,CC(C)=O,486.0
7222,Cc1cc(C)n2c1C=C1c3ccccc3C(c3cccn3C)=[N+]1[B-]2(F)F,ClCCl,611.0
1606,C(=C/c1ncc2ccccc2n1)\c1ccc(N2CCCCC2)cc1,CS(C)=O,600.0
5225,c1ccc2c(-n3cnc4ccccc43)cccc2c1,CO,360.0
3031,Cc1ccccc1-c1c2ccc(=[N+]3CCCC3)cc-2oc2cc(N3CCCC3)ccc12,ClCCl,573.0
2762,c1ccc(-c2cc(-c3ccc4ccc5cccc6ccc3c4c56)ccn2)nc1,CCC#N,407.996736
6752,O=C(O)c1cc2c(ccc3ccccc32)oc1=O,CC#N,446.0
11531,CCOC(=O)c1c(-c2c(Cl)c3cc(C)ccc3oc2=O)nn(-c2ccccc2)c1C(=O)OCC,ClCCl,417.0
3148,Cn1c(=O)c(/N=N/c2ccc(S(=O)(=O)O)c3ccccc23)c(O)c2ccccc21,C1CCOC1,548.0
9384,O=c1[nH]c(=O)n([C@@H]2O[C@H](CO)[C@@H](O)[C@H]2O)c2ccsc12,CCOC(C)=O,345.0
1659,COC(=O)C(Cc1ccc2oc(-c3ccc(-n4c5ccccc5c5ccccc54)cc3)nc2c1)NC(=O)OC(C)(C)C,CC#N,447.0072862
7219,Oc1ccccc1/N=C/c1ccccc1Oc1ccccc1,CC#N,410.0
10079,CC(C)(C)c1ccc2c(c1)Sc1cc(C(C)(C)C)ccc1N2c1ccc2c(ccc3nc4ccc5cc(N6c7ccc(C(C)(C)C)cc7Sc7cc(C(C)(C)C)ccc76)ccc5c4nc32)c1,C1CCCCC1,575.0
1446,CN(C)c1cc(C#N)c(N(C)C)c(C#N)c1,CS(C)=O,538.2131324
4139,CCOC(=O)/C=C/C1=Cc2c(-c3ccccc3)oc(-c3ccccc3)c2C=C(/C=C/C(=O)OCC)C1,ClC(Cl)Cl,488.0
1020,N#Cc1ccc2[nH]ccc2c1,CCO,364.0
705,Nc1ccc2c(c1)C(=O)N(C13C[C@H]4C[C@@H](C1)C[C@@H](C3)C4)C2=O,C1CCCCC1,408.0
8401,CCCCC(CC)Cn1c2cc(C#N)c(-c3ccc(N(c4ccccc4)c4ccccc4)cc3)cc2c2cc(-c3ccc(N(c4ccccc4)c4ccccc4)cc3)c(C#N)cc21,CN(C)C=O,542.0
1866,COc1ccc(C2CC(c3ccc(O)cc3)=NN2c2ccc(S(N)(=O)=O)cc2)cc1,CS(C)=O,425.0
10580,Cc1ccc(-c2nc3sc4ccccc4c3s2)cc1,CS(C)=O,410.0
3889,O=S1(=O)c2ccc(-c3ccc(N(c4ccccc4)c4ccccc4)cc3)cc2C2(c3ccccc3-c3ccccc32)c2cc(-c3ccc(N(c4ccccc4)c4ccccc4)cc3)ccc21,Cc1ccccc1,425.462754
9060,c1ccc2cc(-n3cnc4ccccc43)ccc2c1,CO,377.0
2122,N#Cc1ccc(-c2ccc(C3=CCC(c4ccccc4)CC3)s2)s1,CCO,444.0
2574,CN(C)c1ccc(C#Cc2ccc3c(N(C)C)cc(-c4ccccc4)cc3c2)cc1,ClCCl,444.0
10628,O=C1/C(=C/C=C/c2cc3c4c(c2)CCCN4CCC3)CC/C1=C\C=C\c1cc2c3c(c1)CCCN3CCC2,CO,750.0
1921,COc1cc(S(=O)(=O)[O-])c2ccc3c(S(=O)(=O)[O-])cc(S(=O)(=O)[O-])c4ccc1c2c43,N#Cc1ccccc1,406.2893593
2956,COCCOc1cc(C=O)c(OCCOC)cc1C=O,O,495.0
7110,CCC(=O)c1ccc2cc(N(C)C)ccc2c1,OCC(O)CO,510.0
6824,CCN(CC)c1ccc2cc(/C=C/C(=O)c3cc4ccc(N(CC)CC)cc4oc3=O)c(=O)oc2c1,CC(C)=O,571.0
6379,CCOC(=O)/C(C#N)=C(\C=C\c1ccc(N(c2ccccc2)c2ccc(/C=C/C(=C(/C#N)C(=O)OCC)c3ccccc3)cc2)cc1)c1ccccc1,C1COCCO1,589.0
7899,COc1ccccc1C1=[N+]2C(=C(c3ccccc3)c3c4c(c(-c5ccccc5OC)n3[B-]2(F)F)C2CCC4CC2)C2=C1C1CCC2CC1,ClCCl,583.0
1419,CCCCN1c2ccc(/C=C/c3cc(=O)oc4cc(C)ccc34)cc2Sc2cc(/C=C/c3cc(=O)oc4cc(C)ccc34)ccc21,ClC(Cl)Cl,620.0
8499,C(=C/c1ccnc(/C=C/c2ccc(N(c3ccccc3)c3ccccc3)cc2)n1)\c1ccc(N(c2ccccc2)c2ccccc2)cc1,ClCCl,527.0
9595,c1ccc(-c2c3c(c(-c4ccccc4)c4cc5ccccc5cc24)Cc2c(c(-c4ccccc4)c4cc5ccccc5cc4c2-c2ccccc2)C3)cc1,CC#N,400.0
5257,Cc1cc(C)c2c(c1)c1cc(C)cc(C)c1n2-c1ccc2c(c1)B(c1c(C(C)C)cc(C(C)C)cc1C(C)C)c1cc(-n3c4c(C)cc(C)cc4c4cc(C)cc(C)c43)ccc1N2c1ccccc1,c1cc(-c2cccc(-n3c4ccccc4c4ccccc43)c2)cc(-n2c3ccccc3c3ccccc32)c1,451.0
2025,Cc1ccc(-n2cccc2)cc1,CCCCCC,310.0
594,O=C1/C(=C\c2ccc3oc4ccccc4c3c2)S(=O)(=O)c2ccccc21,CC#N,480.0
1558,Oc1cc(N(c2ccccc2)c2ccccc2)ccc1-c1nc2c3ccccc3c3ccccc3c2[nH]1,ClCCl,430.0
8178,CC1=CC(C)=[N+]2C1=C(c1ccc(N3CCCCC3)cc1)c1c(C)cc(C)n1[B-]2(F)F,C1CCOC1,515.0
9045,CN(C)c1ccc(-c2ccc3n2[B-](F)(F)[N+]2=C(c4ccccc4)C=CC2=C3C(F)(F)F)cc1,CCOC(C)=O,755.0
9360,CCOC(=O)COc1ccc(/C=C/c2c(CC)c(C)c3n2[B-](F)(F)[N+]2=C(c4[nH]c(C)c(CC)c4C)c4ccccc4C2=C3C)cc1,CC#N,707.0
10476,CN(C)c1ccc(/C=C/C=C/c2nc3ccccc3s2)cc1,ClC(Cl)Cl,526.0
4691,NS(=O)(=O)c1ccc(N2N=C(c3ccc(O)cc3)CC2c2ccc(F)cc2)cc1,CS(C)=O,424.0
7928,CCOC(=O)c1ccccc1-c1c2ccc(=[N+](CC)CC)cc-2oc2c1c(=O)oc1cc3c(cc12)CCCN3C,CCO,658.0
3694,N#Cc1ccc(C#Cc2ccc3ccc4ccc(C#Cc5ccc(C#N)cc5)c5ccc2c3c45)cc1,CO,445.3
2058,N#Cc1ccc(-c2nc(-c3ccccc3)c3ccccn23)cc1,O,470.0
7847,[C-]#[N+]c1ccc(-c2ccc(NC)cc2)cc1,C1CCOC1,406.0
11052,c1cc2c3cscc3c3ccsc3c2s1,ClC(Cl)Cl,395.0
4605,CC1(C)C(/C=C/C=C/C=C/C=C2/N(c3ccc(S(=O)(=O)[O-])cc3)c3ccc(S(=O)(=O)[O-])cc3C2(C)C)=[N+](c2ccc(S(=O)(=O)[O-])cc2)c2ccc(S(=O)(=O)[O-])cc21,O,779.0
6058,CC1(C)CC(/C=C/c2cn(-c3ccccc3)nc2-c2ccccc2)=CC(=C(C#N)C#N)C1,CCO,564.0
11755,O=C1c2cccn2[B-](F)(F)[n+]2ccccc21,C1CCCCC1,544.0
7050,CC1=N/C(=C\c2ccncc2)C(=O)N1C,CCOC(C)=O,442.0
7197,Cc1ccc(C(=O)/C=C2\C(=O)Nc3ccccc32)cc1,CO,411.0
12185,Nc1ccc2c(c1)C(=O)c1ccc(N)cc1C2=O,CC#N,594.0
3894,N#CC(C#N)=Cc1cn(-c2ccccc2)nc1-c1ccccc1,CCOC(C)=O,427.0
9427,COc1ccc(-n2c3ccccc3c3cc(C=C(C#N)C#N)ccc32)cc1,Cc1ccccc1,450.0
10239,Cc1cc2c(o1)c(Br)cc1c(C)cc(=O)oc12,CC#N,435.0
8496,O=C1CCCC2=C1CC1=C(CCCC1=O)N2NC(=O)c1ccc(O)cc1,ClCCl,436.0
535,C1=Cc2nc1c(-c1cccs1)c1ccc([nH]1)c(-c1cccs1)c1nc(c(-c3cccs3)c3ccc([nH]3)c2-c2cccs2)C=C1,CN(C)C=O,665.0
9644,CN(C)c1ccc(-c2nc(-c3ccc(-n4c5ccccc5c5ccccc54)cc3)cc(-c3ccc(-n4c5ccccc5c5ccccc54)cc3)n2)cc1,ClC(Cl)Cl,520.0
292,COc1ccc(OC)c(C=O)c1,CO,466.0
2836,CC(C)(C)c1ccc(-c2ccc(-c3ccc(C(C)(C)C)cc3)c3nsnc23)cc1,ClCCl,512.0
6702,N#Cc1c(N2CCCCC2)cc(-c2cccc3ccccc23)c2c1CCc1ccccc1-2,C1CCOC1,465.0
9462,CN(C)c1cc(C#N)c(N(C)C)c(C#N)c1,CC(C)=O,524.9343832
2870,c1csc(-c2cnc(-c3cccs3)c3nonc23)c1,CCOCC,587.0
7811,Cc1ccc(C(=O)/C=C2\C(=O)Nc3ccccc32)cc1,O,412.0
5340,CN(C)c1ccc(-c2nc3nc4ccccc4nc3n2-c2ccccc2)cc1,CC#N,528.0
8459,N#Cc1c(N2CCCCC2)cc(-c2ccc3c(c2)OCO3)c2c1-c1cccc3cccc-2c13,O,552.0
8639,CC(C)c1ccc2ccc3cccc4ccc1c2c34,CCCCCC,376.0
4792,Cc1ccc(/N=C2\N=C(N)c3cccc4cccc2c34)cc1,ClCCl,498.0
3692,CCCCCCCCN1c2ccc(C#Cc3ccc(OC)cc3)cc2Sc2cc(C=O)ccc21,CC#N,538.0
5405,CCN1c2ccc(-c3cc(-c4ccccc4)[nH]n3)cc2Sc2cc(-c3cc(-c4ccccc4)[nH]n3)ccc21,c1ccccc1,458.0
1318,COc1ccc(/C=C/C=C/C=C/c2ccc([N+](=O)[O-])cc2)cc1,C1CCOC1,611.0
7920,CCCCc1ccc2ccc3cccc4ccc1c2c34,CO,377.0
7852,c1ccc(-c2nc(-c3ccc(-c4ccc(-n5c6ccccc6c6ccccc65)cc4)cn3)oc2-c2ccccc2)cc1,CC#N,415.0
10905,COC(=O)C(Cc1ccc2oc(-c3c4ccccc4cc4ccccc34)nc2c1)NC(=O)OC(C)(C)C,CC1CCCCC1,483.9989933
10692,CN(C)c1ccc2c(c1)-c1ccccc1C2=O,C1CCCCC1,491.0
9229,COc1nc(Cl)nc(Nc2ccc3c4cccc5cccc(c6cccc2c63)c54)n1,CCCCOCCCC,477.0
12115,CCOC(=O)/C(C#N)=C\c1ccc2c(c1)c1ccccc1n2-c1ccc(C)cc1,CS(C)=O,503.0
12168,CCC1(CC)c2ccccc2-c2ccc(C#Cc3ccc4ccc5cccc6ccc3c4c56)cc21,Cc1ccccc1,412.0
4999,CCOC(=O)COc1ccc(/C=C/C2=C3c4ccccc4C(c4ccc[nH]4)=[N+]3[B-](F)(F)n3ccc(C)c32)cc1,ClCCl,631.0
6735,Cc1cc(C)c(C2=C3C=CC(c4ccccc4O)=[N+]3[B-]3(c4ccccc4)Oc4ccccc4-c4ccc2n43)c(C)c1,ClC(Cl)Cl,614.0
5676,CC1(C)CC(/C=C/c2ccc(-n3cccn3)cc2)=CC(=C(C#N)C#N)C1,CCO,532.0
11172,C1=C(c2ccccc2)[Si](c2ccccc2)(c2ccccc2)c2ccccc21,ClCCl,400.0
2546,CCNc1ccc(NCC)c2c1C(=O)c1ccccc1C2=O,c1ccccc1,670.0
2228,CN(C)c1ccc(/C=C/c2cc[n+](CCC[n+]3ccc(/C=C/c4ccc(N(C)C)cc4)cc3)cc2)cc1,c1ccncc1,598.000287
8885,CC(C)(C)c1ccc(-c2ccc(-c3c4c(nc5ccccc35)-c3cc5c(cc3CC4)-c3nc4ccccc4c(-c4ccc(-c6ccc(C(C)(C)C)cc6)cc4)c3CC5)cc2)cc1,ClC(Cl)Cl,388.0
6201,CN(C)c1ccc(/C=C/c2ccccn2)cc1,CC(C)O,465.0
8077,N#CC(C#N)=C(/C=C/c1ccc(N(c2ccccc2)c2ccc(/C=C/C(=C(C#N)C#N)c3ccccc3)cc2)cc1)c1ccccc1,Cc1ccccc1,570.0
4975,CCC12C(=C3C(=C4c5ccc(-c6ccc(C)s6)cc5S(=O)(=O)C41CC)C(F)(F)C(F)(F)C3(F)F)c1ccc(-c3ccc(C)s3)cc1S2(=O)=O,CC#N,633.0
3284,C(=C/c1ccnc2ccccc12)\c1ccc(/C=C/c2ccnc3ccccc23)cc1,CC(C)O,436.0
7077,CC1=[N+]2C(=C(c3c4ccccc4c(C)c4ccccc34)c3ccc(C)n3[B-]2(F)F)C=C1,CC#N,535.0
9097,CC1(C)c2ccccc2N(c2ccc3c(c2)c2ccccc2n2c4ccccc4nc32)c2ccccc21,Cc1ccccc1,437.0
11365,CCn1c2ccccc2c2cc(C#Cc3cc(C#Cc4ccc5c(c4)c4ccccc4n5CC)nc(S(C)(=O)=O)n3)ccc21,C1CCOC1,496.0
356,COC(=O)C(Cc1ccc2oc(-c3ccc(Nc4ccccc4)cc3)nc2c1)NC(=O)OC(C)(C)C,C1COCCO1,410.5090312
12177,CCN1c2ccc(/C=N/Nc3ccccn3)cc2Sc2cc(-c3cccc4ccccc34)ccc21,C1CCOC1,487.0
9149,Oc1cccc(/N=C/c2ccccc2Oc2ccccc2)c1,CCOC(C)=O,420.0
12044,c1ccc2c(c1)c1ccccc1n2-c1ccc2c(c1)c1ccccc1n2-c1cc2c3ccccc3n3c4ccccc4c(c1)c23,C1CCOC1,402.0912548
11038,CCC1=C(C)C2=C(c3c4ccccc4c(-c4ccccc4)c4ccccc34)c3c(C)c(CC)c(C)n3[B-](F)(F)[N+]2=C1C,CC#N,536.0
10461,[C-]#[N+]c1ccc(-c2ccc(N(C)C)cc2)cc1,CCCCCC,357.0
837,COc1ccc(-c2c3ccc([nH]3)c3nc(c(-c4ccc([N+](=O)[O-])cc4)c4ccc([nH]4)c4ccc([nH]4)c(-c4ccc(OC)cc4)c4ccc2o4)C=C3)cc1,c1ccccc1,739.0
12091,N#Cc1cc2ccc(O)cc2oc1=O,C1CCCCC1,411.0
266,N#CC1=c2c3cccc4c(Br)ccc(c43)n2[B-](F)(F)[n+]2ccccc21,Cc1ccccc1,550.0
7599,O=C(c1ccc(N(c2ccccc2)c2ccccc2)cc1)[C@H]1[C@H](c2ccc(F)cc2)C[C@](O)(c2ccccn2)C[C@]1(O)c1ccccn1,CC#N,523.0
2006,N#Cc1ccc(/C=C/C=C/c2ccccc2)cc1,CC#N,420.0
7401,CC1=N/C(=C\c2ccc(N(C)C)cc2)C(=O)N1C,C1CCCCC1,437.0
4132,CC(=O)Nc1ccc(O)cc1,CC#N,322.0
10485,CCN(CC)c1ccc2c(c1)oc(=O)c1c(=O)oc3c(C)c4oc(=O)c5c(=O)oc6cc(N(CC)CC)ccc6c5c4cc3c12,CS(C)=O,558.0
2362,COc1nc(Nc2ccc3cc4ccccc4cc3c2)nc(OC)n1,CC#N,431.0
5380,C1=C(c2ccc(-c3cccs3)s2)CCCC1,C1CCOC1,423.0
5181,CC1=CC(C)=[N+]2C1=Cc1c(C)cc(C)n1[B-]2(F)F,CCCCCC,514.0
10083,CCCn1c(=O)c(/C=C/c2nc3ccc(C)cc3n(CCC)c2=O)nc2ccc(C)cc21,CC#N,502.0
8959,COc1ccc(-c2cc(-c3ccc(C)cc3)c(C#N)c(OC)n2)cc1,CC#N,406.0
7277,CN(C)c1ccc(C(=O)Nc2ccc([N+](=O)[O-])cc2)cc1,CCOCC,536.0
2899,c1ccc(-n2c(-c3ccc([Si](c4ccc(-c5nc6ccccc6n5-c5ccccc5)cc4)(c4ccc(-c5nc6ccccc6n5-c5ccccc5)cc4)c4ccc(-c5nc6ccccc6n5-c5ccccc5)cc4)cc3)nc3ccccc32)cc1,ClCCl,363.0
1890,CC(C)(C)c1ccc2c(c1)c1cc(C(C)(C)C)ccc1n2-c1cccc(-c2nc(-c3cccc(-n4c5ccc(C(C)(C)C)cc5c5cc(C(C)(C)C)ccc54)c3)nc(-c3cccc(P(=O)(c4ccccc4)c4ccccc4)c3)n2)c1,ClC(Cl)Cl,511.4822547
11703,c1ccc2c(-c3ccc(-c4nnc(-c5ccc(-c6nnc(-c7ccc(-c8cccc9ccccc89)s7)o6)cc5)o4)s3)cccc2c1,CC(=O)N(C)C,462.0
157,N#Cc1nnn(-c2ccnc3cc(Cl)ccc23)c1N,CO,403.0145488
5703,Cc1ccc(Nc2ccc3ccccc3n2)cc1,Cc1ccccc1,417.9
127,CC(C)c1cc(C(C)C)c(B2c3cc(N4c5ccccc5Oc5ccccc54)ccc3N(c3ccccc3)c3ccc(N4c5ccccc5Oc5ccccc54)cc32)c(C(C)C)c1,Cc1ccccc1,510.2040816
5595,Cc1ccc(C2=C3C=CC(c4ccccc4)=[N+]3[B-](F)(F)n3c(Cl)ccc32)cc1,CCOC(C)=O,551.0
7874,CCCCCCCCCCCCCCCCOC(=O)c1ccc(N(c2ccccc2)c2ccccc2)cc1,C1CCCCC1,380.0
1441,FC(F)(F)c1ccc(/C=C/c2nc3c(ccc4ccccc43)s2)cc1,CC#N,445.0
5667,c1ccc(-c2ccc(-c3nc(-n4c5ccccc5c5ccc6c7ccccc7n(-c7ccccc7)c6c54)nc(-n4c5ccccc5c5ccc6c7ccccc7n(-c7ccccc7)c6c54)n3)cc2)cc1,Cc1ccccc1,495.0
6947,CN(C)c1cccc2c1ccc1c(=O)oc(-c3ccc(C(F)(F)F)cc3)cc12,CCCCO,586.0
7588,c1cc2ccc3cccc4c(-c5cc(-c6nccs6)nc(-c6nccs6)c5)cc(c1)c2c34,ClC(Cl)Cl,439.0
2748,CCn1c2ccsc2c2c3nsnc3c3c4sccc4n(CC)c3c21,C1CCOC1,539.0
4959,CCCCC(CC)Cn1c2ccccc2c2ccc(-c3ccc4c(c3)S(=O)(=O)c3cc(-c5ccc6c7ccccc7n(CC(CC)CCCC)c6c5)ccc3-4)cc21,ClC(Cl)Cl,438.0
11723,CN(CCO)c1ccc(/C=C/C2=CC(=C(C#N)C#N)CC(C)(C)C2)cc1,ClC(Cl)Cl,612.0
9792,Cc1cccc(C)c1N1C(c2ccccc2)=Cc2cccc[n+]2[B-]1(F)F,ClCCl,453.0
11054,CCCCCCCCCCCCOc1cc2cc(N(C)C)ccc2cc1C=C(C#N)C#N,CCOC(C)=O,571.0
3061,c1ccc(N(c2ccccc2)c2ccc3c(ccc4nc5ccc6cc(N(c7ccccc7)c7ccccc7)ccc6c5nc43)c2)cc1,ClCCl,576.0
9763,c1ccc(C(=C(c2ccccc2)c2ccc(-c3ccc(-c4nc5c(-c6ccc(-c7ccc(C(=C(c8ccccc8)c8ccccc8)c8ccccc8)cc7)cc6)sc(-c6ccc(-c7ccc(C(=C(c8ccccc8)c8ccccc8)c8ccccc8)cc7)cc6)c5nc4-c4ccc(-c5ccc(C(=C(c6ccccc6)c6ccccc6)c6ccccc6)cc5)cc4)cc3)cc2)c2ccccc2)cc1,Cc1ccccc1,637.0
6291,CN(C)c1ccc(/C=C/c2ccnc(/C=C/c3ccc(N(C)C)cc3)n2)cc1,ClCCl,493.0
10875,Cc1ccc(N(c2cc(C(C)(C)C)ccc2C)c2ccc3ccc4c(N(c5ccc(C)cc5C)c5cc(C(C)(C)C)ccc5C)ccc5ccc2c3c54)c(C)c1,Cc1ccccc1,461.0
10261,CCC1(CC)c2cc(/C=C/c3ccc(/C=C/c4ccc5c(c4)C(CC)(CC)c4cc(N6c7ccccc7Sc7ccccc76)ccc4-5)cc3)ccc2-c2ccc(N3c4ccccc4Sc4ccccc43)cc21,Cc1ccccc1,462.0
1057,CNCCCC1c2ccccc2C=Cc2ccccc21,CC#N,358.0
1963,Cc1cc(=O)cc(-c2ccc(-c3nc4ccccn4c3NC3CCCCC3)cc2)o1,ClCCl,500.0
3125,O=C1c2ccccc2C2=Cc3cccc[n+]3[B-](F)(F)N12,CCO,449.0
3822,CCOC(=O)C1c2cc(Cl)ccc2C(=O)N1c1ccc(OC)c(OC)c1,CO,459.0
7325,O=c1oc2ccc3ccccc3c2nc1-c1ccccc1,CCCCCC,453.0
1127,CCOC(=O)C1=C(N)n2c(=O)c3ccccc3c(=O)n2C1c1ccc(C)cc1,CS(C)=O,517.0
6853,CC[N+](CC)=c1ccc2c(-c3ccccc3C(=O)O)c3cc4c(-c5ccccc5C(=O)O)c5ccc(=[N+](CC)CC)cc-5oc4cc3oc-2c1,ClC(Cl)Cl,622.0
6067,CCn1c2ccccc2c2cc(-c3cc(-c4ccc5c(c4)c4ccccc4n5CC)nc(-c4ccccc4)n3)ccc21,Cc1ccccc1,380.0
9661,Cc1cc2nc3c(=O)n(C)c(=O)nc-3n(C)c2cc1C,CC#N,531.0
6123,CN(C)c1ccc(N2c3sc4ccccc4c3Sc3c2sc2ccccc32)cc1,ClCCl,556.0
4288,CCOC(=O)COc1ccc(/C=C/c2c(CC)c(C)c3n2[B-](F)(F)[N+]2=C(c4[nH]c(C)c(CC)c4C)c4ccccc4C2=C3C)cc1,CCCCCC,698.0
9761,CCOC(=O)CCOc1ccc(C(c2c(C)[nH]c3ccccc23)c2c(C)[nH]c3ccccc23)cc1OC,CC#N,344.0
8288,Cc1ccc(C(=O)/C=C2\C(=O)Nc3ccccc32)cc1C,CC(C)O,403.0
7808,O=C1c2ccccc2-c2ccc(N3CCOCC3)c3cccc1c23,CO,661.0
11446,CCCCCCCCCCCCCCCCOC(=O)c1ccc(N(c2ccccc2)c2ccccc2)cc1,CC#N,480.0
8579,C[n+]1ccc2c(ccc3c[n+](C)c4ccc5ccccc5c4c32)c1,CC#N,566.0
1543,Cn1c(=O)cc(C(=O)c2ccccc2)c2sc(-c3ccc(C(F)(F)F)cc3)cc21,ClCCl,511.0
3263,CCCCCCCCCCCCOc1cc2c(cc1OCCCCCCCCCCCC)C1=C3C(=O)N4C=Cc5cc(OCCCCCCCCCCCC)c(OCCCCCCCCCCCC)cc5C4=C3C(=O)N1C=C2,ClC(Cl)Cl,597.0
11471,CC[N+]1=C(/C=C/c2cc3cc(C(C)(C)C)cc4ccc5cc(C(C)(C)C)cc2c5c43)C(C)(C)c2ccccc21,CS(C)=O,688.0
4696,CC1(C)C(/C=C/C=C/c2cc3ccc(O)cc3oc2=O)=[N+](CCCS(=O)(=O)[O-])c2ccccc21,O,720.0
7798,COc1ccc(-c2cnc3nn4ccccc4c3c2)cc1,C1CCOC1,423.0
2268,c1ccc(-c2cc(-c3ccccc3)cc(-c3ccccc3)c2)cc1,C1COCCO1,354.0
4720,CCN1c2ccc(/C=C(\C#N)c3ccccc3)cc2Sc2cc(/C=C(\C#N)c3ccccc3)ccc21,Cc1ccccc1,562.0
11876,CC1=[N+]2C(=c3c4c5ccccc5cc5cccc(c6cc(C)n(c36)[B-]2(F)F)c54)C=C1,ClCCl,638.0
5268,CN(C)c1ccc(-c2ncnc3ccccc23)cc1,C1CCOC1,483.0
132,Cc1cc(C)c(C2=[N+]3C(=Cc4c(C)cc(C)n4[B-]3(F)F)c3ccccc32)[nH]1,CCCCCC,626.0
6758,CN(C)c1ccc(C#Cc2ccc(C#N)cc2)cc1,CCOCC,453.0011325
4863,COc1ccc2cc(/C=C/c3nc(/C=C/c4ccc(N(C)C)cc4)cc(/C=C/c4ccc(N(C)C)cc4)n3)ccc2c1,CC(C)=O,565.0
10359,N#C/C(=C\C=C\c1ccccc1)c1ccc([N+](=O)[O-])cc1,CC#N,540.0
603,CN(C)CCNc1ccc([N+](=O)[O-])cc1[N+](=O)[O-],CCOC(C)=O,384.0
5174,O=Cc1ccc(N(c2ccc(C=O)cc2)c2ccc(-c3ccc4c(c3)C(=O)c3ccccc3C4=O)cc2)cc1,ClCCl,685.0
11266,CC(=O)c1c2c(cc3cc(N(C)C)ccc13)CCC2,CCO,605.0
11845,CC1(C)CC(/C=C/c2cn(-c3ccccc3)nc2-c2ccccc2)=CC(=C(C#N)C#N)C1,C1COCCO1,548.0
393,COC(=O)C(Cc1ccc2oc(-c3ccc(-n4c5ccccc5c5ccccc54)cc3)nc2c1)NC(=O)OC(C)(C)C,CC(O)CO,455.000455
11208,N#CC1=c2c3cccc4cccc(c43)n2[B-](F)(F)[n+]2ccccc21,Cc1ccccc1,535.0
5400,COc1ccc(-c2cc(-c3ccc(C)cc3)nc3c(C#N)c(N4CCCC4)nc(N)c23)cc1,CC(C)O,511.0
4015,CC(C)(C)c1ccc(-c2nc3c4ccc(-c5ccc6ccccc6c5)cc4c4cc(-c5ccc6ccccc6c5)ccc4c3n2-c2ccc(C(C)(C)C)cc2)cc1,CCCCOCCCC,394.0
5155,O=CC1=C(c2ccc(-c3cccs3)s2)CC1,CCCCCC,464.0
6375,CCN(CC)c1ccc2nc3c4ccccc4c(=O)cc-3oc2c1,CCOC(C)=O,594.0
9598,COc1ccc(C#Cc2ccc(C#Cc3ccc(P(=O)(c4ccc(C#Cc5ccc(C#Cc6ccc(OC)cc6)cc5)cc4)c4ccc(C#Cc5ccc(C#Cc6ccc(OC)cc6)cc5)cc4)cc3)cc2)cc1,CS(C)=O,443.0
9965,O=S1(=O)c2ccc(-n3c4ccccc4c4ccccc43)cc2-c2cc(-n3c4ccccc4c4ccccc43)ccc21,ClC(Cl)Cl,456.0
5460,Nc1ccc(-c2ccc3c(c2)C(=O)c2ccccc2C3=O)cc1,ClCCl,695.0
7078,COc1ccc(/N=N/c2c(O)c3ccccc3n(C)c2=O)c(S(=O)(=O)O)c1,ClCCl,542.0
5514,N#CC(C#N)=C(/C=C/c1cn(-c2ccccc2)nc1-c1ccccc1)c1ccccc1,ClC(Cl)Cl,488.0
4604,CC1(C)c2ccccc2N(c2ccc(-c3n[n+]4c(o3)-c3ccccc3O[B-]4(F)F)cc2)c2ccccc21,Cc1ccccc1,464.0
181,Cc1ccc(-c2ccc(-c3ccc(-c4ccc(C)cc4)cc3/C(=C(/c3ccccc3)c3cc(-c4ccc(C)cc4)ccc3-c3ccc(-c4ccc(C)cc4)cc3)c3ccccc3)cc2)cc1,C1CCOC1,498.0
2277,CCn1c2ccccc2c2cc(C#Cc3cc(C#Cc4ccc5c(c4)c4ccccc4n5CC)nc(OC)n3)ccc21,Cc1ccccc1,411.0
8596,COc1ccc(C2=C(c3ccc(OC)cc3)C(C)(C)c3ccc4ccccc4c32)cc1,C1CCCCC1,419.0
3234,CC(C)(C)c1ccc(C2=CC(c3ccccc3)=[N+]3C2=Nc2c(-c4ccc(C(C)(C)C)cc4)cc(-c4ccccc4)n2[B-]3(F)F)cc1,Cc1ccccc1,683.0
8719,CCC1=C(C)C2=C(c3cc(C4=C5C(C)=C(CC)C(C)=[N+]5[B-](F)(F)n5c(C)c(CC)c(C)c54)cc(C4=C5C(C)=C(CC)C(C)=[N+]5[B-](F)(F)n5c(C)c(CC)c(C)c54)c3)c3c(C)c(CC)c(C)n3[B-](F)(F)[N+]2=C1C,CC#N,556.0
7589,C#CCN1C(=O)/C(=C/c2cc(OC(C)C)ccc2OC(C)C)N=C1C,CCCCO,516.0
6775,Oc1ccccc1/C=N/c1ccc(Cn2cncn2)cc1,ClCCl,363.0027588
4112,O=c1cc(COc2ccc(I)cc2)c2c(ccc3ccccc32)o1,CCOC(C)=O,415.0
8440,CC1=CC(C)=[N+]2C1=C(c1ccc(N3CCCCC3)cc1)c1c(C)cc(C)n1[B-]2(F)F,CC(=O)C(C)(C)C,516.0
9279,F[B-]1(F)N(c2ccccc2)C=Cc2cccc[n+]21,C1CCOC1,541.0
3948,Cc1c(COC(=O)Cc2c[nH]c3ccccc23)n2c(OCC(=O)Cc3c[nH]c4ccccc34)c(C)c(=O)n2c1=O,CCO,452.0
401,CCC1=C(C)C2=C(c3cc(C(=O)Cl)cc(C(=O)Cl)c3)c3c(C)c(CC)c(C)n3[B-](F)(F)[N+]2=C1C,CC#N,542.0
3902,Oc1ccc2ccccc2c1-c1nc2c(c3c1-c1ccccc1CC3)-c1ccccc1CC2,ClCCl,405.0
3595,COc1ccc(CCNC(=O)c2sc(-c3ccc(-c4cc(-c5ccc(C(C)(C)C)cc5)c(C(=O)NCCc5ccc(OC)c(OC)c5)s4)s3)cc2-c2ccc(C(C)(C)C)cc2)cc1OC,ClCCl,449.0
1631,COc1ccc(-c2cc(-c3ccc(C)cc3)c(C#N)c(OC)n2)cc1,CC(C)=O,403.0
3652,CCC1=C(C)C(=O)n2c1cc1c(c(C)c(C(=O)OC)n1C)c2=O,CO,501.0
7807,Nc1ccc2c(c1)C(=O)NC2=O,CCOCC,425.0
3891,c1ccc(N2c3ccc4ccccc4c3-c3c4ccccc4nc[n+]3[B-]2(c2ccccc2)c2ccccc2)cc1,ClC(Cl)Cl,676.0
7248,Cc1ccccc1/C(C#N)=C/c1ccc(N(C)C)cc1,CN(C)C=O,456.0
9043,O=C(c1ccncc1)c1cc(-n2c3ccccc3c3ccccc32)ccc1-n1c2ccccc2c2ccccc21,ClCCl,531.643002
11594,Cc1nc2c(ccc3c2sc(/C=C/c2ccc(N(CCO)CCO)cc2)[n+]3C)s1,ClC(Cl)Cl,603.0
12121,COC(=O)c1cc(=O)n(C)c2cc(-c3ccc(OC)cc3)sc12,CC#N,474.0
3403,CCCCCCC(CCCCCC)N1C(=O)c2cccc3c(-c4ccc(C#N)cc4)ccc(c23)C1=O,CCCCCC,407.4
4794,CCCCCCOc1ccc(/C=C/c2ccc(N(c3ccc(/C=C/c4ccc(OCCCCCC)cc4)cc3)c3ccc(-c4nc5ccccc5nc4-c4ccc(N(c5ccc(/C=C/c6ccc(OCCCCCC)cc6)cc5)c5ccc(/C=C/c6ccc(OCCCCCC)cc6)cc5)cc4)cc3)cc2)cc1,C1CCOC1,518.0
6621,O=C([O-])c1ccccc1C1=c2cc3c4c(c2Oc2c1cc1c5c2CCCN5CCC1)CCC[N+]=4CCC3,CN(C)C=O,608.0
10404,CCN(CC)c1ccc2cc(/C=C/c3cccc[n+]3CCCS(=O)(=O)[O-])c(=O)oc2c1,OCC(O)CO,625.0
7383,COCCOCCOc1cc(C=O)c(OCCOCCOC)cc1C=O,CCCCO,467.0
4220,CN(C)c1ccc2nc3c(cc2c1)c(-c1ccccc1)nn3-c1ccccc1,CCCCCl,515.995872
8612,Cc1cc2ccccc2cc1C,C1CCCCC1,339.2130258
11648,COc1ccc(-c2ccc(-c3c4c(nc5ccccc35)-c3cc5c(cc3CC4)-c3nc4ccccc4c(-c4ccc(-c6ccc(OC)cc6)cc4)c3CC5)cc2)cc1,ClC(Cl)Cl,388.0
7182,F[B-]1(F)n2c(ccc2-c2ccccc2)C(c2ccc(I)cc2)=C2C=CC(c3ccccc3)=[N+]21,ClC(Cl)Cl,588.0
12056,c1ccc(-c2nc(-c3ccc(-c4cccs4)s3)[nH]c2-c2ccccc2)cc1,CC#N,454.0
6243,CC1(C)c2ccccc2N(c2ccc3c(c2)c2cc(N4c5ccccc5C(C)(C)c5ccccc54)cc4c5ccccc5n3c42)c2ccccc21,Cc1ccccc1,449.0
6325,Nc1nc2c([nH]c(=O)n2[C@H]2C[C@H](O)[C@@H](CO)O2)c(=O)[nH]1,O,353.9823009
6398,CN(C)c1ccc(C(=Cc2ccc(/C=C(\C#N)c3ccccc3)cc2)c2ccc(N(C)C)cc2)cc1,C1CCOC1,616.0
2067,CC1=CC(C)=[N+]2C1=C(c1ccc(N3CCOCC3)cc1)c1c(C)cc(C)n1[B-]2(F)F,CCOC(C)=O,517.0
4667,COc1ccc(C2=C3C(C)=CC(C)=[N+]3[B-](F)(F)n3c(/C=C/c4ccc(N(C)C)cc4)cc(C)c32)cc1,C1CCCCC1,612.0
5643,C/C(=C\c1ccc(C)cc1)c1nc2ccccc2o1,C1CCCCC1,370.0
5492,COc1ccc2c(c1)CCc1c(-c3ccccc3)c3n(c1-2)[B-](F)(F)[N+]1=C2C=NC=CN2[B-](F)(F)[N+]1=C3,ClCCl,576.0
5169,CN(C)c1ccc(C2=Cc3cc(Cl)nc[n+]3[B-](F)(F)O2)cc1,ClCCl,529.0
1599,O=Cc1c(O)c(-c2nc3ccccc3s2)cc2ccccc12,CCO,503.0
5019,COc1ccc(/C=C/c2cc(/C=C/c3ccc(OC)cc3)nc(/C=C/c3ccc4cc(OC)ccc4c3)n2)cc1,CCCCCCC,401.0
10928,O=C1Nc2ccccc2/C1=C/C(=O)c1ccccc1,CCOC(C)=O,394.0
1385,CCN(CC)c1ccc(-c2cc3c(s2)c(C(=O)OC)cc(=O)n3C)cc1,CO,503.0
12009,CN(C)c1ccc(C#Cc2ccc(C=O)cc2)cc1,CCOC(C)=O,502.9928072
7434,CN(C)c1ccc(/C=C/C=C/c2ccc([N+](=O)[O-])c(O)c2)cc1,Cc1ccccc1,609.0
9315,c1ccc2c(B(c3c4ccccc4cc4ccccc34)c3c4ccccc4cc4ccccc34)c3ccccc3cc2c1,C1CCOC1,535.0
9052,C[C@]12C(=O)NC(=O)N([C@H]3CC(O)[C@@H](CO)O3)[C@H]1[C@H]1Oc3cc4oc(=O)ccc4cc3[C@H]12,CC(C)O,428.0
1405,CC1(C)CC(/C=C/c2ccc(N3CCOCCOCCOCCOCC3)cc2)=CC(=C(C#N)C#N)C1,CCO,641.0
4991,N#CC1=C(c2ccc(-c3cccs3)s2)CC1,OCCOCCO,462.0
3275,CC1=CC(c2ccc3cc(N(C)C)ccc3c2)=[O+][B-](F)(F)O1,ClCCl,574.0
809,O=CC1=Cc2c(-c3ccccc3)oc(-c3ccccc3)c2C=C(C=O)C1,C1COCCO1,451.0
9016,C=CCNc1ccc2ccc3oc4cc(=[N+]5CCCC5)ccc-4nc3c2c1,O,650.0
2029,CCN(CC)c1ccc(-c2nc3c(c4c2-c2ccccc2CC4)-c2ccccc2CC3)cc1,C1CCOC1,452.0
6153,O=Cc1ccc(N(c2ccc(C=O)cc2)c2ccc(-c3ccc4c(c3)C(=O)c3ccccc3C4=O)cc2)cc1,CCCCCC,493.0
2650,Cc1cc(C)c(B(c2ccccc2-n2c3ccccc3c3ccccc32)c2c(C)cc(C)cc2C)c(C)c1,ClCCl,478.6082474
4439,c1cc2c3c(cccc3c1)NC(c1ccc3ccc4cccc5ccc1c3c45)N2,CO,450.0
3024,CCCCCCN1C(=O)C(c2ccc(-n3c4ccccc4c4ccccc43)cc2)=C(c2ccc(-n3c4ccccc4c4ccccc43)cc2)C1=O,c1ccc2c(c1)c1ccccc1n2-c1ccc(-c2ccc(-n3c4ccccc4c4ccccc43)cc2)cc1,591.0
12144,CC1(C)c2ccccc2N(c2ccc(-c3ccc(C#N)cc3)cc2)c2ccccc21,N#Cc1ccc2c(c1)c1ccccc1n2-c1cccc(-n2c3ccccc3c3ccccc32)c1,470.0
8254,CCn1c2ccccc2c2cc(C#Cc3cc(C#Cc4ccc5c(c4)c4ccccc4n5CC)nc(OC)n3)ccc21,ClCCl,467.0
9541,CC(C)[Si]1(C(C)C)c2cc(C=O)ccc2-c2ccc(N(c3ccccc3)c3ccccc3)cc21,C1CCCCC1,425.0
5045,O=c1cc(C(F)(F)F)c2cc3c4c(c2o1)CCCN4CCC3,C1CCCCC1,455.0
7399,COc1ccc(-c2cccc3ncc(-c4ccccc4)n23)cc1,ClCCl,468.0
1702,[C-]#[N+]c1ccc(-c2ccc(N)cc2)cc1,ClCCl,390.0
4504,CCC1=C(C)C2=Cc3cccn3[B-](F)(F)[N+]2=C1C,OCC(F)(F)F,515.5
61,CC[N+]1(CC)CN2C(=N1)C(C(=O)O)=Cc1ccc(OC)cc12,O,449.0
3971,COc1ccc(C2=C3C(C)=CC(C)=[N+]3[B-](F)(F)n3c(/C=C/c4ccc(N(C)C)cc4)cc(C)c32)cc1,CCC#N,710.0
5140,Cc1c2oc3c(C)c(N)cc(C(=O)NC4OC(=O)C(C(C)C)N(C)C(=O)CN(C)C(=O)C5CCCN5C(=O)C(C(C)C)NC4=O)c3nc-2c(C(=O)NC2OC(=O)C(C(C)C)N(C)C(=O)CN(C)C(=O)C3CCCN3C(=O)C(C(C)C)NC2=O)c(N)c1=O,CC(=O)O,638.8633344
4773,CCOC(=O)c1csc2[n+]1[B-](F)(F)OC(c1ccc(N(C)C)cc1)=N2,CC#N,477.0
2094,N#Cc1ccc(/C=C/C=C/c2ccc([N+](=O)[O-])cc2)cc1,CN(C)C=O,540.0
5151,COc1cc(OC)cc(C2=[O+][B-](F)(F)OC(c3ccc4ccccc4c3)=C2)c1,CC#N,521.2056481
10347,N#Cc1ccc(C#Cc2ccc(C#Cc3ccc(C#Cc4ccccc4C#N)cc3C#N)cc2C#N)cc1,CN(C)C=O,394.0
1880,CCC1=C(C)C2=C(C)c3c(C)c(CC)c(C)n3[B-](F)(F)[N+]2=C1C,CC(C)O,534.0
3370,N#Cc1nc2c3ccc(-c4ccc(-n5c6ccccc6c6ccccc65)cc4)cc3c3cc(-c4ccc(-n5c6ccccc6c6ccccc65)cc4)ccc3c2nc1C#N,O=P(c1ccccc1)(c1ccccc1)c1cccc(-c2cc(-n3c4ccccc4c4ccccc43)cc(-n3c4ccccc4c4ccccc43)c2)n1,552.0
8694,COC(=O)c1ccc(Oc2ccc3c4c(cccc24)C(=O)N(c2c(C(C)C)cccc2C(C)C)C3=O)cc1,ClCCl,421.0
10270,N#Cc1ccc(N)cc1C#N,CC#N,384.0
4269,CC(=O)c1ccn2c3c(c(-c4ccc(C(F)(F)F)cc4)c2c1)CN(CCCNC(=O)OC(C)(C)C)C3=O,CO,514.0
10604,c1ccc(-c2nc(-c3ccccc3)nc(-c3ccc(-n4c5ccccc5c5cc6c(cc54)c4ccccc4n6-c4ccccc4)cc3)n2)cc1,O=P(c1ccccc1)(c1ccccc1)c1ccc2oc3ccc(P(=O)(c4ccccc4)c4ccccc4)cc3c2c1,511.0
8641,COC(=O)c1nc2cnc(N(C)C)nc2n1Cc1ccccc1,CC#N,444.0
2287,CCCCCCCCOc1ccc(C2=C3C(C)=C(C#Cc4ccc(B(c5c(C)cc(C)cc5C)c5c(C)cc(C)cc5C)cc4)C(C)=[N+]3[B-](F)(F)n3c(C)c(C#Cc4ccc(B(c5c(C)cc(C)cc5C)c5c(C)cc(C)cc5C)cc4)c(C)c32)cc1,ClCCl,602.0
7037,CN(C)c1ccc2c3c(ccc2c1)CCCC3=O,Clc1ccccc1,498.0
9129,c1cc(-c2c3ccccc3c(-c3ccc4ccccc4c3)c3ccccc23)cc(-n2c3ccccc3c3ccccc32)c1,ClCCl,419.0
7515,COc1cccc(-c2c3ccccc3c3n2[B-](F)(F)[N+]2=Cc4c5ccccc5c(-c5cccc(OC)c5)n4[B-](F)(F)[N+]2=C3)c1,ClCCl,602.0
4665,COc1cccc(-n2c(-c3ccc(O)cc3)nc(C)c2C)c1,CCCCCC,370.0
8347,CN(C)c1ccc(/C=C2\CC/C(=C\c3ccc(C#N)cc3)C2=O)cc1,CC(C)O,647.0
6489,O=S(=O)(c1cccc(N2c3ccccc3Sc3ccccc32)c1)c1cccc(N2c3ccccc3Sc3ccccc32)c1,CCCCC(CC)n1c2ccc(-n3c4ccccc4c4ccccc43)cc2c2cc(-n3c4ccccc4c4ccccc43)ccc21,554.5706371
664,CN(C)c1ccc(C#Cc2ccc(-c3cc(N(C)C)c4ccccc4c3)cc2)cc1,CC#N,497.0227671
2906,Cn1c(=O)c(/N=N/c2cc(S(=O)(=O)O)ccc2C(=O)O)c(O)c2ccccc21,Cc1ccccc1,509.0
7969,CCOC(=O)c1c(NC(C)(C)C)oc(-c2ccc(-c3ccccc3)cc2)c1C(=O)OCC,CC#N,448.0
1046,CC(C)[Si](C#Cc1ccc(C#C[Si](C(C)C)(C(C)C)C(C)C)c2nc3ccccc3nc12)(C(C)C)C(C)C,CCCCCC,463.0
10821,CCCCCCCCCCCCOc1cc2cc(N(C)C)ccc2cc1C=O,CC#N,485.0
2404,C(=C/c1nc2ccccc2o1)\c1ccccc1,C1CCCCC1,380.0
5425,O=Cc1ccc(-c2ccc(C3=CCCCC3)s2)s1,CC#N,485.0
8093,Cc1ccc(C2CC(c3ccc(O)cc3)=NN2c2ccc(S(N)(=O)=O)cc2)cc1,CC(C)O,423.0
9180,Oc1ccccc1/C=N/N=C/c1ccccc1O,CCCCCC,578.0346821
1568,CCCCCCCCCCCCC(CCCCCCCCCC)Cn1c2cc(C=C(C#N)C#N)c3cccc4c5cccc6c(C=C(C#N)C#N)cc1c(c65)c2c34,CC#N,641.0
462,Oc1c(-c2nc3c4ccc(-c5ccccc5)cc4c4cc(-c5ccccc5)ccc4c3[nH]2)ccc2c1c1ccccc1n2-c1ccccc1,Cc1ccccc1,507.0
743,COc1cc(S(=O)(=O)[O-])c2ccc3c(S(=O)(=O)[O-])cc(S(=O)(=O)[O-])c4ccc1c2c43,O=C1CCCO1,402.787288
222,O=C1c2cccc3c(NCc4ccccn4)c4ccccc4c(c23)C(=O)N1Cc1ccccn1,Cc1ccccc1,606.0
12110,CN(C)c1ccc(/C=C/C(=O)c2ccccc2)cc1,CCO,530.0
8690,CC(=O)O[B-]1(OC(C)=O)OC(/C=C/c2ccccc2)=CC(/C=C/c2ccccc2)=[O+]1,CS(C)=O,480.0
8030,CCn1c2ccccc2c2cc(/C=C/c3cccc[n+]3CCCS(=O)(=O)[O-])ccc21,Cc1ccccc1,590.0
625,C(#Cc1ncc(-c2ccccc2)o1)c1cccnc1,ClCCl,380.0
3656,CC(C)(C)c1cc2cc(N(c3ccccc3)c3ccccc3)c3cc(C(C)(C)C)cc4cc(N(c5ccccc5)c5ccccc5)c(c1)c2c43,C1CCOC1,466.7211329
6805,COC(=O)C(Cc1ccc2oc(-c3ccc(N(C)c4ccccc4)cc3)nc2c1)NC(=O)OC(C)(C)C,CO,535.5039092
2188,CCN1/C(=C\c2c(-c3ccc(N(C)C)cc3)c(=O)c2=O)C=Cc2ccccc21,ClCCl,588.0
2177,COCCOCCOCCOc1ccc(OCCOCCOCCOC)c(C=O)c1,CO,468.0
9317,COc1ccc(-c2csc(/C(C#N)=C/c3ccc(Cl)cc3)n2)cc1,CC#N,543.0
3499,CC(C)(C)c1ccc(-c2nc3c4ccc(-c5ccc6ccc7cccc8ccc5c6c78)cc4c4cc(-c5ccc6ccc7cccc8ccc5c6c78)ccc4c3n2-c2ccc(C(C)(C)C)cc2)cc1,CC#N,460.0
9812,CC(C)c1cc(C(C)C)c(B2c3cc(-n4c5ccc(C(C)(C)C)cc5c5cc(C(C)(C)C)ccc54)ccc3N(c3ccccc3)c3ccc(-n4c5ccc(C(C)(C)C)cc5c5cc(C(C)(C)C)ccc54)cc32)c(C(C)C)c1,CCOC(C)=O,453.0612245
6022,N#Cc1ccc2[nH]ccc2c1,CO,367.0
8983,CCB1c2ccccc2Nc2ccccc21,ClCCl,494.0
8949,COc1ccc(/C=C/C=C/C2=NC3C(=O)NC(N)=NC3N2[C@H]2C[C@H](O)[C@@H](CO)O2)cc1,C1COCCO1,429.0
438,Oc1ccccc1-c1nc2c3ccccc3c3ccccc3c2n1-c1ccccc1,Cc1ccccc1,369.0
4520,CCC1=C(C)C(=O)n2c1cc1c(C)c(CC(=O)O)c(C)n1c2=O,CS(C)=O,505.0
5623,Cc1ccc(OCc2cc(=O)oc3c2ccc2ccccc23)cc1,CO,432.0
353,Cc1cc(C)c(C)c(-c2ccc3cc(C)c(=O)oc3c2)c1C,C1CCCCC1,383.0
11688,Clc1ccc2cc3cccc[n+]3cc2c1,O,408.0
456,COc1ccc2c(c1)c1cc(OC)ccc1n2-c1ccc2c(c1)-c1cc(-n3c4ccc(OC)cc4c4cc(OC)ccc43)ccc1P2(=O)c1ccccc1,c1ccc2c(c1)c1ccccc1n2-c1ccc(-c2ccc(-n3c4ccccc4c4ccccc43)cc2)cc1,490.0
9835,CC1(C)CC(/C=C/c2cn(-c3ccccc3)nc2-c2ccccc2)=CC(=C(C#N)C#N)C1,Cc1ccccc1,542.0
9616,Cc1cc(C)c(B(c2c(C)cc(C)cc2C)c2cc3ccc4ccccc4c3c3c2cc(N(C)C)c2ccccc23)c(C)c1,C1CCOC1,601.0
239,CN1/C(=C/C=C(/C=C/c2sc3ccccc3[n+]2C)c2cccc(C(F)(F)F)c2)Sc2ccccc21,CS(C)=O,665.0
8165,COc1cc2c(cc1/C=C/C(=C(C#N)C#N)c1ccccc1)c1ccccc1n2C,CO,575.0
7298,CCCCCCc1ccc(-n2c3[n+](c4c5ccccc5c5ccccc5c42)[B-](C)(C)c2cc(N(c4ccccc4)c4ccccc4)ccc2-3)cc1,Cc1ccccc1,428.0
230,O=C(O)c1c2ccccc2nc2ccccc12,CCCCO,422.0
9565,CSc1sc(C(=O)c2ccccc2)c2nn[nH]c(=O)c12,CN(C)C=O,492.0
10127,F[B-]1(F)n2c(-c3ccccc3)cnc2-c2cccc[n+]21,C1CCCCC1,486.0
8231,Cc1ccc(-c2cc(-c3ccccc3Cl)c3c(N)nc(N4CCCC4)c(C#N)c3n2)cc1,CO,525.0
4407,CC(C)(C)NC1=C2C=CC=[N+]2[B-](F)(F)n2cccc21,CCO,494.0
6550,CCCCN(CCCC)c1ccc(C#Cc2cc(C#Cc3ccc(N(CCCC)CCCC)cc3)c(C#Cc3ccc(C#N)cc3)cc2C#Cc2ccc(C#N)cc2)cc1,ClCCl,557.0
4793,CCOC(=O)c1sc(-c2ccc(-c3cc(C4CC4)c(C(=O)OCC)s3)s2)cc1C1CC1,ClCCl,448.0
1018,CC(C)(C)c1ccc(N(c2ccc(C(C)(C)C)cc2)c2cc(N(c3ccc(C(C)(C)C)cc3)c3ccc(C(C)(C)C)cc3)c3ccc4cc(C(C)(C)C)cc5ccc2c3c54)cc1,ClCCl,491.0
7271,CN(C)c1ccc(/C=C/c2nc3ccc(N(C)C)cc3oc2=O)cc1,Cc1ccccc1,567.0
8721,N#Cc1coc2ccccc2c1=O,C1COCCO1,402.0
8331,Cc1ccc(/C=C/c2ccccc2-[n+]2noc([O-])c2C)cc1,C1CCCCC1,348.0
1760,N#Cc1coc2ccccc2c1=O,CO,415.0
5725,CCn1c2ccccc2c2cc(C#Cc3cc(C#Cc4ccc5c(c4)c4ccccc4n5CC)nc(SC)n3)ccc21,ClCCl,471.0
8622,CN(C)c1ccc(/C=C/c2nc(/C=C/c3ccc(N(c4ccccc4)c4ccccc4)cc3)cc(/C=C/c3ccc(N(c4ccccc4)c4ccccc4)cc3)n2)cc1,C1CCOC1,512.0
10765,CCCCCC(=O)c1c2c(c(C(=O)CCCCC)c3c1OC1(CCCC1)O3)OC1(CCCC1)O2,ClCCl,561.0
10400,[NH3+]c1ccc2ccc(O)cc2c1,O,357.0
1103,Cc1cc(C)c(B2c3cc(C(C)(C)C)cc4ccc5c6ccccc6c6cc(C(C)(C)C)cc2c6c5c34)c(C)c1,C1CCCCC1,433.0
11108,N#CC(C#N)=C(c1cccc(N(c2ccccc2)c2ccccc2)c1)c1cccc(N(c2ccccc2)c2ccccc2)c1,C1CCCCC1,415.6652361
11908,C[n+]1ccc(/C=C/c2ccc(N(c3ccccc3)c3ccc(/C=C/c4cc[n+](C)cc4)cc3)cc2)cc1,ClCCl,502.0
8153,O=C1NC(=O)[C@H]([C@H]2C[C@H](O)[C@@H](CO)O2)C=C1C#Cc1ccc2c(c1)C(=O)c1ccccc1-2,O,545.0
4415,CC1=[N+]2C(=C(c3c4ccccc4cc4ccccc34)c3ccc(C)n3[B-]2(F)F)C=C1,C1CCOC1,528.0
4226,F[B-]1(F)Oc2ccccc2-c2nc(-c3ccccc3)c3cc(Cl)ccc3[n+]21,Cc1ccccc1,542.0
3251,C(=C/c1nc2c3ccccc3c3ccccc3c2o1)\c1ccccc1,CC#N,434.0
8530,Cc1ccc(Sc2cc3ccc4cccc5ccc(c2)c3c45)cc1,ClCCl,405.0
5526,F[B-]1(F)OC(c2ccc(N3CCCCC3)cc2)=Cc2cccc[n+]21,ClC(Cl)Cl,499.0
3063,O=C1c2ccccc2-c2nc3c(F)c(F)c(F)c(F)c3n21,ClCCl,485.0
4929,COc1nc(Cl)nc(Nc2ccc3c4c(cccc24)C(=O)c2ccccc2-3)n1,Clc1ccccc1,524.9343832
4344,O=C1OC(c2ccccc2)=N/C1=C\c1ccc(N(c2ccccc2)c2ccccc2)cc1,CCCCCC,486.0
11243,COc1ccc(C#Cc2ccc(C#N)cc2)cc1OC,CCCCCC,346.0
2947,CN(C)c1ccc(/C=C/C(=O)c2ccc(Cl)cc2)cc1,c1ccccc1,488.0
11230,CC(C)(C)c1ccc(-c2cc3c4c(c2)CCc2cc(-c5ccc(C(C)(C)C)cc5)cc(c2-4)CC3)cc1,C1CCOC1,384.8663102
11316,CC(C)(C)c1ccc2c(c1)c1cc(C(C)(C)C)ccc1n2-c1ccc2c(c1)C(=O)c1ccc(-n3c4ccc(C(C)(C)C)cc4c4cc(C(C)(C)C)ccc43)cc1C2=O,Cc1ccccc1,602.0
7205,CN(C)c1ccc(/C=C/C=C/c2nc3ccccc3o2)cc1,C1COCCO1,508.0
3431,NS(=O)(=O)c1ccc(N2N=C(c3ccc(O)cc3)CC2c2ccccc2)cc1,CC#N,417.0
11759,CC[N+](CC)=c1ccc2cc3c(oc-2c1)-c1ccc(N(C)C)cc1CC3,O,641.0
4742,O=S(=O)(c1ccccc1)c1ccc(-c2ccc3c4ccc(-c5ccc(S(=O)(=O)c6ccccc6)cc5)cc4n(-c4ccccc4)c3c2)cc1,Cc1ccccc1,413.0
10675,C/C=C/c1cc(OC)cc(OC)c1,CC#N,343.0
11101,N#Cc1ccc(-c2ccc3c(c2)c2cc(-c4ccc(C#N)cc4)ccc2c2c3nc(-c3ccc(-c4ccc(N(c5ccccc5)c5ccccc5)cc4)cc3)n2-c2ccccc2)cc1,C1CCOC1,468.6788155
4789,N#Cc1cc(-c2ccc(F)cc2)cnc1O,CC(C)O,424.0
9868,COc1ccc(-c2csc(/C(C#N)=C\Nc3ccc(C#N)cc3)n2)cc1,Cc1ccccc1,441.0
10308,Cc1cc2cc3cc(C)c(C)cc3cc2cn1,CCO,444.6420631
10032,c1ccc(-c2ccc(-c3ccc(N(c4ccccc4)c4ccccc4)cc3)c3nsnc23)cc1,C1CCOC1,578.0
1034,CCOC(=O)CCCCCn1c2ccccc2c(=O)c2cc3c(cc21)c(=O)c1cc(I)ccc1n3CCCCCC(=O)OCC,CO,558.0
2264,CC1=CC(C)=[N+]2C1=C(c1ccccc1)c1c(C)c(-c3cccs3)c(C)n1[B-]2(F)F,Cc1ccccc1,591.0
11406,Cc1cc(O)c(C(C)C)cc1/N=C/c1ccc(C(F)(F)F)cc1,ClCCl,424.0
8222,C1=C2C3=C(C4=[N+]2[B-]2(Oc5ccccc54)Oc4ccccc4-c4c5c(c1n42)C1CCC5CC1)C1CCC3CC1,ClCCl,645.0
4205,COc1cc(-c2cc(-c3ccc(C)cc3)nc3c(C#N)c(N4CCCC4)nc(N)c23)cc(OC)c1OC,ClC(Cl)Cl,509.0
6209,CN(C)c1ccc(/C=C2/N=C(c3ccccc3)OC2=O)cc1,C1COCCO1,513.0
906,CCC1=C(C)C2=C(C)c3c(C)c(-c4csc(N5CCOCC5)n4)c(C)n3[B-](F)(F)[N+]2=C1C,CS(C)=O,539.0
10670,CN(C)c1ccc2nc(-c3ccc(C(=O)Nc4ccccc4)cc3)sc2c1,ClC(Cl)Cl,494.0
8761,CCOC(=O)CN1C(=O)C2=C(c3ccccc3)N(CC(=O)OCC)C(=O)C2=C1c1ccccc1,CC#N,512.0
368,Ic1ccc(C2=C3C=CC4=[N+]3[B-]3(Oc5ccccc54)Oc4ccccc4-c4ccc2n43)cc1,ClC(Cl)Cl,654.0
10565,COc1ccc(N(c2ccc(OC)cc2)c2ccc3ccc4c(B(c5c(C)cc(C)cc5C)c5c(C)cc(C)cc5C)ccc5ccc2c3c54)cc1,Cc1ccccc1,575.0
3593,CC1=[O+][B-]2(OC(=O)C(=O)O2)OC(c2c3ccccc3cc3ccccc23)=C1,CC#N,527.0
1415,COc1c(/C=N/Nc2ccc(C#N)cc2)ccc2ccccc12,CS(C)=O,463.0
7310,CN(C)c1cccc2c1ccc1c(=O)oc(-c3ccc(C(F)(F)F)cc3)cc12,CN(C)C=O,614.0
2286,CC(=O)c1ccn2c3c(c(/C=C/c4cc[n+](C)cc4)c2c1)CN(C)C3=O,O,551.0
8602,NS(=O)(=O)c1ccc(N2N=C(c3ccc(O)cc3)CC2c2ccc(Cl)cc2)cc1,CCOC(C)=O,416.0
11702,CN(C)c1ccc(/C=C/c2nc(/C=C/c3ccc(N(C)C)cc3)c3ccccc3n2)cc1,CC#N,570.0
12154,CC1(C)c2ccccc2N(c2ccc(-c3nnc(-c4ccccc4O)o3)cc2)c2ccccc21,ClCCCl,521.0
8671,O=C1c2cccc3c(NCc4ccccn4)c4ccccc4c(c23)C(=O)N1Cc1ccccn1,C1CCOC1,609.0
5437,c1ccc(-c2nc(-c3ccccc3)nc(-c3ccc(-c4ccc5c(c4)[Si](c4ccccc4)(c4ccccc4)c4cc(-c6ccc(-c7nc(-c8ccccc8)nc(-c8ccccc8)n7)cc6)ccc4N5c4ccccc4)cc3)n2)cc1,c1cc(-c2cccc(-n3c4ccccc4c4ccccc43)c2)cc(-n2c3ccccc3c3ccccc32)c1,459.0
114,COc1cc2c(cc1/C=C/C(=C(C#N)C#N)c1ccccc1)c1ccccc1n2C,CN(C)C=O,573.0
5800,O=CC1=C(c2ccc(-c3cccs3)s2)CC1,c1ccncc1,495.0
3873,Oc1c(-c2nc3c4ccc(-c5ccccc5)cc4c4cc(-c5ccccc5)ccc4c3[nH]2)cc2c3c1CCCN3CCC2,C1CCOC1,454.0
2900,N#Cc1ccc2[nH]ccc2c1,C1CCOC1,349.0
1721,CN(C)c1ccc(-c2c(/C=C3/C=Cc4ccccc4N3Cc3ccccc3)c(=O)c2=O)cc1,C1CCCCC1,427.0
8726,CN(C)c1ccc2c(c1)C(C)(C)C1=CC(=[N+](C)C)C=CC1=C2,CO,620.0
4562,CN(C)c1ccc(C2=Cc3cc(Cl)nc[n+]3[B-](F)(F)O2)cc1,Cc1ccccc1,494.0
3184,CN(C)c1ccc(C#Cc2ccc(C#Cc3ccc(C#Cc4ccccc4C#N)cc3C#N)cc2C#N)cc1,C1CCOC1,621.0
4342,CC(C)(C)c1cc2ccc3cc(C(C)(C)C)cc4c(N(c5ccccc5)c5ccccc5)cc(c1)c2c34,CCCCCC,415.0
1824,C(=C/c1ncc2ccccc2n1)\c1ccc(N2CCCCC2)cc1,ClCCl,545.0
3080,COc1ccc2c(c1)c1cc(OC)ccc1c1c2ccc2cccc(C(=O)NC(C)(C)C)c21,ClCCl,415.0
10313,c1ccc2c(c1)CCc1c-2cnc2c1-c1ccccc1CC2,C1CCOC1,356.0
3023,c1ccc(-c2nc(-c3ccc(-c4nc(-c5ccccc5)c(-c5ccccc5)[nH]4)s3)[nH]c2-c2ccccc2)cc1,CC(=O)O,502.9964036
4740,CC1(C)Nc2cc(Cl)ccc2-c2[nH]c3ccccc3c(=O)c21,C1CCOC1,474.0
9862,CCN1c2ccc(-c3cc(C(F)(F)F)[nH]n3)cc2Sc2cc(-c3cc(C(F)(F)F)[nH]n3)ccc21,CN(C)C=O,464.0
1901,F[B-]1(F)n2c(ccc2-c2cccs2)C(C(F)(F)F)=C2C=CC(c3cccs3)=[N+]21,CCCCCC,674.0
3232,Nc1ccc2c(c1)C(=O)N(C13C[C@H]4C[C@@H](C1)C[C@@H](C3)C4)C2=O,ClCCl,444.0
2320,COc1cc(OC)c2c3c([nH]c2c1)C(=O)CCC3,CS(C)=O,414.0
1918,N#Cc1ccc(-n2cccc2)cc1,C1CCOC1,422.0
5418,CC(C)(C)c1ccc(-c2nc3c4ccccc4c4ccccc4c3n2-c2ccc(C(C)(C)C)cc2)cc1,CCN(CC)CC,388.0
5821,Cn1nc(-c2ccccc2)c2nc3cc(Cl)ccc3nc21,C1CCOC1,519.0
1569,COCCOCCOCCOc1cc(C=O)c(OCCOCCOCCOC)cc1C=O,O,495.0
5960,O=C1c2cccc3c(NCc4ccccn4)c4ccccc4c(c23)C(=O)N1Cc1ccccn1,ClCCl,611.0
347,[NH-]c1cc(N)cc(-c2nc3ccccc3s2)c1,O,484.0
1242,N#Cc1cccc2[nH]ccc12,C1COCCO1,369.0
420,CCCCC(CC)Cn1c2cc(C#N)ccc2c2ccc(C#Cc3ccc4ccc5c(C#Cc6ccc7c8ccc(C#N)cc8n(CC(CC)CCCC)c7c6)ccc6ccc3c4c65)cc21,ClCCl,400.0
11567,CCCCn1c2ccc(C#N)cc2c2cc(C#N)cc(-c3ccc(N(c4ccccc4)c4ccccc4)cc3)c21,C1CCCCC1,407.0
9258,CCCCN1C(=O)C(=CC=C2N(CCCC)c3ccccc3N2CCCC)C(=O)N(CCCC)C1=S,ClC(Cl)Cl,489.0
37,CNc1cccc2c1-c1ccccc1C2=O,CC#N,638.0
9854,COc1ccc(C2=C(c3ccc(-c4ccccc4)cc3)C(c3ccccc3)=[N+]3C2=Nc2c(-c4ccc(OC)cc4)c(-c4ccc(-c5ccccc5)cc4)c(-c4ccccc4)n2[B-]3(F)F)cc1,Cc1ccccc1,716.0
9972,N#Cc1cc(N)cc(C#N)c1,CCO,402.0
6515,COc1c(-c2ccc(N(C)C)cc2)oc2ccccc2c1=O,C1CCCCC1,413.8888889
8830,Cc1ccc(C(=O)NN2C3=C(CC4=C2CCCC4=O)C(=O)CCC3)cc1,C1CCOC1,435.0
10689,CC1(C)c2ccccc2N(c2ccc(-c3nnc(-c4ccc(N5c6ccccc6C(C)(C)c6ccccc65)cc4)o3)cc2)c2ccccc21,O=P(c1ccccc1)(c1ccccc1)c1ccccc1Oc1ccccc1P(=O)(c1ccccc1)c1ccccc1,472.0
1031,CC(C)(C)c1ccc2c(c1)c1cc(C(C)(C)C)ccc1n2-c1ccc(C(=O)c2ccncc2)cc1,c1cc(-c2cccc(-n3c4ccccc4c4ccccc43)c2)cc(-n2c3ccccc3c3ccccc32)c1,475.4424779
4339,CCN(CC)c1ccc2cc(/C=C/C(=C(C#N)C#N)c3ccc(N(c4ccccc4)c4ccccc4)cc3)c(=O)oc2c1,CC(C)=O,621.0
10525,F[B-]1(F)n2cccc2C=C2c3ccccc3C(c3ccc[nH]3)=[N+]21,CCCCCC,588.0
4320,Cc1cc(C(F)(F)F)nc2c1ccc1nc(-c3ccc(F)c(F)c3)cn12,Cc1ccccc1,451.0
7292,CCCCCOc1ccc2c(c1)c1ccc3cccc4c5cc(OC)cc6oc(=O)c2c(c65)c1c34,C1CCOC1,454.0
9825,COc1ccc(/C=C/c2cc(/C=C/c3ccc(OC)cc3)nc(/C=C/c3ccc4cc(OC)ccc4c3)n2)cc1,ClCCl,443.0
10172,Cc1cc(N(C)C)cc(C)c1/C=C/C=C/c1ccc(C#N)cc1,CC#N,599.0
6639,COc1ccc(-c2cc3c(s2)=CC2=C(C(F)(F)F)c4cc5sc(-c6ccc(OC)cc6)cc5n4[B-](F)(F)[N+]=32)cc1,ClC(Cl)Cl,754.0
763,Cc1ccc(C(=O)/C=C2\C(=O)Nc3ccccc32)cc1,CN(C)C=O,408.0
4974,COc1cc(N(c2ccccc2)c2ccccc2)ccc1C=C(C#N)C#N,C1COCCO1,548.0
10897,N#CC(C#N)=CC1=Cc2c(-c3ccccc3)oc(-c3ccccc3)c2C=C(C=C(C#N)C#N)C1,ClC(Cl)Cl,570.0
10171,CCNc1cc2oc(=O)c3c(=O)oc4ccccc4c3c2cc1C,ClCCl,509.0
8692,CCC1=C(C)C2=C(c3cc(C(=O)Cl)cc(C(=O)Cl)c3)c3c(C)c(CC)c(C)n3[B-](F)(F)[N+]2=C1C,Cc1ccccc1,551.0
10843,CC(C)c1cc(N(C)C)c(C#N)c2c1-c1cccc3cccc-2c13,O,554.0
2484,CN(C)c1ccc(/C=C/c2nc3c4ccccc4c4ccccc4c3[nH]2)cc1,Cc1ccccc1,436.0
6107,c1ccc(-c2ccccc2)cc1,C1CCCCC1,332.7787022
1222,CN(c1ccccc1)c1ccc(/C=C/c2ccccc2)cc1,CCCCCC,385.0
10730,CC(C)c1cc(C(C)C)c(B2c3cc(N4c5ccccc5Oc5ccccc54)ccc3N(c3ccccc3)c3ccc(N4c5ccccc5Oc5ccccc54)cc32)c(C(C)C)c1,c1cc(-c2cccc(-n3c4ccccc4c4ccccc43)c2)cc(-n2c3ccccc3c3ccccc32)c1,512.0
8387,C#Cc1ccc2ccc3cccc4ccc1c2c34,CC#N,384.0
2134,Cc1cc(=O)oc2cc3c4ccccc4c4ccccc4c3cc12,ClC(Cl)Cl,415.0
2423,COc1ccc(/C=C/c2nc(/C=C/c3ccc(N(c4ccccc4)c4ccccc4)cc3)cc(/C=C/c3ccc(N(c4ccccc4)c4ccccc4)cc3)n2)cc1,ClCCl,543.0
4098,c1ccc2nc(-n3c4ccccc4c4ccccc43)c(-n3c4ccccc4c4ccccc43)nc2c1,Cc1ccccc1,503.0
12105,C1=[N+](c2ccccc2)[B-](c2ccccc2)(c2ccccc2)Oc2c1ccc1c3c(ccc21)C=[N+](c1ccccc1)[B-](c1ccccc1)(c1ccccc1)O3,Cc1ccccc1,602.0
6929,C(S/C=C/c1ccc(-c2ccc(/C=C/SC=C3CCCCC3)cc2)cc1)=C1CCCCC1,ClCCl,433.0
10799,N#CC1=c2c3cccc4c(Br)ccc(c43)n2[B-](F)(F)[n+]2ccccc21,ClCCl,546.0
5680,CCC1=C(C)C2=Cc3c(I)c(I)c(I)n3[B-](F)(F)[N+]2=C1C,CO,554.0
10456,COc1ccc(C2=[N+]3C(=C(c4ccc(C#N)cc4)c4cc(-c5cccs5)c(-c5ccc(OC)cc5)n4[B-]3(F)F)C=C2c2cccs2)cc1,C1CCOC1,706.0
11359,COc1ccc(/C=C/c2cc(/C=C/c3ccc(OC)cc3)nc(/C=C/c3ccc(N(c4ccccc4)c4ccccc4)cc3)n2)cc1,CC(C)=O,572.0
10497,CC1=CC(C)=[N+]2C1=C(c1ccc(-c3ccc(OS(=O)(=O)c4ccc([N+](=O)[O-])cc4[N+](=O)[O-])cc3)s1)c1c(C)cc(C)n1[B-]2(F)F,ClCCl,528.0
4521,COc1ccc(C#Cc2ccc(C#Cc3ccc(C#Cc4ccccc4C#N)cc3C#N)cc2C#N)cc1,ClC(Cl)Cl,434.0
1575,F[B-]1(F)n2c(NCc3ccccc3)ccc2C(c2c(Cl)cccc2Cl)=C2C=CC(NCc3ccccc3)=[N+]21,CC#N,590.0
509,c1ccc2c(-n3c4ccccc4c4ccccc43)cccc2c1,CCO,397.0
10203,CN(C)c1ccc2nc(/C=C/c3ccccc3)c(=O)oc2c1,CCO,574.0
6458,Cc1ccc(-n2c(-c3ccc(C(F)(F)F)cc3)nc(-c3ccccc3O)c2-c2ccccc2O)cc1,CS(C)=O,426.0
9182,O=C1c2ccccc2-c2cc3ccccc3c(=O)n21,CC#N,443.0
2304,CCN(C(C)=O)c1cc2c(cc1C)C(c1ccccc1C(=O)O)=C1CCCC(/C=C/C3=[N+](C)c4ccc5ccccc5c4C3(C)C)=C1O2,CCO,715.0
4638,COc1ccc(/C=C/C=C/c2ccc3ncnc(Nc4ccccc4)c3c2)cc1,ClC(Cl)Cl,443.0
4010,CCC1(CC)c2cc(B(c3c(C)cc(C)cc3C)c3c(C)cc(C)cc3C)ccc2-c2ccc(N(c3ccccc3)c3ccccc3)cc21,CN(C)C=O,532.0
748,O=C(O)CCCc1cc(C#Cc2ccccc2)c2ccc3c(C#Cc4ccccc4)cc(C#Cc4ccccc4)c4ccc1c2c34,CS(C)=O,461.0
4193,CCCCc1ccc(-n2c3c4ccc(C(F)(F)F)cc4nc(-c4ccc(C#N)cc4)c3c3c2c2c(-c4ccc(C#N)cc4)nc4cc(C(F)(F)F)ccc4c2n3-c2ccc(CCCC)cc2)cc1,ClC(Cl)Cl,499.0
11785,F[B-]1(F)n2c(Cl)ccc2C(c2c(Cl)cccc2Cl)=C2C=CC(NCc3ccccc3)=[N+]21,CCCCCC,538.0
1259,CN(C)c1ccc(/C=C2\CC/C(=C\c3ccc(C#N)cc3)C2=O)cc1,Clc1ccccc1Cl,625.0
3077,Cn1c(=O)cc(C(=O)c2ccccc2)c2sc(-c3ccc(C(F)(F)F)cc3)cc21,CC#N,517.0
5992,Cc1n[nH]c2c1C(c1ccc([N+](=O)[O-])cc1)C(C#N)=C(N)O2,CCCCO,410.0
1888,CC1(C)c2ccccc2N(c2ccc(-c3n[n+]4c(o3)-c3ccccc3O[B-]4(F)F)cc2)c2ccccc21,CCO,550.0
11815,CC(C)(C)c1cc(C(C)(C)C)c2oc3c(c2c1)C=CN1C(=O)C2=C4c5oc6c(C(C)(C)C)cc(C(C)(C)C)cc6c5C=CN4C(=O)C2=C31,ClC(Cl)Cl,651.0
3813,CN(C)c1ccc(-c2cc(-c3ccc(C#N)cc3)nn2C)cc1,C1CCCCC1,363.0
711,Cn1nc(-c2ccccc2)c2n[nH]nc2/c1=N\c1ccccn1,CC#N,423.0
8928,CCCC(=O)c1c2c(c(C(=O)CCC)c3c1OC(CC(=O)OC)(C(=O)O)O3)OCO2,ClCCl,530.0
11183,CCCCC(CC)Cn1c2cc(-c3ccc(N(c4ccccc4)c4ccccc4)cc3)c(C#N)cc2c2cc(C#N)c(-c3ccc(N(c4ccccc4)c4ccccc4)cc3)cc21,C1CCCCC1,416.0
3896,CC(=O)n1cc(/C=C/c2ccc([N+](=O)[O-])cc2)c2ccccc21,CO,424.0
11039,CCOC(=O)c1cccc(N)c1,CCCCCC,351.4563107
8166,C(S/C=C/c1ccc(-c2ccc(/C=C/SC=C3CCCCCCC3)cc2)cc1)=C1CCCCCCC1,ClCCl,437.0
1372,CN(C)c1ccc(/C=C2\CC/C(=C\c3ccc(C#N)cc3)C2=O)cc1,S=C=S,535.0
6537,CC1(C)c2ccccc2N(c2ccc(-c3ccc(C#N)cc3)cc2)c2ccccc21,Cc1ccccc1,462.0
712,CC(C)[Si]1(C(C)C)c2cc(C#N)ccc2-c2ccc(N(C)C)cc21,CCOCC,423.0
3329,Cc1ccc(-c2cc(-c3ccc(N(C)C)cc3)c3c(N)nc(N4CCCC4)c(C#N)c3n2)cc1,CC#N,514.0
8051,CCN(CC)c1ccc2cc(-c3cc(SC)c(C#N)c(=O)o3)c(=O)oc2c1,ClCCl,560.0
12071,CC[N+]1(CC)CN2C(=N1)C(C(=O)O)=Cc1cc(SC)ccc12,O,515.0
10118,Cc1cc(-c2ccccc2)nc2c1ccc1nc(-c3ccccc3)cn12,ClCCl,450.0
8163,CCCCCCCCC1(CCCCCCCC)c2cc(-c3ccc([N+](=O)[O-])cc3)ccc2-c2ccc(-c3ccc([N+](=O)[O-])cc3)cc21,CN(C)C=O,569.0
12033,COC(=O)CNC(=O)c1nc2c(N(C)C)nc(N(C)C)nc2n1Cc1ccccc1,CO,429.0
8908,CC1(C)Nc2cc(Cl)ccc2-c2[nH]c3ccccc3c(=O)c21,O,536.0
11798,C(=C/c1cnccn1)\c1ccc(N(c2ccccc2)c2ccccc2)cc1,CCCCCCC,433.0
4392,COc1ccc(OC)c(-c2[nH]c(=O)n3c2-c2ccccc2C3=O)c1,ClCCl,462.0
7275,COc1ccc(C#Cc2ccc(C#Cc3ccc(P(=O)(c4ccc(C#Cc5ccc(C#Cc6ccc(OC)cc6)cc5)cc4)c4ccc(C#Cc5ccc(C#Cc6ccc(OC)cc6)cc5)cc4)cc3)cc2)cc1,CCO,418.0
9266,NC1=N/C(=N\c2ccccn2)c2cccc3cccc1c23,ClCCl,506.0
1482,N#Cc1c2nc3ccccn3c2nc2nc3ccccn3c12,ClC(Cl)Cl,510.0
1489,OC1(c2ccc(-c3cccs3)s2)CCCCC1,CC#N,466.0
104,CCCN(c1ccccc1)c1ccc2c(c1)C(CC)(CC)c1cc(/C=C/c3ccc(/C=C(\C#N)C(=O)O)s3)ccc1-2,C1CCOC1,572.0
10213,c1cc2ccc3ccc(-c4ccc(-c5nnc(-c6ccc(-c7nnc(-c8ccc(-c9ccc%10ccc%11cccc%12ccc9c%10c%11%12)s8)o7)cc6)o5)s4)c4ccc(c1)c2c34,C1COCCO1,373.0
1794,N#Cc1cccc(C#N)c1N,CC#N,382.0
8515,O=[N+]([O-])c1ccc(/C=C/c2cn(S(=O)(=O)c3ccccc3)c3ccccc23)cc1,O,540.0
1821,O=C(c1ccc(N(c2ccccc2)c2ccccc2)cc1)[C@H]1[C@H](c2ccccc2)C[C@](O)(c2ccccn2)C[C@]1(O)c1ccccn1,CCO,511.0
2386,c1ccc(-c2nc3ccccc3nc2-c2ccccc2)cc1,CCCCCC,396.0
4315,CCC1=C(C)C2=C(C)c3c(C)c(CC)c(C)n3[B-](F)(F)[N+]2=C1C,OCCOc1ccccc1,536.8
11073,F[B-]1(F)n2ccnc2-c2cccc[n+]21,C1CCCCC1,338.0
4156,CCOC(=O)/C=C/c1ccc(N(C)C)cc1,C1CCOC1,422.0
1741,CCn1c2ccccc2c2cc(/C=C3\C(=O)c4ccccc4S3(=O)=O)ccc21,C1CCOC1,518.0
1658,CCC1=C(C)C2=Cc3cccn3[B-](F)(F)[N+]2=C1C,C1CCCCC1,517.5
212,CC(C)(C)NC(=O)c1ccc(Br)c2ccc3c4ccc(F)cc4c4cc(F)ccc4c3c12,ClCCl,394.0
9564,N#C[Se]CCCCCOc1ccc2ccc(=O)oc2c1,CC#N,387.0
4508,N#Cc1ccc(-c2cn3ccc[n+]3[n-]2)cc1,ClCCl,509.0
6275,CN(C)c1ccc(-c2cc(-c3ccc(C#N)cc3)nn2C)cc1,CN(C)C=O,590.0
3058,Cc1ccc(-c2c3nc(c(-c4ccc(C)cc4)c4ccc([nH]4)c(-c4ccc(C)cc4)c4nc(c(-c5ccc(C)cc5)c5ccc2[nH]5)C=C4N2CCOCC2)C=C3)cc1,CS(C)=O,666.0
323,COc1c2ccccc2c(OC)c2c1c1cccc(OC)c1n2C,C1CCCCC1,418.0
11551,Cc1ccc(-c2c3nc(c(-c4ccc(C)cc4)c4ccc(s4)c(-c4ccc(C)cc4)c4nc(c(-c5ccc(C)cc5)c5ccc2[nH]5)C=C4)C=C3)cc1,ClCCl,678.0
1097,COc1cc(-c2nc3sc4ccccc4c3s2)cc(OC)c1OC,CS(C)=O,424.0
12090,N#C/C(=C\c1ccc(C#N)cc1)c1nc(-c2ccccc2)cs1,ClCCl,490.0
10043,[C-]#[N+]c1ccc(-c2ccc(N(C)C)cc2)cc1,C1COCCO1,397.0
1359,CN(C)c1cc(C#N)c(N(C)C)c(C#N)c1,OCC(O)CO,547.3453749
334,CC[n+]1c(-c2ccccc2)c2cc(N)ccc2c2ccc(N)cc21,O,606.0
10571,COc1c(/C=N/Nc2ccc(C#N)cc2)ccc2ccccc12,ClC(Cl)Cl,453.0
3110,CCN(CC)c1ccc2c(c1)oc(=O)c1c(-c3ccccc3C(=O)O)c3ccc(=[N+](CC)CC)cc-3oc12,O,646.0
3474,CCCCN1c2ccccc2B(c2ccccc2C(F)(F)F)c2ccccc21,ClCCl,401.0
2840,CC1(C)c2ccccc2N(c2ccc3c(c2)c2cc(N4c5ccccc5C(C)(C)c5ccccc54)ccc2c2nc(C#N)c(C#N)nc32)c2ccccc21,O=P(c1ccccc1)(c1ccccc1)c1cccc(-c2cc(-n3c4ccccc4c4ccccc43)cc(-n3c4ccccc4c4ccccc43)c2)n1,618.0
3691,F[B-]1(F)n2c(-c3ccccc3)cc(-c3ccccc3)c2N=C2C(c3ccccc3)=CC(c3ccccc3)=[N+]21,CC#N,673.0
1613,CCCCCCC(CCCCCC)N1C(=O)c2cccc3c(-c4ccc(OC)cc4)ccc(c23)C1=O,ClC(Cl)Cl,459.6
5837,c1ccc(N(c2ccccc2)c2ccc(-c3nc(-c4ccc(N(c5ccccc5)c5ccccc5)cc4)c4ccccc4n3)cc2)cc1,CS(C)=O,568.0
792,Nc1ccc(-c2ccc(N)cc2)cc1,CC#N,393.0
233,CCc1c(C)c2n(c1C)[B-](F)(F)[N+]1=C(NCc3ccc(OC)cc3)C=CC1=C2C,CCOC(C)=O,549.0
6890,O=C1NC(=O)c2c1c1c3ccccc3[nH]c1c1[nH]c3ccccc3c21,ClCCl,492.0
5382,N#CC(C#N)=Cc1ccc(-c2ccc(-c3nc4ccccc4s3)c(O)c2)o1,CCO,501.0
1064,COc1ccc2n1[B-](F)(F)[N+]1=C(SC#N)C=CC1=C2c1ccccc1,CO,526.0
209,CN(C)c1ccc(/C=C/c2nc3ccccc3s2)cc1,O,516.0
9371,Cc1ccc(-n2c(-c3ccccc3O)nc(-c3ccccc3O)c2-c2ccccc2O)cc1,ClC(Cl)Cl,445.0
1327,c1cc2ccc1CCCc1cc3c(cc1CCCc1ccc(c4nsnc14)CCC3)CCC2,C1CCCCC1,496.0
5692,CCCCC(CC)Cn1c2cc(C#N)c(-c3ccc(N(c4ccccc4)c4ccccc4)cc3)cc2c2cc(-c3ccc(N(c4ccccc4)c4ccccc4)cc3)c(C#N)cc21,Cc1ccccc1,473.0
7633,CC(C)[Si]1(C(C)C)c2ccccc2-c2ccc(N(C)C)cc21,c1ccccc1,404.0
5042,COc1ccc(-c2ccc(-c3ccc(C#N)s3)s2)cc1,CS(C)=O,484.0
4094,Cc1cc(=O)c2ccc(N)cc2o1,CC#N,388.0
10263,CN(C)c1ccc2cc(C(/C=C/c3cn(C)c4ccccc34)=C(C#N)C#N)c(=O)oc2c1,ClCCl,583.0
2413,N#Cc1cc(-c2ccc(F)cc2)cnc1O,CO,425.0
10744,CC(C)[Si](C#Cc1c2ccccc2c(C#C[Si](C(C)C)(C(C)C)C(C)C)c2nc3cc4c(cc3nc12)C1c2ccccc2C4c2ccccc21)(C(C)C)C(C)C,CCCCCC,568.0
5809,CC(C)(C)c1ccc2c(c1)c1cc(C(C)(C)C)ccc1n2-c1cccc(-c2nc(-c3cccc(P(=O)(c4ccccc4)c4ccccc4)c3)nc(-c3cccc(P(=O)(c4ccccc4)c4ccccc4)c3)n2)c1,ClCCl,535.0235849
11887,Clc1ncc(-c2c3ccccc3c(-c3cnc(Cl)nc3)c3ccccc23)cn1,CCO,428.0
9470,Clc1ccc(Nc2ccc3ccccc3n2)cc1,CCO,442.99
3542,COC(=O)c1ccc(-c2nc3ccc(N(C)C)cc3s2)cc1,CC(C)O,550.0
3872,CC1=[N+]2C(=C(c3ccc(N4CCCCC4)cc3)c3ccc(C)n3[B-]2(F)F)C=C1,CC(C)=O,517.0
871,C[Si](C)(C)[Si](c1ccc(-c2ccc([Si]([Si](C)(C)C)([Si](C)(C)C)[Si](C)(C)C)s2)s1)([Si](C)(C)C)[Si](C)(C)C,ClCCl,410.0
10317,CC(=O)c1ccc(-c2cccc3ncc(-c4ccccc4)n23)cc1,ClCCl,506.0
1263,COc1cc(/C=C/c2nc3ccccc3o2)c(OC)cc1/C=C/c1nc(C)nc(/C=C/c2cc(OC)c(/C=C/c3nc4ccccc4o3)cc2OC)n1,C1CCOC1,487.0
1618,CN(C)c1ccc(/C=C2\CCCC2=O)cc1,c1ccccc1,435.0
7130,c1ccc(-c2nc(-c3ccccc3)nc(-c3ccc(-n4c5ccccc5c5cc6c7ccccc7n7c8ccccc8c(c54)c67)cc3)n2)cc1,O=P(c1ccccc1)(c1ccccc1)c1ccc2oc3ccc(P(=O)(c4ccccc4)c4ccccc4)cc3c2c1,460.0
8314,N#Cc1nn(-c2ccc(F)cc2)nc1N1CCCC1,CC#N,422.0
11932,CCOC(=O)/C(C#N)=C(\C=C\c1ccc(N(c2ccccc2)c2ccc(/C=C/C(=C(/C#N)C(=O)OCC)c3ccccc3)cc2)cc1)c1ccccc1,ClCCl,577.0
2414,c1ccc(-c2nc(-c3ccc(-c4nc(-c5ccccc5)c(-c5ccccc5)[nH]4)s3)[nH]c2-c2ccccc2)cc1,CC(C)=O,459.0006412
5344,c1ccc(-c2nc(-c3ccccc3)nc(-n3c4ccccc4c4cc(-n5c6ccccc6c6ccccc65)ccc43)n2)cc1,Cc1ccccc1,502.8180354
7075,c1ccc2c(-n3c4ccccc4c4ccccc43)cccc2c1,Cc1ccccc1,379.0
8516,[C-]#[N+]c1ccc(-c2ccc(N(C)C)cc2)cc1,CS(C)=O,447.0
1220,C(=C/c1ccncn1)\c1ccc(N2CCCCC2)cc1,C1CCOC1,486.0
7273,N#C/C(=C\c1cn(-c2ccccc2)nc1-c1ccccc1)c1nc2ccccc2s1,Cc1ccccc1,437.0
1765,CC1(C)c2ccccc2N(c2ccc(-c3nnc(-c4ccccc4O)o3)cc2)c2ccccc21,CCN(CC)CC,447.0
4561,N#Cc1ccc(C2=CC3=c4cc(-c5ccc(C#N)cc5)c5nc(C(F)(F)C(F)(F)C(F)(F)F)nc6c(-c7ccc(C#N)cc7)cc(c4c65)C4=CC(c5ccc(C#N)cc5)=C5N=C(C(F)(F)C(F)(F)C(F)(F)F)N=C2C5C43)cc1,C1CCOC1,518.0
2456,CCOC(=O)/C(C#N)=C(\C=C\c1ccc(N(c2ccccc2)c2ccc(/C=C/C(=C(/C#N)C(=O)OCC)c3ccccc3)cc2)cc1)c1ccccc1,Cc1ccccc1,562.0
8098,c1ccc(C(=C(c2ccccc2)c2ccc(-c3nc4c(-c5ccc(C(=C(c6ccccc6)c6ccccc6)c6ccccc6)cc5)sc(-c5ccc(C(=C(c6ccccc6)c6ccccc6)c6ccccc6)cc5)c4nc3-c3ccc(C(=C(c4ccccc4)c4ccccc4)c4ccccc4)cc3)cc2)c2ccccc2)cc1,Cc1ccccc1,640.0
10909,C[C@]12C(=O)NC(=O)N([C@H]3CC(O)[C@@H](CO)O3)[C@H]1[C@H]1Oc3cc4oc(=O)ccc4cc3[C@H]12,CCO,432.0
2001,Cc1c(C)n2c(COC(=O)c3ccc(F)cc3)c(C)c(=O)n2c1=O,CCO,460.0
1513,COC(=O)c1ccc(C#Cc2ccccc2)cc1,CC(C)O,353.1572256
6388,COC(=O)C(Cc1ccc2oc(-c3ccc(N(C)c4ccccc4)cc3)nc2c1)NC(=O)OC(C)(C)C,Cc1ccccc1C,418.0077749
4629,CCNc1ccc2c(C(F)(F)F)cc(=O)oc2c1,CCC(C)CC,415.0
2801,CCCCCCCCC1(CCCCCCCC)c2cc(-c3ccc(C=C4C(=O)c5ccccc5C4=O)cc3)ccc2-c2ccc(-c3ccc(C=C4C(=O)c5ccccc5C4=O)cc3)cc21,CS(C)=O,596.0
4802,CCOC(=O)C1c2ccccc2C(=O)N1c1ccc(OC)cc1,CCCCCC,453.0
7143,O=c1c2cc(F)c(N3CCOCC3)cc2sc2cc(N3CCOCC3)c(F)cc12,CCO,481.0
3582,CCC(C)(C)c1ccc2c(c1)C(CC)(CC)c1cc(-c3ccc4c(c3)C(CC)(CC)c3cc(C(C)(C)CC)ccc3-4)ccc1-2,C1CCCCC1,371.0
2523,O=CC1=C(c2ccc(-c3cccs3)s2)CC1,C1CCOC1,470.0
8937,CCN(CC)c1ccc(/C=C/C(=O)c2c(O)cc(C)oc2=O)cc1,Cc1ccccc1,534.0
6221,O=c1[nH]c2ccccc2[nH]1,CCCCCCC,297.000297
9395,CCN(CC)c1ccc2cc(/C=C/C(=O)c3cc4ccc(N(CC)CC)cc4oc3=O)c(=O)oc2c1,C1CCOC1,549.0
8116,O=C1Nc2ccccc2/C1=C/C(=O)c1ccc(Cl)cc1,CCOC(C)=O,395.0
10646,COC(=O)C(Cc1ccc2oc(-c3ccc(N(C)c4ccccc4)cc3)nc2c1)NC(=O)OC(C)(C)C,OCCO,517.0096164
9351,CCn1c2ccccc2c2cc(/C=C3\C(=O)c4ccccc4S3(=O)=O)ccc21,CC#N,561.0
3078,COc1cc(-c2nc3c4cccnc4c4ncccc4c3[nH]2)c(OC)cc1/C=C/c1ccncc1,Cc1ccccc1,444.0
5267,CCCC1(CCC)c2ccccc2-c2ccc(-c3ccc(C(C)(C)C)cc3)cc21,C1CCCCC1,314.0
5372,COc1ccc(C#Cc2nc3ccccc3nc2-c2ccn(-c3ccccc3)c2)cc1,ClCCl,474.0
6699,COC(=O)C(NC(=O)OC(C)(C)C)c1ccc2oc(-c3cc(OC)c(OC)c(OC)c3)nc2c1,CC#N,371.0
11854,COc1ccc(-c2cnc(-c3ccccc3)o2)cc1OC,ClCCl,400.0
10547,c1ccc2c([SiH](c3c4ccccc4cc4ccccc34)c3c4ccccc4cc4ccccc34)c3ccccc3cc2c1,ClC(Cl)Cl,432.0
2110,COc1ccc(/C=C/c2cc(/C=C/c3ccc(OC)cc3)nc(/C=C/c3ccc(C(F)(F)F)cc3)n2)cc1,C1CCOC1,436.0
5563,C[C@@]12SC(Cl)=CC1=c1nc(-c3ccccc3)[nH]c1=C1C=C(Cl)S[C@]12C,CC#N,452.0
2375,COc1ccc2ncccc2c1,CCCC#N,355.0
11886,c1ccc(N(c2ccccc2)c2ccc(-c3ccc(-c4cc(-c5ccccn5)nc(-c5ccccn5)c4)cc3)cc2)cc1,ClCCl,489.0
9365,O=CC1=C(c2ccc(-c3cccs3)s2)CC1,CC#N,493.0
1328,CN(C)c1cc(C#N)c(N(C)C)c(C#N)c1,CCO,528.262018
11981,CN(C)c1ccc(-c2nc3nccnc3n2-c2ccccc2)cc1,CC#N,477.0
2308,CN(c1ccccc1)c1ccc(/C=C2\C(=O)c3ccccc3S2(=O)=O)cc1,C1CCOC1,532.0
11195,C(=C/c1cnccn1)\c1ccc(N(c2ccccc2)c2ccccc2)cc1,CS(C)=O,537.0
3546,O=P1(c2ccccc2)C(c2cc(C(F)(F)F)cc(C(F)(F)F)c2)=Cc2c3ccc4cccc5ccc(c6cc(-c7ccc(N(c8ccccc8)c8ccccc8)cc7)n1c26)c3c45,C1COCCO1,595.0
3527,Cc1cc(C)c(C2=C3C=C(c4ccc(C(C)(C)C)cc4)C(c4ccc(C(C)(C)C)cc4)=[N+]3[B-](F)(F)n3c2cc(-c2ccc(C(C)(C)C)cc2)c3-c2ccc(C(C)(C)C)cc2)c(C)c1,C1CCCCC1,639.0
10382,Nc1ccc2c(C(F)(F)F)cc(=O)oc2c1,CCCCCCO,481.0
7258,C=CCNc1ccc2ccc3oc4cc(=[N+]5CCCC5)ccc-4nc3c2c1,ClCCl,622.0
5677,CCN1c2ccc(/C=C(\C#N)c3ccccc3)cc2Sc2cc(/C=C(\C#N)c3ccccc3)ccc21,CN(C)C=O,588.0
617,CC(C)c1ccc(/C=C/c2nc3ccc(N(C)C)cc3s2)cc1,C1CCCCC1,454.0
4047,COC(=O)c1cc(=O)n(C)c2cc(-c3cc4c5c(c3)CCCN5CCC4)sc12,C1CCOC1,502.0
10277,C(=C/c1ccccc1)\c1ccccc1,CCCCOCCCC,349.0
5227,COCCOCCOc1ccc(OCCOCCOC)c(C=O)c1,O,485.0
6248,COc1ccc(C#Cc2ccc(C#Cc3ccc(P(=O)(c4ccccc4)c4ccccc4)cc3)cc2)cc1,ClCCl,402.0
5955,c1ccc(-c2nc(-c3cccs3)[nH]c2-c2ccccc2)cc1,CC#N,391.0
9141,Fc1ccc(-c2nc3n(c2-c2ccncc2)CCS3)cc1,CC#N,420.0
9417,Cc1ccc(-c2ccc(/C=C/c3cccn3C)cn2)nc1,CCCCCC,436.0
6747,O=C1CCCC2=C1C(c1ccc([N+](=O)[O-])cc1)c1c(c3ccccc3oc1=O)N2,CS(C)=O,441.0
7861,Oc1cccc(/N=C/c2ccccc2Oc2ccccc2)c1,C1CCCCC1,402.0
2652,c1ccc(N2c3ccc4ccccc4c3-c3c4ccccc4nc[n+]3[B-]2(c2ccccc2)c2ccccc2)cc1,CCOC(C)=O,665.0
10077,F[B-]1(F)n2c(c3cccc4cccc2c43)=Nc2cccc[n+]21,CCCCCC,516.0
11976,CCCCN1C(=O)C2=C(c3ccc(-c4ccccc4)cc3)NC(=O)C2=C1c1ccc(-c2ccccc2)cc1,ClCCl,545.0
745,O=c1c2ccccc2n2c3ccccc3c(=O)c3cc(-c4ccccc4)cc1c32,c1cc(-c2cccc(-n3c4ccccc4c4ccccc43)c2)cc(-n2c3ccccc3c3ccccc32)c1,472.0
3541,Cc1ccc(/C=N/c2cc(C(C)C)c(O)cc2C)cc1,CCCCCC,402.0
12014,O=C1c2ccccc2C2=Cc3ccc4ccccc4[n+]3[B-](F)(F)N12,CCO,465.0
3745,Cc1ccc(C2=C3C=CC(Cl)=[N+]3[B-](F)(F)n3c(Cl)ccc32)cc1,CO,519.0
2004,COc1ccc(/C=C/c2nc(/C=C/c3ccc(N(c4ccccc4)c4ccccc4)cc3)cc(/C=C/c3ccc(N(c4ccccc4)c4ccccc4)cc3)n2)cc1,Cc1ccccc1,480.0
7731,CCN(CC)c1ccc2c(-c3ccc(S(=O)(=O)[O-])cc3S(=O)(=O)[O-])c3ccc(=[N+](CC)CC)cc-3oc2c1,CCO,578.0
4759,Cc1ccsc1-c1ccc(-c2ccc(-c3sccc3C)s2)s1,CCCCCCCCCCCCCC,473.0
11721,C[n+]1ccc(/C=C/c2ccc([O-])cc2)cc1,ClCCl,615.0
3047,O=S1(=O)c2ccc(-c3ccc(-n4c5ccccc5c5ccccc54)cc3)cc2C2(c3ccccc3-c3ccccc32)c2cc(-c3ccc(-n4c5ccccc5c5ccccc54)cc3)ccc21,CC(C)=O,443.8826185
11513,CC1=[N+]2C(=C(c3ccc(C#N)cc3)c3ccc(C)n3[B-]2(F)F)C=C1,C1CCOC1,540.0
10857,CC(C)(C)c1ccc(-c2c(-c3ccc(-n4c5ccccc5c5ccccc54)cc3)cc(-c3ccc(-n4c5ccccc5c5ccccc54)cc3)c(-c3ccc(C(C)(C)C)cc3)c2-c2ccc(C(C)(C)C)cc2)cc1,C1CCOC1,367.0
1336,COc1ccc2c(c1)CCC1=C(C#Cc3ccccc3)O[B-](F)(F)[O+]=C12,ClCCl,469.0
8899,CC1(C)CC(=O)C2=C(C1)Oc1ccc3ccc(O)cc3c1C2c1ccccn1,CC#N,345.0
4607,CC(C)(C)c1ccc2oc(-c3ccc(-c4nc5cc(C(C)(C)C)ccc5o4)s3)nc2c1,CC#N,432.0
5497,Oc1ccccc1/C=N/N=C/c1ccccc1O,CC#N,588.2352941
6772,CCOC(=O)c1ccc(C2CC(c3cccc4ccccc34)=NN2c2ccc(Cl)cc2)cc1,ClCCl,471.0
3095,CN(C)c1ccc2nc(/C=C/c3cc4c5c(c3)CCCN5CCC4)c(=O)oc2c1,CS(C)=O,715.0
8524,CC1=CC(C)=[N+]2C1=C(c1ccc(N3CCOCC3)cc1)c1c(C)cc(C)n1[B-]2(F)F,CO,514.0
3285,Cc1cc(C)c(B2c3cc(C(C)(C)C)cc4c5ccccc5c5c6ccccc6c6cc(C(C)(C)C)cc2c6c5c34)c(C)c1,C1CCCCC1,439.0
11754,COCCOCCOc1cc(C=O)c(OCCOCCOC)cc1C=O,CNC=O,450.0
7293,CC(=O)c1nc(-c2ccc(N(C)C)cc2)oc1C,CC#N,376.0
11487,C(/C=C/c1ccc(N(c2ccccc2)c2ccccc2)cc1)=C\c1ccncc1,C1COCCO1,481.0
3751,Cc1ccc(N(c2ccc(C)cc2)c2ccc3c4cccc5c(N(c6ccc(C)cc6)c6ccc(C)cc6)ccc(c6cccc2c63)c54)cc1,C1CCOC1,551.0
1313,c1ccc(C2CCN3COc4c5ccccc5c5c6c7c(c2c3c46)C(c2ccccc2)CCN7CO5)cc1,C1CCOC1,583.0
4700,CC1=C(C(C)(C)C)C(C)=[N+]2C1=C(C)c1c(C)c(C(C)(C)C)c(C)n1[B-]2(F)F,CCCCOC(C)=O,564.6
11893,CCCCc1ccc2ccc3c(CCCC)ccc4ccc1c2c43,CO,381.0
5721,C[N+]1=C(/C=C/C2=C3Oc4c(cc5c6c4CCCN6CCC5)C(c4ccccc4C(=O)O)=C3CCC2)C(C)(C)c2c1ccc1ccccc21,CC#N,780.0
2903,CN(C)c1ccc(-c2cc3ccc([N+](=O)[O-])cc3c(=O)o2)cc1,CCOC(C)=O,621.0
11614,CN(C)CCN(Cc1c2ccccc2cc2ccccc12)c1ccc([N+](=O)[O-])cc1,CC#N,389.0
7336,c1ccc(-c2nn(-c3ccccc3)c3nc4ccccc4cc23)cc1,CCCCCl,462.962963
3333,C[P+]1(c2ccccc2)c2ccccc2-c2sc3ccccc3c21,ClCCl,445.0
6597,O=S1(=O)c2ccc(-c3ccc(N(c4ccccc4)c4ccccc4)cc3)cc2C2(c3ccccc3-c3ccccc32)c2cc(-c3ccc(N(c4ccccc4)c4ccccc4)cc3)ccc21,CCCCCC,398.3747178
7528,CN(C)c1ccc(-c2ccc(-c3cc(N4CCCCC4)c(C#N)c4c3-c3ccccc3CC4)cc2)cc1,C1CCOC1,497.0
6027,CN1/C(=C/C=C/C=N/c2sc3ccccc3[n+]2C)C(C)(C)c2ccccc21,CS(C)=O,608.0
3053,CN(C)c1ccc(C#Cc2ccccc2)cc1,CC1CCCO1,377.5009438
9085,Cc1ccc(Nc2ccc(Nc3ccc(C)cc3)c3c2C(=O)c2ccccc2C3=O)cc1,CCCCCCCCCCO,682.0
976,CC(C)(C)c1ccc2c(c1)c1cc(C(C)(C)C)cc3c1n2-c1cc(-c2cccc(F)c2)cc2c1B3c1cc(C(C)(C)C)cc3c4cc(C(C)(C)C)ccc4n-2c13,Cc1ccccc1,493.6545241
6112,CC1(C)CC(NCc2ccc3ccc4cccc5ccc2c3c45)CC(C)(C)N1,ClC(Cl)Cl,396.0
8370,N#Cc1ccc(-c2cc(-c3ccc(N4CCCC4)cc3)nc(-c3ccccc3)n2)cc1,ClC(Cl)Cl,518.0
653,COc1ccc(N(c2ccc(OC)cc2)c2cc3ccc4cc(B(c5c(C)cc(C)cc5C)c5c(C)cc(C)cc5C)cc5ccc(c2)c3c45)cc1,CC(C)=O,600.0
9912,CC1=CC(c2ccc3cc(N(C)C)ccc3c2)=[O+][B-](F)(F)O1,CC(C)=O,492.0
2269,COc1ccc(/C=C(\C)c2nc3ccccc3o2)cc1,CO,400.0
5381,O=C(O)CCCOc1cccc(-c2c3nc(cc4ccc([nH]4)c(-c4cccc(OCCCC(=O)O)c4)c4nc(cc5ccc2[nH]5)CC4)CC3)c1,CS(C)=O,740.0
8128,CC(=O)O[B-]1(OC(C)=O)OC(/C=C/c2ccccc2)=CC(/C=C/c2ccccc2)=[O+]1,C1CCOC1,468.0
7324,COC(=O)C(Cc1ccc2oc(-c3ccc(Nc4ccccc4)cc3)nc2c1)NC(=O)OC(C)(C)C,CC(C)=O,439.5024832
8111,CN(CC(O)c1cccc(O)c1)c1ccc([N+](=O)[O-])c(C2CC(c3cccc4ccccc34)=NN2c2ccccc2)c1,C1CCCCC1,495.0
7159,COc1cc(OC)cc(-c2ccc(-c3ccc(C#N)s3)s2)c1,CCO,443.0
8625,Nc1ccc(/C=C/c2ccccc2)cc1,CCCCCC,380.0
6182,CCCCC1(CCCC)c2cc(-c3ccc(C=C4C(=O)c5ccccc5C4=O)cc3)ccc2-c2ccc(-c3ccc(C=C4C(=O)c5ccccc5C4=O)cc3)cc21,Cc1ccccc1,492.0
7826,CCCCCCOc1cc(N(CC)CC)ccc1/C=C(\C#N)c1ccc(/C=C/C(=C(C#N)C#N)c2ccc3c(c2)c2ccccc2n3CC)s1,ClCCl,742.0
6821,F[B-]1(F)OC(c2ccccc2)=CC(c2ccccc2)=[O+]1,ClC(Cl)(Cl)Cl,389.0
8122,CC1(C)Nc2cc(Cl)ccc2-c2[nH]c3ccccc3c(=O)c21,CCCO,505.0
611,COc1ccc(/C=C/c2cc(/C=C/c3ccc(OC)cc3)nc(/C=C/c3ccc(C(F)(F)F)cc3)n2)cc1,ClCCl,441.0
4766,CCOC(=O)/C(C#N)=C/c1cc2c3ccccc3n(C)c2cc1OC,CO,486.0
2114,CCCCCCCCCn1c(-c2cc(-c3nc4ccc(C)cc4n3CCCCCCCCC)cc(-c3nc4ccc(C)cc4n3CCCCCCCCC)c2)nc2ccc(C)cc21,C1CCOC1,371.0
4881,Cc1nn(-c2ccccc2)c(C2=NN(c3ccc(Br)cc3)[C@@H](c3ccccc3)[C@@H]2c2ccccc2)c1C#N,CO,496.0
5805,CCOC(=O)CCCn1c(C(=O)OC)c(C)c2c(=O)n3c(cc21)C(CC)=C(C)C3=O,CS(C)=O,481.0
12211,CN1/C(=C/C=C(/C=C/C2=[N+](C)c3ccccc3C2(C)C)c2ccc(C(F)(F)F)cc2)C(C)(C)c2ccccc21,CO,659.0
8498,COc1cc(/C=C/c2nc3ccccc3s2)c(OC)cc1/C=C/c1nc(C)nc(C)n1,CC#N,499.0
3166,O=S(=O)([O-])c1cc(O)c2ccc3c(S(=O)(=O)[O-])cc(S(=O)(=O)[O-])c4ccc1c2c34,CN(C)C(=O)N(C)C,407.000407
2602,O=c1[nH]c(=O)n([C@@H]2O[C@H](CO)[C@@H](O)[C@H]2O)cc1-c1cc2ccccc2s1,CO,446.0
7021,Cc1ccc(C2=C3C=CC(C#Cc4ccccc4)=[N+]3[B-](F)(F)n3c(C#Cc4ccccc4)ccc32)cc1,C1CCCCC1,626.0
511,COc1ccc2c(CC(=O)NN)coc2c1,CO,378.0
11395,c1ccc(-c2nc3c(ccc4[nH]ccc43)o2)cc1,CC#N,427.0
7580,CCCCn1c2ccc(C#N)cc2c2cc(C#N)cc(-c3ccc(N(c4ccccc4)c4ccccc4)cc3)c21,CCOC(C)=O,438.0
3015,CCN(CC)c1ccc2c(-c3ccccc3C(=O)[O-])c3ccc(=[N+](CC)CC)cc-3oc2c1,CN(C)C=O,588.0
4441,CN(C)c1ccc(/C=C/c2ccc(-c3ccc(/C=C/c4ccc(N(C)C)cc4)s3)s2)cc1,CC(C)=O,564.0
4463,C=Cc1cc2ccc(OC)cc2oc1=O,CC#N,425.0
8635,C#CCN1C(=O)/C(=C/c2cc(OC(C)C)ccc2OC(C)C)N=C1C,CO,538.0
8074,Oc1cccc(/N=C/c2ccccc2Oc2ccccc2)c1,CC#N,395.0
9136,CC1(C)Nc2ccccc2-c2[nH]c3ccccc3c(=O)c21,CC#N,507.0
8066,C=CC1CN2CCC1CC2[C@@H](OCc1ccccc1)c1ccnc2ccc(O)cc12,Cc1ccccc1,355.0
3704,Cc1ccc(-c2ccc(/C=C/c3cccn3C)cn2)nc1,CS(C)=O,500.0
520,Fc1ccc(-c2c3ccccc3nc3cc4ccccc4cc23)cc1,ClCCl,524.0
8573,Cc1ccc(-n2c(-c3ccc(C(F)(F)F)cc3)nc(-c3ccccc3O)c2-c2ccccc2O)cc1,CO,409.0
8141,CC1=[N+]2C(=c3c4c5ccccc5cc5cccc(c6cc(C)n(c36)[B-]2(F)F)c54)C=C1,ClC(Cl)Cl,637.0
9480,COc1ccc(C2=CC(c3ccc4cc(N(C)C)ccc4c3)=[O+][B-](F)(F)O2)cc1,CS(C)=O,698.0
6418,CC(C)c1cc(C(C)C)c(B2c3cc(-n4c5ccccc5c5ccccc54)ccc3N(c3ccccc3)c3ccc(-n4c5ccccc5c5ccccc54)cc32)c(C(C)C)c1,C1CCOC1,442.5170068
1092,COC(=O)c1ccccc1-c1c2ccc(=[NH2+])cc-2oc2cc(N)ccc12,O,527.0
8847,CC[n+]1nc2cc3c4c(c2c2cc(F)ccc21)CCCN4CCC3,O,564.0
5957,CN(C)c1ccc(C2=Nc3sc4ccccc4[n+]3[B-](F)(F)O2)cc1,C1CCOC1,469.0
6760,O=c1c2cc3ccc4cccc5ccc(c2c(=O)n1-c1ccccc1)c3c45,ClC(Cl)Cl,461.0
8568,Cc1ccc(-n2c3ccccc3c3cc(C(=C(C#N)C#N)c4ccccc4)ccc32)cc1,ClC(Cl)Cl,546.0
12150,CCOC(=O)CCCn1c(C(=O)OC)c(C)c2c(=O)n3c(cc21)C(CC)=C(C)C3=O,ClC(Cl)Cl,456.0
5838,N#Cc1c(-c2cccs2)cc(-c2cccs2)[nH]c1=O,CCOC(C)=O,470.0
3771,CCCCN1C(=O)c2cccc3c(Oc4cc(COc5ccc(N6C(=O)c7cccc8c(NCCN(C)C)ccc(c78)C6=O)cc5)cc(Oc5ccc6c7c(cccc57)C(=O)N(CCCC)C6=O)c4)ccc(c23)C1=O,ClC(Cl)Cl,497.0
9192,CC1=N/C(=C\c2ccccc2N(C)C)C(=O)N1C,ClCCl,535.0
1109,CCCCN1C(=O)C2=C(c3ccc(Br)cc3)NC(=O)C2=C1c1ccc(Br)cc1,ClCCl,531.0
11775,COc1ccc(-c2cnc(/C=C/c3ccccc3)o2)cc1OC,ClCCl,450.0
7634,CCN(CC)/C(C)=N\c1ccc2c3c(cccc13)C(=O)c1ccccc1-2,CN(C)C=O,646.0
1038,O=C1c2ccccc2-c2c(-c3ccc([N+](=O)[O-])cc3)c(-c3ccc([N+](=O)[O-])cc3)c(-c3ccccc3)c3cccc1c23,CC#N,496.0
11281,CCCCC(CC)Cn1c2cc(C#N)c(-c3ccc(N(c4ccccc4)c4ccccc4)cc3)cc2c2cc(-c3ccc(N(c4ccccc4)c4ccccc4)cc3)c(C#N)cc21,CCCCOCCCC,464.0
6693,Cc1ccc(-n2cccc2)cc1,CC#N,312.0
20,COc1ccc(N(c2ccc(C=C(c3ccccc3)c3ccccc3)cc2)c2ccc(OC)cc2)cc1,Cc1ccccc1,489.0
9434,COC(=O)C(Cc1ccc2oc(-c3ccc(N(c4ccccc4)c4ccccc4)cc3)nc2c1)NC(=O)OC(C)(C)C,CC(C)=O,456.1669206
5719,CCCCCCCCN1c2ccc(C#Cc3cc(C(F)(F)F)cc(C(F)(F)F)c3)cc2Sc2cc(C=O)ccc21,CO,517.0
4454,NC(=O)CC[C@H](/[NH+]=C\C=C1\C=C(C(=O)O)N[C@H](C(=O)O)C1)C(=O)O,OCCO,507.0
7834,c1ccc2c(-c3cc4c(ccc5sccc54)s3)cccc2c1,ClCCl,405.0
6240,CCN(CC)c1ccc(-c2nc3c(c4c2-c2ccc(C#N)cc2CC4)-c2ccc(C#N)cc2CC3)cc1,CCCCCC,455.0
4851,c1cc2c3ccc[n+]4cccc(c5ccc[n+](c1)c25)c34,C[N+](=O)[O-],441.0
934,CN(C)c1ccc(/C=C2\CC/C(=C\c3ccc(C#N)cc3)C2=O)cc1,CCOC(=O)c1ccccc1,641.0
11987,c1ccc2cc(-c3c4ccccc4c(-c4nccc5ccccc45)c4ccccc34)ccc2c1,ClCCl,418.0
6391,CC(C)(C)NC(=O)c1cc2ccccc2c2ccc3c4ccccc4c4ccccc4c3c12,ClCCl,419.0
11069,COc1ccc2c3c(cccc13)C(=O)N(C)C2=O,CO,450.0
8397,CCOC(=O)c1c(CSc2ccccc2)n(C)c2cc(Br)c(O)c(CN(C)C)c12,O,350.0
1726,CN(C)c1ccc2c3c(ccc2c1)CCCC3=O,ClCCl,511.0
394,Cc1cc(N2c3ccccc3C(C)(C)c3ccccc32)ccc1-c1cc(-c2ccc(N3c4ccccc4C(C)(C)c4ccccc43)cc2C)ncn1,O=P(c1ccccc1)(c1ccccc1)c1ccccc1Oc1ccccc1P(=O)(c1ccccc1)c1ccccc1,477.0
8423,CCN(CC)c1ccc2cc(/C=C/C(=O)c3cc4ccc(N(CC)CC)cc4oc3=O)c(=O)oc2c1,CN(C)C=O,579.0
6571,CCN1/C(=C\C2=C([O-])/C(=C/C3=[N+](CC)c4c(ccc5ccc(C)nc45)C3(C)C)C2=O)C(C)(C)c2ccc3ccc(C)nc3c21,C1COCCO1,698.0
1737,N#Cc1ccc2cc(C#Cc3cn([C@H]4C[C@H](O)[C@@H](CO)O4)c4ncnc(N)c34)ccc2c1,CCOC(C)=O,458.0
2165,Cn1c(=O)c(/N=N/c2ccc(S(=O)(=O)O)c3ccccc23)c(O)c2ccccc21,ClCCl,541.0
5559,O=Cc1ccc2c(c1)c1ccccc1n2-c1cc2ccccc2c2ccccc12,CCCCC,376.0
561,CC1(C)c2ccccc2N(c2ccc(-c3nnc(-c4ccccc4O)o3)cc2)c2ccccc21,ClCCl,519.0
3069,CC(C)(C)c1ccc2c(c1)c1cc(C(C)(C)C)ccc1n2-c1ccc(-n2c3ccc(C(C)(C)C)cc3c3cc(C(C)(C)C)ccc32)c(C(=O)c2ccncc2)c1,ClCCl,561.3970588
12148,CC(=O)O[B-]1(OC(C)=O)OC(/C=C/c2cccc3ccccc23)=CC(/C=C/c2cccc3ccccc23)=[O+]1,CC#N,569.0
11300,N#CC1=C(c2ccc(-c3cccs3)s2)CC1,CC#N,451.0
9723,c1ccc(N2c3ccc4ccccc4c3-c3c4ccccc4nc[n+]3[B-]2(c2ccccc2)c2ccccc2)cc1,CCCCCC,641.0
1162,COC1=C/C(=C\C=C2C=CN(Cc3ccc(Br)cc3)C=C2)C=CC1=O,CCCCCO,643.0
6399,Cc1oc(-c2ccccc2)nc1C(=O)O,CCOC(C)=O,312.0
8198,CCN(CC)c1ccc(/C=C/C2=[O+][B-](F)(F)Oc3c2c(=O)oc2cc(N(CC)CC)ccc32)cc1,OCCO,653.0
9257,CC1(C)Cc2c(c3ccccc3c3nc4ccccc4nc23)O1,ClC(Cl)Cl,505.0505051
1729,Cc1cc(C)c(B(c2c(C)cc(C)cc2C)c2cc3cc(N(C)C)c4ccccc4c3c3c2ccc2ccccc23)c(C)c1,c1ccccc1,539.0
1527,c1ccc2c(c1)[nH]c1cccnc12,ClC(Cl)Cl,369.0
9688,Fc1ccc(-c2nc3n(c2-c2ccncc2)CCS3)cc1,CCOC(C)=O,414.0
842,CN1/C(=C/C=C(/C=C/c2sc3ccccc3[n+]2C)c2ccc(C(F)(F)F)cc2)Sc2ccccc21,CS(C)=O,668.0
2930,O=C(O)c1ccc2ccc3cccc4ccc1c2c34,ClCCl,394.0
7235,Cc1ccc(C2=C3C=CC(C#Cc4ccccc4)=[N+]3[B-](F)(F)n3c(C#Cc4ccccc4)ccc32)cc1,C1CCOC1,625.0
58,CC1=N/C(=C\c2cc(C#N)cc(N(C)C)c2)C(=O)N1C,CCCCCC,475.0
6227,N#C/C(=C\c1ccc([N+](=O)[O-])cc1)c1nc2ccccc2s1,C1CCCCC1,450.0
5527,CN1C(=O)/C(=C/c2ccncc2)N=C1c1ccccc1,CCOC(C)=O,472.0
2865,C[Si]1(C)c2cc(C#Cc3ccccc3)ccc2C=Cc2ccc(C#Cc3ccccc3)cc21,ClCCl,407.0
10450,N#Cc1c(N2CCCCC2)cc(-c2cccc3ccccc23)c2c1Cc1ccccc1-2,C1CCOC1,451.0
6835,c1ccc(B2Nc3cc4c(cc3-c3sc5ccccc5c32)NB(c2ccccc2)c2c-4sc3ccccc23)cc1,ClCCl,418.0
2291,CN(C)c1ccc(-c2nc(-c3ccc(-n4c5ccccc5c5ccccc54)cc3)cc(-c3ccc(-n4c5ccccc5c5ccccc54)cc3)n2)cc1,C1CCOC1,576.0
6345,Cc1cc(C)c(B(c2c(C)cc(C)cc2C)c2c(C)cc(-n3c4ccc(N(c5ccccc5)c5ccccc5)cc4c4cc(N(c5ccccc5)c5ccccc5)ccc43)cc2C)c(C)c1,O=P(c1ccccc1)(c1ccccc1)c1ccccc1Oc1ccccc1P(=O)(c1ccccc1)c1ccccc1,487.0
83,CCCCCCN1C(=O)c2cccc3cc(/N=C\c4ccc(N5CCOCC5)cc4)cc(c23)C1=O,ClC(Cl)Cl,557.0
7672,CCN1/C(=C\C2=C([O-])/C(=C/C3=[N+](CC)c4c(ccc5ccc(C)nc45)C3(C)C)C2=O)C(C)(C)c2ccc3ccc(C)nc3c21,CS(C)=O,707.0
11507,CC(C)(C)c1ccc(C2=CC3=C(c4ccccc4)c4cc(-c5ccc(C(C)(C)C)cc5)c(-c5ccc(C(C)(C)C)cc5)n4[B-](F)(F)[N+]3=C2c2ccc(C(C)(C)C)cc2)cc1,C1CCCCC1,643.0
1945,N#Cc1ccc(-c2ccc(C3=CCCCC3)s2)s1,c1ccncc1,448.0
9457,CC(C)c1cc(C(C)C)c(B2c3cc(N4c5ccccc5C(C)(C)c5ccccc54)ccc3N(c3ccccc3)c3ccc(N4c5ccccc5C(C)(C)c5ccccc54)cc32)c(C(C)C)c1,c1cc(-c2cccc(-n3c4ccccc4c4ccccc43)c2)cc(-n2c3ccccc3c3ccccc32)c1,469.0
1649,Oc1ccccc1/C=N/c1ccc(Cn2cncn2)cc1,CS(C)=O,437.0056374
4477,Nc1ncc2nc[nH]c2n1,O,380.0
4118,Oc1ccccc1/N=C/c1ccccc1Oc1ccccc1,ClC(Cl)Cl,410.0
2724,NC(=O)CC[C@H](/[NH+]=C\C=C1\C=C(C(=O)O)N[C@H](C(=O)O)C1)C(=O)O,CO,502.0
8083,COC(=O)C(Cc1ccc2oc(-c3c4ccccc4cc4ccccc34)nc2c1)NC(=O)OC(C)(C)C,CS(C)=O,502.4999372
5775,N#Cc1c(N2CCCCC2)cc(-c2ccc(O)cc2)c2c1-c1cccc3cccc-2c13,CO,554.0
414,CCCCNc1ccc(NCCCC)c2c1C(=O)c1ccccc1C2=O,ClC(Cl)(Cl)Cl,675.0
5549,CC1CCC(O)(c2ccc(-c3cccs3)s2)CC1,OCCOCCO,414.0
12050,F[B-]1(F)n2c(c3cccc4cccc2c43)=Nc2ccc3ccccc3[n+]21,CCCCCC,502.0
2450,CC[N+](CC)=c1ccc2nc3c(cc(NCCC(=O)NC(C)C(=O)OC)c4ccccc43)oc-2c1,CCO,672.0
9745,N#Cc1ccc(/C=C2\C=C(c3ccccc3)OC2=O)cc1,C1COCCO1,494.0
5168,CC1=C2C=CC=[N+]2[B-](F)(F)n2cccc21,CCCCCC,506.0
4385,CCN(CC)c1ccc2cc(-c3ccc(-c4c5ccccc5c(-c5ccc(-c6cc7ccc(N(CC)CC)cc7oc6=O)cc5)c5ccccc45)cc3)c(=O)oc2c1,ClC(Cl)Cl,472.0
9536,CN(C)c1ccc2c(c1)C(=O)NC2=O,CO,534.0
10715,CC(C)(C)c1ccc(N(c2ccccc2)c2ccc3ccc4c(N(c5ccccc5)c5ccc(C(C)(C)C)cc5)ccc5ccc2c3c54)cc1,ClCCl,481.0
10463,CCn1c2ccccc2c2cc(-c3cc(-c4ccc5c(c4)c4ccccc4n5CC)nc(S(C)(=O)=O)n3)ccc21,CCOC(C)=O,423.0
3870,Cc1cc2ccc(-c3cccc4cccc(-c5ccc6cc(C)c(=O)oc6c5)c34)cc2oc1=O,CO,452.0
9918,CCC1=C(CC)C(C)=[N+]2C1=Cc1c(C)c3cc4c(cc3n1[B-]2(F)F)=[N+]1C(=Cc2c(CC)c(CC)c(C)n2[B-]1(F)F)C=4C,ClC(Cl)Cl,703.0
8171,N#Cc1cc(/C=C/c2ccc(/C=C/c3ccc(N(c4ccccc4)c4ccccc4)cc3)c(C#N)c2)ccc1/C=C/c1ccc(N(c2ccccc2)c2ccccc2)cc1,ClCCl,577.0
8856,CCCCN(CCCC)c1ccc(C#Cc2cc(C#Cc3ccc(N(CCCC)CCCC)cc3)c(C#Cc3ccc(C#N)cc3)cc2C#Cc2ccc(C#N)cc2)cc1,c1ccccc1,512.0
11658,C(=C/c1ccnc2ccccc12)\c1ccc(/C=C/c2ccnc3ccccc23)cc1,CS(C)=O,443.0
2907,CC1(C)c2ccccc2N(c2ccc(-c3ccc(C#N)nc3)cc2)c2ccccc21,Cc1ccccc1,488.0
8823,c1ccc2cc(-n3c4ccccc4c4ccccc43)ccc2c1,C1CCOC1,374.0
11921,COc1ccc(-n2c3ccccc3c3cc(/C=C/C(=C(C#N)C#N)c4ccccc4)ccc32)cc1,CC#N,594.0
3538,O=c1c(N(c2ccccc2)c2ccccc2)c([O-])c1=[N+](c1ccccc1)c1ccccc1,CN(C)C=O,510.0
2133,CCCCCCOc1ccc(-c2cnc(-c3nnc(-c4ccc(OCCCCCC)cc4)o3)o2)cc1,CC#N,400.0
1897,CSc1sc(C(=O)c2ccccc2)c2nn[nH]c(=O)c12,CO,495.0
9291,CCCCN(CCCC)c1ccc(C#Cc2cc(C#Cc3ccc([N+](=O)[O-])cc3)c(C#Cc3ccc([N+](=O)[O-])cc3)cc2C#Cc2ccc(N(CCCC)CCCC)cc2)cc1,ClCCl,563.0
6831,COc1ccc(/C=C/C(=O)c2c(O)cc(C)oc2=O)cc1,ClCCl,487.0
11472,COc1ccc(/C=C/c2cc(/C=C/c3ccc(N(c4ccccc4)c4ccccc4)cc3)nc(/C=C/c3ccc(N(C)C)cc3)n2)cc1,ClCCl,548.0
9952,CCCCCCc1ccc2c(/C=N/c3ccc(/N=C/c4c(O)ccc5cc(CCCCCC)ccc45)cc3)c(O)ccc2c1,ClCCl,546.0
1817,Cn1c(=O)c(/N=N/c2cc(S(=O)(=O)O)ccc2S(=O)(=O)O)c(O)c2ccccc21,CCOC(C)=O,493.0
11969,CN(C)c1ccc2c3c(ccc2c1)C(=O)CCC3,ClCCl,440.0
3949,Cc1ccc(/C(C#N)=C/c2cc(/C=C(\C#N)c3ccc(C)cc3)c(-c3ccc(N(c4ccccc4)c4ccccc4)cc3)cc2-c2ccc(N(c3ccccc3)c3ccccc3)cc2)cc1,Cc1ccccc1,480.0
337,O=C1/C(=C/C=C/c2cc3c4c(c2)CCCN4CCC3)CC/C1=C\C=C\c1cc2c3c(c1)CCCN3CCC2,CC(C)=O,732.0
2072,CCC1=C(C)C2=C(C)c3c(C)c(CC)c(C)n3[B-](F)(F)[N+]2=C1C,OCCO,536.4
10615,CN(C)c1ccc2nc(/C=C/c3cc4c5c(c3)CCCN5CCC4)c(=O)oc2c1,CCO,705.0
8624,c1ccc(-c2nc3ccccc3nc2-c2ccccc2)cc1,ClC(Cl)Cl,398.0
5496,CCc1ccc(/C=C/c2ccc(-c3nnc(-c4ccc(-c5cc6ccccc6s5)cc4)o3)cc2)cc1,CCCCCCCCCCO,420.0
12126,COC(=O)c1ccc(-c2nc3ccc(N(C)C)cc3s2)cc1,ClC(Cl)Cl,496.0
2815,CC(C)(C)c1ccc(-c2nc3c4ccccc4c4ccccc4c3n2-c2ccc(C(C)(C)C)cc2)cc1,CCOCC,388.0
5061,C[N+]1=C(/C=C/C2=C3Oc4c(cc5c6c4CCCN6CCC5)C(c4ccccc4C(=O)O)=C3CCC2)C(C)(C)c2ccccc21,CCO,745.0
5802,CCN(CC)c1ccc(-c2nc(Oc3ccc(-c4nc5ccc(Cl)cc5o4)cc3)nc(Oc3ccc(-c4nc5ccc(Cl)cc5o4)cc3)n2)cc1,CN(C)C=O,424.0
5146,Cc1cccc2[n+]1[B-](F)(F)n1c(c3cccc4cccc1c43)=N2,ClCCl,521.0
8857,C(=C/c1nc(-c2ccccc2)[nH]c1/C=C/c1ccccc1)\c1ccccc1,ClCCl,452.4
766,COc1cccc2cc(-c3ccc([N+](=O)[O-])cc3)c(=O)oc12,CS(C)=O,385.0
3782,CN(C)c1ccc(C(=O)Nc2cccc(Cl)c2)cc1,C1CCOC1,455.0
5220,FC(F)(F)c1cc2n(n1)[B-]1(c3ccccc3Oc3ccccc31)[n+]1ccc3ccccc3c1-2,Cc1ccccc1,517.0
1144,CN(C)c1ccc(/C=C/C(=O)c2ccccc2)cc1,CC(=O)O,517.0
10014,CC1=[N+]2C(=C(c3ccc(C#N)cc3)c3ccc(C)n3[B-]2(F)F)C=C1,Cc1ccccc1,543.0
2510,N#CSC1=CC2=C(c3ccccc3)c3ccc(N4CCOCC4)n3[B-](F)(F)[N+]2=C1N1CCOCC1,CCOC(C)=O,604.0
4952,CN(C)c1ccc(C#Cc2ccc(C=O)cc2)cc1,CC(C)O,493.9979252
2273,CCOC(=O)/C(C#N)=C(\C=C\c1ccc(N(c2ccccc2)c2ccc(/C=C/C(=C(/C#N)C(=O)OCC)c3ccccc3)cc2)cc1)c1ccccc1,ClC(Cl)Cl,604.0
10719,O=c1oc2cc3ccccc3cc2nc1-c1ccccc1,c1ccccc1,514.0
7953,O=C1OC(c2ccccc2)=N/C1=C\c1ccc(N(c2ccccc2)c2ccccc2)cc1,Cc1ccccc1,530.4
6366,CC(C)(C)c1ccc2c(c1)c1cc(C(C)(C)C)ccc1n2-c1ccc(C#Cc2ccccc2)cc1,CCCCC,359.0
4484,CN(c1ccccc1)c1ccc(/C=C2\C(=O)c3ccccc3S2(=O)=O)cc1,CN(C)C=O,524.0
4292,CCOc1ccc2c(-c3nc(-c4ccccc4F)no3)cc(=O)oc2c1,ClC(Cl)Cl,453.0
1672,CCCCn1c(-c2ccc(-c3nnc(-c4ccc(-c5nc6ccccc6n5CCCC)cc4)o3)cc2)nc2ccccc21,ClCCl,407.0
6186,Nc1ccc2c(C(F)(F)F)cc(=O)oc2c1,CC#N,463.0
7990,O=C1/C(=C2\Sc3ccccc3C2=O)Sc2ccccc21,C1COCCO1,590.0
4055,O=P(c1ccccc1)(c1ccccc1)c1ccc(N2c3ccccc3Oc3ccccc32)cc1,CC#N,530.7474519
5278,Cc1ccc(N(c2ccc(C)cc2)c2ccc(-c3ccc4c(c3)C(=O)c3ccccc3C4=O)cc2)cc1,CCOCC,680.0
1808,COC(=O)COc1ccc(/C=C/C2=[N+]3C(=C(c4ccc(N(C)C)cc4)c4c(C)cc(C)n4[B-]3(F)F)C(C)=C2)cc1,CO,580.0
2275,Oc1ccc(/N=C/c2ccccc2Oc2ccccc2)cc1,OCCO,405.0
3761,c1ccc(C2(c3ccccc3)c3cc4c(cc3-c3ccc5ccc6cccc7cc2c3c5c67)-c2ccc3ccc5cccc6cc(c2c3c56)C4(c2ccccc2)c2ccccc2)cc1,ClC(Cl)Cl,412.0
4698,CCN(CC)c1ccc2cc(/C=C/C(O)=C/C(C)=O)c(=O)oc2c1,CC(C)=O,532.0
8661,CC1=C2C=CC=[N+]2[B-](F)(F)n2cccc21,ClCCl,507.0
7949,CCCCC(CC)CN1C(=O)c2cccc3c(C#Cc4ccc(N(c5ccc(C#Cc6ccc7c8c(cccc68)C(=O)N(CC(CC)CCCC)C7=O)cc5)c5ccc(C#Cc6ccc7c8c(cccc68)C(=O)N(CC(CC)CCCC)C7=O)cc5)cc4)ccc(c23)C1=O,C1CCCCC1,474.0
2045,O=C(c1ccc(-n2c3ccccc3c3cc(-n4c5ccccc5c5ccccc54)ccc32)cc1)c1ccc(-n2c3ccccc3c3cc(-n4c5ccccc5c5ccccc54)ccc32)cn1,O=P(c1ccccc1)(c1ccccc1)c1ccccc1Oc1ccccc1P(=O)(c1ccccc1)c1ccccc1,475.0
11199,CCCCOc1c(Br)cc2cc(Br)c(OCCCC)c3c4c(OCCCC)c(Br)cc5cc(Br)c(OCCCC)c(c1c23)c54,ClCCl,489.0
12061,O=C1OCC2=C1C(c1ccccc1)c1cc3c(cc1N2CCO)CCC3,CCCCO,410.0
1295,CC1(C)c2ccccc2N(c2ccc(-c3cnc(C#N)nc3)cc2)c2ccccc21,N#Cc1ccc2c(c1)c1ccccc1n2-c1cccc(-n2c3ccccc3c3ccccc32)c1,526.0
5899,COc1ccc2c(c1)CCc1c-2nc(N)c(C#N)c1-c1ccc(Br)cc1,ClC(Cl)Cl,415.0
3952,c1ccc(-c2ccc(-c3ccc(-n4c5ccccc5c5ccccc54)cc3)c3nsnc23)cc1,CCOCC,504.0
7820,CCCCCCc1ccc2c3c(ccc2c1)O[B-](F)(F)[N+](c1cc([N+]2=Cc4c(ccc5cc(CCCCCC)ccc45)O[B-]2(F)F)cc([N+]2=Cc4c(ccc5cc(CCCCCC)ccc45)O[B-]2(F)F)c1)=C3,Cc1ccccc1,493.0
8221,COc1cccc(/C=C/c2ccccc2)c1,C1CCCCC1,358.0
444,CCCCCCCC(=O)Oc1ccc2c3cccc4c(OC(=O)CCCCCCC)ccc(c5cccc1c52)c43,Cc1ccccc1,456.9876679
858,CN(c1ccccc1)c1ccc(/C=C2\C(=O)c3ccccc3S2(=O)=O)cc1,ClC(Cl)Cl,532.0
841,Oc1ccc(/N=C/c2ccccc2Oc2ccccc2)cc1,CCCCCCCCO,420.0
4684,COc1ccc(/C=C/c2ccccc2)cc1,C1CCCCC1,364.0
8373,COc1cc2cc(OC)c(C#Cc3ccc([N+](=O)[O-])cc3)cc2cc1C#Cc1ccc([N+](=O)[O-])cc1,ClCCl,593.0
9459,Nc1ccc2c(c1)C(=O)NC2=O,CC(C)=O,457.0
994,CCCCC(CC)Cn1c2cc(C#N)c(-c3ccc(N(c4ccccc4)c4ccccc4)cc3)cc2c2cc(-c3ccc(N(c4ccccc4)c4ccccc4)cc3)c(C#N)cc21,ClC=C(Cl)Cl,478.0
6606,CCN(CC)c1ccc(/C=N/c2cc3nc4ccccc4nc3cc2/N=C/c2ccc(N(CC)CC)cc2O)c(O)c1,ClCCl,568.0
1554,COC(=O)C(Cc1ccc2oc(-c3ccc(N(C)C)cc3)nc2c1)NC(=O)OC(C)(C)C,CCCCC,373.9995512
7539,F[B-]1(F)Oc2ccc3ccccc3c2-c2c3c(c4c([n+]21)CCc1ccccc1-4)CCc1ccccc1-3,ClCCl,476.0
8704,c1ccc(-c2nc3ccccc3nc2-c2ccc(-n3c4ccccc4c4ccccc43)cc2)cc1,Cc1ccccc1,434.0
11547,CC(C)(C)c1ccc2c(c1)c1cc(C(C)(C)C)ccc1n2-c1ccc(C(=O)c2ccc(-n3c4ccc(C(C)(C)C)cc4c4cc(C(C)(C)C)ccc43)nc2)cn1,Cc1ccccc1,465.1898734
7344,CCC1(CC)c2ccccc2-c2c1c1c(c3c2C(CC)(CC)c2cc(N(c4ccccc4)c4ccccc4)ccc2-3)C(CC)(CC)c2ccccc2-1,C1CCOC1,392.0
6459,CN1c2cc3nc4cc(Br)c(Br)cc4nc3cc2N(C)C1(C)C,CCO,500.0
2513,CN(C)c1ccc(/C=C/c2cc[n+](Cc3cc(C[n+]4ccc(/C=C/c5ccc(N(C)C)cc5)cc4)cc(C[n+]4ccc(/C=C/c5ccc(N(C)C)cc5)cc4)c3)cc2)cc1,CCCO,611.0
2835,CN(C)c1cccc2c1ccc1c(=O)oc(-c3ccc(C(F)(F)F)cc3)cc12,CCCO,591.0
7109,CCCC1=Cc2nc1ccc1[nH]c(cc1CCC)c1nc(c(OC(C)=O)cc3[nH]c2cc3CCC)C(CCC)=C1,Cc1ccccc1,650.0
2233,CC1=C(C(C)(C)C)C(C)=[N+]2C1=C(C)c1c(C)c(C(C)(C)C)c(C)n1[B-]2(F)F,CN(C)C=O,565.4
3050,c1ccc(-n2c(-c3ccc(-c4ccc(-c5ccc(-c6nc7c8ccccc8c8ccccc8c7n6-c6ccccc6)cc5)cc4)cc3)nc3ccccc32)cc1,C1COCCO1,414.0
8201,CCC(=O)c1ccc2cc(N(C)C)ccc2c1,CS(C)=O,462.5
400,Cc1cc(C)c(B(c2ccc(-c3cc4ccc5cccc6ccc(c3)c4c56)cc2)c2c(C)cc(C)cc2C)c(C)c1,Cc1ccccc1,414.0
11945,N#Cc1ccc(/C=C/C=C/C2=NC3C(=O)NC(N)=NC3N2[C@H]2C[C@H](O)[C@@H](CO)O2)cc1,C1COCCO1,486.0
5980,CC1=CC(C)=[N+]2C1=C(c1ccc(I)cc1)c1c(C)cc(C)n1[B-]21OCCO1,ClC(Cl)Cl,520.7013714
11791,COc1ccc(C2=C(C)C3=C(c4c(-c5ccccn5)nc5ccccn45)c4c(C)c(-c5ccc(OC)cc5)c(C)n4[B-](F)(F)[N+]3=C2C)cc1,ClCCl,608.0
1023,COc1ccc2[nH]cc(/C=C/C3=[NH+]c4cccc5cccc3c45)c2c1,CO,583.0
3298,Nc1ccc(C#Cc2ccc3ccc4ccc(C#Cc5ccc(N)cc5)c5ccc2c3c45)cc1,CCO,540.0
4359,F[B-]1(F)n2cccc2C(c2c3ccccc3cc3ccccc23)=C2C=CC=[N+]21,CCCCCC,521.0
11709,COc1ccc2c(=O)c3c([nH]c2c1)-c1cc(Cl)ccc1NC3(C)C,Cc1ccccc1,477.0
12097,CCC1=C(C)C(=O)n2c1cc1[nH]c(C(=O)OC(C)(C)C)c(C)c1c2=O,c1ccccc1,443.0
5195,O=C1CCCc2c1[nH]c1cc3c(cc21)OCO3,CCOC(C)=O,388.9020631
4080,CN1C(=O)/C(=C/c2ccncc2)N=C1/C=C/c1ccccc1,CC#N,550.0
8101,CCOC(=O)CSc1nc2c(c(C#N)c1C#N)CCCCCC2,c1ccccc1,408.0
1550,COc1cc(/C=C/c2ccccc2)cc(OC)c1,CCCCOCCCC,372.0
1009,F[B-]1(F)n2c(c3cccc4cccc2c43)=Nc2sc3ccccc3[n+]21,CCCCCC,493.0
7645,Cc1ccc(C2CC(c3ccc(O)cc3)=NN2c2ccc(S(N)(=O)=O)cc2)cc1,CCOC(C)=O,415.0
2737,Nc1ccc2c(c1)Cc1ccccc1-2,CO,367.0
648,COc1nc(Cl)nc(Nc2ccc3cc4ccccc4cc3c2)n1,C1COCCO1,432.0
6322,Clc1ccccc1N1c2c(sc3ccccc23)Sc2sc3ccccc3c21,ClCCl,574.0
2862,COc1cc(OC)cc(C2=C3C(C)=C(I)C(C)=[N+]3[B-](F)(F)n3c(/C=C/c4c[nH]c5ccc([N+](=O)[O-])cc45)c(I)c(C)c32)c1,ClCCl,630.0
4791,COc1ccc(C2=CC3=C(c4c(C)cc(C)cc4C)c4cc(-c5ccc(OC)cc5)c(-c5ccc(OC)cc5)n4[B-](F)(F)[N+]3=C2c2ccc(OC)cc2)cc1,C1CCCCC1,666.0
6522,Nc1cc2nc3cc(F)c(F)cc3nc2cc1N,CCO,537.0
550,COc1ccc(C2=C3C=CC(C)=[N+]3[B-](F)(F)n3c(C)ccc32)cc1,C1CCOC1,521.0
9205,NS(=O)(=O)c1ccc(N2N=C(c3ccc(O)cc3)CC2c2ccc(Cl)cc2)cc1,CCO,427.0
6400,COc1cc(OC)cc(C2=[O+][B-](F)(F)OC(c3ccccc3)=C2)c1,CCCCCC,446.168594
211,O=C1OC(c2ccccc2)=N/C1=C\c1ccccc1,C1COCCO1,447.0
10245,CCCCCCCCCCCCOc1nc2cc(/N=C/c3ccc(OCCCCCCCC)cc3O)ccc2[nH]1,ClC(Cl)Cl,510.0
5922,C(=C/c1ncnc2ccccc12)\c1ccc(N2CCCCC2)cc1,CC#N,579.0
5964,COc1c(-c2ccc(N(C)C)cc2)oc2ccccc2c1=O,CCOC(C)=O,468.6507937
9387,F[B-]1(F)n2c(-c3cccs3)cc(-c3cccs3)c2N=C2C(c3cccs3)=CC(c3cccs3)=[N+]21,C1CCOC1,763.0
3543,COC(=O)c1ccc(/C=C2\N=C(c3ccc([N+](=O)[O-])cc3)NC2=O)cc1,C1COCCO1,510.0
5013,CC1=C(C(C)(C)C)C(C)=[N+]2C1=C(C)c1c(C)c(C(C)(C)C)c(C)n1[B-]2(F)F,CNC=O,560.6
1438,CN(C)c1ccc(-c2c(/C=C3/C=Cc4ccccc4N3C)c(=O)c2=O)cc1,Cc1ccccc1,435.0
2515,Oc1ccccc1/N=C/c1ccccc1Oc1ccccc1,CCCCOC(C)=O,409.0
2868,CC1=CC(C)=[N+]2C1=Cc1c(C)c(C3=C(C)C4=Cc5c(C)cc(C)n5[B-](F)(F)[N+]4=C3C)c(C)n1[B-]2(F)F,ClCCl,563.0
2434,N#Cc1cc2ccccc2oc1=O,CCOC(C)=O,410.0
10989,O=C1O/C(=C\c2cccs2)c2ccccc21,CC#N,438.0
6984,C(=C/c1ccnc(/C=C/c2ccc(N(c3ccccc3)c3ccccc3)cc2)n1)\c1ccc(N(c2ccccc2)c2ccccc2)cc1,CC(C)=O,531.0
4233,COC(=O)COc1ccc(/C=C/C2=[N+]3C(=C(c4ccc(N5CCCCC5)cc4)c4c(C)cc(C)n4[B-]3(F)F)C(C)=C2)cc1,CO,581.0
1314,c1ccc(C2(c3ccccc3)c3cc4c(cc3-c3ccc5ccc6cccc7cc2c3c5c67)-c2ccc3ccc5cccc6cc(c2c3c56)C4(c2ccccc2)c2ccccc2)cc1,C1CCCCC1,408.0
7785,COC(=O)/C=C/c1sc(-c2ccc(N(C)C)cc2)c(-c2cccnc2)c1N,CC#N,593.0
5790,COc1cc2c(cc1/C=C/C1=CC(=C(C#N)C#N)CC(C)(C)C1)c1ccccc1n2C,CN(C)C=O,632.0
3979,Cc1cn(C)c(=O)nc1-n1cncn1,O,389.0
12,F[B-]1(F)OC(c2ccccc2)=Cc2cccc[n+]21,ClCCl,450.0
818,COc1ccc(-c2nc3ccccc3nc2-c2ccc(OC)cc2)cc1,CCCCCC,423.0
2784,Cc1cc(C)n2c1C=C1c3ccccc3C(c3ccc[nH]3)=[N+]1[B-]2(F)F,Cc1ccccc1,627.0
10606,N#Cc1c(-c2ccccc2)cc(-c2ccccc2)[nH]c1=S,CCO,465.0
453,c1ccc(-c2nc(-c3c4ccccc4cc4ccccc34)n3ccccc23)cc1,CC#N,577.0
6545,Oc1ccc2ccc3cccc4ccc1c2c34,CCOC(C)=O,386.3390512
11882,O=P1(c2ccccc2)c2cccc3ccc4ccc1n4c23,ClCCl,496.0
1656,Cc1cc(O)c(C(=O)/C=C/c2ccc([N+](=O)[O-])cc2)c(=O)o1,CC#N,490.0
3457,CC(C)[Si](C#Cc1c2nc3ccccc3nc2c(C#C[Si](C(C)C)(C(C)C)C(C)C)c2nc3c(ccc4cc5ccccc5cc43)nc12)(C(C)C)C(C)C,CCCCCC,648.0
10459,CC1(C)Cc2c(c3ccccc3c3nc4c(nc23)c2c(c3ccccc34)OC(C)(C)C2)O1,CCCCCC,454.1326067
10708,O=C1/C(=C2\Sc3ccccc3C2=O)Sc2ccccc21,c1ccccc1,598.0
9636,CCC1=C(C)C2=Cc3cccn3[B-](F)(F)[N+]2=C1C,CO,516.5
10634,O=C1c2ccc(N(c3ccccc3)c3ccccc3)cc2C(=O)c2ccc(N(c3ccccc3)c3ccccc3)cc21,Cc1ccccc1,601.0
2908,CCN(CC)c1ccc(-c2cc3c(s2)c(C(=O)OC)cc(=O)n3C)cc1,ClCCl,562.0
11021,CCOC(=O)CN1C(=O)C2=C(c3ccc(N4CCCCC4)cc3)N(CC(=O)OCC)C(=O)C2=C1c1ccccc1,CS(C)=O,601.0
940,CN(C)c1ccc(-c2nc3cnccc3[nH]2)cc1,CCCO,393.0
7856,OB(O)c1ccc(-c2ccc(N(c3ccccc3)c3ccccc3)cc2)cc1,C1CCCCC1,384.0
5840,CCOC(=O)C1CC(c2c(C#N)c(C)nn2-c2ccccc2)=CN1c1ccc(Br)cc1,OCCO,495.0
11119,Cc1c(COC(=O)c2ccccc2)n2c(OCC(=O)c3ccccc3)c(C)c(=O)n2c1=O,CCO,457.0
5114,CCCCCCc1ccc(-n2c3[n+](c4c5ccccc5c5ccccc5c42)[B-](C)(C)c2ccccc2-3)cc1,CC#N,385.0
11720,N#Cc1c(-c2cccs2)cc(-c2ccc3c(c2)Cc2ccccc2-3)[nH]c1=O,CO,438.0
8757,Cc1ccc(-c2nc3c([nH]2)C2=CC(=O)S[C@]2(C)[C@@]2(C)SC(=O)C=C32)cc1,CC#N,520.0
5568,F[Si](c1ccccc1)(c1c2ccccc2cc2ccccc12)c1c2ccccc2cc2ccccc12,C1CCOC1,409.0
12257,COc1ccc2c(=O)c3c([nH]c2c1)-c1ccccc1NC3(C)C,CCOC(C)=O,489.0
1400,Cc1ccc(-c2ccc3ccc4cc(C(C)(C)C)cc5ccc2c3c45)cc1,ClCCl,384.0
30,O=P1(c2ccccc2)c2ccccc2-c2sc3ccccc3c21,CCO,434.0
3677,N#Cc1c(-n2c3ccccc3c3ccccc32)c(-n2c3ccccc3c3ccccc32)cc(-n2c3ccccc3c3ccccc32)c1-n1c2ccccc2c2ccccc21,CCO,468.5224839
6429,CCCCCCN(c1ccccc1)c1ccc(/C=C/c2cc(=O)oc3cc(C)ccc23)cc1,CS(C)=O,583.0
8887,CCN(CC)c1ccc2cc(-c3cn4cc5ccccc5cc4n3)c(=O)oc2c1,ClC(Cl)Cl,460.0
7237,CCOC(=O)CSc1nc(-c2ccccc2)c(C)c(C#N)c1C#N,C1COCCO1,414.0
6727,CN(C)CCNCc1c2ccccc2cc2ccccc12,C1CCCCC1,388.0
1108,CC(C)c1cc(C(C)C)c(B2c3cc(-n4c5ccccc5c5ccccc54)ccc3N(c3ccccc3)c3ccc(-n4c5ccccc5c5ccccc54)cc32)c(C(C)C)c1,CCOC(C)=O,442.5170068
10752,CCOC(=O)CCOc1ccccc1C(c1c(C)[nH]c2ccccc12)c1c(C)[nH]c2ccccc12,CC#N,340.0
11086,[NH3+]c1ccc2c(c1)Cc1ccccc1-2,O,314.0
3229,CC1=NN(c2cccc3ccccc23)[B-](F)(F)[n+]2ccccc21,ClCCl,538.0
12028,Cc1ccc(-c2nc(-c3ccc(O)cc3)[nH]c2-c2ccc(C)cc2)cc1,CO,395.0
11917,CN(C)c1cccc2c1C(=O)c1ccccc1C2=O,CC1CCCCC1,566.5
9559,FC(F)(F)C(F)(F)C(F)(F)C1=NC2=C(Oc3ccccc3)C=C3c4cc(Oc5ccccc5)c5nc(C(F)(F)C(F)(F)C(F)(F)F)nc6c(Oc7ccccc7)cc(c4c56)=C4C=C(Oc5ccccc5)C(=N1)C2C34,C1CCOC1,523.0
3319,COc1cc(N(c2ccccc2)c2ccc(C=C(C#N)C#N)c(OC)c2)ccc1C=C(C#N)C#N,C1COCCO1,520.0
7146,COc1ccc(/C=C/c2ccccc2)cc1OC,CC#N,385.0
7040,F[B-]1(F)n2c(-c3ccccc3)cc(-c3ccccc3)c2C=C2C(c3ccccc3)=CC(c3ccccc3)=[N+]21,C1CCOC1,601.0
7439,COc1cc(C(=O)c2c(C)c3ccc4cccc5c6cccc7ccc2c(c76)c3c45)cc(OC)c1OC,ClCCl,456.0
6676,COC(=O)c1cc(=O)n(C)c2cc(-c3cc4c5c(c3)CCCN5CCC4)sc12,Cc1ccccc1,529.0
4954,CN(c1ccccc1)c1ccc(-c2ccc(-c3ccc(N(C)c4ccccc4)cc3)c3nc(-c4ccccc4)c(-c4ccccc4)nc23)cc1,CCCCCC,598.0
9166,CN(C)c1ccc(C#Cc2ncnc3ccccc23)cc1,ClCCl,560.0
1563,N#Cc1ccc(N)c2nonc12,O,612.0
8494,COc1ccc(C(=O)[O-])c(O)c1,CO,403.0
8487,F[B-]1(F)n2c(c3cccc4cccc2c43)=Nc2ccc3ccccc3[n+]21,Cc1ccccc1,511.0
3071,CC(C)Nc1cc2c(cc1F)c(=O)c1cc(F)c(NC(C)C)cc1n2C,CCO,421.0
11733,CC(=O)O[B-]1(OC(C)=O)OC(/C=C/c2ccc(C)cc2)=CC(/C=C/c2ccc(C)cc2)=[O+]1,Cc1ccccc1,481.0
11686,c1cc2c([nH]c3c4[nH]c5sccc5c4c4nsnc4c23)s1,CN(C)C=O,547.0
12036,CN(C)c1ccc(/C=C/c2ccc(-c3nnc(-c4ccc(-c5cc6ccccc6s5)cc4)o3)cc2)cc1,CCCCCCCCO,398.0
4420,Cn1c(=O)c(/N=N/c2ccc(Nc3ccc([N+](=O)[O-])cc3S(=O)(=O)O)cc2)c(O)c2ccccc21,CCOC(C)=O,610.0
11968,CC1(C)C(/C=C/C=C/c2cc3ccc(O)cc3oc2=O)=[N+](CCCS(=O)(=O)[O-])c2ccc(S(=O)(=O)O)cc21,CS(C)=O,655.0
11221,COc1cc2oc(=O)c3c4ccc(C(=O)c5ccccc5)cc4c4ccc5cccc6c(c1)c2c3c4c56,C1CCOC1,443.0
7936,O=Cc1cc(N2CCCCC2)c2ccc3c(N4CCCCC4)cc(N4CCCCC4)c4ccc1c2c43,CS(C)=O,601.0
5440,CNc1ccc(/C=C/C(=O)OC)cc1,O,470.0
10644,COc1ccc(N(c2ccc(OC)cc2)c2ccc(-c3ccc(C=C(C#N)C#N)s3)cc2)cc1,ClC(Cl)Cl,700.0
10327,F[B-]1(F)n2c(cc(-c3cccs3)c2-c2ccccc2)C(c2ccccc2)=C2C=C(c3cccs3)C(c3ccccc3)=[N+]21,CC#N,683.0
11928,CCC1(CC)c2ccccc2-c2c1c1c(c3c2C(CC)(CC)c2cc(N(c4ccccc4)c4ccccc4)ccc2-3)C(CC)(CC)c2ccccc2-1,CCCCCC,378.0
2213,N#CC(C#N)=C(/C=C/c1cn(-c2ccccc2)nc1-c1ccccc1)c1ccccc1,Cc1ccccc1,460.0
8943,Fc1ccc(-c2nc3n(c2-c2ccncc2)CCS3)cc1,CNC=O,446.0
11445,Cc1ccc(-n2c3ccccc3c3cc(C=C(C#N)C#N)ccc32)cc1,CC(C)=O,502.0
9780,COc1ccc(/C=C/c2ccc(/C=C/c3cc[n+]4ccc(/C=C/c5ccc(/C=C/c6ccc(OC)cc6)cc5)cc4c3)cc2)cc1,CO,620.0
5816,Cc1cc(C(F)(F)F)nc2c1ccc1nc(-c3ccc(F)c(F)c3)cn12,ClC(Cl)Cl,448.0
2111,c1ccc(-c2c3c(c(-c4ccccc4)c4cc5ccccc5cc24)Cc2c(c(-c4ccccc4)c4cc5ccccc5cc4c2-c2ccccc2)C3)cc1,Cc1ccccc1,402.0
4457,Oc1ccccc1/N=C/c1ccccc1Oc1ccccc1,CCCCCCO,410.0
11106,CC(C)[Si]1(C(C)C)c2cc(C#N)ccc2-c2ccc(N(c3ccccc3)c3ccccc3)cc21,CC#N,500.0
11269,c1ccc(N2c3ccccc3Sc3cc(-c4cccc5nc6ccccc6cc45)ccc32)cc1,C1CCOC1,476.0
4808,Cc1cc(C2=C(c3c(C)sc(-c4ccc(-c5nc(-c6ccccc6)c(-c6ccccc6)[nH]5)cc4)c3C)C(F)(F)C(F)(F)C2(F)F)c(C)s1,C1CCOC1,390.0
11071,COc1ccc(C2=[N+]3C(=Nc4c(-c5ccccc5)c(Br)c(-c5ccc(OC)cc5)n4[B-]3(F)F)C(c3ccccc3)=C2Br)cc1,ClC(Cl)Cl,714.0
9495,CCCN1C(=O)C(=CC=CC=C2Oc3ccccc3N2CCCS(=O)(=O)[O-])C(=O)N(CCC)C1=S,CCCO,581.0
5123,COC(=O)[C@H](Cc1ccccc1)Nc1c(C(C)=O)c(=O)oc2cc(N(C)C)ccc12,ClCCl,449.0
6282,Nc1ccc(C#Cc2ccc3ccc4ccc(C#Cc5ccc(N)cc5)c5ccc2c3c45)cc1,CC(C)=O,538.0
9837,Cc1cccc(C2=CC3=C(c4c(C)cc(C)cc4C)c4cc(-c5cccc(C)c5)c(-c5cccc(C)c5)n4[B-](F)(F)[N+]3=C2c2cccc(C)c2)c1,C1CCCCC1,625.0
7652,CC(C)(C)c1ccc2c3ccccc3c3cncnc3c2c1,ClCCl,376.0
7445,CCCSC1=[N+]2C(=C(c3ccccc3)c3ccc(SCCC)n3[B-]2(F)F)C=C1,CC#N,587.0
355,O=C1OC(c2ccccc2)=N/C1=C\c1ccc(N(c2ccccc2)c2ccccc2)cc1,CCOC(C)=O,571.0
1429,O=C1OCC2=C1C(c1ccccc1)c1cc3c(cc1N2CCO)CCC3,CC(C)O,409.0
5936,CCCCCCCCN1c2ccc(C#Cc3ccc(OC)cc3)cc2Sc2cc(C=O)ccc21,CCCCCC,494.0
8670,c1ccc(-n2c(-c3cccc4ccccc34)nc3c4cccc5ccc6cccc(c6c54)c32)cc1,C1CCOC1,422.4582498
8866,C=CCNc1ccc2ccc3oc4cc(=O)ccc-4nc3c2c1,CCO,611.0
9886,O=C1c2ccccc2-c2c(-c3ccccc3O)[nH]c(=O)n21,CC#N,480.0
332,Cc1cc(C)c(-c2nnc(-c3ccc(-n4c5ccccc5c5ccccc54)c(C)c3)o2)c(C)c1,CCO,440.0
6580,O=C1OC(c2ccccc2)=N/C1=C\c1ccc(N(c2ccc(/C=C3\N=C(c4ccccc4)OC3=O)cc2)c2ccc(/C=C3/N=C(c4ccccc4)OC3=O)cc2)cc1,CS(C)=O,650.0
11456,COC(=O)CNC(=O)c1nc2c(N(C)C)nc(N(C)C)nc2n1Cc1ccccc1,ClCCl,407.0
4224,O=C(N/N=C/c1ccccc1O)c1ccccc1O,CCO,463.0
964,N#Cc1c(N2CCCCC2)cc(-c2ccc(O)cc2)c2c1-c1cccc3cccc-2c13,CC#N,569.0
120,CCOC(=O)c1ccccc1-c1c2ccc(=O)cc-2oc2cc(OC(=O)[C@H](CO[Si](C)(C)C(C)(C)C)NC(=O)OC(C)(C)C)ccc12,CC#N,542.0
4352,O=c1oc2ccccc2c2cc(N3c4ccccc4Oc4ccccc43)ccc12,Cc1ccccc1,542.0
5329,COc1c2ccccc2c(-c2ccccc2)c2ccccc12,CN(C)C=O,426.0
3281,c1ccc(Nc2ccc3ccccc3n2)cc1,CCOC(C)=O,415.28
9522,CCCCn1c(-c2ccc(-c3nnc(-c4ccc5ccccc5c4)o3)cc2)nc(-c2ccccc2)c1-c1ccccc1,ClCCl,445.0
2544,CSc1ccc2c(c1)N(CCCN(C)C)c1ccccc1S2,CC#N,460.0
7322,CCN(CC)c1ccc(/C=C/c2ccc(-c3ccc(/C=C/c4ccc(N(CC)CC)cc4)s3)s2)cc1,C1CCOC1,544.0
10175,O=C1c2ccccc2-c2ccc(N3CCN(c4ccccc4)CC3)c3cccc1c23,CCO,589.0
2885,O=c1c2cc(F)c(O)cc2n(Cc2ccccc2)c2cc(O)c(F)cc12,CCO,431.0
8216,O=C1c2ccccc2-c2nc3c4ccccc4c4ccccc4c3n21,ClCCl,616.0
2178,COc1cc(/C=C/C2=CC(/C=C/c3ccc(O)c(OC)c3)=[O+][B-](F)(F)O2)ccc1O,CO,592.05
6415,COc1cc(-c2nc(-c3ccccc3)c(-c3ccccc3)[nH]2)c(OC)cc1/C=C/c1ccncc1,Cc1ccccc1,454.0
5106,c1csc(-c2cnc(-c3cccs3)c3nonc23)c1,OCc1ccccc1,628.0
5653,CCN(CC)c1ccc([N+]2=Cc3ccc4c5c(ccc4c3O[B-]2(c2c(F)c(F)c(F)c(F)c2F)c2c(F)c(F)c(F)c(F)c2F)C=[N+](c2ccc(N(CC)CC)cc2)[B-](c2c(F)c(F)c(F)c(F)c2F)(c2c(F)c(F)c(F)c(F)c2F)O5)cc1,Cc1ccccc1,644.0
3123,CN1C(=CC2=C([O-])C(=CC3=[N+](C)c4ccccc4C3(C)C)C2=C2C(=O)NC(=O)NC2=O)C(C)(C)c2ccccc21,ClC(Cl)Cl,665.0
11748,N#Cc1ccc(-c2ccc(C3=CCCCC3)s2)s1,CCCCCC,427.0
1544,N#Cc1coc2ccccc2c1=O,CCOC(C)=O,495.0
6558,CCCCCCCCCCCCN1C(=O)c2c(c3ccc4cc(-c5ccccc5)c(OC)cc4c3c3c2ccc2cc(-c4ccccc4)c(OC)cc23)C1=O,ClCCl,526.0
11661,CCCCCCCCN1c2ccc(C#Cc3ccc(C(F)(F)F)cc3)cc2Sc2cc(C=O)ccc21,CS(C)=O,539.0
8794,F[B-]1(F)n2c(c3ccccc3c2-c2ccccc2)C=C2c3ccccc3C(c3ccccc3)=[N+]21,C1CCOC1,662.0
5981,CCCCOc1ccc2cc(-c3ccc(C)cc3)c(=O)oc2c1,CCO,429.0
8274,COc1ccccc1-c1nc2c3cccnc3c3ncccc3c2n1-c1ccccc1,Cc1ccccc1,396.0
6492,CC1=[N+]2C(=C(c3ccccc3C)c3ccc(C)n3[B-]2(F)F)C=C1c1cc2n(c1)[B-](F)(F)[N+]1=CC=CC1=C2c1c(C)cc(C)cc1C,CCOC(C)=O,679.0
945,CCCSc1ccc2n1[B-](F)(F)[N+]1=C(SC#N)C=CC1=C2c1ccccc1,CO,563.0
7793,COc1ccc2c(c1)N(c1ccc(C)cc1)c1cc3c(cc1=N2)Oc1c(cc(C(C)(C)C)cc1C(C)(C)C)N=3,CC#N,625.0
6053,Cc1ccccc1-c1c2ccc(=[N+]3CCOCC3)cc-2oc2cc(N3CCOCC3)ccc12,ClCCl,575.0
6311,Cc1ccc(-c2ccc(/C=C/c3cccn3C)cn2)nc1,CCO,501.0
11671,CCCCN(CCCC)c1ccc(C#Cc2cc(C#Cc3ccc(C#N)cc3)c(C#Cc3ccc(C#N)cc3)cc2C#Cc2ccc(N(CCCC)CCCC)cc2)cc1,ClCCl,563.0
10116,c1ccc(-c2nn(-c3ccccc3)c3nc4ccccc4cc23)cc1,CN(C)C=O,476.6444233
9354,COc1ccc(/C=C/c2nc(/C=C/c3ccc(N(C)C)cc3)cc(/C=C/c3ccc(N(c4ccccc4)c4ccccc4)cc3)n2)cc1,Cc1ccccc1,491.0
1561,Cc1ccc(C2=C3C=C(I)C=[N+]3[B-](F)(F)n3cccc32)cc1,CCO,547.0
11667,COc1cc2c(cc1OC)C1=C3C(=O)N4C=Cc5cc(OC)c(OC)cc5C4=C3C(=O)N1C=C2,ClC(Cl)Cl,597.0
8731,COc1cc(Br)cc2cc(-c3cc4cc(Br)cc(OC)c4oc3=O)oc12,O,497.0
6351,COc1cc2c3c4c(c5ccc(C(C)(C)C)cc5c5c(OC)cc(OC)c(c2c(OC)c1OC)c45)=[N+]1C3=Nc2c3c4cc(OC)c(OC)c(OC)c4c4c(OC)cc(OC)c5c6cc(C(C)(C)C)ccc6c(c3c54)n2[B-]1(F)F,Cc1ccccc1,907.0
1095,CC[n+]1ccc(/C=C/c2cc3cccc4ccc5cccc2c5c43)cc1,O,606.0
9934,COc1ccc(C2=[N+]3C(=Nc4c(C)cc(-c5ccc(OC)cc5)n4[B-]3(F)F)C(C)=C2)cc1,CS(C)=O,692.0
3287,COc1ccc(-c2nc(N)nc(C#N)c2C#N)cc1OC,CCOC(C)=O,442.0
11483,COc1ccc(/C=C/c2cc(/C=C/c3ccc(OC)cc3)nc(/C=C/c3ccc4cc(OC)ccc4c3)n2)cc1,Cc1ccccc1,411.0
7195,O=Cc1ccc2ccc3cccc4ccc1c2c34,CC#N,418.0
2605,COc1cc(-c2nc3c4cccnc4c4ncccc4c3[nH]2)c(OC)cc1/C=C/c1ccncc1,CC#N,473.0
1392,CCCCCCN(CCCCCC)c1ccc(C#Cc2c(F)c(F)c(F)c(F)c2F)cc1,CO,464.0
4680,COc1cccc(C2=CC3=C(c4c(C)cc(C)cc4C)c4cc(-c5cccc(OC)c5)c(-c5cccc(OC)c5)n4[B-](F)(F)[N+]3=C2c2cccc(OC)c2)c1,CC#N,629.0
10599,CCCCOc1ccc(-c2oc3cc4n(c3c2-c2ccc(OCCCC)cc2)[B-](F)(F)[N+]2=Cc3cc5oc(-c6ccc(OCCCC)cc6)c(-c6ccc(OCCCC)cc6)c5n3[B-](F)(F)[N+]2=C4)cc1,CS(C)=O,647.0
752,CCCCCCc1ccsc1-c1ccc(-c2sc(C(=O)O)cc2CCCCCC)s1,CC(C)=O,468.0
7319,COc1ccc2cc(/C=C/C3=C4CCc5ccccc5C4=[O+][B-](F)(F)O3)ccc2c1,ClCCl,564.0
3737,CCN(CC)c1ccc(-c2nc3c4ccccc4n(C)c3nc2-c2ccc(B(c3c(C)cc(C)cc3C)c3c(C)cc(C)cc3C)cc2)cc1,C1CCCCC1,514.0
11992,CCn1c2ccccc2c2cc(/C=C/c3cc(/C=C/c4ccc5c(c4)c4ccccc4n5CC)ncn3)ccc21,CN(C)C=O,500.0
10464,CCCCC(CC)CN1C(=O)c2cccc3c(C#Cc4ccc(N(c5ccc(C#Cc6ccc7c8c(cccc68)C(=O)N(CC(CC)CCCC)C7=O)cc5)c5ccc(C#Cc6ccc7c8c(cccc68)C(=O)N(CC(CC)CCCC)C7=O)cc5)cc4)ccc(c23)C1=O,C1CCOC1,633.0
3215,N#Cc1ccc(-c2nc(-c3ccccc3)c3ccccn23)cc1,ClCCl,477.0
6464,CC(C)(C)OC(=O)NC(C(=O)OCc1ccc2c3cccc4cccc(c5cccc1c52)c43)c1c[nH]c2ccccc12,CCO,447.0
9805,CCOc1cccc2c1O[B-](F)(F)[n+]1c3c(c4c(c1-2)-c1ccccc1CC4)-c1ccccc1CC3,ClCCl,483.0
1777,O=P1(c2ccccc2)C2=C(c3ccccc31)S(=O)(=O)c1ccccc12,ClCCl,466.0
4113,c1cc2c3c(c1)-c1ccc4c5c(ccc(c15)B3c1ccc3c5c(ccc-2c15)CC3)CC4,Cc1ccccc1,516.0
1770,CN(C)c1ccc(/C=C2\CC/C(=C\c3ccc(C#N)cc3)C2=O)cc1,C1CCOC1,651.0
10443,C(=C(c1ccccc1)c1ccccc1)c1ccc(-c2cc(-c3ccc(C=C(c4ccccc4)c4ccccc4)cc3)cc(-c3ccc(C=C(c4ccccc4)c4ccccc4)cc3)c2)cc1,C1CCOC1,446.0
4687,COc1ccc(-c2ccc(/C=C/c3cnc4ccccc4n3)cc2)cc1,ClCCl,485.0
3022,Cc1ccc(C2=Cc3ccc4ccccc4[n+]3[B-](F)(F)O2)cc1,ClC(Cl)Cl,443.0
4228,Cc1cccc(C)c1Nc1ccc(/C=C/c2ccccc2)cc1,CCCCCC,375.0
3012,Cc1cc(C2(c3cc(C)c(O)c(Br)c3)OS(=O)(=O)c3ccccc32)cc(Br)c1O,CC(C)=O,490.0
11181,Cc1ccc2nc3cc4ccccc4cc3c(-c3ccccc3)c2c1,ClCCl,521.0
10841,O=P1(c2ccccc2)c2cc(N3c4ccccc4Sc4ccccc43)ccc2-c2ccc(N3c4ccccc4Sc4ccccc43)cc21,Cc1ccccc1,557.0
9015,CC(C)(C)c1ccc(-c2nc3c4ccc(-c5ccccc5)cc4c4cc(-c5ccccc5)ccc4c3n2-c2ccc(C(C)(C)C)cc2)cc1,CCCCOCCCC,386.0
8855,C/C(=N\Nc1ccc(C#N)cc1)c1ccccn1,CC#N,463.0
7180,C[Si](C)(C)c1ccc(-c2ccc(-c3ccc(-c4ccc(-c5ccc([Si](C)(C)C)cc5)cc4)c4nsnc34)cc2)cc1,C1CCOC1,516.0
527,CCC1(CC)c2ccccc2-c2c1c1c(c3c2C(CC)(CC)c2cc(B(c4c(C)cc(C)cc4C)c4c(C)cc(C)cc4C)ccc2-3)C(CC)(CC)c2ccccc2-1,CCCCCC,372.0
6188,CCCCOc1ccc(-c2oc3cc4n(c3c2-c2ccc(OCCCC)cc2)[B-](F)(F)[N+]2=Cc3cc5oc(-c6ccc(OCCCC)cc6)c(-c6ccc(OCCCC)cc6)c5n3[B-](F)(F)[N+]2=C4)cc1,ClC(Cl)Cl,646.0
11240,COC(=O)c1ccc(C(=O)NC(C)(C)C)c2c1ccc1c3ccccc3c3ccccc3c12,ClCCl,448.0
4264,c1ccc(-c2cccc3c2-c2ccccc2C32c3ccccc3-c3ccccc32)cc1,C1CCCCC1,358.0
4262,Cc1cccc2cc3c(=O)n(C)c(=O)n(C)c3nc12,CC#N,417.0
5577,COC(=O)C(Cc1ccc2oc(-c3ccc(-n4c5ccccc5c5ccccc54)cc3)nc2c1)NC(=O)OC(C)(C)C,CC(C)O,430.9973278
1919,O=[N+]([O-])c1ccc(/C=C/c2c[nH]c3ccccc23)cc1,CCCCCCC,511.0
701,CCN(CC)c1ccc2cc(-c3csc(N)c3C#N)c(=O)oc2c1,CS(C)=O,482.0
4397,Nc1ccccc1,C1CCCCC1,323.4152652
4480,c1ccc(N2N=C(c3c4ccccc4cc4ccccc34)CC2c2ccc3ccc4cccc5ccc2c3c45)cc1,ClCCl,509.0
9707,COc1cc2c3c(c4cc(OC)c(OC)c(OC)c4c2c(OC)c1OC)=[N+]1C(=C(c2c(C)cc(C)cc2C)c2cc4c5cc(OC)c(OC)c(OC)c5c5c(OC)c(OC)c(OC)cc5c4n2[B-]1(F)F)C=3,ClCCl,771.0
1298,O=S(=O)(c1ccc(-c2ccc(-n3c4ccccc4c4ccccc43)cc2)cc1)c1ccc(-c2ccc(-n3c4ccccc4c4ccccc43)cc2)cc1,C1CCOC1,432.0413437
1352,Cc1nc2cccc(-c3nc4ccccc4[nH]3)c2c(=O)[nH]1,CN(C)C=O,441.0
2926,COc1cc2c3cc(OC)c(OC)cc3c3cc4c(C)cc(=O)oc4cc3c2cc1OC,CO,556.0
9531,N#Cc1nc2c(OCc3ccccc3)nc(N)nc2n1Cc1ccccc1,C1COCCO1,362.0
1287,Cn1c2ccccc2c2cc(/C=C/C3=[O+][B-](F)(F)OC(/C=C/c4ccc5c(c4)c4ccccc4n5C)=C3c3ccccc3)ccc21,ClCCl,636.0
4693,C=Cc1ccc(-c2ccc(-c3nnc(-c4ccc(-c5nnc(-c6ccc(-c7ccc(C=C)cc7)s6)o5)cc4)o3)s2)cc1,CCO,400.0
10036,CCCCOc1ccc(-c2oc3c(-c4ccc(OCCCC)cc4)c4n(c3c2-c2ccc(OCCCC)cc2)[B-](F)(F)[N+]2=Cc3c(-c5ccc(OCCCC)cc5)c5oc(-c6ccc(OCCCC)cc6)c(-c6ccc(OCCCC)cc6)c5n3[B-](F)(F)[N+]2=C4)cc1,CS(C)=O,676.0
6380,CCn1c2ccccc2c2cc(/C=C/c3cccc[n+]3CCCS(=O)(=O)[O-])ccc21,CC(C)=O,565.0
6110,CN(C)c1ccc(/C=C/c2ccc(-c3cc(-c4ccccn4)nc(-c4ccccn4)c3)cc2)cc1,C1CCOC1,536.0
3697,CCN(CC)c1ccc(-c2ccc(-c3nc4ccccc4c(=O)[nH]3)s2)cc1,Cc1ccccc1,490.0
2013,CCn1c2ccsc2c2c3nsnc3c3c4sccc4n(CC)c3c21,ClCCl,565.0
9443,Oc1ccccc1/N=C/c1ccccc1Oc1ccccc1,C1COCCO1,410.0
4373,O=c1[nH]c(=O)n([C@@H]2O[C@H](CO)[C@@H](O)[C@H]2O)cc1-c1cc2ccccc2s1,CC#N,443.0
7689,CCCCCCc1ccc2c3c(ccc2c1)O[B-](c1ccccc1)(c1ccccc1)[N+](c1ccc([N+]2=Cc4c(ccc5cc(CCCCCC)ccc45)O[B-]2(c2ccccc2)c2ccccc2)cc1)=C3,CC#N,561.0
5861,CC(=O)Nc1ccc(O)cc1,CCCCO,320.0
2147,CN1CCN(c2ccc3c4c(cccc24)C(=O)c2ccccc2-3)CC1,CN(C)C=O,621.0
5770,COc1cc(OC)cc(C2=[O+][B-](F)(F)OC(c3ccccc3)=C2)c1,ClCCl,554.0
7918,F[B-]1(F)OC(c2ccc(C(F)(F)F)cc2)=Cc2cc(Cl)nc[n+]21,Cc1ccccc1,434.0
5880,CCOC(=O)C(C(=O)OCC)C1=[N+]2C(=C(c3ccc(C)cc3)c3ccc(Cl)n3[B-]2(F)F)C=C1,C1CCOC1,525.0
6480,CN(C)c1ccc(C#Cc2cc(C#Cc3ccc(C(F)(F)F)cc3)c3ccc4c(C#Cc5ccc(N(C)C)cc5)cc(C#Cc5ccc(C(F)(F)F)cc5)c5ccc2c3c45)cc1,ClCCl,605.0
7442,CCc1c(C)c2n(c1C)[B-](F)(F)[N+]1=C(c3ccc[nH]3)c3ccccc3C1=C2C,CCCCCC,622.0
7615,CCN(CC)c1ccc2cc(C#N)/c(=N\C(C)=O)oc2c1,CCO,462.0
11233,Cc1ccc(Nc2ccc(Nc3ccc(C)cc3)c3c2C(=O)c2ccccc2C3=O)cc1,CCCCO,683.0
4870,COc1ccccc1-c1cc2c(o1)=CC1=Cc3cc4oc(-c5ccccc5OC)cc4n3[B-](F)(F)[N+]=21,ClC(Cl)Cl,680.0
8977,CCCCC1(CCCC)c2cc(C#Cc3ccc4ccc5cccc6ccc3c4c56)ccc2-c2ccc(C#Cc3ccc4ccc5cccc6ccc3c4c56)cc21,Cc1ccccc1,438.0
810,O=c1[nH]c(=O)n([C@@H]2O[C@H](CO)[C@@H](O)[C@H]2O)c2ccsc12,CO,350.0
6472,CC(C)(C)c1ccc(C2=C(c3ccc(-n4c5ccc(C(C)(C)C)cc5c5cc(C(C)(C)C)ccc54)cc3)S(=O)(=O)c3c2sc(-c2ccc(-n4c5ccc(C(C)(C)C)cc5c5cc(C(C)(C)C)ccc54)cc2)c3-c2ccc(C(C)(C)C)cc2)cc1,C1CCOC1,555.0
2073,COc1ccc2c(c1)C(=O)c1ccccc1-2,CC#N,568.0
8538,CCC(C)Nc1c2ccc(=[N+]3CCCCC3)cc-2oc2cc(N3CCCCC3)ccc12,ClCCl,537.0
9001,CCCCCCN(CCCCCC)c1ccc(C#Cc2ccc(C#N)cc2)cc1,CO,514.0
885,O=c1oc2ccccc2cc1/C=C/c1ccc([N+](=O)[O-])cc1,CC#N,539.0
1477,CC(C)(C)c1ccc2c(c1)c1cc(C(C)(C)C)ccc1n2-c1ccc(C#Cc2ccc(C#Cc3ccc(C=C(C#N)C#N)cc3)cc2)cc1,ClCCl,474.0
1790,C(/C=C/c1ccc(-n2c3ccccc3c3ccccc32)cc1)=C\c1ccncc1,CC#N,492.0
8600,c1ccc2nc3c(nc2c1)c1c2n3CCCN2CCCC1,CCCCCC,470.0
2008,COC(=O)C(NC(=O)OC(C)(C)C)c1ccc2oc(-c3ccc(N(C)C)cc3OC)nc2c1,CO,398.0
5890,CCN(CC)c1ccc(-c2nc(Oc3ccc(-c4nc5cc([N+](=O)[O-])ccc5[nH]4)cc3)nc(Oc3ccc(-c4nc5cc([N+](=O)[O-])ccc5[nH]4)cc3)n2)cc1,CN(C)C=O,429.0
682,COc1ccc(N(c2ccc(OC)cc2)c2ccc3c4cccc5c(N(c6ccc(OC)cc6)c6ccc(OC)cc6)ccc(c6cccc2c63)c54)cc1,CC#N,598.0
3895,CCCCCCCCCCCCCCCCCCN1C(=O)c2cccc3c(OCCN(C)C)ccc(c23)C1=O,CC(C)=O,507.0
9703,NS(=O)(=O)c1ccc(N2N=C(c3ccc(O)cc3)CC2c2ccc([N+](=O)[O-])cc2)cc1,O,451.0
11967,Cn1c(=O)c(/N=N/c2cc(S(=O)(=O)O)ccc2C(=O)O)c(O)c2ccccc21,ClCCl,516.0
10673,O=C1/C(=C\c2ccc3oc4ccccc4c3c2)S(=O)(=O)c2ccccc21,CC(C)=O,458.0
57,COc1ccc2c3c(c4ccc(OC)cc4c2c1)C(C)(C)c1cc(-c2ccccc2)ccc1-3,C1CCCCC1,392.0
8634,CN(C)c1ccc(-c2cc3c(s2)c(C(=O)c2ccccc2)cc(=O)n3Cc2ccccc2)cc1,ClCCl,678.0
2399,c1ccc(-c2cc3cccc[n+]3[b-]3c(-c4cccc5[b-]4[n+]4ccccc4cc5-c4ccccc4)cccc32)cc1,C1CCCCC1,591.0
5771,CN(C)c1ccc(C2=Nc3scc(-c4ccccc4)[n+]3[B-](F)(F)O2)cc1,ClCCl,454.0
11803,O=C1OCC2=C1C(c1ccccc1)c1cc3c(cc1N2CCO)CCC3,CCCCCCCCO,407.0
7698,Nc1ccc(/C=C/c2ccccc2)cc1,CC#N,423.0
8572,NS(=O)(=O)c1ccc(N2N=C(c3ccc(O)cc3)CC2c2ccc(Cl)cc2)cc1,CO,431.0
7020,Cc1cc(C)c(C2=[N+]3C(=Cc4c(C)cc(C)n4[B-]3(F)F)c3ccccc32)[nH]1,C1CCOC1,627.0
1468,O=C1c2ccccc2C(=O)C1C1C(=O)c2c3ccccc3cc3cc4ccccc4c1c23,CC#N,591.0
1416,COc1ccc(-c2c3ccccc3c(C#Cc3ccccc3)c3cc4cc(C)sc4cc23)cc1,ClCCl,504.0
7281,COC(=O)c1ccc(-c2cc3ccc4cccc5ccc(c2)c3c45)cc1,Cc1ccccc1,406.0
2358,c1cc2ccc3ccc(-c4ccc(-c5nnc(-c6ccc(-c7nnc(-c8ccc(-c9ccc%10ccc%11cccc%12ccc9c%10c%11%12)s8)o7)cc6)o5)s4)c4ccc(c1)c2c34,ClC(Cl)Cl,373.0
12129,Cc1cc(C)cc(NC(=O)c2sc(Br)nc2C)c1,CC#N,399.0
5824,c1ccc(-c2nc(-c3ccc(-c4ccc(N(c5ccccc5)c5ccccc5)cc4)cn3)oc2-c2ccccc2)cc1,c1ccccc1,438.0
10449,CC(C)(C)c1ccc(-n2c(-c3ccc(-c4cc(-c5ccccc5)c5c(c4-c4ccccc4)-c4cccc6cccc-5c46)cc3)nc3c4ccccc4c4ccccc4c32)cc1,C1CCOC1,458.0
10390,Cc1ccc(NC(=O)c2sc(Br)nc2C)cc1,C1CCOC1,407.5
11067,Cc1ccc(-c2cc(/C=C/c3ccc(N(c4ccccc4)c4ccccc4)cc3)c(C#N)c(N3CCCCC3)c2)cc1,CS(C)=O,523.0
3869,N#Cc1ccc2c(c1)CCc1nc(-c3ccc([N+](=O)[O-])cc3)c3c(c1-2)CCc1cc(C#N)ccc1-3,CCCCCC,413.0
11760,CC(C)(C)c1ccc(-c2c(-c3ccc(N(c4ccccc4)c4ccccc4)cc3)cc(-c3ccc(N(c4ccccc4)c4ccccc4)cc3)c(-c3ccc(C(C)(C)C)cc3)c2-c2ccc(C(C)(C)C)cc2)cc1,C1CCOC1,406.0
7360,C(=C/c1ccccn1)\c1ccc(N(c2ccc(/C=C/c3ccccn3)cc2)c2ccc(-c3nc4ccccc4nc3-c3ccc(N(c4ccc(/C=C/c5ccccn5)cc4)c4ccc(/C=C/c5ccccn5)cc4)cc3)cc2)cc1,Cc1ccccc1,533.0
8620,CCOC(=O)CN(CC(=O)OCC)c1ccc(-c2cc(-c3cccnc3)nc(-c3cccnc3)c2)cc1,CC#N,438.0
12072,O=C1c2ccccc2-c2cnccc21,CC#N,516.7619211
10086,O=c1c2ccccc2n2c3ccccc3c(=O)c3cc(-c4ccccc4)cc1c32,c1cc(-n2c3ccccc3c3ccccc32)cc(-n2c3ccccc3c3ccccc32)c1,472.0
1055,O=C1/C(=C\c2ccc(N(c3ccccc3)c3ccccc3)cc2)S(=O)(=O)c2ccccc21,CS(C)=O,553.0
2281,CC(C)(C)c1ccc(-c2c(-c3ccc4c5ccccc5n(-c5ccccc5)c4c3)c(C#N)c(-c3ccc4c5ccccc5n(-c5ccccc5)c4c3)c(-c3ccc(C(C)(C)C)cc3)c2-c2ccc(C(C)(C)C)cc2)cc1,C1CCOC1,400.0
5716,COC(=O)CN1C(=O)c2cc3ccc(N(C)C)cc3cc2C1=O,ClC(Cl)Cl,509.0
1924,CCOC(=O)/C=C/c1ccc(N(C)C)cc1,CCCCCCO,433.0
11066,N#Cc1cccc2[nH]ccc12,O,405.0
1075,Cc1ccc(C2=C3C=CC(c4ccccc4)=[N+]3[B-](F)(F)n3c(Cl)ccc32)cc1,CO,549.0
1115,CCc1c(C)c2n(c1C)[B-](F)(F)[N+]1=C(c3ccc[nH]3)c3ccccc3C1=C2,ClCCl,634.0
3936,COc1ccc2c3c(cccc13)C(=O)N(C)C2=O,CC#N,434.0
3533,CC/[NH+]=c1\cc2oc3cc(NCCC(=O)NC(C(=O)OC)C(C)C)c4ccccc4c3nc-2cc1C,CCO,644.0
6784,c1ccc2c(-c3cc(-c4c5ccccc5cc5ccccc45)cc(-c4c5ccccc5cc5ccccc45)c3)c3ccccc3cc2c1,C1CCOC1,400.0
460,CC1(C)c2ccccc2N(c2ccc3c(ccc4nc5ccc6cc(N7c8ccccc8C(C)(C)c8ccccc87)ccc6c5nc43)c2)c2ccccc21,C1CCCCC1,484.0
3032,CN(C)c1ccc(C#Cc2ncnc3ccccc23)cc1,CC#N,573.0
4207,Oc1ccc(Nc2ccc3ccccc3n2)cc1,CCO,416.0
10915,COc1ccc2cc(/C=C/c3nc(/C=C/c4ccc(N(C)C)cc4)cc(/C=C/c4ccc(N(C)C)cc4)n3)ccc2c1,CC#N,586.0
1452,COC(=O)c1cc(=O)n(C)c2cc(-c3cccc(N(C)C)c3)sc12,ClCCl,560.0
2149,N#C/C(=C\C=C\c1ccc([N+](=O)[O-])cc1)c1ccccc1,C1CCOC1,473.0
319,CC1=CC(C)=[N+]2C1=Cc1c3ccccc3c(C#Cc3ccc(F)cc3)n1[B-]2(F)F,CCCCCC,615.0
8364,c1ccc(-c2cc(-c3ccc4ccc5cccc6ccc3c4c56)ccn2)nc1,CCCCCC,385.000385
1922,CNc1cccc2c1C(=O)c1ccccc1-2,CCO,542.0
8518,F[B-]1(F)OC(c2ccccc2)=Cc2cc(Cl)nc[n+]21,CCCCCC,423.0
10886,CC1=[N+]2C(=C(c3ccc(N(C)C)cc3)c3ccc(C)n3[B-]2(F)F)C=C1,CO,511.0
11818,O=C1c2ccccc2-c2ccc(Nc3nc(Cl)nc(Cl)n3)c3cccc1c23,CCOC(C)=O,512.0327701
9896,CC1=CC(C)=[N+]2C1=C(c1ccc(O)cc1)c1c(C)cc(/C=C/C=C3/N(C)c4ccccc4C3(C)C)n1[B-]2(F)F,O,708.0
10208,CCC12C(=C3C(=C4c5ccc(-c6ccc(C)s6)cc5S(=O)(=O)C41CC)C(F)(F)C(F)(F)C3(F)F)c1ccc(-c3ccc(C)s3)cc1S2(=O)=O,CCO,618.0
2129,Oc1ccc2ccc3cccc4ccc1c2c34,O=C1CCCO1,387.9728419
5972,Fc1c(-c2nnc(-c3ccccc3)o2)c(-n2c3ccccc3c3ccccc32)c(F)c(-n2c3ccccc3c3ccccc32)c1-n1c2ccccc2c2ccccc21,Cc1ccccc1,459.0
7654,C(#Cc1c2ccccc2c(-c2ccccc2)c2cc3ccccc3cc12)c1ccccc1,ClCCl,541.0
7945,F[B-]1(F)n2c(c3cccc4cccc2c43)=Nc2cccc(Cl)[n+]21,C1CCOC1,503.0
1052,O=C([O-])c1ccc(C(=O)[O-])c(C2=c3cc4c5c(c3Oc3c2cc2c6c3CCCN6CCC2)CCC[N+]=5CCC4)c1,O,603.0
5993,COc1ccc(/C=C/c2ccccc2)cc1,CCOCC,366.0
8417,Cc1cc(C#Cc2ccccc2)c2ccc3c(C#Cc4ccccc4)cc(C#Cc4ccccc4)c4ccc1c2c43,ClC(Cl)(Cl)Cl,460.0
4067,CN(C)c1cc2c(cc1F)c(=O)c1cc(F)c(N3CCCCC3)cc1n2C,CCO,443.0
1456,Oc1ccccc1-c1nc2c3ccccc3c3ccccc3c2o1,Cc1ccccc1,367.0
5513,N#Cc1ccc(C#Cc2ccc(C#Cc3ccc(C#Cc4ccccc4C#N)cc3C#N)cc2C#N)cc1,CC#N,388.0
361,Fc1c(F)c(F)c([B-]2(c3c(F)c(F)c(F)c(F)c3F)Oc3c(ccc4c5c(ccc34)C=[N+](c3ccccc3)[B-](c3c(F)c(F)c(F)c(F)c3F)(c3c(F)c(F)c(F)c(F)c3F)O5)C=[N+]2c2ccccc2)c(F)c1F,Cc1ccccc1,580.0
12098,CN(C)c1ccc2nc(-c3ccc(C(=O)OC(C)(C)C)cc3)sc2c1,c1ccccc1,470.0
3145,O=C1Nc2ccccc2/C1=C/C(=O)c1ccccc1,CCCCO,411.0
5572,O=S(=O)(c1ccc(-c2ccc(-c3nc4c5ccccc5c5ccccc5c4n3-c3ccccc3)cc2)cc1)c1ccc(-c2ccc(-c3nc4c5ccccc5c5ccccc5c4n3-c3ccccc3)cc2)cc1,C1CCOC1,451.0
8454,CSc1ccc(/C=C/c2cnc3ccccc3n2)cc1,C1CCOC1,467.0
6930,c1ccc2c(c1)Oc1ccccc1N2c1ccc2c(c1)c1ccccc1n1c3ccccc3nc21,O=P(c1ccccc1)(c1ccccc1)c1ccccc1Oc1ccccc1P(=O)(c1ccccc1)c1ccccc1,500.0
8537,CCOC(=O)/C=C/c1ccc(N(C)C)cc1,Cc1ccccc1,406.0
9866,N#Cc1nn(-c2ccc(Cl)cc2)nc1N1CCCC1,CC#N,429.0
7607,c1ccc(-c2nc(-c3ccc(-c4ccc(-n5c6ccccc6c6ccccc65)cc4)cn3)oc2-c2ccccc2)cc1,CCN(CC)CC,396.0
540,CN(C)c1ccc(/C=C(\C#N)c2nc3ccccc3s2)cc1,C1CCCCC1,500.0
7915,CC1=CC(C)=[N+]2C1=C(c1c(-c3ccccn3)nc3ccccn13)c1c(C)cc(C)n1[B-]2(F)F,ClCCl,536.0
10378,CCC(=O)c1ccc2cc(N(C)C)ccc2c1,ClCCl,440.5
6551,CCCCCCC(CCCCCC)N1C(=O)c2cccc3c(-c4ccc([Si](C)(C)C)cc4)ccc(c23)C1=O,ClC(Cl)Cl,425.4
11057,CN(C)c1ccc(/C=C/C=C2\CCCC2=O)cc1,CCCO,594.0
754,O=C1c2cccc3cc4ccccc4c(c23)C(=O)N1Cc1ccccn1,C1CCOC1,485.0
6641,Cc1cccn2c1cc1c3ccccc3nc(-c3ccc(Cl)o3)c12,CS(C)=O,508.5
2003,CCCCCCn1c(=O)c2c3sc4ccccc4sc3c3c(=O)n(CCCCCC)c(=O)c3c2c1=O,ClCCl,567.0
2542,CCCCc1c2ccccc2c(-c2ccc(-c3nc4cc(CC(NC(=O)OC(C)(C)C)C(=O)OC)ccc4o3)cc2)c2ccccc12,CS(C)=O,454.5000045
5943,Cc1ccc(-c2cc(-c3ccccc3)c(C#N)c(=S)[nH]2)cc1,CC#N,488.0
8990,CCN(CC)c1ccc2cc(/C=C/C(=O)c3cc4ccc(N(CC)CC)cc4oc3=O)c(=O)oc2c1,CS(C)=O,590.0
6485,CCCCCCOc1ccc(-c2cnc(-c3nnc(-c4ccc(OCCCCCC)cc4)o3)o2)cc1,ClC(Cl)Cl,390.0
4271,c1ccc(-c2nc(-c3ccccc3)n3ccccc23)cc1,C1CCCCC1,445.0
100,Cc1ccc(C2=C3C=CC=[N+]3[B-](F)(F)n3cccc32)cc1,CCOC(C)=O,514.5
6961,Cc1ccc(CN2/C(=C/C=C3\CCCC(/C=C/C4=[N+](Cc5ccc(C)cc5)c5ccccc5C4(C)C)=C3Cl)C(C)(C)c3ccccc32)cc1,CO,813.0
601,CCCCCCCC[n+]1ccc(-c2cc[n+](CCCCCCCC)cc2)cc1,CC#N,353.0
10926,O=S(=O)(O)c1cccc2cccc(Nc3ccccc3)c12,CCO,485.0
6454,Cc1ccc(Nc2ccc(Nc3ccc(C)cc3)c3c2C(=O)c2ccccc2C3=O)cc1,ClC(Cl)(Cl)Cl,685.0
10837,CN1CCN(CCCN2c3ccccc3Sc3ccc(Cl)cc32)CC1,CC#N,449.0
1044,c1ccc(N(c2ccccc2)c2c3ccccc3c(N(c3ccccc3)c3ccccc3)c3ccccc23)cc1,Cc1ccccc1,510.0
9501,CC(=O)c1nc(-c2ccc(N(c3ccccc3)c3ccccc3)cc2)oc1C,CCO,468.0
1557,N#Cc1ccc(-c2ccc3c(c2)c2cc(-c4ccc(C#N)cc4)ccc2c2c3nc(-c3ccc(-c4ccc(N(c5ccccc5)c5ccccc5)cc4)cc3)n2-c2ccccc2)cc1,CCOCC,449.2027335
1487,COc1ccc2c3c(cccc13)C(=O)c1ccccc1-2,Cc1ccccc1,500.0
8968,C(S/C=C/c1ccc(/C=C/SC=C2CCCC2)cc1)=C1CCCC1,ClCCl,424.0
11265,COc1cccc2cc(-c3cc4cccc(OC)c4oc3=O)oc12,Cc1ccccc1,448.0
8090,CC(C)(C)c1ccc2c(c1)c1cc(C(C)(C)C)ccc1n2-c1cccc(-c2nc(-c3cccc(-n4c5ccc(C(C)(C)C)cc5c5cc(C(C)(C)C)ccc54)c3)nc(-c3cccc(P(=O)(c4ccccc4)c4ccccc4)c3)n2)c1,CN(C)C=O,532.9853862
2115,CCn1c2ccccc2c2cc(-c3cc(-c4ccc5c(c4)c4ccccc4n5CC)nc(-c4ccccc4)n3)ccc21,C1CCOC1,391.0
10890,Oc1c(-c2nc3c4ccccc4c4ccccc4c3[nH]2)cc2c3c1CCCN3CCC2,CCCCCC,406.0
618,CCCCc1c2ccccc2c(-c2ccc(-c3nc4cc(CC(NC(=O)OC(C)(C)C)C(=O)OC)ccc4o3)cc2)c2ccccc12,CC(C)O,446.5003304
8759,CCOC(=O)/C(C#N)=C\c1cn(-c2ccccc2)nc1-c1ccccc1,CS(C)=O,440.0
6843,N#Cc1c(-n2c3ccc(I)cc3c3cc(I)ccc32)c(-n2c3ccc(I)cc3c3cc(I)ccc32)c(C#N)c(-n2c3ccc(I)cc3c3cc(I)ccc32)c1-n1c2ccc(I)cc2c2cc(I)ccc21,Cc1ccccc1,562.0
5125,CC(C)(C)c1ccc(-c2nc3c4ccc(-c5cccc6ccccc56)cc4c4cc(-c5cccc6ccccc56)ccc4c3n2-c2ccc(C(C)(C)C)cc2)cc1,ClCCl,388.0
3396,COc1c2ccccc2c(OC)c2c1c1ccccc1n2C,C1CCCCC1,413.0
1600,C=Cc1ccc(OC)c(OC)c1,CC#N,334.0
8412,C[Si](C)(C)C#Cc1ccc(C#Cc2cnc(C#Cc3ccccc3)nc2)cc1,C1CCCCC1,390.0
10465,CN(C)c1ccc2c(c1)COc1c-2oc2ccccc2c1=O,CCOC(C)=O,462.5357143
1615,FC(F)(F)c1ccc(C2=CC3=c4cc(-c5ccc(C(F)(F)F)cc5)c5nc(C(F)(F)C(F)(F)C(F)(F)F)nc6c(-c7ccc(C(F)(F)F)cc7)cc(c4c65)C4=CC(c5ccc(C(F)(F)F)cc5)=C5N=C(C(F)(F)C(F)(F)C(F)(F)F)N=C2C5C43)cc1,C1CCOC1,512.0
1752,CCN(CC)c1ccc(-c2ccc(-c3nc(C#N)c4ccccc4n3)s2)cc1,CC#N,539.0
6013,CN(C)c1ccc(C#Cc2ccc(-c3nc(C#N)c(C#N)n3C)cc2)cc1,CO,489.0
2083,C=CCNc1ccc2ccc3oc4cc(=[N+](C)C)ccc-4nc3c2c1,CCO,631.0
5359,COc1cc2c(cc1OC)C1=C[C@H](c3ccccc3)C3(C(C(=O)O[C@@H]4C[C@H]5CC[C@@H]4C5)=C(C(=O)O[C@H]4C[C@@H]5CC[C@H]4C5)N1CC2)c1ccccc1-c1ccccc13,ClCCl,422.0
8805,F[B-]1(F)n2c(NCc3ccccc3)ccc2C(c2c(Cl)cccc2Cl)=C2C=CC(NCc3ccccc3)=[N+]21,CO,592.0
8631,CCCCC(CC)Cn1c2ccccc2c2cc(-c3ccc4c(c3)S(=O)(=O)c3cc(-c5ccc6c(c5)c5ccccc5n6CC(CC)CCCC)ccc3-4)ccc21,Cc1ccccc1,433.0
6927,CC1=[N+]2C(=C(c3ccc(C#N)cc3)c3ccc(C)n3[B-]2(F)F)C=C1,CC#N,537.0
9161,O=Cc1cc(O)ccc1O,CCO,487.0
675,Oc1c(-c2nc3c4ccc(-c5ccccc5)cc4c4cc(-c5ccccc5)ccc4c3[nH]2)cc2c3c1CCCN3CCC2,CCCCCC,413.0
2545,c1ccc(N(c2ccccc2)c2ccc(-c3nc4c5ccccc5c5ccccc5c4[nH]3)cc2)cc1,CCO,417.0
6569,Nc1ccc2cc(-c3ccc(C(F)(F)F)cc3)oc(=O)c2c1,CCOC(C)=O,436.0
10201,N#C/C(=C\C=C\c1ccc([N+](=O)[O-])cc1)c1ccccc1,CCCCCCC,399.0
3999,c1ccc2c(c1)cc(-c1cc(-c3nccs3)nc(-c3nccs3)c1)c1ccccc12,ClC(Cl)Cl,383.0
11644,COc1nc(Cl)nc(Nc2ccc3cc4ccccc4cc3c2)n1,CC#N,431.0
175,CN(C)c1ccc(C2=[N+]3C(=Nc4c5ccccc5c(-c5ccc(N(C)C)cc5)n4[B-]3(F)F)c3ccccc32)cc1,ClCCl,830.0
5739,F[B-]1(F)n2c(c3cccc4cccc2c43)=Nc2cccc(Cl)[n+]21,CCCCCC,498.0
3609,CC[N+]1(CC)CN2C(=N1)C(C(=O)O)=Cc1cc(Cl)ccc12,O,472.0
10639,c1csc(-c2cnc(-c3cccs3)c3nonc23)c1,O=[N+]([O-])c1ccccc1,614.0
3787,CCN(CC)c1ccc2cc(-c3nc4ccccc4s3)c(=O)oc2c1,CC#N,503.8
9002,CCCN1/C(=C/C=C(/C=C/c2sc3ccccc3[n+]2CCC)c2ccc([N+](=O)[O-])cc2)C(C)(C)c2ccccc21,O,662.0
2225,O=Cc1cc(O)c(C=O)cc1O,CCCO,491.0
9545,CN(C)c1cccc2c1C(=O)c1ccccc1-2,CC#N,534.0
6069,CCn1ncc2c3c(C#N)c4c5ccccc5n(CC)c4nc3ccc21,CCOC(C)=O,476.0
1126,COc1ccccc1-c1nc(-c2ccccc2)c2ccccn12,O,481.0
8955,CC1(C)c2ccccc2N(c2ccc(-c3n[n+]4c(o3)-c3ccccc3O[B-]4(F)F)cc2)c2ccccc21,C1CCOC1,510.0
6062,N#Cc1nc2c(nc1C#N)C1c3ccc(N(c4ccccc4)c4ccccc4)cc3C2c2ccc(N(c3ccccc3)c3ccccc3)cc21,C1CCCCC1,475.0
2441,C(=C/c1cc(/C=C/c2ccc(N(c3ccccc3)c3ccccc3)cc2)nc(/C=C/c2ccc(N(c3ccccc3)c3ccccc3)cc2)n1)\c1ccc(N(c2ccccc2)c2ccccc2)cc1,CCCCCCC,460.0
1322,CCn1c2ccccc2c2cc(/C=C/c3cc(/C=C/c4ccc5c(c4)c4ccccc4n5CC)nc(SC)n3)ccc21,C1CCOC1,464.0
1603,CCn1c2ccccc2c2cc(/C=C/c3cccc(/C=C/c4ccc5c(c4)c4ccccc4n5CC)[n+]3CCCS(=O)(=O)[O-])ccc21,CC(C)=O,578.0
4210,COc1ccc(-c2c3ccc([nH]3)c3nc(c(-c4ccc(C#N)cc4)c4ccc([nH]4)c4ccc([nH]4)c(-c4ccc(OC)cc4)c4ccc2o4)C=C3)cc1,C1CCOC1,736.0
9553,CC(C)(C)c1ccc(C2=c3sc4ccccc4c3=[N+]3C2=Nc2c(-c4ccc(C(C)(C)C)cc4)c4sc5ccccc5c4n2[B-]3(F)F)cc1,C1CCOC1,800.0
11695,COc1cc(/C=C/c2nc3ccccc3o2)c(OC)cc1/C=C/c1nc(C)nc(/C=C/c2cc(OC)c(/C=C/c3nc4ccccc4o3)cc2OC)n1,ClC(Cl)Cl,494.0
4065,Cc1c(COC(=O)c2ccccc2Br)n2c(OCC(=O)c3ccccc3Br)c(C)c(=O)n2c1=O,CCO,458.0
7655,F[B-]1(F)n2c(/C=C/c3ccc(C(=C(c4ccccc4)c4ccccc4)c4ccccc4)cc3)ccc2C(c2ccccc2)=C2C=CC(/C=C/c3ccc(C(=C(c4ccccc4)c4ccccc4)c4ccccc4)cc3)=[N+]21,C1CCOC1,690.0
11457,O=P(c1ccccc1)(c1ccccc1)n1c2ccccc2c2cc(-n3c4ccccc4c4cc(-n5c6ccccc6c6ccccc65)ccc43)ccc21,CC(C)=O,374.0
9733,Cc1ccc2c(c1)C1(c3ccccc3Oc3ccccc31)c1cc(C)ccc1N2c1ccc(-c2ncccn2)cc1,Cc1ccccc1,454.0
5324,c1ccc(-c2nc(-c3ccc(-c4ccc(-n5c6ccccc6c6ccccc65)cc4)cn3)oc2-c2ccccc2)cc1,CC(C)OC(C)C,398.0
4071,CN(C)c1ccc(/C=C/C=C2\CC/C(=C\C=C\c3ccc(N(C)C)cc3)C2=O)cc1,CCCO,740.0
1507,COc1ccc(C2=Nc3sc(-c4ccccc4)n[n+]3[B-](F)(F)O2)cc1,Cc1ccccc1,414.0
1559,O=[N+]([O-])c1ccc(/C=C/c2cn(S(=O)(=O)c3ccccc3)c3ccccc23)cc1,CC#N,593.0
5579,CCC1=C(C)C(=O)n2c1cc1c(C)c(CCC(=O)O)c(C)n1c2=O,CS(C)=O,510.0
11501,Cc1cc2ccccc2c2c1c1ccccc1n2C(=O)OC(C)(C)C,ClCCl,355.0
4830,Cc1ccccc1/C(C#N)=C/c1ccc(N(C)C)cc1,CO,450.0
9987,O=S(=O)(c1cccc(N2c3ccccc3Oc3ccccc32)c1)c1cccc(N2c3ccccc3Oc3ccccc32)c1,CCCCC(CC)n1c2ccc(-n3c4ccccc4c4ccccc43)cc2c2cc(-n3c4ccccc4c4ccccc43)ccc21,542.5207756
5886,COc1ccc(/C=C/C2=[O+][B-](F)(F)OC(/C=C/c3ccc(OC)cc3)=C2c2ccccc2)cc1,ClC(Cl)(Cl)Cl,515.0
1836,Cc1csc2[n+]1[B-](F)(F)n1c(c3cccc4cccc1c43)=N2,CC#N,499.0
1354,CCCCC1(c2ccc(OC)cc2)Nc2ccccc2N=C1c1ccc(OC)cc1,ClC(Cl)Cl,507.0
6498,Oc1cc2c(cc1-c1nc3c4ccccc4c4ccccc4c3[nH]1)c1ccccc1n2-c1ccccc1,CS(C)=O,502.0
9605,C[N+]1=C(/C=C/C2=C3Oc4c(cc5c6c4CCCN6CCC5)C(c4ccccc4C(=O)O)=C3CCC2)C(C)(C)c2c1ccc1ccccc21,ClC(Cl)Cl,775.0
10810,COc1ccc(-c2c3ccccc3c3n2[B-](F)(F)[N+]2=Cc4c5ccccc5c(-c5ccc(OC)cc5)n4[B-](F)(F)[N+]2=C3)cc1,CN(C)C=O,613.0
8817,CC(C)(C)C1Nc2ccccc2C(=O)N1Cc1ccccc1,CO,439.0
4032,COC(=O)C(NC(=O)OC(C)(C)C)c1ccc2oc(-c3ccc(N(C)C)cc3OC)nc2c1,CC#N,393.0
12112,Clc1nc(Nc2ccccc2)nc(Nc2ccc3c4cccc5cccc(c6cccc2c63)c54)n1,CC#N,477.0
8869,Oc1c(-c2nc3c4ccccc4c4ccccc4c3[nH]2)cc2c3c1CCCN3CCC2,Cc1ccccc1,419.0
8660,CCC1(CC)c2cc(/C=C/c3cc(C#N)c(/C=C/c4ccc5c(c4)C(CC)(CC)c4cc(N6c7ccccc7Sc7ccccc76)ccc4-5)cc3C#N)ccc2-c2ccc(N3c4ccccc4Sc4ccccc43)cc21,CC#N,610.0
7825,N#C/C(=C\c1ccccc1)c1nc2ccccc2s1,C1CCCCC1,430.0
2251,COc1cc(OC)cc(C2=C(c3cc(OC)c(OC)c(OC)c3)C3=Nc4c(-c5cc(OC)c(OC)c(OC)c5)c(-c5cc(OC)cc(OC)c5)c(-c5ccc(C(C)(C)C)cc5)n4[B-](F)(F)[N+]3=C2c2ccc(C(C)(C)C)cc2)c1,Cc1ccccc1,721.0
1025,Nc1ccc2c(c1)C(=O)NC2=O,CCO,520.0
9554,CCCCN(CCCC)c1ccc(/C=C/c2ccc3nc(-c4ccccc4)c(/C=C/c4ccc(N(C)C)cc4)nc3c2)cc1,ClCCl,627.0
5709,CN(C)c1ccc(-c2ccc(-c3ncc4ccccn34)cc2)cc1,ClC(Cl)Cl,488.0
5414,C(=C/c1ccc(N(c2ccc(/C=C/c3ccc(N(c4ccccc4)c4ccccc4)cc3)cc2)c2ccc(-c3nc4ccccc4nc3-c3ccc(N(c4ccc(/C=C/c5ccc(N(c6ccccc6)c6ccccc6)cc5)cc4)c4ccc(/C=C/c5ccc(N(c6ccccc6)c6ccccc6)cc5)cc4)cc3)cc2)cc1)\c1ccc(N(c2ccccc2)c2ccccc2)cc1,Cc1ccccc1,521.0
4716,CCCN1/C(=C/C=C(/C=C/C2=[N+](CCC)c3ccccc3C2(C)C)c2ccncc2)C(C)(C)c2ccccc21,CS(C)=O,655.0
3397,N#Cc1cnc(-c2c3ccccc3cc3ccccc23)nc1,CCO,510.0
313,COC(=O)C(Cc1ccc2oc(-c3ccc(-n4c5ccccc5c5ccccc54)cc3)nc2c1)NC(=O)OC(C)(C)C,CC(C)=O,432.9941546
7716,C#CCn1c2ccccc2c2cc(/C=C/C3=[N+]4C(=C(c5ccc(I)cc5)c5c(C)c(Cl)c(/C=C/c6ccc7c(c6)c6ccccc6n7CC#C)n5[B-]4(F)F)C(C)=C3Cl)ccc21,ClC(Cl)Cl,730.0
6018,COC(=O)c1nc(-c2cccc3ccccc23)oc1C,CC#N,343.0
7472,CCn1c2sccc2c2c3nsnc3c3c4ccsc4n(CC)c3c21,C1CCOC1,521.0
9375,COc1c2ccccc2c(OC)c2c(C#C[Si](C(C)C)(C(C)C)C(C)C)c3cc4sccc4cc3c(C#C[Si](C(C)C)(C(C)C)C(C)C)c12,ClCCl,648.0
4978,COc1ccc(/C=C/c2cc(/C=C/c3ccc(OC)cc3)nc(/C=C/c3ccc(N(c4ccccc4)c4ccccc4)cc3)n2)cc1,Cc1ccccc1,466.0
8072,O=Cc1ccc2ccc3cccc4ccc1c2c34,CO,455.0
2970,CC(C)[Si]1(C(C)C)c2cc(N(C)C)ccc2-c2ccc(C(F)(F)F)cc21,CCOCC,410.0
5532,O=C(O)CCCCCn1/c(=C/C=C/C2=[N+](CCCCCC(=O)O)c3cccc4cccc2c34)c2cccc3cccc1c32,CO,773.0
9475,C#CCN1C(=O)/C(=C/c2cc(OC(C)C)ccc2OC(C)C)N=C1C,CCCO,521.0
3885,COc1ccc(/C=C/C(=O)c2ccccc2O)cc1OC,CN(C)C=O,473.0
11780,O=C1c2ccc(N(c3ccccc3)c3ccccc3)cc2C(=O)c2ccc(N(c3ccccc3)c3ccccc3)cc21,c1ccc2c(c1)c1ccccc1n2-c1ccc(-c2ccc(-n3c4ccccc4c4ccccc43)cc2)cc1,593.0
9466,C=Cc1ccc(-c2ccc(-c3nnc(-c4ccc(-c5nnc(-c6ccc(-c7ccc(C=C)cc7)s6)o5)cc4)o3)s2)cc1,ClC(Cl)Cl,398.0
8576,O=C1Nc2ccccc2/C1=C/C(=O)c1ccc(Cl)cc1,CN(C)C=O,398.0
10491,CCCCCc1c(C)c2c3ccccc3[nH]c2c2ccccc12,ClCCl,369.0
8426,Oc1ccc2ncccc2c1,CC#N,358.0
5176,c1ccc(-n2c3ccccc3c3cc(-n4ccc5cc(-c6ccc(C7(c8ccccc8)c8ccccc8-c8ccccc87)cc6)ccc54)ccc32)cc1,ClCCl,379.0
9219,COC(=O)C(Cc1ccc2oc(-c3ccc(N(C)C)cc3)nc2c1)NC(=O)OC(C)(C)C,NC=O,411.5056994
6130,CCN(CC)c1ccc2nc3c4ccccc4c(=O)cc-3oc2c1,CCCCCC,532.0
9586,FC(F)(F)c1ccc(/C=C/c2nc(/C=C/c3ccc(N(c4ccccc4)c4ccccc4)cc3)cc(/C=C/c3ccc(N(c4ccccc4)c4ccccc4)cc3)n2)cc1,CC#N,600.0
1840,COc1ccccc1-c1nc2c3ccccc3c3ccccc3c2o1,Cc1ccccc1,368.0
11133,CCCCCCC(CCCCCC)N1C(=O)c2cccc3c(-c4ccc(OC)cc4)ccc(c23)C1=O,CN(C)C=O,497.2
7937,[C-]#[N+]c1ccc(-c2ccc(NC)cc2)cc1,O,458.0
3673,CCOC(=O)c1cc(C(=O)OCC)c2ccc(C)cc2n1,CCO,422.0
5396,O=c1c2cccc3cccc(c32)c2nc3c4ccccc4c4ccccc4c3n12,ClCCl,589.0
10611,N#CC(C#N)=C(/C=C/c1ccc(N(c2ccccc2)c2ccccc2)cc1)c1ccccc1,CN(C)C=O,654.0
12232,CC(C)CCCCN1CCc2c1ccc1c3c(ccc21)CCCC3=O,C1CCCCC1,507.0
3320,COC(=O)c1nc(-c2ccco2)oc1C,CCO,323.0
2272,C(=C/c1ccnc2ccccc12)\c1ccc(/C=C/c2ccnc3ccccc23)cc1,CCO,438.0
11512,Cc1ccc(-c2nc(/C=C/c3ccc(Cl)cc3)c(/C=C/c3ccc(Cl)cc3)[nH]2)cc1,ClCCl,467.5
4254,COc1ccc2c(c1)C(=O)c1cc(OC)cc(OC)c1-2,CC#N,628.0
8253,COc1ccc(-n2nc(C#N)c(N3CCOCC3)n2)cc1,CC#N,410.0
847,F[B-]1(F)n2c(cc(-c3ccccc3)c2-c2ccccc2)C(c2ccccc2)=C2C=C(c3ccccc3)C(c3ccccc3)=[N+]21,ClCCl,628.0
9404,COCCOCCOCCOc1cc(C=O)c(OCCOCCOCCOC)cc1C=O,CC(C)(C)O,478.0
11369,CN(c1ccccc1)c1ccc(-c2ccc(-c3ccc(N(C)c4ccccc4)cc3)c3nc(-c4ccccc4)c(-c4ccccc4)nc23)cc1,Cc1ccccc1,627.0
10701,CCCCn1c2ccccc2c2ccc3c4cc(-c5ccc6ccccc6c5)ccc4n(CCCC)c3c21,ClC(Cl)Cl,410.0
9909,CCCCCCCCOc1ccc2c3cccc4c(OCCCCCCCC)ccc(c5cccc1c52)c43,Cc1ccccc1,467.989043
7744,CN(C)c1ccc(C2=Nc3scc(-c4ccccc4)[n+]3[B-](F)(F)O2)cc1,Cc1ccccc1,444.0
4597,O=C(c1ccccc1)c1cc2ccc1CCc1ccc(cc1-c1ccc(N(c3ccccc3)c3ccccc3)cc1)CC2,c1cc(-n2c3ccccc3c3ccccc32)cc(-n2c3ccccc3c3ccccc32)c1,481.1258278
1417,COc1ccc(C#Cc2ccc(C#Cc3ccc(P(=O)(c4ccccc4)c4ccccc4)cc3)cc2)cc1,C1COCCO1,374.0
10259,CS(=O)(=O)c1ccc(-c2cc3ccc(N)cc3c(=O)o2)cc1,CCCCO,471.0
3848,CC1(C)CC(/C=C/c2ccc(-n3cncn3)cc2)=CC(=C(C#N)C#N)C1,CCOC(C)=O,515.0
604,N#C[Se]CCCCCOc1ccc2ccc(=O)oc2c1,C1COCCO1,386.0
6070,COc1ccc2cc(/C=C/c3nc(/C=C/c4ccc(N(c5ccccc5)c5ccccc5)cc4)cc(/C=C/c4ccc(N(c5ccccc5)c5ccccc5)cc4)n3)ccc2c1,C1CCOC1,519.0
2078,COc1ccc2c(-c3nc(-c4ccccc4F)no3)cc(=O)oc2c1,ClC(Cl)Cl,453.0
10742,CCN(CC)c1ccc2cc(-c3cc(SC)c(C#N)c(=O)o3)c(=O)oc2c1,ClC(Cl)Cl,547.0
2311,Cc1nc2c(ccc3c2sc(/C=C/c2ccc(N(c4ccccc4)c4ccccc4)cc2)[n+]3C)s1,CO,653.0
4343,c1csc(-c2cnc(-c3cccs3)c3nonc23)c1,C1CCCCC1,567.0
11220,COCCN1C(=O)/C(=C/c2cccc(N(C)C)c2)N=C1C,CCCCCC,491.0
1982,Cc1c(COC(=O)Cc2cccc3ccccc23)n2c(OCC(=O)Cc3cccc4ccccc34)c(C)c(=O)n2c1=O,CCO,458.0
4466,CN(C)c1ccc(C2=Nc3scc[n+]3[B-](F)(F)O2)cc1,Cc1ccccc1,439.0
199,CN(C)c1ccc(-c2ccc(-c3ccc(N(C)C)cc3)c3nc(-c4ccccc4)c(-c4ccccc4)nc23)cc1,CC#N,646.0
485,Cc1cc(O)c(C(C)C)cc1/N=C/c1ccc(C(F)(F)F)cc1,CCCCCC,401.0
3270,CNc1cccc2c1C(=O)c1ccccc1-2,CC#N,533.0
2823,Nc1ccc2c3c(cccc13)C(=O)c1ccccc1-2,Clc1ccccc1,579.0387956
4551,CC(C)(C)c1ccc2oc3nc4oc5ccc(N6c7ccccc7Sc7ccccc76)cc5c4cc3c2c1,ClC(Cl)Cl,371.0
3245,O=C1c2ccccc2NCN1Cc1ccccc1,ClC(Cl)Cl,398.0
4453,CC(C)(C)c1ccc(-c2nc3c4ccc(-c5ccccc5)cc4c4cc(-c5ccccc5)ccc4c3n2-c2ccc(C(C)(C)C)cc2)cc1,CCOC(C)=O,388.0
8360,O=C1NC(=O)[C@H]([C@H]2C[C@H](O)[C@@H](CO)O2)C=C1C#Cc1ccc2c(c1)Cc1ccccc1-2,ClC(Cl)Cl,421.0
6214,CCCCCCC(CCCCCC)N1C(=O)c2cccc3c(-c4ccc(OC)c5cccc(C)c45)ccc(c23)C1=O,CCCCCCCCCCCO,537.0
3749,COC(=O)c1nc(-c2ccccc2)oc1C,C1CCCCC1,297.0
7792,O=C(N/N=C/c1ccccc1O)c1cc2ccccc2cc1O,CN(C)C=O,528.0
5958,C=Cc1cc2ccccc2oc1=O,CC#N,413.0
10005,N#Cc1ccc2c(c1)CCc1nc(-c3ccc([N+](=O)[O-])cc3)c3c(c1-2)CCc1cc(C#N)ccc1-3,CCOC(C)=O,452.0
2794,CC1=CC(C)=[N+]2C1=C(c1ccc(N(C)C)cc1)c1c(C)cc(C)n1[B-]2(F)F,CO,512.5
6536,CCN(CC)c1ccc2cc(C#N)/c(=N\C(=O)c3ccc(C)cc3)oc2c1,CCO,530.0
10023,c1ccc(-c2nc3c(ccc4[nH]ccc43)o2)cc1,CO,437.0
8470,COc1ccc(C2=C3C(/C=C/c4cc(OC)c(OC)c(OC)c4)=C(C=O)C(/C=C/c4cc(OC)c(OC)c(OC)c4)=[N+]3[B-](F)(F)n3c(/C=C/c4cc(OC)c(OC)c(OC)c4)c(C=O)c(C=Cc4cc(OC)c(OC)c(OC)c4)c32)cc1,ClCCl,722.0
524,Cc1ccc2occ(CC(=O)NN)c2c1,ClCCl,394.0
947,Cn1c2ccccc2c(=O)c2ccccc21,CS(C)=O,417.0
12173,CCN(CC)c1ccc2c(C)cc(=O)oc2c1,CCCCO,447.0
11933,c1ccc(N(c2ccccc2)c2ccc(-c3cccc4nc5ccccc5cc34)cc2)cc1,CCOC(C)=O,532.0
1280,O=Cc1ccc2ccc3cccc4ccc1c2c34,Cc1ccccc1,411.0
122,CCCCCCC(CCCCCC)N1C(=O)c2cccc3c(-c4ccc(-c5ccc(OC)cc5)cc4)ccc(c23)C1=O,ClC(Cl)Cl,492.2
4366,COC(=O)C(Cc1ccc2oc(-c3ccc(N(C)C)cc3)nc2c1)NC(=O)OC(C)(C)C,c1ccccc1,375.5022342
4747,CCN(CC)/C(C)=N\c1ccc2c3c(cccc13)C(=O)c1ccccc1-2,ClCCl,624.0
5407,Cc1cccc(Nc2ccccc2C(=O)O)c1C,C1CCCCC1,438.0
2302,CN(C)c1ccc(/C=C/c2cc(/C=C/c3ccc(N(C)C)cc3)nc(/C=C/c3ccc(N(c4ccccc4)c4ccccc4)cc3)n2)cc1,CS(C)=O,596.0
11051,CC(C)[Si]1(C(C)C)c2cc(C=O)ccc2-c2ccc(N(C)C)cc21,CCO,565.0
9221,O=C1Nc2ccccc2/C1=C/C(=O)c1ccc(O)cc1,CCCCO,407.0
1005,CCc1c(C)c2n(c1C)[B-](F)(F)[N+]1=C(c3ccc[nH]3)c3ccccc3C1=C2C,ClCCl,629.0
3460,NS(=O)(=O)c1ccc(N2N=C(c3ccc(O)cc3)CC2c2ccccc2)cc1,C1CCOC1,418.0
4674,Cc1cc(C)n2c1C=C1c3ccccc3C(c3ccc[nH]3)=[N+]1[B-]2(F)F,CCCCCC,617.0
9188,Cc1cc2ccccc2c2c1c1ccccc1n2-c1ccc(N(c2ccccc2)c2ccccc2)cc1,ClCCl,404.0
11004,CC(C)(C)c1ccc2c(c1)c1cc(C(C)(C)C)ccc1n2-c1cccc(-c2nc(-c3cccc(-n4c5ccc(C(C)(C)C)cc5c5cc(C(C)(C)C)ccc54)c3)nc(-c3cccc(P(=O)(c4ccccc4)c4ccccc4)c3)n2)c1,C1CCOC1,514.4050104
3055,CCCCCCCCCCCCOc1cc2cc(N(C)C)ccc2cc1C=C(C#N)C#N,CS(C)=O,631.0
3566,CC(C)(C)c1ccc2c(c1)c1cc(C(C)(C)C)ccc1n2-c1ccc2oc3nc4oc5ccc(C(F)(F)F)cc5c4cc3c2c1,C1CCOC1,455.0
6438,Fc1nc(F)c(F)c(C#Cc2ccccc2C#Cc2c(F)c(F)nc(F)c2F)c1F,CC#N,370.0
2132,CCN(CC)c1ccc2c(c1)oc(=O)c1cc3c(C)nn(-c4ccccc4)c3nc12,ClCCl,499.0
8730,N#Cc1ccc(-c2ccc3c(c2)c2cc(-c4ccc(C#N)cc4)ccc2c2c3nc(-c3ccc(-c4ccc(N(c5ccccc5)c5ccccc5)cc4)cc3)n2-c2ccccc2)cc1,CCCCCC,421.1845103
5646,Cc1cccc2nc3c(=O)[nH]c(=O)[nH]c3nc12,C1COCCO1,437.0
8140,O=C(c1ccc(N(c2ccccc2)c2ccccc2)cc1)[C@H]1[C@H](c2ccccc2)C[C@](O)(c2ccccn2)C[C@]1(O)c1ccccn1,CC#N,523.0
229,Cc1cc(=O)oc2c1cc(Cl)c1occ(C)c12,CC#N,414.0
9699,CNCCCC1c2ccccc2C=Cc2ccccc21,O,360.0
4001,CCN(CC)c1ccc2c(-c3ccccc3C(=O)O)c3c([o+]c2c1)/C(=C/c1nc(-c2ccccc2)n2ccccc12)CCC3,ClCCl,746.0
12045,CCCCOC(=O)c1ccccc1-c1c2ccc(=[N+](CC)CC)cc-2oc2cc(N(CC)CC)ccc12,CC#N,581.0
8608,Cc1ccc(C2=C3C=C(I)C=[N+]3[B-](F)(F)n3c2cc(I)c3I)cc1,CCOC(C)=O,578.5
6889,CCc1c(C)[nH]c(C2=[N+]3C(=Cc4c(C)c(CC)c(C)n4[B-]3(F)F)c3ccccc32)c1C,ClCCl,650.0
3007,O=C1/C(=C\c2ccc3oc4ccccc4c3c2)S(=O)(=O)c2ccccc21,C1CCOC1,437.0
11014,CC(C)(C)c1ccc(-c2nc3c4ccc(-c5ccc6ccccc6c5)cc4c4cc(-c5ccc6ccccc6c5)ccc4c3n2-c2ccc(C(C)(C)C)cc2)cc1,ClC=C(Cl)Cl,398.0
4587,CC(C)(C)c1cc(/C2=C3\C=CC(=N3)/C(c3ccc([N+](=O)[O-])cc3)=c3/cc/c([nH]3)=C(\c3ccc([N+](=O)[O-])cc3)C3=N/C(=C(/c4cc(C(C)(C)C)cc(C(C)(C)C)c4)c4cc2c[nH]4)C=C3)cc(C(C)(C)C)c1,CC(=O)N(C)C,717.0
4221,N#CC(C#N)=C(/C=C/c1ccc(N(c2ccccc2)c2ccccc2)cc1)c1ccc2c3c(cccc13)CC2,CC#N,654.0
10504,COc1cc2c(cc1C=C(C#N)C#N)c1ccccc1n2C,CCOC(C)=O,470.0
6866,CN(C)c1ccc(/C=C/C=N/N=C/c2ccc3ccc4cccc5ccc2c3c45)cc1,CS(C)=O,490.0
5785,COc1cccc(-n2c(-c3ccc(F)cc3)nc(C)c2C)c1,ClC(Cl)Cl,369.0
2750,CNC1=C2C=CC=[N+]2[B-](F)(F)n2cccc21,CC(C)=O,441.5
6590,CN(C)c1ccc(/C=C2\CCCC2=O)cc1,CCCCCC,405.0
6001,C=CCNc1ccc2ccc3oc4cc(=O)ccc-4nc3c2c1,CC#N,621.0
4376,CC(C)(C)c1ccc2c(c1)c1cc(C(C)(C)C)ccc1n2-c1ccc(C#Cc2cccc(C#Cc3ccc(-n4c5ccc(C(C)(C)C)cc5c5cc(C(C)(C)C)ccc54)cc3)c2)cc1,CO,426.0
2944,O=C(O)CCCCCn1c2ccc(Br)cc2c(=O)c2cc(S(=O)(=O)O)ccc21,O,435.0
6712,COCCOCCOCCOc1ccc(OCCOCCOCCOC)c(C=O)c1,CC(C)(C)O,444.0
2718,CN(C)c1ccc(/C=C/C(=O)c2ccccc2)cc1,Cc1ccccc1,470.0
7015,c1ccc(N(c2ccccc2)c2ccc(-c3ncc(-c4ccncc4)s3)cc2)cc1,CO,534.0
7194,c1ccc(-n2c(-c3ccc(-c4ccc(-c5ccc(-c6nc7c8ccccc8c8ccccc8c7n6-c6ccccc6)cc5)cc4)cc3)nc3ccccc32)cc1,ClC(Cl)Cl,427.0
5833,c1ccc2c(c1)sc1c3ccccc3c3ncncc3c21,ClCCl,412.0
11283,N#Cc1ccc(/C=C/C=C/c2ccc3ncnc(Nc4ccccc4)c3c2)cc1,ClC(Cl)Cl,445.0
11944,CC(C)(C)c1ccc2c(c1)c1cc(C(C)(C)C)ccc1n2-c1ccc(C#Cc2ccc3c4ccc(C#Cc5ccc(C=C(C#N)C#N)cc5)cc4n(-c4ccc(C(F)(F)F)cc4)c3c2)cc1,ClCCl,454.0
6596,CC(C)c1cccc(C(C)C)c1-n1c(=O)c2cc3nc(-c4ccccc4)c4cc5c(=O)n(-c6c(C(C)C)cccc6C(C)C)c(=O)c6cc7nc(-c8ccccc8)c8cc(c1=O)c2c1c3c4c(c65)c7c81,ClC(Cl)Cl,502.0
4161,Cc1cc(C)c(C2=C3C=C(/C=C/C(=O)OC(C)(C)C)C=[N+]3[B-](F)(F)n3cccc32)c(C)c1,ClCCl,569.0
10446,CN(C)c1ccc(C2=Nc3sc4cc(C(F)(F)F)ccc4[n+]3[B-](F)(F)O2)cc1,CC(C)=O,495.0
9440,Cc1cc(C)n2c1C=C1c3ccccc3C(c3c[nH]c4ccccc34)=[N+]1[B-]2(F)F,CCCCCC,598.0
6020,CN(C)c1ccc(/C=C/C=C2\CC/C(=C\c3ccc(N(C)C)cc3)C2=O)cc1,c1ccncc1,643.0
10087,N#Cc1nc2c(OCc3ccccc3)nc(N)nc2n1Cc1ccccc1,ClCCl,355.0
6503,N#Cc1c(N2CCCCC2)cc(-c2cccs2)c2c1-c1cccc3cccc-2c13,O,555.0
10761,COC(=O)C(Cc1ccc2oc(-c3ccc4c(c3)c3ccccc3n4-c3ccccc3)nc2c1)NC(=O)OC(C)(C)C,CC(C)OC(C)C,384.4970778
10853,CC(=O)Nc1ccc2c3c(cccc13)C(=O)c1ccccc1-2,CO,573.0659026
6213,Cc1ccccc1/C(C#N)=C/c1ccc(N(C)C)cc1,C1COCCO1,476.0
1017,O=C1NC(=O)C(c2c[nH]c3ccccc23)=C1c1c[nH]c2ccccc12,CCO,640.0
10120,Nc1ccccc1C(=O)O,O,398.5
7562,COc1cc(-c2nc3c4cccnc4c4ncccc4c3[nH]2)c(OC)cc1/C=C/c1nc2ccccc2[nH]1,CC#N,457.0
1928,COc1ccc2oc(=N)c(C#N)cc2c1,ClCCl,468.0
350,CCCCn1c2ccc(-c3ccc4c(c3)c3c5c(ccc6ccccc65)ccc3n4CCCC)cc2c2c3c(ccc4ccccc43)ccc21,ClCCl,437.0
6874,CC1=CC(C)=[N+]2C1=C(c1ccccc1)c1c(C)cc(C)n1[B-]2(F)F,ClCCl,513.0
11450,CCCCCCCCCCCCC(CCCCCCCCCC)Cn1c2cc(/C=C/c3nc4ccccc4s3)c3cccc4c5cccc6c(/C=C/c7nc8ccccc8s7)cc1c(c65)c2c34,Cc1ccccc1,582.0
9226,CCOC(=O)C1c2ccccc2C(=O)N1c1ccccn1,CS(C)=O,395.0
6858,N#Cc1c(-c2cccs2)cc(-c2cccs2)[nH]c1=O,C1CCOC1,472.0
7691,N#C/C(=C\c1cc(/C=C(\C#N)c2ccc(C(F)(F)F)cc2)c(-c2ccc(N(c3ccccc3)c3ccccc3)cc2)cc1-c1ccc(N(c2ccccc2)c2ccccc2)cc1)c1ccc(C(F)(F)F)cc1,Cc1ccccc1,515.0
8411,CN(C)c1ccc(/C=C/C(=O)c2ccc(Cl)cc2)cc1,CN(C)C=O,542.0
7598,Cc1cc(-c2ccc(-c3ccccc3)cc2)nc(-c2ccc(-n3c4ccccc4c4ccccc43)cc2)n1,C1CCOC1,418.0
564,CCN1/C(=C\C2=C([O-])/C(=C/C3=[N+](CC)c4c(ccc5ccc(C)nc45)C3(C)C)C2=O)C(C)(C)c2ccc3ccc(C)nc3c21,C1CCCCC1,700.0
1582,COCCOCCOCCOCCOc1ccc(OCCOCCOCCOCCOC)c(C=O)c1,CN(C)C=O,425.0
2175,CN(C)c1ccc(/C=C/c2cc[n+](CCCOCC(COCCC[n+]3ccc(/C=C/c4ccc(N(C)C)cc4)cc3)(COCCC[n+]3ccc(/C=C/c4ccc(N(C)C)cc4)cc3)COCCC[n+]3ccc(/C=C/c4ccc(N(C)C)cc4)cc3)cc2)cc1,CO,608.0
7362,COc1ccc(-c2cc3c(ccc4sc5ccc6sccc6c5c43)s2)cc1,ClCCl,409.0
8127,CC1=N/C(=C\c2ccccc2N(C)C)C(=O)N1C,CS(C)=O,552.0
3933,Oc1ccc(-c2ccco2)cc1-c1nc2ccccc2s1,ClCCl,406.0
2707,COC(=O)c1nc2c(OCc3ccccc3)nc(N)nc2n1Cc1ccccc1,C1COCCO1,376.0
12108,CC[N+](CC)=c1ccc2c(-c3ccccc3C(=O)O)c3c(=O)oc4cc5c(cc4c3oc-2c1)CCCN5C,O,658.0
5940,COC(=O)c1c(-c2cc3ccccc3oc2=O)nn(-c2cccc(Cl)c2)c1C(=O)OC,ClCCl,418.0
3535,CC1=N/C(=C\c2ccncc2)C(=O)N1C,C1COCCO1,439.0
8922,CCC1=C(C)C2=C(/C=C/c3ccc([N+](=O)[O-])cc3)c3c(C)c(CC)c(C)n3[B-](F)(F)[N+]2=C1C,ClCCl,532.0
8673,Cc1ccc(-n2c3ccccc3c3cc(C(=C(C#N)C#N)c4ccccc4)ccc32)cc1,CC(C)=O,567.0
7054,CCCCCCCCCCCCC1(CCCCCCCCCCCC)c2cc(-c3ccc(C=C4C(=O)c5ccccc5C4=O)cc3)ccc2-c2ccc(-c3ccc(C=C4C(=O)c5ccccc5C4=O)cc3)cc21,ClC(Cl)Cl,529.0
3739,CCOC(=O)c1c(-c2c(Cl)c3ccccc3oc2=O)nn(-c2cccc(C)c2)c1C(=O)OCC,ClCCl,410.0
11527,COc1ccc(C2=[N+]3C(=C(c4ccc(C(=O)OCc5ccccc5)cc4)c4cc(Cl)c(-c5ccc(OC)cc5)n4[B-]3(F)F)C=C2Cl)cc1,Cc1ccccc1,643.0
821,C[C@H](Nc1c2ccc(=[N+]3CCCCC3)cc-2oc2cc(N3CCCCC3)ccc12)C(=O)OC(C)(C)C,ClCCl,544.0
2063,CC(C)(C)c1ccc2c(c1)c1cc(C(C)(C)C)ccc1n2-c1cccc(-c2nc(-c3cccc(-n4c5ccc(C(C)(C)C)cc5c5cc(C(C)(C)C)ccc54)c3)nc(-c3cccc(P(=O)(c4ccccc4)c4ccccc4)c3)n2)c1,CC(C)=O,552.2964509
8280,N#Cc1cc2ccccc2[nH]1,CS(C)=O,335.0
81,N#CC1=c2c3cccc4cccc(c43)n2[B-](F)(F)[n+]2ccccc21,CC#N,527.0
8824,CCOC(=O)/C(C#N)=C\c1ccc2c(c1)c1ccccc1n2-c1ccc(C)cc1,ClC(Cl)Cl,482.0
2697,c1ccc(N(c2ccccc2)c2ccc(-c3nc4c5ccccc5c5ccccc5c4n3-c3ccccc3)cc2)cc1,ClCCl,468.0
831,CCCCN(CCCC)c1ccc2nc3c4ccccc4c(=O)c(-c4ccccc4)c-3oc2c1,ClCCl,625.0
4574,CCn1c2ccccc2c2cc(C#Cc3cc(C#Cc4ccc5c(c4)c4ccccc4n5CC)nc(N4CCCCC4)n3)ccc21,Cc1ccccc1,438.0
3826,COC(=O)c1ccc(C#Cc2ccccc2)cc1,CCCCCC,318.9996172
10764,CN1CCN(c2ccc3c4c(cccc24)C(=O)c2ccccc2-3)CC1,C1COCCO1,584.0
2833,CC1(C)c2ccccc2-c2cc3c4ccccc4n(-c4ccc(-c5nc(-c6ccccc6)nc(-c6ccccc6)n5)cc4)c3cc21,O=P(c1ccccc1)(c1ccccc1)c1ccccc1Oc1ccccc1P(=O)(c1ccccc1)c1ccccc1,488.0
8035,c1ccc(-c2nc(-c3ccccc3)nc(-c3ccc(-n4c5ccccc5c5cc6c(cc54)C4c5ccccc5C6c5ccccc54)cc3)n2)cc1,Cc1ccccc1,432.0
11388,NC(=O)CC[C@H](/[NH+]=C\C=C1\C=C(C(=O)O)N[C@H](C(=O)O)C1)C(=O)O,O,513.0
6611,CC1=NN(c2ccccc2)C(=O)/C1=C/c1cn(-c2ccccc2)nc1-c1ccccc1,CO,430.0
48,CCC1=C(C)C(=O)n2c1cc1c(C)c(CCC(=O)OC)c(C)n1c2=O,c1ccccc1,470.0
8047,Nc1ccc2c(-c3ccccc3C(=O)[O-])c3ccc(=[NH2+])cc-3oc2c1,CN(C)C=O,536.0
4898,CCC(=O)c1ccc2cc(N(C)C)ccc2c1,c1ccccc1,421.0
7250,c1ccc(N2c3ccccc3Sc3cc(-c4cccc5nc6ccccc6cc45)ccc32)cc1,CC(C)OC(C)C,546.0
9373,Cc1nn(-c2ccccc2)c(C2=NN(c3ccc(Br)cc3)[C@@H](c3ccccc3)[C@@H]2c2ccccc2)c1C#N,CN(C)C=O,492.0
4921,N#CC(C#N)=C(/C=C/c1cc2c3c(c1)CCCN3CCC2)c1ccc2c3c(cccc13)CC2,CC#N,622.0
9216,COc1cc(/C=C2/SC(=O)NC2=O)ccc1O,O,474.0
4095,O=C1c2cccc3cc4ccccc4c(c23)C(=O)N1Cc1ccccn1,Cc1ccccc1,483.0
2689,COc1ccc(C2=[N+]3C(=Nc4c(-c5cc(OC)c(OC)c(OC)c5)cc(-c5ccc(OC)cc5)n4[B-]3(F)F)C(c3cc(OC)c(OC)c(OC)c3)=C2)cc1,Cc1ccccc1,724.0
5885,Cc1ccc(/C(C#N)=C/c2cc(/C=C(\C#N)c3ccc(C)cc3)c(-c3ccc(N(c4ccccc4)c4ccccc4)cc3)cc2-c2ccc(N(c3ccccc3)c3ccccc3)cc2)cc1,C1CCOC1,538.0
10659,CC(C)[Si]1(C(C)C)c2ccccc2-c2ccc(N(C)C)cc21,CCO,405.0
11418,COc1cc(/C=C/c2cc[n+](Cc3ccc(Br)cc3)cc2)ccc1O,CC(C)O,559.0
2373,Cc1c2ccccc2c(C2=C3C=CC=[N+]3[B-](F)(F)n3cccc32)c2ccccc12,CC#N,528.0
7602,C[Si]1(C)c2cc3c(cc2-c2sc4ccccc4c21)[Si](C)(C)c1c-3sc2ccccc12,C1CCOC1,432.0
2758,CC(C)[Si](C#Cc1c2cc3ccccc3cc2c(C#C[Si](C(C)C)(C(C)C)C(C)C)c2cc3ccccc3cc12)(C(C)C)C(C)C,ClCCl,649.0
7585,CCCCC(CC)COC(=O)/C=C\c1ccc(OC)c(OC)c1OC,CCCCCC,354.0
6808,CN(C)c1ccc(C2=Nc3sc4cc(F)ccc4[n+]3[B-](F)(F)O2)cc1,CC#N,487.0
7492,CN(C)c1ccc(C(=O)Nc2cccc(Br)c2)cc1,C1CCOC1,455.0
11712,Cn1cc(-c2nc3ccccc3nc2/C=C/N2CCCC2)c2ccccc21,CC(C)=O,465.9925094
3880,C(=C/c1ccc(N(c2ccccc2)c2ccccc2)cc1)\c1ccccc1,CCCCCC,395.0
8014,Cc1cc(C)c(N(c2ccccc2)c2ccc(S(=O)(=O)c3ccc(S(=O)(=O)c4ccc(N(c5ccccc5)c5c(C)cc(C)cc5C)cc4)cc3)cc2)c(C)c1,Cc1ccccc1,450.0
5163,COC(=O)[C@@H]1C(=O)Oc2ccccc2[C@H]1c1c[nH]c2ccccc12,CS(C)=O,376.0
11242,COc1ccc(C(=O)/C=C/c2ccc(N(C)C)cc2)cc1OC,CN(C)C=O,523.0
9893,COC(=O)c1c2ccccc2nc2ccccc12,COCCOC,420.0
6842,CN(C)CCCN1c2ccccc2Sc2ccccc21,O,452.0
3945,O=C1OC(c2ccccc2)=N/C1=C\c1ccc(N(c2ccccc2)c2ccccc2)cc1,CC#N,634.0
9680,Oc1ccc2ccc3cccc4ccc1c2c34,C1CCOC1,387.8524609
2164,CC[N+](CC)=c1ccc2c(C(F)(F)F)c3oc4cc(N)ccc4c3oc-2c1,CCO,706.0
2886,O=C1c2ccccc2NC(c2ccccc2)N1Cc1ccccc1,CO,442.0
5264,N#Cc1nnn(-c2ccnc3cc(Cl)ccc23)c1N,CC#N,395.0071101
8872,c1ccc2c(-n3cnc4ccccc43)cccc2c1,CCOCC,361.0
516,Cc1c2ccccc2c(C2=C3C=CC=[N+]3[B-](F)(F)n3cccc32)c2ccccc12,CCCCCC,566.0
9746,c1ccc2c(-c3ccncc3)c3c(nc2c1)-c1cc2c(cc1CC3)-c1nc3ccccc3c(-c3ccncc3)c1CC2,ClC(Cl)Cl,389.0
5424,CCCCCCCCCCCCn1c(-c2cc(-c3nc4ccc(C)cc4n3CCCCCCCCCCCC)cc(-c3nc4ccc(C)cc4n3CCCCCCCCCCCC)c2)nc2ccc(C)cc21,C1CCOC1,375.8
172,Cc1cc(=O)[nH]c(=O)[nH]1,CC#N,308.0
639,O=C(N/N=C/c1ccccc1O)c1ccccc1O,CN(C)C=O,455.0
5098,CCOC(=O)C1c2ccccc2C(=O)N1c1ccccc1,ClCCl,471.0
6512,CN(C)c1ccc2c(c1)C(C)(C)C(=O)C=C2,O,554.0
1143,CC1(C)c2ccccc2-c2cc3c(cc21)N(c1ccc(-c2nc(-c4ccc(N5c6ccccc6C(c6ccccc6)(c6ccccc6)c6cc7c(cc65)C(C)(C)c5ccccc5-7)cc4)nc(-c4ccc(N5c6ccccc6C(c6ccccc6)(c6ccccc6)c6cc7c(cc65)C(C)(C)c5ccccc5-7)cc4)n2)cc1)c1ccccc1C3(c1ccccc1)c1ccccc1,Cc1ccccc1,515.0
8829,CS(=O)(=O)c1ccc(-c2cc3ccc(N)cc3c(=O)o2)cc1,CCCO,471.0
7428,CCc1c(C)c2n(c1C)[B-](F)(F)[N+]1=C(C=C3c4ccccc4-c4ccccc43)C=CC1=C2C,C1CCCCC1,612.0
11744,O=C1c2ccccc2-c2ccc(N3CCN(c4ccccc4)CC3)c3cccc1c23,C1COCCO1,578.0
1832,CCCCN(CCCC)c1ccc(/C=C/c2ccc(-c3ccc(/C=C/c4ccc(N(CCCC)CCCC)cc4)cc3)cc2)cc1,CS(C)=O,545.7
10834,N#CSC1=CC2=C(c3ccccc3)c3ccc(SC#N)n3[B-](F)(F)[N+]2=C1N1CCOCC1,CO,583.0
6392,CCN(CC)c1ccc2ccc(=O)oc2c1,OCCO,445.0
3686,CCC1=C(C)C2=C(C)c3cc(I)cn3[B-](F)(F)[N+]2=C1C,OCC(F)(F)F,530.5
9300,Oc1ccccc1/C=N/c1ccc(Cn2cncn2)cc1,CC(C)=O,380.9959233
9072,COC(=O)C(Cc1ccc2oc(-c3ccc(N(C)C)cc3)nc2c1)NC(=O)OC(C)(C)C,CCOCC,379.5066414
4537,C(=C/c1ccnc2ccccc12)\c1ccc(/C=C/c2ccnc3ccccc23)cc1,CO,440.0
6216,c1ccc(N(c2ccccc2)c2ccc(-c3nc(-c4ccc(N(c5ccccc5)c5ccccc5)cc4)c4ccccc4n3)cc2)cc1,CC#N,565.0
7630,Cc1c2ccncc2c(C)c2c1[nH]c1ccccc12,Cc1ccccc1,403.0
834,CCC1=C(C)C2=C(C)c3c(C)c(CC)c(C)n3[B-](F)(F)[N+]2=C1C,CCO,532.4
2486,CCOC(=O)c1ccccc1-c1c2ccc(=[N+](CC)CC)cc-2oc2c1c(=O)oc1cc3c(cc12)CCCN3C,ClC(Cl)Cl,647.0
9169,CN(C)c1ccc(N2c3sc4ccccc4c3Sc3sc4ccccc4c32)cc1,ClCCl,424.0
9727,Cc1ccc(-c2cc(-c3ccccc3)c3c(N)nc(N4CCCC4)c(C#N)c3n2)cc1,c1ccccc1,504.0
6850,C(=C/c1ccc(-c2ccc(/C=C/c3ccc(-n4c5ccccc5c5ccccc54)cc3)s2)s1)\c1ccc(-n2c3ccccc3c3ccccc32)cc1,CC(C)=O,523.0
8369,N#CC(C#N)=Cc1ccc(-c2cccc(-c3nc4ccccc4s3)c2O)o1,CCO,631.0
10804,F[B-]1(F)n2c(Cl)c(Cl)c(Br)c2C(Cl)=C2C(Br)=C(Cl)C(Cl)=[N+]21,ClCCl,560.0
7058,COC(=O)C1=NNC(C(=O)OC)=C2c3ccccc3C(=O)c3ccccc3C12,CC#N,505.0
65,C[Si]1(C)c2ccc(C#Cc3ccccc3)cc2C=Cc2cc(C#Cc3ccccc3)ccc21,ClCCl,375.0
10503,CC(C)(C)c1ccc2ccc3c(C(C)(C)C)ccc4ccc1c2c43,ClCCl,380.0
5034,Cc1ccc(N2C(c3ccccc3[NH-])=[NH+]C(c3ccccc3)C2c2ccccc2)cc1,Cc1ccccc1,572.0
8332,Cc1ccc(-c2cc(-c3ccc(C)cc3)c(C#N)c(=O)[nH]2)cc1,CS(C)=O,450.0
2024,CC(C)[Si]1(C(C)C)c2cc(N(C)C)ccc2-c2ccc(C(F)(F)F)cc21,CCO,422.0
6442,CN(C)c1c2ccccc2cc2ccccc12,C1COCCO1,392.0
354,N#Cc1nc2c3ccc(N(c4ccccc4)c4ccccc4)cc3c3cc(N(c4ccccc4)c4ccccc4)ccc3c2nc1C#N,C1COCCO1,586.9103774
6887,CC1=C(C#Cc2ccc(B(c3c(C)cc(C)cc3C)c3c(C)cc(C)cc3C)cc2)C(C)=[N+]2C1=C(c1ccccc1)c1c(C)c(C#Cc3ccc(B(c4c(C)cc(C)cc4C)c4c(C)cc(C)cc4C)cc3)c(C)n1[B-]2(F)F,ClCCl,602.0
4762,N#Cc1cc(C#Cc2c(F)c(F)nc(F)c2F)c(C#Cc2c(F)c(F)nc(F)c2F)cc1C#N,CC#N,370.0
6220,F[Si-](F)(c1ccccc1)(c1c2ccccc2cc2ccccc12)c1c2ccccc2cc2ccccc12,C1CCOC1,395.0
9933,CCCCN1/C(=C\c2c(-c3ccc(N(C)C)cc3)c(=O)c2=O)C=Cc2ccccc21,ClCCl,585.0
8462,CC1=CC(C)=[N+]2C1=C(c1ccc(-c3c4ccccc4c(-c4ccccc4)c4ccccc34)cc1)c1c(C)cc(C)n1[B-]2(F)F,Cc1ccccc1,515.0
6505,N#C/C(=C\c1ccc(Cl)cc1)c1nc2ccccc2s1,CO,430.0
5007,CCC1=C(C)C2=C(C)c3c(I)c(I)cn3[B-](F)(F)[N+]2=C1C,CC(C)=O,533.0
4568,CCC1=C(C)C(=O)n2c1cc1c(c(C)c(C(=O)OCC(C)C)n1CC(C)C)c2=O,c1ccccc1,446.0
3127,O=Cc1cc(O)c(C=O)cc1O,CS(C)=O,495.0
4864,CCN(CC)c1ccc2nc3ccc(=[N+](CC)CC)cc-3oc2c1,CCCCCCc1ccc(-c2ccc(C#N)cc2)cc1,670.0
309,COc1ccc(/C=C/c2cc(/C=C/c3ccc(N(c4ccccc4)c4ccccc4)cc3)nc(/C=C/c3ccc(N(C)C)cc3)n2)cc1,CC#N,463.0
4842,CC1(C)c2ccccc2N(c2ccc3c(c2)c2cc(N4c5ccccc5C(C)(C)c5ccccc54)ccc2c2nc4ccccc4nc32)c2ccccc21,Cc1ccccc1,553.0
8161,COc1ccc2c(c1)CCC1=C(C#Cc3ccc(Cl)cc3)O[B-](F)(F)[O+]=C12,ClCCl,472.0
5920,CCCCC1(c2ccccc2)Nc2c(-c3ccc(N(C)c4ccccc4)cc3)ccc(-c3ccc(N(C)c4ccccc4)cc3)c2N=C1c1ccccc1,C1CCOC1,580.0
4354,CC1(C)c2ccccc2N(c2ccc(C(=O)/C=C(\O)c3ccc(N4c5ccccc5C(C)(C)c5ccccc54)cc3)cc2)c2ccccc21,Cc1ccccc1,533.0
7796,C1=C(c2ccccc2)C=C(c2ccccc2)/C1=C/c1ccc(-c2cccs2)s1,C1CCOC1,503.0
5500,Oc1ccc2ccccc2c1/C=N/c1ccccc1/N=C/c1c(O)ccc2ccccc12,CC#N,496.0
9597,Cc1c[nH]c(=O)[nH]c1=O,CC#N,315.0
11420,COc1ccc(C2=C3C=c4c(oc5cc6c(cc45)[C@H]4CC[C@]5(C)C(=O)CC[C@H]5[C@@H]4CC6)=[N+]3[B-](F)(F)n3c2cc2c4cc5c(cc4oc23)CC[C@@H]2[C@@H]5CC[C@]3(C)C(=O)CC[C@@H]23)cc1,CCOC(C)=O,615.0
2583,CN(C)c1ccc(/C=C/C=C2\CCCC2=O)cc1,ClCCl,565.0
5397,CC[N+]1=C(/C=C/c2cc3ccc4cccc5ccc(c2)c3c45)C(C)(C)c2ccccc21,O,466.0
2770,C/C=C/C=C/C1=N/C(=C\c2ccc(O)cc2)C(=O)N1C,O,523.0
4812,C(#Cc1ccc(N(c2ccc(C#Cc3ccc(-c4cc(-c5ccccc5)nc(-c5ccccc5)c4)cc3)cc2)c2ccc(C#Cc3ccc(-c4cc(-c5ccccc5)nc(-c5ccccc5)c4)cc3)cc2)cc1)c1ccc(-c2cc(-c3ccccc3)nc(-c3ccccc3)c2)cc1,C1CCOC1,455.0
8840,CCCCC(CC)Cn1c2ccc(C(=C(C#N)C#N)c3ccccc3)cc2c2c(-c3ccc(Br)cc3)c3c(c(-c4ccc(Br)cc4)c21)c1cc(C(=C(C#N)C#N)c2ccccc2)ccc1n3CC(CC)CCCC,CCOC(C)=O,582.0
8349,CN(C)c1ccc2nc3c(cc2c1)c(-c1ccccc1)nn3-c1ccccc1,CC#N,561.4823133
5932,COc1ccc(C#Cc2ccc(C#N)cc2)cc1,C1COCCO1,369.0
3209,CN(C)c1ccc(/C=C2\CC/C(=C\c3ccc(N(C)C)cc3)C2=O)cc1,CC(C)O,590.0
7049,O=P1(c2ccccc2)C(c2ccccc2)=Cc2ccccc21,ClCCl,423.0
3905,N#Cc1cc(-c2ccc(F)cc2)cnc1O,CC#N,423.0
9802,CN(C)c1ccc(C2=Nc3sc4ccccc4[n+]3[B-](F)(F)O2)cc1,CC#N,486.0
11794,CC(C)(C)OC(=O)NCCn1cc(COc2ccc(-c3cc(-c4ccccc4)c4n3[B-](F)(F)[N+]3=C(c5ccc(OCCCS(=O)(=O)[O-])cc5)C=C(c5ccccc5)C3=N4)cc2)nn1,O,721.0
5883,N#Cc1c(N2CCCCC2)cc(-c2ccc3ccc4cccc5ccc2c3c45)c2c1C(=O)c1ccccc1-2,C1CCOC1,473.0
8134,CN(C)c1ccc(/C=C/c2cc(/C=C/c3ccc(N(C)C)cc3)nc(/C=C/c3ccccc3)n2)cc1,CCCCCCC,453.0
2379,CN1c2ccccc2C(O)(c2ccccc2)c2cc([N+](=O)[O-])ccc21,CO,544.7
8956,CC1(C)CCc2c(c3ccccc3c3nc4c(nc23)c2c(c3ccccc34)OC(C)(C)CC2)O1,CC(C)O,448.0286738
6501,CC(C)(C)C#Cc1cc2c(C#CC(C)(C)C)c(C#CC(C)(C)C)c3cc(C#CC(C)(C)C)cc4c(C#CC(C)(C)C)c(C#CC(C)(C)C)c(c1)c2c34,ClCCl,433.0
4169,COc1cc(OC)cc(C2=[O+][B-](F)(F)OC(c3ccccc3)=C2)c1,CC#N,602.2854534
6127,COC(=O)C(Cc1ccc2oc(-c3c4ccccc4cc4ccccc34)nc2c1)NC(=O)OC(C)(C)C,NC=O,512.4998719
3428,c1cnc(-c2c3ccccc3c(-c3ncccn3)c3ccccc23)nc1,CCO,440.0
4421,O=c1c2ccccc2n2c3ccccc3c(=O)c3cc(-c4ccccc4)cc1c32,CC#N,475.0
1101,Cc1cccc(-c2cccc(C)c2)c1,C1CCCCC1,335.3454058
6290,N#Cc1c(-n2c3ccccc3c3ccccc32)cccc1-n1c2ccccc2c2ccccc21,O=P(c1ccccc1)(c1ccccc1)c1ccccc1Oc1ccccc1P(=O)(c1ccccc1)c1ccccc1,415.0
5292,CCN(CC)c1ccc2c(C#N)c(/C=C(\C#N)c3nc4ccccc4o3)c(=O)oc2c1,C1COCCO1,641.0
11694,N#C/C=C/c1ccc2ccc3cccc4ccc1c2c34,CCCCCC,409.5
3250,Cc1cc(C)c(B(c2ccc(-c3ccc(-c4nc5c6ccccc6c6ccccc6c5[nH]4)cc3)cc2)c2c(C)cc(C)cc2C)c(C)c1,C1CCOC1,474.0
4409,CCC1(CC)c2cc(C=O)ccc2-c2ccc(N(C)C)cc21,ClCCl,491.0
4140,Oc1ccc(/N=C/c2ccccc2Oc2ccccc2)cc1,CN(C)C=O,423.0
3557,O=Cc1nc2ccc(C#Cc3ccc(N(c4ccccc4)c4ccccc4)cc3)cc2s1,Cc1ccccc1,519.0
7152,CC(C)(C)c1ccc(-c2nc3c4ccc(-c5c6ccccc6cc6ccccc56)cc4c4cc(-c5c6ccccc6cc6ccccc56)ccc4c3n2-c2ccc(C(C)(C)C)cc2)cc1,CN(C)C=O,451.0
118,COc1ccc(/C=C/C2=C3CCc4ccccc4C3=[O+][B-](F)(F)O2)cc1,ClCCl,515.0
2022,N#Cc1ccc(/C=C/C=C/c2ccccc2)cc1,CN(C)C=O,422.0
4598,c1ccc(-c2oc(-c3ccccc3)c3ccccc23)cc1,CS(C)=O,460.0
11387,COc1cccc(-n2c(-c3ccccc3)nc(C)c2C)c1,CCCCO,370.0
4896,CC1=[N+]2C(=C(c3ccc(N4CCCCC4)cc3)c3ccc(C)n3[B-]2(F)F)C=C1,CCOC(C)=O,518.0
10621,COc1ccc(/C=C/C2=CC(/C=C/c3ccc(OC)c(OC)c3)=[O+][B-](F)(F)O2)cc1OC,CS(C)=O,587.05
5749,CCN(CC)c1ccc2cc(-c3ccc(C(F)(F)F)cc3)oc(=O)c2c1,CCCCCC,418.0
8810,C[Si]1(C)O[Si](C)(C)c2cc3cc4c(cc3cc21)C(=O)c1cc2cc3c(cc2cc1C4=O)[Si](C)(C)O[Si]3(C)C,ClC(Cl)Cl,437.0
4681,CCCCC1(c2ccccc2)Nc2c(-c3ccc(OC)cc3)ccc(-c3ccc(OC)cc3)c2N=C1c1ccccc1,C1CCOC1,547.0
5023,CC1(C)Nc2ccccc2-c2[nH]c3ccccc3c(=O)c21,ClCCl,491.0
10052,COC(=O)C(Cc1ccc2oc(-c3ccc(N(C)C)cc3)nc2c1)NC(=O)OC(C)(C)C,C1COCCO1,377.0028275
4273,CC1(C)Cc2c(c3ccccc3c3nc4ccccc4nc23)O1,C1CCOC1,505.0505051
6795,Nc1ccc(-c2ccc(N)cc2)cc1,CCCCCC,373.0
87,c1ccc(-c2nc(-c3cccc4ccccc34)n3ccccc23)cc1,O,475.0
5165,CCCN1/C(=C/C=C/C=C/C2=[N+](CCC)c3ccccc3C2(C)C)C(C)(C)c2ccccc21,CO,659.0
3382,CCC1(CC)c2ccccc2-c2c1c1c(c3c2C(CC)(CC)c2cc(N(c4ccccc4)c4ccccc4)ccc2-3)C(CC)(CC)c2ccccc2-1,Cc1ccccc1,383.0
11526,CN(C)c1ccc(/C=C/c2ccccn2)cc1,CO,482.0
403,Clc1ccc(-c2nc3ccccc3n2-c2ccccc2)cc1,CC#N,367.0
3350,O=c1oc2ccccc2cc1-c1ccc(-c2cc3ccccc3oc2=O)cc1,Cc1ccccc1,424.0
10206,O=c1c2ccccc2n2c3ccccc3c(=O)c3cc(-c4ccccc4)cc1c32,CCOC(C)=O,464.0
5087,CCCCN1C(=O)C2=C(c3ccc(Br)cc3)[N-]C(=O)C2=C1c1ccc(Br)cc1,ClCCl,613.0
8654,Cc1ccc2[nH]c(-c3ccc(-c4ccc(-c5ccc(-c6nc7cc(C)ccc7[nH]6)cc5)c(F)c4)cc3)nc2c1,CN(C)C=O,423.0
2241,Cc1ccc(C#Cc2ccc3ccc(=O)oc3c2)cc1,CC#N,440.0
8750,Cc1cc(O)c(C(C)C)cc1/N=C/c1ccc(C(F)(F)F)cc1,ClC(Cl)Cl,430.0
12169,COc1ccc(C(=O)/C=C2\C(=O)Nc3ccccc32)cc1,CO,380.0
1027,O=C(c1ccc(N(c2ccccc2)c2ccccc2)cc1)[C@H]1[C@H](c2ccccc2)C[C@](O)(c2ccccn2)C[C@]1(O)c1ccccn1,C1CCOC1,496.0
11899,CC1=CC(C)=[N+]2C1=C(c1ccc(I)cc1)c1c(C)cc(C)n1[B-]2(OC(C)C)OC(C)C,ClC(Cl)Cl,517.7250995
6157,Nc1ccc2c(C(F)(F)F)cc(=O)oc2c1,CCOC(C)=O,456.0
2436,CCN(CC)c1ccc2cc(/C=C/C(=O)/C=C(O)/C=C/c3cc4ccc(N(CC)CC)cc4oc3=O)c(=O)oc2c1,ClCCl,593.0
5935,CN(C)c1ccc(/C=C/C(=C(C#N)C#N)c2ccc3c4c(cccc24)CC3)cc1,CC(C)=O,593.0
8284,CC1=[N+]2C(=C(NC(C)c3ccccc3)c3ccc(C)n3[B-]2(F)F)C=C1c1cc2n(c1)[B-](F)(F)[N+]1=CC=CC1=C2c1c(C)cc(C)cc1C,C1CCCCC1,640.0
1278,C(=C/c1ccc(-c2ccc(/C=C/c3ccc(-n4c5ccccc5c5ccccc54)cc3)s2)s1)\c1ccc(-n2c3ccccc3c3ccccc32)cc1,CN(C)C=O,530.0
12107,O=c1ccc2cc3ccoc3cc2o1,CCOCC,393.0
11396,C[n+]1ccc(/C=C/c2cc[n+](C)cc2)cc1,CC#N,372.0
1425,Cc1n[nH]c2c1C(c1ccc([N+](=O)[O-])cc1)C(C#N)=C(N)O2,CCOC(C)=O,396.0
6911,CC[N+]1(CC)CN2C(C)=CC(C)=C(C(=O)O)C2=N1,O,449.0
1502,COC(=O)c1nc2cnc(N)nc2n1Cc1ccccc1,CC#N,388.0
11943,CC1(C)CC(/C=C/c2cn(-c3ccccc3)nc2-c2ccccc2)=CC(=C(C#N)C#N)C1,CCOC(C)=O,564.0
10499,COc1cccc(C2=C(c3ccc(C(C)(C)C)cc3)C(c3ccc(C(C)(C)C)cc3)=[N+]3C2=C(c2ccccc2)c2c(-c4cccc(OC)c4)c(-c4ccc(C(C)(C)C)cc4)c(-c4ccc(C(C)(C)C)cc4)n2[B-]3(F)F)c1,Cc1ccccc1,640.0
10044,CN(C)c1ccc(-c2ccc(-c3cc(N4CCCCC4)c(C#N)c4c3-c3ccccc3CC4)cc2)cc1,ClC(Cl)Cl,502.0
11659,Cc1ccc(/C=C/c2ccccc2-[n+]2cc([O-])on2)cc1,CC#N,504.0
678,CN(C)c1ccc(/C=C/c2ccc(-c3nnc(-c4ccc(-c5cc6ccccc6s5)cc4)o3)cc2)cc1,CC(C)=O,395.0
9523,COC(=O)c1cccc2c1C#Cc1c(N)cccc1OCCCO2,CC#N,487.0
5828,C/C=C/c1ccc(OC)cc1,CC#N,330.0
7073,CCCCC1(CCCC)c2cc(C#Cc3ccc(/C=C(\C)c4ccccc4)cc3)ccc2-c2ccc(C#Cc3ccc(/C=C(\C)c4ccccc4)cc3)cc21,C1CCOC1,403.0
6820,CC1=C2C=CC(c3ccccc3)=[N+]2[B-](F)(F)n2c1ccc2-c1ccccc1,ClCCl,577.0
1070,COC(=O)CCC1=CC(C#Cc2ccsc2)=[N+]2C1=Cc1c(CCC(=O)OC)cc(C#Cc3ccsc3)n1[B-]2(F)F,ClCCl,653.0
7091,Cc1cccc2nc3c(=O)[nH]c(=O)[nH]c3nc12,CC#N,449.0
2480,C/C=C/c1ccc(OC)c(OC)c1,CC#N,333.0
10186,O=C(O)COc1cccc(-c2c3nc(cc4ccc([nH]4)c(-c4cccc(OCC(=O)O)c4)c4nc(cc5ccc2[nH]5)CC4)C=C3)c1,CS(C)=O,649.0
3392,O=C1c2cccn2[B-](F)(F)[n+]2ccccc21,CC#N,578.0
1099,CC(C)(C)c1ccc2c(c1)c1cc(C(C)(C)C)ccc1n2-c1ccc(-c2nc(-c3ccc(P(=O)(c4ccccc4)c4ccccc4)cc3)nc(-c3ccc(P(=O)(c4ccccc4)c4ccccc4)cc3)n2)cc1,CC#N,573.7120211
6754,CCOC(=O)COc1ccc(/C=C/c2cc(C)c3n2[B-](F)(F)[N+]2=C(c4[nH]c(C)cc4C)c4ccccc4C2=C3)cc1,CO,697.0
7855,CCCCN(CCCC)c1ccc2nc3c4ccccc4c(=O)c(OC(=C(C(F)(C(F)(F)F)C(F)(F)F)C(F)(C(F)(F)F)C(F)(F)F)C(F)(F)F)c-3oc2c1,ClCCl,631.0
418,O=S1(=O)c2ccccc2C2(c3cc(-c4ccc(-n5c6ccccc6c6ccccc65)cc4)ccc3-c3ccc(-c4ccc(-n5c6ccccc6c6ccccc65)cc4)cc32)c2ccccc21,ClCCl,427.0
7302,CCN(CC)c1cccc(C=O)c1,CCCCCC,426.0
5286,CC(=O)Nc1ccc2c3c(cccc13)C(=O)c1ccccc1-2,CC#N,539.9568035
1947,CN(C)c1ccc(/C=C/C=C2\CC/C(=C\C=C\c3ccc(N(C)C)cc3)C2=O)cc1,CCCCO,739.0
3336,CCN(CC)c1ccc(/C=C/C2=[O+][B-](F)(F)Oc3c2c(=O)oc2cc(N(CC)CC)ccc32)cc1,Cc1ccccc1,597.0
2299,N#Cc1c(-c2cccs2)cc(-c2cccs2)[nH]c1=O,CS(C)=O,468.0
6836,CCN(CC)c1ccc2cc(-c3ccc(S(C)(=O)=O)cc3)oc(=O)c2c1,CCOC(C)=O,465.0
6840,CN1c2ccc(C(=O)c3ccccc3)cc2Sc2cc(C(=O)c3ccccc3)ccc21,C1CCOC1,531.0
11986,COCCOc1ccc(OCCOC)c(C=O)c1,CC(C)CO,451.0
208,CCCCc1ccc2ccc3c(CCCC)cc(CCCC)c4ccc1c2c34,ClCCl,385.0
7571,O=c1c2ccccc2sc2ccc(-n3c4ccccc4c4ccccc43)cc12,CCCCCC,436.0
6174,O=Cc1ccc(C#CC(C#Cc2ccc(C=O)o2)=Cc2ccc(C=C(C#Cc3ccc(C=O)o3)C#Cc3ccc(C=O)o3)cc2)o1,ClC(Cl)Cl,518.0
5524,F[B-]1(F)n2c(cc(-c3ccccc3)c2-c2ccccc2)C(c2ccccc2)=C2C=C(c3ccccc3)C(c3ccccc3)=[N+]21,Cc1ccccc1,622.0
11913,Cc1nc2c(ccc3ccc(O)cc32)oc1=O,c1ccccc1,461.0
528,CN(C)c1ccc2c(c1)Cc1ccccc1-2,CCCCCC,359.0
779,CS(=O)(=O)c1ccc(-c2cc3ccc(N)cc3c(=O)o2)cc1,CN(C)C=O,479.0
722,C(=C/c1cccnc1)\c1ccc(N(c2ccccc2)c2ccccc2)cc1,CCCCCC,403.0
10539,CC(=O)Nc1ccc(S(=O)(=O)O)c(/N=N/c2c(O)c3ccccc3n(C)c2=O)c1,Cc1ccccc1,517.0
1860,Brc1ccc(-c2nc(-c3ccc(C#Cc4ccc(-n5c6ccccc6c6ccccc65)cc4)cc3)nc(-c3ccc(C#Cc4ccc(-n5c6ccccc6c6ccccc65)cc4)cc3)n2)cc1,CC#N,563.0
10393,CC1(C)CC(/C=C/c2ccc(-n3ccnc3)cc2)=CC(=C(C#N)C#N)C1,CCOC(C)=O,518.0
11724,COc1cc(/C=C2/SC(=O)NC2=O)ccc1O,CC#N,430.0
11076,CCCCCCOc1ccc(C#Cc2ccc(-c3ccc(-c4ccc(C#Cc5ccc(OCCCCCC)c(OCCCCCC)c5)s4)c4nsnc34)s2)cc1OCCCCCC,ClC(Cl)Cl,648.0
11110,CC(C)(C)NS(=O)(=O)c1ccc2c(c1)C(=O)/C(=C1\Sc3ccc(S(=O)(=O)NC(C)(C)C)cc3C1=O)S2,CS(C)=O,618.0
1992,Cc1ccc2cc3c(=O)n(C)c(=O)n(C)c3nc2c1,CC(C)O,408.0
2332,CCN(CC)c1ccc(-c2nc3c4ccc(-c5ccccc5)cc4c4cc(-c5ccccc5)ccc4c3[nH]2)c(O)c1,Cc1ccccc1,417.0
7745,CC[N+](CC)=c1ccc2c(-c3ccccc3C(=O)O)c3c(=O)oc4c5c6c(cc4c3oc-2c1)CCCN6CCC5,ClC(Cl)Cl,664.0
8022,CN(C)c1ccc(-c2nc3cnccc3[nH]2)cc1,CCO,395.0
10304,N#CC(C#N)=Cc1ccc(-c2ccc(O)c(-c3nc4ccccc4s3)c2)o1,O,652.0
3459,CN(C)c1ccc(/C=C/c2nc3c4ccccc4c4ccccc4c3o2)cc1,CC#N,498.0
8752,Cn1nc(-c2ccccc2)c2n[nH]nc2c1=O,CCO,405.0
5612,Cc1ccc(/C=C/C(F)(F)F)c(N)c1,C1CCOC1,423.0
7007,Oc1ccccc1/C=N/C1CCCCC1/N=C/c1ccccc1O,CC#N,435.0
12186,CN(C)c1ccc(/C=C/c2cc[n+](CCC[n+]3ccc(/C=C/c4ccc(N(C)C)cc4)cc3)cc2)cc1,CC(C)=O,607.9988326
4518,CCCc1ccc(C#Cc2cc(C#Cc3ccc(N(C)C)cc3)c3ccc4c(C#Cc5ccc(N(C)C)cc5)cc(C#Cc5ccc(N(C)C)cc5)c5ccc2c3c54)cc1,ClCCl,603.0
5491,CCN1c2ccc(/C=N/Nc3ccccn3)cc2Sc2cc(-c3ccccc3)ccc21,ClCCl,497.0
9970,CS(=O)(=O)c1ccc(-c2cc3ccc(N)cc3c(=O)o2)cc1,ClC(Cl)Cl,439.0
10212,COc1ccc(/C=C/C2=CC(/C=C/c3ccc(OC)c(OC)c3)=[O+][B-](F)(F)O2)cc1OC,ClCCl,570.0
257,CCOC(=O)c1cc(C(=O)OCC)c2cc(N(CC)CC)ccc2n1,CCO,561.0
9338,CN(CC(O)c1cccc(O)c1)c1ccc([N+](=O)[O-])c(C2CC(c3cccc4ccccc34)=NN2c2ccccc2)c1,CO,514.0
11979,CCCN(c1ccccc1)c1ccc2c(c1)C(CC)(CC)c1cc(/C=C/c3ccc(/C=C(\C#N)C(=O)O)s3)ccc1-2,CN(C)C=O,593.0
10558,CC(C)[Si]1(C(C)C)c2ccccc2-c2ccc(N(C)C)cc21,CS(C)=O,424.0
9794,COC(=O)C(Cc1ccc2oc(-c3ccc(N(C)C)cc3)nc2c1)NC(=O)OC(C)(C)C,CC(O)CO,408.496732
7940,OCCSc1cccc2[n+]1[B-](F)(F)n1c(c3cccc4cccc1c43)=N2,CC#N,502.0
3625,CNC1=C2C=CC=[N+]2[B-](F)(F)n2cccc21,C1CCCCC1,463.0
702,N#Cc1nnn(-c2ccnc3cc(Cl)ccc23)c1N,CS(C)=O,386.0109627
3189,COc1ccc(-n2c3ccccc3c3cc(C=C(C#N)C#N)ccc32)cc1,CO,534.0
503,Cc1cc(C)cc(NC(=O)c2sc(Br)nc2C)c1,CCCCCC,400.6
10806,CCOC(=O)c1cc(C(=O)O)nc2cc(OC)ccc12,CCO,462.0
2556,CCC(C)(C)c1ccc(-c2ccc(-c3ccc(C(C)(C)CC)cc3)cc2)cc1,C1COCCO1,354.0
9270,Cc1cc(C)c(C2=C3C=CC4=[N+]3[B-]3(Oc5ccccc54)Oc4ccccc4-c4ccc2n43)c(C)c1,ClC(Cl)Cl,645.0
2248,CCn1c2c(-c3cccs3)cc(C(C)(C)C)cc2c2cc(C(C)(C)C)cc(-c3cccs3)c21,ClCCl,395.0
372,C1=C(c2ccc(-c3cccs3)s2)CCCC1,OCCOCCO,446.0
4052,Clc1ccc(/C=C/c2nc(-c3ccccc3)[nH]c2/C=C/c2ccc(Cl)cc2)cc1,ClCCl,465.6
3937,C=Cc1cc(OC)cc(OC)c1,CC#N,350.0
12131,N#Cc1cc(C#N)c(-n2c3ccccc3c3ccccc32)cc1-n1c2ccccc2c2ccccc21,O=P(c1ccccc1)(c1ccccc1)c1ccccc1Oc1ccccc1P(=O)(c1ccccc1)c1ccccc1,477.0
4076,CC1=[N+]2C(=C(c3ccc4c(c3)Cc3ccccc3-4)c3ccc(C)n3[B-]2(F)F)C=C1c1cc2n(c1)[B-](F)(F)[N+]1=CC=CC1=C2c1c(C)cc(C)cc1C,C1CCCCC1,645.0
997,Oc1ccc(-c2cccs2)cc1-c1nc2ccccc2s1,O,566.0
4332,COC(=O)c1nc2c(N(C)C)nc(N(C)C)nc2n1Cc1ccccc1,CO,432.0
6678,CC[n+]1c(C=C2C(=O)C(C=C3N(C)c4ccccc4C3(C)C)=C2[O-])[se]c2ccccc21,CO,661.0
1176,CN(C)c1ccc2cc(C#Cc3cn([C@H]4C[C@H](O)[C@@H](CO)O4)c4ncnc(N)c34)ccc2c1,CCOC(C)=O,418.0
11878,CCCCc1c2ccccc2c(-c2ccc(-c3nc4cc(CC(NC(=O)OC(C)(C)C)C(=O)OC)ccc4o3)cc2)c2ccccc12,CC(C)CC(C)(C)C,419.0008506
551,CC(C)(C)NC(=O)c1cccc2ccc3c4ccc(Cl)cc4c4cc(Cl)ccc4c3c12,ClCCl,415.0
4840,C[Si](C)(C)C#Cc1cc(C#C[Si](C)(C)C)c2ccc3c(C(=O)c4ccccc4)cc(C#C[Si](C)(C)C)c4ccc1c2c43,ClCCl,467.0
4372,CCN(CC)c1ccc(/C=N/C(C#N)=C(C#N)/N=C/c2ccc(N(CC)CC)cc2O)c(O)c1,CC#N,609.0
3497,COc1cc(OC)c2c3c([nH]c2c1)C(=O)CCC3,C1COCCO1,391.0
5369,N#Cc1ccc(N(c2ccc(C#N)cc2)c2ccc3c4cccc5c(N(c6ccc(C#N)cc6)c6ccc(C#N)cc6)ccc(c6cccc2c63)c54)cc1,ClCCl,522.0
5020,COc1ccc(Oc2ccc3c4c(cccc24)C(=O)N(c2c(C(C)C)cccc2C(C)C)C3=O)cc1,ClCCl,434.0
9165,O=P1(c2ccccc2)c2cccc3c4ccccc4c4ccc1n4c23,ClCCl,462.0
9940,O=S(=O)(O)c1cccc2cccc(Nc3ccccc3)c12,OCC(O)CO,501.0
8104,Cc1cc(C)c(B(c2ccc(-c3ccc(-c4nc5c6ccccc6c6ccccc6c5[nH]4)cc3)cc2)c2c(C)cc(C)cc2C)c(C)c1,Cc1ccccc1,435.0
6832,FC(F)(F)c1cc2n(n1)[B-]1(c3ccccc3-c3ccccc31)[n+]1ccc3ccccc3c1-2,C1CCCCC1,490.0
7516,CC1(C)Nc2cc(Cl)ccc2-c2[nH]c3ccccc3c(=O)c21,CCO,506.0
8405,O=c1oc2ccc(Br)cc2cc1-c1cc2cc(Br)ccc2o1,Cc1ccccc1,436.0
693,CCNc1cc2c(cc1C)C(c1ccccc1C(=O)O)=C1CCCC(/C=C/C3=[N+](C)c4ccccc4C3(C)C)=C1O2,CCO,721.0
2533,O=C1c2ccccc2C(=O)N1c1ccc(Cn2cncn2)cc1,CCOC(C)=O,355.0
3443,Nc1ccc2c(c1)C(=O)c1ccc(N)cc1C2=O,CC(C)O,616.0
982,Oc1ccccc1/C=N/N=C/c1ccccc1O,CCCCl,584.7953216
9971,CC(C)(C)c1ccc2c(c1)c1cc(C(C)(C)C)ccc1n2-c1ccc(C#Cc2ccc(C#Cc3ccc(-n4c5ccc(C(C)(C)C)cc5c5cc(C(C)(C)C)ccc54)cc3)cc2)cc1,ClC(Cl)Cl,419.0
11539,O=S(=O)([O-])c1cc(O)c2ccc3c(S(=O)(=O)[O-])cc(S(=O)(=O)[O-])c4ccc1c2c34,CCOC(C)=O,406.8182743
4222,CCOC(=O)/C(C#N)=C\c1cn(-c2ccccc2)nc1-c1ccccc1,CO,434.0
91,COC1=[N+]2C(=C(c3ccccc3)c3ccc(OC)n3[B-]2(F)F)C=C1SC#N,CCOC(C)=O,543.0
2266,CCN1c2ccccc2Sc2cc(/C=C(\C#N)c3ccccc3)ccc21,CN(C)C=O,590.0
8791,CCOC(=O)c1c(-c2cc3ccc(OC)cc3oc2=O)nn(-c2cccc(Cl)c2)c1C(=O)OCC,ClCCl,422.0
7375,CN(C)CCN(Cc1c2ccccc2cc2ccccc12)c1ccc([N+](=O)[O-])cn1,ClC(Cl)Cl,416.0
7475,COC(=O)C(Cc1ccc2oc(-c3ccc(N(C)c4ccccc4)cc3)nc2c1)NC(=O)OC(C)(C)C,C1CCOC1,471.0093731
261,Oc1cccc(/N=C/c2ccccc2Oc2ccccc2)c1,OCCO,418.0
3337,COc1cc(N(c2ccc(C=C(C#N)C#N)c(OC)c2)c2ccc(C=C(C#N)C#N)c(OC)c2)ccc1C=C(C#N)C#N,CCOC(C)=O,532.0
7821,O=C(/C=C/c1cn(-c2ccccc2)nc1-c1ccccc1)c1c(O)c2ccccc2oc1=O,CO,504.0
9741,CCCC(=O)c1c(OCOC)c(OCOC)c(C(=O)CCC)c2c1OCO2,CC#N,503.0
9787,CC(C)(C)c1ccc2c(c1)c1cc(C(C)(C)C)ccc1n2-c1ccc(C#Cc2ccccc2)cc1,CC#N,434.0
445,CN(C)c1ccc(/C=C/C=C/c2nc3ccccc3o2)cc1,CO,539.0
3555,CN(CCO)c1ccc(/C=C/C2=C(C#N)C(C(C#N)C#N)OC2(C)C)cc1,CN(C)C=O,656.0
2194,COc1ccccc1-n1nc(C#N)c(N2CCCC2)n1,CC#N,418.0
6768,COCCOCCOCCOc1cc(C=O)c(OCCOCCOCCOC)cc1C=O,NC=O,458.0
7172,c1ccc(N2c3ccccc3Sc3cc(-c4cccc5nc6ccccc6cc45)ccc32)cc1,CN(C)C=O,495.0
2867,CCN(CC)c1ccc2cc(/C=C(\C#N)c3nc4ccccc4o3)c(=O)oc2c1,CC#N,585.0
2526,CC[C@H](C)COc1ccc(C2=C3C(C)=C(c4ccc5ccc6cccc7ccc4c5c67)C(C)=[N+]3[B-](F)(F)n3c(C)c(-c4ccc5ccc6cccc7ccc4c5c67)c(C)c32)cc1,ClCCl,585.0
11856,CCN(CC)c1ccc2cc(/C=C/C(O)=C3\CC/C(=C\c4cc5ccc(N(CC)CC)cc5oc4=O)C3=O)c(=O)oc2c1,CCOC(C)=O,589.0
5847,Cc1ccc2c(c1)C1(c3ccccc3-c3ccccc31)c1cc(C)ccc1N2c1ccc(-c2ncccn2)cc1,O=P(c1ccccc1)(c1ccccc1)c1ccc2oc3ccc(P(=O)(c4ccccc4)c4ccccc4)cc3c2c1,466.0
8366,CCc1c(C)c2n(c1C)[B-](F)(F)[N+]1=C(c3ccc[nH]3)c3ccccc3C1=C2C,CC#N,623.0
1168,O=c1c2cc(I)ccc2nc2n1[B-](F)(F)[n+]1ccccc1-2,CC#N,449.0
4144,Cc1cc(C)c(B(c2c(C)cc(C)cc2C)c2c(C)cc(-n3c4ccccc4c4cc(N(c5ccccc5)c5ccccc5)ccc43)cc2C)c(C)c1,Cc1ccccc1,477.0
84,CCCCC(CC)COC(=O)/C=C/c1ccc(OC)c(OC)c1OC,CCCCCC,351.0
3149,CN(C)c1ccc(/C=C/C(=O)c2ccc(Cl)cc2)cc1,Cc1ccccc1,486.0
10298,CN(C)CCNc1ccc2c3c(cccc13)C(=O)N(c1ccc(O)cc1)C2=O,CC#N,516.0
880,CCC1=C(C)C(=O)n2c1cc1c(c(C)c(C(=O)OCC(C)C)n1CC(C)C)c2=O,C1CCCCC1,437.0
10431,N#Cc1cccc2[nH]ccc12,CCO,387.0
5689,c1ccc(N(c2ccccc2)c2ccc(-c3ccc4c(c3)C3(c5cc(-c6ccc(N(c7ccccc7)c7ccccc7)cc6)ccc5-4)c4ccccc4N(c4ccccc4)c4ccccc43)cc2)cc1,c1cc(-n2c3ccccc3c3ccccc32)cc(-n2c3ccccc3c3ccccc32)c1,432.0
1467,CCC1=C(C)C(=O)n2c1cc1c(CCC(=O)O)c(C)c(C)n1c2=O,c1ccccc1,470.0
10932,c1ccc(C2CCN3COc4c5ccccc5c5c6c7c(c2c3c46)C(c2ccccc2)CCN7CO5)cc1,CCOCC,562.0
7225,CCn1c2ccccc2c2c(N(c3ccccc3)c3ccccc3)cccc21,ClCCl,418.0
7055,Brc1ccc(Nc2ccc3ccccc3n2)cc1,Cc1ccccc1,398.89
4326,O=P(c1ccccc1)(c1ccc(N2c3ccccc3Oc3ccccc32)cc1)c1ccc(N2c3ccccc3Oc3ccccc32)cc1,O=P(c1ccccc1)(c1ccccc1)c1ccccc1Oc1ccccc1P(=O)(c1ccccc1)c1ccccc1,476.0
4044,CN(C)c1ccc2cc(C(/C=C/c3c[nH]c4ccccc34)=C(C#N)C#N)c(=O)oc2c1,ClCCl,587.0
4137,CCc1ccccc1-c1c2ccccc2c(C#Cc2ccccc2)c2cc3ccccc3cc12,ClCCl,537.0
3039,N#Cc1ccc2cc[nH]c2c1,OCC(F)(F)F,364.0
10111,CN(C)c1ccc(/C=C/C=N/N=C/c2ccc3ccc4cccc5ccc2c3c45)cc1,O,478.0
10842,c1ccc2c(c1)CCc1c-2cnc2c1-c1ccccc1CC2,CS(C)=O,360.0
5226,CCC1(CC)c2cc(B(c3c(C)cc(C)cc3C)c3c(C)cc(C)cc3C)ccc2-c2ccc(N(c3ccccc3)c3ccccc3)cc21,ClC(Cl)Cl,461.0
579,Cc1cc(C)c(C2=C3C=C(/C=C/C(=O)OC(C)(C)C)C=[N+]3[B-](F)(F)n3c2ccc3N2CCOCC2)c(C)c1,CCCCCC,583.0
10399,O=[N+]([O-])c1ccc(/C=C/C=C/c2ccc3ncnc(Nc4ccccc4)c3c2)cc1,ClC(Cl)Cl,561.0
9023,CN(C)c1ccc(/C=C/C=C2\CCCC2=O)cc1,CC#N,576.0
5332,COc1cc(C2=CC3=C(c4c(C)cc(C)cc4C)c4cc(-c5cc(OC)c(OC)c(OC)c5)c(-c5cc(OC)c(OC)c(OC)c5)n4[B-](F)(F)[N+]3=C2c2cc(OC)c(OC)c(OC)c2)cc(OC)c1OC,CC#N,628.0
9853,O=c1oc2c(ccc3ccccc32)nc1-c1ccccc1,CCCCCC,459.0
2467,CN(C)c1ccc(C2=[N+]3C(=Nc4c(-c5ccc(O)cc5)cc(-c5ccc(N(C)C)cc5)n4[B-]3(F)F)C(c3ccc(O)cc3)=C2)cc1,Cc1ccccc1,813.0
4157,Oc1ccccc1/N=C/c1ccccc1Oc1ccccc1,CC(C)=O,410.0
6021,COc1ccc2c(c1)c(=O)c1ccccc1n2CCCCCC(=O)O,O,462.0
413,CCCCCCCCOc1ccc(C2=C3C(C)=C(C#Cc4ccc(B(c5c(C)cc(C)cc5C)c5c(C)cc(C)cc5C)cc4)C(C)=[N+]3[B-](F)(F)n3c(C)c(C#Cc4ccc(B(c5c(C)cc(C)cc5C)c5c(C)cc(C)cc5C)cc4)c(C)c32)cc1,CCCCCC,604.0
402,C(=C/c1ccccc1)\c1ccccc1,CCOC(C)=O,349.0
4428,CC1(C)CC(=O)C2=C(C1)Oc1ccc3ccc(O)cc3c1C2c1ccccn1,O,377.0
2084,c1ccc2sc(-c3ccc(-c4nnc(-c5ccc(-c6nnc(-c7ccc(-c8cc9ccccc9s8)s7)o6)cc5)o4)s3)cc2c1,CCCCCCO,399.0
3057,Cc1cc2nc3[nH]c(=O)[nH]c(=O)c3nc2cc1C,CC#N,437.0
10645,CC1=[N+]2C(=Cc3cccn3[B-]2(F)F)C=C1,CO,512.0
164,CC1=CC(/C=C/c2ccc(OCCCN=[N+]=[N-])cc2)=[N+]2C1=C(c1ccccc1)c1c(C)cc(C)n1[B-]2(F)F,CO,578.0
10931,CCN1c2ccc(/C=N/Nc3ccccn3)cc2Sc2cc(-c3ccc(C#N)cc3)ccc21,ClCCl,525.0
4302,COc1ccc(C(=O)OCc2c(C)c(=O)n3c(=O)c(C)c(C)n23)cc1,CCO,461.0
11176,Cc1cc2ccccc2c2c1c1ccccc1n2C,ClCCl,371.0
11834,CCOC(=O)c1ccc(N)cc1,CC#N,329.368932
3317,CN(C)c1ccc(-c2nc3cnccc3[nH]2)cc1,CC#N,391.0
9824,COc1ccc2c(c1)CCc1c-2nc(N)c(C#N)c1-c1ccc(Br)cc1,C1COCCO1,412.0
3934,COc1cc(-c2cc(-c3ccccc3)c(-c3ccccc3)c(-c3ccccc3)c2-c2ccccc2)c(OC)cc1-c1ccc(N(C)C)cc1,ClC(Cl)Cl,396.0
1847,N#Cc1cc2ccccc2[nH]1,CC(C)O,332.0
1334,Cc1ccccc1-c1c2ccc(=[N+]3CCN(C(=O)OC(C)(C)C)CC3)cc-2oc2cc(N3CCN(C(=O)OC(C)(C)C)CC3)ccc12,ClCCl,577.0
9423,c1ccc(-c2nc(-c3ccc(-c4ccc(N(c5ccccc5)c5ccccc5)cc4)cn3)oc2-c2ccccc2)cc1,CCCCCC,399.0
753,c1ccc(-c2nc3c(ccc4[nH]ccc43)o2)cc1,C1COCCO1,409.0
3064,COCCOCCOCCOCCOc1ccc(OCCOCCOCCOCCOC)c(C=O)c1,O,481.0
706,Cc1cc(C2(c3cc(C)c(O)c(Br)c3)OS(=O)(=O)c3ccccc32)cc(Br)c1O,CCOC(C)=O,478.0
3491,COc1cc(C=O)cc(-c2[nH]c(=O)n3c2-c2ccccc2C3=O)c1O,CC#N,473.0
4573,N#CC(C#N)=C(/C=C/c1ccc(N(c2ccccc2)c2ccccc2)cc1)c1ccccc1,CC#N,659.0
9340,Fc1c(F)c(F)c([B-]2(c3c(F)c(F)c(F)c(F)c3F)Oc3c(ccc4c5c(ccc34)C=[N+](c3ccccc3)[B-](c3c(F)c(F)c(F)c(F)c3F)(c3c(F)c(F)c(F)c(F)c3F)O5)C=[N+]2c2ccccc2)c(F)c1F,ClCCl,580.0
5071,CCCCCCCCCCCCCCCCOc1cc(C#Cc2ccc3ccccc3c2)c(OCCCCCCCCCCCCCCCC)cc1C#Cc1ccc(C=C(C#N)C#N)cc1,CCCCCC,480.0
3151,COc1nc(Cl)nc(Nc2ccc3c4c(cccc24)C(=O)c2ccccc2-3)n1,CC(C)O,570.1254276
11466,COC(=O)C(Cc1ccc2oc(-c3ccc4c(c3)c3ccccc3n4-c3ccccc3)nc2c1)NC(=O)OC(C)(C)C,CC(C)CO,385.000385
3799,Cc1cc2ccc(-c3cccc4cccc(-c5ccc6cc(C)c(=O)oc6c5)c34)cc2oc1=O,C1COCCO1,399.0
4022,C#CCN1C(=O)/C(=C/c2cc(OC(C)C)ccc2OC(C)C)N=C1C,CCOC(C)=O,475.0
1074,CCN(CC)c1cccc2c1ccc1c(=O)oc(-c3ccc(C(F)(F)F)cc3)cc12,ClC(Cl)Cl,542.0
8697,CC1(C)CCc2c(c3ccccc3c3nc4ccccc4nc23)O1,c1ccccc1,471.0315591
3438,CC1(C)CC(/C=C/c2ccc(N3CCOCCOCCOCCOCC3)cc2)=CC(=C(C#N)C#N)C1,C1CCOC1,623.0
9432,COC(=O)c1cc(=O)n(C)c2cc(-c3ccc4c(c3)OCO4)sc12,ClCCl,474.0
10953,CCc1ccc(/C=N/c2cc(C(C)C)c(O)cc2C)cc1,CC(C)(C)O,414.0
11299,Cc1cc(=O)oc2c3c4c(cc12)CCCN4CCC3,C1CCCCC1,407.0
2429,CCCCCCCCOc1ccc(/C=N/c2ccc3[nH]c(OCCCCCC)nc3c2)c(O)c1,ClC(Cl)Cl,506.0
246,CC1=C2c3ccccc3C(c3ccc[nH]3)=[N+]2[B-](F)(F)n2cccc21,CO,585.0
3815,O=C1/C(=C/C=C/c2cc3c4c(c2)CCCN4CCC3)CC/C1=C\C=C\c1cc2c3c(c1)CCCN3CCC2,CS(C)=O,740.0
5727,c1ccc(-n2c(-c3ccc(-c4ccc(-c5ccc(-c6nc7c8ccccc8c8ccccc8c7n6-c6ccccc6)cc5)cc4)cc3)nc3ccccc32)cc1,CCCCCC,404.0
3632,COC(=O)C(Cc1ccc2oc(-c3ccc(N(C)c4ccccc4)cc3)nc2c1)NC(=O)OC(C)(C)C,OC1CCCCC1,492.9994084
11294,CN(C)c1ccc(C#Cc2ccc3ccc4ccc(C#Cc5ccc(N(C)C)cc5)c5ccc2c3c45)cc1,CCCCCCO,531.8
2262,COc1ccc(C#Cc2c3ccccc3c(C#Cc3ccc(OC)cc3)c3cc4ccccc4cc23)cc1,ClCCl,576.0
2246,CCOC(=O)/C=C/c1ccc(N(C)C)cc1,O,485.0
835,Oc1cc(N(c2ccccc2)c2ccccc2)ccc1-c1nc2c3ccc(-c4ccccc4)cc3c3cc(-c4ccccc4)ccc3c2[nH]1,C1CCOC1,420.0
5064,CN(C)c1ccc2c(c1)C(=O)NC2=O,CC#N,490.0
432,C[Si](C)(C)c1ccc2ccc3cccc4ccc1c2c34,CO,376.0
5335,COC(=O)C(Cc1ccc2oc(-c3ccc4c(c3)c3ccccc3n4-c3ccccc3)nc2c1)NC(=O)OC(C)(C)C,CC(C)CC(C)(C)C,372.9951511
1173,Cc1cc(C)c(B(c2ccc(C#Cc3cc4ccc5cc(C#Cc6ccc(B(c7c(C)cc(C)cc7C)c7c(C)cc(C)cc7C)cc6)cc6ccc(c3)c4c56)cc2)c2c(C)cc(C)cc2C)c(C)c1,Cc1ccccc1,426.0
5714,N#Cc1cccc(N)c1C#N,CC#N,404.0
4656,CC1=N/C(=C\c2ccc(N(C)C)cc2)C(=O)N1C,CS(C)=O,490.0
12069,O=CN1N=C(c2ccc(Br)cc2)C[C@@H]1c1ccccc1,CS(C)=O,356.0
10743,O=Cc1cc2c(cc3ccc4cccc5ccc2c3c45)[nH]1,CCOC(C)=O,438.0
250,CC1=CC(/C=C/c2ccc([N+](C)(C)C)cc2)=[N+]2C1=C(c1ccc(C#CCO[C@@H]3O[C@H](CO)[C@@H](O)C(O)[C@H]3O)cc1)c1c(C)cc(/C=C/c3ccc([N+](C)(C)C)cc3)n1[B-]2(F)F,CC#N,629.0
5144,COc1ccc(-n2nc(C#N)c(NC3CCCCC3)n2)cc1,CN(C)C=O,408.0
11996,O=C(c1ccc(C(=C(c2ccccc2)c2ccccc2)c2ccccc2)cc1)c1ccc(-n2c3ccccc3c3ccccc32)cc1,C1CCOC1,496.0
9520,CCN(CC)c1ccc2cc(-c3csc(NC(C)=O)c3C#N)c(=O)oc2c1,Cc1ccccc1,448.0
8145,N#Cc1cc2ccccc2oc1=O,CS(C)=O,405.0
5379,COC(=O)C(Cc1ccc2oc(-c3ccc(N(c4ccccc4)c4ccccc4)cc3)nc2c1)NC(=O)OC(C)(C)C,C1COCCO1,436.7498821
3407,O=Cc1ccc(-c2ccc(O)c(-c3nc4ccccc4s3)c2)o1,ClCCl,553.0
2729,Cc1cc(C2=Cc3cccc[n+]3[B-](F)(F)O2)ccc1N(C)C,ClC(Cl)Cl,491.0
12139,CN(C)c1ccc2cc3c(cc2c1)OCCN=C3,CS(C)=O,447.0
433,O=C1NC(=O)/C(=C\c2ccccc2O)S1,O,480.0
9286,CCCCCC(=O)c1c2c(c(C(=O)CCCCC)c3c1OC1(CCCC1)O3)OC1(CCCC1)O2,CCCCCC,525.0
9287,CCCCCCC(CCCCCC)N1C(=O)c2cccc3c(-c4ccc(OC)cc4)ccc(c23)C1=O,CCCCCCCCCCCCCC,427.8
11136,O=C1C=Cc2cc3ccccc3c(=O)n21,ClC(Cl)Cl,410.0
11615,COc1ccc2cc(-c3ccc(C(F)(F)F)cc3)oc(=O)c2c1,CCCCCCCCO,410.0
7666,CCn1c2ccccc2c2cc(/C=C/c3cccc[n+]3CCCS(=O)(=O)[O-])ccc21,CC#N,565.0
5952,CC1(C)OB(c2cc3ccc4cc(B5OC(C)(C)C(C)(C)O5)cc5ccc(c2)c3c45)OC1(C)C,Cc1ccccc1,400.0
10696,CCOC(=O)c1[nH]c(C)c(/C=C/c2c(I)c(C)c3n2[B-](F)(F)[N+]2=C(C)C(I)=C(C)C2=C3c2cc(OC)cc(OC)c2)c1C,ClCCl,628.0
4002,CCCCC1(c2ccccc2)Nc2c(-c3ccc(N(C)c4ccccc4)cc3)ccc(-c3ccc(N(C)c4ccccc4)cc3)c2N=C1c1ccccc1,CCCCCC,553.0
8063,O=C1C=CC2=Cc3ccccc3B(O)N12,CO,416.0
1332,CC1=CC(C)=[N+]2C1=C(c1c(F)c(F)c(NCCCCNP(=O)(OC(C)C)OC(C)C)c(F)c1F)c1c(C)cc(C)n1[B-]2(F)F,C1CCOC1,527.0
7917,CN(C)c1ccc(-c2nc3c(c4c2-c2ccccc2CC4)-c2ccccc2CC3)cc1,CO,460.0
5434,COc1ccc2c(CC(=O)NN)coc2c1,ClCCl,402.0
5531,CCN(CC)c1ccc2c(C(F)(F)F)cc(=O)oc2c1,C1CCCCC1,433.0
1443,CCC1=C(C)C2=C(C)c3c(C)c(CC)c(C)n3[B-](F)(F)[N+]2=C1C,ClCCl,534.0
10562,O=c1c2ccccc2[nH]c2ccccc12,O,416.0
5206,O=Cc1ccc(-c2ccc(C3=CCCCC3)s2)s1,c1ccncc1,483.0
4310,CC(C)[Si]1(C(C)C)c2cc(C#N)ccc2-c2ccc(N(c3ccccc3)c3ccccc3)cc21,C1CCCCC1,413.0
4899,CN(C)c1ccc(/C=C/C=C2\CC/C(=C\c3ccc(N(C)C)cc3)C2=O)cc1,c1ccccc1,532.0
10009,CCN(CC)/C(C)=N\c1ccc2c3c(cccc13)C(=O)c1ccccc1-2,c1ccccc1,581.0
6384,CC(=O)Nc1ccc(S(=O)(=O)O)c(/N=N/c2c(O)c3ccccc3n(C)c2=O)c1,CCOC(C)=O,523.0
8287,CCC1=C(C)C2=C(c3c(C)cc(C)nc3-c3cccs3)c3c(C)c(CC)c(C)n3[B-](F)(F)[N+]2=C1C,C1CCOC1,551.0
9679,CC(C)(C)NC1=C2C=CC=[N+]2[B-](F)(F)n2cccc21,CC(C)=O,492.0
2569,c1ccc(-n2c(-c3ccc(-c4ccc5c(c4)C4(c6ccccc6-c6ccccc64)c4cc(-c6ccc(-c7nc8ccccc8n7-c7ccccc7)cc6)c6ccccc6c4-5)cc3)nc3ccccc32)cc1,ClC(Cl)Cl,440.0
10584,O=C(N/N=C/c1ccccc1O)c1ccc([N+](=O)[O-])cc1,ClCCl,393.0
4277,CC(C)Oc1ccc(C#Cc2ccc3ccc(=O)oc3c2)cc1,CC#N,470.0
3666,CN(C)c1cc2c(cc1F)c(=O)c1cc(F)c(N)cc1n2C,CCO,432.0
12089,COc1ccc(/C=N/c2cc(C(C)C)c(O)cc2C)cc1,ClCCl,413.0
2446,COc1ccc(-c2cc3c(ccc4sccc43)s2)cc1,ClCCl,379.0
5969,COc1cc(/C=C/c2cc(OC)c(-c3nc(-c4ccccc4)c(-c4ccccc4)[nH]3)cc2OC)c(OC)cc1/C=C/c1cc(OC)c(-c2nc(-c3ccccc3)c(-c3ccccc3)[nH]2)cc1OC,CN(C)C=O,512.0
3657,Cc1cc(C)c(C2=[N+]3C(=Cc4c(C)cc(C)n4[B-]3(F)F)c3ccccc32)[nH]1,CC#N,624.0
9891,CCCCCCC(CCCCCC)N1C(=O)c2cccc3c(-c4ccc(C#N)cc4)ccc(c23)C1=O,CCCCCCCCCCCCCC,410.8
3172,COc1ccc(-c2c3ccccc3c(C#Cc3ccccc3)c3cc4ccccc4cc23)cc1,ClCCl,550.0
1223,COC(=O)c1cc(=O)n(C)c2cc(-c3cccc(OC)c3)sc12,CC#N,463.0
10286,O=c1c(Nc2ccccc2)c([O-])c1=[NH+]c1ccccc1,CS(C)=O,504.0
4166,CCOC(=O)CN1C(=O)C2=C(c3ccc(N4CCCCC4)cc3)N(CC(=O)OCC)C(=O)C2=C1c1ccccc1,CC#N,587.0
544,COc1cc(OC)c(C2=C3C(C)=CC(C)=[N+]3[B-](F)(F)n3c(C)cc(C)c32)c(OC)c1,CO,515.0
1204,CC1=[N+]2C(=C(/C=C/c3ccc(C(F)(F)F)cc3)c3ccc(C)n3[B-]2(F)F)C=C1c1cc2n(c1)[B-](F)(F)[N+]1=CC=CC1=C2c1c(C)cc(C)cc1C,CCOC(C)=O,710.0
10365,Cc1ccc2oc(-c3cc4cc(C)ccc4oc3=O)cc2c1,O,498.0
6334,COc1cc(OC)cc(C2=C3C(C)=C(I)C(C)=[N+]3[B-](F)(F)n3c(/C=C/c4c[nH]c5ccc([N+](=O)[O-])cc45)c(I)c(C)c32)c1,CS(C)=O,651.0
11154,CCCOc1ccc(/C=C/C=C/C=C/c2ccc([N+](=O)[O-])cc2)cc1,CC1CCCCC1,488.0
2637,COc1cc(N(CC(=O)[O-])CC(=O)[O-])c2nc(COc3cc(C)ccc3N(CC(=O)[O-])CC(=O)[O-])ccc2c1,O,500.0
11872,c1ccc(C2c3ccccc3-c3cc4c(cc32)-c2ccccc2C4c2ccccc2)cc1,ClCCl,360.0
7613,CC1(C)c2ccccc2N(c2ccccc2)c2ccc(-c3nc(-c4ccccc4)nc(-c4ccccc4)n3)cc21,O=P(c1ccccc1)(c1ccccc1)c1ccccc1Oc1ccccc1P(=O)(c1ccccc1)c1ccccc1,452.0
10194,Cc1ccc(/C=N/c2cc(C(C)C)c(O)cc2C)cc1,ClC(Cl)Cl,415.0
7474,CC(C)=CCN1C(=O)c2cccc3c2c(cc2oc(C)nc23)C1=O,CCO,415.0
10685,CN(C)c1ccc(/C=C/C=C/c2nc3ccccc3s2)cc1,CCCCO,531.0
877,COc1ccc(-c2ccc(-c3ccc(OC)cc3)c3nc(-c4ccccc4)c(-c4ccccc4)nc23)cc1,C1CCOC1,504.0
9942,c1ccc(N2c3ccc4ccccc4c3-c3c4ccccc4nc[n+]3[B-]2(c2ccccc2)c2ccccc2)cc1,C1CCOC1,665.0
196,CCc1c(C)c2n(c1C)[B-](F)(F)[N+]1=C(c3ccc[nH]3)c3ccccc3C1=C2,C1CCOC1,631.0
11948,CCC1=C(C)C2=Cc3c(I)c(I)cn3[B-](F)(F)[N+]2=C1C,CO,541.5
3383,Cc1cccc2cc(-c3cc4cccc(C)c4oc3=O)oc12,CC#N,451.0
4379,O=C(NCc1ccccc1)c1sc(-c2ccc(-c3cc(C4CC4)c(C(=O)NCc4ccccc4)s3)s2)cc1C1CC1,ClCCl,448.0
9056,Cc1cccc(NC(=O)c2ccc(N(C)C)cc2)c1,CCOCC,498.0
9749,CCN(CC)c1ccc(OC)c(C=O)c1,ClCCl,538.0
2997,Cc1cc(=O)oc2cc3cc(O)ccc3cc12,CC#N,450.0
11784,CCCCCCCCCCCCC1(CCCCCCCCCCCC)c2cc(-c3ccc(C=C4C(=O)c5ccccc5C4=O)cc3)ccc2-c2ccc(-c3ccc(C=C4C(=O)c5ccccc5C4=O)cc3)cc21,Cc1ccccc1,490.0
2571,Fc1ccc(-c2nc3n(c2-c2ccncc2)CCS3)cc1,ClCCl,415.0
5905,CN(C)c1ccc(/C=C/C=C/C2=NC3C(=O)NC(N)=NC3N2[C@H]2C[C@H](O)[C@@H](CO)O2)cc1,CO,438.0
10573,N#Cc1ccc(C2=Cc3ccccc3P2(=O)c2ccccc2)cc1,ClCCl,426.0
11618,Cc1ccc(N(c2ccc(C)cc2)c2ccc3c4cccc5c(N(c6ccc(C)cc6)c6ccc(C)cc6)ccc(c6cccc2c63)c54)cc1,C1CCCCC1,546.0
11745,O=C(Nc1ccccc1[N+](=O)[O-])c1ccc2oc(-c3cc4ccccc4oc3=O)nc2c1,ClCCl,443.0
4969,O=C1OC(c2ccccc2)=N/C1=C\c1ccc(N(c2ccc(/C=C3\N=C(c4ccccc4)OC3=O)cc2)c2ccc(/C=C3/N=C(c4ccccc4)OC3=O)cc2)cc1,CC(C)=O,619.8
4711,CN(C)c1cccc2c1-c1ccccc1C2=O,CCO,700.0
4163,CCNc1ccc(NCC)c2c1C(=O)c1ccccc1C2=O,CN(C)C=O,680.0
5186,CC1(C)c2ccccc2N(c2ccc(-c3n[n+]4c(o3)-c3ccccc3O[B-]4(F)F)cc2)c2ccccc21,CCN(CC)CC,454.0
10265,CCCCN(CCCC)c1ccc(C#Cc2cc(C#Cc3ccc(C#N)cc3)c(C#Cc3ccc(N(CCCC)CCCC)cc3)cc2C#Cc2ccc(C#N)cc2)cc1,c1ccccc1,530.0
9212,CCN1/C(=C\C=C\C=C\C2=[N+](CC)c3ccc4ccccc4c3C2(C)C)C(C)(C)c2c1ccc1ccccc21,CC(C)=O,698.0
2682,CC(C)(C)c1ccc2c(c1)c1cc(C(C)(C)C)ccc1n2-c1ccc(C#Cc2ccccc2)cc1,ClCCl,410.0
6118,COc1cc(S(=O)(=O)[O-])c2ccc3c(S(=O)(=O)[O-])cc(S(=O)(=O)[O-])c4ccc1c2c43,CC1COC(=O)O1,404.7599773
2508,O=S(=O)(c1ccccc1)c1ccc(-n2c3ccccc3c3c2c2ccccc2n3-c2ccccc2)cc1,Cc1ccccc1,476.0
10211,N#Cc1c(-c2ccc([N+](=O)[O-])cc2)cc(-c2ccc([N+](=O)[O-])cc2)[nH]c1=O,CCOC(C)=O,486.0
1510,C(=C/c1ncc2ccccc2n1)\c1ccc(N(c2ccccc2)c2ccccc2)cc1,C1CCCCC1,449.0
4314,c1ccc(N2c3ccc4ccccc4c3-c3c4ccccc4nc[n+]3[B-]2(c2ccccc2)c2ccccc2)cc1,CC#N,677.0
10533,Cc1ccc(N(CC(=O)[O-])CC(=O)[O-])cc1OCCOc1cc(-c2cc3ccc(C(=O)[O-])cc3[nH]2)ccc1N(CC(=O)[O-])CC(=O)[O-],O,482.0
1244,Cc1ccc(/C(C#N)=C/c2cc(/C=C(\C#N)c3ccc(C)cc3)c(-c3ccc(N(c4ccccc4)c4ccccc4)cc3)cc2-c2ccc(N(c3ccccc3)c3ccccc3)cc2)cc1,ClCCl,552.0
10455,Cc1nnc(-c2ccc(-n3c4ccccc4c4ccccc43)cc2)o1,Cc1ccccc1,372.0
11751,CCC1=C(C)C2=Cc3cc(I)c(I)n3[B-](F)(F)[N+]2=C1C,OCC(F)(F)F,548.0
10802,CCCC(=O)c1c2c(c(C(=O)CCC)c3c1OC(CC(=O)OC)(C(=O)OC)O3)OCO2,ClCCl,529.0
4121,COCCOCCOCCOc1cc(C=O)c(OCCOCCOCCOC)cc1C=O,CC(C)O,481.0
4995,CCn1c2ccccc2c2cc(-c3cc(-c4ccc5c(c4)c4ccccc4n5CC)nc(S(C)(=O)=O)n3)ccc21,Cc1ccccc1,406.0
8890,CCN(CC)c1ccc2cc(/C=C(\C#N)c3nc4ccccc4o3)c(=O)oc2c1,CCOC(C)=O,570.0
6962,CC1(C)c2ccccc2N(c2ccc(-c3nnc(-c4ccc(-n5c6ccccc6c6ccccc65)cc4)o3)cc2)c2ccccc21,O=P(c1ccccc1)(c1ccccc1)c1ccccc1Oc1ccccc1P(=O)(c1ccccc1)c1ccccc1,479.0
10095,CCOC(=O)c1cc(C(=O)OCC)c2cc(N)ccc2n1,CCO,537.0
12001,CCOC(=O)C1c2ccccc2C(=O)N1c1ccccn1,CCCCCC,392.0
254,N#CC1=c2c3cccc4cccc(c43)n2[B-](F)(F)[n+]2ccccc21,CCCCCC,530.0
9247,Cc1ccc(N(c2ccc(C)cc2)c2ccc3c4cccc5c(N(c6ccc(C)cc6)c6ccc(C)cc6)ccc(c6cccc2c63)c54)cc1,Cc1ccccc1,548.0
4511,CCCCCCCCN1c2ccc(C#Cc3ccc(F)cc3)cc2Sc2cc(C=O)ccc21,CC#N,538.0
9526,CC1(C)c2ccccc2N(c2ccc(C(=C(C#N)C#N)c3ccc(N4c5ccccc5C(C)(C)c5ccccc54)cc3)cc2)c2ccccc21,Cc1ccccc1,649.0
5159,CN(C)c1ccc(-c2ccc3ncnc(Nc4ccccc4)c3c2)cc1,ClC(Cl)Cl,485.0
10117,c1ccc2c(c1)c1ccccc1n2-c1ccc2c(c1)c1ccccc1n2-c1cc2c3ccccc3n3c4ccccc4c(c1)c23,C1CCCCC1,391.8250951
759,O=C1NC(=O)c2c1c1c3ccccc3[nH]c1c1[nH]c3ccccc3c21,CN(C)C=O,503.0
654,Cn1c(=O)c(/N=N/c2cc(S(=O)(=O)O)ccc2S(=O)(=O)O)c(O)c2ccccc21,O,500.0
7600,CN1/C(=C/C=C(/C=C/c2sc3ccccc3[n+]2C)c2cccc(C(F)(F)F)c2)Sc2ccccc21,CCO,665.0
3401,CCN(CC)c1ccc(/C=C2\CC/C(=C\c3ccc(N(c4ccccc4)c4ccccc4)cc3)C2=C(C#N)C#N)cc1,CN(C)C=O,716.0
1420,CC(=O)OC[C@H]1O[C@@H](OCC#Cc2ccc(C3=C4C(C)=CC(/C=C/c5ccc(N(C)C)cc5)=[N+]4[B-](F)(F)n4c(/C=C/c5ccc(N(C)C)cc5)cc(C)c43)cc2)[C@H](OC(C)=O)C(OC(C)=O)[C@@H]1OC(C)=O,CC#N,769.0
3044,O=C(/C=C/c1ccc(O)c(O)c1)O[C@H](Cc1ccc(O)c(O)c1)C(=O)O,CCO,417.0
2830,CN(C)CCNCc1c2ccccc2cc2ccccc12,CC#N,389.0
8292,Cc1ccc(-n2c(-c3ccc(C(F)(F)F)cc3)nc(-c3ccccc3O)c2-c2ccccc2O)cc1,CCCCCC,382.0
328,O=c1[nH]c2ccccc2[nH]1,CCCO,310.00062
253,CCCCCCN(CCCCCC)c1ccc(C#Cc2ccc(C(F)(F)F)cc2)cc1,CO,456.0
7658,CC1(C)c2ccccc2N(c2ccc3c(c2)c2cc(N4c5ccccc5C(C)(C)c5ccccc54)cc4c5ccccc5n3c42)c2ccccc21,C1CCCCC1,427.5665399
6098,Cc1cccc2cc3c(=O)n(C)c(=O)n(C)c3nc12,ClCCl,417.0
4377,CC[N+]1(CC)CN2C(C)=CC(C)=C(C(=O)[O-])C2=N1,CN(C)C=O,453.0
5092,O=C1OC(c2ccccc2)=N/C1=C\c1ccc(N(c2ccc(/C=C3\N=C(c4ccccc4)OC3=O)cc2)c2ccc(/C=C3/N=C(c4ccccc4)OC3=O)cc2)cc1,CCCCC,504.0
3019,F[B-]1(F)n2cccc2C(c2ccccc2)=C2C=CC(N3CCOCC3)=[N+]21,CCOC(C)=O,547.0
3029,C(=C/c1ccc(N(c2ccccc2)c2ccccc2)cc1)\c1ccc(-c2cc(-c3ccccn3)nc(-c3ccccn3)c2)cc1,C1COCCO1,466.0
2636,CC[N+](CC)=c1ccc2c(-c3ccccc3C(=O)O)c3c(=O)oc4c5c6c(cc4c3oc-2c1)CCCN6CCC5,O,684.0
11479,Fc1c(F)c(F)c2c(c1F)C1=Nc3c4c(F)c(F)c(F)c(F)c4c4n3[B-]3(Cl)n5c(c6c(F)c(F)c(F)c(F)c6c5=N4)=NC2=[N+]13,CS(C)=O,590.0
6765,CN(C)c1ccc(/C=C2\CC/C(=C\c3ccc(C#N)cc3)C2=O)cc1,O=C1CCCC1,678.0
3018,CC1(C)CCc2c(c3ccccc3c3nc4c(nc23)c2c(c3ccccc34)OC(C)(C)CC2)O1,c1ccccc1,441.6961131
2945,C[n+]1ccc(/C=C/c2ccc([O-])cc2)cc1,CO,576.0
3659,O=c1oc2ccccc2cc1-c1nc2ccccc2o1,CC(C)CO,445.0
8681,Cc1ccccc1C1=C2C=c3c(oc4ccccc34)=[N+]2[B-](F)(F)n2c1cc1c3ccccc3oc12,C1CCCCC1,595.5
7349,NS(=O)(=O)c1ccc(N2N=C(c3ccc(O)cc3)CC2c2ccc(Cl)cc2)cc1,CS(C)=O,424.0
8023,O=C1OC(c2ccccc2)=N/C1=C\c1ccc(N(c2ccccc2)c2ccccc2)cc1,CN(C)C=O,627.0
2663,COc1ccc(/C=C/c2ccc(-c3nnc(-c4ccc(-c5cc6ccccc6s5)cc4)o3)cc2)cc1,CCCO,438.0
6517,COc1ccc(/C=C/C2=[O+][B-](F)(F)OC(/C=C/c3ccc(OC)c4ccccc34)=C2c2ccccc2)c2ccccc12,CCOCC,583.0
1362,COCCOCCOc1cc(C=O)c(OCCOCCOC)cc1C=O,O,496.0
11488,COc1ccc(C#Cc2ccc(C#Cc3ccc(P(=O)(c4ccccc4)c4ccccc4)cc3)cc2)cc1,CS(C)=O,434.0
3481,OCc1cc(/N=N\c2ccc(-c3ccc4ccccc4c3)cc2F)ccc1O,CS(C)=O,430.0
11810,CCC1=C(C)C2=C(C)c3cccn3[B-](F)(F)[N+]2=C1C,CO,512.5
8991,CN(C)c1cc(C#N)c(N(C)C)c(C#N)c1,CCC(C)C,493.5834156
10383,N#CC(C#N)=C(/C=C/c1ccc(N(c2ccccc2)c2ccccc2)cc1)c1ccccc1,CC(C)=O,652.0
7457,CNCCCN1c2ccccc2CCc2ccccc21,CO,356.0
5350,C(#Cc1ccccc1)c1ccccc1,ClC(Cl)Cl,320.0
7853,Cc1nc2c(c[n+]1C)CN1C(=O)N([C@H]3O[C@@H](CO)[C@H](O)[C@@H]3O)C=CC1=N2,CCO,417.0
8299,Fc1c(F)c(F)c2c(c1F)C1=Nc3c4c(F)c(F)c(F)c(F)c4c4n3[B-]3(Cl)n5c(c6c(F)c(F)c(F)c(F)c6c5=N4)=NC2=[N+]13,CO,586.0
2880,COC(=O)/C=C/C=C/c1ccc(N(C)C)cc1,CCO,435.0
3381,CCCCn1c2ccc(C#N)cc2c2cc(C#N)cc(-c3ccc(N(c4ccccc4)c4ccccc4)cc3)c21,ClCCl,447.0
1302,CC1=c2cc3c(C)c4n(c3cc2=[N+]2C1=Cc1c3ccccc3c(C)n1[B-]2(F)F)[B-](F)(F)[N+]1=C(C)c2ccccc2C1=C4,ClC(Cl)Cl,781.0
6302,CC(C)(C)c1ccc(-c2nc3c4ccccc4c4ccccc4c3n2-c2ccc(C(C)(C)C)cc2)cc1,CN(C)C=O,391.0
4957,CC(C)(C)c1ccc(-c2nc3c4ccc(-c5ccc6ccc7cccc8ccc5c6c78)cc4c4cc(-c5ccc6ccc7cccc8ccc5c6c78)ccc4c3n2-c2ccc(C(C)(C)C)cc2)cc1,C1CCOC1,442.0
4836,COc1ccc(-c2nc(-c3ccccc3O)c(-c3ccccc3O)n2-c2ccc(C)cc2)cc1,C1CCOC1,357.0
6152,Nc1ccc2c(-c3ccccc3C(=O)[O-])c3ccc(=[NH2+])cc-3oc2c1,O,523.0
7447,CC1=[N+]2C(=C(c3ccc(-c4c5ccccc5c(-c5ccccc5)c5ccccc45)cc3)c3ccc(C)n3[B-]2(F)F)C=C1,CCO,526.0
7090,COc1cccc(C2=c3c(c4ccc(C(C)(C)C)cc4c4cc(C(C)(C)C)ccc34)=[N+]3C2=C(c2ccccc2)c2c(-c4cccc(OC)c4)c4c5ccc(C(C)(C)C)cc5c5cc(C(C)(C)C)ccc5c4n2[B-]3(F)F)c1,C1CCCCC1,727.0
11160,COC(=O)c1ccc(C#Cc2ccc(N(C)C)cc2)cc1,CCOCC,458.5052728
942,CC1=C(C(C)(C)C)C(C)=[N+]2C1=C(C)c1c(C)c(C(C)(C)C)c(C)n1[B-]2(F)F,OCC(F)(F)F,561.2
3235,COC(=O)C(Cc1ccc2oc(-c3ccc(N(C)c4ccccc4)cc3)nc2c1)NC(=O)OC(C)(C)C,CCCCCCCCCC,404.498018
3257,O=C1c2ccc(N(c3ccc(-c4ccccc4)cc3)c3ccc(-c4ccccc4)cc3)cc2C(=O)c2ccc(N(c3ccc(-c4ccccc4)cc3)c3ccc(-c4ccccc4)cc3)cc21,c1ccc2c(c1)c1ccccc1n2-c1ccc(-c2ccc(-n3c4ccccc4c4ccccc43)cc2)cc1,603.0
9284,CC1(C)c2ccccc2N(c2ccc3c(c2)C(=O)c2ccc(N4c5ccccc5C(C)(C)c5ccccc54)cc2C3=O)c2ccccc21,Cc1ccccc1,662.0
9079,COc1ccc(/C=C/c2cc(/C=C/c3ccc(OC)cc3)nc(/C=C/c3ccc(OC)cc3)n2)cc1,CC(C)=O,440.0
176,c1ccc(-c2cc(-c3ccc(-c4nc(-c5ccccn5)c(-c5ccccn5)[nH]4)cc3)cc(-c3ccccn3)n2)nc1,CS(C)=O,467.0
435,CCN(CC)c1ccc2cc(-c3cn4cc(OC)ccc4n3)c(=O)oc2c1,ClC(Cl)Cl,478.0
7803,CC1=[N+]2C(=C(c3c4ccccc4cc4ccccc34)c3ccc(C)n3[B-]2(F)F)C=C1,CN(C)C=O,531.0
308,CN(CCO)c1ccc(/C=C/C2=C(C#N)C(C(C#N)C#N)OC2(C)C)cc1,CCOC(C)=O,628.0
1565,O=P1(c2ccccc2)C2=C(c3ccccc31)[Si](c1ccccc1)(c1ccccc1)c1cc(N(c3ccccc3)c3ccccc3)ccc12,Cc1ccccc1,558.0
3964,COCc1ncc(-c2c3ccccc3c(-c3cnc(COC)nc3)c3ccccc23)cn1,CCO,420.0
2135,CCCCCCc1ccc(-n2c3[n+](c4c5ccccc5c5ccccc5c42)[B-](C)(C)c2cc(-n4c5ccccc5c5ccccc54)ccc2-3)cc1,Cc1ccccc1,410.0
7255,Brc1ccc2cc3c4ccccc4nc(-c4ccco4)c3n2c1,CS(C)=O,487.0
10758,CCC1=C(C)C2=Cc3cc(I)cn3[B-](F)(F)[N+]2=C1C,C1CCCCC1,538.5
4977,Clc1nc(Cl)nc(Nc2ccc3c4cccc5cccc(c6cccc2c63)c54)n1,CCOC(C)=O,469.0
6595,Cc1cccc(C)c1Nc1ccc(/C=C/c2ccc3ccccc3c2)cc1,CC#N,450.0
10029,COc1ccc(/C=C/C2=N/C(=C\c3ccncc3)C(=O)N2C)cc1,CCO,570.0
595,c1ccc2c(-c3ccc(-n4c5ccccc5c5ccccc54)cc3)c3c(nc2c1)-c1cc2c(cc1CC3)-c1nc3ccccc3c(-c3ccc(-n4c5ccccc5c5ccccc54)cc3)c1CC2,ClC(Cl)Cl,385.0
10637,N#Cc1cc2ccccc2oc1=N,C1CCOC1,409.0
4625,CC1=CC(C)=[N+]2C1=C(c1ccc(N(C)C)cc1)c1c(C)cc(C)n1[B-]2(F)F,CCOC(C)=O,510.0
8380,COc1ccc2c3c(cccc13)C(=O)c1ccccc1-2,CCOC(C)=O,506.0728745
10614,Cc1c(C)c(-c2cccnc2)c(C)c(C)c1B(c1c(C)c(C)c(-c2cccnc2)c(C)c1C)c1c(C)c(C)c(-c2cccnc2)c(C)c1C,ClCCl,403.0
2623,CC/[NH+]=c1\cc2oc3cc(NCCN)c4ccccc4c3nc-2cc1C,CCO,647.0
4572,N#CC(C#N)=Cc1cn(-c2ccccc2)nc1-c1ccccc1,Cc1ccccc1,430.0
9298,COc1ccc2c(c1)-c1ccccc1C2=O,CCO,549.0
11515,CCCCCCc1ccc2c3c(ccc2c1)O[B-](F)(F)[N+](c1ccc([N+]2=Cc4c(ccc5cc(CCCCCC)ccc45)O[B-]2(F)F)cc1)=C3,CC#N,502.0
231,CCCCC(CC)CN1C(=O)C2=C(c3ccc(-c4ccc(C5=C6C(C)=CC(C)=[N+]6[B-](F)(F)n6c(C)cc(C)c65)cc4)s3)N(CC(CC)CCCC)C(=O)C2=C1c1cccs1,Cc1ccccc1,623.0
179,CN(C)c1ccc(/C=C/c2cc[n+](CCCOCC(COCCC[n+]3ccc(/C=C/c4ccc(N(C)C)cc4)cc3)(COCCC[n+]3ccc(/C=C/c4ccc(N(C)C)cc4)cc3)COCCC[n+]3ccc(/C=C/c4ccc(N(C)C)cc4)cc3)cc2)cc1,ClC(Cl)Cl,585.0
737,CCCCCCCCCCCCOc1cc2cc(N(C)C)ccc2cc1C=C(C#N)C#N,CCO,610.0
11786,Cc1nn(-c2ccccc2)c(C2=NN(c3ccc(Br)cc3)[C@@H](c3ccccc3)[C@@H]2c2ccccc2)c1C#N,C1CCCCC1,468.0
5851,CCCCCCCCCCc1csc(/C=N/c2sc(/N=C/c3cc(CCCCCCCCCC)cs3)c(C(=O)OCC)c2C(=O)OCC)c1,CC#N,529.0
8982,N#C/C=C/c1ccc2ccc3cccc4ccc1c2c34,C=CC#N,439.5
7712,C(=C/c1cc[n+](Cc2ccccc2)cc1)\c1cc[n+](Cc2ccccc2)cc1,CC#N,426.0
9513,Cc1nn(-c2ccccc2)c(C2=NN(c3ccc(Br)cc3)[C@@H](c3ccccc3)[C@@H]2c2ccccc2)c1C#N,CC#N,491.0
7728,COc1ccc(C2C3=C(CCCC3=O)Nc3c2c(=O)oc2ccccc32)cc1,CS(C)=O,441.0
5859,CN(C)c1ccc(/C=C/c2cc[n+](CCCOCC(COCCC[n+]3ccc(/C=C/c4ccc(N(C)C)cc4)cc3)(COCCC[n+]3ccc(/C=C/c4ccc(N(C)C)cc4)cc3)COCCC[n+]3ccc(/C=C/c4ccc(N(C)C)cc4)cc3)cc2)cc1,CC(C)O,600.0
1321,c1ccc(-c2nn(-c3ccccc3)c3nc4ccc(N(c5ccccc5)c5ccccc5)cc4cc23)cc1,CCCCOCCCC,498.7531172
1995,COc1ccc(-c2csc(/C(C#N)=C/c3ccc(C#N)cc3)n2)cc1,CCO,555.0
6408,c1cc2ccc3ccc(-c4ccc(-c5nnc(-c6ccc(-c7nnc(-c8ccc(-c9ccc%10ccc%11cccc%12ccc9c%10c%11%12)s8)o7)cc6)o5)s4)c4ccc(c1)c2c34,CCCCCCCCCCO,418.0
5519,CCCCCCOc1ccc(C#Cc2ccc(C#Cc3ccc(OCCCCCC)c(OCCCCCC)c3)c3nsnc23)cc1OCCCCCC,CN(C)C=O,600.0
9059,Cn1c2ccccc2[c+](-c2ccccc2)c2cc([N+](=O)[O-])ccc21,CC#N,433.5
10305,Cc1cc(C)c(B(c2c(C)cc(C)cc2C)c2cc3ccc4ccccc4c3c3c2ccc2ccccc23)c(C)c1,c1ccccc1,444.0
800,CCN(CC)c1ccc2cc(-c3csc(N)c3C#N)c(=O)oc2c1,Cc1ccccc1,447.0
9512,COC1=[N+]2C(=C(c3ccccc3)c3ccc(OC)n3[B-]2(F)F)C=C1SC#N,CC#N,539.0
2086,CN(C)c1ccc(C#Cc2cc(C#Cc3ccc(N(C)C)cc3)c3ccc4c(C#Cc5ccc(N(C)C)cc5)cc(C#Cc5ccc(N(C)C)cc5)c5ccc2c3c54)cc1,ClCCl,562.0
7436,CC(C)(C)C1Nc2c(Br)cc(Br)cc2C(=O)N1Cc1ccccc1,CO,447.0
69,C[N+]1=C(/C=C/C=C2/N(CCC[N+](C)(C)C)c3ccc(Br)cc3C2(C)C)C(C)(C)c2ccccc21,CS(C)=O,568.0
6412,CCOC(=O)C(C(=O)OCC)C1=[N+]2C(=C(c3ccc(C)cc3)c3ccc(Cl)n3[B-]2(F)F)C=C1,Cc1ccccc1,527.0
8304,COc1ccc(-c2csc(/C(C#N)=C/c3ccncc3)n2)cc1,CCO,559.0
5170,COC(=O)C(Cc1ccc2oc(-c3ccc(N(C)c4ccccc4)cc3)nc2c1)NC(=O)OC(C)(C)C,CCCCCO,454.504136
1680,CC1(C)c2ccccc2N(c2ccc(-c3ccc4c(c3)C(=O)c3ccc(-c5ccc(N6c7ccccc7C(C)(C)c7ccccc76)cc5)cc3C4=O)cc2)c2ccccc21,c1ccc2c(c1)c1ccccc1n2-c1ccc(-c2ccc(-n3c4ccccc4c4ccccc43)cc2)cc1,564.0
377,C(#Cc1cccc(C#Cc2ccc(-n3c4ccccc4c4ccccc43)cc2)c1)c1ccc(-n2c3ccccc3c3ccccc32)cc1,ClCCl,394.0
1469,N#Cc1cnc(-c2c3ccccc3c(-c3ncc(C#N)cn3)c3ccccc23)nc1,CCO,503.0
2603,CN1/C(=C/C=C(/C=C/c2sc3ccccc3[n+]2C)c2cc(F)cc(F)c2)Sc2ccccc21,CS(C)=O,675.0
4181,CCOC(=O)C(C(=O)OCC)C1=[N+]2C(=C(c3ccc(C)cc3)c3ccc(C(C(=O)OCC)C(=O)OCC)n3[B-]2(F)F)C=C1,ClC(Cl)Cl,527.0
9657,CN(C)c1cc2oc3cc(N(C)C)c(F)cc3c(=O)c2cc1F,CCO,446.0
4505,CCn1c2ccccc2c2cc(-c3cc(-c4ccc5c(c4)c4ccccc4n5CC)nc(N4CCCCC4)n3)ccc21,Cc1ccccc1,406.0
8049,c1ccc(-c2nc(-c3ccc(N4CCCC4)cc3)cc(-c3ccc4ccccc4c3)n2)cc1,ClC(Cl)Cl,498.0
4230,CC(C)(C)c1cc2c(c(C(C)(C)C)c1)O[B-](F)(F)[n+]1c-2nc(-c2ccccc2)c2ccccc21,Cc1ccccc1,565.0
3091,CC(C)(C)c1ccc(-c2nc3c4ccc(-c5cc6ccccc6c6ccccc56)cc4c4cc(-c5cc6ccccc6c6ccccc56)ccc4c3n2-c2ccc(C(C)(C)C)cc2)cc1,CCOCC,384.0
2726,c1ccc(-c2c3ccccc3c(-c3ccc4ccccc4c3)c3ccccc23)nc1,ClCCl,431.0
477,CCOC(=O)CN1C(=O)C2=C(c3ccccc3)N(CC(=O)OCC)C(=O)C2=C1c1ccccc1,Cc1ccccc1,520.0
1329,COc1ccc2cc(C(C)C(=O)Oc3ccc(-c4c5nc(c(-c6ccc(C)cc6)c6ccc([nH]6)c(-c6ccc(C)cc6)c6nc(c(-c7ccc(C)cc7)c7ccc4[nH]7)C=C6)C=C5)cc3)ccc2c1,ClCCl,654.0
2283,CC(C)(C)c1ccc2oc3nc4oc5ccc(N(c6ccccc6)c6ccccc6)cc5c4cc3c2c1,ClC(Cl)Cl,379.0
3732,c1ccc(-c2nc(-c3ccccc3)nc(-c3ccc(-n4c5ccc(-c6ccc7oc8ccccc8c7c6)cc5c5cc(-c6ccc7oc8ccccc8c7c6)ccc54)cc3)n2)cc1,Cc1ccccc1,437.0
11827,CCN(CC)c1ccc2cc(-c3ccc(C(F)(F)F)cc3)oc(=O)c2c1,CCO,471.0
751,CN(C)c1ccc(-c2ccc3n2[B-](F)(F)[N+]2=C(c4ccccc4)C=CC2=C3C(F)(F)F)cc1,CCCCO,745.0
6148,C#CCNC1=C2C=CC=[N+]2[B-](F)(F)n2cccc21,CS(C)=O,463.0
8400,CCC1(CC)c2ccccc2-c2ccc(C#Cc3ccc4ccc5cccc6ccc3c4c56)cc21,CN(C)C=O,412.0
873,CC1=CC(C)=[N+]2C1=C(c1ccc(N3CCOCC3)cc1)c1c(C)cc(C)n1[B-]2(F)F,CCCCCC,511.0
11145,CCCCCN(c1ccccc1)c1ccc2c(c1)C(CC)(CC)c1cc(/C=C/c3ccc(/C=C(\C#N)C(=O)O)s3)ccc1-2,CS(C)=O,517.0
11496,CN(C)c1ccc(C=C/C=C/C=C/c2ccc(C#N)cc2)cc1,CCO,637.0
11075,C1=C2c3cc4ccccc4cc3C3=[N+]2[B-]2(Oc4ccccc43)Oc3ccccc3-c3c4cc5ccccc5cc4c1n32,C1CCOC1,832.0
4564,Cc1cc(C)c(B(c2ccccc2N(c2ccccc2)c2ccccc2)c2c(C)cc(C)cc2C)c(C)c1,Cc1ccccc1,498.0
1545,OCC1O[C@@H](Cc2cc(O)cc(/C=C/c3ccc(O)c(O)c3)c2)[C@H](O)[C@@H](O)[C@@H]1O,CC#N,387.0
739,F[B-]1(F)n2c(c3cccc4cccc2c43)=Nc2ccc3ccccc3[n+]21,C1CCOC1,508.0
10493,Cc1ccc(-c2cnc3nn4ccccc4c3c2)cc1,C1CCOC1,418.0
2683,O=Cc1ccc(C2=C3C=c4c(oc5ccccc45)=[N+]3[B-](F)(F)n3c2cc2c4ccccc4oc23)cc1,CO,609.5
9405,CCNc1cc2oc(=O)c3c(=O)oc4ccccc4c3c2cc1C,CS(C)=O,552.0
11167,Cc1c2ccncc2c(C)c2c1[nH]c1ccccc12,CN(C)C=O,425.0
5121,CCOC(=O)/C(C#N)=C(\C=C\c1ccc(N(c2ccccc2)c2ccc(/C=C/C(=C(/C#N)C(=O)OCC)c3ccccc3)cc2)cc1)c1ccccc1,CO,628.0
8114,COc1ccc2c(c1)SC1=Nc3sc4cc(OC)ccc4[n+]3CN12,CO,470.0
3518,CCCCCCN1C(=O)c2cccc3c(-c4ccc(-c5cc(-c6ccc(OC)cc6)n(-c6ccccc6)n5)s4)ccc(c23)C1=O,ClCCl,521.0
5364,COc1ccc(-c2c3ccccc3c3n2[B-](F)(F)[N+]2=Cc4c5ccccc5c(-c5ccc(OC)cc5)n4[B-](F)(F)[N+]2=C3)cc1,CCCCCC,607.0
2354,Cn1c(=O)c(/N=N/c2ccc(Nc3ccccc3)c(S(=O)(=O)O)c2)c(O)c2ccccc21,O,540.0
10345,COc1cccc(-n2c(-c3ccc(O)cc3)nc(C)c2C)c1,C1COCCO1,368.0
5787,COc1ccc(-c2ccc(-c3ccc(C#N)s3)s2)cc1,O,529.0
773,Cc1ccccc1N1c2sc3ccccc3c2Sc2sc3ccccc3c21,ClCCl,564.0
5589,Cc1cc(O)c(C(C)C)cc1/N=C/c1ccc(O)cc1,O,452.0
10800,CC(=O)c1c2c(cc3c(N(C)C)cccc13)CCC2,C1CCCCC1,480.0
5200,N#C[Se]CCCCCOc1ccc2ccc(=O)oc2c1,CO,391.0
9698,CC1(C)c2ccccc2N(c2ccc3c(c2)c2cc(N4c5ccccc5C(C)(C)c5ccccc54)cc4c5ccccc5n3c42)c2ccccc21,C1CCOC1,481.9391635
641,Cc1ccc(OCc2cc(=O)oc3c2ccc2ccccc23)cc1,CCOC(C)=O,422.0
7621,COC(=O)CN1C(=O)c2cc3ccc(N(C)C)cc3cc2C1=O,CC(C)=O,532.0
6800,CC(C)[Si]1(C(C)C)c2cc(C#N)ccc2-c2ccc(N(c3ccccc3)c3ccccc3)cc21,CCOCC,436.0
6187,CC1(C)C(/C=C/C2=C(c3ccc(C(=O)O)cc3)/C(=C/C=C3/N(CCCCS(=O)(=O)[O-])c4ccccc4C3(C)C)CCC2)=[N+](CCCCS(=O)(=O)[O-])c2ccccc21,CO,780.0
8034,O=C1c2cccc3cc4ccccc4c(c23)C(=O)N1Cc1ccccn1,ClCCl,490.0
4309,CCCCCCCCCc1c2ccccc2cc2c1oc1c3oc4c5oc6cc7ccccc7cc6c5c5ccccc5c4c3c3ccccc3c21,C1CCOC1,428.0
5204,CNc1ccc2c(c1)-c1ccccc1C2=O,c1ccccc1,509.0
865,COc1cc2c(cc1OC)C1=C[C@H](c3ccc(Cl)cc3)C3(C(C#N)=C(C#N)N1CC2)c1cc(Cl)ccc1-c1ccc(Cl)cc13,ClCCl,406.0
9193,Cc1cc(=O)oc2cc3cc(O)ccc3cc12,CCO,466.0
11732,CC[N+]1(CC)CN2C(=N1)C(C(=O)O)=Cc1cc(C)c(C)cc12,O,466.0
7410,Oc1c(-c2nc3c4ccc(-c5ccccc5)cc4c4cc(-c5ccccc5)ccc4c3[nH]2)ccc2c1c1ccccc1n2-c1ccccc1,CC#N,498.0
12124,Cc1cccc(Nc2ccccc2C(=O)O)c1C,CN(C)C=O,385.0
10640,CN(C)c1ccc(C2=Cc3cccc[n+]3[B-](F)(F)O2)cc1,C1CCOC1,499.0
11224,CN(C)c1ccc2nc3c(cc2c1)c(-c1ccccc1)nn3-c1ccccc1,CCCCOCCCC,498.7531172
8248,N#Cc1cccc2cc[nH]c12,CO,387.0
962,CCN1/C(=C\C2=C([O-])/C(=C/C3=[N+](CC)c4c(ccc5ccc(C)nc45)C3(C)C)C2=O)C(C)(C)c2ccc3ccc(C)nc3c21,CN(C)C=O,705.0
9095,COc1cc2cc(OC)c(C#Cc3ccc([N+](=O)[O-])cc3)cc2cc1C#Cc1ccc([N+](=O)[O-])cc1,ClC(Cl)Cl,577.0
8260,C1=CC2=CC=CC3C=c4c(cc5cccc6cccc4c65)C(=C1)C23,ClCCl,574.0
12119,CCCCC1(CCCC)c2cc(C#Cc3ccc4ccc5cccc6ccc3c4c56)ccc2-c2ccc(C#Cc3ccc4ccc5cccc6ccc3c4c56)cc21,CCOC(C)=O,433.0
5576,Cc1cc(C)c(B(c2c(C)cc(C)cc2C)c2cc3ccc4ccccc4c3c3c2ccc2ccccc23)c(C)c1,C1CCCCC1,436.0
3309,CCn1c2ccccc2c2ccc(C#N)cc21,C1CCCCC1,373.0
2166,COc1ccccc1-c1nc(-c2ccc(C(F)(F)F)cc2)n(-c2ccc(C)cc2)c1-c1ccccc1OC,CS(C)=O,440.0
363,CN(C)c1ccc(C2=Nc3sc4ccccc4[n+]3[B-](F)(F)O2)cc1,CC(C)=O,482.0
3723,c1ccc2c(c1)-c1ccccc1C21c2ccccc2-c2ncccc21,CC1CCCO1,333.0
2825,Cc1cccc2nc3[nH]c(=O)[nH]c(=O)c3nc12,CC#N,452.0
7157,O=C1Nc2ccccc2/C1=C/C(=O)c1ccc(Cl)cc1,O,410.0
3597,CCOC(=O)C1=CN(c2ccccc2)C=C(C(=O)OCC)C1c1ccccc1,CO,426.0
4726,O=C1Nc2ccccc2/C1=C/C(=O)c1ccc(Cl)cc1,CC(C)O,404.0
546,Oc1ccc(/N=C/c2ccccc2Oc2ccccc2)cc1,CCOC(C)=O,412.0
2940,COC(=O)C(Cc1ccc2oc(-c3ccc(N(C)C)cc3)nc2c1)NC(=O)OC(C)(C)C,CC1COC(=O)O1,404.0077569
471,CCN(CC)c1ccc2n1[B-](F)(F)[N+]1=CC(/C=C/C(=O)OC(C)(C)C)=CC1=C2c1c(C)cc(C)cc1C,ClCCl,571.0
1641,CCN(CC)c1ccc(/C=N/CC/N=C/c2ccc(N(CC)CC)cc2O)c(O)c1,CN(C)C=O,433.0
11255,COc1cc(OC)c2ccc(=O)oc2c1,CO,432.0
3338,C(=C/c1cc(/C=C/c2ccc(-n3c4ccccc4c4ccccc43)cc2)cc(/C=C/c2ccc(-n3c4ccccc4c4ccccc43)cc2)c1)\c1ccc(-n2c3ccccc3c3ccccc32)cc1,ClCCl,419.0
5516,Cc1ccc(/C2=c3\cc/c(o3)=C(\c3ccc(C)cc3)c3ccc([nH]3)-c3ccc4n3[B-](F)(F)[N+]3=C(C=CC3=C4c3ccc[nH]3)c3ccc2[nH]3)cc1,ClC(Cl)Cl,729.0
1172,CC1=[N+]2C(=C(c3ccc(N4CCOCC4)cc3)c3ccc(C)n3[B-]2(F)F)C=C1,CC(C)=O,517.0
7199,c1ccc(C2CCN3COc4c5ccccc5c5c6c7c(c2c3c46)C(c2ccccc2)CCN7CO5)cc1,CS(C)=O,618.0
5273,FC(F)(F)c1ccc(-c2nc(-c3ccc(C(F)(F)F)cc3)n3ccccc23)cc1,ClC(Cl)Cl,480.0
5376,Cc1cccc2[n+]1[B-](F)(F)n1c(c3cccc4cccc1c43)=N2,CC#N,495.0
10530,Cc1nc2cc(/C=C/c3ccc(N(C)C)cc3)ccc2nc1-c1ccccc1,ClCCl,596.0
7201,O=[N+]([O-])c1ccc(/C=C/c2c[nH]c3ccccc23)cc1,O,552.0
6884,Nc1cc(N)cc(-c2nc3ccccc3s2)c1,CCOC(C)=O,468.0
6627,COc1ccc(-c2cc3c(s2)c(C)cc(=O)n3C)cc1,ClCCl,427.0
8250,CCNc1ccc(NCC)c2c1C(=O)c1ccccc1C2=O,CCCCO,670.0
10483,CCC1=C(C)C2=C(C)c3c(C)c(CC)c(C)n3[B-](F)(F)[N+]2=C1C,CCCCCCCCCCO,534.8
1410,N#CC(C#N)=C(/C=C/c1cn(-c2ccccc2)nc1-c1ccccc1)c1ccccc1,CCOC(C)=O,487.0
7261,COc1ccccc1C1=[N+]2C(=C(c3ccc(I)cc3)c3ccc(-c4ccccc4OC)n3[B-]2(F)F)C=C1,ClC(Cl)Cl,597.5
6507,CN(C)c1ccc2cc(C(/C=C/c3c[nH]c4ccccc34)=C(C#N)C#N)c(=O)oc2c1,C1CCOC1,576.0
5587,CN(C)c1cc(C#N)c(N(C)C)c(C#N)c1,CCCCCCCCO,523.2862376
9123,Oc1ccccc1/C=N/CC/N=C/c1ccccc1O,CC#N,461.0
2694,O=CC1=Cc2c(-c3ccccc3)oc(-c3ccccc3)c2C=C(C=O)C1,Cc1ccccc1,448.0
815,COCCOCCOc1cc(C=O)c(OCCOCCOC)cc1C=O,CN(C)C=O,466.0
2131,Nc1cccc2ncccc12,CC#N,480.0
1797,N#CSC1=CC2=C(c3ccccc3)c3ccc(N4CCOCC4)n3[B-](F)(F)[N+]2=C1N1CCOCC1,CCCCCC,599.0
4575,CN(C)c1ccc(C#Cc2ccc(C#N)cc2)cc1,CCOC(C)=O,481.9973972
5190,F[B-]1(F)OC(c2ccccc2)=Nc2sc(-c3ccccc3)n[n+]21,CN(C)C=O,419.0
3122,CN(C)c1ccc(C#Cc2ccc(C#N)cc2)cc1,CC(C)O,509.99592
5365,Cc1ccc(-c2c3nc(c(-c4ccc(C)cc4)c4ccc([nH]4)c(-c4ccc(OC(=O)C(C)c5ccc(CC(C)C)cc5)cc4)c4nc(c(-c5ccc(C)cc5)c5ccc2[nH]5)C=C4)C=C3)cc1,ClCCl,652.0
6663,COc1cc2c(cc1/C=C(\C#N)c1nc3ccccc3s1)c1ccccc1n2C,ClC(Cl)Cl,504.0
4275,COC(=O)c1ccc2ccc3cccc4ccc1c2c34,Cc1ccccc1,390.0
11340,C#Cc1ccc2ccc3cccc4ccc1c2c34,ClCCl,384.0
3089,CC(C)[Si]1(C(C)C)c2cc(C=C(C#N)C#N)ccc2-c2ccc(N(C)C)cc21,CCOCC,584.0
6827,CCCCCCCCCCCCC(CCCCCCCCCC)Cn1c2cc(/C=C/c3nc4ccccc4s3)c3cccc4c5cccc6c(/C=C/c7nc8ccccc8s7)cc1c(c65)c2c34,C1CCCCC1,570.0
10385,CCn1c2ccccc2c2cc(-c3cc(-c4ccc5c(c4)c4ccccc4n5CC)ncn3)ccc21,CCOC(C)=O,392.0
12242,c1ccc2c(c1)Sc1ccccc1N2c1ccc2c(c1)C1(c3ccccc3-c3ccccc31)c1cc(N3c4ccccc4Sc4ccccc43)ccc1-2,Cc1ccccc1,498.0
7534,CCCCC(CC)CN1C(=O)c2cccc3c(C#Cc4ccc(N(c5ccccc5)c5ccc(C#Cc6ccc7c8c(cccc68)C(=O)N(CC(CC)CCCC)C7=O)cc5)cc4)ccc(c23)C1=O,Cc1ccccc1,514.0
5253,O=C1Nc2ccccc2/C1=C/C(=O)c1ccccc1,CN(C)C=O,404.0
237,COc1ccc2c(c1)CCc1c-2nc(N)c(C#N)c1-c1ccc(Br)cc1,CCCCCC,392.0
1532,CC[N+]1(CC)CN2C(=N1)C(C(=O)O)=Cc1cc(Oc3ccccc3)ccc12,O,485.0
11543,CCOC(=O)C1=C(C(=O)OC)N2CCc3cc(OC)c(OC)cc3C2=C[C@H](c2ccc(Cl)cc2)C12c1ccccc1-c1ccccc12,ClCCl,445.0
5756,Fc1ccc(N(c2ccc(F)cc2)c2ccc3c4cccc5c(N(c6ccc(F)cc6)c6ccc(F)cc6)ccc(c6cccc2c63)c54)cc1,CC#N,548.0
3410,CN(C)c1ccc(/C=C/c2cc(/C=C/c3ccc(N(C)C)cc3)nc(/C=C/c3ccc(C(F)(F)F)cc3)n2)cc1,CC(C)=O,565.0
2831,CCOC(=O)COc1ccc(/C=C/c2cc(C)c3n2[B-](F)(F)[N+]2=C(c4[nH]c(C)cc4C)c4ccccc4C2=C3)cc1,C1CCOC1,703.0
11159,CC(=O)Nc1ccc(C2=C/C(=C\c3ccc(C#N)cc3)C(=O)N2)cc1,C1COCCO1,584.0
1535,CC(=O)c1ccc2ccc3cccc4ccc1c2c34,C1CCOC1,387.0
3879,CCN1/C(=C\C=C\C=C\C2=[N+](CC)c3ccc4cc(Br)ccc4c3C2(C)C)C(C)(C)c2c1ccc1cc(Br)ccc21,CC(C)=O,703.0
5302,CCC1(CC)c2cc(/C=C/c3cc(Br)c(/C=C/c4ccc5c(c4)C(CC)(CC)c4cc(N6c7ccccc7Sc7ccccc76)ccc4-5)cc3Br)ccc2-c2ccc(N3c4ccccc4Sc4ccccc43)cc21,ClCCl,550.0
9376,COC(=O)C(Cc1ccc2oc(-c3ccc(N(C)c4ccccc4)cc3)nc2c1)NC(=O)OC(C)(C)C,CCC(C)CC,401.9938897
1299,N#Cc1ccc(C#Cc2ccc(C#Cc3ccc(C#Cc4ccccc4C#N)cc3C#N)cc2C#N)cc1,C1CCOC1,390.0
5484,Oc1cccc(/N=C/c2ccccc2Oc2ccccc2)c1,CCCO,395.0
9285,CCCCN(CCCC)c1ccc(C#Cc2cc(C#Cc3ccc(C#N)cc3)c(C#Cc3ccc(C#N)cc3)cc2C#Cc2ccc(N(CCCC)CCCC)cc2)cc1,c1ccccc1,508.0
1480,c1ccc(-c2nn(-c3ccccc3)c3nc4ccc(-n5c6ccccc6c6ccccc65)cc4cc23)cc1,CN(C)C=O,480.0768123
2793,COc1ccc(N2C(=O)c3ccccc3NC2C(C)(C)C)cc1,CO,444.0
7313,C(=C/c1ccnc(/C=C/c2ccc(N(c3ccccc3)c3ccccc3)cc2)n1)\c1ccc(N(c2ccccc2)c2ccccc2)cc1,Cc1ccccc1,470.0
11991,Cc1cc(O)c(C(C)C)cc1/N=C/c1ccc(O)cc1,OCCO,421.0
5091,c1ccc(N(c2ccccc2)c2ccc(-c3nc4c5ccccc5c5ccccc5c4[nH]3)cc2)cc1,CC(=O)O,502.0
2329,CN1/C(=C/C=C/C2=[N+](C)c3ccccc3C2(C)C)Sc2ccccc21,CS(C)=O,569.0
5948,CC(=O)Nc1ccc(C2=C/C(=C\c3ccc(C#N)cc3)C(=O)O2)cc1,C1COCCO1,521.0
5662,CCn1c2ccccc2c2cc(/C=C3\C(=O)c4ccccc4S3(=O)=O)ccc21,CCOC(C)=O,515.0
6954,CN(C)c1ccc(C2=Cc3ccc4ccccc4[n+]3[B-](F)(F)O2)cc1,CCOCC,509.0
11083,COC(=O)C(Cc1ccc2oc(-c3c4ccccc4cc4ccccc34)nc2c1)NC(=O)OC(C)(C)C,ClC(Cl)(Cl)Cl,487.5004875
3661,Nc1ncnc2c1c(C#Cc1ccc3ccccc3c1)cn2[C@H]1C[C@H](O)[C@@H](CO)O1,CO,377.0
555,COc1c2ccccc2c(-c2ccccc2)c2ccccc12,ClC(Cl)(Cl)Cl,426.0
4825,CC[n+]1ccc(/C=C/c2cc3cccc4ccc5cccc2c5c43)cc1,C1CCOC1,613.0
1163,COc1cc(/C=C/c2cc[n+](Cc3ccc(Br)cc3)cc2)ccc1O,CO,566.0
7507,CN(C)c1ccc(C(=O)Nc2ccc(F)cc2)cc1,C1CCOC1,504.0
4715,O=C1c2ccccc2C(=O)c2c(NCCNc3nc(Cl)nc(Cl)n3)cccc21,ClCCl,588.0
397,O=C1c2cc(-n3c4ccccc4c4ccccc43)ccc2S(=O)(=O)c2ccc(-n3c4ccccc4c4ccccc43)cc21,ClCCl,614.0
9528,c1ccc(-c2ccc3c4ccc(-c5ccccc5)c5c(-c6ccccc6)ccc(c6ccc(-c7ccccc7)c2c36)c54)cc1,ClCCl,520.0
7959,CNc1ccc(/C=C/C#N)cc1,ClC(Cl)Cl,404.0
10783,CCCSC1=[N+]2C(=C(c3ccccc3)c3ccc(SCCC)n3[B-]2(F)F)C=C1SC#N,CCOC(C)=O,588.0
11165,COc1ccc(C2=C3C=CC(=[N+](C)C)C=C3[Si](C)(C)c3cc(N(C)C)ccc32)c(C)c1,O,662.0
7925,CCn1c2ccsc2c2c3nsnc3c3c4sccc4n(CC)c3c21,Cc1ccccc1,523.0
6461,CN(C)CCNc1ccc([N+](=O)[O-])cc1[N+](=O)[O-],ClC(Cl)Cl,389.0
723,O=c1cc(COc2ccc(I)cc2)c2c(ccc3ccccc32)o1,CC(C)=O,417.0
300,N#Cc1c(-c2ccc([N+](=O)[O-])cc2)cc(-c2ccc([N+](=O)[O-])cc2)[nH]c1=O,ClC(Cl)Cl,475.0
10293,O=[N+]([O-])c1ccc(/C=C/c2c[nH]c3ccccc23)cc1,CO,567.0
10363,Oc1cc(N(c2ccccc2)c2ccccc2)ccc1-c1nc2c3ccc(-c4ccccc4)cc3c3cc(-c4ccccc4)ccc3c2[nH]1,CO,427.0
4294,CC1=CC(C)=[N+]2C1=Cc1c3ccccc3c(C#Cc3ccccc3)n1[B-]2(F)F,CCCCCCCCO,623.0
9213,c1ccc2c(c1)c1ccccc1n2-c1cc(-c2nc3ccccn3n2)cc(-n2c3ccccc3c3ccccc32)c1,Cc1ccccc1,373.0
4185,c1ccc(N(c2ccccc2)c2ccc3ccc4c(N(c5ccccc5)c5ccccc5)ccc5ccc2c3c54)cc1,ClCCl,472.0
8951,CN(C)CCNCc1c2ccccc2cc2ccccc12,CN(C)C=O,414.0
6657,c1ccc(C2=Nc3cccc4[n+]3[B-](c3ccccc3)(N2)NC(c2ccccc2)=N4)cc1,ClCCl,513.0
12057,Cc1nc(-c2cc(N)ccc2O)n2c1CCCC2,ClCCl,543.0
3142,CC(C)(C)c1ccc2c(c1)c1cc(C(C)(C)C)ccc1n2-c1ccc(C(=O)c2ccc(-n3c4ccc(C(C)(C)C)cc4c4cc(C(C)(C)C)ccc43)nc2)cn1,C1CCOC1,496.5811966
6191,COC(=O)C(Cc1ccc2oc(-c3ccc(N(C)c4ccccc4)cc3)nc2c1)NC(=O)OC(C)(C)C,ClC(Cl)Cl,448.0086018
3205,COC1=[N+]2C(=C(c3ccccc3)c3ccc(OC)n3[B-]2(F)F)C=C1SC#N,CCCCCC,542.0
4955,C[Si]1(C)c2ccc(-c3ccccc3)cc2C=Cc2cc(-c3ccccc3)ccc21,ClCCl,371.0
4582,CN(C)c1ccc(/C=C/C=C/c2nc3ccccc3s2)cc1,OCCO,583.0
11098,COC(=O)C(Cc1ccc2oc(-c3ccc(-n4c5ccccc5c5ccccc54)cc3)nc2c1)NC(=O)OC(C)(C)C,CCOC(C)=O,408.997955
11737,c1ccc(-c2nc(-c3ccccc3)nc(-n3c4ccccc4c4cc(-n5c6ccccc6c6ccccc65)ccc43)n2)cc1,C1CCOC1,535.4267311
10847,CCOC(=O)c1c2c3c(ccc(OC)c3c3cc4ccccc4cc13)N(C)C2=O,CC#N,413.0
7335,CN(C)c1cccc2c1ccc1c(=O)oc(-c3ccc(C(F)(F)F)cc3)cc12,CCCCCCCCO,585.0
9638,N#Cc1ccccc1N,CCO,377.0
1152,Cc1cc2c(o1)c(Br)cc1c(C)cc(=O)oc12,OCC(F)(F)F,436.0
1212,CN(C)c1ccc(/C=C2\CC/C(=C\c3ccc(N(C)C)cc3)C2=O)cc1,CN(C)C=O,575.0
4503,CC[N+]1=C(/C=C/c2cc3cccc4ccc5cccc2c5c43)C(C)(C)c2ccccc21,CC#N,672.0
10061,CCN(CC)c1cccc(C=O)c1,CS(C)=O,512.0
11897,CN(C)c1ccc(C(=O)Nc2cccc(Cl)c2)cc1,CC#N,496.0
8939,N#Cc1cc(C#N)c(-n2c3ccccc3c3ccccc32)cc1-n1c2ccccc2c2ccccc21,Cc1ccccc1,454.0
5427,CC(C)(C)c1ccc(-c2nc3c4ccc(-c5c6ccccc6cc6ccccc56)cc4c4cc(-c5c6ccccc6cc6ccccc56)ccc4c3n2-c2ccc(C(C)(C)C)cc2)cc1,CC#N,455.0
7755,C(/C=C/c1cc2c3c(c1)CCCN3CCC2)=C\c1ccncc1,CC#N,569.0
9622,CC1=CC(C)=[N+]2C1=C(c1ccc(N3CCOCC3)cc1)c1c(C)cc(C)n1[B-]2(F)F,CC(=O)C(C)(C)C,520.0
665,CC1=CC(C)=[N+]2C1=C(c1ccc(N(C)C)cc1)c1c(C)cc(C)n1[B-]2(F)F,CC(=O)C(C)(C)C,511.0
11043,F[B-]1(F)OC(c2ccc(C(F)(F)F)cc2)=Cc2cc(Cl)nc[n+]21,ClCCl,426.0
642,Cc1ccc2c(c1)C1(c3ccccc3Oc3ccccc31)c1cc(C)ccc1N2c1ccc(-c2nc(-c3ccccc3)cc(-c3ccccc3)n2)cc1,Cc1ccccc1,451.0
11326,C(#Cc1ncnc2ccccc12)c1ccc(N(c2ccccc2)c2ccccc2)cc1,C1CCOC1,535.0
3767,c1ccc2c(c1)CCc1ccccc1N2c1c2ccccc2c(N2c3ccccc3CCc3ccccc32)c2ccccc12,Cc1ccccc1,525.0
4272,CCC1=C(C)C2=C(C)c3c(C)c(-c4csc(N5CCOCC5)n4)c(C)n3[B-](F)(F)[N+]2=C1C,CC#N,543.0
5657,CC(C)[Si]1(C(C)C)c2cc(C=C(C#N)C#N)ccc2-c2ccc(N(C)C)cc21,CC#N,694.0
786,COC(=O)C(Cc1ccc2oc(-c3ccc(-n4c5ccccc5c5ccccc54)cc3)nc2c1)NC(=O)OC(C)(C)C,CC(C)(C)O,420.9994527
2857,COc1ccc2c3c(cccc13)C(=O)c1ccccc1-2,CC(C)O,541.1255411
3202,N#CC(C#N)=Cc1ccc2c(c1)c1ccccc1n2-c1cccc2ccccc12,ClCCl,473.0
7257,COc1ccc2c(c1)c1c(OC)c3ccccc3c(OC)c1n2C,ClCCl,443.0
4187,CCCCOc1ccc(-c2oc3cc4n(c3c2-c2ccc(OCCCC)cc2)[B-](F)(F)[N+]2=Cc3cc5oc(-c6ccc(OCCCC)cc6)c(-c6ccc(OCCCC)cc6)c5n3[B-](F)(F)[N+]2=C4)cc1,ClCCl,646.0
10827,COc1ccc(-c2cc3c4c(c2)CCc2cc(-c5ccc(OC)cc5)cc(c2-4)CC3)cc1,CCCCCC,384.6236559
10166,CN(C)/C=N\c1ccc2c3c(cccc13)C(=O)c1ccccc1-2,C1CCOC1,586.0
4824,COc1cc2c3sc4ccccc4c3c3cncnc3c2c(OC)c1OC,ClCCl,426.0
2905,Cc1ccc2ccc3c(c2n1)N/C(=C\C1=C([O-])/C(=C/C2=[NH+]c4c(ccc5ccc(C)nc45)C2(C)C)C1=O)C3(C)C,CN(C)C=O,716.0
4626,CC(C)(C)c1ccc(-c2cc3c4c(c2)CCc2cc(-c5ccc(C(C)(C)C)cc5)cc(c2-4)CC3)cc1,CO,381.8716578
9910,CN(C)c1ccc(/C=C/C=N/N=C/c2ccc3ccc4cccc5ccc2c3c45)cc1,CC(C)=O,475.0
996,c1csc(-c2cnc(-c3cccs3)c3nonc23)c1,Cc1ccccc1,600.0
6357,COc1ccc2c(c1)[nH]c1c3[nH]c4cc(OC)ccc4c3c3nsnc3c21,Cc1ccccc1,501.0
8771,CCN(CC)c1ccc2c(-c3ccccc3C(=O)O)c3c([o+]c2c1)/C(=C/c1ccc2c(c1)c1ccccc1n2CC)CCC3,ClCCl,712.0
7488,COc1c2ccccc2c(OC)c2c1c1cc(C)ccc1n2C,CC#N,431.0
8169,O=[N+]([O-])c1ccc(Nc2ccc3ccccc3n2)cc1,CCO,438.14
156,CC(=O)Nc1ccc2c3cccc4cccc(c5cccc1c52)c43,CC#N,471.0
7942,F[B-]1(F)n2cccc2C(c2ccccc2)=C2C=CC(N3CCOCC3)=[N+]21,CC#N,550.0
3085,C#Cc1ccc2ccc3cccc4ccc1c2c34,C1CCCCC1,383.0
8543,CC(C)(C)c1cc2cc(N(c3ccccc3)c3ccccc3)c3cc(C(C)(C)C)cc4cc(N(c5ccccc5)c5ccccc5)c(c1)c2c43,CCCCCC,426.0
1552,Cc1cccc(C)c1Nc1ccc(/C=C/c2cccnc2)cc1,CCCCCC,383.0
7642,O=C1c2ccccc2-c2c(-c3cc(Br)ccc3O)[nH]c(=O)n21,CO,492.0
6951,OCC1O[C@@H](Cc2cc(O)cc(/C=C/c3ccc(O)c(O)c3)c2)[C@H](O)[C@@H](O)[C@@H]1O,O,403.0
7713,CCOC(=O)C1=C(C)NC2=C(C(=O)c3ccccc32)C1c1ccc(N(C)C)cc1,CO,561.0
3795,CC(C)(C)c1ccc2c(c1)sc1[n+]2[B-](F)(F)n2c(c3cccc4c(Br)ccc2c43)=N1,C1CCOC1,520.0
495,O=[N+]([O-])c1ccc(F)cc1C1CC(c2cccc3ccccc23)=NN1c1ccccc1,CCOCC,461.0
2321,CC(C)(C)c1ccc2c(c1)c1cc(C(C)(C)C)ccc1n2-c1cc[n+]2c(c1)-c1ccccc1O[B-]2(F)F,Cc1ccccc1,473.0
6423,c1cc(N2CCCC2)ccn1,ClC(Cl)Cl,313.0
11274,c1ccc2c(c1)Cc1ccccc1N2c1c2ccccc2c(N2c3ccccc3Cc3ccccc32)c2ccccc12,Cc1ccccc1,553.0
151,Cc1cc(C)c(C2=C3C=C(/C=C/C(=O)OC(C)(C)C)C=[N+]3[B-](F)(F)n3c2ccc3N2CCOCC2)c(C)c1,CO,577.0
7148,CC(=O)O[B-]1(OC(C)=O)OC(/C=C/c2cccc3ccccc23)=CC(/C=C/c2cccc3ccccc23)=[O+]1,ClC(Cl)Cl,551.0
9318,N#Cc1ccc2cc[nH]c2c1,CCO,358.0
6660,O=C(O)CCNc1cccc2ccccc12,CCO,417.0
8384,COC(=O)c1c2ccccc2nc2ccccc12,C1CCOC1,418.0
1738,c1ccc(-c2cc(-c3ccc4ccc5c(-c6ccnc(-c7ccccn7)c6)ccc6ccc3c4c65)ccn2)nc1,Cc1ccccc1,410.1722724
3001,CC(C)(C)c1ccc(-c2nc3c4ccc(-c5ccc6ccccc6c5)cc4c4cc(-c5ccc6ccccc6c5)ccc4c3n2-c2ccc(C(C)(C)C)cc2)cc1,Cc1ccccc1,397.0
10870,O=C(O)CCCOc1cccc(-c2c3nc(cc4ccc([nH]4)c(-c4cccc(OCCCC(=O)O)c4)c4nc(cc5ccc2[nH]5)CC4)C=C3)c1,CS(C)=O,649.0
7500,CC1=[N+]2C(=C(NCc3ccccc3)c3ccc(C)n3[B-]2(F)F)C=C1c1cc2n(c1)[B-](F)(F)[N+]1=CC=CC1=C2c1c(C)cc(C)cc1C,C1CCCCC1,636.0
6983,CCn1c2cc(OC)ccc2c2c3nsnc3c3c4ccc(OC)cc4n(CC)c3c21,Cc1ccccc1,517.0
11034,CCn1c2ccccc2c2cc(/C=C(\C#N)c3ccccc3)ccc21,ClCCl,411.0
10754,O=P(c1ccccc1)(c1ccccc1)n1c2ccccc2c2cc(-n3c4ccccc4c4ccccc43)ccc21,CC(C)=O,389.0
2883,[C-]#[N+]c1ccc(-c2ccc(NC)cc2)cc1,CS(C)=O,436.0
3720,O=C1NC(=O)[C@H]([C@H]2C[C@H](O)[C@@H](CO)O2)C=C1C#Cc1ccc2c(c1)Cc1ccccc1-2,O,467.0
10796,CCN(CC)c1ccc2c(-c3ccccc3C(=O)O)c3c([o+]c2c1)/C(=C/c1ccc(N2CCCC2)s1)CCC3,ClCCl,770.0
10993,Cc1cccc2cc3c(=O)n(C)c(=O)n(C)c3nc12,CC(C)O,421.0
6310,N#Cc1c(-n2c3ccccc3c3ccccc32)c(-n2c3ccccc3c3ccccc32)cc(-n2c3ccccc3c3ccccc32)c1-n1c2ccccc2c2ccccc21,Cc1ccccc1,442.0
5471,CCOC(=O)c1cc(C(=O)OCC)c2cccc(OCc3ccccc3)c2n1,CCO,512.0
5965,Fc1ccccc1-c1c2cc(Cl)ccc2nc2cc3ccccc3cc12,ClCCl,526.0
7671,CCCCCCOc1ccc(C#Cc2ccc(C#Cc3ccc(OCCCCCC)c(OCCCCCC)c3)c3nsnc23)cc1OCCCCCC,Cc1ccccc1,537.0
2276,CCCCCCCCCCCCOc1ccc(/C=N/c2ccc3[nH]c(OCCCCCCCCCCCC)nc3c2)c(O)c1,ClC(Cl)Cl,508.0
4823,Nc1ccc(/C=C/c2cccnc2)cc1,CC#N,446.0
4704,CCn1c2ccccc2c2cc(-c3cc(-c4ccc5c(c4)c4ccccc4n5CC)nc(N4CCCCC4)n3)ccc21,CCOC(C)=O,409.0
4461,C[Si](C)(C)C#Cc1cc2ccc3cc(C#C[Si](C)(C)C)cc4ccc(c1)c2c34,Cc1ccccc1,407.0
343,O=C(/C=C/c1ccc(O)c(O)c1)O[C@H](Cc1ccc(O)c(O)c1)C(=O)O,CN(C)C=O,420.0
6301,COc1ccc2c(c1)sc1[n+]2[B-](F)(F)OC(c2ccc(N(C)C)cc2)=N1,CC(C)=O,477.0
4136,CCCCCCCCc1ccc(-c2ccc(/C=C(\C#N)c3ccc(-c4cccc5cccc(-c6ccc(/C(C#N)=C/c7ccc(-c8ccc(CCCCCCCC)cc8)cc7)cc6)c45)cc3)cc2)cc1,Cc1ccccc1,491.0
8846,CCCCCCCCn1c2cc(/C=C/c3ccc(N(c4ccccc4)c4ccccc4)cc3)ccc2c2cc3c(cc21)c1ccc(/C=C/c2ccc(N(c4ccccc4)c4ccccc4)cc2)cc1n3CCCCCCCC,Cc1ccccc1,473.0
6346,Oc1cccc(/N=C/c2ccccc2Oc2ccccc2)c1,CC(C)=O,415.0
6421,C(=C/c1ccc2ncnc(Nc3ccccc3)c2c1)\c1ccccc1,ClC(Cl)Cl,455.0
2223,CC(=O)c1c2c(cc3cc(N(C)C)ccc13)CCC2,CS(C)=O,558.0
4196,N#CC1=CC(C#Cc2ccccc2)=CC(C#N)=P1(c1ccccc1)c1ccccc1,ClC(Cl)Cl,538.0
7926,CCC1=C(C)C2=C(C)c3c(I)c(I)c(I)n3[B-](F)(F)[N+]2=C1C,OCC(F)(F)F,548.5
8061,F[B-]1(F)n2c(cc(-c3cccs3)c2-c2ccccc2)C(c2ccccc2)=C2C=C(c3cccs3)C(c3ccccc3)=[N+]21,C1CCOC1,680.0
8510,CC1=CC(/C=C/c2ccc(C)cc2)=[N+]2C1=C(c1ccccc1)c1c(C)cc(/C=C/c3ccc(C)cc3)n1[B-]2(F)F,CC1CCCO1,645.0
5081,Cc1ccc(-c2cc(-c3ccccc3Cl)c3c(N)nc(N4CCCC4)c(C#N)c3n2)cc1,CC(C)=O,522.0
7370,O=c1cc(COc2ccc(I)cc2)c2c(ccc3ccccc32)o1,Cc1ccccc1,416.0
6723,CN(C)c1ccc2nc(-c3ccccc3)sc2c1,CS(C)=O,486.4077079
11198,OCc1cc(/N=N/c2ccc(-c3c4ccccc4cc4ccccc34)cc2F)ccc1O,CS(C)=O,520.0
4734,COC(=O)C1=C(C(=O)OC)C2=C[C@H]3c4ccccc4[C@]2([Se]1)c1ccccc13,ClCCl,494.0
6856,COC(=O)C(Cc1ccc2oc(-c3ccc4c(c3)c3ccccc3n4-c3ccccc3)nc2c1)NC(=O)OC(C)(C)C,CC1CCCO1,379.0032215
1465,CC(C)(C)c1ccc2c(c1)c1cc(C(C)(C)C)ccc1n2-c1ccc(C#Cc2ccc(C#Cc3ccc(-n4c5ccc(C(C)(C)C)cc5c5cc(C(C)(C)C)ccc54)cc3)cc2)cc1,CCCCC,385.0
4593,CN(C)c1ccc(C#Cc2ccccc2)cc1,CC#N,415.5067104
2234,CCOC(=O)CN1C(=O)C2=C(c3ccc(N4CCCCC4)cc3)N(CC(=O)OCC)C(=O)C2=C1c1ccc(C#N)cc1,CS(C)=O,654.0
8695,CC1(C)CC(=O)c2cc(F)cc(F)c2N1,CCO,492.0
3903,COC1=[N+]2C(=C(c3ccccc3)c3cc(SC#N)c(OC)n3[B-]2(F)F)C=C1SC#N,CCOC(C)=O,556.0
283,OCc1cc(/N=N/c2ccc(-c3cccs3)cc2F)ccc1O,CS(C)=O,477.0
11355,O=P1(c2ccccc2)C(c2cc(C(F)(F)F)cc(C(F)(F)F)c2)=Cc2c3ccc4cccc5ccc(c6cc(-c7ccc(N(c8ccccc8)c8ccccc8)cc7)n1c26)c3c45,CO,636.0
10409,CC[N+]1=C(/C=C/c2cc3cccc4ccc5cccc2c5c43)C(C)(C)c2ccccc21,C1CCOC1,672.0
10510,CCN(CC)c1ccc2c(c1)oc(=O)c1c(-c3ccccc3C(=O)O)c3ccc(=[N+](CC)CC)cc-3oc12,ClC(Cl)Cl,636.0
8425,c1ccc(N(c2ccccc2)c2ccccc2)cc1,CCO,353.0
7584,CC(C)(C)c1ccc(C2=C(Br)C3=C(c4ccccc4)c4c(Br)c(-c5ccc(C(C)(C)C)cc5)c(-c5ccc(C(C)(C)C)cc5)n4[B-](F)(F)[N+]3=C2c2ccc(C(C)(C)C)cc2)cc1,CC#N,613.0
4151,CC1(C)C(=O)C=Cc2ccc(O)cc21,O,522.0
8753,c1ccc(Nc2nc(Nc3ccccc3)nc(Nc3ccc4c5cccc6cccc(c7cccc3c74)c65)n2)cc1,CCCCOCCCC,486.0
9786,O=S(=O)(c1ccc(-c2ccc(-c3nc4c5ccccc5c5ccccc5c4n3-c3ccccc3)cc2)cc1)c1ccc(-c2ccc(-c3nc4c5ccccc5c5ccccc5c4n3-c3ccccc3)cc2)cc1,ClCCl,461.0
2121,CC[Si](CC)(CC)c1cc2ccc3cccc4ccc(c1C(=O)NC(C)(C)C)c2c34,ClC(Cl)Cl,383.0
11910,F[B-]1(F)n2ccnc2-c2cccc[n+]21,C1COCCO1,352.0
5012,CN(C)c1ccc2c(c1)C(C)(C)C1=CC(=[N+](C)C)C=CC1=C2C#Cc1ccccc1,O,708.0
9445,c1ccc2c(c1)-c1ccccc1C21c2cc(-c3ccc(-n4c5ccccc5c5ccccc54)cc3)ccc2Sc2ccc(-c3ccc(-n4c5ccccc5c5ccccc54)cc3)cc21,CC(C)=O,388.261851
6252,COC(=O)c1ccc(/C=C2\N=C(c3ccc(OC)c(OC)c3)NC2=O)cc1,C1COCCO1,478.0
3161,O=C1NC(=O)/C(=C\c2ccccc2O)S1,CN(C)C=O,424.0
2630,Cc1n[nH]c2c1C(c1ccc([N+](=O)[O-])cc1)C(C#N)=C(N)O2,CS(C)=O,404.0
7341,Cc1cc(C)c(B(c2cc3c4c(c(B(c5c(C)cc(C)cc5C)c5c(C)cc(C)cc5C)cc5c4c2CCC5)CCC3)c2c(C)cc(C)cc2C)c(C)c1,CC#N,465.9041394
10432,COc1cc(C(=O)O)ccc1O,CC(C)CO,340.0
8196,[C-]#[N+]c1ccc(-c2ccc(N)cc2)cc1,C1CCOC1,396.0
10995,c1ccc2cc(-n3cnc4ccccc43)ccc2c1,ClC(Cl)Cl,375.0
1203,COC(=O)CN1C(=O)c2cc3ccc(N(C)C)cc3cc2C1=O,C1CCOC1,510.0
8318,c1ccc2c(c1)c1ccccc1n2-c1ccc(-c2ccc(-c3ccc(-n4c5ccccc5c5ccccc54)nc3-n3c4ccccc4c4ccccc43)nn2)c(-n2c3ccccc3c3ccccc32)n1,CC#N,474.1803279
616,Cc1cc(-n2c3ccccc3c3cc4c(cc32)C2c3ccccc3C4c3ccccc32)ccc1-c1nc(-c2ccccc2)nc(-c2ccccc2)n1,Cc1ccccc1,429.0
1926,c1ccc2nc3cccc(-c4ccc(-n5c6ccccc6c6ccccc65)cc4)c3cc2c1,CC(C)OC(C)C,444.0
3114,Cc1ccc(Nc2ccc(Nc3ccc(C)cc3)c3c2C(=O)c2ccccc2C3=O)cc1,C1CCCCC1,680.0
2641,CCN(CC)c1ccc2c(-c3ccccc3C(=O)[O-])c3ccc(=[N+](CC)CC)cc-3oc2c1,CC#N,579.0
10988,CN(C)c1ccc(/C=C/c2ccncn2)cc1,ClCCl,488.0
2562,Cc1cc(C)c(C2=C3C=CC(c4cccc5ccccc45)=[N+]3[B-](F)(F)n3c2ccc3-c2cccc3ccccc23)c(C)c1,ClC(Cl)Cl,601.0
6161,COc1ccc2c(c1)c1ccccc1n2-c1nc2ccccc2nc1-n1c2ccccc2c2cc(OC)ccc21,Cc1ccccc1,560.0
2728,CCCCCCCC(=O)Oc1ccc2c3cccc4c(OC(=O)CCCCCCC)ccc(c5cccc1c52)c43,ClC(Cl)Cl,456.006236
5803,CCc1ccc(/C=N/c2cc(C(C)C)c(O)cc2C)cc1,C1COCCO1,410.0
9728,CCN1/C(=C\C=C\C=C\C2=[N+](CC)c3ccc4ccccc4c3C2(C)C)C(C)(C)c2c1ccc1ccccc21,CS(C)=O,705.0
2126,O=P(c1ccc(N2c3ccccc3Oc3ccccc32)cc1)(c1ccc(N2c3ccccc3Oc3ccccc32)cc1)c1ccc(N2c3ccccc3Oc3ccccc32)cc1,ClCCl,474.6885617
8948,O=CC1=C(c2ccc(-c3cccs3)s2)CCC1,C1CCOC1,479.0
10098,O=C([O-])c1ccccc1-c1c2cc(I)c(=O)c(I)c-2oc2c(I)c([O-])c(I)cc12,CCO,551.0
7111,O=Cc1ccc(-c2ccc(C3=CCC(c4ccccc4)CC3)s2)s1,CC#N,483.0
7465,COc1cc(/C=C/c2cc[n+](Cc3ccc(Br)cc3)cc2)ccc1O,CCCCCO,554.0
805,Oc1ccc(-c2c3nc(c(-c4ccc(O)cc4)c4ccc([nH]4)c(-c4ccc(O)cc4)c4nc(c(-c5ccc(O)cc5)c5ccc2[nH]5)C=C4)C=C3)cc1,CN(C)C=O,660.0
4694,c1ccc(N(c2ccccc2)c2ccc(-c3ccncn3)cc2)cc1,ClCCl,482.0
9511,CC1(C)c2ccccc2N(c2ccc(-c3nnc(-c4ccc(N5c6ccccc6C(C)(C)c6ccccc65)cc4)o3)cc2)c2ccccc21,Cc1ccccc1,461.0
6315,CCN1c2ccc(-c3cc(C(F)(F)F)[nH]n3)cc2Sc2cc(-c3cc(C(F)(F)F)[nH]n3)ccc21,c1ccccc1,463.0
3140,Cc1ccc(-c2cc(/C=C/c3ccc(N(c4ccccc4)c4ccccc4)cc3)c(-c3ccc(C)cc3)cc2/C=C/c2ccc(N(c3ccccc3)c3ccccc3)cc2)cc1,ClCCl,492.0
4280,CC1=[N+]2C(=Cc3cccn3[B-]2(F)F)C=C1,ClCCl,517.0
5338,Cc1cc(C)c(C)c(-c2ccc3cc(C)c(=O)oc3c2)c1C,CO,394.0
9251,COc1cc2cc(-c3cc4cc(OC)c(OC)cc4oc3=O)oc2cc1OC,CS(C)=O,500.0
566,CCN(CC)c1cccc2c1ccc1c(=O)oc(-c3ccc(C(F)(F)F)cc3)cc12,CCO,599.0
11833,c1ccc(-c2ccccc2)cc1,C1COCCO1,316.0
547,COCCOc1ccc(OCCOC)c(C=O)c1,CN(C)C=O,425.0
26,c1ccc(-c2cc(-c3ccc4ccc5cccc6ccc3c4c56)ccn2)nc1,CCCC#N,407.996736
7469,CCOC(=O)CN1C(=O)C2=C(c3ccc(C#N)cc3)N(CC(=O)OCC)C(=O)C2=C1c1ccc(C#N)cc1,CS(C)=O,557.0
3918,F[B-]1(F)n2c(c3ccccc3c2-c2ccccc2)N=C2c3ccccc3C(c3ccccc3)=[N+]21,ClCCl,736.0
4486,Cc1cc(C)c(B(c2c(C)cc(C)cc2C)c2cc3ccc4ccccc4c3c3c2ccc2ccccc23)c(C)c1,ClC(Cl)Cl,443.0
10063,CN(C)c1ccc(/C=C/c2cc(/C=C/c3ccc(N(C)C)cc3)nc(/C=C/c3ccccc3)n2)cc1,C1CCOC1,526.0
5398,CN1CCN(c2ccc3c4c(cccc24)C(=O)c2ccccc2-3)CC1,CC1COC(=O)O1,619.0
8475,CN(C)c1ccc(/C=C/C=C/c2ccc([N+](=O)[O-])c(O)c2)cc1,C1CCCCC1,530.0
6064,COc1ccc(C#Cc2ccc(C#Cc3ccc(P(=O)(c4ccc(C#Cc5ccc(C#Cc6ccc(OC)cc6)cc5)cc4)c4ccc(C#Cc5ccc(C#Cc6ccc(OC)cc6)cc5)cc4)cc3)cc2)cc1,ClC(Cl)Cl,392.0
1221,c1cc2ccc3cc4cccc5ccc6cc(c1)c2c3c6c54,ClCCl,437.0
7532,C(/C=C/c1cc2c3c(c1)CCCN3CCC2)=C\c1ccncc1,CO,583.0
2548,Cc1ccc(-c2nnc(-c3ccc4ccc5cccc6ccc3c4c56)o2)cc1,CCCCCC,418.0
11609,CC(C)(C)c1ccc2oc(-c3ccc(-c4nc5cc(C(C)(C)C)ccc5o4)s3)nc2c1,CC1CCCCC1,426.0
437,C1=Cc2nc1c(-c1ccco1)c1ccc([nH]1)c(-c1ccco1)c1nc(c(-c3ccco3)c3ccc(s3)c2-c2ccco2)C=C1,ClCCl,729.0
6586,O=S(=O)(c1ccc(-c2ccc(-c3nc4c5ccccc5c5ccccc5c4n3-c3ccccc3)cc2)cc1)c1ccc(-c2ccc(-c3nc4c5ccccc5c5ccccc5c4n3-c3ccccc3)cc2)cc1,CC#N,479.0
10372,CC1(C)c2cccc(-c3nc(-c4ccccc4)nc(-c4ccccc4)n3)c2Oc2c(N3c4ccccc4Sc4ccccc43)cccc21,Cc1ccccc1,562.0
8763,C(=C/c1ccc(N(c2ccccc2)c2ccccc2)cc1)\c1ccc(-c2cc(-c3ccccn3)nc(-c3ccccn3)c2)cc1,ClCCl,519.0
1861,CCC1=C(C)C2=C(C)c3c(C)c(-c4csc(N5CCOCC5)n4)c(C)n3[B-](F)(F)[N+]2=C1C,ClC(Cl)Cl,603.0
2699,CCCN1/C(=C/C=C(/C=C/C2=[N+](CCC)c3ccccc3C2(C)C)c2ccncc2)C(C)(C)c2ccccc21,CO,648.0
8559,CCCCCCOc1ccc(C#Cc2ccc(-c3ccc(-c4ccc(C#Cc5ccc(OCCCCCC)c(OCCCCCC)c5)s4)c4nsnc34)s2)cc1OCCCCCC,Cc1ccccc1,620.0
9215,COC(=O)c1ccc(C#Cc2ccccc2)cc1,CCCCCCCCCCCCCCCCCl,327.0004251
2481,C[Si]1(C)c2ccccc2-c2sc3cc4c5c(sc4cc3c21)-c1ccccc1[Si]5(C)C,C1CCOC1,408.0
6014,COc1ccc(/C=C/C2=[O+][B-](F)(F)OC(/C=C/c3ccc(OC)cc3)=C2c2ccccc2)cc1,CC(C)=O,549.0
10334,CCOC(=O)CCCCCn1c2ccc([N+](=O)[O-])cc2c(=O)c2cc3c(cc21)c(=O)c1cc([N+](=O)[O-])ccc1n3CCCCCC(=O)OCC,ClCCl,553.0
2706,N#Cc1c(-c2cccs2)cc(-c2ccc3c(c2)Cc2ccccc2-3)[nH]c1=O,CCOC(C)=O,484.0
6601,O=C1CCCc2c1[nH]c1cc3c(cc21)OCO3,CC#N,399.4154895
326,COC(=O)C(Cc1ccc2oc(-c3ccncc3)nc2c1)NC(=O)OC(C)(C)C,CC1CCCCC1,356.7368421
5135,N#Cc1cc(N)cc(C#N)c1,CC#N,392.0
5325,c1ccc(-c2ccc(-c3ccc(N(c4ccccc4)c4ccccc4)cc3)c3nsnc23)cc1,CCCCCC,526.0
2499,CCCCOc1ccc(/C=C/C=C/C=C/c2ccc([N+](=O)[O-])cc2)cc1,Cc1ccccc1,546.0
1004,CC[n+]1c(C=C2C(=O)C(C=C3N(C)c4ccccc4C3(C)C)=C2[O-])[se]c2ccccc21,ClC(Cl)Cl,675.0
6385,CC1=NN(c2ccccc2)C(=O)/C1=C/c1cn(-c2ccccc2)nc1-c1ccccc1,ClC(Cl)Cl,432.0
6829,CC[N+]1=C(/C=C/c2ccc3ccc4cccc5ccc2c3c45)C(C)(C)c2ccccc21,CC#N,629.0
4011,CN(C)c1ccc(-c2nc(-c3ccccc3)c3ccccn23)cc1,C1CCCCC1,482.0
10959,c1ccc2c(-n3cnc4ccccc43)cccc2c1,CC#N,362.0
534,COCCOc1cc(C=O)c(OCCOC)cc1C=O,CC(C)(C)O,478.0
7958,O=c1ccc2cc3c(cc2o1)OCC3,CO,405.0
3960,Cn1c2ccc(S(=O)(=O)O)cc2c(=O)c2cc(S(=O)(=O)O)ccc21,O,433.0
585,COc1ccc(C2=CC(c3ccccc3)=C(c3ccccc3)C2)c2ccccc12,ClCCl,479.0
12130,CCN1/C(=C\C=C\C=C\C2=[N+](CC)c3ccc4ccccc4c3C2(C)C)C(C)(C)c2c1ccc1ccccc21,CCO,702.0
8531,COc1c2ccccc2c(-c2ccccc2)c2ccccc12,ClC(Cl)Cl,426.0
11429,CN1C(=O)/C(=C/c2ccncc2)N=C1/C=C/c1ccccc1,C1COCCO1,546.0
8836,CC1=[N+]2C(=C(c3ccc(C(=C(c4ccccc4)c4ccccc4)c4ccccc4)cc3)c3ccc(C)n3[B-]2(F)F)C=C1,C1CCOC1,530.0
8295,OCC1O[C@@H](Cc2cc(O)cc(/C=C/c3ccc(O)c(O)c3)c2)[C@H](O)[C@@H](O)[C@@H]1O,CCOC(C)=O,372.0
491,CCC(=O)c1ccc2cc(N(C)C)ccc2c1,CC#N,457.0
7356,CCCCCCCCCCCCC1(CCCCCCCCCCCC)c2cc(-c3ccc(C=C4C(=O)c5ccccc5C4=O)cc3)ccc2-c2ccc(-c3ccc(C=C4C(=O)c5ccccc5C4=O)cc3)cc21,CC(C)=O,566.0
7211,C[Si]1(C)O[Si](C)(C)c2cc3nc4ccc(Cl)cc4c(-c4ccccc4)c3cc2[Si](C)(C)O1,ClCCl,504.0
10957,COC1=[N+]2C(=C(c3ccccc3)c3ccc(OC)n3[B-]2(F)F)C=C1,CO,620.0
7108,COC(=O)C(NC(=O)OC(C)(C)C)c1ccc2oc(-c3cc(C(F)(F)F)cc(C(F)(F)F)c3)nc2c1,CC1CCCCC1,334.0
9621,CN(C)c1ccc(-c2ccc(-c3cc(N4CCCCC4)c(C#N)c4c3-c3ccccc3CC4)s2)cc1,ClC(Cl)Cl,540.0
3548,Cc1cc(N2c3ccccc3[Si](c3ccccc3)(c3ccccc3)c3ccccc32)c(C)cc1-c1nc(-c2ccccc2)nc(-c2ccccc2)n1,Cc1ccccc1,465.0
9923,CC(C)(C)c1ccc(-c2nc3c4ccc(-c5ccccc5)cc4c4cc(-c5ccccc5)ccc4c3n2-c2ccc(C(C)(C)C)cc2)cc1,C1CCOC1,389.0
1916,COc1ccc(C2CC(c3ccc(O)cc3)=NN2c2ccc(S(N)(=O)=O)cc2)cc1,CN(C)C=O,422.0
3185,COC(=O)C(Cc1ccc2oc(-c3ccc(Nc4ccccc4)cc3)nc2c1)NC(=O)OC(C)(C)C,Cc1ccccc1C,401.493556
5769,COc1ccc2c3c(cccc13)C(=O)c1ccccc1-2,CC(C)=O,520.0208008
1910,CN(C)c1ccc(-c2ccc(-c3ccc(N(C)C)cc3)c3nc(-c4ccccc4)c(-c4ccccc4)nc23)cc1,CN(C)C=O,648.0
8052,CCCCn1c2ccc(/C=C(\C#N)c3ccc([N+](=O)[O-])cc3)cc2c2cc(Cn3c(-c4ccc5c(c4)c4ccccc4n5CCCC)nc4ccccc43)ccc21,CC#N,580.0
6387,c1ccc(-c2nc3c(ccc4[nH]ccc43)o2)cc1,O,459.0
1133,Oc1ccc(-c2ccco2)cc1-c1nc2ccccc2s1,O,577.0
7774,Cc1ccc2nc3[nH]c(=O)[nH]c(=O)c3nc2c1,CC#N,443.0
7309,CC1=C(C(C)(C)C)C(C)=[N+]2C1=C(C)c1c(C)c(C(C)(C)C)c(C)n1[B-]2(F)F,CCCCCCO,565.4
2518,CC1=NN(c2ccccc2)C(=O)/C1=C/c1cn(-c2ccccc2)nc1-c1ccccc1,C1COCCO1,407.0
8816,COc1ccc(-c2nc3c([nH]2)C2=CC(=O)S[C@]2(C)[C@@]2(C)SC(=O)C=C32)cc1,CC#N,533.0
1317,COc1ccc2c(c1)c1cc(OC)ccc1n2-c1ccc(S(=O)(=O)c2ccc(-n3c4ccc(OC)cc4c4cc(OC)ccc43)cc2)cc1,Cc1ccccc1,445.0
4368,C#CCNC1=C2C=CC=[N+]2[B-](F)(F)n2cccc21,CCOC(C)=O,469.5
121,COc1ccc(-c2cnc(-c3cccnc3)o2)cc1OC,ClCCl,420.0
9390,CCOC(=O)/C(C#N)=C\c1ccc2c(c1)c1ccccc1n2-c1ccc(OC)cc1,ClC(Cl)Cl,486.0
2449,[C-]#[N+]c1ccc(-c2ccc(NC)cc2)cc1,CC#N,421.0
6081,O=C(O)c1ccc(C2CC(c3cccc4ccccc34)=NN2c2ccccc2)cc1,CO,476.0
11451,CCn1c2ccccc2c2cc(C#Cc3cc(C#Cc4ccc5c(c4)c4ccccc4n5CC)nc(N4CCCCC4)n3)ccc21,CCOC(C)=O,446.0
2601,COc1ccc(-c2ccc3c(c2)c2cc(-c4ccc(OC)cc4)ccc2n3-c2ccc(C(=O)c3ccc4sc5ccccc5c4c3)cc2)cc1,c1cc(-n2c3ccccc3c3ccccc32)cc(-n2c3ccccc3c3ccccc32)c1,462.0
1522,Cc1cc(C)c(B(c2cc3c4c(c(B(c5c(C)cc(C)cc5C)c5c(C)cc(C)cc5C)cc5c4c2CCC5)CCC3)c2c(C)cc(C)cc2C)c(C)c1,C1CCOC1,464.5424837
3484,COc1ccc2c(=O)c3c([nH]c2c1)-c1ccccc1NC3(C)C,O,547.0
2173,O=C1C=C(Nc2ccccc2)CCC1,CCOC(C)=O,332.0
3283,CC1(C)CC(=O)C2=C(C1)Oc1ccc3ccc(O)cc3c1C2c1ccccn1,CCO,344.0
4554,CCN(CC)c1ccc2cc(/C=C(\C#N)c3nc4ccccc4s3)c(=O)oc2c1,CCO,594.0
3605,CCOC(=O)CC[N+]1=c2cc3c(cc2CCC1)=Cc1c(c2cc4c5c(c2oc1=O)CCCN5CCC4)O3,CC#N,687.0
10564,NCc1ccc2ccc3cccc4ccc1c2c34,CO,375.0
9422,c1ccc(Nc2nc(Nc3ccccc3)nc(Nc3ccc4cc5ccccc5cc4c3)n2)cc1,CC#N,441.0
5835,COC1=C/C(=C\C=C2C=CN(Cc3ccc(Br)cc3)C=C2)C=CC1=O,CCCO,639.0
11113,COC(=O)c1nc2c(OCc3ccccc3)nc(N)nc2n1Cc1ccccc1,CC#N,382.0
3768,COC(=O)C1=C(C(=O)OC)C2(c3cc(Cl)ccc3-c3c(Cl)cc(Cl)cc32)C2(/C=C/c3ccccc3)c3cc(OC)c(OC)cc3CCN12,ClCCl,487.0
8903,COc1ccc(-c2ccc(-c3ccc(C#N)s3)s2)cc1,CC(C)O,471.0
9838,CCCCCCc1cc2c(s1)-c1sc(CCCCCC)cc1P(c1ccccc1)(c1ccccc1)=[O+][B-]2(c1c(C)cc(C)cc1C)c1c(C)cc(C)cc1C,C1CCOC1,536.0
4038,COc1ccc(-n2c3ccccc3c3cc(C=C(C#N)C#N)ccc32)cc1,CCOC(C)=O,495.0
3502,Cn1ccc(-c2nc3ccccc3nc2/C=C/N2CCCC2)c1,CC#N,579.0754258
1407,c1ccc(/C(=C(\c2ccccc2)c2cc(-c3ccccc3)ccc2-c2ccc(-c3ccccc3)cc2)c2cc(-c3ccccc3)ccc2-c2ccc(-c3ccccc3)cc2)cc1,C1CCOC1,494.0
4631,c1ccc(-p2c(-c3cccs3)cc3ccccc32)cc1,C1CCOC1,417.0
8156,CC(=O)O[B-]1(OC(C)=O)OC(/C=C/c2ccc(C)cc2)=CC(/C=C/c2ccc(C)cc2)=[O+]1,ClC(Cl)Cl,491.0
11938,Cc1cn2cc(-c3ccc(C#N)cc3)[n-][n+]2c1,ClCCl,518.0
4935,Cc1ccc(-n2c3ccccc3c3cc(C=C(C#N)C#N)ccc32)cc1,ClC(Cl)Cl,478.0
7364,C(=C/c1cnc2ccccc2n1)\c1ccc(N(c2ccccc2)c2ccccc2)cc1,C1CCOC1,535.0
12066,CN(C)c1ccc(/C=C/C=C2\CCCC2=O)cc1,CCO,602.0
2579,O=C(c1ccc(N2c3ccccc3Oc3ccccc32)cc1)c1ccc(N2c3ccccc3Oc3ccccc32)cc1,Cc1ccccc1,509.0
8953,CN(C)c1ccc(C#Cc2ccc3ccc4ccc(C#Cc5ccc(N(C)C)cc5)c5ccc2c3c45)cc1,Cc1ccccc1,482.0
3269,CCCCN1/C(=C\C=C\C=C\C2=[N+](CCCC)c3ccc4ccccc4c3C2(C)C)C(C)(C)c2c1ccc1ccccc21,ClCCl,713.0
11717,COc1ccc(/C=C/c2ccc(-c3nnc(-c4ccc(-c5cc6ccccc6s5)cc4)o3)cc2)cc1,CS(C)=O,459.0
1867,Oc1ccc2ccccc2c1C1Nc2cccc3cccc(c23)N1,CO,476.0
5550,C[Si](C)(C)C#CC(C#C[Si](C)(C)C)=Cc1ccc(C=C(C#C[Si](C)(C)C)C#C[Si](C)(C)C)s1,ClC(Cl)Cl,475.0
12152,CN(C)c1nc(N)c2nc(C#N)n(Cc3ccccc3)c2n1,CC#N,396.0
8279,Nc1ccc2c(c1)NC(=O)CC(=O)N2,CS(C)=O,385.0
2521,N#Cc1ncc(-c2c3ccccc3c(-c3cnc(C#N)nc3)c3ccccc23)cn1,CCO,520.0
11989,c1csc(-c2ccc(-c3ccc(-c4cccs4)s3)s2)c1,CCCCCCCCCCCCCC,474.0
1820,CC1=N/C(=C\c2ccncc2)C(=O)N1C,CC#N,452.0
6729,N#Cc1cc(-n2c3ccccc3c3cc(Br)ccc32)c(-n2c3ccccc3c3cc(Br)ccc32)cc1C#N,C1CCOC1,495.0
51,CN(C)c1ccc(/C=C/C=C/c2nc3ccccc3o2)cc1,CC(C)=O,531.0
3888,Cc1cc(-c2nc(-c3ccccc3)nc(-c3ccccc3)n2)ccc1N1c2ccccc2[Si](c2ccccc2)(c2ccccc2)c2ccccc21,Cc1ccccc1,459.0
5187,COC(=O)CNC(=O)c1nc2c(N(C)C)nc(N(C)C)nc2n1Cc1ccccc1,C1COCCO1,397.0
8225,COc1ccc(Nc2nc(/C=C/c3ccccc3)[n+]([O-])c3c2CCCC3)cc1,ClCCl,520.0
3577,COC(=O)C(Cc1ccc2oc(-c3ccc(N(C)C)cc3)nc2c1)NC(=O)OC(C)(C)C,ClC(Cl)Cl,382.0001528
4565,COc1ccccc1-c1nc2c3ccccc3c3ccccc3c2n1-c1ccc(C)cc1,Cc1ccccc1,371.0
12221,CC1(C)c2ccccc2N(c2ccc(-c3nc(-c4ccccc4)cc(-c4ccccc4)n3)cc2)c2ccccc21,Cc1ccccc1,454.8309179
10089,CCN(CC)c1ccc2cc(/C=C/C(O)=C3\CC/C(=C\c4cc5ccc(N(CC)CC)cc5oc4=O)C3=O)c(=O)oc2c1,ClC(Cl)Cl,605.0
6417,COc1ccc(/C=C/c2nc(/C=C/c3ccc(N(c4ccccc4)c4ccccc4)cc3)cc(/C=C/c3ccc(N(c4ccccc4)c4ccccc4)cc3)n2)cc1,C1CCOC1,515.0
1858,c1cnc(-c2c3ccccc3c(-c3cncnc3)c3ccccc23)nc1,ClCCl,436.0
7624,CCC[n+]1ccc(/C=C/c2ccc(N(C)C)cc2)cc1,CCCO,576.0
11689,O=P1(c2ccccc2)c2ccc(N3c4ccccc4Oc4ccccc43)cc2-c2cc(N3c4ccccc4Oc4ccccc43)ccc21,Cc1ccccc1,535.0
4961,CC1(C)c2ccccc2N(c2ccc(-c3n[n+]4c(o3)-c3ccccc3O[B-]4(F)F)cc2)c2ccccc21,CC#N,554.0
11793,CC1(C)CC(/C=C/c2ccc(-n3c4ccccc4c4ccccc43)cc2)=CC(=C(C#N)C#N)C1,CCOC(C)=O,565.0
10035,CN(C)c1cc(C#N)c(N(C)C)c(C#N)c1,O,555.247085
8809,CCOC(=O)C1CC(c2c(C#N)c(C)nn2-c2ccccc2)=CN1c1ccc(Br)cc1,O,495.0
11306,Clc1ccc(-c2nc3ccccc3c3cc4ccccn4c23)s1,CS(C)=O,523.5
5198,COc1cc(OC)cc(-c2ccc(-c3ccc(C#N)s3)s2)c1,ClC(Cl)Cl,441.0
9147,N#C[Se]CCCCCOc1ccc2ccc(=O)oc2c1,CCCCCCC,391.0
425,CN(C)c1ccc(C2=Cc3c4ccccc4c4ccccc4[n+]3[B-](F)(F)O2)cc1,CCOC(C)=O,536.0
4284,CCn1c(-c2ccc(OC)cc2)c(-c2ccc3ccccc3c2)c(-c2ccc3ccccc3c2)c1-c1ccc(OC)cc1,CCOC(C)=O,404.0
8339,O=C1c2ccccc2-c2ccc(N3CCN(c4ccccc4)CC3)c3cccc1c23,CC#N,603.0
9302,COC(=O)C(Cc1ccc2oc(-c3ccc(-n4c5ccccc5c5ccccc54)cc3)nc2c1)NC(=O)OC(C)(C)C,CN(C)C=O,438.0201489
228,c1ccc(N(c2ccccc2)c2ccc(-c3ncnc4ccccc34)cc2)cc1,CC#N,559.0
10956,CCCCn1c2ccc(C#N)cc2c2cc(C#N)cc(-c3ccc(N(c4ccccc4)c4ccccc4)cc3)c21,CCOCC,424.0
2741,N#Cc1nnn(-c2ccnc3cc(Cl)ccc23)c1N,C1COCCO1,376.0105283
5137,CC1=N/C(=C\c2ccccc2N)C(=O)N1C,O,452.0
10722,Oc1ccc2ncccc2c1,CO,371.0
10838,CCCCCCc1ccc2c3c(ccc2c1)O[B-](F)(F)[N+](c1cc([N+]2=Cc4c(ccc5cc(CCCCCC)ccc45)O[B-]2(F)F)cc([N+]2=Cc4c(ccc5cc(CCCCCC)ccc45)O[B-]2(F)F)c1)=C3,ClCCl,495.0
7367,CCCCN(CCCC)c1ccc(C#Cc2cc(C#Cc3ccc(N(CCCC)CCCC)cc3)c(C#Cc3ccc([N+](=O)[O-])cc3)cc2C#Cc2ccc([N+](=O)[O-])cc2)cc1,ClCCl,552.0
2921,CCCN1c2ccccc2Sc2cc(/C=C\c3cc(=O)oc4c(O)c(O)ccc34)ccc21,ClC(Cl)Cl,643.0
5718,O=S(=O)([O-])c1cc(O)c2ccc3c(S(=O)(=O)[O-])cc(S(=O)(=O)[O-])c4ccc1c2c34,CN(C)P(=O)(N(C)C)N(C)C,412.0143381
10812,CC(C)(C)c1ccc(-c2sc3c(-c4ccc(C(C)(C)C)cc4)c4n(c3c2-c2ccc(C(C)(C)C)cc2)[B-](F)(F)[N+]2=Cc3c(-c5ccc(C(C)(C)C)cc5)c5sc(-c6ccc(C(C)(C)C)cc6)c(-c6ccc(C(C)(C)C)cc6)c5n3[B-](F)(F)[N+]2=C4)cc1,Cc1ccccc1,632.0
5583,COc1ccc(C#Cc2nc3ccccc3nc2-c2cn(C)c3ccccc23)cc1,CC(C)O,519.0
10331,COc1cc(-c2cc(-c3ccc(C)cc3)nc3c(C#N)c(N4CCCC4)nc(N)c23)cc(OC)c1OC,CO,526.0
3653,Nc1ccc2c3cccc4cccc(c5cccc1c52)c43,C1COCCO1,549.0
10642,Cc1cccn2c1cc1c3ccccc3nc(-c3cccs3)c12,CS(C)=O,514.0
6175,CN(C)c1c2ccccc2cc2ccccc12,COCCOC,392.0
1128,O=P(c1ccc(N2c3ccccc3Oc3ccccc32)cc1)(c1ccc(N2c3ccccc3Oc3ccccc32)cc1)c1ccc(N2c3ccccc3Oc3ccccc32)cc1,O=P(c1ccccc1)(c1ccccc1)c1ccccc1Oc1ccccc1P(=O)(c1ccccc1)c1ccccc1,478.0
7656,COC(=O)C(Cc1ccc2oc(-c3ccc4c(c3)c3ccccc3n4-c3ccccc3)nc2c1)NC(=O)OC(C)(C)C,OCCO,396.9986899
2331,CC(=O)c1c2c(cc3c(N(C)C)cccc13)CCC2,CS(C)=O,598.0
2208,O=C(c1ccc(N(c2ccccc2)c2ccccc2)cc1)[C@H]1[C@H](c2ccc(F)cc2)C[C@](O)(c2ccccn2)C[C@]1(O)c1ccccn1,ClCCl,518.0
7572,CCC1=C(C)C2=C(c3c(C)cc(C)nc3-c3cccs3)c3c(C)c(CC)c(C)n3[B-](F)(F)[N+]2=C1C,CS(C)=O,552.0
10907,C(=C\c1ccc(N(c2ccccc2)c2ccccc2)cc1)\c1ccc(N(c2ccccc2)c2ccccc2)cc1,ClCCl,441.0
7859,N#Cc1c(N2CCCCC2)cc(-c2ccc(O)cc2)c2c1-c1cccc3cccc-2c13,ClCCl,545.0
3153,c1ccc(Nc2nc(Nc3ccccc3)nc(Nc3ccc4cc5ccccc5cc4c3)n2)cc1,CCCCOCCCC,441.0
6697,c1ccc(-c2cc(-c3ccc(N4c5ccccc5C(c5ccccc5)(c5ccccc5)c5ccccc54)cn3)nc(-c3ccccc3)n2)cc1,Cc1ccccc1,480.0
9607,CCN(CC)c1ccc(/C=N/C2CCCCC2/N=C/c2ccc(N(CC)CC)cc2O)c(O)c1,CN(C)C=O,432.0
8745,CCCCN1C(=O)C(=C/C=C/C=C/C=C2N(CCCC)c3ccccc3N2CCCC)C(=O)N(CCCC)C1=S,ClC(Cl)Cl,702.0
11779,Cc1c2oc3c(C)c(N)cc(C(=O)NC4OC(=O)C(C(C)C)N(C)C(=O)CN(C)C(=O)C5CCCN5C(=O)C(C(C)C)NC4=O)c3nc-2c(C(=O)NC2OC(=O)C(C(C)C)N(C)C(=O)CN(C)C(=O)C3CCCN3C(=O)C(C(C)C)NC2=O)c(N)c1=O,c1ccncc1,648.0671398
4990,O=Cc1ccc(C2=C3C=c4c(oc5ccccc45)=[N+]3[B-](F)(F)n3c2cc2c4ccccc4oc23)cc1,CC#N,611.0
2374,CN(C)c1ccc(-c2nc3c(c4c2-c2ccccc2CC4)-c2ccccc2CC3)cc1,ClCCl,449.0
1632,N#Cc1c(-n2c3ccc(I)cc3c3cc(I)ccc32)c(C#N)c(-n2c3ccc(I)cc3c3cc(I)ccc32)c(-n2c3ccc(I)cc3c3cc(I)ccc32)c1-n1c2ccc(I)cc2c2cc(I)ccc21,Cc1ccccc1,533.0
8976,C(=C/c1ccnc2ccccc12)\c1ccc(/C=C/c2ccnc3ccccc23)cc1,OCCO,459.0
2298,COc1ccc(/C=C/C2=[O+][B-](F)(F)OC(/C=C/c3ccc(OC)cc3)=C2c2ccccc2)cc1,CC#N,564.0
7636,COc1ccc2n1[B-](F)(F)[N+]1=CC=CC1=C2c1ccccc1,CCOC(C)=O,514.0
4252,CCCCCCCCCCn1nnc(-c2ccc(C#Cc3ccc(C#Cc4ccc(-c5nnn(CCCCCCCCCC)n5)cc4)c4nc5c6ccccc6c6ccccc6c5nc34)cc2)n1,ClCCl,502.0
12143,c1ccc(-c2nn(-c3ccccc3)c3nc4ccccc4cc23)cc1,C1CCOC1,467.7268475
2721,C(=C/c1ccccc1/C=C/c1c2ccccc2cc2ccccc12)\c1ccncc1,C1CCOC1,498.0
11275,c1ccc2c(c1)-c1ccccc1C21c2ccccc2-c2sc3c(c21)C1(c2ccccc2-c2ccccc21)c1ccccc1-3,C1CCOC1,403.0
9778,c1ccc(-c2ccc3c(c2)c2cc(-c4ccccc4)ccc2n3-c2ccc3c(c2)c2cc(-n4c5ccc(-c6ccccc6)cc5c5cc(-c6ccccc6)ccc54)ccc2n3-c2ccc(-c3nc(-c4ccccc4)nc(-c4ccccc4)n3)cc2)cc1,O=P(c1ccccc1)(c1ccccc1)c1ccccc1Oc1ccccc1P(=O)(c1ccccc1)c1ccccc1,480.0
6319,CN(CCO)c1ccc(/C=C/C2=C(C#N)C(C(C#N)C#N)OC2(C)C)cc1,ClCCl,629.0
1736,O=c1oc2cc3ccccc3cc2nc1-c1ccccc1,CCCCCC,500.0
6343,CN(C)c1ccc(-c2cc(-c3ccc(C#N)cc3)nn2C)cc1,Cc1ccccc1,410.0
9875,CCn1c2ccccc2c2cc(C#Cc3cc(C#Cc4ccc5c(c4)c4ccccc4n5CC)nc(SC)n3)ccc21,CN(C)C=O,502.0
5736,COc1ccccc1-c1nc(-c2ccc(C(F)(F)F)cc2)n(-c2ccc(C)cc2)c1-c1ccccc1OC,CC(C)O,434.0
10939,CN(C)c1ccc(/C=C/c2ccc([N+](=O)[O-])c(O)c2)cc1,C1COCCO1,633.0
8962,COC(=O)c1nc(-c2ccc(OC)cc2)oc1C,C1CCCCC1,306.0
5094,COc1ccc(-n2nc(C#N)c(NC3CCCCC3)n2)cc1,CC#N,402.0
8071,CCCC1(CCC)c2cc(-c3ccc4c(c3)C(CCC)(CCC)c3cc(C(C)(C)CC)ccc3-4)ccc2-c2ccc(-c3ccc4c(c3)C(CCC)(CCC)c3cc(C(C)(C)CC)ccc3-4)cc21,C1CCCCC1,400.0
8456,COc1cccc2cc(-c3ccc([N+](=O)[O-])cc3)c(=O)oc12,C1CCOC1,373.0
8144,CCOC(=O)c1c2c3c(ccc(F)c3c3cc4ccccc4cc13)N(C)C2=O,CC#N,415.0
8267,F[B-]1(F)n2c(c3cc4ccccc4cc3c2-c2ccccc2)C=C2c3cc4ccccc4cc3C(c3ccccc3)=[N+]21,c1ccccc1,785.0
9960,CC(C)(C)c1ccc2c(c1)c1cc(C(C)(C)C)ccc1n2-c1cccc(C(=O)c2cccc(-n3c4ccc(C(C)(C)C)cc4c4cc(C(C)(C)C)ccc43)n2)n1,ClCCl,383.5968379
2550,COc1ccc2cc3c(C)cc(=O)oc3cc2c1,CCO,464.0
9249,CC(C)c1cc(C(C)C)c(B2c3ccccc3Oc3cc(N4c5ccccc5C5(c6ccccc6Oc6ccccc65)c5ccccc54)ccc32)c(C(C)C)c1,Cc1ccccc1,451.0
9469,Cc1nc(-c2ccc(-n3c4ccccc4c4ccccc43)cc2)cc(-c2ccc(-n3c4ccccc4c4ccccc43)cc2)n1,Cc1ccccc1,402.0
938,C1=CSC(=C2SC=C(/C=C/C=C/C=C/C3=CSC(=C4SC=CS4)S3)S2)S1,CN(C)C=O,765.0
10770,O=S(=O)(O)c1cccc2cccc(Nc3ccccc3)c12,CO,490.0
10862,Cc1cc(C)c2c(c1)nc1c(=O)n(C)c(=O)nc-1n2C,CC#N,552.0
8099,CCC1(CC)c2cc(/C=C/c3cc(Br)c(/C=C/c4ccc5c(c4)C(CC)(CC)c4cc(N6c7ccccc7Sc7ccccc76)ccc4-5)cc3Br)ccc2-c2ccc(N3c4ccccc4Sc4ccccc43)cc21,C1CCOC1,522.0
11922,O=C(c1ccc(C(=O)c2ccc(N3c4ccccc4Oc4ccccc43)cc2)cc1)c1ccc(N2c3ccccc3Oc3ccccc32)cc1,Cc1ccccc1,600.0
4852,c1ccc2cc(-c3c4ccccc4c(-c4ccc(-n5c6ccccc6c6ccccc65)cc4)c4ccccc34)ccc2c1,ClCCl,427.0
2644,CNC(=O)[C@H](C)NC(=O)c1cccc2c1C#Cc1c(NC(=O)[C@@H](NC(C)=O)C(C)C)cccc1OCCCO2,CC#N,394.0
10713,Oc1ccccc1-c1nc2c(c3c1-c1ccccc1CC3)-c1ccccc1CC2,ClCCl,413.0
3165,CNc1cccc2c1C(=O)c1ccccc1-2,C1CCCCC1,497.0
3639,CCCCC1(CCCC)c2cc(C#Cc3ccc4ccc5cccc6ccc3c4c56)ccc2-c2ccc(C#Cc3ccc4ccc5cccc6ccc3c4c56)cc21,C1CCOC1,437.0
5069,F[Si-](F)(c1ccccc1)(c1ccccc1)c1cc2ccccc2c2ccccc12,C1CCOC1,359.0
6363,COC(=O)c1c(NC(C)(C)C)oc(-c2ccc(-c3ccccc3)cc2)c1C(=O)OC,CC#N,446.0
8019,CCOC(=O)c1c(N)sc(/N=C/c2cccs2)c1C(=O)OCC,CC#N,480.0
2061,COc1ccc(C2CC(=O)Oc3c2c2nc4ccccc4nc2c2ccccc32)cc1,ClC(Cl)Cl,449.0
4645,CC1=N/C(=C\c2ccccc2N(C)C)C(=O)N1C,O,426.0
6470,O=P1(c2ccccc2)C2=C(c3ccccc31)C(c1ccccc1)(c1ccccc1)c1cc(N(c3ccccc3)c3ccccc3)ccc12,CO,608.0
2812,COC(=O)C(Cc1ccc2oc(-c3ccc(-n4c5ccccc5c5ccccc54)cc3)nc2c1)NC(=O)OC(C)(C)C,CC(C)CC(C)(C)C,361.0108303
11502,COc1cc(/C=C/c2ccccc2)cc(OC)c1,CC#N,390.0
10587,c1ccc2c(c1)cc(-c1cc(-c3nccs3)nc(-c3nccs3)c1)c1ccccc12,CCCCCC,361.0
11852,N#Cc1ccc(N)c(C#N)c1,CCO,389.0
11017,Cc1ccc(-c2ccc(/C=C/c3ccc(Cl)cc3)cn2)nc1,CC#N,392.0
2549,COC(=O)C(Cc1ccc2oc(-c3ccc(N(C)C)cc3)nc2c1)NC(=O)OC(C)(C)C,CC(C)O,396.9986899
9915,CCC1=C(C)C2=C(c3cc(C(=O)Cl)cc(C4=C5C(C)=C(CC)C(C)=[N+]5[B-](F)(F)n5c(C)c(CC)c(C)c54)c3)c3c(C)c(CC)c(C)n3[B-](F)(F)[N+]2=C1C,C1CCOC1,549.0
7288,CN(C)c1cccc2c1C(=O)c1ccccc1-2,CCO,541.0
6466,Cn1c(=O)c(/N=N/c2cc(S(=O)(=O)O)ccc2S(=O)(=O)O)c(O)c2ccccc21,Cc1ccccc1,490.0
9748,N#Cc1nc2c3ccc(-c4ccc(-n5c6ccccc6c6ccccc65)cc4)cc3c3cc(-c4ccc(-n5c6ccccc6c6ccccc65)cc4)ccc3c2nc1C#N,Cc1ccccc1,520.0
4174,CN(C)c1cc(C#N)c(N(C)C)c(C#N)c1,c1ccccc1,519.4805195
5836,c1ccc(-c2nc(-c3ccc(-c4ccc(-n5c6ccccc6c6ccccc65)cc4)cn3)oc2-c2ccccc2)cc1,C1COCCO1,406.0
10732,c1ccc2sc(-c3ccc(-c4nnc(-c5ccc(-c6nnc(-c7ccc(-c8cc9ccccc9s8)s7)o6)cc5)o4)s3)cc2c1,C1COCCO1,397.0
1024,C1=C(c2ccc(-c3cccs3)s2)CCCC1,CCO,445.0
4848,CC1=CC(C)=[N+]2C1=C(c1ccc(N(C)C)cc1)c1c(C)cc(C)n1[B-]2(F)F,CCCCCC,511.0
6050,CC(=O)c1ccc2ccc3cccc4ccc1c2c34,CCO,436.0
11350,CN(C)c1ccc(/C=C/c2cc[n+](CCCOCC(COCCC[n+]3ccc(/C=C/c4ccc(N(C)C)cc4)cc3)(COCCC[n+]3ccc(/C=C/c4ccc(N(C)C)cc4)cc3)COCCC[n+]3ccc(/C=C/c4ccc(N(C)C)cc4)cc3)cc2)cc1,ClCCl,597.0
1951,CN(C)c1ccc(C(=O)Nc2ccc(F)cc2)cc1,CCOCC,500.0
7514,c1ccc2c(c1)c1ccccc1c1[nH]c(-c3ccc(-c4nc5c6ccccc6c6ccccc6c5[nH]4)cc3)nc21,CCO,461.0
351,Nc1ccc2c(ccc3[n+]2[B-](F)(F)n2c-3cc3c4ccccc4c4ccccc4c32)c1,ClCCl,577.0
9781,N#Cc1ccc(C2=Cc3cc4ccccc4cc3P2(=O)c2ccccc2)cc1,ClCCl,434.0
7289,CCOC(=O)c1cc(C(=O)OCC)c2cccc(OC)c2n1,CCO,526.0
5480,Cc1ccc(C2=C3C=CC(/C=C/c4ccccc4)=[N+]3[B-](F)(F)n3c(/C=C/c4ccccc4)ccc32)cc1,C1CCOC1,645.0
9623,COc1ccccc1C1=C2C(C)=CC(C)=[N+]2[B-](F)(F)n2c(C)cc(C)c21,CCCCCC,516.0
4797,COc1ccc(/C=C/C2=CC(/C=C/c3ccc(OC)cc3)=[O+][B-](OC(C)=O)(OC(C)=O)O2)cc1,CS(C)=O,548.0
5863,c1ccc(N(c2ccccc2)c2ccc(-c3cccc4nc5ccccc5cc34)cc2)cc1,CN(C)C=O,566.0
3662,COC(=O)c1nc2cnc(N)nc2n1Cc1ccccc1,ClCCl,379.0
7578,CCCCn1c(-c2ccc(-c3nnc(-c4ccccc4)o3)cc2)nc2c3ccccc3c3ccccc3c21,ClCCl,446.0
4657,CCCC(=O)c1c2c(c(C(=O)CCC)c3c1OC(CC(=O)OC)(C(=O)OC)O3)OCO2,CCO,569.0
9614,Cc1ccc(C2=C3C=CC(/C=C/c4ccccc4)=[N+]3[B-](F)(F)n3c(Cl)ccc32)cc1,Cc1ccccc1,588.0
3150,O=Cc1ccc(-c2ccc(C3=CCCCC3)s2)s1,OCCOCCO,508.0
7198,O=Cc1c(O)c(-c2nc3ccccc3s2)cc2ccccc12,CC#N,505.0
8718,CN(C)CCNc1ccc([N+](=O)[O-])cc1[N+](=O)[O-],CC#N,399.0
4813,F[B-]1(F)n2cccc2C(c2ccc(-c3c4ccccc4c(-c4ccccc4)c4ccccc34)cc2)=C2C=CC=[N+]21,Cc1ccccc1,524.0
6092,CNc1ccc(/C=C/C#N)cc1,C1COCCO1,399.0
8644,CCCCCCCCCCCCCCCCOc1cc(C#Cc2ccc3ccccc3c2)c(OCCCCCCCCCCCCCCCC)cc1C#Cc1ccc(C=C(C#N)C#N)cc1,ClCCl,618.0
5143,CCCCC1(c2ccccc2)Nc2c(-c3ccc(N(C)C)cc3)ccc(-c3ccc(N(C)C)cc3)c2N=C1c1ccccc1,Cc1ccccc1,547.0
2939,OCC1O[C@@H](Cc2cc(O)cc(/C=C/c3ccc(O)c(O)c3)c2)[C@H](O)[C@@H](O)[C@@H]1O,C1COCCO1,370.0
4510,CN(C)c1ccc(-c2ccc(-c3nc(C#N)c(C#N)n3C)cc2)cc1,C1CCCCC1,398.0
1340,COc1ccc(-c2cc3c(cc2OC)-c2c(c4c(c5c2-c2cc(OC)c(-c6ccc(OC)cc6)cc2C5)C(=O)N(CCC(C)C)C4=O)C3)cc1,C1CCOC1,493.0
11489,CCCCCCCCCCn1cc(C2=C(c3cn(CCCCCCCCCC)c4ccccc34)C(=O)N(C)C2=O)c2ccccc21,C1CCOC1,586.0
1391,CC(C)(C)NC(=O)c1ccc(-c2cc3ccccc3o2)c2ccc3c4ccccc4c4ccccc4c3c12,ClCCl,441.0
7701,CC1(C)c2ccccc2N(c2ccc(-c3ccc(C#N)cn3)cc2)c2ccccc21,N#Cc1ccc2c(c1)c1ccccc1n2-c1cccc(-n2c3ccccc3c3ccccc32)c1,495.0
6967,COc1ccc(C#Cc2ccc(C#Cc3ccc(P(=O)(c4ccc(C#Cc5ccc(C#Cc6ccc(OC)cc6)cc5)cc4)c4ccc(C#Cc5ccc(C#Cc6ccc(OC)cc6)cc5)cc4)cc3)cc2)cc1,ClCCl,406.0
9640,CCc1c(C)[nH]c(C2=[N+]3C(=Cc4c(C)cc(C)n4[B-]3(F)F)c3ccccc32)c1C,CC#N,632.0
10848,CCOC(=O)c1c(-c2c(Cl)c3cc(C)ccc3oc2=O)nn(-c2cccc(Cl)c2)c1C(=O)OCC,ClCCl,420.0
7328,CCOC(=O)CCOc1ccc(C(c2c(C)[nH]c3ccccc23)c2c(C)[nH]c3ccccc23)cc1,CO,349.0
10502,CN(C)c1ccc(C#Cc2ccc(C#N)cc2)cc1,C1CCCCC1,382.9950211
1583,COC(=O)C(NC(=O)OC(C)(C)C)c1ccc2oc(-c3cc(OC)ccc3OC)nc2c1,CC#N,390.0
1412,CC1CCC(O)(c2ccc(-c3cccs3)s2)CC1,CCO,406.0
7366,CC(=O)c1c2c(cc3c(N(C)C)cccc13)CCC2,C1CCOC1,543.0
10728,CCCCOc1ccc(-c2cc3c(o2)c(-c2ccc(OCCCC)cc2)c2n3[B-](F)(F)[N+]3=Cc4c(-c5ccc(OCCCC)cc5)c5oc(-c6ccc(OCCCC)cc6)cc5n4[B-](F)(F)[N+]3=C2)cc1,ClC(Cl)Cl,660.0
2256,C(/C=C/c1ccc2ncnc(Nc3ccccc3)c2c1)=C\c1ccccc1,ClC(Cl)Cl,422.0
9081,Clc1nc(Cl)nc(Nc2ccc3c4cccc5cccc(c6cccc2c63)c54)n1,C1COCCO1,472.0
7998,Cc1ccc2ccc3cccc4ccc1c2c34,CO,377.0
2212,CC1(C)c2ccccc2-c2cc3c4ccccc4n(-c4ccc(-c5nc(-c6ccccc6)nc(-c6ccccc6)n5)cc4)c3cc21,Cc1ccccc1,456.0
5603,CCCCN1/C(=C/C=C/C2=[N+](C)c3ccccc3C2(C)C)C(C)(C)c2ccccc21,CS(C)=O,565.0
2622,CN(C)c1ccc(/C=C/c2nc3ccccc3s2)cc1,C1CCCCC1,447.0
9436,Cc1ccc(OCc2cc(=O)oc3c2ccc2ccccc23)cc1,ClCCl,427.0
5417,COCCOCCOc1ccc(OCCOCCOC)c(C=O)c1,CN(C)C=O,424.0
4938,COC(=O)c1cc(=O)n(C)c2cc(-c3cc4c5c(c3)CCCN5CCC4)sc12,CN(C)C=O,509.0
8957,CC(C)(C)c1ccc2c(c1)c1cc(C(C)(C)C)ccc1n2-c1ccc2oc3nc4oc5ccc(C(F)(F)F)cc5c4cc3c2c1,CS(C)=O,517.0
3624,COCCOCCOc1ccc(OCCOCCOC)c(C=O)c1,CCCCO,456.0
9706,c1ccc(/C(=C(\c2ccccc2)c2ccccc2-c2ccc(-c3ccccc3)cc2)c2ccccc2-c2ccc(-c3ccccc3)cc2)cc1,C1CCOC1,492.0
4267,CN(C)c1ccc(-c2cc[n+](C)cc2)s1,CCO,507.0
11007,CC1=[N+]2C(=C(c3c4ccccc4c(-c4ccccc4)c4ccccc34)c3ccc(C)n3[B-]2(F)F)C=C1,Cc1ccccc1,532.0
463,Cc1nn(-c2ccccc2)c(C2=NN(c3ccc(Br)cc3)[C@@H](c3ccccc3)[C@@H]2c2ccccc2)c1C#N,C1COCCO1,481.0
1754,C1=CN2C[n+]3cccc(OCc4ccccc4)c3N=C2C(OCc2ccccc2)=C1,CO,487.0
6922,CC(C)[Si](C#Cc1ccc2c(C#C[Si](C(C)C)(C(C)C)C(C)C)cc3c4cc(C#C[Si](C(C)C)(C(C)C)C(C)C)ccc4c(C#C[Si](C(C)C)(C(C)C)C(C)C)cc3c2c1)(C(C)C)C(C)C,ClCCl,408.0
5638,CN(C)c1ccc(/C=C/c2cc(/C=C/c3ccc(N(C)C)cc3)nc(N)n2)cc1,Cc1ccccc1,466.0
6634,CC1=C(C2=C(C)C(C)=[N+]3C2=Cc2cc(C)c(C)n2[B-]3(F)F)C2=Cc3cc(C)c(C)n3[B-](F)(F)[N+]2=C1C,ClCCl,598.0
6077,CN(C)c1c2ccccc2cc2ccccc12,CCO,389.0
9772,O=C1OCC2=C1C(c1ccccc1)c1cc3c(cc1N2CCO)CCC3,CCCCCC,387.0
378,COc1ccc2cc(/C=C/c3ccccc3)c(=O)oc2c1,CC#N,464.0
3106,Cc1ccc(N(c2ccc(C)cc2)c2ccc(-c3ccc4c(c3)C(=O)c3ccccc3C4=O)cc2)cc1,ClC(Cl)(Cl)Cl,610.0
4803,CCN(CC)c1ccc2c(-c3ccccc3C(=O)[O-])c3ccc(=[N+](CC)CC)cc-3oc2c1,O,580.0
1335,O=c1c2ccccc2c2c(C#C[Si](c3ccccc3)(c3ccccc3)c3ccccc3)c3c(=O)c4ccccc4c3c(C#C[Si](c3ccccc3)(c3ccccc3)c3ccccc3)c12,ClC(Cl)Cl,570.0
10786,COC(=O)/C=C/c1ccc2ccc3cccc4ccc1c2c34,ClCCl,442.0
11885,C(/C=C/c1ccc(N(c2ccccc2)c2ccccc2)cc1)=C\c1ccncc1,CO,540.0
2716,CC1(C)C(/C=C/C=C/C=C/C=C2/N(CCCCCC(=O)O)c3ccc(S(=O)(=O)[O-])cc3C2(C)C)=[N+](CCCCS(=O)(=O)[O-])c2ccc(S(=O)(=O)[O-])cc21,O,771.0
7536,N#CC(C#N)=Cc1ccc2c(c1)c1ccccc1n2-c1cc2ccccc2c2ccccc12,CCCCC,451.0
10158,CC(C)(C)c1ccc(-c2nc3c4ccc(-c5ccc6ccccc6c5)cc4c4cc(-c5ccc6ccccc6c5)ccc4c3n2-c2ccc(C(C)(C)C)cc2)cc1,CCOC(C)=O,396.0
7632,CCCCCCCCCCCCn1cccc1/C=C/c1ccc(/C=C/c2cccn2CCCCCCCCCCCC)cc1,Cc1ccccc1,443.0
8085,CCN(C(C)=O)c1cc2c(cc1C)C(c1ccccc1C(=O)O)=C1CCCC(/C=C/C3=[N+](C)c4ccccc4C3(C)C)=C1O2,CCO,687.0
7305,COc1ccc2oc(-c3cc4cc(OC)ccc4oc3=O)cc2c1,CCOC(C)=O,443.0
7681,CCCCCOc1cc2oc(=O)c3c4ccc(N(c5ccc(C)cc5)c5ccc(C)cc5)cc4c4ccc5cccc6c(c1)c2c3c4c56,C1CCOC1,605.0
1811,CCN(CC)c1ccc(-c2ccc(-c3nc(N4CCOCC4)c4ccccc4n3)s2)cc1,Cc1ccccc1,476.0
10115,CCOC(=O)CSc1nc(C)c(CC)c(C#N)c1C#N,c1ccccc1,407.0
6923,NS(=O)(=O)c1ccc(N2N=C(c3ccc(O)cc3)CC2c2ccc(Cl)cc2)cc1,CC(C)O,423.0
1894,COc1ccc(-c2csc(/C(C#N)=C\Nc3ccc(C#N)cc3)n2)cc1,CCO,444.0
9049,CCN1c2ccc(/C=N/Nc3ccccn3)cc2Sc2cc(-c3ccc(OC)cc3)ccc21,CS(C)=O,503.0
6598,CCCCCC(=O)c1c2c(c(C(=O)CCCCC)c3c1OC1(CCCC1)O3)OC1(CCCC1)O2,CC#N,561.0
7662,CCCCn1c2ccc(/C=C(\C#N)c3ccc([N+](=O)[O-])cc3)cc2c2cc(Cn3c(-c4ccc5c(c4)c4ccccc4n5CCCC)nc4ccccc43)ccc21,CN(C)C=O,581.0
11664,COc1cc(S(=O)(=O)[O-])c2ccc3c(S(=O)(=O)[O-])cc(S(=O)(=O)[O-])c4ccc1c2c43,O,435.9958144
1189,COc1ccc2c3c(cccc13)C(=O)c1ccccc1-2,O=C1CCCCC1,520.0208008
5194,C(=C/c1ccc(N(c2ccccc2)c2ccccc2)cc1)\c1ccc(/C=C/c2ccc(N(c3ccccc3)c3ccccc3)cc2)cc1,CS(C)=O,519.0
8205,Cc1sc(-c2ccc(-c3nc(-c4ccccc4)c(-c4ccccc4)[nH]3)cc2)c(C)c1C1=C(c2c(C)n(C)c3ccccc23)C(F)(F)C(F)(F)C1(F)F,C1CCOC1,392.0
7093,CN1CCN(CCCN2c3ccccc3Sc3ccc(C(F)(F)F)cc32)CC1,CO,467.0
11475,Cc1n[nH]c2c1C(c1ccc([N+](=O)[O-])cc1)C(C#N)=C(N)O2,C1COCCO1,390.0
3454,COc1ccc(N(c2ccc(OC)cc2)c2ccc3ccc4c(B(c5c(C)cc(C)cc5C)c5c(C)cc(C)cc5C)ccc5ccc2c3c54)cc1,CC(C)=O,658.0
11800,O=c1c2cccc3cccc(c32)c2nc3c(F)c(F)c(F)c(F)c3n12,ClCCl,466.0
11061,O=C(c1ccccc1)c1ccc(-n2c3ccccc3c3c2c2ccccc2n3-c2ccccc2)cc1,Cc1ccccc1,520.0
6041,CC1=[N+]2C(=C(c3ccc(N4CCOCC4)cc3)c3ccc(C)n3[B-]2(F)F)C=C1,CC(=O)C(C)(C)C,530.0
9030,CCCCC(CC)Cn1c2ccc(C(=C(C#N)C#N)c3ccccc3)cc2c2c(-c3ccc(Br)cc3)c3c(c(-c4ccc(Br)cc4)c21)c1cc(C(=C(C#N)C#N)c2ccccc2)ccc1n3CC(CC)CCCC,CCO,576.0
10972,N#CC(C#N)=C(/C=C/c1ccc(N(c2ccccc2)c2ccc(/C=C/C(=C(C#N)C#N)c3ccccc3)cc2)cc1)c1ccccc1,ClC(Cl)Cl,604.0
4613,Cc1cc(C)n2c1C=C1c3ccccc3C(c3[nH]c4ccccc4c3C)=[N+]1[B-]2(F)F,CO,624.0
3992,COc1ccc2c(-c3nc(-c4cccc(C)c4)no3)cc(=O)oc2c1,ClC(Cl)Cl,450.0
11337,CN(c1ccccc1)c1ccc(/C=C2\C(=O)c3ccccc3S2(=O)=O)cc1,ClCCl,547.0
1030,Cc1c(C)n2c(COC(=O)c3ccccc3I)c(C)c(=O)n2c1=O,CCO,461.0
7008,CC(C)(C)c1ccc(-c2nc3c4ccc(-c5ccccc5)cc4c4cc(-c5ccccc5)ccc4c3n2-c2ccc(C(C)(C)C)cc2)cc1,ClCCl,390.0
2220,c1ccc2c(-c3ccc(-c4nnc(-c5ccc(-c6nnc(-c7ccc(-c8cccc9ccccc89)s7)o6)cc5)o4)s3)cccc2c1,CC#N,458.0
3774,CN(C)CCN(Cc1c2ccccc2c(CN(CCN(C)C)c2ccc([N+](=O)[O-])cc2[N+](=O)[O-])c2ccccc12)c1ccc([N+](=O)[O-])cc1[N+](=O)[O-],CN(C)C=O,424.0
10924,CCC1(CC)c2cc(/C=C/c3cc(C#N)c(/C=C/c4ccc5c(c4)C(CC)(CC)c4cc(N6c7ccccc7Sc7ccccc76)ccc4-5)cc3C#N)ccc2-c2ccc(N3c4ccccc4Sc4ccccc43)cc21,CCCCCC,518.0
9725,C[Si]1(C)c2cc(-c3cccs3)ccc2C=Cc2ccc(-c3cccs3)cc21,ClCCl,415.0
1755,Cc1ccc(C2=C3C=CC=[N+]3[B-](F)(F)n3cccc32)cc1,CCO,514.5
10122,Cc1ccc(C2=C3C=c4c(oc5ccccc45)=[N+]3[B-](F)(F)n3c2cc2c4ccccc4oc23)cc1,CC#N,595.5
8963,O=c1cc2cc(O)c3cc(O)cc4ccc(o1)c2c43,CC1CCCO1,483.0
8593,COCCOCCOCN1C(=O)c2ccc3c(-c4ccccc4)c4c5ccc6c7c(ccc(c(-c8ccccc8)c4c4ccc(c2c34)C1=O)c75)C(=O)N(COCCOCCOC)C6=O,ClCCl,695.0
4327,Cc1ccc(C2=C3C=CC=[N+]3[B-](F)(F)n3cccc32)cc1,CO,513.5
10471,Cc1cc(O)c(C(=O)/C=C/c2ccccc2[N+](=O)[O-])c(=O)o1,CC#N,480.0
110,COc1ccc(C#Cc2c3ccccc3c3n2[B-](F)(F)[N+]2=C(C)C=C(C)C2=C3)cc1,CCOC(C)=O,623.0
11627,COc1cc(C=O)cc(-c2[nH]c(=O)n3c2-c2ccccc2C3=O)c1O,CO,490.0
11361,CCN(CC)c1ccc(-n2c(C)ccc2C)cc1,CC#N,361.0
5731,COC(=O)C(Cc1ccc2oc(-c3c4ccccc4cc4ccccc34)nc2c1)NC(=O)OC(C)(C)C,ClCCl,490.9999705
2917,CCOC(=O)c1cc(C(=O)OCC)c2cc(NC)ccc2n1,CCO,539.0
10702,CCCCCCN(CCCCCC)c1ccc(C#Cc2ccc([N+](=O)[O-])cc2)cc1,ClCCl,618.0
1515,Cn1c(=O)nc2n(C)c3ccccc3nc-2c1=O,CC#N,529.0
11581,CC(C)(C)c1ccc2c(c1)c1cc(C(C)(C)C)ccc1n2-c1cccc2c1Oc1c(-c3nc(-c4ccccc4)nc(-c4ccccc4)n3)cccc1C2(C)C,Cc1ccccc1,451.0
11295,CCCCc1c2ccccc2c(-c2ccc(-c3nc4cc(CC(NC(=O)OC(C)(C)C)C(=O)OC)ccc4o3)cc2)c2ccccc12,CN(C)C=O,449.5008293
12235,COC1=[N+]2C(=C(c3ccccc3)c3ccc(OC)n3[B-]2(F)F)C=C1,ClCCl,630.0
10303,CN(C)CCN(Cc1c2ccccc2cc2ccccc12)c1ccc([N+](=O)[O-])cc1[N+](=O)[O-],CC#N,394.0
2263,Oc1ccc(/N=C/c2ccccc2Oc2ccccc2)cc1,CCCCOC(C)=O,410.0
6810,COc1ccc(-c2nnc(-c3cc(-n4c5ccccc5c5ccccc54)c(-n4c5ccccc5c5ccccc54)cc3-c3nnc(-c4ccc(OC)cc4)o3)o2)cc1,Cc1ccccc1,459.0
11927,C(#Cc1ccc(-n2c3ccccc3c3ccccc32)cc1)c1ccccc1,ClC(Cl)Cl,379.0
10408,Cc1nc(-c2ccc(-n3c4ccccc4c4ccccc43)cc2)cc(-c2ccc(-n3c4ccccc4c4ccccc43)cc2)n1,C1CCOC1,423.0
10284,CCCCCCc1ccc(-n2c3[n+](c4c5ccccc5c5ccccc5c42)[B-](C)(C)c2ccc4ccccc4c2-3)cc1,Cc1ccccc1,444.0
893,CCOC(=O)C1=C(N)n2c(=O)c3ccccc3c(=O)n2C1c1ccccc1,CS(C)=O,519.0
1490,c1ccc(-c2nnc(-c3cc(-n4c5ccccc5c5ccccc54)c(-n4c5ccccc5c5ccccc54)cc3-c3nnc(-c4ccccc4)o3)o2)cc1,ClCCl,500.5191128
1850,CCC1(CC)c2ccccc2-c2c1c1c(c3c2C(CC)(CC)c2cc(B(c4c(C)cc(C)cc4C)c4c(C)cc(C)cc4C)ccc2-3)C(CC)(CC)c2cc(B(c3c(C)cc(C)cc3C)c3c(C)cc(C)cc3C)ccc2-1,CC#N,398.0
9003,F[B-]1(F)Oc2ccc(Br)cc2-c2c3c(c4c([n+]21)CCc1ccccc1-4)CCc1ccccc1-3,ClCCl,450.0
7612,COC(=O)C(Cc1ccc2oc(-c3ccc(N(C)C)cc3)nc2c1)NC(=O)OC(C)(C)C,CCCCCCCO,396.4949843
324,Cc1nnc(-c2cc(-n3c4ccccc4c4ccccc43)c(-n3c4ccccc4c4ccccc43)cc2-c2nnc(C)o2)o1,CC#N,504.624823
1215,N#C/C(=C\c1cc(/C=C(\C#N)c2ccc(C(F)(F)F)cc2)c(-c2ccc(N(c3ccccc3)c3ccccc3)cc2)cc1-c1ccc(N(c2ccccc2)c2ccccc2)cc1)c1ccc(C(F)(F)F)cc1,ClCCl,594.0
2933,CC(C)(C)NC(=O)c1ccc(-c2ccc(N3c4ccccc4Oc4ccccc43)cc2)c2ccc3c4ccc(F)cc4c4cc(F)ccc4c3c12,ClCCl,573.0
4689,c1ccc(-c2nc(-c3ccccc3)nc(-c3cc(-n4c5ccccc5c5ncccc54)c(-n4c5ccccc5c5ccccc54)c(-n4c5ccccc5c5ncccc54)c3)n2)cc1,CC#N,525.3488372
9070,CCCn1c2cccc3oc4cccc5c4[c+](c32)c2c1cccc2n5CCC,CC#N,590.0
10869,O=C1CC(=O)Nc2cc(Cl)ccc2N1,CS(C)=O,336.0
10520,COc1cc2c(cc1-c1ccc(N(c3ccccc3)c3ccccc3)cc1)Cc1c3c(c4c(c1-2)-c1cc(OC)c(-c2ccc(N(c5ccccc5)c5ccccc5)cc2)cc1C4)C(=O)N(CCC(C)C)C3=O,C1CCOC1,563.0
11253,O=P1(c2ccccc2)C2=C(c3ccccc31)S(=O)(=O)c1ccccc12,CCO,471.0
11923,CCC1(CC)c2cc(Br)ccc2-c2c1c1c(c3c2C(CC)(CC)c2cc(-c4cccs4)ccc2-3)C(CC)(CC)c2cc(-c3cccs3)ccc2-1,C1CCOC1,388.0
1129,CC(=O)c1ccc2ccc3c(NCCC(=O)NCCCCCCc4nc5c(=O)[nH]c(N)nc5n4[C@H]4C[C@H](O)[C@@H](CO)O4)ccc4ccc1c2c43,CN(C)C=O,543.0
11611,Cc1cc(-c2ccc(C(C)(C)C)cc2)cc(C)[o+]1,CC#N,430.0
2918,Cc1ccc(C2=C3C=c4c(oc5ccccc45)=[N+]3[B-](F)(F)n3c2cc2c4ccccc4oc23)cc1,CO,594.5
9705,CCN(CC)c1ccc2nc3ccc(=[N+](CC)CC)cc-3oc2c1,CCCCc1ccc(/N=C/c2ccc(OC)cc2)cc1,668.0
3084,Cc1cc(C)c(B(c2c(C)cc(C)cc2C)c2cc3cc(N(C)C)c4ccccc4c3c3c2ccc2ccccc23)c(C)c1,ClC(Cl)Cl,536.0
4588,O=S(=O)([O-])c1ccc(O)c2ccccc12,CN(C)C=O,366.0
4304,CCCCN1/C(=C\C=C\C=C\C2=[N+](CCCC)c3ccc4ccccc4c3C2(C)C)C(C)(C)c2c1ccc1ccccc21,CN(C)C=O,705.0
2795,COC(=O)c1ccccc1-c1c2ccc(=[NH2+])cc-2oc2cc(N)ccc12,CN(C)C=O,538.0
5994,CCn1c2ccccc2c2cc(C#Cc3cc(C#Cc4ccc5c(c4)c4ccccc4n5CC)nc(C#N)n3)ccc21,C1CCOC1,495.0
798,N#C/C(=C\c1ccc(C#N)cc1)c1nc(-c2ccc(Cl)cc2)cs1,CC#N,501.0
734,CNc1cccc2c1C(=O)c1ccccc1C2=O,CC#N,617.0
6128,CC(C)CCCCN1CCc2c1ccc1c3c(ccc21)CCCC3=O,Cc1ccccc1,554.0
2244,CN(C)c1ccc(C#Cc2ccc3ccc(=O)oc3c2)cc1,CC#N,438.0
178,CN(C)c1ccc(C#Cc2ccc3ccc4ccc(C#Cc5ccc(N(C)C)cc5)c5ccc2c3c45)cc1,CCO,543.0
8488,COc1ccc(-n2c3ccccc3c3cc(/C=C/C(=C(C#N)C#N)c4ccccc4)ccc32)cc1,Cc1ccccc1,526.0
9290,CC1=CC(C)=[N+]2C1=Cc1c3ccccc3c(C#Cc3cccs3)n1[B-]2(F)F,CCCCCC,628.0
1174,COc1ccc(/C=C/c2cc(/C=C/c3ccc(N(c4ccccc4)c4ccccc4)cc3)nc(/C=C/c3ccc(N(C)C)cc3)n2)cc1,C1CCOC1,436.0
9563,CCCCc1cc(C(=O)CCC)c2ccc3c(CCCC)cc(N4CCCCC4)c4ccc1c2c34,CN(C)C=O,556.0
10735,CCCCCCCCCCCCN(CCCCCCCCCCCC)c1ccc2c(c1)oc(=O)c1c(=O)oc3ccccc3c12,ClCCl,528.0
1831,CCCCC(CC)COC(=O)/C=C/c1c(OC)ccc(OC)c1OC,CO,405.0
9906,FC(F)(F)C(F)(F)C(F)(F)C(F)(F)C(F)(F)C(F)(F)C(F)(F)C(F)(F)CCOc1nnc(Cl)nn1,OCC(F)(F)F,553.0
6475,CN(C)c1ccc(-c2cc3ccc([N+](=O)[O-])cc3c(=O)o2)cc1,CCCCO,559.0
9843,O=c1oc2ccc3ccc(O)cc3c2nc1-c1ccccc1,c1ccccc1,486.0
1781,CCOC(=O)/C=C/c1ccc(N(C)C)cc1,C1CCCCC1,393.0
3201,N#Cc1nc2cnc(N)nc2n1Cc1ccccc1,ClCCl,381.0
198,COc1ccc(-c2ccc3c(c2)c2cc(-c4ccc(OC)cc4)ccc2n3-c2ccc(C(=O)c3ccc4sc5ccccc5c4c3)nc2)cc1,Cc1ccccc1,487.1980676
10053,COc1cc(C2CC(=O)Oc3c2c2nc4ccc(C)cc4nc2c2ccccc32)cc(OC)c1OC,ClC(Cl)Cl,439.0
4087,Cc1ccc(N(c2ccccc2)c2ccc3ccc4c(N(c5ccccc5)c5ccc(C)cc5)ccc5ccc2c3c54)cc1,ClCCl,484.0
5193,COc1ccc(/C=C/c2cc(/C=C/c3ccc(OC)cc3)nc(/C=C/c3ccc(OC)cc3)n2)cc1,CCCCCCC,402.0
548,CN(C)c1ccc(-c2ccc3n2[B-](F)(F)[N+]2=C(c4ccccc4)C=CC2=C3C(F)(F)F)cc1,CS(C)=O,800.0
3339,CCNc1ccc2c(C(F)(F)F)cc(=O)oc2c1,CCCCCC,417.0
11565,CC1=CC(/C=C/c2ccc(OCCCN=[N+]=[N-])cc2)=[N+]2C1=C(c1ccc(N(C)C)cc1)c1c(C)cc(C)n1[B-]2(F)F,CO,586.0
9066,Cc1csc2[n+]1[B-](F)(F)n1c(c3cccc4cccc1c43)=N2,Cc1ccccc1,502.0
6867,CC1(C)c2ccccc2N(c2cc[n+]3c(c2)-c2ccccc2O[B-]3(F)F)c2ccccc21,Cc1ccccc1,540.0
11231,Oc1ccc2ccccc2c1-c1nc(-c2ccccc2)c2ccccn12,CC#N,435.0
2532,N#CC(C#N)=C(/C=C/c1cn(-c2ccccc2)nc1-c1ccccc1)c1ccccc1,ClCCl,489.0
6145,C1=Cc2ccc3ccccc3c2N(c2ccccc2)B1c1ccccc1,C1CCCCC1,392.0
2314,[C-]#[N+]c1ccc(-c2ccc(NC)cc2)cc1,C1COCCO1,395.0
9057,Cc1ccc(-c2cc3ccccc3oc2=O)cc1,CCCCCC,425.0
8723,N#Cc1ccc2cc(C#Cc3cn([C@H]4C[C@H](O)[C@@H](CO)O4)c4ncnc(N)c34)ccc2c1,CCO,469.0
10105,COc1ccc(/C=C/c2cc(/C=C/c3ccc(OC)cc3)nc(/C=C/c3ccc(N(c4ccccc4)c4ccccc4)cc3)n2)cc1,C1CCOC1,511.0
6004,CC1=CC(C)=[N+]2C1=C(c1ccc(N3CCOCC3)cc1)c1c(C)cc(C)n1[B-]2(F)F,CC(C)=O,516.0
66,N#Cc1nc2c(nc1C#N)C1c3ccc(N(c4ccccc4)c4ccccc4)cc3C2c2ccc(N(c3ccccc3)c3ccccc3)cc21,Cc1ccccc1,542.0
5127,COc1ccc(-n2c3ccccc3c3cc(/C=C/C(=C(C#N)C#N)c4ccccc4)ccc32)cc1,CS(C)=O,601.0
4712,CCCCC[n+]1ccc(/C=C/c2ccc(N(C)C)c3ccccc23)c2ccccc21,c1ccccc1,675.0
5214,C=Cc1ccc(-c2ccc(-c3nnc(-c4ccc(-c5nnc(-c6ccc(-c7ccc(C=C)cc7)s6)o5)cc4)o3)s2)cc1,CC#N,400.0
3260,Cc1ccc2ccc3c(c2n1)N/C(=C\C1=C([O-])/C(=C/C2=[NH+]c4c(ccc5ccc(C)nc45)C2(C)C)C1=O)C3(C)C,CC#N,705.0
5033,CCCCOc1ccc(/C=C/C2=[N+]3C(=C(c4ccc(I)cc4)c4c(/C=C/c5ccc(N(C)C)cc5)cc(/C=C/c5ccc(OC)cc5)n4[B-]3(F)F)C(/C=C/c3ccc(OCCOCCOC)cc3)=C2)cc1,C1COCCO1,714.0
2572,O=S(=O)(O)c1cccc2cccc(Nc3ccccc3)c12,CCCCO,477.0
8382,Cc1nc2c(ccc3c2sc(/C=C/c2ccc(N4CCN(C)CC4)cc2)[n+]3C)s1,ClC(Cl)Cl,603.0
8819,CCCCC1(c2ccccc2)Nc2c(-c3ccc(N(C)C)cc3)ccc(-c3ccc(N(C)C)cc3)c2N=C1c1ccccc1,C1CCOC1,568.0
622,N#Cc1cccc(N)c1C#N,O,419.0
1681,CCC1=C(C)C2=C(c3c(C)cc(C)nc3-c3cccs3)c3c(C)c(CC)c(C)n3[B-](F)(F)[N+]2=C1C,CN(C)C=O,551.0
787,CCC1=C(C)C(=O)n2c1cc1c(C)c(CC(=O)O)c(C)n1c2=O,ClC(Cl)Cl,485.0
3332,FC(F)(F)c1ccc(-c2nnc(-c3cc(-c4nnc(-c5ccc(C(F)(F)F)cc5)o4)c(-n4c5ccccc5c5ccccc54)cc3-n3c4ccccc4c4ccccc43)o2)cc1,O=P(c1ccccc1)(c1ccccc1)c1ccccc1Oc1ccccc1P(=O)(c1ccccc1)c1ccccc1,480.0
6991,C/C(=C\c1ccc(C)cc1)c1nc2ccccc2s1,CO,400.0
7487,COc1ccc(-c2nc(C)cc(-c3ccc(-n4c5ccccc5c5ccccc54)cc3)n2)cc1,ClC(Cl)Cl,421.0
10723,CC(C)[Si](C#Cc1ccc(C#C[Si](C(C)C)(C(C)C)C(C)C)c2nc3c4ccccc4c(=O)c4ccccc4c3nc12)(C(C)C)C(C)C,ClCCl,455.0
3280,COc1ccc(C#Cc2nc3ccccc3nc2-c2cn(C)c3ccccc23)cc1,CCOC(C)=O,491.0
11068,c1ccc(-c2cc3cc4cccc5c(-c6ccccc6)cc6cc7cccc2c7c3c6c45)cc1,ClCCl,442.0
11178,COc1ccc(C2=CC(c3ccc4cc(N(C)C)ccc4c3)=[O+][B-](F)(F)O2)cc1,CC(C)=O,660.0
8303,c1ccc(-c2nc(-c3ccc(-c4nc(-c5ccccc5)c(-c5ccccc5)[nH]4)s3)[nH]c2-c2ccccc2)cc1,CC#N,458.0
7104,CCCSc1ccc2n1[B-](F)(F)[N+]1=CC=CC1=C2c1ccccc1,CO,583.0
10601,O=c1c2ccc(N3CCCCC3)cc2oc2cc(N3CCCCC3)ccc12,ClCCl,407.4688797
515,Clc1ccc(Nc2ccc3ccccc3n2)cc1,Cc1ccccc1,400.68
478,Cc1cc(C)c(C2=C3C=c4c(c5ccc(C(C)(C)C)cc5c5cc(C(C)(C)C)ccc45)=[N+]3[B-](F)(F)n3c2cc2c4ccc(C(C)(C)C)cc4c4cc(C(C)(C)C)ccc4c23)c(C)c1,ClCCl,715.0
9913,C=CCOC(=O)C(C#N)=C1C=C(/C=C/c2ccc(N(C)C)cc2)OC(/C=C/c2ccc(N(C)C)cc2)=C1,ClCCCl,614.0
6434,CCCCCCc1ccc2c(/C=N/c3ccc(/N=C/c4c(O)ccc5cc(CCCCCC)ccc45)cc3)c(O)ccc2c1,C1CCOC1,542.0
8775,Cc1ccc2c(c1)C(C)(C)c1cc(C)ccc1N2c1ccc2c(c1)C(C)(C)c1cc(N3c4ccc(C)cc4C(C)(C)c4cc(C)ccc43)ccc1S2(=O)=O,ClCCl,538.0
2647,Fc1ccc2sc3nc(-c4ccccc4)sc3c2c1,CS(C)=O,409.0
10045,F[B-]1(F)n2c(NCc3ccccc3)ccc2C(c2c(Cl)cccc2Cl)=C2C=CC(NCc3ccccc3)=[N+]21,ClCCl,594.0
6339,CC(C)(C)c1ccc(-c2nc3c4ccc(-c5ccccc5)cc4c4cc(-c5ccccc5)ccc4c3n2-c2ccc(C(C)(C)C)cc2)cc1,ClC=C(Cl)Cl,389.0
8439,COC(=O)C(Cc1ccc2oc(-c3ccc(N(C)C)cc3)nc2c1)NC(=O)OC(C)(C)C,CC(C)CO,396.4949843
1033,COc1ccc(-c2nc(-c3ccc(OC)cc3)c(-c3ccc(OC)cc3)[nH]2)cc1,CO,389.0
7072,COc1ccc2nc(/N=N/c3ccc(N(C)C)cc3)sc2c1,ClCCl,572.0
2598,CN(C)c1ccc(/C=C/C=C/c2ccc([N+](=O)[O-])c(O)c2)cc1,C1COCCO1,634.0
6244,O=C1OC(=O)c2ccc(N(c3ccccc3)c3c4ccccc4cc4ccccc34)c3cccc1c23,C1CCOC1,591.0
9880,CCCCC(CC)COC(=O)/C=C/c1c(OC)ccc(OC)c1OC,CCCCCC,359.0
8974,CCCCCCCCN1c2ccc(C#Cc3ccc(F)cc3)cc2Sc2cc(C=O)ccc21,CCCCCC,488.0
8305,O=C1c2ccccc2S(=O)(=O)c2ccc(-n3c4ccccc4c4ccccc43)cc21,Cc1ccccc1,535.5
6860,CCN(CC)c1ccc(-c2ccc(-c3nc(N4CCOCC4)c4ccccc4n3)s2)cc1,CC#N,544.0
344,CCCCC(CC)Cn1c2cc(C#N)ccc2c2cc(-c3ccc(N(c4ccccc4)c4ccccc4)cc3)c(C#N)cc21,CCOC(C)=O,463.0
5521,N#CC1=c2c3cccc4c(Br)ccc(c43)n2[B-](F)(F)[n+]2ccccc21,CC#N,541.0
7530,COc1ccc(-c2cc3c(s2)c(C(=O)c2ccccc2)cc(=O)n3Cc2ccccc2)cc1,ClCCl,547.0
1871,COc1cc(OC)cc(-c2ccc(-c3ccc(C#N)s3)s2)c1,CCCCO,443.0
2977,COc1ccc(-c2pc3ccccc3s2)cc1,CC#N,445.0
10538,c1cc(-c2ccc3c(c2)CCCO3)ccc1-c1ccc2c(c1)CCCO2,C1CCCCC1,351.0
3986,CN(C)c1ccc(/C=C/c2ccc(-c3nnc(-c4ccc(-c5cc6ccccc6s5)cc4)o3)cc2)cc1,CO,404.0
11781,C#Cc1ccc2cc3c(C)cc(=O)oc3cc2c1,CCO,437.0
2888,COc1cc(-c2nc(-c3ccccc3)c3ccccn23)ccc1O,CC#N,489.0
8241,CCCCCCN(c1ccccc1)c1ccc2c(c1)C(CC)(CC)c1cc(/C=C/c3ccc(/C=C(\C#N)C(=O)O)s3)ccc1-2,ClCCl,594.0
4623,CNCCCN1c2ccccc2CCc2ccccc21,O,400.0
4818,COc1ccc(/C=C/c2nc(/C=C/c3ccc(N(C)C)cc3)cc(/C=C/c3ccc(N(c4ccccc4)c4ccccc4)cc3)n2)cc1,CS(C)=O,589.0
6844,c1cc2ccc1CCCc1cc3c(cc1CCCc1ccc(c4nsnc14)CCC3)CCC2,CC#N,534.0
220,CC(C)(C)c1ccc(-c2nc3c4ccc(-c5cccc6ccccc56)cc4c4cc(-c5cccc6ccccc56)ccc4c3n2-c2ccc(C(C)(C)C)cc2)cc1,CCOCC,382.0
11263,CCOC(=O)C1=CN(c2ccccc2)C=CC1c1ccccc1,C1CCOC1,419.0
12002,Cc1nnc(-c2cc(-c3nnc(C)o3)c(-n3c4ccccc4c4ccccc43)cc2-n2c3ccccc3c3ccccc32)o1,Cc1ccccc1,444.0
7267,CC(C)(C)c1ccc2c(c1)c1cc(C(C)(C)C)ccc1n2-c1ccc(C#Cc2ccccc2)cc1,Cc1ccccc1,374.0
10198,CCN(CC)c1ccc(/C=C/c2ccc(-c3ccc(/C=C/c4ccc(N(CC)CC)cc4)s3)s2)cc1,Cc1ccccc1,530.0
7700,CCCCNc1ccc(NCCCC)c2c1C(=O)c1ccccc1C2=O,CCO,674.0
6147,CC1=CC(C)=[N+]2C1=C(c1ccc(-c3c4ccccc4c(-c4ccccc4)c4ccccc34)cc1)c1c(C)cc(C)n1[B-]2(F)F,CCO,510.0
6607,CC1=[N+]2C(=C(c3ccc(N4CCCCC4)cc3)c3ccc(C)n3[B-]2(F)F)C=C1,CC(=O)C(C)(C)C,523.0
4016,CN(C)c1ccc2c(c1)COc1c-2oc2ccccc2c1=O,Cc1ccccc1,441.0
6193,C[C@]12SC(=O)C=C1c1nc(-c3ccc(Cl)cc3Cl)[nH]c1C1=CC(=O)S[C@@]12C,CC#N,500.0
4248,COc1ccc2cc(C3=[N+]4C(=Nc5c(-c6ccccc6)cc(-c6ccc7cc(OC)ccc7c6)n5[B-]4(F)F)C(c4ccccc4)=C3)ccc2c1,ClC(Cl)Cl,733.0
11215,COC(=O)C(Cc1ccc2oc(-c3ccc(N(C)c4ccccc4)cc3)nc2c1)NC(=O)OC(C)(C)C,CC(O)CO,492.4895346
8765,CC(=O)[B-]1(C(C)=O)OC(c2ccccc2)=CC(c2ccc3ccccc3c2)=[O+]1,CC#N,510.0
10271,O=C(c1ccc(N(c2ccccc2)c2ccccc2)cc1)[C@H]1[C@H](c2cccs2)C[C@](O)(c2ccccn2)C[C@]1(O)c1ccccn1,C1CCOC1,501.0
5868,N#Cc1cc2ccccc2oc1=N,CS(C)=O,406.0
6521,CC(C)(C)[Si](C)(C)C#Cc1c2c(=O)c3ccccc3c2c(C#C[Si](C)(C)C(C)(C)C)c2c(=O)c3ccccc3c12,ClC(Cl)Cl,571.0
1264,O=C(c1ccccc1)c1cc2ccc1CCc1ccc(c(-c3ccc(N(c4ccccc4)c4ccccc4)cc3)c1)CC2,c1cc(-n2c3ccccc3c3ccccc32)cc(-n2c3ccccc3c3ccccc32)c1,468.8741722
4241,CCCCCC#Cc1cc(C#CCCCCC)c2ccc3c(C(=O)c4ccccc4)cc(C#CCCCCC)c4ccc1c2c43,ClCCl,479.0
5650,CCCCc1ccc(-n2c3c(c4c2c2c(n4-c4ccc(CCCC)cc4)-c4cc(F)ccc4NB2c2ccccc2)B(c2ccccc2)Nc2ccc(F)cc2-3)cc1,Cc1ccccc1,406.0
6369,COc1ccc(-n2nc(C(=O)N3CCCC3)c(N3CCCC3)n2)cc1,CC#N,412.0
11138,Cc1c2ccncc2c(C)c2c1[nH]c1ccccc12,CC(C)(C)O,420.0
11584,CN(C)c1ccc(C#Cc2ccc3ccc4ccc(C#Cc5ccc(N(C)C)cc5)c5ccc2c3c45)cc1,ClCCl,532.7
12087,C/C(=C\c1ccc(Cl)cc1)c1nc2ccccc2o1,C1CCCCC1,375.0
7089,c1ccc(C2=C(c3ccccc3)[Si](c3ccccc3)(c3ccccc3)c3ccccc32)cc1,C1CCOC1,431.0
10421,COc1cc(/C=C/C2=CC(/C=C/c3ccc(O)c(OC)c3)=[O+][B-](F)(F)O2)ccc1O,ClCCl,557.01
2881,COc1ccc(N(c2ccc(OC)cc2)c2cc(N(c3ccc(OC)cc3)c3ccc(OC)cc3)c3ccc4cc(C(C)(C)C)cc5ccc2c3c54)cc1,ClCCl,525.0
1677,Cc1cc(C(F)(F)F)nc2c1ccc1nc(-c3ccc(F)c(F)c3)cn12,CC#N,460.0
6486,COc1c2ccccc2c(-c2ccccc2)c2ccccc12,ClCCl,426.0
11376,CCOC(=O)c1sc(SC)c2c(=O)[nH]nnc12,C1CCOC1,465.0
901,Cn1ncc2c3c(C#N)c4c5ccccc5n(C)c4nc3ccc21,CCOC(C)=O,478.0
9363,CCC1=C(C)C2=C(c3c(C)cc(C)nc3-c3cccs3)c3c(C)c(CC)c(C)n3[B-](F)(F)[N+]2=C1C,C1CCCCC1,551.0
2296,Oc1ccccc1/N=C/c1ccccc1Oc1ccccc1,CCCCCCCCO,414.0
3402,F[B-]1(F)n2cccc2C(c2c3ccccc3cc3ccccc23)=C2C=CC=[N+]21,CC#N,519.0
8781,CC1(C)c2ccccc2N(c2ccc3c(c2)C(C)(C)c2cc(N4c5ccccc5C(C)(C)c5ccccc54)ccc2S3(=O)=O)c2ccccc21,ClCCl,504.0
296,COC(=O)C(Cc1ccc2oc(-c3ccc4c(c3)c3ccccc3n4-c3ccccc3)nc2c1)NC(=O)OC(C)(C)C,CCO,390.00039
10767,Cn1c2ccccc2[c+](-c2ccccc2)c2cc([N+](=O)[O-])ccc21,CCO,431.4
4153,CCCN1C(=O)C(=CC=CC=C2Oc3ccccc3N2CCCS(=O)(=O)[O-])C(=O)N(CCC)C1=S,O,573.0
9955,CCCCCCCc1ccc(C2=[N+]3C(=C4c5cc(OCC(CC)CC)c(-c6ccc(CCCCCCC)o6)n5[B-](F)(F)[n+]5c4n(c4cc(C(C)(C)C)ccc45)[B-]3(F)F)C=C2OCC(CC)CC)o1,C1CCOC1,829.0
9924,COc1cc(/C=C2/SC(=O)NC2=O)ccc1O,C1CCCCC1,400.0
27,CN(C)CCN(Cc1c2ccccc2cc2ccccc12)c1ccc([N+](=O)[O-])cc1[N+](=O)[O-],C1CCOC1,394.0
9663,CN1c2cc3nc4cc(F)c(F)cc4nc3cc2N(C)C1(C)C,CCO,488.0
9075,c1ccc(-c2nc3sc4cc5c(cc4c3s2)OCO5)cc1,CS(C)=O,446.0
3829,CN(C)c1ccc(C#Cc2ccc(-c3cc(N(C)C)c4ccccc4c3)cc2)cc1,ClCCl,457.0
8495,CCN(CC)c1ccc2cc(/C=C/C(O)=C/C(C)=O)c(=O)oc2c1,Cc1ccccc1,502.0
3248,CCC1=C(C)C2=C(C)c3c(I)c(I)c(I)n3[B-](F)(F)[N+]2=C1C,CCOC(C)=O,552.0
8046,CCCCN1C(=O)C2=C(c3ccc(-c4ccc5c(c4)C(C)(C)c4ccccc4-5)cc3)[N-]C(=O)C2=C1c1ccc(-c2ccc3c(c2)C(C)(C)c2ccccc2-3)cc1,ClCCl,635.0
9704,CC(C)(C)c1ccc(-c2cc3c(-c4ccc(C(C)(C)C)cc4)c4cccc5c(-c6ccc(C(C)(C)C)cc6)cc6c(-c7ccc(C(C)(C)C)cc7)c7cccc2c7c3c6c54)cc1,CC#N,464.0
7810,O=C1CCCC2=C1CC1=C(CCCC1=O)N2NC(=O)c1ccc(O)cc1,CC(C)=O,432.0
2580,c1ccc(-c2nc(-c3ccccc3)nc(-c3ccc(-n4c5ccccc5c5cc6c7ccccc7n7c8ccccc8c(c54)c67)cc3)n2)cc1,Cc1ccccc1,450.0
6637,COc1ccc(C2=[N+]3C(=Nc4c(-c5ccccc5)cc(-c5ccc(OC)cc5)n4[B-]3(F)F)C(c3ccccc3)=C2)cc1,ClC(Cl)Cl,715.0
9112,O=[N+]([O-])c1ccc([N+]2=Cc3ccc4c5c(ccc4c3O[B-]2(c2c(F)c(F)c(F)c(F)c2F)c2c(F)c(F)c(F)c(F)c2F)C=[N+](c2ccc([N+](=O)[O-])cc2)[B-](c2c(F)c(F)c(F)c(F)c2F)(c2c(F)c(F)c(F)c(F)c2F)O5)cc1,ClCCl,620.0
11638,O=C([O-])c1cc(N2C(=O)C=CC2=O)ccc1-c1c2cc(F)c(=O)cc-2oc2cc([O-])c(F)cc12,O,520.0
1370,CC(C)(C)c1ccc(C2=CC3=C(c4ccccc4)c4cc(-c5ccc(C(C)(C)C)cc5)c(-c5ccc(C(C)(C)C)cc5)n4[B-](F)(F)[N+]3=C2c2ccc(C(C)(C)C)cc2)cc1,CC#N,647.0
12086,NS(=O)(=O)c1ccc(N2N=C(c3ccc(O)cc3)CC2c2ccc([N+](=O)[O-])cc2)cc1,CCOC(C)=O,417.0
9281,Oc1ccc2ccccc2c1-c1nc(-c2ccccc2)c2ccccn12,ClCCl,467.0
11862,c1ccc(Nc2nc(Nc3ccccc3)nc(Nc3cc4ccc5cccc6ccc(c3)c4c56)n2)cc1,CC#N,398.0
5551,c1ccc2c(-n3cnc4ccccc43)cccc2c1,Cc1ccccc1,359.0
7458,CN(C)c1ccc(/C=C/c2ncc3ccccc3n2)cc1,C1CCOC1,520.0
5254,CCOC(=O)CN1C(=O)C2=C(c3ccc(C#N)cc3)N(CC(=O)OCC)C(=O)C2=C1c1ccc(C#N)cc1,Cc1ccccc1,558.0
681,C#CCNC1=C2C=CC=[N+]2[B-](F)(F)n2cccc21,CCO,465.5
11410,c1ccc(-c2cccc3c2-c2ccccc2C32c3ccccc3-c3ccccc32)nc1,C1CCCCC1,370.0
4775,CC(C)(C)NS(=O)(=O)c1ccc2c(c1)C(=O)/C(=C1\Sc3ccc(S(=O)(=O)NC(C)(C)C)cc3C1=O)S2,C1COCCO1,589.0
5422,COC(=O)/C=C/C=C/c1ccc(N(C)C)cc1,CC(C)O,435.0
3159,CC(C)(C)c1ccc2ccc3c(C(C)(C)C)ccc4ccc1c2c43,CO,379.0
8910,O=C1Nc2ccccc2/C1=C/C(=O)c1ccc(Cl)cc1Cl,CCCCCC,384.0
2987,COc1cc(-c2nc3c4cccnc4c4ncccc4c3[nH]2)c(OC)cc1/C=C/c1ccncc1,C1CCOC1,451.0
4908,CC(C)(C)c1cc2ccc3c(-c4ccc(N(c5ccccc5)c5ccccc5)cc4)ccc4c5nc6cc(C#N)c(C#N)cc6nc5c(c1)c2c34,ClCCl,839.1836735
1882,COc1ccc(-n2c3c4ccccc4nc(-c4ccc(C#N)cc4)c3c3c2c2c(-c4ccc(C#N)cc4)nc4ccccc4c2n3-c2ccc(OC)cc2)cc1,ClC(Cl)Cl,513.0
6114,N#C/C(=N/Nc1ccc(C#N)cc1)c1nc(-c2ccccc2)cs1,CCO,486.0
8490,N#CC(C#N)=Cc1ccc(-c2ccc(N(c3ccccc3)c3ccccc3)cc2)o1,ClC(Cl)Cl,618.0
1940,CC(=O)c1ccc2ccc3c(NCCC(=O)NCCCCCCc4nc5c(=O)[nH]c(N)nc5n4[C@H]4C[C@H](O)[C@@H](CO)O4)ccc4ccc1c2c43,CC#N,546.0
3296,COc1cc(OC)c(C2=C3C(C)=CC(C)=[N+]3[B-](F)(F)n3c(C)cc(C)c32)c(OC)c1,CC(=O)C(C)(C)C,517.0
3534,CSc1ccc(/C=C/c2cnc3ccccc3n2)cc1,CC#N,499.0
10062,Cc1ccc(-c2nnc(-c3ccc4ccc5cccc6ccc3c4c56)o2)cc1,ClC(Cl)Cl,426.0
3729,CN(C)c1ccc(/C=C/c2ccc(-c3nnc(-c4ccc(-c5cc6ccccc6s5)cc4)o3)cc2)cc1,CCCCCCCC,387.0
490,CCc1ccc(/C=C/c2ccc(-c3nnc(-c4ccc(-c5cc6ccccc6s5)cc4)o3)cc2)cc1,CS(C)=O,433.0
9139,CC(=O)c1ccc2cc(C#Cc3cn([C@H]4C[C@H](O)[C@@H](CO)O4)c4ncnc(N)c34)ccc2c1,ClC(Cl)Cl,445.0
1181,C(S/C=C/c1ccc(-c2ccc(/C=C/SC=C3CCCC3)cc2)cc1)=C1CCCC1,ClCCl,431.0
1375,CC(C)(C)c1ccc(-c2nc3c4ccc(-c5cc6ccccc6c6ccccc56)cc4c4cc(-c5cc6ccccc6c6ccccc56)ccc4c3n2-c2ccc(C(C)(C)C)cc2)cc1,C1COCCO1,386.0
5014,CCC1(CC)c2cc(Br)ccc2-c2c1c1c(c3c2C(CC)(CC)c2cc(-c4cccs4)ccc2-3)C(CC)(CC)c2cc(Br)ccc2-1,C1CCOC1,371.0
7873,COc1cc(OC)cc(-c2nnc(-c3ccc(-c4nnc(-c5cc(OC)cc(OC)c5)o4)cc3)o2)c1,C1CCCCC1,371.0
6875,O=C1Nc2ccccc2/C1=C/C(=O)c1ccc(O)cc1,CO,408.0
626,F[B-]1(F)OC(c2ccccc2)=Nc2sc(-c3ccccc3)n[n+]21,ClCCl,412.0
4758,N#Cc1cc2ccccc2oc1=N,CC#N,407.0
11632,C(#Cc1ccc(-n2c3ccccc3c3ccccc32)cc1)c1ccc(-c2nc(-c3ccc(C#Cc4ccc(-n5c6ccccc6c6ccccc65)cc4)cc3)nc(-c3ccc(C#Cc4ccc(-n5c6ccccc6c6ccccc65)cc4)cc3)n2)cc1,C1CCOC1,467.0
2112,COc1cc(S(=O)(=O)[O-])c2ccc3c(S(=O)(=O)[O-])cc(S(=O)(=O)[O-])c4ccc1c2c43,C1COCCO1,402.446877
8466,COC(=O)C(Cc1ccc2oc(-c3ccc(N(C)C)cc3)nc2c1)NC(=O)OC(C)(C)C,C1CCOC1,391.4966919
7890,Oc1ccc2ccccc2c1,C1CCCCC1,350.7541214
6225,CC(C)(C)c1cc2c3c(c1)-c1cccc4c1N(B3N1c3ccccc3Sc3cccc-2c31)c1ccccc1S4,C1CCOC1,731.0
1767,CC(C)[Si]1(C(C)C)c2cc(C=O)ccc2-c2ccc(N(C)C)cc21,c1ccccc1,450.0
10626,CN(C)c1ccc(-c2cc3ccc([N+](=O)[O-])cc3c(=O)o2)cc1,ClC(Cl)Cl,652.0
4180,Cc1ccc(-c2nnc(-c3ccc4ccc5cccc6ccc3c4c56)o2)cc1,C1CCOC1,425.0
9278,CN(C)c1ccc(C2=C3C=C(c4ccc(C=O)cc4)S[C@]34c3ccccc3[C@H]2c2ccccc24)cc1,ClCCl,645.0
9718,Cc1c(C)c(N2c3ccccc3Oc3ccccc32)c(C)c(C)c1B(c1c(C)c(C)c(N2c3ccccc3Oc3ccccc32)c(C)c1C)c1c(C)c(C)c(N2c3ccccc3Oc3ccccc32)c(C)c1C,CC(C)(C)c1ccc(-n2c3ccc([Si](c4ccccc4)(c4ccccc4)c4ccccc4)cc3c3cc([Si](c4ccccc4)(c4ccccc4)c4ccccc4)ccc32)cc1,509.0
1462,CC1CC=C(c2ccc(-c3cccs3)s2)CC1,OCCOCCO,414.0
2887,COc1ccc(/C=C/c2cc(/C=C/c3ccc(OC)cc3)nc(/C=C/c3ccc(OC)cc3)n2)cc1,C1CCOC1,432.0
6957,c1ccc(-c2cc(-c3ccc4ccc5c(-c6ccnc(-c7ccccn7)c6)ccc6ccc3c4c65)ccn2)nc1,CCC#N,407.996736
684,COc1cccc(-c2[nH]c(=O)n3c2-c2ccccc2C3=O)c1O,CC#N,478.0
4539,CC(C)[Si](C#Cc1c2ccccc2c(C#C[Si](C(C)C)(C(C)C)C(C)C)c2nc3ccccc3nc12)(C(C)C)C(C)C,CCCCCC,577.0
4514,CCC(=O)c1ccc2cc(N(C)C)ccc2c1,CC(C)O,480.0
9421,O=C1c2ccccc2-c2cc3ccccc3c(=O)n21,CS(C)=O,455.0
9639,CCNc1ccc(NCC)c2c1C(=O)c1ccccc1C2=O,CCCCCCO,663.0
1366,CCCCc1ccc(-n2c3c(c4c2c2c(n4-c4ccc(CCCC)cc4)-c4ccc(C(F)(F)F)cc4NB2c2ccccc2)B(c2ccccc2)Nc2cc(C(F)(F)F)ccc2-3)cc1,Cc1ccccc1,413.0
3916,CN(C)c1ccc(C#Cc2cc3ccccc3oc2=O)cc1,ClCCl,550.0
12021,COC(=O)c1nc(-c2ccccc2)oc1C,O,328.0
2639,c1ccc2c(c1)oc1nc3oc4ccc(-n5c6ccccc6c6ccccc65)cc4c3cc12,ClC(Cl)Cl,448.0
11599,CCCCC1=Cc2c3ccc4cccc5ccc(c6cc(-c7ccc(N(c8ccccc8)c8ccccc8)cc7)n(c26)P1(=O)c1ccccc1)c3c45,ClCCl,551.0
5602,C(=C/c1c2ccccc2cc2ccccc12)\c1c2ccccc2cc2ccccc12,C1CCOC1,650.0
11064,CCNc1ccc(NCC)c2c1C(=O)c1ccccc1C2=O,CCO,672.0
5729,COc1ccc(-c2ncccn2)cc1,ClCCl,356.0
5730,Cc1cc(O)c(C(C)C)cc1/N=C/c1ccc(C(F)(F)F)cc1,CO,434.0
7565,COC1=[N+]2C(=C(c3ccc(C)cc3)c3ccc(OC)n3[B-]2(F)F)C=C1,Cc1ccccc1,530.0
8479,COC(=O)c1ccc(/C=C2\C=C(c3ccccc3)NC2=O)cc1,C1COCCO1,544.0
2300,CC1(C)c2ccccc2N(c2ccc(-c3n[n+]4c(o3)-c3ccccc3O[B-]4(F)F)cc2)c2ccccc21,ClCCl,521.0
4787,CC1(C)CCc2c(c3ccccc3c3nc4ccccc4nc23)O1,CO,510.9862034
2938,OC1(c2ccc(-c3cccs3)s2)CCCCC1,OCCOCCO,447.0
5659,O=C(O)C1=C/C(=C/C=[NH+]/c2ccc3c(C(F)(F)F)cc(=O)oc3c2)CC(C(=O)O)N1,O,570.0
10845,COC(=O)C(NC(=O)OC(C)(C)C)c1ccc2oc(-c3cc(OC)c(OC)cc3OC)nc2c1,CC1CCCCC1,357.0
10613,COc1ccc([C@@H]2C[C@](O)(c3ccccn3)C[C@](O)(c3ccccn3)[C@H]2C(=O)c2ccc(N(c3ccccc3)c3ccccc3)cc2)cc1,C1CCOC1,495.0
7567,O=C1c2cccc3c(-n4c5ccccc5c5ccccc54)ccc(c23)C(=O)N1c1ccccc1,CCCCCC,443.0
1979,O=C(O)c1ccc(C2CC(c3cccc4ccccc34)=NN2c2ccccc2)cc1,C1COCCO1,465.0
5979,CN(C)c1ccc(C2=Nc3sc4cc(C(F)(F)F)ccc4[n+]3[B-](F)(F)O2)cc1,C1CCOC1,486.0
3803,CC1(C)C2=[N+](CCCCCC(=O)NCCCNC(=O)CCCCCN3/C(=C/C=C/C=C/C=C/2)C(C)(C)c2cc(S(=O)(=O)[O-])ccc23)c2ccc(S(=O)(=O)[O-])cc21,O,768.0
4534,COC(=O)C(Cc1ccc2oc(-c3ccc(Nc4ccccc4)cc3)nc2c1)NC(=O)OC(C)(C)C,ClC(Cl)Cl,420.0092402
11722,CCOC(=O)COc1ccc(/C=C/c2c(CC)c(C)c3n2[B-](F)(F)[N+]2=C(c4[nH]c(C)c(CC)c4C)c4ccccc4C2=C3C)cc1,ClCCl,714.0
9919,Cc1cc(=O)oc2ccc3ccc(O)cc3c12,CCO,450.0
9265,[C-]#[N+]c1ccc(-c2ccc(NC)cc2)cc1,Cc1ccccc1,388.0
10750,CN1c2ccc(C(=O)c3ccccc3)cc2Sc2cc(C(=O)c3ccccc3)ccc21,ClCCl,542.0
9194,CCCCCCN1C(=O)c2cccc3c(-c4ccc(C)s4)ccc(c23)C1=O,ClC(Cl)Cl,482.0
4800,CC1(C)CC(/C=C/c2cn(-c3ccccc3)nc2-c2ccccc2)=CC(=C(C#N)C#N)C1,C1CCOC1,556.0
2280,CCCCC1=Cc2c3ccc4cccc5ccc(c6cc(-c7ccc(N(c8ccccc8)c8ccccc8)cc7)n(c26)P1(=O)c1ccccc1)c3c45,C1CCOC1,541.0
8665,c1cncc(-c2cccc3c2-c2ccccc2C32c3ccccc3-c3ccccc32)c1,C1CCCCC1,363.0
6247,COC(=O)C(Cc1ccc2oc(-c3ccc(N(c4ccccc4)c4ccccc4)cc3)nc2c1)NC(=O)OC(C)(C)C,NC=O,491.4995159
4469,CC(C)(C)c1ccc(-c2nc3c4ccc(-c5ccc6ccc7cccc8ccc5c6c78)cc4c4cc(-c5ccc6ccc7cccc8ccc5c6c78)ccc4c3n2-c2ccc(C(C)(C)C)cc2)cc1,CCOCC,432.0
5133,COc1ccc(-c2c3nc(cc4ccc([nH]4)c(-c4ccc(OC)c(OCCCC(=O)O)c4)c4nc(cc5ccc2[nH]5)CC4)C=C3)cc1OCCCC(=O)O,CS(C)=O,651.0
7767,COc1cc(OC)cc(-c2nnc(-c3cccc(-c4nnc(-c5cc(OC)cc(OC)c5)o4)c3)o2)c1,C1CCOC1,373.0
998,CC(=O)OC[C@@H]1O[C@H](n2cnc3c2N=CN2Cc4c[n+](C)c(C)nc4N=C32)[C@@H](O)[C@H]1O,O,409.0
4130,COC(=O)c1nc2c(N)nc(N(C)C)nc2n1Cc1ccccc1,CC#N,414.0
5266,CCCCC1(CCCC)c2cc(C#Cc3ccc4ccc5cccc6ccc3c4c56)ccc2-c2ccc(C#Cc3ccc4ccc5cccc6ccc3c4c56)cc21,ClCCl,439.0
8643,CC(C)(C)c1ccc2c(c1)oc1nc3oc4ccc(-n5c6ccccc6c6ccccc65)cc4c3cc12,ClC(Cl)Cl,417.0
12026,CC1=[N+]2C(=Cc3cccn3[B-]2(F)F)C=C1,CCCCCC,515.0
1784,CN(C)c1ccc(-c2nc(-c3ccc(-n4c5ccccc5c5ccccc54)cc3)cc(-c3ccc(-n4c5ccccc5c5ccccc54)cc3)n2)cc1,Cc1ccccc1,498.0
3182,CCN(CC)c1ccc(-c2nc3c4ccc(-c5ccccc5)cc4c4cc(-c5ccccc5)ccc4c3[nH]2)c(O)c1,ClCCl,435.0
10623,CCCCc1cc(C(=O)CCC)c2ccc3c(CCCC)cc(N4CCCCC4)c4ccc1c2c34,Cc1ccccc1,510.0
494,Cc1cc(-c2ccc(-n3c4ccccc4c4ccccc43)cc2)nc(-c2ccc(-c3ccccc3)cc2)n1,ClC(Cl)Cl,423.0
6720,N#Cc1nc(N(Cc2ccccc2F)Cc2ccccc2F)c(C#N)nc1N(Cc1ccccc1F)Cc1ccccc1F,ClC(Cl)Cl,570.0
10622,Fc1c(F)c(F)c2c(c1F)C1=Nc3c4c(F)c(F)c(F)c(F)c4c4n3[B-]3(Cl)n5c(c6c(F)c(F)c(F)c(F)c6c5=N4)=NC2=[N+]13,C[N+](=O)[O-],588.0
11372,Cc1cn(CCCn2cc(C)c(=O)[nH]c2=O)c(=O)nc1-n1cncn1,O,382.0
2860,O=C1OCC2=C1C(c1ccccc1)c1cc3c(cc1N2CCO)CCC3,ClC(Cl)Cl,419.0
2038,O=C([O-])c1c(Cl)c(Cl)c(Cl)c(Cl)c1-c1c2cc(I)c(=O)c(I)c-2oc2c(I)c([O-])c(I)cc12,O,566.0
4041,CC(C)[Si](C#Cc1c2ccccc2c(C#C[Si](C(C)C)(C(C)C)C(C)C)c2nc3c(ccc4ccccc43)nc12)(C(C)C)C(C)C,CCCCCC,553.0
10256,COc1cc(C2=CC3=C(c4c(C)cc(C)cc4C)c4cc(-c5cc(OC)c(OC)c(OC)c5)c(-c5cc(OC)c(OC)c(OC)c5)n4[B-](F)(F)[N+]3=C2c2cc(OC)c(OC)c(OC)c2)cc(OC)c1OC,C1CCCCC1,670.0
2897,C[Si](C)(c1ccc2cc3ccccc3cc2c1)[Si](C)(C)c1ccc2cc3ccccc3cc2c1,CC#N,413.0
366,CCn1c2ccccc2c2cc(/C=C/C(=O)c3ccc4c(c3)c3cc(C(=O)/C=C/c5ccc6c(c5)c5ccccc5n6CC)ccc3n4CC)ccc21,ClC(Cl)(Cl)Cl,454.0
849,CCCCCCCCC1(CCCCCCCC)c2cc(-c3ccc(C(=O)OC)cc3)ccc2-c2ccc(-c3ccc(C(=O)OC)cc3)cc21,ClC(Cl)Cl,388.0
7837,Cn1ccc(-n2cncn2)nc1=O,O,366.0
12095,COc1ccc2c(-c3nc(-c4ccccc4Cl)no3)cc(=O)oc2c1,ClC(Cl)Cl,450.0
8091,Nc1ncnc2c1c(C#Cc1c3ccccc3cc3ccccc13)cn2[C@H]1C[C@H](O)[C@@H](CO)O1,CO,440.0
8184,N#Cc1cc(-n2c3ccccc3c3ccccc32)c(-n2c3ccccc3c3ccccc32)cc1C#N,Cc1ccccc1,473.0
2653,c1ccc(N(c2ccccc2)c2ccc(-c3ccc4c(c3)C3(c5cc(-c6ccc(N(c7ccccc7)c7ccccc7)cc6)ccc5-4)c4ccccc4N(c4ccccc4)c4ccccc43)cc2)cc1,ClCCl,451.0
3503,CC(C)(C)c1ccc2c(c1)[nH]c1c3[nH]c4cc(C(C)(C)C)ccc4c3c3nsnc3c21,CN(C)C=O,507.0
8449,c1ccc(N(c2ccccc2)c2ccc(-c3nc4ccccc4n3-c3ccccc3)cc2)cc1,CC#N,444.0
6095,CN(C)c1ccc2cc3c(cc2c1)OCCN=C3,CN(C)C=O,442.0
1541,Oc1ccccc1/C=N/N=C/c1ccccc1O,CO,573.0659026
6273,C(#Cc1nccnc1C#Cc1ccccc1)c1ccccc1,CC#N,380.0
10865,CC1=[N+]2C(=C(c3ccc(-c4c5ccccc5c(-c5ccccc5)c5ccccc45)cc3)c3ccc(C)n3[B-]2(F)F)C=C1,CN(C)C=O,529.0
322,COc1ccc(C2=[N+]3C(=C(c4ccc(C#N)cc4)c4cc(-c5cccs5)c(-c5ccc(OC)cc5)n4[B-]3(F)F)C=C2c2cccs2)cc1,Cc1ccccc1,707.0
2031,COc1ccc(-c2ccc3c(c2)c2cc(-c4ccc(OC)cc4)ccc2n3-c2ccc(C(=O)c3ccc4sc5ccccc5c4c3)nc2)cc1,c1cc(-n2c3ccccc3c3ccccc32)cc(-n2c3ccccc3c3ccccc32)c1,493.0
7907,Cc1ccc(-c2cnc3nn4ccccc4c3n2)cc1,C1CCOC1,450.0
7145,COc1ccc2c(=O)c3c([nH]c2c1)-c1cc(Cl)ccc1NC3(C)C,c1ccccc1,478.0
813,COc1ccc(/C=C/c2cc(/C=C/c3ccc(OC)cc3)nc(/C=C/c3ccccc3)n2)cc1,CC(C)=O,450.0
2528,c1ccc2c(c1)ccc1ccccc12,Cc1ccccc1,350.0
12077,N#Cc1ccc(N)cc1,C1CCCCC1,323.0
6730,CCCC1(CCC)c2ccccc2-c2ccc(-c3ccc4c(c3)C(CCC)(CCC)c3cc(-c5ccc6c(c5)C(CCC)(CCC)c5ccccc5-6)ccc3-4)cc21,C1CCCCC1,396.0
11272,COc1cc(OC)c2c3c([nH]c2c1)C(=O)CCC3,CCCCO,448.0
11474,Cc1ccc(-c2cc(-c3ccccc3)c3c(N)nc(N4CCCC4)c(C#N)c3n2)cc1,ClCCl,517.0
5274,Cc1nc2ccc(/C=C/c3ccc(N(C)C)cc3)cc2nc1-c1ccccc1,C1COCCO1,526.0
1079,COC(=O)C(Cc1ccc2oc(-c3ccc(N(C)c4ccccc4)cc3)nc2c1)NC(=O)OC(C)(C)C,C1COCCO1,440.9948845
2226,CCCCOc1c(C#N)cc2cc(C#N)c(OCCCC)c3c4c(OCCCC)c(C#N)cc5cc(C#N)c(OCCCC)c(c1c23)c54,ClCCl,514.0
9571,CCOC(=O)c1sc(SC)c2c(=O)n(C)nnc12,CCO,501.0
11194,N#Cc1c(-n2cc(-c3ccccc3)nn2)n([C@H]2C[C@H](O)[C@@H](CO)O2)c2ncnc(N)c12,CO,412.0
3515,[C-]#[N+]c1ccc(-c2ccc(N(C)C)cc2)cc1,CCOC(C)=O,406.0
2705,CCN(CC)c1ccc(/C=C/C(=O)c2c(O)cc(C)oc2=O)cc1,CCO,570.0
9170,CCC1=C(C)C2=C(c3c(C)cc(C)nc3-c3cccs3)c3c(C)c(CC)c(C)n3[B-](F)(F)[N+]2=C1C,Cc1ccccc1,553.0
6403,O=C1/C(=C/C=C/c2cc3c4c(c2)CCCN4CCC3)CC/C1=C\C=C\c1cc2c3c(c1)CCCN3CCC2,CCCO,747.0
1164,C1=C(c2ccc(-c3cccs3)s2)CCC1,CCCCCC,410.0
3261,N#Cc1ccc2[nH]ccc2c1,CC(C)O,362.0
7220,COc1ccc(C(=Cc2ccc(/C=C(\C#N)c3ccc([N+](=O)[O-])cc3)cc2)c2ccc(OC)cc2)cc1,C1CCOC1,643.0
8917,CC(C)(C)c1ccc(-c2nc3c4ccc(-c5ccc6ccc7cccc8ccc5c6c78)cc4c4cc(-c5ccc6ccc7cccc8ccc5c6c78)ccc4c3n2-c2ccc(C(C)(C)C)cc2)cc1,CCOC(C)=O,440.0
1450,CCCCCCOc1ccc(C#Cc2ccc(-c3ccc(-c4ccc(C#Cc5ccc(OCCCCCC)c(OCCCCCC)c5)s4)c4nsnc34)s2)cc1OCCCCCC,C1CCCCC1,600.0
6126,CCN(CC)c1ccc2cc(/C=C/C3=C4CC/C(=C\c5cc6ccc(N(CC)CC)cc6oc5=O)C4=[O+][B-](F)(F)O3)c(=O)oc2c1,ClCCl,730.0
4229,COCCOCCOCCOc1ccc(OCCOCCOCCOC)c(C=O)c1,CC(C)O,455.0
3862,COC(=O)c1cc(=O)n(C)c2cc(-c3ccc(OC)cc3)sc12,ClCCl,472.0
2936,CCCCCCCCCCCCOc1ccc(C#Cc2ccc(C#Cc3ccc(OCCCCCCCCCCCC)c(OCCCCCCCCCCCC)c3)c3nc4c5ccccc5c5ccccc5c4nc23)cc1OCCCCCCCCCCCC,Cc1ccccc1,541.0
9898,COc1ccc(-c2cc(/C=C/c3ccc(N(c4ccccc4)c4ccccc4)cc3)c(C#N)c(N3CCCCC3)c2)cc1,CS(C)=O,520.0
3917,N#Cc1ccc2cc[nH]c2c1,CC#N,354.0
5487,CC(C)(C)c1ccc2c(c1)c1cc(C(C)(C)C)ccc1n2-c1cccc(-n2c3ccc(C(C)(C)C)cc3c3cc(C(C)(C)C)ccc32)c1C#N,Cc1ccccc1,414.0
7384,CCN(CC)c1ccc2ccc(=O)oc2c1,CCCCO,442.0
9982,CN(C)c1ccc2c3c(ccc2c1)C(=O)CCC3,Cc1ccccc1,417.0
1723,CCCCOc1ccc(-c2cc(-c3ccc(OCCCC)cc3)c3ccc4c(-c5ccc(OCCCC)cc5)cc(-c5ccc(OCCCC)cc5)c5ccc2c3c54)cc1,ClC(Cl)Cl,433.0
9359,COc1ccc(N(c2ccc(OC)cc2)c2ccc(-c3ccc4c(c3)C(=O)c3ccccc3C4=O)cc2)cc1,CCCCCC,571.0
10951,Cc1cc(C)c(B(c2c(C)cc(C)cc2C)c2cc3cccc4c(B(c5c(C)cc(C)cc5C)c5c(C)cc(C)cc5C)cc5cccc2c5c34)c(C)c1,C1CCOC1,435.4030501
6778,CN(C)c1ccc(/C=C/c2nc3c4ccccc4c4ccccc4c3[nH]2)cc1,C1COCCO1,436.0
4056,CN(C)c1ccc(C2=Nc3sc4c(F)c(F)c(F)c(F)c4[n+]3[B-](F)(F)O2)cc1,C1CCOC1,492.0
11662,O=c1c2cc(F)ccc2nc2n1[B-](F)(F)[n+]1ccccc1-2,ClCCl,438.0
2999,O=S1(=O)C2=C(c3ccccc31)C1(C3=C(c4ccccc41)S(=O)(=O)c1ccccc13)c1ccccc12,ClCCl,444.0
10512,CCN(CC)c1ccc2cc(/C=C/C3=C4CC/C(=C\c5cc6ccc(N(CC)CC)cc6oc5=O)C4=[O+][B-](F)(F)O3)c(=O)oc2c1,CCOC(C)=O,693.0
11050,Fc1c(F)c(F)c2c(c1F)C1=Nc3c4c(F)c(F)c(F)c(F)c4c4n3[B-]3(Cl)n5c(c6c(F)c(F)c(F)c(F)c6c5=N4)=NC2=[N+]13,CCC#N,581.0
1231,CC1(C)c2ccccc2N(c2ccc3c(c2)S(=O)(=O)c2cc(N4c5ccccc5C(C)(C)c5ccccc54)ccc2C3(C)C)c2ccccc21,ClCCl,506.0
1514,c1ccc(-c2cc(-c3ccc4c(c3)C3(c5ccccc5-c5ccccc53)c3cc(-c5cc(-c6ccccn6)nc(-c6ccccn6)c5)ccc3-4)cc(-c3ccccn3)n2)nc1,ClC(Cl)Cl,395.0
2313,O=P(c1c2ccccc2cc2ccccc12)(c1c2ccccc2cc2ccccc12)c1c2ccccc2cc2ccccc12,C1CCOC1,452.0
8981,COc1ccc(/C=C/C(=O)c2ccccc2O)cc1OC,CS(C)=O,480.0
1451,CC(=O)Nc1ccc2c3c(cccc13)C(=O)c1ccccc1-2,Cc1ccccc1,515.995872
10289,Nc1ccc(-c2ccc(N)cc2)cc1,O,401.0
8746,COc1ccc2c3cccc4c(OC)ccc(c5cccc1c52)c43,ClC(Cl)Cl,467.9787336
10795,COc1ccc(/C=C/c2ccc(-c3nnc(-c4ccc(-c5cc6ccccc6s5)cc4)o3)cc2)cc1,CCCCCCCC,407.0
10452,CCCCCCCCn1cc(-n2c(-c3cc(-c4nc5ccc(C)cc5n4-c4cn(CCCCCCCC)nn4)cc(-c4nc5ccc(C)cc5n4-c4cn(CCCCCCCC)nn4)c3)nc3ccc(C)cc32)nn1,C1CCOC1,382.5
4321,CN(C)c1ccc(C#Cc2ccccc2)cc1,CC(C)O,365.0034675
8310,N#Cc1nc(N(Cc2ccccc2Cl)Cc2ccccc2Cl)c(C#N)nc1N(Cc1ccccc1Cl)Cc1ccccc1Cl,ClC(Cl)Cl,567.0
838,CN(C)c1ccc(C=C2Cc3ccccc3C2=O)cc1,CC#N,534.0
12156,O=S(=O)(c1ccccc1)c1ccc(-c2ccc3c(c2)c2cc(-c4ccc(S(=O)(=O)c5ccccc5)cc4)ccc2n3-c2ccccc2)cc1,CCCCCC,377.0
8185,CC(=O)O[B-]1(OC(C)=O)OC(/C=C/c2cccc3ccccc23)=CC(/C=C/c2cccc3ccccc23)=[O+]1,C1CCOC1,539.0
3899,C(=C/c1c2ccccc2cc2ccccc12)\c1cnc2ccccc2c1,CC#N,494.0
10417,O=S1(=O)c2ccc(-c3ccc(N(c4ccccc4)c4ccccc4)cc3)cc2C2(c3ccccc3-c3ccccc32)c2cc(-c3ccc(N(c4ccccc4)c4ccccc4)cc3)ccc21,CC(C)=O,477.1106095
3567,CN(C)c1ccc(C#Cc2ccccc2)cc1,C1COCCO1,372.4949713
11356,N#Cc1cc(-n2c3ccccc3c3cccnc32)c(-n2c3ccccc3c3cccnc32)cc1C#N,c1cc(-n2c3ccccc3c3ccccc32)cc(-n2c3ccccc3c3ccccc32)c1,441.0596026
5452,O=C1c2ccccc2-c2ccc(N3CCOCC3)c3cccc1c23,CN(C)C=O,622.0
3087,CN(C)c1ccc(C2=Nc3sc4c(F)c(F)c(F)c(F)c4[n+]3[B-](F)(F)O2)cc1,CC#N,503.0
8137,Cc1c2ccncc2c(C)c2c1[nH]c1ccccc12,CCCCCC,390.0
10596,Cc1ccc(Nc2ccc3ccccc3n2)cc1,CCOC(C)=O,429.19
4546,O=C1c2ccccc2C(=O)N1c1ccc(Cn2cncn2)cc1,CCCCO,402.0
4692,COC(=O)C(Cc1ccc2oc(-c3ccc(N(c4ccccc4)c4ccccc4)cc3)nc2c1)NC(=O)OC(C)(C)C,O,502.9928072
1714,CN(C)c1cccc2c1-c1ccccc1C2=O,C1CCCCC1,532.0
6926,CC1(C)CC(=O)c2cc(F)c(F)cc2N1,CC#N,435.0
4270,COCCOCCOc1ccc(OCCOCCOC)c(C=O)c1,CCO,461.0
339,CCN(CC)c1ccc2c(C(F)(F)F)cc(=O)oc2c1,CC#N,501.0
10557,CCCCCCCC[Si](C)(C)c1cccc2ccccc12,C1CCCCC1,329.0
4086,COc1ccc(C2=C3C=C(/C=C/C(=O)OC(C)(C)C)C=[N+]3[B-](F)(F)n3cccc32)cc1,ClCCl,572.0
7726,COc1cccc(-n2c(-c3ccc(O)cc3)nc(C)c2C)c1,CCCCO,371.0
9966,CC(C)[Si](C#Cc1ccc(C#C[Si](C(C)C)(C(C)C)C(C)C)c2nc3ccccc3nc12)(C(C)C)C(C)C,ClCCl,492.0
7405,CCCC1=Cc2nc1ccc1[nH]c(cc1CCC)c1nc(c(NC(=O)CCCC(=O)O)cc3[nH]c2cc3CCC)C(CCC)=C1,ClCCl,680.0
588,c1ccc(-c2cc(-c3ccc(N4c5ccccc5C5(c6ccccc64)c4ccccc4N(c4ccc(-c6cc(-c7ccccc7)nc(-c7ccccc7)n6)cc4)c4ccccc45)cc3)nc(-c3ccccc3)n2)cc1,O=P(c1ccccc1)(c1ccccc1)c1ccccc1Oc1ccccc1P(=O)(c1ccccc1)c1ccccc1,472.4759615
3365,CN(C)c1cccc2c1C(=O)c1ccccc1C2=O,C1CCCCC1,566.0
2670,CN(C)c1ccc(/C=C/c2cc(/C=C/c3ccc(N(C)C)cc3)nc(/C=C/c3ccc(C(F)(F)F)cc3)n2)cc1,CC#N,587.0
5515,COC(=O)C(Cc1ccc2oc(-c3ccc(-n4c5ccccc5c5ccccc54)cc3)nc2c1)NC(=O)OC(C)(C)C,C1CCOC1,429.000429
3589,CN(C)c1ccc(C2=Nc3scc(-c4ccc(C#N)cc4)[n+]3[B-](F)(F)O2)cc1,ClCCl,456.0
34,CC1=CC(C)=[N+]2C1=C(c1ccccc1)c1c(C)cc(C)n1[B-]2(F)F,CC(C)=O,509.0
28,Cc1cc2ccccc2c2c1c1ccccc1n2-c1ccc(N(c2ccccc2)c2ccccc2)cc1,CS(C)=O,428.0
2395,CN1CCN(c2ccc3c4c(cccc24)C(=O)c2ccccc2-3)CC1,ClC(Cl)Cl,601.0
6745,CC1=CC(C)=[N+]2C1=C(c1ccc(I)cc1)c1c(C)cc(C)n1[B-]2(F)F,ClC(Cl)Cl,517.7250995
11582,C(=C/c1ncnc2ccccc12)\c1ccc(-c2ccc(N(c3ccccc3)c3ccccc3)cc2)cc1,ClCCl,610.0
5506,COc1ccc(N2c3cc(OC)ccc3N=c3cc4c(cc32)=Nc2cc(C(C)(C)C)cc(C(C)(C)C)c2O4)cc1,CCCCCC,587.0
6918,Oc1cccc(/N=C/c2ccccc2Oc2ccccc2)c1,ClC(Cl)Cl,415.0
2170,CN(C)c1ccc(/C=C/c2cc(/C=C/c3ccc(N(C)C)cc3)nc(/C=C/c3ccc(N(C)C)cc3)n2)cc1,ClCCl,536.0
7759,c1ccc(-c2cc(-c3ccc4ccc5cccc6ccc3c4c56)ccn2)nc1,C1CCOC1,393.9955085
7042,CC1=N/C(=C\c2ccccc2N(C)C)C(=O)N1C,C1CCCCC1,472.0
889,O=S1(=O)C2=C(c3ccc(N(c4ccccc4)c4ccccc4)cc31)C1(C3=C(c4ccccc41)S(=O)(=O)c1cc(N(c4ccccc4)c4ccccc4)ccc13)c1ccccc12,CC#N,598.0
3878,O=C(O)CCCc1cc(C#Cc2ccccc2)c2ccc3c(C#Cc4ccccc4)cc(C#Cc4ccccc4)c4ccc1c2c34,ClC(Cl)(Cl)Cl,460.0
3322,CCc1ccc(-n2c3ccccc3c3cc4c(cc32)c2ccccc2n4-c2ccc(CC)cc2)cc1,ClC(Cl)Cl,415.0
11520,Cc1c(COC(=O)Cc2ccccc2)n2c(OCC(=O)Cc3ccccc3)c(C)c(=O)n2c1=O,CCO,457.0
3514,CCCCCCCc1cc2c(o1)=CC1=C3c4cc5oc(CCCCCCC)cc5n4[B-](F)(F)[n+]4nnn(c43)[B-](F)(F)[N+]=21,C1CCOC1,691.0
6664,O=C1O[B-]2(OC1=O)OC(c1ccc3ccccc3c1)=CC(c1ccc3ccccc3c1)=[O+]2,ClC(Cl)(Cl)Cl,451.0
10220,CC[N+](CC)=c1ccc2c(-c3ccccc3C(=O)O)c3c(=O)oc4cc5c(cc4c3oc-2c1)CCCN5C,ClC(Cl)Cl,647.0
5673,O=[N+]([O-])c1ccc([N+]2=Cc3ccc4c5c(ccc4c3O[B-]2(c2c(F)c(F)c(F)c(F)c2F)c2c(F)c(F)c(F)c(F)c2F)C=[N+](c2ccc([N+](=O)[O-])cc2)[B-](c2c(F)c(F)c(F)c(F)c2F)(c2c(F)c(F)c(F)c(F)c2F)O5)cc1,CC(C)=O,617.0
8107,COc1cccc(OC)c1-c1c2ccc(=[N+]3CCNCC3)cc-2oc2cc(N3CCNCC3)ccc12,CCO,582.0
3733,CCCCCCC(CCCCCC)N1C(=O)c2cccc3c(-c4ccc(-c5ccc(OC)cc5)cc4)ccc(c23)C1=O,CN(C)C=O,583.4
7095,O=Cc1ccc(/C=C/c2nc(N3CCOCC3)c3c([n+]2[O-])CCCC3)cc1,ClCCl,565.0
11606,CCCCCCCCn1c2ccccc2c(=O)c2ccccc21,CS(C)=O,414.0
9330,CCN(CC)c1ccc2cc(/C=C3\CCCc4c3[o+]c3cc(N(CC)CC)ccc3c4-c3ccccc3C(=O)O)c(=O)oc2c1,ClCCl,797.0
4528,Cc1ccc(/C=N/c2cc(C(C)C)c(O)cc2C)cc1,C1CCCCC1,400.0
1654,CC(C)(C)c1ccc2c(c1)c1cc(C(C)(C)C)ccc1n2-c1ccccc1-c1nc(-c2ccccc2P(=O)(c2ccccc2)c2ccccc2)nc(-c2ccccc2P(=O)(c2ccccc2)c2ccccc2)n1,CC#N,548.8076312
7784,CCCCCCCCCCCCN1C(=O)c2cccc3c(N(Cc4ccccn4)Cc4ccccn4)c4ccccc4c(c23)C1=O,CCO,597.0
7593,CN(C)c1ccc2nc(/C=C/c3cc4c5c(c3)CCCN5CCC4)c(=O)oc2c1,CN(C)C=O,704.0
223,CC(=O)c1c2c(cc3cc(N(C)C)ccc13)CCC2,C1COCCO1,495.0
10569,CC1(C)c2ccccc2N(c2ccc3c(c2)c2cc(N4c5ccccc5C(C)(C)c5ccccc54)ccc2c2nc(C#N)c(C#N)nc32)c2ccccc21,Cc1ccccc1,678.0
6567,COc1ccccc1-c1nc(-c2ccc(C(F)(F)F)cc2)n(-c2ccc(C)cc2)c1-c1ccccc1OC,CCCCCC,434.0
6688,O=c1oc2ccccc2cc1-c1ccc([N+](=O)[O-])cc1,CC#N,409.0
5982,Fc1cc(F)c2cc3cccc[n+]3cc2c1,O,420.0
4239,O=C1c2ccccc2-c2ccc(Nc3nc(Cl)nc(Cl)n3)c3cccc1c23,O=C1CCCCC1,520.0208008
5882,CCC1=C(C)C(=O)n2c1cc1c(c(C)c(C(=O)OC)n1C)c2=O,ClC(Cl)Cl,455.0
1590,CCCCC(CC)Cn1c2ccccc2c2cc(-c3cc4c(cc3F)-c3cc(F)c(-c5ccc6c(c5)c5ccccc5n6CC(CC)CCCC)cc3S4(=O)=O)ccc21,Cc1ccccc1,432.0
10835,O=C(O)C1=C/C(=C/C=[N+]2/c3cc(O)c(C[C@@H]4O[C@H](CO)[C@@H](O)C(O)[C@H]4O)cc3C[C@H]2C(=O)O)C[C@@H](C(=O)O)N1,[2H]O[2H],640.0
3256,COC1=C/C(=C\C=C2C=CN(Cc3ccc(Br)cc3)C=C2)C=CC1=O,CN(C)C=O,682.0
10885,CCOc1ccc2c(-c3nc(-c4ccccc4Cl)no3)cc(=O)oc2c1,CCO,432.0
7200,COC(=O)c1ccc(C#Cc2ccc(N(C)C)cc2)cc1,CC(C)=O,426.9854825
2181,CCCCCCCCCCCCC(CCCCCCCCCC)Cn1c2cc(/C=C/C=C(C#N)C#N)c3cccc4c5cccc6c(/C=C/C=C(C#N)C#N)cc1c(c65)c2c34,ClCCl,697.0
7549,CC1CCC(=CS/C=C/c2ccc(-c3ccc(/C=C/SC=C4CCC(C)CC4)cc3)cc2)CC1,ClCCl,432.0
9158,N#Cc1ccc(N)cc1,O,344.0
7414,C[N+]1=c2cc3c(cc2C(C)(C)CC1)=C(c1ccccc1C(=O)O)c1cc2c(cc1O3)Oc1cc3c(cc1=C2c1ccccc1C(=O)O)C(C)(C)CC[N+]=3C,ClC(Cl)Cl,612.0
6165,Cc1cc(C2(c3cc(C)c(O)c(Br)c3)OS(=O)(=O)c3ccccc32)cc(Br)c1O,CCCO,505.0
10737,CCOC(=O)c1c(-c2cc3ccc(OCC=C(C)C)cc3oc2=O)nn(-c2ccccc2)c1C(=O)OCC,ClCCl,425.0
7466,CSc1sc(C(N)=O)c2nnn(C)c(=O)c12,C1CCOC1,496.0
9498,c1ccccc1,C1CCCCC1,287.3563218
9145,O=C1c2ccccc2-c2c(-c3cc(Cl)ccc3O)[nH]c(=O)n21,CC#N,475.0
4817,CC1(C)Oc2c(c3nc4ccccc4nc3c3ccccc23)CC1Br,CCCCCC,430.6632214
7233,c1ccc(B2Nc3cc4c(cc3-c3occc32)NB(c2ccccc2)c2ccoc2-4)cc1,ClCCl,393.0
8273,O=S(=O)(c1ccc2c(c1)c1ccccc1n2-c1ccccc1)c1ccc2c(c1)c1ccccc1n2-c1ccccc1,ClCCl,372.0
1209,O=C1c2cccc3cc4ccccc4c(c23)C(=O)N1Cc1ccccn1,CCO,500.0
6499,CC1(C)c2ccccc2N(c2cc(C#N)c(C#N)cc2N2c3ccccc3C(C)(C)c3ccccc32)c2ccccc21,c1ccc2c(c1)c1ccccc1n2-c1ccc(-c2ccc(-n3c4ccccc4c4ccccc43)cc2)cc1,557.0
421,c1ccc2c(c1)c1ccccc1n2-c1ccc(-c2cc3ccc(-c4ccc5cc(-c6ccc(-n7c8ccccc8c8ccccc87)cc6)oc5c4)cc3o2)cc1,c1ccc2c(c1)c1ccccc1n2-c1ccc(-c2ccc(-n3c4ccccc4c4ccccc43)cc2)cc1,419.0
10721,CCCCC[n+]1ccc(/C=C/c2ccc(N(C)C)c3ccccc23)c2ccccc21,CC(C)=O,714.0
1706,C(=C/c1ccc(N(c2ccccc2)c2ccccc2)cc1)\c1ccc(-c2nc(-c3ccc(/C=C/c4ccc(N(c5ccccc5)c5ccccc5)cc4)cc3)nc(-c3ccc(/C=C/c4ccc(N(c5ccccc5)c5ccccc5)cc4)cc3)n2)cc1,ClC(Cl)Cl,535.0
1158,CCCCc1cc(C=O)c2ccc3c(CCCC)cc(N4CCCCC4)c4ccc1c2c34,ClC(Cl)Cl,562.0
2306,COc1ccc(-n2nc(C#N)c(NC3CCCCC3)n2)cc1,CCO,408.0
273,c1ccc(N(c2ccccc2)c2ccc(-c3nc(-c4ccc(N(c5ccccc5)c5ccccc5)cc4)c4ccccc4n3)cc2)cc1,C1CCCCC1,447.0
171,c1cc2ccc3ccc(-n4c5ccccc5c5ccccc54)c4ccc(c1)c2c34,CCOC(C)=O,398.0
3956,CC(C)(C)c1ccc2c3c(c4ccc(C(C)(C)C)cc4c2c1)=[N+]1C(=C(c2ccccc2)c2cc4c5ccc(C(C)(C)C)cc5c5cc(C(C)(C)C)ccc5c4n2[B-]1(F)F)C=3,C1CCCCC1,709.0
5606,CCN(CC)c1cccc2c1ccc1c(=O)oc(-c3ccc(C(F)(F)F)cc3)cc12,CCCCCCCCO,561.0
7478,Cc1cc(C)c(C2=C3C=C(/C=C/C(=O)OC(C)(C)C)C=[N+]3[B-](F)(F)n3c2ccc3N2CCOCC2)c(C)c1,ClCCl,581.0
4865,CN(C)c1ccc(C2=Cc3cccc[n+]3[B-](F)(F)O2)cc1,C1COCCO1,486.0
7333,CSc1sc(C(N)=O)c2nnn(C)c(=O)c12,CS(C)=O,527.0
3188,O=C(O)c1c2ccccc2nc2ccccc12,C1COCCO1,421.0
1725,C(#Cc1ccccc1)C(C#Cc1ccccc1)=Cc1ccc(-c2ccc(C=C(C#Cc3ccccc3)C#Cc3ccccc3)cc2)cc1,ClC(Cl)Cl,461.0
6473,CC1(C)CC(/C=C/c2ccc(-n3cncn3)cc2)=CC(=C(C#N)C#N)C1,C1CCOC1,520.0
8358,COc1ccc(-c2nc(-c3ccc(-c4nc(-c5ccc(OC)cc5)c(-c5ccc(OC)cc5)[nH]4)s3)[nH]c2-c2ccc(OC)cc2)cc1,CC#N,451.5
1564,CC1=CC(/C=C/c2ccc(OCCN3CCOCC3)cc2)=[N+]2C1=C(c1ccc(OCCN3CCCCC3)cc1)c1c(C)cc(/C=C/c3ccc(OCCN4CCOCC4)cc3)n1[B-]2(F)F,CCO,655.0
1782,CCC1=C(C)C2=C(c3c4ccccc4c(-c4ccccc4)c4ccccc34)c3c(C)c(CC)c(C)n3[B-](F)(F)[N+]2=C1C,CCCCCC,539.0
843,C(#Cc1cccc2ccccc12)c1ncc(-c2ccccc2)o1,ClCCl,400.0
11459,CCOC(=O)C1=C(C)NC2=C(C(=O)c3ccccc32)C1c1ccc(N(C)C)cc1,C1CCOC1,497.0
6733,C=CCNS(=O)(=O)c1ccc2c(c1)C(=O)/C(=C1\Sc3ccc(S(=O)(=O)NCC=C)cc3C1=O)S2,CS(C)=O,625.0
904,CNc1cccc2c1-c1ccccc1C2=O,C1CCCCC1,536.0
3494,CN(C)/C=N\c1ccc2c3c(cccc13)C(=O)c1ccccc1-2,Cc1ccccc1,551.0
11861,CC(=O)Nc1ccccc1C(=O)OC1CC(C)CCC1C(C)C,CC#N,369.0
7724,COC(=O)C(Cc1ccc2oc(-c3c4ccccc4cc4ccccc34)nc2c1)NC(=O)OC(C)(C)C,C1COCCO1,489.999118
1547,CC1(C)CC[N+]2=c3c(cc4c(c31)Oc1cc3c(cc1C=4c1ccccc1C(=O)O)C(c1ccccc1C(=O)O)=c1cc4c5c(c1O3)C(C)(C)CC[N+]=5CCC4)CCC2,ClC(Cl)Cl,635.0
11188,CN(C)c1cc(C#N)c(N(C)C)c(C#N)c1,C1CCCCC1,495.7858205
2080,CN(C)c1ccc2c3c(ccc2c1)C(=O)CCC3,CCOC(C)=O,429.0
11831,COc1ccc(-n2c(C)ccc2C)cc1,CCCCCC,336.0
9178,CCOC(=O)c1c2c3c(ccc([N+](=O)[O-])c3c3cc4c(cc13)[Si](C)(C)O[Si]4(C)C)N(C)C2=O,CC#N,413.0
12073,F[B-]1(F)n2ccnc2-c2cccc[n+]21,CO,362.0
3985,CN(C)c1ccc(C#Cc2ccc3ccc4ccc(C#Cc5ccc(N(C)C)cc5)c5ccc2c3c45)cc1,C1COCCO1,491.8
11430,CN(C)c1ccc2c(c1)C(=O)NC2=O,CCOCC,440.0
7921,COCCOCCOCCOc1ccc(/C=C/C2=[N+]3C(=C(c4cc(OC)cc(OC)c4)c4c(C)c(I)c(/C=C/c5ccc(OCCOCCOCCOC)cc5)n4[B-]3(F)F)C(C)=C2I)cc1,C1CCOC1,684.0
8728,CN(C)c1c2ccccc2cc2ccccc12,OCC(O)CO,393.0
8993,N#Cc1ccc(N)c2nonc12,Cc1ccccc1,529.0
11419,N#Cc1c(/C=C/c2ccc(N(c3ccccc3)c3ccccc3)cc2)cc(-c2ccccc2)cc1N1CCCCC1,CS(C)=O,520.0
4677,c1ccc(-c2nc(-c3ccccc3)nc(-c3ccc(-n4c5ccccc5c5cc(-c6ccc7oc8ccccc8c7c6)ccc54)cc3)n2)cc1,CN(C)C=O,526.0
3820,C#CCOc1ccc(/C=C/C2=[N+]3C(=C(c4ccc(N(CC)CC)cc4)c4c(C)cc(/C=C/c5ccc(OCC(=O)OC)cc5)n4[B-]3(F)F)C(C)=C2)cc1,CO,655.0
5209,OC1(c2ccc(-c3cccs3)s2)CCC(c2ccccc2)CC1,CCCCCC,464.0
2646,Cc1ccc(C2=Nc3cccc4[n+]3[B-](c3ccccc3)(N2)NC(c2ccc(C)cc2)=N4)cc1,ClCCl,508.0
6719,COc1ccc(/C=C/c2nc(N3CCOCC3)c3c([n+]2[O-])CCCC3)cc1,ClCCl,533.0
9386,CN(C)c1ccc(C2=Cc3cccc[n+]3[B-](F)(F)O2)cc1,ClC(Cl)Cl,490.0
7819,CN(C)c1ccc2cc(C3=[O+][B-](F)(F)OC(c4ccccc4)=C3)ccc2c1,Cc1ccccc1,573.0
256,O=C(/C=C(\O)c1ccc(N2c3ccccc3Oc3ccccc32)cc1)c1ccc(N2c3ccccc3Oc3ccccc32)cc1,c1ccc2c(c1)c1ccccc1n2-c1ccc(-c2ccc(-n3c4ccccc4c4ccccc43)cc2)cc1,550.3184713
9288,CC[N+]1=C(/C=C/c2c(C)nn3c(-c4ccc(OC)cc4)ccnc23)C(C)(C)c2ccccc21,ClCCl,535.0
4350,N#Cc1c(N2CCCCC2)cc(-c2ccc(O)cc2)c2c1-c1cccc3cccc-2c13,C1COCCO1,540.0
8650,Fc1c(F)c(-n2c3ccccc3c3ccccc32)c(F)c(F)c1-c1nnc(-c2ccccc2)o1,Cc1ccccc1,444.0
7213,C(/C=C/Nc1ccccc1)=[NH+]c1ccccc1,CS(C)=O,492.0
5923,COc1ccc(C2=c3sc(-c4ccc(OC)cc4)c(-c4ccc(OC)cc4)c3=[N+]3C2=Nc2c(-c4ccc(OC)cc4)c4sc(-c5ccc(OC)cc5)c(-c5ccc(OC)cc5)c4n2[B-]3(F)F)cc1,ClC(Cl)Cl,816.0
6365,COc1ccc(Nc2ccc3ccccc3n2)cc1,Cc1ccccc1,445.77
2155,CCCCCCCCCCCn1cccc1C1=[N+]2C(=Cc3c(C)cc(C)n3[B-]2(F)F)c2ccccc21,CC#N,606.0
10544,O=C1OC(=O)c2ccc(N(c3ccccc3)c3ccc4ccc5cccc6ccc3c4c56)c3cccc1c23,c1ccccc1,605.0
10894,COC(=O)c1c2ccccc2nc2ccccc12,CCCCO,431.0
3715,COc1ccc(C2=C3C(C)=CC(C)=[N+]3[B-](F)(F)n3c(C)cc(C)c32)cc1,Cc1ccccc1,514.0
4057,O=c1c2ccccc2n2c3ccccc3c(=O)c3cc(-c4ccccc4)cc1c32,CCCCCC,447.0
8970,c1cc2c3ccc[n+]4cccc(c5ccc[n+](c1)c25)c34,O,441.0
10162,O=c1ccc2cc3c(cc2o1)OCC3,O,410.0
3622,F[B-]1(F)n2cccc2C(c2c3ccccc3cc3ccccc23)=C2C=CC=[N+]21,ClCCl,520.0
5648,CN(C)c1ccc(C#Cc2ccc(C=O)cc2)cc1,CS(C)=O,578.5028347
6734,F[Si-](F)(c1c2ccccc2cc2ccccc12)(c1c2ccccc2cc2ccccc12)c1c2ccccc2cc2ccccc12,C1CCOC1,396.0
3102,NNC(=O)N1C(=O)c2cc(S(=O)(=O)[O-])cc3c(N)c(S(=O)(=O)[O-])cc(c23)C1=O,O,535.0
558,O=C([O-])c1c2ccccc2c(C(=O)[O-])c2ccccc12,CN(C)C=O,410.0
10949,CCCCCCCCC1(CCCCCCCC)c2ccccc2-c2ccc(-c3nnc(-c4cccc(-n5c6ccc(C(C)(C)C)cc6c6cc(C(C)(C)C)ccc65)c4)o3)cc21,Cc1ccccc1,419.0
11461,COCCOCCOCCOCC(COCCOCCOCCOC)Oc1cc(/C=C/c2ccc(C=C(C#N)C#N)cc2)c(OC(COCCOCCOCCOC)COCCOCCOCCOC)cc1/C=C/c1ccc(C=C(C#N)C#N)cc1,ClCCl,596.0
1436,N#C/C=C/c1ccc2ccc3cccc4ccc1c2c34,CCOC(C)=O,423.0
507,Fc1ccc(-c2cc3c4c(c2)CCc2cc(-c5ccc(F)cc5)cc(c2-4)CC3)cc1,CCCCCC,374.5107632
5275,COC(=O)C1=C(C(=O)OC)[Se](=O)[C@]23C1=C[C@H](c1ccccc12)c1ccccc13,ClCCl,495.0
4472,CCC1=C(C)C2=Cc3cc4c(cc3B(O)N2C1=O)OCO4,CS(C)=O,498.0
1869,CC1=CC(C)=[N+]2C1=C(c1c3ccccc3cc3ccccc13)c1c(C)cc(C)n1[B-]2(F)F,CCO,513.0
5663,N#CSC1=CC2=C(c3ccccc3)c3cc(SC#N)c(N4CCOCC4)n3[B-](F)(F)[N+]2=C1N1CCOCC1,CC#N,628.0
6728,CC(=O)Nc1ccc(S(=O)(=O)O)c(/N=N/c2c(O)c3ccccc3n(C)c2=O)c1,CS(C)=O,526.0
5930,CCC1=C(C)C2=C(c3c(C)cc(C)nc3-c3cccs3)c3c(C)c(CC)c(C)n3[B-](F)(F)[N+]2=C1C,ClC(Cl)Cl,554.0
8563,C(/C=C/C1=[NH+]c2cccc3cccc1c23)=c1/[nH]c2cccc3cccc1c32,CO,651.0
755,COC(=O)C(Cc1ccc2oc(-c3ccc4c(c3)c3ccccc3n4-c3ccccc3)nc2c1)NC(=O)OC(C)(C)C,CCCCCO,380.9959233
7754,COc1cc(-c2nc(-c3ccccc3)c(-c3ccccc3)[nH]2)c(OC)cc1/C=C/c1ccncc1,CC#N,493.0
2339,CC(C)[Si]1(C(C)C)c2cc(C=O)ccc2-c2ccc(N(C)C)cc21,CCOCC,449.0
4050,Cc1nc2c(ccc3c2sc(/C=C/c2cc4c5c(c2)CCCN5CCC4)[n+]3C)s1,CO,622.0
7944,Nc1ncnc2c1c(C#Cc1ccc3ccccc3c1)cn2[C@H]1C[C@H](O)[C@@H](CO)O1,CC#N,400.0
3836,CC1CCC(O)(c2ccc(-c3cccs3)s2)CC1,CC#N,405.0
4386,CCN(CC)c1cccc2c1ccc1c(=O)oc(-c3ccc(C(F)(F)F)cc3)cc12,CN(C)C=O,613.0
7885,COC(=O)C(Cc1ccc2oc(-c3ccc4c(c3)c3ccccc3n4-c3ccccc3)nc2c1)NC(=O)OC(C)(C)C,CCCCCCCCC,374.5037825
7038,CN(C)c1cc(C#N)c(N(C)C)c(C#N)c1,CCOCC,507.3566717
2118,CN(C)c1ccc(C2=Cc3c4ccccc4c4ccccc4[n+]3[B-](F)(F)O2)cc1,CC1CCCCC1,485.0
10844,CCCCCCCCOc1ccc(C2=C3C(C)=CC(C)=[N+]3[B-](F)(F)n3c(C)cc(C)c32)cc1,ClCCl,513.0
729,Cc1ccc2nc3[nH]c(=O)[nH]c(=O)c3nc2c1,ClCCCl,442.0
501,Oc1ccccc1/C=N/c1cc2nc3ccccc3nc2cc1/N=C/c1ccccc1O,CC#N,501.0
6526,CCC1=C(C)C2=C(C)c3cccn3[B-](F)(F)[N+]2=C1C,CCOC(C)=O,512.5
643,O=C(/C=C/c1ccc(O)c(O)c1)O[C@H](Cc1ccc(O)c(O)c1)C(=O)O,ClCCl,396.0
7508,c1ccc(N(c2ccccc2)c2ccc(-c3cnc(-c4ccc(N(c5ccccc5)c5ccccc5)cc4)s3)cc2)cc1,CO,488.0
1539,CCC(CC)n1c2ccccc2c2cc3c(cc21)c1ccccc1n3C(CC)CC,ClC(Cl)Cl,423.0
8701,CC1=C(C#Cc2ccccc2)C(C)=[N+]2C1=C(c1ccccc1)c1c(C)c(C#Cc3ccccc3)c(C)n1[B-]2(F)F,C1CCOC1,594.0
1211,O=c1cc(COc2ccc(I)cc2)c2c(ccc3ccccc32)o1,CCO,418.0
9044,CCOc1ccc2c(-c3nc(-c4cccc(Br)c4)no3)cc(=O)oc2c1,CCO,458.0
11620,CCN(CC)c1ccc2cc(C#N)c(=N)oc2c1,ClCCl,460.0
672,O=c1c2ccccc2n2c3ccc(-c4ccccc4)cc3c(=O)c3cccc1c32,CCCCCC,448.0
4915,C(=C/c1ccc(-c2ccccc2)cc1)\c1ccc(Oc2ccc3ccccc3c2-c2c(Oc3ccc(/C=C/c4ccc(-c5ccccc5)cc4)cc3)ccc3ccccc23)cc1,ClCCl,385.0
6106,COC(=O)c1cc(=O)n(C)c2cc(-c3cc4c5c(c3)CCCN5CCC4)sc12,CS(C)=O,508.0
6520,CC(C)(C)c1ccc(-c2nc3c4ccc(-c5cc6ccccc6c6ccccc56)cc4c4cc(-c5cc6ccccc6c6ccccc56)ccc4c3n2-c2ccc(C(C)(C)C)cc2)cc1,C1CCOC1,388.0
3377,CCCCCCCCn1c(=O)c2cc3cc4cc5c(=O)n(CCCCCCCC)c(=O)c5cc4cc3cc2c1=O,ClC(Cl)Cl,423.0
4476,COC(=O)c1ccc2ccc3cccc4ccc1c2c34,CCO,391.0
5615,CC1(C)c2ccccc2N(c2ccc(-c3ncccn3)cc2)c2ccccc21,O=P(c1ccccc1)(c1ccccc1)c1ccc2oc3ccc(P(=O)(c4ccccc4)c4ccccc4)cc3c2c1,457.0
10773,Cc1nc2ccc(/C=C/c3ccc(N(C)C)cc3)cc2nc1-c1ccccc1,ClCCl,590.0
1464,c1ccc(-c2nc(-c3ccccc3)nc(-c3cc(-n4c5ccccc5c5ncccc54)c(-n4c5ccccc5c5ccccc54)c(-n4c5ccccc5c5ncccc54)c3)n2)cc1,O=P(c1ccccc1)(c1ccccc1)c1ccccc1Oc1ccccc1P(=O)(c1ccccc1)c1ccccc1,455.4896142
4745,c1ccc2c3c(ccc2c1)-c1cccc2cc4ccccc4c-3c12,CCCCCCC,610.0
10933,CN(C)c1c2ccccc2cc2ccccc12,CN(C)C=O,392.0
1192,Oc1c(-c2nc3c4ccc(-c5ccccc5)cc4c4cc(-c5ccccc5)ccc4c3[nH]2)ccc2c1c1ccccc1n2-c1ccccc1,CCCCCC,506.0
3793,CC(C)(C)c1ccc(-c2nc3c4ccc(-c5cc6ccccc6c6ccccc56)cc4c4cc(-c5cc6ccccc6c6ccccc56)ccc4c3n2-c2ccc(C(C)(C)C)cc2)cc1,CCCCCC,382.0
1872,COc1ccc(-c2oc(-c3ccc(OC)cc3)c3c2C=C(C=O)CC(C=O)=C3)cc1,ClC(Cl)Cl,502.0
3590,Nc1ncnc2c1c(C#Cc1c3ccccc3cc3ccccc13)cn2[C@H]1C[C@H](O)[C@@H](CO)O1,ClC(Cl)Cl,443.0
6360,Cc1ccc(C2=[N+]3C(=Cc4c(C)cc(C)n4[B-]3(F)F)c3ccccc32)[nH]1,Cc1ccccc1,629.0
3158,S=c1[nH]nc(-c2ccc(/C=C/c3ccc(-c4n[nH]c(=S)o4)cc3)cc2)o1,CN(C)C=O,401.0
9897,Cc1ccc2cc(C)ccc2c1,C1CCCCC1,342.8179637
505,Cc1cc(C)c(B(c2ccccc2N2c3ccccc3Oc3ccccc32)c2c(C)cc(C)cc2C)c(C)c1,Cc1ccccc1,585.0
243,CCN(CC)c1ccc2c(-c3ccc(S(=O)(=O)O)cc3S(=O)(=O)[O-])c3ccc(=[N+](CC)CC)cc-3oc2c1,CCO,581.0
5678,Fc1ccc(-c2nc3n(c2-c2ccncc2)CCS3)cc1,CS(C)=O,436.0
506,c1ccc2c3c(ccc2c1)-c1c2ccccc2cc2cccc-3c12,CCCCCCC,603.0
10022,CCNc1ccc2c(C(F)(F)F)cc(=O)oc2c1,C1CCC2CCCCC2C1,420.0
9543,C1=CB2C=Cc3ccccc3N2C=C1,C1CCCCC1,356.0
6682,CCOC(=O)c1ccccc1-c1c2ccc(=[N+](CC)CC)cc-2oc2c1c(=O)oc1cc(N(CC)CC)ccc12,ClC(Cl)Cl,640.0
4717,CN(C)c1ccc(C2=Cc3cccc[n+]3[B-](F)(F)O2)cc1,CC#N,528.0
6222,c1csc(-c2ccc(-c3cccs3)s2)c1,ClCCl,432.0
6959,[C-]#[N+]c1ccc(-c2ccc(N)cc2)cc1,CCCCCC,353.0
8774,CCCCCCCCn1c2ccc(/C=C/c3ccc(N(c4ccccc4)c4ccccc4)cc3)cc2c2cc3c(cc21)c1cc(/C=C/c2ccc(N(c4ccccc4)c4ccccc4)cc2)ccc1n3CCCCCCCC,Cc1ccccc1,453.0
8324,CCc1ccc(-c2ccc(-c3nnc(-c4ccc(-c5nnc(-c6ccc(-c7ccc(CC)cc7)s6)o5)cc4)o3)s2)cc1,CS(C)=O,426.0
1773,CSc1ccc2c(c1)N(CCCN1CCN(C)CN1C)c1ccccc1S2,CO,453.0
6495,COC(=O)C(Cc1ccc2oc(-c3ccc(N(C)C)cc3)nc2c1)NC(=O)OC(C)(C)C,CCC(C)CC,374.5037825
3010,N#Cc1c(N2CCCCC2)cc(-c2cccs2)c2c1CCc1ccccc1-2,C1CCOC1,474.0
7407,CC1=[N+]2C(=C(c3ccc(N(C)C)cc3)c3ccc(C)n3[B-]2(F)F)C=C1,CCCCCC,519.0
10012,CCCCCCc1ccc2c3c(ccc2c1)O[B-](c1ccccc1)(c1ccccc1)[N+](c1ccc([N+]2=Cc4c(ccc5cc(CCCCCC)ccc45)O[B-]2(c2ccccc2)c2ccccc2)cc1)=C3,Cc1ccccc1,569.0
797,CC(=O)c1c2c(cc3c(N(C)C)cccc13)CCC2,CCO,634.0
3618,C[N+]1=C(/C=C/C2=C3Oc4c(cc5c6c4CCCN6CCC5)C(c4ccccc4C(=O)O)=C3CCC2)C(C)(C)c2ccccc21,ClC(Cl)Cl,757.0
2381,COc1ccc2c(c1)sc1[n+]2[B-](F)(F)OC(c2ccc(N(C)C)cc2)=N1,CC#N,481.0
2829,CCC1(CC)c2ccccc2-c2c1c1c(c3c2C(CC)(CC)c2cc(-c4cccs4)ccc2-3)C(CC)(CC)c2cc(N(c3ccccc3)c3ccccc3)ccc2-1,C1CCOC1,422.0
11235,CCOC(=O)COc1ccc(/C=C/C2=C3C(C)=CC(/C=C/c4ccc(OCC(=O)OCC)cc4)=[N+]3[B-](F)(F)n3c2c2ccccc2c3-c2[nH]c(C)cc2C)cc1,ClCCl,733.0
11425,CCOC(=O)c1ccc(C2CC(c3cccc4ccccc34)=NN2c2ccc(C)cc2)cc1,ClCCl,493.0
11898,CC(=O)[B-]1(C(C)=O)OC(c2ccccc2)=CC(c2ccccc2)=[O+]1,ClC(Cl)(Cl)Cl,402.0
4633,Cc1ccc(/C=C/c2ccccc2-[n+]2noc([O-])c2C)cc1,CC#N,450.0
312,CC(C)(C)c1ccc2c3c(c4ccc(C(C)(C)C)cc4c2c1)=[N+]1C(=C(c2ccccc2)c2cc4c5ccc(C(C)(C)C)cc5c5cc(C(C)(C)C)ccc5c4n2[B-]1(F)F)C=3,CC#N,712.0
746,CCCCC1=Cc2c3ccc4cccc5ccc(c6cc(-c7ccc(N(c8ccccc8)c8ccccc8)cc7)n(c26)P1(=O)c1ccccc1)c3c45,CC#N,572.0
3569,COc1ccc(/C=C(\C#N)c2nc(-c3ccc(Cl)cc3)cs2)cc1,CC#N,472.0
790,Clc1cccc(-c2nc3sc4ccccc4c3s2)c1,CS(C)=O,420.0
2476,c1ccc(-c2ccc(-c3ccc(N(c4ccccc4)c4ccccc4)cc3)c3nsnc23)cc1,CC(C)=O,619.0
6120,Oc1c(-c2nc3c4ccc(-c5ccccc5)cc4c4cc(-c5ccccc5)ccc4c3[nH]2)ccc2c1c1ccccc1n2-c1ccccc1,CO,484.0
10092,O=c1c2ccccc2n(-c2ccc(-c3ccc(N(c4ccccc4)c4ccccc4)cc3)cc2)c2ccccc12,ClCCl,408.0
11434,Nc1nc2ccc(F)cc2[n+]([O-])n1,CC#N,491.0
2570,c1ccc(-n2c3ccccc3c3cc(-c4ccc5nc(-c6ccc(-n7c8ccccc8c8ccccc87)cc6)nn5c4)ccc32)cc1,C1CCOC1,389.0
5753,CC1=C(C#Cc2ccccc2)C2=Cc3c(C#Cc4ccccc4)c(C)c(C)n3[B-](F)(F)[N+]2=C1C,CC#N,579.0
9612,CCCCc1c2ccccc2c(-c2ccc(-c3nc4cc(CC(NC(=O)OC(C)(C)C)C(=O)OC)ccc4o3)cc2)c2ccccc12,CC1COC(=O)O1,450.9989627
10597,C#CCOc1ccc(/C=C/C2=[N+]3C(=C(c4ccc(N(CC)CC)cc4)c4c(C)cc(/C=C/c5ccc(S(=O)(=O)O)cc5S(=O)(=O)O)n4[B-]3(F)F)C(C)=C2)cc1,O,660.0
6448,O=[N+]([O-])c1ccc(C2=Nc3sc(-c4ccccc4)n[n+]3[B-](F)(F)O2)cc1,Cc1ccccc1,409.0
5599,Cc1ccc(/C(C#N)=C/c2cc(/C=C(\C#N)c3ccc(C)cc3)c(-c3ccc(N(c4ccccc4)c4ccccc4)cc3)cc2-c2ccc(N(c3ccccc3)c3ccccc3)cc2)cc1,ClC(Cl)Cl,517.0
7877,CCCCc1cc(C(=O)CCC)c2ccc3c(CCCC)cc(N4CCCCC4)c4ccc1c2c34,CCO,587.0
4355,CC(O)CC1=N/C(=C\c2cccc(N(C)C)c2)C(=O)N1C,C1CCOC1,585.0
2163,COc1ccc2n1[B-](F)(F)[N+]1=C(SC#N)C=CC1=C2c1ccccc1,CC#N,527.0
9000,COC(=O)C(Cc1ccc2oc(-c3ccc(Nc4ccccc4)cc3)nc2c1)NC(=O)OC(C)(C)C,CCCCC,382.0001528
8827,COc1ccc2cc(-c3ccc(C(F)(F)F)cc3)oc(=O)c2c1,CN(C)C=O,411.0
380,N#C/C=C/c1ccc2ccc3cccc4ccc1c2c34,Cc1ccccc1,423.0
11155,CCCCC(CC)Cn1c2ccccc2c2cc(-c3ccc4c(c3)-c3cc(-c5ccc6c(c5)c5ccccc5n6CC(CC)CCCC)ccc3S4(=O)=O)ccc21,ClC(Cl)Cl,438.0
1292,CCN(CC)c1ccc2cc3c(cc2c1)C1(c2ccccc2Oc2ccccc21)c1cc2cc(N(CC)CC)ccc2cc1C3=O,CC#N,552.0
1912,CN(C)c1ccc(C(=O)c2ccccc2)cc1,c1ccccc1,497.0
6899,C[Si]1(C)C2=C(c3cc4c(cc31)C1=C(c3ccccc3S1(=O)=O)[Si]4(C)C)S(=O)(=O)c1ccccc12,C1CCOC1,470.0
599,C[N+](C)=c1ccc2c(-c3c(F)c(F)c(F)c(F)c3C(=O)O)c3ccc4cc(O)ccc4c3oc-2c1,O,603.0
3892,COC(=O)C(Cc1ccc2oc(-c3ccc(Nc4ccccc4)cc3)nc2c1)NC(=O)OC(C)(C)C,C1CCCCC1,382.0001528
4141,CN(C)CCCN1c2ccccc2CCc2ccccc21,O,400.0
5540,Cc1nc2c(c[n+]1C)CN1C(=O)N([C@H]3O[C@@H](CO)[C@H](O)[C@@H]3O)C=CC1=N2,CC(C)=O,418.0
1652,CNc1ccc(/C=C/C#N)cc1,CCO,414.0
7900,Cc1ccc(C(=O)[O-])c(O)c1,O,407.0
9658,COc1cc(OC)cc(C2=C3C(C)=C(I)C(C)=[N+]3[B-](F)(F)n3c(/C=C/c4c[nH]c5ccccc45)c(I)c(C)c32)c1,C1CCOC1,668.0
1893,COc1ccc(/C=C/c2cc(/C=C/c3ccc(N(c4ccccc4)c4ccccc4)cc3)nc(/C=C/c3ccc(N(C)C)cc3)n2)cc1,CS(C)=O,485.0
1944,N#Cc1cc(-n2c3ccccc3c3ccccc32)c(-n2c3ccccc3c3cc(Br)ccc32)cc1C#N,c1ccc2c(c1)c1ccccc1n2-c1ccc(-c2ccc(-n3c4ccccc4c4ccccc43)cc2)cc1,481.0
3395,CCCCC(CC)COC(=O)/C=C\c1ccccc1OC,CCCCCC,340.0
3388,N#Cc1ccc2nc3c(=O)[nH]c(=O)[nH]c3nc2c1,ClCCCl,430.0
6502,CC(C)CN1C(=O)/C(=C/c2ccc([N+](=O)[O-])cc2)C=C1c1ccccc1,C1COCCO1,601.0
4362,O=C1c2ccccc2NCN1Cc1ccccc1,c1ccccc1,395.0
11978,C#CCn1c2ccccc2c2cc(/C=C/c3cc(C)c4n3[B-](F)(F)[N+]3=C(C)C=C(C)C3=C4c3ccc(I)cc3)ccc21,ClC(Cl)Cl,607.0
375,CN(C)c1ccc(/C=C/c2nc3ccc(N(C)C)cc3oc2=O)cc1,OCC(O)CO,659.0
1966,CC(C)(C)c1ccc(C#Cc2cc3ccc4cc(C#Cc5ccc(C(C)(C)C)cc5)cc5ccc(c2)c3c45)cc1,ClCCl,420.0
3957,F[B-]1(F)n2c(c3cccc4cccc2c43)=Nc2cccc[n+]21,C1CCOC1,518.0
6195,O=P1(c2ccccc2)C(c2cc(C(F)(F)F)cc(C(F)(F)F)c2)=Cc2c3ccc4cccc5ccc(c6cc(-c7ccc(N(c8ccccc8)c8ccccc8)cc7)n1c26)c3c45,ClCCl,622.0
11895,CC1CCC(O)(c2ccc(-c3cccs3)s2)CC1,CCCCCC,408.0
4423,CC1=CC(C)=[N+]2C1=C(c1ccc(N(C)C)cc1)c1c(C)cc(/C=C/c3ccc(N(C)C)cc3)n1[B-]2(F)F,CCOCC,632.0
5351,N#C/C(=C\c1ccncc1)c1nc(-c2ccccc2)cs1,ClCCl,554.0
5696,Cc1ccc(C2=[N+]3C(=Cc4ccc(C)n4[B-]3(F)F)c3ccccc32)[nH]1,ClCCl,624.0
1243,CCCCCCCCCCCCNc1cccc2[n+]1[B-](F)(F)n1c(c3cccc4cccc1c43)=N2,ClCCl,522.0
8060,CC1CC=C(c2ccc(-c3cccs3)s2)CC1,CCCCCC,408.0
12007,O=[N+]([O-])c1ccc(NCCN(Cc2c3ccccc3cc3ccccc23)c2ccc([N+](=O)[O-])cc2[N+](=O)[O-])c([N+](=O)[O-])c1,C1CCOC1,416.0
6798,F[B-]1(F)OC(c2ccccc2)=Nc2sc(-c3ccccc3)n[n+]21,CC#N,415.0
7802,Nc1ccc(C#Cc2ccc3ccc4ccc(C#Cc5ccc(N)cc5)c5ccc2c3c45)cc1,C1COCCO1,476.0
11713,COc1ccc(/C=C/c2ccccc2)cc1,CC#N,374.0
1471,F[B-]1(F)n2cccc2C(c2c3ccccc3cc3ccccc23)=C2C=CC=[N+]21,CCO,520.0
3346,CCOC(=O)CN1C(=O)C2=C(c3ccc(C#N)cc3)N(CC(=O)OCC)C(=O)C2=C1c1ccccc1,CC#N,538.0
4522,CN(C)c1ccc2nc(-c3ccc(C(=O)OC(C)(C)C)cc3)sc2c1,ClC(Cl)Cl,487.0
2657,N#C/C(=C\C=C\c1ccccc1)c1ccc([N+](=O)[O-])cc1,C1CCOC1,486.0
2853,CN(C)c1ccc(/C=C/c2nc3ccccc3s2)cc1,CCCCCCC,446.0
4506,Cc1cc(N2c3ccccc3C(C)(C)c3ccccc32)ccc1-c1cc(-c2ccc(N3c4ccccc4C(C)(C)c4ccccc43)cc2C)ncn1,Cc1ccccc1,477.0
11622,COc1ccc(-c2sc3c(c2Br)=[N+]2C(=C(C(F)(F)F)c4c(Br)c5sc(-c6ccc(OC)cc6)c(Br)c5n4[B-]2(F)F)C=3Br)cc1,ClC(Cl)Cl,820.0
11010,CCOC(=O)CN1C(=O)C2=C(c3ccc(N4CCCCC4)cc3)N(CC(=O)OCC)C(=O)C2=C1c1ccc(N2CCCCC2)cc1,Cc1ccccc1,575.0
11985,c1ccc(N(c2ccccc2)c2ccc(-c3cncs3)cc2)cc1,CO,446.0
4045,N[C@@H](Cc1ccc(O)cc1)C(=O)O,O,300.0
4062,C(=C/c1ccc(N(c2ccc(/C=C/c3ccc(-c4cc(-c5ccccc5)nc(-c5ccccc5)c4)cc3)cc2)c2ccc(/C=C/c3ccc(-c4cc(-c5ccccc5)nc(-c5ccccc5)c4)cc3)cc2)cc1)\c1ccc(-c2cc(-c3ccccc3)nc(-c3ccccc3)c2)cc1,Cc1ccccc1,466.0
5326,COC(=O)C(Cc1ccc2oc(-c3ccc(-n4c5ccccc5c5ccccc54)cc3)nc2c1)NC(=O)OC(C)(C)C,CO,465.9832246
7839,Cc1ccc(C2=C3C=CC(C#Cc4ccccc4)=[N+]3[B-](F)(F)n3c(Cl)ccc32)cc1,C1CCOC1,573.0
9240,CC(C)(C)c1cc2ccc3c(-c4ccc(N(c5ccccc5)c5ccccc5)cc4)ccc4c5nc6cc(C#N)c(C#N)cc6nc5c(c1)c2c34,ClC(Cl)Cl,784.6938776
7246,O=c1ccc2cc3c(cc2o1)OCC3,CC(C)O,400.0
4306,CN(C)c1ccc(C2=CC3=C(c4ccc(C#N)cc4)[C@H]4c5ccccc5[C@]3(S2)c2ccccc24)cc1,ClCCl,599.0
5139,CN(C)c1ccc2c(c1)[Si](C)(C)C1=CC(=[N+](C)C)C=CC1=C2,CO,648.0
8558,FC(F)(F)C(F)(F)C(F)(F)c1nc2c(-c3ccsc3)cc3c4cc(-c5ccsc5)c5nc(C(F)(F)C(F)(F)C(F)(F)F)nc6c(-c7ccsc7)cc(c7cc(-c8ccsc8)c(n1)c2c37)c4c56,C1CCOC1,574.0
9441,N#Cc1c[nH]c2ccccc12,C1COCCO1,305.0
7978,Cc1cc(O)c(C(=O)/C=C/c2ccccc2O)c(=O)o1,ClCCl,477.0
3990,O=C([O-])c1ccccc1C1=c2cc3c4c(c2Oc2c1cc1c5c2CCCN5CCC1)CCC[N+]=4CCC3,CC#N,603.0
1049,Cc1ccc(Nc2ccc(Nc3ccc(C)cc3)c3c2C(=O)c2ccccc2C3=O)cc1,c1ccccc1,684.0
3823,CCN(CC)c1ccc2c(c1)oc(=O)c1c(=O)oc3c(OC)cccc3c12,CS(C)=O,572.0
8065,CCOC(=O)c1sc2nc(-c3ccccc3)c(C)c(C#N)c2c1N,CC#N,570.0
11696,CCC1(CC)c2cc(N(C)C)ccc2-c2ccc(C(F)(F)F)cc21,CCOCC,373.0
2035,CC[N+](CC)=c1ccc2cc3oc4cc(N)ccc4c3oc-2c1,ClCCl,623.0
4039,c1ccc(N(c2ccccc2)c2ccc(-n3ccc4cc(-c5ccc(C6(c7ccccc7)c7ccccc7-c7ccccc76)cc5)ccc43)cc2)cc1,ClCCl,379.0
7912,CC(=O)c1c2c(cc3ccc(N(C)C)cc13)CCC2,CC#N,529.0
7841,CCN(CC)c1ccc(/C=N/c2cc3ccccc3cc2/N=C/c2ccc(N(CC)CC)cc2O)c(O)c1,CC#N,512.0
11469,c1ccc(N2c3ccc4ccccc4c3-c3c4ccccc4cc[n+]3[B-]2(c2ccccc2)c2ccccc2)cc1,Cc1ccccc1,623.0
1972,O=[N+]([O-])c1ccc(/C2=C3/N=C(C(c4ccccc4)=C3c3ccccc3)/C(c3ccc([N+](=O)[O-])cc3)=c3\[nH]/c(c(-c4ccccc4)c3-c3ccccc3)=C(/c3ccc([N+](=O)[O-])cc3)C3=N/C(=C(/c4ccc([N+](=O)[O-])cc4)c4[nH]c2c(-c2ccccc2)c4-c2ccccc2)C(c2ccccc2)=C3c2ccccc2)cc1,ClCCl,745.0
8283,N#CC(C#N)=C(c1cccc(N(c2ccccc2)c2ccccc2)c1)c1cccc(N(c2ccccc2)c2ccccc2)c1,ClC(Cl)Cl,489.055794
2099,COC1=[N+]2C(=C(c3ccccc3)c3cc(SC#N)c(OC)n3[B-]2(F)F)C=C1SC#N,ClCCl,555.0
1499,CC(=O)c1c2c(cc3cc(N(C)C)ccc13)CCC2,ClCCl,509.0
5205,CC1=C2C=CC=[N+]2[B-](F)(F)n2cccc21,CO,503.0
3512,COc1ccc(/C=C/c2nc3ccccc3o2)cc1,C1CCCCC1,390.0
6575,CC(C)(C)OC(=O)COc1ccc2c(c1)oc(=O)c1c(=O)oc3ccccc3c12,CS(C)=O,449.0
8587,CN(C)c1ccc(C2=Nc3sc4cc(Cl)ccc4[n+]3[B-](F)(F)O2)cc1,C1CCOC1,477.0
652,COc1ccc(C2=C3C=CC(C)=[N+]3[B-](F)(F)n3c(C)ccc32)cc1,CC#N,517.0
170,CCC(CC)COC1=CC2=C3c4cc(OCC(CC)CC)c(-c5cccs5)n4[B-](F)(F)[n+]4nnn(c43)[B-](F)(F)[N+]2=C1c1cccs1,ClCCl,815.0
4085,CC1(C)c2ccccc2N(c2ccc3c(c2)-c2cc(N4c5ccccc5C(C)(C)c5ccccc54)ccc2P3(=O)c2ccccc2)c2ccccc21,Cc1ccccc1,480.0
242,CCC1(CC)c2cc(C=O)ccc2-c2ccc(N(C)C)cc21,CS(C)=O,532.0
9671,CN(C)c1ccc(C(=O)Nc2ccccc2)cc1,C1CCCCC1,448.0
5798,CC1=[N+]2C(=Cc3c4c(cn3[B-]2(F)F)-c2nc-4c(-c3ccccc3)c3ccc([nH]3)c(-c3ccccc3)c3nc(c(-c4ccccc4)c4ccc([nH]4)c2-c2ccccc2)C=C3)C(C)C1,ClCCl,693.0
10415,CCOCCOCCOC(=O)/C=C/C1=CC2=C(c3c(C)cc(C)cc3C)c3cccn3[B-](F)(F)[N+]2=C1,ClCCl,567.0
4371,O=C1/C(=C2\Sc3ccc(S(=O)(=O)Nc4ccccc4)cc3C2=O)Sc2ccc(S(=O)(=O)Nc3ccccc3)cc21,CS(C)=O,627.0
1644,CN(C)CCN(Cc1c2ccccc2c(CN(CCN(C)C)c2ccc([N+](=O)[O-])cc2[N+](=O)[O-])c2ccccc12)c1ccc([N+](=O)[O-])cc1[N+](=O)[O-],CCO,388.0
6355,CCN(CC)c1cccc(C=O)c1,ClCCl,492.0
5594,N#CC(C#N)=C(/C=C/c1ccc(N(c2ccccc2)c2ccccc2)cc1)c1ccccc1,ClC(Cl)Cl,619.0
2756,CC1=N/C(=C\c2ccncc2)C(=O)N1C,CCO,453.0
7968,COc1ccc(-c2sc3c(-c4ccc(OC)cc4)c4n(c3c2-c2ccc(OC)cc2)[B-](F)(F)[N+]2=Cc3c(-c5ccc(OC)cc5)c5sc(-c6ccc(OC)cc6)c(-c6ccc(OC)cc6)c5n3[B-](F)(F)[N+]2=C4)cc1,CC#N,641.0
7995,CC1(C)c2cccc(-c3nc(-c4ccccc4)nc(-c4ccccc4)n3)c2Oc2c(N3c4ccccc4Sc4ccccc43)cccc21,C1CCCCC1,524.0
9590,C[Si](C)(C)c1sc([Si](C)(C)C)c2c1sc1c2sc2sc3sc4c(sc5c([Si](C)(C)C)sc([Si](C)(C)C)c54)c3c21,ClC(Cl)Cl,360.0
9211,CCCCCCC(CCCCCC)N1C(=O)c2cccc3c(-c4ccccc4)ccc(c23)C1=O,ClC(Cl)Cl,420.0
8409,CN1C(=O)c2cccc3c(-n4c5ccccc5c5ccccc54)ccc(c23)C1=O,ClC(Cl)Cl,489.0
5231,CCN(CC)c1ccc2cc(/C=C/C3=C4CC/C(=C\c5cc6ccc(N(CC)CC)cc6oc5=O)C4=[O+][B-](F)(F)O3)c(=O)oc2c1,CS(C)=O,780.0
2076,O=C1c2ccccc2C(=O)N1c1ccc(Cn2cncn2)cc1,Cc1ccccc1,323.0
4103,N#Cc1ccc(-c2nc(-c3ccccc3)c3ccccn23)cc1,CO,487.0
11725,COc1ccc2cc([C@H](C)C(=O)O)ccc2c1,CCO,352.3
3996,c1ccc(-c2ccc(-c3nc(-n4c5ccccc5c5ccc6c7ccccc7n(-c7ccccc7)c6c54)nc(-n4c5ccccc5c5ccc6c7ccccc7n(-c7ccccc7)c6c54)n3)cc2)cc1,O=P(c1ccccc1)(c1ccccc1)c1ccccc1Oc1ccccc1P(=O)(c1ccccc1)c1ccccc1,492.0
4801,Cc1ccc(N(c2ccc(C)cc2)c2ccc(-c3ccc(-c4ccc(N(c5ccc(C)cc5)c5ccc(C)cc5)cc4)c4nsnc34)cc2)cc1,ClCCl,609.0
5968,COc1ccc(/N=N/c2c(O)c3ccccc3n(C)c2=O)c(S(=O)(=O)O)c1,O,583.0
7316,CC(=O)Nc1ccc2c3cccc4cccc(c5cccc1c52)c43,C1COCCO1,471.0
7393,CCCCCCCN1C(=CC2=C([O-])C(=CC3=[N+](CCCCCCC)c4ccccc4C3(C)C)C2=C(C#N)C#N)Sc2ccccc21,C1COCCO1,709.0
8807,CN1/C(=C/C=C(/C=C/c2sc3ccccc3[n+]2C)c2ccccc2)Sc2ccccc21,CCO,676.0
8507,Cc1ccc(C(=O)/C=C/c2ccc(N(C)C)cc2)cc1,CC#N,529.0
12262,CCCCC1(c2ccccc2)Nc2ccccc2N=C1c1ccccc1,CCCCCC,490.0
11491,COc1ccc2c(-c3nc(-c4cccc(Br)c4)no3)cc(=O)oc2c1,CCO,466.0
9922,COC(=O)c1nc(-c2ccc(OC)cc2)oc1C,CC#N,310.0
8814,Cc1cc(C)c(C2=C3C=C(/C=C/C(=O)OC(C)(C)C)C=[N+]3[B-](F)(F)n3c2ccc3N2CCOCC2)c(C)c1,CN(C)C=O,577.0
5849,COc1cn2cc(-c3ccc(C#N)cc3)[n-][n+]2c1,ClCCl,505.0
6948,CN(C)c1ccc(/C=C/c2ccc([N+](=O)[O-])c(O)c2)cc1,Cc1ccccc1,605.0
6762,COC(=O)CCC1=CC(C#Cc2cccs2)=[N+]2C1=Cc1c(CCC(=O)OC)cc(C#Cc3cccs3)n1[B-]2(F)F,ClCCl,681.0
10191,CN(C)c1ccc(/C=C/c2cc[n+](Cc3cc(C[n+]4ccc(/C=C/c5ccc(N(C)C)cc5)cc4)cc(C[n+]4ccc(/C=C/c5ccc(N(C)C)cc5)cc4)c3)cc2)cc1,CCO,613.0
4661,O=C1/C(=C2\Sc3ccc(S(=O)(=O)Nc4ccccc4)cc3C2=O)Sc2ccc(S(=O)(=O)Nc3ccccc3)cc21,C1COCCO1,588.0
4078,COc1ccc2c(c1)c1cc(OC)ccc1n2-c1nc2ccccc2nc1-n1c2ccc(OC)cc2c2cc(OC)ccc21,C1CCOC1,608.9783282
6054,CCCCCCCCCCn1cc(C2=C(c3cn(CCCCCCCCCC)c4ccccc34)C(=O)N(C)C2=O)c2ccccc21,CC#N,610.0
10974,Nc1nc2c(ncn2[C@H]2C[C@H](O)[C@@H](CO)O2)c(=O)[nH]1,O,338.9830508
5974,OC1(c2ccc(-c3cccs3)s2)CCC1,CC#N,460.0
640,CC(C)(C)c1cc2ccc3cc(C(C)(C)C)cc4c3c2c(c1)c(=O)n1c4nc2c3cc(C(C)(C)C)cc4ccc5cc(C(C)(C)C)cc(c5c43)c21,c1ccccc1,524.0
1270,CCN(CC)c1ccc(-c2nc3c(nc2-c2ccc(B(c4c(C)cc(C)cc4C)c4c(C)cc(C)cc4C)cc2)c2ccccc2n3C)cc1,CS(C)=O,567.0
6920,O=c1oc2ccccc2cc1-c1ccc(-c2cc3ccccc3oc2=O)cc1,CCOC(C)=O,426.0
2778,CCOC(=O)c1c(-c2c(Cl)c3cc(C)ccc3oc2=O)nn(-c2cccc(C)c2)c1C(=O)OCC,ClCCl,418.0
7952,CCc1ccc(/C=N/c2cc(C(C)C)c(O)cc2C)cc1,ClCCl,420.0
4932,c1ccc2c(c1)-c1sc3ccccc3c1C21c2ccccc2-c2sc3ccccc3c21,ClCCl,368.0
6060,O=S(=O)(c1ccc(-c2ccc(-c3nc4c5ccccc5c5ccccc5c4n3-c3ccccc3)cc2)cc1)c1ccc(-c2ccc(-c3nc4c5ccccc5c5ccccc5c4n3-c3ccccc3)cc2)cc1,CCOC(C)=O,448.0
1985,c1ccc2cc(-n3c4ccccc4c4ccccc43)ccc2c1,CCOC(C)=O,372.0
3861,CC[Si](C)(C)c1cc2ccc3cccc4ccc(c1C(=O)NC(C)(C)C)c2c34,ClC(Cl)Cl,383.0
3480,COC(=O)C(Cc1ccc2oc(-c3c4ccccc4cc4ccccc34)nc2c1)NC(=O)OC(C)(C)C,OCC(F)(F)F,511.1063408
1534,COc1ccc(-c2c3cc4ccccc4cc3c(-c3ccc(OC)cc3)c3cc4ccccc4cc23)cc1,ClCCl,620.0
325,CN(C)c1ccc(C2=Nc3scc[n+]3[B-](F)(F)O2)cc1,ClCCl,453.0
5764,O=c1oc2ccccc2cc1-c1nc2ccccc2o1,CC#N,443.0
2338,c1ccc(-c2nn(-c3ccccc3)c3nc4ccc(N(c5ccccc5)c5ccccc5)cc4cc23)cc1,CN(C)C=O,567.2149745
6998,CC1(C)CC(/C=C/c2ccc(-n3cncn3)cc2)=CC(=C(C#N)C#N)C1,CCO,518.0
3980,CN(C)c1ccc2nc(-c3ccc(C(=O)O)cc3)sc2c1,c1ccccc1,484.5
11734,CCN(CC)c1ccc2cc(/C=C/C(O)=C3\CC/C(=C\c4cc5ccc(N(CC)CC)cc5oc4=O)C3=O)c(=O)oc2c1,CN(C)C=O,638.0
12245,COC(=O)C(Cc1ccc2oc(-c3ccc(-n4c5ccccc5c5ccccc54)cc3)nc2c1)NC(=O)OC(C)(C)C,OCCO,470.0131604
4054,Cc1ccccc1/C(C#N)=C/c1ccc(N(C)C)cc1,Cc1ccccc1,464.0
2237,COc1ccc2ccc3oc(=O)c(C)nc3c2c1,c1ccccc1,461.0
5229,CN(C)c1ccc2c(c1)Cc1ccccc1-2,CCOCC,364.0
10152,C(=C/c1ccc(-c2ccc(/C=C/c3ccc(-n4c5ccccc5c5ccccc54)cc3)s2)s1)\c1ccc(-n2c3ccccc3c3ccccc32)cc1,C1CCOC1,528.0
4571,COc1ccc(N2C(=O)c3ccccc3C2C(=O)OC(C)(C)C)cc1OC,ClCCl,452.0
11858,CCOC(=O)COc1ccc(C(c2c(C)[nH]c3ccccc23)c2c(C)[nH]c3ccccc23)cc1,CO,344.0
5474,O=P1(c2ccccc2)C(c2ccccc2)=Cc2cc3ccccc3cc21,ClCCl,428.0
10195,CCCCCCCCCCCCCCCCCCN1C(=O)c2cccc3c(OCCN(C)C)ccc(c23)C1=O,CCOCC,492.0
864,CCC(=O)c1ccc2cc(N(C)C)ccc2c1,CCO,492.0
8376,Nc1ccc(C#Cc2ccc3ccc4ccc(C#Cc5ccc(N)cc5)c5ccc2c3c45)cc1,ClCCl,492.0
4942,COc1ccc(C2=Nc3cccc4[n+]3[B-](F)(O2)OC(c2ccc(OC)cc2)=N4)cc1,ClCCl,460.0
2253,COc1ccc(-c2ccc(-c3ccc(OC)cc3)c3nc(-c4ccccc4)c(-c4ccccc4)nc23)cc1,CN(C)C=O,514.0
6010,CC1(C)C2=C3C=C4C5=[N+](CCC4OC3CCN2c2ccc(CC(=O)NCCCCCCO)cc21)c1ccc(S(=O)(=O)[O-])cc1C5(C)C,O,572.0
9895,COc1cccc(-c2nc3c([nH]2)C2=CC(=O)S[C@]2(C)[C@@]2(C)SC(=O)C=C32)c1OC,CC#N,520.0
371,C(=C/c1ccc(/C=C/c2ccc(N(c3ccccc3)c3ccccc3)cc2)cc1)\c1ccc(/C=C/c2ccc(N(c3ccccc3)c3ccccc3)cc2)cc1,ClCCl,510.0
8799,CC(=O)c1c2c(cc3ccc(N(C)C)cc13)CCC2,CS(C)=O,536.0
11624,CN(C)c1ccc(C#Cc2ccc3ccc4c(C#Cc5ccc(N(C)C)cc5)ccc5ccc2c3c54)cc1,CC(C)=O,569.6
609,CN(CC(O)c1cccc(O)c1)c1ccc([N+](=O)[O-])c(C2CC(c3cccc4ccccc34)=NN2c2ccccc2)c1,CCOCC,497.0
7139,COc1cc(N(c2ccccc2)c2ccc(C=C(C#N)C#N)c(OC)c2)ccc1C=C(C#N)C#N,CO,558.0
12209,COc1ccc(C#Cc2c3cc4ccccc4cc3c(C#Cc3ccc(OC)cc3)c3cc4ccccc4cc23)cc1,ClCCl,706.0
10681,N#Cc1ccc2c(c1)CCc1nc(-c3ccc([N+](=O)[O-])cc3)c3c(c1-2)CCc1cc(C#N)ccc1-3,C1CCOC1,469.0
8545,CCOC(=O)c1ccc(N(C)C)cc1,CC#N,501.9230769
11958,CCn1c2ccccc2c2cc(-c3cc(-c4ccc5c(c4)c4ccccc4n5CC)nc(SC)n3)ccc21,Cc1ccccc1,387.0
9578,CC1=N/C(=C\c2ccc(C#N)c(N(C)C)c2)C(=O)N1C,CC#N,592.0
11830,Cc1c2oc3c(C)c(N)cc(C(=O)NC4OC(=O)C(C(C)C)N(C)C(=O)CN(C)C(=O)C5CCCN5C(=O)C(C(C)C)NC4=O)c3nc-2c(C(=O)NC2OC(=O)C(C(C)C)N(C)C(=O)CN(C)C(=O)C3CCCN3C(=O)C(C(C)C)NC2=O)c(N)c1=O,CC#N,634.4131044
9234,COC(=O)C(NC(=O)OC(C)(C)C)c1ccc2oc(-c3ccc(O)cc3O)nc2c1,CC1CCCCC1,470.0
5830,Cc1cc2c(o1)c(C)cc1ccc(=O)oc12,OCC(F)(F)F,485.0
2364,O=P1(c2ccccc2)C2=C(c3ccccc31)C(c1ccccc1)(c1ccccc1)c1cc(N(c3ccccc3)c3ccccc3)ccc12,CC#N,594.0
3213,COc1ccc(N(c2ccc(OC)cc2)c2ccc3ccc4c(B(c5c(C)cc(C)cc5C)c5c(C)cc(C)cc5C)ccc5ccc2c3c54)cc1,C1CCOC1,626.0
5456,CN(C)c1ccc(C2=Nc3sc4cc(F)ccc4[n+]3[B-](F)(F)O2)cc1,C1CCOC1,472.0
911,CCOC(=O)c1c(/N=C/c2cccs2)sc(/N=C/c2cccs2)c1C(=O)OCC,CC#N,534.0
11078,COc1ccc(N(c2ccc(OC)cc2)c2ccc3c(c2)C2(c4cc(N(c5ccc(OC)cc5)c5ccc(OC)cc5)ccc4C=C3)c3ccccc3-c3ccccc32)cc1,ClCCl,483.0
10690,c1ccc(-n2c(-c3ccc(-c4c5ccccc5c(-c5cccc(-n6c7ccccc7c7ccccc76)c5)c5ccccc45)cc3)nc3c4ccccc4c4ccccc4c32)cc1,CCOCC,429.2982456
3789,Cc1cc(O)c(C(C)C)cc1/N=C/c1ccc(O)cc1,C1CCOC1,406.0
11698,COc1cccc(-n2c(-c3ccc(F)cc3)nc(C)c2C)c1,CCO,371.0
10323,CN(C)c1ncc2nc(C#N)n(Cc3ccccc3)c2n1,ClCCl,429.0
5581,NCc1ccc2ccc3cccc4ccc1c2c34,ClC(Cl)Cl,376.0
11492,O=Cc1ccc(N(c2ccc(C=O)cc2)c2ccc(-c3ccc4c(c3)C(=O)c3ccccc3C4=O)cc2)cc1,C1CCOC1,662.0
8972,O=C(O)c1ccccc1Nc1cccc(C(F)(F)F)c1,CN(C)C=O,425.0
8574,CCOC(=O)c1ccc(C2=C(c3ccccc3)c3oc4ccccc4[n+]3[B-](F)(F)O2)cc1,C1CCOC1,400.0
5060,C#CCNC1=C2C=CC=[N+]2[B-](F)(F)n2cccc21,CN(C)C=O,458.0
1423,CCOC(=O)COc1ccc(/C=C/C2=C3c4ccccc4C(c4ccc[nH]4)=[N+]3[B-](F)(F)n3ccc(C)c32)cc1,Cc1ccccc1,637.0
12023,N#Cc1ccc(C#Cc2ccc(C#Cc3ccccc3C#N)cc2C#N)cc1,ClC(Cl)Cl,370.0
479,CCN1c2ccc(/C=C(\C#N)c3ccccc3)cc2Sc2cc(/C=C(\C#N)c3ccccc3)ccc21,CC#N,584.0
662,COC(=O)c1ccc(C#Cc2ccc(N(C)C)cc2)cc1,CCOC(C)=O,470.4996707
6756,Oc1ccc2ccccc2c1C1Nc2cccc3cccc(c23)N1,CC#N,540.0
6437,CC(C)(C)c1ccc(-n2c(-c3ccc(-c4cccc(-c5c(-c6ccccc6)nc6ccccn56)c4)cc3)nc3c4ccccc4c4ccccc4c32)cc1,ClCCl,417.0
11536,CN(C)c1ccc2cc(C(/C=C/c3cn(C)c4ccccc34)=C(C#N)C#N)c(=O)oc2c1,C1COCCO1,568.0
9953,Cc1ccc(-c2cccc3ncc(-c4ccccc4)n23)cc1,ClCCl,470.0
2988,CC1(C)c2ccccc2-c2sc3ccccc3c21,ClCCl,354.0
1119,CCOC(=O)c1cc(C(=O)OCC)c2cc(OC)ccc2n1,CCO,441.0
2776,Cc1c2ccncc2c(C)c2c1[nH]c1ccccc12,C1CCOC1,413.0
4535,C1=C(c2ccc(-c3cccs3)s2)CCC1,c1ccncc1,418.0
12125,Cc1ccc(-n2c3ccccc3c3cc(-c4ccc5[n+](c4)[B-](F)(F)n4c-5nc5c6ccccc6c6ccccc6c54)ccc32)cc1,ClC(Cl)Cl,529.0
8703,c1ccc(B2Nc3cc4c(cc3-c3sccc32)NB(c2ccccc2)c2ccsc2-4)cc1,ClCCl,412.0
8873,COc1ccc(-c2nc(-c3ccc(C(=O)O)cc3)[nH]c2-c2ccc(OC)cc2)cc1,CO,447.0
6349,O=Cc1ccc(-c2ccc(-c3nc4ccccc4s3)c(O)c2)s1,CCO,540.0
10135,COC(=O)C(Cc1ccc2oc(-c3c4ccccc4cc4ccccc34)nc2c1)NC(=O)OC(C)(C)C,N#Cc1ccccc1,498.4995165
9055,Cc1oc2c(Cl)cc3c(C)cc(=O)oc3c2c1C,CCO,440.0
11490,COc1cc(S(=O)(=O)[O-])c2ccc3c(S(=O)(=O)[O-])cc(S(=O)(=O)[O-])c4ccc1c2c43,CN(C)P(=O)(N(C)C)N(C)C,400.9140841
5573,COc1cc(/C=C/c2ccccc2)cc(OC)c1,CCOCC,374.0
6135,C[P+]1(c2ccccc2)c2ccccc2-c2sc3ccccc3c21,CC#N,442.0
5269,c1csc(-c2cnc(-c3cccs3)c3nonc23)c1,CCCCCC,564.0
4427,CCC(CC)COC1=CC2=C3c4cc(OCC(CC)CC)c(-c5ccccc5)n4[B-](F)(F)[n+]4nnn(c43)[B-](F)(F)[N+]2=C1c1ccccc1,ClCCl,730.0
10240,Cc1ccc2ccc3cccc4ccc1c2c34,ClCCl,378.0
5247,COCCOc1cc(C=O)c(OCCOC)cc1C=O,CCCCO,462.0
7217,CN(C)c1ccc(/C=C2\CCCC2=O)cc1,ClCCl,472.0
3981,N#Cc1ccc2cc[nH]c2c1,C1CCOC1,345.0
8839,O=c1ccc2cc3c(cc2o1)OCC3,CCOCC,397.0
11675,CC1=[N+]2C(=C(c3ccc(-c4c5ccccc5c(-c5ccccc5)c5ccccc45)cc3)c3ccc(C)n3[B-]2(F)F)C=C1,Cc1ccccc1,532.0
2893,CC1(C)c2ccccc2N(c2cc3c4ccccc4n4c5ccccc5c(c2)c34)c2ccccc21,C1CCCCC1,416.9201521
2669,COc1cc(-c2cc(N3CCCCC3)c(C#N)c3c2-c2cccc4cccc-3c24)cc(OC)c1OC,O,545.0
3977,CCN(CC)c1ccc(/C=N/Nc2ccc(C#N)cc2)c(O)c1,CCCCCC,403.0
8037,CC(C)CCCCN1CCc2c1ccc1c3c(ccc21)C(=O)CCC3,Clc1ccccc1,462.0
279,Oc1c(-c2nc3c4ccc(-c5ccccc5)cc4c4cc(-c5ccccc5)ccc4c3[nH]2)cc2c3c1CCCN3CCC2,CS(C)=O,496.0
9672,CCN(CC)c1ccc(/C=N/CC/N=C/c2ccc(N(CC)CC)cc2O)c(O)c1,ClCCl,432.0
10377,C[N+]1=C(/C=C/C=C2/N(CCCS(=O)(=O)[O-])c3ccccc3C2(C)C)C(C)(C)c2ccccc21,CS(C)=O,565.0
9061,COc1cccc(C2=C(c3ccc(C(C)(C)C)cc3)C(c3ccc(C(C)(C)C)cc3)=[N+]3C2=C(c2ccccc2)c2c(-c4cccc(OC)c4)c(-c4ccc(C(C)(C)C)cc4)c(-c4ccc(C(C)(C)C)cc4)n2[B-]3(F)F)c1,ClCCl,640.0
10807,O=c1oc2ccccc2cc1-c1nc2ccccc2o1,CC(C)=O,444.0
9294,Oc1ccccc1-c1nc(-c2ccccc2)c2ccccn12,C1CCCCC1,479.0
5197,CCc1c(C)[nH]c(C2=[N+]3C(=C(C)c4c(C)c(CC)c(C)n4[B-]3(F)F)c3ccccc32)c1C,ClCCl,645.0
4664,CN(C)c1ccc(/C=C/c2ccccn2)cc1,CCOCC,429.0
1694,O=C1c2ccccc2-c2ccc(N3CCOCC3)c3cccc1c23,CCO,640.0
10918,N#Cc1ccccc1N,O,383.0
5018,Cc1cc(-c2ccc(-n3c4ccccc4c4ccccc43)cc2)nc(-c2ccc(-n3c4ccccc4c4ccccc43)cc2)n1,C1CCOC1,423.0
6133,F[B-]1(F)n2c(ccc2N2CCOCC2)C(c2ccccc2)=C2C=CC(N3CCOCC3)=[N+]21,CO,594.0
3479,CC(C)(C)c1ccc2c(c1)c1cc(C(C)(C)C)ccc1n2-c1nc2ccccc2nc1-n1c2ccc(C(C)(C)C)cc2c2cc(C(C)(C)C)ccc21,CCCCCC,488.6877828
5554,COc1ccc(C(=O)NN2C3=C(CC4=C2CCCC4=O)C(=O)CCC3)cc1,CO,449.0
4416,COc1ccc(-c2cc(C)nc(-c3ccc(-n4c5ccccc5c5ccccc54)cc3)n2)cc1,CN(C)C=O,432.0
11412,N#Cc1c(N2CCCCC2)cc(-c2cccc3ccccc23)c2c1-c1ccccc1C2,C1CCOC1,442.0
4155,C(=C/c1ccncn1)\c1ccc(N(c2ccccc2)c2ccccc2)cc1,C1CCOC1,496.0
4883,COc1ccc2cc(/C=C/C3=CC(c4ccccc4)=[O+][B-](F)(F)O3)ccc2c1,ClCCl,566.0
5807,COc1ccc(C(=O)/C=C/c2ccc(N(C)C)cc2)cc1OC,CC(=O)O,513.0
3809,CCCCCCCCCCCCN1C(=O)c2cccc3c(N(Cc4ccccn4)Cc4ccccn4)c4ccccc4c(c23)C1=O,ClCCl,587.0
10698,CC(C)[Si]1(C(C)C)c2ccccc2-c2ccc(N(C)C)cc21,CCOCC,406.0
10561,O=C1c2ccccc2-c2ccc(N3CCN(c4ccccc4)CC3)c3cccc1c23,CCCCCO,586.0
9774,CCCCCCCCn1c(=O)c2cc3c(-c4ccc(N(c5ccccc5)c5ccccc5)cc4)c4cc5c(=O)n(CCCCCCCC)c(=O)c5cc4c(-c4ccc(N(c5ccccc5)c5ccccc5)cc4)c3cc2c1=O,ClC(Cl)Cl,587.0
4296,CC(C)[Si](C#Cc1c2cc3ccccc3cc2c(C#Cc2ccc(F)cc2)c2cc3ccccc3cc12)(C(C)C)C(C)C,ClCCl,660.0
11467,COC(=O)C(NC(=O)OC(C)(C)C)c1ccc2oc(-c3cc(OC)ccc3OC)nc2c1,CC1CCCCC1,364.0
4683,COCCOCCOc1cc(C=O)c(OCCOCCOC)cc1C=O,CC(C)(C)O,478.0
10315,ClB1c2ccccc2Nc2ccccc21,ClCCl,379.0
9355,Cc1cc(C(F)(F)F)nc2c1ccc1nc(-c3ccc(F)c(F)c3)cn12,CO,456.0
10610,CC(C)CCCCN1CCc2c1ccc1c3c(ccc21)C(=O)CCC3,C1CCCCC1,433.0
5593,Oc1ccccc1/N=C/c1ccccc1Oc1ccccc1,Cc1ccccc1,411.0
2209,CN(C)c1ccc(/C=C/C=C2\CC/C(=C\C=C\c3ccc(N(C)C)cc3)C2=O)cc1,OCC(F)(F)F,764.0
9665,O=C(/C=C/c1cn(-c2ccccc2)nc1-c1ccccc1)c1c(O)c2ccccc2oc1=O,CS(C)=O,510.0
8861,CCOC(=O)c1sc(SC)c2c(=O)[nH]nnc12,CN(C)C=O,478.0
5402,CCCC1(CCC)c2cc(-c3cccc(Cc4ccc(/C=C/c5ccccc5)cc4)c3)ccc2-c2ccc(-c3cccc(Cc4ccc(/C=C/c5ccccc5)cc4)c3)cc21,C1CCCCC1,359.0
2410,O=C(O)c1ccc2ccc3cccc4ccc1c2c34,CCO,380.0
4563,CC1(C)c2ccccc2N(c2ccc(-c3cc(-c4ccccc4)nc(-c4ccccc4)n3)cc2)c2ccccc21,Cc1ccccc1,475.6038647
184,COC1=C/C(=C\C=C2C=CN(Cc3ccc(Br)cc3)C=C2)C=CC1=O,CCCCO,640.0
7252,COC(=O)C1(C(=O)OC)Cc2c(C#Cc3ccc(OC)cc3)c(-c3ccc(OC)cc3)c3c(-c4ccccc4)c(-c4ccccc4)c(-c4ccccc4)c(-c4ccccc4)c3c2C1,C1CCOC1,421.7741935
7315,CC(=O)n1cc(/C=C/c2ccc([N+](=O)[O-])cc2)c2ccccc21,CCCCCCC,408.0
4516,CN1/C(=C\C=C\C2=C3C=CC(c4ccccc4)=[N+]3[B-](F)(F)n3c2ccc3-c2ccccc2)Sc2ccccc21,CC#N,727.0
2350,COc1c2ccccc2c(OC)c2c1c1cc(Cl)ccc1n2C,CO,428.0
553,N#CSC1=CC2=C(c3ccccc3)c3cc(SC#N)c(N4CCOCC4)n3[B-](F)(F)[N+]2=C1N1CCOCC1,ClCCl,630.0
1397,O=C1/C(=C2\Sc3ccccc3C2=O)Sc2ccccc21,CS(C)=O,614.0
1384,Cc1ccc(C(=O)OCc2c(C)c(=O)n3c(=O)c(C)c(C)n23)cc1,CCO,460.0
9754,CCOC(=O)c1c2c3c(cccc3c3cc4c(cc13)[Si](C)(C)O[Si]4(C)C)N(C)C2=O,CC#N,413.0
11286,Brc1ccc(Nc2ccc3ccccc3n2)cc1,CCOC(C)=O,409.37
5856,Cc1c(C)n2c(COC(=O)CNC(=O)OC(C)(C)C)c(C)c(=O)n2c1=O,CCO,459.0
4903,Cc1ccc(O)c(-c2[nH]c(=O)n3c2-c2ccccc2C3=O)c1,CO,500.0
297,CCN(CC)c1ccc(/C=N/CC/N=C/c2ccc(N(CC)CC)cc2O)c(O)c1,CC#N,415.0
443,N#CC(C#N)=Cc1ccc2c(c1)c1ccccc1n2-c1cc2ccccc2c2ccccc12,CC#N,503.0
10779,CC1(C)C(/C=C2\C(=O)C(/C=C3\Nc4ccccc4C3(C)C)=C2[O-])=[NH+]c2ccccc21,ClC(Cl)Cl,670.0
5215,COc1ccc(/C=C/C2=N/C(=C\c3ccncc3)C(=O)N2C)cc1,CCOC(C)=O,566.0
11258,O=C1OC(c2ccccc2)=C/C1=C\c1ccc([N+](=O)[O-])cc1,C1COCCO1,518.0
7551,COc1cccc(-n2c(-c3ccc(F)cc3)nc(C)c2C)c1,CCOC(C)=O,367.0
2077,Cc1cc2c(ccc3c(C)[n+](C)c(C)cc32)c(C)[n+]1C,CC#N,424.0
6017,N#CC1=C(N)n2c(=O)c3ccccc3c(=O)n2C1c1cccs1,CS(C)=O,446.0
4751,O=C1Cc2cc3c(cc2CCCc2ccc(cc2)CCC3)CC(=O)Cc2ccc(c3nsnc23)C1,CC#N,544.0
10237,CCOC(=O)CN(CC(=O)OCC)c1ccc(-c2cc(-c3ccccn3)nc(-c3ccccn3)c2)cc1,c1ccccc1,400.0
2229,O=C(O)c1ccccc1-c1nc(-c2ccccc2)c2ccccn12,CC#N,494.0
2842,N#CC(C#N)=Cc1ccc2c(c1)[nH]c1c3ccccc3sc21,C1CCOC1,547.0
2537,Cc1cc(C)c([B-]2(c3c(C)cc(C)cc3C)[O+]=P(c3ccccc3)(c3ccccc3)c3cc(-c4ccc(N(C)C)cc4)sc3-c3sc(-c4ccc(N(C)C)cc4)cc32)c(C)c1,C1CCOC1,552.0
194,CC(C)(C)c1ccc(C(C)(C)C)c(N2C(=O)c3cccc4c(-c5ccc(-c6ccccc6)s5)ccc(c34)C2=O)c1,Cc1ccccc1,493.0
10164,COc1ccc2c(CC(=O)NN)coc2c1,CC#N,376.0
6636,CCN(CC)c1ccc(-c2nc3c(c4c2-c2ccccc2CC4)-c2ccccc2CC3)cc1,CCCCCC,425.0
7497,CCC1=C(C)C2=C(c3c4ccccc4c(C)c4ccccc34)c3c(C)c(CC)c(C)n3[B-](F)(F)[N+]2=C1C,CCCCCC,540.0
817,CCCCC1(CCCC)c2cc(C#Cc3ccc4ccc5cccc6ccc3c4c56)ccc2-c2ccc(C#Cc3ccc4ccc5cccc6ccc3c4c56)cc21,CN(C)C=O,441.0
3367,CN(C)c1ccc2c3c(ccc2c1)CCCC3=O,CC#N,523.0
12017,N#Cc1ccc(/C=C/C=C/c2ccccc2)cc1,CO,420.0
6553,C/C(=N\Nc1ccc(C#N)cc1)c1cccc(/C(C)=N/Nc2ccc(C#N)cc2)c1,CS(C)=O,504.0
2578,CC1(C)Cc2c(c3ccccc3c3nc4c5c(c6ccccc6c4nc23)OC(C)(C)C5)O1,c1ccccc1,496.031746
1131,CN(C)c1ccc(/C=C/c2nc3ccc(Br)cc3nc2-c2ccccc2)cc1,CC#N,648.0
7044,c1ccc2c(c1)Nc1ccccc1B2c1c2ccccc2cc2ccccc12,ClCCl,424.0
5505,CN(C)c1ccc2nc(/C=C/c3ccccc3)c(=O)oc2c1,CS(C)=O,581.0
6761,O=C1NC(=O)[C@H]([C@H]2C[C@H](O)[C@@H](CO)O2)C=C1C#Cc1ccc2c(c1)C(=O)c1ccccc1-2,CO,550.0
6802,Cn1c(/C=C/c2ccc(/C=C/c3nc4ccccc4[nH]3)cc2)[n+](C)c2ccccc21,CN(C)C=O,582.0
7276,O=c1c2cc(-n3c4ccccc4c4ccccc43)ccc2sc2ccc(-n3c4ccccc4c4ccccc43)cc12,ClC(Cl)Cl,493.5
10612,CSc1sc(C(C)=O)c2nn[nH]c(=O)c12,CO,498.0
320,COc1cccc2cc(-c3cc4cccc(OC)c4oc3=O)oc12,CC#N,488.0
1371,Cc1cccc(C)c1/C=C/c1nc(N2CCOCC2)c2c([n+]1[O-])CCCC2,ClCCl,536.0
4042,CC(C)(C)c1ccc(C(C)(C)C)c(N2C(=O)c3cccc4c(-c5ccc(-c6ccc(N(c7ccccc7)c7ccccc7)cc6)s5)ccc(c34)C2=O)c1,Cc1ccccc1,575.0
6956,CCCCC(CC)CN1C(=O)c2cccc3c(C#Cc4ccc(N(c5ccccc5)c5ccc(C#Cc6ccc7c8c(cccc68)C(=O)N(CC(CC)CCCC)C7=O)cc5)cc4)ccc(c23)C1=O,ClC(Cl)Cl,587.0
7773,CCC1=C(C)C2=Cc3ccccc3B(O)N2C1=O,CO,411.0
907,CCN(CC)c1cccc2c1ccc1c(=O)oc(-c3ccc(C(F)(F)F)cc3)cc12,CC(C)=O,604.0
305,Nc1ccc2c(C(F)(F)F)cc(=O)oc2c1,CC(C)O,481.0
3950,COc1ccc2cc(-c3ccc([N+](=O)[O-])cc3)ccc2c1,C1CCOC1,534.0
5529,COc1ccc(/C=C/c2ncc(-c3ccccc3)o2)cc1OC,ClCCl,420.0
10788,CN(C)c1ccc(-c2c(/C=C3/C=Cc4ccccc4N3Cc3ccccc3)c(=O)c2=O)cc1,Cc1ccccc1,435.0
10892,COc1ccc(/C=C/c2cc(/C=C/c3ccc(OC)cc3)nc(/C=C/c3ccc(C(F)(F)F)cc3)n2)cc1,CCCCCCC,398.0
9082,O=C(O)c1cc2c(cc3ccc4cccc5ccc2c3c45)[nH]1,CCOC(C)=O,403.0
7512,c1cc2ccc3[o+]c4ccc5cccc6c7cccc8c(c1)c2c3c(c87)c4c56,ClCCl,594.0
9236,CC1(C)CC(=O)c2c(F)c(F)cc(F)c2N1,CCO,499.0
8664,N#Cc1ccc(/C=C2\N=C(c3ccccc3)NC2=O)cc1,C1COCCO1,464.0
10292,Oc1ccccc1-c1nc(-c2ccccc2)c2ccccn12,CO,474.0
926,CN(C)c1ccc(C#Cc2ccc(C#N)cc2)cc1,CO,547.0160276
244,CC1(C)CCc2c(c3ccccc3c3nc4c5c(c6ccccc6c4nc23)OC(C)(C)CC5)O1,CCCCCC,457.0383912
9533,Brc1ccc(N/C=C/C=[NH+]c2ccc(Br)cc2)cc1,CS(C)=O,497.0
15,COc1ccc(OC)c(C=O)c1,NC=O,464.0
143,COC(=O)C(NC(=O)OC(C)(C)C)c1ccc2oc(-c3ccc(C#N)cc3)nc2c1,CO,385.0
5983,CN1C(=O)/C(=C/c2ccncc2)N=C1/C=C/c1ccncc1,C1COCCO1,537.0
2363,CCOC(=O)c1c(N)sc(N)c1C(=O)OCC,CC#N,335.0
8994,Clc1ccc(-c2nc3sc4ccccc4c3s2)cc1,CS(C)=O,418.0
129,Cc1cc(C2=C(c3cc(C)sc3C)S(=O)(=O)c3ccccc32)c(C)s1,C1CCOC1,465.0
1161,COC(=O)C(Cc1ccc2oc(-c3ccc(N(C)c4ccccc4)cc3)nc2c1)NC(=O)OC(C)(C)C,CCO,519.9937601
8522,O=Cc1ccc2ccc3cccc4ccc1c2c34,CCO,448.0
12008,CC1=C(C(C)(C)C)C(C)=[N+]2C1=C(C)c1c(C)c(C(C)(C)C)c(C)n1[B-]2(F)F,CCO,563.2
7822,N#Cc1nc(N(Cc2ccc(I)cc2)Cc2ccc(I)cc2)c(C#N)nc1N(Cc1ccc(I)cc1)Cc1ccc(I)cc1,ClC(Cl)Cl,574.0
11335,COc1ccc(C2=C3C(C)=CC(C)=[N+]3[B-](F)(F)n3c(/C=C/c4ccc(N(C)C)cc4)cc(C)c32)cc1,C1CCOC1,664.0
7791,O=S(=O)(c1ccc(-c2ccc3c(c2)c2ccccc2n3-c2ccccc2)cc1)c1ccc(-c2ccc3c(c2)c2ccccc2n3-c2ccccc2)cc1,ClCCl,415.9311087
7606,COc1ccc2c3ccc(OC)cc3n(-c3ccc(-c4nnc(-c5c(C(C)C)cc(C(C)C)cc5C(C)C)o4)cc3)c2c1,Cc1ccccc1,437.0
5458,COCCOCCOc1ccc(OCCOCCOC)c(C=O)c1,CC(C)(C)O,444.0
9460,CC(=O)O[B-]1(OC(C)=O)OC(/C=C/c2cccc3ccccc23)=CC(/C=C/c2cccc3ccccc23)=[O+]1,CC(C)=O,553.0
5308,COc1ccc(/C=C(\c2ccccc2)c2nc3ccccc3s2)cc1,CO,420.0
1876,CC1=[N+]2C(=C(c3ccccc3)c3c4c(c(C)n3[B-]2(F)F)C2CCC4CC2)C2=C1C1CCC2CC1,CC#N,543.0
2488,CCCCCCC1(CCCCCC)c2ccccc2-c2ccc(-c3cc4c(cc3F)-c3cc(F)c(-c5ccc6c(c5)C(CCCCCC)(CCCCCC)c5ccccc5-6)cc3S4(=O)=O)cc21,Cc1ccccc1,411.0
7176,CC(C)(C)NC(=O)c1ccc2ccc3cccc4ccc1c2c34,ClC(Cl)Cl,382.0
4479,N#Cc1ccc(/C=C2\N=C(c3ccccc3)OC2=O)cc1,C1COCCO1,426.0
1182,CC1=[N+]2C(=C(c3ccc(-c4c5ccccc5c(-c5ccccc5)c5ccccc45)cc3)c3ccc(C)n3[B-]2(F)F)C=C1,CC#N,523.0
2525,CCN(CC)c1ccc2cc(-c3cn4cc(C)ccc4n3)c(=O)oc2c1,ClC(Cl)Cl,473.0
9552,CCC1=C(C)C2=Cc3ccccc3B(O)N2C1=O,ClC(Cl)Cl,418.0
1170,O=C1OC(c2ccccc2)=N/C1=C\c1ccc(N(c2ccccc2)c2ccccc2)cc1,ClC(Cl)Cl,577.0
10651,COCCC1=Cc2nc1ccc1[nH]c(cc1CCOC)c1nc(ccc3[nH]c2cc3CCO)C(CCOC)=C1,Cc1ccccc1,643.0
2182,FC(F)(F)C(F)(F)C(F)(F)C1=NC2=C(c3ccccc3)C=C3c4cc(-c5ccccc5)c5nc(C(F)(F)C(F)(F)C(F)(F)F)nc6c(-c7ccccc7)cc(c4c56)=C4C=C(c5ccccc5)C(=N1)C2C34,C1CCOC1,527.0
11705,CCOC(=O)c1c2c3c(ccc(Br)c3c3cc4ccccc4cc13)N(C)C2=O,CC#N,413.0
6877,CC(=O)c1ccc(-c2cnc3nn4ccccc4c3c2)cc1,C1CCOC1,420.0
6792,Cc1nc2c(ccc3c2sc(/C=C/c2ccc(N(C)C)cc2)[n+]3C)s1,ClC(Cl)Cl,603.0
8998,N#Cc1coc2ccccc2c1=O,ClC(Cl)Cl,438.0
10435,CSc1nccc(/C=C/c2ccc(N(c3ccccc3)c3ccc(/C=C/c4ccnc(SC)n4)cc3)cc2)n1,ClCCl,540.0
7750,Nc1nc2ccccc2[n+]([O-])n1,O,521.0
3371,CN(C)CCN(Cc1c2ccccc2cc2ccccc12)c1ccc([N+](=O)[O-])cc1,CN(C)C=O,389.0
9931,Nc1ccc2ccc3cccc4ccc1c2c34,CC#N,425.0
1859,COC(=O)c1ccc(C#Cc2ccc(N(C)C)cc2)cc1,C1CCCCC1,426.0032376
7337,Cc1ccc(-c2[nH]c(=O)n3c2-c2ccccc2C3=O)c(O)c1,ClCCl,474.0
7209,S=P1(c2ccccc2)c2cccc3c4c5ccccc5c5ccccc5c4c4ccc1n4c23,ClCCl,493.0
9068,Clc1nc(Nc2ccccc2)nc(Nc2ccc3c4cccc5cccc(c6cccc2c63)c54)n1,C1COCCO1,478.0
6781,CC1=CC(/C=C/c2ccc([N+](C)(C)C)cc2)=[N+]2C1=C(c1ccc(I)cc1)c1c(C)cc(/C=C/c3ccc([N+](C)(C)C)cc3)n1[B-]2(F)F,CC#N,630.0
1878,Oc1cc(-c2cccs2)ccc1-c1nc2ccccc2s1,CCO,408.0
7342,O=P(c1ccccc1)(c1ccccc1)c1ccc(N2c3ccccc3Oc3ccccc32)cc1,ClCCl,467.0441676
3588,N#CSc1ccc2n1[B-](F)(F)[N+]1=C(N3CCOCC3)C=CC1=C2c1ccccc1,ClCCl,562.0
8334,CC(C)(C)c1ccc2c(c1)c1cc(C(C)(C)C)ccc1n2-c1ccc(-c2nc3c(C#N)ccc(C#N)c3nc2-c2ccc(-n3c4ccc(C(C)(C)C)cc4c4cc(C(C)(C)C)ccc43)cc2)cc1,Cc1ccccc1,584.0
3121,COc1ccc(-c2nc3c(c4c2-c2ccccc2CC4)-c2ccccc2CC3)cc1,CS(C)=O,415.0
387,CN(C)c1ccc(/C=C/C=C2\CC/C(=C\c3ccc(N(C)C)cc3)C2=O)cc1,S=C=S,540.0
1311,COc1cc(C2=C(c3cc(OC)c(OC)c(OC)c3)C(c3ccc(C(C)(C)C)cc3)=[N+]3C2=Nc2c(-c4cc(OC)c(OC)c(OC)c4)c(-c4cc(OC)c(OC)c(OC)c4)c(-c4ccc(C(C)(C)C)cc4)n2[B-]3(F)F)cc(OC)c1OC,Cc1ccccc1,750.0
1032,N#Cc1c(-n2nnc3c2CCC2C(CC3)[C@@H]2CO)n([C@H]2C[C@H](O)[C@@H](CO)O2)c2ncnc(N)c12,CO,380.0
9810,Cc1cc(=O)c2ccc(N)cc2o1,CO,421.0
6584,O=C1CCCC2=C1CC1=C(CCCC1=O)N2NC(=O)c1ccccc1,CCCCCO,444.0
8192,Cc1cc(=O)c2ccc(N)cc2o1,C1COCCO1,378.0
6382,O=C1Nc2ccccc2/C1=C/C(=O)c1ccc(Cl)cc1,CO,406.0
6725,Oc1ccccc1/C=N/N=C/c1ccccc1O,OCCO,584.7953216
7983,CC(C)(C)c1ccc(-c2nc3c4ccc(-c5cc6ccccc6c6ccccc56)cc4c4cc(-c5cc6ccccc6c6ccccc56)ccc4c3n2-c2ccc(C(C)(C)C)cc2)cc1,CCN(CC)CC,384.0
10442,Cn1cc(-c2nc3ccccc3nc2C#Cc2ccc(C#N)cc2)c2ccccc21,ClCCl,520.0
4936,CN(C)c1ccc(-c2nc(C#N)c(C#N)n2C)cc1,C1CCCCC1,375.0
931,N#Cc1ccc(-c2cn3cc(C#N)c[n+]3[n-]2)cc1,ClCCl,453.0
7471,CCC(CC)COC1=CC2=C3c4cc(OCC(CC)CC)c(-c5cccs5)n4[B-](F)(F)[n+]4c3n(c3cc(C(C)(C)C)ccc34)[B-](F)(F)[N+]2=C1c1cccs1,C1CCOC1,809.0
4019,COCCOCCOCCOCCOc1cc(C=O)c(OCCOCCOCCOCCOC)cc1C=O,NC=O,456.0
691,CN(C)c1nc(N(C)C)c2nc(C#N)n(Cc3ccccc3)c2n1,ClCCl,388.0
8015,CCCCCCCCCCCCc1sc(CCCCCCCCCCCC)c2c3ccsc3c3sccc3c12,ClC(Cl)Cl,425.0
5987,COc1ccc(C#Cc2nc3ccccc3nc2-c2cn(C)c3ccccc23)cc1,CO,525.0
6364,Cc1cc(C)c(C2=C3C=c4c(c5ccccc5c5ccccc45)=[N+]3[B-](F)(F)n3c2cc2c4ccccc4c4ccccc4c23)c(C)c1,C1CCCCC1,688.0
1909,CCC1(CC)c2cc(C=O)ccc2-c2ccc(N(C)C)cc21,CCOCC,436.0
829,CN(C)c1ccc(-c2ccc(-c3ccc(N(C)C)cc3)c3nc(-c4ccccc4)c(-c4ccccc4)nc23)cc1,C1CCOC1,601.0
3498,COC(=O)c1nc2c(N(C)C)nc(N)nc2n1Cc1ccccc1,CC#N,399.0
9263,CCN(CC)c1ccc2c(c1)oc(=O)c1cc3cnn(-c4ccccc4)c3nc12,ClCCl,501.0
2081,Cc1ccc(OCc2cc(=O)oc3c2ccc2ccccc23)cc1,CN(C)C=O,431.0
10917,N#Cc1cc(-n2c3ccccc3c3cccnc32)c(-n2c3ccccc3c3cccnc32)cc1C#N,CC#N,504.4186047
11574,CC(C)(C)c1ccc2c(c1)c1cc(C(C)(C)C)ccc1n2-c1cccc(-c2nc(-c3cccc(P(=O)(c4ccccc4)c4ccccc4)c3)nc(-c3cccc(P(=O)(c4ccccc4)c4ccccc4)c3)n2)c1,O=P(c1ccccc1)(c1ccccc1)c1ccccc1Oc1ccccc1P(=O)(c1ccccc1)c1ccccc1,484.0
44,F[B-]1(F)OC(c2ccccc2)=Cc2ccc3ccccc3[n+]21,ClC(Cl)Cl,438.0
3939,N#Cc1c(-c2ccc(Br)cc2)cc(-c2ccc(Br)cc2)[nH]c1=O,C1CCOC1,452.0
7955,C[N+](C)=c1ccc2c(-c3c(Cl)c(Cl)c(Cl)c(Cl)c3C(=O)O)c3ccc4cc(O)ccc4c3oc-2c1,O,603.0
10254,O=C(O)Cn1c2ccccc2c(=O)c2ccccc21,O,427.0
4319,Cc1ccccc1-c1ccccc1C,C1CCCCC1,318.9792663
2965,Cn1nc(-c2ccc(C(F)(F)F)cc2)cc1-c1ccccc1,ClCCl,341.0
3969,CN(C)c1ccc(/C=C2\CC/C(=C\c3ccc(N(C)C)cc3)C2=O)cc1,C1COCCO1,493.0
1187,CN(C)c1ccc(/C=C/c2ncc3ccccc3n2)cc1,CS(C)=O,594.0
11505,COc1ccc2nc(-c3ccccc3)c(=O)oc2c1,c1ccccc1,448.0
8027,COC(=O)c1c2ccccc2nc2ccccc12,CCCO,430.0
11249,C(=C/c1cnc2ccccc2n1)\c1ccc(N2CCCCC2)cc1,CC#N,617.0
9393,Cc1ccc(C(=O)/C=C2\C(=O)Nc3ccccc32)cc1C,CN(C)C=O,417.0
284,N#Cc1cc2ccc(O)cc2oc1=N,CCOC(C)=O,414.0
10873,CC1=CC(C)=[N+]2C1=C(c1ccccc1)c1c(C)cc(C)n1[B-]2(F)F,CC(=O)C(C)(C)C,511.0
6308,CN(C)c1ccc(/C=C/C=C2\CC/C(=C\C=C\c3ccc(N(C)C)cc3)C2=O)cc1,CN(C)C=O,715.0
4159,c1ccc(-c2nc(-c3ccccc3)nc(-c3cc(-n4c5ccccc5c5ncccc54)c(-n4c5ccccc5c5ncccc54)c(-n4c5ccccc5c5ncccc54)c3)n2)cc1,Cc1ccccc1,435.7615894
3092,Cc1nc(-c2ccccc2)c2ccccn12,CO,473.0
9592,O=[N+]([O-])c1ccc(NCCN(Cc2c3ccccc3cc3ccccc23)c2ccc([N+](=O)[O-])cc2[N+](=O)[O-])c([N+](=O)[O-])c1,CCO,388.0
4556,CN(C)c1ccc(-c2ccc(-c3cc(-c4ccccc4)c(-c4ccccc4)c(-c4ccccc4)c3-c3ccccc3)cc2)cc1,ClC(Cl)Cl,373.0
5555,O=c1cc(COc2ccc(I)cc2)c2c(ccc3ccccc32)o1,C1COCCO1,414.0
6916,CCCCOc1ccc(/C=C/C=C/C=C/c2ccc([N+](=O)[O-])cc2)cc1,CC1CCCCC1,488.0
4323,CN(C)c1ccc(C2=Cc3cccc[n+]3[B-](F)(F)O2)cc1,CC1CCCCC1,447.0
3982,C(=C/c1ncc2ccccc2n1)\c1ccc(N2CCCCC2)cc1,C1CCOC1,522.0
8054,O=CN1N=C(c2ccc(Br)cc2)C[C@@H]1c1ccccc1,ClC(Cl)(Cl)Cl,351.0
3364,COc1c2ccccc2c(OC)c2c1c1ccccc1n2C,ClCCl,422.0
1404,O=C1c2cc(-n3c4ccccc4c4ccccc43)c(-n3c4ccccc4c4ccccc43)cc2C(=O)N1c1ccccc1,Cc1ccccc1,510.0
3195,COc1ccc(C2=CC(c3ccc4ccccc4c3)=[O+][B-](C(C)=O)(C(C)=O)O2)cc1,ClC(Cl)(Cl)Cl,425.0
8404,O=C(O)c1c2ccccc2nc2ccccc12,ClCCl,422.0
7753,CCCCOc1ccc(-c2cc3c(o2)c(-c2ccc(OCCCC)cc2)c2n3[B-](F)(F)[N+]3=Cc4c(-c5ccc(OCCCC)cc5)c5oc(-c6ccc(OCCCC)cc6)cc5n4[B-](F)(F)[N+]3=C2)cc1,C1CCOC1,659.0
969,N#C/C(=C/Nc1ccc(C#N)cc1)c1nc(-c2ccccc2)cs1,CCO,434.0
9951,CC/[NH+]=c1\cc2oc3cc(NCCOC(=O)C(NC(=O)OC(C)(C)C)C(C)C)c4ccccc4c3nc-2cc1C,O,652.0
6543,CC1=CC(C)=[N+]2C1=C(c1ccc(-c3ccc(OS(=O)(=O)c4ccc([N+](=O)[O-])cc4[N+](=O)[O-])cc3)s1)c1c(C)cc(C)n1[B-]2(F)F,Cc1ccccc1,530.0
3734,Cc1ccc(-c2cc(-c3ccc(C)cc3)c(C#N)c(=O)[nH]2)cc1,C1CCOC1,446.0
925,CC1(C)C(/C=C/C2=C(Cl)/C(=C/C=C3/N(CCCCS(=O)(=O)[O-])c4ccc5ccccc5c4C3(C)C)CCC2)=[N+](CCCCS(=O)(=O)[O-])c2ccc3ccccc3c21,CO,836.0
11646,CC(C)(C)c1ccc(C2=CC3=C(c4ccccc4)c4cc(-c5ccc(C(C)(C)C)cc5)c(-c5ccc(C(C)(C)C)cc5)n4[B-](F)(F)[N+]3=C2c2ccc(C(C)(C)C)cc2)cc1,C1CCOC1,649.0
8902,F[B-]1(F)n2c(nc(-c3ccccc3)c2-c2ccccc2)-c2cccc[n+]21,C1CCCCC1,517.0
4725,CCC1=C(C)C(=O)n2c1cc1c(C)c(CC)c(C)n1c2=O,CO,540.0
2843,COC(=O)c1c2ccccc2nc2ccccc12,ClCCl,422.0
2851,COc1cc(OC)cc(C2=[O+][B-](F)(F)OC(c3ccc4ccccc4c3)=C2)c1,Cc1ccccc1,492.3135409
10100,N#CSC1=CC2=C(c3ccccc3)c3cc(SC#N)c(N4CCOCC4)n3[B-](F)(F)[N+]2=C1N1CCOCC1,CCOC(C)=O,628.0
11857,C/C(=N\Nc1ccc(C#N)cc1)c1cccc(/C(C)=N/Nc2ccc(C#N)cc2)c1,CO,525.0
5956,COC(=O)c1ccc(C#Cc2ccccc2)cc1,CCCCCCCCCCCCCCCC,322.2999323
519,F[B-]1(F)n2c(-c3ccccc3)cc(-c3ccccn3)c2N=C2C(c3ccccn3)=CC(c3ccccc3)=[N+]21,CC#N,682.0
10864,Cc1ccccc1C(=O)NN1C2=C(CC3=C1CC(C)(C)CC3=O)C(=O)CC(C)(C)C2,ClC(Cl)Cl,440.0
9791,CC(C)(C)c1ccc2c(c1)sc1[n+]2[B-](F)(F)n2c(c3cccc4c(Br)ccc2c43)=C1C#N,CC#N,558.0
4471,O=[N+]([O-])c1ccc(C#Cc2ccc3ccccc3c2)cc1,ClC(Cl)Cl,536.0
7780,CCn1c2ccccc2c2cc(C#Cc3cc(C#Cc4ccc5c(c4)c4ccccc4n5CC)nc(N4CCCCC4)n3)ccc21,CN(C)C=O,469.0
4348,COc1cc(S(=O)(=O)[O-])c2ccc3c(S(=O)(=O)[O-])cc(S(=O)(=O)[O-])c4ccc1c2c43,OC(C(F)(F)F)C(F)(F)F,429.000429
11678,COc1ccc(N(c2ccc(OC)cc2)c2ccc(-c3ccc(C=C(C#N)C#N)cc3)cc2)cc1,ClC(Cl)Cl,696.0
9848,CCCCCCCCCCCCCCCCOc1cc(C#Cc2ccc3ccccc3c2)c(OCCCCCCCCCCCCCCCC)cc1C#Cc1ccc(C=C(C#N)C#N)cc1,CCCCOCCCC,524.0
3626,[O-][n+]1c(/C=C/c2cc3cccc4c5cccc6cccc(c(c2)c34)c65)nc(N2CCOCC2)c2c1CCCC2,ClCCl,575.0
1789,COc1c(-c2c(OC)c3cccc4ccc5oc(=O)cc2c5c43)c2cc(=O)oc3ccc4cccc1c4c32,CC1CCCO1,543.0
10146,CC(C)(C)c1ccc(C(C)(C)C)c(N2C(=O)c3cccc4c(-c5ccc(-c6ccccc6)s5)ccc(c34)C2=O)c1,CO,572.0
2059,CCC1=C(C)C2=C(C)c3c(C)c(CC)c(C)n3[B-](F)(F)[N+]2=C1C,CN(C)C=O,532.8
9256,CC1(C)C(/C=C/C=C/C=C/C=C2/N(c3ccc(S(=O)(=O)[O-])cc3)c3ccc(S(=O)(=O)[O-])cc3C2(C)C)=[N+](c2ccc(S(=O)(=O)[O-])cc2)c2ccc(S(=O)(=O)[O-])cc21,CO,782.0
7136,O=P1(c2ccccc2)C(c2cc(C(F)(F)F)cc(C(F)(F)F)c2)=Cc2c3ccc4cccc5ccc(c6cc(-c7ccc(N(c8ccccc8)c8ccccc8)cc7)n1c26)c3c45,CC#N,645.0
4013,COc1cc(C(=O)O)ccc1O,CC(C)O,340.0
6006,O=C1c2ccccc2-c2ccc(Nc3nc(Cl)nc(Cl)n3)c3cccc1c23,N#Cc1ccccc1,520.0208008
1902,O=c1oc2ccccc2cc1-c1nc2ccccc2o1,CN(C)C=O,445.0
8916,Nc1ccc2c(C(F)(F)F)cc(=O)oc2c1,CCCCCC,401.0
6215,c1cc2cccc3c4cccc5cccc(c(c1)c23)c54,ClCCl,448.0
4686,O=S1(=O)C2=C(c3ccc(-c4ccc(N(c5ccccc5)c5ccccc5)cc4)cc31)C1(C3=C(c4ccccc41)S(=O)(=O)c1cc(-c4ccc(N(c5ccccc5)c5ccccc5)cc4)ccc13)c1ccccc12,ClCCl,624.0
8298,COc1c2ccccc2c(OC)c2c1c1ccc(C)cc1n2C,CO,418.0
4922,N#Cc1cc2ccc(O)cc2oc1=O,O,410.0
6785,CCOC(=O)COc1ccc(/C=C/c2cc(C)c3n2[B-](F)(F)[N+]2=C(c4[nH]c(C)cc4C)c4ccccc4C2=C3)cc1,ClCCl,705.0
7895,O=Cc1ccc(N(c2ccc(C=O)cc2)c2ccc(-c3ccc4c(c3)C(=O)c3ccccc3C4=O)cc2)cc1,CCOC(C)=O,654.0
9581,COc1c2ccccc2c(OC)c2c1c1ccc(F)cc1n2C,ClCCl,411.0
9681,CC[n+]1c(-c2ccccc2)c2cc(NC(=O)NCC[NH3+])ccc2c2ccc(NC(=O)NCC[NH3+])cc21,O,522.0
75,CCC1=C(C)C(=O)n2c1cc1c(C)c(CC)c(C)n1c2=O,c1ccccc1,500.0
2345,Cc1ccc(C(=O)/C=C2\C(=O)Nc3ccccc32)cc1C,CC(C)(C)O,400.0
6447,CC(C)(C)c1ccc2c(c1)c1cc(C(C)(C)C)ccc1n2-c1ccc(S(=O)(=O)c2cccc(S(=O)(=O)c3ccc(-n4c5ccc(C(C)(C)C)cc5c5cc(C(C)(C)C)ccc54)cc3)c2)cc1,Cc1ccccc1,422.0
8236,COc1ccc2c(c1)c1cc(OC)ccc1n2-c1nc2ccccc2nc1-n1c2ccc(OC)cc2c2cc(OC)ccc21,Cc1ccccc1,582.0
430,CN(C)c1ccc(/C=C/c2ncnc3ccccc23)cc1,CS(C)=O,585.0
4586,CCN1c2ccc(/C=N/Nc3ccccn3)cc2Sc2cc(/C=N/Nc3ccccn3)ccc21,Cc1ccccc1,491.0
5483,COc1ccc(C2=C3C(C)=CC(C)=[N+]3[B-](F)(F)n3c(/C=C/c4ccc(N(C)C)cc4)cc(C)c32)cc1,C1COCCO1,648.0
7456,CCCCCCc1ccc(-n2c3[n+](c4c5ccccc5c5ccccc5c42)[B-](C)(C)c2ccccc2-3)cc1,ClCCl,385.0
6405,CC1=[N+]2C(=C(c3ccc4c(c3)Cc3ccccc3-4)c3ccc(C)n3[B-]2(F)F)C=C1c1cc2n(c1)[B-](F)(F)[N+]1=CC=CC1=C2c1c(C)cc(C)cc1C,CCOC(C)=O,675.0
11799,CN(C)c1ccc2c(-c3ccc(Br)cc3)c3ccc(=[N+](C)C)cc-3oc2c1,CCO,579.0
7608,Cc1c2ccncc2c(C)c2c1[nH]c1ccccc12,CC(C)O,424.0
10831,CNc1ccc(/C=C/C#N)cc1,CC#N,421.0
12227,COc1ccc2n1[B-](F)(F)[N+]1=C(c3ccccc3)C=CC1=C2c1ccc(C)cc1,C1COCCO1,556.0
9399,C(#Cc1cccc(C#Cc2ccc(-n3c4ccccc4c4ccccc43)cc2)c1)c1ccc(-n2c3ccccc3c3ccccc32)cc1,Cc1ccccc1,374.0
1553,COc1cc(OC)c2c3c([nH]c2c1)C(=O)CCC3,CCOC(C)=O,393.0
5874,c1ccc(-c2nn(-c3ccccc3)c3nc4ccccc4cc23)cc1,CC#N,478.0114723
240,CC(C)(C)c1ccc2c(c1)c1cc(C(C)(C)C)ccc1n2-c1ccccc1-c1nc(-c2ccccc2-n2c3ccc(C(C)(C)C)cc3c3cc(C(C)(C)C)ccc32)nc(-c2ccccc2P(=O)(c2ccccc2)c2ccccc2)n1,O=P(c1ccccc1)(c1ccccc1)c1ccccc1Oc1ccccc1P(=O)(c1ccccc1)c1ccccc1,500.0
783,N#C/C(=C/Nc1ccc(C#N)cc1)c1nc(-c2ccccc2)cs1,Cc1ccccc1,438.0
10193,O=C1Nc2ccccc2/C1=C/C(=O)c1ccc(O)cc1,CCCCCC,382.0
3066,CC[N+](CC)=c1ccc2cc3c(=O)oc4cc5c(cc4c3oc-2c1)CCCN5C,O,658.0
11959,C#CCn1c2ccccc2c2cc(/C=C/C3=[N+]4C(=C(c5ccc(I)cc5)c5c(C)cc(/C=C/c6ccc7c(c6)c6ccccc6n7CC#C)n5[B-]4(F)F)C(C)=C3)ccc21,CC#N,688.0
977,CC1=[N+]2C(=C(c3ccc(N4CCCCC4)cc3)c3ccc(C)n3[B-]2(F)F)C=C1,CC#N,519.0
4905,CCC1(CC)c2cc(C=O)ccc2-c2ccc(N(C)C)cc21,CCO,562.0
6264,C#Cc1ccc2ccc3oc(=O)cc(C)c3c2c1,CCO,403.0
9185,COC1=[N+]2C(=C(c3ccc(C)cc3)c3ccc(OC)n3[B-]2(F)F)C=C1,CO,523.0
5695,COc1cc(OC)cc(C2=C3C(C)=C(I)C(C)=[N+]3[B-](F)(F)n3c(/C=C/c4ccsc4)c(I)c(C)c32)c1,ClCCl,610.0
2941,C[C@]12SC(=O)C=C1c1nc(-c3ccccc3O)[nH]c1C1=CC(=O)S[C@@]12C,CC#N,407.0
7150,C1=C(c2ccccc2)C=C(c2ccccc2)/C1=C/c1ccc2ccc3cccc4ccc1c2c34,C1CCOC1,480.0
8594,Nc1cccc2cc3ccccc3cc12,C1CCCCC1,487.0920604
9497,c1ccc(-c2ccc(-c3ccc(-n4c5ccccc5c5ccccc54)cc3)c3nsnc23)cc1,C1CCOC1,527.0
10877,CC1(C)Nc2cc(Cl)ccc2-c2[nH]c3ccccc3c(=O)c21,CO,513.0
8187,O=C(O)c1ccccc1Nc1ccccc1,CO,390.0
11262,CCCCCc1c(C(=O)c2ccc3c4c(cccc24)-c2cccc4c2C3CC=C4)c2ccc3cccc4c5cccc6ccc1c(c65)c2c34,ClCCl,525.0
1620,CCN(CC)c1ccc2ccc(=O)oc2c1,CCCCCC,392.0
5642,COc1cccc(C2=C(c3ccc(C(C)(C)C)cc3)C(c3ccc(C(C)(C)C)cc3)=[N+]3C2=C(c2ccccc2)c2c(-c4cccc(OC)c4)c(-c4ccc(C(C)(C)C)cc4)c(-c4ccc(C(C)(C)C)cc4)n2[B-]3(F)F)c1,C1CCCCC1,636.0
12252,CCN(CC)c1ccc(/C=C2\CC/C(=C\c3ccc(N(c4ccccc4)c4ccc(/C=C5\CC/C(=C\c6ccc(N(CC)CC)cc6)C5=C(C#N)C#N)cc4)cc3)C2=C(C#N)C#N)cc1,CN(C)C=O,722.0
2146,CCN1c2ccc(/C=N/Nc3ccccn3)cc2Sc2cc(-c3ccc(C#N)cc3)ccc21,Cc1ccccc1,503.0
1801,Brc1ccc(N(c2ccc(/C=C/c3ccncn3)cc2)c2ccc(/C=C/c3ccncn3)cc2)cc1,ClCCl,555.0
2095,CCCCCCN(CCCCCC)c1ccc(C#Cc2ccc(C(F)(F)F)cc2)cc1,ClCCl,440.0
9019,CN(C)c1ccc2nc(/C=C/c3ccccc3)c(=O)oc2c1,C1COCCO1,533.0
7933,F[B-]1(F)n2c(cc3c2-c2ccccc2CC3)C(c2ccc(I)cc2)=C2C=C3CCc4ccccc4C3=[N+]21,ClC(Cl)Cl,647.0
1357,Cc1ccc(C(=O)OCc2ccc3c4cccc5cccc(c6cccc2c63)c54)cc1,CCO,445.0
9944,CC1=CC(c2ccc3cc(N(C)C)ccc3c2)=[O+][B-](F)(F)O1,CC#N,611.0
9048,C(=C/c1ccncn1)\c1ccc(-c2ccc(N(c3ccccc3)c3ccccc3)cc2)cc1,ClCCl,563.0
6782,F[B-]1(F)n2c(-c3cccs3)cc(-c3cccs3)c2N=C2C(c3cccs3)=CC(c3cccs3)=[N+]21,ClCCl,764.0
10243,c1ccc(N2c3ccccc3Sc3cc(-c4cccc5nc6ccccc6cc45)ccc32)cc1,CCCCOCCCC,533.0
7224,CCN(CC)c1ccc2ccc(=O)oc2c1,CCOCC,405.0
9413,O=C1c2ccccc2-c2ccccc21,C1CCCCC1,463.0
3565,N#Cc1cc(C#N)c(-c2ccc(N(c3ccccc3)c3ccccc3)cc2)cc1-c1ccc(N(c2ccccc2)c2ccccc2)cc1,Cc1ccccc1,477.0
12172,Cn1c(=O)c(/N=N/c2ccc(Nc3ccc([N+](=O)[O-])cc3S(=O)(=O)O)cc2)c(O)c2ccccc21,ClCCl,617.0
10756,CN1CCN(c2ccc3c4c(cccc24)C(=O)c2ccccc2-3)CC1,CCCCCO,635.0
9232,CCn1c2ccccc2oc2c(C#N)c3c(oc4ccccc4n3CC)c(C#N)c21,ClC(Cl)Cl,615.0
1609,CC(C)(C)c1ccc2c(c1)sc1[n+]2[B-](F)(F)n2c(c3cccc4cccc2c43)=C1C#N,ClCCl,543.0
3096,COC(=O)C1=C(C(=O)OC)C2(c3ccccc3-c3c(Br)cc(Br)cc32)C2(/C=C/c3ccccc3)c3cc(OC)c(OC)cc3CCN12,ClCCl,491.0
4590,O=C1c2ccccc2-c2c(-c3cc(Br)ccc3O)[nH]c(=O)n21,CC#N,475.0
2415,COCCOc1ccc(OCCOC)c(C=O)c1,CO,467.0
2017,CCC[n+]1ccc(/C=C/c2ccc(N(C)C)cc2)cc1,C1COCCO1,557.0
2971,Cc1cc(C)c(B(c2cc(-c3c(C)cc(C)cc3C)sc2-c2sc(-c3c(C)cc(C)cc3C)cc2P(=O)(c2ccccc2)c2ccccc2)c2c(C)cc(C)cc2C)c(C)c1,CO,536.0
6424,O=Cc1ccc(N(c2ccc(C=O)cc2)c2ccc(-c3ccc4c(c3)C(=O)c3ccccc3C4=O)cc2)cc1,CCOCC,585.0
4125,CN1c2ccccc2C(O)(c2ccccc2)c2cc([N+](=O)[O-])ccc21,CS(C)=O,566.8
5846,CN(C)c1ccc(/C=C/C=C/c2nc3ccccc3s2)cc1,CO,573.0
5375,CC[n+]1c(-c2ccccc2)c2cc(NC(N)=[NH2+])ccc2c2ccc(N)cc21,O,605.0
12018,COC(=O)c1c2ccccc2nc2ccccc12,C1COCCO1,420.0
11757,O=Cc1c(O)c(-c2nc3ccccc3s2)cc2ccccc12,CO,525.0
3246,FC(F)(F)c1ccc(/C=C/c2ccc(-c3nnc(-c4ccc(-c5cc6ccccc6s5)cc4)o3)cc2)cc1,CCCCCO,393.0
124,COc1ccc(-c2sc3c(c2Br)=[N+]2C(=C(C(F)(F)F)c4c(Br)c5sc(-c6ccc(OC)cc6)c(Br)c5n4[B-]2(F)F)C=3Br)cc1,C1CCOC1,770.0
1106,CN(C)c1ccc(-c2cc(-c3ccc4ccccc4c3)nc(-c3ccccc3)n2)cc1,CS(C)=O,599.0
11448,O=S1(=O)c2ccc(-c3ccc4c(c3)c3ccccc3n4-c3ccccc3)cc2C2(c3cc(-c4ccc5c(c4)c4ccccc4n5-c4ccccc4)ccc31)c1cc(-c3ccc4c(c3)c3ccccc3n4-c3ccccc3)ccc1S(=O)(=O)c1ccc(-c3ccc4c(c3)c3ccccc3n4-c3ccccc3)cc12,CC1CCCO1,413.0
8029,Oc1ccc(-c2cccs2)cc1-c1nc2ccccc2s1,CCO,428.0
840,CCCCCOc1cc2oc(=O)c3c4ccc(O)cc4c4ccc5cccc6c(c1)c2c3c4c56,C1CCOC1,459.0
6394,CCN(CC)c1ccc2c(C)cc(=O)oc2c1,CCCCCCCCO,443.0
9648,O=c1oc2ccccc2c2c1c(=O)oc1cc(O)ccc12,ClCCl,455.0
5649,CN(C)c1ccc(/C=C/C(=O)c2ccc(Cl)cc2)cc1,C1CCOC1,516.0
11218,COc1ccc(-c2[nH]c(=O)n3c2-c2ccccc2C3=O)c(OC)c1,CO,507.0
3341,Cc1cc(-c2ccc(C(C)(C)C)cc2)c2nsnc2c1-c1ccc(N(c2ccccc2)c2ccccc2)cc1,ClCCl,571.0
598,c1ccc2c(c1)c1ccccc1c1[nH]c(-c3ccc(-c4nc5c6ccccc6c6ccccc6c5[nH]4)cc3)nc21,CS(C)=O,430.0
2123,COc1cc(OC)c2c(c1)c1c(c3ccc(C(C)(C)C)cc32)=[N+]2C(=Nc3c(-c4cc(OC)c(OC)c(OC)c4)c4c5cc(OC)cc(OC)c5c5cc(C(C)(C)C)ccc5c4n3[B-]2(F)F)C=1c1cc(OC)c(OC)c(OC)c1,Cc1ccccc1,809.0
5512,CC(C)[Si](C#Cc1c2ccc(C(C)(C)C)cc2c(C#C[Si](C(C)C)(C(C)C)C(C)C)c2ccc(C(C)(C)C)cc12)(C(C)C)C(C)C,Cc1ccccc1,461.0
10360,COc1ccc(C2=CC(c3cc(OC)cc(OC)c3)=[O+][B-](F)(F)O2)cc1,CCCCCC,410.2063016
9642,CCCCC[n+]1ccc(/C=C/c2ccc(N(C)C)c3ccccc23)c2ccccc21,CO,708.0
10444,CN(C)c1ccc(C#Cc2ccccc2)cc1,CC(C)=O,410.4921801
9840,CN(C)c1ccc(C#Cc2cc(C#Cc3ccc(N(C)C)cc3)c3ccc4c(C#Cc5ccc(C(F)(F)F)cc5)cc(C#Cc5ccc(N(C)C)cc5)c5ccc2c3c54)cc1,ClCCl,576.0
11850,CC(=O)O[B-]1(OC(C)=O)OC(/C=C/c2ccc(C)cc2)=CC(/C=C/c2ccc(C)cc2)=[O+]1,CC#N,493.0
5999,CN(C)CCCN1c2ccccc2Sc2ccc(C(F)(F)F)cc21,O,475.0
2197,Oc1ccccc1/N=C/c1ccccc1Oc1ccccc1,Cc1ccccc1C,412.0
4051,CC(C)(C)c1ccc2c(c1)c1cc(C(C)(C)C)ccc1n2-c1ccc(-c2nc3cc(C#N)c(C#N)cc3nc2-c2ccc(-n3c4ccc(C(C)(C)C)cc4c4cc(C(C)(C)C)ccc43)cc2)cc1,Cc1ccccc1,544.0
1216,CN(C)c1ccc(/C=C/C=C/c2nc3ccccc3o2)cc1,c1ccccc1,503.0
3362,Clc1ccc(/C=C/c2nc3ccccc3s2)cc1,C1CCCCC1,395.0
2501,COCCC1=Cc2nc1ccc1[nH]c(cc1CCOC)c1nc(c(N3C(=O)CCCC3=O)cc3[nH]c2cc3CCOC)C(CCOC)=C1,Cc1ccccc1,646.0
725,Nc1cccc2c1C(=O)c1ccccc1-2,CCO,521.0
7533,Nc1ccccc1C(=O)O,CCO,407.0
978,COC(=O)C(Cc1ccc2oc(-c3ccc(Nc4ccccc4)cc3)nc2c1)NC(=O)OC(C)(C)C,CC#N,451.9978304
808,N#Cc1cccc2[nH]ccc12,CO,390.0
9813,c1ccc(-c2nc(-c3ccccc3)nc(-c3ccc(-n4c5ccccc5c5ccccc54)cc3)n2)cc1,O=P(c1ccccc1)(c1ccccc1)c1ccccc1Oc1ccccc1P(=O)(c1ccccc1)c1ccccc1,441.0
1475,CCCCCCC(CCCCCC)n1c(=O)c2c3ccc4cccc5c6cccc7ccc(c2c1=O)c(c76)c3c45,CCCCCC,469.0
9201,CCCCNc1ccc(NCCCC)c2c1C(=O)c1ccccc1C2=O,C1COCCO1,672.0
9411,C1=C(c2ccc(-c3cccs3)s2)CCCC1,CCCCCC,411.0
8269,CC[N+](CC)=c1ccc2cc3c(oc-2c1)-c1ccc(N(C)C)cc1CC3,CCO,644.0
4906,Nc1nc2ccc(F)cc2[n+]([O-])n1,O,526.0
12088,F[B-]1(F)n2c(cc3c4ccccc4oc32)C(c2ccccc2)=C2C=c3c(oc4ccccc34)=[N+]21,CO,596.5
11063,O=C1OC(c2ccccc2)=N/C1=C\c1ccc(N(c2ccccc2)c2ccccc2)cc1,CCCCOCCCC,518.0
4930,FC(F)(F)c1cc2n(n1)[B-]1(c3ccccc3-c3ccccc31)[n+]1ccc3ccccc3c1-2,ClCCl,564.0
4542,CCN1/C(=C\C=C\C=C\C2=[N+](CC)c3ccc4cc(Br)ccc4c3C2(C)C)C(C)(C)c2c1ccc1cc(Br)ccc21,CN(C)C=O,705.0
3962,F[B-]1(F)n2c(ccc2N2CCOCC2)C(c2ccccc2)=C2C=CC(N3CCOCC3)=[N+]21,CCCCCC,595.0
11149,c1ccc(-c2nc(-c3ccccn3)sc2N(c2ccccc2)c2ccccc2)cc1,ClC(Cl)Cl,482.0
2671,Cc1nc2c(ccc3c2sc(/C=C/c2ccc(N(C)C)cc2)[n+]3C)s1,CO,600.0
7406,COc1ccc(/C=C/C2=[O+][B-](F)(F)OC(/C=C/c3ccc(OC)c4ccccc34)=C2c2ccccc2)c2ccccc12,ClCCl,633.0
1235,Cc1c2c(c(C)c3ccccc13)C1=C2C=CC2Nc3ccccc3NC12,ClC(Cl)Cl,544.0
1225,Cc1cc(-c2ccc(-c3ccccc3)cc2)nc(-c2ccc(-n3c4ccccc4c4ccccc43)cc2)n1,CN(C)C=O,474.0
1764,O=S(=O)([O-])c1cc([O-])c2ccc3c(S(=O)(=O)[O-])cc(S(=O)(=O)[O-])c4ccc1c2c34,OCC(F)(F)F,508.001016
8779,COc1ccc(/C=C/C2=CC(/C=C/c3ccc(OC)c4ccccc34)=[O+][B-](F)(F)O2)c2ccccc12,ClC(Cl)(Cl)Cl,561.0
8011,CNc1cccc2c1C(=O)c1ccccc1C2=O,C1CCCCC1,563.0
7259,CCOc1cc2c(cc1/C=C/C(=C(C#N)C#N)c1ccccc1)c1ccccc1n2CC,CC#N,569.0
11362,CN(C)c1ccc(/C=C/c2ccc(C#N)cc2)cc1,C1CCOC1,499.0
7085,O=C1c2ccc(-c3ccc(N(c4ccc(-c5ccccc5)cc4)c4ccc(-c5ccccc5)cc4)cc3)cc2C(=O)c2ccc(-c3ccc(N(c4ccc(-c5ccccc5)cc4)c4ccc(-c5ccccc5)cc4)cc3)cc21,Cc1ccccc1,608.0
3217,COc1ccc(C(=O)COc2c(C)c(=O)n3c(=O)c(C)c(COC(=O)c4ccccc4Cl)n23)cc1,CCO,460.0
5737,CN1/C(=C/C=C(/C=C/C2=[N+](C)c3ccccc3C2(C)C)c2ccc(C(F)(F)F)cc2)C(C)(C)c2ccccc21,O,658.0
287,CCN(CC)c1ccc2cc(-c3nc4cc(C(=O)Nc5ccccc5Cl)ccc4o3)c(=O)oc2c1,ClCCl,496.0
9983,C#CCOc1ccc(C2=[N+]3C(=Nc4c(-c5ccccc5)cc(-c5ccc(O)cc5)n4[B-]3(F)F)C(c3ccccc3)=C2)cc1,ClC(Cl)Cl,708.0
2966,C=CC1CN2CCC1CC2[C@@H](OCc1ccccc1)c1ccnc2ccc(O)cc12,CCCC#N,361.0
3164,COC(=O)C(Cc1ccc2oc(-c3ccc(Nc4ccccc4)cc3)nc2c1)NC(=O)OC(C)(C)C,CC(C)CO,438.0009636
11152,Oc1cccc(/N=C/c2ccccc2Oc2ccccc2)c1,Cc1ccccc1C,403.0
9406,CC(=O)c1c2c(cc3cc(N(C)C)ccc13)CCC2,CC#N,545.0
11974,COc1ccc2c(c1)-c1cc(OC)ccc1C2=O,CC#N,514.0
1657,O=C([O-])COc1cc(NC(=O)c2ccc(-c3c4cc(Cl)c(=O)cc-4oc4cc(O)c(Cl)cc34)c(C(=O)[O-])c2)ccc1N(CC(=O)[O-])CC(=O)[O-],O,532.0
1975,N#Cc1cc2ccccc2oc1=N,CCOC(C)=O,410.0
2397,c1ccc2c(-c3cc(-c4nccs4)nc(-c4nccs4)c3)cccc2c1,CO,422.0
452,O=CC1=C(c2ccc(-c3cccs3)s2)CC1,CCO,516.0
2710,CCCCCc1ccc(-c2ccc(C#Cc3cc(C#Cc4ccc(-c5ccc(CCCCC)cc5)cc4)c4ccc5c(C(=O)c6ccccc6)cc(C#Cc6ccc(-c7ccc(CCCCC)cc7)cc6)c6ccc3c4c65)cc2)cc1,ClCCl,517.0
11378,COC(=O)c1nc2c(N(C)C)nc(N(C)C)nc2n1Cc1ccccc1,ClCCl,409.0
10766,C(S/C=C/c1ccc(-c2ccc(/C=C/SC=C3CCCCCC3)cc2)cc1)=C1CCCCCC1,ClCCl,434.0
3681,COc1ccc(-c2csc(/C(C#N)=C/c3c(Cl)cccc3Cl)n2)cc1,CC#N,550.0
6715,CC(C)(C)c1ccc2c(c1)sc1[n+]2[B-](F)(F)n2c(c3cccc4c(Br)ccc2c43)=C1C#N,CCCCCC,558.0
422,CCCCCCCN1C(=CC2=C([O-])C(=CC3=[N+](CCCCCCC)c4ccccc4C3(C)C)C2=C(C#N)C#N)Sc2ccccc21,CN(C)C=O,702.0
8638,CCCCCn1c2ccc(S(=O)(=O)Cl)cc2c(=O)c2cc(S(=O)(=O)Cl)ccc21,CS(C)=O,422.0
5316,Oc1ccccc1/C=N/c1ccc(Cn2cncn2)cc1,CN(C)C=O,397.9941097
7025,COc1ccc(/C=C/c2ccc(-c3nnc(-c4ccc(-c5cc6ccccc6s5)cc4)o3)cc2)cc1,CO,445.0
657,O=P(c1ccccc1)(c1ccccc1)c1ccc(N2c3ccccc3Oc3ccccc32)cc1,C1CCOC1,490.5436014
3301,CCOC(=O)C1=CN(c2ccccc2)C=CC1c1ccccc1,CO,442.0
8585,CC1(C)Oc2c(c3nc4ccccc4nc3c3ccccc23)CC1Br,CC(C)O,464.2525534
2845,CCCC1=Cc2nc1ccc1[nH]c(cc1CCC)c1nc(c(N)cc3[nH]c2cc3CCC)C(CCC)=C1,Cc1ccccc1,729.0
4066,CN(C)c1ccc2nc(/C=C/c3cc4c5c(c3)CCCN5CCC4)c(=O)oc2c1,Cc1ccccc1,596.0
9602,COc1ccc(C#Cc2ccc(C#Cc3ccc(P(=O)(c4ccc(C#Cc5ccc(C#Cc6ccc(OC)cc6)cc5)cc4)c4ccc(C#Cc5ccc(C#Cc6ccc(OC)cc6)cc5)cc4)cc3)cc2)cc1,CC#N,428.0
5244,CN(C)c1ccc(/C=C/c2cc[n+](Cc3cc(C[n+]4ccc(/C=C/c5ccc(N(C)C)cc5)cc4)cc(C[n+]4ccc(/C=C/c5ccc(N(C)C)cc5)cc4)c3)cc2)cc1,CCCCCCCCO,595.0
1001,CC(C)(C)c1ccc2c(c1)c1cc(C(C)(C)C)ccc1n2-c1ccc(S(=O)(=O)c2ccc(-n3c4ccc(C(C)(C)C)cc4c4cc(C(C)(C)C)ccc43)nc2)cn1,O=P(c1ccccc1)(c1ccccc1)c1ccc2sc3cccc(P(=O)(c4ccccc4)c4ccccc4)c3c2c1,467.0
4198,CN(C)c1ccc(-c2cc(=O)c3ccccc3o2)cc1,Cc1ccccc1,417.0
2418,COc1cc(N2CCOCCOCCN(c3cc(OC)c(NC(=O)c4ccc(-c5c6cc(Cl)c(=O)cc-6oc6cc([O-])c(Cl)cc56)c(C(=O)[O-])c4)cc3OC)CCOCC2)c(OC)cc1NC(=O)c1ccc(-c2c3cc(Cl)c(=O)cc-3oc3cc([O-])c(Cl)cc23)c(C(=O)[O-])c1,O,532.0
875,CCOC(=O)/C=C/c1ccc(N(C)C)cc1,CCO,455.0
8604,O=c1oc2ccccc2cc1-c1nc2ccccc2o1,CC(C)O,444.0
6726,COc1ccc(C2=CC(c3ccc4cc(N(C)C)ccc4c3)=[O+][B-](F)(F)O2)cc1,Cc1ccccc1,555.0
3847,COC(=O)C(Cc1ccc2oc(-c3c4ccccc4cc4ccccc34)nc2c1)NC(=O)OC(C)(C)C,CCCCCC,483.5005439
961,Cc1ccc2nc3c4c(c5ccccc5c3nc2c1)OC(=O)CC4c1ccc(C(F)(F)F)cc1,ClC(Cl)Cl,430.0
1580,CN(C)c1ccc(/C=C/C=C2\CC/C(=C\c3ccc(N(C)C)cc3)C2=O)cc1,CS(C)=O,676.0
7550,COC(=O)C(Cc1ccc2oc(-c3ccc(Nc4ccccc4)cc3)nc2c1)NC(=O)OC(C)(C)C,CCO,453.4941726
7639,Oc1ccc2ccccc2c1/C=N/CC/N=C/c1c(O)ccc2ccccc12,CC#N,466.0
2206,F[B-]1(F)OC(c2ccccc2)=Nc2sc(-c3ccccc3)n[n+]21,ClC(Cl)Cl,413.0
4266,c1cc2c3c(cccc3c1)NC(c1ccc3ccc4cccc5ccc1c3c45)N2,CS(C)=O,420.0
9089,N#Cc1ccc(/C=C/C=C/c2ccc([N+](=O)[O-])cc2)cc1,CO,588.0
12163,COC(=O)C(Cc1ccc2oc(-c3ccc(Nc4ccccc4)cc3)nc2c1)NC(=O)OC(C)(C)C,NC=O,447.0072862
4231,c1ccc(-c2cc(-c3ccc(-c4nc(-c5ccccn5)c(-c5ccccn5)[nH]4)cc3)cc(-c3ccccn3)n2)nc1,CN(C)C=O,455.0
757,COc1ccc(/C=C/C2=N/C(=C\c3ccncc3)C(=O)N2C)cc1,C1COCCO1,564.0
4866,COc1ccc(/C=C/c2cc(/C=C/c3ccc(OC)cc3)nc(/C=C/c3ccc(OC)cc3)n2)cc1,ClCCl,439.0
5406,CC[n+]1ccc(/C=C/c2ccc3ccc4cccc5ccc2c3c45)cc1,CS(C)=O,595.0
5313,COc1ccc(C2=C3C(C)=CC(C)=[N+]3[B-](F)(F)n3c(/C=C/c4ccc(N(C)C)cc4)cc(C)c32)cc1,Cc1ccccc1,640.0
2284,COc1ccc(-c2cc(-c3ccc(C)cc3)nc3c(C#N)c(N4CCCC4)nc(N)c23)cc1,CC(C)=O,517.0
9063,CCCCCCN1C(=O)c2cc(-c3ccc(-n4c5ccccc5c5ccccc54)cc3)c(-c3ccc(-n4c5ccccc5c5ccccc54)cc3)cc2C1=O,c1ccc2c(c1)c1ccccc1n2-c1ccc(-c2ccc(-n3c4ccccc4c4ccccc43)cc2)cc1,481.0
7001,CC(=O)c1ccc2ccc3c(NCCC(=O)NCCCCCCc4nc5c(=O)[nH]c(N)nc5n4[C@H]4C[C@H](O)[C@@H](CO)O4)ccc4ccc1c2c43,OCC(O)CO,567.0
10038,CCn1c2ccccc2c2cc(-c3cc(-c4ccc5c(c4)c4ccccc4n5CC)nc(C#N)n3)ccc21,CCOC(C)=O,422.0
5507,COc1ccc(C2=[N+]3C(=Nc4c(-c5ccccc5-c5ccc(C(C)(C)C)cc5)cc(-c5ccc(OC)cc5)n4[B-]3(F)F)c3c2c2cc(C(C)(C)C)ccc2c2ccccc32)cc1,Cc1ccccc1,723.0
5309,CN(C)c1ccc(-c2ncnc3ccccc23)cc1,CS(C)=O,543.0
9187,C(=C/c1ccc(-c2nnc(-c3ccc(/C=C/c4ccc(-c5nc(-c6ccccc6)c(-c6ccccc6)[nH]5)cc4)cc3)o2)cc1)\c1ccc(-c2nc(-c3ccccc3)c(-c3ccccc3)[nH]2)cc1,CN(C)C=O,524.0
4827,O=C(N/N=C/c1ccccc1O)c1ccccc1,CC(C)=O,426.0
7640,Cc1cc(C)c(B(c2c(C)cc(C)cc2C)c2cc3cc(N(C)C)c4ccccc4c3c3c2ccc2ccccc23)c(C)c1,C1CCCCC1,509.0
7623,C(=C/c1ccc(-c2nnc(-c3ccc(/C=C/c4ccc(-c5nc(-c6ccccc6)c(-c6ccccc6)[nH]5)cc4)cc3)o2)cc1)\c1ccc(-c2nc(-c3ccccc3)c(-c3ccccc3)[nH]2)cc1,CC#N,525.0
807,CC1(C)c2ccccc2N(c2ccc(-c3nnc(-c4ccccc4O)o3)cc2)c2ccccc21,CCCCCC,424.0
3907,O=c1c(Nc2ccccc2)c([O-])c1=[NH+]c1ccccc1,CN(C)C=O,502.0
6141,CN(C)c1ccc(/C=C/c2cc[n+](CCCOCC(COCCC[n+]3ccc(/C=C/c4ccc(N(C)C)cc4)cc3)(COCCC[n+]3ccc(/C=C/c4ccc(N(C)C)cc4)cc3)COCCC[n+]3ccc(/C=C/c4ccc(N(C)C)cc4)cc3)cc2)cc1,CCCO,602.0
7779,COc1ccc(C2=C3C(C)=CC(C)=[N+]3[B-](F)(F)n3c(/C=C/c4ccc(N(C)C)cc4)cc(C)c32)cc1,CC1CCCCC1,612.0
9743,CCOC(=O)/C(C#N)=C\c1ccc2c(c1)c1ccccc1n2-c1ccc(OC)cc1,CS(C)=O,542.0
7023,CCCCCCCCCCCCCCCCOc1cc(C#Cc2ccc3ccccc3c2)c(OCCCCCCCCCCCCCCCC)cc1C#Cc1ccc(C=C(C#N)C#N)cc1,Brc1ccccc1,582.0
1956,CC(C)=CC(=O)c1cc2c(cc1F)NC(C)(C)CC2=O,CCO,459.0
2445,CC(C)(C)c1cc(-c2c3cc(c(-c4cc(C(C)(C)C)cc(C(C)(C)C)c4)c4ccc([nH]4)c(-c4ccc([N+](=O)[O-])cc4)c4nc(c(-c5ccc([N+](=O)[O-])cc5)c5ccc2[nH]5)C=C4)N=C3)cc(C(C)(C)C)c1,ClCCl,741.0
11729,C/C(=N\Nc1ccc(C#N)cc1)c1cccc(/C(C)=N/Nc2ccc(C#N)cc2)c1,CC#N,492.0
6969,CCCCn1c(-c2ccc(-c3nnc(-c4cccs4)o3)cc2)nc(-c2ccccc2)c1-c1ccccc1,ClCCl,444.0
10004,CN(C)c1ccc(C2=Cc3cccc[n+]3[B-](F)(F)O2)cc1,CO,517.0
8699,O=S(=O)(c1ccccc1)c1ccc(-c2ccc3c(c2)c2cc(-c4ccc(S(=O)(=O)c5ccccc5)cc4)ccc2n3-c2ccccc2)cc1,CO,434.0
10000,N#C/C=C/c1ccc2ccc3cccc4ccc1c2c34,C1COCCO1,421.5
2402,COc1c(-c2ccc(N(C)C)cc2)oc2ccccc2c1=O,CC#N,490.4761905
8832,CCCCCCCCOc1ccc(-c2c3c4n(c(-c5ccc(OCCCCCCCC)cc5)c3c3n2[B-](F)(F)[n+]2c(ccc5cc(C(C)(C)C)ccc52)C=3C#N)[B-](F)(F)[n+]2c(ccc3cc(C(C)(C)C)ccc32)C=4C#N)cc1,ClC(Cl)Cl,773.0
1073,OB(O)c1ccc(-c2ccc(N(c3ccccc3)c3ccccc3)cc2)cc1,CO,432.0
10590,COc1ccc(-c2nc(N)nc(C#N)c2C#N)cc1OC,CO,442.0
3398,CC1=CC(C)=[N+]2C1=C(c1ccc(I)cc1)c1c(C)cc(C)n1[B-]2(Oc1ccc(Cl)cc1)Oc1ccc(Cl)cc1,ClC(Cl)Cl,519.7006606
4240,CCCN1/C(=C/C=C(/C=C/C2=[N+](CCC)c3ccccc3C2(C)C)c2cc[n+](C)cc2)C(C)(C)c2ccccc21,O,658.0
6524,CCCCC(CC)Cn1c2ccc(-n3c4ccccc4c4ccccc43)cc2c2cc(-n3c4ccccc4c4ccccc43)ccc21,C1CCOC1,391.0
5436,COc1cc(OC)c2c3c([nH]c2c1)C(=O)CCC3,CC#N,415.0
7910,C(S/C=C/c1ccc(/C=C/SC=C2CCCCC2)cc1)=C1CCCCC1,ClCCl,421.0
10423,CCCCN1C(=O)C(=CC=C2N(CCCC)c3ccccc3N2CCCC)C(=O)N(CCCC)C1=S,CCO,478.0
2091,COC(=O)C(Cc1ccc2oc(-c3ccc(N(c4ccccc4)c4ccccc4)cc3)nc2c1)NC(=O)OC(C)(C)C,N#Cc1ccccc1,461.2503575
4527,NS(=O)(=O)c1ccc(N2N=C(c3ccc(O)cc3)CC2c2ccc(F)cc2)cc1,O,448.0
12255,N#Cc1cc(-n2c3ccccc3c3ccccc32)nc(-n2c3ccccc3c3ccccc32)n1,Cc1ccccc1,471.0
1698,C1=Cc2ccc3ccccc3c2NB1c1ccccc1,C1CCCCC1,383.0
11911,CC(C)(C)c1ccc(-c2nc3c4ccc(-c5ccccc5)cc4c4cc(-c5ccccc5)ccc4c3n2-c2ccc(C(C)(C)C)cc2)cc1,CCCCCC,385.0
10278,CC(C)(C)C1Nc2c(Cl)cc(Cl)cc2C(=O)N1Cc1ccccc1,CC#N,420.0
9551,CC(C)(C)c1ccc2c(c1)c1cc(C(C)(C)C)ccc1n2-c1ccc(C#Cc2ccc(C=O)cc2)cc1,ClCCl,528.0
8048,[BH3-][P+]1(c2ccccc2)c2ccccc2-c2sc3ccccc3c21,CC#N,401.0
11805,CCCCn1c2ccc(/C=C(\C#N)c3ccc([N+](=O)[O-])cc3)cc2c2cc(Cn3c(-c4ccc5c(c4)c4ccccc4n5CCCC)nc4ccccc43)ccc21,CCOC(C)=O,528.0
1003,C=CC1CN2CCC1CC2[C@@H](OCc1ccccc1)c1ccnc2ccc(O)cc12,C1CCOC1,358.0
10138,CCCCC1(CCCC)c2cc(C#Cc3ccc4ccc5cccc6ccc3c4c56)ccc2-c2ccc(N(c3ccccc3)c3ccccc3)cc21,CC#N,557.0
11143,Oc1cccc(-c2nc(-c3ccccc3)c(-c3ccccc3)[nH]2)c1,CO,390.0
10199,Cc1cc(C)n2c1C=C1c3ccccc3C(c3c[nH]c4ccccc34)=[N+]1[B-]2(F)F,Cc1ccccc1,608.0
8028,C#CCOc1ccc(-c2cc(-c3ccccc3)c3n2[B-](F)(F)[N+]2=C(c4ccc(OCCCS(=O)(=O)[O-])cc4)C=C(c4ccccc4)C2=N3)cc1,O,720.0
4651,O=C1c2cccc3c(-n4c5ccccc5c5ccccc54)ccc(c23)C(=O)N1c1ccccc1,ClC(Cl)Cl,495.0
11322,CCN(CC)c1ccc2c(-c3ccccc3C(=O)O)c3c([o+]c2c1)/C(=C/C=C/c1ccc(N(C)C)cc1)CCC3,ClCCl,857.0
10968,F[B-]1(F)OC(c2ccc(Br)cc2)=Cc2c3ccccc3cc[n+]21,ClC(Cl)Cl,466.4
6156,COc1ccc(-c2ccc(/C=C/c3ccncn3)cc2)cc1,ClCCl,447.0
1485,O=S(=O)([O-])c1ccc2c([O-])cc(S(=O)(=O)[O-])cc2c1,O,485.0
11756,C1=C(c2ccc(-c3cccs3)s2)CCC1,CC#N,412.0
5368,CCCCCCCCCC[n+]1cc2ccc3c[n+](CCCCCCCCCC)cc4ccc(c1)c2c34,CC#N,424.0
9904,N#Cc1nn(-c2ccccc2C(F)(F)F)nc1N1CCCC1,CC#N,433.0
1411,CCN(CC)c1ccc2cc(/C=C/C(=O)/C=C(O)/C=C/c3cc4ccc(N(CC)CC)cc4oc3=O)c(=O)oc2c1,CS(C)=O,621.0
6289,CCN1C(=O)C(C2C(=O)c3c4ccccc4cc4cc5ccccc5c2c34)C(=O)N(CC)C1=S,Cc1ccccc1,564.0
11564,COc1cc(-c2nnc(-c3ccc4ccc5cccc6ccc3c4c56)o2)cc(OC)c1OC,ClC(Cl)Cl,428.0
11126,CCN1C(=CC=Cc2n(CC)c3cc(Cl)c(Cl)cc3[n+]2CC)N(CC)c2cc(Cl)c(Cl)cc21,CCCO,532.0
8118,CN(C)c1ccc(C(=O)Nc2ccc([N+](=O)[O-])cc2)cc1,C1CCCCC1,360.0
709,CC[N+]1(CC)CN2C(=N1)C(C(=O)O)=Cc1cc(OC)c(OC)cc12,O,472.0
8668,CCOC(=O)CN(CC(=O)OCC)c1ccc(-c2cc(-c3cccnc3)nc(-c3cccnc3)c2)cc1,CN(C)C=O,442.0
3603,CCc1c(C)[nH]c(C2=[N+]3C(=Cc4c(C)cc(C)n4[B-]3(F)F)c3ccccc32)c1C,ClCCl,640.0
985,CC(C)(C)c1ccc2c(c1)c1cc(C(C)(C)C)ccc1n2-c1ccc(C(=CC#N)c2ccc(-n3c4ccc(C(C)(C)C)cc4c4cc(C(C)(C)C)ccc43)cc2)cc1,Cc1ccccc1,450.0
3076,CN(C)c1ccc(C#N)cc1,CCCCCC,339.488117
6169,Cc1cc(O)c(-c2[nH]c(=O)n3c2-c2ccccc2C3=O)cc1Cl,CO,496.0
9401,CCOC(=O)c1sc(SC)c2c(=O)[nH]nnc12,CCO,492.0
11280,COc1ccc(C2=[N+]3C(=C(c4ccc(C(=O)OCc5ccccc5)cc4)c4cc(Cl)c(-c5ccc(OC)cc5)n4[B-]3(F)F)C=C2Cl)cc1,CC#N,632.0
6713,Clc1cc(Cl)c(B2c3ccccc3Nc3ccccc32)c(Cl)c1,ClCCl,413.0
5077,CN(C)c1[se]c(-c2ccc(Cl)cc2)nc1-c1ccccc1,ClC(Cl)Cl,455.0
4101,CC1(C)CC(NCc2ccc3ccc4cccc5ccc2c3c45)CC(C)(C)N1,CO,375.0
7722,Cc1cc(=O)c2ccc(N)cc2o1,CCCCO,417.0
2722,N#Cc1ccc2cc[nH]c2c1,O,375.0
11537,OCc1cc(/N=N\c2ccc(-c3c4ccccc4cc4ccccc34)cc2F)ccc1O,CS(C)=O,467.0
1268,N#CCc1ccccc1-c1cc2ccccc2oc1=O,ClC(Cl)Cl,404.0
2462,c1cc2ccc3ccc(-c4ccc(-c5nnc(-c6ccc(-c7nnc(-c8ccc(-c9ccc%10ccc%11cccc%12ccc9c%10c%11%12)s8)o7)cc6)o5)s4)c4ccc(c1)c2c34,Cc1ccccc1,419.0
8793,N#Cc1ccc2c(c1)CCc1nc(-c3ccc([N+](=O)[O-])cc3)c3c(c1-2)CCc1cc(C#N)ccc1-3,ClCCl,475.0
268,F[B-]1(F)n2c(NCc3ccccc3)ccc2C(c2c(Cl)cccc2Cl)=C2C=CC(NCc3ccccc3)=[N+]21,CCOC(C)=O,592.0
3580,COc1ccc(-c2nc3c(c4c2-c2ccc(C#N)cc2CC4)-c2ccc(C#N)cc2CC3)cc1,C1CCOC1,426.0
4750,CCCCCCCCCCCCOc1cc(/C=C/c2ccc3c(c2)C(CC)(CC)c2cc(N4c5ccccc5Sc5ccccc54)ccc2-3)c(OCCCCCCCCCCCC)cc1/C=C/c1ccc2c(c1)C(CC)(CC)c1cc(N3c4ccccc4Sc4ccccc43)ccc1-2,ClCCl,477.0
8092,c1ccc(-c2nn(-c3ccccn3)c3nc4ccccc4cc23)cc1,CC(C)=O,438.0
7454,CN(C)c1ccc2c3c(c(=O)oc2c1)C=c1cc2c(cc1O3)=[N+](CCC(=O)O)CCC2,CO,640.0
7795,CC[N+]1=C(/C=C/C=C/C=C/C=C2/N(CCCCCC(=O)O)c3ccc(S(=O)(=O)[O-])cc3C2(C)C)C(C)(C)c2cc(S(=O)(=O)[O-])ccc21,O,769.0
7770,CN(C)c1ccc(/C=C/c2cc(/C=C/c3ccc(N(C)C)cc3)nc(/C=C/c3ccccc3)n2)cc1,CC(C)=O,563.0
9022,COc1ccc(-c2n[n+]3c(s2)N=C(c2ccccc2)O[B-]3(F)F)cc1,Cc1ccccc1,436.0
2821,COc1ccc(/C=C(\C)c2nc3ccccc3s2)cc1,CO,420.0
10985,CN(C)CCNc1ccc([N+](=O)[O-])cc1[N+](=O)[O-],CS(C)=O,417.0
589,CNc1ccc2c(c1)-c1ccccc1C2=O,CCO,583.0
11423,c1ccc2sc(-c3ccc(-c4nnc(-c5ccc(-c6nnc(-c7ccc(-c8cc9ccccc9s8)s7)o6)cc5)o4)s3)cc2c1,CCCCCCCCCCO,389.0
11006,COc1ccc2c(c1)nc(-c1ccccc1)n2-c1ccccc1,CC#N,391.0
7947,CCC1=C(C)c2cc3[nH]c(cc4nc(c5c6[nH]c(cc1n2)c(C)c6C(=O)C5)[C@@H](CCC(=O)OC)[C@@H]4C)c(C)c3/C=C(\c1ccccc1)[N+](=O)[O-],ClCCl,704.0
656,O=Cc1ccc(-c2ccc(O)c(-c3nc4ccccc4s3)c2)o1,CCO,550.0
9943,C1=C(c2ccc(-c3cccs3)s2)CCC(c2ccccc2)C1,CCCCCC,409.0
9894,CCCCCCOc1ccc(C#Cc2ccc(-c3ccc(-c4ccc(C#Cc5ccc(OCCCCCC)c(OCCCCCC)c5)s4)c4nsnc34)s2)cc1OCCCCCC,COc1ccccc1,636.0
2037,COc1ccc([C@@H]2C[C@](O)(c3ccccn3)C[C@](O)(c3ccccn3)[C@H]2C(=O)c2ccc(N(c3ccccc3)c3ccccc3)cc2)cc1,CN(C)C=O,521.0
9532,O=C(c1ccncc1)c1ccc(-n2c3ccc(-n4c5ccccc5c5ccccc54)cc3c3cc(-n4c5ccccc5c5ccccc54)ccc32)cc1,Cc1ccccc1,481.092437
8871,N#Cc1cccc(N)c1,C1CCCCC1,343.0
3758,CC(C)(C)c1ccc(C2=c3sc(-c4ccc(C(C)(C)C)cc4)c(-c4ccc(C(C)(C)C)cc4)c3=[N+]3C2=Nc2c(-c4ccc(C(C)(C)C)cc4)c4sc(-c5ccc(C(C)(C)C)cc5)c(-c5ccc(C(C)(C)C)cc5)c4n2[B-]3(F)F)cc1,ClC(Cl)Cl,807.0
6845,COc1ccccc1C1=[N+]2C(=C(c3ccccc3)c3c4ccccc4c(-c4ccccc4OC)n3[B-]2(F)F)c2ccccc21,ClCCl,652.0
6151,COc1ccc(C2CC(c3ccc(O)cc3)=NN2c2ccc(S(N)(=O)=O)cc2)cc1,C1CCOC1,417.0
7931,CN(C)c1ccc(-c2nc3cccnc3[nH]2)cc1,C1CCCCC1,359.0
2028,Cc1c2ccncc2c(C)c2c1[nH]c1ccccc12,CCC(C)(C)O,419.0
12228,CCOC(=O)c1c2c3c(ccc(Cl)c3c3cc4ccccc4cc13)N(C)C2=O,CC#N,414.0
677,CC[N+](CC)=c1ccc2nc3c(cc(NCCC(=O)NC(C)C(=O)OC)c4ccccc43)oc-2c1,O,684.0
9948,Cc1ccc(-c2nc(-c3cccc(C#N)c3)[nH]c2-c2ccc(C)cc2)cc1,CO,453.0
1232,CCN(CC)c1ccc2ccc(=O)oc2c1,CCO,443.0
5454,CCCCCCCCCCn1cc(C2=C(c3cn(CCCCCCCCCC)c4ccccc34)C(=O)N(C)C2=O)c2ccccc21,ClCCl,613.0
8012,CCN(CC)c1ccc2cc3c([o+]c2c1)/C(=C/Nc1ccccc1)CCC3,ClCCl,647.0
9562,Cc1cc(C#Cc2ccccc2)c2ccc3c(C#Cc4ccccc4)cc(C#Cc4ccccc4)c4ccc1c2c43,CS(C)=O,461.0
7881,C[N+]1=C(/C=C/C=C2/N(CCCc3ccccc3)c3ccccc3C2(C)C)C(C)(C)c2ccccc21,CS(C)=O,567.0
8131,CN(C)c1ccc(/C=C/c2ccc(-c3ccc(/C=C/c4ccc(N(C)C)cc4)s3)s2)cc1,CN(C)C=O,583.0
4856,C(=C/c1ccnc2ccccc12)\c1c2ccccc2cc2ccccc12,CC1CCCCC1,498.0
8215,N#CC(C#N)=Cc1cn(-c2ccccc2)nc1-c1ccccc1,CS(C)=O,443.0
2432,Cc1cc(C)c(B(c2ccccc2N2c3ccccc3Oc3ccccc32)c2c(C)cc(C)cc2C)c(C)c1,CC(C)=O,638.5135135
8812,CN(C)c1ccc2nc(/C=C/c3ccccc3)c(=O)oc2c1,CCOC(C)=O,541.0
8685,CCCCCCOC(=O)/C=C/C1=CC2=C(c3c(C)cc(C)cc3C)c3cc(/C=C/C(=O)OCCCCCC)cn3[B-](F)(F)[N+]2=C1,ClCCl,606.0
4647,O=C(O)c1cccc2c(=O)c3ccccc3[nH]c12,O,428.0
8762,Cc1ccc(-c2sc(/C(C#N)=C/c3ccc(C#N)cc3)nc2-c2ccc(Cl)cc2)cc1,CC#N,535.0
7626,c1ccc(-c2nc(-c3ccccc3)nc(-c3ccc(N4c5ccccc5C5(c6ccccc64)c4ccccc4C4(c6ccccc6Sc6ccccc64)c4ccccc45)cc3)n2)cc1,Cc1ccccc1,468.9265537
896,O=S(=O)([O-])c1cc([O-])c2ccc3c(S(=O)(=O)[O-])cc(S(=O)(=O)[O-])c4ccc1c2c34,CC#N,513.0046683
1611,Cc1cc(O)c(C(C)C)cc1/N=C/c1ccc(C(F)(F)F)cc1,O,449.0
10090,Cc1csc2[n+]1[B-](F)(F)OC(c1ccc(N(C)C)cc1)=N2,ClCCl,453.0
1587,CCCCN(CCCC)c1ccc(C#Cc2cc(C#Cc3c(F)c(F)c(F)c(F)c3F)c(C#Cc3c(F)c(F)c(F)c(F)c3F)cc2C#Cc2ccc(N(CCCC)CCCC)cc2)cc1,ClCCl,556.0
6686,CC1=C(I)C(C)=[N+]2C1=C(c1c(-c3ccccn3)nc3ccccn13)c1c(C)c(I)c(C)n1[B-]2(F)F,ClCCl,580.0
7386,COc1ccc(-c2nc3ccccc3nc2/C=C/N2CCCC2)s1,CC#N,583.9416058
8517,O=C(c1ccc(-n2c3ccc(-c4ccccc4)cc3c3cc(-c4ccccc4)ccc32)cc1)c1ccc(-n2c3ccc(-c4ccccc4)cc3c3cc(-c4ccccc4)ccc32)cc1,Cc1ccccc1,438.0
1719,CN(C)c1ccc(/C=C/c2cc[n+](CCCCC[n+]3ccc(/C=C/c4ccc(N(C)C)cc4)cc3)cc2)cc1,CS(C)=O,610.001586
7496,CCOC(=O)/N=c1/oc2cc(OC)ccc2cc1C#N,ClCCl,434.0
9664,O=CC1=C(c2ccc(-c3cccs3)s2)CCC1,CC#N,493.0
3806,Cc1n[nH]c2c1C(c1ccc([N+](=O)[O-])cc1)C(C#N)=C(N)O2,CO,417.0
8621,CCC1=C(C)C2=C(c3c4ccccc4c(C)c4ccccc34)c3c(C)c(CC)c(C)n3[B-](F)(F)[N+]2=C1C,ClCCl,543.0
9425,CCC(C)(C)c1ccc(-c2ccc3c(c2)C(CCOC)(CCOC)c2cc4c(cc2-3)C(CCOC)(CCOC)c2cc(-c3ccc(C(C)(C)CC)cc3)ccc2-4)cc1,C1CCCCC1,390.0
4701,Cc1ccc(-c2ccc(/C=C/c3ccc([N+](=O)[O-])cc3)cn2)nc1,CC#N,551.0
3961,CCN(CC)c1ccc2cc(-c3ccc(S(C)(=O)=O)cc3)oc(=O)c2c1,CCCO,480.0
8191,CC(C)[Si]1(C(C)C)c2ccccc2-c2ccc(N(C)C)cc21,C1CCCCC1,397.0
5557,NS(=O)(=O)c1ccc(N2N=C(c3ccc(O)cc3)CC2c2ccc([N+](=O)[O-])cc2)cc1,CC(C)O,421.0
8013,CN(C)c1ccc2nc(/C=C/c3ccccc3)c(=O)oc2c1,CC(C)=O,557.0
5564,c1ccc(N(c2ccccc2)c2ccc(-c3ccc(-c4ccc(-c5cccs5)c5nsnc45)s3)cc2)cc1,ClC(Cl)Cl,670.0
9515,CCOC(=O)c1sc(SC)c2c(=O)n(C)nnc12,CC#N,484.0
10368,O=c1oc2ccc3ccccc3c2nc1-c1ccccc1,CC#N,475.0
6087,CC1=C(Cc2ccccc2)C(C)=[N+]2C1=C(C)c1c(C)c(-c3csc(N4CCOCC4)n3)c(C)n1[B-]2(F)F,CC#N,537.0
890,COc1cc(OC)c(C2=C3C(C)=CC(C)=[N+]3[B-](F)(F)n3c(C)cc(C)c32)c(OC)c1,CC(C)=O,515.0
7541,COC(=O)CN1C(=O)c2cc3ccc(N(C)C)cc3cc2C1=O,CC#N,549.0
11030,N#Cc1c(-n2c3ccccc3c3ccccc32)nc(-n2c3ccccc3c3ccccc32)c(C#N)c1-c1ccccc1,c1cc(-c2cccc(-n3c4ccccc4c4ccccc43)c2)cc(-n2c3ccccc3c3ccccc32)c1,475.0
4006,CCn1c2ccccc2c2c3nsnc3c3c4ccccc4n(CC)c3c21,CN(C)C=O,500.0
4939,CCN(CC)c1ccc2c(C)cc(=O)oc2c1,CCO,452.5
9726,Oc1cc(N(c2ccccc2)c2ccccc2)ccc1-c1nc2c3ccc(-c4ccccc4)cc3c3cc(-c4ccccc4)ccc3c2[nH]1,CCCCCC,417.0
7695,Cc1cccc2c1nc1c(=O)n(C)c(=O)nc-1n2C,CC#N,493.0
5898,[C-]#[N+]c1ccc(-c2ccc(NC)cc2)cc1,CC(C)=O,427.0
6173,Cc1ccc(C2=[N+]3C(=Cc4c(C)cc(C)n4[B-]3(F)F)c3ccccc32)[nH]1,ClCCl,629.0
9243,CCC1(CC)c2cc(B(c3c(C)cc(C)cc3C)c3c(C)cc(C)cc3C)ccc2-c2ccc(N(c3ccccc3)c3ccccc3)cc21,CCCCCC,423.0
5819,CC1(C)c2ccccc2N(c2ccc3c(c2)c2ccccc2c2nc4ccccc4nc32)c2ccccc21,Cc1ccccc1,541.0
12083,OCc1cc2c(cc3ccc4cccc5ccc2c3c45)[nH]1,CCOC(C)=O,404.0
8432,CN(C)c1ccc(/C=C/c2cc[n+](CCCCC[n+]3ccc(/C=C/c4ccc(N(C)C)cc4)cc3)cc2)cc1,CC1COC(=O)O1,603.0017427
2799,CC(C)(C)NC(=O)c1ccc(Br)c2ccc3c4ccccc4c4ccccc4c3c12,ClCCl,388.0
8760,CCN1C(=O)C(C2C(=O)c3c4ccccc4cc4cc5ccccc5c2c34)SC1=S,Cc1ccccc1,563.0
584,c1ccc(-c2nn(-c3ccccc3)c3nc4ccccc4cc23)cc1,C1CCCCC1,443.6557232
3268,CN(C)c1ccc(-c2ccc(-c3cc(N4CCCCC4)c(C#N)c4c3-c3ccccc3CC4)s2)cc1,CS(C)=O,570.0
3932,Cc1ccc(C2=C3C=CC(/C=C/c4ccccc4)=[N+]3[B-](F)(F)n3c(Cl)ccc32)cc1,C1CCOC1,581.0
4965,N#Cc1cccc2cc[nH]c12,CS(C)=O,391.0
1260,CCCCCCN1C(=O)c2cccc3c(-c4ccc(-c5cc(-c6ccc(C)cc6)nn5-c5ccccc5)s4)ccc(c23)C1=O,ClCCl,519.0
8570,COc1ccc(C#Cc2c3ccccc3c3n2[B-](F)(F)[N+]2=C(C)C=C(C)C2=C3)cc1,ClCCl,633.0
6199,Cc1cc(=O)c2ccc(N)cc2o1,CCCO,416.0
6692,CN(C)c1ccc(/C=C/c2ccc(-c3nc(C#N)c(C#N)n3C)cc2)cc1,CC#N,530.0
310,C(#Cc1cccs1)C(C#Cc1cccs1)=Cc1ccc(C=C(C#Cc2cccs2)C#Cc2cccs2)s1,ClC(Cl)Cl,550.0
1716,CN(C)c1ccc(/C=C/C(=O)c2ccc(Cl)cc2)cc1,CC(=O)O,521.0
7459,CCC1=C(C)C2=C(C)c3c(C)c(CC)c(C)n3[B-](F)(F)[N+]2=C1C,CC(C)=O,532.0
6009,CCOc1ccc2cc(-c3ccc(C)cc3)c(=O)oc2c1,CCCCCC,416.0
2052,C[n+]1ccc(/C=C/c2ccc([O-])cc2)cc1,CC(C)O,594.0
8532,CN(C)c1ccc(/C=C/C=C2\CC/C(=C\c3ccc(N(C)C)cc3)C2=O)cc1,CCOCC,546.0
4668,Cn1c(=O)c(/N=N/c2ccc(Nc3ccc([N+](=O)[O-])cc3S(=O)(=O)O)cc2)c(O)c2ccccc21,O,636.0
4298,C[Si]1(C)O[Si](C)(C)c2cc3c(-c4ccccc4)c4ccccc4nc3cc21,ClCCl,502.0
6646,CCCCC1(CCCC)c2cc(-c3ccc(C=C4C(=O)c5ccccc5C4=O)cc3)ccc2-c2ccc(-c3ccc(C=C4C(=O)c5ccccc5C4=O)cc3)cc21,CCCCCC,465.0
3783,N#Cc1ccc(/C=C/c2ccc(C=C(c3ccccc3)c3ccccc3)cc2)cc1,C1CCOC1,456.0
1008,CN(C)c1ccc(-c2cc(-c3ccccc3)nn2C)cc1,ClCCl,365.0
10223,COc1ccc(C#Cc2nc3ccccc3nc2-c2cn(C)c3ccccc23)cc1,CCO,522.0
2185,O=C(c1ccncc1)c1ccc(-n2c3ccc(-n4c5ccccc5c5ccccc54)cc3c3cc(-n4c5ccccc5c5ccccc54)ccc32)cc1,C1CCOC1,532.748538
3623,CCCCCCOc1ccc(C#Cc2ccc(-c3ccc(-c4ccc(C#Cc5ccc(OCCCCCC)c(OCCCCCC)c5)s4)c4nsnc34)s2)cc1OCCCCCC,ClCCCl,650.0
11999,Cc1cc(O)c(C(=O)/C=C/c2ccccc2O)c(=O)o1,CC#N,510.0
11623,N#Cc1nc(-c2ccc(N3c4ccccc4Oc4ccccc43)cc2)c(-c2ccc(N3c4ccccc4Oc4ccccc43)cc2)nc1C#N,c1cc(-c2cccc(-n3c4ccccc4c4ccccc43)c2)cc(-n2c3ccccc3c3ccccc32)c1,610.0
11864,F[B-]1(F)OC(c2ccccc2)=Cc2cc(Cl)nc[n+]21,ClCCl,428.0
8678,CCCCCCCCCCCCOc1cc2cc(N(C)C)ccc2cc1C=C(C#N)C#N,CCCCCC,653.0
8276,Cc1ccc(/C=N/c2cc(C(C)C)c(O)cc2C)cc1,CC(C)(C)O,412.0
4834,CN(C)c1ccc(/C=C/c2nc3c(ccc4ccccc43)s2)cc1,C1CCCCC1,468.0
4059,COc1ccc(-c2ccc(-c3ccc(C#N)s3)s2)cc1,Cc1ccccc1,450.0
4756,CN(C)c1ccc(/C=C/c2ccc(-c3ccc(/C=C/c4ccc(N(C)C)cc4)s3)s2)cc1,C1CCOC1,535.0
9010,Cc1cc(O)c(C(C)C)cc1/N=C/c1ccc(C(F)(F)F)cc1,C1COCCO1,424.0
90,CC(=O)Nc1ccc(S(=O)(=O)O)c(/N=N/c2c(O)c3ccccc3n(C)c2=O)c1,CO,512.0
1987,COC(=O)c1cc(=O)n(C)c2cc(-c3ccc(N4CCN(C)CC4)cc3)sc12,CC#N,587.0
470,CN(C)c1c2ccccc2cc2ccccc12,CS(C)=O,395.0
1326,COc1ccc(-c2csc(/C(C#N)=N\Nc3ccc(C#N)cc3)n2)cc1,CC#N,505.0
7279,CN(C)c1ccc(/C=C/c2ccc(-c3cc(-c4ccccn4)nc(-c4ccccn4)c3)cc2)cc1,CC#N,602.0
8317,COc1ccc2c(=O)c3c([nH]c2c1)-c1cc(Cl)ccc1NC3(C)C,CO,532.0
9850,COC(=O)c1nc(-c2ccccc2)oc1C,CC#N,322.0
2117,Oc1c(-c2ccco2)cccc1-c1nc2ccccc2s1,CCO,575.0
2937,c1ccc(-c2nc(-c3ccccc3)nc(-c3cc(-n4c5ccccc5c5ncccc54)c(-n4c5ccccc5c5ccccc54)c(-n4c5ccccc5c5ncccc54)c3)n2)cc1,CCCCCC,446.0465116
888,c1ccc(-c2cc(-c3ccc4ccc5c(-c6ccnc(-c7ccccn7)c6)ccc6ccc3c4c65)ccn2)nc1,CCCO,429.000429
983,COc1ccc(C)cc1C1=C2C=CC(=[N+](C)C)C=C2[Si](C)(C)c2cc(N(C)C)ccc21,O,664.0
6932,CCCCCCN(CCCCCC)c1ccc(C#Cc2ccc(C#N)cc2)cc1,CC#N,530.0
11633,COc1cc2c(cc1-c1ccc(C=O)cc1)Cc1c3c(c4c(c1-2)-c1cc(OC)c(-c2ccc(C=O)cc2)cc1C4)C(=O)N(CCC(C)C)C3=O,C1CCOC1,462.0
9260,c1ccc(N(c2ccccc2)c2ccc(-c3ccc(-c4nc(-c5ccccn5)n(-c5ccccc5)n4)cc3)cc2)cc1,ClCCl,435.0
8323,CCCCC1(c2ccccc2)Nc2ccccc2N=C1c1ccccc1,ClC(Cl)Cl,515.0
10542,Cn1c(=O)c(/N=N/c2ccc(/N=N/c3ccc(S(=O)(=O)O)cc3)cc2)c(O)c2ccccc21,CC(C)=O,536.0
2925,CN(C)c1ccc(C2=Cc3c4ccccc4c4ccccc4[n+]3[B-](F)(F)O2)cc1,CO,559.0
11127,CCc1c(C)c2n(c1C)[B-](F)(F)[N+]1=C(NCc3ccc(OC)cc3)C(SC#N)=CC1=C2C,CCCCCC,589.0
3214,Cc1ccc(S(=O)(=O)Nc2c(/C=C/c3ccccc3)sc(-c3ccc(N(C)C)s3)c2-c2cccnc2)cc1,CC#N,610.0
5884,c1ccc2c(c1)Cc1ccccc1N2c1c2ccccc2cc2ccccc12,Cc1ccccc1,535.0
2341,c1ccc(-c2nc(-c3ccccc3)nc(-n3c4ccccc4c4cccc(-n5c6ccccc6c6ccccc65)c43)n2)cc1,Cc1ccccc1,459.2592593
11692,CC(C)(C)c1ccc(-c2cc(-c3ccc(-c4cc(-c5ccc(C(C)(C)C)cc5)c(C(=O)NCc5ccccc5)s4)s3)sc2C(=O)NCc2ccccc2)cc1,ClCCl,449.0
8247,C(=C/c1ccc(-c2cccc3ccccc23)s1)\c1cccs1,ClCCl,453.0
9306,F[B-]1(F)n2c(Cl)ccc2C(c2c(Cl)cccc2Cl)=C2C=CC(NCc3ccccc3)=[N+]21,ClCCl,537.0
8727,c1cc2ccc3ccc(-c4ccc(-c5nnc(-c6ccc(-c7nnc(-c8ccc(-c9ccc%10ccc%11cccc%12ccc9c%10c%11%12)s8)o7)cc6)o5)s4)c4ccc(c1)c2c34,CS(C)=O,374.0
9674,CC(C)(C)c1ccc2c(c1)c1cc(C(C)(C)C)ccc1n2-c1cccc(-c2nc(-c3cccc(-n4c5ccc(C(C)(C)C)cc5c5cc(C(C)(C)C)ccc54)c3)nc(-c3cccc(P(=O)(c4ccccc4)c4ccccc4)c3)n2)c1,O=P(c1ccccc1)(c1ccccc1)c1ccccc1Oc1ccccc1P(=O)(c1ccccc1)c1ccccc1,484.0
10041,CN(C)c1ccc2cc(C(/C=C/c3cn(C)c4ccccc34)=C(C#N)C#N)c(=O)oc2c1,C1CCOC1,584.0
627,COc1cc2cc(C#Cc3ccc(/C=C(\C#N)C(=O)O)cc3)c(=O)oc2cc1OC,CC#N,464.0
8523,CN(C)c1ccc(/C=C/C=C/c2ccc([N+](=O)[O-])c(O)c2)cc1,CCCCCCC,523.0
4947,CC(C)(C)c1ccc2c(c1)c1cc(C(C)(C)C)ccc1n2-c1ccc(C#Cc2cccc(C#Cc3ccc(-n4c5ccc(C(C)(C)C)cc5c5cc(C(C)(C)C)ccc54)cc3)c2)cc1,ClC(Cl)Cl,400.0
5080,Cc1oc2c(Cl)cc3c(C)cc(=O)oc3c2c1C,C1CCCCC1,403.0
4244,N#CC(C#N)=C(/C=C/c1cn(-c2ccccc2)nc1-c1ccccc1)c1ccccc1,CCO,497.0
7738,CCOC(=O)c1ccc(O)c(-c2[nH]c(=O)n3c2-c2ccccc2C3=O)c1,CO,490.0
4765,CC1(C)CCc2c(c3ccccc3c3nc4c5c(c6ccccc6c4nc23)OC(C)(C)CC5)O1,C1CCCCC1,458.9261129
1601,COc1c2ccccc2c(OC)c2c1c1cccc(OC)c1n2C,CO,429.0
12013,CCCCC(CC)COC(=O)/C=C/c1ccccc1OC,CO,463.0
1269,c1cc2c3ccc[n+]4cccc(c5ccc[n+](c1)c25)c34,CC#N,442.0
128,Cc1cc(=O)oc2cc(-c3cn(Cc4ccccc4)nn3)ccc12,CCO,381.0
9799,CC1=[N+]2C(=C(c3ccc(N(C)C)cc3)c3ccc(C)n3[B-]2(F)F)C=C1,Cc1ccccc1,580.0
10777,Oc1ccc(/N=C/c2ccccc2Oc2ccccc2)cc1,C1CCCCC1,410.0
1711,c1ccc2c(c1)[nH]c1c3[nH]c4ccccc4c3c3nsnc3c21,ClCCl,489.0
4182,CCOC(=O)C1c2cc(OC)c(OC)cc2C(=O)N1c1ccc(OC)c(OC)c1,CO,474.0
7299,CCOC(=O)/C=C/c1cc2ccc(-c3cn(Cc4ccccc4)nn3)cc2oc1=O,CCO,435.0
8912,C1=Cc2nc1c(-c1ccccc1)c1ccc([nH]1)c(-c1ccccc1)c1nc(c(-c3ccccc3)c3ccc([nH]3)c2-c2ccccc2)C=C1,ClCCl,651.0
4235,CCC1=C(C)C(=O)n2c1cc1c(CCC(=O)O)c(C)c(C)n1c2=O,ClC(Cl)Cl,500.0
6995,CCCCCCCCOc1cc(/C=C/c2cc(OCCCCCCCC)c(/C=C/c3cc(OCCCCCCCC)c(/C=C/c4ccncc4)cc3OCCCCCCCC)cc2OCCCCCCCC)c(OCCCCCCCC)cc1/C=C/c1ccncc1,ClCCl,570.0
8460,c1ccc2c(-c3ccc(-c4nnc(-c5ccc(-c6nnc(-c7ccc(-c8cccc9ccccc89)s7)o6)cc5)o4)s3)cccc2c1,CCCCCCCCCCO,440.0
2398,Cc1cccc2cc3c(=O)n(C)c(=O)n(C)c3nc12,CO,425.0
10964,CCC1(CC)c2cc(/C=C/c3cc(C#N)c(/C=C/c4ccc5c(c4)C(CC)(CC)c4cc(N6c7ccccc7Sc7ccccc76)ccc4-5)cc3C#N)ccc2-c2ccc(N3c4ccccc4Sc4ccccc43)cc21,Cc1ccccc1,547.0
9026,CCN(CC)c1ccc2cc(/C=C/c3cccc[n+]3CCCS(=O)(=O)[O-])c(=O)oc2c1,Cc1ccccc1,641.0
8203,CCCCC(CC)COc1ccc2nc(-c3ccc(-c4cccs4)s3)sc2c1,ClCCl,438.0
8642,CC1CC=C(c2ccc(-c3cccs3)s2)CC1,CCO,411.0
11029,COc1cc(OC)cc(C2=C3C(C)=C(I)C(C)=[N+]3[B-](F)(F)n3c(/C=C/c4ccsc4)c(I)c(C)c32)c1,CS(C)=O,621.0
1186,COc1cccc2c1oc(=O)c1c(=O)oc3cc(O)ccc3c12,ClCCl,438.0
10424,CCn1c2ccsc2c2c3nsnc3c3c4sccc4n(CC)c3c21,CCOC(C)=O,538.0
12048,COc1cc2c(cc1-c1ccncc1)Cc1c3c(c4c(c1-2)-c1cc(OC)c(-c2ccncc2)cc1C4)C(=O)N(CCC(C)C)C3=O,C1CCOC1,456.0
12006,Oc1ccccc1/N=C/c1ccccc1Oc1ccccc1,OCCO,415.0
11971,COc1c2ccccc2c(OC)c2c1c1cc(F)ccc1n2C,ClCCl,434.0
1977,COc1ccc2ncccc2c1,Cc1ccccc1,353.0
5314,CCC1=C(C)C2=C(c3ccc(-c4c5ccccc5c(-c5ccccc5)c5ccccc45)cc3)c3c(C)c(CC)c(C)n3[B-](F)(F)[N+]2=C1C,Cc1ccccc1,539.0
12123,O=C(c1ccc(-n2c3ccccc3c3ccccc32)cc1)c1ccc(-n2c3ccccc3c3ccccc32)cc1,O=P(c1ccccc1)(c1ccccc1)c1ccccc1Oc1ccccc1P(=O)(c1ccccc1)c1ccccc1,444.0
4247,CC1=CC2=Nc3nc(C)[n+](C)cc3CN2C=C1,O,426.0
9709,O=C1c2ccccc2-c2ccc(N3CCOCC3)c3cccc1c23,CCOC(C)=O,600.0
915,CCCCCCCCC1(CCCCCCCC)c2cc(C#Cc3ccc(N(c4ccccc4)c4ccccc4)cc3)ccc2-c2ccc(C=O)cc21,CS(C)=O,560.0
1305,CCCCCN(c1ccccc1)c1ccc2c(c1)C(CC)(CC)c1cc(/C=C/c3ccc(/C=C(\C#N)C(=O)O)s3)ccc1-2,CC#N,496.0
1096,CC(=C(C#Cc1ccccc1)C#Cc1ccccc1)c1ccc(C(C)=C(C#Cc2ccccc2)C#Cc2ccccc2)cc1,ClC(Cl)Cl,454.0
3049,O=C1/C(=C2\Sc3ccc(S(=O)(=O)O)cc3C2=O)Sc2ccc(S(=O)(=O)O)cc21,CN(C)C=O,613.0
10156,O=C1/C(=C2\Sc3ccc(S(=O)(=O)O)cc3C2=O)Sc2ccc(S(=O)(=O)O)cc21,CO,629.0
6653,CC(C)(C)OC(=O)NC(Cc1ccccc1)C(=O)OCc1ccc2c3cccc4cccc(c5cccc1c52)c43,CCO,447.0
11673,Fc1ccc(-c2nc3n(c2-c2ccncc2)CCS3)cc1,O,415.0
1273,CN(C)c1ccc(/C=C2\CC/C(=C\c3ccc(C#N)cc3)C2=O)cc1,CCCCOC(C)=O,631.0
5698,COCCOc1ccc(OCCOC)c(C=O)c1,CCO,462.0
6945,OCCSc1cccc2[n+]1[B-](F)(F)n1c(c3cccc4cccc1c43)=N2,CCCCCC,497.0
9938,Cc1ccc(C2=C3C=CC(/C=C/c4ccccc4)=[N+]3[B-](F)(F)n3c(/C=C/c4ccccc4)ccc32)cc1,Cc1ccccc1,649.0
2796,COc1ccc(-c2nc3ccccc3nc2-c2ccc(OC)cc2)cc1,CC#N,435.0
6797,c1ccc(-c2ccc(-c3cc(-c4ccc(-c5ccccc5)cc4)cc(-c4ccc(-c5ccccc5)cc4)c3)cc2)cc1,C1COCCO1,364.0
1398,CC1(C)CC(/C=C/c2ccc(-n3ccnc3)cc2)=CC(=C(C#N)C#N)C1,C1CCOC1,524.0
6615,COC(=O)C(Cc1ccc2oc(-c3ccc(N(C)c4ccccc4)cc3)nc2c1)NC(=O)OC(C)(C)C,ClCCl,476.0091394
3358,CC1CCC(O)(c2ccc(-c3cccs3)s2)CC1,C1CCOC1,412.0
183,F[B-]1(F)Oc2ccccc2-c2c3c(c4c([n+]21)CCc1ccccc1-4)CCc1ccccc1-3,ClCCl,442.0
7627,Cc1ccc(-c2oc3cccc4c5c(-c6ccc(C)cc6)c(=N)oc6cccc(c2c34)c65)cc1,ClC(Cl)Cl,495.0
4462,c1ccc(-c2c3c(nc4ccccc24)-c2cc4c(cc2CC3)-c2nc3ccccc3c(-c3ccccc3)c2CC4)cc1,ClC(Cl)Cl,387.0
8888,CCCCOc1cc2ccccc2c2c1oc1cc3ccccc3cc12,C1CCOC1,381.0
8040,CCCCNc1ccc(NCCCC)c2c1C(=O)c1ccccc1C2=O,CN(C)C=O,664.0
3563,Cc1cc2cc3ccccc3cc2cn1,CCO,437.0629371
9280,O=c1c2ccccc2n2c3ccc(-c4ccccc4)cc3c(=O)c3cccc1c32,c1cc(-n2c3ccccc3c3ccccc32)cc(-n2c3ccccc3c3ccccc32)c1,478.0
11386,N#CC1=C(c2ccc(-c3cccs3)s2)CC1,CCO,454.0
6513,CCCCOc1ccc(-c2oc3c(-c4ccc(OCCCC)cc4)c4n(c3c2-c2ccc(OCCCC)cc2)[B-](F)(F)[N+]2=Cc3c(-c5ccc(OCCCC)cc5)c5oc(-c6ccc(OCCCC)cc6)c(-c6ccc(OCCCC)cc6)c5n3[B-](F)(F)[N+]2=C4)cc1,ClCCl,667.0
4567,CCN(CC)c1ccc(OC)c(C=O)c1,CC(C)O,600.0
9391,O=C1/C(=C2\Sc3ccc(S(=O)(=O)Cl)cc3C2=O)Sc2ccc(S(=O)(=O)Cl)cc21,CS(C)=O,624.0
6603,COC(=O)C(Cc1ccc2oc(-c3ccc(Nc4ccccc4)cc3)nc2c1)NC(=O)OC(C)(C)C,CCC(C)CC,382.9803531
9929,CCN(CC)c1ccc2cc(-c3cc(SC)c(C#N)c(=O)o3)c(=O)oc2c1,CC(C)=O,573.0
2656,c1ccc(C[n+]2cc3ccc4c[n+](Cc5ccccc5)cc5ccc(c2)c3c45)cc1,CC#N,427.0
10168,CC(=O)Nc1ccc2c3c(cccc13)C(=O)c1ccccc1-2,CC(C)=O,526.0389269
4305,CCc1ccc(/C=C/c2ccc(-c3nnc(-c4ccc(-c5cc6ccccc6s5)cc4)o3)cc2)cc1,CC(C)=O,420.0
1961,c1ccc(-c2nc(-c3ccccc3)nc(-c3ccc(-c4ccc(N5c6ccccc6[Si](c6ccccc6)(c6ccccc6)c6ccccc65)cc4)cc3)n2)cc1,ClC(Cl)Cl,492.5925926
4992,COc1cc2c(cc1-c1ccccc1)Cc1c3c(c4c(c1-2)-c1cc(OC)c(-c2ccccc2)cc1C4)C(=O)N(CCC(C)C)C3=O,ClC(Cl)Cl,492.0
4891,c1ccc(-n2c(-c3c(-n4c5ccccc5c5ccccc54)cccc3-n3c4ccccc4c4ccccc43)nc3ccccc32)cc1,C1CCOC1,418.0
6138,Cc1cc(C)c(C2=C3C=C(/C=C/C(=O)OC(C)(C)C)C=[N+]3[B-](F)(F)n3cc(/C=C/C(=O)OC(C)(C)C)cc32)c(C)c1,ClCCl,610.0
5815,CCC1=C(C)C2=C(C)c3c(C)c(CC)c(C)n3[B-](F)(F)[N+]2=C1C,c1ccccc1,536.4
5869,CC(C)(C)c1ccc2c(c1)c1cc(C(C)(C)C)ccc1n2-c1ccc(C(=O)c2ccncc2)cc1,C1CCOC1,510.6308411
8860,CC1(C)c2ccccc2N(c2cccc(S(=O)(=O)c3cccc(N4c5ccccc5C(C)(C)c5ccccc54)c3)c2)c2ccccc21,C1CCOC1,422.0
6395,CC1=C2c3ccccc3C(c3ccc[nH]3)=[N+]2[B-](F)(F)n2cccc21,ClCCl,592.0
11621,CN(C)/C=N\c1ccc2c3c(cccc13)C(=O)c1ccccc1-2,CO,638.0
6226,c1ccc(-c2nc(-c3ccccc3)c(-c3ccccc3)[nH]2)cc1,CO,386.5
9237,CC1=[N+]2C(=C(c3ccc(N4CCCCC4)cc3)c3ccc(C)n3[B-]2(F)F)C=C1,CO,518.0
12229,CC(C)(C)c1ccc2c3c(c4ccc(C(C)(C)C)cc4c2c1)=[N+]1C(=C(c2ccccc2)c2c(Br)c4c5ccc(C(C)(C)C)cc5c5cc(C(C)(C)C)ccc5c4n2[B-]1(F)F)C=3Br,C1CCOC1,715.0
8700,COc1ccc(N2C(=O)c3ccccc3NC2C(C)(C)C)cc1,c1ccccc1,400.0
1251,O=C(/C=C/c1ccc(O)c(O)c1)O[C@H](Cc1ccc(O)c(O)c1)C(=O)O,CCCC#N,406.0
3176,CCN(CC)c1ccc2cc(-c3nc4cc(C(=O)Nc5cccc(OC)c5)ccc4o3)c(=O)oc2c1,ClCCl,494.0
5072,CNC(=O)[C@H](C)NC(=O)c1cccc2c1C#Cc1c(N)cccc1OCCCO2,CC#N,475.0
3359,N#Cc1ccc(-n2nc(C#N)c(N3CCCC3)n2)cc1,CC#N,446.0
7559,CCC1=C(C)C(=O)n2c1cc1c(C)c(CC(=O)OC)c(C)n1c2=O,c1ccccc1,465.0
10629,C[Si](C)(c1cccc2cc3ccccc3cc12)[Si](C)(C)c1cccc2cc3ccccc3cc12,CC#N,412.0
9505,COc1ccc2c3cccc4c(OC)ccc(c5cccc1c52)c43,c1ccncc1,469.9850589
8973,CCNc1ccc2c(C(F)(F)F)cc(=O)oc2c1,CO,500.0
11013,COC(=O)C1=C(C(=O)OC)C2=C[C@H]3c4ccccc4[C@]2(S1)c1ccccc13,C1CCOC1,477.0
3289,COc1ccc2c3c(c4ccc(OC)cc4c2c1)C(C)(C)c1ccccc1-3,C1CCCCC1,391.0
11056,Oc1cc(N(c2ccccc2)c2ccccc2)ccc1-c1nc2c3ccccc3c3ccccc3c2[nH]1,CCCCCC,413.0
10705,C[n+]1ccn(CCCCc2ccc3c(c2)c2ccccc2n3-c2cc(C#N)c(C#N)cc2F)c1,CC#N,558.0
3190,O=C1NC(=O)C(c2c[nH]c3ccccc23)=C1c1c[nH]c2ccccc12,CCCCOCCCC,550.0
1573,O=c1oc2ccc3ccccc3c2nc1-c1ccccc1,CO,476.0
9214,CCN1/C(=C\C2=C([O-])/C(=C/C3=[N+](CC)c4c(ccc5ccc(C)nc45)C3(C)C)C2=O)C(C)(C)c2ccc3ccc(C)nc3c21,Cc1ccccc1,706.0
1051,O=S(=O)(c1ccc(-c2ccc3c(c2)c2ccccc2n3-c2ccccc2)cc1)c1ccc(-c2ccc3c(c2)c2ccccc2n3-c2ccccc2)cc1,C1CCCCC1,365.0699677
4069,C(=C/c1ccc(/C=C/c2ccc(N(c3ccccc3)c3ccccc3)cc2)c2nsnc12)\c1ccc(N(c2ccccc2)c2ccccc2)cc1,CN(C)C=O,690.0
11538,CCC1(CC)c2cc(N(C)C)ccc2-c2ccc(C(F)(F)F)cc21,CS(C)=O,414.0
3218,Cc1ccc(/C=N/c2cc(C(C)C)c(O)cc2C)cc1,CCOC(C)=O,409.0
8285,CCOC(=O)c1sc2nc(-c3ccccc3)c(C)c(C#N)c2c1N,CCO,580.0
272,CCOC(=O)c1ccc(C2CC(c3cccc4ccccc34)=NN2c2ccc(OC)cc2)cc1,ClCCl,505.0
2042,Cc1ccc(-c2ccccc2)cc1,C1CCCCC1,333.8898164
4763,CN(C)c1ccc2nc(-c3ccc(C(=O)OC(C)(C)C)cc3)sc2c1,CS(C)=O,568.0
7506,COC(=O)C(Cc1ccc2oc(-c3c4ccccc4cc4ccccc34)nc2c1)NC(=O)OC(C)(C)C,OC(C(F)(F)F)C(F)(F)F,529.8546609
7864,Nc1ccc2c(c1)C(=O)NC2=O,CC(C)O,505.0
9878,COc1c2ccccc2c(-c2ccccc2)c2ccccc12,CCCCCCC,420.0
1086,O=c1cc2c(Br)c(O)c3cccc4ccc(o1)c2c43,CC1CCCO1,484.0
1473,N#Cc1cccc(N)c1,CCCCCC,339.8660986
7282,C[SiH]1c2ccccc2-c2cc3c(cc21)-c1ccccc1[SiH]3C,ClCCl,389.0
8835,CCCCCCCCCCCCOc1cc2cc(N(C)C)ccc2cc1C=C(C#N)C#N,CC#N,613.0
12195,c1ccc2c(c1)c1ccccc1n2-c1ccc(-c2ccc(-n3c4ccccc4c4ccccc43)nc2-n2c3ccccc3c3ccccc32)nn1,Cc1ccccc1,423.0
11244,O=C1c2ccccc2C2=Cc3ccccc3B(O)N12,ClC(Cl)Cl,437.0
2186,O=C(O)C1=C(C(=O)O)C2=C[C@H]3c4ccccc4[C@]2(S1)c1ccccc13,ClCCl,503.0
10854,N#CC(C#N)=Cc1ccc2c(c1)[nH]c1c3ccccc3ccc21,Cc1ccccc1,517.0
4322,CCCC1=Cc2nc1ccc1[nH]c(cc1CCC)c1nc(c(OCc3ccc(C(=O)O)cc3)cc3[nH]c2cc3CCC)C(CCC)=C1,Cc1ccccc1,685.0
9252,C(=N/c1ccc(-c2cn3nc(-c4cccs4)sc3n2)cc1)\c1c2ccccc2cc2ccccc12,ClC(Cl)Cl,526.0
9757,CCN(CC)c1ccc(/N=N/c2nc3ccc(OC)cc3s2)cc1,ClCCl,574.0
5831,CCCCn1c2ccc(/C=C(\C#N)c3ccc([N+](=O)[O-])cc3)cc2c2cc(Cn3c(-c4ccc5c(c4)c4ccccc4n5CCCC)nc4ccccc43)ccc21,CCO,520.0
11746,c1ccc(-c2nc(-c3ccccc3)nc(-c3ccc(-n4c5ccccc5c5cc(-n6c7ccccc7c7ccccc76)ccc54)c4c5ccccc5n(-c5ccccc5)c34)n2)cc1,C1CCOC1,496.5909091
498,CCNc1cc2oc3c/c(=[NH+]\CC)c(C)cc-3c(-c3ccccc3C(=O)OCC)c2cc1C,CCO,552.0
7727,COCCOc1ccc(OCCOC)c(C=O)c1,O,483.0
8720,COc1ccc2cc(/C=C/c3nc(/C=C/c4ccc(N(c5ccccc5)c5ccccc5)cc4)cc(/C=C/c4ccc(N(c5ccccc5)c5ccccc5)cc4)n3)ccc2c1,CC(C)=O,558.0
4709,O=C1OC(c2ccccc2)=N/C1=C\c1ccc(N(c2ccc(/C=C3\N=C(c4ccccc4)OC3=O)cc2)c2ccc(/C=C3/N=C(c4ccccc4)OC3=O)cc2)cc1,CC1CCCCC1,511.6
8361,CCn1c2sccc2c2c3nsnc3c3c4ccsc4n(CC)c3c21,ClCCl,548.0
9976,CCOC(=O)c1c(/N=C/c2ccc(-c3cccs3)s2)sc(/N=C/c2ccc(-c3cccs3)s2)c1C(=O)OCC,CC#N,592.0
4485,CN(C)c1ccc(-c2nc3c(c4c2-c2ccccc2CC4)-c2ccccc2CC3)cc1,CS(C)=O,470.0
10617,c1ccc2c(-n3c4ccccc4c4ccccc43)cccc2c1,CO,401.0
3478,COc1ccc(N(c2ccc(OC)cc2)c2ccc(-c3ccc4c(c3)C(=O)c3ccccc3C4=O)cc2)cc1,CCOCC,720.0
9353,c1ccc2cc3cc(-c4cc(-c5nccs5)nc(-c5nccs5)c4)ccc3cc2c1,CO,377.0
3924,COC(=O)/C=C/C=C/c1ccc(N(C)C)cc1,CO,435.0
1748,COCCOCCOCCOc1cc(C=O)c(OCCOCCOCCOC)cc1C=O,CCO,465.0
732,Cc1cccc2nc(-c3cc(=O)c(OCc4ccccc4)co3)c(NC3CCCCC3)n12,ClCCl,476.0
2553,COC(=O)c1nc(-c2ccc(OC)cc2)oc1C,CCOC(C)=O,310.0
2463,Cc1ccccc1C1CC(=O)Oc2c1c1nc3ccccc3nc1c1ccccc21,ClC(Cl)Cl,434.0
7460,Clc1ccc(Nc2ccc3ccccc3n2)cc1,CCOC(C)=O,410.37
9071,O=Cc1ccc(-c2ccc(C3=CCC(c4ccccc4)CC3)s2)s1,c1ccncc1,481.0
8751,CN(C)c1ccc2cc3c(cc2c1)OCCN=C3,CC(C)O,447.0
2662,Cc1c2ccncc2c(C)c2c1[nH]c1ccccc12,C1COCCO1,410.0
8204,[C-]#[N+]c1ccc(-c2ccc(N)cc2)cc1,c1ccncc1,415.0
9080,COc1nc(Cl)nc(Nc2ccc3c4cccc5cccc(c6cccc2c63)c54)n1,C1COCCO1,479.0
3113,COc1ccc([C@@H]2C[C@](O)(c3ccccn3)C[C@](O)(c3ccccn3)[C@H]2C(=O)c2ccc(N(c3ccccc3)c3ccccc3)cc2)cc1,CC#N,522.0
3303,CCOC(=O)/C=C/c1ccc(N(C)C)cc1,CO,463.0
6250,CN(C)CCNCc1c2ccccc2cc2ccccc12,CC(C)=O,387.0
1344,c1ccc2cc(-n3c4ccccc4c4ccccc43)ccc2c1,CC#N,388.0
10784,C[P+]1(c2ccccc2)C2=C(c3ccccc31)S(=O)(=O)c1ccccc12,ClCCl,483.0
7692,CC1=CC(C)=[N+]2C1=C(c1c3ccccc3c(-c3ccccc3)c3ccccc13)c1c(C)cc(C)n1[B-]2(F)F,Cc1ccccc1,519.0
1690,CN(C)c1ccc(-c2nc3cccnc3[nH]2)cc1,CC#N,408.0
11158,N#Cc1nc2c3ccc(-c4ccc(N(c5ccccc5)c5ccccc5)cc4)cc3c3cc(-c4ccc(N(c5ccccc5)c5ccccc5)cc4)ccc3c2nc1C#N,CCCCCC,503.5443038
8944,CCCCCCCCN1c2ccc(C#Cc3cc(C(F)(F)F)cc(C(F)(F)F)c3)cc2Sc2cc(C=O)ccc21,C1CCOC1,514.0
5048,CCCCCCCCOc1ccc(C#Cc2ccc(C#Cc3ccc(OCCCCCCCC)c(OCCCCCCCC)c3)c3nc4c5ccccc5c5ccccc5c4nc23)cc1OCCCCCCCC,C1CCOC1,558.0
8742,CCNc1cc2c(cc1C)C(c1ccccc1C(=O)O)=C1CCCC(/C=C/C3=[N+](C)c4ccccc4C3(C)C)=C1O2,CO,720.0
8261,CN(C)c1ccc(/C=C/C=C/c2nc3ccccc3s2)cc1,CCCCCC,478.0
3308,CCC1=C(C)C(=O)n2c1cc1c(C)c(CCC(=O)O)c(C)n1c2=O,c1ccccc1,480.0
1504,c1ccc(-c2nc(-c3ccccc3)nc(-c3ccc(-n4c5ccc(-c6ccc7oc8ccccc8c7c6)cc5c5cc(-c6ccc7oc8ccccc8c7c6)ccc54)cc3)n2)cc1,CCOC(C)=O,476.0
11216,CCCCCCCCC1(CCCCCCCC)c2cc(C#Cc3ccc(N(c4ccccc4)c4ccccc4)cc3)ccc2-c2ccc(C=O)cc21,CC#N,556.0
1806,CC(=O)N(Cc1ccccn1)c1c2ccccc2c2c3c(cccc13)C(=O)N(Cc1ccccn1)C2=O,CCO,509.0
3871,CC1=CC(=[N+]2CCC2)C=C2C1=Nc1c(C)cc(N3CCC3)cc1[Si]2(C)C,C1COCCO1,734.0
8115,O=c1oc2ccc3ccccc3c2nc1-c1ccc(Cl)cc1,c1ccccc1,465.0
3791,CNCCCN1c2ccccc2CCc2ccccc21,CC#N,348.0
5217,Cn1c(=O)c(/N=N/c2ccc(/N=N/c3ccc(S(=O)(=O)O)cc3)cc2)c(O)c2ccccc21,CS(C)=O,540.0
12005,CC1=CC(C)=[N+]2C1=Cc1c3ccccc3c(C#Cc3cccs3)n1[B-]2(F)F,CN(C)C=O,639.0
11672,CC(C)(C)OC(=O)NCCCC(=O)OCc1ccc2c3cccc4cccc(c5cccc1c52)c43,CCO,446.0
1067,CN(C)c1ccc(/C=C/c2cc(/C=C/c3ccc(N(C)C)cc3)nc(/C=C/c3ccc(N(C)C)cc3)n2)cc1,C1CCOC1,521.0
8552,Cn1c(=O)c(/N=N/c2cc(S(=O)(=O)O)ccc2C(=O)O)c(O)c2ccccc21,CC(C)=O,538.0
11639,COc1cc(/C=C2/SC(=O)NC2=O)ccc1O,OCC(O)CO,447.0
1717,Cc1oc(-c2ccccc2)nc1C(=O)O,CCO,335.0
2696,Cc1cc(=O)oc2c1cc(Br)c1occ(C)c12,OCC(F)(F)F,426.0
6451,c1ccc(-c2nc3ccccc3nc2-c2cc(-c3nc4ccccc4nc3-c3ccccc3)cc(-n3c4ccccc4c4ccccc43)c2)cc1,Cc1ccccc1,440.0
1848,F[B-]1(F)OC(c2ccc(C(F)(F)F)cc2)=Cc2cc(Cl)nc[n+]21,CC#N,425.0
4512,O=c1oc2ccc(Br)cc2cc1-c1cc2cc(Br)ccc2o1,O,507.0
9125,Cc1cc2c(o1)c(C)cc1ccc(=O)oc12,CC#N,435.0
11320,CC1(C)C(/C=C/c2cc3ccc(O)cc3oc2=O)=[N+](CCCS(=O)(=O)[O-])c2ccc3c(S(=O)(=O)O)cc(S(=O)(=O)O)cc3c21,O,643.0
2431,COc1ccc2cc(-c3ccccc3CC#N)c(=O)oc2c1,ClC(Cl)Cl,409.0
10684,CC(=O)Nc1ccc(C2=C/C(=C\c3ccc(C#N)cc3)C(=O)N2CC(C)C)cc1,C1COCCO1,606.0
4660,N#Cc1cc(-c2ccc(N3c4ccccc4Oc4ccccc43)cc2)c(-c2ccc(N3c4ccccc4Oc4ccccc43)cc2)cc1C#N,c1cc(-c2cccc(-n3c4ccccc4c4ccccc43)c2)cc(-n2c3ccccc3c3ccccc32)c1,540.0
6622,Cc1cc(=O)oc2c1cc(Cl)c1occ(C)c12,C1COCCO1,408.0
3435,CN(C)c1ccc(/C=C/c2ccccn2)cc1,CCCCCCC,417.0
11693,CN(C)c1ccc(/C=C2\CC/C(=C\c3ccc(C#N)cc3)C2=O)cc1,CCCCO,648.0
7347,COc1ccc(C(=O)/C=C/c2ccc(N(C)C)cc2)cc1OC,c1ccccc1,470.0
11498,CN(C)c1ccc2nc(-c3ccc(C(=O)Nc4ccccc4)cc3)sc2c1,c1ccccc1,475.0
142,CN(C)c1ccc(/C=C/C=C/c2nc3ccccc3o2)cc1,CN(C)C=O,538.0
8610,CC1(C)c2cccc(-c3nc(-c4ccccc4)nc(-c4ccccc4)n3)c2Oc2c(-n3c4ccccc4c4ccccc43)cccc21,CC(C)=O,469.0
5586,CC1(C)CCc2c(c3ccccc3c3nc4c(nc23)c2c(c3ccccc34)OC(C)(C)CC2)O1,C1CCCCC1,434.9717268
10746,CC(C)c1cccc(C(C)C)c1N1C(=O)c2ccc3c(-c4ccccc4)c4c5ccc6c7c(ccc(c(-c8ccccc8)c4c4ccc(c2c34)C1=O)c75)C(=O)N(c1c(C(C)C)cccc1C(C)C)C6=O,ClCCl,702.0
6992,C1=CB2C=Cc3ccccc3N2C=C1,ClCCl,352.0
7882,CC(C)[Si](C#Cc1c2nc3ccccc3nc2c(C#C[Si](C(C)C)(C(C)C)C(C)C)c2nc3c4ccccc4c(=O)c4ccccc4c3nc12)(C(C)C)C(C)C,ClCCl,627.0
8272,c1ccc2nc3cccc(-c4ccc(-n5c6ccccc6c6ccccc65)cc4)c3cc2c1,CCOCC,443.0
6804,COC(=O)C(Cc1ccc2oc(-c3ccc(Nc4ccccc4)cc3)nc2c1)NC(=O)OC(C)(C)C,C1CCOC1,419.0061175
6749,Cc1ccc(-c2cc(-c3ccc(N(C)C)cc3)c3c(N)nc(N4CCCC4)c(C#N)c3n2)cc1,CC(C)=O,511.0
6100,CC1=[N+]2C(=C(c3ccc(N(C)C)cc3)c3ccc(C)n3[B-]2(F)F)C=C1,CC#N,511.0
5290,COC(=O)C(C)NC(=O)CCNc1cccc2ccccc12,CCO,415.0
7963,CCCCCCN1C(=O)C(c2ccc(-n3c4ccccc4c4ccccc43)cc2)=C(c2ccc(-n3c4ccccc4c4ccccc43)cc2)C1=O,ClC(Cl)Cl,626.0
3409,O=C(c1ccc(N(c2ccccc2)c2ccccc2)cc1)[C@H]1[C@H](c2cccs2)C[C@](O)(c2ccccn2)C[C@]1(O)c1ccccn1,CCOC(C)=O,497.0
1117,CCN(CC)c1ccc(-c2nc3c(c4c2-c2ccccc2CC4)-c2ccccc2CC3)cc1,Cc1ccccc1,437.0
7685,C(=C/c1c2ccccc2cc2ccccc12)\c1ccc2ccccc2c1,CC1CCCCC1,488.0
1756,O=S(=O)(c1cccc(N2c3ccccc3Oc3ccccc32)c1)c1cccc(N2c3ccccc3Oc3ccccc32)c1,Cc1ccccc1,547.0
497,N#Cc1ccc(-c2cc3c(ccc4sccc43)s2)cc1,ClCCl,413.0
7582,N#Cc1cc(-n2c3ccccc3c3cccnc32)c(-n2c3ccccc3c3cccnc32)cc1C#N,CCCCCC,386.9767442
7828,CC(C)(C)c1ccc2c(c1)c1ccc3cccc4c5cccc6oc(=O)c2c(c65)c1c34,C1CCOC1,424.0
870,F[B-]1(F)N2C=CN=CC2=[N+]2[N+]1=Cc1c(-c3ccccc3)cc(-c3cccs3)n1[B-]2(F)F,ClCCl,566.0
3357,F[B-]1(F)n2c(Oc3ccccc3)c(Cl)c(Br)c2C(Oc2ccccc2)=C2C(Br)=C(Cl)C(Oc3ccccc3)=[N+]21,ClCCl,544.0
912,Cc1ccc(-n2c3ccccc3c3cc(C=C(C#N)C#N)ccc32)cc1,Cc1ccccc1,454.0
721,CCCCn1c2ccc(-c3cccs3)cc2c2c1c1c3ccc(-c4cccs4)cc3n(CCCC)c1c1c3ccc(-c4cccs4)cc3n(CCCC)c21,C1CCOC1,424.0
2805,CCOC(=O)CCOc1ccc(C(c2c(C)[nH]c3ccccc23)c2c(C)[nH]c3ccccc23)cc1OC,O,351.0
12189,CCN(CC)c1ccc2c(c1)oc(=O)c1c(=O)oc3cc(C#Cc4ccc(N(C)C)cc4)ccc3c12,ClCCl,691.0
886,CCn1c2ccc(/C=C(\C#N)c3ccccc3)cc2c2cc(/C=C(\C#N)c3ccccc3)ccc21,ClCCl,412.0
11772,CC1=CC(C)=[N+]2C1=Cc1c3ccccc3c(C#Cc3ccsc3)n1[B-]2(F)F,ClCCl,628.0
9009,Fc1c(F)c(F)c2c(c1F)C1=Nc3c4c(F)c(F)c(F)c(F)c4c4n3[B-]3(Cl)n5c(c6c(F)c(F)c(F)c(F)c6c5=N4)=NC2=[N+]13,c1ccccc1,595.0
10179,CN(C)c1ccc(C(=O)Nc2ccc(Cl)cc2)cc1,C1CCCCC1,435.0
11049,c1ccc(-p2c3ccccc3c3sc4ccccc4c32)cc1,CC#N,425.0
1520,c1ccc(-n2c(-c3ccc(-c4c5ccccc5c(-c5cccc(-n6c7ccccc7c7ccccc76)c5)c5ccccc45)cc3)nc3c4ccccc4c4ccccc4c32)cc1,ClCCl,436.0
7396,C=CCNc1ccc2ccc3oc4cc(=[N+]5CCCC5)ccc-4nc3c2c1,CC#N,635.0
10656,CN(C)c1ccc(/C=C/C=C/c2nc3ccccc3s2)cc1,c1ccccc1,504.0
2746,CCCCCCCCCCCCCCCCOc1cc(C#Cc2ccc3ccccc3c2)c(OCCCCCCCCCCCCCCCC)cc1C#Cc1ccc(C=C(C#N)C#N)cc1,CCOC(C)=O,590.0
8372,O=P(c1ccccc1)(c1ccccc1)c1ccc(N2c3ccccc3Oc3ccccc32)cc1,O=P(c1ccccc1)(c1ccccc1)c1ccccc1Oc1ccccc1P(=O)(c1ccccc1)c1ccccc1,470.0
3545,COc1cccc2cc(-c3ccc([N+](=O)[O-])cc3)c(=N)oc12,ClC(Cl)Cl,380.0
314,CCC1=C(C)C2=Cc3c(I)c(I)cn3[B-](F)(F)[N+]2=C1C,C1CCCCC1,537.0
1799,COc1ccc2c(c1)c1c(c3cc(OC)ccc32)=[N+]2C(=C(c3c(C)cc(C)cc3C)c3cc4c5cc(OC)ccc5c5ccc(OC)cc5c4n3[B-]2(F)F)C=1,C1CCOC1,713.0
327,F[B-]1(F)n2c(cc(-c3cccs3)c2-c2ccccc2)C(c2ccccc2)=C2C=C(c3cccs3)C(c3ccccc3)=[N+]21,Cc1ccccc1,680.0
3757,N#Cc1cc2ccc3cccc4ccc(c1)c2c34,CCCCCC,388.0
9174,CN(C)c1ccc(/C=C/c2nc(/C=C/c3ccc(N(C)C)cc3)c3ccccc3n2)cc1,C1CCOC1,540.0
4204,CC(C)[Si](C#Cc1ccc(C#C[Si](C(C)C)(C(C)C)C(C)C)c2nc3c(ccc4cc5ccccc5cc43)nc12)(C(C)C)C(C)C,CCCCCC,466.0
5850,COc1ccc2c(=O)c3c([nH]c2c1)-c1cc(Cl)ccc1NC3(C)C,CCO,525.0
6129,CCN(CC)c1ccc2c(C)cc(=O)oc2c1,O,470.0
5447,C(S/C=C/c1ccc(/C=C/SC=C(c2ccccc2)c2ccccc2)cc1)=C(c1ccccc1)c1ccccc1,ClCCl,435.0
3129,CCCCC1(c2ccccc2)Nc2c(-c3ccc(N(c4ccccc4)c4ccccc4)cc3)ccc(-c3ccc(N(c4ccccc4)c4ccccc4)cc3)c2N=C1c1ccccc1,CCCCCC,521.0
7440,N#Cc1c(-c2cccs2)cc(-c2cccs2)[nH]c1=O,CN(C)C=O,464.0
1996,CCN(CC)c1ccc2c(c1)oc(=O)c1c(-c3ccccc3C(=O)O)c3ccc(=[N+](CC)CC)cc-3oc12,CCO,637.0
9113,CC1(C)C(/C=C/C=C/C=C/C=C2/N(S(=O)(=O)[O-])c3ccc(S(=O)(=O)[O-])cc3C2(C)C)=[N+](S(=O)(=O)[O-])c2ccc(S(=O)(=O)[O-])cc21,O,771.0
3968,COc1cccc(-n2c(-c3ccccc3)nc(C)c2C)c1,CCO,369.0
9994,c1ccc2c(-c3cc(-c4nccs4)nc(-c4nccs4)c3)c3ccccc3cc2c1,ClC(Cl)Cl,440.0
9701,O=C1OC(c2ccccc2)=N/C1=C\c1ccc(N(c2ccccc2)c2ccccc2)cc1,CCCCCCC,488.0
1973,Oc1ccccc1/C=N/N=C/c1ccccc1O,CCN(CC)CC,576.3688761
336,c1ccc2c(c1)[nH]c1cccnc12,CCO,385.0
2764,O=c1[nH]c(=O)n([C@@H]2O[C@H](CO)[C@@H](O)[C@H]2O)cc1-c1cc2ccccc2s1,O,458.0
9702,Clc1nc(Cl)nc(Nc2cc3ccc4cccc5ccc(c2)c3c45)n1,CCCCOCCCC,374.0
275,COc1ccc(-n2nc(C(=O)c3ccc(Cl)cc3)c(N3CCCC3)n2)cc1,CC#N,421.0
2985,CCOC(=O)C(C(=O)OCC)C1=[N+]2C(=C(c3ccc(C)cc3)c3ccc(C(C(=O)OCC)C(=O)OCC)n3[B-]2(F)F)C=C1,C1CCOC1,525.0
2686,CC(C)(C)c1ccc2c(c1)c1cc(C(C)(C)C)ccc1n2-c1cc(N2c3ccccc3C(c3ccccc3)(c3ccccc3)c3ccccc32)cc(-n2c3ccc(C(C)(C)C)cc3c3cc(C(C)(C)C)ccc32)c1C#N,Cc1ccccc1,458.0
4620,CN(c1ccccc1)c1ccc(/C=C2\C(=O)c3ccccc3S2(=O)=O)cc1,CO,525.0
6531,Fc1ccc(Nc2ccc3ccccc3n2)cc1,CCOC(C)=O,418.9
3477,CN(C)c1ccc(/C=C2/N=C(c3ccccc3)OC2=O)cc1,CO,537.0
11782,COc1c2ccccc2c(-c2ccccc2)c2ccccc12,CCCCCC,420.0
3558,C[Si]1(C)O[Si](C)(C)c2cc3c(-c4ccccc4F)c4cc(Cl)ccc4nc3cc21,ClCCl,498.0
5715,N#CC(C#N)=C(/C=C/c1ccc(N(c2ccccc2)c2ccccc2)cc1)c1ccc2c3c(cccc13)CC2,Cc1ccccc1,577.0
2809,COc1ccc(C2=CC(c3cc(OC)cc(OC)c3)=[O+][B-](F)(F)O2)cc1,ClCCl,525.0
11162,COC(=O)C(N)Cc1ccc(O[Si]2(Oc3ccc(CC(N)C(=O)OC)cc3)n3c4c5ccccc5c3/N=C3\N=C(/N=c5/c6ccccc6/c(n52)=N/C2=N/C(=N\4)c4ccccc42)c2ccccc23)cc1,CN(C)C=O,687.0
4861,N#Cc1cc(N)cc(C#N)c1,O,408.0
2334,O=C(O)c1c2ccccc2nc2ccccc12,ClC(Cl)Cl,436.0
8898,CCC1=C(C)C2=C(C)c3c(C)c(-c4csc(N5CCOCC5)n4)c(C)n3[B-](F)(F)[N+]2=C1C,CCOC(C)=O,549.0
5246,CC(C)(C)c1ccc2c(c1)c1cc(C(C)(C)C)cc3c1n2B1c2c-3cccc2-c2cc(C(C)(C)C)cc3c4cc(C(C)(C)C)ccc4n1c23,C1CCOC1,384.0
3416,CC[N+]1=C(/C=C/c2cc3cccc4ccc5cccc2c5c43)C(C)(C)c2ccccc21,Cc1ccccc1,459.0
307,Cc1cc(C(F)(F)F)nc2c1ccc1nc(-c3ccc(Cl)cc3)cn12,CO,459.0
3908,COc1ccc2cc(/C=C/c3nc(/C=C/c4ccc(N(c5ccccc5)c5ccccc5)cc4)cc(/C=C/c4ccc(N(c5ccccc5)c5ccccc5)cc4)n3)ccc2c1,CC#N,586.0
9319,O=C(N/N=C/c1ccccc1O)c1cccc2ccccc12,CC#N,376.0
348,CCCCCCn1c2cc(/C=C/c3ccccc3)ccc2c2ccc(/C=C/c3ccccc3)cc21,ClC(Cl)Cl,414.9377593
5918,COc1ccc(N(c2ccc(OC)cc2)c2ccc(-c3ccc4nc5ccccc5c(=O)n4c3)cc2)cc1,ClCCl,538.0
826,C(=C/c1ccncn1)\c1ccc(N(c2ccccc2)c2ccccc2)cc1,ClCCl,526.0
5296,CCC1=C(C)C(=O)n2c1cc1c(C)c(CCC(=O)O)c(C)n1c2=O,CO,535.0
7243,O=C1Cc2cc3c(cc2CCCc2ccc(cc2)CCC3)CC(=O)Cc2ccc(c3nsnc23)C1,ClC(Cl)Cl,522.0
11651,Cc1cc(C)c(B(c2c(C)cc(C)cc2C)c2cc3cc(N(C)C)c4ccccc4c3c3c2ccc2ccccc23)c(C)c1,C1CCOC1,553.0
9861,c1ccc(-c2nn(-c3ccccn3)c3nc4ccccc4cc23)cc1,CCCCOCCCC,427.0
4482,CN(C)c1ccc(/C=C/c2ccc(-c3cc(-c4ccccn4)nc(-c4ccccn4)c3)cc2)cc1,CCO,592.0
8999,COCCN1C(=O)/C(=C/c2cccc(N(C)C)c2)N=C1C,C1CCOC1,563.0
3682,C(=C/c1cnc2ccccc2n1)\c1ccc(N2CCCCC2)cc1,C1CCOC1,557.0
8528,Cc1cc(O)c(C(C)C)cc1/N=C/c1ccc(O)cc1,C1COCCO1,405.0
10266,COc1ccc(-c2cc(B(c3c(C)cc(C)cc3C)c3c(C)cc(C)cc3C)c(-c3sc(-c4ccc(OC)cc4)cc3P(=O)(c3ccccc3)c3ccccc3)s2)cc1,CO,586.0
2053,O=c1[nH]c(=O)n([C@@H]2O[C@H](CO)[C@@H](O)[C@H]2O)c2ccsc12,O,351.0
10658,O=C1OC(c2ccccc2)=N/C1=C\c1ccc(N(c2ccccc2)c2ccccc2)cc1,CCCCC,485.0
11787,CCCCCCCC(=O)Oc1ccc2c3cccc4c(OC(=O)CCCCCCC)ccc(c5cccc1c52)c43,ClCCl,455.0023159
71,CCC1=C(C)C2=C(C)c3cc(I)c(I)n3[B-](F)(F)[N+]2=C1C,CCO,548.0
8257,COc1ccc(-c2csc(/C(C#N)=C/c3ccncc3)n2)cc1,Cc1ccccc1,501.0
6855,C1=C(c2ccccc2)C2=Nc3c(-c4ccccc4)cc4n3[B-]3(Oc5ccccc5C1=[N+]23)Oc1ccccc1-4,Cc1ccccc1,746.0
11146,CCC1=C(C)C2=C(C)c3c(C)c(CC)c(C)n3[B-](F)(F)[N+]2=C1C,Cc1ccccc1,536.4
11679,CN(C)c1ccc2c3c(ccc2c1)CCCC3=O,CCC(C)=O,517.0
6751,CCN1/C(=C\C2=C([O-])/C(=C/C3=[N+](CC)c4c(ccc5ccc(C)nc45)C3(C)C)C2=O)C(C)(C)c2ccc3ccc(C)nc3c21,ClC(Cl)Cl,702.0
9292,O=[N+]([O-])c1ccc(F)cc1C1CC(c2cccc3ccccc23)=NN1c1ccccc1,C1CCOC1,473.0
8786,c1ccc2c(c1)CCc1ccccc1N2,CCCCCC,329.0
11860,COc1c2ccccc2c(OC)c2c1c1ccccc1n2C,CO,420.0
8239,Cc1cc(O)c(C(C)C)cc1/N=C/c1ccc(O)cc1,ClC(Cl)Cl,401.0
5356,O=C(O)c1ccc2ccc3cccc4ccc1c2c34,C1CCOC1,387.0
1666,O=C1NC(=O)C(c2c[nH]c3ccccc23)=C1c1c[nH]c2ccccc12,C1CCOC1,567.0
7579,CCn1c2ccccc2c2cc(/C=C3\C(=O)c4ccccc4S3(=O)=O)ccc21,C1COCCO1,505.0
5570,COc1cc(OC)cc(-c2ccc(-c3ccc(C#N)s3)s2)c1,CS(C)=O,452.0
8724,c1ccc(-c2nc(-c3ccccc3)nc(-c3ccc(-n4c5ccccc5c5ccccc54)cc3)n2)cc1,Cc1ccccc1,416.0
52,CC1=NN(c2ccccc2)C(=O)/C1=C/c1cn(-c2ccccc2)nc1-c1ccccc1,CCOC(C)=O,422.0
8113,F[B-]1(F)n2cccc2C=C2C=CC=[N+]21,OCC(F)(F)F,505.0
6263,CCCCCCc1ccsc1-c1ccc(-c2sc(C(=O)O)cc2CCCCCC)s1,ClCCl,479.0
1445,COc1cccc(-c2c3ccccc3c3n2[B-](F)(F)[N+]2=Cc4c5ccccc5c(-c5cccc(OC)c5)n4[B-](F)(F)[N+]2=C3)c1,CC#N,596.0
7903,COC(=O)c1ccc(C#Cc2ccc(N(C)C)cc2)cc1,CN(C)C=O,523.9991616
9463,CCn1c2ccccc2c2cc(-c3cc(-c4ccc5c(c4)c4ccccc4n5CC)nc(-c4ccccc4)n3)ccc21,CN(C)C=O,415.0
12164,CCN(CC)c1ccc(OC)c(C=O)c1,CCOC(C)=O,518.0
1695,CCCCN1/C(=C\c2c(-c3ccc(N(C)C)cc3)c(=O)c2=O)C=Cc2ccccc21,C1CCCCC1,428.0
2892,C(=C/c1cccc2ccccc12)\c1ccc(-c2nnc(-c3ccc(-c4cc5ccccc5s4)cc3)o2)cc1,CC#N,441.0
12259,CN(C)c1ccc(/C=C/c2cc[n+](Cc3cc(C[n+]4ccc(/C=C/c5ccc(N(C)C)cc5)cc4)cc(C[n+]4ccc(/C=C/c5ccc(N(C)C)cc5)cc4)c3)cc2)cc1,ClC(Cl)Cl,580.0
1574,O=C1c2ccccc2-c2ccc(Nc3nc(Cl)nc(Cl)n3)c3cccc1c23,Clc1ccccc1,514.9330587
9195,COc1ccc(-c2nc(C)cc(-c3ccc(-n4c5ccccc5c5ccccc54)cc3)n2)cc1,C1CCOC1,418.0
3203,C[Si]1(C)c2cc(-c3ccc(N(c4ccccc4)c4ccccc4)cc3)ccc2C=Cc2ccc(-c3ccc(N(c4ccccc4)c4ccccc4)cc3)cc21,ClCCl,473.0
4405,CCCCCCCCCCn1cc(C2=C(c3cn(CCCCCCCCCC)c4ccccc34)C(=O)N(C)C2=O)c2ccccc21,CCO,646.0
1630,COc1ccc(-c2ccc(-c3ccc(OC)cc3)cc2)cc1,C1CCCCC1,360.0
10307,O=C(c1ccc(N2c3ccccc3[Si](c3ccccc3)(c3ccccc3)c3ccccc32)cc1)c1ccc(N2c3ccccc3[Si](c3ccccc3)(c3ccccc3)c3ccccc32)cc1,Cc1ccccc1,469.1044776
1881,COCCOCCOCCOCCOc1cc(C=O)c(OCCOCCOCCOCCOC)cc1C=O,CC(C)(C)O,479.0
12161,N#Cc1cccc2[nH]ccc12,OCC(F)(F)F,394.0
5112,CCCCCCCCCCCCCCCCCCN1C(=O)c2cccc3c(OCCN(C)C)ccc(c23)C1=O,CCOC(C)=O,497.0
5708,Cc1ccc(NC(=O)c2ccc(N(C)C)cc2)cc1,C1CCCCC1,465.0
5074,COc1c2ccccc2c(OC)c2c1c1cc(C)ccc1n2C,C1CCCCC1,421.0
5509,O=C1c2cccc3c(-n4c5ccccc5c5ccccc54)ccc(c23)C(=O)N1C1CCCCC1,ClC(Cl)Cl,495.0
10814,COc1ccccc1C1=C2C(C)=CC(C)=[N+]2[B-](F)(F)n2c(C)cc(C)c21,CO,514.0
12106,CC1=[N+]2C(=C(NCc3ccccc3)c3ccc(C)n3[B-]2(F)F)C=C1c1cc2n(c1)[B-](F)(F)[N+]1=CC=CC1=C2c1c(C)cc(C)cc1C,CCOC(C)=O,700.0
848,Nc1ccc2cc(-c3ccc(C(F)(F)F)cc3)oc(=O)c2c1,CCCO,459.0
2924,CC(=O)OC[C@@H]1O[C@H](N2C=CC3=Nc4nc(C)[n+](C)cc4CN3C2=O)[C@@H](O)[C@H]1O,O,414.0
8725,CCOc1ccc2c(-c3nc(-c4ccccc4F)no3)cc(=O)oc2c1,CCO,465.0
8520,Nc1ccc2c(c1)Cc1ccccc1-2,CC(C)O,369.0
2877,CC/[NH+]=c1\cc2oc3cc(NCCO)c4ccccc4c3nc-2cc1C,CCO,643.0
6367,CC1(C)CC(NCc2ccc3ccc4cccc5ccc2c3c45)CC(C)(C)N1,CC#N,375.0
9921,Cc1ccc2nc(/C=C/c3ccc(N(C)C)cc3)c(-c3ccccc3)nc2c1,CC#N,614.0
186,CC(C)c1cc(C(C)C)c(B2c3ccccc3Oc3cc(N4c5ccccc5C(C)(C)c5ccccc54)ccc32)c(C(C)C)c1,Cc1ccccc1,475.0
3779,COC(=O)/C=C/c1sc(-c2ccc(N(C)C)s2)c(-c2ccsc2)c1N,CC#N,557.0
1830,[C-]#[N+]c1ccc(-c2ccc(N(C)C)cc2)cc1,c1ccncc1,422.0
7670,Cc1nc2cccc(-c3nc4ccc([N+](=O)[O-])cc4[nH]3)c2c(=O)[nH]1,CN(C)C=O,450.0
2959,c1ccc2c(c1)ccc1oc3ccc4cc5oc6ccc7ccc8oc9ccc%10ccccc%10c9c8c7c6c5cc4c3c12,CC#N,432.0
7185,CN(C)c1ccc(-c2nc3c(c4c2-c2ccccc2CC4)-c2ccccc2CC3)cc1,CCOC(C)=O,449.0
11325,CN(c1ccccc1)c1ccc(/C=C2\C(=O)c3ccccc3S2(=O)=O)cc1,CC#N,511.0
9431,CCCSC1=[N+]2C(=C(c3ccccc3)c3ccc(SCCC)n3[B-]2(F)F)C=C1SC#N,ClCCl,586.0
6904,Nc1ccc2c(c1)oc(=O)c1c(=O)oc3ccccc3c12,CS(C)=O,534.0
5446,COc1ccc(N(c2ccccc2)c2ccccc2)cc1,Cc1ccccc1,373.0
6587,F[B-]1(F)n2c(cc(Cl)c2-c2ccccc2)C(c2ccccc2)=C2C=C(Cl)C(c3ccccc3)=[N+]21,C1CCOC1,597.0
1234,N#Cc1ccc(C#N)c(N)c1,CCCCCCC,374.0
9634,F[B-]1(F)n2c(Cl)ccc2C(c2c(Cl)cccc2Cl)=C2C=CC(NCc3ccccc3)=[N+]21,CO,531.0
10249,CCc1c(C)c2n(c1C)[B-](F)(F)[N+]1=C(NCc3ccc(OC)cc3)C(SC#N)=CC1=C2C,CO,583.0
3915,Cc1ccc([C@@H]2C[C@](O)(c3ccccn3)C[C@](O)(c3ccccn3)[C@H]2C(=O)c2ccc(N(c3ccccc3)c3ccccc3)cc2)cc1,ClCCl,516.0
446,Nc1ccc2c(C(F)(F)F)cc(=O)oc2c1,CN(C)C=O,480.0
9100,CCCCC1=Cc2c3ccc4cccc5ccc(c6cc(-c7ccc(N(c8ccccc8)c8ccccc8)cc7)n(c26)P1(=O)c1ccccc1)c3c45,C1CCCCC1,502.0
5839,O=C1Nc2ccccc2/C1=C/C(=O)c1ccc(O)cc1,CN(C)C=O,401.0
844,COc1ccc(/C=C/c2nc(/C=C/c3ccc(N(c4ccccc4)c4ccccc4)cc3)cc(/C=C/c3ccc(N(c4ccccc4)c4ccccc4)cc3)n2)cc1,CC#N,583.0
5201,C1=Cc2nc1c(-c1ccco1)c1ccc(s1)c(-c1ccco1)c1nc(c(-c3ccco3)c3ccc(s3)c2-c2ccco2)C=C1,ClCCl,773.0
10775,COc1ccc(OC)c(C=O)c1,CC(C)=O,410.0
8437,O=c1c2ccccc2n(-c2ccc(-c3ccc(-n4c5ccccc5c5ccccc54)cc3)cc2)c2ccccc12,ClCCl,404.0
12122,CC(=O)[B-]1(C(C)=O)OC(c2ccc3ccccc3c2)=CC(c2ccc3ccccc3c2)=[O+]1,CC#N,505.0
10537,Cc1ccc2nc(/C=C/c3ccc(N(C)C)cc3)c(-c3ccccc3)nc2c1,C1COCCO1,528.0
8168,C1=CSC(=C2SC=C(/C=C/C=C/C=C/C3=CSC(=C4SC=CS4)S3)S2)S1,ClC(Cl)(Cl)Cl,659.0
2440,CN(C)c1ccc(/C=C/C=C2\CC/C(=C\C=C\c3ccc(N(C)C)cc3)C2=O)cc1,CC(C)O,718.0
3103,CC1(C)C(/C=C/c2cc3ccc(O)cc3oc2=O)=[N+](CCCS(=O)(=O)[O-])c2ccccc21,CS(C)=O,649.0
10519,c1cc2ccc3ccc(-c4ccc(-c5nnc(-c6ccc(-c7nnc(-c8ccc(-c9ccc%10ccc%11cccc%12ccc9c%10c%11%12)s8)o7)cc6)o5)s4)c4ccc(c1)c2c34,CCCCO,393.0
4774,COC(=O)C(Cc1ccc2oc(-c3ccc4c(c3)c3ccccc3n4-c3ccccc3)nc2c1)NC(=O)OC(C)(C)C,COCCOC,382.0001528
8354,CCCCCCNC(=O)c1sc(-c2ccc(-c3cc(-c4ccc(C(C)(C)C)cc4)c(C(=O)NCCCCCC)s3)s2)cc1-c1ccc(C(C)(C)C)cc1,ClCCl,448.0
6974,Nc1ccc2c(c1)Cc1ccccc1-2,CCCCCC,344.0
6094,c1ccc2cc(-n3cnc4ccccc43)ccc2c1,CCOCC,376.0
1294,CCCCC(CC)Cn1c2cc(-c3ccc(N(c4ccccc4)c4ccccc4)cc3)c(C#N)cc2c2cc(C#N)c(-c3ccc(N(c4ccccc4)c4ccccc4)cc3)cc21,CCOCC,440.0
7669,c1ccc(-n2c3ccccc3c3cc(-c4ccn5nc(-c6ccc(-n7c8ccccc8c8ccccc87)cc6)nc5c4)ccc32)cc1,C1CCOC1,389.0
5518,COC(=O)C(Cc1ccc2oc(-c3ccc(N(C)c4ccccc4)cc3)nc2c1)NC(=O)OC(C)(C)C,CC1CCCO1,441.5011038
11778,CCCN(c1ccccc1)c1ccc2c(c1)C(CC)(CC)c1cc(/C=C/c3ccc(/C=C(\C#N)C(=O)O)s3)ccc1-2,CC(C)=O,575.0
5067,O=[N+]([O-])c1ccc(NCCN(Cc2c3ccccc3cc3ccccc23)c2ccc([N+](=O)[O-])cc2[N+](=O)[O-])c([N+](=O)[O-])c1,CC#N,389.0
3442,Cc1cc(O)c(C(C)C)cc1/N=C/c1ccc(C(F)(F)F)cc1,CCCCO,436.0
11134,N#C/C=C/c1ccc2ccc3cccc4ccc1c2c34,CO,443.0
9458,Cn1c(=O)c(/N=N/c2cc(S(=O)(=O)O)ccc2S(=O)(=O)O)c(O)c2ccccc21,CO,483.0
11399,c1ccc2c(-c3ccc(-c4nc5c6ccccc6c6ccccc6c5[nH]4)cc3)cncc2c1,C1CCOC1,435.0
2837,Cc1ccc(-c2ccc(/C=C/c3cccn3C)cn2)nc1,CC#N,488.0
776,Cc1cccc2cc3c(=O)n(C)c(=O)n(C)c3nc12,CCO,423.0
11914,COc1cccc(-n2c(-c3ccccc3)nc(C)c2C)c1,C1COCCO1,366.0
11384,COc1ccc(/C=C/c2cc(/C=C/c3ccc(N(c4ccccc4)c4ccccc4)cc3)nc(/C=C/c3ccc(N(C)C)cc3)n2)cc1,Cc1ccccc1,411.0
6324,COc1ccc(C#Cc2ccc(C#N)cc2)cc1OC,CC#N,451.0
2153,O=C1c2ccccc2-c2cc3ccccc3c(=O)n21,ClC(Cl)Cl,445.0
5558,Cc1cc(=O)c2ccc(N)cc2o1,CC(C)O,418.0
4920,Cc1ccc2oc(-c3cc4cc(C)ccc4oc3=O)cc2c1,CC#N,445.0
10663,CN(C)c1ccc(/C=C/c2cc[n+](CCCCC[n+]3ccc(/C=C/c4ccc(N(C)C)cc4)cc3)cc2)cc1,CC(C)=O,603.9996859
8106,COC(=O)C(Cc1ccc2oc(-c3c4ccccc4cc4ccccc34)nc2c1)NC(=O)OC(C)(C)C,CC#N,491.4995159
11641,N#Cc1c(N2CCCC2)cc(-c2ccccc2)c2c1-c1cccc3cccc-2c13,O,550.0
11025,CCN(CC)c1ccc2cc(-c3cn4ccccc4n3)c(=O)oc2c1,CC#N,475.0
3136,CCCCCCCCC1(CCCCCCCC)c2cc(-c3ccc(C#N)cc3)ccc2-c2ccc(-c3ccc(C#N)cc3)cc21,ClC(Cl)Cl,385.0
10322,CCCCN(CCCC)c1ccc2nc3c4ccccc4c(=O)c(-c4cccc5ccccc45)c-3oc2c1,ClCCl,620.0
5462,N#CC1=c2c3cccc4c(Br)ccc(c43)n2[B-](F)(F)[n+]2ccccc21,CCCCCC,545.0
8925,CCCCN1C(=O)C(=C/C=C/C=C/C=C2N(CCCC)c3ccccc3N2CCCC)C(=O)N(CCCC)C1=S,CCCCCC,707.0
9930,CCCCN1c2ccccc2Sc2cc(/C=C\c3cc(=O)oc4cc(C)ccc34)ccc21,ClC(Cl)Cl,632.0
3183,CCCCC1(c2ccccc2)Nc2c(-c3ccc(N(C)c4ccccc4)cc3)ccc(-c3ccc(N(C)c4ccccc4)cc3)c2N=C1c1ccccc1,Cc1ccccc1,573.0
11942,CN(C)c1cc(C#N)c(N(C)C)c(C#N)c1,C1COCCO1,521.648409
7522,Cc1n[nH]c2c1C(c1ccc([N+](=O)[O-])cc1)C(C#N)=C(N)O2,CCCO,411.0
1943,COC(=O)c1c2ccccc2nc2ccccc12,CO,432.0
9751,COC(=O)C(Cc1ccc2oc(-c3ccc(N(C)c4ccccc4)cc3)nc2c1)NC(=O)OC(C)(C)C,CCCCCCCCC,404.498018
3199,CC(=O)Nc1ccc2c3c(cccc13)C(=O)c1ccccc1-2,CCOCC,518.134715
9297,CNc1ccc(/C=C/C#N)cc1,CO,423.0
1289,COC(=O)c1nc(-c2cccc3ccccc23)oc1C,CCOC(C)=O,342.0
4581,CCCCCCCCCC1(CCCCCCCCC)c2cc(C#Cc3ccc(/C=C/c4ccc(N(CCCCCCCC)CCCCCCCC)cc4)cc3)ccc2-c2ccc(C#Cc3ccc(/C=C/c4ccc(N(CCCCCCCC)CCCCCCCC)cc4)cc3)cc21,Cc1ccccc1,464.0
6335,c1ccc(N(c2ccccc2)c2ccc(-c3cccc4nc5ccccc5cc34)cc2)cc1,CCN(CC)CC,479.0
2500,CCN(CC)c1ccc2cc(/C=C/C(O)=C/C(C)=O)c(=O)oc2c1,CC#N,542.0
11663,CCOC(=O)C1c2ccccc2C(=O)N1c1ccccc1,CS(C)=O,472.0
10945,c1ccc2c(c1)Sc1ccccc1N2c1ccc2c(c1)C1(CC1)c1cc(N3c4ccccc4Sc4ccccc43)ccc1-2,Cc1ccccc1,494.0
11704,c1cc2ccc1CCCc1ccc(c3nsnc13)CCC2,C1CCCCC1,468.0
9137,O=Cc1cc(N2CCCCC2)c2ccc3c(N4CCCCC4)cc(N4CCCCC4)c4ccc1c2c43,C1COCCO1,557.0
4106,Cc1ccc(C(=O)/C=C2\C(=O)Nc3ccccc32)cc1C,CCCCO,401.0
7542,F[B-]1(F)OC(C#Cc2ccccc2)=C2CCc3ccccc3C2=[O+]1,ClCCl,452.0
4126,Nc1ccc2c(c1)C(=O)NC2=O,C1CCOC1,445.0
10046,N#CC(C#N)=C(/C=C/c1ccc(N(c2ccccc2)c2ccccc2)cc1)c1ccccc1,CCO,630.0
6933,F[B-]1(F)OC(c2ccc(C(F)(F)F)cc2)=Cc2cc(Cl)nc[n+]21,ClC(Cl)Cl,426.0
11665,CCOC(=O)c1sc2nc(-c3ccc(OC)cc3)c(C)c(C#N)c2c1N,c1ccccc1,545.0
11683,CCN1c2ccc(/C=N/Nc3ccccn3)cc2Sc2cc(-c3cccc4ccccc34)ccc21,CS(C)=O,498.0
3966,O=Cc1ccc(-c2cccc(-c3nc4ccccc4s3)c2O)o1,CCO,567.0
1879,CNc1ccc2c(c1)-c1ccccc1C2=O,CC#N,548.0
10405,O=P1(c2ccccc2)C(c2cc(C(F)(F)F)cc(C(F)(F)F)c2)=Cc2c3ccc4cccc5ccc(c6cc(-c7ccc(N(c8ccccc8)c8ccccc8)cc7)n1c26)c3c45,C1CCCCC1,558.0
11397,CN(C)c1ccc(C2=Cc3ccc4ccccc4[n+]3[B-](F)(F)O2)cc1,CCOC(C)=O,534.0
9379,Fc1c(F)c(F)c2c(c1F)C1=Nc3c4c(F)c(F)c(F)c(F)c4c4n3[B-]3(Cl)n5c(c6c(F)c(F)c(F)c(F)c6c5=N4)=NC2=[N+]13,CCOCC,585.0
5457,O=[N+]([O-])c1ccc(F)cc1C1CC(c2cccc3ccccc23)=NN1c1ccccc1,C1COCCO1,461.0
8658,CN(C)c1ccc(-c2nc3cnccc3[nH]2)cc1,C1CCCCC1,350.0
3587,CC1(C)CCc2c(c3ccccc3c3nc4c5c(c6ccccc6c4nc23)OC(C)(C)CC5)O1,c1ccccc1,469.7040864
10774,CN(C)c1ccc(/C=C/C=N/N=C/c2ccc3ccc4cccc5ccc2c3c45)cc1,CCCCO,475.0
3865,c1ccc(N(c2ccccc2)c2ccc(-c3ccc4c(c3)C3(c5ccccc5Oc5ccccc53)c3cc(-c5ccc(N(c6ccccc6)c6ccccc6)cc5)ccc3-4)cc2)cc1,ClCCl,457.0
2148,COC(=O)c1ccc2c3ccc(C(=O)OC)c4c(C(=O)OC)ccc(c5ccc(C(=O)OC)c1c25)c43,ClC(Cl)Cl,478.0
4131,COc1ccc(C2=C3C(/C=C/c4cc(OC)c(OC)c(OC)c4)=C(C=O)C(C)=[N+]3[B-](F)(F)n3c(/C=C/c4cc(OC)c(OC)c(OC)c4)c(C=O)c(C=Cc4cc(OC)c(OC)c(OC)c4)c32)cc1,ClCCl,686.0
1036,OCc1cc(/N=N/c2ccc(-c3ccc4ccccc4c3)cc2F)ccc1O,CS(C)=O,446.0
636,CC(C)[Si](C#Cc1c2cc3ccccc3cc2c(C#C[Si](C(C)C)(C(C)C)C(C)C)c2nc3c(ccc4cc5ccccc5cc43)nc12)(C(C)C)C(C)C,CCCCCC,654.0
11682,CCCCCCCN1C(=CC2=C([O-])C(=CC3=[N+](CCCCCCC)c4ccccc4C3(C)C)C2=C(C#N)C#N)C(C)(C)c2ccccc21,CN(C)C=O,691.0
7216,O=c1oc2c(ccc3ccccc32)nc1-c1ccccc1,CC#N,490.0
3611,Cc1cc(N2c3ccccc3C3(c4ccccc4-c4ccccc43)c3ccccc32)c(C)cc1-c1nc(-c2ccccc2)nc(-c2ccccc2)n1,Cc1ccccc1,486.0
4134,CCOC(=O)c1ccccc1-c1c2ccc(=O)cc-2oc2cc(OC(=O)[C@H](CSCc3ccc(C)cc3)NC(=O)OC(C)(C)C)ccc12,CC#N,521.0
8076,Cc1cc2ccccc2c2[nH]c3ccccc3c12,ClCCl,360.0
1083,CCCCCCCCCCCCC1(CCCCCCCCCCCC)c2cc(-c3ccc(C=C4C(=O)c5ccccc5C4=O)cc3)ccc2-c2ccc(-c3ccc(C=C4C(=O)c5ccccc5C4=O)cc3)cc21,C1CCOC1,531.0
6711,COC1=C/C(=C\C=C2C=CN(Cc3ccc(Br)cc3)C=C2)C=CC1=O,CC(C)CO,642.0
861,CCn1c2ccccc2c2cc(-c3cc(-c4ccc5c(c4)c4ccccc4n5CC)nc(N4CCCCC4)n3)ccc21,ClCCl,414.0
5212,Oc1c(-c2nc3c4ccccc4c4ccccc4c3[nH]2)cc2c3c1CCCN3CCC2,ClCCl,433.0
903,CC(=O)c1ccn2c3c(c(-c4cc[n+](C)cc4)c2c1)CN(C)C3=O,O,501.0
191,CC1(C)C(/C=C/C=C/C=C/C=C2/N(CS(=O)(=O)[O-])c3ccc(S(=O)(=O)[O-])cc3C2(C)C)=[N+](CS(=O)(=O)[O-])c2ccc(S(=O)(=O)[O-])cc21,CO,776.0
109,C(/C=C/c1cc2c3c(c1)CCCN3CCC2)=C\c1ccncc1,CCCCCCC,442.0
6026,CN(C)c1ccc(-c2ccc3n2[B-](F)(F)[N+]2=C(c4ccccc4)C=CC2=C3C(F)(F)F)cc1,C1COCCO1,756.0
4455,CCCN1c2ccccc2Sc2cc(/C=C\c3cc(=O)oc4cc(C)c(Cl)cc34)ccc21,ClC(Cl)Cl,648.0
1942,c1ccc2c(c1)[nH]c1ccccc12,CCCCCC,332.0
8000,CC(C)CCCN1c2ccccc2CCc2ccccc21,CC#N,352.0
4331,CCOC(=O)/C=C/c1cc2ccc(O)cc2oc1=O,CCO,430.0
10850,COC(=O)C(Cc1ccc2oc(-c3ccc(Nc4ccccc4)cc3)nc2c1)NC(=O)OC(C)(C)C,CCCCCC,383.494401
10466,O=C1c2ccccc2C(=O)c2cc(-c3ccc(N(c4ccccc4)c4ccccc4)cc3)ccc21,CCOCC,645.0
5927,COC(=O)c1cc(=O)n(C)c2cc(-c3ccc(OC)cc3)sc12,ClC(Cl)Cl,472.0
2040,CC[N+]1=C(/C=C/c2cc3cccc4ccc5cccc2c5c43)C(C)(C)c2ccccc21,CS(C)=O,680.0
10294,CCCCCCC1(CCCCCC)c2ccccc2-c2ccc(-c3cc4c(cc3F)-c3cc(F)c(-c5ccc6c(c5)C(CCCCCC)(CCCCCC)c5ccccc5-6)cc3S4(=O)=O)cc21,ClC(Cl)Cl,425.0
9190,CN(C)c1ccc(/C=C/c2ccccn2)cc1,C1CCCCC1,418.0
9836,C1=C/C2=C(\c3ccccc3)c3c[nH]c(c3)/C(c3ccccc3)=C3/C=CC(=N3)/C(c3ccccc3)=c3/cc/c([nH]3)=C(\c3ccccc3)C1=N2,CC(=O)N(C)C,713.0
4878,CCN(CC)c1ccc([N+]2=Cc3ccc4c5c(ccc4c3O[B-]2(c2ccccc2)c2ccccc2)C=[N+](c2ccc([N+](=O)[O-])cc2)[B-](c2ccccc2)(c2ccccc2)O5)cc1,Cc1ccccc1,644.0
4659,C[C@]12SC(=O)C=C1c1nc(-c3ccc(Cl)cc3)[nH]c1C1=CC(=O)S[C@@]12C,CC#N,509.0
8395,CC(C)[Si](C#Cc1c2ccccc2c(C#C[Si](C(C)C)(C(C)C)C(C)C)c2nc3cc4c(cc3nc12)C1c2ccccc2C4c2ccccc21)(C(C)C)C(C)C,ClCCl,593.0
5001,c1ccc([B-]23Oc4ccccc4-c4c5[n+]6c(c([n+]42)-c2ccccc2O3)-c2ccccc2O[B-]6(c2ccccc2)Oc2ccccc2-5)cc1,ClCCl,653.0
2775,O=Cc1ccc(Oc2ccc3c4c(cccc24)C(=O)N(CCO)C3=O)cc1,ClC(Cl)Cl,414.0
7525,c1ccc2c(-n3c4ccccc4c4ccccc43)cccc2c1,CC#N,404.0
4145,COc1ccc(-c2nc(C(C)=O)c(C)o2)cc1,CCOC(C)=O,347.0
2323,CCC1(CC)c2cc(/C=C/c3ccc(/C=C/c4ccc5c(c4)C(CC)(CC)c4cc(N6c7ccccc7Sc7ccccc76)ccc4-5)cc3)ccc2-c2ccc(N3c4ccccc4Sc4ccccc43)cc21,C1CCOC1,434.0
762,Cc1ccc(-n2c3ccccc3c3cc(C(=C(C#N)C#N)c4ccccc4)ccc32)cc1,C1CCOC1,527.0
5921,COc1ccc2oc(-c3cc4cc(OC)ccc4oc3=O)cc2c1,Cc1ccccc1,446.0
2617,CCN(CC)c1ccc2cc(/C=C/C(=C(C#N)C#N)c3ccc4c(c3)c3ccccc3n4CC)c(=O)oc2c1,CCOC(C)=O,590.0
2411,COc1ccc(C2=c3sc(-c4ccc(OC)cc4)cc3=[N+]3C2=Nc2c(-c4ccc(OC)cc4)c4sc(-c5ccc(OC)cc5)cc4n2[B-]3(F)F)cc1,ClC(Cl)Cl,814.0
1094,O=C(O)c1ccccc1,O,315.0
6065,Oc1ccc(/N=C/c2ccccc2Oc2ccccc2)cc1,CCCCCCO,413.0
7265,F[B-]1(F)OC(c2ccccc2)=CC(c2ccccc2)=[O+]1,CC#N,398.0
1546,CCN(CC)c1ccc2cc(-c3cc(SC)c(C#N)c(=O)o3)c(=O)oc2c1,CC#N,578.0
4589,COc1cc(C2=CC3=C(c4c(C)cc(C)cc4C)c4cc(-c5cc(OC)c(OC)c(OC)c5)c(-c5cc(OC)c(OC)c(OC)c5)n4[B-](F)(F)[N+]3=C2c2cc(OC)c(OC)c(OC)c2)cc(OC)c1OC,C1CCOC1,662.0
6034,CCCCC(CC)Cn1c2cc(C#N)ccc2c2cc(-c3ccc(N(c4ccccc4)c4ccccc4)cc3)c(C#N)cc21,ClC=C(Cl)Cl,477.0
11602,NS(=O)(=O)c1ccc(N2N=C(c3ccc(O)cc3)CC2c2ccc(F)cc2)cc1,C1CCOC1,417.0
7517,COc1ccc2c(=O)c3c([nH]c2c1)-c1ccccc1NC3(C)C,C1CCOC1,480.0
6953,COc1cccc2cc(-c3cc4cccc(OC)c4oc3=O)oc12,O,504.0
3135,Cc1ccc(-c2c3ccc([nH]3)c3nc(c(-c4ccc([N+](=O)[O-])cc4)c4ccc([nH]4)c4ccc([nH]4)c(-c4ccc(C)cc4)c4ccc2o4)C=C3)cc1,C1CCOC1,758.0
3856,CC1=[N+]2C(=c3c4c5ccccc5cc5cccc(c6cc(C)n(c36)[B-]2(F)F)c54)C=C1,CS(C)=O,639.0
5040,CCCCc1ccc2ccc3cccc4ccc1c2c34,ClCCl,378.0
7435,C[n+]1ccc(/C=C/c2ccc([O-])cc2)cc1,CC#N,606.0
11293,CCN(CC)c1cccc(C=O)c1,CC(C)O,560.0
5428,COc1ccc(-c2cc3c4c(c2)CCc2cc(-c5ccc(OC)cc5)cc(c2-4)CC3)cc1,ClC(Cl)Cl,391.4605418
6523,CCCN(c1ccccc1)c1ccc2c(c1)C(CC)(CC)c1cc(/C=C/c3ccc(/C=C(\C#N)C(=O)O)s3)ccc1-2,CC#N,531.0
6419,CCOc1cc2c(cc1/C=C/C1=CC(=C(C#N)C#N)CC(C)(C)C1)c1ccccc1n2CC,CC#N,629.0
9453,N#Cc1c(N2CCCC2)cc(-c2ccccc2)c2c1Cc1ccccc1-2,C1CCOC1,446.0
3805,c1ccc(-c2cc(-c3ccc4ccc5cccc6ccc3c4c56)ccn2)nc1,Cc1ccccc1,393.0045196
884,C1=CN2B(C=Cc3ccccc32)C(N2CCOCC2)=C1,C1CCCCC1,351.0
2654,Nc1ccc2c(-c3ccc(Br)cc3)c3ccc(=[NH2+])cc-3oc2c1,CCO,532.0
10439,CC1(C)C(/C=C/C=C/C=C/C=C2/N(CCCCCC(=O)O)c3ccc(S(=O)(=O)[O-])cc3C2(C)C)=[N+](CCCCS(=O)(=O)[O-])c2ccc(S(=O)(=O)[O-])cc21,CO,774.0
7988,CC(C)(C)c1ccc2c(c1)sc1[n+]2[B-](F)(F)n2c(c3cccc4cccc2c43)=N1,Cc1ccccc1,506.0
8689,OC1(c2ccc(-c3cccs3)s2)CCC(c2ccccc2)CC1,CC#N,468.0
6774,COC(=O)C(Cc1ccc2oc(-c3ccc(N(c4ccccc4)c4ccccc4)cc3)nc2c1)NC(=O)OC(C)(C)C,CC1COC(=O)O1,474.0010428
10763,O=c1[nH]c(=O)n([C@@H]2O[C@H](CO)[C@@H](O)[C@H]2O)cc1-c1cc2ccccc2s1,C1COCCO1,435.0
11303,Cc1cc(C)c(B(c2c(C)cc(C)cc2C)c2cc3ccc4ccccc4c3c3c2cc(N(C)C)c2ccccc23)c(C)c1,C1CCCCC1,554.0
464,COc1cccc2cc(C)c3c4ccccc4[nH]c3c12,ClCCl,365.0
1257,CCN1c2ccc(/C=C(\C#N)c3ccccc3)cc2Sc2cc(/C=C(\C#N)c3ccccc3)ccc21,ClCCl,573.0
9676,CC(C)(C)c1ccc(-c2c(-c3ccc(N(c4ccccc4)c4ccccc4)cc3)c(C#N)c(-c3ccc(N(c4ccccc4)c4ccccc4)cc3)c(-c3ccc(C(C)(C)C)cc3)c2-c2ccc(C(C)(C)C)cc2)cc1,C1CCOC1,443.0
2259,N#Cc1cc2nc3c(nc2cc1C#N)C1c2ccc(N(c4ccccc4)c4ccccc4)cc2C3c2ccc(N(c3ccccc3)c3ccccc3)cc21,Cc1ccccc1,552.0
4274,Cc1cc(=O)oc2c1cc(Br)c1occ(C)c12,CC#N,413.0
7074,CCOC(=O)C1c2ccccc2C(=O)N1c1ccccn1,ClCCl,392.0
5192,c1ccc(N(c2ccccc2)c2ccc3c(ccc4nc5ccc6cc(N(c7ccccc7)c7ccccc7)ccc6c5nc43)c2)cc1,C1CCOC1,552.0
5630,CCCCC1=Cc2c3ccc4cccc5ccc(c6cc(-c7ccc(N(c8ccccc8)c8ccccc8)cc7)n(c26)P1(=O)c1ccccc1)c3c45,ClC(Cl)Cl,537.0
11879,CN1CCN(c2ccc3c4c(cccc24)C(=O)c2ccccc2-3)CC1,CCCCCCCCO,626.0
6231,Cc1ccc(C#Cc2ccc(C#Cc3ccc(C#Cc4ccccc4C#N)cc3C#N)cc2C#N)cc1,ClC(Cl)Cl,403.0
7382,C1=Cc2ccc(N(c3ccccc3)c3ccccc3)cc2C2(c3cc(N(c4ccccc4)c4ccccc4)ccc31)c1ccccc1-c1ccccc12,ClCCl,461.0
5300,COC(=O)c1ccc(C#Cc2ccc(N(C)C)cc2)cc1,CC#N,544.010445
2202,CCOC(=O)/C(C#N)=C\c1cn(-c2ccccc2)nc1-c1ccccc1,Cc1ccccc1,407.0
10935,CC1=CC(C)=[N+]2C1=C(c1c(F)c(F)c(NCCCCCCNP(=O)(OC(C)C)OC(C)C)c(F)c1F)c1c(C)cc(C)n1[B-]2(F)F,CO,526.0
10121,CCN(CC)c1ccc2cc(-c3ccc(S(C)(=O)=O)cc3)oc(=O)c2c1,CCCCO,476.0
1262,Cc1cc(O)c(C(=O)/C=C/c2ccc(N(C)C)cc2)c(=O)o1,ClCCl,573.0
8081,Nc1ccc2c(c1)Cc1ccccc1-2,ClCCl,353.0
7212,CC(C)(C)c1cc2ccc3cc(C(C)(C)C)cc4c3c2c(c1)c(=O)n1c4nc2c3cc(C(C)(C)C)cc4ccc5cc(C(C)(C)C)cc(c5c43)c21,CCCCCC,495.0
975,N#Cc1c[nH]c2ccccc12,CC(C)O,315.0
8790,CCOC(=O)CCCCCn1c2ccc(C)cc2c(=O)c2cc3c(cc21)c(=O)c1cc(C)ccc1n3CCCCCC(=O)OCC,CO,565.0
5866,COCCOCCOCCOc1ccc(OCCOCCOCCOC)c(C=O)c1,NC=O,463.0
4925,c1ccc(-c2cc(-c3ccc(-c4nc(-c5ccccn5)c(-c5ccccn5)[nH]4)cc3)cc(-c3ccccn3)n2)nc1,CC(C)=O,452.0
941,C[N+]1=C(/C=C/C2=C3Oc4c(cc5c6c4CCCN6CCC5)C(c4ccccc4C(=O)O)=C3CCC2)C(C)(C)c2c1ccc1ccccc21,CO,768.0
5263,CCC12C(=C3C(=C4c5ccc(-c6ccc(C)s6)cc5S(=O)(=O)C41CC)C(F)(F)C(F)(F)C3(F)F)c1ccc(-c3ccc(C)s3)cc1S2(=O)=O,CCCCCC,560.0
6582,O=C1C=C(Nc2ccccc2)CCC1,O,380.0
4723,c1csc(-c2cnc(-c3cccs3)c3nonc23)c1,CCO,614.0
2387,O=C1C=Cc2cc3ccccc3c(=O)n21,CC#N,410.0
11929,CC(C)(C)c1ccc(-c2nc3c4ccc(-c5ccc6ccccc6c5)cc4c4cc(-c5ccc6ccccc6c5)ccc4c3n2-c2ccc(C(C)(C)C)cc2)cc1,C1CCOC1,398.0
5021,Cc1ccc(C2=C3C=C(I)C=[N+]3[B-](F)(F)n3cccc32)cc1,CC#N,546.0
7129,C=CCNS(=O)(=O)c1ccc2c(c1)C(=O)/C(=C1\Sc3ccc(S(=O)(=O)NCC=C)cc3C1=O)S2,CN(C)C=O,604.0
4391,C=Cc1cc2ccc(N(CC)CC)cc2oc1=O,CC#N,470.0
5148,c1ccc(N(c2ccccc2)c2ccc(-c3ccc4c(c3)C3(c5cc(-c6ccc(N(c7ccccc7)c7ccccc7)cc6)ccc5O4)c4ccccc4-c4ccccc43)cc2)cc1,c1cc(-n2c3ccccc3c3ccccc32)cc(-n2c3ccccc3c3ccccc32)c1,407.0
10242,COC(=O)c1ccc(C#Cc2ccc(N(C)C)cc2)cc1,CO,465.0081376
6803,CC1(C)c2ccccc2N(c2ccc(-c3ccc4c(c3)C(=O)c3ccc(-c5ccc(N6c7ccccc7C(C)(C)c7ccccc76)cc5)cc3C4=O)cc2)c2ccccc21,Cc1ccccc1,609.0
3221,O=Cc1c(O)c(-c2nc3ccccc3s2)cc2ccccc12,Cc1ccccc1,509.0
3882,O=C1c2ccccc2-c2ccc(N3CCOCC3)c3cccc1c23,ClC(Cl)(Cl)Cl,552.0
6055,N#CC(C#N)=C(/C=C/c1ccc(N(c2ccccc2)c2ccccc2)cc1)c1ccc2c3c(cccc13)CC2,CN(C)C=O,652.0
11572,COc1ccc(-c2ccc(-c3ccccc3)cc2)cc1,C1CCCCC1,353.0
1610,Cc1ccc([C@@H]2C[C@](O)(c3ccccn3)C[C@](O)(c3ccccn3)[C@H]2C(=O)c2ccc(N(c3ccccc3)c3ccccc3)cc2)cc1,c1ccccc1,466.0
10228,CN(C)c1ccc(/C=C/C=C2\CC/C(=C\C=C\c3ccc(N(C)C)cc3)C2=O)cc1,Cc1ccccc1,553.0
8744,COc1ccc(/C=C/c2nc(/C=C/c3ccc(N(C)C)cc3)cc(/C=C/c3ccc(N(C)C)cc3)n2)cc1,CCCCCCC,450.0
3875,CN(C)c1ccc(/C=C/c2cc(/C=C/c3ccc(N(C)C)cc3)nc(/C=C/c3ccc(N(C)C)cc3)n2)cc1,CC#N,577.0
5953,COc1cc(/C=C/c2ccccc2)cc(OC)c1,CCOC(C)=O,382.0
2789,COc1ccc2c(c1)c1cc(OC)ccc1n2-c1cccc(-n2c3ccc(OC)cc3c3cc(OC)ccc32)c1C#N,O=P(c1ccccc1)(c1ccccc1)c1ccccc1Oc1ccccc1P(=O)(c1ccccc1)c1ccccc1,462.0
944,CCC(C)(C)c1ccc(-c2ccc(-c3ccccc3)cc2)cc1,C1COCCO1,349.0
10914,Cn1c(=O)c(/N=N/c2ccc(/N=N/c3ccc(S(=O)(=O)O)cc3)cc2)c(O)c2ccccc21,ClCCl,541.0
1857,O=C1c2ccccc2C2=Cc3ccccc3B(O)N12,CS(C)=O,438.0
12212,N#Cc1nc2c3ccc(-c4ccc(-n5c6ccccc6c6ccccc65)cc4)cc3c3cc(-c4ccc(-n5c6ccccc6c6ccccc65)cc4)ccc3c2nc1C#N,CCCCCC,455.785124
4108,O=C1c2cccc3c(NCc4ccccn4)c4ccccc4c(c23)C(=O)N1Cc1ccccn1,CCCCCC,594.0
5213,Cc1cc(C)c(B(c2ccccc2-n2c3ccccc3c3ccccc32)c2c(C)cc(C)cc2C)c(C)c1,Cc1ccccc1,463.0
10430,C(#Cc1ccc(C#Cc2ccccc2)cc1)c1ccccc1,ClC(Cl)Cl,348.0
3255,O=c1oc2ccc3cccc4c(O)c(Cl)c(c1Cl)c2c34,CC1CCCO1,500.0
7323,COc1ccc(-c2nc(C)cc(-c3ccc(-n4c5ccccc5c5ccccc54)cc3)n2)cc1,CN(C)C=O,453.0
2690,CCCCc1cc(-c2cccc(COC)c2)oc1-c1cccc(-c2cc(CCCC)c(-c3cccc(-c4oc(-c5cccc(-c6oc(-c7cccc(COC)c7)cc6CCCC)c5)cc4CCCC)c3)o2)c1,ClC(Cl)Cl,373.0
8430,CN(C)CCCN1c2ccccc2Sc2ccccc21,CC#N,444.0
7389,Cc1ccc2nc(/C=C/c3ccc(N(C)C)cc3)c(-c3ccccc3)nc2c1,ClCCl,571.0
4627,CCn1c2ccccc2c2cc(C#Cc3cc(C#Cc4ccc5c(c4)c4ccccc4n5CC)ncn3)ccc21,C1CCOC1,451.0
9152,CC1(C)Nc2cc(Cl)ccc2-c2[nH]c3ccccc3c(=O)c21,CCCCO,505.0
1319,COc1ccc(/C=C/C(=O)c2ccccc2O)cc1OC,C1COCCO1,425.0
9275,C(=C/c1cc(/C=C/c2ccc(N(c3ccccc3)c3ccccc3)cc2)nc(/C=C/c2ccc(N(c3ccccc3)c3ccccc3)cc2)n1)\c1ccc(N(c2ccccc2)c2ccccc2)cc1,CS(C)=O,586.0
12116,CCN1CCCc2cc3c(cc21)Oc1cc2c(cc1=N3)C(CS(=O)(=O)[O-])CC(C)(C)[N+]=2CCCC(=O)[O-],O,690.0
5162,O=C1NC(=O)c2c1c1c3ccccc3[nH]c1c1[nH]c3ccccc3c21,C1CCOC1,475.0
8913,O=C1/C(=C/C=C/c2cc3c4c(c2)CCCN4CCC3)CC/C1=C\C=C\c1cc2c3c(c1)CCCN3CCC2,OCC(F)(F)F,785.0
10333,C(=C/c1ccc(-c2ccncc2)cc1)\c1ccc(-c2ccncc2)cc1,ClCCl,387.0
9150,c1cc2ccc1-c1ccc(cc1)-c1ccc(s1)-c1ccc(cc1)-c1ccc(cc1)-c1ccc(s1)-c1ccc(cc1)-c1ccc(cc1)-c1ccc-2s1,C1CCOC1,523.0
1135,O=Cc1ccc(-c2ccc(-c3nc4ccccc4s3)c(O)c2)s1,ClCCl,535.0
4529,CN(c1ccccc1)c1ccc(-c2ccc(-c3ccc(N(C)c4ccccc4)cc3)c3nc(-c4ccccc4)c(-c4ccccc4)nc23)cc1,CN(C)C=O,661.0
3475,COC(=O)c1cc(=O)n(C)c2cc(-c3ccccc3OC)sc12,CC#N,468.0
3505,CC1(C)C(/C=C/c2cc3ccc(O)cc3oc2=O)=[N+](CCCS(=O)(=O)[O-])c2ccc3c(S(=O)(=O)O)cc(S(=O)(=O)O)cc3c21,CS(C)=O,625.0
4749,COc1ccc(C#Cc2ccc3ccc(=O)oc3c2)cc1,CC#N,465.0
2477,O=CC1=C(c2ccc(-c3cccs3)s2)CC1,OCCOCCO,526.0
8237,CCN(CC)c1ccc2cc(-c3nc4ccccc4s3)c(=O)oc2c1,CCCCCC,463.0
8343,c1ccc(-c2nn(-c3ccccc3)c3nc4ccc(N(c5ccccc5)c5cccc6ccccc56)cc4cc23)cc1,CC(C)=O,538.2131324
7086,Cc1cc(=O)oc2cc(/[NH+]=C/C=C3/C=C(C(=O)O)NC(C(=O)O)C3)ccc12,O,570.0
9577,CN(C)c1ccc(/C=C/c2ccccn2)cc1,CCCCCC,416.0
9509,Cc1cc(C)n2c1C=C1c3ccccc3C(c3ccc[nH]3)=[N+]1[B-]2(F)F,C1CCOC1,620.0
4501,CN(C)c1ccc(-c2nc3c(c4c2-c2ccc(C#N)cc2CC4)-c2ccc(C#N)cc2CC3)cc1,CCOC(C)=O,489.0
8086,CC(C)c1cccc(C(C)C)c1-n1c(=O)c2cc3nc(-c4ccccc4)c4cc5c(=O)n(-c6c(C(C)C)cccc6C(C)C)c(=O)c6cc7c(-c8ccccc8)nc8cc(c1=O)c2c1c3c4c(c56)c7c81,ClC(Cl)Cl,488.0
12099,CN(C)c1ccc(/C=C/C=C/c2ccncc2)cc1,CO,551.0
6336,CN(C)c1ccc(/C=C/c2nc3c4ccccc4c4ccccc4c3[nH]2)cc1,CC1CCCCC1,430.0
8969,Oc1ccccc1/C=N/c1ccc(Cn2cncn2)cc1,C1COCCO1,324.0020736
6982,CN(C)c1ccc(C#Cc2ccc3ccc4ccc(C#Cc5ccc(N(C)C)cc5)c5ccc2c3c45)cc1,CCCCCC,459.0
7231,COc1ccc(-c2cnc(C#Cc3ccccc3)o2)cc1OC,ClCCl,410.0
9143,C=Cc1cccc(OC)c1,C1CCCCC1,327.0
1874,CCCCC(CC)COC(=O)/C=C\c1c(OC)ccc(OC)c1OC,CO,409.0
10433,C=C[Si](c1c2ccccc2cc2ccccc12)(c1c2ccccc2cc2ccccc12)c1c2ccccc2cc2ccccc12,ClC(Cl)Cl,437.0
7972,CN(C)c1ccc(/C=C/c2ccnc(/C=C/c3ccc(N(C)C)cc3)n2)cc1,C1CCOC1,484.0
11571,c1ccc(-c2cc3c(-c4ccccc4)c4cccc5c(-c6ccccc6)cc6c(-c7ccccc7)c7cccc2c7c3c6c54)cc1,ClCCl,462.0
5096,O=[N+]([O-])c1ccc(/C=C/C=C/c2ccccc2)cc1,CO,606.0
2904,c1ccc2c(c1)[nH]c1c3[nH]c4ccccc4c3c3nsnc3c21,CN(C)C=O,493.0
7678,COc1ccc(-n2nc(C(=O)N3CCCC3)c(N3CCCC3)n2)cc1,CCCCCC,405.0
570,CN(c1ccccc1)c1ccc(/C=C2\C(=O)c3ccccc3S2(=O)=O)cc1,C1COCCO1,542.0
1448,CC1=CC(/C=C/c2ccc(N(C)C)cc2)=[N+]2C1=C(c1ccc(I)cc1)c1c(C)cc(/C=C/c3ccc(N(C)C)cc3)n1[B-]2(F)F,CC#N,768.0
3414,CCOC(=O)CCCCCn1c2ccc(Cl)cc2c(=O)c2cc3c(cc21)c(=O)c1cc(Cl)ccc1n3CCCCCC(=O)OCC,CO,556.0
9887,CCCCC1(CCCC)c2cc(-c3ccc(C=C4C(=O)c5ccccc5C4=O)cc3)ccc2-c2ccc(-c3ccc(C=C4C(=O)c5ccccc5C4=O)cc3)cc21,ClC(Cl)Cl,527.0
939,Cc1ccc(NC(=O)c2sc(Br)nc2C)cc1,CN(C)C=O,451.0
9514,C(#Cc1cccc(C#Cc2ccc(-n3c4ccccc4c4ccccc43)cc2)c1)c1ccc(-n2c3ccccc3c3ccccc32)cc1,CC#N,425.0
8965,COc1ccc(/C=C/c2ccccc2)cc1OC,CCOC(C)=O,382.0
8613,N#Cc1nc2c3ccc(N(c4ccccc4)c4ccccc4)cc3c3cc(N(c4ccccc4)c4ccccc4)ccc3c2nc1C#N,ClC(Cl)Cl,639.4457547
11175,CCn1c2ccccc2c2cc(C#Cc3cc(C#Cc4ccc5c(c4)c4ccccc4n5CC)nc(C#N)n3)ccc21,Cc1ccccc1,445.0
5841,COC(=O)C(Cc1ccc2oc(-c3ccc4c(c3)c3ccccc3n4-c3ccccc3)nc2c1)NC(=O)OC(C)(C)C,OC1CCCCC1,383.9950849
6837,CCCCCCCCCCCCCCCCn1c(-c2cc(-c3nc4ccccc4n3CCCCCCCCCCCCCCCC)cc(-c3nc4ccccc4n3CCCCCCCCCCCCCCCC)c2)nc2ccccc21,C1CCOC1,363.0
8940,c1ccc(-n2c(-c3ccc(-c4ccc(-c5ccc(-c6nc7c8ccccc8c8ccccc8c7n6-c6ccccc6)cc5)cc4)cc3)nc3ccccc32)cc1,CCOCC,427.0
3226,O=Cc1cc(N2CCCCC2)c2ccc3c(N4CCCCC4)cc(N4CCCCC4)c4ccc1c2c43,Cc1ccccc1,554.0
11946,COC(=O)C(Cc1ccc2oc(-c3ccc(N(C)C)cc3)nc2c1)NC(=O)OC(C)(C)C,CCO,402.9983074
6332,CC1(C)c2ccccc2N(c2ccc(C(=O)/C=C(\O)c3ccc(N4c5ccccc5C(C)(C)c5ccccc54)cc3)cc2)c2ccccc21,c1ccc2c(c1)c1ccccc1n2-c1ccc(-c2ccc(-n3c4ccccc4c4ccccc43)cc2)cc1,524.6284501
3978,O=C1c2ccccc2-c2ccc(N3CCOCC3)c3cccc1c23,c1ccccc1,562.0
4383,COc1ccccc1C1=[N+]2C(=Nc3c(-c4ccccc4)cc(-c4ccccc4OC)n3[B-]2(F)F)C(c2ccccc2)=C1,Cc1ccccc1,688.0
5834,COc1ccc2c(c1)SCC1=C(c3ccccc3)C3=Nc4c(-c5ccccc5)c5c(n4[B-](F)(F)[N+]3=C12)-c1ccc(OC)cc1SC5,ClC(Cl)Cl,730.0
9697,Cc1ccc(C(=O)/C=C2\C(=O)Nc3ccccc32)cc1,CC(C)(C)O,412.0
9385,O=C(c1ccc(N(c2ccccc2)c2ccccc2)cc1)[C@H]1[C@H](c2ccc(F)cc2)C[C@](O)(c2ccccn2)C[C@]1(O)c1ccccn1,CCOC(C)=O,502.0
7845,OCC1O[C@@H](Cc2cc(O)cc(/C=C/c3ccc(O)c(O)c3)c2)[C@H](O)[C@@H](O)[C@@H]1O,CCOCC,372.0
3539,CC1(C)CC(/C=C/c2ccc(-n3c4ccccc4c4ccccc43)cc2)=CC(=C(C#N)C#N)C1,CC#N,600.0
8679,CC(=O)c1ccc(NC(=O)c2ccc(N(C)C)cc2)cc1,C1CCOC1,468.0
11519,CC(C)(C)NC(=O)c1ccc(-c2ccccc2)c2ccc3c4ccccc4c4ccccc4c3c12,ClCCl,413.0
10895,COCCOc1ccc(OCCOC)c(C=O)c1,NC=O,464.0
9713,O=Cc1cc(N2CCCCC2)c2ccc3c(N4CCCCC4)cc(N4CCCCC4)c4ccc1c2c43,CCCCCC,520.0
5681,COCCOCCOCCOc1cc(C=O)c(OCCOCCOCCOC)cc1C=O,CCCO,471.0
2827,CN(C)c1ccc(/C=C/C=C2\CC/C(=C\C=C\c3ccc(N(C)C)cc3)C2=O)cc1,c1ccccc1,567.0
5780,F[B-]1(F)n2cccc2C=C2C=CC=[N+]21,CCO,508.0
3634,COc1ccc(C#Cc2ccc(C#N)cc2)cc1OC,CCOC(C)=O,408.0
4996,CN(C)c1ccc(/C=C/c2nc(/C=C/c3ccc(N(c4ccccc4)c4ccccc4)cc3)cc(/C=C/c3ccc(N(c4ccccc4)c4ccccc4)cc3)n2)cc1,ClCCl,577.0
1338,C1#Cc2ccccc2OCc2cccc(c2)COc2ccccc21,ClCCl,350.0
3262,COc1ccc(C2=C(c3ccc(OC)cc3)C(C)(C)c3cc(OC)ccc32)cc1,C1CCCCC1,398.0
7876,c1ccc(-c2ccc(-c3ccccc3)cc2)cc1,CCO,375.0
8862,COc1ccc(Nc2ccc3ccccc3n2)cc1,CCO,409.74
6838,CCCCN1C(=O)C(=C/C=C/C=C/C=C2N(CCCC)c3ccccc3N2CCCC)C(=O)N(CCCC)C1=S,ClCCl,697.0
5089,CCC(=O)c1ccc2cc(N(C)C)ccc2c1,CCN(CC)CC,406.0
5741,CCCCCCCCCCCCOc1ccc(C2=c3sc4ccccc4c3=[N+]3C2=Nc2c(-c4ccc(OCCCCCCCCCCCC)cc4)c4sc5ccccc5c4n2[B-]3(F)F)cc1,C1CCOC1,813.0
650,CCC[n+]1ccc(/C=C/c2ccc(N(C)C)cc2)cc1,ClC(Cl)Cl,560.0
6039,Cc1cc2ccccc2c2c1c1ccccc1n2-c1ccccc1,ClCCl,366.0
2902,Brc1ccc(/C=C/c2ccncn2)cc1,ClCCl,410.0
2258,Nc1ccc2c(c1)Cc1ccccc1-2,CCO,368.0
12135,COc1ccc(-c2cc3c(s2)-c2sc(-c4ccc(OC)cc4)cc2P(c2ccccc2)(c2ccccc2)=[O+][B-]3(c2c(C)cc(C)cc2C)c2c(C)cc(C)cc2C)cc1,C1CCOC1,513.0
5395,Cc1cccc(Nc2ccccc2C(=O)O)c1C,CO,390.0
10704,CCCc1c(C(=O)c2ccc3c4c(cccc24)-c2cccc4c2C3CC=C4)c2ccc3cccc4c5cccc6ccc1c(c65)c2c34,ClCCl,526.0
7082,CN(C)c1ccc(C2=C(c3ccccc3)c3sc4ccccc4[n+]3[B-](F)(F)O2)cc1,C1CCOC1,507.0
9538,N#Cc1ccc(N)c2nonc12,CC#N,557.0
8687,N#Cc1c(N2CCCCC2)cc(-c2ccc(O)cc2)c2c1-c1cccc3cccc-2c13,O,550.0
3521,COc1cccc(C2=CC3=C(c4c(C)cc(C)cc4C)c4cc(-c5cccc(OC)c5)c(-c5cccc(OC)c5)n4[B-](F)(F)[N+]3=C2c2cccc(OC)c2)c1,C1CCOC1,634.0
2730,CN(C)c1ccc2nc(-c3ccccc3)c(=O)oc2c1,c1ccccc1,500.0
8246,CN(C)c1ccc2nc(/C=C/c3ccccc3)c(=O)oc2c1,ClCCl,547.0
4478,C#CCn1c2ccccc2c2cc(/C=C/C3=[N+]4C(=C(c5ccc(I)cc5)c5c(C)c(Cl)c(/C=C/c6ccc7c(c6)c6ccccc6n7CC#C)n5[B-]4(F)F)C(C)=C3Cl)ccc21,CS(C)=O,749.0
5660,C(=C/c1nc2ccccc2s1)\c1ccc(-c2nc3c4cccnc4c4ncccc4c3[nH]2)cc1,CO,488.0
1596,F[B-]1(F)n2c(Cl)c(Cl)c(Br)c2C(Oc2ccccc2)=C2C(Br)=C(Cl)C(Cl)=[N+]21,ClCCl,541.0
67,COc1cccc(C2=CC3=C(c4c(C)cc(C)cc4C)c4cc(-c5cccc(OC)c5)c(-c5cccc(OC)c5)n4[B-](F)(F)[N+]3=C2c2cccc(OC)c2)c1,ClCCl,632.0
2584,CCOC(=O)CC[N+]1=c2cc3c(cc2CCC1)=Cc1c(c2cc4c5c(c2oc1=O)CCCN5CCC4)O3,O,688.0
8209,N#Cc1ccc(-c2ccc(C3=CCCCC3)s2)s1,OCCOCCO,449.0
6281,c1ccc(-c2nc(-c3ccccc3)nc(-c3ccc(-n4c5ccccc5c5cc6c(cc54)C4c5ccccc5C6c5ccccc54)cc3)n2)cc1,O=P(c1ccccc1)(c1ccccc1)c1ccccc1Oc1ccccc1P(=O)(c1ccccc1)c1ccccc1,457.0
3196,CC1(C)C(/C=C/C2=C(Oc3ccc(CCN=C=S)cc3)/C(=C/C=C3/N(CCCS(=O)(=O)[O-])c4ccccc4C3(C)C)CCC2)=[N+](CCCS(=O)(=O)[O-])c2ccccc21,CO,794.0
11485,CCNc1ccc2c(C(F)(F)F)cc(=O)oc2c1,CCCCO,493.0
5327,CCN(CC)c1ccc(/C=C/C2=[O+][B-](F)(F)Oc3c2c(=O)oc2cc(N(CC)CC)ccc32)cc1,CCOC(C)=O,617.0
9997,CN(C)CCNc1ccc([N+](=O)[O-])cc1[N+](=O)[O-],Cc1ccccc1,385.0
8124,O=C(O)c1ccc(C2CC(c3cccc4ccccc34)=NN2c2ccccc2)cc1,C1CCOC1,469.0
7609,CCC1(CC)c2ccccc2-c2c1c1c(c3c2C(CC)(CC)c2cc(B(c4c(C)cc(C)cc4C)c4c(C)cc(C)cc4C)ccc2-3)C(CC)(CC)c2cc(B(c3c(C)cc(C)cc3C)c3c(C)cc(C)cc3C)ccc2-1,ClC(Cl)Cl,387.0
1258,COc1ccc(N(c2ccc(OC)cc2)c2ccc3ccc4c(B(c5c(C)cc(C)cc5C)c5c(C)cc(C)cc5C)ccc5ccc2c3c54)cc1,CCCCCC,534.0
11597,N#CC(C#N)=C(/C=C/c1cn(-c2ccccc2)nc1-c1ccccc1)c1ccccc1,C1CCOC1,459.0
6350,CN1/C(=C/C=C/C2=[N+](C)c3ccc4ccccc4c3C2(C)C)C(C)(C)c2c1ccc1ccccc21,ClCCl,612.0
7862,Brc1ccc(-c2nc(-c3ccc(-c4nc(-c5ccc(Br)cc5)c(-c5ccc(Br)cc5)[nH]4)cc3)[nH]c2-c2ccc(Br)cc2)cc1,CS(C)=O,413.0
10440,Cc1cc2c3ccccc3oc2c2c1c1ccccc1n2-c1ccc(C#N)cc1,CCOC(C)=O,379.0
7523,CC[N+]1=C(/C=C/c2cc3cc(C(C)(C)C)cc4ccc5cc(C(C)(C)C)cc2c5c43)C(C)(C)c2ccccc21,OCC(O)CO,666.0
991,N#Cc1ccc2[nH]ccc2c1,CC#N,362.0
3504,NS(=O)(=O)c1ccc(N2N=C(c3ccc(O)cc3)CC2c2ccc(Br)cc2)cc1,C1CCOC1,417.0
113,CC(=O)Nc1ccccc1C(=O)OC1CC(C)CCC1C(C)C,Cc1ccccc1,368.0
919,F[B-]1(F)n2ccnc2-c2cccc[n+]21,CC#N,359.0
2509,CCN(CC)c1ccc2c(-c3ccc(S(=O)(=O)[O-])cc3S(=O)(=O)[O-])c3ccc(=[N+](CC)CC)cc-3oc2c1,CC#N,573.0
11529,CN(C)c1ccc(/C=C2\CC/C(=C\c3ccc(C#N)cc3)C2=O)cc1,c1ccccc1,569.0
165,CCC1(CC)c2ccccc2-c2ccc(C#Cc3ccc4ccc5cccc6ccc3c4c56)cc21,CC#N,408.0
6741,COc1ccc2c(CC(=O)NN)coc2c1,CCCCO,384.0
11455,FC(F)(F)c1ccc(-c2nnc(-c3cc(-c4nnc(-c5ccc(C(F)(F)F)cc5)o4)c(-n4c5ccccc5c5ccccc54)cc3-n3c4ccccc4c4ccccc43)o2)cc1,Cc1ccccc1,456.0
12141,N#Cc1ccc(-c2ccc3c(c2)c2cc(-c4ccc(C#N)cc4)ccc2c2c3nc(-c3ccc(-c4ccc(N(c5ccccc5)c5ccccc5)cc4)cc3)n2-c2ccccc2)cc1,CC#N,519.9316629
8863,CN(C)c1ccc(-c2nc(-c3ccc(N(C)C)cc3)c3ccccc3n2)cc1,ClCCl,530.0
4603,CC(C)(C)c1ccc(-n2c(-c3ccc(-c4ccc(N(c5ccccc5)c5ccccc5)cc4)cc3)nc3c4ccccc4c4ccccc4c32)cc1,ClCCl,442.0
9025,O=P1(c2ccccc2)C2=C(c3ccccc31)S(=O)(=O)c1ccccc12,CC#N,465.0
10422,C(#Cc1ccncc1)C(C#Cc1ccncc1)=Cc1ccc(C=C(C#Cc2ccncc2)C#Cc2ccncc2)cc1,ClC(Cl)Cl,472.0
949,CCCCCCCCn1nnc(-c2ccc(C#Cc3ccc(C#Cc4ccc(-c5nnn(CCCCCCCC)n5)cc4)c4nc5c6ccccc6c6ccccc6c5nc34)cc2)n1,Cc1ccccc1,488.0
4594,CCCCCCc1ccc(-n2c3[n+](c4c5ccccc5c5ccccc5c42)[B-](C)(C)c2ccc4ccccc4c2-3)cc1,ClCCl,435.0
9941,N#Cc1c(N2CCCCC2)cc(-c2ccc3ccccc3c2)c2c1-c1ccccc1C2,C1CCOC1,462.0
3770,CC(C)(C)c1ccc2c(c1)c1cc(C(C)(C)C)ccc1n2-c1ccccc1-c1nc(-c2ccccc2P(=O)(c2ccccc2)c2ccccc2)nc(-c2ccccc2P(=O)(c2ccccc2)c2ccccc2)n1,ClC(Cl)Cl,511.1287758
2506,c1ccc(-c2nc(-c3cccc4ccccc34)n3ccccc23)cc1,CO,475.0
5107,Cc1c(COC(=O)c2ccccc2Cl)n2c(OCC(=O)c3ccccc3Cl)c(C)c(=O)n2c1=O,CCO,459.0
2850,C[Si]1(C)C2=C(c3ccccc31)S(=O)(=O)c1cc3c(cc12)S(=O)(=O)C1=C3[Si](C)(C)c2ccccc21,C1CCOC1,507.0
6000,CCCCC1(CCCC)c2cc(C#Cc3ccc4ccc5cccc6ccc3c4c56)ccc2-c2ccc(N(c3ccccc3)c3ccccc3)cc21,CCOC(C)=O,490.0
11789,O=S1(=O)c2ccccc2C2(c3cc(-c4ccc(N(c5ccccc5)c5ccccc5)cc4)ccc3-c3ccc(-c4ccc(N(c5ccccc5)c5ccccc5)cc4)cc32)c2ccccc21,ClCCl,460.0
12236,CCNc1cc2c(cc1C)C(c1ccccc1C(=O)O)=C1CCCC(/C=C/C3=[N+](C)c4ccccc4C3(C)C)=C1O2,CC#N,728.0
8108,COc1ccc2c(c1)c1c(c3cc(OC)ccc32)=[N+]2C(=C(c3c(C)cc(C)cc3C)c3cc4c5cc(OC)ccc5c5ccc(OC)cc5c4n3[B-]2(F)F)C=1,Cc1ccccc1,717.0
10306,N#Cc1cccc(N)c1C#N,CCCCCCC,374.0
4446,COc1ccc(C(=O)/C=C2\C(=O)Nc3ccccc32)c(OC)c1,ClCCl,403.0
5794,Brc1ccc(/C=C/c2cnc3ccccc3n2)cc1,ClCCl,455.0
9961,C(=C/c1ccnc(/C=C/c2ccc(N(c3ccccc3)c3ccccc3)cc2)n1)\c1ccc(N(c2ccccc2)c2ccccc2)cc1,CS(C)=O,547.0
4460,CC1=C(Cl)C(/C=C/c2ccc3c(c2)c2ccccc2n3Cc2cn(CCC[P+](c3ccccc3)(c3ccccc3)c3ccccc3)nn2)=[N+]2C1=C(c1ccc(I)cc1)c1c(C)c(Cl)c(C)n1[B-]2(F)F,CCO,650.0
10073,COc1nc(Nc2ccc3c4c(cccc24)C(=O)c2ccccc2-3)nc(OC)n1,CCOC(C)=O,523.0125523
2505,O=C1CC(c2ccccc2)c2c(c3ccccc3c3nc4ccccc4nc23)O1,ClC(Cl)Cl,431.0
9276,COc1ccc(N(c2ccc(OC)cc2)c2ccc3c4cccc5c(N(c6ccc(OC)cc6)c6ccc(OC)cc6)ccc(c6cccc2c63)c54)cc1,ClCCl,591.0
6623,CC[N+]1=C(/C=C/c2cc3cc(C(C)(C)C)cc4ccc5cc(C(C)(C)C)cc2c5c43)C(C)(C)c2ccccc21,C1CCOC1,680.0
1114,COc1cc(OC)cc(-c2nnc(-c3ccc(-c4nnc(-c5cc(OC)cc(OC)c5)o4)cc3)o2)c1,CC#N,405.0
6942,CC[N+]1=C(/C=C/c2cc3cc(C(C)(C)C)cc4ccc5cc(C(C)(C)C)cc2c5c43)C(C)(C)c2ccccc21,Cc1ccccc1,650.0
10279,N#Cc1c[nH]c2ccccc12,CC#N,313.0
298,COc1ccc(C#Cc2ccc(C#N)cc2)cc1OC,CCCO,425.0
1675,CN(C)c1ccc(C2=Cc3ccccc3P2(=O)c2ccccc2)cc1,ClCCl,536.0
3347,c1ccc(N2N=C(c3cccc4ccccc34)CC2c2ccc3ccc4cccc5ccc2c3c45)cc1,ClCCl,455.0
6170,c1ccc(C2=C3C4=C(C5=[N+]3[B-]3(Oc6ccccc65)Oc5ccccc5-c5c6c(c2n53)C2CCC6CC2)C2CCC4CC2)cc1,ClCCl,645.0
2735,Oc1cc(N(c2ccccc2)c2ccccc2)ccc1-c1nc2c3ccccc3c3ccccc3c2[nH]1,CS(C)=O,430.0
5669,CCCC1(CCC)c2ccccc2-c2ccccc21,C1CCCCC1,309.0
9796,CN(C)c1ccc2c(c1)[Si](C)(C)C1=CC(=[N+](C)C)C=CC1=C2C#Cc1ccccc1,O,736.0
4988,Nc1ncnc2c1c(C#Cc1c3ccccc3cc3ccccc13)cn2[C@H]1C[C@H](O)[C@@H](CO)O1,CCO,441.0
11018,COCCOc1cc(C=O)c(OCCOC)cc1C=O,CC(C)O,479.0
2378,N#CC(C#N)=Cc1ccc2c(c1)[nH]c1c3ccccc3sc21,ClCCl,544.0
7431,CCN(CC)c1ccc(-c2ccc(-c3nc(C#N)c4ccccc4n3)s2)cc1,Cc1ccccc1,471.0
7425,CC1=N/C(=C\c2cccc(N(C)C)c2)C(=O)N1CCO,CCCCCC,506.0
8525,COc1ccc(/C=C/c2nc3ccccc3s2)cc1,C1CCCCC1,400.0
4325,COc1ccc(-c2sc3c(c2Br)=[N+]2C(=C(C(F)(F)F)c4cc5sc(-c6ccc(OC)cc6)c(Br)c5n4[B-]2(F)F)C=3)cc1,C1CCOC1,754.0
4172,COc1ccccc1-c1nc(-c2ccccc2)c2ccccn12,CC#N,479.0
8557,CC(C)(C)c1ccc(-c2nc3ccccc3nc2-c2cc(-c3nc4ccccc4nc3-c3ccc(C(C)(C)C)cc3)cc(-n3c4ccccc4c4ccccc43)c2)cc1,Cc1ccccc1,437.0
4550,CCN(CC)c1ccc(-c2nc3c(nc2-c2ccc(B(c4c(C)cc(C)cc4C)c4c(C)cc(C)cc4C)cc2)c2ccccc2n3C)cc1,C1CCCCC1,462.0
7934,Cc1cc(C)n2c1C=C1c3ccccc3C(c3cccn3C)=[N+]1[B-]2(F)F,CO,605.0
7911,CCOC(=O)c1[nH]c(C)c(/C=C/C2=[N+]3C(=C(c4cc(OC)cc(OC)c4)c4c(C)c(I)c(/C=C/c5c(C)[nH]c(C(=O)OCC)c5C)n4[B-]3(F)F)C(C)=C2I)c1C,ClCCl,710.0
8142,N#C/C(=C\C=C\c1ccccc1)c1ccccc1,C1COCCO1,421.0
8798,O=[N+]([O-])c1ccc(/C=C/c2nc3c4ccccc4c4ccccc4c3o2)cc1,CC#N,602.0
9808,CCCCN(CCCC)c1ccc2c#cc3cc4c#cc5ccc(C(F)(F)F)cc5c#cc#cc5cc(N(CCCC)CCCC)ccc5c#cc4cc3c#cc3ccc(C(F)(F)F)cc3c#cc#cc2c1,c1ccccc1,521.0
2103,c1ccc(-c2ccc3c4ccc(-c5ccccc5)c5c(-c6ccccc6)ccc(c6cccc2c63)c54)cc1,ClCCl,500.0
5336,COc1ccc2c3c(cccc13)C(=O)c1ccccc1-2,N#Cc1ccccc1,520.0208008
10546,Cc1cc(O)c(C(C)C)cc1/N=C/c1ccc(O)cc1,CO,416.0
3759,CN(C)c1ccc(/C=C/c2ccc(-c3nc(C#N)c(C#N)n3C)cc2)cc1,ClC(Cl)Cl,500.0
9570,CN(C)c1ccc(C2=Nc3scc(-c4ccc([N+](=O)[O-])cc4)[n+]3[B-](F)(F)O2)cc1,C1CCOC1,454.0
1837,CC(C)[Si](C#Cc1c2cc3ccccc3cc2c(C#Cc2ccc(Br)cc2)c2cc3ccccc3cc12)(C(C)C)C(C)C,ClCCl,663.0
10287,Cc1cc(C)c(-c2c3ccccc3c3ccc4cc5c(-c6c(C)cc(C)cc6C)c6ccccc6c6ccc7cc2c3c4c7c56)c(C)c1,ClCCl,617.0
10180,CN(C)c1ccc(/C=C/C=C2\CC/C(=C\c3ccc(N(C)C)cc3)C2=O)cc1,CCCCOC(C)=O,581.0
11593,c1ccc(-c2cc(-c3ccc(N4c5ccccc5C5(c6ccccc64)c4ccccc4N(c4ccc(-c6cc(-c7ccccc7)nc(-c7ccccc7)n6)cc4)c4ccccc45)cc3)nc(-c3ccccc3)n2)cc1,Cc1ccccc1,455.8495822
5710,COC(=O)c1ccc(C#Cc2ccc(N(C)C)cc2)cc1,CS(C)=O,548.4861781
9963,O=C1/C(=C2\Nc3cc4ccc5cccc6ccc(c3C2=O)c4c56)Nc2cc3ccc4cccc5ccc(c21)c3c45,C1CCOC1,707.0
607,C[n+]1ccc(/C=C/c2ccc([O-])cc2)cc1,CS(C)=O,608.0
4500,O=[N+]([O-])c1ccc2nc3cc4ccccc4cc3c(-c3ccccc3)c2c1,ClCCl,602.0
7036,O=[N+]([O-])c1ccc([N+]2=CC3=C(O[B-]2(F)F)c2ccccc2SC3)cc1,ClCCl,575.0
1093,CC(C)(C)c1ccc2c(c1)c1cc(C(C)(C)C)ccc1n2-c1ccc(-c2ccc3c(c2)C(=O)c2ccc(-c4ccc(-n5c6ccc(C(C)(C)C)cc6c6cc(C(C)(C)C)ccc65)cc4)cc2C3=O)cc1,c1ccc2c(c1)c1ccccc1n2-c1ccc(-c2ccc(-n3c4ccccc4c4ccccc43)cc2)cc1,550.0
8197,Cc1ccc(C2=C3C=C(I)C(I)=[N+]3[B-](F)(F)n3c2cc(I)c3I)cc1,OCC(F)(F)F,588.0
6718,CN1C(=O)/C(=C/c2ccncc2)N=C1/C=C/c1ccncc1,CC#N,541.0
8822,CN1c2cc3nc4cc(Cl)c(Cl)cc4nc3cc2N(C)C1(C)C,CCO,497.0
10979,O=Cc1cc(O)c(C=O)cc1O,CO,492.0
4487,COc1cccc(-c2[nH]c(=O)n3c2-c2ccccc2C3=O)c1O,CO,496.0
7707,COc1cc(/C=C/c2cc(OC)c(-c3nc(-c4ccccc4)c(-c4ccccc4)[nH]3)cc2OC)c(OC)cc1/C=C/c1cc(OC)c(-c2nc(-c3ccccc3)c(-c3ccccc3)[nH]2)cc1OC,Cc1ccccc1,502.0
160,COc1ccc(/C=C/C2=[O+][B-](F)(F)OC(/C=C/c3ccc(OC)c4ccccc34)=C2c2ccccc2)c2ccccc12,CC#N,649.0
203,CN(C)c1ccc(C#Cc2ccc(C=O)cc2)cc1,C1CCCCC1,462.4919064
6483,Cc1ccc(-c2cc(-c3ccccc3)c(C#N)c(=S)[nH]2)cc1,CN(C)C=O,502.0
3940,OC1(c2ccc(-c3cccs3)s2)CCC(c2ccccc2)CC1,c1ccncc1,385.0
8540,COc1ccc(-c2nc3c(c4c2-c2ccc(C#N)cc2CC4)-c2ccc(C#N)cc2CC3)cc1,CCCCCC,420.0
6103,CN(C)c1cc(C#N)c(N(C)C)c(C#N)c1,N#Cc1ccccc1,529.1005291
4933,Fc1ccc(-c2nc3n(c2-c2ccncc2)CCS3)cc1,CC(C)=O,418.0
2934,COc1cc(OC)cc(-c2nnc(-c3cc(-c4nnc(-c5cc(OC)cc(OC)c5)o4)cc(-c4nnc(-c5cc(OC)cc(OC)c5)o4)c3)o2)c1,CC#N,447.0
1814,CCCCCCCCCCCCC(CCCCCCCCCC)Cn1c2cc(/C=C/C=C/c3nc4ccccc4s3)c3cccc4c5cccc6c(/C=C/C=C/c7nc8ccccc8s7)cc1c(c65)c2c34,ClCCl,612.0
7647,CC1=NN(c2ccccc2)C(=O)/C1=C/c1cn(-c2ccccc2)nc1-c1ccccc1,ClCCl,436.0
2435,N#CC(C#N)=Cc1ccc(-c2cccc(-c3nc4ccccc4s3)c2O)o1,ClCCl,605.0
1230,CCCCC1=Cc2c3ccc4cccc5ccc(c6cc(-c7ccc(N(c8ccccc8)c8ccccc8)cc7)n(c26)P1(=O)c1ccccc1)c3c45,C1COCCO1,526.0
10635,O=Cc1ccc(-c2cccc(-c3nc4ccccc4s3)c2O)s1,O,595.0
9695,CCN(CC)c1ccc2cc(/C=C(\C#N)c3nc4ccccc4s3)c(=O)oc2c1,CN(C)C=O,605.0
3046,CCN(CC)c1ccc2cc(/C=C/C3=C4CC/C(=C\c5cc6ccc(N(CC)CC)cc6oc5=O)C4=[O+][B-](F)(F)O3)c(=O)oc2c1,ClC(Cl)Cl,706.0
5705,Cc1ccc(OCc2cc(=O)oc3c2ccc2ccccc23)cc1,C1COCCO1,422.0
7957,COc1ccc(-c2ccc(-c3ccc(C#N)s3)s2)cc1,CCO,474.0
11842,F[B-]1(F)Oc2ccccc2-c2n(-c3ccc(C(F)(F)F)cc3)c(-c3ccccc3)c(-c3ccccc3)[n+]21,C1CCOC1,390.0
2915,CCc1c(C)[nH]c(C2=[N+]3C(=Cc4c(C)c(CC)c(/C=C/c5ccc(N(C)C)cc5)n4[B-]3(F)F)c3ccccc32)c1C,CCCCCC,740.0
11118,N#Cc1ccc2c(c1)CCc1nc(-c3ccc([N+](=O)[O-])cc3)c3c(c1-2)CCc1cc(C#N)ccc1-3,CO,475.0
7948,COc1ccc(C2=C3C=c4c(oc5ccccc45)=[N+]3[B-](F)(F)n3c2cc2c4ccccc4oc23)cc1,CCOC(C)=O,594.0
9322,CCCCn1c2ccc(C#N)cc2c2cc(C#N)cc(-c3ccc(N(c4ccccc4)c4ccccc4)cc3)c21,Cc1ccccc1,415.0
7545,CC(C)(C)NC(=O)c1c([Si](C)(C)C)cc2ccc3cccc4ccc1c2c34,ClC(Cl)Cl,383.0
3988,COc1cc(OC)c2c3c([nH]c2c1)C(=O)CCC3,C1CCOC1,410.0
4251,CN(C)c1ccc(/C=C/c2nc3ccc(N(C)C)cc3oc2=O)cc1,CC#N,650.0
6111,CC(C)(C)c1ccc2c(c1)sc1[n+]2[B-](F)(F)n2c(c3cccc4c(Br)ccc2c43)=C1C#N,C1CCOC1,563.0
6828,c1ccc2cc(-n3cnc4ccccc43)ccc2c1,CC#N,376.0
10720,Fc1ccc(-c2cc3c4c(c2)CCc2cc(-c5ccc(F)cc5)cc(c2-4)CC3)cc1,CN(C)C=O,380.6751468
9449,Cc1cccc(C)c1N1C(c2ccccc2)=Cc2ccc3ccccc3[n+]2[B-]1(F)F,ClCCl,468.0
6204,C[C@]12SC(=O)C=C1c1nc(-c3ccccc3)[nH]c1C1=CC(=O)S[C@@]12C,CC#N,513.0
3293,CCN(CC)c1ccc2c(C#N)c(/C=C(\C#N)c3nc4ccccc4s3)c(=O)oc2c1,CC#N,679.0
4034,COC(=O)C(Cc1ccc2oc(-c3ccc(N(C)c4ccccc4)cc3)nc2c1)NC(=O)OC(C)(C)C,CN(C)C=O,515.995872
2725,C(#Cc1ccccc1)C(C#Cc1ccccc1)=Cc1ccc2cc(C=C(C#Cc3ccccc3)C#Cc3ccccc3)ccc2c1,ClC(Cl)Cl,473.0
4290,c1ccc(-c2ccc(-c3ccc(N(c4ccccc4)c4ccccc4)cc3)c3nsnc23)cc1,CCOCC,558.0
4334,CN1/C(=C/C=C(/C=C/C2=[N+](C)c3ccccc3C2(C)C)c2ccccc2)C(C)(C)c2ccccc21,O,661.0
2552,CC(C)(C)c1ccc(-c2nc3c4ccccc4c4ccccc4c3n2-c2ccc(C(C)(C)C)cc2)cc1,ClCCl,392.0
3877,CN(C)c1ccc(C(=O)Nc2ccc(F)cc2)cc1,C1CCCCC1,452.0
6205,COc1ccc(-c2c3ccc([nH]3)c3nc(c(-c4ccc(C#N)cc4)c4ccc([nH]4)c4ccc([nH]4)c(-c4ccc(OC)cc4)c4ccc2o4)C=C3)cc1,Cc1ccccc1,724.0
383,CCCCCCCCCCCCOc1cc(/C=C/c2ccc3c(c2)C(CC)(CC)c2cc(N4c5ccccc5Sc5ccccc54)ccc2-3)c(OCCCCCCCCCCCC)cc1/C=C/c1ccc2c(c1)C(CC)(CC)c1cc(N3c4ccccc4Sc4ccccc43)ccc1-2,C1CCOC1,474.0
11998,Fc1ccc(Nc2ccc3ccccc3n2)cc1,Cc1ccccc1,405.14
6879,CCCCC#Cc1cccc2cc(CCCC)c3cc(-c4cc[b-]5c(c4)c(CCCC)cc4cccc(C#CCCCC)[n+]54)cc[b-]3[n+]12,C1CCCCC1,598.0
7485,CCCCCCC(CCCCCC)N1C(=O)c2cccc3c(-c4cc(OC)c(OC)c(OC)c4)ccc(c23)C1=O,CCCCCC,440.2
4753,Cc1oc(-c2ccccc2)nc1C(=O)O,CC#N,323.0
4886,Cc1ccc(-n2c3ccccc3c3cc(C(=C(C#N)C#N)c4ccccc4)ccc32)cc1,CC#N,545.0
857,CN(C)c1ccc(/C=C/C=C/C=C/c2ccc(B(O)O)cc2)cc1,C1CCCCC1,470.0
370,COc1ccc(-c2ccc(OC)cc2)cc1,C1CCCCC1,363.7686431
6539,CN(C)c1ccc2c(c1)C(=O)NC2=O,C1COCCO1,457.0
10251,O=C(/C=C(\O)c1ccc(N2c3ccccc3Oc3ccccc32)cc1)c1ccc(N2c3ccccc3Oc3ccccc32)cc1,Cc1ccccc1,594.0
2561,O=C1NC(=O)/C(=C\c2ccccc2O)S1,OCCO,440.0
3801,CCCCCCCCC1(CCCCCCCC)c2cc3c(cc2-c2sc(-c4ccc(/C=C5\SC(SCC)=NC5=O)c5nsnc45)cc21)C(CCCCCCCC)(CCCCCCCC)c1cc(-c2ccc(/C=C4\SC(SCC)=NC4=O)c4nsnc24)sc1-3,ClC(Cl)Cl,718.0
2640,CCCC1(CCC)c2cc(-c3ccc(C(C)(C)CC)cc3)ccc2-c2ccc(-c3ccc(C(C)(C)CC)cc3)cc21,C1CCCCC1,368.0
5455,COc1cc2c(cc1/C=C/C1=CC(=C(C#N)C#N)CC(C)(C)C1)c1ccccc1n2C,C1CCOC1,609.0
10630,CC(C)c1cccc(C(C)C)c1N1C(=O)c2cccc3c(Oc4ccc(C(C)(C)C)cc4)ccc(c23)C1=O,ClCCl,434.0
4490,COc1ccc(-c2ccc3c(c2)C=Cc2cc(-c4ccc(OC)cc4)ccc2[Si]3(C)C)cc1,ClCCl,391.0
2347,c1ccc2cc3cc(-c4cc(-c5nccs5)nc(-c5nccs5)c4)ccc3cc2c1,CC#N,474.0
649,COC(=O)/C=C/C1=CC2=C(c3c(C)cc(C)cc3C)c3cccn3[B-](F)(F)[N+]2=C1,ClCCl,570.0
6859,COC(=O)C(Cc1ccc2oc(-c3ccc(Nc4ccccc4)cc3)nc2c1)NC(=O)OC(C)(C)C,c1ccccc1,398.5016339
2781,CCCCNc1ccc2c3c(cccc13)C(=O)N(c1ccc(OCc3cc(Oc4ccc5c6c(cccc46)C(=O)N(CCCC)C5=O)cc(Oc4ccc5c6c(cccc46)C(=O)N(CCCC)C5=O)c3)cc1)C2=O,CC#N,520.0
8355,FC(F)(F)C(F)(F)C(F)(F)C(F)(F)C(F)(F)C(F)(F)CCOc1nnc(Cl)nn1,OCC(F)(F)F,555.0
10468,COc1ccc(-c2cc(C)nc(-c3ccc(-n4c5ccccc5c5ccccc54)cc3)n2)cc1,ClC(Cl)Cl,406.0
10638,C=CCOC(=O)C(C#N)=C1C=C(/C=C/c2ccc(N(C)C)cc2)OC(/C=C/c2ccc(N(C)C)cc2)=C1,ClC(Cl)Cl,585.0
11773,CCN(CC)c1ccc2ccc(=O)oc2c1,Cc1ccccc1,418.0
7207,CCOC(=O)c1ccccc1-c1c2ccc(=[N+](CC)CC)cc-2oc2c1c(=O)oc1c3c4c(cc12)CCCN4CCC3,CCO,681.0
5944,CC1(C)c2ccccc2N(c2ccc3c(c2)-c2cc(N4c5ccccc5C(C)(C)c5ccccc54)ccc2P3(=O)c2ccccc2)c2ccccc21,c1ccc2c(c1)c1ccccc1n2-c1ccc(-c2ccc(-n3c4ccccc4c4ccccc43)cc2)cc1,501.0
8416,CSc1sc(C(=O)c2ccccc2)c2nn[nH]c(=O)c12,C1CCOC1,482.0
615,COc1ccc(C(=O)/C=C2\C(=O)Nc3ccccc32)c(OC)c1,CC(C)O,411.0
10340,Nc1ccc2c(C(F)(F)F)cc(=O)oc2c1,CO,487.0
2575,COc1ccc(C#Cc2ccc(C#N)cc2)cc1,CC#N,411.0
53,CCN(CC)c1ccc(-n2c(C)ccc2C)cc1,CCCCCC,345.0
8756,COC(=O)c1nc2c(N(C)C)nc(N)nc2n1Cc1ccccc1,C1COCCO1,391.0
3340,N#Cc1cccc(N)c1,OCC(F)(F)F,380.0
9304,C(S/C=C/c1ccc(-c2ccc(/C=C/SC=C(c3ccccc3)c3ccccc3)cc2)cc1)=C(c1ccccc1)c1ccccc1,ClCCl,441.0
1705,COc1ccc(-c2nc3c(c4c2-c2ccccc2CC4)-c2ccccc2CC3)cc1,ClCCl,424.0
11095,CN(C)c1ccc(/C=C/c2ncnc3ccccc23)cc1,C1CCOC1,537.0
8262,CCCCC1(CCCC)c2ccccc2-c2ccc(-c3c4c(nc5ccccc35)-c3cc5c(cc3CC4)-c3nc4ccccc4c(-c4ccc6c(c4)C(CCCC)(CCCC)c4ccccc4-6)c3CC5)cc21,ClC(Cl)Cl,385.0
8223,c1ccc(-c2ccc(-c3ccc(-c4ccccc4)cc3)cc2)cc1,C1CCOC1,368.0
1493,COc1cc(OC)c2c3c([nH]c2c1)C(=O)CCC3,CO,466.0
5876,CC(C)(C)c1ccc2c(c1)c1cc(C(C)(C)C)ccc1n2-c1cccc(-c2nc(-c3cccc(-n4c5ccc(C(C)(C)C)cc5c5cc(C(C)(C)C)ccc54)c3)nc(-c3cccc(P(=O)(c4ccccc4)c4ccccc4)c3)n2)c1,Cc1ccccc1,481.2108559
12217,CC(C)[Si](C#Cc1c2cc3ccccc3cc2c(C#C[Si](C(C)C)(C(C)C)C(C)C)c2nc3c(ccc4ccccc43)nc12)(C(C)C)C(C)C,CCCCCC,661.0
8344,CCCCCCc1ccc2c(/C=N/c3ccc(/N=C/c4c(O)ccc5cc(CCCCCC)ccc45)cc3)c(O)ccc2c1,Cc1ccccc1,546.0
803,CCCCC1(c2ccccc2)Nc2c(-c3ccc(OC)cc3)ccc(-c3ccc(OC)cc3)c2N=C1c1ccccc1,ClC(Cl)Cl,537.0
4953,Oc1ccccc1/N=C/c1ccccc1Oc1ccccc1,C1CCOC1,412.0
7743,C(=C/c1cccc2ccccc12)\c1ccc(-c2nnc(-c3ccc(-c4cc5ccccc5s4)cc3)o2)cc1,CCCCCO,438.0
1812,Cc1cc(O)c(C(C)C)cc1/N=C/c1ccc(C(F)(F)F)cc1,OCCO,438.0
9344,CC1=CC(C)=[N+]2C1=C(c1c3ccccc3c(C)c3ccccc13)c1c(C)cc(C)n1[B-]2(F)F,ClCCl,519.0
990,CCOC(=O)C(C(=O)OCC)C1=[N+]2C(=C(c3ccc(C)cc3)c3ccc(Cl)n3[B-]2(F)F)C=C1,CO,522.0
2774,c1ccc(-c2nn(-c3ccccc3)c3nc4ccc(N(c5ccccc5)c5cccc6ccccc56)cc4cc23)cc1,CC#N,555.247085
9629,N#C/C(=C\c1cn(-c2ccccc2)nc1-c1ccccc1)c1nc2ccccc2s1,CCOC(C)=O,458.0
2448,CC1(C)c2ccccc2N(c2ccc(-c3nnc(-c4ccccc4O)o3)cc2)c2ccccc21,CCO,547.0
3513,COc1ccc(/C=N/c2cc(C(C)C)c(O)cc2C)cc1,CC(C)O,413.0
8514,CC(C)(C)c1ccc(-c2nc3c4ccccc4c4ccccc4c3n2-c2ccc(C(C)(C)C)cc2)cc1,CC#N,389.0
10282,CC(=O)c1c2c(cc3ccc(N(C)C)cc13)CCC2,ClCCl,510.0
219,CCN1c2ccc(-c3cc(C(F)(F)F)[nH]n3)cc2Sc2cc(-c3cc(C(F)(F)F)[nH]n3)ccc21,ClCCl,467.0
2942,CCCCCCCCCCCCCCCCOc1cc(C#Cc2ccc3ccccc3c2)c(OCCCCCCCCCCCCCCCC)cc1C#Cc1ccc(C=C(C#N)C#N)cc1,C1CCOC1,602.0
1288,O=C(O)C1=CC(=C/C=[N+]2/c3cc(O)c(C[C@@H]4O[C@H](CO)[C@@H](O)C(O)[C@H]4O)cc3C[C@H]2C(=O)O)C=C(C(=O)O)N1,[2H]O[2H],620.0
3163,CN(C)c1ccc2cc(C3=[O+][B-](F)(F)OC(c4ccc(C#N)cc4)=C3)ccc2c1,ClCCl,638.0
4678,CCc1c(C)c2n(c1C)[B-](F)(F)[N+]1=C(c3ccc[nH]3)c3ccccc3C1=C2C,CO,622.0
2618,O=C1OC(=O)c2ccc(N(c3ccccc3)c3ccc4ccccc4c3)c3cccc1c23,C1CCOC1,621.0
3612,O=Cc1cc(C=O)c2ccc3c(N4CCCCC4)cc(N4CCCCC4)c4ccc1c2c43,CCCCCC,557.0
43,CC(C)[Si]1(C(C)C)c2cc(C=O)ccc2-c2ccc(N(C)C)cc21,CS(C)=O,541.0
7871,C(=C/c1ccnc2ccccc12)\c1ccc(/C=C/c2ccnc3ccccc23)cc1,CCCO,438.0
9806,Oc1cccc(/N=C/c2ccccc2Oc2ccccc2)c1,c1ccccc1,414.0
10888,Cc1cc(O)c(C(C)C)cc1/N=C/c1ccc(C(F)(F)F)cc1,CC(C)(C)O,431.0
9803,Oc1cccc(-c2c3nc(c(-c4cccc(O)c4)c4ccc([nH]4)c(-c4cccc(O)c4)c4nc(c(-c5cccc(O)c5)c5ccc2[nH]5)C=C4)C=C3)c1,CN(C)C=O,649.0
3792,O=C1c2cccn2[B-](F)(F)[n+]2ccccc21,C1COCCO1,581.0
3571,Cc1cc(O)c(C(C)C)cc1/N=C/c1ccc(O)cc1,CCOC(C)=O,405.0
12237,COc1ccc(-c2ccc(-c3ccc(C#N)s3)s2)cc1,CO,476.0
1503,C=CCNc1ccc2ccc3oc4cc(=[N+](C)C)ccc-4nc3c2c1,ClCCl,620.0
8289,CN(C)c1ccc2cc(C#Cc3cn([C@H]4C[C@H](O)[C@@H](CO)O4)c4ncnc(N)c34)ccc2c1,CC(C)O,419.0
12054,C(=C/c1ccnc2ccccc12)\c1ccc(/C=C/c2ccnc3ccccc23)cc1,CN(C)C=O,440.0
7596,Cc1nc2cccc(-c3nc4ccc(Cl)cc4o3)c2c(=O)[nH]1,CN(C)C=O,401.0
3439,CCOC(=O)c1ccccc1-c1c2ccc(=[N+](CC)CC)cc-2oc2c1oc1cc(N)ccc12,ClCCl,627.0
1892,CN(C)c1ccc(/C=C/C=C/c2ccc(C#N)cc2)cc1,CCCC#N,579.0
11820,C1=CSC(=C2SC=C(/C=C/C=C/C=C/C3=CSC(=C4SC=CS4)S3)S2)S1,C1COCCO1,703.0
11431,c1ccc2c(c1)CCc1c-2cnc2c1-c1ccccc1CC2,Cc1ccccc1,362.0
9305,COC(=O)c1cc(=O)n(C)c2cc(-c3cc4c5c(c3)CCCN5CCC4)sc12,CCO,508.0
5255,[C-]#[N+]c1ccc(-c2ccc(NC)cc2)cc1,ClC(Cl)Cl,400.0
1955,CN(C)c1ccc(/C=C2\CCCC2=O)cc1,CCOC(C)=O,448.0
11549,CCCC1(CCC)c2cc(-c3ccccc3)ccc2-c2ccc(-c3ccc4c(c3)C(CCC)(CCC)c3cc(-c5ccccc5)ccc3-4)cc21,C1CCCCC1,387.0
5167,Cc1ccc(C2=C3C=C(I)C=[N+]3[B-](F)(F)n3cccc32)cc1,C1CCCCC1,540.0
4814,CN(C)c1ccc(/C=C/C=C2\CC/C(=C\c3ccc(N(C)C)cc3)C2=O)cc1,ClC(Cl)(Cl)Cl,515.0
3575,CCCCc1cc(C=O)c2ccc3c(CCCC)cc(N4CCCCC4)c4ccc1c2c34,CCCCCC,488.0
6460,CCC12C(=C3C(=C4c5ccc(-c6ccc(C)s6)cc5S(=O)(=O)C41CC)C(F)(F)C(F)(F)C3(F)F)c1ccc(-c3ccc(C)s3)cc1S2(=O)=O,ClCCl,599.7802198
1505,CCN(CC)c1ccc2cc3ccc(=[N+](CC)CC)cc-3oc2c1,O,555.0
8483,CCN(CC)c1ccc2cc(/C=C(\C#N)c3nc4ccccc4o3)c(=O)oc2c1,CN(C)C=O,594.0
670,C1=CSC(=C2SC=C(/C=C/C=C/C=C/C3=CSC(=C4SC=CS4)S3)S2)S1,ClC(Cl)Cl,730.0
6491,O=c1oc2ccc(Cl)cc2cc1-c1cc2cc(Cl)ccc2o1,CCOC(C)=O,429.0
7048,Cc1cc(O)c(C(C)C)cc1/N=C/c1ccc(O)cc1,ClCCl,412.0
10508,Fc1ccc(C#Cc2cc(C#Cc3ccc(F)cc3)c(C#Cc3ccc(F)cc3)c(C#Cc3ccc(F)cc3)c2C#Cc2ccc(F)cc2)cc1,ClCCl,421.0
10913,Cc1cc(C)c(C)c(-c2ccc3cc(C)c(=O)oc3c2)c1C,CC#N,388.0
1085,CN(C)c1ccc(/C=C/c2ccc(-c3nc(C#N)c(C#N)n3C)cc2)cc1,CO,514.0
897,Oc1ccc2ccc3cccc4ccc1c2c34,CS(C)=O,391.098596
3306,O=C1/C(=C\c2ccc3oc4ccccc4c3c2)S(=O)(=O)c2ccccc21,CS(C)=O,449.0
7581,O=C1O[B-]2(OC1=O)OC(c1ccccc1)=CC(c1ccc3ccccc3c1)=[O+]2,CC#N,555.0
8026,CCCCC[n+]1ccc(/C=C/c2ccc(N(C)C)c3ccccc23)c2ccccc21,O,697.0
6239,CC(C)(C)c1ccc2c(c1)c1cc(C(C)(C)C)ccc1n2-c1ccc(-n2c3ccc(C(C)(C)C)cc3c3cc(C(C)(C)C)ccc32)c(C(=O)c2ccncc2)c1,CCCCCC,476.8382353
2666,Fc1ccc(Nc2ccc3ccccc3n2)cc1,CCO,458.86
7646,CCCCCCN1C(=O)c2cccc3c(-c4ccc(Cl)s4)ccc(c23)C1=O,ClC(Cl)Cl,482.0
3193,CN(C)c1cc(C#N)c(N(C)C)c(C#N)c1,CCCCCOCCCCC,505.8168943
2890,COC(=O)CC1(C(=O)O)Oc2c(c(C(C)=O)c3c(c2C(C)=O)OCO3)O1,CC#N,547.0
6003,COC(=O)/C=C/c1sc(-c2ccc(N(C)C)cc2)cc1N,CC#N,609.0
7739,COc1ccc(C#Cc2cc(C#Cc3ccc(OC)cc3)c(C#Cc3ccc(OC)cc3)c(C#Cc3ccc(OC)cc3)c2C#Cc2ccc(OC)cc2)cc1,ClCCl,437.0
9356,N#Cc1coc2ccccc2c1=O,CS(C)=O,490.0
4739,Cn1c(=O)c(-c2ccccc2)nc2ccccc21,c1ccccc1,424.0
2621,CN(C)c1ccc2c3c(c(=O)oc2c1)C=c1cc2c(cc1O3)=[N+](CCC(=O)O)CCC2,CC#N,644.0
8878,CCOC(=O)c1cc(C(=O)OCC)c2ccc(O)cc2n1,CCO,474.0
6202,CCN1c2ccc(/C=N/Nc3ccccn3)cc2Sc2cc(/C=N/Nc3ccccn3)ccc21,CS(C)=O,507.0
9464,CCOC(=O)c1csc2[n+]1[B-](F)(F)OC(c1ccc(N(C)C)cc1)=N2,C1CCOC1,459.0
9609,NS(=O)(=O)c1ccc(N2N=C(c3ccc(O)cc3)CC2c2ccc(Br)cc2)cc1,CC(C)O,423.0
8582,CCCCCCCCCCCCN1C(=O)c2c(c3ccc4cc(-c5ccc(N(C)C)cc5)c(OC)cc4c3c3c2ccc2cc(-c4ccc(N(C)C)cc4)c(OC)cc23)C1=O,ClCCl,620.0
5813,CC1=C(Br)C(C)=[N+]2C1=C(c1c(-c3ccccn3)nc3ccccn13)c1c(C)c(Br)c(C)n1[B-]2(F)F,ClCCl,571.0
2,COc1ccc([C@@H]2C[C@](O)(c3ccccn3)C[C@](O)(c3ccccn3)[C@H]2C(=O)c2ccc(N(c3ccccc3)c3ccccc3)cc2)cc1,ClCCl,513.0
5970,COc1cc(/C=C2/SC(=O)NC2=O)cc(OC)c1O,OCC(O)CO,457.0
2370,F[B-]1(F)n2c(-c3cccs3)cc(-c3ccccc3)c2N=C2C(c3ccccc3)=CC(c3cccs3)=[N+]21,ClCCl,740.0
3804,CCC1=C(C)C2=C(C)c3c(I)c(I)cn3[B-](F)(F)[N+]2=C1C,C1CCCCC1,538.5
1769,CN(C)c1ccc(-c2ccc(/C=C/c3ccncn3)cc2)cc1,ClCCl,570.0
10419,Oc1ccc(/N=C/c2ccccc2Oc2ccccc2)cc1,CCCCCC,428.0
10811,c1ccc(N(c2ccccc2)c2c3ccccc3cc3ccccc23)cc1,Cc1ccccc1,489.0
6079,F[B-]1(F)n2cccc2C(c2ccccc2)=C2C=CC(c3cccc(OC4=[N+]5C(=C(c6ccccc6)c6cc(Br)c(Br)n6[B-]5(F)F)C=C4Br)c3)=[N+]21,ClC(Cl)Cl,568.0
531,CCN(CC)c1ccc2cc(-c3ccc(C(F)(F)F)cc3)oc(=O)c2c1,CO,475.0
10567,CCCCCCCCCCCCCCCCOc1cc(C#Cc2ccc3ccccc3c2)c(OCCCCCCCCCCCCCCCC)cc1C#Cc1ccc(C=C(C#N)C#N)cc1,ClC(Cl)Cl,596.0
8181,CC/[NH+]=c1\cc2oc3cc(NCCC(=O)NC(C(=O)OC)c4ccccc4)c4ccccc4c3nc-2cc1C,CCO,644.0
10603,CC[N+]1=C(/C=C/c2c(C)nn3c(-c4ccc(OC)cc4)ccnc23)C(C)(C)c2ccccc21,CCO,534.0
6476,COC(=O)C(Cc1ccc2oc(-c3ccc(N(C)c4ccccc4)cc3)nc2c1)NC(=O)OC(C)(C)C,Cc1ccccc1,419.4630872
6977,CCN(CC)c1ccc(/C=N/C2CCCCC2/N=C/c2ccc(N(CC)CC)cc2O)c(O)c1,CC#N,426.0
10925,CCCCCCc1cc2c3cscc3c3cc(CCCCCC)sc3c2s1,ClC(Cl)Cl,442.0
10384,CC1(C)C(/C=C/c2cc3ccc(O)cc3oc2=O)=[N+](CCCS(=O)(=O)[O-])c2ccc(S(=O)(=O)O)cc21,CCO,648.0
3120,c1ccsc1,ClCCl,247.0
11047,O=C(O)c1ccc2ccc3cccc4ccc1c2c34,CN(C)C=O,388.0
6259,CC(C)c1ccc2ccc3cccc4ccc1c2c34,CO,376.0
731,C(=C1c2ccccc2CCc2ccccc21)c1ccc(C=C2c3ccccc3CCc3ccccc32)cc1,C1CCOC1,406.0
3406,CN(C)c1ccc(/C=C/C=C/C=C/c2ccc(N(C)C)cc2)cc1,ClC(Cl)Cl,489.0
5991,N#Cc1ccc(/C=C/C=C/c2ccc([N+](=O)[O-])cc2)cc1,C1COCCO1,463.0
6328,Fc1ccc(N(c2ccc(F)cc2)c2ccc3c4cccc5c(N(c6ccc(F)cc6)c6ccc(F)cc6)ccc(c6cccc2c63)c54)cc1,Cc1ccccc1,540.0
8500,CN(C)c1cc(C#N)c(N(C)C)c(C#N)c1,CCC#N,525.7623554
2565,CCCCCCCCCCCCCCCCCCOc1ccc([B-]23NC(c4ccccc4)=Nc4cccc([n+]42)N=C(c2ccccc2)N3)cc1,ClCCl,511.0
2581,CN(C)c1ccc(-c2nc(-c3ccc(N(C)C)cc3)c3ccccc3n2)cc1,C1CCCCC1,436.0
10017,N#CC(C#N)=Cc1ccc(-c2ccc(O)c(-c3nc4ccccc4s3)c2)o1,CCO,632.0
2607,CCN(CC)c1ccc2cc(C#N)/c(=N\C(=O)c3ccc(C)cc3)oc2c1,ClCCl,502.0
11610,CC1=CC(/C=C/c2ccc3ccc4cccc5ccc2c3c45)=[N+]2C1=C(c1ccccc1)c1c(C)cc(/C=C/c3ccc4ccc5cccc6ccc3c4c56)n1[B-]2(F)F,CC1CCCO1,720.0
2104,c1cc(-c2c3ccccc3cc3ccccc23)cc(-c2c3ccccc3cc3ccccc23)c1,C1CCOC1,397.0
11393,CCN(CC)c1ccc2cc(-c3ccc(C(F)(F)F)cc3)oc(=O)c2c1,CCCO,470.0
9804,c1ccc(N(c2ccccc2)c2ccc(-c3cccc4nc5ccccc5cc34)cc2)cc1,CC#N,572.0
11210,O=C1c2ccccc2-c2ccc(N3CCN(c4ccccc4)CC3)c3cccc1c23,CCCO,586.0
4994,CN(C)c1ccc(C#Cc2ccc3ccc4c(C#Cc5ccc(N(C)C)cc5)ccc5ccc2c3c54)cc1,CO,554.0
11141,C(=C/c1cc(/C=C/c2ccc(N(c3ccccc3)c3ccccc3)cc2)nc(/C=C/c2ccc(N(c3ccccc3)c3ccccc3)cc2)n1)\c1ccc(N(c2ccccc2)c2ccccc2)cc1,ClCCl,544.0
5057,Cc1ccccc1C,C1CCCCC1,291.3752914
658,CC1(C)Cc2c(c3ccccc3c3nc4ccccc4nc23)O1,CO,529.1005291
4434,c1ccc(-c2nc(-c3ccccc3)nc(-c3ccc(-n4c5ccc(-n6c7ccccc7c7ccccc76)cc5c5cc(-n6c7ccccc7c7ccccc76)ccc54)cc3)n2)cc1,Cc1ccccc1,458.0
11642,O=[N+]([O-])c1ccc([N+]2=Cc3ccc4c5c(ccc4c3O[B-]2(c2c(F)c(F)c(F)c(F)c2F)c2c(F)c(F)c(F)c(F)c2F)C=[N+](c2ccc([N+](=O)[O-])cc2)[B-](c2c(F)c(F)c(F)c(F)c2F)(c2c(F)c(F)c(F)c(F)c2F)O5)cc1,CC#N,615.0
3816,CCCCCCC(CCCCCC)N1C(=O)c2cccc3c(-c4ccc(C#N)cc4)ccc(c23)C1=O,Cc1ccccc1,427.5
6773,Cc1cc(C)n2c1C=C1c3ccccc3C(c3[nH]c4ccccc4c3C)=[N+]1[B-]2(F)F,C1CCOC1,628.0
11552,CCC1(CC)c2cc(C=C(C#N)C#N)ccc2-c2ccc(N(C)C)cc21,ClCCl,631.0
7260,CC(C)(C)c1cc2ccc3cc(C(C)(C)C)cc4c3c2c(c1)c(=O)n1c4nc2c3cc(C(C)(C)C)cc4ccc5cc(C(C)(C)C)cc(c5c43)c21,CC#N,551.0
3904,CCCCCCCCC1(CCCCCCCC)c2cc(C#Cc3ccc(N(c4ccccc4)c4ccccc4)cc3)ccc2-c2ccc(C=O)cc21,CN(C)C=O,555.0
10908,COc1ccc(C2=CC(c3ccc4cc(N(C)C)ccc4c3)=[O+][B-](F)(F)O2)cc1,ClCCl,631.0
6811,COc1cc(OC)cc(-c2nnc(-c3cc(-c4nnc(-c5cc(OC)cc(OC)c5)o4)cc(-c4nnc(-c5cc(OC)cc(OC)c5)o4)c3)o2)c1,C1CCOC1,402.0
8845,CC[N+](CC)=c1ccc2cc3oc4cc(N)ccc4c3oc-2c1,CCO,629.0
3700,N#C/C=C/c1ccc2ccc3cccc4ccc1c2c34,ClCCl,434.0
9372,CC(C)(C)C1Nc2c(Cl)cc(Cl)cc2C(=O)N1Cc1ccccc1,c1ccccc1,407.0
1788,C1=C(c2ccc(-c3cccs3)s2)CCC(c2ccccc2)C1,CCO,411.0
6314,Cc1cc(=O)oc2c1cc(Br)c1occ(C)c12,CCO,416.0
3645,CC(C)(C)c1ccc(-c2ccc3c(-c4ccc(C(C)(C)C)c5ccccc45)cc4c5cc(-c6ccc(C(C)(C)C)c7ccccc67)ccc5c(-c5ccc(C(C)(C)C)c6ccccc56)cc4c3c2)c2ccccc12,ClCCl,405.0
1776,CC1=CC(C)=[N+]2C1=C(c1c(F)c(F)c(NCCCCCCNP(=O)(OC(C)C)OC(C)C)c(F)c1F)c1c(C)cc(C)n1[B-]2(F)F,CC#N,525.0
192,CC(=O)c1nc(-c2ccc(N(c3ccccc3)c3ccccc3)cc2)oc1C,CC#N,452.0
8402,Cc1cc(C)c(B(c2ccc(-n3c4ccccc4c4ccccc43)cc2)c2c(C)cc(C)cc2C)c(C)c1,ClCCl,434.0
10540,CN(C)c1ccc(/C=C2\CC/C(=C\c3ccc(N(C)C)cc3)C2=O)cc1,CS(C)=O,588.0
5388,CC(C)(C)c1ccc2c(c1)c1cc(C(C)(C)C)ccc1n2-c1ccc(-c2nc(-c3ccc(P(=O)(c4ccccc4)c4ccccc4)cc3)nc(-c3ccc(P(=O)(c4ccccc4)c4ccccc4)cc3)n2)cc1,Cc1ccccc1,454.8216645
8441,CCCCn1c2ccccc2c2c1c1c3ccccc3n(CCCC)c1c1c3ccccc3n(CCCC)c21,C1CCOC1,396.0
4951,c1ccc(-c2nc3c(c4c2-c2ccccc2CC4)-c2ccccc2CC3)cc1,CS(C)=O,360.0
2687,CCN(CC)c1ccc2c(C(F)(F)F)cc(=O)oc2c1,OCC(O)CO,524.0
4390,COc1ccc(C2CC(c3ccc(O)cc3)=NN2c2ccc(S(N)(=O)=O)cc2)cc1,CO,432.0
4927,CCCCC[n+]1ccc(/C=C/c2ccc(N(C)C)c3ccccc23)c2ccccc21,CS(C)=O,720.0
5552,N#Cc1ccc(-n2cccc2)cc1,CC#N,460.0
11588,Cc1cc(C)c(-c2nnc(-c3ccc(-n4c5ccccc5c5ccccc54)cc3)o2)c(C)c1,CCO,435.0
238,CCCCCCCCCCCCOc1cc2c(cc1OCCCCCCCCCCCC)C1=C3C(=O)N4C=Cc5cc(OCCCCCCCCCCCC)c(OCCCCCCCCCCCC)cc5C4=C3C(=O)N1C=C2,CN(C)C=O,602.0
11354,COc1cc(OC)cc(-c2ccc(-c3ccc(C#N)s3)s2)c1,Cc1ccccc1,439.0
8398,COC(=O)C(Cc1ccc2oc(-c3ccc(N(C)c4ccccc4)cc3)nc2c1)NC(=O)OC(C)(C)C,CC(C)O,495.000495
6901,COCCOCCOCCOc1ccc(/C=C/C2=[N+]3C(=C(c4cc(OC)cc(OC)c4)c4c(C)c(I)c(/C=C/c5ccc(OCCOCCOCCOC)cc5)n4[B-]3(F)F)C(C)=C2I)cc1,CS(C)=O,695.0
8979,C[Si](C)(C)C#Cc1cccc2ccccc12,C1CCCCC1,336.0
12146,COc1cc(OC)cc(C2=[O+][B-](F)(F)OC(c3ccc4cc(OC)ccc4c3)=C2)c1,CC#N,550.5043587
8879,Cc1ccc(C2=C3C=CC(Cl)=[N+]3[B-](F)(F)n3c(Cl)ccc32)cc1,CCOC(C)=O,521.0
5097,COC(=O)c1cc(=O)n(C)c2cc(-c3cc4c5c(c3)CCCN5CCC4)sc12,CO,493.0
8877,O=P(c1ccc(N2c3ccccc3Oc3ccccc32)cc1)(c1ccc(N2c3ccccc3Oc3ccccc32)cc1)c1ccc(N2c3ccccc3Oc3ccccc32)cc1,C1CCOC1,503.8505096
9159,COc1cccc(-n2c(-c3ccc(O)cc3)nc(C)c2C)c1,CC#N,364.0
10462,CN(C)CCCN1c2ccccc2Sc2ccc(C(F)(F)F)cc21,CO,463.0
3552,CC(C)(C)c1ccc2c(c1)c1cc(C(C)(C)C)ccc1n2-c1cccc2c1Oc1c(-c3nc(-c4ccccc4)nc(-c4ccccc4)n3)cccc1C2(C)C,C1CCCCC1,428.0
12224,CCn1c2ccccc2sc2c(C#N)c3oc4ccccc4oc3c(C#N)c21,ClC(Cl)Cl,580.0
3360,C1=CC2C=c3c(cc4cccc5cc6ccccc6c3c45)C3=c4ccccc4=CC(=C1)C32,ClCCl,683.0
5628,O=C(/C=C/c1cn(-c2ccccc2)nc1-c1ccccc1)c1c(O)c2ccccc2oc1=O,ClC(Cl)Cl,493.0
7751,CCOC(=O)/C(C#N)=C(\C=C\c1ccc(N(c2ccccc2)c2ccc(/C=C/C(=C(/C#N)C(=O)OCC)c3ccccc3)cc2)cc1)c1ccccc1,CCOC(C)=O,602.0
5783,CCCN1/C(=C/C=C(/C=C/C2=[N+](CCC)c3ccccc3C2(C)C)c2ccc3ccccc3n2)C(C)(C)c2ccccc21,CS(C)=O,664.0
4507,N#Cc1ccc(-c2ccc3ncnc(Nc4ccccc4)c3c2)cc1,ClC(Cl)Cl,508.0
10358,Cc1ccc(-n2c(-c3ccccc3O)nc(-c3ccccc3O)c2-c2ccccc2O)cc1,ClCCl,445.0
146,COC(=O)C[C@H](Cc1c[nH]c2ccccc12)NC(=O)[C@H](CC(=O)N[C@@H](CC1=CCc2ccccc21)C(=O)OC)NC(=O)[C@H](Cc1c[nH]c2ccccc12)NC(=O)OC(C)(C)C,CO,338.0
9054,COc1ccc(C2=[N+]3C(=Nc4c(-c5ccc6ccccc6c5)c(Br)c(-c5ccc(OC)cc5)n4[B-]3(F)F)C(c3ccc4ccccc4c3)=C2Br)cc1,ClCCl,734.0
2294,c1ccc(-c2nc(-c3ccc(-c4ccc(-n5c6ccccc6c6ccccc65)cc4)cn3)oc2-c2ccccc2)cc1,CCOC(C)=O,408.0
7178,CC1=C(c2ccccc2)C(C)=[N+]2C1=C(c1ccccc1)c1c(C)c(-c3ccccc3)c(C)n1[B-]2(F)F,CO,550.0
8826,CCCCCCOc1ccc(C#Cc2ccc(-c3ccc(-c4ccc(C#Cc5ccc(OCCCCCC)c(OCCCCCC)c5)s4)c4nsnc34)s2)cc1OCCCCCC,CCOC(C)=O,635.0
11617,C#CCn1c2ccccc2c2cc(/C=C/c3c(Cl)c(C)c4n3[B-](F)(F)[N+]3=C(C)C(Cl)=C(C)C3=C4c3ccc(I)cc3)ccc21,CC#N,650.0
11828,O=C1/C(=C\c2ccc3oc4ccccc4c3c2)S(=O)(=O)c2ccccc21,CN(C)C=O,445.0
7081,CCn1c2ccccc2c2cc(C#Cc3cc(C#Cc4ccc5c(c4)c4ccccc4n5CC)nc(OC)n3)ccc21,CCOC(C)=O,442.0
4733,CN(C)c1cc(-c2ccccc2)cc2ccccc12,ClCCl,422.0
4384,O=c1cc(C(F)(F)F)c2cc3c4c(c2o1)CCCN4CCC3,CCOC(C)=O,501.0
8410,N#Cc1ccc(/C=C/C=C/c2ccccc2)cc1,CCCCCCC,406.0
4545,N#Cc1cc2ccccc2oc1=O,ClC(Cl)Cl,411.0
596,COc1ccc2c(=O)c3c([nH]c2c1)-c1ccccc1NC3(C)C,c1ccccc1,469.0
11135,COC(=O)C(Cc1ccc2oc(-c3ccc(N(C)c4ccccc4)cc3)nc2c1)NC(=O)OC(C)(C)C,CCCCO,488.997555
8640,CC(C)(C)c1ccc2c(c1)c1cc(C(C)(C)C)ccc1n2-c1cccc(-n2c3ccc(C(C)(C)C)cc3c3cc(C(C)(C)C)ccc32)c1C#N,O=P(c1ccccc1)(c1ccccc1)c1ccccc1Oc1ccccc1P(=O)(c1ccccc1)c1ccccc1,424.0
5164,CC(C)(C)c1ccc2c(c1)c1cc(C(C)(C)C)ccc1n2-c1ccc(C#Cc2ccc(C#Cc3ccc(-n4c5ccc(C(C)(C)C)cc5c5cc(C(C)(C)C)ccc54)cc3)cc2)cc1,ClCCl,437.0
11202,C=Cc1ccc(-c2ccc(-c3nnc(-c4ccc(-c5nnc(-c6ccc(-c7ccc(C=C)cc7)s6)o5)cc4)o3)s2)cc1,CCCCCCCCO,400.0
1647,COc1ccc(N(c2ccc(C=C(c3ccccc3)c3ccccc3)cc2)c2ccc(C=C(c3ccccc3)c3ccccc3)cc2)cc1,Cc1ccccc1,477.0
6815,CN(C)c1ccc2c3c(c(=O)oc2c1)C=c1cc2c(cc1O3)=[N+](CCC(=O)O)CCC2,O,641.0
2700,Cc1cccc(-c2c3ccccc3cc3ccccc23)n1,ClCCl,418.0
1700,Cc1ccc(-c2ccc(/C=C/c3ccccc3)cn2)nc1,CC#N,392.0
2773,COc1ccc(/C=C/c2cc(/C=C/c3ccc(OC)cc3)nc(/C=C/c3ccc(N(c4ccccc4)c4ccccc4)cc3)n2)cc1,CS(C)=O,622.0
6968,Cc1ccc2nc3c(=O)[nH]c(=O)[nH]c3nc2c1C,CC#N,461.0
8143,CC(=O)OC[C@@H]1O[C@H](n2cnc3c2N=CN2Cc4c[n+](C)c(C)nc4N=C32)[C@@H](O)[C@H]1O,CC#N,415.0
6219,CCCCCCCCCCOc1cc(OCCCCCCCCCC)cc(C2=C3C(C)=CC(/C=C/c4ccc(OC)cc4)=[N+]3[B-](F)(F)n3c(/C=C/c4ccc(OC)cc4)cc(C)c32)c1,ClC(Cl)Cl,660.0
86,CNc1ccc2nc3cc(Cl)c(Cl)cc3nc2c1,CCO,599.0
10050,COC(=O)C(NC(=O)OC(C)(C)C)c1ccc2oc(-c3ccc(OC(=O)c4ccccc4)cc3O)nc2c1,CC1CCCCC1,480.0
11087,CCOC(=O)/C(C#N)=C\c1cn(-c2ccccc2)nc1-c1ccccc1,ClCCl,428.0
10727,COC(=O)C(Cc1ccc2oc(-c3ccc4c(c3)c3ccccc3n4-c3ccccc3)nc2c1)NC(=O)OC(C)(C)C,CCCCCCO,385.9960628
2594,CC(C)(C)c1ccc(C2=CC3=C(c4ccccc4)c4cc(-c5ccc(C(C)(C)C)cc5)c(-c5ccc(C(C)(C)C)cc5)n4[B-](F)(F)[N+]3=C2c2ccc(C(C)(C)C)cc2)cc1,Cc1ccccc1,649.0
1029,Cc1ccccc1C1=C2C=c3c(oc4ccc(C(C)(C)C)cc34)=[N+]2[B-](F)(F)n2c1cc1c3cc(C(C)(C)C)ccc3oc12,CCOC(C)=O,602.0
136,CCCCc1ccc2c(c1)c1cc(CCCC)ccc1n2-c1ccc(S(=O)(=O)c2ccc(S(=O)(=O)c3ccc(-n4c5ccc(CCCC)cc5c5cc(CCCC)ccc54)cc3)cc2)cc1,c1cc(-n2c3ccccc3c3ccccc32)nc(-n2c3ccccc3c3ccccc32)c1,467.2413793
6972,Cc1cc(-c2nnc(-c3ccccc3)o2)ccc1-n1c2ccccc2c2ccccc21,CCO,445.0
7024,CC1=CC(C)=[N+]2C1=Cc1cccn1[B-]2(F)F,CO,503.0
2854,CC1(C)c2ccccc2N(c2ccc(C(=CC#N)c3ccc(N4c5ccccc5C(C)(C)c5ccccc54)cc3)cc2)c2ccccc21,Cc1ccccc1,519.0
1200,CCCCC(CC)Cn1c2cc(C#N)c(-c3ccc(N(c4ccccc4)c4ccccc4)cc3)cc2c2cc(-c3ccc(N(c4ccccc4)c4ccccc4)cc3)c(C#N)cc21,C1CCOC1,494.0
6121,C(=C/c1nc(/C=C/c2ccc(N(c3ccccc3)c3ccccc3)cc2)cc(/C=C/c2ccc(N(c3ccccc3)c3ccccc3)cc2)n1)\c1ccccc1,CC(C)=O,563.0
9451,COc1cc(OC)cc(-c2nnc(-c3cccc(-c4nnc(-c5cc(OC)cc(OC)c5)o4)c3)o2)c1,CC#N,396.0
6296,Fc1ccc(-c2nc3n(c2-c2ccncc2)CCS3)cc1,CC(C)O,436.0
3927,N#CC(C#N)=C(c1cccc(N(c2ccccc2)c2ccccc2)c1)c1cccc(N(c2ccccc2)c2ccccc2)c1,CC(C)=O,505.5793991
10819,OC1(c2ccc(-c3cccs3)s2)CCC(c2ccccc2)CC1,C1CCOC1,471.0
3606,CC(=O)c1nc(-c2ccc(N(C)C)cc2)oc1C,CCOC(C)=O,370.0
10919,O=[N+]([O-])c1ccc(/C=C/c2ccc3ncnc(Nc4ccccc4)c3c2)cc1,ClC(Cl)Cl,539.0
2330,CCCCCCn1c2ccccc2c2cc3c4cc5c6ccccc6n(CCCCCC)c5cc4c4cc5c(C)cc(=O)oc5cc4c3cc21,ClC(Cl)Cl,415.0
2187,Fc1c(F)c(F)c([B-]2(c3c(F)c(F)c(F)c(F)c3F)Oc3c(ccc4c5c(ccc34)C=[N+](c3ccccc3)[B-](c3c(F)c(F)c(F)c(F)c3F)(c3c(F)c(F)c(F)c(F)c3F)O5)C=[N+]2c2ccccc2)c(F)c1F,CC(C)=O,578.0
195,CN(C)c1ccc2cc3ccc(=[N+](C)C)cc-3oc2c1,O,565.0
5059,Cc1ccc2c(c1)C1(c3ccccc3-c3ccccc31)c1cc(C)ccc1N2c1ccc(-c2nc(-c3ccccc3)cc(-c3ccccc3)n2)cc1,Cc1ccccc1,458.0
802,CCCCCCCN1C(=CC2=C([O-])C(=CC3=[N+](CCCCCCC)c4ccccc4C3(C)C)C2=C(C#N)C#N)C(C)(C)c2ccccc21,CCO,687.0
2668,C(=C/c1ncnc2ccccc12)\c1ccc(N2CCCCC2)cc1,ClCCl,558.0
241,CCN(CC)c1ccc2cc(-c3nc4ccccc4s3)c(=O)oc2c1,CCO,505.0
2068,CN(C)c1ccc(/C=C2\CCCC2=O)cc1,CC(C)O,472.0
8447,Cc1ccc(C2=CC(c3ccc(C)cc3)=[N+]3C2=Nc2c(-c4ccc(C)cc4)cc(-c4ccc(C)cc4)n2[B-]3(F)F)cc1,ClC(Cl)Cl,697.0
10725,CC[N+](CC)=c1ccc2cc3c(oc-2c1)-c1ccc(N(C)C)cc1CC3,ClCCl,642.0
644,Cc1ccc(Nc2ccc(Nc3ccc(C)cc3)c3c2C(=O)c2ccccc2C3=O)cc1,CCO,684.0
5103,CCN(CC)c1ccc(/C=C/c2ccc(-c3ccc(/C=C/c4ccc(N(CC)CC)cc4)s3)s2)cc1,CC(C)=O,570.0
1637,C(=C/c1c2ccccc2cc2ccccc12)\c1cnc2ccccc2c1,CC1CCCCC1,488.0
7552,COc1ccc(-c2nc(N)nc(C#N)c2C#N)cc1OC,CCO,436.0
8312,Cc1cc(C)c(B2c3cc(C(C)(C)C)ccc3-c3cccc4cc(C(C)(C)C)cc2c34)c(C)c1,C1CCCCC1,431.0
3074,CCCCN(CCCC)c1ccc(C#Cc2cc(C#Cc3c(F)c(F)c(F)c(F)c3F)c(C#Cc3ccc(N(CCCC)CCCC)cc3)cc2C#Cc2c(F)c(F)c(F)c(F)c2F)cc1,c1ccccc1,534.0
7296,Nc1cccc2cccc(N)c12,CO,427.0
3278,COc1cc(C(=O)O)ccc1O,CO,340.0
8003,COc1cc2[nH]c3c(c2cc1OC)CCCC3=O,c1ccccc1,393.7002653
4970,c1ccc2cc(-n3c4ccccc4c4ccccc43)ccc2c1,CCOCC,368.0
8732,CCCCc1cc2cccc[n+]2[b-]2c(-c3cccc4[b-]3[n+]3ccccc3cc4CCCC)cccc21,C1CCCCC1,451.0
6915,F[B-]1(F)OC(c2ccccc2)=Cc2ccc3ccccc3[n+]21,ClCCl,441.0
8581,C(=C/c1ccc(/C=C/c2ccc(N(c3ccccc3)c3ccccc3)cc2)c2nsnc12)\c1ccc(N(c2ccccc2)c2ccccc2)cc1,Cc1ccccc1,611.0
7829,CCCCCCc1ccc(-n2c3[n+](c4c5ccccc5c5ccccc5c42)[B-](C)(C)c2ccccc2-3)cc1,Cc1ccccc1,385.0
62,CCc1c(C)c2n(c1C)[B-](F)(F)[N+]1=C(c3ccc[nH]3)c3ccccc3C1=C2,CC#N,628.0
9711,COC(=O)C(Cc1ccc2oc(-c3c4ccccc4cc4ccccc34)nc2c1)NC(=O)OC(C)(C)C,ClC(Cl)Cl,494.0003656
9756,CN(C)CCN(Cc1c2ccccc2c(CN(CCN(C)C)c2ccc([N+](=O)[O-])cc2[N+](=O)[O-])c2ccccc12)c1ccc([N+](=O)[O-])cc1[N+](=O)[O-],CC(C)=O,387.0
9834,COc1cc(N(c2ccccc2)c2ccccc2)ccc1C=C(C#N)C#N,CO,562.0
8889,COc1ccccc1-c1nc(-c2ccccc2)c(-c2ccccc2)[nH]1,CO,375.0
679,CN(C)CCNc1ccc([N+](=O)[O-])cc1[N+](=O)[O-],CCCCCC,363.0
2041,COc1ccc2cc(-c3ccc(C(F)(F)F)cc3)oc(=O)c2c1,CCCO,410.0
5307,Brc1cnc(-c2ccc(N(c3ccccc3)c3ccccc3)cc2)s1,CO,493.0
9117,CCCCCCc1ccc(-n2c3c(c4c2c2c(n4-c4ccc(CCCCCC)cc4)-c4cccc(OC)c4NB2c2ccccc2)B(c2ccccc2)Nc2c(OC)cccc2-3)cc1,Cc1ccccc1,395.0
3641,Oc1ccccc1/C=N/c1ccc(Cn2cncn2)cc1,CCOCC,345.9968168
9988,CN(CCO)c1ccc(/C=C/C2=C(C#N)C(C(C#N)C#N)OC2(C)C)cc1,Cc1ccccc1,614.0
3258,COC(=O)C(Cc1ccc2oc(-c3ccc(N(c4ccccc4)c4ccccc4)cc3)nc2c1)NC(=O)OC(C)(C)C,CO,486.0007484
1873,N#C/C(=C\c1ccc(C=C(c2ccccc2)c2ccccc2)cc1)c1ccc([N+](=O)[O-])cc1,C1CCOC1,552.0
4744,Cn1nc(-c2ccccc2)c2n[nH]nc2/c1=N\c1ccccn1,CCO,419.0
2912,Cc1cc(O)c(C(=O)/C=C/c2ccc(O)c(O)c2)c(=O)o1,CC#N,518.0
4027,Cc1ccccc1C1=C2C=c3c(oc4ccc(C(C)(C)C)cc34)=[N+]2[B-](F)(F)n2c1cc1c3cc(C(C)(C)C)ccc3oc12,C1CCCCC1,602.0
5488,CCOC(=O)C1=C(N)n2c(=O)c3ccccc3c(=O)n2C1c1ccc([N+](=O)[O-])cc1,CS(C)=O,510.0
10581,O=S1(=O)C(c2ccsc2)=C(c2ccsc2)c2ccccc21,C1CCOC1,433.0
8024,O=c1c2cc(F)c(O)cc2oc2cc(O)c(F)cc12,CCO,439.0
7786,CN(C)c1ccc2nc(-c3ccc(C(=O)O)cc3)sc2c1,ClC(Cl)Cl,509.0
11334,COc1ccc2c3cccc4c(OC)ccc(c5cccc1c52)c43,ClCCl,466.9952862
6864,CC(C)CCCCN1CCc2c1ccc1c3c(ccc21)C(=O)CCC3,CCOC(C)=O,467.0
489,O=c1oc2cc(S(=O)(=O)O)c3ccccc3c2nc1-c1ccccc1,CC#N,480.0
690,CNc1ncc2nc(C(=O)OC)n(Cc3ccccc3)c2n1,C1COCCO1,405.0
602,CN1c2ccccc2C(O)(c2ccccc2)c2cc([N+](=O)[O-])ccc21,Cc1ccccc1,480.7
1014,CCc1c(C)c2n(c1C)[B-](F)(F)[N+]1=C(NCc3ccc(OC)cc3)C(SC#N)=CC1=C2C,CC#N,582.0
869,c1ccc(-c2nnc(-c3cc(-c4nnc(-c5ccccc5)o4)c(-n4c5ccccc5c5ccccc54)cc3-n3c4ccccc4c4ccccc43)o2)cc1,Cc1ccccc1,439.0
1993,COc1ccc2c(c1)-c1ccccc1C2=O,CC#N,510.0
7610,Cc1ccc(C2=Cc3c4ccccc4c4ccccc4[n+]3[B-](F)(F)O2)cc1,ClC(Cl)Cl,450.0
5283,O=c1c(Nc2ccccc2)c([O-])c1=[NH+]c1ccccc1,CCOCC,484.0
4370,Cn1c(=O)c(/N=N/c2cc(S(=O)(=O)O)ccc2S(=O)(=O)O)c(O)c2ccccc21,CC(C)=O,491.0
1361,C[Si]1(c2ccccc2)C(c2ccc3c(c2)c2ccccc2n3-c2ccccc2)=C(c2ccccc2)C(c2ccccc2)=C1c1ccc2c(c1)c1ccccc1n2-c1ccccc1,C1CCOC1,526.0
1526,Cc1ccc(C2=C3C=CC(Nc4ccccc4)=[N+]3[B-](F)(F)n3c(Nc4ccccc4)ccc32)cc1,CO,613.0
1629,COC(=O)c1[nH]c(-c2ccc([N+](=O)[O-])cc2)c2nnc3ccc(OC)cc3c12,ClCCl,549.0
1551,CCc1c(C(=O)OC)c(C(=O)OC)c2ccc(-c3ccccc3)nn12,CCCCCC,471.0
8777,CC(C)(C)c1cc2cc(N(c3ccccc3)c3ccccc3)c3cc(C(C)(C)C)cc4cc(N(c5ccccc5)c5ccccc5)c(c1)c2c43,CC#N,497.2222222
11880,Cc1cc(C)c(B(c2c(C)cc(C)cc2C)c2c(C)cc(-n3c4ccc(N(c5ccccc5)c5ccccc5)cc4c4cc(N(c5ccccc5)c5ccccc5)ccc43)cc2C)c(C)c1,Cc1ccccc1,495.0
1337,Cc1ccc(C2=C3C=C(I)C(I)=[N+]3[B-](F)(F)n3c2cc(I)c3I)cc1,CCO,595.0
3901,COc1ccc(-c2ncc3ccccn23)cc1,ClC(Cl)Cl,469.0
5041,Cc1ccc(-c2cc(-c3ccccc3Cl)c3c(N)nc(N4CCCC4)c(C#N)c3n2)cc1,c1ccccc1,512.0
8252,C[Si](C)(C)c1ccc(-c2ccc(-c3ccc(-c4ccc(-c5ccc([Si](C)(C)C)cc5)s4)c4nsnc34)s2)cc1,C1CCOC1,620.0
8971,COc1cc(OC)c(C2=C3C(C)=CC(C)=[N+]3[B-](F)(F)n3c(C)cc(C)c32)c(OC)c1,CC#N,513.0
5039,COc1ccc2c3c([nH]c2c1)C(C)=NCC3,O,480.0
2346,COC(=O)c1[nH]c(-c2ccccc2)c2nnc3ccc(OC)cc3c12,ClCCl,475.0
11377,c1ccc2c(-c3ccc(-c4nnc(-c5ccc(-c6nnc(-c7ccc(-c8cccc9ccccc89)s7)o6)cc5)o4)s3)cccc2c1,Cc1ccccc1,434.0
5485,N#CC(C#N)=C(/C=C/c1cc2c3c(c1)CCCN3CCC2)c1ccc2c3c(cccc13)CC2,CCOC(C)=O,600.0
10868,Cn1c(=O)c(/N=N/c2ccc(Nc3ccccc3)c(S(=O)(=O)O)c2)c(O)c2ccccc21,CC(C)=O,512.0
5694,COC(=O)C(Cc1ccc2oc(-c3ccc(-n4c5ccccc5c5ccccc54)cc3)nc2c1)NC(=O)OC(C)(C)C,CCCCCO,408.997955
5119,COc1cc2c(cc1-c1ccc(C)cc1)Cc1c3c(c4c(c1-2)-c1cc(OC)c(-c2ccc(C)cc2)cc1C4)C(=O)N(CCC(C)C)C3=O,C1CCOC1,476.0
5166,O=c1cc(COc2ccc(I)cc2)c2c(ccc3ccccc32)o1,CO,418.0
1134,O=[N+]([O-])c1ccc(N/C=C/C=[NH+]c2ccc([N+](=O)[O-])cc2)cc1,CS(C)=O,508.0
8342,CCCCCCc1ccc(-n2c3c4cccc(OC)c4nc(-c4ccc(OC)cc4)c3c3c2c2c(-c4ccc(OC)cc4)nc4c(OC)cccc4c2n3-c2ccc(CCCCCC)cc2)cc1,ClC(Cl)Cl,453.0
4017,COc1cccc(-c2c3ccccc3c3n2[B-](F)(F)[N+]2=Cc4c5ccccc5c(-c5cccc(OC)c5)n4[B-](F)(F)[N+]2=C3)c1,Cc1ccccc1,608.0
2424,CCCCCCCCCCOc1ccc(C#Cc2ccc(C#Cc3ccc(OCCCCCCCCCC)c(OCCCCCCCCCC)c3)c3nc4c5ccccc5c5ccccc5c4nc23)cc1OCCCCCCCCCC,Cc1ccccc1,541.0
4138,CC(C)(C)c1ccc2c(c1)c1cc(C(C)(C)C)ccc1n2-c1ccc(-c2ccc3c(c2)C2(c4cc(-c5ccc(-n6c7ccc(C(C)(C)C)cc7c7cc(C(C)(C)C)ccc76)cc5)ccc4-3)c3ccccc3S(=O)(=O)c3ccccc32)cc1,c1cc(-n2c3ccccc3c3ccccc32)cc(-n2c3ccccc3c3ccccc32)c1,434.0
859,COC(=O)c1ccc(NC(=O)c2ccc(N(C)C)cc2)cc1,CCOCC,456.0
2962,O=C1Nc2ccccc2/C1=C/C(=O)c1ccc(Cl)cc1Cl,CN(C)C=O,411.0
8089,COc1ccc2c3c(cccc13)C(=O)c1ccccc1-2,Clc1ccccc1,507.8720163
9964,c1csc(-c2cnc(-c3cccs3)c3nonc23)c1,c1ccccc1,601.0
9491,COCCOCCOCCOc1ccc(OCCOCCOCCOC)c(C=O)c1,CNC=O,458.0
10494,CN(C)c1ccc(-c2ccc3n2[B-](F)(F)[N+]2=C(c4ccccc4)C=CC2=C3C(F)(F)F)cc1,CC#N,772.0
10527,O=C1OC(=O)c2ccc(N(c3ccccc3)c3c4ccccc4cc4ccccc34)c3cccc1c23,ClCCl,608.0
1364,CC1(C)Cc2c(c3ccccc3c3nc4c(nc23)c2c(c3ccccc34)OC(C)(C)C2)O1,C1COCCO1,462.1072089
10830,c1ccc(N2N=C(c3ccc4ccc5cccc6ccc3c4c56)CC2c2ccc3ccc4cccc5ccc2c3c45)cc1,ClCCl,508.0
1779,CC(C)(C)c1ccc(C2=C(Br)C3=C(c4ccccc4)c4c(Br)c(-c5ccc(C(C)(C)C)cc5)c(-c5ccc(C(C)(C)C)cc5)n4[B-](F)(F)[N+]3=C2c2ccc(C(C)(C)C)cc2)cc1,Cc1ccccc1,618.0
8521,CCN(CC)c1ccc2cc(-c3csc(N)c3C#N)c(=O)oc2c1,CO,514.0
2101,Cc1ccc(-n2c(-c3ccccc3O)nc(-c3ccccc3O)c2-c2ccccc2O)cc1,CC(C)O,443.0
1818,COc1ccc(O)c(-c2nc(C)c3n2CCCC3)c1,ClCCl,503.0
369,Nc1nc2ccccc2[n+]([O-])n1,CC#N,478.0
4937,c1ccc(-c2cc(-c3ccc4ccc5cccc6ccc3c4c56)ccn2)nc1,CC#N,410.0041
5285,O=C1OCC2=C1C(c1ccccc1)c1cc3c(cc1N2CCO)CCC3,CC#N,400.0
8367,CCc1c(C)[nH]c(C2=[N+]3C(=Cc4c(C)c(CC)c(/C=C/c5ccc(N(C)C)cc5)n4[B-]3(F)F)c3ccccc32)c1C,CO,770.0
9935,CC(C)(C)c1ccc(-c2c3ccccc3c3n2[B-](F)(F)[N+]2=Cc4c5ccccc5c(-c5ccc(C(C)(C)C)cc5)n4[B-](F)(F)[N+]2=C3)cc1,CN(C)C=O,607.0
7071,CCCCCCCCCCCCN1C(=O)c2cccc3c(N(Cc4ccccn4)Cc4ccccn4)c4ccccc4c(c23)C1=O,Cc1ccccc1,573.0
2093,F[B-]1(F)OC(c2ccccc2)=Cc2cc3[n+](c[n+]21)[B-](F)(F)OC(c1ccccc1)=C3,ClCCl,490.0
7817,O=S(=O)(O)c1cccc2cccc(Nc3ccccc3)c12,CCCO,479.0
1920,N#Cc1ccc(C#N)c(N)c1,CC#N,401.0
82,Cc1ccc(O)cc1,O,307.0
7331,N#Cc1nc2cnc(N)nc2n1Cc1ccccc1,CO,398.0
7304,CN(C)c1ccc(-c2nc(-c3ccccc3)n3ccccc23)cc1,ClC(Cl)Cl,524.0
816,C=CCNc1ccc2c(ccc3oc4cc(=[N+](C)C)ccc-4nc32)c1,ClCCl,645.0
4396,CC1(C)c2ccccc2N(c2ccc3c(c2)c2cc(N4c5ccccc5C(C)(C)c5ccccc54)ccc2c2nc(C#N)c(C#N)nc32)c2ccccc21,CCCCCC,572.4452555
6124,CCCCN1/C(=C\C=C\C=C\C2=[N+](CCCC)c3ccc4ccccc4c3C2(C)C)C(C)(C)c2c1ccc1ccccc21,CC#N,698.0
4120,CC1(C)C(/C=C/C=C/c2cc3ccc(O)cc3oc2=O)=[N+](CCCS(=O)(=O)[O-])c2ccccc21,CS(C)=O,653.0
9800,Cc1ccc2c(CC(=O)NN)coc2c1,CO,391.0
1813,Cc1cc(C)c(C2=C3C=CC(c4ccc5ccccc5c4)=[N+]3[B-](F)(F)n3c2ccc3-c2ccc3ccccc3c2)c(C)c1,ClC(Cl)Cl,618.0
1271,COC(=O)/C(C#N)=c1\s/c(=c2/s/c(=C(/C#N)C(=O)OC)c3cc(-c4ccc(C)cc4)sc23)c2sc(-c3ccc(C)cc3)cc12,Cc1ccccc1,652.0
2994,COC(=O)/C=C/C=C/C1=[N+]2C(=C(c3c(C)cc(C)cc3C)c3ccc(/C=C/C=C/C(=O)OC)n3[B-]2(F)F)C=C1,ClCCl,651.0
9349,Cn1cc(-c2nc3ccccc3nc2/C=C/N2CCCC2)c2ccccc21,CCO,548.0524345
6409,c1ccc(N(c2ccccc2)c2ccc(-c3cccc4nc5ccccc5cc34)cc2)cc1,CCCCCC,462.0
2642,Cc1cc(C(F)(F)F)nc2c1ccc1nc(-c3ccc(Cl)cc3)cn12,CCCCCC,439.0
8526,COc1ccc2cc(-c3ccc(C(F)(F)F)cc3)oc(=O)c2c1,CCO,412.0
2305,CN(C)c1ccc(/C=C2/N=C(c3ccccc3)OC2=O)cc1,CCO,537.0
10370,CCCSc1ccc2n1[B-](F)(F)[N+]1=C(SC#N)C=CC1=C2c1ccccc1,CCCCCC,568.0
10269,CCCCCCCCOc1ccc(-c2c3c4n(c(-c5ccc(OCCCCCCCC)cc5)c3c3n2[B-](c2ccccc2)(c2ccccc2)[n+]2c(ccc5cc(C(C)(C)C)ccc52)C=3C#N)[B-](c2ccccc2)(c2ccccc2)[n+]2c(ccc3cc(C(C)(C)C)ccc32)C=4C#N)cc1,ClC(Cl)Cl,831.0
4195,CCN1c2ccc(/C=N/Nc3ccccn3)cc2Sc2cc(-c3ccc(C#N)cc3)ccc21,C1CCOC1,519.0
10235,O=C([O-])c1ccc2cc3cc(C(=O)[O-])ccc3cc2c1,CN(C)C=O,400.0
3849,F[B-]1(F)n2c(c(-c3ccccc3)c(-c3ccccc3)c2-c2ccccc2)C=C2C(c3ccccc3)=C(c3ccccc3)C(c3ccccc3)=[N+]21,C1CCOC1,608.0
12074,c1ccc2c(c1)c1ccccc1n2-c1ccc(-c2ccc(-n3c4ccccc4c4ccccc43)nc2-n2c3ccccc3c3ccccc32)nn1,CC#N,464.9590164
10283,CN(C)c1ccc(-c2ccc(C#N)s2)s1,CCO,510.0
11741,CCn1c2ccccc2c2cc(/C=C/C(=O)c3ccc4c(c3)c3cc(C(=O)/C=C/c5ccc6c(c5)c5ccccc5n6CC)ccc3n4CC)ccc21,CC#N,491.0
3554,Cc1ccccc1CN(Cc1ccccc1C)c1nc(C#N)c(N(Cc2ccccc2C)Cc2ccccc2C)nc1C#N,ClC(Cl)Cl,582.0
2195,c1ccc(-c2nn(-c3ccccc3)c3nc4ccc(N(c5ccccc5)c5cccc6ccccc56)cc4cc23)cc1,C1CCCCC1,484.7309743
2600,c1cc2ccc1-c1ccc(cc1)-c1ccc(s1)-c1ccc(cc1)-c1ccc(cc1)-c1ccc(s1)-c1ccc(cc1)-c1ccc(cc1)-c1ccc(s1)-c1ccc(cc1)-c1ccc(cc1)-c1ccc-2s1,C1CCOC1,472.0
6163,c1ccc(-c2nc3ccccc3nc2-c2cc(-n3c4ccccc4c4ccccc43)cc(-n3c4ccccc4c4ccccc43)c2)cc1,Cc1ccccc1,446.0
1518,Cc1cc(C)c(C2=C3C=C(/C=C/C(=O)OCc4ccccc4)C=[N+]3[B-](F)(F)n3cccc32)c(C)c1,ClCCl,568.0
8645,COc1ccc(/C=C/c2ccc(-c3nnc(-c4ccc(-c5cc6ccccc6s5)cc4)o3)cc2)cc1,CCCCCCCCCCO,427.0
10726,Cc1ccc(C2=C3C=CC(C#Cc4ccccc4)=[N+]3[B-](F)(F)n3c(C#Cc4ccccc4)ccc32)cc1,CCOC(C)=O,621.0
6309,N#Cc1c(-c2ccccc2)cc(-c2ccccc2)[nH]c1=S,CC#N,495.0
5755,CCOC(=O)/N=c1/oc2cc(N(CC)CC)ccc2cc1C#N,ClCCl,486.0
5633,COc1nc(Nc2ccc3c4c(cccc24)C(=O)c2ccccc2-3)nc(OC)n1,CC(C)O,576.0368664
8399,CN(C)c1ccc2nc(-c3ccc(C(=O)Nc4ccccc4)cc3)sc2c1,C1CCCCC1,427.0
11405,Cc1ccc(OCc2cc(=O)oc3c2ccc2ccccc23)cc1,CC(C)=O,427.0
7162,CCOC(=O)c1sc2nc3c(c(C#N)c2c1N)CCCC3,c1ccccc1,545.0
9264,COC(=O)[C@H](Cc1ccc2oc3c(c2c1)=CC1=C(c2ccc(OC)cc2)c2cc4c5cc(C[C@H](NC(=O)OC(C)(C)C)C(=O)OC)ccc5oc4n2[B-](F)(F)[N+]=31)NC(=O)OC(C)(C)C,C1CCCCC1,596.5
9029,CCc1ccc(/C=N/c2cc(C(C)C)c(O)cc2C)cc1,CC(C)O,418.0
1988,Cc1ccccc1C(=O)NN1C2=C(CC3=C1CC(C)(C)CC3=O)C(=O)CC(C)(C)C2,CC#N,435.0
7737,CN(C)c1ccc(/C=C/C=N/N=C/c2ccc3ccc4cccc5ccc2c3c45)cc1,CC#N,485.0
517,C(=C1c2ccccc2CCc2ccccc21)c1ccc(-c2cc(-c3ccc(C=C4c5ccccc5CCc5ccccc54)cc3)cc(-c3ccc(C=C4c5ccccc5CCc5ccccc54)cc3)c2)cc1,C1CCOC1,403.0
6160,Cc1ccc2nc3cc4c(cc3c(-c3ccccc3)c2c1)[Si](C)(C)O[Si](C)(C)O[Si]4(C)C,ClCCl,502.0
9198,CN(C)c1ccc(-c2cc(=O)c3ccccc3o2)cc1,C1CCCCC1,382.3529412
11123,O=P(c1ccc(N2c3ccccc3Oc3ccccc32)cc1)(c1ccc(N2c3ccccc3Oc3ccccc32)cc1)c1ccc(N2c3ccccc3Oc3ccccc32)cc1,CC#N,543.204983
9892,COc1cc2c(c(OC)c1OC)c1ccc3cccc4c5cccc6oc(=O)c2c(c65)c1c34,C1CCOC1,492.0
8880,COc1ccc(C2CC(c3ccc(O)cc3)=NN2c2ccc(S(N)(=O)=O)cc2)cc1,C1COCCO1,418.0
4456,CCn1c2ccccc2c2cc(/C=C/C(=O)c3ccc4c(c3)c3cc(C(=O)/C=C/c5ccc6c(c5)c5ccccc5n6CC)ccc3n4CC)ccc21,CCO,521.0
2761,CCCCCCCCOc1ccc(-c2c3c4n(c(-c5ccc(OCCCCCCCC)cc5)c3c3n2[B-](F)(F)[n+]2c(sc5ccccc52)N=3)[B-](F)(F)[n+]2c(sc3ccccc32)N=4)cc1,ClC(Cl)Cl,676.0
6481,CCCCn1c2ccc(-c3ccccc3)cc2c2ccc3c4cc(-c5ccccc5)ccc4n(CCCC)c3c21,ClC(Cl)Cl,414.0
5911,CN(C)c1ccc(/C=C/C=C/c2ccncc2)cc1,CCCCCCC,446.0
11058,N#Cc1nnn(-c2ccnc3cc(Cl)ccc23)c1N,C1CCOC1,375.0093752
6547,COc1ccc(/C=C/c2cc(/C=C/c3ccc(OC)cc3)nc(/C=C/c3ccc4cc(OC)ccc4c3)n2)cc1,CS(C)=O,471.0
4855,Cc1cc(C)c(B(c2cc(-c3ccc(C(F)(F)F)cc3)sc2-c2sc(-c3ccc(C(F)(F)F)cc3)cc2P(=O)(c2ccccc2)c2ccccc2)c2c(C)cc(C)cc2C)c(C)c1,CO,548.0
7644,Cn1cccc1-c1cc(C#N)ccc1C#N,CCOCC,463.0
10858,Cc1cc(O)c(C(C)C)cc1/N=C/c1ccc(C(F)(F)F)cc1,CS(C)=O,439.0
11877,Cc1cc(N(C)C)cc(C)c1/C=C/C=C/c1ccc(C#N)cc1,CCOCC,527.0
6358,CCN(CC)c1ccc(/C=N/c2cc3ccccc3cc2/N=C/c2ccc(N(CC)CC)cc2O)c(O)c1,CN(C)C=O,516.0
2438,COC(=O)c1nc2c(N(C)C)nc(N)nc2n1Cc1ccccc1,CO,420.0
3765,CCCCCCCCN1c2ccc(C#Cc3ccc(F)cc3)cc2Sc2cc(C=O)ccc21,CO,466.0
6432,Cc1cc(-c2ccc(-n3c4ccccc4c4ccccc43)cc2)nc(-c2ccc(-n3c4ccccc4c4ccccc43)cc2)n1,ClC(Cl)Cl,426.0
7846,CC(C)(C)c1ccc(-c2nc3c4ccc(-c5cccc6ccccc56)cc4c4cc(-c5cccc6ccccc56)ccc4c3n2-c2ccc(C(C)(C)C)cc2)cc1,CCCCOCCCC,383.0
8743,O=c1[nH]cc(F)c(=O)[nH]1,CC#N,322.0
10991,CC(C)(C)c1ccc(C#Cc2c(C#Cc3ccc(C(C)(C)C)cc3)c3cccc4c(C#Cc5ccc(C(C)(C)C)cc5)c(C#Cc5ccc(C(C)(C)C)cc5)c5cccc2c5c34)cc1,ClCCl,443.0
6340,COc1ccc(/C=C/C2=CC(/C=C/c3ccc(OC)cc3)=[O+][B-](OC(C)=O)(OC(C)=O)O2)cc1,Cc1ccccc1,510.0
4821,Cc1cccc(-c2[nH]c(=O)n3c2-c2ccccc2C3=O)c1O,ClCCl,473.0
18,CCCN1/C(=C/C=C(/C=C/C2=[N+](CCC)c3ccccc3C2(C)C)c2ccc([N+](=O)[O-])cc2)C(C)(C)c2ccccc21,CO,656.0
3560,C(#Cc1ccccc1)C(C#Cc1ccccc1)=Cc1ccc(C=C(C#Cc2ccccc2)C#Cc2ccccc2)s1,ClC(Cl)Cl,528.0
3951,CCN(CC)c1ccc(-c2nc3c(c4c2-c2ccc(C#N)cc2CC4)-c2ccc(C#N)cc2CC3)cc1,ClCCl,493.0
49,CC(C)c1cc(C(C)C)c(B2c3cc(-n4c5ccccc5c5ccccc54)ccc3N(c3ccccc3)c3ccc(-n4c5ccccc5c5ccccc54)cc32)c(C(C)C)c1,c1cc(-c2cccc(-n3c4ccccc4c4ccccc43)c2)cc(-n2c3ccccc3c3ccccc32)c1,452.0
12136,c1ccc(-c2cc3c(oc4ccccc43)c(-c3ccccc3)[o+]2)cc1,CC#N,450.0
887,O=C1CC(c2cccc([N+](=O)[O-])c2)c2c(c3ccccc3c3nc4ccccc4nc23)O1,ClC(Cl)Cl,428.0
6261,CC(C)[Si](C#Cc1c2nc3c(nc2c(C#C[Si](C(C)C)(C(C)C)C(C)C)c2nc4c(nc12)C1c2ccccc2C4c2ccccc21)C1c2ccccc2C3c2ccccc21)(C(C)C)C(C)C,CCCCCC,466.0
7236,CC(=O)c1nc(-c2ccc(N(c3ccccc3)c3ccccc3)cc2)oc1C,ClCCl,448.0
6989,CCN(CC)c1ccc2c(C#N)c(/C=C(\C#N)c3nc4ccccc4o3)c(=O)oc2c1,CCOC(C)=O,658.0
6043,COc1ccc2cc(-c3ccc(-c4cc5ccc(OC)cc5oc4=O)cc3)c(=O)oc2c1,ClC(Cl)Cl,434.0
3168,CCN(CC)c1ccc2cc(/C=C(\C#N)c3nc4ccccc4s3)c(=O)oc2c1,CCOC(C)=O,576.0
2949,CN(C)c1ccc(/C=C/C(=O)c2ccc(Cl)cc2)cc1,CC#N,540.0
1424,COc1ccc2c(c1)N(c1ccccc1-c1ccccc1)c1cc3c(cc1=N2)Oc1c(cc(C(C)(C)C)cc1C(C)(C)C)N=3,CO,636.0
139,C(=C(c1ccccc1)c1ccccc1)c1ccc(-c2ccc(-c3nc4c5ccccc5c5ccccc5c4n3-c3cccc(-c4ccc(C=C(c5ccccc5)c5ccccc5)cc4)c3)cc2)cc1,C1CCOC1,449.0
3197,CC(C)(C)c1ccc2c(c1)c1cc(C(C)(C)C)ccc1n2-c1cccs1,ClCCl,368.0
5131,Cc1c2c(c(C)c3ccccc13)C1=CC3Nc4ccccc4NC3C=C12,ClC(Cl)Cl,502.0
112,CC1(C)c2ccccc2N(c2ccc(-c3n[n+]4c(o3)-c3ccccc3O[B-]4(F)F)cc2)c2ccccc21,C1COCCO1,481.0
8160,N#C[Se]CCCCCOc1ccc2ccc(=O)oc2c1,C1CCOC1,391.0
11707,c1ccc(-p2c3ccccc3c3sc4ccccc4c32)cc1,ClCCl,421.0
4559,COC1=[N+]2C(=C(c3ccc(C)cc3)c3ccc(OC)n3[B-]2(F)F)C=C1,CCOC(C)=O,526.0
4595,COc1ccc2c(=O)c3c([nH]c2c1)-c1ccccc1NC3(C)C,Cc1ccccc1,467.0
4690,C(=C/c1ccc(/C=C/c2ccc(N(c3ccccc3)c3ccccc3)cc2)c2nsnc12)\c1ccc(N(c2ccccc2)c2ccccc2)cc1,ClCCl,659.0
7951,CN(C)c1ccc(/C=C/c2nc3ccccc3s2)cc1,CN(C)C=O,504.0
3277,c1ccc2c(-c3nc4sc5ccccc5c4s3)cccc2c1,CS(C)=O,447.0
4068,COOCc1noc(-c2ccccc2)c1Br,C1CCCCC1,345.0
4408,CCN(CC)c1ccc(-c2nc3c4ccccc4n(C)c3nc2-c2ccc(B(c3c(C)cc(C)cc3C)c3c(C)cc(C)cc3C)cc2)cc1,CS(C)=O,618.0
9133,COc1cc(OC)cc(C2=[O+][B-](F)(F)OC(c3ccc4cc(OC)ccc4c3)=C2)c1,ClCCl,520.0
10522,c1cc2c([nH]c3c4[nH]c5sccc5c4c4nsnc4c23)s1,C1CCOC1,511.0
451,CCN(CC)c1ccc2c(c1)OC1=C(/C=C/C3=[N+](C)c4ccc5ccccc5c4C3(C)C)CCCC1=C2c1ccccc1C(=O)O,CCO,750.0
7262,CCCCCCC(CCCCCC)N1C(=O)c2cccc3c(-c4ccc(C#N)cc4)ccc(c23)C1=O,ClC(Cl)Cl,447.4
3731,COc1cc(OC)c2ccc(=O)oc2c1,CCO,425.0
7256,O=C(c1ccc2c3c(cccc13)-c1cccc3c1C2CC=C3)c1c(CCc2ccccc2)c2ccc3cccc4c5cccc6ccc1c(c65)c2c34,ClCCl,527.0
11700,COc1cccc(OC)c1C1=C2C(C)=CC(C)=[N+]2[B-](F)(F)n2c(C)cc(C)c21,CCCCCC,519.0
4986,CCN(CC)c1ccc2c(-c3ccccc3C(=O)O)c3c([o+]c2c1)/C(=C/c1ccc(N(C)C)cc1)CCC3,ClCCl,757.0
3663,COC1=C/C(=C\C=C2C=CN(Cc3ccc(Br)cc3)C=C2)C=CC1=O,CC(C)=O,670.0
2763,CC/[NH+]=c1\cc2oc3cc(NCCC(=O)NCC(=O)OC)c4ccccc4c3nc-2cc1C,O,652.0
9038,CCCSc1ccc2n1[B-](F)(F)[N+]1=C(SC#N)C=CC1=C2c1ccccc1,CC#N,567.0
1855,CC1(C)C2=[N+](CCCCCC(=O)NCCCNC(=O)CCCCCN3/C(=C/C=C/C=C/C=C/2)C(C)(C)c2cc(S(=O)(=O)[O-])ccc23)c2ccc(S(=O)(=O)[O-])cc21,CO,776.0
999,CC[N+]1(CC)CN2C(=N1)C(C(=O)O)=Cc1c(OC)ccc(OC)c12,O,515.0
389,CC1=CC(C)=[N+]2C1=C(c1ccc(-c3ccc(OS(=O)(=O)c4ccc([N+](=O)[O-])cc4[N+](=O)[O-])cc3)s1)c1c(C)cc(C)n1[B-]2(F)F,CO,523.0
6426,CCC1(CC)c2cc(N(C)C)ccc2-c2ccc(C(F)(F)F)cc21,ClCCl,387.0
1476,CCOC(=O)C1(O)c2cc3ccc4cccc5ccc(c2C(=O)N1C(C)(C)C)c3c45,ClC(Cl)Cl,387.0
2240,Oc1ccccc1-c1nc2ccccc2s1,CCO,373.0
11197,O=C1c2ccccc2-c2ccc(N3CCN(c4ccccc4)CC3)c3cccc1c23,CS(C)=O,613.0
8112,CN(C)c1ccc(C#Cc2ccc(-c3nc(C#N)c(C#N)n3C)cc2)cc1,ClC(Cl)Cl,479.0
992,CC(C)(C)c1ccc2c3c(c4ccc(C(C)(C)C)cc4c2c1)=[N+]1C(=C(c2ccccc2)c2c(Br)c4c5ccc(C(C)(C)C)cc5c5cc(C(C)(C)C)ccc5c4n2[B-]1(F)F)C=3Br,ClCCl,717.0
7032,CCCCNc1ccc(NCCCC)c2c1C(=O)c1ccccc1C2=O,CCCCCCCO,661.0
4997,Cc1cccc(C)c1-c1cc2c(C)c3c4cc5nc6ccc7c8c(C)c9cc(-c%10c(C)cccc%10C)c(-c%10c(C)cccc%10C)cc9c(C)c8c7c6nc5cc4c3c(C)c2cc1-c1c(C)cccc1C,ClC(Cl)Cl,576.0
3922,CCCCC1(c2ccccc2)Nc2c(-c3ccc(N(C)c4ccccc4)cc3)ccc(-c3ccc(N(C)c4ccccc4)cc3)c2N=C1c1ccccc1,CC#N,602.0
2972,Fc1ccc(/C=C/c2nc3c4ccccc4c4ccccc4c3o2)cc1,CC#N,432.0
6871,CC1=[N+]2C(=C(c3c4ccccc4cc4ccccc34)c3ccc(C)n3[B-]2(F)F)C=C1,CC#N,524.0
9396,Brc1ccc(-c2nc(-c3ccc(C#Cc4ccc(-n5c6ccccc6c6ccccc65)cc4)cc3)nc(-c3ccc(C#Cc4ccc(-n5c6ccccc6c6ccccc65)cc4)cc3)n2)cc1,Cc1ccccc1,432.0
4769,c1cc2c3c(cccc3c1)C(N1CCOCCNCCOCCOCC1)=N2,CC#N,589.0
1293,Nc1ccc2ccc3cccc4ccc1c2c34,CO,428.0
4173,F[B-]1(F)n2c(-c3cccs3)cc(-c3ccccc3)c2N=C2C(c3ccccc3)=CC(c3cccs3)=[N+]21,CC#N,732.0
2535,C(=C1c2ccccc2CCc2ccccc21)c1ccc(-c2ccc(C=C3c4ccccc4CCc4ccccc43)cc2)cc1,C1CCOC1,394.0
11187,COc1ccc2c(c1)c1c(c3cc(OC)ccc32)=[N+]2C(=C(c3c(C)cc(C)cc3C)c3cc4c5cc(OC)ccc5c5ccc(OC)cc5c4n3[B-]2(F)F)C=1,CC#N,711.0
1907,O=C(O)c1ccccc1Nc1ccccc1,CC#N,398.0
11182,COc1ccc(C2=CC(c3ccc(OC)cc3)=[O+][B-](C(C)=O)(C(C)=O)O2)cc1,ClC(Cl)(Cl)Cl,420.0
11640,CCOc1ccc2c(-c3nc(-c4cccc(C)c4)no3)cc(=O)oc2c1,CCO,465.0
6033,COc1ccc(-n2c3ccccc3c3cc(C=C(C#N)C#N)ccc32)cc1,CC(C)=O,525.0
7619,O=C1C=CC2=Cc3ccccc3B(O)N12,ClC(Cl)Cl,420.0
1151,CN(C)c1ccc(/C=C/c2cnc(/C=C/c3ccc(C#N)cc3)o2)cc1,ClCCl,640.0
1567,N#C/C(=C/Nc1ccc(C#N)cc1)c1nc(-c2ccccc2)cs1,CN(C)C=O,436.0
3171,CC1=CC(C)(C)N(C)c2cc3c(cc21)C(c1ccc(Br)cc1)=c1cc2c(cc1O3)=[N+](C)C(C)(C)C=C2C,CCO,616.0
7106,F[B-]1(F)n2cccc2C=C2c3ccccc3C(c3ccc[nH]3)=[N+]21,ClCCl,599.0
4160,CC(C)(C)c1cc2ccc3cc(C(C)(C)C)cc4c3c2c(c1)c(=O)n1c4nc2c3cc(C(C)(C)C)cc4ccc5cc(C(C)(C)C)cc(c5c43)c21,CCOC(C)=O,524.0
4287,Nc1ccc2ccc(O)cc2c1,O,398.0
2230,COC(=O)c1ccc2c3ccc(C(=O)OC)c4c(C(=O)OC)ccc(c5ccc(C(=O)OC)c1c25)c43,CCCCO,480.0
174,COc1cc2c(cc1/C=C/C(=C(C#N)C#N)c1ccccc1)c1ccccc1n2C,C1CCOC1,568.0
1903,CCN1C(=O)C(C2C(=O)c3c4ccccc4cc4cc5ccccc5c2c34)SC1=S,ClCCl,582.0
9014,C[Si](C)(C)[Si](c1cc2sc([Si]([Si](C)(C)C)([Si](C)(C)C)[Si](C)(C)C)cc2s1)([Si](C)(C)C)[Si](C)(C)C,ClCCl,354.0
3408,N#Cc1c(-c2ccc([N+](=O)[O-])cc2)cc(-c2ccc([N+](=O)[O-])cc2)[nH]c1=O,CO,444.0
1538,CN(C)c1ccc(/C=C/c2cc[n+](CCCCC[n+]3ccc(/C=C/c4ccc(N(C)C)cc4)cc3)cc2)cc1,CN(C)C=O,606.998695
2292,CCC1=C(C)C(=O)n2c1cc1c(CCC(=O)OC)c(C)c(C)n1c2=O,ClC(Cl)Cl,495.0
1363,Cc1ccc2ccc3c(C)ccc4ccc1c2c43,ClCCl,382.0
4357,CCCCC(CC)COc1ccc2nc(-c3ccc(-c4c(C)noc4C)s3)sc2c1,ClCCl,415.0
5260,c1ccc(C2=C3c4ccccc4C4=[N+]3[B-]3(Oc5ccccc54)Oc4ccccc4-c4c5ccccc5c2n43)cc1,ClCCl,733.0
9164,O=S(=O)([O-])c1cc(O)c2ccc3c(S(=O)(=O)[O-])cc(S(=O)(=O)[O-])c4ccc1c2c34,O=C1CCCO1,405.2684904
9316,c1ccc(N(c2ccccc2)c2ccc(-c3ccc(-c4ccc(-c5ccc(-c6ccc(N(c7ccccc7)c7ccccc7)cc6)s5)c5nsnc45)s3)cc2)cc1,ClC(Cl)Cl,690.0
680,c1ccc(-c2nc(-c3ccccc3)nc(-n3c4ccccc4c4cc(-n5c6ccccc6c6ccccc65)cc(-n5c6ccccc6c6ccccc65)c43)n2)cc1,C1CCOC1,482.5281804
9696,CCCCCCC(CCCCCC)N1C(=O)c2cccc3c(-c4ccc(N(C)C)cc4)ccc(c23)C1=O,ClC(Cl)Cl,578.4
3664,N#Cc1ccc(N(c2ccc(C#N)cc2)c2ccc3c4cccc5c(N(c6ccc(C#N)cc6)c6ccc(C#N)cc6)ccc(c6cccc2c63)c54)cc1,C1CCCCC1,494.0
1661,O=C1c2ccccc2C(=O)N1c1ccc(Cn2cncn2)cc1,CCOCC,339.0
508,CN(C)c1ccc(/C=C/c2ccc(C#N)cc2)cc1,CCCCCC,415.0
166,CCc1ccc(-c2ccc(-c3nnc(-c4ccc(-c5nnc(-c6ccc(-c7ccc(CC)cc7)s6)o5)cc4)o3)s2)cc1,Cc1ccccc1,402.0
10155,CCCCOc1cc(C=C2c3ccccc3-c3ccccc32)c(OCCCC)cc1C=C1c2ccccc2C=Cc2ccccc21,C1CCOC1,472.0
10221,Cc1ccc(-c2nc(/C=C/c3ccccc3)c(/C=C/c3ccccc3)[nH]2)cc1,ClCCl,468.0
7365,CN(C)c1ccc(/C=C/C=C/c2nc3ccccc3s2)cc1,Cc1ccccc1,500.0
1914,CCOc1ccc2c(-c3nc(-c4ccccc4)no3)cc(=O)oc2c1,CCO,468.0
7263,CSc1nc(-c2ccc(-n3c4ccccc4c4ccccc43)cc2)cc(-c2ccc(-n3c4ccccc4c4ccccc43)cc2)n1,C1CCOC1,447.0
11816,Cc1csc2[n+]1[B-](F)(F)OC(c1ccc(N(C)C)cc1)=N2,Cc1ccccc1,437.0
11953,CC(C)(C)c1ccc2oc3nc4oc5ccc(-n6c7ccccc7c(=O)c7ccccc76)cc5c4cc3c2c1,ClC(Cl)Cl,409.0
7361,CCCN1/C(=C/C=C(/C=C/C2=[N+](CCC)c3ccccc3C2(C)C)c2ccc([N+](=O)[O-])cc2)C(C)(C)c2ccccc21,O,663.0
1104,Cn1c2cc(N3CCCCC3)c(F)cc2c(=O)c2cc(F)c(N3CCCCC3)cc21,CCO,455.0
9617,Cc1ccccc1/C(C#N)=C/c1ccc(N(C)C)cc1,CS(C)=O,453.0
5310,O=P(c1ccccc1)(c1ccccc1)c1ccc(-n2c(-c3cccc(P(=O)(c4ccccc4)c4ccccc4)c3)nc3ccccc32)cc1,ClCCl,376.0
9269,COc1ccc(-c2nc(-c3ccccc3)c(-c3ccccc3)[nH]2)cc1,CO,395.0
5754,CCCCCCCCN1c2ccc(C#Cc3ccc(F)cc3)cc2Sc2cc(C=O)ccc21,ClC(Cl)Cl,539.0
152,Cc1cc(C)n2c1C=C1c3ccccc3C(c3ccc[nH]3)=[N+]1[B-]2(F)F,CC#N,618.0
9742,CCCCOc1ccc(-c2cc3c(o2)c(-c2ccc(OCCCC)cc2)c2n3[B-](F)(F)[N+]3=Cc4c(-c5ccc(OCCCC)cc5)c5oc(-c6ccc(OCCCC)cc6)cc5n4[B-](F)(F)[N+]3=C2)cc1,ClCCl,661.0
5679,O=c1oc2ccccc2cc1-c1nc2ccccc2o1,ClC(Cl)Cl,443.0
11192,CCc1c(C)[nH]c(C2=[N+]3C(=C(C)c4c(C)c(CC)c(C)n4[B-]3(F)F)c3ccccc32)c1C,C1CCOC1,656.0
3551,COCCOc1ccc(OCCOC)c(C=O)c1,CNC=O,459.0
3722,Cc1cc(C)c(C2=C3C=c4c(c5ccccc5c5ccccc45)=[N+]3[B-](F)(F)n3c2cc2c4ccccc4c4ccccc4c23)c(C)c1,ClCCl,692.5
4538,C(#Cc1cccc(C#Cc2ccc(-n3c4ccccc4c4ccccc43)cc2)c1)c1ccc(-n2c3ccccc3c3ccccc32)cc1,ClC(Cl)Cl,368.0
9140,CCCCCCN1C(=O)c2cccc3cc(/N=C\c4c[nH]c5c4ccc4ccccc45)cc(c23)C1=O,ClC(Cl)Cl,501.0
8463,CCCCc1c2c(nc3ccccc13)-c1cc3c(cc1CC2)-c1nc2ccccc2c(CCCC)c1CC3,ClC(Cl)Cl,381.0
1991,CN(C)c1nc(N)nc2c1nc(C#N)n2Cc1ccccc1,CO,389.0
10792,O=C1/C(=C2\Sc3ccccc3C2=O)Sc2ccccc21,CN(C)C=O,607.0
8501,Cc1cc(C)c(B(c2c(C)cc(C)cc2C)c2cc3ccc4ccccc4c3c3c2ccc2ccccc23)c(C)c1,C1CCOC1,446.0
5141,CCCCc1cc(C=O)c2ccc3c(CCCC)cc(N4CCCCC4)c4ccc1c2c34,CC#N,576.0
3811,CCN(CC)c1ccc(/C=N/Nc2ccc(C#N)cc2)c(O)c1,CS(C)=O,422.0
10669,O=c1[nH]c(=O)c2scc([C@H]3C[C@H](O)[C@@H](CO)O3)c2[nH]1,CO,351.0
3450,CCOC(=O)CN(CC(=O)OCC)c1ccc(-c2cc(-c3ccccn3)nc(-c3ccccn3)c2)cc1,CC#N,452.0
4591,Nc1nc(/C=C/c2ccc(N(c3ccccc3)c3ccccc3)cc2)cc(/C=C/c2ccc(N(c3ccccc3)c3ccccc3)cc2)n1,ClC(Cl)Cl,526.0
7352,CN(C)c1ccc(/C=C/c2nc3ccc(N(C)C)cc3oc2=O)cc1,CCCCCCC,519.0
205,O=C1C2=C3c4ccsc4C=CN3C(=O)C2=C2c3ccsc3C=CN12,ClC(Cl)Cl,578.0
6680,COCCOCCOc1cc(C=O)c(OCCOCCOC)cc1C=O,CCCO,464.0
2749,CN(C)CCN(Cc1c2ccccc2c(CN(CCN(C)C)c2ccc([N+](=O)[O-])cc2[N+](=O)[O-])c2ccccc12)c1ccc([N+](=O)[O-])cc1[N+](=O)[O-],ClC(Cl)Cl,417.0
8497,O=S(=O)(c1ccc(N2c3ccccc3[Si](c3ccccc3)(c3ccccc3)c3ccccc32)cc1)c1ccc(N2c3ccccc3[Si](c3ccccc3)(c3ccccc3)c3ccccc32)cc1,ClC(Cl)Cl,458.6477987
1849,COc1nc(Cl)nc(Nc2ccc3c4c(cccc24)C(=O)c2ccccc2-3)n1,N#Cc1ccccc1,526.0389269
11103,Cn1nc(-c2ccccc2)c2n[nH]nc2/c1=N\c1ccccn1,Cc1ccccc1,428.0
3240,COCCN1C(=O)/C(=C/c2cccc(N(C)C)c2)N=C1C,CC#N,632.0
10582,COc1ccc2n1[B-](F)(F)[N+]1=CC=CC1=C2c1ccccc1,ClCCl,518.0
3109,O=c1c2ccccc2n2c3ccc(-c4ccccc4)cc3c(=O)c3cccc1c32,CC#N,484.0
5934,CC(=O)Nc1cc2ccc3cccc4ccc(c1)c2c34,CO,387.0
10034,O=C1OC(c2ccccc2)=N/C1=C\c1ccc(N(c2ccc(/C=C3\N=C(c4ccccc4)OC3=O)cc2)c2ccc(/C=C3/N=C(c4ccccc4)OC3=O)cc2)cc1,C1CCCCC1,511.0
5810,COc1cc(N(c2ccc(C=C(C#N)C#N)c(OC)c2)c2ccc(C=C(C#N)C#N)c(OC)c2)ccc1C=C(C#N)C#N,CC(C)=O,557.0
8575,CCCCCCOc1cc(C=C(C#N)C#N)c(OCCCCCC)cc1C=C(C#N)C#N,ClCCl,564.0
5634,COc1ccc2c(c1)-c1cc(OC)ccc1C2=O,CCO,552.0
4307,COc1ccc2n1[B-](F)(F)[N+]1=C(c3ccccc3)C=CC1=C2c1ccc(C)cc1,C1CCCCC1,553.0
3156,c1ccc(-c2nc(-c3ccccc3)nc(-c3ccc(-n4c5ccc(-c6ccc7sc8ccccc8c7c6)cc5c5cc(-c6ccc7sc8ccccc8c7c6)ccc54)cc3)n2)cc1,CCOC(C)=O,473.0
6534,Cc1cc(-c2nc(-c3ccccc3)nc(-c3ccccc3)n2)ccc1-n1c2ccccc2c2cc3c(cc21)C1c2ccccc2C3c2ccccc21,O=P(c1ccccc1)(c1ccccc1)c1ccccc1Oc1ccccc1P(=O)(c1ccccc1)c1ccccc1,451.0
10649,COc1ccc(C2=C3C(C)=CC(C)=[N+]3[B-](F)(F)n3c(/C=C/c4ccc(N(C)C)cc4)cc(C)c32)cc1,CCCCO,678.0
10159,C(#Cc1ccc(-n2c3ccccc3c3ccccc32)cc1)c1ccccc1,Cc1ccccc1,364.0
3832,COC(=O)c1ccc(C2=C3C=c4sc(-c5cccs5)cc4=[N+]3[B-](F)(F)n3c2cc2sc(-c4cccs4)cc23)cc1,ClCCl,716.0
10676,CCN1C(=CC=Cc2n(CC)c3cc(Cl)c(Cl)cc3[n+]2CC)N(CC)c2cc(Cl)c(Cl)cc21,CC#N,529.0
4776,Cc1n[nH]c2c1C(c1ccc([N+](=O)[O-])cc1)C(C#N)=C(N)O2,CCO,414.0
7997,CC(C)(C)c1ccc2c(c1)c1cc(C(C)(C)C)ccc1n2-c1ccc(N(c2ccc(-c3ccc(-c4ccc(N(c5ccc(-n6c7ccc(C(C)(C)C)cc7c7cc(C(C)(C)C)ccc76)cc5)c5ccc(-n6c7ccc(C(C)(C)C)cc7c7cc(C(C)(C)C)ccc76)cc5)cc4)s3)cc2)c2ccc(-n3c4ccc(C(C)(C)C)cc4c4cc(C(C)(C)C)ccc43)cc2)cc1,ClCCl,465.0
4276,CCOC(=O)C1c2ccccc2C(=O)N1c1ccc(OC)cc1,CS(C)=O,486.0
11952,CC1(C)c2ccccc2N(c2cc3c4ccccc4n4c5ccccc5c(c2)c34)c2ccccc21,Cc1ccccc1,439.0
11315,N#C/C(=C\C=C\c1ccccc1)c1ccccc1,CCCCCCC,421.0
11769,COc1ccccc1C1=NC2c3cccc4cccc(c34)C2N1c1ccccc1,Cc1ccccc1,379.0
278,COc1c2ccccc2c(OC)c2c1c1ccc(F)cc1n2C,C1CCCCC1,404.0
6771,COc1cc(OC)cc(C2=[O+][B-](F)(F)OC(c3ccc4cc(OC)ccc4c3)=C2)c1,CC(C)=O,533.3188045
7415,[O-]c1c(-c2nc3ccccc3s2)cc2ccc3cccc4ccc1c2c34,CC#N,553.72
3252,C[N+]1=C(/C=C/C2=C3Oc4c(cc5c6c4CCCN6CCC5)C(c4ccccc4C(=O)O)=C3CCC2)C(C)(C)c2ccccc21,CC#N,760.0
8768,CCOC(=O)/C(C#N)=C/c1cc2c3ccccc3n(C)c2cc1OC,CN(C)C=O,486.0
11522,F[Si](c1c2ccccc2cc2ccccc12)(c1c2ccccc2cc2ccccc12)c1c2ccccc2cc2ccccc12,C1CCOC1,416.0
289,CC(C)(C)c1ccc(-c2nc3c4ccc(-c5ccc6ccccc6c5)cc4c4cc(-c5ccc6ccccc6c5)ccc4c3n2-c2ccc(C(C)(C)C)cc2)cc1,CC#N,413.0
3075,CCOC(=O)C1c2ccccc2C(=O)N1c1ccc(OC)cc1,CO,481.0
8874,CC(C)[Si]1(C(C)C)c2cc(N(C)C)ccc2-c2ccc(C(F)(F)F)cc21,c1ccccc1,410.0
8688,CCCCCCCCCCCCOc1cc2cc(N(C)C)ccc2cc1C#N,CCO,426.0
270,CCN(CC)c1ccc(-c2nc3c4ccccc4n(C)c3nc2-c2ccc([B-](F)(c3c(C)cc(C)cc3C)c3c(C)cc(C)cc3C)cc2)cc1,C1CCOC1,508.4415584
4570,COc1cc(/C=C/c2nc3ccccc3s2)c(OC)cc1/C=C/c1ccncc1,C1CCOC1,473.0
11250,CCOC(=O)c1ccc2nc(/N=N/c3ccc(N(CC)CC)cc3)sc2c1,ClCCl,571.0
6696,Cc1ccccc1C1=C2C=c3c(oc4ccc(F)cc34)=[N+]2[B-](F)(F)n2c1cc1c3cc(F)ccc3oc12,CCOC(C)=O,587.5
4316,COc1ccc(/C=C/c2nc(/C=C/c3ccc(N(c4ccccc4)c4ccccc4)cc3)cc(/C=C/c3ccc(N(c4ccccc4)c4ccccc4)cc3)n2)cc1,CCCCCCC,461.0
3180,O=C1c2ccccc2-c2cnccc21,CCCCCC,464.1664611
1422,CCN(CC)c1ccc2cc(/C=C/C(O)=C/C(C)=O)c(=O)oc2c1,ClCCl,525.0
8275,COC(=O)C[C@H](NC(=O)[C@H](Cc1c[nH]c2ccccc12)NC(=O)OC(C)(C)C)C(=O)OC,CC#N,330.0
9684,NS(=O)(=O)c1ccc(N2N=C(c3ccc(O)cc3)CC2c2ccc(Cl)cc2)cc1,O,448.0
4557,CC(=O)c1ccc2ccc3cccc4ccc1c2c34,CO,443.0
7812,Cc1ccc(C2=C3C=C(I)C=[N+]3[B-](F)(F)n3c2cc(I)c3I)cc1,C1CCCCC1,577.5
6297,CCC1(CC)c2cc(C=C(C#N)C#N)ccc2-c2ccc(N(C)C)cc21,C1CCCCC1,528.0
11480,Cc1ccc(Nc2ccc3ccccc3n2)cc1,CCO,443.0
11888,CN(C)c1ccc(-c2nc3c(c4c2-c2ccc(C#N)cc2CC4)-c2ccc(C#N)cc2CC3)cc1,CS(C)=O,516.0
1132,COc1ccc(C2=[N+]3C(=C(c4ccc(C#N)cc4)c4cc(-c5ccc(C#N)cc5)c(-c5ccc(OC)cc5)n4[B-]3(F)F)C=C2c2ccc(C#N)cc2)cc1,C1CCOC1,676.0
6242,O=C(c1ccc(N2c3ccccc3Oc3ccccc32)cc1)c1ccc(N2c3ccccc3Oc3ccccc32)cc1,c1cc(-n2c3ccccc3c3ccccc32)cc(-n2c3ccccc3c3ccccc32)c1,538.0
11186,CCCCCCOc1ccc(N(c2ccc(OCCCCCC)cc2)c2ccc(-c3sc(-c4ccc(N(c5ccc(OCCCCCC)cc5)c5ccc(OCCCCCC)cc5)cc4)c4nc(-c5ccc(OC)cc5)c(-c5ccc(OC)cc5)nc34)cc2)cc1,ClCCl,752.0
11481,COc1cccc(-n2c(-c3ccc(O)cc3)nc(C)c2C)c1,CCO,372.0
7423,FC(F)(F)c1cc2n(n1)[B-]1(c3ccccc3Oc3ccccc31)[n+]1ccc3ccccc3c1-2,ClCCl,543.0
8938,COc1ccc(/C=C/c2nc(/C=C/c3ccc(N(C)C)cc3)cc(/C=C/c3ccc(N(C)C)cc3)n2)cc1,CC(C)=O,559.0
8842,CCCCCCN(c1ccccc1)c1ccc(/C=C/c2cc(=O)oc3cc(C)ccc23)cc1,ClC(Cl)Cl,544.0
5520,O=C(N/N=C/c1ccccc1O)c1cc2ccccc2cc1O,CCO,557.0
10666,CCCCCCCCC1(CCCCCCCC)c2ccccc2-c2ccc(-c3nnc(-c4ccc(-n5c6ccc(C(C)(C)C)cc6c6cc(C(C)(C)C)ccc65)cc4)o3)cc21,Cc1ccccc1,409.0
9199,COC(=O)C(NC(=O)OC(C)(C)C)c1ccc2oc(-c3ccc(F)cc3)nc2c1,CC#N,341.0
3786,CC(C)(C)c1ccc2c(c1)c1ncncc1c1c3ccccc3sc21,ClCCl,414.0
10691,Cn1cc(-c2nc3ccccc3nc2/C=C/N2CCCC2)c2ccccc21,CC#N,556.9662921
8345,C(/C=C/c1ccc(N(c2ccccc2)c2ccccc2)cc1)=C\c1ccncc1,CC#N,534.0
2161,CCCCn1c2c(-c3ccc(N(c4ccccc4)c4ccccc4)cc3)cc(C#N)cc2c2cc(C#N)cc(-c3ccc(N(c4ccccc4)c4ccccc4)cc3)c21,CCOC(C)=O,443.0
3008,Fc1c(F)c(F)c2c(c1F)C1=Nc3c4c(F)c(F)c(F)c(F)c4c4n3[B-]3(Cl)n5c(c6c(F)c(F)c(F)c(F)c6c5=N4)=NC2=[N+]13,CCOC(C)=O,588.0
1105,c1cc2ccc3cc4[nH]ccc4c4ccc(c1)c2c34,CCOC(C)=O,398.0
9058,CC1=CC(C)=[N+]2C1=C(c1ccc(-c3c4ccccc4c(-c4ccccc4)c4ccccc34)cc1)c1c(C)cc(C)n1[B-]2(F)F,CCCCCC,511.0
692,COc1ccc2cc(/C=C/c3ccc([N+](=O)[O-])cc3)c(=O)oc2c1,CC#N,610.0
4956,CC1=[N+]2C(=C(c3ccc(N(c4ccccc4)c4ccccc4)cc3)c3ccc(C)n3[B-]2(F)F)C=C1c1cc2n(c1)[B-](F)(F)[N+]1=CC=CC1=C2c1c(C)cc(C)cc1C,CCOC(C)=O,680.0
8307,CN1/C(=C/C=C(/C=C/c2sc3ccccc3[n+]2C)c2cccc(C(F)(F)F)c2)Sc2ccccc21,O,659.0
4369,COc1ccc(OC)c(-c2[nH]c(=O)n3c2-c2ccccc2C3=O)c1,CO,484.0
2765,CCCCNC(=O)c1nc2c(N(C)C)nc(N(C)C)nc2n1Cc1ccccc1,C1COCCO1,392.0
3929,FC(F)(F)c1ccc2oc3nc4oc5ccc(N(c6ccccc6)c6ccccc6)cc5c4cc3c2c1,ClC(Cl)Cl,487.0
9366,COc1ccc(-c2csc(/C(C#N)=C/c3ccncc3)n2)cc1,CN(C)C=O,559.0
12046,CCc1c(C)[nH]c(C2=[N+]3C(=C(C)c4c(C)c(CC)c(C)n4[B-]3(F)F)c3ccccc32)c1C,CCCCCC,636.0
7778,CN(C)CCCN1c2ccccc2Sc2ccc(Cl)cc21,CC#N,451.0
628,CCCCN1/C(=C\C=C\C=C\C2=[N+](CCCC)c3ccc4ccccc4c3C2(C)C)C(C)(C)c2c1ccc1ccccc21,CO,701.0
2451,O=Cc1ccc(-c2ccc(C3=CCC(c4ccccc4)CC3)s2)s1,CCO,498.0
3824,CCOC(=O)CC[N+]1=c2cc3c(cc2CCC1)=Cc1c(c2ccc(N(C)C)cc2oc1=O)O3,ClCCl,637.0
10997,COc1c2ccccc2c(-c2ccccc2)c2ccccc12,CCCCO,426.0
3743,N#Cc1cc2ccc(O)cc2oc1=N,CC#N,408.0
2176,COc1cc(/C=C/c2nc3ccccc3o2)c(OC)cc1/C=C/c1nc(C)nc(C)n1,ClC(Cl)Cl,490.0
6689,COc1ccc(-c2nc3c(ccc4ccccc43)oc2=O)cc1,c1ccccc1,480.0
3318,Cc1cc(C)cc(NC(=O)c2sc(Br)nc2C)c1,CN(C)C=O,398.2
10412,CC1(C)Nc2cc(Cl)ccc2-c2[nH]c3ccccc3c(=O)c21,CS(C)=O,494.0
7432,CN(C)c1nc(N)c2nc(C#N)n(Cc3ccccc3)c2n1,C1COCCO1,382.0
2787,O=C(O)CCCOc1cccc(-c2c3nc(cc4ccc([nH]4)c(-c4cccc(OCCCC(=O)O)c4)c4nc(cc5ccc2[nH]5)C=C4)C=C3)c1,CS(C)=O,632.0
1196,CN(C)c1ccc2c(c1)C(=O)NC2=O,O,562.0
1676,COc1nc(Nc2ccc3c4c(cccc24)C(=O)c2ccccc2-3)nc(OC)n1,Clc1ccccc1,526.8703899
3947,Cc1ccc2nc3c(=O)[nH]c(=O)[nH]c3nc2c1,ClCCCl,425.0
7618,CC1=CC(/C=C/c2ccc(N(C)C)cc2)=[N+]2C1=C(c1ccc(C#CCO[C@@H]3O[C@H](CO)[C@@H](O)C(O)[C@H]3O)cc1)c1c(C)cc(/C=C/c3ccc(N(C)C)cc3)n1[B-]2(F)F,CC#N,770.0
4444,COc1ccc2c3c(c4ccc(OC)cc4c2c1)C(C)(C)c1c-3ccc2ccccc12,C1CCCCC1,396.0
5722,O=Cc1ccc(-c2ccc(O)c(-c3nc4ccccc4s3)c2)s1,O,574.0
10387,N#Cc1cc(N2c3ccccc3Sc3ccccc32)c(N2c3ccccc3Sc3ccccc32)cc1C#N,c1ccc2c(c1)c1ccccc1n2-c1ccc(-c2ccc(-n3c4ccccc4c4ccccc43)cc2)cc1,605.0
2369,COC(=O)C(Cc1ccc2oc(-c3ccc(Nc4ccccc4)cc3)nc2c1)NC(=O)OC(C)(C)C,CCCCCCO,429.000429
4967,C(=C/c1cc(/C=C/c2ccc(-n3c4ccccc4c4ccccc43)cc2)cc(/C=C/c2ccc(-n3c4ccccc4c4ccccc43)cc2)c1)\c1ccc(-n2c3ccccc3c3ccccc32)cc1,Cc1ccccc1,401.0
2217,CCN(CC)c1cc2oc3cc(O)c(F)cc3c(=O)c2cc1F,CCO,438.0
8148,Nc1ccc(-c2ccc(N)cc2)cc1,C1CCOC1,394.0
3326,CC1=[N+]2C(=C(c3ccc(N(C)C)cc3)c3ccc(C)n3[B-]2(F)F)C=C1,C1CCOC1,517.0
11238,COc1ccc2cc(-c3ccc(C(F)(F)F)cc3)oc(=O)c2c1,CCCCO,411.0
3583,COc1ccc(/C=C/c2ccc(-c3nnc(-c4ccc(-c5cc6ccccc6s5)cc4)o3)cc2)cc1,CC#N,441.0
11984,Cc1cc(O)c(C(=O)/C=C/c2ccc(N(C)C)cc2)c(=O)o1,CC#N,561.0
12047,CCN(CC)c1ccc2cc(/C=C/C(O)=C3\CC/C(=C\c4cc5ccc(N(CC)CC)cc5oc4=O)C3=O)c(=O)oc2c1,C1COCCO1,581.0
3619,COc1cc(/C=C2/SC(=O)NC2=O)ccc1O,OCCO,435.0
6217,COc1ccc(-c2cc3c(ccc4sc5ccc6sc(-c7ccc(C#N)cc7)cc6c5c43)s2)cc1,ClCCl,469.0
2468,COC(=O)c1cc(=O)n(C)c2cc(-c3ccc4c(c3)OCCO4)sc12,CC#N,478.0
8277,CCN(CC)c1ccc2cc(-c3csc(N)c3C#N)c(=O)oc2c1,C1CCOC1,458.0
10369,COc1ccc2cc(-c3ccc(C)cc3)c(=O)oc2c1,C1CCOC1,424.0
5973,CC1=N/C(=C\c2cc(N(C)C)ccc2C#N)C(=O)N1C,CCCCCC,492.0
3667,C#Cc1cccc2ccccc12,CO,332.0
5158,CCOC(=O)c1cc(C(=O)OCC)c2cc(O)ccc2n1,CCO,466.0
7594,CCOC(=O)c1cc(C(=O)OCC)c2cc(NC(=O)C(F)(F)F)ccc2n1,CCO,436.0
6976,CC1(C)Cc2c(c3ccccc3c3nc4c(nc23)c2c(c3ccccc34)OC(C)(C)C2)O1,c1ccccc1,463.1773969
3423,O=Cc1cc(O)ccc1O,CS(C)=O,446.0
8199,COc1cc(OC)c2c(c1)c1cc3oc(=O)cc(C)c3cc1c1cc(OC)cc(OC)c12,ClC(Cl)Cl,538.0
2409,CCN(CC)c1ccc2nc3c4ccccc4c(=O)cc-3oc2c1,CC#N,620.0
3212,COc1cc(OC)cc(-c2nnc(-c3cccc(-c4nnc(-c5cc(OC)cc(OC)c5)o4)c3)o2)c1,C1CCCCC1,350.0
5366,Cn1nc(-c2ccccc2)cc1-c1ccccc1,ClCCl,338.0
10337,Cc1c(-c2nc(-c3ccccc3)nc(-c3ccccc3)n2)ccc(-n2c3ccccc3c3cc4c(cc32)C2c3ccccc3C4c3ccccc32)c1C,O=P(c1ccccc1)(c1ccccc1)c1ccccc1Oc1ccccc1P(=O)(c1ccccc1)c1ccccc1,435.0
6593,COC(=O)c1ccc(C#Cc2ccc(N(C)C)cc2)cc1,CCCCCCCCCCCCCCCC,370.00037
2895,CN(C)CCCN1c2ccccc2Sc2ccc(Cl)cc21,O,453.0
10724,CN(C)c1ccc(/C=C/C(=O)O)cc1,CC#N,445.0
11288,CCN(CC)c1ccc2cc(/C=C/C(=C(C#N)C#N)c3ccc(N(c4ccccc4)c4ccccc4)cc3)c(=O)oc2c1,CN(C)C=O,636.0
3642,COc1ccc2cc(-c3ccc(S(C)(=O)=O)cc3)oc(=O)c2c1,CCOC(C)=O,404.0
9389,C(=C/c1nc2ccccc2[nH]1)\c1ccc(-c2nc3c4cccnc4c4ncccc4c3[nH]2)cc1,ClCCl,447.0
10883,CSC1=C2C=C(c3cc4n(c3)[B-](F)(F)[N+]3=CC=CC3=C4c3c(C)cc(C)cc3C)C(C)=[N+]2[B-](F)(F)n2c(C)ccc21,CC#N,740.0
11881,CCCCCCC(CCCCCC)n1c(=O)c2c3ccc4cccc5c6cccc7ccc(c2c1=O)c(c76)c3c45,CCOCC,495.0
10981,CC(C)(C)C1Nc2c(Br)cc(Br)cc2C(=O)N1Cc1ccccc1,CC#N,422.0
8548,Cc1c2oc3c(C)c(N)cc(C(=O)NC4OC(=O)C(C(C)C)N(C)C(=O)CN(C)C(=O)C5CCCN5C(=O)C(C(C)C)NC4=O)c3nc-2c(C(=O)NC2OC(=O)C(C(C)C)N(C)C(=O)CN(C)C(=O)C3CCCN3C(=O)C(C(C)C)NC2=O)c(N)c1=O,CCCO,658.6183504
12147,Oc1ccccc1/N=C/c1ccccc1Oc1ccccc1,CCOCC,420.0
5451,CCCCCCCCCCCCOc1cc2cc(N(C)C)ccc2cc1C=O,O,504.0
7160,COc1ccc(C#Cc2c3ccccc3c3n2[B-](F)(F)[N+]2=C(C)C=C(C)C2=C3)cc1,CN(C)C=O,630.0
7866,COc1ccc(-c2cc3c(ccc4sc(/C=C/c5cccs5)cc43)s2)cc1,ClCCl,445.0
2743,CC(C)(C)c1cc(C(C)(C)C)c(-c2nnc(-c3ccc(-n4c5ccccc5c5ccccc54)cc3)o2)c(C(C)(C)C)c1,Cc1ccccc1,376.0
4958,COC(=O)/C(C#N)=c1\s/c(=c2/s/c(=C(/C#N)C(=O)OC)c3cc(-c4ccccc4)sc23)c2sc(-c3ccccc3)cc12,Cc1ccccc1,640.0
6474,CN(C)c1ccc(-c2nc3cc(C(F)(F)F)ccc3n2-c2ccccc2)cc1,CC#N,406.0
7888,COC(=O)C(Cc1ccc2oc(-c3ccc(N(C)C)cc3)nc2c1)NC(=O)OC(C)(C)C,Cc1ccccc1,374.5037825
492,CCC1=C(C)C2=C(c3c4ccccc4c(-c4ccccc4)c4ccccc34)c3c(C)c(CC)c(C)n3[B-](F)(F)[N+]2=C1C,CN(C)C=O,539.0
1116,c1ccc(-c2cc(-c3ccc(N(c4ccccc4)c4ccccc4)cc3)cc(-c3ccccc3)n2)cc1,CO,524.0
5637,Cc1cc(C)c(B(c2c(C)cc(C)cc2C)c2cc3ccc4ccccc4c3c3c2cc(N(C)C)c2ccccc23)c(C)c1,ClC(Cl)Cl,585.0
10762,CCn1c2ccccc2c2cc(/C=C/C(=O)c3ccc4c(c3)c3cc(C(=O)/C=C/c5ccc6c(c5)c5ccccc5n6CC)ccc3n4CC)ccc21,CO,542.0
12103,CC(=O)OCCN1C(=O)c2cccc3c(Oc4ccccc4C)ccc(c23)C1=O,ClC(Cl)Cl,419.0
9090,CCCCCCC(CCCCCC)N1C(=O)c2cccc3c(-c4ccc(OC)c5ccccc45)ccc(c23)C1=O,CCCCCCCCCCCO,532.4
10551,CN(C)c1ccc(/C=C/c2ccccn2)cc1,CS(C)=O,478.0
6589,CN(C)c1ccc(/C=C/C(=C(C#N)C#N)c2ccc3c4c(cccc24)CC3)cc1,CO,593.0
11109,c1ccc2c(c1)[nH]c1c3[nH]c4ccccc4c3c3nsnc3c21,Cc1ccccc1,456.0
7557,O=C1C2=C3c4sccc4C=CN3C(=O)C2=C2c3sccc3C=CN12,ClC(Cl)Cl,609.0
9809,O=C(O)CCCCCn1c2ccc(Br)cc2c(=O)c2cc3c(cc21)c(=O)c1cc(Br)ccc1n3CCCCCC(=O)O,CO,555.0
5241,CN(C)c1ccc(/C=C/C=C2\CCCC2=O)cc1,CO,614.0
11324,Cc1ccc(C2=C3C=CC(C#Cc4ccccc4)=[N+]3[B-](F)(F)n3c(Cl)ccc32)cc1,C1COCCO1,575.0
2783,CSc1sc(C(N)=O)c2nnn(C)c(=O)c12,CCO,519.0
9035,CN(C)c1ccc(/C=C/c2ccnc(/C=C/c3ccc(N(C)C)cc3)n2)cc1,CC(C)=O,523.0
1696,CC1=CC(C)=[N+]2C1=C(c1ccccc1)c1c(C)cc(/C=C/c3ccc(N(C)C)cc3)n1[B-]2(F)F,CCOCC,638.0
5685,Cc1cc2c(o1)c(Br)cc1c(C)cc(=O)oc12,C1COCCO1,418.0
2295,Cc1cc(O)c(C(=O)/C=C/c2ccccc2)c(=O)o1,CC#N,483.0
5939,CCCSc1ccc2n1[B-](F)(F)[N+]1=CC=CC1=C2c1ccccc1,CC#N,585.0
7763,CC(C)(C)c1ccc(-c2nc3c4ccccc4c4ccccc4c3n2-c2ccc(C(C)(C)C)cc2)cc1,CCCCCC,385.0
3313,Fc1ccc(-c2cc3c4c(c2)CCc2cc(-c5ccc(F)cc5)cc(c2-4)CC3)cc1,C1CCOC1,378.1800391
4781,N#Cc1c2nc3ccccn3c2nc2nc3ccccn3c12,CN(C)C=O,540.0
8350,N#C/C(=C\c1ccc(C#N)cc1)c1nc(-c2ccc(Cl)cc2)c(-c2ccccc2)s1,CC#N,522.0
9142,CN(C)c1ccc2c(c1)Cc1ccccc1-2,CCOC(C)=O,370.0
7605,CCN(CC)c1ccc(-c2nc3c4ccc(-c5ccccc5)cc4c4cc(-c5ccccc5)ccc4c3[nH]2)c(O)c1,CC#N,451.0
215,CC(C)(C)C1CCC(=CS/C=C/c2ccc(/C=C/SC=C3CCC(C(C)(C)C)CC3)cc2)CC1,ClCCl,422.0
6707,N#C/C(=C\C=C\c1ccccc1)c1ccccc1,C1CCOC1,422.0
10099,C=CCOC(=O)C(C#N)=C1C=C(/C=C/c2ccc(N(C)C)cc2)OC(/C=C/c2ccc(N(C)C)cc2)=C1,C1COCCO1,564.0
8682,CN(C)c1ccc(/C=C/c2ncnc3ccccc23)cc1,CC#N,572.0
11190,c1cc2c3c(cccc3c1)-c1c-2c2ccccc2c2ccccc12,CCCCCCC,536.0
3483,O=Cc1ccc2nc(C#Cc3ccc(N(c4ccc(C#Cc5nc6ccc(C=O)cc6s5)cc4)c4ccc(C#Cc5nc6ccc(C=O)cc6s5)cc4)cc3)sc2c1,Cc1ccccc1,458.0
7006,N#C/C(=C(/C#N)c1ccc(-c2ccncc2)cc1)c1ccc(-c2ccncc2)cc1,ClCCl,444.0
5102,Cn1c(/C=C/c2ccc(/C=C/c3nc4ccccc4[nH]3)cc2)[n+](C)c2ccccc21,CC#N,576.0
6599,C(=C/c1ncc2ccccc2n1)\c1ccc(N2CCCCC2)cc1,C1CCCCC1,453.0
3764,CC(=O)Nc1ccc2c(c1)c(=O)c1cc(NC(C)=O)ccc1n2CCCCCC(=O)O,O,463.0
9737,Cc1c2ccncc2c(C)c2c1[nH]c1ccccc12,CC#N,420.0
6410,CC(C)CCCCN1CCc2c1ccc1c3c(ccc21)CCCC3=O,Clc1ccccc1,573.0
10407,O=[N+]([O-])c1ccc([N+]2=Cc3ccc4c5c(ccc4c3O[B-]2(c2ccccc2)c2ccccc2)C=[N+](c2ccc([N+](=O)[O-])cc2)[B-](c2ccccc2)(c2ccccc2)O5)cc1,Cc1ccccc1,643.0
25,Cc1c2ccncc2c(C)c2c1[nH]c1ccccc12,CCCCO,427.0
7659,O=C1c2ccccc2C2=Cc3cc4c(cc3B(O)N12)OCO4,CO,490.0
10683,CCCCOc1ccc(-c2oc3c(-c4ccc(OCCCC)cc4)c4n(c3c2-c2ccc(OCCCC)cc2)[B-](F)(F)[N+]2=Cc3c(-c5ccc(OCCCC)cc5)c5oc(-c6ccc(OCCCC)cc6)c(-c6ccc(OCCCC)cc6)c5n3[B-](F)(F)[N+]2=C4)cc1,CN(C)C=O,672.0
11277,CN(C)CCN(Cc1c2ccccc2cc2ccccc12)c1ccc([N+](=O)[O-])cc1[N+](=O)[O-],CC(C)=O,393.0
10563,O=C1c2ccccc2-c2ccccc21,CCO,553.0
6683,N#CC(C#N)=C(/C=C/c1ccc(N(c2ccccc2)c2ccccc2)cc1)c1ccccc1,CCOC(C)=O,620.0
10081,COCCOc1cc(C=O)c(OCCOC)cc1C=O,CCO,464.0
8584,COC(=O)c1cc(=O)n(C)c2cc(-c3ccccc3)sc12,CC#N,462.0
9473,Cc1cc(C)c(C2=C3C=CC(c4ccc5c(ccc6ccccc65)c4)=[N+]3[B-](F)(F)n3c2ccc3-c2ccc3c(ccc4ccccc43)c2)c(C)c1,ClC(Cl)Cl,624.0
10534,CC1(C)c2ccccc2N(c2ccccc2)c2ccc(-c3nc(-c4ccccc4)nc(-c4ccccc4)n3)cc21,Cc1ccccc1,430.6818182
11832,CC(C)(C)c1ccc(-c2nc3c4ccc(-c5cc6ccccc6c6ccccc56)cc4c4cc(-c5cc6ccccc6c6ccccc56)ccc4c3n2-c2ccc(C(C)(C)C)cc2)cc1,CCOC(C)=O,388.0
10151,Oc1cccc(/N=C/c2ccccc2Oc2ccccc2)c1,CC(C)CO,387.0
1102,CCn1c2ccccc2c2cc(-c3cc(-c4ccc5c(c4)c4ccccc4n5CC)nc(-c4ccc(OC)cc4)n3)ccc21,Cc1ccccc1,379.0
3276,CCCCCCCCCCCCCCCCn1c(-c2cc(-c3nc4ccc(C)cc4n3CCCCCCCCCCCCCCCC)cc(-c3nc4ccc(C)cc4n3CCCCCCCCCCCCCCCC)c2)nc2ccc(C)cc21,C1CCOC1,366.9
5345,CN(C)c1ccc2nc(/C=C/c3cc4c5c(c3)CCCN5CCC4)c(=O)oc2c1,C1CCCCC1,543.0
11116,CCn1c(-c2ccc(-c3ccc(-c4ccc(-c5n(CC)c6ccccc6[n+]5CC)cc4)c(C)c3)cc2)[n+](CC)c2ccccc21,O,400.0
10782,F[B-]1(F)n2c(cc(Br)c2Br)C(c2ccccc2)=C2C=C(Br)C(c3ccc[nH]3)=[N+]21,ClC(Cl)Cl,642.0
8386,COc1ccc(C(=O)/C=C2\C(=O)Nc3ccccc32)cc1,CCOC(C)=O,375.0
8911,CCC(=O)c1ccc2cc(N(C)C)ccc2c1,CCC(C)=O,443.0
12253,COc1ccc(-c2csc(/C(C#N)=N\Nc3ccc(C#N)cc3)n2)cc1,Cc1ccccc1,494.0
2207,COc1ccc(/C=C/C2=[O+][B-](F)(F)OC(/C=C/c3ccc(OC)c4ccccc34)=C2c2ccccc2)c2ccccc12,CCOC(C)=O,603.0
4552,CCc1cccc(CC)c1-c1c2ccccc2c(C#Cc2ccccc2)c2cc3ccccc3cc12,ClCCl,538.0
4402,COc1ccccc1C1=C2C(C)=CC(C)=[N+]2[B-](F)(F)n2c(C)cc(C)c21,CCOC(C)=O,514.0
7395,COC(=O)C(Cc1ccc2oc(-c3c4ccccc4cc4ccccc34)nc2c1)NC(=O)OC(C)(C)C,CO,508.001016
3718,CCCCCCCCCCCCOc1cc2cc(N(C)C)ccc2cc1C=O,CCCCCC,415.0
972,CC1=[N+]2C(=C(Oc3ccc4c(c3)CC[C@@H]3[C@@H]4CC[C@]4(C)C(=O)CC[C@@H]34)c3ccc(C)n3[B-]2(F)F)C=C1c1cc2n(c1)[B-](F)(F)[N+]1=CC=CC1=C2c1c(C)cc(C)cc1C,C1CCCCC1,630.0
4579,COc1cc2c(cc1/C=C/C1=CC(=C(C#N)C#N)CC(C)(C)C1)c1ccccc1n2C,CCOC(C)=O,590.0
6516,F[B-]1(F)n2cccc2C(c2c3ccccc3c(-c3ccccc3)c3ccccc23)=C2C=CC=[N+]21,CC#N,524.0
719,O=P1(c2ccccc2)c2cc(N3c4ccccc4Oc4ccccc43)ccc2-c2ccc(N3c4ccccc4Oc4ccccc43)cc21,c1ccc2c(c1)c1ccccc1n2-c1ccc(-c2ccc(-n3c4ccccc4c4ccccc43)cc2)cc1,550.0
6155,COc1ccc(-c2cc3c(s2)c(-c2ccccc2)cc(=O)n3C)cc1,CC#N,435.0
11562,O=c1ccc2cc3ccoc3cc2o1,CCO,460.0
2803,Cc1ccc(Nc2ccc(Nc3ccc(C)cc3)c3c2C(=O)c2ccccc2C3=O)cc1,CN(C)C=O,686.0
2566,O=C1c2cc(F)ccc2-c2cnccc21,CC#N,540.4298781
4025,CC(C)(C)NC(=O)c1ccc2ccc3cccc4c3c2c1c1c2ccccc2c2ccccc2c41,ClCCl,425.0
6198,CN(C)c1ccc(C2=Nc3scc(-c4ccccc4)[n+]3[B-](F)(F)O2)cc1,CC#N,471.0
8224,c1ccc(-c2oc(-c3ccccc3)c3ccccc23)cc1,C1CCCCC1,448.0
10825,CCN(CC)c1ccc2cc(-c3nc4cc(C(=O)Nc5cccc(C)c5)ccc4o3)c(=O)oc2c1,ClCCl,495.0
4063,COC(=O)c1nc(-c2cccc3ccccc23)oc1C,C1CCCCC1,340.0
2792,CC[n+]1c(-c2ccccc2)c2cc(N)ccc2c2ccc(-n3cccc3)cc21,O,592.0
2222,CCCCC1=Cc2c3ccc4cccc5ccc(c6cc(-c7ccc(N(c8ccccc8)c8ccccc8)cc7)n(c26)P1(=O)c1ccccc1)c3c45,CO,563.0
5818,COC(=O)/C=C/c1ccc2ccc3cccc4ccc1c2c34,CCOC(C)=O,423.0
3866,Cc1ccccc1C1=C2C=c3c(oc4ccccc34)=[N+]2[B-](F)(F)n2c1cc1c3ccccc3oc12,CO,595.0
8882,O=C1c2ccccc2-c2ccc(Nc3nc(Cl)nc(Cl)n3)c3cccc1c23,CC(C)=O,521.1047421
10618,Cc1ccc(/C=N/c2cc(C(C)C)c(O)cc2C)cc1,CN(C)C=O,414.0
3227,O=[N+]([O-])c1ccc(/C=C/C=C/c2ccccc2)cc1,C1CCOC1,508.0
4214,O=C1NC(=O)c2c1c1c3ccccc3[nH]c1c1[nH]c3ccccc3c21,CCCCOCCCC,461.0
3923,CC1=CC(C)=[N+]2C1=C(c1c(F)c(F)c(NCCNP(=O)(OC(C)C)OC(C)C)c(F)c1F)c1c(C)cc(C)n1[B-]2(F)F,CCCCCC,527.0
9162,COCCOc1cc(C=O)c(OCCOC)cc1C=O,CC(C)CO,479.0
1401,CN(C)c1ccc(C(=O)Nc2ccc(Cl)cc2)cc1,CCOCC,481.0
7703,O=S(=O)([O-])c1cccc2c(O)cccc12,O,426.0
4979,CCN1C(=CC=Cc2n(CC)c3cc(Cl)c(Cl)cc3[n+]2CC)N(CC)c2cc(Cl)c(Cl)cc21,OCC(O)CO,535.0
3253,CN(C)c1ccc(/C=C/c2ccnc(/C=C/c3ccc(N(C)C)cc3)n2)cc1,Cc1ccccc1,455.0
10576,CCn1c2ccccc2c2cc(-c3cc(-c4ccc5c(c4)c4ccccc4n5CC)nc(S(C)(=O)=O)n3)ccc21,ClCCl,437.0
2661,Cc1ccc(C2=[N+]3C(=Cc4ccc(C)n4[B-]3(F)F)c3ccccc32)[nH]1,CC#N,620.0
2158,C(=C/c1cc(/C=C/c2ccc(-n3c4ccccc4c4ccccc43)cc2)cc(/C=C/c2ccc(-n3c4ccccc4c4ccccc43)cc2)c1)\c1ccc(-n2c3ccccc3c3ccccc32)cc1,CC#N,429.0
8578,Cc1ccccc1-c1c2cccc3c(-c4ccc(C(C)(C)C)cc4)cc4c(-c5ccccc5C)c5cccc6c(-c7ccc(C(C)(C)C)cc7)cc1c(c65)c4c32,ClCCl,455.0
8088,FC(F)(F)c1ccc(/C=C2\C=C(c3ccccc3)C=C2c2ccccc2)cc1,C1CCOC1,516.0
674,Nc1ccc2c(c1)C(=O)N(C13C[C@H]4C[C@@H](C1)C[C@@H](C3)C4)C2=O,CC#N,469.0
9336,CCc1c(C)[nH]c(C2=[N+]3C(=Cc4c(C)c(CC)c(/C=C/c5ccc(N(C)C)cc5)n4[B-]3(F)F)c3ccccc32)c1C,ClCCl,770.0
7011,CN1/C(=C/C=O)C(C)(C)c2ccccc21,CS(C)=O,410.0
10595,CC(C)[Si]1(C(C)C)c2cc(C=C(C#N)C#N)ccc2-c2ccc(N(c3ccccc3)c3ccccc3)cc21,c1ccccc1,564.0
3841,COc1ccc(-c2cc(-c3ccc(OC)cc3)c3c(N)nc(N4CCCC4)c(C#N)c3n2)cc1,c1ccccc1,502.0
1815,C[P+](c1c2ccccc2cc2ccccc12)(c1c2ccccc2cc2ccccc12)c1c2ccccc2cc2ccccc12,C1CCOC1,494.0
10202,COc1ccc2c(C=C(C#N)C#N)cc3ccc4cc(C=C(C#N)C#N)c5ccc(OC)cc5c4c3c2c1,ClC(Cl)Cl,545.0
12064,COCCOCCOCCOc1ccc(OCCOCCOCCOC)c(C=O)c1,CC(C)CO,453.0
2100,CCOC(=O)/C(C#N)=C\c1ccc2c(c1)c1ccccc1n2-c1ccc(C)cc1,CCOC(C)=O,460.0
10798,C1=C(c2ccc(-c3cccs3)s2)CCC(c2ccccc2)C1,OCCOCCO,412.0
6708,COc1cc(C2=CC3=C(c4c(C)cc(C)cc4C)c4cc(-c5cc(OC)c(OC)c(OC)c5)c(-c5cc(OC)c(OC)c(OC)c5)n4[B-](F)(F)[N+]3=C2c2cc(OC)c(OC)c(OC)c2)cc(OC)c1OC,ClCCl,651.0
1673,CCOC(=O)/C(C#N)=C\c1ccc2c(c1)c1ccccc1n2-c1ccc(OC)cc1,Cc1ccccc1,455.0
4213,CC1(C)CC(/C=C/c2cn(-c3ccccc3)nc2-c2ccccc2)=CC(=C(C#N)C#N)C1,ClC(Cl)Cl,550.0
8929,Nc1cccc2c1C(=O)c1ccccc1C2=O,ClCCl,558.0
1548,OC1(c2ccc(-c3cccs3)s2)CCC1,CCCCCC,465.0
8875,CC1(C)CCc2c(c3ccccc3c3nc4c(nc23)c2c(c3ccccc34)OC(C)(C)CC2)O1,CCCCCC,434.2162397
8547,CN(C)c1ccc(/C=C/C(=O)c2ccccc2)cc1,ClC(Cl)Cl,510.0
5184,COc1cccc2oc(-c3cc4c(OC)cccc4oc3=O)cc12,Cc1ccccc1,460.0
1461,CCc1nc2c(nc1CC)C(c1ccccc1)=[N+]1C2=Nc2c3nc(CC)c(CC)nc3c(-c3ccccc3)n2[B-]1(F)F,C1CCOC1,721.0
12093,c1ccc(N(c2ccccc2)c2ccc3c(ccc4nc5ccc6cc(N(c7ccccc7)c7ccccc7)ccc6c5nc43)c2)cc1,C1CCCCC1,492.0
3220,CC1=N/C(=C\c2ccc(N(C)C)cc2)C(=O)N1C,CC#N,483.0
11222,CCn1c2ccc(-c3ccc(-c4cccs4)s3)cc2c2cc(-c3ccc(-c4cccs4)s3)ccc21,ClCCl,430.0
7170,COC(=O)c1c(-c2cc3ccccc3oc2=O)nn(-c2cccc(C)c2)c1C(=O)OC,ClCCl,401.0
7430,Nc1ccc2c(-c3ccccc3C(=O)[O-])c3ccc(=[NH2+])cc-3oc2c1,CC#N,523.0
1751,O=C(Cc1ccccc1)OCc1ccc2c3cccc4cccc(c5cccc1c52)c43,CCO,445.0
3976,Cc1cc(-c2nnc(-c3c(C(C)C)cc(C(C)C)cc3C(C)C)o2)ccc1-n1c2ccccc2c2ccccc21,Cc1ccccc1,375.0
8353,C(#Cc1cc2ccc3cccc4ccc(c1)c2c34)c1ccccc1,Cc1ccccc1,399.0
1772,Oc1ccccc1/C=N/N=C/c1ccccc1O,CCO,579.7101449
2016,COc1ccc(OC)c(C(C)=O)c1,CO,449.0
2005,CC(=O)Nc1ccc2c3c(cccc13)C(=O)c1ccccc1-2,N#Cc1ccccc1,527.9831045
3893,Cc1ccc(C2=C3C=CC(/C=C/c4ccccc4)=[N+]3[B-](F)(F)n3c(/C=C/c4ccccc4)ccc32)cc1,ClC(Cl)Cl,647.0
3237,C(=C/c1cc(/C=C/c2ccc(N(c3ccccc3)c3ccccc3)cc2)nc(/C=C/c2ccc(N(c3ccccc3)c3ccccc3)cc2)n1)\c1ccc(N(c2ccccc2)c2ccccc2)cc1,CC#N,589.0
4424,CCOC(=O)c1c(-c2c(Cl)c3ccccc3oc2=O)nn(-c2ccc(Br)cc2)c1C(=O)OCC,ClCCl,406.0
8588,c1cc2ccc3[se]c4ccc5cccc6c(c1)c2c3c4c56,ClC(Cl)Cl,424.0
2257,N#Cc1cccc2cc[nH]c12,CCO,382.0
4072,CC1=CC(C)=[N+]2C1=Cc1ccc(CCC(=O)ON3C(=O)CCC3=O)n1[B-]2(F)F,CO,510.0
5574,CCCCCn1c2ccccc2c(=O)c2ccccc21,O,428.0
11676,COC1=C/C(=C\C=C2C=CN(Cc3ccc(Br)cc3)C=C2)C=CC1=O,CCCCCCO,645.0
5355,CCCCC1(CCCC)c2cc(-c3ccc(C=C4C(=O)c5ccccc5C4=O)cc3)ccc2-c2ccc(-c3ccc(C=C4C(=O)c5ccccc5C4=O)cc3)cc21,CC(C)=O,564.0
8418,c1ccc(-n2c(-c3ccc(-c4ccc(-c5ccc(-c6nc7c8ccccc8c8ccccc8c7n6-c6ccccc6)cc5)cc4)cc3)nc3ccccc32)cc1,CN(C)C=O,447.0
6093,CCOC(=O)CN1C(=O)C2=C(c3ccc(C#N)cc3)N(CC(=O)OCC)C(=O)C2=C1c1ccccc1,Cc1ccccc1,544.0
7935,CC(C)(C)c1ccc(-c2c3ccccc3c3n2[B-](F)(F)[N+]2=Cc4c5ccccc5c(-c5ccc(C(C)(C)C)cc5)n4[B-](F)(F)[N+]2=C3)cc1,Cc1ccccc1,611.0
9932,C[Si]1(C)c2ccc(-c3ccc(N(c4ccccc4)c4ccccc4)cc3)cc2C=Cc2cc(-c3ccc(N(c4ccccc4)c4ccccc4)cc3)ccc21,ClCCl,447.0
1519,F[B-]1(F)n2c(nc(-c3ccccc3)c2-c2ccccc2)-c2cccc[n+]21,C1CCOC1,537.0
10025,CN(C)c1ccc(/C=C/c2nc3cc(Br)ccc3nc2-c2ccccc2)cc1,CC#N,643.0
1378,N#CC(C#N)=C(/C=C/c1cc2c3c(c1)CCCN3CCC2)c1ccc2c3c(cccc13)CC2,CO,613.0
5672,COc1ccc2c(-c3nc(-c4ccccc4)no3)cc(=O)oc2c1,ClC(Cl)Cl,450.0
2587,CCOC(=O)c1[nH]c(C)c(/C=C/C2=[N+]3C(=C(c4cc(OC)cc(OC)c4)c4c(C)c(I)c(/C=C/c5c(C)[nH]c(C(=O)OCC)c5C)n4[B-]3(F)F)C(C)=C2I)c1C,C1CCOC1,713.0
11972,N#Cc1ccc(N)cc1,CC#N,334.2057212
5621,CN(C)CCN(Cc1c2ccccc2cc2ccccc12)c1ccc([N+](=O)[O-])cc1[N+](=O)[O-],CN(C)C=O,396.0
10028,CCCCN1/C(=C/C=C/C2=[N+](C)c3ccccc3C2(C)C)Oc2ccccc21,CS(C)=O,537.0
10097,COC(=O)C(NC(=O)OC(C)(C)C)c1ccc2oc(-c3ccc(O)cc3O)nc2c1,CC#N,380.0
5842,CCCCCN(c1ccccc1)c1ccc2c(c1)C(CC)(CC)c1cc(/C=C/c3ccc(/C=C(\C#N)C(=O)O)s3)ccc1-2,C1CCOC1,597.0
7122,Nc1ccc2c(c1)C(=O)c1ccc(N)cc1C2=O,CCO,616.0
5832,CCCCCCCCCCn1cc(C2=C(c3cn(CCCCCCCCCC)c4ccccc34)C(=O)N(C)C2=O)c2ccccc21,CC(C)OC(C)C,570.0
4888,[O-][n+]1c(/C=C/c2ccc(/C=C/c3ccccc3)cc2)nc(N2CCOCC2)c2c1CCCC2,ClCCl,531.0
5904,COc1ccc(/C=C/c2ccccc2)cc1OC,CC(C)O,374.0
522,c1cc2ccc3cccc4c(-c5cc(-c6nccs6)nc(-c6nccs6)c5)cc(c1)c2c34,CO,483.0
8043,F[B-]1(F)n2c(nc3c4ccccc4c4ccccc4c32)-c2cccc[n+]21,CO,531.0
3607,CCc1ccc(/C=N/c2cc(C(C)C)c(O)cc2C)cc1,CCCCCC,402.0
234,CCC1=C(C)C2=C(C)c3cccn3[B-](F)(F)[N+]2=C1C,CC(C)=O,512.5
3796,COc1ccc(C2=C3C=CC(C)=[N+]3[B-](F)(F)n3c(C)ccc32)cc1,Cc1ccccc1,524.0
6318,CC1=[N+]2C(=C(c3ccc(N4CCCCC4)cc3)c3ccc(C)n3[B-]2(F)F)C=C1,ClC(Cl)Cl,527.0
7094,N#Cc1nc2c3ccc(-n4c5ccccc5c5ccccc54)cc3c3cc(-n4c5ccccc5c5ccccc54)ccc3c2nc1C#N,C1COCCO1,568.057211
1948,COCCOCCOCCOCCOc1ccc(OCCOCCOCCOCCOC)c(C=O)c1,CC(C)(C)O,444.0
6361,CCN(CC)c1ccc2cc(/C=C/C3=CC(/C=C/c4cc5ccc(N(CC)CC)cc5oc4=O)=[O+][B-](F)(F)O3)c(=O)oc2c1,CC#N,725.0
11523,N#Cc1ccc(N)c2nonc12,CCO,575.0
6091,O=C(c1ccc(N(c2ccccc2)c2ccccc2)cc1)[C@H]1[C@H](c2cccs2)C[C@](O)(c2ccccn2)C[C@]1(O)c1ccccn1,CCO,515.0
11131,Fc1c(F)c(F)c2c(c1F)C1=Nc3c4c(F)c(F)c(F)c(F)c4c4n3[B-]3(Cl)n5c(c6c(F)c(F)c(F)c(F)c6c5=N4)=NC2=[N+]13,CC(=O)OC(C)=O,588.0
2224,COC(=O)c1cc(=O)n(C)c2cc(-c3ccc(OC)cc3)sc12,CO,484.0
5571,CC(C)c1cc(C(C)C)c(B2c3cc(-n4c5ccc(C(C)(C)C)cc5c5cc(C(C)(C)C)ccc54)ccc3N(c3ccccc3)c3ccc(-n4c5ccc(C(C)(C)C)cc5c5cc(C(C)(C)C)ccc54)cc32)c(C(C)C)c1,c1cc(-c2cccc(-n3c4ccccc4c4ccccc43)c2)cc(-n2c3ccccc3c3ccccc32)c1,458.0
4523,COc1ccc(-c2csc(/C(C#N)=C\Nc3ccc(C#N)cc3)n2)cc1,CC#N,451.0
5793,CC(C)[Si](C#Cc1c2nsnc2c(C#C[Si](C(C)C)(C(C)C)C(C)C)c2nc3c(ccc4cc5ccccc5cc43)nc12)(C(C)C)C(C)C,CCCCCC,605.0
10769,CC1(C)c2ccccc2N(c2ccc(-c3ncc(C#N)cn3)cc2)c2ccccc21,Cc1ccccc1,543.0
5738,CCOCCOCCOC(=O)/C=C/C1=CC2=C(c3c(C)cc(C)cc3C)c3cc(/C=C/C(=O)OCCOCCOCC)cn3[B-](F)(F)[N+]2=C1,ClCCl,606.0
2624,Nc1ccc2c(c1)C(=O)c1ccccc1-2,C1CCCCC1,569.0
4728,O=C(N/N=C/c1ccccc1O)c1ccc([N+](=O)[O-])cc1,CC#N,378.0
7818,COc1ccc(-c2nc(-c3cc(Cl)sc3C)c(-c3cc(Cl)sc3C)[nH]2)cc1,CC#N,489.0
8859,Nc1ccc2ccc3cccc4ccc1c2c34,CCCCOCCCC,417.0
12157,CC(C)[Si]1(C(C)C)c2cc(C#N)ccc2-c2ccc(N(C)C)cc21,CC#N,464.0
11170,CC(C)(C)NC1=C2C=CC=[N+]2[B-](F)(F)n2cccc21,OCC(F)(F)F,497.5
9132,Cn1cccc1-c1ccc(C#N)cc1,CCOCC,371.0
2437,C1CCN2CCCn3c2c(c2c3=NCCN=2)C1,CS(C)=O,473.0
6056,Cc1ccc(C(=O)/C=C2\C(=O)Nc3ccccc32)cc1,C1COCCO1,392.0
6352,COc1cc2cc(-c3cc4cc(OC)c(OC)cc4oc3=O)oc2cc1OC,O,435.0
3167,Cc1ccc(C(=O)/C=C2\C(=O)Nc3ccccc32)cc1,CC#N,409.0
1809,c1csc(-n2c3ccccc3c3ccccc32)c1,ClCCl,370.0
9927,CN(C)c1ccc(-c2nc3c(c4c2-c2ccc(C#N)cc2CC4)-c2ccc(C#N)cc2CC3)cc1,CO,489.0
7161,COC(=O)c1ccc2ccc3cccc4ccc1c2c34,CC#N,389.0
5086,COc1ccc(-c2c3cc4ccccc4cc3c(C#Cc3ccccc3)c3cc4cc(C)sc4cc23)cc1,ClCCl,620.0
9881,O=C(N/N=C/c1ccccc1O)c1cc2ccccc2cc1O,C1CCOC1,311.0
7016,CN(C)c1cc(C#N)c(N(C)C)c(C#N)c1,CCOC(C)=O,519.2107996
9567,CC1=CC(C)=[N+]2C1=C(c1ccc(N(C)C)cc1)c1c(C)cc(C)n1[B-]2(F)F,C1CCOC1,513.0
4945,CCC1=C(C)C(=O)n2c1cc1c(C)cc(C)n1c2=O,c1ccccc1,465.0
6046,CC1(C)c2ccccc2N(c2ccc(-c3ccc4c(c3)c3cc(-c5ccc(N6c7ccccc7C(C)(C)c7ccccc76)cc5)ccc3c3nc(C#N)c(C#N)nc43)cc2)c2ccccc21,Cc1ccccc1,612.0
11346,C(=C/c1ccnc2ccccc12)\c1c2ccccc2cc2ccccc12,CC#N,530.0
6919,CC(C)(C)c1ccc2c(c1)c1cc(C(C)(C)C)ccc1n2-c1ccc(-c2cccs2)s1,ClCCl,417.0
5590,Cc1ccc(/C=C(\c2ccccc2)c2nc3ccccc3s2)cc1,CO,410.0
7226,O=[N+]([O-])c1ccc(F)cc1C1CC(c2cccc3ccccc23)=NN1c1ccccc1,CC(C)O,488.0
1228,CSc1ccc(/C=C/c2cnc3ccccc3n2)cc1,CS(C)=O,513.0
9455,O=C(c1ccc(N(c2ccccc2)c2ccccc2)cc1)[C@H]1[C@H](c2ccccc2)C[C@](O)(c2ccccn2)C[C@]1(O)c1ccccn1,CCOC(C)=O,499.0
6846,COC(=O)c1c(-c2cc3ccccc3oc2=O)nn(-c2ccccc2)c1C(=O)OC,ClCCl,401.0
8244,COc1ccc(/C=C/C(=O)c2c(O)cc(C)oc2=O)cc1,CC#N,488.0
6555,CCCCN1C(=S)c2cccc3cccc(c23)C1=S,Cc1ccccc1,506.0
159,O=C1OCC2=C1C(c1ccccc1)c1cc3c(cc1N2CCO)CCC3,O,423.0
8851,COC(=O)C[C@H](Cc1c[nH]c2ccccc12)NC(=O)[C@H](CC(=O)N[C@@H](CC1=CCc2ccccc21)C(=O)OC)NC(=O)[C@H](Cc1c[nH]c2ccccc12)NC(=O)OC(C)(C)C,CCOC(C)=O,330.0
1589,CCCCCCC(CCCCCC)N1C(=O)c2cccc3c(-c4ccc([Si](C)(C)C)cc4)ccc(c23)C1=O,CCCCO,434.2
12067,CCOC(=O)c1ccccc1-c1c2ccc(=[N+](CC)CC)cc-2oc2c1oc1cc(N)ccc12,O,645.0
11630,NS(=O)(=O)c1ccc(N2N=C(c3ccc(O)cc3)CC2c2ccc(Br)cc2)cc1,CCOC(C)=O,415.0
11607,O=c1oc2cccc3c4cccc5ccc6c7ccccc7c1c(c23)c6c54,C1CCOC1,446.0
11439,COC1=C/C(=C\C=C2C=CN(Cc3ccc(Br)cc3)C=C2)C=CC1=O,CC#N,665.0
6687,COc1ccc2c3c(OC)c4ccccc4c(OC)c3n(C)c2c1,ClCCl,411.0
11452,N#Cc1cc2ccc(O)cc2oc1=N,ClC(Cl)Cl,415.0
9242,Nc1cccc2c1-c1ccccc1C2=O,CCO,667.0
7480,Cc1ccc2cc3c(=O)n(C)c(=O)n(C)c3nc2c1,CCO,409.0
11349,CC(C)(C)c1cccc2c(O)cccc12,O,367.0
1556,COc1ccc(-c2cc(-c3ccc(C)cc3)nc3c(C#N)c(N4CCCC4)nc(N)c23)cc1,CC#N,521.0
2828,CN(C)c1ccc(/C=C/c2cnc3ccccc3n2)cc1,CCCCCCC,468.0
436,c1ccc2c(-c3c4ccccc4c(-c4ccc(-c5ccc(-n6c7ccccc7c7ccccc76)cc5)cc4)c4ccccc34)cccc2c1,ClCCl,420.0
5789,COc1cc2c(cc1C=C(C#N)C#N)c1ccccc1n2C,CO,520.0
10007,O=Cc1ccc(-c2ccc(C3=CCCCC3)s2)s1,C1CCOC1,467.0
1588,CC1(C)c2ccccc2N(c2ccc3c(c2)S(=O)(=O)c2cc(N4c5ccccc5C(C)(C)c5ccccc54)ccc2C3(C)C)c2ccccc21,Cc1ccccc1,466.1184211
7398,CCCCN1/C(=C/C=C/C2=[N+](C)c3ccccc3C2(C)C)C(C)(C)c2cc(Br)ccc21,CS(C)=O,569.0
2780,C(=C/c1ccccn1)\c1ccc(N(c2ccc(/C=C/c3ccccn3)cc2)c2ccc(-c3nc4ccccc4nc3-c3ccc(N(c4ccc(/C=C/c5ccccn5)cc4)c4ccc(/C=C/c5ccccn5)cc4)cc3)cc2)cc1,C1CCOC1,548.0
11002,CCn1c2sccc2c2c3nsnc3c3c4ccsc4n(CC)c3c21,CCOC(C)=O,521.0
5686,Cc1ccc2occ(CC(=O)NN)c2c1,CCCCO,396.0
3965,CN(C)c1ccc(/C=C/c2cc[n+](CCC[n+]3ccc(/C=C/c4ccc(N(C)C)cc4)cc3)cc2)cc1,CO,603.9996859
4727,CCOC(=O)/N=c1/oc2ccc(OC)cc2cc1C#N,ClCCl,470.0
1238,CCCCCCCCCCOc1ccc2cc(C3=C4C(=O)N(CC(OCC)OCC)C(c5cc6ccc(OCCCCCCCCCC)cc6o5)=C4C(=O)N3CC(OCC)OCC)oc2c1,ClC(Cl)Cl,613.0
2951,CCCCC1(CCCC)c2cc(C#Cc3ccc4ccc5cccc6ccc3c4c56)ccc2-c2ccc(N(c3ccccc3)c3ccccc3)cc21,ClC(Cl)Cl,486.0
8960,CCN(CC)c1ccc2cc(/C=C/C(=O)c3cc4ccc(N(CC)CC)cc4oc3=O)c(=O)oc2c1,CCO,610.0
9484,c1ccc(-c2nn(-c3ccccc3)c3nc4ccc(-n5c6ccccc6c6ccccc65)cc4cc23)cc1,C1CCOC1,470.3668862
1497,CCC12C(=C3C(=C4c5ccc(-c6ccc(CO)cc6)cc5S(=O)(=O)C41CC)C(F)(F)C(F)(F)C3(F)F)c1ccc(-c3ccc(CO)cc3)cc1S2(=O)=O,C1COCCO1,538.5654886
6465,CN(C)c1ccc(/C=C/c2cc(/C=C/c3ccc(N(C)C)cc3)nc(/C=C/c3ccc(N(C)C)cc3)n2)cc1,Cc1ccccc1,479.0
7355,O=C(c1ccc2c3c(cccc13)-c1cccc3c1C2CC=C3)c1c(Cc2ccccc2)c2ccc3cccc4c5cccc6ccc1c(c65)c2c34,ClCCl,528.0
7823,CN1C(=O)c2cccc3c(-n4c5ccccc5c5ccccc54)ccc(c23)C1=O,C1CCOC1,537.0
7547,N#CSC1=CC2=C(c3ccccc3)c3ccc(SC#N)n3[B-](F)(F)[N+]2=C1N1CCOCC1,CCCCCC,588.0
7913,CCc1c(C)c2n(c1C)[B-](F)(F)[N+]1=C(NCc3ccc(OC)cc3)C=CC1=C2C,CO,548.0
10495,Cc1c(C(=O)c2ccc3ccc4cccc5ccc2c3c45)c2ccc3cccc4c5cccc6ccc1c(c65)c2c34,ClCCl,551.0
5185,CN(C)c1ccc2nc(/C=C/c3cc4c5c(c3)CCCN5CCC4)c(=O)oc2c1,ClCCl,678.0
5647,O=S(=O)([O-])CCCOc1ccc(C2=[N+]3C(=Nc4c(-c5ccccc5)cc(-c5ccc(OCc6cn([C@@H]7O[C@H](CO)[C@@H](O)[C@@H](O)[C@H]7O)nn6)cc5)n4[B-]3(F)F)C(c3ccccc3)=C2)cc1,O,722.0
11603,Cc1cc(C)c(B(c2cc3ccc4cccc5ccc(c2)c3c45)c2c(C)cc(C)cc2C)c(C)c1,Cc1ccccc1,434.0
5242,CC1(C)Nc2ccccc2-c2[nH]c3ccccc3c(=O)c21,CCOC(C)=O,491.0
2130,Oc1ccccc1/N=C/c1ccccc1Oc1ccccc1,CC(C)CO,409.0
2092,O=c1cc2cc(O)c3c(O)ccc4ccc(o1)c2c43,CC1CCCO1,486.0
5409,CC(=O)O[B-]1(OC(C)=O)OC(/C=C/c2ccccc2)=CC(/C=C/c2ccccc2)=[O+]1,ClCCl,473.0
187,N#Cc1cccc(-c2pc3ccccc3s2)c1,CC#N,432.0
7938,c1ccc2cc3cc(-c4cc(-c5nccs5)nc(-c5nccs5)c4)ccc3cc2c1,ClC(Cl)Cl,452.0
3655,CC1(C)CC(/C=C/c2ccc(-n3ccnc3)cc2)=CC(=C(C#N)C#N)C1,ClCCl,504.0
3426,Cc1cc(C)n2c1C=[N+]1[N+](=C3C=NC=CN3[B-]1(F)F)[B-]2(F)F,ClCCl,490.0
9412,CC[n+]1ccc(/C=C/c2cc3cccc4ccc5cccc2c5c43)cc1,Cc1ccccc1,600.0
1381,CCN(CC)c1ccc(-c2nc3c(nc2-c2ccc(B(c4c(C)cc(C)cc4C)c4c(C)cc(C)cc4C)cc2)c2ccccc2n3C)cc1,Cc1ccccc1,493.0
9582,CCOC(=O)CN(CC(=O)OCC)c1ccc(-c2cc(-c3ccccn3)nc(-c3ccccn3)c2)cc1,CS(C)=O,466.0
8605,Nc1ccc2c(c1)C(=O)N(C13C[C@H]4C[C@@H](C1)C[C@@H](C3)C4)C2=O,Cc1ccccc1,433.0
7427,Cc1cc2nc3c(=O)n(C)c(=O)n(C)c3nc2cc1C,CC#N,437.0
5037,F[B-]1(F)OC(c2ccc(C(F)(F)F)cc2)=Cc2cc(Cl)nc[n+]21,C1CCOC1,428.0
4897,CN(C)c1c2ccccc2cc2ccccc12,OCCO,392.0
3175,CN1/C(=C/C=C(/C=C/c2sc3ccccc3[n+]2C)c2cc(F)cc(F)c2)Sc2ccccc21,CCO,670.0
9784,NS(=O)(=O)c1ccc(N2N=C(c3ccc(O)cc3)CC2c2ccccc2)cc1,O,448.0
8448,Cc1ccc(C2=C3C=CC(/C=C/c4ccccc4)=[N+]3[B-](F)(F)n3c(/C=C/c4ccccc4)ccc32)cc1,C1COCCO1,646.0
12137,CC1=N/C(=C\c2ccc(N(C)C)cc2)C(=O)N1C,ClCCl,482.0
9724,Cc1ccc(-c2ccc(/C=C/c3ccc(N(C)C)cc3)cn2)nc1,CC#N,532.0
2235,CCN1c2ccccc2Sc2cc(/C=C(\C#N)c3ccccc3)ccc21,CC#N,590.0
8068,CN(C)c1ccc(/C=C/c2nc3c4ccccc4c4ccccc4c3[nH]2)cc1,CCOC(C)=O,460.0
4236,N#Cc1nc2c3ccc(-c4ccc(N(c5ccccc5)c5ccccc5)cc4)cc3c3cc(-c4ccc(N(c5ccccc5)c5ccccc5)cc4)ccc3c2nc1C#N,ClC(Cl)Cl,721.1392405
9107,Nc1ccc2c(C(F)(F)F)cc(=O)oc2c1,C1COCCO1,442.0
9392,CON(C)C(=O)c1ccc(/C=C/c2ccc(/C=C/c3ccc(C(=O)N(C)OC)cc3)cc2)cc1,c1ccccc1,434.0
24,Cc1ccc(NC(=O)c2sc(Br)nc2C)cc1,CCOC(C)=O,404.5
3363,CCC1=C(C)C2=C(C)c3cc(I)cn3[B-](F)(F)[N+]2=C1C,CC(C)=O,532.5
1088,CCN(CC)c1ccc2cc(-c3ccc(S(C)(=O)=O)cc3)oc(=O)c2c1,CC(C)=O,487.0
8733,CCNc1ccc2c(C(F)(F)F)cc(=O)oc2c1,CCCCCCO,490.0
11217,c1cc2ccc3ccc(-c4ccc(-c5nnc(-c6ccc(-c7nnc(-c8ccc(-c9ccc%10ccc%11cccc%12ccc9c%10c%11%12)s8)o7)cc6)o5)s4)c4ccc(c1)c2c34,CC#N,398.0
2841,CCN(CC)c1ccc2cc(-c3cn4ccccc4n3)c(=O)oc2c1,Cc1ccccc1,469.0
7537,N#Cc1c(C#N)c2cc(Cl)c(Cl)cc2c2cc(Cl)c(Cl)cc12,ClC(Cl)Cl,412.0
7470,Cc1ccc(-c2c3ccc([nH]3)c3nc(c(-c4ccc(C#N)cc4)c4ccc([nH]4)c4ccc([nH]4)c(-c4ccc(C)cc4)c4ccc2o4)C=C3)cc1,C1CCOC1,730.0
11421,CSC1=C2C=C(c3cc4n(c3)[B-](F)(F)[N+]3=CC=CC3=C4c3c(C)cc(C)cc3C)C(C)=[N+]2[B-](F)(F)n2c(C)ccc21,Cc1ccccc1,663.0
4152,COC(=O)/C=C/c1ccc2ccc3cccc4ccc1c2c34,Cc1ccccc1,423.0
695,Cn1c(=O)c(/N=N/c2ccc(/N=N/c3ccc(S(=O)(=O)O)cc3)cc2)c(O)c2ccccc21,Cc1ccccc1,538.0
11246,C#CCOc1ccc(/C=C/C2=[N+]3C(=C(c4ccccc4)c4c(C)cc(C)n4[B-]3(F)F)C(C)=C2)cc1,CO,574.0
6337,CCn1c2ccccc2c2cc(C#Cc3cc(C#Cc4ccc5c(c4)c4ccccc4n5CC)nc(C#N)n3)ccc21,ClCCl,510.0
1227,O=C1NC(=O)C(c2c[nH]c3ccccc23)=C1c1c[nH]c2ccccc12,CC(C)OC(C)C,544.0
1999,CCC1=C(C)C2=Cc3cc(I)cn3[B-](F)(F)[N+]2=C1C,OCC(F)(F)F,540.0
276,COc1ccc2c3c(cccc13)C(=O)N(C)C2=O,CS(C)=O,452.0
5929,CC1=[N+]2C(=C(c3c4ccccc4cc4ccccc34)c3ccc(C)n3[B-]2(F)F)C=C1,CS(C)=O,529.0
2953,N#Cc1c(C#N)c2ccccc2c2ccccc12,ClC(Cl)Cl,395.0
3637,CN(C)c1ccc(/C=C2\CC/C(=C\c3ccc(N(C)C)cc3)C2=O)cc1,Cc1ccccc1,482.0
3906,Cc1ccc(-c2ccc(/C=C/c3cccn3C)cn2)nc1,c1ccccc1,464.0
4778,CCN(CC)/C(C)=N\c1ccc2c3c(cccc13)C(=O)c1ccccc1-2,ClC(Cl)Cl,611.0
5845,O=C(O)CCCCCn1c2ccccc2c(=O)c2cc(F)ccc21,O,432.0
11892,COc1ccc(/C=C/c2nc(/C=C/c3ccc(N(c4ccccc4)c4ccccc4)cc3)cc(/C=C/c3ccc(N(c4ccccc4)c4ccccc4)cc3)n2)cc1,CC(C)=O,555.0
4117,CCC1=C(C)C(=O)n2c1cc1[nH]c(C(=O)OC(C)(C)C)c(C)c1c2=O,CS(C)=O,483.0
1137,CCC1(CC)c2ccccc2-c2ccc(C#Cc3cc(C#Cc4ccc5c(c4)C(CC)(CC)c4ccccc4-5)c4ccc5c(C#Cc6ccc7c(c6)C(CC)(CC)c6ccccc6-7)cc(C#Cc6ccc7c(c6)C(CC)(CC)c6ccccc6-7)c6ccc3c4c65)cc21,Cc1ccccc1,549.0
2767,CN1C(=CC2=C([O-])C(=CC3=[N+](C)c4ccccc4C3(C)C)C2=O)C(C)(C)c2cc(Cl)ccc21,CO,648.0
8182,COC(=O)C(Cc1ccc2oc(-c3ccc(-n4c5ccccc5c5ccccc54)cc3)nc2c1)NC(=O)OC(C)(C)C,C1CCCCC1,362.0040544
9735,N#CC1=CC(c2ccccc2)=CC(C#N)=P1(c1ccccc1)c1ccccc1,ClC(Cl)Cl,525.0
7661,N#Cc1c(-c2ccccc2)cc(-c2ccccc2)[nH]c1=S,CN(C)C=O,505.0
10760,C[Si]1(C)c2ccc(-c3cccs3)cc2C=Cc2cc(-c3cccs3)ccc21,ClCCl,373.0
2490,NS(=O)(=O)c1ccc(N2N=C(c3ccc(O)cc3)CC2c2ccc(F)cc2)cc1,CCO,427.0
11871,CN(C)c1ccc2nc(-c3ccc(C(=O)O)cc3)sc2c1,C1CCCCC1,426.0
7742,CCCCCCCCC1(CCCCCCCC)c2cc(C#Cc3ccc(N(c4ccccc4)c4ccccc4)cc3)ccc2-c2ccc(C=O)cc21,ClC(Cl)Cl,517.0
3935,Cc1cc2c(o1)c(C)cc1ccc(=O)oc12,C1CCCCC1,360.0
2384,Oc1cc(N(c2ccccc2)c2ccccc2)ccc1-c1nc2c3ccc(-c4ccccc4)cc3c3cc(-c4ccccc4)ccc3c2[nH]1,CS(C)=O,429.0
8016,CC(C)(C)c1ccc2c(c1)c1cc(C(C)(C)C)ccc1n2-c1cc[n+]2c(c1)-c1ccccc1O[B-]2(F)F,O=P(c1ccccc1)(c1ccccc1)c1ccccc1Oc1ccccc1P(=O)(c1ccccc1)c1ccccc1,488.0
7084,Oc1ccc(Br)cc1-c1nc2c(c3c1-c1ccccc1CC3)-c1ccccc1CC2,ClCCl,421.0
115,Nc1cc(N)cc(-c2nc3ccccc3s2)c1,CC(C)O,513.0
1863,C1=[N+](c2ccccc2)[B-]2(Oc3c1ccc1c4c(ccc31)C=[N+](c1ccccc1)[B-]1(O4)c3ccccc3Oc3ccccc31)c1ccccc1Oc1ccccc12,Cc1ccccc1,605.0
3119,c1cc2ccc3cccc4ccc(c1)c2c34,ClC(Cl)Cl,374.0
4258,CN(C)c1ccc(/C=C/C=C/C2=NC3C(=O)NC(N)=NC3N2[C@H]2C[C@H](O)[C@@H](CO)O2)cc1,CC#N,443.0
11904,CCC(CC)COC1=CC2=C3c4cc(OCC(CC)CC)c(-c5cccs5)n4[B-](F)(F)[n+]4nnn(c43)[B-](F)(F)[N+]2=C1c1cccs1,C1CCOC1,802.0
2819,N#Cc1cc2ccc(O)cc2oc1=O,CCOC(C)=O,406.0
9357,CC(C)(C)c1ccc2c(c1)c1cc(C(C)(C)C)ccc1n2-c1ccc(C(=O)c2ccncc2)cc1,CCCCCC,415.3037383
9217,[C-]#[N+]c1ccc(-c2ccc(N)cc2)cc1,CCOC(C)=O,397.0
11132,COc1ccc2nc3c(nc2c1)c(-c1ccccc1)nn3C,C1CCOC1,495.0
4699,CC1=N/C(=C\c2ccncc2)C(=O)N1C,O,464.0
3802,CN(C)CCN(Cc1c2ccccc2cc2ccccc12)c1ccc([N+](=O)[O-])cc1[N+](=O)[O-],CO,392.0
6068,CN(C)c1ccc(/C=C/C=C2\CC/C(=C\C=C\c3ccc(N(C)C)cc3)C2=O)cc1,CO,735.0
3536,CCCCC1(CCCC)c2cc(C#Cc3ccc4ccc5cccc6ccc3c4c56)ccc2-c2ccc(N(c3ccccc3)c3ccccc3)cc21,ClCCl,516.0
3825,O=C(O)CCCCCNC(=O)c1cccc2c(=O)c3ccccc3[nH]c12,O,438.0
6642,C[SiH](C)c1ccc([SiH](C)C)c2ccccc12,C1CCCCC1,333.0
10594,Cc1cc(C)c(B(c2c(C)cc(C)cc2C)c2cc3cccc4c(B(c5c(C)cc(C)cc5C)c5c(C)cc(C)cc5C)cc5cccc2c5c34)c(C)c1,CC#N,441.3943355
1946,CC1=CC(c2ccc(N(C)C)cc2)=[N+]2C1=Nc1c(C)cc(-c3ccc(N(C)C)cc3)n1[B-]2(F)F,C1CCOC1,791.0
10699,Cc1cc(C)c(B2c3cc(C(C)(C)C)ccc3-c3c(-c4ccccc4)ccc4cc(C(C)(C)C)cc2c34)c(C)c1,C1CCCCC1,470.0
9367,CN(C)c1ccc(C2=Nc3sc4cc(Cl)ccc4[n+]3[B-](F)(F)O2)cc1,CC#N,491.0
10218,COc1ccc(C#Cc2ccccc2C#Cc2ccc(OC)cc2)cc1,CC#N,380.0
7269,CCCCN(CCCC)c1ccc(C#Cc2cc(C#Cc3ccc(C(F)(F)F)cc3)c(C#Cc3ccc(C(F)(F)F)cc3)cc2C#Cc2ccc(N(CCCC)CCCC)cc2)cc1,ClCCl,544.0
11557,CC(C)[Si]1(C(C)C)c2cc(N(C)C)ccc2-c2ccc(C(F)(F)F)cc21,CC#N,440.0
7929,Cc1cc(C(F)(F)F)nc2c1ccc1nc(-c3ccc(Cl)cc3)cn12,CC#N,463.0
7166,O=C(/C=C/c1ccc(O)c(O)c1)O[C@H](Cc1ccc(O)c(O)c1)C(=O)O,CS(C)=O,432.0
6963,CCCCCCCCCCCCOc1ccc(C#Cc2ccc(C#Cc3ccc(OCCCCCCCCCCCC)c(OCCCCCCCCCCCC)c3)c3nc4c5ccccc5c5ccccc5c4nc23)cc1OCCCCCCCCCCCC,C1CCOC1,558.0
5867,CCN(CC)c1ccc(C2=C3C(C)=CC(C)=[N+]3[B-](F)(F)n3c(C)cc(C)c32)cc1,CO,513.0
4761,CC1(C)Nc2cc3nc4cc(Br)c(Br)cc4nc3cc2N1,CCO,508.0
882,CCC1=C(C)C2=C(c3c(C)cc(C)nc3-c3cccs3)c3c(C)c(CC)c(C)n3[B-](F)(F)[N+]2=C1C,CC#N,549.0
557,C1=CN2B(C=Cc3ccccc32)C(c2ccccc2)=C1,C1CCCCC1,379.0
9946,CCCCCCCCCCCCC1(CCCCCCCCCCCC)c2cc(-c3ccc(C=C4C(=O)c5ccccc5C4=O)cc3)ccc2-c2ccc(-c3ccc(C=C4C(=O)c5ccccc5C4=O)cc3)cc21,CS(C)=O,598.0
1207,CN(C)c1ccc(-c2nc(-c3ccccc3)c3ccccn23)cc1,O,512.0
7684,CN(c1ccccc1)c1ccc(-c2ccc(-c3ccc(N(C)c4ccccc4)cc3)c3nc(-c4ccccc4)c(-c4ccccc4)nc23)cc1,CC#N,659.0
9483,CC1(C)c2ccccc2N(c2ccc3c(ccc4nc5ccc6cc(N7c8ccccc8C(C)(C)c8ccccc87)ccc6c5nc43)c2)c2ccccc21,ClCCl,699.0
6538,Clc1ccc(/C=C/c2nc3ccccc3o2)cc1,CO,385.0
3211,COC(=O)c1ccc(C#Cc2ccc(N(C)C)cc2)cc1,C1COCCO1,450.0045
3630,Cn1nc(-c2ccccc2)c2n[nH]nc2c1=O,CC#N,405.0
1708,COc1cc(OC)c2c(c1)C(=O)c1cc(OC)cc(OC)c1-2,C1CCCCC1,585.0
8458,COc1ccc(-c2ccc(-c3ccc(C#N)s3)s2)cc1,ClCCl,468.0
1140,C(=C/c1cc[n+]2ccc(/C=C/c3cc[nH]c3)cc2c1)\c1cc[nH]c1,CO,542.0
3162,Cc1ccc(NC(=O)c2sc(Br)nc2C)cc1,ClC(Cl)Cl,412.4
6207,COc1ccc(C#Cc2nc(C#Cc3ccc(OC)cc3)c(C#Cc3ccc(OC)cc3)c(C#Cc3ccc(OC)cc3)c2C#Cc2ccc(OC)cc2)cc1,ClCCl,459.0
3730,N#CC1=c2cc3c4c(c2Oc2c1cc1c5c2CCCN5CCC1)CCC[N+]=4CCC3,CCO,700.0
2660,COc1cc(/C=C/c2nc3ccccc3s2)c(OC)cc1/C=C/c1nc(C)nc(C)n1,C1CCOC1,488.0
8848,O=C([O-])c1ccc(C(=O)[O-])c2cc3ccccc3cc12,CN(C)C=O,430.0
1307,CCOC(=O)c1ccccc1-c1c2ccc(=O)cc-2oc2cc(OC(=O)[C@H](CSCc3ccc(C)cc3)NC(=O)OC(C)(C)C)ccc12,C1CCOC1,518.0
2567,CCn1c2ccccc2c2cc(-c3cc(-c4ccc5c(c4)c4ccccc4n5CC)nc(-c4ccc(C#N)cc4)n3)ccc21,Cc1ccccc1,388.0
2834,CCCSC1=[N+]2C(=C(c3ccccc3)c3ccc(SCCC)n3[B-]2(F)F)C=C1,ClCCl,593.0
11738,CCCCCCc1ccsc1-c1ccc(-c2sc(C(=O)O)cc2CCCCCC)s1,CCO,451.0
2151,Oc1ccccc1-c1nc2ccccc2s1,O,463.0
9574,CN(C)c1ccc(C2=Nc3sc4c(F)c(F)c(F)c(F)c4[n+]3[B-](F)(F)O2)cc1,ClCCl,483.0
3835,COC(=O)/C(C#N)=c1/cc/c(=c2/cc/c(=C(\C#N)C(=O)OC)s2)s1,Cc1ccccc1,601.0
11889,C(=C/c1cccc2ccccc12)\c1ccc(-c2nnc(-c3ccc(-c4cc5ccccc5s4)cc3)o2)cc1,CO,448.0
9408,c1cnc(-c2c3ccccc3c(-c3cncnc3)c3ccccc23)nc1,CCO,433.0
10071,c1ccc(-c2nc(-c3c4ccccc4cc4ccccc34)n3ccccc23)cc1,O,530.0
5004,CNC(=O)[C@H](C)NC(=O)c1cccc2c1C#Cc1c(NC(=O)[C@@H](NC(C)=O)C(C)C)cccc1OCCCO2,ClCCl,390.0
6626,CCC1=C(C)C2=C(C)c3c(C)c(CC)c(C)n3[B-](F)(F)[N+]2=C1C,CCOC(C)=O,531.6
1627,CN(C)c1ccc(/C=C/c2cc[n+](CCCCCCCCCCCC[n+]3ccc(/C=C/c4ccc(N(C)C)cc4)cc3)cc2)cc1,CC#N,601.9998435
10187,CN(C)c1ccc(/C=C/C=C/c2ccncc2)cc1,CC#N,540.0
12027,COc1ccc(C(=Cc2ccc(/C=C/c3ccc(C#N)cc3)cc2)c2ccc(OC)cc2)cc1,C1CCOC1,467.0
358,c1cc2cccc3c4cccc5cccc(c(c1)c23)c54,C1CCCCC1,438.3950112
138,CN(C)c1ccc(/C=C/c2cnc3ccccc3n2)cc1,C1CCOC1,556.0
8491,CN(CCO)c1ccc(/C=C/C2=C(C#N)C(C(C#N)C#N)OC2(C)C)cc1,CS(C)=O,665.0
382,CN(C)c1ccc(C2=CC3=C(c4ccc([N+](=O)[O-])cc4)[C@H]4c5ccccc5[C@]3(S2)c2ccccc24)cc1,ClCCl,625.0
9254,CCOC(=O)CSc1nc(-c2ccccc2)c(C)c(C#N)c1C#N,CCOC(C)=O,421.0
4857,Cc1ccc(C)n1-c1cccc(C#N)c1,CCCCCl,477.0
11390,N#CC(C#N)=Cc1ccc2c(c1)[nH]c1c3ccccc3ccc21,C1CCOC1,550.0
1439,c1ccc(-c2c3c(c(-c4ccccc4)c4c2-c2ccccc2C4)-c2ccccc2C3)cc1,C1CCCCC1,375.0
946,CCN(CC)c1ccc2cc(-c3csc(NC(C)=O)c3C#N)c(=O)oc2c1,CS(C)=O,479.0
5498,CCCCCCN(c1ccccc1)c1ccc2c(c1)C(CC)(CC)c1cc(/C=C/c3ccc(/C=C(\C#N)C(=O)O)s3)ccc1-2,C1CCOC1,651.0
4916,O=C(O)CCCOc1cc2ccc3cccc4ccc(c1)c2c34,CO,382.0
8556,COc1ccc(-c2cc(-c3ccc(C)cc3)c(C#N)c(OC)n2)cc1,CCOC(C)=O,394.0
1932,CC1=CC(C)=[N+]2C1=Cc1c3ccccc3c(C#Cc3cccs3)n1[B-]2(F)F,ClCCl,631.0
2352,CCC1=C(C)C(=O)n2c1cc1c(C)c(CC(=O)OC)c(C)n1c2=O,CS(C)=O,500.0
3236,CC(C)c1cc(C(C)C)c(B2c3cc(N4c5ccccc5Oc5ccccc54)ccc3N(c3ccccc3)c3ccc(N4c5ccccc5Oc5ccccc54)cc32)c(C(C)C)c1,CCOC(C)=O,546.2585034
10142,COC(=O)c1c(C(=O)OC)c2ccc(C)nn2c1C,CCCCCC,449.0
3807,O=c1oc2ccccc2cc1-c1cc2ccccc2o1,Cc1ccccc1,431.0
1936,CC1=[N+]2C(=C(c3ccc(N4CCCCC4)cc3)c3ccc(C)n3[B-]2(F)F)C=C1,Cc1ccccc1,593.0
10910,c1cc2ccc3cccc4ccc(c1)c2c34,Cc1ccccc1,372.0
4154,COc1cc(-c2nc3c4cccnc4c4ncccc4c3[nH]2)c(OC)cc1/C=C/c1nc2ccccc2[nH]1,ClCCl,452.0
8988,O=C(O)COc1cccc(-c2c3nc(cc4ccc([nH]4)c(-c4cccc(OCC(=O)O)c4)c4nc(cc5ccc2[nH]5)C=C4)C=C3)c1,CS(C)=O,633.0
2416,N#Cc1nc(-n2c3ccccc3c3ccccc32)cc(-n2c3ccccc3c3ccccc32)n1,Cc1ccccc1,518.0
9394,c1ccc(C2CCN3COc4c5ccccc5c5c6c7c(c2c3c46)C(c2ccccc2)CCN7CO5)cc1,ClCCl,600.0
6139,O=C1c2cccn2[B-](F)(F)[n+]2ccccc21,ClC(Cl)Cl,550.0
785,O=C1c2ccccc2C(=O)N1c1ccc(Cn2cncn2)cc1,CC(C)O,427.0
6789,N#Cc1c(N2CCCCC2)cc(-c2ccc3ccccc3c2)c2c1Cc1ccccc1-2,C1CCOC1,465.0
8036,c1ccc(-c2nc(-c3ccc(N(c4ccccc4)c4ccccc4)cc3)n3ccccc23)cc1,CO,488.0
8315,[C-]#[N+]c1ccc(-c2ccc(N)cc2)cc1,CC#N,410.0
11598,O=c1cc(C(F)(F)F)c2cc3c4c(c2o1)CCCN4CCC3,OCC(O)CO,546.0
5668,Cc1cc(C)nc(N)n1,CCO,337.0
2172,CCN(CC)c1ccc2c(C#N)c(/C=C(\C#N)c3nc4ccccc4s3)c(=O)oc2c1,CCO,692.0
2169,c1cc(N2CCCC2)ccn1,CCO,313.0
6628,CCOC(=O)c1ccc(N(C)C)cc1,CCCCCC,328.5714286
4009,CCCCCCC(CCCCCC)N1C(=O)c2cccc3c(-c4ccccc4)ccc(c23)C1=O,CCCCCCCCCCCCCC,402.3
4340,CCCCCCc1ccc2c3c(ccc2c1)O[B-](F)(F)[N+](c1cc([N+]2=Cc4c(ccc5cc(CCCCCC)ccc45)O[B-]2(F)F)cc([N+]2=Cc4c(ccc5cc(CCCCCC)ccc45)O[B-]2(F)F)c1)=C3,C1CCOC1,490.0
910,CC1=CC(C)=[N+]2C1=C(c1ccc3cccnc3n1)c1c(C)cc(C)n1[B-]2(F)F,ClCCl,522.0
6268,COc1cc(OC)c(C2=C3C(C)=CC(C)=[N+]3[B-](F)(F)n3c(C)cc(C)c32)c(OC)c1,CCCCCC,520.0
2309,N#CC(C#N)=C(/C=C/c1ccc(N(c2ccccc2)c2ccccc2)cc1)c1ccc2c3c(cccc13)CC2,CO,552.0
6591,c1ccc(-c2nc(-c3cccc4ccccc34)n3ccccc23)cc1,ClCCl,486.0
4458,c1ccc(-c2cc(-c3ccc(N(c4ccccc4)c4ccccc4)cc3)cc(-c3ccccc3)n2)cc1,ClCCl,476.0
7597,COc1ccc2c(=O)c3c([nH]c2c1)-c1ccccc1NC3(C)C,CCCO,517.0
9433,CCN1c2ccc(/C=N/Nc3ccccn3)cc2Sc2cc(-c3cccc4ccccc34)ccc21,Cc1ccccc1,482.0
11440,COc1ccc(-c2ccc(-c3ccc(C#N)s3)s2)cc1,C1CCCCC1,445.0
4652,Cc1cc(C)c2c(c1)c1cc(C)cc(C)c1n2-c1ccc2c(c1)B(c1c(C(C)C)cc(C(C)C)cc1C(C)C)c1cc(-n3c4c(C)cc(C)cc4c4cc(C)cc(C)c43)ccc1N2c1ccccc1,CCOC(C)=O,447.9591837
6218,CCN(CC)c1ccc2ccc(=O)oc2c1,c1ccccc1,395.0
442,CCCCC1(CCCC)c2cc(-c3ccc(C=C4C(=O)c5ccccc5C4=O)cc3)ccc2-c2ccc(-c3ccc(C=C4C(=O)c5ccccc5C4=O)cc3)cc21,C1CCOC1,532.0
3415,CN(C)c1ccc(/C=C/c2cc[n+](CCCCCCCCCCCC[n+]3ccc(/C=C/c4ccc(N(C)C)cc4)cc3)cc2)cc1,c1ccncc1,598.000287
10717,CN(C)c1ccc(/C=C/c2cc(/C=C/c3ccc(N(C)C)cc3)nc(/C=C/c3ccc(N(C)C)cc3)n2)cc1,CCCCCCC,450.0
9407,CC1=CC(/C=C/c2ccc(N(C)C)cc2)=[N+]2C1=C(c1ccccc1)c1c(C)cc(/C=C/c3ccc(N(C)C)cc3)n1[B-]2(F)F,ClC(Cl)Cl,753.0
9618,CC1=C(c2cccs2)C(C)=[N+]2C1=C(c1ccccc1)c1c(C)c(-c3cccs3)c(C)n1[B-]2(F)F,CO,610.0
5744,CC1=NN(c2ccccc2)C(=O)/C1=C/c1cn(-c2ccccc2)nc1-c1ccccc1,CCO,427.0
1054,CCC1=C(C)C2=C(C)c3c(I)c(I)c(I)n3[B-](F)(F)[N+]2=C1C,CO,552.5
3699,CC(C)[Si](C#Cc1c2cc3ccccc3cc2c(C#C[Si](C(C)C)(C(C)C)C(C)C)c2nc3c4ccccc4c(=O)c4ccccc4c3nc12)(C(C)C)C(C)C,ClCCl,651.0
929,CN(C)c1cccc2c1ccc1c(=O)oc(-c3ccc(C(F)(F)F)cc3)cc12,CCO,602.0
6468,COc1ccc(C(=O)OCc2ccc3c4cccc5cccc(c6cccc2c63)c54)cc1,CCO,447.0
8767,COc1ccc(-c2nc3ccccc3nc2-c2ccc(OC)cc2)cc1,Cc1ccccc1,426.0
1829,Cc1cc(O)c(C(C)C)cc1/N=C/c1ccc(O)cc1,CCO,414.0
9490,CN(C)c1ccc2c3c(ccc2c1)C(=O)CCC3,C1CCCCC1,407.0
9978,CCn1c(-c2ccc(-c3ccc4c(c3)C(C)(C)c3ccccc3-4)cc2)c(-c2ccc3ccccc3c2)c(-c2ccc3ccccc3c2)c1-c1ccc(-c2ccc3c(c2)C(C)(C)c2ccccc2-3)cc1,CCOC(C)=O,442.0
2011,Oc1ccc2ccccc2c1/C=N/c1cc2nc3ccccc3nc2cc1/N=C/c1c(O)ccc2ccccc12,CC#N,525.0
913,Nc1ccc(-c2c3nc(c(-c4ccc(N)cc4)c4ccc([nH]4)c(-c4ccc(N)cc4)c4nc(c(-c5ccc(N)cc5)c5ccc2[nH]5)C=C4)C=C3)cc1,CN(C)C=O,686.0
7611,COc1cc2c(cc1-c1ccccc1)Cc1c3c(c4c(c1-2)-c1cc(OC)c(-c2ccccc2)cc1C4)C(=O)N(CCC(C)C)C3=O,CCOC(C)=O,468.0
10091,CCCCCCOc1ccc2ccc3oc(=O)cc4cc(OCCCCCC)c1c2c43,CC1CCCO1,490.0
9452,Cc1ccc(C2=C3C=c4c(oc5ccccc45)=[N+]3[B-](F)(F)n3c2cc2c4ccccc4oc23)cc1,CCOC(C)=O,594.5
2606,C1=Cc2ccc(N(c3ccccc3)c3ccccc3)cc2Cc2cc(N(c3ccccc3)c3ccccc3)ccc21,ClCCl,440.0
4928,CCCCCCCCCCCCC(CCCCCCCCCC)Cn1c2cc(/C=C/c3nc4ccccc4s3)c3cccc4c5cccc6c(/C=C/c7nc8ccccc8s7)cc1c(c65)c2c34,ClCCl,585.0
6564,CCn1c(=O)nc2n(C)c3cc(C)ccc3nc-2c1=O,ClCCCl,531.0
9981,O=C1CC(c2ccc([N+](=O)[O-])cc2)c2c(c3ccccc3c3nc4cc(Cl)c(Cl)cc4nc23)O1,ClC(Cl)Cl,439.0
6,Clc1ccccc1N1c2sc3ccccc3c2Sc2sc3ccccc3c21,ClCCl,553.0
7835,Oc1c(-c2nc3c4ccc(-c5ccccc5)cc4c4cc(-c5ccccc5)ccc4c3[nH]2)cc2c3c1CCCN3CCC2,Cc1ccccc1,433.0
6583,O=Cc1ccc2ccc3cccc4ccc1c2c34,CN(C)C=O,418.0
3361,O=C(O)c1ccc2cc3cc(C(=O)O)ccc3cc2c1,CN(C)C=O,423.0
9569,CN(C)c1ccc2c(C(=O)NCc3ccccc3)cc(C(=O)[O-])nc2c1,CCO,603.0
1635,O=S1(=O)c2ccc(-c3ccc(-n4c5ccccc5c5ccccc54)cc3)cc2C2(c3ccccc3-c3ccccc32)c2cc(-c3ccc(-n4c5ccccc5c5ccccc54)cc3)ccc21,CCCCCC,400.1805869
1141,O=Cc1cc(O)ccc1O,CNC=O,479.0
359,O=C(c1ccc(N2c3ccccc3Sc3ccccc32)cc1)c1ccc2sc3ccccc3c2c1,C1CCOC1,604.0
2070,CC1=C(C(C)(C)C)C(C)=[N+]2C1=C(C)c1c(C)c(C(C)(C)C)c(C)n1[B-]2(F)F,CC(C)CC(C)(C)C,569.0
3134,CC1=CC(C)=[N+]2C1=Cc1c3ccccc3c(C#Cc3ccccc3)n1[B-]2(F)F,ClCCl,629.0
5160,CCN(CC)c1ccc2cc(C#N)/c(=N\C(C)=O)oc2c1,ClCCl,460.0
6990,CN(C)c1ccc(/C=C2/N=C(c3ccccc3)OC2=O)cc1,CN(C)C=O,547.0
3243,CCC(CC)COC1=CC2=C3c4cc(OCC(CC)CC)c(-c5ccccc5)n4[B-](F)(F)[n+]4c3n(c3cc(C(C)(C)C)ccc34)[B-](F)(F)[N+]2=C1c1ccccc1,ClCCl,736.0
2242,CCc1c(C)[nH]c(C2=[N+]3C(=Cc4c(C)c(CC)c(C)n4[B-]3(F)F)c3ccccc32)c1C,CC#N,643.0
1474,O=S(=O)(c1ccc(-c2ccc(-c3nc4c5ccccc5c5ccccc5c4n3-c3ccccc3)cc2)cc1)c1ccc(-c2ccc(-c3nc4c5ccccc5c5ccccc5c4n3-c3ccccc3)cc2)cc1,CCCCCC,404.0
10986,CN(C)c1ccc(/C=C/c2nc3ccc(N(C)C)cc3oc2=O)cc1,ClC(Cl)Cl,627.0
3259,CC(C)(C)c1ccc(C2=C(c3ccc(-n4c5ccccc5c5ccccc54)cc3)S(=O)(=O)c3c2sc(-c2ccc(-n4c5ccccc5c5ccccc54)cc2)c3-c2ccc(C(C)(C)C)cc2)cc1,C1CCOC1,542.0
4020,Cc1c2ccncc2c(C)c2c1[nH]c1ccccc12,CCOC(C)=O,410.0
10824,Cc1c2c(c(C)c3ccccc13)-c1c-2ccc2nc3ccccc3nc12,ClC(Cl)Cl,648.0
8566,CCCCN(CCCC)c1ccc2nc3c4ccccc4c(=O)c(-c4c5ccccc5cc5ccccc45)c-3oc2c1,ClCCl,619.0
3500,CS(=O)(=O)Nc1cccc(-c2c3nc(c(-c4cccc(NS(C)(=O)=O)c4)c4ccc([nH]4)c(-c4cccc(NS(C)(=O)=O)c4)c4nc(c(-c5cccc(NS(C)(=O)=O)c5)c5ccc2[nH]5)C=C4)C=C3)c1,CN(C)C=O,648.0
2658,COC(=O)C(Cc1ccc2oc(-c3ccc(Nc4ccccc4)cc3)nc2c1)NC(=O)OC(C)(C)C,CCCCCO,423.998304
12042,CCOC(=O)/C=C/c1ccc(N(C)C)cc1,c1ccccc1,407.0
1130,CC1=CC(C)=[N+]2C1=Cc1c3ccccc3c(C#Cc3ccc(F)cc3)n1[B-]2(F)F,CN(C)C=O,624.0
1819,CCOC(=O)/C(C#N)=C(\C=C\c1ccc(N(c2ccccc2)c2ccc(/C=C/C(=C(/C#N)C(=O)OCC)c3ccccc3)cc2)cc1)c1ccccc1,CCO,619.0
7461,CCCCc1c2ccccc2c(-c2ccc(-c3nc4cc(CC(NC(=O)OC(C)(C)C)C(=O)OC)ccc4o3)cc2)c2ccccc12,ClC(Cl)Cl,439.5005516
9627,CC1=CC(C)=[N+]2C1=C(c1c3ccccc3c(-c3ccccc3)c3ccccc13)c1c(C)cc(C)n1[B-]2(F)F,CN(C)C=O,515.0
9594,CN(C)c1ccc(/C=C/C=C/C=C/c2ccc(N(C)C)cc2)cc1,CC#N,497.0
10013,CCOC(=O)/C(C#N)=C/c1cc2c3ccccc3n(C)c2cc1OC,CCOC(C)=O,458.0
7064,Cn1c(-c2ccc(-c3nc(-c4ccccc4)c(-c4ccccc4)n3C)s2)nc(-c2ccccc2)c1-c1ccccc1,CC#N,470.0
4318,COc1cccc(OC)c1C1=C2C(C)=CC(C)=[N+]2[B-](F)(F)n2c(C)cc(C)c21,CC#N,513.0
4669,CS(=O)(=O)c1ccc(-c2cc3ccc(N)cc3c(=O)o2)cc1,CCOC(C)=O,446.0
5476,CCC1=C(C)C2=C(c3cc(C(=O)Cl)cc(C4=C5C(C)=C(CC)C(C)=[N+]5[B-](F)(F)n5c(C)c(CC)c(C)c54)c3)c3c(C)c(CC)c(C)n3[B-](F)(F)[N+]2=C1C,CC#N,548.0
12062,CCCCCCC(CCCCCC)N1C(=O)c2cccc3c(-c4ccc(OC)c5ccccc45)ccc(c23)C1=O,CCCCCCCCCCCCCC,431.7
12197,COc1c2ccccc2c(OC)c2c1c1c(F)cccc1n2C,CO,417.0
1856,N#Cc1ccc(N)c(/C=C/C(F)(F)F)c1,C1CCOC1,409.0
2282,CN(C)c1ccc(C2=Nc3sc4ccccc4[n+]3[B-](F)(F)O2)cc1,Cc1ccccc1,450.0
10662,COC(=O)C(Cc1ccc2oc(-c3ccc(N(C)c4ccccc4)cc3)nc2c1)NC(=O)OC(C)(C)C,CC(C)=O,496.4996773
4008,CCCCC(CC)Cn1c2cc(C#N)c(-c3ccc(N(c4ccccc4)c4ccccc4)cc3)cc2c2cc(-c3ccc(N(c4ccccc4)c4ccccc4)cc3)c(C#N)cc21,C1CCCCC1,450.0
6401,CCCCN1C(=O)C2=C(c3ccc(-c4ccccc4)cc3)[N-]C(=O)C2=C1c1ccc(-c2ccccc2)cc1,ClCCl,630.0
12170,Cc1ccc(/C=N/c2cc(C(C)C)c(O)cc2C)cc1,O,441.0
12250,Cc1cc(-n2c3ccccc3c3cc4c(cc32)C2c3ccccc3C4c3ccccc32)ccc1-c1nc(-c2ccccc2)nc(-c2ccccc2)n1,O=P(c1ccccc1)(c1ccccc1)c1ccccc1Oc1ccccc1P(=O)(c1ccccc1)c1ccccc1,444.0
386,CCCCCCN1C(=O)c2cccc3c(-c4ccc(-c5cccs5)s4)ccc(c23)C1=O,ClC(Cl)Cl,534.0
1628,N#Cc1ccc(/C=C2\C=C(c3ccccc3)NC2=O)cc1,C1COCCO1,569.0
10325,COc1ccc(-n2c(-c3ccc(-c4cncc5ccccc45)cc3)nc3c4ccccc4c4ccccc4c32)cc1,C1CCOC1,429.0
11591,CCn1c2cc(C(C)(C)C)ccc2c2c3nsnc3c3c4ccc(C(C)(C)C)cc4n(CC)c3c21,CN(C)C=O,515.0
7718,Cc1cc(-c2ccc3ccccc3c2)cc(C)[o+]1,ClCCl,544.0
9428,CN(C)c1ccc(/C=C/C=C/C=C/c2ccc(N(C)C)cc2)cc1,CC(C)=O,488.0
12223,N#Cc1nc2cnc(N)nc2n1Cc1ccccc1,C1COCCO1,381.0
9101,CC1CC=C(c2ccc(-c3ccc(C#N)s3)s2)CC1,OCCOCCO,451.0
1842,O=C1Nc2ccccc2/C1=C/C(=O)c1ccc(O)cc1,CC(C)(C)O,406.0
2497,COc1ccc(C(=O)/C=C2\C(=O)Nc3ccccc32)cc1,O,407.0
201,N#Cc1cc2ccccc2[nH]1,CO,335.0
9849,c1csc(-c2cnc(-c3cccs3)c3nonc23)c1,CCCO,611.0
3868,O=C1c2ccccc2C2=Cc3ccccc3B(O)N12,CO,430.0
5054,CCCCC(CC)Cn1c2ccc(C(=C(C#N)C#N)c3ccccc3)cc2c2c(-c3ccc(Br)cc3)c3c(c(-c4ccc(Br)cc4)c21)c1cc(C(=C(C#N)C#N)c2ccccc2)ccc1n3CC(CC)CCCC,c1ccccc1,543.0
5889,COC(=O)C(Cc1ccc2oc(-c3ccc(N(C)c4ccccc4)cc3)nc2c1)NC(=O)OC(C)(C)C,c1ccccc1,420.5037635
2702,CCCCCOc1cc2oc(=O)c3c4ccc(N(c5ccccc5)c5ccccc5)cc4c4ccc5cccc6c(c1)c2c3c4c56,C1CCOC1,570.0
7922,COc1ccc(-c2csc(/C(C#N)=C/c3ccc(C#N)cc3)n2)cc1,CC#N,561.0
331,CCC1=C(C)C2=C(c3ccc(-c4c5ccccc5c(-c5ccccc5)c5ccccc45)cc3)c3c(C)c(CC)c(C)n3[B-](F)(F)[N+]2=C1C,CCCCCC,536.0
3808,CCCCOc1ccc(-c2cc3c(o2)c(-c2ccc(OCCCC)cc2)c2n3[B-](F)(F)[N+]3=Cc4c(-c5ccc(OCCCC)cc5)c5oc(-c6ccc(OCCCC)cc6)cc5n4[B-](F)(F)[N+]3=C2)cc1,Cc1ccccc1,660.0
935,CC(C)(C)c1ccc2oc(-c3ccc(-c4nc5cc(C(C)(C)C)ccc5o4)s3)nc2c1,CN(C)C=O,434.0
1774,c1ccc(-c2ccc(-c3ccc(-c4cc(-c5ccc(-c6ccc(-c7ccccc7)cc6)cc5)cc(-c5ccc(-c6ccc(-c7ccccc7)cc6)cc5)c4)cc3)cc2)cc1,C1COCCO1,375.0
9660,CCCCn1c(-c2ccc(-c3nnc(-c4cccs4)o3)cc2)nc2c3ccccc3c3ccccc3c21,ClCCl,448.0
8611,COc1cc2c(cc1F)c(=O)c1cc(F)c(OC)cc1n2C(C)C,CCO,425.0
11207,CC1(C)c2ccccc2N(c2ccc(-c3nc4c(C#N)ccc(C#N)c4nc3-c3ccc(N4c5ccccc5C(C)(C)c5ccccc54)cc3)cc2)c2ccccc21,Cc1ccccc1,663.0
989,C(=C/c1cnc2ccccc2n1)\c1ccc(N(c2ccccc2)c2ccccc2)cc1,ClCCl,565.0
5443,CN(C)c1ccc(C=CC(=O)c2ccccc2)cc1,Cc1ccccc1,468.0
10216,N#Cc1c(N2CCCCC2)cc(-c2ccccc2)c2c1-c1ccccc1C2,C1CCOC1,453.0
6993,CCCCN(CCCC)c1ccc(/C=C/c2ccc3nc(-c4ccccc4)c(/C=C/c4ccc(N(C)C)cc4)nc3c2)cc1,C1COCCO1,540.0
10477,CCC1=C(C)C2=C(C)c3c(I)c(I)cn3[B-](F)(F)[N+]2=C1C,OCC(F)(F)F,530.5
5806,COC1=C/C(=C\C=C2C=CN(Cc3ccc(Br)cc3)C=C2)C=CC1=O,CCO,638.0
10712,CSC1=C2C=C(c3cc4n(c3)[B-](F)(F)[N+]3=CC=CC3=C4c3c(C)cc(C)cc3C)C(C)=[N+]2[B-](F)(F)n2c(C)ccc21,C1CCCCC1,652.0
10668,O=C1c2cccc3c(-n4c5ccccc5c5ccccc54)ccc(c23)C(=O)N1c1ccccc1,ClCCl,568.0
6574,CC1=C(C(C)(C)C)C(C)=[N+]2C1=C(C)c1c(C)c(C(C)(C)C)c(C)n1[B-]2(F)F,CCOCC,565.4
3052,CCN(CC)c1ccc2cc(/C=C/C(=C(C#N)C#N)c3ccc(N(c4ccccc4)c4ccccc4)cc3)c(=O)oc2c1,CS(C)=O,643.0
11247,COc1ccc(/C=C/c2nc(-c3ccc(C)cc3)[nH]c2/C=C/c2ccc(OC)cc2)cc1,ClCCl,493.0
8365,COC(=O)C(Cc1ccc2oc(-c3ccc(N(c4ccccc4)c4ccccc4)cc3)nc2c1)NC(=O)OC(C)(C)C,C1CCOC1,447.039259
4615,CCN(CC)c1cc2ccc3cccc4ccc(c1)c2c34,C1CCOC1,456.0
3321,O=Cc1cc(O)ccc1O,NC=O,490.0
10688,c1ccc(N(c2ccccc2)c2ccc(-c3cccc4nc5ccccc5cc34)cc2)cc1,CCCCOCCCC,491.0
6246,CCn1c2ccccc2c2cc(-c3cc(-c4ccc5c(c4)c4ccccc4n5CC)nc(-c4ccc(C#N)cc4)n3)ccc21,CCOC(C)=O,408.0
6048,COc1cc2[nH]c3c(c2cc1OC)CCCC3=O,CC#N,409.4164456
3311,Cc1ccc(-n2c(-c3ccccc3O)nc(-c3ccccc3O)c2-c2ccccc2O)cc1,C1CCOC1,445.0
9548,Fc1ccc(-c2cc3c4c(c2)CCc2cc(-c5ccc(F)cc5)cc(c2-4)CC3)cc1,CC#N,375.9784736
11497,CCCCCCC(CCCCCC)N1C(=O)c2cccc3c(-c4ccc(OC)c5cccc(C)c45)ccc(c23)C1=O,Cc1ccccc1,487.0
8210,CCCCN(CCCC)c1ccc2c#cc3cc4c#cc5ccc(N(CCCC)CCCC)cc5c#cc#cc5cc(C(F)(F)F)ccc5c#cc4cc3c#cc3ccc(C(F)(F)F)cc3c#cc#cc2c1,ClCCl,544.0
3628,Cc1cc(-n2c3ccccc3c3cc(C#N)ccc32)ccc1-c1ccc(S(=O)(=O)c2ccccc2)cc1C,ClCCl,369.1935484
10861,S=P1(c2ccccc2)C(c2ccccc2)=Cc2cc3ccccc3cc21,ClCCl,425.0
1356,CCOc1cc2c(cc1/C=C/C1=CC(=C(C#N)C#N)CC(C)(C)C1)c1ccccc1n2CC,CCO,632.0
5002,[C-]#[N+]c1ccc(-c2ccc(NC)cc2)cc1,CO,422.0
9530,Cc1c(C(=O)c2ccccc2)c2ccc3cccc4c5cccc6ccc1c(c65)c2c34,ClCCl,478.0
5823,Oc1ccc(C2=[N+]3C(=C(c4ccccc4)c4cccn4[B-]3(F)F)C=C2)cc1,ClC(Cl)Cl,564.0
11652,COc1ccc(-c2nc3c(c4c2-c2ccccc2CC4)-c2ccccc2CC3)cc1,CCOC(C)=O,425.0
5670,F[B-]1(F)n2cccc2C(c2ccccc2)=C2C=CC=[N+]21,Cc1ccccc1,521.0
3112,CC(=O)c1c2c(cc3cc(N(C)C)ccc13)CCC2,ClC(Cl)Cl,511.0
182,F[B-]1(F)n2c(ccc2N2CCOCC2)C(c2ccccc2)=C2C=CC(N3CCOCC3)=[N+]21,CCOC(C)=O,597.0
10856,CCCCc1cc(C(=O)CCC)c2ccc3c(CCCC)cc(N4CCCCC4)c4ccc1c2c34,ClCCl,545.0
855,Cc1c2c(c(C)c3ccccc13)-c1cc3nc4ccccc4nc3cc1-2,ClC(Cl)Cl,454.0
10332,CCC(CC)COC1=CC2=C3c4cc(OCC(CC)CC)c(-c5cccs5)n4[B-](F)(F)[n+]4c3n(c3cc(C(C)(C)C)ccc34)[B-](F)(F)[N+]2=C1c1cccs1,ClCCl,811.0
4912,CC1=[N+]2C(=C(c3ccccc3)c3ccc(C)n3[B-]2(F)F)C=C1,Cc1ccccc1,528.0
10467,CCn1c2ccccc2c2cc(/C=C/C(=O)c3ccc4c(c3)c3cc(C(=O)/C=C/c5ccc6c(c5)c5ccccc5n6CC)ccc3n4CC)ccc21,CS(C)=O,493.0
1800,c1ccc2c(c1)Cc1cc3c(cc1-2)Cc1ccccc1-3,C1CCCCC1,340.0
11341,CCCCN1C(=O)C(=C/C=C/C=C/C=C2N(CCCC)c3ccccc3N2CCCC)C(=O)N(CCCC)C1=S,CCO,685.0
5482,O=Cc1cc(O)c(C=O)cc1O,CC(C)=O,470.0
10214,CN(C)c1ccc(C2=Nc3scc(-c4ccccc4)[n+]3[B-](F)(F)O2)cc1,C1CCOC1,456.0
1968,CCN(CC)c1ccc(-c2nc3ncccc3o2)c(O)c1,CO,426.0
10207,Cc1ccc(-c2c3ccc([nH]3)c3nc(c(-c4ccc([N+](=O)[O-])cc4)c4ccc([nH]4)c4ccc([nH]4)c(-c4ccc(C)cc4)c4ccc2o4)C=C3)cc1,c1ccccc1,737.0
11276,COc1ccc(C2=C/C(=C\c3ccc([N+](=O)[O-])cc3)C(=O)N2CC(C)C)cc1,C1COCCO1,616.0
4697,COc1ccc(-n2cccc2)cc1,CC#N,327.0
4987,CC1=CC(C)=[N+]2C1=C(c1c(F)c(F)c(NCCCCNP(=O)(OC(C)C)OC(C)C)c(F)c1F)c1c(C)cc(C)n1[B-]2(F)F,CCOC(C)=O,524.0
4650,CCN1/C(=C\C=C\C=C\C2=[N+](CC)c3ccc4cc(Br)ccc4c3C2(C)C)C(C)(C)c2c1ccc1cc(Br)ccc21,CC#N,699.0
1159,COc1ccc2cc(C#Cc3ccc([N+](=O)[O-])cc3)ccc2c1,ClC(Cl)Cl,592.0
9502,F[B-]1(F)n2c(Nc3cccc4cccnc34)ccc2C(c2ccccc2)=C2C=CC(Cl)=[N+]21,CC#N,580.0
1325,CCC1=C(C)C2=C(c3c4ccccc4cc4ccccc34)c3c(C)c(CC)c(C)n3[B-](F)(F)[N+]2=C1C,ClCCl,543.0
9652,CN(C)c1ccc(-c2ccc(-c3ccc(N(C)C)cc3)c3nc(-c4ccccc4)c(-c4ccccc4)nc23)cc1,CCCCCC,538.0
4796,c1ccc(-c2nc(-c3ccc(-c4nc(-c5ccccc5)c(-c5ccccc5)o4)cc3)oc2-c2ccccc2)cc1,C1COCCO1,428.0
6796,N#CC(C#N)=Cc1ccc(-c2ccc(O)c(-c3nc4ccccc4s3)c2)s1,ClCCl,600.0
5808,O=C(O)COc1cccc(OCC(=O)O)c1-c1c2ccc(=[N+]3CCCCC3)cc-2oc2cc(N3CCCCC3)ccc12,CCO,580.0
12100,Cc1cc(=O)oc2cc3c4ccccc4c4ccccc4c3cc12,C1CCOC1,410.0
1455,OCCSc1cccc2[n+]1[B-](F)(F)n1c(c3cccc4cccc1c43)=N2,C1CCOC1,505.0
5410,COc1cccc(/C=C/c2ccccc2)c1,CC(C)O,357.0
8333,CCCCCCCCOc1ccc(C#Cc2ccc3c(c2)c2ccccc2n3CCCCCCCC)c(OCCCCCCCC)c1,ClCCl,375.0
2800,CCC1(CC)c2ccccc2-c2c1c1c(c3c2C(CC)(CC)c2cc(/C=C/c4cccs4)ccc2-3)C(CC)(CC)c2cc(/C=C/c3cccs3)ccc2-1,C1CCOC1,397.0
7616,CCCCn1c2ccc(C#N)cc2c2cc(C#N)cc(-c3ccc(N(c4ccccc4)c4ccccc4)cc3)c21,CCCCOCCCC,412.0
10963,COc1cc(S(=O)(=O)[O-])c2ccc3c(S(=O)(=O)[O-])cc(S(=O)(=O)[O-])c4ccc1c2c43,CC(C)=O,399.4407829
7815,O=Cc1ccc(C2=C3C=c4c(oc5ccccc45)=[N+]3[B-](F)(F)n3c2cc2c4ccccc4oc23)cc1,CCOC(C)=O,610.0
4378,Cc1ccc(C2=C3C=CC(/C=C/c4ccccc4)=[N+]3[B-](F)(F)n3c(Cl)ccc32)cc1,CO,579.0
8921,CN(C)c1ccc(/C=C2\CC/C(=C\c3ccc(C#N)cc3)C2=O)cc1,ClC(Cl)(Cl)Cl,513.0
9758,CO[Si](c1c2ccccc2cc2ccccc12)(c1c2ccccc2cc2ccccc12)c1c2ccccc2cc2ccccc12,ClC(Cl)Cl,439.0
6716,COc1cccc(-n2c(-c3ccc(O)cc3)nc(C)c2C)c1,ClC(Cl)Cl,372.0
3736,CCOC(=O)c1cccc(N(C)C)c1,CC#N,430.2197802
2261,CCN(CC)c1ccc2cc(/C=C/C(=O)/C=C(O)/C=C/c3cc4ccc(N(CC)CC)cc4oc3=O)c(=O)oc2c1,Cc1ccccc1,542.0
7429,O=[N+]([O-])c1ccc(F)cc1C1CC(c2cccc3ccccc23)=NN1c1ccccc1,ClC(Cl)Cl,464.0
4005,COc1ccc(-c2cc3c(s2)c(-c2ccccc2)cc(=O)n3C)cc1,ClCCl,437.0
2394,C=CCOC(=O)C(C#N)=C1C=C(/C=C/c2ccc(N(C)C)cc2)OC(/C=C/c2ccc(N(C)C)cc2)=C1,Cc1ccccc1,556.0
1185,c1ccc(-c2nc(-c3ccccc3)nc(-n3c4ccccc4c4cc(-n5c6ccccc6c6ccccc65)cc(-n5c6ccccc6c6ccccc65)c43)n2)cc1,Cc1ccccc1,465.0563607
2007,N#Cc1c(-n2c3ccccc3c3cc(Br)ccc32)c(C#N)c(-n2c3ccccc3c3cc(Br)ccc32)c(-n2c3ccccc3c3cc(Br)ccc32)c1-n1c2ccccc2c2cc(Br)ccc21,Cc1ccccc1,515.0
193,c1ccc2cc3c4c(ccc3cc2c1)-c1cccc2cccc-4c12,CCCCCCC,520.0
8770,F[B-]1(F)n2cccc2C(c2ccccc2)=C2C=CC(N3CCOCC3)=[N+]21,ClCCl,553.0
5525,CC(C)[Si](C#Cc1c2nsnc2c(C#C[Si](C(C)C)(C(C)C)C(C)C)c2nc3c(nc12)C1c2ccccc2C3c2ccccc21)(C(C)C)C(C)C,CCCCCC,526.0
771,CCCCc1c2ccccc2c(-c2ccc(-c3nc4cc(CC(NC(=O)OC(C)(C)C)C(=O)OC)ccc4o3)cc2)c2ccccc12,C1CCCCC1,420.5002271
1478,CCOC(=O)/C=C/c1ccc(N(C)C)cc1,CCOC(C)=O,422.0
1846,COc1cccc2cc(C)c3c4ccccc4n(C)c3c12,ClCCl,380.0
3740,C(#Cc1ncnc2ccccc12)c1ccc(N(c2ccccc2)c2ccccc2)cc1,C1CCCCC1,433.0
7986,COC(=O)c1cc(=O)n(C)c2cc(-c3cccc(OC)c3)sc12,ClCCl,464.0
405,Cc1cc2ccc(-c3cccc4cccc(-c5ccc6cc(C)c(=O)oc6c5)c34)cc2oc1=O,CC#N,420.0
11697,O=Cc1ccc(-c2ccc(C3=CCC(c4ccccc4)CC3)s2)s1,C1CCOC1,446.0
10480,C[n+]1ccn(CCCCc2ccc3c(c2)c2ccccc2n3-c2cc(C#N)c(C#N)cc2-n2c3ccccc3c3cc(CCCCn4cc[n+](C)c4)ccc32)c1,CC#N,572.0
6317,Cc1ccc(-c2[nH]c(=O)n3c2-c2ccccc2C3=O)c(O)c1,CO,498.0
6581,CC1=CC(C)=[N+]2C1=C(c1ccc(I)cc1)c1c(C)cc(C)n1[B-]21Oc2ccc3ccccc3c2-c2c(ccc3ccccc23)O1,ClC(Cl)Cl,516.3996697
1447,c1ccc(-c2nnc(-c3ccc(-n4c5ccccc5c5ccccc54)cc3)o2)cc1,CCO,440.0
342,CN(C)c1ccc(C#Cc2ccc(C=O)cc2)cc1,CCCCCCCCCCCCCCCCCl,402.4954719
7468,O=c1[nH]c2ccccc2[nH]1,CC#N,313.008639
727,COc1ccc(C#Cc2ccc(-c3nn[nH]n3)cc2)cc1OC,CCOC(C)=O,395.0
4577,c1ccc2c(c1)-c1ccccc1C21c2cc(-c3ccc4ccc5cccc6ccc3c4c56)ccc2-c2ccc(-c3ccc4ccc5cccc6ccc3c4c56)cc21,ClC(Cl)Cl,421.0
9168,CN(C)c1ccc(/C=C/c2nc(/C=C/c3ccc(N(c4ccccc4)c4ccccc4)cc3)cc(/C=C/c3ccc(N(c4ccccc4)c4ccccc4)cc3)n2)cc1,Cc1ccccc1,495.0
9250,COc1ccc(-c2nc(C)cc(-c3ccc(-n4c5ccccc5c5ccccc54)cc3)n2)cc1,Cc1ccccc1,390.0
3516,CC1(C)c2ccccc2N(c2ccc(-c3nnc(-c4ccccc4)o3)cc2)c2ccccc21,Cc1ccccc1,450.0
10896,C(=C/c1nc2ccccc2[nH]1)\c1ccc(/C=C/c2nc3ccccc3[nH]2)cc1,CO,422.0
9890,COc1ccc2c(c1)c1ccc3cccc4c5cccc6oc(=O)c2c(c65)c1c34,C1CCOC1,440.0
7156,CSc1ccc2c(c1)N(CCCN(C)C)c1ccccc1S2,O,475.0
7851,O=C1c2cc(-n3c4ccccc4c4ccccc43)ccc2S(=O)(=O)c2ccc(-n3c4ccccc4c4ccccc43)cc21,ClC(Cl)Cl,606.0
1348,COc1ccc(-c2cc3c(s2)c(C(C)=O)cc(=O)n3Cc2ccccc2)cc1,CC#N,515.0
660,CN(C)c1ccc(-c2c(/C=C3/C=Cc4ccccc4N3C)c(=O)c2=O)cc1,C1CCCCC1,427.0
1492,COC(=O)C[C@H](Cc1c[nH]c2ccccc12)NC(=O)[C@H](CC(=O)N[C@@H](CC1=CCc2ccccc21)C(=O)OC)NC(=O)[C@H](Cc1c[nH]c2ccccc12)NC(=O)OC(C)(C)C,CC#N,334.0
10451,CN(C)c1ccc(/C=C/C(=O)O)cc1,CCOC(C)=O,421.0
5154,CCCCCCN(CCCCCC)c1ccc(C#Cc2ccc(N(CCCCCC)CCCCCC)cc2)cc1,CO,446.0
11750,CC(C)c1cc(C(C)C)c(-c2nnc(-c3ccc(-n4c5ccccc5c5ccccc54)cc3)o2)c(C(C)C)c1,CCO,435.0
9277,c1cc2c3c(c1)-c1cccc4cccc(c14)B3c1cccc3cccc-2c13,Cc1ccccc1,491.0
2524,CCOC(=O)CSc1nc(C)c(C)c(C#N)c1C#N,c1ccccc1,407.0
9450,COc1ccc2c3c(cccc13)C(=O)N(C)C2=O,CC(C)CC(C)(C)C,402.0
10381,Nc1ccc2cc(-c3ccc(C(F)(F)F)cc3)oc(=O)c2c1,CCCCO,460.0
5374,CN(C)c1ccc(/C=C/c2cc[n+](CCCCC[n+]3ccc(/C=C/c4ccc(N(C)C)cc4)cc3)cc2)cc1,CCO,598.000287
3198,CC1(C)CC(/C=C/c2ccc(-n3cccn3)cc2)=CC(=C(C#N)C#N)C1,CCOC(C)=O,526.0
5717,N#Cc1cc2ccc(cc2)c2cccc3cccc(c4ccc(cc4)cc(C#N)c4ccc(cc4)c4cccc5cccc(c6ccc1cc6)c54)c32,Cc1ccccc1,496.0
9345,CCCCCN(c1ccccc1)c1ccc2c(c1)C(CC)(CC)c1cc(/C=C/c3ccc(/C=C(\C#N)C(=O)O)s3)ccc1-2,ClCCl,584.0
11147,Cc1ccc(C2=C3C=C(I)C=[N+]3[B-](F)(F)n3cc(I)cc32)cc1,CO,572.0
10078,CC1=N/C(=C\c2ccc(C#N)c(N(C)C)c2)C(=O)N1C,C1CCOC1,568.0
8259,Nc1ccc(-c2ccc3c(c2)C(=O)c2ccccc2C3=O)cc1,Cc1ccccc1,599.0
9859,CN(c1ccccc1)c1ccc(N(c2ccccc2)c2ccc3ccc4c(N(c5ccccc5)c5ccc(N(C)c6ccccc6)cc5)ccc5ccc2c3c54)cc1,ClCCl,620.0
40,F[B-]1(F)n2c(c3c(c2-c2ccccc2)C2C=CC3CC2)C(c2ccccc2)=C2C3=C(C(c4ccccc4)=[N+]21)C1C=CC3CC1,ClCCl,588.0
10832,CCCCc1cc(-c2cccc(COC)c2)oc1-c1cccc(COC)c1,ClC(Cl)Cl,363.0
6816,CCCCN(CCCC)c1ccc2nc3c4ccccc4c(=O)cc-3oc2c1,ClCCl,609.0
9430,c1ccc2c3c(ccc2c1)-c1cc2ccccc2c2cccc-3c12,CCCCCCC,486.0
10006,CCCCCCCCN1c2ccc(C#Cc3ccc(OC)cc3)cc2Sc2cc(C=O)ccc21,CO,464.0
2723,Cc1cc(C)c2nc3[nH]c(=O)[nH]c(=O)c3nc2c1,CC#N,463.0
11257,CCC1(CC)c2cc(/C=C/c3ccc(/C=C/c4ccc5c(c4)C(CC)(CC)c4cc(N6c7ccccc7Sc7ccccc76)ccc4-5)cc3)ccc2-c2ccc(N3c4ccccc4Sc4ccccc43)cc21,ClCCl,435.0
10511,CCCCC1=Cc2c3ccc4cccc5ccc(c6cc(-c7ccc(N(c8ccccc8)c8ccccc8)cc7)n(c26)P1(=O)c1ccccc1)c3c45,CC(C)=O,560.0
9335,COc1ccc(C2=CC(c3cc(OC)cc(OC)c3)=[O+][B-](F)(F)O2)cc1,CC#N,587.1005251
11937,COc1c2ccccc2c(OC)c2c1c1c(C)ccc(OC)c1n2C,CC#N,445.0
7155,COC(=O)c1cc(=O)n(C)c2cc(-c3ccccc3)sc12,ClCCl,462.0
9426,CN(C)c1ccc(/C=C2\CC/C(=C\c3ccc(C#N)cc3)C2=O)cc1,ClC(Cl)Cl,603.0
11302,COc1nc(Nc2ccc3ccc4cccc5ccc2c3c45)nc(OC)n1,CO,388.0
7230,CCCCCCCCCCn1nnc(-c2ccc(C#Cc3ccc(C#Cc4ccc(-c5nnn(CCCCCCCCCC)n5)cc4)c4nc5c6ccccc6c6ccccc6c5nc34)cc2)n1,Cc1ccccc1,488.0
5075,CCOC(=O)C(C(=O)OCC)C1=[N+]2C(=C(c3ccc(C)cc3)c3ccc(Cl)n3[B-]2(F)F)C=C1,CCOC(C)=O,522.0
7880,COc1ccc(-c2csc(/C(C#N)=C/c3ccc(C#N)cc3)n2)cc1,ClCCl,554.0
5394,CSc1cc(-c2cc3cc4c5c(c3oc2=O)CCCN5CCC4)oc(=O)c1C#N,CCOC(C)=O,575.0
10482,FC(F)(F)c1ccc2oc3nc4oc5ccc(-n6c7ccccc7c7ccccc76)cc5c4cc3c2c1,ClC(Cl)Cl,438.0
7789,c1ccc2c(c1)CC1(C2)c2cc(N3c4ccccc4Sc4ccccc43)ccc2-c2ccc(N3c4ccccc4Sc4ccccc43)cc21,Cc1ccccc1,495.0
12024,CCOC(=O)c1sc(SC)c2c(=O)n(C)nnc12,CN(C)C=O,487.0
4088,COc1cc(OC)cc(C2=C3C(C)=C(I)C(/C=C/c4c[nH]c5ccccc45)=[N+]3[B-](F)(F)n3c(/C=C/c4c[nH]c5ccccc45)c(I)c(C)c32)c1,C1CCOC1,748.0
1967,CN(C)CCNc1ccc([N+](=O)[O-])cc1[N+](=O)[O-],C1CCCCC1,368.0
11011,O=c1[nH]c2ccccc2[nH]1,CCCOCCC,310.00062
10791,O=P(c1ccccc1)(c1ccccc1)n1c2ccccc2c2cc(-n3c4ccccc4c4cc(-n5c6ccccc6c6cc(-n7c8ccccc8c8ccccc87)ccc65)ccc43)ccc21,CC(C)=O,382.0
11764,CN(C)c1ccc2c(c1)Cc1ccccc1-2,CCCCCO,365.0
6999,CCn1c2ccccc2c2cc(-c3cc(-c4ccc5c(c4)c4ccccc4n5CC)nc(SC)n3)ccc21,ClCCl,411.0
423,CCCCN(CCCC)c1ccc2nc3c4ccccc4c(=O)c(-c4ccc5c(c4)C(CCCC)(CCCC)c4ccccc4-5)c-3oc2c1,ClCCl,634.0
11358,CC(C)(C)c1ccc(-c2nc3c4ccc(-c5ccc6ccc7cccc8ccc5c6c78)cc4c4cc(-c5ccc6ccc7cccc8ccc5c6c78)ccc4c3n2-c2ccc(C(C)(C)C)cc2)cc1,ClCCl,450.0
11655,Cc1c(C)c2c3ccccc3[nH]c2c2ccccc12,ClCCl,370.0
10513,COc1cc(N(c2ccccc2)c2ccccc2)ccc1C=C(C#N)C#N,CCOC(C)=O,573.0
6142,Cn1c(=O)nc2n(C)c3ccccc3nc-2c1=O,CC1CCCO1,490.0
5661,CC(=O)c1cc2c(cc1F)NC(C)(C)CC2=O,CC#N,417.0
9031,CC(C)(C)c1ccc2c(c1)c1cc(C(C)(C)C)ccc1n2-c1cccc(-c2nc(-c3cccc(P(=O)(c4ccccc4)c4ccccc4)c3)nc(-c3cccc(P(=O)(c4ccccc4)c4ccccc4)c3)n2)c1,CC(C)=O,554.5990566
4596,CCCCC(CC)COC(=O)/C=C\c1c(OC)ccc(OC)c1OC,CCCCCC,361.0
2659,c1ccc(-c2nc(-c3ccccc3)nc(-c3ccc(-n4c5ccc(-c6ccc7sc8ccccc8c7c6)cc5c5cc(-c6ccc7sc8ccccc8c7c6)ccc54)cc3)n2)cc1,Cc1ccccc1,437.0
141,CN(C)c1ccc(/C=C/c2nc3ccccc3s2)cc1,CCOC(C)=O,477.0
2597,COc1ccc(-c2ccc(-c3ccc(C#N)s3)s2)cc1,C1COCCO1,455.0
6701,c1cc2c3c(c1)-c1cccc4ccn(c14)B3n1ccc3cccc-2c31,C1CCOC1,387.0
1377,CCN(CC)c1ccc2cc(/C=C/C3=C4CC/C(=C\c5cc6ccc(N(CC)CC)cc6oc5=O)C4=[O+][B-](F)(F)O3)c(=O)oc2c1,CN(C)C=O,758.0
3674,O=C(O)c1c2ccccc2nc2ccccc12,COCCOC,419.0
12134,CCNc1ccc(NCC)c2c1C(=O)c1ccccc1C2=O,CCCCCCCO,666.0
6362,COc1cc(/C=C/c2cc(OC)c(-c3nc(-c4ccccc4)c(-c4ccccc4)[nH]3)cc2OC)c(OC)cc1/C=C/c1cc(OC)c(-c2nc(-c3ccccc3)c(-c3ccccc3)[nH]2)cc1OC,C1CCOC1,510.0
11478,Cc1ccc(-c2cc(-c3ccccc3)c(C#N)c(=S)[nH]2)cc1,CCO,462.0
4741,N#Cc1ccc(-c2cn3cc(-c4ccccc4)c[n+]3[n-]2)cc1,ClCCl,506.0
1138,COc1cc(/C=C/C2=CC(/C=C/c3ccc(O)c(OC)c3)=[O+][B-](F)(F)O2)ccc1O,CS(C)=O,612.94
7374,Cc1nnc(-c2ccc(-n3c4ccccc4c4ccccc43)cc2)o1,CCO,440.0
1787,COC(=O)C(Cc1ccc2oc(-c3c4ccccc4cc4ccccc34)nc2c1)NC(=O)OC(C)(C)C,CC1COC(=O)O1,495.000495
9846,Cc1ccc(-n2c(-c3ccccc3NS(=O)(=O)c3ccc(C)cc3)nc3c4ccccc4c4ccccc4c32)cc1,Cc1ccccc1,365.0
4646,N#CC(C#N)=Cc1ccc(-c2ccc(-c3nc4ccccc4s3)c(O)c2)o1,O,596.0
7568,O=c1oc2c(ccc3cc(O)ccc32)nc1-c1ccccc1,c1ccccc1,487.0
459,CC[n+]1c(-c2ccccc2)c2cc(N)ccc2c2ccc(NC(N)=[NH2+])cc21,O,590.0
6115,c1ccc2c(c1)CCc1c-2cnc2c1-c1ccccc1CC2,ClCCl,363.0
8179,Fc1c(F)c(F)c2c(c1F)C1=Nc3c4c(F)c(F)c(F)c(F)c4c4n3[B-]3(Cl)n5c(c6c(F)c(F)c(F)c(F)c6c5=N4)=NC2=[N+]13,C1CCOC1,591.0
948,COc1ccc2n1[B-](F)(F)[N+]1=C(c3ccccc3)C=CC1=C2c1ccc(C)cc1,C1CCOC1,555.0
6370,COCCC1(CCOC)c2cc(-c3ccc(OC)cc3)ccc2-c2ccc(-c3ccc4c(c3)C(CCOC)(CCOC)c3cc(-c5ccc(OC)cc5)ccc3-4)cc21,CN(C)C=O,395.0
4628,Cc1ccc2nc(-c3cc(-c4nc5ccc(C)cc5[nH]4)cc(-c4nc5ccc(C)cc5[nH]4)c3)[nH]c2c1,CS(C)=O,386.5
7358,Cn1cccc1-c1ccc(C#N)cc1,CC#N,407.0
5925,C#Cc1ccc2ccc3cccc4ccc1c2c34,CO,383.0
6040,N#CC1=CC=CC(C#N)=P1(c1ccccc1)c1ccccc1,ClC(Cl)Cl,491.0
441,O=c1oc2ccccc2cc1-c1nc2ccccc2o1,Cc1ccccc1,445.0
6659,COc1ccc(-c2c(-c3ccc(OC)cc3)c3c4c(cccc4c2-c2ccccc2)C(=O)c2ccccc2-3)cc1,CO,579.0
8831,CCOC(=O)c1csc2[n+]1[B-](F)(F)OC(c1ccc(N(C)C)cc1)=N2,Cc1ccccc1,439.0
9046,COC(=O)/C=C/c1sc(-c2ccc(N(C)C)cc2)c(-c2ccc(OC)cc2)c1O,CC#N,606.0
3830,c1ccc2nc3c(nc2c1)c1c2n3CCCN2CCCC1,CS(C)=O,521.0
11517,Cc1cc(C)cc(NC(=O)c2sc(Br)nc2C)c1,CO,402.0
6144,CC1=CC(C)=[N+]2C1=C(C)c1cccn1[B-]2(F)F,CCCCCC,498.0
11085,CCCCN1/C(=C/C=C/C2=[N+](C)c3ccccc3C2(C)C)C(C)(C)c2cc(OC)ccc21,CS(C)=O,585.0
6344,CCCCCCCCCCCCOc1cc2cc(N(C)C)ccc2cc1C=O,CCOC(C)=O,450.0
1958,N#Cc1ccc(C#Cc2ncc(-c3ccccc3)o2)cc1,ClCCl,410.0
9262,O=C1C=C(Nc2ccccc2)CCC1,CC#N,360.0
155,CCC1=C(C)C2=Cc3cscc3B(O)N2C1=O,CC#N,412.0
9773,CC(C)(C(=O)c1ccc(N2c3ccccc3C(C)(C)c3ccccc32)cc1)C(=O)c1ccc(N2c3ccccc3C(C)(C)c3ccccc32)cc1,Cc1ccccc1,506.0
4578,CCOC(=O)/C(C#N)=C\c1ccc2c(c1)c1ccccc1n2-c1ccc(OC)cc1,CO,532.0
1089,CCCCC(CC)CN1C(=O)c2cccc3c(C#Cc4ccc(N(c5ccccc5)c5ccc(C#Cc6ccc7c8c(cccc68)C(=O)N(CC(CC)CCCC)C7=O)cc5)cc4)ccc(c23)C1=O,C1CCOC1,631.0
6049,FC(F)(F)c1ccccc1B1c2ccccc2Nc2ccccc21,ClCCl,401.0
11219,c1ccc(-c2nc(-c3ccc(-c4ccc(N(c5ccccc5)c5ccccc5)cc4)cn3)oc2-c2ccccc2)cc1,Cc1ccccc1,435.0
9122,COc1ccc(/C=C/C2=CC(/C=C/c3ccc(OC)cc3)=[O+][B-](F)(F)O2)cc1,ClCCl,538.0
7950,O=C(O)c1c2ccccc2nc2ccccc12,CO,421.0
1674,CC1=CC(C)=[N+]2C1=C(c1ccc3cccnc3n1)c1c(C)cc(C)n1[B-]2(F)F,ClC(Cl)Cl,527.0
6763,C1=[N+](c2ccccc2)[B-](c2ccccc2)(c2ccccc2)Oc2c1ccc1c3c(ccc21)C=[N+](c1ccccc1)[B-](c1ccccc1)(c1ccccc1)O3,ClCCl,594.0
10889,O=C1c2ccccc2C2=Cc3cc4c(cc3B(O)N12)OCO4,CS(C)=O,500.0
6416,CN(C)CCN(Cc1c2ccccc2cc2ccccc12)c1ccc([N+](=O)[O-])cc1,C1CCOC1,414.0
11727,CCCCCCCCCCCCOc1cc2cc(N(C)C)ccc2cc1C#N,CCCCCC,396.0
2326,CCCCCCN1C(=O)c2cccc3c(-c4ccc(OC)s4)ccc(c23)C1=O,ClC(Cl)Cl,503.0
7096,C[Si]1(C)O[Si](C)(C)c2cc3nc4ccccc4c(-c4ccccc4)c3cc2[Si](C)(C)O1,ClCCl,501.0
10526,CCCCC1(CCCC)c2cc(C#Cc3ccc(C=C4c5ccccc5-c5ccccc54)cc3)ccc2-c2ccc(C#Cc3ccc(C=C4c5ccccc5-c5ccccc54)cc3)cc21,C1CCOC1,406.0
9653,CCCCCCCCCCn1c(-c2cc(-c3nc4ccc(C)cc4n3CCCCCCCCCC)cc(-c3nc4ccc(C)cc4n3CCCCCCCCCC)c2)nc2ccc(C)cc21,C1CCOC1,379.1
6450,CN(C)/C=N\c1ccc2c3c(cccc13)C(=O)c1ccccc1-2,CN(C)C=O,624.0
1715,N#CSc1ccc2n1[B-](F)(F)[N+]1=C(N3CCOCC3)C=CC1=C2c1ccccc1,CCOC(C)=O,560.0
9172,CCN(CC)c1ccc2cc(/C(Cl)=C/C=C/C(=C(C#N)C#N)c3ccc(N(c4ccccc4)c4ccccc4)cc3)c(=O)oc2c1,CCOC(C)=O,657.0
8381,COc1ccc(C#Cc2nc3ccccc3nc2-c2csc(OC)c2)cc1,ClCCl,508.0
3831,COc1c2ccccc2c(OC)c2c1c1c(C)ccc(OC)c1n2C,CO,440.0
6299,CC1(C)c2ccccc2N(c2ccc(-c3ncc(C#N)cn3)cc2)c2ccccc21,N#Cc1ccc2c(c1)c1ccccc1n2-c1cccc(-n2c3ccccc3c3ccccc32)c1,541.0
3348,COc1ccc(-n2c(-c3ccc(-c4cncc5ccccc45)cc3)nc(-c3ccccc3)c2-c2ccccc2)cc1,C1CCOC1,432.0
11670,COc1cc(N(c2ccccc2)c2ccc(C=C(C#N)C#N)c(OC)c2)ccc1C=C(C#N)C#N,CC#N,571.0
9177,CCOC(=O)c1ccc(C2=C(c3ccccc3)c3sc4ccccc4[n+]3[B-](F)(F)O2)cc1,C1CCOC1,482.0
587,COC(=O)c1ccc2ccc3cccc4ccc1c2c34,CCCCCC,385.0
9346,O=S(=O)(/N=c1\oc2cccc3c4c(-c5ccccc5)oc5cccc(c(c1-c1ccccc1)c23)c54)C(F)(F)F,ClC(Cl)Cl,558.0
11674,O=C([O-])c1c(Cl)c(Cl)c(Cl)c(Cl)c1-c1c2cc(Cl)c(=O)c(Cl)c-2oc2c(Cl)c(O)c(Cl)cc12,O,553.0
2990,COC(=O)c1ccc(-c2nc3ccc(N(C)C)cc3s2)cc1,CC#N,558.0
11374,CN(C)c1ccc(C2=Nc3scc(-c4ccc(C#N)cc4)[n+]3[B-](F)(F)O2)cc1,C1CCOC1,462.0
9694,C(=C/c1ncc2ccccc2n1)\c1ccc(-c2ccc(N(c3ccccc3)c3ccccc3)cc2)cc1,CC#N,579.0
10871,CCOC(=O)c1ccccc1-c1c2ccc(=[N+](CC)CC)cc-2oc2c1c(=O)oc1cc3c(cc12)CCCN3C,O,666.0
264,COC(=O)C(NC(=O)OC(C)(C)C)c1ccc2oc(-c3ccc(C#N)cc3)nc2c1,CC#N,384.0
9740,Cc1nn(-c2ccccc2)c(C2=NN(c3ccc(Br)cc3)[C@@H](c3ccccc3)[C@@H]2c2ccccc2)c1C#N,CCCCCCC,467.0
6788,CCCCc1ccc(-n2c3c4cc(F)ccc4nc(-c4ccc(OC)cc4)c3c3c2c2c(-c4ccc(OC)cc4)nc4ccc(F)cc4c2n3-c2ccc(CCCC)cc2)cc1,ClC(Cl)Cl,527.0
10434,CC(=O)c1c2c(cc3c(N(C)C)cccc13)CCC2,ClC(Cl)Cl,562.0
3864,CCN(CC)c1ccc2cc(-c3cc(SC)c(C#N)c(=O)o3)c(=O)oc2c1,Cc1ccccc1,533.0
6274,COc1cc(C2=CC(c3ccccc3)=C(c3ccccc3)C2)cc(OC)c1OC,ClCCl,469.0
12019,Cc1ccc2c(c1)c(=O)c1ccccc1n2CCCCCC(=O)O,O,434.0
3711,c1ccc(-c2csc(-c3ccncc3)n2)cc1,CN(C)C=O,402.0
8438,CC1(C)C(/C=C/c2cc3ccc(O)cc3oc2=O)=[N+](CCCS(=O)(=O)[O-])c2ccc3c(S(=O)(=O)O)cc(S(=O)(=O)O)cc3c21,CCO,659.0
1529,O=C1/C(=C/C=C/c2cc3c4c(c2)CCCN4CCC3)CC/C1=C\C=C\c1cc2c3c(c1)CCCN3CCC2,c1ccccc1,593.0
10058,COc1ccc(OC)c(C2=C3C=CC(=[N+](C)C)C=C3[Si](C)(C)c3cc(N(C)C)ccc32)c1,O,665.0
923,CCCCN(CCCC)c1ccc(C#Cc2cc(C#Cc3cc(C(F)(F)F)cc(C(F)(F)F)c3)c(C#Cc3ccc(N(CCCC)CCCC)cc3)cc2C#Cc2cc(C(F)(F)F)cc(C(F)(F)F)c2)cc1,ClCCl,561.0
11954,CCNc1ccc2c(C(F)(F)F)cc(=O)oc2c1,CCOC(C)=O,478.0
7329,CCCCOc1ccc(-c2cc3c(o2)c(-c2ccc(OCCCC)cc2)c2n3[B-](F)(F)[N+]3=Cc4c(-c5ccc(OCCCC)cc5)c5oc(-c6ccc(OCCCC)cc6)cc5n4[B-](F)(F)[N+]3=C2)cc1,CS(C)=O,672.0
4364,c1ccc(-c2nc(-c3ccc(N4c5ccccc5Sc5ccccc54)cc3)nn2-c2ccc(N3c4ccccc4Sc4ccccc43)cc2)nc1,ClCCl,490.0
669,CC(C)[Si](C#Cc1c2ccccc2c(C#Cc2c3ccccc3c(C#Cc3c4ccccc4c(C#Cc4c5ccccc5c(C#Cc5c6ccccc6c(C#C[Si](C(C)C)(C(C)C)C(C)C)c6ccccc56)c5ccccc45)c4ccccc34)c3ccccc23)c2ccccc12)(C(C)C)C(C)C,Cc1ccccc1,623.0
3604,c1cc2cc(c1)c1ccc3c(c1)c1cc(ccc1[C@]14OCCO[C@]31OCCO4)c1ccc3c(c1)c1cc(ccc1[C@]14OCCO[C@]31OCCO4)c1cccc2c1,ClC(Cl)Cl,347.0
5108,Cc1ccc(-n2c(-c3ccc(C(F)(F)F)cc3)nc(-c3ccccc3O)c2-c2ccccc2O)cc1,ClCCl,384.0
11032,O=c1cc(COc2ccc(I)cc2)c2c(ccc3ccccc32)o1,CN(C)C=O,420.0
5248,N#CC(C#N)=C(/C=C/c1ccc(N(c2ccccc2)c2ccc(/C=C/C(=C(C#N)C#N)c3ccccc3)cc2)cc1)c1ccccc1,CO,627.0
7183,O=C1CCCC2=C1CC1=C(CCCC1=O)N2NC(=O)c1ccccc1,CC(C)=O,430.0
2591,CC(=O)c1ccc(NC(=O)c2ccc(N(C)C)cc2)cc1,CC#N,550.0
5906,CN1C(=O)c2cccc3c(-n4c5ccccc5c5ccccc54)ccc(c23)C1=O,CCCCCC,440.0
6509,Nc1ccc2c3cccc4cccc(c5cccc1c52)c43,CC(C)=O,574.0
7133,CCCc1cc2c(s1)-c1cc3c(cc1NB2c1ccccc1)-c1sc(CCC)cc1B(c1ccccc1)N3,ClCCl,418.0
2307,CCOC(=O)/C(C#N)=C\c1ccc2c(c1)c1ccccc1n2-c1ccc(C)cc1,CC#N,508.0
8804,CN(C)c1nc(N)c2nc(C#N)n(Cc3ccccc3)c2n1,CO,410.0
3690,CC(C)(C)c1ccc2c(c1)Cc1cc(C(C)(C)C)ccc1-2,C1CCCCC1,348.0
687,CC1(C)CCc2c(c3ccccc3c3nc4c(nc23)c2c(c3ccccc34)OC(C)(C)CC2)O1,C1COCCO1,443.2624113
612,CCn1c2ccc(-c3cccs3)cc2c2cc(-c3cccs3)ccc21,ClCCl,392.0
7167,N#Cc1ccc(-c2ccc(C3=CCC(c4ccccc4)CC3)s2)s1,CC#N,448.0
9689,c1ccc(-c2cc(-c3ccc(-c4nc(-c5ccccn5)c(-c5ccccn5)[nH]4)cc3)cc(-c3ccccn3)n2)nc1,C1CCOC1,436.0
3200,CN(C)c1ccc2cc3c(cc2c1)OCCN=C3,CCOC(C)=O,426.0
6629,N#Cc1cccc2cc[nH]c12,O,400.0
4135,CCCCC1(c2ccc(OC)cc2)Nc2ccccc2N=C1c1ccc(OC)cc1,CC#N,522.0
1898,Cc1ccc(-c2c3nc(c(-c4ccco4)c4ccc(s4)c(-c4ccco4)c4nc(c(-c5ccc(C)cc5)c5ccc2s5)C=C4)C=C3)cc1,ClCCl,737.0
282,N#CC(C#N)=C(c1cccc(N(c2ccccc2)c2ccccc2)c1)c1cccc(N(c2ccccc2)c2ccccc2)c1,Cc1ccccc1,442.9184549
258,COC(=O)C1=C(C(=O)OC)C2(c3ccccc3-c3ccccc32)[C@@H](c2ccc([N+](=O)[O-])cc2)C=C2c3cc(OC)c(OC)cc3CCN21,ClCCl,431.0
11554,CCCCOc1ccc(-c2oc3cc4n(c3c2-c2ccc(OCCCC)cc2)[B-](F)(F)[N+]2=Cc3cc5oc(-c6ccc(OCCCC)cc6)c(-c6ccc(OCCCC)cc6)c5n3[B-](F)(F)[N+]2=C4)cc1,C1CCOC1,638.0
4943,c1ccc2c(c1)Oc1ccccc1N2c1ccc2c(c1)c1ccccc1n1ccnc21,Cc1ccccc1,473.0
2822,CN(C)c1ccc(/C=C/C=C/C=C/c2ccc(N(C)C)cc2)cc1,CO,499.0
3525,COc1ccc(-c2nc3c([nH]2)=C2C=C(Cl)S[C@@]2(C)[C@]2(C)SC(Cl)=CC=32)cc1,CC#N,378.0
11844,CCOc1cc(C=C2c3ccccc3-c3ccccc32)c(OCC)cc1C=C1c2ccccc2C=Cc2ccccc21,C1CCOC1,474.0
5223,CC(=O)O[B-]1(OC(C)=O)OC(/C=C/c2cccc3ccccc23)=CC(/C=C/c2cccc3ccccc23)=[O+]1,CS(C)=O,574.0
2285,COc1cc(/C=C/c2nc3ccccc3s2)c(OC)cc1/C=C/c1nc(C)nc(C)n1,ClC(Cl)Cl,494.0
6063,CCC1=C(C)C2=C(c3ccc(-c4c5ccccc5c(-c5ccccc5)c5ccccc45)cc3)c3c(C)c(CC)c(C)n3[B-](F)(F)[N+]2=C1C,CC#N,534.0
8078,CC1=C(Cc2ccccc2)C(C)=[N+]2C1=C(C)c1c(C)c(-c3csc(N4CCOCC4)n3)c(C)n1[B-]2(F)F,CS(C)=O,548.0
4654,O=C1c2ccccc2-c2cc3ccccc3c(=O)n21,CO,445.0
5000,CN(C)c1ccc(/C=C/C=C/c2nc3ccccc3s2)cc1,CN(C)C=O,567.0
6710,N#CC1=C(c2ccc(-c3cccs3)s2)CCC1,c1ccncc1,450.0
11433,O=[N+]([O-])c1ccc(F)cc1C1CC(c2cccc3ccccc23)=NN1c1ccccc1,Cc1ccccc1,462.0
8676,Cc1ccc(-n2c3ccccc3c3cc(C(=C(C#N)C#N)c4ccccc4)ccc32)cc1,CCOC(C)=O,540.0
5416,CCC(=O)c1ccc2cc(N(C)C)ccc2c1,Cc1ccccc1,416.0
475,Cc1ccc(/C=N/c2cc(C(C)C)c(O)cc2C)cc1,CO,422.0
2555,O=C(c1ccc(N(c2ccccc2)c2ccccc2)cc1)[C@H]1[C@H](c2cccs2)C[C@](O)(c2ccccn2)C[C@]1(O)c1ccccn1,c1ccccc1,471.0
8087,CN(C)c1ccc(C(=O)Nc2cccc(Cl)c2)cc1,CCOCC,445.0
7,CSc1ccc2c(c1)N(CCCN1CCN(C)CN1C)c1ccccc1S2,O,466.0
6411,Cc1ccc2c(c1)C(=O)c1ccncc1-2,CCCCCC,487.8344181
11228,CCCCCCOc1cc(C=C2C(=O)c3ccccc3C2=O)c(OCCCCCC)cc1C=C1C(=O)c2ccccc2C1=O,ClCCl,622.0
11070,CCCCCCC(CCCCCC)N1C(=O)c2cccc3c(-c4ccc([Si](C)(C)C)cc4)ccc(c23)C1=O,CCCCCCCCCCCO,430.6
5546,Cc1ccc(-c2c3nc(c(-c4ccco4)c4ccc([nH]4)c(-c4ccco4)c4nc(c(-c5ccco5)c5ccc2s5)C=C4)C=C3)cc1,ClCCl,718.0
2426,O=C1c2ccc(-c3ccc(N(c4ccccc4)c4ccccc4)cc3)cc2C(=O)c2ccc(-c3ccc(N(c4ccccc4)c4ccccc4)cc3)cc21,Cc1ccccc1,597.0
6744,Cc1cccc2[n+]1[B-](F)(F)n1c(c3cccc4cccc1c43)=N2,Cc1ccccc1,498.0
11807,CCCCCCCCCCOc1ccc(C#Cc2ccc(C#Cc3ccc(OCCCCCCCCCC)c(OCCCCCCCCCC)c3)c3nc4c5ccccc5c5ccccc5c4nc23)cc1OCCCCCCCCCC,C1CCOC1,558.0
2274,CCN(CC)c1cccc(C=O)c1,Cc1ccccc1,456.0
9203,N#C/C(=C\C=C\c1ccc([N+](=O)[O-])cc1)c1ccccc1,CO,573.0
1577,CCCCN1/C(=C\C=C\C=C\C2=[N+](CCCC)c3ccc4ccccc4c3C2(C)C)C(C)(C)c2c1ccc1ccccc21,CC(C)=O,701.0
7264,N#CC(C#N)=Cc1ccc(-c2ccc(-c3nc4ccccc4s3)c(O)c2)s1,CCO,499.0
9259,COc1ccc(N(c2ccc(OC)cc2)c2cc3ccc4cc(B(c5c(C)cc(C)cc5C)c5c(C)cc(C)cc5C)cc5ccc(c2)c3c45)cc1,ClCCl,561.0
3970,N#Cc1cc(-c2ccc(F)cc2)cnc1O,O,425.0
5879,OCCSc1cccc2[n+]1[B-](F)(F)n1c(c3cccc4cccc1c43)=N2,ClCCl,501.0
10319,N#Cc1cc(-n2c3ccccc3c3ncccc32)c(-n2c3ccccc3c3ncccc32)cc1C#N,ClCCl,476.5116279
11437,CCCCN(CCCC)c1ccc(/C=C/c2ccc(-c3ccc(/C=C/c4ccc(N(CCCC)CCCC)cc4)cc3)cc2)cc1,Cc1ccccc1,455.4
7193,CCCCCCCCCCCn1cccc1C1=[N+]2C(=Cc3c(C)cc(C)n3[B-]2(F)F)c2ccccc21,C1CCOC1,610.0
3867,FC(F)(F)c1ccc(/C=C/c2nc(/C=C/c3ccc(N(c4ccccc4)c4ccccc4)cc3)cc(/C=C/c3ccc(N(c4ccccc4)c4ccccc4)cc3)n2)cc1,CCCCCCC,467.0
11544,CC1(C)c2ccccc2N(c2ccccc2)c2ccc(-c3ccc(S(=O)(=O)c4ccc(-c5ccc6c(c5)C(C)(C)c5ccccc5N6c5ccccc5)cc4)cc3)cc21,O=P(c1ccccc1)(c1ccccc1)c1ccccc1Oc1ccccc1P(=O)(c1ccccc1)c1ccccc1,439.0
6823,Cc1nnc(-c2cc(-n3c4ccccc4c4ccccc43)c(-n3c4ccccc4c4ccccc43)cc2-c2nnc(C)o2)o1,ClCCl,485.512034
7548,CC1=N/C(=C\c2ccc(C#N)c(N(C)C)c2)C(=O)N1C,CCCCCC,496.0
781,COc1ccc(C#Cc2ccc(C#N)cc2)cc1OC,ClCCl,417.0
1749,CC(=O)c1c2c(cc3ccc(N(C)C)cc13)CCC2,ClC(Cl)Cl,516.0
6519,CC(C)(C)c1cc2ccc3cc(C(C)(C)C)cc4c3c2c(c1)c(=O)n1c4nc2c3cc(C(C)(C)C)cc4ccc5cc(C(C)(C)C)cc(c5c43)c21,CS(C)=O,553.0
5774,c1ccc(-c2nc(-c3ccccc3)c(N(c3ccccc3)c3ccccc3)[se]2)cc1,ClC(Cl)Cl,480.0
9283,CC(C)(C)c1ccc(-c2nc3c4ccc(-c5ccccc5)cc4c4cc(-c5ccccc5)ccc4c3n2-c2ccc(C(C)(C)C)cc2)cc1,CCOCC,386.0
9369,O=P1(c2ccccc2)c2cccc3c4c5ccccc5c5ccccc5c4c4ccc1n4c23,ClCCl,490.0
2324,C(=C/c1ccc2ccccc2c1)\c1ccc(Nc2ccccc2)cc1,CCCCCC,388.0
5055,N#Cc1cccc(C#N)c1N,CCO,391.0
11105,CCCCC1(c2ccc(OC)cc2)Nc2ccccc2N=C1c1ccc(OC)cc1,C1CCOC1,513.0
1727,Fc1ccc(-c2nc3n(c2-c2ccncc2)CCS3)cc1,CC(C)(C)O,420.0
610,c1ccc2cc3c(cc2c1)-c1cccc2cc4ccccc4c-3c12,CCCCCCC,471.0
4666,C(=C/c1nc2ccccc2[nH]1)\c1ccc(-c2nc3c4cccnc4c4ncccc4c3[nH]2)cc1,C1CCOC1,444.0
5413,CC(C)CCCCN1CCc2c1ccc1c3c(ccc21)C(=O)CCC3,CC(C)O,512.0
8103,Oc1ccccc1/N=C/c1ccccc1Oc1ccccc1,CCCCC,425.0
8174,CC[N+](CC)=c1ccc2c(C(F)(F)F)c3oc4cc(N)ccc4c3oc-2c1,ClCCl,695.0
8535,COc1ccc(C2CC(c3ccc(O)cc3)=NN2c2ccc(S(N)(=O)=O)cc2)cc1,CCOC(C)=O,416.0
3750,CN(C)/C=N\c1ccc2c3c(cccc13)C(=O)c1ccccc1-2,ClC(Cl)Cl,575.0
97,Cc1ccc2c(c1)C1(c3ccccc3-c3ccccc31)c1cc(C)ccc1N2c1ccc(-c2ncccn2)cc1,Cc1ccccc1,461.0
6985,CC(C)(C)c1ccc(-c2nc3c4ccc(-c5cccc6ccccc56)cc4c4cc(-c5cccc6ccccc56)ccc4c3n2-c2ccc(C(C)(C)C)cc2)cc1,CC#N,391.0
3137,c1ccc(-c2oc(-c3ccccc3)c3ccccc23)cc1,CCO,451.0
1537,CN(CC(O)c1cccc(O)c1)c1ccc([N+](=O)[O-])c(C2CC(c3cccc4ccccc34)=NN2c2ccccc2)c1,O,518.0
3648,COc1cc2cc(/C=C/c3ccc(/C=C(\C#N)C(=O)O)cc3)c(=O)oc2cc1OC,CC#N,483.0
1517,N#C/C(=C\c1cc(/C=C(\C#N)c2ccc(C(F)(F)F)cc2)c(-c2ccc(N(c3ccccc3)c3ccccc3)cc2)cc1-c1ccc(N(c2ccccc2)c2ccccc2)cc1)c1ccc(C(F)(F)F)cc1,C1CCOC1,587.0
12010,CCCCCCN(c1ccccc1)c1ccc2c(c1)C(CC)(CC)c1cc(/C=C/c3ccc(/C=C(\C#N)C(=O)O)s3)ccc1-2,CC(C)=O,574.0
4624,CC1=NN(c2ccccc2)C(=O)/C1=C/c1cn(-c2ccccc2)nc1-c1ccccc1,CS(C)=O,437.0
6566,CCCCN1/C(=C\C=C\C=C\C2=[N+](CCCC)c3ccc4ccccc4c3C2(C)C)C(C)(C)c2c1ccc1ccccc21,CCO,704.0
2090,c1ccc(-c2nc3c(c4c2-c2ccccc2CC4)-c2ccccc2CC3)cc1,CO,362.0
7097,COc1ccc(/N=N/c2c(O)c3ccccc3n(C)c2=O)c(S(=O)(=O)O)c1,CC(C)=O,528.0
6171,CN1/C(=C/C=C(/C=C/C2=[N+](C)c3ccccc3C2(C)C)c2ccc(F)cc2)C(C)(C)c2ccccc21,CCO,666.0
7521,CC1=[N+]2C(=C(c3cccs3)c3ccc(C)n3[B-]2(F)F)C=C1c1cc2n(c1)[B-](F)(F)[N+]1=CC=CC1=C2c1c(C)cc(C)cc1C,C1CCCCC1,650.0
572,C1=CC2=Nc3cccc[n+]3CN2C=C1,CO,448.0
11112,CCC[n+]1ccc(/C=C/c2ccc(N(C)C)cc2)cc1,CC(C)O,571.0
3062,Cc1cccc(C)c1-c1cc2c(C)c3c4cc5nc6cc7c(cc6nc5cc4c3c(C)c2cc1-c1c(C)cccc1C)c1c(C)c2cc(-c3c(C)cccc3C)c(-c3c(C)cccc3C)cc2c(C)c71,ClC(Cl)Cl,523.0
597,COc1ccc2cc(-c3cc4ccc(OC)cc4oc3=O)oc2c1,CC#N,473.0
6633,c1ccc(-c2nc(-c3ccc(-c4nc(-c5ccccc5)c(-c5ccccc5)[nH]4)s3)[nH]c2-c2ccccc2)cc1,CO,456.9983091
11558,C(=C/c1c2ccccc2cc2ccccc12)\c1cccc2ccccc12,CC1CCCCC1,501.0
7875,CCOC(=O)CCCCCn1c2ccccc2c(=O)c2cc(I)ccc21,CO,430.0
7345,COc1ccc(/C=C/c2nc3ccccc3o2)cc1,CO,420.0
6304,CC(=O)c1cc2c(cc1F)NC(C)(C)CC2=O,CCO,457.0
9845,CCCCN(c1ccccc1)c1ccc2c(c1)C(CC)(CC)c1cc(/C=C/c3ccc(/C=C(\C#N)C(=O)O)s3)ccc1-2,C1COCCO1,621.0
11573,COCCOCCOCCOc1ccc(OCCOCCOCCOC)c(C=O)c1,CN(C)C=O,423.0
5976,CNC1=C2C=CC=[N+]2[B-](F)(F)n2cccc21,CCOC(C)=O,444.5
8562,O=C1NC(=O)c2c1c1c3ccccc3[nH]c1c1[nH]c3ccccc3c21,Cc1ccccc1,465.0
1938,Oc1cc(N(c2ccccc2)c2ccccc2)ccc1-c1nc2c3ccccc3c3ccccc3c2[nH]1,C1CCOC1,420.0
8100,CC(C)(C)c1ccc(-c2nc3c4ccc(-c5c6ccccc6cc6ccccc56)cc4c4cc(-c5c6ccccc6cc6ccccc56)ccc4c3n2-c2ccc(C(C)(C)C)cc2)cc1,C1CCOC1,428.0
1753,O=S1(=O)c2ccccc2Oc2cc(N3c4ccccc4C4(c5ccccc53)c3ccccc3N(c3ccc5c(c3)Oc3ccccc3S5(=O)=O)c3ccccc34)ccc21,O=P(c1ccccc1)(c1ccccc1)c1ccccc1Oc1ccccc1P(=O)(c1ccccc1)c1ccccc1,464.9038462
3670,Oc1ccccc1/C=N/c1ccc(Cn2cncn2)cc1,CO,429.99656
9851,O=S(=O)(c1ccccc1)c1ccc(-c2ccc3c(c2)c2cc(-c4ccc(S(=O)(=O)c5ccccc5)cc4)ccc2n3-c2ccccc2)cc1,ClCCl,395.0
2361,CCOC(=O)c1ccccc1-c1c2ccc(=[N+](CC)CC)cc-2oc2c1c(=O)oc1c3c4c(cc12)CCCN4CCC3,O,687.0
4260,Cc1nc(-c2ccccc2)c2ccccn12,O,470.0
5432,CCC1=C(C)C2=Cc3cc(I)cn3[B-](F)(F)[N+]2=C1C,CC(C)=O,541.0
6285,CC(C)(C)c1ccc2oc(-c3ccc(-c4nc5cc(C(C)(C)C)ccc5o4)s3)nc2c1,C1CCOC1,432.0
11770,COc1cccc(-n2c(-c3ccc(F)cc3)nc(C)c2C)c1,C1COCCO1,369.0
11605,N#Cc1ccc(C[C@H](N)C(=O)O)cc1,O,293.5429182
9615,O=P(c1ccccc1)(c1ccccc1)c1cccc(-n2c(-c3ccccc3P(=O)(c3ccccc3)c3ccccc3)nc3ccccc32)c1,ClCCl,384.0
12251,CCOC(=O)/C(C#N)=C\c1cn(-c2ccccc2)nc1-c1ccccc1,CN(C)C=O,434.0
11336,CN1CCN(c2ccc3c4c(cccc24)C(=O)c2ccccc2-3)CC1,CCCO,637.0
5591,N#Cc1cc(-n2c3ccccc3c3ncccc32)c(-n2c3ccccc3c3ncccc32)cc1C#N,c1cc(-n2c3ccccc3c3ccccc32)cc(-n2c3ccccc3c3ccccc32)c1,477.2727273
1171,C(#Cc1ccccc1)C(C#Cc1ccccc1)=Cc1cccc(C=C(C#Cc2ccccc2)C#Cc2ccccc2)c1,ClC(Cl)Cl,413.0
7927,c1ccc(-c2ccc(-c3ccc(-n4c5ccccc5c5ccccc54)cc3)c3nsnc23)cc1,CC(C)=O,562.0
9869,O=S(=O)(/N=c1\oc2cccc3c4c(-c5ccccc5)oc5cccc(c(c1-c1ccccc1)c23)c54)C(F)(F)F,ClCCl,569.0
11465,CC1(C)CC(=O)C2=C(C1)Oc1ccc3cc(O)ccc3c1C2c1ccccn1,CO,377.0
10996,CCCCn1c2ccc(-c3ccc(OC)cc3)cc2c2ccc3c4cc(-c5ccc(OC)cc5)ccc4n(CCCC)c3c21,ClC(Cl)Cl,415.0
11227,CN(C)c1ccc(/C=C/C(=O)c2ccccc2)cc1,CC(C)=O,519.0
874,O=S(=O)(c1ccc(-c2ccc(-c3nc4c5ccccc5c5ccccc5c4n3-c3ccccc3)cc2)cc1)c1ccc(-c2ccc(-c3nc4c5ccccc5c5ccccc5c4n3-c3ccccc3)cc2)cc1,CC(C)OC(C)C,437.0
2297,c1ccc(-c2nc3c4ccccc4c4ccccc4c3n2-c2ccccc2)cc1,C1CCOC1,387.0
11404,CCCN1/C(=C/C=C/C=C/C2=[N+](CCC)c3ccccc3C2(C)C)C(C)(C)c2ccccc21,CS(C)=O,660.0
2643,CN(C)c1ccc2nc(/C=C/c3ccccc3)c(=O)oc2c1,ClC(Cl)Cl,542.0
5347,Cc1ccc2ccc3c(c2n1)N/C(=C\C1=C([O-])/C(=C/C2=[NH+]c4c(ccc5ccc(C)nc45)C2(C)C)C1=O)C3(C)C,CO,703.0
9032,CN(C)c1ccc2cc(C#Cc3cn([C@H]4C[C@H](O)[C@@H](CO)O4)c4ncnc(N)c34)ccc2c1,CCO,421.0
12181,O=C(c1ccc(N(c2ccccc2)c2ccccc2)cc1)[C@H]1[C@H](c2cccs2)C[C@](O)(c2ccccn2)C[C@]1(O)c1ccccn1,CN(C)C=O,523.0
581,Oc1ccccc1/C=N/c1ccc(Cn2cncn2)cc1,CC(C)O,366.9994128
204,COC(=O)c1ccc(C#Cc2ccc(N(C)C)cc2)cc1,CC(C)O,441.5011038
7896,Cc1ccc(-c2cc(-c3ccccc3)c(C#N)c(=S)[nH]2)cc1,C1COCCO1,506.0
2014,Nc1ccc2c(C(F)(F)F)cc(=O)oc2c1,C1CCC2CCCCC2C1,404.0
905,O=C(N/N=C/c1ccccc1O)c1ccc([N+](=O)[O-])cc1,CCO,430.0
631,COc1ccc(N(c2ccc(OC)cc2)c2ccc3ccc4c(B(c5c(C)cc(C)cc5C)c5c(C)cc(C)cc5C)ccc5ccc2c3c54)cc1,ClCCl,633.0
8461,CCN1c2ccccc2Sc2cc(/C=C(\C#N)c3ccccc3)ccc21,ClCCl,579.0
10217,O=C(O)C1CCCN1C(=O)c1ccc(C2CC(c3cccc4ccccc34)=NN2c2ccccc2)cc1,C1CCOC1,490.0
1974,CC1=[N+]2C(=C(c3ccc(C=O)cc3)c3ccc(C)n3[B-]2(F)F)C=C1c1cc2n(c1)[B-](F)(F)[N+]1=CC=CC1=C2c1c(C)cc(C)cc1C,CCOC(C)=O,669.0
162,COc1ccc2c3c(c4ccc(C(C)(C)C)cc4c2c1)=C(c1cc(OC)c(OC)c(OC)c1)C1=Nc2c(-c4cc(OC)c(OC)c(OC)c4)c4c5ccc(C(C)(C)C)cc5c5cc(OC)ccc5c4n2[B-](F)(F)[N+]=31,Cc1ccccc1,810.0
4998,COc1ccc(-c2nc3c(c4c2-c2ccc(C#N)cc2CC4)-c2ccc(C#N)cc2CC3)cc1,CO,426.0
10107,CC1(C)CC(=O)C2=C(C1)Oc1ccc3ccc(O)cc3c1C2c1ccccn1,C1CCOC1,354.0
9557,COc1cc(/C=C/C2=CC(/C=C/c3ccc(O)c(OC)c3)=[O+][B-](F)(F)O2)ccc1O,CCOCC,527.01
4713,CCCN1/C(=C/C=C(/C=C/C2=[N+](CCC)c3ccccc3C2(C)C)c2cc[n+](C)cc2)C(C)(C)c2ccccc21,CO,658.0
9067,Nc1ccc2c(C(F)(F)F)cc(=O)oc2c1,CC(C)=O,466.0
1431,Oc1ccc2ccc3cccc4ccc1c2c34,CN(C)C(=O)N(C)C,390.1373283
6868,CC1(C)c2ccccc2-c2ccc(N3c4ccc(-c5ccc(/C=C6\C(=O)c7ccc(C(=O)O)cc7C6=O)s5)cc4C4CCCC43)cc21,ClC(Cl)Cl,741.0
11196,CCCCN(CCCC)c1ccc2c#cc3cc4c#cc5ccc(C(F)(F)F)cc5c#cc#cc5cc(N(CCCC)CCCC)ccc5c#cc4cc3c#cc3ccc(C(F)(F)F)cc3c#cc#cc2c1,ClCCl,555.0
7710,CCC1(CC)c2cc(N(C)C)ccc2-c2ccc(C(F)(F)F)cc21,CC#N,337.0
7736,N#CC(C#N)=C(c1ccc(N(c2ccccc2)c2ccccc2)cc1)c1ccc(N(c2ccccc2)c2ccccc2)cc1,CN(C)C=O,515.2360515
4283,CC(=O)c1ccc(C#Cc2ccc3c(N(C)C)cc(-c4ccccc4)cc3c2)cc1,ClCCl,577.0
7531,CN(C)c1ccc(/C=C/C=C2\CCCC2=O)cc1,CC(C)=O,554.0
9764,N#CC(C#N)=C(/C=C/c1ccc(N(c2ccccc2)c2ccccc2)cc1)c1ccccc1,CO,631.0
3384,O=C1c2ccccc2-c2ccc(N3CCN(c4ccccc4)CC3)c3cccc1c23,C1CCCCC1,529.0
11730,CC(=O)c1ccc(-c2cnc3nn4ccccc4c3n2)cc1,C1CCOC1,455.0
9959,c1ccc2c(c1)c1ccccc1n2-c1ccc(-c2ccc(-n3c4ccccc4c4ccccc43)nc2-n2c3ccccc3c3ccccc32)nn1,ClCCl,432.6844262
10215,COc1ccc(/C=C/C2=[O+][B-](F)(F)OC(/C=C/c3ccc(OC)cc3)=C2c2ccccc2)cc1,CCOCC,520.0
7462,COc1ccc2cc(C3=[N+]4C(=Nc5c(-c6ccccc6)cc(-c6ccc7cc(OC)ccc7c6)n5[B-]4(F)F)C(c4ccccc4)=C3)ccc2c1,ClCCl,733.0
3331,CN(C)c1ccc(/C=C/c2nc3ccc(N(C)C)cc3oc2=O)cc1,CC(C)=O,626.0
6404,O=P1(c2ccccc2)C2=C(c3ccccc31)[Si](c1ccccc1)(c1ccccc1)c1cc(N(c3ccccc3)c3ccccc3)ccc12,CC#N,629.0
8895,COC(=O)C(NC(=O)OC(C)(C)C)c1ccc2oc(-c3ccc(OC(=O)c4ccccc4)cc3O)nc2c1,CC#N,471.0
2096,F[B-]1(F)Oc2ccccc2-c2cc(-n3c4ccc(-c5ccccc5)cc4c4cc(-c5ccccc5)ccc43)cc[n+]21,O=P(c1ccccc1)(c1ccccc1)c1ccccc1Oc1ccccc1P(=O)(c1ccccc1)c1ccccc1,496.0
10291,NCCNc1cccc2c1C(=O)c1ccccc1C2=O,ClCCl,535.0
7999,CCN(CC)c1ccc(C2=C3C(C)=CC(/C=C/c4ccc(OCC(=O)OC)cc4)=[N+]3[B-](F)(F)n3c(C)cc(C)c32)cc1,CO,581.0
5017,O=C1Nc2ccccc2/C1=C/C(=O)c1ccc(Cl)cc1,C1CCCCC1,382.0
8738,CC(=O)c1c2c(cc3c(N(C)C)cccc13)CCC2,C1COCCO1,534.0
1449,CCNc1cc2c(cc1C)C(c1ccccc1C(=O)O)=C1CCCC(/C=C/C3=[N+](C)c4ccc5ccccc5c4C3(C)C)=C1O2,ClC(Cl)Cl,748.0
6900,CN(C)c1ccc2nc(/C=C/c3ccccc3)c(=O)oc2c1,CC#N,567.0
2610,CCC1=C(C)C2=Cc3cc4c(cc3B(O)N2C1=O)OCO4,ClC(Cl)Cl,474.0
1900,CCN(CC)c1ccc2cc3ccc(=[N+](CC)CC)cc-3oc2c1,CCO,557.0
8186,COCCOCCOc1ccc(OCCOCCOC)c(C=O)c1,CC(C)CO,453.0
3920,COC(=O)C(NC(=O)OC(C)(C)C)c1ccc2oc(-c3ccc(F)cc3)nc2c1,CC1CCCCC1,320.0
2757,COc1ccc(C2=N/C(=C\c3ccccc3)C(=O)N2)cc1OC,C1COCCO1,455.0
6397,COc1ccc2cc(/C=C/c3nc(/C=C/c4ccc(N(C)C)cc4)cc(/C=C/c4ccc(N(C)C)cc4)n3)ccc2c1,Cc1ccccc1,480.0
10624,C=CCOc1ccc(-c2nc3cc(C(NC(=O)OC(C)(C)C)C(=O)OC)ccc3o2)cc1,CC#N,333.0
2097,COc1cc(-c2nc(-c3ccccc3)c(-c3ccccc3)[nH]2)c(OC)cc1/C=C/c1ccncc1,CN(C)C=O,492.0
8329,c1ccc(C2CCN3COc4c5ccccc5c5c6c7c(c2c3c46)C(c2ccccc2)CCN7CO5)cc1,C1COCCO1,577.0
11585,O=C(c1ccc(N2c3ccccc3[Si](c3ccccc3)(c3ccccc3)c3ccccc32)cc1)c1ccc(N2c3ccccc3[Si](c3ccccc3)(c3ccccc3)c3ccccc32)cc1,CC(C)=O,545.2238806
5624,COc1cc(C(=O)O)cc(OC)c1O,O,333.0
9028,CN(C)c1ccc(/C=C/c2cc(/C=C/c3ccc(N(C)C)cc3)nc(/C=C/c3ccc(C(F)(F)F)cc3)n2)cc1,ClCCl,545.0
3471,CCCCC(CC)Cn1c2cc(C#N)ccc2c2ccc(C#Cc3ccc4ccc5cccc6ccc3c4c56)cc21,ClCCl,420.0
8266,O=S(=O)(c1ccc(-c2ccc(-c3nc4c5ccccc5c5ccccc5c4n3-c3ccccc3)cc2)cc1)c1ccc(-c2ccc(-c3nc4c5ccccc5c5ccccc5c4n3-c3ccccc3)cc2)cc1,CC(C)=O,468.0
2171,CCC1=C(C)c2cc3c(OC)cc(OC)cc3c(=O)n2C1=O,CS(C)=O,485.0
11313,CSC1=C(C)C2=C(c3ccc(C)cc3)c3c(C)c(Cl)c(C)n3[B-](F)(F)[N+]2=C1C,C1CCOC1,655.0
11254,CC(C)(C)c1ccc(-c2c3ccccc3c3n2[B-](F)(F)[N+]2=Cc4c5ccccc5c(-c5ccc(C(C)(C)C)cc5)n4[B-](F)(F)[N+]2=C3)cc1,ClCCl,608.0
8590,C(=C/c1cc(/C=C/c2ccc(N(c3ccccc3)c3ccccc3)cc2)nc(/C=C/c2ccc(N(c3ccccc3)c3ccccc3)cc2)n1)\c1ccc(N(c2ccccc2)c2ccccc2)cc1,C1CCOC1,514.0
2010,COc1c2ccccc2c(-c2ccccc2)c2ccccc12,C1COCCO1,424.0
12004,CCOC(=O)COc1ccc(/C=C/C2=C3c4ccccc4C(c4ccc[nH]4)=[N+]3[B-](F)(F)n3ccc(C)c32)cc1,CO,624.0
1283,O=C1/C(=C/C=C/c2cc3c4c(c2)CCCN4CCC3)CC/C1=C\C=C\c1cc2c3c(c1)CCCN3CCC2,Cc1ccccc1,588.0
11776,COC(=O)c1nc(Br)c(-c2ccccc2)o1,C1CCCCC1,344.0
1019,O=C1Nc2ccccc2/C1=C/C(=O)c1ccc(Cl)cc1Cl,ClCCl,398.0
9518,C(=C/c1ccncn1)\c1ccc(-c2ccc(N(c3ccccc3)c3ccccc3)cc2)cc1,CS(C)=O,609.0
8667,CCCCn1c2ccc3ccc4ccccc4c3c2c2c3c(ccc4ccccc43)ccc21,ClCCl,430.0
2810,Cc1cccc(C2=CC3=C(c4c(C)cc(C)cc4C)c4cc(-c5cccc(C)c5)c(-c5cccc(C)c5)n4[B-](F)(F)[N+]3=C2c2cccc(C)c2)c1,CC#N,620.0
10577,O=C(/C=C/c1ccc(O)c(O)c1)O[C@H](Cc1ccc(O)c(O)c1)C(=O)O,CO,432.0
1651,CC(C)(C)c1ccc2c3c(c4ccc(C(C)(C)C)cc4c2c1)=[N+]1C(=C(c2ccccc2)c2c(Br)c4c5ccc(C(C)(C)C)cc5c5cc(C(C)(C)C)ccc5c4n2[B-]1(F)F)C=3Br,C1CCCCC1,711.0
11792,CN(C)c1ccc(-c2cc3c(ccc4c([N+](=O)[O-])cccc43)c(=O)o2)cc1,ClC(Cl)Cl,634.0
1169,COc1ccc(C(=O)/C=C2\C(=O)Nc3ccccc32)c(OC)c1,CN(C)C=O,422.0
9398,CC(C)CCCCN1CCc2c1ccc1c3c(ccc21)CCCC3=O,CCO,539.0
6256,O=Cc1ccc2nc(C#Cc3ccc(N(c4ccccc4)c4ccccc4)cc3)sc2c1,Cc1ccccc1,473.0
5469,c1ccc(-c2cc(-c3ccc(N(c4ccccc4)c4ccccc4)cc3)cc(-c3ccccc3)n2)cc1,CCO,505.0
10703,CCN(CC)c1ccc(/C=C/C(=O)c2c(O)cc(C)oc2=O)cc1,CCCO,562.0
867,CC(C)(C)NC1=C2C=CC=[N+]2[B-](F)(F)n2cccc21,CO,491.0
5093,CCCCCCOc1ccc(-c2cnc(-c3nnc(-c4ccc(OCCCCCC)cc4)o3)o2)cc1,C1CCOC1,386.0
5433,Oc1cccc(/N=C/c2ccccc2Oc2ccccc2)c1,CCCCOC(C)=O,404.0
541,CC(=O)O[B-]1(OC(C)=O)OC(/C=C/c2ccc(C)cc2)=CC(/C=C/c2ccc(C)cc2)=[O+]1,CC(C)=O,489.0
9324,Fc1ccc(-c2nc3n(c2-c2ccncc2)CCS3)cc1,CCO,438.0
12063,CCN(CC)c1ccc(/C=N/C(C#N)=C(C#N)/N=C/c2ccc(N(CC)CC)cc2O)c(O)c1,ClCCl,612.0
6354,Cc1ccc(C(=O)[O-])c(O)c1,CO,389.0
11444,c1ccc(C2CCN3COc4c5ccccc5c5c6c7c(c2c3c46)C(c2ccccc2)CCN7CO5)cc1,Cc1ccccc1,565.0
3390,CN(C)c1ccc(/C=C/c2nc3cc(Br)ccc3nc2-c2ccccc2)cc1,ClCCl,601.0
9856,C[Si]1(C)O[Si](C)(C)c2cc3nc4ccc([N+](=O)[O-])cc4c(-c4ccccc4)c3cc2[Si](C)(C)O1,ClCCl,520.0
12180,O=C1Nc2ccccc2/C1=C/C(=O)c1ccccc1,C1COCCO1,396.0
3959,CCN(CC)c1ccc(/C=C/C(=O)c2c(O)cc(C)oc2=O)cc1,CCOC(C)=O,545.0
6643,Cc1ccc(/C=C(\c2ccccc2)c2nc3ccccc3o2)cc1,C1CCCCC1,380.0
6841,[O-][n+]1c(-c2ccc(Br)cc2)cc(N2CCOCC2)nc1/C=C/c1ccccc1,ClCCl,548.0
10153,CCC1=C(C)C2=C(c3c4ccccc4c(-c4ccccc4)c4ccccc34)c3c(C)c(CC)c(C)n3[B-](F)(F)[N+]2=C1C,CCO,538.0
3586,N#C/C(=C\c1cn(-c2ccccc2)nc1-c1ccccc1)c1nc2ccccc2s1,ClCCl,434.0
10923,COc1cc(/C=C2/SC(=O)NC2=O)cc(OC)c1O,C1COCCO1,430.0
2563,CCCCCCC(CCCCCC)n1c(=O)c2c3ccc4cccc5c6cccc7ccc(c2c1=O)c(c76)c3c45,ClC(Cl)(Cl)Cl,482.0
5036,CC1(C)Cc2c(c3ccccc3c3nc4c(nc23)c2c(c3ccccc34)OC(C)(C)C2)O1,CC(C)O,469.2632567
1080,CCC1=C(C)C(=O)n2c1cc1c(C)c(CCC(=O)OC)c(C)n1c2=O,CS(C)=O,505.0
5891,Fc1c(F)c(-n2c3ccccc3c3ccccc32)c(F)c(-n2c3ccccc3c3ccccc32)c1-c1nnc(-c2ccccc2)o1,Cc1ccccc1,449.0
4966,O=C1/C(=C/C=C/c2cc3c4c(c2)CCCN4CCC3)CC/C1=C\C=C\c1cc2c3c(c1)CCCN3CCC2,CCCCO,744.0
2023,C(=C/c1c2ccccc2cc2ccccc12)\c1cccc2ccccc12,CC#N,503.0
11735,CNc1ccc(/C=C/C#N)cc1,CC(C)O,408.0
7909,CCN1C(=O)C(C2C(=O)c3c4ccccc4cc4cc5ccccc5c2c34)C(=O)N(CC)C1=S,C1CCOC1,571.0
10693,Cc1cc2c3ccccc3n(C)c2c2c1c1ccccc1n2C,ClCCl,391.0
7321,O=C(O)c1ccc2cc3cc(C(=O)O)ccc3cc2c1,C1CCOC1,419.0
226,CN(C)c1ccc(/C=C2/N=C(c3ccccc3)OC2=O)cc1,CCCCCC,472.0
1013,O=c1c2cc(F)ccc2nc2n1[B-](F)(F)[n+]1ccccc1-2,CC#N,437.0
1929,CCCCCCc1cc(-c2ccc3c(c2)C2CCCC2N3c2ccc3c(c2)C(C)(C)c2ccccc2-3)sc1/C=C1\C(=O)c2ccc(C(=O)O)cc2C1=O,ClC(Cl)Cl,732.0
10274,CCc1ccc(Nc2ccc3ccccc3n2)cc1,CCO,474.01
5251,CN1/C(=C/C=C(/C=C/c2sc3ccccc3[n+]2C)c2ccccc2)Sc2ccccc21,CS(C)=O,683.0
9596,COc1ccc2c3c(c4ccc(OC)cc4c2c1)C(C)(C)c1ccc2ccccc2c1-3,C1CCCCC1,396.0
2179,COC(=O)/C=C/C=C/c1ccc(N(C)C)cc1,CC#N,430.0
697,CC1(C)Oc2c(c3nc4ccccc4nc3c3ccccc23)CC1Br,CC#N,457.0383912
1124,COc1ccc(/C=C/c2ccccc2)cc1OC,CCCCOCCCC,375.0
7378,CCCCC(CC)Cn1c2cc(-c3ccc(N(c4ccccc4)c4ccccc4)cc3)c(C#N)cc2c2cc(C#N)c(-c3ccc(N(c4ccccc4)c4ccccc4)cc3)cc21,CC#N,484.0
10051,CCCCCCc1ccc(/C=C/c2ccc(CCCCCC)s2)s1,Cc1ccccc1,416.0
5110,c1cc(-n2c3ccccc3c3ccccc32)c(-c2nc3ccccn3n2)c(-n2c3ccccc3c3ccccc32)c1,Cc1ccccc1,397.0
7902,CC(C)CCCCN1CCc2c1ccc1c3c(ccc21)CCCC3=O,CS(C)=O,643.0
1778,COc1ccc(/C=C/C=C/C2=NC3C(=O)NC(N)=NC3N2[C@H]2C[C@H](O)[C@@H](CO)O2)cc1,CC#N,441.0
10039,CN(C)CCNc1ccc([N+](=O)[O-])cc1[N+](=O)[O-],ClCCl,393.0
2634,COC(=O)C(Cc1ccc2oc(-c3ccc4c(c3)c3ccccc3n4-c3ccccc3)nc2c1)NC(=O)OC(C)(C)C,CC(C)O,384.4970778
7544,CCCCCCCCCCOc1cc(OCCCCCCCCCC)cc(C2=C3C(/C=C/c4ccc(N(C)C)cc4)=C(C#Cc4ccc(C(C)(C)C)cc4)C(/C=C/c4ccc(N(C)C)cc4)=[N+]3[B-](F)(F)n3c(/C=C/c4ccc(N(C)C)cc4)c(C#Cc4ccc(C(C)(C)C)cc4)c(/C=C/c4ccc(N(C)C)cc4)c32)c1,ClC(Cl)Cl,835.0
7604,CN(C)c1ccc(C=C/C=C/C=C/c2ccc(C#N)cc2)cc1,C1CCOC1,609.0
3489,CCC1=C(C)C2=Cc3cccn3[B-](F)(F)[N+]2=C1C,CC(C)=O,516.0
1037,C[Si]1(C)O[Si](C)(C)c2cc3c(-c4ccccc4)c4cc([N+](=O)[O-])ccc4nc3cc21,ClCCl,521.0
10018,O=S(=O)(/N=c1\oc2cccc3c4c(-c5ccccc5)oc5cccc(c(c1-c1ccccc1)c23)c54)C(F)(F)F,CCCCCC,535.0
8505,CN(C)c1ccc(C=C2Oc3cccc(O)c3C2=O)cc1,CC#N,552.0
2649,Oc1ccc(Nc2ccc3ccccc3n2)cc1,CCOC(C)=O,427.62
2979,CC1=CC(C)=[N+]2C1=C(c1ccc3cccnc3n1)c1c(C)cc(C)n1[B-]2(F)F,CCCCCC,524.0
2547,O=[N+]([O-])c1ccc(NCCN(Cc2c3ccccc3cc3ccccc23)c2ccc([N+](=O)[O-])cc2[N+](=O)[O-])c([N+](=O)[O-])c1,CC(C)=O,388.0
5132,O=C1C=C(Nc2ccccc2)CCC1,CS(C)=O,365.0
2159,CCc1c(C)[nH]c(C2=[N+]3C(=Cc4c(C)c(CC)c(C)n4[B-]3(F)F)c3ccccc32)c1C,CO,642.0
9114,COc1ccccc1-c1c(-c2ccccc2O)nc(-c2ccc(C(F)(F)F)cc2)n1-c1ccc(C)cc1,C1CCOC1,397.0
6445,COc1cc(OC)cc(-c2nnc(-c3ccc(-c4nnc(-c5cc(OC)cc(OC)c5)o4)cc3)o2)c1,C1CCOC1,381.0
3967,CCCCCCCCOc1ccc(-c2c3c4n(c(-c5ccc(OCCCCCCCC)cc5)c3c3n2[B-](F)(F)[n+]2ccccc2N=3)[B-](F)(F)[n+]2ccccc2N=4)cc1,ClC(Cl)Cl,661.0
1428,CCOC(=O)c1c(-c2cc3ccc(OCC=C(C)C)cc3oc2=O)nn(-c2cccc(Cl)c2)c1C(=O)OCC,ClCCl,426.0
10309,CCNc1cc2c(cc1C)C(c1ccccc1C(=O)O)=C1CCCC(/C=C/C3=[N+](C)c4ccccc4C3(C)C)=C1O2,ClC(Cl)Cl,722.0
2520,COc1cc(/C=C/CO)ccc1O,O,338.0
8033,Cc1ccc(-n2c(-c3cccc4cc[n-]c34)[nH+]c3c4ccccc4c4ccccc4c32)cc1,Cc1ccccc1,566.0
10579,OCC1O[C@@H](Cc2cc(O)cc(/C=C/c3ccc(O)c(O)c3)c2)[C@H](O)[C@@H](O)[C@@H]1O,CCCO,386.0
12104,CN(C)c1ccc(/C=C2/N=C(c3ccccc3)OC2=O)cc1,CC(C)=O,536.0
448,Cc1ccc(C(=O)/C=C/c2ccc(N(C)C)cc2)cc1,CCO,533.0
10397,Cc1ccc(C2=C3C=CC(/C=C/c4ccccc4)=[N+]3[B-](F)(F)n3c(/C=C/c4ccccc4)ccc32)cc1,CCOC(C)=O,641.0
9476,CCCCN(CCCC)c1ccc(C#Cc2cc(C#Cc3ccc(N(CCCC)CCCC)cc3)c(C#Cc3cc(C(F)(F)F)cc(C(F)(F)F)c3)cc2C#Cc2cc(C(F)(F)F)cc(C(F)(F)F)c2)cc1,c1ccccc1,514.0
5995,COc1ccc(-n2nc(C#N)c(N3CCC(N4CCCCC4)CC3)n2)cc1,CC#N,403.0
9844,O=P1(c2ccccc2)c2ccccc2-c2sc3ccccc3c21,ClCCl,428.0
3727,N#CC(C#N)=Cc1ccc2c(c1)[nH]c1c3ccccc3ccc21,ClCCl,533.0
7353,CC1=CC(C)=[N+]2C1=C(c1ccccc1)c1c(C)c(-c3cccs3)c(C)n1[B-]2(F)F,ClCCl,594.0
8553,CC1=[N+]2C(=C(c3ccc(C(=C(c4ccccc4)c4ccccc4)c4ccccc4)cc3)c3ccc(/C=C/c4ccc(C(=C(c5ccccc5)c5ccccc5)c5ccccc5)cc4)n3[B-]2(F)F)C=C1,C1CCOC1,612.0
6279,CCn1c2ccccc2c2cc(C#Cc3cc(C#Cc4ccc5c(c4)c4ccccc4n5CC)nc(N4CCCCC4)n3)ccc21,C1CCOC1,445.0
10952,CCCCC(CC)Cn1c2cc(C#N)c(-c3ccc(N(c4ccccc4)c4ccccc4)cc3)cc2c2cc(-c3ccc(N(c4ccccc4)c4ccccc4)cc3)c(C#N)cc21,CCOC(C)=O,494.0
7295,COc1cc(N(c2ccccc2)c2ccccc2)ccc1C=C(C#N)C#N,CC(C)=O,587.0
9496,CCN(CC)c1ccc2cc(/C=C(\C#N)c3nc4ccccc4o3)c(=O)oc2c1,CS(C)=O,589.0
6251,N#CC(C#N)=Cc1ccc(-c2cccc(-c3nc4ccccc4s3)c2O)s1,CCO,630.0
5926,C[Si](C)(C)C#Cc1ccc(C#C[Si](C)(C)C)c2ccccc12,C1CCCCC1,352.0
2460,Nc1ccc2c(c1)C(=O)c1ccc(N)cc1C2=O,CO,616.0
22,COc1ccc(C#Cc2ccc(C#N)cc2)cc1,ClCCl,386.0
2066,CCc1c(C)[nH]c(C2=[N+]3C(=C(C)c4c(C)c(CC)c(C)n4[B-]3(F)F)c3ccccc32)c1C,CC#N,652.0
1653,c1ccc2c(c1)CCc1ccccc1N2,CO,359.0
8894,COc1ccc(N(c2ccc(OC)cc2)c2sc(-c3ccc(Cl)cc3)nc2-c2ccccc2)cc1,ClC(Cl)Cl,509.0
8706,O=c1c(Nc2ccccc2)c([O-])c1=[NH+]c1ccccc1,C1CCOC1,477.0
1376,COc1ccc2cc3c(C)cc(=O)oc3cc2c1,CC#N,453.0
1724,CCOc1cc2c(cc1/C=C/C(=C(C#N)C#N)c1ccccc1)c1ccccc1n2CC,ClCCl,558.0
3754,N#Cc1nnn(-c2ccnc3cc(Cl)ccc23)c1N,CCOC(C)=O,376.0105283
8652,CCn1c2ccccc2c2cc(C#Cc3cc(C#Cc4ccc5c(c4)c4ccccc4n5CC)nc(S(C)(=O)=O)n3)ccc21,ClCCl,510.0
4183,OB(O)c1ccc(-c2ccc(N(c3ccccc3)c3ccccc3)cc2)cc1,CCO,422.4
4082,Cn1c(=O)c(/N=N/c2ccc(Nc3ccc([N+](=O)[O-])cc3S(=O)(=O)O)cc2)c(O)c2ccccc21,CC(C)=O,617.0
9678,CC1=C(C(C)(C)C)C(C)=[N+]2C1=C(C)c1c(C)c(C(C)(C)C)c(C)n1[B-]2(F)F,CCCCO,566.6
8474,Cc1cc(C)c(B(c2ccc(-c3nc4c5ccccc5c5ccccc5c4[nH]3)cc2)c2c(C)cc(C)cc2C)c(C)c1,ClCCl,454.0
6579,CCCCC1(c2ccccc2)Nc2c(-c3ccc(OC)cc3)ccc(-c3ccc(OC)cc3)c2N=C1c1ccccc1,CN(C)C=O,568.0
4558,c1ccc(-c2cc3cc4ccccc4cc3p2-c2ccccc2)cc1,ClCCl,429.0
3537,CCn1c2ccccc2c2cc(/C=C/c3cc(/C=C/c4ccc5c(c4)c4ccccc4n5CC)[n+](CCCS(=O)(=O)[O-])c(/C=C/c4ccc5c(c4)c4ccccc4n5CC)c3)ccc21,CC(C)=O,610.0
7003,COc1ccc2nc(N)n[n+]([O-])c2c1,CC#N,509.0
9560,COc1cccc(-n2c(-c3ccc(F)cc3)nc(C)c2C)c1,c1ccccc1,365.0
11612,CCN(CC)c1ccc(/C=C/C2=[O+][B-](F)(F)Oc3c2c(=O)oc2cc(N(CC)CC)ccc32)cc1,CCO,635.0
10080,Cc1ccccc1N(c1ccccc1C)c1ccc2ccc3c(N(c4ccccc4C)c4ccccc4C)ccc4ccc1c2c43,Cc1ccccc1,452.0
8789,CC(C)(C)C1=CC2=C3C(=CC=C4C=CC(c5cc6c7cc(-c8ccc9ccc%10cc(C(C)(C)C)cc%11ccc8c9c%10%11)ccc7c(-c7ccc8ccc9cc(C(C)(C)C)cc%10ccc7c8c9%10)cc6c6cc(-c7ccc8ccc9cc(C(C)(C)C)cc%10ccc7c8c9%10)ccc56)=C(C=C2)C43)C1,ClCCl,443.0
646,CC(C)(C)c1ccc(-c2c3c(c(-c4ccc(C(C)(C)C)cc4)c4cc5ccccc5cc24)Cc2c(c(-c4ccc(C(C)(C)C)cc4)c4cc5ccccc5cc4c2-c2ccc(C(C)(C)C)cc2)C3)cc1,ClCCl,409.0
6381,CCCCN1C(=O)C(=C/C=C/C=C2N(CCCC)c3ccccc3N2CCCC)C(=O)N(CCCC)C1=S,CCCCCC,595.0
7527,CN(C)c1ccc(/C=C/C=C2\CCCC2=O)cc1,CC(C)O,585.0
11891,Fc1ccc(-c2cc3c4c(c2)CCc2cc(-c5ccc(F)cc5)cc(c2-4)CC3)cc1,C1CCCCC1,374.6575342
7165,N#Cc1ccc(N)c2nonc12,C1COCCO1,540.0
9785,COc1ccc(OC)c(C(=O)O)c1,CO,388.0
7697,CN(C)c1ccc2nc(/C=C/c3cc4c5c(c3)CCCN5CCC4)c(=O)oc2c1,CCOC(C)=O,628.0
11532,COc1ccc([Si](C)(C)C)c2ccccc12,C1CCCCC1,327.0
4875,CCN(CC)c1ccc(-c2nc3c4ccccc4n(C)c3nc2-c2ccc(B(c3c(C)cc(C)cc3C)c3c(C)cc(C)cc3C)cc2)cc1,C1CCOC1,584.0
10531,c1ccc2c(c1)-c1ccccc1C21c2ccccc2-c2ccc(-c3ccncc3)cc21,C1CCCCC1,337.0
5341,COc1cc2sc3nc(-c4ccccc4)sc3c2cc1OC,CS(C)=O,446.0
10458,CCCCC(CC)Cn1c2cc(C#N)c(-c3ccc(N(c4ccccc4)c4ccccc4)cc3)cc2c2cc(-c3ccc(N(c4ccccc4)c4ccccc4)cc3)c(C#N)cc21,CCOCC,472.0
7031,Cc1cc(C2(c3cc(C)c(O)c(Br)c3)OS(=O)(=O)c3ccccc32)cc(Br)c1O,CCOCC,476.0
2160,CCC1=C(C)C2=Cc3c(I)c(I)cn3[B-](F)(F)[N+]2=C1C,CC(C)=O,544.0
685,O=S(=O)([O-])c1cc(O)c2ccc3c(S(=O)(=O)[O-])cc(S(=O)(=O)[O-])c4ccc1c2c34,N#Cc1ccccc1,411.3871976
2461,Cc1cc(C)c(C2=C3C=C(c4ccccc4)C(c4ccccc4)=[N+]3[B-](F)(F)n3c2cc(-c2ccccc2)c3-c2ccccc2)c(C)c1,C1CCOC1,627.0
7128,Cc1nc2ccc(/C=C/c3ccc(N(C)C)cc3)cc2nc1-c1ccccc1,CC#N,641.0
6267,CC(C)c1cc(C(C)C)c(B2c3cc(N4c5ccccc5Oc5ccccc54)ccc3N(c3ccccc3)c3ccc(N4c5ccccc5Oc5ccccc54)cc32)c(C(C)C)c1,ClCCl,546.2585034
4941,F[B-]1(F)OC(c2ccc(C(F)(F)F)cc2)=Cc2c3ccccc3cc[n+]21,ClC(Cl)Cl,464.6
5946,C(=C/c1ncnc2ccccc12)\c1ccc(-c2ccc(N(c3ccccc3)c3ccccc3)cc2)cc1,CC#N,642.0
4583,CCc1c(C)[nH]c(C2=[N+]3C(=Cc4c(C)cc(C)n4[B-]3(F)F)c3ccccc32)c1C,C1CCOC1,635.0
5784,Oc1ccc2ccccc2c1C1Nc2cccc3cccc(c23)N1,Cc1ccccc1,468.0
7569,CN(C)c1cccc2c1C(=O)c1ccccc1C2=O,CC#N,593.0
10441,Cc1ccc2nc3c4c(c5ccccc5c3nc2c1)OC(=O)CC4c1ccc(F)cc1,ClC(Cl)Cl,431.0
521,CC1(C)c2ccccc2-c2cc3c4ccccc4n(-c4ccc(-c5nc(-c6ccccc6)nc(-c6ccccc6)n5)cc4)c3cc21,C1CCOC1,505.686901
8714,CN(C)c1ccc(C2=Nc3scc[n+]3[B-](F)(F)O2)cc1,C1CCOC1,454.0
10943,CS(=O)(=O)c1ccc(-c2cc3ccc(N)cc3c(=O)o2)cc1,CC(C)=O,461.0
3983,O=C1NC(=O)c2c1c1c3ccccc3[nH]c1c1[nH]c3ccccc3c21,CCOC(C)=O,473.0
11726,CCc1c(C)c2n(c1C)[B-](F)(F)[N+]1=C(NCc3ccc(OC)cc3)C=CC1=C2C,ClCCl,551.0
780,O=C1c2ccccc2C2=Cc3ccc4ccccc4[n+]3[B-](F)(F)N12,Cc1ccccc1,474.0
10067,COc1cc2c3cc(OC)c(OC)cc3c3cc4c(C)cc(=O)oc4cc3c2cc1OC,ClC(Cl)Cl,491.0
5607,CN(C)c1ccc(-c2nc3nccnc3n2-c2ccc(N(C)C)cc2)cc1,CC#N,472.0
5978,CCn1c2ccccc2c2cc(-c3cc(-c4ccc5c(c4)c4ccccc4n5CC)nc(-c4ccc(C#N)cc4)n3)ccc21,ClCCl,417.0
8843,CCN(CC)c1ccc2cc(/C=C(\C#N)c3nc4ccccc4s3)c(=O)oc2c1,CC#N,596.0
3747,CC1(C)Cc2c(c3ccccc3c3nc4c5c(c6ccccc6c4nc23)OC(C)(C)C5)O1,CC#N,508.9058524
2196,CCn1c2cc(OC)ccc2c2c3nsnc3c3c4ccc(OC)cc4n(CC)c3c21,CN(C)C=O,557.0
8561,F[B-]1(F)n2ccnc2-c2cccc[n+]21,ClC(Cl)Cl,356.0
12120,CC(C)C1=c2c(c3[nH]cc(C(C)C)c3c3ccccc23)=[N+]2C1=Cc1c(C(C)C)c3c4ccccc4c4c(C(C)C)c[nH]c4c3n1[B-]2(F)F,ClC(Cl)Cl,744.0
4285,O=c1c2cccc3cccc(c32)c2nc3cccc4cccc(c43)n12,ClCCl,682.0
8569,Nc1ccc2c(c1)Cc1ccccc1-2,C1CCCCC1,347.0
6979,CN(C)c1ccc(/C=C/c2cc[n+](CCCCCCCCCCCC[n+]3ccc(/C=C/c4ccc(N(C)C)cc4)cc3)cc2)cc1,CO,597.0006686
1827,CC(C)(C)c1ccc(-n2c(-c3ccc(-c4cc(-c5ccccc5)c(-c5ccccc5)c(-c5ccccc5)c4-c4ccccc4)cc3)nc3c4ccccc4c4ccccc4c32)cc1,C1CCOC1,406.0
9154,CN(C)c1ccc(C#Cc2ccccc2)cc1,CO,371.9961312
11863,CC(=O)O[B-]1(OC(C)=O)OC(/C=C/C=C/c2ccccc2)=CC(/C=C/C=C/c2ccccc2)=[O+]1,Cc1ccccc1,523.0
2376,Cc1cccc2[n+]1[B-](F)(F)n1c(c3cccc4cccc1c43)=N2,C1CCOC1,496.0
8551,N#Cc1ccc(/C=C/C=C/c2ccccc2)cc1,C1COCCO1,407.0
3839,CCOC(=O)c1c2c3c(ccc(F)c3c3cc4c(cc13)[Si](C)(C)O[Si]4(C)C)N(C)C2=O,CC#N,411.0
1246,c1ccc(N(c2ccccc2)c2ccc(-c3ccc4c(c3)C3(c5cc(-c6ccc(N(c7ccccc7)c7ccccc7)cc6)ccc5O4)c4ccccc4-c4ccccc43)cc2)cc1,ClCCl,419.0
7504,CN(C)c1ccc2nc(-c3ccc(C(=O)O)cc3)sc2c1,CS(C)=O,568.0
6511,Nc1ccc2c(c1)C(=O)N(C13C[C@H]4C[C@@H](C1)C[C@@H](C3)C4)C2=O,C1CCOC1,450.0
11213,CCN1c2ccc(-c3cc(C(F)(F)F)[nH]n3)cc2Sc2cc(-c3cc(C(F)(F)F)[nH]n3)ccc21,C1CCOC1,469.0
5439,CC1(C)CC(/C=C/c2cn(-c3ccccc3)nc2-c2ccccc2)=CC(=C(C#N)C#N)C1,CS(C)=O,578.0
11327,Cn1c(=O)c(/N=N/c2cc(S(=O)(=O)O)ccc2C(=O)O)c(O)c2ccccc21,CO,532.0
8964,CN(C)c1ccc(/C=C/c2cc[n+](Cc3cc(C[n+]4ccc(/C=C/c5ccc(N(C)C)cc5)cc4)cc(C[n+]4ccc(/C=C/c5ccc(N(C)C)cc5)cc4)c3)cc2)cc1,CO,618.0
11918,COc1cc(S(=O)(=O)[O-])c2ccc3c(S(=O)(=O)[O-])cc(S(=O)(=O)[O-])c4ccc1c2c43,CN(C)C(=O)N(C)C,401.2680069
5510,COC(=O)c1c(-c2cc3ccccc3oc2=O)nn(-c2cccc(F)c2)c1C(=O)OC,ClCCl,402.0
5330,CCOC(=O)CN1C(=O)C2=C(c3ccc(N4CCCCC4)cc3)N(CC(=O)OCC)C(=O)C2=C1c1ccc(N2CCCCC2)cc1,CC#N,590.0
4531,F[B-]1(F)n2c(cc3oc4ccccc4c32)C(c2ccc(I)cc2)=C2C=c3oc4ccccc4c3=[N+]21,ClC(Cl)Cl,647.0
365,N#Cc1cccc2cc[nH]c12,CC(C)O,380.0
12240,Cc1cc(C)c(C2=C3C=C(/C=C/C(=O)OC(C)(C)C)C=[N+]3[B-](F)(F)n3c2ccc3N2CCCC2)c(C)c1,ClCCl,551.0
147,CN(CC(O)c1cccc(O)c1)c1ccc([N+](=O)[O-])c(C2CC(c3cccc4ccccc34)=NN2c2ccccc2)c1,ClC(Cl)Cl,451.0
1668,Fc1ccc(C2=NC(c3ccccc3)C(N(c3ccccc3)c3ccccc3)S2)cc1,ClC(Cl)Cl,461.0
10840,CC(C)(C)c1ccc2c(c1)c1cc(C(C)(C)C)ccc1n2-c1ccccc1-c1nc(-c2ccccc2P(=O)(c2ccccc2)c2ccccc2)nc(-c2ccccc2P(=O)(c2ccccc2)c2ccccc2)n1,O=P(c1ccccc1)(c1ccccc1)c1ccccc1Oc1ccccc1P(=O)(c1ccccc1)c1ccccc1,504.0
7650,c1ccc(N(c2ccccc2)c2ccc3c(c2)-c2ccccc2C32c3ccccc3-n3c4ccccc4c4cccc2c43)cc1,ClCCl,410.0
8599,COc1ccc(-c2c3ccc([nH]3)c3nc(c(-c4ccc(C#N)cc4)c4ccc([nH]4)c4ccc([nH]4)c(-c4ccc(OC)cc4)c4ccc2o4)C=C3)cc1,c1ccccc1,724.0
7788,c1ccc(-c2nc(-c3cccc4ccccc34)n3ccccc23)cc1,CC#N,480.0
3456,C(=C/c1ncc2ccccc2n1)\c1ccc(-c2ccc(N(c3ccccc3)c3ccccc3)cc2)cc1,CS(C)=O,585.0
3271,c1cc2c([nH]c3c4[nH]c5sccc5c4c4nsnc4c23)s1,ClCCl,533.0
4940,CC(C)c1cc(C(C)C)c(B2c3cc(N4c5ccccc5C(C)(C)c5ccccc54)ccc3N(c3ccccc3)c3ccc(N4c5ccccc5C(C)(C)c5ccccc54)cc32)c(C(C)C)c1,C1CCOC1,485.7142857
9223,BrC1=CC=CN2B1C=Cc1ccccc12,C1CCCCC1,371.0
6230,COCCC1=Cc2nc1ccc1[nH]c(cc1CCOC)c1nc(c(N)cc3[nH]c2cc3CCOC)C(CCOC)=C1,Cc1ccccc1,748.0
10912,c1ccc(-c2nc(-c3ccc(-c4ccc(-n5c6ccccc6c6ccccc65)cc4)cn3)oc2-c2ccccc2)cc1,C1CCOC1,411.0
9937,CCC1(CC)c2cc(B(c3c(C)cc(C)cc3C)c3c(C)cc(C)cc3C)ccc2-c2ccc(N(c3ccccc3)c3ccccc3)cc21,CC#N,531.0
9047,COc1ccc(-c2c3ccccc3c(-c3ccc(OC)cc3)c3ccccc23)cc1,ClCCl,427.0
3926,CSc1ccc(/C=C/c2ccncn2)cc1,ClCCl,435.0
10472,COc1cc(N(c2ccccc2)c2ccc(C=C(C#N)C#N)c(OC)c2)ccc1C=C(C#N)C#N,Cc1ccccc1,500.0
8080,CCCCCCCN1C(=CC2=C([O-])C(=CC3=[N+](CCCCCCC)c4ccccc4C3(C)C)C2=C(C#N)C#N)C(C)(C)c2ccccc21,ClC(Cl)Cl,695.0
78,CN(C)CCN(Cc1c2ccccc2cc2ccccc12)c1ccc([N+](=O)[O-])cc1,ClC(Cl)Cl,415.0
7088,CC[n+]1ccc(/C=C/c2ccc3ccc4cccc5ccc2c3c45)cc1,Cc1ccccc1,590.0
2247,CC1=C2CCc3ccccc3C2=[N+]2C1=C(c1ccc(I)cc1)c1c(C)c3c(n1[B-]2(F)F)-c1ccccc1CC3,ClC(Cl)Cl,629.0
10108,Cc1cc(C)c(B(c2c(C)cc(C)cc2C)c2cc3ccc4ccccc4c3c3c2cc(N(C)C)c2ccccc23)c(C)c1,CC#N,613.0
12196,CC(=O)c1ccc(/C=C/C=C/C2=NC3C(=O)NC(N)=NC3N2[C@H]2C[C@H](O)[C@@H](CO)O2)cc1,CC#N,547.0
10148,COc1ccc2c(-c3nc(-c4ccccc4)no3)cc(=O)oc2c1,CCO,464.0
7451,CC1=CC(C)=[N+]2C1=C(c1c(F)c(F)c(NCCNP(=O)(OC(C)C)OC(C)C)c(F)c1F)c1c(C)cc(C)n1[B-]2(F)F,C1CCOC1,531.0
8980,CCN(CC)c1ccc2cc(-c3ccc(C(F)(F)F)cc3)oc(=O)c2c1,CCCCO,468.0
2279,COc1ccccc1-c1c(-c2ccccc2O)nc(-c2ccc(C(F)(F)F)cc2)n1-c1ccc(C)cc1,CO,404.0
8123,CCN1C(=O)C(C2C(=O)c3c4ccccc4cc4cc5ccccc5c2c34)SC1=S,CC#N,593.0
3897,O=C1c2ccccc2-c2ccc(N3CCN(c4ccccc4)CC3)c3cccc1c23,CC1COC(=O)O1,614.0
10134,CN(C)c1ccc(/C=C/C=C2\CC/C(=C\c3ccc(N(C)C)cc3)C2=O)cc1,CCO,725.0
7177,O=c1oc2ccccc2cc1C#Cc1ccccc1,CC#N,406.0
9312,COc1ccc2c(c1)c1c(OC)c3ccccc3c(OC)c1n2C,C1CCCCC1,431.0
11592,COc1cccc(-n2c(-c3ccc(F)cc3)nc(C)c2C)c1,CO,368.0
3631,CN(C)c1ccc(C2=Nc3scc(-c4ccc(C#N)cc4)[n+]3[B-](F)(F)O2)cc1,CC#N,477.0
10652,COc1cc(OC)c2c3c([nH]c2c1)C(=O)CCC3,CCCCCCCCCCCCO,432.0
6272,F[B-]1(F)n2c(ccc2-c2ccccc2)C(C(F)(F)F)=C2C=CC(c3ccccc3)=[N+]21,CCCCCC,622.0
8616,CSc1ccc(C#Cc2ccc(C#Cc3ccc(C#Cc4ccccc4C#N)cc3C#N)cc2C#N)cc1,ClC(Cl)Cl,455.0
392,CN(C)c1ccc(/C=C/C=C2\CC/C(=C\c3ccc(N(C)C)cc3)C2=O)cc1,CCCO,717.0
3191,O=c1c2ccccc2n2c3ccccc3c(=O)c3cc(-c4ccccc4)cc1c32,CCCCOCCCC,454.0
16,N#Cc1c2nc3ccccn3c2nc2c1nc1ccccn12,CN(C)C=O,515.0
4200,Cc1ccccc1C(=O)NN1C2=C(CC3=C1CC(C)(C)CC3=O)C(=O)CC(C)(C)C2,CO,432.0
2672,c1ccc(-c2nc(-c3ccccc3)nc(-c3ccc(-c4ccc(N5c6ccccc6[Si](c6ccccc6)(c6ccccc6)c6ccccc65)cc4)cc3)n2)cc1,Cc1ccccc1,441.5954416
6164,C(=C/c1c2ccccc2cc2ccccc12)\c1ccccc1,CC1CCCCC1,468.0
3493,O=C1C=C(Nc2ccccc2)CCC1,CN(C)C=O,349.0
9651,Cc1ccc(C)n1-c1cccc(C#N)c1,CCOCC,444.0
7394,O=S1(=O)c2ccc(-c3ccc(N(c4ccccc4)c4ccccc4)cc3)cc2C2(c3ccccc3-c3ccccc32)c2cc(-c3ccc(N(c4ccccc4)c4ccccc4)cc3)ccc21,CN(C)C=O,491.1963883
4839,O=C1Nc2ccccc2/C1=C/C(=O)c1ccc(Cl)cc1,C1COCCO1,394.0
593,COc1ccc(-c2cc(-c3ccc(C)cc3)c(C#N)c(OC)n2)cc1,ClC(Cl)Cl,392.0
11417,COC1=[N+]2C(=C(c3ccc(C)cc3)c3ccc(OC)n3[B-]2(F)F)C=C1,CC#N,522.0
8737,CN(C)c1ccc(-c2nc3c(c4c2-c2ccccc2CC4)-c2ccccc2CC3)cc1,Cc1ccccc1,436.0
5827,COc1ccc(N2C(=O)c3ccccc3C2C(=O)OC(C)(C)C)cc1OC,CO,468.0
7961,CCOC(=O)C1=CN(Cc2ccccc2)C=C(C(=O)OCC)C1,CO,433.0
5887,Oc1ccccc1/C=N/N=C/c1ccccc1O,OCC(F)(F)F,573.0659026
2355,CCCCCCCCC1(CCCCCCCC)c2cc(-c3ccccc3)ccc2-c2ccc(-c3ccccc3)cc21,ClC(Cl)Cl,361.0
6036,N#CC(C#N)=Cc1cn(-c2ccccc2)nc1-c1ccccc1,C1CCOC1,427.0
4798,CCN1/C(=C\c2c(-c3ccc(N(C)C)cc3)c(=O)c2=O)C=Cc2ccccc21,C1CCCCC1,427.0
10598,O=c1c2ccccc2sc2ccc(-n3c4ccccc4c4ccccc43)cc12,ClC(Cl)Cl,486.5
4592,CCN(CC)c1ccc2c(-c3ccc(S(=O)(=O)O)cc3S(=O)(=O)[O-])c3ccc(=[N+](CC)CC)cc-3oc2c1,CC#N,575.0
8656,CC(C)(C)C1Nc2ccccc2C(=O)N1c1ccccc1,ClC(Cl)Cl,409.0
163,CN(C)c1ccc2nc3c(cc2c1)c(-c1ccccc1)nn3-c1ccccc1,C1CCOC1,534.1880342
11353,CN1/C(=C/C=C(/C=C/c2sc3ccccc3[n+]2C)c2cc(F)cc(F)c2)Sc2ccccc21,CO,668.0
11566,COc1ccc(/C=N/c2cc(C(C)C)c(O)cc2C)cc1,C1COCCO1,407.0
11988,Cn1cccc1-c1cc(C#N)ccc1C#N,CCCCCC,423.0
7380,COc1ccc(C(=Cc2ccc(C=O)cc2)c2ccc(OC)cc2)cc1,C1CCOC1,396.0
12208,CCOC(=O)c1c2c3c(ccc(C)c3c3cc4ccccc4cc13)N(C)C2=O,CC#N,413.0
6356,Oc1c(-c2cccs2)cccc1-c1nc2ccccc2s1,ClCCl,585.0
9092,Nc1ccc2c(c1)oc(=O)c1c(=O)oc3ccccc3c12,ClCCl,498.0
5542,F[B-]1(F)n2c(cc(Br)c2Br)C(c2ccccc2)=C2C=C(Br)C(Br)=[N+]21,ClC(Cl)Cl,570.0
6007,O=C1Nc2ccccc2/C1=C/C(=O)c1ccc(O)cc1,ClCCl,400.0
7993,CCN(CC)c1ccc2cc(/C=C/C(O)=C3\CC/C(=C\c4cc5ccc(N(CC)CC)cc5oc4=O)C3=O)c(=O)oc2c1,Cc1ccccc1,570.0
7638,CC1CCC(O)(c2ccc(-c3cccs3)s2)CC1,c1ccncc1,416.0
6793,CCC/N=C/c1cc2ccc(N(C)C)cc2cc1OC,CCOC(C)=O,441.0
7758,Nc1cc(N)cc(-c2nc3ccccc3s2)c1,C1COCCO1,458.0
4837,CC(C)(C)c1ccc2ccc3c(C(C)(C)C)ccc4ccc1c2c43,CCCCCC,379.0
2293,C(#Cc1ccc(-n2c3ccccc3c3ccccc32)cc1)c1ccccc1,CO,401.0
6548,CCOC(=O)C1CC(c2c(C#N)c(C)nn2-c2ccccc2)=CN1c1ccc(Br)cc1,OCC(O)CO,492.0
7898,CCCCn1c2ccc(/C=C(\C#N)c3ccc([N+](=O)[O-])cc3)cc2c2cc(Cn3c(-c4ccc5c(c4)c4ccccc4n5CCCC)nc4ccccc43)ccc21,ClCCl,568.0
4481,CCC(C)(C)c1ccc2c(c1)C(CC)(CC)c1cc(-c3ccc(-c4ccc5c(c4)C(CC)(CC)c4cc(C(C)(C)CC)ccc4-5)cc3)ccc1-2,C1CCCCC1,381.0
3716,CN(C)c1ccc2cc(C3=[O+][B-](F)(F)OC(c4ccccc4)=C3)ccc2c1,ClCCl,650.0
6140,O=C1c2ccccc2C(=O)N1c1ccc(Cn2cncn2)cc1,ClCCl,367.0
1549,O=C1/C(=C/C=C/c2cc3c4c(c2)CCCN4CCC3)CC/C1=C\C=C\c1cc2c3c(c1)CCCN3CCC2,ClCCl,723.0
2044,O=c1oc2ccccc2cc1-c1cc2ccccc2o1,CCOC(C)=O,433.0
767,c1ccc(-c2nc3c(-c4ccc(N(c5ccccc5)c5ccccc5)cc4)ccc(-c4ccc(N(c5ccccc5)c5ccccc5)cc4)c3nc2-c2ccccc2)cc1,CCCCCC,522.0
5693,CC(C)(C)c1ccc2c(c1)c1cc(C(C)(C)C)ccc1n2-c1ccc2oc3nc4oc5ccc(C(F)(F)F)cc5c4cc3c2c1,Cc1ccccc1,422.0
7870,CCOC(=O)C1CC(c2c(C#N)c(C)nn2-c2ccccc2)=CN1c1ccc(Br)cc1,CC#N,488.0
9700,CCN(CC)c1ccc2cc(-c3nc4cc(C(=O)Nc5ccc(C)cc5[N+](=O)[O-])ccc4o3)c(=O)oc2c1,ClCCl,496.0
7857,CCN1/C(=C\C=C\C=C\C2=[N+](CC)c3ccc4cc(Br)ccc4c3C2(C)C)C(C)(C)c2c1ccc1cc(Br)ccc21,CO,702.0
3302,CN(C)c1ccc(/C=C/c2cc[n+](CCCCCCCCCCCC[n+]3ccc(/C=C/c4ccc(N(C)C)cc4)cc3)cc2)cc1,CC(C)O,589.998348
4517,COc1cccc(OC)c1C1=C2C(C)=CC(C)=[N+]2[B-](F)(F)n2c(C)cc(C)c21,CC(C)=O,516.0
11117,Cc1nnc(-c2cc(-c3nnc(C)o3)c(-n3c4ccccc4c4ccccc43)cc2-n2c3ccccc3c3ccccc32)o1,O=P(c1ccccc1)(c1ccccc1)c1ccccc1Oc1ccccc1P(=O)(c1ccccc1)c1ccccc1,448.0
9901,CCN(CC)c1ccc(OC)c(C=O)c1,CO,645.0
3292,OCCSc1cccc2[n+]1[B-](F)(F)n1c(c3cccc4cccc1c43)=N2,Cc1ccccc1,505.0
9011,O=[N+]([O-])c1ccc(O)c(-c2nc3c(c4c2-c2ccccc2CC4)-c2ccccc2CC3)c1,ClCCl,541.0
1403,O=c1ccc2cc3ccoc3cc2o1,CC(C)O,460.0
1382,CCC1(CC)c2cc(C=C(C#N)C#N)ccc2-c2ccc(N(C)C)cc21,CCO,677.0
6928,FC(F)(F)c1ccc(/C=C/c2ccc(-c3nnc(-c4ccc(-c5cc6ccccc6s5)cc4)o3)cc2)cc1,CCCCCCCCO,394.0
5671,CCCCCCn1c2ccsc2c2sc3c(sc4c5sccc5n(CCCCCC)c43)c21,ClCCl,411.0
1638,COc1ccc2oc(-c3cc4cc(OC)ccc4oc3=O)cc2c1,CC#N,480.0
12011,c1ccc2c(c1)Cc1c-2sc2c1Cc1ccccc1-2,C1CCOC1,385.0
6907,[NH3+]C(Cc1ccc(O)cc1)C(=O)[O-],O,304.0
8591,O=S(=O)(c1ccc(N(c2ccccc2)c2ccccc2)cc1)c1ccc(S(=O)(=O)c2ccc(N(c3ccccc3)c3ccccc3)cc2)cc1,Cc1ccccc1,451.0
6406,COCCOCCOCCOCCOc1ccc(OCCOCCOCCOCCOC)c(C=O)c1,CC(C)CO,452.0
9074,CC1=[N+]2C(=C(c3ccc(C#N)cc3)c3ccc(C)n3[B-]2(F)F)C=C1,C1CCCCC1,539.0
1179,Cc1c2oc3c(C)c(N)cc(C(=O)NC4OC(=O)C(C(C)C)N(C)C(=O)CN(C)C(=O)C5CCCN5C(=O)C(C(C)C)NC4=O)c3nc-2c(C(=O)NC2OC(=O)C(C(C)C)N(C)C(=O)CN(C)C(=O)C3CCCN3C(=O)C(C(C)C)NC2=O)c(N)c1=O,Cc1ccccc1,613.0719195
5448,O=C([O-])c1c(Cl)c(Cl)c(Cl)c(Cl)c1-c1c2cc(I)c(=O)c(I)c-2oc2c(I)c([O-])c(I)cc12,CO,571.0
5078,Cn1c(=O)cc(C(=O)c2ccccc2)c2sc(-c3ccc(OC(F)(F)F)cc3)cc21,CC#N,526.0
8648,CC1(C)c2ccccc2N(c2ccc(-c3nnc(-c4ccccc4O)o3)cc2)c2ccccc21,CC(C)=O,539.0
5175,CC1(C)c2ccccc2N(c2ccc(-c3nnc(-c4ccccc4O)o3)cc2)c2ccccc21,C1CCOC1,506.0
689,C/C(=N\Nc1ccc(C#N)cc1)c1ccccn1,CCCCCC,452.0
10851,CCC(=O)c1ccc2cc(N(C)C)ccc2c1,CCCCCC,389.0
6525,CCCCC1(c2ccccc2)Nc2c(-c3ccc(N(c4ccccc4)c4ccccc4)cc3)ccc(-c3ccc(N(c4ccccc4)c4ccccc4)cc3)c2N=C1c1ccccc1,CN(C)C=O,578.0
12041,c1ccc2c3c(ccc2c1)C1(c2cc(-c4ccc5ccc6cccc7ccc4c5c67)ccc2-c2ccc(-c4ccc5ccc6cccc7ccc4c5c67)cc21)c1ccc2ccccc2c1O3,ClC(Cl)Cl,422.0
6488,CCCCc1ccc(N(c2ccc(CCCC)cc2)c2ccc3c(c2)S(=O)(=O)c2cc(N(c4ccc(CCCC)cc4)c4ccc(CCCC)cc4)ccc2-3)cc1,ClC(Cl)Cl,516.0
7154,COC(=O)C(Cc1ccc2oc(-c3ccc(N(c4ccccc4)c4ccccc4)cc3)nc2c1)NC(=O)OC(C)(C)C,CCCCCO,454.7500921
10311,CCOC(=O)C1c2ccccc2C(=O)N1c1ccccn1,CO,392.0
6610,CCCCCCCCCCCCN1C(=O)c2cccc3c(N(Cc4ccccn4)Cc4ccccn4)c4ccccc4c(c23)C1=O,C1CCOC1,583.0
10498,CCCCN(CCCC)c1ccc2c#cc3cc4c#cc5ccc(N(CCCC)CCCC)cc5c#cc#cc5cc(C(F)(F)F)ccc5c#cc4cc3c#cc3ccc(C(F)(F)F)cc3c#cc#cc2c1,c1ccccc1,501.0
4349,CCC1=C(C)C2=Cc3ccccc3B(O)N2C1=O,CS(C)=O,416.0
1884,O=[N+]([O-])c1ccc(F)cc1C1CC(c2cccc3ccccc23)=NN1c1ccccc1,CO,488.0
10591,CN(C)c1ccc2nc(-c3ccc(C(=O)Nc4ccccc4)cc3)sc2c1,CC(C)O,534.0
2494,CCC1(CC)c2cc(-c3ccc(-c4ccc5c(c4)C(CC)(CC)c4cc(C(C)(C)C)ccc4-5)cc3)ccc2-c2ccc(C(C)(C)C)cc21,CO,383.8983051
5947,COCCN(CCOC)c1ccc(/C=C/c2sc3c4nc(C)sc4ccc3[n+]2C)cc1,CO,601.0
3036,CN1CCN(c2ccc3c4c(cccc24)C(=O)c2ccccc2-3)CC1,CCOC(C)=O,595.0
5777,c1ccc(-c2nc(-c3ccccc3)nc(-c3ccc(-n4c5ccccc5c5cc(-n6c7ccccc7c7ccccc76)ccc54)c4c5ccccc5n(-c5ccccc5)c34)n2)cc1,ClCCl,531.3636364
845,CC1(C)C(/C=C/C2=C(Cl)/C(=C/C=C3/N(CCCS(=O)(=O)[O-])c4ccccc4C3(C)C)CCC2)=[N+](CCCS(=O)(=O)[O-])c2ccccc21,CO,802.0
8734,O=C1C=C(Nc2ccccc2)CCC1,CC1CCCCC1,334.0
7967,CN(C)c1ccc2c(c1)C(C)(C)C1=CC(=[N+](C)C)C=CC1=C2,O,621.0
10392,CC1=CC(C)=[N+]2C1=C(C1=C(C)C3=C(C)c4c(C)cc(C)n4[B-](F)(F)[N+]3=C1C)c1c(C)cc(C)n1[B-]2(F)F,ClC(Cl)Cl,527.0
7340,COCCOCCOCCOCCOc1cc(C=O)c(OCCOCCOCCOCCOC)cc1C=O,CCO,466.0
11031,Nc1ccc2c(C(F)(F)F)cc(=O)oc2c1,CC1CCCCC1,401.0
10143,CCC1=C(C)C2=C(C)c3c(I)c(I)cn3[B-](F)(F)[N+]2=C1C,CO,533.5
7137,N#Cc1nc2c3ccc(-c4ccc(N(c5ccccc5)c5ccccc5)cc4)cc3c3cc(-c4ccc(N(c5ccccc5)c5ccccc5)cc4)ccc3c2nc1C#N,C1COCCO1,633.4177215
2964,CN(C)c1ccc(/C=C/C=C/c2nc3ccccc3s2)cc1,CC#N,562.0
2529,O=S(=O)(c1cccc(-n2c3ccccc3c3ccccc32)c1)c1cccc(-n2c3ccccc3c3ccccc32)c1,c1cc(-n2c3ccccc3c3ccccc32)cc(-n2c3ccccc3c3ccccc32)c1,419.9445983
5772,CCCCCCC(CCCCCC)N1C(=O)c2cccc3c(-c4cc(OC)c(OC)c(OC)c4)ccc(c23)C1=O,CN(C)C=O,618.8
1048,COc1ccc(/C=C/C2=CC(/C=C/c3ccc(OC)c(OC)c3)=[O+][B-](F)(F)O2)cc1OC,CCO,574.85
7045,Cc1cccc2cc(-c3cc4cccc(C)c4oc3=O)oc12,CS(C)=O,456.0
1960,CCN(CC)c1ccc2cc(-c3ccc(C(F)(F)F)cc3)oc(=O)c2c1,CC(C)=O,454.0
2530,CN(C)c1ccc(/C=C/c2ccccn2)cc1,CN(C)C=O,469.0
8429,CC[n+]1c(-c2ccccc2)c2cc(-n3cccc3)ccc2c2ccc(N)cc21,O,603.0
4917,COCCOCCOc1cc(C=O)c(OCCOCCOC)cc1C=O,CC(C)O,481.0
9325,CN(C)c1ccc(-c2nc3nc4ccccc4nc3n2-c2ccc(C(C)(C)C)cc2)cc1,CC#N,529.0
5901,COC(=O)C(Cc1ccc2oc(-c3c4ccccc4cc4ccccc34)nc2c1)NC(=O)OC(C)(C)C,C1CCCCC1,483.9989933
8286,CCCCCCCCCCCCC(CCCCCCCCCC)Cn1c2cc(/C=C/C=C/c3nc4ccccc4s3)c3cccc4c5cccc6c(/C=C/C=C/c7nc8ccccc8s7)cc1c(c65)c2c34,Cc1ccccc1,604.0
4259,COc1cc(OC)cc(C2=[O+][B-](F)(F)OC(c3ccccc3)=C2)c1,CC(C)=O,590.7821059
10506,COc1ccc(C(=O)/C=C2\C(=O)Nc3ccccc32)cc1,C1COCCO1,373.0
5656,c1ccc2nc3cccc(-c4ccc(-n5c6ccccc6c6ccccc65)cc4)c3cc2c1,ClCCl,486.0
6097,CCCCNc1ccc(NCCCC)c2c1C(=O)c1ccccc1C2=O,CS(C)=O,678.0
5907,N#CSC1=CC2=C(c3ccccc3)c3ccc(N4CCOCC4)n3[B-](F)(F)[N+]2=C1N1CCOCC1,ClCCl,603.0
7373,CN(C)c1cccc2c1C(=O)c1ccccc1-2,C1CCCCC1,498.0
2978,CCOC(=O)CCCCCn1c2ccc(N)cc2c(=O)c2cc(N)ccc21,O,547.0
10860,COc1ccc(C2CC(c3ccc(O)cc3)=NN2c2ccc(S(N)(=O)=O)cc2)cc1,CC(C)O,423.0
11401,F[B-]1(F)n2c(nc3c4ccccc4c4ccccc4c32)-c2cccc[n+]21,ClCCl,526.0
6721,c1ccc(N(c2ccccc2)c2ccc(-c3ccc4c(c3)C3(c5cc(-c6ccc(N(c7ccccc7)c7ccccc7)cc6)ccc5S4)c4ccccc4-c4ccccc43)cc2)cc1,CC(C)=O,414.9887133
7842,S=P1(c2ccccc2)c2cccc3ccc4ccc1n4c23,ClCCl,490.0
8264,Cc1ccc2c(CC(=O)NN)coc2c1,CN(C)C=O,412.0
10753,CC(C)(C)c1ccc(-c2nc3c4ccc(-c5ccc6ccc7cccc8ccc5c6c78)cc4c4cc(-c5ccc6ccc7cccc8ccc5c6c78)ccc4c3n2-c2ccc(C(C)(C)C)cc2)cc1,CN(C)C=O,459.0
3138,CCc1ccc(-c2nc(-c3ccc(-n4c5ccccc5c5ccccc54)cc3)cc(-c3ccc(-n4c5ccccc5c5ccccc54)cc3)n2)cc1,ClC(Cl)Cl,435.0
8325,O=CC1=Cc2c(-c3ccccc3)oc(-c3ccccc3)c2C=C(C=O)C1,CN(C)C=O,468.0
12175,CN(C)CCN(Cc1c2ccccc2cc2ccccc12)c1ccc([N+](=O)[O-])cc1[N+](=O)[O-],ClCCl,393.0
1826,CCN(CC)c1ccc(-n2cccc2)cc1,CCCCCC,326.0
5548,O=C1Cc2ccc(cc2)CC(=O)Cc2ccc(c3nsnc23)C1,CC#N,495.0
8785,CC(C)(C)c1cc2c(c(C(C)(C)C)c1)O[B-](F)(F)[n+]1c-2nc(-c2ccccc2)c2cc(Cl)ccc21,Cc1ccccc1,552.0
560,Oc1cccc(/N=C/c2ccccc2Oc2ccccc2)c1,Cc1ccccc1,412.0
10797,CCc1ccc(/C=C/c2ccc(-c3nnc(-c4ccc(-c5cc6ccccc6s5)cc4)o3)cc2)cc1,CCCCCCCCO,421.0
8435,N#Cc1ccccc1N,OCC(F)(F)F,376.0
5435,COc1ccc2cc(/C=C/C3=[O+][B-](F)(F)OC(/C=C/c4ccc5cc(OC)ccc5c4)=C3c3ccccc3)ccc2c1,ClCCl,600.0
4437,C[n+]1ccnc(/C=C/c2ccc(N(c3ccccc3)c3ccc(/C=C/c4c[n+](C)ccn4)cc3)cc2)c1,CS(C)=O,530.0
8597,CCN(CC)c1ccc2ccc(=O)oc2c1,CC(C)=O,430.0
1442,F[B-]1(F)n2c(/C=C/c3ccc(C(=C(c4ccccc4)c4ccccc4)c4ccccc4)cc3)ccc2C(c2ccc(C(=C(c3ccccc3)c3ccccc3)c3ccccc3)cc2)=C2C=CC(/C=C/c3ccc(C(=C(c4ccccc4)c4ccccc4)c4ccccc4)cc3)=[N+]21,C1CCOC1,685.0
8453,Cc1ccc(/C=N/c2cc(C(C)C)c(O)cc2C)cc1,C1COCCO1,408.0
4406,CCC1=C(C)C2=C(C)c3cc(I)c(I)n3[B-](F)(F)[N+]2=C1C,CC(C)=O,544.5
11716,CC(C)(C)c1ccc(-c2cc(-c3ccc(-c4cc(-c5ccc(C(C)(C)C)cc5)c(C(=O)N5CCCC5)s4)s3)sc2C(=O)N2CCCC2)cc1,ClCCl,461.0
1689,O=c1c2cccc3cccc(c32)c2nc3ccccc3n12,ClCCl,499.0
12102,c1ccc(-n2c3ccccc3c3cc(-n4ccc5cc(-c6ccc7c(c6)C(c6ccccc6)(c6ccccc6)c6ccccc6-7)ccc54)ccc32)cc1,ClCCl,378.0
9917,Cc1ccc(C(=O)/C=C2\C(=O)Nc3ccccc32)cc1C,O,409.0
12206,COc1cccc(OC)c1C1=C2C(C)=CC(C)=[N+]2[B-](F)(F)n2c(C)cc(C)c21,CO,518.0
5962,CCOC(=O)c1csc2[n+]1[B-](F)(F)OC(c1ccc(N(C)C)cc1)=N2,ClCCl,456.0
2496,CCN1/C(=C\C=C\C=C\C2=[N+](CC)c3ccc4cc(Br)ccc4c3C2(C)C)C(C)(C)c2c1ccc1cc(Br)ccc21,CCO,705.0
10031,CSC1=C2C=C(c3cc4n(c3)[B-](F)(F)[N+]3=CC=CC3=C4c3c(C)cc(C)cc3C)C(C)=[N+]2[B-](F)(F)n2c(C)ccc21,CCOC(C)=O,664.0
340,Nc1ccc2c(C(F)(F)F)cc(=O)oc2c1,C1CCCCC1,401.0
2408,C(=N/c1ccc(-c2cn3nc(-c4cccs4)sc3n2)cc1)\c1ccc(N(c2ccccc2)c2ccccc2)cc1,ClC(Cl)Cl,552.0
9793,Cc1ccc(C(=O)/C=C2\C(=O)Nc3ccccc32)cc1,C1CCCCC1,377.0
10229,CC(C)c1cc(C(C)C)c(B2c3cc(N4c5ccccc5C(C)(C)c5ccccc54)ccc3N(c3ccccc3)c3ccc(N4c5ccccc5C(C)(C)c5ccccc54)cc32)c(C(C)C)c1,ClCCl,494.5578231
5782,N#Cc1c(-c2ccc([N+](=O)[O-])cc2)cc(-c2ccc([N+](=O)[O-])cc2)[nH]c1=O,CN(C)C=O,451.0
4576,Clc1ccc(/C=C/c2ccc(-c3nc4c5cccnc5c5ncccc5c4[nH]3)cc2)cc1,C1CCOC1,463.0
3725,COc1cc(C2=c3c(c4ccc(C(C)(C)C)cc4c4c(OC)c(OC)c(OC)cc34)=[N+]3C2=Nc2c(-c4cc(OC)c(OC)c(OC)c4)c4c5cc(OC)c(OC)c(OC)c5c5cc(C(C)(C)C)ccc5c4n2[B-]3(F)F)cc(OC)c1OC,Cc1ccccc1,820.0
2785,COC(=O)/C(C#N)=c1\s/c(=c2/s/c(=C(/C#N)C(=O)OC)c3cc(-c4ccc(C(F)(F)F)cc4)sc23)c2sc(-c3ccc(C(F)(F)F)cc3)cc12,Cc1ccccc1,625.0
9715,CCC1(CC)c2cc(C=O)ccc2-c2ccc(N(C)C)cc21,c1ccccc1,437.0
1012,c1ccc2c(-n3c(-c4ccc(-c5ccc(-c6nc7c8ccccc8c8ccccc8c7n6-c6cccc7ccccc67)c6ccccc56)c5ccccc45)nc4c5ccccc5c5ccccc5c43)cccc2c1,ClCCl,428.0
5280,COC(=O)C(Cc1ccc2oc(-c3ccc(N(c4ccccc4)c4ccccc4)cc3)nc2c1)NC(=O)OC(C)(C)C,CCOC(C)=O,448.7504544
4895,CC(C)(C)c1ccc(-c2nc3c4ccc(-c5cc6ccccc6c6ccccc56)cc4c4cc(-c5cc6ccccc6c6ccccc56)ccc4c3n2-c2ccc(C(C)(C)C)cc2)cc1,CCCCOCCCC,384.0
9958,CN(C)c1ccc(C#Cc2ccc3c(N(C)C)cc(-c4ccccc4)cc3c2)cc1,CCO,455.7692308
7121,c1cnc(-c2c3ccccc3c(-c3ncccn3)c3ccccc23)nc1,ClCCl,439.0
6549,CCCCN1/C(=C\C=C\C=C\C2=[N+](CCCC)c3ccc4cc(Br)ccc4c3C2(C)C)C(C)(C)c2c1ccc1cc(Br)ccc21,CO,704.0
4037,c1ccc(-c2cc(-c3ccc(-c4nc(-c5ccccn5)c(-c5ccccn5)[nH]4)cc3)cc(-c3ccccn3)n2)nc1,CCCCCC,383.0
148,CCC1=C(C)C2=C(c3c4ccccc4c(C)c4ccccc34)c3c(C)c(CC)c(C)n3[B-](F)(F)[N+]2=C1C,CC#N,538.0
285,COc1cc(/C=C/c2nc3ccccc3s2)c(OC)cc1/C=C/c1ccncc1,CN(C)C=O,485.0
11839,CCN(CC)c1ccc2cc(-c3cn4ccccc4n3)c(=O)oc2c1,CN(C)C=O,477.0
8555,Cc1ccc(-c2c3nc(c(-c4ccc(C)cc4)c4ccc(s4)c(-c4ccco4)c4nc(c(-c5ccc(C)cc5)c5ccc2[nH]5)C=C4)C=C3)cc1,ClCCl,698.0
10295,CC(C)(C)c1ccc2c(c1)sc1[n+]2[B-](F)(F)n2c(c3cccc4cccc2c43)=N1,ClCCl,534.0
9732,CN(C)c1ccc(-c2nc3cnccc3[nH]2)cc1,CCCCO,391.0
6770,COc1ccc2c(c1)sc1[n+]2[B-](F)(F)OC(c2ccc(N(C)C)cc2)=N1,C1CCOC1,466.0
4443,N#Cc1ccc2cc(C#Cc3cn([C@H]4C[C@H](O)[C@@H](CO)O4)c4ncnc(N)c34)ccc2c1,CO,478.0
7446,O=c1[nH]c2[n+](c3ccccc13)[B-](F)(F)Oc1ccccc1-2,Cc1ccccc1,423.0
236,COc1ccc2c3cccc4c(OC)ccc(c5cccc1c52)c43,ClC(Cl)(Cl)Cl,467.9866603
11763,CCCCCCOc1ccc(C#Cc2ccc(-c3ccc(-c4ccc(C#Cc5ccc(OCCCCCC)c(OCCCCCC)c5)s4)c4nsnc34)s2)cc1OCCCCCC,CN(C)C=O,666.0
7123,CCCCCCCCN1c2ccc(C#Cc3ccc(F)cc3)cc2Sc2cc(C=O)ccc21,C1CCOC1,513.0
11121,CCOC(=O)C1=C(N)n2c(=O)c3ccccc3c(=O)n2C1c1cccs1,CS(C)=O,439.0
3083,CN(C)c1ccc(/C=C/C=C2\CC/C(=C\c3ccc(N(C)C)cc3)C2=O)cc1,CCCCO,712.0
632,N#CSC1=CC2=C(c3ccccc3)c3ccc(SC#N)n3[B-](F)(F)[N+]2=C1N1CCOCC1,ClCCl,594.0
6813,CCC1(CC)c2cc(/C=C/c3cc(Br)c(/C=C/c4ccc5c(c4)C(CC)(CC)c4cc(N6c7ccccc7Sc7ccccc76)ccc4-5)cc3Br)ccc2-c2ccc(N3c4ccccc4Sc4ccccc43)cc21,Cc1ccccc1,515.0
2493,COc1ccc2c(c1)N(c1ccc(C)cc1)c1cc3c(cc1=N2)Oc1c(cc(C(C)(C)C)cc1C(C)(C)C)N=3,CCCCCC,586.0
2665,CCCCn1c2ccccc2c2ccc3c4cc(-c5ccc(C(F)(F)F)cc5)ccc4n(CCCC)c3c21,ClC(Cl)Cl,402.0
10402,N#CC(C#N)=C(/C=C/c1cn(-c2ccccc2)nc1-c1ccccc1)c1ccccc1,CS(C)=O,509.0
10473,CC(=O)O[B-]1(OC(C)=O)OC(/C=C/C=C/c2ccccc2)=CC(/C=C/C=C/c2ccccc2)=[O+]1,CC(C)=O,544.0
10312,CC(C)(C)c1ccc2oc(-c3ccc(-c4nc5cc(C(C)(C)C)ccc5o4)s3)nc2c1,CCCCO,434.0
10375,COc1cc(OC)cc(C2=[O+][B-](F)(F)OC(c3ccc4cc(OC)ccc4c3)=C2)c1,CCCCCC,430.9526775
4211,CCOC(=O)COc1ccc(/C=C/c2c(CC)c(C)c3n2[B-](F)(F)[N+]2=C(c4[nH]c(C)c(CC)c4C)c4ccccc4C2=C3C)cc1,CO,711.0
9686,CCN(CC)c1ccc2cc(/C=C(\C#N)c3nc4ccccc4s3)c(=O)oc2c1,CO,598.0
3874,CN1CCN(CCCN2c3ccccc3Sc3ccc(C(F)(F)F)cc32)CC1,CC#N,470.0
9424,N#CC(C#N)=C(c1ccc(N(c2ccccc2)c2ccccc2)cc1)c1ccc(N(c2ccccc2)c2ccccc2)cc1,Cc1ccccc1,439.4849785
2817,Cc1ccc(S(=O)(=O)Nc2c(/C=C/c3ccccc3)sc(-c3ccc(N(C)C)cc3)c2-c2ccsc2)cc1,CC#N,627.0
10114,Nc1ccc2c(c1)Cc1ccccc1-2,CCOCC,349.0
12034,C(=C/c1nc2ccccc2[nH]1)\c1ccc(/C=C/c2nc3ccccc3[nH]2)cc1,CS(C)=O,439.0
11001,COC(=O)c1ccc(C#Cc2ccccc2)cc1,CO,363.5966985
7426,CCN(CC)c1ccc(-c2nc3c(c4c2-c2ccc(C#N)cc2CC4)-c2ccc(C#N)cc2CC3)cc1,CCOC(C)=O,494.0
12214,CC1=C(c2cccs2)C(C)=[N+]2C1=C(c1ccc(OS(=O)(=O)c3ccc([N+](=O)[O-])cc3[N+](=O)[O-])cc1)c1c(C)c(-c3cccs3)c(C)n1[B-]2(F)F,Cc1ccccc1,608.0
10379,Cn1c(=O)c(/N=N/c2ccc(/N=N/c3ccc(S(=O)(=O)O)cc3)cc2)c(O)c2ccccc21,C1CCOC1,537.0
11278,Oc1c(-c2cccs2)cccc1-c1nc2ccccc2s1,O,587.0
9777,Cc1ccc(C2=C3C=CC(Cl)=[N+]3[B-](F)(F)n3c(Cl)ccc32)cc1,CC#N,520.0
1735,CN(C)c1ccc(/C=C/c2ccccn2)cc1,CCO,476.0
7397,C(=C/c1nc2ccccc2o1)\c1ccccc1,CO,380.0
4255,CCN(CC)c1ccc(/C=N/Nc2ccc(C#N)cc2)c(O)c1,ClC(Cl)Cl,410.0
10140,c1ccc2c(-c3ccc(-c4nnc(-c5ccc(-c6nnc(-c7ccc(-c8cccc9ccccc89)s7)o6)cc5)o4)s3)cccc2c1,CCCCCCO,445.0
2475,O=c1oc2ccccc2cc1-c1nc2ccccc2o1,CCOC(C)=O,443.0
12241,O=P(c1ccccc1)(c1ccccc1)c1ccc(-n2c(-c3ccccc3P(=O)(c3ccccc3)c3ccccc3)nc3ccccc32)cc1,ClCCl,384.0
3713,CC1=C(c2ccccc2)C(C)=[N+]2C1=C(c1ccccc1)c1c(C)c(-c3ccccc3)c(C)n1[B-]2(F)F,ClCCl,555.0
10998,COc1ccc2cc(/C=C/c3nc(/C=C/c4ccc(N(c5ccccc5)c5ccccc5)cc4)cc(/C=C/c4ccc(N(c5ccccc5)c5ccccc5)cc4)n3)ccc2c1,Cc1ccccc1,479.0
1804,CCOC(=O)/C(C#N)=C\c1ccc2c(c1)c1ccccc1n2-c1ccc(C)cc1,CC(C)=O,503.0
707,O=C1Nc2ccccc2/C1=C/C(=O)c1ccc(Cl)cc1,CCCCO,405.0
11267,CCc1ccc(/C=N/c2cc(C(C)C)c(O)cc2C)cc1,O,444.0
5189,CC(=O)OC[C@@H]1O[C@H](N2C=CC3=Nc4nc(C)[n+](C)cc4CN3C2=O)[C@@H](O)[C@H]1O,CC#N,416.0
5472,C=CCNc1ccc2ccc3oc4cc(=O)ccc-4nc3c2c1,ClCCl,617.0
72,COCc1ncc(-c2c3ccccc3c(-c3cnc(COC)nc3)c3ccccc23)cn1,ClCCl,420.0
7843,CN(C)c1ccc2cc(C3=[O+][B-](F)(F)OC(c4ccccc4)=C3)ccc2c1,C1CCOC1,643.0
5101,Cc1ccc(C2=C3C=CC(c4ccccc4)=[N+]3[B-](F)(F)n3c2ccc3-c2ccccc2)cc1,CCOC(C)=O,583.0
6764,N#Cc1cc(-n2c3ccccc3c3ccccc32)c(-n2c3ccccc3c3ccccc32)cc1C#N,C1CCOC1,501.0
9382,CN(C)c1ccc(C2=Cc3ccc4ccccc4[n+]3[B-](F)(F)O2)cc1,C1CCOC1,540.0
1125,C(=C/c1ncnc2ccccc12)\c1ccc(N2CCCCC2)cc1,C1CCOC1,540.0
1241,CCn1c2ccccc2c2cc(/C=C/c3cccc(/C=C/c4ccc5c(c4)c4ccccc4n5CC)[n+]3CCCS(=O)(=O)[O-])ccc21,Cc1ccccc1,598.0
10096,CCn1c2ccccc2c2cc(/C=C3\C(=O)c4ccccc4S3(=O)=O)ccc21,ClCCl,535.0
2349,CCOC(=O)c1c(-c2cc3ccccc3oc2=O)nn(-c2ccc(OC)cc2)c1C(=O)OCC,ClCCl,457.0
6602,CN(C)c1ccc(/C=C/C(=C(C#N)C#N)c2ccc3c4c(cccc24)CC3)cc1,Cc1ccccc1,551.0
6780,CC1(C)Nc2ccccc2-c2[nH]c3ccccc3c(=O)c21,CCCO,522.0
9769,COC(=O)c1ccc(C2=C(/C=C/c3ccc(OC)cc3)O[B-](F)(F)[O+]=C2/C=C/c2ccc(OC)cc2)cc1,ClCCl,557.0
4358,C1=C(c2ccc(-c3cccs3)s2)CCC(c2ccccc2)C1,C1CCOC1,412.0
1343,CN(C)c1ccc(-c2ccc3c(=O)c(O)coc3c2)cc1,CCCCCCCCO,532.0
12246,CCN(CC)c1ccc2cc(/C=C(\C#N)c3nc4ccccc4o3)c(=O)oc2c1,C1COCCO1,560.0
10643,Clc1ccccc1-c1nc2sc3ccccc3c2s1,CS(C)=O,412.0
11747,CCn1c2ccccc2c2cc(/C=C/C(=O)c3ccc4c(c3)c3cc(C(=O)/C=C/c5ccc6c(c5)c5ccccc5n6CC)ccc3n4CC)ccc21,CC(C)=O,476.0
8632,CCCCn1c2c(-c3ccc(N(c4ccccc4)c4ccccc4)cc3)cc(C#N)cc2c2cc(C#N)cc(-c3ccc(N(c4ccccc4)c4ccccc4)cc3)c21,C1CCCCC1,404.0
6652,Cc1cc(C)c([B-]2(c3c(C)cc(C)cc3C)[O+]=P(c3ccccc3)(c3ccccc3)c3cc(C#Cc4ccccc4)sc3-c3sc(C#Cc4ccccc4)cc32)c(C)c1,C1CCOC1,498.0
1100,CN(C)c1ccc2c(c1)COc1c-2oc2ccccc2c1=O,C1CCCCC1,411.4285714
9160,Nc1ccc(C(=O)[O-])c(O)c1,O,389.0
8841,CN(C)c1ccc(/C=C/C=C/c2ccc(C#N)cc2)cc1,CC#N,589.0
9738,CCCCCCCN1C(=CC2=C([O-])C(=Cc3sc4ccccc4[n+]3CCCCCCC)C2=C(C#N)C#N)Sc2ccccc21,CCO,711.0
7327,Oc1cc2c(cc1-c1nc3c4ccccc4c4ccccc4c3[nH]1)c1ccccc1n2-c1ccccc1,CO,485.0
7622,CCCC1=Cc2nc1ccc1[nH]c(cc1CCC)c1nc(ccc3[nH]c2cc3CCC)C(CCC)=C1,Cc1ccccc1,641.0
987,O=C(/C=C/c1cn(-c2ccccc2)nc1-c1ccccc1)c1c(O)c2ccccc2oc1=O,CCO,507.0
2852,Clc1nnc(O/N=C/c2ccc(N(c3ccccc3)c3ccccc3)cc2)nn1,ClCCl,520.0
8853,COc1ccc(-c2ccc(-c3ccc(C#N)s3)s2)cc1,CN(C)C=O,479.0
630,O=C1Nc2ccccc2/C1=C/C(=O)c1ccc(O)cc1,CC#N,401.0
1249,N#CC(C#N)=C(/C=C/c1ccc(N(c2ccccc2)c2ccccc2)cc1)c1ccccc1,C1COCCO1,610.0
3179,COc1ccc2c3c([nH]c2c1)C(C)=NCC3,CC#N,480.0
482,CCn1c2ccccc2c2cc(/C=C3\C(=O)c4ccccc4S3(=O)=O)ccc21,CS(C)=O,570.0
9776,CC(C)c1cc(C(C)C)c(-c2nnc(-c3ccc(-n4c5ccccc5c5ccccc54)cc3)o2)c(C(C)C)c1,Cc1ccccc1,377.0
9654,CN(C)c1ccc(C=C/C=C/C=C/c2ccc(C#N)cc2)cc1,CCCC#N,640.0
3040,COc1cc(/C=C/c2nc3ccccc3s2)c(OC)cc1/C=C/c1ccncc1,Cc1ccccc1,470.0
5010,COc1ccc(/C=C/c2cc(/C=C/c3ccc(OC)cc3)nc(/C=C/c3ccc(OC)cc3)n2)cc1,CS(C)=O,461.0
10706,O=C(c1ccc(N(c2ccccc2)c2ccccc2)cc1)[C@H]1[C@H](c2ccccc2)C[C@](O)(c2ccccn2)C[C@]1(O)c1ccccn1,CN(C)C=O,524.0
7000,c1ccc(-c2nc(-c3ccccc3)nc(-c3ccc(-n4c5ccccc5c5cc(-c6ccc7sc8ccccc8c7c6)ccc54)cc3)n2)cc1,Cc1ccccc1,433.0
3273,O=[N+]([O-])c1cccc2c1ccc1[n+]2[B-](F)(F)n2c-1cc1c3ccccc3c3ccccc3c12,ClCCl,633.0
7227,COc1nc(Cl)nc(Nc2ccc3c4cccc5cccc(c6cccc2c63)c54)n1,CCOC(C)=O,477.0
3683,CC(C)c1ccc2ccc3c(C(C)C)ccc4ccc1c2c43,CCCCCC,380.0
6674,CCn1c2ccccc2c2cc(C#Cc3cc(C#Cc4ccc5c(c4)c4ccccc4n5CC)ncn3)ccc21,CCOC(C)=O,445.0
6807,O=C1OC(=O)C2=C1S[C@]13C2=C[C@H](c2ccccc21)c1ccccc13,ClCCl,514.0
11939,CN(C)c1ccc(/C=C/c2ncc3ccccc3n2)cc1,CC#N,582.0
1316,CC1=CC(C)=[N+]2C1=Cc1c3ccccc3c(C#Cc3ccsc3)n1[B-]2(F)F,CCCCCC,615.0
3225,COc1cc(/C=C2/SC(=O)NC2=O)cc(OC)c1O,C1CCCCC1,408.0
1072,c1cc2ccc3cccc4c(-c5cc(-c6nccs6)nc(-c6nccs6)c5)cc(c1)c2c34,CC#N,458.0
4815,CCNc1ccc2c(C(F)(F)F)cc(=O)oc2c1,CC#N,485.0
10355,CC(C)(C)c1cc2ccc3cc(C(C)(C)C)cc4c3c2c(c1)c(=O)n1c4nc2c3cc(C(C)(C)C)cc4ccc5cc(C(C)(C)C)cc(c5c43)c21,CC(C)=O,544.0
9852,CN(C)c1ccc2nc(/C=C/c3cc4c5c(c3)CCCN5CCC4)c(=O)oc2c1,CCCCCCC,540.0
5752,CN(C)c1ccc(/C=C/C(=O)O)cc1,CCCCO,439.0
11204,COc1ccc(-c2nnc(-c3cc(-c4nnc(-c5ccc(OC)cc5)o4)c(-n4c5ccccc5c5ccccc54)cc3-n3c4ccccc4c4ccccc43)o2)cc1,Cc1ccccc1,428.0
4616,COc1cc(S(=O)(=O)[O-])c2ccc3c(S(=O)(=O)[O-])cc(S(=O)(=O)[O-])c4ccc1c2c43,CCO,408.997955
3097,O=C1c2ccccc2C(=O)N1c1ccc(Cn2cncn2)cc1,C1COCCO1,313.0
11563,N#Cc1cccc(N)c1,CC#N,369.4461351
6869,Cc1cc(C)c(B(c2c(C)cc(C)cc2C)c2cc3cccc4c(B(c5c(C)cc(C)cc5C)c5c(C)cc(C)cc5C)cc5cccc2c5c34)c(C)c1,CCCCCC,419.0
1300,CCC1=C(C)c2cc3[nH]c(cc4nc(c5c6[nH]c(cc1n2)c(C)c6C(=O)C5)[C@@H](CCC(=O)OC)[C@@H]4C)c(C)c3/C=C/[N+](=O)[O-],ClCCl,720.0
7285,O=C1Nc2ccccc2/C1=C/C(=O)c1ccccc1,ClCCl,398.0
6284,COc1ccc(-c2nc3c(c4c2-c2ccc(C#N)cc2CC4)-c2ccc(C#N)cc2CC3)cc1,CC#N,430.0
10866,COc1ccc(C#Cc2nc3ccccc3nc2-c2cn(C)c3ccccc23)cc1,CC#N,518.0
5495,CCN(CC)c1ccc2cc(-c3ccc(C(F)(F)F)cc3)oc(=O)c2c1,CN(C)C=O,462.0
5291,O=c1oc2ccc(Br)cc2cc1-c1cc2cc(Br)ccc2o1,CS(C)=O,444.0
9600,N#CC1=C(c2ccc(-c3cccs3)s2)CCC1,CCO,443.0
10037,C(#Cc1nc2ccccc2s1)c1ccc(N(c2ccccc2)c2ccccc2)cc1,Cc1ccccc1,437.0
1798,CN(C)c1nc(N)nc2c1nc(C#N)n2Cc1ccccc1,CC#N,378.0
9667,CC(C)(C)c1ccc2c(c1)c1cc(C(C)(C)C)ccc1n2-c1ccccc1-c1nc(-c2ccccc2-n2c3ccc(C(C)(C)C)cc3c3cc(C(C)(C)C)ccc32)nc(-c2ccccc2P(=O)(c2ccccc2)c2ccccc2)n1,C1CCOC1,512.5385406
5203,COC(=O)C(Cc1ccc2oc(-c3ccc(Nc4ccccc4)cc3)nc2c1)NC(=O)OC(C)(C)C,CC1COC(=O)O1,457.4983988
8227,CC(C)(C)c1ccc2c(c1)c1cc(C(C)(C)C)cc3c1n2-c1cc(-c2ccccc2F)cc2c1B3c1cc(C(C)(C)C)cc3c4cc(C(C)(C)C)ccc4n-2c13,Cc1ccccc1,499.7649824
5047,CC1(C)CC(=O)C2=C(C1)Oc1ccc3cc(O)ccc3c1C2c1ccccn1,CCO,377.0
6441,c1ccc(-c2nc(-c3ccc(-c4ccc(-n5c6ccccc6c6ccccc65)cc4)cn3)oc2-c2ccccc2)cc1,Cc1ccccc1,404.0
8636,c1ccc(-c2c3ccccc3c(-c3ccccc3)c3ccccc23)cc1,C1CCCCC1,430.0
8105,COc1ccc2cc(/C=C/c3nc(/C=C/c4ccc(N(c5ccccc5)c5ccccc5)cc4)cc(/C=C/c4ccc(N(c5ccccc5)c5ccccc5)cc4)n3)ccc2c1,CS(C)=O,585.0
2359,CCC1=C(C)C2=C(c3c(C)cc(C)nc3-c3cccs3)c3c(C)c(CC)c(C)n3[B-](F)(F)[N+]2=C1C,CCOC(C)=O,550.0
11500,O=C1c2ccccc2NCN1Cc1ccccc1,CC#N,416.0
3654,CCCCc1ccc2ccc3cccc4ccc1c2c34,CCCCCC,377.0
7052,COc1cccc(C2=c3c(c4ccc(C(C)(C)C)cc4c4cc(C(C)(C)C)ccc34)=[N+]3C2=C(c2ccccc2)c2c(-c4cccc(OC)c4)c4c5ccc(C(C)(C)C)cc5c5cc(C(C)(C)C)ccc5c4n2[B-]3(F)F)c1,ClCCl,737.0
1286,CCCCc1c2ccccc2c(-c2ccc(-c3nc4cc(CC(NC(=O)OC(C)(C)C)C(=O)OC)ccc4o3)cc2)c2ccccc12,C1CCOC1,427.9997432
11179,COc1cc(OC)cc(-c2nnc(-c3cccc(-c4nnc(-c5cc(OC)cc(OC)c5)o4)c3)o2)c1,ClCCl,374.0
4445,Nc1ccc2cc3ccccc3cc2c1,C1CCCCC1,488.997555
2137,COc1ccc(N2c3cc(OC)ccc3N=c3cc4c(cc32)=Nc2cc(C(C)(C)C)cc(C(C)(C)C)c2O4)cc1,CC#N,624.0
6787,CC(C)(C)c1ccc(-c2nc3c4ccccc4c4ccccc4c3n2-c2ccc(C(C)(C)C)cc2)cc1,C1COCCO1,389.0
9873,c1cc2ccc3ccc(OP4(Oc5ccc6ccc7cccc8ccc5c6c78)=NP(Oc5ccc6ccc7cccc8ccc5c6c78)(Oc5ccc6ccc7cccc8ccc5c6c78)=NP(Oc5ccc6ccc7cccc8ccc5c6c78)(Oc5ccc6ccc7cccc8ccc5c6c78)=N4)c4ccc(c1)c2c34,ClCCl,459.0
11955,Cc1nc(-c2ccccc2)c2ccccn12,CC#N,467.0
10695,CSc1cc(-c2cc3cc4c5c(c3oc2=O)CCCN5CCC4)oc(=O)c1C#N,CN(C)C=O,612.0
10982,CCCCN1/C(=C\C=C\C=C\C2=[N+](CCCC)c3ccc4cc(Br)ccc4c3C2(C)C)C(C)(C)c2c1ccc1cc(Br)ccc21,ClCCl,716.0
6894,CCN(CC)/C(C)=N\c1ccc2c3c(cccc13)C(=O)c1ccccc1-2,ClC(Cl)(Cl)Cl,567.0
9884,O=C1c2ccccc2-c2ccccc21,c1ccccc1,485.0
10500,COc1ccc2nc(/N=N/c3ccc(N(C)C)cc3)sc2c1,CC#N,574.0
8564,c1ccc2c(-c3ccc(-c4nnc(-c5ccc(-c6nnc(-c7ccc(-c8cccc9ccccc89)s7)o6)cc5)o4)s3)cccc2c1,C1COCCO1,434.0
7151,O=c1oc2ccccc2cc1-c1nc2ccccc2o1,OCCO,447.0
963,c1ccc(-c2nc(-c3ccc(N4c5ccccc5C(c5ccccc5)(c5ccccc5)c5ccccc54)cc3)cc(-c3ccc(N4c5ccccc5C(c5ccccc5)(c5ccccc5)c5ccccc54)cc3)n2)cc1,Cc1ccccc1,456.0
6012,CCCCCCC(CCCCCC)N1C(=O)c2cccc3c(-c4ccccc4)ccc(c23)C1=O,CCCCCCCCCCCO,420.6
4882,CCCCCCN(c1ccccc1)c1ccc2c(c1)C(CC)(CC)c1cc(/C=C/c3ccc(/C=C(\C#N)C(=O)O)s3)ccc1-2,CCOC(C)=O,654.0
140,CN(C)c1ccc(/C=C/C=C2\CCCC2=O)cc1,c1ccncc1,542.0
11059,CCCCCCC(CCCCCC)N1C(=O)c2cccc3c(-c4ccc(OC)c5ccccc45)ccc(c23)C1=O,ClC(Cl)Cl,509.7
8906,CN(C)C(=O)c1ccc(-c2nc3ccc(N(C)C)cc3s2)cc1,C1CCCCC1,415.0
6936,CC(C)CCCCN1CCc2c1ccc1c3c(ccc21)C(=O)CCC3,CC#N,489.0
6542,COc1cc(C(=O)O)ccc1O,CC#N,330.0
5243,Cc1ccc(C2=C3C=CC(Cl)=[N+]3[B-](F)(F)n3c(Cl)ccc32)cc1,C1CCOC1,523.0
10030,F[B-]1(F)n2c(c3cccc4cccc2c43)=Nc2cccc(Cl)[n+]21,Cc1ccccc1,503.0
4431,F[B-]1(F)N(c2ccccc2)C=Cc2cccc[n+]21,CC#N,555.0
10316,CC(C)(C)c1ccc(C(C)(C)C)c(N2C(=O)c3cccc4c(-c5ccc(-c6ccc([N+](=O)[O-])cc6)s5)ccc(c34)C2=O)c1,Cc1ccccc1,479.0
406,Cc1ccc(N(c2ccc(C)cc2)c2ccc(-c3c4ccccc4c(-c4ccc(N(c5ccc(C)cc5)c5ccc(C)cc5)cc4)c4nsnc34)cc2)cc1,ClCCl,706.0
8212,Cc1cc(-c2ccccc2)nc2c1ccc1nc(-c3ccccc3)cn12,c1ccccc1,451.0
9196,CN(C)c1ccc(-c2ccc(-c3nc(C#N)c(C#N)n3C)cc2)cc1,ClC(Cl)Cl,464.0
10252,C(=C/c1ncnc2ccccc12)\c1ccc(-c2ccc(N(c3ccccc3)c3ccccc3)cc2)cc1,C1CCOC1,572.0
10572,CCCCCCCCCCCCOc1cc2cc(N(C)C)ccc2cc1C=O,ClCCl,469.0
9135,CC(C)c1cccc(C(C)C)c1-n1c(=O)c2ccc3c4ccc5c(=O)n(-c6c(C(C)C)cccc6C(C)C)c(=O)c6cc7c(-c8ccccn8)nc8cc(c1=O)c2c3c8c7c4c56,ClC(Cl)Cl,485.0
8234,COc1ccc(C2=[N+]3C(=Nc4c(-c5cc(OC)c(OC)c(OC)c5Br)c(-c5ccc(C(C)(C)C)cc5)c(-c5ccc(OC)cc5)n4[B-]3(F)F)C(c3cc(OC)c(OC)c(OC)c3Br)=C2c2ccc(C(C)(C)C)cc2)cc1,Cc1ccccc1,740.0
4399,Oc1ccc2ccccc2c1-c1nc(-c2ccccc2)c2ccccn12,O,440.0
5252,O=[N+]([O-])c1ccc(/C=C/c2c[nH]c3ccccc23)cc1,CC#N,642.0
11,CCN(CC)c1ccc(-n2cccc2)cc1,CC#N,337.0
4760,CCN(CC)c1ccc2c(C#N)c(/C=C(\C#N)c3nc4ccccc4o3)c(=O)oc2c1,Cc1ccccc1,634.0
1177,CN(C)c1ccc(/C=C/c2nc3ccc(Br)cc3nc2-c2ccccc2)cc1,C1COCCO1,555.0
10139,CC[N+]1=C(/C=C/c2ccc3ccc4cccc5ccc2c3c45)C(C)(C)c2ccccc21,C1CCOC1,626.0
2863,CC1(C)c2ccccc2N(c2cccc(S(=O)(=O)c3cccc(N4c5ccccc5C(C)(C)c5ccccc54)c3)c2)c2ccccc21,CCCCC(CC)n1c2ccc(-n3c4ccccc4c4ccccc43)cc2c2cc(-n3c4ccccc4c4ccccc43)ccc21,509.2797784
6471,c1ccc(-c2nc3c(c4c2-c2ccccc2CC4)-c2ccccc2CC3)cc1,CCOC(C)=O,359.0
6228,CCCCC(CC)Cn1c2ccccc2c2ccc(-n3c4ccccc4c4ccccc43)cc21,C1CCOC1,373.0
9218,CC1=CC(C)=[N+]2C1=C(c1ccc(N3CCOCC3)cc1)c1c(C)cc(C)n1[B-]2(F)F,C1CCOC1,514.0
2989,c1csc(-c2cccs2)c1,ClCCl,359.0
9153,Cc1ccc2nc3c(=O)[nH]c(=O)[nH]c3nc2c1,CC#N,426.0
7117,CC(C)(C)c1cccc2c1oc1nc3oc4ccc(-n5c6ccccc6c6ccccc65)cc4c3cc12,ClC(Cl)Cl,419.0
7010,C1=C(c2ccccc2)C=C(c2ccccc2)/C1=C/C1CCCCC1,C1CCOC1,420.0
11767,CCCCCCCCCCCCn1cccc1/C=C/c1ccc(OCCCC)c2c(/C=C/c3cccn3CCCCCCCCCCCC)ccc(OCCCC)c12,Cc1ccccc1,490.0
8927,CCn1c2ccccc2c2cc(/C=C/C(=O)c3ccc4c(c3)c3cc(C(=O)/C=C/c5ccc6c(c5)c5ccccc5n6CC)ccc3n4CC)ccc21,CN(C)C=O,487.0
1440,O=[N+]([O-])c1ccc(-c2nc3c(c4c2-c2ccccc2CC4)-c2ccccc2CC3)cc1,ClCCl,540.0
11949,CC(C)(C)c1ccc(-c2nnc(-c3ccc4ccc5cccc6ccc3c4c56)o2)cc1,CCCCCC,418.0
2875,CC1=N/C(=C\c2cccc(N(C)C)c2)C(=O)N1CCO,C1CCOC1,585.0
9108,C(=C/c1cccc2ccccc12)\c1ccc(-c2nnc(-c3ccc(-c4cc5ccccc5s4)cc3)o2)cc1,CCCO,441.0
11142,CNc1cccc2c1-c1ccccc1C2=O,CCO,686.0
10778,Cc1ccc(OCc2cc(=O)oc3c2ccc2ccccc23)cc1,C1CCOC1,423.0
7232,CN(C)CCNc1ccc([N+](=O)[O-])cc1[N+](=O)[O-],CO,389.0
3726,O=C(N/N=C/c1ccccc1O)c1cc2ccccc2cc1O,CC#N,360.0
2772,FC(F)(F)c1ccc(C#Cc2cc(C#Cc3ccc(C(F)(F)F)cc3)c3ccc4c(C#Cc5ccc(C(F)(F)F)cc5)cc(C#Cc5ccc(C(F)(F)F)cc5)c5ccc2c3c54)cc1,ClCCl,491.0
9816,CC(C)(C)c1ccc(-c2nc3c4ccc(-c5ccc6ccc7cccc8ccc5c6c78)cc4c4cc(-c5ccc6ccc7cccc8ccc5c6c78)ccc4c3n2-c2ccc(C(C)(C)C)cc2)cc1,Cc1ccccc1,433.0
454,CC(C)(C)N1C(=O)c2c(cc3ccc4cccc5ccc2c3c45)C1O,ClC(Cl)Cl,386.0
9013,O=P(c1ccccc1)(c1ccc(N2c3ccccc3Oc3ccccc32)cc1)c1ccc(N2c3ccccc3Oc3ccccc32)cc1,C1CCOC1,504.6998867
8189,O=c1c2ccccc2n(-c2ccc(-c3ccc(-n4c5ccccc5c(=O)c5ccccc54)cc3)cc2)c2ccccc12,ClCCl,405.0
1367,CSc1cc(-c2cc3cc4c5c(c3oc2=O)CCCN5CCC4)oc(=O)c1C#N,CO,601.0
3712,CC1(C)C(/C=C/C2=C(Oc3ccc(CCN=C=S)cc3Br)/C(=C/C=C3/N(CCCS(=O)(=O)[O-])c4ccccc4C3(C)C)CCC2)=[N+](CCCS(=O)(=O)[O-])c2ccccc21,CO,798.0
12082,CCC[n+]1ccc(/C=C/c2ccc(N(C)C)cc2)cc1,CCO,576.0
1388,COc1cc(/C=C/c2nc3ccccc3o2)c(OC)cc1/C=C/c1nc(C)nc(/C=C/c2cc(OC)c(/C=C/c3nc4ccccc4o3)cc2OC)n1,CC#N,502.0
9042,CCCC1(CCC)c2cc(-c3ccc(-c4ccc(OC)cc4)o3)ccc2-c2ccc(-c3ccc(-c4ccc(OC)cc4)o3)cc21,C1CCCCC1,425.0
1000,CCOC(=O)C1=C(C(=O)OCC)C2(c3ccccc3-c3ccccc32)[C@@H](c2ccc(Cl)cc2)C=C2c3cc(OC)c(OC)cc3CCN21,ClCCl,445.0
7761,C[Si](C)(C)[Si](C)(C)c1ccc2cc3ccccc3cc2c1,C1CCCCC1,411.0
3553,CN(C)CCN(Cc1c2ccccc2c(CN(CCN(C)C)c2ccc([N+](=O)[O-])cc2[N+](=O)[O-])c2ccccc12)c1ccc([N+](=O)[O-])cc1[N+](=O)[O-],CC#N,389.0
4114,COc1ccc(N(c2ccccc2)c2ccc(OC)cc2)cc1,Cc1ccccc1,387.0
9829,COc1ccc(/C=C/c2ccccc2)cc1,CCCCOCCCC,367.0
1667,COc1ccc(C2=[N+]3C(=C(c4ccc(C#N)cc4)c4cc(Cl)c(-c5ccc(OC)cc5)n4[B-]3(F)F)C=C2Cl)cc1,CC#N,636.0
3173,Cc1c(C(=O)c2ccccc2Cl)c2ccc3cccc4c5cccc6ccc1c(c65)c2c34,ClCCl,482.0
9539,N#Cc1c(-c2ccccc2)cc(-c2ccccc2)[nH]c1=S,CCOCC,518.0
11521,c1ccc(-c2nn(-c3ccccc3)c3nc4ccc(N(c5ccccc5)c5ccccc5)cc4cc23)cc1,C1CCOC1,524.6589717
488,CCCCC(CC)COc1ccc2nc(-c3ccc(-c4ccc(OC)cc4)s3)sc2c1,ClCCl,434.0
3230,COc1ccc(N(c2ccc(OC)cc2)c2ccc(-c3ccc(-c4ccc5nc6ccccc6c(=O)n5c4)cc3)cc2)cc1,ClCCl,557.0
3828,COc1nc(Nc2ccc3c4c(cccc24)C(=O)c2ccccc2-3)nc(OC)n1,CC#N,554.0166205
10605,CC(C)[Si]1(C(C)C)c2cc(C=C(C#N)C#N)ccc2-c2ccc(N(C)C)cc21,C1CCCCC1,509.0
5208,COC(=O)c1ccc(C2=C3C=c4sccc4=[N+]3[B-](F)(F)n3c2cc2sccc23)cc1,ClCCl,604.0
7848,O=C(/C=C/c1cn(-c2ccccc2)nc1-c1ccccc1)c1c(O)c2ccccc2oc1=O,Cc1ccccc1,480.0
5704,CC(C)(C)c1cc2c(c(C(C)(C)C)c1)O[B-](F)(F)[n+]1c-2[nH]c(=O)c2ccccc21,CC#N,455.0
11824,COc1c2ccccc2c(OC)c2c1c1cc(Cl)ccc1n2C,C1CCCCC1,421.0
8133,COc1cc(OC)cc(-c2ccc(-c3ccc(C#N)s3)s2)c1,ClCCl,442.0
703,COc1ccc(-c2cc3c(s2)=CC2=C(C(F)(F)F)c4cc5sc(-c6ccc(OC)cc6)cc5n4[B-](F)(F)[N+]=32)cc1,C1CCOC1,754.0
5105,N#C/C(=C\c1ccc(C#N)cc1)c1nc(-c2ccccc2)c(-c2ccccc2)s1,CC#N,527.0
10899,COC(=O)C1=C(C(=O)OC)C2(c3ccccc3-c3c(C(=O)OC)cccc32)[C@@H](c2ccc(Cl)cc2)C=C2c3cc(OC)c(OC)cc3CCN21,ClCCl,439.0
3291,Cc1ccc(-c2c3nc(c(-c4ccco4)c4ccc(s4)c(-c4ccco4)c4nc(c(-c5ccc(C)cc5)c5ccc2[nH]5)C=C4)C=C3)cc1,ClCCl,717.0
8125,CC1(C)c2ccccc2N(c2ccc3c(c2)C(C)(C)c2cc(N4c5ccccc5C(C)(C)c5ccccc54)ccc2S3(=O)=O)c2ccccc21,C1CCOC1,473.0994152
9519,CCC1=C(C)C2=Cc3cccn3[B-](F)(F)[N+]2=C1C,CCO,517.0
11813,CCc1ccc(-c2ccc(-c3nnc(-c4ccc(-c5nnc(-c6ccc(-c7ccc(CC)cc7)s6)o5)cc4)o3)s2)cc1,CCCCCCO,400.0
11046,CCCCC(CC)Cn1c2ccccc2c2cc(-c3ccc4c(c3)S(=O)(=O)c3cc(-c5ccc6c(c5)c5ccccc5n6CC(CC)CCCC)ccc3-4)ccc21,ClC(Cl)Cl,458.0
4909,NC(=O)CC[C@H](/[NH+]=C\C=C1\C=C(C(=O)O)N[C@H](C(=O)O)C1)C(=O)O,OCC(F)(F)F,501.0
4440,COc1ccc(-c2ccc3c(c2)c2cc(-c4ccc(OC)cc4)ccc2n3-c2ccc(C(=O)c3ccc4sc5ccccc5c4c3)cc2)cc1,Cc1ccccc1,460.8695652
11189,O=C(O)c1ccccc1Nc1cccc(C(F)(F)F)c1,ClC(Cl)Cl,426.0
986,CCC1(CC)c2cc(N(C)C)ccc2-c2ccc(C(F)(F)F)cc21,c1ccccc1,374.0
11318,COc1cc(Br)cc2cc(-c3cc4cc(Br)cc(OC)c4oc3=O)oc12,Cc1ccccc1,430.0
11097,CC(=O)c1ccc(NC(=O)c2ccc(N(C)C)cc2)cc1,CCOCC,470.0
7705,CCCCCCCCCCCCC(CCCCCCCCCC)Cn1c2cc(C=C(C#N)C#N)c3cccc4c5cccc6c(C=C(C#N)C#N)cc1c(c65)c2c34,C1CCCCC1,603.0
6257,CC(C)(C)c1ccc(-c2c(-c3ccc(-n4c5ccccc5c5ccccc54)cc3)c(C#N)c(-c3ccc(-n4c5ccccc5c5ccccc54)cc3)c(-c3ccc(C(C)(C)C)cc3)c2-c2ccc(C(C)(C)C)cc2)cc1,C1CCOC1,406.0
6089,O=[N+]([O-])c1ccc2c(ccc3[n+]2[B-](F)(F)n2c-3cc3c4ccccc4c4ccccc4c32)c1,ClCCl,631.0
5238,c1ccc(-c2cc(-c3ccc(N(c4ccccc4)c4ccccc4)cc3)cc(-c3ccccc3)n2)cc1,CCCCCC,393.0
1198,COc1ccc2oc(-c3cc4cc(OC)ccc4oc3=O)cc2c1,CS(C)=O,484.0
9710,CCn1c2ccccc2c2c3nsnc3c3c4ccccc4n(CC)c3c21,ClCCl,497.0
11107,CCCCC1(c2ccccc2)Nc2c(-c3ccc(N(c4ccccc4)c4ccccc4)cc3)ccc(-c3ccc(N(c4ccccc4)c4ccccc4)cc3)c2N=C1c1ccccc1,C1CCOC1,554.0
7519,F[B-]1(F)n2c(Nc3cccc4cccnc34)ccc2C(c2ccccc2)=C2C=CC(Cl)=[N+]21,Cc1ccccc1,586.0
6812,CC(C)(C)c1ccc(C2=C(c3ccc(C(C)(C)C)cc3)[Si](c3ccccc3)(c3ccccc3)c3ccccc32)cc1,C1CCOC1,447.0
9991,CCCCC1(CCCC)c2cc(C#Cc3ccc(C=C4c5ccccc5C=Cc5ccccc54)cc3)ccc2-c2ccc(C#Cc3ccc(C=C4c5ccccc5C=Cc5ccccc54)cc3)cc21,C1CCOC1,405.0
9206,Cc1cc(=O)oc2ccc3ccc(-c4cn(Cc5ccccc5)nn4)cc3c12,CCO,420.0
8320,CC1=CC2=Nc3nc(C)[n+](C)cc3CN2C=C1,CCO,433.0
9556,N#Cc1nc2c3ccc(N(c4ccccc4)c4ccccc4)cc3c3cc(N(c4ccccc4)c4ccccc4)ccc3c2nc1C#N,CCCCCC,515.2712264
10225,Cc1ccc(C(=O)NN2C3=C(CC4=C2CCCC4=O)C(=O)CCC3)cc1,CC#N,343.0
7175,Cc1cccc2c3ccccc3n(-c3ccc(-c4c(-c5ccccc5)c(C#N)c(C#N)c(-c5ccccc5)c4-c4ccc(-n5c6ccccc6c6cccc(C)c65)cc4)cc3)c12,O=P(c1ccccc1)(c1ccccc1)c1ccc2oc3ccc(P(=O)(c4ccccc4)c4ccccc4)cc3c2c1,450.0
4470,CC1(C)c2ccccc2N(c2ccccc2)c2ccc(-c3ccc(C(=O)c4ccc(-c5ccc6c(c5)C(C)(C)c5ccccc5N6c5ccccc5)cc4)cc3)cc21,Cc1ccccc1,449.7159091
891,Cc1cc(C)cc(NC(=O)c2sc(Br)nc2C)c1,C1CCOC1,413.2
1969,CCCCc1c2ccccc2c(-c2ccc(-c3nc4cc(CC(NC(=O)OC(C)(C)C)C(=O)OC)ccc4o3)cc2)c2ccccc12,CCCCO,448.5008858
5757,CCC1=C(C)C2=C(C)c3c(C)c(-c4csc(N5CCOCC5)n4)c(C)n3[B-](F)(F)[N+]2=C1C,Cc1ccccc1,597.0
6527,CC(C)(C)c1cc2ccc3cc(C(C)(C)C)cc4c3c2c(c1)c(=O)n1c4nc2c3cc(C(C)(C)C)cc4ccc5cc(C(C)(C)C)cc(c5c43)c21,ClC(Cl)(Cl)Cl,520.0
6294,Cc1cc(C(F)(F)F)nc2c1ccc1nc(-c3ccc(Cl)cc3)cn12,ClCCl,455.0
7595,c1ccc2c(-c3cncnc3)c3ccccc3c(-c3cncnc3)c2c1,CCO,417.0
9110,O=C1Nc2ccccc2/C1=C/C(=O)c1ccccc1,C1CCCCC1,374.0
3249,Cc1nc2c(ccc3c2sc(/C=C/c2ccc(N4CCN(C)CC4)cc2)[n+]3C)s1,CO,602.0
6570,CCN1C(=CC=Cc2n(CC)c3cc(Cl)c(Cl)cc3[n+]2CC)N(CC)c2cc(Cl)c(Cl)cc21,CCCCO,534.0
6638,CN1CCN(c2ccc3c4c(cccc24)C(=O)c2ccccc2-3)CC1,CS(C)=O,624.0
7351,N#CC(C#N)=Cc1cn(-c2ccccc2)nc1-c1ccccc1,CO,426.0
11237,CCN(CC)c1ccc2cc3ccc(=[N+](CC)CC)cc-3oc2c1,CN(C)C=O,532.0
9400,COc1ccc(C2=C3C(C)=CC(C=Cc4ccc(C(=O)OC5C[C@H]6CCC5(C)C6(C)C)cc4)=[N+]3[B-](F)(F)n3c(C)cc(C)c32)cc1,Cc1ccccc1,627.0
7473,Fc1ccc(N(c2ccccc2)c2ccc3ccc4c(N(c5ccccc5)c5ccc(F)cc5)ccc5ccc2c3c54)cc1,ClCCl,470.0
11285,Cc1ccc(-c2cc(-c3ccc(C)cc3)c(C#N)c(=O)[nH]2)cc1,CC#N,443.0
10633,CN(C)c1ccc(C2=[N+]3C(=Nc4c(-c5ccc(O)cc5)cc(-c5ccc(N(C)C)cc5)n4[B-]3(F)F)C(c3ccc(O)cc3)=C2)cc1,C1CCOC1,815.0
1239,CCN(CC)c1ccc2cc(/C(Cl)=C/C=C/C(=C(C#N)C#N)c3ccc4c(c3)c3ccccc3n4CC)c(=O)oc2c1,CS(C)=O,743.0
2289,CCOC(=O)/C(C#N)=C\c1ccc2c(c1)c1ccccc1n2-c1ccc(OC)cc1,C1CCOC1,460.0
2740,N#Cc1ccc(C#Cc2ccc3ccc4ccc(C#Cc5ccc(C#N)cc5)c5ccc2c3c45)cc1,Cc1ccccc1,446.4
8467,CN1/C(=C/C=C(/C=C/C2=[N+](C)c3ccccc3C2(C)C)c2cc(F)cc(F)c2)C(C)(C)c2ccccc21,CO,655.0
4585,CCC1=C(C)C2=C(c3c4ccccc4cc4ccccc34)c3c(C)c(CC)c(C)n3[B-](F)(F)[N+]2=C1C,Cc1ccccc1,544.0
9227,CN(C)c1cc(C#N)c(N(C)C)c(C#N)c1,CC(C)OC(C)C,503.0181087
1229,N#Cc1cc(-n2c3ccccc3c3ncccc32)c(-n2c3ccccc3c3ncccc32)cc1C#N,CCCCCC,443.7209302
9200,CN(C)c1ccc(C#Cc2ccc(-c3nc(C#N)c(C#N)n3C)cc2)cc1,CC#N,514.0
6980,N#Cc1c(-n2c3ccccc3c3ccccc32)c(-n2c3ccccc3c3ccccc32)cc(-n2c3ccccc3c3ccccc32)c1-n1c2ccccc2c2ccccc21,ClCCl,456.6381156
5178,Oc1ccc(/N=C/c2ccccc2Oc2ccccc2)cc1,ClCCl,414.0
4293,O=c1oc2ccccc2cc1-c1cc2ccccc2o1,O,475.0
1058,C(=C/c1cnc2ccccc2n1)\c1ccc(N(c2ccccc2)c2ccccc2)cc1,CS(C)=O,598.0
6262,c1ccc2c(c1)cc(-c1cc(-c3nccs3)nc(-c3nccs3)c1)c1ccccc12,CC#N,403.0
281,O=C1CCCC2=C1CC1=C(CCCC1=O)N2NC(=O)c1ccc(O)cc1,CC#N,434.0
9235,CN(CCO)c1ccc(/C=C/C2=CC(=C(C#N)C#N)CC(C)(C)C2)cc1,ClCCl,634.0
9508,CC/[NH+]=c1\cc2oc3cc(NCCC(=O)NCCCCC(NC(C)=O)C(=O)OC)c4ccccc4c3nc-2cc1C,O,654.0
968,CC1(C)CC(=O)c2ccc(F)cc2N1,CCO,461.0
3953,COc1ccc(C(=O)/C=C2\C(=O)Nc3ccccc32)c(OC)c1,CO,420.0
1939,F[Si](c1ccccc1)(c1ccccc1)c1c2ccccc2cc2ccccc12,ClC(Cl)Cl,426.0
10362,CC(=O)c1nc(-c2ccc(N(c3ccccc3)c3ccccc3)cc2)oc1C,CCCCCC,385.0
1274,CCCCn1c(-c2ccc(-c3nnc(-c4ccc5ccccc5c4)o3)cc2)nc2c3ccccc3c3ccccc3c21,ClCCl,448.0
619,O=P(c1ccccc1)(c1ccccc1)n1c2ccccc2c2cc(-n3c4ccccc4c4ccccc43)ccc21,ClCCl,380.0
10418,CN1C(=O)/C(=C/c2ccncc2)N=C1/C=C/c1ccncc1,O,542.0
1742,Cc1cc(N2c3ccccc3[Si](c3ccccc3)(c3ccccc3)c3ccccc32)c(C)cc1-c1nc(-c2ccccc2)nc(-c2ccccc2)n1,O=P(c1ccccc1)(c1ccccc1)c1ccccc1Oc1ccccc1P(=O)(c1ccccc1)c1ccccc1,465.0
1390,CCCCOc1ccc(-c2cc3c(o2)c(-c2ccc(OCCCC)cc2)c2n3[B-](F)(F)[N+]3=Cc4c(-c5ccc(OCCCC)cc5)c5oc(-c6ccc(OCCCC)cc6)cc5n4[B-](F)(F)[N+]3=C2)cc1,CN(C)C=O,667.0
2203,CCCCCCC(CCCCCC)N1C(=O)c2cccc3c(-c4ccc(OC)c5cccc(C)c45)ccc(c23)C1=O,CCCCO,570.1
9771,O=P(c1ccccc1)(c1ccccc1)n1c2ccccc2c2cc(-n3c4ccccc4c4cc(-n5c6ccccc6c6ccccc65)ccc43)ccc21,ClCCl,381.0
9847,CC(C)(C)c1ccc2c3c(c4ccc(C(C)(C)C)cc4c2c1)=[N+]1C(=C(c2ccccc2)c2cc4c5ccc(C(C)(C)C)cc5c5cc(C(C)(C)C)ccc5c4n2[B-]1(F)F)C=3,C1CCOC1,713.0
3568,Cc1cc2ccc(-c3cccc4cccc(-c5ccc6cc(C)c(=O)oc6c5)c34)cc2oc1=O,c1ccccc1,398.0
6116,CC(C)[Si](C#Cc1c2cc3ccccc3cc2c(C#C[Si](C(C)C)(C(C)C)C(C)C)c2nc3cc4c(cc3nc12)C1c2ccccc2C4c2ccccc21)(C(C)C)C(C)C,ClCCl,718.0
12225,c1ccc(-c2nc(-c3ccccc3)nc(-c3cc(-n4c5ccccc5c5ncccc54)c(-n4c5ccccc5c5ccccc54)c(-n4c5ccccc5c5ncccc54)c3)n2)cc1,Cc1ccccc1,464.8837209
6052,COc1cc2cc(OC)c(C#Cc3ccc([N+](=O)[O-])cc3)cc2cc1C#Cc1ccc([N+](=O)[O-])cc1,C1CCOC1,514.0
3178,CC(=O)Nc1ccc2c3cccc4cccc(c5cccc1c52)c43,CCCCOCCCC,471.0
3192,COC(=O)C(Cc1ccc2oc(-c3ccc(N(C)c4ccccc4)cc3)nc2c1)NC(=O)OC(C)(C)C,CCCCCC,402.4954719
9499,CC1=C2c3ccccc3C(c3[nH]c(C)cc3C)=[N+]2[B-](F)(F)n2c(C)cc(C)c21,CCCCCC,619.0
6099,COc1cc2c(cc1-c1ccccc1)Cc1c3c(c4c(c1-2)-c1cc(OC)c(-c2ccccc2)cc1C4)C(=O)N(CCC(C)C)C3=O,ClCCl,489.0
7029,CC1(C)Nc2cc(Cl)ccc2-c2[nH]c3ccccc3c(=O)c21,CC#N,496.0
575,CCN(CC)/C(C)=N\c1ccc2c3c(cccc13)C(=O)c1ccccc1-2,CO,670.0
6656,Cc1ccc(C2CC(=O)Oc3c2c2nc4ccc(C)cc4nc2c2ccccc32)cc1,ClC(Cl)Cl,442.0
7115,Cn1c(=O)c(/N=N/c2ccc(Nc3ccc([N+](=O)[O-])cc3S(=O)(=O)O)cc2)c(O)c2ccccc21,CS(C)=O,622.0
10793,CCCCCCN(CCCCCC)c1ccc(C#Cc2c(F)c(F)c(F)c(F)c2F)cc1,ClCCl,502.0
6276,COc1ccc(NC(=O)C(C(=O)Nc2ccc(OC)cc2)C(c2ccccc2O)c2c(C)[nH]c3ccccc23)cc1,CS(C)=O,360.0
9472,CCN(CC)c1ccc(-c2nc3c(c4c2-c2ccccc2CC4)-c2ccccc2CC3)cc1,CO,461.0
11005,CCOC(=O)c1c(-c2cc3c(ccc4ccccc43)oc2=O)nn(-c2cccc(C)c2)c1C(=O)OCC,ClCCl,440.0
5897,COC(=O)C(Cc1ccc2oc(-c3ccc(Nc4ccccc4)cc3)nc2c1)NC(=O)OC(C)(C)C,CC(C)O,440.5092287
5724,COc1cc(C2=C(c3ccc(C(C)(C)C)cc3)C(c3ccc(C(C)(C)C)cc3)=[N+]3C2=Nc2c(-c4cc(OC)c(OC)c(OC)c4)c(-c4ccc(C(C)(C)C)cc4)c(-c4ccc(C(C)(C)C)cc4)n2[B-]3(F)F)cc(OC)c1OC,Cc1ccccc1,726.0
10185,CC(=O)c1c2c(cc3ccc(N(C)C)cc13)CCC2,C1CCCCC1,466.0
269,Fc1c(F)c(F)c([B-]2(c3c(F)c(F)c(F)c(F)c3F)Oc3c(ccc4c5c(ccc34)C=[N+](c3ccccc3)[B-](c3c(F)c(F)c(F)c(F)c3F)(c3c(F)c(F)c(F)c(F)c3F)O5)C=[N+]2c2ccccc2)c(F)c1F,C1CCOC1,578.0
629,c1ccc(-c2nc(-c3ccc(N(c4ccccc4)c4ccccc4)cc3)n3ccccc23)cc1,CC#N,492.0
3081,[O-]c1ccccc1/C=N/c1ccccc1/N=C/c1ccccc1[O-],C1CCOC1,490.0
3466,Cc1cc(-c2ccc(-n3c4ccccc4c4ccccc43)cc2)nc(-c2ccc(-c3ccccc3)cc2)n1,C1CCOC1,422.0
6430,COCCOCCOCCOCCOc1cc(C=O)c(OCCOCCOCCOCCOC)cc1C=O,CC(C)O,481.0
11415,CCCCCCCCC1(CCCCCCCC)c2cc(C#Cc3ccc(N(c4ccccc4)c4ccccc4)cc3)ccc2-c2ccc(C=O)cc21,C1CCOC1,495.0
7062,CCCCCCCCCCCCC(CCCCCCCCCC)Cn1c2cc(C=C(C#N)C#N)c3cccc4c5cccc6c(C=C(C#N)C#N)cc1c(c65)c2c34,ClCCl,635.0
11926,CN1c2ccc(C(=O)c3ccccc3)cc2Sc2cc(C(=O)c3ccccc3)ccc21,C1CCCCC1,499.0
5543,C=CCOC(=O)C(C#N)=C1C=C(/C=C/c2ccc(N(C)C)cc2)OC(/C=C/c2ccc(N(C)C)cc2)=C1,ClCCl,601.0
10238,Cc1cc(-c2ccccc2)cc(C)[o+]1,ClCCl,434.0
4356,CCC1(CC)c2cc(C=O)ccc2-c2ccc(N(C)C)cc21,CC#N,521.0
11166,Nc1ccc2c(c1)C(=O)NC2=O,O,540.0
2113,COc1ccc(-c2cc3c4c(c2)CCc2cc(-c5ccc(OC)cc5)cc(c2-4)CC3)cc1,C1CCOC1,390.2150538
8219,CCN(CC)c1ccc2cc3c([o+]c2c1)/C(=C/Nc1ccccc1)CCC3,ClC(Cl)Cl,642.0
10232,Cc1cc(C)c([B-]2(c3c(C)cc(C)cc3C)[O+]=P(c3ccccc3)(c3ccccc3)c3cc(-c4ccccc4)sc3-c3sc(-c4ccccc4)cc32)c(C)c1,C1CCOC1,488.0
3216,Cc1ccc(-c2ccc(/C=C/c3cccn3C)cn2)nc1,Cc1ccccc1,459.0
3814,Cc1ccc2nc(-c3cccc4nc(C)[nH]c(=O)c34)[nH]c2c1,CN(C)C=O,431.0
8321,CCCCN1C(=O)C(=C/C=C/C=C2N(CCCC)c3ccccc3N2CCCC)C(=O)N(CCCC)C1=S,CCO,573.0
10523,N#C/C(=C\c1cc(/C=C(\C#N)c2ccc(C(F)(F)F)cc2)c(-c2ccc(N(c3ccccc3)c3ccccc3)cc2)cc1-c1ccc(N(c2ccccc2)c2ccccc2)cc1)c1ccc(C(F)(F)F)cc1,CCCCCC,473.0
2278,c1ccc(-n2c3ccccc3c3c2c2ccccc2n3-c2ccccc2)cc1,Cc1ccccc1,376.0
4599,COC(=O)C(NC(=O)OC(C)(C)C)c1ccc2oc(-c3cc(OC)c(OC)c(OC)c3)nc2c1,CC1CCCCC1,345.0
13,CN(C)c1ccc(-c2ccc3c(=O)c(O)coc3c2)cc1,Cc1ccccc1,442.0
11307,CCC(C)(C)c1ccc2c(c1)C(CCOC)(CCOC)c1cc(-c3ccc(-c4ccc5c(c4)C(CCOC)(CCOC)c4cc(C(C)(C)CC)ccc4-5)cc3)ccc1-2,C1CCCCC1,380.0
1525,COc1ccc(/C=C/C=C/C=C/c2ccc([N+](=O)[O-])cc2)cc1,CS(C)=O,744.0
2365,Nc1ccc(-c2ccc(N)cc2)cc1,CN(C)C=O,403.0
4648,CN(C)c1ccc(-c2ccc(-c3cc(N4CCCCC4)c(C#N)c4c3-c3ccccc3CC4)cc2)cc1,CS(C)=O,538.0
374,F[Si](c1c2ccccc2cc2ccccc12)(c1c2ccccc2cc2ccccc12)c1c2ccccc2cc2ccccc12,ClC(Cl)Cl,434.0
10438,Oc1c(-c2nc3c4ccccc4c4ccccc4c3[nH]2)cc2c3c1CCCN3CCC2,CC#N,478.0
6477,CC(C)CCCCN1CCc2c1ccc1c3c(ccc21)CCCC3=O,CCC(C)=O,612.0
525,COc1ccc(-c2oc3cccc4c5c(-c6ccc(OC)c(OC)c6)/c(=N/S(=O)(=O)C(F)(F)F)oc6cccc(c2c34)c65)cc1OC,ClC(Cl)Cl,613.0
9131,Nc1ccc2c(c1)-c1ccccc1C2=O,C1CCCCC1,476.0
6895,CCOC(=O)CN(CC(=O)OCC)c1ccc(-c2cc(-c3ccccn3)nc(-c3ccccn3)c2)cc1,CN(C)C=O,458.0
10339,COc1cc(OC)cc(C2=C3C(C)=C(I)C(C)=[N+]3[B-](F)(F)n3c(/C=C/c4c[nH]c5ccc([N+](=O)[O-])cc45)c(I)c(C)c32)c1,C1CCOC1,635.0
3591,CC1(C)CCc2c(c3ccccc3c3nc4c5c(c6ccccc6c4nc23)OC(C)(C)CC5)O1,CC#N,477.0992366
7904,ClC1=CN2C[n+]3cc(Cl)ccc3N=C2C=C1,CO,473.0
2958,COc1ccc2c3c(OC)c4ccccc4c(OC)c3n(C)c2c1,C1CCCCC1,402.0
529,Nc1ccc2c3c(cccc13)C(=O)c1ccccc1-2,Cc1ccccc1,569.1519636
3714,Cc1cccc(Nc2ccccc2C(=O)O)c1C,ClC(Cl)Cl,442.0
4732,CN(C)c1ccc(-c2ccc3c(=O)c(O)coc3c2)cc1,C1CCOC1,490.0
9461,COc1ccc2c(c1)CCc1c-2nc(N)c(C#N)c1-c1ccc(Br)cc1,CN(C)C=O,423.0
1394,c1ccc(-n2c(-c3cccc4ccccc34)nc3c4cccc5ccc6cccc(c6c54)c32)cc1,CCCCCC,384.0
9989,CC1=CC(C)=[N+]2C1=C(c1ccc(N(C)C)cc1)c1c(C)cc(C)n1[B-]2(F)F,CC(C)=O,510.0
9633,COc1c2ccccc2c(OC)c2c1c1cc(F)ccc1n2C,C1CCCCC1,425.0
5631,Nc1ccc(C#Cc2ccc3ccc4ccc(C#Cc5ccc(N)cc5)c5ccc2c3c45)cc1,CCCCCCO,534.0
9465,Oc1ccc(/N=C/c2ccccc2Oc2ccccc2)cc1,CCCCO,419.0
6563,C(=C/c1cc(-c2ccc3ccccc3c2)c(/C=C/c2ccc(N(c3ccccc3)c3ccccc3)cc2)cc1-c1ccc2ccccc2c1)\c1ccc(N(c2ccccc2)c2ccccc2)cc1,ClCCl,489.0
4703,Cc1ccc2occ(CC(=O)NN)c2c1,CCO,389.0
1712,CC1=[N+]2C(=C(c3ccccc3)c3ccc(/C=C/c4ccc(C(=C(c5ccccc5)c5ccccc5)c5ccccc5)cc4)n3[B-]2(F)F)C=C1,C1CCOC1,610.0
11960,Nc1ccc2nc(-c3ccccc3)c(=O)oc2c1,c1ccccc1,480.0
955,O=S(=O)(c1cccc(N2c3ccccc3Sc3ccccc32)c1)c1cccc(N2c3ccccc3Sc3ccccc32)c1,ClC(Cl)Cl,579.0
6675,CCN(CC)c1ccc2cc(-c3cn4ccccc4n3)c(=O)oc2c1,ClCCl,478.0
3453,Cc1ccc(C2CC(c3ccc(O)cc3)=NN2c2ccc(S(N)(=O)=O)cc2)cc1,C1COCCO1,417.0
9579,O=P(c1ccccc1)(c1ccc(N2c3ccccc3Oc3ccccc32)cc1)c1ccc(N2c3ccccc3Oc3ccccc32)cc1,Cc1ccccc1,465.9116648
8595,CN(C)c1cc(C#N)c(N(C)C)c(C#N)c1,CO,530.5039788
2071,COc1ccc(-c2cc3c4c(c2)CCc2cc(-c5ccc(OC)cc5)cc(c2-4)CC3)cc1,CCO,386.9892473
11941,COc1ccc(N(c2ccc(OC)cc2)c2ccc3c4cccc5c(N(c6ccc(OC)cc6)c6ccc(OC)cc6)ccc(c6cccc2c63)c54)cc1,Cc1ccccc1,574.0
10169,CC1CC=C(c2ccc(-c3ccc(C=O)s3)s2)CC1,CCO,500.0
158,CCCCC(CC)Cn1c2cc(C#N)ccc2c2cc(-c3ccc(N(c4ccccc4)c4ccccc4)cc3)c(C#N)cc21,CC#N,548.0
7005,Cc1ccc(S(=O)(=O)/N=c2\oc3cccc4c5c(-c6ccccc6)oc6cccc(c(c2-c2ccccc2)c34)c65)cc1,ClC(Cl)Cl,560.0
9094,F[B-]1(F)n2c(NCc3ccccc3)ccc2C(c2c(Cl)cccc2Cl)=C2C=CC(NCc3ccccc3)=[N+]21,CCCCCC,592.0
352,N#CC(C#N)=Cc1cn(-c2ccccc2)nc1-c1ccccc1,CCO,426.0
6078,Cc1c2ccc3c(C)[n+](C)ccc3c2cc[n+]1C,CC#N,408.0
6236,CC(C)(C)C1Nc2ccccc2C(=O)N1c1ccccc1,CO,449.0
8946,c1ccc(-c2nc(-c3ccccc3)nc(-c3ccc(-n4c5ccccc5c5c4c4ccccc4n5-c4ccccc4)cc3)n2)cc1,Cc1ccccc1,526.0
12233,CCN(CC)c1ccc2cc(-c3ccc(S(C)(=O)=O)cc3)oc(=O)c2c1,CN(C)C=O,499.0
2920,COc1cc2[nH]c3c(c2cc1OC)CCCC3=O,C1COCCO1,393.3023873
8503,N#CC(C#N)=C(/C=C/c1ccc(N(c2ccccc2)c2ccc(/C=C/C(=C(C#N)C#N)c3ccccc3)cc2)cc1)c1ccccc1,CN(C)C=O,653.0
4644,CN(C)c1ccc2c(c1)[Si](C)(C)C1=CC(=[N+](C)C)C=CC1=C2,O,648.0
661,CCn1c2ccccc2c2cc(/C=C/C(=O)c3ccc4c(c3)c3cc(C(=O)/C=C/c5ccc6c(c5)c5ccccc5n6CC)ccc3n4CC)ccc21,C1CCCCC1,430.0
7057,CN(C)c1ccc(/C=C2\CC/C(=C\c3ccc(N(C)C)cc3)C2=O)cc1,CO,635.0
10181,CCC1=C(C)C2=Cc3c(I)c(I)cn3[B-](F)(F)[N+]2=C1C,CCOC(C)=O,539.5
3665,N#Cc1nc(N(Cc2ccccc2Br)Cc2ccccc2Br)c(C#N)nc1N(Cc1ccccc1Br)Cc1ccccc1Br,ClC(Cl)Cl,565.0
7979,CC1(C)Nc2cc(Cl)ccc2-c2[nH]c3ccccc3c(=O)c21,CN(C)C=O,493.0
306,CCCN1/C(=C/C=C(/C=C/c2sc3ccccc3[n+]2CCC)c2ccc([N+](=O)[O-])cc2)Sc2ccccc21,O,669.0
4790,c1ccc(-n2nc(-c3ccc(N4c5ccccc5Sc5ccccc54)cc3)nc2-c2ccccn2)cc1,ClCCl,468.0
2356,Fc1c(-n2c3ccccc3c3ccccc32)c(F)c(-n2c3ccccc3c3ccccc32)c(-c2nnc(-c3ccccc3)o2)c1-n1c2ccccc2c2ccccc21,Cc1ccccc1,490.0
1927,Cc1cc(C)c(C2=C(c3c(C)sc(-c4ccc(-c5nc(-c6ccccc6)c(-c6ccccc6)[nH]5)cc4)c3C)C(F)(F)C(F)(F)C2(F)F)s1,C1CCOC1,393.0
11442,Cc1ccc(-n2c3ccccc3c3cc(C=C(C#N)C#N)ccc32)cc1,CS(C)=O,524.0
3427,CCN(CC)c1cccc2c1ccc1c(=O)oc(-c3ccc(C(F)(F)F)cc3)cc12,CCOC(C)=O,568.0
8941,Oc1ccccc1C1=NC2c3cccc4cccc(c34)C2N1c1ccccc1,Cc1ccccc1,575.0
3638,CC1=[N+]2C(=C(c3ccc(C(=O)c4ccccc4)cc3)c3ccc(C)n3[B-]2(F)F)C=C1c1cc2n(c1)[B-](F)(F)[N+]1=CC=CC1=C2c1c(C)cc(C)cc1C,C1CCCCC1,645.0
10428,CN(C)c1ccc(-c2ccc3n2[B-](F)(F)[N+]2=C(c4ccccc4)C=CC2=C3C(F)(F)F)cc1,CCO,750.0
1266,COC(=O)C(NC(=O)OC(C)(C)C)c1ccc2oc(-c3ccc(F)cc3)nc2c1,CO,342.0
1560,O=C([O-])c1ccc(C(=O)[O-])c(C2=c3cc4c5c(c3Oc3c2cc2c6c3CCCN6CCC2)CCC[N+]=5CCC4)c1,CCO,596.0
10326,CCC1(CC)c2cc(B(c3c(C)cc(C)cc3C)c3c(C)cc(C)cc3C)ccc2-c2ccc(N(c3ccccc3)c3ccc4c(c3)C(CC)(CC)c3cc(B(c5c(C)cc(C)cc5C)c5c(C)cc(C)cc5C)ccc3-4)cc21,CC#N,538.0
7179,F[B-]12OC(c3ccccc3)=Nc3cccc([n+]31)N=C(c1ccccc1)O2,ClCCl,456.0
4109,CC(C)(C)c1ccc(C2=c3sc4ccccc4c3=[N+]3C2=Nc2c(-c4ccc(C(C)(C)C)cc4)c4sc5ccccc5c4n2[B-]3(F)F)cc1,ClC(Cl)Cl,794.0
7867,CCn1ncc2c3c(C#N)c4c5ccccc5n(C)c4nc3ccc21,CCOC(C)=O,473.0
4904,CN(C)c1ccc(/C=C/c2nc3ccc(N(C)C)cc3oc2=O)cc1,C1CCCCC1,521.0
7294,CN(C)c1ccc2nc(-c3ccc(C(=O)OC(C)(C)C)cc3)sc2c1,CC(C)O,537.0
514,Nc1cccc2c1-c1ccccc1C2=O,C1CCCCC1,513.0
894,O=c1c2cc(-n3c4ccccc4c4ccccc43)ccc2sc2ccc(-n3c4ccccc4c4ccccc43)cc12,C1CCOC1,460.0
8601,COc1ccc2c(c1)CCc1c-2nc(N)c(C#N)c1-c1ccc(Br)cc1,CO,418.0
21,COc1nc(Cl)nc(Nc2ccc3c4cccc5cccc(c6cccc2c63)c54)n1,CC#N,482.0
899,C(=C/c1ccc(-n2c3ccccc3c3ccccc32)cc1)\c1ccc(-c2ccc(/C=C/c3ccc(-n4c5ccccc5c5ccccc54)cc3)cc2)cc1,Cc1ccccc1,420.0
207,O=c1c2ccccc2n2c3ccc(-c4ccccc4)cc3c(=O)c3cccc1c32,CCOC(C)=O,470.0
458,CCN(CC)c1ccc2cc(-c3cc(SC)c(C#N)c(=O)o3)c(=O)oc2c1,CN(C)C=O,585.0
10246,c1ccc(-c2nc(-c3ccc(-c4ccc(N(c5ccccc5)c5ccccc5)cc4)cn3)oc2-c2ccccc2)cc1,C1CCOC1,458.0
2430,Cc1cc2nc3[nH]c(=O)n(C)c(=O)c3nc2cc1C,CC#N,436.0
8442,COc1ccc(C2=CC(c3ccc4cc(N(C)C)ccc4c3)=[O+][B-](F)(F)O2)cc1,C1CCOC1,618.0
9299,CN(C)c1ccc(/C=C/C(=O)c2ccccc2)cc1,c1ccccc1,477.0
3389,C(=C/c1nc(/C=C/c2ccc(-n3c4ccccc4c4ccccc43)cc2)nc(/C=C/c2ccc(-n3c4ccccc4c4ccccc43)cc2)n1)\c1ccc(-n2c3ccccc3c3ccccc32)cc1,ClCCl,526.0
9905,CC(C)[Si]1(C(C)C)c2cc(C=O)ccc2-c2ccc(N(c3ccccc3)c3ccccc3)cc21,CCO,482.0
3911,COc1ccc2c(c1)c(C#N)c(C#N)c1cc(OC)ccc12,ClC(Cl)Cl,440.0
5383,N#Cc1ccc(C#Cc2ccc3ccc4ccc(C#Cc5ccc(C#N)cc5)c5ccc2c3c45)cc1,CCOC(C)=O,442.4
8907,CCC1=C(C)C2=C(C)c3c(C)c(CC)c(C)n3[B-](F)(F)[N+]2=C1C,CCCCCCCCO,534.4
552,COc1cc(Br)cc2cc(-c3cc4cc(Br)cc(OC)c4oc3=O)oc12,CCOC(C)=O,434.0
9631,COc1ccc(C#Cc2ccc(C#Cc3ccc(P(=O)(c4ccccc4)c4ccccc4)cc3)cc2)cc1,CC#N,422.0
3144,COc1ccc2c(c1)CCc1c-2nc(N)c(C#N)c1-c1ccc(Br)cc1,C1CCOC1,403.0
6917,NC(=O)Cc1cccc2ccccc12,CCO,325.0
2056,COc1cccc(-n2c(-c3ccc(O)cc3)nc(C)c2C)c1,c1ccccc1,371.0
1925,Cn1c(=O)c(/N=N/c2ccc(Nc3ccccc3)c(S(=O)(=O)O)c2)c(O)c2ccccc21,CO,509.0
634,O=S(=O)([O-])c1ccc2c(O)cc(S(=O)(=O)[O-])cc2c1,O,385.0
6082,CN(C)c1ccc(/C=C/c2nc3ccccc3s2)cc1,CCO,498.0
8508,Fc1ccc2c(c1)sc1nc(-c3ccccc3)sc12,CS(C)=O,407.0
11364,C[Si](C)(C)c1cccc2ccccc12,C1CCCCC1,328.0
11870,CCn1c2ccccc2c2cc(/C=C/c3cc(/C=C/c4ccc5c(c4)c4ccccc4n5CC)ncn3)ccc21,ClCCl,492.0
8619,CC1=CC(C)=[N+]2C1=C(c1ccc(-c3c4ccccc4c(-c4ccccc4)c4ccccc34)cc1)c1c(C)cc(C)n1[B-]2(F)F,ClCCl,512.0
10529,Cc1ccc(C)n1-c1ccccc1,CCCCCC,343.0
105,CN(C)c1ccc(/C=C/c2cc[n+](CCCCCCCCCCCC[n+]3ccc(/C=C/c4ccc(N(C)C)cc4)cc3)cc2)cc1,ClC(Cl)Cl,579.999304
3041,OC1(c2ccc(-c3cccs3)s2)CCCC1,C1CCOC1,414.0
10361,C(=C/c1cc(/C=C/c2ccc(N(c3ccccc3)c3ccccc3)cc2)nc(/C=C/c2ccc(N(c3ccccc3)c3ccccc3)cc2)n1)\c1ccc(N(c2ccccc2)c2ccccc2)cc1,CC(C)=O,555.0
1709,O=C(c1ccncc1)c1ccc(-n2c3ccc(-n4c5ccccc5c5ccccc54)cc3c3cc(-n4c5ccccc5c5ccccc54)ccc32)cc1,c1cc(-c2cccc(-n3c4ccccc4c4ccccc43)c2)cc(-n2c3ccccc3c3ccccc32)c1,487.5
89,CN(C)c1ccc(C#Cc2ccccc2)cc1,CCOC(C)=O,382.49694
7014,Cc1ccc(C2=C3C=C(I)C=[N+]3[B-](F)(F)n3cc(I)cc32)cc1,CCOC(C)=O,569.5
3174,CCOC(=O)c1ccccc1-c1c2ccc(=O)cc-2oc2cc(OC(=O)[C@H](CO[Si](C)(C)C(C)(C)C)NC(=O)OC(C)(C)C)ccc12,CS(C)=O,547.0
917,CCCCN(CCCC)c1ccc(/C=C/c2ccc3c(c2)CCc2cc(/C=C/c4ccc(N(CCCC)CCCC)cc4)ccc2-3)cc1,Cc1ccccc1,456.4
7833,F[B-]1(F)n2cccc2C(c2ccc(-c3c4ccccc4c(-c4ccccc4)c4ccccc34)cc2)=C2C=CC=[N+]21,ClCCl,518.0
6732,CC(C)(C)c1ccc2c(c1)c1cc(C(C)(C)C)ccc1n2-c1cccc2c1Oc1c(-c3nc(-c4ccccc4)nc(-c4ccccc4)n3)cccc1C2(C)C,ClC(Cl)Cl,489.0
1949,CCn1c2ccc(/C=C/c3ccc4c(c3)c3cc(-c5nc6ccccc6s5)ccc3n4CC)cc2c2cc(-c3nc4ccccc4s3)ccc21,CN(C)C=O,449.0
6368,Fc1ccc(N(c2ccc(F)cc2)c2ccc3c4cccc5c(N(c6ccc(F)cc6)c6ccc(F)cc6)ccc(c6cccc2c63)c54)cc1,ClCCl,546.0
1,CCOC(=O)/C(C#N)=C/c1cc2c3ccccc3n(C)c2cc1OC,ClC(Cl)Cl,468.0
8032,c1ccc2c(c1)[nH]c1cccnc12,Clc1ccccc1,364.0
6047,CCOC(=O)c1cc2ccc3ccccc3c2c(C(=O)OCC)c1N,Cc1ccccc1,488.0
9127,CN(CCO)c1ccc(/C=C/C2=C(C#N)C(C(C#N)C#N)OC2(C)C)cc1,O,648.0
11291,N#Cc1cc2ccc(O)cc2oc1=O,CC#N,402.0
2720,COc1ccc(/C=C/c2cc(/C=C/c3ccc(OC)cc3)nc(/C=C/c3ccc4cc(OC)ccc4c3)n2)cc1,CC#N,463.0
8783,O=c1oc2ccccc2cc1-c1cc2ccccc2o1,CC#N,442.0
12030,COCCOCCOCCOCCOc1cc(C=O)c(OCCOCCOCCOCCOC)cc1C=O,CCCO,472.0
3117,N#Cc1cccc(N)c1,O,392.0
11608,O=S(=O)(c1ccc(-c2ccc(-c3nc4c5ccccc5c5ccccc5c4n3-c3ccccc3)cc2)cc1)c1ccc(-c2ccc(-c3nc4c5ccccc5c5ccccc5c4n3-c3ccccc3)cc2)cc1,ClC(Cl)Cl,450.0
9768,c1ccc(-c2nc(-c3ccccc3)nc(-c3ccc(-n4c5ccccc5c5cc(-c6ccc7oc8ccccc8c7c6)ccc54)cc3)n2)cc1,Cc1ccccc1,433.0
3762,CNc1ccc2c(c1)C(=O)c1ccccc1-2,c1ccccc1,635.0
213,COc1cccc(-c2c3ccccc3c3n2[B-](F)(F)[N+]2=Cc4c5ccccc5c(-c5cccc(OC)c5)n4[B-](F)(F)[N+]2=C3)c1,CN(C)C=O,603.0
778,O=Cc1cc(C=O)c2ccc3c(N4CCCCC4)cc(N4CCCCC4)c4ccc1c2c43,CS(C)=O,609.0
3496,CCOC(=O)c1ccc(/C=C/C2=[N+]3C(=C(c4ccccc4)c4ccc(/C=C/c5ccc(C(=O)OCC)o5)n4[B-]3(F)F)C=C2)o1,ClC(Cl)Cl,681.0
10809,COc1cc2c3c(c4cc(OC)c(OC)c(OC)c4c2c(OC)c1OC)=[N+]1C(=C(c2c(C)cc(C)cc2C)c2cc4c5cc(OC)c(OC)c(OC)c5c5c(OC)c(OC)c(OC)cc5c4n2[B-]1(F)F)C=3,Cc1ccccc1,767.0
2043,COc1ccc2cc(-c3cccc(-c4cc5ccc(OC)cc5oc4=O)c3)c(=O)oc2c1,ClC(Cl)Cl,426.0
8920,F[Si](c1ccccc1)(c1ccccc1)c1c2ccccc2cc2ccccc12,C1CCOC1,405.0
5420,CN(C)c1ccc(/C=C/C=N/N=C/c2ccc3ccc4cccc5ccc2c3c45)cc1,ClC(Cl)Cl,482.0
6154,O=CN1N=C(c2ccc(Br)cc2)C[C@@H]1c1ccccc1,C1CCCCC1,348.0
9759,c1ccc(N(c2ccccc2)c2ccc(-c3cccc4nc5ccccc5cc34)cc2)cc1,ClCCl,555.0
8357,CSc1sc(C(=O)c2ccccc2)c2nn[nH]c(=O)c12,CCO,489.0
10678,CC1=[N+]2C(=C(c3ccc(C#N)cc3)c3ccc(C)n3[B-]2(F)F)C=C1,CO,538.0
10205,COc1ccc2cc3c(C)cc(=O)oc3cc2c1,CCOC(C)=O,435.0
8465,CCN(CC)c1ccc(/C=C/C(=O)c2c(O)cc(C)oc2=O)cc1,ClCCl,575.0
4167,CCC1=C(C)C2=Cc3cc(I)c(I)n3[B-](F)(F)[N+]2=C1C,C1CCCCC1,550.5
3788,F[B-]1(F)Oc2c(ccc3c4c(ccc23)C=[N+](c2ccccc2)[B-](F)(F)O4)C=[N+]1c1ccccc1,ClCCl,533.0
8586,CN(C)c1ccc(/C=C/c2nc3ccccc3s2)cc1,CC#N,504.0
583,F[B-]1(F)n2c(-c3ccccc3)c3ccc4ccccc4c3c2N=C2c3c(ccc4ccccc34)C(c3ccccc3)=[N+]21,ClCCl,753.0
12151,CCCCC1(c2ccccc2)Nc2c(-c3ccc(N(C)C)cc3)ccc(-c3ccc(N(C)C)cc3)c2N=C1c1ccccc1,CC#N,588.0
12243,Clc1ccc(N2c3sc4ccccc4c3Sc3sc4ccccc4c32)cc1,ClCCl,563.0
116,N#CC(C#N)=Cc1ccc2c(c1)[nH]c1c3ccccc3ccc21,CN(C)C=O,594.0
6644,CN(CC(O)c1cccc(O)c1)c1ccc([N+](=O)[O-])c(C2CC(c3cccc4ccccc34)=NN2c2ccccc2)c1,C1COCCO1,454.0
11060,CCCCCCC(CCCCCC)n1c(=O)c2c3ccc4cccc5c6cccc7ccc(c2c1=O)c(c76)c3c45,CC#N,527.0
12199,c1ccc(N(c2ccccc2)c2ccc(-c3ncc(-c4cccs4)s3)cc2)cc1,CO,490.0
11975,COc1ccc2cc(-c3ccc(S(C)(=O)=O)cc3)oc(=O)c2c1,ClC(Cl)Cl,408.0
10973,Nc1ccc2c(c1)-c1ccccc1C2=O,c1ccccc1,504.0
8712,CCCCN1C(=O)C(=C/C=C/C=C/C=C2N(CCCC)c3ccccc3N2CCCC)C(=O)N(CCCC)C1=S,Cc1ccccc1,715.0
1763,CCn1c2ccccc2c2cccc(N(c3ccccc3)c3ccccc3)c21,ClCCl,423.0
1875,N#CC(C#N)=C(c1ccc(N(c2ccccc2)c2ccccc2)cc1)c1ccc(N(c2ccccc2)c2ccccc2)cc1,CC(C)=O,505.5793991
10445,COc1cc(OC)cc(C2=C3C(C)=C(I)C(C)=[N+]3[B-](F)(F)n3c(/C=C/c4c[nH]c5ccccc45)c(I)c(C)c32)c1,CS(C)=O,676.0
3224,CCCCCCCCN1c2ccc(C#Cc3cc(C(F)(F)F)cc(C(F)(F)F)c3)cc2Sc2cc(C=O)ccc21,ClC(Cl)Cl,529.0
526,C(=C/c1ccc(-c2nc3c4cccnc4c4ncccc4c3[nH]2)cc1)\c1ccncc1,CO,469.0
7725,O=P1(c2ccccc2)c2cc(N3c4ccccc4Oc4ccccc43)ccc2-c2ccc(N3c4ccccc4Oc4ccccc43)cc21,Cc1ccccc1,540.0
2946,C[n+]1ccc(/C=C/c2ccc([O-])cc2)cc1,CCO,582.0
4473,CC[N+](CC)=c1ccc2c(-c3ccccc3C(=O)O)c3c(=O)oc4c5c6c(cc4c3oc-2c1)CCCN6CCC5,CCO,674.0
5655,CCCCCCCCCCCCNc1cccc2[n+]1[B-](F)(F)n1c(c3cccc4cccc1c43)=N2,Cc1ccccc1,529.0
8884,CCOC(=O)c1sc(-c2ccc(-c3cc(-c4ccc(C(C)(C)C)cc4)c(C(=O)OCC)s3)s2)cc1-c1ccc(C(C)(C)C)cc1,ClCCl,453.0
6059,Cc1ccc(C2=[N+]3C(=Cc4ccc(C)n4[B-]3(F)F)c3ccccc32)[nH]1,CCCCCC,613.0
959,O=C(O)c1ccc2ccc3cccc4ccc1c2c34,CC#N,389.0
6342,Cc1cc(C)c(B(c2c(C)cc(C)cc2C)c2ccc3ccc4cccc5ccc2c3c45)c(C)c1,Cc1ccccc1,423.0
3633,O=C1c2cccc3cc4ccccc4c(c23)C(=O)N1Cc1ccccn1,CCCCCC,465.0
1050,CN(C)c1ccc(/C=C2\CC/C(=C\c3ccc(C#N)cc3)C2=O)cc1,CCOCC,580.0
8782,CC(=O)c1c2c(cc3cc(N(C)C)ccc13)CCC2,C1CCOC1,505.0
8711,O=P(c1ccccc1)(c1ccc(N2c3ccccc3Oc3ccccc32)cc1)c1ccc(N2c3ccccc3Oc3ccccc32)cc1,CO,562.4575311
3380,COc1cc2c(cc1/C=C/C(=C(C#N)C#N)c1ccccc1)c1ccccc1n2C,CCOC(C)=O,548.5
3676,Cc1cc(C)c2cc3cc(C)ncc3cc2c1,CCO,448.4304933
5776,CN(C)c1ncc2nc(C#N)n(Cc3ccccc3)c2n1,CO,456.0
11074,COc1ccc(-c2c3nc(cc4ccc([nH]4)c(-c4ccc(OC)c(OCC(=O)O)c4)c4nc(cc5ccc2[nH]5)C=C4)C=C3)cc1OCC(=O)O,CS(C)=O,644.0
6573,COc1cc(OC)c2c3c([nH]c2c1)C(=O)CCC3,CCCCCCO,442.0
5179,CCN(CC)c1ccc2cc(-c3ccc(-c4ccc5ccc6c(-c7ccc(-c8cc9ccc(N(CC)CC)cc9oc8=O)cc7)ccc7ccc4c5c76)cc3)c(=O)oc2c1,ClC(Cl)Cl,475.0
1607,CCOC(=O)C1c2ccccc2C(=O)N1c1ccccc1,CO,466.0
3610,CCCN1/C(=C/C=C(/C=C/c2sc3ccccc3[n+]2CCC)c2ccc([N+](=O)[O-])cc2)C(C)(C)c2ccccc21,CS(C)=O,666.0
11963,CN1/C(=C/C=C(/C=C/c2sc3ccccc3[n+]2C)c2ccc(C(F)(F)F)cc2)Sc2ccccc21,O,659.0
6635,COc1ccc2cc(/C=C/c3nc(/C=C/c4ccc(N(c5ccccc5)c5ccccc5)cc4)cc(/C=C/c4ccc(N(c5ccccc5)c5ccccc5)cc4)n3)ccc2c1,CCCCCCC,460.0
12260,COc1ccc(-c2nc3ccccc3nc2-c2ccc(OC)cc2)cc1,CN(C)C=O,432.0
10001,F[B-]1(F)OC(c2cccc(Br)c2)=Cc2c3ccccc3cc[n+]21,ClC(Cl)Cl,465.0
791,CCCCc1cc(C(=O)CCC)c2ccc3c(CCCC)cc(N4CCCCC4)c4ccc1c2c34,CCCCCC,482.0
8984,CN(C)c1ccc(/C=C/C=C/C=C/c2ccc(N(C)C)cc2)cc1,CCOCC,471.0
3056,CCCCCCc1ccsc1-c1cc2c3cc(-c4sccc4CCCCCC)c4nc(C(F)(F)C(F)(F)C(F)(F)F)nc5c(-c6sccc6CCCCCC)cc(c6cc(-c7sccc7CCCCCC)c7nc(C(F)(F)C(F)(F)C(F)(F)F)nc1c7c26)c3c45,C1CCOC1,627.0
10047,CN(C)c1ccc(-c2nc(-c3ccccc3)c3ccccn23)cc1,CC#N,509.0
1980,c1cc2ccc3cccc4ccc(c1)c2c34,CCOC(C)=O,393.0
3598,c1ccc(-n2c(-c3ccc(N(c4ccc(-c5ccc(N(c6ccc(-c7nc8c9ccccc9c9ccccc9c8n7-c7ccccc7)cc6)c6ccc(-c7nc8c9ccccc9c9ccccc9c8n7-c7ccccc7)cc6)cc5)cc4)c4ccc(-c5nc6c7ccccc7c7ccccc7c6n5-c5ccccc5)cc4)cc3)nc3c4ccccc4c4ccccc4c32)cc1,ClCCl,432.0
933,CN(C)c1ccc(/C=C/c2ccc(C#N)cc2)cc1,CCO,524.0
7424,COc1ccc(-c2ccc(-c3ccc(OC)cc3)c3nc(-c4ccccc4)c(-c4ccccc4)nc23)cc1,ClC(Cl)Cl,502.0
5626,CCCSC1=[N+]2C(=C(c3ccccc3)c3ccc(SCCC)n3[B-]2(F)F)C=C1,CCCCCC,588.0
1682,CCCCN1C(=O)c2cccc3c(Oc4cc(COc5ccc(N6C(=O)c7cccc8c(NCCN(C)C)ccc(c78)C6=O)cc5)cc(Oc5ccc6c7c(cccc57)C(=O)N(CCCC)C6=O)c4)ccc(c23)C1=O,CN(C)C=O,515.0
4179,O=C1Cc2cc3c(cc2CCCc2ccc(cc2)CCC3)CC(=O)Cc2ccc(c3nsnc23)C1,C1CCCCC1,501.0
6446,COc1ccc2c(=O)c3c([nH]c2c1)-c1ccccc1NC3(C)C,CN(C)C=O,504.0
4116,COc1ccc(/C=C/C2=CC(/C=C/c3ccc(OC)c(OC)c3)=[O+][B-](F)(F)O2)cc1OC,Cc1ccccc1,531.02
988,CN(C)c1ccc2c(c1)COc1c-2oc2ccccc2c1=O,CC#N,490.2142857
2896,COc1ccc2cc(-c3ccc([N+](=O)[O-])cc3)ccc2c1,ClCCl,591.0
3778,CN(C)c1ccc(/C=C2\CCCC2=O)cc1,S=C=S,422.0
5658,CC1(C)c2ccccc2N(c2ccc3c(c2)C(=O)c2ccc(N4c5ccccc5C(C)(C)c5ccccc54)cc2C3=O)c2ccccc21,c1ccc2c(c1)c1ccccc1n2-c1ccc(-c2ccc(-n3c4ccccc4c4ccccc43)cc2)cc1,600.0
3093,c1ccc(-c2nc3c(ccc4[nH]ccc43)o2)cc1,Cc1ccccc1,390.0
3155,COC(=O)C(Cc1ccc2oc(-c3ccc(-n4c5ccccc5c5ccccc54)cc3)nc2c1)NC(=O)OC(C)(C)C,CCCCCCO,423.998304
1823,CC1=N/C(=C\c2cc(C#N)cc(N(C)C)c2)C(=O)N1C,C1CCOC1,544.0
11804,Cc1ccc(N2C(c3ccccc3N)=NC(c3ccccc3)C2c2ccccc2)cc1,Cc1ccccc1,398.0
1098,COc1cccc2cc(-c3ccc([N+](=O)[O-])cc3)c(=N)oc12,CS(C)=O,392.0
10396,COc1ccc(C#Cc2ccc(C#N)cc2)cc1,CS(C)=O,418.0
2844,N#Cc1nn(-c2ccccc2Cl)nc1N1CCCC1,CC#N,426.0
9078,COc1cc(OC)cc(C2=C3C(C)=C(I)C(/C=C/c4c[nH]c5ccccc45)=[N+]3[B-](F)(F)n3c(/C=C/c4c[nH]c5ccccc45)c(I)c(C)c32)c1,CS(C)=O,771.0
3342,Cc1cccc(C)c1-c1cc2c(C)c3c4ccc5nc6c(ccc7c8c(C)c9cc(-c%10c(C)cccc%10C)c(-c%10c(C)cccc%10C)cc9c(C)c8c76)nc5c4c3c(C)c2cc1-c1c(C)cccc1C,ClC(Cl)Cl,670.0
38,O=c1oc2ccccc2cc1-c1cn2ccccc2n1,ClC(Cl)Cl,456.0
6540,CCC1=C(C)C(=O)n2c1cc1c(C)c(CC)c(C)n1c2=O,CS(C)=O,510.0
11462,CN(C)c1ccc2c3c(ccc2c1)C(=O)CCC3,CS(C)=O,453.0
8707,O=c1oc2cccc3c4cccc5ccc6c7cc(F)ccc7c1c(c23)c6c54,C1CCOC1,424.0
3356,CCN(CC)c1cc2sc3cc(N(CC)CC)c(F)cc3c(=O)c2cc1F,CCO,475.0
9645,N#CC(C#N)=C(/C=C/c1cn(-c2ccccc2)nc1-c1ccccc1)c1ccccc1,CO,496.0
7813,COc1ccc(O[B-]2(Oc3ccc(OC)cc3)n3c(C)cc(C)c3C(c3ccc(I)cc3)=C3C(C)=CC(C)=[N+]32)cc1,ClC(Cl)Cl,518.4875585
9098,COCCOCCOCCOCCOc1cc(C=O)c(OCCOCCOCCOCCOC)cc1C=O,CNC=O,451.0
8220,Oc1ccccc1/C=N/c1ccc(Cn2cncn2)cc1,Cc1ccccc1,325.99837
11685,CCN(CC)c1ccc2cc(/C=C/C(=O)/C=C(O)/C=C/c3cc4ccc(N(CC)CC)cc4oc3=O)c(=O)oc2c1,CN(C)C=O,611.0
2428,CN(C)c1ccc(C#Cc2nc(-c3ccccc3)nc3ccccc23)cc1,ClCCl,551.0
5043,COc1ccc(-c2csc(/C(C#N)=C/c3ccc(C(F)(F)F)cc3)n2)cc1,CC#N,555.0
5346,CC(C)(C)c1ccc2c(c1)c1cc(C(C)(C)C)ccc1n2-c1ccc(C#Cc2ccc(C=C(C#N)C#N)cc2)cc1,Cc1ccccc1,554.0
8954,Cc1cc(O)c(C(=O)/C=C/c2ccc(Cl)cc2)c(=O)o1,CC#N,497.0
4811,CC1(C)Oc2c(c3nc4ccccc4nc3c3ccccc23)CC1Br,CN(C)C=O,458.2951421
8476,O=c1c2cc(F)c(O)cc2sc2cc(O)c(F)cc12,CCO,465.0
686,CCN(CC)c1ccc2cc(-c3nc4c5ccccc5c5ccccc5c4n3-c3ccc(C(C)(C)C)cc3)c(=O)oc2c1,ClCCl,492.0
4799,CCN(CC)c1ccc2cc(/C=C/c3cccc[n+]3CCCS(=O)(=O)[O-])c(=O)oc2c1,CC(C)=O,639.0
7437,N#Cc1c(-n2c3ccccc3c3ccccc32)c(-n2c3ccccc3c3ccccc32)cc(-n2c3ccccc3c3ccccc32)c1-n1c2ccccc2c2ccccc21,CCCCCC,439.0792291
2353,C[Si](C)(C)c1ccc2ccc3c([Si](C)(C)C)ccc4ccc1c2c43,CO,380.0
6353,COc1ccc(-c2c3ccccc3c(-c3ccc(OC)cc3)c3cc4ccccc4cc23)cc1,ClCCl,511.0
4569,CC(C)(C)c1ccc2c(c1)c1cc(C(C)(C)C)ccc1n2-c1ccc(C#Cc2ccc3c4ccc(C#Cc5ccc(C=O)cc5)cc4n(-c4ccc(C(F)(F)F)cc4)c3c2)cc1,ClCCl,422.0
8213,COc1ccc(C2=Cc3c4ccccc4cc[n+]3[B-](F)(F)O2)cc1,ClC(Cl)Cl,478.2
2752,Oc1ccc(/N=C/c2ccccc2Oc2ccccc2)cc1,CCCCCCCO,413.0
9077,CC(=O)c1nc(-c2ccc(N(C)C)cc2)oc1C,ClCCl,373.0
8073,CCC12C(=C3C(=C4c5ccc(-c6ccc(C)s6)cc5S(=O)(=O)C41CC)C(F)(F)C(F)(F)C3(F)F)c1ccc(-c3ccc(C)s3)cc1S2(=O)=O,CS(C)=O,663.0769231
9109,CCOC(=O)c1cc(C(=O)OCC)c2ccccc2n1,CCO,420.0
1040,CC1=[N+]2C(=C(c3ccc(N(C)C)cc3)c3ccc(C)n3[B-]2(F)F)C=C1,CC(C)=O,515.0
7491,CN(C)c1ccc(/C=C/c2cc[n+](CCCOCC(COCCC[n+]3ccc(/C=C/c4ccc(N(C)C)cc4)cc3)(COCCC[n+]3ccc(/C=C/c4ccc(N(C)C)cc4)cc3)COCCC[n+]3ccc(/C=C/c4ccc(N(C)C)cc4)cc3)cc2)cc1,CCO,604.0
1265,CC[N+]1=C(/C=C/c2cc3ccc4cccc5ccc(c2)c3c45)C(C)(C)c2ccccc21,Cc1ccccc1,430.0
11357,Cc1ccc(C)n1-c1cccc(C#N)c1,C1CCOC1,481.0
7059,c1ccc2nc3cccc(-c4ccc(-n5c6ccccc6c6ccccc65)cc4)c3cc2c1,CC#N,527.0
277,N#Cc1cc2ccccc2[nH]1,O,350.0
5084,C[Si](C)(C)c1ccc(-c2ccc(-c3ccc(-c4ccc(-c5ccc([Si](C)(C)C)s5)s4)c4nsnc34)s2)s1,C1CCOC1,656.0
10276,CC1=[N+]2C(=C(c3ccc(N4CCOCC4)cc3)c3ccc(C)n3[B-]2(F)F)C=C1,ClC(Cl)Cl,531.0
9437,C(=C/c1nc2ccccc2[nH]1)\c1ccc(-c2nc3c4cccnc4c4ncccc4c3[nH]2)cc1,CO,452.0
2382,c1ccc2cc(-n3cnc4ccccc43)ccc2c1,Cc1ccccc1,374.0
571,CCCCCN(c1ccccc1)c1ccc2c(c1)C(CC)(CC)c1cc(/C=C/c3ccc(/C=C(\C#N)C(=O)O)s3)ccc1-2,CN(C)C=O,504.0
1435,COc1ccc(/N=N/c2c(O)c3ccccc3n(C)c2=O)c(S(=O)(=O)O)c1,Cc1ccccc1,519.0
9439,Cc1ccc(C2=C3C=C(I)C=[N+]3[B-](F)(F)n3cc(I)cc32)cc1,CC#N,573.0
5352,CCOC(=O)c1c(-c2cc3ccccc3oc2=O)nn(-c2ccccc2)c1C(=O)OCC,ClCCl,401.0
5445,CC1=NN(c2ccccc2)C(=O)/C1=C/c1cn(-c2ccccc2)nc1-c1ccccc1,Cc1ccccc1,416.0
1007,Cc1cc(-c2ccccc2C)cc(C)[o+]1,ClCCl,469.0
4543,c1ccc2cc3cc4c(cc3cc2c1)-c1cccc2cccc-4c12,CCCCCCC,440.0
11626,O=Cc1c(O)c(-c2nc3ccccc3s2)cc2ccccc12,ClCCl,505.0
2064,CCCN1C(=O)c2c3c(c4c(c2C1=O)CCc1cc(-c2ccc(N(C)C)cc2)c(OC)cc1-4)-c1cc(OC)c(-c2ccc(N(C)C)cc2)cc1CC3,CCOC(C)=O,598.0
1136,O=C1c2ccccc2S(=O)(=O)c2ccc(-n3c4ccccc4c4ccccc43)cc21,C1CCOC1,576.0
9882,Cc1ccc(-c2cc(-c3ccccc3)c3c(N)nc(N4CCCC4)c(C#N)c3n2)cc1,CC(C)=O,524.0
5343,O=C1/C(=C2\Sc3ccccc3C2=O)Sc2ccccc21,CO,624.0
10177,N#Cc1ccc2cc[nH]c2c1,CC(C)O,356.0
294,COc1ccc(-c2csc(/C(C#N)=N\Nc3ccc(C#N)cc3)n2)cc1,CCO,508.0
9739,CC(=O)c1ccn2c3c(c(-c4ccc(C)cc4)c2c1)CN(CCCNC(=O)OC(C)(C)C)C3=O,CO,534.0
10204,CCOC(=O)c1cccc(N)c1,CC#N,395.3883495
8780,O=C1CC(c2cccc([N+](=O)[O-])c2)c2c(c3ccccc3c3nc4ccccc4nc23)O1,CN(C)C=O,443.0
2403,CCN(CC)c1cccc2c1ccc1c(=O)oc(-c3ccc(C(F)(F)F)cc3)cc12,CCCCCC,469.0
10321,CCn1c2cc(-c3ccc(-c4cccs4)s3)ccc2c2ccc(-c3ccc(-c4cccs4)s3)cc21,ClCCl,447.0
3998,COc1ccc(-c2nc3ccccc3oc2=O)cc1,c1ccccc1,444.0
11432,COc1ccc(/C=C/c2cc(/C=C/c3ccc(OC)cc3)nc(/C=C/c3ccccc3)n2)cc1,CS(C)=O,471.0
3741,CCC1=C(C)C2=Cc3c(I)c(I)c(I)n3[B-](F)(F)[N+]2=C1C,C1CCCCC1,551.5
11304,CCN(CC)c1ccc2cc(/C=C/C(O)=C/C(C)=O)c(=O)oc2c1,CCOC(C)=O,518.0
2719,CCC1=C(C)C2=C(c3c(C)cc(C)nc3-c3cccs3)c3c(C)c(CC)c(C)n3[B-](F)(F)[N+]2=C1C,CCOCC,548.0
11731,CC(=O)O[B-]1(OC(C)=O)OC(/C=C/c2cccc3ccccc23)=CC(/C=C/c2cccc3ccccc23)=[O+]1,ClCCl,554.0
5150,CN1/C(=C/C=N/c2sc3ccccc3[n+]2C)C(C)(C)c2ccccc21,CS(C)=O,522.0
2808,C(=C/c1ncccn1)\c1ccc(-c2ccc(N(c3ccccc3)c3ccccc3)cc2)cc1,ClCCl,530.0
9017,C[Si](C)(C)[Si](c1ccc(-c2ccc(-c3ccc(-c4ccc([Si]([Si](C)(C)C)([Si](C)(C)C)[Si](C)(C)C)s4)s3)s2)s1)([Si](C)(C)C)[Si](C)(C)C,ClCCl,511.0
556,Cc1cc2c(o1)c(C)cc1ccc(=O)oc12,CCO,460.0
10934,CC(=O)c1c(N[C@H](C(=O)O)C(C)C)c2ccc(N(C)C)cc2oc1=O,ClCCl,446.0
4795,O=C1CC(=O)Nc2ccccc2N1,CS(C)=O,337.0
2469,NS(=O)(=O)c1ccc(N2N=C(c3ccc(O)cc3)CC2c2ccc(F)cc2)cc1,CO,430.0
3738,CN(C)c1cc(C#N)c(N(C)C)c(C#N)c1,ClCCCl,523.5602094
4286,O=c1c2ccccc2nc2ccccn12,ClCCl,442.0
9908,c1ccc2c(c1)c1ccccc1n2-c1ccc2cc(-c3ccc(-c4ccc(-c5cc6ccc(-n7c8ccccc8c8ccccc87)cc6o5)cc4)cc3)oc2c1,c1ccc2c(c1)c1ccccc1n2-c1ccc(-c2ccc(-n3c4ccccc4c4ccccc43)cc2)cc1,441.0
2604,Cc1ccc(OCc2cc(=O)oc3c2ccc2ccccc23)cc1,Cc1ccccc1,422.0
362,COc1cccc2oc(-c3cc4c(OC)cccc4oc3=O)cc12,CC#N,480.0
6924,Cc1ccc(-c2ccc(/C=C/c3cccn3C)cn2)nc1,CO,507.0
1704,Cn1c(=O)cc(C(=O)c2ccccc2)c2sc(-c3ccc(OC(F)(F)F)cc3)cc21,ClCCl,518.0
2139,Cc1ccc(C2=[N+]3C(=Cc4ccc(C)n4[B-]3(F)F)c3ccccc32)[nH]1,Cc1ccccc1,623.0
3239,C[n+]1ccc(/C=C/c2ccc([O-])cc2)cc1,CN(C)C=O,608.0
2383,CCCOc1ccc(/C=C/C=C/C=C/c2ccc([N+](=O)[O-])cc2)cc1,ClCCl,699.0
7314,COc1ccc2cc(C#Cc3ccc([N+](=O)[O-])cc3)ccc2c1,ClCCl,635.0
4311,Nc1ccc(-c2ccc(N)cc2)cc1,CS(C)=O,404.0
9477,Cc1cc(C)c(C2=C3C=C(c4ccc(C(C)(C)C)cc4)C(c4ccc(C(C)(C)C)cc4)=[N+]3[B-](F)(F)n3c2cc(-c2ccc(C(C)(C)C)cc2)c3-c2ccc(C(C)(C)C)cc2)c(C)c1,Cc1ccccc1,645.0
1312,Cc1ccc(C2=C3C=c4c(oc5ccccc45)=[N+]3[B-](F)(F)n3c2cc2c4ccccc4oc23)cc1,ClCCl,598.0
11553,N#CC(C#N)=Cc1ccc(-c2ccc(O)c(-c3nc4ccccc4s3)c2)s1,O,646.0
3930,O=Cc1ccc(N(c2ccc(C=O)cc2)c2ccc(-c3ccc4c(c3)C(=O)c3ccccc3C4=O)cc2)cc1,Cc1ccccc1,558.0
6183,COC(=O)c1ccc(C#Cc2ccc(N(C)C)cc2)cc1,C1CCOC1,481.9973972
1591,CC1=[N+]2C(=C(Oc3ccc4c(c3)CC[C@@H]3[C@@H]4CC[C@]4(C)C(=O)CC[C@@H]34)c3ccc(C)n3[B-]2(F)F)C=C1c1cc2n(c1)[B-](F)(F)[N+]1=CC=CC1=C2c1c(C)cc(C)cc1C,CCOC(C)=O,670.0
11508,CCCCNc1ccc(NCCCC)c2c1C(=O)c1ccccc1C2=O,CCCCCCCCCCO,668.0
2162,CCOC(=O)c1cc(C(=O)OCC)c2c(C)ccc(O)c2n1,CCO,528.0
2396,CC1(C)c2ccccc2-c2ccc(N(c3ccc(-c4ccccc4)cc3)c3ccc(-c4cc5ccccc5c5c4oc4ccccc45)cc3)cc21,C1CCOC1,467.0
317,CN(C)c1ccc(C#Cc2ccc(C#N)cc2)cc1,CC1CCCO1,468.0114195
9516,CC(=O)O[B-]1(OC(C)=O)OC(/C=C/C=C/c2ccccc2)=CC(/C=C/C=C/c2ccccc2)=[O+]1,C1CCOC1,531.0
5233,Cc1cc(=O)oc2cc3c4ccccc4c4ccccc4c3cc12,Cc1ccccc1,410.0
5068,CSc1cc(-c2cc3cc4c5c(c3oc2=O)CCCN5CCC4)oc(=O)c1C#N,Cc1ccccc1,553.0
4036,O=Cc1ccc(-c2ccc(-c3nc4ccccc4s3)c(O)c2)o1,ClCCl,526.0
8987,COCCOCCOCCOc1ccc(/C=C/C2=[N+]3C(=C(c4cc(OC)cc(OC)c4)c4c(C)c(I)c(/C=C/c5ccc(OCCOCCOCCOC)cc5)n4[B-]3(F)F)C(C)=C2I)cc1,ClCCl,687.0
3020,Oc1ccc(/N=C/c2ccccc2Oc2ccccc2)cc1,Cc1ccccc1,410.0
9903,CCCCCCCCN1c2ccc(C#Cc3cc(C(F)(F)F)cc(C(F)(F)F)c3)cc2Sc2cc(C=O)ccc21,CS(C)=O,540.0
8228,CCN(CC)c1ccc2cc(C#N)/c(=N\C(=O)C(C)C)oc2c1,CCO,470.0
9105,CC(=O)c1ccc(-c2ccc3c(c2)C(=O)c2cc(-c4ccc(C(C)=O)cc4)ccc2-3)cc1,C1CCOC1,375.0
5295,COC(=O)C(Cc1ccc2oc(-c3ccc4c(c3)c3ccccc3n4-c3ccccc3)nc2c1)NC(=O)OC(C)(C)C,Cc1ccccc1C,379.5066414
3972,CCC1=C(C)C2=C(C)c3c(C)c(-c4csc(N5CCOCC5)n4)c(C)n3[B-](F)(F)[N+]2=C1C,ClCCl,537.0
5370,c1ccc2[nH]c(-c3cc(-c4nc5ccccc5[nH]4)cc(-c4nc5ccccc5[nH]4)c3)nc2c1,CS(C)=O,379.1
4133,CN(C)c1ccc(-c2ccc(-c3cc(-c4ccccc4)c(-c4ccccc4)c(-c4ccccc4)c3-c3ccccc3)nc2)cc1,ClC(Cl)Cl,429.0
974,O=C(N/N=C/c1ccccc1O)c1ccccc1O,C1CCOC1,446.0
7291,N#Cc1ccc2c(c1)CCc1nc(-c3ccc([N+](=O)[O-])cc3)c3c(c1-2)CCc1cc(C#N)ccc1-3,CS(C)=O,510.0
9175,CCN(CC)c1cccc(C=O)c1,CC#N,509.0
954,CCn1c2ccccc2c2cc(-c3cc(-c4ccc5c(c4)c4ccccc4n5CC)nc(SC)n3)ccc21,CN(C)C=O,421.0
9610,C(=C/c1ccnc(/C=C/c2ccc(N(c3ccccc3)c3ccccc3)cc2)n1)\c1ccc(N(c2ccccc2)c2ccccc2)cc1,CC#N,546.0
9752,c1ccc(-n2c3ccccc3c3cc([Si](c4ccccc4)(c4ccccc4)c4ccc5c(c4)c4ccccc4n5-c4ccccc4)ccc32)cc1,ClCCl,350.0
9547,CCCCCCCCOC(=O)c1ccc(-c2cc3ccc4cc(-c5ccc(C(=O)OCCCCCCCC)cc5)cc5ccc(c2)c3c45)cc1,Cc1ccccc1,421.0
11408,CC1=CC(C)=[N+]2C1=C(c1c3ccccc3c(-c3ccccc3)c3ccccc13)c1c(C)cc(C)n1[B-]2(F)F,CCO,512.0
5016,COC(=O)C(Cc1ccc2oc(-c3ccc4c(c3)c3ccccc3n4-c3ccccc3)nc2c1)NC(=O)OC(C)(C)C,ClC(Cl)Cl,384.4970778
11931,NC(=O)Cc1cccc2ccccc12,O,324.0
9179,O=c1c2ccccc2n2c3ccc(-c4ccccc4)cc3c(=O)c3cccc1c32,Cc1ccccc1,465.6330749
7490,Cc1ccc(C)c2nc3c(=O)[nH]c(=O)[nH]c3nc12,CC#N,491.0
1640,c1ccc(C2CCN3COc4c5ccccc5c5c6c7c(c2c3c46)C(c2ccccc2)CCN7CO5)cc1,CO,598.0
1290,c1ccc(-c2nc(-c3ccccc3)n3ccccc23)cc1,CC#N,478.0
1380,CC1(C)c2ccccc2N(c2ccc(-c3n[n+]4c(o3)-c3ccccc3O[B-]4(F)F)cc2)c2ccccc21,ClC(Cl)Cl,504.0
1933,Cc1cc(C)c(B(c2ccc(-c3ccc(-c4nc5c6ccccc6c6ccccc6c5[nH]4)cc3)cc2)c2c(C)cc(C)cc2C)c(C)c1,ClCCl,469.0
4675,Cc1ccc(C2=C3C=C(I)C=[N+]3[B-](F)(F)n3cccc32)cc1,OCC(F)(F)F,538.5
11193,COc1cc(S(=O)(=O)[O-])c2ccc3c(S(=O)(=O)[O-])cc(S(=O)(=O)[O-])c4ccc1c2c43,CS(C)=O,404.9566696
10222,c1ccc2c(c1)nc1ccccn12,CC#N,414.0
892,CN(C)CCN(Cc1c2ccccc2cc2ccccc12)c1ccc([N+](=O)[O-])cc1,CC(C)=O,387.0
7287,COc1ccc2cc(/C=C/c3nc(/C=C/c4ccc(N(C)C)cc4)cc(/C=C/c4ccc(N(C)C)cc4)n3)ccc2c1,CS(C)=O,597.0
4876,F[B-]1(F)OC(c2ccccc2)=Nc2sc(-c3ccccc3)n[n+]21,CCOC(C)=O,411.0
7906,COc1ccc(-c2c3ccccc3c(C#Cc3ccccc3)c3ccccc23)cc1,ClCCl,452.0
8194,Cc1ccccc1C1=C2C=c3c(oc4ccc(C(C)(C)C)cc34)=[N+]2[B-](F)(F)n2c1cc1c3cc(C(C)(C)C)ccc3oc12,CO,600.5
11499,c1cc2ccc3ccc(-n4c5ccccc5c5ccccc54)c4ccc(c1)c2c34,CCCCCC,407.0
10301,CCN(CC)c1ccc2cc(/C=C/c3cccc[n+]3CCCS(=O)(=O)[O-])c(=O)oc2c1,CC#N,634.0
9041,COC(=O)c1ccccc1-c1c2ccc(=[NH2+])cc-2oc2cc(N)ccc12,CC#N,525.0
2466,Cc1ccc2c(CC(=O)NN)coc2c1,CCO,397.0
7657,Nc1cccc2c1-c1ccccc1C2=O,c1ccccc1,544.0
10106,Oc1ccc2ncccc2c1,ClCCl,354.0
9788,CC(C)(C)c1ccc2c(c1)c1cc(C(C)(C)C)ccc1n2-c1ccc2oc3nc4oc5cc(C(F)(F)F)ccc5c4cc3c2c1,ClC(Cl)Cl,466.0
1913,Clc1ccc(/C=C/c2ccncn2)cc1,ClCCl,411.0
2736,N#Cc1ccc(N)c2nonc12,ClCCl,535.0
726,CN(C)c1ccc(/C=C/C(=O)c2ccccc2)cc1,CN(C)C=O,531.0
7214,O=C1O[B-]2(OC1=O)OC(c1ccc3ccccc3c1)=CC(c1ccc3ccccc3c1)=[O+]2,CC#N,550.0
8245,CCNc1cc2oc(=O)cc(C(F)(F)F)c2cc1C,CC#N,481.0
1796,Cc1nc2c(ccc3c2sc(/C=C/C=C/c2ccc(N(C)C)cc2)[n+]3C)s1,CO,700.0
3845,CCCCCCN1C(=O)c2cccc3c(-c4sc(-c5ccc6c7c(cccc57)C(=O)N(CCCCCC)C6=O)c5c4OCCO5)ccc(c23)C1=O,ClC(Cl)Cl,502.0
6402,COCCOCCOc1ccc(OCCOCCOC)c(C=O)c1,CNC=O,458.0
936,CCN1c2ccc(-c3cc(-c4ccccc4)[nH]n3)cc2Sc2cc(-c3cc(-c4ccccc4)[nH]n3)ccc21,C1CCOC1,461.0
2265,CCc1c(C)c2n(c1C)[B-](F)(F)[N+]1=C(NCc3ccc(OC)cc3)C=CC1=C2C,CCCCCC,554.0
824,Cc1cc(O)c(C(=O)/C=C/c2ccc(Cl)cc2Cl)c(=O)o1,CC#N,473.0
7274,CCCCCCn1c2ccccc2c2cc(/C=C/c3cc(=O)oc4cc(C)ccc34)ccc21,CS(C)=O,542.0
1389,Cc1cc(-c2ccc(N(c3ccccc3)c3ccccc3)cc2)c2nsnc2c1-c1ccc(N(c2ccccc2)c2ccccc2)cc1,ClCCl,577.0
3564,COC(=O)C(Cc1ccc2oc(-c3ccc(N(C)C)cc3)nc2c1)NC(=O)OC(C)(C)C,CCCCCC,374.9953126
9076,Cc1cc2[nH]c3ccccc3c2c2[nH]c3ccccc3c12,ClCCl,355.0
5429,CCCN1c2ccccc2Sc2cc(/C=C\c3cc(=O)oc4cc(NC(=O)OCC)ccc34)ccc21,ClC(Cl)Cl,635.0
7827,CCCCNC(=O)c1nc2c(N(C)C)nc(N(C)C)nc2n1Cc1ccccc1,CO,424.0
5690,C(=C/c1ccc(N(c2ccccc2)c2ccccc2)cc1)\c1ccccc1,CC#N,455.0
7878,N#CC(C#N)=Cc1ccc(-c2ccc(O)c(-c3nc4ccccc4s3)c2)s1,CCO,641.0
1868,COC(=O)C(Cc1ccc2oc(-c3ccc(Nc4ccccc4)cc3)nc2c1)NC(=O)OC(C)(C)C,CN(C)C=O,447.5073839
8202,CC1(C)C(/C=C/C2=C(Cl)/C(=C/C=C3/N(Cc4ccc(F)cc4)c4ccccc4C3(C)C)CCC2)=[N+](Cc2ccc(F)cc2)c2ccccc21,CO,809.0
7486,C#CCn1c2ccccc2c2cc(/C=C/c3c(Cl)c(C)c4n3[B-](F)(F)[N+]3=C(C)C(Cl)=C(C)C3=C4c3ccc(I)cc3)ccc21,CS(C)=O,666.0
9655,Cc1ccc(N(c2ccc(C)cc2)c2ccc(Oc3nnc(Cl)nn3)cc2)cc1,ClCCl,550.0
806,[O-][n+]1c(/C=C/C=C/c2ccccc2)nc(N2CCOCC2)c2c1CCCC2,ClCCl,546.0
4805,CCC(CC)COC1=CC2=C3c4cc(OCC(CC)CC)c(-c5ccccc5)n4[B-](F)(F)[n+]4nnn(c43)[B-](F)(F)[N+]2=C1c1ccccc1,C1CCOC1,725.0
11129,CCCCOc1ccc(-c2oc3cc4n(c3c2-c2ccc(OCCCC)cc2)[B-](F)(F)[N+]2=Cc3cc5oc(-c6ccc(OCCCC)cc6)c(-c6ccc(OCCCC)cc6)c5n3[B-](F)(F)[N+]2=C4)cc1,CN(C)C=O,644.0
10300,CC1=C(c2ccc(N(C)C)cc2)C(C)=[N+]2C1=C(c1c(-c3ccccn3)nc3ccccn13)c1c(C)cc(C)n1[B-]2(F)F,ClCCl,524.0
11212,CC[N+]1(CC)CN2C(=N1)C(C(=O)O)=Cc1cc(C)ccc12,O,469.0
12207,c1ccc(-c2cc(-c3ccc(N4c5ccccc5C(c5ccccc5)(c5ccccc5)c5ccccc54)cc3)nc(-c3ccccc3)n2)cc1,Cc1ccccc1,450.0
10426,COc1ccc(-c2cc(-c3ccc(C)cc3)nc3c(C#N)c(N4CCCC4)nc(N)c23)cc1,c1ccccc1,513.0
9155,COC(=O)C(Cc1ccc2oc(-c3ccc(N(C)c4ccccc4)cc3)nc2c1)NC(=O)OC(C)(C)C,CCCCC,401.9938897
7511,Oc1ccc(/N=C/c2ccccc2Oc2ccccc2)cc1,CS(C)=O,418.0
8056,N#CC1=CC(Br)=CC(C#N)=P1(c1ccccc1)c1ccccc1,ClC(Cl)Cl,519.0
4494,CCN(CC)c1ccc2cc(/C(Cl)=C/C=C/C(=C(C#N)C#N)c3ccc(N(c4ccccc4)c4ccccc4)cc3)c(=O)oc2c1,ClCCl,641.0
2632,COC(=O)c1nc2cnc(N(C)C)nc2n1Cc1ccccc1,C1COCCO1,426.0
10906,CCn1c2ccccc2c2cc(-c3cc(-c4ccc5c(c4)c4ccccc4n5CC)nc(C#N)n3)ccc21,C1CCOC1,427.0
8896,CCN(CC)c1ccc([N+]2=Cc3ccc4c5c(ccc4c3O[B-]2(c2ccccc2)c2ccccc2)C=[N+](c2ccc(N(CC)CC)cc2)[B-](c2ccccc2)(c2ccccc2)O5)cc1,Cc1ccccc1,627.0
8623,Nc1ccc(-c2ccc(N)cc2)cc1,C1COCCO1,392.0
7832,O=C1CCCc2c1[nH]c1cc3c(cc21)OCO3,O,463.6042403
4388,c1ccc(-n2nc(-c3ccc(-c4ccc5c(c4)C(c4ccccc4)(c4ccccc4)c4ccccc4-5)cc3)nc2-c2ccccn2)cc1,ClCCl,358.0
145,CCOC(=O)C1=CNC=C(C(=O)OCC)C1c1ccccc1,C1CCOC1,412.0
6467,Cn1nc(-c2ccccc2)c2nc3cc(F)ccc3nc21,C1CCCCC1,486.0
2033,CC[n+]1c(C=C2C(=O)C(C=C3N(C)c4ccccc4C3(C)C)=C2[O-])sc2ccccc21,ClC(Cl)Cl,666.0
11180,CC(C)CCCCN1CCc2c1ccc1c3c(ccc21)CCCC3=O,CC#N,625.0
1165,CC1(C)C(/C=C/C2=C(c3ccc(C(=O)O)cc3)/C(=C/C=C3/N(CCCCS(=O)(=O)[O-])c4ccc(S(=O)(=O)[O-])cc4C3(C)C)CCC2)=[N+](CCCCS(=O)(=O)[O-])c2ccc(S(=O)(=O)[O-])cc21,CO,787.5
2050,CN(C)c1ccc(C(=O)Nc2ccccc2)cc1,CC#N,494.0
3760,COc1cccc(-c2c3ccccc3c3n2[B-](F)(F)[N+]2=Cc4c5ccccc5c(-c5cccc(OC)c5)n4[B-](F)(F)[N+]2=C3)c1,CCCCCC,598.0
4435,CN1c2ccccc2C(O)(c2ccccc2)c2cc([N+](=O)[O-])ccc21,CC#N,557.0
3430,COc1ccc2cc([C@H](C)C(=O)O)ccc2c1,CCCCO,351.4
8190,CSc1sc(C(N)=O)c2nnn(C)c(=O)c12,CN(C)C=O,514.0
10739,CC(C)(C)c1ccc2c(c1)[nH]c1c3[nH]c4cc(C(C)(C)C)ccc4c3c3nsnc3c21,Cc1ccccc1,472.0
7069,COc1ccc2cc(-c3ccc(S(C)(=O)=O)cc3)oc(=O)c2c1,CCO,410.0
4361,N#Cc1ccccc1N,C1CCCCC1,348.0
10616,Cc1ccc(C)n1-c1ccc(C#N)cc1,CCCCCC,406.0
9454,c1ccc2c(c1)Sc1ccccc1N2c1ccc2c(ccc3nc4ccc5cc(N6c7ccccc7Sc7ccccc76)ccc5c4nc32)c1,Cc1ccccc1,657.0
1771,CCCCN1C(=O)C(=C/C=C/C=C2N(CCCC)c3ccccc3N2CCCC)C(=O)N(CCCC)C1=S,ClCCl,587.0
3511,CN(C)c1cc(C#N)c(N(C)C)c(C#N)c1,CN(C)C=O,533.9028297
271,O=S(=O)([O-])c1cccc2c([O-])cccc12,O,534.0
8436,c1ccc(-c2nnc(-c3cc(-n4c5ccccc5c5ccccc54)c(-n4c5ccccc5c5ccccc54)cc3-c3nnc(-c4ccccc4)o3)o2)cc1,Cc1ccccc1,466.0
2032,CC1(C)c2ccccc2N(c2cccc(S(=O)(=O)c3cccc(N4c5ccccc5C(C)(C)c5ccccc54)c3)c2)c2ccccc21,ClC(Cl)Cl,515.0
9005,CCC1(CC)c2cc(-c3ccc(-c4ccccc4)cc3-c3ccccc3)ccc2-c2cc3c(cc21)-c1ccc(-c2ccc(-c4ccccc4)cc2-c2ccccc2)cc1C3(CC)CC,C1CCOC1,405.0
11853,Cc1cc(C)c(C2=C3C=c4c(c5ccc(C(C)(C)C)cc5c5cc(C(C)(C)C)ccc45)=[N+]3[B-](F)(F)n3c2cc2c4ccc(C(C)(C)C)cc4c4cc(C(C)(C)C)ccc4c23)c(C)c1,Cc1ccccc1,715.0
3810,CCc1ccc(/C=N/c2cc(C(C)C)c(O)cc2C)cc1,ClC(Cl)Cl,415.0
9996,CC1(C)CC(=O)C2=C(C1)Oc1ccc3cc(O)ccc3c1C2c1ccccn1,O,378.0
4346,O=C1NC(=O)/C(=C\c2ccccc2O)S1,CC#N,428.0
10653,O=c1oc2ccccc2cc1-c1ccc([N+](=O)[O-])cc1,CS(C)=O,425.0
545,CCOC(=O)c1c(-c2cc3ccccc3oc2=O)nn(-c2cccc(C)c2)c1C(=O)OCC,ClCCl,404.0
3241,Cc1cc(C)c(C)c(-c2cc(-c3c(C)c(C)cc(C)c3C)c3ccc4c(-c5c(C)c(C)cc(C)c5C)cc(-c5c(C)c(C)cc(C)c5C)c5ccc2c3c54)c1C,ClCCl,412.0
8930,CCN1c2ccc(/C=N/Nc3ccccn3)cc2Sc2cc(-c3ccccc3)ccc21,C1CCOC1,487.0
8502,CC[C@H](C)COc1ccc(C2=C3C(C)=CC(C)=[N+]3[B-](F)(F)n3c(C)cc(C)c32)cc1,ClCCl,520.0
9323,CCCCc1cc(C(=O)CCC)c2ccc3c(CCCC)cc(N4CCCCC4)c4ccc1c2c34,CO,601.0
12159,CC(C)(C)c1ccc2oc(-c3ccc(-c4nc5cc(C(C)(C)C)ccc5o4)s3)nc2c1,CCO,434.0
7564,O=P1(c2ccccc2)C(c2cc(C(F)(F)F)cc(C(F)(F)F)c2)=Cc2c3ccc4cccc5ccc(c6cc(-c7ccc(N(c8ccccc8)c8ccccc8)cc7)n1c26)c3c45,Cc1ccccc1,586.0
920,O=P(c1ccccc1)(c1ccccc1)n1c2ccccc2c2cc(-n3c4ccccc4c4cc(-n5c6ccccc6c6cc(-n7c8ccccc8c8ccccc87)ccc65)ccc43)ccc21,C1CCOC1,378.0
11169,COc1cc2c(cc1OC)C1=C[C@H](c3ccc(C)cc3)C3(C(C#N)=C(C#N)N1CC2)c1cc(Cl)ccc1-c1ccc(Cl)cc13,ClCCl,402.0
6640,CCN(CC)c1ccc2c(c1)oc(=O)c1c(C)nc3c(c(-c4ccccc4)nn3C)c12,ClCCl,461.0
7694,CCN(CC)c1ccc2ccc(=O)oc2c1,CO,445.0
8230,N#C/C(=C\C=C\c1ccccc1)c1ccc([N+](=O)[O-])cc1,CO,557.0
7126,NS(=O)(=O)c1ccc(N2N=C(c3ccc(O)cc3)CC2c2ccc([N+](=O)[O-])cc2)cc1,C1COCCO1,417.0
4278,Cc1cc(C)c(B(c2ccc(-n3c4ccccc4c4ccccc43)cc2)c2c(C)cc(C)cc2C)c(C)c1,C1CCCCC1,381.7948718
2983,COc1cc2cc(/C=C/c3ccc(/C=C/c4ccc(/C=C(\C#N)C(=O)O)cc4)cc3)c(=O)oc2cc1OC,CC#N,489.0
130,CC(C)(C)c1ccc(C2=C(c3ccc(N(c4ccccc4)c4ccccc4)cc3)S(=O)(=O)c3c2sc(-c2ccc(N(c4ccccc4)c4ccccc4)cc2)c3-c2ccc(C(C)(C)C)cc2)cc1,C1CCOC1,591.0
7980,CCN(CC)c1ccc2nc3c4ccccc4c(=O)cc-3oc2c1,ClCCl,608.0
2667,CCC1(CC)c2cc(N(C)C)ccc2-c2ccc(C(F)(F)F)cc21,CCO,388.0
7138,Oc1cc2c(cc1-c1nc3c4ccccc4c4ccccc4c3[nH]1)c1ccccc1n2-c1ccccc1,Cc1ccccc1,506.0
3223,Nc1ncnc2c1c(C#Cc1ccc3ccccc3c1)cn2[C@H]1C[C@H](O)[C@@H](CO)O1,CCO,371.0
9374,C(=C/c1nc2ccccc2s1)\c1ccc(-c2nc3c4cccnc4c4ncccc4c3[nH]2)cc1,ClCCl,472.0
7693,COc1ccc(-n2nc(C#N)c(N3CCN(c4ccccn4)CC3)n2)cc1,CC#N,461.0
5392,COC(=O)/C(C#N)=c1\s/c(=c2/s/c(=C(/C#N)C(=O)OC)c3cc(-c4ccc(F)cc4)sc23)c2sc(-c3ccc(F)cc3)cc12,Cc1ccccc1,640.0
614,CN(C)c1ccc(/C=C2/N=C(c3ccccc3)OC2=O)cc1,CC#N,539.0
12142,O=CC1=C(c2ccc(-c3cccs3)s2)CCC1,OCCOCCO,527.0
1466,[C-]#[N+]c1ccc(-c2ccc(N)cc2)cc1,O,457.0
4497,CN(C)c1ccc(/C=C/c2cnc(C#Cc3ccc(C#N)cc3)o2)cc1,ClCCl,515.0
3042,CCCCCCCCCCCCOc1ccc(/C=N/c2ccc3[nH]c(OCCCCCC)nc3c2)c(O)c1,ClC(Cl)Cl,508.0
9126,CCC/N=C/c1cc2ccc(N(C)C)cc2cc1OC,CC(C)O,547.0
2419,CN(C)c1ccc(/C=C/c2cc[n+](Cc3cc(C[n+]4ccc(/C=C/c5ccc(N(C)C)cc5)cc4)cc(C[n+]4ccc(/C=C/c5ccc(N(C)C)cc5)cc4)c3)cc2)cc1,ClCCl,600.0
5085,CCOC(=O)CN(CC(=O)OCC)c1ccc(-c2cc(-c3cccnc3)nc(-c3cccnc3)c2)cc1,CCOC(C)=O,411.0
3294,N#Cc1cc2ccc3cc(C#N)c4ccccc4c3c2c2ccccc12,ClC(Cl)Cl,429.0
6737,CN(C)c1ccc(/C=C/C=C/c2ccncc2)cc1,C1COCCO1,488.0
1500,COc1ccc(C#Cc2ccc(-c3nn[nH]n3)cc2)cc1OC,C1COCCO1,385.0
9018,COC(=O)c1ccc(NC(=O)c2ccc(N(C)C)cc2)cc1,C1CCCCC1,434.0
1521,O=CN1N=C(c2ccc(Br)cc2)C[C@@H]1c1ccccc1,CCO,345.0
11168,Cc1cc(C)c(C2=C3C=CC=[N+]3[B-]3(c4cccc5ccccc45)Oc4cc(O)cc5c6ccc(C)cc6c6cc2n3c6c45)c(C)c1,ClC(Cl)Cl,669.0
4232,Cc1ccc(-n2c3ccccc3c3cc(C(=C(C#N)C#N)c4ccccc4)ccc32)cc1,CS(C)=O,591.0
7686,CC1=[N+]2C(=C(c3c4ccccc4c(-c4ccccc4)c4ccccc34)c3ccc(C)n3[B-]2(F)F)C=C1,ClCCl,533.0
8820,CCN1c2ccc(/C=C(\C#N)c3ccccc3)cc2Sc2cc(/C=C(\C#N)c3ccccc3)ccc21,C1CCOC1,570.0
4430,CC(C)(C)c1ccc(C(C)(C)C)c(N2C(=O)c3cccc4c(-c5ccc(-c6ccc([N+](=O)[O-])cc6)s5)ccc(c34)C2=O)c1,CO,531.0
390,CCCCCCCCCCn1c(-c2cc(-c3nc4ccccc4n3CCCCCCCCCC)cc(-c3nc4ccccc4n3CCCCCCCCCC)c2)nc2ccccc21,C1CCOC1,360.5
12092,CC1=[N+]2C(=C(c3ccc(N(c4ccccc4)c4ccccc4)cc3)c3ccc(C)n3[B-]2(F)F)C=C1c1cc2n(c1)[B-](F)(F)[N+]1=CC=CC1=C2c1c(C)cc(C)cc1C,C1CCCCC1,645.0
7124,O=C1CCCC2=C1C(c1ccccc1)c1c(c3ccccc3oc1=O)N2,CS(C)=O,440.0
5913,[C-]#[N+]c1ccc(-c2ccc(N(C)C)cc2)cc1,O,417.0
8592,CN(C)c1ccc2c(c1)-c1ccccc1C2=O,CC#N,557.0
4806,COc1ccc(N2c3sc4ccccc4c3Sc3sc4ccccc4c32)cc1,ClCCl,562.0
10967,CCCCN(c1ccccc1)c1ccc2c(c1)C(CC)(CC)c1cc(/C=C/c3ccc(/C=C(\C#N)C(=O)O)s3)ccc1-2,ClCCl,595.0
8238,CCn1c2ccccc2oc2c(C#N)c3oc4ccccc4oc3c(C#N)c21,ClC(Cl)Cl,555.0
8044,Cc1ccc(-c2ccc(C(=O)NC(C)(C)C)c3c2ccc2c4ccccc4c4ccccc4c23)cc1,ClCCl,413.0
11993,Cc1cc(C)c(B(c2ccc(-c3nc4c5ccccc5c5ccccc5c4[nH]3)cc2)c2c(C)cc(C)cc2C)c(C)c1,C1CCOC1,456.0
3993,CN(C)c1cc(C#N)c(N(C)C)c(C#N)c1,ClCCl,522.7391532
11714,CCC1=C(C)C2=C(C)c3c(C)c(CC)c(C)n3[B-](F)(F)[N+]2=C1C,CCCCO,534.4
6609,CC(=O)Nc1ccc(C2=C/C(=C\c3ccc([N+](=O)[O-])cc3)C(=O)O2)cc1,C1COCCO1,550.0
5319,O=P1(c2ccccc2)C(c2ccccc2)=Cc2ccccc21,C1CCOC1,417.0
12068,CN(C)c1ccc(/C=C/c2ccccc2)cc1,CCCCCC,379.0
7119,Cc1ccc(C(=O)NN2C3=C(CC4=C2CCCC4=O)C(=O)CCC3)cc1,CO,447.0
2421,COc1ccc(/C=C/C2=CC(/C=C/c3ccc(OC)cc3)=[O+][B-](F)(F)O2)cc1,ClC(Cl)(Cl)Cl,492.0
5604,Oc1ccc(/N=C/c2ccccc2Oc2ccccc2)cc1,Cc1ccccc1C,414.0
1750,C(=C/c1cccc2ccccc12)\c1ccc(-c2nnc(-c3ccc(-c4cc5ccccc5s4)cc3)o2)cc1,CS(C)=O,455.0
11040,CN(C)c1cccc2c1C(=O)c1ccccc1C2=O,CCC(C)CC,566.0
11916,COc1ccc(N2C(=O)c3ccccc3NC2C(C)(C)C)cc1,CC#N,413.0
338,Cc1cc(C)n2c1C=C1c3ccccc3C(c3[nH]c4ccccc4c3C)=[N+]1[B-]2(F)F,ClCCl,631.0
8407,COc1ccc2c3c(cccc13)C(=O)N(C)C2=O,CCCCCCCCCCCC,402.0
1341,CCN(CC)c1ccc(C=Cc2nc3nc4ccccc4nc3s2)c(OC)c1,CO,625.0
11706,CCCCC1(c2ccccc2)Nc2c(-c3ccc(N(c4ccccc4)c4ccccc4)cc3)ccc(-c3ccc(N(c4ccccc4)c4ccccc4)cc3)c2N=C1c1ccccc1,ClC(Cl)Cl,547.0
7982,Cc1ccc(O)c(-c2[nH]c(=O)n3c2-c2ccccc2C3=O)c1,CC#N,480.0
3640,c1ccc(-c2cc(-c3ccc4ccc5c(-c6ccnc(-c7ccccn7)c6)ccc6ccc3c4c65)ccn2)nc1,CCCCCC,397.9941097
329,CCOC(=O)C1=C(C)NC2=C(C(=O)c3ccccc32)C1c1ccc(N(C)C)cc1,ClC(Cl)Cl,532.0
10822,Cc1ccc2cc3c(=O)n(C)c(=O)n(C)c3nc2c1,ClCCl,405.0
3004,CCOC(=O)C(Cc1ccc(O[Si]2(Oc3ccc(CC(NC(C)=O)C(=O)OCC)cc3)n3c4c5ccccc5c3/N=C3\N=C(/N=c5/c6ccccc6/c(n52)=N/C2=N/C(=N\4)c4ccccc42)c2ccccc23)cc1)NC(C)=O,CN(C)C=O,686.0
6960,Cc1cc(C2(c3cc(C)c(O)c(Br)c3)OS(=O)(=O)c3ccccc32)cc(Br)c1O,CC#N,497.0
4090,O=C1c2ccccc2C2=Cc3cccc[n+]3[B-](F)(F)N12,ClCCl,454.0
9828,COC(=O)c1cc(=O)n(C)c2cc(-c3ccc(N(C)C)cc3)sc12,CC#N,599.0
2322,C(#Cc1nc(C#Cc2ccccc2)c(C#Cc2ccccc2)c(C#Cc2ccccc2)c1C#Cc1ccccc1)c1ccccc1,ClCCl,438.0
6667,CC1=C2C=CC(C)=[N+]2[B-](F)(F)n2cccc21,CO,502.0
7009,O=C1NC(=O)C(c2c[nH]c3ccccc23)=C1c1c[nH]c2ccccc12,CCOC(C)=O,560.0
4197,Nc1ccc2c(C(F)(F)F)cc(=O)oc2c1,CCC(C)CC,400.0
3549,COc1ccc(-c2csc(/C(C#N)=C/c3ccncc3)n2)cc1,CS(C)=O,561.0
9650,CN(C)c1ccc(/C=C2/N=C(c3ccccc3)OC2=O)cc1,CCCCO,521.0
8363,COc1ccc(C#Cc2ccc(-c3nn[nH]n3)cc2)cc1OC,Cc1ccccc1,379.0
4203,N#Cc1cccc(C#N)c1N,CCCCCCC,365.0
11628,C[N+]1=C(/C=C/C2=C3Oc4c(cc5c6c4CCCN6CCC5)C(c4ccccc4C(=O)O)=C3CCC2)C(C)(C)c2ccccc21,CO,749.0
10946,Cc1cc2nc3c(=O)[nH]c(=O)nc-3n(C)c2cc1C,CC#N,533.0
6185,CC1(C)c2ccccc2N(c2ccc(-c3n[n+]4c(o3)-c3ccccc3O[B-]4(F)F)cc2)c2ccccc21,Clc1ccccc1,493.0
1639,COc1ccc(/C=N/c2cc(C(C)C)c(O)cc2C)cc1,C1CCOC1,408.0
9130,c1ccc(Nc2nc(Nc3ccccc3)nc(Nc3ccc4cc5ccccc5cc4c3)n2)cc1,CCOC(C)=O,440.0
60,COc1coc2cc(-c3ccc(N(C)C)cc3)ccc2c1=O,CS(C)=O,545.0
1240,CCOC(=O)CC[N+]1=c2cc3c(cc2CCC1)=Cc1c(c2cc4c5c(c2oc1=O)CCCN5CCC4)O3,ClCCl,676.0
5760,O=C1Nc2ccccc2/C1=C/C(=O)c1ccc(Cl)cc1Cl,CC#N,407.0
5136,O=[N+]([O-])c1ccc([N+]2=Cc3ccc4c5c(ccc4c3O[B-]2(c2ccccc2)c2ccccc2)C=[N+](c2ccc([N+](=O)[O-])cc2)[B-](c2ccccc2)(c2ccccc2)O5)cc1,ClCCl,642.0
2343,C[n+]1ccc(-c2cc[n+](C)cc2)cc1,CC#N,353.0
2120,CCn1c2ccccc2c2cc(/C=C/c3cc(/C=C/c4ccc5c(c4)c4ccccc4n5CC)ncn3)ccc21,Cc1ccccc1,440.0
1524,COc1ccc(/C=C/c2ccc(-c3nnc(-c4ccc(-c5cc6ccccc6s5)cc4)o3)cc2)cc1,CCCCCO,436.0
7617,O=C1c2ccccc2S(=O)(=O)c2ccc(-n3c4ccccc4c4ccccc43)cc21,CCCCCC,485.0
153,O=P1(c2ccccc2)C2=C(c3ccccc31)C(c1ccccc1)(c1ccccc1)c1cc(N(c3ccccc3)c3ccccc3)ccc12,Cc1ccccc1,522.0
481,COc1ccc(-c2nc(N)nc(C#N)c2C#N)cc1OC,CC#N,456.0
6122,C(=C/c1cccc2ccccc12)\c1ncc(-c2ccccc2)o1,ClCCl,440.0
7674,Cc1cc(=O)oc2cc3c4ccccc4c4ccccc4c3cc12,CC#N,419.0
7101,Cc1ccccc1/C(C#N)=C/c1ccc(N(C)C)cc1,C1CCOC1,484.0
1762,CCN(CC)c1ccc2cc(-c3nc4cc(C(=O)Nc5ccccc5[N+](=O)[O-])ccc4o3)c(=O)oc2c1,ClCCl,498.0
8942,CCN1c2ccc(/C=C(\C#N)c3ccccc3)cc2Sc2cc(/C=C(\C#N)c3ccccc3)ccc21,CS(C)=O,595.0
7715,CCOC(=O)c1c(-c2cc3cc4c(cc3oc2=O)OC(C)(C)CC4)nn(-c2cccc(C)c2)c1C(=O)OCC,ClCCl,428.0
9977,Cc1cc(-c2ccc(-c3ccccc3)cc2)cc(C)[o+]1,ClCCl,501.0
11122,CN1CCN(c2ccc3c4c(cccc24)C(=O)c2ccccc2-3)CC1,CC(C)=O,615.0
7479,COc1ccc(C2=CC(c3ccccc3)=[N+]3C2=Nc2c(-c4ccc(OC)cc4)cc(-c4ccccc4)n2[B-]3(F)F)cc1,Cc1ccccc1,697.0
6212,O=C1Nc2ccccc2/C1=C/C(=O)c1ccccc1,CC(C)O,412.0
4853,CN(C)c1ccc(/C=C/c2ccccn2)cc1,C1COCCO1,438.0
2711,c1ccc(-c2nn(-c3ccccc3)c3nc4ccccc4cc23)cc1,CCCCOCCCC,454.9590537
6766,COc1ccc2cc(C#Cc3ccc([N+](=O)[O-])cc3)ccc2c1,C1CCOC1,533.0
4150,CCC1=C(C)C2=C(C)c3c(C)c(-c4csc(N5CCOCC5)n4)c(C)n3[B-](F)(F)[N+]2=C1C,CO,540.0
1333,CCCc1ccc2c(c1)cc1n2B2c3c4c-1cccc4cc1cccc(c31)-c1cc3cc(CCC)ccc3n12,C1CCOC1,565.0
12176,CCN(CC)c1ccc(/N=N/c2nc3ccc(OC)cc3s2)cc1,CC#N,583.0
8378,CC1(C)Cc2c(c3ccccc3c3nc4ccccc4nc23)O1,c1ccccc1,483.0917874
9328,CN(C)CCCN1c2ccccc2CCc2ccccc21,CC#N,348.0
11510,CN(CC(O)c1cccc(O)c1)c1ccc([N+](=O)[O-])c(C2CC(c3cccc4ccccc34)=NN2c2ccccc2)c1,Cc1ccccc1,497.0
11903,CCn1c(-c2ccc(-c3ccc(-c4ccc(-c5n(CC)c6ccccc6[n+]5CC)cc4)cc3)cc2)[n+](CC)c2ccccc21,O,397.0
10250,COc1ccc(C(=O)NN2C3=C(CC4=C2CCCC4=O)C(=O)CCC3)cc1,ClC(Cl)Cl,436.0
11173,O=C(c1ccncc1)c1ccc(-n2c3ccccc3c3ccccc32)cc1,Cc1ccccc1,440.0
3850,CN(C)c1ccc(C#Cc2ccc(C#N)cc2)cc1,CN(C)C=O,565.9950192
8340,N#Cc1cccc2cc[nH]c12,C1CCOC1,368.0
4124,N#Cc1c(-c2ccc(N(c3ccccc3)c3ccccc3)cc2)c(C#N)c(-c2ccc(N(c3ccccc3)c3ccccc3)cc2)c(C#N)c1-c1ccc(N(c2ccccc2)c2ccccc2)cc1,O=P(c1ccccc1)(c1ccccc1)c1ccccc1Oc1ccccc1P(=O)(c1ccccc1)c1ccccc1,533.0
10978,c1ccc(C2(c3ccccc3)c3cc4c(cc3-c3ccc5ccc6cccc7cc2c3c5c67)-c2ccc3ccc5cccc6cc(c2c3c56)C4(c2ccccc2)c2ccccc2)cc1,CC#N,408.0
4788,CCOC(=O)c1ccccc1-c1c2ccc(=[N+](CC)CC)cc-2oc2c1c(=O)oc1cc(N(CC)CC)ccc12,CCO,642.0
2866,COc1ccc(-c2csc(/C(C#N)=C/c3ccc(Cl)cc3Cl)n2)cc1,CC#N,557.0
1386,COCCC1=Cc2nc1ccc1[nH]c(cc1CCOC)c1nc(c(NC(=O)CCCC(=O)O)cc3[nH]c2cc3CCOC)C(CCOC)=C1,Cc1ccccc1,680.0
5941,COc1ccc(-c2cnc3nn4ccccc4c3n2)cc1,C1CCOC1,455.0
3067,CCN(CC)c1ccc(-c2nc3c(c4c2-c2ccccc2CC4)-c2ccccc2CC3)cc1,CC#N,463.0
11865,c1ccc(-c2nc3sc4ccccc4c3s2)nc1,CS(C)=O,424.0
3629,O=C1/C(=C\c2ccc3oc4ccccc4c3c2)S(=O)(=O)c2ccccc21,CO,439.0
11595,CN(c1ccccc1)c1ccc(/C=C2\C(=O)c3ccccc3S2(=O)=O)cc1,CC(C)=O,537.0
10961,COC(=O)c1cc(=O)n(C)c2cc(-c3ccc4c(c3)OCO4)sc12,CC#N,482.0
3028,N#Cc1c2oc3ccccc3oc2c(C#N)c2oc3ccccc3oc12,ClC(Cl)Cl,475.0
2969,O=C1c2ccccc2C(=O)C1C1C(=O)c2c3ccccc3cc3cc4ccccc4c1c23,CCCCCC,538.0
9900,O=C1CCCc2c1[nH]c1cc3c(cc21)OCO3,CCCCCCO,430.7288247
8646,Nc1ccc2c(C(F)(F)F)cc(=O)oc2c1,CCCCO,484.0
6136,CCCCc1cc(CCCC)c2ccc3c(CCCC)cc(CCCC)c4ccc1c2c43,ClCCl,389.0
8801,CCCCCCc1ccc(-c2ccc(-c3cc(-c4ccc(-c5ccc(CCCCCC)s5)s4)c4ccc5c(-c6ccc(-c7ccc(CCCCCC)s7)s6)cc(-c6ccc(-c7ccc(CCCCCC)s7)s6)c6ccc3c4c65)s2)s1,ClC(Cl)Cl,530.0
4263,F[B-]1(F)OC(c2ccc(Br)cc2)=Cc2c3ccccc3c3ccccc3[n+]21,ClC(Cl)Cl,449.0
645,CC1(C)C(/C=C/c2cc3ccc(O)cc3oc2=O)=[N+](CCCS(=O)(=O)[O-])c2ccc(S(=O)(=O)O)cc21,CS(C)=O,604.0
11841,CC1(C)c2ccccc2N(c2ccc(-c3n[n+]4c(o3)-c3ccccc3O[B-]4(F)F)cc2)c2ccccc21,ClCCCl,522.0
2074,CN(C)c1ccc(/C=C/C=C2\CCCC2=O)cc1,Cc1ccccc1,506.0
341,O=C(N/N=C/c1ccccc1O)c1ccccc1,CN(C)C=O,458.0
8041,C=C(C)C(CN1C(=O)c2cccc3cccc(c23)C1=O)OO,CCO,372.0
1622,CC(=O)Nc1ccccc1C(=O)OC1CC(C)CCC1C(C)C,C1CCCCC1,363.0
7141,CC/[NH+]=c1\cc2oc3cc(NCCC(=O)NC(C(=O)OC)C(C)C)c4ccccc4c3nc-2cc1C,O,653.0
5796,CCN(CC)c1ccc(/N=N/c2nc3ccc([N+](=O)[O-])cc3s2)cc1,ClCCl,603.0
7184,N#Cc1nn(-c2cccc(C(F)(F)F)c2)nc1N1CCCC1,CC#N,430.0
11435,COc1ccc(/C=C/C(=O)c2ccccc2O)cc1OC,CCO,500.0
8232,CN(C)c1ccc(C2=Cc3c4ccccc4c4ccccc4[n+]3[B-](F)(F)O2)cc1,C1CCOC1,539.0
5475,CN(C)c1ccc(/C=C/C=C2\CC/C(=C\C=C\c3ccc(N(C)C)cc3)C2=O)cc1,CCOCC,586.0
10281,CCCCCCCCN1c2ccc(C#Cc3ccc(OC)cc3)cc2Sc2cc(C=O)ccc21,CS(C)=O,524.0
10367,COc1ccc(-c2cnc(/C=C/c3ccc(C#N)cc3)o2)cc1OC,ClCCl,500.0
11342,CCCCCCCCCCCCC(CCCCCCCCCC)Cn1c2cc(/C=C/C=C/c3nc4ccccc4s3)c3cccc4c5cccc6c(/C=C/C=C/c7nc8ccccc8s7)cc1c(c65)c2c34,C1CCCCC1,588.0
74,Cc1ccc(Nc2ccc(Nc3ccc(C)cc3)c3c2C(=O)c2ccccc2C3=O)cc1,CCCCCCCO,684.0
12132,CN(C)c1ccc(C#Cc2ccc3ccc4c(C#Cc5ccc(N(C)C)cc5)ccc5ccc2c3c54)cc1,Cc1ccccc1,483.7
10849,CCN(CC)c1ccc2cc(/C=C/C(=O)c3cc4ccc(N(CC)CC)cc4oc3=O)c(=O)oc2c1,ClC(Cl)Cl,550.0
10268,Cc1nc2c(ccc3c2sc(/C=C/c2ccc(-n4c5ccccc5c5ccccc54)cc2)[n+]3C)s1,CO,607.0
8633,CC1=C(Cc2ccccc2)C(C)=[N+]2C1=C(C)c1c(C)c(-c3csc(N4CCOCC4)n3)c(C)n1[B-]2(F)F,CCO,538.0
11311,O=C1Nc2ccccc2/C1=C/C(=O)c1ccc(Cl)cc1,CC(C)(C)O,405.0
2051,NS(=O)(=O)c1ccc(N2N=C(c3ccc(O)cc3)CC2c2ccc(Br)cc2)cc1,CCO,428.0
2541,O=C(N/N=C/c1ccccc1O)c1ccccc1,CC#N,373.0
1301,CC1(C)CC(=O)c2ccccc2N1,CCO,483.0
5877,Cc1ccc(C2=C3C=C(I)C=[N+]3[B-](F)(F)n3cccc32)cc1,CO,546.5
7368,[C-]#[N+]c1ccc(-c2ccc(N(C)C)cc2)cc1,CN(C)C=O,433.0
1304,COc1ccc(-n2c3ccccc3c3cc(/C=C/C(=C(C#N)C#N)c4ccccc4)ccc32)cc1,ClC(Cl)Cl,554.0
8428,COc1ccc(-c2csc(/C(C#N)=C\Nc3ccc(C#N)cc3)n2)cc1,ClCCl,447.0
11137,c1cc2sccc2s1,ClCCl,293.0
2599,O=C(N/N=C/c1ccccc1O)c1ccccc1O,CC#N,474.0
2573,COc1cccc(-n2c(-c3ccccc3)nc(C)c2C)c1,CC#N,373.0
3186,CCOC(=O)CN1C(=O)C2=C(c3ccc(C#N)cc3)N(CC(=O)OCC)C(=O)C2=C1c1ccccc1,CS(C)=O,547.0
2768,COc1cc(OC)cc(-c2nnc(-c3cc(-c4nnc(-c5cc(OC)cc(OC)c5)o4)cc(-c4nnc(-c5cc(OC)cc(OC)c5)o4)c3)o2)c1,CS(C)=O,475.0
4831,F[B-]1(F)n2c(nc(Br)c2Br)-c2cccc[n+]21,CC#N,492.0
4223,c1ccc(N2c3ccc4ccccc4c3-c3c4ccccc4nc[n+]3[B-]2(c2ccccc2)c2ccccc2)cc1,C1CCCCC1,640.0
12133,CCCCCCC(CCCCCC)N1C(=O)c2cccc3c(-c4ccc([Si](C)(C)C)cc4)ccc(c23)C1=O,Cc1ccccc1,416.7
2106,CN(C)c1ccc(C(=O)Nc2ccccc2)cc1,C1CCOC1,500.0
2679,N#C/C(=C\C=C\c1ccccc1)c1ccc([N+](=O)[O-])cc1,C1COCCO1,484.0
1387,Nc1ncnc2c1c(C#Cc1c3ccccc3cc3ccccc13)cn2[C@H]1C[C@H](O)[C@@H](CO)O1,CCOC(C)=O,465.0
10940,N#C/C(=C\c1cc(/C=C(\C#N)c2ccc(C(F)(F)F)cc2)c(-c2ccc(N(c3ccccc3)c3ccccc3)cc2)cc1-c1ccc(N(c2ccccc2)c2ccccc2)cc1)c1ccc(C(F)(F)F)cc1,CCOC(C)=O,581.0
11848,BrC1=CN2C[n+]3cc(Br)c4ccccc4c3N=C2c2ccccc21,CO,502.0
7083,CCCN1c2ccccc2Sc2cc(/C=C\c3cc(=O)oc4cc(O)ccc34)ccc21,ClC(Cl)Cl,631.0
1279,O=C1c2ccc(-c3ccc(N(c4ccccc4)c4ccccc4)cc3)cc2C(=O)c2ccc(-c3ccc(N(c4ccccc4)c4ccccc4)cc3)cc21,c1ccc2c(c1)c1ccccc1n2-c1ccc(-c2ccc(-n3c4ccccc4c4ccccc43)cc2)cc1,594.0
804,COc1ccc(-c2nc3c(c4c2-c2ccccc2CC4)-c2ccccc2CC3)cc1,C1CCOC1,420.0
1555,CN(C)c1ccc(/C=C/c2ccccc2)cc1,CC#N,440.0
11634,Cc1ccc(-c2cc(-c3ccccc3)c(C#N)c(=S)[nH]2)cc1,C1CCCCC1,504.0
4566,c1cc2ccc3ccc4cc3c2cc1c1ccc2c(c1)c1cc(ccc1[C@]13OCCO[C@]21OCCO3)c1ccc2c(c1)c1cc4ccc1[C@]13OCCO[C@]21OCCO3,Cc1ccccc1,388.0
11859,CCN(CC)c1ccc2cc(/C=C/C(=C(C#N)C#N)c3ccc4c(c3)c3ccccc3n4CC)c(=O)oc2c1,Cc1ccccc1,571.0
4841,CCCCNc1ccc(NCCCC)c2c1C(=O)c1ccccc1C2=O,c1ccccc1,667.0
3594,CC(=O)Nc1cc2ccc3cccc4ccc(c1)c2c34,CCCCOCCCC,389.0
6035,FC(F)(F)C(F)(F)C(F)(F)C(F)(F)C(F)(F)C(F)(F)CCOc1nnc(Cl)nn1,ClCCl,566.0
6852,Cc1cc(-c2ccc(-c3nc4ccccc4[nH]3)cc2)ccc1-c1ccc(-c2nc3ccccc3[nH]2)cc1,CN(C)C=O,403.0
10112,CCn1c2ccc(/C=C/c3ccc4c(c3)c3cc(-c5nc6ccccc6s5)ccc3n4CC)cc2c2cc(-c3nc4ccccc4s3)ccc21,CC#N,491.0
8705,COc1cc(N(c2ccccc2)c2ccc(C=C(C#N)C#N)c(OC)c2)ccc1C=C(C#N)C#N,ClC(Cl)Cl,524.0
4177,F[B-]1(F)n2c(nc(-c3ccccc3)c2-c2ccccc2)-c2cccc[n+]21,C1COCCO1,510.0
1308,Cc1cc(=O)c2c(ccc3ccc(O)cc32)o1,CC#N,430.0
9106,CCN(CC)c1ccc2nc3c4ccccc4c(=O)cc-3oc2c1,CC(C)=O,614.0
3452,CC(C)c1cc(C(C)C)c(B2c3cc(N4c5ccccc5Oc5ccccc54)ccc3N(c3ccccc3)c3ccc(N4c5ccccc5Oc5ccccc54)cc32)c(C(C)C)c1,C1CCOC1,554.0816327
3695,CN(C)c1ccc(C2=Nc3scc(-c4ccc([N+](=O)[O-])cc4)[n+]3[B-](F)(F)O2)cc1,CC#N,453.0
4242,CCn1c2ccccc2c2cc(C#Cc3cc(C#Cc4ccc5c(c4)c4ccccc4n5CC)nc(OC)n3)ccc21,CN(C)C=O,499.0
2198,O=C(N/N=C/c1ccccc1O)c1cccc2ccccc12,CC(C)=O,428.0
8966,Fc1cccc(F)c1[B-]1(c2c(F)cccc2F)Oc2c(ccc3c4c(ccc23)C=[N+](c2ccccc2)[B-](c2c(F)cccc2F)(c2c(F)cccc2F)O4)C=[N+]1c1ccccc1,Cc1ccccc1,592.0
4425,OB(O)c1ccc(-c2ccc(N(c3ccccc3)c3ccccc3)cc2)cc1,CCOCC,398.0
6150,CCCCc1c2ccccc2c(-c2ccc(-c3nc4cc(CC(NC(=O)OC(C)(C)C)C(=O)OC)ccc4o3)cc2)c2ccccc12,CC#N,446.9992937
943,CCCN1/C(=C/C=C(/C=C/C2=[N+](CCC)c3ccccc3C2(C)C)c2ccc3ccccc3n2)C(C)(C)c2ccccc21,O,653.0
822,CC(C)(C)[Si](C)(C)C#CC1=CC2=c3cc(C#C[Si](C)(C)C(C)(C)C)c4nc(C(F)(F)C(F)(F)C(F)(F)F)nc5c(C#C[Si](C)(C)C(C)(C)C)cc(c3c54)C3=CC(C#C[Si](C)(C)C(C)(C)C)=C4N=C(C(F)(F)C(F)(F)C(F)(F)F)N=C1C4C32,C1CCOC1,523.0
5005,O=C1c2ccccc2NC(c2ccccc2)N1Cc1ccccc1,CC#N,407.0
6612,Cc1ccc(-c2cc(-c3ccc(C)cc3)c(C#N)c(=O)[nH]2)cc1,CN(C)C=O,450.0
8356,CC1=N/C(=C\c2ccccc2N)C(=O)N1C,CS(C)=O,530.0
5619,CCN(CC)c1ccc2cc(/C=C/C(=O)c3cc4ccc(N(CC)CC)cc4oc3=O)c(=O)oc2c1,Cc1ccccc1,515.0
4547,OCC1O[C@@H](Cc2cc(O)cc(/C=C/c3ccc(O)c(O)c3)c2)[C@H](O)[C@@H](O)[C@@H]1O,CS(C)=O,381.0
2538,COc1ccc(C2=CC(c3ccc4ccccc4c3)=[O+][B-](C(C)=O)(C(C)=O)O2)cc1,CC#N,457.0
9503,CCN(CC)c1ccc(/C=N/C(C#N)=C(C#N)\N=C\c2ccc(N(CC)CC)cc2O)c(O)c1,CC#N,606.0
5207,O=C(O)c1ccccc1Nc1ccccc1,CN(C)C=O,386.0
12035,c1ccc(N2c3ccccc3Sc3cc(-c4cccc5nc6ccccc6cc45)ccc32)cc1,CCN(CC)CC,525.0
11033,CCCCCOc1cc2oc(=O)c3c4ccc(N)cc4c4ccc5cccc6c(c1)c2c3c4c56,C1CCOC1,550.0
3054,CCN1/C(=C\C2=C([O-])/C(=C/C3=[N+](CC)c4c(ccc5ccc(C)nc45)C3(C)C)C2=O)C(C)(C)c2ccc3ccc(C)nc3c21,C1CCOC1,699.0
3675,O=C1OC(=O)c2ccc(N(c3ccccc3)c3ccc4ccccc4c3)c3cccc1c23,c1ccccc1,580.0
7776,CCC(C)[Si](C#Cc1c2nc3c4ccccc4c(=O)c4ccccc4c3nc2c(C#C[Si](C(C)CC)(C(C)CC)C(C)CC)c2nc3c4ccccc4c(=O)c4ccccc4c3nc12)(C(C)CC)C(C)CC,ClCCl,571.0
7218,C[n+]1ccc(/C=C/c2ccc3cc(O)ccc3c2)cc1,CC(=O)OC(C)=O,561.0
6722,CN(C)c1ccc(/C=C/C=C2\CC/C(=C\C=C\c3ccc(N(C)C)cc3)C2=O)cc1,CC(C)=O,694.0
3300,COc1cccc2cc(C#N)c(=N)oc12,ClCCl,462.0
3310,Oc1ccccc1/N=C/c1ccccc1Oc1ccccc1,CCOC(C)=O,400.0
7221,O=c1oc2ccccc2c2c1c(=O)oc1c3ccccc3cc(O)c12,ClCCl,533.0
8519,O=C1OC(c2ccccc2)=N/C1=C\c1ccc(N(c2ccc(/C=C3\N=C(c4ccccc4)OC3=O)cc2)c2ccc(/C=C3/N=C(c4ccccc4)OC3=O)cc2)cc1,CCOCC,545.0
10682,CCOC(=O)C1c2cc(OC)c(OC)cc2C(=O)N1c1ccc(OC)c(OC)c1,ClCCl,457.0
5954,CCN(CC)c1ccc2ccc(=O)oc2c1,CCCCCCC,390.0
832,CCOC(=O)c1sc2nc(C)c(CC)c(C#N)c2c1N,c1ccccc1,541.0
3462,COC(=O)C(Cc1ccc2oc(-c3ccc4c(c3)c3ccccc3n4-c3ccccc3)nc2c1)NC(=O)OC(C)(C)C,CCCCCCCO,382.9950211
11436,C(=C/c1ncnc2ccccc12)\c1ccc(N(c2ccccc2)c2ccccc2)cc1,CC#N,598.0
7643,Cc1cc(C)c(B(c2ccc(-c3nc4c5ccccc5c5ccccc5c4[nH]3)cc2)c2c(C)cc(C)cc2C)c(C)c1,Cc1ccccc1,435.0
54,N#CC(C#N)=C(/C=C/c1ccc(N(c2ccccc2)c2ccc(/C=C/C(=C(C#N)C#N)c3ccccc3)cc2)cc1)c1ccccc1,CCOC(C)=O,615.0
3451,CCn1c2ccccc2c2cc(/C=C3\C(=O)c4ccccc4S3(=O)=O)ccc21,CN(C)C=O,557.0
6305,COc1cccc(/C=C/C(=O)c2c(O)cc(C)oc2=O)c1,CC#N,500.0
10093,c1ccc(-c2nc(-c3ccccc3)n3ccccc23)cc1,ClCCl,484.0
1481,c1ccc2c(c1)Sc1ccccc1N2c1ccc2c(c1)C1(CCCC1)c1cc(N3c4ccccc4Sc4ccccc43)ccc1-2,Cc1ccccc1,491.0
4873,Nc1cc2nc3cc(Br)c(Br)cc3nc2cc1N,CCO,550.0
8038,COc1ccc(-n2nc(C(=O)N3CCCC3)c(N3CCCC3)n2)cc1,ClC(Cl)Cl,411.0
3335,CNc1cccc2c1C(=O)c1ccccc1C2=O,CCOC(C)=O,600.0
6016,CC1=C(C(C)(C)C)C(C)=[N+]2C1=C(C)c1c(C)c(C(C)(C)C)c(C)n1[B-]2(F)F,CCC(C)C,569.0
4926,CCNc1ccc(NCC)c2c1C(=O)c1ccccc1C2=O,CC(C)=O,671.0
9138,O=C1/C(=C2\Sc3ccc(S(=O)(=O)Cl)cc3C2=O)Sc2ccc(S(=O)(=O)Cl)cc21,C1COCCO1,576.0
5797,O=[N+]([O-])c1ccc(/C=C/c2cn(S(=O)(=O)c3ccccc3)c3ccccc23)cc1,CCCCCCC,403.0
10353,O=c1c2ccccc2n2c3ccc(-c4ccccc4)cc3c(=O)c3cccc1c32,CN(C)C=O,486.0
12055,N#Cc1ccc(-c2cnc3cccc(-c4ccccc4)n23)cc1,ClCCl,457.0
5083,CC1=CC(C)=[N+]2C1=C(c1c3ccccc3c(C)c3ccccc13)c1c(C)cc(C)n1[B-]2(F)F,CCO,516.0
6645,CC1(C)Nc2ccccc2-c2[nH]c3ccccc3c(=O)c21,CO,531.0
5490,CCOC(=O)/C(C#N)=C\c1ccc2c(c1)c1ccccc1n2-c1ccc(C)cc1,CO,495.0
768,COc1cc(OC)cc(-c2ccc(C3=CC(c4ccccc4)=C(c4ccccc4)C3)cc2)c1,ClCCl,455.0
2065,COC(=O)c1ccc(/C=C2\N=C(c3ccccc3)NC2=O)cc1,C1COCCO1,461.0
11650,C(=C/c1ccncn1)\c1ccc(N2CCCCC2)cc1,ClCCl,498.0
7311,c1csc(-c2cnc(-c3cccs3)c3nonc23)c1,OCC(O)CO,633.0
8477,Cc1cccn2c1cc1c3ccccc3nc(-c3ccco3)c12,CS(C)=O,502.0
12183,O=C1Nc2ccccc2/C1=C/C(=O)c1ccccc1,CC#N,398.0
4524,Cc1cc(C)c(C)c(B(c2c(C)c(C)c(N3c4ccccc4Oc4ccccc43)c(C)c2C)c2c(C)c(C)c(N3c4ccccc4Oc4ccccc43)c(C)c2C)c1C,CC(C)(C)c1ccc(-n2c3ccc([Si](c4ccccc4)(c4ccccc4)c4ccccc4)cc3c3cc([Si](c4ccccc4)(c4ccccc4)c4ccccc4)ccc32)cc1,484.0
10524,COc1ccc(-c2nc3c(c4c2-c2ccc(C#N)cc2CC4)-c2ccc(C#N)cc2CC3)cc1,ClCCl,425.0
2717,O=C1/C(=C\c2ccc(N(c3ccccc3)c3ccccc3)cc2)S(=O)(=O)c2ccccc21,C1COCCO1,600.0
2079,CCCCNc1ccc(NCCCC)c2c1C(=O)c1ccccc1C2=O,CC(C)=O,671.0
8914,COc1ccc2cc(C#CC3=C4CCc5ccccc5C4=[O+][B-](F)(F)O3)ccc2c1,ClCCl,566.0
951,CC(=O)Nc1ccc(O)cc1,C1CCOC1,324.0
8058,CCC1=C(C)C2=C(C)c3cccn3[B-](F)(F)[N+]2=C1C,C1CCCCC1,515.0
2482,OC1(c2ccc(-c3cccs3)s2)CCCCC1,CCO,465.0
10454,CCn1c2ccccc2c2cc3c(cc21)c1ccccc1n3CC,ClC(Cl)Cl,425.0
9181,F[B-]1(F)OC(c2cc3c4c(c2)CCCN4CCC3)=Cc2cccc[n+]21,ClC(Cl)Cl,525.0
1759,CCN(CC)c1ccc2cc(-c3cn4ccccc4n3)c(=O)oc2c1,ClC(Cl)Cl,471.0
9984,CC1(C)c2ccccc2N(c2ccc(-c3nnc(-c4ccccc4O)o3)cc2)c2ccccc21,CS(C)=O,553.0
4422,c1csc(-c2ccc(-c3ccc(-c4cccs4)s3)s2)c1,ClCCl,480.0
6704,N#Cc1c(-n2c3ccccc3c3cc(I)ccc32)c(C#N)c(-n2c3ccccc3c3cc(I)ccc32)c(-n2c3ccccc3c3cc(I)ccc32)c1-n1c2ccccc2c2cc(I)ccc21,Cc1ccccc1,518.0
9916,COc1cc(/C=C/c2nc3ccccc3o2)c(OC)cc1/C=C/c1nc(C)nc(C)n1,CC#N,495.0
5182,CCCCCCCCCCCCC1(CCCCCCCCCCCC)c2cc(-c3ccc(C=C4C(=O)c5ccccc5C4=O)cc3)ccc2-c2ccc(-c3ccc(C=C4C(=O)c5ccccc5C4=O)cc3)cc21,CCCCCC,463.0
8533,COc1cc(/C=C2/SC(=O)NC2=O)cc(OC)c1O,CN(C)C=O,408.0
3701,COc1ccc(Nc2ccc3ccccc3n2)cc1,CCOC(C)=O,472.8
4243,OC1(c2ccc(-c3cccs3)s2)CCCCC1,C1CCOC1,458.0
688,Cc1ccc(C2=C3C=CC(c4ccccc4)=[N+]3[B-](F)(F)n3c(Cl)ccc32)cc1,C1CCOC1,555.0
3432,CC1=N/C(=C\c2ccccc2N)C(=O)N1C,C1CCCCC1,451.0
4944,COC(=O)C(Cc1ccc2oc(-c3ccc(N(C)C)cc3)nc2c1)NC(=O)OC(C)(C)C,CCOC(C)=O,381.5046544
966,COC(=O)C(Cc1ccc2oc(-c3ccc(N(C)C)cc3)nc2c1)NC(=O)OC(C)(C)C,OC1CCCCC1,398.9945338
11631,N#Cc1cc2ccccc2[nH]1,CC#N,330.0
10395,O=Cc1c(O)c(-c2nc3ccccc3s2)cc2ccccc12,CN(C)C=O,538.0
2713,c1ccc(-c2nnc(-c3cc(-c4nnc(-c5ccccc5)o4)c(-n4c5ccccc5c5ccccc54)cc3-n3c4ccccc4c4ccccc43)o2)cc1,O=P(c1ccccc1)(c1ccccc1)c1ccccc1Oc1ccccc1P(=O)(c1ccccc1)c1ccccc1,459.0
4757,FC(F)(F)c1ccc(-c2c3cccc4c5cccc6c(-c7ccc(C(F)(F)F)cc7)c7cccc8c9cccc2c9c(c34)c(c65)c78)cc1,Cc1ccccc1,699.0
11708,COC(=O)c1ccccc1C#Cc1ccccc1NC(C)=O,ClCCl,419.0
6320,COC(=O)c1c(NC(C)(C)C)oc(-c2ccccc2)c1C(=O)OC,CC#N,446.0
5975,COC(=O)c1cc(=O)n(C)c2cc(-c3cc(OC)c(OC)c(OC)c3)sc12,CC#N,495.0
3572,Clc1nc(Nc2ccccc2)nc(Nc2ccc3cc4ccccc4cc3c2)n1,CCCCOCCCC,430.0
5299,CCc1cc(CC)cc(-n2c3ccccc3c3cc4c(cc32)c2ccccc2n4-c2cc(CC)cc(CC)c2)c1,ClC(Cl)Cl,416.0
1990,CC(C)(C)c1ccc2oc(-c3ccc(-c4nc5cc(C(C)(C)C)ccc5o4)s3)nc2c1,Clc1ccccc1Cl,437.0
1205,CCCCCCCCOc1ccc(C2=C3C(C)=C(C#Cc4ccc(B(c5c(C)cc(C)cc5C)c5c(C)cc(C)cc5C)cc4)C(C)=[N+]3[B-](F)(F)n3c(C)c(C#Cc4ccc(B(c5c(C)cc(C)cc5C)c5c(C)cc(C)cc5C)cc4)c(C)c32)cc1,CC#N,598.0
4971,COc1ccc(C(=O)/C=C/c2ccc(N(C)C)cc2)cc1OC,CC#N,525.0
11925,CCN1C(=CC=Cc2n(CC)c3cc(Cl)c(Cl)cc3[n+]2CC)N(CC)c2cc(Cl)c(Cl)cc21,OCCO,532.0
6783,O=C(c1ccc(N(c2ccccc2)c2ccccc2)cc1)[C@H]1[C@H](c2cccs2)C[C@](O)(c2ccccn2)C[C@]1(O)c1ccccn1,CC#N,526.0
3600,C[Si]1(C)c2cc(-c3ccccc3)ccc2C=Cc2ccc(-c3ccccc3)cc21,ClCCl,413.0
6490,CCc1ccc(/C=N/c2cc(C(C)C)c(O)cc2C)cc1,CCCCO,420.0
8609,Cc1cc(O)c(C(=O)/C=C/c2ccc(Cl)cc2Cl)c(=O)o1,ClCCl,472.0
12234,COc1ccc([C@@H]2C[C@](O)(c3ccccn3)C[C@](O)(c3ccccn3)[C@H]2C(=O)c2ccc(N(c3ccccc3)c3ccccc3)cc2)cc1,CCOC(C)=O,495.0
8070,c1ccc2c(c1)CCc1c-2cnc2c1-c1ccccc1CC2,CC#N,358.0
8577,CSC1=C2C=C(c3cc4n(c3)[B-](F)(F)[N+]3=CC=CC3=C4c3c(C)cc(C)cc3C)C(C)=[N+]2[B-](F)(F)n2c(C)ccc21,CC(C)=O,694.0
7973,COc1ccc2cc(-c3ccc([N+](=O)[O-])cc3)ccc2c1,ClC(Cl)Cl,573.0
11997,Cc1ccc(-c2cc(-c3ccccc3)c3c(N)nc(N4CCCC4)c(C#N)c3n2)cc1,CC#N,528.0
1625,N#Cc1ccc(C#N)c(N)c1,CCO,412.0
536,COc1c2ccccc2c(OC)c2c1c1ccccc1n2C,CC#N,423.0
8766,COC(=O)[C@H](Cc1ccc2oc3c(c2c1)=CC1=C(c2ccc(OC)cc2)c2cc4c5cc(C[C@H](NC(=O)OC(C)(C)C)C(=O)OC)ccc5oc4n2[B-](F)(F)[N+]=31)NC(=O)OC(C)(C)C,CCOC(C)=O,597.0
7970,CC(=O)[B-]1(C(C)=O)OC(C)=CC(c2ccc3ccccc3c2)=[O+]1,CC#N,470.0
4212,N#Cc1c(-n2c3ccc(Cl)cc3c3cc(Cl)ccc32)c(C#N)c(-n2c3ccc(Cl)cc3c3cc(Cl)ccc32)c(-n2c3ccc(Cl)cc3c3cc(Cl)ccc32)c1-n1c2ccc(Cl)cc2c2cc(Cl)ccc21,Cc1ccccc1,518.0
6456,N#C/C(=C\C=C\c1ccc([N+](=O)[O-])cc1)c1ccccc1,CN(C)C=O,517.0
3507,CC1(C)CCc2c(c3ccccc3c3nc4ccccc4nc23)O1,CN(C)C=O,501.002004
8393,COc1cccc2cc(-c3cc4cccc(OC)c4oc3=O)oc12,CS(C)=O,488.0
9524,CC(C)[Si]1(C(C)C)c2cc(C#N)ccc2-c2ccc(N(c3ccccc3)c3ccccc3)cc21,CS(C)=O,500.0
7112,CN(C)c1ccc2nc(-c3ccc(C(=O)OC(C)(C)C)cc3)sc2c1,CC#N,550.0
2708,Cc1cc(-c2c3ccccc3c(-c3ccc4ccccc4c3)c3ccccc23)c(C)cc1-c1ccc(N(c2ccccc2)c2ccccc2)cc1,ClC(Cl)Cl,420.0
5031,Oc1ccc2ccc3cccc4ccc1c2c34,Brc1ccccc1,387.2966692
6514,CCN(CC)c1ccc(-c2nc3c4ccccc4n(C)c3nc2-c2ccc(B(c3c(C)cc(C)cc3C)c3c(C)cc(C)cc3C)cc2)cc1,Cc1ccccc1,545.0
4662,C(=C/c1cccnc1)\c1ccc(N(c2ccccc2)c2ccccc2)cc1,CC#N,476.0
4021,CC1=c2cc3c(cc2=[N+]2C1=Cc1c4ccccc4c(C)n1[B-]2(F)F)C1=Cc2c4ccccc4c(C)n2[B-](F)(F)[N+]1=C3C,ClC(Cl)Cl,868.0
1854,CC1=C(C(C)(C)C)C(C)=[N+]2C1=C(C)c1c(C)c(C(C)(C)C)c(C)n1[B-]2(F)F,C1CCCCC1,571.2
11555,N#Cc1ccc(/C=C/c2ccc3ncnc(Nc4ccccc4)c3c2)cc1,ClC(Cl)Cl,436.0
2872,CN(C)c1ccc2cc(C#Cc3cn([C@H]4C[C@H](O)[C@@H](CO)O4)c4ncnc(N)c34)ccc2c1,CO,424.0
3030,O=P(c1ccccc1)(c1ccccc1)c1ccc(-c2nc3ccccc3n2-c2ccc(P(=O)(c3ccccc3)c3ccccc3)cc2)cc1,ClCCl,384.0
9397,C1#Cc2ccccc2OCc2ccccc2COc2ccccc21,ClCCl,352.0
1645,CC(C)n1c(=O)c2cc3ccc4cccc5ccc(c2c1=O)c3c45,ClC(Cl)Cl,457.0
3417,CCCCCCN1C(=O)c2cccc3c(-c4ccc(-c5cc(-c6cccc7ccccc67)nn5-c5ccccc5)s4)ccc(c23)C1=O,ClCCl,515.0
3476,c1ccc(Nc2nc(Nc3ccccc3)nc(Nc3ccc4c5cccc6cccc(c7cccc3c74)c65)n2)cc1,CC#N,492.0
11715,O=C(/C=C/c1cn(-c2ccccc2)nc1-c1ccccc1)c1c(O)c2ccccc2oc1=O,ClCCl,502.0
11053,O=C1CC(c2ccc(Cl)cc2)c2c(c3ccccc3c3nc4ccccc4nc23)O1,ClC(Cl)Cl,434.0
1792,CC(C)(C)c1ccccc1N(c1ccccc1)c1ccc(S(=O)(=O)c2ccc(S(=O)(=O)c3ccc(N(c4ccccc4)c4ccccc4C(C)(C)C)cc3)cc2)cc1,Cc1ccccc1,444.0
3797,COc1ccc(-c2c3nc(c(-c4ccc(OC)cc4)c4ccc([nH]4)c(-c4ccc(OC)cc4)c4nc(c(-c5ccc(OC)cc5)c5ccc2[nH]5)C=C4N2CCOCC2)C=C3)cc1,CS(C)=O,672.0
3368,Cc1ccc(C2CC(c3ccc(O)cc3)=NN2c2ccc(S(N)(=O)=O)cc2)cc1,O,449.0
7196,CC1=[N+]2C(=C(c3c4ccccc4c(-c4ccccc4)c4ccccc34)c3ccc(C)n3[B-]2(F)F)C=C1,CC#N,536.0
11826,CN(C)c1ccc(-n2c(-c3ccc(C#N)cc3)nc3ccccc32)cc1,CC#N,586.0
5109,CC1=CC(c2ccc3cc(N(C)C)ccc3c2)=[O+][B-](F)(F)O1,C1CCOC1,566.0
6024,CN(C)c1cc(C#N)c(N(C)C)c(C#N)c1,CC#N,529.9417064
8795,COCCOCCOc1ccc(OCCOCCOC)c(C=O)c1,NC=O,463.0
11391,CCCCN(CCCC)c1ccc2c#cc3cc4c#cc5ccc(C(F)(F)F)cc5c#cc#cc5cc(C(F)(F)F)ccc5c#cc4cc3c#cc3ccc(N(CCCC)CCCC)cc3c#cc#cc2c1,c1ccccc1,504.0
126,c1ccc(Nc2nc(Nc3ccccc3)nc(Nc3ccc4ccc5cccc6ccc3c4c56)n2)cc1,CC#N,395.0
5959,O=Cc1ccc(C2=C3C=c4c(oc5ccccc45)=[N+]3[B-](F)(F)n3c2cc2c4ccccc4oc23)cc1,ClCCl,618.5
3876,C(=C/c1ncnc2ccccc12)\c1ccc(-c2ccc(N(c3ccccc3)c3ccccc3)cc2)cc1,C1CCCCC1,461.0
4451,Cc1cc2c3ccccc3[nH]c2c2[nH]c3ccccc3c12,ClCCl,371.0
7147,CN(C)c1ccc(C2=Nc3sc4c(F)c(F)c(F)c(F)c4[n+]3[B-](F)(F)O2)cc1,Cc1ccccc1,464.0
3531,c1cc2ccc3cc4cccc5ccc6cc(c1)c2c3c6c54,CC#N,436.0
10922,COC1=[N+]2C(=C(c3ccccc3)c3cc(SC#N)c(OC)n3[B-]2(F)F)C=C1SC#N,CC#N,553.0
827,CCC1(CC)c2cc(-c3ccc(-c4ccccc4)cc3-c3ccccc3)ccc2-c2nc3c(nc21)-c1ccc(-c2ccc(-c4ccccc4)cc2-c2ccccc2)cc1C3(CC)CC,C1CCOC1,434.0
9831,N#CC1=C(c2ccc(-c3cccs3)s2)CC1,CCCCCC,433.0
7790,CCCCOC(=O)c1ccccc1-c1c2ccc(=[N+](CC)CC)cc-2oc2cc(N(CC)CC)ccc12,CCO,572.0
984,CN(C)c1ccc(-c2nc3c(c4c2-c2ccccc2CC4)-c2ccccc2CC3)cc1,C1CCOC1,452.0
7783,CN(C)CCN(Cc1c2ccccc2cc2ccccc12)c1ccc([N+](=O)[O-])cn1,CN(C)C=O,415.0
10380,COc1cc(OC)cc(-c2nnc(-c3cc(-c4nnc(-c5cc(OC)cc(OC)c5)o4)cc(-c4nnc(-c5cc(OC)cc(OC)c5)o4)c3)o2)c1,CCO,385.0
11752,CCCCc1c2ccccc2c(-c2ccc(-c3nc4cc(CC(NC(=O)OC(C)(C)C)C(=O)OC)ccc4o3)cc2)c2ccccc12,CNC=O,458.9998394
2443,CCCCOc1c(-c2ccc(C=O)cc2)cc2cc(-c3ccc(C=O)cc3)c(OCCCC)c3c4c(OCCCC)c(-c5ccc(C=O)cc5)cc5cc(-c6ccc(C=O)cc6)c(OCCCC)c(c1c23)c54,ClCCl,500.0
8554,C(=C/c1ccnc2ccccc12)\c1ccc(/C=C/c2ccnc3ccccc23)cc1,C1CCCCC1,421.0
10541,c1ccc(-c2ccc3c(c2)c2cc(-c4ccccc4)ccc2n3-c2ccc3c(c2)c2cc(-n4c5ccc(-c6ccccc6)cc5c5cc(-c6ccccc6)ccc54)ccc2n3-c2ccc(-c3nc(-c4ccccc4)nc(-c4ccccc4)n3)cc2)cc1,Cc1ccccc1,457.0
345,O=C1c2ccccc2-c2ccc(Nc3nc(Cl)nc(Cl)n3)c3cccc1c23,CC#N,526.8703899
814,Oc1ccc(/N=C/c2ccccc2Oc2ccccc2)cc1,CC#N,424.0
6166,Cc1ccc(C#Cc2c3cc4ccccc4cc3c(C#C[Si](C(C)C)(C(C)C)C(C)C)c3cc4ccccc4cc23)cc1,ClCCl,661.0
11115,CN(C)c1ccc(C#Cc2ccccc2)cc1,CN(C)C=O,418.4975936
5779,C[n+]1ccc(/C=C/c2ccc([O-])cc2)cc1,CC(C)=O,610.0
2116,CCOC(=O)/C(C#N)=C\c1cn(-c2ccccc2)nc1-c1ccccc1,C1CCOC1,429.0
10026,Clc1ccc2nc3cc4ccccc4cc3c(-c3ccccc3)c2c1,ClCCl,527.0
793,O=C1/C(=C\c2ccc(N(c3ccccc3)c3ccccc3)cc2)S(=O)(=O)c2ccccc21,ClC(Cl)Cl,626.0
12193,COc1ccc(/C=C/c2cc[n+]3ccc(/C=C/c4ccc(OC)cc4)cc3c2)cc1,CO,540.0
6898,CCC1(CC)c2ccccc2-c2ccc(C#Cc3ccc4ccc5cccc6ccc3c4c56)cc21,ClC(Cl)Cl,413.0
2674,CCCCC1(CCCC)c2cc(C#Cc3ccc4ccc5cccc6ccc3c4c56)ccc2-c2ccc(N(c3ccccc3)c3ccccc3)cc21,CN(C)C=O,565.0
94,Cc1ccc(-c2cc(-c3ccccc3Cl)c3c(N)nc(N4CCCC4)c(C#N)c3n2)cc1,CC(C)O,516.0
4225,O=C1c2cccn2[B-](F)(F)[n+]2ccccc21,CO,568.0
3756,c1ccc(-c2nc(-c3ccccc3)c(N(c3ccccc3)c3ccccc3)s2)cc1,ClC(Cl)Cl,463.0
2891,N#Cc1ccc(C#Cc2ccc3ccc4ccc(C#Cc5ccc(C#N)cc5)c5ccc2c3c45)cc1,CCCCCCO,448.0
2371,CCN(CC)c1ccc2c(-c3ccccc3C(=O)O)c3c([o+]c2c1)/C(=C/Nc1ccccc1)CCC3,CCO,641.0
11509,c1ccc2nc(-n3c4ccccc4c4ccccc43)c(-n3c4ccccc4c4ccccc43)nc2c1,C1CCOC1,516.7938931
3228,CN(C)c1ccc2c(c1)Cc1ccccc1-2,CCCCCCO,367.0
7863,CN(C)c1ccc(-c2ncnc3ccccc23)cc1,CC#N,529.0
6359,CN(C)c1ccc(-n2c(-c3ccncc3)nc3nccnc32)cc1,CC#N,405.0
11273,COc1ccc(C(=O)/C=C/c2ccc(N(C)C)cc2)cc1OC,CC(C)=O,511.0
7326,CC(C)(C)c1cc2ccc3cc(C(C)(C)C)cc4c(N(c5ccccc5)c5ccccc5)cc(c1)c2c34,C1CCOC1,455.0108932
6028,CCC1=C(C)C2=C(c3cc(C4=C5C(C)=C(CC)C(C)=[N+]5[B-](F)(F)n5c(C)c(CC)c(C)c54)cc(C4=C5C(C)=C(CC)C(C)=[N+]5[B-](F)(F)n5c(C)c(CC)c(C)c54)c3)c3c(C)c(CC)c(C)n3[B-](F)(F)[N+]2=C1C,Cc1ccccc1,571.0
11045,COc1ccc(-n2c3ccccc3c3cc(/C=C/C(=C(C#N)C#N)c4ccccc4)ccc32)cc1,CO,597.0
11104,CCC[Si](CCC)(CCC)c1cc2ccc3cccc4ccc(c1C(=O)NC(C)(C)C)c2c34,ClC(Cl)Cl,383.0
1865,O=P(c1ccccc1)(c1ccccc1)c1ccc(N2c3ccccc3Oc3ccccc32)cc1,CO,557.6443941
4612,CCCCCCc1ccc(-n2c3[n+](c4c5ccccc5c5ccccc5c42)[B-](C)(C)c2ccc4ccccc4c2-3)cc1,C1CCOC1,444.0
10049,c1ccc(-n2nc(-c3ccc(N4c5ccccc5Oc5ccccc54)cc3)nc2-c2ccccn2)cc1,ClCCl,468.0
2645,COc1cc2c(cc1OC)C1=C[C@H](c3ccc(Cl)cc3)C3(C(C#N)=C(C#N)N1CC2)c1ccccc1-c1ccccc13,ClCCl,405.0
2243,c1ccc(-c2cc(-c3ccccc3)[o+]c(-c3ccccc3)c2)cc1,ClCCCl,463.0
5373,Nc1ccc2ccc([O-])cc2c1,O,407.0
2336,CC(C)(C)c1ccc2c(c1)c1cc(C(C)(C)C)ccc1n2-c1ccccc1-c1nc(-c2ccccc2P(=O)(c2ccccc2)c2ccccc2)nc(-c2ccccc2P(=O)(c2ccccc2)c2ccccc2)n1,Cc1ccccc1,498.4101749
950,COC(=O)c1c2ccccc2nc2ccccc12,CC#N,422.0
1120,CN(C)c1ccc(/C=C/c2cc[n+](CCC[n+]3ccc(/C=C/c4ccc(N(C)C)cc4)cc3)cc2)cc1,ClC(Cl)Cl,566.0014263
10789,C(=C/c1nc2ccccc2[nH]1)\c1ccc(/C=C/c2nc3ccccc3[nH]2)cc1,CN(C)C=O,433.0
2204,O=S(=O)([O-])c1ccccc1/C=C/c1ccc(-c2nnc(-c3ccc(/C=C/c4ccccc4S(=O)(=O)[O-])cc3)o2)cc1,CN(C)C=O,422.0
419,COc1cccc(-n2c(-c3ccc(F)cc3)nc(C)c2C)c1,CCCCO,370.0
922,COc1nnc(Cl)nn1,OCC(F)(F)F,558.0
9446,CCc1c(C)c2n(c1C)[B-](F)(F)[N+]1=C(c3ccc[nH]3)c3ccccc3C1=C2C,Cc1ccccc1,630.0
8669,CCC1(CC)c2cc(-c3ccc(N(c4ccc(-c5ccc6c(c5)C(CC)(CC)c5cc(N7c8ccccc8C(C)(C)c8ccccc87)ccc5-6)cc4)c4ccc(-c5ccc6c(c5)C(CC)(CC)c5cc(N7c8ccccc8C(C)(C)c8ccccc87)ccc5-6)cc4)cc3)ccc2-c2ccc(N3c4ccccc4C(C)(C)c4ccccc43)cc21,ClC(Cl)Cl,431.0
10227,CN(C)c1ccc(C2=C3C=C(c4ccc(C=C(C#N)C#N)cc4)S[C@]34c3ccccc3[C@H]2c2ccccc24)cc1,ClCCl,748.0
5408,CCC(CC)COC1=CC2=C3c4cc(OCC(CC)CC)c(-c5ccccc5)n4[B-](F)(F)[n+]4c3n(c3cc(C(C)(C)C)ccc34)[B-](F)(F)[N+]2=C1c1ccccc1,CC#N,733.0
5788,Oc1ccc2ccccc2c1-c1nc(-c2ccccc2)c2ccccn12,C1CCCCC1,407.0
5742,Cc1cc(-c2cccc3ccccc23)cc(C)[o+]1,ClCCl,554.0
7667,COc1cc(-c2cnc(-c3ccncc3)o2)cc(OC)c1OC,ClCCl,465.0
5567,C[n+]1ccnc(/C=C/c2ccc(N(c3ccccc3)c3ccc(/C=C/c4c[n+](C)ccn4)cc3)cc2)c1,OCC(O)CO,690.0
8135,CCC1=C(C)C2=C(C)c3cc(I)cn3[B-](F)(F)[N+]2=C1C,CCO,534.0
1202,COc1ccc(-c2oc3c(c2Br)=[N+]2C(=C(C(F)(F)F)c4cc5oc(-c6ccc(OC)cc6)c(Br)c5n4[B-]2(F)F)C=3)cc1,ClC(Cl)Cl,756.0
10818,Cc1cc(C)c(B(c2ccc(-c3ccc4ccc5cccc6ccc3c4c56)cc2)c2c(C)cc(C)cc2C)c(C)c1,Cc1ccccc1,431.0
5765,CN(C)c1ccc(/C=C/C=C2\CCCC2=O)cc1,ClC(Cl)Cl,530.0
8389,COc1ccc(-c2c3nc(cc4ccc([nH]4)c(-c4ccc(OC)c(OCCCC(=O)O)c4)c4nc(cc5ccc2[nH]5)C=C4)C=C3)cc1OCCCC(=O)O,CS(C)=O,639.0
1970,N#Cc1c(C#N)c2cc(F)ccc2c2ccc(F)cc12,ClC(Cl)Cl,374.0
4018,CCCCC(CC)CN1C(=O)c2cccc3c(C#Cc4ccc(N(c5ccccc5)c5ccccc5)cc4)ccc(c23)C1=O,Cc1ccccc1,512.0
10343,CCCCC(CC)CN1C(=O)c2cccc3c(C#Cc4ccc(N(c5ccccc5)c5ccc(C#Cc6ccc7c8c(cccc68)C(=O)N(CC(CC)CCCC)C7=O)cc5)cc4)ccc(c23)C1=O,C1CCCCC1,472.0
3687,COc1cccc(C2=CC3=C(c4c(C)cc(C)cc4C)c4cc(-c5cccc(OC)c5)c(-c5cccc(OC)c5)n4[B-](F)(F)[N+]3=C2c2cccc(OC)c2)c1,C1CCCCC1,633.0
1997,CNc1cc2nc3cc(Cl)c(Cl)cc3nc2cc1NC,CCO,541.0
4033,COc1ccc(-c2nc(-c3cccc(OC)c3)[nH]c2-c2ccc(OC)cc2)cc1,CO,399.0
1248,O=S(=O)(c1cccc(-n2c3ccccc3c3ccccc32)c1)c1cccc(-n2c3ccccc3c3ccccc32)c1,ClC(Cl)Cl,422.0
2192,CCCN1C(=O)c2c3c(c4c(c2C1=O)CCc1cc(-c2ccc(N(C)C)cc2)c(OC)cc1-4)-c1cc(OC)c(-c2ccc(N(C)C)cc2)cc1CC3,C1CCCCC1,511.0
2712,O=c1[nH]c2ccccc2[nH]1,CC(C)=O,307.0027323
9184,CN(C)c1ccc(C#Cc2ccc(C#N)cc2)cc1,CC(C)CC(C)(C)C,379.99696
2190,CN(C)C(=O)c1ccc(-c2nc3ccc(N(C)C)cc3s2)cc1,CO,543.0
4670,CC1(C)C(/C=C/C2=C(Oc3ccc(CCN=C=S)cc3Cl)/C(=C/C=C3/N(CCCS(=O)(=O)[O-])c4ccccc4C3(C)C)CCC2)=[N+](CCCS(=O)(=O)[O-])c2ccccc21,CO,797.0
5142,CCNc1ccc(NCC)c2c1C(=O)c1ccccc1C2=O,CO,669.0
5984,CCN(CC)c1ccc2cc(-c3csc(NC(C)=O)c3C#N)c(=O)oc2c1,C1CCOC1,457.0
6565,CN(C)c1ccc(/C=C/C(=O)O)cc1,CCCO,441.0
7804,Nc1ccc2nc3c4ccccc4c(=[NH2+])cc-3oc2c1,CCO,619.0
6943,CN(C)c1ccc(C#Cc2ccc(C#N)cc2)cc1,CS(C)=O,573.0002292
9510,N#CSC1=CC2=C(c3ccccc3)c3ccc(N4CCOCC4)n3[B-](F)(F)[N+]2=C1N1CCOCC1,CC#N,605.0
10055,COc1ccc(C2=C3C=CC(C)=[N+]3[B-](F)(F)n3c(C)ccc32)cc1,ClC(Cl)Cl,523.0
10535,CC(C)(C)c1ccc2c(c1)c1cc(C(C)(C)C)ccc1n2-c1ccc(S(=O)(=O)c2ccc(-n3c4ccc(C(C)(C)C)cc4c4cc(C(C)(C)C)ccc43)cn2)nc1,Cc1ccccc1,444.3740095
10641,COc1ccc2c(c1)C(=O)c1ccccc1-2,C1CCCCC1,518.0
2136,CCC1(CC)c2ccccc2-c2c1c1c(c3c2C(CC)(CC)c2cc(B(c4c(C)cc(C)cc4C)c4c(C)cc(C)cc4C)ccc2-3)C(CC)(CC)c2ccccc2-1,CC(C)=O,395.0
1065,COC(=O)c1nc2cnc(N(C)C)nc2n1Cc1ccccc1,ClCCl,433.0
600,Cc1cc2c(o1)c(C)cc1ccc(=O)oc12,C1COCCO1,380.0
4227,F[B-]1(F)OC(c2ccccc2)=Cc2cc(Cl)nc[n+]21,C1CCOC1,428.0
10813,COc1ccc(-c2cc(-c3ccc(C)cc3)c(C#N)c(OC)n2)cc1,C1CCOC1,400.0
7577,CN(C)CCNc1ccc([N+](=O)[O-])cc1[N+](=O)[O-],CCO,394.0
77,CC(C)[Si](C#Cc1c2nc3ccccc3nc2c(C#C[Si](C(C)C)(C(C)C)C(C)C)c2nc3c(ccc4ccccc43)nc12)(C(C)C)C(C)C,CCCCCC,656.0
7546,CCN(CC)/C(C)=N\c1ccc2c3c(cccc13)C(=O)c1ccccc1-2,CCCCCC,544.0
2898,COc1cccc2c1-c1ccccc1C2=O,CC#N,568.0
4820,COc1ccc2cc([C@H](C)C(=O)O)ccc2c1,C1CCOC1,351.7
9506,C=CCOc1ccc(-c2nc3cc(C(NC(=O)OC(C)(C)C)C(=O)OC)ccc3o2)cc1,CC1CCCCC1,329.0
11403,Fc1c(F)c(F)c2c(c1F)C1=Nc3c4c(F)c(F)c(F)c(F)c4c4n3[B-]3(Cl)n5c(c6c(F)c(F)c(F)c(F)c6c5=N4)=NC2=[N+]13,CCO,585.0
6413,C1CCN2CCCn3c2c(c2c3=NCCN=2)C1,CCCCCC,416.0
9444,CCCCCCCN1C(=CC2=C([O-])C(=Cc3sc4ccccc4[n+]3CCCCCCC)C2=C(C#N)C#N)Sc2ccccc21,CN(C)C=O,717.0
9064,NS(=O)(=O)c1ccc(N2N=C(c3ccc(O)cc3)CC2c2ccc(F)cc2)cc1,CC(C)O,423.0
8007,CCCCCCC(CCCCCC)N1C(=O)c2cccc3c(-c4cc(OC)c(OC)c(OC)c4)ccc(c23)C1=O,CCCCCCCCCCCO,526.4
5468,NS(=O)(=O)c1ccc(N2N=C(c3ccc(O)cc3)CC2c2ccccc2)cc1,CS(C)=O,424.0
5951,C(#Cc1ccccc1C#Cc1ccccc1)c1ccccc1,CC#N,360.0
11157,O=Cc1cc(O)c(C=O)cc1O,CN(C)P(=O)(N(C)C)N(C)C,493.0
3391,CN(C)c1cccc2c1-c1ccccc1C2=O,CC#N,646.0
5415,O=C(O)COc1cccc(OCC(=O)O)c1-c1c2ccc(=[N+]3CCCCC3)cc-2oc2cc(N3CCCCC3)ccc12,O,594.0
2560,COc1ccc(C2=C3C(/C=C/c4cc(OC)c(OC)c(OC)c4)=C(C=O)C(C)=[N+]3[B-](F)(F)n3c(C)c(C=O)c(C=Cc4cc(OC)c(OC)c(OC)c4)c32)cc1,ClCCl,673.0
12128,C#CCNC1=C2C(C)=CC(C)=[N+]2[B-](F)(F)n2c(C)cc(C)c21,OCC(F)(F)F,494.5
8162,Cc1cccc(NC(=O)c2ccc(N(C)C)cc2)c1,C1CCCCC1,452.0
2635,CCOC(=O)c1ccc(C2CC(c3cccc4ccccc34)=NN2c2ccc(C#N)cc2)cc1,ClCCl,430.0
5256,COc1ccccc1-c1c(-c2ccccc2O)nc(-c2ccc(C(F)(F)F)cc2)n1-c1ccc(C)cc1,ClCCl,335.0
3530,COc1ccc(C(=O)/C=C2\C(=O)Nc3ccccc32)c(OC)c1,O,411.0
8567,CN(C)c1ccc(/C=C/C=N/N=C/c2ccc3ccc4cccc5ccc2c3c45)cc1,CO,474.0
1908,CN(C)c1ccc(/C=C/C=C2\CC/C(=C\c3ccc(N(C)C)cc3)C2=O)cc1,CC#N,666.0
11352,CCn1c2ccccc2c2cc(C#Cc3cc(C#Cc4ccc5c(c4)c4ccccc4n5CC)nc(OC)n3)ccc21,C1CCOC1,445.0
235,CN(C)c1cccc2c1C(=O)c1ccccc1C2=O,CCCCCC,566.2
1604,CCCCC1(CCCC)c2cc(C#Cc3ccc4ccc5cccc6ccc3c4c56)ccc2-c2ccc(N(c3ccccc3)c3ccccc3)cc21,C1CCCCC1,436.0
7984,CCCN(c1ccccc1)c1ccc2c(c1)C(CC)(CC)c1cc(/C=C/c3ccc(/C=C(\C#N)C(=O)O)s3)ccc1-2,ClCCl,600.0
9310,CC1(C)Nc2cc(Cl)ccc2-c2[nH]c3ccccc3c(=O)c21,CCOC(C)=O,482.0
3490,CN(C)CCN(Cc1c2ccccc2cc2ccccc12)c1ccc([N+](=O)[O-])cn1,C1CCCCC1,417.0
12079,CCCCC(CC)Cn1c2cc(C#N)c(-c3ccc(N(c4ccccc4)c4ccccc4)cc3)cc2c2cc(-c3ccc(N(c4ccccc4)c4ccccc4)cc3)c(C#N)cc21,ClCCl,513.0
11150,CCCCCCCCN1c2ccc(C#Cc3ccc(C(F)(F)F)cc3)cc2Sc2cc(C=O)ccc21,Cc1ccccc1,509.0
1994,CN(C)c1ccc(/C=C/c2cc[n+](CCCCC[n+]3ccc(/C=C/c4ccc(N(C)C)cc4)cc3)cc2)cc1,ClC(Cl)Cl,574.0000918
2824,CCOC(=O)c1sc(SC)c2c(=O)[nH]nnc12,CO,499.0
11381,FC(F)(F)c1ccc(-c2nnc(-c3cc(-n4c5ccccc5c5ccccc54)c(-n4c5ccccc5c5ccccc54)cc3-c3nnc(-c4ccc(C(F)(F)F)cc4)o3)o2)cc1,Cc1ccccc1,487.0
10568,O=[N+]([O-])c1ccc(NCCN(Cc2c3ccccc3cc3ccccc23)c2ccc([N+](=O)[O-])cc2[N+](=O)[O-])c([N+](=O)[O-])c1,ClC(Cl)Cl,417.0
1342,COc1cc(Br)cc2cc(-c3cc4cc(Br)cc(OC)c4oc3=O)oc12,CC#N,381.0
8512,C(=C/c1cnccn1)\c1ccc(N(c2ccccc2)c2ccc(/C=C/c3cnccn3)cc2)cc1,ClCCl,569.0
1619,COC(=O)c1cc(=O)n(Cc2ccccc2)c2cc(-c3ccc(OC)cc3)sc12,CC#N,477.0
5287,C[n+]1ccc2c(ccc3c[n+](C)ccc32)c1,CC#N,407.0
2060,COc1ccc2c(c1)CCc1c-2nc(N)c(C#N)c1-c1ccc(Br)cc1,CS(C)=O,427.0
12203,CN1CCN(c2ccc3c4c(cccc24)C(=O)c2ccccc2-3)CC1,Cc1ccccc1,569.0
2219,COC(=O)c1ccc(C2=C3C=CC(C)=[N+]3[B-](F)(F)n3c(C)ccc32)cc1,CO,533.0
9865,O=c1oc2ccccc2c2c1c(=O)oc1cc(O)c3ccccc3c12,ClCCl,529.0
6038,CCOC(=O)/C(C#N)=C/c1cc2c3ccccc3n(C)c2cc1OC,C1CCOC1,460.0
260,Cc1cc(-c2nc(-c3ccccc3)nc(-c3ccccc3)n2)ccc1N1c2ccccc2CCc2ccccc21,Cc1ccccc1,481.7460317
11482,O=S(=O)(c1cccc(-n2c3ccccc3c3ccccc32)c1)c1cccc(-n2c3ccccc3c3ccccc32)c1,Cc1ccccc1,405.0
10231,COc1ccc(C2=[N+]3C(=C(c4ccc(C#N)cc4)c4cc(Cl)c(-c5ccc(OC)cc5)n4[B-]3(F)F)C=C2Cl)cc1,C1CCOC1,643.0
9093,CC1(C)C(/C=C/C2=C(Cl)/C(=C/C=C3/N(CCCCCC(=O)O)c4ccccc4C3(C)C)CCC2)=[N+](CCCCCC(=O)O)c2ccccc21,CO,808.0
3744,CN(C)c1ccc(/C=C/C=C2\CC/C(=C\c3ccc(N(C)C)cc3)C2=O)cc1,CO,737.0
2026,COc1ccc(/C=C/c2cc(/C=C/c3ccc(OC)cc3)nc(/C=C/c3ccccc3)n2)cc1,Cc1ccccc1,408.0
6988,c1ccc(N(c2ccccc2)c2ccc(-c3ccc4c(c3)C3(c5cc(-c6ccc(N(c7ccccc7)c7ccccc7)cc6)ccc5S4)c4ccccc4-c4ccccc43)cc2)cc1,ClCCl,410.0
4234,COc1ccc(/C=C/C=C/C2=NC3C(=O)NC(N)=NC3N2[C@H]2C[C@H](O)[C@@H](CO)O2)cc1,CO,438.0
1917,N#Cc1ccc(-n2cccc2)cc1,CCCCCC,332.0
1828,CCCCCCC(CCCCCC)N1C(=O)c2cccc3c(-c4ccc(OC)cc4)ccc(c23)C1=O,Cc1ccccc1,443.2
9765,CCN(CC)c1ccc2cc(/C=C/C3=CC(/C=C/c4cc5ccc(N(CC)CC)cc5oc4=O)=[O+][B-](F)(F)O3)c(=O)oc2c1,ClCCl,705.0
6233,COc1ccc(-c2cc(-c3ccc(C)cc3)c(C#N)c(OC)n2)cc1,CO,405.0
11740,O=c1cc(C(F)(F)F)c2cc3c4c(c2o1)CCCN4CCC3,CCO,531.0
6283,COc1ccc(-c2ccc3c(c2)[Si](C)(C)c2cc(-c4ccc(OC)cc4)ccc2C=C3)cc1,ClCCl,424.0
4208,COc1ccc(-n2nc(C(=O)N3CCCC3)c(N3CCCC3)n2)cc1,CCO,410.0
224,COc1ccc2c3c(cccc13)C(=O)c1ccccc1-2,CCOCC,498.0079681
8915,COc1ccc2c(CC(=O)NN)coc2c1,CCOC(C)=O,368.0
10002,Cc1cc(C)c(C2=C3C=C(c4ccc(C(C)(C)C)cc4)C(c4ccc(C(C)(C)C)cc4)=[N+]3[B-](F)(F)n3c2cc(-c2ccc(C(C)(C)C)cc2)c3-c2ccc(C(C)(C)C)cc2)c(C)c1,CC#N,643.0
9333,CN1/C(=C/C=C(/C=C/c2sc3ccccc3[n+]2C)c2ccc(F)cc2)Sc2ccccc21,O,669.0
6469,CCN1c2ccccc2Sc2cc(/C=C(\C#N)c3ccccc3)ccc21,CS(C)=O,598.0
11542,C(=C/c1ncnc2ccccc12)\c1ccc(N(c2ccccc2)c2ccccc2)cc1,ClCCl,571.0
10954,c1ccc2c(-n3c4ccccc4c4ccccc43)cccc2c1,C1CCCCC1,367.0
846,CC(C)(C)c1cc(C(C)(C)C)c2oc3c(c2c1)C=CN1C(=O)C2=C4c5oc6c(C(C)(C)C)cc(C(C)(C)C)cc6c5C=CN4C(=O)C2=C31,CN(C)C=O,658.0
4289,CCC1=C(C)C2=Cc3c(I)c(I)c(I)n3[B-](F)(F)[N+]2=C1C,CC(C)=O,553.0
5560,NC(=O)CC[C@H](/[NH+]=C\C=C1\C=C(C(=O)O)N[C@H](C(=O)O)C1)C(=O)O,CCO,499.0
2551,O=C1OC(=O)C2=C1[Se][C@]13C2=C[C@H](c2ccccc21)c1ccccc13,ClCCl,517.0
11120,c1ccc(-c2nc(-c3ccc(-c4ccc(N(c5ccccc5)c5ccccc5)cc4)cn3)oc2-c2ccccc2)cc1,CCCCOCCCC,431.0
117,COc1ccc(-n2nc(C#N)c(N3CCCC3)n2)cc1,CCO,415.0
8837,Cn1c(=O)c(/N=N/c2ccc(Nc3ccc([N+](=O)[O-])cc3S(=O)(=O)O)cc2)c(O)c2ccccc21,C1CCOC1,615.0
5966,CCC1=C(C)C2=C(c3c4ccccc4cc4ccccc34)c3c(C)c(CC)c(C)n3[B-](F)(F)[N+]2=C1C,CN(C)C=O,541.0
8195,O=P12n3c4c5ccccc5c3/N=C3\N=C(/N=c5/c6ccccc6c(n51)=c1c5ccccc5c(n12)=N4)c1ccccc13,CN(C)C=O,663.0
8659,COC(=O)CCC(NC(=O)CCNc1cccc2ccccc12)C(=O)OC,CCO,414.0
7489,CN(C)c1ccc(-c2ccc3c(=O)c(O)coc3c2)cc1,CCCCCCC,393.0
5,Cc1cc(-c2ccc(C(C)(C)C)cc2)cc(C)[o+]1,ClCCl,417.0
5342,N#C[Se]CCCCCOc1ccc2ccc(=O)oc2c1,OCCO,392.0
9111,COc1ccc2n1[B-](F)(F)[N+]1=CC=CC1=C2c1ccccc1,CCCCCC,514.0
10787,COc1cc(/C=C/c2ccccc2)cc(OC)c1,CC(C)O,382.0
4324,CCC1(CC)c2ccccc2-c2c1c1c(c3c2C(CC)(CC)c2cc(B(c4c(C)cc(C)cc4C)c4c(C)cc(C)cc4C)ccc2-3)C(CC)(CC)c2cc(B(c3c(C)cc(C)cc3C)c3c(C)cc(C)cc3C)ccc2-1,C1CCOC1,387.0
1063,F[B-]1(F)n2cccc2C=C2C=CC=[N+]21,CCCCCC,509.0
2590,Cn1cccc1-c1cc(C#N)ccc1C#N,C1CCOC1,489.0
8434,Oc1cc(N(c2ccccc2)c2ccccc2)ccc1-c1nc2c3ccccc3c3ccccc3c2[nH]1,CC#N,431.0
9352,Oc1cccc(/N=C/c2ccccc2Oc2ccccc2)c1,CS(C)=O,396.0
11062,CC1(C)c2ccccc2N(c2c(F)cc(-c3nnc(-c4ccccc4)o3)cc2F)c2ccccc21,Cc1ccccc1,490.0
3735,COc1ccc(C2=C(C)C3=C(c4c(-c5ccccn5)nc5ccccn45)c4c(C)cc(C)n4[B-](F)(F)[N+]3=C2C)cc1,ClCCl,592.0
10589,OCC1O[C@@H](Cc2cc(O)cc(/C=C/c3ccc(O)c(O)c3)c2)[C@H](O)[C@@H](O)[C@@H]1O,CCCCO,385.0
3517,FC(F)(F)c1ccc(-c2nnc(-c3cc(-n4c5ccccc5c5ccccc54)c(-n4c5ccccc5c5ccccc54)cc3-c3nnc(-c4ccc(C(F)(F)F)cc4)o3)o2)cc1,CC#N,544.9740444
6986,COc1ccc2cc([C@H](C)C(=O)O)ccc2c1,CC#N,352.7
10755,COc1ccc(-c2cc(-c3ccc(C#N)cc3)nn2C)cc1,ClCCl,384.0
6767,CCCCCCOc1ccc(C#Cc2ccc(C#Cc3ccc(OCCCCCC)c(OCCCCCC)c3)c3nsnc23)cc1OCCCCCC,ClCCCl,581.0
5622,COc1cc(OC)c2ccc(=O)oc2c1,CC(C)O,417.0
1605,CC(=O)OC[C@H]1O[C@@H](OCC#Cc2ccc(C3=C4C(C)=CC(/C=C/c5ccc([N+](C)(C)C)cc5)=[N+]4[B-](F)(F)n4c(/C=C/c5ccc([N+](C)(C)C)cc5)cc(C)c43)cc2)[C@H](OC(C)=O)C(OC(C)=O)[C@@H]1OC(C)=O,CC#N,629.0
1733,O=[N+]([O-])c1ccc2c(c1)-c1c3c(c4c([n+]1[B-](F)(F)O2)CCc1ccccc1-4)CCc1ccccc1-3,ClCCl,531.0
10516,Cc1ccc(C2=C3C=CC(c4ccccc4)=[N+]3[B-](F)(F)n3c(Cl)ccc32)cc1,C1CCCCC1,553.0
10901,COc1cccc(/C=C/C(=O)c2c(O)cc(C)oc2=O)c1,ClCCl,490.0
11823,CCN(CC)c1ccc2c(c1)OC1=C(/C=C/C3=[N+](C)c4ccccc4C3(C)C)CCCC1=C2c1ccccc1C(=O)O,ClC(Cl)Cl,738.0
9504,[C-]#[N+]c1ccc(-c2ccc(NC)cc2)cc1,ClCCl,405.0
3812,N#Cc1nc2c(nc1C#N)C1c3ccc(N(c4ccccc4)c4ccccc4)cc3C2c2ccc(N(c3ccccc3)c3ccccc3)cc21,ClCCl,495.0
11806,CC1(C)Nc2ccccc2-c2[nH]c3ccccc3c(=O)c21,CN(C)C=O,506.0
10554,CSc1sc(C(=O)c2ccccc2)c2nn[nH]c(=O)c12,CS(C)=O,497.0
10167,CN(C)CCCN1c2ccccc2Sc2ccc(C(F)(F)F)cc21,CC#N,470.0
1761,[C-]#[N+]c1ccc(-c2ccc(N)cc2)cc1,CO,419.0
5401,COc1cc(S(=O)(=O)[O-])c2ccc3c(S(=O)(=O)[O-])cc(S(=O)(=O)[O-])c4ccc1c2c43,OCCO,420.9994527
2739,O=S(=O)([O-])c1ccc(O)c2ccccc12,CC#N,358.0
11814,Clc1ccc(N2c3sc4ccccc4c3Sc3c2sc2ccccc32)cc1,ClCCl,546.0
2472,COc1ccc(/C=C/C2=CC(/C=C/c3ccc(OC)c(OC)c3)=[O+][B-](F)(F)O2)cc1OC,CCOCC,521.94
6738,Cc1ccc2cc3cc(C)ncc3cc2c1,CCO,443.2624113
6891,CCOC(=O)/C(C#N)=C(\C=C\c1ccc(N(c2ccccc2)c2ccc(/C=C/C(=C(/C#N)C(=O)OCC)c3ccccc3)cc2)cc1)c1ccccc1,CC(C)=O,634.0
7943,O=C1CCCC2=C1CC1=C(CCCC1=O)N2NC(=O)c1ccccc1,ClC(Cl)Cl,440.0
9685,F[B-]1(F)n2c(cc3c4ccccc4oc32)C(c2ccccc2)=C2C=c3c(oc4ccccc34)=[N+]21,CCOC(C)=O,596.5
4206,C(=C/c1ncc(-c2ccc(OCc3ccccc3)c(OCc3ccccc3)c2)o1)\c1cccc(N2CCCC2)c1,ClCCl,485.0
6371,CN(c1ccccc1)c1ccc(/C=C2\C(=O)c3ccccc3S2(=O)=O)cc1,CCOC(C)=O,533.0
10350,O=C1OC(=O)[C@H]2[C@@H]1[C@@H]1C[C@H]2c2c1c(-c1ccccc1)c1ccccc1c2-c1ccccc1,ClC(Cl)Cl,362.0
9361,CN(C)c1ccc(C#Cc2ccc(-c3nc(C#N)c(C#N)n3C)cc2)cc1,C1CCCCC1,406.0
10348,O=P1(c2ccccc2)C(c2cc(C(F)(F)F)cc(C(F)(F)F)c2)=Cc2c3ccc4cccc5ccc(c6cc(-c7ccc(N(c8ccccc8)c8ccccc8)cc7)n1c26)c3c45,ClC(Cl)Cl,603.0
232,CCCCOC(=O)c1ccccc1-c1c2ccc(=[N+](CC)CC)cc-2oc2cc(N(CC)CC)ccc12,O,584.0
8258,Cc1ccc(OCc2cc(=O)oc3c2ccc2ccccc23)cc1,CCCO,427.0
7561,Cc1cc(O)c(C(C)C)cc1/N=C/c1ccc(O)cc1,CC#N,411.0
9795,N#Cc1ccc(C#Cc2ccc3ccc4ccc(C#Cc5ccc(C#N)cc5)c5ccc2c3c45)cc1,C1COCCO1,443.3
6168,N#Cc1ccc(-c2ccc(C3=CCC(c4ccccc4)CC3)s2)s1,CCCCCC,427.0
3596,O=C(O)c1ccccc1Nc1cccc(C(F)(F)F)c1,C1COCCO1,410.0
6288,CC1(C)c2ccccc2N(c2ccc3nc4c5ccc(N6c7ccccc7C(C)(C)c7ccccc76)cc5c5cc(N6c7ccccc7C(C)(C)c7ccccc76)ccc5c4nc3c2)c2ccccc21,c1cc(-c2cccc(-n3c4ccccc4c4ccccc43)c2)cc(-n2c3ccccc3c3ccccc32)c1,590.0
4632,CCCCCCCC(=O)Oc1ccc2c3cccc4c(OC(=O)CCCCCCC)ccc(c5cccc1c52)c43,C1CCOC1,454.0107514
125,c1ccc2c(-n3cnc4ccccc43)cccc2c1,CCOC(C)=O,361.0
7641,O=C(O)C1CCCN1C(=O)c1ccc(C2CC(c3cccc4ccccc34)=NN2c2ccccc2)cc1,C1CCCCC1,482.0
6229,c1cc2ccc3cccc4ccc(c1)c2c34,ClCCl,374.0
1296,c1ccc(N(c2ccccc2)c2ccc(-c3ccc4c(c3)C3(c5cc(-c6ccc(N(c7ccccc7)c7ccccc7)cc6)ccc5S4)c4ccccc4-c4ccccc43)cc2)cc1,Cc1ccccc1,398.7358916
1976,CN(C)c1ccc(-c2nc3cnccc3[nH]2)cc1,O,415.0
11625,O=C1/C(=C\c2ccc(N(c3ccccc3)c3ccccc3)cc2)S(=O)(=O)c2ccccc21,CN(C)C=O,520.0
11568,COC(=O)C(Cc1ccc2oc(-c3ccc4c(c3)c3ccccc3n4-c3ccccc3)nc2c1)NC(=O)OC(C)(C)C,CCCCO,385.5050116
10267,c1cc2cccc3c4cccc5cccc(c(c1)c23)c54,ClC(Cl)Cl,443.0
5750,O=[N+]([O-])c1ccc(Nc2ccc3ccccc3n2)cc1,Cc1ccccc1,423.15
8152,Cc1cc(C)c2c(c1)c1cc(C)cc(C)c1n2-c1ccc2c(c1)Oc1ccccc1B2c1c(C(C)C)cc(C(C)C)cc1C(C)C,Cc1ccccc1,443.0
3086,CCCCCCC(CCCCCC)N1C(=O)c2cccc3c(-c4ccccc4)ccc(c23)C1=O,CCCCCC,402.7
11370,F[B-]1(F)n2c(c3ccccc3c2-c2ccccc2)C=C2c3ccccc3C(c3ccccc3)=[N+]21,ClCCl,658.0
6882,CC[n+]1nc2ccc(N(C)C)cc2c2cc(C)ccc21,O,542.0
11407,Cc1cc(-c2ccc(-n3c4ccccc4c4ccccc43)cc2)nc(-c2ccc(-c3ccccc3)cc2)n1,Cc1ccccc1,392.0
7673,CCC1=C(C)C2=C(C)c3cc(I)cn3[B-](F)(F)[N+]2=C1C,CCOC(C)=O,531.5
3345,CCn1c2ccccc2c2cc(/C=C3\C(=O)c4ccccc4S3(=O)=O)ccc21,CC(C)=O,544.0
8172,CCCCc1c2ccccc2c(-c2ccc(-c3nc4cc(CC(NC(=O)OC(C)(C)C)C(=O)OC)ccc4o3)cc2)c2ccccc12,C1COCCO1,424.4986671
11550,Cc1ccc(C2=C3C=CC(c4ccccc4)=[N+]3[B-](F)(F)n3c2ccc3-c2ccccc2)cc1,CO,582.0
5870,CCCCCCCCCCCCOc1cc2cc(N(C)C)ccc2cc1C#N,O,457.0
6506,O=c1ccc2ccc(C#Cc3ccccc3)cc2o1,CC#N,364.0
2797,COc1ccc(C#Cc2ccc(C#Cc3ccc(P(=O)(c4ccccc4)c4ccccc4)cc3)cc2)cc1,CCO,412.0
918,C(#Cc1cc(C#Cc2cccs2)c(C#Cc2cccs2)c(C#Cc2cccs2)c1C#Cc1cccs1)c1cccs1,ClCCl,425.0
1646,COc1ccc(/C=C/C2=CC(/C=C/c3ccc(OC)c(OC)c3)=[O+][B-](F)(F)O2)cc1OC,c1ccccc1,532.79
5122,COc1ccc(C2=C3C(C)=CC(C)=[N+]3[B-](F)(F)n3c(/C=C/c4ccc(N(C)C)cc4)cc(C)c32)cc1,CS(C)=O,737.0
5126,c1ccc(N(c2ccccc2)c2ccc(-c3cnc(-c4ccncc4)s3)cc2)cc1,CO,566.0
4621,N#Cc1ccc2nc3[nH]c(=O)[nH]c(=O)c3nc2c1,ClCCCl,420.0
6809,CN(C)c1ncc2nc(C#N)n(Cc3ccccc3)c2n1,C1COCCO1,424.0
364,CCNc1ccc(NCC)c2c1C(=O)c1ccccc1C2=O,CCCCCCCCCCO,672.0
2125,Oc1ccc(/N=C/c2ccccc2Oc2ccccc2)cc1,c1ccccc1,414.0
8150,O=C1/C(=C\c2ccc(N(c3ccccc3)c3ccccc3)cc2)S(=O)(=O)c2ccccc21,ClCCl,631.0
8717,CN(C)c1ccc(C#Cc2ccc(C#N)cc2)cc1,CCCCCCCCCCCCCCCCCl,423.6031686
55,CCOC(=O)C1c2cc(Cl)ccc2C(=O)N1c1ccc(OC)c(OC)c1,CS(C)=O,500.0
638,Cc1ccc(C)n1-c1ccc(N(C)C)cc1,CC#N,360.0
302,Cc1ccc2nc3c(nc2c1)c(-c1ccccc1)nn3C,C1CCCCC1,472.0
10958,Oc1ccc2ccccc2c1,O,351.0
5811,O=C(N/N=C/c1ccccc1O)c1ccccc1O,CS(C)=O,458.0
1276,c1ccc(-c2c3c(c(-c4ccccc4)c4cc5ccccc5cc24)Cc2c(c(-c4ccccc4)c4cc5ccccc5cc4c2-c2ccccc2)C3)cc1,ClCCl,402.0
10247,Cc1nn(-c2ccccc2)c(C2=NN(c3ccc(Br)cc3)[C@@H](c3ccccc3)[C@@H]2c2ccccc2)c1C#N,C1CCOC1,483.0
4432,COc1ccc2c(c1)c1cc(OC)ccc1c1c2c2c(C(=O)NC(C)(C)C)ccc(C(=O)NC(C)(C)C)c2c2c3ccc(OC)cc3c3cc(OC)ccc3c21,ClCCl,498.0
3644,COc1ccc(/C=C/C2=CC(c3ccccc3)=[O+][B-](F)(F)O2)cc1,ClCCl,506.0
4143,N#Cc1c(N2CCCCC2)cc(-c2ccccc2)c2c1Cc1ccccc1-2,C1CCOC1,449.0
2878,C(/C=C/Nc1cccc2ccccc12)=[NH+]c1cccc2ccccc12,CS(C)=O,527.0
6493,Cc1cc2ccsc2c2[nH]c3ccccc3c12,ClCCl,351.0
10478,CCCCCCN(c1ccccc1)c1ccc2c(c1)C(CC)(CC)c1cc(/C=C/c3ccc(/C=C(\C#N)C(=O)O)s3)ccc1-2,CN(C)C=O,605.0
10453,FC(F)(F)c1ccc(-c2ccc(-c3cc(-c4ccccn4)nc(-c4ccccn4)c3)cc2)cc1,ClCCl,359.0
5240,O=C(O)c1c2ccccc2nc2ccccc12,CCCO,422.0
11533,C(=C/c1ccc2ccccc2c1)\c1ccc(N(c2ccccc2)c2ccccc2)cc1,CCCCCC,405.0
10488,CCC1=C(C)C2=C(C)c3c(C)c(CC)c(C)n3[B-](F)(F)[N+]2=C1C,CO,531.6
6937,CC(C)[Si]1(C(C)C)c2cc(C=C(C#N)C#N)ccc2-c2ccc(N(c3ccccc3)c3ccccc3)cc21,ClCCl,674.0
7240,COc1cc(S(=O)(=O)[O-])c2ccc3c(S(=O)(=O)[O-])cc(S(=O)(=O)[O-])c4ccc1c2c43,ClCCl,406.6363045
9945,CCC1(CC)c2cc(B(c3c(C)cc(C)cc3C)c3c(C)cc(C)cc3C)ccc2-c2ccc(N(c3ccccc3)c3ccccc3)cc21,C1CCOC1,482.0
10160,Cc1ccc(-c2c3ccc([nH]3)c3nc(c(-c4ccc([N+](=O)[O-])cc4)c4ccc([nH]4)c4ccc([nH]4)c(-c4ccc(C)cc4)c4ccc2o4)C=C3)cc1,Cc1ccccc1,737.0
2593,CN1C(=CC=Cc2nc3nc4ccccc4nc3s2)C(C)(C)c2ccccc21,CO,623.0
11309,CC1=CC(C)=[N+]2C1=C(c1ccc(N3CCCCC3)cc1)c1c(C)cc(C)n1[B-]2(F)F,CCCCCC,511.0
2393,COc1ccc(/C=C/C2=CC(/C=C/c3ccc(OC)c4ccccc34)=[O+][B-](F)(F)O2)c2ccccc12,ClCCl,616.0
523,Cc1csc2[n+]1[B-](F)(F)n1c(c3cccc4cccc1c43)=N2,ClCCl,527.0
6376,COc1ccc2c(c1)c1c(c3cc(OC)ccc32)=[N+]2C(=C(c3c(C)cc(C)cc3C)c3cc4c5cc(OC)ccc5c5ccc(OC)cc5c4n3[B-]2(F)F)C=1,ClCCl,713.0
6981,CCCCCCCCCCCCOc1cc2cc(N(C)C)ccc2cc1C=O,CCO,521.0
6677,CCCCC(CC)Cn1c2cc(-c3ccc(N(c4ccccc4)c4ccccc4)cc3)c(C#N)cc2c2cc(C#N)c(-c3ccc(N(c4ccccc4)c4ccccc4)cc3)cc21,CCN(CC)CC,427.88
3900,CC1=[N+]2C(=C(c3c4ccccc4c(-c4ccccc4)c4ccccc34)c3ccc(C)n3[B-]2(F)F)C=C1,CCO,528.0
11817,Oc1ccc(-c2cccs2)cc1-c1nc2ccccc2s1,ClCCl,405.0
5585,CCCCCCN(CCCCCC)c1ccc(C#Cc2ccc([N+](=O)[O-])cc2)cc1,CO,630.0
11477,CN(C)c1ccc(C#Cc2ccccc2)cc1,CCCCCCCCCCCCCCCC,346.981263
7956,CCNc1cc2oc(=O)cc(C)c2cc1C,CC#N,420.0
7570,CC(=O)[B-]1(C(C)=O)OC(c2ccc3ccccc3c2)=CC(c2ccc3ccccc3c2)=[O+]1,ClC(Cl)(Cl)Cl,488.0
11314,Cc1nc2cc(/C=C/c3ccc(N(C)C)cc3)ccc2nc1-c1ccccc1,C1COCCO1,526.0
6777,c1cc2ccc3ccc4cc3c2cc1CCCCCCc1ccc2ccc3ccc-4cc3c2c1,Cc1ccccc1,376.0
10161,c1ccc(-n2c3ccccc3c3ccccc32)cc1,CCO,344.0
671,c1ccc(N(c2ccccc2)c2ccc(-n3ccc4cc(-c5cccc6c5-c5ccccc5C6(c5ccccc5)c5ccccc5)ccc43)cc2)cc1,ClCCl,381.0
4188,COC(=O)C(Cc1ccc2oc(-c3c4ccccc4cc4ccccc34)nc2c1)NC(=O)OC(C)(C)C,O,514.9993563
666,CCCCCCCCOc1ccc2c3c(c4ccc(OCCCCCCCC)cc4c2c1)C(C)(C)c1ccccc1-3,C1CCCCC1,390.0
3266,CSc1cc(-c2cc3cc4c5c(c3oc2=O)CCCN5CCC4)oc(=O)c1C#N,C1CCOC1,580.0
1887,CC(C)(C)c1ccc2c(c1)c1cc(C(C)(C)C)ccc1n2-c1ccccc1-c1nc(-c2ccccc2P(=O)(c2ccccc2)c2ccccc2)nc(-c2ccccc2P(=O)(c2ccccc2)c2ccccc2)n1,CN(C)C=O,539.745628
8472,Oc1cccc(/N=C/c2ccccc2Oc2ccccc2)c1,CC(C)O,406.0
9911,CCC1=C(C)C(=O)n2c1cc1c(c(C)c(C(=O)OC)n1C)c2=O,c1ccccc1,447.0
11139,COc1c2ccccc2c(OC)c2c1c1ccc(C)cc1n2C,C1CCCCC1,411.0
9091,CN1/C(=C/C=C(/C=C/C2=[N+](C)c3ccccc3C2(C)C)c2ccccc2)C(C)(C)c2ccccc21,CO,666.0
7687,COc1ccc(-c2cc3c(o2)=CC2=C(C(F)(F)F)c4cc5oc(-c6ccc(OC)cc6)cc5n4[B-](F)(F)[N+]=32)cc1,ClC(Cl)Cl,738.0
6031,CC(C)[Si]1(C(C)C)c2cc(C=O)ccc2-c2ccc(N(C)C)cc21,CC#N,528.0
6090,CCn1c2sccc2c2c3nsnc3c3c4ccsc4n(CC)c3c21,Cc1ccccc1,508.0
6238,CN1/C(=C/C=C(/C=C/C2=[N+](C)c3ccccc3C2(C)C)c2cc(F)cc(F)c2)C(C)(C)c2ccccc21,O,659.0
7350,CC(C)[Si](C#Cc1c2ccccc2c(C#C[Si](C(C)C)(C(C)C)C(C)C)c2nc3ccccc3nc12)(C(C)C)C(C)C,ClCCl,609.0
7830,CC1=CC(Br)=CN2C[n+]3cc(Br)cc(C)c3N=C12,CO,502.0
760,COC(=O)c1ccc(/C=C2\C=C(c3ccccc3)OC2=O)cc1,C1COCCO1,495.0
6254,OCC1O[C@@H](Cc2cc(O)cc(/C=C/c3ccc(O)c(O)c3)c2)[C@H](O)[C@@H](O)[C@@H]1O,ClC(Cl)Cl,373.0
1906,C(=C/c1ccc(/C=C/c2c3ccccc3cc3ccccc23)cc1)\c1ccncc1,C1CCOC1,515.0
3818,CCOC(=O)COc1ccccc1C(c1c(C)[nH]c2ccccc12)c1c(C)[nH]c2ccccc12,CO,349.0
6269,CC1=C(c2cccs2)C(C)=[N+]2C1=C(c1ccc(O)cc1)c1c(C)c(-c3cccs3)c(C)n1[B-]2(F)F,Cc1ccccc1,604.0
4300,c1ccc(-c2nc3c(-c4ccc(N(c5ccccc5)c5ccccc5)cc4)ccc(-c4ccc(N(c5ccccc5)c5ccccc5)cc4)c3nc2-c2ccccc2)cc1,Cc1ccccc1,542.0
5569,OCc1cc(/N=N/c2ccc(C#Cc3ccc4ccc5cccc6ccc3c4c56)cc2F)ccc1O,CS(C)=O,510.0
7941,CCC1=C(C)C2=Cc3cscc3B(O)N2C1=O,CCCCCC,396.0
10785,CCc1c(CC)c2n(c1C)[B-](F)(F)[N+]1=C(C)c3cc4c(cc3C1=C2)=[N+]1C(=Cc2c(CC)c(CC)c(C)n2[B-]1(F)F)C=4C,ClC(Cl)Cl,774.0
4164,COc1ccc(C2=[N+]3C(=C(c4ccc(I)cc4)c4ccc(-c5ccc(OC)cc5)n4[B-]3(F)F)C=C2)cc1,ClC(Cl)Cl,626.0
11223,COc1cc(OC)cc(-c2nnc(-c3ccc(-c4nnc(-c5cc(OC)cc(OC)c5)o4)cc3)o2)c1,ClCCl,383.0
5971,CN(C)c1ccc(-c2cc(-c3ccc(N(C)C)cc3)ncn2)cc1,ClCCl,429.0
3579,F[B-]1(F)n2c(cc3oc(-c4ccccc4)cc32)C=C2C=c3oc(-c4ccccc4)cc3=[N+]21,ClC(Cl)Cl,661.0
2832,N#Cc1c(-c2ccccc2)cc(-c2ccccc2)[nH]c1=S,CCOC(C)=O,502.0
5449,COC(=O)C(Cc1ccc2oc(-c3ccc(Nc4ccccc4)cc3)nc2c1)NC(=O)OC(C)(C)C,CS(C)=O,459.495474
3472,CCN(CC)c1ccc2c(C#N)c(/C=C(\C#N)c3nc4ccccc4s3)c(=O)oc2c1,C1COCCO1,647.0
6327,Cc1ccc(-c2cc(-c3ccc(N(C)C)cc3)c3c(N)nc(N4CCCC4)c(C#N)c3n2)cc1,c1ccccc1,500.0
137,CC1=CC(/C=C/c2ccc(OCCN3CCCCC3)cc2)=[N+]2C1=C(c1ccc(OCCN3CCCCC3)cc1)c1c(C)cc(/C=C/c3ccc(OCCN4CCCCC4)cc3)n1[B-]2(F)F,CCO,652.0
7043,CCCCC1(c2ccccc2)Nc2ccccc2N=C1c1ccccc1,CC#N,534.0
4892,c1ccc(-c2nn(-c3ccccc3)c3nc4ccc(N(c5ccccc5)c5ccccc5)cc4cc23)cc1,CCCCCl,515.995872
2180,COc1ccc(-c2cc(-c3ccc(C)cc3)c(C#N)c(OC)n2)cc1,CS(C)=O,412.0
10320,CN(c1ccccc1)c1ccc(/C=C2\C(=O)c3ccccc3S2(=O)=O)cc1,Cc1ccccc1,576.0
7730,c1ccc2nc(-n3c4ccccc4c4ccccc43)c(-n3c4ccccc4c4ccccc43)nc2c1,CCCCCC,467.1755725
3177,CCC1=C(C)C2=C(C)c3c(I)c(I)cn3[B-](F)(F)[N+]2=C1C,CCOC(C)=O,533.0
4854,COC(=O)c1nc2c(N)nc(N(C)C)nc2n1Cc1ccccc1,C1COCCO1,399.0
4637,CN(C)CCCN1c2ccccc2CCc2ccccc21,CO,353.0
5115,O=C1c2ccccc2-c2c(-c3ccccc3)c(-c3ccccc3)c(-c3ccccc3)c3cccc1c23,CO,521.0
11402,COc1ccc(-c2cc(-c3ccc(C)cc3)nc3c(C#N)c(N4CCCC4)nc(N)c23)cc1,CO,519.0
7648,C1=Cc2ccccc2Cc2ccccc21,CC#N,383.0
4261,Cc1ccc(C(=O)NN2C3=C(CC4=C2CCCC4=O)C(=O)CCC3)cc1,ClC(Cl)Cl,438.0
1331,COCCOCCOc1ccc(OCCOCCOC)c(C=O)c1,CO,468.0
10209,Cc1cc(C)c(C2=C3C=C(c4ccc(C(C)(C)C)cc4)C(c4ccc(C(C)(C)C)cc4)=[N+]3[B-](F)(F)n3c2cc(-c2ccc(C(C)(C)C)cc2)c3-c2ccc(C(C)(C)C)cc2)c(C)c1,C1CCOC1,628.0
10674,COc1ccc2c(c1)CCc1c-2nc(N)c(C#N)c1-c1ccc(Br)cc1,CCO,419.0
7002,Cc1ccccc1/C(C#N)=C/c1ccc(N(C)C)cc1,CCCCCC,431.0
9550,N#Cc1cc2ccccc2oc1=N,ClC(Cl)Cl,411.0
6941,Cc1c2oc3c(C)c(N)cc(C(=O)NC4OC(=O)C(C(C)C)N(C)C(=O)CN(C)C(=O)C5CCCN5C(=O)C(C(C)C)NC4=O)c3nc-2c(C(=O)NC2OC(=O)C(C(C)C)N(C)C(=O)CN(C)C(=O)C3CCCN3C(=O)C(C(C)C)NC2=O)c(N)c1=O,ClCCCl,609.6482939
8017,CC1=CC(C)=[N+]2C1=C(c1ccc(-c3c4ccccc4c(-c4ccccc4)c4ccccc34)cc1)c1c(C)cc(C)n1[B-]2(F)F,CN(C)C=O,510.0
6241,CN(C)c1ccc(/C=C/c2cc(/C=C/c3ccc(N(C)C)cc3)nc(/C=C/c3ccccc3)n2)cc1,CC#N,587.0
9521,N#CSc1ccc2n1[B-](F)(F)[N+]1=C(N3CCOCC3)C=CC1=C2c1ccccc1,CO,559.0
12244,COc1ccc(/C=C/C2=CC(/C=C/c3ccc(OC)cc3)=[N+]3C2=C(c2ccc(-c4ccc5ccccc5n4)s2)c2c(/C=C/c4ccc(OC)cc4)cc(/C=C/c4ccc(OC)cc4)n2[B-]3(F)F)cc1,C1COCCO1,732.0
6881,COC(=O)C(Cc1ccc2oc(-c3ccc(-n4c5ccccc5c5ccccc54)cc3)nc2c1)NC(=O)OC(C)(C)C,CCO,444.99822
10342,CN(C)c1ccc(C2=C(c3ccccc3)c3oc4ccccc4[n+]3[B-](F)(F)O2)cc1,C1CCOC1,476.0
4530,CC1(C)c2cccc(-c3nc(-c4ccccc4)nc(-c4ccccc4)n3)c2Oc2c(-n3c4ccccc4c4ccccc43)cccc21,C1CCCCC1,395.0
10314,COc1ccc(-c2oc3c(c2Br)=[N+]2C(=C(C(F)(F)F)c4cc5oc(-c6ccc(OC)cc6)c(Br)c5n4[B-]2(F)F)C=3)cc1,C1CCOC1,756.0
4673,COc1c2ccccc2c(OC)c2c1c1ccc(F)cc1n2C,CC#N,413.0
6996,O=c1c2ccccc2c2c3c(cccc13)c(-c1ccccc1)c1c3cccc4cccc(c43)c12,CC#N,519.0
1252,CN(C)c1ccc(C#Cc2ccc(C#Cc3ccc(C#Cc4ccccc4C#N)cc3C#N)cc2C#N)cc1,CC#N,682.0
3374,c1ccc2cc3cnccc3cc2c1,CCO,426.4392324
2814,COc1ccc(C2CC(c3ccc(O)cc3)=NN2c2ccc(S(N)(=O)=O)cc2)cc1,O,448.0
4719,Cc1cc(C)c(B(c2ccccc2-n2c3ccccc3c3ccccc32)c2c(C)cc(C)cc2C)c(C)c1,CC(C)=O,485.8247423
6544,Cc1cc2ccc(-c3cccc4cccc(-c5ccc6cc(C)c(=O)oc6c5)c34)cc2oc1=O,CN(C)C=O,417.0
10040,Nc1ccc(/C=C/c2ccc3ccccc3c2)cc1,CC#N,450.0
4858,CCCCCCCCOc1ccc(C#Cc2ccc3oc4ccccc4c3c2)c(OCCCCCCCC)c1,ClCCl,373.0
7901,c1ccc2c(c1)CCc1ccccc1N2,CC#N,354.0
11229,CCCC1=Cc2nc1ccc1[nH]c(cc1CCC)c1nc(c(O)cc3[nH]c2cc3CCC)C(CCC)=C1,Cc1ccccc1,683.0
8580,CN(C)c1ccc2nc3c(cc2c1)c(-c1ccccc1)nn3-c1ccccc1,CN(C)C=O,566.893424
8427,CC1=CC(C)=[N+]2C1=C(c1ccc(C)cc1)c1c(C)cc(/C=C/c3ccc4ccc5cccc6ccc3c4c56)n1[B-]2(F)F,CC1CCCO1,618.0
1077,CC(C)(C)c1ccc2c(c1)c1cc(C(C)(C)C)ccc1n2-c1cccc(C(=O)c2cccc(-n3c4ccc(C(C)(C)C)cc4c4cc(C(C)(C)C)ccc43)n2)n1,C1CCOC1,378.6561265
10176,CCN(CC)c1ccc2cc(/C=C/C3=CC(/C=C/c4cc5ccc(N(CC)CC)cc5oc4=O)=[O+][B-](F)(F)O3)c(=O)oc2c1,CC(C)=O,710.0
4363,N#Cc1c[nH]c2ccccc12,CCO,314.0
770,CN(C)c1ccc(/C=C/c2nc3c4ccccc4c4ccccc4c3[nH]2)cc1,CCOCC,448.0
10357,CN(C)c1ccc2ccc3oc(=O)c(-c4ccccc4)nc3c2c1,c1ccccc1,608.0
8865,CN(C)c1ccc2nc3c(cc2c1)c(-c1ccccc1)nn3-c1ccccc1,C1CCCCC1,444.4444444
249,COc1ccc(C(=O)/C=C2\C(=O)Nc3ccccc32)c(OC)c1,CC#N,412.0
9766,CN(C)c1ccc(/C=C/c2cnc3ccccc3n2)cc1,ClCCl,570.0
7239,O=C1CCCc2c1[nH]c1cc3c(cc21)OCO3,CS(C)=O,403.5433071
3419,COC1=C/C(=C\C=C2C=CN(Cc3ccc(Br)cc3)C=C2)C=CC1=O,CO,636.0
10273,Cc1cc(=O)c2ccc(N)cc2o1,ClC(Cl)Cl,380.0
10015,Cn1c(=O)c(/N=N/c2ccc(S(=O)(=O)O)c3ccccc23)c(O)c2ccccc21,O,582.0
4976,CCCCCCCCCCCCOc1ccc(C2=c3sc4ccccc4c3=[N+]3C2=Nc2c(-c4ccc(OCCCCCCCCCCCC)cc4)c4sc5ccccc5c4n2[B-]3(F)F)cc1,ClC(Cl)Cl,808.0
4544,CNc1ccc2c(c1)C(=O)c1ccccc1-2,C1CCCCC1,587.0
5565,C[n+]1ccc(/C=C/c2ccc3cc(O)ccc3c2)cc1,CCCCO,563.0
7939,CCCC1(CCC)c2cc(C#N)ccc2-c2ccc(C#N)cc21,C1CCCCC1,324.0
716,O=S1(=O)c2ccc(-n3c4ccccc4c4ccccc43)cc2-c2cc(-n3c4ccccc4c4ccccc43)ccc21,Cc1ccccc1,424.0
11840,CC1=CC(C)=[N+]2C1=C(c1c(F)c(F)c(NCCCCNP(=O)(OC(C)C)OC(C)C)c(F)c1F)c1c(C)cc(C)n1[B-]2(F)F,CO,523.0
2048,O=C(O)C1=C(C(=O)O)C2=C[C@H]3c4ccccc4[C@]2([Se]1)c1ccccc13,ClCCl,507.0
5997,COc1ccc(C2=C(c3ccc(OC)cc3)C(C)(C)c3c2ccc2ccccc32)cc1,C1CCCCC1,419.0
6600,c1ccc(-c2c3ccccc3c(-c3ncccn3)c3ccccc23)cc1,ClCCl,442.0
7245,CC(C)(C)Nc1c(-c2ccc(-c3cc(=O)cc(-c4ccccc4)o3)cc2)nc2ccccn12,ClCCl,515.0
4178,COc1ccc2cc(-c3ccc(S(C)(=O)=O)cc3)oc(=O)c2c1,CN(C)C=O,410.0
4809,CCCCCCCCOc1ccc2c3cccc4c(OCCCCCCCC)ccc(c5cccc1c52)c43,C1CCOC1,468.0304667
10916,CN(C)c1ccc2cc(C3=[O+][B-](F)(F)OC(c4ccc(C#N)cc4)=C3)ccc2c1,CC#N,687.0
11629,CC1=C(C(C)(C)C)C(C)=[N+]2C1=C(C)c1c(C)c(C(C)(C)C)c(C)n1[B-]2(F)F,C1CCOC1,566.6
7140,CCN(CC)c1ccc2cc(-c3ccc(S(C)(=O)=O)cc3)oc(=O)c2c1,ClC(Cl)Cl,456.0
7190,CC1(C)OB(c2cc3ccc4cccc5ccc(c2)c3c45)OC1(C)C,Cc1ccccc1,386.0
1460,CCOc1cc2c(cc1/C=C/C(=C(C#N)C#N)c1ccccc1)c1ccccc1n2CC,C1CCOC1,541.0
5989,N#Cc1c(-n2c3ccccc3c3cc(I)ccc32)c(-n2c3ccccc3c3cc(I)ccc32)c(C#N)c(-n2c3ccccc3c3cc(I)ccc32)c1-n1c2ccccc2c2cc(I)ccc21,Cc1ccccc1,548.0
9860,COc1cc2c(cc1/C=C(\C#N)c1nc3ccccc3s1)c1ccccc1n2C,CC#N,509.0
10948,F[B-]1(F)n2c(cc(-c3ccccc3)c2-c2ccccc2)C(c2ccccc2)=C2C=C(c3ccccc3)C(c3ccccc3)=[N+]21,CC#N,616.0
2000,O=c1oc2ccccc2cc1-c1nc2ccccc2o1,C1COCCO1,443.0
8175,O=S(=O)(/N=c1\oc2cccc3c4c(-c5ccccc5)oc5cccc(c(c1-c1ccccc1)c23)c54)C(F)(F)F,CO,582.0
404,O=C1Nc2ccccc2/C1=C/C(=O)c1ccc(O)cc1,O,424.0
384,CC[N+]1=C(/C=C/c2ccc3ccc4cccc5ccc2c3c45)C(C)(C)c2ccccc21,Cc1ccccc1,600.0
11583,N#Cc1c(-n2nnc3cc(Cl)ccc32)n([C@H]2C[C@H](O)[C@@H](CO)O2)c2ncnc(N)c12,CO,480.0
11635,CC(C)(C)c1ccc2c(c1)c1cc(C(C)(C)C)ccc1n2-c1ccc(N(c2ccc(-c3ccc(N(c4ccc(-n5c6ccc(C(C)(C)C)cc6c6cc(C(C)(C)C)ccc65)cc4)c4ccc(-n5c6ccc(C(C)(C)C)cc6c6cc(C(C)(C)C)ccc65)cc4)cc3)cc2)c2ccc(-n3c4ccc(C(C)(C)C)cc4c4cc(C(C)(C)C)ccc43)cc2)cc1,ClCCl,422.0
10344,CC(C)(C)c1cc2ccc3c(N(c4ccc(F)cc4)c4ccc(F)cc4)cc(N(c4ccc(F)cc4)c4ccc(F)cc4)c4ccc(c1)c2c34,ClCCl,465.0
1633,O=C([O-])c1ccccc1C1=c2cc3c4c(c2Oc2c1cc1c5c2CCCN5CCC1)CCC[N+]=4CCC3,O,604.0
11719,CN(C)c1ccc(/C=C/C=C2\CC/C(=C\C=C\c3ccc(N(C)C)cc3)C2=O)cc1,CCO,744.0
4784,Nc1ccc2c(c1)-c1ccccc1C2=O,CCO,592.0
11596,F[B-]1(F)n2c(c3cccc4cccc2c43)=Nc2ccc3ccccc3[n+]21,ClCCl,536.0
6970,c1ccc2c(c1)-c1ccccc1C21c2cc(-c3ccc(-n4c5ccccc5c5ccccc54)cc3)ccc2Sc2ccc(-c3ccc(-n4c5ccccc5c5ccccc54)cc3)cc21,CN(C)C=O,390.7900677
3925,COC(=O)C(Cc1ccc2oc(-c3ccc4c(c3)c3ccccc3n4-c3ccccc3)nc2c1)NC(=O)OC(C)(C)C,c1ccccc1,380.503025
4158,c1csc(-c2cnc(-c3cccs3)c3nonc23)c1,CC(C)=O,612.0
7449,c1ccc([B-]23NC(C4CCCCC4)=Nc4cccc([n+]42)N=C(C2CCCCC2)N3)cc1,ClCCl,456.0
8415,Cc1ccccc1/C(C#N)=C/c1ccc(N(C)C)cc1,CCOC(C)=O,490.0
2193,O=C1NC(=O)C(c2c[nH]c3ccccc23)=C1c1c[nH]c2ccccc12,Cc1ccccc1,552.0
11328,Cc1cc(C)c(B(c2ccc(-c3nc4c5ccccc5c5ccccc5c4[nH]3)cc2)c2c(C)cc(C)cc2C)c(C)c1,CC(C)=O,469.0
10016,CCCCCCOc1ccc(C#Cc2ccc(C#Cc3ccc(OCCCCCC)c(OCCCCCC)c3)c3nsnc23)cc1OCCCCCC,CCOC(C)=O,550.0
1015,COc1ccc(-n2cccc2)cc1,CCCCCC,324.0
5124,CC(C)(C)c1ccc(-c2nc3c4ccc(-c5cc6ccccc6c6ccccc56)cc4c4cc(-c5cc6ccccc6c6ccccc56)ccc4c3n2-c2ccc(C(C)(C)C)cc2)cc1,CC#N,405.0
7418,CC1=CC(C)=[N+]2C1=Cc1c3ccccc3c(C#Cc3ccccc3)n1[B-]2(F)F,CCOC(C)=O,618.0
7409,N#Cc1cccc(C#N)c1-c1ccc(N2c3ccccc3C3(c4ccccc42)c2ccccc2N(c2ccc(-c4c(C#N)cccc4C#N)cc2)c2ccccc23)cc1,Cc1ccccc1,487.0473538
8989,Cc1ccc(-c2nnc(-c3ccc4ccc5cccc6ccc3c4c56)o2)cc1,CC1CCCCC1,426.0
2871,O=Cc1ccc(-c2ccc(C3=CCC(c4ccccc4)CC3)s2)s1,CCCCCC,443.0
9,O=c1c2ccccc2n2c3ccc(-c4ccccc4)cc3c(=O)c3cccc1c32,CCCCOCCCC,458.0
10136,COc1ccc(C2=C(c3ccc(OC)cc3)C(C)(C)c3ccccc32)cc1,C1CCCCC1,391.0
1838,C(=C/c1ncc2ccccc2n1)\c1ccc(-c2ccc(N(c3ccccc3)c3ccccc3)cc2)cc1,C1CCCCC1,455.0
4804,COc1ccc2n1[B-](F)(F)[N+]1=CC=CC1=C2c1ccccc1,CO,512.0
255,Nc1ccc2c(c1)Cc1ccccc1-2,C1COCCO1,363.0
7026,c1ccc2c(-n3cnc4ccccc43)cccc2c1,CCO,360.0
5713,CC1=CC(C)=[N+]2C1=C(c1c3ccccc3cc3ccccc13)c1c(C)cc(C)n1[B-]2(F)F,Cc1ccccc1,521.0
3324,CC(C)(C)c1ccc2c3c(c4ccc(C(C)(C)C)cc4c2c1)=[N+]1C(=C(c2ccccc2)c2cc4c5ccc(C(C)(C)C)cc5c5cc(C(C)(C)C)ccc5c4n2[B-]1(F)F)C=3,Cc1ccccc1,713.0
7714,CCn1c(-c2ccc(N(c3ccccc3)c3cccc4ccccc34)cc2)c(-c2ccc3ccccc3c2)c(-c2ccc3ccccc3c2)c1-c1ccc(N(c2ccccc2)c2cccc3ccccc23)cc1,CCOC(C)=O,434.0
1581,NS(=O)(=O)c1ccc(N2N=C(c3ccc(O)cc3)CC2c2ccccc2)cc1,CO,432.0
11148,COc1nc(Cl)nc(Nc2ccc3cc4ccccc4cc3c2)n1,CCOC(C)=O,430.0
924,O=S1(=O)C(c2cccs2)=C(c2cccs2)c2ccccc21,C1CCOC1,432.0
2779,N#Cc1ccc(/C=C/C=C/C2=NC3C(=O)NC(N)=NC3N2[C@H]2C[C@H](O)[C@@H](CO)O2)cc1,CO,522.0
10700,O=C1OC(=O)c2ccc(N(c3ccccc3)c3c4ccccc4cc4ccccc34)c3cccc1c23,CCCCCC,514.0
7891,[C-]#[N+]c1ccc(-c2ccc(N)cc2)cc1,C1CCCCC1,354.0
6132,CC(C)(C)c1ccc(/C=C/c2ccc(N(c3ccc(/C=C/c4ccc(C(C)(C)C)cc4)cc3)c3ccc(-c4nc5ccccc5nc4-c4ccc(N(c5ccc(/C=C/c6ccc(C(C)(C)C)cc6)cc5)c5ccc(/C=C/c6ccc(C(C)(C)C)cc6)cc5)cc4)cc3)cc2)cc1,C1CCOC1,515.0
5320,CCCCN1/C(=C/C=C/C2=[N+](C)c3ccccc3C2(C)C)C(C)(C)c2c1ccc1ccccc21,CS(C)=O,586.0
7312,Nc1cc2oc3cc(O)c(F)cc3c(=O)c2cc1F,CCO,425.0
7102,CC(=O)c1ccn2c3c(c(-c4ccc(C#N)cc4)c2c1)CN(CCCNC(=O)OC(C)(C)C)C3=O,CO,512.0
6042,CCc1c(C)[nH]c(C2=[N+]3C(=Cc4c(C)c(CC)c(/C=C/c5ccc(N(C)C)cc5)n4[B-]3(F)F)c3ccccc32)c1C,C1CCOC1,764.0
