row_idx_in_train,smiles,solvent,empeakwavs_max
2536,N#C/C(=C\c1ccc(-c2ccncc2)cc1)c1ccc(-c2ccncc2)cc1,ClCCl,460.0
1210,CCCN1C(=O)c2c3c(c4c(c2C1=O)CCc1cc(-c2ccc(N(C)C)cc2)c(OC)cc1-4)-c1cc(OC)c(-c2ccc(N(C)C)cc2)cc1CC3,CCOC(C)=O,598.0
7782,CN(C)c1ccc2c(c1)-c1ccccc1C2=O,CC#N,557.0
9493,c1cnc(-c2c3ccccc3c(-c3cncnc3)c3ccccc23)nc1,CCO,433.0
4901,COC(=O)CNC(=O)c1nc2c(N(C)C)nc(N(C)C)nc2n1Cc1ccccc1,ClCCl,407.0
10200,Brc1ccc2[nH]c(-c3ccc(-c4ccc(-c5ccc(-c6nc7cc(Br)ccc7[nH]6)cc5)cc4)cc3)nc2c1,CN(C)C=O,410.0
9289,CCCCc1c2ccccc2c(-c2ccc(-c3nc4cc(CC(NC(=O)OC(C)(C)C)C(=O)OC)ccc4o3)cc2)c2ccccc12,COCCOC,437.9990452
11525,C(=C/c1ccc(N(c2ccccc2)c2ccccc2)cc1)\c1ccc(-c2cc(-c3ccccn3)nc(-c3ccccn3)c2)cc1,C1CCOC1,502.0
8170,CN(C)CCNc1ccc([N+](=O)[O-])cc1[N+](=O)[O-],CN(C)C=O,406.0
8021,CNc1ccc(/C=C/C#N)cc1,C1CCCCC1,368.0
7171,CCn1c2ccccc2c2cc(/C=C/c3cccc[n+]3CCCS(=O)(=O)[O-])ccc21,CC(C)=O,565.0
8278,N#Cc1ccc(N)cc1,CC#N,334.2057212
5804,COc1cc(-c2cnc(-c3cnc4ccccc4c3)o2)cc(OC)c1OC,ClCCl,458.0
9438,CN(C)c1ccc(C#Cc2cc(C#Cc3ccc(N(C)C)cc3)c3ccc4c(C#Cc5ccc(C(F)(F)F)cc5)cc(C#Cc5ccc(N(C)C)cc5)c5ccc2c3c54)cc1,ClCCl,576.0
2337,CCCCC(CC)COc1ccc2nc(-c3ccc(-c4c(C)noc4C)s3)sc2c1,ClCCl,415.0
9566,COC(=O)C(Cc1ccc2oc(-c3ccc(-n4c5ccccc5c5ccccc54)cc3)nc2c1)NC(=O)OC(C)(C)C,CC(C)O,430.9973278
8408,CCN1c2ccccc2Sc2cc(/C=C(\C#N)c3ccccc3)ccc21,CC#N,590.0
2715,COc1ccc(C(=O)NN2C3=C(CC4=C2CCCC4=O)C(=O)CCC3)cc1,ClCCl,439.0
1825,O=C1c2ccccc2NCN1Cc1ccccc1,c1ccccc1,395.0
10768,COc1ccc(-n2nc(C#N)c(NC3CCCCC3)n2)cc1,CCCCCC,391.0
8629,CCC1=C(C)C2=C(C)c3c(I)c(I)cn3[B-](F)(F)[N+]2=C1C,CO,533.5
6298,CCn1c2ccccc2c2cc(/C=C/c3cc(/C=C/c4ccc5c(c4)c4ccccc4n5CC)ncn3)ccc21,CCOC(C)=O,460.0
4110,N#Cc1c(-c2ccc([N+](=O)[O-])cc2)cc(-c2ccc([N+](=O)[O-])cc2)[nH]c1=O,CC#N,480.0
4923,CCCCCCCCCCCCN1C(=O)c2cccc3c(N(Cc4ccccn4)Cc4ccccn4)c4ccccc4c(c23)C1=O,Cc1ccccc1,573.0
11081,F[B-]1(F)n2c(Cl)ccc2C(c2c(Cl)cccc2Cl)=C2C=CC(NCc3ccccc3)=[N+]21,CO,531.0
4771,N#Cc1c(-c2cccs2)cc(-c2cccs2)[nH]c1=O,CC#N,460.0
6669,Cc1cc(=O)oc2cc3c4ccccc4c4ccccc4c3cc12,CO,420.0
5199,c1cc2ccc3cccc4c(-c5cc(-c6nccs6)nc(-c6nccs6)c5)cc(c1)c2c34,CC#N,458.0
11206,N#Cc1ccc(N)c2nonc12,CCO,575.0
538,CN(C)c1ccc(/C=C/c2cc[n+](CCCCC[n+]3ccc(/C=C/c4ccc(N(C)C)cc4)cc3)cc2)cc1,CN(C)C=O,606.998695
4089,O=C1O[B-]2(OC1=O)OC(c1ccc3ccccc3c1)=CC(c1ccc3ccccc3c1)=[O+]2,ClC(Cl)(Cl)Cl,451.0
11102,CCC1(CC)c2cc(B(c3c(C)cc(C)cc3C)c3c(C)cc(C)cc3C)ccc2-c2ccc(N(c3ccccc3)c3ccc4c(c3)C(CC)(CC)c3cc(B(c5c(C)cc(C)cc5C)c5c(C)cc(C)cc5C)ccc3-4)cc21,C1CCOC1,490.0
10648,COc1cc(-c2nc3c4cccnc4c4ncccc4c3[nH]2)c(OC)cc1/C=C/c1ccncc1,CC#N,473.0
5825,COc1cc2c(cc1OC)C1=C[C@H](c3ccc(Cl)cc3)C3(C(C#N)=C(C#N)N1CC2)c1ccccc1-c1ccccc13,ClCCl,405.0
3098,CC1=[N+]2C(=C(C3=CC4OCCOCCOCCOCCOC4C=C3)c3c4ccccc4c(/C=C/c4ccc(N(C)C)cc4)n3[B-]2(F)F)c2ccccc21,CC#N,741.0
2422,O=C1OC(=O)[C@H]2[C@@H]1[C@@H]1C[C@H]2c2c1c(-c1ccccc1)c1ccccc1c2-c1ccccc1,ClC(Cl)Cl,362.0
5908,O=C([O-])c1ccc2cc3cc(C(=O)[O-])ccc3cc2c1,CN(C)C=O,400.0
2692,CN(C)c1ccc2c(-c3cc(N)ccc3C(=O)[O-])c3ccc(=[N+](C)C)cc-3oc2c1,CCO,567.0
4170,Cc1ccc(-c2nc(-c3cccc(C#N)c3)[nH]c2-c2ccc(C)cc2)cc1,CO,453.0
5046,CCn1c(-c2ccc(N(c3ccccc3)c3cccc4ccccc34)cc2)c(-c2ccc3ccccc3c2)c(-c2ccc3ccccc3c2)c1-c1ccc(N(c2ccccc2)c2cccc3ccccc23)cc1,CCOC(C)=O,434.0
8698,F[B-]1(F)n2cccc2C=C2C=CC=[N+]21,C1CCCCC1,510.5
2982,CCN(CC)c1ccc([N+]2=Cc3ccc4c5c(ccc4c3O[B-]2(c2c(F)c(F)c(F)c(F)c2F)c2c(F)c(F)c(F)c(F)c2F)C=[N+](c2ccc(N(CC)CC)cc2)[B-](c2c(F)c(F)c(F)c(F)c2F)(c2c(F)c(F)c(F)c(F)c2F)O5)cc1,ClCCl,683.0
11298,O=Cc1ccc(C#CC(C#Cc2ccc(C=O)o2)=Cc2ccc(C=C(C#Cc3ccc(C=O)o3)C#Cc3ccc(C=O)o3)cc2)o1,ClC(Cl)Cl,518.0
10126,c1ccc(-c2nc(-c3ccc(-c4nc(-c5ccccc5)c(-c5ccccc5)[nH]4)s3)[nH]c2-c2ccccc2)cc1,CC(C)=O,459.0006412
10129,c1ccc(-c2nc(-c3ccc(-c4nc(-c5ccccc5)c(-c5ccccc5)[nH]4)s3)[nH]c2-c2ccccc2)cc1,CO,456.9983091
6649,CCOC(=O)c1sc2nc(-c3ccccc3)c(C)c(C#N)c2c1N,CCOC(C)=O,558.0
5597,CCCCC(CC)CN1C(=O)c2cccc3c(C#Cc4ccc(N(c5ccccc5)c5ccccc5)cc4)ccc(c23)C1=O,C1CCOC1,621.0
5100,O=C1c2cccc3cc4ccccc4c(c23)C(=O)N1Cc1ccccn1,C1CCOC1,485.0
8854,N#Cc1cnc(-c2c3ccccc3c(-c3ccccc3)c3ccccc23)nc1,CCO,520.0
3698,Cc1cc(-c2ccc(-n3c4ccccc4c4ccccc43)cc2)nc(-c2ccc(-n3c4ccccc4c4ccccc43)cc2)n1,C1CCOC1,423.0
11400,C[N+]1=C(/C=C/C=C2/N(CCC[N+](C)(C)C)c3ccc(S(=O)(=O)[O-])cc3C2(C)C)C(C)(C)c2ccccc21,CS(C)=O,570.0
6559,CC(C)(C)c1ccc(-c2ccc3c(-c4ccc(C(C)(C)C)c5ccccc45)cc4c5cc(-c6ccc(C(C)(C)C)c7ccccc67)ccc5c(-c5ccc(C(C)(C)C)c6ccccc56)cc4c3c2)c2ccccc12,ClCCl,405.0
12080,C=Cc1ccc(-c2ccc(-c3nnc(-c4ccc(-c5nnc(-c6ccc(-c7ccc(C=C)cc7)s6)o5)cc4)o3)s2)cc1,CCCCCCCCCCO,399.0
3160,Oc1ccccc1-c1nc(-c2ccccc2)c2ccccn12,CC#N,480.0
5620,c1ccc2c(B(c3c4ccccc4cc4ccccc34)c3c4ccccc4cc4ccccc34)c3ccccc3cc2c1,C1CCOC1,535.0
3035,COc1ccc(/C=C/C2=CC(/C=C/c3ccc(OC)cc3)=[O+][B-](OC(C)=O)(OC(C)=O)O2)cc1,ClC(Cl)Cl,529.0
5118,Cc1ccc(C2=C3C=CC(/C=C/c4ccccc4)=[N+]3[B-](F)(F)n3c(Cl)ccc32)cc1,C1CCCCC1,581.0
12190,C1=C(c2ccccc2)C2=Nc3c(-c4ccccc4)cc4n3[B-]3(Oc5ccccc5C1=[N+]23)Oc1ccccc1-4,Cc1ccccc1,746.0
2392,CN(C)c1ccc2nc(-c3ccc(C(=O)O)cc3)sc2c1,CC(C)O,493.0
7653,O=C1/C(=C/C=C/c2cc3c4c(c2)CCCN4CCC3)CC/C1=C\C=C\c1cc2c3c(c1)CCCN3CCC2,CCO,748.0
12215,CN1C(=O)/C(=C/c2ccncc2)N=C1/C=C/c1ccccc1,O,560.0
5547,CCCCCCC(CCCCCC)N1C(=O)c2cccc3c(-c4ccc(OC)c5ccccc45)ccc(c23)C1=O,Cc1ccccc1,478.0
3834,CCCCOc1ccc(-c2oc3cc4n(c3c2-c2ccc(OCCCC)cc2)[B-](F)(F)[N+]2=Cc3cc5oc(-c6ccc(OCCCC)cc6)c(-c6ccc(OCCCC)cc6)c5n3[B-](F)(F)[N+]2=C4)cc1,ClC(Cl)Cl,646.0
3424,Oc1c(-c2nc3c4ccc(-c5ccccc5)cc4c4cc(-c5ccccc5)ccc4c3[nH]2)cc2c3c1CCCN3CCC2,Cc1ccccc1,433.0
6897,CN(C)c1ccc(/C=C/c2nc3ccc(N(C)C)cc3oc2=O)cc1,CC(C)=O,626.0
1683,Cc1cc(C)c(C2=C3C=C(c4ccc(C(C)(C)C)cc4)C(c4ccc(C(C)(C)C)cc4)=[N+]3[B-](F)(F)n3c2cc(-c2ccc(C(C)(C)C)cc2)c3-c2ccc(C(C)(C)C)cc2)c(C)c1,C1CCOC1,628.0
10881,N#C/C(=C\c1ccncc1)c1nc(-c2ccccc2)cs1,ClCCl,554.0
6618,CC1(C)CC(=O)c2cc(F)c(F)cc2N1,CCO,472.0
1483,COc1cc(OC)cc(-c2ccc(-c3ccc(C#N)s3)s2)c1,ClCCl,442.0
3995,COC(=O)C(Cc1ccc2oc(-c3ccc(N(C)C)cc3)nc2c1)NC(=O)OC(C)(C)C,CN(C)C=O,400.4966158
357,CCCCN(CCCC)c1ccc(C#Cc2cc(C#Cc3ccc(N(CCCC)CCCC)cc3)c(C#Cc3ccc([N+](=O)[O-])cc3)cc2C#Cc2ccc([N+](=O)[O-])cc2)cc1,ClCCl,552.0
4192,CC[N+](CC)=c1ccc2c(-c3ccccc3C(=O)O)c3c(=O)oc4c5c6c(cc4c3oc-2c1)CCCN6CCC5,CCO,674.0
3909,CCCCC(CC)CN1C(=O)C2=C(c3ccc(-c4ccc(C5=C6C(C)=CC(C)=[N+]6[B-](F)(F)n6c(C)cc(C)c65)cc4)s3)N(CC(CC)CCCC)C(=O)C2=C1c1cccs1,Cc1ccccc1,623.0
8776,CC1=[N+]2C(=C(c3ccc(C=O)cc3)c3ccc(C)n3[B-]2(F)F)C=C1c1cc2n(c1)[B-](F)(F)[N+]1=CC=CC1=C2c1c(C)cc(C)cc1C,C1CCCCC1,657.0
4353,CN(C)c1ccc(C#Cc2ccc3ccc4ccc(C#Cc5ccc(N(C)C)cc5)c5ccc2c3c45)cc1,ClCCl,532.7
2517,CC(C)[Si](C#Cc1c2cc3ccccc3cc2c(C#C[Si](C(C)C)(C(C)C)C(C)C)c2nc3ccccc3nc12)(C(C)C)C(C)C,ClCCl,738.0
2231,CC1=[N+]2C(=C(c3ccc(N4CCOCC4)cc3)c3ccc(C)n3[B-]2(F)F)C=C1,CCCCCC,520.0
3785,C(=C/c1cnc2ccccc2n1)\c1ccc(N(c2ccccc2)c2ccccc2)cc1,CCCCCCC,461.0
11270,COc1cc(Br)cc2cc(-c3cc4cc(Br)cc(OC)c4oc3=O)oc12,Cc1ccccc1,430.0
7894,COc1ccc2cc3c(C)cc(=O)oc3cc2c1,ClC(Cl)Cl,443.0
10543,O=C1c2ccccc2-c2ccc(Nc3nc(Cl)nc(Cl)n3)c3cccc1c23,CO,570.1254276
2543,CCCCC(CC)Cn1c2cc(-c3ccc(N(c4ccccc4)c4ccccc4)cc3)c(C#N)cc2c2cc(C#N)c(-c3ccc(N(c4ccccc4)c4ccccc4)cc3)cc21,CCOCC,440.0
5767,COc1ccc(C2=[N+]3C(=Nc4c(C)cc(-c5ccc(OC)cc5)n4[B-]3(F)F)C(C)=C2)cc1,CS(C)=O,692.0
2154,CCCCCCc1ccc2c(/C=N/c3cc(/N=C/c4c(O)ccc5cc(CCCCCC)ccc45)cc(/N=C/c4c(O)ccc5cc(CCCCCC)ccc45)c3)c(O)ccc2c1,CC#N,507.0
9210,COC(=O)c1nc2c(OCc3ccccc3)nc(N)nc2n1Cc1ccccc1,CC#N,382.0
7413,CN(C)c1ccc(C=CC(=O)c2ccccc2)cc1,Cc1ccccc1,468.0
3045,COc1cc(/C=C/C2=CC(/C=C/c3ccc(O)c(OC)c3)=[O+][B-](F)(F)O2)ccc1O,CCOCC,527.01
1743,CN(C)c1ccc(/C=C/c2nc3ccccc3s2)cc1,CCCCCC,445.0
6011,O=C(/C=C/c1ccc(O)c(O)c1)O[C@H](Cc1ccc(O)c(O)c1)C(=O)O,O,444.0
379,COc1ccc(-c2nc3ccccc3nc2-c2ccc(OC)cc2)cc1,CC#N,435.0
10829,CN(C)c1ccc(C2=Cc3c4ccccc4c4ccccc4[n+]3[B-](F)(F)O2)cc1,COC(C)=O,559.0
2252,CCN(CC)c1ccc(-c2ccc(-c3nc(C#N)c4ccccc4n3)s2)cc1,Cc1ccccc1,471.0
7065,O=C1OC(c2ccccc2)=N/C1=C\c1ccc(N(c2ccccc2)c2ccccc2)cc1,CCOC(C)=O,571.0
10872,COc1ccc(-c2csc(/C(C#N)=C/c3ccncc3)n2)cc1,CS(C)=O,561.0
4303,c1ccc(N(c2ccccc2)c2ccc(-c3ccc4c(c3)C3(c5ccccc5Oc5ccccc53)c3cc(-c5ccc(N(c6ccccc6)c6ccccc6)cc5)ccc3-4)cc2)cc1,c1cc(-n2c3ccccc3c3ccccc32)cc(-n2c3ccccc3c3ccccc32)c1,441.0
450,CN(C)c1ccc(C2=Nc3scc(-c4ccc([N+](=O)[O-])cc4)[n+]3[B-](F)(F)O2)cc1,Cc1ccccc1,447.0
3975,COC(=O)C(Cc1ccc2oc(-c3ccc(N(C)C)cc3)nc2c1)NC(=O)OC(C)(C)C,CC(C)=O,394.4928794
5281,COc1ccc(C2=C(c3ccc(F)cc3)C(c3ccccc3)=[N+]3C2=Nc2c(-c4ccc(OC)cc4)c(-c4ccc(F)cc4)c(-c4ccccc4)n2[B-]3(F)F)cc1,Cc1ccccc1,692.0
3288,Cc1ccc(Nc2ccc(Nc3ccc(C)cc3)c3c2C(=O)c2ccccc2C3=O)cc1,CS(C)=O,689.0
4024,COC(=O)c1c(-c2cc3ccccc3oc2=O)nn(-c2ccccc2)c1C(=O)OC,ClCCl,401.0
3573,C(=C/c1nc2ccccc2s1)\c1ccc(-c2nc3c4cccnc4c4ncccc4c3[nH]2)cc1,C1CCOC1,469.0
4026,CCOC(=O)c1c(-c2c(Cl)c3cc(C)ccc3oc2=O)nn(-c2cccc(Cl)c2)c1C(=O)OCC,ClCCl,420.0
1358,Cc1cccc2cc3c(=O)n(C)c(=O)n(C)c3nc12,CC#N,417.0
2009,C(=C/c1ccccc1)\c1ccccc1,CCCCOCCCC,349.0
2495,COc1cc2c3c(c4cc(OC)c(OC)c(OC)c4c2c(OC)c1OC)=[N+]1C(=C(c2c(C)cc(C)cc2C)c2cc4c5cc(OC)c(OC)c(OC)c5c5c(OC)c(OC)c(OC)cc5c4n2[B-]1(F)F)C=3,C1CCCCC1,749.0
10389,C(#Cc1ncnc2ccccc12)c1ccc(N(c2ccccc2)c2ccccc2)cc1,C1CCCCC1,433.0
8481,CN(C)c1ccc(/C=C/C=C2\CC/C(=C\c3ccc(N(C)C)cc3)C2=O)cc1,Cc1ccccc1,530.0
5580,CCN1/C(=C\C=C\C=C\C2=[N+](CC)c3ccc4cc(Br)ccc4c3C2(C)C)C(C)(C)c2c1ccc1cc(Br)ccc21,ClCCl,714.0
9414,COc1ccc(-c2cc(C)nc(-c3ccc(-n4c5ccccc5c5ccccc54)cc3)n2)cc1,Cc1ccccc1,378.0
2227,F[B-]1(F)n2c(nc(-c3ccccc3)c2-c2ccccc2)-c2cccc[n+]21,ClCCl,528.0
3118,CSc1sc(C(C)=O)c2nn[nH]c(=O)c12,CCO,489.0
473,CN(C)c1ccc(/C=C/C=C/C=C/c2ccc(N(C)C)cc2)cc1,C1COCCO1,480.0
10574,CC1(C)c2ccccc2N(c2ccc(-c3nc4cc(C#N)c(C#N)cc4nc3-c3ccc(N4c5ccccc5C(C)(C)c5ccccc54)cc3)cc2)c2ccccc21,Cc1ccccc1,620.0
3006,N#Cc1ccc2cc(C#Cc3cn([C@H]4C[C@H](O)[C@@H](CO)O4)c4ncnc(N)c34)ccc2c1,ClC(Cl)Cl,423.0
3671,CC(C)(C)c1ccc(-c2nc3c4ccc(-c5c6ccccc6cc6ccccc56)cc4c4cc(-c5c6ccccc6cc6ccccc56)ccc4c3n2-c2ccc(C(C)(C)C)cc2)cc1,CCOCC,424.0
5582,CCN1/C(=C\C=C\C=C\C2=[N+](CC)c3ccc4ccccc4c3C2(C)C)C(C)(C)c2c1ccc1ccccc21,CC#N,695.0
6561,c1cc2c3ccc[n+]4cccc(c5ccc[n+](c1)c25)c34,CS(C)=O,443.0
12084,C=Cc1ccc(-c2ccc(-c3nnc(-c4ccc(-c5nnc(-c6ccc(-c7ccc(C=C)cc7)s6)o5)cc4)o3)s2)cc1,CCO,400.0
3658,CN(CCO)c1ccc(/C=C/C2=C(C#N)C(C(C#N)C#N)OC2(C)C)cc1,CC#N,646.0
11205,CN(C)c1cc(-c2ccccc2)cc2cc(C#Cc3ccncc3)ccc12,ClCCl,526.0
2856,O=C1C2=C3c4sccc4C=CN3C(=O)C2=C2c3sccc3C=CN12,CN(C)C=O,618.0
9968,Cc1ccc(-c2cc(/C=C/c3ccc(N(c4ccccc4)c4ccccc4)cc3)c(-c3ccc(C)cc3)cc2/C=C/c2ccc(N(c3ccccc3)c3ccccc3)cc2)cc1,ClCCl,492.0
9088,Cn1nc(-c2ccccc2)c2n[nH]nc2c1=O,CC#N,405.0
8390,COC(=O)C(Cc1ccc2oc(-c3ccc4c(c3)c3ccccc3n4-c3ccccc3)nc2c1)NC(=O)OC(C)(C)C,CN(C)C=O,384.4970778
5202,c1cc2ccc3cccc4c(-c5cc(-c6nccs6)nc(-c6nccs6)c5)cc(c1)c2c34,ClC(Cl)Cl,439.0
10141,CC[N+]1=C(/C=C/c2ccc3ccc4cccc5ccc2c3c45)C(C)(C)c2ccccc21,Cc1ccccc1,600.0
12113,CCCCCCC(CCCCCC)N1C(=O)c2cccc3c(-c4ccc(C#N)cc4)ccc(c23)C1=O,ClC(Cl)Cl,447.4
2629,COC(=O)c1ccc(O)c(-c2[nH]c(=O)n3c2-c2ccccc2C3=O)c1,CC#N,477.0
5682,F[B-]1(F)OC(C#Cc2ccccc2)=C2CCc3ccccc3C2=[O+]1,ClCCl,452.0
9381,Cc1cc2c(o1)c(Br)cc1c(C)cc(=O)oc12,C1CCCCC1,408.0
11604,COc1cc(OC)c2ccc(=O)oc2c1,CCOCC,390.0
7932,[NH3+]C(Cc1ccc(O)c(O)c1)C(=O)[O-],O,318.0
247,Cc1cc(C)c(B(c2ccc(-c3cc4ccc5cccc6ccc(c3)c4c56)cc2)c2c(C)cc(C)cc2C)c(C)c1,Cc1ccccc1,414.0
6560,c1cc2c3ccc[n+]4cccc(c5ccc[n+](c1)c25)c34,CC#N,442.0
1941,O=C1Nc2ccccc2/C1=C/C(=O)c1ccccc1,CC(C)O,412.0
3455,CCN(CC)c1ccc(-c2ccc(-c3nc(N4CCOCC4)c4ccccc4n3)s2)cc1,CC#N,544.0
218,COc1ccc(/C=C/c2nc(/C=C/c3ccc(N(C)C)cc3)cc(/C=C/c3ccc(N(C)C)cc3)n2)cc1,CCCCCCC,450.0
3353,Fc1nc(F)c(F)c(C#Cc2cc3c(cc2C#Cc2c(F)c(F)nc(F)c2F)OC2(CCCCC2)O3)c1F,CC#N,460.0
6872,COC(=O)c1ccc(C2=C3C=c4sccc4=[N+]3[B-](F)(F)n3c2cc2sccc23)cc1,ClCCl,604.0
7690,CCN(CC)c1ccc2c(C#N)c(/C=C(\C#N)c3nc4ccccc4o3)c(=O)oc2c1,C1COCCO1,641.0
4333,CN(C)c1ccc(C(=O)Nc2ccccc2)cc1,C1CCOC1,500.0
11260,COc1ccc2cc(-c3cc4ccc(OC)cc4oc3=O)oc2c1,CS(C)=O,484.0
9613,Cn1c(=O)c(/N=N/c2ccc(Nc3ccccc3)c(S(=O)(=O)O)c2)c(O)c2ccccc21,O,540.0
11094,CN(C)c1ccc(C2=Cc3ccc4ccccc4[n+]3[B-](F)(F)O2)cc1,CN(C)C=O,581.0
3279,CCN(CC)c1ccc2cc(-c3nc4ccccc4s3)c(=O)oc2c1,CC#N,503.8
2527,CC1CCC(=CS/C=C/c2ccc(/C=C/SC=C3CCC(C)CC3)cc2)CC1,ClCCl,427.0
3238,CN(C)c1ccc(C2=Nc3sc4c(F)c(F)c(F)c(F)c4[n+]3[B-](F)(F)O2)cc1,C1CCOC1,492.0
3941,CCN(CC)c1ccc2cc3ccc(=[N+](CC)CC)cc-3oc2c1,CC#N,549.0
11042,CCOC(=O)c1ccc(C2CC(c3cccc4ccccc34)=NN2c2ccc(Cl)cc2)cc1,ClCCl,471.0
10356,OCc1cc(/N=N/c2ccc(C#Cc3ccc4ccc5cccc6ccc3c4c56)cc2F)ccc1O,CS(C)=O,510.0
11586,C#Cc1ccc2cc(/C=C/C(=O)OCC)c(=O)oc2c1,CCO,412.0
11100,Cc1c(COC(=O)Cc2c[nH]c3ccccc23)n2c(OCC(=O)Cc3c[nH]c4ccccc34)c(C)c(=O)n2c1=O,CCO,452.0
6914,CN(C)c1ccc2nc(/C=C/c3ccccc3)c(=O)oc2c1,CCOC(C)=O,541.0
9747,COc1ccc(-c2ccc3c(c2)c2cc(-c4ccc(OC)cc4)ccc2n3-c2ccc(C(=O)c3ccc4sc5ccccc5c4c3)nc2)cc1,c1cc(-n2c3ccccc3c3ccccc32)cc(-n2c3ccccc3c3ccccc32)c1,493.0
7501,CN(C)c1ccc(/C=C/C=N/N=C/c2ccc3ccc4cccc5ccc2c3c45)cc1,CC(C)=O,475.0
2325,CN(C)CCN(Cc1c2ccccc2c(CN(CCN(C)C)c2ccc([N+](=O)[O-])cc2[N+](=O)[O-])c2ccccc12)c1ccc([N+](=O)[O-])cc1[N+](=O)[O-],CN(C)C=O,424.0
7975,C/C=C/c1cc(OC)cc(OC)c1,CCCCCC,338.0
1739,CN(C)c1ccc(/C=C(\C#N)c2nc3ccccc3s2)cc1,C1CCCCC1,500.0
10336,O=Cc1ccc(-c2ccc(-c3nc4ccccc4s3)c(O)c2)o1,CCO,530.0
6790,COc1cccc(-n2c(-c3ccc(F)cc3)nc(C)c2C)c1,CC#N,365.4
8764,c1ccc(-c2nn(-c3ccccc3)c3nc4ccc(N(c5ccccc5)c5cccc6ccccc56)cc4cc23)cc1,C1CCOC1,515.995872
200,COc1ccc(/C=C/c2cc(/C=C/c3ccc(OC)cc3)nc(/C=C/c3ccc(C(F)(F)F)cc3)n2)cc1,Cc1ccccc1,411.0
10351,F[B-]1(F)n2c(c3cc4ccccc4cc3c2-c2ccccc2)C=C2c3cc4ccccc4cc3C(c3ccccc3)=[N+]21,c1ccccc1,785.0
11802,C(=C/c1cccc2ccccc12)\c1ccc(-c2nnc(-c3ccc(-c4cc5ccccc5s4)cc3)o2)cc1,CN(C)C=O,447.0
2540,CCCCC(CC)Cn1c2cc(-c3ccc(N(c4ccccc4)c4ccccc4)cc3)c(C#N)cc2c2cc(C#N)c(-c3ccc(N(c4ccccc4)c4ccccc4)cc3)cc21,CC#N,484.0
5147,COc1ccc(-c2csc(-c3ccncc3)n2)cc1,CN(C)C=O,451.0
11797,C(=C/c1cccc2ccccc12)\c1ccc(-c2nnc(-c3ccc(-c4cc5ccccc5s4)cc3)o2)cc1,CCCCCCCC,426.0
4630,C1=CC2C=c3c(cc4cccc5cc6ccccc6c3c45)C3=c4ccccc4=CC(=C1)C32,ClCCl,683.0
1621,COC(=O)c1cc(=O)n(C)c2cc(-c3ccccc3N(C)C)sc12,CC#N,484.0
3994,COC(=O)C(Cc1ccc2oc(-c3ccc(N(C)C)cc3)nc2c1)NC(=O)OC(C)(C)C,CCOCC,379.5066414
5814,c1ccc(Nc2nc(Nc3ccccc3)nc(Nc3ccc4ccc5cccc6ccc3c4c56)n2)cc1,CO,395.0
613,c1ccc(-c2nc(-c3ccccc3)nc(-c3ccc(-n4c5ccccc5c5cc(-c6ccc7oc8ccccc8c7c6)ccc54)cc3)n2)cc1,CCOC(C)=O,470.0
7757,CC(C)(C)c1ccc2c(c1)c1cc(C(C)(C)C)ccc1n2-c1cccc(-c2nc(-c3cccc(P(=O)(c4ccccc4)c4ccccc4)c3)nc(-c3cccc(P(=O)(c4ccccc4)c4ccccc4)c3)n2)c1,CC(C)=O,554.5990566
9659,N#Cc1ccc(/C=C/C=C/c2ccc([N+](=O)[O-])cc2)cc1,C1CCOC1,485.0
2929,COc1ccc(-c2csc(/C(C#N)=C/c3ccc(C(F)(F)F)cc3)n2)cc1,CC#N,555.0
2388,Nc1cc(N)cc(-c2nc3ccccc3s2)c1,CO,519.0
5961,c1ccc(N2c3ccccc3B3c4ccccc4N(c4ccccc4)c4cccc2c43)cc1,CCO,458.0
2559,CCC1=C(C)C2C(c3ccc(-c4ccc(-c5nc6c7ccccc7c7ccccc7c6n5-c5ccc(C(C)(C)C)cc5)cc4)cc3)c3c(C)c(CC)c(C)n3[B-](F)(F)[N+]2=C1C,ClC(Cl)Cl,556.0
4532,O=C(/C=C/c1cn(-c2ccccc2)nc1-c1ccccc1)c1c(O)c2ccccc2oc1=O,CS(C)=O,510.0
3800,CC1=CC(/C=C/c2ccc3ccc4cccc5ccc2c3c45)=[N+]2C1=C(c1ccccc1)c1c(C)cc(/C=C/c3ccc4ccc5cccc6ccc3c4c56)n1[B-]2(F)F,CC1CCCO1,720.0
10600,Oc1cc(N(c2ccccc2)c2ccccc2)ccc1-c1nc2c3ccc(-c4ccccc4)cc3c3cc(-c4ccccc4)ccc3c2[nH]1,CO,427.0
4982,CC(C)CCCCN1CCc2c1ccc1c3c(ccc21)C(=O)CCC3,CS(C)=O,472.0
9037,N#Cc1c[nH]c2ccccc12,CC#N,313.0
5235,c1ccc2c(c1)c1ccccc1n2-c1ccc(-c2ccc(-c3ccc(-n4c5ccccc5c5ccccc54)nc3-n3c4ccccc4c4ccccc43)nn2)c(-n2c3ccccc3c3ccccc32)n1,ClCCl,419.6209016
3717,CCN(CC)c1ccc2c(-c3ccccc3C(=O)O)c3c([o+]c2c1)/C(=C/c1ccc(N(C)C)cc1)CCC3,ClCCl,757.0
8468,CN(C)c1ccc(/C=C/C=C2\CC/C(=C\c3ccc(N(C)C)cc3)C2=O)cc1,CC(C)=O,650.0
102,CCCCc1ccc(N(c2ccc(CCCC)cc2)c2ccc3c(c2)S(=O)(=O)c2cc(N(c4ccc(CCCC)cc4)c4ccc(CCCC)cc4)ccc2-3)cc1,ClC(Cl)Cl,516.0
5065,O=C1/C(=C2\Sc3ccccc3C2=O)Sc2ccccc21,CN(C)C=O,607.0
4281,CC(C)(C)C1Nc2ccccc2C(=O)N1c1ccccc1,ClC(Cl)Cl,409.0
4489,COc1ccc(-n2nc(C#N)c(N3CCCC3)n2)cc1,CN(C)C=O,418.0
533,CN(C)c1ccc(/C=C/c2cc[n+](CCCCC[n+]3ccc(/C=C/c4ccc(N(C)C)cc4)cc3)cc2)cc1,CC#N,605.0009378
4411,CCn1c2cc(C(C)(C)C)ccc2c2c3nsnc3c3c4ccc(C(C)(C)C)cc4n(CC)c3c21,ClCCl,515.0
8849,c1ccc(-c2nc(-c3ccccc3)nc(-c3cc(-n4c5ccccc5c5ncccc54)c(-n4c5ccccc5c5ccccc54)c(-n4c5ccccc5c5ncccc54)c3)n2)cc1,Cc1ccccc1,464.8837209
5853,c1csc(-c2nc3ccccc3c3cc4ccccn4c23)c1,CS(C)=O,508.0
3501,CC(C)c1cccc(C(C)C)c1N1C(=O)c2cccc3c(Oc4ccc(Cl)cc4)ccc(c23)C1=O,ClCCl,423.0
11203,CCCCCCCCCCc1cc(-c2cc(CCCCCCCCCC)c(-c3cccs3)s2)sc1-c1cccs1,CCCCCCCCCCCCCC,481.0
747,N#C/C(=C\c1ccc(C=C(c2ccccc2)c2ccccc2)cc1)c1ccc([N+](=O)[O-])cc1,C1CCOC1,552.0
11348,O=Cc1ccc(N(c2ccc(C=O)cc2)c2ccc(-c3ccc4c(c3)C(=O)c3ccccc3C4=O)cc2)cc1,C1CCOC1,662.0
10528,COc1nc(Cl)nc(Nc2ccc3c4c(cccc24)C(=O)c2ccccc2-3)n1,N#Cc1ccccc1,526.0389269
3422,Oc1c(-c2nc3c4ccc(-c5ccccc5)cc4c4cc(-c5ccccc5)ccc4c3[nH]2)cc2c3c1CCCN3CCC2,CO,474.0
3222,CCOC(=O)/C(C#N)=C(\C=C\c1ccc(N(c2ccccc2)c2ccc(/C=C/C(=C(/C#N)C(=O)OCC)c3ccccc3)cc2)cc1)c1ccccc1,C1COCCO1,589.0
2250,COc1ccc(-n2nc(C(=O)N3CCCC3)c(N3CCCC3)n2)cc1,CN(C)C=O,396.0
6791,COc1cccc(-n2c(-c3ccc(F)cc3)nc(C)c2C)c1,CCCCCC,369.0
304,Cc1cc(C2(c3cc(C)c(O)c(Br)c3)OS(=O)(=O)c3ccccc32)cc(Br)c1O,C1COCCO1,450.0
4459,CC(C)(C)c1ccc(/C=C/c2ccc(N(c3ccc(/C=C/c4ccc(C(C)(C)C)cc4)cc3)c3ccc(-c4nc5ccccc5nc4-c4ccc(N(c5ccc(/C=C/c6ccc(C(C)(C)C)cc6)cc5)c5ccc(/C=C/c6ccc(C(C)(C)C)cc6)cc5)cc4)cc3)cc2)cc1,C1CCOC1,515.0
2316,CCCCCCc1ccc(-n2c3[n+](c4c5ccccc5c5ccccc5c42)[B-](C)(C)c2cc(N(c4ccccc4)c4ccccc4)ccc2-3)cc1,ClCCl,437.0
2290,N#Cc1nc2c3ccc(N(c4ccccc4)c4ccccc4)cc3c3cc(N(c4ccccc4)c4ccccc4)ccc3c2nc1C#N,C1COCCO1,586.9103774
6630,CC1(C)CC(=O)c2c(F)c(F)c(F)c(F)c2N1,CCO,479.0
6724,O=c1[nH]c(=O)n([C@@H]2O[C@H](CO)[C@@H](O)[C@H]2O)cc1-c1cc2ccccc2s1,O,458.0
3082,C=Cc1cc2cc3c(cc2oc1=O)OCO3,CC#N,448.0
4688,Cn1c(=O)c(/N=N/c2ccc(S(=O)(=O)O)c3ccccc23)c(O)c2ccccc21,C1CCOC1,548.0
135,CC1(C)C(/C=C/c2cc3ccc(O)cc3oc2=O)=[N+](CCCS(=O)(=O)[O-])c2ccc(S(=O)(=O)O)cc21,O,636.0
9814,CCN1c2ccc(/C=C(\C#N)c3ccccc3)cc2Sc2cc(/C=C(\C#N)c3ccccc3)ccc21,CS(C)=O,595.0
9220,CN(C)c1ccc(/C=C/C=C/c2nc3ccccc3s2)cc1,CC#N,562.0
4245,COc1ccc(C2=[N+]3C(=Nc4c5c6ccccc6c6ccc(C(C)(C)C)cc6c5c(-c5ccc(OC)cc5)n4[B-]3(F)F)c3c2c2cc(C(C)(C)C)ccc2c2ccccc32)cc1,Cc1ccccc1,741.0
2389,Nc1cc(N)cc(-c2nc3ccccc3s2)c1,O,541.0
3777,c1ccc2cc(-n3cnc4ccccc43)ccc2c1,CCOC(C)=O,375.0
360,c1ccc(-n2nc(-c3ccc(N4c5ccccc5Sc5ccccc54)cc3)nc2-c2ccccn2)cc1,ClCCl,468.0
9790,c1ccc(/C(=C(\c2ccccc2)c2cc(-c3ccccc3)ccc2-c2ccccc2)c2cc(-c3ccccc3)ccc2-c2ccccc2)cc1,C1CCOC1,489.0
9716,CCc1ccc(-c2nc(-c3ccc(-n4c5ccccc5c5ccccc54)cc3)cc(-c3ccc(-n4c5ccccc5c5ccccc54)cc3)n2)cc1,CN(C)C=O,482.0
3065,COc1ccc(/C=C/C2=CC(/C=C/c3ccc(OC)c(OC)c3)=[O+][B-](F)(F)O2)cc1OC,ClCCl,570.0
2688,CCN(CC)c1ccc2c(-c3ccccc3C(=O)[O-])c3ccc(=[N+](CC)CC)cc-3oc2c1,CN(C)C=O,588.0
7824,O=C1c2ccccc2-c2ccccc21,CCO,553.0
8926,CCOC(=O)CN(CC(=O)OCC)c1ccc(-c2cc(-c3cccnc3)nc(-c3cccnc3)c2)cc1,CS(C)=O,454.0
4663,COc1cc(-c2nnc(-c3ccc4ccc5cccc6ccc3c4c56)o2)cc(OC)c1OC,CC1CCCCC1,430.0
5967,CCN(CC)c1ccc2cc(/C=C/C(O)=C3\CC/C(=C\c4cc5ccc(N(CC)CC)cc5oc4=O)C3=O)c(=O)oc2c1,CC(C)=O,613.0
7116,CCOC(=O)CCOc1ccccc1C(c1c(C)[nH]c2ccccc12)c1c(C)[nH]c2ccccc12,C1CCCCC1,329.0
4073,O=C1C=Cc2cc3ccccc3c(=O)n21,CC#N,410.0
1208,CCCN1C(=O)c2c3c(c4c(c2C1=O)CCc1cc(-c2ccc(N(C)C)cc2)c(OC)cc1-4)-c1cc(OC)c(-c2ccc(N(C)C)cc2)cc1CC3,C1CCCCC1,511.0
7592,O=C(O)COc1cccc(-c2c3nc(cc4ccc([nH]4)c(-c4cccc(OCC(=O)O)c4)c4nc(cc5ccc2[nH]5)CC4)CC3)c1,CS(C)=O,738.0
11236,O=c1oc2ccc(Br)cc2cc1-c1cc2cc(Br)ccc2o1,CS(C)=O,444.0
2184,CCN1c2ccc(/C=N/Nc3ccccn3)cc2Sc2cc(-c3ccccc3)ccc21,ClCCl,497.0
10790,COc1ccc(C2=[N+]3C(=C(c4ccc(C#N)cc4)c4cc(Cl)c(-c5ccc(OC)cc5)n4[B-]3(F)F)C=C2Cl)cc1,C1CCOC1,643.0
12231,N#Cc1nc(N(Cc2ccccc2F)Cc2ccccc2F)c(C#N)nc1N(Cc1ccccc1F)Cc1ccccc1F,ClC(Cl)Cl,570.0
1981,CCOC(=O)CSc1nc(C)c(C)c(C#N)c1C#N,c1ccccc1,407.0
11901,COc1cccc(-c2c3ccccc3c3n2[B-](F)(F)[N+]2=Cc4c5ccccc5c(-c5cccc(OC)c5)n4[B-](F)(F)[N+]2=C3)c1,CC#N,596.0
1153,Cc1cc(O)c(C(C)C)cc1/N=C/c1ccc(C(F)(F)F)cc1,ClC(Cl)Cl,430.0
10960,CCN(CC)c1ccc2cc(-c3ccc(S(C)(=O)=O)cc3)oc(=O)c2c1,CN(C)C=O,499.0
10341,O=Cc1ccc(-c2ccc(-c3nc4ccccc4s3)c(O)c2)o1,O,563.0
10548,F[Si-](F)(c1ccccc1)(c1ccccc1)c1cc2ccccc2c2ccccc12,C1CCOC1,359.0
1217,COc1ccc(-c2cc(-c3ccc(C)cc3)c(C#N)c(OC)n2)cc1,CC#N,406.0
9583,O=c1oc2cc3ccccc3cc2nc1-c1ccccc1,CO,548.0
6037,CN(C)c1ccc(C#Cc2ccc(C=O)cc2)cc1,C1CCCCC1,462.4919064
927,CC1=C2c3ccccc3C(c3[nH]c(C)cc3C)=[N+]2[B-](F)(F)n2c(C)cc(C)c21,C1CCOC1,627.0
2012,Cc1ccccc1/C(C#N)=C/c1ccc(N(C)C)cc1,CCCO,505.0
11660,N#Cc1cc2ccccc2oc1=O,ClC(Cl)Cl,411.0
396,N#Cc1cc2ccc(cc2)c2cccc3cccc(c4ccc(cc4)cc(C#N)c4ccc(cc4)c4cccc5cccc(c6ccc1cc6)c54)c32,Cc1ccccc1,496.0
3059,COc1ccc(/C=C/C2=CC(/C=C/c3ccc(OC)c(OC)c3)=[O+][B-](F)(F)O2)cc1OC,CCO,574.85
149,O=C1OC(c2ccccc2)=N/C1=C\c1ccc(N(c2ccc(/C=C3\N=C(c4ccccc4)OC3=O)cc2)c2ccc(/C=C3/N=C(c4ccccc4)OC3=O)cc2)cc1,CC#N,635.6
8388,COC(=O)C(Cc1ccc2oc(-c3ccc4c(c3)c3ccccc3n4-c3ccccc3)nc2c1)NC(=O)OC(C)(C)C,CCOC(C)=O,378.5011355
2119,CC(C)(C)c1ccc2oc(-c3ccc(-c4nc5cc(C(C)(C)C)ccc5o4)s3)nc2c1,CCCCO,434.0
7417,Cc1ccc(C(=O)/C=C/c2ccc(N(C)C)cc2)cc1,CC#N,529.0
293,CN(CCO)c1ccc(/C=C/C2=CC(=C(C#N)C#N)CC(C)(C)C2)cc1,ClC(Cl)Cl,612.0
10718,CC(C)[Si]1(C(C)C)c2cc(C#N)ccc2-c2ccc(N(c3ccccc3)c3ccccc3)cc21,c1ccccc1,432.0
8214,COCCOc1ccc(OCCOC)c(C=O)c1,CCCO,458.0
3649,CCCCNc1ccc2c3c(cccc13)C(=O)N(c1ccc(O)cc1)C2=O,CC#N,518.0
11044,CCOC(=O)c1ccc(C2CC(c3cccc4ccccc34)=NN2c2ccc(OC)cc2)cc1,ClCCl,505.0
311,Cc1cc(C2(c3cc(C)c(O)c(Br)c3)OS(=O)(=O)c3ccccc32)cc(Br)c1O,CCO,507.0
971,CCCCCCCCCCCCOc1cc(/C=C/c2ccc3c(c2)C(CC)(CC)c2cc(N4c5ccccc5Sc5ccccc54)ccc2-3)c(OCCCCCCCCCCCC)cc1/C=C/c1ccc2c(c1)C(CC)(CC)c1cc(N3c4ccccc4Sc4ccccc43)ccc1-2,ClCCl,477.0
4122,Cc1ccc(-c2cc(-c3ccc(C)cc3)c(C#N)c(=O)[nH]2)cc1,ClC(Cl)Cl,441.0
8850,c1ccc(-c2nc(-c3ccccc3)nc(-c3cc(-n4c5ccccc5c5ncccc54)c(-n4c5ccccc5c5ccccc54)c(-n4c5ccccc5c5ncccc54)c3)n2)cc1,ClCCl,502.7906977
4919,Oc1ccc2ccccc2c1/C=N/C1CCCCC1/N=C/c1c(O)ccc2ccccc12,CC#N,471.0
10373,O=C(N/N=C/c1ccccc1O)c1cc2ccccc2cc1O,CC(C)=O,513.0
4238,O=[N+]([O-])c1ccc2nc3cc4ccccc4cc3c(-c3ccccc3)c2c1,ClCCl,602.0
8094,O=Cc1cc(O)ccc1O,CCCO,484.0
5616,C[P+]1(c2ccccc2)C2=C(c3ccccc31)S(=O)(=O)c1ccccc12,CCO,419.0
7387,CCC(C)(C)c1ccc(-c2ccc(-c3ccccc3)cc2)cc1,C1COCCO1,349.0
4127,CN(C)c1ccc(-c2c(/C=C3/C=Cc4ccccc4N3C)c(=O)c2=O)cc1,Cc1ccccc1,435.0
2142,CCCCc1c2c(nc3ccccc13)-c1cc3c(cc1CC2)-c1nc2ccccc2c(CCCC)c1CC3,ClC(Cl)Cl,381.0
7558,COc1ccc([C@@H]2C[C@](O)(c3ccccn3)C[C@](O)(c3ccccn3)[C@H]2C(=O)c2ccc(N(c3ccccc3)c3ccccc3)cc2)cc1,C1CCOC1,495.0
10560,CCCCCCCCCC1(CCCCCCCCC)c2cc(C#Cc3ccc(/C=C/c4ccc(N(CCCCCCCC)CCCCCCCC)cc4)cc3)ccc2-c2ccc(C#Cc3ccc(/C=C/c4ccc(N(CCCCCCCC)CCCCCCCC)cc4)cc3)cc21,Cc1ccccc1,464.0
2201,CCN(CC)c1ccc2cc(/C(Cl)=C/C=C/C(=C(C#N)C#N)c3ccc4c(c3)c3ccccc3n4CC)c(=O)oc2c1,ClCCl,664.0
7438,CN(C)c1ccc(/C=C/C(=O)c2ccc(Cl)cc2)cc1,CC(=O)O,521.0
10272,Cc1cc(C)c(B(c2ccc(-c3nc4c5ccccc5c5ccccc5c4[nH]3)cc2)c2c(C)cc(C)cc2C)c(C)c1,CS(C)=O,484.0
5985,Cc1nc(-c2ccc(-n3c4ccccc4c4ccccc43)cc2)cc(-c2ccc(-n3c4ccccc4c4ccccc43)cc2)n1,CN(C)C=O,479.0
4030,CCOC(=O)c1c(-c2c(Cl)c3ccccc3oc2=O)nn(-c2cccc(C)c2)c1C(=O)OCC,ClCCl,410.0
11961,N#C/C(=C\c1cc(/C=C(\C#N)c2ccc(C(F)(F)F)cc2)c(-c2ccc(N(c3ccccc3)c3ccccc3)cc2)cc1-c1ccc(N(c2ccccc2)c2ccccc2)cc1)c1ccc(C(F)(F)F)cc1,ClCCl,594.0
6857,C(#Cc1ccccc1)C(C#Cc1ccccc1)=Cc1ccc(-c2ccc(C=C(C#Cc3ccccc3)C#Cc3ccccc3)cc2)cc1,ClC(Cl)Cl,461.0
5605,C(=C/c1cnccn1)\c1ccc(N(c2ccccc2)c2ccc(/C=C/c3cnccn3)cc2)cc1,ClCCl,569.0
6753,Cn1c(/C=C/c2ccc(/C=C/c3nc4ccccc4[nH]3)cc2)[n+](C)c2ccccc21,CS(C)=O,584.0
8686,CCC1=C(C)C2=Cc3cccn3[B-](F)(F)[N+]2=C1C,C1CCCCC1,517.5
4104,N#Cc1c(-c2ccc(Br)cc2)cc(-c2ccc(Br)cc2)[nH]c1=O,CCOC(C)=O,452.0
70,C[P+]1(c2ccccc2)c2ccccc2-c2sc3ccccc3c21,CCO,442.0
2820,COc1ccc(N(c2ccc(OC)cc2)c2ccc3ccc4c(B(c5c(C)cc(C)cc5C)c5c(C)cc(C)cc5C)ccc5ccc2c3c54)cc1,Cc1ccccc1,575.0
4003,COC(=O)C(Cc1ccc2oc(-c3ccc(N(C)C)cc3)nc2c1)NC(=O)OC(C)(C)C,NC=O,411.5056994
10592,CCN(CC)c1ccc2cc(-c3cn4ccccc4n3)c(=O)oc2c1,C1CCOC1,474.0
11264,Cc1cccc2cc(-c3cc4cccc(C)c4oc3=O)oc12,CS(C)=O,456.0
8651,C#CCNC1=C2C=CC=[N+]2[B-](F)(F)n2cccc21,c1ccccc1,485.0
3728,CC1(C)c2ccccc2N(c2ccc(-c3nnc(-c4ccccc4O)o3)cc2)c2ccccc21,CCO,547.0
1643,CN1C(=O)c2cccc3c(-n4c5ccccc5c5ccccc54)ccc(c23)C1=O,ClC(Cl)Cl,489.0
10163,CCCCCCc1ccc2c3c(ccc2c1)O[B-](F)(F)[N+](c1cc([N+]2=Cc4c(ccc5cc(CCCCCC)ccc45)O[B-]2(F)F)cc([N+]2=Cc4c(ccc5cc(CCCCCC)ccc45)O[B-]2(F)F)c1)=C3,C1CCOC1,490.0
4746,N#Cc1c(-c2ccccc2)cc(-c2ccccc2)[nH]c1=S,CCOC(C)=O,502.0
8020,Cc1ccccc1C,C1CCCCC1,291.3752914
3973,COC(=O)C(Cc1ccc2oc(-c3ccc(N(C)C)cc3)nc2c1)NC(=O)OC(C)(C)C,C1COCCO1,377.0028275
5099,CCCCCCc1ccc(/C=C/c2ccc(CCCCCC)s2)s1,Cc1ccccc1,416.0
2453,CC1=[N+]2C(=C(/C=C/c3ccc(C(F)(F)F)cc3)c3ccc(C)n3[B-]2(F)F)C=C1c1cc2n(c1)[B-](F)(F)[N+]1=CC=CC1=C2c1c(C)cc(C)cc1C,C1CCCCC1,704.0
2417,CN(C)c1ccc2nc(-c3ccccc3)sc2c1,CS(C)=O,486.4077079
7204,CCCCCCCCN1c2ccc(C#Cc3ccc(F)cc3)cc2Sc2cc(C=O)ccc21,CCCCCC,488.0
6146,Cc1cc(C)c(B(c2cc(-c3ccc(C(C)(C)C)cc3)sc2-c2sc(-c3ccc(C(C)(C)C)cc3)cc2P(=O)(c2ccccc2)c2ccccc2)c2c(C)cc(C)cc2C)c(C)c1,CO,572.0
7787,COc1ccc2c(c1)-c1cc(OC)ccc1C2=O,CC#N,514.0
7914,CCCN1/C(=C/C=C(/C=C/C2=[N+](CCC)c3ccccc3C2(C)C)c2ccncc2)C(C)(C)c2ccccc21,CS(C)=O,655.0
8359,Cn1c(=O)c(-c2ccccc2)nc2ccccc21,c1ccccc1,424.0
8735,CC1=C(C(C)(C)C)C(C)=[N+]2C1=C(C)c1c(C)c(C(C)(C)C)c(C)n1[B-]2(F)F,CCCCCC,567.8
11305,CN1CCN(c2ccc3c4c(cccc24)C(=O)c2ccccc2-3)CC1,CO,645.0
1923,O=C1Nc2ccccc2/C1=C/C(=O)c1ccc(Cl)cc1Cl,ClCCl,398.0
5082,CC(C)c1cc(C(C)C)c(B2c3ccccc3Oc3cc(N4c5ccccc5C5(c6ccccc6-c6ccccc65)c5ccccc54)ccc32)c(C(C)C)c1,Cc1ccccc1,456.0
47,Cc1cc(-c2ccc(N(c3ccccc3)c3ccccc3)cc2)c2nsnc2c1-c1ccc(N(c2ccccc2)c2ccccc2)cc1,ClCCl,577.0
1965,O=c1c2cccc3cccc(c32)c2nc3c(F)c(F)c(F)c(F)c3n12,ClCCl,466.0
10297,O=c1oc2ccccc2cc1-c1nc2ccccc2o1,CO,440.0
385,c1ccc(-c2nc3ccccc3nc2-c2ccccc2)cc1,CC#N,399.0
5391,CCN(CC)c1ccc(-c2nc3c4ccc(-c5ccccc5)cc4c4cc(-c5ccccc5)ccc4c3[nH]2)c(O)c1,Cc1ccccc1,417.0
221,COc1ccc(/C=C/c2nc(/C=C/c3ccc(N(C)C)cc3)cc(/C=C/c3ccc(N(C)C)cc3)n2)cc1,ClCCl,533.0
8139,COCCOCCOCCOCCOc1cc(C=O)c(OCCOCCOCCOCCOC)cc1C=O,O,495.0
8341,O=C(c1ccc(N2c3ccccc3[Si](c3ccccc3)(c3ccccc3)c3ccccc32)cc1)c1ccc(N2c3ccccc3[Si](c3ccccc3)(c3ccccc3)c3ccccc32)cc1,CC(C)=O,545.2238806
11323,Cc1nc(-c2ccccc2O)n2c1CCCC2,ClCCl,452.0
624,CCCCCCn1c(=O)c2c3oc4ccccc4sc3c3c(=O)n(CCCCCC)c(=O)c3c2c1=O,ClCCl,522.0
8251,COc1cc(C(=O)O)ccc1O,CC(C)CO,340.0
4336,Cc1cccc(NC(=O)c2ccc(N(C)C)cc2)c1,C1CCCCC1,452.0
7033,N#Cc1coc2ccccc2c1=O,CO,415.0
6073,COC(=O)c1ccc(C#Cc2ccc(N(C)C)cc2)cc1,C1CCCCC1,426.0032376
1197,CC(=O)O[B-]1(OC(C)=O)OC(/C=C/C=C/c2ccccc2)=CC(/C=C/C=C/c2ccccc2)=[O+]1,ClCCl,545.0
967,CCCCCCCCCCCCOc1cc(/C=C/c2ccc3c(c2)C(CC)(CC)c2cc(N4c5ccccc5Sc5ccccc54)ccc2-3)c(OCCCCCCCCCCCC)cc1/C=C/c1ccc2c(c1)C(CC)(CC)c1cc(N3c4ccccc4Sc4ccccc43)ccc1-2,C1CCOC1,474.0
10588,CCN(CC)c1ccc2cc(-c3cn4ccccc4n3)c(=O)oc2c1,ClCCl,478.0
10057,CC1(C)C(/C=C/C2=C(Cl)/C(=C/C=C3/N(Cc4ccc(F)cc4)c4ccccc4C3(C)C)CCC2)=[N+](Cc2ccc(F)cc2)c2ccccc21,CO,809.0
7897,c1ccc(-c2nc(-c3ccc(N4CCCC4)cc3)cc(-c3ccc4ccccc4c3)n2)cc1,ClC(Cl)Cl,498.0
4810,CC(=O)c1ccc(-c2cc(C)[o+]c(C)c2)cc1,ClCCl,405.0
429,C[C@@]12SC(Cl)=CC1=c1nc(-c3ccccc3)[nH]c1=C1C=C(Cl)S[C@]12C,CC#N,452.0
2935,O=C(c1ccncc1)c1ccc(-n2c3ccccc3c3cc(-n4c5ccccc5c5ccccc54)ccc32)cc1,c1cc(-c2cccc(-n3c4ccccc4c4ccccc43)c2)cc(-n2c3ccccc3c3ccccc32)c1,475.2314815
8489,Cn1c(=O)nc2n(C)c3ccccc3nc-2c1=O,CC#N,529.0
6333,O=P1(c2ccccc2)c2cc(N3c4ccccc4Oc4ccccc43)ccc2-c2ccc(N3c4ccccc4Oc4ccccc43)cc21,c1ccc2c(c1)c1ccccc1n2-c1ccc(-c2ccc(-n3c4ccccc4c4ccccc43)cc2)cc1,550.0
5996,COc1ccc2c(c1)CCc1c-2nc(N)c(C#N)c1-c1ccc(Br)cc1,CCCCCC,392.0
11701,CCCCCCn1c2ccccc2c2cc(/C=C/c3cc(=O)oc4cc(C)ccc34)ccc21,ClC(Cl)Cl,504.0
2239,CC1=CC(C)=[N+]2C1=C(c1ccc(N3CCOCC3)cc1)c1c(C)cc(C)n1[B-]2(F)F,CC#N,511.0
2232,CC1=[N+]2C(=C(c3ccc(N4CCOCC4)cc3)c3ccc(C)n3[B-]2(F)F)C=C1,CCOC(C)=O,520.0
9368,C[N+]1=C(/C=C/C2=C3Oc4c(cc5c6c4CCCN6CCC5)C(c4ccccc4C(=O)O)=C3CCC2)C(C)(C)c2c1ccc1ccccc21,CO,768.0
11463,F[B-]1(F)n2cccc2C(c2c3ccccc3c(-c3ccccc3)c3ccccc23)=C2C=CC=[N+]21,ClCCl,526.0
6500,CCOc1cccc(-c2nc3c(c4c2-c2ccccc2CC4)-c2ccccc2CC3)c1O,ClCCl,406.0
11012,N#Cc1cnc(-c2c3ccccc3c(-c3ncc(C#N)cn3)c3ccccc23)nc1,CCO,503.0
6427,Oc1cc(N(c2ccccc2)c2ccccc2)ccc1-c1nc2c3ccccc3c3ccccc3c2[nH]1,ClCCl,430.0
6237,CCOC(=O)/C(C#N)=C\c1ccc2c(c1)c1ccccc1n2-c1ccc(OC)cc1,CC(C)=O,508.0
4880,COC(=O)c1nc2c(N)nc(N(C)C)nc2n1Cc1ccccc1,ClCCl,409.0
10010,CCNc1ccc(NCC)c2c1C(=O)c1ccccc1C2=O,CS(C)=O,672.0
1323,C=CCOc1nnc(OCCC(F)(F)C(F)(F)C(F)(F)C(F)(F)C(F)(F)C(F)(F)C(F)(F)C(F)(F)F)nn1,ClCCl,572.0
19,c1ccc2c(-c3ccc(-c4nnc(-c5ccc(-c6nnc(-c7ccc(-c8cccc9ccccc89)s7)o6)cc5)o4)s3)cccc2c1,CCCCCCCCCCO,440.0
4438,O=P(c1ccccc1)(c1ccccc1)c1ccc(-n2c(-c3cccc(P(=O)(c4ccccc4)c4ccccc4)c3)nc3ccccc32)cc1,ClCCl,376.0
9119,CCCC1(CCC)c2ccccc2-c2ccccc21,C1CCCCC1,309.0
3043,CC(=O)O[B-]1(OC(C)=O)OC(/C=C/c2ccc(C)cc2)=CC(/C=C/c2ccc(C)cc2)=[O+]1,ClCCl,492.0
9591,C[SiH]1c2ccccc2-c2cc3c(cc21)-c1ccccc1[SiH]3C,ClCCl,389.0
4985,CC(C)CCCCN1CCc2c1ccc1c3c(ccc21)C(=O)CCC3,Clc1ccccc1,462.0
3819,[O-][n+]1c(/C=C/c2cccs2)nc(N2CCOCC2)c2c1CCCC2,ClCCl,534.0
2664,c1ccc2sc(-c3ccc(-c4nnc(-c5ccc(-c6nnc(-c7ccc(-c8cc9ccccc9s8)s7)o6)cc5)o4)s3)cc2c1,CCCCO,399.0
828,COc1ccc(/C=C/c2cc(/C=C/c3ccc(N(c4ccccc4)c4ccccc4)cc3)nc(/C=C/c3ccc(N(C)C)cc3)n2)cc1,ClCCl,548.0
4918,CC1=CC(C)=[N+]2C1=Cc1c3ccccc3c(C#Cc3cccs3)n1[B-]2(F)F,ClCCl,631.0
673,Cc1cc2ccc(-c3cccc4cccc(-c5ccc6cc(C)c(=O)oc6c5)c34)cc2oc1=O,CO,452.0
7247,N#CC(C#N)=Cc1cn(-c2ccccc2)nc1-c1ccccc1,Cc1ccccc1,430.0
3615,COc1ccc(-c2sc3c(c2Br)=[N+]2C(=C(C(F)(F)F)c4c(Br)c5sc(-c6ccc(OC)cc6)c(Br)c5n4[B-]2(F)F)C=3Br)cc1,C1CCOC1,770.0
11783,CC(C)(C)c1cc(-c2c3cccc4c5cccc6c(-c7cc(C(C)(C)C)cc(C(C)(C)C)c7)c7cccc8c9cccc2c9c(c34)c(c65)c78)cc(C(C)(C)C)c1,Cc1ccccc1,701.0
4404,COc1ccc2c(c1)[nH]c1c3[nH]c4cc(OC)ccc4c3c3nsnc3c21,Cc1ccccc1,501.0
937,CC1=C2c3ccccc3C(c3ccc[nH]3)=[N+]2[B-](F)(F)n2cccc21,Cc1ccccc1,594.0
5384,c1ccc(Cn2c3sccc3c3c4nsnc4c4c5ccsc5n(Cc5ccccc5)c4c32)cc1,Cc1ccccc1,508.0
8039,CCCCC(CC)COC(=O)/C=C\c1ccccc1OC,CO,458.0
6074,COC(=O)c1ccc(C#Cc2ccc(N(C)C)cc2)cc1,C1CCOC1,481.9973972
2288,C1=Cc2nc1c(-c1cncs1)c1ccc([nH]1)c(-c1cncs1)c1nc(c(-c3cncs3)c3ccc([nH]3)c2-c2cncs2)C=C1,CN(C)C=O,664.0
11028,O=C(O)c1cc2c(ccc3ccccc32)oc1=O,CO,431.0
3495,c1ccc(-n2c(-c3cccc4ccccc34)nc3c4cccc5ccc6cccc(c6c54)c32)cc1,CCCCCC,384.0
7498,CN(C)c1ccc(/C=C/C=N/N=C/c2ccc3ccc4cccc5ccc2c3c45)cc1,O,478.0
10132,c1ccc(-c2nc(-c3ccc(-c4nc(-c5ccccc5)c(-c5ccccc5)[nH]4)s3)[nH]c2-c2ccccc2)cc1,C1CCOC1,456.9983091
3325,COc1ccc(C2=C3C(C)=CC(C)=[N+]3[B-](F)(F)n3c(/C=C/c4ccc(N(C)C)cc4)cc(C)c32)cc1,CCOC(C)=O,665.0
8630,CCC1=C(C)C2=C(C)c3c(I)c(I)cn3[B-](F)(F)[N+]2=C1C,OCC(F)(F)F,530.5
5430,COc1ccc2c3c(cccc13)C(=O)N(C)C2=O,C1CCOC1,430.0
4201,CCN(CC)c1ccc(/N=N/c2nc3ccc(OC)cc3s2)cc1,CC#N,583.0
8146,COCCOCCOCCOCCOc1ccc(OCCOCCOCCOCCOC)c(C=O)c1,CN(C)C=O,425.0
11248,Cc1ccc2oc(-c3cc4cc(C)ccc4oc3=O)cc2c1,CCOC(C)=O,436.0
9489,CCCCn1c2ccccc2c2ccc3c4cc(-c5cccc(F)c5)ccc4n(CCCC)c3c21,ClC(Cl)Cl,398.0
8045,COc1ccc(O)cc1C=O,ClC(Cl)Cl,433.0
10290,O=c1oc2ccccc2cc1-c1nc2ccccc2o1,CC#N,443.0
7985,CN(C)c1ccccc1,C1CCCCC1,339.9048266
11504,CCOC(=O)c1c2c3c(ccc([N+](=O)[O-])c3c3cc4ccccc4cc13)N(C)C2=O,CC#N,413.0
9647,CN(C)c1ccc(/C=C/C=C/c2ccc([N+](=O)[O-])c(O)c2)cc1,CCCCCCC,523.0
7976,C/C=C/c1ccc(OC)c(OC)c1,CC#N,333.0
10064,COc1ccc(N(c2ccc(OC)cc2)c2cc3ccc4cc(B(c5c(C)cc(C)cc5C)c5c(C)cc(C)cc5C)cc5ccc(c2)c3c45)cc1,Cc1ccccc1,488.0
7974,C/C=C/c1cc(OC)cc(OC)c1,CC#N,343.0
6839,COc1cc(N(c2ccccc2)c2ccc(C=C(C#N)C#N)c(OC)c2)ccc1C=C(C#N)C#N,CC(C)=O,562.0
4099,Cc1ccc(/C=C/c2ccccc2-[n+]2noc([O-])c2-c2ccccc2)cc1,C1CCCCC1,400.0
2732,O=C1CCCC2=C1CC1=C(CCCC1=O)N2NC(=O)c1ccccc1,CC#N,434.0
5129,C#CCOc1ccc(/C=C/C2=[N+]3C(=C(c4ccccc4)c4c(C)cc(C)n4[B-]3(F)F)C(C)=C2)cc1,CO,574.0
5404,CCC1(CC)c2cc(-c3ccc(-c4ccccc4)cc3-c3ccccc3)ccc2-c2cc3c(cc21)-c1ccc(-c2ccc(-c4ccccc4)cc2-c2ccccc2)cc1C3(CC)CC,C1CCOC1,405.0
12051,CN(C)c1ccc(/C=C2\CCCC2=O)cc1,CCCO,479.0
10124,Cn1c(-c2ccc(-c3nc(-c4ccccc4)c(-c4ccccc4)n3C)s2)nc(-c2ccccc2)c1-c1ccccc1,CC#N,470.0
11124,Fc1c(-n2c3ccccc3c3ccccc32)c(F)c(-n2c3ccccc3c3ccccc32)c(-c2nnc(-c3ccccc3)o2)c1-n1c2ccccc2c2ccccc21,Cc1ccccc1,490.0
749,N#Cc1ccc(/C=C/c2ccc(C=C(c3ccccc3)c3ccccc3)cc2)cc1,C1CCOC1,456.0
6529,N#Cc1ccc2c(c1)CCc1nc(-c3ccc([N+](=O)[O-])cc3)c3c(c1-2)CCc1cc(C#N)ccc1-3,ClCCl,475.0
518,CN(C)c1ccc(/C=C/c2ccccn2)cc1,CC(C)O,465.0
10947,CCN(CC)c1ccc2cc(-c3ccc(C(F)(F)F)cc3)oc(=O)c2c1,CCCCO,468.0
9456,CC(C)(C)OC(=O)NCCn1cc(COc2ccc(-c3cc(-c4ccccc4)c4n3[B-](F)(F)[N+]3=C(c5ccc(OCCCS(=O)(=O)[O-])cc5)C=C(c5ccccc5)C3=N4)cc2)nn1,O,721.0
7443,CN(C)c1ccc(/C=C/C(=O)c2ccc(Cl)cc2)cc1,Cc1ccccc1,486.0
5848,O=S1(=O)c2ccc(-c3ccc(-n4c5ccccc5c5ccccc54)cc3)cc2C2(c3ccccc3-c3ccccc32)c2cc(-c3ccc(-n4c5ccccc5c5ccccc54)cc3)ccc21,CN(C)C=O,455.8013544
11232,COc1cccc2oc(-c3cc4c(OC)cccc4oc3=O)cc12,Cc1ccccc1,460.0
3620,COc1ccc(-c2sc3c(c2Br)=[N+]2C(=C(C(F)(F)F)c4cc5sc(-c6ccc(OC)cc6)c(Br)c5n4[B-]2(F)F)C=3)cc1,ClC(Cl)Cl,754.0
3614,O=C(O)CCCCCn1c2ccc(Br)cc2c(=O)c2cc3c(cc21)c(=O)c1cc(Br)ccc1n3CCCCCC(=O)O,CO,555.0
4147,O=c1cc(COc2ccc(I)cc2)c2c(ccc3ccccc32)o1,CO,418.0
9525,CC1=C2CCc3ccccc3C2=[N+]2C1=C(c1ccc(I)cc1)c1c(C)c3c(n1[B-]2(F)F)-c1ccccc1CC3,ClC(Cl)Cl,629.0
4337,Cc1cccc(NC(=O)c2ccc(N(C)C)cc2)c1,C1CCOC1,518.0
10069,N#CC(/N=C/c1ccccc1O)=C(C#N)/N=C/c1ccccc1O,CC#N,553.0
4448,COc1cc(/C=C/c2nc3ccccc3s2)c(OC)cc1/C=C/c1ccncc1,CC#N,487.0
3532,c1ccc(-c2nc3c(ccc4[nH]ccc43)o2)cc1,CC#N,427.0
9173,c1ccc(-c2oc(-c3ccccc3)c3ccccc23)cc1,CC#N,452.0
11934,F[B-]1(F)n2c(Nc3cccc4cccnc34)ccc2C(c2ccccc2)=C2C=CC(Cl)=[N+]21,ClC(Cl)Cl,583.0
7249,N#CC(C#N)=Cc1cn(-c2ccccc2)nc1-c1ccccc1,ClCCl,430.0
6134,C(=C/c1ccc(-c2nnc(-c3ccc(/C=C/c4ccc(-c5nc(-c6ccccc6)c(-c6ccccc6)[nH]5)cc4)cc3)o2)cc1)\c1ccc(-c2nc(-c3ccccc3)c(-c3ccccc3)[nH]2)cc1,CC#N,525.0
2980,CCN(CC)c1ccc([N+]2=Cc3ccc4c5c(ccc4c3O[B-]2(c2c(F)c(F)c(F)c(F)c2F)c2c(F)c(F)c(F)c(F)c2F)C=[N+](c2ccc(N(CC)CC)cc2)[B-](c2c(F)c(F)c(F)c(F)c2F)(c2c(F)c(F)c(F)c(F)c2F)O5)cc1,C1CCOC1,714.0
6794,COc1cccc(-n2c(-c3ccc(F)cc3)nc(C)c2C)c1,CCOC(C)=O,367.0
9601,Cn1c(=O)c(/N=N/c2ccc(Nc3ccc([N+](=O)[O-])cc3S(=O)(=O)O)cc2)c(O)c2ccccc21,CO,619.0
10324,N#Cc1cc(/C=C/c2ccc(N(c3ccccc3)c3ccccc3)cc2)ccc1/C=C/c1ccc(/C=C/c2ccc(N(c3ccccc3)c3ccccc3)cc2)cc1C#N,ClCCl,614.0
12261,COc1cc2c(cc1F)c(=O)c1cc(F)c(OC)cc1n2-c1ccccc1,CCO,424.0
1602,CCN(CC)c1ccc(-c2cc3c(s2)c(C(=O)OC)cc(=O)n3C)cc1,CN(C)C=O,604.0
5288,COc1cc(C2=C(c3cc(OC)c(OC)c(OC)c3)C(c3ccc(C(C)(C)C)cc3)=[N+]3C2=Nc2c(-c4cc(OC)c(OC)c(OC)c4)c(-c4cc(OC)c(OC)c(OC)c4)c(-c4ccc(C(C)(C)C)cc4)n2[B-]3(F)F)cc(OC)c1OC,Cc1ccccc1,750.0
5211,Cc1ccccc1C1CC(=O)Oc2c1c1nc3ccccc3nc1c1ccccc21,ClC(Cl)Cl,434.0
290,CN(CCO)c1ccc(/C=C/C2=CC(=C(C#N)C#N)CC(C)(C)C2)cc1,CC#N,651.0
6825,CCCCCCCCCCCCCCCCOC(=O)c1ccc(N(c2ccccc2)c2ccccc2)cc1,ClCCCl,450.0
4783,C=CCNc1ccc2ccc3oc4cc(=[N+](C)C)ccc-4nc3c2c1,O,650.0
1213,c1ccc(N(c2ccccc2)c2cc3c4c(c2)N(c2ccccc2)c2cc5c(cc2B4c2ccccc2N3c2ccccc2)B2c3ccccc3N(c3ccccc3)c3cc(N(c4ccccc4)c4ccccc4)cc(c32)N5c2ccccc2)cc1,Cc1ccccc1-c1cccc(Oc2cc3c4c(c2)Oc2cc(-c5ccccc5C)ccc2B4c2ccc(-c4ccccc4C)cc2O3)c1,473.0
2218,COc1cc2c(cc1-c1ccncc1)Cc1c3c(c4c(c1-2)-c1cc(OC)c(-c2ccncc2)cc1C4)C(=O)N(CCC(C)C)C3=O,C1CCOC1,456.0
5812,O=Cc1ccc(C2=Cc3ccccc3P2(=O)c2ccccc2)cc1,ClCCl,427.0
8328,CCn1c2ccc(/C=C/c3ccc4c(c3)c3cc(-c5nc6ccccc6s5)ccc3n4CC)cc2c2cc(-c3nc4ccccc4s3)ccc21,CN(C)C=O,449.0
6196,COc1ccc(-n2nc(C#N)c(N3CCN(c4ccccn4)CC3)n2)cc1,CC#N,461.0
8346,CC[N+](CC)=c1ccc2cc3c(=O)oc4cc5c(cc4c3oc-2c1)CCCN5C,O,658.0
3855,O=S(=O)(/N=c1\oc2cccc3c4c(-c5ccccc5)oc5cccc(c(c1-c1ccccc1)c23)c54)C(F)(F)F,ClC(Cl)Cl,558.0
7665,CN(C)c1ccc(C2=Cc3cccc[n+]3[B-](F)(F)O2)cc1,CCOCC,477.0
4475,O=c1oc2cccc3c4cccc5ccc6c7cc(F)ccc7c1c(c23)c6c54,C1CCOC1,424.0
5938,COc1cc(/C=C/c2cc[n+](Cc3ccc(Br)cc3)cc2)ccc1O,CCCCCO,554.0
1964,CN1C2=Nc3n(C)c4ccccc4[n+]3CN2c2ccccc21,CO,376.0
95,C(/C=C/c1ccc(-n2c3ccccc3c3ccccc32)cc1)=C\c1ccncc1,CO,496.0
33,Oc1ccc(-c2ccco2)cc1-c1nc2ccccc2s1,ClCCl,406.0
5095,CCC1(CC)c2cc(/C=C/c3ccc(N(c4ccccc4)c4ccccc4)cc3)ccc2-c2ccc(/C=C/c3ccc(N(c4ccccc4)c4ccccc4)cc3)cc21,Cc1ccccc1,451.0
2586,CC(C)(C)c1ccc2c(c1)c1cc(C(C)(C)C)ccc1n2-c1cccs1,ClCCl,368.0
9712,COc1ccc(-c2oc3c(c2Br)=[N+]2C(=C(C(F)(F)F)c4c(Br)c5oc(-c6ccc(OC)cc6)c(Br)c5n4[B-]2(F)F)C=3Br)cc1,ClC(Cl)Cl,765.0
9380,Cc1oc2c(Cl)cc3c(C)cc(=O)oc3c2c1C,OCC(F)(F)F,469.0
3651,CCCCNc1ccc2c3c(cccc13)C(=O)N(c1ccc(O)cc1)C2=O,ClC(Cl)Cl,497.0
6307,CN(C)c1ccc(/C=C/C(=C(C#N)C#N)c2ccc3c4c(cccc24)CC3)cc1,CC(C)=O,593.0
8626,CCC1=C(C)C2=C(C)c3c(I)c(I)cn3[B-](F)(F)[N+]2=C1C,CC(C)=O,533.0
59,CC1(C)CC(/C=C/c2cn(-c3ccccc3)nc2-c2ccccc2)=CC(=C(C#N)C#N)C1,ClCCl,550.0
10260,Oc1ccc2ccccc2c1-c1nc(-c2ccccc2)c2ccccn12,C1CCCCC1,407.0
1139,Cc1cc(O)c(C(C)C)cc1/N=C/c1ccc(O)cc1,CO,416.0
5762,CCC[n+]1ccc(/C=C/c2ccc(N(C)C)cc2)cc1,ClCCl,560.0
2039,COc1ccc(/C=C/c2ccccc2)cc1,CCOCC,366.0
3037,CC(=O)O[B-]1(OC(C)=O)OC(/C=C/c2ccc(C)cc2)=CC(/C=C/c2ccc(C)cc2)=[O+]1,C1CCOC1,484.0
3400,CCN(CC)c1ccc2cc(-c3csc(NC(C)=O)c3C#N)c(=O)oc2c1,C1CCOC1,457.0
7883,CC1=CC(=[N+]2CCC2)C=C2C1=Nc1c(C)cc(N3CCC3)cc1[Si]2(C)C,CCO,745.0
7144,CC/[NH+]=c1\cc2oc3cc(NCCN)c4ccccc4c3nc-2cc1C,CCO,647.0
6057,CN(C)c1ccc(C#Cc2ccccc2)cc1,CC(C)=O,410.4921801
7854,CC1(C)CC(=O)C2=C(C1)Oc1ccc3cc(O)ccc3c1C2c1ccccn1,CCO,377.0
2236,CC1=[N+]2C(=C(c3ccc(N4CCOCC4)cc3)c3ccc(C)n3[B-]2(F)F)C=C1,C1CCCCC1,520.0
3187,CC[N+](CC)=c1ccc2c(-c3ccccc3C(=O)O)c3c(=O)oc4cc5c(cc4c3oc-2c1)CCCN5C,O,658.0
1950,COc1ccc(C(=O)/C=C2\C(=O)Nc3ccccc32)c(OC)c1,C1COCCO1,424.0
5761,CCC[n+]1ccc(/C=C/c2ccc(N(C)C)cc2)cc1,ClC(Cl)Cl,560.0
1068,N#Cc1ccc(-c2ccc(C3=CCC(c4ccccc4)CC3)s2)s1,C1CCOC1,442.0
9572,COC(=O)C(Cc1ccc2oc(-c3ccc(-n4c5ccccc5c5ccccc54)cc3)nc2c1)NC(=O)OC(C)(C)C,CCCCO,429.99656
7766,Nc1ccc2c(c1)-c1ccccc1C2=O,C1CCCCC1,476.0
7601,N#Cc1nnn(-c2ccnc3cc(Cl)ccc23)c1N,CO,403.0145488
2340,Cc1cc(=O)[nH]c(=O)[nH]1,CC#N,308.0
10109,CCCCCCc1ccsc1-c1ccc(-c2sc(C(=O)O)cc2CCCCCC)s1,CC(C)=O,468.0
4826,CCc1c(C)c2n(c1C)[B-](F)(F)[N+]1=C(NCc3ccc(OC)cc3)C(SC#N)=CC1=C2C,CO,583.0
7850,CC1(C)CC(=O)C2=C(C1)Oc1ccc3cc(O)ccc3c1C2c1ccccn1,C1CCOC1,374.0
6096,CCCCCCN(CCCCCC)c1ccc(C#Cc2c(F)c(F)c(F)c(F)c2F)cc1,CO,464.0
1793,CC(C)(C)c1ccc(-c2nc3c4ccccc4c4ccccc4c3n2-c2ccc(C(C)(C)C)cc2)cc1,CC#N,389.0
6739,C1=[N+]2N=C(c3ccccc3)O[B-]2(c2ccc([B-]34OC(c5ccccc5)=N[N+]3=Cc3c(ccc5ccccc35)O4)cc2)Oc2ccc3ccccc3c21,C1CCOC1,489.0
2102,CN1CCN(CCCN2c3ccccc3Sc3ccc(C(F)(F)F)cc32)CC1,O,482.0
11580,CCN(CC)c1ccc2c(C)cc(=O)oc2c1,O,470.0
3154,CN(C)c1ccc(-c2nc(-c3ccccc3)c3ccccn23)cc1,CC#N,509.0
7746,CC1(C)C(/C=C/C2=C(Cl)/C(=C/C=C3/N(CCCCS(=O)(=O)[O-])c4ccc5ccccc5c4C3(C)C)CCC2)=[N+](CCCCS(=O)(=O)[O-])c2ccc3ccccc3c21,CO,836.0
3846,CCCCN(CCCC)c1ccc(/C=C/c2ccc3nc(-c4ccccc4)c(/C=C/c4ccc(N(C)C)cc4)nc3c2)cc1,C1COCCO1,540.0
5654,COc1ccccc1C1=[N+]2C(=C(c3ccccc3)c3c4c(c(-c5ccccc5OC)n3[B-]2(F)F)C2C=CC4CC2)C2=C1C1C=CC2CC1,ClCCl,587.0
6045,CN(C)c1ccc(C#Cc2ccc(C=O)cc2)cc1,CCCCCCCCCCCCCCCC,397.9941097
8509,CCCCn1c2ccc(-c3ccc4ccccc4c3)cc2c2ccc3c4cc(-c5ccc6ccccc6c5)ccc4n(CCCC)c3c21,ClC(Cl)Cl,418.0
5038,CCCCCCOc1ccc2oc3c(c2c1)=CC1=C(c2ccccc2C)c2cc4c5cc(OCCCCCC)ccc5oc4n2[B-](F)(F)[N+]=31,CCOC(C)=O,602.5
9134,CN(C)c1ccc2c(c1)Cc1ccccc1-2,CCO,370.0
5284,COc1ccc(C2=[N+]3C(=Nc4c(-c5cc(OC)c(OC)c(OC)c5)c(-c5ccc(C(C)(C)C)cc5)c(-c5ccc(OC)cc5)n4[B-]3(F)F)C(c3cc(OC)c(OC)c(OC)c3)=C2c2ccc(C(C)(C)C)cc2)cc1,Cc1ccccc1,726.0
1006,CC1(C)CC[N+]2=c3c(cc4c(c31)Oc1cc3c(cc1C=4c1ccccc1C(=O)O)C(c1ccccc1C(=O)O)=c1cc4c5c(c1O3)C(C)(C)CC[N+]=5CCC4)CCC2,ClC(Cl)Cl,635.0
3706,Cc1nc2c(c[n+]1C)CN1C(=O)N([C@H]3O[C@@H](CO)[C@H](O)[C@@H]3O)C=CC1=N2,CCCO,417.0
373,COc1ccc(-c2ccc(-c3ccc(OC)cc3)c3nc(-c4ccccc4)c(-c4ccccc4)nc23)cc1,ClC(Cl)Cl,502.0
1002,CCN(CC)c1ccc2cc(/C=C/C3=C4CC/C(=C\c5cc6ccc(N(CC)CC)cc6oc5=O)C4=[O+][B-](F)(F)O3)c(=O)oc2c1,CS(C)=O,780.0
10302,O=c1oc2ccccc2cc1-c1nc2ccccc2o1,OCCO,447.0
3328,COc1ccc(C2=C3C(C)=CC(C)=[N+]3[B-](F)(F)n3c(/C=C/c4ccc(N(C)C)cc4)cc(C)c32)cc1,CO,696.0
1722,N#C/C(=C\c1ccc(Cl)cc1)c1nc2ccccc2s1,CO,430.0
7477,CCN(CC)c1ccc2cc(/C=C/C3=CC(/C=C/c4cc5ccc(N(CC)CC)cc5oc4=O)=[O+][B-](F)(F)O3)c(=O)oc2c1,ClC(Cl)Cl,669.0
7563,COc1ccc([C@@H]2C[C@](O)(c3ccccn3)C[C@](O)(c3ccccn3)[C@H]2C(=O)c2ccc(N(c3ccccc3)c3ccccc3)cc2)cc1,ClCCl,513.0
8868,CCn1c2ccccc2c2cc(-c3cc(-c4ccc5c(c4)c4ccccc4n5CC)nc(S(C)(=O)=O)n3)ccc21,CN(C)C=O,451.0
3838,COc1cc(-c2ncc(-c3ccncc3)o2)cc(OC)c1OC,ClCCl,417.0
10075,COc1cn2cc(-c3ccc(C#N)cc3)[n-][n+]2c1,ClCCl,505.0
7566,O=C(c1ccc(N(c2ccccc2)c2ccccc2)cc1)[C@H]1[C@H](c2ccc(F)cc2)C[C@](O)(c2ccccn2)C[C@]1(O)c1ccccn1,CC#N,523.0
4237,Fc1ccccc1-c1c2cc(Cl)ccc2nc2cc3ccccc3cc12,ClCCl,526.0
1413,COc1cc(/C=C2/SC(=O)NC2=O)cc(OC)c1O,OCCO,466.0
101,CCCCc1ccc(N(c2ccc(CCCC)cc2)c2ccc3c(c2)S(=O)(=O)c2cc(N(c4ccc(CCCC)cc4)c4ccc(CCCC)cc4)ccc2-3)cc1,Cc1ccccc1,482.0
3013,CC(=O)c1ccc2cc(C#Cc3cn([C@H]4C[C@H](O)[C@@H](CO)O4)c4ncnc(N)c34)ccc2c1,CCO,475.0
7134,CC/[NH+]=c1\cc2oc3cc(NCCC(=O)NC(C(=O)OC)C(C)C)c4ccccc4c3nc-2cc1C,O,653.0
3528,COc1cc(-c2nc3sc4ccccc4c3s2)cc(OC)c1OC,CS(C)=O,424.0
10609,COc1ccc(-c2cnc(/C=C/c3ccc(C#N)cc3)o2)cc1OC,ClCCl,500.0
10665,Cc1ccc2c(c1)C(C)(C)c1cc(C)ccc1N2c1ccc2c(c1)C(C)(C)c1cc(N3c4ccc(C)cc4C(C)(C)c4cc(C)ccc43)ccc1S2(=O)=O,Cc1ccccc1,470.0657895
10776,CC1(C)OB(c2ccc3ccc4cccc5ccc2c3c45)OC1(C)C,Cc1ccccc1,379.0
2973,CC1=CC(C)=[N+]2C1=C(c1ccc(-c3c4ccccc4c(-c4ccccc4)c4ccccc34)cc1)c1c(C)cc(C)n1[B-]2(F)F,CN(C)C=O,510.0
5130,CC1=CC(/C=C/c2ccc(OCCCN=[N+]=[N-])cc2)=[N+]2C1=C(c1ccccc1)c1c(C)cc(C)n1[B-]2(F)F,CO,578.0
10745,Fc1c(F)c(F)c2c(c1F)C1=Nc3c4c(F)c(F)c(F)c(F)c4c4n3[B-]3(Cl)n5c(c6c(F)c(F)c(F)c(F)c6c5=N4)=NC2=[N+]13,CC(C)=O,589.0
11765,c1ccc(-c2nc(-c3ccc(-c4ccc(-n5c6ccccc6c6ccccc65)cc4)cn3)oc2-c2ccccc2)cc1,c1ccccc1,405.0
11691,c1cc2ccc3cc4cccc5ccc6cc(c1)c2c3c6c54,C1CCCCC1,436.0
11788,CN(C)c1ccc(-c2ccc(-c3cc(N4CCCCC4)c(C#N)c4c3-c3ccccc3CC4)s2)cc1,C1CCCCC1,491.0
12248,CCOC(=O)CN(CC(=O)OCC)c1ccc(-c2cc(-c3ccncc3)nc(-c3ccncc3)c2)cc1,c1ccccc1,412.0
12096,CC(C)[Si](C#Cc1c2cc3ccccc3cc2c(C#C[Si](C(C)C)(C(C)C)C(C)C)c2cc3ccccc3cc12)(C(C)C)C(C)C,ClCCl,649.0
7836,C(#Cc1ccc(N(c2ccc(C#Cc3ccc(-c4cc(-c5ccccc5)nc(-c5ccccc5)c4)cc3)cc2)c2ccc(C#Cc3ccc(-c4cc(-c5ccccc5)nc(-c5ccccc5)c4)cc3)cc2)cc1)c1ccc(-c2cc(-c3ccccc3)nc(-c3ccccc3)c2)cc1,C1CCOC1,455.0
6487,CCN(CC)c1ccc(-c2nc3c(c4c2-c2ccc(C#N)cc2CC4)-c2ccc(C#N)cc2CC3)cc1,CO,525.0
11082,F[B-]1(F)n2c(Cl)ccc2C(c2c(Cl)cccc2Cl)=C2C=CC(NCc3ccccc3)=[N+]21,ClCCl,537.0
99,CC1(C)C(/C=C/C2=C(Oc3ccc(CCN=C=S)cc3F)/C(=C/C=C3/N(CCCS(=O)(=O)[O-])c4ccccc4C3(C)C)CCC2)=[N+](CCCS(=O)(=O)[O-])c2ccccc21,CO,797.0
10749,Fc1c(F)c(F)c2c(c1F)C1=Nc3c4c(F)c(F)c(F)c(F)c4c4n3[B-]3(Cl)n5c(c6c(F)c(F)c(F)c(F)c6c5=N4)=NC2=[N+]13,CCOCC,585.0
11801,C(=C/c1cccc2ccccc12)\c1ccc(-c2nnc(-c3ccc(-c4cc5ccccc5s4)cc3)o2)cc1,CCCO,441.0
2596,COc1cc(C=O)cc(-c2[nH]c(=O)n3c2-c2ccccc2C3=O)c1O,CC#N,473.0
3772,Cc1ccc(-c2c3nc(c(-c4ccc(C)cc4)c4ccc([nH]4)c(-c4ccco4)c4nc(c(-c5ccc(C)cc5)c5ccc2[nH]5)C=C4)C=C3)cc1,ClCCl,659.0
5025,O=Cc1ccc(C2=C3C=c4c(oc5ccccc45)=[N+]3[B-](F)(F)n3c2cc2c4ccccc4oc23)cc1,CN(C)C=O,615.5
9690,Clc1cnc2nn3ccccc3c2c1,C1CCOC1,410.0
2318,CCCCCCc1ccc(-n2c3[n+](c4c5ccccc5c5ccccc5c42)[B-](C)(C)c2cc(N(c4ccccc4)c4ccccc4)ccc2-3)cc1,CC#N,446.0
2576,CCCCC1(c2ccccc2)Nc2c(-c3ccc(N(C)C)cc3)ccc(-c3ccc(N(C)C)cc3)c2N=C1c1ccccc1,ClC(Cl)Cl,561.0
9083,COc1ccc(-c2cc3ccccc3p2-c2ccccc2)cc1,C1CCOC1,412.0
11234,O=c1oc2ccc(Br)cc2cc1-c1cc2cc(Br)ccc2o1,CC#N,433.0
8900,O=Cc1nc2ccc(C#Cc3ccc(N(c4ccccc4)c4ccccc4)cc3)cc2s1,Cc1ccccc1,519.0
11089,CN(C)c1ccc(C2=Cc3ccc4ccccc4[n+]3[B-](F)(F)O2)cc1,C1COCCO1,516.0
2420,Oc1ccccc1-c1nc2ccccc2s1,ClCCl,396.0
5111,N#C/C(=C\c1cn(-c2ccccc2)nc1-c1ccccc1)c1nc2ccccc2s1,C1CCOC1,453.0
10110,CCCCCCc1ccsc1-c1ccc(-c2sc(C(=O)O)cc2CCCCCC)s1,CCCCCC,458.0
7520,CSc1sc(C(=O)c2ccccc2)c2nn[nH]c(=O)c12,CS(C)=O,497.0
119,c1ccc(N(c2ccccc2)c2ccc3c4cccc5c(N(c6ccccc6)c6ccccc6)ccc(c6cccc2c63)c54)cc1,ClCCl,547.0
4767,N#Cc1c(-c2cccs2)cc(-c2cccs2)[nH]c1=O,CO,452.0
5627,CCCCCCCCC1(CCCCCCCC)c2cc(-c3ccc(C=C4C(=O)c5ccccc5C4=O)cc3)ccc2-c2ccc(-c3ccc(C=C4C(=O)c5ccccc5C4=O)cc3)cc21,C1CCOC1,531.0
3194,CN(C)c1ccc2c3c(ccc2c1)CCCC3=O,CCC(C)=O,517.0
4347,CC(=O)c1ccc(NC(=O)c2ccc(N(C)C)cc2)cc1,CCOCC,470.0
1188,N#CC(C#N)=Cc1ccc(-c2ccc(N(c3ccccc3)c3ccccc3)cc2)cc1,ClC(Cl)Cl,634.0
3143,N#Cc1c(N2CCCCC2)cc(-c2cccc3ccccc23)c2c1-c1ccccc1C2=O,C1CCOC1,526.0
6572,COc1c(/C=N/Nc2ccc(C#N)cc2)ccc2ccccc12,ClC(Cl)Cl,453.0
1175,Cc1cc(O)c(C(C)C)cc1/N=C/c1ccc(O)cc1,ClCCl,412.0
10280,CCN(CC)c1ccc2cc(/C=C/C(=O)/C=C(O)/C=C/c3cc4ccc(N(CC)CC)cc4oc3=O)c(=O)oc2c1,CN(C)C=O,611.0
6449,N#CSc1ccc2n1[B-](F)(F)[N+]1=C(N3CCOCC3)C=CC1=C2c1ccccc1,CCOC(C)=O,560.0
1053,CCC1=C(C)C2=C(c3cc(C4=C5C(C)=C(CC)C(C)=[N+]5[B-](F)(F)n5c(C)c(CC)c(C)c54)cc(C4=C5C(C)=C(CC)C(C)=[N+]5[B-](F)(F)n5c(C)c(CC)c(C)c54)c3)c3c(C)c(CC)c(C)n3[B-](F)(F)[N+]2=C1C,ClC(Cl)Cl,571.0
6044,CN(C)c1ccc(C#Cc2ccc(C=O)cc2)cc1,CC1CCCO1,517.4912026
6654,CC(=O)c1nc(-c2ccc(N(c3ccccc3)c3ccccc3)cc2)oc1C,CCO,468.0
7799,CNc1ccc2c(c1)-c1ccccc1C2=O,C1CCCCC1,489.0
12205,COc1ccc(C2=C(c3ccc(OC)cc3)C(C)(C)c3cc(-c4ccccc4)ccc32)cc1,C1CCCCC1,417.0
11022,CCCCCCN1C(=O)c2cccc3cc(/N=C\c4c[nH]c5c4ccc4ccccc45)cc(c23)C1=O,ClC(Cl)Cl,501.0
2034,COc1ccc(/C=C/c2ccccc2)cc1,C1CCCCC1,364.0
1498,CC(C)(C)c1ccc2c(c1)c1cc(C(C)(C)C)ccc1n2-c1cc(C(=O)c2ccccc2)cc(-n2c3ccc(C(C)(C)C)cc3c3cc(C(C)(C)C)ccc32)c1,c1cc(-c2cccc(-n3c4ccccc4c4ccccc43)c2)cc(-n2c3ccccc3c3ccccc32)c1,470.8133971
744,CCCCN(CCCC)c1ccc(/C=C/c2ccc3nc(/C=C/c4ccc(N(C)C)cc4)c(-c4ccccc4)nc3c2)cc1,ClCCl,615.0
2609,O=C1c2ccccc2-c2c(-c3cc(Br)ccc3O)[nH]c(=O)n21,CO,492.0
5666,CCN(CC)c1ccc2cc(/C=C(\C#N)c3nc4ccccc4s3)c(=O)oc2c1,ClCCl,580.0
3139,CCOC(=O)c1sc(SC)c2c(=O)n(C)nnc12,CS(C)=O,501.0
5218,O=C1CC(c2cccc([N+](=O)[O-])c2)c2c(c3ccccc3c3nc4ccccc4nc23)O1,CCOC(C)=O,429.0
12070,c1ccc(-c2nn(-c3ccccc3)c3nc4ccc(-n5c6ccccc6c6ccccc65)cc4cc23)cc1,CCCCOCCCC,465.5493482
11742,CN(C)c1ccc2cc(C(/C=C/c3c[nH]c4ccccc34)=C(C#N)C#N)c(=O)oc2c1,ClCCl,587.0
2301,C/C(=C\c1ccccc1)c1nc2ccccc2o1,CO,380.0
9889,Cc1ccc(/C=C(\c2ccccc2)c2nc3ccccc3s2)cc1,CO,410.0
1720,COc1ccc(/C=C/c2nc3ccccc3s2)cc1,CO,420.0
10709,CCOc1cc2c(cc1/C=C/C(=C(C#N)C#N)c1ccccc1)c1ccccc1n2CC,C1CCOC1,541.0
5494,N#Cc1c(-c2cccs2)cc(-c2ccc3c(c2)Cc2ccccc2-3)[nH]c1=O,ClC(Cl)Cl,474.0
7756,CC(C)(C)c1ccc2c(c1)c1cc(C(C)(C)C)ccc1n2-c1cccc(-c2nc(-c3cccc(P(=O)(c4ccccc4)c4ccccc4)c3)nc(-c3cccc(P(=O)(c4ccccc4)c4ccccc4)c3)n2)c1,CC#N,581.7216981
4983,CC(C)CCCCN1CCc2c1ccc1c3c(ccc21)C(=O)CCC3,Cc1ccccc1,452.0
2168,CCCCC1(CCCC)c2cc(C#Cc3ccc4ccc5cccc6ccc3c4c56)ccc2-c2ccc(C#Cc3ccc4ccc5cccc6ccc3c4c56)cc21,C1CCCCC1,433.0
10447,Cn1nc(-c2ccccc2)c2n[nH]nc2/c1=N\c1ccccn1,CC#N,423.0
8265,N#Cc1ccc(C#N)c(N)c1,CCO,412.0
424,CCCCn1c2c(-c3ccc(N(c4ccccc4)c4ccccc4)cc3)cc(C#N)cc2c2cc(C#N)cc(-c3ccc(N(c4ccccc4)c4ccccc4)cc3)c21,Cc1ccccc1,415.0
554,CCCCN1C(=O)C(=C/C=C/C=C/C=C2N(CCCC)c3ccccc3N2CCCC)C(=O)N(CCCC)C1=S,ClC(Cl)Cl,702.0
5781,Fc1ccc(-c2cc3c4c(c2)CCc2cc(-c5ccc(F)cc5)cc(c2-4)CC3)cc1,ClCCl,378.9138943
487,CCOc1ccc(/C=C/C=C/C=C/c2ccc([N+](=O)[O-])cc2)cc1,Cc1ccccc1,541.0
7889,Cc1cc(=O)oc2cc3cc(O)ccc3cc12,CCO,466.0
8637,C#CCNC1=C2C(C)=CC(C)=[N+]2[B-](F)(F)n2c(C)cc(C)c21,CO,496.0
7717,CCOC(=O)c1cc(C(=O)OCC)c2cccc(OC)c2n1,CCO,526.0
5389,CCN(CC)c1ccc(-c2nc3c4ccc(-c5ccccc5)cc4c4cc(-c5ccccc5)ccc4c3[nH]2)c(O)c1,CO,444.0
10823,CN(C)c1ccc(C2=Cc3c4ccccc4c4ccccc4[n+]3[B-](F)(F)O2)cc1,CC#N,569.0
3233,COc1ccc2c(c1)sc1[n+]2[B-](F)(F)OC(c2ccc(N(C)C)cc2)=N1,C1CCOC1,466.0
8217,COCCOc1ccc(OCCOC)c(C=O)c1,CNC=O,459.0
2167,O=c1[nH]c2ccccc2[nH]1,CCO,310.00062
468,O=C1c2ccc(-c3ccc(N(c4ccccc4)c4ccccc4)cc3)cc2C(=O)c2ccc(-c3ccc(N(c4ccccc4)c4ccccc4)cc3)cc21,c1ccc2c(c1)c1ccccc1n2-c1ccc(-c2ccc(-n3c4ccccc4c4ccccc43)cc2)cc1,594.0
4860,CN(C)c1nc(N)c2nc(C#N)n(Cc3ccccc3)c2n1,ClCCl,387.0
5282,COc1cc(OC)cc(C2=C(c3cc(OC)c(OC)c(OC)c3)C3=Nc4c(-c5cc(OC)c(OC)c(OC)c5)c(-c5cc(OC)cc(OC)c5)c(-c5ccc(C(C)(C)C)cc5)n4[B-](F)(F)[N+]3=C2c2ccc(C(C)(C)C)cc2)c1,Cc1ccccc1,721.0
7954,CCN(CC)c1cccc(C=O)c1,CS(C)=O,512.0
7620,COc1ccc(-c2nnc(-c3cc(-c4nnc(-c5ccc(OC)cc5)o4)c(-n4c5ccccc5c5ccccc54)cc3-n3c4ccccc4c4ccccc43)o2)cc1,O=P(c1ccccc1)(c1ccccc1)c1ccccc1Oc1ccccc1P(=O)(c1ccccc1)c1ccccc1,452.0
741,C[n+]1ccc(/C=C/c2ccc(N(c3ccccc3)c3ccc(/C=C/c4cc[n+](C)cc4)cc3)cc2)cc1,ClCCl,502.0
9992,CCCCNc1ccc(NCCCC)c2c1C(=O)c1ccccc1C2=O,CCCCCCO,670.0
1740,CN(C)c1ccc(/C=C(\C#N)c2nc3ccccc3s2)cc1,CO,520.0
3372,F[B-]1(F)n2c(c3cccc4cccc2c43)=Nc2sc3ccccc3[n+]21,ClCCl,529.0
839,OCC1O[C@@H](Cc2cc(O)cc(/C=C/c3ccc(O)c(O)c3)c2)[C@H](O)[C@@H](O)[C@@H]1O,CO,394.0
2582,CCCCC1(c2ccccc2)Nc2c(-c3ccc(OC)cc3)ccc(-c3ccc(OC)cc3)c2N=C1c1ccccc1,ClC(Cl)Cl,537.0
3547,CCCCCCC(CCCCCC)n1c(=O)c2c3ccc4cccc5c6cccc7ccc(c2c1=O)c(c76)c3c45,ClC(Cl)(Cl)Cl,482.0
11559,OC1(c2ccc(-c3cccs3)s2)CCC1,CC#N,460.0
3693,CN(C)c1ccc2c(c1)COc1c-2oc2ccccc2c1=O,C1CCCCC1,411.4285714
2709,Cc1ccccc1C(=O)NN1C2=C(CC3=C1CC(C)(C)CC3=O)C(=O)CC(C)(C)C2,CO,432.0
9189,O=Cc1cc(C=O)c2ccc3c(N4CCCCC4)cc(N4CCCCC4)c4ccc1c2c43,CCOC(C)=O,587.0
9008,N#Cc1cc2ccccc2[nH]1,C1COCCO1,329.0
1984,CCCCCCc1ccc(-n2c3[n+](c4c5ccccc5c5ccccc5c42)[B-](C)(C)c2ccccc2-3)cc1,ClCCl,385.0
3487,CCc1c(C(=O)OC)c(C(=O)OC)c2ccc(-c3ccccc3)nn12,CCCCCC,471.0
7540,O=C(O)C1=CC(=C/C=[N+]2/c3cc(O)c(C[C@@H]4O[C@H](CO)[C@@H](O)C(O)[C@H]4O)cc3C[C@H]2C(=O)O)C=C(C(=O)O)N1,OCCO,594.0
12210,COc1ccc(/C=C/C2=N/C(=C\c3ccncc3)C(=O)N2C)cc1,O,577.0
5538,CCCCCCC(CCCCCC)N1C(=O)c2cccc3c(-c4ccc(OC)c5cccc(C)c45)ccc(c23)C1=O,CCCCO,570.1
7583,Cc1ccc([C@@H]2C[C@](O)(c3ccccn3)C[C@](O)(c3ccccn3)[C@H]2C(=O)c2ccc(N(c3ccccc3)c3ccccc3)cc2)cc1,c1ccccc1,466.0
5963,c1ccc(N2c3ccccc3B3c4ccccc4N(c4ccccc4)c4cccc2c43)cc1,c1cc(-c2cccc(-n3c4ccccc4c4ccccc43)c2)cc(-n2c3ccccc3c3ccccc32)c1,460.0
5337,CCCCC(CC)Cn1c2cc(C#N)ccc2c2cc(-c3ccc(N(c4ccccc4)c4ccccc4)cc3)c(C#N)cc21,CCN(CC)CC,461.6924329
6088,COC(=O)c1ccc(C#Cc2ccc(N(C)C)cc2)cc1,Cc1ccccc1,380.9959233
245,CCCCn1c2ccc3ccc4ccccc4c3c2c2c3c(ccc4ccccc43)ccc21,ClCCl,430.0
3393,CCCCCCc1ccc2c3c(ccc2c1)O[B-](F)(F)[N+](c1ccc([N+]2=Cc4c(ccc5cc(CCCCCC)ccc45)O[B-]2(F)F)cc1)=C3,Cc1ccccc1,508.0
10990,N#CC(C#N)=Cc1ccc2c(c1)[nH]c1c3ccccc3ccc21,C1CCOC1,550.0
9537,O=C(c1ccc(N2c3ccccc3Sc3ccccc32)cc1)c1ccc2sc3ccccc3c2c1,c1ccc2c(c1)c1ccccc1n2-c1ccc(-c2ccc(-n3c4ccccc4c4ccccc43)cc2)cc1,524.0
10128,c1ccc(-c2nc(-c3ccc(-c4nc(-c5ccccc5)c(-c5ccccc5)[nH]4)s3)[nH]c2-c2ccccc2)cc1,CCOCC,454.0044493
3794,c1ccc(-c2nn(-c3ccccc3)c3nc4ccccc4cc23)cc1,C1CCOC1,467.7268475
1864,COc1ccc(C(=O)/C=C2\C(=O)Nc3ccccc32)c(OC)c1,CO,420.0
4584,c1ccc2c(c1)[nH]c1ccccc12,CC#N,340.0
7893,COc1ccc2cc3c(C)cc(=O)oc3cc2c1,CO,469.0
6975,c1csc(-c2cnc(-c3cccs3)c3nonc23)c1,CCO,614.0
724,O=Cc1ccc(-c2ccc(C3=CCCCC3)s2)s1,CCCCCC,444.0
11866,NS(=O)(=O)c1ccc(N2N=C(c3ccc(O)cc3)CC2c2ccc(Br)cc2)cc1,CO,432.0
5707,N#CC1=c2c3cccc4cccc(c43)n2[B-](F)(F)[n+]2ccccc21,ClCCl,530.0
1368,Cc1ccc2cc3c(=O)n(C)c(=O)n(C)c3nc2c1,ClC(Cl)Cl,406.0
9632,COc1c2ccccc2c(-c2ccccc2)c2ccccc12,OCC(O)CO,426.0
9334,CCn1c2ccccc2c2cc(/C=C/C(=O)c3ccc4c(c3)c3cc(C(=O)/C=C/c5ccc6c(c5)c5ccccc5n6CC)ccc3n4CC)ccc21,CC#N,491.0
4012,Fc1c(F)c(-n2c3ccccc3c3ccccc32)c(F)c(-n2c3ccccc3c3ccccc32)c1-c1nnc(-c2ccccc2)o1,Cc1ccccc1,449.0
5502,CCCCCCCCC1(CCCCCCCC)c2cc(C#Cc3ccc(N(c4ccccc4)c4ccccc4)cc3)ccc2-c2ccc(C=O)cc21,C1COCCO1,449.0
12222,Cc1ccccc1CN(Cc1ccccc1C)c1nc(C#N)c(N(Cc2ccccc2C)Cc2ccccc2C)nc1C#N,ClC(Cl)Cl,582.0
6759,COc1cc(/C=C/c2nc3ccccc3o2)c(OC)cc1/C=C/c1nc(C)nc(C)n1,CC#N,495.0
461,c1ccc([B-]23Oc4ccccc4-c4c5[n+]6c(c([n+]42)-c2ccccc2O3)-c2ccccc2O[B-]6(c2ccccc2)Oc2ccccc2-5)cc1,ClCCl,653.0
6830,COc1cc(N(c2ccc(C=C(C#N)C#N)c(OC)c2)c2ccc(C=C(C#N)C#N)c(OC)c2)ccc1C=C(C#N)C#N,CCOC(C)=O,532.0
1010,c1ccc(-n2c(-c3ccc(N(c4ccc(-c5ccc(N(c6ccc(-c7nc8c9ccccc9c9ccccc9c8n7-c7ccccc7)cc6)c6ccc(-c7nc8c9ccccc9c9ccccc9c8n7-c7ccccc7)cc6)cc5)cc4)c4ccc(-c5nc6c7ccccc7c7ccccc7c6n5-c5ccccc5)cc4)cc3)nc3c4ccccc4c4ccccc4c32)cc1,ClCCl,432.0
2333,c1ccc(-c2cc(-c3ccc(N4c5ccccc5C5(c6ccccc64)c4ccccc4N(c4ccc(-c6cc(-c7ccccc7)nc(-c7ccccc7)n6)cc4)c4ccccc45)cc3)nc(-c3ccccc3)n2)cc1,Cc1ccccc1,455.8495822
932,CC1=C2c3ccccc3C(c3[nH]c(C)cc3C)=[N+]2[B-](F)(F)n2c(C)cc(C)c21,ClCCl,625.0
1121,Cc1ccc(/C=N/c2cc(C(C)C)c(O)cc2C)cc1,CCOC(C)=O,409.0
1701,C1=C(c2ccccc2)C=C(c2ccccc2)/C1=C/c1ccc2ccc3cccc4ccc1c2c34,C1CCOC1,480.0
14,CC(C)(C)c1ccc(-c2nc3c4ccc(-c5cc6ccccc6c6ccccc56)cc4c4cc(-c5cc6ccccc6c6ccccc56)ccc4c3n2-c2ccc(C(C)(C)C)cc2)cc1,ClC=C(Cl)Cl,388.0
9156,OCCSc1cccc2[n+]1[B-](F)(F)n1c(c3cccc4cccc1c43)=N2,ClCCl,501.0
10335,COc1cc2oc(=O)c3c4ccc(C(=O)c5ccccc5)cc4c4ccc5cccc6c(c1)c2c3c4c56,C1CCOC1,443.0
7080,O=C1c2ccccc2-c2ccc(N3CCN(c4ccccc4)CC3)c3cccc1c23,CCCCCO,586.0
3685,O=c1cc(C(F)(F)F)c2cc3c4c(c2o1)CCCN4CCC3,OCC(O)CO,546.0
2873,COc1ccc(C#Cc2ccc(C#Cc3ccc(P(=O)(c4ccc(C#Cc5ccc(C#Cc6ccc(OC)cc6)cc5)cc4)c4ccc(C#Cc5ccc(C#Cc6ccc(OC)cc6)cc5)cc4)cc3)cc2)cc1,CCO,418.0
3914,CCCCc1ccc(-n2c3c(c4c2c2c(n4-c4ccc(CCCC)cc4)-c4ccc(C(F)(F)F)cc4NB2c2ccccc2)B(c2ccccc2)Nc2cc(C(F)(F)F)ccc2-3)cc1,Cc1ccccc1,413.0
11777,CC(=O)c1ccn2c3c(c(-c4ccc(F)cc4)c2c1)CN(CCCNC(=O)OC(C)(C)C)C3=O,CO,525.0
5778,Fc1ccc(-c2cc3c4c(c2)CCc2cc(-c5ccc(F)cc5)cc(c2-4)CC3)cc1,CN(C)C=O,380.6751468
5306,CCCCC[n+]1ccc(/C=C/c2ccc(N(C)C)c3ccccc23)c2ccccc21,C1CCOC1,697.0
5265,O=C(O)c1c2ccccc2nc2ccccc12,COCCOC,419.0
4877,COC(=O)c1nc2c(N)nc(N(C)C)nc2n1Cc1ccccc1,C1COCCO1,399.0
6255,CN(C)c1ccc2cc3c(cc2c1)OCCN=C3,Cc1ccccc1,415.0
8818,CN(C)c1ccc(/C=C/c2cc(/C=C/c3ccc(N(C)C)cc3)nc(/C=C/c3ccc(N(c4ccccc4)c4ccccc4)cc3)n2)cc1,CC#N,584.0
3299,COc1cc(OC)cc(C2=C3C(C)=C(I)C(C)=[N+]3[B-](F)(F)n3c(/C=C/c4c[nH]c5ccc([N+](=O)[O-])cc45)c(I)c(C)c32)c1,ClCCl,630.0
6030,CN(C)c1ccc(C#Cc2ccc(C#N)cc2)cc1,CCCCCCCCCCCCCCCCCl,423.6031686
1634,COc1ccc(-c2cc3c(s2)c(C)cc(=O)n3C)cc1,CC#N,425.0
8788,O=P(c1ccccc1)(c1ccc(N2c3ccccc3Oc3ccccc32)cc1)c1ccc(N2c3ccccc3Oc3ccccc32)cc1,Cc1ccccc1,465.9116648
8589,CCOC(=O)c1ccccc1-c1c2ccc(=[N+](CC)CC)cc-2oc2c1c(=O)oc1cc(N(CC)CC)ccc12,CCO,642.0
6670,Cc1cc(=O)oc2cc3c4ccccc4c4ccccc4c3cc12,CS(C)=O,418.0
7388,CN(C)CCN(Cc1c2ccccc2cc2ccccc12)c1ccc([N+](=O)[O-])cc1,CN(C)C=O,389.0
3647,CN(C)CCNc1ccc2c3c(cccc13)C(=O)N(c1ccc(O)cc1)C2=O,CC#N,516.0
8952,CCOC(=O)CCCn1c(C(=O)OC)c(C)c2c(=O)n3c(cc21)C(CC)=C(C)C3=O,c1ccccc1,446.0
2963,F[B-]1(F)n2cccc2C(c2ccc(-c3c4ccccc4c(-c4ccccc4)c4ccccc34)cc2)=C2C=CC=[N+]21,ClCCl,518.0
7234,CCOC(=O)/C(C#N)=C\c1cn(-c2ccccc2)nc1-c1ccccc1,CN(C)C=O,434.0
1282,c1ccc2c(-n3c4ccccc4c4ccccc43)cccc2c1,CC#N,404.0
4216,CN(C)c1ccc2c(c1)C(C)(C)C(=O)C=C2,O,554.0
7495,CN(C)c1ccc(/C=C/C=N/N=C/c2ccc3ccc4cccc5ccc2c3c45)cc1,CS(C)=O,490.0
214,COc1ccc(/C=C/c2cc(/C=C/c3ccc(OC)cc3)nc(/C=C/c3ccccc3)n2)cc1,Cc1ccccc1,408.0
5438,COc1ccc2c3c(cccc13)C(=O)N(C)C2=O,ClC(Cl)(Cl)Cl,412.0
9990,CCCCNc1ccc(NCCCC)c2c1C(=O)c1ccccc1C2=O,CCCCCCCCCCO,668.0
5239,CSC1=C2C=C(c3cc4n(c3)[B-](F)(F)[N+]3=CC=CC3=C4c3c(C)cc(C)cc3C)C(C)=[N+]2[B-](F)(F)n2c(C)ccc21,CCOC(C)=O,664.0
3853,O=S(=O)(/N=c1\oc2cccc3c4c(-c5ccccc5)oc5cccc(c(c1-c1ccccc1)c23)c54)C(F)(F)F,CO,582.0
3524,Fc1ccc2sc3nc(-c4ccccc4)sc3c2c1,CS(C)=O,409.0
4914,CC1=CC(C)=[N+]2C1=Cc1c3ccccc3c(C#Cc3cccs3)n1[B-]2(F)F,CCCCCC,628.0
7493,CC1(C)C2=C(c3ccccc31)S(=O)(=O)c1ccccc12,ClCCl,444.0
7113,CCOC(=O)CCOc1ccc(C(c2c(C)[nH]c3ccccc23)c2c(C)[nH]c3ccccc23)cc1OC,CC#N,344.0
2020,COc1cc(/C=C/c2ccccc2)cc(OC)c1,C1CCCCC1,364.0
11458,F[B-]1(F)n2cccc2C(c2c3ccccc3c(-c3ccccc3)c3ccccc23)=C2C=CC=[N+]21,CC#N,524.0
3912,CCCCCCc1ccc(-n2c3c(c4c2c2c(n4-c4ccc(CCCCCC)cc4)-c4cccc(OC)c4NB2c2ccccc2)B(c2ccccc2)Nc2c(OC)cccc2-3)cc1,Cc1ccccc1,395.0
9529,c1ccc(-c2cc(-c3ccc4ccc5c(-c6ccnc(-c7ccccn7)c6)ccc6ccc3c4c65)ccn2)nc1,CCC#N,407.996736
772,CN(c1ccccc1)c1ccc(/C=C2\C(=O)c3ccccc3S2(=O)=O)cc1,ClCCl,547.0
3433,CN1/C(=C/C=C(/C=C/C2=[N+](C)c3ccccc3C2(C)C)c2cc(F)cc(F)c2)C(C)(C)c2ccccc21,CO,655.0
11427,CCn1c2ccccc2c2cc(/C=C3\C(=O)c4ccccc4S3(=O)=O)ccc21,Cc1ccccc1,495.0
5058,O=C1/C(=C2\Sc3ccc(S(=O)(=O)Cl)cc3C2=O)Sc2ccc(S(=O)(=O)Cl)cc21,CS(C)=O,624.0
6125,COc1ccc(C#Cc2ccc(C#N)cc2)cc1OC,ClC(Cl)Cl,404.0
3297,COc1cc(OC)cc(C2=C3C(C)=C(I)C(C)=[N+]3[B-](F)(F)n3c(/C=C/c4c[nH]c5ccc([N+](=O)[O-])cc45)c(I)c(C)c32)c1,C1CCOC1,635.0
6373,C(=C/c1ccc(N(c2ccccc2)c2ccccc2)cc1)\c1ccc(/C=C/c2ccc(N(c3ccccc3)c3ccccc3)cc2)cc1,C1CCOC1,486.0
3519,Clc1cccc(-c2nc3sc4ccccc4c3s2)c1,CS(C)=O,420.0
7377,c1ccc2cc(-c3c4ccccc4c(-c4ccc(-n5c6ccccc6c6ccccc65)cc4)c4ccccc34)ccc2c1,ClCCl,427.0
647,Cn1ncc2c3c(C#N)c4c5ccccc5n(C)c4nc3ccc21,CCOC(C)=O,478.0
5711,O=C(O)c1ccccc1Nc1cccc(C(F)(F)F)c1,CC#N,426.0
10145,COc1ccc(N(c2ccc(OC)cc2)c2ccc3c(c2)C2(c4cc(N(c5ccc(OC)cc5)c5ccc(OC)cc5)ccc4C=C3)c3ccccc3-c3ccccc32)cc1,ClCCl,483.0
8811,F[B-]1(F)N(c2ccccc2)C=Cc2cccc[n+]21,C1CCCCC1,543.0
9341,CCn1c2ccccc2c2cc(/C=C/C(=O)c3ccc4c(c3)c3cc(C(=O)/C=C/c5ccc6c(c5)c5ccccc5n6CC)ccc3n4CC)ccc21,ClC(Cl)(Cl)Cl,454.0
2616,O=C1c2ccccc2-c2c(-c3cc(Cl)ccc3O)[nH]c(=O)n21,ClCCl,475.0
736,C1=C(c2ccc(-c3cccs3)s2)CCCC1,CCCCCC,411.0
8206,COCCOc1cc(C=O)c(OCCOC)cc1C=O,CNC=O,450.0
2372,CC(C)(C)c1ccc2c(c1)c1cc(C(C)(C)C)ccc1n2-c1ccc(C(=CC#N)c2ccc(-n3c4ccc(C(C)(C)C)cc4c4cc(C(C)(C)C)ccc43)cc2)cc1,Cc1ccccc1,450.0
7463,O=c1c2ccccc2nc2n1[B-](F)(F)[n+]1ccccc1-2,CC#N,439.0
7254,CCCn1c(=O)c(/C=C/c2nc3ccc(C)cc3n(CCC)c2=O)nc2ccc(C)cc21,CC#N,502.0
1178,Cc1cc(O)c(C(C)C)cc1/N=C/c1ccc(O)cc1,CS(C)=O,415.0
10650,C(=C/c1ccc(-c2nc3c4cccnc4c4ncccc4c3[nH]2)cc1)\c1ccncc1,CC#N,461.0
7272,CN1C(=O)/C(=C/c2ccncc2)N=C1/C=C/c1ccncc1,CCO,545.0
31,Oc1c(-c2ccco2)cccc1-c1nc2ccccc2s1,CCO,575.0
9416,FC(F)(F)c1ccc2oc3nc4oc5ccc(-n6c7ccccc7c7ccccc76)cc5c4cc3c2c1,ClC(Cl)Cl,438.0
7229,COc1ccc(N(c2ccc(C=C(c3ccccc3)c3ccccc3)cc2)c2ccc(C=C(c3ccccc3)c3ccccc3)cc2)cc1,Cc1ccccc1,477.0
7603,N#Cc1nnn(-c2ccnc3cc(Cl)ccc23)c1N,ClC(Cl)Cl,398.0099502
1586,CCCCC(CC)COc1cc(OCC(CC)CCCC)c2c#cc3ccc4c(c3)c3cc(c#cc5cc(c#cc6ccc7c(c6)c6cc(c#cc1c2)ccc6n7CC(CC)CCCC)c(C(CCCC)OCCC)cc5C(CCCC)OCCC)ccc3n4CC(CC)CCCC,ClCCl,388.0
6870,CC(=O)OCCN1C(=O)c2cccc3c(Oc4ccc(C#N)cc4)ccc(c23)C1=O,ClC(Cl)Cl,410.0
2380,COC(=O)c1ccc(-c2nc3ccc(N(C)C)cc3s2)cc1,CC#N,558.0
9683,N#Cc1ccc(/C=C/C=C/c2ccccc2)cc1,C1CCOC1,418.0
6023,CN(C)c1ccc(C#Cc2ccc(C#N)cc2)cc1,C1COCCO1,446.0104366
2174,CCCCC1(CCCC)c2cc(C#Cc3ccc4ccc5cccc6ccc3c4c56)ccc2-c2ccc(C#Cc3ccc4ccc5cccc6ccc3c4c56)cc21,ClC(Cl)Cl,439.0
50,Cc1ccc(N(c2ccc(C)cc2)c2ccc(-c3ccc(-c4ccc(N(c5ccc(C)cc5)c5ccc(C)cc5)cc4)c4nsnc34)cc2)cc1,ClCCl,609.0
9956,CC1=N/C(=C\c2ccccc2N)C(=O)N1C,CS(C)=O,530.0
483,CN(C)c1ccc(/C=C/C=C/C=C/c2ccc(N(C)C)cc2)cc1,ClC(Cl)Cl,489.0
11416,Cc1nn(-c2ccccc2)c(C2=NN(c3ccc(Br)cc3)[C@@H](c3ccccc3)[C@@H]2c2ccccc2)c1C#N,CO,496.0
11114,Cn1nc(-c2ccccc2)c2nc3cc(F)ccc3nc21,C1CCOC1,520.0
3742,Cc1ccc2nc3cc4c(cc3c(-c3ccccc3)c2c1)[Si](C)(C)O[Si]4(C)C,ClCCl,504.0
5279,O=C(O)c1c2ccccc2nc2ccccc12,ClCCl,422.0
8606,CCC1=C(C)C2=C(C)c3c(C)c(CC)c(C)n3[B-](F)(F)[N+]2=C1C,CCCO,534.0
7039,Cc1cc(=O)c2ccc(N)cc2o1,CC#N,388.0
8653,CC1=CC(C)=[N+]2C1=Cc1c(C)cc(C)n1[B-]2(F)F,CO,510.0
8617,CCC1=C(C)C2=C(C)c3c(C)c(CC)c(C)n3[B-](F)(F)[N+]2=C1C,OCCOc1ccccc1,536.8
10747,Fc1c(F)c(F)c2c(c1F)C1=Nc3c4c(F)c(F)c(F)c(F)c4c4n3[B-]3(Cl)n5c(c6c(F)c(F)c(F)c(F)c6c5=N4)=NC2=[N+]13,CCO,585.0
6497,CCN(CC)c1ccc(-c2nc3c(c4c2-c2ccccc2CC4)-c2ccccc2CC3)cc1,Cc1ccccc1,437.0
8419,N#CC1=C(c2ccc(-c3cccs3)s2)CC1,CCO,454.0
9668,N#C/C(=C\C=C\c1ccc([N+](=O)[O-])cc1)c1ccccc1,CN(C)C=O,517.0
11811,NS(=O)(=O)c1ccc(N2N=C(c3ccc(O)cc3)CC2c2ccc([N+](=O)[O-])cc2)cc1,C1CCOC1,420.0
10686,Cc1cc2cc3ccccc3cc2cn1,CCO,437.0629371
1047,F[B-]1(F)n2c(c3cccc4cccc2c43)=Nc2ccc3ccccc3[n+]21,CC#N,505.0
299,Cc1ccc(/C2=c3\cc/c(o3)=C(\c3ccc(C)cc3)c3ccc([nH]3)-c3ccc4n3[B-](F)(F)[N+]3=C(C=CC3=C4c3ccco3)c3ccc2[nH]3)cc1,ClC(Cl)Cl,731.0
8300,N#Cc1cccc(N)c1C#N,CCO,414.0
2366,CC(C)(C)c1ccc(-c2nc3c4ccc(-c5ccccc5)cc4c4cc(-c5ccccc5)ccc4c3n2-c2ccc(C(C)(C)C)cc2)cc1,ClCCl,390.0
11077,c1ccc2c3c(ccc2c1)-c1cc2ccccc2c2cccc-3c12,CCCCCCC,486.0
5504,CCCCCCCCC1(CCCCCCCC)c2cc(C#Cc3ccc(N(c4ccccc4)c4ccccc4)cc3)ccc2-c2ccc(C=O)cc21,CC(C)=O,544.0
856,CCc1c(C)[nH]c(C2=[N+]3C(=C(C)c4c(C)c(CC)c(C)n4[B-]3(F)F)c3ccccc32)c1C,CC#N,652.0
3105,N#Cc1cc(-c2ccc(F)cc2)cnc1O,ClC(Cl)(Cl)Cl,429.0
5385,c1ccc(Cn2c3sccc3c3c4nsnc4c4c5ccsc5n(Cc5ccccc5)c4c32)cc1,ClCCl,541.0
5700,N#CC1=c2c3cccc4c(Br)ccc(c43)n2[B-](F)(F)[n+]2ccccc21,CCCCCC,545.0
7760,CC(C)(C)c1ccc2c(c1)c1cc(C(C)(C)C)ccc1n2-c1cccc(-c2nc(-c3cccc(P(=O)(c4ccccc4)c4ccccc4)c3)nc(-c3cccc(P(=O)(c4ccccc4)c4ccccc4)c3)n2)c1,ClC(Cl)Cl,512.5
11268,COc1cc(Br)cc2cc(-c3cc4cc(Br)cc(OC)c4oc3=O)oc12,CCOC(C)=O,434.0
6431,c1ccc(N(c2ccccc2)c2ccc(-c3nc4c5ccccc5c5ccccc5c4[nH]3)cc2)cc1,CCCCO,416.0
668,c1ccc(N2c3ccc4ccccc4c3-c3c4ccccc4nc[n+]3[B-]2(c2ccccc2)c2ccccc2)cc1,Cc1ccccc1,654.0
2608,O=C1c2ccccc2-c2c(-c3cc(Br)ccc3O)[nH]c(=O)n21,CC#N,475.0
3464,CC1(C)c2ccccc2-c2cc3c4ccccc4n(-c4ccc(-c5nc(-c6ccccc6)nc(-c6ccccc6)n5)cc4)c3cc21,ClCCl,533.2907348
6292,CCn1c2ccccc2c2cc(/C=C/c3cc(/C=C/c4ccc5c(c4)c4ccccc4n5CC)nc(SC)n3)ccc21,C1CCOC1,464.0
10054,CN(C)c1ccc(/C=C/c2nc3ccc(Br)cc3nc2-c2ccccc2)cc1,C1COCCO1,555.0
3116,CSc1sc(C(C)=O)c2nn[nH]c(=O)c12,C1CCOC1,476.0
8158,COCCOCCOCCOc1cc(C=O)c(OCCOCCOCCOC)cc1C=O,CNC=O,450.0
8281,N#Cc1ccc(N)cc1,O,344.0
2109,CCCCn1c(-c2ccc(-c3nnc(-c4cccs4)o3)cc2)nc2c3ccccc3c3ccccc3c21,ClCCl,448.0
11308,CN1CCN(c2ccc3c4c(cccc24)C(=O)c2ccccc2-3)CC1,ClC(Cl)Cl,601.0
9494,c1cnc(-c2c3ccccc3c(-c3cncnc3)c3ccccc23)nc1,ClCCl,436.0
10398,CCCCC1=Cc2c3ccc4cccc5ccc(c6cc(-c7ccc(N(c8ccccc8)c8ccccc8)cc7)n(c26)P1(=O)c1ccccc1)c3c45,CC(C)=O,560.0
3418,C[N+]1=C(/C=C/C2=C3Oc4c(cc5c6c4CCCN6CCC5)C(c4ccccc4C(=O)O)=C3CCC2)C(C)(C)c2ccccc21,CC#N,760.0
8291,N#Cc1cccc(C#N)c1N,O,394.0
4833,Cc1cc2cc(N3c4ccccc4Oc4ccccc43)ccc2c(=O)o1,Cc1ccccc1,540.0
6632,COC(=O)c1cc(=O)n(C)c2cc(-c3ccc4c(c3)OCCO4)sc12,CC#N,478.0
1320,FC(F)(F)C(F)(F)C(F)(F)C(F)(F)C(F)(F)C(F)(F)C(F)(F)C(F)(F)CCOc1nnc(Cl)nn1,OCC(F)(F)F,553.0
1236,CC1=CC(C)=[N+]2C1=Cc1c(C)c(C3=C(C)C4=Cc5c(C)cc(C)n5[B-](F)(F)[N+]4=C3C)c(C)n1[B-]2(F)F,ClCCl,563.0
9928,CC1=N/C(=C\c2cc(N(C)C)ccc2C#N)C(=O)N1C,C1CCOC1,560.0
970,CCCCCCCCCCCCOc1cc(/C=C/c2ccc3c(c2)C(CC)(CC)c2cc(N4c5ccccc5Sc5ccccc54)ccc2-3)c(OCCCCCCCCCCCC)cc1/C=C/c1ccc2c(c1)C(CC)(CC)c1cc(N3c4ccccc4Sc4ccccc43)ccc1-2,Cc1ccccc1,468.0
9534,c1ccc(-c2cc(-c3ccc4ccc5c(-c6ccnc(-c7ccccn7)c6)ccc6ccc3c4c65)ccn2)nc1,CO,429.99656
12117,CCCCCCC(CCCCCC)N1C(=O)c2cccc3c(-c4ccc(N(C)C)cc4)ccc(c23)C1=O,CCCCO,638.4
2554,CN(C)c1ccc2c3c(ccc2c1)C(=O)CCC3,CS(C)=O,453.0
8097,O=Cc1cc(O)ccc1O,CN(C)P(=O)(N(C)C)N(C)C,438.0
5945,Cc1cc(-c2nnc(-c3ccccc3)o2)ccc1-n1c2ccccc2c2ccccc21,Cc1ccccc1,382.0
9419,CC(C)(C)c1ccc2c(c1)c1cc(C(C)(C)C)ccc1n2-c1ccc2oc3nc4oc5ccc(C(F)(F)F)cc5c4cc3c2c1,C1CCOC1,455.0
5687,OCc1cc(/N=N\c2ccc(-c3cccs3)cc2F)ccc1O,CS(C)=O,470.0
8064,COC(=O)/C=C/C=C/c1ccc(N(C)C)cc1,CO,435.0
1373,CCN(CC)c1ccc2cc(/C(Cl)=C/C=C/C(=C(C#N)C#N)c3ccc(N(c4ccccc4)c4ccccc4)cc3)c(=O)oc2c1,CS(C)=O,746.0
5817,COC(=O)C1=C(C(=O)OC)C2(c3ccccc3-c3ccccc32)[C@@H](c2ccc(C)cc2)C=C2c3cc(OC)c(OC)cc3CCN21,ClCCl,425.0
1250,Oc1ccccc1/C=N/CC/N=C/c1ccccc1O,CC#N,461.0
8825,COc1ccc(/C=C/c2cc(/C=C/c3ccc(OC)cc3)nc(/C=C/c3ccc(N(c4ccccc4)c4ccccc4)cc3)n2)cc1,CC#N,627.0
6105,CCCCCCN(CCCCCC)c1ccc(C#Cc2ccc([N+](=O)[O-])cc2)cc1,ClCCl,618.0
8802,CCC1=C(C)C2=C(C)c3c(C)c(-c4csc(N5CCOCC5)n4)c(C)n3[B-](F)(F)[N+]2=C1C,ClCCl,537.0
3827,NC(=O)C1=CN([C@H]2C[C@H](O)[C@@H](COP(=O)([O-])OP(=O)([O-])OC[C@H]3O[C@@H](n4cnc5c(N)ncnc54)C[C@@H]3O)O2)C=CC1,O,450.0
1402,CCOC(=O)c1csc2[n+]1[B-](F)(F)OC(c1ccc(N(C)C)cc1)=N2,ClCCl,456.0
7764,Nc1ccc2c(c1)C(=O)c1ccccc1-2,C1CCCCC1,569.0
10184,O=C(c1ccc(-n2c3ccccc3c3cc(-n4c5ccccc5c5ccccc54)ccc32)cc1)c1ccc(-n2c3ccccc3c3cc(-n4c5ccccc5c5ccccc54)ccc32)cn1,O=P(c1ccccc1)(c1ccccc1)c1ccccc1Oc1ccccc1P(=O)(c1ccccc1)c1ccccc1,475.0
6071,CN(C)c1ccc(C#Cc2ccccc2)cc1,Cc1ccccc1,366.0054169
895,F[B-]1(F)n2cccc2C=C2c3ccccc3C(c3ccc[nH]3)=[N+]21,Cc1ccccc1,600.0
10992,COc1cccc2cc(C)c3c4ccccc4[nH]c3c12,ClCCl,365.0
7061,O=C1OC(c2ccccc2)=N/C1=C\c1ccc(N(c2ccccc2)c2ccccc2)cc1,CCCCC,485.0
11201,COc1ccsc1-c1ccc(-c2ccc(-c3sccc3OC)s2)s1,CCCCCCCCCCCCCC,483.0
9488,CCCCn1c2ccccc2c2ccc3c4cc(-c5ccc(OC)cc5)ccc4n(CCCC)c3c21,ClC(Cl)Cl,409.0
12145,CCCCCCC(CCCCCC)N1C(=O)c2cccc3c(-c4cc(OC)c(OC)c(OC)c4)ccc(c23)C1=O,CN(C)C=O,618.8
10741,Fc1c(F)c(F)c2c(c1F)C1=Nc3c4c(F)c(F)c(F)c(F)c4c4n3[B-]3(Cl)n5c(c6c(F)c(F)c(F)c(F)c6c5=N4)=NC2=[N+]13,C1COCCO1,590.0
1408,COc1cc(/C=C2/SC(=O)NC2=O)cc(OC)c1O,CC#N,450.0
7682,CCN(CC)c1ccc2cc(/C=C(\C#N)c3nc4ccccc4o3)c(=O)oc2c1,CC#N,585.0
11389,COc1ccc(N(c2ccc(OC)cc2)c2ccc(-c3ccc(C=C(C#N)C#N)o3)cc2)cc1,ClC(Cl)Cl,696.0
1261,O=C1c2ccccc2-c2ccc(N3CCOCC3)c3cccc1c23,ClCCl,625.0
1039,CC(C)(C)c1ccc2c(c1)sc1[n+]2[B-](F)(F)n2c(c3cccc4cccc2c43)=C1C#N,CCCCCC,538.0
8947,CCC1=C(C)C(=O)n2c1cc1c(c(C)c(C(=O)OCC(C)C)n1CC(C)C)c2=O,c1ccccc1,446.0
10987,COc1ccc(/C=C/C2=[O+][B-](F)(F)OC(/C=C/c3ccc(OC)c4ccccc34)=C2c2ccccc2)c2ccccc12,ClC(Cl)(Cl)Cl,577.0
6321,C(#Cc1cccc(C#Cc2ccc(-n3c4ccccc4c4ccccc43)cc2)c1)c1ccc(-n2c3ccccc3c3ccccc32)cc1,CCCCC,366.0
9820,COc1ccc(C#Cc2nc3ccccc3nc2-c2cn(C)c3ccccc23)cc1,CC(C)=O,513.0
434,Cc1ccc(-c2ccc(/C=C/c3ccc(Cl)cc3)cn2)nc1,CC#N,392.0
7017,C(=C/c1ccnc2ccccc12)\c1ccc(/C=C/c2ccnc3ccccc23)cc1,CCCO,438.0
3272,COCCC1(CCOC)c2cc(-c3ccc(OC)cc3)ccc2-c2ccc(-c3ccc4c(c3)C(CCOC)(CCOC)c3cc(-c5ccc(OC)cc5)ccc3-4)cc21,CN(C)C=O,395.0
8188,COCCOCCOc1ccc(OCCOCCOC)c(C=O)c1,CC(C)(C)O,444.0
2407,CN(C)C(=O)c1ccc(-c2nc3ccc(N(C)C)cc3s2)cc1,C1CCCCC1,415.0
5481,Cc1cc(C)c(B(c2c(C)cc(C)cc2C)c2cc3ccc4ccccc4c3c3c2ccc2ccccc23)c(C)c1,CC#N,449.0
5303,Cc1ccc2c(c1)B(c1c(C(C)C)cc(C(C)C)cc1C(C)C)c1cc(C)cc3c1N2c1ccc(C)cc1B3c1c(C(C)C)cc(C(C)C)cc1C(C)C,ClCCl,482.0
3710,Cc1nc2c(c[n+]1C)CN1C(=O)N([C@H]3O[C@@H](CO)[C@H](O)[C@@H]3O)C=CC1=N2,[2H]OC,417.0
8583,c1ccc(-c2ccc(-c3ccc(-n4c5ccccc5c5ccccc54)cc3)c3nsnc23)cc1,CCCCCC,481.0
11838,COc1ccc(C2CC(c3ccc(O)cc3)=NN2c2ccc(S(N)(=O)=O)cc2)cc1,CCOC(C)=O,416.0
12039,CC[N+](CC)=c1ccc2c(-c3ccccc3C(=O)O)c3oc4cc(N)ccc4c3oc-2c1,CCO,622.0
1732,Clc1ccc(/C=C/c2nc3ccccc3s2)cc1,C1CCCCC1,395.0
1457,COc1ccc(-c2ccc(-c3ccc(C#N)s3)s2)cc1,C1CCCCC1,445.0
12220,CC(C)(C)c1cc2ccc3c(-c4ccc(N(c5ccccc5)c5ccccc5)cc4)ccc4c5nc6cc(C#N)c(C#N)cc6nc5c(c1)c2c34,ClC(Cl)Cl,784.6938776
9036,N#Cc1c[nH]c2ccccc12,C1COCCO1,305.0
4301,CCCCCCCCOc1ccc(C#Cc2ccc3c(c2)c2ccccc2n3CCCCCCCC)c(OCCCCCCCC)c1,ClCCl,375.0
5053,C(=C/c1ncnc2ccccc12)\c1ccc(N2CCCCC2)cc1,CS(C)=O,589.0
8075,COCCOc1ccc(OCCOC)c(C=O)c1,CO,467.0
5766,CC1=CC(c2ccc(N(C)C)cc2)=[N+]2C1=Nc1c(C)cc(-c3ccc(N(C)C)cc3)n1[B-]2(F)F,Cc1ccccc1,779.0
8042,COc1ccc(O)c(C(=O)[O-])c1,O,447.0
5733,CC(C)=CCN1C(=O)c2cccc3c2c(cc2oc(C)nc23)C1=O,CCO,415.0
6072,COc1ccccc1C#Cc1ccccc1OC,ClCCl,348.0
10391,C(#Cc1ncnc2ccccc12)c1ccc(N(c2ccccc2)c2ccccc2)cc1,CC#N,610.0
5561,CCCCN1/C(=C\C=C\C=C\C2=[N+](CCCC)c3ccc4cc(Br)ccc4c3C2(C)C)C(C)(C)c2c1ccc1cc(Br)ccc21,CN(C)C=O,708.0
4600,CCOC(=O)/C(C#N)=C/c1cc2c3ccccc3n(C)c2cc1OC,CO,486.0
2270,CCOC(=O)CN1C(=O)C2=C(c3ccc(N4CCCCC4)cc3)N(CC(=O)OCC)C(=O)C2=C1c1ccccc1,CC#N,587.0
6848,COc1cc(N(c2ccccc2)c2ccccc2)ccc1C=C(C#N)C#N,CCOC(C)=O,573.0
2342,O=c1[nH]cc(F)c(=O)[nH]1,CC#N,322.0
10410,CCCCCCN1C(=O)c2cccc3cc(/N=C\c4cn(C)c5ccccc45)cc(c23)C1=O,ClC(Cl)Cl,500.0
3522,Clc1ccc(-c2nc3sc4ccccc4c3s2)cc1,CS(C)=O,418.0
5611,CCCN1c2ccccc2Sc2cc(/C=C\c3cc(=O)oc4cc(O)ccc34)ccc21,ClC(Cl)Cl,631.0
850,OCC1O[C@@H](Cc2cc(O)cc(/C=C/c3ccc(O)c(O)c3)c2)[C@H](O)[C@@H](O)[C@@H]1O,CCO,390.0
9535,c1ccc(-c2cc(-c3ccc4ccc5c(-c6ccnc(-c7ccccn7)c6)ccc6ccc3c4c65)ccn2)nc1,Cc1ccccc1,410.1722724
9783,S=P1(c2ccccc2)c2cccc3ccc4ccc1n4c23,ClCCl,490.0
11392,S=c1[nH]nc(-c2ccc(/C=C/c3ccc(-c4n[nH]c(=S)o4)cc3)cc2)o1,CN(C)C=O,401.0
9858,CCNc1cc2oc(=O)c3c(=O)oc4ccccc4c3c2cc1C,CS(C)=O,552.0
107,Cc1ccc(N(c2ccc(C)cc2)c2ccc3c4cccc5c(N(c6ccc(C)cc6)c6ccc(C)cc6)ccc(c6cccc2c63)c54)cc1,CC#N,574.0
9682,N#Cc1ccc(/C=C/C=C/c2ccc([N+](=O)[O-])cc2)cc1,CO,588.0
8747,CC1=C(C(C)(C)C)C(C)=[N+]2C1=C(C)c1c(C)c(C(C)(C)C)c(C)n1[B-]2(F)F,COC(C)=O,561.8
5317,CCCCC[n+]1ccc(/C=C/c2ccc(N(C)C)c3ccccc23)c2ccccc21,c1ccncc1,706.0
6407,CCCCN1C(=O)C(=CC=C2N(CCCC)c3ccccc3N2CCCC)C(=O)N(CCCC)C1=S,ClCCl,486.0
2054,CN(C)c1ccc(/C=C/c2ccc([N+](=O)[O-])c(O)c2)cc1,C1CCCCC1,529.0
5768,Nc1nc2c(ncn2[C@H]2C[C@H](O)[C@@H](CO)O2)c(=O)[nH]1,O,338.9830508
11009,Cc1cc(C)c(C2=C3C=CC=[N+]3[B-]3(F)Oc4cc(O)cc5c6ccc(C)cc6c6cc2n3c6c45)c(C)c1,ClC(Cl)Cl,649.0
4653,CCN1C(=O)C(C2C(=O)c3c4ccccc4cc4cc5ccccc5c2c34)C(=O)N(CC)C1=S,CCCCCC,544.0
1078,C(=C/c1ccncn1)\c1ccc(-c2ccc(N(c3ccccc3)c3ccccc3)cc2)cc1,CCCCCCC,445.0
3944,COC(=O)C(NC(=O)OC(C)(C)C)c1ccc2oc(-c3cc(OC)c(OC)c(OC)c3)nc2c1,CC#N,371.0
3070,CCC1(CC)c2cc(Br)ccc2-c2c1c1c(c3c2C(CC)(CC)c2cc(-c4cccs4)ccc2-3)C(CC)(CC)c2cc(-c3cccs3)ccc2-1,C1CCOC1,388.0
993,CC1(C)CC(NCc2ccc3ccc4cccc5ccc2c3c45)CC(C)(C)N1,CC#N,375.0
3274,CCN(CC)c1ccc2cc(-c3nc4ccccc4s3)c(=O)oc2c1,CCC(C)CC,461.6
217,COc1ccc(/C=C/c2nc(/C=C/c3ccc(N(C)C)cc3)cc(/C=C/c3ccc(N(C)C)cc3)n2)cc1,CC(C)=O,559.0
5349,CC1(C)c2cc(C#N)ccc2-c2ccc(N3c4ccccc4Oc4ccccc43)cc21,ClC(Cl)Cl,530.0
9500,CC(=O)c1ccc(/C=C/C=C/C2=NC3C(=O)NC(N)=NC3N2[C@H]2C[C@H](O)[C@@H](CO)O2)cc1,CC#N,547.0
8151,COCCOCCOCCOc1cc(C=O)c(OCCOCCOCCOC)cc1C=O,CC(C)(C)O,478.0
4655,CCN1C(=O)C(C2C(=O)c3c4ccccc4cc4cc5ccccc5c2c34)C(=O)N(CC)C1=S,ClCCl,582.0
3550,O=C(N/N=C/c1ccccc1O)c1cccc2ccccc12,CC#N,376.0
1595,CCCCCCn1c2ccccc2c2cc3c4cc5c6ccccc6n(CCCCCC)c5cc4c4cc5c(C)cc(=O)oc5cc4c3cc21,ClC(Cl)Cl,415.0
510,CCCCOc1ccc(/C=C/C=C/C=C/c2ccc([N+](=O)[O-])cc2)cc1,CC1CCCCC1,488.0
700,CN1/C(=C/C=C(/C=C/c2sc3ccccc3[n+]2C)c2ccccc2)Sc2ccccc21,CCO,676.0
5024,O=Cc1ccc(C2=C3C=c4c(oc5ccccc45)=[N+]3[B-](F)(F)n3c2cc2c4ccccc4oc23)cc1,CCOC(C)=O,610.0
9230,CN(C)c1ccc(/C=C/C=C/c2nc3ccccc3s2)cc1,ClC(Cl)Cl,526.0
1399,CCOC(=O)c1csc2[n+]1[B-](F)(F)OC(c1ccc(N(C)C)cc1)=N2,C1CCOC1,459.0
7981,C/C=C/c1cccc(OC)c1,CCCCCC,325.0
9479,CCCC1(CCC)c2cc(-c3ccco3)ccc2-c2ccc(-c3ccco3)cc21,C1CCCCC1,377.0
4483,N#Cc1nn(-c2ccc(F)cc2)nc1N1CCCC1,CC#N,422.0
573,COc1ccc(C2=[N+]3C(=Nc4c(-c5ccccc5)c(Br)c(-c5ccc(OC)cc5)n4[B-]3(F)F)C(c3ccccc3)=C2Br)cc1,ClC(Cl)Cl,714.0
8693,CNC1=C2C=CC=[N+]2[B-](F)(F)n2cccc21,CC(C)=O,441.5
39,N#CC(C#N)=Cc1ccc(-c2ccc(O)c(-c3nc4ccccc4s3)c2)o1,O,652.0
4948,CC(C)Nc1cc2oc3cc(NC(C)C)c(F)cc3c(=O)c2cc1F,CCO,422.0
4393,O=Cc1cc(N2CCCCC2)c2ccc3c(N4CCCCC4)cc(N4CCCCC4)c4ccc1c2c43,CCCCCC,520.0
11796,C(=C/c1cccc2ccccc12)\c1ccc(-c2nnc(-c3ccc(-c4cc5ccccc5s4)cc3)o2)cc1,CC(C)=O,437.0
7092,CCOC(=O)CN(CC(=O)OCC)c1ccc(-c2cc(-c3ccccn3)nc(-c3ccccn3)c2)cc1,CC#N,452.0
2760,CCOC(=O)COc1ccc(/C=C/C2=C3c4ccccc4C(c4ccc[nH]4)=[N+]3[B-](F)(F)n3ccc(C)c32)cc1,CO,624.0
3668,CC(C)(C)c1ccc(-c2nc3c4ccc(-c5c6ccccc6cc6ccccc56)cc4c4cc(-c5c6ccccc6cc6ccccc56)ccc4c3n2-c2ccc(C(C)(C)C)cc2)cc1,CCCCOCCCC,424.0
10165,COc1cc2cc(C#Cc3ccc(/C=C(\C#N)C(=O)O)cc3)c(=O)oc2cc1OC,CC#N,464.0
6482,COc1ccc(-c2nc3c(c4c2-c2ccccc2CC4)-c2ccccc2CC3)cc1,ClCCl,424.0
2614,O=C1c2ccccc2-c2c(-c3cc(Cl)ccc3O)[nH]c(=O)n21,CC#N,475.0
11200,c1csc(-c2ccc(-c3ccc(-c4cccs4)s3)s2)c1,ClCCl,480.0
6695,COc1ccc2c3cccc4c(OC)ccc(c5cccc1c52)c43,ClC(Cl)Cl,467.9787336
12219,CC(C)(C)c1cc2ccc3c(-c4ccc(N(c5ccccc5)c5ccccc5)cc4)ccc4c5nc6cc(C#N)c(C#N)cc6nc5c(c1)c2c34,Cc1ccccc1,613.0
8330,C(#Cc1ccccc1)C1=Cc2ccc3ccccc3c2NB1c1ccccc1,C1CCCCC1,416.0
4843,C=CCOC(=O)C(C#N)=C1C=C(/C=C/c2ccc(N(C)C)cc2)OC(/C=C/c2ccc(N(C)C)cc2)=C1,CC#N,624.0
1662,CC(C)(C)c1ccc(C2=C(Br)C3=C(c4ccccc4)c4c(Br)c(-c5ccc(C(C)(C)C)cc5)c(-c5ccc(C(C)(C)C)cc5)n4[B-](F)(F)[N+]3=C2c2ccc(C(C)(C)C)cc2)cc1,C1CCCCC1,614.0
346,CCCCN(CCCC)c1ccc(C#Cc2cc(C#Cc3ccc(C(F)(F)F)cc3)c(C#Cc3ccc(C(F)(F)F)cc3)cc2C#Cc2ccc(N(CCCC)CCCC)cc2)cc1,c1ccccc1,490.0
6878,CCC1(CC)c2ccccc2-c2ccc(C#Cc3ccc4ccc5cccc6ccc3c4c56)cc21,Cc1ccccc1,412.0
11884,O=C(c1ccncc1)c1cc(-n2c3ccccc3c3ccccc32)ccc1-n1c2ccccc2c2ccccc21,CCCCCC,454.3610548
11883,O=C(c1ccncc1)c1cc(-n2c3ccccc3c3ccccc32)ccc1-n1c2ccccc2c2ccccc21,C1CCOC1,494.3204868
3434,CN1/C(=C/C=C(/C=C/C2=[N+](C)c3ccccc3C2(C)C)c2cc(F)cc(F)c2)C(C)(C)c2ccccc21,CS(C)=O,663.0
2150,c1ccc(-c2nc(-c3ccc(-c4nc(-c5ccccc5)c(-c5ccccc5)o4)cc3)oc2-c2ccccc2)cc1,C1COCCO1,428.0
6786,COc1ccc(-c2nnc(-c3cc(-n4c5ccccc5c5ccccc54)c(-n4c5ccccc5c5ccccc54)cc3-c3nnc(-c4ccc(OC)cc4)o3)o2)cc1,CC#N,515.809344
10803,Cc1ccc(C2=C3C=CC(c4ccccc4)=[N+]3[B-](F)(F)n3c2ccc3-c2ccccc2)cc1,ClC(Cl)Cl,588.0
251,Cc1ccc2nc3[nH]c(=O)[nH]c(=O)c3nc2c1,ClCCCl,442.0
2754,CC[n+]1c(C=C2C(=O)C(C=C3N(C)c4ccccc4C3(C)C)=C2[O-])[se]c2ccccc21,CO,661.0
3429,CCCN1/C(=C/C=C(/C=C/C2=[N+](CCC)c3ccccc3C2(C)C)c2ccc([N+](=O)[O-])cc2)C(C)(C)c2ccccc21,CO,656.0
1512,Oc1cccc(/N=C/c2ccccc2Oc2ccccc2)c1,CCCCO,416.0
11473,Fc1ccc(-c2nc3n(c2-c2ccncc2)CCS3)cc1,C1COCCO1,412.0
12038,CC1(C)C(/C=C/C=C/C=C/C=C2/N(c3ccc(S(=O)(=O)[O-])cc3)c3ccc(S(=O)(=O)[O-])cc3C2(C)C)=[N+](c2ccc(S(=O)(=O)[O-])cc2)c2ccc(S(=O)(=O)[O-])cc21,O,779.0
6137,Cc1cc(C)c(C2=C3C=CC=[N+]3[B-]3(c4cccc5ccccc45)Oc4cc(O)cc5c6ccc(C)cc6c6cc2n3c6c45)c(C)c1,ClC(Cl)Cl,669.0
10955,CCN(CC)c1ccc2cc(-c3ccc(S(C)(=O)=O)cc3)oc(=O)c2c1,CCCCCC,419.0
11026,O=C(O)c1cc2c(ccc3ccccc32)oc1=O,CCCCO,440.0
10815,CC1=[N+]2C(=C(NC(C)c3ccccc3)c3ccc(C)n3[B-]2(F)F)C=C1c1cc2n(c1)[B-](F)(F)[N+]1=CC=CC1=C2c1c(C)cc(C)cc1C,C1CCCCC1,640.0
8729,CC1=C(C(C)(C)C)C(C)=[N+]2C1=C(C)c1c(C)c(C(C)(C)C)c(C)n1[B-]2(F)F,C1COCCO1,565.4
6661,COc1cc2c3cc(OC)c(OC)cc3c3cc4c(C)cc(=O)oc4cc3c2cc1OC,C1CCOC1,489.0
11680,CC(C)c1cccc(C(C)C)c1-n1c(=O)c2ccc3c4ccc5c(=O)n(-c6c(C(C)C)cccc6C(C)C)c(=O)c6cc7c(-c8ccccc8)nc8cc(c1=O)c2c3c8c7c4c56,ClC(Cl)Cl,493.0
8069,CCOC(=O)c1ccc(N)cc1,CC#N,329.368932
6245,Nc1ccc(-c2ccc3c(c2)C(=O)c2ccccc2C3=O)cc1,Cc1ccccc1,599.0
7013,C(=C/c1ccnc2ccccc12)\c1ccc(/C=C/c2ccnc3ccccc23)cc1,C1COCCO1,428.0
7886,COc1ccc2cc3c(C)cc(=O)oc3cc2c1,OCC(F)(F)F,496.0
5914,O=C(O)c1c2ccccc2c(C(=O)O)c2ccccc12,CN(C)C=O,451.0
5503,CCCCCCCCC1(CCCCCCCC)c2cc(C#Cc3ccc(N(c4ccccc4)c4ccccc4)cc3)ccc2-c2ccc(C=O)cc21,CC#N,556.0
811,CCn1c2ccccc2c2cc(-c3cc(-c4ccc5c(c4)c4ccccc4n5CC)nc(-c4ccccc4)n3)ccc21,C1CCOC1,391.0
9115,Nc1ccc2c(c1)Cc1ccccc1-2,C1COCCO1,363.0
11809,NS(=O)(=O)c1ccc(N2N=C(c3ccc(O)cc3)CC2c2ccc(F)cc2)cc1,CS(C)=O,424.0
7964,Nc1ccccc1C(=O)O,CO,406.0
1142,Cc1cc(O)c(C(C)C)cc1/N=C/c1ccc(C(F)(F)F)cc1,C1COCCO1,424.0
9677,N#C/C(=C\C=C\c1ccccc1)c1ccccc1,C1COCCO1,421.0
10602,Oc1cc(N(c2ccccc2)c2ccccc2)ccc1-c1nc2c3ccc(-c4ccccc4)cc3c3cc(-c4ccccc4)ccc3c2[nH]1,Cc1ccccc1,423.0
4381,Cc1cc(C)c(B(c2ccc(-c3ccc4ccc5cccc6ccc3c4c56)cc2)c2c(C)cc(C)cc2C)c(C)c1,Cc1ccccc1,431.0
7637,COc1cccc(OC)c1-c1c2ccc(=[N+]3CCN(C(=O)OC(C)(C)C)CC3)cc-2oc2cc(N3CCN(C(=O)OC(C)(C)C)CC3)ccc12,ClCCl,580.0
8457,COc1ccc2cc(/C=C/c3nc(/C=C/c4ccc(N(c5ccccc5)c5ccccc5)cc4)cc(/C=C/c4ccc(N(c5ccccc5)c5ccccc5)cc4)n3)ccc2c1,C1CCOC1,519.0
812,CCn1c2ccccc2c2cc(-c3cc(-c4ccc5c(c4)c4ccccc4n5CC)nc(-c4ccccc4)n3)ccc21,CCOC(C)=O,389.0
8870,CCn1c2ccccc2c2cc(-c3cc(-c4ccc5c(c4)c4ccccc4n5CC)nc(S(C)(=O)=O)n3)ccc21,ClCCl,437.0
177,CN(C)c1ccc(/C=C/c2cc(/C=C/c3ccc(N(C)C)cc3)nc(/C=C/c3ccc(C(F)(F)F)cc3)n2)cc1,CCCCCCC,456.0
10330,CCC1(CC)c2ccccc2-c2c1c1c(c3c2C(CC)(CC)c2cc(B(c4c(C)cc(C)cc4C)c4c(C)cc(C)cc4C)ccc2-3)C(CC)(CC)c2ccccc2-1,CCCCCC,372.0
5272,COC(=O)c1c2ccccc2nc2ccccc12,CCCO,430.0
4707,CC1(C)c2ccccc2N(c2ccc(-c3nnc(-c4ccc(N5c6ccccc6C(C)(C)c6ccccc65)cc4)o3)cc2)c2ccccc21,Cc1ccccc1,461.0
10780,CCOC(=O)C1=C(C(=O)OCC)C2(c3cc(Cl)ccc3-c3ccc(Cl)cc32)C2(/C=C/c3ccccc3)c3cc(OC)c(OC)cc3CCN12,ClCCl,456.0
1570,Oc1ccccc1/N=C/c1ccccc1Oc1ccccc1,CCOCC,420.0
8478,CN(C)c1ccc(/C=C/C=C2\CC/C(=C\c3ccc(N(C)C)cc3)C2=O)cc1,CN(C)C=O,656.0
6779,Cc1cc(C(F)(F)F)nc2c1ccc1nc(-c3ccc(Cl)cc3)cn12,CCCCCC,439.0
8749,CC1=C2C=CC(C)=[N+]2[B-](F)(F)n2cccc21,CCCCCC,504.0
11282,COC1=C/C(=C\C=C2C=CN(Cc3ccc(Br)cc3)C=C2)C=CC1=O,CC#N,665.0
10771,COc1ccc(-n2nc(C#N)c(NC3CCCCC3)n2)cc1,ClC(Cl)Cl,402.0
1427,O=C1NC(=O)/C(=C\c2ccccc2O)S1,O,480.0
8413,CCN1c2ccccc2Sc2cc(/C=C(\C#N)c3ccccc3)ccc21,ClCCl,579.0
1369,Cc1ccc2cc3c(=O)n(C)c(=O)n(C)c3nc2c1,ClCCl,405.0
4040,CCOC(=O)c1c(-c2cc3ccccc3oc2=O)nn(-c2ccc(Br)cc2)c1C(=O)OCC,ClCCl,400.0
8180,COCCOCCOCCOc1ccc(OCCOCCOCCOC)c(C=O)c1,CN(C)C=O,423.0
457,c1ccc(-c2cc3c(oc4ccccc43)c(-c3ccccc3)[o+]2)cc1,ClCCCl,451.0
10711,CC1(C)c2ccccc2N(c2ccc(-c3cnc(C#N)nc3)cc2)c2ccccc21,N#Cc1ccc2c(c1)c1ccccc1n2-c1cccc(-n2c3ccccc3c3ccccc32)c1,526.0
1434,COc1ccc(-c2c3cc4cc(C)sc4cc3c(C#Cc3ccccc3)c3cc4cc(C)sc4cc23)cc1,ClCCl,561.0
11351,O=Cc1ccc(N(c2ccc(C=O)cc2)c2ccc(-c3ccc4c(c3)C(=O)c3ccccc3C4=O)cc2)cc1,CCOCC,585.0
8934,CCCCCCCC1=C(C)C(=O)n2c1cc1[nH]c(C(=O)OC)c(C)c1c2=O,CO,500.0
9811,CCN1c2ccc(/C=C(\C#N)c3ccccc3)cc2Sc2cc(/C=C(\C#N)c3ccccc3)ccc21,CC#N,584.0
12060,CN(C)c1ccc(/C=C2\CCCC2=O)cc1,ClC(Cl)Cl,469.0
4043,CCOC(=O)c1c(-c2cc3ccccc3oc2=O)nn(-c2ccc(OC)cc2)c1C(=O)OCC,ClCCl,457.0
11171,COc1c2ccccc2c(OC)c2c1c1c(F)cccc1n2C,ClCCl,418.0
1971,C[Si](C)(C)c1ccc(-c2ccc(-c3ccc(-c4ccc(-c5ccc([Si](C)(C)C)cc5)cc4)c4nsnc34)cc2)cc1,C1CCOC1,516.0
1421,COc1cc(/C=C2/SC(=O)NC2=O)ccc1O,OCCO,435.0
11847,NS(=O)(=O)c1ccc(N2N=C(c3ccc(O)cc3)CC2c2ccc(Cl)cc2)cc1,CN(C)C=O,422.0
1022,CCCCCCCCCCCCCCCCn1c(-c2cc(-c3nc4ccc(C)cc4n3CCCCCCCCCCCCCCCC)cc(-c3nc4ccc(C)cc4n3CCCCCCCCCCCCCCCC)c2)nc2ccc(C)cc21,C1CCOC1,366.9
4828,CCc1c(C)c2n(c1C)[B-](F)(F)[N+]1=C(NCc3ccc(OC)cc3)C=CC1=C2C,CC#N,546.0
5910,Nc1cccc2cc3ccccc3cc12,C1CCCCC1,487.0920604
9332,CCn1c2ccccc2c2cc(/C=C/C(=O)c3ccc4c(c3)c3cc(C(=O)/C=C/c5ccc6c(c5)c5ccccc5n6CC)ccc3n4CC)ccc21,C1CCCCC1,430.0
2798,CCCCCCCCCCCCOc1ccc(C#Cc2ccc(C#Cc3ccc(OCCCCCCCCCCCC)c(OCCCCCCCCCCCC)c3)c3nc4c5ccccc5c5ccccc5c4nc23)cc1OCCCCCCCCCCCC,C1CCOC1,558.0
10170,CC(C)Oc1ccc(C#Cc2cc3ccccc3oc2=O)cc1,CC#N,464.0
3776,c1ccc2cc(-n3cnc4ccccc43)ccc2c1,CCO,376.0
4993,Cc1cccc(-c2c3ccccc3c(-c3cccc(C)n3)c3ccccc23)n1,ClCCl,428.0
2088,F[B-]1(F)n2ccnc2-c2cccc[n+]21,CC#N,359.0
9225,CN(C)c1ccc(/C=C/C=C/c2nc3ccccc3s2)cc1,CCO,560.0
7416,Cc1ccc(C(=O)/C=C/c2ccc(N(C)C)cc2)cc1,C1CCOC1,503.0
7505,CN(C)c1ccc(/C=C/c2cc[n+](CCCCCCCCCCCC[n+]3ccc(/C=C/c4ccc(N(C)C)cc4)cc3)cc2)cc1,CC(C)=O,601.9998435
5629,CCCCCCCCC1(CCCCCCCC)c2cc(-c3ccc(C=C4C(=O)c5ccccc5C4=O)cc3)ccc2-c2ccc(-c3ccc(C=C4C(=O)c5ccccc5C4=O)cc3)cc21,CCCCCC,462.0
2238,CC1=CC(C)=[N+]2C1=C(c1ccc(N3CCOCC3)cc1)c1c(C)cc(C)n1[B-]2(F)F,C1CCOC1,514.0
1470,COc1ccc(-c2ccc(-c3ccc(C#N)s3)s2)cc1,O,529.0
9573,COC(=O)C(Cc1ccc2oc(-c3ccc(-n4c5ccccc5c5ccccc54)cc3)nc2c1)NC(=O)OC(C)(C)C,CCO,444.99822
5152,c1ccc(-c2csc(-c3ccncc3)n2)cc1,CCO,407.0
11947,c1ccc2c(c1)[nH]c1cccnc12,Cc1ccccc1,350.0
6390,COc1ccc(N(c2ccc(/C=C(\C)c3ccccc3)cc2)c2ccc(OC)cc2)cc1,Cc1ccccc1,448.0
2611,Cc1cccc(-c2[nH]c(=O)n3c2-c2ccccc2C3=O)c1O,CC#N,480.0
10088,Cc1ccccc1N(c1ccc(C(C)(C)C)cc1)c1ccc2ccc3c(N(c4ccc(C(C)(C)C)cc4)c4ccccc4C)ccc4ccc1c2c43,Cc1ccccc1,462.0
1275,c1ccc2c(-n3c4ccccc4c4ccccc43)cccc2c1,CO,401.0
6604,C(=C/c1cc2ccccc2c2ccccc12)\c1cc2ccccc2c2ccccc12,C1CCOC1,416.0
2791,CCCCCCOc1ccc(C#Cc2ccc(C#Cc3ccc(OCCCCCC)c(OCCCCCC)c3)c3nsnc23)cc1OCCCCCC,ClC(Cl)Cl,580.0
333,c1cc2c3c(c1)-c1cccc4ccn(c14)B3n1ccc3cccc-2c31,C1CCOC1,387.0
5044,COc1ccc(C2=C3C=c4c(oc5ccccc45)=[N+]3[B-](F)(F)n3c2cc2c4ccccc4oc23)cc1,CCOC(C)=O,594.0
3523,Fc1ccc2c(c1)sc1nc(-c3ccccc3)sc12,CS(C)=O,407.0
7720,COc1ccc2ncccc2c1,CC#N,358.0
8057,COC(=O)/C=C/C=C/c1ccc(N(C)C)cc1,C1COCCO1,470.0
1516,Oc1cccc(/N=C/c2ccccc2Oc2ccccc2)c1,CCOCC,404.0
303,Cc1cc(C2(c3cc(C)c(O)c(Br)c3)OS(=O)(=O)c3ccccc32)cc(Br)c1O,C1CCOC1,492.0
11919,CC1(C)c2ccccc2N(c2ccc3nc4c5ccc(N6c7ccccc7C(C)(C)c7ccccc76)cc5c5cc(N6c7ccccc7C(C)(C)c7ccccc76)ccc5c4nc3c2)c2ccccc21,Cc1ccccc1,605.0
4291,O=C1C=C(Nc2ccccc2)CCC1,CC(C)O,372.0
9377,Cc1oc2c(Cl)cc3c(C)cc(=O)oc3c2c1C,C1COCCO1,416.0
10655,C(=C/c1ccc(-c2nc3c4cccnc4c4ncccc4c3[nH]2)cc1)\c1ccncc1,ClCCl,456.0
5499,CCCCCCCCC1(CCCCCCCC)c2cc(C#Cc3ccc(N(c4ccccc4)c4ccccc4)cc3)ccc2-c2ccc(C=O)cc21,ClC(Cl)Cl,517.0
10999,Cc1cccc2cc(C)c3c4ccccc4[nH]c3c12,ClCCl,364.0
210,COc1ccc(/C=C/c2cc(/C=C/c3ccc(OC)cc3)nc(/C=C/c3ccccc3)n2)cc1,CC#N,470.0
8708,CC1=[N+]2C(=Cc3cccn3[B-]2(F)F)C=C1,ClCCl,517.0
4436,Cn1cc(-c2nc3ccccc3nc2/C=C/N2CCCC2)c2ccccc21,CC#N,556.9662921
9546,O=c1ccc2ccc(C#Cc3ccccc3)cc2o1,CC#N,364.0
651,CN(C)c1ccc(C#Cc2ccc(-c3nc(C#N)c(C#N)n3C)cc2)cc1,C1CCCCC1,406.0
11226,COc1cc2cc(-c3cc4cc(OC)c(OC)cc4oc3=O)oc2cc1OC,CCOC(C)=O,478.0
8121,CN(C)c1cc(C#N)c(N(C)C)c(C#N)c1,CCCCCC,493.8271605
10364,c1ccc(-c2ccc(-c3ccc(N(c4ccccc4)c4ccccc4)cc3)c3nsnc23)cc1,CCCCCC,526.0
8301,N#Cc1cccc(N)c1C#N,O,419.0
2348,CCCCN(CCCC)c1ccc2c#cc3cc4c#cc5ccc(C(F)(F)F)cc5c#cc#cc5cc(N(CCCC)CCCC)ccc5c#cc4cc3c#cc3ccc(C(F)(F)F)cc3c#cc#cc2c1,c1ccccc1,521.0
2589,CSc1ccc2c(c1)N(CCCN1CCN(C)CN1C)c1ccccc1S2,CO,453.0
3265,c1ccc(-c2nn(-c3ccccn3)c3nc4ccccc4cc23)cc1,C1CCOC1,434.0
9267,C#CCn1c2ccccc2c2cc(/C=C/c3cc(C)c4n3[B-](F)(F)[N+]3=C(C)C=C(C)C3=C4c3ccc(I)cc3)ccc21,ClC(Cl)Cl,607.0
7844,COC(=O)C1=C(C(=O)OC)C2=C[C@H]3c4ccccc4[C@]2([Se]1)c1ccccc13,ClCCl,494.0
9842,CCCCCCOc1cc(/C=C/c2cc(OCCCCCC)c(/C=C/c3cc(OCCCCCC)c(C=O)cc3OCCCCCC)cc2OCCCCCC)c(OCCCCCC)cc1C=O,ClCCl,521.0
11560,OC1(c2ccc(-c3cccs3)s2)CCC1,CCCCCC,465.0
9585,O=c1oc2cc3ccccc3cc2nc1-c1ccccc1,CC#N,538.0
7765,Nc1ccc2c(c1)C(=O)c1ccccc1-2,c1ccccc1,622.0
5465,F[B-]1(F)n2c(c3ccccc3c2-c2ccccc2)C=C2c3ccccc3C(c3ccccc3)=[N+]21,C1CCOC1,662.0
1791,CC(C)(C)c1ccc(-c2nc3c4ccccc4c4ccccc4c3n2-c2ccc(C(C)(C)C)cc2)cc1,C1CCOC1,390.0
10487,COc1c2ccccc2c(OC)c2c(C#Cc3ccccc3)c3cc4ccccc4cc3c(C#Cc3ccccc3)c12,ClCCl,718.0
4541,C=CC1CN2CCC1CC2[C@H](O)c1ccnc2ccc(OC)cc12,O,451.0
10481,Cc1c2ccncc2c(C)c2c1[nH]c1ccccc12,CN(C)C=O,425.0
8229,CN(C)c1cc(C#N)c(N(C)C)c(C#N)c1,N#Cc1ccccc1,529.1005291
2267,CCOC(=O)CN1C(=O)C2=C(c3ccc(N4CCCCC4)cc3)N(CC(=O)OCC)C(=O)C2=C1c1ccc(C#N)cc1,CC#N,638.0
3844,O=C(c1ccc(N(c2ccccc2)c2ccccc2)cc1)[C@H]1[C@H](c2cccs2)C[C@](O)(c2ccccn2)C[C@]1(O)c1ccccn1,ClCCl,520.0
6605,CN(C)c1cc(-c2ccccc2)cc2ccccc12,ClCCl,422.0
6518,CN(C)c1ccc(-c2nc3c(c4c2-c2ccccc2CC4)-c2ccccc2CC3)cc1,CO,460.0
10021,CN(C)c1cccc2c1C(=O)c1ccccc1C2=O,CC1CCCCC1,566.5
6750,Cn1c(/C=C/c2ccc(/C=C/c3nc4ccccc4[nH]3)cc2)[n+](C)c2ccccc21,CC(C)=O,580.0
1432,CC1(C)c2ccccc2N(c2ccc3c(ccc4nc5ccc6cc(N7c8ccccc8C(C)(C)c8ccccc87)ccc6c5nc43)c2)c2ccccc21,C1CCOC1,661.0
8138,COCCOCCOCCOCCOc1cc(C=O)c(OCCOCCOCCOCCOC)cc1C=O,NC=O,456.0
8302,N#Cc1ccccc1N,C1CCCCC1,348.0
2534,CC(C)(C)Nc1oc(C=Cc2ccccc2)c(C(=O)OC(C)(C)C)c1C(=O)OC(C)(C)C,CC#N,460.0
1786,Cc1cc(O)c(C(=O)/C=C/c2ccccc2[N+](=O)[O-])c(=O)o1,ClCCl,471.0
1844,CCOc1ccc2c(-c3nc(-c4cccc(C)c4)no3)cc(=O)oc2c1,ClC(Cl)Cl,456.0
8242,CN(C)c1ccc(/C=C/C(=O)O)cc1,CO,453.0
11587,N#C[Se]CCCCCOc1ccc2ccc(=O)oc2c1,C1CCCCC1,378.0
9245,CN(C)c1ccc(-c2ccc3c(=O)c(O)coc3c2)cc1,CC#N,559.0
10920,COc1ccc2cc(-c3ccc(C(F)(F)F)cc3)oc(=O)c2c1,CCCCO,411.0
398,CC(C)(C)c1cc2c3c(c1)c1cc(C(C)(C)C)cc4c1n3B1c3c-2cccc3-c2cc(C(C)(C)C)cc3c5cc(C(C)(C)C)cc-4c5n1c23,C1CCOC1,450.0
10236,CCCCN1C(=O)C(=C/C=C/C=C2N(CCCC)c3ccccc3N2CCCC)C(=O)N(CCCC)C1=S,CCCCCC,595.0
5210,COc1ccc(C2CC(=O)Oc3c2c2nc4ccccc4nc2c2ccccc32)cc1,ClC(Cl)Cl,449.0
908,Cc1cc(C)n2c1C=C1c3ccccc3C(c3ccc[nH]3)=[N+]1[B-]2(F)F,ClCCl,621.0
321,CCCCN(CCCC)c1ccc(/C=C/c2ccc(-c3ccc(/C=C/c4ccc(N(CCCC)CCCC)cc4)cc3)cc2)cc1,CS(C)=O,545.7
9993,CCCCNc1ccc(NCCCC)c2c1C(=O)c1ccccc1C2=O,CCCCO,671.0
10902,C1=CB2C=Cc3ccccc3N2C=C1,C1CCCCC1,356.0
2714,COc1ccc(C(=O)NN2C3=C(CC4=C2CCCC4=O)C(=O)CCC3)cc1,ClC(Cl)Cl,436.0
2522,CN(C)c1ccc(-c2nc(-c3ccc(N(C)C)cc3)c3ccccc3n2)cc1,ClCCl,530.0
592,COc1c(-c2ccc(N(C)C)cc2)oc2ccccc2c1=O,C1CCCCC1,413.8888889
9102,CCC1(CC)c2cc(C=O)ccc2-c2ccc(N(C)C)cc21,c1ccccc1,437.0
2144,O=P(c1ccccc1)(c1ccccc1)c1ccc(N2c3ccccc3Oc3ccccc32)cc1,C1CCOC1,490.5436014
12188,c1ccc(-n2c(-c3cccc(-c4c5ccccc5c(-c5cccc(-n6c7ccccc7c7ccccc76)c5)c5ccccc45)c3)nc3c4ccccc4c4ccccc4c32)cc1,CCOCC,409.8830409
12140,CCCCCCC(CCCCCC)N1C(=O)c2cccc3c(-c4ccccc4)ccc(c23)C1=O,ClC(Cl)Cl,420.0
9403,CCOC(=O)C1CC(c2c(C#N)c(C)nn2-c2ccccc2)=CN1c1ccc(Br)cc1,C1COCCO1,480.0
12109,CCCCCCC(CCCCCC)N1C(=O)c2cccc3c(-c4ccc(C#N)cc4)ccc(c23)C1=O,CCCCCCCCCCCO,457.5
7831,O=C(O)c1ccc(-c2cnc(-c3ccc(N(c4ccccc4)c4ccccc4)cc3)s2)cc1,CO,496.0
9468,COc1ccc(/C=C/C2=CC(/C=C/c3ccc(OC)c4ccccc34)=[O+][B-](F)(F)O2)c2ccccc12,CC(C)=O,622.0
11668,CCNc1ccc2c(C(F)(F)F)cc(=O)oc2c1,CC#N,485.0
764,CN(c1ccccc1)c1ccc(/C=C2\C(=O)c3ccccc3S2(=O)=O)cc1,CC#N,511.0
4295,O=C1C=C(Nc2ccccc2)CCC1,CCOCC,371.0
11970,Cc1ccc(/C(C#N)=C/c2cc(/C=C(\C#N)c3ccc(C)cc3)c(-c3ccc(N(c4ccccc4)c4ccccc4)cc3)cc2-c2ccc(N(c3ccccc3)c3ccccc3)cc2)cc1,ClC(Cl)Cl,517.0
2464,CCOC(=O)c1ccccc1-c1c2ccc(=O)cc-2oc2cc(OC(=O)[C@H](CO[Si](C)(C)C(C)(C)C)NC(=O)OC(C)(C)C)ccc12,CCO,525.0
2216,COc1ccc(C(=O)NC(C)(C)C)c2c1ccc1c3ccccc3c3ccccc3c12,ClCCl,407.0
10911,Nc1ccc2cc(-c3ccc(C(F)(F)F)cc3)oc(=O)c2c1,CCCO,459.0
8504,Cc1cccc2nc3c(=O)n(C)c(=O)nc-3n(C)c12,CC#N,532.0
1839,COc1ccc2c(-c3nc(-c4ccccc4Cl)no3)cc(=O)oc2c1,ClC(Cl)Cl,450.0
4614,CCN(CC)c1ccc2nc3c4ccccc4c(=O)cc-3oc2c1,CCOC(C)=O,594.0
4129,CCN1/C(=C\c2c(-c3ccc(N(C)C)cc3)c(=O)c2=O)C=Cc2ccccc21,C1CCCCC1,427.0
11843,NS(=O)(=O)c1ccc(N2N=C(c3ccc(O)cc3)CC2c2ccc(F)cc2)cc1,CC#N,417.0
10125,c1ccc(-c2nc(-c3ccc(-c4nc(-c5ccccc5)c(-c5ccccc5)[nH]4)s3)[nH]c2-c2ccccc2)cc1,CC(=O)O,502.9964036
12201,Cc1cc(C)c(B(c2ccccc2N(c2ccccc2)c2ccccc2)c2c(C)cc(C)cc2C)c(C)c1,Cc1ccccc1,498.0
7318,CCN(CC)c1ccc(/C=N/c2cc3nc4ccccc4nc3cc2/N=C/c2ccc(N(CC)CC)cc2O)c(O)c1,CC#N,551.0
8891,CCCCc1cc(C(=O)CCC)c2ccc3c(CCCC)cc(N4CCCCC4)c4ccc1c2c34,CCO,587.0
1157,Cc1cc(O)c(C(C)C)cc1/N=C/c1ccc(O)cc1,C1CCCCC1,400.0
10197,Cc1ccc2[nH]c(-c3ccc(-c4ccc(-c5ccc(-c6nc7cc(C)ccc7[nH]6)cc5)c(C)c4)cc3)nc2c1,CN(C)C=O,408.0
4845,C=CCOC(=O)C(C#N)=C1C=C(/C=C/c2ccc(N(C)C)cc2)OC(/C=C/c2ccc(N(C)C)cc2)=C1,Cc1ccccc1,556.0
9326,Oc1cc(-c2cccs2)ccc1-c1nc2ccccc2s1,CCO,408.0
6232,CCOC(=O)/C(C#N)=C\c1ccc2c(c1)c1ccccc1n2-c1ccc(C)cc1,CS(C)=O,503.0
11524,CCCCCCCCOc1ccc(-c2c3c4n(c(-c5ccc(OCCCCCCCC)cc5)c3c3n2[B-](F)(F)[n+]2c(sc5ccccc52)N=3)[B-](F)(F)[n+]2c(sc3ccccc32)N=4)cc1,ClC(Cl)Cl,676.0
3254,CN(C)c1ccc(C2=Nc3sc4cc(F)ccc4[n+]3[B-](F)(F)O2)cc1,CC(C)=O,483.0
10296,O=c1oc2ccccc2cc1-c1nc2ccccc2o1,CN(C)C=O,445.0
8337,c1ccc2c(c1)c1ccccc1c1[nH]c(-c3ccc(-c4nc5c6ccccc6c6ccccc6c5[nH]4)cc3)nc21,ClCCl,465.0
2519,CN(C)c1ccc(-c2nc(-c3ccc(N(C)C)cc3)c3ccccc3n2)cc1,C1CCOC1,528.0
7320,CCN(CC)c1ccc(/C=N/c2cc3nc4ccccc4nc3cc2/N=C/c2ccc(N(CC)CC)cc2O)c(O)c1,ClCCl,568.0
6101,CCCCCCN(CCCCCC)c1ccc(C#Cc2ccc(C(F)(F)F)cc2)cc1,CO,456.0
1414,COc1cc(/C=C2/SC(=O)NC2=O)ccc1O,C1CCCCC1,400.0
8396,COC(=O)C(Cc1ccc2oc(-c3ccc4c(c3)c3ccccc3n4-c3ccccc3)nc2c1)NC(=O)OC(C)(C)C,ClC(Cl)Cl,384.4970778
9975,COC(=O)/C(C#N)=c1\s/c(=c2/s/c(=C(/C#N)C(=O)OC)c3cc(-c4ccc(OC)cc4)sc23)c2sc(-c3ccc(OC)cc3)cc12,Cc1ccccc1,680.0
8506,CC(=O)c1ccc(C#Cc2ccc3c(N(C)C)cc(-c4ccccc4)cc3c2)cc1,ClCCl,577.0
5508,CCCCCCCCC1(CCCCCCCC)c2cc(C#Cc3ccc(N(c4ccccc4)c4ccccc4)cc3)ccc2-c2ccc(C=O)cc21,CS(C)=O,560.0
9604,Cn1c(=O)c(/N=N/c2ccc(Nc3ccc([N+](=O)[O-])cc3S(=O)(=O)O)cc2)c(O)c2ccccc21,ClCCl,617.0
6494,CCN(CC)c1ccc(-c2nc3c(c4c2-c2ccccc2CC4)-c2ccccc2CC3)cc1,CCOC(C)=O,449.0
7448,CN(C)c1ccc(/C=C/C(=O)c2ccccc2)cc1,CC(=O)O,517.0
9877,O=S1(=O)c2cc(-n3c4ccccc4c4ccccc43)ccc2-c2ccc(-n3c4ccccc4c4ccccc43)cc21,Cc1ccccc1,442.0
12032,Cc1ccc(-c2c3ccc([nH]3)c3nc(c(-c4ccc(C#N)cc4)c4ccc([nH]4)c4ccc([nH]4)c(-c4ccc(C)cc4)c4ccc2o4)C=C3)cc1,C1CCOC1,730.0
9870,C=C[Si](c1c2ccccc2cc2ccccc12)(c1c2ccccc2cc2ccccc12)c1c2ccccc2cc2ccccc12,ClC(Cl)Cl,437.0
1713,CCCCn1c2ccc(-c3ccc(OC)cc3)cc2c2ccc3c4cc(-c5ccc(OC)cc5)ccc4n(CCCC)c3c21,ClC(Cl)Cl,415.0
8293,N#Cc1cccc(N)c1,CC#N,369.4461351
11297,CCCCn1c(-c2ccc(-c3nnc(-c4ccc5ccccc5c4)o3)cc2)nc(-c2ccccc2)c1-c1ccccc1,ClCCl,445.0
3508,CC(C)(C)c1ccc2c(c1)c1cc(C(C)(C)C)ccc1n2-c1cc[n+]2c(c1)-c1ccccc1O[B-]2(F)F,O=P(c1ccccc1)(c1ccccc1)c1ccccc1Oc1ccccc1P(=O)(c1ccccc1)c1ccccc1,488.0
2145,O=P(c1ccccc1)(c1ccccc1)c1ccc(N2c3ccccc3Oc3ccccc32)cc1,CC#N,530.7474519
2442,CC(C)(C)c1ccc(-c2c(-c3ccc(-n4c5ccccc5c5ccccc54)cc3)cc(-c3ccc(-n4c5ccccc5c5ccccc54)cc3)c(-c3ccc(C(C)(C)C)cc3)c2-c2ccc(C(C)(C)C)cc2)cc1,C1CCOC1,367.0
1383,CCn1c2cc(-c3cccs3)ccc2c2ccc(-c3cccs3)cc21,ClCCl,391.0
8486,CN(C)c1ccc(/C=C/C=C2\CC/C(=C\c3ccc(N(C)C)cc3)C2=O)cc1,S=C=S,540.0
4338,Cc1cccc(NC(=O)c2ccc(N(C)C)cc2)c1,CC#N,502.0
7174,CCn1c2ccccc2c2cc(/C=C/c3cccc[n+]3CCCS(=O)(=O)[O-])ccc21,CC#N,565.0
7729,CC1=[N+]2C(=C(c3ccc(C(=C(c4ccccc4)c4ccccc4)c4ccccc4)cc3)c3ccc(/C=C/c4ccc(C(=C(c5ccccc5)c5ccccc5)c5ccccc5)cc4)n3[B-]2(F)F)C=C1,C1CCOC1,612.0
4053,Nc1ncnc2c1c(C#Cc1c3ccccc3cc3ccccc13)cn2[C@H]1C[C@H](O)[C@@H](CO)O1,ClC(Cl)Cl,443.0
11546,CC(C)[Si](C#Cc1c2cc3ccccc3cc2c(C#C[Si](C(C)C)(C(C)C)C(C)C)c2nc3cc4c(cc3nc12)C1c2ccccc2C4c2ccccc21)(C(C)C)C(C)C,CCCCCC,682.0
8297,N#Cc1cccc(N)c1,OCC(F)(F)F,380.0
5312,CCCCC[n+]1ccc(/C=C/c2ccc(N(C)C)c3ccccc23)c2ccccc21,CN(C)C=O,721.0
9313,N#CC(C#N)=C(c1ccc(N(c2ccccc2)c2ccccc2)cc1)c1ccc(N(c2ccccc2)c2ccccc2)cc1,CN(C)C=O,515.2360515
7962,Nc1ccccc1C(=O)O,CC(C)=O,394.0
248,CC[n+]1nc2cc3c4c(c2c2cc(C)ccc21)CCCN4CCC3,O,571.0
4162,COc1cccc2cc(-c3ccc([N+](=O)[O-])cc3)c(=N)oc12,CS(C)=O,392.0
8117,CN(C)c1cc(C#N)c(N(C)C)c(C#N)c1,CC(C)OC(C)C,503.0181087
11677,CCNc1ccc2c(C(F)(F)F)cc(=O)oc2c1,CCO,500.0
562,CC(C)(C)c1ccc(-c2nc(-c3ccc(C(C)(C)C)cc3)nc(-c3ccc(-n4c5ccccc5c5c6oc7ccccc7c6ccc54)c(C#N)c3)n2)cc1,C1CCOC1,450.7352941
1954,O=[N+]([O-])c1ccc(-c2ccc3ncnc(Nc4ccccc4)c3c2)cc1,ClC(Cl)Cl,446.0
8806,CCCCCCN1C(=O)c2cccc3c(-c4ccc(-c5cccs5)s4)ccc(c23)C1=O,ClC(Cl)Cl,534.0
4365,CN(C)c1ccc(C#Cc2ccc3ccc4ccc(C#Cc5ccc(N(C)C)cc5)c5ccc2c3c45)cc1,CC(C)=O,570.9
2638,COc1ccc(OC)c(-c2[nH]c(=O)n3c2-c2ccccc2C3=O)c1,CC#N,466.0
10936,CS(=O)(=O)c1ccc(-c2cc3ccc(N)cc3c(=O)o2)cc1,ClC(Cl)Cl,439.0
914,Cc1cc(C)n2c1C=C1c3ccccc3C(c3cccn3C)=[N+]1[B-]2(F)F,ClCCl,611.0
7244,N#CC(C#N)=Cc1cn(-c2ccccc2)nc1-c1ccccc1,CN(C)C=O,438.0
10880,N#C/C(=C\c1ccncc1)c1nc(-c2ccccc2)cs1,Cc1ccccc1,463.0
5026,O=Cc1ccc(C2=C3C=c4c(oc5ccccc45)=[N+]3[B-](F)(F)n3c2cc2c4ccccc4oc23)cc1,CO,609.5
3958,COC(=O)C(NC(=O)OC(C)(C)C)c1ccc2oc(-c3ccc(F)cc3)nc2c1,CO,342.0
7142,CC/[NH+]=c1\cc2oc3cc(NCCC(=O)O)c4ccccc4c3nc-2cc1C,CCO,644.0
7908,COc1ccc(-n2c3ccccc3c3cc(/C=C/C(=C(C#N)C#N)c4ccccc4)ccc32)cc1,Cc1ccccc1,526.0
862,CCc1c(C)[nH]c(C2=[N+]3C(=Cc4c(C)c(CC)c(C)n4[B-]3(F)F)c3ccccc32)c1C,CC#N,643.0
3616,COc1ccc(-c2sc3c(c2Br)=[N+]2C(=C(C(F)(F)F)c4c(Br)c5sc(-c6ccc(OC)cc6)c(Br)c5n4[B-]2(F)F)C=3Br)cc1,ClC(Cl)Cl,820.0
8379,COC(=O)C(Cc1ccc2oc(-c3ccc4c(c3)c3ccccc3n4-c3ccccc3)nc2c1)NC(=O)OC(C)(C)C,CCCCC,372.4949713
7228,CCC1=C(C)C2=Cc3cscc3B(O)N2C1=O,ClC(Cl)Cl,414.0
10679,O=Cc1cnc(-c2c3ccccc3cc3ccccc23)nc1,ClCCl,531.0
1166,COc1ccc(/C=N/c2cc(C(C)C)c(O)cc2C)cc1,CCO,414.0
180,CN(C)c1ccc(/C=C/c2cc(/C=C/c3ccc(N(C)C)cc3)nc(/C=C/c3ccc(C(F)(F)F)cc3)n2)cc1,ClCCl,545.0
1562,Oc1ccccc1/N=C/c1ccccc1Oc1ccccc1,CCCCCCCCO,414.0
8923,CCOC(=O)CN(CC(=O)OCC)c1ccc(-c2cc(-c3cccnc3)nc(-c3cccnc3)c2)cc1,CC#N,438.0
5720,O=C(O)c1ccccc1Nc1ccccc1,CCOC(C)=O,434.0
2998,O=[N+]([O-])c1ccc([N+]2=Cc3ccc4c5c(ccc4c3O[B-]2(c2c(F)c(F)c(F)c(F)c2F)c2c(F)c(F)c(F)c(F)c2F)C=[N+](c2ccc([N+](=O)[O-])cc2)[B-](c2c(F)c(F)c(F)c(F)c2F)(c2c(F)c(F)c(F)c(F)c2F)O5)cc1,Cc1ccccc1,613.0
10288,O=c1oc2ccccc2cc1-c1nc2ccccc2o1,C1CCOC1,444.0
6849,COc1cc(N(c2ccccc2)c2ccccc2)ccc1C=C(C#N)C#N,CN(C)C=O,558.0
9024,N#Cc1ccc2[nH]ccc2c1,OCC(F)(F)F,374.0
9770,CCCCCCN1C(=O)c2cccc3c(-c4ccc(-c5ccc6c7c(cccc57)C(=O)N(CCCCCC)C6=O)s4)ccc(c23)C1=O,ClC(Cl)Cl,495.0
7127,CCOC(=O)COc1ccc(C(c2c(C)[nH]c3ccccc23)c2c(C)[nH]c3ccccc23)cc1OC,O,350.0
5236,CSC1=C2C=C(c3cc4n(c3)[B-](F)(F)[N+]3=CC=CC3=C4c3c(C)cc(C)cc3C)C(C)=[N+]2[B-](F)(F)n2c(C)ccc21,C1CCCCC1,652.0
11360,CC1(C)CCc2c(c3ccccc3c3nc4c(nc23)c2c(c3ccccc34)OC(C)(C)CC2)O1,C1COCCO1,443.2624113
8218,CN(C)c1cc(C#N)c(N(C)C)c(C#N)c1,CCCCOCCCC,502.2601708
6685,Nc1ccc2c3cccc4cccc(c5cccc1c52)c43,CCOC(C)=O,555.0
3650,CCCCNc1ccc2c3c(cccc13)C(=O)N(c1ccc(O)cc1)C2=O,CN(C)C=O,520.0
10536,COc1nc(Nc2ccc3c4c(cccc24)C(=O)c2ccccc2-3)nc(OC)n1,O=C1CCCCC1,531.9148936
7379,c1ccc(-c2ccc(-c3ccccc3)cc2)cc1,C1COCCO1,342.0
10027,CNc1cccc2c1C(=O)c1ccccc1C2=O,CCOC(C)=O,600.0
900,Cc1cc(C)c(C2=[N+]3C(=Cc4c(C)cc(C)n4[B-]3(F)F)c3ccccc32)[nH]1,CO,622.0
12167,COc1ccc2c(c1)c1cc(OC)ccc1n2-c1nc2ccccc2nc1-n1c2ccc(OC)cc2c2cc(OC)ccc21,CCCCCC,521.2074303
1496,CC(C)C[Si](C#Cc1c2c(=O)c3ccccc3c2c(C#C[Si](CC(C)C)(CC(C)C)CC(C)C)c2c(=O)c3ccccc3c12)(CC(C)C)CC(C)C,ClC(Cl)Cl,567.0
12101,COc1cc2c(cc1/C=C(\C#N)c1nc3ccccc3s1)c1ccccc1n2C,CCOC(C)=O,493.0
8864,CCn1c2ccccc2c2cc(-c3cc(-c4ccc5c(c4)c4ccccc4n5CC)nc(OC)n3)ccc21,Cc1ccccc1,382.0
10131,COc1ccc(-c2nc(-c3ccc(-c4nc(-c5ccc(OC)cc5)c(-c5ccc(OC)cc5)[nH]4)s3)[nH]c2-c2ccc(OC)cc2)cc1,CC#N,451.5
7444,CN(C)c1ccc(/C=C/C(=O)c2ccc(Cl)cc2)cc1,ClC(Cl)Cl,522.0
92,C(/C=C/c1ccc(-n2c3ccccc3c3ccccc32)cc1)=C\c1ccncc1,C1COCCO1,436.0
5758,CCC[n+]1ccc(/C=C/c2ccc(N(C)C)cc2)cc1,CCO,576.0
10878,N#C/C(=C\c1ccncc1)c1nc(-c2ccccc2)cs1,CN(C)C=O,499.0
9947,CC1=N/C(=C\c2ccccc2N(C)C)C(=O)N1C,CC#N,536.0
7573,O=C(c1ccc(N(c2ccccc2)c2ccccc2)cc1)[C@H]1[C@H](c2ccccc2)C[C@](O)(c2ccccn2)C[C@]1(O)c1ccccn1,CC#N,523.0
2943,Cn1cccc1-c1ccc(C#N)cc1,C1CCOC1,383.0
4847,C=CCOC(=O)C(C#N)=C1C=C(/C=C/c2ccc(N(C)C)cc2)OC(/C=C/c2ccc(N(C)C)cc2)=C1,ClCCCl,614.0
5339,CCCCC(CC)Cn1c2cc(C#N)ccc2c2cc(-c3ccc(N(c4ccccc4)c4ccccc4)cc3)c(C#N)cc21,CCOCC,501.0
1766,COc1ccc(/C=C/C(=O)c2c(O)cc(C)oc2=O)cc1,ClCCl,487.0
11484,Fc1ccc(-c2nc3n(c2-c2ccncc2)CCS3)cc1,Cc1ccc(C)cc1,411.5
9241,O=c1c2ccccc2n2c3ccccc3c(=O)c3cc(-c4ccccc4)cc1c32,c1cc(-c2cccc(-n3c4ccccc4c4ccccc43)c2)cc(-n2c3ccccc3c3ccccc32)c1,472.0
2471,O=C([O-])c1c(Cl)c(Cl)c(Cl)c(Cl)c1-c1c2cc(I)c(=O)c(I)c-2oc2c(I)c([O-])c(I)cc12,CC(C)O,576.0
1084,CC1(C)c2ccccc2N(c2ccc3c(c2)c2cc(N4c5ccccc5C(C)(C)c5ccccc54)ccc2c2nc4ccccc4nc32)c2ccccc21,Cc1ccccc1,553.0
9863,C1=CC2=CC=CC3C=c4c(cc5cccc6cccc4c65)C(=C1)C23,ClCCl,574.0
8881,CCCCc1cc(C=O)c2ccc3c(CCCC)cc(N4CCCCC4)c4ccc1c2c34,CCCCCC,488.0
8177,COCCOCCOCCOc1ccc(OCCOCCOCCOC)c(C=O)c1,CCCCO,458.0
4075,CN(C)c1ccc2nc(-c3ccc(C(=O)Nc4ccccc4)cc3)sc2c1,CC#N,553.0
3210,c1ccc(-c2nc(-c3ccccc3)nc(-c3ccc(N4c5ccccc5C5(c6ccccc64)c4ccccc4N(c4ccc(-c6nc(-c7ccccc7)nc(-c7ccccc7)n6)cc4)c4ccccc45)cc3)n2)cc1,Cc1ccccc1,477.4373259
2585,COc1ccc(-c2c3ccccc3c(C#Cc3ccccc3)c3cc4cc(C)sc4cc23)cc1,ClCCl,504.0
10879,N#C/C(=C\c1ccncc1)c1nc(-c2ccccc2)cs1,CS(C)=O,510.0
6658,c1ccc2c(c1)-c1c(ccc3ccccc13)C21c2cc(-c3ccc4ccc5cccc6ccc3c4c56)ccc2-c2ccc(-c3ccc4ccc5cccc6ccc3c4c56)cc21,ClC(Cl)Cl,422.0
9675,N#C/C(=C\C=C\c1ccccc1)c1ccc([N+](=O)[O-])cc1,CO,557.0
3721,CC1(C)c2ccccc2N(c2ccc(-c3nnc(-c4ccccc4)o3)cc2)c2ccccc21,c1ccc(-n2c(-c3c(-n4c5ccccc5c5ccccc54)cccc3-n3c4ccccc4c4ccccc43)nc3ccccc32)cc1,455.0
2254,Cn1c(-c2ccc(-c3ccc(-c4ccc(-c5n(C)c6ccccc6[n+]5C)cc4)cc3)cc2)[n+](C)c2ccccc21,O,397.0
408,CCCCCCCCC1(CCCCCCCC)c2cc(-c3ccc(C(=O)OC)cc3)ccc2-c2ccc(-c3ccc(C(=O)OC)cc3)cc21,ClC(Cl)Cl,388.0
3559,CN(C)c1ccc(-c2nc3cnccc3[nH]2)cc1,CC#N,391.0
7971,Cc1ccc(O)c(C(=O)[O-])c1,CO,444.0
11973,N#C/C(=C\c1cc(/C=C(\C#N)c2ccc(C(F)(F)F)cc2)c(-c2ccc(N(c3ccccc3)c3ccccc3)cc2)cc1-c1ccc(N(c2ccccc2)c2ccccc2)cc1)c1ccc(C(F)(F)F)cc1,C1CCOC1,587.0
7930,CCN(CC)c1ccc(OC)c(C=O)c1,Cc1ccccc1,509.0
9767,c1cc(N2CCCC2)ccn1,ClC(Cl)Cl,313.0
3851,COc1ccc(-c2oc3cccc4c5c(-c6ccc(OC)cc6)c(=N)oc6cccc(c2c34)c65)cc1,ClC(Cl)Cl,505.0
3470,OC1(c2ccc(-c3cccs3)s2)CCCC1,OCCOCCO,418.0
6906,CN(C)c1ccc(/C=C/c2nc3ccc(N(C)C)cc3oc2=O)cc1,ClCCl,619.0
7960,Nc1ccccc1C(=O)O,C1COCCO1,395.0
8176,COCCOCCOCCOc1ccc(OCCOCCOCCOC)c(C=O)c1,CC(C)O,455.0
6862,COC(=O)c1[nH]c(-c2ccc(OC)cc2)c2nnc3ccc(OC)cc3c12,ClCCl,504.0
6508,CN(C)c1ccc(-c2nc3c(c4c2-c2ccc(C#N)cc2CC4)-c2ccc(C#N)cc2CC3)cc1,CCCCCC,444.0
10318,CN(c1ccccc1)c1ccc(-c2ccc(-c3ccc(N(C)c4ccccc4)cc3)c3nc(-c4ccccc4)c(-c4ccccc4)nc23)cc1,CN(C)C=O,661.0
8748,CC1=C(C(C)(C)C)C(C)=[N+]2C1=C(C)c1c(C)c(C(C)(C)C)c(C)n1[B-]2(F)F,OCC(F)(F)F,561.2
10839,CCN(CC)c1ccc(/C=N/C2CCCCC2/N=C/c2ccc(N(CC)CC)cc2O)c(O)c1,ClCCl,461.0
11766,O=C(O)C1CCCN1C(=O)c1ccc(C2CC(c3cccc4ccccc34)=NN2c2ccccc2)cc1,C1CCCCC1,482.0
4782,C=CCNc1ccc2ccc3oc4cc(=[N+](C)C)ccc-4nc3c2c1,ClCCl,620.0
5522,C(=C/c1ccc(-c2ccc(/C=C/c3ccc(-n4c5ccccc5c5ccccc54)cc3)s2)s1)\c1ccc(-n2c3ccccc3c3ccccc32)cc1,Cc1ccccc1,532.0
8403,N#Cc1nc2c3ccc(-c4ccc(N(c5ccccc5)c5ccccc5)cc4)cc3c3cc(-c4ccc(N(c5ccccc5)c5ccccc5)cc4)ccc3c2nc1C#N,CCCCCC,503.5443038
3038,CC(=O)O[B-]1(OC(C)=O)OC(/C=C/c2ccc(C)cc2)=CC(/C=C/c2ccc(C)cc2)=[O+]1,CC#N,493.0
8542,Cn1cc(/C=C/C(=O)c2ccccc2)c2ccccc21,CO,446.1884595
1351,CCOC(=O)COc1ccc(/C=C/c2c(CC)c(C)c3n2[B-](F)(F)[N+]2=C(c4[nH]c(C)c(CC)c4C)c4ccccc4C2=C3C)cc1,CC#N,707.0
3132,CCOC(=O)c1sc(SC)c2c(=O)[nH]nnc12,CO,499.0
10094,N#Cc1ccc(N(c2ccccc2)c2ccc3ccc4c(N(c5ccccc5)c5ccc(C#N)cc5)ccc5ccc2c3c54)cc1,ClCCl,454.0
5289,COc1cc(C2=C(c3ccc(C(C)(C)C)cc3)C(c3ccc(C(C)(C)C)cc3)=[N+]3C2=Nc2c(-c4cc(OC)c(OC)c(OC)c4)c(-c4ccc(C(C)(C)C)cc4)c(-c4ccc(C(C)(C)C)cc4)n2[B-]3(F)F)cc(OC)c1OC,Cc1ccccc1,726.0
11977,C/C(=N\Nc1ccc(C#N)cc1)c1ccccn1,CO,482.0
1669,CC(C)(C)c1ccc(C2=CC3=C(c4ccccc4)c4cc(-c5ccc(C(C)(C)C)cc5)c(-c5ccc(C(C)(C)C)cc5)n4[B-](F)(F)[N+]3=C2c2ccc(C(C)(C)C)cc2)cc1,CC#N,647.0
11869,NS(=O)(=O)c1ccc(N2N=C(c3ccc(O)cc3)CC2c2ccc(Cl)cc2)cc1,C1CCOC1,418.0
8290,N#Cc1cccc(C#N)c1N,CCO,391.0
9191,O=Cc1cc(C=O)c2ccc3c(N4CCCCC4)cc(N4CCCCC4)c4ccc1c2c43,CS(C)=O,609.0
4313,CN(C)c1ccc(C(=O)Nc2ccc(Cl)cc2)cc1,C1CCOC1,490.0
11503,CCOC(=O)c1c2c3c(ccc(OC)c3c3cc4ccccc4cc13)N(C)C2=O,CC#N,413.0
330,Cc1ccc(C2=C3C=CC(C#Cc4ccccc4)=[N+]3[B-](F)(F)n3c(C#Cc4ccccc4)ccc32)cc1,ClCCl,628.0
1346,CCc1c(C)[nH]c(C2=[N+]3C(=Cc4c(C)c(CC)c(/C=C/c5ccc(N(C)C)cc5)n4[B-]3(F)F)c3ccccc32)c1C,C1CCOC1,764.0
1650,COc1cc(C2=CC3=C(c4c(C)cc(C)cc4C)c4cc(-c5cc(OC)c(OC)c(OC)c5)c(-c5cc(OC)c(OC)c(OC)c5)n4[B-](F)(F)[N+]3=C2c2cc(OC)c(OC)c(OC)c2)cc(OC)c1OC,CC#N,628.0
9517,c1ccc2c(-c3c4ccccc4c(-c4ccc(-c5ccc(-n6c7ccccc7c7ccccc76)cc5)cc4)c4ccccc34)cccc2c1,ClCCl,420.0
4770,N#Cc1c(-c2cccs2)cc(-c2cccs2)[nH]c1=O,C1CCOC1,472.0
1091,c1ccc(N(c2ccccc2)c2ccc(-c3ccc4c(c3)C3(c5cc(-c6ccc(N(c7ccccc7)c7ccccc7)cc6)ccc5S4)c4ccccc4-c4ccccc43)cc2)cc1,Cc1ccccc1,398.7358916
73,O=c1ccc2cc3ccoc3cc2o1,CCO,460.0
7590,CC1(C)c2ccccc2N(c2ccccc2)c2ccc(-c3ccc(S(=O)(=O)c4ccc(-c5ccc6c(c5)C(C)(C)c5ccccc5N6c5ccccc5)cc4)cc3)cc21,O=P(c1ccccc1)(c1ccccc1)c1ccccc1Oc1ccccc1P(=O)(c1ccccc1)c1ccccc1,439.0
7317,Oc1ccccc1/C=N/c1cc2nc3ccccc3nc2cc1/N=C/c1ccccc1O,CC#N,501.0
5751,C[n+]1ccc(/C=C/c2ccc([O-])cc2)cc1,NC=O,577.0
7591,COc1ccc(-c2c3nc(cc4ccc([nH]4)c(-c4ccc(OC)c(OCC(=O)O)c4)c4nc(cc5ccc2[nH]5)CC4)CC3)cc1OCC(=O)O,CS(C)=O,738.0
9418,CC(C)(C)c1ccc2c(c1)c1cc(C(C)(C)C)ccc1n2-c1ccc2oc3nc4oc5ccc(C(F)(F)F)cc5c4cc3c2c1,C1CCCCC1,396.0
5003,CCCCCCn1c2cc(C=C(C#N)C#N)sc2c2sc3c(sc4c5sc(C=C(C#N)C#N)cc5n(CCCCCC)c43)c21,ClCCl,620.0
41,Oc1c(-c2ccco2)cccc1-c1nc2ccccc2s1,O,569.0
9370,c1ccc2c(-c3cc4c(ccc5sc(-c6cccc7ccccc67)cc54)s3)cccc2c1,ClCCl,423.0
11225,COc1cc2cc(-c3cc4cc(OC)c(OC)cc4oc3=O)oc2cc1OC,CC#N,493.0
5544,CCCCCCC(CCCCCC)N1C(=O)c2cccc3c(-c4ccc(OC)c5ccccc45)ccc(c23)C1=O,CCCCCCCCCCCO,532.4
12182,O=C1/C(=C2\Sc3ccc(S(=O)(=O)Nc4ccccc4)cc3C2=O)Sc2ccc(S(=O)(=O)Nc3ccccc3)cc21,C1COCCO1,588.0
318,COC(=O)C(NC(=O)OC(C)(C)C)c1ccc2oc(-c3ccc(OC(=O)c4ccccc4)cc3O)nc2c1,CC#N,471.0
8243,CN(C)c1ccc(/C=C/C(=O)O)cc1,Cc1ccccc1,413.0
2087,F[B-]1(F)n2ccnc2-c2cccc[n+]21,C1COCCO1,352.0
3599,CCCCn1c(-c2ccc(-c3nnc(-c4ccccc4)o3)cc2)nc2c3ccccc3c3ccccc3c21,ClCCl,446.0
9797,COc1ccc(-c2sc3c(-c4ccc(OC)cc4)c4n(c3c2-c2ccc(OC)cc2)[B-](F)(F)[N+]2=Cc3c(-c5ccc(OC)cc5)c5sc(-c6ccc(OC)cc6)c(-c6ccc(OC)cc6)c5n3[B-](F)(F)[N+]2=C4)cc1,CCCCCC,630.0
8821,CN(C)c1ccc(/C=C/c2cc(/C=C/c3ccc(N(C)C)cc3)nc(/C=C/c3ccc(N(c4ccccc4)c4ccccc4)cc3)n2)cc1,CS(C)=O,596.0
9730,CCCCCCc1cc(-c2ccc3c(c2)C2CCCC2N3c2ccc3c(c2)C(C)(C)c2ccccc2-3)sc1/C=C1\C(=O)c2ccc(C(=O)O)cc2C1=O,ClC(Cl)Cl,732.0
2685,CCN(CC)c1ccc2c(-c3ccc(S(=O)(=O)[O-])cc3S(=O)(=O)[O-])c3ccc(=[N+](CC)CC)cc-3oc2c1,O,588.0
1614,COC(=O)c1cc(=O)n(C)c2cc(-c3ccc(OC)cc3)sc12,ClCCl,472.0
7556,Cc1c(C)n2c(COC(=O)c3ccccc3O)c(C)c(=O)n2c1=O,CCO,465.0
2046,NNC(=O)c1ccc(/C=C/c2ccc(C(=O)NN)cc2)cc1,CN(C)C=O,395.0
1277,c1ccc2c(-n3c4ccccc4c4ccccc43)cccc2c1,ClC(Cl)Cl,395.0
2751,CCNc1cc2c(cc1C)C(c1ccccc1C(=O)O)=C1CCCC(/C=C/C3=[N+](C)c4ccc5ccccc5c4C3(C)C)=C1O2,ClC(Cl)Cl,748.0
8534,COC(=O)c1ccc(/C=C2\C=C(c3ccc([N+](=O)[O-])cc3)OC2=O)cc1,C1COCCO1,493.0
8677,CCC1=C(C)C2=Cc3cc(I)c(I)n3[B-](F)(F)[N+]2=C1C,CCOC(C)=O,551.5
5566,CCCCN1/C(=C\C=C\C=C\C2=[N+](CCCC)c3ccc4ccccc4c3C2(C)C)C(C)(C)c2c1ccc1ccccc21,CC#N,698.0
85,O=c1oc2ccc3ccccc3c2nc1-c1ccccc1,CO,476.0
1350,CCOC(=O)COc1ccc(/C=C/c2c(CC)c(C)c3n2[B-](F)(F)[N+]2=C(c4[nH]c(C)c(CC)c4C)c4ccccc4C2=C3C)cc1,C1CCOC1,709.0
6177,CN(C)c1ccc(/C=C2/N=C(c3ccccc3)OC2=O)cc1,ClCCl,526.0
1934,O=C1Nc2ccccc2/C1=C/C(=O)c1ccc(O)cc1,CO,408.0
2766,Cc1ccc(-c2ccc(/C=C/c3cccn3C)cn2)nc1,CCCCCC,436.0
1035,CC(C)(C)c1ccc2c(c1)sc1[n+]2[B-](F)(F)n2c(c3cccc4c(Br)ccc2c43)=C1C#N,Cc1ccccc1,563.0
9641,CN(C)c1ccc(/C=C/C=C/c2ccc(C#N)cc2)cc1,CCCC#N,579.0
6556,Cc1c(C)c(-c2cccnc2)c(C)c(C)c1B(c1c(C)c(C)c(-c2cccnc2)c(C)c1C)c1c(C)c(C)c(-c2cccnc2)c(C)c1C,ClCCl,403.0
3378,COc1ccc(C2=C3C=c4c(oc5cc6c(cc45)[C@H]4CC[C@]5(C)C(=O)CC[C@H]5[C@@H]4CC6)=[N+]3[B-](F)(F)n3c2cc2c4cc5c(cc4oc23)CC[C@@H]2[C@@H]5CC[C@]3(C)C(=O)CC[C@@H]23)cc1,CCOC(C)=O,615.0
2960,F[B-]1(F)n2cccc2C(c2ccc(-c3c4ccccc4c(-c4ccccc4)c4ccccc34)cc2)=C2C=CC=[N+]21,CCO,516.0
6330,CN1C(=CC2=C([O-])C(=Cc3oc4ccccc4[n+]3C)C2=O)C(C)(C)c2ccccc21,ClC(Cl)Cl,619.0
9228,CN(C)c1ccc(/C=C/C=C/c2nc3ccccc3s2)cc1,Cc1ccccc1,500.0
1692,Cc1cc(C)c(C2=C3C=C(c4ccccc4)C(c4ccccc4)=[N+]3[B-](F)(F)n3c2cc(-c2ccccc2)c3-c2ccccc2)c(C)c1,C1CCCCC1,624.0
11144,O=C(c1ccc2c3c(cccc13)-c1cccc3c1C2CC=C3)c1c(Cc2ccccc2)c2ccc3cccc4c5cccc6ccc1c(c65)c2c34,ClCCl,528.0
4984,CC(C)CCCCN1CCc2c1ccc1c3c(ccc21)C(=O)CCC3,ClCCl,472.0
9308,CCC1=C(C)C2=C(c3c(C)cc(C)nc3-c3cccs3)c3c(C)c(CC)c(C)n3[B-](F)(F)[N+]2=C1C,Cc1ccccc1,553.0
8758,CCC1=C(C)C2=C(C)c3c(C)c(CC)c(C)n3[B-](F)(F)[N+]2=C1C,C1CCCCC1,537.2
2310,C/C(=C\c1ccc(C)cc1)c1nc2ccccc2o1,C1CCCCC1,370.0
1355,Cc1ccc(N(c2ccc(C)cc2)c2ccc(Oc3nnc(Cl)nn3)cc2)cc1,ClCCl,550.0
6083,COC(=O)c1ccc(C#Cc2ccc(N(C)C)cc2)cc1,CCOC(C)=O,470.4996707
9714,COc1ccc(-c2oc3c(c2Br)=[N+]2C(=C(C(F)(F)F)c4cc5oc(-c6ccc(OC)cc6)c(Br)c5n4[B-]2(F)F)C=3)cc1,ClC(Cl)Cl,756.0
10388,c1ccc(N(c2ccccc2)c2ccc(-c3ccc4c(c3)C3(c5cc(-c6ccc(N(c7ccccc7)c7ccccc7)cc6)ccc5-4)c4ccccc4N(c4ccccc4)c4ccccc43)cc2)cc1,c1cc(-n2c3ccccc3c3ccccc32)cc(-n2c3ccccc3c3ccccc32)c1,432.0
4807,CC(C)c1cccc(C(C)C)c1-n1c(=O)c2cc3nc(-c4ccccc4)c4cc5c(=O)n(-c6c(C(C)C)cccc6C(C)C)c(=O)c6cc7c(-c8ccccc8)nc8cc(c1=O)c2c1c3c4c(c56)c7c81,ClC(Cl)Cl,488.0
1453,CCOC(=O)CSc1nc(-c2ccccc2)c(C)c(C#N)c1C#N,CCO,434.0
9244,CN(C)c1ccc(-c2ccc3c(=O)c(O)coc3c2)cc1,C1COCCO1,457.0
12171,CC1(C)Cc2c(c3ccccc3c3nc4c(nc23)c2c(c3ccccc34)OC(C)(C)C2)O1,C1COCCO1,462.1072089
898,Cc1cc(C)c(C2=[N+]3C(=Cc4c(C)cc(C)n4[B-]3(F)F)c3ccccc32)[nH]1,CC#N,624.0
8876,CCn1c2ccccc2c2cc(-c3cc(-c4ccc5c(c4)c4ccccc4n5CC)ncn3)ccc21,C1CCOC1,395.0
5829,CCOC(=O)C1=C(C(=O)OCC)C2(c3ccccc3-c3ccccc32)[C@@H](c2ccc(Cl)cc2)C=C2c3cc(OC)c(OC)cc3CCN21,ClCCl,445.0
958,CCn1c2ccccc2c2cccc(N(c3ccccc3)c3ccccc3)c21,ClCCl,423.0
4533,O=C(/C=C/c1cn(-c2ccccc2)nc1-c1ccccc1)c1c(O)c2ccccc2oc1=O,Cc1ccccc1,480.0
8672,CCC1=C(C)C2=Cc3c(I)c(I)cn3[B-](F)(F)[N+]2=C1C,CO,541.5
2633,Cc1cc(O)c(-c2[nH]c(=O)n3c2-c2ccccc2C3=O)cc1Cl,CO,496.0
465,c1ccc2c(-c3cc(-c4nccs4)nc(-c4nccs4)c3)cccc2c1,ClC(Cl)Cl,377.0
3817,N#Cc1nc2c3ccc(-n4c5ccccc5c5ccccc54)cc3c3cc(-n4c5ccccc5c5ccccc54)ccc3c2nc1C#N,ClC(Cl)Cl,612.693683
3011,Nc1ncnc2c1c(C#Cc1ccc3ccccc3c1)cn2[C@H]1C[C@H](O)[C@@H](CO)O1,ClC(Cl)Cl,374.0
5613,CCCN1c2ccccc2Sc2cc(/C=C\c3cc(=O)oc4ccccc34)ccc21,ClC(Cl)Cl,618.0
6952,O=c1c2ccc(N3CCCCC3)cc2oc2cc(N3CCCCC3)ccc12,CO,448.1509434
4467,C=CC1CN2CCC1CC2[C@@H](OCc1ccccc1)c1ccnc2ccc(O)cc12,Cc1ccccc1,355.0
868,CCc1c(C)[nH]c(C2=[N+]3C(=Cc4c(C)cc(C)n4[B-]3(F)F)c3ccccc32)c1C,CC#N,632.0
7946,Cc1ccc(C)cc1,C1CCCCC1,292.0560748
3088,CN(C)c1ccc(/C=C/c2nc3c4ccccc4c4ccccc4c3[nH]2)cc1,CC#N,476.0
10759,CCOC(=O)c1c2c3c(ccc(Br)c3c3cc4c(cc13)[Si](C)(C)O[Si]4(C)C)N(C)C2=O,CC#N,412.0
3773,c1ccc2cc(-n3cnc4ccccc43)ccc2c1,C1CCCCC1,374.0
10437,COC(=O)c1cc(=O)n(C)c2cc(-c3cc4c5c(c3)CCCN5CCC4)sc12,CC#N,511.0
5909,Nc1ccc2cc3ccccc3cc2c1,C1CCCCC1,488.997555
7467,O=c1c2cc(Cl)ccc2nc2n1[B-](F)(F)[n+]1ccccc1-2,CC#N,439.0
8326,CCn1c2ccc(/C=C/c3ccc4c(c3)c3cc(-c5nc6ccccc6s5)ccc3n4CC)cc2c2cc(-c3nc4ccccc4s3)ccc21,CC#N,491.0
1688,COc1ccc(C2=CC3=C(c4c(C)cc(C)cc4C)c4cc(-c5ccc(OC)cc5)c(-c5ccc(OC)cc5)n4[B-](F)(F)[N+]3=C2c2ccc(OC)cc2)cc1,C1CCOC1,674.0
11930,Cc1ccc(N(c2ccc(C)cc2)c2ccc(-c3ccc(C=C(C#N)C#N)s3)cc2)cc1,ClC(Cl)Cl,670.0
6119,COc1ccc(C#Cc2ccc(C#N)cc2)cc1OC,CC#N,451.0
7706,CCOC(=O)c1cc(C(=O)OCC)c2cc(N(CC)CC)ccc2n1,CCO,561.0
4335,CN(C)c1ccc(C(=O)Nc2ccccc2)cc1,CCOCC,494.0
2002,Cc1ccccc1/C(C#N)=C/c1ccc(N(C)C)cc1,CCCCCC,431.0
11256,O=c1oc2ccccc2cc1-c1cc2ccccc2o1,Cc1ccccc1,431.0
3461,CC1(C)c2ccccc2-c2cc3c4ccccc4n(-c4ccc(-c5nc(-c6ccccc6)nc(-c6ccccc6)n5)cc4)c3cc21,C1CCOC1,505.686901
4279,CC(C)(C)C1Nc2ccccc2C(=O)N1c1ccccc1,CCCCCCCCCCCCCCCC,388.0
7510,CN(C)c1ccc(/C=C/c2cc[n+](CCCCCCCCCCCC[n+]3ccc(/C=C/c4ccc(N(C)C)cc4)cc3)cc2)cc1,CO,597.0006686
5271,COC(=O)c1c2ccccc2nc2ccccc12,CCCCO,431.0
9542,COCCOCCOCCOCC(COCCOCCOCCOC)Oc1cc(/C=C/c2ccc(/C=C(\C#N)C(=O)c3ccccc3)cc2)c(OC(COCCOCCOCCOC)COCCOCCOCCOC)cc1/C=C/c1ccc(/C=C(\C#N)C(=O)c2ccccc2)cc1,ClCCl,621.0
12174,CC1(C)Cc2c(c3ccccc3c3nc4c(nc23)c2c(c3ccccc34)OC(C)(C)C2)O1,CCCCCC,454.1326067
8309,CCN(CC)c1ccc(OC)c(C=O)c1,CO,645.0
9936,CC1=N/C(=C\c2ccc(N(C)C)cc2)C(=O)N1C,CC#N,483.0
10553,O=C1c2ccccc2C2=Cc3ccc4ccccc4[n+]3[B-](F)(F)N12,CCO,465.0
5331,CCC1(CC)c2cc(-c3ccc(N(c4ccc(-c5ccc6c(c5)C(CC)(CC)c5cc(N7c8ccccc8C(C)(C)c8ccccc87)ccc5-6)cc4)c4ccc(-c5ccc6c(c5)C(CC)(CC)c5cc(N7c8ccccc8C(C)(C)c8ccccc87)ccc5-6)cc4)cc3)ccc2-c2ccc(N3c4ccccc4C(C)(C)c4ccccc43)cc21,ClC(Cl)Cl,431.0
9857,CC(C)(C)OC(=O)COc1ccc2c(c1)oc(=O)c1c(=O)oc3ccccc3c12,CS(C)=O,449.0
1111,CCc1ccc(/C=N/c2cc(C(C)C)c(O)cc2C)cc1,OCCO,429.0
11874,NS(=O)(=O)c1ccc(N2N=C(c3ccc(O)cc3)CC2c2ccc(F)cc2)cc1,CC(C)O,423.0
7524,Nc1ccc(/C=C/c2ccc3ccccc3c2)cc1,CC#N,450.0
7702,CCOC(=O)c1cc(C(=O)OCC)c2c(C)ccc(O)c2n1,CCO,528.0
5873,CC(C)[Si]1(C(C)C)c2cc(N(C)C)ccc2-c2ccc(C(F)(F)F)cc21,CCOCC,410.0
11024,O=C(O)c1cc2c(ccc3ccccc32)oc1=O,C1COCCO1,428.0
9839,Cc1cc(=O)cc(-c2ccc(-c3nc4ccccn4c3NC3CCCCC3)cc2)o1,ClCCl,500.0
2021,COc1cc(/C=C/c2ccccc2)cc(OC)c1,CC#N,390.0
12194,Cc1cc(-n2c3ccccc3c3cc(C#N)ccc32)ccc1-c1ccc(S(=O)(=O)c2ccccc2)cc1C,Cc1ccccc1,352.0
5362,N#CC1=CC(/C=C/c2ccccc2)=CC(C#N)=P1(c1ccccc1)c1ccccc1,ClC(Cl)Cl,581.0
1347,CCc1c(C)[nH]c(C2=[N+]3C(=Cc4c(C)c(CC)c(/C=C/c5ccc(N(C)C)cc5)n4[B-]3(F)F)c3ccccc32)c1C,CC#N,805.0
8541,Cn1cc(/C=C/C(=O)c2ccccc2)c2ccccc21,CC#N,419.3223928
4189,CN(C)c1ccc(C=C2Cc3ccccc3C2=O)cc1,Cc1ccccc1,467.0
6211,c1ccc(-n2c3ccccc3c3ccccc32)cc1,CCO,344.0
1665,CC(C)(C)c1ccc(C2=C(Br)C3=C(c4ccccc4)c4c(Br)c(-c5ccc(C(C)(C)C)cc5)c(-c5ccc(C(C)(C)C)cc5)n4[B-](F)(F)[N+]3=C2c2ccc(C(C)(C)C)cc2)cc1,Cc1ccccc1,618.0
12040,CC[N+](CC)=c1ccc2c(-c3ccccc3C(=O)O)c3oc4cc(N)ccc4c3oc-2c1,ClCCl,617.0
1219,COc1ccc(-c2cc(-c3ccc(C)cc3)c(C#N)c(OC)n2)cc1,CCCCCC,375.0
9012,N#Cc1cc2ccccc2[nH]1,CO,335.0
5852,O=c1c2cc(F)c(N3CCCCC3)cc2sc2cc(N3CCCCC3)c(F)cc12,CCO,487.0
10575,CCCCCCc1ccc2c(/C=N/c3ccc(/N=C/c4c(O)ccc5cc(CCCCCC)ccc45)cc3)c(O)ccc2c1,C1CCOC1,542.0
2984,CCN(CC)c1ccc([N+]2=Cc3ccc4c5c(ccc4c3O[B-]2(c2ccccc2)c2ccccc2)C=[N+](c2ccc(N(CC)CC)cc2)[B-](c2ccccc2)(c2ccccc2)O5)cc1,ClCCl,644.0
6249,CN(C)c1ccc2cc3c(cc2c1)OCCN=C3,C1CCOC1,425.0
4091,CCCCC1(CCCC)c2cc(C#Cc3ccc4ccc5cccc6ccc3c4c56)ccc2-c2ccc(N(c3ccccc3)c3ccccc3)cc21,C1CCCCC1,436.0
11541,c1ccc2nc3cccc(-c4ccc(-n5c6ccccc6c6ccccc65)cc4)c3cc2c1,CCCCCC,434.0
7202,CCCCCCCCN1c2ccc(C#Cc3ccc(F)cc3)cc2Sc2cc(C=O)ccc21,C1CCOC1,513.0
8421,N#CC1=C(c2ccc(-c3cccs3)s2)CC1,c1ccncc1,456.0
3130,CCOC(=O)c1sc(SC)c2c(=O)[nH]nnc12,CCO,492.0
2701,CCCCOC(=O)c1ccccc1-c1c2ccc(=[N+](CC)CC)cc-2oc2cc(N(CC)CC)ccc12,CN(C)C=O,588.0
4447,COc1cc(/C=C/c2nc3ccccc3s2)c(OC)cc1/C=C/c1ccncc1,C1CCOC1,473.0
7169,Cc1ccc(C)c(C2=C3C=CC(=[N+](C)C)C=C3[Si](C)(C)c3cc(N(C)C)ccc32)c1,O,660.0
1530,Oc1ccccc1/N=C/c1ccccc1Oc1ccccc1,N#Cc1ccccc1,410.0
3931,COc1ccc(-c2pc3ccccc3s2)cc1,CC#N,445.0
543,CN(C)c1ccc(/C=C/c2cc[n+](CCCCC[n+]3ccc(/C=C/c4ccc(N(C)C)cc4)cc3)cc2)cc1,c1ccncc1,596.0008344
9486,Oc1c(-c2nc3c4ccc(-c5ccccc5)cc4c4cc(-c5ccccc5)ccc4c3[nH]2)ccc2c1c1ccccc1n2-c1ccccc1,ClCCl,495.0
9635,N#Cc1cc(-c2ccccc2)c(N2c3ccccc3Oc3ccccc32)c(-c2ccccc2)c1,C1CCCCC1,455.0
3425,Oc1c(-c2nc3c4ccc(-c5ccccc5)cc4c4cc(-c5ccccc5)ccc4c3[nH]2)cc2c3c1CCCN3CCC2,ClCCl,485.0
3669,CC(C)(C)c1ccc(-c2nc3c4ccc(-c5c6ccccc6cc6ccccc56)cc4c4cc(-c5c6ccccc6cc6ccccc56)ccc4c3n2-c2ccc(C(C)(C)C)cc2)cc1,CCN(CC)CC,421.0
5128,CC1=CC(/C=C/c2ccc(OCCCN=[N+]=[N-])cc2)=[N+]2C1=C(c1ccc(N(C)C)cc1)c1c(C)cc(C)n1[B-]2(F)F,CO,586.0
10593,Cc1cccn2c1cc1c3ccccc3nc(-c3ccc(Cl)o3)c12,CS(C)=O,508.5
3025,COc1ccc(/C=C/C2=CC(/C=C/c3ccc(OC)cc3)=[O+][B-](F)(F)O2)cc1,CC(C)=O,534.0
7529,Cc1c(-c2ccc(N3c4ccccc4C(C)(C)c4ccccc43)cc2)ncnc1-c1ccc(N2c3ccccc3C(C)(C)c3ccccc32)cc1,O=P(c1ccccc1)(c1ccccc1)c1ccccc1Oc1ccccc1P(=O)(c1ccccc1)c1ccccc1,481.0
2588,CSc1ccc2c(c1)N(CCCN1CCN(C)CN1C)c1ccccc1S2,CC#N,455.0
9246,CN(C)c1ccc(-c2ccc3c(=O)c(O)coc3c2)cc1,CCCCCCC,393.0
11371,O=Cc1cc2c(cc3ccc4cccc5ccc2c3c45)[nH]1,CCOC(C)=O,438.0
11373,COC(=O)c1cc2c(cc3ccc4cccc5ccc2c3c45)[nH]1,C1CCOC1,404.0
7518,CSc1sc(C(=O)c2ccccc2)c2nn[nH]c(=O)c12,CN(C)C=O,492.0
11153,COc1c2ccccc2c(OC)c2c1c1ccccc1n2C,CC#N,423.0
8485,CN(C)c1ccc(/C=C/C=C2\CC/C(=C\c3ccc(N(C)C)cc3)C2=O)cc1,Clc1ccccc1Cl,608.0
733,N#Cc1ccc(-c2ccc(C3=CCCCC3)s2)s1,c1ccncc1,448.0
4890,N#Cc1nc2cnc(N)nc2n1Cc1ccccc1,C1COCCO1,381.0
3488,COC(=O)c1c(C(=O)OC)c2ccc(-c3ccccc3)nn2c1C,CCCCCC,471.0
5820,COc1cc2c(cc1OC)C1=C[C@H](c3ccc(C)cc3)C3(C(C#N)=C(C#N)N1CC2)c1cc(Br)ccc1-c1ccc(Br)cc13,ClCCl,405.0
7748,O=S1(=O)C2=C(c3ccc(-c4ccc(N(c5ccccc5)c5ccccc5)cc4)cc31)C1(C3=C(c4ccccc41)S(=O)(=O)c1cc(-c4ccc(N(c5ccccc5)c5ccccc5)cc4)ccc13)c1ccccc12,C1CCOC1,599.0
6876,CCC1(CC)c2ccccc2-c2ccc(C#Cc3ccc4ccc5cccc6ccc3c4c56)cc21,CCOC(C)=O,406.0
2498,COc1ccc2c(c1)c1c(c3cc(OC)ccc32)=[N+]2C(=C(c3c(C)cc(C)cc3C)c3cc4c5cc(OC)ccc5c5ccc(OC)cc5c4n3[B-]2(F)F)C=1,C1CCOC1,713.0
1433,CC1(C)c2ccccc2N(c2ccc3c(ccc4nc5ccc6cc(N7c8ccccc8C(C)(C)c8ccccc87)ccc6c5nc43)c2)c2ccccc21,Cc1ccccc1,552.0
2678,CCN(CC)c1ccc2c(-c3ccc(S(=O)(=O)O)cc3S(=O)(=O)[O-])c3ccc(=[N+](CC)CC)cc-3oc2c1,CC#N,575.0
11027,O=C(O)c1cc2c(ccc3ccccc32)oc1=O,CCO,429.0
5277,COC(=O)c1c2ccccc2nc2ccccc12,ClCCl,422.0
3016,CC(=O)c1ccc2cc(C#Cc3cn([C@H]4C[C@H](O)[C@@H](CO)O4)c4ncnc(N)c34)ccc2c1,ClC(Cl)Cl,445.0
12226,N#Cc1nc(N(Cc2ccc(F)cc2)Cc2ccc(F)cc2)c(C#N)nc1N(Cc1ccc(F)cc1)Cc1ccc(F)cc1,ClC(Cl)Cl,577.0
1623,COC(=O)c1cc(=O)n(C)c2cc(-c3ccccc3OC)sc12,CC#N,468.0
9980,CCC(CC)COC1=CC2=C3c4cc(OCC(CC)CC)c(-c5cccs5)n4[B-](F)(F)[n+]4c3n(c3cc(C(C)(C)C)ccc34)[B-](F)(F)[N+]2=C1c1cccs1,C1CCOC1,809.0
6769,Cc1cc(C(F)(F)F)nc2c1ccc1nc(-c3ccc(F)c(F)c3)cn12,CC#N,460.0
10694,CCOc1cc2c(cc1/C=C/C(=C(C#N)C#N)c1ccccc1)c1ccccc1n2CC,CN(C)C=O,573.0
10887,N#C/C(=C\c1ccc(C#N)cc1)c1nc(-c2ccc(Cl)cc2)c(-c2ccccc2)s1,CC#N,522.0
12155,CN(C)c1ccc2nc(-c3ccc(C(=O)OC[C@H](NC(=O)OC(C)(C)C)C(=O)OCc4ccccc4)cc3)sc2c1,c1ccccc1,484.0
1953,c1ccc(Nc2ncnc3ccc(-c4ccccc4)cc23)cc1,ClC(Cl)Cl,502.0
8371,COC(=O)C(Cc1ccc2oc(-c3ccc4c(c3)c3ccccc3n4-c3ccccc3)nc2c1)NC(=O)OC(C)(C)C,CC(C)CC(C)(C)C,372.9951511
5466,F[B-]1(F)n2c(c3ccccc3c2-c2ccccc2)C=C2c3ccccc3C(c3ccccc3)=[N+]21,ClCCl,658.0
3860,N=c1oc2cccc3c4c(-c5ccccc5)oc5cccc(c(c1-c1ccccc1)c23)c54,ClC(Cl)Cl,488.0
11645,CCN(CC)c1ccc2ccc(=O)oc2c1,CCCO,442.0
3290,Cc1ccc(Nc2ccc(Nc3ccc(C)cc3)c3c2C(=O)c2ccccc2C3=O)cc1,c1ccccc1,684.0
902,Cc1cc(C)c(C2=[N+]3C(=Cc4c(C)cc(C)n4[B-]3(F)F)c3ccccc32)[nH]1,ClCCl,631.0
11902,COc1cccc(-c2c3ccccc3c3n2[B-](F)(F)[N+]2=Cc4c5ccccc5c(-c5cccc(OC)c5)n4[B-](F)(F)[N+]2=C3)c1,CCCCCC,598.0
5598,CCCCC(CC)CN1C(=O)c2cccc3c(C#Cc4ccc(N(c5ccccc5)c5ccccc5)cc4)ccc(c23)C1=O,CC#N,547.0
12127,CCCCCCC(CCCCCC)N1C(=O)c2cccc3c(-c4ccc([Si](C)(C)C)cc4)ccc(c23)C1=O,CCCCCC,406.7
8536,N#Cc1ccc(/C=C2\C=C(c3ccccc3)OC2=O)cc1,C1COCCO1,494.0
493,CN(C)c1ccc(C=C/C=C/C=C/c2ccc(C#N)cc2)cc1,CCCCOCCCC,541.0
4417,CC(C)(C)c1ccc2c(c1)[nH]c1c3[nH]c4cc(C(C)(C)C)ccc4c3c3nsnc3c21,ClCCl,502.0
6631,CC1(C)CC(=O)c2c(F)c(C(F)(F)F)c(F)c(F)c2N1,CCO,453.0
1617,COC(=O)c1cc(=O)n(C)c2cc(-c3cccc(OC)c3)sc12,CC#N,463.0
2036,COc1ccc(/C=C/c2ccccc2)cc1,CC(C)O,365.0
2127,c1ccc(-c2ccc(-c3ccc4c(c3)CCCO4)cc2)cc1,C1CCCCC1,359.0
5763,CCC[n+]1ccc(/C=C/c2ccc(N(C)C)cc2)cc1,c1ccccc1,552.0
3473,CCOC(=O)c1c(-c2cc3cc4c(cc3oc2=O)OC(C)(C)CC4)nn(-c2cccc(C)c2)c1C(=O)OCC,ClCCl,428.0
2357,CC(C)(C)c1ccc(-c2nc3c4ccc(-c5ccccc5)cc4c4cc(-c5ccccc5)ccc4c3n2-c2ccc(C(C)(C)C)cc2)cc1,CC#N,391.0
150,O=C1OC(c2ccccc2)=N/C1=C\c1ccc(N(c2ccc(/C=C3\N=C(c4ccccc4)OC3=O)cc2)c2ccc(/C=C3/N=C(c4ccccc4)OC3=O)cc2)cc1,CC(C)=O,619.8
8406,N#Cc1nc2c3ccc(-c4ccc(N(c5ccccc5)c5ccccc5)cc4)cc3c3cc(-c4ccc(N(c5ccccc5)c5ccccc5)cc4)ccc3c2nc1C#N,O=P(c1ccccc1)(c1ccccc1)c1cccc(-c2cc(-n3c4ccccc4c4ccccc43)cc(-n3c4ccccc4c4ccccc43)c2)n1,628.0
4403,COc1ccc2c(c1)[nH]c1c3[nH]c4cc(OC)ccc4c3c3nsnc3c21,CN(C)C=O,544.0
11728,CCC12C(=C3C(=C4c5ccc(-c6ccc(C)s6)cc5S(=O)(=O)C41CC)C(F)(F)C(F)(F)C3(F)F)c1ccc(-c3ccc(C)s3)cc1S2(=O)=O,ClCCl,599.7802198
2968,CCC1=C(C)C2=C(c3ccc(-c4c5ccccc5c(-c5ccccc5)c5ccccc45)cc3)c3c(C)c(CC)c(C)n3[B-](F)(F)[N+]2=C1C,Cc1ccccc1,539.0
11739,CN(CC(O)c1cccc(O)c1)c1ccc([N+](=O)[O-])c(C2CC(c3cccc4ccccc34)=NN2c2ccccc2)c1,O,518.0
8696,CNC1=C2C=CC=[N+]2[B-](F)(F)n2cccc21,CO,440.0
1430,CC1(C)c2ccccc2N(c2ccc3c(ccc4nc5ccc6cc(N7c8ccccc8C(C)(C)c8ccccc87)ccc6c5nc43)c2)c2ccccc21,ClCCl,699.0
7372,CCN(CC)c1ccc2cc(-c3nc4cc(C(=O)Nc5ccccc5[N+](=O)[O-])ccc4o3)c(=O)oc2c1,ClCCl,498.0
4710,CC(C)[Si](C#Cc1ccc(C#C[Si](C(C)C)(C(C)C)C(C)C)c2nc3cc4c(cc3nc12)[C@H]1c2ccccc2[C@@H]4c2ccccc21)(C(C)C)C(C)C,CCCCCC,455.0
11907,COc1ccc(-c2c3ccccc3c3n2[B-](F)(F)[N+]2=Cc4c5ccccc5c(-c5ccc(OC)cc5)n4[B-](F)(F)[N+]2=C3)cc1,CCCCCC,607.0
1935,O=C1Nc2ccccc2/C1=C/C(=O)c1ccc(O)cc1,ClCCl,400.0
4829,CCc1c(C)c2n(c1C)[B-](F)(F)[N+]1=C(NCc3ccc(OC)cc3)C=CC1=C2C,CCCCCC,554.0
708,CC1CC=C(c2ccc(-c3ccc(C#N)s3)s2)CC1,OCCOCCO,451.0
4253,CN(C)c1ccc(/C=C/c2ccc(-c3ccc(/C=C/c4ccc(N(C)C)cc4)s3)s2)cc1,C1CCOC1,535.0
10710,CC1(C)c2ccccc2N(c2ccc(-c3cnc(C#N)nc3)cc2)c2ccccc21,Cc1ccccc1,524.0
2483,Cc1cc(C)c(C2=C3C=c4c(c5ccccc5c5ccccc45)=[N+]3[B-](F)(F)n3c2cc2c4ccccc4c4ccccc4c23)c(C)c1,C1CCCCC1,688.0
6552,CC[N+]1=C(/C=C/C=C/C=C/C=C2/N(CCCCCC(=O)O)c3ccc(S(=O)(=O)[O-])cc3C2(C)C)C(C)(C)c2cc(S(=O)(=O)[O-])ccc21,CO,773.0
2531,FC(F)(F)C(F)(F)C(F)(F)C1=NC2=C(c3ccccc3)C=C3c4cc(-c5ccccc5)c5nc(C(F)(F)C(F)(F)C(F)(F)F)nc6c(-c7ccccc7)cc(c4c56)=C4C=C(c5ccccc5)C(=N1)C2C34,C1CCOC1,527.0
1491,Fc1nc(F)c(F)c(C#Cc2nccnc2C#Cc2c(F)c(F)nc(F)c2F)c1F,CC#N,440.0
7369,CCN(CC)c1ccc2cc(-c3nc4cc(C(=O)Nc5cccc(OC)c5)ccc4o3)c(=O)oc2c1,ClCCl,494.0
1090,c1ccc(N(c2ccccc2)c2ccc(-c3ccc4c(c3)C3(c5cc(-c6ccc(N(c7ccccc7)c7ccccc7)cc6)ccc5S4)c4ccccc4-c4ccccc43)cc2)cc1,CN(C)C=O,421.1286682
35,Oc1c(-c2ccco2)cccc1-c1nc2ccccc2s1,ClCCl,577.0
11347,O=C1c2ccccc2C(=O)c2cc(-c3ccc(N(c4ccccc4)c4ccccc4)cc3)ccc21,ClC(Cl)(Cl)Cl,588.0
3578,COC(=O)/C(C#N)=c1/cc/c(=c2/cc/c(=C(\C#N)C(=O)OC)s2)s1,Cc1ccccc1,601.0
4096,CCCCC1(CCCC)c2cc(C#Cc3ccc4ccc5cccc6ccc3c4c56)ccc2-c2ccc(N(c3ccccc3)c3ccccc3)cc21,Cc1ccccc1,449.0
9995,CCCCNc1ccc(NCCCC)c2c1C(=O)c1ccccc1C2=O,CN(C)C=O,664.0
2564,O=S(=O)(O)c1cccc2cccc(Nc3ccccc3)c12,CCCCO,477.0
5893,CN(C)c1c2ccccc2cc2ccccc12,C1CCOC1,392.0
4706,CCCN1/C(=C/C=C(/C=C/C2=[N+](CCC)c3ccccc3C2(C)C)c2cc[n+](C)cc2)C(C)(C)c2ccccc21,O,658.0
4387,CCn1c(-c2ccc(-c3ccc4c(c3)C3(c5ccccc5-c5ccccc53)c3ccccc3-4)cc2)c(-c2ccc3ccccc3c2)c(-c2ccc3ccccc3c2)c1-c1ccc(-c2ccc3c(c2)C2(c4ccccc4-c4ccccc42)c2ccccc2-3)cc1,CCOC(C)=O,441.0
428,C[C@@]12SC(Cl)=CC1=c1nc(-c3ccc(Cl)cc3)[nH]c1=C1C=C(Cl)S[C@]12C,CC#N,449.0
11849,Cc1ccc(C2CC(c3ccc(O)cc3)=NN2c2ccc(S(N)(=O)=O)cc2)cc1,C1CCOC1,417.0
10556,F[B-]1(F)n2c(c3ccccc3c2-c2ccccc2)C(c2ccccc2)=C2c3ccccc3C(c3ccccc3)=[N+]21,ClCCl,664.0
3349,O=C([O-])c1cc(N2C(=O)C=CC2=O)ccc1-c1c2cc(F)c(=O)cc-2oc2cc([O-])c(F)cc12,O,520.0
6671,Cc1cc(=O)oc2cc3c4ccccc4c4ccccc4c3cc12,Cc1ccccc1,410.0
3002,N#Cc1ccc2cc(C#Cc3cn([C@H]4C[C@H](O)[C@@H](CO)O4)c4ncnc(N)c34)ccc2c1,CC#N,494.0
5358,O=P1(c2ccccc2)C(c2cc(C(F)(F)F)cc(C(F)(F)F)c2)=Cc2c3ccc4cccc5ccc(c6cc(-c7ccc(N(c8ccccc8)c8ccccc8)cc7)n1c26)c3c45,C1CCOC1,620.0
5843,Cc1cc(C)c(B(c2cc3c4c(c(B(c5c(C)cc(C)cc5C)c5c(C)cc(C)cc5C)cc5c4c2CCC5)CCC3)c2c(C)cc(C)cc2C)c(C)c1,CCCCCC,456.0
11790,CN(C)c1ccc(-c2ccc(-c3cc(N4CCCCC4)c(C#N)c4c3-c3ccccc3CC4)s2)cc1,CN(C)C=O,590.0
5354,O=P1(c2ccccc2)C(c2cc(C(F)(F)F)cc(C(F)(F)F)c2)=Cc2c3ccc4cccc5ccc(c6cc(-c7ccc(N(c8ccccc8)c8ccccc8)cc7)n1c26)c3c45,Cc1ccccc1,586.0
11079,F[B-]1(F)n2c(Cl)ccc2C(c2c(Cl)cccc2Cl)=C2C=CC(NCc3ccccc3)=[N+]21,CCCCCC,538.0
9222,CN(C)c1ccc(/C=C/C=C/c2nc3ccccc3s2)cc1,CCCCCC,478.0
2128,CC1=C(/C=C/c2ccccc2)C(C)=[N+]2C1=C(c1ccccc1)c1c(C)c(/C=C/c3ccccc3)c(C)n1[B-]2(F)F,ClC(Cl)Cl,633.0
9314,N#CC(C#N)=C(c1ccc(N(c2ccccc2)c2ccccc2)cc1)c1ccc(N(c2ccccc2)c2ccccc2)cc1,Cc1ccccc1,439.4849785
8005,Cc1cccc(C)c1,C1CCCCC1,291.5451895
2848,CC(=O)Nc1ccc(S(=O)(=O)O)c(/N=N/c2c(O)c3ccccc3n(C)c2=O)c1,O,549.0
10448,Cn1nc(-c2ccccc2)c2n[nH]nc2/c1=N\c1ccccn1,CCO,419.0
704,CC1CC=C(c2ccc(-c3ccc(C#N)s3)s2)CC1,C1CCOC1,443.0
6143,COc1ccc(-c2ccc3c(c2)c2cc(-c4ccc(OC)cc4)ccc2n3-c2ccc(C(=O)c3ccc4sc5ccccc5c4c3)cn2)cc1,Cc1ccccc1,479.2270531
6532,O=[N+]([O-])c1ccc(-c2nc3c(c4c2-c2ccccc2CC4)-c2ccccc2CC3)cc1,ClCCl,540.0
7711,CCOC(=O)c1cc(C(=O)OCC)c2cc(OC)ccc2n1,CCO,441.0
9171,c1ccc(-c2oc(-c3ccccc3)c3ccccc23)cc1,C1CCCCC1,448.0
9603,Cn1c(=O)c(/N=N/c2ccc(Nc3ccc([N+](=O)[O-])cc3S(=O)(=O)O)cc2)c(O)c2ccccc21,Cc1ccccc1,605.0
5664,CCCCCCCCCCCCN1C(=O)c2c(c3ccc4cc(-c5ccccc5)c(OC)cc4c3c3c2ccc2cc(-c4ccccc4)c(OC)cc23)C1=O,ClCCl,526.0
608,CCN(CC)c1ccc(/C=N/Nc2ccc(C#N)cc2)c(O)c1,ClC(Cl)Cl,410.0
2157,CCCCCCc1ccc2c(/C=N/c3cc(/N=C/c4c(O)ccc5cc(CCCCCC)ccc45)cc(/N=C/c4c(O)ccc5cc(CCCCCC)ccc45)c3)c(O)ccc2c1,C1CCOC1,509.0
4879,COC(=O)c1nc2c(N)nc(N(C)C)nc2n1Cc1ccccc1,CO,436.0
2210,CC(C)(C)NC(=O)c1cccc2ccc3c4ccc(Cl)cc4c4cc(Cl)ccc4c3c12,ClCCl,415.0
11422,CCn1c2ccccc2c2cc(/C=C3\C(=O)c4ccccc4S3(=O)=O)ccc21,CC(C)=O,544.0
3034,COc1ccc(/C=C/C2=CC(/C=C/c3ccc(OC)cc3)=[O+][B-](OC(C)=O)(OC(C)=O)O2)cc1,Cc1ccccc1,510.0
2879,Cc1nc(-c2ccccc2)c2ccccn12,C1CCCCC1,475.0
5888,CC(C)[Si]1(C(C)C)c2cc(C#N)ccc2-c2ccc(N(C)C)cc21,CCOCC,423.0
5066,O=C1/C(=C2\Sc3ccccc3C2=O)Sc2ccccc21,CO,624.0
1593,O=S1(=O)c2ccc(-n3c4ccccc4c4ccccc43)cc2-c2cc(-n3c4ccccc4c4ccccc43)ccc21,Cc1ccccc1,424.0
8424,O=CC1=C(c2ccc(-c3cccs3)s2)CC1,CCCCCC,464.0
9069,CC1(C)c2cccc(-c3nc(-c4ccccc4)nc(-c4ccccc4)n3)c2Oc2c(-n3c4ccccc4c4ccccc43)cccc21,CC(C)=O,469.0
758,C[Si](C)(C)c1ccc(-c2ccc(-c3ccc(-c4ccc(-c5ccc([Si](C)(C)C)cc5)s4)c4nsnc34)s2)cc1,C1CCOC1,620.0
6051,CN(C)c1ccc(C#Cc2ccc(C=O)cc2)cc1,CS(C)=O,578.5028347
3592,CN(C)CCCN1c2ccccc2Sc2ccc(Cl)cc21,CC#N,451.0
5333,CC(C)(C)c1ccc2c(c1)c1cc(C(C)(C)C)ccc1n2-c1cccc(C(=O)c2cccc(-n3c4ccc(C(C)(C)C)cc4c4cc(C(C)(C)C)ccc43)n2)n1,Cc1ccccc1,381.6425121
7051,CC(C)(C)c1cc2ccc3cc(C(C)(C)C)cc4c(N(c5ccccc5)c5ccccc5)cc(c1)c2c34,CCCCCC,415.0
12165,CC(C)(C)c1ccc2c(c1)c1cc(C(C)(C)C)ccc1n2-c1nc2ccccc2nc1-n1c2ccc(C(C)(C)C)cc2c2cc(C(C)(C)C)ccc21,Cc1ccccc1,527.0
6329,C[n+]1cc2ccc3c[n+](C)c4ccccc4c3c2c2ccccc21,CC#N,504.0
6921,c1ccc2c(-n3cnc4ccccc43)cccc2c1,C1CCOC1,359.0
7631,Cc1cc(C)c(B(c2ccc(-n3c4ccccc4c4ccccc43)cc2)c2c(C)cc(C)cc2C)c(C)c1,Cc1ccccc1,403.5
399,CC1(C)c2ccccc2N(c2ccc3c(c2)c2ccccc2n2c4ccccc4nc32)c2ccccc21,Cc1ccccc1,437.0
930,CC1=C2c3ccccc3C(c3[nH]c(C)cc3C)=[N+]2[B-](F)(F)n2c(C)cc(C)c21,CO,622.0
9272,O=c1c2ccccc2n2c3ccc(-c4ccccc4)cc3c(=O)c3cccc1c32,CCOC(C)=O,470.0
542,CN(C)c1ccc(/C=C/c2cc[n+](CCCCC[n+]3ccc(/C=C/c4ccc(N(C)C)cc4)cc3)cc2)cc1,O,597.0006686
10084,CCCC1=Cc2nc1ccc1[nH]c(cc1CCC)c1nc(c(OCc3ccc(C(=O)O)cc3)cc3[nH]c2cc3CCC)C(CCC)=C1,Cc1ccccc1,685.0
8271,N#Cc1ccc(C[C@H](N)C(=O)O)cc1,O=CO,294.1629687
3540,CCCCCCC(CCCCCC)n1c(=O)c2c3ccc4cccc5c6cccc7ccc(c2c1=O)c(c76)c3c45,CC#N,527.0
11530,c1ccc(Nc2nc(Nc3ccccc3)nc(Nc3ccc4c5cccc6cccc(c7cccc3c74)c65)n2)cc1,CC#N,492.0
1418,COc1cc(/C=C2/SC(=O)NC2=O)ccc1O,CO,424.0
4345,CC(=O)c1ccc(NC(=O)c2ccc(N(C)C)cc2)cc1,C1CCOC1,468.0
1989,C1=Cc2nc1c(-c1ccco1)c1ccc([nH]1)c(-c1ccco1)c1nc(c(-c3ccco3)c3ccc(s3)c2-c2ccco2)C=C1,ClCCl,729.0
5937,COc1cc(/C=C/c2cc[n+](Cc3ccc(Br)cc3)cc2)ccc1O,CC(C)O,559.0
5090,Oc1cc2c(cc1-c1nc3c4ccccc4c4ccccc4c3[nH]1)c1ccccc1n2-c1ccccc1,CCCCCC,505.0
4885,COC(=O)c1nc2cnc(N)nc2n1Cc1ccccc1,C1COCCO1,386.0
2055,CN(C)c1ccc(/C=C/c2ccc([N+](=O)[O-])c(O)c2)cc1,C1COCCO1,633.0
11616,Nc1ccc2c(C(F)(F)F)cc(=O)oc2c1,CCCCCCCCO,480.0
367,CN(C)c1ccc(-c2ccc(-c3ccc(N(C)C)cc3)c3nc(-c4ccccc4)c(-c4ccccc4)nc23)cc1,CCCCCC,538.0
1393,Cc1csc2[n+]1[B-](F)(F)OC(c1ccc(N(C)C)cc1)=N2,ClCCl,453.0
9815,CCN1c2ccc(/C=C(\C#N)c3ccccc3)cc2Sc2cc(/C=C(\C#N)c3ccccc3)ccc21,Cc1ccccc1,562.0
4702,CC1(C)c2ccccc2N(c2ccc(-c3ccc4c(c3)C(=O)c3ccc(-c5ccc(N6c7ccccc7C(C)(C)c7ccccc76)cc5)cc3C4=O)cc2)c2ccccc21,Cc1ccccc1,609.0
4442,CCCCC(CC)CN1C(=O)c2cccc3c(C#Cc4ccc(N(c5ccccc5)c5ccc(C#Cc6ccc7c8c(cccc68)C(=O)N(CC(CC)CCCC)C7=O)cc5)cc4)ccc(c23)C1=O,Cc1ccccc1,514.0
4194,CC[N+](CC)=c1ccc2c(-c3ccccc3C(=O)O)c3c(=O)oc4c5c6c(cc4c3oc-2c1)CCCN6CCC5,O,684.0
4429,F[B-]1(F)OC(c2ccccc2)=Nc2sc(-c3ccccc3)n[n+]21,CCOC(C)=O,411.0
10507,CCn1c2ccccc2c2cc(C#Cc3cc(C#Cc4ccc5c(c4)c4ccccc4n5CC)ncn3)ccc21,C1CCOC1,451.0
11771,O=C(O)C1CCCN1C(=O)c1ccc(C2CC(c3cccc4ccccc34)=NN2c2ccccc2)cc1,CO,492.0
7441,CN(C)c1ccc(/C=C/C(=O)c2ccc(Cl)cc2)cc1,CN(C)C=O,542.0
63,CCC12C(=C3C(=C4c5ccc(-c6ccc(CO)cc6)cc5S(=O)(=O)C41CC)C(F)(F)C(F)(F)C3(F)F)c1ccc(-c3ccc(CO)cc3)cc1S2(=O)=O,C1COCCO1,538.5654886
4374,N#Cc1ccc(C#Cc2ccc3ccc4ccc(C#Cc5ccc(C#N)cc5)c5ccc2c3c45)cc1,CCO,445.5
3312,CC1=CC(C)=[N+]2C1=C(c1ccccc1)c1c(C)cc(/C=C/c3ccc(O)cc3)n1[B-]2(F)F,O,590.0
134,CC1(C)C(/C=C/c2cc3ccc(O)cc3oc2=O)=[N+](CCCS(=O)(=O)[O-])c2ccc(S(=O)(=O)O)cc21,CS(C)=O,604.0
5412,COCCC1=Cc2nc1ccc1[nH]c(cc1CCOC)c1nc(c(O)cc3[nH]c2cc3CCOC)C(CCOC)=C1,Cc1ccccc1,688.0
11317,CCOC(=O)c1sc2nc(C)c(CC)c(C#N)c2c1N,c1ccccc1,541.0
10976,Cc1cc(C)c2c(c1)c1cc(C)cc(C)c1n2-c1ccc2c(c1)B(c1c(C(C)C)cc(C(C)C)cc1C(C)C)c1cc(-n3c4c(C)cc(C)cc4c4cc(C)cc(C)c43)ccc1N2c1ccccc1,ClCCl,453.4013605
10042,Nc1ccc2c(-c3ccccc3C(=O)[O-])c3ccc(=[NH2+])cc-3oc2c1,CCO,525.0
2344,Cn1ccc(=O)n(C)c1=O,CC#N,308.0
3526,COc1cc2sc3nc(-c4ccccc4OC)sc3c2cc1OC,CS(C)=O,438.0
5353,O=P1(c2ccccc2)C(c2cc(C(F)(F)F)cc(C(F)(F)F)c2)=Cc2c3ccc4cccc5ccc(c6cc(-c7ccc(N(c8ccccc8)c8ccccc8)cc7)n1c26)c3c45,CO,636.0
4084,O=c1c2cc(-n3c4ccccc4c4ccccc43)ccc2sc2ccc(-n3c4ccccc4c4ccccc43)cc12,ClC(Cl)Cl,493.5
5942,COc1cc(/C=C/c2cc[n+](Cc3ccc(Br)cc3)cc2)ccc1O,CO,566.0
10310,CN(C)c1ccc(/C=C/c2cc[n+](CCC[n+]3ccc(/C=C/c4ccc(N(C)C)cc4)cc3)cc2)cc1,CS(C)=O,610.001586
696,CN1/C(=C/C=C(/C=C/c2sc3ccccc3[n+]2C)c2cccc(C(F)(F)F)c2)Sc2ccccc21,CCO,665.0
427,COc1ccc(-c2cc3c(ccc4sc5ccc6sccc6c5c43)s2)cc1,ClCCl,409.0
7663,CN(C)c1ccc(C2=Cc3cccc[n+]3[B-](F)(F)O2)cc1,CC1CCCCC1,447.0
1579,c1ccc(-c2nc(-c3c[nH]c4ccccc34)n3ccccc23)cc1,CC#N,506.0
6742,C(=C/c1cnccn1)\c1ccc(N(c2ccccc2)c2ccccc2)cc1,C1CCOC1,487.0
7719,CCOC(=O)c1cc(C(=O)OCC)c2ccccc2n1,CCO,420.0
3447,CN1/C(=C/C=C(/C=C/C2=[N+](C)c3ccccc3C2(C)C)c2ccccc2)C(C)(C)c2ccccc21,O,661.0
8102,COC(=O)c1cc(OC)ccc1OC,CO,391.0
8985,CN(C)c1ccc(/C=C/C=C/c2ccncc2)cc1,C1COCCO1,488.0
2351,N#Cc1c(-n2c3ccc(Br)cc3c3cc(Br)ccc32)c(C#N)c(-n2c3ccc(Br)cc3c3cc(Br)ccc32)c(-n2c3ccc(Br)cc3c3cc(Br)ccc32)c1-n1c2ccc(Br)cc2c2cc(Br)ccc21,Cc1ccccc1,521.0
10056,CC1(C)C(/C=C/C2=C(Cl)/C(=C/C=C3/N(Cc4ccc(C(=O)O)cc4)c4ccccc4C3(C)C)CCC2)=[N+](Cc2ccc(C(=O)O)cc2)c2ccccc21,CO,814.0
4816,Cc1cc(-c2ccccc2C)cc(C)[o+]1,ClCCl,469.0
3126,CSc1sc(C(N)=O)c2nnn(C)c(=O)c12,CO,521.0
676,Cc1cc2ccc(-c3cccc4cccc(-c5ccc6cc(C)c(=O)oc6c5)c34)cc2oc1=O,C1COCCO1,399.0
4498,N#Cc1nn(-c2cc(F)cc(F)c2)nc1N1CCCC1,CC#N,435.0
10944,CS(=O)(=O)c1ccc(-c2cc3ccc(N)cc3c(=O)o2)cc1,CCCCCCCCO,461.0
8513,CSc1cc(-c2cc3cc4c5c(c3oc2=O)CCCN5CCC4)oc(=O)c1C#N,CC#N,603.0
7163,COc1ccc(C2=C3C=CC(=[N+](C)C)C=C3[Si](C)(C)c3cc(N(C)C)ccc32)c(OC)c1,O,663.0
8031,CCCCC(CC)COC(=O)/C=C/c1ccc(OC)c(OC)c1OC,CO,462.0
5153,c1cc2c3c(c1)ccc1[n+]3[B-]3(Oc4cccc5ccc6[n+](c45)[B-](O2)(O3)n2c-6cc3c4ccccc4c4ccccc4c32)n2c-1cc1c3ccccc3c3ccccc3c12,ClCCl,568.0
6743,C(=C/c1cnccn1)\c1ccc(N(c2ccccc2)c2ccccc2)cc1,CC#N,535.0
6453,F[B-]1(F)n2cccc2C(c2ccccc2)=C2C=CC(N3CCOCC3)=[N+]21,CCCCCC,548.0
6440,CCCn1c2cccc3oc4cccc5c4[c+](c32)c2c1cccc2n5CCC,CC#N,590.0
6436,CC1=CC(C)=[N+]2C1=C(c1ccc(I)cc1)c1c(C)cc(C)n1[B-]2(Oc1ccc([N+](=O)[O-])cc1)Oc1ccc([N+](=O)[O-])cc1,ClC(Cl)Cl,516.5027751
8452,c1ccc(-c2cc(-c3ccc(N(c4ccccc4)c4ccccc4)cc3)cc(-c3ccccc3)n2)cc1,CCO,505.0
9673,N#C/C(=C\C=C\c1ccccc1)c1ccc([N+](=O)[O-])cc1,CCCCCCC,456.0
9775,Cn1c(=O)c(/N=N/c2ccc(/N=N/c3ccc(S(=O)(=O)O)cc3)cc2)c(O)c2ccccc21,C1CCOC1,537.0
9157,CCCCCCCCCCCCNc1cccc2[n+]1[B-](F)(F)n1c(c3cccc4cccc1c43)=N2,C1CCOC1,523.0
12204,C(=C/c1nc(-c2ccccc2)c2ccccn12)\c1nc(-c2ccccc2)c2ccccn12,CC#N,491.0
6746,C(=C/c1cnccn1)\c1ccc(N(c2ccccc2)c2ccccc2)cc1,ClCCl,543.0
7919,O=C(/C=C(\O)c1ccc(N2c3ccccc3Oc3ccccc32)cc1)c1ccc(N2c3ccccc3Oc3ccccc32)cc1,c1ccc2c(c1)c1ccccc1n2-c1ccc(-c2ccc(-n3c4ccccc4c4ccccc43)cc2)cc1,550.3184713
2487,Cc1cc(C)c(C2=C3C=c4c(c5ccccc5c5ccccc45)=[N+]3[B-](F)(F)n3c2cc2c4ccccc4c4ccccc4c23)c(C)c1,ClCCl,692.5
10983,COc1ccc(/C=C/C2=[O+][B-](F)(F)OC(/C=C/c3ccc(OC)c4ccccc34)=C2c2ccccc2)c2ccccc12,CC#N,649.0
11289,COC1=C/C(=C\C=C2C=CN(Cc3ccc(Br)cc3)C=C2)C=CC1=O,CCCCO,640.0
2452,CC1=[N+]2C(=C(/C=C/c3ccc(C(F)(F)F)cc3)c3ccc(C)n3[B-]2(F)F)C=C1c1cc2n(c1)[B-](F)(F)[N+]1=CC=CC1=C2c1c(C)cc(C)cc1C,CCOC(C)=O,710.0
740,C[n+]1ccc(/C=C/c2ccc(N(c3ccccc3)c3ccc(/C=C/c4cc[n+](C)cc4)cc3)cc2)cc1,OCC(O)CO,649.0
0,COc1ccc(-c2c3ccccc3c(-c3ccc(OC)cc3)c3cc4sc(C)cc4cc23)cc1,ClCCl,469.0
5743,C[n+]1ccc(/C=C/c2ccc([O-])cc2)cc1,CC(C)=O,610.0
8978,CC(C)[Si](C#Cc1c2cc3ccccc3cc2c(C#Cc2ccc(Br)cc2)c2cc3ccccc3cc12)(C(C)C)C(C)C,ClCCl,663.0
4786,COc1ccc(N2c3sc4ccccc4c3Sc3sc4ccccc4c32)cc1,ClCCl,562.0
9343,O=Cc1c(O)c(-c2nc3ccccc3s2)cc2ccccc12,ClCCl,505.0
10219,c1cc2c3c(cccc3c1)C(N1CCOCCNCCOCCOCC1)=N2,CC#N,589.0
9782,Cc1ccc(N(c2ccc(C)cc2)c2ccc(-c3cc4c(cc(-c5ccc(N(c6ccc(C)cc6)c6ccc(C)cc6)cc5)c5nsnc54)c4nsnc34)cc2)cc1,ClCCl,683.0
3679,Cc1cc(=O)oc2c3c4c(cc12)CCCN4CCC3,CCO,473.0
8422,O=CC1=C(c2ccc(-c3cccs3)s2)CC1,C1CCOC1,470.0
8919,Oc1c(-c2nc3c4ccccc4c4ccccc4c3[nH]2)cc2c3c1CCCN3CCC2,CO,465.0
6714,COC(=O)c1ccc2c3ccc(C(=O)OC)c4c(C(=O)OC)ccc(c5ccc(C(=O)OC)c1c25)c43,C1COCCO1,480.0
5270,COC(=O)c1c2ccccc2nc2ccccc12,CCCCCO,432.0
10517,CC1(CCCCC(=O)NCCCCCCO)C(/C=C/C=C/C=C2/N(CCCS(=O)(=O)[O-])c3ccc(S(=O)(=O)[O-])cc3C2(C)C)=[N+](CCCS(=O)(=O)[O-])c2ccc(S(=O)(=O)[O-])cc21,O,672.0
8136,COCCOCCOCCOCCOc1cc(C=O)c(OCCOCCOCCOCCOC)cc1C=O,CNC=O,451.0
11896,CC(C)(C)c1ccc(-c2c3ccccc3c3n2[B-](F)(F)[N+]2=Cc4c5ccccc5c(-c5ccc(C(C)(C)C)cc5)n4[B-](F)(F)[N+]2=C3)cc1,CC#N,601.0
5363,CCCCC(CC)Cn1c2ccccc2c2ccc(-c3ccc4c(c3)S(=O)(=O)c3cc(-c5ccc6c7ccccc7n(CC(CC)CCCC)c6c5)ccc3-4)cc21,Cc1ccccc1,420.0
7063,O=C1OC(c2ccccc2)=N/C1=C\c1ccc(N(c2ccccc2)c2ccccc2)cc1,CCCCCCC,488.0
7740,c1ccc(-c2nc(-c3ccccc3)nc(-n3c4ccccc4c4cc(-n5c6ccccc6c6ccccc65)ccc43)n2)cc1,C1CCOC1,535.4267311
5228,CC1(C)CC(/N=C/c2ccc3ccc4cccc5ccc2c3c45)CC(C)(C)N1,CO,405.0
6755,CCC1(CC)c2cc(-c3ccc4c(c3)C(CC)(CC)c3cc(C(C)(C)C)ccc3-4)ccc2-c2ccc(-c3ccc4c(c3)C(CC)(CC)c3cc(C(C)(C)C)ccc3-4)cc21,CO,385.5932203
4549,N#CC(C#N)=C(c1cccc(N(c2ccccc2)c2ccccc2)c1)c1cccc(N(c2ccccc2)c2ccccc2)c1,Cc1ccccc1,442.9184549
7278,CC1=[N+]2C(=C(c3ccc(N4CCCCC4)cc3)c3ccc(C)n3[B-]2(F)F)C=C1,CC(C)=O,517.0
7371,CCN(CC)c1ccc2cc(-c3nc4cc(C(=O)Nc5ccccc5Cl)ccc4o3)c(=O)oc2c1,ClCCl,496.0
9864,Cn1c(=O)cc(C(=O)c2ccccc2)c2sc(-c3ccc(N(c4ccccc4)c4ccccc4)cc3)cc21,CC#N,504.0
12053,CN(C)c1ccc(/C=C2\CCCC2=O)cc1,CCOC(C)=O,448.0
9731,CC1(C)c2ccccc2-c2ccc(N3c4ccc(-c5ccc(/C=C6\C(=O)c7ccc(C(=O)O)cc7C6=O)s5)cc4C4CCCC43)cc21,ClC(Cl)Cl,741.0
4028,CCOC(=O)c1c(-c2c(Cl)c3ccccc3oc2=O)nn(-c2ccc(Br)cc2)c1C(=O)OCC,ClCCl,406.0
5015,Cc1ccccc1C1=C2C=c3c(oc4ccccc34)=[N+]2[B-](F)(F)n2c1cc1c3ccccc3oc12,C1CCCCC1,595.5
7708,CCOC(=O)c1cc(C(=O)OCC)c2cc(NC(=O)C(F)(F)F)ccc2n1,CCO,436.0
7625,COc1cc(OC)cc(-c2nnc(-c3cc(-c4nnc(-c5cc(OC)cc(OC)c5)o4)cc(-c4nnc(-c5cc(OC)cc(OC)c5)o4)c3)o2)c1,CC#N,447.0
11619,CCN(CC)c1ccc2cc(/C=C/C(O)=C/C(C)=O)c(=O)oc2c1,CC#N,542.0
216,COc1ccc(/C=C/c2nc(/C=C/c3ccc(N(C)C)cc3)cc(/C=C/c3ccc(N(C)C)cc3)n2)cc1,CC#N,581.0
6286,COC(=O)C(NC(=O)CCNc1cccc2ccccc12)c1ccccc1,CCO,415.0
3033,COc1ccc(/C=C/C2=CC(/C=C/c3ccc(OC)cc3)=[O+][B-](OC(C)=O)(OC(C)=O)O2)cc1,CS(C)=O,548.0
9261,Cc1cc(-c2c3ccccc3c(-c3ccc4ccccc4c3)c3ccccc23)c(C)cc1-c1ccc(N(c2ccccc2)c2ccccc2)cc1,ClC(Cl)Cl,420.0
7087,O=C1c2ccccc2-c2ccc(N3CCN(c4ccccc4)CC3)c3cccc1c23,CS(C)=O,613.0
921,Cc1ccc(C2=[N+]3C(=Cc4ccc(C)n4[B-]3(F)F)c3ccccc32)[nH]1,C1CCOC1,621.0
866,CCc1c(C)[nH]c(C2=[N+]3C(=Cc4c(C)c(CC)c(C)n4[B-]3(F)F)c3ccccc32)c1C,ClCCl,650.0
6934,CCCCC1(c2ccc(OC)cc2)Nc2ccccc2N=C1c1ccc(OC)cc1,CCCCCC,485.0
8614,CCC1=C(C)C2=C(C)c3c(C)c(CC)c(C)n3[B-](F)(F)[N+]2=C1C,ClCCl,534.0
17,c1ccc2c(-c3ccc(-c4nnc(-c5ccc(-c6nnc(-c7ccc(-c8cccc9ccccc89)s7)o6)cc5)o4)s3)cccc2c1,CC#N,458.0
8375,COC(=O)C(Cc1ccc2oc(-c3ccc4c(c3)c3ccccc3n4-c3ccccc3)nc2c1)NC(=O)OC(C)(C)C,CC(O)CO,396.4949843
7346,O=C(N/N=C/c1ccccc1O)c1ccccc1,ClCCl,392.0
4502,c1ccc(-n2c3c(c4c2-c2ccccc2C42c4ccccc4-c4ccccc42)C2(c4ccccc4-c4ccccc42)c2ccccc2-3)cc1,C1CCOC1,408.0
10586,CCN(CC)c1ccc2cc(-c3cn4ccccc4n3)c(=O)oc2c1,Cc1ccccc1,469.0
6740,Oc1ccc(C2=N[N+]3=Cc4c(ccc5ccccc45)O[B-]3(c3ccc([B-]45OC(c6ccc(O)cc6)=N[N+]4=Cc4c(ccc6ccccc46)O5)cc3)O2)cc1,C1CCOC1,477.0
7586,Cc1cc(C)nc(N)n1,CCO,337.0
3601,CC(C)(C)c1ccc2oc3nc4oc5cc(-n6c7ccccc7c7ccccc76)ccc5c4cc3c2c1,ClC(Cl)Cl,396.0
10707,COc1cc2c(cc1/C=C/C(=C(C#N)C#N)c1ccccc1)c1ccccc1n2C,ClC(Cl)Cl,554.0
3295,c1ccc(/C(=C(\c2ccccc2)c2ccccc2-c2ccc(-c3ccccc3)cc2)c2ccccc2-c2ccc(-c3ccccc3)cc2)cc1,C1CCOC1,492.0
10008,CCNc1ccc(NCC)c2c1C(=O)c1ccccc1C2=O,CN(C)C=O,680.0
3448,Cc1c(C)n2c(COC(=O)CNC(=O)OC(C)(C)C)c(C)c(=O)n2c1=O,CCO,459.0
1783,Cc1cc(O)c(C(=O)/C=C/c2ccccc2O)c(=O)o1,CC#N,510.0
5822,COc1cc2c(cc1OC)C1=C[C@H](c3ccc(C)cc3)C3(C(C#N)=C(C#N)N1CC2)c1ccccc1-c1ccccc13,ClCCl,403.0
6479,COc1ccc(-c2nc3c(c4c2-c2ccccc2CC4)-c2ccccc2CC3)cc1,CO,428.0
4401,CCn1c2ccccc2c2c3nsnc3c3c4ccccc4n(CC)c3c21,Cc1ccccc1,470.0
5323,Cc1ccc(-c2ccc3ccc4cc(C(C)(C)C)cc5ccc2c3c45)cc1,ClCCl,384.0
795,Cc1cc(-c2ccc(-c3ccccc3)cc2)cc(C)[o+]1,ClCCl,501.0
3204,COc1ccc2nc(N)n[n+]([O-])c2c1,O,547.0
11398,C[N+]1=C(/C=C/C=C2/N(CCCS(=O)(=O)[O-])c3ccccc3C2(C)C)C(C)(C)c2ccccc21,CS(C)=O,565.0
4398,O=Cc1cc(N2CCCCC2)c2ccc3c(N4CCCCC4)cc(N4CCCCC4)c4ccc1c2c43,Cc1ccccc1,554.0
6568,COc1c(/C=N/Nc2ccc(C#N)cc2)ccc2ccccc12,CC#N,458.0
9969,c1ccc2c(c1)ccc1c3ccccc3ccc21,ClCCl,366.0
5262,O=C(O)c1c2ccccc2nc2ccccc12,CCCO,422.0
11936,F[B-]1(F)n2c(Nc3cccc4cccnc34)ccc2C(c2ccccc2)=C2C=CC(Cl)=[N+]21,CC#N,580.0
6885,COc1cc(OC)cc(C2=[O+][B-](F)(F)OC(c3ccc4cc(OC)ccc4c3)=C2)c1,CCCCCC,430.9526775
6176,CN(C)c1ccc(/C=C2/N=C(c3ccccc3)OC2=O)cc1,ClC(Cl)Cl,518.0
532,c1ccc2c(c1)[nH]c1ncccc12,CC#N,351.0
2470,O=C([O-])c1c(Cl)c(Cl)c(Cl)c(Cl)c1-c1c2cc(Cl)c(=O)c(Cl)c-2oc2c(Cl)c(O)c(Cl)cc12,O,553.0
5196,CC1=C(c2cccs2)C(C)=[N+]2C1=C(c1ccc(OS(=O)(=O)c3ccc([N+](=O)[O-])cc3[N+](=O)[O-])cc1)c1c(C)c(-c3cccs3)c(C)n1[B-]2(F)F,CO,609.0
1697,CC(=O)Nc1ccccc1C(=O)OC1CC(C)CCC1C(C)C,C1CCCCC1,363.0
4064,O=C1/C(=C\c2ccc(N(c3ccccc3)c3ccccc3)cc2)S(=O)(=O)c2ccccc21,ClC(Cl)Cl,626.0
8374,COC(=O)C(Cc1ccc2oc(-c3ccc4c(c3)c3ccccc3n4-c3ccccc3)nc2c1)NC(=O)OC(C)(C)C,CC(C)OC(C)C,384.4970778
11601,CC(=O)c1c(N[C@H](C(=O)O)C(C)C)c2ccc(N(C)C)cc2oc1=O,ClCCl,446.0
11241,O=c1oc2ccc(Cl)cc2cc1-c1cc2cc(Cl)ccc2o1,CS(C)=O,488.0
7290,CC1=[N+]2C(=C(c3ccc(N4CCCCC4)cc3)c3ccc(C)n3[B-]2(F)F)C=C1,Cc1ccccc1,593.0
10545,O=C1c2ccccc2-c2ccc(Nc3nc(Cl)nc(Cl)n3)c3cccc1c23,Clc1ccccc1,514.9330587
683,CCCN1/C(=C/C=C(/C=C/c2sc3ccccc3[n+]2CCC)c2ccc([N+](=O)[O-])cc2)Sc2ccccc21,O,669.0
4874,COC(=O)c1nc2c(N(C)C)nc(N)nc2n1Cc1ccccc1,CC#N,399.0
2802,CCCCCCCCOc1ccc(C#Cc2ccc(C#Cc3ccc(OCCCCCCCC)c(OCCCCCCCC)c3)c3nc4c5ccccc5c5ccccc5c4nc23)cc1OCCCCCCCC,Cc1ccccc1,541.0
2444,CN(C)c1ccc(/C=C/c2nc(/C=C/c3ccc(N(C)C)cc3)c3ccccc3n2)cc1,C1CCOC1,540.0
577,COc1ccc(C2=C(Br)C(c3ccccc3)=[N+]3C2=Nc2c(-c4ccc(OC)cc4)c(Br)c(-c4ccccc4)n2[B-]3(F)F)cc1,Cc1ccccc1,691.0
11385,CC1(C)CCc2c(c3ccccc3c3nc4c5c(c6ccccc6c4nc23)OC(C)(C)CC5)O1,CO,478.9272031
5528,CS(=O)(=O)Nc1ccc(-c2c3nc(c(-c4ccc(NS(C)(=O)=O)cc4)c4ccc([nH]4)c(-c4ccc(NS(C)(=O)=O)cc4)c4nc(c(-c5ccc(NS(C)(=O)=O)cc5)c5ccc2[nH]5)C=C4)C=C3)cc1,CN(C)C=O,655.0
9231,CN(C)c1ccc(/C=C/C=C/c2nc3ccccc3s2)cc1,ClCCl,533.0
8294,N#Cc1cccc(N)c1,CCCCCC,339.8660986
3344,Cn1c2ccccc2[c+](-c2ccccc2)c2cc([N+](=O)[O-])ccc21,CS(C)=O,473.98
11015,c1cnc(-c2c3ccccc3c(-c3ncccn3)c3ccccc23)nc1,ClCCl,439.0
7732,CCOC(=O)C1=C(C)NC2=C(C(=O)c3ccccc32)C1c1ccc(N(C)C)cc1,ClC(Cl)Cl,532.0
5027,O=Cc1ccc(C2=C3C=c4c(oc5ccccc45)=[N+]3[B-](F)(F)n3c2cc2c4ccccc4oc23)cc1,Cc1ccccc1,620.5
761,C(=C/c1cc[n+]2ccc(/C=C/c3ccsc3)cc2c1)\c1ccsc1,CO,529.0
8008,C=Cc1ccc(OC)c(OC)c1,C1CCCCC1,331.0
5609,CCCN1c2ccccc2Sc2cc(/C=C\c3cc(=O)oc4cc(C)ccc34)ccc21,ClC(Cl)Cl,631.0
796,COc1ccc(-c2nc(C)cc(-c3ccc(-n4c5ccccc5c5ccccc54)cc3)n2)cc1,ClC(Cl)Cl,421.0
7131,CCOC(=O)COc1ccccc1C(c1c(C)[nH]c2ccccc12)c1c(C)[nH]c2ccccc12,O,350.0
6577,CCCCC1(c2ccccc2)Nc2c(-c3ccc(N(C)c4ccccc4)cc3)ccc(-c3ccc(N(C)c4ccccc4)cc3)c2N=C1c1ccccc1,C1CCOC1,580.0
6075,COC(=O)c1ccc(C#Cc2ccc(N(C)C)cc2)cc1,C1COCCO1,450.0045
4639,C(=C/c1cnc2ccccc2n1)\c1ccc(N2CCCCC2)cc1,CC#N,617.0
6854,c1ccc(N(c2ccccc2)c2ccccc2)cc1,CCO,353.0
10376,O=C(N/N=C/c1ccccc1O)c1cc2ccccc2cc1O,CS(C)=O,557.0
10226,CC1(C)Cc2c(c3ccccc3c3nc4c5c(c6ccccc6c4nc23)OC(C)(C)C5)O1,CCCCCC,489.4762604
3898,COc1ccc2c(c1)c1cc(OC)ccc1n2-c1cccc(-n2c3ccc(OC)cc3c3cc(OC)ccc32)c1C#N,Cc1ccccc1,460.0
2874,COc1ccc(C#Cc2ccc(C#Cc3ccc(P(=O)(c4ccc(C#Cc5ccc(C#Cc6ccc(OC)cc6)cc5)cc4)c4ccc(C#Cc5ccc(C#Cc6ccc(OC)cc6)cc5)cc4)cc3)cc2)cc1,CS(C)=O,443.0
5916,C[Si](C)(C)[Si](C)(C)c1ccc2cc3ccccc3cc2c1,CC#N,412.0
8200,COCCOc1cc(C=O)c(OCCOC)cc1C=O,CC(C)CO,479.0
12256,CC1(C)C(/C=C/C=C/c2cc3ccc(O)cc3oc2=O)=[N+](CCCS(=O)(=O)[O-])c2ccccc21,CS(C)=O,653.0
10420,CN(C)CCCN1c2ccccc2CCc2ccc(Cl)cc21,CC#N,348.0
2057,CN(C)c1ccc(/C=C/c2ccc([N+](=O)[O-])c(O)c2)cc1,Cc1ccccc1,605.0
5795,COc1ccc(-c2cc3c4c(c2)CCc2cc(-c5ccc(OC)cc5)cc(c2-4)CC3)cc1,CCO,386.9892473
5426,CCCCCCCCCCCCCCCCCCN1C(=O)c2cccc3c(OCCN(C)C)ccc(c23)C1=O,CN(C)C=O,516.0
8961,c1ccc(-c2nc(-c3ccc(N4c5ccccc5Sc5ccccc54)cc3)nn2-c2ccc(N3c4ccccc4Sc4ccccc43)cc2)nc1,ClCCl,490.0
7028,N#Cc1coc2ccccc2c1=O,CC(C)O,411.0
3755,O=C1c2ccccc2-c2c(-c3ccccc3)c(-c3ccccc3)c(-c3ccccc3)c3cccc1c23,CC#N,498.0
455,CN(C)c1ccc(C2=Nc3scc(-c4ccccc4)[n+]3[B-](F)(F)O2)cc1,ClCCl,454.0
6700,CCCCCCCC(=O)Oc1ccc2c3cccc4c(OC(=O)CCCCCCC)ccc(c5cccc1c52)c43,ClC(Cl)(Cl)Cl,456.9876679
11867,NS(=O)(=O)c1ccc(N2N=C(c3ccc(O)cc3)CC2c2ccc(Br)cc2)cc1,CS(C)=O,424.0
6312,CN(C)c1ccc(/C=C/C(=C(C#N)C#N)c2ccc3c4c(cccc24)CC3)cc1,ClC(Cl)Cl,568.0
5224,Cc1ccc(C2CC(=O)Oc3c2c2nc4ccc(C)cc4nc2c2ccccc32)cc1,ClC(Cl)Cl,442.0
10950,CCN(CC)c1ccc2cc(-c3ccc(C(F)(F)F)cc3)oc(=O)c2c1,CCOC(C)=O,443.0
1041,CC(C)(C)c1ccc2c(c1)sc1[n+]2[B-](F)(F)n2c(c3cccc4cccc2c43)=C1C#N,ClCCl,543.0
7747,CCCCC1(CCCC)c2ccccc2-c2ccc(-c3c4c(nc5ccccc35)-c3cc5c(cc3CC4)-c3nc4ccccc4c(-c4ccc6c(c4)C(CCCC)(CCCC)c4ccccc4-6)c3CC5)cc21,ClC(Cl)Cl,385.0
4889,COC(=O)c1nc2cnc(N)nc2n1Cc1ccccc1,O,420.0
6338,CC1=[N+]2C(=c3c4c5ccccc5cc5cccc(c6cc(C)n(c36)[B-]2(F)F)c54)C=C1,C1CCOC1,637.0
173,CCCCOc1ccc(-c2oc3c(-c4ccc(OCCCC)cc4)c4n(c3c2-c2ccc(OCCCC)cc2)[B-](F)(F)[N+]2=Cc3c(-c5ccc(OCCCC)cc5)c5oc(-c6ccc(OCCCC)cc6)c(-c6ccc(OCCCC)cc6)c5n3[B-](F)(F)[N+]2=C4)cc1,ClCCl,667.0
6647,CCOC(=O)c1sc2nc(-c3ccccc3)c(C)c(C#N)c2c1N,CC#N,570.0
169,CCCCOc1ccc(-c2oc3c(-c4ccc(OCCCC)cc4)c4n(c3c2-c2ccc(OCCCC)cc2)[B-](F)(F)[N+]2=Cc3c(-c5ccc(OCCCC)cc5)c5oc(-c6ccc(OCCCC)cc6)c(-c6ccc(OCCCC)cc6)c5n3[B-](F)(F)[N+]2=C4)cc1,CN(C)C=O,672.0
7286,CC1=CC(C)=[N+]2C1=C(c1ccc(N3CCCCC3)cc1)c1c(C)cc(C)n1[B-]2(F)F,CO,514.0
9051,N#Cc1cccc2[nH]ccc12,O,405.0
9124,Nc1ccc2c(c1)Cc1ccccc1-2,CCOC(C)=O,360.0
10346,CCCn1c2cccc3c2[c+]2c4c1cccc4n(CCC)c1cccc(c12)n3CCC,CC#N,557.0
11600,CC(=O)c1c(N[C@@H](CS)C(=O)O)c2ccc(N(C)C)cc2oc1=O,ClCCl,424.0
7797,COc1ccc2c(c1)C(=O)c1ccccc1-2,C1CCCCC1,518.0
1272,CCCCC(CC)Cn1c2cc(C#N)c(-c3ccc(N(c4ccccc4)c4ccccc4)cc3)cc2c2cc(-c3ccc(N(c4ccccc4)c4ccccc4)cc3)c(C#N)cc21,ClC=C(Cl)Cl,478.0
10103,CC1(C)C(/C=C/c2cc3ccc(O)cc3oc2=O)=[N+](CCCS(=O)(=O)[O-])c2ccc3c(S(=O)(=O)O)cc(S(=O)(=O)O)cc3c21,CS(C)=O,625.0
960,CCCCCCc1ccc(-n2c3c4cccc(OC)c4nc(-c4ccc(C)cc4)c3c3c2c2c(-c4ccc(C)cc4)nc4c(OC)cccc4c2n3-c2ccc(CCCCCC)cc2)cc1,ClC(Cl)Cl,464.0
5608,CCCN1c2ccccc2Sc2cc(/C=C\c3cc(=O)oc4cc(C)c(Cl)cc34)ccc21,ClC(Cl)Cl,648.0
4738,Cc1ccc(-c2cc(-c3ccccc3)c(C#N)c(=S)[nH]2)cc1,CN(C)C=O,502.0
3208,Nc1nc2ccccc2[n+]([O-])n1,CC#N,478.0
2771,Cc1ccc(-c2ccc(/C=C/c3cccn3C)cn2)nc1,Cc1ccccc1,459.0
883,CCc1c(C)c2n(c1C)[B-](F)(F)[N+]1=C(c3ccc[nH]3)c3ccccc3C1=C2C,Cc1ccccc1,630.0
5728,Cc1cccc(Nc2ccccc2C(=O)O)c1C,CCOC(C)=O,439.0
6323,C(#Cc1cccc(C#Cc2ccc(-n3c4ccccc4c4ccccc43)cc2)c1)c1ccc(-n2c3ccccc3c3ccccc32)cc1,Cc1ccccc1,374.0
9448,CC(C)(C)c1ccc(-c2nc3c4ccc(-c5ccc6ccccc6c5)cc4c4cc(-c5ccc6ccccc6c5)ccc4c3n2-c2ccc(C(C)(C)C)cc2)cc1,CCCCOCCCC,394.0
799,COc1ccc(-c2nc(C)cc(-c3ccc(-n4c5ccccc5c5ccccc54)cc3)n2)cc1,Cc1ccccc1,390.0
5640,CN(C)c1ccc(/C=C/c2ccc(-c3nc(C#N)c(C#N)n3C)cc2)cc1,CC#N,530.0
1655,COc1ccc(C2=[N+]3C(=C(c4ccc(C#N)cc4)c4cc(-c5ccc(C#N)cc5)c(-c5ccc(OC)cc5)n4[B-]3(F)F)C=C2c2ccc(C#N)cc2)cc1,Cc1ccccc1,677.0
1730,C/C(=C\c1ccc(Cl)cc1)c1nc2ccccc2s1,C1CCCCC1,390.0
3133,CCOC(=O)c1sc(SC)c2c(=O)[nH]nnc12,CS(C)=O,491.0
2991,Fc1c(F)c(F)c([B-]2(c3c(F)c(F)c(F)c(F)c3F)Oc3c(ccc4c5c(ccc34)C=[N+](c3ccccc3)[B-](c3c(F)c(F)c(F)c(F)c3F)(c3c(F)c(F)c(F)c(F)c3F)O5)C=[N+]2c2ccccc2)c(F)c1F,Cc1ccccc1,580.0
9979,COc1nc(Nc2cc3ccc4cccc5ccc(c2)c3c45)nc(OC)n1,CC#N,393.0
6234,CCOC(=O)/C(C#N)=C\c1ccc2c(c1)c1ccccc1n2-c1ccc(C)cc1,ClC(Cl)Cl,482.0
9447,CC(C)(C)c1ccc(-c2nc3c4ccc(-c5ccc6ccccc6c5)cc4c4cc(-c5ccc6ccccc6c5)ccc4c3n2-c2ccc(C(C)(C)C)cc2)cc1,CCCCCC,392.0
2910,CN(C)c1ccc(C2=C(c3ccccc3)c3oc4ccccc4[n+]3[B-](F)(F)O2)cc1,C1CCOC1,476.0
7768,Nc1ccc2c(c1)-c1ccccc1C2=O,CCO,592.0
3852,O=S(=O)(/N=c1\oc2cccc3c4c(-c5ccccc5)oc5cccc(c(c1-c1ccccc1)c23)c54)C(F)(F)F,CCCCCC,535.0
7664,CN(C)c1ccc(C2=Cc3cccc[n+]3[B-](F)(F)O2)cc1,CCOC(C)=O,499.0
9239,O=c1c2ccccc2n2c3ccccc3c(=O)c3cc(-c4ccccc4)cc1c32,CN(C)C=O,477.0
9311,N#CC(C#N)=C(c1ccc(N(c2ccccc2)c2ccccc2)cc1)c1ccc(N(c2ccccc2)c2ccccc2)cc1,C1CCCCC1,413.304721
7660,O=C1/C(=C/C=C/c2cc3c4c(c2)CCCN4CCC3)CC/C1=C\C=C\c1cc2c3c(c1)CCCN3CCC2,ClCCl,723.0
4819,COc1ccc(-c2cnc(C#Cc3ccccc3)o2)cc1OC,ClCCl,410.0
7482,CCN(CC)c1ccc2cc(/C=C/C3=CC(/C=C/c4cc5ccc(N(CC)CC)cc5oc4=O)=[O+][B-](F)(F)O3)c(=O)oc2c1,CN(C)C=O,729.0
3387,CCCC1(CCC)c2ccccc2-c2ccc(-c3ccc4c(c3)C(CCC)(CCC)c3cc(-c5ccc6c(c5)C(CCC)(CCC)c5cc(-c7ccc8c(c7)C(CCC)(CCC)c7ccccc7-8)ccc5-6)ccc3-4)cc21,C1CCCCC1,407.0
1160,COc1ccc(/C=N/c2cc(C(C)C)c(O)cc2C)cc1,C1COCCO1,407.0
1479,COc1cc(OC)cc(-c2ccc(-c3ccc(C#N)s3)s2)c1,CO,448.0
10101,C(#Cc1cccs1)C(C#Cc1cccs1)=Cc1ccc(C=C(C#Cc2cccs2)C#Cc2cccs2)s1,ClC(Cl)Cl,550.0
11072,CN1c2ccc(C(=O)c3ccccc3)cc2Sc2cc(C(=O)c3ccccc3)ccc21,C1CCOC1,531.0
8455,c1ccc(C2(c3ccccc3)c3cc4c(cc3-c3sc5ccccc5c32)C(c2ccccc2)(c2ccccc2)c2c-4sc3ccccc23)cc1,C1CCOC1,408.0
5230,COc1ccc(-c2ncc3ccccn23)cc1,ClC(Cl)Cl,469.0
9717,CCc1ccc(-c2nc(-c3ccc(-n4c5ccccc5c5ccccc54)cc3)cc(-c3ccc(-n4c5ccccc5c5ccccc54)cc3)n2)cc1,Cc1ccccc1,402.0
2769,Cc1ccc(-c2ccc(/C=C/c3cccn3C)cn2)nc1,CO,507.0
720,CC1CC=C(c2ccc(-c3cccs3)s2)CC1,OCCOCCO,414.0
586,C#CCOc1ccc(C2=[N+]3C(=Nc4c(-c5ccccc5)cc(-c5ccc(O)cc5)n4[B-]3(F)F)C(c3ccccc3)=C2)cc1,Cc1ccccc1,711.0
6950,O=c1c2ccc(N3CCCCC3)cc2oc2cc(N3CCCCC3)ccc12,ClCCl,407.4688797
9885,O=C1c2cccc3c(-n4c5ccccc5c5ccccc54)ccc(c23)C(=O)N1c1ccccc1,ClCCl,568.0
7301,CCN(CC)c1cccc2c1ccc1c(=O)oc(-c3ccc(C(F)(F)F)cc3)cc12,CO,604.0
3680,Cc1cc(=O)oc2c3c4c(cc12)CCCN4CCC3,O,489.0
4672,Cc1ccc(-c2nnc(-c3ccc4ccc5cccc6ccc3c4c56)o2)cc1,ClC(Cl)Cl,426.0
11825,NS(=O)(=O)c1ccc(N2N=C(c3ccc(O)cc3)CC2c2ccccc2)cc1,CC(C)O,423.0
7297,CCN(CC)c1cccc2c1ccc1c(=O)oc(-c3ccc(C(F)(F)F)cc3)cc12,CCCO,587.0
7838,c1ccc2c(c1)-c1ccccc1C21c2ccccc2-c2ncccc21,CC1CCCO1,333.0
5261,O=C(O)c1c2ccccc2nc2ccccc12,CCCCO,422.0
7771,O=C1c2ccccc2-c2ccccc21,C1CCCCC1,463.0
1147,Cc1cc(O)c(C(C)C)cc1/N=C/c1ccc(C(F)(F)F)cc1,CCCCO,436.0
10394,CCCCC1=Cc2c3ccc4cccc5ccc(c6cc(-c7ccc(N(c8ccccc8)c8ccccc8)cc7)n(c26)P1(=O)c1ccccc1)c3c45,C1CCCCC1,502.0
11438,c1ccc2cc(-c3c4ccccc4c(-c4ccc(-c5ccc(-n6c7ccccc7c7ccccc76)cc5)cc4)c4ccccc34)ccc2c1,ClCCl,427.0
2069,COC(=O)C(Cc1ccc2oc(-c3ccc(N(c4ccccc4)c4ccccc4)cc3)nc2c1)NC(=O)OC(C)(C)C,CCCCCC,392.749838
4755,N#Cc1cc(-n2c3ccccc3c3ccccc32)c(-n2c3ccccc3c3ccccc32)cc1C#N,C1CCOC1,501.0
10490,CCn1c2ccccc2c2cc(C#Cc3cc(C#Cc4ccc5c(c4)c4ccccc4n5CC)nc(C#N)n3)ccc21,Cc1ccccc1,445.0
8565,Nc1ccc2c(c1)C(=O)NC2=O,C1COCCO1,435.0
12031,COc1ccc(-c2c3ccc([nH]3)c3nc(c(-c4ccc([N+](=O)[O-])cc4)c4ccc([nH]4)c4ccc([nH]4)c(-c4ccc(OC)cc4)c4ccc2o4)C=C3)cc1,c1ccccc1,739.0
4682,O=S(=O)(c1cccc(N2c3ccccc3Sc3ccccc32)c1)c1cccc(N2c3ccccc3Sc3ccccc32)c1,C1CCOC1,596.0
4731,Cc1ccc(-c2cc(-c3ccccc3)c(C#N)c(=S)[nH]2)cc1,C1COCCO1,506.0
5473,Cc1cc(C)c(B(c2c(C)cc(C)cc2C)c2cc3cc(N(C)C)c4ccccc4c3c3c2ccc2ccccc23)c(C)c1,c1ccccc1,539.0
3544,CCCCCCC(CCCCCC)n1c(=O)c2c3ccc4cccc5c6cccc7ccc(c2c1=O)c(c76)c3c45,CCOCC,495.0
1747,CN(C)c1ccc(/C=C/c2nc3ccccc3s2)cc1,CCOCC,460.0
11950,CCCCCCn1c2cc(/C=C(\C#N)c3cccs3)ccc2c2ccc(/C=C(\C#N)c3cccs3)cc21,ClC(Cl)Cl,469.4835681
8772,COc1ccc(C2=[O+][B-](F)(F)OC(c3ccc4c(c3)Cc3ccccc3-4)=C2)cc1,CC#N,466.0
2807,CN(c1ccccc1)c1ccc(/C=C/c2ccccc2)cc1,CCCCCC,385.0
11890,CC(C)(C)c1ccc2c(c1)c1cc(C(C)(C)C)ccc1n2-c1ccc(-n2c3ccc(C(C)(C)C)cc3c3cc(C(C)(C)C)ccc32)c(C(=O)c2ccncc2)c1,ClCCl,561.3970588
1501,Oc1ccccc1/N=C/c1ccccc1Oc1ccccc1,ClC(Cl)Cl,410.0
10401,CCCCC1=Cc2c3ccc4cccc5ccc(c6cc(-c7ccc(N(c8ccccc8)c8ccccc8)cc7)n(c26)P1(=O)c1ccccc1)c3c45,ClC(Cl)Cl,537.0
10994,N#CC(C#N)=Cc1ccc2c(c1)[nH]c1c3ccccc3ccc21,CN(C)C=O,594.0
8132,COCCOCCOCCOCCOc1cc(C=O)c(OCCOCCOCCOCCOC)cc1C=O,CCCCO,479.0
2390,CN(C)c1ccc2nc(-c3ccc(C(=O)O)cc3)sc2c1,C1CCCCC1,426.0
2684,CCN(CC)c1ccc2c(-c3ccc(S(=O)(=O)[O-])cc3S(=O)(=O)[O-])c3ccc(=[N+](CC)CC)cc-3oc2c1,CN(C)C=O,574.0
11912,COc1ccc(Nc2nc(/C=C/c3ccccc3)[n+]([O-])c3c2CCCC3)cc1,ClCCl,520.0
103,Nc1ccc(/C=C/c2cccnc2)cc1,CC#N,446.0
10275,CCN(CC)c1ccc2cc(/C=C/C(=O)/C=C(O)/C=C/c3cc4ccc(N(CC)CC)cc4oc3=O)c(=O)oc2c1,C1CCOC1,568.0
10876,N#C/C(=C\c1ccncc1)c1nc(-c2ccccc2)cs1,CC#N,495.0
1626,CC(=O)c1cc(=O)n(C)c2cc(-c3ccc(N(C)C)cc3)sc12,ClCCl,610.0
2473,O=C([O-])c1c(Cl)c(Cl)c(Cl)c(Cl)c1-c1c2cc(I)c(=O)c(I)c-2oc2c(I)c([O-])c(I)cc12,CO,571.0
484,CN(C)c1ccc(/C=C/C=C/C=C/c2ccc(N(C)C)cc2)cc1,ClCCl,488.0
6504,c1ccc(-c2nc3c(c4c2-c2ccccc2CC4)-c2ccccc2CC3)cc1,CCCCCC,363.0
9599,Cn1c(=O)c(/N=N/c2ccc(Nc3ccc([N+](=O)[O-])cc3S(=O)(=O)O)cc2)c(O)c2ccccc21,CC(C)=O,617.0
9099,CCC1(CC)c2cc(C=O)ccc2-c2ccc(N(C)C)cc21,CCOCC,436.0
11245,COc1ccc2oc(-c3cc4cc(OC)ccc4oc3=O)cc2c1,CS(C)=O,484.0
11821,NS(=O)(=O)c1ccc(N2N=C(c3ccc(O)cc3)CC2c2ccc([N+](=O)[O-])cc2)cc1,O,451.0
2183,CCN1c2ccc(/C=N/Nc3ccccn3)cc2Sc2cc(-c3ccccc3)ccc21,Cc1ccccc1,485.0
9084,c1ccc(-c2nc(-c3ccccc3)nc(-n3c4ccccc4c4cc(-n5c6ccccc6c6ccccc65)cc(-n5c6ccccc6c6ccccc65)c43)n2)cc1,Cc1ccccc1,465.0563607
3643,C[C@]12SC(=O)C=C1c1nc(-c3ccccc3O)[nH]c1C1=CC(=O)S[C@@]12C,CC#N,407.0
9575,COC(=O)C(Cc1ccc2oc(-c3ccc(-n4c5ccccc5c5ccccc54)cc3)nc2c1)NC(=O)OC(C)(C)C,CCOCC,402.3173479
4115,N#Cc1c(-c2ccc([N+](=O)[O-])cc2)cc(-c2ccc([N+](=O)[O-])cc2)[nH]c1=O,ClC(Cl)Cl,475.0
6393,CCN1C(=CC=Cc2n(CC)c3cc(Cl)c(Cl)cc3[n+]2CC)N(CC)c2cc(Cl)c(Cl)cc21,CC#N,529.0
5378,COC(=O)C1=C(C(=O)OC)C2=C[C@H]3c4ccccc4[C@]2(S1)c1ccccc13,c1ccccc1,477.0
291,CN(CCO)c1ccc(/C=C/C2=CC(=C(C#N)C#N)CC(C)(C)C2)cc1,CC(C)=O,648.0
12158,c1ccc2nc(-n3c4ccccc4c4ccccc43)c(-n3c4ccccc4c4ccccc43)nc2c1,C1CCOC1,516.7938931
6814,COc1cccc(-n2c(-c3ccccc3)nc(C)c2C)c1,CCOC(C)=O,370.0
2447,CN(C)c1ccc(/C=C/c2nc(/C=C/c3ccc(N(C)C)cc3)c3ccccc3n2)cc1,ClCCl,545.0
12037,CC1(C)C(/C=C/C=C/C=C/C=C2/N(c3ccc(S(=O)(=O)[O-])cc3)c3ccc(S(=O)(=O)[O-])cc3C2(C)C)=[N+](c2ccc(S(=O)(=O)[O-])cc2)c2ccc(S(=O)(=O)[O-])cc21,CO,782.0
9620,CCN(CC)c1ccc(-c2ccc(-c3nc4ccccc4c(=O)[nH]3)s2)cc1,Cc1ccccc1,490.0
9065,CC(C)(C)c1ccc2c(c1)c1cc(C(C)(C)C)ccc1n2-c1cccc2c1Oc1c(-c3nc(-c4ccccc4)nc(-c4ccccc4)n3)cccc1C2(C)C,CC(C)=O,503.0
4046,CCOC(=O)c1c(-c2cc3ccccc3oc2=O)nn(-c2cccc(F)c2)c1C(=O)OCC,ClCCl,401.0
1472,COc1cc(OC)cc(-c2ccc(-c3ccc(C#N)s3)s2)c1,C1COCCO1,437.0
3576,N#Cc1ccc(-c2cc(-c3ccc(N4CCCC4)cc3)nc(-c3ccccc3)n2)cc1,ClC(Cl)Cl,518.0
4705,CCCN1/C(=C/C=C(/C=C/C2=[N+](CCC)c3ccccc3C2(C)C)c2cc[n+](C)cc2)C(C)(C)c2ccccc21,CS(C)=O,657.0
11048,O=[N+]([O-])c1ccc(F)cc1C1CC(c2cccc3ccccc23)=NN1c1ccccc1,CC#N,480.0
1795,CC(C)(C)c1ccc(-c2nc3c4ccccc4c4ccccc4c3n2-c2ccc(C(C)(C)C)cc2)cc1,CCCCOCCCC,389.0
5674,CCN(CC)c1ccc2cc(/C=C(\C#N)c3nc4ccccc4s3)c(=O)oc2c1,C1COCCO1,570.0
8492,Cn1c(=O)nc2n(C)c3ccccc3nc-2c1=O,CC1CCCO1,490.0
6377,CCC(CC)COC1=CC2=C3c4cc(OCC(CC)CC)c(-c5ccccc5)n4[B-](F)(F)[n+]4nnn(c43)[B-](F)(F)[N+]2=C1c1ccccc1,C1CCOC1,725.0
2864,COc1nc(Nc2ccc3cc4ccccc4cc3c2)nc(OC)n1,CC#N,431.0
6666,COc1ccc2c3ccc(OC)cc3c3cc4c(C)cc(=O)oc4cc3c2c1,ClC(Cl)Cl,475.0
1255,O=C1c2ccccc2-c2ccc(N3CCOCC3)c3cccc1c23,CCOC(C)=O,600.0
3570,COc1ccc(/C=C/C2=CC(c3ccccc3)=[O+][B-](F)(F)O2)cc1,ClCCl,506.0
4730,O=C1CCCc2c1[nH]c1cc3c(cc21)OCO3,c1ccccc1,384.1199204
2019,Cc1ccccc1/C(C#N)=C/c1ccc(N(C)C)cc1,ClC(Cl)Cl,481.0
8159,COCCOCCOCCOc1cc(C=O)c(OCCOCCOCCOC)cc1C=O,CO,467.0
578,COc1ccccc1C1=[N+]2C(=Nc3c(-c4ccccc4)cc(-c4ccccc4OC)n3[B-]2(F)F)C(c2ccccc2)=C1,Cc1ccccc1,688.0
10137,Cc1ccc(/C=C/c2ccccc2-[n+]2noc([O-])c2C)cc1,CC#N,450.0
1511,Oc1cccc(/N=C/c2ccccc2Oc2ccccc2)c1,CCCCCCO,400.0
5748,C[n+]1ccc(/C=C/c2ccc([O-])cc2)cc1,CO,576.0
6973,c1csc(-c2cnc(-c3cccs3)c3nonc23)c1,CCCCCC,564.0
6965,CCCCCCCCCCOc1cc(OCCCCCCCCCC)cc(C2=C3C(C)=CC(/C=C/c4ccc(OC)cc4)=[N+]3[B-](F)(F)n3c(/C=C/c4ccc(OC)cc4)cc(C)c32)c1,ClC(Cl)Cl,660.0
2459,Cc1nc2c(ccc3c2sc(/C=C/C=C/c2ccc(N(C)C)cc2)[n+]3C)s1,CO,700.0
9833,C(=C/c1ncc2ccccc2n1)\c1ccc(N(c2ccccc2)c2ccccc2)cc1,ClCCl,520.0
9734,CCN(CC)c1ccc2c(c1)oc(=O)c1cc3c(-c4ccccc4)nn(-c4ccccc4)c3nc12,ClCCl,509.0
4074,CN(C)c1ccc2nc(-c3ccc(C(=O)Nc4ccccc4)cc3)sc2c1,C1CCCCC1,427.0
11518,Cc1ccc(NC(=O)c2sc(Br)nc2C)cc1,CN(C)C=O,451.0
5786,CC(C)(C)c1ccc(-c2cc3c4c(c2)CCc2cc(-c5ccc(C(C)(C)C)cc5)cc(c2-4)CC3)cc1,CCO,382.7272727
2993,Fc1cccc(F)c1[B-]1(c2c(F)cccc2F)Oc2c(ccc3c4c(ccc23)C=[N+](c2ccccc2)[B-](c2c(F)cccc2F)(c2c(F)cccc2F)O4)C=[N+]1c1ccccc1,Cc1ccccc1,592.0
10374,O=C(N/N=C/c1ccccc1O)c1cc2ccccc2cc1O,CCO,557.0
3520,Clc1ccccc1-c1nc2sc3ccccc3c2s1,CS(C)=O,412.0
9027,N#Cc1ccc2cc[nH]c2c1,C1COCCO1,342.0
9004,N#Cc1ccc2cc[nH]c2c1,CS(C)=O,363.0
621,CC(C)(C)c1ccc2c(c1)c1cc(C(C)(C)C)ccc1n2-c1cccc(-c2nc(-c3cccc(-n4c5ccc(C(C)(C)C)cc5c5cc(C(C)(C)C)ccc54)c3)nc(-c3cccc(P(=O)(c4ccccc4)c4ccccc4)c3)n2)c1,ClC(Cl)Cl,511.4822547
6935,CCCCC1(c2ccc(OC)cc2)Nc2ccccc2N=C1c1ccc(OC)cc1,CN(C)C=O,525.0
9481,Oc1c(-c2nc3c4ccc(-c5ccccc5)cc4c4cc(-c5ccccc5)ccc4c3[nH]2)ccc2c1c1ccccc1n2-c1ccccc1,CC#N,498.0
9841,CCCCCCOc1cc(/C=C/c2cc(OCCCCCC)c(/C=C/c3cc(OCCCCCC)c(C=C(C#N)C#N)cc3OCCCCCC)cc2OCCCCCC)c(OCCCCCC)cc1C=C(C#N)C#N,ClCCl,624.0
10072,CCN(CC)c1ccc(/C=N/C(C#N)=C(C#N)/N=C/c2ccc(N(CC)CC)cc2O)c(O)c1,ClCCl,612.0
11768,O=C(O)C1CCCN1C(=O)c1ccc(C2CC(c3cccc4ccccc34)=NN2c2ccccc2)cc1,C1COCCO1,485.0
8183,COCCOCCOCCOc1ccc(OCCOCCOCCOC)c(C=O)c1,NC=O,463.0
3485,CCc1ccc2ccc(-c3ccccc3)nn12,CCCCCC,495.0
2221,COc1cc2cc(OC)c(C#Cc3ccc([N+](=O)[O-])cc3)cc2cc1C#Cc1ccc([N+](=O)[O-])cc1,ClCCl,593.0
265,Cc1cccc2nc3[nH]c(=O)[nH]c(=O)c3nc12,CC#N,452.0
833,COc1ccc(/C=C/c2nc(/C=C/c3ccc(N(C)C)cc3)cc(/C=C/c3ccc(N(c4ccccc4)c4ccccc4)cc3)n2)cc1,CS(C)=O,589.0
10903,C1=CB2C=Cc3ccccc3N2C=C1,ClCCl,352.0
6478,COc1ccc(-c2nc3c(c4c2-c2ccccc2CC4)-c2ccccc2CC3)cc1,CCOC(C)=O,425.0
2677,CC[N+]1(CC)CN2C(=N1)C(C(=O)O)=Cc1c2ccc2ccccc12,O,487.0
1285,c1ccc2c(-n3c4ccccc4c4ccccc43)cccc2c1,CCOCC,384.0
1608,COC(=O)c1cc(=O)n(C)c2cc(-c3ccc(OC)cc3)sc12,CCO,480.0
4375,N#Cc1ccc(C#Cc2ccc3ccc4ccc(C#Cc5ccc(C#N)cc5)c5ccc2c3c45)cc1,CCOC(C)=O,442.4
7181,CC(C)(C)c1cc(-c2ccc3c(-c4cc(C(C)(C)C)cc(C(C)(C)C)c4)cc4c5cc(-c6cc(C(C)(C)C)cc(C(C)(C)C)c6)ccc5c(-c5cc(C(C)(C)C)cc(C(C)(C)C)c5)cc4c3c2)cc(C(C)(C)C)c1,ClCCl,401.0
68,[BH3-][P+]1(c2ccccc2)c2ccccc2-c2sc3ccccc3c21,ClCCl,400.0
7499,CN(C)c1ccc(/C=C/C=N/N=C/c2ccc3ccc4cccc5ccc2c3c45)cc1,CC#N,485.0
6613,Clc1ccc(/C=C/c2ccc(-c3nc4c5cccnc5c5ncccc5c4[nH]3)cc2)cc1,CO,473.0
4184,COc1ccc(-c2nc(-c3ccccc3)c(-c3ccccc3)[nH]2)cc1,CO,395.0
10607,CC(C)(C)c1cc(-c2c3cc(c(-c4cc(C(C)(C)C)cc(C(C)(C)C)c4)c4ccc([nH]4)c(-c4ccc([N+](=O)[O-])cc4)c4nc(c(-c5ccc([N+](=O)[O-])cc5)c5ccc2[nH]5)C=C4)N=C3)cc(C(C)(C)C)c1,ClCCl,741.0
6578,CCCCC1(c2ccccc2)Nc2c(-c3ccc(N(C)c4ccccc4)cc3)ccc(-c3ccc(N(C)c4ccccc4)cc3)c2N=C1c1ccccc1,CC#N,602.0
6978,c1csc(-c2cnc(-c3cccs3)c3nonc23)c1,Cc1ccccc1,600.0
9186,O=Cc1cc(C=O)c2ccc3c(N4CCCCC4)cc(N4CCCCC4)c4ccc1c2c43,CC(C)=O,598.0
11822,NS(=O)(=O)c1ccc(N2N=C(c3ccc(O)cc3)CC2c2ccccc2)cc1,C1CCOC1,418.0
11092,CN(C)c1ccc(C2=Cc3ccc4ccccc4[n+]3[B-](F)(F)O2)cc1,CCOC(C)=O,534.0
1396,CN(C)c1ccc(C2=Nc3scc[n+]3[B-](F)(F)O2)cc1,Cc1ccccc1,439.0
259,Cc1cc2nc3[nH]c(=O)n(C)c(=O)c3nc2cc1C,CC#N,436.0
2189,CCN1c2ccc(/C=N/Nc3ccccn3)cc2Sc2cc(-c3ccc(OC)cc3)ccc21,C1CCOC1,491.0
3910,O=C1c2cc3ccccc3cc2C2=Nc3ccc4ccccc4[n+]3[B-](F)(F)N12,ClCCl,430.0
11906,COc1ccc(-c2c3ccccc3c3n2[B-](F)(F)[N+]2=Cc4c5ccccc5c(-c5ccc(OC)cc5)n4[B-](F)(F)[N+]2=C3)cc1,CC#N,606.0
7422,Cc1ccc(C(=O)/C=C/c2ccc(N(C)C)cc2)cc1,CO,533.0
1671,CC(C)(C)c1ccc(C2=CC3=C(c4ccccc4)c4cc(-c5ccc(C(C)(C)C)cc5)c(-c5ccc(C(C)(C)C)cc5)n4[B-](F)(F)[N+]3=C2c2ccc(C(C)(C)C)cc2)cc1,ClCCl,649.0
10414,O=c1[nH]c(=O)c2scc([C@H]3C[C@H](O)[C@@H](CO)O3)c2[nH]1,CO,351.0
6131,COc1cc2c(cc1OC)C1=C3C(=O)N4C=Cc5cc(OC)c(OC)cc5C4=C3C(=O)N1C=C2,ClC(Cl)Cl,597.0
6383,COc1ccc(C2=C(c3ccc(OC)cc3)C(c3ccc(OC)cc3)=[N+]3C2=C(c2ccc(OC)cc2)c2c(-c4ccc(OC)cc4)c(-c4ccc(OC)cc4)c(-c4ccc(OC)cc4)n2[B-]3(F)F)cc1,C1CCOC1,640.0
756,Cc1ccc(-c2cnc3ccc4ccccc4n23)cc1,ClCCl,424.0
1201,CC(=O)O[B-]1(OC(C)=O)OC(/C=C/C=C/c2ccccc2)=CC(/C=C/C=C/c2ccccc2)=[O+]1,CS(C)=O,558.0
11687,c1cc2ccc3cc4cccc5ccc6cc(c1)c2c3c6c54,CC#N,436.0
9482,Oc1c(-c2nc3c4ccc(-c5ccccc5)cc4c4cc(-c5ccccc5)ccc4c3[nH]2)ccc2c1c1ccccc1n2-c1ccccc1,CCCCCC,506.0
6903,CN(C)c1ccc(/C=C/c2nc3ccc(N(C)C)cc3oc2=O)cc1,CS(C)=O,666.0
10667,C[Si]1(C)C2=C(c3ccccc31)S(=O)(=O)c1cc3c(cc12)S(=O)(=O)C1=C3[Si](C)(C)c2ccccc21,C1CCOC1,507.0
2215,COc1ccc2c(c1)c1cc(OC)ccc1c1c2ccc2cccc(C(=O)NC(C)(C)C)c21,ClCCl,415.0
4400,CCn1c2ccccc2c2c3nsnc3c3c4ccccc4n(CC)c3c21,CN(C)C=O,500.0
4149,O=c1cc(COc2ccc(I)cc2)c2c(ccc3ccccc32)o1,ClCCl,418.0
1744,CN(C)c1ccc(/C=C/c2nc3ccccc3s2)cc1,CCOC(C)=O,477.0
10731,CC(C)[Si]1(C(C)C)c2cc(C#N)ccc2-c2ccc(N(c3ccccc3)c3ccccc3)cc21,CC#N,500.0
5688,OCc1cc(/N=N/c2ccc(-c3cccs3)cc2F)ccc1O,CS(C)=O,477.0
9549,O=C1C2=C3c4ccsc4C=CN3C(=O)C2=C2c3ccsc3C=CN12,ClC(Cl)Cl,578.0
7614,N#CC(C#N)=Cc1ccc2c(c1)c1ccccc1n2-c1cc2ccccc2c2ccccc12,ClCCl,480.0
4724,O=C1CCCc2c1[nH]c1cc3c(cc21)OCO3,CC#N,399.4154895
694,CN1/C(=C/C=C(/C=C/c2sc3ccccc3[n+]2C)c2ccc(F)cc2)Sc2ccccc21,CS(C)=O,681.0
4382,CC(C)[Si](C#Cc1c2nsnc2c(C#C[Si](C(C)C)(C(C)C)C(C)C)c2nc3c(nc12)C1c2ccccc2C3c2ccccc21)(C(C)C)C(C)C,CCCCCC,526.0
10413,O=c1[nH]c(=O)c2scc([C@H]3C[C@H](O)[C@@H](CO)O3)c2[nH]1,CCOC(C)=O,343.0
1807,O=C1c2ccccc2NCN1Cc1ccccc1,CC#N,416.0
9722,CN(C)c1ccc(-c2nc(-c3ccc(-n4c5ccccc5c5ccccc54)cc3)cc(-c3ccc(-n4c5ccccc5c5ccccc54)cc3)n2)cc1,ClC(Cl)Cl,520.0
3107,N#Cc1cc(-c2ccc(F)cc2)cnc1O,C1COCCO1,422.0
3115,OB1c2ccccc2Nc2ccccc21,ClCCl,377.0
3858,Cc1ccc(-c2oc3cccc4c5c(-c6ccc(C)cc6)/c(=N/S(=O)(=O)C(F)(F)F)oc6cccc(c2c34)c65)cc1,ClC(Cl)Cl,577.0
6673,COc1cc(OC)c2c(c1)c1cc3oc(=O)cc(C)c3cc1c1cc(OC)cc(OC)c12,ClC(Cl)Cl,538.0
2948,O=C1c2cc(F)ccc2-c2cnccc21,CC#N,540.4298781
8443,CC(C)(C)c1ccc(-c2nc3c4ccc(-c5ccc6ccc7cccc8ccc5c6c78)cc4c4cc(-c5ccc6ccc7cccc8ccc5c6c78)ccc4c3n2-c2ccc(C(C)(C)C)cc2)cc1,C1CCOC1,442.0
3780,c1ccc2cc(-n3cnc4ccccc43)ccc2c1,Cc1ccccc1,374.0
4081,O=c1c2cc(-n3c4ccccc4c4ccccc43)ccc2sc2ccc(-n3c4ccccc4c4ccccc43)cc12,C1CCOC1,460.0
6084,COC(=O)c1ccc(C#Cc2ccc(N(C)C)cc2)cc1,CCOCC,458.5052728
6086,COC(=O)c1ccc(C#Cc2ccc(N(C)C)cc2)cc1,CO,465.0081376
3884,CCCCCCCCn1c(=O)c2cc3cc4cc5c(=O)n(CCCCCCCC)c(=O)c5cc4c(C#Cc4ccc(N(c5ccccc5)c5ccccc5)cc4)c3cc2c1=O,ClC(Cl)Cl,611.0
8351,CCCCCCn1c(=O)c2c3oc4ccccc4oc3c3c(=O)n(CCCCCC)c(=O)c3c2c1=O,ClCCl,487.0
9624,COc1c2ccccc2c(-c2ccccc2)c2ccccc12,CCCCCCC,420.0
9116,Nc1ccc2c(c1)Cc1ccccc1-2,CC#N,363.0
5792,COc1ccc(-c2cc3c4c(c2)CCc2cc(-c5ccc(OC)cc5)cc(c2-4)CC3)cc1,C1CCOC1,390.2150538
6896,CN(C)c1ccc(/C=C/c2nc3ccc(N(C)C)cc3oc2=O)cc1,CC#N,650.0
4250,CCN(CC)c1ccc(/C=C/c2ccc(-c3ccc(/C=C/c4ccc(N(CC)CC)cc4)s3)s2)cc1,CC(C)=O,570.0
5377,COC(=O)C1=C(C(=O)OC)C2=C[C@H]3c4ccccc4[C@]2(S1)c1ccccc13,ClCCl,488.0
7809,CN(C)c1cccc2c1-c1ccccc1C2=O,C1CCCCC1,532.0
8546,CCCCCOc1cc2oc(=O)c3c4ccc(N(c5ccc(C)cc5)c5ccc(C)cc5)cc4c4ccc5cccc6c(c1)c2c3c4c56,C1CCOC1,605.0
10772,COc1ccc(C2=C(c3ccc(-c4ccccc4)cc3)C(c3ccccc3)=[N+]3C2=Nc2c(-c4ccc(OC)cc4)c(-c4ccc(-c5ccccc5)cc4)c(-c4ccccc4)n2[B-]3(F)F)cc1,Cc1ccccc1,716.0
9176,c1ccc(-c2oc(-c3ccccc3)c3ccccc23)cc1,CS(C)=O,460.0
11819,NS(=O)(=O)c1ccc(N2N=C(c3ccc(O)cc3)CC2c2ccc([N+](=O)[O-])cc2)cc1,CO,434.0
3441,CN1/C(=C/C=C(/C=C/C2=[N+](C)c3ccccc3C2(C)C)c2ccc(F)cc2)C(C)(C)c2ccccc21,CO,666.0
5924,CN(C)CCNCc1c2ccccc2cc2ccccc12,CC(C)=O,387.0
11957,c1ccc(C2(c3ccccc3)c3cc4c(cc3-c3ccc5ccc6cccc7cc2c3c5c67)-c2ccc3ccc5cccc6cc(c2c3c56)C4(c2ccccc2)c2ccccc2)cc1,CCOC(C)=O,408.0
1463,COc1ccc(-c2ccc(-c3ccc(C#N)s3)s2)cc1,CCOC(C)=O,461.0
10182,CC[n+]1c(-c2ccccc2)c2cc(NC(=O)N[C@H]3C[C@@H]([NH3+])[C@H](O)[C@@H](O)[C@@H]3O)ccc2c2ccc(NC(=O)N[C@@H]3C[C@H]([NH3+])[C@@H](O)[C@@H](O)[C@H]3O)cc21,O,522.0
1237,C[Si](C)(C)[Si](c1cc2sc3cc([Si]([Si](C)(C)C)([Si](C)(C)C)[Si](C)(C)C)sc3c2s1)([Si](C)(C)C)[Si](C)(C)C,ClCCl,381.0
5461,CCC(C)(C)c1ccc2c(c1)C(CC)(CC)c1cc(-c3ccc(-c4ccc5c(c4)C(CC)(CC)c4cc(C(C)(C)CC)ccc4-5)cc3)ccc1-2,C1CCCCC1,381.0
4722,c1ccc2c(c1)c1ccccc1n2-c1cc(-c2nc3ccccn3n2)cc(-n2c3ccccc3c3ccccc32)c1,Cc1ccccc1,373.0
10846,CC(C)(C)c1ccc(-c2cc(-c3ccc(-c4cc(-c5ccc(C(C)(C)C)cc5)c(C(=O)NC5CCCCC5)s4)s3)sc2C(=O)NC2CCCCC2)cc1,ClCCl,448.0
9329,O=c1oc2ccccc2c2c1c(=O)oc1c3ccccc3cc(O)c12,ClCCl,533.0
5156,O=C1Cc2cc3c(cc2CCCc2ccc(cc2)CCC3)CC(=O)Cc2ccc(c3nsnc23)C1,ClC(Cl)Cl,522.0
6834,COc1cc(N(c2ccc(C=C(C#N)C#N)c(OC)c2)c2ccc(C=C(C#N)C#N)c(OC)c2)ccc1C=C(C#N)C#N,ClC(Cl)Cl,514.0
10671,O=P(c1ccccc1)(c1ccccc1)c1cccc(-c2nc3ccccc3n2-c2cccc(P(=O)(c3ccccc3)c3ccccc3)c2)c1,ClCCl,376.0
8992,O=C1Cc2ccc(cc2)CC(=O)Cc2ccc(c3nsnc23)C1,CC#N,495.0
8391,COC(=O)C(Cc1ccc2oc(-c3ccc4c(c3)c3ccccc3n4-c3ccccc3)nc2c1)NC(=O)OC(C)(C)C,CO,392.8501277
11647,CCN(CC)c1ccc2ccc(=O)oc2c1,CCOCC,405.0
7800,CNc1ccc2c(c1)-c1ccccc1C2=O,CC#N,548.0
8709,CCC1=C(C)C2=C(C)c3cc(I)c(I)n3[B-](F)(F)[N+]2=C1C,CCOC(C)=O,544.5
7363,COc1ccc2c3ccc(OC)cc3n(-c3ccc(-c4nnc(C)o4)cc3)c2c1,Cc1ccccc1,428.0
6592,Cc1ccc2ccc3c(c2n1)N/C(=C\C1=C([O-])/C(=C/C2=[NH+]c4c(ccc5ccc(C)nc45)C2(C)C)C1=O)C3(C)C,ClC(Cl)Cl,708.0
8627,CCC1=C(C)C2=C(C)c3c(I)c(I)cn3[B-](F)(F)[N+]2=C1C,CCO,534.0
8207,COCCOc1cc(C=O)c(OCCOC)cc1C=O,CO,466.0
2124,CC(C)(C)c1ccc2oc(-c3ccc(-c4nc5cc(C(C)(C)C)ccc5o4)s3)nc2c1,c1ccccc1,434.0
7403,CN(C)CCN(Cc1c2ccccc2cc2ccccc12)c1ccc([N+](=O)[O-])cc1,CC#N,389.0
819,O=S(=O)(c1ccccc1)c1ccc(-c2ccc3c4ccc(-c5ccc(S(=O)(=O)c6ccccc6)cc5)cc4n(-c4ccccc4)c3c2)cc1,CN(C)C=O,437.0
11514,Cc1ccc(NC(=O)c2sc(Br)nc2C)cc1,C1CCOC1,407.5
4105,N#Cc1c(-c2ccc(Br)cc2)cc(-c2ccc(Br)cc2)[nH]c1=O,CN(C)C=O,464.0
10930,COc1ccc2cc(-c3ccc(S(C)(=O)=O)cc3)oc(=O)c2c1,CCO,410.0
10489,CC1(C)C2=[N+](CCCCCC(=O)NCCCNC(=O)CCCCCN3/C(=C/C=C/C=C/C=C/2)C(C)(C)c2cc(S(=O)(=O)[O-])ccc23)c2ccc(S(=O)(=O)[O-])cc21,CO,776.0
2928,COc1ccc(-c2csc(/C(C#N)=C/c3ccc(C#N)cc3)n2)cc1,ClCCl,554.0
6681,Nc1ccc2c3cccc4cccc(c5cccc1c52)c43,C1CCOC1,564.0
8933,CCCCCCCC1=C(C)C(=O)n2c1cc1[nH]c(C(=O)OC)c(C)c1c2=O,C1CCCCC1,448.0
6348,CCOC(=O)C1c2cc(Cl)ccc2C(=O)N1c1ccc(OC)c(OC)c1,CCCCCC,456.0
9295,CCCCc1c2ccccc2c(-c2ccc(-c3nc4cc(CC(NC(=O)OC(C)(C)C)C(=O)OC)ccc4o3)cc2)c2ccccc12,C1CCCCC1,420.5002271
1670,CC(C)(C)c1ccc(C2=CC3=C(c4ccccc4)c4cc(-c5ccc(C(C)(C)C)cc5)c(-c5ccc(C(C)(C)C)cc5)n4[B-](F)(F)[N+]3=C2c2ccc(C(C)(C)C)cc2)cc1,Cc1ccccc1,649.0
7872,C(/C=C/c1cc2c3c(c1)CCCN3CCC2)=C\c1ccncc1,CCCCCCC,442.0
1061,C1=C(c2ccc(-c3cccs3)s2)CCC(c2ccccc2)C1,CCO,411.0
6179,O=C1OC(c2ccccc2)=N/C1=C\c1ccccc1,C1COCCO1,447.0
4190,Cc1cc(C)c(C2=C3C=CC(c4ccc5c(ccc6ccccc65)c4)=[N+]3[B-](F)(F)n3c2ccc3-c2ccc3c(ccc4ccccc43)c2)c(C)c1,ClC(Cl)Cl,624.0
3060,COc1ccc(/C=C/C2=CC(/C=C/c3ccc(OC)c(OC)c3)=[O+][B-](F)(F)O2)cc1OC,CCOCC,521.94
1254,O=C1c2ccccc2-c2ccc(N3CCOCC3)c3cccc1c23,CCO,640.0
952,CN(C)c1ccc(/C=C/C=C2\CCCC2=O)cc1,ClC(Cl)(Cl)Cl,498.0
4867,CN(C)c1ncc2nc(C#N)n(Cc3ccccc3)c2n1,CO,456.0
9646,CN(C)c1ccc(/C=C/C=C/c2ccc([N+](=O)[O-])c(O)c2)cc1,C1COCCO1,634.0
7801,CNc1ccc2c(c1)-c1ccccc1C2=O,CCO,583.0
9967,C(=C/c1cc(-c2ccccc2)c(/C=C/c2ccc(N(c3ccccc3)c3ccccc3)cc2)cc1-c1ccccc1)\c1ccc(N(c2ccccc2)c2ccccc2)cc1,ClCCl,495.0
1118,Cc1ccc(/C=N/c2cc(C(C)C)c(O)cc2C)cc1,CCCCCC,402.0
7772,Nc1cccc2c1C(=O)c1ccccc1-2,C1CCCCC1,471.0
6594,CCN1/C(=C\C2=C([O-])/C(=C/C3=[N+](CC)c4c(ccc5ccc(C)nc45)C3(C)C)C2=O)C(C)(C)c2ccc3ccc(C)nc3c21,C1CCOC1,699.0
9128,CN(C)c1ccc2c(c1)Cc1ccccc1-2,CCCCCC,359.0
8327,CCn1c2ccc(/C=C/c3ccc4c(c3)c3cc(-c5nc6ccccc6s5)ccc3n4CC)cc2c2cc(-c3nc4ccccc4s3)ccc21,CCOC(C)=O,412.0
1718,CCCN1/C(=C/C=C(/C=C/C2=[N+](CCC)c3ccccc3C2(C)C)c2ccc3ccccc3n2)C(C)(C)c2ccccc21,CS(C)=O,664.0
3955,COC(=O)C(NC(=O)OC(C)(C)C)c1ccc2oc(-c3ccc(C#N)cc3)nc2c1,CO,385.0
8473,CN(C)c1ccc(/C=C/C=C2\CC/C(=C\c3ccc(N(C)C)cc3)C2=O)cc1,CCCO,717.0
11468,CC1=CC(C)=[N+]2C1=C(c1c3ccccc3c(-c3ccccc3)c3ccccc13)c1c(C)cc(C)n1[B-]2(F)F,Cc1ccccc1,519.0
2455,O=P(c1ccccc1)(c1ccccc1)n1c2ccccc2c2cc(-n3c4ccccc4c4cc(-n5c6ccccc6c6ccccc65)ccc43)ccc21,C1CCOC1,373.0
9034,N#Cc1ccc2cc[nH]c2c1,CO,367.0
4419,c1ccc(Nc2nc(Nc3ccccc3)nc(Nc3ccc4cc5ccccc5cc4c3)n2)cc1,C1COCCO1,442.0
8833,C(=C/c1ccncn1)\c1ccc(N(c2ccccc2)c2ccccc2)cc1,ClCCl,526.0
10794,F[B-]1(F)n2c(ccc2-c2ccccc2)C(c2ccc(I)cc2)=C2C=CC(c3ccccc3)=[N+]21,ClC(Cl)Cl,588.0
2859,COc1nc(Cl)nc(Nc2ccc3cc4ccccc4cc3c2)n1,C1COCCO1,432.0
2788,CCCCCCOc1ccc(C#Cc2ccc(C#Cc3ccc(OCCCCCC)c(OCCCCCC)c3)c3nsnc23)cc1OCCCCCC,CN(C)C=O,600.0
6908,CN(C)c1ccc2nc(/C=C/c3ccccc3)c(=O)oc2c1,C1CCCCC1,488.0
11239,O=c1oc2ccc(Cl)cc2cc1-c1cc2cc(Cl)ccc2o1,CC#N,431.0
1978,O=C1OC(=O)c2ccc(N(c3ccccc3)c3ccc4ccccc4c3)c3cccc1c23,CCCCCC,520.0
2620,CCOC(=O)c1ccc(O)c(-c2[nH]c(=O)n3c2-c2ccccc2C3=O)c1,CC#N,476.0
8603,CCC1=C(C)C2=C(C)c3c(C)c(CC)c(C)n3[B-](F)(F)[N+]2=C1C,CCCCCCCCO,534.4
2319,Cc1ccc(C(=O)/N=c2\oc3cccc4c5c(-c6ccccc6)oc6cccc(c(c2-c2ccccc2)c34)c65)cc1,ClC(Cl)Cl,535.0
4031,CCOC(=O)c1c(-c2c(Cl)c3ccccc3oc2=O)nn(-c2cccc(Cl)c2)c1C(=O)OCC,ClCCl,409.0
9625,COc1c2ccccc2c(-c2ccccc2)c2ccccc12,CCCCO,426.0
10734,CC(C)[Si]1(C(C)C)c2cc(C#N)ccc2-c2ccc(N(c3ccccc3)c3ccccc3)cc21,CS(C)=O,500.0
1056,CCC1=C(C)C2=C(c3cc(C4=C5C(C)=C(CC)C(C)=[N+]5[B-](F)(F)n5c(C)c(CC)c(C)c54)cc(C4=C5C(C)=C(CC)C(C)=[N+]5[B-](F)(F)n5c(C)c(CC)c(C)c54)c3)c3c(C)c(CC)c(C)n3[B-](F)(F)[N+]2=C1C,CN(C)C=O,570.0
1146,Cc1cc(O)c(C(C)C)cc1/N=C/c1ccc(C(F)(F)F)cc1,CCCCCC,401.0
7649,O=C1/C(=C/C=C/c2cc3c4c(c2)CCCN4CCC3)CC/C1=C\C=C\c1cc2c3c(c1)CCCN3CCC2,CC(C)O,740.0
1937,O=C1Nc2ccccc2/C1=C/C(=O)c1ccccc1,C1CCCCC1,374.0
4643,CCOC(=O)C1=CN(Cc2ccccc2)C=C(C(=O)OCC)C1,C1CCOC1,420.0
8663,CCC1=C(C)C2=Cc3c(I)c(I)c(I)n3[B-](F)(F)[N+]2=C1C,CC(C)=O,553.0
8484,CN(C)c1ccc(/C=C/C=C2\CC/C(=C\c3ccc(N(C)C)cc3)C2=O)cc1,ClCCl,635.0
7105,CC(C)c1cc(C(C)C)c(B2c3cc(N4c5ccccc5C(C)(C)c5ccccc54)ccc3N(c3ccccc3)c3ccc(N4c5ccccc5C(C)(C)c5ccccc54)cc32)c(C(C)C)c1,CCOC(C)=O,481.9727891
6462,C(=C(c1ccccc1)c1ccccc1)c1ccc(C=C(c2ccccc2)c2ccccc2)cc1,C1CCOC1,461.0
8657,CCC1=C(C)C2=C(C)c3cccn3[B-](F)(F)[N+]2=C1C,OCC(F)(F)F,511.0
8480,CN(C)c1ccc(/C=C/C=C2\CC/C(=C\c3ccc(N(C)C)cc3)C2=O)cc1,CS(C)=O,676.0
8,CC(C)(C)c1ccc(-c2nc3c4ccc(-c5cc6ccccc6c6ccccc56)cc4c4cc(-c5cc6ccccc6c6ccccc56)ccc4c3n2-c2ccc(C(C)(C)C)cc2)cc1,CCCCOCCCC,384.0
7464,O=c1c2ccccc2nc2n1[B-](F)(F)[n+]1ccccc1-2,ClCCl,441.0
3746,C[Si]1(C)O[Si](C)(C)c2cc3c(-c4ccccc4F)c4cc(Cl)ccc4nc3cc21,ClCCl,498.0
9148,F[B-]1(F)n2c(c3cccc4cccc2c43)=Nc2cccc[n+]21,CC#N,514.0
11379,CC1(C)CCc2c(c3ccccc3c3nc4c5c(c6ccccc6c4nc23)OC(C)(C)CC5)O1,C1CCOC1,467.2897196
7696,Oc1ccc2ncccc2c1,CC#N,358.0
96,CC1(C)C(/C=C/C2=C(Oc3ccc(CCN=C=S)cc3)/C(=C/C=C3/N(CCCS(=O)(=O)[O-])c4ccccc4C3(C)C)CCC2)=[N+](CCCS(=O)(=O)[O-])c2ccccc21,CO,794.0
1459,COc1ccc(-c2ccc(-c3ccc(C#N)s3)s2)cc1,CC#N,476.0
1082,c1ccc(N(c2ccccc2)c2ccc(-c3ncc(-c4cccs4)s3)cc2)cc1,CO,490.0
6025,CN(C)c1ccc(C#Cc2ccc(C#N)cc2)cc1,CC(C)=O,543.0060817
426,CCCCn1c2c(-c3ccc(N(c4ccccc4)c4ccccc4)cc3)cc(C#N)cc2c2cc(C#N)cc(-c3ccc(N(c4ccccc4)c4ccccc4)cc3)c21,ClCCl,452.0
10740,Fc1c(F)c(F)c2c(c1F)C1=Nc3c4c(F)c(F)c(F)c(F)c4c4n3[B-]3(Cl)n5c(c6c(F)c(F)c(F)c(F)c6c5=N4)=NC2=[N+]13,C1CCOC1,591.0
1883,Cc1ccc(C(=O)/C=C2\C(=O)Nc3ccccc32)cc1,CCCCO,412.0
8740,CC1=C(C(C)(C)C)C(C)=[N+]2C1=C(C)c1c(C)c(C(C)(C)C)c(C)n1[B-]2(F)F,CCCO,564.6
6690,c1cc2cccc3c4cccc5cccc(c(c1)c23)c54,ClC(Cl)Cl,443.0
2627,Cc1ccc(-c2[nH]c(=O)n3c2-c2ccccc2C3=O)c(O)c1,CO,498.0
4450,Cc1cc(C)c(B(c2ccc(C#Cc3cc4ccc5cc(C#Cc6ccc(B(c7c(C)cc(C)cc7C)c7c(C)cc(C)cc7C)cc6)cc6ccc(c3)c4c56)cc2)c2c(C)cc(C)cc2C)c(C)c1,Cc1ccccc1,426.0
8713,CCC1=C(C)C2=C(C)c3cc(I)cn3[B-](F)(F)[N+]2=C1C,CC(C)=O,532.5
4513,CC(C)(C)c1ccc(-c2nc3c4ccc(-c5cccc6ccccc56)cc4c4cc(-c5cccc6ccccc56)ccc4c3n2-c2ccc(C(C)(C)C)cc2)cc1,CCOCC,382.0
6435,CC1=CC(C)=[N+]2C1=C(c1ccc(I)cc1)c1c(C)cc(C)n1[B-]2(Oc1ccc(Cl)cc1)Oc1ccc(Cl)cc1,ClC(Cl)Cl,519.7006606
10532,COc1nc(Nc2ccc3c4c(cccc24)C(=O)c2ccccc2-3)nc(OC)n1,CCOC(C)=O,523.0125523
5321,COc1cc(/C=C/c2cc(OC)c(-c3nc(-c4ccccc4)c(-c4ccccc4)[nH]3)cc2OC)c(OC)cc1/C=C/c1cc(OC)c(-c2nc(-c3ccccc3)c(-c3ccccc3)[nH]2)cc1OC,Cc1ccccc1,502.0
11743,CN(C)c1ccc2cc(C(/C=C/c3cn(C)c4ccccc34)=C(C#N)C#N)c(=O)oc2c1,C1CCOC1,584.0
979,CCC1(CC)c2cc(/C=C/c3cc(C#N)c(/C=C/c4ccc5c(c4)C(CC)(CC)c4cc(N6c7ccccc7Sc7ccccc76)ccc4-5)cc3C#N)ccc2-c2ccc(N3c4ccccc4Sc4ccccc43)cc21,CCCCCC,518.0
11851,Cc1ccc(C2CC(c3ccc(O)cc3)=NN2c2ccc(S(N)(=O)=O)cc2)cc1,CC#N,417.0
1042,CC(C)(C)c1ccc2c(c1)sc1[n+]2[B-](F)(F)n2c(c3cccc4c(Br)ccc2c43)=C1C#N,C1CCOC1,563.0
2085,F[B-]1(F)n2ccnc2-c2cccc[n+]21,C1CCCCC1,338.0
10874,COc1ccc(-c2csc(/C(C#N)=C/c3ccncc3)n2)cc1,ClCCl,542.0
3021,CN(C)c1ccc2cc(C#Cc3cn([C@H]4C[C@H](O)[C@@H](CO)O4)c4ncnc(N)c34)ccc2c1,CCOC(C)=O,418.0
9202,CCN(CC)c1ccc2cc(/C=C/C(=C(C#N)C#N)c3ccc(N(c4ccccc4)c4ccccc4)cc3)c(=O)oc2c1,CS(C)=O,643.0
1592,COc1cc2c(cc1F)c(=O)c1cc(F)c(OC)cc1n2Cc1ccccc1,CCO,416.0
8336,c1ccc2c(c1)c1ccccc1c1[nH]c(-c3ccc(-c4nc5c6ccccc6c6ccccc6c5[nH]4)cc3)nc21,CS(C)=O,430.0
2619,O=C1c2ccccc2-c2c(-c3cccc(Cl)c3O)[nH]c(=O)n21,ClCCl,470.0
3375,c1ccc(-c2cc(-c3ccccc3)cc(-c3ccc4c(c3)C3(c5cc(-c6cc(-c7ccccc7)cc(-c7ccccc7)c6)ccc5-4)c4ccccc4-c4c3c3c5ccccc5ccc3c3ccccc43)c2)cc1,C1CCOC1,420.0
2631,COC(=O)c1ccc(O)c(-c2[nH]c(=O)n3c2-c2ccccc2C3=O)c1,ClCCl,474.0
2742,Cc1cc(C)c(B(c2ccc(-c3ccc(-c4nc5c6ccccc6c6ccccc6c5[nH]4)cc3)cc2)c2c(C)cc(C)cc2C)c(C)c1,Cc1ccccc1,435.0
3048,COc1cc(/C=C/C2=CC(/C=C/c3ccc(O)c(OC)c3)=[O+][B-](F)(F)O2)ccc1O,Cc1ccccc1,521.04
9587,CCOC(=O)C(Cc1ccc(O[Si]2(Oc3ccc(CC(NC(C)=O)C(=O)OCC)cc3)n3c4c5ccccc5c3/N=C3\N=C(/N=c5/c6ccccc6/c(n52)=N/C2=N/C(=N\4)c4ccccc42)c2ccccc23)cc1)NC(C)=O,CN(C)C=O,686.0
5050,C(=C/c1ncnc2ccccc12)\c1ccc(N2CCCCC2)cc1,C1CCCCC1,480.0
3469,OC1(c2ccc(-c3cccs3)s2)CCCC1,CCO,416.0
582,C#CCOc1ccc(C2=[N+]3C(=Nc4c(-c5ccccc5)cc(-c5ccc(O)cc5)n4[B-]3(F)F)C(c3ccccc3)=C2)cc1,ClC(Cl)Cl,708.0
11894,O=P1(c2ccccc2)c2ccc(N3c4ccccc4Sc4ccccc43)cc2-c2cc(N3c4ccccc4Sc4ccccc43)ccc21,Cc1ccccc1,559.0
5403,CC(=O)n1cc(/C=C/c2ccc([N+](=O)[O-])cc2)c2ccccc21,CO,424.0
5651,c1cc2c3c(cccc3c1)NC(c1ccc3ccc4cccc5ccc1c3c45)N2,Cc1ccccc1,502.0
10980,CCN1c2ccc(/C=N/Nc3ccccn3)cc2Sc2cc(/C=N/Nc3ccccn3)ccc21,C1CCOC1,495.0
11511,Cc1cc(C)cc(NC(=O)c2sc(Br)nc2C)c1,CO,402.0
12081,C=Cc1ccc(-c2ccc(-c3nnc(-c4ccc(-c5nnc(-c6ccc(-c7ccc(C=C)cc7)s6)o5)cc4)o3)s2)cc1,CCCCCCCCO,400.0
2992,Fc1c(F)c(F)c([B-]2(c3c(F)c(F)c(F)c(F)c3F)Oc3c(ccc4c5c(ccc34)C=[N+](c3ccccc3)[B-](c3c(F)c(F)c(F)c(F)c3F)(c3c(F)c(F)c(F)c(F)c3F)O5)C=[N+]2c2ccccc2)c(F)c1F,ClCCl,580.0
3,CCCCCCN1C(=O)c2cccc3c(-c4ccc(-c5cc(-c6cccc7ccccc67)nn5-c5ccccc5)s4)ccc(c23)C1=O,ClCCl,515.0
4779,C=CCNc1ccc2c(ccc3oc4cc(=[N+](C)C)ccc-4nc32)c1,O,660.0
410,CCCC1(CCC)c2cc(-c3cccc(C)c3)ccc2-c2ccc(-c3cccc(C)c3)cc21,C1CCCCC1,363.0
10210,CC1(C)c2ccccc2N(c2ccc3c(c2)c2ccccc2c2nc4ccccc4nc32)c2ccccc21,Cc1ccccc1,541.0
11578,CCN(CC)c1ccc2c(C)cc(=O)oc2c1,CCOC(C)=O,416.0
9628,COc1c2ccccc2c(-c2ccccc2)c2ccccc12,Cc1ccccc1,419.0
4168,Cc1ccc(-c2nc(-c3ccc(C#N)cc3)[nH]c2-c2ccc(C)cc2)cc1,CO,447.0
2884,CC1=[N+]2C(=C(c3cccs3)c3ccc(C)n3[B-]2(F)F)C=C1c1cc2n(c1)[B-](F)(F)[N+]1=CC=CC1=C2c1c(C)cc(C)cc1C,C1CCCCC1,650.0
9507,CC(C)(C)c1ccc(-c2cc(-c3ccc(-c4cc(-c5ccc(C(C)(C)C)cc5)c(C(=O)NCc5ccccc5)s4)s3)sc2C(=O)NCc2ccccc2)cc1,ClCCl,449.0
263,N#Cc1ccc2nc3c(=O)[nH]c(=O)[nH]c3nc2c1,ClCCCl,430.0
1983,CCCCCCc1ccc(-n2c3[n+](c4c5ccccc5c5ccccc5c42)[B-](C)(C)c2ccccc2-3)cc1,Cc1ccccc1,385.0
7338,O=C(N/N=C/c1ccccc1O)c1ccc([N+](=O)[O-])cc1,CS(C)=O,330.0
439,COc1ccc(/C=C/c2ccc(-c3ccc(C)cn3)nc2)cc1,CC#N,431.0
8482,CN(C)c1ccc(/C=C/C=C2\CC/C(=C\c3ccc(N(C)C)cc3)C2=O)cc1,ClC(Cl)(Cl)Cl,515.0
8778,CC1=[N+]2C(=C(c3ccccc3C)c3ccc(C)n3[B-]2(F)F)C=C1c1cc2n(c1)[B-](F)(F)[N+]1=CC=CC1=C2c1c(C)cc(C)cc1C,C1CCCCC1,640.0
5683,COc1ccc(C#CC2=C3CCc4ccccc4C3=[O+][B-](F)(F)O2)cc1,ClCCl,493.0
8263,N#Cc1ccc(C#N)c(N)c1,CC#N,401.0
11753,C(=C/c1ccc2ccccc2c1)\c1ccc(Nc2ccccc2)cc1,CCCCCC,388.0
1107,CCc1ccc(/C=N/c2cc(C(C)C)c(O)cc2C)cc1,CS(C)=O,431.0
2913,CCOC(=O)c1sc2nc3c(c(C#N)c2c1N)CCCC3,c1ccccc1,545.0
7923,Cc1ccc(C2=Cc3c4ccccc4cc[n+]3[B-](F)(F)O2)cc1,ClC(Cl)Cl,471.0
3883,Cc1ccc(-c2ccc(/C=C/c3cccs3)cn2)nc1,CC#N,422.0
88,c1ccc2c(c1)sc1c3ccccc3c3ncncc3c21,ClCCl,412.0
3231,CCOC(=O)/C(C#N)=C(\C=C\c1ccc(N(c2ccccc2)c2ccc(/C=C/C(=C(/C#N)C(=O)OCC)c3ccccc3)cc2)cc1)c1ccccc1,ClCCl,577.0
11099,Fc1cccc(C2=Cc3ccc4ccccc4[n+]3[B-](F)(F)O2)c1,ClC(Cl)Cl,435.0
4617,CCN(CC)c1ccc2nc3c4ccccc4c(=O)cc-3oc2c1,Cc1ccccc1,572.0
7502,CN(C)c1ccc(/C=C/C=N/N=C/c2ccc3ccc4cccc5ccc2c3c45)cc1,CC(C)O,472.0
9402,CCOC(=O)C1CC(c2c(C#N)c(C)nn2-c2ccccc2)=CN1c1ccc(Br)cc1,C1CCOC1,480.0
1768,Cc1cc(O)c(C(=O)/C=C/c2ccc(Cl)cc2)c(=O)o1,ClCCl,478.0
3881,C[N+](C)=c1ccc2c(-c3ccccc3C(=O)O)c3ccc4cc(O)ccc4c3oc-2c1,O,583.0
1043,CCOC(=O)CSc1nc2c(c(C#N)c1C#N)CCCC2,c1ccccc1,407.0
8001,COc1ccc(C(=O)[O-])c(O)c1,CO,403.0
274,CCCCCCCCCCCCOc1ccc(/C=N/c2ccc3[nH]c(OCCCCCC)nc3c2)c(O)c1,ClC(Cl)Cl,508.0
1281,c1ccc2c(-n3c4ccccc4c4ccccc43)cccc2c1,C1CCOC1,393.0
7103,CC1(C)c2ccccc2N(c2cc3c4ccccc4n4c5ccccc5c(c2)c34)c2ccccc21,Cc1ccccc1,439.0
2391,CN(C)c1ccc2nc(-c3ccc(C(=O)O)cc3)sc2c1,CC#N,558.0
3386,CCCC1(CCC)c2cc(-c3ccc4c(c3)C(CCC)(CCC)c3cc(-c5ccc6c(c5)C(CCC)(CCC)c5cc(C(C)(C)CC)ccc5-6)ccc3-4)ccc2-c2ccc(-c3ccc4c(c3)C(CCC)(CCC)c3cc(C(C)(C)CC)ccc3-4)cc21,C1CCCCC1,407.0
4602,CCOC(=O)/C(C#N)=C/c1cc2c3ccccc3n(C)c2cc1OC,Cc1ccccc1,446.0
9303,CCC1=C(C)C2=C(c3c(C)cc(C)nc3-c3cccs3)c3c(C)c(CC)c(C)n3[B-](F)(F)[N+]2=C1C,CCO,550.0
9053,N#Cc1cccc2cc[nH]c12,C1CCOC1,368.0
4329,CN(C)c1ccc(C(=O)Nc2cccc(Cl)c2)cc1,C1CCOC1,455.0
8550,Cc1ccc(C2=C3C=CC(C#Cc4ccccc4)=[N+]3[B-](F)(F)n3c(Cl)ccc32)cc1,C1COCCO1,575.0
10068,CCC1(CC)c2cc(-c3ccc(-c4ccccc4)cc3-c3ccccc3)ccc2-c2nc3c(nc21)-c1ccc(-c2ccc(-c4ccccc4)cc2-c2ccccc2)cc1C3(CC)CC,C1CCOC1,434.0
3413,O=C1c2cccc3c(NCc4ccccn4)c4ccccc4c(c23)C(=O)N1Cc1ccccn1,Cc1ccccc1,606.0
10475,Cc1c2ccncc2c(C)c2c1[nH]c1ccccc12,CCC(C)(C)O,419.0
415,CCCCCCCCC1(CCCCCCCC)c2cc(-c3ccccc3)ccc2-c2ccc(-c3ccccc3)cc21,ClC(Cl)Cl,361.0
6326,c1ccc(N(c2ccccc2)c2ccc(-c3ccc(-c4ccc(-c5ccc(-c6ccc(N(c7ccccc7)c7ccccc7)cc6)s5)c5nsnc45)s3)cc2)cc1,ClC(Cl)Cl,690.0
7865,CCOC(=O)C1c2ccccc2C(=O)N1c1ccccn1,CCCCCC,392.0
8414,Fc1ccc(C2=[N+]3C(=Nc4c5ccccc5c(-c5ccc(F)cc5)n4[B-]3(F)F)c3ccccc32)cc1,ClCCl,724.0
710,CC1CC=C(c2ccc(-c3ccc(C=O)s3)s2)CC1,C1CCOC1,467.0
4308,Cc1ccc(NC(=O)c2ccc(N(C)C)cc2)cc1,C1CCCCC1,465.0
3707,Cc1nc2c(c[n+]1C)CN1C(=O)N([C@H]3O[C@@H](CO)[C@H](O)[C@@H]3O)C=CC1=N2,CCO,417.0
407,CCCC1(CCC)c2cc(-c3ccc(C(C)(C)CC)cc3)ccc2-c2ccc(-c3ccc(C(C)(C)CC)cc3)cc21,C1CCCCC1,368.0
8886,CCCCc1cc(C=O)c2ccc3c(CCCC)cc(N4CCCCC4)c4ccc1c2c34,ClC(Cl)Cl,562.0
10082,N#Cc1nc2c3ccc(-c4ccc(-n5c6ccccc6c6ccccc65)cc4)cc3c3cc(-c4ccc(-n5c6ccccc6c6ccccc65)cc4)ccc3c2nc1C#N,O=P(c1ccccc1)(c1ccccc1)c1cccc(-c2cc(-n3c4ccccc4c4ccccc43)cc(-n3c4ccccc4c4ccccc43)c2)n1,552.0
3315,COc1ccc(C2=C3C(C)=CC(C)=[N+]3[B-](F)(F)n3c(/C=C/c4ccc(N(C)C)cc4)cc(C)c32)cc1,C1CCOC1,664.0
7107,CC(C)c1cc(C(C)C)c(B2c3cc(N4c5ccccc5C(C)(C)c5ccccc54)ccc3N(c3ccccc3)c3ccc(N4c5ccccc5C(C)(C)c5ccccc54)cc32)c(C(C)C)c1,ClCCl,494.5578231
12058,CN(C)c1ccc(/C=C2\CCCC2=O)cc1,Cc1ccccc1,424.0
4191,CC(C)(C)c1ccc2c(c1)c1cc(C(C)(C)C)ccc1n2-c1ccc(C#Cc2ccc(C#Cc3ccc(C=C(C#N)C#N)cc3)cc2)cc1,ClCCl,474.0
10898,O=S(=O)(c1ccc(-c2ccc(-c3nc4c5ccccc5c5ccccc5c4n3-c3ccccc3)cc2)cc1)c1ccc(-c2ccc(-c3nc4c5ccccc5c5ccccc5c4n3-c3ccccc3)cc2)cc1,CC#N,479.0
6691,c1cc2cccc3c4cccc5cccc(c(c1)c23)c54,ClCCl,448.0
4772,N#Cc1c(-c2cccs2)cc(-c2cccs2)[nH]c1=O,CCOC(C)=O,470.0
4676,CC(C)(C)c1ccc(-c2nnc(-c3ccc4ccc5cccc6ccc3c4c56)o2)cc1,CCCCCC,418.0
6757,CCCC1(CCC)c2ccccc2-c2ccc(-c3ccc4c(c3)C(CCC)(CCC)c3cc(-c5ccc6c(c5)C(CCC)(CCC)c5ccccc5-6)ccc3-4)cc21,C1CCCCC1,396.0
1523,Oc1cccc(/N=C/c2ccccc2Oc2ccccc2)c1,N#Cc1ccccc1,385.0
3314,COc1ccc(C2=C3C(C)=CC(C)=[N+]3[B-](F)(F)n3c(/C=C/c4ccc(N(C)C)cc4)cc(C)c32)cc1,C1CCCCC1,612.0
1110,CCc1ccc(/C=N/c2cc(C(C)C)c(O)cc2C)cc1,O,444.0
10059,CC1(C)C(/C=C/C2=C(Cl)/C(=C/C=C3/N(Cc4ccccc4)c4ccccc4C3(C)C)CCC2)=[N+](Cc2ccccc2)c2ccccc21,CO,813.0
1406,COc1cc(/C=C2/SC(=O)NC2=O)cc(OC)c1O,C1CCCCC1,408.0
6679,OCc1ccc2c3cccc4cccc(c5cccc1c52)c43,CCO,446.0
2932,COc1ccc(-c2csc(/C(C#N)=C/c3ccccc3Cl)n2)cc1,CC#N,555.0
7135,CC/[NH+]=c1\cc2oc3cc(NCCC(=O)NC(C)C(=O)OC)c4ccccc4c3nc-2cc1C,CCO,644.0
6925,c1ccc2c(-n3cnc4ccccc43)cccc2c1,CCOCC,361.0
8560,CN(C)c1ccc2c(c1)C(=O)NC2=O,CC(C)O,523.0
11343,O=C1c2ccccc2C(=O)c2cc(-c3ccc(N(c4ccccc4)c4ccccc4)cc3)ccc21,CCCCCC,529.0
11290,COC1=C/C(=C\C=C2C=CN(Cc3ccc(Br)cc3)C=C2)C=CC1=O,CCCO,639.0
633,C1=Cc2ccccc2Cc2ccccc21,CO,380.0
8383,COC(=O)C(Cc1ccc2oc(-c3ccc4c(c3)c3ccccc3n4-c3ccccc3)nc2c1)NC(=O)OC(C)(C)C,CCCCCCCO,382.9950211
10566,c1ccc(-c2nc(-c3ccc(-c4ccc(N(c5ccccc5)c5ccccc5)cc4)cn3)oc2-c2ccccc2)cc1,CCCCCC,399.0
6372,COc1ccc(-c2nc(-c3cc(Cl)sc3C)c(-c3cc(Cl)sc3C)[nH]2)cc1,CC#N,489.0
6425,Oc1cc(N(c2ccccc2)c2ccccc2)ccc1-c1nc2c3ccccc3c3ccccc3c2[nH]1,CS(C)=O,430.0
131,CCOC(=O)CN1C(=O)C2=C(c3ccc(N4CCCCC4)cc3)N(CC(=O)OCC)C(=O)C2=C1c1ccc(N2CCCCC2)cc1,CS(C)=O,603.0
5297,N#CC(C#N)=C(/C=C/c1cn(-c2ccccc2)nc1-c1ccccc1)c1ccccc1,CS(C)=O,509.0
4004,COC(=O)C(Cc1ccc2oc(-c3ccc(N(C)C)cc3)nc2c1)NC(=O)OC(C)(C)C,OC1CCCCC1,398.9945338
9643,CN(C)c1ccc(/C=C/C=C/c2ccc(C#N)cc2)cc1,CCOCC,509.0
774,N#Cc1c(N2CCCCC2)cc(-c2ccc(O)cc2)c2c1-c1cccc3cccc-2c13,C1COCCO1,540.0
9744,CN1c2ccc3c(c2-c2ccccc2S1(=O)=O)-c1ccccc1S(=O)(=O)N3C,ClCCl,443.0
3857,O=S(=O)(/N=c1\oc2cccc3c4c(-c5ccccc5)oc5cccc(c(c1-c1ccccc1)c23)c54)C(F)(F)F,O,601.0
469,CCn1c(-c2ccc(-c3ccc4c(c3)C(c3ccccc3)(c3ccccc3)c3ccccc3-4)cc2)c(-c2ccc3ccccc3c2)c(-c2ccc3ccccc3c2)c1-c1ccc(-c2ccc3c(c2)C(c2ccccc2)(c2ccccc2)c2ccccc2-3)cc1,CCOC(C)=O,441.0
8784,COc1ccccc1-c1nc2c3ccccc3c3ccccc3c2o1,Cc1ccccc1,368.0
11184,COc1c2ccccc2c(OC)c2c1c1ccc(C(F)(F)F)cc1n2C,C1CCCCC1,426.0
10183,O=C(c1ccc(-n2c3ccccc3c3cc(-n4c5ccccc5c5ccccc54)ccc32)cc1)c1ccc(-n2c3ccccc3c3cc(-n4c5ccccc5c5ccccc54)ccc32)cn1,Cc1ccccc1,462.0
10687,Cc1ccc2cc3cc(C)ncc3cc2c1,CCO,443.2624113
12166,COc1ccc2c(c1)c1ccccc1n2-c1nc2ccccc2nc1-n1c2ccccc2c2cc(OC)ccc21,C1CCOC1,588.8567294
5553,c1ccc(-c2nc3ccccc3nc2-c2cc(-n3c4ccccc4c4ccccc43)cc(-n3c4ccccc4c4ccccc43)c2)cc1,Cc1ccccc1,446.0
12254,CC1(C)C(/C=C/C=C/c2cc3ccc(O)cc3oc2=O)=[N+](CCCS(=O)(=O)[O-])c2ccc(S(=O)(=O)O)cc21,CS(C)=O,655.0
563,CCOC(=O)/C(C)=C/C1=C(c2ccc(C)cc2)C2=Nc3c(-c4ccc(C)cc4)c(Br)c(-c4ccc(C)cc4)n3[B-](F)(F)[N+]2=C1c1ccc(C)cc1,ClC(Cl)Cl,702.0
1905,O=C1Nc2ccccc2/C1=C/C(=O)c1ccc(Cl)cc1,CC(C)O,404.0
7300,CCN(CC)c1cccc2c1ccc1c(=O)oc(-c3ccc(C(F)(F)F)cc3)cc12,CN(C)C=O,613.0
6851,COc1cc(N(c2ccccc2)c2ccccc2)ccc1C=C(C#N)C#N,Cc1ccccc1,525.0
7553,COc1cc(OC)cc(C(=O)OCc2c(C)c(=O)n3c(=O)c(C)c(C)n23)c1,CCO,462.0
1576,c1ccc(-c2nc(-c3c[nH]c4ccccc34)n3ccccc23)cc1,ClCCl,506.0
5361,c1ccc(-n2nc(-c3ccc(N4c5ccccc5Oc5ccccc54)cc3)nc2-c2ccccn2)cc1,ClCCl,468.0
3128,CCOC(=O)c1sc(SC)c2c(=O)[nH]nnc12,C1CCOC1,465.0
7676,CCN(CC)c1ccc2c(C#N)c(/C=C(\C#N)c3nc4ccccc4o3)c(=O)oc2c1,CCO,700.0
11140,CCCCC(CC)CN1C(=O)c2cccc3c(C#Cc4ccc(N(c5ccc(C#Cc6ccc7c8c(cccc68)C(=O)N(CC(CC)CCCC)C7=O)cc5)c5ccc(C#Cc6ccc7c8c(cccc68)C(=O)N(CC(CC)CCCC)C7=O)cc5)cc4)ccc(c23)C1=O,Cc1ccccc1,516.0
79,O=c1oc2ccc3ccc(O)cc3c2nc1-c1ccccc1,c1ccccc1,486.0
6703,CCCCCCCC(=O)Oc1ccc2c3cccc4c(OC(=O)CCCCCCC)ccc(c5cccc1c52)c43,c1ccncc1,459.01638
2474,O=C([O-])c1c(Cl)c(Cl)c(Cl)c(Cl)c1-c1c2cc(I)c(=O)c(I)c-2oc2c(I)c([O-])c(I)cc12,O,566.0
4449,COc1cc(/C=C/c2nc3ccccc3s2)c(OC)cc1/C=C/c1ccncc1,CN(C)C=O,485.0
3355,Oc1ccc2ccccc2c1/C=N/CC/N=C/c1c(O)ccc2ccccc12,CC#N,466.0
4884,COC(=O)c1nc2cnc(N(C)C)nc2n1Cc1ccccc1,ClCCl,433.0
10962,CCN(CC)c1ccc2cc(-c3ccc(S(C)(=O)=O)cc3)oc(=O)c2c1,ClC(Cl)Cl,456.0
4622,CN(C)c1ccc2c3c(c(=O)oc2c1)C=c1cc2c(cc1O3)=[N+](CCC(=O)O)CCC2,CC#N,644.0
5545,CCCCCCC(CCCCCC)N1C(=O)c2cccc3c(-c4ccc(OC)c5ccccc45)ccc(c23)C1=O,CCCCO,576.8
2954,CC1=[N+]2C(=C(c3ccc(-c4c5ccccc5c(-c5ccccc5)c5ccccc45)cc3)c3ccc(C)n3[B-]2(F)F)C=C1,CCO,526.0
8471,CN(C)c1ccc(/C=C/C=C2\CC/C(=C\c3ccc(N(C)C)cc3)C2=O)cc1,CCCCO,712.0
12015,Cc1cc(C)c([B-]2(c3c(C)cc(C)cc3C)[O+]=P(c3ccccc3)(c3ccccc3)c3cc(-c4ccccc4)sc3-c3sc(-c4ccccc4)cc32)c(C)c1,C1CCOC1,488.0
1904,O=C1Nc2ccccc2/C1=C/C(=O)c1ccc(Cl)cc1,CC(C)(C)O,405.0
9822,COc1ccc(C#Cc2nc3ccccc3nc2-c2cn(C)c3ccccc23)cc1,CCO,522.0
1851,COc1ccc2c(-c3nc(-c4ccccc4F)no3)cc(=O)oc2c1,ClC(Cl)Cl,453.0
4328,CN(C)c1ccc(C(=O)Nc2cccc(Cl)c2)cc1,C1CCCCC1,338.0
2901,O=c1c2ccccc2sc2ccc(-n3c4ccccc4c4ccccc43)cc12,ClCCl,483.5
3492,Cc1c2ccc3c(C)[n+](C)ccc3c2cc[n+]1C,CC#N,408.0
10119,CCN(CC)c1ccc2c(c1)oc(=O)c1c(C)nc3c(c(C)nn3-c3ccccc3)c12,ClCCl,452.0
1145,Cc1cc(O)c(C(C)C)cc1/N=C/c1ccc(C(F)(F)F)cc1,CC(C)O,434.0
4111,N#Cc1c(-c2ccc([N+](=O)[O-])cc2)cc(-c2ccc([N+](=O)[O-])cc2)[nH]c1=O,CCOC(C)=O,486.0
6386,COc1cccc(C2=C(c3ccc(C(C)(C)C)cc3)C(c3ccc(C(C)(C)C)cc3)=[N+]3C2=C(c2ccccc2)c2c(-c4cccc(OC)c4)c(-c4ccc(C(C)(C)C)cc4)c(-c4ccc(C(C)(C)C)cc4)n2[B-]3(F)F)c1,C1CCOC1,638.0
11084,Cc1ccc(C2=Cc3ccc4ccccc4[n+]3[B-](F)(F)O2)cc1,ClC(Cl)Cl,443.0
8493,Cc1cc(C)c2nc3c(=O)n(C)c(=O)nc-3n(C)c2c1,CC#N,540.0
852,c1ccc(-c2nc(-c3ccccc3)c(N(c3ccccc3)c3ccccc3)[se]2)cc1,ClC(Cl)Cl,480.0
1494,CC[Si](C#Cc1c2c(=O)c3ccccc3c2c(C#C[Si](CC)(CC)CC)c2c(=O)c3ccccc3c12)(CC)CC,ClC(Cl)Cl,569.0
7635,Cc1ccccc1-c1c2ccc(=[N+]3CCN(C(=O)OC(C)(C)C)CC3)cc-2oc2cc(N3CCN(C(=O)OC(C)(C)C)CC3)ccc12,ClCCl,577.0
3101,Cc1nc2cc(/C=C/c3ccc(N(C)C)cc3)ccc2nc1-c1ccccc1,ClCCl,596.0
4217,CCN(CC)c1ccc2c(c1)C(C)(C)C(=O)C=C2,O,552.0
1805,Oc1ccccc1-c1nc2c3ccccc3c3ccccc3c2n1-c1ccccc1,Cc1ccccc1,369.0
4060,O=C1/C(=C\c2ccc(N(c3ccccc3)c3ccccc3)cc2)S(=O)(=O)c2ccccc21,CN(C)C=O,520.0
5008,CN(C)c1ccc(-c2cc(-c3ccc(N(C)C)cc3)ncn2)cc1,ClCCl,429.0
4900,COC(=O)CNC(=O)c1nc2c(N(C)C)nc(N(C)C)nc2n1Cc1ccccc1,CO,429.0
188,CN(C)c1ccc(/C=C/c2cc(/C=C/c3ccc(N(C)C)cc3)nc(/C=C/c3ccccc3)n2)cc1,C1CCOC1,526.0
1123,Cc1ccc(/C=N/c2cc(C(C)C)c(O)cc2C)cc1,CO,422.0
10285,Cc1cc2ccsc2c2[nH]c3ccccc3c12,ClCCl,351.0
2271,CCOC(=O)CN1C(=O)C2=C(c3ccc(N4CCCCC4)cc3)N(CC(=O)OCC)C(=O)C2=C1c1ccccc1,CS(C)=O,601.0
5747,C[n+]1ccc(/C=C/c2ccc([O-])cc2)cc1,CN(C)C=O,608.0
1594,O=S1(=O)c2ccc(-n3c4ccccc4c4ccccc43)cc2-c2cc(-n3c4ccccc4c4ccccc43)ccc21,ClC(Cl)Cl,456.0
10416,Clc1ccc(-c2nc(-c3ccccc3)c(N(c3ccccc3)c3ccccc3)s2)cc1,ClC(Cl)Cl,474.0
500,COc1ccc(/C=C/C=C/C=C/c2ccc([N+](=O)[O-])cc2)cc1,CO,690.0
8715,CCC1=C(C)C2=C(C)c3cc(I)cn3[B-](F)(F)[N+]2=C1C,CCOC(C)=O,531.5
2412,CN(C)C(=O)c1ccc(-c2nc3ccc(N(C)C)cc3s2)cc1,ClC(Cl)Cl,472.0
11292,COC1=C/C(=C\C=C2C=CN(Cc3ccc(Br)cc3)C=C2)C=CC1=O,CN(C)C=O,682.0
3859,Cc1ccc(-c2oc3cccc4c5c(-c6ccc(C)cc6)c(=N)oc6cccc(c2c34)c65)cc1,ClC(Cl)Cl,495.0
590,COc1ccc(C2=CC(c3ccccc3)=[N+]3C2=Nc2c(-c4ccc(OC)cc4)cc(-c4ccccc4)n2[B-]3(F)F)cc1,Cc1ccccc1,697.0
5684,COc1ccc2c(c1)CCC1=C(C#Cc3ccc(Cl)cc3)O[B-](F)(F)[O+]=C12,ClCCl,472.0
4029,CCOC(=O)c1c(-c2c(Cl)c3ccccc3oc2=O)nn(-c2ccc(OC)cc2)c1C(=O)OCC,ClCCl,484.0
7132,CCOC(=O)CCOc1ccc(C(c2c(C)[nH]c3ccccc23)c2c(C)[nH]c3ccccc23)cc1,C1CCCCC1,328.0
4519,CCOC(=O)C1=C(N)n2c(=O)c3ccccc3c(=O)n2C1c1cccs1,CS(C)=O,439.0
2075,COC(=O)C(Cc1ccc2oc(-c3ccc(N(c4ccccc4)c4ccccc4)cc3)nc2c1)NC(=O)OC(C)(C)C,CN(C)C=O,461.7508669
5431,COc1ccc2c3c(cccc13)C(=O)N(C)C2=O,CC#N,434.0
3017,CN(C)c1ccc2cc(C#Cc3cn([C@H]4C[C@H](O)[C@@H](CO)O4)c4ncnc(N)c34)ccc2c1,C1CCOC1,418.0
9920,COCCN1C(=O)/C(=C/c2cccc(N(C)C)c2)N=C1C,C1CCOC1,563.0
777,N#Cc1c(N2CCCCC2)cc(-c2ccc(O)cc2)c2c1-c1cccc3cccc-2c13,CN(C)C=O,573.0
5157,CCCCc1ccc2c(c1)c1cc(CCCC)ccc1n2-c1ccc(S(=O)(=O)c2ccc(S(=O)(=O)c3ccc(-n4c5ccc(CCCC)cc5c5cc(CCCC)ccc54)cc3)cc2)cc1,c1cc(-n2c3ccccc3c3ccccc32)nc(-n2c3ccccc3c3ccccc32)c1,467.2413793
7303,CN(C)c1ccc(-c2cc3c(ccc4c([N+](=O)[O-])cccc43)c(=O)o2)cc1,CC(C)=O,530.0
1194,COc1ccc(N(c2ccc(OC)cc2)c2ccc(-c3ccc(C=C(C#N)C#N)cc3)cc2)cc1,ClC(Cl)Cl,696.0
10074,Cc1cn2cc(-c3ccc(C#N)cc3)[n-][n+]2c1,ClCCl,518.0
11366,CCOC(=O)C1(O)c2cc3ccc4cccc5ccc(c2C(=O)N1C(C)(C)C)c3c45,ClC(Cl)Cl,387.0
8931,CCC1=C(C)C(=O)n2c1cc1[nH]c(C(=O)OC(C)(C)C)c(C)c1c2=O,ClC(Cl)Cl,453.0
9307,CCC1=C(C)C2=C(c3c(C)cc(C)nc3-c3cccs3)c3c(C)c(CC)c(C)n3[B-](F)(F)[N+]2=C1C,CS(C)=O,552.0
3131,CCOC(=O)c1sc(SC)c2c(=O)[nH]nnc12,CN(C)C=O,478.0
7334,O=C(N/N=C/c1ccccc1O)c1ccc([N+](=O)[O-])cc1,CC#N,378.0
1113,Cc1ccc(/C=N/c2cc(C(C)C)c(O)cc2C)cc1,C1CCOC1,410.0
8256,N#Cc1cc(N)cc(C#N)c1,CCCCCCC,360.0
6946,Cc1ccc(C2=Nc3cccc4[n+]3[B-](c3ccccc3)(N2)NC(c2ccc(C)cc2)=N4)cc1,ClCCl,508.0
5062,O=C1/C(=C2\Sc3ccc(S(=O)(=O)O)cc3C2=O)Sc2ccc(S(=O)(=O)O)cc21,CS(C)=O,629.0
10133,C(S/C=C/c1ccc(-c2ccc(/C=C/SC=C3CCCCCCC3)cc2)cc1)=C1CCCCCCC1,ClCCl,437.0
6108,N#Cc1ccc(C#Cc2ccccc2C#N)cc1,ClC(Cl)Cl,332.0
3437,CN1/C(=C/C=C(/C=C/C2=[N+](C)c3ccccc3C2(C)C)c2ccc(C(F)(F)F)cc2)C(C)(C)c2ccccc21,CO,659.0
9801,CC(C)(C)c1ccc(-c2sc3c(-c4ccc(C(C)(C)C)cc4)c4n(c3c2-c2ccc(C(C)(C)C)cc2)[B-](F)(F)[N+]2=Cc3c(-c5ccc(C(C)(C)C)cc5)c5sc(-c6ccc(C(C)(C)C)cc6)c(-c6ccc(C(C)(C)C)cc6)c5n3[B-](F)(F)[N+]2=C4)cc1,CC#N,627.0
5665,CCN(CC)c1ccc2cc(/C=C(\C#N)c3nc4ccccc4s3)c(=O)oc2c1,Cc1ccccc1,567.0
565,CCOC(=O)/C=C/C1=C(c2ccc(C)cc2)C2=Nc3c(-c4ccc(C)cc4)cc(-c4ccc(C)cc4)n3[B-](F)(F)[N+]2=C1c1ccc(C)cc1,ClC(Cl)Cl,700.0
8446,CC(C)(C)c1ccc(-c2nc3c4ccc(-c5ccc6ccc7cccc8ccc5c6c78)cc4c4cc(-c5ccc6ccc7cccc8ccc5c6c78)ccc4c3n2-c2ccc(C(C)(C)C)cc2)cc1,CCCCCC,428.0
1803,Cc1ccc(-n2c(-c3ccccc3N)nc3c4ccccc4c4ccccc4c32)cc1,Cc1ccccc1,396.0
8362,C(=C/c1ncnc2ccccc12)\c1ccc(-c2ccc(N(c3ccccc3)c3ccccc3)cc2)cc1,CS(C)=O,641.0
6997,CC[n+]1c(C=C2C(=O)C(C=C3N(C)c4ccccc4C3(C)C)=C2[O-])sc2ccccc21,ClC(Cl)Cl,666.0
1642,CN1C(=O)c2cccc3c(-n4c5ccccc5c5ccccc54)ccc(c23)C1=O,CCCCCC,440.0
5894,CN(C)c1c2ccccc2cc2ccccc12,C1COCCO1,392.0
4077,CN(C)c1ccc2nc(-c3ccc(C(=O)Nc4ccccc4)cc3)sc2c1,CO,565.0
10632,CC(=O)c1c2c(cc3ccc(N(C)C)cc13)CCC2,C1CCCCC1,466.0
8797,CCC1=C(C)C2=C(C)c3c(C)c(-c4csc(N5CCOCC5)n4)c(C)n3[B-](F)(F)[N+]2=C1C,CN(C)C=O,539.0
6554,Cc1cc2[nH]c3ccccc3c2c2[nH]c3ccccc3c12,ClCCl,355.0
46,COC(=O)[C@@H]1C(=O)Oc2ccccc2[C@H]1c1c[nH]c2ccccc12,CS(C)=O,376.0
1149,Cc1cc(O)c(C(C)C)cc1/N=C/c1ccc(C(F)(F)F)cc1,CCOC(C)=O,421.0
4822,COc1ccc(C#Cc2ncc(-c3ccccc3)o2)cc1OC,ClCCl,390.0
8059,COC(=O)/C=C/C=C/c1ccc(N(C)C)cc1,CC(C)O,435.0
765,CN(c1ccccc1)c1ccc(/C=C2\C(=O)c3ccccc3S2(=O)=O)cc1,CC(C)=O,537.0
3942,CN(C)c1ccc2cc3ccc(=[N+](C)C)cc-3oc2c1,CCO,568.0
3886,C/C(=N\Nc1ccc(C#N)cc1)c1cccc(/C(C)=N/Nc2ccc(C#N)cc2)c1,CCCCCC,467.0
1566,Oc1ccccc1/N=C/c1ccccc1Oc1ccccc1,CCCCOC(C)=O,409.0
10154,CCCC1(CCC)c2ccccc2-c2ccc(-c3ccc(C(C)(C)C)cc3)cc21,C1CCCCC1,314.0
6159,c1ccc(-n2c(-c3cccc4ccccc34)nc3c4ccccc4c4ccccc4c32)cc1,Cc1ccccc1,410.0
5259,O=C(O)c1c2ccccc2nc2ccccc12,CC#N,421.0
10085,c1ccc(N(c2ccccc2)c2ccc3ccc4c(N(c5ccccc5)c5ccccc5)ccc5ccc2c3c54)cc1,Cc1ccccc1,458.0
5171,Brc1ccc(/C=C/c2cnc3ccccc3n2)cc1,ClCCl,455.0
11020,CC(C)[Si](C#Cc1c2ccccc2c(C#C[Si](C(C)C)(C(C)C)C(C)C)c2nc3c(nc12)Cc1ccccc1-3)(C(C)C)C(C)C,CCCCCC,494.0
11940,O=C1c2ccccc2C(=O)C1C1C(=O)c2c3ccccc3cc3cc4ccccc4c1c23,Cc1ccccc1,563.0
2655,CC1=CC(c2ccc3cc(N(C)C)ccc3c2)=[O+][B-](F)(F)O1,CS(C)=O,624.0
1011,FC(F)(F)c1ccc(-n2c(-c3ccc(N(c4ccc(-c5ccc(N(c6ccc(-c7nc8c9ccccc9c9ccccc9c8n7-c7ccc(C(F)(F)F)cc7)cc6)c6ccc(-c7nc8c9ccccc9c9ccccc9c8n7-c7ccc(C(F)(F)F)cc7)cc6)cc5)cc4)c4ccc(-c5nc6c7ccccc7c7ccccc7c6n5-c5ccc(C(F)(F)F)cc5)cc4)cc3)nc3c4ccccc4c4ccccc4c32)cc1,ClCCl,442.0
3026,COc1ccc(/C=C/C2=CC(/C=C/c3ccc(OC)cc3)=[O+][B-](F)(F)O2)cc1,CCOC(C)=O,515.0
9589,COC(=O)c1nc(Br)c(-c2ccccc2)o1,C1CCCCC1,344.0
3602,CC(C)(C)c1cccc2c1oc1nc3oc4cc(-n5c6ccccc6c6ccccc65)ccc4c3cc12,ClC(Cl)Cl,397.0
6224,Cc1ccc(-n2c3ccccc3c3cc(C=C(C#N)C#N)ccc32)cc1,CO,519.0
4714,COc1cc(OC)c2cc(-c3ccc(-c4cc5c(OC)cc(OC)cc5oc4=O)cc3)c(=O)oc2c1,ClC(Cl)Cl,446.0
11037,Brc1ccc(-c2nc(-c3ccc(C#Cc4ccc(-n5c6ccccc6c6ccccc65)cc4)cc3)nc(-c3ccc(C#Cc4ccc(-n5c6ccccc6c6ccccc65)cc4)cc3)n2)cc1,CCCCCC,411.0
6651,CCOC(=O)c1sc2nc(-c3ccccc3)c(C)c(C#N)c2c1N,c1ccccc1,549.0
7381,c1ccc(-c2ccc(-c3ccccc3)cc2)cc1,CCO,375.0
2439,CCCCCCN(c1ccccc1)c1ccc(/C=C/c2cc(=O)oc3cc(C)ccc23)cc1,CS(C)=O,583.0
10403,c1cc2c3c(cccc3c1)-c1c-2ccc2ccc3ccccc3c12,CCCCCCC,496.0
11873,NS(=O)(=O)c1ccc(N2N=C(c3ccc(O)cc3)CC2c2ccc(Cl)cc2)cc1,CCO,427.0
10509,CCn1c2ccccc2c2cc(C#Cc3cc(C#Cc4ccc5c(c4)c4ccccc4n5CC)ncn3)ccc21,CN(C)C=O,502.0
11449,CC1=[N+]2C(=C(c3c4ccccc4c(-c4ccccc4)c4ccccc34)c3ccc(C)n3[B-]2(F)F)C=C1,CN(C)C=O,533.0
10192,Cc1cccc(C)c1Nc1ccc(/C=C/c2cccnc2)cc1,CC#N,450.0
1345,CCc1c(C)[nH]c(C2=[N+]3C(=Cc4c(C)c(CC)c(/C=C/c5ccc(N(C)C)cc5)n4[B-]3(F)F)c3ccccc32)c1C,ClCCl,770.0
1444,O=C1OC(=O)c2ccc(N(c3ccccc3)c3ccc4ccc5cccc6ccc3c4c56)c3cccc1c23,c1ccccc1,605.0
10891,O=S(=O)(c1ccc(-c2ccc(-c3nc4c5ccccc5c5ccccc5c4n3-c3ccccc3)cc2)cc1)c1ccc(-c2ccc(-c3nc4c5ccccc5c5ccccc5c4n3-c3ccccc3)cc2)cc1,CCOC(C)=O,448.0
4960,CCCCn1c2ccc(C#N)cc2c2cc(C#N)cc(-c3ccc(N(c4ccccc4)c4ccccc4)cc3)c21,CC#N,474.0
9830,C(=C/c1ncc2ccccc2n1)\c1ccc(N(c2ccccc2)c2ccccc2)cc1,C1CCOC1,498.0
80,COc1ccc2ccc3oc(=O)c(-c4ccccc4)nc3c2c1,c1ccccc1,488.0
10521,COc1nc(Cl)nc(Nc2ccc3c4c(cccc24)C(=O)c2ccccc2-3)n1,CC#N,537.9236148
2615,O=C1c2ccccc2-c2c(-c3cc(Cl)ccc3O)[nH]c(=O)n21,CO,493.0
335,CCCCN(CCCC)c1ccc(C#Cc2cc(C#Cc3c(F)c(F)c(F)c(F)c3F)c(C#Cc3c(F)c(F)c(F)c(F)c3F)cc2C#Cc2ccc(N(CCCC)CCCC)cc2)cc1,ClCCl,556.0
10938,CN(C)c1ccc(-c2cc3ccc([N+](=O)[O-])cc3c(=O)o2)cc1,CCCCO,559.0
6422,Oc1cc(N(c2ccccc2)c2ccccc2)ccc1-c1nc2c3ccccc3c3ccccc3c2[nH]1,CC#N,431.0
6444,N#CSC1=CC2=C(c3ccccc3)c3ccc(SC#N)n3[B-](F)(F)[N+]2=C1N1CCOCC1,CCOC(C)=O,589.0
1572,Oc1ccccc1/N=C/c1ccccc1Oc1ccccc1,CO,414.0
8883,CCCCc1cc(C=O)c2ccc3c(CCCC)cc(N4CCCCC4)c4ccc1c2c34,CN(C)C=O,575.0
10619,CC(=O)c1c2c(cc3c(N(C)C)cccc13)CCC2,CS(C)=O,598.0
879,CCc1c(C)c2n(c1C)[B-](F)(F)[N+]1=C(c3ccc[nH]3)c3ccccc3C1=C2C,C1CCOC1,627.0
8539,O=C1OC(c2ccccc2)=C/C1=C\c1ccccc1,C1COCCO1,493.0
10469,Cc1c2ccncc2c(C)c2c1[nH]c1ccccc12,C1CCCCC1,392.0
1509,Oc1cccc(/N=C/c2ccccc2Oc2ccccc2)c1,CCCCCCCCO,410.0
1896,Cc1ccc(C(=O)/C=C2\C(=O)Nc3ccccc32)cc1C,CCOC(C)=O,395.0
4785,Clc1ccc(N2c3sc4ccccc4c3Sc3sc4ccccc4c32)cc1,ClCCl,563.0
6909,CN(C)c1ccc2nc(/C=C/c3ccccc3)c(=O)oc2c1,C1COCCO1,533.0
7966,Nc1ccccc1C(=O)O,O,398.5
10076,N#Cc1ccc(-c2cn3cc(C#N)c[n+]3[n-]2)cc1,ClCCl,453.0
1845,CCOc1ccc2c(-c3nc(-c4ccccc4)no3)cc(=O)oc2c1,CCO,468.0
111,N#Cc1ccc(N(c2ccc(C#N)cc2)c2ccc3c4cccc5c(N(c6ccc(C#N)cc6)c6ccc(C#N)cc6)ccc(c6cccc2c63)c54)cc1,C1CCOC1,531.0
472,CN(C)c1ccc(/C=C/C=C/C=C/c2ccc(N(C)C)cc2)cc1,C1CCOC1,482.0
9750,CC[n+]1ccc(/C=C/c2cc3cccc4ccc5cccc2c5c43)cc1,CC#N,622.0
8893,CCCCc1cc(C(=O)CCC)c2ccc3c(CCCC)cc(N4CCCCC4)c4ccc1c2c34,CO,601.0
7067,O=C1OC(c2ccccc2)=N/C1=C\c1ccc(N(c2ccccc2)c2ccccc2)cc1,CN(C)C=O,627.0
5138,C(/C=C/c1ccc(N(c2ccccc2)c2ccccc2)cc1)=C\c1ccncc1,CC#N,534.0
8450,c1ccc(-c2cc(-c3ccc(N(c4ccccc4)c4ccccc4)cc3)cc(-c3ccccc3)n2)cc1,CC#N,489.0
10196,Fc1cc(-c2ccc(-c3nc4ccccc4[nH]3)cc2)ccc1-c1ccc(-c2nc3ccccc3[nH]2)cc1,CN(C)C=O,414.0
1183,CCn1c2ccsc2c2c3nsnc3c3c4sccc4n(CC)c3c21,Cc1ccccc1,523.0
9626,COc1c2ccccc2c(-c2ccccc2)c2ccccc12,CCO,426.0
3247,CN(C)c1ccc(C2=Nc3sc4cc(Cl)ccc4[n+]3[B-](F)(F)O2)cc1,C1CCOC1,477.0
6300,CCn1c2ccccc2c2cc(/C=C/c3cc(/C=C/c4ccc5c(c4)c4ccccc4n5CC)ncn3)ccc21,Cc1ccccc1,440.0
2507,CC(C)(C)c1ccc2c3c(c4ccc(C(C)(C)C)cc4c2c1)=[N+]1C(=C(c2ccccc2)c2cc4c5ccc(C(C)(C)C)cc5c5cc(C(C)(C)C)ccc5c4n2[B-]1(F)F)C=3,C1CCCCC1,709.0
2108,COc1cc(N(CC(=O)[O-])CC(=O)[O-])c2nc(COc3cc(C)ccc3N(CC(=O)[O-])CC(=O)[O-])ccc2c1,O,500.0
3405,Oc1ccc2ccccc2c1/C=N/c1cc2ccccc2cc1/N=C/c1c(O)ccc2ccccc12,CC#N,509.0
11643,CCN(CC)c1ccc2ccc(=O)oc2c1,CCCCCCC,390.0
6557,O=C(c1ccc(N2c3ccccc3Oc3ccccc32)cc1)c1cccc(C(=O)c2ccc(N3c4ccccc4Oc4ccccc43)cc2)c1,Cc1ccccc1,566.0
4317,CN(C)c1ccc(C(=O)Nc2ccc(F)cc2)cc1,C1CCOC1,504.0
3617,COc1ccc(-c2sc3c(c2Br)=[N+]2C(=C(C(F)(F)F)c4cc5sc(-c6ccc(OC)cc6)c(Br)c5n4[B-]2(F)F)C=3)cc1,C1CCOC1,754.0
2927,COc1ccc(-c2csc(/C(C#N)=C/c3ccc(C#N)cc3)n2)cc1,Cc1ccccc1,519.0
8995,c1ccc(N(c2ccccc2)c2ccc(-c3ccc(-c4nc(-c5ccccn5)n(-c5ccccc5)n4)cc3)cc2)cc1,ClCCl,435.0
3702,COc1ccc(C2=c3sc(-c4ccc(OC)cc4)c(-c4ccc(OC)cc4)c3=[N+]3C2=Nc2c(-c4ccc(OC)cc4)c4sc(-c5ccc(OC)cc5)c(-c5ccc(OC)cc5)c4n2[B-]3(F)F)cc1,ClC(Cl)Cl,816.0
3463,CC1(C)c2ccccc2-c2cc3c4ccccc4n(-c4ccc(-c5nc(-c6ccccc6)nc(-c6ccccc6)n5)cc4)c3cc21,Cc1ccccc1,456.0
11577,CCN(CC)c1ccc2c(C)cc(=O)oc2c1,CCO,452.5
5322,Cc1ccc(-c2ccc3ccc4cc(C(C)(C)C)cc5ccc2c3c45)cc1,C1CCOC1,384.0
11330,O=C1CCCC2=C1C(c1ccccc1)c1c(c3ccccc3oc1=O)N2,CS(C)=O,440.0
11164,COc1c2ccccc2c(OC)c2c1c1c(C)ccc(OC)c1n2C,C1CCCCC1,427.0
10505,CCn1c2ccccc2c2cc(C#Cc3cc(C#Cc4ccc5c(c4)c4ccccc4n5CC)nc(SC)n3)ccc21,Cc1ccccc1,416.0
4949,CCN(CC)c1cc2oc3cc(N(CC)CC)c(F)cc3c(=O)c2cc1F,CCO,452.0
5076,CCCCC1(c2ccccc2)Nc2c(-c3ccc(N(c4ccccc4)c4ccccc4)cc3)ccc(-c3ccc(N(c4ccccc4)c4ccccc4)cc3)c2N=C1c1ccccc1,CN(C)C=O,578.0
11576,CCN(CC)c1ccc2c(C)cc(=O)oc2c1,CCCO,452.0
4609,CCN(CC)c1ccc2nc3c4ccccc4c(=O)cc-3oc2c1,C1COCCO1,582.0
2882,Cc1nc(-c2ccccc2)c2ccccn12,ClCCl,485.0
1193,Cc1ccc(N(c2ccc(C)cc2)c2ccc(-c3ccc(C=C(C#N)C#N)cc3)cc2)cc1,ClC(Cl)Cl,676.0
45,O=Cc1ccc(-c2ccc(O)c(-c3nc4ccccc4s3)c2)o1,O,564.0
10033,CCN(CC)c1ccc(-c2nc(Oc3ccc(-c4nc5ccccc5s4)cc3)nc(Oc3ccc(-c4nc5ccccc5s4)cc3)n2)cc1,CN(C)C=O,419.0
9939,CC1=N/C(=C\c2ccc(N(C)C)cc2)C(=O)N1C,ClCCl,482.0
11161,COc1ccc2c(c1)c1c(OC)c3ccccc3c(OC)c1n2C,CC#N,445.0
1578,c1ccc(-c2nc(-c3c[nH]c4ccccc34)n3ccccc23)cc1,C1CCCCC1,482.0
2303,COc1ccc(/C=C/c2nc3ccccc3o2)cc1,CO,420.0
5022,O=Cc1ccc(C2=C3C=c4c(oc5ccccc45)=[N+]3[B-](F)(F)n3c2cc2c4ccccc4oc23)cc1,C1CCOC1,615.0
3509,F[B-]1(F)Oc2ccccc2-c2cc(-n3c4ccccc4c4ccccc43)cc[n+]21,Cc1ccccc1,449.0
1584,O=C1NC(=O)[C@H]([C@H]2C[C@H](O)[C@@H](CO)O2)C=C1C#Cc1ccc2c(c1)Cc1ccccc1-2,CO,444.0
4128,CN(C)c1ccc(-c2c(/C=C3/C=Cc4ccccc4N3C)c(=O)c2=O)cc1,ClCCl,588.0
11287,COC1=C/C(=C\C=C2C=CN(Cc3ccc(Br)cc3)C=C2)C=CC1=O,CCCCCCO,645.0
10460,O=C1/C(=C\c2ccc3oc4ccccc4c3c2)S(=O)(=O)c2ccccc21,Cc1ccccc1,430.0
9039,N#Cc1c[nH]c2ccccc12,CCO,314.0
7053,C1=CN2B(C=Cc3ccccc32)C(c2ccccc2)=C1,C1CCCCC1,379.0
5799,COc1ccc(-c2cc3c4c(c2)CCc2cc(-c5ccc(OC)cc5)cc(c2-4)CC3)cc1,ClCCl,391.0752688
7187,ClP1(Cl)=N[P@@](Cl)(Oc2ccc3ccc4cccc5ccc2c3c45)=N[P@@](Cl)(Oc2ccc3ccc4cccc5ccc2c3c45)=N1,ClCCl,455.0
315,CN(C)c1ccc(/C=C/c2cnc(-c3ccncc3)o2)cc1,ClCCl,550.0
10514,CCn1c2ccccc2c2cc(C#Cc3cc(C#Cc4ccc5c(c4)c4ccccc4n5CC)nc(C#N)n3)ccc21,CN(C)C=O,557.0
9807,COc1cc(C2=c3c(c4ccc(C(C)(C)C)cc4c4c(OC)c(OC)c(OC)cc34)=[N+]3C2=Nc2c(-c4cc(OC)c(OC)c(OC)c4)c4c5cc(OC)c(OC)c(OC)c5c5cc(C(C)(C)C)ccc5c4n2[B-]3(F)F)cc(OC)c1OC,Cc1ccccc1,820.0
10020,CN(C)c1cccc2c1C(=O)c1ccccc1C2=O,CC#N,593.0
9568,COC(=O)C(Cc1ccc2oc(-c3ccc(-n4c5ccccc5c5ccccc54)cc3)nc2c1)NC(=O)OC(C)(C)C,CC1CCCO1,404.0077569
2328,Cc1cc2c(o1)=CC1=C(C(F)(F)F)c3cc4oc(C)cc4n3[B-](F)(F)[N+]=21,ClC(Cl)Cl,620.0
1624,COC(=O)c1cc(=O)n(C)c2cc(-c3ccccc3OC)sc12,ClCCl,469.0
5601,COc1ccc2c(c1)SC1=Nc3sc4cc(OC)ccc4[n+]3CN12,CO,470.0
10697,CCOc1cc2c(cc1/C=C/C(=C(C#N)C#N)c1ccccc1)c1ccccc1n2CC,ClC(Cl)Cl,550.0
5421,CCCC1=Cc2nc1ccc1[nH]c(cc1CCC)c1nc(c(O)cc3[nH]c2cc3CCC)C(CCC)=C1,Cc1ccccc1,683.0
7120,CCOC(=O)COc1ccc(C(c2c(C)[nH]c3ccccc23)c2c(C)[nH]c3ccccc23)cc1,C1CCCCC1,327.0
6223,Cc1ccc(-n2c3ccccc3c3cc(C=C(C#N)C#N)ccc32)cc1,CCOC(C)=O,474.0
4083,O=c1c2cc(-n3c4ccccc4c4ccccc43)ccc2sc2ccc(-n3c4ccccc4c4ccccc43)cc12,Cc1ccccc1,455.5
1071,N#Cc1ccc(-c2ccc(C3=CCC(c4ccccc4)CC3)s2)s1,CCO,444.0
10060,c1ccc(COc2cc(C[n+]3ccc(-c4cc[n+](Cc5cc(OCc6ccccc6)cc(OCc6ccccc6)c5)cc4)cc3)cc(OCc3ccccc3)c2)cc1,CC#N,365.0
6149,Cc1cc(C)c(B(c2cc(-c3ccccc3)sc2-c2sc(-c3ccccc3)cc2P(=O)(c2ccccc2)c2ccccc2)c2c(C)cc(C)cc2C)c(C)c1,CO,558.0
5844,[O-]c1c(-c2nc3ccccc3s2)cc2ccc3cccc4ccc1c2c34,CC#N,553.72
10178,CCCCCCCCCCCCC(CCCCCCCCCC)Cn1c2cc(/C=C/C=C/c3nc4ccccc4s3)c3cccc4c5cccc6c(/C=C/C=C/c7nc8ccccc8s7)cc1c(c65)c2c34,C1CCCCC1,588.0
8674,CCC1=C(C)C2=Cc3cc(I)c(I)n3[B-](F)(F)[N+]2=C1C,C1CCCCC1,550.5
409,COCCC1(CCOC)c2cc(-c3ccc(OC)cc3)ccc2-c2ccc(-c3ccc(OC)cc3)cc21,C1CCCCC1,371.0
9296,CCCCc1c2ccccc2c(-c2ccc(-c3nc4cc(CC(NC(=O)OC(C)(C)C)C(=O)OC)ccc4o3)cc2)c2ccccc12,C1CCOC1,427.9997432
6085,COC(=O)c1ccc(C#Cc2ccc(N(C)C)cc2)cc1,CN(C)C=O,523.9991616
2818,COc1ccc(N(c2ccc(OC)cc2)c2ccc3ccc4c(B(c5c(C)cc(C)cc5C)c5c(C)cc(C)cc5C)ccc5ccc2c3c54)cc1,CC(C)=O,658.0
576,COc1ccc(C2=[N+]3C(=Nc4c(-c5ccccc5)cc(-c5ccc(OC)cc5)n4[B-]3(F)F)C(c3ccccc3)=C2)cc1,ClCCl,715.0
10942,CN(C)c1ccc(-c2cc3ccc([N+](=O)[O-])cc3c(=O)o2)cc1,ClC(Cl)Cl,652.0
9871,CO[Si](c1c2ccccc2cc2ccccc12)(c1c2ccccc2cc2ccccc12)c1c2ccccc2cc2ccccc12,ClC(Cl)Cl,439.0
7503,CN(C)c1ccc(/C=C/C=N/N=C/c2ccc3ccc4cccc5ccc2c3c45)cc1,CCCCO,475.0
713,CC1CC=C(c2ccc(-c3ccc(C=O)s3)s2)CC1,CCO,500.0
4209,CCCCCCc1ccsc1-c1cc2c3cc(-c4sccc4CCCCCC)c4nc(C(F)(F)C(F)(F)C(F)(F)F)nc5c(-c6sccc6CCCCCC)cc(c6cc(-c7sccc7CCCCCC)c7nc(C(F)(F)C(F)(F)C(F)(F)F)nc1c7c26)c3c45,C1CCOC1,627.0
5511,CCOC(=O)C1=CNC=C(C(=O)OCC)C1c1ccccc1,C1CCOC1,412.0
1087,CC(C)(C)c1ccc2c(c1)c1cc(C(C)(C)C)ccc1n2-c1ccc(-c2nc3cc(C#N)c(C#N)cc3nc2-c2ccc(-n3c4ccc(C(C)(C)C)cc4c4cc(C(C)(C)C)ccc43)cc2)cc1,Cc1ccccc1,544.0
9471,COc1ccc(/C=C/C2=CC(/C=C/c3ccc(OC)c4ccccc34)=[O+][B-](F)(F)O2)c2ccccc12,ClC(Cl)(Cl)Cl,561.0
2335,[O-][n+]1c(/C=C/C=C/c2ccccc2)nc(N2CCOCC2)c2c1CCCC2,ClCCl,546.0
4176,COc1ccc(-c2nc(-c3ccc(C#N)cc3)[nH]c2-c2ccc(OC)cc2)cc1,CO,473.0
7076,O=C1c2ccccc2-c2ccc(N3CCN(c4ccccc4)CC3)c3cccc1c23,CC#N,603.0
2405,[NH-]c1cc(N)cc(-c2nc3ccccc3s2)c1,O,484.0
1454,CCOC(=O)CSc1nc(-c2ccccc2)c(C)c(C#N)c1C#N,CCOC(C)=O,421.0
11035,Brc1ccc(-c2nc(-c3ccc(C#Cc4ccc(-n5c6ccccc6c6ccccc65)cc4)cc3)nc(-c3ccc(C#Cc4ccc(-n5c6ccccc6c6ccccc65)cc4)cc3)n2)cc1,C1CCOC1,465.0
2876,COc1ccc(C#Cc2ccc(C#Cc3ccc(P(=O)(c4ccc(C#Cc5ccc(C#Cc6ccc(OC)cc6)cc5)cc4)c4ccc(C#Cc5ccc(C#Cc6ccc(OC)cc6)cc5)cc4)cc3)cc2)cc1,ClCCl,406.0
4100,Cc1ccc(/C=C/c2ccccc2-[n+]2noc([O-])c2-c2ccccc2)cc1,CC#N,506.0
881,CCc1c(C)c2n(c1C)[B-](F)(F)[N+]1=C(c3ccc[nH]3)c3ccccc3C1=C2C,CCCCCC,622.0
1710,Cc1cc2nc3cc(C)c(N)cc3[n+](-c3ccccc3)c2cc1N,CO,563.8
3219,N#CC(C#N)=C(/C=C/c1ccc(N(c2ccccc2)c2ccc(/C=C/C(=C(C#N)C#N)c3ccccc3)cc2)cc1)c1ccccc1,Cc1ccccc1,570.0
7484,Cc1ccc(-c2nc(/C=C/c3ccccc3)c(/C=C/c3ccccc3)[nH]2)cc1,ClCCl,468.0
11177,COc1c2ccccc2c(OC)c2c1c1cc(Cl)ccc1n2C,CC#N,432.0
4913,CC1(C)c2ccccc2N(c2ccccc2)c2ccc(C(=O)c3ccc4c(c3)C(C)(C)c3ccccc3N4c3ccccc3)cc21,O=P(c1ccccc1)(c1ccccc1)c1ccccc1Oc1ccccc1P(=O)(c1ccccc1)c1ccccc1,440.0
2777,CCN(CC)c1ccc2cc(C#N)/c(=N\C(=O)c3ccc(C)cc3)oc2c1,ClCCl,502.0
2245,CC1=[N+]2C(=C(c3ccc(N4CCOCC4)cc3)c3ccc(C)n3[B-]2(F)F)C=C1,CC(=O)C(C)(C)C,530.0
2613,Cc1cccc(-c2[nH]c(=O)n3c2-c2ccccc2C3=O)c1O,ClCCl,473.0
10664,CC1(C)c2ccccc2N(c2ccc3c(c2)C(C)(C)c2cc(N4c5ccccc5C(C)(C)c5ccccc54)ccc2S3(=O)=O)c2ccccc21,ClCCl,504.0
8975,CC1(C)CC(/C=C/c2ccc(-n3ccnc3)cc2)=CC(=C(C#N)C#N)C1,c1ccccc1,511.0
3323,COc1ccc(C2=C3C(C)=CC(C)=[N+]3[B-](F)(F)n3c(/C=C/c4ccc(N(C)C)cc4)cc(C)c32)cc1,CCCCO,678.0
6912,CN(C)c1ccc2nc(/C=C/c3ccccc3)c(=O)oc2c1,CCCCCCC,485.0
6955,CC1=CC(/C=C/c2ccc([N+](C)(C)C)cc2)=[N+]2C1=C(c1ccc(I)cc1)c1c(C)cc(/C=C/c3ccc([N+](C)(C)C)cc3)n1[B-]2(F)F,CC#N,630.0
6203,CC(C)(C)c1ccc(-n2c(-c3ccc(-c4cc(-c5ccccc5)c(-c5ccccc5)c(-c5ccccc5)c4-c4ccccc4)cc3)nc3c4ccccc4c4ccccc4c32)cc1,C1CCOC1,406.0
7433,COc1ccc(/C=C/C(=O)c2ccccc2O)cc1OC,CCCO,495.0
1597,CCOC(=O)c1sc(-c2ccc(-c3cc(-c4cccs4)c(C(=O)OCC)s3)s2)cc1-c1cccs1,ClCCl,455.0
6939,CCCCC1(c2ccccc2)Nc2ccccc2N=C1c1ccccc1,ClC(Cl)Cl,515.0
7191,CCCCCCCCN1c2ccc(C#Cc3cc(C(F)(F)F)cc(C(F)(F)F)c3)cc2Sc2cc(C=O)ccc21,CO,517.0
6455,F[B-]1(F)n2cccc2C(c2ccccc2)=C2C=CC(N3CCOCC3)=[N+]21,CO,542.0
8844,C(=C/c1cc(/C=C/c2ccc(-n3c4ccccc4c4ccccc43)cc2)cc(/C=C/c2ccc(-n3c4ccccc4c4ccccc43)cc2)c1)\c1ccc(-n2c3ccccc3c3ccccc32)cc1,Cc1ccccc1,401.0
3724,CC1(C)c2ccccc2N(c2ccc(-c3nnc(-c4ccccc4O)o3)cc2)c2ccccc21,CC#N,553.0
2628,Cc1ccc(-c2[nH]c(=O)n3c2-c2ccccc2C3=O)c(O)c1,ClCCl,474.0
11055,O=[N+]([O-])c1ccc(F)cc1C1CC(c2cccc3ccccc23)=NN1c1ccccc1,O,473.0
1180,CCn1c2ccsc2c2c3nsnc3c3c4sccc4n(CC)c3c21,C1CCOC1,539.0
6005,O=C(/C=C/c1ccc(O)c(O)c1)O[C@H](Cc1ccc(O)c(O)c1)C(=O)O,CCCC#N,406.0
1911,O=C1Nc2ccccc2/C1=C/C(=O)c1ccc(Cl)cc1,ClCCl,394.0
2955,CC1=[N+]2C(=C(c3ccc(-c4c5ccccc5c(-c5ccccc5)c5ccccc45)cc3)c3ccc(C)n3[B-]2(F)F)C=C1,CN(C)C=O,529.0
7840,CCCC1(CCC)c2cc(-c3ccc(C(C)(C)C)cc3)ccc2-c2ccc(-c3ccc4c(c3)C(CCC)(CCC)c3cc(-c5ccc6c(c5)C(CCC)(CCC)c5cc(-c7ccc(C(C)(C)C)cc7)ccc5-6)ccc3-4)cc21,C1CCCCC1,408.0
2214,Cc1ccc(C(=O)NC(C)(C)C)c2c1ccc1c3ccccc3c3ccccc3c12,ClCCl,407.0
7283,CC1=CC(C)=[N+]2C1=C(c1ccc(N3CCCCC3)cc1)c1c(C)cc(C)n1[B-]2(F)F,CC(C)=O,515.0
7284,CC1=CC(C)=[N+]2C1=C(c1ccc(N3CCCCC3)cc1)c1c(C)cc(C)n1[B-]2(F)F,CCCCCC,511.0
7453,CN(C)c1ccc(/C=C/C(=O)c2ccccc2)cc1,Cc1ccccc1,470.0
6178,N#Cc1ccc(/C=C2\N=C(c3ccccc3)OC2=O)cc1,C1COCCO1,426.0
5009,Cc1ccccc1C1=C2C=c3c(oc4ccc(C(C)(C)C)cc34)=[N+]2[B-](F)(F)n2c1cc1c3cc(C(C)(C)C)ccc3oc12,C1CCCCC1,602.0
9985,Nc1ccc2c(c1)C(=O)c1ccc(N)cc1C2=O,CO,616.0
4553,Cc1ccccc1N1c2c(sc3ccccc23)Sc2sc3ccccc3c21,ClCCl,583.0
6625,CC1(C)CC(=O)c2c(F)c(F)cc(F)c2N1,CC#N,459.0
3264,c1ccc(-c2nn(-c3ccccn3)c3nc4ccccc4cc23)cc1,C1CCCCC1,421.0
10820,CC(C)[Si](C#Cc1c2nsnc2c(C#C[Si](C(C)C)(C(C)C)C(C)C)c2nc3c4ccccc4c(=O)c4ccccc4c3nc12)(C(C)C)C(C)C,ClCCl,594.0
6206,c1ccc2c(c1)c1ccccc1n2-c1ccc(-c2ccc(-n3c4ccccc4c4ccccc43)nc2-n2c3ccccc3c3ccccc32)nn1,CC#N,464.9590164
12029,COc1ccc(-c2c3ccc([nH]3)c3nc(c(-c4ccc([N+](=O)[O-])cc4)c4ccc([nH]4)c4ccc([nH]4)c(-c4ccc(OC)cc4)c4ccc2o4)C=C3)cc1,C1CCOC1,761.0
1691,COc1ccc(C2=CC3=C(c4c(C)cc(C)cc4C)c4cc(-c5ccc(OC)cc5)c(-c5ccc(OC)cc5)n4[B-](F)(F)[N+]3=C2c2ccc(OC)cc2)cc1,ClCCl,672.0
5120,Cc1ccc(C2=C3C=CC(/C=C/c4ccccc4)=[N+]3[B-](F)(F)n3c(Cl)ccc32)cc1,C1COCCO1,582.0
123,COc1ccc(N(c2ccc(OC)cc2)c2ccc3c4cccc5c(N(c6ccc(OC)cc6)c6ccc(OC)cc6)ccc(c6cccc2c63)c54)cc1,Cc1ccccc1,574.0
10338,N#CC(C#N)=Cc1ccc(-c2ccc(-c3nc4ccccc4s3)c(O)c2)o1,CCO,501.0
1952,c1ccc(-c2cc(-c3ccccc3)[o+]c(-c3ccccc3)c2)cc1,ClCCCl,463.0
10501,CCn1c2ccccc2c2cc(C#Cc3cc(C#Cc4ccc5c(c4)c4ccccc4n5CC)nc(S(C)(=O)=O)n3)ccc21,ClCCl,510.0
10144,C1=Cc2ccc(N(c3ccccc3)c3ccccc3)cc2C2(c3cc(N(c4ccccc4)c4ccccc4)ccc31)c1ccccc1-c1ccccc12,ClCCl,461.0
3282,Cc1ccc(Nc2ccc(Nc3ccc(C)cc3)c3c2C(=O)c2ccccc2C3=O)cc1,CCCCCCCO,684.0
7680,CCN(CC)c1ccc2c(C#N)c(/C=C(\C#N)c3nc4ccccc4o3)c(=O)oc2c1,ClCCl,666.0
3305,C(=C/c1nc2ccccc2[nH]1)\c1ccc(/C=C/c2nc3ccccc3[nH]2)cc1,CO,422.0
10900,O=S(=O)(c1ccc(-c2ccc(-c3nc4c5ccccc5c5ccccc5c4n3-c3ccccc3)cc2)cc1)c1ccc(-c2ccc(-c3nc4c5ccccc5c5ccccc5c4n3-c3ccccc3)cc2)cc1,CC(C)OC(C)C,437.0
3468,OC1(c2ccc(-c3cccs3)s2)CCCC1,CCCCCC,410.0
6277,Cc1cc(C)c(B(c2c(C)cc(C)cc2C)c2c(C)cc(N3c4ccccc4Oc4ccccc43)cc2C)c(C)c1,Cc1ccccc1,509.0
10929,CS(=O)(=O)c1ccc(-c2cc3ccc(N)cc3c(=O)o2)cc1,CN(C)C=O,479.0
10855,c1ccc2c(c1)cc(-c1cc(-c3nccs3)nc(-c3nccs3)c1)c1ccccc12,ClC(Cl)Cl,383.0
11368,C[Si](C)(C)c1cc2c(cc3ccc4cccc5ccc2c3c45)[nH]1,CCOC(C)=O,406.0
10241,O=C1NC(=O)c2c1c1c3ccccc3[nH]c1c1[nH]c3ccccc3c21,CC#N,500.0
9096,CCC1(CC)c2cc(C=O)ccc2-c2ccc(N(C)C)cc21,C1CCCCC1,416.0
11980,CC(C)[Si](C#CC1=CC2=c3cc(C#C[Si](C(C)C)(C(C)C)C(C)C)c4nc(C(F)(F)C(F)(F)C(F)(F)F)nc5c(C#C[Si](C(C)C)(C(C)C)C(C)C)cc(c3c54)C3=CC(C#C[Si](C(C)C)(C(C)C)C(C)C)=C4N=C(C(F)(F)C(F)(F)C(F)(F)F)N=C1C4C32)(C(C)C)C(C)C,C1CCOC1,525.0
5234,c1ccc2c(c1)c1ccccc1n2-c1ccc(-c2ccc(-c3ccc(-n4c5ccccc5c5ccccc54)nc3-n3c4ccccc4c4ccccc43)nn2)c(-n2c3ccccc3c3ccccc32)n1,Cc1ccccc1,400.0
6389,COc1cccc(C2=C(c3ccc(C(C)(C)C)cc3)C(c3ccc(C(C)(C)C)cc3)=[N+]3C2=C(c2ccccc2)c2c(-c4cccc(OC)c4)c(-c4ccc(C(C)(C)C)cc4)c(-c4ccc(C(C)(C)C)cc4)n2[B-]3(F)F)c1,ClCCl,640.0
2680,CCN(CC)c1ccc2c(-c3ccc(S(=O)(=O)O)cc3S(=O)(=O)[O-])c3ccc(=[N+](CC)CC)cc-3oc2c1,CN(C)C=O,576.0
1891,Cc1ccc(C(=O)/C=C2\C(=O)Nc3ccccc32)cc1C,CC#N,413.0
11090,CN(C)c1ccc(C2=Cc3ccc4ccccc4[n+]3[B-](F)(F)O2)cc1,CC#N,573.0
7046,Cc1cc(=O)c2ccc(N)cc2o1,CS(C)=O,402.0
295,CN(CCO)c1ccc(/C=C/C2=CC(=C(C#N)C#N)CC(C)(C)C2)cc1,c1ccccc1,588.0
8119,CN(C)c1cc(C#N)c(N(C)C)c(C#N)c1,CCC#N,525.7623554
4695,Cn1c(=O)c(/N=N/c2ccc(S(=O)(=O)O)c3ccccc23)c(O)c2ccccc21,O,582.0
11761,c1ccc(-c2nc(-c3ccc(-c4ccc(-n5c6ccccc6c6ccccc65)cc4)cn3)oc2-c2ccccc2)cc1,CCN(CC)CC,396.0
6428,c1ccc(N(c2ccccc2)c2ccc(-c3nc4c5ccccc5c5ccccc5c4[nH]3)cc2)cc1,C1COCCN1,419.0
1785,Cc1cc(O)c(C(=O)/C=C/c2ccccc2[N+](=O)[O-])c(=O)o1,CC#N,480.0
9415,COc1ccc(-c2cc(C)nc(-c3ccc(-n4c5ccccc5c5ccccc54)cc3)n2)cc1,ClC(Cl)Cl,406.0
286,COc1ccc(-c2cc(/C=C/c3ccc(N(c4ccccc4)c4ccccc4)cc3)c(C#N)c(N3CCCCC3)c2)cc1,CS(C)=O,520.0
5470,c1ccc(N(c2ccccc2)c2ccc(-c3ncnc4ccccc34)cc2)cc1,CC#N,559.0
8316,N#CC(C#N)=C(/C=C/c1ccc(N(c2ccccc2)c2ccccc2)cc1)c1ccccc1,CO,631.0
1758,CCN(CC)c1ccc(/C=C/C(=O)c2c(O)cc(C)oc2=O)cc1,CCCO,562.0
6463,O=C1c2ccccc2-c2cc3ccccc3c(=O)n21,CC#N,443.0
1284,c1ccc2c(-n3c4ccccc4c4ccccc43)cccc2c1,CCOC(C)=O,392.0
4924,CCCCCCCCCCCCN1C(=O)c2cccc3c(N(Cc4ccccn4)Cc4ccccn4)c4ccccc4c(c23)C1=O,ClCCl,587.0
5219,O=C1CC(c2cccc([N+](=O)[O-])c2)c2c(c3ccccc3c3nc4ccccc4nc23)O1,CN(C)C=O,443.0
10354,CCc1c(C)c2n(c1C)[B-](F)(F)[N+]1=C(C=C3C=Cc4ccccc43)C=CC1=C2C,C1CCCCC1,596.0
4219,CC1(C)C(=O)C=Cc2ccc(O)cc21,O,522.0
6253,CN(C)c1ccc2cc3c(cc2c1)OCCN=C3,CN(C)C=O,442.0
9950,CC1=N/C(=C\c2ccccc2N(C)C)C(=O)N1C,ClCCl,535.0
6192,C(=C/c1ccnc(/C=C/c2ccc(N(c3ccccc3)c3ccccc3)cc2)n1)\c1ccc(N(c2ccccc2)c2ccccc2)cc1,ClCCl,527.0
4058,O=C1/C(=C\c2ccc(N(c3ccccc3)c3ccccc3)cc2)S(=O)(=O)c2ccccc21,CC(C)=O,540.0
9006,N#Cc1ccc2cc[nH]c2c1,OCC(F)(F)F,364.0
549,CCCCN1C(=O)C(=C/C=C/C=C/C=C2N(CCCC)c3ccccc3N2CCCC)C(=O)N(CCCC)C1=S,CCCCCC,707.0
9630,COc1c2ccccc2c(-c2ccccc2)c2ccccc12,ClC(Cl)Cl,426.0
2673,C(=C/c1ccccn1)\c1ccc(N(c2ccc(/C=C/c3ccccn3)cc2)c2ccc(-c3nc4ccccc4nc3-c3ccc(N(c4ccc(/C=C/c5ccccn5)cc4)c4ccc(/C=C/c5ccccn5)cc4)cc3)cc2)cc1,Cc1ccccc1,533.0
4418,CC(=O)c1ccn2c3c(c(/C=C/c4cc[n+](C)cc4)c2c1)CN(C)C3=O,O,551.0
9558,CN1C(=CC2=C([O-])C(=Cc3oc4ccccc4[n+]3C)C2=C(C#N)C#N)Sc2ccccc21,ClC(Cl)Cl,682.0
11156,COc1ccc2c3c(OC)c4ccccc4c(OC)c3n(C)c2c1,C1CCCCC1,402.0
6650,CCOC(=O)c1sc2nc(-c3ccccc3)c(C)c(C#N)c2c1N,ClC(Cl)Cl,550.0
5070,CC(C)(C)NS(=O)(=O)c1ccc2c(c1)C(=O)/C(=C1\Sc3ccc(S(=O)(=O)NC(C)(C)C)cc3C1=O)S2,CN(C)C=O,604.0
4580,CC1=C(Cc2ccccc2)C(C)=[N+]2C1=C(C)c1c(C)c(-c3csc(N4CCOCC4)n3)c(C)n1[B-]2(F)F,C1CCOC1,620.0
3790,c1ccc(-c2nn(-c3ccccc3)c3nc4ccccc4cc23)cc1,CCCCCl,462.962963
11699,COC(=O)c1cc(=O)n(C)c2cc(-c3ccc4c(c3)OCO4)sc12,CC#N,482.0
12162,COc1ccc2c(c1)c1ccccc1n2-c1nc2ccccc2nc1-n1c2ccccc2c2cc(OC)ccc21,CCCCCC,508.9725036
4515,CC(C)(C)c1ccc(-c2nc3c4ccc(-c5cccc6ccccc56)cc4c4cc(-c5cccc6ccccc56)ccc4c3n2-c2ccc(C(C)(C)C)cc2)cc1,Cc1ccccc1,385.0
4299,O=C1C=C(Nc2ccccc2)CCC1,ClC(Cl)Cl,362.0
5931,CCCCNc1nc(/C=C/c2ccccc2)[n+]([O-])c2c1CCCC2,ClCCl,520.0
2377,Nc1cc(N)cc(-c2nc3ccccc3s2)c1,CC#N,482.0
9388,Cc1cc2c(o1)c(C)cc1ccc(=O)oc12,CC#N,435.0
4048,N#Cc1cc(-c2ccc(/C=C/c3ccc(N(c4ccccc4)c4ccccc4)cc3)c(C#N)c2)ccc1/C=C/c1ccc(N(c2ccccc2)c2ccccc2)cc1,ClCCl,541.0
3334,CC(C)CCCCN1CCc2c1ccc1c3c(ccc21)CCCC3=O,CC#N,625.0
7030,N#Cc1coc2ccccc2c1=O,CCCO,440.0
5903,CN(C)c1c2ccccc2cc2ccccc12,OCCO,392.0
5501,CCCCCCCCC1(CCCCCCCC)c2cc(C#Cc3ccc(N(c4ccccc4)c4ccccc4)cc3)ccc2-c2ccc(C=O)cc21,C1CCOC1,495.0
5865,CC(C)[Si]1(C(C)C)c2cc(C=O)ccc2-c2ccc(N(C)C)cc21,CCO,565.0
10826,CN(C)c1ccc(C2=Cc3c4ccccc4c4ccccc4[n+]3[B-](F)(F)O2)cc1,CCOCC,513.0
8722,CC(C)(C)NC1=C2C=CC=[N+]2[B-](F)(F)n2cccc21,CC(C)=O,492.0
4972,c1ccc(-c2nc(-c3ccccc3)nc(-c3ccc(-n4c5ccc(-c6ccc7sc8ccccc8c7c6)cc5c5cc(-c6ccc7sc8ccccc8c7c6)ccc54)cc3)n2)cc1,CCOC(C)=O,473.0
3146,O=C(O)c1ccccc1-c1nc(-c2ccccc2)c2ccccn12,CC#N,494.0
10559,CCCCC1(CCCC)c2cc(C#Cc3ccc(/C=C(\C)c4ccccc4)cc3)ccc2-c2ccc(C#Cc3ccc(/C=C(\C)c4ccccc4)cc3)cc21,C1CCOC1,403.0
1303,N#Cc1cc(-n2c3ccccc3c3ncccc32)c(-n2c3ccccc3c3ncccc32)cc1C#N,c1cc(-n2c3ccccc3c3ccccc32)cc(-n2c3ccccc3c3ccccc32)c1,477.2727273
8157,COCCOCCOCCOc1cc(C=O)c(OCCOCCOCCOC)cc1C=O,CN(C)C=O,464.0
5858,CC(C)[Si]1(C(C)C)c2cc(C=C(C#N)C#N)ccc2-c2ccc(N(C)C)cc21,CCO,691.0
3465,CC1(C)c2ccccc2-c2cc3c4ccccc4n(-c4ccc(-c5nc(-c6ccccc6)nc(-c6ccccc6)n5)cc4)c3cc21,O=P(c1ccccc1)(c1ccccc1)c1ccccc1Oc1ccccc1P(=O)(c1ccccc1)c1ccccc1,488.0
5517,CC(C)(C)/C=C1\C=C(c2ccccc2)C=C1c1ccccc1,C1CCOC1,460.0
4868,CN(C)c1ncc2nc(C#N)n(Cc3ccccc3)c2n1,ClCCl,429.0
8240,CN(C)c1ccc(/C=C/C(=O)O)cc1,CCCO,441.0
9819,COc1ccc(C#Cc2nc3ccccc3nc2-c2cn(C)c3ccccc23)cc1,CC#N,518.0
6698,CCCCCCCC(=O)Oc1ccc2c3cccc4c(OC(=O)CCCCCCC)ccc(c5cccc1c52)c43,C1CCOC1,454.0107514
11321,Cc1nc(-c2cc(N)ccc2O)n2c1CCCC2,ClCCl,543.0
7704,CCOC(=O)c1cc(C(=O)OCC)c2cc(C)ccc2n1,CCO,417.0
8377,COC(=O)C(Cc1ccc2oc(-c3ccc4c(c3)c3ccccc3n4-c3ccccc3)nc2c1)NC(=O)OC(C)(C)C,CC1COC(=O)O1,377.8004458
10255,c1ccc2c(-c3cc(-c4nccs4)nc(-c4nccs4)c3)c3ccccc3cc2c1,ClC(Cl)Cl,440.0
10349,F[B-]1(F)n2c(c3cc4ccccc4cc3c2-c2ccccc2)C=C2c3cc4ccccc4cc3C(c3ccccc3)=[N+]21,CN(C)C=O,788.0
5221,O=C1CC(c2cccc([N+](=O)[O-])c2)c2c(c3ccccc3c3nc4ccccc4nc23)O1,CS(C)=O,452.0
9720,CN(C)c1ccc(-c2nc(-c3ccc(-n4c5ccccc5c5ccccc54)cc3)cc(-c3ccc(-n4c5ccccc5c5ccccc54)cc3)n2)cc1,CN(C)C=O,487.0
6684,Nc1ccc2c3cccc4cccc(c5cccc1c52)c43,CCCCOCCCC,540.0
5735,N#Cc1ccc(C=C(c2ccccc2)c2ccccc2)cc1,C1CCOC1,390.0
3169,N#Cc1ccc(-c2nc(-c3ccccc3)c3ccccn23)cc1,O,470.0
2813,c1ccc(-c2nc(-c3c4ccccc4cc4ccccc34)n3ccccc23)cc1,CO,552.0
2861,COc1nc(Cl)nc(Nc2ccc3cc4ccccc4cc3c2)n1,CCCCOCCCC,429.0
7868,CCOC(=O)C1c2ccccc2C(=O)N1c1ccccn1,ClCCl,392.0
467,O=C1c2ccc(-c3ccc(N(c4ccccc4)c4ccccc4)cc3)cc2C(=O)c2ccc(-c3ccc(N(c4ccccc4)c4ccccc4)cc3)cc21,Cc1ccccc1,597.0
11749,CN(C)c1ccc2cc(C(/C=C/c3c[nH]c4ccccc34)=C(C#N)C#N)c(=O)oc2c1,C1COCCO1,556.0
7677,CCN(CC)c1ccc2c(C#N)c(/C=C(\C#N)c3nc4ccccc4o3)c(=O)oc2c1,CCOC(C)=O,658.0
6958,Cc1ccc(C2=C3C=CC(/C=C/c4ccccc4)=[N+]3[B-](F)(F)n3c(/C=C/c4ccccc4)ccc32)cc1,C1CCCCC1,642.0
9293,CCCCc1c2ccccc2c(-c2ccc(-c3nc4cc(CC(NC(=O)OC(C)(C)C)C(=O)OC)ccc4o3)cc2)c2ccccc12,NC=O,491.4995159
106,Cc1ccc(N(c2ccc(C)cc2)c2ccc3c4cccc5c(N(c6ccc(C)cc6)c6ccc(C)cc6)ccc(c6cccc2c63)c54)cc1,C1CCOC1,551.0
7879,CC1(C)c2ccccc2N(c2ccc3c(c2)c2cc(N4c5ccccc5C(C)(C)c5ccccc54)cc4c5ccccc5n3c42)c2ccccc21,Cc1ccccc1,449.0
10828,CN(C)c1ccc(C2=Cc3c4ccccc4c4ccccc4[n+]3[B-](F)(F)O2)cc1,CO,559.0
4202,CCN(CC)c1ccc(/N=N/c2nc3ccc(OC)cc3s2)cc1,ClCCl,574.0
6847,COc1cc(N(c2ccccc2)c2ccccc2)ccc1C=C(C#N)C#N,CC(C)=O,587.0
411,CCCCCCCCC1(CCCCCCCC)c2cc(-c3ccc([N+](=O)[O-])cc3)ccc2-c2ccc(-c3ccc([N+](=O)[O-])cc3)cc21,CN(C)C=O,569.0
7816,CN(C)c1cccc2c1C(=O)c1ccccc1-2,c1ccccc1,520.0
6994,F[B-]1(F)n2c(c(-c3ccccc3)c(-c3ccccc3)c2-c2ccccc2)C=C2C(c3ccccc3)=C(c3ccccc3)C(c3ccccc3)=[N+]21,C1CCOC1,608.0
10884,COc1ccc(-c2nc(/C(C#N)=C/c3ccc(Cl)cc3)sc2-c2ccc(OC)cc2)cc1,CC#N,553.0
2512,CC(=O)c1ccc(-c2cnc3nn4ccccc4c3n2)cc1,C1CCOC1,455.0
5902,CN(C)c1c2ccccc2cc2ccccc12,OCC(O)CO,393.0
6535,Oc1ccccc1-c1nc2c(c3c1-c1ccccc1CC3)-c1ccccc1CC2,ClCCl,413.0
2981,CCN(CC)c1ccc([N+]2=Cc3ccc4c5c(ccc4c3O[B-]2(c2c(F)c(F)c(F)c(F)c2F)c2c(F)c(F)c(F)c(F)c2F)C=[N+](c2ccc(N(CC)CC)cc2)[B-](c2c(F)c(F)c(F)c(F)c2F)(c2c(F)c(F)c(F)c(F)c2F)O5)cc1,Cc1ccccc1,644.0
9021,N#Cc1ccc2[nH]ccc2c1,CO,367.0
6280,C(=C/c1ccc(-c2nnc(-c3ccccc3)o2)cc1)\c1ccc(-c2nnc(-c3ccccc3)o2)cc1,CN(C)C=O,415.0
11613,Nc1ccc2c(C(F)(F)F)cc(=O)oc2c1,CC1CCCCC1,401.0
4708,CC1(C)c2ccccc2N(c2ccc(-c3nnc(-c4ccc(N5c6ccccc6C(C)(C)c6ccccc65)cc4)o3)cc2)c2ccccc21,O=P(c1ccccc1)(c1ccccc1)c1ccccc1Oc1ccccc1P(=O)(c1ccccc1)c1ccccc1,472.0
11065,Cc1ccc(-c2ccc(-c3ccc(-c4ccc(C)cc4)cc3/C(=C(/c3ccccc3)c3cc(-c4ccc(C)cc4)ccc3-c3ccc(-c4ccc(C)cc4)cc3)c3ccccc3)cc2)cc1,C1CCOC1,498.0
4679,O=C(c1sc(-c2ccc(-c3cc(-c4cccs4)c(C(=O)N4CCOCC4)s3)s2)cc1-c1cccs1)N1CCOCC1,ClCCl,465.0
11271,COc1cc(Br)cc2cc(-c3cc4cc(Br)cc(OC)c4oc3=O)oc12,O,497.0
4838,c1ccc2cc3cc(-c4cc(-c5nccs5)nc(-c5nccs5)c4)ccc3cc2c1,CCCCCC,376.0
1862,COc1ccc(C(=O)/C=C2\C(=O)Nc3ccccc32)c(OC)c1,CCOC(C)=O,425.0
3585,CCCCCCc1ccc(-n2c3[n+](c4c5ccccc5c5ccccc5c42)[B-](C)(C)c2cc(-n4c5ccccc5c5ccccc54)ccc2-3)cc1,ClCCl,408.0
9248,CN(C)c1ccc(-c2ccc3c(=O)c(O)coc3c2)cc1,CS(C)=O,567.0
5035,Cc1ccc(C2=C3C=c4c(oc5ccccc45)=[N+]3[B-](F)(F)n3c2cc2c4ccccc4oc23)cc1,Cc1ccccc1,603.0
2360,CC(C)(C)c1ccc(-c2nc3c4ccc(-c5ccccc5)cc4c4cc(-c5ccccc5)ccc4c3n2-c2ccc(C(C)(C)C)cc2)cc1,CCN(CC)CC,386.0
7781,CN(C)c1ccc2c(c1)-c1ccccc1C2=O,C1CCCCC1,491.0
4093,CCCCC1(CCCC)c2cc(C#Cc3ccc4ccc5cccc6ccc3c4c56)ccc2-c2ccc(N(c3ccccc3)c3ccccc3)cc21,CC#N,557.0
4721,O=c1oc2ccccc2cc1-c1ccc(-c2cc3ccccc3oc2=O)cc1,ClC(Cl)Cl,430.0
2406,[NH3+]c1cc([NH3+])cc(-c2nc3ccccc3s2)c1,O,402.0
29,O=Cc1ccc(-c2cccc(-c3nc4ccccc4s3)c2O)o1,ClCCl,565.0
9121,Nc1ccc2c(c1)Cc1ccccc1-2,CCCCCC,344.0
4474,CCCCCOc1ccc2c(c1)c1ccc3cccc4c5cccc6oc(=O)c2c(c65)c1c34,C1CCOC1,462.0
3316,COc1ccc(C2=C3C(C)=CC(C)=[N+]3[B-](F)(F)n3c(/C=C/c4ccc(N(C)C)cc4)cc(C)c32)cc1,C1COCCO1,648.0
6624,CC1(C)CC(=O)c2ccccc2N1,CCO,483.0
568,CN(C)c1ccc(C2=[N+]3C(=Nc4c(-c5ccc(O)cc5)cc(-c5ccc(N(C)C)cc5)n4[B-]3(F)F)C(c3ccc(O)cc3)=C2)cc1,C1CCOC1,815.0
12213,CN1C(=O)/C(=C/c2ccncc2)N=C1/C=C/c1ccccc1,CCO,550.0
5860,CC(C)[Si]1(C(C)C)c2cc(C=C(C#N)C#N)ccc2-c2ccc(N(C)C)cc21,CS(C)=O,714.0
1245,N#Cc1c(N2CCCCC2)cc(-c2ccccc2)c2c1Cc1ccccc1-2,C1CCOC1,449.0
5632,CCCCCCCCC1(CCCCCCCC)c2cc(-c3ccc(C=C4C(=O)c5ccccc5C4=O)cc3)ccc2-c2ccc(-c3ccc(C=C4C(=O)c5ccccc5C4=O)cc3)cc21,ClC(Cl)Cl,530.0
5773,Fc1ccc(-c2cc3c4c(c2)CCc2cc(-c5ccc(F)cc5)cc(c2-4)CC3)cc1,C1CCCCC1,374.6575342
1458,COc1ccc(-c2ccc(-c3ccc(C#N)s3)s2)cc1,C1COCCO1,455.0
9050,N#Cc1cccc2[nH]ccc12,CS(C)=O,392.0
1835,COc1ccc2c(-c3nc(-c4cccc(C)c4)no3)cc(=O)oc2c1,ClC(Cl)Cl,450.0
316,F[B-]1(F)Oc2ccc3ccccc3c2-c2c3c(c4c([n+]21)CCc1ccccc1-4)CCc1ccccc1-3,ClCCl,476.0
108,Cc1ccc(N(c2ccc(C)cc2)c2ccc3c4cccc5c(N(c6ccc(C)cc6)c6ccc(C)cc6)ccc(c6cccc2c63)c54)cc1,Cc1ccccc1,548.0
7070,O=C1OC(c2ccccc2)=N/C1=C\c1ccc(N(c2ccccc2)c2ccccc2)cc1,ClC(Cl)Cl,577.0
6987,C(#Cc1ccncc1)C(C#Cc1ccncc1)=Cc1ccc(C=C(C#Cc2ccncc2)C#Cc2ccncc2)s1,ClC(Cl)Cl,587.0
6672,Cc1cc(=O)oc2cc3c4ccccc4c4ccccc4c3cc12,ClC(Cl)Cl,415.0
10816,CC1=[N+]2C(=C(NC(C)c3ccccc3)c3ccc(C)n3[B-]2(F)F)C=C1c1cc2n(c1)[B-](F)(F)[N+]1=CC=CC1=C2c1c(C)cc(C)cc1C,CCOC(C)=O,700.0
4351,N#Cc1ccc(C#Cc2ccc3ccc4ccc(C#Cc5ccc(C#N)cc5)c5ccc2c3c45)cc1,ClCCl,448.8
10024,CN(C)c1cccc2c1C(=O)c1ccccc1C2=O,CCOC(C)=O,585.0
4844,C=CCOC(=O)C(C#N)=C1C=C(/C=C/c2ccc(N(C)C)cc2)OC(/C=C/c2ccc(N(C)C)cc2)=C1,CN(C)C=O,616.0
3997,COC(=O)C(Cc1ccc2oc(-c3ccc(N(C)C)cc3)nc2c1)NC(=O)OC(C)(C)C,COCCOC,395.50704
11994,Cc1c2oc3c(C)c(N)cc(C(=O)NC4OC(=O)C(C(C)C)N(C)C(=O)CN(C)C(=O)C5CCCN5C(=O)C(C(C)C)NC4=O)c3nc-2c(C(=O)NC2OC(=O)C(C(C)C)N(C)C(=O)CN(C)C(=O)C3CCCN3C(=O)C(C(C)C)NC2=O)c(N)c1=O,CN(C)C=O,640.7832935
10549,O=C1c2ccccc2C2=Nc3ccc4ccccc4[n+]3[B-](F)(F)N12,ClCCl,444.0
6341,CCCCCCc1ccc(-n2c3[n+](c4c5ccccc5c5ccccc5c42)[B-](C)(C)c2ccc4ccccc4c2-3)cc1,CC#N,443.0
11579,CCN(CC)c1ccc2c(C)cc(=O)oc2c1,CO,462.0
10234,CCCCN1C(=O)C(=C/C=C/C=C2N(CCCC)c3ccccc3N2CCCC)C(=O)N(CCCC)C1=S,ClC(Cl)Cl,589.0
10386,CCn1c2ccccc2c2ccc(-c3ccc(OC)cc3)cc21,C1CCCCC1,383.0
4023,COC(=O)c1c(-c2cc3ccccc3oc2=O)nn(-c2cccc(F)c2)c1C(=O)OC,ClCCl,402.0
12003,Cc1c2oc3c(C)c(N)cc(C(=O)NC4OC(=O)C(C(C)C)N(C)C(=O)CN(C)C(=O)C5CCCN5C(=O)C(C(C)C)NC4=O)c3nc-2c(C(=O)NC2OC(=O)C(C(C)C)N(C)C(=O)CN(C)C(=O)C3CCCN3C(=O)C(C(C)C)NC2=O)c(N)c1=O,c1ccncc1,648.0671398
8313,N#CC(C#N)=C(/C=C/c1ccc(N(c2ccccc2)c2ccccc2)cc1)c1ccccc1,CCO,630.0
4872,COC(=O)c1nc2c(N(C)C)nc(N(C)C)nc2n1Cc1ccccc1,ClCCl,409.0
4414,CCn1c2cc(OC)ccc2c2c3nsnc3c3c4ccc(OC)cc4n(CC)c3c21,ClCCl,553.0
4641,C(=C/c1cnc2ccccc2n1)\c1ccc(N2CCCCC2)cc1,CS(C)=O,626.0
6306,CN(C)c1ccc(/C=C/C(=C(C#N)C#N)c2ccc3c4c(cccc24)CC3)cc1,CC#N,598.0
3635,O=C1c2ccccc2C(=O)N1c1ccc(Cn2cncn2)cc1,CCCCCC,310.0
973,CCC1(CC)c2cc(/C=C/c3cc(Br)c(/C=C/c4ccc5c(c4)C(CC)(CC)c4cc(N6c7ccccc7Sc7ccccc76)ccc4-5)cc3Br)ccc2-c2ccc(N3c4ccccc4Sc4ccccc43)cc21,CC#N,573.0
8796,CCC1=C(C)C2=C(C)c3c(C)c(-c4csc(N5CCOCC5)n4)c(C)n3[B-](F)(F)[N+]2=C1C,CCOC(C)=O,549.0
9818,COc1ccc(C#Cc2nc3ccccc3nc2-c2cn(C)c3ccccc23)cc1,C1CCOC1,490.0
7168,Cc1cc(N(C)C)ccc1C1=C2C=CC(=[N+](C)C)C=C2[Si](C)(C)c2cc(N(C)C)ccc21,O,663.0
7359,O=c1c2cc(F)c(N3CCOCC3)cc2sc2cc(N3CCOCC3)c(F)cc12,CCO,481.0
6620,CC1(C)CC(=O)c2cc(F)cc(F)c2N1,CCO,492.0
10190,C(=C/c1cccnc1)\c1ccc(Nc2ccccc2)cc1,CCCCCC,385.0
6167,CN(C)c1ccc(/C=C2/N=C(c3ccccc3)OC2=O)cc1,CC(C)=O,536.0
1374,CCN(CC)c1ccc2cc(/C(Cl)=C/C=C/C(=C(C#N)C#N)c3ccc(N(c4ccccc4)c4ccccc4)cc3)c(=O)oc2c1,Cc1ccccc1,619.0
11718,COc1ccc(C#Cc2ccc(C#Cc3ccc(C#Cc4ccccc4C#N)cc3C#N)cc2C#N)cc1,CN(C)C=O,513.0
8655,CCC1=C(C)C2=C(C)c3cccn3[B-](F)(F)[N+]2=C1C,CCOC(C)=O,512.5
7308,CN(C)c1cccc2c1ccc1c(=O)oc(-c3ccc(C(F)(F)F)cc3)cc12,CC(C)=O,611.0
4862,CN(C)c1nc(N)nc2c1nc(C#N)n2Cc1ccccc1,CC#N,378.0
9962,C(=C/c1nc2c3ccccc3c3ccccc3c2o1)\c1ccccc1,CC#N,434.0
10,CC(C)(C)c1ccc(-c2nc3c4ccc(-c5cc6ccccc6c6ccccc56)cc4c4cc(-c5cc6ccccc6c6ccccc56)ccc4c3n2-c2ccc(C(C)(C)C)cc2)cc1,CCOC(C)=O,388.0
10149,CC[n+]1c(-c2ccccc2)c2cc(N)ccc2c2ccc(NC(N)=[NH2+])cc21,O,590.0
11905,COc1cccc(-c2c3ccccc3c3n2[B-](F)(F)[N+]2=Cc4c5ccccc5c(-c5cccc(OC)c5)n4[B-](F)(F)[N+]2=C3)c1,ClCCl,602.0
1426,O=C1NC(=O)/C(=C\c2ccccc2O)S1,CO,428.0
9902,C#CCN1C(=O)/C(=C/c2cc(OC(C)C)ccc2OC(C)C)N=C1C,CCCCCC,440.0
8368,COC(=O)C(Cc1ccc2oc(-c3ccc4c(c3)c3ccccc3n4-c3ccccc3)nc2c1)NC(=O)OC(C)(C)C,C1COCCO1,379.5066414
9779,Cn1c(=O)c(/N=N/c2ccc(/N=N/c3ccc(S(=O)(=O)O)cc3)cc2)c(O)c2ccccc21,CS(C)=O,540.0
718,CC1CC=C(c2ccc(-c3cccs3)s2)CC1,CCCCCC,408.0
8193,COCCOCCOc1ccc(OCCOCCOC)c(C=O)c1,CCO,461.0
3445,CN1/C(=C/C=C(/C=C/C2=[N+](C)c3ccccc3C2(C)C)c2ccccc2)C(C)(C)c2ccccc21,CO,666.0
5933,CC1=[N+]2C(=C(Oc3ccccc3)c3ccc(C)n3[B-]2(F)F)C=C1c1cc2n(c1)[B-](F)(F)[N+]1=CC=CC1=C2c1c(C)cc(C)cc1C,C1CCCCC1,630.0
11339,Cc1ccc(N(c2ccc(C)cc2)c2ccc(-c3ccc4c(c3)C(=O)c3ccccc3C4=O)cc2)cc1,CCOCC,680.0
735,C1=C(c2ccc(-c3cccs3)s2)CCCC1,CC#N,415.0
4950,CCN(CC)c1cc2oc3cc(O)c(F)cc3c(=O)c2cc1F,CCO,438.0
11836,COc1ccc(C2CC(c3ccc(O)cc3)=NN2c2ccc(S(N)(=O)=O)cc2)cc1,CC(C)O,423.0
9253,COc1coc2cc(-c3ccc(N(C)C)cc3)ccc2c1=O,CC#N,530.0
3562,CN(C)c1ccc(-c2nc3cnccc3[nH]2)cc1,CCO,395.0
2140,CC1(C)Cc2c(c3ccccc3c3nc4ccccc4nc23)O1,ClC(Cl)Cl,505.0505051
4606,Cc1ccc(-c2c3nc(c(-c4ccc(C)cc4)c4ccc(s4)c(-c4ccco4)c4nc(c(-c5ccc(C)cc5)c5ccc2[nH]5)C=C4)C=C3)cc1,ClCCl,698.0
7251,COc1ccc2[nH]cc(/C=C/C3=[NH+]c4cccc5cccc3c45)c2c1,CO,583.0
909,Cc1cc(C)n2c1C=C1c3ccccc3C(c3cccn3C)=[N+]1[B-]2(F)F,C1CCOC1,608.0
8270,N#Cc1ccc(C[C@H](N)C(=O)O)cc1,O,293.5429182
496,COc1ccc(/C=C/C=C/C=C/c2ccc([N+](=O)[O-])cc2)cc1,C1CCOC1,611.0
9350,O=Cc1c(O)c(-c2nc3ccccc3s2)cc2ccccc12,CO,525.0
10299,O=c1oc2ccccc2cc1-c1nc2ccccc2o1,Cc1ccccc1,445.0
5533,Nc1cccc(-c2c3nc(c(-c4cccc(N)c4)c4ccc([nH]4)c(-c4cccc(N)c4)c4nc(c(-c5cccc(N)c5)c5ccc2[nH]5)C=C4)C=C3)c1,CN(C)C=O,651.0
8420,N#CC1=C(c2ccc(-c3cccs3)s2)CC1,OCCOCCO,462.0
7173,CCn1c2ccccc2c2cc(/C=C/c3cccc[n+]3CCCS(=O)(=O)[O-])ccc21,C1CCOC1,559.0
1206,Cc1ccc(-c2c3nc(c(-c4ccc(C)cc4)c4ccc([nH]4)c(-c4ccc(OC(=O)C(C)c5ccc(CC(C)C)cc5)cc4)c4nc(c(-c5ccc(C)cc5)c5ccc2[nH]5)C=C4)C=C3)cc1,ClCCl,652.0
9876,F[Si](c1c2ccccc2cc2ccccc12)(c1c2ccccc2cc2ccccc12)c1c2ccccc2cc2ccccc12,ClC(Cl)Cl,434.0
6008,O=C(/C=C/c1ccc(O)c(O)c1)O[C@H](Cc1ccc(O)c(O)c1)C(=O)O,CO,432.0
5857,CC(C)[Si]1(C(C)C)c2cc(C=C(C#N)C#N)ccc2-c2ccc(N(C)C)cc21,CC#N,694.0
1195,CC1(C)c2ccccc2N(c2ccc(C(=C(C#N)C#N)c3ccc(N4c5ccccc5C(C)(C)c5ccccc54)cc3)cc2)c2ccccc21,Cc1ccccc1,649.0
8451,c1ccc(-c2cc(-c3ccc(N(c4ccccc4)c4ccccc4)cc3)cc(-c3ccccc3)n2)cc1,CCCCCC,393.0
5652,N#Cc1c(N2CCCC2)cc(-c2ccccc2)c2c1-c1cccc3cccc-2c13,O,550.0
6662,COc1cc2c3cc(OC)c(OC)cc3c3cc4c(C)cc(=O)oc4cc3c2cc1OC,CO,556.0
9478,Cc1cn(CCCn2cc(C)c(=O)[nH]c2=O)c(=O)nc1-n1cncn1,O,382.0
6378,CCC(CC)COC1=CC2=C3c4cc(OCC(CC)CC)c(-c5ccccc5)n4[B-](F)(F)[n+]4nnn(c43)[B-](F)(F)[N+]2=C1c1ccccc1,CC#N,721.0
2995,O=[N+]([O-])c1ccc([N+]2=Cc3ccc4c5c(ccc4c3O[B-]2(c2c(F)c(F)c(F)c(F)c2F)c2c(F)c(F)c(F)c(F)c2F)C=[N+](c2ccc([N+](=O)[O-])cc2)[B-](c2c(F)c(F)c(F)c(F)c2F)(c2c(F)c(F)c(F)c(F)c2F)O5)cc1,C1CCOC1,615.0
8149,COCCOCCOCCOCCOc1ccc(OCCOCCOCCOCCOC)c(C=O)c1,NC=O,464.0
288,N#Cc1c(N2CCCCC2)cc(-c2ccccc2)c2c1-c1ccccc1C2,C1CCOC1,453.0
8129,COCCOCCOCCOCCOc1cc(C=O)c(OCCOCCOCCOCCOC)cc1C=O,CC(C)(C)O,479.0
5614,CCCCN1c2ccccc2Sc2cc(/C=C\c3cc(=O)oc4cc(C)ccc34)ccc21,ClC(Cl)Cl,632.0
8268,N#Cc1ccc(C[C@H](N)C(=O)O)cc1,CCO,292.9917622
4671,Cc1ccc(-c2nnc(-c3ccc4ccc5cccc6ccc3c4c56)o2)cc1,Cc1ccccc1,425.0
8255,N#Cc1cc(N)cc(C#N)c1,CC#N,392.0
6208,CCOC(=O)/C(C#N)=C\c1ccc2c(c1)c1ccccc1n2-c1ccc(OC)cc1,Cc1ccccc1,455.0
388,c1ccc(-c2nc3ccccc3nc2-c2ccccc2)cc1,Cc1ccccc1,400.0
836,Cc1cc(-c2cccc3ccccc23)cc(C)[o+]1,ClCCl,554.0
9020,N#Cc1ccc2[nH]ccc2c1,CCO,364.0
9271,O=c1c2ccccc2n2c3ccc(-c4ccccc4)cc3c(=O)c3cccc1c32,CCCCOCCCC,458.0
280,CN(C)c1ccc(/C=C/c2ncc3ccccc3n2)cc1,CS(C)=O,594.0
5419,CCCC1=Cc2nc1ccc1[nH]c(cc1CCC)c1nc(c(NC(=O)CCCC(=O)OC)cc3[nH]c2cc3CCC)C(CCC)=C1,Cc1ccccc1,680.0
4649,COc1cc(/C=C/c2nc3ccccc3o2)c(OC)cc1/C=C/c1nc(C)nc(/C=C/c2cc(OC)c(/C=C/c3nc4ccccc4o3)cc2OC)n1,C1CCOC1,487.0
3412,O=C1c2cccc3c(NCc4ccccn4)c4ccccc4c(c23)C(=O)N1Cc1ccccn1,CCO,615.0
6113,COc1ccc(C#Cc2ccc(C#N)cc2)cc1,CCCO,395.0
1112,Cc1ccc(/C=N/c2cc(C(C)C)c(O)cc2C)cc1,C1CCCCC1,400.0
7149,CC/[NH+]=c1\cc2oc3cc(NCCO)c4ccccc4c3nc-2cc1C,O,651.0
10550,CC1=c2cc3c(C)c4n(c3cc2=[N+]2C1=Cc1c3ccccc3c(C)n1[B-]2(F)F)[B-](F)(F)[N+]1=C(C)c2ccccc2C1=C4,ClC(Cl)Cl,781.0
10258,c1ccc(N(c2ccccc2)c2ccc3c(c2)-c2ccccc2C32c3ccccc3-n3c4ccccc4c4cccc2c43)cc1,ClCCl,410.0
10066,COc1ccc(N(c2ccc(OC)cc2)c2cc3ccc4cc(B(c5c(C)cc(C)cc5C)c5c(C)cc(C)cc5C)cc5ccc(c2)c3c45)cc1,ClCCl,561.0
3689,c1ccc(-c2cc3c(-c4ccccc4)c4cccc5c(-c6ccccc6)cc6c(-c7ccccc7)c7cccc2c7c3c6c54)cc1,ClCCl,462.0
5617,C[P+]1(c2ccccc2)C2=C(c3ccccc31)S(=O)(=O)c1ccccc12,ClCCl,483.0
4257,COC(=O)/C=C/c1sc(-c2ccc(N(C)C)s2)c(-c2ccsc2)c1N,CC#N,557.0
267,Cc1cccc2nc3c(=O)[nH]c(=O)[nH]c3nc12,CC#N,449.0
10264,Oc1ccc2ccccc2c1-c1nc(-c2ccccc2)c2ccccn12,O,440.0
1598,C(#Cc1ccccc1)C(C#Cc1ccccc1)=Cc1ccc2cc(C=C(C#Cc3ccccc3)C#Cc3ccccc3)ccc2c1,ClC(Cl)Cl,473.0
3954,COC(=O)C(NC(=O)OC(C)(C)C)c1ccc2oc(-c3ccc(C#N)cc3)nc2c1,CC1CCCCC1,342.0
8167,CN(C)CCNc1ccc([N+](=O)[O-])cc1[N+](=O)[O-],CCCCCC,363.0
11656,N#Cc1cc2ccccc2oc1=O,C1CCOC1,409.0
7189,CCCCCCCCN1c2ccc(C#Cc3cc(C(F)(F)F)cc(C(F)(F)F)c3)cc2Sc2cc(C=O)ccc21,CC#N,532.0
7242,N#CC(C#N)=Cc1cn(-c2ccccc2)nc1-c1ccccc1,CCO,426.0
7752,O=S1(=O)C2=C(c3ccc(-c4ccc(N(c5ccccc5)c5ccccc5)cc4)cc31)C1(C3=C(c4ccccc41)S(=O)(=O)c1cc(-c4ccc(N(c5ccccc5)c5ccccc5)cc4)ccc13)c1ccccc12,ClCCl,624.0
5145,COc1ccc(-c2csc(-c3ccncc3)n2)cc1,CC#N,560.0
5028,O=Cc1ccc(C2=C3C=c4c(oc5ccccc45)=[N+]3[B-](F)(F)n3c2cc2c4ccccc4oc23)cc1,ClCCl,618.5
10657,CCCCCCN1C(=O)C(c2ccc(-n3c4ccccc4c4ccccc43)cc2)=C(c2ccc(-n3c4ccccc4c4ccccc43)cc2)C1=O,ClC(Cl)Cl,626.0
1379,CC(C)[Si](C#Cc1c2cc3ccccc3cc2c(C#C[Si](C(C)C)(C(C)C)C(C)C)c2nc3c(ccc4cc5ccccc5cc43)nc12)(C(C)C)C(C)C,CCCCCC,654.0
9691,c1ccc2c(c1)-c1ccccc1C21c2ccccc2-c2ccncc21,CC1CCCO1,348.0
9656,Cc1cc(N(C)C)cc(C)c1/C=C/C=C/c1ccc(C#N)cc1,CC#N,599.0
416,CCCCn1c2c(-c3ccc(N(c4ccccc4)c4ccccc4)cc3)cc(C#N)cc2c2cc(C#N)cc(-c3ccc(N(c4ccccc4)c4ccccc4)cc3)c21,C1CCCCC1,404.0
5875,CC(C)[Si]1(C(C)C)c2cc(N(C)C)ccc2-c2ccc(C(F)(F)F)cc21,ClCCl,423.0
4412,CCn1c2cc(OC)ccc2c2c3nsnc3c3c4ccc(OC)cc4n(CC)c3c21,CN(C)C=O,557.0
1962,COC(=O)C1(C(=O)OC)Cc2c(C#Cc3ccc(OC)cc3)c(-c3ccc(OC)cc3)c3c(-c4ccccc4)c(-c4ccccc4)c(-c4ccccc4)c(-c4ccccc4)c3c2C1,C1CCOC1,421.7741935
620,CC(C)(C)c1ccc2c(c1)c1cc(C(C)(C)C)ccc1n2-c1cccc(-c2nc(-c3cccc(-n4c5ccc(C(C)(C)C)cc5c5cc(C(C)(C)C)ccc54)c3)nc(-c3cccc(P(=O)(c4ccccc4)c4ccccc4)c3)n2)c1,Cc1ccccc1,481.2108559
1703,COc1cc(/C=C/c2nc3ccccc3s2)c(OC)cc1/C=C/c1nc(C)nc(/C=C/c2cc(OC)c(/C=C/c3nc4ccccc4s3)cc2OC)n1,CC#N,505.0
6562,c1cc2c3ccc[n+]4cccc(c5ccc[n+](c1)c25)c34,C[N+](=O)[O-],441.0
5862,CC(C)[Si]1(C(C)C)c2cc(C=C(C#N)C#N)ccc2-c2ccc(N(C)C)cc21,c1ccccc1,566.0
3752,CC1(C)c2ccccc2N(c2ccc(-c3nc(-c4ccccc4)cc(-c4ccccc4)n3)cc2)c2ccccc21,Cc1ccccc1,454.8309179
3000,O=[N+]([O-])c1ccc([N+]2=Cc3ccc4c5c(ccc4c3O[B-]2(c2ccccc2)c2ccccc2)C=[N+](c2ccc([N+](=O)[O-])cc2)[B-](c2ccccc2)(c2ccccc2)O5)cc1,Cc1ccccc1,643.0
11556,COOCc1noc(-c2ccccc2)c1Br,C1CCCCC1,345.0
8394,COC(=O)C(Cc1ccc2oc(-c3ccc4c(c3)c3ccccc3n4-c3ccccc3)nc2c1)NC(=O)OC(C)(C)C,Cc1ccccc1,379.5066414
6258,c1ccc(-c2cc(-c3ccc(N4c5ccccc5C(c5ccccc5)(c5ccccc5)c5ccccc54)cc3)nc(-c3ccccc3)n2)cc1,O=P(c1ccccc1)(c1ccccc1)c1ccccc1Oc1ccccc1P(=O)(c1ccccc1)c1ccccc1,464.0
2516,CC(C)[Si](C#Cc1c2cc3ccccc3cc2c(C#C[Si](C(C)C)(C(C)C)C(C)C)c2nc3ccccc3nc12)(C(C)C)C(C)C,CCCCCC,699.0
9410,CCCCn1c(-c2ccc(-c3nnc(-c4ccc5ccccc5c4)o3)cc2)nc2c3ccccc3c3ccccc3c21,ClCCl,448.0
1190,OB(O)c1ccc(-c2ccc(N(c3ccccc3)c3ccccc3)cc2)cc1,C1CCOC1,410.0
9327,Oc1cc(-c2cccs2)ccc1-c1nc2ccccc2s1,ClCCl,515.0
6271,c1ccc(N2c3ccccc3Sc3cc(-c4cccc5nc6ccccc6cc45)ccc32)cc1,CN(C)C=O,495.0
12179,C(=C/c1c2ccccc2cc2ccccc12)\c1ccc2ccccc2c1,CC#N,490.0
3467,OC1(c2ccc(-c3cccs3)s2)CCCC1,CC#N,412.0
5641,CN(C)c1ccc(/C=C/c2ccc(-c3nc(C#N)c(C#N)n3C)cc2)cc1,CO,514.0
4246,CN(C)c1ccc(/C=C/c2ccc(-c3ccc(/C=C/c4ccc(N(C)C)cc4)s3)s2)cc1,CN(C)C=O,583.0
8918,Oc1c(-c2nc3c4ccccc4c4ccccc4c3[nH]2)cc2c3c1CCCN3CCC2,CCCCCC,406.0
1506,Oc1cccc(/N=C/c2ccccc2Oc2ccccc2)c1,CC(C)CO,387.0
3887,C/C(=N\Nc1ccc(C#N)cc1)c1cccc(/C(C)=N/Nc2ccc(C#N)cc2)c1,CO,525.0
10620,CC(=O)c1c2c(cc3c(N(C)C)cccc13)CCC2,Cc1ccccc1,520.0
5298,N#CC(C#N)=C(/C=C/c1cn(-c2ccccc2)nc1-c1ccccc1)c1ccccc1,Cc1ccccc1,460.0
4464,C=CC1CN2CCC1CC2[C@@H](OCc1ccccc1)c1ccnc2ccc(O)cc12,C1CCOC1,358.0
12022,c1ccc(C2=C(c3ccccn3)[Si](c3ccccc3)(c3ccccc3)c3ccccc32)cc1,ClCCl,406.0
9342,CCn1c2ccccc2c2cc(/C=C/C(=O)c3ccc4c(c3)c3cc(C(=O)/C=C/c5ccc6c(c5)c5ccccc5n6CC)ccc3n4CC)ccc21,ClC(Cl)Cl,475.0
11956,c1ccc(C2(c3ccccc3)c3cc4c(cc3-c3ccc5ccc6cccc7cc2c3c5c67)-c2ccc3ccc5cccc6cc(c2c3c56)C4(c2ccccc2)c2ccccc2)cc1,CC#N,408.0
794,C1#Cc2ccccc2OCc2cccc(c2)COc2ccccc21,ClCCl,350.0
730,N#Cc1ccc(-c2ccc(C3=CCCCC3)s2)s1,CCCCCC,427.0
7450,CN(C)c1ccc(/C=C/C(=O)c2ccccc2)cc1,CCO,530.0
12138,CCCCCCC(CCCCCC)N1C(=O)c2cccc3c(-c4ccccc4)ccc(c23)C1=O,CN(C)C=O,427.2
5173,CN(C)c1ccc(/C=C/c2cnc3ccccc3n2)cc1,C1CCOC1,556.0
3404,CCN(CC)c1ccc2cc(-c3csc(NC(C)=O)c3C#N)c(=O)oc2c1,ClCCl,463.0
10104,CC1(C)C(/C=C/c2cc3ccc(O)cc3oc2=O)=[N+](CCCS(=O)(=O)[O-])c2ccc3c(S(=O)(=O)O)cc(S(=O)(=O)O)cc3c21,O,643.0
2626,Cc1ccc(-c2[nH]c(=O)n3c2-c2ccccc2C3=O)c(O)c1,CC#N,481.0
4102,N#Cc1c(-c2ccc(Br)cc2)cc(-c2ccc(Br)cc2)[nH]c1=O,C1CCOC1,452.0
7153,COc1ccc2cc3cccc[n+]3cc2c1,O,455.0
1745,CN(C)c1ccc(/C=C/c2nc3ccccc3s2)cc1,CCO,498.0
3708,Cc1nc2c(c[n+]1C)CN1C(=O)N([C@H]3O[C@@H](CO)[C@H](O)[C@@H]3O)C=CC1=N2,CO,417.0
8464,C[n+]1ccnc(/C=C/c2ccc(N(c3ccccc3)c3ccc(/C=C/c4c[n+](C)ccn4)cc3)cc2)c1,CS(C)=O,530.0
9255,COc1coc2cc(-c3ccc(N(C)C)cc3)ccc2c1=O,CCCCCCCCO,540.0
11962,N#C/C(=C\c1cc(/C=C(\C#N)c2ccc(C(F)(F)F)cc2)c(-c2ccc(N(c3ccccc3)c3ccccc3)cc2)cc1-c1ccc(N(c2ccccc2)c2ccccc2)cc1)c1ccc(C(F)(F)F)cc1,CCOC(C)=O,581.0
3307,C(=C/c1nc2ccccc2[nH]1)\c1ccc(/C=C/c2nc3ccccc3[nH]2)cc1,C1CCOC1,428.0
2675,CCC1(CC)c2ccccc2-c2c1c1c(c3c2C(CC)(CC)c2cc(-c4cccs4)ccc2-3)C(CC)(CC)c2cc(N(c3ccccc3)c3ccccc3)ccc2-1,C1CCOC1,422.0
1199,CC(=O)O[B-]1(OC(C)=O)OC(/C=C/C=C/c2ccccc2)=CC(/C=C/C=C/c2ccccc2)=[O+]1,CC#N,550.0
9883,O=C1c2cccc3c(-n4c5ccccc5c5ccccc54)ccc(c23)C(=O)N1c1ccccc1,CCCCCC,443.0
5998,COc1ccc2c(c1)CCc1c-2nc(N)c(C#N)c1-c1ccc(Br)cc1,CN(C)C=O,423.0
4119,Cc1ccc(-c2cc(-c3ccc(C)cc3)c(C#N)c(=O)[nH]2)cc1,CN(C)C=O,450.0
5636,CCCCCCCCCCCCC1(CCCCCCCCCCCC)c2cc(-c3ccc(C=C4C(=O)c5ccccc5C4=O)cc3)ccc2-c2ccc(-c3ccc(C=C4C(=O)c5ccccc5C4=O)cc3)cc21,CS(C)=O,598.0
2952,CC1=[N+]2C(=C(c3ccc(-c4c5ccccc5c(-c5ccccc5)c5ccccc45)cc3)c3ccc(C)n3[B-]2(F)F)C=C1,CC#N,523.0
1889,Cc1ccc(C(=O)/C=C2\C(=O)Nc3ccccc32)cc1C,C1CCCCC1,387.0
7420,Cc1ccc(C(=O)/C=C/c2ccc(N(C)C)cc2)cc1,CCO,533.0
6260,COc1ccc(-n2nc(C(=O)c3ccc(Cl)cc3)c(N3CCCC3)n2)cc1,CC#N,421.0
11875,Cc1nc2c(ccc3ccc(O)cc32)oc1=O,c1ccccc1,461.0
32,Oc1ccc(-c2ccco2)cc1-c1nc2ccccc2s1,CCO,435.0
8282,N#Cc1ccc(N)cc1,OCC(F)(F)F,335.0
7411,CN(C)c1ccc(C=CC(=O)c2ccccc2)cc1,CC#N,536.0
6861,COC(=O)c1[nH]c(-c2ccc(Br)cc2)c2nnc3ccc(OC)cc3c12,ClCCl,475.0
12153,CN(C)c1ccc2nc(-c3ccc(C(=O)OC[C@H](NC(=O)OC(C)(C)C)C(=O)OCc4ccccc4)cc3)sc2c1,CS(C)=O,583.0
10496,CCn1c2ccccc2c2cc(C#Cc3cc(C#Cc4ccc5c(c4)c4ccccc4n5CC)nc(OC)n3)ccc21,ClCCl,467.0
6347,COc1ccc(N2C(=O)c3ccccc3C2C(=O)OC(C)(C)C)cc1OC,CS(C)=O,484.0
8773,F[B-]1(F)OC(c2ccc3c(c2)Cc2ccccc2-3)=CC(c2ccccc2)=[O+]1,CC#N,491.0
8892,CCCCc1cc(C(=O)CCC)c2ccc3c(CCCC)cc(N4CCCCC4)c4ccc1c2c34,CN(C)C=O,556.0
9544,Cc1ccc(C#Cc2ccc3ccc(=O)oc3c2)cc1,CC#N,440.0
5294,N#CC(C#N)=C(/C=C/c1cn(-c2ccccc2)nc1-c1ccccc1)c1ccccc1,CCOC(C)=O,487.0
7814,CN(C)c1cccc2c1C(=O)c1ccccc1-2,CC#N,534.0
5441,CCCCN1C(=O)c2cccc3c(OC)ccc(c23)C1=O,Cc1ccccc1,422.0
9649,N#Cc1ccc(/C=C/C=C/c2ccccc2)cc1,CO,420.0
11736,CN(CC(O)c1cccc(O)c1)c1ccc([N+](=O)[O-])c(C2CC(c3cccc4ccccc34)=NN2c2ccccc2)c1,CO,514.0
3928,CN1c2cc3nc4cc(Cl)c(Cl)cc4nc3cc2N(C)C1(C)C,CCO,497.0
10941,CN(C)c1ccc(-c2cc3ccc([N+](=O)[O-])cc3c(=O)o2)cc1,CO,605.0
1486,COc1ccc(-c2nc3ccccc3oc2=O)cc1,c1ccccc1,444.0
605,CCN(CC)c1ccc(/C=N/Nc2ccc(C#N)cc2)c(O)c1,CCCCCC,403.0
3821,N#Cc1c(-c2ccccc2)cc(N2c3ccccc3Oc3ccccc32)cc1-c1ccccc1,C1CCCCC1,455.0
11413,Cc1nn(-c2ccccc2)c(C2=NN(c3ccc(Br)cc3)[C@@H](c3ccccc3)[C@@H]2c2ccccc2)c1C#N,CCCCCCC,467.0
1533,Oc1ccc(/N=C/c2ccccc2Oc2ccccc2)cc1,C1CCCCC1,410.0
2651,CC1=CC(c2ccc3cc(N(C)C)ccc3c2)=[O+][B-](F)(F)O1,CC#N,611.0
7376,C1=[N+](c2ccccc2)[B-]2(Oc3c1ccc1c4c(ccc31)C=[N+](c1ccccc1)[B-]1(O4)c3ccccc3Oc3ccccc31)c1ccccc1Oc1ccccc12,ClCCl,599.0
2894,c1ccc(N(c2ccccc2)c2ccc(-c3cccc4nc5ccccc5cc34)cc2)cc1,CCOCC,507.0
9619,CCN(CC)c1ccc(-c2ccc(-c3nc4ccccc4c(=O)[nH]3)s2)cc1,CC#N,541.0
8211,COCCOc1ccc(OCCOC)c(C=O)c1,CC(C)CO,451.0
5702,N#CC1=c2c3cccc4c(Br)ccc(c43)n2[B-](F)(F)[n+]2ccccc21,ClCCl,546.0
1330,F[B-]1(F)OC(c2ccc3ccccc3c2)=CC(c2ccc3ccccc3c2)=[O+]1,ClC(Cl)(Cl)Cl,428.0
11535,CN(C)c1ccc2c(c1)[Si](C)(C)C1=CC(=[N+](C)C)C=CC1=C2,CO,648.0
957,N#Cc1nc(-c2ccc(N3c4ccccc4Oc4ccccc43)cc2)c(-c2ccc(N3c4ccccc4Oc4ccccc43)cc2)nc1C#N,c1cc(-c2cccc(-n3c4ccccc4c4ccccc43)c2)cc(-n2c3ccccc3c3ccccc32)c1,610.0
4635,Cc1nc2c(ccc3c2sc(/C=C/c2ccc(N(CCO)CCO)cc2)[n+]3C)s1,ClC(Cl)Cl,603.0
10733,CC(C)[Si]1(C(C)C)c2cc(C#N)ccc2-c2ccc(N(c3ccccc3)c3ccccc3)cc21,CCOCC,436.0
6940,CCCCC1(c2ccccc2)Nc2ccccc2N=C1c1ccccc1,CCCCCC,490.0
4148,O=c1cc(COc2ccc(I)cc2)c2c(ccc3ccccc32)o1,Cc1ccccc1,416.0
12052,CN(C)c1ccc(/C=C2\CCCC2=O)cc1,CCO,480.0
1660,F[B-]1(F)n2c(cc(-c3ccccc3)c2-c2ccccc2)C(c2ccccc2)=C2C=C(c3ccccc3)C(c3ccccc3)=[N+]21,Cc1ccccc1,622.0
1026,N#Cc1nc2c(nc1C#N)C1c3ccc(N(c4ccccc4)c4ccccc4)cc3C2c2ccc(N(c3ccccc3)c3ccccc3)cc21,CC#N,495.0
6032,CN(C)c1ccc(C#Cc2ccc(C#N)cc2)cc1,CCOCC,453.0011325
3207,COc1ccc2nc(N)n[n+]([O-])c2c1,CC#N,509.0
1247,c1cc(-n2c3ccccc3c3ccccc32)c(-c2nc3ccccn3n2)c(-n2c3ccccc3c3ccccc32)c1,Cc1ccccc1,397.0
9197,CC1=CC(C)=[N+]2C1=C(c1ccc(-c3ccc(O)cc3)s1)c1c(C)cc(C)n1[B-]2(F)F,Cc1ccccc1,528.0
655,CN1C(=O)/C(=C/c2ccncc2)N=C1c1ccccc1,CC#N,475.0
623,CC(C)(C)c1ccc2c(c1)c1cc(C(C)(C)C)ccc1n2-c1cccc(-c2nc(-c3cccc(-n4c5ccc(C(C)(C)C)cc5c5cc(C(C)(C)C)ccc54)c3)nc(-c3cccc(P(=O)(c4ccccc4)c4ccccc4)c3)n2)c1,O=P(c1ccccc1)(c1ccccc1)c1ccccc1Oc1ccccc1P(=O)(c1ccccc1)c1ccccc1,484.0
7749,O=S1(=O)C2=C(c3ccc(-c4ccc(N(c5ccccc5)c5ccccc5)cc4)cc31)C1(C3=C(c4ccccc41)S(=O)(=O)c1cc(-c4ccc(N(c5ccccc5)c5ccccc5)cc4)ccc13)c1ccccc12,CC#N,665.0
11808,NS(=O)(=O)c1ccc(N2N=C(c3ccc(O)cc3)CC2c2ccc(F)cc2)cc1,CO,430.0
3688,Cc1ccccc1-c1c2cccc3c(-c4ccc(C(C)(C)C)cc4)cc4c(-c5ccccc5C)c5cccc6c(-c7ccc(C(C)(C)C)cc7)cc1c(c65)c4c32,ClCCl,455.0
2199,CCN(CC)c1ccc2cc(/C(Cl)=C/C=C/C(=C(C#N)C#N)c3ccc4c(c3)c3ccccc3n4CC)c(=O)oc2c1,CS(C)=O,743.0
7884,CC1=CC(=[N+]2CCC2)C=C2C1=Nc1c(C)cc(N3CCC3)cc1[Si]2(C)C,O,739.0
12065,c1ccc(-c2nn(-c3ccccc3)c3nc4ccc(-n5c6ccccc6c6ccccc65)cc4cc23)cc1,C1CCCCC1,461.6805171
12094,COc1c2ccccc2c(OC)c2c(C#CC(C)(C)C)c3cc4ccccc4cc3c(C#CC(C)(C)C)c12,ClCCl,682.0
10654,COc1cc(-c2nc3c4cccnc4c4ncccc4c3[nH]2)c(OC)cc1/C=C/c1ccncc1,Cc1ccccc1,444.0
9362,COc1cc(OC)cc(-c2nnc(-c3ccc(-c4nnc(-c5cc(OC)cc(OC)c5)o4)cc3)o2)c1,C1CCOC1,381.0
10859,CC(C)(C)c1ccc2c(c1)c1cc(C(C)(C)C)ccc1n2-c1ccc(S(=O)(=O)c2ccc(-n3c4ccc(C(C)(C)C)cc4c4cc(C(C)(C)C)ccc43)cn2)nc1,Cc1ccccc1,444.3740095
2919,N#C/C(=C\c1ccc(C#N)cc1)c1nc(-c2ccccc2)cs1,ClCCl,490.0
8126,CCCCCCOc1cc(C=C(C#N)C#N)c(OCCCCCC)cc1C=C(C#N)C#N,ClCCl,564.0
2625,O=C1c2ccccc2-c2c(-c3ccccc3O)[nH]c(=O)n21,ClCCl,477.0
9103,CCC1(CC)c2cc(N(C)C)ccc2-c2ccc(C(F)(F)F)cc21,C1CCCCC1,360.0
3027,COc1ccc(/C=C/C2=CC(/C=C/c3ccc(OC)cc3)=[O+][B-](F)(F)O2)cc1,CCOCC,497.0
2996,O=[N+]([O-])c1ccc([N+]2=Cc3ccc4c5c(ccc4c3O[B-]2(c2c(F)c(F)c(F)c(F)c2F)c2c(F)c(F)c(F)c(F)c2F)C=[N+](c2ccc([N+](=O)[O-])cc2)[B-](c2c(F)c(F)c(F)c(F)c2F)(c2c(F)c(F)c(F)c(F)c2F)O5)cc1,CC#N,615.0
1746,CN(C)c1ccc(/C=C/c2nc3ccccc3s2)cc1,CCCCCCC,446.0
5250,CCCc1ccc(C#Cc2ccc3nc4ccc(C#Cc5ccc(CCC)cc5)cn4c(=O)c3c2)cc1,ClCCl,480.0
10970,CC(C)c1cc(C(C)C)c(B2c3cc(-n4c5ccccc5c5ccccc54)ccc3N(c3ccccc3)c3ccc(-n4c5ccccc5c5ccccc54)cc32)c(C(C)C)c1,Cc1ccccc1,442.5170068
3094,CN(C)c1ccc(/C=C/c2nc3c4ccccc4c4ccccc4c3[nH]2)cc1,CS(C)=O,480.0
2457,O=P(c1ccccc1)(c1ccccc1)n1c2ccccc2c2cc(-n3c4ccccc4c4cc(-n5c6ccccc6c6ccccc65)ccc43)ccc21,Cc1ccccc1,373.0
6104,CCCCCCN(CCCCCC)c1ccc(C#Cc2ccc([N+](=O)[O-])cc2)cc1,CO,630.0
10672,Cc1cccc(C)c1N1C(c2ccccc2)=Cc2cccc[n+]2[B-]1(F)F,ClCCl,453.0
76,O=c1ccc2cc3ccoc3cc2o1,O,505.0
12059,CN(C)c1ccc(/C=C2\CCCC2=O)cc1,ClC(Cl)(Cl)Cl,431.0
4685,O=S(=O)(c1cccc(N2c3ccccc3Sc3ccccc32)c1)c1cccc(N2c3ccccc3Sc3ccccc32)c1,ClC(Cl)Cl,579.0
8235,CN(C)c1ccc(/C=C/C(=O)O)cc1,C1CCCCC1,399.0
2698,CN(C)c1ccc2c(-c3ccc(N)cc3C(=O)[O-])c3ccc(=[N+](C)C)cc-3oc2c1,O,572.0
4097,CCCCC1(CCCC)c2cc(C#Cc3ccc4ccc5cccc6ccc3c4c56)ccc2-c2ccc(N(c3ccccc3)c3ccccc3)cc21,ClC(Cl)Cl,486.0
10736,CC1=CC(C)=[N+]2C1=C(c1ccc(-c3ccc(OS(=O)(=O)c4ccc([N+](=O)[O-])cc4[N+](=O)[O-])cc3)s1)c1c(C)cc(C)n1[B-]2(F)F,CO,523.0
5245,CCN(CC)c1ccc(/C=N/c2ccccc2/N=C/c2ccc(N(CC)CC)cc2O)c(O)c1,CC#N,502.0
2260,CCn1c(-c2ccc(-c3ccc(-c4ccc(-c5n(CC)c6ccccc6[n+]5CC)cc4)c(C)c3)cc2)[n+](CC)c2ccccc21,O,400.0
1775,Cc1cc(O)c(C(=O)/C=C/c2ccc([N+](=O)[O-])cc2)c(=O)o1,CC#N,490.0
10904,O=S1(=O)c2ccccc2-c2c1c1ccccc1p2-c1ccccc1,C1CCCCC1,436.0
93,C(/C=C/c1ccc(-n2c3ccccc3c3ccccc32)cc1)=C\c1ccncc1,CC#N,492.0
2858,COc1nc(Nc2ccc3cc4ccccc4cc3c2)nc(OC)n1,CCOC(C)=O,432.0
8348,O=C1c2ccccc2C2=Nc3cccc[n+]3[B-](F)(F)N12,ClCCl,413.0
8852,c1ccc(-c2c3ccccc3c(-c3ncccn3)c3ccccc23)cc1,CCO,440.0
12149,CN(C)c1ccc2nc(-c3ccc(C(=O)OC[C@H](NC(=O)OC(C)(C)C)C(=O)OCc4ccccc4)cc3)sc2c1,C1CCCCC1,456.0
7887,C#Cc1ccc2cc3c(C)cc(=O)oc3cc2c1,CCO,437.0
714,CC1CC=C(c2ccc(-c3ccc(C=O)s3)s2)CC1,OCCOCCO,508.0
1076,Cc1ccc2c(c1)C1(c3ccccc3Oc3ccccc31)c1cc(C)ccc1N2c1ccc(-c2nc(-c3ccccc3)cc(-c3ccccc3)n2)cc1,O=P(c1ccccc1)(c1ccccc1)c1ccc2oc3ccc(P(=O)(c4ccccc4)c4ccccc4)cc3c2c1,452.0
11982,C[Si](C)(C)C#CC1=CC2=c3cc(C#C[Si](C)(C)C)c4nc(C(F)(F)C(F)(F)C(F)(F)F)nc5c(C#C[Si](C)(C)C)cc(c3c54)C3=CC(C#C[Si](C)(C)C)=C4N=C(C(F)(F)C(F)(F)C(F)(F)F)N=C1C4C32,C1CCOC1,522.0
3705,Cc1nc2c(c[n+]1C)CN1C(=O)N([C@H]3O[C@@H](CO)[C@H](O)[C@@H]3O)C=CC1=N2,CCCCO,417.0
10680,N#Cc1cnc(-c2c3ccccc3cc3ccccc23)nc1,CCO,510.0
2015,Cc1ccccc1/C(C#N)=C/c1ccc(N(C)C)cc1,CN(C)C=O,456.0
1885,Cc1ccc(C(=O)/C=C2\C(=O)Nc3ccccc32)cc1,CN(C)C=O,408.0
9120,[NH3+]c1ccc2c(c1)Cc1ccccc1-2,O,314.0
9144,F[B-]1(F)n2c(c3cccc4cccc2c43)=Nc2cccc(Cl)[n+]21,CCCCCC,498.0
5712,O=C(O)c1ccccc1Nc1cccc(C(F)(F)F)c1,CCOC(C)=O,410.0
6061,CN(C)c1ccc(C#Cc2ccccc2)cc1,CC(C)CC(C)(C)C,342.9943406
3946,COC(=O)C(NC(=O)OC(C)(C)C)c1ccc2oc(-c3cc(OC)c(OC)c(OC)c3)nc2c1,CO,373.0
1488,COc1ccc2nc(-c3ccccc3)c(=O)oc2c1,c1ccccc1,448.0
5304,Cc1cc(C)c(B2c3cc(C)ccc3N3c4ccc(C)cc4B(c4c(C)cc(C)cc4C)c4cc(C)cc2c43)c(C)c1,ClCCl,484.0
3784,C(=C/c1cnc2ccccc2n1)\c1ccc(N(c2ccccc2)c2ccccc2)cc1,C1CCOC1,535.0
11301,CN1CCN(c2ccc3c4c(cccc24)C(=O)c2ccccc2-3)CC1,CCCO,637.0
3621,c1ccc(C2=C3c4ccccc4C4=[N+]3[B-]3(Oc5ccccc54)Oc4ccccc4-c4c5ccccc5c2n43)cc1,ClCCl,733.0
9238,O=c1c2ccccc2n2c3ccccc3c(=O)c3cc(-c4ccccc4)cc1c32,CCOC(C)=O,464.0
2759,CCOC(=O)COc1ccc(/C=C/C2=C3c4ccccc4C(c4ccc[nH]4)=[N+]3[B-](F)(F)n3ccc(C)c32)cc1,CCCCCC,630.0
9669,N#C/C(=C\C=C\c1ccc([N+](=O)[O-])cc1)c1ccccc1,CO,573.0
3206,Nc1nc2ccc(F)cc2[n+]([O-])n1,CC#N,491.0
1437,COC(=O)CN1C(=O)c2cc3ccc(N(C)C)cc3cc2C1=O,CC(C)=O,532.0
1233,CC1=NN(c2ccccc2)C(=O)/C1=C/c1cn(-c2ccccc2)nc1-c1ccccc1,ClC(Cl)Cl,432.0
185,CN(C)c1ccc(/C=C/c2cc(/C=C/c3ccc(N(C)C)cc3)nc(/C=C/c3ccc(N(C)C)cc3)n2)cc1,CS(C)=O,601.0
7476,CCN(CC)c1ccc2cc(/C=C/C3=CC(/C=C/c4cc5ccc(N(CC)CC)cc5oc4=O)=[O+][B-](F)(F)O3)c(=O)oc2c1,Cc1ccccc1,626.0
2465,CCOC(=O)c1ccccc1-c1c2ccc(=O)cc-2oc2cc(OC(=O)[C@H](CO[Si](C)(C)C(C)(C)C)NC(=O)OC(C)(C)C)ccc12,CS(C)=O,547.0
7762,CC(C)(C)c1ccc2c(c1)c1cc(C(C)(C)C)ccc1n2-c1cccc(-c2nc(-c3cccc(P(=O)(c4ccccc4)c4ccccc4)c3)nc(-c3cccc(P(=O)(c4ccccc4)c4ccccc4)c3)n2)c1,O=P(c1ccccc1)(c1ccccc1)c1ccccc1Oc1ccccc1P(=O)(c1ccccc1)c1ccccc1,484.0
5537,CCCCCCC(CCCCCC)N1C(=O)c2cccc3c(-c4ccc(OC)c5cccc(C)c45)ccc(c23)C1=O,CCCCCCCCCCCO,537.0
8095,O=Cc1cc(O)ccc1O,CCO,487.0
1297,c1ccc(N(c2ccccc2)c2ccc(-c3ncc(-c4ccc(-c5ccc(-c6cnc(-c7ccc(N(c8ccccc8)c8ccccc8)cc7)s6)s5)s4)s3)cc2)cc1,CO,509.0
3111,N#Cc1cc(-c2ccc(F)cc2)cnc1O,CCO,425.0
6180,COc1ccc(C2=N/C(=C\c3ccc(C#N)cc3)C(=O)O2)cc1OC,C1COCCO1,489.0
4560,CCCCCCOc1cc2cc(=O)oc3ccc4cccc1c4c23,CC1CCCO1,468.0
449,CN(C)c1ccc(C2=Nc3scc(-c4ccc([N+](=O)[O-])cc4)[n+]3[B-](F)(F)O2)cc1,CC#N,453.0
4256,c1ccc(-c2cc(-c3ccccc3)cc(-c3ccc4c(c3)C3(c5ccccc5-4)c4ccccc4-c4c3c3c5ccccc5c(-c5cc(-c6ccccc6)cc(-c6ccccc6)c5)cc3c3ccccc43)c2)cc1,C1CCOC1,440.0
4092,CCCCC1(CCCC)c2cc(C#Cc3ccc4ccc5cccc6ccc3c4c56)ccc2-c2ccc(N(c3ccccc3)c3ccccc3)cc21,C1CCOC1,498.0
7733,CCOC(=O)C1=C(C)NC2=C(C(=O)c3ccccc32)C1c1ccc(N(C)C)cc1,ClCCl,530.0
3660,CN(CCO)c1ccc(/C=C/C2=C(C#N)C(C(C#N)C#N)OC2(C)C)cc1,CCO,644.0
7268,Nc1ccc2c(c1)C(=O)N(C13C[C@H]4C[C@@H](C1)C[C@@H](C3)C4)C2=O,Cc1ccccc1,433.0
381,COc1ccc(-c2nc3ccccc3nc2-c2ccc(OC)cc2)cc1,CN(C)C=O,432.0
4215,c1ccc(N(c2ccccc2)c2ccc(-c3nc(-c4ccc(N(c5ccccc5)c5ccccc5)cc4)c4ccccc4n3)cc2)cc1,CC#N,565.0
1155,Cc1cc(O)c(C(C)C)cc1/N=C/c1ccc(C(F)(F)F)cc1,O,449.0
5584,CCN1/C(=C\C=C\C=C\C2=[N+](CC)c3ccc4ccccc4c3C2(C)C)C(C)(C)c2c1ccc1ccccc21,CCO,702.0
5328,COC(=O)C1CCN(c2ccc3c(N4CCCCC4)c4ccc(=[N+]5CCC(C(=O)OC)CC5)cc-4oc3c2)CC1,ClCCl,552.0
5367,CC1=N/C(=C\c2ccncc2)C(=O)N1C,CCO,453.0
1728,C/C(=C\c1ccc(C)cc1)c1nc2ccccc2s1,C1CCCCC1,390.0
3014,CC(=O)c1ccc2cc(C#Cc3cn([C@H]4C[C@H](O)[C@@H](CO)O4)c4ncnc(N)c34)ccc2c1,CCOC(C)=O,461.0
8618,CCC1=C(C)C2=C(C)c3c(C)c(CC)c(C)n3[B-](F)(F)[N+]2=C1C,c1ccccc1,536.4
2425,CN(C)c1ccc(-c2ccc(/C=C/c3cnc4ccccc4n3)cc2)cc1,ClCCl,617.0
2727,O=C1CCCC2=C1CC1=C(CCCC1=O)N2NC(=O)c1ccc(O)cc1,CCCCCO,447.0
1253,O=C1c2ccccc2-c2ccc(N3CCOCC3)c3cccc1c23,CCCCCC,529.0
4536,Cc1nc2cc3c4c(cccc4c2o1)C(=O)OC3=O,CCO,412.0
3458,CC1=C(I)C(C)=[N+]2C1=C(c1c(-c3ccccn3)nc3ccccn13)c1c(C)c(I)c(C)n1[B-]2(F)F,ClCCl,580.0
2503,CC(C)(C)c1ccc2c3c(c4ccc(C(C)(C)C)cc4c2c1)=[N+]1C(=C(c2ccccc2)c2c(Br)c4c5ccc(C(C)(C)C)cc5c5cc(C(C)(C)C)ccc5c4n2[B-]1(F)F)C=3Br,C1CCOC1,715.0
5149,COc1ccc(-c2csc(-c3ccncc3)n2)cc1,Cc1ccccc1,415.0
5723,O=C(O)c1ccccc1Nc1ccccc1,ClC(Cl)Cl,450.0
7018,C(=C/c1ccnc2ccccc12)\c1ccc(/C=C/c2ccnc3ccccc23)cc1,CCO,438.0
8296,N#Cc1cccc(N)c1,O,392.0
5216,O=C1CC(c2ccc([N+](=O)[O-])cc2)c2c(c3ccccc3c3nc4ccccc4nc23)O1,ClC(Cl)Cl,432.0
5900,CN(C)c1c2ccccc2cc2ccccc12,CS(C)=O,395.0
5180,COC(=O)c1cc(=O)n(C)c2cc(-c3ccc(Oc4ccccc4)cc3)sc12,ClCCl,469.0
1612,COC(=O)c1cc(=O)n(C)c2cc(-c3ccc(OC)cc3)sc12,Cc1ccccc1,473.0
5357,O=P1(c2ccccc2)C(c2cc(C(F)(F)F)cc(C(F)(F)F)c2)=Cc2c3ccc4cccc5ccc(c6cc(-c7ccc(N(c8ccccc8)c8ccccc8)cc7)n1c26)c3c45,C1CCCCC1,558.0
2191,CCN1c2ccc(/C=N/Nc3ccccn3)cc2Sc2cc(-c3ccc(OC)cc3)ccc21,Cc1ccccc1,484.0
4049,N#Cc1cc(/C=C/c2ccc(N(c3ccccc3)c3ccccc3)cc2)ccc1-c1ccc(/C=C/c2ccc(N(c3ccccc3)c3ccccc3)cc2)cc1C#N,ClCCl,472.0
11654,CCN(CC)c1ccc2ccc(=O)oc2c1,OCCO,445.0
11454,CCC1=C(C)C2=C(c3c4ccccc4c(-c4ccccc4)c4ccccc34)c3c(C)c(CC)c(C)n3[B-](F)(F)[N+]2=C1C,CCO,538.0
9974,COC(=O)/C(C#N)=c1\s/c(=c2/s/c(=C(/C#N)C(=O)OC)c3cc(-c4ccc(F)cc4)sc23)c2sc(-c3ccc(F)cc3)cc12,Cc1ccccc1,640.0
7965,Nc1ccccc1C(=O)O,CS(C)=O,400.0
9033,COC(=O)C[C@H](NC(=O)[C@H](Cc1c[nH]c2ccccc12)NC(=O)OC(C)(C)C)C(=O)OC,CO,338.0
7991,CCOC(=O)/C=C/c1ccc(N(C)C)cc1,CCCCCCCCO,424.0
9821,COc1ccc(C#Cc2nc3ccccc3nc2-c2cn(C)c3ccccc23)cc1,CC(C)O,519.0
530,CN(C)c1ccc(/C=C/c2ccccn2)cc1,C1CCOC1,453.0
7238,CCOC(=O)/C(C#N)=C\c1cn(-c2ccccc2)nc1-c1ccccc1,ClC(Cl)Cl,431.0
5113,N#C/C(=C\c1cn(-c2ccccc2)nc1-c1ccccc1)c1nc2ccccc2s1,CCO,455.0
10189,C[Si]1(C)c2ccc(-c3ccccc3)cc2C=Cc2cc(-c3ccccc3)ccc21,ClCCl,371.0
11995,Cc1c2oc3c(C)c(N)cc(C(=O)NC4OC(=O)C(C(C)C)N(C)C(=O)CN(C)C(=O)C5CCCN5C(=O)C(C(C)C)NC4=O)c3nc-2c(C(=O)NC2OC(=O)C(C(C)C)N(C)C(=O)CN(C)C(=O)C3CCCN3C(=O)C(C(C)C)NC2=O)c(N)c1=O,CO,673.8362847
3369,CC(C)(C)c1ccc2c(c1)sc1[n+]2[B-](F)(F)n2c(c3cccc4cccc2c43)=N1,ClCCl,534.0
6706,CCCCCCCCOc1ccc2c3cccc4c(OCCCCCCCC)ccc(c5cccc1c52)c43,ClC(Cl)(Cl)Cl,471.0088929
8249,COc1cc(C(=O)O)ccc1O,CC#N,330.0
8544,C(=C/c1c2ccccc2cc2ccccc12)\c1ccccc1,CC1CCCCC1,468.0
6181,c1ccc2c(c1)Oc1ccccc1N2c1ccc2c(c1)c1ccccc1n1ccnc21,Cc1ccccc1,473.0
5610,CCCN1c2ccccc2Sc2cc(/C=C\c3cc(=O)oc4cc(NC(=O)OCC)ccc34)ccc21,ClC(Cl)Cl,635.0
3991,COC(=O)C(Cc1ccc2oc(-c3ccc(N(C)C)cc3)nc2c1)NC(=O)OC(C)(C)C,CCCCO,399.5046143
11128,CC(C)[Si](C#Cc1c2cc3ccccc3cc2c(C#C[Si](C(C)C)(C(C)C)C(C)C)c2nc3c4ccccc4c(=O)c4ccccc4c3nc12)(C(C)C)C(C)C,ClCCl,651.0
4962,CCCCn1c2ccc(C#N)cc2c2cc(C#N)cc(-c3ccc(N(c4ccccc4)c4ccccc4)cc3)c21,CCN(CC)CC,410.4819277
12160,c1ccc2nc(-n3c4ccccc4c4ccccc43)c(-n3c4ccccc4c4ccccc43)nc2c1,CCCCCC,467.1755725
144,O=C1OC(c2ccccc2)=N/C1=C\c1ccc(N(c2ccc(/C=C3\N=C(c4ccccc4)OC3=O)cc2)c2ccc(/C=C3/N=C(c4ccccc4)OC3=O)cc2)cc1,Cc1ccccc1,541.6
3366,CC(C)(C)c1ccc2c(c1)sc1[n+]2[B-](F)(F)n2c(c3cccc4cccc2c43)=N1,CC#N,502.0
4902,N#Cc1nc2cnc(N)nc2n1Cc1ccccc1,O,406.0
8675,CCC1=C(C)C2=Cc3cc(I)c(I)n3[B-](F)(F)[N+]2=C1C,CC(C)=O,552.5
7628,Cc1cc(C)c(B(c2ccc(-n3c4ccccc4c4ccccc43)cc2)c2c(C)cc(C)cc2C)c(C)c1,C1CCCCC1,381.7948718
2755,CC[n+]1c(C=C2C(=O)C(C=C3N(C)c4ccccc4C3(C)C)=C2[O-])[se]c2ccccc21,ClC(Cl)Cl,675.0
2492,COc1ccc2c3c(c4ccc(OC)cc4c2c1)=[N+]1C(=C(c2c(C)cc(C)cc2C)c2cc4c5ccc(OC)cc5c5cc(OC)ccc5c4n2[B-]1(F)F)C=3,Cc1ccccc1,712.0
5049,CC1(C)c2ccccc2N(c2ccc(-c3nc(-c4ccccn4)n(-c4ccccc4)n3)cc2)c2ccccc21,ClCCl,431.0
7188,CCCCCCCCN1c2ccc(C#Cc3cc(C(F)(F)F)cc(C(F)(F)F)c3)cc2Sc2cc(C=O)ccc21,C1CCOC1,514.0
4618,CCN(CC)c1ccc2nc3c4ccccc4c(=O)cc-3oc2c1,ClCCl,608.0
8741,CC1=C(C(C)(C)C)C(C)=[N+]2C1=C(C)c1c(C)c(C(C)(C)C)c(C)n1[B-]2(F)F,CCO,563.2
10436,COC(=O)c1cc(=O)n(C)c2cc(-c3cc4c5c(c3)CCCN5CCC4)sc12,C1CCOC1,502.0
5477,Cc1cc(C)c(B(c2c(C)cc(C)cc2C)c2cc3ccc4ccccc4c3c3c2cc(N(C)C)c2ccccc23)c(C)c1,ClC(Cl)Cl,585.0
9855,COc1cccc2c1oc(=O)c1c(=O)oc3cc(O)ccc3c12,ClCCl,438.0
2889,c1ccc(N(c2ccccc2)c2ccc(-c3cccc4nc5ccccc5cc34)cc2)cc1,CC(C)OC(C)C,496.0
6158,c1ccc(-n2c(-c3cccc4ccccc34)nc3c4ccccc4c4ccccc4c32)cc1,CS(C)=O,423.0
4341,COC(=O)c1ccc(NC(=O)c2ccc(N(C)C)cc2)cc1,C1CCOC1,470.0
788,Cc1cc(C)c(C)c(-c2ccc3cc(C)c(=O)oc3c2)c1C,CC#N,388.0
9420,CC(C)(C)c1ccc2c(c1)c1cc(C(C)(C)C)ccc1n2-c1ccc2oc3nc4oc5ccc(C(F)(F)F)cc5c4cc3c2c1,CC#N,513.0
3068,CC(C)[Si](C#Cc1c2nc3ccccc3nc2c(C#C[Si](C(C)C)(C(C)C)C(C)C)c2nc3c(ccc4cc5ccccc5cc43)nc12)(C(C)C)C(C)C,CCCCCC,648.0
2676,c1ccc2c3c(ccc2c1)-c1cccc2cc4ccccc4c-3c12,CCCCCCC,610.0
6533,c1ccc(-c2nc3c(c4c2-c2ccccc2CC4)-c2ccccc2CC3)cc1,Cc1ccccc1,361.0
4754,N#Cc1cc(-n2c3ccccc3c3ccccc32)c(-n2c3ccccc3c3cc(Br)ccc32)cc1C#N,c1ccc2c(c1)c1ccccc1n2-c1ccc(-c2ccc(-n3c4ccccc4c4ccccc43)cc2)cc1,481.0
2030,COc1cccc(/C=C/c2ccccc2)c1,CC(C)O,357.0
5006,Cc1cc2sccc2c2[nH]c3ccccc3c12,ClCCl,346.0
9309,CCC1=C(C)C2=C(c3c(C)cc(C)nc3-c3cccs3)c3c(C)c(CC)c(C)n3[B-](F)(F)[N+]2=C1C,ClC(Cl)(Cl)Cl,553.0
5896,CN(C)c1c2ccccc2cc2ccccc12,CCO,389.0
3684,O=c1cc(C(F)(F)F)c2cc3c4c(c2o1)CCCN4CCC3,CCOC(C)=O,501.0
10833,Cc1ccc(C2=Cc3c4ccccc4c4ccccc4[n+]3[B-](F)(F)O2)cc1,ClC(Cl)Cl,450.0
431,c1ccc(-c2ccc(-c3ccc(-c4ccccc4)cc3)cc2)cc1,C1CCOC1,368.0
7735,CCOC(=O)C1=C(C)NC2=C(C(=O)c3ccccc32)C1c1ccc(N(C)C)cc1,C1COCCO1,490.0
1780,Cc1cc(O)c(C(=O)/C=C/c2ccccc2)c(=O)o1,ClCCl,466.0
8909,COc1ccc(-c2cc3c(s2)c(C(C)=O)cc(=O)n3Cc2ccccc2)cc1,ClCCl,512.0
2974,CC1=CC(C)=[N+]2C1=C(c1ccc(-c3c4ccccc4c(-c4ccccc4)c4ccccc34)cc1)c1c(C)cc(C)n1[B-]2(F)F,Cc1ccccc1,515.0
5740,CN(C)c1ccc(C(=Cc2ccc(C=O)cc2)c2ccc(N(C)C)cc2)cc1,C1CCOC1,401.0
349,CCCCN(CCCC)c1ccc(C#Cc2cc(C#Cc3ccc(N(CCCC)CCCC)cc3)c(C#Cc3c(F)c(F)c(F)c(F)c3F)cc2C#Cc2c(F)c(F)c(F)c(F)c2F)cc1,ClCCl,555.0
9736,O=C1O[B-]2(OC1=O)OC(c1ccccc1)=CC(c1ccc3ccccc3c1)=[O+]2,CC#N,555.0
2909,CCOC(=O)c1ccc(C2=C(c3ccccc3)c3oc4ccccc4[n+]3[B-](F)(F)O2)cc1,C1CCOC1,400.0
9899,C#CCN1C(=O)/C(=C/c2cc(OC(C)C)ccc2OC(C)C)N=C1C,C1COCCO1,476.0
42,N#CC(C#N)=Cc1ccc(-c2cccc(-c3nc4ccccc4s3)c2O)o1,CCO,631.0
10977,Cc1cc(C)c2c(c1)c1cc(C)cc(C)c1n2-c1ccc2c(c1)B(c1c(C(C)C)cc(C(C)C)cc1C(C)C)c1cc(-n3c4c(C)cc(C)cc4c4cc(C)cc(C)c43)ccc1N2c1ccccc1,c1cc(-c2cccc(-n3c4ccccc4c4ccccc43)c2)cc(-n2c3ccccc3c3ccccc32)c1,451.0
981,CCC1(CC)c2cc(/C=C/c3cc(C#N)c(/C=C/c4ccc5c(c4)C(CC)(CC)c4cc(N6c7ccccc7Sc7ccccc76)ccc4-5)cc3C#N)ccc2-c2ccc(N3c4ccccc4Sc4ccccc43)cc21,ClCCl,520.0
2312,Cc1c(C)c(B(c2c(C)c(C)c(N3c4ccccc4Oc4ccccc43)c(C)c2C)c2c(C)c(C)c(N3c4ccccc4Oc4ccccc43)c(C)c2C)c(C)c(C)c1C#N,c1ccc([Si](c2ccccc2)(c2ccc(-n3c4ccccc4c4ccccc43)cc2)c2ccc(-n3c4ccccc4c4ccccc43)cc2)cc1,517.0
3842,O=C(c1ccc(N(c2ccccc2)c2ccccc2)cc1)[C@H]1[C@H](c2cccs2)C[C@](O)(c2ccccn2)C[C@]1(O)c1ccccn1,CCOC(C)=O,497.0
7118,CCOC(=O)CCOc1ccccc1C(c1c(C)[nH]c2ccccc12)c1c(C)[nH]c2ccccc12,CO,345.0
5635,CCCCCCCCCCCCC1(CCCCCCCCCCCC)c2cc(-c3ccc(C=C4C(=O)c5ccccc5C4=O)cc3)ccc2-c2ccc(-c3ccc(C=C4C(=O)c5ccccc5C4=O)cc3)cc21,CCCCCC,463.0
3079,COc1ccc2cc(C3=[N+]4C(=Nc5c(-c6ccccc6)cc(-c6ccc7cc(OC)ccc7c6)n5[B-]4(F)F)C(c4ccccc4)=C3Br)ccc2c1,ClC(Cl)Cl,728.0
5826,CCOC(=O)C1=C(C(=O)OC)N2CCc3cc(OC)c(OC)cc3C2=C[C@H](c2ccc(Cl)cc2)C12c1ccccc1-c1ccccc12,ClCCl,445.0
4871,COC(=O)c1nc2c(N(C)C)nc(N(C)C)nc2n1Cc1ccccc1,CO,432.0
9040,N#Cc1c[nH]c2ccccc12,CO,314.0
5183,CC1=C2C3=C(CCc4ccccc43)C(C)=[N+]2[B-](F)(F)n2c(C)c3c(c21)-c1ccccc1CC3,CC#N,599.0
6880,CCC1(CC)c2ccccc2-c2ccc(C#Cc3ccc4ccc5cccc6ccc3c4c56)cc21,ClCCl,412.0
10102,CC1(C)C(/C=C/c2cc3ccc(O)cc3oc2=O)=[N+](CCCS(=O)(=O)[O-])c2ccc3c(S(=O)(=O)O)cc(S(=O)(=O)O)cc3c21,CCO,659.0
7709,CCOC(=O)c1cc(C(=O)OCC)c2cc(NC)ccc2n1,CCO,539.0
916,Cc1ccc(C2=[N+]3C(=Cc4c(C)cc(C)n4[B-]3(F)F)c3ccccc32)[nH]1,CC#N,623.0
5318,COc1cc(/C=C/c2cc(OC)c(-c3nc(-c4ccccc4)c(-c4ccccc4)[nH]3)cc2OC)c(OC)cc1/C=C/c1cc(OC)c(-c2nc(-c3ccccc3)c(-c3ccccc3)[nH]2)cc1OC,C1CCOC1,510.0
6717,COC(=O)c1ccc2c3ccc(C(=O)OC)c4c(C(=O)OC)ccc(c5ccc(C(=O)OC)c1c25)c43,CC(C)O,480.0
7223,CCCc1c(C(=O)c2ccc3c4c(cccc24)-c2cccc4c2C3CC=C4)c2ccc3cccc4c5cccc6ccc1c(c65)c2c34,ClCCl,526.0
11424,CCn1c2ccccc2c2cc(/C=C3\C(=O)c4ccccc4S3(=O)=O)ccc21,CN(C)C=O,557.0
1616,COC(=O)c1cc(=O)n(C)c2cc(-c3cccc(N(C)C)c3)sc12,ClCCl,560.0
2846,CC(=O)Nc1ccc(S(=O)(=O)O)c(/N=N/c2c(O)c3ccccc3n(C)c2=O)c1,Cc1ccccc1,517.0
6266,c1ccc(N2c3ccccc3Sc3cc(-c4cccc5nc6ccccc6cc45)ccc32)cc1,CCCCCC,487.0
11409,Cc1nn(-c2ccccc2)c(C2=NN(c3ccc(Br)cc3)[C@@H](c3ccccc3)[C@@H]2c2ccccc2)c1C#N,C1CCCCC1,468.0
6964,Cc1ccc(C2=C3C=CC(/C=C/c4ccccc4)=[N+]3[B-](F)(F)n3c(/C=C/c4ccccc4)ccc32)cc1,ClC(Cl)Cl,647.0
11951,CCCCCCn1c2cc(/C=C/c3cccs3)ccc2c2ccc(/C=C/c3cccs3)cc21,ClC(Cl)Cl,427.3504274
1833,COc1ccc2c(-c3nc(-c4cccc(Br)c4)no3)cc(=O)oc2c1,ClC(Cl)Cl,449.0
10631,CC(=O)c1c2c(cc3cc(N(C)C)ccc13)CCC2,ClCCl,509.0
4608,CCCCN(CCCC)c1ccc2nc3c4ccccc4c(=O)c(OC(=C(C(F)(C(F)(F)F)C(F)(F)F)C(F)(C(F)(F)F)C(F)(F)F)C(F)(F)F)c-3oc2c1,ClCCl,631.0
8858,CCn1c2ccccc2c2cc(-c3cc(-c4ccc5c(c4)c4ccccc4n5CC)nc(C#N)n3)ccc21,CN(C)C=O,455.0
3379,COc1ccc(C2=C3C=c4c(oc5cc6c(cc45)[C@H]4CC[C@]5(C)C(=O)CC[C@H]5[C@@H]4CC6)=[N+]3[B-](F)(F)n3c2cc2c4cc5c(cc4oc23)CC[C@@H]2[C@@H]5CC[C@]3(C)C(=O)CC[C@@H]23)cc1,CCOCC,611.5
8385,COC(=O)C(Cc1ccc2oc(-c3ccc4c(c3)c3ccccc3n4-c3ccccc3)nc2c1)NC(=O)OC(C)(C)C,CCCCCO,380.9959233
8834,C(=C/c1ccncn1)\c1ccc(N(c2ccccc2)c2ccccc2)cc1,C1CCOC1,496.0
782,N#Cc1c(N2CCCCC2)cc(-c2ccc(O)cc2)c2c1-c1cccc3cccc-2c13,ClCCl,545.0
591,COc1ccc(C2=CC(c3ccccc3)=[N+]3C2=Nc2c(-c4ccc(OC)cc4)cc(-c4ccccc4)n2[B-]3(F)F)cc1,ClC(Cl)Cl,695.0
1156,Cc1cc(O)c(C(C)C)cc1/N=C/c1ccc(C(F)(F)F)cc1,OCCO,438.0
1536,Oc1ccc(/N=C/c2ccccc2Oc2ccccc2)cc1,CC(C)=O,423.0
6883,COc1cc(OC)cc(C2=[O+][B-](F)(F)OC(c3ccc4cc(OC)ccc4c3)=C2)c1,CC#N,550.5043587
7741,c1ccc(-c2nc(-c3ccccc3)nc(-n3c4ccccc4c4cc(-n5c6ccccc6c6ccccc65)ccc43)n2)cc1,Cc1ccccc1,502.8180354
10608,COc1ccc(/C=C/c2ncc(-c3ccccc3)o2)cc1OC,ClCCl,420.0
7688,CCN(CC)c1ccc2cc(/C=C(\C#N)c3nc4ccccc4o3)c(=O)oc2c1,Cc1ccccc1,560.0
6648,CCOC(=O)c1sc2nc(-c3ccccc3)c(C)c(C#N)c2c1N,CCO,580.0
3090,CN(C)c1ccc(/C=C/c2nc3c4ccccc4c4ccccc4c3[nH]2)cc1,CCOC(C)=O,460.0
2401,CN(C)c1ccc2nc(-c3ccc(C(=O)OC(C)(C)C)cc3)sc2c1,CS(C)=O,568.0
9999,CCCCNc1ccc(NCCCC)c2c1C(=O)c1ccccc1C2=O,c1ccccc1,667.0
5489,N#Cc1c(-c2cccs2)cc(-c2ccc3c(c2)Cc2ccccc2-3)[nH]c1=O,CC#N,486.0
11868,NS(=O)(=O)c1ccc(N2N=C(c3ccc(O)cc3)CC2c2ccc(Br)cc2)cc1,O,449.0
5032,Cc1ccc(C2=C3C=c4c(oc5ccccc45)=[N+]3[B-](F)(F)n3c2cc2c4ccccc4oc23)cc1,CCOC(C)=O,594.5
2152,C1=Cc2ccccc2C(=Cc2ccc(C=C3c4ccccc4C=Cc4ccccc43)cc2)c2ccccc21,C1CCOC1,405.0
8511,c1ccc2c(c1)c1ccccc1n2-c1ccc(-c2nnc(-c3ccc(-n4c5ccccc5c5ccccc54)cc3)o2)cc1,O=P(c1ccccc1)(c1ccccc1)c1ccccc1Oc1ccccc1P(=O)(c1ccccc1)c1ccccc1,414.0
4394,O=Cc1cc(N2CCCCC2)c2ccc3c(N4CCCCC4)cc(N4CCCCC4)c4ccc1c2c43,CCO,635.0
5990,C(#Cc1nccnc1C#Cc1ccccc1)c1ccccc1,CC#N,380.0
9606,Cn1c(=O)c(/N=N/c2ccc(Nc3ccccc3)c(S(=O)(=O)O)c2)c(O)c2ccccc21,C1CCOC1,502.0
8997,CCC(CC)COC1=CC2=C3c4cc(OCC(CC)CC)c(-c5ccccc5)n4[B-](F)(F)[n+]4c3n(c3cc(C(C)(C)C)ccc34)[B-](F)(F)[N+]2=C1c1ccccc1,ClCCl,736.0
2816,CN1C(=CC2=C([O-])C(=CC3=[N+](C)c4ccccc4C3(C)C)C2=NC#N)C(C)(C)c2ccccc21,ClC(Cl)Cl,665.0
4764,CCCCCCCN1C(=CC2=C([O-])C(=CC3=[N+](CCCCCCC)c4ccccc4C3(C)C)C2=C(C#N)C#N)C(C)(C)c2ccccc21,CN(C)C=O,691.0
9666,N#C/C(=C\C=C\c1ccc([N+](=O)[O-])cc1)c1ccccc1,CC#N,523.0
8904,CCn1c2ccccc2c2cc(/C=C/c3cccc(/C=C/c4ccc5c(c4)c4ccccc4n5CC)[n+]3CCCS(=O)(=O)[O-])ccc21,C1CCOC1,581.0
4907,CNc1ncc2nc(C(=O)OC)n(Cc3ccccc3)c2n1,C1COCCO1,405.0
6189,C(=C/c1ccnc(/C=C/c2ccc(N(c3ccccc3)c3ccccc3)cc2)n1)\c1ccc(N(c2ccccc2)c2ccccc2)cc1,CCCCCCC,447.0
4509,CC(C)(C)c1ccc(-c2nc3c4ccc(-c5cccc6ccccc56)cc4c4cc(-c5cccc6ccccc56)ccc4c3n2-c2ccc(C(C)(C)C)cc2)cc1,CCCCCC,381.0
11382,CC1(C)CCc2c(c3ccccc3c3nc4c5c(c6ccccc6c4nc23)OC(C)(C)CC5)O1,CC(C)O,475.0593824
4123,CCCCCCN1C(=O)c2cccc3c(-c4ccc(-c5cc(-c6ccccc6)nn5-c5ccccc5)s4)ccc(c23)C1=O,ClCCl,517.0
3100,Cc1nc2cc(/C=C/c3ccc(N(C)C)cc3)ccc2nc1-c1ccccc1,CC#N,646.0
8950,CCOC(=O)CCCn1c(C(=O)OC)c(C)c2c(=O)n3c(cc21)C(CC)=C(C)C3=O,CS(C)=O,481.0
9593,C[Si]1(C)c2ccccc2-c2cc3c(cc21)-c1ccccc1[Si]3(C)C,ClCCl,384.0
8986,CN(C)c1ccc(/C=C/C=C/c2ccncc2)cc1,CC#N,540.0
8469,CN(C)c1ccc(/C=C/C=C2\CC/C(=C\c3ccc(N(C)C)cc3)C2=O)cc1,CC(C)O,687.0
9073,O=[N+]([O-])c1ccc(/C=C/c2ccc3ncnc(Nc4ccccc4)c3c2)cc1,ClC(Cl)Cl,539.0
1731,C/C(=C\c1ccc(Cl)cc1)c1nc2ccccc2s1,CO,400.0
7402,CN(C)CCN(Cc1c2ccccc2cc2ccccc12)c1ccc([N+](=O)[O-])cc1,C1CCOC1,414.0
11669,CCNc1ccc2c(C(F)(F)F)cc(=O)oc2c1,CC(C)=O,485.0
11214,CC(C)(C)c1ccc(C#Cc2cc(C#Cc3ccc(C(C)(C)C)cc3)c(C#Cc3ccc(C(C)(C)C)cc3)c(C#Cc3ccc(C(C)(C)C)cc3)c2C#Cc2ccc(C(C)(C)C)cc2)cc1,ClCCl,429.0
11795,C(=C/c1cccc2ccccc12)\c1ccc(-c2nnc(-c3ccc(-c4cc5ccccc5s4)cc3)o2)cc1,CC#N,441.0
1870,COc1ccc(C(=O)/C=C2\C(=O)Nc3ccccc32)cc1,CC(C)O,378.0
2804,Cc1cccc(C)c1Nc1ccc(/C=C/c2ccccc2)cc1,CC#N,424.0
12218,CC(C)(C)c1cc2ccc3c(-c4ccc(N(c5ccccc5)c5ccccc5)cc4)ccc4c5nc6cc(C#N)c(C#N)cc6nc5c(c1)c2c34,CCCCCC,575.3061224
2211,CC(C)(C)NC(=O)c1cccc2ccc3c4ccc(F)cc4c4cc(F)ccc4c3c12,ClCCl,388.0
10328,CCC1(CC)c2ccccc2-c2c1c1c(c3c2C(CC)(CC)c2cc(B(c4c(C)cc(C)cc4C)c4c(C)cc(C)cc4C)ccc2-3)C(CC)(CC)c2ccccc2-1,CC#N,404.0
11590,N#C[Se]CCCCCOc1ccc2ccc(=O)oc2c1,CC#N,387.0
168,CCCCOc1ccc(-c2oc3c(-c4ccc(OCCCC)cc4)c4n(c3c2-c2ccc(OCCCC)cc2)[B-](F)(F)[N+]2=Cc3c(-c5ccc(OCCCC)cc5)c5oc(-c6ccc(OCCCC)cc6)c(-c6ccc(OCCCC)cc6)c5n3[B-](F)(F)[N+]2=C4)cc1,C1CCOC1,663.0
11762,c1ccc(-c2nc(-c3ccc(-c4ccc(-n5c6ccccc6c6ccccc65)cc4)cn3)oc2-c2ccccc2)cc1,CCOC(C)=O,408.0
11711,N#Cc1ccc(C#Cc2ccc(C#Cc3ccc(C#Cc4ccccc4C#N)cc3C#N)cc2C#N)cc1,C1CCOC1,390.0
10157,CC(C)(C)c1ccc2c(c1)c1cc(C(C)(C)C)cc3c1n2-c1cc(-c2ccc(F)cc2)cc2c1B3c1cc(C(C)(C)C)cc3c4cc(C(C)(C)C)ccc4n-2c13,Cc1ccccc1,496.9447709
10113,CCCCCCc1ccsc1-c1ccc(-c2sc(C(=O)O)cc2CCCCCC)s1,ClCCl,479.0
9224,CN(C)c1ccc(/C=C/C=C/c2nc3ccccc3s2)cc1,CCCO,533.0
5360,O=P1(c2ccccc2)C(c2cc(C(F)(F)F)cc(C(F)(F)F)c2)=Cc2c3ccc4cccc5ccc(c6cc(-c7ccc(N(c8ccccc8)c8ccccc8)cc7)n1c26)c3c45,CC#N,645.0
2107,O=c1c2cccc3cccc(c32)c2nc3c4ccccc4c4ccccc4c3n12,ClCCl,589.0
5371,O=C(O)C1=C(C(=O)O)C2=C[C@H]3c4ccccc4[C@]2(S1)c1ccccc13,ClCCl,503.0
9282,CCCCc1c2ccccc2c(-c2ccc(-c3nc4cc(CC(NC(=O)OC(C)(C)C)C(=O)OC)ccc4o3)cc2)c2ccccc12,CC1COC(=O)O1,450.9989627
3753,O=C1c2ccccc2-c2c(-c3ccc([N+](=O)[O-])cc3)c(-c3ccc([N+](=O)[O-])cc3)c(-c3ccccc3)c3cccc1c23,CC#N,496.0
3529,CCc1ccc(C2=[N+]3C(=Cc4c5ccc(OC)cc5c(-c5ccc(CC)s5)n4[B-]3(F)F)c3ccc(OC)cc32)s1,ClCCl,780.0
7047,Cc1cc(=O)c2ccc(N)cc2o1,ClC(Cl)Cl,380.0
567,COc1ccc(C2=[N+]3C(=Nc4c(-c5cc(OC)c(OC)c(OC)c5)cc(-c5ccc(OC)cc5)n4[B-]3(F)F)C(c3cc(OC)c(OC)c(OC)c3)=C2)cc1,Cc1ccccc1,724.0
6888,COc1cc(OC)cc(C2=[O+][B-](F)(F)OC(c3ccc4ccccc4c3)=C2)c1,CC#N,521.2056481
11812,NS(=O)(=O)c1ccc(N2N=C(c3ccc(O)cc3)CC2c2ccc([N+](=O)[O-])cc2)cc1,C1COCCO1,417.0
2367,CC(C)(C)c1ccc(-c2nc3c4ccc(-c5ccccc5)cc4c4cc(-c5ccccc5)ccc4c3n2-c2ccc(C(C)(C)C)cc2)cc1,C1CCOC1,389.0
6865,Cc1cc(=O)oc2cc(-c3cn(Cc4ccccc4)nn3)ccc12,CCO,381.0
10570,c1ccc(-c2nc(-c3ccc(-c4ccc(N(c5ccccc5)c5ccccc5)cc4)cn3)oc2-c2ccccc2)cc1,CCOCC,440.0
11846,NS(=O)(=O)c1ccc(N2N=C(c3ccc(O)cc3)CC2c2ccc(Cl)cc2)cc1,CCOC(C)=O,416.0
6608,COc1ccc2cc(-c3ccc([N+](=O)[O-])cc3)ccc2c1,ClC(Cl)Cl,573.0
440,Cc1c2c(c(C)c3ccccc13)-c1cc3nc4ccccc4nc3cc1-2,ClC(Cl)Cl,454.0
2018,Cc1ccccc1/C(C#N)=C/c1ccc(N(C)C)cc1,Cc1ccccc1,464.0
10329,CCC1(CC)c2ccccc2-c2c1c1c(c3c2C(CC)(CC)c2cc(B(c4c(C)cc(C)cc4C)c4c(C)cc(C)cc4C)ccc2-3)C(CC)(CC)c2ccccc2-1,CC(C)=O,395.0
10070,CCN(CC)c1ccc(/C=N/C(C#N)=C(C#N)/N=C/c2ccc(N(CC)CC)cc2O)c(O)c1,CC#N,609.0
8233,COc1cc(/C=C/C(=O)O)ccc1O,O,413.0
6414,CCCCCCCCCCOc1ccc2c3c(oc2c1)C1=C2C(=O)N4C=Cc5c(oc6cc(OCCCCCCCCCC)ccc56)C4=C2C(=O)N1C=C3,CN(C)C=O,660.0
11319,Cc1nc(-c2cc(C(F)(F)F)ccc2O)n2c1CCCC2,ClCCl,432.0
4540,C[Si]1(C)c2ccc(-c3cccs3)cc2C=Cc2cc(-c3cccs3)ccc21,ClCCl,373.0
12049,CN(C)c1ccc(/C=C2\CCCC2=O)cc1,CCCCCC,405.0
7905,COc1ccc(-n2c3ccccc3c3cc(/C=C/C(=C(C#N)C#N)c4ccccc4)ccc32)cc1,CCOC(C)=O,550.0
1224,COc1ccc(-c2cc(-c3ccc(C)cc3)c(C#N)c(OC)n2)cc1,ClC(Cl)Cl,392.0
5928,CN(C)CCNCc1c2ccccc2cc2ccccc12,ClC(Cl)Cl,417.0
2592,CC1=C(C)C(c2c(C)c(C)c3n2[B-](F)(F)[N+]2=C(C)C(C)=C(C)C2=C3)=[N+]2C1=Cc1c(C)c(C)c(C)n1[B-]2(F)F,ClCCl,650.0
2753,CCN(CC)c1ccc2c(c1)OC1=C(/C=C/C3=[N+](C)c4ccc5ccccc5c4C3(C)C)CCCC1=C2c1ccccc1C(=O)O,CCO,750.0
6210,Cc1ccc(-n2c3ccccc3c3cc(C=C(C#N)C#N)ccc32)cc1,ClC(Cl)Cl,478.0
4894,CCCCNC(=O)c1nc2c(N(C)C)nc(N(C)C)nc2n1Cc1ccccc1,CO,424.0
4601,CCOC(=O)/C(C#N)=C/c1cc2c3ccccc3n(C)c2cc1OC,CS(C)=O,488.0
2691,CN(C)c1ccc2c(-c3cc(C(=O)[O-])ccc3C(=O)[O-])c3ccc(=[N+](C)C)cc-3oc2c1,O,575.0
36,Oc1ccc(-c2ccco2)cc1-c1nc2ccccc2s1,O,577.0
4525,F[B-]1(F)n2c(-c3cccs3)cc(-c3cccs3)c2N=C2C(c3cccs3)=CC(c3cccs3)=[N+]21,ClCCl,764.0
9487,CCCCn1c2ccccc2c2ccc3c4cc(-c5ccc(C(F)(F)F)cc5)ccc4n(CCCC)c3c21,ClC(Cl)Cl,402.0
7348,O=C(N/N=C/c1ccccc1O)c1ccccc1O,CC#N,474.0
2249,COc1ccc(-n2nc(C(=O)N3CCCC3)c(N3CCCC3)n2)cc1,CCO,410.0
7060,O=C1OC(c2ccccc2)=N/C1=C\c1ccc(N(c2ccccc2)c2ccccc2)cc1,CC1CCCCC1,492.6
3938,CCN(CC)c1ccc2cc3ccc(=[N+](CC)CC)cc-3oc2c1,CN(C)C=O,532.0
10474,Cc1c2ccncc2c(C)c2c1[nH]c1ccccc12,CC(C)O,424.0
3181,CN(C)c1ccc(-c2ccc(-c3nc(C#N)c(C#N)n3C)cc2)cc1,CC#N,439.0
6931,Clc1nc(Nc2ccccc2)nc(Nc2ccc3c4cccc5cccc(c6cccc2c63)c54)n1,CC#N,477.0
9867,F[B-]1(F)n2c(-c3cccs3)cc(-c3ccccc3)c2N=C2C(c3ccccc3)=CC(c3cccs3)=[N+]21,ClCCl,740.0
9926,CC1=N/C(=C\c2cc(C#N)cc(N(C)C)c2)C(=O)N1C,CC#N,595.0
8147,COCCOCCOCCOCCOc1ccc(OCCOCCOCCOCCOC)c(C=O)c1,CNC=O,458.0
7977,C/C=C/c1ccc(OC)c(OC)c1,CCCCCC,334.0
5011,Cc1ccccc1C1=C2C=c3c(oc4ccc(C(C)(C)C)cc34)=[N+]2[B-](F)(F)n2c1cc1c3cc(C(C)(C)C)ccc3oc12,CO,600.5
3984,COC(=O)C(Cc1ccc2oc(-c3ccc(N(C)C)cc3)nc2c1)NC(=O)OC(C)(C)C,CCCCC,373.9995512
12216,CC1=C(c2ccc(N(c3ccccc3)c3ccccc3)cc2)C(C)=[N+]2C1=C(c1c(-c3ccccn3)nc3ccccn13)c1c(C)c(-c3ccc(N(c4ccccc4)c4ccccc4)cc3)c(C)n1[B-]2(F)F,ClCCl,709.0
9957,CC1=N/C(=C\c2ccccc2N)C(=O)N1C,ClCCl,452.0
1360,Cc1cccc2cc3c(=O)n(C)c(=O)n(C)c3nc12,CCO,423.0
11209,N#Cc1ccc(N)c2nonc12,O,612.0
8710,CCC1=C(C)C2=C(C)c3cc(I)c(I)n3[B-](F)(F)[N+]2=C1C,CO,546.0
486,CCOc1ccc(/C=C/C=C/C=C/c2ccc([N+](=O)[O-])cc2)cc1,CC1CCCCC1,488.0
4526,O=C(/C=C/c1cn(-c2ccccc2)nc1-c1ccccc1)c1c(O)c2ccccc2oc1=O,C1CCOC1,489.0
5639,CN(C)c1ccc(/C=C/c2ccc(-c3nc(C#N)c(C#N)n3C)cc2)cc1,C1CCCCC1,437.0
3421,C[N+]1=C(/C=C/C2=C3Oc4c(cc5c6c4CCCN6CCC5)C(c4ccccc4C(=O)O)=C3CCC2)C(C)(C)c2ccccc21,ClC(Cl)Cl,757.0
6818,COc1cccc(-n2c(-c3ccccc3)nc(C)c2C)c1,c1ccccc1,372.0
5453,c1ccc2cc(-n3c4ccccc4c4ccccc43)ccc2c1,CCOCC,368.0
3703,CC(C)(C)c1ccc(C2=c3sc(-c4ccc(C(C)(C)C)cc4)c(-c4ccc(C(C)(C)C)cc4)c3=[N+]3C2=Nc2c(-c4ccc(C(C)(C)C)cc4)c4sc(-c5ccc(C(C)(C)C)cc5)c(-c5ccc(C(C)(C)C)cc5)c4n2[B-]3(F)F)cc1,ClC(Cl)Cl,807.0
637,CCCN1/C(=C/C=C(/C=C/c2sc3ccccc3[n+]2CCC)c2ccc([N+](=O)[O-])cc2)C(C)(C)c2ccccc21,CO,659.0
4832,CCc1c(C)c2n(c1C)[B-](F)(F)[N+]1=C(NCc3ccc(OC)cc3)C=CC1=C2C,ClCCl,551.0
9429,O=Cc1ccc(-c2ccc3c(c2)C(=O)c2cc(-c4ccc(C=O)cc4)ccc2-3)cc1,C1CCOC1,371.0
3613,CCn1c2ccc(S(=O)(=O)O)cc2c(=O)c2cc3c(cc21)c(=O)c1cc(S(=O)(=O)O)ccc1n3CCCCCC(=O)O,O,559.0
8062,COC(=O)/C=C/C=C/c1ccc(N(C)C)cc1,CCCCO,438.0
3646,CC(C)[Si](C#Cc1c2cc3ccccc3cc2c(C#C[Si](C(C)C)(C(C)C)C(C)C)c2nc3c(nc12)C1c2ccccc2C3c2ccccc21)(C(C)C)C(C)C,CCCCCC,548.0
9320,O=Cc1ccc(-c2ccc(-c3nc4ccccc4s3)c(O)c2)s1,CCO,540.0
9104,CCC1(CC)c2cc(N(C)C)ccc2-c2ccc(C(F)(F)F)cc21,CC#N,337.0
7012,C(=C/c1ccnc2ccccc12)\c1ccc(/C=C/c2ccnc3ccccc23)cc1,C1CCCCC1,421.0
12230,N#Cc1nc(N(Cc2ccccc2Cl)Cc2ccccc2Cl)c(C#N)nc1N(Cc1ccccc1Cl)Cc1ccccc1Cl,ClC(Cl)Cl,567.0
11909,COc1ccc(-c2c3ccccc3c3n2[B-](F)(F)[N+]2=Cc4c5ccccc5c(-c5ccc(OC)cc5)n4[B-](F)(F)[N+]2=C3)cc1,Cc1ccccc1,616.0
10625,CC(=O)c1c2c(cc3cc(N(C)C)ccc13)CCC2,C1COCCO1,495.0
5493,N#Cc1c(-c2cccs2)cc(-c2ccc3c(c2)Cc2ccccc2-3)[nH]c1=O,CS(C)=O,437.0
167,c1ccc(-c2nc(-c3ccc(-c4ccc(-c5nc(-c6ccccc6)c(-c6ccccc6)o5)cc4)cc3)oc2-c2ccccc2)cc1,C1COCCO1,428.0
1915,O=C1Nc2ccccc2/C1=C/C(=O)c1ccc(Cl)cc1Cl,CC#N,407.0
9611,Cn1c(=O)c(/N=N/c2ccc(Nc3ccccc3)c(S(=O)(=O)O)c2)c(O)c2ccccc21,Cc1ccccc1,500.0
7019,C(=C/c1ccnc2ccccc12)\c1ccc(/C=C/c2ccnc3ccccc23)cc1,CN(C)C=O,440.0
8936,CCCCCCCC1=C(C)C(=O)n2c1cc1[nH]c(C(=O)OC)c(C)c1c2=O,ClC(Cl)Cl,448.0
7675,CCN(CC)c1ccc2c(C#N)c(/C=C(\C#N)c3nc4ccccc4o3)c(=O)oc2c1,CC#N,676.0
11495,CN(C)c1ccc(-c2nc(C#N)c(C#N)n2C)cc1,ClC(Cl)Cl,437.0
6576,Cc1cc(-c2ccc(-n3c4ccccc4c4ccccc43)cc2)nc(-c2ccc(-c3ccccc3)cc2)n1,ClC(Cl)Cl,423.0
11924,CC[n+]1ccc(/C=C/c2ccc3ccc4cccc5ccc2c3c45)cc1,CS(C)=O,595.0
801,CCn1c2ccccc2c2cc(-c3cc(-c4ccc5c(c4)c4ccccc4n5CC)nc(-c4ccc(C#N)cc4)n3)ccc21,C1CCOC1,408.0
2138,CC1(C)Cc2c(c3ccccc3c3nc4ccccc4nc23)O1,CN(C)C=O,521.9206681
7391,CN(C)CCN(Cc1c2ccccc2cc2ccccc12)c1ccc([N+](=O)[O-])cc1[N+](=O)[O-],C1CCCCC1,391.0
3351,CC(C)(C)c1ccc(C2=C(c3ccc(-n4c5ccccc5c5ccccc54)cc3)S(=O)(=O)c3c2sc(-c2ccc(-n4c5ccccc5c5ccccc54)cc2)c3-c2ccc(C(C)(C)C)cc2)cc1,C1CCOC1,542.0
742,C[n+]1ccc(/C=C/c2ccc(N(c3ccccc3)c3ccc(/C=C/c4cc[n+](C)cc4)cc3)cc2)cc1,O,656.0
6510,CN(C)c1ccc(-c2nc3c(c4c2-c2ccc(C#N)cc2CC4)-c2ccc(C#N)cc2CC3)cc1,CO,489.0
7210,CCCCCCCCN1c2ccc(C#Cc3ccc(OC)cc3)cc2Sc2cc(C=O)ccc21,CC#N,538.0
6822,CCCCCCCCCCCCCCCCOC(=O)c1ccc(N(c2ccccc2)c2ccccc2)cc1,C1CCOC1,428.0
11019,c1ccc(-n2c(-c3ccc(-c4c5ccccc5c(-c5cccc(-n6c7ccccc7c7ccccc76)c5)c5ccccc45)cc3)nc3c4ccccc4c4ccccc4c32)cc1,CCCCCC,428.5964912
10130,c1ccc(-c2nc(-c3ccc(-c4nc(-c5ccccc5)c(-c5ccccc5)[nH]4)s3)[nH]c2-c2ccccc2)cc1,ClC(Cl)Cl,484.99478635
3678,Cc1cc(=O)oc2c3c4c(cc12)CCCN4CCC3,CC#N,450.0
11460,F[B-]1(F)n2cccc2C(c2c3ccccc3c(-c3ccccc3)c3ccccc23)=C2C=CC=[N+]21,CCO,522.0
4367,CN(C)c1ccc(C#Cc2ccc3ccc4ccc(C#Cc5ccc(N(C)C)cc5)c5ccc2c3c45)cc1,CCCCCCO,531.8
3963,COC(=O)C(NC(=O)OC(C)(C)C)c1ccc2oc(-c3ccc(O)cc3O)nc2c1,CC1CCCCC1,470.0
9321,O=Cc1ccc(-c2ccc(-c3nc4ccccc4s3)c(O)c2)s1,ClCCl,535.0
2847,CC(=O)Nc1ccc(S(=O)(=O)O)c(/N=N/c2c(O)c3ccccc3n(C)c2=O)c1,ClCCl,528.0
9608,Cn1c(=O)c(/N=N/c2ccc(Nc3ccccc3)c(S(=O)(=O)O)c2)c(O)c2ccccc21,CCOC(C)=O,503.0
2478,Cc1cc(C)c(C2=C3C=c4c(c5ccc(C(C)(C)C)cc5c5cc(C(C)(C)C)ccc45)=[N+]3[B-](F)(F)n3c2cc2c4ccc(C(C)(C)C)cc4c4cc(C(C)(C)C)ccc4c23)c(C)c1,C1CCOC1,711.0
715,CC1CC=C(c2ccc(-c3ccc(C=O)s3)s2)CC1,c1ccncc1,483.0
2957,CC1=[N+]2C(=C(c3ccc(-c4c5ccccc5c(-c5ccccc5)c5ccccc45)cc3)c3ccc(C)n3[B-]2(F)F)C=C1,ClCCl,526.0
6433,Oc1cc(N(c2ccccc2)c2ccccc2)ccc1-c1nc2c3ccccc3c3ccccc3c2[nH]1,C1CCOC1,420.0
5556,CC(C)[Si](C#Cc1ccc(C#C[Si](C(C)C)(C(C)C)C(C)C)c2nc3c(ccc4cc5ccccc5cc43)nc12)(C(C)C)C(C)C,CCCCCC,466.0
10003,CCNc1ccc(NCC)c2c1C(=O)c1ccccc1C2=O,CCCCCCCCCCO,672.0
7481,CCN(CC)c1ccc2cc(/C=C/C3=CC(/C=C/c4cc5ccc(N(CC)CC)cc5oc4=O)=[O+][B-](F)(F)O3)c(=O)oc2c1,CCOC(C)=O,659.0
3244,CN(C)c1ccc(C2=Nc3sc4cc(C(F)(F)F)ccc4[n+]3[B-](F)(F)O2)cc1,CC(C)=O,495.0
10484,Cc1c2ccncc2c(C)c2c1[nH]c1ccccc12,Cc1ccccc1,403.0
12184,O=C1/C(=C2\Sc3ccc(S(=O)(=O)Nc4ccccc4)cc3C2=O)Sc2ccc(S(=O)(=O)Nc3ccccc3)cc21,CO,618.0
2089,F[B-]1(F)n2ccnc2-c2cccc[n+]21,CCCCCC,337.0
9378,Cc1oc2c(Cl)cc3c(C)cc(=O)oc3c2c1C,CC#N,431.0
10371,CN(C)C1=Nc2cccc3cccc1c23,CC#N,589.0
4963,CCCCn1c2ccc(C#N)cc2c2cc(C#N)cc(-c3ccc(N(c4ccccc4)c4ccccc4)cc3)c21,CCOC(C)=O,438.0
4265,O=C1OCC2=C1C(c1ccccc1)c1cc3c(cc1N2CCO)CCC3,ClCCl,420.0
1834,COc1ccc2c(-c3nc(-c4cccc(C)c4)no3)cc(=O)oc2c1,CCO,464.0
7332,CC1(C)c2ccccc2N(c2ccc(-c3nc(-c4ccccn4)n(-c4ccc(N5c6ccccc6C(C)(C)c6ccccc65)cc4)n3)cc2)c2ccccc21,ClCCl,445.0
6452,F[B-]1(F)n2cccc2C(c2ccccc2)=C2C=CC(N3CCOCC3)=[N+]21,CC#N,550.0
9693,CCCCCCCCOc1cc(/C=C/c2ccncc2)c(OCCCCCCCC)cc1/C=C/c1ccncc1,ClCCl,470.0
8935,CCCCCCCC1=C(C)C(=O)n2c1cc1[nH]c(C(=O)OC)c(C)c1c2=O,CS(C)=O,482.0
11470,CCc1ccc(-n2c3ccccc3c3cc4c(cc32)c2ccccc2n4-c2ccc(CC)s2)s1,ClC(Cl)Cl,405.0
6443,N#CSC1=CC2=C(c3ccccc3)c3ccc(SC#N)n3[B-](F)(F)[N+]2=C1N1CCOCC1,CCCCCC,588.0
3833,CCCCOc1ccc(-c2oc3cc4n(c3c2-c2ccc(OCCCC)cc2)[B-](F)(F)[N+]2=Cc3cc5oc(-c6ccc(OCCCC)cc6)c(-c6ccc(OCCCC)cc6)c5n3[B-](F)(F)[N+]2=C4)cc1,Cc1ccccc1,641.0
7452,CN(C)c1ccc(/C=C/C(=O)c2ccccc2)cc1,CO,531.0
2485,Cc1cc(C)c(C2=C3C=c4c(c5ccccc5c5ccccc45)=[N+]3[B-](F)(F)n3c2cc2c4ccccc4c4ccccc4c23)c(C)c1,CC#N,688.0
5079,COc1ccc(C2=C3C(/C=C/c4cc(OC)c(OC)c(OC)c4)=C(C=O)C(/C=C/c4cc(OC)c(OC)c(OC)c4)=[N+]3[B-](F)(F)n3c(/C=C/c4cc(OC)c(OC)c(OC)c4)c(C=O)c(C=Cc4cc(OC)c(OC)c(OC)c4)c32)cc1,ClCCl,722.0
10937,CN(C)c1ccc(-c2cc3ccc([N+](=O)[O-])cc3c(=O)o2)cc1,CC(C)=O,682.0
12111,CCCCCCC(CCCCCC)N1C(=O)c2cccc3c(-c4ccc(C#N)cc4)ccc(c23)C1=O,CN(C)C=O,478.3
3399,CCN(CC)c1ccc2cc(-c3csc(N)c3C#N)c(=O)oc2c1,ClCCl,464.0
1886,Cc1ccc(C(=O)/C=C2\C(=O)Nc3ccccc32)cc1,CO,411.0
3003,N#Cc1ccc2cc(C#Cc3cn([C@H]4C[C@H](O)[C@@H](CO)O4)c4ncnc(N)c34)ccc2c1,CCO,469.0
23,c1ccc2c(-c3ccc(-c4nnc(-c5ccc(-c6nnc(-c7ccc(-c8cccc9ccccc89)s7)o6)cc5)o4)s3)cccc2c1,CCO,459.0
4634,Cc1nc2c(ccc3c2sc(/C=C/c2ccc(N(CCO)CCO)cc2)[n+]3C)s1,CO,601.0
9118,Nc1ccc2c(c1)Cc1ccccc1-2,CC(C)O,369.0
1309,C1=CSC(=C2SC=C(/C=C/C=C/C=C/C3=CSC(=C4SC=CS4)S3)S2)S1,CCCCCC,631.0
6029,CN(C)c1ccc(C#Cc2ccc(C#N)cc2)cc1,CCCCCCCCCCCCCCCC,385.000385
789,BrC1=CN2C[n+]3cc(Br)cc(Br)c3N=C2C(Br)=C1,CS(C)=O,494.0
3411,O=C1c2cccc3c(NCc4ccccn4)c4ccccc4c(c23)C(=O)N1Cc1ccccn1,CCCCCC,594.0
5030,Cc1ccc(C2=C3C=c4c(oc5ccccc45)=[N+]3[B-](F)(F)n3c2cc2c4ccccc4oc23)cc1,C1CCOC1,596.5
9755,Cc1nn(-c2ccccc2)c2c1c(=O)oc1ccc(-n3c4ccccc4c4ccccc43)cc12,Cc1ccccc1,412.0
4850,O=S1(=O)c2ccc(-c3ccc(N(c4ccccc4)c4ccccc4)cc3)cc2C2(c3ccccc3-c3ccccc32)c2cc(-c3ccc(N(c4ccccc4)c4ccccc4)cc3)ccc21,CCCCCC,398.3747178
2514,COc1ccc(-c2cnc3nn4ccccc4c3n2)cc1,C1CCOC1,455.0
8018,CC(=O)Nc1ccc(O)cc1,CS(C)=O,329.0
4035,CCOC(=O)c1c(-c2cc3ccc(OC)cc3oc2=O)nn(-c2cccc(Cl)c2)c1C(=O)OCC,ClCCl,422.0
8615,CCC1=C(C)C2=C(C)c3c(C)c(CC)c(C)n3[B-](F)(F)[N+]2=C1C,OCC(F)(F)F,535.2
9954,CC1=N/C(=C\c2ccccc2N)C(=O)N1C,CC#N,453.0
4743,N#Cc1c(-c2ccccc2)cc(-c2ccccc2)[nH]c1=S,CCCCO,506.0
3574,C(=C/c1nc2ccccc2s1)\c1ccc(-c2nc3c4cccnc4c4ncccc4c3[nH]2)cc1,CC#N,485.0
6194,c1ccc(-c2ccc(-c3nc(-n4c5ccccc5c5ccc6c7ccccc7n(-c7ccccc7)c6c54)nc(-n4c5ccccc5c5ccc6c7ccccc7n(-c7ccccc7)c6c54)n3)cc2)cc1,Cc1ccccc1,495.0
1957,CCCCCCCCCCOc1cc(OCCCCCCCCCC)cc(C2=C3C(/C=C/c4ccc(N(C)C)cc4)=C(C#Cc4ccc(C(C)(C)C)cc4)C(/C=C/c4ccc(N(C)C)cc4)=[N+]3[B-](F)(F)n3c(/C=C/c4ccc(N(C)C)cc4)c(C#Cc4ccc(C(C)(C)C)cc4)c(/C=C/c4ccc(N(C)C)cc4)c32)c1,ClC(Cl)Cl,835.0
9485,Oc1c(-c2nc3c4ccc(-c5ccccc5)cc4c4cc(-c5ccccc5)ccc4c3[nH]2)ccc2c1c1ccccc1n2-c1ccccc1,Cc1ccccc1,507.0
11710,C(#Cc1ccc(C#Cc2ccc(C#Cc3ccccc3)cc2)cc1)c1ccccc1,ClC(Cl)Cl,387.0
10427,CNCCCN1c2ccccc2CCc2ccccc21,CO,356.0
10411,O=c1[nH]c(=O)c2scc([C@H]3C[C@H](O)[C@@H](CO)O3)c2[nH]1,O,351.0
10863,N#CC(C#N)=C(/C=C/c1ccc(N(c2ccccc2)c2ccccc2)cc1)c1ccc2c3c(cccc13)CC2,CC(C)=O,644.0
7066,O=C1OC(c2ccccc2)=N/C1=C\c1ccc(N(c2ccccc2)c2ccccc2)cc1,CCOCC,540.4
6496,CCN(CC)c1ccc(-c2nc3c(c4c2-c2ccccc2CC4)-c2ccccc2CC3)cc1,CS(C)=O,470.0
1395,CN(C)c1ccc(C2=Nc3scc[n+]3[B-](F)(F)O2)cc1,CC#N,469.0
9209,COC(=O)c1nc2c(OCc3ccccc3)nc(N)nc2n1Cc1ccccc1,C1COCCO1,376.0
7535,CCOC(=O)C1=CN(c2ccccc2)C=C(C(=O)OCC)C1c1ccccc1,CO,426.0
5706,N#CC1=c2c3cccc4cccc(c43)n2[B-](F)(F)[n+]2ccccc21,Cc1ccccc1,535.0
6886,COc1cc(OC)cc(C2=[O+][B-](F)(F)OC(c3ccc4cc(OC)ccc4c3)=C2)c1,Cc1ccccc1,475.7845579
12192,Cc1cc(-n2c3ccccc3c3cc(C#N)ccc32)ccc1-c1ccc(S(=O)(=O)c2ccccc2)cc1C,C1CCOC1,369.1935484
12198,Cc1cc(-n2c3ccccc3c3ccccc32)ccc1-c1ccc(S(=O)(=O)c2ccccc2)cc1C,Cc1ccccc1,349.0
8084,O=Cc1cc(O)c(C=O)cc1O,CCCO,491.0
7354,C1=C/C2=C(\c3ccccc3)c3c[nH]c(c3)/C(c3ccccc3)=C3/C=CC(=N3)/C(c3ccccc3)=c3/cc/c([nH]3)=C(\c3ccccc3)C1=N2,CC(=O)N(C)C,713.0
11036,Brc1ccc(-c2nc(-c3ccc(C#Cc4ccc(-n5c6ccccc6c6ccccc65)cc4)cc3)nc(-c3ccc(C#Cc4ccc(-n5c6ccccc6c6ccccc65)cc4)cc3)n2)cc1,CC#N,563.0
7306,CN(C)c1ccc(-c2cc3c(ccc4c([N+](=O)[O-])cccc43)c(=O)o2)cc1,CO,548.0
5872,CC(C)[Si]1(C(C)C)c2cc(N(C)C)ccc2-c2ccc(C(F)(F)F)cc21,CCO,422.0
1226,CC1=NN(c2ccccc2)C(=O)/C1=C/c1cn(-c2ccccc2)nc1-c1ccccc1,C1COCCO1,407.0
5467,N#Cc1c(N2CCCC2)cc(-c2ccccc2)c2c1Cc1ccccc1-2,C1CCOC1,446.0
3286,Cc1ccc(Nc2ccc(Nc3ccc(C)cc3)c3c2C(=O)c2ccccc2C3=O)cc1,CN(C)C=O,686.0
12016,C(=C/c1ncc2ccccc2n1)\c1ccc(-c2ccc(N(c3ccccc3)c3ccccc3)cc2)cc1,C1CCCCC1,455.0
9973,COC(=O)/C(C#N)=c1\s/c(=c2/s/c(=C(/C#N)C(=O)OC)c3cc(-c4ccc(C)cc4)sc23)c2sc(-c3ccc(C)cc3)cc12,Cc1ccccc1,652.0
4395,O=Cc1cc(N2CCCCC2)c2ccc3c(N4CCCCC4)cc(N4CCCCC4)c4ccc1c2c43,CCOC(C)=O,562.0
6705,CCCCCCCCOc1ccc2c3cccc4c(OCCCCCCCC)ccc(c5cccc1c52)c43,Cc1ccccc1,467.989043
8598,CCC1=C(C)C2=C(C)c3c(C)c(CC)c(C)n3[B-](F)(F)[N+]2=C1C,CC(C)O,534.0
9826,COc1ccc(C#Cc2nc3ccccc3nc2-c2cn(C)c3ccccc23)cc1,ClCCl,506.0
10515,CCCN1/C(=C/C=C/C=C/C2=[N+](CCC)c3ccccc3C2(C)C)C(C)(C)c2ccccc21,CS(C)=O,660.0
1310,C1=CSC(=C2SC=C(/C=C/C=C/C=C/C3=CSC(=C4SC=CS4)S3)S2)S1,CCOCC,700.0
4718,O=c1oc2ccccc2cc1-c1ccc(-c2cc3ccccc3oc2=O)cc1,CCOC(C)=O,426.0
3798,CN(C)c1ccc2nc3c(cc2c1)c(-c1ccccc1)nn3-c1ccccc1,C1CCOC1,534.1880342
4934,CCN(CC)c1ccc2cc(/C=C/C(=O)c3cc4ccc(N(CC)CC)cc4oc3=O)c(=O)oc2c1,ClCCl,562.0
9383,Cc1cc2c(o1)c(Br)cc1c(C)cc(=O)oc12,CC#N,435.0
9301,CCC1=C(C)C2=C(c3c(C)cc(C)nc3-c3cccs3)c3c(C)c(CC)c(C)n3[B-](F)(F)[N+]2=C1C,CC#N,549.0
4007,COC(=O)C(NC(=O)OC(C)(C)C)c1ccc2oc(-c3cc(C(F)(F)F)cc(C(F)(F)F)c3)nc2c1,CC#N,378.0
10065,COc1ccc(N(c2ccc(OC)cc2)c2cc3ccc4cc(B(c5c(C)cc(C)cc5C)c5c(C)cc(C)cc5C)cc5ccc(c2)c3c45)cc1,ClC(Cl)Cl,532.0
1822,CC(C)(C)C1Nc2ccccc2C(=O)N1Cc1ccccc1,CO,439.0
8813,F[B-]1(F)N(c2ccccc2)C=Cc2cccc[n+]21,CC#N,555.0
1315,C1=CSC(=C2SC=C(/C=C/C=C/C=C/C3=CSC(=C4SC=CS4)S3)S2)S1,ClC(Cl)Cl,730.0
11163,COc1ccc2c(c1)c1c(OC)c3ccccc3c(OC)c1n2C,ClCCl,443.0
11569,CCN(CC)c1ccc2c(C(F)(F)F)cc(=O)oc2c1,CCOC(C)=O,479.0
11528,C(=C/c1ccc(N(c2ccccc2)c2ccccc2)cc1)\c1ccc(-c2cc(-c3ccccn3)nc(-c3ccccn3)c2)cc1,CCO,556.0
2315,CCCCCCc1ccc(-n2c3[n+](c4c5ccccc5c5ccccc5c42)[B-](C)(C)c2cc(N(c4ccccc4)c4ccccc4)ccc2-3)cc1,Cc1ccccc1,428.0
2826,COc1ccc(/N=N/c2c(O)c3ccccc3n(C)c2=O)c(S(=O)(=O)O)c1,CO,532.0
10366,CN(C)c1ccc(C#Cc2nc(-c3ccccc3)nc3ccccc23)cc1,C1CCCCC1,423.0
6826,CCCCCCCCCCCCCCCCOC(=O)c1ccc(N(c2ccccc2)c2ccccc2)cc1,c1ccccc1,412.0
2595,O=Cc1ccc2nc(C#Cc3ccc(N(c4ccccc4)c4ccccc4)cc3)sc2c1,Cc1ccccc1,473.0
9753,CC[n+]1ccc(/C=C/c2cc3cccc4ccc5cccc2c5c43)cc1,O,606.0
1339,CCOC(=O)COc1ccc(/C=C/c2cc(C)c3n2[B-](F)(F)[N+]2=C(c4[nH]c(C)cc4C)c4ccccc4C2=C3)cc1,CC#N,699.0
4410,CCn1c2cc(C(C)(C)C)ccc2c2c3nsnc3c3c4ccc(C(C)(C)C)cc4n(CC)c3c21,Cc1ccccc1,489.0
738,C1=C(c2ccc(-c3cccs3)s2)CCCC1,OCCOCCO,446.0
965,COc1ccc(-n2c3c4ccccc4nc(-c4ccc(C#N)cc4)c3c3c2c2c(-c4ccc(C#N)cc4)nc4ccccc4c2n3-c2ccc(OC)cc2)cc1,ClC(Cl)Cl,513.0
252,Cc1ccc2nc3[nH]c(=O)[nH]c(=O)c3nc2c1C,CC#N,469.0
4989,CC1=C(c2ccccc2)C(C)=[N+]2C1=C(c1ccccc1)c1c(C)c(-c3ccccc3)c(C)n1[B-]2(F)F,CO,550.0
8736,CC1=C(C(C)(C)C)C(C)=[N+]2C1=C(C)c1c(C)c(C(C)(C)C)c(C)n1[B-]2(F)F,CCCCCCCCO,565.0
2098,F[B-]1(F)n2c(nc(Br)c2Br)-c2cccc[n+]21,ClC(Cl)Cl,469.0
5479,Cc1cc(C)c(B(c2c(C)cc(C)cc2C)c2cc3ccc4ccccc4c3c3c2ccc2ccccc23)c(C)c1,C1CCCCC1,436.0
6109,COc1ccc(C#Cc2ccc(C#N)cc2)cc1,C1COCCO1,369.0
10661,CC1(C)c2ccccc2N(c2ccc3c(c2)C(C)(C)c2cc(N4c5ccccc5C(C)(C)c5ccccc54)ccc2S3(=O)=O)c2ccccc21,C1CCOC1,473.0994152
872,CCc1c(C)[nH]c(C2=[N+]3C(=Cc4c(C)cc(C)n4[B-]3(F)F)c3ccccc32)c1C,ClCCl,640.0
4610,CCCCN(CCCC)c1ccc2nc3c4ccccc4c(=O)cc-3oc2c1,ClCCl,609.0
10224,CC1(C)Cc2c(c3ccccc3c3nc4c5c(c6ccccc6c4nc23)OC(C)(C)C5)O1,CC#N,508.9058524
8897,CCCCc1cc(C=O)c2ccc3c(CCCC)cc(N4CCCCC4)c4ccc1c2c34,C1CCOC1,540.0
12191,COc1ccc2c(c1)O[B-]13Oc4cc(OC)ccc4-c4cc(-c5ccccc5)c(n41)N=C1C(c4ccccc4)=CC2=[N+]13,ClC(Cl)Cl,782.0
11545,c1ccc2nc3cccc(-c4ccc(-n5c6ccccc6c6ccccc65)cc4)c3cc2c1,ClCCl,486.0
10552,c1ccc2c3c(ccc2c1)-c1c2ccccc2cc2cccc-3c12,CCCCCCC,603.0
3781,c1ccc2cc(-n3cnc4ccccc43)ccc2c1,ClC(Cl)Cl,375.0
6066,CN(C)c1ccc(C#Cc2ccccc2)cc1,CCOC(C)=O,382.49694
8067,CCOC(=O)c1ccc(N(C)C)cc1,CC#N,501.9230769
6080,COC(=O)c1ccc(C#Cc2ccc(N(C)C)cc2)cc1,CC1CCCO1,464.5113341
9729,c1cc2c3c(cccc3c1)-c1c-2ccc2c1ccc1ccccc12,CCCCCCC,483.0
6162,COC(=O)c1ccc(/C=C2\N=C(c3ccc(OC)c(OC)c3)OC2=O)cc1,C1COCCO1,474.0
10781,CCOC(=O)C1=C(C(=O)OCC)C2(c3ccccc3-c3c(Br)cc(Br)cc32)C2(/C=C/c3ccc(Cl)cc3)c3cc(OC)c(OC)cc3CCN12,ClCCl,495.0
5117,N#C/C(=C\c1cn(-c2ccccc2)nc1-c1ccccc1)c1nc2ccccc2s1,CS(C)=O,465.0
5746,C[n+]1ccc(/C=C/c2ccc([O-])cc2)cc1,CCO,582.0
10585,CCN(CC)c1ccc2cc(-c3cn4ccccc4n3)c(=O)oc2c1,CS(C)=O,482.0
9832,C(=C/c1ncc2ccccc2n1)\c1ccc(N(c2ccccc2)c2ccccc2)cc1,CS(C)=O,547.0
10244,O=C1NC(=O)c2c1c1c3ccccc3[nH]c1c1[nH]c3ccccc3c21,CCO,550.0
5697,CCCCC(CC)Cn1c2ccccc2c2cc(-c3ccc4c(c3)-c3cc(-c5ccc6c(c5)c5ccccc5n6CC(CC)CCCC)ccc3S4(=O)=O)ccc21,ClC(Cl)Cl,438.0
7203,CCCCCCCCN1c2ccc(C#Cc3ccc(F)cc3)cc2Sc2cc(C=O)ccc21,CC#N,538.0
11570,CCN(CC)c1ccc2c(C(F)(F)F)cc(=O)oc2c1,OCC(O)CO,524.0
3921,COc1ccc(C2=C(c3ccc(OC)cc3)C3(c4ccccc42)c2ccccc2-c2ccccc23)cc1,C1CCCCC1,437.0
8803,c1ccc2c(c1)c1ccccc1n2-c1ccc2c(c1)c1ccccc1n2-c1cc2c3ccccc3n3c4ccccc4c(c1)c23,C1CCCCC1,391.8250951
12025,Cc1ccc(-c2c3ccc([nH]3)c3nc(c(-c4ccc([N+](=O)[O-])cc4)c4ccc([nH]4)c4ccc([nH]4)c(-c4ccc(C)cc4)c4ccc2o4)C=C3)cc1,c1ccccc1,737.0
447,CN(C)c1ccc(C2=Nc3scc(-c4ccc(N(C)C)cc4)[n+]3[B-](F)(F)O2)cc1,ClCCl,590.0
9798,COc1ccc(-c2sc3c(-c4ccc(OC)cc4)c4n(c3c2-c2ccc(OC)cc2)[B-](F)(F)[N+]2=Cc3c(-c5ccc(OC)cc5)c5sc(-c6ccc(OC)cc6)c(-c6ccc(OC)cc6)c5n3[B-](F)(F)[N+]2=C4)cc1,CN(C)C=O,654.0
56,CC1(C)CC(/C=C/c2cn(-c3ccccc3)nc2-c2ccccc2)=CC(=C(C#N)C#N)C1,CS(C)=O,578.0
3449,O=P1(c2ccccc2)C2=C(c3ccccc31)C(c1ccccc1)(c1ccccc1)c1cc(N(c3ccccc3)c3ccccc3)ccc12,CC#N,594.0
2855,CC(C)(C)c1ccc2oc3nc4oc5ccc(-n6c7ccccc7c(=O)c7ccccc76)cc5c4cc3c2c1,ClC(Cl)Cl,409.0
4165,Oc1cccc(-c2nc(-c3ccccc3)c(-c3ccccc3)[nH]2)c1,CO,390.0
2986,Fc1c(F)c(F)c([B-]2(c3c(F)c(F)c(F)c(F)c3F)Oc3c(ccc4c5c(ccc34)C=[N+](c3ccccc3)[B-](c3c(F)c(F)c(F)c(F)c3F)(c3c(F)c(F)c(F)c(F)c3F)O5)C=[N+]2c2ccccc2)c(F)c1F,C1CCOC1,578.0
476,CN(C)c1ccc(/C=C/C=C/C=C/c2ccc(N(C)C)cc2)cc1,CC1CCCCC1,465.0
5871,CC(C)[Si]1(C(C)C)c2cc(N(C)C)ccc2-c2ccc(C(F)(F)F)cc21,CC#N,440.0
6913,CN(C)c1ccc2nc(/C=C/c3ccccc3)c(=O)oc2c1,CCO,574.0
5523,CCN(CC)c1ccc2c(c1)oc(=O)c1c(=O)oc3c(C)c4oc(=O)c5c(=O)oc6cc(N(CC)CC)ccc6c5c4cc3c12,CS(C)=O,558.0
8607,CCC1=C(C)C2=C(C)c3c(C)c(CC)c(C)n3[B-](F)(F)[N+]2=C1C,CCO,532.4
7100,F[B-]1(F)n2c(Oc3ccccc3)c(Cl)c(Br)c2C(Oc2ccccc2)=C2C(Br)=C(Cl)C(Oc3ccccc3)=[N+]21,ClCCl,544.0
7307,CN(C)c1ccc(-c2cc3c(ccc4c([N+](=O)[O-])cccc43)c(=O)o2)cc1,ClC(Cl)Cl,634.0
8079,O=Cc1cc(O)c(C=O)cc1O,C1CCOC1,468.0
6117,COc1ccc(C#Cc2ccc(C#N)cc2)cc1,ClCCl,386.0
750,COc1ccc(C(=Cc2ccc(/C=C(\C#N)c3ccc([N+](=O)[O-])cc3)cc2)c2ccc(OC)cc2)cc1,C1CCOC1,643.0
10751,Fc1c(F)c(F)c2c(c1F)C1=Nc3c4c(F)c(F)c(F)c(F)c4c4n3[B-]3(Cl)n5c(c6c(F)c(F)c(F)c(F)c6c5=N4)=NC2=[N+]13,CO,586.0
8444,CC(C)(C)c1ccc(-c2nc3c4ccc(-c5ccc6ccc7cccc8ccc5c6c78)cc4c4cc(-c5ccc6ccc7cccc8ccc5c6c78)ccc4c3n2-c2ccc(C(C)(C)C)cc2)cc1,C1COCCO1,432.0
4981,CC(C)CCCCN1CCc2c1ccc1c3c(ccc21)C(=O)CCC3,CCOC(C)=O,467.0
376,N#Cc1cc(N2c3ccccc3Sc3ccccc32)cc(N2c3ccccc3Sc3ccccc32)c1,Cc1ccccc1,536.0
2458,O=P(c1ccccc1)(c1ccccc1)n1c2ccccc2c2cc(-n3c4ccccc4c4cc(-n5c6ccccc6c6ccccc65)ccc43)ccc21,ClCCl,381.0
10660,Cc1ccc2c(c1)C(C)(C)c1cc(C)ccc1N2c1ccc2c(c1)C(C)(C)c1cc(N3c4ccc(C)cc4C(C)(C)c4cc(C)ccc43)ccc1S2(=O)=O,ClCCl,538.0
7769,Nc1cccc2c1-c1ccccc1C2=O,c1ccccc1,544.0
7775,COc1cc(OC)c2c(c1)C(=O)c1cc(OC)cc(OC)c1-2,C1CCCCC1,585.0
9233,CN(C)c1ccc(/C=C/C=C/c2nc3ccccc3s2)cc1,OCCO,583.0
8649,C#CCNC1=C2C=CC=[N+]2[B-](F)(F)n2cccc21,ClC(Cl)Cl,485.0
3837,CCCCN(CCCC)c1ccc2nc3c4ccccc4c(=O)c(-c4c5ccccc5cc5ccccc45)c-3oc2c1,ClCCl,619.0
8055,COc1ccc(OC)c(C=O)c1,NC=O,464.0
12247,CCOC(=O)CN(CC(=O)OCC)c1ccc(-c2cc(-c3ccncc3)nc(-c3ccncc3)c2)cc1,CS(C)=O,496.0
3352,C(=N/c1ccc(-c2cn3nc(-c4cccs4)sc3n2)cc1)\c1c2ccccc2cc2ccccc12,ClC(Cl)Cl,526.0
5444,CCCCCCCCCCCCCCCCCCN1C(=O)c2cccc3c(OCCN(C)C)ccc(c23)C1=O,CC#N,514.0
5411,COCCC1=Cc2nc1ccc1[nH]c(cc1CCOC)c1nc(c(NC(=O)CCCC(=O)O)cc3[nH]c2cc3CCOC)C(CCOC)=C1,Cc1ccccc1,680.0
9527,c1ccc(-c2cc(-c3ccc4ccc5c(-c6ccnc(-c7ccccn7)c6)ccc6ccc3c4c65)ccn2)nc1,C1CCOC1,407.996736
2400,CN(C)c1ccc2nc(-c3ccc(C(=O)OC(C)(C)C)cc3)sc2c1,CO,557.0
8009,C=Cc1ccc(OC)c(OC)c1,CC#N,334.0
7412,CN(C)c1ccc(C=CC(=O)c2ccccc2)cc1,CCOC(C)=O,498.0
11345,O=C1c2ccccc2C(=O)c2cc(-c3ccc(N(c4ccccc4)c4ccccc4)cc3)ccc21,CCOCC,645.0
6902,CN(C)c1ccc(/C=C/c2nc3ccc(N(C)C)cc3oc2=O)cc1,CN(C)C=O,650.0
5386,CCN(CC)c1ccc(-c2nc3c4ccc(-c5ccccc5)cc4c4cc(-c5ccccc5)ccc4c3[nH]2)c(O)c1,C1CCOC1,431.0
11684,CCCCCCCCn1nnc(-c2ccc(C#Cc3ccc(C#Cc4ccc(-c5nnn(CCCCCCCC)n5)cc4)c4nc5c6ccccc6c6ccccc6c5nc34)cc2)n1,C1CCOC1,495.0
8025,CNc1ccc(/C=C/C#N)cc1,CC(C)O,408.0
9584,O=c1oc2cc3ccccc3cc2nc1-c1ccccc1,c1ccccc1,514.0
5912,CC(C)[Si](C#Cc1c2ccc(C(C)(C)C)cc2c(C#C[Si](C(C)C)(C(C)C)C(C)C)c2ccc(C(C)(C)C)cc12)(C(C)C)C(C)C,Cc1ccccc1,461.0
5459,Cc1nc2cccc(-c3nc4ccc(Cl)cc4o3)c2c(=O)[nH]1,CN(C)C=O,401.0
4640,C(=C/c1cnc2ccccc2n1)\c1ccc(N2CCCCC2)cc1,CCCCCCC,480.0
3989,COC(=O)C(Cc1ccc2oc(-c3ccc(N(C)C)cc3)nc2c1)NC(=O)OC(C)(C)C,CCCCCCO,397.9941097
227,CCOC(=O)CC[N+]1=c2cc3c(cc2CCC1)=Cc1c(c2cc4c5c(c2oc1=O)CCCN5CCC4)O3,ClCCl,676.0
6817,COc1cccc(-n2c(-c3ccccc3)nc(C)c2C)c1,ClCCl,364.0
2317,CCCCCCc1ccc(-n2c3[n+](c4c5ccccc5c5ccccc5c42)[B-](C)(C)c2cc(N(c4ccccc4)c4ccccc4)ccc2-3)cc1,C1CCOC1,435.0
3482,O=C1NC(c2ccccc2)=N/C1=C\c1ccccc1,C1COCCO1,444.0
11329,O=C1CCCC2=C1C(c1cccc(Cl)c1)c1c(c3ccccc3oc1=O)N2,CS(C)=O,443.0
5464,COc1ccc(C2=[N+]3C(=Cc4c5ccc(OC)cc5c(-c5ccc(OC)cc5)n4[B-]3(F)F)c3ccc(OC)cc32)cc1,ClCCl,704.0
2648,C(#Cc1ccc(-n2c3ccccc3c3ccccc32)cc1)c1ccc(-c2nc(-c3ccc(C#Cc4ccc(-n5c6ccccc6c6ccccc65)cc4)cc3)nc(-c3ccc(C#Cc4ccc(-n5c6ccccc6c6ccccc65)cc4)cc3)n2)cc1,ClCCl,500.0
1508,Oc1cccc(/N=C/c2ccccc2Oc2ccccc2)c1,CCCCC,403.0
11331,[O-][n+]1c(/C=C/c2ccccc2)nc(N2CCOCC2)c2c1CCCC2,ClCCl,535.0
11441,Cc1c(C(=O)c2ccc(C(F)(F)F)cc2)c2ccc3cccc4c5cccc6ccc1c(c65)c2c34,ClCCl,545.0
1684,Cc1cc(C)c(C2=C3C=C(c4ccc(C(C)(C)C)cc4)C(c4ccc(C(C)(C)C)cc4)=[N+]3[B-](F)(F)n3c2cc(-c2ccc(C(C)(C)C)cc2)c3-c2ccc(C(C)(C)C)cc2)c(C)c1,CC#N,643.0
499,COc1ccc(/C=C/C=C/C=C/c2ccc([N+](=O)[O-])cc2)cc1,CC1CCCCC1,485.0
7034,N#Cc1coc2ccccc2c1=O,CS(C)=O,490.0
1699,CC(=O)Nc1ccccc1C(=O)OC1CC(C)CCC1C(C)C,CCO,370.0
1877,Cc1ccc(C(=O)/C=C2\C(=O)Nc3ccccc32)cc1,C1CCCCC1,377.0
11333,COc1ccc(/C=C/c2nc(N3CCOCC3)c3c([n+]2[O-])CCCC3)cc1,ClCCl,533.0
513,COc1ccc2c(c1)c1cc(OC)ccc1c1c2c2c(C(=O)NC(C)(C)C)ccc(C(=O)NC(C)(C)C)c2c2c3ccc(OC)cc3c3cc(OC)ccc3c21,ClCCl,498.0
10479,Cc1c2ccncc2c(C)c2c1[nH]c1ccccc12,CCOC(C)=O,410.0
5399,O=[N+]([O-])c1ccc(/C=C/c2c[nH]c3ccccc23)cc1,CO,567.0
8683,CCC1=C(C)C2=Cc3cc(I)cn3[B-](F)(F)[N+]2=C1C,CCOC(C)=O,540.5
2704,Cc1cc(=O)oc2cc3c(cc12)c1c2ccccc2c2ccccc2c1c1c2ccccc2c2ccccc2c31,ClC(Cl)Cl,536.0
820,O=S(=O)(c1ccccc1)c1ccc(-c2ccc3c4ccc(-c5ccc(S(=O)(=O)c6ccccc6)cc5)cc4n(-c4ccccc4)c3c2)cc1,CO,434.0
6200,O=C1c2ccccc2NC(c2ccccc2)N1Cc1ccccc1,CO,442.0
9364,COc1cc(OC)cc(-c2nnc(-c3ccc(-c4nnc(-c5cc(OC)cc(OC)c5)o4)cc3)o2)c1,CCO,389.0
7538,O=C(O)C1=CC(=C/C=[N+]2/c3cc(O)c(C[C@@H]4O[C@H](CO)[C@@H](O)C(O)[C@H]4O)cc3C[C@H]2C(=O)O)C=C(C(=O)O)N1,CO,588.0
4619,CCN(CC)c1ccc2nc3c4ccccc4c(=O)cc-3oc2c1,CCO,638.0
8431,CCCCNC(=O)c1sc(-c2ccc(-c3cc(-c4ccc(C(C)(C)C)cc4)c(C(=O)NCCCC)s3)s2)cc1-c1ccc(C(C)(C)C)cc1,ClCCl,448.0
8109,COCCOCCOc1cc(C=O)c(OCCOCCOC)cc1C=O,CNC=O,450.0
474,CN(C)c1ccc(/C=C/C=C/C=C/c2ccc(N(C)C)cc2)cc1,CC#N,497.0
5950,c1ccc(-c2nnc(-c3ccc(-n4c5ccccc5c5ccccc54)cc3)o2)cc1,Cc1ccccc1,387.0
10984,COc1ccc(/C=C/C2=[O+][B-](F)(F)OC(/C=C/c3ccc(OC)c4ccccc34)=C2c2ccccc2)c2ccccc12,CC(C)=O,631.0
3919,c1ccc(-c2nc(-c3ccccc3)nc(-c3ccc(-n4c5ccccc5c5c6c(ccc54)C4(c5ccccc5-c5ccccc54)c4ccccc4-6)cc3)n2)cc1,ClC(Cl)Cl,496.9907407
11380,CC1(C)CCc2c(c3ccccc3c3nc4c5c(c6ccccc6c4nc23)OC(C)(C)CC5)O1,C1COCCO1,470.3668862
6270,c1ccc(N2c3ccccc3Sc3cc(-c4cccc5nc6ccccc6cc45)ccc32)cc1,CCOCC,549.0
2916,N#C/C(=C\c1ccc(C#N)cc1)c1nc(-c2ccccc2)cs1,CCO,500.0
3608,CCOC(=O)CCCCCn1c2ccc(OC)cc2c(=O)c2cc3c(cc21)c(=O)c1cc(OC)ccc1n3CCCCCC(=O)OCC,CCO,592.0
8628,CCC1=C(C)C2=C(C)c3c(I)c(I)cn3[B-](F)(F)[N+]2=C1C,CCOC(C)=O,533.0
480,CN(C)c1ccc(/C=C/C=C/C=C/c2ccc(N(C)C)cc2)cc1,CO,499.0
8769,c1ccc(-c2nn(-c3ccccc3)c3nc4ccc(N(c5ccccc5)c5cccc6ccccc56)cc4cc23)cc1,CN(C)C=O,553.0973451
10836,Oc1ccccc1/C=N/C1CCCCC1/N=C/c1ccccc1O,CC#N,435.0
5562,CCCCN1/C(=C\C=C\C=C\C2=[N+](CCCC)c3ccc4cc(Br)ccc4c3C2(C)C)C(C)(C)c2c1ccc1cc(Br)ccc21,CO,704.0
2577,CCCCC1(c2ccccc2)Nc2c(-c3ccc(OC)cc3)ccc(-c3ccc(OC)cc3)c2N=C1c1ccccc1,C1CCOC1,547.0
11091,CN(C)c1ccc(C2=Cc3ccc4ccccc4[n+]3[B-](F)(F)O2)cc1,CC1CCCCC1,478.0
5701,N#CC1=c2c3cccc4c(Br)ccc(c43)n2[B-](F)(F)[n+]2ccccc21,Cc1ccccc1,550.0
4768,N#Cc1c(-c2cccs2)cc(-c2cccs2)[nH]c1=O,CS(C)=O,468.0
10801,Cc1ccc(C2=C3C=CC(c4ccccc4)=[N+]3[B-](F)(F)n3c2ccc3-c2ccccc2)cc1,CO,582.0
8739,CC1=C(C(C)(C)C)C(C)=[N+]2C1=C(C)c1c(C)c(C(C)(C)C)c(C)n1[B-]2(F)F,CCCCOC(C)=O,564.6
7068,O=C1OC(c2ccccc2)=N/C1=C\c1ccc(N(c2ccccc2)c2ccccc2)cc1,CS(C)=O,635.2
6076,COC(=O)c1ccc(C#Cc2ccc(N(C)C)cc2)cc1,CC#N,544.010445
7924,F[B-]1(F)OC(c2ccc(Br)cc2)=Cc2c3ccccc3cc[n+]21,ClC(Cl)Cl,466.4
7794,CN(C)c1ccc2c(c1)C(=O)c1ccccc1-2,C1CCCCC1,600.0
1349,CCc1c(C)[nH]c(C2=[N+]3C(=Cc4c(C)c(CC)c(/C=C/c5ccc(N(C)C)cc5)n4[B-]3(F)F)c3ccccc32)c1C,CCCCCC,740.0
7699,Oc1ccc2ncccc2c1,Cc1ccccc1,353.0
5478,Cc1cc(C)c(B(c2c(C)cc(C)cc2C)c2cc3ccc4ccccc4c3c3c2cc(N(C)C)c2ccccc23)c(C)c1,c1ccccc1,582.0
10714,COc1cc(OC)cc(C2=C3C(C)=C(I)C(C)=[N+]3[B-](F)(F)n3c(/C=C/c4ccsc4)c(I)c(C)c32)c1,C1CCOC1,610.0
10425,CN(C)CCCN1c2ccccc2CCc2ccccc21,O,400.0
2922,N#C/C(=C\c1ccc([N+](=O)[O-])cc1)c1nc(-c2ccccc2)cs1,CC#N,552.0
8828,COc1ccc(/C=C/c2cc(/C=C/c3ccc(OC)cc3)nc(/C=C/c3ccc(N(c4ccccc4)c4ccccc4)cc3)n2)cc1,Cc1ccccc1,466.0
7222,CCCCCc1c(C(=O)c2ccc3c4c(cccc24)-c2cccc4c2C3CC=C4)c2ccc3cccc4c5cccc6ccc1c(c65)c2c34,ClCCl,525.0
1606,CCN(CC)c1ccc(-c2cc3c(s2)c(C(=O)OC)cc(=O)n3C)cc1,ClC(Cl)Cl,545.0
5225,Cc1ccc(C2CC(=O)Oc3c2c2nc4ccccc4nc2c2ccccc32)cc1,ClC(Cl)Cl,440.0
3031,COc1ccc(/C=C/C2=CC(/C=C/c3ccc(OC)cc3)=[O+][B-](OC(C)=O)(OC(C)=O)O2)cc1,CC#N,541.0
2762,CCOC(=O)COc1ccc(/C=C/C2=C3c4ccccc4C(c4ccc[nH]4)=[N+]3[B-](F)(F)n3ccc(C)c32)cc1,ClCCl,631.0
6752,Cn1c(/C=C/c2ccc(/C=C/c3nc4ccccc4[nH]3)cc2)[n+](C)c2ccccc21,CO,567.0
11531,c1ccc(Nc2nc(Nc3ccccc3)nc(Nc3ccc4c5cccc6cccc(c7cccc3c74)c65)n2)cc1,CCCCOCCCC,486.0
3148,COc1ccccc1-c1nc(-c2ccccc2)c2ccccn12,C1CCCCC1,477.0
9384,Cc1cc2c(o1)c(Br)cc1c(C)cc(=O)oc12,CCO,439.0
1659,F[B-]1(F)n2c(cc(-c3ccccc3)c2-c2ccccc2)C(c2ccccc2)=C2C=C(c3ccccc3)C(c3ccccc3)=[N+]21,CC#N,616.0
7219,O=C(O)COc1cccc(-c2c3nc(cc4ccc([nH]4)c(-c4cccc(OCC(=O)O)c4)c4nc(cc5ccc2[nH]5)CC4)C=C3)c1,CS(C)=O,649.0
10079,N#Cc1nc2c3ccc(-c4ccc(-n5c6ccccc6c6ccccc65)cc4)cc3c3cc(-c4ccc(-n5c6ccccc6c6ccccc65)cc4)ccc3c2nc1C#N,CCCCCC,455.785124
1446,O=S(=O)(c1ccccc1)c1ccc(-c2ccc3c(c2)c2cc(-c4ccc(S(=O)(=O)c5ccccc5)cc4)ccc2n3-c2ccccc2)cc1,CN(C)C=O,431.0
4139,O=c1cc(COc2ccc(I)cc2)c2c(ccc3ccccc32)o1,C1COCCO1,414.0
1020,CCCCCCCCCCn1c(-c2cc(-c3nc4ccccc4n3CCCCCCCCCC)cc(-c3nc4ccccc4n3CCCCCCCCCC)c2)nc2ccccc21,C1CCOC1,360.5
705,CC1CC=C(c2ccc(-c3ccc(C#N)s3)s2)CC1,CC#N,448.0
8401,COC(=O)C(Cc1ccc2oc(-c3ccc4c(c3)c3ccccc3n4-c3ccccc3)nc2c1)NC(=O)OC(C)(C)C,c1ccccc1,380.503025
1866,COc1ccc(C(=O)/C=C2\C(=O)Nc3ccccc32)c(OC)c1,O,411.0
10580,CCN(CC)c1ccc2cc(-c3cn4ccccc4n3)c(=O)oc2c1,CC#N,475.0
3889,C/C(=N\Nc1ccc(C#N)cc1)c1cccc(/C(C)=N/Nc2ccc(C#N)cc2)c1,ClC(Cl)Cl,476.0
9060,N#Cc1cccc2cc[nH]c12,O,400.0
2122,CC(C)(C)c1ccc2oc(-c3ccc(-c4nc5cc(C(C)(C)C)ccc5o4)s3)nc2c1,Cc1ccccc1,434.0
2574,CCCCC1(c2ccccc2)Nc2c(-c3ccc(N(C)C)cc3)ccc(-c3ccc(N(C)C)cc3)c2N=C1c1ccccc1,CN(C)C=O,596.0
10628,CC(=O)c1c2c(cc3cc(N(C)C)ccc13)CCC2,CS(C)=O,558.0
1921,O=C1Nc2ccccc2/C1=C/C(=O)c1ccc(Cl)cc1Cl,CN(C)C=O,411.0
2956,CC1=[N+]2C(=C(c3ccc(-c4c5ccccc5c(-c5ccccc5)c5ccccc45)cc3)c3ccc(C)n3[B-]2(F)F)C=C1,Cc1ccccc1,532.0
7110,CCOC(=O)CCOc1ccc(C(c2c(C)[nH]c3ccccc23)c2c(C)[nH]c3ccccc23)cc1,CO,349.0
6824,CCCCCCCCCCCCCCCCOC(=O)c1ccc(N(c2ccccc2)c2ccccc2)cc1,CCOC(C)=O,428.0
6379,CCC(CC)COC1=CC2=C3c4cc(OCC(CC)CC)c(-c5ccccc5)n4[B-](F)(F)[n+]4nnn(c43)[B-](F)(F)[N+]2=C1c1ccccc1,ClCCl,730.0
7899,CCCCCCCCCCCCn1cccc1/C=C/c1cc(OCCCC)c(/C=C/c2cccn2CCCCCCCCCCCC)cc1OCCCC,Cc1ccccc1,472.0
1419,COc1cc(/C=C2/SC(=O)NC2=O)ccc1O,O,474.0
8499,Cc1cc2nc3c(=O)[nH]c(=O)nc-3n(C)c2cc1C,CC#N,533.0
9595,C[n+]1ccc(/C=C/c2ccc(N(c3ccccc3)c3ccc(/C=C/c4cc[n+](C)cn4)cc3)cc2)nc1,CS(C)=O,720.0
5257,O=C(O)c1c2ccccc2nc2ccccc12,C1CCOC1,418.0
2025,COc1cc(/C=C/c2ccccc2)cc(OC)c1,CCOCC,374.0
594,COc1c(-c2ccc(N(C)C)cc2)oc2ccccc2c1=O,CCOC(C)=O,468.6507937
1558,Oc1ccccc1/N=C/c1ccccc1Oc1ccccc1,CC(C)=O,410.0
8178,COCCOCCOCCOc1ccc(OCCOCCOCCOC)c(C=O)c1,CCCO,459.0
9045,N#Cc1cccc2[nH]ccc12,C1COCCO1,369.0
9360,C[Si]1(C)C(c2ccccc2)=Cc2ccccc21,ClCCl,390.0
10476,Cc1c2ccncc2c(C)c2c1[nH]c1ccccc12,CCCCCC,390.0
4691,Cn1c(=O)c(/N=N/c2ccc(S(=O)(=O)O)c3ccccc23)c(O)c2ccccc21,CO,562.0
7928,COc1ccccc1C1=[N+]2C(=C(c3ccccc3)c3c4c(c(-c5ccccc5OC)n3[B-]2(F)F)C2CCC4CC2)C2=C1C1CCC2CC1,ClCCl,583.0
3694,CN(C)c1ccc2c(c1)COc1c-2oc2ccccc2c1=O,CC#N,490.2142857
2058,CN(C)c1ccc(/C=C/c2ccccc2)cc1,CC#N,440.0
7847,COc1ccc2c(c1)CCc1c(-c3ccccc3)c3n(c1-2)[B-](F)(F)[N+]1=C2C=NC=CN2[B-](F)(F)[N+]1=C3,ClCCl,576.0
11052,O=[N+]([O-])c1ccc(F)cc1C1CC(c2cccc3ccccc23)=NN1c1ccccc1,CO,488.0
4605,CCCCn1c2ccc(C#N)cc2c2cc(C#N)ccc21,ClCCl,357.0
6058,C(#Cc1ccccc1)c1ccccc1,CO,307.0
11755,c1ccc(-c2nc(-c3ccc(-c4ccc(-n5c6ccccc6c6ccccc65)cc4)cn3)oc2-c2ccccc2)cc1,C1COCCO1,406.0
7050,CC(C)(C)c1cc2ccc3cc(C(C)(C)C)cc4c(N(c5ccccc5)c5ccccc5)cc(c1)c2c34,CC#N,483.8779956
7197,CCCCCCCCN1c2ccc(C#Cc3ccc(C(F)(F)F)cc3)cc2Sc2cc(C=O)ccc21,CCCCCC,490.0
12185,Cc1cc(C)c(C2=C3C=CC(c4csc5ccccc45)=[N+]3[B-](F)(F)n3c2ccc3-c2csc3ccccc23)c(C)c1,ClC(Cl)Cl,625.0
3894,Cc1ccc2c(c1)c1cc(C)ccc1n2-c1cccc(-n2c3ccc(C)cc3c3cc(C)ccc32)c1C#N,O=P(c1ccccc1)(c1ccccc1)c1ccccc1Oc1ccccc1P(=O)(c1ccccc1)c1ccccc1,432.0
9427,CC(C)(C)c1ccc2c(c1)oc1nc3oc4ccc(-n5c6ccccc6c6ccccc65)cc4c3cc12,ClC(Cl)Cl,417.0
10239,c1ccc(-c2nc(-c3ccc(-c4cncc5ccccc45)cc3)[nH]c2-c2ccccc2)cc1,C1CCOC1,442.0
8496,CCn1c(=O)nc2n(C)c3cc(C)ccc3nc-2c1=O,CO,532.0
535,CN(C)c1ccc(/C=C/c2cc[n+](CCCCC[n+]3ccc(/C=C/c4ccc(N(C)C)cc4)cc3)cc2)cc1,CC(C)O,593.0002253
9644,CN(C)c1ccc(/C=C/C=C/c2ccc([N+](=O)[O-])c(O)c2)cc1,C1CCCCC1,530.0
292,CN(CCO)c1ccc(/C=C/C2=CC(=C(C#N)C#N)CC(C)(C)C2)cc1,CCCCO,649.0
2836,Cn1c(=O)c(/N=N/c2cc(S(=O)(=O)O)ccc2C(=O)O)c(O)c2ccccc21,CCOC(C)=O,528.0
6702,CCCCCCCC(=O)Oc1ccc2c3cccc4c(OC(=O)CCCCCCC)ccc(c5cccc1c52)c43,ClCCl,455.0023159
9462,CC(=O)O[B-]1(OC(C)=O)OC(/C=C/c2cccc3ccccc23)=CC(/C=C/c2cccc3ccccc23)=[O+]1,CC(C)=O,553.0
2870,COc1ccc(C#Cc2ccc(C#Cc3ccc(P(=O)(c4ccc(C#Cc5ccc(C#Cc6ccc(OC)cc6)cc5)cc4)c4ccc(C#Cc5ccc(C#Cc6ccc(OC)cc6)cc5)cc4)cc3)cc2)cc1,C1CCCCC1,366.0
7811,CN(C)c1cccc2c1-c1ccccc1C2=O,CCO,700.0
5340,CCCCC(CC)Cn1c2cc(C#N)ccc2c2cc(-c3ccc(N(c4ccccc4)c4ccccc4)cc3)c(C#N)cc21,CN(C)C=O,543.0
8459,COc1ccc2cc(/C=C/c3nc(/C=C/c4ccc(N(c5ccccc5)c5ccccc5)cc4)cc(/C=C/c4ccc(N(c5ccccc5)c5ccccc5)cc4)n3)ccc2c1,CC(C)=O,558.0
8639,C#CCNC1=C2C=CC=[N+]2[B-](F)(F)n2cccc21,C1CCCCC1,484.0
4792,CC(C)(C)c1ccc2c(c1)c1cc(C(C)(C)C)ccc1n2-c1ccc(-c2nc(-c3ccc(P(=O)(c4ccccc4)c4ccccc4)cc3)nc(-c3ccc(P(=O)(c4ccccc4)c4ccccc4)cc3)n2)cc1,C1CCOC1,508.1902246
3692,CC(C)(C)c1ccc(-c2cc3c(-c4ccc(C(C)(C)C)cc4)c4cccc5c(-c6ccc(C(C)(C)C)cc6)cc6c(-c7ccc(C(C)(C)C)cc7)c7cccc2c7c3c6c54)cc1,Cc1ccccc1,467.0
5405,CCCC1=Cc2nc1ccc1[nH]c(cc1CCC)c1nc(c(OC(C)=O)cc3[nH]c2cc3CCC)C(CCC)=C1,Cc1ccccc1,650.0
1318,COc1nnc(Cl)nn1,OCC(F)(F)F,558.0
7920,F[B-]1(F)OC(c2cccc(Br)c2)=Cc2c3ccccc3cc[n+]21,ClC(Cl)Cl,465.0
7852,CC1(C)CC(=O)C2=C(C1)Oc1ccc3cc(O)ccc3c1C2c1ccccn1,CC#N,378.0
10905,O=S1(=O)c2ccccc2-c2c1c1ccccc1p2-c1ccccc1,CC#N,453.0
10692,CCOc1cc2c(cc1/C=C/C(=C(C#N)C#N)c1ccccc1)c1ccccc1n2CC,CCO,575.0
9229,CN(C)c1ccc(/C=C/C=C/c2nc3ccccc3s2)cc1,ClC(Cl)(Cl)Cl,499.0
12115,CCCCCCC(CCCCCC)N1C(=O)c2cccc3c(-c4ccc(N(C)C)cc4)ccc(c23)C1=O,CCCCCCCCCCCCCC,469.8
12168,COc1ccc2c(c1)c1ccccc1n2-c1nc2ccccc2nc1-n1c2ccccc2c2cc(OC)ccc21,Cc1ccccc1,560.0
4999,Cc1nc2c(cc3c4c(cccc42)C(=O)OC3=O)o1,CCO,418.0
6735,c1ccc(N(c2ccccc2)c2ccc3c(ccc4nc5ccc6cc(N(c7ccccc7)c7ccccc7)ccc6c5nc43)c2)cc1,CN(C)C=O,626.0
5676,CCN(CC)c1ccc2cc(/C=C(\C#N)c3nc4ccccc4s3)c(=O)oc2c1,CCO,594.0
11172,COc1c2ccccc2c(OC)c2c1c1cc(C)ccc1n2C,C1CCCCC1,421.0
2546,CCCCC(CC)Cn1c2cc(-c3ccc(N(c4ccccc4)c4ccccc4)cc3)c(C#N)cc2c2cc(C#N)c(-c3ccc(N(c4ccccc4)c4ccccc4)cc3)cc21,ClC=C(Cl)Cl,436.0
2228,CCCCCCN1C(=O)c2cccc3cc(/N=C\c4ccc5c(c4)c4ccccc4n5CC)cc(c23)C1=O,ClC(Cl)Cl,501.0
8885,CCCCc1cc(C=O)c2ccc3c(CCCC)cc(N4CCCCC4)c4ccc1c2c34,Cc1ccccc1,521.0
6201,O=C1c2ccccc2NC(c2ccccc2)N1Cc1ccccc1,ClC(Cl)Cl,398.0
8077,c1ccccc1,C1CCCCC1,287.3563218
4975,CN1/C(=C\C=C\C2=C3C=CC(c4ccccc4)=[N+]3[B-](F)(F)n3c2ccc3-c2ccccc2)C(C)(C)c2ccccc21,CC#N,720.0
3284,Cc1ccc(Nc2ccc(Nc3ccc(C)cc3)c3c2C(=O)c2ccccc2C3=O)cc1,CCCCO,683.0
7077,O=C1c2ccccc2-c2ccc(N3CCN(c4ccccc4)CC3)c3cccc1c23,CC(C)=O,601.0
9097,CCC1(CC)c2cc(C=O)ccc2-c2ccc(N(C)C)cc21,CC#N,521.0
11365,CC1(C)CCc2c(c3ccccc3c3nc4c(nc23)c2c(c3ccccc34)OC(C)(C)CC2)O1,c1ccccc1,441.6961131
356,CCCCN(CCCC)c1ccc(C#Cc2cc(C#Cc3ccc(N(CCCC)CCCC)cc3)c(C#Cc3ccc(C(F)(F)F)cc3)cc2C#Cc2ccc(C(F)(F)F)cc2)cc1,c1ccccc1,493.0
12177,C(=C/c1ccnc2ccccc12)\c1c2ccccc2cc2ccccc12,CC#N,530.0
9149,F[B-]1(F)n2c(c3cccc4cccc2c43)=Nc2cccc[n+]21,CCCCCC,516.0
12044,CCOC(=O)c1ccccc1-c1c2ccc(=[N+](CC)CC)cc-2oc2c1oc1cc(N)ccc12,O,645.0
11038,Brc1ccc(-c2nc(-c3ccc(C#Cc4ccc(-n5c6ccccc6c6ccccc65)cc4)cc3)nc(-c3ccc(C#Cc4ccc(-n5c6ccccc6c6ccccc65)cc4)cc3)n2)cc1,Cc1ccccc1,432.0
10461,O=C1/C(=C\c2ccc3oc4ccccc4c3c2)S(=O)(=O)c2ccccc21,ClC(Cl)Cl,441.0
837,OCC1O[C@@H](Cc2cc(O)cc(/C=C/c3ccc(O)c(O)c3)c2)[C@H](O)[C@@H](O)[C@@H]1O,CCOCC,372.0
12091,CCc1ccc(-c2ccc(-c3nnc(-c4ccc(-c5nnc(-c6ccc(-c7ccc(CC)cc7)s6)o5)cc4)o3)s2)cc1,CS(C)=O,426.0
266,Cc1cccc2nc3c(=O)[nH]c(=O)[nH]c3nc12,C1COCCO1,437.0
7599,N#Cc1nnn(-c2ccnc3cc(Cl)ccc23)c1N,CCOC(C)=O,376.0105283
2006,C(=C/c1ccccc1)\c1ccccc1,C1CCCCC1,349.0
7401,CN(C)CCN(Cc1c2ccccc2cc2ccccc12)c1ccc([N+](=O)[O-])cc1,C1CCCCC1,411.0
4132,CCCCN1/C(=C\c2c(-c3ccc(N(C)C)cc3)c(=O)c2=O)C=Cc2ccccc21,C1CCCCC1,428.0
10485,COc1ccc(C#Cc2c3cc4ccccc4cc3c(C#Cc3ccc(OC)cc3)c3cc4ccccc4cc23)cc1,ClCCl,706.0
2362,CC(C)(C)c1ccc(-c2nc3c4ccc(-c5ccccc5)cc4c4cc(-c5ccccc5)ccc4c3n2-c2ccc(C(C)(C)C)cc2)cc1,CCOCC,386.0
5380,COC(=O)c1cc(=O)n(C)c2cc(-c3ccc(N4CCN(C)CC4)cc3)sc12,ClCCl,550.0
5181,COC(=O)c1cc(=O)n(C)c2cc(-c3ccc(Oc4ccccc4)cc3)sc12,CC#N,469.0
10083,C(=C1c2ccccc2CCc2ccccc21)c1ccc(-c2ccc(C=C3c4ccccc4CCc4ccccc43)cc2)cc1,C1CCOC1,394.0
8959,CC1=C(c2cccs2)C(C)=[N+]2C1=C(c1ccccc1)c1c(C)c(-c3cccs3)c(C)n1[B-]2(F)F,ClCCl,609.0
7277,CC1=[N+]2C(=C(c3ccc(N4CCCCC4)cc3)c3ccc(C)n3[B-]2(F)F)C=C1,CCOC(C)=O,518.0
2899,O=c1c2ccccc2sc2ccc(-n3c4ccccc4c4ccccc43)cc12,Cc1ccccc1,447.5
1890,Cc1ccc(C(=O)/C=C2\C(=O)Nc3ccccc32)cc1C,C1COCCO1,397.0
11703,CN(C)c1ccc(C#Cc2ccc(C#Cc3ccc(C#Cc4ccccc4C#N)cc3C#N)cc2C#N)cc1,C1CCOC1,621.0
157,Cn1c(=O)cc(C(=O)c2ccccc2)c2sc(-c3ccc(C(F)(F)F)cc3)cc21,ClCCl,511.0
5703,N#CC1=c2c3cccc4cccc(c43)n2[B-](F)(F)[n+]2ccccc21,C1CCOC1,530.0
127,Fc1ccc(N(c2ccc(F)cc2)c2ccc3c4cccc5c(N(c6ccc(F)cc6)c6ccc(F)cc6)ccc(c6cccc2c63)c54)cc1,CC#N,548.0
5595,c1ccc(N(c2ccccc2)c2ccc(-c3ccc4c(c3)C3(c5cc(-c6ccc(N(c7ccccc7)c7ccccc7)cc6)ccc5O4)c4ccccc4-c4ccccc43)cc2)cc1,c1cc(-n2c3ccccc3c3ccccc32)cc(-n2c3ccccc3c3ccccc32)c1,407.0
7874,CCCCN(CCCC)c1ccc(/C=C/c2ccc3nc(/C=C/c4nc5ccc(/C=C/c6ccc(N(CCCC)CCCC)cc6)cc5n(CCC)c4=O)c(=O)n(CCC)c3c2)cc1,C1COCCO1,630.0
1441,C=C(C)C(CN1C(=O)c2cccc3c2c(cc2nc(C)oc23)C1=O)OO,CCO,412.0
5667,CCN(CC)c1ccc2c(C#N)c(/C=C(\C#N)c3nc4ccccc4s3)c(=O)oc2c1,C1COCCO1,647.0
6947,c1ccc(C2=Nc3cccc4[n+]3[B-](c3ccccc3)(N2)NC(c2ccccc2)=N4)cc1,ClCCl,513.0
7588,Cc1cc(C)nc(N)n1,O,342.0
2748,CCNc1cc2c(cc1C)C(c1ccccc1C(=O)O)=C1CCCC(/C=C/C3=[N+](C)c4ccc5ccccc5c4C3(C)C)=C1O2,CC#N,749.0
4959,CCCCn1c2ccc(C#N)cc2c2cc(C#N)cc(-c3ccc(N(c4ccccc4)c4ccccc4)cc3)c21,C1CCOC1,440.0
11723,CCC12C(=C3C(=C4c5ccc(-c6ccc(C)s6)cc5S(=O)(=O)C41CC)C(F)(F)C(F)(F)C3(F)F)c1ccc(-c3ccc(C)s3)cc1S2(=O)=O,CC#N,633.0
9792,CC(C)(C)c1ccc(-c2sc3c(-c4ccc(C(C)(C)C)cc4)c4n(c3c2-c2ccc(C(C)(C)C)cc2)[B-](F)(F)[N+]2=Cc3c(-c5ccc(C(C)(C)C)cc5)c5sc(-c6ccc(C(C)(C)C)cc6)c(-c6ccc(C(C)(C)C)cc6)c5n3[B-](F)(F)[N+]2=C4)cc1,CCCCCC,626.0
11054,O=[N+]([O-])c1ccc(F)cc1C1CC(c2cccc3ccccc23)=NN1c1ccccc1,ClC(Cl)Cl,464.0
3061,COc1ccc(/C=C/C2=CC(/C=C/c3ccc(OC)c(OC)c3)=[O+][B-](F)(F)O2)cc1OC,CO,582.94
9763,C[n+]1ccc(/C=C/c2ccc3cc(O)ccc3c2)cc1,CO,571.0
6291,c1ccc2c(c1)-c1ccccc1C21c2ccccc2-c2oc3c(c21)C1(c2ccccc2-c2ccccc21)c1ccccc1-3,C1CCOC1,393.0
10875,N#C/C(=C\c1ccncc1)c1nc(-c2ccc(Cl)cc2)cs1,CC#N,495.0
10261,Oc1ccc2ccccc2c1-c1nc(-c2ccccc2)c2ccccn12,CC#N,435.0
1057,CCC1=C(C)C2=C(c3cc(C4=C5C(C)=C(CC)C(C)=[N+]5[B-](F)(F)n5c(C)c(CC)c(C)c54)cc(C4=C5C(C)=C(CC)C(C)=[N+]5[B-](F)(F)n5c(C)c(CC)c(C)c54)c3)c3c(C)c(CC)c(C)n3[B-](F)(F)[N+]2=C1C,Cc1ccccc1,571.0
1963,COC(=O)C1(C(=O)OC)Cc2c(C#Cc3ccccc3)c(-c3ccccc3)c3c(-c4ccccc4)c(-c4ccccc4)c(-c4ccccc4)c(-c4ccccc4)c3c2C1,C1CCOC1,416.3306452
3125,CSc1sc(C(N)=O)c2nnn(C)c(=O)c12,CN(C)C=O,514.0
3822,CC1=C(C#Cc2ccc(N(c3ccccc3)c3ccccc3)cc2)C(C)=[N+]2C1=C(c1ccccc1)c1c(C)c(C#Cc3ccc(N(c4ccccc4)c4ccccc4)cc3)c(C)n1[B-]2(F)F,C1CCOC1,659.0
7325,CCN(CC)c1ccc2cc(-c3cc(SC)c(C#N)c(=O)o3)c(=O)oc2c1,ClCCl,560.0
1127,Cc1ccc(/C=N/c2cc(C(C)C)c(O)cc2C)cc1,O,441.0
6853,COc1cc(N(c2ccccc2)c2ccccc2)ccc1C=C(C#N)C#N,ClCCl,590.0
6067,CN(C)c1ccc(C#Cc2ccccc2)cc1,CCOCC,368.5005712
9661,N#Cc1ccc(/C=C/C=C/c2ccc([N+](=O)[O-])cc2)cc1,CC#N,539.0
6123,COc1ccc(C#Cc2ccc(C#N)cc2)cc1OC,CCOC(C)=O,408.0
4288,O=C1C=C(Nc2ccccc2)CCC1,C1CCCCC1,335.0
9761,C[n+]1ccc(/C=C/c2ccc3cc(O)ccc3c2)cc1,CCCCO,563.0
8288,N#Cc1cccc(C#N)c1N,CC#N,382.0
7808,CNc1cccc2c1-c1ccccc1C2=O,c1ccccc1,570.0
11446,CC1=[N+]2C(=C(c3c4ccccc4c(-c4ccccc4)c4ccccc34)c3ccc(C)n3[B-]2(F)F)C=C1,CC#N,536.0
8579,Cc1cc(C)c(C2=C3C=C(/C=C/C(=O)OC(C)(C)C)C=[N+]3[B-](F)(F)n3c2ccc3N2CCOCC2)c(C)c1,Cc1ccccc1,585.0
1543,Oc1ccc(/N=C/c2ccccc2Oc2ccccc2)cc1,CCCCO,419.0
3263,C(#Cc1cccc2cc(-c3ccccc3)c3cc(-c4cc[b-]5c(c4)c(-c4ccccc4)cc4cccc(C#Cc6ccccc6)[n+]54)cc[b-]3[n+]12)c1ccccc1,C1CCCCC1,630.0
11471,Fc1ccc(-c2nc3n(c2-c2ccncc2)CCS3)cc1,C1CCCCC1,397.5
4696,N#Cc1ccccc1N1c2ccccc2C(c2ccccc2)(c2ccccc2)c2ccccc21,Cc1ccccc1,441.0
7798,COc1ccc2c(c1)C(=O)c1ccccc1-2,CC#N,568.0
2268,CCOC(=O)CN1C(=O)C2=C(c3ccc(N4CCCCC4)cc3)N(CC(=O)OCC)C(=O)C2=C1c1ccc(C#N)cc1,CS(C)=O,654.0
4720,COc1ccc2cc(-c3ccc(-c4cc5ccc(OC)cc5oc4=O)cc3)c(=O)oc2c1,ClC(Cl)Cl,434.0
11876,Cc1nc2c(ccc3ccccc32)oc1=O,c1ccccc1,424.0
5268,COC(=O)c1c2ccccc2nc2ccccc12,C1COCCO1,420.0
132,CCOC(=O)CN1C(=O)C2=C(c3ccc(N4CCCCC4)cc3)N(CC(=O)OCC)C(=O)C2=C1c1ccc(N2CCCCC2)cc1,Cc1ccccc1,575.0
6758,COc1cc(/C=C/c2nc3ccccc3o2)c(OC)cc1/C=C/c1nc(C)nc(C)n1,C1CCOC1,483.0
4863,CN(C)c1nc(N)nc2c1nc(C#N)n2Cc1ccccc1,CO,389.0
10359,Cc1cc(-c2ccc(C(C)(C)C)cc2)c2nsnc2c1-c1ccc(N(c2ccccc2)c2ccccc2)cc1,ClCCl,571.0
603,Cc1cc(C)n2c1C=[N+]1[N+](=C3C=NC=CN3[B-]1(F)F)[B-]2(F)F,ClCCl,490.0
5174,CN(C)c1ccc(/C=C/c2cnc3ccccc3n2)cc1,CCCCCCC,468.0
11266,Cc1cccc2cc(-c3cc4cccc(C)c4oc3=O)oc12,O,488.0
11845,NS(=O)(=O)c1ccc(N2N=C(c3ccc(O)cc3)CC2c2ccc(F)cc2)cc1,C1COCCO1,417.0
393,F[B-]1(F)Oc2ccccc2-c2c3c(c4c([n+]21)CCc1ccccc1-4)CCc1ccccc1-3,ClCCl,442.0
11208,N#Cc1ccc(N)c2nonc12,ClCCl,535.0
5400,O=[N+]([O-])c1ccc(/C=C/c2c[nH]c3ccccc23)cc1,O,552.0
4015,N#Cc1c(-n2nnc3cc(Cl)ccc32)n([C@H]2C[C@H](O)[C@@H](CO)O2)c2ncnc(N)c12,CO,480.0
5155,O=C1Cc2cc3c(cc2CCCc2ccc(cc2)CCC3)CC(=O)Cc2ccc(c3nsnc23)C1,CC#N,544.0
6375,C(=C/c1ccc(N(c2ccccc2)c2ccccc2)cc1)\c1ccc(/C=C/c2ccc(N(c3ccccc3)c3ccccc3)cc2)cc1,Cc1ccccc1,456.0
9598,Cn1c(=O)c(/N=N/c2ccc(Nc3ccc([N+](=O)[O-])cc3S(=O)(=O)O)cc2)c(O)c2ccccc21,C1CCOC1,615.0
9965,CCN(CC)c1ccc2cc(C#N)/c(=N\C(=O)c3ccco3)oc2c1,ClCCl,460.0
5460,Cc1nc2cccc(-c3nc4ccccc4o3)c2c(=O)[nH]1,CN(C)C=O,398.0
7078,O=C1c2ccccc2-c2ccc(N3CCN(c4ccccc4)CC3)c3cccc1c23,CC1COC(=O)O1,614.0
5514,CCCCCCC1(CCCCCC)c2ccccc2-c2ccc(-c3cc4c(cc3F)-c3cc(F)c(-c5ccc6c(c5)C(CCCCCC)(CCCCCC)c5ccccc5-6)cc3S4(=O)=O)cc21,ClC(Cl)Cl,425.0
4604,CCOC(=O)/C(C#N)=C/c1cc2c3ccccc3n(C)c2cc1OC,ClCCl,472.0
181,CN(C)c1ccc(/C=C/c2cc(/C=C/c3ccc(N(C)C)cc3)nc(/C=C/c3ccc(N(C)C)cc3)n2)cc1,C1CCOC1,521.0
2277,CC(C)c1cccc(C(C)C)c1N1C(=O)c2ccc3c(-c4ccc(C(=O)O)cc4)c4c5ccc6c7c(ccc(c(-c8ccc(C(=O)O)cc8)c4c4ccc(c2c34)C1=O)c75)C(=O)N(c1c(C(C)C)cccc1C(C)C)C6=O,ClCCl,682.0
8596,N#Cc1cc(-c2ccc(N3c4ccccc4Oc4ccccc43)cc2)c(-c2ccc(N3c4ccccc4Oc4ccccc43)cc2)cc1C#N,Cc1ccccc1,577.0
3234,COc1ccc2c(c1)sc1[n+]2[B-](F)(F)OC(c2ccc(N(C)C)cc2)=N1,CC#N,481.0
8719,CCC1=C(C)C2=C(C)c3cccn3[B-](F)(F)[N+]2=C1C,CC(C)=O,512.5
7589,CC1(C)c2ccccc2N(c2ccccc2)c2ccc(-c3ccc(S(=O)(=O)c4ccc(-c5ccc6c(c5)C(C)(C)c5ccccc5N6c5ccccc5)cc4)cc3)cc21,Cc1ccccc1,419.0340909
6775,Cc1cc(C(F)(F)F)nc2c1ccc1nc(-c3ccc(F)c(F)c3)cn12,ClC(Cl)Cl,448.0
4112,N#Cc1c(-c2ccc([N+](=O)[O-])cc2)cc(-c2ccc([N+](=O)[O-])cc2)[nH]c1=O,CN(C)C=O,451.0
8440,CC(C)(C)c1ccc(-c2nc3c4ccc(-c5ccc6ccc7cccc8ccc5c6c78)cc4c4cc(-c5ccc6ccc7cccc8ccc5c6c78)ccc4c3n2-c2ccc(C(C)(C)C)cc2)cc1,Cc1ccccc1,433.0
9279,CCCCc1c2ccccc2c(-c2ccc(-c3nc4cc(CC(NC(=O)OC(C)(C)C)C(=O)OC)ccc4o3)cc2)c2ccccc12,CC(C)O,446.5003304
3948,COC(=O)C(NC(=O)OC(C)(C)C)c1ccc2oc(-c3cc(OC)c(OC)cc3OC)nc2c1,CC1CCCCC1,357.0
401,CC1(C)c2ccccc2N(c2ccc3c(c2)c2cc(N4c5ccccc5C(C)(C)c5ccccc54)ccc2c2nc(C#N)c(C#N)nc32)c2ccccc21,C1COCCO1,753.649635
3902,COc1cc2c3c4c(c5ccc(C(C)(C)C)cc5c5c(OC)c(OC)c(OC)c(c2c(OC)c1OC)c45)=[N+]1C3=Nc2c3c4cc(OC)c(OC)c(OC)c4c4c(OC)c(OC)c(OC)c5c6cc(C(C)(C)C)ccc6c(c3c54)n2[B-]1(F)F,Cc1ccccc1,873.0
3595,CN(C)CCCN1c2ccccc2Sc2ccccc21,CC#N,444.0
1631,COc1ccc(-c2cc3c(s2)c(C(C)=O)cc(=O)n3C)cc1,CC#N,512.0
3652,CN(C)CCNc1ccc2c3c(cccc13)C(=O)N(c1ccc(O)cc1)C2=O,ClC(Cl)Cl,498.0
7807,CNc1cccc2c1-c1ccccc1C2=O,CCO,686.0
3891,Cc1ccc(N2C(c3ccccc3[NH-])=[NH+]C(c3ccccc3)C2c2ccccc2)cc1,Cc1ccccc1,572.0
7248,N#CC(C#N)=Cc1cn(-c2ccccc2)nc1-c1ccccc1,ClC(Cl)Cl,432.0
9043,N#Cc1c[nH]c2ccccc12,OCC(F)(F)F,314.0
11594,N#C[Se]CCCCCOc1ccc2ccc(=O)oc2c1,CO,391.0
12121,CCCCCCC(CCCCCC)N1C(=O)c2cccc3c(-c4ccc(OC)cc4)ccc(c23)C1=O,CCCCCCCCCCCCCC,427.8
3403,CCN(CC)c1ccc2cc(-c3csc(NC(C)=O)c3C#N)c(=O)oc2c1,Cc1ccccc1,448.0
4794,CC(C)(C)c1ccc2c(c1)c1cc(C(C)(C)C)ccc1n2-c1ccc(-c2nc(-c3ccc(P(=O)(c4ccccc4)c4ccccc4)cc3)nc(-c3ccc(P(=O)(c4ccccc4)c4ccccc4)cc3)n2)cc1,CC(C)=O,560.8982827
6621,CC1(C)CC(=O)c2ccc(F)cc2N1,CC#N,421.0
10404,C(=C/c1ccc(-c2cccc3ccccc23)s1)\c1cccs1,ClCCl,453.0
7383,COc1ccc(-c2ccc(-c3ccc(F)cc3)cc2)cc1,C1COCCO1,352.0
4220,CCNc1ccc2c(c1)C(C)(C)C(=O)C=C2,O,541.0
8612,CCC1=C(C)C2=C(C)c3c(C)c(CC)c(C)n3[B-](F)(F)[N+]2=C1C,CO,531.6
11648,CCN(CC)c1ccc2ccc(=O)oc2c1,CN(C)C=O,440.0
7182,COc1ccc(-c2c3cc4cc(C)sc4cc3c(-c3ccc(OC)cc3)c3cc4cc(C)sc4cc23)cc1,ClCCl,514.0
12056,CN(C)c1ccc(/C=C2\CCCC2=O)cc1,CO,488.0
6243,Nc1ccc(-c2ccc3c(c2)C(=O)c2ccccc2C3=O)cc1,CCCCCC,512.0
6325,C(#Cc1cccc(C#Cc2ccc(-n3c4ccccc4c4ccccc43)cc2)c1)c1ccc(-n2c3ccccc3c3ccccc32)cc1,ClCCl,394.0
6398,CCN1C(=CC=Cc2n(CC)c3cc(Cl)c(Cl)cc3[n+]2CC)N(CC)c2cc(Cl)c(Cl)cc21,CO,528.0
2067,COC(=O)C(Cc1ccc2oc(-c3ccc(N(c4ccccc4)c4ccccc4)cc3)nc2c1)NC(=O)OC(C)(C)C,CC1CCCCC1,395.000869
4667,Cc1ccc(-c2nnc(-c3ccc4ccc5cccc6ccc3c4c56)o2)cc1,C1CCOC1,425.0
5643,CC(C)c1cccc(C(C)C)c1-n1c(=O)c2cc3nc(-c4ccccc4)c4cc5c(=O)n(-c6c(C(C)C)cccc6C(C)C)c(=O)c6cc7nc(-c8ccccc8)c8cc(c1=O)c2c1c3c4c(c65)c7c81,ClC(Cl)Cl,502.0
5492,N#Cc1c(-c2cccs2)cc(-c2ccc3c(c2)Cc2ccccc2-3)[nH]c1=O,CO,438.0
5169,CSc1ccc(/C=C/c2cnc3ccccc3n2)cc1,CS(C)=O,513.0
1599,CC[n+]1c(-c2ccccc2)c2cc(-n3cccc3)ccc2c2ccc(N)cc21,O,603.0
5019,F[B-]1(F)n2c(cc3c4ccccc4oc32)C(c2ccccc2)=C2C=c3c(oc4ccccc34)=[N+]21,CCOC(C)=O,596.5
10928,CS(=O)(=O)c1ccc(-c2cc3ccc(N)cc3c(=O)o2)cc1,CCOC(C)=O,446.0
1385,CCn1c(-c2ccc(-c3ccc4ccc5cccc6ccc3c4c56)cc2)c(-c2ccc3ccccc3c2)c(-c2ccc3ccccc3c2)c1-c1ccc(-c2ccc3ccc4cccc5ccc2c3c45)cc1,CCOC(C)=O,460.0
12009,C[Si]1(C)O[Si](C)(C)c2cc3cc4c(cc3cc21)C(=O)c1cc2cc3c(cc2cc1C4=O)[Si](C)(C)O[Si]3(C)C,ClC(Cl)Cl,437.0
7434,COc1ccc(/C=C/C(=O)c2ccccc2O)cc1OC,CCO,500.0
9315,N#CC(C#N)=C(c1ccc(N(c2ccccc2)c2ccccc2)cc1)c1ccc(N(c2ccccc2)c2ccccc2)cc1,ClC(Cl)Cl,491.2017167
9052,N#Cc1cccc2[nH]ccc12,OCC(F)(F)F,394.0
1405,CCCCCCCCn1c(=O)c2cc3c(C#Cc4ccc(N(c5ccccc5)c5ccccc5)cc4)c4cc5c(=O)n(CCCCCCCC)c(=O)c5cc4c(C#Cc4ccc(N(c5ccccc5)c5ccccc5)cc4)c3cc2c1=O,ClC(Cl)Cl,641.0
4991,CC1=C(c2ccccc2)C(C)=[N+]2C1=C(c1ccccc1)c1c(C)c(-c3ccccc3)c(C)n1[B-]2(F)F,ClCCl,555.0
3275,CCN(CC)c1ccc2cc(-c3nc4ccccc4s3)c(=O)oc2c1,CCCCCC,463.0
809,CCn1c2ccccc2c2cc(-c3cc(-c4ccc5c(c4)c4ccccc4n5CC)nc(-c4ccc(OC)cc4)n3)ccc21,Cc1ccccc1,379.0
9016,N#Cc1ccc2[nH]ccc2c1,C1CCOC1,349.0
2029,COc1cccc(/C=C/c2ccccc2)c1,CC#N,359.0
6153,CN(C)c1ccc(-c2c(/C=C3/C=Cc4ccccc4N3Cc3ccccc3)c(=O)c2=O)cc1,ClCCl,586.0
2650,CC1=CC(c2ccc3cc(N(C)C)ccc3c2)=[O+][B-](F)(F)O1,C1CCOC1,566.0
4439,CCCCC(CC)CN1C(=O)c2cccc3c(C#Cc4ccc(N(c5ccccc5)c5ccc(C#Cc6ccc7c8c(cccc68)C(=O)N(CC(CC)CCCC)C7=O)cc5)cc4)ccc(c23)C1=O,C1CCCCC1,472.0
3024,CCCCCCCCCCCCN1C(=O)c2c(c3ccc4cc(-c5ccc(-c6ccccc6)cc5)c(OC)cc4c3c3c2ccc2cc(-c4ccc(-c5ccccc5)cc4)c(OC)cc23)C1=O,ClCCl,527.0
12144,CCCCCCC(CCCCCC)N1C(=O)c2cccc3c(-c4cc(OC)c(OC)c(OC)c4)ccc(c23)C1=O,CCCCO,572.0
8254,COc1cc(C(=O)O)ccc1O,CO,340.0
9541,COc1ccc(C2=[N+]3C(=Nc4c(-c5ccccc5)c5c(n4[B-]3(F)F)-c3ccc(OC)cc3CC5)C(c3ccccc3)=C2)cc1,ClC(Cl)Cl,732.0
5045,COc1ccc(C2=C3C=c4c(oc5ccccc45)=[N+]3[B-](F)(F)n3c2cc2c4ccccc4oc23)cc1,CO,592.0
7399,CN(C)CCN(Cc1c2ccccc2cc2ccccc12)c1ccc([N+](=O)[O-])cc1[N+](=O)[O-],ClC(Cl)Cl,394.0
1702,COc1cc(/C=C/c2nc3ccccc3s2)c(OC)cc1/C=C/c1nc(C)nc(/C=C/c2cc(OC)c(/C=C/c3nc4ccccc4s3)cc2OC)n1,C1CCOC1,490.0
4504,F[B-]1(F)Oc2c(ccc3c4c(ccc23)C=[N+](c2ccccc2)[B-](F)(F)O4)C=[N+]1c1ccccc1,ClCCl,533.0
61,S=P1(c2ccccc2)c2cccc3c4c5ccccc5c5ccccc5c4c4ccc1n4c23,ClCCl,493.0
3971,COC(=O)C(Cc1ccc2oc(-c3ccc(N(C)C)cc3)nc2c1)NC(=O)OC(C)(C)C,C1CCCCC1,377.0028275
5140,C(/C=C/c1ccc(N(c2ccccc2)c2ccccc2)cc1)=C\c1ccncc1,CO,540.0
4773,c1ccc(-c2c3c(c(-c4ccccc4)c4c2-c2ccccc2C4)-c2ccccc2C3)cc1,C1CCCCC1,375.0
2094,F[B-]1(F)n2c(nc(Br)c2Br)-c2cccc[n+]21,C1COCCO1,493.0
5151,c1ccc(-c2csc(-c3ccncc3)n2)cc1,CC#N,498.0
10347,COc1ccccc1C1=[N+]2C(=Cc3c4cc5ccccc5cc4c(-c4ccccc4OC)n3[B-]2(F)F)c2cc3ccccc3cc21,C1CCOC1,760.0
1880,Cc1ccc(C(=O)/C=C2\C(=O)Nc3ccccc32)cc1,CC(C)(C)O,412.0
3370,F[B-]1(F)n2c(c3cccc4cccc2c43)=Nc2sc3ccccc3[n+]21,CCCCCC,493.0
8694,CNC1=C2C=CC=[N+]2[B-](F)(F)n2cccc21,CCO,439.0
10270,Cc1cc(C)c(B(c2ccc(-c3nc4c5ccccc5c5ccccc5c4[nH]3)cc2)c2c(C)cc(C)cc2C)c(C)c1,C1CCOC1,456.0
4269,O=C1OCC2=C1C(c1ccccc1)c1cc3c(cc1N2CCO)CCC3,C1COCCO1,392.0
10604,COC(=O)C1=NNC(C(=O)OC)=C2c3ccccc3C(=O)c3ccccc3C12,CC#N,505.0
8641,C#CCNC1=C2C=CC=[N+]2[B-](F)(F)n2cccc21,CCCCO,463.0
2287,CCc1nc2c(nc1CC)C(c1ccccc1)=[N+]1C2=Nc2c3nc(CC)c(CC)nc3c(-c3ccccc3)n2[B-]1(F)F,C1CCOC1,721.0
7037,Cc1cc(=O)c2ccc(N)cc2o1,C1CCOC1,382.0
9129,CN(C)c1ccc2c(c1)Cc1ccccc1-2,CCCCCCO,367.0
7515,CSc1sc(C(=O)c2ccccc2)c2nn[nH]c(=O)c12,C1CCOC1,482.0
4665,COc1cc(-c2nnc(-c3ccc4ccc5cccc6ccc3c4c56)o2)cc(OC)c1OC,Cc1ccccc1,428.0
8347,CC[N+](CC)=c1ccc2cc3c(=O)oc4cc5c(cc4c3oc-2c1)CCCN5C,ClCCl,648.0
6489,CCN(CC)c1ccc(-c2nc3c(c4c2-c2ccc(C#N)cc2CC4)-c2ccc(C#N)cc2CC3)cc1,Cc1ccccc1,474.0
664,c1ccc(N2c3ccc4ccccc4c3-c3c4ccccc4nc[n+]3[B-]2(c2ccccc2)c2ccccc2)cc1,CC(C)=O,675.0
2906,C(#Cc1nc2ccccc2s1)c1ccc(N(c2ccc(C#Cc3nc4ccccc4s3)cc2)c2ccc(C#Cc3nc4ccccc4s3)cc2)cc1,Cc1ccccc1,434.0
7969,N#Cc1ccccc1N,O,383.0
1046,F[B-]1(F)n2c(c3cccc4cccc2c43)=Nc2ccc3ccccc3[n+]21,C1CCOC1,508.0
10821,CN(C)c1ccc(C2=Cc3c4ccccc4c4ccccc4[n+]3[B-](F)(F)O2)cc1,C1CCOC1,539.0
2404,Nc1cc([NH3+])cc(-c2nc3ccccc3s2)c1,O,493.5
5425,CCCCCCCCCCCCCCCCCCN1C(=O)c2cccc3c(OCCN(C)C)ccc(c23)C1=O,CCOCC,492.0
8093,O=Cc1cc(O)ccc1O,CC(C)=O,423.0
9180,CC1(C)CC(/C=C/c2ccc(-n3c4ccccc4c4ccccc43)cc2)=CC(=C(C#N)C#N)C1,CCO,583.0
1568,Oc1ccccc1/N=C/c1ccccc1Oc1ccccc1,CCO,408.0
462,c1ccc2c(-c3cc(-c4nccs4)nc(-c4nccs4)c3)cccc2c1,CC#N,386.0
743,CCCCN(CCCC)c1ccc(/C=C/c2ccc3nc(/C=C/c4ccc(N(C)C)cc4)c(-c4ccccc4)nc3c2)cc1,CC#N,661.0
222,c1ccc(N(c2ccccc2)c2ccc(-c3ccc(-c4cc(-c5ccccn5)nc(-c5ccccn5)c4)cc3)cc2)cc1,ClCCl,489.0
12110,CCCCCCC(CCCCCC)N1C(=O)c2cccc3c(-c4ccc(C#N)cc4)ccc(c23)C1=O,CCCCO,480.0
8690,CCC1=C(C)C2=Cc3cccn3[B-](F)(F)[N+]2=C1C,CO,516.5
8030,CCCCC(CC)COC(=O)/C=C/c1ccc(OC)c(OC)c1OC,CCCCCC,351.0
625,O=c1c2ccccc2nc2ccccn12,ClCCl,442.0
3656,CN(CCO)c1ccc(/C=C/C2=C(C#N)C(C(C#N)C#N)OC2(C)C)cc1,ClCCl,629.0
6805,COc1cccc(-n2c(-c3ccc(O)cc3)nc(C)c2C)c1,CO,369.0
2188,CCN1c2ccc(/C=N/Nc3ccccn3)cc2Sc2cc(-c3ccc(C#N)cc3)ccc21,ClCCl,525.0
2177,c1ccc(-c2nc(-c3ccccc3)nc(-n3c4ccccc4c4cccc(-n5c6ccccc6c6ccccc65)c43)n2)cc1,Cc1ccccc1,459.2592593
9317,CCN(CC)c1ccc(/C=N/c2cc3ccccc3cc2/N=C/c2ccc(N(CC)CC)cc2O)c(O)c1,ClCCl,539.0
3499,COc1ccc(Oc2ccc3c4c(cccc24)C(=O)N(c2c(C(C)C)cccc2C(C)C)C3=O)cc1,ClCCl,434.0
9812,CCN1c2ccc(/C=C(\C#N)c3ccccc3)cc2Sc2cc(/C=C(\C#N)c3ccccc3)ccc21,CC(C)=O,578.0
6022,CN(C)c1ccc(C#Cc2ccc(C#N)cc2)cc1,C1CCOC1,504.999495
8983,CCCCCCCCOc1ccc(C#Cc2c3cc4ccccc4cc3c(C#C[Si](C(C)C)(C(C)C)C(C)C)c3cc4ccccc4cc23)cc1,ClCCl,666.0
8949,CCOC(=O)CCCn1c(C(=O)OC)c(C)c2c(=O)n3c(cc21)C(CC)=C(C)C3=O,CO,499.0
438,Cc1ccc(-c2ccc(/C=C/c3ccccc3)cn2)nc1,CC#N,392.0
4520,CN(C)c1ccc(/C=C/c2cnc(/C=C/c3ccc(C#N)cc3)o2)cc1,ClCCl,640.0
5623,CCCCC1(CCCC)c2cc(-c3ccc(C=C4C(=O)c5ccccc5C4=O)cc3)ccc2-c2ccc(-c3ccc(C=C4C(=O)c5ccccc5C4=O)cc3)cc21,CCCCCC,465.0
353,CCCCN(CCCC)c1ccc(C#Cc2cc(C#Cc3ccc(N(CCCC)CCCC)cc3)c(C#Cc3ccc(C#N)cc3)cc2C#Cc2ccc(C#N)cc2)cc1,ClCCl,557.0
11688,c1cc2ccc3cc4cccc5ccc6cc(c1)c2c3c6c54,CO,436.0
456,c1ccc(-c2cc3c(oc4ccccc43)c(-c3ccccc3)[o+]2)cc1,CC#N,450.0
9835,O=C(c1ccc(-n2c3ccccc3c3ccccc32)cc1)c1ccc(-n2c3ccccc3c3ccccc32)cc1,O=P(c1ccccc1)(c1ccccc1)c1ccccc1Oc1ccccc1P(=O)(c1ccccc1)c1ccccc1,444.0
9616,COc1ccc2cc(C#CC3=C4CCc5ccccc5C4=[O+][B-](F)(F)O3)ccc2c1,ClCCl,566.0
239,O=S(=O)([O-])c1ccc(/C=C/c2ccc(-c3nnc(-c4ccc(/C=C/c5ccc(S(=O)(=O)[O-])cc5S(=O)(=O)[O-])cc4)o3)cc2)c(S(=O)(=O)[O-])c1,C1CCOC1,416.0
8165,CN(C)CCNc1ccc([N+](=O)[O-])cc1[N+](=O)[O-],CC#N,399.0
7298,CCN(CC)c1cccc2c1ccc1c(=O)oc(-c3ccc(C(F)(F)F)cc3)cc12,CCO,599.0
230,O=C(O)CC[N+]1=c2cc3c(cc2CCC1)=Cc1c(c2cc4c5c(c2oc1=O)CCCN5CCC4)O3,ClCCl,675.0
9565,COC(=O)C(Cc1ccc2oc(-c3ccc(-n4c5ccccc5c5ccccc54)cc3)nc2c1)NC(=O)OC(C)(C)C,CC(C)CC(C)(C)C,361.0108303
10127,c1ccc(-c2nc(-c3ccc(-c4nc(-c5ccccc5)c(-c5ccccc5)[nH]4)s3)[nH]c2-c2ccccc2)cc1,CCOC(C)=O,456.9983091
8231,CN(C)c1cc(C#N)c(N(C)C)c(C#N)c1,OCC(O)CO,547.3453749
4407,c1ccc2c(c1)[nH]c1c3[nH]c4ccccc4c3c3nsnc3c21,Cc1ccccc1,456.0
6550,CC1(C)C(/C=C/C=C/C=C/C=C2/N(S(=O)(=O)[O-])c3ccc(S(=O)(=O)[O-])cc3C2(C)C)=[N+](S(=O)(=O)[O-])c2ccc(S(=O)(=O)[O-])cc21,CO,776.0
4793,CC(C)(C)c1ccc2c(c1)c1cc(C(C)(C)C)ccc1n2-c1ccc(-c2nc(-c3ccc(P(=O)(c4ccccc4)c4ccccc4)cc3)nc(-c3ccc(P(=O)(c4ccccc4)c4ccccc4)cc3)n2)cc1,CC#N,573.7120211
1018,CCCn1c(-c2cc(-c3nc4ccccc4n3CCC)cc(-c3nc4ccccc4n3CCC)c2)nc2ccccc21,CS(C)=O,381.0
7271,CN1C(=O)/C(=C/c2ccncc2)N=C1/C=C/c1ccncc1,CC#N,541.0
8721,CC(C)(C)NC1=C2C=CC=[N+]2[B-](F)(F)n2cccc21,C1CCCCC1,503.0
8331,CCCCC(CC)Cn1c2cc(C#N)ccc2c2ccc(C#Cc3ccc4ccc5ccc(C#Cc6ccc7c8ccc(C#N)cc8n(CC(CC)CCCC)c7c6)c6ccc3c4c56)cc21,ClCCl,458.0
1760,CCN(CC)c1ccc(/C=C/C(=O)c2c(O)cc(C)oc2=O)cc1,CCOC(C)=O,545.0
5725,Cc1cccc(Nc2ccccc2C(=O)O)c1C,C1CCOC1,438.0
8622,CCC1=C(C)C2=C(C)c3c(I)c(I)c(I)n3[B-](F)(F)[N+]2=C1C,CCOC(C)=O,552.0
10765,CCOC(=O)c1c2c3c(cccc3c3cc4c(cc13)[Si](C)(C)O[Si]4(C)C)N(C)C2=O,CC#N,413.0
10400,CCCCC1=Cc2c3ccc4cccc5ccc(c6cc(-c7ccc(N(c8ccccc8)c8ccccc8)cc7)n(c26)P1(=O)c1ccccc1)c3c45,Cc1ccccc1,518.0
1103,CCc1ccc(/C=N/c2cc(C(C)C)c(O)cc2C)cc1,CCO,422.0
11108,CCC1(CC)c2cc(B(c3c(C)cc(C)cc3C)c3c(C)cc(C)cc3C)ccc2-c2ccc(N(c3ccccc3)c3ccc4c(c3)C(CC)(CC)c3cc(B(c5c(C)cc(C)cc5C)c5c(C)cc(C)cc5C)ccc3-4)cc21,ClC(Cl)Cl,477.0
11908,COc1ccc(-c2c3ccccc3c3n2[B-](F)(F)[N+]2=Cc4c5ccccc5c(-c5ccc(OC)cc5)n4[B-](F)(F)[N+]2=C3)cc1,CN(C)C=O,613.0
8153,COCCOCCOCCOc1cc(C=O)c(OCCOCCOCCOC)cc1C=O,CC(C)O,481.0
4415,CC(C)(C)c1ccc2c(c1)[nH]c1c3[nH]c4cc(C(C)(C)C)ccc4c3c3nsnc3c21,CN(C)C=O,507.0
4226,Cc1n[nH]c2c1C(c1ccc([N+](=O)[O-])cc1)C(C#N)=C(N)O2,CCO,414.0
3251,CN(C)c1ccc(C2=Nc3sc4cc(Cl)ccc4[n+]3[B-](F)(F)O2)cc1,ClCCl,473.0
8530,COC(=O)c1ccc(/C=C2\C=C(c3ccc(C#N)cc3)OC2=O)cc1,C1COCCO1,501.0
5526,C1=Cc2nc1c(-c1ccccc1)c1ccc([nH]1)c(-c1ccccc1)c1nc(c(-c3ccccc3)c3ccc([nH]3)c2-c2ccccc2)C=C1,CC(=O)N(C)C,650.0
3063,COc1ccc(/C=C/C2=CC(/C=C/c3ccc(OC)c(OC)c3)=[O+][B-](F)(F)O2)cc1OC,Cc1ccccc1,531.02
4929,F[B-]1(F)n2c(NCc3ccccc3)ccc2C(c2c(Cl)cccc2Cl)=C2C=CC(NCc3ccccc3)=[N+]21,ClCCl,594.0
4344,CC(=O)c1ccc(NC(=O)c2ccc(N(C)C)cc2)cc1,C1CCCCC1,345.0
11243,COc1ccc2oc(-c3cc4cc(OC)ccc4oc3=O)cc2c1,CC#N,480.0
2947,O=C1c2ccccc2-c2cnccc21,CCCCCC,464.1664611
11230,COc1cccc2oc(-c3cc4c(OC)cccc4oc3=O)cc12,CCOC(C)=O,460.0
11316,CCOC(=O)c1sc2nc(C)c(C)c(C#N)c2c1N,c1ccccc1,535.0
7205,CCCCCCCCN1c2ccc(C#Cc3ccc(F)cc3)cc2Sc2cc(C=O)ccc21,CO,466.0
3431,CCCN1/C(=C/C=C(/C=C/C2=[N+](CCC)c3ccccc3C2(C)C)c2ccc([N+](=O)[O-])cc2)C(C)(C)c2ccccc21,O,663.0
11759,c1ccc(-c2nc(-c3ccc(-c4ccc(-n5c6ccccc6c6ccccc65)cc4)cn3)oc2-c2ccccc2)cc1,CCCCCC,392.0
4742,N#Cc1c(-c2ccccc2)cc(-c2ccccc2)[nH]c1=S,CC#N,495.0
10675,CCCCCCN1C(=O)c2cccc3c(-c4ccc(Cl)s4)ccc(c23)C1=O,ClC(Cl)Cl,482.0
11101,CCCCn1c(-c2ccc(-c3nnc(-c4ccc(-c5nc6ccccc6n5CCCC)cc4)o3)cc2)nc2ccccc21,ClCCl,407.0
4789,Cc1ccccc1N1c2sc3ccccc3c2Sc2sc3ccccc3c21,ClCCl,564.0
9868,Cc1cc(C2=C(c3cc(C)sc3C)S(=O)(=O)c3ccccc32)c(C)s1,C1CCOC1,465.0
10308,CN(C)c1ccc(/C=C/c2cc[n+](CCC[n+]3ccc(/C=C/c4ccc(N(C)C)cc4)cc3)cc2)cc1,CN(C)C=O,606.998695
10032,COc1ccc2cc(C(C)C(=O)Oc3ccc(-c4c5nc(c(-c6ccc(C)cc6)c6ccc([nH]6)c(-c6ccc(C)cc6)c6nc(c(-c7ccc(C)cc7)c7ccc4[nH]7)C=C6)C=C5)cc3)ccc2c1,ClCCl,654.0
1034,CC(C)(C)c1ccc2c(c1)sc1[n+]2[B-](F)(F)n2c(c3cccc4c(Br)ccc2c43)=C1C#N,CCCCCC,558.0
2264,CC1(C)c2ccccc2N(c2ccc(-c3ccc(C#N)cc3)cc2)c2ccccc21,N#Cc1ccc2c(c1)c1ccccc1n2-c1cccc(-n2c3ccccc3c3ccccc32)c1,470.0
11406,COc1cc(C)c(-c2cc(-c3c(C)cc(OC)cc3C)c3ccc4c(-c5c(C)cc(OC)cc5C)cc(-c5c(C)cc(OC)cc5C)c5ccc2c3c54)c(C)c1,ClCCl,411.0
8222,CN(C)c1cc(C#N)c(N(C)C)c(C#N)c1,CCOCC,507.3566717
4205,COc1ccc2nc(/N=N/c3ccc(N(C)C)cc3)sc2c1,CC#N,574.0
6209,CCOC(=O)/C(C#N)=C\c1ccc2c(c1)c1ccccc1n2-c1ccc(OC)cc1,ClC(Cl)Cl,486.0
906,Cc1cc(C)n2c1C=C1c3ccccc3C(c3ccc[nH]3)=[N+]1[B-]2(F)F,CO,618.0
10670,Cc1ccc(N(c2ccc(C)cc2)c2ccc(-c3c4ccccc4c(-c4ccc(N(c5ccc(C)cc5)c5ccc(C)cc5)cc4)c4nsnc34)cc2)cc1,ClCCl,706.0
8761,CCC1=C(C)C2=C(C)c3c(C)c(CC)c(C)n3[B-](F)(F)[N+]2=C1C,CC#N,530.4
368,CN(C)c1ccc(-c2ccc(-c3ccc(N(C)C)cc3)c3nc(-c4ccccc4)c(-c4ccccc4)nc23)cc1,CN(C)C=O,648.0
10565,c1ccc(-c2nc(-c3ccc(-c4ccc(N(c5ccccc5)c5ccccc5)cc4)cn3)oc2-c2ccccc2)cc1,CC(C)OC(C)C,434.0
3593,CN(C)CCCN1c2ccccc2Sc2ccc(Cl)cc21,CO,449.0
1415,COc1cc(/C=C2/SC(=O)NC2=O)ccc1O,C1COCCO1,420.0
7310,CN(C)c1cccc2c1ccc1c(=O)oc(-c3ccc(C(F)(F)F)cc3)cc12,CCCCO,586.0
2286,COc1ccc2c(c1)N(c1ccc(C)cc1)c1cc3c(cc1=N2)Oc1c(cc(C(C)(C)C)cc1C(C)(C)C)N=3,CO,635.0
8602,CCC1=C(C)C2=C(C)c3c(C)c(CC)c(C)n3[B-](F)(F)[N+]2=C1C,CCCCCCCCCCO,534.8
11702,CCCCCCn1c2ccccc2c2cc(/C=C/c3cc(=O)oc4cc(C)ccc34)ccc21,CS(C)=O,542.0
12154,CN(C)c1ccc2nc(-c3ccc(C(=O)OC[C@H](NC(=O)OC(C)(C)C)C(=O)OCc4ccccc4)cc3)sc2c1,ClC(Cl)Cl,504.0
8671,CCC1=C(C)C2=Cc3c(I)c(I)cn3[B-](F)(F)[N+]2=C1C,CCOC(C)=O,539.5
5437,COc1ccc2c3c(cccc13)C(=O)N(C)C2=O,CS(C)=O,452.0
114,N#Cc1ccc(N(c2ccc(C#N)cc2)c2ccc3c4cccc5c(N(c6ccc(C#N)cc6)c6ccc(C#N)cc6)ccc(c6cccc2c63)c54)cc1,ClCCl,522.0
5800,O=C(c1ccc(C(=C(c2ccccc2)c2ccccc2)c2ccccc2)cc1)c1ccc(-n2c3ccccc3c3ccccc32)cc1,C1CCOC1,496.0
3873,O=C1c2cc(-n3c4ccccc4c4ccccc43)ccc2S(=O)(=O)c2ccc(-n3c4ccccc4c4ccccc43)cc21,ClC(Cl)Cl,606.0
2900,O=c1c2ccccc2sc2ccc(-n3c4ccccc4c4ccccc43)cc12,ClC(Cl)Cl,486.5
1721,N#C/C(=C\c1ccc(Cl)cc1)c1nc2ccccc2s1,C1CCCCC1,390.0
8726,CC(C)(C)NC1=C2C=CC=[N+]2[B-](F)(F)n2cccc21,OCC(F)(F)F,497.5
4562,O=c1cc2c(S(=O)(=O)O)c(O)c3cccc4ccc(o1)c2c43,CC1CCCO1,472.0
3184,N#Cc1c(N2CCCCC2)cc(-c2ccc3ccc4cccc5ccc2c3c45)c2c1C(=O)c1ccccc1-2,C1CCOC1,473.0
4342,COC(=O)c1ccc(NC(=O)c2ccc(N(C)C)cc2)cc1,CC#N,516.0
1824,CC(C)(C)C1Nc2ccccc2C(=O)N1Cc1ccccc1,c1ccccc1,393.0
3080,COc1ccc2cc(C3=[N+]4C(=Nc5c(-c6ccccc6)cc(-c6ccc7cc(OC)ccc7c6)n5[B-]4(F)F)C(c4ccccc4)=C3Br)ccc2c1,ClCCl,728.0
10313,CN(C)c1ccc(/C=C/c2cc[n+](CCC[n+]3ccc(/C=C/c4ccc(N(C)C)cc4)cc3)cc2)cc1,c1ccncc1,598.000287
3023,F[B-]1(F)n2c(cc(Br)c2Br)C(c2ccccc2)=C2C=C(Br)C(c3ccc[nH]3)=[N+]21,ClC(Cl)Cl,642.0
4740,N#Cc1c(-c2ccccc2)cc(-c2ccccc2)[nH]c1=S,C1CCCCC1,510.0
9862,COc1ccc(C2=C3C(C)=CC(C=Cc4ccc(C(=O)OC5C[C@H]6CCC5(C)C6(C)C)cc4)=[N+]3[B-](F)(F)n3c(C)cc(C)c32)cc1,Cc1ccccc1,627.0
1901,O=C1Nc2ccccc2/C1=C/C(=O)c1ccc(Cl)cc1,C1CCCCC1,382.0
3232,CN(C)c1ccc(C2=Nc3sc4ccccc4[n+]3[B-](F)(F)O2)cc1,ClCCl,467.0
2320,CN(C)CCN(Cc1c2ccccc2c(CN(CCN(C)C)c2ccc([N+](=O)[O-])cc2[N+](=O)[O-])c2ccccc12)c1ccc([N+](=O)[O-])cc1[N+](=O)[O-],C1CCCCC1,416.0
1918,O=C1Nc2ccccc2/C1=C/C(=O)c1ccc(Cl)cc1Cl,CCCCCC,384.0
5418,CCCC1=Cc2nc1ccc1[nH]c(cc1CCC)c1nc(c(NC(=O)CCCC(=O)O)cc3[nH]c2cc3CCC)C(CCC)=C1,ClCCl,680.0
5821,COc1cc2c(cc1OC)C1=C[C@H](c3ccc(C)cc3)C3(C(C#N)=C(C#N)N1CC2)c1cc(Cl)ccc1-c1ccc(Cl)cc13,ClCCl,402.0
1569,Oc1ccccc1/N=C/c1ccccc1Oc1ccccc1,CCOC(C)=O,400.0
5960,c1ccc2c(c1)Cc1ccccc1N2c1c2ccccc2cc2ccccc12,Cc1ccccc1,535.0
347,CCCCN(CCCC)c1ccc(C#Cc2cc(C#Cc3ccc(C(F)(F)F)cc3)c(C#Cc3ccc(N(CCCC)CCCC)cc3)cc2C#Cc2ccc(C(F)(F)F)cc2)cc1,ClCCl,546.0
1242,CCN1c2ccc(-c3cc(C(F)(F)F)[nH]n3)cc2Sc2cc(-c3cc(C(F)(F)F)[nH]n3)ccc21,ClCCl,467.0
420,CCCCn1c2c(-c3ccc(N(c4ccccc4)c4ccccc4)cc3)cc(C#N)cc2c2cc(C#N)cc(-c3ccc(N(c4ccccc4)c4ccccc4)cc3)c21,CCN(CC)CC,415.0
11567,CCN(CC)c1ccc2c(C(F)(F)F)cc(=O)oc2c1,CC#N,501.0
9258,COc1coc2cc(-c3ccc(N(C)C)cc3)ccc2c1=O,ClCCl,488.0
37,N#CC(C#N)=Cc1ccc(-c2ccc(O)c(-c3nc4ccccc4s3)c2)o1,CCO,632.0
9854,Nc1ccc2c(c1)oc(=O)c1c(=O)oc3ccccc3c12,CS(C)=O,534.0
9972,COC(=O)/C(C#N)=c1\s/c(=c2/s/c(=C(/C#N)C(=O)OC)c3cc(-c4ccc(C(F)(F)F)cc4)sc23)c2sc(-c3ccc(C(F)(F)F)cc3)cc12,Cc1ccccc1,625.0
6515,CN(C)c1ccc(-c2nc3c(c4c2-c2ccccc2CC4)-c2ccccc2CC3)cc1,CC#N,463.0
8830,CCC(CC)n1c2ccccc2c2cc3c(cc21)c1ccccc1n3C(CC)CC,ClC(Cl)Cl,423.0
10689,CN1CCCc2cc3c(C(F)(F)F)cc(=O)oc3cc21,CC#N,510.0
1031,O=C1c2ccccc2-c2nc3ccccc3n21,ClCCl,519.0
4339,Cc1cccc(NC(=O)c2ccc(N(C)C)cc2)c1,CCOCC,498.0
10525,COc1nc(Cl)nc(Nc2ccc3c4c(cccc24)C(=O)c2ccccc2-3)n1,CCOC(C)=O,520.0208008
4320,CN(C)c1ccc(C(=O)Nc2ccc([N+](=O)[O-])cc2)cc1,C1CCCCC1,360.0
7292,CC1=[N+]2C(=C(c3ccc(N4CCCCC4)cc3)c3ccc(C)n3[B-]2(F)F)C=C1,CCCCCC,520.0
9825,COc1ccc(C#Cc2nc3ccccc3nc2-c2cn(C)c3ccccc23)cc1,Cc1ccccc1,468.0
10172,Cc1cccc2nc(-c3ccc(-c4cc(=O)cc(-c5ccccc5)o4)cc3)c(NC3CCCCC3)n12,ClCCl,506.0
6639,Cc1cc(C)c(B(c2ccccc2-n2c3ccccc3c3ccccc32)c2c(C)cc(C)cc2C)c(C)c1,ClCCl,478.6082474
763,CN(c1ccccc1)c1ccc(/C=C2\C(=O)c3ccccc3S2(=O)=O)cc1,C1COCCO1,542.0
4974,c1ccc(-c2nc(-c3ccccc3)nc(-c3ccc(-n4c5ccc(-c6ccc7sc8ccccc8c7c6)cc5c5cc(-c6ccc7sc8ccccc8c7c6)ccc54)cc3)n2)cc1,Cc1ccccc1,437.0
10897,O=S(=O)(c1ccc(-c2ccc(-c3nc4c5ccccc5c5ccccc5c4n3-c3ccccc3)cc2)cc1)c1ccc(-c2ccc(-c3nc4c5ccccc5c5ccccc5c4n3-c3ccccc3)cc2)cc1,C1CCOC1,451.0
10171,O=c1cc(-c2ccccc2)oc(-c2ccc(-c3nc4ccccn4c3NC3CCCCC3)cc2)c1,ClCCl,508.0
8692,CNC1=C2C=CC=[N+]2[B-](F)(F)n2cccc21,C1CCCCC1,463.0
10843,N#Cc1cc(-n2c3ccccc3c3cccnc32)c(-n2c3ccccc3c3cccnc32)cc1C#N,ClCCl,468.372093
2484,Cc1cc(C)c(C2=C3C=c4c(c5ccccc5c5ccccc45)=[N+]3[B-](F)(F)n3c2cc2c4ccccc4c4ccccc4c23)c(C)c1,C1CCOC1,691.0
6107,COC(=O)c1ccccc1C#Cc1ccccc1NC(C)=O,ClCCl,419.0
1222,COc1ccc(-c2cc(-c3ccc(C)cc3)c(C#N)c(OC)n2)cc1,CO,405.0
10730,CC(C)[Si]1(C(C)C)c2cc(C#N)ccc2-c2ccc(N(c3ccccc3)c3ccccc3)cc21,C1CCCCC1,413.0
8387,COC(=O)C(Cc1ccc2oc(-c3ccc4c(c3)c3ccccc3n4-c3ccccc3)nc2c1)NC(=O)OC(C)(C)C,CCO,390.00039
2134,O=[N+]([O-])c1ccc(C#Cc2ccc3ccccc3c2)cc1,ClC(Cl)Cl,536.0
2423,COCCOCCOCCOCC(COCCOCCOCCOC)Oc1cc(/C=C/c2ccc(/C=C(\C#N)c3ccncc3)cc2)c(OC(COCCOCCOCCOC)COCCOCCOCCOC)cc1/C=C/c1ccc(/C=C(\C#N)c2ccncc2)cc1,ClCCl,574.0
4098,CCCCC1(CCCC)c2cc(C#Cc3ccc4ccc5cccc6ccc3c4c56)ccc2-c2ccc(N(c3ccccc3)c3ccccc3)cc21,ClCCl,516.0
12105,COc1cc2c(cc1/C=C(\C#N)c1nc3ccccc3s1)c1ccccc1n2C,Cc1ccccc1,494.0
6929,CCn1c2ccccc2sc2c(C#N)c3oc4ccccc4oc3c(C#N)c21,ClC(Cl)Cl,580.0
10799,Cc1ccc(C2=C3C=CC(c4ccccc4)=[N+]3[B-](F)(F)n3c2ccc3-c2ccccc2)cc1,C1COCCO1,587.0
5680,CCN(CC)c1ccc2cc(/C=C(\C#N)c3nc4ccccc4s3)c(=O)oc2c1,CS(C)=O,613.0
10456,O=C1/C(=C\c2ccc3oc4ccccc4c3c2)S(=O)(=O)c2ccccc21,CCOC(C)=O,429.0
11359,CC1(C)CCc2c(c3ccccc3c3nc4c(nc23)c2c(c3ccccc34)OC(C)(C)CC2)O1,C1CCCCC1,434.9717268
10497,CCn1c2ccccc2c2cc(C#Cc3cc(C#Cc4ccc5c(c4)c4ccccc4n5CC)nc(S(C)(=O)=O)n3)ccc21,C1CCOC1,496.0
4521,F[B-]1(F)n2c(-c3cccs3)cc(-c3cccs3)c2N=C2C(c3cccs3)=CC(c3cccs3)=[N+]21,C1CCOC1,763.0
1575,c1ccc(-c2nc(-c3c[nH]c4ccccc34)n3ccccc23)cc1,CO,500.0
509,CCCCOc1ccc(/C=C/C=C/C=C/c2ccc([N+](=O)[O-])cc2)cc1,CC#N,740.0
10203,Cc1cc(-c2ccc(-c3nc4ccccc4[nH]3)cc2)ccc1-c1ccc(-c2nc3ccccc3[nH]2)cc1,CN(C)C=O,403.0
6458,O=P1(c2ccccc2)C2=C(c3ccccc31)S(=O)(=O)c1ccccc12,ClCCl,466.0
9182,CC1(C)CC(/C=C/c2ccc(-n3c4ccccc4c4ccccc43)cc2)=CC(=C(C#N)C#N)C1,ClCCl,582.0
2304,Clc1ccc(/C=C/c2nc3ccccc3o2)cc1,CO,385.0
4638,C(=C/c1cnc2ccccc2n1)\c1ccc(N2CCCCC2)cc1,C1CCOC1,557.0
4010,C[Si](C)(C)C#Cc1ccc(C#Cc2cnc(C#Cc3ccccc3)nc2)cc1,C1CCCCC1,390.0
748,N#C/C(=C\c1ccc(C=C(c2ccccc2)c2ccccc2)cc1)c1ccccc1,C1CCOC1,468.0
4193,CC[N+](CC)=c1ccc2c(-c3ccccc3C(=O)O)c3c(=O)oc4c5c6c(cc4c3oc-2c1)CCCN6CCC5,ClC(Cl)Cl,664.0
11785,FC(F)(F)c1ccc(-c2c3cccc4c5cccc6c(-c7ccc(C(F)(F)F)cc7)c7cccc8c9cccc2c9c(c34)c(c65)c78)cc1,Cc1ccccc1,699.0
1259,O=C1c2ccccc2-c2ccc(N3CCOCC3)c3cccc1c23,ClC(Cl)(Cl)Cl,552.0
3077,CC1(C)C(/C=C2\C(=O)C(/C=C3\Nc4ccccc4C3(C)C)=C2[O-])=[NH+]c2ccccc21,ClC(Cl)Cl,670.0
5992,C1=C2c3cc4ccccc4cc3C3=[N+]2[B-]2(Oc4ccccc43)Oc3ccccc3-c3c4cc5ccccc5cc4c1n32,C1CCOC1,832.0
1888,Cc1ccc(C(=O)/C=C2\C(=O)Nc3ccccc32)cc1,O,412.0
11815,NS(=O)(=O)c1ccc(N2N=C(c3ccc(O)cc3)CC2c2ccc([N+](=O)[O-])cc2)cc1,CCO,422.0
3813,COc1ccc(-c2c3cc4ccccc4cc3c(-c3ccc(OC)cc3)c3cc4sc(C)cc4cc23)cc1,ClCCl,570.0
711,CC1CC=C(c2ccc(-c3ccc(C=O)s3)s2)CC1,CC#N,482.0
8928,CCC1=C(C)C(=O)n2c1cc1[nH]c(C(=O)OC(C)(C)C)c(C)c1c2=O,C1CCCCC1,443.0
11183,COc1c2ccccc2c(OC)c2c1c1cc(F)ccc1n2C,ClCCl,434.0
3896,N#Cc1c(-n2c3ccccc3c3ccccc32)cccc1-n1c2ccccc2c2ccccc21,O=P(c1ccccc1)(c1ccccc1)c1ccccc1Oc1ccccc1P(=O)(c1ccccc1)c1ccccc1,415.0
11039,Brc1ccc(-c2nc(-c3ccc(C#Cc4ccc(-n5c6ccccc6c6ccccc65)cc4)cc3)nc(-c3ccc(C#Cc4ccc(-n5c6ccccc6c6ccccc65)cc4)cc3)n2)cc1,ClCCl,498.0
8166,CN(C)CCNc1ccc([N+](=O)[O-])cc1[N+](=O)[O-],CC(C)=O,401.0
1372,CCN(CC)c1ccc2cc(/C(Cl)=C/C=C/C(=C(C#N)C#N)c3ccc(N(c4ccccc4)c4ccccc4)cc3)c(=O)oc2c1,CN(C)C=O,737.0
6537,Oc1ccc(Br)cc1-c1nc2c(c3c1-c1ccccc1CC3)-c1ccccc1CC2,ClCCl,421.0
712,CC1CC=C(c2ccc(-c3ccc(C=O)s3)s2)CC1,CCCCCC,445.0
3329,COc1ccc(C2=C3C(C)=CC(C)=[N+]3[B-](F)(F)n3c(/C=C/c4ccc(N(C)C)cc4)cc(C)c32)cc1,CS(C)=O,737.0
8051,COc1ccc(OC)c(C=O)c1,CNC=O,458.0
12071,c1ccc(-c2nn(-c3ccccc3)c3nc4ccc(-n5c6ccccc6c6ccccc65)cc4cc23)cc1,CN(C)C=O,480.0768123
10118,CCN(CC)c1ccc2c(c1)oc(=O)c1cnc3c(cnn3-c3ccccc3)c12,ClCCl,441.0
8163,CN(C)CCNc1ccc([N+](=O)[O-])cc1[N+](=O)[O-],C1CCOC1,389.0
12033,Cc1ccc(-c2c3ccc([nH]3)c3nc(c(-c4ccc(C#N)cc4)c4ccc([nH]4)c4ccc([nH]4)c(-c4ccc(C)cc4)c4ccc2o4)C=C3)cc1,Cc1ccccc1,722.0
8908,COc1ccc(-c2cc3c(s2)c(C(C)=O)cc(=O)n3Cc2ccccc2)cc1,CC#N,515.0
11798,C(=C/c1cccc2ccccc12)\c1ccc(-c2nnc(-c3ccc(-c4cc5ccccc5s4)cc3)o2)cc1,CCCCCCCCCCO,437.0
4392,O=Cc1cc(N2CCCCC2)c2ccc3c(N4CCCCC4)cc(N4CCCCC4)c4ccc1c2c43,CC(C)=O,581.0
7275,Cc1cc(C)c([B-]2(c3c(C)cc(C)cc3C)[O+]=P(c3ccccc3)(c3ccccc3)c3cc(C#Cc4ccccc4)sc3-c3sc(C#Cc4ccccc4)cc32)c(C)c1,C1CCOC1,498.0
9266,C#CCn1c2ccccc2c2cc(/C=C/c3cc(C)c4n3[B-](F)(F)[N+]3=C(C)C=C(C)C3=C4c3ccc(I)cc3)ccc21,CS(C)=O,614.0
1482,COc1cc(OC)cc(-c2ccc(-c3ccc(C#N)s3)s2)c1,ClC(Cl)Cl,441.0
1489,O=c1oc2ccccc2nc1-c1ccccc1,c1ccccc1,450.0
104,Nc1ccc(/C=C/c2cccnc2)cc1,CCCCCC,390.0
10213,c1ccc(-c2nc(-c3ccccc3)nc(-c3ccc(-n4c5ccccc5c5cc(-n6c7ccccc7c7ccccc76)ccc54)cc3)n2)cc1,Cc1ccccc1,458.0
1794,CC(C)(C)c1ccc(-c2nc3c4ccccc4c4ccccc4c3n2-c2ccc(C(C)(C)C)cc2)cc1,CCCCCC,385.0
8515,CSc1cc(-c2cc3cc4c5c(c3oc2=O)CCCN5CCC4)oc(=O)c1C#N,CCOC(C)=O,575.0
1821,CC(C)(C)C1Nc2ccccc2C(=O)N1Cc1ccccc1,CCCCCCCCCCCCCCCC,381.0
2386,Nc1cc(N)cc(-c2nc3ccccc3s2)c1,CCOC(C)=O,468.0
4315,CN(C)c1ccc(C(=O)Nc2ccc(Cl)cc2)cc1,CCOCC,481.0
11073,CN1c2ccc(C(=O)c3ccccc3)cc2Sc2cc(C(=O)c3ccccc3)ccc21,CN(C)C=O,555.0
4156,N=c1oc2ccccc2cc1-c1ccc([N+](=O)[O-])cc1,C1CCOC1,442.0
1741,CN(C)c1ccc(/C=C/c2nc3ccccc3s2)cc1,CC#N,504.0
1658,F[B-]1(F)n2c(cc(-c3ccccc3)c2-c2ccccc2)C(c2ccccc2)=C2C=C(c3ccccc3)C(c3ccccc3)=[N+]21,C1CCOC1,620.0
212,COc1ccc(/C=C/c2cc(/C=C/c3ccc(OC)cc3)nc(/C=C/c3ccccc3)n2)cc1,CCCCCCC,397.0
9564,COC(=O)C(Cc1ccc2oc(-c3ccc(-n4c5ccccc5c5ccccc54)cc3)nc2c1)NC(=O)OC(C)(C)C,CC(C)=O,432.9941546
4508,CC(C)(C)c1ccc(-c2nc3c4ccc(-c5cccc6ccccc56)cc4c4cc(-c5cccc6ccccc56)ccc4c3n2-c2ccc(C(C)(C)C)cc2)cc1,CC#N,391.0
6275,Cc1cc(C)c(B(c2c(C)cc(C)cc2C)c2c(C)cc(N3c4ccccc4Oc4ccccc43)cc2C)c(C)c1,c1ccc2c(c1)c1ccccc1n2-c1ccc(-c2ccc(-n3c4ccccc4c4ccccc43)cc2)cc1,504.0
3058,COc1cc(/C=C/C2=CC(/C=C/c3ccc(O)c(OC)c3)=[O+][B-](F)(F)O2)ccc1O,c1ccccc1,534.85
323,Cc1ccc(C2=C3C=CC(C#Cc4ccccc4)=[N+]3[B-](F)(F)n3c(C#Cc4ccccc4)ccc32)cc1,C1CCCCC1,626.0
11551,CC1(C)c2ccccc2N(c2ccc(C(=O)/C=C(\O)c3ccc(N4c5ccccc5C(C)(C)c5ccccc54)cc3)cc2)c2ccccc21,c1ccc2c(c1)c1ccccc1n2-c1ccc(-c2ccc(-n3c4ccccc4c4ccccc43)cc2)cc1,524.6284501
1097,CCc1ccc(/C=N/c2cc(C(C)C)c(O)cc2C)cc1,C1COCCO1,410.0
12090,CCc1ccc(-c2ccc(-c3nnc(-c4ccc(-c5nnc(-c6ccc(-c7ccc(CC)cc7)s6)o5)cc4)o3)s2)cc1,CCO,399.0
10043,Nc1ccc2c(-c3ccccc3C(=O)[O-])c3ccc(=[NH2+])cc-3oc2c1,CN(C)C=O,536.0
1359,Cc1cccc2cc3c(=O)n(C)c(=O)n(C)c3nc12,CC(C)O,421.0
334,N#Cc1c(N2CCCCC2)cc(-c2ccc3ccccc3c2)c2c1-c1ccccc1C2,C1CCOC1,462.0
10571,c1ccc(-c2nc(-c3ccc(-c4ccc(N(c5ccccc5)c5ccccc5)cc4)cn3)oc2-c2ccccc2)cc1,Cc1ccccc1,435.0
3110,N#Cc1cc(-c2ccc(F)cc2)cnc1O,CC1CCCCC1,425.0
3474,CCOC(=O)c1c(-c2cc3cc4c(cc3oc2=O)OC(C)(C)CC4)nn(-c2cccc(Cl)c2)c1C(=O)OCC,ClCCl,432.0
2840,Cn1c(=O)c(/N=N/c2cc(S(=O)(=O)O)ccc2C(=O)O)c(O)c2ccccc21,ClCCl,516.0
3691,CC(C)(C)c1ccc(-c2cc3c(-c4ccc(C(C)(C)C)cc4)c4cccc5c(-c6ccc(C(C)(C)C)cc6)cc6c(-c7ccc(C(C)(C)C)cc7)c7cccc2c7c3c6c54)cc1,CO,462.0
1613,COC(=O)c1cc(=O)n(C)c2cc(-c3ccc(OC)cc3)sc12,ClC(Cl)Cl,472.0
5837,CC(C)(C)c1cc2ccc3c(N(c4ccccc4)c4ccccc4)cc(N(c4ccccc4)c4ccccc4)c4ccc(c1)c2c34,ClCCl,467.0
792,ClC1=CN2C[n+]3cc(Cl)ccc3N=C2C=C1,CO,473.0
233,O=c1c(N(c2ccccc2)c2ccc3ccccc3c2)c([O-])/c1=[N+](\c1ccccc1)c1ccc2ccccc2c1,CN(C)C=O,510.0
6890,COc1cc(OC)cc(C2=[O+][B-](F)(F)OC(c3ccc4ccccc4c3)=C2)c1,CCCCCC,418.8884866
5382,c1cc2ccc1CCCc1cc3c(cc1CCCc1ccc(c4nsnc14)CCC3)CCC2,CC#N,534.0
1064,O=Cc1ccc(-c2ccc(C3=CCC(c4ccccc4)CC3)s2)s1,C1CCOC1,446.0
209,COc1ccc(/C=C/c2cc(/C=C/c3ccc(OC)cc3)nc(/C=C/c3ccccc3)n2)cc1,C1CCOC1,432.0
9371,CC(=O)c1c(N[C@@H](Cc2ccc(O)cc2)C(=O)O)c2ccc(N(C)C)cc2oc1=O,ClCCl,415.0
1327,CC(=O)[B-]1(C(C)=O)OC(c2ccc3ccccc3c2)=CC(c2ccc3ccccc3c2)=[O+]1,CC#N,505.0
5692,CCCCCCCCOc1ccc(C#Cc2ccc3oc4ccccc4c3c2)c(OCCCCCCCC)c1,ClCCl,373.0
7633,CC1=[N+]2C(=C(c3ccc(N(c4ccccc4)c4ccccc4)cc3)c3ccc(C)n3[B-]2(F)F)C=C1c1cc2n(c1)[B-](F)(F)[N+]1=CC=CC1=C2c1c(C)cc(C)cc1C,C1CCCCC1,645.0
5042,COC(=O)[C@H](Cc1ccc2oc3c(c2c1)=CC1=C(c2ccc(OC)cc2)c2cc4c5cc(C[C@H](NC(=O)OC(C)(C)C)C(=O)OC)ccc5oc4n2[B-](F)(F)[N+]=31)NC(=O)OC(C)(C)C,CO,595.0
4094,CCCCC1(CCCC)c2cc(C#Cc3ccc4ccc5cccc6ccc3c4c56)ccc2-c2ccc(N(c3ccccc3)c3ccccc3)cc21,CCOC(C)=O,490.0
10263,Oc1ccc2ccccc2c1-c1nc(-c2ccccc2)c2ccccn12,ClCCl,467.0
2413,CN(C)C(=O)c1ccc(-c2nc3ccc(N(C)C)cc3s2)cc1,c1ccccc1,457.0
10744,Fc1c(F)c(F)c2c(c1F)C1=Nc3c4c(F)c(F)c(F)c(F)c4c4n3[B-]3(Cl)n5c(c6c(F)c(F)c(F)c(F)c6c5=N4)=NC2=[N+]13,CC(=O)OC(C)=O,588.0
5809,O=P1(c2ccccc2)C(c2ccccc2)=Cc2ccccc21,ClCCl,423.0
11887,CC(C)(C)c1ccc2c(c1)c1cc(C(C)(C)C)ccc1n2-c1ccc(-n2c3ccc(C(C)(C)C)cc3c3cc(C(C)(C)C)ccc32)c(C(=O)c2ccncc2)c1,C1CCOC1,519.4852941
9470,COc1ccc(/C=C/C2=CC(/C=C/c3ccc(OC)c4ccccc34)=[O+][B-](F)(F)O2)c2ccccc12,CCOCC,587.0
3542,CCCCCCC(CCCCCC)n1c(=O)c2c3ccc4cccc5c6cccc7ccc(c2c1=O)c(c76)c3c45,CCCCCC,469.0
3872,O=C1c2cc(-n3c4ccccc4c4ccccc43)ccc2S(=O)(=O)c2ccc(-n3c4ccccc4c4ccccc43)cc21,Cc1ccccc1,546.0
871,CCc1c(C)[nH]c(C2=[N+]3C(=Cc4c(C)cc(C)n4[B-]3(F)F)c3ccccc32)c1C,Cc1ccccc1,642.0
10317,CN(c1ccccc1)c1ccc(-c2ccc(-c3ccc(N(C)c4ccccc4)cc3)c3nc(-c4ccccc4)c(-c4ccccc4)nc23)cc1,CCCCCC,598.0
1263,CCCCC(CC)Cn1c2cc(C#N)c(-c3ccc(N(c4ccccc4)c4ccccc4)cc3)cc2c2cc(-c3ccc(N(c4ccccc4)c4ccccc4)cc3)c(C#N)cc21,C1CCCCC1,450.0
1618,COC(=O)c1cc(=O)n(C)c2cc(-c3cccc(OC)c3)sc12,ClCCl,464.0
7130,CCOC(=O)COc1ccccc1C(c1c(C)[nH]c2ccccc12)c1c(C)[nH]c2ccccc12,CO,349.0
8314,N#CC(C#N)=C(/C=C/c1ccc(N(c2ccccc2)c2ccccc2)cc1)c1ccccc1,CCOC(C)=O,620.0
11932,N#CC(C#N)=Cc1ccc(-c2ccc(N(c3ccccc3)c3ccccc3)cc2)s1,ClC(Cl)Cl,634.0
2414,CN(C)c1ccc2nc(-c3ccccc3)sc2c1,C1CCCCC1,393.0
5344,CCCCC(CC)Cn1c2cc(C#N)ccc2c2cc(-c3ccc(N(c4ccccc4)c4ccccc4)cc3)c(C#N)cc21,C1CCCCC1,444.0
7075,O=C1c2ccccc2-c2ccc(N3CCN(c4ccccc4)CC3)c3cccc1c23,C1COCCO1,578.0
8516,CSc1cc(-c2cc3cc4c5c(c3oc2=O)CCCN5CCC4)oc(=O)c1C#N,CN(C)C=O,612.0
1220,COc1ccc(-c2cc(-c3ccc(C)cc3)c(C#N)c(OC)n2)cc1,CCOC(C)=O,394.0
7273,CN1C(=O)/C(=C/c2ccncc2)N=C1/C=C/c1ccncc1,CCOC(C)=O,535.0
1765,COc1ccc(/C=C/C(=O)c2c(O)cc(C)oc2=O)cc1,CC#N,488.0
4561,O=c1cc2c(Br)c(O)c3cccc4ccc(o1)c2c43,CC1CCCO1,484.0
2456,O=P(c1ccccc1)(c1ccccc1)n1c2ccccc2c2cc(-n3c4ccccc4c4cc(-n5c6ccccc6c6ccccc65)ccc43)ccc21,CC(C)=O,374.0
8098,O=Cc1cc(O)ccc1O,CNC=O,479.0
10909,Nc1ccc2cc(-c3ccc(C(F)(F)F)cc3)oc(=O)c2c1,CCCCCC,418.0
2001,Cc1ccccc1/C(C#N)=C/c1ccc(N(C)C)cc1,CC#N,427.0
1513,Oc1cccc(/N=C/c2ccccc2Oc2ccccc2)c1,CCCCOC(C)=O,404.0
6388,COc1cccc(C2=C(c3ccc(C(C)(C)C)cc3)C(c3ccc(C(C)(C)C)cc3)=[N+]3C2=C(c2ccccc2)c2c(-c4cccc(OC)c4)c(-c4ccc(C(C)(C)C)cc4)c(-c4ccc(C(C)(C)C)cc4)n2[B-]3(F)F)c1,Cc1ccccc1,640.0
4629,CCOC(=O)CC[N+]1=c2cc3c(cc2CCC1)=Cc1c(c2ccc(N(C)C)cc2oc1=O)O3,O,644.0
2801,CCCCCCCCOc1ccc(C#Cc2ccc(C#Cc3ccc(OCCCCCCCC)c(OCCCCCCCC)c3)c3nc4c5ccccc5c5ccccc5c4nc23)cc1OCCCCCCCC,C1CCOC1,558.0
4802,CC1=CC(C)=[N+]2C1=Cc1c3ccccc3c(C#Cc3ccsc3)n1[B-]2(F)F,CN(C)C=O,623.0
7143,CC/[NH+]=c1\cc2oc3cc(NCCC(=O)O)c4ccccc4c3nc-2cc1C,O,652.0
3582,CCCCCCc1ccc(-n2c3[n+](c4c5ccccc5c5ccccc5c42)[B-](C)(C)c2cc(-n4c5ccccc5c5ccccc54)ccc2-3)cc1,C1CCOC1,409.0
2523,CC1=C(C2=C(C)C(C)=[N+]3C2=Cc2cc(C)c(C)n2[B-]3(F)F)C2=Cc3cc(C)c(C)n3[B-](F)(F)[N+]2=C1C,ClCCl,598.0
8937,CCCCCCCC1=C(C)C(=O)n2c1cc1[nH]c(C(=O)OC)c(C)c1c2=O,c1ccccc1,441.0
6221,Cc1ccc(-n2c3ccccc3c3cc(C=C(C#N)C#N)ccc32)cc1,CC#N,516.0
9395,Cc1cc(=O)oc2c1cc(Br)c1occ(C)c12,OCC(F)(F)F,426.0
8116,CN(C)c1cc(C#N)c(N(C)C)c(C#N)c1,CC(C)=O,524.9343832
10646,c1ccc(-c2nc(-c3ccccc3)nc(-c3ccc(-n4c5ccccc5c5cc(-c6ccc7sc8ccccc8c7c6)ccc54)cc3)n2)cc1,Cc1ccccc1,433.0
9351,O=Cc1c(O)c(-c2nc3ccccc3s2)cc2ccccc12,Cc1ccccc1,509.0
3078,COc1ccc2cc(C3=[N+]4C(=Nc5c(-c6ccccc6)cc(-c6ccc7cc(OC)ccc7c6)n5[B-]4(F)F)C(c4ccccc4)=C3)ccc2c1,ClCCl,733.0
5267,COC(=O)c1c2ccccc2nc2ccccc12,C1CCOC1,418.0
5372,COC(=O)C1=C(C(=O)OC)C2=C[C@H]3c4ccccc4[C@]2(S1)c1ccccc13,C1CCOC1,477.0
6699,CCCCCCCC(=O)Oc1ccc2c3cccc4c(OC(=O)CCCCCCC)ccc(c5cccc1c52)c43,Cc1ccccc1,456.9876679
11854,Cc1ccc(C2CC(c3ccc(O)cc3)=NN2c2ccc(S(N)(=O)=O)cc2)cc1,CCOC(C)=O,415.0
10547,O=C1c2ccccc2-c2ccc(Nc3nc(Cl)nc(Cl)n3)c3cccc1c23,O=C1CCCCC1,520.0208008
2110,c1ccc(N(c2ccccc2)c2ccc(-c3ccc(-c4ccc(-c5cccs5)c5nsnc45)s3)cc2)cc1,ClC(Cl)Cl,670.0
5563,CCCCN1/C(=C\C=C\C=C\C2=[N+](CCCC)c3ccc4cc(Br)ccc4c3C2(C)C)C(C)(C)c2c1ccc1cc(Br)ccc21,CS(C)=O,713.0
2375,Nc1cc(N)cc(-c2nc3ccccc3s2)c1,C1CCCCC1,410.5
11886,O=C(c1ccncc1)c1cc(-n2c3ccccc3c3ccccc32)ccc1-n1c2ccccc2c2ccccc21,ClCCl,531.643002
9365,COc1cc(OC)cc(-c2nnc(-c3ccc(-c4nnc(-c5cc(OC)cc(OC)c5)o4)cc3)o2)c1,ClCCl,383.0
1328,CC(=O)[B-]1(C(C)=O)OC(c2ccc3ccccc3c2)=CC(c2ccc3ccccc3c2)=[O+]1,ClC(Cl)(Cl)Cl,488.0
11981,CC(C)(C)[Si](C)(C)C#CC1=CC2=c3cc(C#C[Si](C)(C)C(C)(C)C)c4nc(C(F)(F)C(F)(F)C(F)(F)F)nc5c(C#C[Si](C)(C)C(C)(C)C)cc(c3c54)C3=CC(C#C[Si](C)(C)C(C)(C)C)=C4N=C(C(F)(F)C(F)(F)C(F)(F)F)N=C1C4C32,C1CCOC1,523.0
2308,COc1ccc(/C=C(\C)c2nc3ccccc3o2)cc1,C1CCCCC1,380.0
11195,COc1c2ccccc2c(OC)c2c1c1ccc(F)cc1n2C,ClCCl,411.0
3546,CCCCCCC(CCCCCC)n1c(=O)c2c3ccc4cccc5c6cccc7ccc(c2c1=O)c(c76)c3c45,Cc1ccccc1,491.0
3527,Cc1cccc(-c2nc3sc4ccccc4c3s2)c1,CS(C)=O,412.0
10382,Cc1nc2cccc(-c3nc4ccccc4[nH]3)c2c(=O)[nH]1,CN(C)C=O,441.0
7258,O=[N+]([O-])c1ccc(N/C=C/C=[NH+]c2ccc([N+](=O)[O-])cc2)cc1,CS(C)=O,508.0
5677,CCN(CC)c1ccc2cc(/C=C(\C#N)c3nc4ccccc4s3)c(=O)oc2c1,CCOC(C)=O,576.0
617,CC(C)(C)c1ccc2c(c1)c1cc(C(C)(C)C)ccc1n2-c1cccc(-c2nc(-c3cccc(-n4c5ccc(C(C)(C)C)cc5c5cc(C(C)(C)C)ccc54)c3)nc(-c3cccc(P(=O)(c4ccccc4)c4ccccc4)c3)n2)c1,CC#N,572.1294363
4047,C(=C/c1ccc(N(c2ccccc2)c2ccccc2)cc1)\c1ccc(-c2ccc(/C=C/c3ccc(N(c4ccccc4)c4ccccc4)cc3)cc2)cc1,ClCCl,480.0
10277,CCN(CC)c1ccc2cc(/C=C/C(=O)/C=C(O)/C=C/c3cc4ccc(N(CC)CC)cc4oc3=O)c(=O)oc2c1,CC#N,609.0
5227,CC1(C)CC(/N=C/c2ccc3ccc4cccc5ccc2c3c45)CC(C)(C)N1,CC#N,390.0
6248,Cc1ccc(C2=[N+]3C(=Nc4c5ccccc5c(-c5ccc(C)s5)n4[B-]3(F)F)c3ccccc32)s1,ClCCl,841.0
5955,Cc1cc(C)c(-c2nnc(-c3ccc(-n4c5ccccc5c5ccccc54)cc3)o2)c(C)c1,CCO,435.0
9141,C[Si](C)(C)c1ccc(-c2ccc(-c3ccc(-c4ccc(-c5ccc([Si](C)(C)C)s5)cc4)c4nsnc34)cc2)s1,C1CCOC1,540.0
9417,CC(C)(C)c1ccc2c(c1)c1cc(C(C)(C)C)ccc1n2-c1ccc2oc3nc4oc5cc(C(F)(F)F)ccc5c4cc3c2c1,ClC(Cl)Cl,466.0
6747,c1cc2ccc3[s+]c4ccc5cccc6c7cccc8c(c1)c2c3c(c87)c4c56,ClCCl,643.0
7861,CC1(C)CC(=O)C2=C(C1)Oc1ccc3ccc(O)cc3c1C2c1ccccn1,CCO,344.0
2652,CC1=CC(c2ccc3cc(N(C)C)ccc3c2)=[O+][B-](F)(F)O1,CC(C)=O,492.0
10077,N#Cc1ccc(-c2cn3ccc[n+]3[n-]2)cc1,ClCCl,509.0
11976,C/C(=N\Nc1ccc(C#N)cc1)c1ccccn1,CCCCCC,452.0
745,CCCCN(CCCC)c1ccc(/C=C/c2ccc3nc(/C=C/c4ccc(N(C)C)cc4)c(-c4ccccc4)nc3c2)cc1,C1COCCO1,549.0
3541,CCCCCCC(CCCCCC)n1c(=O)c2c3ccc4cccc5c6cccc7ccc(c2c1=O)c(c76)c3c45,CC(C)=O,514.0
12014,Cc1cc(C)c([B-]2(c3c(C)cc(C)cc3C)[O+]=P(c3ccccc3)(c3ccccc3)c3cc(-c4ccc(N(C)C)cc4)sc3-c3sc(-c4ccc(N(C)C)cc4)cc32)c(C)c1,C1CCOC1,552.0
3745,C[Si]1(C)O[Si](C)(C)c2cc3c(-c4ccccc4)c4ccccc4nc3cc21,ClCCl,502.0
2004,Cc1ccccc1/C(C#N)=C/c1ccc(N(C)C)cc1,CCCCCO,495.0
7731,CCOC(=O)C1=C(C)NC2=C(C(=O)c3ccccc32)C1c1ccc(N(C)C)cc1,ClC(Cl)(Cl)Cl,475.0
4759,CCCCCCCN1C(=CC2=C([O-])C(=CC3=[N+](CCCCCCC)c4ccccc4C3(C)C)C2=C(C#N)C#N)C(C)(C)c2ccccc21,ClC(Cl)Cl,695.0
11721,CCC12C(=C3C(=C4c5ccc(-c6ccc(C(C)=O)s6)cc5S(=O)(=O)C41CC)C(F)(F)C(F)(F)C3(F)F)c1ccc(-c3ccc(C(C)=O)s3)cc1S2(=O)=O,C1COCCO1,560.3950104
3047,COc1cc(/C=C/C2=CC(/C=C/c3ccc(O)c(OC)c3)=[O+][B-](F)(F)O2)ccc1O,CS(C)=O,612.94
11513,Cc1cc(C)cc(NC(=O)c2sc(Br)nc2C)c1,ClC(Cl)Cl,411.5
10857,c1ccc2c(c1)cc(-c1cc(-c3nccs3)nc(-c3nccs3)c1)c1ccccc12,CCCCCC,361.0
1336,CCOC(=O)COc1ccc(/C=C/c2c(CC)c(C)c3n2[B-](F)(F)[N+]2=C(c4[nH]c(C)c(CC)c4C)c4ccccc4C2=C3C)cc1,Cc1ccccc1,709.0
8899,C(#Cc1ccc2ncsc2c1)c1ccc(N(c2ccccc2)c2ccccc2)cc1,Cc1ccccc1,428.0
4607,Cc1c2c(c(C)c3ccccc13)C1=CC3Nc4ccccc4NC3C=C12,ClC(Cl)Cl,502.0
5497,CCCCCCN1C(=O)c2cccc3c(-c4ccc(-c5cc(-c6ccc(C)cc6)n(-c6ccccc6)n5)s4)ccc(c23)C1=O,ClCCl,521.0
6772,Cc1cc(C(F)(F)F)nc2c1ccc1nc(-c3ccc(F)c(F)c3)cn12,CCOC(C)=O,454.0
3095,CN(C)c1ccc(/C=C/c2nc3c4ccccc4c4ccccc4c3[nH]2)cc1,Cc1ccccc1,436.0
8524,CCCCCCC(CCCCCC)N1C(=O)c2cccc3c(-c4ccc(-c5ccc(OC)cc5)cc4)ccc(c23)C1=O,CCCCCCCCCCCO,518.2
3285,Cc1ccc(Nc2ccc(Nc3ccc(C)cc3)c3c2C(=O)c2ccccc2C3=O)cc1,CCO,684.0
11754,c1ccc(-c2nc(-c3ccc(-c4ccc(-n5c6ccccc6c6ccccc65)cc4)cn3)oc2-c2ccccc2)cc1,C1CCOC1,411.0
7293,CCN(CC)c1cccc2c1ccc1c(=O)oc(-c3ccc(C(F)(F)F)cc3)cc12,CC(C)=O,604.0
11487,Fc1ccc(-c2nc3n(c2-c2ccncc2)CCS3)cc1,ClCCl,415.0
3751,C(=C/c1ccc(/C=C/c2c3ccccc3cc3ccccc23)cc1)\c1ccncc1,C1CCOC1,515.0
1313,C1=CSC(=C2SC=C(/C=C/C=C/C=C/C3=CSC(=C4SC=CS4)S3)S2)S1,Cc1ccccc1,685.0
4700,F[B-]1(F)OC(c2ccc(N3CCCCC3)cc2)=Cc2cccc[n+]21,ClC(Cl)Cl,499.0
11893,COc1ccc(C2=[N+]3C(=Nc4c(-c5ccc6ccccc6c5)cc(-c5ccc(OC)cc5)n4[B-]3(F)F)C(c3ccc4ccccc4c3)=C2)cc1,ClCCl,733.0
5721,O=C(O)c1ccccc1Nc1ccccc1,CN(C)C=O,386.0
2903,c1ccc(-p2c3ccccc3c3sc4ccccc4c32)cc1,C1CCCCC1,416.0
11614,Nc1ccc2c(C(F)(F)F)cc(=O)oc2c1,CCC(C)CC,400.0
7336,O=C(N/N=C/c1ccccc1O)c1ccc([N+](=O)[O-])cc1,CCO,430.0
3333,CC(C)CCCCN1CCc2c1ccc1c3c(ccc21)CCCC3=O,C1CCCCC1,507.0
6597,CCN1/C(=C\C2=C([O-])/C(=C/C3=[N+](CC)c4c(ccc5ccc(C)nc45)C3(C)C)C2=O)C(C)(C)c2ccc3ccc(C)nc3c21,CN(C)C=O,705.0
7528,O=[N+]([O-])c1ccc([N+]2=CC3=C(O[B-]2(F)F)c2ccccc2SC3)cc1,ClCCl,575.0
6027,CN(C)c1ccc(C#Cc2ccc(C#N)cc2)cc1,CC(C)O,509.99592
3053,CC(=O)O[B-]1(OC(C)=O)OC(/C=C/c2ccccc2)=CC(/C=C/c2ccccc2)=[O+]1,CC(C)=O,473.0
9085,c1ccc(-c2nc(-c3ccccc3)nc(-n3c4ccccc4c4cc(-n5c6ccccc6c6ccccc65)cc(-n5c6ccccc6c6ccccc65)c43)n2)cc1,C1CCOC1,482.5281804
976,CCC1(CC)c2cc(/C=C/c3cc(Br)c(/C=C/c4ccc5c(c4)C(CC)(CC)c4cc(N6c7ccccc7Sc7ccccc76)ccc4-5)cc3Br)ccc2-c2ccc(N3c4ccccc4Sc4ccccc43)cc21,ClCCl,550.0
6112,COc1ccc(C#Cc2ccc(C#N)cc2)cc1,CCCCCCC,337.0
8370,COC(=O)C(Cc1ccc2oc(-c3ccc4c(c3)c3ccccc3n4-c3ccccc3)nc2c1)NC(=O)OC(C)(C)C,CC(C)=O,379.0032215
653,CN(C)c1ccc(C#Cc2ccc(-c3nc(C#N)c(C#N)n3C)cc2)cc1,CO,489.0
9912,COC(C)CC1=N/C(=C\c2cccc(N(C)C)c2)C(=O)N1C,CCCCCC,495.0
2269,CCOC(=O)CN1C(=O)C2=C(c3ccc(N4CCCCC4)cc3)N(CC(=O)OCC)C(=O)C2=C1c1ccc(C#N)cc1,Cc1ccccc1,603.0
5381,c1cc2ccc1CCCc1cc3c(cc1CCCc1ccc(c4nsnc14)CCC3)CCC2,C1CCCCC1,496.0
8128,C[Si](C)(C)C#CC(C#C[Si](C)(C)C)=Cc1ccc(C=C(C#C[Si](C)(C)C)C#C[Si](C)(C)C)cc1,ClC(Cl)Cl,426.0
7324,CCN(CC)c1ccc2cc(-c3cc(SC)c(C#N)c(=O)o3)c(=O)oc2c1,ClC(Cl)Cl,547.0
8111,COCCOCCOc1cc(C=O)c(OCCOCCOC)cc1C=O,CO,466.0
7159,CN1/C(=C/C=C/C=O)C(C)(C)c2ccccc21,CS(C)=O,460.0
8625,CCC1=C(C)C2=C(C)c3c(I)c(I)cn3[B-](F)(F)[N+]2=C1C,C1CCCCC1,538.5
6182,c1ccc2c(c1)Oc1ccccc1N2c1ccc2c(c1)c1ccccc1n1ccnc21,O=P(c1ccccc1)(c1ccccc1)c1ccccc1Oc1ccccc1P(=O)(c1ccccc1)c1ccccc1,500.0
7826,Cc1ccc(-c2c3nc(c(-c4ccc(C)cc4)c4ccc(s4)c(-c4ccc(C)cc4)c4nc(c(-c5ccc(C)cc5)c5ccc2[nH]5)C=C4)C=C3)cc1,ClCCl,678.0
6821,CCCCCCCCCCCCCCCCOC(=O)c1ccc(N(c2ccccc2)c2ccccc2)cc1,C1CCCCC1,380.0
8122,CN(C)c1cc(C#N)c(N(C)C)c(C#N)c1,CCCCCCCCO,523.2862376
611,COc1ccc2cc(/C=C/C3=C4CCc5ccccc5C4=[O+][B-](F)(F)O3)ccc2c1,ClCCl,564.0
4766,N#Cc1c(-c2cccs2)cc(-c2cccs2)[nH]c1=O,CN(C)C=O,464.0
2114,c1cc2ccc1CCCc1ccc(c3nsnc13)CCC2,CC#N,497.0
4881,COC(=O)c1nc2cnc(N(C)C)nc2n1Cc1ccccc1,C1COCCO1,426.0
5805,CCc1ccc(-n2c3ccccc3c3cc4c(cc32)c2ccccc2n4-c2ccc(CC)cc2)cc1,ClC(Cl)Cl,415.0
12211,CN1C(=O)/C(=C/c2ccncc2)N=C1/C=C/c1ccccc1,C1COCCO1,546.0
8498,Cn1c2nc(=O)[nH]c(=O)c-2nc2ccccc21,CC1CCCO1,489.0
3166,N#Cc1ccc(-c2nc(-c3ccccc3)c3ccccn23)cc1,CC#N,453.0
2602,COc1cccc(-c2[nH]c(=O)n3c2-c2ccccc2C3=O)c1O,CC#N,478.0
7021,C(=C/c1ccnc2ccccc12)\c1ccc(/C=C/c2ccnc3ccccc23)cc1,CS(C)=O,443.0
511,CCCCOc1ccc(/C=C/C=C/C=C/c2ccc([N+](=O)[O-])cc2)cc1,Cc1ccccc1,546.0
11395,Oc1ccc2ccccc2c1C1Nc2cccc3cccc(c23)N1,Cc1ccccc1,468.0
7580,Cc1ccc([C@@H]2C[C@](O)(c3ccccn3)C[C@](O)(c3ccccn3)[C@H]2C(=O)c2ccc(N(c3ccccc3)c3ccccc3)cc2)cc1,CCOC(C)=O,496.0
3015,CC(=O)c1ccc2cc(C#Cc3cn([C@H]4C[C@H](O)[C@@H](CO)O4)c4ncnc(N)c34)ccc2c1,CO,464.0
4441,CCCCC(CC)CN1C(=O)c2cccc3c(C#Cc4ccc(N(c5ccccc5)c5ccc(C#Cc6ccc7c8c(cccc68)C(=O)N(CC(CC)CCCC)C7=O)cc5)cc4)ccc(c23)C1=O,CC#N,549.0
4463,CCCCC#Cc1cccc2cc(CCCC)c3cc(-c4cc[b-]5c(c4)c(CCCC)cc4cccc(C#CCCCC)[n+]54)cc[b-]3[n+]12,C1CCCCC1,598.0
8635,C#CCNC1=C2C(C)=CC(C)=[N+]2[B-](F)(F)n2c(C)cc(C)c21,CC(C)=O,496.0
8074,CCOC(=O)c1cccc(N)c1,CCCCCC,351.4563107
9136,CN(C)c1ccc2c(c1)Cc1ccccc1-2,CCOCC,364.0
8066,COC(=O)/C=C/C=C/c1ccc(N(C)C)cc1,O,435.0
